{"type":"FeatureCollection","frame":{"width":1152,"height":748.8,"y":"down"},"note":"TX congressional plan first used 2026 (38 districts), Dave's Redistricting export, simplified by mapshaper, projected with the shared conus_proj and fitted so TX fills the frame. TX-2022 and TX-2026 share this fit and overlay exactly.","features":[{"type":"Feature","properties":{"st":"TX","district":1,"name":{},"label_x":877.2,"label_y":303.2},"geometry":{"type":"Polygon","coordinates":[[[944.1,381.3],[943.9,381],[943.9,379.7],[943.6,379.5],[944,378.1],[943.4,377.6],[942.9,377.5],[943.1,375.8],[942.8,375.4],[942.7,375],[941.6,375.1],[941.1,374.1],[940.5,374.3],[939.9,373.2],[939.1,373],[938.8,372.4],[939.1,371.9],[939.6,371.5],[939.4,371.1],[939.8,370.6],[939.9,369.5],[941,369.2],[941.5,368.3],[941,368.3],[939.9,368.7],[939.7,367.3],[939.5,366.6],[939,366.5],[938.5,366],[937.7,365.7],[937.7,365.2],[938.3,363.9],[938.3,363.7],[937.4,363.7],[937.7,362.8],[937,362.6],[936.6,362.9],[936.1,362.6],[935.5,362.1],[935,361.9],[935.1,361.5],[935.4,360.9],[936.5,360.2],[936.7,359.4],[937.1,358.8],[935.7,358.8],[935.3,358],[934.6,357.8],[934.3,358.2],[932.9,358.1],[931.8,357.3],[931.8,356.9],[931.2,356.5],[930.8,356],[930.7,355.3],[930,354.1],[929.7,353.2],[930.4,351.9],[930.9,351.6],[930.8,351.1],[930.9,350.5],[930.8,349.7],[930.4,349],[930.5,348.3],[930.8,348.3],[931.4,347.7],[932.1,346.3],[931.9,346],[931.4,346.2],[931.1,345.9],[930.9,344.4],[930.3,344.1],[929.6,343.1],[929.9,342.8],[930.4,341.5],[929.5,340.6],[929.6,340.1],[929.4,339.7],[928.6,339.4],[927.3,338.3],[927.3,337.1],[926.8,336.6],[926.8,336.1],[926.5,336],[926.9,335.2],[925.7,334.8],[926,334],[925.6,333.5],[924.9,333.6],[924.6,333.8],[924,333.6],[924.5,332.8],[924.1,332.3],[923.6,332.5],[922.7,332.5],[922.4,331.6],[921.7,331.8],[921.4,331.5],[921.1,330.5],[920.7,330.2],[920,329.1],[919.6,328.2],[919.1,327.8],[918.9,327.2],[918.3,326.8],[917.8,327.1],[917.5,326.6],[917.3,314.1],[917,302.1],[916.8,293.3],[916.8,291.4],[916.7,287.8],[916.6,283.6],[916.4,272.9],[916.3,268.4],[916.2,263.4],[916,251.3],[915.7,239.9],[915.6,234.8],[915.5,226.5],[915.4,222.1],[914.9,222],[914.4,222.2],[913.7,221.8],[914,221.4],[914.7,221.4],[914.6,221],[914,220.9],[913.3,220.5],[912.6,220.5],[911.5,221.1],[911,221.1],[910.9,222],[910.4,222],[910.3,220.9],[909.8,221.2],[909.2,220.5],[908.7,220.2],[908.7,219.7],[907.4,219.3],[906.8,220.2],[906.3,220.3],[906,220.1],[905.6,220.3],[906,220.7],[906.5,220.5],[906.8,220.6],[907.2,221.4],[906.9,222],[906.1,221.2],[905.6,221.9],[905.1,222.2],[904.6,222.2],[903.8,221.9],[903.7,221.5],[904.2,220.8],[904.5,220.5],[904.6,219.9],[904.1,219.7],[903.4,220.2],[903.4,221.6],[903.5,228.1],[906.1,228.4],[907.3,228.7],[907.3,230.8],[906.7,231.1],[906.5,231.5],[906.5,232.2],[905.1,232.5],[904.7,232.9],[903.6,232.9],[903.6,233.5],[903.3,234.1],[901.4,234],[901.5,233.5],[901.4,232.7],[899.9,232.7],[899.8,232.5],[898.9,232.5],[898.7,232.1],[895.7,232.1],[894.8,232.4],[895.4,233.2],[895.9,235.3],[896,235.6],[896,236.8],[895.7,236.8],[894.9,235.9],[893.8,235.9],[893.7,236.3],[893.9,237.1],[894.4,237.6],[894.6,238.4],[894.3,239.1],[894.3,240.2],[893.7,240.7],[892.3,240.3],[892,239.8],[891.6,240.1],[891,240.3],[890.7,240.8],[890.2,240.6],[889.2,240.7],[888.6,241.7],[888.3,241.5],[887.7,241.8],[887.1,241.8],[886.9,242.2],[886.4,241.9],[886.2,242.7],[885.4,242.9],[885.2,242.3],[884.4,242.5],[883.7,243.1],[882.3,242.7],[881.9,242.4],[881.7,241.7],[881.7,243.1],[881.8,250.1],[881.8,251.4],[881.8,255.9],[881.9,260],[882,267.9],[879.1,268],[879,268.3],[879.1,269.2],[879.5,269.3],[879.5,270.3],[880.2,270.4],[881,271],[879.3,272],[879.4,278.9],[879.5,283.3],[879,282.9],[878.5,283.2],[878,283.1],[877.5,282.6],[876.3,282.8],[872.9,287.5],[869.9,288.8],[865.9,290.5],[864.4,291.2],[863.5,291.2],[862.9,292.3],[862.3,292.6],[861.6,292.3],[861.9,291.5],[861.6,290.6],[861.3,290.7],[861.4,291.3],[860.4,291.6],[860.3,291.2],[859.6,291.1],[859.1,291.2],[858.1,290.9],[858,290.2],[857.5,289.9],[857,290.4],[855.2,290.6],[854.9,290.4],[854.9,289.8],[854.6,289.1],[854.2,289.1],[853.8,289.5],[853.5,290.8],[853.1,290.6],[852.1,290.7],[851.5,290.2],[851.1,289.8],[851,289.2],[850.2,289.4],[849.9,289.8],[849.4,289.8],[848.5,288.8],[847.8,289],[847.1,288.9],[846.9,288.5],[846.4,288.4],[845.5,287.7],[845.1,287.6],[844,286.9],[843.4,286.9],[842.4,286.7],[842.2,287],[840.8,287.2],[840.4,286.9],[839.7,286.9],[839.1,286.6],[838.2,286.8],[836.2,286.6],[835.1,286.3],[834.9,286],[834,285.9],[833.8,285],[833.2,284.3],[832.2,284.1],[832.2,283.6],[831.2,283],[830.5,282.2],[830,282.3],[829.7,281.7],[829.2,281.4],[829.3,289.6],[829.3,295.3],[830.5,296.5],[831.5,297],[832.4,298.5],[833,298.8],[833.3,299.2],[833.7,299.3],[834.6,300.1],[834.5,300.6],[835,301.4],[835.4,301.6],[836.2,302.4],[836.3,302.8],[837.2,302.9],[837.6,303.4],[837.6,304.3],[837.4,304.3],[837.3,305.1],[837,305.5],[837.2,306.6],[837.7,307.7],[837.5,307.8],[837.3,308.8],[837.1,309.2],[836.4,310],[836.5,311],[835.7,311.4],[835.4,311.8],[835.5,312.4],[836.4,313.3],[836.5,313.8],[836.8,314],[836.8,314.5],[835.9,317.4],[836,317.8],[836.5,317.9],[837,318.5],[836.9,319.3],[837.2,320],[837.8,320.4],[838.7,321.4],[838.9,321.9],[838.7,322.8],[838.3,323],[838.6,323.6],[838.5,324],[839.2,324.3],[839.2,324.8],[838.5,324.9],[838.3,325.2],[839.1,326.3],[838.8,327],[837.8,327.7],[837.6,328.5],[837.7,329.7],[838,330],[837.5,330.3],[837.9,331.2],[838.5,331.9],[839.1,332.3],[839.2,332.6],[838.8,333.4],[838.9,334],[838.4,334.2],[838.7,334.8],[838.7,335.4],[838.5,336.5],[838.1,336.9],[837.9,337.8],[838.8,338.4],[839.1,338.3],[839.7,338.6],[839.8,339.2],[840.3,339.6],[840.5,340.1],[840.4,340.9],[840.8,341.5],[840.7,343.1],[841,343.7],[841.6,344.2],[842.7,344.2],[843,344.5],[842.2,345.2],[842.5,345.9],[843.2,345.9],[843.6,345.5],[844.1,345.3],[844.4,345.9],[843.9,346.3],[844.1,346.6],[844.7,346.6],[844.9,347],[844.8,347.5],[845.7,347.3],[845.6,347.9],[846.1,348.5],[846.9,348.8],[847.3,349.5],[847.3,350.2],[847.7,350.6],[847.1,351.4],[847.4,351.9],[847.4,352.7],[848.3,352.8],[848.7,353.9],[847.9,354.9],[848.3,355.5],[848.9,356],[850.4,356.2],[850.6,355.9],[851.6,356.3],[852.2,356.2],[852.6,355.9],[853.2,355.7],[853.4,355.4],[854.2,355.9],[854.3,356.2],[855,356.5],[855.3,358.4],[855.8,358.4],[856.4,358.6],[857.3,359.2],[857.8,359.8],[858.2,360.9],[857.3,361.8],[857.8,363.1],[858.5,363.3],[858.9,363.2],[860.1,363.2],[860.6,363.8],[860.6,364.2],[861.1,364.7],[861.3,364.6],[862.2,364.9],[863.2,364.7],[862.9,365.2],[863.4,366],[864.4,365.1],[871.2,359.1],[871.5,359.9],[871.8,360.2],[873,360.8],[873.6,361.8],[874.5,361.6],[875.1,361.8],[875.7,362.3],[876.1,362.1],[876.7,362.5],[877,362.9],[877.7,362.8],[879.1,363.7],[880.5,363.7],[880.8,364],[881.5,364.1],[882.8,363.5],[883,364],[884.1,364.5],[884.6,364.5],[885.1,364.8],[885.8,364.6],[886.2,364.7],[886.5,364.2],[887.4,364.5],[887.5,365.2],[888.4,365.2],[889,365],[889.6,365.8],[889.9,366.7],[889.8,367.1],[890.1,367.5],[891.2,367.2],[891.3,366.7],[892.1,366.6],[892.8,367.4],[893.2,368.1],[893.7,368.2],[894.1,368.8],[894.1,369.6],[894.7,370.7],[894.7,371.4],[895.2,372],[895.2,372.6],[895.9,373.2],[897.1,373.4],[898.4,374],[898.9,374.6],[898.8,375.1],[899.6,376.2],[900.2,376.6],[900.8,377.6],[901.1,377.8],[901.9,379.1],[902.3,378.9],[903.1,379],[903.2,379.4],[904.2,380],[904.6,380.5],[904.9,380.4],[905.6,380.8],[905.9,381.2],[905.9,381.6],[906.4,381.8],[906.9,381.6],[907.1,382.1],[907.5,382],[908.6,382.3],[908.6,382.9],[909.5,383.6],[909.3,383.9],[910.3,384.9],[911.9,385.7],[912.3,386.1],[912.8,386.2],[913.8,387.2],[918.2,386.1],[918.7,385.8],[919,385],[919,384.7],[926.3,383],[936.4,382],[944.1,381.3]]]}},{"type":"Feature","properties":{"st":"TX","district":2,"name":{},"label_x":847.7,"label_y":454.7},"geometry":{"type":"Polygon","coordinates":[[[829.8,452.9],[830.3,452.7],[830.6,452.1],[831.1,451.7],[831.1,453.2],[831.8,453.1],[831.8,452.8],[835.2,452.7],[835.1,453.9],[835.1,455.4],[835.2,456],[835.7,456.3],[835.7,458],[836.2,459.2],[835.1,459.9],[835.1,460.4],[835.7,461],[835.3,461.3],[834.4,461.5],[833.1,462.6],[832.3,462.4],[832,462.8],[831.6,463],[830.9,462.7],[830.6,462.8],[830.2,464.1],[830.6,464.1],[830.6,468],[831.9,468.1],[832.6,468.6],[832.7,469.7],[833.3,469.8],[833.4,470.4],[834.6,470.2],[835.1,470.3],[835.1,469.5],[835.9,469.3],[835.8,468.6],[836.7,468.6],[836.7,467.8],[835.9,467.3],[835.8,467.6],[835,467.6],[833.8,465.2],[834.3,465.2],[835,464.8],[834.7,464.4],[835.1,464.1],[834.7,463.3],[837.6,461.4],[836.9,460.3],[837.4,460.1],[837.7,459.5],[838.8,459.4],[838.9,459.6],[840.3,459.4],[840.7,459.5],[842,459.4],[842.3,459.1],[841.8,458.2],[842.7,457.5],[843.3,457.6],[843.9,458],[844.4,458.8],[843.8,459.5],[844.4,460],[845.3,459.8],[845.9,459.8],[846.1,459.5],[847.5,460],[848.1,459.8],[849.2,459.7],[850,458.9],[849.8,459.7],[849.6,459.7],[849,461.5],[848.1,461.5],[848.1,461.7],[848.9,461.7],[848.1,464.1],[848.8,464.1],[849.1,464.8],[850.2,464.3],[850.2,463.1],[850.3,462.1],[850.6,461.8],[852.2,461.8],[852.3,464.7],[853.4,465.5],[852.7,466.3],[853,466.8],[854,466.8],[854.3,466.6],[854.4,465.8],[854.8,466],[856,465.8],[855.7,465],[857.1,463.2],[857,462.6],[858.2,462.5],[858.9,458.8],[859.1,458.5],[859,457.9],[860.9,457.8],[861.3,457.6],[858.7,449.9],[856.7,444.2],[854.7,438.6],[852.9,439.6],[851.3,440.4],[851.1,440.9],[851.2,442.7],[850.6,444.4],[849,444.8],[847.5,444.4],[846.9,444.4],[846.3,444.6],[847,445.5],[847.1,446.3],[846.9,446.4],[845.9,446.4],[845.7,445.8],[845.3,446],[845.4,446.5],[843.5,446.5],[843.7,447.6],[843.3,447.6],[842.5,447.4],[841.5,447.5],[840.9,447.5],[840.3,446.8],[839.7,446.8],[839.7,446.3],[838.1,445.2],[838.1,445.5],[837.3,445.3],[836.3,444.7],[836,444],[835.5,443.9],[835.1,443.6],[834.4,443.5],[833.8,444.1],[832.7,444.6],[832,444.8],[831.6,444.6],[830.8,444.9],[830.8,445.3],[831.5,446.1],[831.4,447.6],[830.9,448.1],[830.3,448.9],[829.6,450.2],[829.8,450.6],[829.8,452.9]]]}},{"type":"Feature","properties":{"st":"TX","district":3,"name":{},"label_x":823.6,"label_y":247.7},"geometry":{"type":"Polygon","coordinates":[[[766.7,259.9],[768.2,260],[768.8,260.4],[769.1,259.9],[771.9,259.9],[772,261.3],[777.2,261.4],[782.2,261.5],[784.1,261.5],[791,261.6],[791.9,261.2],[794.9,259.1],[795.3,258.8],[796.4,257.4],[799.6,257.5],[801.2,257.8],[803.7,257.9],[803.9,258.3],[804.4,258.4],[804.9,259],[805.4,259.5],[806.4,259.3],[807.7,258.8],[808.7,259.6],[810.2,260.1],[810.2,261.1],[810.7,261.7],[813.4,261.7],[818.4,261.7],[820.4,261.7],[822.6,261.7],[825,261.7],[825.2,263],[838.1,262.8],[845.3,262.7],[852.8,262.7],[852.9,262],[853.4,261.5],[853.4,260.6],[854,259.7],[853.9,259.3],[854.2,258.7],[855.6,257.7],[856.1,258],[856.7,257.9],[857.4,257.2],[858,256.9],[858.5,256.4],[859,256.4],[859.4,255.9],[859.7,255.8],[860,255.4],[861.6,254.9],[862,255.3],[862.3,255],[863.1,255.1],[863.6,254.8],[863.8,255.1],[864.7,255.2],[865.5,255],[866,255],[866.5,255.3],[866.8,256.6],[867.1,257],[867.7,257],[868,257.5],[868.7,258],[868.6,258.3],[869.4,258.7],[869.8,259],[870.3,259],[870.3,259.7],[871.1,260.3],[871.7,260.5],[872.5,261.1],[872.8,261.6],[873.9,262.5],[874.3,262.5],[874.5,262.9],[875.1,263.5],[875.3,263.9],[875.4,264.8],[876.2,265.4],[877.2,265.4],[877.8,265.7],[878.1,266.5],[878.9,266.9],[879.1,267.3],[879.1,268],[882,267.9],[881.9,260],[881.8,255.9],[881.8,251.4],[881.8,250.1],[881.7,243.1],[881.7,241.7],[881.3,240.9],[880.4,240.5],[880.2,240.1],[879.7,240.1],[879.5,239.1],[878.8,238.8],[878.2,238.8],[877.7,239.2],[877.3,239.1],[876.8,237.9],[876.5,237.7],[876.1,238.4],[875.4,238.1],[874.8,238.5],[874.3,238.1],[874.7,237.6],[874.1,237.1],[874.2,236.8],[873.6,236.2],[873.9,236],[873.3,235.3],[872.5,235.3],[872.7,234.6],[871.7,234.2],[871.2,234.1],[870.4,234.3],[870.2,234.6],[869.5,234.1],[869.5,233.8],[869.1,233.4],[868.4,233.4],[867.3,233.9],[866.8,233.9],[866.3,234.1],[864.7,233.5],[864.1,233.9],[863.1,233.8],[861.9,233.4],[861.2,233.7],[861.1,234.4],[859.1,234.1],[859,233.7],[858.5,233.7],[858.1,234.1],[857.1,233.4],[856.4,233.6],[856.1,233.9],[855.3,233.9],[854.7,234.1],[854.2,234.1],[854.1,234.4],[852.9,234.2],[852.7,234.6],[851.8,234.6],[851.6,235],[851,234.5],[849.8,234.7],[849.4,235.2],[848.2,235.2],[847.9,235.4],[847.4,235.1],[845.8,234.6],[845.5,234.4],[845,234.7],[844.5,234.5],[843.9,234.6],[843.1,234],[842.5,234.2],[841.9,233.7],[841.4,233.8],[841,233.4],[840.1,233.2],[839.9,232.6],[838.6,232.2],[838,231.5],[837.6,231.3],[837.1,231],[836.3,231],[835.8,230.1],[835.3,229.8],[834.7,229.7],[834.2,230.4],[832.8,230.2],[832.5,229.8],[831.7,229.3],[831.5,228.8],[830.8,228.2],[829.7,228.7],[829.1,228.5],[829.1,227.9],[828.7,227.7],[828.2,227.8],[827.5,227.5],[826.7,227.8],[826.3,227.5],[824.7,228.5],[824.2,228.5],[823.8,228.2],[823.2,228.2],[822.7,227.5],[821.6,227.7],[820.7,227.1],[820.1,227.2],[819.4,227],[818.2,227.6],[817.7,228.1],[817.1,228.3],[816.5,229.1],[815.9,229.4],[814.8,229.5],[814.3,229.2],[814.3,232.7],[805.7,234.1],[792.3,236.2],[787.9,236.9],[784.9,237.3],[785,233.5],[775.6,233.3],[771.4,233.2],[765.8,233],[766.2,235],[766,235.7],[766.1,236.1],[766.6,236.4],[766.5,237.6],[765.7,237.6],[765.6,238.5],[765.5,240.4],[765.6,242.5],[765.5,243.1],[765.4,245.5],[763.5,245.5],[763.5,246.9],[763.8,247.4],[763.4,247.9],[764.9,248],[764.9,247.5],[765.4,247.5],[765.3,254],[765.2,254.3],[765.1,255.4],[766.4,255.4],[766.7,255.5],[766.6,256.8],[766.4,257.1],[766.9,257.7],[766.7,258.3],[766.7,259.9]]]}},{"type":"Feature","properties":{"st":"TX","district":4,"name":{},"label_x":866.7,"label_y":228.2},"geometry":{"type":"Polygon","coordinates":[[[903.4,220.2],[902.9,220.8],[902.6,221.6],[902.3,221.9],[901.7,221.9],[901.6,221.2],[902,220.8],[902,220.3],[901.5,220.3],[900.9,221],[900.5,222.3],[900,222.5],[899.3,222.2],[898.9,221.3],[898.5,221.3],[898.1,221.7],[898.4,222.4],[898.1,222.9],[897.2,222.8],[896.5,222.9],[896.1,222.8],[895.4,221.9],[895.7,221.4],[896,221.5],[896.6,221.1],[896.7,220.6],[896.3,220.4],[895.6,221.1],[894.8,221.3],[893.9,219.9],[893.3,219.6],[892.5,219.7],[892.1,219.2],[891.6,219.2],[891.6,218.7],[892.4,218.1],[892.5,217.7],[892,217.5],[892,217.1],[892.7,216.9],[892.7,216.3],[892.1,216.2],[891.7,216.8],[891.1,216.6],[890.3,216.8],[890.5,217.4],[889.6,217.9],[889.2,217.7],[888.7,218.1],[888.3,218.2],[887.9,217.8],[888,217.4],[888.7,216.9],[888.3,216.5],[887.5,216.8],[886.9,217.4],[886,217.4],[886,216.8],[887.3,216.2],[887.5,215.6],[887.1,215.2],[885.9,215.8],[885.4,216.3],[885,215.9],[885.6,215.3],[886.2,215.1],[886.3,214.6],[885.3,214.8],[885.3,214],[884.9,213.5],[884.6,214.9],[884.2,215.1],[883.6,214.6],[883.3,213.9],[882.7,213.8],[882.5,214.4],[882.1,215.1],[881.2,215.3],[880.3,214.9],[880.5,214.5],[880.9,214.3],[881.4,214.6],[881.7,214.4],[881.4,213.6],[880.6,213],[880.2,213.1],[879.5,213.7],[878.6,213.5],[877.6,213.4],[877.8,212.9],[878.4,212.9],[878.3,212.2],[876.9,211.6],[876.8,212.1],[877.6,212.4],[877.8,213],[877.6,213.4],[876.6,213.2],[876.4,212.7],[875.8,212.4],[875.7,212],[876.6,211.6],[876.8,211.2],[876.6,210.9],[876.2,211.1],[876.1,211.7],[875.4,211.5],[876,211],[875.8,210.4],[875.3,210.9],[874.6,210.9],[874,210.7],[873.7,210.3],[874.4,209.6],[875.2,209.6],[875.4,208.9],[874.6,208.6],[874.4,208.9],[874.2,209.7],[873.2,210.2],[872.9,210.5],[872.4,210.4],[872.1,210.1],[872.4,209.3],[872.1,209.1],[872.1,208.4],[871.7,208.1],[871.3,208.8],[871.8,209.5],[871.5,210],[870.7,210.1],[869.7,210],[868.8,209.3],[869.3,208.6],[869.3,208.2],[868.9,208.2],[868.8,208.9],[868.2,208.1],[867.6,208.2],[866.8,207.5],[866.2,206.5],[866.5,205.5],[866.8,205.1],[866.6,204.4],[866,204.3],[866.2,205.5],[865.3,205.7],[864.8,205.5],[864.5,205],[865,204.1],[864.5,203.7],[863.9,203.6],[863.6,202],[863.2,202.1],[862.8,202.6],[862.3,202.6],[862,202],[861.7,201.9],[861.2,202.2],[859.8,202.1],[859.2,201.8],[859.1,200.9],[858.6,200.3],[858.5,199.3],[857.9,199.2],[858.3,198.5],[857.7,198.4],[857.5,199.1],[857.4,200.4],[857.3,200.8],[856.9,200.7],[856.3,199.9],[856.3,199.6],[857.4,198.8],[857.6,198.5],[857.3,198],[856.9,198.5],[855.2,199.2],[854.7,198.8],[854.5,198.4],[855.1,197.7],[855.1,197.3],[854.6,197],[854.1,197.1],[853.1,197],[852.3,196.3],[850.8,195.9],[849.8,195.3],[849,195.4],[848.9,196.1],[848.2,196.5],[847.9,197.1],[848.1,198.5],[848.1,199.1],[847.8,199.9],[847.4,200.3],[847.1,199.9],[847.1,198.9],[846.5,198.8],[846,199.3],[846.4,200.2],[846.3,201.2],[845.6,201.4],[844.9,201.2],[844.5,200.8],[843.8,200.5],[843.1,201.3],[841.7,201.8],[840.3,201.7],[839.8,201.9],[839.1,201.9],[838.1,201.6],[837.3,201.8],[836.2,201.4],[836.4,200.5],[835.8,200.8],[834.6,201.3],[833.8,201.2],[833.8,200],[833.5,199.8],[833.1,200.3],[832.3,200.9],[831.7,200.9],[831.3,200.3],[831.5,199.6],[831.2,198],[830.9,197.6],[830.4,197.3],[829.6,197.3],[829.1,196.8],[828.7,196.8],[828.6,197.4],[828.3,197.7],[827.7,197.8],[827.2,198.6],[827.1,199.1],[826.5,199.3],[825.3,198.9],[825,199],[824.2,200],[823.7,200.4],[822.4,200.6],[821.2,199.9],[820.3,199.9],[819.9,200.2],[819.6,200.9],[819.6,201.5],[820.2,202.3],[820,202.9],[819.2,203.4],[817.8,202.4],[817.3,202.3],[816.6,202.4],[816.3,202.8],[816.5,203.5],[815.8,204.1],[815.4,204],[814.8,203.6],[814.4,203.1],[813.8,203],[812.6,202],[812.2,201.9],[810.6,200.7],[810.2,200.8],[809.7,202.2],[809.3,202.4],[807.7,202.7],[807.2,202.9],[807.2,202],[806.2,201.5],[806.2,201.8],[806.7,202.2],[806.5,203],[806.1,203.4],[805.3,203.7],[805.3,202.8],[804.9,202.5],[804.7,203.1],[804.3,203.7],[803.7,204],[801.7,203.3],[800.8,203.3],[801,203.9],[800.9,204.4],[800.3,204.2],[799.6,203.7],[799.1,203.9],[798.7,203.8],[798.1,203.9],[798,204.3],[798,205.3],[797.2,205.2],[796.6,205.5],[796.7,206.3],[797.5,205.6],[797.2,207.7],[797,208.5],[796.4,209.1],[795.5,209.6],[794.2,210],[793.6,209.9],[793.3,209.6],[792.3,209],[791.8,208.6],[791,208.4],[790.3,208.4],[790,208.6],[789.4,210.1],[789.3,210.8],[789.4,211.6],[789.2,212.4],[788.7,213.4],[788,213.6],[787.1,214.1],[786.4,213.8],[785.8,211.9],[785.1,211.1],[783.8,209.8],[783.4,209.2],[783.1,208.3],[782.5,207.8],[781.4,207.7],[781.1,208],[780.4,208],[779.3,208.2],[778.6,208.2],[778.2,207.8],[777.7,207.1],[777.7,205.9],[777.3,205],[776.9,204.8],[775.9,205],[774.6,205],[773.8,204.4],[773.1,204],[771.8,203.5],[771.5,203.2],[771.5,202.8],[772.5,201.6],[773.3,201.2],[773.7,200.9],[774,200.3],[773.6,199.9],[771.6,199.9],[769.8,198.4],[769.4,198.4],[769.1,198.7],[768.6,199.9],[768.6,201.1],[768.4,202],[768.1,202.9],[767.3,203.9],[766.8,204.2],[765.1,204.5],[764.1,204.6],[763.7,204.4],[763.3,203.4],[763.2,202.3],[763,202],[762.4,201.6],[761.3,201.3],[760.3,201.2],[759.8,201.6],[759.7,202.6],[759.2,203],[758.3,202.6],[757.4,201.6],[756.8,199.7],[756.7,198.5],[756.6,197.2],[756.3,196.2],[755.6,195.5],[755.2,195.4],[754.1,196.1],[754,201.1],[754,207.6],[753.9,218.1],[753.8,226.8],[753.8,232],[757.6,232.3],[759.5,232.3],[759.5,232.8],[759.9,232.8],[759.6,242.9],[759.3,243.4],[758.3,243.4],[758.3,244.6],[757.2,244.9],[756.8,245.3],[756.8,246.4],[757.2,246.5],[756.8,247.3],[756.8,248.1],[757.1,248.1],[757,249.1],[756.1,249.7],[755.4,249.7],[755.2,250.6],[754.8,250.6],[754.9,251.3],[755.3,251.2],[755.7,251.4],[755.7,252],[756.5,252.2],[756.6,253.1],[757.7,253],[758.2,252.8],[758.6,253],[758.4,254],[758.5,254.7],[759.3,254.4],[759.1,261],[764,261.1],[764,260.2],[764.7,259.9],[766.7,259.9],[766.7,258.3],[766.9,257.7],[766.4,257.1],[766.6,256.8],[766.7,255.5],[766.4,255.4],[765.1,255.4],[765.2,254.3],[765.3,254],[765.4,247.5],[764.9,247.5],[764.9,248],[763.4,247.9],[763.8,247.4],[763.5,246.9],[763.5,245.5],[765.4,245.5],[765.5,243.1],[765.6,242.5],[765.5,240.4],[765.6,238.5],[765.7,237.6],[766.5,237.6],[766.6,236.4],[766.1,236.1],[766,235.7],[766.2,235],[765.8,233],[771.4,233.2],[775.6,233.3],[785,233.5],[784.9,237.3],[787.9,236.9],[792.3,236.2],[805.7,234.1],[814.3,232.7],[814.3,229.2],[814.8,229.5],[815.9,229.4],[816.5,229.1],[817.1,228.3],[817.7,228.1],[818.2,227.6],[819.4,227],[820.1,227.2],[820.7,227.1],[821.6,227.7],[822.7,227.5],[823.2,228.2],[823.8,228.2],[824.2,228.5],[824.7,228.5],[826.3,227.5],[826.7,227.8],[827.5,227.5],[828.2,227.8],[828.7,227.7],[829.1,227.9],[829.1,228.5],[829.7,228.7],[830.8,228.2],[831.5,228.8],[831.7,229.3],[832.5,229.8],[832.8,230.2],[834.2,230.4],[834.7,229.7],[835.3,229.8],[835.8,230.1],[836.3,231],[837.1,231],[837.6,231.3],[838,231.5],[838.6,232.2],[839.9,232.6],[840.1,233.2],[841,233.4],[841.4,233.8],[841.9,233.7],[842.5,234.2],[843.1,234],[843.9,234.6],[844.5,234.5],[845,234.7],[845.5,234.4],[845.8,234.6],[847.4,235.1],[847.9,235.4],[848.2,235.2],[849.4,235.2],[849.8,234.7],[851,234.5],[851.6,235],[851.8,234.6],[852.7,234.6],[852.9,234.2],[854.1,234.4],[854.2,234.1],[854.7,234.1],[855.3,233.9],[856.1,233.9],[856.4,233.6],[857.1,233.4],[858.1,234.1],[858.5,233.7],[859,233.7],[859.1,234.1],[861.1,234.4],[861.2,233.7],[861.9,233.4],[863.1,233.8],[864.1,233.9],[864.7,233.5],[866.3,234.1],[866.8,233.9],[867.3,233.9],[868.4,233.4],[869.1,233.4],[869.5,233.8],[869.5,234.1],[870.2,234.6],[870.4,234.3],[871.2,234.1],[871.7,234.2],[872.7,234.6],[872.5,235.3],[873.3,235.3],[873.9,236],[873.6,236.2],[874.2,236.8],[874.1,237.1],[874.7,237.6],[874.3,238.1],[874.8,238.5],[875.4,238.1],[876.1,238.4],[876.5,237.7],[876.8,237.9],[877.3,239.1],[877.7,239.2],[878.2,238.8],[878.8,238.8],[879.5,239.1],[879.7,240.1],[880.2,240.1],[880.4,240.5],[881.3,240.9],[881.7,241.7],[881.9,242.4],[882.3,242.7],[883.7,243.1],[884.4,242.5],[885.2,242.3],[885.4,242.9],[886.2,242.7],[886.4,241.9],[886.9,242.2],[887.1,241.8],[887.7,241.8],[888.3,241.5],[888.6,241.7],[889.2,240.7],[890.2,240.6],[890.7,240.8],[891,240.3],[891.6,240.1],[892,239.8],[892.3,240.3],[893.7,240.7],[894.3,240.2],[894.3,239.1],[894.6,238.4],[894.4,237.6],[893.9,237.1],[893.7,236.3],[893.8,235.9],[894.9,235.9],[895.7,236.8],[896,236.8],[896,235.6],[895.9,235.3],[895.4,233.2],[894.8,232.4],[895.7,232.1],[898.7,232.1],[898.9,232.5],[899.8,232.5],[899.9,232.7],[901.4,232.7],[901.5,233.5],[901.4,234],[903.3,234.1],[903.6,233.5],[903.6,232.9],[904.7,232.9],[905.1,232.5],[906.5,232.2],[906.5,231.5],[906.7,231.1],[907.3,230.8],[907.3,228.7],[906.1,228.4],[903.5,228.1],[903.4,221.6],[903.4,220.2]]]}},{"type":"Feature","properties":{"st":"TX","district":5,"name":{},"label_x":817.2,"label_y":313.5},"geometry":{"type":"Polygon","coordinates":[[[776.6,290.9],[776.6,291.2],[777.3,291.8],[778,292.4],[777.6,293.4],[777.9,294.1],[777.6,295.2],[778.1,295.9],[778.5,296.2],[778.5,296.9],[778.9,297.3],[779.5,298.4],[780.6,299.1],[781,299.2],[781.8,300.1],[781.6,300.7],[781.9,301.4],[781.1,302.4],[781.3,302.8],[780.7,303.3],[780.7,303.9],[780.9,304.4],[781.7,304.4],[782,304.9],[782.9,305.1],[783.3,305.5],[783.8,305.5],[784.3,305.2],[785.2,305.8],[785.6,306.3],[786,306.3],[786.4,306.7],[787.7,307.2],[788.1,307.1],[788.9,307.5],[789.2,307.3],[789.6,307.6],[790.3,308.9],[790.3,309.9],[790.9,310.7],[791.4,310.7],[791.9,311.2],[792.3,310.8],[793.2,310.8],[793.4,311.8],[794.1,312],[794.2,312.6],[795.7,314.1],[796.4,314],[797.6,313.2],[798.1,313.7],[797.4,313.9],[797.6,314.5],[796.4,315.5],[796.5,316],[797,316.5],[796.9,317],[797.4,317.3],[797.8,317],[798.2,317.4],[799,317.4],[800,317.1],[800.5,317.4],[800.6,318.1],[800.4,318.6],[799.9,319.2],[800.1,319.9],[799.8,320.7],[799.7,321.3],[800.2,321.9],[800.2,322.5],[800.7,322.2],[801.8,322.2],[802.7,321.9],[802.8,322.5],[802.5,323.2],[802.8,324.2],[802.6,325.1],[802.9,325.9],[803.4,326.4],[803.3,326.8],[803.6,327.9],[802.7,329],[803.4,330.1],[802.9,330.4],[803.3,331.2],[803.9,331],[804.3,331.2],[804.8,330.5],[805.1,330.5],[805.2,331],[805.6,331.3],[805.2,331.8],[806.1,332.8],[805.7,333.6],[805.3,334.2],[804.9,335.3],[804.8,335.9],[805.4,336.3],[806,335.7],[806.1,336.3],[806.7,336.7],[807,336.3],[807.7,335.9],[807.5,336.9],[807.1,337.2],[806.7,338.2],[807.7,338.9],[807.8,339.7],[807.9,339.9],[807.8,341],[807.4,341.8],[808.5,341.8],[809.1,342.7],[810.4,343],[810.7,343.4],[812.2,343.4],[812.4,343.9],[813.5,344.1],[813.6,344.7],[813.3,345.1],[813.8,345.3],[814,346.6],[813.5,346.7],[813.2,347.6],[813.7,348.3],[814.3,348.7],[814.7,348.1],[815.8,348.2],[816.4,348.7],[816.7,348.7],[817.2,349.6],[817.5,349.8],[818.1,349.5],[818.3,348.6],[819,348.9],[818.4,349.7],[818.2,350.5],[818.4,351.5],[818,352.4],[818.5,352.8],[818.5,353.3],[818.7,353.8],[819.1,354.4],[819.6,354.7],[820.5,354.1],[820.7,353.4],[820.3,351.6],[820.4,351.3],[821.5,350.9],[822.5,352.4],[822.9,353.5],[822.9,354.3],[822.4,355.1],[822.3,355.5],[821.9,355.7],[822.5,356.4],[822.5,357.7],[822.1,357.6],[821.6,357.8],[821.1,357.6],[820.6,357.8],[820.4,358.2],[820.6,358.6],[820.3,359.2],[821.4,360],[821.6,360.7],[821.3,361],[826.6,359.5],[826.3,358.5],[831.3,357.6],[837.1,356.6],[842.1,355.8],[842.6,355.7],[847.9,354.9],[848.7,353.9],[848.3,352.8],[847.4,352.7],[847.4,351.9],[847.1,351.4],[847.7,350.6],[847.3,350.2],[847.3,349.5],[846.9,348.8],[846.1,348.5],[845.6,347.9],[845.7,347.3],[844.8,347.5],[844.9,347],[844.7,346.6],[844.1,346.6],[843.9,346.3],[844.4,345.9],[844.1,345.3],[843.6,345.5],[843.2,345.9],[842.5,345.9],[842.2,345.2],[843,344.5],[842.7,344.2],[841.6,344.2],[841,343.7],[840.7,343.1],[840.8,341.5],[840.4,340.9],[840.5,340.1],[840.3,339.6],[839.8,339.2],[839.7,338.6],[839.1,338.3],[838.8,338.4],[837.9,337.8],[838.1,336.9],[838.5,336.5],[838.7,335.4],[838.7,334.8],[838.4,334.2],[838.9,334],[838.8,333.4],[839.2,332.6],[839.1,332.3],[838.5,331.9],[837.9,331.2],[837.5,330.3],[838,330],[837.7,329.7],[837.6,328.5],[837.8,327.7],[838.8,327],[839.1,326.3],[838.3,325.2],[838.5,324.9],[839.2,324.8],[839.2,324.3],[838.5,324],[838.6,323.6],[838.3,323],[838.7,322.8],[838.9,321.9],[838.7,321.4],[837.8,320.4],[837.2,320],[836.9,319.3],[837,318.5],[836.5,317.9],[836,317.8],[835.9,317.4],[836.8,314.5],[836.8,314],[836.5,313.8],[836.4,313.3],[835.5,312.4],[835.4,311.8],[835.7,311.4],[836.5,311],[836.4,310],[837.1,309.2],[837.3,308.8],[837.5,307.8],[837.7,307.7],[837.2,306.6],[837,305.5],[837.3,305.1],[837.4,304.3],[837.6,304.3],[837.6,303.4],[837.2,302.9],[836.3,302.8],[836.2,302.4],[835.4,301.6],[835,301.4],[834.5,300.6],[834.6,300.1],[833.7,299.3],[833.3,299.2],[833,298.8],[832.4,298.5],[831.5,297],[830.5,296.5],[829.3,295.3],[829.3,289.6],[829.2,281.4],[829.2,281.2],[828.5,280.3],[827.4,279.9],[827.2,279.4],[826.2,279.2],[825.6,279.8],[824.8,279.3],[824.4,278.6],[824.1,278.7],[823.8,278],[823.1,277.7],[821.5,277.3],[821.4,277],[819.7,276.5],[819.6,275.7],[818.6,275.8],[818,275.4],[817.6,275.6],[817.2,276],[816.5,276],[815.7,275.7],[815.2,275.9],[814.7,275.7],[814.4,275.3],[814.1,275.4],[813.3,274.4],[812.6,274.2],[812.1,273.7],[811.1,273.1],[810.6,272.3],[810.6,271.9],[810.1,271.3],[802.1,271.2],[793.4,271],[789.7,271],[789.7,272.8],[784.8,272.8],[778.9,272.9],[777.2,272.8],[777.3,265.9],[776.4,266.4],[774,266.5],[772.1,266.3],[771.3,266.4],[766.9,266.3],[766,267],[765.3,266.8],[764.8,267.4],[764.1,267.4],[763.6,267],[763.1,267],[762.6,267.3],[763.2,267.6],[763.1,269.8],[763.1,270.2],[764.1,270.2],[764.1,270.7],[763.1,271],[763.1,271.5],[764.1,271.9],[764.2,272.8],[764.6,272.6],[765.4,272.9],[765.8,272.6],[766,271.1],[765.7,270.5],[765.9,269.9],[766.4,269.4],[767.1,269.4],[767.1,268.4],[767.7,268.4],[768.3,268.9],[768.7,269],[770.1,270],[770.7,270.8],[770.5,271],[769.4,271.4],[769.4,272.3],[769,272.7],[769,273.2],[768.5,273.2],[768.5,273.8],[768,274.2],[768.5,274.5],[770.2,276.2],[770.5,276.7],[770.4,277.2],[771.4,277.2],[771.5,278.1],[771.9,278.1],[772,277.4],[772.6,277.3],[772.7,278.5],[773.3,278.8],[774,279.5],[773.8,280],[774.2,280.4],[774.7,280.4],[775.1,281],[774.7,281.7],[774,281.8],[773.1,282.7],[773.2,283.2],[773.6,283.7],[772.8,284.7],[771.4,286],[771.6,286.4],[772.9,286.8],[773.2,286.8],[773.3,287.4],[773.7,288.7],[774,289.2],[774.5,289.5],[774.7,290.2],[775.3,290.3],[775.9,290.9],[776.6,290.9]]]}},{"type":"Feature","properties":{"st":"TX","district":6,"name":{},"label_x":755.5,"label_y":304.1},"geometry":{"type":"Polygon","coordinates":[[[748.3,270.9],[748.2,274.9],[746.7,274.9],[746.6,276.9],[745.9,277],[745.5,277.4],[744.7,277.6],[743.2,277.6],[742.4,277.8],[740.4,278],[739,278.3],[738.6,278.4],[739.3,279],[738.7,279.3],[738.9,280.3],[738.8,280.8],[738.2,280.8],[737.8,281.1],[737.9,282.2],[736.7,282.3],[736.3,282.6],[736.4,283.2],[736.1,283.7],[736.4,284],[736.4,284.7],[735.6,285.4],[735.6,286.1],[735.1,286.6],[734,286.5],[734,287],[733.6,287],[733.5,288.2],[733.7,288.5],[733.2,289],[733,289.4],[733.9,289.5],[733.8,290],[732,290],[731.4,290.7],[728.8,294.1],[728.3,295.5],[728.2,297.7],[728.4,298.5],[728.6,298.8],[728.6,299.7],[728.9,300],[728.9,301.2],[728.8,301.4],[728.1,301.5],[728.1,302.7],[728.3,303.9],[728.2,304.4],[728.4,305.1],[729,304.7],[728.8,304.2],[729.8,303.9],[731.4,304.5],[732,304.5],[733.6,305.5],[734.3,305.8],[735.8,307],[736.5,307.3],[737.5,309.1],[737.8,309.1],[738.4,308.6],[739,309],[739.5,309.9],[739.5,310.7],[740.7,310.4],[742.3,310.2],[744.9,309.5],[749.7,318.1],[753,323.9],[755.6,322.5],[758.4,327.6],[763.2,335.9],[765.5,340],[773.1,340.8],[778.1,341.3],[784.9,337.4],[787.1,336.1],[794.7,331.8],[803.3,326.8],[803.4,326.4],[802.9,325.9],[802.6,325.1],[802.8,324.2],[802.5,323.2],[802.8,322.5],[802.7,321.9],[801.8,322.2],[800.7,322.2],[800.2,322.5],[800.2,321.9],[799.7,321.3],[799.8,320.7],[800.1,319.9],[799.9,319.2],[800.4,318.6],[800.6,318.1],[800.5,317.4],[800,317.1],[799,317.4],[798.2,317.4],[797.8,317],[797.4,317.3],[796.9,317],[797,316.5],[796.5,316],[796.4,315.5],[797.6,314.5],[797.4,313.9],[798.1,313.7],[797.6,313.2],[796.4,314],[795.7,314.1],[794.2,312.6],[794.1,312],[793.4,311.8],[793.2,310.8],[792.3,310.8],[791.9,311.2],[791.4,310.7],[790.9,310.7],[790.3,309.9],[790.3,308.9],[789.6,307.6],[789.2,307.3],[788.9,307.5],[788.1,307.1],[787.7,307.2],[786.4,306.7],[786,306.3],[785.6,306.3],[785.2,305.8],[784.3,305.2],[783.8,305.5],[783.3,305.5],[782.9,305.1],[782,304.9],[781.7,304.4],[780.9,304.4],[780.7,303.9],[780.7,303.3],[781.3,302.8],[781.1,302.4],[781.9,301.4],[781.6,300.7],[781.8,300.1],[781,299.2],[780.6,299.1],[779.5,298.4],[778.9,297.3],[778.5,296.9],[778.5,296.2],[778.1,295.9],[777.6,295.2],[777.9,294.1],[777.6,293.4],[778,292.4],[777.3,291.8],[776.6,291.2],[776.6,290.9],[764.5,290.7],[752.5,290.5],[745.6,290.4],[745.3,289.3],[745.6,287.9],[744.8,287.2],[744.1,286],[743.5,286.4],[743,286.2],[742,286.1],[742.4,285.2],[742.6,283.9],[742.5,283.4],[742.5,281.7],[742.9,280.8],[743.6,279.6],[743.2,279.6],[743.2,278.8],[745.6,278.8],[745.6,277.8],[746.3,277.9],[748.2,277.6],[748.2,276.2],[750.7,276.3],[751.7,276.3],[754.2,275.9],[754.3,274.8],[755.1,274.5],[755.4,273.8],[755.7,273.5],[755.5,273.1],[755.5,272.5],[756.4,271.4],[756.5,270.4],[756,270.1],[754.9,269.6],[754.4,269.6],[754.1,268.6],[752.4,267.5],[751.2,266.7],[750.8,266.7],[750.7,268.2],[750,268.3],[749.8,268.8],[749.4,268.9],[749,269.7],[748.3,270],[748.3,270.9]]]}},{"type":"Feature","properties":{"st":"TX","district":7,"name":{},"label_x":826.9,"label_y":483.6},"geometry":{"type":"Polygon","coordinates":[[[824.7,481.4],[824.5,481.5],[819.5,482],[820.1,483.3],[821.3,484.4],[823.1,484.4],[823.9,485],[823.4,485.4],[823.7,486.2],[824.2,486.1],[824.3,485.7],[825,485.7],[824.9,486.5],[825.4,486.5],[825.5,487.4],[824.9,487.6],[823.7,487],[823.1,487],[823.2,488.8],[823,490],[823.5,490.5],[822.9,490.6],[822.6,491.5],[822.2,491.9],[821.2,492.3],[821.8,492.6],[823.8,492.9],[824.5,491.3],[825.5,491.1],[827,491.3],[827.3,492],[827.6,492.1],[827.5,490.4],[827.5,490.2],[827.5,488.3],[826.9,487.7],[826.8,485.8],[827.5,485.7],[827.5,484],[828.4,483.9],[828.4,484.6],[830,484.7],[830.8,485.1],[831.1,484.1],[831.6,483.7],[833.8,483.6],[834.2,483.9],[835,483.6],[835.9,483.4],[836.4,483.6],[838.2,483.2],[839,482.6],[839.7,482.6],[839.9,482.2],[840.7,482.1],[842.6,479.4],[842.7,479],[842.3,478.7],[842.3,477.8],[843,477.9],[843.3,477.6],[843.4,477],[844.2,476.7],[844.1,475.2],[843.7,475.5],[843.1,475.4],[842.8,474.4],[839.7,474.4],[838.9,474.7],[838.5,475.1],[838.4,475.6],[838.4,476.3],[838.6,477.3],[839.1,477.6],[839.8,477.8],[840,478.2],[840.9,477.9],[840.8,479],[840,479.1],[838.6,479.2],[838.6,480],[837.9,480],[838.1,478.8],[837.9,478.6],[836.4,478.6],[836.5,479.5],[835.5,479.5],[835.5,480.5],[834.8,480.5],[834.8,479.5],[834.2,479.1],[833.4,478.8],[833.3,479.5],[832.2,479.5],[829.4,479.6],[829.5,481.1],[830.5,481.3],[830.4,481.8],[829.2,481.8],[828.9,481.9],[828.9,482.8],[827.9,482.7],[826.9,482.7],[824.7,481.4]]]}},{"type":"Feature","properties":{"st":"TX","district":8,"name":{},"label_x":822.1,"label_y":445.9},"geometry":{"type":"Polygon","coordinates":[[[804.5,480.2],[808.1,480.1],[808.1,479.4],[809.3,479.3],[813.1,477.7],[816.6,476.1],[814.8,470.4],[819.6,470.3],[819.6,471.3],[820.6,471.3],[820.6,472.3],[820.1,472.4],[820.8,473.2],[821.6,473.2],[821.6,474.2],[822,474.3],[823.7,474.3],[823.7,475.2],[823.3,475],[822.7,475],[822.8,476.4],[826.2,476.4],[827,476.7],[827,478.9],[826.3,480.1],[824.7,481.4],[826.9,482.7],[827.9,482.7],[828.9,482.8],[828.9,481.9],[829.2,481.8],[830.4,481.8],[830.5,481.3],[829.5,481.1],[829.4,479.6],[832.2,479.5],[832.2,477.9],[831.6,477.9],[831.1,477.5],[830.7,477.6],[830.4,478],[830.6,478.7],[830.4,479.1],[829.4,478.9],[829.4,477.9],[828.7,477.8],[828.5,477.2],[828.7,476.6],[828.7,476.2],[828.2,476.2],[827.8,475.5],[827.7,474.8],[828.3,474.2],[828.4,473.6],[828.2,472.9],[828.7,471.7],[828.3,471.2],[828.3,470.7],[827.8,470.7],[827.8,470],[826.8,470],[826.7,469.5],[825.8,469.3],[825.3,469.5],[824.9,469.3],[824.7,468.1],[823.9,468.1],[823.5,468.3],[822.9,468.4],[822,467.8],[820.3,467.9],[820.2,466.2],[819.8,465.4],[819.8,464.6],[819.2,464.8],[818.6,464.9],[817.6,465.3],[817.5,462.3],[817.2,462.2],[817.1,457.3],[817.3,456.3],[817.5,456],[818.7,455.8],[819.7,456.1],[820.4,455.9],[821,455.5],[821.9,455.7],[822.5,455.2],[823.5,455.1],[823.8,455.3],[824.4,455.3],[824.7,454.8],[825.4,455.1],[826,454.7],[826.5,454.6],[826.8,454.1],[827.9,453.4],[828.3,452.8],[829.3,453],[829.8,452.9],[829.8,450.6],[829.6,450.2],[830.3,448.9],[830.9,448.1],[831.4,447.6],[831.5,446.1],[830.8,445.3],[830.8,444.9],[831.6,444.6],[832,444.8],[832.7,444.6],[833.8,444.1],[834.4,443.5],[835.1,443.6],[835.5,443.9],[836,444],[836.3,444.7],[837.3,445.3],[838.1,445.5],[838.1,445.2],[839.7,446.3],[839.7,446.8],[840.3,446.8],[840.9,447.5],[841.5,447.5],[842.5,447.4],[843.3,447.6],[843.7,447.6],[843.5,446.5],[845.4,446.5],[845.3,446],[845.7,445.8],[845.9,446.4],[846.9,446.4],[847.1,446.3],[847,445.5],[846.3,444.6],[846.9,444.4],[847.5,444.4],[849,444.8],[850.6,444.4],[851.2,442.7],[851.1,440.9],[851.3,440.4],[851.2,440],[851.8,439.1],[852.1,439.1],[852.5,438.2],[851.7,437.9],[851.3,437.5],[850.7,436.4],[849.8,436.1],[849.2,436.1],[848.8,435.9],[848.3,435.4],[847.7,435.3],[846.5,434.6],[846,433.7],[845.2,432.8],[845.2,432.2],[844.7,431.4],[844.5,430.7],[844,429.9],[843.8,428.8],[843.5,428],[844.2,419.9],[844.6,412.4],[840.9,413],[840.1,413.6],[839.5,414.4],[838.3,414.5],[837.9,413.5],[837.1,413.1],[836.7,412.1],[836.9,411.9],[836.7,411],[836.3,410.5],[836.4,409.3],[835.7,408.9],[835.1,409.2],[834.5,409.9],[833.9,409.9],[833.3,410.6],[832.8,410.3],[832.3,411.1],[832.4,412.1],[832,413.4],[832,414],[832.7,414.6],[832.3,415.2],[832.4,415.5],[833.7,416.2],[834.2,416.7],[834.7,417.8],[835,421.8],[833.8,422.2],[833.2,421.9],[832.8,422],[832.6,422.5],[831.7,422.7],[830.5,422.7],[828.7,422.4],[828.1,423.9],[827.1,424.4],[827.1,424.7],[826.2,425.8],[820,422],[816.2,419.7],[816.9,428.2],[817,428.4],[817.7,439.3],[817.8,445.5],[810.9,446.1],[809.1,446.1],[801.2,446.6],[801,446.9],[800.7,447.6],[799.6,446.9],[799,447.8],[798.3,447.7],[798,447.3],[797.2,448.1],[797.3,449.2],[797.2,449.9],[797.4,450.4],[797.1,450.7],[797.1,451.1],[797.7,451.6],[797.5,452.4],[797.3,452.5],[795.9,451.5],[795.8,451.9],[796.4,452.5],[796.2,452.7],[795.5,452.5],[795.3,452.9],[796,453.7],[795.3,454.2],[795.7,454.6],[796.2,454.4],[796.4,454.7],[796.4,455.3],[796.9,455.2],[797.1,454.7],[797.5,455.1],[797.2,455.5],[797.2,455.8],[797.7,456.3],[798.1,456.3],[798.2,456.8],[798.6,457.2],[797.9,457.6],[798.2,458.1],[799.7,458.7],[800.2,459.4],[800.1,460.3],[800.6,460.1],[800.9,460.3],[801.1,461],[801.5,461.6],[801.1,462.1],[800.5,461.7],[800.3,462.2],[800.6,463.1],[800.8,463.4],[800.1,464.7],[799.4,464.2],[799.1,464.3],[799.5,465],[800,464.9],[800.4,465.2],[800.4,466],[800.1,465.9],[799.3,465.4],[798.8,466.1],[798.8,466.4],[799.5,466.8],[799.8,467.7],[799.2,468.2],[799.2,469],[800,469.4],[800.3,469.8],[800.9,469.7],[800.8,470.2],[800,470.4],[799.8,470.7],[800,471.4],[800.4,471.9],[799.6,472.2],[799.3,472.6],[799.5,473.2],[800,473.8],[800.7,474],[800.4,474.7],[801.6,475.1],[802.8,475],[803,475.4],[803.5,475.2],[804,475.9],[803.9,476.8],[804.2,477.1],[804.7,478.4],[804.5,479.1],[804.1,479.4],[804.5,480.2]]]}},{"type":"Feature","properties":{"st":"TX","district":9,"name":{},"label_x":879,"label_y":457.7},"geometry":{"type":"Polygon","coordinates":[[[847.9,483.7],[848,483.4],[848.9,483.2],[849.5,483.9],[850.6,485.8],[851.5,486.7],[851.9,486.7],[852.5,486.1],[853.3,487],[854.2,486.5],[856.5,486.4],[856.7,486.3],[858.1,486.3],[858.4,485.1],[860,485],[863.1,485],[863.1,482.3],[864.1,481.3],[864.8,480.8],[865.7,480.8],[867.1,480.2],[867.6,478.9],[867.3,478.5],[868.3,476.4],[868.9,476.9],[868.8,476.1],[869.4,476.3],[869.6,475.9],[869.2,475.4],[869.3,474.8],[869.8,474.4],[870.1,473.3],[869.9,473.1],[868.5,472.7],[867.4,471.3],[866.6,471.1],[866,470.5],[866.1,469.9],[865.8,469.4],[874.6,469.2],[882.4,469],[893.8,468.7],[897.2,468.6],[897,461.3],[896.8,453.7],[892.4,453.8],[888,453.9],[886,447.9],[883.6,440.6],[879.7,428.6],[877.3,428.7],[873,428.5],[873.4,428.9],[869,431.3],[863.9,433.9],[862.3,434.7],[859.6,436.2],[858.6,436.6],[856.3,437.9],[854.7,438.6],[856.7,444.2],[858.7,449.9],[861.3,457.6],[860.9,457.8],[859,457.9],[859.1,458.5],[858.9,458.8],[858.2,462.5],[857,462.6],[857.1,463.2],[855.7,465],[856,465.8],[854.8,466],[854.4,465.8],[854.3,466.6],[854,466.8],[853,466.8],[852.9,468.4],[852.9,469.3],[853.7,470.2],[853.8,470.7],[853.9,472.2],[849.5,474.5],[848.4,475],[849,475.6],[849.4,476.5],[849.3,477.2],[849.8,477.3],[849.9,478],[850,479.7],[849.8,479.7],[848.4,478.7],[848.5,477.5],[848.2,477.4],[848.2,476.4],[847.9,476],[846.6,476.1],[846.5,477.5],[846.1,478.2],[847.1,478.3],[846.5,479.4],[845.4,480.7],[845.3,480.9],[846,483.4],[846.9,483.2],[847.7,483.2],[847.9,483.7]]]}},{"type":"Feature","properties":{"st":"TX","district":10,"name":{},"label_x":834.9,"label_y":404.8},"geometry":{"type":"Polygon","coordinates":[[[818.5,353.3],[813.5,356],[806.4,359.8],[800,363.3],[792.1,367.5],[788.1,369.7],[788,369.9],[788.3,370.6],[788.1,371.3],[788.3,371.6],[788.1,372.3],[788.2,373.2],[787.8,374.1],[787.6,375.6],[788.3,376.2],[788.4,377],[788,377.6],[787.5,377.8],[787.6,378.3],[788.1,378.7],[788.4,379.5],[788.2,380],[788.6,380.3],[788.6,381.4],[788.9,381.7],[789.3,383.3],[789.2,384.2],[789.2,384.9],[789.5,385.5],[790.2,386.7],[790.4,387.3],[790.3,388.5],[790.5,389],[791,389.7],[791.6,389.8],[791.6,390.2],[792.5,391.1],[792.2,391.4],[792.1,392.7],[791.7,393],[791.4,394.3],[792.1,394.5],[792.7,395],[792.5,396.6],[791.3,397.3],[790.2,398.1],[788.8,398.9],[787,400.2],[786.3,400.8],[785.6,401.8],[785.4,402.6],[784.4,403.5],[784.1,404],[783.4,405.6],[782.8,406.5],[782,408.8],[781.1,410],[780,412],[773.7,415.2],[773.5,414.7],[772,413.8],[772.1,413.2],[771.8,413],[770.9,413],[770.6,412.9],[767.3,414.8],[763.3,417.1],[759.4,419.3],[755.1,421.8],[748.2,425.8],[745.1,427.6],[739.6,430.9],[734,432.8],[729.1,434.4],[727.1,433.3],[726.7,433.3],[726.3,433],[725.9,432.1],[725.2,431.9],[724.5,432],[723.4,430.5],[722.3,430.4],[721.9,430.6],[721.5,430.1],[721.4,430.6],[720.2,430.4],[719.5,431.7],[719.2,431.8],[718.6,431.5],[718.3,431.7],[717.2,433.6],[716.9,434.4],[715.2,433.3],[714.3,434.7],[713.9,434.5],[713.7,433.3],[713.2,433.4],[711.6,432.4],[711,432.4],[710.2,431.6],[709.7,431.6],[709.2,432],[708.7,431.5],[708.7,431.2],[708.1,430.8],[707.6,431.3],[707,431],[706.6,430.9],[704.9,431.6],[704.9,432],[704.2,432.1],[703.6,433.1],[702.7,432.8],[702.1,433],[701.5,432.9],[700.8,432.4],[699.7,432.3],[699.3,432],[699.3,431.4],[699,430.9],[698.5,429.8],[698,429.4],[696.5,428.6],[696.3,428],[696.9,427.8],[697.4,426.6],[697.1,426.2],[696.7,426],[696.7,424.9],[696,424.3],[695.7,424.4],[695.1,423.7],[694.5,424.2],[693.8,424.1],[693.3,424.4],[692.8,424],[692.8,424.7],[691.9,425.1],[692.3,426.2],[691.9,426.6],[691.3,426.6],[690.7,426.9],[690,427.1],[688.9,426.8],[688.4,426.4],[688.1,425.8],[687.7,425.6],[686.4,425.8],[684.9,425.2],[683.6,428],[684.1,428.1],[684.6,427.4],[685.1,427.2],[685,429.3],[683.4,432],[680.5,436.7],[685.2,440.7],[686.6,441.9],[692.1,446.7],[693.1,445.8],[694.1,445.4],[695.6,445.1],[695.9,444.6],[696.5,444.1],[697.2,444.4],[697.5,444.8],[698.2,445.2],[698.5,445.1],[698.9,444.2],[700.6,445.1],[701.6,444.6],[702,443.8],[703.2,443.1],[703.7,442.7],[704.6,443.3],[704.9,443.7],[705.6,443.8],[706.1,442.4],[705.5,442.2],[705.1,442.8],[704.6,442.6],[704,442],[704.4,441.4],[704.4,440.9],[704.1,440.7],[704.2,440.2],[703.9,439.9],[703.5,440],[703.4,439.3],[702.9,438],[702.3,437.5],[702.6,437],[702.7,436.3],[703.8,435.4],[703.7,434.7],[703.8,434.2],[704.5,434.2],[704.8,433.7],[705.4,433.7],[705.3,433],[706.3,433.4],[706.3,432.1],[707.1,432.6],[707.4,432.2],[707.8,432.5],[708.1,431.6],[708.8,432],[708.9,432.2],[710.4,433.1],[710.9,433.7],[711.5,434.1],[710.9,435.2],[711.5,435.7],[712.5,436.3],[713.2,435.8],[713.8,436],[714.7,436.4],[714.8,435.9],[715.5,436.3],[715.8,436.3],[716.4,435.3],[717.8,436.1],[718.6,434.8],[718.4,434.6],[718.8,433.9],[719.4,434.2],[720.1,434.4],[720.2,434.8],[721.6,435.5],[722.4,436.1],[722.8,436.1],[723.3,435.2],[725.4,436.3],[725.2,436.7],[726.2,437.2],[726.5,436.8],[727.3,437.2],[727.7,437.7],[728.7,437.3],[729.9,437.1],[730.7,436.7],[732.3,437],[733.3,437.5],[733.9,437.2],[736.9,438.9],[743.7,444.2],[744.9,449.7],[747.1,459.5],[747.6,459.2],[756.2,454.5],[757.3,454],[760.3,451],[763.4,448.6],[763.5,448],[763.2,447.2],[763.4,446.5],[763.6,446.3],[764,445.5],[764.3,445.5],[764.7,445],[765.2,445.4],[765.9,445.1],[766.5,445.2],[766.7,444.7],[767.2,444],[768,443.2],[768.3,442.6],[769.7,441.8],[770.3,441.9],[771.3,441.6],[771.6,441.2],[772.5,441.2],[773.2,441],[773.8,440.3],[775.7,440.4],[776.6,440],[776.8,440.3],[777.6,440.2],[778,439.4],[778.4,439.6],[779.4,439.4],[779.9,439.1],[781.9,438.9],[782.1,438.4],[782.5,437.9],[782.9,438.4],[784.1,438],[784.5,438.1],[784.7,437.6],[785.5,437.3],[785.6,437],[786.7,437.3],[787.6,436.5],[788.3,436.2],[788.8,436.3],[789.7,437],[789.9,437.5],[790.8,437.9],[791.2,437.5],[791.8,437.5],[792.3,437.2],[792.8,437.2],[793.8,436.7],[794.1,436.9],[794.9,436.3],[794.9,435.5],[795.2,435.2],[796.4,435.9],[796.2,436.8],[796.5,436.9],[797.2,436.6],[797.6,437.1],[797.4,437.7],[797.6,438.5],[797.1,439.3],[797.7,440.2],[798.4,440.4],[798.5,440.9],[799.1,441.1],[799.4,441.5],[800.8,441.1],[801,441.5],[800.6,442.1],[800.8,442.6],[801.4,442.6],[801.5,443],[801.1,443.3],[800.7,444.9],[801.5,445.1],[801.7,445.6],[801.3,446],[800.9,445.7],[800.4,446],[800.3,446.4],[801,446.9],[801.2,446.6],[809.1,446.1],[810.9,446.1],[817.8,445.5],[817.7,439.3],[817,428.4],[816.9,428.2],[816.2,419.7],[820,422],[826.2,425.8],[827.1,424.7],[827.1,424.4],[828.1,423.9],[828.7,422.4],[830.5,422.7],[831.7,422.7],[832.6,422.5],[832.8,422],[833.2,421.9],[833.8,422.2],[835,421.8],[834.7,417.8],[834.2,416.7],[833.7,416.2],[832.4,415.5],[832.3,415.2],[832.7,414.6],[832,414],[832,413.4],[832.4,412.1],[832.3,411.1],[832.8,410.3],[833.3,410.6],[833.9,409.9],[834.5,409.9],[835.1,409.2],[835.7,408.9],[836.4,409.3],[836.3,410.5],[836.7,411],[836.9,411.9],[836.7,412.1],[837.1,413.1],[837.9,413.5],[838.3,414.5],[839.5,414.4],[840.1,413.6],[840.9,413],[844.6,412.4],[844.2,419.9],[843.5,428],[843.8,428.8],[844,429.9],[844.5,430.7],[844.7,431.4],[845.2,432.2],[845.2,432.8],[846,433.7],[846.5,434.6],[847.7,435.3],[848.3,435.4],[848.8,435.9],[849.2,436.1],[849.8,436.1],[850.7,436.4],[851.3,437.5],[851.7,437.9],[852.5,438.2],[852.1,439.1],[851.8,439.1],[851.2,440],[851.3,440.4],[852.9,439.6],[854.7,438.6],[856.3,437.9],[858.6,436.6],[859.6,436.2],[862.3,434.7],[863.9,433.9],[869,431.3],[873.4,428.9],[873,428.5],[877.3,428.7],[879.7,428.6],[891,428.4],[890.9,427.9],[889.1,419.5],[889.1,419.4],[887.1,410.1],[886.9,409.3],[885.5,402.8],[883.5,393.5],[889,390.3],[889,390],[888.5,389.9],[888,389.7],[887.4,389.9],[887.1,389.6],[886.2,389.1],[886.3,388.8],[885.5,388.5],[885.2,388.7],[884.8,388.4],[884.3,388.4],[883.9,387.7],[883.5,388.6],[883.2,388.5],[882.2,387.9],[881.1,387.9],[880,387.2],[878.8,387.5],[878,387.3],[877,386.6],[874.6,385.5],[874,385.2],[872.9,384.9],[872.8,384.5],[872.3,384.6],[872.3,383.6],[872.1,382.9],[872.4,382.5],[872.1,381.8],[871.8,381.4],[871.5,380.6],[871.7,379.9],[871.5,378.9],[870.9,377.7],[870.6,377.9],[870.4,377.4],[870,377.5],[869.6,377.2],[869.6,376.8],[870.1,376],[870.8,375.5],[870.7,375.2],[869.7,374.4],[869.3,373.6],[869.6,373.1],[869.4,372.6],[868.9,372.2],[867.9,371.7],[867.1,371.5],[866.6,371.7],[865.9,371.1],[866.4,370.5],[866,370.2],[866.1,369.1],[866.4,368.9],[865.6,368.3],[865,367.6],[864.9,367.1],[864.5,366.8],[864,366.8],[863.3,366.3],[863.4,366],[862.9,365.2],[863.2,364.7],[862.2,364.9],[861.3,364.6],[861.1,364.7],[860.6,364.2],[860.6,363.8],[860.1,363.2],[858.9,363.2],[858.5,363.3],[857.8,363.1],[857.3,361.8],[858.2,360.9],[857.8,359.8],[857.3,359.2],[856.4,358.6],[855.8,358.4],[855.3,358.4],[855,356.5],[854.3,356.2],[854.2,355.9],[853.4,355.4],[853.2,355.7],[852.6,355.9],[852.2,356.2],[851.6,356.3],[850.6,355.9],[850.4,356.2],[848.9,356],[848.3,355.5],[847.9,354.9],[842.6,355.7],[842.1,355.8],[837.1,356.6],[831.3,357.6],[826.3,358.5],[826.6,359.5],[821.3,361],[821.6,360.7],[821.4,360],[820.3,359.2],[820.6,358.6],[820.4,358.2],[820.6,357.8],[821.1,357.6],[821.6,357.8],[822.1,357.6],[822.5,357.7],[822.5,356.4],[821.9,355.7],[822.3,355.5],[822.4,355.1],[822.9,354.3],[822.9,353.5],[822.5,352.4],[821.5,350.9],[820.4,351.3],[820.3,351.6],[820.7,353.4],[820.5,354.1],[819.6,354.7],[819.1,354.4],[818.7,353.8],[818.5,353.3]]]}},{"type":"Feature","properties":{"st":"TX","district":11,"name":{},"label_x":580.1,"label_y":373.8},"geometry":{"type":"Polygon","coordinates":[[[696.6,422.7],[696.5,422.6],[695.3,423],[695,422.8],[695.7,421.9],[695.4,421.2],[695.7,420.3],[694.7,419.9],[693.4,418.7],[692.9,419],[692.2,419.1],[691.4,419.9],[691,419.7],[690.5,418.7],[690.2,419.4],[689.2,419.5],[688.8,419.7],[688.6,419.3],[688,418.8],[687,420.9],[686.7,420.4],[686.4,420.1],[685.1,420.5],[684.7,419.9],[684.1,419.5],[683.5,419.9],[683.4,419.4],[681.8,418.4],[680.1,421.2],[680.6,421.2],[680.1,422.5],[679.6,422.7],[678.6,422.3],[677.8,422.8],[677.1,422.6],[676.7,423.2],[676,423.1],[675.8,422.5],[675.3,422.3],[674.6,422.6],[674.1,423.3],[673.4,423.2],[672.5,422.5],[672,422.4],[671.3,423.1],[670.5,422.8],[669.8,422],[669.1,421.8],[667.8,422.4],[667.5,422.4],[667.1,421.7],[667.1,420.8],[667.7,420.4],[667.8,420.1],[667.2,419.1],[666.8,418.1],[666.8,417],[666.2,416.3],[666.2,415.9],[665.6,415.7],[665.6,415],[667.7,414.9],[667.8,414.6],[667.5,413.6],[667.1,413],[667.7,411.9],[668.4,411.9],[668.9,411.2],[669.6,410.6],[669.4,410.2],[668.5,410.2],[668,409.9],[667.2,409.8],[666.6,409.9],[666.3,409.2],[666.8,408.2],[666.2,407.4],[666.7,406.8],[667.3,406.9],[667.6,406.5],[667.9,405.4],[668.7,405.4],[669.5,404.6],[669.5,404.3],[668.5,403.7],[667.9,403.6],[667.7,404.1],[666.9,404.2],[667.1,402.6],[666.9,402.2],[666.4,401.9],[665.4,401.8],[664.9,401.2],[665.4,400.5],[665.5,399.3],[665.7,398.4],[666.3,398],[667,398.2],[667.3,398],[667.5,397],[666.9,396.6],[665.9,396.5],[665.7,396.3],[665.4,395.2],[666,394.1],[665.8,393.6],[665.1,392.5],[665.2,392.2],[665.9,391.9],[666.2,391.4],[665.9,390.5],[665.4,390.1],[664.2,389.5],[663.8,389.1],[663.7,388.5],[664.4,388],[665,388],[665.4,387.7],[665.2,387.1],[664.7,386.9],[664.6,386.6],[665.5,385.8],[665.2,385.6],[664.5,385.8],[664.1,385.1],[663.6,385.4],[663.3,385.1],[662.8,385.2],[662.6,385.6],[662.2,385.9],[661.8,386.8],[661.5,387],[661.2,386.6],[661.1,386.1],[660.7,385.3],[660.1,384.6],[660.3,384.2],[661.3,383.8],[661.3,382.7],[661.5,382.5],[662.4,382.5],[662.8,382],[662.7,381.8],[661.8,381.8],[661.4,381.4],[660.6,381.2],[660.5,380.9],[661,380.4],[660.6,379.9],[659.6,380],[659.1,379.6],[659.1,379.3],[659.5,378],[659.5,377.1],[659.4,376.6],[658.8,375.8],[658.6,375.1],[658.1,374.9],[657.8,375.2],[657.5,375.8],[657,375.3],[656,374.7],[655.9,373.9],[656.2,373.7],[656.7,373.9],[657.6,373.6],[657.8,371.9],[658.3,371.4],[657.8,371.3],[657.1,371.9],[656.2,372],[656.1,371.5],[656.5,371],[655.7,370.9],[655,371.7],[654.8,371.1],[655.3,370.5],[654.9,369.9],[655.4,369.5],[655.5,369.1],[654.8,368.6],[654.5,367.9],[653.6,368.5],[653.6,368.9],[652.9,369.5],[652.1,369.9],[651.7,369.9],[651.5,369.4],[651.1,369.3],[651.2,368.8],[651.6,368.7],[651.7,367.2],[652.3,366.7],[652.2,366.2],[652.2,365.4],[651.6,365.3],[650.9,365.5],[650.3,365],[650.5,364.7],[650.6,364],[649.9,363.7],[649.6,363.9],[649.9,364.6],[649.7,365.3],[648.8,365.7],[649,366.6],[648.4,367.3],[647.9,367.1],[647.6,366.5],[647.8,365],[647.6,364.8],[647,365.2],[646.3,365],[645.5,365.3],[645.2,364.5],[644.4,364.9],[643.6,364.9],[643.3,364.3],[642.9,363.2],[642.2,362.6],[641.5,362.6],[640.8,363.2],[640.5,363.1],[639.2,363.2],[638.7,363],[638.6,361.7],[637.8,361.6],[637.6,362.2],[637,363],[636.7,362.8],[637,362.3],[636.9,361.8],[636.3,361.6],[635.3,360.9],[635.3,360.5],[635.7,360],[635.5,359.6],[636.3,359.1],[637.1,358.7],[638.4,357.8],[643.5,354.4],[647.8,351.5],[649.1,346.4],[654.3,345.7],[652.5,342.3],[648.1,334.1],[648,333.8],[643.9,326.2],[640.5,319.9],[636.4,319.7],[636.2,319.7],[629.4,319.4],[624.3,319.3],[622.1,319.1],[607.9,318.7],[600.5,318.3],[595.8,318],[590.5,317.9],[579.1,317.4],[571,317],[566.3,316.8],[565.4,316.8],[562.2,316.7],[552.1,316.1],[544.5,315.6],[544.2,315.6],[538.6,315.3],[537.1,315.2],[528.5,314.7],[526.8,314.6],[517.3,314.1],[509.4,313.6],[502.5,313.2],[490.3,312.5],[483.6,312.1],[479.5,311.9],[467.3,311.2],[453.9,310.3],[446.9,309.8],[444.1,309.7],[434.1,309],[426.3,308.4],[425.7,308.4],[421.1,308.1],[420.6,315.4],[420,324.2],[419.7,329.3],[419,337.2],[430.5,338.1],[434.1,338.3],[443.6,339],[450.9,339.4],[463.3,340.2],[471,340.7],[479.9,341.3],[486.7,341.7],[500,342.5],[506.2,342.8],[505.8,349.2],[505.3,356.4],[504.6,366.8],[504,375],[503.6,381.2],[512.2,381.6],[519.4,381.8],[526.5,382.1],[534.9,382.4],[540.9,382.6],[548.6,382.9],[555.6,383.2],[562.6,383.5],[570.2,383.9],[569.7,393.4],[569.3,402.7],[569.1,407],[568.8,414.9],[568.3,425.6],[568.1,430.2],[567.8,437.3],[578.2,437.8],[581.7,437.9],[588.8,438.2],[598.1,438.7],[605.1,439],[615,439.4],[615.3,425.1],[619.2,425.3],[625.7,425.6],[632.9,425.8],[639.8,426],[647.7,426.2],[654.6,426.4],[662.1,426.5],[666.9,426.5],[676.2,429.7],[683.4,432],[685,429.3],[685.1,427.2],[684.6,427.4],[684.1,428.1],[683.6,428],[684.9,425.2],[686.4,425.8],[687.7,425.6],[688.1,425.8],[688.4,426.4],[688.9,426.8],[690,427.1],[690.7,426.9],[691.3,426.6],[691.9,426.6],[692.3,426.2],[691.9,425.1],[692.8,424.7],[692.8,424],[693.3,424.4],[693.8,424.1],[694.5,424.2],[695.1,423.7],[695.7,424.4],[696,424.3],[696.7,424.9],[696.7,426],[697.1,426.2],[697.4,426.6],[696.9,427.8],[696.3,428],[696.5,428.6],[698,429.4],[698.5,429.8],[699,430.9],[699.3,431.4],[699.3,432],[699.7,432.3],[700.8,432.4],[701.5,432.9],[702.1,433],[702.7,432.8],[703.6,433.1],[704.2,432.1],[704.9,432],[704.9,431.6],[706.6,430.9],[707,431],[707.6,431.3],[708.1,430.8],[708.7,431.2],[708.7,431.5],[709.2,432],[709.7,431.6],[710.2,431.6],[711,432.4],[711.6,432.4],[713.2,433.4],[713.7,433.3],[713.9,434.5],[714.3,434.7],[715.2,433.3],[716.9,434.4],[717.2,433.6],[718.3,431.7],[718.6,431.5],[719.2,431.8],[719.5,431.7],[720.2,430.4],[721.4,430.6],[721.5,430.1],[719.5,429.3],[719,428.7],[718.3,429.3],[718,429.4],[717.1,429.1],[716.6,428.4],[716,428.3],[715.7,427.7],[715,427.6],[714.4,427.9],[714,427.6],[713.7,427.9],[710.2,427.9],[709.4,428.1],[709.1,427.4],[708.2,428.3],[707.7,429.1],[707.3,428.9],[705.9,429.1],[705.5,429.5],[704.8,429.4],[704.6,429.9],[705,430.5],[704.1,430.9],[703.9,431.4],[703.4,431.6],[702.8,430.9],[701.5,431],[699.6,429.2],[699.6,429],[698.7,427.6],[699.1,426.9],[698.2,425.9],[698.4,424.3],[697.3,423.6],[697.3,423],[696.6,422.7]]]}},{"type":"Feature","properties":{"st":"TX","district":12,"name":{},"label_x":702.5,"label_y":273.8},"geometry":{"type":"Polygon","coordinates":[[[698.7,259.2],[691.1,258.9],[690.7,270.1],[690.4,275.9],[690.1,283.5],[691.6,282.8],[692,281.6],[693.7,280.3],[694,280.1],[698.6,278.3],[699.4,278.1],[700.4,277.7],[702.3,277.7],[702.6,278.4],[703.6,278.6],[704.8,278.7],[705.5,278.6],[705.8,278.8],[706.2,278.6],[706.6,279.3],[707.1,279.9],[708,279.9],[708.6,280.1],[710.1,280.9],[710.6,281.5],[710.6,282.1],[711.2,282.1],[711.8,282.9],[712.3,282.9],[712.8,283.1],[713.4,283.8],[715.4,284.5],[716.5,285.5],[717.5,285.9],[717.5,284.1],[717,283.7],[717.1,281.7],[716.8,281.2],[716.8,279.8],[716.2,279.7],[716.2,279],[715.5,279.1],[715.5,280.3],[713.5,280.3],[713.1,279.6],[712.1,279.4],[712.1,278.4],[712.6,278.1],[712.2,276.4],[712.3,275.3],[712.7,275],[712.6,274.5],[712.3,273.9],[714,273.9],[714.8,273.8],[715.2,274],[716.6,274.1],[717.6,273.9],[717.6,274.3],[718.7,274.3],[719.4,274.7],[719.2,280.8],[719,287.9],[719.9,287.4],[720.9,287.2],[721.1,287],[722.2,288.1],[723.2,288.7],[724,288.7],[724.7,287.5],[725.7,287.5],[725.7,286.7],[726,286.2],[726.4,286.2],[726.8,285.7],[726.8,284.7],[726.6,284.1],[726.9,283.3],[728.6,281.7],[729,281.9],[731.1,282.5],[732.9,282.1],[732.6,281.3],[732.9,281.2],[732.8,280.6],[733.5,278.9],[733.4,278],[733.6,277.6],[733.4,277.3],[733.6,276.6],[734.6,276.6],[734.9,276.2],[735,275.6],[734.8,274.7],[735.7,274.7],[736.5,274.2],[736.9,273.8],[736.5,273.1],[736.5,272.8],[735.8,272.7],[735.3,272.3],[735.4,270.4],[735.5,269.9],[735.4,269.3],[732.6,269.2],[732.5,268.4],[732.5,264.8],[732.9,263.4],[732.9,262.2],[733.1,261.3],[733.5,260.4],[728,260.3],[725.3,260.3],[719.5,260],[714.5,259.9],[708.1,259.6],[698.7,259.2]]]}},{"type":"Feature","properties":{"st":"TX","district":13,"name":{},"label_x":518.9,"label_y":130.3},"geometry":{"type":"Polygon","coordinates":[[[420.6,128.2],[423,128.3],[429.8,128.8],[443.4,129.8],[457.3,130.9],[465.2,131.3],[474,131.8],[477.7,132],[484,132.4],[491.3,132.9],[491.8,133],[501.9,133.6],[506.6,133.8],[506.1,142.1],[506.1,142.3],[505.5,151],[505.1,158.9],[504.9,163.2],[514.7,163.7],[525.1,164.3],[528.5,164.5],[528.1,173.2],[527.9,177.4],[527.3,187],[527,193.9],[526.4,205.5],[525.8,219.2],[525.4,226.1],[530.4,226.4],[535.3,226.6],[541.5,226.9],[542.4,226.9],[548.5,227.2],[555.4,227.6],[564.6,228],[566.8,228.2],[569.7,228.2],[576.3,228.6],[577,228.6],[583.3,228.9],[590.1,229.1],[597.2,229.4],[603.3,229.6],[612,229.9],[623.4,230.3],[632.1,230.7],[641.6,231],[648.1,231.2],[653,231.5],[660.1,231.7],[671.4,231.9],[671.4,227.2],[680.5,227.4],[687.9,227.6],[696.1,227.7],[696.1,230],[699.4,230],[699.3,235],[699.2,238.6],[700.7,237.8],[701.3,237.7],[702.6,238.3],[703.5,238.6],[705.3,239.3],[705.6,239.3],[705.4,238.1],[705.5,237.8],[706.4,237.9],[706.3,239],[706.5,239.7],[708.2,239.8],[709.5,239.7],[709.9,239.9],[710.7,240.4],[711.9,240.9],[713.2,241.1],[713.5,241.3],[714.3,242.3],[715.6,242.7],[716,243.1],[716.7,243.1],[716.8,242.8],[717.7,242.8],[717.7,242.3],[718.3,241.8],[718.2,242.9],[718.7,242.9],[718.8,243.4],[721.2,243.4],[722.2,243.2],[725.3,243.2],[725.9,243],[727.4,242.9],[727.9,243],[727.8,243.5],[728.2,243.6],[728.7,243.5],[728.6,245],[729.6,245],[730.3,245.2],[730.7,244.7],[732.7,244.8],[732.7,245],[735.9,245],[736.1,244.8],[736.8,245],[738.3,245],[738.3,245.3],[738.6,246.3],[738.7,246.8],[739.4,247.1],[739.4,247.4],[740.8,248.1],[741.6,247.9],[742,248.8],[742,249.6],[742.3,250],[742.8,250],[743.2,250.6],[744,251.1],[745,251.1],[745.1,250.3],[745.4,250.1],[745.3,249.3],[745.8,249],[746.8,249],[746.9,248.5],[747.6,248],[748.1,247.8],[749.4,248.1],[749.3,246.6],[748.8,245.4],[748.5,244.1],[748.5,242.9],[748,241.9],[747.8,242.2],[747.3,242.1],[747.3,241.3],[746.7,241.2],[745.9,240.8],[745.2,241.3],[744.4,240.8],[743.6,239.7],[743,239],[742.9,238],[742.3,237.6],[741.9,238],[741.6,237.7],[741.1,238.1],[739.3,238.2],[738.6,238.5],[738.6,238],[738.2,238],[738.3,236.6],[738.5,236.4],[738.5,234.6],[738.4,234.6],[738.5,232.8],[738.4,232.7],[738.4,231.3],[729.3,230.8],[729.3,230.6],[723.5,230.5],[723.6,224.2],[723.8,217.5],[723.9,208.8],[724.2,198],[723.2,197.7],[721.9,198.2],[720.9,198.9],[720,199.2],[719.6,198.8],[718.8,199],[718.3,198.7],[717.9,198],[717.9,197.6],[718.2,197],[718,196.1],[718.4,195.4],[717.8,195.1],[717.3,194.3],[716.9,194.2],[715.9,193.4],[714.4,192.7],[713.9,192.7],[713,193],[712.4,193.5],[711.7,195.1],[711.1,195.8],[710.4,196.3],[709.2,196.3],[708.7,196.5],[708.9,197.5],[708.6,197.8],[707.9,197.5],[707.4,197.8],[707.7,198.4],[707.7,199],[707.5,199.4],[707.1,198.8],[706.5,199.1],[706.5,199.7],[706.3,200.3],[705.7,199.9],[705.5,200.7],[704.7,201.5],[704.2,201.6],[703,202],[702.2,202],[701.3,201.5],[700.5,200.8],[698.9,200],[697.9,200],[697.4,199.8],[696.8,199.2],[696.4,198.6],[696.7,197.8],[697.3,198.1],[697.9,197.6],[698.2,196.6],[698.2,196.1],[697.2,196],[697.1,195.6],[697.8,195.1],[698,194.6],[698.6,192.4],[698,192.4],[697.3,191.4],[696.8,191.5],[696.4,191.8],[694.8,192.1],[693.4,192.2],[691,191.5],[691.1,190.7],[690.4,190.2],[689.9,189.4],[690.1,189],[690.7,189.4],[691.1,189.2],[691.1,188.8],[690.2,188.3],[689.4,187.4],[689.1,186.7],[689.3,185.8],[690.2,184.9],[690.6,184.1],[690.9,183.4],[690.9,182.9],[690.2,182.6],[690.3,181.7],[689.9,181.2],[689.1,181.2],[688.3,181.8],[687.5,183.1],[686.5,183.8],[684.8,183.6],[683.5,183],[683,182.4],[681.6,182.7],[680.8,182.5],[680.4,182.6],[679.3,182.3],[678.1,181.3],[675.8,180.7],[675.4,181],[674.8,181.2],[674.4,182.3],[673.9,182.6],[673.8,184.2],[673.6,184.6],[673.1,184.6],[673.1,185.2],[672.7,185.6],[671.9,185.4],[671.3,185.6],[671.1,186.1],[670.7,186.3],[670,186.2],[669.7,186.7],[668.9,186.9],[668.4,186.4],[667.9,186.2],[667.2,185.3],[666.6,184.7],[666.2,183.8],[665.4,183],[665.3,182],[664.9,182],[664,180.9],[663.2,180.4],[662.6,180.1],[661.7,180.4],[660.4,179.8],[658.8,180.8],[657.7,181.8],[657.2,181.6],[656.5,181.9],[656.2,181.6],[655.2,181.6],[655,182.1],[654,182.3],[653.9,181.8],[653.5,181.5],[652.9,181.3],[652.3,180.8],[651.9,181],[651.5,180.2],[650,179.6],[649.7,180],[648.7,179.6],[648.4,180.4],[648.1,180.5],[647.6,179.9],[647.7,179.3],[646.9,179.1],[646.3,178.7],[645.7,178.5],[645.1,178.1],[644.4,177.1],[643.5,176.1],[642.9,176.1],[642.7,176.8],[642.1,176.4],[641.8,175.7],[641.3,175.4],[640.5,175.8],[640.7,176.1],[640.1,176.6],[638.7,176.3],[638.4,176.9],[637.6,176.7],[637.1,176.1],[636.3,175.9],[635.8,176.1],[635.5,175.8],[635.1,176.3],[634.6,176.2],[634.1,176.5],[633.5,176.1],[633.8,175.4],[633.2,175.3],[632.7,175.9],[632.1,176],[630.3,175.5],[630.2,175.2],[630.3,174.6],[630,173.5],[630.3,172.7],[629.9,172.4],[630.2,171.6],[630.2,171],[629.5,170.8],[629.3,170.2],[629.4,169.8],[629.3,169.1],[629.7,168.3],[629.5,168],[629.5,167.2],[629,166.9],[628.6,167.1],[628.2,166.9],[628.5,166.3],[628.2,166],[628,165.1],[627.4,164.5],[626.3,164.1],[626.6,163.6],[626.8,162.6],[626.5,162.5],[626,162.8],[625.6,162.6],[625.4,161.8],[625,161.7],[624.2,162.1],[623.6,162.1],[623.2,161.2],[621.6,159.8],[621.8,159.2],[621.6,158.9],[620.7,158.7],[620.3,158.8],[619.5,159.7],[619.6,160.5],[619.4,161],[619.4,161.4],[619.9,161.9],[619.6,162.2],[619.3,163.1],[619.2,164.2],[618.7,164.4],[617.6,163.5],[617.4,164.5],[617,164.4],[616.3,163.4],[615.8,163.8],[615.7,163],[615.5,162.7],[614.4,162.5],[613.7,161.7],[612.7,161.4],[612.1,161.5],[610.9,161.4],[609.9,161],[609.3,161.1],[609,161.7],[609,162.8],[608.1,163.9],[607.8,163.7],[606.8,163.9],[606.3,163.6],[605.5,163.3],[605.2,163.6],[604.6,163.8],[603.8,163.4],[602.9,163.4],[602.3,162.9],[601.8,162.3],[601.9,162],[601.2,161.2],[600.5,160.9],[599.8,160.4],[599,159.8],[599.2,159.3],[598.6,158.8],[598.2,158.7],[598.1,158.3],[597.7,158.1],[597.2,157.3],[596.6,156.6],[596.4,156],[596.5,155.7],[596.2,155.1],[595.6,154.8],[594.5,154.1],[593.5,152.7],[593.3,152.1],[592.7,151.4],[591.6,150.6],[590.9,150],[590.9,149.7],[589.7,149.3],[589.2,149.4],[589,149.7],[588.2,150.4],[587,150.5],[586.6,150.5],[586.9,142.1],[587.3,133.5],[587.6,125.8],[588.1,115.3],[588.4,107],[589,92.3],[589.1,92.3],[589.3,87],[589.3,85.8],[589.9,73],[590.1,65.9],[590.6,56.3],[590.9,48.7],[591.2,40],[591.5,32.8],[592.1,19.5],[583,19.1],[582.4,19.1],[576.4,18.8],[574.2,18.7],[564.6,18.3],[554.3,17.8],[546.8,17.4],[540,17],[533.3,16.7],[531.9,16.6],[526.9,16.4],[518.6,15.9],[512,15.5],[501.2,14.9],[498.8,14.7],[494,14.4],[493.7,14.4],[483.4,13.7],[478.6,13.4],[478.4,13.4],[465.5,12.6],[451.7,11.6],[445,11.1],[441.2,10.8],[438.3,10.7],[429.4,10],[428.5,22.3],[428.5,22.4],[427.7,33.3],[427.1,41.7],[426.7,46.6],[425.9,57.5],[424.8,72.1],[424,82.9],[422.9,96.7],[422.4,103.7],[421.4,116.9],[420.6,128.2]]]}},{"type":"Feature","properties":{"st":"TX","district":14,"name":{},"label_x":918.1,"label_y":484.6},"geometry":{"type":"Polygon","coordinates":[[[859.9,524.5],[860.2,524.1],[865.2,521.6],[867.4,520.2],[870.4,517.9],[874.6,515.2],[878.5,512.9],[879.8,511.9],[880.3,511.1],[881.9,509.5],[883.2,509.8],[883.9,509.8],[884.7,509.6],[885.6,508.8],[886.1,508.3],[886.8,506.8],[887.1,505.9],[887.1,505.4],[886.8,504.4],[886.4,503.5],[885.5,502.7],[887,501.7],[894.3,498],[901.5,494.7],[901.8,494.6],[908.8,491.3],[908.8,491.4],[916,488],[921.4,485.9],[928.8,485.7],[930.6,485.9],[931.1,486.6],[932.2,487.3],[932.9,487.5],[934.2,487.5],[933.3,483.5],[932.7,481.3],[931.2,479.1],[930.8,478.3],[929.6,477.9],[929.3,477.2],[929.5,476.6],[929,475.9],[927.6,475],[927.2,474.3],[927.3,473.4],[927.6,472.8],[928.6,471.7],[929.6,470.9],[930.4,470.5],[931.2,470],[932.1,468.8],[932.8,467.6],[933.5,466],[933.9,464],[934.1,463.4],[934.7,462.4],[935,461.4],[935.4,460.9],[936.1,460.7],[936.3,460.3],[937,459.4],[937.6,459.1],[937.9,458.8],[938,457.8],[938.9,457],[939,456.1],[939.3,456],[939.5,456.7],[939.9,456.7],[940.2,456.3],[940,455.9],[939.2,455.8],[938.6,455.1],[938.8,454.7],[938.7,454.2],[939.2,453.6],[939.3,453.1],[939.8,452.9],[940,452],[939.9,451.2],[940.4,451.3],[940.1,450.1],[939.6,450.2],[939.8,449.5],[939.8,448.9],[939.3,448.3],[939.4,447.6],[939.6,447.4],[938.9,446.9],[938.7,446.4],[938.8,445.6],[939.2,445.6],[939.1,445],[939.7,444.3],[939.4,444],[937,444.1],[928.2,444.4],[922.5,444.5],[915.6,444.7],[915.7,446.2],[916.5,446.7],[917,447.3],[916.8,448],[916.1,448.3],[916,449.1],[916.2,449.7],[915.8,450.1],[916,450.9],[916.7,451.3],[917.2,452.1],[918,452.3],[918.3,453],[918.1,453.7],[917.6,454],[917.2,455.1],[916.7,455],[916.4,455.4],[917.6,456.8],[917.5,457.6],[917.3,458],[916,458.1],[914.9,458],[914.5,457.3],[908.5,464.4],[903,469.8],[902.2,470.6],[902.4,480.1],[902.6,487.2],[902,487.6],[902,486.8],[901.1,486.8],[900.6,488.3],[899.6,488.1],[899,488.5],[898.9,488.9],[899.3,489.8],[898.7,490.3],[897.7,490.3],[895.7,490.8],[894.4,491.4],[894.3,491.8],[892.8,492],[892.8,491.3],[892,490.7],[891.5,490],[890.8,489.8],[890.1,490],[888.8,490.6],[887.3,491.2],[884.7,491.8],[883.3,492.3],[882,492.4],[880.1,493.2],[879.2,493.3],[878.6,493.3],[877.8,493],[877,491.6],[876.3,492.2],[875.5,493.4],[875,493.8],[872.7,494],[871.3,494.5],[870.2,495.3],[869.6,495.2],[866.2,494.4],[865.4,493.9],[864.8,493.4],[864.1,492.6],[863.9,491.8],[863.2,491.9],[863.1,491.7],[862,491.3],[861.2,491.3],[860.8,491.5],[860.3,492.2],[860.2,492.9],[859.8,493.1],[859.5,493.5],[858.7,494.1],[858.8,494.5],[857.7,494.5],[857.4,494.9],[856.7,494.8],[856.1,495.2],[855.4,495.4],[854.9,494.6],[855,494.2],[854.2,494],[853.9,493],[853.3,492.3],[853.4,491.4],[851.6,491.3],[850.7,491.6],[850.2,491.6],[849.8,490.5],[848.9,491.3],[848.2,491],[847.9,491.3],[847.9,492.3],[847,492.2],[845.9,492.3],[845.6,492.6],[844.4,492.6],[844.4,493],[843,492.5],[839.5,492.7],[838.8,495.4],[835.3,493.3],[833.7,492.8],[833.1,492.7],[832.4,491.7],[832.7,491.3],[833.4,491.3],[833.3,490.7],[832.6,490.3],[831.9,490.3],[831.9,490.9],[830.8,490],[830.9,490.8],[830.4,490.9],[830.5,491.9],[830.8,491.9],[830.9,493.1],[830.7,495.2],[831.5,494.8],[832.5,495.1],[832.4,495.9],[833,496.1],[832.9,496.8],[833.1,497.6],[833.8,498.2],[833.7,499.2],[833.1,499.1],[832.8,499.3],[832.7,500.2],[832.4,500.4],[833,501.6],[832.8,501.9],[832.9,502.4],[832.3,502.7],[831.8,502.8],[831.5,503.2],[831,504.7],[830.9,505.3],[831,506.1],[831.8,506.2],[840.5,506],[840.5,505.3],[843.9,505.2],[846.1,503.9],[845.4,503.7],[845.4,503.3],[846.6,502.6],[846.4,502.4],[847.5,501.9],[847.9,502.3],[848.8,501.3],[849.7,501.4],[851.3,501.3],[851.7,500.4],[852.1,500.6],[852.8,500.6],[852.9,501],[853.5,501.3],[856.5,506.2],[860.7,513.2],[861.8,515.3],[861.3,516.4],[857.6,522.9],[857.9,523.2],[859.9,524.5]]]}},{"type":"Feature","properties":{"st":"TX","district":15,"name":{},"label_x":720.6,"label_y":600.2},"geometry":{"type":"Polygon","coordinates":[[[716.7,605.2],[716.6,604.8],[716,604.8],[715.7,604.2],[716.4,603.1],[717.4,602.9],[717.9,603.8],[718,604.3],[718.6,604.1],[719.1,604.2],[719.4,603.8],[721,603.7],[721.9,603.7],[722.9,603.3],[724.1,603.4],[725.9,602.9],[726.7,602.8],[728.3,603.2],[728.6,602.9],[728.6,602.1],[728.4,602],[729.1,600.8],[730.2,600.8],[733.6,602.9],[734.2,603.1],[736.3,600.1],[737,600.4],[737.5,600],[738.4,601.2],[739,600.5],[740.5,598.1],[742.2,595.8],[742.9,595.1],[743.2,594.9],[743.6,593.8],[744.3,592.9],[744.4,590.6],[744.7,589.4],[745.2,588.1],[746.6,585.9],[747.2,583.8],[747.8,580],[748.9,577.6],[749.8,576.6],[753.3,567],[753.7,565.6],[752.9,565.4],[753,564.9],[751.3,564.4],[747.3,562.3],[747.5,561.4],[746.9,561.4],[746.6,561],[746,560.6],[745.6,559.8],[745.7,559.4],[745.4,559.2],[744.8,559.8],[744.4,559.4],[744.6,559.1],[743.9,558.6],[743.5,559.2],[743,558.8],[742.3,559.2],[742.6,559.7],[741.8,559.6],[741.4,558.8],[740.7,558.3],[740.4,558.6],[739.7,558.7],[738.9,558.3],[738.3,558.4],[738,558.7],[737.5,558.1],[737.7,557.6],[737.4,556.2],[736.6,554.9],[736.4,554.5],[737.4,546.7],[737.3,546.1],[736.9,545.7],[737.4,545.3],[737.4,544.7],[737.8,543.6],[737.8,542.9],[737,542.5],[736.4,541.2],[736.2,541],[736.4,539.7],[735.9,539.2],[735.3,538.1],[734.6,537.8],[733.7,537.4],[733.3,538.2],[732.4,538],[732.3,538.5],[730.1,538.6],[729.7,538.8],[729.4,538.3],[729.8,538.2],[729.8,537.6],[729.4,537.5],[732.7,534.8],[740.1,528.7],[745.6,524.3],[746,524],[749,521.6],[751.2,524.4],[754.9,521.3],[762.8,515.1],[766.6,512.1],[770.3,509],[773.5,506.4],[769.8,501.8],[766.1,497.5],[764.3,495.3],[760,490.1],[757.7,490.1],[757.4,489.7],[757.7,488.9],[757.4,488.3],[757,487.9],[757.1,487.4],[756.2,486.9],[755.8,486.3],[748.2,486.4],[746.7,486.4],[739.6,486.5],[740.3,485.5],[736.2,481.8],[732.1,478.2],[729.5,475.9],[719.7,481.8],[713,485.9],[713,485.6],[712.2,485.5],[711.8,485],[711.3,485.1],[711,484.6],[705.9,492],[704.2,494.5],[703.7,495.3],[697.4,504.2],[701,508.5],[703.6,511.7],[711.5,520.8],[710.5,521.5],[703.6,527.1],[703,527.5],[710,536.2],[713.5,540.6],[707.9,544.9],[701.2,550.1],[700.7,549.6],[700.3,549.7],[698.5,549.9],[698.4,549.6],[697.9,549.2],[695.8,548.6],[695.3,548.1],[694.2,547.4],[694,547],[693.2,546.5],[687.9,548.3],[682.8,550.1],[688.3,561],[690.6,565.8],[695,574.7],[696.6,577.9],[698.8,582.4],[693.1,586.9],[693.4,587],[693.4,587.9],[692.9,588],[693.2,589.5],[693.2,590],[693.8,590.3],[694.3,590.8],[692.8,590.7],[686.6,590.6],[673.3,590.2],[673.2,594.4],[673,605.6],[672.8,613.3],[672.8,613.8],[672.7,619.6],[672.5,628.3],[672.3,636.4],[672.2,643.2],[664.3,642.9],[653.9,642.6],[654.2,643.3],[654.8,643.3],[655.5,643.6],[655.7,644.4],[656.5,644.6],[656.3,650.8],[657.9,650.9],[657.8,656.7],[660.7,656.7],[660.5,660.4],[660.2,668.6],[660.1,669.8],[660,674.8],[666.1,675],[661.3,685.3],[657,693.5],[656.1,695.5],[655.2,697.1],[662.8,698.5],[662.8,698.7],[669.3,699.9],[669.9,700.1],[669.2,703.7],[668.8,705.5],[669.1,705.6],[668.5,709.3],[669,709.4],[668.7,710.8],[669.2,710.9],[669.3,710.5],[669.8,710.5],[669.7,711],[670.9,711.1],[670.8,711.6],[671.3,711.7],[671.4,711.2],[672.7,711.4],[672.5,712.4],[674.8,712.8],[674.3,715.3],[672.1,714.9],[671.9,714.4],[671.3,714.6],[670.5,714.5],[670.4,715.2],[670.6,716.1],[670.2,716.7],[670,717.4],[669.5,717.3],[669.1,717.5],[668.8,719.1],[668.4,719.2],[668.1,719.4],[668.1,719.9],[667.4,719.8],[667.2,720.3],[668.2,720.8],[668.5,721.4],[669.2,721.8],[669.4,722.2],[670.5,721.9],[671,722],[671.9,722.6],[672.4,723.4],[672.8,723.6],[673,723],[673.8,722.2],[674.2,723],[674.8,722.9],[675.1,723.3],[675.8,723.8],[676.1,723.1],[676.2,722.6],[676.8,723.1],[678.2,722.8],[678.7,723.3],[679.4,723.1],[679.7,722.6],[680.2,723.8],[680.1,724.3],[680.8,724.2],[682.1,724.5],[682.6,723.1],[683.1,723.3],[683.8,723.3],[684.5,723],[685.1,723.5],[685.3,723],[686.6,724],[687.1,723.4],[687.5,723.3],[688.3,723.9],[688.6,723.2],[688.9,723.8],[689.5,723.6],[690,723.7],[690.6,723.4],[691,723.5],[691.4,723.1],[691.9,723.2],[692.5,723.7],[692.9,722.9],[693.1,715.6],[693.2,707.2],[693.4,698.8],[690.6,698.7],[690.6,698.6],[684.8,697.6],[685.3,694.7],[685.6,694.8],[686.1,691.8],[687.3,692],[687.1,690.8],[687.1,689.7],[687.4,689.7],[687.8,686.8],[686.2,686.5],[686.3,678],[686.5,667.3],[686.7,661],[686.9,651.7],[687,643.7],[682.7,643.5],[682.8,636.6],[682.9,628.5],[683.1,618.6],[690.2,618.7],[690.5,614.8],[690.9,609.4],[691,604.6],[691,602.1],[693.2,600.2],[699.2,594.9],[699.2,595.4],[698.7,596.4],[698.2,596.4],[698.1,596.7],[698.5,597.5],[698.6,598.7],[698.9,599.1],[699.3,598.5],[700.1,598.2],[700.5,598.8],[701.3,599.2],[701,599.5],[701.4,599.8],[701.7,599.5],[702.2,599.2],[702.4,599.5],[703,599.7],[703.1,600.3],[704,600.3],[704.5,599.9],[705,600.3],[705.5,600.3],[705.7,600.7],[705.5,601.1],[706.7,601.9],[706.4,602.6],[707,603],[707.7,603.3],[708.2,603.3],[708.6,603.8],[709.1,603.5],[709.4,602.7],[709,602],[709.3,601.8],[710.4,602.2],[710.3,603.1],[710.5,603.5],[711,603.8],[711.5,604.5],[712.5,604.2],[713.6,604.2],[714.3,604.4],[714.7,605.1],[716,605.2],[716.4,605.4],[716.7,605.2]]]}},{"type":"Feature","properties":{"st":"TX","district":16,"name":{},"label_x":217.5,"label_y":308.8},"geometry":{"type":"Polygon","coordinates":[[[214.6,295.1],[210.4,294.6],[204.7,294],[204.4,294.6],[203.9,294.6],[203.4,295.2],[203.8,295.9],[204.4,295.9],[204.4,296.4],[204.1,296.6],[204,298.3],[203.8,299],[204.4,299.4],[202.7,300.3],[202.4,300.9],[202.9,301.3],[203.2,301.7],[202.8,302.5],[202.7,302.9],[203.8,304.3],[204.3,304.4],[204.5,304.9],[204.2,305.6],[205.1,306.1],[205.6,307],[206.4,307],[207.3,307.4],[208.3,308.7],[208.2,309.2],[208.9,310],[209,310.6],[210.1,311.6],[211.1,311.6],[211.5,311],[212.2,310.8],[212.5,310.9],[213.4,311.6],[214.2,311.9],[216.2,313.4],[216.4,314.6],[216.6,314.9],[217.7,316],[218.3,318.3],[219.6,320.8],[219.7,321.2],[219.8,322.1],[220,322.7],[222.5,322.3],[223,323.1],[223.7,322.9],[224.1,322.5],[224.7,322.3],[224.8,322.9],[225.3,322.6],[225.5,323.1],[225.1,323.4],[225.3,323.7],[226.5,323.1],[225.6,322.8],[226.1,318.8],[225.1,318.7],[225.3,317],[225.5,316.7],[225.3,316.2],[225.5,314.9],[226.4,315],[226.7,312.3],[227,309],[226.7,309],[226.8,307.7],[223.4,307.3],[223,307.4],[222.9,308.2],[220.4,307],[220.3,306.8],[218.8,302.7],[218.2,302.4],[217,302.2],[218.2,300.5],[217.1,300.3],[215.9,301.9],[216,301.1],[216.4,300.5],[217,300.2],[216.7,299],[215.8,299.6],[215.2,299.9],[215.2,299],[216.2,299.1],[216.5,295.3],[214.6,295.1]]]}},{"type":"Feature","properties":{"st":"TX","district":17,"name":{},"label_x":756.4,"label_y":368.6},"geometry":{"type":"Polygon","coordinates":[[[692.6,325.3],[692.8,325.7],[695.4,330.4],[698,335],[701.6,341.6],[705.7,348.8],[710.1,346.3],[714.8,354.6],[715.4,355.7],[720.6,364.9],[725.2,372.8],[727.7,375.9],[726.7,378.6],[725.4,382.4],[727.9,383.2],[728.7,383.6],[728.1,385.4],[727.7,385.3],[727.2,386.6],[728.3,387.4],[728,387.8],[728.7,388.1],[728.6,388.5],[728.9,389],[728.7,389.4],[729.8,390.5],[729.4,390.7],[728.9,392.1],[729.7,392.4],[729.6,393.1],[730.3,393.5],[730.2,394.8],[730.8,395],[730.4,396.2],[730.7,396.5],[730.7,397.2],[730.9,397.9],[730.4,398.2],[730.4,399.1],[730.1,399.3],[730.6,399.9],[730.3,400.4],[730.4,401.3],[731,401.5],[731,402.3],[731.8,402.3],[732.5,403],[732.9,403.2],[733.6,402.8],[731.7,407.9],[730.6,411],[733.2,412.2],[735.9,420.1],[734.1,420.6],[731.4,421.5],[730.9,420.2],[730.6,420.6],[729.7,420.8],[726.6,421.9],[726.7,422],[725.2,422.6],[724.8,421.6],[723.8,422],[723.8,423.3],[723.5,423.3],[721.4,424],[714.6,425.3],[714.6,425.6],[713.8,425.7],[713.8,426.4],[714.5,426.5],[714.5,427.1],[712.4,427.2],[711.7,427],[711.2,426.3],[710.6,426.4],[710.9,425.7],[710.5,425.7],[710.5,425.2],[710.9,425.2],[711,424.7],[710.2,424.5],[710,423.9],[709.5,424.1],[709.3,423.5],[708.6,423.7],[708.6,425.1],[708.9,426.7],[708,426.6],[707.8,426.2],[706.8,425.8],[706.7,425.4],[706.2,425.4],[705.4,425],[704.7,424.9],[704.5,424.1],[704.2,423.8],[703.5,422.5],[702.6,421.6],[702.1,421.4],[701.2,421.9],[700.4,421.8],[700.3,421.5],[696.7,422.8],[696.6,422.7],[697.3,423],[697.3,423.6],[698.4,424.3],[698.2,425.9],[699.1,426.9],[698.7,427.6],[699.6,429],[699.6,429.2],[701.5,431],[702.8,430.9],[703.4,431.6],[703.9,431.4],[704.1,430.9],[705,430.5],[704.6,429.9],[704.8,429.4],[705.5,429.5],[705.9,429.1],[707.3,428.9],[707.7,429.1],[708.2,428.3],[709.1,427.4],[709.4,428.1],[710.2,427.9],[713.7,427.9],[714,427.6],[714.4,427.9],[715,427.6],[715.7,427.7],[716,428.3],[716.6,428.4],[717.1,429.1],[718,429.4],[718.3,429.3],[719,428.7],[719.5,429.3],[721.5,430.1],[721.9,430.6],[722.3,430.4],[723.4,430.5],[724.5,432],[725.2,431.9],[725.9,432.1],[726.3,433],[726.7,433.3],[727.1,433.3],[729.1,434.4],[734,432.8],[739.6,430.9],[745.1,427.6],[748.2,425.8],[755.1,421.8],[759.4,419.3],[763.3,417.1],[767.3,414.8],[770.6,412.9],[770.9,413],[771.8,413],[772.1,413.2],[772,413.8],[773.5,414.7],[773.7,415.2],[780,412],[781.1,410],[782,408.8],[782.8,406.5],[783.4,405.6],[784.1,404],[784.4,403.5],[785.4,402.6],[785.6,401.8],[786.3,400.8],[787,400.2],[788.8,398.9],[790.2,398.1],[791.3,397.3],[792.5,396.6],[792.7,395],[792.1,394.5],[791.4,394.3],[791.7,393],[792.1,392.7],[792.2,391.4],[792.5,391.1],[791.6,390.2],[791.6,389.8],[791,389.7],[790.5,389],[790.3,388.5],[790.4,387.3],[790.2,386.7],[789.5,385.5],[789.2,384.9],[789.2,384.2],[789.3,383.3],[788.9,381.7],[788.6,381.4],[788.6,380.3],[788.2,380],[788.4,379.5],[788.1,378.7],[787.6,378.3],[787.5,377.8],[788,377.6],[788.4,377],[788.3,376.2],[787.6,375.6],[787.8,374.1],[788.2,373.2],[788.1,372.3],[788.3,371.6],[788.1,371.3],[788.3,370.6],[788,369.9],[788.1,369.7],[792.1,367.5],[800,363.3],[806.4,359.8],[813.5,356],[818.5,353.3],[818.5,352.8],[818,352.4],[818.4,351.5],[818.2,350.5],[818.4,349.7],[819,348.9],[818.3,348.6],[818.1,349.5],[817.5,349.8],[817.2,349.6],[816.7,348.7],[816.4,348.7],[815.8,348.2],[814.7,348.1],[814.3,348.7],[813.7,348.3],[813.2,347.6],[813.5,346.7],[814,346.6],[813.8,345.3],[813.3,345.1],[813.6,344.7],[813.5,344.1],[812.4,343.9],[812.2,343.4],[810.7,343.4],[810.4,343],[809.1,342.7],[808.5,341.8],[807.4,341.8],[807.8,341],[807.9,339.9],[807.8,339.7],[807.7,338.9],[806.7,338.2],[807.1,337.2],[807.5,336.9],[807.7,335.9],[807,336.3],[806.7,336.7],[806.1,336.3],[806,335.7],[805.4,336.3],[804.8,335.9],[804.9,335.3],[805.3,334.2],[805.7,333.6],[806.1,332.8],[805.2,331.8],[805.6,331.3],[805.2,331],[805.1,330.5],[804.8,330.5],[804.3,331.2],[803.9,331],[803.3,331.2],[802.9,330.4],[803.4,330.1],[802.7,329],[803.6,327.9],[803.3,326.8],[794.7,331.8],[787.1,336.1],[784.9,337.4],[778.1,341.3],[773.1,340.8],[765.5,340],[763.2,335.9],[758.4,327.6],[755.6,322.5],[753,323.9],[749.7,318.1],[744.9,309.5],[742.3,310.2],[740.7,310.4],[739.5,310.7],[739.5,309.9],[739,309],[738.4,308.6],[737.8,309.1],[737.5,309.1],[736.5,307.3],[735.8,307],[734.3,305.8],[733.6,305.5],[732,304.5],[731.4,304.5],[729.8,303.9],[728.8,304.2],[729,304.7],[728.4,305.1],[728.2,304.4],[727.7,304.6],[727.5,304.3],[726.2,305],[726,304.5],[724,305.6],[724,306.5],[724.3,307.2],[723.7,307.7],[723.4,308.7],[721.6,309.7],[721,310.9],[721.5,311.3],[721.7,312.7],[722.2,313.8],[722,314.7],[722.1,315.5],[721.8,315.9],[720.7,316.2],[720.7,317.1],[720.9,317.6],[720.5,318],[719.4,317.6],[718.3,316.9],[717.5,316.9],[717.4,316.6],[717.8,316.1],[717.4,314.9],[717.1,314.8],[716.2,315.2],[715.8,314.7],[716.2,314.5],[716.4,314.1],[716.2,313.5],[715.8,313.2],[714.3,313.2],[714,312.9],[713,313.6],[710,315.3],[706.7,317.3],[700.6,320.8],[692.6,325.3]]]}},{"type":"Feature","properties":{"st":"TX","district":18,"name":{},"label_x":843.9,"label_y":480.2},"geometry":{"type":"Polygon","coordinates":[[[844.1,475.2],[844.2,476.7],[843.4,477],[843.3,477.6],[843,477.9],[842.3,477.8],[842.3,478.7],[842.7,479],[842.6,479.4],[840.7,482.1],[839.9,482.2],[839.7,482.6],[839,482.6],[838.2,483.2],[836.4,483.6],[835.9,483.4],[835,483.6],[834.2,483.9],[833.8,483.6],[831.6,483.7],[831.1,484.1],[830.8,485.1],[831,485.6],[829.9,485.6],[829.9,486.5],[830.3,486.5],[830.4,487.1],[830.8,487.1],[830.9,489.3],[830.8,490],[831.9,490.9],[831.9,490.3],[832.6,490.3],[833.3,490.7],[833.4,491.3],[832.7,491.3],[832.4,491.7],[833.1,492.7],[833.7,492.8],[835.3,493.3],[838.8,495.4],[839.5,492.7],[840.1,490],[840.5,489.8],[841.9,489.9],[842.2,489.6],[842.9,489.4],[843.4,489.7],[844.1,489.5],[844.6,489.6],[845.5,488.7],[846.3,488.8],[846.3,487.2],[847.1,487.2],[846.4,484.9],[847.9,483.7],[847.7,483.2],[846.9,483.2],[846,483.4],[845.3,480.9],[845.4,480.7],[846.5,479.4],[847.1,478.3],[846.1,478.2],[846.5,477.5],[846.6,476.1],[847.9,476],[848.2,476.4],[848.2,477.4],[848.5,477.5],[848.4,478.7],[849.8,479.7],[850,479.7],[849.9,478],[849.8,477.3],[849.3,477.2],[849.4,476.5],[849,475.6],[848.4,475],[849.5,474.5],[853.9,472.2],[853.8,470.7],[853.7,470.2],[852.9,469.3],[852.9,468.4],[853,466.8],[852.7,466.3],[852.3,466.2],[849.8,466.1],[848.8,465.8],[847.9,465.8],[847.5,467.2],[845.2,473.8],[844.2,473.9],[844.5,475],[844.1,475.2]]]}},{"type":"Feature","properties":{"st":"TX","district":19,"name":{},"label_x":469.2,"label_y":222.7},"geometry":{"type":"Polygon","coordinates":[[[420.6,128.2],[420.1,134.6],[419.4,144.1],[418.8,151],[418,162.2],[417.4,170.6],[416.8,178.2],[416.1,186],[415.3,194.7],[414.4,204.4],[414,209],[413.2,217.6],[412,230.4],[411.4,237.3],[410.6,245.6],[409.9,255.2],[409.3,264],[409,267],[408.1,279.2],[407.3,290.3],[406.8,297.5],[406.1,306.9],[409.7,307.2],[417.9,307.8],[420.9,308],[421.1,308.1],[425.7,308.4],[426.3,308.4],[434.1,309],[444.1,309.7],[446.9,309.8],[453.9,310.3],[467.3,311.2],[479.5,311.9],[483.6,312.1],[490.3,312.5],[502.5,313.2],[509.4,313.6],[517.3,314.1],[526.8,314.6],[528.5,314.7],[537.1,315.2],[538.6,315.3],[544.2,315.6],[544.5,315.6],[552.1,316.1],[562.2,316.7],[565.4,316.8],[566.3,316.8],[571,317],[579.1,317.4],[590.5,317.9],[595.8,318],[600.5,318.3],[600.5,316.2],[600.9,307],[600.9,306.4],[601.1,302.6],[601.2,300.8],[601.5,294.4],[608.3,296.1],[608.9,296.3],[608.9,296.5],[610.7,296.6],[611.3,296.7],[611.4,293.4],[612.1,292.5],[613.1,292.3],[613.5,292],[614,290.6],[614.5,290.2],[614.8,289.6],[623.1,289.9],[631.8,290.2],[632.3,275],[632.7,260.4],[637.8,260.6],[640.9,260.7],[641.1,253.4],[641.4,241.2],[641.6,232.9],[641.6,231],[632.1,230.7],[623.4,230.3],[612,229.9],[603.3,229.6],[597.2,229.4],[590.1,229.1],[583.3,228.9],[577,228.6],[576.3,228.6],[569.7,228.2],[566.8,228.2],[564.6,228],[555.4,227.6],[548.5,227.2],[542.4,226.9],[541.5,226.9],[535.3,226.6],[530.4,226.4],[525.4,226.1],[525.8,219.2],[526.4,205.5],[527,193.9],[527.3,187],[527.9,177.4],[528.1,173.2],[528.5,164.5],[525.1,164.3],[514.7,163.7],[504.9,163.2],[505.1,158.9],[505.5,151],[506.1,142.3],[506.1,142.1],[506.6,133.8],[501.9,133.6],[491.8,133],[491.3,132.9],[484,132.4],[477.7,132],[474,131.8],[465.2,131.3],[457.3,130.9],[443.4,129.8],[429.8,128.8],[423,128.3],[420.6,128.2]]]}},{"type":"Feature","properties":{"st":"TX","district":20,"name":{},"label_x":653.7,"label_y":496.1},"geometry":{"type":"Polygon","coordinates":[[[663.9,494],[663.4,494.3],[663.4,494.6],[664.7,494.7],[664.8,495.1],[665.3,495.1],[665,495.7],[665.3,496],[665,496.6],[664.2,496.6],[663.4,497.6],[663.1,497.3],[661.7,497.4],[661.5,496.8],[661.9,496.6],[662.5,496.6],[662.6,496.2],[661.5,495.3],[661.4,495.7],[660.5,495.7],[660.5,494.1],[658.5,492.4],[657.6,492.9],[657.2,493.4],[656.8,491.9],[656.1,491.2],[655.7,491.7],[655.4,490.5],[654.9,490.4],[654.9,491.1],[654.2,491.8],[653.2,491.8],[653.2,492],[650.6,492],[650.6,493.3],[649.6,493.3],[649.6,493],[648.3,492.9],[647.9,492.7],[647.3,492.7],[647,493],[647.8,493.5],[647.5,494.1],[646.9,494.1],[646.7,494.5],[646.9,495.1],[646.8,495.7],[645.7,495.8],[644.9,495.7],[645.4,497.2],[646.2,496.8],[646.9,497.2],[647.1,497.6],[647,498.7],[646.6,498.8],[646.6,499.4],[647.6,499.4],[648,500],[648.1,500.9],[648.3,501],[649.9,500.6],[650.9,500.2],[653.6,499.6],[653.5,499.2],[652.9,499.2],[652.9,498.8],[653.4,498.7],[653.3,498.2],[652.9,497.8],[652.3,497.8],[652,497.3],[651.4,496.7],[652.3,496.5],[652.8,496.7],[653.5,496.5],[654,496.8],[654.1,497.5],[654.1,499.5],[654.8,499.5],[655,500],[656.2,500.2],[656.1,501.1],[656.8,501.2],[658.2,501.4],[660.1,501.3],[660.7,501.6],[661.1,501.3],[662.2,501.3],[662.2,500.9],[662.9,501],[662.9,500.4],[666.4,500.5],[666.4,498.8],[668.1,499],[668.1,497.4],[670,496.8],[670.6,496.4],[671,495],[671.3,494.7],[670.6,493.9],[671.2,493.6],[671,493.2],[670.5,492.8],[669.8,493],[668.4,493],[668.3,493.6],[667.9,493.5],[667.5,493],[666.1,493],[666.3,492.2],[665.7,492.6],[664.9,492.6],[665,493.2],[664.7,493.6],[663.9,494]]]}},{"type":"Feature","properties":{"st":"TX","district":21,"name":{},"label_x":631.7,"label_y":461.4},"geometry":{"type":"Polygon","coordinates":[[[588.8,438.2],[588.3,446.8],[588,452.7],[578.7,452.3],[578.7,452],[575.8,451.6],[575.3,455.5],[574.4,455.4],[574.2,457.1],[573.4,462.5],[573.3,464],[572.9,463.9],[572,464.8],[572,465.4],[572.2,465.8],[571.9,467.1],[571.5,467.2],[571.4,467.6],[571.7,468.5],[571.6,468.8],[571.9,469.4],[572.2,469.6],[572.3,470.9],[571.4,471.1],[571.4,471.5],[571,471.8],[571.4,473.2],[571.7,474],[571.2,474.6],[571.5,475.1],[571.1,475.7],[569.2,476.3],[570.2,476.6],[570.2,477.4],[570.5,477.7],[571,477.8],[571.2,478.2],[571.8,478.7],[571.5,479.1],[571,479.5],[571.5,480.3],[572.2,481.7],[571.8,482.2],[579.8,482.5],[580.3,482.5],[587.1,482.8],[587.6,482.8],[595.8,483],[602.4,483.2],[610.1,483.5],[615.1,483.7],[617.9,483.8],[624.8,484.2],[631,484.4],[632,484.5],[632.4,485.2],[632.3,486.1],[631.7,487],[632.2,487.7],[631.8,488],[631.8,488.4],[632.4,489.3],[633,488.8],[633.4,488.7],[634.4,488.9],[634.9,488.6],[635.2,488.7],[639.2,484.1],[644.2,478.3],[645.1,478.3],[646,478.4],[646.6,478.6],[647.1,478.3],[647.4,477.8],[647.7,478.1],[648.2,477.7],[648.8,477.6],[649.6,477.2],[650.2,477.4],[650.3,477.1],[651,476.9],[651.1,476.6],[652,476.7],[652.1,477.2],[653,477],[653.5,477],[653.6,477.3],[654.4,477.3],[654.6,476.6],[655.4,477.2],[655.9,477.1],[656.1,476.7],[657,476.6],[657.3,476.1],[657.7,476.5],[658.5,476.6],[658.8,477.2],[659.3,477.1],[660.2,477.6],[661.8,477.9],[662.4,477.6],[662.9,478.1],[663.6,477.8],[663.8,478.2],[663.7,478.9],[663.3,479.8],[663.1,481.4],[663.3,482.3],[663.3,483.4],[662.3,485.4],[661.6,488.1],[661.2,489.2],[660,488.1],[659.4,488.4],[659,489],[659.2,489.6],[658.2,489.5],[657.7,490],[656.5,488.8],[656.5,488.4],[655.7,487.1],[655.1,487.2],[655,487],[654.3,486.4],[653.9,485.3],[653.5,485.7],[652.7,485.9],[652.7,486.4],[652.5,487.5],[652.1,487.6],[651.1,488.9],[649.5,490.7],[648.3,492.9],[649.6,493],[649.6,493.3],[650.6,493.3],[650.6,492],[653.2,492],[653.2,491.8],[654.2,491.8],[654.9,491.1],[654.9,490.4],[655.4,490.5],[655.7,491.7],[656.1,491.2],[656.8,491.9],[657.2,493.4],[657.6,492.9],[658.5,492.4],[660.5,494.1],[660.5,495.7],[661.4,495.7],[661.5,495.3],[662.6,496.2],[662.5,496.6],[661.9,496.6],[661.5,496.8],[661.7,497.4],[663.1,497.3],[663.4,497.6],[664.2,496.6],[665,496.6],[665.3,496],[665,495.7],[665.3,495.1],[664.8,495.1],[664.7,494.7],[663.4,494.6],[663.4,494.3],[663.9,494],[663.9,493],[663.6,492.5],[663.1,492.2],[664.1,491.7],[664.3,491.3],[663.5,490.5],[662.5,490.4],[662,490.1],[663,489],[662.5,488.5],[663.2,487.6],[663,487.4],[663.1,486.6],[664.4,486.9],[666.2,486.8],[668.2,486.8],[668.6,487.1],[668.9,486.8],[670.3,486.5],[670.4,486.9],[671.2,487],[671.3,487.5],[675.2,485.8],[677.7,484.8],[682.6,482.6],[684.4,481.8],[688.4,478.4],[689.7,477.3],[693,473.7],[697.1,470.4],[696.5,470.1],[696.2,470.5],[695.5,470.6],[694.4,470.3],[694.8,469.7],[694.5,469.4],[695.7,468.3],[695.6,467.8],[696.1,466.9],[695.7,466.7],[695.6,465.9],[695.1,466.5],[695.1,467.1],[694.4,467.7],[694,467.3],[694.1,466.9],[693.7,466.1],[693,465.8],[692.4,464.8],[692.2,464.2],[691.2,463.1],[690.7,463],[690.2,462.2],[689.8,461.9],[689.8,461],[690,460.6],[689.6,460.1],[689.5,459.3],[689.5,457.8],[688.6,457.5],[688,456.9],[688,456],[687.5,456],[687.4,454.6],[687.7,454.4],[687.5,453.9],[687.6,452.9],[687.6,451],[689.1,450.5],[689.7,450.5],[689.8,449.6],[690.1,448.8],[690.3,448],[690.8,447.9],[691.6,447.2],[691.9,447.2],[692,448.2],[692.7,449.6],[693,450],[694.4,449.1],[694.4,448.6],[692.1,446.7],[686.6,441.9],[685.2,440.7],[680.5,436.7],[683.4,432],[676.2,429.7],[666.9,426.5],[662.1,426.5],[654.6,426.4],[647.7,426.2],[639.8,426],[632.9,425.8],[625.7,425.6],[619.2,425.3],[615.3,425.1],[615,439.4],[605.1,439],[598.1,438.7],[588.8,438.2]]]}},{"type":"Feature","properties":{"st":"TX","district":22,"name":{},"label_x":834.1,"label_y":507.2},"geometry":{"type":"Polygon","coordinates":[[[824.7,481.4],[826.3,480.1],[827,478.9],[827,476.7],[826.2,476.4],[822.8,476.4],[822.7,475],[823.3,475],[823.7,475.2],[823.7,474.3],[822,474.3],[821.6,474.2],[821.6,473.2],[820.8,473.2],[820.1,472.4],[820.6,472.3],[820.6,471.3],[819.6,471.3],[819.6,470.3],[814.8,470.4],[816.6,476.1],[813.1,477.7],[809.3,479.3],[808.1,479.4],[808.1,480.1],[804.5,480.2],[804.5,480.9],[805.7,480.7],[806.1,481.5],[806,481.9],[805.2,481.7],[805.6,482.8],[805.4,483.4],[804.5,482.8],[803.2,483.2],[802.9,483.7],[803.6,484.3],[803.8,484.4],[804.7,483.7],[805.3,484.1],[805.5,484.5],[804.5,485],[805.4,485.7],[805.4,487],[805.1,487.1],[805,487.6],[805,488.6],[802,488.6],[802.2,489.3],[802.8,489.3],[802.7,490.4],[802.9,490.9],[803.8,491.3],[804,491.9],[804,492.8],[803.2,492.8],[803.2,494.6],[804.3,494.7],[805,495],[805.1,495.3],[804.7,495.8],[803.6,496],[803.3,495.8],[802.9,496.3],[802.9,497],[803.5,497.3],[803.6,498],[804.2,498.6],[804.3,499.1],[804.7,499.4],[805.2,499.4],[805.9,500.2],[806.8,499.9],[807.2,500.6],[807.1,500.9],[807.5,501.4],[808,501.4],[808.2,502.2],[808.3,503.4],[808.9,503.4],[809.3,503.7],[809.7,504.7],[810.1,504.9],[809.1,505.8],[809.3,506.4],[809.7,506.7],[810.4,506.9],[810.9,506.9],[811.3,507.5],[812.4,507.9],[812.7,508.1],[812.4,508.9],[812.8,509.4],[813.5,511.1],[814.8,511],[815.7,511.6],[813.8,513.5],[815.5,515.2],[814.8,516],[815.9,517.1],[815.4,517.7],[815.2,518.7],[815.8,519.5],[816,520.2],[815.8,520.6],[815.8,521.2],[815.4,521.7],[816,522.7],[816.5,522.9],[817.7,522.8],[817.9,523],[818.1,523.6],[818.6,524],[819.3,524.5],[820.2,524.8],[820.1,525.3],[819.6,525.4],[819.5,525.9],[819,526.3],[819.4,526.6],[819.3,527.5],[819.4,528.3],[819.8,528.5],[819.5,529.1],[820.1,529.6],[820.2,530.2],[819.9,530.7],[820.3,531.1],[823.8,531],[824.7,531.3],[825,531.5],[825.6,531.3],[825.9,531.8],[826.7,532.1],[827.3,532.9],[826.9,533.8],[827,534.3],[827.5,535.3],[828,535.7],[828.6,536],[829,536.5],[829.3,536.7],[830.8,537.8],[831.2,538.2],[831.4,538.7],[831.3,539.6],[831.9,540.2],[833,540.2],[833.7,540],[834.1,540.3],[834.6,540],[835.7,539.7],[835.5,540.5],[836.2,544.5],[836.3,544.5],[840.6,541.8],[841.7,541.8],[843.1,541.5],[844.6,540.9],[845.9,540.2],[846.4,539.8],[847.1,538.7],[847.2,538.2],[848.2,537.3],[850.5,535.9],[852,534.7],[853.2,533.6],[854.7,532.1],[857.1,529.2],[857.9,528.5],[859.1,527.6],[859.7,526.5],[860.1,524.8],[859.9,524.5],[857.9,523.2],[857.6,522.9],[861.3,516.4],[861.8,515.3],[860.7,513.2],[856.5,506.2],[853.5,501.3],[852.9,501],[852.8,500.6],[852.1,500.6],[851.7,500.4],[851.3,501.3],[849.7,501.4],[848.8,501.3],[847.9,502.3],[847.5,501.9],[846.4,502.4],[846.6,502.6],[845.4,503.3],[845.4,503.7],[846.1,503.9],[843.9,505.2],[840.5,505.3],[840.5,506],[831.8,506.2],[831,506.1],[830.9,505.3],[831,504.7],[831.5,503.2],[831.8,502.8],[832.3,502.7],[832.9,502.4],[832.8,501.9],[833,501.6],[832.4,500.4],[832.7,500.2],[832.8,499.3],[833.1,499.1],[833.7,499.2],[833.8,498.2],[833.1,497.6],[832.9,496.8],[833,496.1],[832.4,495.9],[832.5,495.1],[831.5,494.8],[830.7,495.2],[830.9,493.1],[830.8,491.9],[830.5,491.9],[830.4,490.9],[830.9,490.8],[830.8,490],[830.9,489.3],[830.8,487.1],[830.4,487.1],[830.3,486.5],[829.9,486.5],[829.9,485.6],[831,485.6],[830.8,485.1],[830,484.7],[828.4,484.6],[828.4,483.9],[827.5,484],[827.5,485.7],[826.8,485.8],[826.9,487.7],[827.5,488.3],[827.5,490.2],[827.5,490.4],[827.6,492.1],[827.3,492],[827,491.3],[825.5,491.1],[824.5,491.3],[823.8,492.9],[821.8,492.6],[821.2,492.3],[822.2,491.9],[822.6,491.5],[822.9,490.6],[823.5,490.5],[823,490],[823.2,488.8],[823.1,487],[823.7,487],[824.9,487.6],[825.5,487.4],[825.4,486.5],[824.9,486.5],[825,485.7],[824.3,485.7],[824.2,486.1],[823.7,486.2],[823.4,485.4],[823.9,485],[823.1,484.4],[821.3,484.4],[820.1,483.3],[819.5,482],[824.5,481.5],[824.7,481.4]]]}},{"type":"Feature","properties":{"st":"TX","district":23,"name":{},"label_x":434.7,"label_y":422},"geometry":{"type":"Polygon","coordinates":[[[220,322.7],[220.3,323.7],[220.6,325.4],[222,326.6],[222.4,327.1],[222.7,328.9],[223.4,330],[223.5,331.2],[224.1,332.2],[224.5,332.6],[225.6,333.1],[226,333.4],[226.9,334.6],[228,335.5],[229.2,335.7],[229.5,335.9],[230.6,337.3],[231.1,337.7],[235,338.4],[235.2,338.5],[236.9,340.4],[237.8,340.6],[238.1,341.4],[238,342.4],[238.3,343.7],[238.7,344.2],[240,344.3],[240.2,344.8],[240.6,345.8],[241.6,345.9],[242.1,346.2],[242.9,347.4],[243,347.9],[243.7,349.2],[244.6,350.4],[245.7,352.4],[246.3,352.7],[246.5,353.1],[246.4,353.9],[246.7,354.8],[247.3,355.1],[248.5,355.3],[249.6,356.4],[249.8,357],[250.2,357.3],[253.4,359],[253.7,360.1],[254.5,360.3],[255.7,361.3],[256,362.1],[256.2,362.8],[256.7,363.3],[256.9,364.7],[256.7,365.3],[256.9,365.9],[257.3,366.2],[257.2,366.7],[257.8,368],[258.6,368.4],[259.2,368.5],[259.7,369],[260.1,369.8],[260.8,369.8],[261.2,370.5],[260.9,370.9],[262.4,372.2],[262.5,372.8],[263.4,372.9],[263.2,373.3],[264,374.1],[264.8,374.7],[265.4,374.8],[265.7,375.5],[266.2,375.7],[266,376.4],[266.4,376.5],[266.2,377.6],[265.8,377.9],[266.1,378.3],[266.6,378],[267.2,378.4],[268.2,378.7],[268.5,379],[269.3,379.2],[269.4,379.7],[269.9,379.9],[270.4,380.3],[270.7,381.2],[271,381.4],[271.5,380.4],[272,380.5],[272.1,380.9],[272.6,381.2],[272.8,381.8],[273.1,381.7],[273.7,382.7],[274.1,382.5],[275.3,382.3],[275.4,382.6],[276.1,382.2],[276.5,382.8],[276,383],[275.8,383.5],[276.2,383.8],[277.2,383.2],[277.7,383.8],[277.7,384.3],[278.3,385],[278.7,384.5],[279.4,385],[279,385.7],[279.7,386.2],[280,386],[280.8,386.4],[281.8,387.2],[281.7,387.7],[282.1,388],[282.3,388.8],[282.8,388.8],[283.6,389.9],[284.3,390.2],[284.2,391],[284.6,391.3],[285.1,391.4],[285.4,391],[286.1,391.6],[287.3,391.3],[287.6,391.8],[287.6,392.3],[288.4,393.2],[288.4,394.9],[288.6,395.3],[288.6,396.1],[289.2,396.8],[289.6,396.7],[290.1,397.2],[290.8,397.2],[291,397.5],[291.7,397.4],[291.9,397.9],[291.8,398.6],[292.3,398.6],[292.5,399.2],[292.9,399.6],[293,400.2],[292.8,400.7],[293.4,401.3],[293.2,402.1],[293.7,402.5],[293.6,403.3],[294,403.8],[293.8,404.8],[294.3,405],[293.9,405.8],[294.1,406.9],[293.9,407.3],[294.1,407.9],[293.9,408.3],[294.3,408.6],[294.3,409.2],[294.1,409.4],[294.8,410.4],[294.3,410.6],[294.4,411.2],[294,411.9],[294.3,412.3],[295.2,413.1],[296.2,413.2],[296.2,413.6],[296.6,414],[296.4,414.6],[295.9,414.8],[296.6,415.4],[296.4,415.9],[297.2,416.2],[297.8,417.2],[299.1,418.4],[299.2,419.4],[299,420],[299.7,420.4],[299.6,421.1],[300.5,421.2],[301.5,422.9],[301.9,423.1],[301.6,424],[302,424.6],[302.2,426],[302.7,426.9],[302.5,428.1],[302.3,428.9],[302.3,429.5],[301.9,430],[301.8,430.9],[302,431.4],[301.8,432],[302.1,433.4],[301.8,433.7],[301.5,434.4],[301.1,434.8],[300.7,435.4],[301.3,436.3],[301,436.4],[300.7,437.2],[301.5,437.8],[301.2,438.8],[301.5,439],[301.3,439.5],[301.6,439.7],[301.1,440.5],[301.7,440.8],[301.4,441.7],[302.1,442],[301.6,442.5],[301.4,443.2],[301.7,444.6],[302.3,445.1],[302.6,445.6],[302.6,446.3],[302.8,446.4],[303.2,446.9],[303.2,447.2],[303.9,447.8],[304,448.2],[304,449.1],[304.8,449.5],[305.1,450],[304.4,450.6],[305.1,450.8],[304.9,451.3],[305.4,451.5],[305.8,452.4],[306.2,452.6],[306,453],[306.5,453.1],[306.5,454],[306.8,454],[307.2,454.8],[307.1,455.6],[306.9,455.9],[307.9,457],[307.9,457.6],[307.7,458.3],[308.1,458.5],[308,459.9],[308.8,460.3],[308.7,460.5],[307.9,460.9],[308.4,461.5],[309,462],[309.4,463.9],[309.8,464.4],[310.4,463.9],[310.5,464.3],[311,464.7],[311.5,464.8],[311.7,465.5],[312.5,466.2],[312.8,466.5],[315.7,468.9],[315.9,470],[316.6,471],[317.3,471],[317.6,471.5],[319,472.7],[320,472.6],[320,472.2],[320.5,472],[320.6,472.7],[321.4,472.7],[321.6,473],[323.4,473.5],[323.4,474],[323.8,474],[324.8,474.9],[325,476],[325.9,475.7],[326.3,476],[325.9,477.3],[325.6,477.5],[326,478.1],[326.9,478.7],[326.9,479],[327.6,479.8],[327.4,480.4],[327.6,480.8],[328.2,481.1],[328.4,481.6],[328.2,481.9],[328.6,482.3],[329.1,482.4],[329.6,483.2],[330.2,483.1],[330.8,483.3],[330.8,483.7],[331.6,483.7],[332.4,485.1],[332.9,485.6],[333.4,485.6],[333.8,486],[334.4,486.3],[334.4,486.8],[335.3,487.6],[336.3,488.2],[337.4,488.7],[337.9,488.8],[339.1,489.5],[339.3,489.2],[341.1,489.9],[341.8,489.8],[342.5,490.6],[343.3,490.4],[343.8,491],[344.1,490.7],[344.8,490.8],[345.3,491.1],[345.7,491],[346.8,491.3],[346.9,491.7],[347.4,492],[348.2,491.7],[348.5,492],[348.6,492.6],[349,492.8],[349.6,492.4],[349.9,492.5],[350.3,493.7],[350,493.9],[349.8,495],[350.1,495.5],[350.5,495.5],[350.6,495],[351.2,494.7],[351.4,495],[351.3,495.6],[352,495.5],[352,496.4],[352.3,496.9],[353,497.6],[353.3,498.4],[353.6,498.1],[354.2,498.2],[354.4,498.7],[355,498.7],[355.6,499.1],[356.1,499.1],[356.8,499.5],[357.1,500.1],[358.1,500.3],[358.5,500],[359.5,499.9],[360.1,500.5],[360.3,500.9],[361.2,501.1],[361.6,500.9],[362.6,500.8],[363.1,501.8],[363.4,501.6],[364.4,502.2],[364.4,503.3],[365.1,503.4],[365.7,503.8],[366.5,505.2],[367.3,505.9],[367,506.9],[367.2,507.2],[368.4,506.9],[368.4,507.3],[368.8,507.8],[369.3,507.9],[369.6,508.5],[369.4,508.9],[370.1,509],[370.3,509.3],[370.9,509.3],[371,509.8],[371.9,509.8],[372.1,510.4],[372.6,510.5],[373.5,510.9],[373.8,510.7],[374.3,509.5],[374.5,509.1],[375.3,509.4],[375.4,510.1],[374.9,510.4],[374.7,510.9],[375.4,511.2],[376.2,510.6],[376.5,511.1],[376,511.5],[376.4,512.1],[376.8,511.8],[377.7,512.4],[377.9,513.3],[377.5,513.9],[378,514],[378.5,513.5],[378.9,512.8],[379.5,513.4],[379.7,513.9],[380.4,513.9],[381.1,513.3],[381.4,513.8],[381.8,513.6],[382.4,513.7],[384.4,514.3],[385.3,514.9],[386.4,514.2],[387.4,514.3],[387.7,514],[387.6,513.4],[388.2,512.3],[388.6,512.1],[388.9,511.5],[388.4,510.7],[388.8,510],[388.9,509.2],[389.4,509],[389.4,509.7],[389.7,509.7],[389.7,508.8],[390.4,508.1],[390.2,507.5],[390.8,507.2],[391.2,507.3],[391.8,506.8],[392.3,507.2],[393,506.8],[393.4,505.9],[393.8,505.3],[394.3,505.3],[394.3,504.6],[394.6,504.5],[394.7,503.8],[395.1,503.7],[395.5,503],[395.5,502.1],[396,501.5],[396.6,501.4],[397.6,501.9],[398.2,502.1],[399.4,501],[400.3,501.3],[400.6,500.3],[400.5,499.7],[400.9,499.5],[401.4,500.2],[401.7,500.3],[402.7,500],[403.3,499.4],[403.1,498.8],[403.2,498.2],[402.7,497.8],[402.3,497.8],[401.8,497.2],[401.4,497.2],[401.3,496.6],[401.7,496.2],[401.6,495.5],[402.4,494.9],[402.5,494.6],[402.3,493.6],[402.6,493.4],[402.6,492.9],[403.2,491.6],[403,491],[403.4,490.6],[404.4,490.9],[405.3,490.5],[405.4,489.5],[406.1,489.1],[406.1,488.6],[406.6,488],[407.2,488],[407.4,487.7],[406.7,487.5],[406.3,487],[406.7,486.6],[406.4,485.6],[406.6,484.8],[407.2,484.4],[406.9,484.1],[407.1,483.6],[407.7,483],[407.8,482.3],[408.5,482.1],[408.2,481.6],[408.3,480.1],[408.3,479.6],[408.8,479.4],[409.2,479.1],[409.3,478.5],[410.1,478.4],[410.3,477.9],[410.2,477.2],[410.5,476.4],[411,476.5],[411.2,476],[410.9,475],[411.6,474.9],[412.2,475.3],[412.6,474.9],[412.8,473.1],[412.6,472.6],[413.1,472],[413.7,471.9],[413.7,471.5],[414.5,471],[415,470.2],[415.5,470.2],[415.7,469.8],[415.4,469.2],[415.6,468.4],[416.1,468],[416,466.9],[416.6,466.5],[416.9,465.6],[417.4,465.3],[417.7,466],[418.7,466.2],[419.6,466.3],[420.1,466.2],[420.6,465.5],[421.6,465.3],[422.1,465.5],[423.1,465],[423,464.4],[423.6,464.1],[424.1,465.1],[424.1,465.6],[424.5,465.9],[425.5,465.2],[426.1,465],[426.6,464.6],[426.8,464.1],[426.3,463.6],[426.6,463.4],[427.6,463.7],[428.2,463.4],[429,464.1],[429.4,463.7],[429.8,464.2],[431.2,464.2],[432,464.8],[432.9,465.1],[434.1,464.8],[433.9,464],[434.6,463.6],[434.6,462.9],[435.2,461.6],[435.6,460.8],[435.6,460],[436.4,459.3],[436.6,458.8],[437,458.4],[437.5,458.5],[437.6,458.9],[438.1,458.7],[438.1,458.2],[438.3,457.8],[439.5,458],[440.3,458.6],[440.8,459.1],[441.3,458.8],[441.7,459],[441.6,459.8],[442.1,459.8],[442.4,459.1],[442.7,459.5],[442.6,460],[443.4,460.3],[443.9,460.8],[444.8,460.6],[445.2,461.1],[445.5,461],[445.8,460.4],[446.2,460.6],[446.4,461],[446.2,461.6],[446.4,462],[446.9,461.9],[447.4,462.7],[447.9,463],[448.3,463.6],[449.1,463.9],[449.7,463.7],[449.8,464.4],[450.7,464.4],[451,464.5],[451.7,464.3],[452.4,464.9],[453.7,465.1],[454.3,464.7],[454.2,464.2],[454.6,463.9],[455.4,464.1],[455.8,464.4],[456.6,464],[457,464],[457.1,464.5],[457.5,464.4],[457.8,463.4],[458.3,463.4],[458.7,463.8],[458.8,464.4],[459.2,464.8],[459.8,464.4],[460.5,464.8],[460.5,465.6],[460.9,465.7],[461.6,464.8],[461.9,464.8],[463,464.9],[463.8,465.2],[464.4,464.9],[465,464.4],[465.4,464.4],[466.1,465.4],[466.8,465.8],[467.1,465.6],[466.9,465],[466.8,464.4],[467.4,464.2],[468.1,464.8],[467.4,465.5],[467.6,466.1],[468.2,466.4],[468.9,466.5],[469.2,465.8],[469.9,466],[470.9,466.7],[471.6,466.7],[472,467.2],[472.8,467],[473.2,467.8],[474.1,467.7],[474.6,467.4],[475,468.1],[475.3,468.1],[475.6,467.6],[476.1,467.5],[476.6,467.9],[477,468.6],[477.7,468.4],[478.1,467.7],[478.9,467.7],[479.4,467.5],[481.1,467.9],[481.4,467.6],[481.4,466.5],[481.8,465.9],[482.6,465.7],[483,465.2],[483.3,465.2],[483.7,466.1],[483.5,466.9],[483.3,468.5],[483.8,468.7],[484.6,468.4],[485.6,468.4],[486.4,467.9],[486.9,467.2],[487.8,466.9],[488.3,467],[488.4,467.5],[488.3,468],[488.5,469.6],[489.3,469.5],[490.8,468.4],[491.5,468.5],[491.4,469.1],[490.5,469.6],[490.5,469.9],[491.5,470.8],[491.3,472],[491.9,472.6],[492.6,473.1],[492.8,473.7],[492.7,474.7],[493.1,475.4],[493.1,476.4],[493.6,476.5],[494.1,475.8],[496,476.1],[496.6,476.6],[496.8,477.4],[496.7,477.8],[496,479.1],[495.9,479.9],[495.9,481.1],[496.2,481.6],[497.1,482.1],[497.9,480.8],[498,478.9],[498.6,478.2],[499,478.2],[499.6,478.7],[499.8,479.1],[499.4,480],[500,482.7],[499.5,483],[498.7,484.5],[498.7,484.9],[499,485.6],[500.1,485.4],[500.6,485.5],[502.6,485.8],[503.7,486.2],[503.8,487],[504.8,488.8],[505.7,489.1],[506.1,488.8],[507,489.5],[507.6,489.4],[508.6,489.5],[509.2,489.9],[510.1,490.3],[510.3,491.5],[511,492.3],[511.3,493.9],[512.2,494.9],[512.6,495.7],[512.5,496.1],[513.1,496.8],[513.6,496.9],[514.9,497.6],[515.4,498.1],[516.2,498.1],[516.6,498.5],[516.7,499],[517.4,499.5],[518,499.8],[518.1,500.1],[518.5,500.3],[519,500.8],[519.8,500.9],[520,501.5],[520.2,502.8],[521,503.1],[521.4,503.2],[522.4,504.1],[522.7,504.2],[523.9,504.2],[523.7,504.7],[524.6,505.1],[524.9,505.6],[524.8,506.6],[525.3,506.6],[526,507.8],[525.9,508.5],[526.3,508.6],[526.4,509.5],[525.8,510.3],[526,510.6],[526.5,510.9],[526.8,511.4],[527.5,511.6],[527.9,511.9],[527.9,512.7],[528.5,513.4],[529.5,514],[530.5,514.4],[531,514.7],[531.5,515.4],[532.1,517.2],[532,519],[532.1,520.1],[532.7,522.2],[532.8,523.1],[532.6,523.7],[532.7,524.4],[532.5,524.7],[532.7,525.2],[532.4,525.8],[532.7,526.2],[533.1,527.1],[533.5,527.3],[533.5,527.8],[533,527.8],[533.4,528.7],[534.2,528.4],[534.5,528.9],[535.1,528.9],[535.1,529.9],[535.7,529.8],[535.7,530.2],[535.3,530.4],[535.7,530.9],[535.7,531.5],[536.7,532.5],[536.4,533.4],[536.8,534],[537.2,533.9],[538.2,534.2],[538.2,535],[538.7,535.5],[538.9,536.5],[538.5,537.2],[539,537.9],[538.7,538.5],[539,538.8],[539.4,538.7],[539.8,539.3],[539.7,539.7],[540.2,540],[540.2,541.5],[539.8,542.2],[539.9,543.1],[540.3,544.8],[541.2,544.6],[542.1,543.8],[543.5,545.2],[544.2,544.7],[544.7,545],[546.1,544.9],[546.2,544.4],[546.8,544.3],[547.4,543.6],[548.2,543.7],[551.1,545],[552.7,545.4],[562.9,548.3],[563.1,547.1],[569.9,547.5],[573.7,547.7],[575,547.7],[577.2,548],[584.7,548.3],[592.1,548.7],[597.8,548.9],[599.8,549.1],[604.6,549.3],[616.4,549.5],[620.9,549.6],[629,549.8],[629.8,549.8],[640.8,550],[640.9,543.2],[641.1,533.9],[641.3,525],[641.4,519.9],[641.7,509.7],[641.9,504.9],[642.7,504.5],[643.4,504.8],[644.1,504.3],[644.8,504.6],[645.1,504.1],[645.7,504.3],[645.9,503.9],[646.4,503.9],[647.2,503.4],[647.5,503.1],[648.1,504],[648.5,504.1],[648.8,504.8],[649.7,504.8],[649.8,503.5],[651.2,503.5],[651.2,502.6],[652,502.6],[652.3,502.2],[652.7,502.3],[653.2,501.6],[654.2,502.3],[654.8,502.4],[655.3,502.8],[656,502.3],[656.8,501.2],[656.1,501.1],[656.2,500.2],[655,500],[654.8,499.5],[654.1,499.5],[654.1,497.5],[654,496.8],[653.5,496.5],[652.8,496.7],[652.3,496.5],[651.4,496.7],[652,497.3],[652.3,497.8],[652.9,497.8],[653.3,498.2],[653.4,498.7],[652.9,498.8],[652.9,499.2],[653.5,499.2],[653.6,499.6],[650.9,500.2],[649.9,500.6],[648.3,501],[648.1,500.9],[648,500],[647.6,499.4],[646.6,499.4],[646.6,498.8],[647,498.7],[647.1,497.6],[646.9,497.2],[646.2,496.8],[645.4,497.2],[644.9,495.7],[645.7,495.8],[646.8,495.7],[646.9,495.1],[646.7,494.5],[646.9,494.1],[647.5,494.1],[647.8,493.5],[647,493],[647.3,492.7],[647.9,492.7],[648.3,492.9],[649.5,490.7],[651.1,488.9],[652.1,487.6],[652.5,487.5],[652.7,486.4],[652.7,485.9],[653.5,485.7],[653.9,485.3],[654.3,486.4],[655,487],[655.1,487.2],[655.7,487.1],[656.5,488.4],[656.5,488.8],[657.7,490],[658.2,489.5],[659.2,489.6],[659,489],[659.4,488.4],[660,488.1],[661.2,489.2],[661.6,488.1],[662.3,485.4],[663.3,483.4],[663.3,482.3],[663.1,481.4],[663.3,479.8],[663.7,478.9],[663.8,478.2],[663.6,477.8],[662.9,478.1],[662.4,477.6],[661.8,477.9],[660.2,477.6],[659.3,477.1],[658.8,477.2],[658.5,476.6],[657.7,476.5],[657.3,476.1],[657,476.6],[656.1,476.7],[655.9,477.1],[655.4,477.2],[654.6,476.6],[654.4,477.3],[653.6,477.3],[653.5,477],[653,477],[652.1,477.2],[652,476.7],[651.1,476.6],[651,476.9],[650.3,477.1],[650.2,477.4],[649.6,477.2],[648.8,477.6],[648.2,477.7],[647.7,478.1],[647.4,477.8],[647.1,478.3],[646.6,478.6],[646,478.4],[645.1,478.3],[644.2,478.3],[639.2,484.1],[635.2,488.7],[634.9,488.6],[634.4,488.9],[633.4,488.7],[633,488.8],[632.4,489.3],[631.8,488.4],[631.8,488],[632.2,487.7],[631.7,487],[632.3,486.1],[632.4,485.2],[632,484.5],[631,484.4],[624.8,484.2],[617.9,483.8],[615.1,483.7],[610.1,483.5],[602.4,483.2],[595.8,483],[587.6,482.8],[587.1,482.8],[580.3,482.5],[579.8,482.5],[571.8,482.2],[572.2,481.7],[571.5,480.3],[571,479.5],[571.5,479.1],[571.8,478.7],[571.2,478.2],[571,477.8],[570.5,477.7],[570.2,477.4],[570.2,476.6],[569.2,476.3],[571.1,475.7],[571.5,475.1],[571.2,474.6],[571.7,474],[571.4,473.2],[571,471.8],[571.4,471.5],[571.4,471.1],[572.3,470.9],[572.2,469.6],[571.9,469.4],[571.6,468.8],[571.7,468.5],[571.4,467.6],[571.5,467.2],[571.9,467.1],[572.2,465.8],[572,465.4],[572,464.8],[572.9,463.9],[573.3,464],[573.4,462.5],[574.2,457.1],[574.4,455.4],[575.3,455.5],[575.8,451.6],[578.7,452],[578.7,452.3],[588,452.7],[588.3,446.8],[588.8,438.2],[581.7,437.9],[578.2,437.8],[567.8,437.3],[568.1,430.2],[568.3,425.6],[568.8,414.9],[569.1,407],[569.3,402.7],[569.7,393.4],[570.2,383.9],[562.6,383.5],[555.6,383.2],[548.6,382.9],[540.9,382.6],[534.9,382.4],[526.5,382.1],[519.4,381.8],[512.2,381.6],[503.6,381.2],[504,375],[504.6,366.8],[505.3,356.4],[505.8,349.2],[506.2,342.8],[500,342.5],[486.7,341.7],[479.9,341.3],[471,340.7],[463.3,340.2],[450.9,339.4],[443.6,339],[434.1,338.3],[430.5,338.1],[419,337.2],[419.7,329.3],[420,324.2],[420.6,315.4],[421.1,308.1],[420.9,308],[417.9,307.8],[409.7,307.2],[406.1,306.9],[405.6,312.8],[398.2,312.2],[397.1,312.1],[388,311.4],[379.1,310.7],[368.5,309.9],[361.7,309.3],[347.2,308.1],[336.4,307.2],[328.7,306.5],[319.4,305.6],[310,304.8],[310,305],[309,304.9],[304.7,304.3],[295.9,303.5],[287.8,302.7],[282.3,302.2],[274.1,301.3],[261.8,300.1],[251.8,299],[245.3,298.3],[235,297.2],[223.9,296],[214.6,295.1],[216.5,295.3],[216.2,299.1],[215.2,299],[215.2,299.9],[215.8,299.6],[216.7,299],[217,300.2],[216.4,300.5],[216,301.1],[215.9,301.9],[217.1,300.3],[218.2,300.5],[217,302.2],[218.2,302.4],[218.8,302.7],[220.3,306.8],[220.4,307],[222.9,308.2],[223,307.4],[223.4,307.3],[226.8,307.7],[226.7,309],[227,309],[226.7,312.3],[226.4,315],[225.5,314.9],[225.3,316.2],[225.5,316.7],[225.3,317],[225.1,318.7],[226.1,318.8],[225.6,322.8],[226.5,323.1],[225.3,323.7],[225.1,323.4],[225.5,323.1],[225.3,322.6],[224.8,322.9],[224.7,322.3],[224.1,322.5],[223.7,322.9],[223,323.1],[222.5,322.3],[220,322.7]]]}},{"type":"Feature","properties":{"st":"TX","district":24,"name":{},"label_x":741.6,"label_y":267.1},"geometry":{"type":"Polygon","coordinates":[[[752.4,267.5],[752.6,267.1],[752.6,265.8],[751.7,265.5],[752.1,265.1],[752.1,263.6],[752.8,263.4],[753.5,263.7],[753.7,264.7],[753.9,264.8],[753.7,265.9],[754.1,266.1],[754.4,266.6],[754.3,267.1],[756,267.1],[756,266.3],[758.2,265.7],[758.8,265.4],[759.1,266.2],[757.9,266.2],[758,267.2],[757.5,267.2],[757.5,267.7],[758.3,268.2],[758.9,268.2],[758.6,269.7],[759.2,270.2],[760.3,270.2],[760.1,271.4],[760.5,271.8],[761.2,272.1],[761.6,272.6],[762.6,273],[763.1,272.5],[763.1,271.5],[763.1,271],[764.1,270.7],[764.1,270.2],[763.1,270.2],[763.1,269.8],[763.2,267.6],[762.6,267.3],[762.6,266.8],[762.3,266.4],[762.9,266.3],[762.8,265.5],[762.6,265.3],[760.3,265.1],[760.2,263.4],[759.3,263.2],[759.3,264.2],[758.9,264.2],[758.8,264.6],[758.4,264.6],[758.4,263.3],[757.6,263.3],[757.5,263.7],[756.4,263.7],[756.4,264.2],[755.8,264.2],[755.7,263.9],[754.6,261.8],[753.7,260.8],[744.2,260.7],[733.5,260.4],[733.1,261.3],[732.9,262.2],[732.9,263.4],[732.5,264.8],[732.5,268.4],[732.6,269.2],[735.4,269.3],[735.5,269.9],[735.4,270.4],[735.3,272.3],[735.8,272.7],[736.5,272.8],[736.5,273.1],[736.9,273.8],[737.8,273.8],[737.8,273.4],[738.6,273],[739,272.9],[740.7,273.1],[742.4,272.5],[743.6,272.5],[744.4,272.3],[744.3,272],[746,272],[746.1,271],[747,270.7],[747.5,270.9],[748.3,270.9],[748.3,270],[749,269.7],[749.4,268.9],[749.8,268.8],[750,268.3],[750.7,268.2],[750.8,266.7],[751.2,266.7],[752.4,267.5]]]}},{"type":"Feature","properties":{"st":"TX","district":25,"name":{},"label_x":675.5,"label_y":287.1},"geometry":{"type":"Polygon","coordinates":[[[600.5,318.3],[607.9,318.7],[622.1,319.1],[624.3,319.3],[629.4,319.4],[636.2,319.7],[636.4,319.7],[640.5,319.9],[643.9,326.2],[648,333.8],[648.1,334.1],[652.5,342.3],[654.3,345.7],[658.5,345.1],[664.4,344.4],[666,347.1],[674.1,342.5],[678.3,340],[683.7,336.9],[680.9,331.8],[686.1,328.9],[692.6,325.3],[700.6,320.8],[706.7,317.3],[710,315.3],[713,313.6],[714,312.9],[714.3,313.2],[715.8,313.2],[716.2,313.5],[716.4,314.1],[716.2,314.5],[715.8,314.7],[716.2,315.2],[717.1,314.8],[717.4,314.9],[717.8,316.1],[717.4,316.6],[717.5,316.9],[718.3,316.9],[719.4,317.6],[720.5,318],[720.9,317.6],[720.7,317.1],[720.7,316.2],[721.8,315.9],[722.1,315.5],[722,314.7],[722.2,313.8],[721.7,312.7],[721.5,311.3],[721,310.9],[721.6,309.7],[723.4,308.7],[723.7,307.7],[724.3,307.2],[724,306.5],[724,305.6],[726,304.5],[726.2,305],[727.5,304.3],[727.7,304.6],[728.2,304.4],[728.3,303.9],[728.1,302.7],[728.1,301.5],[728.8,301.4],[728.9,301.2],[728.9,300],[728.6,299.7],[728.6,298.8],[728.4,298.5],[728.2,297.7],[728.3,295.5],[728.8,294.1],[731.4,290.7],[732,290],[733.8,290],[733.9,289.5],[733,289.4],[733.2,289],[733.7,288.5],[733.5,288.2],[733.6,287],[734,287],[734,286.5],[735.1,286.6],[735.6,286.1],[735.6,285.4],[736.4,284.7],[736.4,284],[736.1,283.7],[736.4,283.2],[736.3,282.6],[736.7,282.3],[737.9,282.2],[737.8,281.1],[738.2,280.8],[738.8,280.8],[738.9,280.3],[738.7,279.3],[739.3,279],[738.6,278.4],[739,278.3],[740.4,278],[742.4,277.8],[743.2,277.6],[744.7,277.6],[745.5,277.4],[745.9,277],[746.6,276.9],[746.7,274.9],[748.2,274.9],[748.3,270.9],[747.5,270.9],[747,270.7],[746.1,271],[746,272],[744.3,272],[744.4,272.3],[743.6,272.5],[742.4,272.5],[740.7,273.1],[739,272.9],[738.6,273],[737.8,273.4],[737.8,273.8],[736.9,273.8],[736.5,274.2],[735.7,274.7],[734.8,274.7],[735,275.6],[734.9,276.2],[734.6,276.6],[733.6,276.6],[733.4,277.3],[733.6,277.6],[733.4,278],[733.5,278.9],[732.8,280.6],[732.9,281.2],[732.6,281.3],[732.9,282.1],[731.1,282.5],[729,281.9],[728.6,281.7],[726.9,283.3],[726.6,284.1],[726.8,284.7],[726.8,285.7],[726.4,286.2],[726,286.2],[725.7,286.7],[725.7,287.5],[724.7,287.5],[724,288.7],[723.2,288.7],[722.2,288.1],[721.1,287],[720.9,287.2],[719.9,287.4],[719,287.9],[719.2,280.8],[719.4,274.7],[718.7,274.3],[717.6,274.3],[717.6,273.9],[716.6,274.1],[715.2,274],[714.8,273.8],[714,273.9],[712.3,273.9],[712.6,274.5],[712.7,275],[712.3,275.3],[712.2,276.4],[712.6,278.1],[712.1,278.4],[712.1,279.4],[713.1,279.6],[713.5,280.3],[715.5,280.3],[715.5,279.1],[716.2,279],[716.2,279.7],[716.8,279.8],[716.8,281.2],[717.1,281.7],[717,283.7],[717.5,284.1],[717.5,285.9],[716.5,285.5],[715.4,284.5],[713.4,283.8],[712.8,283.1],[712.3,282.9],[711.8,282.9],[711.2,282.1],[710.6,282.1],[710.6,281.5],[710.1,280.9],[708.6,280.1],[708,279.9],[707.1,279.9],[706.6,279.3],[706.2,278.6],[705.8,278.8],[705.5,278.6],[704.8,278.7],[703.6,278.6],[702.6,278.4],[702.3,277.7],[700.4,277.7],[699.4,278.1],[698.6,278.3],[694,280.1],[693.7,280.3],[692,281.6],[691.6,282.8],[690.1,283.5],[690.4,275.9],[690.7,270.1],[691.1,258.9],[698.7,259.2],[699,247.6],[699.2,241.7],[699.2,238.6],[699.3,235],[699.4,230],[696.1,230],[696.1,227.7],[687.9,227.6],[680.5,227.4],[671.4,227.2],[671.4,231.9],[660.1,231.7],[653,231.5],[648.1,231.2],[641.6,231],[641.6,232.9],[641.4,241.2],[641.1,253.4],[640.9,260.7],[637.8,260.6],[632.7,260.4],[632.3,275],[631.8,290.2],[623.1,289.9],[614.8,289.6],[614.5,290.2],[614,290.6],[613.5,292],[613.1,292.3],[612.1,292.5],[611.4,293.4],[611.3,296.7],[610.7,296.6],[608.9,296.5],[608.9,296.3],[608.3,296.1],[601.5,294.4],[601.2,300.8],[601.1,302.6],[600.9,306.4],[600.9,307],[600.5,316.2],[600.5,318.3]]]}},{"type":"Feature","properties":{"st":"TX","district":26,"name":{},"label_x":738.7,"label_y":228.7},"geometry":{"type":"Polygon","coordinates":[[[724.2,198],[723.9,208.8],[723.8,217.5],[723.6,224.2],[723.5,230.5],[729.3,230.6],[729.3,230.8],[738.4,231.3],[738.4,232.7],[738.5,232.8],[738.4,234.6],[738.5,234.6],[738.5,236.4],[738.3,236.6],[738.2,238],[738.6,238],[738.6,238.5],[739.3,238.2],[741.1,238.1],[741.6,237.7],[741.9,238],[742.3,237.6],[742.9,238],[743,239],[743.6,239.7],[744.4,240.8],[745.2,241.3],[745.9,240.8],[746.7,241.2],[747.3,241.3],[747.3,242.1],[747.8,242.2],[748,241.9],[748.5,242.9],[748.5,244.1],[748.8,245.4],[749.3,246.6],[749.4,248.1],[748.1,247.8],[747.6,248],[746.9,248.5],[746.8,249],[745.8,249],[745.3,249.3],[745.4,250.1],[745.1,250.3],[745,251.1],[744,251.1],[743.2,250.6],[742.8,250],[742.3,250],[742,249.6],[742,248.8],[741.6,247.9],[740.8,248.1],[739.4,247.4],[739.4,247.1],[738.7,246.8],[738.6,246.3],[738.3,245.3],[738.3,245],[736.8,245],[736.1,244.8],[735.9,245],[732.7,245],[732.7,244.8],[730.7,244.7],[730.3,245.2],[729.6,245],[728.6,245],[728.7,243.5],[728.2,243.6],[727.8,243.5],[727.9,243],[727.4,242.9],[725.9,243],[725.3,243.2],[722.2,243.2],[721.2,243.4],[718.8,243.4],[718.7,242.9],[718.2,242.9],[718.3,241.8],[717.7,242.3],[717.7,242.8],[716.8,242.8],[716.7,243.1],[716,243.1],[715.6,242.7],[714.3,242.3],[713.5,241.3],[713.2,241.1],[711.9,240.9],[710.7,240.4],[709.9,239.9],[709.5,239.7],[708.2,239.8],[706.5,239.7],[706.3,239],[706.4,237.9],[705.5,237.8],[705.4,238.1],[705.6,239.3],[705.3,239.3],[703.5,238.6],[702.6,238.3],[701.3,237.7],[700.7,237.8],[699.2,238.6],[699.2,241.7],[699,247.6],[698.7,259.2],[708.1,259.6],[714.5,259.9],[719.5,260],[725.3,260.3],[728,260.3],[733.5,260.4],[744.2,260.7],[753.7,260.8],[759.1,261],[759.3,254.4],[758.5,254.7],[758.4,254],[758.6,253],[758.2,252.8],[757.7,253],[756.6,253.1],[756.5,252.2],[755.7,252],[755.7,251.4],[755.3,251.2],[754.9,251.3],[754.8,250.6],[755.2,250.6],[755.4,249.7],[756.1,249.7],[757,249.1],[757.1,248.1],[756.8,248.1],[756.8,247.3],[757.2,246.5],[756.8,246.4],[756.8,245.3],[757.2,244.9],[758.3,244.6],[758.3,243.4],[759.3,243.4],[759.6,242.9],[759.9,232.8],[759.5,232.8],[759.5,232.3],[757.6,232.3],[753.8,232],[753.8,226.8],[753.9,218.1],[754,207.6],[754,201.1],[754.1,196.1],[753.7,196.4],[752.5,197],[752.1,196.6],[752.2,195.7],[751.7,195.7],[751.2,196.5],[751.3,197.4],[751.6,198.2],[751.8,199.1],[751.9,200],[751.1,201.3],[750.4,202.1],[749.7,203],[748.7,203.6],[748.4,203.4],[747.8,202.3],[747.1,202],[746.1,202.5],[745.9,203.1],[746.3,203.3],[747.7,203.6],[748.2,204.2],[748.2,204.9],[746.8,205.2],[745.8,205.8],[745.6,206.2],[745.7,206.9],[746.1,208],[746.2,209.3],[746.1,209.9],[745.5,210.8],[744.7,211.5],[744,211.6],[742.9,211.4],[742.3,211.1],[741.7,210.7],[741.2,210.1],[740.9,209.1],[740.2,208.6],[740.5,208],[740.3,207.3],[739.8,206.5],[739.5,205.8],[739.5,204.8],[740.1,203.9],[740.9,203.9],[741.7,203.3],[741.6,202.2],[741.1,200.8],[741,199.8],[740.7,199.2],[739.2,198.2],[738.3,198.3],[737.4,199],[737.1,200.9],[736.8,201.7],[735.8,201.8],[735,201.2],[733.9,200],[733.5,201.4],[732.9,202.1],[732.4,202],[732.5,201.6],[733,200.7],[732.9,200.2],[732.6,200.2],[732.3,200.8],[732.1,201.9],[731.7,202.7],[731.1,203.8],[730.1,204.6],[729,204.5],[727.2,204.6],[726.2,204.2],[725.5,203.5],[725.2,202.9],[725.9,201.1],[726,199.6],[725.6,198.9],[724.2,198]]]}},{"type":"Feature","properties":{"st":"TX","district":27,"name":{},"label_x":779.7,"label_y":528.9},"geometry":{"type":"Polygon","coordinates":[[[711,484.6],[711.3,485.1],[711.8,485],[712.2,485.5],[713,485.6],[713,485.9],[719.7,481.8],[729.5,475.9],[732.1,478.2],[736.2,481.8],[740.3,485.5],[739.6,486.5],[746.7,486.4],[748.2,486.4],[755.8,486.3],[756.2,486.9],[757.1,487.4],[757,487.9],[757.4,488.3],[757.7,488.9],[757.4,489.7],[757.7,490.1],[760,490.1],[764.3,495.3],[766.1,497.5],[769.8,501.8],[773.5,506.4],[770.3,509],[766.6,512.1],[762.8,515.1],[754.9,521.3],[751.2,524.4],[749,521.6],[746,524],[745.6,524.3],[740.1,528.7],[732.7,534.8],[729.4,537.5],[729.8,537.6],[729.8,538.2],[729.4,538.3],[729.7,538.8],[730.1,538.6],[732.3,538.5],[732.4,538],[733.3,538.2],[733.7,537.4],[734.6,537.8],[735.3,538.1],[735.9,539.2],[736.4,539.7],[736.2,541],[736.4,541.2],[737,542.5],[737.8,542.9],[737.8,543.6],[737.4,544.7],[737.4,545.3],[736.9,545.7],[737.3,546.1],[737.4,546.7],[736.4,554.5],[736.6,554.9],[737.4,556.2],[737.7,557.6],[737.5,558.1],[738,558.7],[738.3,558.4],[738.9,558.3],[739.7,558.7],[740.4,558.6],[740.7,558.3],[741.4,558.8],[741.8,559.6],[742.6,559.7],[742.3,559.2],[743,558.8],[743.5,559.2],[743.9,558.6],[744.6,559.1],[744.4,559.4],[744.8,559.8],[745.4,559.2],[745.7,559.4],[745.6,559.8],[746,560.6],[746.6,561],[746.9,561.4],[747.5,561.4],[747.3,562.3],[751.3,564.4],[753,564.9],[752.9,565.4],[753.7,565.6],[753.3,567],[749.8,576.6],[748.9,577.6],[747.8,580],[747.2,583.8],[746.6,585.9],[745.2,588.1],[744.7,589.4],[744.4,590.6],[744.3,592.9],[743.6,593.8],[743.2,594.9],[742.9,595.1],[742.2,595.8],[740.5,598.1],[739,600.5],[738.4,601.2],[737.5,600],[737,600.4],[736.3,600.1],[734.2,603.1],[733.6,602.9],[730.2,600.8],[729.1,600.8],[728.4,602],[728.6,602.1],[728.6,602.9],[728.3,603.2],[726.7,602.8],[725.9,602.9],[724.1,603.4],[722.9,603.3],[721.9,603.7],[721,603.7],[719.4,603.8],[719.1,604.2],[718.6,604.1],[718,604.3],[717.9,603.8],[717.4,602.9],[716.4,603.1],[715.7,604.2],[716,604.8],[716.6,604.8],[716.7,605.2],[717.1,605.4],[717.5,606],[718.2,606.6],[719,606.8],[720,606.6],[720.6,606.6],[721.2,606.9],[721.6,607.3],[721.5,607.9],[721.3,608.2],[720.9,607.9],[720.5,608.1],[720,608.9],[720.1,609.3],[720.5,609.3],[720.7,610],[720.6,611],[719.7,610.9],[719.1,611.3],[719.7,611.9],[721.9,613.1],[722.4,612.3],[721.9,611.7],[722,611],[722.5,610.1],[723.1,609.7],[723.4,610.3],[724.1,611],[724.2,611.7],[725,612.7],[726.7,613.8],[727.9,614.3],[729.3,614.8],[729.8,614.8],[731.4,615.4],[732.4,616.1],[733.1,616],[732.9,616.8],[732.2,619.5],[733.5,619.9],[733.7,620.5],[734.1,620.2],[734.6,620.4],[733.2,623.4],[736.6,624],[739.1,619.2],[743.6,612],[745.4,609.8],[746.1,609.6],[747.2,608.9],[747.6,608.4],[749.1,603.7],[750.4,602],[752.2,599.8],[754.2,597.4],[756.1,595.4],[757.8,593.9],[762,590.2],[766.8,586.3],[768.3,585.2],[769.6,584.2],[773.3,581.8],[774.8,580.8],[781.1,577.7],[782.5,577.1],[782.9,577],[784.1,576.2],[785.5,574.8],[785.9,573.9],[786.1,572.8],[786.9,572.1],[787.4,571.4],[788.4,571.3],[789,571.1],[790.3,570.1],[790.8,569.3],[791.1,568.4],[795.6,565.5],[801.8,562.3],[801.9,562.3],[806.4,560.1],[806.4,560.2],[813.8,556.8],[819.6,553.9],[821.2,553],[828.6,548.7],[834.1,545.5],[836.2,544.5],[835.5,540.5],[835.7,539.7],[834.6,540],[834.1,540.3],[833.7,540],[833,540.2],[831.9,540.2],[831.3,539.6],[831.4,538.7],[831.2,538.2],[830.8,537.8],[829.3,536.7],[829,536.5],[828.6,536],[828,535.7],[827.5,535.3],[827,534.3],[826.9,533.8],[827.3,532.9],[826.7,532.1],[825.9,531.8],[825.6,531.3],[825,531.5],[824.7,531.3],[823.8,531],[820.3,531.1],[819.9,530.7],[820.2,530.2],[820.1,529.6],[819.5,529.1],[819.8,528.5],[819.4,528.3],[819.3,527.5],[819.4,526.6],[819,526.3],[819.5,525.9],[819.6,525.4],[820.1,525.3],[820.2,524.8],[819.3,524.5],[818.6,524],[818.1,523.6],[817.9,523],[817.7,522.8],[816.5,522.9],[816,522.7],[815.4,521.7],[815.8,521.2],[815.8,520.6],[816,520.2],[815.8,519.5],[815.2,518.7],[815.4,517.7],[815.9,517.1],[814.8,516],[815.5,515.2],[813.8,513.5],[815.7,511.6],[814.8,511],[813.5,511.1],[812.8,509.4],[812.4,508.9],[812.7,508.1],[812.4,507.9],[811.3,507.5],[810.9,506.9],[810.4,506.9],[809.7,506.7],[809.3,506.4],[809.1,505.8],[810.1,504.9],[809.7,504.7],[809.3,503.7],[808.9,503.4],[808.3,503.4],[808.2,502.2],[808,501.4],[807.5,501.4],[807.1,500.9],[807.2,500.6],[806.8,499.9],[805.9,500.2],[805.2,499.4],[804.7,499.4],[804.3,499.1],[804.2,498.6],[803.6,498],[803.5,497.3],[802.9,497],[802.9,496.3],[803.3,495.8],[803.6,496],[804.7,495.8],[805.1,495.3],[805,495],[804.3,494.7],[803.2,494.6],[803.2,492.8],[804,492.8],[804,491.9],[803.8,491.3],[802.9,490.9],[802.7,490.4],[802.8,489.3],[802.2,489.3],[802,488.6],[805,488.6],[805,487.6],[805.1,487.1],[805.4,487],[805.4,485.7],[804.5,485],[805.5,484.5],[805.3,484.1],[804.7,483.7],[803.8,484.4],[803.6,484.3],[802.9,483.7],[803.2,483.2],[804.5,482.8],[805.4,483.4],[805.6,482.8],[805.2,481.7],[806,481.9],[806.1,481.5],[805.7,480.7],[804.5,480.9],[804.5,480.2],[804.1,479.4],[804.5,479.1],[804.7,478.4],[804.2,477.1],[803.9,476.8],[804,475.9],[803.5,475.2],[803,475.4],[802.8,475],[801.6,475.1],[800.4,474.7],[800.7,474],[800,473.8],[799.5,473.2],[799.3,472.6],[799.6,472.2],[800.4,471.9],[800,471.4],[799.8,470.7],[800,470.4],[800.8,470.2],[800.9,469.7],[800.3,469.8],[800,469.4],[799.2,469],[799.2,468.2],[799.8,467.7],[799.5,466.8],[798.8,466.4],[798.8,466.1],[799.3,465.4],[800.1,465.9],[800.4,466],[800.4,465.2],[800,464.9],[799.5,465],[799.1,464.3],[799.4,464.2],[800.1,464.7],[800.8,463.4],[800.6,463.1],[800.3,462.2],[800.5,461.7],[801.1,462.1],[801.5,461.6],[801.1,461],[800.9,460.3],[800.6,460.1],[800.1,460.3],[800.2,459.4],[799.7,458.7],[798.2,458.1],[797.9,457.6],[798.6,457.2],[798.2,456.8],[798.1,456.3],[797.7,456.3],[797.2,455.8],[797.2,455.5],[797.5,455.1],[797.1,454.7],[796.9,455.2],[796.4,455.3],[796.4,454.7],[796.2,454.4],[795.7,454.6],[795.3,454.2],[796,453.7],[795.3,452.9],[795.5,452.5],[796.2,452.7],[796.4,452.5],[795.8,451.9],[795.9,451.5],[797.3,452.5],[797.5,452.4],[797.7,451.6],[797.1,451.1],[797.1,450.7],[797.4,450.4],[797.2,449.9],[797.3,449.2],[797.2,448.1],[798,447.3],[798.3,447.7],[799,447.8],[799.6,446.9],[800.7,447.6],[801,446.9],[800.3,446.4],[800.4,446],[800.9,445.7],[801.3,446],[801.7,445.6],[801.5,445.1],[800.7,444.9],[801.1,443.3],[801.5,443],[801.4,442.6],[800.8,442.6],[800.6,442.1],[801,441.5],[800.8,441.1],[799.4,441.5],[799.1,441.1],[798.5,440.9],[798.4,440.4],[797.7,440.2],[797.1,439.3],[797.6,438.5],[797.4,437.7],[797.6,437.1],[797.2,436.6],[796.5,436.9],[796.2,436.8],[796.4,435.9],[795.2,435.2],[794.9,435.5],[794.9,436.3],[794.1,436.9],[793.8,436.7],[792.8,437.2],[792.3,437.2],[791.8,437.5],[791.2,437.5],[790.8,437.9],[789.9,437.5],[789.7,437],[788.8,436.3],[788.3,436.2],[787.6,436.5],[786.7,437.3],[785.6,437],[785.5,437.3],[784.7,437.6],[784.5,438.1],[784.1,438],[782.9,438.4],[782.5,437.9],[782.1,438.4],[781.9,438.9],[779.9,439.1],[779.4,439.4],[778.4,439.6],[778,439.4],[777.6,440.2],[776.8,440.3],[776.6,440],[775.7,440.4],[773.8,440.3],[773.2,441],[772.5,441.2],[771.6,441.2],[771.3,441.6],[770.3,441.9],[769.7,441.8],[768.3,442.6],[768,443.2],[767.2,444],[766.7,444.7],[766.5,445.2],[765.9,445.1],[765.2,445.4],[764.7,445],[764.3,445.5],[764,445.5],[763.6,446.3],[763.4,446.5],[763.2,447.2],[763.5,448],[763.4,448.6],[760.3,451],[757.3,454],[756.2,454.5],[747.6,459.2],[747.1,459.5],[744.9,449.7],[743.7,444.2],[736.9,438.9],[733.9,437.2],[733.3,437.5],[732.3,437],[730.7,436.7],[729.9,437.1],[728.7,437.3],[727.7,437.7],[727.3,437.2],[726.5,436.8],[726.2,437.2],[725.2,436.7],[725.4,436.3],[723.3,435.2],[722.8,436.1],[722.4,436.1],[721.6,435.5],[720.2,434.8],[720.1,434.4],[719.4,434.2],[718.8,433.9],[718.4,434.6],[718.6,434.8],[717.8,436.1],[717.6,437.1],[717.3,437.8],[719.5,437.8],[718.9,438.8],[719.2,439],[718.6,440],[718.4,440.7],[717.9,440.9],[715.9,444.5],[716,445],[716.8,445.1],[716.7,445.5],[716.9,446.1],[716.7,446.6],[716.1,447.3],[714.9,446.9],[714,447.5],[712.7,447.9],[712.6,448.4],[712.3,448.6],[711.6,448.5],[711.2,449.3],[710.8,449],[710.5,449.5],[709.8,449.7],[708.8,449.3],[708.4,448.8],[707.9,450.9],[707.9,453.6],[706.7,453],[706.5,453.4],[705.3,452.7],[704.9,453.3],[704.4,454.3],[702.8,453.4],[703.3,452.5],[703.1,452.3],[703.6,451.4],[703.8,451.3],[703.6,450.5],[703,450.5],[702.9,451],[702.5,450.7],[701.8,450.8],[701.5,450.6],[700.5,451],[699.2,450.9],[698.8,449.9],[698.4,449.7],[698.8,449],[698.2,448.6],[698.4,448.3],[697.9,447.8],[697.2,448.7],[696.6,449.2],[695.9,448.7],[696.6,447.7],[697.1,447.5],[696,447],[696.8,445.5],[695.6,445.1],[694.1,445.4],[693.1,445.8],[692.1,446.7],[694.4,448.6],[694.4,449.1],[693,450],[692.7,449.6],[692,448.2],[691.9,447.2],[691.6,447.2],[690.8,447.9],[690.3,448],[690.1,448.8],[689.8,449.6],[689.7,450.5],[689.1,450.5],[687.6,451],[687.6,452.9],[687.5,453.9],[687.7,454.4],[687.4,454.6],[687.5,456],[688,456],[688,456.9],[688.6,457.5],[689.5,457.8],[689.5,459.3],[689.6,460.1],[690,460.6],[689.8,461],[689.8,461.9],[690.2,462.2],[690.7,463],[691.2,463.1],[692.2,464.2],[692.4,464.8],[693,465.8],[693.7,466.1],[694.1,466.9],[694,467.3],[694.4,467.7],[695.1,467.1],[695.1,466.5],[695.6,465.9],[695.7,466.7],[696.1,466.9],[695.6,467.8],[695.7,468.3],[694.5,469.4],[694.8,469.7],[694.4,470.3],[695.5,470.6],[696.2,470.5],[696.5,470.1],[697.1,470.4],[697.5,470.9],[697.7,470.5],[698.6,471.4],[699,472.7],[698.9,474.4],[699.7,474.8],[699.5,475.4],[699.7,475.6],[700.5,475.4],[700.5,475.7],[701.1,476.6],[701.4,476.6],[701.4,477.6],[701.8,477.1],[702.4,477.1],[702.5,477.9],[703.1,478.5],[703,478.9],[703.7,479.4],[703.2,479.8],[703.5,480.2],[703.8,479.9],[704.4,480.4],[704.9,480.3],[705,480.8],[705,481.7],[705.8,482.1],[705.8,482.4],[706.8,482.3],[706.9,483.2],[707.8,483],[708,483.6],[708.6,483.7],[709.2,483.4],[709.8,484.2],[711,484.6]]]}},{"type":"Feature","properties":{"st":"TX","district":28,"name":{},"label_x":630.1,"label_y":614.6},"geometry":{"type":"Polygon","coordinates":[[[540.3,544.8],[540.5,545.4],[541.6,545.8],[541.9,546.3],[542.6,546.7],[543.5,546.7],[543.3,548.8],[544.1,549.1],[544.2,549.7],[546,550.5],[546.2,551.2],[545.3,552.8],[545.6,553.9],[546.2,554.5],[546.6,555.4],[548.2,555.9],[549.7,556.4],[549.5,557],[549.1,557.3],[548.4,557.6],[548,557.6],[547.6,558],[548.2,558.8],[549.1,559.8],[549.3,560.2],[549.4,561.1],[548.9,562.3],[548.5,562.8],[548.9,564.1],[549.6,565],[550.3,566],[550.4,566.8],[551.8,568.8],[552,569.2],[551.9,569.8],[551.4,570.9],[551.4,571.3],[552,571.9],[552.9,573.3],[553.4,574],[554.1,574.4],[555.5,574.4],[555.8,575],[556,576.1],[556.1,577.2],[556.2,577.4],[556.9,577.5],[558.2,578.2],[558.5,578.8],[559.1,579.1],[560.2,579.1],[561.4,580],[563.3,580.6],[563.5,580.8],[563.8,581.9],[564.5,583],[565,583.7],[564.9,584.2],[565.1,584.9],[565.5,585.3],[566.6,585.7],[567.1,586.2],[567.4,587.7],[567.4,588.1],[567.8,589.4],[568.7,591.1],[570.2,591.8],[572.1,592.1],[572,593],[571.6,593.9],[571.6,594.8],[572.3,595.1],[572.3,595.7],[572.8,596.3],[573.8,596.7],[574.1,597.6],[574.1,598],[573.6,598.6],[573.4,599.2],[573.6,599.9],[574.2,600.6],[574.7,601],[575,601.5],[574.9,602.4],[575.1,603.4],[574.8,604.2],[575.1,604.6],[576.5,604.8],[576.8,606.4],[577.4,606.8],[578,606.6],[578.2,606],[578.6,606.2],[579,607.2],[579.2,608.3],[579.8,609],[580.1,609.1],[581,609],[581.5,609.7],[581.7,610.4],[582.8,611.7],[583.7,613.1],[583.8,613.6],[584.8,614.3],[585.1,614.3],[585.6,613.5],[585.9,614],[586.9,614.1],[587.3,614.4],[587.5,614.9],[587,615.7],[587.7,616.1],[588.6,616.4],[589.4,616.2],[589.4,615.6],[589.7,615.3],[590.1,615.7],[590.8,615.4],[591.3,615.7],[591.4,616.3],[592.3,617],[592.2,618.1],[593.2,617.8],[593.6,617.4],[594.4,618],[595,619.7],[595.8,620.3],[596.1,620.8],[595.6,621.5],[595.4,622.1],[595.2,623.5],[595.1,624.4],[594.9,625.1],[595.4,625.3],[595.8,625.1],[596.8,625.1],[597.7,625.9],[597.8,626.6],[597.3,627.8],[596.8,628.4],[596.7,629.2],[597.1,630.9],[596.8,632.2],[596.8,633.1],[596.4,633.6],[595.8,634.9],[596,635.8],[595.8,636.1],[594.9,636.7],[594.3,636.8],[593.9,637.2],[594.4,637.9],[594.8,638.1],[596,638],[596.4,638.2],[596.8,638.8],[596.8,639.2],[596.3,640.2],[596.5,640.8],[597.2,641.1],[598.1,640.6],[598.9,640.9],[599.5,641.9],[599.5,642.8],[599.2,643.5],[599.3,643.9],[600,644.6],[599.9,644.9],[600.3,646.7],[600,647.9],[599.4,648.4],[599.5,648.8],[599.9,649.4],[599.9,650.2],[599.1,651.4],[599.8,652.2],[599.9,652.5],[599.5,653.3],[598.5,654],[598.4,654.4],[598.8,655.9],[598.7,656.9],[599.3,657.7],[599.6,657.8],[600.5,657.4],[600.9,657.9],[601.2,658.7],[602.1,659.8],[602.7,660],[602.7,660.4],[601.8,661],[601.7,661.4],[602,662.3],[602.5,663],[603.2,663.4],[605,663.8],[605.8,664.3],[605.9,664.9],[605.4,666.7],[606.1,667.7],[607.4,667.7],[608.3,668.3],[609,669.3],[609.3,671.1],[610.4,673],[610.5,675.8],[612.3,677.3],[612.2,679.3],[612.7,681.9],[614,684.2],[614.5,688.3],[614.2,689],[614.2,689.5],[614.5,689.9],[615.9,690.5],[616.8,690.7],[617.3,691.2],[618.1,692.4],[618.8,694.2],[618.3,695.1],[618.2,696.2],[617.5,696.8],[617.6,697.3],[618.9,698.5],[619.3,699.3],[620.5,699.3],[621,699],[621.5,698.5],[622.1,698.3],[623,698.7],[623.6,699.7],[624.1,699.7],[625,699.8],[625.8,699.2],[626.6,699.4],[627.1,699.8],[626.9,700.8],[627.4,701.3],[628.1,701.2],[628.1,700.3],[628.6,699.8],[628.9,699.9],[628.9,700.5],[629.2,701.1],[630.2,701.3],[630.2,702.1],[630.5,702.5],[631.6,702.1],[632.6,701.7],[633.2,701.9],[633.8,702.2],[635.1,701.5],[635.4,701.8],[635.9,701.6],[636.4,702.2],[636.5,702.8],[637,703.7],[636.9,704.2],[637.5,704.5],[638.4,704.6],[638.9,704.3],[639.3,704.3],[639.6,705.3],[640.1,705.6],[640,706.1],[639.2,705.8],[638.9,706],[639.2,706.6],[639.6,706.7],[640.3,706.4],[640.9,706.7],[641.2,707.2],[641.7,707.1],[642.2,707.3],[641.9,707.9],[641.2,707.9],[641.1,708.3],[642.2,708.7],[643,708.7],[643.4,709],[643.5,709.8],[643.6,710.3],[644.3,710.8],[644.9,710.7],[645.7,710.4],[646.2,710.3],[646.3,709.7],[646.9,709.2],[647.2,710],[647.5,709.7],[648.3,709.4],[649.1,709.4],[649.5,709.6],[649.2,710.4],[649.5,710.9],[650.2,710.5],[650.4,711.4],[651.5,710.9],[652.2,711.6],[652.7,711.6],[652.8,711.9],[653.6,711.6],[654.2,712],[653.9,712.6],[654.1,712.8],[654.9,712.5],[655.2,712.6],[655.5,712.1],[656,712.1],[656.6,711.7],[656.9,711.9],[657.6,711.8],[657.9,712.2],[658,712.7],[657.6,713.3],[657.8,713.5],[658.8,714.1],[659.2,714.5],[660.1,714.7],[660.1,715.3],[660.8,715.8],[661.1,716.3],[662.2,716.4],[662.4,716.3],[662.3,715.6],[662.9,715.6],[662.8,716.1],[663.1,716.8],[663.4,716.7],[663.5,716],[664.1,715.9],[664.4,716.2],[664.1,717.1],[664.6,717.3],[664.2,717.8],[664.8,718.8],[665.7,719.4],[665.9,720],[666.3,719.1],[666.8,718.9],[667.7,719.3],[668.4,719.2],[668.8,719.1],[669.1,717.5],[669.5,717.3],[670,717.4],[670.2,716.7],[670.6,716.1],[670.4,715.2],[670.5,714.5],[671.3,714.6],[671.9,714.4],[672.1,714.9],[674.3,715.3],[674.8,712.8],[672.5,712.4],[672.7,711.4],[671.4,711.2],[671.3,711.7],[670.8,711.6],[670.9,711.1],[669.7,711],[669.8,710.5],[669.3,710.5],[669.2,710.9],[668.7,710.8],[669,709.4],[668.5,709.3],[669.1,705.6],[668.8,705.5],[669.2,703.7],[669.9,700.1],[669.3,699.9],[662.8,698.7],[662.8,698.5],[655.2,697.1],[656.1,695.5],[657,693.5],[661.3,685.3],[666.1,675],[660,674.8],[660.1,669.8],[660.2,668.6],[660.5,660.4],[660.7,656.7],[657.8,656.7],[657.9,650.9],[656.3,650.8],[656.5,644.6],[655.7,644.4],[655.5,643.6],[654.8,643.3],[654.2,643.3],[653.9,642.6],[664.3,642.9],[672.2,643.2],[672.3,636.4],[672.5,628.3],[672.7,619.6],[672.8,613.8],[672.8,613.3],[673,605.6],[673.2,594.4],[673.3,590.2],[686.6,590.6],[692.8,590.7],[694.3,590.8],[693.8,590.3],[693.2,590],[693.2,589.5],[692.9,588],[693.4,587.9],[693.4,587],[693.1,586.9],[698.8,582.4],[696.6,577.9],[695,574.7],[690.6,565.8],[688.3,561],[682.8,550.1],[687.9,548.3],[684.6,544.4],[682.8,542.1],[681,539.9],[678.5,536.7],[677.6,535.8],[673.8,530.9],[672.7,529.4],[666.8,522],[664.8,519.5],[654.5,515.1],[642,509.8],[641.7,509.7],[641.4,519.9],[641.3,525],[641.1,533.9],[640.9,543.2],[640.8,550],[629.8,549.8],[629,549.8],[620.9,549.6],[616.4,549.5],[604.6,549.3],[599.8,549.1],[597.8,548.9],[592.1,548.7],[584.7,548.3],[577.2,548],[575,547.7],[573.7,547.7],[569.9,547.5],[563.1,547.1],[562.9,548.3],[552.7,545.4],[551.1,545],[548.2,543.7],[547.4,543.6],[546.8,544.3],[546.2,544.4],[546.1,544.9],[544.7,545],[544.2,544.7],[543.5,545.2],[542.1,543.8],[541.2,544.6],[540.3,544.8]]]}},{"type":"Feature","properties":{"st":"TX","district":29,"name":{},"label_x":841.1,"label_y":466.8},"geometry":{"type":"Polygon","coordinates":[[[852.7,466.3],[853.4,465.5],[852.3,464.7],[852.2,461.8],[850.6,461.8],[850.3,462.1],[850.2,463.1],[850.2,464.3],[849.1,464.8],[848.8,464.1],[848.1,464.1],[848.9,461.7],[848.1,461.7],[848.1,461.5],[849,461.5],[849.6,459.7],[849.8,459.7],[850,458.9],[849.2,459.7],[848.1,459.8],[847.5,460],[846.1,459.5],[845.9,459.8],[845.3,459.8],[844.4,460],[843.8,459.5],[844.4,458.8],[843.9,458],[843.3,457.6],[842.7,457.5],[841.8,458.2],[842.3,459.1],[842,459.4],[840.7,459.5],[840.3,459.4],[838.9,459.6],[838.8,459.4],[837.7,459.5],[837.4,460.1],[836.9,460.3],[837.6,461.4],[834.7,463.3],[835.1,464.1],[834.7,464.4],[835,464.8],[834.3,465.2],[833.8,465.2],[835,467.6],[835.8,467.6],[835.9,467.3],[836.7,467.8],[836.7,468.6],[835.8,468.6],[835.9,469.3],[835.1,469.5],[835.1,470.3],[834.6,470.2],[833.4,470.4],[833.3,469.8],[832.7,469.7],[832.5,470.3],[831.8,470.8],[831.8,471.9],[832.7,472],[832.9,472.3],[832.9,473.2],[835,473.1],[835.1,473.8],[834,473.8],[834,474.2],[834.8,474.3],[834.6,475.1],[837.8,475.1],[838.4,475.6],[838.5,475.1],[838.9,474.7],[839.7,474.4],[842.8,474.4],[843.1,475.4],[843.7,475.5],[844.1,475.2],[844.5,475],[844.2,473.9],[845.2,473.8],[847.5,467.2],[847.9,465.8],[848.8,465.8],[849.8,466.1],[852.3,466.2],[852.7,466.3]]]}},{"type":"Feature","properties":{"st":"TX","district":30,"name":{},"label_x":755.5,"label_y":282.9},"geometry":{"type":"Polygon","coordinates":[[[771.4,286],[770.9,285.8],[771,285.2],[769.7,284.5],[769.5,284.7],[768.7,284.4],[768.3,284],[768.2,283.6],[768.6,282.4],[768.3,281.7],[768.2,280.8],[768,280.5],[768,279.5],[766.4,278.3],[765.6,277.4],[764.9,276.9],[765.4,276.1],[765.4,274.2],[763.7,274.3],[763.1,274.9],[761.5,275.5],[760.8,276.4],[760.9,277],[760.1,277.7],[760,278.2],[759.6,278.1],[758.9,278.2],[758,278.8],[757,279.1],[755.6,279.9],[752.9,279.9],[752.2,280.5],[752.2,281.1],[751.8,282.3],[749.5,281.9],[748,281.9],[748.2,277.6],[746.3,277.9],[745.6,277.8],[745.6,278.8],[743.2,278.8],[743.2,279.6],[743.6,279.6],[742.9,280.8],[742.5,281.7],[742.5,283.4],[742.6,283.9],[742.4,285.2],[742,286.1],[743,286.2],[743.5,286.4],[744.1,286],[744.8,287.2],[745.6,287.9],[745.3,289.3],[745.6,290.4],[752.5,290.5],[764.5,290.7],[776.6,290.9],[775.9,290.9],[775.3,290.3],[774.7,290.2],[774.5,289.5],[774,289.2],[773.7,288.7],[773.3,287.4],[773.2,286.8],[772.9,286.8],[771.6,286.4],[771.4,286]]]}},{"type":"Feature","properties":{"st":"TX","district":31,"name":{},"label_x":693.4,"label_y":376.3},"geometry":{"type":"Polygon","coordinates":[[[696.6,422.7],[696.7,422.8],[700.3,421.5],[700.4,421.8],[701.2,421.9],[702.1,421.4],[702.6,421.6],[703.5,422.5],[704.2,423.8],[704.5,424.1],[704.7,424.9],[705.4,425],[706.2,425.4],[706.7,425.4],[706.8,425.8],[707.8,426.2],[708,426.6],[708.9,426.7],[708.6,425.1],[708.6,423.7],[709.3,423.5],[709.5,424.1],[710,423.9],[710.2,424.5],[711,424.7],[710.9,425.2],[710.5,425.2],[710.5,425.7],[710.9,425.7],[710.6,426.4],[711.2,426.3],[711.7,427],[712.4,427.2],[714.5,427.1],[714.5,426.5],[713.8,426.4],[713.8,425.7],[714.6,425.6],[714.6,425.3],[721.4,424],[723.5,423.3],[723.8,423.3],[723.8,422],[724.8,421.6],[725.2,422.6],[726.7,422],[726.6,421.9],[729.7,420.8],[730.6,420.6],[730.9,420.2],[731.4,421.5],[734.1,420.6],[735.9,420.1],[733.2,412.2],[730.6,411],[731.7,407.9],[733.6,402.8],[732.9,403.2],[732.5,403],[731.8,402.3],[731,402.3],[731,401.5],[730.4,401.3],[730.3,400.4],[730.6,399.9],[730.1,399.3],[730.4,399.1],[730.4,398.2],[730.9,397.9],[730.7,397.2],[730.7,396.5],[730.4,396.2],[730.8,395],[730.2,394.8],[730.3,393.5],[729.6,393.1],[729.7,392.4],[728.9,392.1],[729.4,390.7],[729.8,390.5],[728.7,389.4],[728.9,389],[728.6,388.5],[728.7,388.1],[728,387.8],[728.3,387.4],[727.2,386.6],[727.7,385.3],[728.1,385.4],[728.7,383.6],[727.9,383.2],[725.4,382.4],[726.7,378.6],[727.7,375.9],[725.2,372.8],[720.6,364.9],[715.4,355.7],[714.8,354.6],[710.1,346.3],[705.7,348.8],[701.6,341.6],[698,335],[695.4,330.4],[692.8,325.7],[692.6,325.3],[686.1,328.9],[680.9,331.8],[683.7,336.9],[678.3,340],[674.1,342.5],[666,347.1],[664.4,344.4],[658.5,345.1],[654.3,345.7],[649.1,346.4],[647.8,351.5],[643.5,354.4],[638.4,357.8],[637.1,358.7],[636.3,359.1],[635.5,359.6],[635.7,360],[635.3,360.5],[635.3,360.9],[636.3,361.6],[636.9,361.8],[637,362.3],[636.7,362.8],[637,363],[637.6,362.2],[637.8,361.6],[638.6,361.7],[638.7,363],[639.2,363.2],[640.5,363.1],[640.8,363.2],[641.5,362.6],[642.2,362.6],[642.9,363.2],[643.3,364.3],[643.6,364.9],[644.4,364.9],[645.2,364.5],[645.5,365.3],[646.3,365],[647,365.2],[647.6,364.8],[647.8,365],[647.6,366.5],[647.9,367.1],[648.4,367.3],[649,366.6],[648.8,365.7],[649.7,365.3],[649.9,364.6],[649.6,363.9],[649.9,363.7],[650.6,364],[650.5,364.7],[650.3,365],[650.9,365.5],[651.6,365.3],[652.2,365.4],[652.2,366.2],[652.3,366.7],[651.7,367.2],[651.6,368.7],[651.2,368.8],[651.1,369.3],[651.5,369.4],[651.7,369.9],[652.1,369.9],[652.9,369.5],[653.6,368.9],[653.6,368.5],[654.5,367.9],[654.8,368.6],[655.5,369.1],[655.4,369.5],[654.9,369.9],[655.3,370.5],[654.8,371.1],[655,371.7],[655.7,370.9],[656.5,371],[656.1,371.5],[656.2,372],[657.1,371.9],[657.8,371.3],[658.3,371.4],[657.8,371.9],[657.6,373.6],[656.7,373.9],[656.2,373.7],[655.9,373.9],[656,374.7],[657,375.3],[657.5,375.8],[657.8,375.2],[658.1,374.9],[658.6,375.1],[658.8,375.8],[659.4,376.6],[659.5,377.1],[659.5,378],[659.1,379.3],[659.1,379.6],[659.6,380],[660.6,379.9],[661,380.4],[660.5,380.9],[660.6,381.2],[661.4,381.4],[661.8,381.8],[662.7,381.8],[662.8,382],[662.4,382.5],[661.5,382.5],[661.3,382.7],[661.3,383.8],[660.3,384.2],[660.1,384.6],[660.7,385.3],[661.1,386.1],[661.2,386.6],[661.5,387],[661.8,386.8],[662.2,385.9],[662.6,385.6],[662.8,385.2],[663.3,385.1],[663.6,385.4],[664.1,385.1],[664.5,385.8],[665.2,385.6],[665.5,385.8],[664.6,386.6],[664.7,386.9],[665.2,387.1],[665.4,387.7],[665,388],[664.4,388],[663.7,388.5],[663.8,389.1],[664.2,389.5],[665.4,390.1],[665.9,390.5],[666.2,391.4],[665.9,391.9],[665.2,392.2],[665.1,392.5],[665.8,393.6],[666,394.1],[665.4,395.2],[665.7,396.3],[665.9,396.5],[666.9,396.6],[667.5,397],[667.3,398],[667,398.2],[666.3,398],[665.7,398.4],[665.5,399.3],[665.4,400.5],[664.9,401.2],[665.4,401.8],[666.4,401.9],[666.9,402.2],[667.1,402.6],[666.9,404.2],[667.7,404.1],[667.9,403.6],[668.5,403.7],[669.5,404.3],[669.5,404.6],[668.7,405.4],[667.9,405.4],[667.6,406.5],[667.3,406.9],[666.7,406.8],[666.2,407.4],[666.8,408.2],[666.3,409.2],[666.6,409.9],[667.2,409.8],[668,409.9],[668.5,410.2],[669.4,410.2],[669.6,410.6],[668.9,411.2],[668.4,411.9],[667.7,411.9],[667.1,413],[667.5,413.6],[667.8,414.6],[667.7,414.9],[665.6,415],[665.6,415.7],[666.2,415.9],[666.2,416.3],[666.8,417],[666.8,418.1],[667.2,419.1],[667.8,420.1],[667.7,420.4],[667.1,420.8],[667.1,421.7],[667.5,422.4],[667.8,422.4],[669.1,421.8],[669.8,422],[670.5,422.8],[671.3,423.1],[672,422.4],[672.5,422.5],[673.4,423.2],[674.1,423.3],[674.6,422.6],[675.3,422.3],[675.8,422.5],[676,423.1],[676.7,423.2],[677.1,422.6],[677.8,422.8],[678.6,422.3],[679.6,422.7],[680.1,422.5],[680.6,421.2],[680.1,421.2],[681.8,418.4],[683.4,419.4],[683.5,419.9],[684.1,419.5],[684.7,419.9],[685.1,420.5],[686.4,420.1],[686.7,420.4],[687,420.9],[688,418.8],[688.6,419.3],[688.8,419.7],[689.2,419.5],[690.2,419.4],[690.5,418.7],[691,419.7],[691.4,419.9],[692.2,419.1],[692.9,419],[693.4,418.7],[694.7,419.9],[695.7,420.3],[695.4,421.2],[695.7,421.9],[695,422.8],[695.3,423],[696.5,422.6],[696.6,422.7]]]}},{"type":"Feature","properties":{"st":"TX","district":32,"name":{},"label_x":845.9,"label_y":273.9},"geometry":{"type":"Polygon","coordinates":[[[879.1,268],[879.1,267.3],[878.9,266.9],[878.1,266.5],[877.8,265.7],[877.2,265.4],[876.2,265.4],[875.4,264.8],[875.3,263.9],[875.1,263.5],[874.5,262.9],[874.3,262.5],[873.9,262.5],[872.8,261.6],[872.5,261.1],[871.7,260.5],[871.1,260.3],[870.3,259.7],[870.3,259],[869.8,259],[869.4,258.7],[868.6,258.3],[868.7,258],[868,257.5],[867.7,257],[867.1,257],[866.8,256.6],[866.5,255.3],[866,255],[865.5,255],[864.7,255.2],[863.8,255.1],[863.6,254.8],[863.1,255.1],[862.3,255],[862,255.3],[861.6,254.9],[860,255.4],[859.7,255.8],[859.4,255.9],[859,256.4],[858.5,256.4],[858,256.9],[857.4,257.2],[856.7,257.9],[856.1,258],[855.6,257.7],[854.2,258.7],[853.9,259.3],[854,259.7],[853.4,260.6],[853.4,261.5],[852.9,262],[852.8,262.7],[845.3,262.7],[838.1,262.8],[825.2,263],[825,261.7],[822.6,261.7],[820.4,261.7],[818.4,261.7],[813.4,261.7],[810.7,261.7],[810.2,261.1],[810.2,260.1],[808.7,259.6],[807.7,258.8],[806.4,259.3],[805.4,259.5],[804.9,259],[804.4,258.4],[803.9,258.3],[803.7,257.9],[801.2,257.8],[799.6,257.5],[796.4,257.4],[795.3,258.8],[794.9,259.1],[791.9,261.2],[791,261.6],[784.1,261.5],[782.2,261.5],[777.2,261.4],[772,261.3],[771.9,259.9],[769.1,259.9],[768.8,260.4],[768.2,260],[766.7,259.9],[764.7,259.9],[764,260.2],[764,261.1],[759.1,261],[753.7,260.8],[754.6,261.8],[755.7,263.9],[755.8,264.2],[756.4,264.2],[756.4,263.7],[757.5,263.7],[757.6,263.3],[758.4,263.3],[758.4,264.6],[758.8,264.6],[758.9,264.2],[759.3,264.2],[759.3,263.2],[760.2,263.4],[760.3,265.1],[762.6,265.3],[762.8,265.5],[762.9,266.3],[762.3,266.4],[762.6,266.8],[762.6,267.3],[763.1,267],[763.6,267],[764.1,267.4],[764.8,267.4],[765.3,266.8],[766,267],[766.9,266.3],[771.3,266.4],[772.1,266.3],[774,266.5],[776.4,266.4],[777.3,265.9],[777.2,272.8],[778.9,272.9],[784.8,272.8],[789.7,272.8],[789.7,271],[793.4,271],[802.1,271.2],[810.1,271.3],[810.6,271.9],[810.6,272.3],[811.1,273.1],[812.1,273.7],[812.6,274.2],[813.3,274.4],[814.1,275.4],[814.4,275.3],[814.7,275.7],[815.2,275.9],[815.7,275.7],[816.5,276],[817.2,276],[817.6,275.6],[818,275.4],[818.6,275.8],[819.6,275.7],[819.7,276.5],[821.4,277],[821.5,277.3],[823.1,277.7],[823.8,278],[824.1,278.7],[824.4,278.6],[824.8,279.3],[825.6,279.8],[826.2,279.2],[827.2,279.4],[827.4,279.9],[828.5,280.3],[829.2,281.2],[829.2,281.4],[829.7,281.7],[830,282.3],[830.5,282.2],[831.2,283],[832.2,283.6],[832.2,284.1],[833.2,284.3],[833.8,285],[834,285.9],[834.9,286],[835.1,286.3],[836.2,286.6],[838.2,286.8],[839.1,286.6],[839.7,286.9],[840.4,286.9],[840.8,287.2],[842.2,287],[842.4,286.7],[843.4,286.9],[844,286.9],[845.1,287.6],[845.5,287.7],[846.4,288.4],[846.9,288.5],[847.1,288.9],[847.8,289],[848.5,288.8],[849.4,289.8],[849.9,289.8],[850.2,289.4],[851,289.2],[851.1,289.8],[851.5,290.2],[852.1,290.7],[853.1,290.6],[853.5,290.8],[853.8,289.5],[854.2,289.1],[854.6,289.1],[854.9,289.8],[854.9,290.4],[855.2,290.6],[857,290.4],[857.5,289.9],[858,290.2],[858.1,290.9],[859.1,291.2],[859.6,291.1],[860.3,291.2],[860.4,291.6],[861.4,291.3],[861.3,290.7],[861.6,290.6],[861.9,291.5],[861.6,292.3],[862.3,292.6],[862.9,292.3],[863.5,291.2],[864.4,291.2],[865.9,290.5],[869.9,288.8],[872.9,287.5],[876.3,282.8],[877.5,282.6],[878,283.1],[878.5,283.2],[879,282.9],[879.5,283.3],[879.4,278.9],[879.3,272],[881,271],[880.2,270.4],[879.5,270.3],[879.5,269.3],[879.1,269.2],[879,268.3],[879.1,268]]]}},{"type":"Feature","properties":{"st":"TX","district":33,"name":{},"label_x":759,"label_y":274.7},"geometry":{"type":"Polygon","coordinates":[[[763.1,271.5],[763.1,272.5],[762.6,273],[761.6,272.6],[761.2,272.1],[760.5,271.8],[760.1,271.4],[760.3,270.2],[759.2,270.2],[758.6,269.7],[758.9,268.2],[758.3,268.2],[757.5,267.7],[757.5,267.2],[758,267.2],[757.9,266.2],[759.1,266.2],[758.8,265.4],[758.2,265.7],[756,266.3],[756,267.1],[754.3,267.1],[754.4,266.6],[754.1,266.1],[753.7,265.9],[753.9,264.8],[753.7,264.7],[753.5,263.7],[752.8,263.4],[752.1,263.6],[752.1,265.1],[751.7,265.5],[752.6,265.8],[752.6,267.1],[752.4,267.5],[754.1,268.6],[754.4,269.6],[754.9,269.6],[756,270.1],[756.5,270.4],[756.4,271.4],[755.5,272.5],[755.5,273.1],[755.7,273.5],[755.4,273.8],[755.1,274.5],[754.3,274.8],[754.2,275.9],[751.7,276.3],[750.7,276.3],[748.2,276.2],[748.2,277.6],[748,281.9],[749.5,281.9],[751.8,282.3],[752.2,281.1],[752.2,280.5],[752.9,279.9],[755.6,279.9],[757,279.1],[758,278.8],[758.9,278.2],[759.6,278.1],[760,278.2],[760.1,277.7],[760.9,277],[760.8,276.4],[761.5,275.5],[763.1,274.9],[763.7,274.3],[765.4,274.2],[765.4,276.1],[764.9,276.9],[765.6,277.4],[766.4,278.3],[768,279.5],[768,280.5],[768.2,280.8],[768.3,281.7],[768.6,282.4],[768.2,283.6],[768.3,284],[768.7,284.4],[769.5,284.7],[769.7,284.5],[771,285.2],[770.9,285.8],[771.4,286],[772.8,284.7],[773.6,283.7],[773.2,283.2],[773.1,282.7],[774,281.8],[774.7,281.7],[775.1,281],[774.7,280.4],[774.2,280.4],[773.8,280],[774,279.5],[773.3,278.8],[772.7,278.5],[772.6,277.3],[772,277.4],[771.9,278.1],[771.5,278.1],[771.4,277.2],[770.4,277.2],[770.5,276.7],[770.2,276.2],[768.5,274.5],[768,274.2],[768.5,273.8],[768.5,273.2],[769,273.2],[769,272.7],[769.4,272.3],[769.4,271.4],[770.5,271],[770.7,270.8],[770.1,270],[768.7,269],[768.3,268.9],[767.7,268.4],[767.1,268.4],[767.1,269.4],[766.4,269.4],[765.9,269.9],[765.7,270.5],[766,271.1],[765.8,272.6],[765.4,272.9],[764.6,272.6],[764.2,272.8],[764.1,271.9],[763.1,271.5]]]}},{"type":"Feature","properties":{"st":"TX","district":34,"name":{},"label_x":706.8,"label_y":666.9},"geometry":{"type":"Polygon","coordinates":[[[736.6,624],[733.2,623.4],[734.6,620.4],[734.1,620.2],[733.7,620.5],[733.5,619.9],[732.2,619.5],[732.9,616.8],[733.1,616],[732.4,616.1],[731.4,615.4],[729.8,614.8],[729.3,614.8],[727.9,614.3],[726.7,613.8],[725,612.7],[724.2,611.7],[724.1,611],[723.4,610.3],[723.1,609.7],[722.5,610.1],[722,611],[721.9,611.7],[722.4,612.3],[721.9,613.1],[719.7,611.9],[719.1,611.3],[719.7,610.9],[720.6,611],[720.7,610],[720.5,609.3],[720.1,609.3],[720,608.9],[720.5,608.1],[720.9,607.9],[721.3,608.2],[721.5,607.9],[721.6,607.3],[721.2,606.9],[720.6,606.6],[720,606.6],[719,606.8],[718.2,606.6],[717.5,606],[717.1,605.4],[716.7,605.2],[716.4,605.4],[716,605.2],[714.7,605.1],[714.3,604.4],[713.6,604.2],[712.5,604.2],[711.5,604.5],[711,603.8],[710.5,603.5],[710.3,603.1],[710.4,602.2],[709.3,601.8],[709,602],[709.4,602.7],[709.1,603.5],[708.6,603.8],[708.2,603.3],[707.7,603.3],[707,603],[706.4,602.6],[706.7,601.9],[705.5,601.1],[705.7,600.7],[705.5,600.3],[705,600.3],[704.5,599.9],[704,600.3],[703.1,600.3],[703,599.7],[702.4,599.5],[702.2,599.2],[701.7,599.5],[701.4,599.8],[701,599.5],[701.3,599.2],[700.5,598.8],[700.1,598.2],[699.3,598.5],[698.9,599.1],[698.6,598.7],[698.5,597.5],[698.1,596.7],[698.2,596.4],[698.7,596.4],[699.2,595.4],[699.2,594.9],[693.2,600.2],[691,602.1],[691,604.6],[690.9,609.4],[690.5,614.8],[690.2,618.7],[683.1,618.6],[682.9,628.5],[682.8,636.6],[682.7,643.5],[687,643.7],[686.9,651.7],[686.7,661],[686.5,667.3],[686.3,678],[686.2,686.5],[687.8,686.8],[687.4,689.7],[687.1,689.7],[687.1,690.8],[687.3,692],[686.1,691.8],[685.6,694.8],[685.3,694.7],[684.8,697.6],[690.6,698.6],[690.6,698.7],[693.4,698.8],[693.2,707.2],[693.1,715.6],[692.9,722.9],[692.9,723.9],[693.7,724.1],[694.4,724.1],[694.6,724.5],[695.1,723.8],[695.8,724],[696.7,723.7],[696.8,724.1],[697.3,724.2],[696.8,724.7],[697.2,725.4],[697.9,725.6],[698.5,725.2],[698.1,724.9],[698.5,724.5],[698.9,724.9],[698.8,725.7],[699.2,725.9],[699.7,725.6],[700.5,725.8],[700.4,726.1],[701.1,726.2],[702.2,726],[702.2,725.4],[702.9,725.7],[702.9,726.2],[703.6,726],[704.2,726],[704.7,725.8],[704.7,726.5],[705.2,726.4],[705.6,726.7],[706.1,725.9],[706.6,726.4],[706.4,727],[706,727.3],[706.6,727.8],[707,727.4],[707.4,728],[706.8,728.1],[707,728.6],[707.4,728.5],[707.8,729.2],[708.3,729.4],[708.1,730.1],[708.8,730.7],[709.3,730.4],[709.9,730.4],[709.8,730.8],[709.9,731.9],[710.2,732.1],[710.8,732.3],[710.7,732.7],[711.2,732.7],[711.5,732],[712,732.2],[712.1,732.9],[712.4,733.2],[712.9,733.2],[712.8,734],[713.3,734.6],[713.5,735.4],[714.1,735.4],[714.9,734.6],[715,734.8],[714.9,735.9],[715.5,735.5],[715.7,736],[716.6,735.3],[716.9,735.8],[717.4,735.6],[717.5,736],[717.4,736.6],[718.2,736.7],[717.9,737.3],[718.2,738],[718.6,737.9],[719.2,738.5],[720,738.5],[720.2,737.9],[720.8,738.2],[720.9,738.7],[721.2,738.8],[721.7,738.4],[722,738.7],[722.5,738.6],[722.6,738.1],[723,737.8],[722.8,737.4],[723.4,736.5],[723.4,736.1],[722.5,736.1],[723.1,735.6],[722.9,735.1],[723,734.6],[722.8,733.7],[723.3,733.6],[724,733],[724.1,732.6],[724.8,732.8],[724.7,733.3],[725.4,733.5],[725.6,733],[726.2,732.6],[726.4,733],[727.6,732.3],[728.3,732.4],[728.4,732.1],[727.7,731.1],[728.1,730.8],[728.5,731.3],[730.3,731.6],[730.7,731.1],[731.6,730.9],[731.9,731],[732.6,730.6],[732.8,730.9],[733.8,731.2],[734.4,730.8],[734.6,730.5],[735.2,730.8],[735.7,730.8],[735.6,731.5],[735.8,731.6],[736.5,731.1],[736.4,730.2],[737.7,730],[739.8,730],[739.5,725.7],[739.9,724.8],[740,723.3],[739.7,722.4],[739.4,721.8],[738.9,721.3],[738.8,718.9],[738.4,715.1],[738.2,713.3],[737.9,711.6],[736.2,703.3],[735.5,700.8],[734.5,696.6],[732.9,690.9],[732.8,689.9],[732.1,688.2],[730.6,684.2],[728.8,677.4],[727.8,672.7],[727,666.4],[726.8,662.7],[726.7,661.7],[726.6,661],[726.7,658.3],[726.9,654.4],[727.4,650.4],[727.6,648.7],[728.5,645.1],[729,643.3],[731,636.8],[731.4,635.7],[734.5,628.5],[736.5,624.4],[736.6,624]]]}},{"type":"Feature","properties":{"st":"TX","district":35,"name":{},"label_x":673.5,"label_y":510.8},"geometry":{"type":"Polygon","coordinates":[[[641.7,509.7],[642,509.8],[654.5,515.1],[664.8,519.5],[666.8,522],[672.7,529.4],[673.8,530.9],[677.6,535.8],[678.5,536.7],[681,539.9],[682.8,542.1],[684.6,544.4],[687.9,548.3],[693.2,546.5],[694,547],[694.2,547.4],[695.3,548.1],[695.8,548.6],[697.9,549.2],[698.4,549.6],[698.5,549.9],[700.3,549.7],[700.7,549.6],[701.2,550.1],[707.9,544.9],[713.5,540.6],[710,536.2],[703,527.5],[703.6,527.1],[710.5,521.5],[711.5,520.8],[703.6,511.7],[701,508.5],[697.4,504.2],[703.7,495.3],[704.2,494.5],[705.9,492],[711,484.6],[709.8,484.2],[709.2,483.4],[708.6,483.7],[708,483.6],[707.8,483],[706.9,483.2],[706.8,482.3],[705.8,482.4],[705.8,482.1],[705,481.7],[705,480.8],[704.9,480.3],[704.4,480.4],[703.8,479.9],[703.5,480.2],[703.2,479.8],[703.7,479.4],[703,478.9],[703.1,478.5],[702.5,477.9],[702.4,477.1],[701.8,477.1],[701.4,477.6],[701.4,476.6],[701.1,476.6],[700.5,475.7],[700.5,475.4],[699.7,475.6],[699.5,475.4],[699.7,474.8],[698.9,474.4],[699,472.7],[698.6,471.4],[697.7,470.5],[697.5,470.9],[697.1,470.4],[693,473.7],[689.7,477.3],[688.4,478.4],[684.4,481.8],[682.6,482.6],[677.7,484.8],[675.2,485.8],[671.3,487.5],[671.2,487],[670.4,486.9],[670.3,486.5],[668.9,486.8],[668.6,487.1],[668.2,486.8],[666.2,486.8],[664.4,486.9],[663.1,486.6],[663,487.4],[663.2,487.6],[662.5,488.5],[663,489],[662,490.1],[662.5,490.4],[663.5,490.5],[664.3,491.3],[664.1,491.7],[663.1,492.2],[663.6,492.5],[663.9,493],[663.9,494],[664.7,493.6],[665,493.2],[664.9,492.6],[665.7,492.6],[666.3,492.2],[666.1,493],[667.5,493],[667.9,493.5],[668.3,493.6],[668.4,493],[669.8,493],[670.5,492.8],[671,493.2],[671.2,493.6],[670.6,493.9],[671.3,494.7],[671,495],[670.6,496.4],[670,496.8],[668.1,497.4],[668.1,499],[666.4,498.8],[666.4,500.5],[662.9,500.4],[662.9,501],[662.2,500.9],[662.2,501.3],[661.1,501.3],[660.7,501.6],[660.1,501.3],[658.2,501.4],[656.8,501.2],[656,502.3],[655.3,502.8],[654.8,502.4],[654.2,502.3],[653.2,501.6],[652.7,502.3],[652.3,502.2],[652,502.6],[651.2,502.6],[651.2,503.5],[649.8,503.5],[649.7,504.8],[648.8,504.8],[648.5,504.1],[648.1,504],[647.5,503.1],[647.2,503.4],[646.4,503.9],[645.9,503.9],[645.7,504.3],[645.1,504.1],[644.8,504.6],[644.1,504.3],[643.4,504.8],[642.7,504.5],[641.9,504.9],[641.7,509.7]]]}},{"type":"Feature","properties":{"st":"TX","district":36,"name":{},"label_x":914.8,"label_y":427.5},"geometry":{"type":"Polygon","coordinates":[[[863.4,366],[863.3,366.3],[864,366.8],[864.5,366.8],[864.9,367.1],[865,367.6],[865.6,368.3],[866.4,368.9],[866.1,369.1],[866,370.2],[866.4,370.5],[865.9,371.1],[866.6,371.7],[867.1,371.5],[867.9,371.7],[868.9,372.2],[869.4,372.6],[869.6,373.1],[869.3,373.6],[869.7,374.4],[870.7,375.2],[870.8,375.5],[870.1,376],[869.6,376.8],[869.6,377.2],[870,377.5],[870.4,377.4],[870.6,377.9],[870.9,377.7],[871.5,378.9],[871.7,379.9],[871.5,380.6],[871.8,381.4],[872.1,381.8],[872.4,382.5],[872.1,382.9],[872.3,383.6],[872.3,384.6],[872.8,384.5],[872.9,384.9],[874,385.2],[874.6,385.5],[877,386.6],[878,387.3],[878.8,387.5],[880,387.2],[881.1,387.9],[882.2,387.9],[883.2,388.5],[883.5,388.6],[883.9,387.7],[884.3,388.4],[884.8,388.4],[885.2,388.7],[885.5,388.5],[886.3,388.8],[886.2,389.1],[887.1,389.6],[887.4,389.9],[888,389.7],[888.5,389.9],[889,390],[889,390.3],[883.5,393.5],[885.5,402.8],[886.9,409.3],[887.1,410.1],[889.1,419.4],[889.1,419.5],[890.9,427.9],[891,428.4],[879.7,428.6],[883.6,440.6],[886,447.9],[888,453.9],[892.4,453.8],[896.8,453.7],[897,461.3],[897.2,468.6],[893.8,468.7],[882.4,469],[874.6,469.2],[865.8,469.4],[866.1,469.9],[866,470.5],[866.6,471.1],[867.4,471.3],[868.5,472.7],[869.9,473.1],[870.1,473.3],[869.8,474.4],[869.3,474.8],[869.2,475.4],[869.6,475.9],[869.4,476.3],[868.8,476.1],[868.9,476.9],[868.3,476.4],[867.3,478.5],[867.6,478.9],[867.1,480.2],[865.7,480.8],[864.8,480.8],[864.1,481.3],[863.1,482.3],[863.1,485],[860,485],[858.4,485.1],[858.1,486.3],[856.7,486.3],[856.5,486.4],[854.2,486.5],[853.3,487],[852.5,486.1],[851.9,486.7],[851.5,486.7],[850.6,485.8],[849.5,483.9],[848.9,483.2],[848,483.4],[847.9,483.7],[846.4,484.9],[847.1,487.2],[846.3,487.2],[846.3,488.8],[845.5,488.7],[844.6,489.6],[844.1,489.5],[843.4,489.7],[842.9,489.4],[842.2,489.6],[841.9,489.9],[840.5,489.8],[840.1,490],[839.5,492.7],[843,492.5],[844.4,493],[844.4,492.6],[845.6,492.6],[845.9,492.3],[847,492.2],[847.9,492.3],[847.9,491.3],[848.2,491],[848.9,491.3],[849.8,490.5],[850.2,491.6],[850.7,491.6],[851.6,491.3],[853.4,491.4],[853.3,492.3],[853.9,493],[854.2,494],[855,494.2],[854.9,494.6],[855.4,495.4],[856.1,495.2],[856.7,494.8],[857.4,494.9],[857.7,494.5],[858.8,494.5],[858.7,494.1],[859.5,493.5],[859.8,493.1],[860.2,492.9],[860.3,492.2],[860.8,491.5],[861.2,491.3],[862,491.3],[863.1,491.7],[863.2,491.9],[863.9,491.8],[864.1,492.6],[864.8,493.4],[865.4,493.9],[866.2,494.4],[869.6,495.2],[870.2,495.3],[871.3,494.5],[872.7,494],[875,493.8],[875.5,493.4],[876.3,492.2],[877,491.6],[877.8,493],[878.6,493.3],[879.2,493.3],[880.1,493.2],[882,492.4],[883.3,492.3],[884.7,491.8],[887.3,491.2],[888.8,490.6],[890.1,490],[890.8,489.8],[891.5,490],[892,490.7],[892.8,491.3],[892.8,492],[894.3,491.8],[894.4,491.4],[895.7,490.8],[897.7,490.3],[898.7,490.3],[899.3,489.8],[898.9,488.9],[899,488.5],[899.6,488.1],[900.6,488.3],[901.1,486.8],[902,486.8],[902,487.6],[902.6,487.2],[902.4,480.1],[902.2,470.6],[903,469.8],[908.5,464.4],[914.5,457.3],[914.9,458],[916,458.1],[917.3,458],[917.5,457.6],[917.6,456.8],[916.4,455.4],[916.7,455],[917.2,455.1],[917.6,454],[918.1,453.7],[918.3,453],[918,452.3],[917.2,452.1],[916.7,451.3],[916,450.9],[915.8,450.1],[916.2,449.7],[916,449.1],[916.1,448.3],[916.8,448],[917,447.3],[916.5,446.7],[915.7,446.2],[915.6,444.7],[922.5,444.5],[928.2,444.4],[937,444.1],[939.4,444],[939.6,443],[939.3,442.6],[939.5,440.9],[937.8,440.4],[937.1,439.5],[936.9,439],[936.5,438.6],[936.3,437.8],[935.9,437.4],[936.3,436.9],[936.4,436.5],[936.4,435],[936.3,434.2],[936.9,433.8],[938,432.6],[938,431.5],[938.6,431.7],[939.1,431.5],[939.6,430.9],[939.6,430.5],[939.1,429.8],[939.5,429.7],[939.1,429.1],[938.8,428.9],[938.7,428.3],[938.9,427.9],[938.5,427.2],[938.6,426.8],[939.1,426.3],[938.8,425.7],[937.9,425.2],[937.4,424.8],[937.1,424.2],[937.7,423.9],[937.5,423.3],[937.9,423],[937.7,421.9],[938.1,421.5],[938.5,421.5],[938.5,421],[939.1,420.9],[939.6,420.5],[940.1,420.6],[940.5,420.5],[940.2,419.6],[939.9,419.4],[940.3,418.9],[940.1,418],[940.2,417.4],[940.9,416.6],[941,416],[941.4,416],[941.8,415.4],[942.2,415.5],[943.1,414.8],[943.3,414.2],[943.7,413.7],[943.5,413.4],[943.7,412.7],[944.3,412],[944.3,411.3],[943.7,410.5],[944.3,410.1],[943.9,409.5],[945.2,409],[945.1,408.4],[945.6,407.8],[945.8,407.1],[945.7,406.3],[946.2,406.4],[946.8,406.1],[946.7,405.4],[947.3,404.8],[947.3,404.2],[947.1,403.8],[946.4,403.6],[947.1,403],[946.8,402.6],[947,402],[946.3,401.5],[946.1,400.9],[946.5,400.2],[947.5,400],[947.2,399.3],[946.9,398.9],[947.3,398.6],[948.5,398.1],[948.7,397.2],[948.3,396.5],[948.4,395.9],[947.5,395.9],[947.5,395.4],[946.8,395.1],[946.2,395.2],[945.9,394.9],[946.3,394.5],[946.4,393.7],[946,393.7],[945.6,393.1],[946,392.5],[946.3,392.2],[946.9,392.8],[947.1,392.5],[947.9,392.5],[948.2,391.8],[948.8,391.7],[949.6,391.1],[949.6,390.8],[948.6,390.4],[948.9,390],[948.4,389.8],[948.2,389.3],[948.8,389.2],[948.8,388.6],[948.3,388.4],[947.7,387.8],[947,387.8],[947,387.3],[946.3,386.8],[946.4,386.6],[947.1,386.4],[947.3,385.6],[947.7,385.3],[947.7,384.6],[947.3,383.9],[947,382.6],[947.7,382.4],[947.4,381.5],[947.9,381.4],[947.8,380.6],[947.4,380.8],[947,380.6],[945.8,381.2],[945.4,381.8],[944.7,382],[944.1,381.3],[936.4,382],[926.3,383],[919,384.7],[919,385],[918.7,385.8],[918.2,386.1],[913.8,387.2],[912.8,386.2],[912.3,386.1],[911.9,385.7],[910.3,384.9],[909.3,383.9],[909.5,383.6],[908.6,382.9],[908.6,382.3],[907.5,382],[907.1,382.1],[906.9,381.6],[906.4,381.8],[905.9,381.6],[905.9,381.2],[905.6,380.8],[904.9,380.4],[904.6,380.5],[904.2,380],[903.2,379.4],[903.1,379],[902.3,378.9],[901.9,379.1],[901.1,377.8],[900.8,377.6],[900.2,376.6],[899.6,376.2],[898.8,375.1],[898.9,374.6],[898.4,374],[897.1,373.4],[895.9,373.2],[895.2,372.6],[895.2,372],[894.7,371.4],[894.7,370.7],[894.1,369.6],[894.1,368.8],[893.7,368.2],[893.2,368.1],[892.8,367.4],[892.1,366.6],[891.3,366.7],[891.2,367.2],[890.1,367.5],[889.8,367.1],[889.9,366.7],[889.6,365.8],[889,365],[888.4,365.2],[887.5,365.2],[887.4,364.5],[886.5,364.2],[886.2,364.7],[885.8,364.6],[885.1,364.8],[884.6,364.5],[884.1,364.5],[883,364],[882.8,363.5],[881.5,364.1],[880.8,364],[880.5,363.7],[879.1,363.7],[877.7,362.8],[877,362.9],[876.7,362.5],[876.1,362.1],[875.7,362.3],[875.1,361.8],[874.5,361.6],[873.6,361.8],[873,360.8],[871.8,360.2],[871.5,359.9],[871.2,359.1],[864.4,365.1],[863.4,366]]]}},{"type":"Feature","properties":{"st":"TX","district":37,"name":{},"label_x":711.3,"label_y":443},"geometry":{"type":"Polygon","coordinates":[[[695.6,445.1],[696.8,445.5],[696,447],[697.1,447.5],[696.6,447.7],[695.9,448.7],[696.6,449.2],[697.2,448.7],[697.9,447.8],[698.4,448.3],[698.2,448.6],[698.8,449],[698.4,449.7],[698.8,449.9],[699.2,450.9],[700.5,451],[701.5,450.6],[701.8,450.8],[702.5,450.7],[702.9,451],[703,450.5],[703.6,450.5],[703.8,451.3],[703.6,451.4],[703.1,452.3],[703.3,452.5],[702.8,453.4],[704.4,454.3],[704.9,453.3],[705.3,452.7],[706.5,453.4],[706.7,453],[707.9,453.6],[707.9,450.9],[708.4,448.8],[708.8,449.3],[709.8,449.7],[710.5,449.5],[710.8,449],[711.2,449.3],[711.6,448.5],[712.3,448.6],[712.6,448.4],[712.7,447.9],[714,447.5],[714.9,446.9],[716.1,447.3],[716.7,446.6],[716.9,446.1],[716.7,445.5],[716.8,445.1],[716,445],[715.9,444.5],[717.9,440.9],[718.4,440.7],[718.6,440],[719.2,439],[718.9,438.8],[719.5,437.8],[717.3,437.8],[717.6,437.1],[717.8,436.1],[716.4,435.3],[715.8,436.3],[715.5,436.3],[714.8,435.9],[714.7,436.4],[713.8,436],[713.2,435.8],[712.5,436.3],[711.5,435.7],[710.9,435.2],[711.5,434.1],[710.9,433.7],[710.4,433.1],[708.9,432.2],[708.8,432],[708.1,431.6],[707.8,432.5],[707.4,432.2],[707.1,432.6],[706.3,432.1],[706.3,433.4],[705.3,433],[705.4,433.7],[704.8,433.7],[704.5,434.2],[703.8,434.2],[703.7,434.7],[703.8,435.4],[702.7,436.3],[702.6,437],[702.3,437.5],[702.9,438],[703.4,439.3],[703.5,440],[703.9,439.9],[704.2,440.2],[704.1,440.7],[704.4,440.9],[704.4,441.4],[704,442],[704.6,442.6],[705.1,442.8],[705.5,442.2],[706.1,442.4],[705.6,443.8],[704.9,443.7],[704.6,443.3],[703.7,442.7],[703.2,443.1],[702,443.8],[701.6,444.6],[700.6,445.1],[698.9,444.2],[698.5,445.1],[698.2,445.2],[697.5,444.8],[697.2,444.4],[696.5,444.1],[695.9,444.6],[695.6,445.1]]]}},{"type":"Feature","properties":{"st":"TX","district":38,"name":{},"label_x":825.3,"label_y":465.8},"geometry":{"type":"Polygon","coordinates":[[[832.7,469.7],[832.6,468.6],[831.9,468.1],[830.6,468],[830.6,464.1],[830.2,464.1],[830.6,462.8],[830.9,462.7],[831.6,463],[832,462.8],[832.3,462.4],[833.1,462.6],[834.4,461.5],[835.3,461.3],[835.7,461],[835.1,460.4],[835.1,459.9],[836.2,459.2],[835.7,458],[835.7,456.3],[835.2,456],[835.1,455.4],[835.1,453.9],[835.2,452.7],[831.8,452.8],[831.8,453.1],[831.1,453.2],[831.1,451.7],[830.6,452.1],[830.3,452.7],[829.8,452.9],[829.3,453],[828.3,452.8],[827.9,453.4],[826.8,454.1],[826.5,454.6],[826,454.7],[825.4,455.1],[824.7,454.8],[824.4,455.3],[823.8,455.3],[823.5,455.1],[822.5,455.2],[821.9,455.7],[821,455.5],[820.4,455.9],[819.7,456.1],[818.7,455.8],[817.5,456],[817.3,456.3],[817.1,457.3],[817.2,462.2],[817.5,462.3],[817.6,465.3],[818.6,464.9],[819.2,464.8],[819.8,464.6],[819.8,465.4],[820.2,466.2],[820.3,467.9],[822,467.8],[822.9,468.4],[823.5,468.3],[823.9,468.1],[824.7,468.1],[824.9,469.3],[825.3,469.5],[825.8,469.3],[826.7,469.5],[826.8,470],[827.8,470],[827.8,470.7],[828.3,470.7],[828.3,471.2],[828.7,471.7],[828.2,472.9],[828.4,473.6],[828.3,474.2],[827.7,474.8],[827.8,475.5],[828.2,476.2],[828.7,476.2],[828.7,476.6],[828.5,477.2],[828.7,477.8],[829.4,477.9],[829.4,478.9],[830.4,479.1],[830.6,478.7],[830.4,478],[830.7,477.6],[831.1,477.5],[831.6,477.9],[832.2,477.9],[832.2,479.5],[833.3,479.5],[833.4,478.8],[834.2,479.1],[834.8,479.5],[834.8,480.5],[835.5,480.5],[835.5,479.5],[836.5,479.5],[836.4,478.6],[837.9,478.6],[838.1,478.8],[837.9,480],[838.6,480],[838.6,479.2],[840,479.1],[840.8,479],[840.9,477.9],[840,478.2],[839.8,477.8],[839.1,477.6],[838.6,477.3],[838.4,476.3],[838.4,475.6],[837.8,475.1],[834.6,475.1],[834.8,474.3],[834,474.2],[834,473.8],[835.1,473.8],[835,473.1],[832.9,473.2],[832.9,472.3],[832.7,472],[831.8,471.9],[831.8,470.8],[832.5,470.3],[832.7,469.7]]]}}]}
