{"type":"FeatureCollection","frame":{"width":1152,"height":748.8,"y":"down"},"note":"TX congressional plan first used 2022 (38 districts), Dave's Redistricting export, simplified by mapshaper, projected with the shared conus_proj and fitted so TX fills the frame. TX-2022 and TX-2026 share this fit and overlay exactly.","features":[{"type":"Feature","properties":{"st":"TX","district":1,"name":{},"label_x":875.9,"label_y":301},"geometry":{"type":"Polygon","coordinates":[[[845.2,262.7],[852.8,262.7],[852.9,262],[853.4,261.5],[853.4,260.6],[853.7,260.1],[854.1,260.1],[854,260.8],[854,266.7],[862.5,266.6],[869.6,266.5],[878.3,266.3],[878.9,266.9],[879.1,267.3],[879,267.8],[879.1,269.2],[879.5,269.3],[879.5,270.3],[880.2,270.4],[881,271],[879.3,272],[879.4,278.9],[879.5,283.3],[879,282.9],[878.5,283.2],[878,283.1],[877.5,282.6],[876.3,282.8],[875.9,283.4],[875.6,282.9],[874.3,283],[874,282.7],[873.9,281.8],[873.7,281.4],[873.3,281.2],[872.5,281.1],[872.7,280.6],[873.1,280.3],[872.8,279.7],[872.4,279.3],[871.2,278.9],[871.1,278.5],[870.2,278],[870,277],[869.3,276.9],[869,276.4],[869,275.7],[868.3,275.2],[867.8,275.2],[867.8,274.2],[867.5,273],[867.6,271.7],[868,269.5],[867.9,269.2],[867,269.3],[866.4,269.6],[865.1,269.7],[864,269.4],[863.4,269.6],[862.2,269.6],[861.8,269],[861.2,269.2],[861.2,270.3],[861.3,271.5],[860.8,271.2],[860.5,271.6],[860.5,272.8],[860.8,273.5],[861.3,273.9],[861.4,274.4],[860.9,274.9],[860.8,275.9],[860.7,276.8],[861.2,277.4],[860.8,278.2],[860.1,279],[859.5,280.2],[858.9,280.4],[858.6,280.9],[857.3,281.3],[856.8,281.7],[855.2,282.2],[854.6,282.8],[854.1,283],[854.1,289.1],[853.8,289.5],[853.5,290.8],[853.1,290.6],[852.1,290.7],[851.1,289.8],[851,289.2],[850.2,289.4],[849.9,289.8],[849.4,289.8],[848.5,288.8],[847.8,289],[847.1,288.9],[846.9,288.5],[846.4,288.4],[845.5,287.7],[845.1,287.6],[844,286.9],[843.4,286.9],[842.4,286.7],[842.2,287],[840.8,287.2],[840.4,286.9],[839.7,286.9],[839.1,286.6],[838.2,286.8],[836.2,286.6],[835.1,286.3],[834.9,286],[834,285.9],[833.8,285],[833.2,284.3],[832.2,284.1],[832.2,283.6],[831.2,283],[830.5,282.2],[830,282.3],[829.7,281.7],[829.3,281.6],[829.3,295.3],[830.5,296.5],[831.5,297],[832.4,298.5],[833,298.8],[833.3,299.2],[833.7,299.3],[834.6,300.1],[834.5,300.6],[835,301.4],[835.4,301.6],[836.3,302.8],[837.2,302.9],[837.6,303.4],[837.6,304.3],[837.4,304.3],[837.3,305.1],[837,305.5],[837.2,306.6],[837.7,307.7],[837.5,307.8],[837.3,308.8],[837.1,309.2],[836.4,310],[836.5,311],[835.7,311.4],[835.4,311.8],[835.5,312.4],[836.4,313.3],[836.8,314],[836.8,314.5],[835.9,317.4],[836,317.8],[836.5,317.9],[837,318.5],[844.2,318.4],[855.7,318.2],[862.1,318.2],[863.9,318.1],[863.9,321.6],[864.1,331.8],[864.2,337.7],[866.9,337.7],[870.4,337.8],[877.5,337.7],[881.6,337.7],[894.4,337.5],[894.8,338.1],[895.6,338.9],[895.9,340.2],[896.1,340.5],[895.8,342.3],[896.4,342.8],[896.6,343.8],[896.8,344],[896.8,346.1],[896.6,346.7],[897.1,347.9],[897.3,348.2],[897.3,348.9],[897.4,349.9],[897.7,350.1],[897.9,351],[899,351.2],[899.5,351.6],[899.5,352.2],[900.3,352.6],[900.6,353.4],[901.3,353.4],[901.8,354],[901.8,354.3],[902.8,354.5],[902.7,355.2],[903,355.5],[903.2,356.2],[903,357],[903.2,358.2],[902.9,359.4],[903.4,359.6],[903.3,360.4],[902.7,361.1],[902.5,361.9],[902.7,362.2],[902.7,363.9],[902.4,364.3],[903.3,365.7],[903.2,366.2],[902.1,367.2],[902.4,368],[902.1,368.3],[902.2,369.1],[901.9,369.7],[902.6,371.1],[902.8,372.1],[902.5,372.3],[902.9,373.5],[902.3,374.3],[902.5,374.8],[902.2,375.1],[902,375.6],[901.5,376.4],[902,377.3],[901.7,377.7],[902,378.2],[903.2,379.4],[904.2,380],[904.6,380.5],[904.9,380.4],[905.6,380.8],[905.9,381.6],[906.4,381.8],[906.9,381.6],[907.5,382],[908.6,382.3],[908.6,382.9],[909.5,383.6],[909.3,383.9],[910.3,384.9],[911.9,385.7],[912.3,386.1],[912.8,386.2],[913.8,387.2],[918.2,386.1],[918.7,385.8],[919,385],[919,384.7],[926.3,383],[936.4,382],[944.1,381.3],[943.9,381],[943.9,379.7],[943.6,379.5],[944,378.1],[943.4,377.6],[942.9,377.5],[943.1,375.8],[942.7,375],[941.6,375.1],[941.1,374.1],[940.5,374.3],[939.9,373.2],[939.1,373],[938.8,372.4],[939.1,371.9],[939.6,371.5],[939.4,371.1],[939.8,370.6],[939.9,369.5],[941,369.2],[941.5,368.3],[941,368.3],[939.9,368.7],[939.7,367.3],[939.5,366.6],[939,366.5],[938.5,366],[937.7,365.7],[937.7,365.2],[938.3,363.9],[937.4,363.7],[937.7,362.8],[937,362.6],[936.6,362.9],[936.1,362.6],[935.5,362.1],[935,361.9],[935.4,360.9],[936.5,360.2],[936.7,359.4],[937.1,358.8],[935.7,358.8],[935.3,358],[934.6,357.8],[934.3,358.2],[932.9,358.1],[931.8,357.3],[931.8,356.9],[931.2,356.5],[930.8,356],[930.7,355.3],[930,354.1],[929.7,353.2],[930.4,351.9],[930.9,351.6],[930.8,351.1],[930.9,350.5],[930.8,349.7],[930.4,349],[930.5,348.3],[930.8,348.3],[931.4,347.7],[932.1,346.3],[931.4,346.2],[931.1,345.9],[930.9,344.4],[930.3,344.1],[929.6,343.1],[929.9,342.8],[930.4,341.5],[929.5,340.6],[929.4,339.7],[928.6,339.4],[927.3,338.3],[927.3,337.1],[926.8,336.6],[926.5,336],[926.9,335.2],[925.7,334.8],[926,334],[925.6,333.5],[924.6,333.8],[924,333.6],[924.5,332.8],[924.1,332.3],[923.6,332.5],[922.7,332.5],[922.4,331.6],[921.7,331.8],[921.4,331.5],[921.1,330.5],[920.7,330.2],[920,329.1],[919.6,328.2],[919.1,327.8],[918.9,327.2],[918.3,326.8],[917.8,327.1],[917.5,326.6],[917.3,314.1],[917,302.1],[916.8,293.3],[916.8,291.4],[916.7,287.8],[916.6,283.6],[916.4,272.9],[916.2,263.4],[916,251.3],[915.7,239.9],[915.6,234.8],[915.5,226.5],[915.4,222.1],[914.9,222],[914.4,222.2],[913.7,221.8],[914,221.4],[914.7,221.4],[914.6,221],[914,220.9],[913.3,220.5],[912.6,220.5],[911.5,221.1],[911,221.1],[910.9,222],[910.4,222],[910.3,220.9],[909.8,221.2],[909.2,220.5],[908.7,220.2],[908.7,219.7],[907.4,219.3],[906.8,220.2],[906.8,220.6],[907.2,221.4],[906.9,222],[906.4,221.3],[905.9,221.4],[905.7,222],[905.8,225.9],[906.9,225.8],[906.9,227],[906.7,227.2],[906.6,228],[907.5,228.1],[907.6,228.8],[908,229],[908.1,229.9],[907.7,229.9],[907.7,230.8],[907.2,230.9],[906.5,231.5],[906.5,232.2],[905.1,232.5],[904.7,232.9],[903.6,232.9],[903.6,233.5],[903.3,234.1],[901.4,234],[901.5,233.5],[901.4,232.7],[899.9,232.7],[899.8,232.5],[898.9,232.5],[898.7,232.1],[895.7,232.1],[894.8,232.4],[894.6,231.1],[895.2,228.8],[895.7,228.6],[895.6,227.7],[896.6,227.8],[896.6,227.3],[894.2,227.3],[894.1,227.5],[893.1,227.6],[892.4,227.9],[891.7,227.8],[886.2,225.9],[885.5,225.8],[884.4,225.8],[883.8,225.6],[883.9,225.1],[882.5,225],[881.3,224.7],[877.3,222.6],[876.6,222.5],[875.1,222.7],[874.5,222.7],[874.4,222],[873.8,222.3],[872.3,221.6],[868.5,220.7],[866.7,220.4],[865.5,220.5],[865.2,220.3],[862.8,219.4],[860.6,218.9],[860.2,218.4],[859.7,218.3],[859.2,217.8],[858.1,218.3],[858,218.7],[855.5,218.8],[853.4,217.9],[851,217.4],[849.5,216.6],[848.6,216.3],[848,215.6],[847.4,215.3],[847.1,214.8],[846.7,215.6],[845.4,216],[844.7,215.5],[844.8,221.8],[844.8,224.6],[844.9,226.8],[845,238.6],[845.1,240.6],[845.1,247.5],[845.2,251.8],[845.2,262.7]]]}},{"type":"Feature","properties":{"st":"TX","district":2,"name":{},"label_x":849,"label_y":458.2},"geometry":{"type":"Polygon","coordinates":[[[829.8,452.9],[830.3,452.7],[830.6,452.1],[831.1,451.7],[831.1,453.2],[831.8,453.1],[831.8,452.8],[834.9,452.7],[835.1,453.9],[835.1,455.4],[835.2,456],[835.7,456.3],[835.7,456.9],[836.8,457.2],[836.8,457.9],[836.5,458.5],[836,458.8],[836,459.3],[835.4,459.3],[835.3,459.7],[834.3,460.3],[834.3,460.7],[835.6,462.7],[837.6,461.4],[836.9,460.3],[837.4,460.1],[837.7,459.5],[838.8,459.4],[838.9,459.6],[840.3,459.4],[842,459.4],[842.3,459.2],[843.1,459.4],[843.8,459.5],[844.4,460],[845.3,459.8],[845.6,460.1],[846.7,460.4],[846.7,460.7],[847.4,460.7],[847.3,461.5],[849,461.5],[848.9,461.8],[852.2,461.8],[852.3,464.7],[853.4,465.5],[852.7,466.3],[852.9,466.6],[853,467],[852.9,468.4],[852.9,469.3],[853.8,470.4],[853.9,472],[854.5,472.9],[856.4,472],[856.4,472.6],[857.3,472.7],[857.3,473.8],[856.4,474.1],[856.5,475.3],[856.3,475.9],[855.8,476.2],[855.6,477],[856.1,477],[857.3,477.5],[857.5,477.1],[859.4,475.8],[860.6,475.4],[861.5,475.8],[861.8,475.7],[863.5,476.5],[864,477.1],[864.3,476.6],[864.6,475.4],[864.9,474.9],[864.9,473.7],[864.6,472.2],[863.1,472.3],[863.1,471.2],[862.7,471.2],[862.6,469.2],[861.1,469.2],[862.8,465.9],[865.4,463.5],[864.9,463.2],[864.6,462.2],[863.3,461.9],[862.8,462.1],[862,459.7],[860.9,456.6],[860.3,454.8],[858.7,449.9],[854.7,438.6],[851.6,440.2],[851.2,439.9],[848.9,439.8],[845.9,439.6],[845.8,439.9],[846,441.3],[846.7,442.7],[846.7,443.8],[846.9,444.4],[846.3,444.6],[847,445.5],[847.1,446.3],[845.9,446.4],[845.7,445.8],[845.4,445.6],[845.3,445],[844.1,443.8],[843.8,443.5],[843,443],[841.2,441.4],[841,442],[839.2,442.9],[838.3,442.9],[837.9,443.2],[837.9,445.2],[837.8,446],[837.2,446],[833,446.9],[832.3,446.9],[832.4,447.4],[831.5,447.4],[830.3,448.9],[829.6,450.2],[829.8,450.6],[829.8,452.9]]]}},{"type":"Feature","properties":{"st":"TX","district":3,"name":{},"label_x":787.8,"label_y":250.1},"geometry":{"type":"Polygon","coordinates":[[[777.4,261.4],[784.1,261.5],[789.7,261.6],[789.7,267.2],[790.1,267.1],[791.4,266],[792.9,265.9],[793.8,266.4],[796.3,266.4],[797.3,266.4],[799.2,266.5],[799.6,265.1],[800,264.6],[802.1,265.7],[802.9,265.8],[804.2,265.9],[805.2,265.7],[806.5,265.3],[806.9,266.2],[807.7,265.7],[808.2,266.2],[809.5,261.7],[814.1,261.7],[814.1,259.7],[814.1,251.6],[814.2,243.3],[814.3,232.7],[805.7,234.1],[792.3,236.2],[784.9,237.3],[784.9,233.6],[784.8,233.5],[780.1,233.4],[771.4,233.2],[765.8,233],[766,233.9],[766.3,235.4],[766.6,236],[767.4,237.2],[768,238.3],[768,239.1],[768.8,240.5],[768.4,240.6],[763.6,240.5],[762.1,240.4],[761,245.4],[765.4,245.5],[765.4,249.9],[761.4,249.9],[761.4,250.2],[761.3,253.6],[764.3,252.2],[765.4,251.8],[765.3,253.4],[763.2,253.4],[763.2,255.3],[763.2,256.7],[761.9,256.8],[761.8,256.4],[761.3,256.3],[760.7,255.8],[760.2,255.7],[759.9,256.3],[759.9,258.3],[761.8,258.3],[762.3,259.1],[763,259.1],[763.5,258.9],[764.2,258.9],[764.2,258.4],[765.3,258.4],[765.3,256.1],[765.1,255.8],[765.1,254.8],[766.2,254.9],[766.5,254.8],[766.7,254.2],[767.1,254.3],[767.6,254.9],[768.2,255.3],[769.7,255.3],[769.6,255.9],[769.6,256.8],[769.3,257.3],[768.2,257.3],[768.2,258.1],[769.4,258.1],[769.7,258.6],[770.4,259.4],[772,259.6],[772,261.3],[777.4,261.4]]]}},{"type":"Feature","properties":{"st":"TX","district":4,"name":{},"label_x":829.6,"label_y":237.8},"geometry":{"type":"Polygon","coordinates":[[[845.2,262.7],[845.2,251.8],[845.1,247.5],[845.1,240.6],[845,238.6],[844.9,226.8],[844.8,224.6],[844.8,221.8],[844.7,215.5],[845.4,216],[846.7,215.6],[847.1,214.8],[847.4,215.3],[848,215.6],[848.6,216.3],[849.5,216.6],[851,217.4],[853.4,217.9],[855.5,218.8],[858,218.7],[858.1,218.3],[859.2,217.8],[859.7,218.3],[860.2,218.4],[860.6,218.9],[862.8,219.4],[865.2,220.3],[865.5,220.5],[866.7,220.4],[868.5,220.7],[872.3,221.6],[873.8,222.3],[874.4,222],[874.5,222.7],[875.1,222.7],[876.6,222.5],[877.3,222.6],[881.3,224.7],[882.5,225],[883.9,225.1],[883.8,225.6],[884.4,225.8],[885.5,225.8],[886.2,225.9],[891.7,227.8],[892.4,227.9],[893.1,227.6],[894.1,227.5],[894.2,227.3],[896.6,227.3],[896.6,227.8],[895.6,227.7],[895.7,228.6],[895.2,228.8],[894.6,231.1],[894.8,232.4],[895.7,232.1],[898.7,232.1],[898.9,232.5],[899.8,232.5],[899.9,232.7],[901.4,232.7],[901.5,233.5],[901.4,234],[903.3,234.1],[903.6,233.5],[903.6,232.9],[904.7,232.9],[905.1,232.5],[906.5,232.2],[906.5,231.5],[907.2,230.9],[907.7,230.8],[907.7,229.9],[908.1,229.9],[908,229],[907.6,228.8],[907.5,228.1],[906.6,228],[906.7,227.2],[906.9,227],[906.9,225.8],[905.8,225.9],[905.7,222],[905.9,221.4],[905.6,221.9],[905.1,222.2],[904.6,222.2],[903.8,221.9],[903.7,221.5],[904.2,220.8],[904.5,220.5],[904.6,219.9],[904.1,219.7],[903.6,220],[902.9,220.8],[902.6,221.6],[902.3,221.9],[901.7,221.9],[901.6,221.2],[902,220.8],[902,220.3],[901.5,220.3],[900.9,221],[900.5,222.3],[900,222.5],[899.3,222.2],[898.9,221.3],[898.5,221.3],[898.1,221.7],[898.4,222.4],[898.1,222.9],[897.2,222.8],[896.5,222.9],[896.1,222.8],[895.4,221.9],[895.7,221.4],[896,221.5],[896.6,221.1],[896.7,220.6],[896.3,220.4],[895.6,221.1],[894.8,221.3],[893.9,219.9],[893.3,219.6],[892.5,219.7],[892.1,219.2],[891.6,219.2],[891.6,218.7],[892.4,218.1],[892.5,217.7],[892,217.5],[892,217.1],[892.7,216.9],[892.7,216.3],[892.1,216.2],[891.7,216.8],[891.1,216.6],[890.3,216.8],[890.5,217.4],[889.6,217.9],[889.2,217.7],[888.3,218.2],[887.9,217.8],[888,217.4],[888.7,216.9],[888.3,216.5],[887.5,216.8],[886.9,217.4],[886,217.4],[886,216.8],[887.3,216.2],[887.5,215.6],[887.1,215.2],[885.9,215.8],[885.4,216.3],[885,215.9],[885.6,215.3],[886.2,215.1],[886.3,214.6],[885.3,214.8],[885.3,214],[884.9,213.5],[884.6,214.9],[884.2,215.1],[883.6,214.6],[883.3,213.9],[882.7,213.8],[882.1,215.1],[881.2,215.3],[880.3,214.9],[880.5,214.5],[880.9,214.3],[881.4,214.6],[881.7,214.4],[881.4,213.6],[880.6,213],[880.2,213.1],[879.5,213.7],[878.6,213.5],[877.6,213.4],[877.8,212.9],[878.4,212.9],[878.3,212.2],[876.9,211.6],[876.8,212.1],[877.6,212.4],[877.8,213],[877.6,213.4],[876.6,213.2],[876.4,212.7],[875.8,212.4],[875.7,212],[876.6,211.6],[876.8,211.2],[876.6,210.9],[876.2,211.1],[876.1,211.7],[875.4,211.5],[876,211],[875.8,210.4],[875.3,210.9],[874.6,210.9],[873.7,210.3],[874.4,209.6],[875.2,209.6],[875.4,208.9],[874.6,208.6],[874.4,208.9],[874.2,209.7],[872.9,210.5],[872.1,210.1],[872.4,209.3],[872.1,209.1],[872.1,208.4],[871.7,208.1],[871.3,208.8],[871.8,209.5],[871.5,210],[870.7,210.1],[869.7,210],[868.8,209.3],[869.3,208.6],[868.9,208.2],[868.8,208.9],[868.2,208.1],[867.6,208.2],[866.8,207.5],[866.2,206.5],[866.5,205.5],[866.8,205.1],[866.6,204.4],[866,204.3],[866.2,205.5],[865.3,205.7],[864.8,205.5],[864.5,205],[865,204.1],[863.9,203.6],[863.6,202],[863.2,202.1],[862.8,202.6],[862.3,202.6],[862,202],[861.2,202.2],[859.8,202.1],[859.2,201.8],[859.1,200.9],[858.6,200.3],[858.5,199.3],[857.9,199.2],[858.3,198.5],[857.7,198.4],[857.5,199.1],[857.4,200.4],[856.9,200.7],[856.3,199.9],[856.3,199.6],[857.4,198.8],[857.6,198.5],[857.3,198],[856.9,198.5],[855.2,199.2],[854.7,198.8],[854.5,198.4],[855.1,197.7],[855.1,197.3],[854.6,197],[854.1,197.1],[853.1,197],[852.3,196.3],[850.8,195.9],[849.8,195.3],[849,195.4],[848.9,196.1],[848.2,196.5],[847.9,197.1],[848.1,198.5],[847.8,199.9],[847.4,200.3],[847.1,199.9],[847.1,198.9],[846.5,198.8],[846,199.3],[846.4,200.2],[846.3,201.2],[845.6,201.4],[844.9,201.2],[844.5,200.8],[843.8,200.5],[843.1,201.3],[841.7,201.8],[840.3,201.7],[839.8,201.9],[839.1,201.9],[838.1,201.6],[837.3,201.8],[836.2,201.4],[836.4,200.5],[834.6,201.3],[833.8,201.2],[833.8,200],[833.5,199.8],[833.1,200.3],[832.3,200.9],[831.7,200.9],[831.3,200.3],[831.5,199.6],[831.2,198],[830.9,197.6],[830.4,197.3],[829.6,197.3],[829.1,196.8],[828.7,196.8],[828.6,197.4],[828.3,197.7],[827.7,197.8],[827.2,198.6],[827.1,199.1],[826.5,199.3],[825.3,198.9],[825,199],[824.2,200],[823.7,200.4],[822.4,200.6],[821.2,199.9],[820.3,199.9],[819.9,200.2],[819.6,200.9],[819.6,201.5],[820.2,202.3],[820,202.9],[819.2,203.4],[817.8,202.4],[817.3,202.3],[816.6,202.4],[816.3,202.8],[816.5,203.5],[815.8,204.1],[814.8,203.6],[814.4,203.1],[813.8,203],[812.6,202],[812.2,201.9],[810.6,200.7],[810.2,200.8],[809.7,202.2],[809.3,202.4],[807.7,202.7],[807.2,202.9],[807.2,202],[806.2,201.5],[806.2,201.8],[806.7,202.2],[806.5,203],[806.1,203.4],[805.3,203.7],[805.3,202.8],[804.9,202.5],[804.7,203.1],[804.3,203.7],[803.7,204],[801.7,203.3],[800.8,203.3],[801,203.9],[800.9,204.4],[800.3,204.2],[799.6,203.7],[798.1,203.9],[798,204.3],[798,205.3],[797.2,205.2],[796.6,205.5],[796.7,206.3],[797.5,205.6],[797.2,207.7],[797,208.5],[796.4,209.1],[795.5,209.6],[794.2,210],[793.6,209.9],[791.8,208.6],[790.3,208.4],[790,208.6],[789.4,210.1],[789.3,210.8],[789.4,211.6],[789.2,212.4],[788.7,213.4],[788,213.6],[787.1,214.1],[786.4,213.8],[785.8,211.9],[783.8,209.8],[783.4,209.2],[783.1,208.3],[782.5,207.8],[781.4,207.7],[781.1,208],[779.3,208.2],[778.6,208.2],[777.7,207.1],[777.7,205.9],[777.3,205],[776.9,204.8],[775.9,205],[774.6,205],[773.8,204.4],[773.1,204],[771.8,203.5],[771.5,203.2],[771.5,202.8],[772.5,201.6],[773.3,201.2],[774,200.3],[773.6,199.9],[771.6,199.9],[769.8,198.4],[769.1,198.7],[768.6,199.9],[768.6,201.1],[768.4,202],[768.1,202.9],[767.3,203.9],[766.8,204.2],[765.1,204.5],[764.1,204.6],[763.7,204.4],[763.3,203.4],[763.2,202.3],[763,202],[762.4,201.6],[760.3,201.2],[759.8,201.6],[759.7,202.6],[759.2,203],[758.3,202.6],[757.4,201.6],[756.8,199.7],[756.7,198.5],[756.6,197.2],[756.3,196.2],[755.6,195.5],[755.2,195.4],[754.1,196.1],[754,201.1],[754,207.6],[753.9,218.1],[753.8,226.8],[753.8,232],[757.6,232.3],[759.5,232.3],[759.9,232.8],[759.5,245.4],[756.8,245.3],[756.4,245.8],[756.6,246.1],[757.2,246.4],[756.8,247.3],[756.8,248.1],[757.1,248.1],[757,249.1],[756.6,249.1],[756.6,249.9],[756.1,249.7],[755.4,249.7],[755.2,250.6],[754.8,250.6],[754.8,251.1],[755.8,251.5],[756.6,251.1],[756.5,250.4],[757,250.5],[757.3,251.1],[757.8,250.9],[758.6,249.8],[759.4,249.9],[759.1,259.4],[759.1,261],[764,261.1],[764,260.2],[764.7,259.9],[766,259.9],[765.8,259.2],[766,258.9],[766.6,258.9],[766.7,258.3],[766.9,257.7],[767.2,257.7],[768.2,257.3],[769.3,257.3],[769.6,256.8],[769.6,255.9],[769.7,255.3],[768.2,255.3],[767.6,254.9],[767.1,254.3],[766.7,254.2],[766.5,254.8],[766.2,254.9],[765.1,254.8],[765.1,255.8],[765.3,256.1],[765.3,258.4],[764.2,258.4],[764.2,258.9],[763.5,258.9],[763,259.1],[762.3,259.1],[761.8,258.3],[759.9,258.3],[759.9,256.3],[760.2,255.7],[760.7,255.8],[761.3,256.3],[761.8,256.4],[761.9,256.8],[763.2,256.7],[763.2,255.3],[763.2,253.4],[765.3,253.4],[765.4,251.8],[764.3,252.2],[761.3,253.6],[761.4,250.2],[761.4,249.9],[765.4,249.9],[765.4,245.5],[761,245.4],[762.1,240.4],[763.6,240.5],[768.4,240.6],[768.8,240.5],[768,239.1],[768,238.3],[767.4,237.2],[766.6,236],[766.3,235.4],[766,233.9],[765.8,233],[771.4,233.2],[780.1,233.4],[784.8,233.5],[784.9,233.6],[784.9,237.3],[792.3,236.2],[805.7,234.1],[814.3,232.7],[814.2,243.3],[814.1,251.6],[814.1,259.7],[814.1,261.7],[809.5,261.7],[808.2,266.2],[807.7,265.7],[806.9,266.2],[806.5,265.3],[805.2,265.7],[804.2,265.9],[802.9,265.8],[802.1,265.7],[800,264.6],[799.6,265.1],[799.2,266.5],[797.3,266.4],[796.3,266.4],[793.8,266.4],[792.9,265.9],[791.4,266],[790.1,267.1],[789.7,267.2],[789.7,261.6],[784.1,261.5],[777.4,261.4],[777.2,272.8],[778.9,272.9],[784.8,272.8],[789.7,272.8],[789.7,271],[793.4,271],[802.1,271.2],[810.1,271.3],[810.6,271.9],[810.6,272.3],[811.1,273.1],[812.1,273.7],[812.6,274.2],[813.3,274.4],[814.1,275.4],[814.4,275.3],[814.7,275.7],[815.2,275.9],[815.7,275.7],[816.5,276],[817.2,276],[818,275.4],[818.6,275.8],[819.6,275.7],[819.7,276.5],[821.4,277],[821.5,277.3],[823.1,277.7],[823.8,278],[824.1,278.7],[824.4,278.6],[824.8,279.3],[825.6,279.8],[826.2,279.2],[826.6,279.3],[826.9,278.9],[826.6,276],[825.2,263],[838.1,262.8],[845.2,262.7]]]}},{"type":"Feature","properties":{"st":"TX","district":5,"name":{},"label_x":803.5,"label_y":293.7},"geometry":{"type":"Polygon","coordinates":[[[776.6,290.9],[776.6,291.2],[778,292.4],[777.6,293.4],[777.9,294.1],[777.6,295.2],[778.1,295.9],[778.5,296.2],[778.5,296.9],[778.9,297.3],[779.5,298.4],[781,299.2],[781.8,300.1],[781.6,300.7],[781.9,301.4],[781.1,302.4],[781.3,302.8],[780.7,303.3],[780.9,304.4],[781.7,304.4],[782,304.9],[782.9,305.1],[783.3,305.5],[783.8,305.5],[784.3,305.2],[785.2,305.8],[785.6,306.3],[787.7,307.2],[788.1,307.1],[788.9,307.5],[789.6,307.6],[790.3,308.9],[790.3,309.9],[790.9,310.7],[791.4,310.7],[791.9,311.2],[792.3,310.8],[793.2,310.8],[793.4,311.8],[794.1,312],[794.2,312.6],[795.7,314.1],[796.4,314],[797.6,313.2],[798.1,313.7],[797.4,313.9],[797.6,314.5],[796.4,315.5],[796.5,316],[797,316.5],[796.9,317],[797.4,317.3],[797.8,317],[798.2,317.4],[799,317.4],[800,317.1],[800.5,317.4],[800.6,318.1],[799.9,319.2],[800.1,319.9],[799.8,320.7],[799.7,321.3],[800.2,321.9],[800.7,322.2],[801.8,322.2],[802.7,321.9],[802.8,322.5],[802.5,323.2],[802.8,324.2],[802.6,325.1],[802.9,325.9],[803.1,326.3],[803.4,327.3],[816.6,325.4],[820.1,324.9],[824.9,324.2],[834.8,322.6],[838.8,321.9],[838.6,321.3],[838.2,321.1],[837.8,320.4],[837.2,320],[836.9,319.3],[837,318.5],[836.5,317.9],[836,317.8],[835.9,317.4],[836.8,314.5],[836.8,314],[836.4,313.3],[835.5,312.4],[835.4,311.8],[835.7,311.4],[836.5,311],[836.4,310],[837.1,309.2],[837.3,308.8],[837.5,307.8],[837.7,307.7],[837.2,306.6],[837,305.5],[837.3,305.1],[837.4,304.3],[837.6,304.3],[837.6,303.4],[837.2,302.9],[836.3,302.8],[835.4,301.6],[835,301.4],[834.5,300.6],[834.6,300.1],[833.7,299.3],[833.3,299.2],[833,298.8],[832.4,298.5],[831.5,297],[830.5,296.5],[829.3,295.3],[829.3,281.6],[829.7,281.7],[830,282.3],[830.5,282.2],[831.2,283],[832.2,283.6],[832.2,284.1],[833.2,284.3],[833.8,285],[834,285.9],[834.9,286],[835.1,286.3],[836.2,286.6],[838.2,286.8],[839.1,286.6],[839.7,286.9],[840.4,286.9],[840.8,287.2],[842.2,287],[842.4,286.7],[843.4,286.9],[844,286.9],[845.1,287.6],[845.5,287.7],[846.4,288.4],[846.9,288.5],[847.1,288.9],[847.8,289],[848.5,288.8],[849.4,289.8],[849.9,289.8],[850.2,289.4],[851,289.2],[851.1,289.8],[852.1,290.7],[853.1,290.6],[853.5,290.8],[853.8,289.5],[854.1,289.1],[854.1,283],[854.6,282.8],[855.2,282.2],[856.8,281.7],[857.3,281.3],[858.6,280.9],[858.9,280.4],[859.5,280.2],[860.1,279],[860.8,278.2],[861.2,277.4],[860.7,276.8],[860.8,275.9],[860.9,274.9],[861.4,274.4],[861.3,273.9],[860.8,273.5],[860.5,272.8],[860.5,271.6],[860.8,271.2],[861.3,271.5],[861.2,270.3],[861.2,269.2],[861.8,269],[862.2,269.6],[863.4,269.6],[864,269.4],[865.1,269.7],[866.4,269.6],[867,269.3],[867.9,269.2],[868,269.5],[867.6,271.7],[867.5,273],[867.8,274.2],[867.8,275.2],[868.3,275.2],[869,275.7],[869,276.4],[869.3,276.9],[870,277],[870.2,278],[871.1,278.5],[871.2,278.9],[872.4,279.3],[872.8,279.7],[873.1,280.3],[872.7,280.6],[872.5,281.1],[873.3,281.2],[873.7,281.4],[873.9,281.8],[874,282.7],[874.3,283],[875.6,282.9],[875.9,283.4],[876.3,282.8],[877.5,282.6],[878,283.1],[878.5,283.2],[879,282.9],[879.5,283.3],[879.4,278.9],[879.3,272],[881,271],[880.2,270.4],[879.5,270.3],[879.5,269.3],[879.1,269.2],[879,267.8],[879.1,267.3],[878.9,266.9],[878.3,266.3],[869.6,266.5],[862.5,266.6],[854,266.7],[854,260.8],[854.1,260.1],[853.7,260.1],[853.4,260.6],[853.4,261.5],[852.9,262],[852.8,262.7],[845.2,262.7],[838.1,262.8],[825.2,263],[826.6,276],[826.9,278.9],[826.6,279.3],[826.2,279.2],[825.6,279.8],[824.8,279.3],[824.4,278.6],[824.1,278.7],[823.8,278],[823.1,277.7],[821.5,277.3],[821.4,277],[819.7,276.5],[819.6,275.7],[818.6,275.8],[818,275.4],[817.2,276],[816.5,276],[815.7,275.7],[815.2,275.9],[814.7,275.7],[814.4,275.3],[814.1,275.4],[813.3,274.4],[812.6,274.2],[812.1,273.7],[811.1,273.1],[810.6,272.3],[810.6,271.9],[810.1,271.3],[802.1,271.2],[793.4,271],[789.7,271],[789.7,272.8],[784.8,272.8],[778.9,272.9],[777.2,272.8],[777.4,261.4],[772,261.3],[770.5,261.3],[770.4,262.6],[769.6,263.3],[769.1,263.5],[769,268.9],[768.9,269.1],[770.1,270],[770.7,270.8],[770.5,271],[769.4,271.4],[769.4,272.3],[769,272.7],[769,273.2],[768.5,273.8],[769.5,274.2],[770,274.9],[770,275.8],[771,275.9],[771.1,275.5],[772.5,276.1],[772.4,276.7],[771.7,276.7],[772,277.4],[773.8,277.4],[774.4,278],[774.9,278.1],[773.8,279.3],[773.6,279.7],[774,280.2],[774.7,280.4],[775.1,281],[774.7,281.7],[774,281.8],[773.3,282.5],[773.2,283.2],[773.6,283.7],[772.8,284.7],[771.4,286],[771.6,286.4],[773.2,286.8],[773.3,287.4],[773.7,288.7],[774.5,289.5],[774.7,290.2],[775.3,290.3],[775.9,290.9],[776.6,290.9]]]}},{"type":"Feature","properties":{"st":"TX","district":6,"name":{},"label_x":760.2,"label_y":316.3},"geometry":{"type":"Polygon","coordinates":[[[745.6,280.8],[746.1,280.5],[746.1,279.9],[745.6,279.8],[745.6,279.1],[746.1,278.8],[746.6,278.8],[746.6,277.8],[747.8,277.6],[749,277.5],[749.1,278.3],[749.8,278.1],[750.5,278.1],[750.7,277.7],[750.3,277.4],[750.5,276.6],[750.5,275],[751.4,275],[751.5,274.7],[752.4,274.7],[752.4,275.3],[753.3,275.1],[754.3,274.8],[753.9,274.5],[753.9,274],[754.7,274],[754.6,273.5],[753.9,273.5],[753.6,273],[752.3,273],[752.3,272.5],[753,272.6],[753,271.6],[753.2,271.1],[754.1,271.1],[754,272],[754.9,272.6],[754.9,273.5],[755.6,273.3],[755.5,272.5],[756.4,271.4],[756.5,270.1],[756.9,269.5],[755.8,269.2],[756,268.5],[756,266.3],[755.4,266.3],[755.2,267.1],[752.6,267.1],[751.9,268.8],[751.5,269.1],[751.6,269.8],[750.1,269.7],[750.2,270.5],[749.7,271.3],[750,271.7],[749.8,272.4],[748.3,272.4],[748.2,274.9],[748.2,276.2],[746.6,276.2],[746.6,276.9],[745.9,277],[745.5,277.4],[744.7,277.6],[744.7,278],[744.2,278.4],[744.4,278.8],[743.2,278.8],[743.2,279.6],[743.7,279.6],[743.6,280.8],[744.6,280.8],[745,282.2],[745,282.7],[745.8,283.1],[745.9,284.2],[745.1,284.2],[745.2,285],[744.5,285.4],[744.4,285.9],[743.5,286.4],[742.9,286.2],[742,286.2],[741.6,287.5],[741,287.5],[739.4,288.4],[740,288.9],[740.2,289.4],[740,290.2],[736.9,290.1],[737.4,290.8],[736.6,291.2],[736.3,291.8],[735.3,292.5],[735.7,293.8],[736,294.2],[736.4,295.4],[735.5,295.9],[735.3,295.6],[733.4,296.7],[733.2,297],[734,297.8],[733.2,298],[733.1,298.6],[733.2,300.8],[732.6,301],[732.6,301.3],[733.3,302.6],[733,303],[734.6,306.1],[733,307.2],[733.1,307.7],[733.7,308.8],[733.5,309.7],[733.6,310.3],[734.5,311.9],[728.4,313.4],[722.8,314.8],[722.8,315.4],[723.7,315.6],[723.8,316.1],[723.1,317.1],[721.8,317.6],[721.6,318.4],[722.3,319.7],[722.9,320.5],[723,321.2],[722.6,321.6],[721.8,323],[722.1,324.1],[722.1,325.8],[722.7,326.4],[724.2,326.2],[724.5,326.1],[724.9,325.4],[725.5,325.2],[725.6,326.6],[725.8,327],[726.7,328],[728,328.1],[728.2,328.6],[728,329],[726.6,330.2],[725.3,330.9],[724.6,331.5],[725,332.1],[725.5,332.2],[726.1,333.2],[726.9,333.2],[729.1,334.5],[728.9,334.8],[727.8,334.9],[727.6,335.3],[727.8,335.8],[728.9,336.2],[730.1,337],[730.9,337.8],[731.8,337.4],[732.3,337.4],[733.5,337.7],[733.8,338.4],[733.5,339.1],[732.8,339.5],[731.9,340.6],[730.9,341.4],[731,342.1],[731.8,343.2],[733.7,344.3],[734.4,343.9],[740,340.7],[747.4,336.6],[751.7,344.2],[753.3,347],[763.7,341],[765.5,340],[773.1,340.8],[778.1,341.3],[779.2,343.1],[779.7,342.9],[780.3,343],[780.4,342.5],[780.8,342.4],[781.8,343.3],[782.6,342.3],[784.5,343.3],[785.1,343.4],[785.2,345],[785.9,345.2],[787.5,345.1],[787.4,346.5],[787.9,348.7],[788.9,350.2],[789.2,350.6],[790.2,351.3],[790.4,351.8],[791.7,351.8],[792.4,351],[793.3,351],[795.3,351.2],[795.7,351.5],[796.4,351.6],[797,351.1],[799.9,351.5],[800.2,351],[801.4,351.5],[802.6,351.5],[803.3,351.6],[803.8,352.1],[805,352.4],[805.6,353.1],[807.7,351.6],[808.5,351.5],[809.1,350.7],[809,349.8],[815.2,351.4],[817.9,351.4],[818.4,351.5],[818,352.4],[818.5,352.8],[818.7,353.8],[819.1,354.4],[819.6,354.7],[820.5,354.1],[820.7,353.4],[820.3,351.6],[820.4,351.3],[821.5,350.9],[822.5,352.4],[822.9,353.5],[822.9,354.3],[822.3,355.5],[821.9,355.7],[822.5,356.4],[822.5,357.7],[822.1,357.6],[821.6,357.8],[821.1,357.6],[820.6,357.8],[820.6,358.6],[820.3,359.2],[821.4,360],[821.6,360.7],[821.3,361],[826.6,359.5],[826.3,358.5],[831.3,357.6],[837.1,356.6],[842.1,355.8],[842.6,355.7],[847.9,354.9],[848.3,355.5],[848.9,356],[850.4,356.2],[850.6,355.9],[851.6,356.3],[852.2,356.2],[852.6,355.9],[853.2,355.7],[853.4,355.4],[854.2,355.9],[854.3,356.2],[855,356.5],[855.3,358.4],[856.4,358.6],[857.3,359.2],[857.8,359.8],[858.2,360.9],[857.3,361.8],[857.8,363.1],[858.5,363.3],[858.9,363.2],[860.1,363.2],[860.6,363.8],[860.6,364.2],[861.1,364.7],[861.3,364.6],[862.2,364.9],[863.2,364.7],[862.9,365.2],[863.4,366],[869.1,361],[870.7,359.6],[870.8,359],[870.2,358.9],[870.2,358.4],[869.4,357.9],[869.4,357.2],[869.8,356.5],[869.7,355.7],[868.5,356.3],[867.8,355.6],[868.1,355.1],[867.8,354.9],[867.6,353.6],[866.8,352.3],[866.7,351.7],[866.2,351.5],[866.4,350.7],[866.2,350.2],[866.1,349.1],[865.4,348],[865.4,347.3],[865.9,346.1],[865.5,345.3],[865,344.9],[865.2,343.9],[865.9,343.8],[866.6,344],[867.3,343.9],[867.6,343.4],[866.9,342.7],[864.8,342],[864.6,341.3],[864.8,341.1],[865.9,341.1],[865.9,340.4],[866.6,339.5],[866.4,339.1],[867,338.7],[866.9,337.7],[864.2,337.7],[864.1,331.8],[863.9,321.6],[863.9,318.1],[862.1,318.2],[855.7,318.2],[844.2,318.4],[837,318.5],[836.9,319.3],[837.2,320],[837.8,320.4],[838.2,321.1],[838.6,321.3],[838.8,321.9],[834.8,322.6],[824.9,324.2],[820.1,324.9],[816.6,325.4],[803.4,327.3],[803.1,326.3],[802.9,325.9],[802.6,325.1],[802.8,324.2],[802.5,323.2],[802.8,322.5],[802.7,321.9],[801.8,322.2],[800.7,322.2],[800.2,321.9],[799.7,321.3],[799.8,320.7],[800.1,319.9],[799.9,319.2],[800.6,318.1],[800.5,317.4],[800,317.1],[799,317.4],[798.2,317.4],[797.8,317],[797.4,317.3],[796.9,317],[797,316.5],[796.5,316],[796.4,315.5],[797.6,314.5],[797.4,313.9],[798.1,313.7],[797.6,313.2],[796.4,314],[795.7,314.1],[794.2,312.6],[794.1,312],[793.4,311.8],[793.2,310.8],[792.3,310.8],[791.9,311.2],[791.4,310.7],[790.9,310.7],[790.3,309.9],[790.3,308.9],[789.6,307.6],[788.9,307.5],[788.1,307.1],[787.7,307.2],[785.6,306.3],[785.2,305.8],[784.3,305.2],[783.8,305.5],[783.3,305.5],[782.9,305.1],[782,304.9],[781.7,304.4],[780.9,304.4],[780.7,303.3],[781.3,302.8],[781.1,302.4],[781.9,301.4],[781.6,300.7],[781.8,300.1],[781,299.2],[779.5,298.4],[778.9,297.3],[778.5,296.9],[778.5,296.2],[778.1,295.9],[777.6,295.2],[777.9,294.1],[777.6,293.4],[778,292.4],[776.6,291.2],[776.6,290.9],[764.5,290.7],[752.5,290.5],[747,290.4],[746.9,290.2],[747.4,289.7],[747,289.4],[747,288.8],[746.6,288],[747.5,287.5],[747,286.6],[746.6,286.1],[746.1,285.1],[746.3,284.8],[746.6,283.5],[746.6,281.7],[745.6,281.7],[745.6,280.8]]]}},{"type":"Feature","properties":{"st":"TX","district":7,"name":{},"label_x":824.5,"label_y":483.7},"geometry":{"type":"Polygon","coordinates":[[[838.3,476.6],[838.5,476.7],[839.7,476.8],[840.1,477.2],[840.2,477.8],[840.9,477.5],[840.8,479.1],[838.6,479.2],[838.6,480],[837.9,480],[838.1,478.8],[837.5,478.6],[837.1,479],[837.1,479.4],[835.5,479.5],[835.2,478.8],[834.5,479.1],[833.4,478.8],[833.3,479.5],[832.2,479.5],[832.2,477.9],[831.6,477.9],[831.1,477.5],[830.4,478],[830.6,478.7],[830.4,479.1],[829.4,478.9],[829.4,477.9],[829.1,478],[828.3,477.7],[828.1,478.3],[827.2,478.3],[827,478.9],[826.3,480.1],[824.6,481.3],[824.5,481.5],[819.5,482],[820.1,483.3],[821.3,484.4],[823.1,484.4],[823.1,484.9],[823.7,486.2],[824.2,486.1],[824.3,485.7],[825,485.7],[824.9,487.6],[823.7,487],[823.1,487],[823.2,488.8],[823,490],[822.3,489.3],[821.9,490.1],[821.5,490.3],[820.9,491.4],[821.3,491.9],[821.2,492.3],[821.8,492.6],[823.8,492.9],[824.5,491.3],[825.5,491.1],[827,491.3],[827.3,492],[828.1,492.3],[828.5,492.8],[828.7,492.4],[828.7,491.1],[827.6,491.2],[827.5,490.4],[828,489.8],[827.8,489.4],[828.5,488.8],[828.8,489],[829.4,488.7],[828.6,488],[828.1,488.1],[827.8,488.6],[827,487.9],[826.9,487],[827.4,486.7],[827.7,485.7],[828.7,485.4],[828.7,484.6],[830,484.7],[828.4,483.7],[828.9,483.4],[829.6,483.3],[829.5,482.8],[831.5,482.8],[831.5,482.3],[832.3,482.3],[832.3,481.7],[834.5,481.6],[834.9,481.7],[835.4,481.1],[836,481.3],[836,483.5],[836.4,483.6],[838.2,483.2],[839,482.6],[839.7,482.6],[839.9,482.2],[840.7,482.1],[842,480.3],[843.1,478.6],[842.3,478.5],[842.3,477.8],[842,477.3],[841.6,477.3],[841.6,476.4],[840.9,476.4],[840.8,474.8],[839.5,475],[838.9,474.6],[838.5,475.2],[838.3,476.6]]]}},{"type":"Feature","properties":{"st":"TX","district":8,"name":{},"label_x":844.1,"label_y":430.1},"geometry":{"type":"Polygon","coordinates":[[[821.8,476.3],[827.1,476.4],[827.1,472.1],[827.4,471.5],[828.1,471.6],[828.3,470.7],[827.8,470.7],[827.8,470],[826.7,469.8],[826.6,469.3],[826.6,468.1],[827.2,468.4],[827.5,468],[827.9,468.1],[828.6,467.6],[827.8,467],[824.6,464.4],[823.8,463.9],[823.6,465.4],[822.8,465.8],[822.8,464.9],[821.4,464.9],[821.3,465.3],[819.8,465.4],[819.9,464.5],[819.9,462.1],[819.1,461.7],[819.1,457.5],[820.6,456.7],[820.7,455.9],[821,455.5],[821.9,455.7],[822.5,455.2],[823.5,455.1],[823.8,455.3],[824.4,455.3],[824.7,454.8],[825.4,455.1],[826,454.7],[826.5,454.6],[826.8,454.1],[827.9,453.4],[828.3,452.8],[829.3,453],[829.8,452.9],[829.8,450.6],[829.6,450.2],[830.3,448.9],[831.5,447.4],[832.4,447.4],[832.3,446.9],[833,446.9],[837.2,446],[837.8,446],[837.9,445.2],[837.9,443.2],[838.3,442.9],[839.2,442.9],[841,442],[841.2,441.4],[843,443],[843.8,443.5],[844.1,443.8],[845.3,445],[845.4,445.6],[845.7,445.8],[845.9,446.4],[847.1,446.3],[847,445.5],[846.3,444.6],[846.9,444.4],[846.7,443.8],[846.7,442.7],[846,441.3],[845.8,439.9],[845.9,439.6],[848.9,439.8],[851.2,439.9],[851.6,440.2],[854.7,438.6],[858.6,436.6],[859.6,436.2],[862.3,434.7],[863.9,433.9],[869,431.3],[873.4,428.9],[873,428.5],[877.3,428.7],[880.5,428.6],[891,428.4],[890.9,427.9],[889.1,419.5],[889.1,419.4],[887.1,410.1],[886.9,409.3],[885.5,402.8],[883.5,393.5],[889,390.3],[888,389.7],[887.4,389.9],[886.2,389.1],[886.3,388.8],[885.5,388.5],[885.2,388.7],[884.8,388.4],[884.3,388.4],[883.9,387.7],[883.5,388.6],[883.2,388.5],[882.2,387.9],[881.1,387.9],[880,387.2],[878.8,387.5],[878,387.3],[877,386.6],[874.6,385.5],[874,385.2],[872.9,384.9],[872.8,384.6],[867.4,391.7],[864.8,394.2],[857.4,401.6],[852.5,406.5],[852.1,406],[851.5,405.9],[850.7,405.4],[850.4,404.2],[850,403.7],[850.7,402.3],[849.8,401.2],[849.4,401],[847.8,401.4],[846.7,401.3],[846,401.6],[846.1,402.4],[845.8,402.8],[845.9,403.3],[845.1,404.2],[844.6,412.4],[840.9,413],[840.1,413.6],[839.3,414.4],[836.9,414.6],[835.6,414.4],[835.6,414.6],[834.5,414.6],[834.5,415.2],[834.8,415.5],[835.2,416.3],[834,416.3],[834.4,417.1],[833.8,417.1],[833.8,416.5],[833.2,416.5],[831.7,415.9],[830.9,414.7],[830.8,413.8],[829.8,414.1],[828.7,414.9],[823.4,416.1],[820.8,416.1],[816,417.8],[816.2,419.7],[817,428.4],[817.7,439.3],[817.8,454.3],[817.8,455.9],[816.8,456.5],[815.8,456.3],[815.6,455.6],[815.1,455.1],[814.4,454.8],[814.3,454.4],[813.7,453.8],[812.8,454],[811.3,453.2],[810.5,452.3],[809.9,452.2],[809.5,451.7],[808.7,451],[810.7,457.4],[811,457.7],[811,458.4],[812.7,463.6],[812.9,464.6],[816.3,475.3],[816.6,475.3],[818.5,475.2],[818.5,474.2],[820.9,474.2],[820.9,476.4],[821.8,476.3]]]}},{"type":"Feature","properties":{"st":"TX","district":9,"name":{},"label_x":837.8,"label_y":489.9},"geometry":{"type":"Polygon","coordinates":[[[842,480.3],[840.7,482.1],[839.9,482.2],[839.7,482.6],[839,482.6],[838.2,483.2],[836.4,483.6],[836,483.5],[836,481.3],[835.4,481.1],[834.9,481.7],[834.5,481.6],[832.3,481.7],[832.3,482.3],[831.5,482.3],[831.5,482.8],[829.5,482.8],[829.6,483.3],[828.9,483.4],[828.4,483.7],[830,484.7],[831.5,485.4],[831.1,485.8],[830.7,485.5],[829.9,485.6],[829.9,486.5],[830.8,486.9],[830.9,489.2],[830.8,490],[831.9,490.9],[831.9,489.9],[833.2,489.8],[833.2,490.3],[833.7,490.5],[833.7,491.1],[833.4,491.3],[832.2,491.3],[832.9,492.5],[833.7,492.8],[833.6,493.5],[834.1,494.6],[834.5,494.9],[836,494.9],[836.4,494.4],[836.3,493.9],[837.6,494.9],[837.7,495.5],[837.3,496.8],[837.1,498.1],[833.8,498.1],[833.7,499.2],[833.1,499.1],[832.8,499.5],[837.9,499.4],[838.8,495.6],[839,495.5],[840.6,495.5],[840.8,496.2],[841.5,496.5],[842.1,495.5],[842.3,494.5],[843.2,494.1],[843.2,493.6],[844.6,493.7],[844.8,494.3],[846.6,494.2],[846.6,493.3],[845.6,493.3],[845.6,491.8],[847,491.8],[847,491.3],[844.4,491.4],[844.4,490.6],[842.4,490.6],[842.3,489.6],[842.9,489.4],[843.4,489.7],[844.1,489.5],[844.6,489.6],[845.5,488.7],[846.8,488.9],[847.5,488.8],[847.1,487.2],[848.2,487.2],[848.6,487.8],[848.6,486.5],[849.4,486.4],[849.4,485.7],[850.4,485.5],[849.4,483.7],[847.8,482],[846.8,481.5],[845.7,482.2],[845.2,482.1],[845,482.6],[843.8,482],[843.3,482.2],[842.8,482.1],[842.7,482.6],[842.1,482.4],[842.6,480.7],[842,480.3]]]}},{"type":"Feature","properties":{"st":"TX","district":10,"name":{},"label_x":773,"label_y":450.3},"geometry":{"type":"Polygon","coordinates":[[[816,417.8],[814.3,404],[815.1,404.1],[816.4,403.9],[818.2,403],[818.5,403.1],[819.7,402.3],[820.3,401.6],[821,401.4],[821.6,401.6],[822.3,401],[822.9,400.9],[823.1,401.2],[824.4,401.5],[824.9,401.2],[825.6,401.2],[826.1,401.7],[826.6,401.9],[826.9,401.6],[827.7,401.6],[827.7,401],[828.6,400.4],[828,399.7],[827.2,399.8],[826.9,399.2],[826.6,399.2],[826.5,398.5],[826,397.7],[825.7,396.8],[825.2,396.5],[825,395.4],[825.3,395.3],[826,393.8],[825.6,393.5],[825.4,393.1],[825.8,392.6],[827.3,392.2],[827.8,391.9],[827.7,391.4],[826.8,391.2],[826.4,390.6],[826.1,389.5],[825.6,389.3],[825.1,389.7],[824.5,389.7],[824.1,389.4],[823.4,389.3],[822.3,389.5],[821.7,389.2],[821.3,388.8],[820.8,388.7],[820.4,388.9],[819.9,388.6],[807.9,388.7],[806.9,389.2],[806,390],[805.4,390.2],[804.9,390.1],[803.6,390.3],[802,391.7],[800.8,392.4],[799.6,393.3],[798,394.3],[796.6,395.3],[795.3,395.5],[794,396.1],[793.3,396.2],[792.9,396.5],[791.3,397.3],[790.2,398.1],[788.8,398.9],[787,400.2],[786.3,400.8],[785.6,401.8],[785.4,402.6],[784.4,403.5],[784.1,404],[783.4,405.6],[782.8,406.5],[782,408.8],[781.1,410],[780,412],[773.7,415.2],[773.5,414.7],[772,413.8],[771.8,413],[770.9,413],[770.6,412.9],[767.3,414.8],[759.4,419.3],[748.2,425.8],[745.1,427.6],[739.6,430.9],[734,432.8],[729.1,434.4],[727.1,433.3],[725.4,436.3],[723.3,435.2],[722.8,436.1],[722.4,436.1],[721.8,435.7],[722.2,435],[721.4,434.3],[720.9,435.2],[720.2,434.8],[720.1,434.4],[719.2,434.1],[718.3,431.7],[717.7,432.7],[717.1,432.8],[715.7,431.9],[716.3,430.8],[714.8,429.9],[714,430.1],[713,431.9],[712.8,431.4],[711.5,431.2],[711.3,431.5],[710.4,431],[710,430.5],[709.5,428.9],[709,428.9],[708.5,429.3],[708.2,428.3],[709.1,427.4],[708.8,426.7],[708,426.6],[707.9,426.3],[707.3,426.3],[707.2,427.1],[706.6,428],[705.9,427.8],[705.7,427.5],[706.1,426.3],[705.5,426.2],[703.6,427.3],[703,427.1],[702.1,427.7],[701.6,427.2],[700.7,427.8],[700.2,429],[699.6,429],[698.7,427.6],[699.1,426.9],[698.2,425.9],[698.4,424.3],[697.3,423.6],[697.3,423],[696.8,423],[696.5,422.6],[695.3,423],[695,422.8],[695.7,421.9],[695.4,421.2],[695.7,420.3],[694.7,419.9],[693.4,418.7],[692.9,419],[692.2,419.1],[691.4,419.9],[691,419.7],[690.5,418.7],[690.2,419.4],[689.2,419.5],[688,418.8],[684,427.1],[683.6,428],[684.1,428.1],[684.6,427.4],[685.1,427.2],[685,429.3],[683.4,432],[680.5,436.7],[685.2,440.7],[689.7,444.6],[689.7,444.1],[690.2,443.9],[690.8,442.8],[692.3,443],[693.2,442.3],[694.3,441.8],[695.2,440.6],[695.8,440.3],[695.6,439.3],[695.8,438.6],[696.3,438.1],[697.8,437.7],[698.5,437.2],[699.2,437.4],[699.5,438.1],[699.6,439.1],[700.3,439.2],[700.7,438.8],[701.3,439.2],[700.9,439.6],[702.1,440.2],[702.5,441],[702.9,441.1],[703.5,440],[703.4,439.3],[702.8,438],[702.3,437.6],[702.7,436.5],[702,436.2],[701.8,435.6],[701.1,435.3],[700.3,434.7],[699.3,434.5],[698.5,435.1],[697.5,436],[697.1,435.9],[696.8,436.1],[695.9,435.3],[695.7,434.7],[696.4,434.4],[696,433.1],[696.1,432.6],[697.4,432.2],[697.7,432.5],[698.4,432],[699,431.8],[699.7,432.3],[699.9,431.7],[700.6,430.6],[701.1,430.1],[701.6,429.9],[701.4,429.2],[702.2,428.8],[702,428.4],[704.7,427.6],[704.7,428.2],[705.2,429.3],[706.2,429.1],[706.9,429.5],[706.8,430.5],[708.3,430.2],[708.3,430.9],[709.1,431.2],[709.5,431.9],[710,431.6],[710.6,432],[711,432],[712.6,433.1],[712.8,432.6],[713.8,432.4],[716,433.8],[716.9,434.4],[717.2,433.9],[718.6,434.7],[718.2,435.4],[719,435.9],[719.5,437.6],[720,438.6],[720.8,439.6],[719.9,441.1],[718.7,440.6],[717.9,440.9],[716.2,444],[716.6,444.2],[717.4,444.2],[718,444.7],[717.9,445.6],[718.3,445.6],[718.5,446],[719.9,447.1],[720.3,447.5],[720,448],[720.2,448.6],[721.1,449.1],[721.7,449.1],[723.3,448.6],[723.7,448.7],[723.7,449.1],[723.1,449.6],[722,451.3],[722.6,451.8],[723.2,451.5],[723.8,450.8],[724.5,450.6],[725.3,449.8],[725,449],[725.5,448.8],[725.8,449.1],[726.4,449.2],[726,450.4],[726.4,450.6],[727.2,450.6],[728.1,450.2],[728.2,450.9],[728,451.5],[727.5,451.5],[726.8,451.1],[726.7,451.6],[727,451.8],[727.5,453],[727.9,453.3],[728.6,453.2],[729.6,454.2],[729.5,454.9],[728.7,455.1],[728.4,455.1],[727.9,455.4],[728.2,456.3],[729.2,456],[729.8,456.1],[731,456.9],[731.6,456.9],[731.9,455.9],[731.3,455],[731.4,454.5],[732.5,454.9],[732.9,455.3],[734,455.9],[734.6,456.6],[735.7,457.1],[736.6,458],[737.9,458.5],[738.7,459.4],[738.9,460.4],[738.5,461.2],[738.4,463.4],[737.3,466.1],[736.9,466.8],[736.8,468.5],[729.5,475.9],[732.1,478.2],[736.2,481.8],[740.3,485.5],[739.6,486.5],[746.7,486.4],[748.2,486.4],[755.8,486.3],[756.2,486.9],[757.1,487.4],[757,487.9],[757.7,488.9],[757.4,489.7],[757.7,490.1],[760,490.1],[764.3,495.3],[766.1,497.5],[769.8,501.8],[773.5,506.4],[767.7,511.1],[768.8,512.2],[770.9,511],[776.8,507.3],[784.4,502.6],[785.9,501.7],[788.4,494.5],[796.1,486.5],[796.7,487],[797.3,486.8],[798.1,487.4],[798.8,487.2],[799.3,487.5],[799.6,487.2],[800.8,487.9],[801.2,488.7],[805,488.6],[805,487.6],[805.4,487],[805.4,485.7],[804.5,485],[805.5,484.5],[805.3,484.1],[804.7,483.7],[803.8,484.4],[803.6,484.3],[802.9,483.7],[803.2,483.2],[804.5,482.8],[805.4,483.4],[805.6,482.8],[805.2,481.7],[806,481.9],[806.1,481.5],[805.7,480.7],[804.5,480.9],[804.5,480.2],[808.1,480.1],[808.1,479.4],[809.3,479.3],[816.6,476.1],[816.3,475.3],[812.9,464.6],[812.7,463.6],[811,458.4],[811,457.7],[810.7,457.4],[808.7,451],[809.5,451.7],[809.9,452.2],[810.5,452.3],[811.3,453.2],[812.8,454],[813.7,453.8],[814.3,454.4],[814.4,454.8],[815.1,455.1],[815.6,455.6],[815.8,456.3],[816.8,456.5],[817.8,455.9],[817.8,454.3],[817.7,439.3],[817,428.4],[816.2,419.7],[816,417.8]]]}},{"type":"Feature","properties":{"st":"TX","district":11,"name":{},"label_x":596.8,"label_y":376.5},"geometry":{"type":"Polygon","coordinates":[[[670.4,427.7],[670.5,422.8],[669.8,422],[669.1,421.8],[667.8,422.4],[667.5,422.4],[667.1,421.7],[667.1,420.8],[667.7,420.4],[667.8,420.1],[666.8,418.1],[666.8,417],[666.2,416.3],[666.2,415.9],[665.6,415.7],[665.6,415],[667.7,414.9],[667.8,414.6],[667.1,413],[667.7,411.9],[668.4,411.9],[668.9,411.2],[669.6,410.6],[669.4,410.2],[668.5,410.2],[668,409.9],[667.2,409.8],[666.6,409.9],[666.3,409.2],[666.8,408.2],[666.2,407.4],[666.7,406.8],[667.3,406.9],[667.6,406.5],[667.9,405.4],[668.7,405.4],[669.5,404.6],[669.5,404.3],[668.5,403.7],[667.9,403.6],[667.7,404.1],[666.9,404.2],[667.1,402.6],[666.4,401.9],[665.4,401.8],[664.9,401.2],[665.4,400.5],[665.5,399.3],[665.7,398.4],[666.3,398],[667,398.2],[667.3,398],[667.5,397],[666.9,396.6],[665.7,396.3],[665.4,395.2],[666,394.1],[665.8,393.6],[665.1,392.5],[665.2,392.2],[665.9,391.9],[666.2,391.1],[670.1,391.2],[684.5,391.4],[696.6,391.4],[698,393.7],[698.6,395.1],[699.6,396.8],[700.5,398.6],[701.2,400.3],[706.8,401.5],[707.5,400.5],[707.5,400.1],[707.9,399.8],[707.6,398.6],[708.1,398.1],[708.1,396.9],[708.5,397],[708.6,395.5],[709,395.6],[709.5,396.2],[709.7,395.3],[709.2,394.7],[709.8,394.4],[710.1,394.8],[710.8,394.8],[710.8,394.2],[711.8,394],[711.2,393.1],[711.4,392.5],[711.9,391.8],[712.7,391.3],[712.6,390.6],[711.9,390.6],[711,390.1],[710.5,389.3],[709.7,389],[709.7,388.7],[710.2,388.5],[710.3,387.9],[710.9,386.3],[711.3,386.5],[711.5,385.7],[710.9,385.5],[710.5,385.1],[709,384.6],[708.7,384.6],[708.4,385.4],[706.8,384.9],[706.2,386.4],[705.9,386.6],[705.3,386.3],[704.5,385.7],[702.8,385.7],[696.9,389.1],[694.9,385.6],[693.5,383.1],[691.4,379.4],[688.1,373.5],[684.8,367.6],[681.8,362.3],[677.8,364.6],[676.5,365.4],[673.2,359.7],[670.8,355.5],[668.6,351.6],[666,347.1],[664.4,344.4],[658.5,345.1],[654.3,345.7],[648.1,334.1],[648,333.8],[643.9,326.2],[640.5,319.9],[636.4,319.7],[636.2,319.7],[629.4,319.4],[624.3,319.3],[622.1,319.1],[607.9,318.7],[600.5,318.3],[595.8,318],[590.5,317.9],[579.1,317.4],[571,317],[566.3,316.8],[565.4,316.8],[562.2,316.7],[552.1,316.1],[544.5,315.6],[544.2,315.6],[538.6,315.3],[537.1,315.2],[528.5,314.7],[526.8,314.6],[517.3,314.1],[509.4,313.6],[502.5,313.2],[490.3,312.5],[483.6,312.1],[479.5,311.9],[467.3,311.2],[453.9,310.3],[446.9,309.8],[444.1,309.7],[434.1,309],[426.3,308.4],[421.1,308.1],[420.6,315.4],[420,324.2],[419.7,329.3],[419,337.2],[430.5,338.1],[434.1,338.3],[443.6,339],[450.9,339.4],[463.3,340.2],[471,340.7],[479.9,341.3],[486.7,341.7],[500,342.5],[506.2,342.8],[505.8,349.2],[505.3,356.4],[504.6,366.8],[503.6,381.2],[512.2,381.6],[519.4,381.8],[526.5,382.1],[540.9,382.6],[548.6,382.9],[555.6,383.2],[562.6,383.5],[570.2,383.9],[569.7,393.4],[569.3,402.7],[569.1,407],[568.8,414.9],[568.1,430.2],[567.8,437.3],[578.2,437.8],[581.7,437.9],[588.8,438.2],[598.1,438.7],[605.1,439],[615,439.4],[615.3,425.1],[619.2,425.3],[625.7,425.6],[632.9,425.8],[639.8,426],[647.7,426.2],[654.6,426.4],[662.1,426.5],[666.9,426.5],[670.4,427.7]]]}},{"type":"Feature","properties":{"st":"TX","district":12,"name":{},"label_x":701.5,"label_y":274.4},"geometry":{"type":"Polygon","coordinates":[[[730.2,282.2],[729.7,281.4],[729.1,281.2],[730.7,279.4],[731.5,279.2],[731.5,277.8],[732.1,277.7],[732.2,277.2],[733.1,277.1],[733.1,276.4],[732.8,276.2],[732.8,275.4],[732,274.8],[731.9,274.5],[731.2,274.4],[731,275],[731.4,275.3],[731.5,275.9],[730.9,276.1],[730.8,275.6],[729.9,275.7],[729.4,275.5],[729.2,274.5],[728.7,274.3],[728.2,273.8],[728.4,272.8],[727.6,272.5],[727.8,271.9],[729.2,271.1],[730.7,270.4],[731.6,271.6],[732.7,271.7],[732.6,272.2],[732.9,272.6],[733.9,272.7],[733.9,273.7],[733.7,274.1],[734,274.7],[734.5,275],[734.7,275.7],[735.6,275.6],[735.9,275.3],[736.7,275.4],[737.5,274.9],[739.3,274.6],[740.1,274.8],[740.2,273.8],[739.7,273],[738.8,272.9],[738.3,273.1],[738.3,272.1],[738.6,271.8],[736.8,271.8],[736.8,270.7],[734.7,270.7],[734.7,269.7],[734.5,269.2],[733.9,269.2],[734,266.5],[732.5,266.4],[732.5,264.8],[732.9,263.4],[733,261.5],[732.7,261.7],[732.2,261.4],[731.1,261.3],[732,260.4],[725.3,260.3],[719.5,260],[714.5,259.9],[708.1,259.6],[698.7,259.2],[691.1,258.9],[690.7,270.1],[690.4,275.9],[690.1,283.5],[691.6,282.8],[692,281.6],[694,280.1],[698.6,278.3],[699.4,278.1],[700.4,277.7],[702.3,277.7],[702.6,278.4],[703.6,278.6],[706.2,278.6],[706.6,279.3],[707.1,279.9],[708,279.9],[708.6,280.1],[710.1,280.9],[710.6,281.5],[710.6,282.1],[711.2,282.1],[711.8,282.9],[712.3,282.9],[712.8,283.1],[713.4,283.8],[715.4,284.5],[716.5,285.5],[717.5,285.9],[717.5,284.1],[717,283.7],[717.1,281.7],[716.8,281.2],[716.8,279.8],[716.2,279.7],[716.2,279],[715.5,279.1],[715.5,280.3],[713.5,280.3],[713.1,279.6],[712.1,279.4],[712.1,278.4],[712.6,278.1],[712.2,276.4],[712.3,275.3],[712.7,275],[712.3,273.9],[714,273.9],[714.8,273.8],[715.2,274],[716.6,274.1],[717.6,273.9],[717.6,274.3],[718.7,274.3],[719.4,274.7],[719.2,280.8],[719,289.6],[722.2,289.6],[724.4,289.7],[729.5,289.9],[730,287.1],[730,286.3],[730.3,285.8],[729.4,285.5],[729.4,285.1],[730,284.9],[729.8,283.5],[730.2,283.5],[730.2,282.2]]]}},{"type":"Feature","properties":{"st":"TX","district":13,"name":{},"label_x":524.3,"label_y":131.1},"geometry":{"type":"Polygon","coordinates":[[[420.6,128.2],[423,128.3],[429.8,128.8],[443.4,129.8],[457.3,130.9],[465.2,131.3],[474,131.8],[477.7,132],[491.3,132.9],[491.8,133],[506.6,133.8],[506.1,142.3],[505.5,151],[505.1,158.9],[504.9,163.2],[514.7,163.7],[525.1,164.3],[528.5,164.5],[528.1,173.2],[527.3,187],[527,193.9],[526.4,205.5],[525.8,219.2],[525.4,226.1],[530.4,226.4],[535.3,226.6],[541.5,226.9],[542.4,226.9],[548.5,227.2],[555.4,227.6],[564.6,228],[566.8,228.2],[569.7,228.2],[576.3,228.6],[577,228.6],[583.3,228.9],[590.1,229.1],[597.2,229.4],[603.3,229.6],[612,229.9],[623.4,230.3],[632.1,230.7],[641.6,231],[648.1,231.2],[653,231.5],[660.1,231.7],[671.4,231.9],[671.4,227.2],[680.5,227.4],[687.9,227.6],[696.1,227.7],[696.1,230],[699.4,230],[699.2,239.9],[699.2,241.7],[698.9,252.6],[699.2,252.5],[699.4,251.8],[699.7,251.5],[702.2,251.6],[702.3,251],[703.1,249],[704.3,249.4],[704.3,248.4],[704.1,248.1],[704.2,247.1],[705.5,245.9],[706.8,244.8],[707.1,245.6],[707.5,245.9],[708.2,246],[708.2,246.6],[708.8,246.6],[709,246.4],[709,245.4],[709.5,245],[710.3,245],[710.3,244.3],[710.8,244],[712.6,243.8],[713.4,244],[715.7,244],[716.5,243.8],[717.4,243.1],[718.1,243.1],[718.8,243.4],[721.2,243.4],[722.2,243.2],[725.3,243.2],[725.9,243],[727.4,242.9],[728.7,243.2],[728.6,245],[729.6,245],[730.3,245.2],[730.7,244.7],[732.7,244.8],[732.7,245],[735.9,245],[736.1,244.8],[736.8,245],[738.4,245],[739.5,245.1],[741.4,245.2],[741.5,245.7],[742.6,246.1],[742.7,247.7],[742.5,248.1],[743.4,248.1],[743.4,248.9],[743.6,249.5],[743.5,250.8],[744,251.1],[745,251.1],[745.1,250.3],[745.4,250.1],[745.3,249.3],[745.8,249],[746.8,249],[746.9,248.5],[748.1,247.8],[749.4,248.1],[749.3,246.6],[748.8,245.4],[748.5,244.1],[748.5,242.9],[748,241.9],[747.8,242.2],[747.3,242.1],[747.3,241.3],[746.7,241.2],[745.9,240.8],[745.2,241.3],[744.4,240.8],[743.6,239.7],[743,239],[742.9,238],[742.3,237.6],[741.9,238],[741.6,237.7],[741.1,238.1],[739.3,238.2],[738.6,238.5],[738.2,238],[738.3,236.6],[738.5,236.4],[738.5,234.6],[738.4,234.6],[738.5,232.8],[738.4,231.3],[729.3,230.8],[729.3,230.6],[723.5,230.5],[723.6,224.2],[723.8,217.5],[723.9,208.8],[724.2,198],[723.2,197.7],[721.9,198.2],[720.9,198.9],[720,199.2],[719.6,198.8],[718.8,199],[718.3,198.7],[717.9,198],[717.9,197.6],[718.2,197],[718,196.1],[718.4,195.4],[717.8,195.1],[717.3,194.3],[716.9,194.2],[715.9,193.4],[714.4,192.7],[713.9,192.7],[713,193],[712.4,193.5],[711.7,195.1],[711.1,195.8],[710.4,196.3],[709.2,196.3],[708.7,196.5],[708.9,197.5],[708.6,197.8],[707.9,197.5],[707.4,197.8],[707.7,198.4],[707.7,199],[707.1,198.8],[706.5,199.1],[706.5,199.7],[706.3,200.3],[705.7,199.9],[705.5,200.7],[704.7,201.5],[704.2,201.6],[703,202],[702.2,202],[701.3,201.5],[700.5,200.8],[698.9,200],[697.9,200],[697.4,199.8],[696.8,199.2],[696.4,198.6],[696.7,197.8],[697.3,198.1],[697.9,197.6],[698.2,196.6],[698.2,196.1],[697.2,196],[697.1,195.6],[697.8,195.1],[698,194.6],[698.6,192.4],[698,192.4],[697.3,191.4],[696.4,191.8],[694.8,192.1],[693.4,192.2],[691,191.5],[691.1,190.7],[690.4,190.2],[689.9,189.4],[690.1,189],[690.7,189.4],[691.1,188.8],[690.2,188.3],[689.4,187.4],[689.1,186.7],[689.3,185.8],[690.2,184.9],[690.6,184.1],[690.9,182.9],[690.2,182.6],[690.3,181.7],[689.9,181.2],[689.1,181.2],[688.3,181.8],[687.5,183.1],[686.5,183.8],[684.8,183.6],[683.5,183],[683,182.4],[681.6,182.7],[680.8,182.5],[680.4,182.6],[679.3,182.3],[678.1,181.3],[675.8,180.7],[675.4,181],[674.8,181.2],[674.4,182.3],[673.9,182.6],[673.8,184.2],[673.6,184.6],[673.1,184.6],[673.1,185.2],[672.7,185.6],[671.9,185.4],[671.3,185.6],[671.1,186.1],[670.7,186.3],[670,186.2],[669.7,186.7],[668.9,186.9],[668.4,186.4],[667.9,186.2],[667.2,185.3],[666.6,184.7],[666.2,183.8],[665.4,183],[665.3,182],[664.9,182],[664,180.9],[662.6,180.1],[661.7,180.4],[660.4,179.8],[658.8,180.8],[657.7,181.8],[657.2,181.6],[656.5,181.9],[656.2,181.6],[655.2,181.6],[655,182.1],[654,182.3],[653.5,181.5],[652.9,181.3],[652.3,180.8],[651.9,181],[651.5,180.2],[650,179.6],[649.7,180],[648.7,179.6],[648.4,180.4],[648.1,180.5],[647.6,179.9],[647.7,179.3],[646.9,179.1],[646.3,178.7],[645.7,178.5],[645.1,178.1],[644.4,177.1],[643.5,176.1],[642.9,176.1],[642.7,176.8],[642.1,176.4],[641.8,175.7],[641.3,175.4],[640.5,175.8],[640.7,176.1],[640.1,176.6],[638.7,176.3],[638.4,176.9],[637.6,176.7],[637.1,176.1],[636.3,175.9],[635.8,176.1],[635.5,175.8],[635.1,176.3],[634.6,176.2],[634.1,176.5],[633.5,176.1],[633.8,175.4],[633.2,175.3],[632.7,175.9],[632.1,176],[630.3,175.5],[630.3,174.6],[630,173.5],[630.3,172.7],[629.9,172.4],[630.2,171.6],[630.2,171],[629.5,170.8],[629.3,169.1],[629.7,168.3],[629.5,168],[629.5,167.2],[629,166.9],[628.6,167.1],[628.2,166.9],[628.5,166.3],[628.2,166],[628,165.1],[627.4,164.5],[626.3,164.1],[626.6,163.6],[626.8,162.6],[626.5,162.5],[626,162.8],[625.6,162.6],[625.4,161.8],[625,161.7],[624.2,162.1],[623.6,162.1],[623.2,161.2],[621.6,159.8],[621.8,159.2],[621.6,158.9],[620.7,158.7],[620.3,158.8],[619.5,159.7],[619.6,160.5],[619.4,161.4],[619.9,161.9],[619.3,163.1],[619.2,164.2],[618.7,164.4],[617.6,163.5],[617.4,164.5],[617,164.4],[616.3,163.4],[615.8,163.8],[615.5,162.7],[614.4,162.5],[613.7,161.7],[612.7,161.4],[612.1,161.5],[610.9,161.4],[609.9,161],[609.3,161.1],[609,161.7],[609,162.8],[608.1,163.9],[607.8,163.7],[606.8,163.9],[606.3,163.6],[605.5,163.3],[605.2,163.6],[604.6,163.8],[603.8,163.4],[602.9,163.4],[602.3,162.9],[601.8,162.3],[601.9,162],[601.2,161.2],[599.8,160.4],[599,159.8],[599.2,159.3],[598.6,158.8],[598.2,158.7],[598.1,158.3],[597.7,158.1],[597.2,157.3],[596.6,156.6],[596.4,156],[596.5,155.7],[596.2,155.1],[595.6,154.8],[594.5,154.1],[593.5,152.7],[593.3,152.1],[592.7,151.4],[591.6,150.6],[590.9,150],[590.9,149.7],[589.7,149.3],[589.2,149.4],[589,149.7],[588.2,150.4],[587,150.5],[586.6,150.5],[586.9,142.1],[587.3,133.5],[587.6,125.8],[588.1,115.3],[588.4,107],[589,92.3],[589.3,87],[589.3,85.8],[589.9,73],[590.1,65.9],[590.6,56.3],[590.9,48.7],[591.2,40],[591.5,32.8],[592.1,19.5],[576.4,18.8],[574.2,18.7],[564.6,18.3],[554.3,17.8],[546.8,17.4],[540,17],[533.3,16.7],[531.9,16.6],[526.9,16.4],[512,15.5],[501.2,14.9],[498.8,14.7],[494,14.4],[493.7,14.4],[478.4,13.4],[465.5,12.6],[451.7,11.6],[445,11.1],[441.2,10.8],[438.3,10.7],[429.4,10],[428.5,22.3],[427.7,33.3],[426.7,46.6],[425.9,57.5],[424.8,72.1],[424,82.9],[422.9,96.7],[422.4,103.7],[421.4,116.9],[420.6,128.2]]]}},{"type":"Feature","properties":{"st":"TX","district":14,"name":{},"label_x":887.2,"label_y":494.3},"geometry":{"type":"Polygon","coordinates":[[[836.2,544.5],[836.3,544.5],[840.6,541.8],[841.7,541.8],[843.1,541.5],[844.6,540.9],[845.9,540.2],[846.4,539.8],[847.1,538.7],[847.2,538.2],[848.2,537.3],[850.5,535.9],[852,534.7],[853.2,533.6],[854.7,532.1],[857.1,529.2],[857.9,528.5],[859.1,527.6],[859.7,526.5],[860.1,524.8],[859.9,524.5],[860.2,524.1],[865.2,521.6],[867.4,520.2],[870.4,517.9],[874.6,515.2],[878.5,512.9],[879.8,511.9],[880.3,511.1],[881.9,509.5],[883.2,509.8],[883.9,509.8],[884.7,509.6],[885.6,508.8],[886.1,508.3],[886.8,506.8],[887.1,505.9],[887.1,505.4],[886.8,504.4],[886.4,503.5],[885.5,502.7],[887,501.7],[894.3,498],[901.5,494.7],[901.8,494.6],[908.8,491.3],[908.8,491.4],[916,488],[921.4,485.9],[928.8,485.7],[930.6,485.9],[931.1,486.6],[932.2,487.3],[932.9,487.5],[934.2,487.5],[933.3,483.5],[932.7,481.3],[931.2,479.1],[930.8,478.3],[929.6,477.9],[929.3,477.2],[929.5,476.6],[929,475.9],[927.6,475],[927.2,474.3],[927.3,473.4],[927.6,472.8],[928.6,471.7],[929.6,470.9],[930.4,470.5],[931.2,470],[932.1,468.8],[932.8,467.6],[933.5,466],[933.9,464],[934.1,463.4],[934.7,462.4],[935,461.4],[935.4,460.9],[936.1,460.7],[936.3,460.3],[937,459.4],[937.9,458.8],[938,457.8],[938.9,457],[939,456.1],[939.3,456],[939.5,456.7],[939.9,456.7],[940.2,456.3],[940,455.9],[939.2,455.8],[938.6,455.1],[938.7,454.2],[939.2,453.6],[939.3,453.1],[939.8,452.9],[940,452],[939.9,451.2],[940.4,451.3],[940.1,450.1],[939.8,449.5],[939.8,448.9],[939.3,448.3],[939.4,447.6],[938.9,446.9],[938.7,446.4],[938.8,445.6],[939.1,445],[939.7,444.3],[939.4,444],[937,444.1],[928.2,444.4],[922.5,444.5],[915.6,444.7],[915.7,446.2],[916.5,446.7],[917,447.3],[916.8,448],[916.1,448.3],[916,449.1],[916.2,449.7],[915.8,450.1],[916,450.9],[916.7,451.3],[917.2,452.1],[918,452.3],[918.3,453],[918.1,453.7],[917.6,454],[917.2,455.1],[916.5,455.6],[916,455.6],[915.8,456.8],[915.5,457],[914.9,456.3],[914.8,455.9],[914.4,455.8],[914.3,455.2],[914,454.7],[911.6,454.9],[911.7,455.8],[910.4,455.9],[910.7,457.6],[911.1,457.7],[911.3,458.4],[911.7,458.4],[911.8,459.4],[909.8,459.4],[909.9,460.4],[910.2,460.9],[910.2,461.5],[911,462.1],[909.6,463.7],[908.3,466],[907.2,465.6],[904.1,468.6],[903.1,468.3],[902.1,468.5],[902.3,475.2],[902.6,487.2],[902,487.6],[902,486.8],[901.1,486.8],[900.6,488.3],[899.6,488.1],[899,488.5],[898.9,488.9],[899.3,489.8],[898.7,490.3],[897.7,490.3],[895.7,490.8],[894.4,491.4],[894.3,491.8],[892.8,492],[892.8,491.3],[892,490.7],[891.5,490],[890.8,489.8],[890.1,490],[888.8,490.6],[887.3,491.2],[884.7,491.8],[883.3,492.3],[882,492.4],[880.1,493.2],[879.2,493.3],[878.6,493.3],[877.8,493],[877,491.6],[876.3,492.2],[875.5,493.4],[875,493.8],[872.7,494],[871.3,494.5],[870.2,495.3],[869.6,495.2],[866.2,494.4],[865.4,493.9],[864.8,493.4],[864.1,492.6],[863.9,491.8],[863.2,491.9],[863.1,491.7],[862,491.3],[861.2,491.3],[860.8,491.5],[860.3,492.2],[860.2,492.9],[859.8,493.1],[859.5,493.5],[858.7,494.1],[858.8,494.5],[857.7,494.5],[857.4,494.9],[856.7,494.8],[856.1,495.2],[855.4,495.4],[854.9,494.6],[855,494.2],[854.2,494],[853.9,493],[853.3,492.3],[853.4,491.4],[852.5,491.3],[852.3,491.5],[851.3,497.6],[853.8,501.7],[853.8,502],[852.5,502.2],[852.3,501.6],[851.4,501.7],[851.9,503],[851.4,503.1],[851.2,502.6],[850.4,502.8],[850.3,502],[849.7,502.1],[849.5,501.7],[848.9,501.8],[849.2,502.3],[843.9,505.2],[840.5,505.3],[840.5,506.1],[840.3,506.6],[840.4,507.6],[840.1,507.6],[840.1,506.5],[839.3,506.5],[839.3,507.4],[838.8,507.4],[838.5,507],[838.2,506],[837.9,506],[837.6,506.7],[836.1,506.8],[835.7,506.2],[833.8,506.2],[833.3,506.4],[832.9,507],[832.1,507],[831.9,507.4],[830.7,507.5],[830.4,506.9],[829.4,507],[828.4,507.9],[828.6,508.8],[828,509.3],[826.2,509.2],[825.6,508.8],[820.9,507.2],[819.1,509.1],[818.3,508.3],[815.4,511.3],[815.7,511.6],[813.8,513.5],[815.5,515.2],[814.8,516],[815.9,517.1],[815.4,517.7],[815.2,518.7],[815.8,519.5],[816,520.2],[815.8,521.2],[815.4,521.7],[816,522.7],[816.5,522.9],[817.7,522.8],[818.6,524],[819.3,524.5],[820.2,524.8],[820.1,525.3],[819.6,525.4],[819.5,525.9],[819,526.3],[819.4,526.6],[819.3,527.5],[819.4,528.3],[819.8,528.5],[819.5,529.1],[820.1,529.6],[820.2,530.2],[819.9,530.7],[820.3,531.1],[823.8,531],[825,531.5],[825.6,531.3],[825.9,531.8],[826.7,532.1],[827.3,532.9],[826.9,533.8],[827,534.3],[827.5,535.3],[828,535.7],[828.6,536],[829.3,536.7],[831.2,538.2],[831.4,538.7],[831.3,539.6],[831.9,540.2],[833,540.2],[833.7,540],[834.1,540.3],[834.6,540],[835.7,539.7],[835.5,540.5],[836.2,544.5]]]}},{"type":"Feature","properties":{"st":"TX","district":15,"name":{},"label_x":684.7,"label_y":597.6},"geometry":{"type":"Polygon","coordinates":[[[684.3,481.8],[684.1,482.6],[684.4,482.8],[684.9,482.6],[685,482.2],[685.4,481.9],[685.9,482.5],[685.4,483],[685.7,483.9],[686.2,484.1],[686.2,484.7],[686.9,484.9],[686.7,486.2],[687.9,486],[687.9,486.9],[687.2,487.9],[687.5,488.6],[687.3,489],[688,489.7],[686.7,490.9],[685.1,491.4],[685.7,492.5],[686.8,495],[686.4,495.7],[685.8,496.2],[685,496.4],[684.9,498.3],[684.5,498.5],[684.3,498.1],[683.8,497.9],[683.3,497.2],[683,497.9],[682.1,498.4],[681.7,497.7],[681.2,498],[672.1,510.1],[666.9,516.8],[664.8,519.5],[672.7,529.4],[673.8,530.9],[677.6,535.8],[678.5,536.7],[681,539.9],[682.5,541.8],[681,543],[679.5,544.2],[668.3,553.1],[668.1,560.6],[667.9,570],[667.8,574.3],[667.6,582.2],[667.4,590.1],[673.3,590.2],[673.2,594.4],[673,605.6],[672.8,613.3],[672.8,613.8],[672.7,619.6],[672.5,628.3],[672.2,643.2],[664.3,642.9],[653.9,642.6],[654.2,643.3],[655.5,643.6],[655.7,644.4],[656.5,644.6],[656.3,650.8],[657.9,650.9],[657.8,656.7],[660.7,656.7],[660.5,660.4],[660.2,668.6],[660.1,669.8],[660,674.8],[666.1,675],[661.3,685.3],[657,693.5],[656.1,695.5],[655.6,696.3],[651.8,704.1],[649.1,709.4],[649.5,710],[649.2,710.4],[649.5,710.9],[650.2,710.5],[650.4,711.4],[651.5,710.9],[652.2,711.6],[652.8,711.9],[653.6,711.6],[654.2,712],[653.9,712.6],[654.1,712.8],[654.9,712.5],[655.2,712.6],[655.5,712.1],[656,712.1],[656.6,711.7],[656.9,711.9],[657.6,711.8],[657.9,712.2],[658,712.7],[657.6,713.3],[657.8,713.5],[658.8,714.1],[659.2,714.5],[660.1,714.7],[660.1,715.3],[660.8,715.8],[661.1,716.3],[662.2,716.4],[662.3,715.6],[662.9,715.6],[662.8,716.1],[663.1,716.8],[663.4,716.7],[663.5,716],[664.1,715.9],[664.4,716.2],[664.1,717.1],[664.6,717.3],[664.2,717.8],[664.8,718.8],[665.7,719.4],[666.8,718.9],[668.1,719.4],[668.1,719.9],[667.4,719.8],[667.2,720.3],[668.2,720.8],[668.5,721.4],[669.2,721.8],[669.4,722.2],[670.5,721.9],[671,722],[671.9,722.6],[672.4,723.4],[672.8,723.6],[673,723],[673.8,722.2],[674.2,723],[674.8,722.9],[675.8,723.8],[676.1,723.1],[676.8,723.1],[678.2,722.8],[678.7,723.3],[679.9,722.8],[679.8,722.6],[680.2,720.5],[680,720.5],[680.6,716.8],[680.1,716.3],[680.2,715.7],[679.6,715.6],[678.8,714.4],[678.6,713.9],[678.1,713.8],[677.8,715.9],[677.3,715.8],[676.8,718.7],[676.3,718.6],[676.8,715.7],[676.3,715.6],[675.6,719.4],[673.6,719.1],[674.3,715.3],[673.3,715.1],[673.5,713.9],[674.2,714],[674.6,713.6],[674.8,712.8],[673.8,712.6],[673.9,712.1],[672.6,711.9],[672.7,711.4],[672.2,711.3],[672.3,710.9],[671.8,710.8],[671.9,710.3],[675.1,710.9],[675.5,708.6],[675.3,708],[675.4,707.2],[678.4,707.8],[678.9,707.8],[679.4,707.5],[681.7,707.9],[682.5,707.7],[684,707.7],[684,705.3],[688.7,706.1],[689.1,703.7],[693.3,704.4],[693.4,698.8],[690.6,698.7],[690.6,698.6],[684.8,697.6],[685.3,694.7],[685.6,694.8],[686.1,691.8],[687.3,692],[687.1,690.8],[687.1,689.7],[687.4,689.7],[687.8,686.8],[686.2,686.5],[686.3,678],[686.5,667.3],[686.9,651.7],[687,643.7],[682.7,643.5],[682.9,628.5],[683.1,618.6],[690.2,618.7],[690.5,614.8],[690.9,609.4],[691,602.1],[693.2,600.2],[699.2,594.9],[699.3,593.9],[699.7,593.4],[699.4,592.6],[698.8,591.9],[697.8,592],[696.9,592.3],[695.6,592],[695.2,591.8],[694.2,590.5],[693.5,590.5],[693.2,590],[693.2,589.5],[692.9,588],[693.4,587.9],[693.4,587],[693.1,586.9],[698.8,582.4],[696.6,577.9],[695,574.7],[690.6,565.8],[688.3,561],[682.8,550.1],[688.1,548.3],[693.2,546.5],[694,547],[694.2,547.4],[695.8,548.6],[697.9,549.2],[698.4,549.6],[698.5,549.9],[700.3,549.7],[700.7,549.6],[701.2,550.1],[707.9,544.9],[713.5,540.6],[710,536.2],[703,527.5],[703.6,527.1],[710.5,521.5],[711.5,520.8],[703.6,511.7],[701,508.5],[697.4,504.2],[703.7,495.3],[704.2,494.5],[705.9,492],[711,484.6],[709.8,484.2],[709.2,483.4],[708.6,483.7],[708,483.6],[707.8,483],[706.9,483.2],[706.8,482.3],[705.8,482.4],[705.8,482.1],[705,481.7],[705,480.8],[704.9,480.3],[704.4,480.4],[703.8,479.9],[703.5,480.2],[703.2,479.8],[703.7,479.4],[703,478.9],[703.1,478.5],[702.5,477.9],[702.4,477.1],[701.8,477.1],[701.1,476.6],[700.5,475.7],[699.7,475.6],[699.5,475.4],[699.7,474.8],[698.9,474.4],[699,472.7],[698.6,471.4],[697.7,470.5],[697.1,470.4],[693,473.7],[689.7,477.3],[688.4,478.4],[684.4,481.8],[684.3,481.8]]]}},{"type":"Feature","properties":{"st":"TX","district":16,"name":{},"label_x":216.7,"label_y":308.8},"geometry":{"type":"Polygon","coordinates":[[[218.2,317.8],[219.6,317.3],[222,321.4],[222.3,321.2],[222.9,322.2],[224.3,321.9],[224.8,322.9],[225.3,322.6],[225.5,323.1],[225.1,323.4],[225.3,323.7],[225.8,323.4],[226,323.8],[227.5,323.8],[227.6,323],[225.8,322.9],[225.6,322.8],[225.9,320.8],[226.8,320.9],[227.1,320],[226.6,318.9],[227.1,318.9],[227.2,318.1],[228,318.4],[229.1,318.5],[229.1,318.2],[228.1,318.1],[228.2,317.1],[227.2,317],[227.3,316],[226.3,315.9],[226.7,312.3],[227,309],[225.2,309.1],[225.2,308],[223,307.8],[222.9,308.3],[220.3,306.9],[219.5,304.7],[218.6,305.1],[217.9,305.8],[217.6,306.9],[216.1,306.6],[215.7,306.9],[214.8,306.7],[215,305.2],[215.5,304.3],[218.2,300.5],[216.5,300.2],[216.1,299.5],[215,299.5],[214.2,299.4],[214.2,300],[212.2,299.8],[212.2,300.8],[211,300.7],[210.9,300.2],[211.2,298],[211.2,296.8],[210.8,296.3],[210.9,295.8],[210.6,295.1],[210.6,294.6],[204.7,294],[204.4,294.6],[203.9,294.6],[203.4,295.2],[203.8,295.9],[204.4,295.9],[204.1,296.6],[204,298.3],[203.8,299],[204.4,299.4],[202.7,300.3],[202.4,300.9],[203.2,301.7],[202.8,302.5],[202.7,302.9],[203.8,304.3],[204.3,304.4],[204.5,304.9],[204.2,305.6],[205.1,306.1],[205.6,307],[206.4,307],[207.3,307.4],[208.3,308.7],[208.2,309.2],[208.9,310],[209,310.6],[210.1,311.6],[211.1,311.6],[211.5,311],[212.5,310.9],[213.4,311.6],[214.2,311.9],[216.2,313.4],[216.4,314.6],[217.7,316],[218.2,317.8]]]}},{"type":"Feature","properties":{"st":"TX","district":17,"name":{},"label_x":805.5,"label_y":386.4},"geometry":{"type":"Polygon","coordinates":[[[708.8,426.7],[709.1,427.4],[708.2,428.3],[708.5,429.3],[709,428.9],[709.5,428.9],[710,430.5],[710.4,431],[711.3,431.5],[711.5,431.2],[712.8,431.4],[713,431.9],[714,430.1],[714.8,429.9],[716.3,430.8],[715.7,431.9],[717.1,432.8],[717.7,432.7],[718.3,431.7],[719.2,434.1],[720.1,434.4],[720.2,434.8],[720.9,435.2],[721.4,434.3],[722.2,435],[721.8,435.7],[722.4,436.1],[722.8,436.1],[723.3,435.2],[725.4,436.3],[727.1,433.3],[729.1,434.4],[734,432.8],[739.6,430.9],[745.1,427.6],[748.2,425.8],[759.4,419.3],[767.3,414.8],[770.6,412.9],[770.9,413],[771.8,413],[772,413.8],[773.5,414.7],[773.7,415.2],[780,412],[781.1,410],[782,408.8],[782.8,406.5],[783.4,405.6],[784.1,404],[784.4,403.5],[785.4,402.6],[785.6,401.8],[786.3,400.8],[787,400.2],[788.8,398.9],[790.2,398.1],[791.3,397.3],[792.9,396.5],[793.3,396.2],[794,396.1],[795.3,395.5],[796.6,395.3],[798,394.3],[799.6,393.3],[800.8,392.4],[802,391.7],[803.6,390.3],[804.9,390.1],[805.4,390.2],[806,390],[806.9,389.2],[807.9,388.7],[819.9,388.6],[820.4,388.9],[820.8,388.7],[821.3,388.8],[821.7,389.2],[822.3,389.5],[823.4,389.3],[824.1,389.4],[824.5,389.7],[825.1,389.7],[825.6,389.3],[826.1,389.5],[826.4,390.6],[826.8,391.2],[827.7,391.4],[827.8,391.9],[827.3,392.2],[825.8,392.6],[825.4,393.1],[825.6,393.5],[826,393.8],[825.3,395.3],[825,395.4],[825.2,396.5],[825.7,396.8],[826,397.7],[826.5,398.5],[826.6,399.2],[826.9,399.2],[827.2,399.8],[828,399.7],[828.6,400.4],[827.7,401],[827.7,401.6],[826.9,401.6],[826.6,401.9],[826.1,401.7],[825.6,401.2],[824.9,401.2],[824.4,401.5],[823.1,401.2],[822.9,400.9],[822.3,401],[821.6,401.6],[821,401.4],[820.3,401.6],[819.7,402.3],[818.5,403.1],[818.2,403],[816.4,403.9],[815.1,404.1],[814.3,404],[816,417.8],[820.8,416.1],[823.4,416.1],[828.7,414.9],[829.8,414.1],[830.8,413.8],[830.9,414.7],[831.7,415.9],[833.2,416.5],[833.8,416.5],[833.8,417.1],[834.4,417.1],[834,416.3],[835.2,416.3],[834.8,415.5],[834.5,415.2],[834.5,414.6],[835.6,414.6],[835.6,414.4],[836.9,414.6],[839.3,414.4],[840.1,413.6],[840.9,413],[844.6,412.4],[845.1,404.2],[845.9,403.3],[845.8,402.8],[846.1,402.4],[846,401.6],[846.7,401.3],[847.8,401.4],[849.4,401],[849.8,401.2],[850.7,402.3],[850,403.7],[850.4,404.2],[850.7,405.4],[851.5,405.9],[852.1,406],[852.5,406.5],[857.4,401.6],[864.8,394.2],[867.4,391.7],[872.8,384.6],[872.9,384.9],[874,385.2],[874.6,385.5],[877,386.6],[878,387.3],[878.8,387.5],[880,387.2],[881.1,387.9],[882.2,387.9],[883.2,388.5],[883.5,388.6],[883.9,387.7],[884.3,388.4],[884.8,388.4],[885.2,388.7],[885.5,388.5],[886.3,388.8],[886.2,389.1],[887.4,389.9],[888,389.7],[889,390.3],[890.1,390.7],[890.8,390.6],[891.7,391],[892.1,391.3],[893.4,391.6],[893.4,392.1],[894.2,392.4],[894.9,392],[906.3,389.1],[913.8,387.2],[912.8,386.2],[912.3,386.1],[911.9,385.7],[910.3,384.9],[909.3,383.9],[909.5,383.6],[908.6,382.9],[908.6,382.3],[907.5,382],[906.9,381.6],[906.4,381.8],[905.9,381.6],[905.6,380.8],[904.9,380.4],[904.6,380.5],[904.2,380],[903.2,379.4],[902,378.2],[901.7,377.7],[902,377.3],[901.5,376.4],[902,375.6],[902.2,375.1],[902.5,374.8],[902.3,374.3],[902.9,373.5],[902.5,372.3],[902.8,372.1],[902.6,371.1],[901.9,369.7],[902.2,369.1],[902.1,368.3],[902.4,368],[902.1,367.2],[903.2,366.2],[903.3,365.7],[902.4,364.3],[902.7,363.9],[902.7,362.2],[902.5,361.9],[902.7,361.1],[903.3,360.4],[903.4,359.6],[902.9,359.4],[903.2,358.2],[903,357],[903.2,356.2],[903,355.5],[902.7,355.2],[902.8,354.5],[901.8,354.3],[901.8,354],[901.3,353.4],[900.6,353.4],[900.3,352.6],[899.5,352.2],[899.5,351.6],[899,351.2],[897.9,351],[897.7,350.1],[897.4,349.9],[897.3,348.9],[897.3,348.2],[897.1,347.9],[896.6,346.7],[896.8,346.1],[896.8,344],[896.6,343.8],[896.4,342.8],[895.8,342.3],[896.1,340.5],[895.9,340.2],[895.6,338.9],[894.8,338.1],[894.4,337.5],[881.6,337.7],[877.5,337.7],[870.4,337.8],[866.9,337.7],[867,338.7],[866.4,339.1],[866.6,339.5],[865.9,340.4],[865.9,341.1],[864.8,341.1],[864.6,341.3],[864.8,342],[866.9,342.7],[867.6,343.4],[867.3,343.9],[866.6,344],[865.9,343.8],[865.2,343.9],[865,344.9],[865.5,345.3],[865.9,346.1],[865.4,347.3],[865.4,348],[866.1,349.1],[866.2,350.2],[866.4,350.7],[866.2,351.5],[866.7,351.7],[866.8,352.3],[867.6,353.6],[867.8,354.9],[868.1,355.1],[867.8,355.6],[868.5,356.3],[869.7,355.7],[869.8,356.5],[869.4,357.2],[869.4,357.9],[870.2,358.4],[870.2,358.9],[870.8,359],[870.7,359.6],[869.1,361],[863.4,366],[862.9,365.2],[863.2,364.7],[862.2,364.9],[861.3,364.6],[861.1,364.7],[860.6,364.2],[860.6,363.8],[860.1,363.2],[858.9,363.2],[858.5,363.3],[857.8,363.1],[857.3,361.8],[858.2,360.9],[857.8,359.8],[857.3,359.2],[856.4,358.6],[855.3,358.4],[855,356.5],[854.3,356.2],[854.2,355.9],[853.4,355.4],[853.2,355.7],[852.6,355.9],[852.2,356.2],[851.6,356.3],[850.6,355.9],[850.4,356.2],[848.9,356],[848.3,355.5],[847.9,354.9],[842.6,355.7],[842.1,355.8],[837.1,356.6],[831.3,357.6],[826.3,358.5],[826.6,359.5],[821.3,361],[821.6,360.7],[821.4,360],[820.3,359.2],[820.6,358.6],[820.6,357.8],[821.1,357.6],[821.6,357.8],[822.1,357.6],[822.5,357.7],[822.5,356.4],[821.9,355.7],[822.3,355.5],[822.9,354.3],[822.9,353.5],[822.5,352.4],[821.5,350.9],[820.4,351.3],[820.3,351.6],[820.7,353.4],[820.5,354.1],[819.6,354.7],[819.1,354.4],[818.7,353.8],[818.5,352.8],[818,352.4],[818.4,351.5],[817.9,351.4],[815.2,351.4],[809,349.8],[809.1,350.7],[808.5,351.5],[807.7,351.6],[805.6,353.1],[805,352.4],[803.8,352.1],[803.3,351.6],[802.6,351.5],[801.4,351.5],[800.2,351],[799.9,351.5],[797,351.1],[796.4,351.6],[795.7,351.5],[795.3,351.2],[793.3,351],[792.4,351],[791.7,351.8],[790.4,351.8],[790.2,351.3],[789.2,350.6],[788.9,350.2],[787.9,348.7],[787.4,346.5],[787.5,345.1],[785.9,345.2],[785.2,345],[785.1,343.4],[784.5,343.3],[782.6,342.3],[781.8,343.3],[780.8,342.4],[780.4,342.5],[780.3,343],[779.7,342.9],[779.2,343.1],[778.1,341.3],[773.1,340.8],[765.5,340],[763.7,341],[753.3,347],[751.7,344.2],[747.4,336.6],[740,340.7],[734.4,343.9],[733.7,344.3],[729,346.9],[722.3,350.5],[722,350.8],[718.2,352.8],[716.3,353.9],[714.8,354.6],[715.4,355.7],[720.6,364.9],[725.2,372.8],[729.4,378],[733.2,375.6],[736.3,380.9],[741.8,390.2],[744.9,395.5],[734.4,401.5],[733.9,401.8],[731.7,407.9],[730.6,411],[733.2,412.2],[735.8,420],[736,420.6],[732.6,421.6],[727.6,422.6],[726.9,422.9],[727.2,423.6],[726.6,423.8],[726.6,424.5],[725,424.6],[725.3,425.6],[724.8,425.6],[724.5,426.9],[723.6,426.7],[724.1,425.8],[721.4,425.3],[721.2,426.4],[720.6,426.3],[720.3,426.5],[720.7,424.2],[718.2,424.6],[717.9,426.1],[717.5,426.6],[716.8,426.2],[716.3,427],[715.5,426.6],[715.6,426],[714.9,426],[714.9,425.2],[713.8,425.7],[713.8,426.4],[714.5,426.5],[714.5,427.1],[712.4,427.2],[711.7,427],[711.2,426.3],[710.6,426.4],[710.9,425.7],[710.9,425],[710.7,424.6],[710.2,424.5],[710,423.9],[710.3,423.8],[710.2,423.1],[708.6,423.7],[708.6,425.1],[708.8,426.7]]]}},{"type":"Feature","properties":{"st":"TX","district":18,"name":{},"label_x":837.3,"label_y":471.1},"geometry":{"type":"Polygon","coordinates":[[[845.7,482.2],[844.9,479.5],[844.8,479.2],[845.5,478.1],[846.1,478.2],[846.5,477.5],[846.6,476.1],[847.9,476],[848.2,476.4],[848.2,477.4],[848.5,477.5],[848.4,478.7],[849.8,479.7],[850,479.7],[849.9,478],[849.8,477.3],[849.3,477.2],[849.4,476.5],[849,475.6],[848.4,475],[851.3,473.6],[851.3,472.9],[851.1,472.6],[851.4,472.1],[851.4,471.4],[850.9,470.5],[851,469.3],[850.6,468.6],[850.9,468.1],[850.4,467.2],[850,467],[849.2,467.5],[847.6,467.5],[846.6,467.9],[846.1,469.1],[846.8,469.1],[845.1,473.9],[844.2,473.9],[844.6,475.7],[844.3,476.9],[843.4,477],[843,476.5],[843,475.9],[842.1,475.9],[842.1,475],[842.5,474.7],[843,474.7],[842.3,473],[841.3,473.1],[841.2,472.5],[840.8,472.7],[840.5,471.8],[840.5,470.7],[840.8,470.4],[840.1,469.4],[838.4,469.6],[837.3,468.3],[836.7,467.8],[836.5,466.1],[837.9,466.1],[837.6,465.5],[837.6,464.2],[840.2,464.2],[840.3,464.8],[840.9,465],[841.6,465.5],[842.2,465.3],[843,465.3],[843.7,465.9],[844.3,465.9],[847.4,465.8],[848.1,464.1],[848.8,464.1],[849.1,464.8],[850.2,464.3],[850.1,466.2],[852.3,466.2],[852.9,466.6],[853,467],[852.8,468.4],[852.9,469.3],[853.8,470.4],[852.9,469.3],[852.9,468.4],[853,467],[852.9,466.6],[852.7,466.3],[853.4,465.5],[852.3,464.7],[852.2,461.8],[848.9,461.8],[849,461.5],[847.3,461.5],[847.4,460.7],[846.7,460.7],[846.7,460.4],[845.6,460.1],[845.3,459.8],[844.4,460],[843.8,459.5],[843.1,459.4],[842.3,459.2],[842,459.4],[840.3,459.4],[838.9,459.6],[838.8,459.4],[837.7,459.5],[837.4,460.1],[836.9,460.3],[837.6,461.4],[835.6,462.7],[832.8,464.5],[832.2,464.1],[830.8,464.1],[831.2,464.5],[832.4,464.9],[831.7,465.6],[830.6,466.4],[830.6,467],[831.4,466.8],[831.8,467.4],[832.3,467.4],[832.5,466.8],[833.8,466.2],[834.3,466.1],[834.6,466.9],[834.1,466.9],[834.1,471.3],[832.7,470.6],[832.5,470.8],[831.2,470.8],[831.2,471.4],[831.5,471.9],[831.5,473.2],[833.7,473.1],[833.7,474.1],[834.8,474.3],[834.6,475.1],[836.6,475.1],[837.1,475.4],[837.2,476],[837.4,476.3],[838.3,476.6],[838.5,475.2],[838.9,474.6],[839.5,475],[840.8,474.8],[840.9,476.4],[841.6,476.4],[841.6,477.3],[842,477.3],[842.3,477.8],[842.3,478.5],[843.1,478.6],[842,480.3],[842.6,480.7],[842.1,482.4],[842.7,482.6],[842.8,482.1],[843.3,482.2],[843.8,482],[845,482.6],[845.2,482.1],[845.7,482.2]]]}},{"type":"Feature","properties":{"st":"TX","district":19,"name":{},"label_x":469.2,"label_y":222.7},"geometry":{"type":"Polygon","coordinates":[[[420.6,128.2],[420.1,134.6],[419.4,144.1],[418.8,151],[418,162.2],[417.4,170.6],[416.8,178.2],[416.1,186],[415.3,194.7],[414.4,204.4],[414,209],[413.2,217.6],[412,230.4],[410.6,245.6],[409.9,255.2],[409.3,264],[409,267],[408.1,279.2],[407.3,290.3],[406.8,297.5],[406.1,306.9],[409.7,307.2],[417.9,307.8],[420.9,308],[421.1,308.1],[426.3,308.4],[434.1,309],[444.1,309.7],[446.9,309.8],[453.9,310.3],[467.3,311.2],[479.5,311.9],[483.6,312.1],[490.3,312.5],[502.5,313.2],[509.4,313.6],[517.3,314.1],[526.8,314.6],[528.5,314.7],[537.1,315.2],[538.6,315.3],[544.2,315.6],[544.5,315.6],[552.1,316.1],[562.2,316.7],[565.4,316.8],[566.3,316.8],[571,317],[579.1,317.4],[590.5,317.9],[595.8,318],[600.5,318.3],[600.5,316.2],[600.9,307],[601.2,300.8],[601.5,294.4],[608.9,296.3],[608.9,296.5],[610.7,296.6],[611.3,296.7],[611.4,293.4],[612.1,292.5],[613.1,292.3],[613.5,292],[614,290.6],[614.5,290.2],[614.8,289.6],[623.1,289.9],[631.8,290.2],[632.3,275],[632.7,260.4],[640.9,260.7],[641.1,253.4],[641.4,241.2],[641.6,232.9],[641.6,231],[632.1,230.7],[623.4,230.3],[612,229.9],[603.3,229.6],[597.2,229.4],[590.1,229.1],[583.3,228.9],[577,228.6],[576.3,228.6],[569.7,228.2],[566.8,228.2],[564.6,228],[555.4,227.6],[548.5,227.2],[542.4,226.9],[541.5,226.9],[535.3,226.6],[530.4,226.4],[525.4,226.1],[525.8,219.2],[526.4,205.5],[527,193.9],[527.3,187],[528.1,173.2],[528.5,164.5],[525.1,164.3],[514.7,163.7],[504.9,163.2],[505.1,158.9],[505.5,151],[506.1,142.3],[506.6,133.8],[491.8,133],[491.3,132.9],[477.7,132],[474,131.8],[465.2,131.3],[457.3,130.9],[443.4,129.8],[429.8,128.8],[423,128.3],[420.6,128.2]]]}},{"type":"Feature","properties":{"st":"TX","district":20,"name":{},"label_x":652.9,"label_y":495.4},"geometry":{"type":"Polygon","coordinates":[[[660.4,500.5],[658.4,500.4],[657.6,500],[657.7,498.5],[657.4,498.4],[657.7,496.3],[658.3,496.4],[658.5,495.7],[659.1,495.8],[659,495.1],[660.1,495],[660.1,494.5],[660.6,494.6],[661.4,493.1],[662,493.1],[662.2,492.5],[661.3,492.2],[659.7,492.1],[659.6,493.3],[658.2,492.2],[658,492.7],[657.2,493.3],[656.8,491.9],[656.5,491.4],[657,490.7],[656.9,490.2],[656.2,489.7],[655.8,489.2],[655.3,488.1],[655.1,487.1],[654.3,486.4],[653.9,485.3],[653.5,485.7],[652.7,485.9],[652.6,487.5],[652,487.7],[651.1,488.9],[650.4,489.7],[650.9,490.4],[652.3,490.3],[652.1,490.9],[652.6,491.7],[652.5,492],[650.2,492],[649.3,491.2],[648.9,491.6],[647.7,491],[647.3,491.5],[645.6,490.7],[644.9,492.1],[644.2,492.5],[643.9,492.3],[643.5,493],[643.2,493],[643.5,494],[644.7,494.2],[646.4,494.2],[647.3,494.1],[647.2,494.7],[646.8,494.8],[646.8,495.7],[645.7,495.8],[644.9,495.7],[645.4,497.3],[645.4,497.8],[646,497.9],[646.1,499.5],[646.3,499.8],[646.5,500.8],[646.7,501.4],[649.7,500.7],[650.5,500.4],[650.3,500.1],[650.3,498.2],[650.6,497.4],[650.4,497.1],[651.9,496.4],[652.4,496.5],[651.3,497.9],[651.2,498.2],[651.1,500.2],[653.8,499.6],[655,499.6],[655,500],[656.2,500.2],[656.1,501.1],[656.9,501.1],[656,502.3],[655.3,502.8],[654.8,502.4],[654.2,502.3],[653.2,501.6],[652.7,502.3],[652.3,502.2],[652,502.6],[651.2,502.6],[651.2,505.2],[652.4,504.2],[652.7,505.2],[653.5,505.7],[654.7,505.7],[655.8,505.5],[658.7,505.5],[659.7,505.6],[659.5,504.7],[659.6,502.5],[660.6,502.3],[660.3,500.8],[660.4,500.5]]]}},{"type":"Feature","properties":{"st":"TX","district":21,"name":{},"label_x":635.2,"label_y":461},"geometry":{"type":"Polygon","coordinates":[[[701,454.3],[694.4,448.7],[694.5,448.2],[695.1,447.2],[695.7,446.8],[696.2,446.8],[696.8,445.5],[696.2,445.4],[695.8,444.9],[696.5,444.1],[697.2,444.4],[697.5,444.8],[698.2,445.2],[698.5,445.1],[698.9,444.2],[700,444.9],[700.6,445.1],[701.4,444.7],[701.2,444.1],[700.7,443.8],[700.5,442.9],[700,442.6],[699.5,442.6],[699,442],[699.5,441.5],[698.1,440.7],[697.3,441.1],[696.7,441.1],[695.8,440.3],[695.2,440.6],[694.3,441.8],[693.2,442.3],[692.3,443],[690.8,442.8],[690.2,443.9],[689.7,444.1],[689.7,444.6],[685.2,440.7],[680.5,436.7],[683.4,432],[676.2,429.7],[670.4,427.7],[666.9,426.5],[662.1,426.5],[654.6,426.4],[647.7,426.2],[639.8,426],[632.9,425.8],[625.7,425.6],[619.2,425.3],[615.3,425.1],[615,439.4],[605.1,439],[598.1,438.7],[588.8,438.2],[588.3,446.8],[588,452.7],[578.7,452.3],[578.7,452],[575.8,451.6],[575.3,455.5],[574.4,455.4],[574.2,457.1],[573.4,462.5],[573.3,464],[572.9,463.9],[572,464.8],[572,465.4],[572.2,465.8],[571.9,467.1],[571.5,467.2],[571.4,467.6],[571.7,468.5],[571.6,468.8],[571.9,469.4],[572.2,469.6],[572.3,470.9],[571.4,471.1],[571,471.8],[571.4,473.2],[571.7,474],[571.2,474.6],[571.5,475.1],[571.1,475.7],[569.2,476.3],[570.2,476.6],[570.2,477.4],[571,477.8],[571.2,478.2],[571.8,478.7],[571.5,479.1],[571,479.5],[571.5,480.3],[572.2,481.7],[571.8,482.2],[579.8,482.5],[587.1,482.8],[587.6,482.8],[595.8,483],[602.4,483.2],[610.1,483.5],[615.1,483.7],[617.9,483.8],[624.8,484.2],[631,484.4],[632,484.5],[632.4,485.2],[632.3,486.1],[631.7,487],[632.2,487.7],[631.8,488],[631.8,488.4],[632.4,489.3],[633,488.8],[633.4,488.7],[634.4,488.9],[635.2,488.7],[639.2,484.1],[644.2,478.3],[645.1,478.3],[646,478.4],[646.6,478.6],[647.4,477.8],[647.7,478.1],[648.2,477.7],[648.8,477.6],[649.6,477.2],[650.2,477.4],[650.3,477.1],[651.1,476.6],[652,476.7],[652.1,477.2],[653,477],[653.5,477],[653.6,477.3],[654.4,477.3],[654.6,476.6],[655.4,477.2],[655.9,477.1],[656.1,476.7],[657,476.6],[657.3,476.1],[657.7,476.5],[658.5,476.6],[658.8,477.2],[659.3,477.1],[660.2,477.6],[661.8,477.9],[662.4,477.6],[662.9,478.1],[663.6,477.8],[663.8,478.2],[663.7,478.9],[663.3,479.8],[663.1,481.4],[663.3,482.3],[663.2,483.1],[662.6,483.4],[661.4,482.8],[660.8,482.8],[660.6,483.1],[660.6,483.7],[660.2,484.2],[660.5,484.7],[660.7,486.3],[659.8,486.2],[659.8,486.7],[659.2,488.2],[658.9,487.5],[658.6,487.2],[656.8,489.1],[657.7,490],[657.3,490.5],[656.9,490.2],[657,490.7],[656.5,491.4],[656.8,491.9],[657.2,493.3],[658,492.7],[658.2,492.2],[659.6,493.3],[659.7,492.1],[661.3,492.2],[662.2,492.5],[662,493.1],[661.4,493.1],[660.6,494.6],[660.5,495.7],[660.8,495.8],[661.9,495.7],[661.9,496.2],[662.6,496.2],[662.5,496.6],[661.9,496.6],[661.7,497.4],[663.1,497.3],[663.4,497.6],[664.2,496.6],[665,496.6],[665.3,496],[665,495.7],[664.7,494.7],[663.4,494.6],[663.4,494.3],[664.7,493.6],[665,493.2],[664.9,492.6],[664.4,491.3],[665,490.7],[665.6,490.3],[666.3,490.6],[666.9,490.4],[667.2,490.9],[667,492.2],[666.5,492.1],[666.1,493],[667.6,493],[667.8,491.7],[668.3,491.4],[667.2,490],[668,489.2],[669,489],[669.6,488.4],[669.5,488],[670.3,487.4],[672.9,486.1],[674.9,484.8],[676.9,484.1],[677.2,484.6],[678.9,483.5],[679.6,483.1],[679.7,483.4],[680.8,483],[681.5,481.8],[682.2,481.7],[684,480.8],[684.3,480.3],[684.5,479.5],[684.8,479.1],[686.3,477.6],[688,475],[688.9,474],[688.7,473.3],[690.2,471.9],[691.4,470.6],[691.1,470.2],[691.9,469.3],[691.1,468.5],[690.7,467.5],[691.5,467.6],[692.8,468.2],[693.1,468],[693.7,468.1],[694.3,467.9],[695.1,467.1],[695.1,466.5],[695.4,466.3],[695.4,465.7],[696.7,464.2],[697.2,463.1],[696.5,462.3],[696.9,461.9],[696.4,460.1],[696.5,459],[696.9,457.8],[697.1,457.5],[697.8,457.5],[698.4,456.9],[698.5,456.1],[699,455.7],[700.3,455.8],[700.2,455.1],[701,454.3]]]}},{"type":"Feature","properties":{"st":"TX","district":22,"name":{},"label_x":801,"label_y":525.7},"geometry":{"type":"Polygon","coordinates":[[[816.3,475.3],[816.6,476.1],[809.3,479.3],[808.1,479.4],[808.1,480.1],[804.5,480.2],[804.5,480.9],[805.7,480.7],[806.1,481.5],[806,481.9],[805.2,481.7],[805.6,482.8],[805.4,483.4],[804.5,482.8],[803.2,483.2],[802.9,483.7],[803.6,484.3],[803.8,484.4],[804.7,483.7],[805.3,484.1],[805.5,484.5],[804.5,485],[805.4,485.7],[805.4,487],[805,487.6],[805,488.6],[801.2,488.7],[800.8,487.9],[799.6,487.2],[799.3,487.5],[798.8,487.2],[798.1,487.4],[797.3,486.8],[796.7,487],[796.1,486.5],[788.4,494.5],[785.9,501.7],[784.4,502.6],[776.8,507.3],[770.9,511],[768.8,512.2],[770.4,513.7],[777.6,520.9],[779.6,522.9],[788.2,531.3],[788.1,534],[787.7,542.2],[787.3,550.5],[787.3,552.7],[784.4,567.2],[783.8,570.6],[783.7,571],[782.9,577],[784.1,576.2],[785.5,574.8],[785.9,573.9],[786.1,572.8],[786.9,572.1],[787.4,571.4],[788.4,571.3],[789,571.1],[790.3,570.1],[790.8,569.3],[791.1,568.4],[795.6,565.5],[801.8,562.3],[801.9,562.3],[806.4,560.1],[806.4,560.2],[813.8,556.8],[819.6,553.9],[821.2,553],[828.6,548.7],[834.1,545.5],[836.2,544.5],[835.5,540.5],[835.7,539.7],[834.6,540],[834.1,540.3],[833.7,540],[833,540.2],[831.9,540.2],[831.3,539.6],[831.4,538.7],[831.2,538.2],[829.3,536.7],[828.6,536],[828,535.7],[827.5,535.3],[827,534.3],[826.9,533.8],[827.3,532.9],[826.7,532.1],[825.9,531.8],[825.6,531.3],[825,531.5],[823.8,531],[820.3,531.1],[819.9,530.7],[820.2,530.2],[820.1,529.6],[819.5,529.1],[819.8,528.5],[819.4,528.3],[819.3,527.5],[819.4,526.6],[819,526.3],[819.5,525.9],[819.6,525.4],[820.1,525.3],[820.2,524.8],[819.3,524.5],[818.6,524],[817.7,522.8],[816.5,522.9],[816,522.7],[815.4,521.7],[815.8,521.2],[816,520.2],[815.8,519.5],[815.2,518.7],[815.4,517.7],[815.9,517.1],[814.8,516],[815.5,515.2],[813.8,513.5],[815.7,511.6],[815.4,511.3],[818.3,508.3],[819.1,509.1],[820.9,507.2],[825.6,508.8],[826.2,509.2],[828,509.3],[828.6,508.8],[828.4,507.9],[829.4,507],[830.4,506.9],[830.7,507.5],[831.9,507.4],[832.1,507],[832.9,507],[833.3,506.4],[833.8,506.2],[835.7,506.2],[836.1,506.8],[837.6,506.7],[837.9,506],[838.2,506],[838.5,507],[838.8,507.4],[839.3,507.4],[839.3,506.5],[840.1,506.5],[840.1,507.6],[840.4,507.6],[840.3,506.6],[840.5,506.1],[840.5,505.3],[843.9,505.2],[849.2,502.3],[848.9,501.8],[849.5,501.7],[849.7,502.1],[850.3,502],[850.4,502.8],[851.2,502.6],[851.4,503.1],[851.9,503],[851.4,501.7],[852.3,501.6],[852.5,502.2],[853.8,502],[853.8,501.7],[851.3,497.6],[852.3,491.5],[851.6,491.3],[850.7,491.6],[850.1,491.2],[849.7,490.3],[849.7,489.3],[849.3,489],[848.7,488.9],[848,488.7],[847.5,488.8],[846.8,488.9],[845.5,488.7],[844.6,489.6],[844.1,489.5],[843.4,489.7],[842.9,489.4],[842.3,489.6],[842.4,490.6],[844.4,490.6],[844.4,491.4],[847,491.3],[847,491.8],[845.6,491.8],[845.6,493.3],[846.6,493.3],[846.6,494.2],[844.8,494.3],[844.6,493.7],[843.2,493.6],[843.2,494.1],[842.3,494.5],[842.1,495.5],[841.5,496.5],[840.8,496.2],[840.6,495.5],[839,495.5],[838.8,495.6],[837.9,499.4],[832.8,499.5],[833.1,499.1],[833.7,499.2],[833.8,498.1],[837.1,498.1],[837.3,496.8],[837.7,495.5],[837.6,494.9],[836.3,493.9],[836.4,494.4],[836,494.9],[834.5,494.9],[834.1,494.6],[833.6,493.5],[833.7,492.8],[832.9,492.5],[832.2,491.3],[833.4,491.3],[833.7,491.1],[833.7,490.5],[833.2,490.3],[833.2,489.8],[831.9,489.9],[831.9,490.9],[830.8,490],[830.9,489.2],[830.8,486.9],[829.9,486.5],[829.9,485.6],[830.7,485.5],[831.1,485.8],[831.5,485.4],[830,484.7],[828.7,484.6],[828.7,485.4],[827.7,485.7],[827.4,486.7],[826.9,487],[827,487.9],[827.8,488.6],[828.1,488.1],[828.6,488],[829.4,488.7],[828.8,489],[828.5,488.8],[827.8,489.4],[828,489.8],[827.5,490.4],[827.6,491.2],[828.7,491.1],[828.7,492.4],[828.5,492.8],[828.1,492.3],[827.3,492],[827,491.3],[825.5,491.1],[824.5,491.3],[823.8,492.9],[821.8,492.6],[821.2,492.3],[821.3,491.9],[820.9,491.4],[821.5,490.3],[821.9,490.1],[822.3,489.3],[823,490],[823.2,488.8],[823.1,487],[823.7,487],[824.9,487.6],[825,485.7],[824.3,485.7],[824.2,486.1],[823.7,486.2],[823.1,484.9],[823.1,484.4],[821.3,484.4],[820.1,483.3],[819.5,482],[824.5,481.5],[824.6,481.3],[822.3,479.8],[822.2,479],[822.9,478.1],[821.8,477.3],[821.8,476.3],[820.9,476.4],[820.9,474.2],[818.5,474.2],[818.5,475.2],[816.6,475.3],[816.3,475.3]]]}},{"type":"Feature","properties":{"st":"TX","district":23,"name":{},"label_x":445.2,"label_y":442.3},"geometry":{"type":"Polygon","coordinates":[[[218.2,317.8],[218.3,318.3],[219.6,320.8],[219.7,321.2],[219.8,322.1],[220.3,323.7],[220.6,325.4],[222,326.6],[222.4,327.1],[222.7,328.9],[223.4,330],[223.5,331.2],[224.1,332.2],[224.5,332.6],[225.6,333.1],[226,333.4],[226.9,334.6],[228,335.5],[229.2,335.7],[229.5,335.9],[230.6,337.3],[231.1,337.7],[235,338.4],[235.2,338.5],[236.9,340.4],[237.8,340.6],[238.1,341.4],[238,342.4],[238.3,343.7],[238.7,344.2],[240,344.3],[240.2,344.8],[240.6,345.8],[241.6,345.9],[242.1,346.2],[242.9,347.4],[243,347.9],[243.7,349.2],[244.6,350.4],[245.7,352.4],[246.3,352.7],[246.4,353.9],[246.7,354.8],[247.3,355.1],[248.5,355.3],[249.6,356.4],[249.8,357],[250.2,357.3],[253.4,359],[253.7,360.1],[254.5,360.3],[255.7,361.3],[256,362.1],[256.2,362.8],[256.7,363.3],[256.9,364.7],[256.7,365.3],[256.9,365.9],[257.3,366.2],[257.2,366.7],[257.8,368],[258.6,368.4],[259.2,368.5],[259.7,369],[260.1,369.8],[260.8,369.8],[261.2,370.5],[260.9,370.9],[262.4,372.2],[262.5,372.8],[263.4,372.9],[263.2,373.3],[264,374.1],[264.8,374.7],[265.4,374.8],[265.7,375.5],[266.2,375.7],[266,376.4],[266.4,376.5],[266.2,377.6],[265.8,377.9],[266.1,378.3],[266.6,378],[267.2,378.4],[268.2,378.7],[268.5,379],[269.3,379.2],[269.4,379.7],[269.9,379.9],[270.4,380.3],[270.7,381.2],[271,381.4],[271.5,380.4],[272,380.5],[272.1,380.9],[272.6,381.2],[272.8,381.8],[273.1,381.7],[273.7,382.7],[274.1,382.5],[276.1,382.2],[276.5,382.8],[276,383],[275.8,383.5],[276.2,383.8],[277.2,383.2],[277.7,383.8],[277.7,384.3],[278.3,385],[278.7,384.5],[279.4,385],[279,385.7],[279.7,386.2],[280,386],[280.8,386.4],[281.8,387.2],[281.7,387.7],[282.1,388],[282.3,388.8],[282.8,388.8],[283.6,389.9],[284.3,390.2],[284.2,391],[284.6,391.3],[285.1,391.4],[285.4,391],[286.1,391.6],[287.3,391.3],[287.6,392.3],[288.4,393.2],[288.4,394.9],[288.6,396.1],[289.2,396.8],[289.6,396.7],[290.1,397.2],[290.8,397.2],[291,397.5],[291.7,397.4],[291.9,397.9],[291.8,398.6],[292.3,398.6],[292.5,399.2],[292.9,399.6],[293,400.2],[292.8,400.7],[293.4,401.3],[293.2,402.1],[293.7,402.5],[293.6,403.3],[294,403.8],[293.8,404.8],[294.3,405],[293.9,405.8],[294.1,406.9],[293.9,407.3],[294.1,407.9],[293.9,408.3],[294.3,408.6],[294.1,409.4],[294.8,410.4],[294.3,410.6],[294.4,411.2],[294,411.9],[295.2,413.1],[296.2,413.2],[296.2,413.6],[296.6,414],[296.4,414.6],[295.9,414.8],[296.6,415.4],[296.4,415.9],[297.2,416.2],[297.8,417.2],[299.1,418.4],[299.2,419.4],[299,420],[299.7,420.4],[299.6,421.1],[300.5,421.2],[301.5,422.9],[301.9,423.1],[301.6,424],[302,424.6],[302.2,426],[302.7,426.9],[302.5,428.1],[302.3,428.9],[302.3,429.5],[301.9,430],[301.8,430.9],[302,431.4],[301.8,432],[302.1,433.4],[301.5,434.4],[301.1,434.8],[300.7,435.4],[301.3,436.3],[301,436.4],[300.7,437.2],[301.5,437.8],[301.2,438.8],[301.5,439],[301.6,439.7],[301.1,440.5],[301.7,440.8],[301.4,441.7],[302.1,442],[301.6,442.5],[301.4,443.2],[301.7,444.6],[302.6,445.6],[303.2,447.2],[303.9,447.8],[304,448.2],[304,449.1],[304.8,449.5],[305.1,450],[304.4,450.6],[305.1,450.8],[304.9,451.3],[305.4,451.5],[305.8,452.4],[306.2,452.6],[306.5,453.1],[306.5,454],[307.2,454.8],[307.1,455.6],[306.9,455.9],[307.9,457],[307.9,457.6],[307.7,458.3],[308.1,458.5],[308,459.9],[308.7,460.5],[307.9,460.9],[308.4,461.5],[309,462],[309.4,463.9],[309.8,464.4],[310.4,463.9],[310.5,464.3],[311,464.7],[311.5,464.8],[311.7,465.5],[312.5,466.2],[312.8,466.5],[315.7,468.9],[315.9,470],[316.6,471],[317.3,471],[317.6,471.5],[319,472.7],[320,472.6],[321.4,472.7],[321.6,473],[323.4,473.5],[323.8,474],[324.8,474.9],[325,476],[325.9,475.7],[326.3,476],[325.9,477.3],[325.6,477.5],[326,478.1],[326.9,478.7],[326.9,479],[327.6,479.8],[327.4,480.4],[327.6,480.8],[328.2,481.1],[328.6,482.3],[329.1,482.4],[329.6,483.2],[330.2,483.1],[330.8,483.3],[330.8,483.7],[331.6,483.7],[332.4,485.1],[332.9,485.6],[333.4,485.6],[333.8,486],[334.4,486.3],[334.4,486.8],[335.3,487.6],[336.3,488.2],[337.9,488.8],[339.1,489.5],[339.3,489.2],[341.1,489.9],[341.8,489.8],[342.5,490.6],[343.3,490.4],[343.8,491],[344.1,490.7],[344.8,490.8],[345.3,491.1],[345.7,491],[346.8,491.3],[346.9,491.7],[347.4,492],[348.2,491.7],[348.5,492],[348.6,492.6],[349,492.8],[349.6,492.4],[349.9,492.5],[350.3,493.7],[350,493.9],[349.8,495],[350.1,495.5],[350.5,495.5],[350.6,495],[351.2,494.7],[351.4,495],[351.3,495.6],[352,495.5],[352,496.4],[353,497.6],[353.3,498.4],[353.6,498.1],[354.2,498.2],[354.4,498.7],[355,498.7],[355.6,499.1],[356.1,499.1],[356.8,499.5],[357.1,500.1],[358.1,500.3],[358.5,500],[359.5,499.9],[360.3,500.9],[361.2,501.1],[361.6,500.9],[362.6,500.8],[363.1,501.8],[363.4,501.6],[364.4,502.2],[364.4,503.3],[365.1,503.4],[365.7,503.8],[366.5,505.2],[367.3,505.9],[367,506.9],[367.2,507.2],[368.4,506.9],[368.4,507.3],[368.8,507.8],[369.3,507.9],[369.6,508.5],[369.4,508.9],[370.1,509],[370.3,509.3],[370.9,509.3],[371,509.8],[371.9,509.8],[372.1,510.4],[372.6,510.5],[373.5,510.9],[373.8,510.7],[374.3,509.5],[374.5,509.1],[375.3,509.4],[375.4,510.1],[374.9,510.4],[374.7,510.9],[375.4,511.2],[376.2,510.6],[376.5,511.1],[376,511.5],[376.4,512.1],[376.8,511.8],[377.7,512.4],[377.9,513.3],[377.5,513.9],[378,514],[378.5,513.5],[378.9,512.8],[379.5,513.4],[379.7,513.9],[380.4,513.9],[381.1,513.3],[381.4,513.8],[381.8,513.6],[382.4,513.7],[384.4,514.3],[385.3,514.9],[386.4,514.2],[387.4,514.3],[387.7,514],[387.6,513.4],[388.2,512.3],[388.6,512.1],[388.9,511.5],[388.4,510.7],[388.8,510],[388.9,509.2],[389.7,508.8],[390.4,508.1],[390.2,507.5],[390.8,507.2],[391.2,507.3],[391.8,506.8],[392.3,507.2],[393,506.8],[393.4,505.9],[393.8,505.3],[394.3,505.3],[394.3,504.6],[394.6,504.5],[394.7,503.8],[395.1,503.7],[395.5,503],[395.5,502.1],[396,501.5],[396.6,501.4],[397.6,501.9],[398.2,502.1],[399.4,501],[400.3,501.3],[400.6,500.3],[400.5,499.7],[400.9,499.5],[401.4,500.2],[401.7,500.3],[402.7,500],[403.3,499.4],[403.1,498.8],[403.2,498.2],[402.7,497.8],[402.3,497.8],[401.8,497.2],[401.4,497.2],[401.3,496.6],[401.7,496.2],[401.6,495.5],[402.4,494.9],[402.5,494.6],[402.3,493.6],[402.6,492.9],[403.2,491.6],[403,491],[403.4,490.6],[404.4,490.9],[405.3,490.5],[405.4,489.5],[406.1,489.1],[406.1,488.6],[406.6,488],[407.2,488],[407.4,487.7],[406.7,487.5],[406.3,487],[406.7,486.6],[406.4,485.6],[406.6,484.8],[407.2,484.4],[406.9,484.1],[407.1,483.6],[407.7,483],[407.8,482.3],[408.5,482.1],[408.2,481.6],[408.3,480.1],[408.3,479.6],[408.8,479.4],[409.2,479.1],[409.3,478.5],[410.1,478.4],[410.3,477.9],[410.2,477.2],[410.5,476.4],[411,476.5],[411.2,476],[410.9,475],[411.6,474.9],[412.2,475.3],[412.6,474.9],[412.8,473.1],[412.6,472.6],[413.1,472],[413.7,471.9],[413.7,471.5],[414.5,471],[415,470.2],[415.7,469.8],[415.4,469.2],[415.6,468.4],[416.1,468],[416,466.9],[416.6,466.5],[416.9,465.6],[417.4,465.3],[417.7,466],[418.7,466.2],[420.1,466.2],[420.6,465.5],[421.6,465.3],[422.1,465.5],[423.1,465],[423,464.4],[423.6,464.1],[424.1,465.1],[424.1,465.6],[424.5,465.9],[425.5,465.2],[426.6,464.6],[426.8,464.1],[426.3,463.6],[426.6,463.4],[427.6,463.7],[428.2,463.4],[429,464.1],[429.4,463.7],[429.8,464.2],[431.2,464.2],[432,464.8],[432.9,465.1],[434.1,464.8],[433.9,464],[434.6,463.6],[434.6,462.9],[435.2,461.6],[435.6,460.8],[435.6,460],[436.4,459.3],[436.6,458.8],[437,458.4],[437.6,458.9],[438.1,458.7],[438.1,458.2],[438.3,457.8],[439.5,458],[440.3,458.6],[440.8,459.1],[441.3,458.8],[441.7,459],[441.6,459.8],[442.1,459.8],[442.4,459.1],[442.7,459.5],[442.6,460],[443.4,460.3],[443.9,460.8],[444.8,460.6],[445.2,461.1],[445.5,461],[445.8,460.4],[446.4,461],[446.2,461.6],[446.4,462],[446.9,461.9],[447.4,462.7],[447.9,463],[448.3,463.6],[449.1,463.9],[449.7,463.7],[449.8,464.4],[451,464.5],[451.7,464.3],[452.4,464.9],[453.7,465.1],[454.3,464.7],[454.2,464.2],[454.6,463.9],[455.4,464.1],[455.8,464.4],[456.6,464],[457.5,464.4],[457.8,463.4],[458.3,463.4],[458.7,463.8],[458.8,464.4],[459.2,464.8],[459.8,464.4],[460.5,464.8],[460.5,465.6],[460.9,465.7],[461.6,464.8],[461.9,464.8],[463,464.9],[463.8,465.2],[464.4,464.9],[465,464.4],[465.4,464.4],[466.1,465.4],[466.8,465.8],[467.1,465.6],[466.8,464.4],[467.4,464.2],[468.1,464.8],[467.4,465.5],[467.6,466.1],[468.2,466.4],[468.9,466.5],[469.2,465.8],[469.9,466],[470.9,466.7],[471.6,466.7],[472,467.2],[472.8,467],[473.2,467.8],[474.1,467.7],[474.6,467.4],[475,468.1],[475.6,467.6],[476.1,467.5],[476.6,467.9],[477,468.6],[477.7,468.4],[478.1,467.7],[478.9,467.7],[479.4,467.5],[481.1,467.9],[481.4,467.6],[481.4,466.5],[481.8,465.9],[482.6,465.7],[483,465.2],[483.3,465.2],[483.7,466.1],[483.5,466.9],[483.3,468.5],[483.8,468.7],[484.6,468.4],[485.6,468.4],[486.4,467.9],[486.9,467.2],[487.8,466.9],[488.3,467],[488.4,467.5],[488.3,468],[488.5,469.6],[489.3,469.5],[490.8,468.4],[491.5,468.5],[491.4,469.1],[490.5,469.6],[490.5,469.9],[491.5,470.8],[491.3,472],[491.9,472.6],[492.6,473.1],[492.8,473.7],[492.7,474.7],[493.1,475.4],[493.1,476.4],[493.6,476.5],[494.1,475.8],[496,476.1],[496.6,476.6],[496.8,477.4],[496.7,477.8],[496,479.1],[495.9,479.9],[495.9,481.1],[496.2,481.6],[497.1,482.1],[497.9,480.8],[498,478.9],[498.6,478.2],[499,478.2],[499.6,478.7],[499.8,479.1],[499.4,480],[500,482.7],[499.5,483],[498.7,484.5],[498.7,484.9],[499,485.6],[500.1,485.4],[500.6,485.5],[502.6,485.8],[503.7,486.2],[503.8,487],[504.8,488.8],[505.7,489.1],[506.1,488.8],[507,489.5],[507.6,489.4],[508.6,489.5],[509.2,489.9],[510.1,490.3],[510.3,491.5],[511,492.3],[511.3,493.9],[512.2,494.9],[512.6,495.7],[512.5,496.1],[513.1,496.8],[513.6,496.9],[514.9,497.6],[515.4,498.1],[516.2,498.1],[516.6,498.5],[516.7,499],[517.4,499.5],[518,499.8],[519,500.8],[519.8,500.9],[520,501.5],[520.2,502.8],[521,503.1],[521.4,503.2],[522.7,504.2],[523.9,504.2],[523.7,504.7],[524.6,505.1],[524.9,505.6],[524.8,506.6],[525.3,506.6],[526,507.8],[525.9,508.5],[526.3,508.6],[526.4,509.5],[525.8,510.3],[526.5,510.9],[526.8,511.4],[527.9,511.9],[527.9,512.7],[528.5,513.4],[529.5,514],[530.5,514.4],[531,514.7],[531.5,515.4],[532.1,517.2],[532,519],[532.1,520.1],[532.7,522.2],[532.8,523.1],[532.6,523.7],[532.7,524.4],[532.5,524.7],[532.7,525.2],[532.4,525.8],[533.1,527.1],[533.5,527.3],[533.5,527.8],[533,527.8],[533.4,528.7],[534.2,528.4],[534.5,528.9],[535.1,528.9],[535.1,529.9],[535.7,529.8],[535.7,530.2],[535.3,530.4],[535.7,530.9],[535.7,531.5],[536.7,532.5],[536.4,533.4],[536.8,534],[537.2,533.9],[538.2,534.2],[538.2,535],[538.7,535.5],[538.9,536.5],[538.5,537.2],[539,537.9],[538.7,538.5],[539,538.8],[539.4,538.7],[539.8,539.3],[539.7,539.7],[540.2,540],[540.2,541.5],[539.8,542.2],[539.9,543.1],[540.4,545.2],[540.5,545.4],[541.6,545.8],[541.9,546.3],[542.6,546.7],[543.5,546.7],[543.3,548.8],[544.1,549.1],[544.2,549.7],[546,550.5],[546.2,551.2],[545.3,552.8],[545.6,553.9],[546.2,554.5],[546.6,555.4],[548.2,555.9],[549.7,556.4],[549.5,557],[549.1,557.3],[548,557.6],[547.6,558],[548.2,558.8],[549.1,559.8],[549.3,560.2],[549.4,561.1],[548.9,562.3],[548.5,562.8],[548.9,564.1],[549.6,565],[550.3,566],[550.4,566.8],[551.8,568.8],[552,569.2],[551.9,569.8],[551.4,570.9],[551.4,571.3],[552,571.9],[552.9,573.3],[553.4,574],[554.1,574.4],[555.5,574.4],[555.8,575],[556,576.1],[556,577],[569.1,577.4],[576.1,577.6],[591.6,578.1],[598.4,578.3],[599.5,578.3],[604.6,578.4],[604.5,590],[613,589.9],[621.6,589.7],[627.7,589.5],[630.2,589.5],[636,589.4],[639.5,589.4],[639.9,579.8],[640,576.5],[640.2,568.2],[640.4,561.7],[640.5,557.3],[640.6,554.5],[640.7,551.5],[640.8,550],[640.9,543.2],[641.1,533.9],[641.3,525],[641.4,519.9],[641.7,509.7],[642,509.8],[652.1,514.1],[660.4,517.6],[660.8,512.5],[661.2,510.4],[661.1,509.8],[660.4,509.7],[659.7,508.3],[659.5,507.5],[659.7,505.6],[658.7,505.5],[655.8,505.5],[654.7,505.7],[653.5,505.7],[652.7,505.2],[652.4,504.2],[651.2,505.2],[651.2,502.6],[652,502.6],[652.3,502.2],[652.7,502.3],[653.2,501.6],[654.2,502.3],[654.8,502.4],[655.3,502.8],[656,502.3],[656.9,501.1],[656.1,501.1],[656.2,500.2],[655,500],[655,499.6],[653.8,499.6],[651.1,500.2],[651.2,498.2],[651.3,497.9],[652.4,496.5],[651.9,496.4],[650.4,497.1],[650.6,497.4],[650.3,498.2],[650.3,500.1],[650.5,500.4],[649.7,500.7],[646.7,501.4],[646.5,500.8],[646.3,499.8],[646.1,499.5],[646,497.9],[645.4,497.8],[645.4,497.3],[644.9,495.7],[645.7,495.8],[646.8,495.7],[646.8,494.8],[647.2,494.7],[647.3,494.1],[646.4,494.2],[644.7,494.2],[643.5,494],[643.2,493],[643.5,493],[643.9,492.3],[644.2,492.5],[644.9,492.1],[645.6,490.7],[647.3,491.5],[647.7,491],[648.9,491.6],[649.3,491.2],[650.2,492],[652.5,492],[652.6,491.7],[652.1,490.9],[652.3,490.3],[650.9,490.4],[650.4,489.7],[651.1,488.9],[652,487.7],[652.6,487.5],[652.7,485.9],[653.5,485.7],[653.9,485.3],[654.3,486.4],[655.1,487.1],[655.3,488.1],[655.8,489.2],[656.2,489.7],[656.9,490.2],[657.3,490.5],[657.7,490],[656.8,489.1],[658.6,487.2],[658.9,487.5],[659.2,488.2],[659.8,486.7],[659.8,486.2],[660.7,486.3],[660.5,484.7],[660.2,484.2],[660.6,483.7],[660.6,483.1],[660.8,482.8],[661.4,482.8],[662.6,483.4],[663.2,483.1],[663.3,482.3],[663.1,481.4],[663.3,479.8],[663.7,478.9],[663.8,478.2],[663.6,477.8],[662.9,478.1],[662.4,477.6],[661.8,477.9],[660.2,477.6],[659.3,477.1],[658.8,477.2],[658.5,476.6],[657.7,476.5],[657.3,476.1],[657,476.6],[656.1,476.7],[655.9,477.1],[655.4,477.2],[654.6,476.6],[654.4,477.3],[653.6,477.3],[653.5,477],[653,477],[652.1,477.2],[652,476.7],[651.1,476.6],[650.3,477.1],[650.2,477.4],[649.6,477.2],[648.8,477.6],[648.2,477.7],[647.7,478.1],[647.4,477.8],[646.6,478.6],[646,478.4],[645.1,478.3],[644.2,478.3],[639.2,484.1],[635.2,488.7],[634.4,488.9],[633.4,488.7],[633,488.8],[632.4,489.3],[631.8,488.4],[631.8,488],[632.2,487.7],[631.7,487],[632.3,486.1],[632.4,485.2],[632,484.5],[631,484.4],[624.8,484.2],[617.9,483.8],[615.1,483.7],[610.1,483.5],[602.4,483.2],[595.8,483],[587.6,482.8],[587.1,482.8],[579.8,482.5],[571.8,482.2],[572.2,481.7],[571.5,480.3],[571,479.5],[571.5,479.1],[571.8,478.7],[571.2,478.2],[571,477.8],[570.2,477.4],[570.2,476.6],[569.2,476.3],[571.1,475.7],[571.5,475.1],[571.2,474.6],[571.7,474],[571.4,473.2],[571,471.8],[571.4,471.1],[572.3,470.9],[572.2,469.6],[571.9,469.4],[571.6,468.8],[571.7,468.5],[571.4,467.6],[571.5,467.2],[571.9,467.1],[572.2,465.8],[572,465.4],[572,464.8],[572.9,463.9],[573.3,464],[573.4,462.5],[574.2,457.1],[574.4,455.4],[575.3,455.5],[575.8,451.6],[578.7,452],[578.7,452.3],[588,452.7],[588.3,446.8],[588.8,438.2],[581.7,437.9],[578.2,437.8],[567.8,437.3],[568.1,430.2],[568.8,414.9],[569.1,407],[569.3,402.7],[569.7,393.4],[570.2,383.9],[562.6,383.5],[555.6,383.2],[548.6,382.9],[540.9,382.6],[526.5,382.1],[519.4,381.8],[512.2,381.6],[503.6,381.2],[504.6,366.8],[505.3,356.4],[505.8,349.2],[506.2,342.8],[500,342.5],[486.7,341.7],[479.9,341.3],[471,340.7],[463.3,340.2],[450.9,339.4],[443.6,339],[434.1,338.3],[430.5,338.1],[419,337.2],[419.7,329.3],[420,324.2],[420.6,315.4],[421.1,308.1],[420.9,308],[417.9,307.8],[409.7,307.2],[406.1,306.9],[405.6,312.8],[397.1,312.1],[388,311.4],[379.1,310.7],[368.5,309.9],[361.7,309.3],[347.2,308.1],[336.4,307.2],[328.7,306.5],[319.4,305.6],[310,304.8],[309,304.9],[304.7,304.3],[295.9,303.5],[287.8,302.7],[282.3,302.2],[274.1,301.3],[261.8,300.1],[251.8,299],[245.3,298.3],[235,297.2],[223.9,296],[210.6,294.6],[210.6,295.1],[210.9,295.8],[210.8,296.3],[211.2,296.8],[211.2,298],[210.9,300.2],[211,300.7],[212.2,300.8],[212.2,299.8],[214.2,300],[214.2,299.4],[215,299.5],[216.1,299.5],[216.5,300.2],[218.2,300.5],[215.5,304.3],[215,305.2],[214.8,306.7],[215.7,306.9],[216.1,306.6],[217.6,306.9],[217.9,305.8],[218.6,305.1],[219.5,304.7],[220.3,306.9],[222.9,308.3],[223,307.8],[225.2,308],[225.2,309.1],[227,309],[226.7,312.3],[226.3,315.9],[227.3,316],[227.2,317],[228.2,317.1],[228.1,318.1],[229.1,318.2],[229.1,318.5],[228,318.4],[227.2,318.1],[227.1,318.9],[226.6,318.9],[227.1,320],[226.8,320.9],[225.9,320.8],[225.6,322.8],[225.8,322.9],[227.6,323],[227.5,323.8],[226,323.8],[225.8,323.4],[225.3,323.7],[225.1,323.4],[225.5,323.1],[225.3,322.6],[224.8,322.9],[224.3,321.9],[222.9,322.2],[222.3,321.2],[222,321.4],[219.6,317.3],[218.2,317.8]]]}},{"type":"Feature","properties":{"st":"TX","district":24,"name":{},"label_x":742.4,"label_y":267.2},"geometry":{"type":"Polygon","coordinates":[[[740.2,273.8],[740.7,273.8],[740.7,273.3],[742,273.4],[743,273.3],[744.6,272.9],[744.6,272],[746.8,272],[746.8,271],[747.8,271.1],[749,271],[749,269.7],[749.4,268.9],[749.9,268.8],[750,268.1],[750.4,267.6],[751.3,268.7],[751.7,268.3],[750.8,267.3],[750.8,266.7],[749.8,266.3],[749.8,265.4],[750.2,265.4],[750.4,265.9],[751.3,266.2],[751.4,266.7],[751.9,266.8],[752.6,266.3],[752.6,265.8],[750.6,265.2],[750.7,263.8],[751.3,263.3],[752,263.1],[752.5,263.5],[752.8,263.4],[753.5,263.7],[753.7,264.7],[753.9,264.8],[753.8,265.9],[755.8,265.1],[755.7,264],[755.3,263.2],[756.4,262.6],[756.7,263.2],[757.6,263.3],[757.4,264.2],[756.4,264.3],[756.4,265.9],[756.9,266.1],[758.4,265.7],[758.3,268.2],[758.9,268.2],[758.7,268.9],[758.8,269.3],[758.4,269.6],[759.2,270.2],[760.3,270.2],[760.4,272.1],[762.2,272.2],[762.9,270.6],[763.1,269.8],[763.1,268.8],[763.5,268.8],[764,268],[765.4,268.4],[765.2,269.4],[765.5,269.8],[766.4,269.4],[767.1,269.4],[767.1,268],[766.4,267.3],[765.7,267.5],[765.5,267.3],[765.6,266.5],[765.1,266.2],[765,266.9],[764.3,266.9],[763.8,267.9],[762.8,267.6],[762.6,267.1],[762.1,266.9],[762.3,266.2],[762.9,266.2],[762.8,265.5],[763.2,265.3],[763.3,264.3],[762.9,263.5],[765.2,263.5],[765.6,262.8],[765.2,262.5],[765.2,261.8],[764.9,261.7],[762.7,261.6],[762.3,262.7],[761.3,262.7],[761.3,265.2],[759.7,265.1],[758.4,265.2],[758.4,264.2],[760.3,264.2],[761,263.8],[761.1,263.3],[759.8,263.3],[758.7,263.1],[758.5,262.2],[757.9,262.1],[757.9,261.1],[757.3,261.1],[757.2,261.5],[756.5,261.8],[754.7,261.7],[753.7,260.8],[744.2,260.7],[733.5,260.4],[733,261.5],[732.9,263.4],[732.5,264.8],[732.5,266.4],[734,266.5],[733.9,269.2],[734.5,269.2],[734.7,269.7],[734.7,270.7],[736.8,270.7],[736.8,271.8],[738.6,271.8],[738.3,272.1],[738.3,273.1],[738.8,272.9],[739.7,273],[740.2,273.8]]]}},{"type":"Feature","properties":{"st":"TX","district":25,"name":{},"label_x":675.4,"label_y":287.3},"geometry":{"type":"Polygon","coordinates":[[[600.5,318.3],[607.9,318.7],[622.1,319.1],[624.3,319.3],[629.4,319.4],[636.2,319.7],[636.4,319.7],[640.5,319.9],[643.9,326.2],[648,333.8],[648.1,334.1],[654.3,345.7],[658.5,345.1],[664.4,344.4],[666,347.1],[674.1,342.5],[678.3,340],[683.7,336.9],[680.9,331.8],[686.1,328.9],[693.7,324.6],[700.6,320.8],[706.7,317.3],[710,315.3],[714,312.9],[714.3,313.2],[715.8,313.2],[716.2,313.5],[716.4,314.1],[715.8,314.7],[716.2,315.2],[717.1,314.8],[717.4,314.9],[717.8,316.1],[717.5,316.9],[718.3,316.9],[719.4,317.6],[720.5,318],[720.9,317.6],[720.7,317.1],[720.7,316.2],[721.8,315.9],[722.1,315.5],[722.8,315.4],[722.8,314.8],[728.4,313.4],[734.5,311.9],[733.6,310.3],[733.5,309.7],[733.7,308.8],[733.1,307.7],[733,307.2],[734.6,306.1],[733,303],[733.3,302.6],[732.6,301.3],[732.6,301],[733.2,300.8],[733.1,298.6],[733.2,298],[734,297.8],[733.2,297],[733.4,296.7],[735.3,295.6],[735.5,295.9],[736.4,295.4],[736,294.2],[735.7,293.8],[735.3,292.5],[736.3,291.8],[736.6,291.2],[737.4,290.8],[736.9,290.1],[740,290.2],[740.2,289.4],[740,288.9],[739.4,288.4],[741,287.5],[741.6,287.5],[742,286.2],[742.9,286.2],[743.5,286.4],[744.4,285.9],[744.5,285.4],[745.2,285],[745.1,284.2],[745.9,284.2],[745.8,283.1],[745,282.7],[745,282.2],[744.6,280.8],[743.6,280.8],[743.7,279.6],[743.2,279.6],[743.2,278.8],[744.4,278.8],[744.2,278.4],[744.7,278],[744.7,277.6],[745.5,277.4],[745.9,277],[746.6,276.9],[746.6,276.2],[748.2,276.2],[748.2,274.9],[746.7,274.9],[746.7,273.7],[746.1,274.1],[745.6,274.6],[744.3,274.2],[743.1,274.9],[742.3,274.8],[742.3,275.3],[741.8,275.3],[741.7,276.2],[741,276.4],[740.9,277.1],[740.4,277.4],[740,278.1],[738.5,278.3],[738,279.1],[738,279.7],[737.6,280.2],[736.8,280.3],[736.6,280.7],[736.4,283],[735.9,283],[735.8,284.7],[734.9,285.2],[734.9,285.7],[733.9,285.7],[733.9,286.1],[733.5,286.5],[732.3,286.5],[732,286],[732,282.7],[732,282.3],[731.1,282.5],[730.2,282.2],[730.2,283.5],[729.8,283.5],[730,284.9],[729.4,285.1],[729.4,285.5],[730.3,285.8],[730,286.3],[730,287.1],[729.5,289.9],[724.4,289.7],[722.2,289.6],[719,289.6],[719.2,280.8],[719.4,274.7],[718.7,274.3],[717.6,274.3],[717.6,273.9],[716.6,274.1],[715.2,274],[714.8,273.8],[714,273.9],[712.3,273.9],[712.7,275],[712.3,275.3],[712.2,276.4],[712.6,278.1],[712.1,278.4],[712.1,279.4],[713.1,279.6],[713.5,280.3],[715.5,280.3],[715.5,279.1],[716.2,279],[716.2,279.7],[716.8,279.8],[716.8,281.2],[717.1,281.7],[717,283.7],[717.5,284.1],[717.5,285.9],[716.5,285.5],[715.4,284.5],[713.4,283.8],[712.8,283.1],[712.3,282.9],[711.8,282.9],[711.2,282.1],[710.6,282.1],[710.6,281.5],[710.1,280.9],[708.6,280.1],[708,279.9],[707.1,279.9],[706.6,279.3],[706.2,278.6],[703.6,278.6],[702.6,278.4],[702.3,277.7],[700.4,277.7],[699.4,278.1],[698.6,278.3],[694,280.1],[692,281.6],[691.6,282.8],[690.1,283.5],[690.4,275.9],[690.7,270.1],[691.1,258.9],[698.7,259.2],[698.9,252.6],[699.2,241.7],[699.2,239.9],[699.4,230],[696.1,230],[696.1,227.7],[687.9,227.6],[680.5,227.4],[671.4,227.2],[671.4,231.9],[660.1,231.7],[653,231.5],[648.1,231.2],[641.6,231],[641.6,232.9],[641.4,241.2],[641.1,253.4],[640.9,260.7],[632.7,260.4],[632.3,275],[631.8,290.2],[623.1,289.9],[614.8,289.6],[614.5,290.2],[614,290.6],[613.5,292],[613.1,292.3],[612.1,292.5],[611.4,293.4],[611.3,296.7],[610.7,296.6],[608.9,296.5],[608.9,296.3],[601.5,294.4],[601.2,300.8],[600.9,307],[600.5,316.2],[600.5,318.3]]]}},{"type":"Feature","properties":{"st":"TX","district":26,"name":{},"label_x":738.7,"label_y":228.7},"geometry":{"type":"Polygon","coordinates":[[[724.2,198],[723.9,208.8],[723.8,217.5],[723.6,224.2],[723.5,230.5],[729.3,230.6],[729.3,230.8],[738.4,231.3],[738.5,232.8],[738.4,234.6],[738.5,234.6],[738.5,236.4],[738.3,236.6],[738.2,238],[738.6,238.5],[739.3,238.2],[741.1,238.1],[741.6,237.7],[741.9,238],[742.3,237.6],[742.9,238],[743,239],[743.6,239.7],[744.4,240.8],[745.2,241.3],[745.9,240.8],[746.7,241.2],[747.3,241.3],[747.3,242.1],[747.8,242.2],[748,241.9],[748.5,242.9],[748.5,244.1],[748.8,245.4],[749.3,246.6],[749.4,248.1],[748.1,247.8],[746.9,248.5],[746.8,249],[745.8,249],[745.3,249.3],[745.4,250.1],[745.1,250.3],[745,251.1],[744,251.1],[743.5,250.8],[743.6,249.5],[743.4,248.9],[743.4,248.1],[742.5,248.1],[742.7,247.7],[742.6,246.1],[741.5,245.7],[741.4,245.2],[739.5,245.1],[738.4,245],[736.8,245],[736.1,244.8],[735.9,245],[732.7,245],[732.7,244.8],[730.7,244.7],[730.3,245.2],[729.6,245],[728.6,245],[728.7,243.2],[727.4,242.9],[725.9,243],[725.3,243.2],[722.2,243.2],[721.2,243.4],[718.8,243.4],[718.1,243.1],[717.4,243.1],[716.5,243.8],[715.7,244],[713.4,244],[712.6,243.8],[710.8,244],[710.3,244.3],[710.3,245],[709.5,245],[709,245.4],[709,246.4],[708.8,246.6],[708.2,246.6],[708.2,246],[707.5,245.9],[707.1,245.6],[706.8,244.8],[705.5,245.9],[704.2,247.1],[704.1,248.1],[704.3,248.4],[704.3,249.4],[703.1,249],[702.3,251],[702.2,251.6],[699.7,251.5],[699.4,251.8],[699.2,252.5],[698.9,252.6],[698.7,259.2],[708.1,259.6],[714.5,259.9],[719.5,260],[725.3,260.3],[732,260.4],[731.1,261.3],[732.2,261.4],[732.7,261.7],[733,261.5],[733.5,260.4],[744.2,260.7],[753.7,260.8],[755.4,260.9],[755.4,260.2],[756,260.2],[756.3,259.8],[756.7,260.5],[757.9,259.9],[757.9,259.3],[759.1,259.4],[759.4,249.9],[758.6,249.8],[757.8,250.9],[757.3,251.1],[757,250.5],[756.5,250.4],[756.6,251.1],[755.8,251.5],[754.8,251.1],[754.8,250.6],[755.2,250.6],[755.4,249.7],[756.1,249.7],[756.6,249.9],[756.6,249.1],[757,249.1],[757.1,248.1],[756.8,248.1],[756.8,247.3],[757.2,246.4],[756.6,246.1],[756.4,245.8],[756.8,245.3],[759.5,245.4],[759.9,232.8],[759.5,232.3],[757.6,232.3],[753.8,232],[753.8,226.8],[753.9,218.1],[754,207.6],[754,201.1],[754.1,196.1],[752.5,197],[752.1,196.6],[752.2,195.7],[751.7,195.7],[751.2,196.5],[751.3,197.4],[751.6,198.2],[751.9,200],[751.1,201.3],[750.4,202.1],[749.7,203],[748.7,203.6],[748.4,203.4],[747.8,202.3],[747.1,202],[746.1,202.5],[745.9,203.1],[746.3,203.3],[747.7,203.6],[748.2,204.2],[748.2,204.9],[746.8,205.2],[745.8,205.8],[745.7,206.9],[746.1,208],[746.2,209.3],[746.1,209.9],[745.5,210.8],[744.7,211.5],[744,211.6],[742.9,211.4],[742.3,211.1],[741.7,210.7],[741.2,210.1],[740.9,209.1],[740.2,208.6],[740.5,208],[740.3,207.3],[739.8,206.5],[739.5,205.8],[739.5,204.8],[740.1,203.9],[740.9,203.9],[741.7,203.3],[741.6,202.2],[741.1,200.8],[741,199.8],[740.7,199.2],[739.2,198.2],[738.3,198.3],[737.4,199],[737.1,200.9],[736.8,201.7],[735.8,201.8],[735,201.2],[733.9,200],[733.5,201.4],[732.9,202.1],[732.5,201.6],[733,200.7],[732.6,200.2],[732.3,200.8],[732.1,201.9],[731.1,203.8],[730.1,204.6],[729,204.5],[727.2,204.6],[726.2,204.2],[725.5,203.5],[725.2,202.9],[725.9,201.1],[726,199.6],[725.6,198.9],[724.2,198]]]}},{"type":"Feature","properties":{"st":"TX","district":27,"name":{},"label_x":748.6,"label_y":535.1},"geometry":{"type":"Polygon","coordinates":[[[736.6,624],[739.1,619.2],[743.6,612],[745.4,609.8],[746.1,609.6],[747.2,608.9],[747.6,608.4],[749.1,603.7],[750.4,602],[752.2,599.8],[754.2,597.4],[756.1,595.4],[757.8,593.9],[762,590.2],[766.8,586.3],[769.6,584.2],[773.3,581.8],[774.8,580.8],[781.1,577.7],[782.9,577],[783.7,571],[783.8,570.6],[784.4,567.2],[787.3,552.7],[787.3,550.5],[787.7,542.2],[788.1,534],[788.2,531.3],[779.6,522.9],[777.6,520.9],[770.4,513.7],[768.8,512.2],[767.7,511.1],[773.5,506.4],[769.8,501.8],[766.1,497.5],[764.3,495.3],[760,490.1],[757.7,490.1],[757.4,489.7],[757.7,488.9],[757,487.9],[757.1,487.4],[756.2,486.9],[755.8,486.3],[748.2,486.4],[746.7,486.4],[739.6,486.5],[740.3,485.5],[736.2,481.8],[732.1,478.2],[729.5,475.9],[736.8,468.5],[736.9,466.8],[737.3,466.1],[738.4,463.4],[738.5,461.2],[738.9,460.4],[738.7,459.4],[737.9,458.5],[736.6,458],[735.7,457.1],[734.6,456.6],[734,455.9],[732.9,455.3],[732.5,454.9],[731.4,454.5],[731.3,455],[731.9,455.9],[731.6,456.9],[731,456.9],[729.8,456.1],[729.2,456],[728.2,456.3],[727.9,455.4],[728.4,455.1],[728.7,455.1],[729.5,454.9],[729.6,454.2],[728.6,453.2],[727.9,453.3],[727.5,453],[727,451.8],[726.7,451.6],[726.8,451.1],[727.5,451.5],[728,451.5],[728.2,450.9],[728.1,450.2],[727.2,450.6],[726.4,450.6],[726,450.4],[726.4,449.2],[725.8,449.1],[725.5,448.8],[725,449],[725.3,449.8],[724.5,450.6],[723.8,450.8],[723.2,451.5],[722.6,451.8],[722,451.3],[723.1,449.6],[723.7,449.1],[723.7,448.7],[723.3,448.6],[721.7,449.1],[721.1,449.1],[720.2,448.6],[720,448],[720.3,447.5],[719.9,447.1],[719.8,447.2],[712.9,454.2],[711.1,455.9],[710.5,456.6],[710.3,456.3],[707.1,459.5],[704.8,461.3],[703.9,461.9],[703.7,462.4],[702.9,463.5],[702.4,463.9],[702,464.7],[701.4,464.9],[700,465.7],[698.6,466.6],[696,468.7],[695.7,470.4],[696.2,470.5],[696.5,470.1],[697.1,470.4],[697.7,470.5],[698.6,471.4],[699,472.7],[698.9,474.4],[699.7,474.8],[699.5,475.4],[699.7,475.6],[700.5,475.7],[701.1,476.6],[701.8,477.1],[702.4,477.1],[702.5,477.9],[703.1,478.5],[703,478.9],[703.7,479.4],[703.2,479.8],[703.5,480.2],[703.8,479.9],[704.4,480.4],[704.9,480.3],[705,480.8],[705,481.7],[705.8,482.1],[705.8,482.4],[706.8,482.3],[706.9,483.2],[707.8,483],[708,483.6],[708.6,483.7],[709.2,483.4],[709.8,484.2],[711,484.6],[705.9,492],[704.2,494.5],[703.7,495.3],[697.4,504.2],[701,508.5],[703.6,511.7],[711.5,520.8],[710.5,521.5],[703.6,527.1],[703,527.5],[710,536.2],[713.5,540.6],[707.9,544.9],[701.2,550.1],[700.7,549.6],[700.3,549.7],[698.5,549.9],[698.4,549.6],[697.9,549.2],[695.8,548.6],[694.2,547.4],[694,547],[693.2,546.5],[688.1,548.3],[682.8,550.1],[688.3,561],[690.6,565.8],[695,574.7],[696.6,577.9],[698.8,582.4],[693.1,586.9],[693.4,587],[693.4,587.9],[692.9,588],[693.2,589.5],[693.2,590],[693.5,590.5],[694.2,590.5],[695.2,591.8],[695.6,592],[696.9,592.3],[697.8,592],[698.8,591.9],[699.4,592.6],[699.7,593.4],[699.3,593.9],[699.2,594.9],[693.2,600.2],[691,602.1],[690.9,609.4],[690.5,614.8],[690.2,618.7],[690.8,619],[691.4,619.6],[692.6,619.7],[693.4,619.9],[693.4,620.1],[694,620.6],[694.2,622],[695,622.4],[695.5,622.9],[695.8,623.5],[696.2,623.6],[696.2,624],[698.8,624.1],[708,624.2],[710.1,624.1],[715.4,624.3],[723.1,624.4],[727,624.4],[732,623],[733.2,623.4],[736.6,624]]]}},{"type":"Feature","properties":{"st":"TX","district":28,"name":{},"label_x":622.8,"label_y":596},"geometry":{"type":"Polygon","coordinates":[[[556,577],[556.2,577.4],[556.9,577.5],[558.2,578.2],[558.5,578.8],[559.1,579.1],[560.2,579.1],[561.4,580],[563.3,580.6],[563.5,580.8],[563.8,581.9],[564.5,583],[565,583.7],[564.9,584.2],[565.1,584.9],[565.5,585.3],[566.6,585.7],[567.1,586.2],[567.4,588.1],[567.8,589.4],[568.7,591.1],[570.2,591.8],[572.1,592.1],[572,593],[571.6,593.9],[571.6,594.8],[572.3,595.1],[572.3,595.7],[572.8,596.3],[573.8,596.7],[574.1,597.6],[574.1,598],[573.6,598.6],[573.4,599.2],[573.6,599.9],[574.2,600.6],[574.7,601],[575,601.5],[574.9,602.4],[575.1,603.4],[574.8,604.2],[575.1,604.6],[576.5,604.8],[576.8,606.4],[577.4,606.8],[578,606.6],[578.2,606],[578.6,606.2],[579,607.2],[579.2,608.3],[579.8,609],[580.1,609.1],[581,609],[581.5,609.7],[581.7,610.4],[582.8,611.7],[583.7,613.1],[583.8,613.6],[584.8,614.3],[585.1,614.3],[585.6,613.5],[585.9,614],[586.9,614.1],[587.3,614.4],[587.5,614.9],[587,615.7],[587.7,616.1],[588.6,616.4],[589.4,616.2],[589.4,615.6],[589.7,615.3],[590.1,615.7],[590.8,615.4],[591.3,615.7],[591.4,616.3],[592.3,617],[592.2,618.1],[593.2,617.8],[593.6,617.4],[594.4,618],[595,619.7],[595.8,620.3],[596.1,620.8],[595.6,621.5],[595.4,622.1],[595.1,624.4],[594.9,625.1],[596.8,625.1],[597.7,625.9],[597.8,626.6],[597.3,627.8],[596.8,628.4],[596.7,629.2],[597.1,630.9],[596.8,632.2],[596.8,633.1],[596.4,633.6],[595.8,634.9],[596,635.8],[595.8,636.1],[594.9,636.7],[594.3,636.8],[593.9,637.2],[594.4,637.9],[594.8,638.1],[596,638],[596.4,638.2],[596.8,638.8],[596.8,639.2],[596.3,640.2],[596.5,640.8],[597.2,641.1],[598.1,640.6],[598.9,640.9],[599.5,641.9],[599.5,642.8],[599.2,643.5],[599.3,643.9],[600,644.6],[599.9,644.9],[600.3,646.7],[600,647.9],[599.4,648.4],[599.5,648.8],[599.9,649.4],[599.9,650.2],[599.1,651.4],[599.8,652.2],[599.5,653.3],[598.5,654],[598.4,654.4],[598.8,655.9],[598.7,656.9],[599.3,657.7],[599.6,657.8],[600.5,657.4],[600.9,657.9],[601.2,658.7],[602.1,659.8],[602.7,660],[602.7,660.4],[601.8,661],[601.7,661.4],[602,662.3],[602.5,663],[603.2,663.4],[605,663.8],[605.8,664.3],[605.9,664.9],[605.4,666.7],[606.1,667.7],[607.4,667.7],[608.3,668.3],[609,669.3],[609.3,671.1],[610.4,673],[610.5,675.8],[612.3,677.3],[612.2,679.3],[612.7,681.9],[614,684.2],[614.5,688.3],[614.2,689],[614.5,689.9],[615.9,690.5],[616.8,690.7],[617.3,691.2],[618.1,692.4],[618.8,694.2],[618.3,695.1],[618.2,696.2],[617.5,696.8],[617.6,697.3],[618.9,698.5],[619.3,699.3],[620.5,699.3],[621.5,698.5],[622.1,698.3],[623,698.7],[623.6,699.7],[625,699.8],[625.8,699.2],[626.6,699.4],[627.1,699.8],[626.9,700.8],[627.4,701.3],[628.1,701.2],[628.1,700.3],[628.6,699.8],[628.9,699.9],[628.9,700.5],[629.2,701.1],[630.2,701.3],[630.2,702.1],[630.5,702.5],[632.6,701.7],[633.2,701.9],[633.8,702.2],[635.1,701.5],[635.4,701.8],[635.9,701.6],[636.4,702.2],[636.5,702.8],[637,703.7],[636.9,704.2],[637.5,704.5],[638.4,704.6],[638.9,704.3],[639.3,704.3],[639.6,705.3],[640.1,705.6],[640,706.1],[639.2,705.8],[638.9,706],[639.2,706.6],[639.6,706.7],[640.3,706.4],[640.9,706.7],[641.2,707.2],[641.7,707.1],[642.2,707.3],[641.9,707.9],[641.2,707.9],[641.1,708.3],[642.2,708.7],[643,708.7],[643.4,709],[643.6,710.3],[644.3,710.8],[644.9,710.7],[645.7,710.4],[646.2,710.3],[646.3,709.7],[646.9,709.2],[647.5,709.7],[648.3,709.4],[649.1,709.4],[651.8,704.1],[655.6,696.3],[656.1,695.5],[657,693.5],[661.3,685.3],[666.1,675],[660,674.8],[660.1,669.8],[660.2,668.6],[660.5,660.4],[660.7,656.7],[657.8,656.7],[657.9,650.9],[656.3,650.8],[656.5,644.6],[655.7,644.4],[655.5,643.6],[654.2,643.3],[653.9,642.6],[664.3,642.9],[672.2,643.2],[672.5,628.3],[672.7,619.6],[672.8,613.8],[672.8,613.3],[673,605.6],[673.2,594.4],[673.3,590.2],[667.4,590.1],[667.6,582.2],[667.8,574.3],[667.9,570],[668.1,560.6],[668.3,553.1],[679.5,544.2],[681,543],[682.5,541.8],[681,539.9],[678.5,536.7],[677.6,535.8],[673.8,530.9],[672.7,529.4],[664.8,519.5],[666.9,516.8],[672.1,510.1],[681.2,498],[681.7,497.7],[682.1,498.4],[683,497.9],[683.3,497.2],[683.8,497.9],[684.3,498.1],[684.5,498.5],[684.9,498.3],[685,496.4],[685.8,496.2],[686.4,495.7],[686.8,495],[685.7,492.5],[685.1,491.4],[686.7,490.9],[688,489.7],[687.3,489],[687.5,488.6],[687.2,487.9],[687.9,486.9],[687.9,486],[686.7,486.2],[686.9,484.9],[686.2,484.7],[686.2,484.1],[685.7,483.9],[685.4,483],[685.9,482.5],[685.4,481.9],[685,482.2],[684.9,482.6],[684.4,482.8],[684.1,482.6],[684.3,481.8],[682.6,482.6],[677.7,484.8],[675.2,485.8],[671.3,487.5],[671.7,488.2],[670.7,488.6],[669,490.1],[669.7,491.2],[668.7,491.7],[669.1,492],[669.1,492.6],[669.8,492.8],[670.7,492.7],[671,492.5],[671.7,491.5],[672.5,493],[672.4,493.6],[674.3,492.6],[675,492.5],[676.2,494.7],[672.2,496.1],[670.4,496.6],[666.4,498],[666.4,498.8],[665.1,498.7],[661.8,498.6],[661.1,498.5],[661,500.1],[660.4,500.5],[660.3,500.8],[660.6,502.3],[659.6,502.5],[659.5,504.7],[659.7,505.6],[659.5,507.5],[659.7,508.3],[660.4,509.7],[661.1,509.8],[661.2,510.4],[660.8,512.5],[660.4,517.6],[652.1,514.1],[642,509.8],[641.7,509.7],[641.4,519.9],[641.3,525],[641.1,533.9],[640.9,543.2],[640.8,550],[640.7,551.5],[640.6,554.5],[640.5,557.3],[640.4,561.7],[640.2,568.2],[640,576.5],[639.9,579.8],[639.5,589.4],[636,589.4],[630.2,589.5],[627.7,589.5],[621.6,589.7],[613,589.9],[604.5,590],[604.6,578.4],[599.5,578.3],[598.4,578.3],[591.6,578.1],[576.1,577.6],[569.1,577.4],[556,577]]]}},{"type":"Feature","properties":{"st":"TX","district":29,"name":{},"label_x":852.5,"label_y":476.7},"geometry":{"type":"Polygon","coordinates":[[[853.8,470.4],[852.9,469.3],[852.8,468.4],[853,467],[852.9,466.6],[852.3,466.2],[850.1,466.2],[850.2,464.3],[849.1,464.8],[848.8,464.1],[848.1,464.1],[847.4,465.8],[844.3,465.9],[843.7,465.9],[843,465.3],[842.2,465.3],[841.6,465.5],[840.9,465],[840.3,464.8],[840.2,464.2],[837.6,464.2],[837.6,465.5],[837.9,466.1],[836.5,466.1],[836.7,467.8],[837.3,468.3],[838.4,469.6],[840.1,469.4],[840.8,470.4],[840.5,470.7],[840.5,471.8],[840.8,472.7],[841.2,472.5],[841.3,473.1],[842.3,473],[843,474.7],[842.5,474.7],[842.1,475],[842.1,475.9],[843,475.9],[843,476.5],[843.4,477],[844.3,476.9],[844.6,475.7],[844.2,473.9],[845.1,473.9],[846.8,469.1],[846.1,469.1],[846.6,467.9],[847.6,467.5],[849.2,467.5],[850,467],[850.4,467.2],[850.9,468.1],[850.6,468.6],[851,469.3],[850.9,470.5],[851.4,471.4],[851.4,472.1],[851.1,472.6],[851.3,472.9],[851.3,473.6],[848.4,475],[849,475.6],[849.4,476.5],[849.3,477.2],[849.8,477.3],[849.9,478],[850,479.7],[849.8,479.7],[848.4,478.7],[848.5,477.5],[848.2,477.4],[848.2,476.4],[847.9,476],[846.6,476.1],[846.5,477.5],[846.1,478.2],[845.5,478.1],[844.8,479.2],[844.9,479.5],[845.7,482.2],[846.8,481.5],[847.8,482],[849.4,483.7],[850.4,485.5],[849.4,485.7],[849.4,486.4],[848.6,486.5],[848.6,487.8],[848.2,487.2],[847.1,487.2],[847.5,488.8],[848,488.7],[848.7,488.9],[849.3,489],[849.7,489.3],[850,489.6],[850.6,489],[850.2,488.7],[850.8,488.1],[852.2,488.2],[852.3,488.6],[852.9,489.1],[853.3,489.5],[853.7,489.1],[853.3,488.6],[854,487.9],[852.5,486.1],[852.7,485.8],[852.1,485.3],[852.7,485.2],[853,484.6],[853.5,484.6],[853.6,483.3],[854.5,483.4],[854.7,483],[855.2,483.1],[855.2,482.6],[854.8,482.3],[854.7,478.7],[854.1,477.8],[854.2,477.4],[855.3,477.3],[856.1,477],[855.6,477],[855.8,476.2],[856.3,475.9],[856.5,475.3],[856.4,474.1],[857.3,473.8],[857.3,472.7],[856.4,472.6],[856.4,472],[854.5,472.9],[853.9,472],[853.8,470.4]]]}},{"type":"Feature","properties":{"st":"TX","district":30,"name":{},"label_x":763.2,"label_y":280.2},"geometry":{"type":"Polygon","coordinates":[[[758.4,269.6],[757.6,270.5],[758.7,271.1],[759.1,271.6],[758.5,272.1],[757.9,272.1],[757.3,272.7],[757.3,275],[758.2,275],[758.3,274],[758.6,274],[759.9,274.8],[760.1,275.7],[758.9,276],[758.1,276],[757.8,276.4],[758.2,277],[759.6,276.8],[760,276.4],[760.8,276.4],[760.9,277],[760.6,277.7],[760.1,278.1],[759.3,278.3],[759.3,279],[760.6,278.9],[760.6,279.9],[759.7,279.8],[757.9,280],[756.7,279.9],[756.1,280.6],[754.9,278.9],[753.6,278.9],[752.9,279.1],[752.4,280.2],[751.9,280.7],[751.3,279.9],[750.5,279.6],[750.5,278.9],[749.7,278.7],[749.7,279.6],[748.1,279.5],[748.1,280.7],[747.6,280.7],[747.6,279.8],[746.6,279.8],[746.6,280.8],[745.6,280.8],[745.6,281.7],[746.6,281.7],[746.6,283.5],[746.3,284.8],[746.1,285.1],[746.6,286.1],[747,286.6],[747.5,287.5],[746.6,288],[747,288.8],[747,289.4],[747.4,289.7],[746.9,290.2],[747,290.4],[752.5,290.5],[764.5,290.7],[776.6,290.9],[775.9,290.9],[775.3,290.3],[774.7,290.2],[774.5,289.5],[773.7,288.7],[773.3,287.4],[773.2,286.8],[771.6,286.4],[771.4,286],[772.8,284.7],[773.6,283.7],[773.2,283.2],[773.3,282.5],[774,281.8],[774.7,281.7],[775.1,281],[774.7,280.4],[774,280.2],[771.8,280.4],[770.9,281.1],[769.9,280.4],[769.9,279.1],[769.4,279.1],[769.3,278.1],[768,278.1],[768,276.4],[767,276.1],[767,275.2],[766.3,275.1],[765.1,275.2],[763.7,274.9],[764,274.5],[763.2,273.7],[762.8,274.1],[761.9,273],[762.2,272.2],[760.4,272.1],[760.3,270.2],[759.2,270.2],[758.4,269.6]]]}},{"type":"Feature","properties":{"st":"TX","district":31,"name":{},"label_x":705,"label_y":370.2},"geometry":{"type":"Polygon","coordinates":[[[708.8,426.7],[708.6,425.1],[708.6,423.7],[710.2,423.1],[710.3,423.8],[710,423.9],[710.2,424.5],[710.7,424.6],[710.9,425],[710.9,425.7],[710.6,426.4],[711.2,426.3],[711.7,427],[712.4,427.2],[714.5,427.1],[714.5,426.5],[713.8,426.4],[713.8,425.7],[714.9,425.2],[714.9,426],[715.6,426],[715.5,426.6],[716.3,427],[716.8,426.2],[717.5,426.6],[717.9,426.1],[718.2,424.6],[720.7,424.2],[720.3,426.5],[720.6,426.3],[721.2,426.4],[721.4,425.3],[724.1,425.8],[723.6,426.7],[724.5,426.9],[724.8,425.6],[725.3,425.6],[725,424.6],[726.6,424.5],[726.6,423.8],[727.2,423.6],[726.9,422.9],[727.6,422.6],[732.6,421.6],[736,420.6],[735.8,420],[733.2,412.2],[730.6,411],[731.7,407.9],[733.9,401.8],[734.4,401.5],[744.9,395.5],[741.8,390.2],[736.3,380.9],[733.2,375.6],[729.4,378],[725.2,372.8],[720.6,364.9],[715.4,355.7],[714.8,354.6],[716.3,353.9],[718.2,352.8],[722,350.8],[722.3,350.5],[729,346.9],[733.7,344.3],[731.8,343.2],[731,342.1],[730.9,341.4],[731.9,340.6],[732.8,339.5],[733.5,339.1],[733.8,338.4],[733.5,337.7],[732.3,337.4],[731.8,337.4],[730.9,337.8],[730.1,337],[728.9,336.2],[727.8,335.8],[727.6,335.3],[727.8,334.9],[728.9,334.8],[729.1,334.5],[726.9,333.2],[726.1,333.2],[725.5,332.2],[725,332.1],[724.6,331.5],[725.3,330.9],[726.6,330.2],[728,329],[728.2,328.6],[728,328.1],[726.7,328],[725.8,327],[725.6,326.6],[725.5,325.2],[724.9,325.4],[724.5,326.1],[724.2,326.2],[722.7,326.4],[722.1,325.8],[722.1,324.1],[721.8,323],[722.6,321.6],[723,321.2],[722.9,320.5],[722.3,319.7],[721.6,318.4],[721.8,317.6],[723.1,317.1],[723.8,316.1],[723.7,315.6],[722.8,315.4],[722.1,315.5],[721.8,315.9],[720.7,316.2],[720.7,317.1],[720.9,317.6],[720.5,318],[719.4,317.6],[718.3,316.9],[717.5,316.9],[717.8,316.1],[717.4,314.9],[717.1,314.8],[716.2,315.2],[715.8,314.7],[716.4,314.1],[716.2,313.5],[715.8,313.2],[714.3,313.2],[714,312.9],[710,315.3],[706.7,317.3],[700.6,320.8],[693.7,324.6],[686.1,328.9],[680.9,331.8],[683.7,336.9],[678.3,340],[674.1,342.5],[666,347.1],[668.6,351.6],[670.8,355.5],[673.2,359.7],[676.5,365.4],[677.8,364.6],[681.8,362.3],[684.8,367.6],[688.1,373.5],[691.4,379.4],[693.5,383.1],[694.9,385.6],[696.9,389.1],[702.8,385.7],[704.5,385.7],[705.3,386.3],[705.9,386.6],[706.2,386.4],[706.8,384.9],[708.4,385.4],[708.7,384.6],[709,384.6],[710.5,385.1],[710.9,385.5],[711.5,385.7],[711.3,386.5],[710.9,386.3],[710.3,387.9],[710.2,388.5],[709.7,388.7],[709.7,389],[710.5,389.3],[711,390.1],[711.9,390.6],[712.6,390.6],[712.7,391.3],[711.9,391.8],[711.4,392.5],[711.2,393.1],[711.8,394],[710.8,394.2],[710.8,394.8],[710.1,394.8],[709.8,394.4],[709.2,394.7],[709.7,395.3],[709.5,396.2],[709,395.6],[708.6,395.5],[708.5,397],[708.1,396.9],[708.1,398.1],[707.6,398.6],[707.9,399.8],[707.5,400.1],[707.5,400.5],[706.8,401.5],[701.2,400.3],[700.5,398.6],[699.6,396.8],[698.6,395.1],[698,393.7],[696.6,391.4],[684.5,391.4],[670.1,391.2],[666.2,391.1],[665.9,391.9],[665.2,392.2],[665.1,392.5],[665.8,393.6],[666,394.1],[665.4,395.2],[665.7,396.3],[666.9,396.6],[667.5,397],[667.3,398],[667,398.2],[666.3,398],[665.7,398.4],[665.5,399.3],[665.4,400.5],[664.9,401.2],[665.4,401.8],[666.4,401.9],[667.1,402.6],[666.9,404.2],[667.7,404.1],[667.9,403.6],[668.5,403.7],[669.5,404.3],[669.5,404.6],[668.7,405.4],[667.9,405.4],[667.6,406.5],[667.3,406.9],[666.7,406.8],[666.2,407.4],[666.8,408.2],[666.3,409.2],[666.6,409.9],[667.2,409.8],[668,409.9],[668.5,410.2],[669.4,410.2],[669.6,410.6],[668.9,411.2],[668.4,411.9],[667.7,411.9],[667.1,413],[667.8,414.6],[667.7,414.9],[665.6,415],[665.6,415.7],[666.2,415.9],[666.2,416.3],[666.8,417],[666.8,418.1],[667.8,420.1],[667.7,420.4],[667.1,420.8],[667.1,421.7],[667.5,422.4],[667.8,422.4],[669.1,421.8],[669.8,422],[670.5,422.8],[670.4,427.7],[676.2,429.7],[683.4,432],[685,429.3],[685.1,427.2],[684.6,427.4],[684.1,428.1],[683.6,428],[684,427.1],[688,418.8],[689.2,419.5],[690.2,419.4],[690.5,418.7],[691,419.7],[691.4,419.9],[692.2,419.1],[692.9,419],[693.4,418.7],[694.7,419.9],[695.7,420.3],[695.4,421.2],[695.7,421.9],[695,422.8],[695.3,423],[696.5,422.6],[696.8,423],[697.3,423],[697.3,423.6],[698.4,424.3],[698.2,425.9],[699.1,426.9],[698.7,427.6],[699.6,429],[700.2,429],[700.7,427.8],[701.6,427.2],[702.1,427.7],[703,427.1],[703.6,427.3],[705.5,426.2],[706.1,426.3],[705.7,427.5],[705.9,427.8],[706.6,428],[707.2,427.1],[707.3,426.3],[707.9,426.3],[708,426.6],[708.8,426.7]]]}},{"type":"Feature","properties":{"st":"TX","district":32,"name":{},"label_x":764.2,"label_y":269.2},"geometry":{"type":"Polygon","coordinates":[[[753.7,260.8],[754.7,261.7],[756.5,261.8],[757.2,261.5],[757.3,261.1],[757.9,261.1],[757.9,262.1],[758.5,262.2],[758.7,263.1],[759.8,263.3],[761.1,263.3],[761,263.8],[760.3,264.2],[758.4,264.2],[758.4,265.2],[759.7,265.1],[761.3,265.2],[761.3,262.7],[762.3,262.7],[762.7,261.6],[764.9,261.7],[765.2,261.8],[765.2,262.5],[765.6,262.8],[765.2,263.5],[762.9,263.5],[763.3,264.3],[763.2,265.3],[762.8,265.5],[762.9,266.2],[762.3,266.2],[762.1,266.9],[762.6,267.1],[762.8,267.6],[763.8,267.9],[764.3,266.9],[765,266.9],[765.1,266.2],[765.6,266.5],[765.5,267.3],[765.7,267.5],[766.4,267.3],[767.1,268],[767.1,269.4],[766.4,269.4],[765.5,269.8],[765.2,269.4],[765.4,268.4],[764,268],[763.5,268.8],[763.1,268.8],[763.1,269.8],[762.9,270.6],[762.2,272.2],[761.9,273],[762.8,274.1],[763.2,273.7],[764,274.5],[763.7,274.9],[765.1,275.2],[766.3,275.1],[767,275.2],[767,276.1],[768,276.4],[768,278.1],[769.3,278.1],[769.4,279.1],[769.9,279.1],[769.9,280.4],[770.9,281.1],[771.8,280.4],[774,280.2],[773.6,279.7],[773.8,279.3],[774.9,278.1],[774.4,278],[773.8,277.4],[772,277.4],[771.7,276.7],[772.4,276.7],[772.5,276.1],[771.1,275.5],[771,275.9],[770,275.8],[770,274.9],[769.5,274.2],[768.5,273.8],[769,273.2],[769,272.7],[769.4,272.3],[769.4,271.4],[770.5,271],[770.7,270.8],[770.1,270],[768.9,269.1],[769,268.9],[769.1,263.5],[769.6,263.3],[770.4,262.6],[770.5,261.3],[772,261.3],[772,259.6],[770.4,259.4],[769.7,258.6],[769.4,258.1],[768.2,258.1],[768.2,257.3],[767.2,257.7],[766.9,257.7],[766.7,258.3],[766.6,258.9],[766,258.9],[765.8,259.2],[766,259.9],[764.7,259.9],[764,260.2],[764,261.1],[759.1,261],[759.1,259.4],[757.9,259.3],[757.9,259.9],[756.7,260.5],[756.3,259.8],[756,260.2],[755.4,260.2],[755.4,260.9],[753.7,260.8]]]}},{"type":"Feature","properties":{"st":"TX","district":33,"name":{},"label_x":741.8,"label_y":274.6},"geometry":{"type":"Polygon","coordinates":[[[758.4,269.6],[758.8,269.3],[758.7,268.9],[758.9,268.2],[758.3,268.2],[758.4,265.7],[756.9,266.1],[756.4,265.9],[756.4,264.3],[757.4,264.2],[757.6,263.3],[756.7,263.2],[756.4,262.6],[755.3,263.2],[755.7,264],[755.8,265.1],[753.8,265.9],[753.9,264.8],[753.7,264.7],[753.5,263.7],[752.8,263.4],[752.5,263.5],[752,263.1],[751.3,263.3],[750.7,263.8],[750.6,265.2],[752.6,265.8],[752.6,266.3],[751.9,266.8],[751.4,266.7],[751.3,266.2],[750.4,265.9],[750.2,265.4],[749.8,265.4],[749.8,266.3],[750.8,266.7],[750.8,267.3],[751.7,268.3],[751.3,268.7],[750.4,267.6],[750,268.1],[749.9,268.8],[749.4,268.9],[749,269.7],[749,271],[747.8,271.1],[746.8,271],[746.8,272],[744.6,272],[744.6,272.9],[743,273.3],[742,273.4],[740.7,273.3],[740.7,273.8],[740.2,273.8],[740.1,274.8],[739.3,274.6],[737.5,274.9],[736.7,275.4],[735.9,275.3],[735.6,275.6],[734.7,275.7],[734.5,275],[734,274.7],[733.7,274.1],[733.9,273.7],[733.9,272.7],[732.9,272.6],[732.6,272.2],[732.7,271.7],[731.6,271.6],[730.7,270.4],[729.2,271.1],[727.8,271.9],[727.6,272.5],[728.4,272.8],[728.2,273.8],[728.7,274.3],[729.2,274.5],[729.4,275.5],[729.9,275.7],[730.8,275.6],[730.9,276.1],[731.5,275.9],[731.4,275.3],[731,275],[731.2,274.4],[731.9,274.5],[732,274.8],[732.8,275.4],[732.8,276.2],[733.1,276.4],[733.1,277.1],[732.2,277.2],[732.1,277.7],[731.5,277.8],[731.5,279.2],[730.7,279.4],[729.1,281.2],[729.7,281.4],[730.2,282.2],[731.1,282.5],[732,282.3],[732,282.7],[732,286],[732.3,286.5],[733.5,286.5],[733.9,286.1],[733.9,285.7],[734.9,285.7],[734.9,285.2],[735.8,284.7],[735.9,283],[736.4,283],[736.6,280.7],[736.8,280.3],[737.6,280.2],[738,279.7],[738,279.1],[738.5,278.3],[740,278.1],[740.4,277.4],[740.9,277.1],[741,276.4],[741.7,276.2],[741.8,275.3],[742.3,275.3],[742.3,274.8],[743.1,274.9],[744.3,274.2],[745.6,274.6],[746.1,274.1],[746.7,273.7],[746.7,274.9],[748.2,274.9],[748.3,272.4],[749.8,272.4],[750,271.7],[749.7,271.3],[750.2,270.5],[750.1,269.7],[751.6,269.8],[751.5,269.1],[751.9,268.8],[752.6,267.1],[755.2,267.1],[755.4,266.3],[756,266.3],[756,268.5],[755.8,269.2],[756.9,269.5],[756.5,270.1],[756.4,271.4],[755.5,272.5],[755.6,273.3],[754.9,273.5],[754.9,272.6],[754,272],[754.1,271.1],[753.2,271.1],[753,271.6],[753,272.6],[752.3,272.5],[752.3,273],[753.6,273],[753.9,273.5],[754.6,273.5],[754.7,274],[753.9,274],[753.9,274.5],[754.3,274.8],[753.3,275.1],[752.4,275.3],[752.4,274.7],[751.5,274.7],[751.4,275],[750.5,275],[750.5,276.6],[750.3,277.4],[750.7,277.7],[750.5,278.1],[749.8,278.1],[749.1,278.3],[749,277.5],[747.8,277.6],[746.6,277.8],[746.6,278.8],[746.1,278.8],[745.6,279.1],[745.6,279.8],[746.1,279.9],[746.1,280.5],[745.6,280.8],[746.6,280.8],[746.6,279.8],[747.6,279.8],[747.6,280.7],[748.1,280.7],[748.1,279.5],[749.7,279.6],[749.7,278.7],[750.5,278.9],[750.5,279.6],[751.3,279.9],[751.9,280.7],[752.4,280.2],[752.9,279.1],[753.6,278.9],[754.9,278.9],[756.1,280.6],[756.7,279.9],[757.9,280],[759.7,279.8],[760.6,279.9],[760.6,278.9],[759.3,279],[759.3,278.3],[760.1,278.1],[760.6,277.7],[760.9,277],[760.8,276.4],[760,276.4],[759.6,276.8],[758.2,277],[757.8,276.4],[758.1,276],[758.9,276],[760.1,275.7],[759.9,274.8],[758.6,274],[758.3,274],[758.2,275],[757.3,275],[757.3,272.7],[757.9,272.1],[758.5,272.1],[759.1,271.6],[758.7,271.1],[757.6,270.5],[758.4,269.6]]]}},{"type":"Feature","properties":{"st":"TX","district":34,"name":{},"label_x":708,"label_y":681.1},"geometry":{"type":"Polygon","coordinates":[[[679.9,722.8],[680.2,723.8],[680.1,724.3],[680.8,724.2],[682.1,724.5],[682.6,723.1],[683.1,723.3],[683.8,723.3],[684.5,723],[685.1,723.5],[685.3,723],[686.6,724],[687.1,723.4],[687.5,723.3],[688.3,723.9],[688.6,723.2],[688.9,723.8],[689.5,723.6],[690,723.7],[690.6,723.4],[691,723.5],[691.4,723.1],[691.9,723.2],[692.5,723.7],[693.7,724.1],[694.4,724.1],[694.6,724.5],[695.1,723.8],[695.8,724],[696.7,723.7],[696.8,724.1],[697.3,724.2],[696.8,724.7],[697.2,725.4],[697.9,725.6],[698.5,725.2],[698.1,724.9],[698.5,724.5],[698.9,724.9],[698.8,725.7],[699.2,725.9],[699.7,725.6],[700.5,725.8],[701.1,726.2],[702.2,726],[702.2,725.4],[702.9,725.7],[702.9,726.2],[703.6,726],[704.2,726],[704.7,725.8],[704.7,726.5],[705.2,726.4],[705.6,726.7],[706.1,725.9],[706.6,726.4],[706.4,727],[706,727.3],[706.6,727.8],[707,727.4],[707.4,728],[706.8,728.1],[707,728.6],[707.4,728.5],[707.8,729.2],[708.3,729.4],[708.1,730.1],[708.8,730.7],[709.3,730.4],[709.9,730.4],[709.8,730.8],[709.9,731.9],[710.8,732.3],[711.2,732.7],[711.5,732],[712,732.2],[712.1,732.9],[712.4,733.2],[712.9,733.2],[712.8,734],[713.3,734.6],[713.5,735.4],[714.1,735.4],[714.9,734.6],[715,734.8],[714.9,735.9],[715.5,735.5],[715.7,736],[716.6,735.3],[716.9,735.8],[717.5,736],[717.4,736.6],[718.2,736.7],[717.9,737.3],[718.2,738],[718.6,737.9],[719.2,738.5],[720,738.5],[720.2,737.9],[720.8,738.2],[721.2,738.8],[721.7,738.4],[722.5,738.6],[722.6,738.1],[723,737.8],[722.8,737.4],[723.4,736.5],[723.4,736.1],[722.9,735.1],[723,734.6],[722.8,733.7],[723.3,733.6],[724,733],[724.1,732.6],[724.8,732.8],[724.7,733.3],[725.4,733.5],[725.6,733],[726.2,732.6],[726.4,733],[727.6,732.3],[728.3,732.4],[728.4,732.1],[727.7,731.1],[728.1,730.8],[728.5,731.3],[730.3,731.6],[730.7,731.1],[731.6,730.9],[731.9,731],[732.6,730.6],[732.8,730.9],[733.8,731.2],[734.6,730.5],[735.2,730.8],[735.7,730.8],[735.8,731.6],[736.5,731.1],[736.4,730.2],[737.7,730],[739.8,730],[739.5,725.7],[739.9,724.8],[740,723.3],[739.7,722.4],[739.4,721.8],[738.9,721.3],[738.8,718.9],[738.2,713.3],[737.9,711.6],[736.2,703.3],[735.5,700.8],[734.5,696.6],[732.9,690.9],[732.8,689.9],[732.1,688.2],[730.6,684.2],[728.8,677.4],[727.8,672.7],[727,666.4],[726.6,661],[726.7,658.3],[726.9,654.4],[727.4,650.4],[727.6,648.7],[728.5,645.1],[729,643.3],[731,636.8],[731.4,635.7],[734.5,628.5],[736.5,624.4],[736.6,624],[733.2,623.4],[732,623],[727,624.4],[723.1,624.4],[715.4,624.3],[710.1,624.1],[708,624.2],[698.8,624.1],[696.2,624],[696.2,623.6],[695.8,623.5],[695.5,622.9],[695,622.4],[694.2,622],[694,620.6],[693.4,620.1],[693.4,619.9],[692.6,619.7],[691.4,619.6],[690.8,619],[690.2,618.7],[683.1,618.6],[682.9,628.5],[682.7,643.5],[687,643.7],[686.9,651.7],[686.5,667.3],[686.3,678],[686.2,686.5],[687.8,686.8],[687.4,689.7],[687.1,689.7],[687.1,690.8],[687.3,692],[686.1,691.8],[685.6,694.8],[685.3,694.7],[684.8,697.6],[690.6,698.6],[690.6,698.7],[693.4,698.8],[693.3,704.4],[689.1,703.7],[688.7,706.1],[684,705.3],[684,707.7],[682.5,707.7],[681.7,707.9],[679.4,707.5],[678.9,707.8],[678.4,707.8],[675.4,707.2],[675.3,708],[675.5,708.6],[675.1,710.9],[671.9,710.3],[671.8,710.8],[672.3,710.9],[672.2,711.3],[672.7,711.4],[672.6,711.9],[673.9,712.1],[673.8,712.6],[674.8,712.8],[674.6,713.6],[674.2,714],[673.5,713.9],[673.3,715.1],[674.3,715.3],[673.6,719.1],[675.6,719.4],[676.3,715.6],[676.8,715.7],[676.3,718.6],[676.8,718.7],[677.3,715.8],[677.8,715.9],[678.1,713.8],[678.6,713.9],[678.8,714.4],[679.6,715.6],[680.2,715.7],[680.1,716.3],[680.6,716.8],[680,720.5],[680.2,720.5],[679.8,722.6],[679.9,722.8]]]}},{"type":"Feature","properties":{"st":"TX","district":35,"name":{},"label_x":697.1,"label_y":466.4},"geometry":{"type":"Polygon","coordinates":[[[712.6,433.1],[712.1,434],[711.5,434.1],[710.8,435.5],[709.8,436.2],[709.7,436.8],[709.2,438],[709.3,438.5],[709.7,438.7],[709.9,439.2],[709,439.5],[709.1,440.5],[708.7,441],[708.4,441.7],[707,442],[706.4,441.9],[706.1,442.3],[705.6,443.8],[705.7,444.6],[704.5,447.1],[703.6,448.2],[702.5,450.3],[702.1,451.6],[701.4,453.4],[701,454.3],[700.2,455.1],[700.3,455.8],[699,455.7],[698.5,456.1],[698.4,456.9],[697.8,457.5],[697.1,457.5],[696.9,457.8],[696.5,459],[696.4,460.1],[696.9,461.9],[696.5,462.3],[697.2,463.1],[696.7,464.2],[695.4,465.7],[695.4,466.3],[695.1,466.5],[695.1,467.1],[694.3,467.9],[693.7,468.1],[693.1,468],[692.8,468.2],[691.5,467.6],[690.7,467.5],[691.1,468.5],[691.9,469.3],[691.1,470.2],[691.4,470.6],[690.2,471.9],[688.7,473.3],[688.9,474],[688,475],[686.3,477.6],[684.8,479.1],[684.5,479.5],[684.3,480.3],[684,480.8],[682.2,481.7],[681.5,481.8],[680.8,483],[679.7,483.4],[679.6,483.1],[678.9,483.5],[677.2,484.6],[676.9,484.1],[674.9,484.8],[672.9,486.1],[670.3,487.4],[669.5,488],[669.6,488.4],[669,489],[668,489.2],[667.2,490],[668.3,491.4],[667.8,491.7],[667.6,493],[666.1,493],[666.5,492.1],[667,492.2],[667.2,490.9],[666.9,490.4],[666.3,490.6],[665.6,490.3],[665,490.7],[664.4,491.3],[664.9,492.6],[665,493.2],[664.7,493.6],[663.4,494.3],[663.4,494.6],[664.7,494.7],[665,495.7],[665.3,496],[665,496.6],[664.2,496.6],[663.4,497.6],[663.1,497.3],[661.7,497.4],[661.9,496.6],[662.5,496.6],[662.6,496.2],[661.9,496.2],[661.9,495.7],[660.8,495.8],[660.5,495.7],[660.6,494.6],[660.1,494.5],[660.1,495],[659,495.1],[659.1,495.8],[658.5,495.7],[658.3,496.4],[657.7,496.3],[657.4,498.4],[657.7,498.5],[657.6,500],[658.4,500.4],[660.4,500.5],[661,500.1],[661.1,498.5],[661.8,498.6],[665.1,498.7],[666.4,498.8],[666.4,498],[670.4,496.6],[672.2,496.1],[676.2,494.7],[675,492.5],[674.3,492.6],[672.4,493.6],[672.5,493],[671.7,491.5],[671,492.5],[670.7,492.7],[669.8,492.8],[669.1,492.6],[669.1,492],[668.7,491.7],[669.7,491.2],[669,490.1],[670.7,488.6],[671.7,488.2],[671.3,487.5],[675.2,485.8],[677.7,484.8],[682.6,482.6],[684.3,481.8],[684.4,481.8],[688.4,478.4],[689.7,477.3],[693,473.7],[697.1,470.4],[696.5,470.1],[696.2,470.5],[695.7,470.4],[696,468.7],[698.6,466.6],[700,465.7],[701.4,464.9],[702,464.7],[702.4,463.9],[702.9,463.5],[703.7,462.4],[703.9,461.9],[704.8,461.3],[707.1,459.5],[710.3,456.3],[710.5,456.6],[711.1,455.9],[712.9,454.2],[719.8,447.2],[719.9,447.1],[718.5,446],[718.3,445.6],[717.9,445.6],[718,444.7],[717.4,444.2],[716.6,444.2],[716.2,444],[717.9,440.9],[718.7,440.6],[719.9,441.1],[720.8,439.6],[720,438.6],[719.5,437.6],[719,435.9],[718.2,435.4],[718.6,434.7],[717.2,433.9],[716.9,434.4],[716,433.8],[713.8,432.4],[712.8,432.6],[712.6,433.1]]]}},{"type":"Feature","properties":{"st":"TX","district":36,"name":{},"label_x":896,"label_y":438.2},"geometry":{"type":"Polygon","coordinates":[[[889,390.3],[883.5,393.5],[885.5,402.8],[886.9,409.3],[887.1,410.1],[889.1,419.4],[889.1,419.5],[890.9,427.9],[891,428.4],[880.5,428.6],[877.3,428.7],[873,428.5],[873.4,428.9],[869,431.3],[863.9,433.9],[862.3,434.7],[859.6,436.2],[858.6,436.6],[854.7,438.6],[858.7,449.9],[860.3,454.8],[860.9,456.6],[862,459.7],[862.8,462.1],[863.3,461.9],[864.6,462.2],[864.9,463.2],[865.4,463.5],[862.8,465.9],[861.1,469.2],[862.6,469.2],[862.7,471.2],[863.1,471.2],[863.1,472.3],[864.6,472.2],[864.9,473.7],[864.9,474.9],[864.6,475.4],[864.3,476.6],[864,477.1],[863.5,476.5],[861.8,475.7],[861.5,475.8],[860.6,475.4],[859.4,475.8],[857.5,477.1],[857.3,477.5],[856.1,477],[855.3,477.3],[854.2,477.4],[854.1,477.8],[854.7,478.7],[854.8,482.3],[855.2,482.6],[855.2,483.1],[854.7,483],[854.5,483.4],[853.6,483.3],[853.5,484.6],[853,484.6],[852.7,485.2],[852.1,485.3],[852.7,485.8],[852.5,486.1],[854,487.9],[853.3,488.6],[853.7,489.1],[853.3,489.5],[852.9,489.1],[852.3,488.6],[852.2,488.2],[850.8,488.1],[850.2,488.7],[850.6,489],[850,489.6],[849.7,489.3],[849.7,490.3],[850.1,491.2],[850.7,491.6],[851.6,491.3],[852.3,491.5],[852.5,491.3],[853.4,491.4],[853.3,492.3],[853.9,493],[854.2,494],[855,494.2],[854.9,494.6],[855.4,495.4],[856.1,495.2],[856.7,494.8],[857.4,494.9],[857.7,494.5],[858.8,494.5],[858.7,494.1],[859.5,493.5],[859.8,493.1],[860.2,492.9],[860.3,492.2],[860.8,491.5],[861.2,491.3],[862,491.3],[863.1,491.7],[863.2,491.9],[863.9,491.8],[864.1,492.6],[864.8,493.4],[865.4,493.9],[866.2,494.4],[869.6,495.2],[870.2,495.3],[871.3,494.5],[872.7,494],[875,493.8],[875.5,493.4],[876.3,492.2],[877,491.6],[877.8,493],[878.6,493.3],[879.2,493.3],[880.1,493.2],[882,492.4],[883.3,492.3],[884.7,491.8],[887.3,491.2],[888.8,490.6],[890.1,490],[890.8,489.8],[891.5,490],[892,490.7],[892.8,491.3],[892.8,492],[894.3,491.8],[894.4,491.4],[895.7,490.8],[897.7,490.3],[898.7,490.3],[899.3,489.8],[898.9,488.9],[899,488.5],[899.6,488.1],[900.6,488.3],[901.1,486.8],[902,486.8],[902,487.6],[902.6,487.2],[902.3,475.2],[902.1,468.5],[903.1,468.3],[904.1,468.6],[907.2,465.6],[908.3,466],[909.6,463.7],[911,462.1],[910.2,461.5],[910.2,460.9],[909.9,460.4],[909.8,459.4],[911.8,459.4],[911.7,458.4],[911.3,458.4],[911.1,457.7],[910.7,457.6],[910.4,455.9],[911.7,455.8],[911.6,454.9],[914,454.7],[914.3,455.2],[914.4,455.8],[914.8,455.9],[914.9,456.3],[915.5,457],[915.8,456.8],[916,455.6],[916.5,455.6],[917.2,455.1],[917.6,454],[918.1,453.7],[918.3,453],[918,452.3],[917.2,452.1],[916.7,451.3],[916,450.9],[915.8,450.1],[916.2,449.7],[916,449.1],[916.1,448.3],[916.8,448],[917,447.3],[916.5,446.7],[915.7,446.2],[915.6,444.7],[922.5,444.5],[928.2,444.4],[937,444.1],[939.4,444],[939.6,443],[939.3,442.6],[939.5,440.9],[937.8,440.4],[937.1,439.5],[936.9,439],[936.5,438.6],[936.3,437.8],[935.9,437.4],[936.4,436.5],[936.4,435],[936.3,434.2],[936.9,433.8],[938,432.6],[938,431.5],[938.6,431.7],[939.1,431.5],[939.6,430.9],[939.6,430.5],[939.1,429.8],[939.5,429.7],[939.1,429.1],[938.8,428.9],[938.9,427.9],[938.5,427.2],[938.6,426.8],[939.1,426.3],[938.8,425.7],[937.9,425.2],[937.4,424.8],[937.1,424.2],[937.7,423.9],[937.5,423.3],[937.9,423],[937.7,421.9],[938.5,421],[939.1,420.9],[939.6,420.5],[940.5,420.5],[940.2,419.6],[940.3,418.9],[940.1,418],[940.2,417.4],[940.9,416.6],[941,416],[941.4,416],[941.8,415.4],[942.2,415.5],[943.1,414.8],[943.3,414.2],[943.7,413.7],[943.5,413.4],[943.7,412.7],[944.3,412],[944.3,411.3],[943.7,410.5],[944.3,410.1],[943.9,409.5],[945.2,409],[945.1,408.4],[945.6,407.8],[945.8,407.1],[945.7,406.3],[946.2,406.4],[946.8,406.1],[946.7,405.4],[947.3,404.8],[947.3,404.2],[947.1,403.8],[946.4,403.6],[947.1,403],[946.8,402.6],[947,402],[946.3,401.5],[946.1,400.9],[946.5,400.2],[947.5,400],[947.2,399.3],[946.9,398.9],[947.3,398.6],[948.5,398.1],[948.7,397.2],[948.3,396.5],[948.4,395.9],[947.5,395.9],[947.5,395.4],[946.8,395.1],[946.2,395.2],[945.9,394.9],[946.3,394.5],[946.4,393.7],[946,393.7],[945.6,393.1],[946.3,392.2],[946.9,392.8],[947.1,392.5],[947.9,392.5],[948.2,391.8],[948.8,391.7],[949.6,391.1],[949.6,390.8],[948.6,390.4],[948.9,390],[948.4,389.8],[948.2,389.3],[948.8,389.2],[948.8,388.6],[948.3,388.4],[947.7,387.8],[947,387.8],[947,387.3],[946.3,386.8],[946.4,386.6],[947.1,386.4],[947.3,385.6],[947.7,385.3],[947.7,384.6],[947.3,383.9],[947,382.6],[947.7,382.4],[947.4,381.5],[947.9,381.4],[947.8,380.6],[947.4,380.8],[947,380.6],[945.8,381.2],[945.4,381.8],[944.7,382],[944.1,381.3],[936.4,382],[926.3,383],[919,384.7],[919,385],[918.7,385.8],[918.2,386.1],[913.8,387.2],[906.3,389.1],[894.9,392],[894.2,392.4],[893.4,392.1],[893.4,391.6],[892.1,391.3],[891.7,391],[890.8,390.6],[890.1,390.7],[889,390.3]]]}},{"type":"Feature","properties":{"st":"TX","district":37,"name":{},"label_x":705.9,"label_y":440.9},"geometry":{"type":"Polygon","coordinates":[[[695.8,440.3],[696.7,441.1],[697.3,441.1],[698.1,440.7],[699.5,441.5],[699,442],[699.5,442.6],[700,442.6],[700.5,442.9],[700.7,443.8],[701.2,444.1],[701.4,444.7],[700.6,445.1],[700,444.9],[698.9,444.2],[698.5,445.1],[698.2,445.2],[697.5,444.8],[697.2,444.4],[696.5,444.1],[695.8,444.9],[696.2,445.4],[696.8,445.5],[696.2,446.8],[695.7,446.8],[695.1,447.2],[694.5,448.2],[694.4,448.7],[701,454.3],[701.4,453.4],[702.1,451.6],[702.5,450.3],[703.6,448.2],[704.5,447.1],[705.7,444.6],[705.6,443.8],[706.1,442.3],[706.4,441.9],[707,442],[708.4,441.7],[708.7,441],[709.1,440.5],[709,439.5],[709.9,439.2],[709.7,438.7],[709.3,438.5],[709.2,438],[709.7,436.8],[709.8,436.2],[710.8,435.5],[711.5,434.1],[712.1,434],[712.6,433.1],[711,432],[710.6,432],[710,431.6],[709.5,431.9],[709.1,431.2],[708.3,430.9],[708.3,430.2],[706.8,430.5],[706.9,429.5],[706.2,429.1],[705.2,429.3],[704.7,428.2],[704.7,427.6],[702,428.4],[702.2,428.8],[701.4,429.2],[701.6,429.9],[701.1,430.1],[700.6,430.6],[699.9,431.7],[699.7,432.3],[699,431.8],[698.4,432],[697.7,432.5],[697.4,432.2],[696.1,432.6],[696,433.1],[696.4,434.4],[695.7,434.7],[695.9,435.3],[696.8,436.1],[697.1,435.9],[697.5,436],[698.5,435.1],[699.3,434.5],[700.3,434.7],[701.1,435.3],[701.8,435.6],[702,436.2],[702.7,436.5],[702.3,437.6],[702.8,438],[703.4,439.3],[703.5,440],[702.9,441.1],[702.5,441],[702.1,440.2],[700.9,439.6],[701.3,439.2],[700.7,438.8],[700.3,439.2],[699.6,439.1],[699.5,438.1],[699.2,437.4],[698.5,437.2],[697.8,437.7],[696.3,438.1],[695.8,438.6],[695.6,439.3],[695.8,440.3]]]}},{"type":"Feature","properties":{"st":"TX","district":38,"name":{},"label_x":829,"label_y":466.6},"geometry":{"type":"Polygon","coordinates":[[[835.6,462.7],[834.3,460.7],[834.3,460.3],[835.3,459.7],[835.4,459.3],[836,459.3],[836,458.8],[836.5,458.5],[836.8,457.9],[836.8,457.2],[835.7,456.9],[835.7,456.3],[835.2,456],[835.1,455.4],[835.1,453.9],[834.9,452.7],[831.8,452.8],[831.8,453.1],[831.1,453.2],[831.1,451.7],[830.6,452.1],[830.3,452.7],[829.8,452.9],[829.3,453],[828.3,452.8],[827.9,453.4],[826.8,454.1],[826.5,454.6],[826,454.7],[825.4,455.1],[824.7,454.8],[824.4,455.3],[823.8,455.3],[823.5,455.1],[822.5,455.2],[821.9,455.7],[821,455.5],[820.7,455.9],[820.6,456.7],[819.1,457.5],[819.1,461.7],[819.9,462.1],[819.9,464.5],[819.8,465.4],[821.3,465.3],[821.4,464.9],[822.8,464.9],[822.8,465.8],[823.6,465.4],[823.8,463.9],[824.6,464.4],[827.8,467],[828.6,467.6],[827.9,468.1],[827.5,468],[827.2,468.4],[826.6,468.1],[826.6,469.3],[826.7,469.8],[827.8,470],[827.8,470.7],[828.3,470.7],[828.1,471.6],[827.4,471.5],[827.1,472.1],[827.1,476.4],[821.8,476.3],[821.8,477.3],[822.9,478.1],[822.2,479],[822.3,479.8],[824.6,481.3],[826.3,480.1],[827,478.9],[827.2,478.3],[828.1,478.3],[828.3,477.7],[829.1,478],[829.4,477.9],[829.4,478.9],[830.4,479.1],[830.6,478.7],[830.4,478],[831.1,477.5],[831.6,477.9],[832.2,477.9],[832.2,479.5],[833.3,479.5],[833.4,478.8],[834.5,479.1],[835.2,478.8],[835.5,479.5],[837.1,479.4],[837.1,479],[837.5,478.6],[838.1,478.8],[837.9,480],[838.6,480],[838.6,479.2],[840.8,479.1],[840.9,477.5],[840.2,477.8],[840.1,477.2],[839.7,476.8],[838.5,476.7],[838.3,476.6],[837.4,476.3],[837.2,476],[837.1,475.4],[836.6,475.1],[834.6,475.1],[834.8,474.3],[833.7,474.1],[833.7,473.1],[831.5,473.2],[831.5,471.9],[831.2,471.4],[831.2,470.8],[832.5,470.8],[832.7,470.6],[834.1,471.3],[834.1,466.9],[834.6,466.9],[834.3,466.1],[833.8,466.2],[832.5,466.8],[832.3,467.4],[831.8,467.4],[831.4,466.8],[830.6,467],[830.6,466.4],[831.7,465.6],[832.4,464.9],[831.2,464.5],[830.8,464.1],[832.2,464.1],[832.8,464.5],[835.6,462.7]]]}}]}
