"poly","ring","x","y"
1,1,534,665
1,1,533,666
1,1,533,667
1,1,533,669
1,1,533,671
1,1,532,673
1,1,532,675
1,1,532,676
1,1,531,683
1,1,530,687
1,1,530,688
1,1,530,690
1,1,530,692
1,1,529,695
1,1,529,697
1,1,529,698
1,1,529,699
1,1,529,700
1,1,528,704
1,1,528,706
1,1,528,707
1,1,527,712
1,1,527,714
1,1,526,716
1,1,526,717
1,1,526,718
1,1,526,719
1,1,526,720
1,1,526,721
1,1,526,722
1,1,525,723
1,1,525,724
1,1,525,725
1,1,525,726
1,1,525,727
1,1,525,728
1,1,525,729
1,1,524,731
1,1,524,732
1,1,524,733
1,1,524,734
1,1,524,735
1,1,524,736
1,1,524,737
1,1,523,737
1,1,523,738
1,1,523,739
1,1,523,740
1,1,523,741
1,1,523,742
1,1,523,743
1,1,523,744
1,1,522,745
1,1,522,746
1,1,522,747
1,1,522,748
1,1,522,749
1,1,522,750
1,1,522,751
1,1,522,752
1,1,521,752
1,1,521,754
1,1,520,759
1,1,520,762
1,1,520,765
1,1,519,766
1,1,519,767
1,1,519,768
1,1,519,769
1,1,519,770
1,1,519,771
1,1,518,775
1,1,518,780
1,1,517,783
1,1,517,785
1,1,516,789
1,1,516,794
1,1,515,800
1,1,514,803
1,1,514,804
1,1,514,806
1,1,514,808
1,1,513,810
1,1,513,812
1,1,513,814
1,1,512,818
1,1,512,820
1,1,512,823
1,1,511,826
1,1,510,836
1,1,510,838
1,1,509,844
1,1,509,846
1,1,508,849
1,1,508,850
1,1,508,851
1,1,508,852
1,1,507,857
1,1,506,860
1,1,506,864
1,1,506,866
1,1,505,870
1,1,505,871
1,1,505,872
1,1,503,883
1,1,501,896
1,1,501,899
1,1,501,900
1,1,501,902
1,1,500,907
1,1,500,909
1,1,500,910
1,1,499,910
1,1,499,911
1,1,499,912
1,1,499,913
1,1,499,917
1,1,498,920
1,1,498,922
1,1,498,924
1,1,497,927
1,1,497,928
1,1,496,935
1,1,504,936
1,1,507,936
1,1,510,937
1,1,530,939
1,1,531,931
1,1,532,926
1,1,533,918
1,1,547,920
1,1,556,921
1,1,557,921
1,1,562,921
1,1,565,922
1,1,570,922
1,1,580,924
1,1,581,924
1,1,582,924
1,1,592,925
1,1,598,926
1,1,599,926
1,1,601,926
1,1,600,925
1,1,599,925
1,1,599,924
1,1,599,925
1,1,599,924
1,1,598,924
1,1,598,923
1,1,597,922
1,1,597,921
1,1,597,920
1,1,597,919
1,1,598,919
1,1,597,919
1,1,598,919
1,1,598,918
1,1,598,917
1,1,598,918
1,1,598,917
1,1,597,916
1,1,598,916
1,1,598,915
1,1,599,915
1,1,600,915
1,1,602,916
1,1,604,916
1,1,605,916
1,1,607,916
1,1,608,916
1,1,609,916
1,1,610,917
1,1,612,917
1,1,615,917
1,1,616,917
1,1,618,917
1,1,619,917
1,1,620,918
1,1,621,918
1,1,623,918
1,1,627,918
1,1,628,918
1,1,629,918
1,1,633,919
1,1,634,919
1,1,644,920
1,1,646,920
1,1,648,920
1,1,650,921
1,1,657,921
1,1,658,921
1,1,658,922
1,1,659,922
1,1,660,922
1,1,663,922
1,1,667,922
1,1,670,923
1,1,672,923
1,1,673,923
1,1,677,923
1,1,679,923
1,1,682,924
1,1,690,925
1,1,697,925
1,1,703,926
1,1,704,926
1,1,705,926
1,1,709,926
1,1,714,926
1,1,715,927
1,1,721,927
1,1,723,927
1,1,731,928
1,1,733,928
1,1,735,928
1,1,737,928
1,1,741,929
1,1,742,924
1,1,742,923
1,1,742,922
1,1,742,916
1,1,743,914
1,1,743,913
1,1,743,908
1,1,743,904
1,1,743,903
1,1,743,902
1,1,744,900
1,1,744,899
1,1,744,898
1,1,744,896
1,1,744,895
1,1,744,894
1,1,744,893
1,1,744,892
1,1,744,891
1,1,744,890
1,1,744,889
1,1,745,888
1,1,745,887
1,1,745,886
1,1,745,883
1,1,745,882
1,1,745,881
1,1,745,880
1,1,745,879
1,1,745,878
1,1,745,876
1,1,746,875
1,1,746,874
1,1,746,873
1,1,746,870
1,1,746,868
1,1,746,866
1,1,747,865
1,1,747,864
1,1,747,862
1,1,747,861
1,1,747,855
1,1,748,853
1,1,748,851
1,1,748,850
1,1,748,849
1,1,748,847
1,1,748,845
1,1,748,844
1,1,748,843
1,1,749,843
1,1,749,841
1,1,749,840
1,1,749,839
1,1,749,838
1,1,749,837
1,1,749,835
1,1,749,834
1,1,749,833
1,1,749,832
1,1,750,832
1,1,750,831
1,1,750,830
1,1,750,829
1,1,750,828
1,1,750,827
1,1,750,825
1,1,750,823
1,1,750,821
1,1,750,820
1,1,750,819
1,1,751,818
1,1,751,816
1,1,751,815
1,1,751,814
1,1,751,813
1,1,751,811
1,1,751,808
1,1,752,805
1,1,752,803
1,1,752,802
1,1,752,801
1,1,752,799
1,1,752,797
1,1,752,795
1,1,752,793
1,1,753,792
1,1,753,790
1,1,753,787
1,1,753,786
1,1,753,783
1,1,753,782
1,1,753,780
1,1,753,779
1,1,754,778
1,1,754,777
1,1,754,776
1,1,754,775
1,1,754,773
1,1,754,767
1,1,754,766
1,1,755,761
1,1,755,756
1,1,755,755
1,1,755,754
1,1,756,749
1,1,756,747
1,1,756,746
1,1,756,745
1,1,756,742
1,1,757,738
1,1,757,734
1,1,757,728
1,1,757,726
1,1,758,723
1,1,758,721
1,1,758,718
1,1,758,713
1,1,760,713
1,1,760,712
1,1,760,708
1,1,760,707
1,1,761,704
1,1,761,702
1,1,761,700
1,1,761,694
1,1,761,693
1,1,762,689
1,1,759,688
1,1,756,688
1,1,754,688
1,1,746,688
1,1,744,687
1,1,734,687
1,1,729,686
1,1,724,686
1,1,716,685
1,1,715,685
1,1,714,685
1,1,711,685
1,1,710,685
1,1,708,685
1,1,706,685
1,1,706,684
1,1,705,684
1,1,704,684
1,1,700,684
1,1,697,684
1,1,696,684
1,1,695,684
1,1,692,683
1,1,686,683
1,1,685,683
1,1,682,682
1,1,681,682
1,1,680,682
1,1,678,682
1,1,677,682
1,1,670,681
1,1,669,681
1,1,668,681
1,1,667,681
1,1,666,681
1,1,665,681
1,1,664,680
1,1,662,680
1,1,661,680
1,1,659,680
1,1,648,679
1,1,647,679
1,1,645,678
1,1,641,678
1,1,640,678
1,1,639,678
1,1,637,678
1,1,636,677
1,1,635,677
1,1,633,677
1,1,630,677
1,1,629,677
1,1,625,676
1,1,623,676
1,1,622,676
1,1,620,676
1,1,619,676
1,1,615,675
1,1,614,675
1,1,612,675
1,1,611,674
1,1,610,674
1,1,607,674
1,1,603,674
1,1,601,673
1,1,598,673
1,1,595,673
1,1,594,672
1,1,593,672
1,1,592,672
1,1,590,672
1,1,588,672
1,1,587,672
1,1,586,671
1,1,584,671
1,1,582,671
1,1,581,671
1,1,578,670
1,1,577,670
1,1,576,670
1,1,574,670
1,1,573,670
1,1,572,670
1,1,571,670
1,1,569,669
1,1,566,669
1,1,564,669
1,1,563,669
1,1,562,668
1,1,561,668
1,1,559,668
1,1,553,667
1,1,550,667
1,1,549,667
1,1,545,666
1,1,543,666
1,1,537,665
1,1,535,665
1,1,534,665
2,1,754,302
2,1,754,305
2,1,754,307
2,1,754,308
2,1,754,312
2,1,753,313
2,1,753,316
2,1,753,319
2,1,753,320
2,1,753,321
2,1,753,322
2,1,753,325
2,1,752,325
2,1,752,328
2,1,752,329
2,1,752,332
2,1,752,334
2,1,751,339
2,1,751,341
2,1,751,343
2,1,751,348
2,1,750,351
2,1,750,352
2,1,750,356
2,1,750,357
2,1,749,361
2,1,749,362
2,1,749,365
2,1,749,369
2,1,749,370
2,1,748,373
2,1,748,374
2,1,748,378
2,1,748,383
2,1,747,386
2,1,747,389
2,1,747,392
2,1,747,393
2,1,747,396
2,1,746,397
2,1,749,397
2,1,751,398
2,1,755,398
2,1,758,398
2,1,760,398
2,1,762,398
2,1,763,399
2,1,764,399
2,1,765,399
2,1,766,399
2,1,769,399
2,1,771,399
2,1,772,399
2,1,778,400
2,1,779,400
2,1,782,400
2,1,783,400
2,1,790,401
2,1,792,401
2,1,793,401
2,1,794,401
2,1,798,401
2,1,799,401
2,1,801,401
2,1,803,402
2,1,804,402
2,1,805,402
2,1,806,402
2,1,815,402
2,1,823,403
2,1,827,403
2,1,828,403
2,1,831,403
2,1,831,404
2,1,832,404
2,1,835,404
2,1,836,404
2,1,837,404
2,1,838,404
2,1,845,404
2,1,848,404
2,1,849,404
2,1,851,405
2,1,852,405
2,1,853,405
2,1,854,405
2,1,856,405
2,1,857,405
2,1,858,405
2,1,860,405
2,1,862,405
2,1,864,405
2,1,866,405
2,1,868,405
2,1,869,405
2,1,871,405
2,1,873,406
2,1,875,406
2,1,876,406
2,1,878,406
2,1,881,406
2,1,883,406
2,1,884,406
2,1,885,406
2,1,887,406
2,1,888,406
2,1,889,406
2,1,890,406
2,1,891,406
2,1,892,406
2,1,893,406
2,1,894,407
2,1,895,407
2,1,896,407
2,1,897,407
2,1,898,407
2,1,899,407
2,1,900,407
2,1,903,407
2,1,904,407
2,1,905,407
2,1,906,407
2,1,909,407
2,1,910,407
2,1,911,407
2,1,912,407
2,1,913,407
2,1,914,407
2,1,916,407
2,1,917,407
2,1,918,407
2,1,919,407
2,1,920,407
2,1,922,408
2,1,923,408
2,1,924,408
2,1,925,408
2,1,926,408
2,1,927,408
2,1,929,408
2,1,930,408
2,1,931,408
2,1,932,408
2,1,933,408
2,1,934,408
2,1,935,408
2,1,936,408
2,1,938,408
2,1,940,408
2,1,940,409
2,1,941,410
2,1,941,411
2,1,942,411
2,1,943,411
2,1,943,412
2,1,944,412
2,1,945,413
2,1,946,413
2,1,946,414
2,1,947,414
2,1,948,414
2,1,949,414
2,1,949,415
2,1,950,415
2,1,950,416
2,1,951,416
2,1,952,416
2,1,953,416
2,1,953,417
2,1,954,417
2,1,954,418
2,1,955,419
2,1,956,419
2,1,956,420
2,1,957,420
2,1,958,420
2,1,958,419
2,1,959,420
2,1,960,419
2,1,961,418
2,1,961,417
2,1,962,416
2,1,962,415
2,1,963,415
2,1,964,415
2,1,965,416
2,1,966,416
2,1,967,416
2,1,968,416
2,1,969,416
2,1,970,416
2,1,971,416
2,1,971,415
2,1,971,416
2,1,972,416
2,1,973,416
2,1,974,416
2,1,975,416
2,1,976,416
2,1,977,416
2,1,978,416
2,1,978,415
2,1,979,415
2,1,979,416
2,1,980,416
2,1,981,416
2,1,981,415
2,1,982,415
2,1,982,416
2,1,983,416
2,1,984,416
2,1,985,416
2,1,985,417
2,1,985,418
2,1,986,418
2,1,987,418
2,1,987,419
2,1,988,419
2,1,988,420
2,1,989,420
2,1,990,420
2,1,991,420
2,1,992,420
2,1,993,421
2,1,993,420
2,1,993,421
2,1,994,421
2,1,994,422
2,1,995,422
2,1,996,422
2,1,997,422
2,1,998,423
2,1,999,423
2,1,999,424
2,1,999,425
2,1,1000,425
2,1,1001,425
2,1,1002,425
2,1,1003,425
2,1,1003,426
2,1,1003,427
2,1,1002,427
2,1,1002,428
2,1,1003,428
2,1,1003,429
2,1,1003,430
2,1,1004,430
2,1,1005,430
2,1,1005,431
2,1,1005,432
2,1,1006,433
2,1,1007,433
2,1,1007,432
2,1,1008,432
2,1,1009,432
2,1,1009,433
2,1,1009,434
2,1,1010,434
2,1,1011,434
2,1,1012,434
2,1,1011,434
2,1,1011,433
2,1,1010,433
2,1,1010,432
2,1,1011,432
2,1,1011,431
2,1,1011,430
2,1,1010,430
2,1,1010,429
2,1,1010,428
2,1,1009,428
2,1,1009,427
2,1,1009,426
2,1,1008,426
2,1,1009,426
2,1,1008,426
2,1,1008,425
2,1,1008,426
2,1,1008,425
2,1,1007,425
2,1,1007,424
2,1,1006,424
2,1,1007,424
2,1,1006,424
2,1,1006,423
2,1,1006,424
2,1,1006,423
2,1,1005,423
2,1,1005,422
2,1,1005,421
2,1,1006,421
2,1,1005,421
2,1,1005,420
2,1,1006,420
2,1,1006,419
2,1,1007,419
2,1,1007,418
2,1,1007,417
2,1,1008,417
2,1,1008,416
2,1,1008,415
2,1,1009,415
2,1,1008,414
2,1,1009,414
2,1,1008,414
2,1,1009,414
2,1,1009,413
2,1,1008,413
2,1,1009,412
2,1,1010,412
2,1,1010,411
2,1,1010,410
2,1,1009,410
2,1,1009,409
2,1,1010,409
2,1,1010,408
2,1,1009,408
2,1,1010,408
2,1,1010,407
2,1,1009,407
2,1,1010,407
2,1,1010,406
2,1,1011,406
2,1,1011,405
2,1,1012,405
2,1,1011,405
2,1,1012,404
2,1,1012,403
2,1,1012,402
2,1,1011,402
2,1,1011,401
2,1,1011,400
2,1,1011,399
2,1,1011,398
2,1,1010,398
2,1,1010,399
2,1,1009,399
2,1,1009,398
2,1,1008,398
2,1,1007,398
2,1,1008,397
2,1,1008,396
2,1,1007,396
2,1,1007,395
2,1,1008,395
2,1,1009,395
2,1,1009,394
2,1,1009,393
2,1,1009,392
2,1,1009,391
2,1,1009,390
2,1,1008,390
2,1,1008,389
2,1,1007,389
2,1,1008,389
2,1,1008,388
2,1,1007,388
2,1,1006,387
2,1,1007,387
2,1,1007,386
2,1,1007,385
2,1,1008,385
2,1,1009,385
2,1,1012,385
2,1,1012,382
2,1,1012,381
2,1,1012,380
2,1,1012,378
2,1,1012,377
2,1,1012,376
2,1,1012,375
2,1,1012,372
2,1,1012,371
2,1,1012,370
2,1,1012,368
2,1,1012,367
2,1,1012,366
2,1,1012,365
2,1,1012,364
2,1,1012,363
2,1,1012,362
2,1,1012,361
2,1,1012,360
2,1,1012,359
2,1,1012,357
2,1,1012,356
2,1,1012,353
2,1,1012,352
2,1,1012,349
2,1,1012,348
2,1,1012,347
2,1,1012,346
2,1,1012,345
2,1,1012,344
2,1,1012,343
2,1,1012,342
2,1,1012,341
2,1,1012,340
2,1,1012,339
2,1,1012,338
2,1,1012,337
2,1,1012,336
2,1,1012,335
2,1,1012,331
2,1,1012,330
2,1,1012,329
2,1,1012,327
2,1,1012,325
2,1,1012,324
2,1,1012,323
2,1,1012,322
2,1,1012,320
2,1,1012,318
2,1,1012,317
2,1,1012,316
2,1,1012,315
2,1,1012,314
2,1,1012,311
2,1,1012,310
2,1,1012,309
2,1,1012,308
2,1,1012,307
2,1,1012,306
2,1,1012,304
2,1,1012,303
2,1,1012,302
2,1,1012,300
2,1,1012,299
2,1,1012,298
2,1,1012,297
2,1,1011,297
2,1,1011,296
2,1,1010,296
2,1,1010,295
2,1,1009,295
2,1,1008,295
2,1,1008,294
2,1,1007,294
2,1,1007,293
2,1,1006,293
2,1,1005,293
2,1,1004,293
2,1,1003,292
2,1,1003,291
2,1,1003,290
2,1,1002,290
2,1,1002,289
2,1,1002,288
2,1,1001,287
2,1,1000,286
2,1,999,285
2,1,999,284
2,1,999,283
2,1,999,282
2,1,1000,282
2,1,1001,281
2,1,1002,280
2,1,1002,279
2,1,1004,279
2,1,1004,278
2,1,1005,278
2,1,1005,277
2,1,1006,277
2,1,1006,276
2,1,1006,275
2,1,1007,275
2,1,1007,274
2,1,1008,274
2,1,1008,273
2,1,1008,272
2,1,1008,271
2,1,1008,270
2,1,1008,269
2,1,1009,269
2,1,1008,269
2,1,1009,268
2,1,1008,268
2,1,1007,268
2,1,1006,268
2,1,1005,268
2,1,1004,268
2,1,1003,268
2,1,1002,268
2,1,1001,268
2,1,1000,268
2,1,999,268
2,1,997,268
2,1,995,268
2,1,994,268
2,1,993,268
2,1,992,268
2,1,991,268
2,1,990,268
2,1,989,268
2,1,986,268
2,1,983,268
2,1,982,268
2,1,981,268
2,1,978,268
2,1,977,268
2,1,976,268
2,1,974,268
2,1,973,268
2,1,971,268
2,1,970,268
2,1,969,268
2,1,968,268
2,1,967,268
2,1,965,268
2,1,964,268
2,1,962,268
2,1,961,268
2,1,960,268
2,1,958,267
2,1,957,267
2,1,955,267
2,1,954,267
2,1,952,267
2,1,951,267
2,1,949,267
2,1,948,267
2,1,947,267
2,1,946,267
2,1,945,267
2,1,944,267
2,1,940,267
2,1,939,267
2,1,938,267
2,1,936,267
2,1,935,267
2,1,934,267
2,1,932,267
2,1,931,267
2,1,930,267
2,1,928,267
2,1,927,266
2,1,924,266
2,1,920,266
2,1,918,266
2,1,917,266
2,1,916,266
2,1,914,266
2,1,912,266
2,1,911,266
2,1,909,266
2,1,907,266
2,1,906,266
2,1,905,266
2,1,904,266
2,1,903,266
2,1,902,266
2,1,899,265
2,1,898,265
2,1,896,265
2,1,895,265
2,1,894,265
2,1,893,265
2,1,891,265
2,1,890,265
2,1,889,265
2,1,888,265
2,1,887,265
2,1,884,265
2,1,880,264
2,1,879,264
2,1,878,264
2,1,877,264
2,1,874,264
2,1,873,264
2,1,872,264
2,1,870,264
2,1,869,264
2,1,868,264
2,1,867,264
2,1,864,264
2,1,862,264
2,1,861,264
2,1,858,263
2,1,857,263
2,1,856,263
2,1,855,263
2,1,854,263
2,1,853,263
2,1,851,263
2,1,850,263
2,1,849,263
2,1,848,263
2,1,846,263
2,1,845,263
2,1,842,262
2,1,841,262
2,1,839,262
2,1,838,262
2,1,837,262
2,1,836,262
2,1,835,262
2,1,834,262
2,1,833,262
2,1,832,262
2,1,831,262
2,1,828,262
2,1,827,262
2,1,825,261
2,1,824,261
2,1,823,261
2,1,822,261
2,1,821,261
2,1,820,261
2,1,819,261
2,1,816,261
2,1,815,261
2,1,814,261
2,1,813,261
2,1,812,261
2,1,812,260
2,1,811,260
2,1,810,260
2,1,808,260
2,1,807,260
2,1,806,260
2,1,805,260
2,1,804,260
2,1,803,260
2,1,802,260
2,1,800,260
2,1,798,260
2,1,798,259
2,1,797,259
2,1,796,259
2,1,795,259
2,1,794,259
2,1,793,259
2,1,792,259
2,1,791,259
2,1,790,259
2,1,789,259
2,1,788,259
2,1,786,259
2,1,785,259
2,1,784,258
2,1,783,258
2,1,781,258
2,1,780,258
2,1,779,258
2,1,777,258
2,1,775,258
2,1,774,258
2,1,773,258
2,1,771,257
2,1,769,257
2,1,763,257
2,1,759,256
2,1,758,259
2,1,758,260
2,1,758,266
2,1,758,271
2,1,757,275
2,1,757,276
2,1,757,278
2,1,757,279
2,1,757,281
2,1,757,283
2,1,757,284
2,1,756,285
2,1,756,291
2,1,756,294
2,1,756,296
2,1,755,297
2,1,755,301
2,1,755,302
2,1,754,302
3,1,137,762
3,1,137,763
3,1,138,763
3,1,138,764
3,1,139,764
3,1,139,765
3,1,140,765
3,1,141,766
3,1,141,767
3,1,141,768
3,1,140,768
3,1,140,769
3,1,141,770
3,1,141,771
3,1,142,771
3,1,143,771
3,1,144,771
3,1,144,772
3,1,145,772
3,1,146,773
3,1,147,773
3,1,147,772
3,1,147,771
3,1,146,770
3,1,146,769
3,1,145,768
3,1,145,767
3,1,144,766
3,1,143,766
3,1,143,765
3,1,142,765
3,1,142,764
3,1,141,764
3,1,141,765
3,1,141,764
3,1,140,764
3,1,140,763
3,1,139,763
3,1,139,762
3,1,138,762
3,1,137,762
4,1,132,783
4,1,132,784
4,1,132,785
4,1,132,786
4,1,133,787
4,1,133,788
4,1,133,789
4,1,133,790
4,1,134,790
4,1,134,791
4,1,134,792
4,1,134,793
4,1,135,793
4,1,135,794
4,1,136,794
4,1,136,795
4,1,137,795
4,1,137,794
4,1,138,794
4,1,139,795
4,1,139,794
4,1,138,793
4,1,138,792
4,1,137,792
4,1,136,790
4,1,136,789
4,1,135,789
4,1,135,788
4,1,135,787
4,1,134,787
4,1,134,786
4,1,134,785
4,1,134,784
4,1,133,784
4,1,133,783
4,1,132,783
5,1,120,757
5,1,120,758
5,1,121,758
5,1,121,757
5,1,120,758
5,1,120,757
6,1,114,730
6,1,114,729
6,1,114,730
7,1,111,729
7,1,112,729
7,1,112,730
7,1,113,730
7,1,112,730
7,1,112,729
7,1,111,729
8,1,97,762
8,1,97,763
8,1,97,764
8,1,98,764
8,1,98,765
8,1,99,765
8,1,100,765
8,1,100,766
8,1,101,766
8,1,102,766
8,1,102,765
8,1,102,764
8,1,101,764
8,1,101,763
8,1,100,763
8,1,99,762
8,1,98,762
8,1,97,762
9,1,93,722
9,1,94,723
9,1,95,724
9,1,94,725
9,1,94,726
9,1,95,727
9,1,96,727
9,1,96,728
9,1,97,728
9,1,98,728
9,1,99,728
9,1,100,729
9,1,100,728
9,1,101,729
9,1,101,728
9,1,102,728
9,1,103,728
9,1,104,728
9,1,105,729
9,1,106,728
9,1,106,729
9,1,107,729
9,1,107,728
9,1,108,727
9,1,108,728
9,1,108,727
9,1,107,726
9,1,106,726
9,1,105,726
9,1,105,727
9,1,104,727
9,1,103,727
9,1,102,727
9,1,102,726
9,1,101,725
9,1,100,724
9,1,100,725
9,1,100,724
9,1,99,724
9,1,98,723
9,1,98,724
9,1,97,723
9,1,96,722
9,1,95,722
9,1,94,721
9,1,93,722
10,1,80,722
10,1,81,722
10,1,81,723
10,1,81,724
10,1,82,725
10,1,82,726
10,1,84,728
10,1,85,727
10,1,86,728
10,1,86,727
10,1,86,728
10,1,87,728
10,1,87,727
10,1,88,727
10,1,89,727
10,1,90,727
10,1,90,726
10,1,90,725
10,1,89,725
10,1,88,724
10,1,88,723
10,1,88,722
10,1,87,722
10,1,86,722
10,1,85,722
10,1,84,721
10,1,84,722
10,1,83,722
10,1,82,722
10,1,81,721
10,1,80,722
11,1,73,718
11,1,74,719
11,1,74,718
11,1,74,719
11,1,75,719
11,1,76,720
11,1,77,720
11,1,78,720
11,1,78,719
11,1,77,718
11,1,76,718
11,1,77,718
11,1,77,717
11,1,76,717
11,1,75,718
11,1,74,717
11,1,74,718
11,1,73,718
12,1,50,522
12,1,49,522
12,1,50,522
12,1,50,523
12,1,49,523
12,1,50,523
12,1,50,522
13,1,48,521
13,1,48,522
13,1,48,521
14,1,47,520
14,1,48,520
14,1,49,520
14,1,48,520
14,1,48,519
14,1,48,520
14,1,48,519
14,1,48,520
14,1,47,520
15,1,25,521
15,1,25,522
15,1,25,521
16,1,41,312
16,1,42,312
16,1,41,312
17,1,42,310
17,1,42,311
17,1,42,312
17,1,42,313
17,1,41,314
17,1,41,315
17,1,40,317
17,1,39,318
17,1,39,319
17,1,38,319
17,1,38,320
17,1,38,321
17,1,39,321
17,1,39,322
17,1,40,322
17,1,40,323
17,1,41,323
17,1,41,324
17,1,40,325
17,1,40,326
17,1,40,327
17,1,40,328
17,1,40,329
17,1,41,329
17,1,40,330
17,1,40,331
17,1,40,332
17,1,40,333
17,1,40,334
17,1,40,335
17,1,40,336
17,1,40,337
17,1,39,338
17,1,39,339
17,1,38,340
17,1,38,341
17,1,36,344
17,1,36,345
17,1,35,346
17,1,35,347
17,1,34,348
17,1,34,349
17,1,33,349
17,1,33,350
17,1,32,350
17,1,32,351
17,1,32,352
17,1,31,352
17,1,31,353
17,1,31,354
17,1,32,354
17,1,32,355
17,1,32,356
17,1,32,357
17,1,31,357
17,1,31,358
17,1,31,359
17,1,30,360
17,1,30,361
17,1,29,362
17,1,28,362
17,1,28,363
17,1,27,364
17,1,26,364
17,1,26,365
17,1,24,367
17,1,23,368
17,1,22,369
17,1,21,370
17,1,20,372
17,1,19,372
17,1,19,373
17,1,18,373
17,1,17,375
17,1,16,376
17,1,15,377
17,1,15,378
17,1,14,379
17,1,14,380
17,1,13,380
17,1,14,380
17,1,14,381
17,1,14,382
17,1,14,383
17,1,14,384
17,1,14,385
17,1,14,386
17,1,14,387
17,1,13,387
17,1,13,388
17,1,13,389
17,1,13,390
17,1,14,391
17,1,14,392
17,1,15,392
17,1,15,393
17,1,16,394
17,1,16,395
17,1,17,395
17,1,17,396
17,1,17,397
17,1,18,397
17,1,18,398
17,1,19,398
17,1,19,399
17,1,19,400
17,1,20,400
17,1,20,401
17,1,19,401
17,1,19,402
17,1,19,403
17,1,20,403
17,1,21,404
17,1,21,405
17,1,21,406
17,1,22,406
17,1,22,407
17,1,22,408
17,1,22,409
17,1,23,409
17,1,23,411
17,1,23,412
17,1,23,413
17,1,24,413
17,1,24,414
17,1,24,415
17,1,24,416
17,1,24,417
17,1,24,418
17,1,24,419
17,1,24,420
17,1,24,421
17,1,24,422
17,1,24,423
17,1,24,424
17,1,24,425
17,1,23,425
17,1,23,426
17,1,24,426
17,1,23,426
17,1,23,427
17,1,24,427
17,1,23,427
17,1,24,427
17,1,23,428
17,1,23,429
17,1,22,429
17,1,22,430
17,1,21,430
17,1,21,431
17,1,21,432
17,1,20,432
17,1,20,433
17,1,20,434
17,1,19,434
17,1,19,435
17,1,19,436
17,1,18,436
17,1,19,437
17,1,19,438
17,1,19,437
17,1,19,438
17,1,18,438
17,1,18,439
17,1,19,439
17,1,18,439
17,1,18,440
17,1,19,440
17,1,19,441
17,1,19,442
17,1,18,442
17,1,19,442
17,1,19,443
17,1,18,443
17,1,18,444
17,1,19,444
17,1,19,445
17,1,19,446
17,1,19,447
17,1,19,448
17,1,19,449
17,1,19,450
17,1,19,451
17,1,19,452
17,1,19,453
17,1,18,454
17,1,17,455
17,1,17,456
17,1,16,456
17,1,16,455
17,1,16,456
17,1,16,457
17,1,16,458
17,1,17,458
17,1,16,458
17,1,17,458
17,1,17,459
17,1,18,460
17,1,18,461
17,1,18,462
17,1,19,463
17,1,19,464
17,1,20,464
17,1,20,465
17,1,20,466
17,1,21,466
17,1,21,467
17,1,21,468
17,1,22,468
17,1,22,469
17,1,23,469
17,1,23,470
17,1,23,471
17,1,23,472
17,1,24,472
17,1,24,473
17,1,24,474
17,1,24,475
17,1,25,475
17,1,25,476
17,1,24,475
17,1,24,476
17,1,25,476
17,1,25,477
17,1,25,478
17,1,26,478
17,1,26,479
17,1,26,480
17,1,27,480
17,1,27,481
17,1,28,481
17,1,28,482
17,1,29,482
17,1,29,483
17,1,30,484
17,1,30,485
17,1,31,485
17,1,31,486
17,1,31,487
17,1,31,488
17,1,32,489
17,1,32,490
17,1,32,491
17,1,31,491
17,1,31,492
17,1,31,493
17,1,32,493
17,1,33,493
17,1,33,494
17,1,34,495
17,1,34,496
17,1,34,497
17,1,33,497
17,1,33,496
17,1,33,497
17,1,33,498
17,1,33,499
17,1,33,500
17,1,33,501
17,1,33,502
17,1,32,503
17,1,30,505
17,1,30,506
17,1,29,507
17,1,28,508
17,1,29,508
17,1,30,508
17,1,31,508
17,1,30,508
17,1,30,507
17,1,31,507
17,1,32,507
17,1,33,507
17,1,34,508
17,1,35,508
17,1,36,510
17,1,36,511
17,1,37,512
17,1,37,513
17,1,38,513
17,1,38,514
17,1,38,515
17,1,39,516
17,1,39,515
17,1,40,515
17,1,40,516
17,1,41,516
17,1,41,517
17,1,42,517
17,1,42,518
17,1,43,519
17,1,43,518
17,1,43,519
17,1,43,520
17,1,44,520
17,1,44,521
17,1,45,521
17,1,46,521
17,1,46,520
17,1,46,519
17,1,46,518
17,1,47,518
17,1,47,519
17,1,47,520
17,1,47,519
17,1,48,519
17,1,48,518
17,1,47,518
17,1,47,517
17,1,47,516
17,1,46,516
17,1,46,515
17,1,47,515
17,1,47,516
17,1,47,515
17,1,47,514
17,1,48,514
17,1,49,514
17,1,49,513
17,1,48,513
17,1,48,512
17,1,48,511
17,1,48,510
17,1,49,510
17,1,49,509
17,1,49,508
17,1,49,507
17,1,50,507
17,1,51,507
17,1,51,508
17,1,52,508
17,1,53,507
17,1,54,507
17,1,54,508
17,1,55,508
17,1,55,509
17,1,56,510
17,1,56,511
17,1,56,512
17,1,57,512
17,1,57,513
17,1,56,513
17,1,56,514
17,1,55,514
17,1,54,514
17,1,53,514
17,1,52,514
17,1,52,515
17,1,51,515
17,1,51,516
17,1,50,516
17,1,50,515
17,1,49,515
17,1,50,516
17,1,49,516
17,1,50,516
17,1,50,517
17,1,50,518
17,1,51,518
17,1,51,519
17,1,51,518
17,1,52,518
17,1,52,519
17,1,53,519
17,1,52,519
17,1,53,519
17,1,53,520
17,1,52,520
17,1,53,520
17,1,53,521
17,1,52,521
17,1,52,520
17,1,52,521
17,1,53,521
17,1,53,522
17,1,52,522
17,1,53,522
17,1,53,523
17,1,52,523
17,1,51,523
17,1,52,523
17,1,51,523
17,1,51,524
17,1,51,525
17,1,52,525
17,1,52,526
17,1,53,526
17,1,53,527
17,1,53,528
17,1,53,529
17,1,54,530
17,1,54,529
17,1,54,530
17,1,55,530
17,1,55,531
17,1,55,532
17,1,55,533
17,1,55,534
17,1,55,535
17,1,55,536
17,1,55,537
17,1,55,538
17,1,55,539
17,1,55,540
17,1,56,540
17,1,57,541
17,1,57,542
17,1,57,543
17,1,56,543
17,1,55,542
17,1,54,542
17,1,54,541
17,1,54,540
17,1,54,539
17,1,53,539
17,1,53,538
17,1,52,538
17,1,52,537
17,1,51,537
17,1,51,536
17,1,51,535
17,1,50,535
17,1,49,535
17,1,49,534
17,1,48,534
17,1,48,533
17,1,48,534
17,1,48,533
17,1,47,533
17,1,47,532
17,1,48,532
17,1,47,532
17,1,47,531
17,1,47,530
17,1,47,529
17,1,47,528
17,1,47,527
17,1,48,527
17,1,48,528
17,1,48,527
17,1,49,527
17,1,49,526
17,1,48,526
17,1,49,526
17,1,48,525
17,1,48,524
17,1,49,524
17,1,49,523
17,1,48,523
17,1,48,522
17,1,47,522
17,1,46,522
17,1,45,522
17,1,45,523
17,1,44,523
17,1,44,524
17,1,44,525
17,1,43,525
17,1,43,526
17,1,43,527
17,1,43,528
17,1,43,529
17,1,43,530
17,1,42,530
17,1,42,531
17,1,41,531
17,1,41,532
17,1,41,533
17,1,41,534
17,1,40,534
17,1,40,535
17,1,41,535
17,1,41,536
17,1,42,536
17,1,42,537
17,1,42,538
17,1,42,539
17,1,42,540
17,1,42,541
17,1,42,542
17,1,42,543
17,1,42,544
17,1,42,545
17,1,42,546
17,1,41,546
17,1,41,548
17,1,40,548
17,1,40,549
17,1,40,550
17,1,40,551
17,1,40,552
17,1,41,552
17,1,41,553
17,1,41,554
17,1,42,554
17,1,42,555
17,1,42,556
17,1,43,556
17,1,43,557
17,1,44,557
17,1,44,558
17,1,44,559
17,1,45,560
17,1,45,561
17,1,45,562
17,1,46,562
17,1,46,563
17,1,46,564
17,1,47,564
17,1,47,565
17,1,48,565
17,1,49,566
17,1,50,566
17,1,51,566
17,1,52,566
17,1,53,567
17,1,53,566
17,1,54,566
17,1,55,566
17,1,55,567
17,1,56,567
17,1,56,568
17,1,56,569
17,1,57,569
17,1,57,571
17,1,57,572
17,1,57,573
17,1,57,574
17,1,58,575
17,1,58,576
17,1,57,576
17,1,57,577
17,1,56,578
17,1,56,579
17,1,56,580
17,1,55,580
17,1,55,581
17,1,55,582
17,1,54,582
17,1,54,583
17,1,53,583
17,1,53,584
17,1,52,584
17,1,51,584
17,1,51,583
17,1,50,582
17,1,50,583
17,1,49,583
17,1,48,584
17,1,48,585
17,1,49,585
17,1,49,586
17,1,49,587
17,1,48,587
17,1,48,588
17,1,48,589
17,1,48,590
17,1,48,591
17,1,48,592
17,1,48,593
17,1,48,594
17,1,48,595
17,1,47,595
17,1,48,596
17,1,47,597
17,1,47,598
17,1,47,597
17,1,47,598
17,1,48,598
17,1,48,599
17,1,48,600
17,1,49,600
17,1,49,601
17,1,49,602
17,1,50,602
17,1,51,603
17,1,51,604
17,1,52,604
17,1,52,605
17,1,53,605
17,1,53,606
17,1,53,607
17,1,54,608
17,1,55,609
17,1,54,609
17,1,55,609
17,1,55,610
17,1,55,611
17,1,55,612
17,1,55,613
17,1,55,614
17,1,56,614
17,1,56,615
17,1,57,615
17,1,58,615
17,1,58,616
17,1,58,617
17,1,58,618
17,1,58,619
17,1,58,620
17,1,58,621
17,1,58,622
17,1,58,623
17,1,59,623
17,1,59,624
17,1,60,625
17,1,60,626
17,1,61,626
17,1,61,627
17,1,61,628
17,1,61,629
17,1,62,629
17,1,61,630
17,1,61,631
17,1,61,632
17,1,62,632
17,1,62,633
17,1,62,634
17,1,63,634
17,1,63,635
17,1,64,635
17,1,64,636
17,1,65,636
17,1,66,636
17,1,66,637
17,1,66,638
17,1,67,638
17,1,67,639
17,1,67,640
17,1,67,641
17,1,68,642
17,1,68,643
17,1,68,644
17,1,69,644
17,1,69,645
17,1,69,646
17,1,70,646
17,1,71,646
17,1,71,647
17,1,72,647
17,1,73,648
17,1,73,647
17,1,73,648
17,1,74,648
17,1,74,649
17,1,74,650
17,1,74,651
17,1,74,652
17,1,73,652
17,1,74,652
17,1,73,653
17,1,73,654
17,1,73,655
17,1,72,655
17,1,72,656
17,1,71,656
17,1,71,657
17,1,71,658
17,1,72,658
17,1,71,658
17,1,72,659
17,1,72,660
17,1,73,660
17,1,74,661
17,1,74,662
17,1,75,662
17,1,75,663
17,1,75,662
17,1,76,662
17,1,77,662
17,1,77,663
17,1,78,663
17,1,78,664
17,1,79,664
17,1,79,665
17,1,79,666
17,1,79,667
17,1,79,668
17,1,78,670
17,1,78,671
17,1,77,672
17,1,76,674
17,1,76,675
17,1,75,675
17,1,75,676
17,1,76,676
17,1,76,677
17,1,77,678
17,1,77,679
17,1,76,680
17,1,76,681
17,1,75,681
17,1,75,682
17,1,75,683
17,1,75,684
17,1,75,685
17,1,75,686
17,1,74,688
17,1,73,690
17,1,72,690
17,1,73,690
17,1,72,690
17,1,72,691
17,1,72,692
17,1,73,692
17,1,74,692
17,1,75,693
17,1,75,694
17,1,76,694
17,1,76,695
17,1,77,695
17,1,77,696
17,1,77,697
17,1,77,698
17,1,77,699
17,1,78,699
17,1,79,699
17,1,80,699
17,1,81,699
17,1,82,699
17,1,83,699
17,1,84,699
17,1,85,700
17,1,86,700
17,1,87,700
17,1,88,700
17,1,89,700
17,1,89,701
17,1,89,700
17,1,90,701
17,1,91,701
17,1,91,702
17,1,92,702
17,1,93,702
17,1,94,702
17,1,94,703
17,1,94,702
17,1,95,703
17,1,96,703
17,1,96,704
17,1,97,704
17,1,98,704
17,1,98,705
17,1,99,706
17,1,100,706
17,1,100,707
17,1,101,707
17,1,101,706
17,1,102,706
17,1,102,707
17,1,103,707
17,1,104,708
17,1,105,708
17,1,105,709
17,1,106,708
17,1,107,708
17,1,108,708
17,1,109,708
17,1,110,708
17,1,110,709
17,1,111,709
17,1,112,710
17,1,113,711
17,1,114,711
17,1,114,712
17,1,115,712
17,1,115,713
17,1,116,713
17,1,116,714
17,1,117,715
17,1,118,716
17,1,118,717
17,1,119,718
17,1,120,718
17,1,120,719
17,1,120,720
17,1,120,721
17,1,121,721
17,1,121,722
17,1,121,723
17,1,121,724
17,1,121,725
17,1,122,725
17,1,123,726
17,1,123,727
17,1,124,727
17,1,124,728
17,1,125,728
17,1,126,728
17,1,126,729
17,1,127,729
17,1,127,730
17,1,128,730
17,1,128,731
17,1,129,731
17,1,130,731
17,1,130,732
17,1,131,732
17,1,132,733
17,1,133,733
17,1,134,733
17,1,134,734
17,1,135,734
17,1,135,735
17,1,135,736
17,1,135,735
17,1,136,735
17,1,137,735
17,1,138,735
17,1,139,735
17,1,140,735
17,1,141,735
17,1,142,735
17,1,143,736
17,1,144,736
17,1,145,736
17,1,146,736
17,1,146,737
17,1,147,737
17,1,147,738
17,1,148,739
17,1,148,740
17,1,148,741
17,1,149,741
17,1,149,742
17,1,149,743
17,1,149,744
17,1,149,745
17,1,149,746
17,1,149,747
17,1,149,748
17,1,149,749
17,1,148,749
17,1,147,750
17,1,148,750
17,1,148,751
17,1,148,752
17,1,149,752
17,1,150,752
17,1,150,753
17,1,151,753
17,1,151,754
17,1,152,754
17,1,153,754
17,1,154,754
17,1,153,754
17,1,154,754
17,1,154,753
17,1,155,753
17,1,156,754
17,1,156,753
17,1,157,753
17,1,157,752
17,1,157,753
17,1,158,753
17,1,159,754
17,1,160,755
17,1,161,756
17,1,161,757
17,1,161,758
17,1,162,758
17,1,162,759
17,1,163,759
17,1,163,760
17,1,164,760
17,1,164,761
17,1,165,762
17,1,166,763
17,1,167,763
17,1,167,764
17,1,168,764
17,1,168,765
17,1,168,766
17,1,169,766
17,1,170,766
17,1,170,767
17,1,170,768
17,1,171,769
17,1,171,770
17,1,171,771
17,1,172,771
17,1,173,771
17,1,173,772
17,1,174,772
17,1,174,773
17,1,175,774
17,1,175,775
17,1,175,776
17,1,176,776
17,1,177,777
17,1,177,778
17,1,178,779
17,1,179,780
17,1,179,781
17,1,180,782
17,1,180,783
17,1,181,785
17,1,181,786
17,1,181,787
17,1,182,787
17,1,182,788
17,1,182,789
17,1,182,790
17,1,183,790
17,1,183,791
17,1,183,792
17,1,183,793
17,1,183,794
17,1,183,795
17,1,183,796
17,1,183,797
17,1,183,798
17,1,183,799
17,1,183,800
17,1,183,801
17,1,183,802
17,1,183,803
17,1,182,803
17,1,182,804
17,1,182,803
17,1,182,804
17,1,181,804
17,1,181,805
17,1,182,805
17,1,182,806
17,1,182,807
17,1,182,808
17,1,182,809
17,1,181,809
17,1,181,810
17,1,181,811
17,1,181,812
17,1,182,812
17,1,183,812
17,1,184,812
17,1,184,813
17,1,185,814
17,1,185,815
17,1,185,816
17,1,185,817
17,1,185,818
17,1,184,818
17,1,184,819
17,1,185,819
17,1,184,820
17,1,185,820
17,1,187,820
17,1,188,820
17,1,191,820
17,1,192,820
17,1,192,821
17,1,194,821
17,1,195,821
17,1,197,821
17,1,199,821
17,1,202,822
17,1,204,822
17,1,208,822
17,1,211,823
17,1,212,823
17,1,213,823
17,1,214,823
17,1,219,824
17,1,221,824
17,1,223,824
17,1,224,824
17,1,225,824
17,1,228,825
17,1,235,826
17,1,242,826
17,1,243,827
17,1,248,827
17,1,250,827
17,1,251,827
17,1,255,828
17,1,256,828
17,1,270,830
17,1,280,831
17,1,281,831
17,1,281,830
17,1,282,830
17,1,283,830
17,1,283,831
17,1,284,831
17,1,285,831
17,1,286,831
17,1,287,831
17,1,288,831
17,1,289,831
17,1,289,830
17,1,289,829
17,1,289,828
17,1,290,828
17,1,291,828
17,1,291,827
17,1,292,827
17,1,292,826
17,1,292,825
17,1,293,824
17,1,292,823
17,1,292,822
17,1,293,822
17,1,293,821
17,1,292,821
17,1,292,820
17,1,292,819
17,1,292,818
17,1,291,818
17,1,290,817
17,1,289,817
17,1,289,818
17,1,288,817
17,1,287,817
17,1,287,816
17,1,286,817
17,1,286,816
17,1,286,815
17,1,285,815
17,1,285,814
17,1,285,813
17,1,286,812
17,1,286,811
17,1,287,811
17,1,287,810
17,1,287,809
17,1,287,808
17,1,287,807
17,1,287,806
17,1,288,806
17,1,288,805
17,1,287,805
17,1,286,804
17,1,286,803
17,1,287,803
17,1,287,802
17,1,288,801
17,1,287,800
17,1,288,800
17,1,287,800
17,1,287,799
17,1,288,799
17,1,288,798
17,1,289,798
17,1,290,799
17,1,291,798
17,1,291,797
17,1,292,796
17,1,293,796
17,1,293,795
17,1,294,795
17,1,295,795
17,1,295,794
17,1,296,793
17,1,296,792
17,1,296,791
17,1,297,791
17,1,297,790
17,1,297,789
17,1,297,788
17,1,298,788
17,1,297,788
17,1,297,787
17,1,298,787
17,1,299,787
17,1,299,786
17,1,299,785
17,1,298,785
17,1,299,784
17,1,299,783
17,1,299,782
17,1,299,781
17,1,299,780
17,1,299,779
17,1,300,779
17,1,300,778
17,1,299,777
17,1,300,777
17,1,300,776
17,1,299,776
17,1,299,775
17,1,300,775
17,1,300,774
17,1,301,774
17,1,302,774
17,1,302,773
17,1,303,773
17,1,303,772
17,1,304,772
17,1,304,771
17,1,304,770
17,1,304,769
17,1,305,769
17,1,305,768
17,1,306,768
17,1,307,768
17,1,308,768
17,1,308,767
17,1,309,767
17,1,310,767
17,1,310,766
17,1,311,766
17,1,312,766
17,1,313,766
17,1,314,765
17,1,314,764
17,1,315,764
17,1,316,763
17,1,317,763
17,1,318,763
17,1,318,762
17,1,318,761
17,1,318,760
17,1,317,759
17,1,317,758
17,1,316,757
17,1,315,757
17,1,315,756
17,1,314,755
17,1,313,755
17,1,313,754
17,1,313,753
17,1,312,753
17,1,312,752
17,1,311,752
17,1,310,752
17,1,310,751
17,1,310,750
17,1,311,750
17,1,311,749
17,1,311,748
17,1,311,747
17,1,310,747
17,1,310,746
17,1,310,745
17,1,309,745
17,1,310,744
17,1,309,743
17,1,310,743
17,1,310,742
17,1,309,742
17,1,309,741
17,1,309,740
17,1,309,739
17,1,309,738
17,1,308,738
17,1,308,737
17,1,307,737
17,1,307,736
17,1,306,736
17,1,306,735
17,1,306,734
17,1,306,733
17,1,306,732
17,1,305,732
17,1,305,731
17,1,304,730
17,1,304,729
17,1,305,729
17,1,305,728
17,1,305,727
17,1,305,726
17,1,305,725
17,1,306,725
17,1,306,724
17,1,305,723
17,1,304,722
17,1,303,720
17,1,301,717
17,1,300,715
17,1,299,714
17,1,298,713
17,1,298,712
17,1,297,711
17,1,296,710
17,1,295,707
17,1,293,705
17,1,292,704
17,1,292,703
17,1,291,703
17,1,291,702
17,1,290,701
17,1,290,700
17,1,289,700
17,1,288,698
17,1,288,697
17,1,286,695
17,1,285,693
17,1,283,691
17,1,283,690
17,1,283,689
17,1,282,689
17,1,282,688
17,1,280,686
17,1,279,685
17,1,278,683
17,1,278,682
17,1,276,679
17,1,275,679
17,1,275,678
17,1,274,677
17,1,274,676
17,1,273,676
17,1,272,673
17,1,269,670
17,1,269,669
17,1,267,667
17,1,267,666
17,1,266,665
17,1,266,664
17,1,265,664
17,1,265,663
17,1,265,662
17,1,264,662
17,1,262,658
17,1,261,658
17,1,261,657
17,1,259,654
17,1,258,653
17,1,257,652
17,1,257,651
17,1,254,647
17,1,253,645
17,1,252,644
17,1,252,643
17,1,250,640
17,1,249,640
17,1,248,638
17,1,246,635
17,1,245,633
17,1,243,631
17,1,238,623
17,1,237,621
17,1,235,618
17,1,233,615
17,1,231,612
17,1,230,611
17,1,228,608
17,1,228,607
17,1,227,606
17,1,226,606
17,1,224,602
17,1,221,597
17,1,220,596
17,1,219,594
17,1,218,593
17,1,215,588
17,1,214,587
17,1,213,586
17,1,211,582
17,1,210,580
17,1,209,580
17,1,209,579
17,1,208,578
17,1,207,576
17,1,205,573
17,1,204,572
17,1,203,570
17,1,199,564
17,1,194,556
17,1,193,555
17,1,192,553
17,1,191,552
17,1,190,550
17,1,188,548
17,1,186,544
17,1,185,543
17,1,184,542
17,1,183,541
17,1,182,538
17,1,180,535
17,1,179,534
17,1,178,532
17,1,177,531
17,1,175,529
17,1,175,528
17,1,174,527
17,1,173,526
17,1,172,524
17,1,171,522
17,1,170,521
17,1,168,518
17,1,167,517
17,1,165,513
17,1,164,512
17,1,163,510
17,1,162,510
17,1,162,509
17,1,161,508
17,1,160,506
17,1,159,505
17,1,159,504
17,1,158,503
17,1,157,502
17,1,157,501
17,1,156,500
17,1,154,497
17,1,153,495
17,1,152,495
17,1,152,494
17,1,152,493
17,1,151,493
17,1,151,492
17,1,150,491
17,1,151,487
17,1,151,485
17,1,152,483
17,1,152,480
17,1,152,479
17,1,153,479
17,1,153,478
17,1,153,477
17,1,153,476
17,1,154,475
17,1,154,473
17,1,154,472
17,1,155,470
17,1,155,469
17,1,156,468
17,1,156,467
17,1,156,466
17,1,156,465
17,1,157,464
17,1,157,462
17,1,157,461
17,1,158,460
17,1,158,459
17,1,159,457
17,1,159,456
17,1,159,454
17,1,160,453
17,1,160,452
17,1,160,451
17,1,161,448
17,1,161,447
17,1,161,446
17,1,163,441
17,1,163,440
17,1,164,438
17,1,164,437
17,1,165,432
17,1,166,429
17,1,167,425
17,1,168,421
17,1,169,418
17,1,170,415
17,1,171,410
17,1,171,409
17,1,171,408
17,1,172,405
17,1,172,403
17,1,174,396
17,1,176,390
17,1,176,389
17,1,178,382
17,1,180,374
17,1,181,371
17,1,181,368
17,1,182,368
17,1,182,366
17,1,183,362
17,1,185,356
17,1,185,355
17,1,186,351
17,1,184,350
17,1,183,350
17,1,180,349
17,1,179,349
17,1,178,349
17,1,177,348
17,1,176,348
17,1,175,348
17,1,172,347
17,1,169,346
17,1,168,346
17,1,167,346
17,1,165,345
17,1,163,345
17,1,162,345
17,1,160,344
17,1,159,344
17,1,158,343
17,1,156,343
17,1,154,342
17,1,152,342
17,1,151,342
17,1,149,341
17,1,148,341
17,1,147,340
17,1,146,340
17,1,143,339
17,1,142,339
17,1,141,339
17,1,140,339
17,1,140,338
17,1,139,338
17,1,137,337
17,1,136,337
17,1,134,337
17,1,132,336
17,1,131,336
17,1,130,336
17,1,129,335
17,1,128,335
17,1,125,334
17,1,124,334
17,1,121,333
17,1,120,332
17,1,119,332
17,1,118,332
17,1,116,331
17,1,115,331
17,1,113,330
17,1,112,330
17,1,111,330
17,1,110,329
17,1,109,329
17,1,108,329
17,1,107,329
17,1,105,328
17,1,104,328
17,1,103,328
17,1,101,327
17,1,99,326
17,1,97,326
17,1,96,326
17,1,95,325
17,1,93,325
17,1,92,325
17,1,90,324
17,1,88,323
17,1,87,323
17,1,85,323
17,1,85,322
17,1,84,322
17,1,82,322
17,1,81,321
17,1,80,321
17,1,79,321
17,1,79,320
17,1,77,320
17,1,76,320
17,1,75,320
17,1,72,319
17,1,70,318
17,1,69,318
17,1,68,318
17,1,67,317
17,1,66,317
17,1,64,317
17,1,62,316
17,1,61,316
17,1,59,315
17,1,57,315
17,1,56,314
17,1,55,314
17,1,51,313
17,1,50,312
17,1,47,311
17,1,46,311
17,1,45,311
17,1,42,310
18,1,1279,714
18,1,1280,714
18,1,1281,714
18,1,1282,714
18,1,1283,713
18,1,1284,713
18,1,1285,713
18,1,1287,713
18,1,1288,713
18,1,1289,713
18,1,1290,713
18,1,1291,713
18,1,1292,713
18,1,1293,713
18,1,1294,713
18,1,1295,713
18,1,1296,713
18,1,1297,712
18,1,1298,712
18,1,1299,712
18,1,1300,712
18,1,1301,712
18,1,1302,712
18,1,1303,712
18,1,1304,712
18,1,1305,712
18,1,1306,712
18,1,1308,712
18,1,1309,712
18,1,1311,712
18,1,1311,711
18,1,1312,711
18,1,1313,711
18,1,1314,711
18,1,1315,711
18,1,1316,711
18,1,1317,711
18,1,1318,711
18,1,1320,711
18,1,1321,711
18,1,1323,711
18,1,1324,711
18,1,1326,710
18,1,1328,710
18,1,1329,710
18,1,1331,710
18,1,1331,709
18,1,1331,708
18,1,1331,707
18,1,1331,706
18,1,1331,705
18,1,1330,704
18,1,1330,703
18,1,1330,702
18,1,1329,701
18,1,1330,701
18,1,1332,701
18,1,1335,701
18,1,1336,701
18,1,1337,701
18,1,1338,701
18,1,1338,703
18,1,1340,703
18,1,1342,702
18,1,1344,702
18,1,1346,702
18,1,1349,702
18,1,1351,701
18,1,1352,701
18,1,1353,701
18,1,1354,701
18,1,1355,701
18,1,1356,701
18,1,1357,701
18,1,1358,701
18,1,1359,701
18,1,1360,701
18,1,1361,700
18,1,1363,700
18,1,1364,700
18,1,1365,700
18,1,1366,700
18,1,1368,700
18,1,1370,700
18,1,1370,699
18,1,1371,699
18,1,1373,699
18,1,1374,699
18,1,1376,699
18,1,1377,699
18,1,1378,698
18,1,1379,698
18,1,1380,698
18,1,1381,698
18,1,1382,698
18,1,1383,698
18,1,1385,698
18,1,1386,698
18,1,1387,698
18,1,1388,698
18,1,1389,697
18,1,1390,697
18,1,1391,697
18,1,1393,697
18,1,1394,697
18,1,1395,697
18,1,1396,697
18,1,1397,697
18,1,1398,697
18,1,1399,697
18,1,1400,697
18,1,1401,697
18,1,1402,697
18,1,1403,697
18,1,1404,697
18,1,1405,696
18,1,1407,696
18,1,1408,696
18,1,1409,696
18,1,1410,696
18,1,1411,696
18,1,1412,696
18,1,1413,696
18,1,1415,696
18,1,1416,696
18,1,1418,696
18,1,1419,696
18,1,1420,696
18,1,1421,696
18,1,1424,695
18,1,1425,695
18,1,1427,695
18,1,1428,695
18,1,1430,695
18,1,1431,694
18,1,1434,694
18,1,1435,694
18,1,1436,693
18,1,1438,693
18,1,1439,693
18,1,1440,693
18,1,1441,693
18,1,1443,693
18,1,1444,693
18,1,1445,693
18,1,1447,693
18,1,1448,693
18,1,1449,693
18,1,1450,693
18,1,1452,693
18,1,1454,692
18,1,1455,692
18,1,1460,692
18,1,1461,692
18,1,1463,692
18,1,1464,692
18,1,1465,692
18,1,1465,691
18,1,1467,691
18,1,1468,691
18,1,1469,691
18,1,1474,691
18,1,1476,690
18,1,1477,690
18,1,1479,690
18,1,1480,690
18,1,1482,690
18,1,1483,690
18,1,1484,690
18,1,1485,689
18,1,1487,689
18,1,1488,689
18,1,1490,689
18,1,1492,689
18,1,1494,689
18,1,1495,688
18,1,1496,688
18,1,1497,688
18,1,1497,687
18,1,1497,686
18,1,1498,686
18,1,1499,686
18,1,1499,685
18,1,1500,685
18,1,1500,684
18,1,1501,684
18,1,1502,684
18,1,1502,683
18,1,1503,683
18,1,1504,683
18,1,1505,683
18,1,1506,683
18,1,1507,682
18,1,1508,681
18,1,1509,680
18,1,1510,680
18,1,1511,680
18,1,1512,679
18,1,1513,679
18,1,1514,678
18,1,1515,678
18,1,1516,678
18,1,1516,677
18,1,1516,676
18,1,1516,675
18,1,1517,675
18,1,1517,674
18,1,1517,673
18,1,1518,673
18,1,1518,672
18,1,1519,672
18,1,1520,672
18,1,1521,671
18,1,1522,671
18,1,1523,671
18,1,1523,670
18,1,1524,670
18,1,1525,670
18,1,1525,669
18,1,1525,668
18,1,1525,667
18,1,1525,666
18,1,1525,665
18,1,1526,665
18,1,1526,664
18,1,1527,663
18,1,1528,663
18,1,1528,662
18,1,1529,662
18,1,1529,661
18,1,1530,661
18,1,1529,660
18,1,1530,660
18,1,1530,659
18,1,1529,659
18,1,1529,658
18,1,1529,657
18,1,1530,657
18,1,1531,657
18,1,1531,656
18,1,1532,656
18,1,1532,655
18,1,1533,655
18,1,1533,654
18,1,1534,654
18,1,1534,653
18,1,1535,653
18,1,1535,652
18,1,1536,652
18,1,1537,651
18,1,1538,651
18,1,1538,650
18,1,1539,650
18,1,1540,650
18,1,1540,649
18,1,1541,649
18,1,1542,649
18,1,1542,648
18,1,1543,648
18,1,1543,647
18,1,1544,646
18,1,1545,645
18,1,1545,644
18,1,1546,643
18,1,1547,643
18,1,1547,642
18,1,1549,641
18,1,1549,640
18,1,1550,639
18,1,1551,637
18,1,1552,637
18,1,1554,634
18,1,1555,633
18,1,1554,633
18,1,1554,634
18,1,1553,634
18,1,1552,634
18,1,1552,633
18,1,1552,634
18,1,1551,634
18,1,1550,633
18,1,1549,634
18,1,1549,633
18,1,1549,634
18,1,1548,634
18,1,1548,633
18,1,1548,632
18,1,1547,632
18,1,1547,631
18,1,1546,631
18,1,1547,631
18,1,1546,631
18,1,1546,630
18,1,1546,629
18,1,1545,630
18,1,1546,630
18,1,1546,631
18,1,1545,631
18,1,1544,630
18,1,1544,629
18,1,1543,629
18,1,1542,629
18,1,1541,629
18,1,1541,628
18,1,1541,627
18,1,1540,627
18,1,1540,626
18,1,1539,626
18,1,1540,625
18,1,1539,625
18,1,1540,624
18,1,1539,624
18,1,1538,624
18,1,1538,623
18,1,1537,623
18,1,1537,622
18,1,1537,623
18,1,1536,623
18,1,1536,622
18,1,1536,621
18,1,1535,621
18,1,1536,621
18,1,1535,621
18,1,1535,620
18,1,1536,620
18,1,1535,620
18,1,1535,619
18,1,1534,619
18,1,1533,618
18,1,1533,619
18,1,1533,618
18,1,1532,618
18,1,1533,618
18,1,1532,618
18,1,1532,617
18,1,1533,616
18,1,1532,616
18,1,1533,616
18,1,1533,615
18,1,1532,615
18,1,1532,614
18,1,1531,614
18,1,1531,615
18,1,1531,614
18,1,1530,614
18,1,1530,613
18,1,1530,612
18,1,1529,612
18,1,1529,611
18,1,1528,611
18,1,1528,610
18,1,1527,610
18,1,1527,609
18,1,1526,609
18,1,1525,609
18,1,1525,608
18,1,1525,607
18,1,1526,607
18,1,1526,606
18,1,1526,605
18,1,1526,604
18,1,1526,603
18,1,1527,603
18,1,1527,602
18,1,1527,601
18,1,1526,601
18,1,1526,600
18,1,1527,600
18,1,1526,599
18,1,1525,598
18,1,1525,597
18,1,1525,596
18,1,1525,595
18,1,1525,594
18,1,1524,593
18,1,1524,592
18,1,1523,592
18,1,1522,591
18,1,1521,591
18,1,1521,590
18,1,1520,590
18,1,1520,589
18,1,1519,589
18,1,1518,589
18,1,1517,589
18,1,1516,589
18,1,1515,588
18,1,1514,587
18,1,1514,586
18,1,1514,585
18,1,1514,584
18,1,1513,584
18,1,1513,583
18,1,1513,582
18,1,1513,581
18,1,1512,580
18,1,1511,581
18,1,1510,581
18,1,1510,582
18,1,1509,582
18,1,1508,582
18,1,1507,582
18,1,1507,583
18,1,1506,584
18,1,1505,585
18,1,1504,585
18,1,1504,586
18,1,1504,587
18,1,1504,588
18,1,1503,588
18,1,1502,588
18,1,1501,588
18,1,1501,589
18,1,1501,588
18,1,1500,588
18,1,1499,588
18,1,1499,589
18,1,1498,590
18,1,1497,590
18,1,1497,589
18,1,1497,588
18,1,1496,588
18,1,1495,588
18,1,1495,587
18,1,1494,587
18,1,1493,587
18,1,1492,587
18,1,1491,587
18,1,1490,586
18,1,1489,586
18,1,1488,586
18,1,1488,587
18,1,1487,587
18,1,1486,587
18,1,1485,588
18,1,1485,589
18,1,1485,590
18,1,1484,590
18,1,1483,590
18,1,1482,590
18,1,1481,590
18,1,1480,590
18,1,1480,589
18,1,1480,588
18,1,1479,588
18,1,1479,587
18,1,1478,587
18,1,1477,587
18,1,1477,586
18,1,1477,585
18,1,1476,585
18,1,1475,585
18,1,1474,585
18,1,1474,584
18,1,1473,584
18,1,1472,584
18,1,1471,584
18,1,1471,585
18,1,1470,585
18,1,1469,585
18,1,1468,585
18,1,1467,585
18,1,1466,585
18,1,1465,585
18,1,1464,584
18,1,1463,584
18,1,1462,584
18,1,1462,583
18,1,1462,582
18,1,1462,581
18,1,1462,580
18,1,1461,580
18,1,1461,579
18,1,1460,579
18,1,1460,578
18,1,1459,578
18,1,1459,577
18,1,1459,576
18,1,1459,575
18,1,1458,575
18,1,1458,574
18,1,1457,574
18,1,1456,574
18,1,1455,574
18,1,1454,574
18,1,1454,573
18,1,1453,573
18,1,1453,572
18,1,1453,571
18,1,1452,570
18,1,1451,571
18,1,1451,572
18,1,1450,572
18,1,1449,572
18,1,1448,572
18,1,1448,573
18,1,1447,573
18,1,1446,573
18,1,1445,573
18,1,1445,572
18,1,1444,572
18,1,1443,572
18,1,1443,571
18,1,1442,571
18,1,1442,570
18,1,1441,570
18,1,1441,571
18,1,1440,571
18,1,1440,572
18,1,1439,572
18,1,1439,573
18,1,1438,573
18,1,1438,574
18,1,1437,574
18,1,1437,575
18,1,1436,575
18,1,1437,576
18,1,1438,577
18,1,1438,578
18,1,1439,578
18,1,1439,579
18,1,1439,580
18,1,1439,581
18,1,1438,581
18,1,1438,582
18,1,1438,583
18,1,1439,583
18,1,1440,583
18,1,1441,583
18,1,1442,583
18,1,1442,584
18,1,1441,584
18,1,1441,585
18,1,1440,585
18,1,1440,586
18,1,1441,587
18,1,1441,588
18,1,1440,588
18,1,1439,588
18,1,1438,588
18,1,1437,588
18,1,1437,589
18,1,1436,589
18,1,1435,589
18,1,1434,589
18,1,1434,590
18,1,1433,590
18,1,1432,591
18,1,1431,592
18,1,1430,593
18,1,1430,594
18,1,1429,594
18,1,1428,594
18,1,1427,594
18,1,1426,594
18,1,1426,593
18,1,1425,592
18,1,1424,592
18,1,1423,592
18,1,1422,593
18,1,1421,593
18,1,1420,593
18,1,1419,593
18,1,1418,593
18,1,1418,594
18,1,1418,595
18,1,1418,596
18,1,1419,597
18,1,1419,598
18,1,1419,599
18,1,1419,600
18,1,1420,601
18,1,1420,602
18,1,1420,603
18,1,1419,603
18,1,1419,604
18,1,1418,604
18,1,1418,605
18,1,1418,606
18,1,1417,606
18,1,1417,607
18,1,1416,607
18,1,1415,607
18,1,1414,607
18,1,1414,608
18,1,1413,609
18,1,1413,610
18,1,1413,611
18,1,1413,612
18,1,1413,613
18,1,1412,614
18,1,1412,615
18,1,1411,615
18,1,1411,616
18,1,1410,616
18,1,1410,617
18,1,1409,617
18,1,1409,616
18,1,1408,616
18,1,1407,616
18,1,1406,616
18,1,1406,617
18,1,1406,618
18,1,1406,619
18,1,1405,620
18,1,1404,621
18,1,1404,622
18,1,1404,623
18,1,1404,624
18,1,1404,625
18,1,1404,626
18,1,1404,627
18,1,1404,628
18,1,1404,629
18,1,1404,630
18,1,1403,630
18,1,1402,630
18,1,1401,631
18,1,1400,631
18,1,1400,632
18,1,1400,633
18,1,1399,632
18,1,1399,631
18,1,1398,631
18,1,1398,630
18,1,1397,630
18,1,1396,630
18,1,1396,631
18,1,1395,631
18,1,1394,631
18,1,1394,630
18,1,1393,630
18,1,1392,630
18,1,1392,629
18,1,1391,629
18,1,1391,628
18,1,1390,627
18,1,1390,626
18,1,1391,626
18,1,1391,625
18,1,1390,625
18,1,1390,624
18,1,1389,624
18,1,1389,623
18,1,1388,623
18,1,1387,623
18,1,1387,622
18,1,1387,623
18,1,1386,623
18,1,1386,624
18,1,1387,624
18,1,1388,624
18,1,1389,625
18,1,1388,626
18,1,1387,626
18,1,1386,626
18,1,1386,627
18,1,1385,627
18,1,1385,626
18,1,1384,626
18,1,1384,627
18,1,1383,627
18,1,1384,627
18,1,1384,628
18,1,1385,628
18,1,1385,629
18,1,1384,630
18,1,1383,630
18,1,1382,630
18,1,1382,631
18,1,1382,632
18,1,1382,633
18,1,1382,634
18,1,1382,635
18,1,1383,635
18,1,1383,636
18,1,1382,636
18,1,1382,637
18,1,1381,637
18,1,1381,636
18,1,1380,636
18,1,1380,637
18,1,1379,637
18,1,1379,638
18,1,1380,638
18,1,1380,639
18,1,1379,640
18,1,1378,640
18,1,1378,641
18,1,1377,640
18,1,1377,639
18,1,1378,639
18,1,1378,638
18,1,1378,637
18,1,1377,637
18,1,1376,637
18,1,1376,638
18,1,1375,638
18,1,1374,638
18,1,1374,637
18,1,1373,637
18,1,1373,636
18,1,1372,636
18,1,1372,635
18,1,1372,634
18,1,1371,634
18,1,1370,634
18,1,1369,634
18,1,1369,635
18,1,1368,636
18,1,1368,637
18,1,1367,637
18,1,1366,637
18,1,1365,638
18,1,1364,638
18,1,1363,639
18,1,1363,640
18,1,1363,641
18,1,1363,642
18,1,1363,643
18,1,1362,644
18,1,1362,645
18,1,1361,645
18,1,1360,645
18,1,1360,644
18,1,1359,643
18,1,1358,642
18,1,1358,643
18,1,1357,642
18,1,1356,642
18,1,1355,642
18,1,1355,641
18,1,1354,641
18,1,1353,640
18,1,1352,640
18,1,1351,640
18,1,1351,639
18,1,1350,639
18,1,1349,639
18,1,1349,638
18,1,1348,638
18,1,1348,639
18,1,1347,639
18,1,1346,640
18,1,1346,641
18,1,1345,641
18,1,1345,640
18,1,1344,640
18,1,1343,639
18,1,1343,638
18,1,1342,638
18,1,1342,639
18,1,1341,639
18,1,1341,640
18,1,1341,641
18,1,1342,641
18,1,1342,642
18,1,1343,642
18,1,1343,643
18,1,1342,643
18,1,1342,644
18,1,1341,645
18,1,1340,645
18,1,1339,644
18,1,1339,643
18,1,1340,642
18,1,1339,641
18,1,1338,642
18,1,1337,642
18,1,1336,642
18,1,1335,643
18,1,1334,643
18,1,1333,643
18,1,1333,642
18,1,1332,642
18,1,1332,641
18,1,1331,641
18,1,1330,642
18,1,1330,643
18,1,1329,643
18,1,1330,644
18,1,1331,645
18,1,1331,646
18,1,1331,647
18,1,1330,647
18,1,1330,648
18,1,1329,648
18,1,1328,648
18,1,1328,647
18,1,1327,647
18,1,1326,647
18,1,1326,648
18,1,1326,649
18,1,1326,650
18,1,1325,650
18,1,1325,651
18,1,1324,651
18,1,1324,652
18,1,1323,652
18,1,1323,653
18,1,1322,654
18,1,1322,655
18,1,1322,656
18,1,1323,656
18,1,1323,657
18,1,1323,658
18,1,1323,659
18,1,1324,659
18,1,1325,659
18,1,1325,660
18,1,1326,660
18,1,1326,661
18,1,1326,662
18,1,1326,663
18,1,1325,663
18,1,1324,664
18,1,1324,663
18,1,1323,664
18,1,1322,664
18,1,1321,664
18,1,1320,664
18,1,1320,665
18,1,1319,665
18,1,1318,665
18,1,1317,666
18,1,1316,666
18,1,1316,667
18,1,1315,668
18,1,1315,667
18,1,1314,667
18,1,1313,667
18,1,1312,667
18,1,1312,668
18,1,1311,668
18,1,1311,669
18,1,1311,670
18,1,1311,671
18,1,1311,672
18,1,1310,673
18,1,1310,674
18,1,1311,674
18,1,1311,675
18,1,1311,676
18,1,1312,676
18,1,1312,677
18,1,1313,677
18,1,1313,678
18,1,1314,678
18,1,1314,679
18,1,1314,680
18,1,1314,681
18,1,1314,682
18,1,1314,683
18,1,1313,683
18,1,1313,684
18,1,1312,684
18,1,1311,684
18,1,1310,684
18,1,1309,684
18,1,1309,683
18,1,1308,683
18,1,1308,682
18,1,1307,682
18,1,1306,682
18,1,1305,681
18,1,1304,681
18,1,1303,681
18,1,1302,681
18,1,1301,680
18,1,1300,680
18,1,1300,679
18,1,1299,679
18,1,1298,679
18,1,1297,678
18,1,1296,678
18,1,1295,678
18,1,1294,678
18,1,1293,678
18,1,1292,678
18,1,1291,679
18,1,1290,680
18,1,1289,681
18,1,1289,682
18,1,1289,683
18,1,1288,683
18,1,1288,684
18,1,1287,684
18,1,1287,685
18,1,1286,686
18,1,1286,687
18,1,1286,688
18,1,1286,689
18,1,1287,689
18,1,1287,690
18,1,1288,690
18,1,1289,690
18,1,1289,691
18,1,1289,692
18,1,1289,693
18,1,1289,694
18,1,1289,695
18,1,1288,696
18,1,1288,697
18,1,1287,697
18,1,1287,698
18,1,1287,699
18,1,1288,699
18,1,1289,699
18,1,1289,700
18,1,1289,701
18,1,1288,701
18,1,1287,701
18,1,1286,702
18,1,1286,703
18,1,1287,703
18,1,1287,704
18,1,1288,704
18,1,1288,705
18,1,1288,706
18,1,1287,706
18,1,1287,707
18,1,1287,708
18,1,1286,710
18,1,1285,710
18,1,1284,710
18,1,1283,709
18,1,1282,708
18,1,1282,707
18,1,1281,707
18,1,1281,708
18,1,1280,708
18,1,1280,709
18,1,1280,710
18,1,1279,711
18,1,1279,712
18,1,1279,713
18,1,1279,714
19,1,1276,714
19,1,1277,713
19,1,1277,712
19,1,1277,711
19,1,1276,711
19,1,1275,710
19,1,1274,710
19,1,1273,711
19,1,1273,712
19,1,1273,713
19,1,1274,713
19,1,1274,714
19,1,1275,714
19,1,1276,714
20,1,1355,997
20,1,1356,998
20,1,1356,997
20,1,1356,996
20,1,1355,996
20,1,1355,997
21,1,1348,1007
21,1,1349,1007
21,1,1348,1007
22,1,1347,1006
22,1,1347,1005
22,1,1347,1006
23,1,1345,1011
23,1,1346,1011
23,1,1347,1011
23,1,1348,1010
23,1,1350,1010
23,1,1351,1010
23,1,1352,1010
23,1,1353,1010
23,1,1354,1010
23,1,1355,1010
23,1,1355,1009
23,1,1354,1009
23,1,1353,1008
23,1,1353,1009
23,1,1352,1009
23,1,1352,1010
23,1,1351,1010
23,1,1350,1010
23,1,1349,1010
23,1,1347,1011
23,1,1346,1011
23,1,1345,1011
24,1,1331,783
24,1,1332,784
24,1,1332,785
24,1,1333,786
24,1,1334,786
24,1,1334,787
24,1,1335,787
24,1,1336,787
24,1,1335,790
24,1,1335,791
24,1,1335,792
24,1,1335,793
24,1,1335,794
24,1,1335,795
24,1,1335,796
24,1,1335,797
24,1,1335,799
24,1,1335,800
24,1,1335,802
24,1,1335,803
24,1,1335,806
24,1,1335,807
24,1,1335,808
24,1,1335,809
24,1,1335,810
24,1,1335,812
24,1,1335,815
24,1,1335,816
24,1,1335,817
24,1,1335,818
24,1,1335,820
24,1,1335,821
24,1,1335,822
24,1,1335,823
24,1,1335,825
24,1,1335,826
24,1,1335,827
24,1,1335,828
24,1,1335,829
24,1,1335,830
24,1,1334,831
24,1,1334,833
24,1,1334,835
24,1,1334,836
24,1,1334,838
24,1,1334,840
24,1,1334,841
24,1,1334,842
24,1,1334,843
24,1,1334,844
24,1,1334,845
24,1,1334,846
24,1,1334,847
24,1,1334,848
24,1,1334,850
24,1,1334,851
24,1,1334,852
24,1,1334,853
24,1,1334,854
24,1,1334,855
24,1,1334,858
24,1,1334,859
24,1,1334,860
24,1,1334,862
24,1,1334,863
24,1,1334,864
24,1,1334,865
24,1,1334,866
24,1,1334,867
24,1,1334,868
24,1,1334,869
24,1,1334,870
24,1,1334,871
24,1,1334,872
24,1,1334,875
24,1,1333,879
24,1,1333,880
24,1,1333,881
24,1,1333,882
24,1,1333,885
24,1,1333,889
24,1,1333,890
24,1,1333,891
24,1,1333,893
24,1,1333,895
24,1,1333,897
24,1,1333,898
24,1,1333,899
24,1,1333,900
24,1,1333,904
24,1,1333,905
24,1,1333,906
24,1,1333,908
24,1,1333,909
24,1,1333,910
24,1,1333,912
24,1,1333,913
24,1,1333,915
24,1,1333,916
24,1,1333,917
24,1,1333,918
24,1,1333,919
24,1,1333,920
24,1,1333,921
24,1,1333,924
24,1,1333,925
24,1,1332,927
24,1,1332,930
24,1,1332,931
24,1,1332,932
24,1,1332,933
24,1,1333,934
24,1,1333,936
24,1,1333,937
24,1,1333,938
24,1,1333,939
24,1,1333,940
24,1,1333,941
24,1,1333,942
24,1,1334,944
24,1,1334,945
24,1,1334,947
24,1,1334,948
24,1,1334,949
24,1,1334,950
24,1,1335,951
24,1,1335,952
24,1,1335,953
24,1,1335,954
24,1,1335,955
24,1,1335,957
24,1,1336,958
24,1,1336,959
24,1,1336,961
24,1,1336,962
24,1,1336,963
24,1,1336,964
24,1,1337,968
24,1,1337,969
24,1,1337,970
24,1,1337,971
24,1,1337,972
24,1,1338,975
24,1,1338,978
24,1,1338,981
24,1,1339,982
24,1,1339,985
24,1,1339,987
24,1,1339,988
24,1,1339,989
24,1,1340,990
24,1,1340,991
24,1,1340,992
24,1,1340,993
24,1,1340,994
24,1,1340,996
24,1,1340,997
24,1,1340,998
24,1,1341,998
24,1,1341,1000
24,1,1341,1001
24,1,1341,1004
24,1,1341,1005
24,1,1342,1004
24,1,1343,1004
24,1,1343,1003
24,1,1344,1003
24,1,1345,1004
24,1,1345,1005
24,1,1345,1004
24,1,1346,1004
24,1,1347,1004
24,1,1348,1004
24,1,1349,1004
24,1,1349,1005
24,1,1350,1004
24,1,1350,1005
24,1,1350,1006
24,1,1350,1007
24,1,1351,1006
24,1,1352,1006
24,1,1352,1007
24,1,1352,1006
24,1,1352,1005
24,1,1353,1005
24,1,1353,1004
24,1,1353,1001
24,1,1353,1000
24,1,1353,999
24,1,1353,998
24,1,1353,997
24,1,1353,996
24,1,1354,996
24,1,1354,995
24,1,1353,995
24,1,1353,994
24,1,1354,994
24,1,1354,993
24,1,1354,992
24,1,1354,991
24,1,1354,990
24,1,1355,990
24,1,1355,989
24,1,1356,989
24,1,1356,988
24,1,1356,989
24,1,1357,989
24,1,1358,989
24,1,1358,990
24,1,1359,990
24,1,1360,990
24,1,1360,991
24,1,1360,992
24,1,1360,993
24,1,1361,993
24,1,1361,994
24,1,1361,995
24,1,1361,996
24,1,1360,996
24,1,1360,997
24,1,1360,998
24,1,1361,998
24,1,1361,999
24,1,1361,1000
24,1,1361,1001
24,1,1363,1002
24,1,1364,1003
24,1,1365,1004
24,1,1366,1005
24,1,1367,1005
24,1,1367,1006
24,1,1368,1006
24,1,1368,1007
24,1,1368,1008
24,1,1367,1008
24,1,1366,1008
24,1,1365,1008
24,1,1364,1009
24,1,1363,1009
24,1,1362,1009
24,1,1361,1009
24,1,1361,1008
24,1,1360,1009
24,1,1360,1010
24,1,1358,1010
24,1,1357,1010
24,1,1357,1011
24,1,1358,1011
24,1,1358,1010
24,1,1360,1010
24,1,1361,1010
24,1,1365,1010
24,1,1366,1010
24,1,1366,1009
24,1,1369,1009
24,1,1370,1008
24,1,1371,1008
24,1,1372,1008
24,1,1373,1008
24,1,1375,1007
24,1,1376,1007
24,1,1377,1006
24,1,1378,1006
24,1,1379,1006
24,1,1380,1005
24,1,1380,1004
24,1,1380,1005
24,1,1379,1005
24,1,1378,1005
24,1,1378,1004
24,1,1379,1004
24,1,1379,1003
24,1,1380,1003
24,1,1380,1002
24,1,1380,1001
24,1,1381,1001
24,1,1381,1000
24,1,1381,999
24,1,1382,1000
24,1,1382,999
24,1,1383,999
24,1,1383,998
24,1,1383,997
24,1,1382,997
24,1,1381,997
24,1,1381,996
24,1,1380,996
24,1,1381,996
24,1,1380,995
24,1,1380,994
24,1,1380,993
24,1,1380,992
24,1,1381,992
24,1,1381,991
24,1,1381,990
24,1,1381,989
24,1,1381,988
24,1,1381,987
24,1,1380,987
24,1,1380,986
24,1,1379,986
24,1,1378,986
24,1,1378,985
24,1,1377,985
24,1,1376,985
24,1,1376,984
24,1,1375,984
24,1,1375,983
24,1,1375,982
24,1,1374,982
24,1,1374,981
24,1,1373,981
24,1,1372,981
24,1,1372,980
24,1,1371,980
24,1,1371,979
24,1,1371,978
24,1,1371,977
24,1,1371,976
24,1,1372,975
24,1,1372,974
24,1,1372,973
24,1,1371,972
24,1,1373,972
24,1,1374,972
24,1,1375,972
24,1,1376,972
24,1,1377,972
24,1,1378,972
24,1,1378,971
24,1,1379,971
24,1,1381,971
24,1,1382,971
24,1,1383,971
24,1,1384,971
24,1,1385,971
24,1,1386,971
24,1,1387,971
24,1,1389,970
24,1,1390,970
24,1,1391,970
24,1,1392,970
24,1,1393,970
24,1,1394,970
24,1,1395,970
24,1,1396,970
24,1,1397,970
24,1,1399,970
24,1,1400,970
24,1,1400,969
24,1,1401,969
24,1,1403,969
24,1,1404,969
24,1,1405,969
24,1,1406,969
24,1,1407,969
24,1,1408,969
24,1,1409,969
24,1,1410,969
24,1,1411,969
24,1,1414,968
24,1,1415,968
24,1,1416,968
24,1,1418,968
24,1,1420,968
24,1,1421,968
24,1,1422,967
24,1,1423,967
24,1,1424,967
24,1,1425,967
24,1,1426,967
24,1,1427,967
24,1,1428,967
24,1,1429,967
24,1,1430,967
24,1,1431,967
24,1,1432,967
24,1,1433,966
24,1,1434,966
24,1,1435,966
24,1,1437,966
24,1,1438,966
24,1,1439,966
24,1,1441,966
24,1,1444,965
24,1,1446,965
24,1,1447,965
24,1,1448,965
24,1,1449,965
24,1,1451,964
24,1,1452,964
24,1,1453,964
24,1,1454,964
24,1,1457,964
24,1,1458,964
24,1,1459,963
24,1,1461,963
24,1,1462,963
24,1,1463,963
24,1,1464,963
24,1,1465,963
24,1,1468,962
24,1,1469,962
24,1,1471,962
24,1,1472,962
24,1,1473,962
24,1,1475,961
24,1,1476,961
24,1,1477,961
24,1,1477,960
24,1,1477,959
24,1,1476,958
24,1,1476,957
24,1,1475,956
24,1,1474,955
24,1,1474,954
24,1,1473,954
24,1,1472,954
24,1,1472,953
24,1,1472,952
24,1,1472,951
24,1,1472,950
24,1,1472,949
24,1,1471,949
24,1,1471,948
24,1,1472,948
24,1,1472,947
24,1,1472,946
24,1,1472,945
24,1,1472,944
24,1,1472,943
24,1,1472,942
24,1,1472,941
24,1,1472,940
24,1,1472,939
24,1,1472,938
24,1,1473,937
24,1,1473,936
24,1,1473,935
24,1,1472,935
24,1,1472,934
24,1,1472,933
24,1,1472,932
24,1,1471,932
24,1,1471,931
24,1,1470,931
24,1,1471,931
24,1,1471,930
24,1,1470,930
24,1,1469,929
24,1,1468,928
24,1,1469,927
24,1,1468,926
24,1,1468,925
24,1,1467,925
24,1,1468,924
24,1,1468,923
24,1,1467,923
24,1,1468,922
24,1,1467,922
24,1,1467,921
24,1,1467,920
24,1,1467,919
24,1,1468,919
24,1,1468,918
24,1,1468,917
24,1,1469,917
24,1,1469,916
24,1,1469,915
24,1,1469,914
24,1,1470,913
24,1,1470,912
24,1,1469,912
24,1,1470,912
24,1,1469,912
24,1,1469,911
24,1,1469,910
24,1,1470,910
24,1,1470,909
24,1,1469,909
24,1,1469,908
24,1,1469,907
24,1,1470,906
24,1,1470,905
24,1,1471,905
24,1,1472,904
24,1,1472,903
24,1,1473,903
24,1,1474,903
24,1,1474,902
24,1,1474,901
24,1,1474,902
24,1,1474,901
24,1,1475,901
24,1,1475,900
24,1,1474,900
24,1,1473,900
24,1,1473,899
24,1,1472,899
24,1,1471,898
24,1,1470,898
24,1,1470,897
24,1,1470,896
24,1,1471,896
24,1,1470,896
24,1,1471,896
24,1,1471,895
24,1,1470,895
24,1,1471,895
24,1,1471,894
24,1,1470,894
24,1,1471,894
24,1,1471,893
24,1,1471,892
24,1,1470,892
24,1,1469,891
24,1,1469,890
24,1,1469,889
24,1,1468,888
24,1,1468,887
24,1,1467,887
24,1,1466,887
24,1,1466,886
24,1,1465,885
24,1,1465,884
24,1,1464,884
24,1,1464,883
24,1,1465,883
24,1,1465,882
24,1,1464,882
24,1,1464,881
24,1,1463,881
24,1,1463,880
24,1,1463,879
24,1,1462,879
24,1,1462,878
24,1,1462,877
24,1,1463,877
24,1,1462,877
24,1,1462,876
24,1,1461,876
24,1,1461,875
24,1,1461,874
24,1,1461,873
24,1,1461,874
24,1,1460,874
24,1,1460,873
24,1,1460,872
24,1,1459,872
24,1,1459,871
24,1,1459,870
24,1,1459,869
24,1,1458,868
24,1,1458,867
24,1,1458,866
24,1,1457,865
24,1,1457,864
24,1,1457,863
24,1,1457,862
24,1,1456,861
24,1,1456,860
24,1,1455,857
24,1,1455,856
24,1,1455,854
24,1,1454,853
24,1,1454,852
24,1,1453,850
24,1,1453,849
24,1,1453,848
24,1,1453,847
24,1,1452,847
24,1,1452,846
24,1,1452,844
24,1,1451,842
24,1,1450,840
24,1,1450,838
24,1,1449,836
24,1,1449,835
24,1,1448,833
24,1,1448,832
24,1,1448,831
24,1,1448,830
24,1,1447,828
24,1,1447,827
24,1,1447,826
24,1,1446,824
24,1,1446,823
24,1,1445,822
24,1,1445,821
24,1,1445,820
24,1,1444,818
24,1,1444,816
24,1,1443,815
24,1,1443,814
24,1,1443,813
24,1,1442,811
24,1,1442,810
24,1,1442,808
24,1,1441,807
24,1,1441,806
24,1,1441,805
24,1,1441,804
24,1,1440,804
24,1,1440,802
24,1,1440,801
24,1,1439,800
24,1,1439,799
24,1,1439,798
24,1,1438,797
24,1,1438,796
24,1,1438,795
24,1,1438,794
24,1,1437,792
24,1,1437,791
24,1,1437,790
24,1,1436,789
24,1,1436,788
24,1,1435,787
24,1,1435,786
24,1,1435,785
24,1,1434,782
24,1,1434,781
24,1,1433,779
24,1,1433,778
24,1,1433,776
24,1,1432,776
24,1,1432,775
24,1,1432,774
24,1,1431,774
24,1,1428,774
24,1,1427,774
24,1,1426,774
24,1,1424,774
24,1,1423,774
24,1,1422,774
24,1,1414,775
24,1,1413,775
24,1,1411,776
24,1,1408,776
24,1,1407,776
24,1,1404,776
24,1,1402,776
24,1,1401,776
24,1,1400,777
24,1,1398,777
24,1,1396,777
24,1,1395,777
24,1,1394,777
24,1,1393,777
24,1,1392,777
24,1,1391,778
24,1,1390,778
24,1,1389,778
24,1,1388,778
24,1,1386,778
24,1,1385,778
24,1,1384,778
24,1,1383,778
24,1,1382,778
24,1,1381,778
24,1,1380,778
24,1,1379,779
24,1,1378,779
24,1,1377,779
24,1,1375,779
24,1,1374,779
24,1,1373,779
24,1,1372,779
24,1,1371,779
24,1,1370,779
24,1,1369,779
24,1,1367,779
24,1,1366,779
24,1,1364,780
24,1,1363,780
24,1,1362,780
24,1,1361,780
24,1,1360,780
24,1,1359,780
24,1,1358,780
24,1,1357,780
24,1,1355,780
24,1,1354,780
24,1,1353,780
24,1,1352,781
24,1,1351,781
24,1,1350,781
24,1,1349,781
24,1,1348,781
24,1,1346,781
24,1,1345,781
24,1,1344,781
24,1,1342,781
24,1,1340,782
24,1,1339,782
24,1,1331,782
24,1,1331,783
25,1,1626,926
25,1,1627,926
25,1,1626,926
26,1,1432,774
26,1,1432,775
26,1,1432,776
26,1,1433,776
26,1,1433,778
26,1,1433,779
26,1,1434,781
26,1,1434,782
26,1,1435,785
26,1,1435,786
26,1,1435,787
26,1,1436,788
26,1,1436,789
26,1,1437,790
26,1,1437,791
26,1,1437,792
26,1,1438,794
26,1,1438,795
26,1,1438,796
26,1,1438,797
26,1,1439,798
26,1,1439,799
26,1,1439,800
26,1,1440,801
26,1,1440,802
26,1,1440,804
26,1,1441,804
26,1,1441,805
26,1,1441,806
26,1,1441,807
26,1,1442,808
26,1,1442,810
26,1,1442,811
26,1,1443,813
26,1,1443,814
26,1,1443,815
26,1,1444,816
26,1,1444,818
26,1,1445,820
26,1,1445,821
26,1,1445,822
26,1,1446,823
26,1,1446,824
26,1,1447,826
26,1,1447,827
26,1,1447,828
26,1,1448,830
26,1,1448,831
26,1,1448,832
26,1,1448,833
26,1,1449,835
26,1,1449,836
26,1,1450,838
26,1,1450,840
26,1,1451,842
26,1,1452,844
26,1,1452,846
26,1,1452,847
26,1,1453,847
26,1,1453,848
26,1,1453,849
26,1,1453,850
26,1,1454,852
26,1,1454,853
26,1,1455,854
26,1,1455,856
26,1,1455,857
26,1,1456,860
26,1,1456,861
26,1,1457,862
26,1,1457,863
26,1,1457,864
26,1,1457,865
26,1,1458,866
26,1,1458,867
26,1,1458,868
26,1,1459,869
26,1,1459,870
26,1,1459,871
26,1,1459,872
26,1,1460,872
26,1,1460,873
26,1,1460,874
26,1,1461,874
26,1,1461,873
26,1,1461,874
26,1,1461,875
26,1,1461,876
26,1,1462,876
26,1,1462,877
26,1,1463,877
26,1,1462,877
26,1,1462,878
26,1,1462,879
26,1,1463,879
26,1,1463,880
26,1,1463,881
26,1,1464,881
26,1,1464,882
26,1,1465,882
26,1,1465,883
26,1,1464,883
26,1,1464,884
26,1,1465,884
26,1,1465,885
26,1,1466,886
26,1,1466,887
26,1,1467,887
26,1,1468,887
26,1,1468,888
26,1,1469,889
26,1,1469,890
26,1,1469,891
26,1,1470,892
26,1,1471,892
26,1,1471,893
26,1,1471,894
26,1,1470,894
26,1,1471,894
26,1,1471,895
26,1,1470,895
26,1,1471,895
26,1,1471,896
26,1,1470,896
26,1,1471,896
26,1,1470,896
26,1,1470,897
26,1,1470,898
26,1,1471,898
26,1,1472,899
26,1,1473,899
26,1,1473,900
26,1,1474,900
26,1,1475,900
26,1,1475,901
26,1,1474,901
26,1,1474,902
26,1,1474,901
26,1,1474,902
26,1,1474,903
26,1,1473,903
26,1,1472,903
26,1,1472,904
26,1,1471,905
26,1,1470,905
26,1,1470,906
26,1,1469,907
26,1,1469,908
26,1,1469,909
26,1,1470,909
26,1,1470,910
26,1,1469,910
26,1,1469,911
26,1,1469,912
26,1,1470,912
26,1,1469,912
26,1,1470,912
26,1,1470,913
26,1,1469,914
26,1,1469,915
26,1,1469,916
26,1,1469,917
26,1,1468,917
26,1,1468,918
26,1,1468,919
26,1,1467,919
26,1,1467,920
26,1,1467,921
26,1,1467,922
26,1,1468,922
26,1,1467,923
26,1,1468,923
26,1,1468,924
26,1,1467,925
26,1,1468,925
26,1,1468,926
26,1,1469,927
26,1,1468,928
26,1,1469,929
26,1,1470,930
26,1,1471,930
26,1,1471,931
26,1,1470,931
26,1,1471,931
26,1,1471,932
26,1,1472,932
26,1,1472,933
26,1,1472,934
26,1,1472,935
26,1,1473,935
26,1,1473,936
26,1,1473,937
26,1,1472,938
26,1,1472,939
26,1,1472,940
26,1,1472,941
26,1,1472,942
26,1,1472,943
26,1,1472,944
26,1,1472,945
26,1,1472,946
26,1,1472,947
26,1,1472,948
26,1,1471,948
26,1,1471,949
26,1,1472,949
26,1,1472,950
26,1,1472,951
26,1,1472,952
26,1,1472,953
26,1,1472,954
26,1,1473,954
26,1,1474,954
26,1,1474,955
26,1,1475,956
26,1,1476,957
26,1,1476,958
26,1,1477,959
26,1,1477,960
26,1,1477,961
26,1,1477,962
26,1,1478,963
26,1,1479,963
26,1,1478,964
26,1,1479,964
26,1,1479,965
26,1,1480,965
26,1,1480,966
26,1,1481,966
26,1,1481,967
26,1,1481,968
26,1,1481,969
26,1,1481,970
26,1,1482,970
26,1,1481,970
26,1,1482,971
26,1,1482,972
26,1,1482,973
26,1,1483,973
26,1,1483,972
26,1,1483,973
26,1,1484,973
26,1,1484,974
26,1,1485,974
26,1,1486,974
26,1,1487,974
26,1,1490,974
26,1,1491,974
26,1,1493,974
26,1,1494,974
26,1,1495,974
26,1,1496,973
26,1,1498,973
26,1,1499,973
26,1,1501,973
26,1,1502,973
26,1,1504,973
26,1,1505,973
26,1,1509,973
26,1,1510,972
26,1,1514,972
26,1,1515,972
26,1,1516,972
26,1,1517,972
26,1,1518,972
26,1,1519,972
26,1,1520,972
26,1,1523,972
26,1,1525,971
26,1,1526,971
26,1,1528,971
26,1,1529,971
26,1,1531,971
26,1,1533,971
26,1,1534,971
26,1,1535,971
26,1,1536,971
26,1,1539,970
26,1,1541,970
26,1,1542,970
26,1,1543,970
26,1,1544,970
26,1,1545,970
26,1,1546,970
26,1,1547,970
26,1,1548,970
26,1,1549,970
26,1,1550,970
26,1,1551,970
26,1,1554,970
26,1,1555,969
26,1,1556,969
26,1,1559,969
26,1,1560,969
26,1,1561,969
26,1,1562,969
26,1,1564,969
26,1,1566,969
26,1,1569,968
26,1,1570,968
26,1,1574,968
26,1,1577,968
26,1,1578,968
26,1,1579,968
26,1,1580,968
26,1,1581,968
26,1,1584,967
26,1,1585,967
26,1,1587,967
26,1,1591,967
26,1,1592,967
26,1,1594,967
26,1,1593,967
26,1,1593,968
26,1,1593,969
26,1,1594,970
26,1,1595,970
26,1,1595,971
26,1,1595,972
26,1,1595,973
26,1,1595,974
26,1,1595,975
26,1,1596,975
26,1,1596,976
26,1,1597,976
26,1,1598,976
26,1,1599,976
26,1,1600,976
26,1,1601,976
26,1,1602,976
26,1,1602,975
26,1,1602,974
26,1,1602,973
26,1,1602,972
26,1,1602,971
26,1,1602,970
26,1,1602,969
26,1,1602,968
26,1,1602,967
26,1,1602,966
26,1,1602,965
26,1,1602,964
26,1,1601,964
26,1,1601,963
26,1,1600,963
26,1,1600,962
26,1,1600,961
26,1,1600,960
26,1,1600,959
26,1,1600,958
26,1,1600,957
26,1,1601,956
26,1,1600,956
26,1,1600,955
26,1,1601,955
26,1,1602,955
26,1,1602,954
26,1,1602,953
26,1,1603,953
26,1,1604,953
26,1,1605,953
26,1,1604,953
26,1,1605,953
26,1,1605,952
26,1,1605,953
26,1,1606,954
26,1,1607,954
26,1,1608,954
26,1,1609,954
26,1,1610,954
26,1,1610,955
26,1,1610,954
26,1,1611,954
26,1,1611,955
26,1,1612,955
26,1,1613,955
26,1,1614,955
26,1,1615,955
26,1,1614,955
26,1,1615,955
26,1,1615,956
26,1,1616,956
26,1,1616,955
26,1,1616,956
26,1,1616,955
26,1,1617,955
26,1,1617,956
26,1,1617,955
26,1,1618,955
26,1,1618,956
26,1,1619,956
26,1,1620,956
26,1,1620,955
26,1,1621,955
26,1,1622,955
26,1,1623,955
26,1,1624,955
26,1,1623,954
26,1,1623,953
26,1,1623,952
26,1,1623,951
26,1,1623,950
26,1,1624,950
26,1,1624,949
26,1,1624,947
26,1,1624,946
26,1,1624,944
26,1,1624,943
26,1,1624,942
26,1,1623,943
26,1,1623,944
26,1,1622,944
26,1,1622,943
26,1,1621,943
26,1,1620,943
26,1,1621,942
26,1,1621,941
26,1,1622,941
26,1,1623,941
26,1,1623,940
26,1,1623,938
26,1,1623,937
26,1,1623,936
26,1,1622,936
26,1,1623,935
26,1,1624,935
26,1,1624,934
26,1,1624,933
26,1,1625,932
26,1,1626,931
26,1,1626,930
26,1,1627,930
26,1,1627,929
26,1,1627,928
26,1,1626,927
26,1,1626,926
26,1,1626,925
26,1,1626,924
26,1,1625,923
26,1,1626,923
26,1,1626,922
26,1,1626,921
26,1,1627,920
26,1,1628,918
26,1,1629,916
26,1,1629,915
26,1,1628,915
26,1,1627,915
26,1,1626,915
26,1,1626,916
26,1,1626,917
26,1,1625,917
26,1,1625,916
26,1,1626,915
26,1,1625,915
26,1,1625,916
26,1,1624,916
26,1,1624,915
26,1,1625,915
26,1,1625,914
26,1,1626,914
26,1,1627,914
26,1,1627,913
26,1,1628,913
26,1,1629,914
26,1,1629,913
26,1,1629,912
26,1,1630,910
26,1,1630,909
26,1,1630,908
26,1,1629,908
26,1,1629,907
26,1,1628,907
26,1,1627,907
26,1,1627,906
26,1,1626,906
26,1,1627,906
26,1,1627,905
26,1,1628,905
26,1,1629,906
26,1,1629,905
26,1,1630,905
26,1,1631,904
26,1,1631,903
26,1,1632,901
26,1,1632,900
26,1,1631,900
26,1,1631,899
26,1,1631,898
26,1,1632,898
26,1,1633,898
26,1,1634,898
26,1,1634,897
26,1,1635,896
26,1,1636,895
26,1,1635,895
26,1,1634,895
26,1,1634,894
26,1,1635,893
26,1,1636,893
26,1,1636,894
26,1,1637,893
26,1,1638,892
26,1,1638,891
26,1,1639,891
26,1,1639,890
26,1,1639,889
26,1,1638,889
26,1,1638,890
26,1,1637,890
26,1,1637,889
26,1,1636,889
26,1,1635,889
26,1,1634,888
26,1,1633,888
26,1,1632,888
26,1,1632,887
26,1,1631,887
26,1,1630,888
26,1,1629,888
26,1,1629,887
26,1,1628,887
26,1,1627,887
26,1,1627,886
26,1,1627,885
26,1,1626,885
26,1,1626,884
26,1,1627,884
26,1,1626,884
26,1,1626,883
26,1,1626,882
26,1,1625,882
26,1,1625,881
26,1,1624,881
26,1,1625,881
26,1,1625,880
26,1,1625,879
26,1,1625,878
26,1,1625,877
26,1,1624,877
26,1,1625,877
26,1,1625,876
26,1,1624,876
26,1,1623,876
26,1,1624,876
26,1,1623,876
26,1,1623,875
26,1,1622,875
26,1,1622,874
26,1,1622,873
26,1,1621,873
26,1,1621,872
26,1,1621,871
26,1,1620,870
26,1,1619,869
26,1,1619,868
26,1,1618,868
26,1,1617,868
26,1,1617,867
26,1,1616,867
26,1,1615,867
26,1,1614,867
26,1,1614,866
26,1,1613,866
26,1,1614,866
26,1,1613,866
26,1,1612,866
26,1,1612,865
26,1,1611,865
26,1,1611,864
26,1,1612,864
26,1,1611,864
26,1,1611,863
26,1,1612,863
26,1,1611,863
26,1,1612,863
26,1,1612,862
26,1,1611,862
26,1,1611,861
26,1,1610,861
26,1,1610,860
26,1,1611,860
26,1,1610,860
26,1,1611,860
26,1,1610,860
26,1,1610,859
26,1,1611,859
26,1,1610,859
26,1,1611,859
26,1,1611,858
26,1,1610,858
26,1,1610,859
26,1,1610,858
26,1,1611,858
26,1,1610,858
26,1,1609,858
26,1,1610,857
26,1,1609,857
26,1,1610,857
26,1,1610,856
26,1,1609,856
26,1,1610,856
26,1,1609,856
26,1,1610,856
26,1,1610,855
26,1,1609,855
26,1,1610,855
26,1,1609,855
26,1,1609,854
26,1,1608,854
26,1,1608,853
26,1,1607,853
26,1,1607,852
26,1,1607,851
26,1,1606,851
26,1,1606,850
26,1,1605,850
26,1,1606,850
26,1,1605,850
26,1,1605,849
26,1,1605,848
26,1,1605,847
26,1,1605,846
26,1,1605,847
26,1,1605,846
26,1,1604,846
26,1,1605,846
26,1,1604,846
26,1,1604,845
26,1,1603,845
26,1,1602,845
26,1,1601,845
26,1,1602,845
26,1,1602,844
26,1,1601,845
26,1,1601,844
26,1,1600,844
26,1,1601,844
26,1,1600,844
26,1,1600,843
26,1,1599,843
26,1,1599,844
26,1,1599,843
26,1,1598,843
26,1,1597,843
26,1,1596,843
26,1,1595,842
26,1,1594,842
26,1,1594,841
26,1,1593,841
26,1,1593,840
26,1,1593,839
26,1,1594,839
26,1,1593,839
26,1,1593,838
26,1,1592,838
26,1,1593,839
26,1,1592,839
26,1,1591,839
26,1,1591,838
26,1,1590,838
26,1,1589,837
26,1,1590,837
26,1,1589,837
26,1,1590,836
26,1,1590,837
26,1,1590,836
26,1,1589,836
26,1,1589,835
26,1,1589,834
26,1,1589,835
26,1,1588,834
26,1,1588,835
26,1,1588,834
26,1,1587,834
26,1,1586,834
26,1,1587,834
26,1,1586,834
26,1,1586,833
26,1,1587,833
26,1,1586,833
26,1,1585,833
26,1,1585,832
26,1,1586,832
26,1,1585,832
26,1,1585,831
26,1,1585,830
26,1,1586,830
26,1,1585,830
26,1,1585,829
26,1,1586,829
26,1,1586,828
26,1,1585,828
26,1,1585,827
26,1,1584,827
26,1,1583,827
26,1,1582,827
26,1,1582,826
26,1,1582,825
26,1,1581,825
26,1,1581,824
26,1,1580,824
26,1,1579,824
26,1,1579,823
26,1,1579,824
26,1,1579,823
26,1,1578,823
26,1,1577,823
26,1,1577,822
26,1,1576,822
26,1,1576,823
26,1,1575,823
26,1,1575,822
26,1,1574,822
26,1,1573,821
26,1,1573,820
26,1,1572,819
26,1,1572,818
26,1,1571,818
26,1,1571,817
26,1,1571,816
26,1,1570,816
26,1,1570,815
26,1,1569,815
26,1,1568,815
26,1,1568,814
26,1,1567,813
26,1,1566,813
26,1,1566,812
26,1,1565,812
26,1,1564,812
26,1,1564,811
26,1,1563,811
26,1,1562,811
26,1,1561,811
26,1,1561,810
26,1,1560,810
26,1,1559,809
26,1,1559,808
26,1,1558,808
26,1,1557,808
26,1,1556,808
26,1,1556,807
26,1,1556,806
26,1,1555,806
26,1,1555,805
26,1,1555,804
26,1,1554,804
26,1,1554,803
26,1,1553,803
26,1,1553,802
26,1,1552,801
26,1,1551,801
26,1,1551,800
26,1,1550,800
26,1,1549,799
26,1,1549,798
26,1,1548,798
26,1,1548,797
26,1,1548,796
26,1,1548,795
26,1,1547,795
26,1,1547,794
26,1,1547,793
26,1,1546,793
26,1,1546,792
26,1,1545,792
26,1,1545,791
26,1,1544,790
26,1,1543,790
26,1,1543,789
26,1,1543,788
26,1,1542,788
26,1,1542,787
26,1,1542,786
26,1,1541,785
26,1,1540,785
26,1,1540,784
26,1,1539,785
26,1,1538,785
26,1,1537,785
26,1,1536,785
26,1,1536,786
26,1,1535,785
26,1,1534,785
26,1,1534,784
26,1,1533,785
26,1,1533,784
26,1,1532,784
26,1,1533,784
26,1,1533,783
26,1,1532,783
26,1,1531,783
26,1,1531,782
26,1,1530,782
26,1,1530,781
26,1,1529,781
26,1,1529,780
26,1,1528,780
26,1,1527,780
26,1,1526,780
26,1,1526,779
26,1,1525,779
26,1,1524,779
26,1,1524,778
26,1,1523,778
26,1,1522,778
26,1,1522,777
26,1,1521,777
26,1,1522,777
26,1,1521,777
26,1,1521,776
26,1,1521,775
26,1,1521,774
26,1,1522,774
26,1,1522,773
26,1,1521,772
26,1,1522,772
26,1,1522,771
26,1,1523,771
26,1,1523,770
26,1,1523,771
26,1,1523,770
26,1,1523,769
26,1,1524,769
26,1,1524,768
26,1,1524,767
26,1,1525,767
26,1,1526,767
26,1,1525,767
26,1,1526,767
26,1,1526,766
26,1,1527,765
26,1,1527,764
26,1,1528,765
26,1,1528,764
26,1,1529,764
26,1,1528,764
26,1,1528,763
26,1,1529,763
26,1,1528,763
26,1,1528,762
26,1,1529,762
26,1,1529,761
26,1,1528,761
26,1,1526,761
26,1,1525,761
26,1,1523,762
26,1,1521,762
26,1,1520,762
26,1,1519,762
26,1,1518,763
26,1,1516,763
26,1,1514,763
26,1,1511,764
26,1,1510,764
26,1,1509,764
26,1,1505,765
26,1,1504,765
26,1,1502,765
26,1,1501,765
26,1,1500,765
26,1,1498,766
26,1,1497,766
26,1,1496,766
26,1,1495,766
26,1,1494,766
26,1,1493,766
26,1,1491,766
26,1,1491,767
26,1,1490,767
26,1,1489,767
26,1,1487,767
26,1,1486,767
26,1,1484,767
26,1,1482,768
26,1,1481,768
26,1,1480,768
26,1,1479,768
26,1,1476,768
26,1,1475,768
26,1,1474,769
26,1,1473,769
26,1,1472,769
26,1,1470,769
26,1,1468,769
26,1,1467,769
26,1,1466,770
26,1,1465,770
26,1,1464,770
26,1,1463,770
26,1,1462,770
26,1,1461,770
26,1,1460,770
26,1,1458,770
26,1,1458,771
26,1,1457,771
26,1,1456,771
26,1,1454,771
26,1,1453,771
26,1,1452,771
26,1,1451,771
26,1,1450,771
26,1,1449,772
26,1,1448,772
26,1,1447,772
26,1,1446,772
26,1,1445,772
26,1,1444,772
26,1,1443,772
26,1,1442,772
26,1,1442,773
26,1,1441,773
26,1,1440,773
26,1,1439,773
26,1,1438,773
26,1,1437,773
26,1,1435,773
26,1,1434,773
26,1,1432,774
27,1,1080,722
27,1,1080,723
27,1,1080,724
27,1,1081,726
27,1,1081,727
27,1,1081,728
27,1,1081,730
27,1,1082,732
27,1,1082,733
27,1,1082,734
27,1,1082,735
27,1,1082,736
27,1,1082,737
27,1,1082,738
27,1,1083,738
27,1,1083,739
27,1,1083,740
27,1,1083,741
27,1,1083,742
27,1,1083,743
27,1,1083,744
27,1,1084,746
27,1,1084,747
27,1,1084,748
27,1,1084,749
27,1,1084,750
27,1,1084,751
27,1,1085,754
27,1,1085,755
27,1,1085,756
27,1,1085,757
27,1,1086,758
27,1,1086,759
27,1,1086,760
27,1,1086,761
27,1,1086,762
27,1,1086,763
27,1,1086,764
27,1,1087,766
27,1,1087,767
27,1,1087,768
27,1,1087,769
27,1,1087,770
27,1,1087,771
27,1,1088,772
27,1,1088,773
27,1,1088,774
27,1,1088,776
27,1,1088,777
27,1,1088,778
27,1,1088,779
27,1,1088,780
27,1,1088,781
27,1,1088,782
27,1,1088,783
27,1,1088,784
27,1,1088,785
27,1,1088,786
27,1,1088,787
27,1,1088,788
27,1,1088,789
27,1,1088,791
27,1,1088,793
27,1,1088,794
27,1,1088,795
27,1,1088,796
27,1,1088,797
27,1,1088,798
27,1,1088,800
27,1,1088,801
27,1,1088,802
27,1,1088,803
27,1,1088,806
27,1,1088,808
27,1,1088,809
27,1,1088,810
27,1,1088,812
27,1,1088,813
27,1,1088,814
27,1,1088,816
27,1,1088,817
27,1,1088,818
27,1,1088,820
27,1,1088,821
27,1,1088,822
27,1,1088,823
27,1,1088,824
27,1,1088,825
27,1,1088,826
27,1,1088,827
27,1,1088,829
27,1,1088,830
27,1,1088,831
27,1,1088,832
27,1,1088,834
27,1,1088,835
27,1,1088,836
27,1,1088,838
27,1,1088,840
27,1,1088,842
27,1,1088,845
27,1,1088,846
27,1,1088,848
27,1,1088,850
27,1,1088,851
27,1,1087,852
27,1,1087,853
27,1,1087,854
27,1,1087,855
27,1,1087,856
27,1,1087,857
27,1,1087,858
27,1,1087,859
27,1,1087,860
27,1,1088,860
27,1,1089,860
27,1,1088,860
27,1,1088,861
27,1,1089,861
27,1,1088,861
27,1,1088,862
27,1,1089,862
27,1,1090,862
27,1,1090,863
27,1,1091,863
27,1,1092,863
27,1,1091,864
27,1,1091,865
27,1,1092,865
27,1,1092,864
27,1,1092,865
27,1,1093,865
27,1,1093,864
27,1,1093,863
27,1,1093,864
27,1,1094,864
27,1,1095,864
27,1,1095,863
27,1,1096,863
27,1,1095,863
27,1,1095,864
27,1,1096,864
27,1,1096,863
27,1,1097,863
27,1,1097,862
27,1,1097,863
27,1,1097,864
27,1,1098,864
27,1,1098,863
27,1,1099,863
27,1,1099,864
27,1,1099,863
27,1,1098,863
27,1,1099,863
27,1,1099,862
27,1,1100,862
27,1,1100,863
27,1,1101,863
27,1,1102,864
27,1,1102,863
27,1,1103,863
27,1,1104,863
27,1,1105,863
27,1,1104,864
27,1,1104,863
27,1,1104,864
27,1,1105,864
27,1,1105,865
27,1,1105,867
27,1,1105,868
27,1,1105,869
27,1,1105,870
27,1,1105,871
27,1,1105,872
27,1,1105,873
27,1,1105,874
27,1,1105,875
27,1,1105,877
27,1,1105,878
27,1,1105,879
27,1,1105,880
27,1,1105,881
27,1,1105,883
27,1,1105,884
27,1,1106,884
27,1,1106,885
27,1,1106,886
27,1,1106,887
27,1,1106,888
27,1,1106,890
27,1,1108,889
27,1,1109,889
27,1,1111,889
27,1,1112,889
27,1,1115,889
27,1,1118,889
27,1,1119,889
27,1,1120,889
27,1,1122,889
27,1,1123,889
27,1,1126,889
27,1,1128,889
27,1,1129,889
27,1,1130,889
27,1,1131,889
27,1,1132,889
27,1,1134,889
27,1,1135,889
27,1,1138,889
27,1,1139,889
27,1,1141,889
27,1,1143,889
27,1,1144,889
27,1,1145,889
27,1,1146,889
27,1,1148,889
27,1,1148,888
27,1,1149,888
27,1,1152,888
27,1,1153,888
27,1,1154,888
27,1,1155,888
27,1,1157,888
27,1,1158,888
27,1,1159,888
27,1,1160,888
27,1,1161,888
27,1,1166,888
27,1,1167,888
27,1,1168,888
27,1,1169,888
27,1,1170,888
27,1,1172,888
27,1,1173,888
27,1,1174,888
27,1,1176,888
27,1,1178,888
27,1,1180,888
27,1,1185,888
27,1,1187,888
27,1,1188,887
27,1,1189,887
27,1,1190,887
27,1,1191,887
27,1,1192,887
27,1,1195,887
27,1,1197,887
27,1,1198,887
27,1,1199,887
27,1,1201,887
27,1,1202,887
27,1,1203,887
27,1,1204,887
27,1,1205,887
27,1,1207,887
27,1,1208,887
27,1,1209,887
27,1,1210,887
27,1,1212,886
27,1,1213,886
27,1,1214,886
27,1,1215,886
27,1,1216,886
27,1,1217,886
27,1,1221,886
27,1,1221,885
27,1,1222,885
27,1,1222,884
27,1,1222,883
27,1,1221,882
27,1,1220,882
27,1,1219,881
27,1,1219,880
27,1,1220,880
27,1,1220,879
27,1,1220,880
27,1,1221,880
27,1,1222,880
27,1,1223,880
27,1,1224,880
27,1,1224,879
27,1,1224,878
27,1,1224,877
27,1,1223,877
27,1,1223,876
27,1,1223,875
27,1,1224,875
27,1,1225,874
27,1,1225,873
27,1,1224,872
27,1,1223,873
27,1,1223,874
27,1,1223,875
27,1,1222,875
27,1,1222,874
27,1,1222,873
27,1,1221,872
27,1,1221,871
27,1,1221,870
27,1,1221,869
27,1,1222,869
27,1,1222,868
27,1,1223,867
27,1,1223,866
27,1,1224,866
27,1,1224,865
27,1,1224,864
27,1,1223,864
27,1,1223,865
27,1,1222,865
27,1,1222,866
27,1,1222,867
27,1,1221,868
27,1,1220,868
27,1,1219,868
27,1,1218,867
27,1,1218,866
27,1,1219,866
27,1,1220,866
27,1,1221,866
27,1,1221,865
27,1,1221,864
27,1,1221,863
27,1,1220,863
27,1,1220,862
27,1,1219,862
27,1,1219,863
27,1,1219,864
27,1,1219,865
27,1,1218,865
27,1,1218,866
27,1,1217,865
27,1,1217,864
27,1,1218,864
27,1,1218,863
27,1,1219,863
27,1,1219,862
27,1,1218,862
27,1,1217,861
27,1,1217,860
27,1,1217,859
27,1,1218,859
27,1,1219,859
27,1,1220,859
27,1,1220,858
27,1,1221,858
27,1,1221,857
27,1,1220,856
27,1,1219,855
27,1,1218,855
27,1,1217,855
27,1,1217,854
27,1,1216,854
27,1,1216,853
27,1,1217,853
27,1,1218,853
27,1,1219,853
27,1,1219,852
27,1,1220,853
27,1,1220,854
27,1,1221,854
27,1,1222,854
27,1,1222,855
27,1,1223,854
27,1,1224,854
27,1,1224,853
27,1,1224,852
27,1,1223,852
27,1,1222,852
27,1,1221,852
27,1,1220,852
27,1,1220,851
27,1,1220,850
27,1,1220,849
27,1,1221,849
27,1,1223,849
27,1,1224,849
27,1,1225,849
27,1,1226,849
27,1,1226,848
27,1,1225,848
27,1,1225,847
27,1,1224,847
27,1,1223,847
27,1,1223,846
27,1,1222,846
27,1,1222,845
27,1,1222,844
27,1,1223,844
27,1,1223,843
27,1,1224,843
27,1,1224,842
27,1,1224,841
27,1,1225,841
27,1,1224,841
27,1,1223,841
27,1,1222,840
27,1,1221,840
27,1,1221,839
27,1,1221,838
27,1,1222,838
27,1,1223,838
27,1,1224,838
27,1,1225,839
27,1,1225,840
27,1,1226,840
27,1,1226,839
27,1,1226,838
27,1,1225,837
27,1,1226,837
27,1,1227,837
27,1,1228,837
27,1,1229,837
27,1,1229,836
27,1,1229,835
27,1,1230,834
27,1,1229,833
27,1,1228,833
27,1,1227,833
27,1,1226,832
27,1,1226,831
27,1,1227,831
27,1,1227,830
27,1,1228,830
27,1,1229,830
27,1,1229,831
27,1,1230,831
27,1,1231,831
27,1,1232,830
27,1,1232,829
27,1,1231,829
27,1,1230,829
27,1,1229,829
27,1,1228,829
27,1,1228,828
27,1,1227,828
27,1,1227,827
27,1,1227,826
27,1,1228,826
27,1,1228,827
27,1,1229,827
27,1,1230,827
27,1,1230,828
27,1,1231,827
27,1,1230,827
27,1,1230,826
27,1,1231,825
27,1,1231,824
27,1,1232,824
27,1,1233,824
27,1,1233,825
27,1,1233,824
27,1,1234,824
27,1,1234,823
27,1,1234,822
27,1,1234,821
27,1,1233,821
27,1,1233,820
27,1,1234,820
27,1,1235,820
27,1,1236,820
27,1,1236,819
27,1,1237,819
27,1,1236,820
27,1,1236,821
27,1,1236,822
27,1,1237,822
27,1,1237,821
27,1,1237,820
27,1,1237,819
27,1,1238,818
27,1,1239,818
27,1,1240,818
27,1,1240,817
27,1,1240,816
27,1,1240,815
27,1,1240,814
27,1,1239,814
27,1,1239,813
27,1,1240,813
27,1,1240,812
27,1,1241,811
27,1,1241,810
27,1,1240,809
27,1,1239,808
27,1,1239,807
27,1,1239,806
27,1,1240,805
27,1,1240,804
27,1,1241,804
27,1,1241,805
27,1,1241,806
27,1,1241,807
27,1,1242,807
27,1,1242,806
27,1,1243,806
27,1,1243,805
27,1,1244,805
27,1,1244,804
27,1,1244,803
27,1,1243,803
27,1,1242,803
27,1,1241,803
27,1,1240,803
27,1,1240,802
27,1,1240,801
27,1,1241,801
27,1,1241,800
27,1,1240,799
27,1,1241,799
27,1,1241,798
27,1,1242,798
27,1,1242,799
27,1,1243,800
27,1,1242,801
27,1,1241,802
27,1,1242,802
27,1,1243,802
27,1,1244,802
27,1,1244,801
27,1,1244,800
27,1,1243,799
27,1,1243,798
27,1,1244,798
27,1,1244,797
27,1,1243,797
27,1,1243,796
27,1,1243,795
27,1,1243,794
27,1,1244,794
27,1,1245,795
27,1,1245,796
27,1,1244,796
27,1,1245,797
27,1,1246,797
27,1,1247,796
27,1,1248,795
27,1,1249,796
27,1,1250,796
27,1,1250,795
27,1,1249,795
27,1,1250,794
27,1,1251,794
27,1,1251,793
27,1,1252,793
27,1,1252,792
27,1,1252,791
27,1,1251,791
27,1,1251,790
27,1,1250,790
27,1,1250,789
27,1,1249,789
27,1,1249,788
27,1,1249,787
27,1,1249,786
27,1,1250,786
27,1,1251,786
27,1,1251,787
27,1,1252,787
27,1,1253,787
27,1,1254,786
27,1,1254,785
27,1,1254,784
27,1,1254,783
27,1,1254,782
27,1,1255,782
27,1,1256,782
27,1,1257,782
27,1,1258,782
27,1,1258,781
27,1,1258,780
27,1,1257,780
27,1,1257,779
27,1,1256,779
27,1,1256,778
27,1,1257,778
27,1,1258,777
27,1,1257,777
27,1,1257,776
27,1,1256,776
27,1,1255,776
27,1,1254,776
27,1,1254,775
27,1,1254,774
27,1,1254,773
27,1,1255,774
27,1,1255,773
27,1,1256,773
27,1,1256,772
27,1,1256,771
27,1,1257,770
27,1,1257,769
27,1,1256,769
27,1,1256,768
27,1,1255,768
27,1,1254,768
27,1,1254,769
27,1,1255,770
27,1,1254,770
27,1,1253,770
27,1,1253,769
27,1,1253,768
27,1,1254,767
27,1,1255,767
27,1,1255,766
27,1,1255,765
27,1,1256,765
27,1,1257,765
27,1,1257,766
27,1,1257,767
27,1,1257,768
27,1,1258,769
27,1,1258,768
27,1,1259,767
27,1,1260,767
27,1,1260,766
27,1,1259,766
27,1,1259,765
27,1,1258,764
27,1,1258,763
27,1,1258,762
27,1,1258,761
27,1,1259,761
27,1,1260,761
27,1,1261,761
27,1,1261,762
27,1,1262,763
27,1,1263,763
27,1,1263,762
27,1,1263,761
27,1,1262,761
27,1,1261,760
27,1,1261,759
27,1,1262,758
27,1,1263,758
27,1,1264,757
27,1,1265,757
27,1,1265,756
27,1,1265,755
27,1,1264,755
27,1,1264,756
27,1,1263,756
27,1,1262,756
27,1,1262,755
27,1,1261,755
27,1,1261,754
27,1,1261,753
27,1,1261,752
27,1,1262,751
27,1,1263,751
27,1,1264,751
27,1,1265,751
27,1,1265,752
27,1,1266,751
27,1,1267,751
27,1,1267,750
27,1,1266,749
27,1,1267,749
27,1,1267,748
27,1,1268,748
27,1,1269,748
27,1,1270,748
27,1,1270,747
27,1,1270,746
27,1,1269,746
27,1,1268,746
27,1,1267,746
27,1,1267,745
27,1,1267,744
27,1,1268,744
27,1,1268,743
27,1,1269,743
27,1,1270,744
27,1,1271,745
27,1,1272,745
27,1,1272,744
27,1,1272,743
27,1,1272,742
27,1,1271,742
27,1,1271,741
27,1,1270,741
27,1,1269,741
27,1,1269,740
27,1,1269,739
27,1,1268,739
27,1,1267,739
27,1,1266,739
27,1,1265,739
27,1,1263,739
27,1,1262,739
27,1,1260,739
27,1,1259,739
27,1,1258,740
27,1,1256,740
27,1,1254,740
27,1,1253,740
27,1,1252,740
27,1,1251,740
27,1,1249,740
27,1,1247,740
27,1,1246,740
27,1,1245,740
27,1,1244,741
27,1,1244,740
27,1,1244,739
27,1,1245,739
27,1,1245,738
27,1,1245,737
27,1,1246,737
27,1,1246,736
27,1,1246,735
27,1,1247,735
27,1,1247,734
27,1,1248,734
27,1,1248,733
27,1,1249,733
27,1,1249,732
27,1,1249,731
27,1,1250,731
27,1,1250,730
27,1,1250,731
27,1,1250,730
27,1,1251,730
27,1,1251,729
27,1,1251,730
27,1,1252,729
27,1,1253,729
27,1,1253,728
27,1,1252,728
27,1,1253,728
27,1,1253,727
27,1,1254,727
27,1,1254,726
27,1,1255,725
27,1,1254,725
27,1,1254,724
27,1,1254,723
27,1,1254,722
27,1,1255,722
27,1,1254,721
27,1,1254,720
27,1,1253,720
27,1,1252,720
27,1,1252,719
27,1,1252,720
27,1,1251,720
27,1,1251,719
27,1,1252,719
27,1,1252,718
27,1,1251,718
27,1,1251,717
27,1,1251,716
27,1,1249,716
27,1,1248,716
27,1,1247,716
27,1,1246,716
27,1,1244,716
27,1,1242,716
27,1,1240,716
27,1,1240,717
27,1,1239,717
27,1,1238,717
27,1,1237,717
27,1,1235,717
27,1,1234,717
27,1,1233,717
27,1,1232,717
27,1,1231,717
27,1,1230,717
27,1,1229,717
27,1,1227,717
27,1,1226,717
27,1,1224,717
27,1,1223,717
27,1,1221,718
27,1,1220,718
27,1,1219,718
27,1,1218,718
27,1,1217,718
27,1,1216,718
27,1,1215,718
27,1,1214,718
27,1,1212,718
27,1,1210,718
27,1,1209,718
27,1,1207,718
27,1,1206,718
27,1,1203,719
27,1,1202,719
27,1,1201,719
27,1,1199,719
27,1,1198,719
27,1,1197,719
27,1,1196,719
27,1,1195,719
27,1,1194,719
27,1,1193,719
27,1,1192,719
27,1,1191,719
27,1,1189,719
27,1,1188,719
27,1,1186,719
27,1,1185,719
27,1,1183,719
27,1,1182,719
27,1,1181,719
27,1,1179,720
27,1,1178,720
27,1,1177,720
27,1,1176,720
27,1,1175,720
27,1,1174,720
27,1,1173,720
27,1,1172,720
27,1,1170,720
27,1,1168,720
27,1,1167,720
27,1,1166,720
27,1,1165,720
27,1,1164,720
27,1,1163,720
27,1,1162,720
27,1,1160,720
27,1,1159,720
27,1,1157,720
27,1,1156,720
27,1,1152,721
27,1,1151,721
27,1,1150,721
27,1,1148,721
27,1,1146,721
27,1,1145,721
27,1,1143,721
27,1,1142,721
27,1,1141,721
27,1,1139,721
27,1,1137,721
27,1,1136,721
27,1,1135,721
27,1,1134,721
27,1,1131,721
27,1,1130,721
27,1,1129,721
27,1,1127,721
27,1,1126,721
27,1,1125,721
27,1,1124,721
27,1,1123,721
27,1,1122,721
27,1,1121,721
27,1,1120,722
27,1,1119,722
27,1,1117,722
27,1,1116,722
27,1,1115,722
27,1,1114,722
27,1,1113,722
27,1,1110,722
27,1,1109,722
27,1,1108,722
27,1,1107,722
27,1,1105,722
27,1,1104,722
27,1,1103,722
27,1,1101,722
27,1,1100,722
27,1,1099,722
27,1,1098,722
27,1,1097,722
27,1,1096,722
27,1,1095,722
27,1,1094,722
27,1,1093,722
27,1,1092,722
27,1,1091,722
27,1,1090,722
27,1,1089,722
27,1,1087,722
27,1,1086,722
27,1,1085,722
27,1,1084,722
27,1,1083,722
27,1,1082,722
27,1,1081,722
27,1,1080,722
28,1,1574,414
28,1,1574,415
28,1,1574,416
28,1,1574,417
28,1,1574,418
28,1,1575,419
28,1,1575,420
28,1,1575,421
28,1,1575,422
28,1,1575,423
28,1,1575,424
28,1,1576,425
28,1,1576,426
28,1,1576,427
28,1,1576,428
28,1,1576,429
28,1,1576,430
28,1,1577,431
28,1,1577,433
28,1,1577,434
28,1,1577,435
28,1,1577,436
28,1,1577,437
28,1,1578,438
28,1,1578,439
28,1,1578,440
28,1,1578,442
28,1,1578,443
28,1,1579,444
28,1,1579,445
28,1,1579,446
28,1,1579,447
28,1,1579,448
28,1,1579,449
28,1,1580,449
28,1,1580,450
28,1,1580,451
28,1,1580,452
28,1,1580,453
28,1,1580,454
28,1,1580,455
28,1,1581,455
28,1,1581,456
28,1,1581,457
28,1,1581,458
28,1,1581,459
28,1,1581,460
28,1,1581,461
28,1,1582,462
28,1,1582,464
28,1,1582,465
28,1,1582,466
28,1,1582,467
28,1,1583,468
28,1,1583,469
28,1,1583,470
28,1,1583,471
28,1,1583,473
28,1,1584,474
28,1,1584,475
28,1,1584,476
28,1,1584,477
28,1,1584,478
28,1,1584,479
28,1,1584,480
28,1,1585,480
28,1,1585,481
28,1,1585,482
28,1,1585,483
28,1,1585,485
28,1,1585,486
28,1,1586,486
28,1,1586,488
28,1,1586,489
28,1,1586,490
28,1,1586,491
28,1,1586,492
28,1,1587,492
28,1,1587,494
28,1,1587,496
28,1,1587,497
28,1,1588,499
28,1,1588,500
28,1,1588,502
28,1,1588,503
28,1,1589,504
28,1,1589,507
28,1,1589,508
28,1,1589,509
28,1,1589,510
28,1,1590,510
28,1,1590,511
28,1,1590,513
28,1,1590,515
28,1,1590,516
28,1,1591,517
28,1,1591,518
28,1,1591,520
28,1,1591,521
28,1,1593,521
28,1,1594,521
28,1,1595,521
28,1,1595,520
28,1,1597,520
28,1,1599,520
28,1,1600,520
28,1,1601,519
28,1,1602,519
28,1,1603,519
28,1,1604,519
28,1,1607,519
28,1,1607,518
28,1,1608,518
28,1,1609,518
28,1,1610,518
28,1,1613,518
28,1,1613,517
28,1,1615,517
28,1,1617,517
28,1,1619,517
28,1,1620,516
28,1,1622,516
28,1,1624,516
28,1,1626,515
28,1,1627,515
28,1,1629,515
28,1,1632,514
28,1,1634,514
28,1,1635,514
28,1,1636,514
28,1,1637,513
28,1,1638,513
28,1,1639,513
28,1,1643,512
28,1,1644,512
28,1,1647,511
28,1,1649,511
28,1,1650,511
28,1,1651,511
28,1,1652,511
28,1,1653,510
28,1,1654,510
28,1,1655,510
28,1,1656,510
28,1,1657,510
28,1,1658,509
28,1,1659,509
28,1,1660,509
28,1,1661,509
28,1,1662,509
28,1,1663,509
28,1,1663,508
28,1,1664,508
28,1,1665,508
28,1,1666,508
28,1,1667,508
28,1,1668,508
28,1,1670,507
28,1,1672,507
28,1,1673,507
28,1,1674,506
28,1,1675,506
28,1,1676,506
28,1,1677,506
28,1,1678,506
28,1,1679,505
28,1,1680,505
28,1,1681,505
28,1,1682,505
28,1,1683,505
28,1,1684,505
28,1,1686,504
28,1,1687,504
28,1,1688,504
28,1,1690,504
28,1,1690,503
28,1,1691,503
28,1,1692,503
28,1,1694,503
28,1,1696,502
28,1,1697,502
28,1,1698,502
28,1,1699,502
28,1,1700,502
28,1,1700,501
28,1,1701,501
28,1,1703,501
28,1,1704,501
28,1,1705,501
28,1,1705,500
28,1,1706,500
28,1,1707,500
28,1,1708,500
28,1,1709,500
28,1,1710,500
28,1,1710,499
28,1,1711,499
28,1,1712,499
28,1,1714,499
28,1,1716,498
28,1,1717,498
28,1,1718,498
28,1,1719,498
28,1,1720,497
28,1,1721,497
28,1,1722,497
28,1,1723,497
28,1,1725,497
28,1,1725,496
28,1,1726,496
28,1,1727,496
28,1,1728,496
28,1,1729,496
28,1,1730,495
28,1,1731,495
28,1,1732,495
28,1,1733,495
28,1,1734,495
28,1,1735,494
28,1,1736,494
28,1,1737,494
28,1,1738,494
28,1,1739,494
28,1,1740,493
28,1,1741,493
28,1,1742,493
28,1,1745,492
28,1,1746,492
28,1,1747,492
28,1,1748,492
28,1,1749,491
28,1,1751,491
28,1,1752,491
28,1,1753,491
28,1,1754,490
28,1,1755,490
28,1,1756,490
28,1,1758,489
28,1,1759,489
28,1,1760,489
28,1,1761,489
28,1,1762,489
28,1,1762,488
28,1,1762,487
28,1,1762,486
28,1,1763,486
28,1,1763,485
28,1,1763,484
28,1,1764,484
28,1,1764,483
28,1,1765,483
28,1,1766,482
28,1,1767,482
28,1,1768,482
28,1,1769,481
28,1,1770,481
28,1,1771,481
28,1,1772,481
28,1,1772,482
28,1,1773,482
28,1,1774,482
28,1,1775,481
28,1,1775,480
28,1,1776,480
28,1,1776,479
28,1,1777,479
28,1,1778,479
28,1,1779,479
28,1,1779,478
28,1,1780,478
28,1,1780,477
28,1,1781,477
28,1,1782,476
28,1,1783,476
28,1,1783,475
28,1,1783,474
28,1,1782,474
28,1,1782,473
28,1,1782,472
28,1,1783,472
28,1,1783,471
28,1,1784,471
28,1,1785,470
28,1,1785,469
28,1,1786,469
28,1,1786,468
28,1,1787,468
28,1,1787,467
28,1,1788,466
28,1,1789,465
28,1,1790,465
28,1,1791,464
28,1,1791,463
28,1,1791,462
28,1,1792,462
28,1,1793,462
28,1,1794,461
28,1,1795,461
28,1,1795,460
28,1,1794,459
28,1,1793,459
28,1,1793,458
28,1,1792,458
28,1,1792,457
28,1,1791,457
28,1,1790,457
28,1,1789,456
28,1,1789,455
28,1,1788,455
28,1,1788,454
28,1,1787,454
28,1,1786,454
28,1,1786,453
28,1,1785,453
28,1,1785,452
28,1,1784,452
28,1,1784,451
28,1,1784,450
28,1,1783,450
28,1,1782,450
28,1,1781,451
28,1,1781,450
28,1,1780,450
28,1,1779,449
28,1,1779,448
28,1,1779,447
28,1,1779,446
28,1,1779,445
28,1,1778,445
28,1,1778,444
28,1,1777,444
28,1,1776,443
28,1,1775,444
28,1,1774,444
28,1,1774,443
28,1,1773,443
28,1,1773,442
28,1,1773,441
28,1,1773,440
28,1,1773,439
28,1,1772,439
28,1,1772,438
28,1,1772,437
28,1,1772,436
28,1,1772,435
28,1,1772,434
28,1,1773,434
28,1,1774,434
28,1,1774,433
28,1,1775,433
28,1,1775,432
28,1,1774,432
28,1,1775,432
28,1,1775,431
28,1,1774,431
28,1,1774,430
28,1,1775,430
28,1,1775,429
28,1,1776,429
28,1,1775,429
28,1,1775,428
28,1,1774,428
28,1,1774,427
28,1,1773,427
28,1,1773,426
28,1,1772,426
28,1,1772,425
28,1,1771,425
28,1,1772,424
28,1,1771,424
28,1,1772,424
28,1,1772,423
28,1,1773,423
28,1,1773,422
28,1,1774,422
28,1,1774,421
28,1,1775,421
28,1,1775,420
28,1,1775,419
28,1,1776,419
28,1,1776,418
28,1,1775,418
28,1,1775,417
28,1,1776,417
28,1,1777,416
28,1,1776,416
28,1,1777,416
28,1,1777,415
28,1,1778,414
28,1,1778,413
28,1,1778,412
28,1,1779,411
28,1,1778,411
28,1,1778,410
28,1,1778,409
28,1,1779,409
28,1,1779,408
28,1,1779,407
28,1,1780,407
28,1,1780,406
28,1,1780,405
28,1,1781,405
28,1,1781,404
28,1,1782,404
28,1,1783,403
28,1,1782,402
28,1,1781,402
28,1,1781,401
28,1,1781,400
28,1,1780,400
28,1,1780,401
28,1,1779,401
28,1,1778,401
28,1,1778,400
28,1,1777,401
28,1,1776,400
28,1,1776,401
28,1,1775,401
28,1,1775,400
28,1,1774,400
28,1,1774,399
28,1,1773,399
28,1,1772,400
28,1,1771,400
28,1,1771,399
28,1,1771,398
28,1,1771,399
28,1,1770,398
28,1,1770,397
28,1,1769,397
28,1,1770,397
28,1,1769,396
28,1,1768,396
28,1,1768,395
28,1,1767,395
28,1,1767,394
28,1,1768,394
28,1,1768,393
28,1,1767,393
28,1,1767,392
28,1,1767,391
28,1,1767,390
28,1,1766,390
28,1,1766,389
28,1,1767,389
28,1,1766,389
28,1,1766,388
28,1,1766,387
28,1,1765,387
28,1,1764,387
28,1,1764,386
28,1,1765,386
28,1,1765,385
28,1,1764,385
28,1,1763,385
28,1,1763,384
28,1,1762,383
28,1,1762,384
28,1,1761,384
28,1,1761,383
28,1,1760,383
28,1,1759,383
28,1,1759,384
28,1,1758,383
28,1,1758,384
28,1,1758,383
28,1,1757,383
28,1,1757,382
28,1,1757,381
28,1,1756,380
28,1,1755,380
28,1,1756,380
28,1,1755,380
28,1,1754,379
28,1,1754,378
28,1,1753,378
28,1,1752,378
28,1,1750,379
28,1,1749,379
28,1,1748,379
28,1,1747,380
28,1,1746,380
28,1,1744,380
28,1,1743,380
28,1,1741,381
28,1,1740,381
28,1,1739,381
28,1,1738,381
28,1,1738,382
28,1,1736,382
28,1,1735,382
28,1,1732,383
28,1,1731,383
28,1,1729,383
28,1,1727,384
28,1,1726,384
28,1,1725,384
28,1,1724,385
28,1,1722,385
28,1,1721,385
28,1,1719,386
28,1,1718,386
28,1,1715,386
28,1,1714,386
28,1,1713,387
28,1,1712,387
28,1,1711,387
28,1,1710,387
28,1,1709,388
28,1,1706,388
28,1,1705,388
28,1,1703,389
28,1,1702,389
28,1,1700,389
28,1,1699,390
28,1,1698,390
28,1,1697,390
28,1,1696,390
28,1,1695,390
28,1,1694,391
28,1,1693,391
28,1,1692,391
28,1,1691,391
28,1,1689,392
28,1,1688,392
28,1,1687,392
28,1,1686,392
28,1,1685,392
28,1,1685,393
28,1,1684,393
28,1,1681,393
28,1,1680,393
28,1,1679,394
28,1,1678,394
28,1,1675,394
28,1,1674,395
28,1,1673,395
28,1,1671,395
28,1,1670,395
28,1,1669,396
28,1,1668,396
28,1,1667,396
28,1,1666,396
28,1,1663,397
28,1,1661,397
28,1,1660,397
28,1,1659,397
28,1,1659,398
28,1,1658,398
28,1,1657,398
28,1,1655,398
28,1,1654,398
28,1,1652,399
28,1,1651,399
28,1,1650,399
28,1,1649,399
28,1,1648,400
28,1,1646,400
28,1,1645,400
28,1,1643,400
28,1,1643,401
28,1,1642,401
28,1,1641,401
28,1,1640,401
28,1,1638,402
28,1,1637,402
28,1,1636,402
28,1,1635,402
28,1,1634,402
28,1,1633,403
28,1,1631,403
28,1,1630,403
28,1,1629,403
28,1,1628,403
28,1,1627,403
28,1,1625,404
28,1,1624,404
28,1,1622,404
28,1,1621,404
28,1,1620,405
28,1,1619,405
28,1,1618,405
28,1,1617,405
28,1,1615,406
28,1,1614,406
28,1,1613,406
28,1,1612,406
28,1,1611,406
28,1,1610,407
28,1,1609,407
28,1,1608,407
28,1,1607,407
28,1,1605,407
28,1,1604,408
28,1,1603,408
28,1,1600,408
28,1,1600,407
28,1,1600,406
28,1,1599,404
28,1,1599,403
28,1,1599,402
28,1,1599,401
28,1,1599,400
28,1,1598,400
28,1,1598,397
28,1,1598,396
28,1,1598,395
28,1,1598,396
28,1,1597,396
28,1,1596,397
28,1,1595,397
28,1,1595,398
28,1,1594,398
28,1,1593,399
28,1,1592,399
28,1,1592,400
28,1,1591,400
28,1,1591,401
28,1,1590,401
28,1,1590,402
28,1,1589,402
28,1,1589,403
28,1,1588,403
28,1,1588,402
28,1,1587,402
28,1,1588,402
28,1,1587,402
28,1,1586,403
28,1,1586,404
28,1,1585,405
28,1,1585,406
28,1,1584,406
28,1,1584,407
28,1,1583,407
28,1,1582,408
28,1,1581,409
28,1,1580,410
28,1,1579,410
28,1,1579,411
28,1,1578,411
28,1,1577,411
28,1,1577,412
28,1,1576,412
28,1,1575,413
28,1,1574,413
28,1,1574,414
29,1,1036,525
29,1,1036,526
29,1,1036,527
29,1,1036,528
29,1,1037,528
29,1,1038,528
29,1,1038,529
29,1,1038,528
29,1,1038,527
29,1,1039,527
29,1,1040,527
29,1,1040,528
29,1,1040,529
29,1,1039,529
29,1,1038,529
29,1,1038,530
29,1,1038,531
29,1,1039,531
29,1,1039,532
29,1,1040,532
29,1,1040,533
29,1,1040,534
29,1,1040,535
29,1,1040,536
29,1,1041,536
29,1,1041,537
29,1,1041,538
29,1,1040,538
29,1,1040,539
29,1,1041,539
29,1,1042,539
29,1,1043,539
29,1,1044,540
29,1,1043,541
29,1,1044,541
29,1,1045,542
29,1,1046,542
29,1,1047,542
29,1,1047,543
29,1,1046,544
29,1,1046,545
29,1,1047,545
29,1,1047,546
29,1,1048,546
29,1,1048,547
29,1,1049,547
29,1,1049,548
29,1,1049,549
29,1,1049,550
29,1,1048,551
29,1,1049,551
29,1,1049,552
29,1,1050,552
29,1,1051,552
29,1,1052,553
29,1,1053,554
29,1,1053,555
29,1,1054,555
29,1,1054,556
29,1,1055,556
29,1,1056,556
29,1,1056,557
29,1,1057,557
29,1,1056,557
29,1,1056,558
29,1,1057,558
29,1,1058,558
29,1,1059,558
29,1,1059,559
29,1,1059,560
29,1,1060,560
29,1,1061,560
29,1,1062,560
29,1,1063,560
29,1,1063,559
29,1,1063,558
29,1,1064,558
29,1,1064,559
29,1,1065,558
29,1,1066,558
29,1,1066,559
29,1,1067,559
29,1,1066,559
29,1,1066,560
29,1,1066,561
29,1,1067,561
29,1,1067,562
29,1,1068,561
29,1,1068,562
29,1,1068,563
29,1,1068,564
29,1,1067,564
29,1,1066,564
29,1,1066,565
29,1,1067,565
29,1,1068,565
29,1,1069,564
29,1,1069,565
29,1,1069,566
29,1,1068,567
29,1,1067,567
29,1,1067,566
29,1,1066,566
29,1,1065,566
29,1,1065,567
29,1,1065,568
29,1,1065,569
29,1,1064,569
29,1,1063,569
29,1,1063,570
29,1,1062,571
29,1,1062,572
29,1,1062,573
29,1,1062,574
29,1,1061,574
29,1,1060,574
29,1,1060,575
29,1,1060,576
29,1,1061,576
29,1,1061,577
29,1,1062,577
29,1,1062,578
29,1,1062,579
29,1,1063,579
29,1,1063,580
29,1,1064,580
29,1,1065,581
29,1,1065,582
29,1,1066,582
29,1,1066,583
29,1,1067,583
29,1,1068,583
29,1,1069,583
29,1,1069,584
29,1,1068,584
29,1,1068,585
29,1,1067,585
29,1,1068,586
29,1,1068,587
29,1,1068,588
29,1,1069,588
29,1,1069,589
29,1,1070,589
29,1,1071,590
29,1,1070,591
29,1,1071,592
29,1,1072,592
29,1,1073,592
29,1,1073,593
29,1,1074,593
29,1,1074,594
29,1,1075,593
29,1,1076,593
29,1,1077,593
29,1,1077,594
29,1,1078,594
29,1,1079,594
29,1,1079,595
29,1,1079,596
29,1,1079,597
29,1,1079,598
29,1,1079,599
29,1,1079,600
29,1,1079,601
29,1,1079,602
29,1,1079,603
29,1,1079,604
29,1,1079,605
29,1,1079,606
29,1,1079,607
29,1,1079,608
29,1,1079,609
29,1,1079,610
29,1,1079,611
29,1,1079,612
29,1,1079,613
29,1,1079,614
29,1,1079,615
29,1,1079,616
29,1,1079,617
29,1,1079,619
29,1,1079,620
29,1,1079,621
29,1,1079,622
29,1,1079,623
29,1,1079,625
29,1,1079,626
29,1,1079,627
29,1,1079,628
29,1,1079,629
29,1,1079,630
29,1,1079,631
29,1,1079,632
29,1,1079,633
29,1,1079,634
29,1,1079,635
29,1,1079,636
29,1,1079,637
29,1,1079,638
29,1,1079,639
29,1,1079,640
29,1,1079,641
29,1,1079,642
29,1,1079,643
29,1,1079,644
29,1,1079,645
29,1,1079,647
29,1,1079,648
29,1,1079,650
29,1,1079,651
29,1,1079,652
29,1,1079,653
29,1,1079,654
29,1,1079,655
29,1,1079,656
29,1,1079,657
29,1,1079,658
29,1,1079,659
29,1,1079,661
29,1,1079,662
29,1,1079,663
29,1,1079,665
29,1,1079,666
29,1,1079,667
29,1,1079,668
29,1,1079,669
29,1,1079,671
29,1,1079,672
29,1,1080,672
29,1,1080,673
29,1,1080,674
29,1,1080,675
29,1,1080,676
29,1,1080,677
29,1,1080,678
29,1,1080,679
29,1,1080,680
29,1,1080,681
29,1,1080,682
29,1,1080,683
29,1,1080,686
29,1,1080,687
29,1,1080,688
29,1,1080,689
29,1,1080,690
29,1,1080,691
29,1,1080,692
29,1,1080,693
29,1,1080,694
29,1,1080,695
29,1,1080,696
29,1,1080,697
29,1,1080,698
29,1,1080,700
29,1,1080,701
29,1,1080,702
29,1,1080,703
29,1,1080,704
29,1,1080,706
29,1,1080,707
29,1,1080,709
29,1,1080,710
29,1,1080,711
29,1,1080,712
29,1,1080,713
29,1,1080,714
29,1,1080,716
29,1,1080,717
29,1,1080,718
29,1,1080,719
29,1,1080,720
29,1,1080,721
29,1,1080,722
29,1,1081,722
29,1,1082,722
29,1,1083,722
29,1,1084,722
29,1,1085,722
29,1,1086,722
29,1,1087,722
29,1,1089,722
29,1,1090,722
29,1,1091,722
29,1,1092,722
29,1,1093,722
29,1,1094,722
29,1,1095,722
29,1,1096,722
29,1,1097,722
29,1,1098,722
29,1,1099,722
29,1,1100,722
29,1,1101,722
29,1,1103,722
29,1,1104,722
29,1,1105,722
29,1,1107,722
29,1,1108,722
29,1,1109,722
29,1,1110,722
29,1,1113,722
29,1,1114,722
29,1,1115,722
29,1,1116,722
29,1,1117,722
29,1,1119,722
29,1,1120,722
29,1,1121,721
29,1,1122,721
29,1,1123,721
29,1,1124,721
29,1,1125,721
29,1,1126,721
29,1,1127,721
29,1,1129,721
29,1,1130,721
29,1,1131,721
29,1,1134,721
29,1,1135,721
29,1,1136,721
29,1,1137,721
29,1,1139,721
29,1,1141,721
29,1,1142,721
29,1,1143,721
29,1,1145,721
29,1,1146,721
29,1,1148,721
29,1,1150,721
29,1,1151,721
29,1,1152,721
29,1,1156,720
29,1,1157,720
29,1,1159,720
29,1,1160,720
29,1,1162,720
29,1,1163,720
29,1,1164,720
29,1,1165,720
29,1,1166,720
29,1,1167,720
29,1,1168,720
29,1,1170,720
29,1,1172,720
29,1,1173,720
29,1,1174,720
29,1,1175,720
29,1,1176,720
29,1,1177,720
29,1,1178,720
29,1,1179,720
29,1,1181,719
29,1,1182,719
29,1,1183,719
29,1,1185,719
29,1,1186,719
29,1,1188,719
29,1,1189,719
29,1,1191,719
29,1,1192,719
29,1,1193,719
29,1,1194,719
29,1,1195,719
29,1,1196,719
29,1,1197,719
29,1,1198,719
29,1,1199,719
29,1,1201,719
29,1,1202,719
29,1,1203,719
29,1,1206,718
29,1,1207,718
29,1,1209,718
29,1,1210,718
29,1,1212,718
29,1,1214,718
29,1,1215,718
29,1,1216,718
29,1,1217,718
29,1,1218,718
29,1,1219,718
29,1,1220,718
29,1,1221,718
29,1,1223,717
29,1,1224,717
29,1,1226,717
29,1,1227,717
29,1,1229,717
29,1,1230,717
29,1,1231,717
29,1,1232,717
29,1,1233,717
29,1,1234,717
29,1,1235,717
29,1,1237,717
29,1,1238,717
29,1,1239,717
29,1,1240,717
29,1,1240,716
29,1,1242,716
29,1,1244,716
29,1,1246,716
29,1,1247,716
29,1,1248,716
29,1,1249,716
29,1,1251,716
29,1,1251,717
29,1,1251,718
29,1,1252,718
29,1,1252,719
29,1,1251,719
29,1,1251,720
29,1,1252,720
29,1,1252,719
29,1,1252,720
29,1,1253,720
29,1,1254,720
29,1,1254,721
29,1,1255,722
29,1,1254,722
29,1,1254,723
29,1,1254,724
29,1,1254,725
29,1,1255,725
29,1,1254,726
29,1,1254,727
29,1,1253,727
29,1,1253,728
29,1,1252,728
29,1,1253,728
29,1,1253,729
29,1,1252,729
29,1,1251,730
29,1,1251,729
29,1,1251,730
29,1,1250,730
29,1,1250,731
29,1,1250,730
29,1,1250,731
29,1,1249,731
29,1,1249,732
29,1,1249,733
29,1,1248,733
29,1,1248,734
29,1,1247,734
29,1,1247,735
29,1,1246,735
29,1,1246,736
29,1,1246,737
29,1,1245,737
29,1,1245,738
29,1,1245,739
29,1,1244,739
29,1,1244,740
29,1,1244,741
29,1,1245,740
29,1,1246,740
29,1,1247,740
29,1,1249,740
29,1,1251,740
29,1,1252,740
29,1,1253,740
29,1,1254,740
29,1,1256,740
29,1,1258,740
29,1,1259,739
29,1,1260,739
29,1,1262,739
29,1,1263,739
29,1,1265,739
29,1,1266,739
29,1,1267,739
29,1,1268,739
29,1,1269,739
29,1,1269,738
29,1,1270,738
29,1,1270,737
29,1,1270,736
29,1,1270,735
29,1,1270,734
29,1,1271,734
29,1,1272,733
29,1,1273,733
29,1,1273,732
29,1,1273,731
29,1,1273,730
29,1,1272,730
29,1,1271,729
29,1,1270,729
29,1,1270,728
29,1,1269,728
29,1,1269,727
29,1,1270,727
29,1,1271,727
29,1,1272,727
29,1,1273,727
29,1,1274,727
29,1,1274,726
29,1,1275,726
29,1,1275,725
29,1,1274,725
29,1,1273,725
29,1,1273,724
29,1,1272,724
29,1,1272,723
29,1,1272,722
29,1,1273,722
29,1,1274,722
29,1,1275,722
29,1,1275,721
29,1,1276,721
29,1,1276,720
29,1,1275,720
29,1,1275,719
29,1,1274,718
29,1,1274,717
29,1,1275,717
29,1,1275,716
29,1,1275,715
29,1,1274,715
29,1,1274,714
29,1,1274,713
29,1,1273,713
29,1,1273,712
29,1,1273,711
29,1,1274,710
29,1,1275,710
29,1,1276,711
29,1,1277,711
29,1,1277,712
29,1,1277,713
29,1,1276,714
29,1,1276,715
29,1,1276,716
29,1,1277,716
29,1,1278,716
29,1,1278,715
29,1,1279,714
29,1,1279,713
29,1,1279,712
29,1,1279,711
29,1,1280,710
29,1,1280,709
29,1,1280,708
29,1,1281,708
29,1,1281,707
29,1,1282,707
29,1,1282,708
29,1,1283,709
29,1,1284,710
29,1,1285,710
29,1,1286,710
29,1,1287,708
29,1,1287,707
29,1,1287,706
29,1,1288,706
29,1,1288,705
29,1,1288,704
29,1,1287,704
29,1,1287,703
29,1,1286,703
29,1,1286,702
29,1,1287,701
29,1,1288,701
29,1,1289,701
29,1,1289,700
29,1,1289,699
29,1,1288,699
29,1,1287,699
29,1,1287,698
29,1,1287,697
29,1,1288,697
29,1,1288,696
29,1,1289,695
29,1,1289,694
29,1,1289,693
29,1,1289,692
29,1,1289,691
29,1,1289,690
29,1,1288,690
29,1,1287,690
29,1,1287,691
29,1,1286,691
29,1,1286,690
29,1,1286,689
29,1,1285,689
29,1,1285,688
29,1,1284,688
29,1,1284,687
29,1,1283,687
29,1,1283,686
29,1,1282,686
29,1,1281,686
29,1,1281,687
29,1,1282,688
29,1,1283,688
29,1,1283,689
29,1,1283,690
29,1,1282,690
29,1,1281,689
29,1,1280,689
29,1,1280,688
29,1,1279,688
29,1,1278,688
29,1,1278,687
29,1,1278,686
29,1,1278,685
29,1,1278,684
29,1,1277,684
29,1,1276,683
29,1,1276,682
29,1,1275,681
29,1,1275,680
29,1,1274,680
29,1,1274,679
29,1,1275,679
29,1,1275,678
29,1,1274,678
29,1,1273,678
29,1,1273,677
29,1,1272,677
29,1,1272,676
29,1,1272,675
29,1,1273,675
29,1,1273,674
29,1,1274,674
29,1,1275,674
29,1,1275,673
29,1,1276,673
29,1,1276,672
29,1,1276,671
29,1,1276,670
29,1,1275,670
29,1,1275,669
29,1,1274,668
29,1,1273,667
29,1,1273,666
29,1,1272,666
29,1,1272,665
29,1,1272,664
29,1,1271,663
29,1,1271,662
29,1,1272,662
29,1,1273,662
29,1,1273,661
29,1,1272,660
29,1,1271,659
29,1,1271,658
29,1,1271,657
29,1,1271,656
29,1,1270,656
29,1,1269,656
29,1,1268,656
29,1,1268,655
29,1,1267,655
29,1,1267,654
29,1,1267,655
29,1,1266,655
29,1,1266,654
29,1,1265,654
29,1,1265,653
29,1,1265,652
29,1,1264,652
29,1,1264,651
29,1,1263,651
29,1,1263,650
29,1,1262,650
29,1,1261,650
29,1,1260,650
29,1,1260,649
29,1,1260,648
29,1,1259,648
29,1,1258,648
29,1,1258,647
29,1,1257,648
29,1,1257,649
29,1,1256,649
29,1,1255,649
29,1,1254,649
29,1,1254,648
29,1,1253,647
29,1,1253,646
29,1,1254,646
29,1,1255,646
29,1,1255,645
29,1,1254,645
29,1,1254,644
29,1,1253,645
29,1,1252,645
29,1,1251,644
29,1,1251,643
29,1,1250,643
29,1,1249,643
29,1,1248,643
29,1,1248,642
29,1,1247,641
29,1,1247,640
29,1,1246,640
29,1,1245,640
29,1,1244,640
29,1,1244,639
29,1,1243,638
29,1,1242,638
29,1,1242,637
29,1,1241,636
29,1,1240,635
29,1,1239,635
29,1,1238,634
29,1,1238,633
29,1,1238,632
29,1,1237,631
29,1,1237,630
29,1,1237,629
29,1,1237,628
29,1,1238,627
29,1,1238,626
29,1,1238,625
29,1,1239,625
29,1,1239,624
29,1,1240,623
29,1,1240,622
29,1,1240,621
29,1,1240,620
29,1,1240,619
29,1,1241,619
29,1,1241,618
29,1,1241,617
29,1,1242,616
29,1,1243,615
29,1,1243,614
29,1,1243,613
29,1,1243,612
29,1,1243,611
29,1,1243,610
29,1,1242,610
29,1,1242,609
29,1,1242,608
29,1,1243,608
29,1,1243,607
29,1,1243,606
29,1,1244,606
29,1,1245,605
29,1,1245,604
29,1,1245,603
29,1,1245,602
29,1,1244,602
29,1,1243,601
29,1,1242,601
29,1,1242,600
29,1,1241,600
29,1,1240,600
29,1,1240,599
29,1,1239,599
29,1,1238,599
29,1,1237,599
29,1,1236,599
29,1,1236,598
29,1,1235,598
29,1,1234,598
29,1,1233,598
29,1,1232,598
29,1,1231,599
29,1,1231,600
29,1,1231,601
29,1,1230,601
29,1,1230,602
29,1,1229,602
29,1,1228,603
29,1,1227,602
29,1,1226,602
29,1,1226,601
29,1,1225,601
29,1,1225,600
29,1,1225,599
29,1,1224,599
29,1,1224,598
29,1,1224,597
29,1,1224,596
29,1,1223,596
29,1,1223,595
29,1,1223,594
29,1,1222,594
29,1,1223,594
29,1,1223,593
29,1,1224,592
29,1,1223,591
29,1,1223,590
29,1,1222,589
29,1,1222,588
29,1,1222,587
29,1,1222,586
29,1,1222,585
29,1,1221,584
29,1,1220,583
29,1,1219,582
29,1,1218,581
29,1,1217,580
29,1,1216,580
29,1,1215,579
29,1,1214,579
29,1,1214,578
29,1,1213,578
29,1,1213,577
29,1,1212,577
29,1,1211,577
29,1,1211,576
29,1,1210,576
29,1,1209,575
29,1,1209,574
29,1,1208,573
29,1,1208,572
29,1,1207,572
29,1,1207,571
29,1,1206,571
29,1,1205,571
29,1,1205,570
29,1,1204,570
29,1,1204,569
29,1,1204,568
29,1,1203,568
29,1,1202,568
29,1,1202,567
29,1,1201,567
29,1,1201,566
29,1,1200,566
29,1,1200,565
29,1,1199,565
29,1,1199,564
29,1,1198,564
29,1,1198,563
29,1,1197,563
29,1,1197,562
29,1,1197,561
29,1,1197,560
29,1,1197,559
29,1,1196,559
29,1,1195,558
29,1,1194,558
29,1,1194,557
29,1,1194,556
29,1,1194,555
29,1,1194,554
29,1,1194,553
29,1,1194,552
29,1,1193,552
29,1,1193,551
29,1,1193,550
29,1,1192,550
29,1,1192,549
29,1,1191,548
29,1,1192,547
29,1,1191,546
29,1,1191,545
29,1,1191,544
29,1,1191,543
29,1,1191,542
29,1,1190,541
29,1,1191,541
29,1,1191,540
29,1,1191,539
29,1,1191,538
29,1,1191,537
29,1,1191,536
29,1,1192,534
29,1,1192,533
29,1,1192,532
29,1,1193,532
29,1,1193,531
29,1,1192,531
29,1,1192,532
29,1,1192,531
29,1,1191,531
29,1,1191,530
29,1,1190,530
29,1,1189,530
29,1,1190,529
29,1,1189,529
29,1,1189,528
29,1,1188,528
29,1,1188,527
29,1,1187,527
29,1,1187,526
29,1,1186,526
29,1,1186,525
29,1,1186,524
29,1,1185,524
29,1,1184,524
29,1,1183,523
29,1,1183,522
29,1,1182,522
29,1,1182,521
29,1,1181,521
29,1,1180,521
29,1,1179,521
29,1,1178,521
29,1,1177,521
29,1,1174,521
29,1,1173,521
29,1,1172,522
29,1,1171,522
29,1,1170,522
29,1,1169,522
29,1,1168,522
29,1,1166,522
29,1,1165,522
29,1,1164,522
29,1,1163,522
29,1,1162,522
29,1,1161,522
29,1,1160,522
29,1,1159,522
29,1,1158,522
29,1,1157,522
29,1,1157,523
29,1,1156,523
29,1,1155,523
29,1,1154,523
29,1,1153,523
29,1,1152,523
29,1,1151,523
29,1,1150,523
29,1,1149,523
29,1,1147,523
29,1,1146,523
29,1,1145,523
29,1,1143,523
29,1,1142,523
29,1,1141,523
29,1,1140,523
29,1,1140,524
29,1,1139,524
29,1,1138,524
29,1,1137,524
29,1,1136,524
29,1,1133,524
29,1,1132,524
29,1,1131,524
29,1,1128,524
29,1,1126,524
29,1,1125,524
29,1,1124,524
29,1,1123,524
29,1,1122,524
29,1,1121,524
29,1,1120,524
29,1,1119,524
29,1,1119,525
29,1,1118,525
29,1,1117,525
29,1,1116,525
29,1,1115,525
29,1,1114,525
29,1,1113,525
29,1,1112,525
29,1,1111,525
29,1,1110,525
29,1,1109,525
29,1,1108,525
29,1,1107,525
29,1,1106,525
29,1,1105,525
29,1,1104,525
29,1,1103,525
29,1,1102,525
29,1,1101,525
29,1,1100,525
29,1,1099,525
29,1,1098,525
29,1,1097,525
29,1,1096,525
29,1,1095,525
29,1,1094,525
29,1,1091,526
29,1,1089,526
29,1,1088,526
29,1,1087,526
29,1,1086,526
29,1,1085,526
29,1,1084,526
29,1,1083,526
29,1,1082,526
29,1,1081,526
29,1,1080,526
29,1,1079,526
29,1,1078,526
29,1,1077,526
29,1,1075,526
29,1,1074,526
29,1,1073,526
29,1,1072,526
29,1,1071,526
29,1,1070,526
29,1,1068,526
29,1,1067,526
29,1,1065,526
29,1,1064,526
29,1,1063,526
29,1,1062,526
29,1,1061,526
29,1,1060,526
29,1,1059,526
29,1,1058,526
29,1,1056,526
29,1,1055,526
29,1,1054,526
29,1,1053,526
29,1,1051,526
29,1,1050,526
29,1,1049,526
29,1,1048,526
29,1,1047,526
29,1,1046,526
29,1,1045,526
29,1,1044,526
29,1,1043,526
29,1,1041,526
29,1,1040,526
29,1,1040,525
29,1,1039,525
29,1,1037,525
29,1,1036,525
30,1,560,473
30,1,560,475
30,1,559,480
30,1,559,482
30,1,558,487
30,1,558,489
30,1,558,490
30,1,557,492
30,1,557,495
30,1,557,497
30,1,556,497
30,1,556,500
30,1,556,504
30,1,555,510
30,1,554,512
30,1,554,513
30,1,554,518
30,1,553,520
30,1,552,527
30,1,552,533
30,1,551,537
30,1,550,545
30,1,550,547
30,1,549,551
30,1,547,563
30,1,547,566
30,1,547,568
30,1,547,569
30,1,546,572
30,1,546,573
30,1,546,575
30,1,545,578
30,1,545,579
30,1,545,581
30,1,544,582
30,1,544,588
30,1,543,593
30,1,542,598
30,1,542,601
30,1,541,604
30,1,541,605
30,1,541,609
30,1,541,612
30,1,540,617
30,1,540,618
30,1,540,621
30,1,540,622
30,1,539,623
30,1,539,624
30,1,539,625
30,1,539,626
30,1,539,629
30,1,538,631
30,1,538,633
30,1,538,635
30,1,538,636
30,1,537,639
30,1,537,641
30,1,536,647
30,1,536,649
30,1,535,653
30,1,535,655
30,1,535,656
30,1,535,657
30,1,534,659
30,1,534,660
30,1,534,661
30,1,534,664
30,1,534,665
30,1,535,665
30,1,537,665
30,1,543,666
30,1,545,666
30,1,549,667
30,1,550,667
30,1,553,667
30,1,559,668
30,1,561,668
30,1,562,668
30,1,563,669
30,1,564,669
30,1,566,669
30,1,569,669
30,1,571,670
30,1,572,670
30,1,573,670
30,1,574,670
30,1,576,670
30,1,577,670
30,1,578,670
30,1,581,671
30,1,582,671
30,1,584,671
30,1,586,671
30,1,587,672
30,1,588,672
30,1,590,672
30,1,592,672
30,1,593,672
30,1,594,672
30,1,595,673
30,1,598,673
30,1,601,673
30,1,603,674
30,1,607,674
30,1,610,674
30,1,611,674
30,1,612,675
30,1,614,675
30,1,615,675
30,1,619,676
30,1,620,676
30,1,622,676
30,1,623,676
30,1,625,676
30,1,629,677
30,1,630,677
30,1,633,677
30,1,635,677
30,1,636,677
30,1,637,678
30,1,639,678
30,1,640,678
30,1,641,678
30,1,645,678
30,1,647,679
30,1,648,679
30,1,659,680
30,1,661,680
30,1,662,680
30,1,664,680
30,1,665,681
30,1,666,681
30,1,667,681
30,1,668,681
30,1,669,681
30,1,670,681
30,1,677,682
30,1,678,682
30,1,680,682
30,1,681,682
30,1,682,682
30,1,685,683
30,1,686,683
30,1,692,683
30,1,695,684
30,1,696,684
30,1,697,684
30,1,700,684
30,1,704,684
30,1,705,684
30,1,706,684
30,1,706,685
30,1,708,685
30,1,710,685
30,1,711,685
30,1,714,685
30,1,715,685
30,1,716,685
30,1,724,686
30,1,729,686
30,1,734,687
30,1,744,687
30,1,746,688
30,1,754,688
30,1,756,688
30,1,759,688
30,1,762,689
30,1,763,689
30,1,766,689
30,1,768,689
30,1,769,689
30,1,772,690
30,1,773,690
30,1,780,690
30,1,781,690
30,1,786,691
30,1,787,691
30,1,789,691
30,1,790,691
30,1,792,691
30,1,793,691
30,1,795,691
30,1,798,692
30,1,798,690
30,1,798,686
30,1,798,685
30,1,799,684
30,1,799,679
30,1,799,677
30,1,799,676
30,1,799,674
30,1,799,673
30,1,799,672
30,1,799,671
30,1,799,670
30,1,800,669
30,1,800,667
30,1,800,665
30,1,800,664
30,1,800,663
30,1,800,662
30,1,800,660
30,1,800,659
30,1,800,658
30,1,800,656
30,1,800,655
30,1,800,653
30,1,801,653
30,1,801,652
30,1,801,649
30,1,801,648
30,1,801,647
30,1,801,642
30,1,801,641
30,1,801,638
30,1,801,637
30,1,802,636
30,1,802,635
30,1,802,631
30,1,802,630
30,1,802,629
30,1,802,628
30,1,802,625
30,1,802,623
30,1,802,621
30,1,803,619
30,1,803,618
30,1,803,617
30,1,803,616
30,1,803,615
30,1,803,613
30,1,803,611
30,1,803,610
30,1,803,609
30,1,803,607
30,1,803,606
30,1,803,605
30,1,804,605
30,1,804,604
30,1,804,593
30,1,804,591
30,1,804,589
30,1,804,588
30,1,805,584
30,1,805,580
30,1,805,577
30,1,805,576
30,1,805,575
30,1,805,574
30,1,806,570
30,1,806,569
30,1,806,567
30,1,806,566
30,1,806,564
30,1,806,563
30,1,806,562
30,1,806,559
30,1,806,555
30,1,806,554
30,1,807,553
30,1,807,551
30,1,807,548
30,1,807,547
30,1,807,544
30,1,807,540
30,1,807,539
30,1,808,536
30,1,808,535
30,1,808,534
30,1,808,530
30,1,808,529
30,1,808,528
30,1,808,526
30,1,809,522
30,1,809,521
30,1,809,519
30,1,809,517
30,1,809,516
30,1,809,513
30,1,809,511
30,1,809,510
30,1,809,509
30,1,810,503
30,1,810,500
30,1,810,498
30,1,809,498
30,1,807,498
30,1,805,498
30,1,804,498
30,1,803,498
30,1,802,498
30,1,801,498
30,1,800,498
30,1,799,498
30,1,798,498
30,1,795,497
30,1,794,497
30,1,792,497
30,1,791,497
30,1,790,497
30,1,788,497
30,1,786,497
30,1,785,497
30,1,784,497
30,1,783,497
30,1,782,497
30,1,781,496
30,1,780,496
30,1,779,496
30,1,778,496
30,1,777,496
30,1,776,496
30,1,775,496
30,1,774,496
30,1,773,496
30,1,765,495
30,1,763,495
30,1,762,495
30,1,761,495
30,1,759,495
30,1,758,495
30,1,757,495
30,1,755,495
30,1,755,494
30,1,749,494
30,1,745,494
30,1,744,494
30,1,743,494
30,1,742,493
30,1,741,493
30,1,740,493
30,1,739,493
30,1,738,493
30,1,737,493
30,1,736,493
30,1,734,493
30,1,733,493
30,1,730,492
30,1,729,492
30,1,727,492
30,1,723,492
30,1,722,492
30,1,719,491
30,1,716,491
30,1,713,491
30,1,710,491
30,1,707,490
30,1,706,490
30,1,705,490
30,1,702,490
30,1,698,490
30,1,695,489
30,1,694,489
30,1,693,489
30,1,690,489
30,1,687,489
30,1,682,488
30,1,681,488
30,1,680,488
30,1,678,488
30,1,677,488
30,1,672,487
30,1,671,487
30,1,666,486
30,1,664,486
30,1,662,486
30,1,661,486
30,1,659,486
30,1,657,485
30,1,656,485
30,1,655,485
30,1,653,485
30,1,652,485
30,1,650,484
30,1,641,483
30,1,638,483
30,1,633,482
30,1,631,482
30,1,630,482
30,1,629,482
30,1,624,481
30,1,622,481
30,1,620,481
30,1,619,481
30,1,616,480
30,1,613,480
30,1,612,480
30,1,611,480
30,1,608,480
30,1,605,479
30,1,600,479
30,1,596,478
30,1,591,477
30,1,588,477
30,1,587,477
30,1,580,476
30,1,579,476
30,1,578,476
30,1,575,475
30,1,569,475
30,1,567,474
30,1,566,474
30,1,561,473
30,1,560,473
31,1,392,397
31,1,391,402
31,1,391,404
31,1,390,408
31,1,389,415
31,1,388,415
31,1,388,419
31,1,387,420
31,1,387,421
31,1,385,434
31,1,384,438
31,1,384,439
31,1,383,444
31,1,382,447
31,1,381,455
31,1,381,456
31,1,380,456
31,1,380,457
31,1,380,459
31,1,379,462
31,1,378,467
31,1,378,468
31,1,378,471
31,1,377,471
31,1,377,473
31,1,376,480
31,1,375,483
31,1,375,486
31,1,375,487
31,1,374,487
31,1,374,490
31,1,374,491
31,1,374,492
31,1,373,492
31,1,373,496
31,1,372,500
31,1,372,501
31,1,372,502
31,1,371,503
31,1,371,504
31,1,369,513
31,1,369,516
31,1,369,517
31,1,367,523
31,1,365,536
31,1,364,539
31,1,363,545
31,1,363,546
31,1,362,550
31,1,362,551
31,1,362,552
31,1,361,554
31,1,360,559
31,1,360,560
31,1,360,563
31,1,359,567
31,1,359,569
31,1,358,574
31,1,357,574
31,1,357,579
31,1,355,586
31,1,355,589
31,1,354,592
31,1,354,593
31,1,354,595
31,1,353,597
31,1,353,598
31,1,353,599
31,1,352,603
31,1,352,605
31,1,351,606
31,1,351,608
31,1,351,609
31,1,351,610
31,1,350,610
31,1,350,611
31,1,350,613
31,1,350,614
31,1,349,616
31,1,349,617
31,1,349,619
31,1,349,620
31,1,348,623
31,1,348,625
31,1,347,627
31,1,347,629
31,1,346,634
31,1,349,634
31,1,351,635
31,1,362,637
31,1,364,637
31,1,367,638
31,1,368,638
31,1,370,638
31,1,373,639
31,1,374,639
31,1,375,639
31,1,379,640
31,1,381,640
31,1,382,640
31,1,385,641
31,1,387,641
31,1,388,641
31,1,389,642
31,1,390,642
31,1,392,642
31,1,400,644
31,1,402,644
31,1,403,644
31,1,404,644
31,1,405,644
31,1,409,645
31,1,419,647
31,1,421,647
31,1,428,648
31,1,429,649
31,1,436,650
31,1,437,650
31,1,439,650
31,1,440,650
31,1,441,651
31,1,445,651
31,1,446,651
31,1,447,651
31,1,448,652
31,1,449,652
31,1,450,652
31,1,451,652
31,1,452,652
31,1,455,653
31,1,458,653
31,1,470,655
31,1,471,655
31,1,472,655
31,1,474,656
31,1,475,656
31,1,479,656
31,1,479,657
31,1,480,657
31,1,487,658
31,1,491,659
31,1,492,659
31,1,493,659
31,1,497,659
31,1,498,660
31,1,500,660
31,1,502,660
31,1,504,660
31,1,507,661
31,1,509,661
31,1,510,661
31,1,512,662
31,1,517,662
31,1,518,662
31,1,518,663
31,1,520,663
31,1,521,663
31,1,522,663
31,1,523,663
31,1,525,663
31,1,526,664
31,1,528,664
31,1,534,665
31,1,534,664
31,1,534,661
31,1,534,660
31,1,534,659
31,1,535,657
31,1,535,656
31,1,535,655
31,1,535,653
31,1,536,649
31,1,536,647
31,1,537,641
31,1,537,639
31,1,538,636
31,1,538,635
31,1,538,633
31,1,538,631
31,1,539,629
31,1,539,626
31,1,539,625
31,1,539,624
31,1,539,623
31,1,540,622
31,1,540,621
31,1,540,618
31,1,540,617
31,1,541,612
31,1,541,609
31,1,541,605
31,1,541,604
31,1,542,601
31,1,542,598
31,1,543,593
31,1,544,588
31,1,544,582
31,1,545,581
31,1,545,579
31,1,545,578
31,1,546,575
31,1,546,573
31,1,546,572
31,1,547,569
31,1,547,568
31,1,547,566
31,1,547,563
31,1,549,551
31,1,550,547
31,1,550,545
31,1,551,537
31,1,552,533
31,1,552,527
31,1,553,520
31,1,554,518
31,1,554,513
31,1,554,512
31,1,555,510
31,1,556,504
31,1,556,500
31,1,556,497
31,1,557,497
31,1,557,495
31,1,557,492
31,1,558,490
31,1,558,489
31,1,558,487
31,1,559,482
31,1,559,480
31,1,560,475
31,1,560,473
31,1,555,473
31,1,554,472
31,1,553,472
31,1,546,471
31,1,544,471
31,1,543,471
31,1,542,471
31,1,541,471
31,1,540,471
31,1,538,470
31,1,536,470
31,1,535,470
31,1,532,469
31,1,531,469
31,1,527,469
31,1,526,469
31,1,524,468
31,1,522,468
31,1,518,467
31,1,517,467
31,1,516,467
31,1,513,467
31,1,511,466
31,1,510,466
31,1,508,466
31,1,507,466
31,1,505,465
31,1,504,465
31,1,501,465
31,1,500,465
31,1,499,465
31,1,497,464
31,1,495,464
31,1,494,464
31,1,489,463
31,1,490,456
31,1,490,455
31,1,490,454
31,1,490,453
31,1,491,451
31,1,491,449
31,1,492,446
31,1,492,445
31,1,492,443
31,1,492,440
31,1,493,438
31,1,493,437
31,1,493,436
31,1,493,435
31,1,495,426
31,1,495,424
31,1,495,422
31,1,496,415
31,1,495,415
31,1,492,414
31,1,490,414
31,1,489,414
31,1,488,414
31,1,487,414
31,1,484,413
31,1,482,413
31,1,481,413
31,1,480,413
31,1,477,412
31,1,474,411
31,1,472,411
31,1,470,411
31,1,469,411
31,1,468,411
31,1,467,410
31,1,466,410
31,1,465,410
31,1,464,410
31,1,463,410
31,1,462,410
31,1,459,409
31,1,458,409
31,1,457,409
31,1,457,408
31,1,456,408
31,1,455,408
31,1,454,408
31,1,450,407
31,1,448,407
31,1,445,407
31,1,444,406
31,1,443,406
31,1,441,406
31,1,439,405
31,1,438,405
31,1,436,405
31,1,435,405
31,1,434,405
31,1,432,404
31,1,430,404
31,1,429,404
31,1,428,404
31,1,427,403
31,1,425,403
31,1,423,403
31,1,422,403
31,1,421,402
31,1,418,402
31,1,416,401
31,1,414,401
31,1,413,401
31,1,412,401
31,1,411,401
31,1,410,401
31,1,409,400
31,1,407,400
31,1,406,400
31,1,405,400
31,1,401,399
31,1,399,399
31,1,398,398
31,1,397,398
31,1,396,398
31,1,394,398
31,1,394,397
31,1,392,397
32,1,762,689
32,1,761,693
32,1,761,694
32,1,761,700
32,1,761,702
32,1,761,704
32,1,760,707
32,1,760,708
32,1,760,712
32,1,760,713
32,1,764,713
32,1,768,713
32,1,772,714
32,1,774,714
32,1,776,714
32,1,778,714
32,1,784,714
32,1,785,715
32,1,789,715
32,1,792,715
32,1,793,715
32,1,794,715
32,1,797,715
32,1,799,715
32,1,801,716
32,1,805,716
32,1,806,716
32,1,807,716
32,1,808,716
32,1,809,716
32,1,810,716
32,1,811,716
32,1,812,716
32,1,813,716
32,1,814,716
32,1,820,717
32,1,821,717
32,1,822,717
32,1,824,717
32,1,825,717
32,1,829,717
32,1,833,717
32,1,834,718
32,1,835,718
32,1,837,718
32,1,838,718
32,1,839,718
32,1,841,718
32,1,842,718
32,1,843,718
32,1,844,718
32,1,845,718
32,1,847,718
32,1,848,718
32,1,849,718
32,1,850,718
32,1,851,718
32,1,852,718
32,1,854,719
32,1,855,719
32,1,856,719
32,1,857,719
32,1,858,719
32,1,859,719
32,1,860,719
32,1,861,719
32,1,862,719
32,1,863,719
32,1,865,719
32,1,868,719
32,1,871,719
32,1,872,719
32,1,874,719
32,1,875,719
32,1,874,723
32,1,874,730
32,1,874,731
32,1,874,734
32,1,874,736
32,1,874,737
32,1,874,741
32,1,873,746
32,1,873,749
32,1,873,753
32,1,873,756
32,1,873,759
32,1,873,762
32,1,873,763
32,1,873,765
32,1,872,769
32,1,872,771
32,1,872,776
32,1,872,777
32,1,872,780
32,1,872,781
32,1,872,782
32,1,872,783
32,1,872,785
32,1,872,790
32,1,871,799
32,1,871,801
32,1,871,804
32,1,871,806
32,1,871,810
32,1,871,811
32,1,871,812
32,1,871,813
32,1,872,813
32,1,872,812
32,1,873,812
32,1,874,812
32,1,874,813
32,1,875,813
32,1,875,814
32,1,876,814
32,1,876,815
32,1,877,816
32,1,878,816
32,1,878,817
32,1,878,818
32,1,879,818
32,1,879,819
32,1,880,819
32,1,879,819
32,1,880,820
32,1,881,820
32,1,881,821
32,1,882,821
32,1,882,822
32,1,883,822
32,1,884,822
32,1,885,822
32,1,886,822
32,1,887,822
32,1,887,821
32,1,887,820
32,1,888,821
32,1,889,821
32,1,890,821
32,1,891,822
32,1,892,822
32,1,892,823
32,1,893,823
32,1,893,822
32,1,893,823
32,1,894,823
32,1,894,822
32,1,894,821
32,1,894,820
32,1,894,819
32,1,895,819
32,1,896,819
32,1,896,820
32,1,897,821
32,1,898,821
32,1,898,822
32,1,899,822
32,1,899,821
32,1,899,822
32,1,899,823
32,1,900,823
32,1,900,824
32,1,900,825
32,1,901,825
32,1,901,826
32,1,901,827
32,1,902,827
32,1,902,828
32,1,902,829
32,1,902,830
32,1,902,831
32,1,903,831
32,1,904,831
32,1,905,831
32,1,906,831
32,1,907,831
32,1,907,832
32,1,908,832
32,1,908,831
32,1,909,831
32,1,910,831
32,1,910,832
32,1,911,832
32,1,911,831
32,1,912,832
32,1,912,833
32,1,913,833
32,1,914,833
32,1,914,834
32,1,915,834
32,1,916,834
32,1,917,834
32,1,917,835
32,1,917,834
32,1,918,835
32,1,919,835
32,1,919,836
32,1,919,835
32,1,920,835
32,1,921,835
32,1,922,835
32,1,923,834
32,1,924,834
32,1,925,834
32,1,926,835
32,1,927,835
32,1,927,836
32,1,926,836
32,1,927,836
32,1,927,837
32,1,928,837
32,1,928,838
32,1,929,838
32,1,929,839
32,1,930,839
32,1,930,838
32,1,931,838
32,1,932,838
32,1,932,837
32,1,933,837
32,1,933,836
32,1,934,836
32,1,934,835
32,1,933,835
32,1,934,835
32,1,934,834
32,1,935,835
32,1,936,835
32,1,937,836
32,1,938,836
32,1,939,836
32,1,940,836
32,1,941,837
32,1,942,837
32,1,942,836
32,1,943,836
32,1,943,835
32,1,944,835
32,1,945,835
32,1,944,836
32,1,945,836
32,1,945,837
32,1,944,838
32,1,944,839
32,1,945,840
32,1,945,841
32,1,945,840
32,1,944,840
32,1,944,841
32,1,945,841
32,1,945,842
32,1,946,842
32,1,947,843
32,1,948,843
32,1,948,842
32,1,949,842
32,1,950,842
32,1,950,843
32,1,951,843
32,1,950,844
32,1,950,845
32,1,949,845
32,1,950,845
32,1,950,846
32,1,950,847
32,1,949,847
32,1,949,848
32,1,950,848
32,1,951,848
32,1,952,849
32,1,953,849
32,1,953,850
32,1,954,850
32,1,954,849
32,1,955,849
32,1,955,848
32,1,956,848
32,1,956,847
32,1,957,847
32,1,957,848
32,1,957,847
32,1,957,846
32,1,957,847
32,1,958,847
32,1,958,846
32,1,959,846
32,1,959,845
32,1,960,845
32,1,960,844
32,1,960,843
32,1,961,843
32,1,962,843
32,1,963,843
32,1,963,844
32,1,964,844
32,1,964,845
32,1,965,845
32,1,964,845
32,1,964,846
32,1,964,847
32,1,965,847
32,1,966,847
32,1,966,848
32,1,966,847
32,1,967,847
32,1,968,847
32,1,969,847
32,1,970,847
32,1,970,848
32,1,970,849
32,1,970,850
32,1,969,850
32,1,970,851
32,1,971,851
32,1,972,851
32,1,973,851
32,1,974,851
32,1,974,850
32,1,974,849
32,1,975,849
32,1,975,848
32,1,975,849
32,1,975,850
32,1,975,849
32,1,976,849
32,1,976,848
32,1,976,849
32,1,977,849
32,1,977,850
32,1,977,849
32,1,978,849
32,1,978,848
32,1,978,847
32,1,979,847
32,1,980,847
32,1,980,848
32,1,981,848
32,1,981,849
32,1,981,850
32,1,981,851
32,1,980,851
32,1,980,852
32,1,980,853
32,1,980,854
32,1,980,855
32,1,981,855
32,1,981,856
32,1,982,856
32,1,983,857
32,1,983,856
32,1,984,856
32,1,984,855
32,1,984,854
32,1,984,853
32,1,984,852
32,1,985,852
32,1,986,852
32,1,986,851
32,1,985,851
32,1,984,851
32,1,984,850
32,1,985,850
32,1,986,850
32,1,986,851
32,1,987,850
32,1,988,849
32,1,988,848
32,1,988,847
32,1,988,846
32,1,988,845
32,1,989,845
32,1,989,846
32,1,990,846
32,1,990,845
32,1,991,845
32,1,992,845
32,1,992,846
32,1,992,847
32,1,992,848
32,1,992,849
32,1,993,850
32,1,994,850
32,1,994,849
32,1,995,849
32,1,996,849
32,1,996,850
32,1,997,850
32,1,997,851
32,1,998,851
32,1,999,851
32,1,1000,851
32,1,1000,850
32,1,1000,849
32,1,1000,848
32,1,1001,848
32,1,1001,847
32,1,1002,848
32,1,1003,848
32,1,1004,848
32,1,1004,849
32,1,1003,849
32,1,1003,850
32,1,1002,850
32,1,1002,851
32,1,1003,851
32,1,1004,851
32,1,1005,852
32,1,1006,852
32,1,1007,852
32,1,1007,853
32,1,1007,854
32,1,1008,854
32,1,1009,854
32,1,1010,854
32,1,1011,854
32,1,1011,855
32,1,1012,856
32,1,1013,857
32,1,1013,858
32,1,1014,858
32,1,1015,858
32,1,1015,857
32,1,1015,856
32,1,1015,855
32,1,1016,854
32,1,1017,854
32,1,1017,855
32,1,1018,855
32,1,1019,855
32,1,1020,855
32,1,1021,854
32,1,1021,853
32,1,1021,852
32,1,1021,853
32,1,1020,853
32,1,1020,852
32,1,1021,852
32,1,1021,851
32,1,1022,851
32,1,1023,851
32,1,1024,851
32,1,1023,851
32,1,1023,850
32,1,1024,850
32,1,1024,851
32,1,1025,851
32,1,1026,851
32,1,1026,850
32,1,1027,850
32,1,1027,851
32,1,1026,851
32,1,1027,851
32,1,1027,850
32,1,1028,850
32,1,1027,850
32,1,1027,849
32,1,1028,849
32,1,1028,850
32,1,1029,850
32,1,1030,850
32,1,1030,849
32,1,1031,849
32,1,1032,850
32,1,1033,850
32,1,1033,851
32,1,1034,851
32,1,1035,851
32,1,1035,850
32,1,1034,850
32,1,1035,850
32,1,1036,850
32,1,1036,851
32,1,1037,851
32,1,1037,850
32,1,1037,849
32,1,1037,848
32,1,1038,848
32,1,1039,848
32,1,1039,849
32,1,1040,848
32,1,1041,848
32,1,1041,847
32,1,1041,848
32,1,1042,848
32,1,1042,847
32,1,1043,847
32,1,1043,846
32,1,1044,846
32,1,1045,846
32,1,1045,847
32,1,1045,848
32,1,1045,849
32,1,1046,849
32,1,1046,848
32,1,1047,848
32,1,1047,849
32,1,1048,849
32,1,1049,849
32,1,1049,850
32,1,1050,849
32,1,1051,850
32,1,1051,849
32,1,1052,849
32,1,1053,849
32,1,1054,849
32,1,1055,849
32,1,1056,849
32,1,1056,848
32,1,1056,847
32,1,1056,848
32,1,1057,848
32,1,1057,847
32,1,1057,846
32,1,1058,846
32,1,1058,845
32,1,1059,845
32,1,1060,845
32,1,1060,846
32,1,1061,846
32,1,1062,846
32,1,1062,847
32,1,1062,848
32,1,1063,847
32,1,1064,847
32,1,1063,848
32,1,1063,849
32,1,1064,849
32,1,1064,848
32,1,1064,847
32,1,1064,848
32,1,1065,848
32,1,1065,849
32,1,1065,850
32,1,1066,850
32,1,1067,850
32,1,1068,850
32,1,1068,851
32,1,1069,851
32,1,1069,852
32,1,1070,852
32,1,1070,851
32,1,1070,852
32,1,1071,852
32,1,1070,852
32,1,1070,853
32,1,1070,854
32,1,1071,854
32,1,1072,854
32,1,1072,855
32,1,1072,854
32,1,1072,855
32,1,1073,855
32,1,1074,855
32,1,1074,856
32,1,1074,855
32,1,1074,854
32,1,1074,855
32,1,1074,856
32,1,1075,856
32,1,1075,855
32,1,1076,855
32,1,1076,854
32,1,1077,855
32,1,1076,855
32,1,1075,856
32,1,1076,856
32,1,1077,856
32,1,1077,857
32,1,1077,856
32,1,1078,856
32,1,1077,857
32,1,1077,858
32,1,1078,858
32,1,1078,857
32,1,1078,856
32,1,1078,857
32,1,1079,857
32,1,1078,857
32,1,1078,858
32,1,1079,858
32,1,1080,858
32,1,1080,857
32,1,1080,858
32,1,1081,858
32,1,1081,857
32,1,1081,858
32,1,1081,859
32,1,1081,858
32,1,1080,858
32,1,1080,859
32,1,1081,859
32,1,1082,858
32,1,1082,859
32,1,1083,859
32,1,1083,858
32,1,1084,858
32,1,1084,859
32,1,1083,860
32,1,1084,860
32,1,1084,859
32,1,1085,859
32,1,1085,860
32,1,1084,860
32,1,1084,861
32,1,1085,861
32,1,1085,860
32,1,1086,860
32,1,1086,861
32,1,1086,860
32,1,1086,861
32,1,1087,861
32,1,1087,860
32,1,1087,859
32,1,1087,858
32,1,1087,857
32,1,1087,856
32,1,1087,855
32,1,1087,854
32,1,1087,853
32,1,1087,852
32,1,1088,851
32,1,1088,850
32,1,1088,848
32,1,1088,846
32,1,1088,845
32,1,1088,842
32,1,1088,840
32,1,1088,838
32,1,1088,836
32,1,1088,835
32,1,1088,834
32,1,1088,832
32,1,1088,831
32,1,1088,830
32,1,1088,829
32,1,1088,827
32,1,1088,826
32,1,1088,825
32,1,1088,824
32,1,1088,823
32,1,1088,822
32,1,1088,821
32,1,1088,820
32,1,1088,818
32,1,1088,817
32,1,1088,816
32,1,1088,814
32,1,1088,813
32,1,1088,812
32,1,1088,810
32,1,1088,809
32,1,1088,808
32,1,1088,806
32,1,1088,803
32,1,1088,802
32,1,1088,801
32,1,1088,800
32,1,1088,798
32,1,1088,797
32,1,1088,796
32,1,1088,795
32,1,1088,794
32,1,1088,793
32,1,1088,791
32,1,1088,789
32,1,1088,788
32,1,1088,787
32,1,1088,786
32,1,1088,785
32,1,1088,784
32,1,1088,783
32,1,1088,782
32,1,1088,781
32,1,1088,780
32,1,1088,779
32,1,1088,778
32,1,1088,777
32,1,1088,776
32,1,1088,774
32,1,1088,773
32,1,1088,772
32,1,1087,771
32,1,1087,770
32,1,1087,769
32,1,1087,768
32,1,1087,767
32,1,1087,766
32,1,1086,764
32,1,1086,763
32,1,1086,762
32,1,1086,761
32,1,1086,760
32,1,1086,759
32,1,1086,758
32,1,1085,757
32,1,1085,756
32,1,1085,755
32,1,1085,754
32,1,1084,751
32,1,1084,750
32,1,1084,749
32,1,1084,748
32,1,1084,747
32,1,1084,746
32,1,1083,744
32,1,1083,743
32,1,1083,742
32,1,1083,741
32,1,1083,740
32,1,1083,739
32,1,1083,738
32,1,1082,738
32,1,1082,737
32,1,1082,736
32,1,1082,735
32,1,1082,734
32,1,1082,733
32,1,1082,732
32,1,1081,730
32,1,1081,728
32,1,1081,727
32,1,1081,726
32,1,1080,724
32,1,1080,723
32,1,1080,722
32,1,1080,721
32,1,1080,720
32,1,1080,719
32,1,1080,718
32,1,1080,717
32,1,1080,716
32,1,1080,714
32,1,1080,713
32,1,1080,712
32,1,1080,711
32,1,1080,710
32,1,1080,709
32,1,1080,707
32,1,1080,706
32,1,1080,704
32,1,1080,703
32,1,1080,702
32,1,1080,701
32,1,1080,700
32,1,1080,698
32,1,1078,698
32,1,1077,698
32,1,1076,698
32,1,1075,698
32,1,1074,698
32,1,1073,698
32,1,1072,698
32,1,1071,698
32,1,1070,698
32,1,1069,698
32,1,1068,698
32,1,1066,698
32,1,1065,698
32,1,1064,698
32,1,1063,698
32,1,1061,698
32,1,1060,698
32,1,1059,698
32,1,1058,698
32,1,1055,698
32,1,1054,698
32,1,1053,698
32,1,1051,698
32,1,1050,698
32,1,1049,699
32,1,1046,699
32,1,1045,699
32,1,1044,699
32,1,1043,699
32,1,1042,699
32,1,1041,699
32,1,1040,699
32,1,1039,699
32,1,1038,699
32,1,1037,699
32,1,1036,699
32,1,1035,699
32,1,1034,699
32,1,1033,699
32,1,1032,699
32,1,1031,699
32,1,1030,699
32,1,1029,699
32,1,1027,699
32,1,1026,699
32,1,1024,699
32,1,1023,699
32,1,1022,699
32,1,1020,699
32,1,1019,699
32,1,1018,699
32,1,1017,699
32,1,1014,699
32,1,1013,699
32,1,1012,699
32,1,1008,699
32,1,1007,699
32,1,1004,699
32,1,1004,698
32,1,1001,698
32,1,1000,698
32,1,999,698
32,1,997,698
32,1,996,698
32,1,994,698
32,1,993,698
32,1,992,698
32,1,991,698
32,1,990,698
32,1,988,698
32,1,986,698
32,1,985,698
32,1,984,698
32,1,983,698
32,1,982,698
32,1,981,698
32,1,980,698
32,1,978,698
32,1,976,698
32,1,975,698
32,1,974,698
32,1,972,698
32,1,971,698
32,1,969,698
32,1,968,698
32,1,967,698
32,1,966,698
32,1,965,698
32,1,963,698
32,1,960,698
32,1,959,698
32,1,956,698
32,1,955,698
32,1,953,698
32,1,951,698
32,1,950,698
32,1,947,698
32,1,946,698
32,1,945,698
32,1,944,698
32,1,943,698
32,1,942,698
32,1,940,698
32,1,938,698
32,1,936,697
32,1,935,697
32,1,933,697
32,1,932,697
32,1,931,697
32,1,929,697
32,1,928,697
32,1,927,697
32,1,924,697
32,1,923,697
32,1,921,697
32,1,918,697
32,1,917,697
32,1,916,697
32,1,914,697
32,1,913,697
32,1,912,697
32,1,909,697
32,1,905,696
32,1,904,696
32,1,903,696
32,1,899,696
32,1,898,696
32,1,896,696
32,1,895,696
32,1,894,696
32,1,893,696
32,1,892,696
32,1,890,696
32,1,889,696
32,1,886,696
32,1,884,696
32,1,882,696
32,1,880,695
32,1,879,695
32,1,876,695
32,1,875,695
32,1,872,695
32,1,871,695
32,1,868,695
32,1,867,695
32,1,865,695
32,1,860,695
32,1,859,695
32,1,855,694
32,1,853,694
32,1,852,694
32,1,851,694
32,1,850,694
32,1,848,694
32,1,847,694
32,1,846,694
32,1,845,694
32,1,844,694
32,1,843,694
32,1,842,694
32,1,841,694
32,1,840,694
32,1,839,694
32,1,838,694
32,1,837,694
32,1,836,694
32,1,835,694
32,1,834,693
32,1,833,693
32,1,831,693
32,1,830,693
32,1,829,693
32,1,828,693
32,1,827,693
32,1,824,693
32,1,823,693
32,1,822,693
32,1,821,693
32,1,819,693
32,1,818,693
32,1,817,693
32,1,815,693
32,1,815,692
32,1,814,692
32,1,812,692
32,1,811,692
32,1,810,692
32,1,806,692
32,1,805,692
32,1,804,692
32,1,803,692
32,1,802,692
32,1,801,692
32,1,800,692
32,1,799,692
32,1,798,692
32,1,795,691
32,1,793,691
32,1,792,691
32,1,790,691
32,1,789,691
32,1,787,691
32,1,786,691
32,1,781,690
32,1,780,690
32,1,773,690
32,1,772,690
32,1,769,689
32,1,768,689
32,1,766,689
32,1,763,689
32,1,762,689
33,1,1268,739
33,1,1269,739
33,1,1269,740
33,1,1269,741
33,1,1270,741
33,1,1271,741
33,1,1271,742
33,1,1272,742
33,1,1272,743
33,1,1272,744
33,1,1272,745
33,1,1271,745
33,1,1270,744
33,1,1269,743
33,1,1268,743
33,1,1268,744
33,1,1267,744
33,1,1267,745
33,1,1267,746
33,1,1268,746
33,1,1269,746
33,1,1270,746
33,1,1270,747
33,1,1270,748
33,1,1269,748
33,1,1268,748
33,1,1267,748
33,1,1267,749
33,1,1266,749
33,1,1267,750
33,1,1267,751
33,1,1266,751
33,1,1265,752
33,1,1265,751
33,1,1264,751
33,1,1263,751
33,1,1262,751
33,1,1261,752
33,1,1261,753
33,1,1261,754
33,1,1261,755
33,1,1262,755
33,1,1262,756
33,1,1263,756
33,1,1264,756
33,1,1264,755
33,1,1265,755
33,1,1265,756
33,1,1265,757
33,1,1264,757
33,1,1263,758
33,1,1262,758
33,1,1261,759
33,1,1261,760
33,1,1262,761
33,1,1263,761
33,1,1263,762
33,1,1263,763
33,1,1262,763
33,1,1261,762
33,1,1261,761
33,1,1260,761
33,1,1259,761
33,1,1258,761
33,1,1258,762
33,1,1258,763
33,1,1258,764
33,1,1259,765
33,1,1259,766
33,1,1260,766
33,1,1260,767
33,1,1259,767
33,1,1258,768
33,1,1258,769
33,1,1257,768
33,1,1257,767
33,1,1257,766
33,1,1257,765
33,1,1256,765
33,1,1255,765
33,1,1255,766
33,1,1255,767
33,1,1254,767
33,1,1253,768
33,1,1253,769
33,1,1253,770
33,1,1254,770
33,1,1255,770
33,1,1254,769
33,1,1254,768
33,1,1255,768
33,1,1256,768
33,1,1256,769
33,1,1257,769
33,1,1257,770
33,1,1256,771
33,1,1256,772
33,1,1256,773
33,1,1255,773
33,1,1255,774
33,1,1254,773
33,1,1254,774
33,1,1254,775
33,1,1254,776
33,1,1255,776
33,1,1256,776
33,1,1257,776
33,1,1257,777
33,1,1258,777
33,1,1257,778
33,1,1256,778
33,1,1256,779
33,1,1257,779
33,1,1257,780
33,1,1258,780
33,1,1258,781
33,1,1258,782
33,1,1257,782
33,1,1256,782
33,1,1255,782
33,1,1254,782
33,1,1254,783
33,1,1254,784
33,1,1254,785
33,1,1254,786
33,1,1253,787
33,1,1252,787
33,1,1251,787
33,1,1251,786
33,1,1250,786
33,1,1249,786
33,1,1249,787
33,1,1249,788
33,1,1249,789
33,1,1253,788
33,1,1256,788
33,1,1257,788
33,1,1259,788
33,1,1260,788
33,1,1261,788
33,1,1262,788
33,1,1263,788
33,1,1264,788
33,1,1265,788
33,1,1266,788
33,1,1267,788
33,1,1267,787
33,1,1268,787
33,1,1269,787
33,1,1270,787
33,1,1271,787
33,1,1272,787
33,1,1273,787
33,1,1275,787
33,1,1276,787
33,1,1277,787
33,1,1278,787
33,1,1279,787
33,1,1280,787
33,1,1281,787
33,1,1282,787
33,1,1283,786
33,1,1284,786
33,1,1285,786
33,1,1286,786
33,1,1287,786
33,1,1290,786
33,1,1291,786
33,1,1292,786
33,1,1294,786
33,1,1295,786
33,1,1296,786
33,1,1296,785
33,1,1297,785
33,1,1299,785
33,1,1300,785
33,1,1301,785
33,1,1303,785
33,1,1304,785
33,1,1306,785
33,1,1307,785
33,1,1308,785
33,1,1310,784
33,1,1311,784
33,1,1312,784
33,1,1315,784
33,1,1316,784
33,1,1317,784
33,1,1318,784
33,1,1319,784
33,1,1320,784
33,1,1321,784
33,1,1324,783
33,1,1325,783
33,1,1326,783
33,1,1329,783
33,1,1330,783
33,1,1331,783
33,1,1331,782
33,1,1339,782
33,1,1340,782
33,1,1342,781
33,1,1344,781
33,1,1345,781
33,1,1346,781
33,1,1348,781
33,1,1349,781
33,1,1350,781
33,1,1351,781
33,1,1352,781
33,1,1353,780
33,1,1354,780
33,1,1355,780
33,1,1357,780
33,1,1358,780
33,1,1359,780
33,1,1360,780
33,1,1361,780
33,1,1362,780
33,1,1363,780
33,1,1364,780
33,1,1366,779
33,1,1367,779
33,1,1369,779
33,1,1370,779
33,1,1371,779
33,1,1372,779
33,1,1373,779
33,1,1374,779
33,1,1375,779
33,1,1377,779
33,1,1378,779
33,1,1379,779
33,1,1380,778
33,1,1381,778
33,1,1382,778
33,1,1383,778
33,1,1384,778
33,1,1385,778
33,1,1386,778
33,1,1388,778
33,1,1389,778
33,1,1390,778
33,1,1391,778
33,1,1392,777
33,1,1393,777
33,1,1394,777
33,1,1395,777
33,1,1396,777
33,1,1398,777
33,1,1400,777
33,1,1401,776
33,1,1402,776
33,1,1404,776
33,1,1407,776
33,1,1408,776
33,1,1411,776
33,1,1413,775
33,1,1414,775
33,1,1422,774
33,1,1423,774
33,1,1424,774
33,1,1426,774
33,1,1427,774
33,1,1428,774
33,1,1431,774
33,1,1432,774
33,1,1434,773
33,1,1435,773
33,1,1437,773
33,1,1438,773
33,1,1439,773
33,1,1440,773
33,1,1441,773
33,1,1442,773
33,1,1442,772
33,1,1443,772
33,1,1444,772
33,1,1445,772
33,1,1446,772
33,1,1447,772
33,1,1448,772
33,1,1449,772
33,1,1450,771
33,1,1451,771
33,1,1452,771
33,1,1453,771
33,1,1454,771
33,1,1456,771
33,1,1457,771
33,1,1458,771
33,1,1458,770
33,1,1460,770
33,1,1461,770
33,1,1462,770
33,1,1463,770
33,1,1464,770
33,1,1465,770
33,1,1466,770
33,1,1467,769
33,1,1468,769
33,1,1470,769
33,1,1472,769
33,1,1473,769
33,1,1474,769
33,1,1475,768
33,1,1476,768
33,1,1479,768
33,1,1480,768
33,1,1481,768
33,1,1482,768
33,1,1482,766
33,1,1482,764
33,1,1482,763
33,1,1481,763
33,1,1481,761
33,1,1481,759
33,1,1481,758
33,1,1481,757
33,1,1481,756
33,1,1482,756
33,1,1482,755
33,1,1483,755
33,1,1483,754
33,1,1484,754
33,1,1485,754
33,1,1485,755
33,1,1486,755
33,1,1486,754
33,1,1487,754
33,1,1487,755
33,1,1488,755
33,1,1488,754
33,1,1489,754
33,1,1489,753
33,1,1490,753
33,1,1491,752
33,1,1491,751
33,1,1491,750
33,1,1491,749
33,1,1490,749
33,1,1491,749
33,1,1491,748
33,1,1491,747
33,1,1491,746
33,1,1491,745
33,1,1492,745
33,1,1492,744
33,1,1493,744
33,1,1493,743
33,1,1494,743
33,1,1494,742
33,1,1495,742
33,1,1495,741
33,1,1495,740
33,1,1496,740
33,1,1497,740
33,1,1498,739
33,1,1499,738
33,1,1499,737
33,1,1500,737
33,1,1501,737
33,1,1502,737
33,1,1503,737
33,1,1504,737
33,1,1505,736
33,1,1505,737
33,1,1505,736
33,1,1506,736
33,1,1506,737
33,1,1507,737
33,1,1507,736
33,1,1508,736
33,1,1509,736
33,1,1510,736
33,1,1510,735
33,1,1511,735
33,1,1511,734
33,1,1512,733
33,1,1513,733
33,1,1514,732
33,1,1515,731
33,1,1515,730
33,1,1516,730
33,1,1516,731
33,1,1517,731
33,1,1517,730
33,1,1517,729
33,1,1518,729
33,1,1518,728
33,1,1518,727
33,1,1519,727
33,1,1520,727
33,1,1521,727
33,1,1521,726
33,1,1521,725
33,1,1522,725
33,1,1523,724
33,1,1524,724
33,1,1524,723
33,1,1525,723
33,1,1526,723
33,1,1527,723
33,1,1528,723
33,1,1529,723
33,1,1529,722
33,1,1529,721
33,1,1530,721
33,1,1530,720
33,1,1530,719
33,1,1530,718
33,1,1531,718
33,1,1530,718
33,1,1530,717
33,1,1531,717
33,1,1530,717
33,1,1530,716
33,1,1530,715
33,1,1531,714
33,1,1532,714
33,1,1532,715
33,1,1533,715
33,1,1534,715
33,1,1534,714
33,1,1535,713
33,1,1534,713
33,1,1535,713
33,1,1534,713
33,1,1534,712
33,1,1535,712
33,1,1535,711
33,1,1536,711
33,1,1536,710
33,1,1537,710
33,1,1537,709
33,1,1538,709
33,1,1538,708
33,1,1539,708
33,1,1540,708
33,1,1541,708
33,1,1541,709
33,1,1541,710
33,1,1541,711
33,1,1541,712
33,1,1542,712
33,1,1543,712
33,1,1544,712
33,1,1544,711
33,1,1545,711
33,1,1546,710
33,1,1546,709
33,1,1547,709
33,1,1547,708
33,1,1548,706
33,1,1548,705
33,1,1549,705
33,1,1549,704
33,1,1550,704
33,1,1551,704
33,1,1551,703
33,1,1552,703
33,1,1552,702
33,1,1553,703
33,1,1553,702
33,1,1554,702
33,1,1554,701
33,1,1555,701
33,1,1556,701
33,1,1557,701
33,1,1558,701
33,1,1558,702
33,1,1558,703
33,1,1559,703
33,1,1560,703
33,1,1561,702
33,1,1561,701
33,1,1562,701
33,1,1562,702
33,1,1562,701
33,1,1562,700
33,1,1563,699
33,1,1563,698
33,1,1564,697
33,1,1564,696
33,1,1565,695
33,1,1565,694
33,1,1565,693
33,1,1565,692
33,1,1566,692
33,1,1567,691
33,1,1567,690
33,1,1568,690
33,1,1569,689
33,1,1570,689
33,1,1570,690
33,1,1571,690
33,1,1572,689
33,1,1572,690
33,1,1573,690
33,1,1573,689
33,1,1572,689
33,1,1572,688
33,1,1571,688
33,1,1572,687
33,1,1571,687
33,1,1571,686
33,1,1572,686
33,1,1572,685
33,1,1572,684
33,1,1572,683
33,1,1572,682
33,1,1572,681
33,1,1571,680
33,1,1572,680
33,1,1572,679
33,1,1572,678
33,1,1572,677
33,1,1573,676
33,1,1572,676
33,1,1570,676
33,1,1569,677
33,1,1568,677
33,1,1566,677
33,1,1565,677
33,1,1564,677
33,1,1563,677
33,1,1562,678
33,1,1559,679
33,1,1558,679
33,1,1557,679
33,1,1556,679
33,1,1555,679
33,1,1555,680
33,1,1554,680
33,1,1553,680
33,1,1552,680
33,1,1551,680
33,1,1550,680
33,1,1549,680
33,1,1548,680
33,1,1545,681
33,1,1544,681
33,1,1543,681
33,1,1542,681
33,1,1541,681
33,1,1540,682
33,1,1539,682
33,1,1538,682
33,1,1537,682
33,1,1536,682
33,1,1535,682
33,1,1534,683
33,1,1533,683
33,1,1532,683
33,1,1530,683
33,1,1529,683
33,1,1526,684
33,1,1525,684
33,1,1524,684
33,1,1523,684
33,1,1521,684
33,1,1518,685
33,1,1516,685
33,1,1515,685
33,1,1514,685
33,1,1513,686
33,1,1512,686
33,1,1512,685
33,1,1511,685
33,1,1510,686
33,1,1509,686
33,1,1508,686
33,1,1507,686
33,1,1505,686
33,1,1504,686
33,1,1504,687
33,1,1501,687
33,1,1500,687
33,1,1499,687
33,1,1498,687
33,1,1497,687
33,1,1497,688
33,1,1496,688
33,1,1495,688
33,1,1494,689
33,1,1492,689
33,1,1490,689
33,1,1488,689
33,1,1487,689
33,1,1485,689
33,1,1484,690
33,1,1483,690
33,1,1482,690
33,1,1480,690
33,1,1479,690
33,1,1477,690
33,1,1476,690
33,1,1474,691
33,1,1469,691
33,1,1468,691
33,1,1467,691
33,1,1465,691
33,1,1465,692
33,1,1464,692
33,1,1463,692
33,1,1461,692
33,1,1460,692
33,1,1455,692
33,1,1454,692
33,1,1452,693
33,1,1450,693
33,1,1449,693
33,1,1448,693
33,1,1447,693
33,1,1445,693
33,1,1444,693
33,1,1443,693
33,1,1441,693
33,1,1440,693
33,1,1439,693
33,1,1438,693
33,1,1436,693
33,1,1435,694
33,1,1434,694
33,1,1431,694
33,1,1430,695
33,1,1428,695
33,1,1427,695
33,1,1425,695
33,1,1424,695
33,1,1421,696
33,1,1420,696
33,1,1419,696
33,1,1418,696
33,1,1416,696
33,1,1415,696
33,1,1413,696
33,1,1412,696
33,1,1411,696
33,1,1410,696
33,1,1409,696
33,1,1408,696
33,1,1407,696
33,1,1405,696
33,1,1404,697
33,1,1403,697
33,1,1402,697
33,1,1401,697
33,1,1400,697
33,1,1399,697
33,1,1398,697
33,1,1397,697
33,1,1396,697
33,1,1395,697
33,1,1394,697
33,1,1393,697
33,1,1391,697
33,1,1390,697
33,1,1389,697
33,1,1388,698
33,1,1387,698
33,1,1386,698
33,1,1385,698
33,1,1383,698
33,1,1382,698
33,1,1381,698
33,1,1380,698
33,1,1379,698
33,1,1378,698
33,1,1377,699
33,1,1376,699
33,1,1374,699
33,1,1373,699
33,1,1371,699
33,1,1370,699
33,1,1370,700
33,1,1368,700
33,1,1366,700
33,1,1365,700
33,1,1364,700
33,1,1363,700
33,1,1361,700
33,1,1360,701
33,1,1359,701
33,1,1358,701
33,1,1357,701
33,1,1356,701
33,1,1355,701
33,1,1354,701
33,1,1353,701
33,1,1352,701
33,1,1351,701
33,1,1349,702
33,1,1346,702
33,1,1344,702
33,1,1342,702
33,1,1340,703
33,1,1338,703
33,1,1338,701
33,1,1337,701
33,1,1336,701
33,1,1335,701
33,1,1332,701
33,1,1330,701
33,1,1329,701
33,1,1330,702
33,1,1330,703
33,1,1330,704
33,1,1331,705
33,1,1331,706
33,1,1331,707
33,1,1331,708
33,1,1331,709
33,1,1331,710
33,1,1329,710
33,1,1328,710
33,1,1326,710
33,1,1324,711
33,1,1323,711
33,1,1321,711
33,1,1320,711
33,1,1318,711
33,1,1317,711
33,1,1316,711
33,1,1315,711
33,1,1314,711
33,1,1313,711
33,1,1312,711
33,1,1311,711
33,1,1311,712
33,1,1309,712
33,1,1308,712
33,1,1306,712
33,1,1305,712
33,1,1304,712
33,1,1303,712
33,1,1302,712
33,1,1301,712
33,1,1300,712
33,1,1299,712
33,1,1298,712
33,1,1297,712
33,1,1296,713
33,1,1295,713
33,1,1294,713
33,1,1293,713
33,1,1292,713
33,1,1291,713
33,1,1290,713
33,1,1289,713
33,1,1288,713
33,1,1287,713
33,1,1285,713
33,1,1284,713
33,1,1283,713
33,1,1282,714
33,1,1281,714
33,1,1280,714
33,1,1279,714
33,1,1278,715
33,1,1278,716
33,1,1277,716
33,1,1276,716
33,1,1276,715
33,1,1276,714
33,1,1275,714
33,1,1274,714
33,1,1274,715
33,1,1275,715
33,1,1275,716
33,1,1275,717
33,1,1274,717
33,1,1274,718
33,1,1275,719
33,1,1275,720
33,1,1276,720
33,1,1276,721
33,1,1275,721
33,1,1275,722
33,1,1274,722
33,1,1273,722
33,1,1272,722
33,1,1272,723
33,1,1272,724
33,1,1273,724
33,1,1273,725
33,1,1274,725
33,1,1275,725
33,1,1275,726
33,1,1274,726
33,1,1274,727
33,1,1273,727
33,1,1272,727
33,1,1271,727
33,1,1270,727
33,1,1269,727
33,1,1269,728
33,1,1270,728
33,1,1270,729
33,1,1271,729
33,1,1272,730
33,1,1273,730
33,1,1273,731
33,1,1273,732
33,1,1273,733
33,1,1272,733
33,1,1271,734
33,1,1270,734
33,1,1270,735
33,1,1270,736
33,1,1270,737
33,1,1270,738
33,1,1269,738
33,1,1269,739
33,1,1268,739
34,1,754,302
34,1,752,301
34,1,747,301
34,1,744,301
34,1,743,301
34,1,740,300
34,1,739,300
34,1,735,300
34,1,734,300
34,1,732,300
34,1,730,299
34,1,726,299
34,1,723,299
34,1,722,299
34,1,721,298
34,1,720,298
34,1,719,298
34,1,717,298
34,1,710,297
34,1,706,297
34,1,703,297
34,1,701,297
34,1,701,296
34,1,696,296
34,1,692,296
34,1,691,296
34,1,688,295
34,1,687,295
34,1,686,295
34,1,683,295
34,1,682,295
34,1,680,295
34,1,674,294
34,1,670,293
34,1,660,292
34,1,659,292
34,1,658,292
34,1,656,292
34,1,655,292
34,1,653,291
34,1,652,291
34,1,651,291
34,1,650,291
34,1,649,291
34,1,645,290
34,1,644,290
34,1,643,290
34,1,639,289
34,1,636,289
34,1,635,289
34,1,634,289
34,1,630,288
34,1,627,288
34,1,626,288
34,1,625,288
34,1,624,288
34,1,621,287
34,1,616,287
34,1,614,286
34,1,613,286
34,1,612,286
34,1,609,286
34,1,604,285
34,1,603,285
34,1,601,285
34,1,600,285
34,1,599,284
34,1,598,284
34,1,593,284
34,1,591,283
34,1,590,283
34,1,589,283
34,1,588,283
34,1,586,283
34,1,585,283
34,1,584,282
34,1,581,282
34,1,579,281
34,1,578,281
34,1,576,281
34,1,575,281
34,1,574,281
34,1,568,280
34,1,565,280
34,1,562,279
34,1,561,279
34,1,560,279
34,1,559,279
34,1,556,278
34,1,555,278
34,1,554,278
34,1,553,278
34,1,551,277
34,1,548,277
34,1,547,277
34,1,545,277
34,1,543,277
34,1,541,276
34,1,539,276
34,1,538,276
34,1,535,276
34,1,531,275
34,1,529,274
34,1,528,274
34,1,521,273
34,1,519,273
34,1,518,276
34,1,518,279
34,1,518,282
34,1,517,284
34,1,517,286
34,1,516,289
34,1,515,296
34,1,515,297
34,1,515,298
34,1,515,299
34,1,514,302
34,1,514,303
34,1,513,308
34,1,513,314
34,1,512,314
34,1,512,315
34,1,512,317
34,1,512,319
34,1,512,320
34,1,511,321
34,1,511,322
34,1,511,324
34,1,511,327
34,1,510,328
34,1,510,329
34,1,510,330
34,1,510,332
34,1,510,333
34,1,509,335
34,1,509,336
34,1,509,337
34,1,509,338
34,1,509,340
34,1,508,342
34,1,508,344
34,1,507,353
34,1,506,358
34,1,506,359
34,1,505,359
34,1,505,361
34,1,505,363
34,1,505,364
34,1,505,365
34,1,504,365
34,1,504,366
34,1,504,367
34,1,504,368
34,1,504,369
34,1,504,370
34,1,503,374
34,1,503,375
34,1,503,377
34,1,503,378
34,1,502,380
34,1,502,381
34,1,502,384
34,1,501,384
34,1,501,387
34,1,500,391
34,1,500,394
34,1,499,396
34,1,499,399
34,1,499,402
34,1,498,403
34,1,498,405
34,1,498,406
34,1,498,408
34,1,496,415
34,1,495,422
34,1,495,424
34,1,495,426
34,1,493,435
34,1,493,436
34,1,493,437
34,1,493,438
34,1,492,440
34,1,492,443
34,1,492,445
34,1,492,446
34,1,491,449
34,1,491,451
34,1,490,453
34,1,490,454
34,1,490,455
34,1,490,456
34,1,489,463
34,1,494,464
34,1,495,464
34,1,497,464
34,1,499,465
34,1,500,465
34,1,501,465
34,1,504,465
34,1,505,465
34,1,507,466
34,1,508,466
34,1,510,466
34,1,511,466
34,1,513,467
34,1,516,467
34,1,517,467
34,1,518,467
34,1,522,468
34,1,524,468
34,1,526,469
34,1,527,469
34,1,531,469
34,1,532,469
34,1,535,470
34,1,536,470
34,1,538,470
34,1,540,471
34,1,541,471
34,1,542,471
34,1,543,471
34,1,544,471
34,1,546,471
34,1,553,472
34,1,554,472
34,1,555,473
34,1,560,473
34,1,561,473
34,1,566,474
34,1,567,474
34,1,569,475
34,1,575,475
34,1,578,476
34,1,579,476
34,1,580,476
34,1,587,477
34,1,588,477
34,1,591,477
34,1,596,478
34,1,600,479
34,1,605,479
34,1,608,480
34,1,611,480
34,1,612,480
34,1,613,480
34,1,616,480
34,1,619,481
34,1,620,481
34,1,622,481
34,1,624,481
34,1,629,482
34,1,630,482
34,1,631,482
34,1,633,482
34,1,638,483
34,1,641,483
34,1,650,484
34,1,652,485
34,1,653,485
34,1,655,485
34,1,656,485
34,1,657,485
34,1,659,486
34,1,661,486
34,1,662,486
34,1,664,486
34,1,666,486
34,1,671,487
34,1,672,487
34,1,677,488
34,1,678,488
34,1,680,488
34,1,681,488
34,1,682,488
34,1,687,489
34,1,690,489
34,1,693,489
34,1,694,489
34,1,695,489
34,1,698,490
34,1,702,490
34,1,705,490
34,1,706,490
34,1,707,490
34,1,710,491
34,1,713,491
34,1,716,491
34,1,719,491
34,1,722,492
34,1,723,492
34,1,727,492
34,1,729,492
34,1,730,492
34,1,733,493
34,1,734,493
34,1,736,493
34,1,737,493
34,1,738,493
34,1,738,492
34,1,739,489
34,1,739,488
34,1,739,486
34,1,739,485
34,1,739,484
34,1,739,480
34,1,740,478
34,1,740,477
34,1,740,474
34,1,740,473
34,1,740,468
34,1,741,467
34,1,741,466
34,1,741,465
34,1,741,464
34,1,741,463
34,1,741,462
34,1,741,460
34,1,741,459
34,1,741,458
34,1,742,455
34,1,742,454
34,1,742,453
34,1,742,452
34,1,742,451
34,1,742,450
34,1,742,449
34,1,742,448
34,1,742,446
34,1,742,445
34,1,742,444
34,1,743,442
34,1,743,441
34,1,743,439
34,1,743,437
34,1,743,433
34,1,744,428
34,1,744,421
34,1,745,416
34,1,745,415
34,1,745,414
34,1,745,413
34,1,745,409
34,1,746,408
34,1,746,404
34,1,746,397
34,1,747,396
34,1,747,393
34,1,747,392
34,1,747,389
34,1,747,386
34,1,748,383
34,1,748,378
34,1,748,374
34,1,748,373
34,1,749,370
34,1,749,369
34,1,749,365
34,1,749,362
34,1,749,361
34,1,750,357
34,1,750,356
34,1,750,352
34,1,750,351
34,1,751,348
34,1,751,343
34,1,751,341
34,1,751,339
34,1,752,334
34,1,752,332
34,1,752,329
34,1,752,328
34,1,752,325
34,1,753,325
34,1,753,322
34,1,753,321
34,1,753,320
34,1,753,319
34,1,753,316
34,1,753,313
34,1,754,312
34,1,754,308
34,1,754,307
34,1,754,305
34,1,754,302
35,1,1598,395
35,1,1598,396
35,1,1598,397
35,1,1598,400
35,1,1599,400
35,1,1599,401
35,1,1599,402
35,1,1599,403
35,1,1599,404
35,1,1600,406
35,1,1600,407
35,1,1600,408
35,1,1603,408
35,1,1604,408
35,1,1605,407
35,1,1607,407
35,1,1608,407
35,1,1609,407
35,1,1610,407
35,1,1611,406
35,1,1612,406
35,1,1613,406
35,1,1614,406
35,1,1615,406
35,1,1617,405
35,1,1618,405
35,1,1619,405
35,1,1620,405
35,1,1621,404
35,1,1622,404
35,1,1624,404
35,1,1625,404
35,1,1627,403
35,1,1628,403
35,1,1629,403
35,1,1630,403
35,1,1631,403
35,1,1633,403
35,1,1634,402
35,1,1635,402
35,1,1636,402
35,1,1637,402
35,1,1638,402
35,1,1640,401
35,1,1641,401
35,1,1642,401
35,1,1643,401
35,1,1643,400
35,1,1645,400
35,1,1646,400
35,1,1648,400
35,1,1649,399
35,1,1650,399
35,1,1651,399
35,1,1652,399
35,1,1654,398
35,1,1655,398
35,1,1657,398
35,1,1658,398
35,1,1659,398
35,1,1659,397
35,1,1660,397
35,1,1661,397
35,1,1663,397
35,1,1666,396
35,1,1667,396
35,1,1668,396
35,1,1669,396
35,1,1670,395
35,1,1671,395
35,1,1673,395
35,1,1674,395
35,1,1675,394
35,1,1678,394
35,1,1679,394
35,1,1680,393
35,1,1681,393
35,1,1684,393
35,1,1685,393
35,1,1685,392
35,1,1686,392
35,1,1687,392
35,1,1688,392
35,1,1689,392
35,1,1691,391
35,1,1692,391
35,1,1693,391
35,1,1694,391
35,1,1695,390
35,1,1696,390
35,1,1697,390
35,1,1698,390
35,1,1699,390
35,1,1700,389
35,1,1702,389
35,1,1703,389
35,1,1705,388
35,1,1706,388
35,1,1709,388
35,1,1710,387
35,1,1711,387
35,1,1712,387
35,1,1713,387
35,1,1714,386
35,1,1715,386
35,1,1718,386
35,1,1719,386
35,1,1721,385
35,1,1722,385
35,1,1724,385
35,1,1725,384
35,1,1726,384
35,1,1727,384
35,1,1729,383
35,1,1731,383
35,1,1732,383
35,1,1735,382
35,1,1736,382
35,1,1738,382
35,1,1738,381
35,1,1739,381
35,1,1740,381
35,1,1741,381
35,1,1743,380
35,1,1744,380
35,1,1746,380
35,1,1747,380
35,1,1748,379
35,1,1749,379
35,1,1750,379
35,1,1752,378
35,1,1753,378
35,1,1754,378
35,1,1754,379
35,1,1755,380
35,1,1756,380
35,1,1755,380
35,1,1756,380
35,1,1757,381
35,1,1757,382
35,1,1757,383
35,1,1758,383
35,1,1758,384
35,1,1758,383
35,1,1759,384
35,1,1759,383
35,1,1760,383
35,1,1761,383
35,1,1761,384
35,1,1762,384
35,1,1762,383
35,1,1763,384
35,1,1763,385
35,1,1764,385
35,1,1765,385
35,1,1765,386
35,1,1764,386
35,1,1764,387
35,1,1765,387
35,1,1766,387
35,1,1766,388
35,1,1766,389
35,1,1767,389
35,1,1766,389
35,1,1766,390
35,1,1767,390
35,1,1767,391
35,1,1767,392
35,1,1767,393
35,1,1768,393
35,1,1768,394
35,1,1767,394
35,1,1767,395
35,1,1768,395
35,1,1768,396
35,1,1769,396
35,1,1770,397
35,1,1769,397
35,1,1770,397
35,1,1770,398
35,1,1771,399
35,1,1771,398
35,1,1771,399
35,1,1771,400
35,1,1772,400
35,1,1773,399
35,1,1774,399
35,1,1774,400
35,1,1775,400
35,1,1775,401
35,1,1776,401
35,1,1776,400
35,1,1777,401
35,1,1778,400
35,1,1778,401
35,1,1779,401
35,1,1780,401
35,1,1780,400
35,1,1781,400
35,1,1781,401
35,1,1781,402
35,1,1782,402
35,1,1783,403
35,1,1784,403
35,1,1785,404
35,1,1786,404
35,1,1788,405
35,1,1789,405
35,1,1790,406
35,1,1791,406
35,1,1792,406
35,1,1793,407
35,1,1794,407
35,1,1795,407
35,1,1795,408
35,1,1796,408
35,1,1797,408
35,1,1798,408
35,1,1799,409
35,1,1801,409
35,1,1801,410
35,1,1802,410
35,1,1803,410
35,1,1804,410
35,1,1805,411
35,1,1806,411
35,1,1807,411
35,1,1808,412
35,1,1809,412
35,1,1810,412
35,1,1811,412
35,1,1811,413
35,1,1812,413
35,1,1813,413
35,1,1814,413
35,1,1814,414
35,1,1815,414
35,1,1815,415
35,1,1815,416
35,1,1815,417
35,1,1815,418
35,1,1815,419
35,1,1815,420
35,1,1814,420
35,1,1814,421
35,1,1814,422
35,1,1814,423
35,1,1814,424
35,1,1814,425
35,1,1813,425
35,1,1813,426
35,1,1813,427
35,1,1813,428
35,1,1814,428
35,1,1814,429
35,1,1814,428
35,1,1814,429
35,1,1814,430
35,1,1815,430
35,1,1814,430
35,1,1814,431
35,1,1814,432
35,1,1814,433
35,1,1815,433
35,1,1816,433
35,1,1816,434
35,1,1815,434
35,1,1816,434
35,1,1816,435
35,1,1816,434
35,1,1817,434
35,1,1818,434
35,1,1818,433
35,1,1819,433
35,1,1820,433
35,1,1820,434
35,1,1819,434
35,1,1818,434
35,1,1818,435
35,1,1819,434
35,1,1820,434
35,1,1821,434
35,1,1821,433
35,1,1822,433
35,1,1822,432
35,1,1823,432
35,1,1824,432
35,1,1824,431
35,1,1824,432
35,1,1825,432
35,1,1826,431
35,1,1827,431
35,1,1828,431
35,1,1829,431
35,1,1829,430
35,1,1830,430
35,1,1831,430
35,1,1831,431
35,1,1831,430
35,1,1832,430
35,1,1833,429
35,1,1834,429
35,1,1835,428
35,1,1836,428
35,1,1837,427
35,1,1838,426
35,1,1839,426
35,1,1840,426
35,1,1841,426
35,1,1842,426
35,1,1843,425
35,1,1844,424
35,1,1845,424
35,1,1846,423
35,1,1847,423
35,1,1848,422
35,1,1849,421
35,1,1850,420
35,1,1852,419
35,1,1852,418
35,1,1853,418
35,1,1854,417
35,1,1856,416
35,1,1856,415
35,1,1857,415
35,1,1858,415
35,1,1858,414
35,1,1859,414
35,1,1859,413
35,1,1860,413
35,1,1861,413
35,1,1861,412
35,1,1862,412
35,1,1862,411
35,1,1863,411
35,1,1864,410
35,1,1865,409
35,1,1866,409
35,1,1868,408
35,1,1868,407
35,1,1869,407
35,1,1870,406
35,1,1870,405
35,1,1871,405
35,1,1872,404
35,1,1873,403
35,1,1874,402
35,1,1875,402
35,1,1875,401
35,1,1876,401
35,1,1876,400
35,1,1877,400
35,1,1877,399
35,1,1878,399
35,1,1879,398
35,1,1880,397
35,1,1882,396
35,1,1882,395
35,1,1883,395
35,1,1884,394
35,1,1885,394
35,1,1885,393
35,1,1885,392
35,1,1884,392
35,1,1884,393
35,1,1883,393
35,1,1883,392
35,1,1883,393
35,1,1882,393
35,1,1881,393
35,1,1881,394
35,1,1882,394
35,1,1882,395
35,1,1881,395
35,1,1880,395
35,1,1880,396
35,1,1879,397
35,1,1878,397
35,1,1878,398
35,1,1877,398
35,1,1876,398
35,1,1876,397
35,1,1875,396
35,1,1874,396
35,1,1874,397
35,1,1873,397
35,1,1872,397
35,1,1871,397
35,1,1871,398
35,1,1870,397
35,1,1871,397
35,1,1870,397
35,1,1870,396
35,1,1869,396
35,1,1868,395
35,1,1868,394
35,1,1868,393
35,1,1869,393
35,1,1869,394
35,1,1870,394
35,1,1870,393
35,1,1871,392
35,1,1870,392
35,1,1869,392
35,1,1869,393
35,1,1868,393
35,1,1868,394
35,1,1867,394
35,1,1866,395
35,1,1866,396
35,1,1865,397
35,1,1864,397
35,1,1864,398
35,1,1864,399
35,1,1863,399
35,1,1863,400
35,1,1862,400
35,1,1862,401
35,1,1861,401
35,1,1861,402
35,1,1860,402
35,1,1860,403
35,1,1859,403
35,1,1859,404
35,1,1858,404
35,1,1857,404
35,1,1856,404
35,1,1856,405
35,1,1855,405
35,1,1854,406
35,1,1853,406
35,1,1852,406
35,1,1851,406
35,1,1851,407
35,1,1850,407
35,1,1849,407
35,1,1848,407
35,1,1847,407
35,1,1846,407
35,1,1846,408
35,1,1845,408
35,1,1844,408
35,1,1843,408
35,1,1842,408
35,1,1842,409
35,1,1841,409
35,1,1842,410
35,1,1842,411
35,1,1841,411
35,1,1839,412
35,1,1838,412
35,1,1837,412
35,1,1836,412
35,1,1835,412
35,1,1834,412
35,1,1833,411
35,1,1832,411
35,1,1832,412
35,1,1833,412
35,1,1833,413
35,1,1834,413
35,1,1834,412
35,1,1834,413
35,1,1834,412
35,1,1835,413
35,1,1834,413
35,1,1835,413
35,1,1835,414
35,1,1834,414
35,1,1834,413
35,1,1834,414
35,1,1833,414
35,1,1832,414
35,1,1832,413
35,1,1831,413
35,1,1830,413
35,1,1829,413
35,1,1829,414
35,1,1830,414
35,1,1830,415
35,1,1831,415
35,1,1831,416
35,1,1830,416
35,1,1830,415
35,1,1829,415
35,1,1829,416
35,1,1830,416
35,1,1829,416
35,1,1828,416
35,1,1828,415
35,1,1829,415
35,1,1829,416
35,1,1829,415
35,1,1829,414
35,1,1828,414
35,1,1828,415
35,1,1827,415
35,1,1826,415
35,1,1826,416
35,1,1825,416
35,1,1825,417
35,1,1824,417
35,1,1825,418
35,1,1825,419
35,1,1825,420
35,1,1825,419
35,1,1824,419
35,1,1824,418
35,1,1822,418
35,1,1822,419
35,1,1822,420
35,1,1823,420
35,1,1823,421
35,1,1823,420
35,1,1822,420
35,1,1821,420
35,1,1822,420
35,1,1822,421
35,1,1821,421
35,1,1822,422
35,1,1822,423
35,1,1821,423
35,1,1821,422
35,1,1821,423
35,1,1820,422
35,1,1821,422
35,1,1820,422
35,1,1820,421
35,1,1819,421
35,1,1819,420
35,1,1819,419
35,1,1819,420
35,1,1820,420
35,1,1820,419
35,1,1820,418
35,1,1820,417
35,1,1820,416
35,1,1821,416
35,1,1822,415
35,1,1821,415
35,1,1822,415
35,1,1822,414
35,1,1822,415
35,1,1822,414
35,1,1823,414
35,1,1823,413
35,1,1823,412
35,1,1823,411
35,1,1822,410
35,1,1821,409
35,1,1820,408
35,1,1819,407
35,1,1820,407
35,1,1820,406
35,1,1821,406
35,1,1821,405
35,1,1822,405
35,1,1822,404
35,1,1823,404
35,1,1823,403
35,1,1824,403
35,1,1824,402
35,1,1825,402
35,1,1826,401
35,1,1826,400
35,1,1827,400
35,1,1826,400
35,1,1826,399
35,1,1825,398
35,1,1824,397
35,1,1823,397
35,1,1823,396
35,1,1823,395
35,1,1823,394
35,1,1823,393
35,1,1823,392
35,1,1822,392
35,1,1822,391
35,1,1822,390
35,1,1822,389
35,1,1822,388
35,1,1822,387
35,1,1822,386
35,1,1821,386
35,1,1821,384
35,1,1821,381
35,1,1821,380
35,1,1820,379
35,1,1820,378
35,1,1820,377
35,1,1820,376
35,1,1820,375
35,1,1819,373
35,1,1819,372
35,1,1819,370
35,1,1819,369
35,1,1818,368
35,1,1818,367
35,1,1818,365
35,1,1818,363
35,1,1817,363
35,1,1817,362
35,1,1817,361
35,1,1816,360
35,1,1816,359
35,1,1816,358
35,1,1816,356
35,1,1816,355
35,1,1816,353
35,1,1816,351
35,1,1816,350
35,1,1816,349
35,1,1816,347
35,1,1816,346
35,1,1816,345
35,1,1816,344
35,1,1816,343
35,1,1816,342
35,1,1816,340
35,1,1816,339
35,1,1816,338
35,1,1817,337
35,1,1817,335
35,1,1817,333
35,1,1817,332
35,1,1817,328
35,1,1817,326
35,1,1816,327
35,1,1815,324
35,1,1815,323
35,1,1815,322
35,1,1815,320
35,1,1815,319
35,1,1814,318
35,1,1814,317
35,1,1814,316
35,1,1813,314
35,1,1813,313
35,1,1813,311
35,1,1813,310
35,1,1812,309
35,1,1812,307
35,1,1812,306
35,1,1812,304
35,1,1811,304
35,1,1811,302
35,1,1811,301
35,1,1811,300
35,1,1810,298
35,1,1810,297
35,1,1810,296
35,1,1810,295
35,1,1809,294
35,1,1809,293
35,1,1809,292
35,1,1809,291
35,1,1809,290
35,1,1808,290
35,1,1809,290
35,1,1809,289
35,1,1808,289
35,1,1808,288
35,1,1807,288
35,1,1806,288
35,1,1806,287
35,1,1806,286
35,1,1805,286
35,1,1804,286
35,1,1803,286
35,1,1803,287
35,1,1803,288
35,1,1803,289
35,1,1802,289
35,1,1802,288
35,1,1802,287
35,1,1801,286
35,1,1801,285
35,1,1801,284
35,1,1801,283
35,1,1802,283
35,1,1802,282
35,1,1802,281
35,1,1802,280
35,1,1802,279
35,1,1802,278
35,1,1801,278
35,1,1800,277
35,1,1800,276
35,1,1801,276
35,1,1800,276
35,1,1800,275
35,1,1800,274
35,1,1799,273
35,1,1798,272
35,1,1798,271
35,1,1798,270
35,1,1798,268
35,1,1797,268
35,1,1797,267
35,1,1796,267
35,1,1796,266
35,1,1796,265
35,1,1796,264
35,1,1796,263
35,1,1796,262
35,1,1796,261
35,1,1796,260
35,1,1796,259
35,1,1797,259
35,1,1797,258
35,1,1797,257
35,1,1798,257
35,1,1798,256
35,1,1798,255
35,1,1797,255
35,1,1797,254
35,1,1797,253
35,1,1797,252
35,1,1796,252
35,1,1796,251
35,1,1796,250
35,1,1796,249
35,1,1797,248
35,1,1796,247
35,1,1796,246
35,1,1796,245
35,1,1795,245
35,1,1795,244
35,1,1794,244
35,1,1794,243
35,1,1793,243
35,1,1793,242
35,1,1792,242
35,1,1792,241
35,1,1792,240
35,1,1791,240
35,1,1791,239
35,1,1791,238
35,1,1791,237
35,1,1791,236
35,1,1791,235
35,1,1791,234
35,1,1791,233
35,1,1791,232
35,1,1791,231
35,1,1790,231
35,1,1790,230
35,1,1789,230
35,1,1789,229
35,1,1789,228
35,1,1789,227
35,1,1789,226
35,1,1790,226
35,1,1790,225
35,1,1789,225
35,1,1789,224
35,1,1789,223
35,1,1788,223
35,1,1788,222
35,1,1788,221
35,1,1788,222
35,1,1787,222
35,1,1785,222
35,1,1783,223
35,1,1781,223
35,1,1779,224
35,1,1778,224
35,1,1775,225
35,1,1773,225
35,1,1773,226
35,1,1771,226
35,1,1770,226
35,1,1768,227
35,1,1766,227
35,1,1764,228
35,1,1762,229
35,1,1760,229
35,1,1759,229
35,1,1756,230
35,1,1755,230
35,1,1753,230
35,1,1753,231
35,1,1752,231
35,1,1749,231
35,1,1748,232
35,1,1746,232
35,1,1745,232
35,1,1744,232
35,1,1743,233
35,1,1742,233
35,1,1741,233
35,1,1740,233
35,1,1739,233
35,1,1738,233
35,1,1738,234
35,1,1737,234
35,1,1737,235
35,1,1736,235
35,1,1735,235
35,1,1734,236
35,1,1734,237
35,1,1733,237
35,1,1733,238
35,1,1732,238
35,1,1731,239
35,1,1730,240
35,1,1730,241
35,1,1729,241
35,1,1729,242
35,1,1728,242
35,1,1728,243
35,1,1727,243
35,1,1726,243
35,1,1726,244
35,1,1725,245
35,1,1726,245
35,1,1725,246
35,1,1724,246
35,1,1724,247
35,1,1724,248
35,1,1723,248
35,1,1722,248
35,1,1722,249
35,1,1722,250
35,1,1721,251
35,1,1720,252
35,1,1720,253
35,1,1718,255
35,1,1717,257
35,1,1716,259
35,1,1715,260
35,1,1714,261
35,1,1714,262
35,1,1713,263
35,1,1712,265
35,1,1712,266
35,1,1712,267
35,1,1711,269
35,1,1710,271
35,1,1709,271
35,1,1709,272
35,1,1708,273
35,1,1708,272
35,1,1707,273
35,1,1706,274
35,1,1705,275
35,1,1704,275
35,1,1704,276
35,1,1703,276
35,1,1702,277
35,1,1703,279
35,1,1702,280
35,1,1700,281
35,1,1699,281
35,1,1698,282
35,1,1698,285
35,1,1697,285
35,1,1698,285
35,1,1698,286
35,1,1697,286
35,1,1697,287
35,1,1698,287
35,1,1698,288
35,1,1699,288
35,1,1700,288
35,1,1700,289
35,1,1700,290
35,1,1700,291
35,1,1701,291
35,1,1701,290
35,1,1701,291
35,1,1702,291
35,1,1702,292
35,1,1701,292
35,1,1702,293
35,1,1702,292
35,1,1703,292
35,1,1703,291
35,1,1703,290
35,1,1704,289
35,1,1703,289
35,1,1701,290
35,1,1701,289
35,1,1701,288
35,1,1702,288
35,1,1702,287
35,1,1703,287
35,1,1703,288
35,1,1704,287
35,1,1705,287
35,1,1705,288
35,1,1705,289
35,1,1705,288
35,1,1706,288
35,1,1706,289
35,1,1706,290
35,1,1705,290
35,1,1704,290
35,1,1704,291
35,1,1704,292
35,1,1705,292
35,1,1705,291
35,1,1705,292
35,1,1706,292
35,1,1707,291
35,1,1707,290
35,1,1708,290
35,1,1708,289
35,1,1708,290
35,1,1708,289
35,1,1709,289
35,1,1709,290
35,1,1709,291
35,1,1708,291
35,1,1708,292
35,1,1707,292
35,1,1707,293
35,1,1707,294
35,1,1707,295
35,1,1706,296
35,1,1705,297
35,1,1704,297
35,1,1704,296
35,1,1703,296
35,1,1703,297
35,1,1702,297
35,1,1702,298
35,1,1702,299
35,1,1703,298
35,1,1703,299
35,1,1704,299
35,1,1705,299
35,1,1705,300
35,1,1706,302
35,1,1707,304
35,1,1707,305
35,1,1707,306
35,1,1708,307
35,1,1708,308
35,1,1708,309
35,1,1708,310
35,1,1708,311
35,1,1708,312
35,1,1707,313
35,1,1706,313
35,1,1706,314
35,1,1705,314
35,1,1704,314
35,1,1703,314
35,1,1702,314
35,1,1701,314
35,1,1701,315
35,1,1700,315
35,1,1700,316
35,1,1700,317
35,1,1699,317
35,1,1699,318
35,1,1698,318
35,1,1698,319
35,1,1697,319
35,1,1697,320
35,1,1696,320
35,1,1696,321
35,1,1695,321
35,1,1695,322
35,1,1695,323
35,1,1694,323
35,1,1694,324
35,1,1694,325
35,1,1693,325
35,1,1692,325
35,1,1692,326
35,1,1691,326
35,1,1691,327
35,1,1690,327
35,1,1689,327
35,1,1689,328
35,1,1688,328
35,1,1687,328
35,1,1687,329
35,1,1686,329
35,1,1686,330
35,1,1685,330
35,1,1684,330
35,1,1683,330
35,1,1683,331
35,1,1682,330
35,1,1681,330
35,1,1680,330
35,1,1679,330
35,1,1679,331
35,1,1678,331
35,1,1677,331
35,1,1676,331
35,1,1675,332
35,1,1674,332
35,1,1673,332
35,1,1672,332
35,1,1671,332
35,1,1671,333
35,1,1670,333
35,1,1669,333
35,1,1669,334
35,1,1668,334
35,1,1668,335
35,1,1667,335
35,1,1666,335
35,1,1666,336
35,1,1665,336
35,1,1665,335
35,1,1664,335
35,1,1663,335
35,1,1663,334
35,1,1662,334
35,1,1661,334
35,1,1660,334
35,1,1660,333
35,1,1659,333
35,1,1659,332
35,1,1658,332
35,1,1657,332
35,1,1656,332
35,1,1655,332
35,1,1654,332
35,1,1653,332
35,1,1652,332
35,1,1651,332
35,1,1650,332
35,1,1649,332
35,1,1649,333
35,1,1649,332
35,1,1648,333
35,1,1648,332
35,1,1647,333
35,1,1646,333
35,1,1645,333
35,1,1644,333
35,1,1643,333
35,1,1642,333
35,1,1642,334
35,1,1641,334
35,1,1640,334
35,1,1639,334
35,1,1638,334
35,1,1637,334
35,1,1636,334
35,1,1636,335
35,1,1635,335
35,1,1634,335
35,1,1633,335
35,1,1632,335
35,1,1631,335
35,1,1631,336
35,1,1630,336
35,1,1629,337
35,1,1627,337
35,1,1626,338
35,1,1625,338
35,1,1624,338
35,1,1624,339
35,1,1623,339
35,1,1622,340
35,1,1621,340
35,1,1620,340
35,1,1620,341
35,1,1619,341
35,1,1618,342
35,1,1617,342
35,1,1617,343
35,1,1616,343
35,1,1615,343
35,1,1614,344
35,1,1613,344
35,1,1614,344
35,1,1614,345
35,1,1614,346
35,1,1614,347
35,1,1615,347
35,1,1615,348
35,1,1615,349
35,1,1615,350
35,1,1615,351
35,1,1615,352
35,1,1615,353
35,1,1616,353
35,1,1617,353
35,1,1617,354
35,1,1617,355
35,1,1617,356
35,1,1617,357
35,1,1618,357
35,1,1619,357
35,1,1620,358
35,1,1621,358
35,1,1622,359
35,1,1622,360
35,1,1622,361
35,1,1623,361
35,1,1623,362
35,1,1624,362
35,1,1624,363
35,1,1624,364
35,1,1624,365
35,1,1625,365
35,1,1625,366
35,1,1624,366
35,1,1624,367
35,1,1623,367
35,1,1623,368
35,1,1622,368
35,1,1622,369
35,1,1621,369
35,1,1621,370
35,1,1620,370
35,1,1620,371
35,1,1619,371
35,1,1619,372
35,1,1619,373
35,1,1619,374
35,1,1618,374
35,1,1618,375
35,1,1617,375
35,1,1617,376
35,1,1617,377
35,1,1617,378
35,1,1616,378
35,1,1616,379
35,1,1616,378
35,1,1615,379
35,1,1614,379
35,1,1614,380
35,1,1614,379
35,1,1614,380
35,1,1613,380
35,1,1613,381
35,1,1612,381
35,1,1612,382
35,1,1611,382
35,1,1610,383
35,1,1610,382
35,1,1610,383
35,1,1609,384
35,1,1609,385
35,1,1608,385
35,1,1608,386
35,1,1607,387
35,1,1606,387
35,1,1606,388
35,1,1606,389
35,1,1605,389
35,1,1605,390
35,1,1604,390
35,1,1603,391
35,1,1602,391
35,1,1602,392
35,1,1601,393
35,1,1600,393
35,1,1600,394
35,1,1599,394
35,1,1599,395
35,1,1598,395
36,1,1876,386
36,1,1877,386
36,1,1877,385
36,1,1878,385
36,1,1878,384
36,1,1879,384
36,1,1880,383
36,1,1879,383
36,1,1879,384
36,1,1878,384
36,1,1878,385
36,1,1877,385
36,1,1877,384
36,1,1877,385
36,1,1876,386
37,1,1875,394
37,1,1876,394
37,1,1877,394
37,1,1877,395
37,1,1877,394
37,1,1877,393
37,1,1876,393
37,1,1875,393
37,1,1875,394
38,1,1871,391
38,1,1872,391
38,1,1872,390
38,1,1873,390
38,1,1872,390
38,1,1871,391
39,1,1821,419
39,1,1821,420
39,1,1821,419
41,1,1820,419
41,1,1820,420
41,1,1820,419
45,1,1809,432
45,1,1809,433
45,1,1809,432
46,1,1807,440
46,1,1808,440
46,1,1809,440
46,1,1809,439
46,1,1810,439
46,1,1810,438
46,1,1811,438
46,1,1811,437
46,1,1812,437
46,1,1811,437
46,1,1811,438
46,1,1812,437
46,1,1812,436
46,1,1813,436
46,1,1813,435
46,1,1813,434
46,1,1814,434
46,1,1814,433
46,1,1813,433
46,1,1813,432
46,1,1812,432
46,1,1811,432
46,1,1810,432
46,1,1810,433
46,1,1809,433
46,1,1809,432
46,1,1809,433
46,1,1808,433
46,1,1808,434
46,1,1809,435
46,1,1808,435
46,1,1808,436
46,1,1808,437
46,1,1807,438
46,1,1808,438
46,1,1808,439
46,1,1807,439
46,1,1807,440
48,1,1704,290
48,1,1704,289
48,1,1705,289
48,1,1704,289
48,1,1704,290
49,1,1704,295
49,1,1705,295
49,1,1704,295
51,1,1699,290
51,1,1700,290
51,1,1700,289
51,1,1699,289
51,1,1700,289
51,1,1699,289
51,1,1699,290
52,1,1700,297
52,1,1701,297
52,1,1701,296
52,1,1701,295
52,1,1701,296
52,1,1700,296
52,1,1700,297
53,1,1699,297
53,1,1700,297
53,1,1699,297
54,1,1697,290
54,1,1698,290
54,1,1699,290
54,1,1699,289
54,1,1698,289
54,1,1697,290
55,1,1698,297
55,1,1699,297
55,1,1698,297
56,1,1697,297
56,1,1698,296
56,1,1699,295
56,1,1698,295
56,1,1697,296
56,1,1697,297
57,1,1329,458
57,1,1329,459
57,1,1329,460
57,1,1329,461
57,1,1329,462
57,1,1329,463
57,1,1329,464
57,1,1329,465
57,1,1329,466
57,1,1329,467
57,1,1329,468
57,1,1329,469
57,1,1330,469
57,1,1330,470
57,1,1330,471
57,1,1330,472
57,1,1330,473
57,1,1330,475
57,1,1330,477
57,1,1330,478
57,1,1330,480
57,1,1331,482
57,1,1331,483
57,1,1331,484
57,1,1331,485
57,1,1331,486
57,1,1331,487
57,1,1331,488
57,1,1331,489
57,1,1331,491
57,1,1332,492
57,1,1332,494
57,1,1332,495
57,1,1332,496
57,1,1332,497
57,1,1332,498
57,1,1332,499
57,1,1332,501
57,1,1332,502
57,1,1332,503
57,1,1333,504
57,1,1333,505
57,1,1333,507
57,1,1333,508
57,1,1333,509
57,1,1333,511
57,1,1333,512
57,1,1333,513
57,1,1333,514
57,1,1334,515
57,1,1334,516
57,1,1334,517
57,1,1334,518
57,1,1334,519
57,1,1334,520
57,1,1334,521
57,1,1334,522
57,1,1334,524
57,1,1334,525
57,1,1334,526
57,1,1335,527
57,1,1335,528
57,1,1335,529
57,1,1335,530
57,1,1335,531
57,1,1335,532
57,1,1335,533
57,1,1335,534
57,1,1335,535
57,1,1335,536
57,1,1335,537
57,1,1335,539
57,1,1336,539
57,1,1336,540
57,1,1336,541
57,1,1336,542
57,1,1336,543
57,1,1336,544
57,1,1336,546
57,1,1336,547
57,1,1336,548
57,1,1336,549
57,1,1336,550
57,1,1337,551
57,1,1337,552
57,1,1337,553
57,1,1337,554
57,1,1337,555
57,1,1337,556
57,1,1337,557
57,1,1337,559
57,1,1337,560
57,1,1337,561
57,1,1338,562
57,1,1338,563
57,1,1338,565
57,1,1338,567
57,1,1338,568
57,1,1338,569
57,1,1338,570
57,1,1338,571
57,1,1338,572
57,1,1337,572
57,1,1336,572
57,1,1336,573
57,1,1335,574
57,1,1336,574
57,1,1336,575
57,1,1336,576
57,1,1337,576
57,1,1337,577
57,1,1337,578
57,1,1337,579
57,1,1336,579
57,1,1336,580
57,1,1335,580
57,1,1335,581
57,1,1336,581
57,1,1335,581
57,1,1335,582
57,1,1335,583
57,1,1335,582
57,1,1336,583
57,1,1335,583
57,1,1336,583
57,1,1336,584
57,1,1337,584
57,1,1337,585
57,1,1338,585
57,1,1338,586
57,1,1338,587
57,1,1338,588
57,1,1339,588
57,1,1339,589
57,1,1338,589
57,1,1339,589
57,1,1340,589
57,1,1340,590
57,1,1341,590
57,1,1341,591
57,1,1341,592
57,1,1340,592
57,1,1341,593
57,1,1340,593
57,1,1340,594
57,1,1340,595
57,1,1341,595
57,1,1341,596
57,1,1341,597
57,1,1342,598
57,1,1342,599
57,1,1342,600
57,1,1342,601
57,1,1342,602
57,1,1342,603
57,1,1341,603
57,1,1341,604
57,1,1340,604
57,1,1339,604
57,1,1339,605
57,1,1338,605
57,1,1338,606
57,1,1338,607
57,1,1338,608
57,1,1339,608
57,1,1338,608
57,1,1338,609
57,1,1337,609
57,1,1337,610
57,1,1337,611
57,1,1338,612
57,1,1337,612
57,1,1337,613
57,1,1336,613
57,1,1335,614
57,1,1334,614
57,1,1334,615
57,1,1335,615
57,1,1335,616
57,1,1335,617
57,1,1334,618
57,1,1334,619
57,1,1333,619
57,1,1332,620
57,1,1332,621
57,1,1332,622
57,1,1332,623
57,1,1332,624
57,1,1331,624
57,1,1331,623
57,1,1331,622
57,1,1330,622
57,1,1330,623
57,1,1330,624
57,1,1329,624
57,1,1329,623
57,1,1328,623
57,1,1328,624
57,1,1327,624
57,1,1327,625
57,1,1328,625
57,1,1327,625
57,1,1327,626
57,1,1326,625
57,1,1326,626
57,1,1327,626
57,1,1326,627
57,1,1326,628
57,1,1327,628
57,1,1328,629
57,1,1329,630
57,1,1328,630
57,1,1329,630
57,1,1329,629
57,1,1329,630
57,1,1329,631
57,1,1328,631
57,1,1327,631
57,1,1327,632
57,1,1326,632
57,1,1326,633
57,1,1326,634
57,1,1328,633
57,1,1328,634
57,1,1327,635
57,1,1326,635
57,1,1325,635
57,1,1325,636
57,1,1326,636
57,1,1326,637
57,1,1326,638
57,1,1326,639
57,1,1326,640
57,1,1326,641
57,1,1325,641
57,1,1324,641
57,1,1324,642
57,1,1325,642
57,1,1326,642
57,1,1327,643
57,1,1326,643
57,1,1325,643
57,1,1324,643
57,1,1324,642
57,1,1323,643
57,1,1324,643
57,1,1324,644
57,1,1325,645
57,1,1326,645
57,1,1326,646
57,1,1325,646
57,1,1324,646
57,1,1324,647
57,1,1325,647
57,1,1326,647
57,1,1327,647
57,1,1328,647
57,1,1328,648
57,1,1329,648
57,1,1330,648
57,1,1330,647
57,1,1331,647
57,1,1331,646
57,1,1331,645
57,1,1330,644
57,1,1329,643
57,1,1330,643
57,1,1330,642
57,1,1331,641
57,1,1332,641
57,1,1332,642
57,1,1333,642
57,1,1333,643
57,1,1334,643
57,1,1335,643
57,1,1336,642
57,1,1337,642
57,1,1338,642
57,1,1339,641
57,1,1340,642
57,1,1339,643
57,1,1339,644
57,1,1340,645
57,1,1341,645
57,1,1342,644
57,1,1342,643
57,1,1343,643
57,1,1343,642
57,1,1342,642
57,1,1342,641
57,1,1341,641
57,1,1341,640
57,1,1341,639
57,1,1342,639
57,1,1342,638
57,1,1343,638
57,1,1343,639
57,1,1344,640
57,1,1345,640
57,1,1345,641
57,1,1346,641
57,1,1346,640
57,1,1347,639
57,1,1348,639
57,1,1348,638
57,1,1349,638
57,1,1349,639
57,1,1350,639
57,1,1351,639
57,1,1351,640
57,1,1352,640
57,1,1353,640
57,1,1354,641
57,1,1355,641
57,1,1355,642
57,1,1356,642
57,1,1357,642
57,1,1358,643
57,1,1358,642
57,1,1359,643
57,1,1360,644
57,1,1360,645
57,1,1361,645
57,1,1362,645
57,1,1362,644
57,1,1363,643
57,1,1363,642
57,1,1363,641
57,1,1363,640
57,1,1363,639
57,1,1364,638
57,1,1365,638
57,1,1366,637
57,1,1367,637
57,1,1368,637
57,1,1368,636
57,1,1369,635
57,1,1369,634
57,1,1370,634
57,1,1371,634
57,1,1372,634
57,1,1372,635
57,1,1372,636
57,1,1373,636
57,1,1373,637
57,1,1374,637
57,1,1374,638
57,1,1375,638
57,1,1376,638
57,1,1376,637
57,1,1377,637
57,1,1378,637
57,1,1378,638
57,1,1378,639
57,1,1377,639
57,1,1377,640
57,1,1378,641
57,1,1378,640
57,1,1379,640
57,1,1380,639
57,1,1380,638
57,1,1379,638
57,1,1379,637
57,1,1380,637
57,1,1380,636
57,1,1381,636
57,1,1381,637
57,1,1382,637
57,1,1382,636
57,1,1383,636
57,1,1383,635
57,1,1382,635
57,1,1382,634
57,1,1382,633
57,1,1382,632
57,1,1382,631
57,1,1382,630
57,1,1383,630
57,1,1384,630
57,1,1385,629
57,1,1385,628
57,1,1384,628
57,1,1384,627
57,1,1383,627
57,1,1384,627
57,1,1384,626
57,1,1385,626
57,1,1385,627
57,1,1386,627
57,1,1386,626
57,1,1387,626
57,1,1388,626
57,1,1389,625
57,1,1388,624
57,1,1387,624
57,1,1386,624
57,1,1386,623
57,1,1387,623
57,1,1387,622
57,1,1387,623
57,1,1388,623
57,1,1389,623
57,1,1389,624
57,1,1390,624
57,1,1390,625
57,1,1391,625
57,1,1391,626
57,1,1390,626
57,1,1390,627
57,1,1391,628
57,1,1391,629
57,1,1392,629
57,1,1392,630
57,1,1393,630
57,1,1394,630
57,1,1394,631
57,1,1395,631
57,1,1396,631
57,1,1396,630
57,1,1397,630
57,1,1398,630
57,1,1398,631
57,1,1399,631
57,1,1399,632
57,1,1400,633
57,1,1400,632
57,1,1400,631
57,1,1401,631
57,1,1402,630
57,1,1403,630
57,1,1404,630
57,1,1404,629
57,1,1404,628
57,1,1404,627
57,1,1404,626
57,1,1404,625
57,1,1404,624
57,1,1404,623
57,1,1404,622
57,1,1404,621
57,1,1405,620
57,1,1406,619
57,1,1406,618
57,1,1406,617
57,1,1406,616
57,1,1407,616
57,1,1408,616
57,1,1409,616
57,1,1409,617
57,1,1410,617
57,1,1410,616
57,1,1411,616
57,1,1411,615
57,1,1412,615
57,1,1412,614
57,1,1413,613
57,1,1413,612
57,1,1413,611
57,1,1413,610
57,1,1413,609
57,1,1414,608
57,1,1414,607
57,1,1415,607
57,1,1416,607
57,1,1417,607
57,1,1417,606
57,1,1418,606
57,1,1418,605
57,1,1418,604
57,1,1419,604
57,1,1419,603
57,1,1420,603
57,1,1420,602
57,1,1420,601
57,1,1419,600
57,1,1419,599
57,1,1419,598
57,1,1419,597
57,1,1418,596
57,1,1418,595
57,1,1418,594
57,1,1418,593
57,1,1419,593
57,1,1420,593
57,1,1421,593
57,1,1422,593
57,1,1423,592
57,1,1424,592
57,1,1425,592
57,1,1426,593
57,1,1426,594
57,1,1427,594
57,1,1428,594
57,1,1429,594
57,1,1430,594
57,1,1430,593
57,1,1431,592
57,1,1432,591
57,1,1433,590
57,1,1434,590
57,1,1434,589
57,1,1435,589
57,1,1436,589
57,1,1437,589
57,1,1437,588
57,1,1438,588
57,1,1439,588
57,1,1440,588
57,1,1441,588
57,1,1441,587
57,1,1440,586
57,1,1440,585
57,1,1441,585
57,1,1441,584
57,1,1442,584
57,1,1442,583
57,1,1441,583
57,1,1440,583
57,1,1439,583
57,1,1438,583
57,1,1438,582
57,1,1438,581
57,1,1439,581
57,1,1439,580
57,1,1439,579
57,1,1439,578
57,1,1438,578
57,1,1438,577
57,1,1437,576
57,1,1436,575
57,1,1437,575
57,1,1437,574
57,1,1438,574
57,1,1438,573
57,1,1439,573
57,1,1439,572
57,1,1439,571
57,1,1439,570
57,1,1438,568
57,1,1438,567
57,1,1438,566
57,1,1438,565
57,1,1438,564
57,1,1438,563
57,1,1438,561
57,1,1438,560
57,1,1437,559
57,1,1437,558
57,1,1437,557
57,1,1437,555
57,1,1437,553
57,1,1437,551
57,1,1437,550
57,1,1436,549
57,1,1436,548
57,1,1436,547
57,1,1436,546
57,1,1436,545
57,1,1436,543
57,1,1436,542
57,1,1435,540
57,1,1435,539
57,1,1435,538
57,1,1435,537
57,1,1435,536
57,1,1435,535
57,1,1435,534
57,1,1435,533
57,1,1435,532
57,1,1434,531
57,1,1434,530
57,1,1434,529
57,1,1434,528
57,1,1434,527
57,1,1434,526
57,1,1434,525
57,1,1434,524
57,1,1433,521
57,1,1433,520
57,1,1433,519
57,1,1433,517
57,1,1433,515
57,1,1433,514
57,1,1433,513
57,1,1432,513
57,1,1432,511
57,1,1432,510
57,1,1432,508
57,1,1432,507
57,1,1432,506
57,1,1432,505
57,1,1432,504
57,1,1431,504
57,1,1431,503
57,1,1431,502
57,1,1431,501
57,1,1431,500
57,1,1431,499
57,1,1431,498
57,1,1431,497
57,1,1431,496
57,1,1430,495
57,1,1430,494
57,1,1430,493
57,1,1430,492
57,1,1430,491
57,1,1430,490
57,1,1430,488
57,1,1430,487
57,1,1429,486
57,1,1429,485
57,1,1429,482
57,1,1429,481
57,1,1429,479
57,1,1428,478
57,1,1428,477
57,1,1428,476
57,1,1428,475
57,1,1428,474
57,1,1428,473
57,1,1428,472
57,1,1428,471
57,1,1427,470
57,1,1427,469
57,1,1427,467
57,1,1427,466
57,1,1427,465
57,1,1427,464
57,1,1427,462
57,1,1426,462
57,1,1426,461
57,1,1426,460
57,1,1426,458
57,1,1426,457
57,1,1426,456
57,1,1425,454
57,1,1425,453
57,1,1425,452
57,1,1425,451
57,1,1425,450
57,1,1425,449
57,1,1425,448
57,1,1425,447
57,1,1425,446
57,1,1424,445
57,1,1423,446
57,1,1421,446
57,1,1420,446
57,1,1419,446
57,1,1418,446
57,1,1417,446
57,1,1416,446
57,1,1415,447
57,1,1414,447
57,1,1413,447
57,1,1412,447
57,1,1411,447
57,1,1409,447
57,1,1408,447
57,1,1407,447
57,1,1406,448
57,1,1405,448
57,1,1404,448
57,1,1403,448
57,1,1402,448
57,1,1400,448
57,1,1399,448
57,1,1398,448
57,1,1396,449
57,1,1395,449
57,1,1394,449
57,1,1393,449
57,1,1392,449
57,1,1391,449
57,1,1390,449
57,1,1389,449
57,1,1388,450
57,1,1387,450
57,1,1386,450
57,1,1385,450
57,1,1384,450
57,1,1383,450
57,1,1382,450
57,1,1381,450
57,1,1380,450
57,1,1379,450
57,1,1378,451
57,1,1377,451
57,1,1376,451
57,1,1375,451
57,1,1374,451
57,1,1373,451
57,1,1372,451
57,1,1371,451
57,1,1370,451
57,1,1368,452
57,1,1367,452
57,1,1366,452
57,1,1365,452
57,1,1364,452
57,1,1362,452
57,1,1360,452
57,1,1359,453
57,1,1358,453
57,1,1357,453
57,1,1356,453
57,1,1355,453
57,1,1354,453
57,1,1353,453
57,1,1352,454
57,1,1351,454
57,1,1351,455
57,1,1350,455
57,1,1350,456
57,1,1349,456
57,1,1348,456
57,1,1347,457
57,1,1346,458
57,1,1345,459
57,1,1344,459
57,1,1343,460
57,1,1343,459
57,1,1342,460
57,1,1341,460
57,1,1341,461
57,1,1340,461
57,1,1339,461
57,1,1338,461
57,1,1337,461
57,1,1336,461
57,1,1335,461
57,1,1334,461
57,1,1333,461
57,1,1332,461
57,1,1332,460
57,1,1333,459
57,1,1332,459
57,1,1332,458
57,1,1332,459
57,1,1332,460
57,1,1332,459
57,1,1331,459
57,1,1330,459
57,1,1329,459
57,1,1329,458
57,1,1329,459
57,1,1329,458
58,1,807,547
58,1,807,548
58,1,807,551
58,1,807,553
58,1,806,554
58,1,806,555
58,1,806,559
58,1,806,562
58,1,806,563
58,1,806,564
58,1,806,566
58,1,806,567
58,1,806,569
58,1,806,570
58,1,805,574
58,1,805,575
58,1,805,576
58,1,805,577
58,1,805,580
58,1,805,584
58,1,804,588
58,1,804,589
58,1,804,591
58,1,804,593
58,1,804,604
58,1,804,605
58,1,803,605
58,1,803,606
58,1,803,607
58,1,803,609
58,1,803,610
58,1,803,611
58,1,803,613
58,1,803,615
58,1,803,616
58,1,803,617
58,1,803,618
58,1,803,619
58,1,802,621
58,1,802,623
58,1,802,625
58,1,802,628
58,1,802,629
58,1,802,630
58,1,802,631
58,1,802,635
58,1,802,636
58,1,801,637
58,1,801,638
58,1,801,641
58,1,801,642
58,1,801,647
58,1,801,648
58,1,801,649
58,1,801,652
58,1,801,653
58,1,800,653
58,1,800,655
58,1,800,656
58,1,800,658
58,1,800,659
58,1,800,660
58,1,800,662
58,1,800,663
58,1,800,664
58,1,800,665
58,1,800,667
58,1,800,669
58,1,799,670
58,1,799,671
58,1,799,672
58,1,799,673
58,1,799,674
58,1,799,676
58,1,799,677
58,1,799,679
58,1,799,684
58,1,798,685
58,1,798,686
58,1,798,690
58,1,798,692
58,1,799,692
58,1,800,692
58,1,801,692
58,1,802,692
58,1,803,692
58,1,804,692
58,1,805,692
58,1,806,692
58,1,810,692
58,1,811,692
58,1,812,692
58,1,814,692
58,1,815,692
58,1,815,693
58,1,817,693
58,1,818,693
58,1,819,693
58,1,821,693
58,1,822,693
58,1,823,693
58,1,824,693
58,1,827,693
58,1,828,693
58,1,829,693
58,1,830,693
58,1,831,693
58,1,833,693
58,1,834,693
58,1,835,694
58,1,836,694
58,1,837,694
58,1,838,694
58,1,839,694
58,1,840,694
58,1,841,694
58,1,842,694
58,1,843,694
58,1,844,694
58,1,845,694
58,1,846,694
58,1,847,694
58,1,848,694
58,1,850,694
58,1,851,694
58,1,852,694
58,1,853,694
58,1,855,694
58,1,859,695
58,1,860,695
58,1,865,695
58,1,867,695
58,1,868,695
58,1,871,695
58,1,872,695
58,1,875,695
58,1,876,695
58,1,879,695
58,1,880,695
58,1,882,696
58,1,884,696
58,1,886,696
58,1,889,696
58,1,890,696
58,1,892,696
58,1,893,696
58,1,894,696
58,1,895,696
58,1,896,696
58,1,898,696
58,1,899,696
58,1,903,696
58,1,904,696
58,1,905,696
58,1,909,697
58,1,912,697
58,1,913,697
58,1,914,697
58,1,916,697
58,1,917,697
58,1,918,697
58,1,921,697
58,1,923,697
58,1,924,697
58,1,927,697
58,1,928,697
58,1,929,697
58,1,931,697
58,1,932,697
58,1,933,697
58,1,935,697
58,1,936,697
58,1,938,698
58,1,940,698
58,1,942,698
58,1,943,698
58,1,944,698
58,1,945,698
58,1,946,698
58,1,947,698
58,1,950,698
58,1,951,698
58,1,953,698
58,1,955,698
58,1,956,698
58,1,959,698
58,1,960,698
58,1,963,698
58,1,965,698
58,1,966,698
58,1,967,698
58,1,968,698
58,1,969,698
58,1,971,698
58,1,972,698
58,1,974,698
58,1,975,698
58,1,976,698
58,1,978,698
58,1,980,698
58,1,981,698
58,1,982,698
58,1,983,698
58,1,984,698
58,1,985,698
58,1,986,698
58,1,988,698
58,1,990,698
58,1,991,698
58,1,992,698
58,1,993,698
58,1,994,698
58,1,996,698
58,1,997,698
58,1,999,698
58,1,1000,698
58,1,1001,698
58,1,1004,698
58,1,1004,699
58,1,1007,699
58,1,1008,699
58,1,1012,699
58,1,1013,699
58,1,1014,699
58,1,1017,699
58,1,1018,699
58,1,1019,699
58,1,1020,699
58,1,1022,699
58,1,1023,699
58,1,1024,699
58,1,1026,699
58,1,1027,699
58,1,1029,699
58,1,1030,699
58,1,1031,699
58,1,1032,699
58,1,1033,699
58,1,1034,699
58,1,1035,699
58,1,1036,699
58,1,1037,699
58,1,1038,699
58,1,1039,699
58,1,1040,699
58,1,1041,699
58,1,1042,699
58,1,1043,699
58,1,1044,699
58,1,1045,699
58,1,1046,699
58,1,1049,699
58,1,1050,698
58,1,1051,698
58,1,1053,698
58,1,1054,698
58,1,1055,698
58,1,1058,698
58,1,1059,698
58,1,1060,698
58,1,1061,698
58,1,1063,698
58,1,1064,698
58,1,1065,698
58,1,1066,698
58,1,1068,698
58,1,1069,698
58,1,1070,698
58,1,1071,698
58,1,1072,698
58,1,1073,698
58,1,1074,698
58,1,1075,698
58,1,1076,698
58,1,1077,698
58,1,1078,698
58,1,1080,698
58,1,1080,697
58,1,1080,696
58,1,1080,695
58,1,1080,694
58,1,1080,693
58,1,1080,692
58,1,1080,691
58,1,1080,690
58,1,1080,689
58,1,1080,688
58,1,1080,687
58,1,1080,686
58,1,1080,683
58,1,1080,682
58,1,1080,681
58,1,1080,680
58,1,1080,679
58,1,1080,678
58,1,1080,677
58,1,1080,676
58,1,1080,675
58,1,1080,674
58,1,1080,673
58,1,1080,672
58,1,1079,672
58,1,1079,671
58,1,1079,669
58,1,1079,668
58,1,1079,667
58,1,1079,666
58,1,1079,665
58,1,1079,663
58,1,1079,662
58,1,1079,661
58,1,1079,659
58,1,1079,658
58,1,1079,657
58,1,1079,656
58,1,1079,655
58,1,1079,654
58,1,1079,653
58,1,1079,652
58,1,1079,651
58,1,1079,650
58,1,1079,648
58,1,1079,647
58,1,1079,645
58,1,1079,644
58,1,1079,643
58,1,1079,642
58,1,1079,641
58,1,1079,640
58,1,1079,639
58,1,1079,638
58,1,1079,637
58,1,1079,636
58,1,1079,635
58,1,1079,634
58,1,1079,633
58,1,1079,632
58,1,1079,631
58,1,1079,630
58,1,1079,629
58,1,1079,628
58,1,1079,627
58,1,1079,626
58,1,1079,625
58,1,1079,623
58,1,1079,622
58,1,1079,621
58,1,1079,620
58,1,1079,619
58,1,1079,617
58,1,1079,616
58,1,1079,615
58,1,1079,614
58,1,1079,613
58,1,1079,612
58,1,1079,611
58,1,1079,610
58,1,1079,609
58,1,1079,608
58,1,1079,607
58,1,1079,606
58,1,1079,605
58,1,1079,604
58,1,1079,603
58,1,1079,602
58,1,1079,601
58,1,1079,600
58,1,1079,599
58,1,1079,598
58,1,1079,597
58,1,1079,596
58,1,1079,595
58,1,1079,594
58,1,1078,594
58,1,1077,594
58,1,1077,593
58,1,1076,593
58,1,1075,593
58,1,1074,594
58,1,1074,593
58,1,1073,593
58,1,1073,592
58,1,1072,592
58,1,1071,592
58,1,1070,591
58,1,1071,590
58,1,1070,589
58,1,1069,589
58,1,1069,588
58,1,1068,588
58,1,1068,587
58,1,1068,586
58,1,1067,585
58,1,1068,585
58,1,1068,584
58,1,1069,584
58,1,1069,583
58,1,1068,583
58,1,1067,583
58,1,1066,583
58,1,1066,582
58,1,1065,582
58,1,1065,581
58,1,1064,580
58,1,1063,580
58,1,1063,579
58,1,1062,579
58,1,1062,578
58,1,1062,577
58,1,1061,577
58,1,1061,576
58,1,1060,576
58,1,1060,575
58,1,1060,574
58,1,1061,574
58,1,1062,574
58,1,1062,573
58,1,1062,572
58,1,1062,571
58,1,1063,570
58,1,1063,569
58,1,1064,569
58,1,1065,569
58,1,1065,568
58,1,1065,567
58,1,1065,566
58,1,1066,566
58,1,1067,566
58,1,1067,567
58,1,1068,567
58,1,1069,566
58,1,1069,565
58,1,1069,564
58,1,1068,565
58,1,1067,565
58,1,1066,565
58,1,1066,564
58,1,1067,564
58,1,1068,564
58,1,1068,563
58,1,1068,562
58,1,1068,561
58,1,1067,562
58,1,1067,561
58,1,1066,561
58,1,1066,560
58,1,1066,559
58,1,1067,559
58,1,1066,559
58,1,1066,558
58,1,1065,558
58,1,1064,559
58,1,1064,558
58,1,1063,558
58,1,1063,559
58,1,1063,560
58,1,1062,560
58,1,1061,560
58,1,1060,560
58,1,1059,560
58,1,1059,559
58,1,1059,558
58,1,1058,558
58,1,1057,558
58,1,1056,558
58,1,1056,557
58,1,1057,557
58,1,1056,557
58,1,1056,556
58,1,1055,556
58,1,1054,556
58,1,1054,555
58,1,1053,555
58,1,1053,554
58,1,1052,554
58,1,1051,554
58,1,1050,554
58,1,1049,554
58,1,1048,554
58,1,1047,554
58,1,1043,554
58,1,1041,554
58,1,1040,554
58,1,1039,554
58,1,1037,554
58,1,1035,554
58,1,1034,554
58,1,1032,554
58,1,1031,554
58,1,1029,554
58,1,1028,554
58,1,1027,554
58,1,1026,554
58,1,1025,554
58,1,1024,554
58,1,1023,554
58,1,1022,554
58,1,1021,554
58,1,1020,554
58,1,1019,554
58,1,1017,554
58,1,1016,554
58,1,1015,554
58,1,1014,554
58,1,1011,554
58,1,1010,554
58,1,1009,554
58,1,1008,554
58,1,1007,554
58,1,1006,554
58,1,1005,554
58,1,1004,554
58,1,1003,554
58,1,1002,554
58,1,1001,554
58,1,998,554
58,1,996,553
58,1,995,553
58,1,994,553
58,1,993,553
58,1,992,553
58,1,991,553
58,1,990,553
58,1,989,553
58,1,987,553
58,1,986,553
58,1,984,553
58,1,982,553
58,1,978,553
58,1,977,553
58,1,976,553
58,1,975,553
58,1,974,553
58,1,973,553
58,1,972,553
58,1,971,553
58,1,970,553
58,1,969,553
58,1,968,553
58,1,967,553
58,1,966,553
58,1,965,553
58,1,963,553
58,1,962,553
58,1,961,553
58,1,960,553
58,1,959,553
58,1,958,553
58,1,957,553
58,1,955,553
58,1,954,553
58,1,953,553
58,1,952,553
58,1,951,553
58,1,949,553
58,1,948,553
58,1,947,553
58,1,945,553
58,1,940,553
58,1,939,552
58,1,937,552
58,1,936,552
58,1,935,552
58,1,934,552
58,1,933,552
58,1,932,552
58,1,931,552
58,1,930,552
58,1,929,552
58,1,928,552
58,1,926,552
58,1,925,552
58,1,924,552
58,1,922,552
58,1,921,552
58,1,920,552
58,1,919,552
58,1,918,552
58,1,917,552
58,1,916,552
58,1,915,552
58,1,914,552
58,1,912,552
58,1,911,552
58,1,910,552
58,1,909,552
58,1,908,552
58,1,907,552
58,1,905,551
58,1,904,551
58,1,903,551
58,1,902,551
58,1,901,551
58,1,900,551
58,1,899,551
58,1,897,551
58,1,896,551
58,1,895,551
58,1,892,551
58,1,891,551
58,1,890,551
58,1,888,551
58,1,887,551
58,1,885,551
58,1,884,551
58,1,883,551
58,1,882,551
58,1,880,551
58,1,880,550
58,1,879,550
58,1,878,550
58,1,877,550
58,1,876,550
58,1,875,550
58,1,874,550
58,1,873,550
58,1,871,550
58,1,870,550
58,1,869,550
58,1,868,550
58,1,867,550
58,1,866,550
58,1,865,550
58,1,864,550
58,1,863,550
58,1,862,550
58,1,861,550
58,1,860,550
58,1,859,550
58,1,858,549
58,1,857,549
58,1,856,549
58,1,855,549
58,1,854,549
58,1,850,549
58,1,849,549
58,1,848,549
58,1,847,549
58,1,846,549
58,1,844,549
58,1,843,549
58,1,842,549
58,1,840,549
58,1,839,548
58,1,838,548
58,1,837,548
58,1,836,548
58,1,835,548
58,1,833,548
58,1,832,548
58,1,830,548
58,1,827,548
58,1,826,548
58,1,825,548
58,1,824,548
58,1,823,548
58,1,822,548
58,1,818,547
58,1,817,547
58,1,816,547
58,1,815,547
58,1,814,547
58,1,812,547
58,1,807,547
59,1,334,189
59,1,334,190
59,1,335,190
59,1,335,191
59,1,335,192
59,1,335,193
59,1,335,194
59,1,336,194
59,1,336,195
59,1,336,196
59,1,337,196
59,1,337,197
59,1,337,198
59,1,338,198
59,1,339,198
59,1,339,199
59,1,340,199
59,1,340,200
59,1,340,201
59,1,341,201
59,1,342,201
59,1,343,202
59,1,343,203
59,1,344,203
59,1,344,204
59,1,344,205
59,1,343,206
59,1,344,206
59,1,344,207
59,1,344,208
59,1,345,208
59,1,344,208
59,1,345,208
59,1,345,209
59,1,345,210
59,1,345,211
59,1,344,211
59,1,344,212
59,1,343,212
59,1,342,212
59,1,342,213
59,1,342,214
59,1,341,214
59,1,341,215
59,1,340,215
59,1,341,216
59,1,340,216
59,1,340,217
59,1,339,217
59,1,339,218
59,1,338,219
59,1,337,219
59,1,336,221
59,1,335,222
59,1,335,223
59,1,335,224
59,1,334,224
59,1,334,225
59,1,333,225
59,1,333,226
59,1,333,227
59,1,332,229
59,1,331,230
59,1,331,231
59,1,330,231
59,1,329,231
59,1,329,232
59,1,329,233
59,1,328,233
59,1,328,234
59,1,327,234
59,1,326,234
59,1,326,235
59,1,326,236
59,1,325,237
59,1,326,237
59,1,327,237
59,1,326,237
59,1,325,238
59,1,326,238
59,1,326,239
59,1,325,239
59,1,325,240
59,1,325,241
59,1,324,241
59,1,324,242
59,1,323,242
59,1,323,243
59,1,322,243
59,1,322,244
59,1,321,244
59,1,321,245
59,1,320,245
59,1,319,246
59,1,318,246
59,1,317,246
59,1,317,247
59,1,316,247
59,1,316,248
59,1,315,248
59,1,315,249
59,1,314,249
59,1,314,250
59,1,314,251
59,1,313,251
59,1,313,252
59,1,312,253
59,1,312,254
59,1,311,254
59,1,312,254
59,1,311,255
59,1,311,256
59,1,310,256
59,1,309,256
59,1,309,257
59,1,308,257
59,1,308,258
59,1,308,259
59,1,308,260
59,1,307,261
59,1,306,261
59,1,307,262
59,1,307,263
59,1,307,264
59,1,308,264
59,1,307,265
59,1,306,265
59,1,306,266
59,1,306,267
59,1,307,267
59,1,307,268
59,1,308,268
59,1,309,268
59,1,310,268
59,1,310,269
59,1,311,269
59,1,311,270
59,1,312,270
59,1,313,270
59,1,314,270
59,1,314,271
59,1,314,272
59,1,313,272
59,1,314,273
59,1,315,273
59,1,315,274
59,1,316,274
59,1,316,275
59,1,315,275
59,1,315,276
59,1,314,276
59,1,314,277
59,1,313,277
59,1,313,278
59,1,312,277
59,1,312,278
59,1,312,279
59,1,312,280
59,1,313,280
59,1,313,281
59,1,312,282
59,1,312,283
59,1,311,283
59,1,311,284
59,1,311,285
59,1,311,286
59,1,310,286
59,1,310,287
59,1,310,288
59,1,309,288
59,1,308,288
59,1,308,289
59,1,308,290
59,1,307,293
59,1,307,294
59,1,307,295
59,1,306,295
59,1,306,296
59,1,306,297
59,1,306,299
59,1,305,299
59,1,305,300
59,1,305,301
59,1,305,302
59,1,305,303
59,1,304,305
59,1,303,308
59,1,303,311
59,1,302,313
59,1,302,315
59,1,301,321
59,1,299,327
59,1,297,335
59,1,297,337
59,1,295,346
59,1,294,349
59,1,293,355
59,1,293,357
59,1,292,357
59,1,292,358
59,1,292,360
59,1,290,367
59,1,290,369
59,1,290,370
59,1,288,375
59,1,289,375
59,1,290,376
59,1,294,377
59,1,302,378
59,1,304,379
59,1,306,379
59,1,307,379
59,1,308,380
59,1,310,380
59,1,311,380
59,1,312,380
59,1,312,381
59,1,316,381
59,1,318,382
59,1,319,382
59,1,320,382
59,1,321,383
59,1,322,383
59,1,324,383
59,1,326,384
59,1,328,384
59,1,333,385
59,1,334,385
59,1,335,385
59,1,337,386
59,1,338,386
59,1,339,386
59,1,344,387
59,1,346,388
59,1,348,388
59,1,350,389
59,1,353,389
59,1,357,390
59,1,360,390
59,1,362,391
59,1,363,391
59,1,364,391
59,1,365,391
59,1,368,392
59,1,369,392
59,1,370,393
59,1,371,393
59,1,373,393
59,1,375,394
59,1,376,394
59,1,377,394
59,1,380,395
59,1,384,395
59,1,390,397
59,1,391,397
59,1,392,397
59,1,394,397
59,1,394,398
59,1,396,398
59,1,397,398
59,1,398,398
59,1,399,399
59,1,401,399
59,1,405,400
59,1,406,400
59,1,407,400
59,1,409,400
59,1,410,401
59,1,411,401
59,1,412,401
59,1,413,401
59,1,414,401
59,1,416,401
59,1,418,402
59,1,421,402
59,1,422,403
59,1,423,403
59,1,425,403
59,1,427,403
59,1,428,404
59,1,429,404
59,1,430,404
59,1,432,404
59,1,434,405
59,1,435,405
59,1,436,405
59,1,438,405
59,1,439,405
59,1,441,406
59,1,443,406
59,1,444,406
59,1,445,407
59,1,448,407
59,1,450,407
59,1,454,408
59,1,455,408
59,1,456,408
59,1,457,408
59,1,457,409
59,1,458,409
59,1,459,409
59,1,462,410
59,1,463,410
59,1,464,410
59,1,465,410
59,1,466,410
59,1,467,410
59,1,468,411
59,1,469,411
59,1,470,411
59,1,472,411
59,1,474,411
59,1,477,412
59,1,480,413
59,1,481,413
59,1,482,413
59,1,484,413
59,1,487,414
59,1,488,414
59,1,489,414
59,1,490,414
59,1,492,414
59,1,495,415
59,1,496,415
59,1,498,408
59,1,498,406
59,1,498,405
59,1,498,403
59,1,499,402
59,1,499,399
59,1,499,396
59,1,500,394
59,1,500,391
59,1,501,387
59,1,501,384
59,1,502,384
59,1,502,381
59,1,502,380
59,1,503,378
59,1,503,377
59,1,503,375
59,1,503,374
59,1,504,370
59,1,504,369
59,1,504,368
59,1,504,367
59,1,504,366
59,1,504,365
59,1,505,365
59,1,505,364
59,1,505,363
59,1,505,361
59,1,505,359
59,1,506,359
59,1,506,358
59,1,507,353
59,1,508,344
59,1,508,342
59,1,509,340
59,1,509,338
59,1,509,337
59,1,509,336
59,1,509,335
59,1,510,333
59,1,510,332
59,1,510,330
59,1,510,329
59,1,510,328
59,1,511,327
59,1,511,324
59,1,511,322
59,1,511,321
59,1,512,320
59,1,512,319
59,1,512,317
59,1,512,315
59,1,512,314
59,1,513,314
59,1,513,308
59,1,514,303
59,1,514,302
59,1,515,299
59,1,515,298
59,1,515,297
59,1,514,297
59,1,513,297
59,1,513,296
59,1,512,295
59,1,513,294
59,1,512,294
59,1,511,293
59,1,511,292
59,1,510,292
59,1,510,291
59,1,510,290
59,1,510,289
59,1,510,288
59,1,509,288
59,1,509,287
59,1,509,286
59,1,508,286
59,1,509,286
59,1,508,285
59,1,508,284
59,1,507,284
59,1,506,283
59,1,505,283
59,1,506,283
59,1,505,283
59,1,505,284
59,1,504,284
59,1,503,284
59,1,502,284
59,1,502,285
59,1,502,286
59,1,503,286
59,1,502,286
59,1,502,287
59,1,501,287
59,1,501,288
59,1,500,288
59,1,500,289
59,1,500,290
59,1,501,291
59,1,500,291
59,1,501,291
59,1,501,292
59,1,501,291
59,1,502,291
59,1,502,292
59,1,501,292
59,1,500,292
59,1,499,291
59,1,498,291
59,1,498,290
59,1,497,291
59,1,496,291
59,1,495,290
59,1,495,291
59,1,495,290
59,1,494,290
59,1,493,290
59,1,493,291
59,1,492,291
59,1,491,291
59,1,490,291
59,1,490,292
59,1,489,292
59,1,489,291
59,1,489,290
59,1,488,290
59,1,488,289
59,1,487,289
59,1,486,289
59,1,485,289
59,1,485,290
59,1,484,290
59,1,484,289
59,1,483,289
59,1,482,289
59,1,482,290
59,1,482,289
59,1,481,289
59,1,480,289
59,1,480,290
59,1,480,289
59,1,479,289
59,1,479,288
59,1,479,289
59,1,478,288
59,1,477,289
59,1,477,288
59,1,476,288
59,1,476,287
59,1,476,286
59,1,475,286
59,1,474,286
59,1,474,287
59,1,473,287
59,1,472,287
59,1,471,288
59,1,471,289
59,1,471,290
59,1,471,291
59,1,470,291
59,1,469,291
59,1,468,291
59,1,468,290
59,1,467,290
59,1,467,289
59,1,467,290
59,1,466,290
59,1,466,289
59,1,465,289
59,1,464,289
59,1,463,289
59,1,463,288
59,1,462,288
59,1,461,288
59,1,460,288
59,1,460,287
59,1,459,287
59,1,458,287
59,1,457,287
59,1,457,288
59,1,456,288
59,1,456,289
59,1,455,289
59,1,455,290
59,1,454,290
59,1,455,290
59,1,455,291
59,1,455,292
59,1,454,293
59,1,453,293
59,1,453,292
59,1,453,291
59,1,453,290
59,1,452,290
59,1,452,291
59,1,452,290
59,1,451,290
59,1,451,289
59,1,450,289
59,1,450,288
59,1,449,288
59,1,449,287
59,1,449,286
59,1,449,285
59,1,449,284
59,1,450,284
59,1,449,284
59,1,449,283
59,1,448,283
59,1,449,282
59,1,448,281
59,1,448,280
59,1,448,279
59,1,449,279
59,1,449,278
59,1,449,277
59,1,449,276
59,1,448,276
59,1,449,276
59,1,448,276
59,1,448,275
59,1,448,274
59,1,448,273
59,1,447,273
59,1,447,272
59,1,448,272
59,1,447,271
59,1,446,271
59,1,446,270
59,1,445,270
59,1,445,269
59,1,444,269
59,1,444,268
59,1,444,269
59,1,443,269
59,1,442,269
59,1,441,269
59,1,441,270
59,1,440,269
59,1,441,269
59,1,440,268
59,1,440,267
59,1,439,267
59,1,438,267
59,1,438,266
59,1,438,265
59,1,437,264
59,1,438,264
59,1,437,264
59,1,437,263
59,1,437,262
59,1,437,261
59,1,438,261
59,1,439,261
59,1,439,260
59,1,439,259
59,1,439,258
59,1,439,257
59,1,439,256
59,1,438,256
59,1,438,255
59,1,437,254
59,1,438,254
59,1,438,253
59,1,437,253
59,1,436,253
59,1,436,252
59,1,436,251
59,1,436,250
59,1,436,249
59,1,435,249
59,1,435,248
59,1,434,247
59,1,434,246
59,1,433,246
59,1,433,245
59,1,434,245
59,1,434,244
59,1,433,244
59,1,433,243
59,1,433,242
59,1,432,242
59,1,432,241
59,1,433,240
59,1,433,239
59,1,433,238
59,1,432,238
59,1,432,237
59,1,432,236
59,1,432,235
59,1,433,234
59,1,433,233
59,1,433,232
59,1,432,232
59,1,431,232
59,1,431,231
59,1,432,230
59,1,432,229
59,1,432,228
59,1,431,228
59,1,431,227
59,1,430,227
59,1,429,227
59,1,430,226
59,1,429,226
59,1,430,226
59,1,430,225
59,1,429,225
59,1,429,224
59,1,429,223
59,1,428,223
59,1,427,222
59,1,427,223
59,1,426,223
59,1,426,224
59,1,426,225
59,1,425,225
59,1,424,225
59,1,424,226
59,1,423,226
59,1,423,227
59,1,422,227
59,1,421,227
59,1,421,228
59,1,420,228
59,1,419,229
59,1,418,229
59,1,418,228
59,1,417,228
59,1,417,229
59,1,417,230
59,1,416,230
59,1,416,231
59,1,415,231
59,1,414,231
59,1,414,232
59,1,413,232
59,1,413,231
59,1,413,230
59,1,412,229
59,1,411,229
59,1,411,228
59,1,411,227
59,1,410,227
59,1,410,226
59,1,411,226
59,1,410,226
59,1,409,226
59,1,409,225
59,1,408,225
59,1,407,226
59,1,407,225
59,1,407,224
59,1,408,224
59,1,408,223
59,1,408,222
59,1,409,222
59,1,409,221
59,1,409,222
59,1,409,221
59,1,410,221
59,1,410,220
59,1,410,219
59,1,411,219
59,1,410,218
59,1,410,217
59,1,409,217
59,1,409,216
59,1,409,215
59,1,410,215
59,1,410,214
59,1,411,214
59,1,411,213
59,1,411,212
59,1,412,212
59,1,413,213
59,1,413,212
59,1,414,212
59,1,414,213
59,1,415,213
59,1,415,212
59,1,416,212
59,1,416,211
59,1,415,210
59,1,415,209
59,1,415,208
59,1,416,208
59,1,416,207
59,1,415,206
59,1,414,206
59,1,414,205
59,1,414,204
59,1,413,204
59,1,413,203
59,1,414,203
59,1,415,203
59,1,415,202
59,1,415,201
59,1,415,200
59,1,414,200
59,1,414,199
59,1,414,198
59,1,414,197
59,1,415,197
59,1,415,198
59,1,416,198
59,1,417,198
59,1,417,197
59,1,417,196
59,1,417,195
59,1,417,194
59,1,416,194
59,1,417,194
59,1,417,193
59,1,418,193
59,1,418,192
59,1,418,191
59,1,419,191
59,1,419,190
59,1,419,189
59,1,419,188
59,1,420,187
59,1,421,187
59,1,421,186
59,1,421,185
59,1,421,184
59,1,421,183
59,1,421,182
59,1,422,182
59,1,423,182
59,1,423,181
59,1,423,180
59,1,424,180
59,1,424,179
59,1,424,178
59,1,425,178
59,1,424,177
59,1,425,177
59,1,425,176
59,1,425,175
59,1,424,175
59,1,423,175
59,1,422,175
59,1,421,175
59,1,420,176
59,1,419,176
59,1,419,175
59,1,418,175
59,1,417,175
59,1,416,175
59,1,415,175
59,1,415,174
59,1,416,174
59,1,415,174
59,1,415,173
59,1,415,172
59,1,416,172
59,1,416,171
59,1,415,171
59,1,415,170
59,1,414,170
59,1,414,169
59,1,413,169
59,1,413,170
59,1,412,170
59,1,412,171
59,1,411,171
59,1,411,170
59,1,410,170
59,1,411,170
59,1,411,169
59,1,411,168
59,1,412,168
59,1,411,168
59,1,411,167
59,1,410,167
59,1,410,166
59,1,409,166
59,1,409,165
59,1,408,165
59,1,408,164
59,1,407,164
59,1,407,163
59,1,407,162
59,1,407,161
59,1,407,160
59,1,408,160
59,1,408,159
59,1,407,159
59,1,407,158
59,1,406,158
59,1,406,157
59,1,406,156
59,1,405,156
59,1,404,156
59,1,404,155
59,1,404,154
59,1,404,153
59,1,404,152
59,1,403,152
59,1,403,151
59,1,403,150
59,1,403,149
59,1,402,149
59,1,402,148
59,1,401,148
59,1,401,147
59,1,400,147
59,1,400,146
59,1,400,145
59,1,399,145
59,1,399,144
59,1,398,144
59,1,399,144
59,1,399,143
59,1,399,142
59,1,398,142
59,1,398,141
59,1,397,141
59,1,397,140
59,1,396,140
59,1,395,140
59,1,395,139
59,1,394,139
59,1,393,139
59,1,393,138
59,1,392,138
59,1,392,137
59,1,392,136
59,1,392,135
59,1,391,135
59,1,391,134
59,1,390,134
59,1,390,133
59,1,389,133
59,1,389,132
59,1,388,132
59,1,388,131
59,1,387,131
59,1,387,130
59,1,386,130
59,1,387,130
59,1,387,129
59,1,388,129
59,1,389,129
59,1,389,130
59,1,390,130
59,1,390,129
59,1,391,129
59,1,390,129
59,1,390,128
59,1,389,128
59,1,389,127
59,1,388,126
59,1,389,126
59,1,388,126
59,1,388,125
59,1,387,125
59,1,387,124
59,1,388,124
59,1,389,124
59,1,389,123
59,1,390,123
59,1,390,122
59,1,390,121
59,1,389,121
59,1,389,120
59,1,389,119
59,1,390,118
59,1,390,117
59,1,389,117
59,1,388,117
59,1,388,116
59,1,388,115
59,1,388,114
59,1,388,115
59,1,387,115
59,1,387,114
59,1,387,113
59,1,387,112
59,1,387,111
59,1,386,110
59,1,385,110
59,1,385,109
59,1,385,108
59,1,385,107
59,1,384,107
59,1,384,106
59,1,383,105
59,1,383,104
59,1,383,103
59,1,382,103
59,1,382,102
59,1,383,99
59,1,383,98
59,1,383,97
59,1,384,96
59,1,384,93
59,1,385,92
59,1,385,89
59,1,386,87
59,1,386,85
59,1,386,83
59,1,387,81
59,1,387,79
59,1,387,78
59,1,388,78
59,1,388,76
59,1,388,73
59,1,389,73
59,1,389,72
59,1,390,65
59,1,390,64
59,1,391,62
59,1,392,55
59,1,387,54
59,1,385,54
59,1,383,53
59,1,382,53
59,1,381,53
59,1,378,52
59,1,377,52
59,1,370,50
59,1,362,49
59,1,361,52
59,1,360,54
59,1,360,56
59,1,360,57
59,1,359,60
59,1,359,63
59,1,358,64
59,1,358,66
59,1,358,67
59,1,357,68
59,1,356,72
59,1,356,73
59,1,356,74
59,1,356,75
59,1,355,76
59,1,355,78
59,1,355,79
59,1,354,83
59,1,354,84
59,1,353,85
59,1,353,86
59,1,353,87
59,1,352,89
59,1,352,90
59,1,352,91
59,1,351,93
59,1,351,96
59,1,351,97
59,1,350,98
59,1,350,99
59,1,350,100
59,1,350,101
59,1,349,102
59,1,349,103
59,1,349,105
59,1,349,106
59,1,348,106
59,1,348,107
59,1,348,108
59,1,348,109
59,1,348,110
59,1,347,112
59,1,347,113
59,1,347,114
59,1,347,115
59,1,346,115
59,1,346,116
59,1,346,117
59,1,346,119
59,1,345,120
59,1,345,121
59,1,345,122
59,1,345,123
59,1,345,124
59,1,344,124
59,1,344,125
59,1,344,126
59,1,344,127
59,1,344,128
59,1,343,129
59,1,343,130
59,1,343,131
59,1,343,132
59,1,343,133
59,1,342,134
59,1,342,135
59,1,342,137
59,1,341,139
59,1,341,140
59,1,341,142
59,1,340,142
59,1,340,143
59,1,340,145
59,1,339,147
59,1,339,149
59,1,339,150
59,1,338,152
59,1,338,153
59,1,338,154
59,1,338,155
59,1,337,155
59,1,337,156
59,1,337,158
59,1,337,159
59,1,336,160
59,1,336,162
59,1,335,166
59,1,335,167
59,1,335,168
59,1,335,169
59,1,334,169
59,1,334,170
59,1,333,170
59,1,333,171
59,1,333,172
59,1,334,172
59,1,334,173
59,1,334,174
59,1,335,174
59,1,335,175
59,1,335,176
59,1,335,177
59,1,335,178
59,1,335,179
59,1,335,180
59,1,336,180
59,1,336,181
59,1,335,181
59,1,335,182
59,1,334,182
59,1,334,183
59,1,334,184
59,1,333,184
59,1,333,185
59,1,334,185
59,1,334,186
59,1,334,187
59,1,334,188
59,1,334,189
60,1,119,1217
60,1,119,1218
60,1,119,1219
60,1,119,1220
60,1,119,1221
60,1,119,1220
60,1,120,1220
60,1,121,1220
60,1,121,1221
60,1,121,1220
60,1,121,1221
60,1,122,1221
60,1,122,1220
60,1,123,1220
60,1,122,1220
60,1,123,1220
60,1,122,1220
60,1,123,1220
60,1,123,1219
60,1,122,1219
60,1,122,1218
60,1,122,1217
60,1,123,1217
60,1,122,1217
60,1,123,1217
60,1,122,1217
60,1,122,1216
60,1,122,1217
60,1,122,1218
60,1,122,1217
60,1,122,1218
60,1,121,1218
60,1,121,1217
60,1,121,1218
60,1,121,1217
60,1,122,1217
60,1,121,1217
60,1,122,1217
60,1,122,1216
60,1,121,1216
60,1,120,1216
60,1,120,1217
60,1,119,1217
61,1,121,1207
61,1,122,1207
61,1,122,1206
61,1,122,1207
61,1,121,1207
62,1,120,1205
62,1,121,1205
62,1,122,1205
62,1,121,1205
62,1,120,1205
64,1,129,1160
64,1,130,1160
64,1,130,1161
64,1,130,1160
64,1,131,1160
64,1,131,1159
64,1,132,1159
64,1,132,1158
64,1,132,1157
64,1,133,1157
64,1,133,1156
64,1,133,1157
64,1,132,1157
64,1,131,1157
64,1,130,1157
64,1,130,1158
64,1,129,1158
64,1,129,1159
64,1,129,1160
65,1,115,1216
65,1,116,1216
65,1,115,1216
67,1,113,1218
67,1,114,1219
67,1,114,1218
67,1,113,1218
68,1,111,1220
68,1,112,1220
68,1,111,1220
68,1,112,1220
68,1,111,1220
68,1,111,1219
68,1,111,1220
71,1,154,1012
71,1,155,1012
71,1,154,1012
72,1,111,1217
72,1,111,1218
72,1,112,1218
72,1,112,1217
72,1,111,1217
73,1,154,1011
73,1,154,1012
73,1,155,1012
73,1,155,1011
73,1,154,1011
74,1,141,1071
74,1,142,1071
74,1,141,1071
75,1,145,1051
75,1,146,1051
75,1,145,1051
76,1,108,1218
76,1,109,1218
76,1,109,1219
76,1,109,1218
76,1,110,1218
76,1,110,1219
76,1,109,1219
76,1,109,1220
76,1,110,1220
76,1,110,1219
76,1,111,1219
76,1,110,1219
76,1,110,1218
76,1,110,1219
76,1,110,1218
76,1,109,1218
76,1,108,1218
77,1,150,1024
77,1,151,1024
77,1,151,1023
77,1,150,1023
77,1,150,1024
78,1,108,1220
78,1,108,1221
78,1,108,1220
79,1,108,1219
79,1,109,1219
79,1,108,1219
80,1,107,1219
80,1,107,1220
80,1,108,1220
80,1,108,1219
80,1,107,1219
80,1,108,1219
80,1,107,1219
85,1,102,1221
85,1,102,1222
85,1,103,1222
85,1,103,1223
85,1,103,1222
85,1,104,1222
85,1,104,1221
85,1,104,1220
85,1,103,1220
85,1,103,1221
85,1,102,1221
86,1,100,1229
86,1,100,1230
86,1,101,1230
86,1,100,1230
86,1,100,1229
87,1,99,1230
87,1,100,1230
87,1,99,1230
88,1,134,1069
88,1,134,1070
88,1,135,1070
88,1,135,1071
88,1,135,1070
88,1,135,1071
88,1,135,1070
88,1,135,1071
88,1,136,1071
88,1,136,1070
88,1,136,1071
88,1,136,1070
88,1,136,1071
88,1,137,1071
88,1,137,1070
88,1,137,1069
88,1,136,1069
88,1,135,1069
88,1,134,1069
88,1,134,1070
88,1,134,1069
91,1,100,1213
91,1,99,1213
91,1,100,1213
91,1,100,1214
91,1,100,1213
92,1,96,1228
92,1,96,1229
92,1,97,1229
92,1,96,1229
92,1,97,1229
92,1,98,1229
92,1,98,1230
92,1,98,1229
92,1,98,1230
92,1,98,1229
92,1,98,1230
92,1,99,1230
92,1,99,1229
92,1,99,1228
92,1,98,1228
92,1,98,1229
92,1,98,1228
92,1,97,1228
92,1,97,1227
92,1,97,1228
92,1,97,1227
92,1,96,1227
92,1,96,1228
92,1,97,1228
92,1,96,1228
93,1,99,1212
93,1,100,1212
93,1,101,1212
93,1,102,1212
93,1,101,1212
93,1,100,1212
93,1,99,1212
94,1,97,1220
94,1,98,1220
94,1,97,1220
96,1,98,1214
96,1,98,1213
96,1,99,1213
96,1,98,1213
96,1,98,1214
97,1,97,1210
97,1,97,1211
97,1,97,1210
98,1,107,1134
98,1,107,1135
98,1,108,1135
98,1,107,1135
98,1,107,1134
99,1,117,1075
99,1,118,1075
99,1,117,1075
100,1,117,1074
100,1,117,1075
100,1,118,1074
100,1,117,1074
101,1,75,1228
101,1,75,1227
101,1,75,1228
103,1,75,1227
103,1,76,1227
103,1,75,1227
104,1,113,1081
104,1,114,1081
104,1,113,1081
107,1,113,1081
107,1,113,1082
107,1,114,1082
107,1,113,1082
107,1,114,1082
107,1,114,1081
107,1,113,1081
108,1,76,1221
108,1,76,1222
108,1,76,1223
108,1,76,1224
108,1,77,1224
108,1,78,1224
108,1,78,1225
108,1,78,1224
108,1,78,1225
108,1,78,1224
108,1,79,1224
108,1,79,1225
108,1,80,1224
108,1,81,1224
108,1,81,1223
108,1,82,1223
108,1,81,1223
108,1,82,1223
108,1,82,1222
108,1,83,1222
108,1,84,1222
108,1,85,1222
108,1,86,1222
108,1,87,1222
108,1,88,1223
108,1,89,1223
108,1,90,1223
108,1,91,1223
108,1,91,1222
108,1,92,1222
108,1,93,1222
108,1,92,1222
108,1,93,1222
108,1,93,1223
108,1,93,1222
108,1,93,1223
108,1,94,1223
108,1,94,1224
108,1,95,1224
108,1,95,1223
108,1,95,1222
108,1,94,1222
108,1,93,1222
108,1,93,1221
108,1,92,1221
108,1,92,1220
108,1,92,1219
108,1,92,1218
108,1,92,1217
108,1,92,1216
108,1,92,1217
108,1,93,1217
108,1,93,1216
108,1,92,1216
108,1,91,1216
108,1,90,1216
108,1,90,1215
108,1,89,1215
108,1,88,1215
108,1,88,1216
108,1,87,1216
108,1,86,1216
108,1,85,1216
108,1,84,1216
108,1,84,1217
108,1,83,1217
108,1,83,1216
108,1,82,1216
108,1,81,1216
108,1,81,1217
108,1,80,1217
108,1,80,1218
108,1,79,1219
108,1,79,1220
108,1,78,1220
108,1,77,1220
108,1,76,1220
108,1,76,1221
109,1,112,1083
109,1,113,1083
109,1,112,1083
110,1,104,1113
110,1,105,1113
110,1,105,1112
110,1,104,1112
110,1,104,1113
111,1,112,1082
111,1,112,1081
111,1,112,1082
112,1,111,1082
112,1,112,1082
112,1,111,1082
113,1,71,1228
113,1,71,1229
113,1,71,1228
113,1,72,1228
113,1,72,1229
113,1,73,1229
113,1,74,1229
113,1,74,1228
113,1,73,1228
113,1,72,1228
113,1,71,1228
114,1,68,1228
114,1,69,1228
114,1,69,1229
114,1,70,1229
114,1,70,1228
114,1,70,1229
114,1,70,1228
114,1,69,1228
114,1,68,1228
115,1,67,1228
115,1,68,1228
115,1,67,1228
115,1,68,1228
115,1,67,1228
116,1,67,1224
116,1,67,1225
116,1,67,1224
116,1,68,1224
116,1,68,1225
116,1,67,1225
116,1,67,1226
116,1,67,1227
116,1,68,1227
116,1,68,1226
116,1,67,1226
116,1,68,1226
116,1,69,1226
116,1,70,1226
116,1,69,1226
116,1,69,1225
116,1,68,1225
116,1,68,1224
116,1,69,1224
116,1,68,1224
116,1,68,1223
116,1,67,1223
116,1,67,1224
119,1,62,1225
119,1,62,1226
119,1,62,1227
119,1,63,1227
119,1,63,1226
119,1,63,1227
119,1,64,1227
119,1,65,1227
119,1,66,1227
119,1,66,1226
119,1,65,1226
119,1,66,1226
119,1,66,1225
119,1,65,1225
119,1,64,1225
119,1,65,1225
119,1,65,1224
119,1,64,1224
119,1,63,1224
119,1,62,1224
119,1,62,1225
120,1,99,1094
120,1,99,1095
120,1,99,1094
121,1,60,1227
121,1,60,1228
121,1,61,1228
121,1,61,1227
121,1,60,1227
123,1,58,1230
123,1,58,1231
123,1,58,1232
123,1,59,1232
123,1,59,1231
123,1,59,1232
123,1,59,1231
123,1,59,1232
123,1,59,1231
123,1,60,1231
123,1,59,1231
123,1,60,1231
123,1,60,1230
123,1,61,1230
123,1,60,1230
123,1,59,1230
123,1,59,1231
123,1,59,1230
123,1,58,1230
124,1,56,1227
124,1,56,1228
124,1,56,1227
127,1,80,1117
127,1,80,1118
127,1,81,1118
127,1,81,1119
127,1,81,1120
127,1,81,1121
127,1,81,1120
127,1,81,1121
127,1,82,1121
127,1,82,1122
127,1,83,1122
127,1,83,1123
127,1,84,1123
127,1,84,1124
127,1,84,1125
127,1,85,1125
127,1,85,1126
127,1,86,1126
127,1,85,1126
127,1,86,1126
127,1,87,1126
127,1,86,1126
127,1,87,1126
127,1,88,1126
127,1,88,1127
127,1,88,1128
127,1,89,1128
127,1,89,1129
127,1,90,1129
127,1,90,1128
127,1,89,1127
127,1,90,1127
127,1,91,1127
127,1,92,1127
127,1,93,1127
127,1,94,1127
127,1,95,1127
127,1,95,1126
127,1,94,1126
127,1,95,1126
127,1,94,1126
127,1,95,1126
127,1,95,1125
127,1,94,1125
127,1,94,1124
127,1,95,1124
127,1,95,1123
127,1,95,1122
127,1,95,1121
127,1,96,1121
127,1,95,1121
127,1,96,1120
127,1,95,1120
127,1,95,1119
127,1,94,1119
127,1,93,1119
127,1,92,1119
127,1,93,1119
127,1,92,1119
127,1,92,1118
127,1,92,1117
127,1,92,1118
127,1,92,1117
127,1,92,1118
127,1,92,1117
127,1,92,1118
127,1,91,1118
127,1,91,1117
127,1,91,1118
127,1,91,1117
127,1,91,1118
127,1,90,1118
127,1,90,1117
127,1,89,1117
127,1,88,1117
127,1,88,1118
127,1,88,1117
127,1,87,1117
127,1,87,1118
127,1,88,1118
127,1,87,1118
127,1,87,1117
127,1,87,1118
127,1,86,1118
127,1,86,1119
127,1,85,1119
127,1,84,1119
127,1,84,1118
127,1,84,1119
127,1,84,1118
127,1,83,1118
127,1,82,1118
127,1,82,1117
127,1,81,1118
127,1,80,1118
127,1,80,1117
128,1,40,1234
128,1,41,1234
128,1,41,1235
128,1,42,1235
128,1,42,1236
128,1,42,1235
128,1,43,1235
128,1,43,1236
128,1,44,1236
128,1,44,1235
128,1,45,1235
128,1,45,1234
128,1,45,1235
128,1,46,1235
128,1,46,1234
128,1,47,1234
128,1,48,1234
128,1,49,1234
128,1,50,1234
128,1,49,1234
128,1,50,1234
128,1,51,1234
128,1,51,1235
128,1,51,1234
128,1,51,1235
128,1,51,1234
128,1,52,1234
128,1,52,1235
128,1,52,1234
128,1,52,1233
128,1,53,1233
128,1,52,1233
128,1,52,1234
128,1,53,1234
128,1,53,1233
128,1,53,1234
128,1,54,1234
128,1,54,1233
128,1,54,1232
128,1,54,1233
128,1,54,1234
128,1,54,1233
128,1,55,1233
128,1,55,1232
128,1,56,1232
128,1,57,1232
128,1,58,1232
128,1,58,1231
128,1,58,1230
128,1,57,1230
128,1,57,1231
128,1,57,1230
128,1,57,1231
128,1,57,1230
128,1,56,1230
128,1,56,1231
128,1,55,1231
128,1,56,1231
128,1,55,1231
128,1,56,1231
128,1,55,1231
128,1,55,1230
128,1,56,1230
128,1,55,1230
128,1,56,1230
128,1,57,1230
128,1,57,1229
128,1,58,1229
128,1,58,1228
128,1,58,1229
128,1,59,1229
128,1,59,1228
128,1,59,1229
128,1,59,1228
128,1,60,1228
128,1,59,1228
128,1,60,1228
128,1,59,1228
128,1,60,1228
128,1,60,1227
128,1,59,1227
128,1,58,1227
128,1,59,1227
128,1,59,1226
128,1,58,1226
128,1,58,1227
128,1,58,1228
128,1,57,1228
128,1,56,1228
128,1,57,1228
128,1,56,1228
128,1,57,1228
128,1,57,1227
128,1,56,1227
128,1,56,1228
128,1,56,1229
128,1,55,1229
128,1,56,1229
128,1,56,1228
128,1,55,1228
128,1,56,1228
128,1,55,1228
128,1,56,1228
128,1,56,1227
128,1,55,1227
128,1,56,1227
128,1,56,1226
128,1,56,1225
128,1,55,1225
128,1,54,1225
128,1,53,1225
128,1,52,1225
128,1,52,1226
128,1,51,1226
128,1,50,1226
128,1,50,1227
128,1,51,1227
128,1,51,1228
128,1,50,1228
128,1,51,1228
128,1,51,1229
128,1,51,1228
128,1,52,1228
128,1,52,1229
128,1,53,1229
128,1,53,1230
128,1,54,1230
128,1,53,1230
128,1,53,1231
128,1,53,1230
128,1,52,1230
128,1,53,1230
128,1,53,1231
128,1,53,1232
128,1,52,1231
128,1,52,1230
128,1,51,1230
128,1,51,1229
128,1,51,1230
128,1,51,1229
128,1,50,1229
128,1,50,1230
128,1,50,1231
128,1,49,1230
128,1,49,1231
128,1,49,1232
128,1,49,1233
128,1,49,1232
128,1,48,1232
128,1,48,1233
128,1,47,1233
128,1,47,1232
128,1,47,1233
128,1,46,1233
128,1,47,1233
128,1,46,1233
128,1,46,1234
128,1,46,1233
128,1,45,1233
128,1,45,1232
128,1,45,1233
128,1,44,1233
128,1,43,1233
128,1,42,1233
128,1,41,1233
128,1,41,1234
128,1,40,1234
128,1,40,1233
128,1,40,1234
129,1,42,1222
129,1,42,1223
129,1,42,1222
130,1,101,1035
130,1,101,1034
130,1,101,1035
131,1,104,1023
131,1,104,1024
131,1,105,1025
131,1,106,1025
131,1,106,1026
131,1,106,1027
131,1,107,1027
131,1,107,1028
131,1,108,1028
131,1,108,1029
131,1,109,1029
131,1,110,1029
131,1,110,1030
131,1,111,1030
131,1,111,1031
131,1,112,1031
131,1,113,1031
131,1,113,1032
131,1,114,1032
131,1,115,1032
131,1,115,1033
131,1,114,1033
131,1,114,1034
131,1,114,1035
131,1,113,1035
131,1,112,1035
131,1,113,1035
131,1,112,1035
131,1,111,1035
131,1,110,1035
131,1,110,1034
131,1,110,1033
131,1,111,1033
131,1,111,1032
131,1,111,1033
131,1,110,1033
131,1,110,1034
131,1,110,1035
131,1,110,1036
131,1,111,1036
131,1,111,1037
131,1,111,1038
131,1,112,1038
131,1,112,1039
131,1,112,1040
131,1,112,1041
131,1,111,1041
131,1,111,1042
131,1,111,1043
131,1,111,1044
131,1,112,1044
131,1,112,1045
131,1,113,1046
131,1,114,1046
131,1,114,1047
131,1,115,1047
131,1,116,1047
131,1,116,1048
131,1,117,1048
131,1,118,1048
131,1,118,1049
131,1,119,1049
131,1,119,1050
131,1,120,1050
131,1,121,1050
131,1,122,1050
131,1,123,1050
131,1,124,1050
131,1,125,1050
131,1,125,1049
131,1,126,1049
131,1,127,1050
131,1,128,1050
131,1,129,1050
131,1,130,1050
131,1,131,1050
131,1,131,1051
131,1,132,1051
131,1,132,1052
131,1,133,1052
131,1,133,1053
131,1,134,1053
131,1,133,1053
131,1,134,1053
131,1,134,1054
131,1,135,1054
131,1,135,1053
131,1,134,1052
131,1,134,1051
131,1,133,1051
131,1,134,1051
131,1,134,1050
131,1,135,1050
131,1,135,1051
131,1,136,1051
131,1,136,1052
131,1,135,1052
131,1,136,1052
131,1,136,1053
131,1,137,1053
131,1,137,1054
131,1,136,1054
131,1,137,1054
131,1,136,1054
131,1,136,1055
131,1,137,1055
131,1,136,1055
131,1,136,1056
131,1,137,1056
131,1,138,1056
131,1,138,1055
131,1,138,1054
131,1,139,1054
131,1,139,1053
131,1,140,1053
131,1,141,1053
131,1,141,1052
131,1,142,1052
131,1,142,1051
131,1,143,1051
131,1,144,1051
131,1,145,1051
131,1,144,1051
131,1,145,1051
131,1,145,1050
131,1,146,1050
131,1,147,1050
131,1,147,1051
131,1,148,1051
131,1,149,1051
131,1,149,1050
131,1,149,1049
131,1,150,1049
131,1,150,1048
131,1,151,1048
131,1,151,1049
131,1,151,1050
131,1,152,1050
131,1,152,1051
131,1,152,1052
131,1,153,1052
131,1,152,1052
131,1,153,1052
131,1,153,1053
131,1,153,1054
131,1,152,1054
131,1,152,1055
131,1,151,1055
131,1,150,1055
131,1,150,1056
131,1,149,1056
131,1,148,1056
131,1,148,1055
131,1,147,1055
131,1,147,1056
131,1,147,1057
131,1,146,1057
131,1,147,1057
131,1,148,1057
131,1,148,1058
131,1,148,1059
131,1,149,1059
131,1,149,1060
131,1,149,1061
131,1,150,1061
131,1,150,1062
131,1,149,1062
131,1,149,1063
131,1,149,1064
131,1,149,1065
131,1,149,1066
131,1,150,1066
131,1,150,1067
131,1,150,1068
131,1,150,1069
131,1,149,1070
131,1,149,1071
131,1,148,1071
131,1,148,1072
131,1,147,1072
131,1,146,1073
131,1,145,1074
131,1,144,1074
131,1,143,1074
131,1,143,1073
131,1,143,1074
131,1,143,1073
131,1,143,1074
131,1,143,1073
131,1,143,1074
131,1,142,1074
131,1,142,1073
131,1,142,1074
131,1,142,1073
131,1,141,1073
131,1,140,1073
131,1,141,1073
131,1,140,1073
131,1,139,1073
131,1,138,1073
131,1,139,1073
131,1,139,1072
131,1,138,1072
131,1,139,1072
131,1,138,1072
131,1,138,1071
131,1,137,1071
131,1,138,1071
131,1,137,1071
131,1,137,1072
131,1,137,1071
131,1,137,1072
131,1,136,1072
131,1,136,1073
131,1,135,1073
131,1,136,1073
131,1,135,1073
131,1,135,1074
131,1,134,1074
131,1,134,1075
131,1,133,1075
131,1,133,1076
131,1,132,1076
131,1,131,1076
131,1,131,1077
131,1,130,1077
131,1,130,1078
131,1,129,1078
131,1,128,1078
131,1,127,1078
131,1,127,1077
131,1,126,1077
131,1,126,1076
131,1,125,1076
131,1,126,1076
131,1,125,1075
131,1,125,1076
131,1,125,1075
131,1,125,1074
131,1,124,1074
131,1,123,1074
131,1,123,1073
131,1,122,1073
131,1,122,1072
131,1,121,1072
131,1,120,1072
131,1,120,1073
131,1,119,1073
131,1,118,1073
131,1,118,1074
131,1,118,1075
131,1,118,1074
131,1,118,1075
131,1,117,1075
131,1,118,1075
131,1,118,1076
131,1,117,1076
131,1,117,1075
131,1,116,1075
131,1,116,1076
131,1,115,1076
131,1,115,1077
131,1,115,1078
131,1,114,1078
131,1,114,1079
131,1,114,1080
131,1,114,1081
131,1,114,1082
131,1,114,1083
131,1,113,1083
131,1,113,1084
131,1,113,1085
131,1,113,1084
131,1,112,1084
131,1,113,1084
131,1,112,1084
131,1,112,1083
131,1,111,1083
131,1,110,1084
131,1,109,1084
131,1,109,1085
131,1,108,1085
131,1,108,1086
131,1,107,1086
131,1,107,1087
131,1,106,1087
131,1,106,1088
131,1,105,1088
131,1,105,1089
131,1,104,1089
131,1,104,1090
131,1,103,1090
131,1,103,1091
131,1,103,1092
131,1,103,1093
131,1,104,1094
131,1,103,1094
131,1,102,1094
131,1,101,1094
131,1,101,1093
131,1,100,1093
131,1,99,1093
131,1,99,1094
131,1,100,1094
131,1,100,1095
131,1,100,1096
131,1,101,1096
131,1,102,1096
131,1,101,1096
131,1,100,1096
131,1,99,1096
131,1,98,1096
131,1,99,1095
131,1,98,1095
131,1,98,1096
131,1,98,1097
131,1,98,1098
131,1,98,1099
131,1,98,1098
131,1,99,1098
131,1,100,1098
131,1,100,1099
131,1,101,1099
131,1,101,1100
131,1,100,1100
131,1,99,1100
131,1,99,1101
131,1,99,1102
131,1,99,1103
131,1,100,1103
131,1,101,1103
131,1,101,1104
131,1,101,1103
131,1,101,1104
131,1,100,1104
131,1,100,1105
131,1,100,1106
131,1,100,1107
131,1,101,1107
131,1,102,1107
131,1,102,1108
131,1,102,1107
131,1,103,1106
131,1,103,1107
131,1,104,1107
131,1,104,1108
131,1,104,1109
131,1,105,1109
131,1,105,1110
131,1,104,1110
131,1,104,1109
131,1,103,1109
131,1,103,1110
131,1,103,1111
131,1,104,1111
131,1,105,1111
131,1,105,1112
131,1,105,1113
131,1,104,1113
131,1,103,1113
131,1,103,1114
131,1,104,1114
131,1,104,1115
131,1,103,1115
131,1,102,1115
131,1,102,1116
131,1,102,1115
131,1,102,1116
131,1,102,1115
131,1,102,1116
131,1,101,1116
131,1,100,1116
131,1,99,1116
131,1,99,1117
131,1,99,1118
131,1,100,1118
131,1,101,1118
131,1,102,1118
131,1,103,1118
131,1,102,1118
131,1,102,1119
131,1,101,1119
131,1,101,1120
131,1,101,1121
131,1,102,1121
131,1,102,1122
131,1,103,1122
131,1,103,1123
131,1,104,1123
131,1,104,1122
131,1,104,1123
131,1,104,1124
131,1,105,1124
131,1,105,1125
131,1,105,1126
131,1,105,1127
131,1,106,1127
131,1,106,1128
131,1,107,1128
131,1,107,1129
131,1,107,1130
131,1,107,1129
131,1,107,1130
131,1,106,1130
131,1,107,1131
131,1,107,1132
131,1,108,1132
131,1,108,1133
131,1,109,1133
131,1,110,1133
131,1,111,1134
131,1,112,1134
131,1,113,1134
131,1,114,1134
131,1,115,1134
131,1,116,1134
131,1,116,1133
131,1,117,1133
131,1,118,1133
131,1,119,1133
131,1,119,1132
131,1,120,1132
131,1,120,1133
131,1,121,1133
131,1,121,1132
131,1,122,1132
131,1,122,1131
131,1,122,1130
131,1,123,1129
131,1,123,1130
131,1,123,1131
131,1,124,1131
131,1,124,1132
131,1,124,1133
131,1,124,1134
131,1,125,1134
131,1,125,1135
131,1,125,1136
131,1,125,1137
131,1,125,1138
131,1,126,1138
131,1,126,1139
131,1,126,1140
131,1,126,1141
131,1,126,1142
131,1,126,1143
131,1,125,1143
131,1,125,1144
131,1,125,1143
131,1,125,1144
131,1,124,1144
131,1,124,1145
131,1,123,1145
131,1,123,1146
131,1,122,1146
131,1,123,1147
131,1,123,1148
131,1,123,1149
131,1,123,1150
131,1,124,1150
131,1,123,1150
131,1,123,1151
131,1,124,1151
131,1,124,1152
131,1,124,1153
131,1,123,1153
131,1,123,1154
131,1,123,1155
131,1,123,1156
131,1,122,1156
131,1,122,1157
131,1,121,1157
131,1,121,1156
131,1,121,1157
131,1,121,1156
131,1,120,1156
131,1,120,1157
131,1,120,1156
131,1,119,1156
131,1,119,1157
131,1,120,1157
131,1,121,1157
131,1,122,1157
131,1,122,1158
131,1,123,1158
131,1,123,1159
131,1,122,1159
131,1,123,1159
131,1,124,1159
131,1,124,1158
131,1,124,1159
131,1,125,1159
131,1,125,1158
131,1,126,1158
131,1,127,1158
131,1,126,1158
131,1,126,1157
131,1,127,1157
131,1,127,1156
131,1,128,1156
131,1,129,1156
131,1,130,1156
131,1,130,1155
131,1,131,1155
131,1,132,1155
131,1,132,1156
131,1,132,1155
131,1,133,1155
131,1,133,1154
131,1,134,1154
131,1,135,1154
131,1,135,1153
131,1,136,1153
131,1,137,1153
131,1,137,1152
131,1,137,1153
131,1,137,1154
131,1,137,1155
131,1,137,1156
131,1,138,1156
131,1,138,1155
131,1,138,1156
131,1,138,1157
131,1,139,1157
131,1,139,1156
131,1,139,1157
131,1,140,1157
131,1,139,1157
131,1,140,1157
131,1,139,1157
131,1,140,1157
131,1,139,1157
131,1,139,1158
131,1,140,1158
131,1,140,1159
131,1,140,1158
131,1,140,1159
131,1,140,1158
131,1,141,1158
131,1,141,1157
131,1,141,1158
131,1,142,1158
131,1,142,1157
131,1,141,1157
131,1,142,1157
131,1,142,1156
131,1,143,1156
131,1,143,1157
131,1,143,1158
131,1,142,1158
131,1,143,1158
131,1,144,1158
131,1,144,1159
131,1,145,1160
131,1,145,1161
131,1,145,1162
131,1,145,1163
131,1,146,1163
131,1,146,1164
131,1,146,1165
131,1,146,1166
131,1,147,1166
131,1,147,1167
131,1,148,1167
131,1,149,1167
131,1,149,1166
131,1,150,1166
131,1,150,1165
131,1,149,1165
131,1,149,1164
131,1,149,1163
131,1,149,1162
131,1,149,1161
131,1,150,1161
131,1,150,1160
131,1,150,1159
131,1,150,1158
131,1,151,1158
131,1,151,1159
131,1,151,1158
131,1,152,1158
131,1,152,1157
131,1,153,1157
131,1,153,1156
131,1,154,1156
131,1,155,1156
131,1,154,1156
131,1,154,1157
131,1,153,1157
131,1,153,1158
131,1,153,1159
131,1,152,1159
131,1,152,1160
131,1,153,1160
131,1,153,1161
131,1,154,1161
131,1,154,1162
131,1,154,1163
131,1,154,1164
131,1,155,1164
131,1,156,1164
131,1,157,1164
131,1,157,1163
131,1,158,1163
131,1,159,1163
131,1,160,1163
131,1,160,1162
131,1,161,1162
131,1,162,1162
131,1,163,1162
131,1,163,1161
131,1,164,1161
131,1,165,1161
131,1,166,1161
131,1,166,1160
131,1,166,1159
131,1,167,1159
131,1,167,1160
131,1,167,1161
131,1,166,1161
131,1,167,1161
131,1,166,1162
131,1,166,1163
131,1,166,1164
131,1,165,1164
131,1,164,1164
131,1,164,1165
131,1,163,1165
131,1,163,1166
131,1,162,1166
131,1,162,1167
131,1,161,1167
131,1,161,1168
131,1,160,1169
131,1,160,1170
131,1,160,1171
131,1,160,1172
131,1,161,1172
131,1,161,1173
131,1,160,1173
131,1,160,1172
131,1,160,1173
131,1,159,1173
131,1,159,1174
131,1,159,1175
131,1,159,1176
131,1,158,1176
131,1,158,1177
131,1,158,1178
131,1,158,1179
131,1,157,1180
131,1,157,1181
131,1,157,1182
131,1,158,1182
131,1,158,1183
131,1,158,1184
131,1,158,1185
131,1,157,1185
131,1,157,1184
131,1,157,1183
131,1,156,1183
131,1,156,1184
131,1,155,1184
131,1,154,1184
131,1,154,1185
131,1,153,1186
131,1,152,1186
131,1,151,1186
131,1,151,1187
131,1,150,1187
131,1,150,1188
131,1,149,1188
131,1,149,1189
131,1,148,1189
131,1,148,1190
131,1,147,1190
131,1,147,1191
131,1,146,1191
131,1,146,1192
131,1,145,1193
131,1,146,1193
131,1,145,1193
131,1,145,1194
131,1,146,1194
131,1,145,1194
131,1,146,1194
131,1,145,1194
131,1,146,1194
131,1,146,1195
131,1,145,1195
131,1,146,1195
131,1,145,1195
131,1,144,1195
131,1,143,1195
131,1,143,1194
131,1,143,1193
131,1,144,1193
131,1,143,1193
131,1,143,1194
131,1,142,1194
131,1,142,1195
131,1,141,1195
131,1,140,1195
131,1,140,1196
131,1,139,1196
131,1,138,1196
131,1,137,1196
131,1,137,1197
131,1,136,1197
131,1,135,1197
131,1,134,1197
131,1,134,1198
131,1,133,1198
131,1,132,1199
131,1,131,1199
131,1,131,1200
131,1,130,1200
131,1,129,1200
131,1,129,1201
131,1,128,1201
131,1,127,1201
131,1,127,1202
131,1,127,1203
131,1,126,1203
131,1,126,1204
131,1,126,1205
131,1,125,1205
131,1,125,1206
131,1,124,1206
131,1,125,1206
131,1,125,1207
131,1,124,1207
131,1,125,1207
131,1,125,1208
131,1,126,1208
131,1,126,1209
131,1,127,1209
131,1,126,1209
131,1,126,1210
131,1,127,1210
131,1,126,1210
131,1,127,1210
131,1,127,1211
131,1,127,1210
131,1,127,1211
131,1,126,1210
131,1,125,1210
131,1,125,1209
131,1,125,1208
131,1,124,1208
131,1,125,1208
131,1,124,1208
131,1,123,1208
131,1,122,1208
131,1,122,1207
131,1,122,1208
131,1,122,1209
131,1,122,1210
131,1,122,1209
131,1,122,1210
131,1,123,1210
131,1,122,1210
131,1,123,1210
131,1,122,1210
131,1,123,1210
131,1,123,1211
131,1,123,1210
131,1,122,1210
131,1,122,1211
131,1,123,1211
131,1,122,1211
131,1,122,1210
131,1,121,1210
131,1,122,1210
131,1,121,1210
131,1,121,1209
131,1,120,1209
131,1,120,1208
131,1,120,1207
131,1,121,1207
131,1,120,1207
131,1,120,1206
131,1,121,1206
131,1,121,1207
131,1,121,1206
131,1,122,1206
131,1,121,1206
131,1,122,1206
131,1,122,1205
131,1,121,1205
131,1,121,1206
131,1,120,1206
131,1,119,1206
131,1,119,1205
131,1,119,1206
131,1,118,1205
131,1,117,1205
131,1,118,1205
131,1,119,1205
131,1,120,1205
131,1,119,1205
131,1,118,1205
131,1,117,1205
131,1,116,1205
131,1,115,1205
131,1,114,1205
131,1,113,1205
131,1,112,1205
131,1,112,1206
131,1,111,1206
131,1,110,1206
131,1,110,1207
131,1,109,1207
131,1,108,1207
131,1,107,1208
131,1,106,1208
131,1,106,1209
131,1,105,1209
131,1,105,1210
131,1,104,1210
131,1,104,1211
131,1,103,1211
131,1,104,1211
131,1,103,1211
131,1,103,1212
131,1,103,1213
131,1,103,1212
131,1,103,1213
131,1,102,1213
131,1,102,1212
131,1,102,1213
131,1,101,1213
131,1,100,1213
131,1,100,1214
131,1,99,1214
131,1,99,1215
131,1,98,1215
131,1,97,1215
131,1,97,1214
131,1,98,1214
131,1,97,1214
131,1,97,1215
131,1,96,1215
131,1,95,1215
131,1,94,1215
131,1,94,1216
131,1,93,1216
131,1,94,1216
131,1,94,1215
131,1,94,1216
131,1,94,1217
131,1,94,1218
131,1,94,1219
131,1,94,1218
131,1,94,1219
131,1,94,1218
131,1,93,1218
131,1,93,1219
131,1,93,1220
131,1,93,1219
131,1,93,1220
131,1,92,1220
131,1,93,1220
131,1,92,1220
131,1,92,1221
131,1,93,1221
131,1,93,1220
131,1,94,1220
131,1,95,1220
131,1,95,1219
131,1,96,1219
131,1,96,1218
131,1,95,1218
131,1,95,1217
131,1,95,1216
131,1,96,1216
131,1,97,1216
131,1,97,1217
131,1,97,1218
131,1,97,1219
131,1,98,1219
131,1,97,1219
131,1,98,1219
131,1,98,1220
131,1,99,1220
131,1,99,1219
131,1,100,1219
131,1,101,1219
131,1,101,1220
131,1,101,1219
131,1,101,1218
131,1,101,1217
131,1,101,1216
131,1,101,1215
131,1,100,1215
131,1,101,1215
131,1,101,1214
131,1,102,1214
131,1,102,1215
131,1,103,1215
131,1,103,1216
131,1,103,1217
131,1,103,1218
131,1,104,1218
131,1,103,1218
131,1,103,1217
131,1,102,1217
131,1,102,1218
131,1,102,1219
131,1,103,1219
131,1,104,1219
131,1,105,1219
131,1,105,1218
131,1,106,1217
131,1,106,1218
131,1,106,1219
131,1,107,1219
131,1,108,1219
131,1,108,1218
131,1,107,1217
131,1,108,1217
131,1,107,1217
131,1,107,1216
131,1,108,1216
131,1,108,1217
131,1,109,1217
131,1,109,1216
131,1,110,1216
131,1,110,1215
131,1,111,1215
131,1,111,1214
131,1,111,1213
131,1,112,1213
131,1,112,1212
131,1,112,1211
131,1,113,1211
131,1,112,1211
131,1,113,1211
131,1,113,1210
131,1,114,1210
131,1,115,1210
131,1,115,1211
131,1,115,1212
131,1,114,1212
131,1,114,1213
131,1,114,1214
131,1,113,1214
131,1,113,1215
131,1,114,1215
131,1,115,1215
131,1,115,1216
131,1,116,1216
131,1,116,1215
131,1,117,1215
131,1,118,1215
131,1,119,1215
131,1,119,1214
131,1,120,1213
131,1,120,1214
131,1,120,1215
131,1,121,1215
131,1,122,1215
131,1,122,1214
131,1,121,1214
131,1,121,1213
131,1,122,1213
131,1,122,1214
131,1,122,1213
131,1,123,1213
131,1,123,1214
131,1,123,1215
131,1,124,1215
131,1,124,1214
131,1,124,1213
131,1,125,1213
131,1,125,1212
131,1,126,1213
131,1,126,1212
131,1,127,1212
131,1,127,1213
131,1,127,1212
131,1,127,1213
131,1,128,1213
131,1,128,1212
131,1,128,1211
131,1,128,1212
131,1,129,1212
131,1,128,1212
131,1,129,1212
131,1,129,1211
131,1,129,1210
131,1,129,1211
131,1,130,1211
131,1,130,1210
131,1,130,1211
131,1,131,1211
131,1,131,1210
131,1,132,1210
131,1,133,1210
131,1,133,1211
131,1,133,1212
131,1,132,1212
131,1,132,1213
131,1,133,1213
131,1,132,1213
131,1,132,1214
131,1,132,1213
131,1,132,1214
131,1,133,1214
131,1,132,1214
131,1,131,1214
131,1,132,1214
131,1,132,1215
131,1,131,1215
131,1,132,1215
131,1,133,1215
131,1,132,1215
131,1,133,1215
131,1,133,1214
131,1,134,1214
131,1,133,1214
131,1,133,1213
131,1,134,1213
131,1,133,1213
131,1,134,1213
131,1,134,1212
131,1,134,1211
131,1,134,1210
131,1,134,1211
131,1,134,1210
131,1,135,1210
131,1,135,1211
131,1,135,1212
131,1,135,1211
131,1,135,1210
131,1,136,1210
131,1,136,1211
131,1,137,1211
131,1,137,1210
131,1,138,1210
131,1,139,1210
131,1,139,1211
131,1,139,1210
131,1,140,1210
131,1,141,1210
131,1,141,1209
131,1,142,1209
131,1,141,1209
131,1,142,1209
131,1,143,1209
131,1,142,1209
131,1,143,1209
131,1,143,1210
131,1,142,1210
131,1,143,1210
131,1,143,1209
131,1,143,1210
131,1,143,1209
131,1,143,1210
131,1,143,1209
131,1,143,1208
131,1,143,1207
131,1,143,1206
131,1,143,1207
131,1,144,1207
131,1,143,1207
131,1,144,1207
131,1,145,1207
131,1,145,1206
131,1,144,1206
131,1,145,1206
131,1,146,1206
131,1,145,1206
131,1,145,1207
131,1,144,1207
131,1,144,1208
131,1,144,1209
131,1,145,1209
131,1,145,1208
131,1,145,1209
131,1,144,1209
131,1,144,1210
131,1,145,1210
131,1,145,1209
131,1,145,1210
131,1,146,1210
131,1,146,1209
131,1,145,1209
131,1,145,1208
131,1,145,1207
131,1,145,1208
131,1,145,1207
131,1,146,1207
131,1,146,1208
131,1,146,1209
131,1,146,1208
131,1,146,1207
131,1,146,1206
131,1,146,1207
131,1,146,1208
131,1,147,1208
131,1,147,1207
131,1,148,1207
131,1,148,1206
131,1,149,1206
131,1,148,1206
131,1,147,1206
131,1,147,1207
131,1,147,1206
131,1,146,1206
131,1,147,1206
131,1,146,1206
131,1,146,1205
131,1,147,1205
131,1,147,1206
131,1,147,1205
131,1,147,1206
131,1,147,1205
131,1,148,1205
131,1,148,1204
131,1,147,1204
131,1,146,1204
131,1,147,1204
131,1,146,1204
131,1,146,1203
131,1,146,1202
131,1,147,1202
131,1,147,1201
131,1,148,1201
131,1,148,1202
131,1,149,1202
131,1,150,1202
131,1,150,1201
131,1,149,1201
131,1,150,1201
131,1,151,1201
131,1,151,1202
131,1,151,1201
131,1,151,1202
131,1,152,1202
131,1,153,1202
131,1,153,1201
131,1,153,1202
131,1,153,1201
131,1,152,1201
131,1,152,1200
131,1,151,1200
131,1,151,1201
131,1,151,1200
131,1,151,1201
131,1,150,1201
131,1,150,1200
131,1,151,1200
131,1,152,1200
131,1,152,1199
131,1,153,1199
131,1,154,1199
131,1,154,1200
131,1,155,1200
131,1,156,1200
131,1,157,1200
131,1,156,1200
131,1,156,1199
131,1,156,1198
131,1,157,1198
131,1,157,1197
131,1,157,1196
131,1,158,1196
131,1,158,1197
131,1,159,1197
131,1,159,1198
131,1,160,1198
131,1,160,1197
131,1,161,1197
131,1,161,1196
131,1,162,1196
131,1,162,1195
131,1,163,1195
131,1,163,1196
131,1,164,1196
131,1,164,1195
131,1,164,1194
131,1,165,1194
131,1,165,1195
131,1,165,1194
131,1,165,1195
131,1,166,1195
131,1,166,1194
131,1,167,1194
131,1,167,1193
131,1,168,1193
131,1,167,1193
131,1,168,1193
131,1,168,1192
131,1,169,1192
131,1,168,1192
131,1,168,1191
131,1,169,1191
131,1,169,1190
131,1,169,1189
131,1,168,1189
131,1,167,1190
131,1,167,1189
131,1,168,1189
131,1,167,1189
131,1,168,1189
131,1,168,1188
131,1,169,1188
131,1,169,1187
131,1,170,1187
131,1,171,1187
131,1,172,1187
131,1,171,1187
131,1,172,1188
131,1,172,1187
131,1,172,1188
131,1,172,1187
131,1,172,1186
131,1,172,1185
131,1,173,1185
131,1,173,1186
131,1,174,1186
131,1,174,1185
131,1,174,1186
131,1,175,1186
131,1,175,1185
131,1,175,1184
131,1,176,1184
131,1,177,1184
131,1,176,1183
131,1,177,1183
131,1,177,1182
131,1,178,1182
131,1,178,1183
131,1,179,1183
131,1,180,1183
131,1,179,1183
131,1,179,1182
131,1,180,1182
131,1,179,1182
131,1,179,1181
131,1,180,1181
131,1,180,1182
131,1,180,1181
131,1,181,1181
131,1,180,1181
131,1,181,1181
131,1,182,1181
131,1,182,1180
131,1,182,1179
131,1,182,1180
131,1,182,1179
131,1,183,1179
131,1,184,1179
131,1,184,1178
131,1,184,1179
131,1,185,1179
131,1,185,1178
131,1,186,1178
131,1,186,1179
131,1,187,1179
131,1,187,1178
131,1,187,1177
131,1,187,1178
131,1,187,1177
131,1,188,1177
131,1,188,1178
131,1,188,1177
131,1,188,1176
131,1,188,1177
131,1,189,1177
131,1,189,1178
131,1,190,1178
131,1,189,1178
131,1,189,1177
131,1,190,1177
131,1,191,1177
131,1,190,1177
131,1,190,1176
131,1,191,1176
131,1,191,1175
131,1,190,1175
131,1,191,1175
131,1,192,1175
131,1,192,1174
131,1,191,1174
131,1,190,1174
131,1,190,1175
131,1,190,1174
131,1,189,1174
131,1,190,1174
131,1,191,1174
131,1,191,1173
131,1,192,1173
131,1,193,1173
131,1,193,1172
131,1,193,1173
131,1,192,1172
131,1,192,1171
131,1,193,1171
131,1,194,1171
131,1,194,1170
131,1,194,1169
131,1,195,1169
131,1,196,1169
131,1,197,1169
131,1,197,1168
131,1,198,1168
131,1,198,1167
131,1,198,1168
131,1,199,1167
131,1,199,1166
131,1,199,1165
131,1,200,1165
131,1,200,1164
131,1,199,1164
131,1,199,1163
131,1,199,1162
131,1,198,1162
131,1,198,1163
131,1,198,1162
131,1,197,1162
131,1,197,1161
131,1,196,1161
131,1,197,1161
131,1,196,1161
131,1,195,1161
131,1,194,1161
131,1,193,1161
131,1,192,1161
131,1,192,1160
131,1,193,1160
131,1,192,1160
131,1,193,1160
131,1,192,1160
131,1,193,1160
131,1,192,1160
131,1,193,1160
131,1,192,1160
131,1,192,1159
131,1,192,1160
131,1,192,1159
131,1,193,1159
131,1,193,1158
131,1,193,1159
131,1,193,1158
131,1,193,1157
131,1,193,1156
131,1,194,1156
131,1,195,1156
131,1,195,1155
131,1,195,1156
131,1,194,1156
131,1,193,1156
131,1,193,1155
131,1,194,1155
131,1,195,1155
131,1,196,1155
131,1,196,1154
131,1,196,1155
131,1,197,1154
131,1,197,1153
131,1,197,1152
131,1,198,1152
131,1,199,1152
131,1,199,1151
131,1,198,1151
131,1,198,1150
131,1,199,1150
131,1,198,1150
131,1,199,1150
131,1,199,1151
131,1,200,1151
131,1,200,1150
131,1,200,1149
131,1,201,1149
131,1,201,1150
131,1,200,1150
131,1,200,1151
131,1,201,1151
131,1,202,1151
131,1,203,1151
131,1,203,1150
131,1,204,1150
131,1,204,1149
131,1,204,1148
131,1,203,1148
131,1,202,1148
131,1,202,1147
131,1,203,1147
131,1,204,1147
131,1,205,1147
131,1,206,1147
131,1,207,1147
131,1,207,1146
131,1,207,1145
131,1,208,1145
131,1,208,1144
131,1,208,1143
131,1,207,1143
131,1,207,1142
131,1,206,1141
131,1,207,1141
131,1,208,1141
131,1,209,1141
131,1,209,1140
131,1,210,1140
131,1,210,1139
131,1,211,1139
131,1,211,1138
131,1,212,1138
131,1,211,1138
131,1,211,1137
131,1,211,1136
131,1,212,1136
131,1,212,1135
131,1,213,1135
131,1,213,1134
131,1,213,1133
131,1,214,1133
131,1,215,1133
131,1,215,1132
131,1,216,1132
131,1,216,1133
131,1,216,1132
131,1,216,1131
131,1,216,1130
131,1,217,1130
131,1,217,1129
131,1,218,1128
131,1,219,1128
131,1,220,1128
131,1,220,1127
131,1,221,1127
131,1,222,1127
131,1,222,1126
131,1,222,1125
131,1,223,1125
131,1,223,1124
131,1,224,1124
131,1,225,1124
131,1,226,1124
131,1,226,1123
131,1,227,1123
131,1,227,1124
131,1,228,1124
131,1,229,1124
131,1,230,1124
131,1,231,1124
131,1,232,1124
131,1,232,1123
131,1,232,1122
131,1,233,1122
131,1,233,1121
131,1,234,1121
131,1,234,1120
131,1,235,1120
131,1,236,1120
131,1,236,1119
131,1,237,1119
131,1,237,1120
131,1,238,1120
131,1,237,1120
131,1,236,1121
131,1,235,1121
131,1,235,1122
131,1,234,1122
131,1,234,1123
131,1,233,1123
131,1,233,1124
131,1,232,1124
131,1,232,1125
131,1,231,1125
131,1,231,1126
131,1,232,1126
131,1,232,1127
131,1,233,1127
131,1,233,1128
131,1,234,1128
131,1,235,1129
131,1,236,1129
131,1,237,1129
131,1,237,1130
131,1,238,1130
131,1,239,1130
131,1,239,1131
131,1,240,1131
131,1,240,1132
131,1,240,1131
131,1,239,1131
131,1,238,1131
131,1,238,1130
131,1,237,1130
131,1,236,1130
131,1,235,1130
131,1,234,1130
131,1,234,1129
131,1,233,1129
131,1,232,1129
131,1,232,1130
131,1,231,1130
131,1,231,1131
131,1,231,1130
131,1,230,1130
131,1,229,1130
131,1,229,1129
131,1,229,1128
131,1,228,1128
131,1,227,1128
131,1,226,1128
131,1,226,1129
131,1,225,1129
131,1,225,1130
131,1,224,1130
131,1,224,1131
131,1,223,1131
131,1,222,1132
131,1,221,1132
131,1,220,1132
131,1,220,1133
131,1,219,1133
131,1,219,1134
131,1,219,1135
131,1,220,1135
131,1,220,1136
131,1,220,1137
131,1,220,1138
131,1,220,1139
131,1,219,1139
131,1,219,1140
131,1,219,1141
131,1,219,1142
131,1,218,1142
131,1,218,1143
131,1,217,1143
131,1,217,1144
131,1,216,1144
131,1,216,1145
131,1,216,1146
131,1,215,1146
131,1,215,1147
131,1,215,1148
131,1,214,1149
131,1,214,1150
131,1,214,1151
131,1,215,1151
131,1,215,1152
131,1,216,1152
131,1,217,1152
131,1,218,1153
131,1,218,1152
131,1,217,1152
131,1,218,1152
131,1,218,1151
131,1,219,1151
131,1,220,1151
131,1,220,1150
131,1,221,1150
131,1,222,1150
131,1,221,1150
131,1,221,1151
131,1,221,1152
131,1,220,1152
131,1,220,1153
131,1,219,1153
131,1,218,1154
131,1,217,1154
131,1,217,1155
131,1,218,1155
131,1,217,1155
131,1,216,1155
131,1,217,1155
131,1,216,1155
131,1,215,1155
131,1,215,1156
131,1,215,1155
131,1,214,1155
131,1,214,1156
131,1,213,1156
131,1,213,1157
131,1,214,1157
131,1,214,1158
131,1,215,1158
131,1,214,1158
131,1,214,1157
131,1,214,1158
131,1,214,1157
131,1,213,1157
131,1,213,1158
131,1,212,1158
131,1,213,1158
131,1,213,1159
131,1,213,1160
131,1,214,1160
131,1,214,1159
131,1,215,1159
131,1,215,1160
131,1,215,1159
131,1,215,1160
131,1,214,1160
131,1,214,1161
131,1,215,1161
131,1,216,1161
131,1,216,1160
131,1,217,1160
131,1,216,1160
131,1,216,1159
131,1,217,1159
131,1,218,1159
131,1,218,1160
131,1,219,1160
131,1,219,1159
131,1,219,1160
131,1,220,1160
131,1,220,1159
131,1,219,1159
131,1,219,1158
131,1,220,1158
131,1,220,1159
131,1,221,1159
131,1,221,1158
131,1,221,1159
131,1,222,1159
131,1,221,1159
131,1,222,1159
131,1,221,1159
131,1,221,1160
131,1,222,1160
131,1,221,1160
131,1,222,1160
131,1,222,1159
131,1,222,1158
131,1,223,1158
131,1,223,1157
131,1,224,1157
131,1,224,1156
131,1,225,1156
131,1,225,1155
131,1,225,1156
131,1,225,1155
131,1,225,1154
131,1,226,1154
131,1,226,1153
131,1,226,1154
131,1,225,1154
131,1,225,1155
131,1,226,1155
131,1,225,1155
131,1,226,1155
131,1,226,1156
131,1,226,1155
131,1,227,1155
131,1,227,1154
131,1,227,1153
131,1,228,1153
131,1,228,1152
131,1,228,1151
131,1,229,1151
131,1,229,1152
131,1,228,1152
131,1,228,1153
131,1,228,1154
131,1,227,1154
131,1,227,1155
131,1,228,1155
131,1,227,1155
131,1,227,1156
131,1,227,1157
131,1,227,1156
131,1,227,1157
131,1,227,1156
131,1,227,1157
131,1,227,1156
131,1,228,1156
131,1,228,1157
131,1,228,1156
131,1,228,1155
131,1,228,1156
131,1,228,1155
131,1,229,1155
131,1,229,1154
131,1,229,1155
131,1,229,1154
131,1,230,1154
131,1,229,1154
131,1,229,1153
131,1,230,1153
131,1,230,1152
131,1,229,1152
131,1,230,1152
131,1,230,1153
131,1,231,1153
131,1,231,1152
131,1,230,1152
131,1,231,1152
131,1,231,1151
131,1,230,1151
131,1,230,1150
131,1,230,1151
131,1,230,1150
131,1,230,1149
131,1,230,1150
131,1,231,1150
131,1,232,1151
131,1,232,1152
131,1,232,1151
131,1,233,1151
131,1,233,1152
131,1,232,1152
131,1,233,1152
131,1,232,1152
131,1,233,1152
131,1,233,1153
131,1,233,1152
131,1,233,1151
131,1,233,1150
131,1,232,1150
131,1,232,1149
131,1,233,1149
131,1,233,1150
131,1,233,1149
131,1,233,1148
131,1,233,1147
131,1,234,1147
131,1,234,1148
131,1,234,1149
131,1,234,1150
131,1,234,1151
131,1,234,1150
131,1,234,1151
131,1,235,1151
131,1,235,1152
131,1,235,1151
131,1,235,1150
131,1,234,1150
131,1,235,1150
131,1,235,1151
131,1,234,1151
131,1,234,1150
131,1,234,1149
131,1,235,1149
131,1,234,1149
131,1,235,1149
131,1,235,1148
131,1,236,1148
131,1,236,1147
131,1,236,1146
131,1,236,1145
131,1,236,1144
131,1,236,1145
131,1,237,1145
131,1,237,1146
131,1,237,1147
131,1,237,1148
131,1,237,1149
131,1,237,1148
131,1,238,1148
131,1,237,1148
131,1,238,1148
131,1,237,1148
131,1,238,1148
131,1,238,1147
131,1,237,1147
131,1,238,1147
131,1,238,1146
131,1,239,1146
131,1,239,1145
131,1,239,1146
131,1,239,1147
131,1,240,1147
131,1,241,1147
131,1,241,1148
131,1,241,1147
131,1,242,1147
131,1,242,1148
131,1,242,1147
131,1,242,1148
131,1,243,1148
131,1,242,1148
131,1,243,1148
131,1,243,1147
131,1,244,1147
131,1,244,1146
131,1,244,1147
131,1,244,1146
131,1,244,1147
131,1,244,1148
131,1,245,1148
131,1,245,1147
131,1,245,1146
131,1,244,1146
131,1,245,1146
131,1,245,1145
131,1,245,1144
131,1,245,1143
131,1,246,1143
131,1,246,1144
131,1,246,1145
131,1,247,1145
131,1,246,1145
131,1,246,1146
131,1,247,1146
131,1,246,1146
131,1,247,1146
131,1,247,1145
131,1,248,1145
131,1,248,1144
131,1,248,1143
131,1,248,1144
131,1,247,1144
131,1,247,1143
131,1,247,1144
131,1,247,1143
131,1,248,1143
131,1,247,1143
131,1,247,1142
131,1,247,1143
131,1,247,1144
131,1,247,1143
131,1,246,1143
131,1,246,1142
131,1,246,1143
131,1,246,1142
131,1,247,1142
131,1,246,1142
131,1,246,1143
131,1,245,1143
131,1,246,1143
131,1,245,1143
131,1,244,1143
131,1,245,1143
131,1,245,1142
131,1,245,1141
131,1,245,1142
131,1,246,1142
131,1,246,1141
131,1,247,1141
131,1,247,1140
131,1,247,1141
131,1,247,1140
131,1,248,1140
131,1,248,1139
131,1,249,1139
131,1,249,1138
131,1,249,1139
131,1,249,1138
131,1,249,1139
131,1,248,1139
131,1,248,1138
131,1,249,1138
131,1,248,1138
131,1,249,1138
131,1,249,1137
131,1,248,1137
131,1,248,1136
131,1,247,1136
131,1,247,1137
131,1,247,1138
131,1,247,1137
131,1,246,1137
131,1,246,1138
131,1,246,1139
131,1,246,1138
131,1,245,1138
131,1,246,1138
131,1,245,1138
131,1,245,1137
131,1,244,1137
131,1,243,1137
131,1,243,1138
131,1,243,1139
131,1,242,1139
131,1,242,1138
131,1,243,1138
131,1,243,1137
131,1,244,1137
131,1,244,1136
131,1,245,1136
131,1,245,1137
131,1,246,1137
131,1,246,1136
131,1,247,1136
131,1,247,1135
131,1,246,1135
131,1,246,1134
131,1,247,1134
131,1,247,1135
131,1,248,1135
131,1,248,1134
131,1,247,1134
131,1,248,1134
131,1,248,1133
131,1,247,1133
131,1,246,1133
131,1,247,1133
131,1,246,1133
131,1,246,1134
131,1,245,1134
131,1,245,1135
131,1,245,1136
131,1,245,1135
131,1,245,1134
131,1,245,1133
131,1,244,1133
131,1,243,1133
131,1,243,1134
131,1,243,1135
131,1,242,1135
131,1,243,1135
131,1,242,1135
131,1,242,1134
131,1,243,1134
131,1,243,1133
131,1,244,1133
131,1,245,1132
131,1,244,1132
131,1,244,1133
131,1,244,1132
131,1,243,1132
131,1,243,1133
131,1,242,1133
131,1,242,1132
131,1,243,1132
131,1,244,1132
131,1,245,1132
131,1,246,1132
131,1,245,1132
131,1,245,1131
131,1,246,1131
131,1,246,1132
131,1,246,1131
131,1,246,1130
131,1,246,1129
131,1,246,1130
131,1,246,1129
131,1,247,1129
131,1,247,1130
131,1,247,1129
131,1,247,1128
131,1,247,1127
131,1,247,1128
131,1,246,1128
131,1,245,1128
131,1,245,1129
131,1,245,1128
131,1,246,1128
131,1,246,1127
131,1,246,1128
131,1,246,1127
131,1,247,1127
131,1,247,1126
131,1,247,1127
131,1,247,1128
131,1,248,1128
131,1,248,1129
131,1,248,1128
131,1,248,1127
131,1,249,1127
131,1,249,1126
131,1,250,1126
131,1,250,1125
131,1,250,1124
131,1,251,1124
131,1,251,1125
131,1,250,1125
131,1,251,1125
131,1,252,1125
131,1,252,1124
131,1,252,1125
131,1,251,1125
131,1,250,1125
131,1,250,1126
131,1,250,1127
131,1,249,1127
131,1,249,1128
131,1,249,1129
131,1,248,1129
131,1,249,1129
131,1,248,1129
131,1,248,1130
131,1,248,1131
131,1,247,1131
131,1,247,1132
131,1,248,1132
131,1,248,1133
131,1,248,1132
131,1,249,1132
131,1,249,1131
131,1,249,1132
131,1,250,1132
131,1,250,1131
131,1,250,1132
131,1,251,1132
131,1,250,1132
131,1,251,1132
131,1,251,1131
131,1,250,1131
131,1,250,1130
131,1,251,1130
131,1,251,1131
131,1,251,1132
131,1,251,1131
131,1,252,1131
131,1,251,1131
131,1,252,1131
131,1,252,1130
131,1,252,1129
131,1,251,1129
131,1,251,1130
131,1,251,1129
131,1,252,1129
131,1,252,1128
131,1,252,1127
131,1,252,1126
131,1,253,1126
131,1,252,1126
131,1,252,1127
131,1,253,1127
131,1,253,1128
131,1,252,1128
131,1,253,1128
131,1,252,1128
131,1,253,1128
131,1,252,1128
131,1,253,1128
131,1,252,1128
131,1,253,1128
131,1,253,1129
131,1,252,1129
131,1,252,1130
131,1,253,1130
131,1,253,1131
131,1,253,1130
131,1,253,1129
131,1,253,1128
131,1,254,1128
131,1,254,1129
131,1,253,1129
131,1,253,1130
131,1,253,1129
131,1,254,1129
131,1,253,1130
131,1,254,1130
131,1,253,1130
131,1,253,1131
131,1,254,1131
131,1,254,1130
131,1,254,1131
131,1,254,1130
131,1,255,1130
131,1,255,1129
131,1,255,1128
131,1,255,1129
131,1,255,1130
131,1,256,1130
131,1,256,1129
131,1,256,1128
131,1,256,1127
131,1,256,1126
131,1,257,1126
131,1,256,1126
131,1,256,1127
131,1,257,1127
131,1,257,1128
131,1,257,1129
131,1,257,1130
131,1,257,1129
131,1,257,1130
131,1,258,1130
131,1,258,1129
131,1,258,1128
131,1,259,1128
131,1,259,1127
131,1,259,1128
131,1,260,1128
131,1,260,1127
131,1,260,1126
131,1,261,1126
131,1,260,1126
131,1,261,1126
131,1,262,1126
131,1,263,1126
131,1,263,1127
131,1,264,1127
131,1,263,1127
131,1,262,1127
131,1,261,1127
131,1,260,1127
131,1,260,1128
131,1,261,1128
131,1,260,1128
131,1,261,1128
131,1,260,1128
131,1,260,1129
131,1,259,1129
131,1,260,1129
131,1,260,1130
131,1,261,1130
131,1,260,1130
131,1,259,1130
131,1,259,1129
131,1,259,1130
131,1,260,1130
131,1,260,1131
131,1,260,1132
131,1,260,1131
131,1,261,1131
131,1,261,1132
131,1,261,1131
131,1,261,1132
131,1,262,1132
131,1,262,1131
131,1,262,1132
131,1,263,1132
131,1,263,1131
131,1,264,1131
131,1,263,1131
131,1,264,1131
131,1,265,1131
131,1,264,1131
131,1,263,1131
131,1,264,1131
131,1,264,1132
131,1,263,1132
131,1,264,1132
131,1,263,1132
131,1,262,1132
131,1,262,1133
131,1,261,1133
131,1,261,1132
131,1,261,1133
131,1,261,1132
131,1,261,1133
131,1,260,1133
131,1,260,1134
131,1,260,1133
131,1,260,1134
131,1,261,1134
131,1,262,1134
131,1,263,1134
131,1,263,1133
131,1,263,1132
131,1,263,1133
131,1,263,1134
131,1,264,1134
131,1,264,1133
131,1,265,1133
131,1,265,1132
131,1,265,1133
131,1,266,1133
131,1,265,1133
131,1,265,1134
131,1,264,1134
131,1,264,1135
131,1,263,1135
131,1,264,1135
131,1,265,1135
131,1,265,1134
131,1,266,1134
131,1,266,1135
131,1,267,1134
131,1,267,1135
131,1,268,1135
131,1,269,1135
131,1,269,1134
131,1,269,1135
131,1,268,1135
131,1,268,1136
131,1,268,1137
131,1,267,1137
131,1,267,1138
131,1,267,1137
131,1,267,1138
131,1,266,1138
131,1,267,1138
131,1,268,1138
131,1,269,1138
131,1,270,1138
131,1,270,1139
131,1,271,1139
131,1,271,1140
131,1,272,1140
131,1,273,1141
131,1,274,1141
131,1,274,1140
131,1,274,1139
131,1,275,1139
131,1,275,1138
131,1,276,1138
131,1,276,1139
131,1,275,1139
131,1,275,1140
131,1,275,1141
131,1,276,1141
131,1,277,1141
131,1,276,1141
131,1,276,1142
131,1,275,1142
131,1,276,1142
131,1,277,1142
131,1,278,1142
131,1,278,1143
131,1,279,1143
131,1,279,1142
131,1,279,1143
131,1,280,1143
131,1,281,1143
131,1,281,1142
131,1,282,1142
131,1,281,1142
131,1,281,1143
131,1,282,1143
131,1,282,1144
131,1,283,1144
131,1,283,1145
131,1,282,1145
131,1,281,1145
131,1,282,1145
131,1,283,1145
131,1,284,1145
131,1,284,1146
131,1,285,1146
131,1,285,1145
131,1,286,1145
131,1,287,1145
131,1,287,1144
131,1,288,1144
131,1,289,1144
131,1,291,1144
131,1,292,1144
131,1,293,1143
131,1,294,1143
131,1,295,1143
131,1,296,1143
131,1,297,1143
131,1,298,1143
131,1,299,1143
131,1,300,1144
131,1,301,1144
131,1,302,1144
131,1,303,1144
131,1,304,1145
131,1,305,1144
131,1,306,1144
131,1,307,1143
131,1,306,1143
131,1,306,1142
131,1,305,1142
131,1,305,1141
131,1,306,1141
131,1,307,1141
131,1,307,1142
131,1,308,1142
131,1,308,1141
131,1,308,1140
131,1,309,1140
131,1,309,1141
131,1,308,1141
131,1,308,1142
131,1,307,1142
131,1,308,1142
131,1,307,1142
131,1,307,1143
131,1,308,1143
131,1,308,1144
131,1,308,1145
131,1,307,1145
131,1,307,1146
131,1,306,1146
131,1,306,1145
131,1,306,1146
131,1,307,1146
131,1,308,1146
131,1,309,1146
131,1,309,1147
131,1,310,1147
131,1,311,1147
131,1,311,1148
131,1,312,1148
131,1,313,1148
131,1,314,1148
131,1,315,1148
131,1,316,1148
131,1,317,1148
131,1,318,1148
131,1,318,1147
131,1,319,1147
131,1,319,1146
131,1,320,1146
131,1,321,1145
131,1,321,1144
131,1,322,1143
131,1,322,1142
131,1,323,1142
131,1,323,1141
131,1,323,1142
131,1,323,1143
131,1,322,1144
131,1,323,1144
131,1,323,1145
131,1,323,1146
131,1,324,1146
131,1,324,1147
131,1,324,1148
131,1,323,1148
131,1,323,1149
131,1,323,1150
131,1,323,1149
131,1,322,1149
131,1,322,1150
131,1,322,1149
131,1,322,1150
131,1,321,1150
131,1,322,1151
131,1,323,1151
131,1,324,1152
131,1,325,1152
131,1,325,1153
131,1,326,1153
131,1,327,1153
131,1,329,1154
131,1,330,1154
131,1,331,1154
131,1,331,1155
131,1,332,1155
131,1,332,1156
131,1,333,1156
131,1,334,1156
131,1,335,1156
131,1,335,1157
131,1,336,1157
131,1,337,1157
131,1,338,1158
131,1,339,1158
131,1,339,1159
131,1,340,1159
131,1,340,1160
131,1,340,1161
131,1,341,1161
131,1,341,1162
131,1,342,1162
131,1,343,1163
131,1,343,1164
131,1,344,1164
131,1,345,1164
131,1,345,1165
131,1,346,1165
131,1,347,1166
131,1,348,1166
131,1,349,1167
131,1,350,1167
131,1,350,1166
131,1,350,1167
131,1,351,1166
131,1,351,1167
131,1,352,1167
131,1,351,1167
131,1,352,1167
131,1,352,1168
131,1,352,1167
131,1,351,1167
131,1,351,1168
131,1,352,1168
131,1,351,1168
131,1,352,1168
131,1,352,1167
131,1,352,1168
131,1,353,1168
131,1,353,1169
131,1,354,1169
131,1,354,1168
131,1,354,1167
131,1,353,1167
131,1,354,1167
131,1,355,1167
131,1,355,1168
131,1,355,1167
131,1,356,1167
131,1,356,1166
131,1,357,1166
131,1,356,1166
131,1,356,1167
131,1,357,1167
131,1,357,1166
131,1,358,1166
131,1,359,1166
131,1,359,1165
131,1,358,1165
131,1,359,1165
131,1,358,1165
131,1,358,1164
131,1,358,1163
131,1,357,1163
131,1,357,1162
131,1,356,1162
131,1,357,1162
131,1,356,1162
131,1,357,1162
131,1,356,1161
131,1,355,1161
131,1,356,1161
131,1,356,1162
131,1,355,1162
131,1,355,1161
131,1,355,1162
131,1,354,1162
131,1,354,1161
131,1,355,1161
131,1,355,1160
131,1,354,1160
131,1,353,1160
131,1,354,1160
131,1,353,1160
131,1,353,1159
131,1,353,1160
131,1,353,1159
131,1,353,1158
131,1,352,1158
131,1,351,1158
131,1,350,1158
131,1,349,1158
131,1,348,1158
131,1,348,1159
131,1,347,1159
131,1,348,1159
131,1,348,1158
131,1,348,1157
131,1,349,1157
131,1,349,1156
131,1,348,1156
131,1,348,1155
131,1,347,1155
131,1,348,1155
131,1,348,1156
131,1,349,1156
131,1,350,1156
131,1,350,1157
131,1,351,1157
131,1,352,1157
131,1,351,1156
131,1,351,1155
131,1,351,1156
131,1,352,1156
131,1,352,1157
131,1,352,1156
131,1,353,1156
131,1,353,1157
131,1,353,1158
131,1,354,1158
131,1,355,1159
131,1,356,1159
131,1,357,1159
131,1,356,1159
131,1,356,1158
131,1,357,1159
131,1,357,1158
131,1,356,1158
131,1,357,1158
131,1,357,1157
131,1,356,1157
131,1,356,1156
131,1,356,1155
131,1,357,1156
131,1,357,1157
131,1,357,1158
131,1,357,1159
131,1,358,1159
131,1,358,1160
131,1,359,1160
131,1,359,1161
131,1,360,1161
131,1,359,1161
131,1,359,1162
131,1,359,1161
131,1,359,1162
131,1,359,1161
131,1,358,1161
131,1,358,1162
131,1,359,1162
131,1,359,1163
131,1,359,1164
131,1,360,1164
131,1,360,1165
131,1,361,1165
131,1,361,1164
131,1,361,1165
131,1,361,1164
131,1,362,1165
131,1,362,1164
131,1,363,1164
131,1,364,1164
131,1,364,1163
131,1,363,1163
131,1,364,1163
131,1,363,1163
131,1,364,1163
131,1,363,1163
131,1,363,1162
131,1,363,1163
131,1,364,1163
131,1,364,1164
131,1,365,1165
131,1,365,1166
131,1,366,1166
131,1,366,1167
131,1,366,1166
131,1,367,1166
131,1,367,1167
131,1,368,1167
131,1,368,1166
131,1,368,1165
131,1,368,1166
131,1,368,1165
131,1,368,1164
131,1,368,1163
131,1,367,1163
131,1,367,1162
131,1,367,1161
131,1,366,1161
131,1,366,1160
131,1,365,1160
131,1,366,1160
131,1,366,1159
131,1,365,1159
131,1,365,1158
131,1,365,1157
131,1,364,1157
131,1,364,1156
131,1,364,1155
131,1,363,1155
131,1,363,1154
131,1,363,1153
131,1,362,1153
131,1,363,1153
131,1,362,1153
131,1,362,1152
131,1,362,1151
131,1,361,1151
131,1,361,1150
131,1,360,1150
131,1,360,1149
131,1,359,1149
131,1,360,1149
131,1,361,1149
131,1,361,1150
131,1,362,1150
131,1,362,1151
131,1,363,1151
131,1,363,1152
131,1,363,1151
131,1,362,1151
131,1,362,1150
131,1,362,1151
131,1,363,1151
131,1,363,1150
131,1,362,1150
131,1,362,1149
131,1,361,1149
131,1,361,1148
131,1,360,1148
131,1,361,1148
131,1,362,1148
131,1,361,1148
131,1,361,1147
131,1,361,1146
131,1,361,1145
131,1,362,1145
131,1,362,1146
131,1,362,1147
131,1,362,1148
131,1,362,1149
131,1,362,1150
131,1,363,1150
131,1,363,1151
131,1,364,1151
131,1,364,1152
131,1,364,1153
131,1,365,1153
131,1,365,1154
131,1,365,1155
131,1,365,1156
131,1,366,1156
131,1,366,1157
131,1,367,1157
131,1,366,1156
131,1,367,1156
131,1,367,1157
131,1,367,1156
131,1,367,1157
131,1,368,1157
131,1,367,1157
131,1,368,1157
131,1,368,1158
131,1,367,1158
131,1,368,1159
131,1,368,1160
131,1,369,1160
131,1,369,1161
131,1,370,1161
131,1,370,1162
131,1,370,1163
131,1,371,1163
131,1,372,1163
131,1,372,1164
131,1,371,1164
131,1,372,1164
131,1,372,1165
131,1,373,1165
131,1,374,1165
131,1,375,1165
131,1,376,1165
131,1,377,1165
131,1,377,1164
131,1,376,1164
131,1,376,1163
131,1,377,1163
131,1,377,1162
131,1,377,1161
131,1,377,1162
131,1,378,1162
131,1,378,1163
131,1,377,1163
131,1,377,1164
131,1,377,1165
131,1,377,1166
131,1,378,1166
131,1,378,1167
131,1,379,1168
131,1,380,1168
131,1,381,1168
131,1,380,1167
131,1,381,1167
131,1,381,1168
131,1,382,1168
131,1,382,1169
131,1,381,1169
131,1,381,1168
131,1,380,1168
131,1,380,1169
131,1,381,1169
131,1,381,1170
131,1,382,1170
131,1,382,1171
131,1,383,1171
131,1,383,1170
131,1,382,1170
131,1,382,1169
131,1,383,1170
131,1,383,1169
131,1,383,1170
131,1,383,1171
131,1,384,1171
131,1,383,1171
131,1,383,1172
131,1,384,1172
131,1,384,1171
131,1,384,1172
131,1,384,1171
131,1,384,1172
131,1,385,1172
131,1,386,1172
131,1,386,1173
131,1,387,1173
131,1,388,1173
131,1,388,1174
131,1,389,1174
131,1,389,1175
131,1,389,1174
131,1,388,1174
131,1,387,1174
131,1,387,1173
131,1,386,1173
131,1,385,1173
131,1,384,1173
131,1,384,1172
131,1,383,1172
131,1,383,1173
131,1,383,1172
131,1,383,1173
131,1,383,1174
131,1,384,1174
131,1,384,1175
131,1,385,1175
131,1,385,1174
131,1,385,1175
131,1,385,1176
131,1,385,1177
131,1,386,1177
131,1,386,1178
131,1,387,1178
131,1,388,1178
131,1,389,1178
131,1,389,1179
131,1,388,1179
131,1,387,1179
131,1,386,1179
131,1,386,1180
131,1,386,1181
131,1,386,1182
131,1,386,1181
131,1,386,1182
131,1,387,1182
131,1,388,1182
131,1,389,1182
131,1,390,1182
131,1,391,1182
131,1,391,1183
131,1,392,1183
131,1,393,1183
131,1,393,1182
131,1,393,1181
131,1,393,1182
131,1,394,1183
131,1,394,1184
131,1,394,1183
131,1,393,1183
131,1,392,1183
131,1,392,1184
131,1,393,1184
131,1,393,1185
131,1,394,1185
131,1,395,1186
131,1,396,1186
131,1,396,1187
131,1,397,1187
131,1,397,1188
131,1,398,1188
131,1,397,1188
131,1,398,1188
131,1,398,1189
131,1,397,1189
131,1,398,1189
131,1,399,1189
131,1,399,1188
131,1,400,1188
131,1,400,1189
131,1,400,1190
131,1,401,1190
131,1,401,1191
131,1,402,1191
131,1,402,1192
131,1,402,1193
131,1,402,1192
131,1,401,1191
131,1,400,1191
131,1,400,1192
131,1,401,1192
131,1,401,1193
131,1,401,1194
131,1,401,1195
131,1,402,1195
131,1,402,1196
131,1,403,1196
131,1,402,1196
131,1,401,1196
131,1,401,1195
131,1,401,1194
131,1,400,1194
131,1,400,1193
131,1,400,1194
131,1,399,1194
131,1,399,1195
131,1,399,1196
131,1,398,1196
131,1,398,1197
131,1,398,1196
131,1,398,1197
131,1,398,1198
131,1,399,1198
131,1,399,1199
131,1,400,1199
131,1,400,1200
131,1,400,1199
131,1,399,1199
131,1,400,1199
131,1,400,1198
131,1,401,1199
131,1,401,1198
131,1,401,1199
131,1,402,1199
131,1,401,1200
131,1,402,1200
131,1,401,1200
131,1,402,1200
131,1,401,1200
131,1,402,1200
131,1,402,1201
131,1,402,1202
131,1,403,1202
131,1,403,1201
131,1,403,1200
131,1,404,1200
131,1,405,1200
131,1,405,1199
131,1,404,1199
131,1,404,1198
131,1,403,1198
131,1,403,1197
131,1,403,1198
131,1,404,1198
131,1,404,1197
131,1,404,1196
131,1,404,1197
131,1,404,1196
131,1,403,1196
131,1,404,1196
131,1,404,1197
131,1,405,1197
131,1,405,1196
131,1,404,1196
131,1,405,1196
131,1,405,1195
131,1,406,1195
131,1,405,1195
131,1,406,1195
131,1,406,1194
131,1,405,1194
131,1,406,1194
131,1,407,1194
131,1,408,1194
131,1,408,1195
131,1,408,1194
131,1,407,1194
131,1,407,1195
131,1,406,1195
131,1,405,1195
131,1,405,1196
131,1,405,1197
131,1,406,1197
131,1,406,1198
131,1,406,1199
131,1,405,1199
131,1,405,1200
131,1,406,1200
131,1,406,1201
131,1,405,1201
131,1,406,1201
131,1,405,1201
131,1,405,1202
131,1,406,1202
131,1,405,1202
131,1,405,1203
131,1,405,1204
131,1,405,1203
131,1,404,1203
131,1,404,1204
131,1,405,1204
131,1,405,1205
131,1,405,1206
131,1,406,1206
131,1,406,1207
131,1,406,1206
131,1,407,1207
131,1,407,1206
131,1,407,1207
131,1,407,1206
131,1,407,1207
131,1,408,1207
131,1,408,1206
131,1,408,1207
131,1,408,1206
131,1,408,1205
131,1,408,1206
131,1,408,1205
131,1,407,1205
131,1,407,1204
131,1,408,1205
131,1,409,1205
131,1,408,1205
131,1,408,1204
131,1,409,1204
131,1,409,1203
131,1,408,1203
131,1,409,1203
131,1,409,1202
131,1,409,1201
131,1,408,1201
131,1,407,1201
131,1,407,1200
131,1,408,1200
131,1,409,1200
131,1,409,1199
131,1,410,1199
131,1,410,1200
131,1,411,1200
131,1,410,1200
131,1,409,1200
131,1,409,1201
131,1,410,1201
131,1,411,1201
131,1,412,1201
131,1,411,1201
131,1,410,1202
131,1,409,1202
131,1,410,1202
131,1,409,1202
131,1,409,1203
131,1,410,1203
131,1,410,1204
131,1,411,1204
131,1,411,1205
131,1,410,1205
131,1,411,1205
131,1,411,1206
131,1,410,1206
131,1,410,1207
131,1,410,1208
131,1,411,1208
131,1,410,1208
131,1,411,1208
131,1,411,1209
131,1,411,1208
131,1,410,1208
131,1,410,1209
131,1,410,1210
131,1,410,1211
131,1,411,1211
131,1,411,1212
131,1,411,1213
131,1,412,1213
131,1,412,1212
131,1,412,1211
131,1,411,1211
131,1,412,1211
131,1,411,1211
131,1,412,1211
131,1,412,1210
131,1,413,1210
131,1,412,1210
131,1,412,1209
131,1,411,1209
131,1,412,1209
131,1,413,1209
131,1,413,1210
131,1,413,1209
131,1,414,1209
131,1,414,1208
131,1,415,1208
131,1,414,1208
131,1,414,1209
131,1,414,1210
131,1,415,1210
131,1,415,1209
131,1,415,1210
131,1,415,1209
131,1,416,1209
131,1,416,1208
131,1,415,1208
131,1,415,1207
131,1,416,1207
131,1,416,1208
131,1,416,1209
131,1,416,1210
131,1,417,1210
131,1,418,1210
131,1,418,1209
131,1,418,1208
131,1,418,1207
131,1,418,1206
131,1,418,1207
131,1,418,1206
131,1,418,1205
131,1,418,1204
131,1,417,1203
131,1,418,1203
131,1,418,1204
131,1,418,1203
131,1,418,1202
131,1,417,1202
131,1,417,1201
131,1,416,1201
131,1,416,1200
131,1,416,1199
131,1,415,1199
131,1,415,1198
131,1,414,1198
131,1,413,1198
131,1,413,1197
131,1,412,1197
131,1,412,1198
131,1,412,1197
131,1,413,1197
131,1,413,1196
131,1,414,1196
131,1,414,1195
131,1,414,1196
131,1,413,1197
131,1,414,1197
131,1,414,1198
131,1,415,1198
131,1,415,1199
131,1,416,1199
131,1,417,1199
131,1,417,1200
131,1,417,1201
131,1,418,1201
131,1,418,1202
131,1,418,1203
131,1,419,1203
131,1,419,1204
131,1,419,1205
131,1,419,1206
131,1,419,1207
131,1,420,1207
131,1,420,1208
131,1,419,1208
131,1,419,1209
131,1,418,1209
131,1,418,1210
131,1,418,1211
131,1,419,1211
131,1,418,1211
131,1,419,1211
131,1,419,1212
131,1,420,1212
131,1,420,1211
131,1,421,1211
131,1,421,1210
131,1,421,1211
131,1,422,1211
131,1,422,1210
131,1,422,1211
131,1,421,1211
131,1,420,1211
131,1,420,1212
131,1,420,1213
131,1,420,1214
131,1,421,1214
131,1,420,1214
131,1,421,1214
131,1,421,1215
131,1,421,1216
131,1,422,1216
131,1,422,1217
131,1,423,1217
131,1,422,1217
131,1,423,1217
131,1,423,1216
131,1,423,1217
131,1,424,1217
131,1,425,1217
131,1,424,1216
131,1,425,1216
131,1,426,1214
131,1,426,1213
131,1,427,1213
131,1,427,1212
131,1,427,1211
131,1,427,1210
131,1,428,1210
131,1,427,1209
131,1,428,1209
131,1,428,1208
131,1,428,1207
131,1,428,1206
131,1,429,1206
131,1,428,1205
131,1,428,1204
131,1,427,1204
131,1,427,1203
131,1,427,1202
131,1,426,1202
131,1,426,1201
131,1,426,1200
131,1,425,1199
131,1,425,1198
131,1,425,1197
131,1,425,1195
131,1,425,1194
131,1,425,1193
131,1,424,1193
131,1,424,1192
131,1,423,1192
131,1,422,1192
131,1,421,1192
131,1,420,1192
131,1,419,1190
131,1,419,1191
131,1,418,1190
131,1,416,1189
131,1,415,1189
131,1,414,1189
131,1,413,1189
131,1,412,1189
131,1,411,1189
131,1,411,1188
131,1,409,1188
131,1,408,1188
131,1,407,1187
131,1,405,1187
131,1,405,1188
131,1,404,1187
131,1,404,1186
131,1,403,1185
131,1,403,1184
131,1,402,1184
131,1,401,1184
131,1,401,1183
131,1,401,1182
131,1,401,1181
131,1,397,1180
131,1,398,1178
131,1,397,1177
131,1,396,1176
131,1,395,1175
131,1,394,1174
131,1,393,1173
131,1,393,1172
131,1,391,1171
131,1,390,1169
131,1,387,1166
131,1,386,1165
131,1,386,1164
131,1,385,1163
131,1,384,1162
131,1,383,1162
131,1,382,1161
131,1,382,1160
131,1,383,1159
131,1,381,1159
131,1,381,1158
131,1,380,1157
131,1,379,1157
131,1,379,1156
131,1,377,1155
131,1,376,1155
131,1,373,1154
131,1,372,1153
131,1,372,1152
131,1,371,1152
131,1,371,1151
131,1,371,1150
131,1,370,1149
131,1,369,1150
131,1,368,1149
131,1,368,1148
131,1,365,1148
131,1,365,1147
131,1,365,1146
131,1,364,1145
131,1,364,1144
131,1,364,1143
131,1,363,1142
131,1,362,1142
131,1,362,1141
131,1,361,1141
131,1,360,1140
131,1,359,1139
131,1,357,1141
131,1,356,1142
131,1,355,1143
131,1,354,1143
131,1,353,1143
131,1,352,1144
131,1,353,1145
131,1,353,1146
131,1,353,1147
131,1,352,1147
131,1,351,1147
131,1,352,1149
131,1,352,1150
131,1,352,1151
131,1,351,1152
131,1,349,1153
131,1,348,1154
131,1,347,1155
131,1,346,1156
131,1,344,1158
131,1,344,1157
131,1,343,1155
131,1,342,1153
131,1,340,1151
131,1,338,1149
131,1,336,1148
131,1,333,1146
131,1,332,1145
131,1,331,1144
131,1,331,1143
131,1,330,1142
131,1,328,1141
131,1,327,1141
131,1,326,1140
131,1,326,1135
131,1,321,1136
131,1,320,1137
131,1,319,1139
131,1,317,1138
131,1,314,1137
131,1,314,1139
131,1,312,1138
131,1,310,1138
131,1,309,1136
131,1,309,1129
131,1,308,1121
131,1,307,1115
131,1,307,1112
131,1,306,1110
131,1,306,1109
131,1,306,1108
131,1,306,1103
131,1,306,1101
131,1,306,1100
131,1,305,1098
131,1,305,1093
131,1,305,1092
131,1,304,1088
131,1,304,1085
131,1,302,1072
131,1,302,1071
131,1,301,1054
131,1,300,1048
131,1,299,1039
131,1,299,1037
131,1,298,1033
131,1,298,1027
131,1,296,1009
131,1,295,1002
131,1,294,998
131,1,294,997
131,1,294,992
131,1,294,991
131,1,293,985
131,1,293,984
131,1,292,978
131,1,292,972
131,1,291,971
131,1,290,971
131,1,290,972
131,1,289,972
131,1,289,971
131,1,288,971
131,1,288,970
131,1,287,970
131,1,287,969
131,1,286,969
131,1,285,969
131,1,284,969
131,1,284,968
131,1,283,968
131,1,283,967
131,1,283,968
131,1,283,967
131,1,282,967
131,1,283,967
131,1,282,967
131,1,281,966
131,1,280,966
131,1,280,965
131,1,279,965
131,1,278,965
131,1,278,964
131,1,277,964
131,1,276,964
131,1,275,964
131,1,274,964
131,1,274,965
131,1,273,965
131,1,272,965
131,1,272,966
131,1,271,966
131,1,270,966
131,1,270,967
131,1,269,967
131,1,269,968
131,1,268,968
131,1,267,968
131,1,266,968
131,1,266,967
131,1,265,967
131,1,266,967
131,1,265,967
131,1,264,967
131,1,264,966
131,1,263,966
131,1,262,966
131,1,262,965
131,1,261,965
131,1,260,965
131,1,259,965
131,1,259,964
131,1,258,964
131,1,257,964
131,1,256,964
131,1,256,965
131,1,256,964
131,1,255,964
131,1,255,965
131,1,254,965
131,1,253,965
131,1,253,964
131,1,253,965
131,1,253,964
131,1,253,965
131,1,253,964
131,1,252,964
131,1,251,964
131,1,250,964
131,1,249,964
131,1,249,963
131,1,250,963
131,1,250,962
131,1,250,963
131,1,249,963
131,1,249,962
131,1,249,963
131,1,249,962
131,1,248,962
131,1,247,962
131,1,246,962
131,1,246,961
131,1,245,961
131,1,245,960
131,1,244,960
131,1,244,961
131,1,244,960
131,1,243,960
131,1,242,960
131,1,242,959
131,1,241,959
131,1,240,959
131,1,240,958
131,1,240,959
131,1,239,959
131,1,238,959
131,1,237,958
131,1,237,959
131,1,236,959
131,1,236,960
131,1,235,960
131,1,234,960
131,1,234,959
131,1,233,959
131,1,232,959
131,1,231,959
131,1,230,960
131,1,230,961
131,1,229,961
131,1,229,960
131,1,228,960
131,1,228,959
131,1,227,959
131,1,226,959
131,1,225,959
131,1,225,958
131,1,225,959
131,1,225,958
131,1,225,959
131,1,226,958
131,1,226,957
131,1,225,957
131,1,224,957
131,1,223,957
131,1,222,957
131,1,221,957
131,1,222,957
131,1,222,956
131,1,222,957
131,1,223,957
131,1,224,957
131,1,224,956
131,1,223,956
131,1,222,956
131,1,222,955
131,1,222,954
131,1,222,955
131,1,222,954
131,1,222,955
131,1,222,954
131,1,223,954
131,1,222,954
131,1,223,954
131,1,223,953
131,1,224,953
131,1,224,952
131,1,223,952
131,1,222,951
131,1,221,951
131,1,220,951
131,1,220,952
131,1,220,951
131,1,219,951
131,1,219,950
131,1,218,950
131,1,217,950
131,1,217,951
131,1,216,951
131,1,215,951
131,1,215,950
131,1,214,950
131,1,214,951
131,1,213,951
131,1,213,952
131,1,212,952
131,1,212,951
131,1,211,951
131,1,210,951
131,1,210,950
131,1,210,949
131,1,210,948
131,1,210,947
131,1,209,947
131,1,209,946
131,1,208,946
131,1,208,945
131,1,207,945
131,1,208,946
131,1,207,946
131,1,206,946
131,1,207,947
131,1,207,948
131,1,206,948
131,1,206,947
131,1,206,948
131,1,205,948
131,1,205,949
131,1,205,950
131,1,204,950
131,1,203,950
131,1,202,950
131,1,202,949
131,1,202,948
131,1,203,948
131,1,203,947
131,1,203,948
131,1,204,948
131,1,204,947
131,1,205,947
131,1,205,946
131,1,205,945
131,1,205,944
131,1,204,944
131,1,203,944
131,1,203,943
131,1,203,944
131,1,202,944
131,1,202,943
131,1,202,942
131,1,201,942
131,1,200,942
131,1,200,941
131,1,200,940
131,1,199,941
131,1,198,941
131,1,198,942
131,1,197,942
131,1,197,943
131,1,196,944
131,1,196,945
131,1,195,945
131,1,195,946
131,1,194,946
131,1,194,947
131,1,193,947
131,1,192,947
131,1,192,948
131,1,191,948
131,1,190,948
131,1,189,948
131,1,188,948
131,1,188,949
131,1,187,949
131,1,187,948
131,1,187,949
131,1,187,948
131,1,187,949
131,1,186,949
131,1,186,948
131,1,185,948
131,1,184,948
131,1,184,949
131,1,184,948
131,1,184,949
131,1,183,949
131,1,183,948
131,1,182,948
131,1,183,948
131,1,184,948
131,1,183,947
131,1,184,947
131,1,185,947
131,1,185,946
131,1,186,946
131,1,185,946
131,1,184,947
131,1,183,947
131,1,182,947
131,1,181,947
131,1,180,947
131,1,180,948
131,1,179,948
131,1,179,949
131,1,178,949
131,1,178,950
131,1,177,950
131,1,177,951
131,1,176,951
131,1,176,952
131,1,175,952
131,1,174,952
131,1,174,953
131,1,173,953
131,1,172,953
131,1,172,954
131,1,171,954
131,1,170,954
131,1,169,954
131,1,168,954
131,1,167,954
131,1,166,953
131,1,165,953
131,1,165,954
131,1,164,954
131,1,163,954
131,1,163,955
131,1,162,955
131,1,162,956
131,1,161,956
131,1,161,957
131,1,160,957
131,1,160,958
131,1,159,958
131,1,159,959
131,1,158,959
131,1,158,960
131,1,157,960
131,1,157,961
131,1,157,962
131,1,156,962
131,1,156,963
131,1,156,964
131,1,155,964
131,1,155,965
131,1,155,966
131,1,155,967
131,1,154,968
131,1,154,969
131,1,153,969
131,1,153,970
131,1,152,970
131,1,152,971
131,1,151,971
131,1,151,972
131,1,150,972
131,1,149,972
131,1,149,973
131,1,148,973
131,1,147,973
131,1,147,974
131,1,146,974
131,1,145,974
131,1,144,974
131,1,143,974
131,1,142,974
131,1,141,974
131,1,141,973
131,1,140,973
131,1,139,973
131,1,138,973
131,1,137,973
131,1,136,973
131,1,136,972
131,1,135,972
131,1,134,972
131,1,134,971
131,1,133,971
131,1,133,972
131,1,133,973
131,1,133,974
131,1,133,975
131,1,132,975
131,1,132,976
131,1,132,977
131,1,131,977
131,1,131,978
131,1,131,979
131,1,130,979
131,1,129,979
131,1,128,979
131,1,127,979
131,1,127,980
131,1,128,980
131,1,129,980
131,1,129,981
131,1,130,981
131,1,130,982
131,1,131,982
131,1,131,983
131,1,131,984
131,1,131,985
131,1,132,985
131,1,132,986
131,1,133,986
131,1,134,987
131,1,135,987
131,1,135,988
131,1,135,989
131,1,136,989
131,1,136,990
131,1,137,990
131,1,137,991
131,1,137,992
131,1,138,992
131,1,138,993
131,1,138,994
131,1,139,994
131,1,139,995
131,1,140,995
131,1,140,996
131,1,141,996
131,1,141,997
131,1,141,998
131,1,141,999
131,1,142,1000
131,1,142,1001
131,1,142,1002
131,1,142,1003
131,1,142,1004
131,1,142,1005
131,1,141,1005
131,1,141,1006
131,1,142,1006
131,1,142,1007
131,1,143,1007
131,1,144,1008
131,1,145,1008
131,1,145,1009
131,1,146,1009
131,1,147,1009
131,1,148,1009
131,1,148,1010
131,1,149,1010
131,1,150,1010
131,1,149,1010
131,1,150,1010
131,1,151,1011
131,1,151,1010
131,1,152,1010
131,1,153,1010
131,1,154,1010
131,1,154,1011
131,1,155,1011
131,1,155,1012
131,1,156,1012
131,1,156,1013
131,1,155,1013
131,1,155,1012
131,1,154,1012
131,1,154,1013
131,1,153,1013
131,1,153,1014
131,1,153,1015
131,1,152,1016
131,1,153,1016
131,1,153,1017
131,1,153,1018
131,1,154,1018
131,1,154,1019
131,1,154,1020
131,1,155,1020
131,1,154,1020
131,1,155,1020
131,1,156,1020
131,1,156,1019
131,1,157,1019
131,1,157,1018
131,1,158,1019
131,1,158,1018
131,1,159,1018
131,1,159,1019
131,1,160,1019
131,1,160,1020
131,1,161,1020
131,1,162,1020
131,1,163,1020
131,1,163,1021
131,1,163,1022
131,1,163,1023
131,1,163,1024
131,1,162,1024
131,1,161,1024
131,1,160,1024
131,1,159,1024
131,1,158,1024
131,1,158,1023
131,1,158,1022
131,1,157,1022
131,1,157,1021
131,1,156,1021
131,1,156,1020
131,1,155,1021
131,1,154,1021
131,1,153,1021
131,1,153,1020
131,1,152,1020
131,1,152,1019
131,1,151,1019
131,1,151,1018
131,1,151,1017
131,1,151,1016
131,1,151,1015
131,1,152,1015
131,1,151,1015
131,1,151,1014
131,1,151,1013
131,1,150,1013
131,1,150,1012
131,1,150,1011
131,1,150,1012
131,1,149,1012
131,1,149,1011
131,1,149,1012
131,1,148,1012
131,1,148,1013
131,1,148,1014
131,1,148,1015
131,1,149,1015
131,1,150,1015
131,1,150,1016
131,1,150,1017
131,1,150,1018
131,1,151,1018
131,1,151,1019
131,1,151,1020
131,1,151,1021
131,1,151,1022
131,1,150,1022
131,1,150,1023
131,1,151,1023
131,1,151,1022
131,1,152,1022
131,1,153,1022
131,1,154,1022
131,1,154,1023
131,1,155,1023
131,1,156,1024
131,1,156,1025
131,1,157,1025
131,1,157,1026
131,1,156,1026
131,1,156,1027
131,1,156,1026
131,1,155,1026
131,1,154,1026
131,1,154,1025
131,1,153,1025
131,1,152,1025
131,1,152,1026
131,1,151,1027
131,1,151,1028
131,1,150,1028
131,1,150,1029
131,1,149,1029
131,1,150,1029
131,1,150,1028
131,1,149,1028
131,1,150,1028
131,1,149,1028
131,1,149,1027
131,1,148,1027
131,1,147,1027
131,1,146,1027
131,1,145,1027
131,1,144,1027
131,1,144,1026
131,1,144,1025
131,1,144,1026
131,1,143,1026
131,1,143,1025
131,1,142,1025
131,1,141,1026
131,1,141,1025
131,1,140,1025
131,1,139,1025
131,1,139,1024
131,1,139,1025
131,1,138,1025
131,1,137,1025
131,1,137,1024
131,1,136,1023
131,1,136,1022
131,1,135,1022
131,1,135,1021
131,1,136,1021
131,1,137,1021
131,1,137,1020
131,1,137,1019
131,1,138,1018
131,1,138,1017
131,1,139,1017
131,1,139,1016
131,1,138,1016
131,1,138,1015
131,1,139,1015
131,1,139,1016
131,1,140,1016
131,1,139,1016
131,1,139,1015
131,1,138,1015
131,1,137,1015
131,1,136,1015
131,1,136,1014
131,1,135,1014
131,1,134,1014
131,1,133,1014
131,1,132,1014
131,1,132,1015
131,1,131,1015
131,1,130,1015
131,1,129,1015
131,1,128,1015
131,1,127,1015
131,1,126,1015
131,1,125,1016
131,1,124,1016
131,1,123,1016
131,1,122,1016
131,1,122,1017
131,1,121,1017
131,1,120,1017
131,1,119,1017
131,1,119,1018
131,1,118,1018
131,1,117,1018
131,1,116,1019
131,1,115,1019
131,1,114,1019
131,1,114,1020
131,1,113,1020
131,1,112,1020
131,1,112,1021
131,1,112,1020
131,1,111,1021
131,1,110,1021
131,1,109,1021
131,1,108,1022
131,1,107,1022
131,1,106,1022
131,1,105,1022
131,1,105,1023
131,1,104,1023
135,1,99,1019
135,1,99,1020
135,1,100,1020
135,1,100,1019
135,1,99,1019
136,1,25,1238
136,1,25,1237
136,1,26,1237
136,1,27,1237
136,1,28,1237
136,1,29,1237
136,1,30,1237
136,1,30,1236
136,1,31,1236
136,1,32,1236
136,1,33,1236
136,1,33,1235
136,1,34,1235
136,1,34,1234
136,1,34,1235
136,1,34,1234
136,1,35,1234
136,1,35,1233
136,1,36,1233
136,1,37,1233
136,1,38,1233
136,1,39,1233
136,1,40,1233
136,1,40,1232
136,1,40,1233
136,1,40,1232
136,1,41,1232
136,1,41,1231
136,1,42,1231
136,1,42,1230
136,1,41,1230
136,1,40,1230
136,1,40,1229
136,1,39,1229
136,1,38,1229
136,1,37,1229
136,1,36,1229
136,1,36,1230
136,1,35,1230
136,1,35,1231
136,1,34,1231
136,1,34,1232
136,1,35,1232
136,1,35,1233
136,1,34,1233
136,1,34,1232
136,1,33,1232
136,1,32,1232
136,1,31,1232
136,1,31,1233
136,1,31,1232
136,1,31,1233
136,1,31,1232
136,1,31,1233
136,1,30,1233
136,1,30,1234
136,1,29,1234
136,1,30,1234
136,1,30,1235
136,1,29,1235
136,1,28,1235
136,1,29,1235
136,1,28,1235
136,1,28,1236
136,1,27,1236
136,1,27,1237
136,1,26,1237
136,1,25,1237
136,1,25,1238
136,1,25,1237
136,1,25,1238
137,1,23,1238
137,1,24,1238
137,1,23,1238
138,1,19,1233
138,1,20,1233
138,1,20,1232
138,1,19,1232
138,1,19,1233
139,1,40,1172
139,1,40,1173
139,1,41,1173
139,1,41,1174
139,1,42,1174
139,1,42,1173
139,1,43,1173
139,1,42,1173
139,1,41,1173
139,1,41,1172
139,1,40,1172
140,1,19,1231
140,1,19,1232
140,1,20,1232
140,1,20,1231
140,1,19,1231
141,1,16,1234
141,1,15,1234
141,1,16,1234
141,1,16,1235
141,1,15,1235
141,1,16,1235
141,1,17,1235
141,1,18,1235
141,1,18,1236
141,1,19,1236
141,1,19,1235
141,1,19,1234
141,1,18,1234
141,1,19,1234
141,1,18,1234
141,1,17,1234
141,1,16,1234
142,1,15,1233
142,1,15,1234
142,1,16,1234
142,1,16,1233
142,1,15,1233
142,1,15,1232
142,1,15,1233
143,1,13,1235
143,1,13,1236
143,1,14,1236
143,1,15,1236
143,1,15,1235
143,1,14,1235
143,1,14,1234
143,1,14,1235
143,1,14,1234
143,1,14,1235
143,1,13,1235
144,1,37,1160
144,1,37,1161
144,1,38,1161
144,1,38,1162
144,1,39,1162
144,1,39,1161
144,1,40,1161
144,1,40,1160
144,1,41,1160
144,1,40,1160
144,1,39,1160
144,1,38,1160
144,1,37,1160
145,1,5,1236
145,1,6,1236
145,1,7,1236
145,1,8,1236
145,1,9,1236
145,1,9,1235
145,1,9,1234
145,1,8,1234
145,1,7,1234
145,1,7,1235
145,1,6,1235
145,1,6,1236
145,1,5,1236
146,1,2,1234
146,1,2,1235
146,1,3,1235
146,1,3,1234
146,1,2,1234
147,1,0,1235
147,1,0,1236
147,1,1,1236
147,1,1,1235
147,1,0,1235
148,1,65,1050
148,1,65,1051
148,1,65,1052
148,1,65,1053
148,1,65,1052
148,1,65,1053
148,1,66,1053
148,1,66,1054
148,1,67,1054
148,1,68,1054
148,1,68,1053
148,1,69,1053
148,1,70,1053
148,1,71,1053
148,1,71,1054
148,1,72,1054
148,1,72,1055
148,1,73,1055
148,1,73,1056
148,1,74,1056
148,1,74,1057
148,1,75,1057
148,1,75,1058
148,1,75,1059
148,1,75,1060
148,1,76,1060
148,1,76,1061
148,1,77,1061
148,1,77,1062
148,1,77,1063
148,1,77,1064
148,1,77,1065
148,1,78,1065
148,1,79,1065
148,1,79,1064
148,1,79,1065
148,1,79,1064
148,1,79,1063
148,1,80,1063
148,1,81,1063
148,1,81,1062
148,1,82,1062
148,1,83,1062
148,1,83,1063
148,1,84,1063
148,1,85,1063
148,1,85,1064
148,1,86,1064
148,1,86,1063
148,1,87,1063
148,1,87,1062
148,1,87,1061
148,1,86,1061
148,1,86,1060
148,1,85,1060
148,1,84,1060
148,1,83,1060
148,1,83,1059
148,1,82,1059
148,1,81,1058
148,1,81,1057
148,1,80,1057
148,1,80,1056
148,1,79,1056
148,1,79,1055
148,1,79,1056
148,1,79,1055
148,1,78,1055
148,1,78,1054
148,1,79,1054
148,1,78,1054
148,1,78,1053
148,1,79,1053
148,1,78,1053
148,1,79,1053
148,1,78,1053
148,1,79,1053
148,1,78,1053
148,1,78,1052
148,1,78,1051
148,1,77,1051
148,1,76,1051
148,1,76,1050
148,1,76,1051
148,1,75,1051
148,1,75,1050
148,1,75,1051
148,1,74,1051
148,1,73,1051
148,1,72,1051
148,1,71,1051
148,1,71,1050
148,1,70,1050
148,1,70,1049
148,1,69,1049
148,1,69,1048
148,1,68,1048
148,1,68,1047
148,1,68,1046
148,1,68,1045
148,1,68,1046
148,1,67,1046
148,1,67,1047
148,1,67,1048
148,1,66,1048
148,1,66,1049
148,1,65,1049
148,1,65,1050
149,1,418,1207
149,1,419,1207
149,1,419,1208
149,1,419,1207
149,1,419,1206
149,1,419,1207
149,1,418,1207
151,1,418,1216
151,1,419,1216
151,1,418,1216
152,1,417,1212
152,1,417,1213
152,1,418,1213
152,1,418,1212
152,1,417,1212
154,1,417,1214
154,1,417,1213
154,1,418,1213
154,1,417,1213
154,1,417,1214
157,1,414,1210
157,1,415,1210
157,1,414,1210
158,1,415,1216
158,1,416,1216
158,1,417,1216
158,1,417,1217
158,1,417,1216
158,1,418,1216
158,1,418,1215
158,1,418,1214
158,1,417,1214
158,1,418,1214
158,1,417,1214
158,1,416,1214
158,1,416,1215
158,1,415,1215
158,1,415,1216
160,1,415,1214
160,1,415,1215
160,1,415,1214
161,1,414,1216
161,1,415,1216
161,1,414,1216
161,1,414,1215
161,1,415,1215
161,1,414,1215
161,1,414,1216
162,1,413,1214
162,1,413,1215
162,1,414,1215
162,1,414,1214
162,1,414,1215
162,1,414,1214
162,1,414,1213
162,1,415,1213
162,1,415,1214
162,1,416,1214
162,1,416,1213
162,1,416,1212
162,1,416,1211
162,1,415,1211
162,1,415,1210
162,1,415,1211
162,1,415,1210
162,1,415,1211
162,1,414,1211
162,1,414,1210
162,1,413,1210
162,1,413,1211
162,1,413,1212
162,1,414,1212
162,1,414,1213
162,1,414,1212
162,1,413,1212
162,1,413,1213
162,1,414,1213
162,1,413,1213
162,1,414,1214
162,1,413,1214
163,1,412,1209
163,1,413,1209
163,1,412,1209
165,1,409,1200
165,1,410,1200
165,1,410,1199
165,1,409,1199
165,1,409,1200
167,1,410,1205
167,1,410,1206
167,1,410,1205
172,1,409,1206
172,1,409,1207
172,1,410,1207
172,1,410,1206
172,1,409,1206
172,1,410,1206
172,1,409,1206
177,1,405,1198
177,1,405,1199
177,1,406,1199
177,1,406,1198
177,1,405,1198
177,1,405,1197
177,1,405,1198
179,1,404,1197
179,1,405,1197
179,1,404,1197
182,1,404,1198
182,1,405,1198
182,1,404,1198
189,1,406,1209
189,1,407,1209
189,1,406,1209
190,1,404,1208
190,1,405,1208
190,1,404,1208
193,1,399,1191
193,1,399,1190
193,1,399,1191
194,1,399,1190
194,1,399,1189
194,1,399,1190
200,1,399,1193
200,1,399,1194
200,1,399,1193
200,1,400,1193
200,1,400,1192
200,1,399,1192
200,1,399,1193
201,1,398,1191
201,1,398,1190
201,1,398,1191
203,1,397,1192
203,1,398,1192
203,1,398,1191
203,1,398,1192
203,1,397,1192
208,1,402,1219
208,1,402,1220
208,1,403,1220
208,1,404,1220
208,1,404,1221
208,1,404,1222
208,1,405,1222
208,1,405,1221
208,1,404,1221
208,1,404,1220
208,1,404,1219
208,1,404,1220
208,1,404,1219
208,1,403,1219
208,1,403,1218
208,1,403,1219
208,1,402,1219
210,1,402,1218
210,1,401,1218
210,1,402,1218
210,1,402,1219
210,1,402,1218
210,1,401,1218
210,1,402,1218
211,1,401,1219
211,1,402,1219
211,1,401,1219
212,1,396,1198
212,1,397,1198
212,1,396,1198
215,1,400,1217
215,1,401,1217
215,1,401,1216
215,1,401,1217
215,1,400,1217
216,1,396,1198
216,1,396,1199
216,1,397,1199
216,1,397,1198
216,1,396,1198
219,1,395,1197
219,1,395,1198
219,1,395,1197
219,1,396,1198
219,1,395,1198
219,1,396,1198
219,1,396,1197
219,1,395,1197
221,1,395,1197
221,1,396,1197
221,1,395,1197
222,1,395,1198
222,1,396,1198
222,1,395,1198
223,1,399,1215
223,1,400,1215
223,1,399,1215
225,1,394,1195
225,1,395,1195
225,1,395,1196
225,1,396,1196
225,1,397,1196
225,1,398,1196
225,1,398,1195
225,1,398,1194
225,1,398,1193
225,1,398,1192
225,1,397,1192
225,1,396,1192
225,1,396,1193
225,1,395,1193
225,1,394,1193
225,1,394,1194
225,1,394,1195
227,1,395,1199
227,1,395,1200
227,1,396,1200
227,1,396,1199
227,1,395,1199
231,1,393,1193
231,1,394,1193
231,1,393,1193
232,1,396,1210
232,1,397,1210
232,1,396,1210
236,1,391,1194
236,1,391,1193
236,1,391,1194
238,1,395,1212
238,1,396,1212
238,1,396,1211
238,1,395,1211
238,1,395,1212
243,1,393,1210
243,1,394,1210
243,1,394,1211
243,1,395,1211
243,1,395,1210
243,1,395,1209
243,1,394,1209
243,1,394,1210
243,1,394,1209
243,1,393,1209
243,1,393,1210
243,1,394,1210
243,1,393,1210
245,1,392,1203
245,1,392,1204
245,1,392,1203
246,1,391,1204
246,1,392,1204
246,1,391,1204
247,1,386,1180
247,1,386,1181
247,1,386,1180
249,1,395,1222
249,1,395,1223
249,1,396,1223
249,1,396,1224
249,1,396,1223
249,1,396,1222
249,1,395,1222
251,1,384,1176
251,1,385,1176
251,1,384,1176
252,1,391,1208
252,1,392,1208
252,1,392,1209
252,1,392,1208
252,1,391,1208
253,1,392,1212
253,1,393,1212
253,1,394,1212
253,1,394,1211
253,1,394,1210
253,1,393,1210
253,1,393,1211
253,1,392,1211
253,1,392,1212
254,1,391,1208
254,1,392,1208
254,1,391,1208
256,1,391,1209
256,1,392,1209
256,1,391,1209
261,1,389,1200
261,1,389,1201
261,1,389,1200
262,1,392,1214
262,1,392,1215
262,1,393,1215
262,1,393,1214
262,1,393,1213
262,1,393,1214
262,1,393,1213
262,1,394,1213
262,1,394,1212
262,1,394,1213
262,1,394,1212
262,1,393,1212
262,1,392,1212
262,1,393,1212
262,1,392,1212
262,1,392,1213
262,1,392,1214
263,1,390,1205
263,1,390,1204
263,1,390,1205
265,1,390,1208
265,1,391,1208
265,1,390,1208
266,1,388,1196
266,1,388,1195
266,1,388,1196
267,1,391,1209
267,1,391,1210
267,1,391,1209
268,1,386,1193
268,1,387,1193
268,1,386,1193
269,1,388,1203
269,1,388,1204
269,1,389,1204
269,1,390,1204
269,1,390,1203
269,1,391,1203
269,1,391,1202
269,1,391,1201
269,1,391,1202
269,1,392,1202
269,1,391,1202
269,1,391,1203
269,1,392,1203
269,1,392,1204
269,1,393,1204
269,1,393,1205
269,1,394,1205
269,1,393,1205
269,1,392,1205
269,1,392,1206
269,1,392,1205
269,1,391,1205
269,1,391,1206
269,1,391,1205
269,1,390,1205
269,1,390,1206
269,1,391,1206
269,1,390,1206
269,1,390,1207
269,1,390,1206
269,1,391,1206
269,1,391,1207
269,1,392,1207
269,1,392,1206
269,1,392,1207
269,1,392,1206
269,1,393,1206
269,1,394,1206
269,1,394,1207
269,1,394,1206
269,1,393,1206
269,1,393,1207
269,1,394,1207
269,1,393,1207
269,1,394,1207
269,1,393,1208
269,1,393,1207
269,1,393,1208
269,1,394,1208
269,1,394,1209
269,1,395,1209
269,1,396,1209
269,1,396,1208
269,1,396,1209
269,1,397,1209
269,1,396,1209
269,1,397,1209
269,1,397,1208
269,1,397,1209
269,1,397,1210
269,1,397,1211
269,1,397,1210
269,1,397,1211
269,1,398,1210
269,1,398,1211
269,1,397,1211
269,1,397,1212
269,1,396,1212
269,1,396,1213
269,1,396,1212
269,1,396,1213
269,1,397,1213
269,1,396,1213
269,1,396,1214
269,1,397,1214
269,1,396,1214
269,1,396,1213
269,1,395,1213
269,1,394,1213
269,1,394,1214
269,1,395,1214
269,1,394,1214
269,1,394,1215
269,1,395,1215
269,1,396,1215
269,1,397,1215
269,1,397,1214
269,1,398,1214
269,1,397,1214
269,1,397,1215
269,1,397,1216
269,1,398,1216
269,1,397,1216
269,1,398,1216
269,1,397,1216
269,1,397,1217
269,1,398,1217
269,1,397,1217
269,1,398,1217
269,1,398,1218
269,1,399,1218
269,1,398,1219
269,1,399,1219
269,1,398,1219
269,1,399,1219
269,1,398,1219
269,1,399,1219
269,1,399,1220
269,1,400,1220
269,1,400,1221
269,1,401,1221
269,1,401,1222
269,1,402,1222
269,1,402,1223
269,1,403,1223
269,1,404,1223
269,1,405,1223
269,1,404,1223
269,1,404,1222
269,1,404,1221
269,1,403,1221
269,1,403,1220
269,1,402,1220
269,1,403,1220
269,1,402,1220
269,1,402,1219
269,1,401,1219
269,1,401,1218
269,1,400,1218
269,1,401,1218
269,1,400,1218
269,1,400,1217
269,1,399,1217
269,1,400,1217
269,1,400,1216
269,1,399,1216
269,1,399,1215
269,1,398,1215
269,1,398,1214
269,1,399,1214
269,1,399,1215
269,1,399,1214
269,1,400,1214
269,1,400,1215
269,1,400,1216
269,1,401,1216
269,1,401,1217
269,1,402,1217
269,1,402,1218
269,1,402,1217
269,1,402,1218
269,1,402,1217
269,1,402,1218
269,1,403,1218
269,1,403,1217
269,1,402,1217
269,1,403,1217
269,1,403,1216
269,1,402,1216
269,1,402,1215
269,1,403,1216
269,1,403,1215
269,1,402,1215
269,1,401,1215
269,1,401,1214
269,1,402,1215
269,1,403,1215
269,1,403,1214
269,1,402,1214
269,1,402,1213
269,1,403,1213
269,1,403,1214
269,1,404,1214
269,1,403,1214
269,1,403,1215
269,1,403,1216
269,1,404,1216
269,1,404,1215
269,1,404,1216
269,1,404,1217
269,1,404,1218
269,1,405,1218
269,1,405,1219
269,1,406,1219
269,1,406,1218
269,1,406,1219
269,1,406,1218
269,1,406,1219
269,1,407,1219
269,1,407,1220
269,1,406,1220
269,1,406,1221
269,1,407,1220
269,1,407,1221
269,1,407,1220
269,1,407,1221
269,1,408,1221
269,1,409,1221
269,1,410,1221
269,1,411,1221
269,1,411,1220
269,1,411,1219
269,1,411,1218
269,1,410,1218
269,1,410,1217
269,1,410,1218
269,1,411,1218
269,1,411,1217
269,1,410,1217
269,1,410,1216
269,1,411,1216
269,1,410,1216
269,1,410,1215
269,1,409,1215
269,1,409,1216
269,1,409,1217
269,1,409,1216
269,1,408,1216
269,1,409,1216
269,1,409,1215
269,1,409,1214
269,1,410,1214
269,1,409,1214
269,1,409,1213
269,1,409,1212
269,1,409,1211
269,1,408,1211
269,1,408,1212
269,1,408,1213
269,1,408,1212
269,1,407,1212
269,1,407,1213
269,1,406,1213
269,1,407,1213
269,1,406,1212
269,1,407,1212
269,1,408,1212
269,1,408,1211
269,1,407,1211
269,1,407,1210
269,1,406,1210
269,1,406,1209
269,1,405,1209
269,1,405,1210
269,1,405,1209
269,1,405,1210
269,1,404,1210
269,1,404,1209
269,1,404,1210
269,1,404,1209
269,1,405,1209
269,1,405,1208
269,1,404,1208
269,1,403,1208
269,1,402,1208
269,1,402,1209
269,1,402,1210
269,1,401,1210
269,1,402,1210
269,1,402,1209
269,1,401,1209
269,1,402,1209
269,1,402,1208
269,1,402,1207
269,1,402,1208
269,1,402,1207
269,1,403,1207
269,1,402,1207
269,1,403,1207
269,1,404,1207
269,1,404,1208
269,1,405,1208
269,1,406,1208
269,1,407,1208
269,1,406,1208
269,1,407,1208
269,1,406,1208
269,1,406,1207
269,1,405,1207
269,1,404,1207
269,1,404,1206
269,1,404,1205
269,1,403,1205
269,1,403,1206
269,1,403,1205
269,1,403,1204
269,1,402,1204
269,1,402,1203
269,1,401,1203
269,1,401,1202
269,1,400,1202
269,1,400,1201
269,1,399,1201
269,1,399,1200
269,1,398,1200
269,1,397,1200
269,1,398,1200
269,1,397,1200
269,1,396,1200
269,1,395,1200
269,1,396,1200
269,1,395,1200
269,1,394,1199
269,1,395,1199
269,1,395,1198
269,1,395,1197
269,1,394,1197
269,1,394,1196
269,1,394,1197
269,1,394,1196
269,1,393,1196
269,1,394,1196
269,1,393,1196
269,1,393,1195
269,1,393,1196
269,1,393,1195
269,1,393,1196
269,1,392,1196
269,1,391,1196
269,1,390,1196
269,1,389,1196
269,1,388,1196
269,1,389,1196
269,1,389,1197
269,1,388,1197
269,1,389,1197
269,1,388,1197
269,1,389,1197
269,1,389,1198
269,1,389,1199
269,1,389,1198
269,1,389,1199
269,1,390,1199
269,1,390,1200
269,1,389,1200
269,1,390,1200
269,1,391,1200
269,1,391,1201
269,1,390,1201
269,1,389,1201
269,1,389,1202
269,1,389,1203
269,1,388,1203
269,1,389,1203
269,1,388,1203
270,1,390,1212
270,1,391,1212
270,1,392,1212
270,1,392,1211
270,1,392,1210
270,1,391,1210
270,1,390,1210
270,1,391,1210
270,1,390,1210
270,1,390,1211
270,1,391,1211
270,1,390,1211
270,1,390,1212
270,1,391,1212
270,1,390,1212
271,1,386,1195
271,1,387,1196
271,1,387,1195
271,1,386,1195
272,1,386,1194
272,1,386,1195
272,1,387,1195
272,1,387,1194
272,1,386,1194
274,1,383,1181
274,1,383,1180
274,1,383,1181
274,1,383,1180
274,1,383,1181
275,1,387,1205
275,1,388,1205
275,1,388,1204
275,1,387,1204
275,1,387,1205
276,1,383,1187
276,1,383,1188
276,1,384,1188
276,1,384,1187
276,1,383,1187
278,1,381,1181
278,1,382,1181
278,1,381,1181
278,1,381,1180
278,1,381,1181
283,1,385,1204
283,1,385,1205
283,1,385,1204
283,1,385,1203
283,1,385,1204
285,1,377,1170
285,1,377,1171
285,1,378,1171
285,1,378,1172
285,1,379,1172
285,1,378,1172
285,1,378,1171
285,1,377,1171
285,1,377,1170
287,1,376,1170
287,1,377,1170
287,1,377,1169
287,1,377,1170
287,1,376,1170
287,1,376,1169
287,1,376,1170
288,1,383,1205
288,1,383,1206
288,1,384,1206
288,1,384,1207
288,1,384,1206
288,1,385,1206
288,1,385,1205
288,1,386,1205
288,1,385,1205
288,1,384,1205
288,1,385,1205
288,1,384,1205
288,1,383,1205
289,1,379,1189
289,1,379,1190
289,1,380,1190
289,1,380,1191
289,1,380,1192
289,1,381,1192
289,1,381,1193
289,1,381,1194
289,1,382,1194
289,1,383,1194
289,1,383,1195
289,1,383,1196
289,1,384,1196
289,1,384,1197
289,1,383,1197
289,1,383,1196
289,1,383,1195
289,1,382,1195
289,1,382,1196
289,1,383,1196
289,1,383,1197
289,1,382,1197
289,1,383,1197
289,1,382,1197
289,1,383,1197
289,1,382,1197
289,1,382,1198
289,1,383,1198
289,1,382,1198
289,1,382,1199
289,1,383,1199
289,1,383,1198
289,1,383,1199
289,1,383,1198
289,1,383,1199
289,1,383,1200
289,1,383,1201
289,1,384,1201
289,1,383,1201
289,1,383,1202
289,1,384,1202
289,1,385,1202
289,1,385,1203
289,1,384,1203
289,1,385,1203
289,1,385,1202
289,1,385,1201
289,1,385,1202
289,1,385,1201
289,1,384,1201
289,1,384,1200
289,1,385,1200
289,1,385,1199
289,1,385,1198
289,1,384,1198
289,1,385,1198
289,1,384,1198
289,1,385,1198
289,1,385,1199
289,1,385,1200
289,1,386,1200
289,1,386,1201
289,1,385,1201
289,1,386,1201
289,1,385,1201
289,1,386,1201
289,1,385,1201
289,1,386,1201
289,1,386,1202
289,1,386,1201
289,1,386,1202
289,1,386,1201
289,1,386,1200
289,1,386,1199
289,1,387,1199
289,1,386,1199
289,1,386,1198
289,1,386,1197
289,1,385,1197
289,1,386,1197
289,1,386,1198
289,1,387,1198
289,1,387,1197
289,1,386,1197
289,1,387,1197
289,1,386,1197
289,1,386,1196
289,1,386,1197
289,1,386,1196
289,1,386,1195
289,1,386,1194
289,1,385,1194
289,1,386,1194
289,1,385,1194
289,1,386,1194
289,1,386,1193
289,1,385,1193
289,1,386,1193
289,1,385,1193
289,1,386,1193
289,1,385,1193
289,1,385,1192
289,1,386,1192
289,1,386,1193
289,1,387,1193
289,1,387,1192
289,1,387,1193
289,1,388,1194
289,1,388,1195
289,1,389,1195
289,1,389,1194
289,1,390,1194
289,1,390,1193
289,1,391,1193
289,1,392,1193
289,1,392,1194
289,1,392,1193
289,1,393,1193
289,1,393,1192
289,1,394,1192
289,1,394,1191
289,1,394,1192
289,1,395,1192
289,1,396,1192
289,1,396,1191
289,1,397,1191
289,1,397,1190
289,1,398,1190
289,1,398,1189
289,1,397,1189
289,1,397,1188
289,1,396,1188
289,1,395,1188
289,1,395,1187
289,1,394,1187
289,1,393,1187
289,1,393,1186
289,1,393,1185
289,1,392,1185
289,1,392,1184
289,1,391,1184
289,1,390,1184
289,1,389,1184
289,1,388,1184
289,1,387,1184
289,1,386,1184
289,1,385,1184
289,1,384,1184
289,1,383,1184
289,1,382,1184
289,1,382,1185
289,1,382,1186
289,1,383,1186
289,1,384,1186
289,1,383,1186
289,1,384,1187
289,1,384,1188
289,1,385,1188
289,1,386,1188
289,1,385,1188
289,1,386,1188
289,1,386,1189
289,1,385,1189
289,1,384,1189
289,1,385,1189
289,1,385,1190
289,1,385,1191
289,1,385,1190
289,1,384,1190
289,1,384,1189
289,1,383,1188
289,1,383,1189
289,1,383,1188
289,1,383,1187
289,1,382,1187
289,1,381,1187
289,1,380,1187
289,1,380,1188
289,1,381,1188
289,1,381,1187
289,1,381,1188
289,1,382,1188
289,1,381,1188
289,1,382,1188
289,1,382,1189
289,1,381,1189
289,1,381,1188
289,1,380,1188
289,1,380,1189
289,1,379,1189
290,1,371,1164
290,1,372,1164
290,1,372,1163
290,1,371,1163
290,1,371,1164
295,1,369,1162
295,1,369,1163
295,1,370,1163
295,1,369,1162
295,1,369,1161
295,1,369,1162
296,1,368,1160
296,1,369,1160
296,1,368,1160
297,1,369,1164
297,1,369,1165
297,1,369,1166
297,1,370,1166
297,1,369,1166
297,1,369,1165
297,1,370,1165
297,1,370,1166
297,1,370,1167
297,1,371,1167
297,1,371,1168
297,1,371,1169
297,1,372,1170
297,1,372,1171
297,1,372,1172
297,1,373,1172
297,1,373,1173
297,1,373,1174
297,1,373,1175
297,1,374,1175
297,1,374,1176
297,1,374,1177
297,1,375,1177
297,1,375,1178
297,1,375,1179
297,1,376,1179
297,1,375,1179
297,1,375,1178
297,1,376,1178
297,1,376,1179
297,1,376,1180
297,1,377,1180
297,1,376,1180
297,1,376,1181
297,1,377,1181
297,1,376,1181
297,1,376,1182
297,1,376,1183
297,1,377,1183
297,1,376,1183
297,1,376,1184
297,1,376,1185
297,1,376,1186
297,1,377,1186
297,1,377,1187
297,1,377,1186
297,1,378,1186
297,1,378,1185
297,1,379,1185
297,1,378,1185
297,1,378,1184
297,1,379,1184
297,1,378,1184
297,1,379,1184
297,1,379,1183
297,1,380,1183
297,1,379,1183
297,1,380,1183
297,1,380,1182
297,1,381,1182
297,1,381,1181
297,1,380,1181
297,1,380,1180
297,1,379,1180
297,1,379,1179
297,1,380,1179
297,1,380,1180
297,1,380,1179
297,1,380,1180
297,1,381,1180
297,1,382,1180
297,1,382,1179
297,1,382,1178
297,1,382,1177
297,1,381,1177
297,1,382,1177
297,1,381,1177
297,1,382,1177
297,1,382,1178
297,1,382,1177
297,1,382,1176
297,1,381,1176
297,1,381,1175
297,1,380,1174
297,1,379,1174
297,1,380,1174
297,1,379,1174
297,1,379,1173
297,1,378,1173
297,1,378,1172
297,1,377,1172
297,1,377,1171
297,1,377,1172
297,1,377,1171
297,1,376,1171
297,1,377,1171
297,1,377,1170
297,1,376,1170
297,1,376,1169
297,1,377,1169
297,1,376,1169
297,1,376,1168
297,1,377,1168
297,1,377,1169
297,1,378,1169
297,1,378,1170
297,1,377,1170
297,1,378,1170
297,1,378,1171
297,1,378,1170
297,1,378,1171
297,1,379,1171
297,1,379,1172
297,1,380,1172
297,1,380,1173
297,1,380,1174
297,1,381,1174
297,1,381,1175
297,1,381,1174
297,1,382,1174
297,1,382,1175
297,1,382,1174
297,1,381,1174
297,1,381,1173
297,1,381,1172
297,1,380,1172
297,1,380,1171
297,1,380,1170
297,1,379,1170
297,1,379,1169
297,1,378,1169
297,1,378,1168
297,1,377,1168
297,1,377,1167
297,1,376,1167
297,1,376,1166
297,1,377,1166
297,1,376,1166
297,1,375,1166
297,1,374,1166
297,1,373,1166
297,1,372,1166
297,1,372,1167
297,1,372,1166
297,1,371,1166
297,1,372,1166
297,1,371,1166
297,1,371,1165
297,1,370,1165
297,1,370,1164
297,1,369,1164
297,1,369,1163
297,1,369,1164
297,1,370,1164
297,1,369,1164
297,1,369,1163
297,1,369,1164
299,1,367,1161
299,1,368,1161
299,1,368,1162
299,1,368,1161
299,1,367,1161
303,1,367,1167
303,1,367,1168
303,1,367,1167
304,1,363,1153
304,1,364,1153
304,1,363,1153
304,1,363,1152
304,1,363,1153
310,1,363,1153
310,1,363,1154
310,1,363,1155
310,1,364,1155
310,1,364,1154
310,1,363,1154
310,1,364,1154
310,1,363,1154
310,1,363,1153
311,1,369,1187
311,1,370,1188
311,1,370,1187
311,1,369,1187
313,1,370,1190
313,1,369,1190
313,1,370,1190
318,1,369,1190
318,1,369,1191
318,1,369,1190
320,1,369,1191
320,1,369,1192
320,1,369,1191
322,1,368,1187
322,1,369,1187
322,1,369,1186
322,1,368,1186
322,1,368,1187
323,1,368,1187
323,1,368,1186
323,1,368,1187
326,1,369,1191
326,1,369,1192
326,1,369,1191
327,1,364,1168
327,1,365,1168
327,1,364,1168
329,1,367,1185
329,1,368,1185
329,1,369,1185
329,1,368,1185
329,1,369,1185
329,1,369,1184
329,1,368,1184
329,1,369,1184
329,1,368,1184
329,1,367,1185
330,1,368,1191
330,1,369,1191
330,1,369,1192
330,1,369,1191
330,1,368,1191
331,1,365,1183
331,1,366,1183
331,1,367,1184
331,1,366,1184
331,1,367,1184
331,1,367,1185
331,1,367,1184
331,1,368,1184
331,1,369,1184
331,1,369,1185
331,1,369,1186
331,1,369,1185
331,1,370,1185
331,1,369,1185
331,1,369,1186
331,1,369,1187
331,1,370,1187
331,1,370,1188
331,1,370,1187
331,1,370,1188
331,1,370,1187
331,1,371,1187
331,1,371,1188
331,1,371,1187
331,1,371,1188
331,1,372,1188
331,1,371,1188
331,1,371,1187
331,1,371,1188
331,1,370,1188
331,1,370,1189
331,1,370,1188
331,1,370,1189
331,1,369,1189
331,1,370,1189
331,1,369,1189
331,1,370,1189
331,1,369,1189
331,1,370,1189
331,1,370,1190
331,1,370,1191
331,1,370,1192
331,1,371,1192
331,1,371,1193
331,1,371,1192
331,1,371,1193
331,1,372,1193
331,1,372,1194
331,1,373,1194
331,1,373,1193
331,1,373,1194
331,1,373,1195
331,1,374,1195
331,1,374,1194
331,1,375,1194
331,1,375,1195
331,1,375,1194
331,1,374,1194
331,1,374,1195
331,1,374,1196
331,1,375,1196
331,1,375,1197
331,1,375,1198
331,1,376,1198
331,1,376,1199
331,1,377,1199
331,1,377,1200
331,1,377,1199
331,1,377,1200
331,1,378,1200
331,1,378,1201
331,1,378,1200
331,1,378,1201
331,1,378,1200
331,1,378,1201
331,1,379,1201
331,1,379,1200
331,1,379,1201
331,1,379,1202
331,1,379,1201
331,1,379,1200
331,1,379,1199
331,1,378,1199
331,1,379,1199
331,1,379,1198
331,1,379,1197
331,1,378,1197
331,1,379,1197
331,1,378,1197
331,1,378,1196
331,1,378,1195
331,1,378,1194
331,1,378,1195
331,1,378,1194
331,1,378,1193
331,1,378,1192
331,1,377,1192
331,1,377,1191
331,1,377,1190
331,1,376,1190
331,1,376,1189
331,1,376,1188
331,1,375,1188
331,1,376,1188
331,1,376,1187
331,1,375,1187
331,1,375,1186
331,1,375,1185
331,1,374,1185
331,1,375,1185
331,1,374,1185
331,1,374,1184
331,1,374,1183
331,1,373,1183
331,1,373,1182
331,1,373,1183
331,1,373,1182
331,1,372,1182
331,1,373,1182
331,1,373,1181
331,1,373,1182
331,1,374,1182
331,1,373,1182
331,1,374,1182
331,1,374,1181
331,1,373,1181
331,1,373,1180
331,1,372,1180
331,1,371,1180
331,1,371,1181
331,1,371,1180
331,1,370,1180
331,1,369,1180
331,1,369,1179
331,1,369,1180
331,1,368,1180
331,1,368,1181
331,1,368,1180
331,1,369,1179
331,1,368,1179
331,1,367,1179
331,1,367,1180
331,1,366,1180
331,1,367,1181
331,1,366,1181
331,1,366,1182
331,1,367,1182
331,1,366,1182
331,1,365,1182
331,1,365,1183
332,1,366,1189
332,1,367,1189
332,1,366,1189
333,1,362,1165
333,1,362,1166
333,1,363,1166
333,1,363,1165
333,1,363,1166
333,1,363,1165
333,1,362,1165
334,1,364,1185
334,1,365,1185
334,1,365,1186
334,1,366,1186
334,1,366,1187
334,1,365,1187
334,1,366,1187
334,1,365,1187
334,1,365,1188
334,1,365,1189
334,1,366,1189
334,1,367,1189
334,1,367,1188
334,1,367,1187
334,1,367,1186
334,1,368,1186
334,1,368,1185
334,1,367,1185
334,1,367,1186
334,1,367,1185
334,1,366,1185
334,1,366,1184
334,1,366,1185
334,1,367,1185
334,1,367,1184
334,1,366,1184
334,1,366,1183
334,1,366,1184
334,1,366,1183
334,1,365,1183
334,1,364,1183
334,1,364,1184
334,1,364,1185
335,1,363,1182
335,1,364,1182
335,1,363,1182
336,1,358,1160
336,1,358,1161
336,1,358,1160
337,1,358,1163
337,1,359,1163
337,1,358,1163
338,1,357,1159
338,1,358,1159
338,1,357,1159
341,1,357,1162
341,1,358,1162
341,1,357,1162
341,1,357,1161
341,1,357,1162
342,1,358,1167
342,1,358,1168
342,1,358,1167
342,1,358,1168
342,1,359,1168
342,1,359,1167
342,1,359,1166
342,1,359,1167
342,1,358,1167
344,1,357,1169
344,1,358,1169
344,1,357,1169
345,1,356,1161
345,1,356,1160
345,1,356,1161
346,1,359,1177
346,1,359,1178
346,1,359,1177
346,1,359,1178
346,1,359,1177
348,1,356,1168
348,1,356,1169
348,1,356,1168
348,1,357,1168
348,1,356,1168
348,1,357,1168
348,1,356,1168
350,1,356,1170
350,1,356,1169
350,1,356,1170
351,1,353,1159
351,1,354,1159
351,1,353,1159
351,1,354,1159
351,1,353,1159
352,1,353,1159
352,1,354,1159
352,1,353,1159
353,1,355,1172
353,1,355,1173
353,1,355,1174
353,1,355,1175
353,1,355,1174
353,1,356,1174
353,1,356,1175
353,1,356,1174
353,1,356,1175
353,1,357,1175
353,1,357,1176
353,1,357,1175
353,1,357,1176
353,1,358,1176
353,1,358,1177
353,1,359,1177
353,1,359,1176
353,1,359,1177
353,1,359,1176
353,1,359,1177
353,1,360,1177
353,1,359,1177
353,1,359,1178
353,1,359,1179
353,1,360,1179
353,1,360,1180
353,1,360,1179
353,1,361,1179
353,1,361,1180
353,1,361,1181
353,1,362,1181
353,1,363,1181
353,1,363,1182
353,1,364,1182
353,1,365,1182
353,1,365,1183
353,1,365,1182
353,1,365,1183
353,1,365,1182
353,1,366,1182
353,1,365,1182
353,1,366,1182
353,1,365,1182
353,1,366,1182
353,1,366,1181
353,1,366,1180
353,1,366,1179
353,1,365,1179
353,1,366,1179
353,1,366,1178
353,1,365,1178
353,1,365,1177
353,1,366,1177
353,1,367,1177
353,1,367,1178
353,1,368,1178
353,1,369,1178
353,1,369,1179
353,1,370,1179
353,1,370,1180
353,1,371,1180
353,1,372,1180
353,1,372,1179
353,1,373,1179
353,1,372,1179
353,1,373,1179
353,1,373,1178
353,1,372,1178
353,1,373,1178
353,1,372,1178
353,1,373,1178
353,1,372,1178
353,1,372,1177
353,1,372,1176
353,1,371,1176
353,1,372,1176
353,1,371,1176
353,1,371,1175
353,1,372,1175
353,1,371,1175
353,1,371,1174
353,1,370,1174
353,1,370,1175
353,1,370,1174
353,1,370,1175
353,1,369,1175
353,1,369,1174
353,1,370,1174
353,1,371,1174
353,1,371,1173
353,1,370,1173
353,1,369,1173
353,1,369,1172
353,1,368,1172
353,1,368,1171
353,1,368,1172
353,1,369,1172
353,1,370,1172
353,1,370,1173
353,1,371,1173
353,1,371,1172
353,1,370,1172
353,1,370,1171
353,1,370,1172
353,1,370,1171
353,1,371,1171
353,1,370,1171
353,1,370,1170
353,1,370,1169
353,1,369,1169
353,1,368,1169
353,1,369,1169
353,1,368,1169
353,1,367,1169
353,1,366,1169
353,1,366,1168
353,1,365,1168
353,1,365,1169
353,1,365,1170
353,1,365,1169
353,1,365,1170
353,1,365,1169
353,1,365,1170
353,1,364,1170
353,1,364,1171
353,1,364,1172
353,1,364,1171
353,1,363,1171
353,1,364,1171
353,1,363,1171
353,1,363,1170
353,1,364,1170
353,1,364,1169
353,1,364,1168
353,1,364,1167
353,1,363,1167
353,1,363,1168
353,1,364,1168
353,1,363,1168
353,1,363,1167
353,1,362,1167
353,1,361,1167
353,1,360,1167
353,1,360,1168
353,1,360,1169
353,1,360,1168
353,1,359,1168
353,1,358,1168
353,1,358,1169
353,1,358,1170
353,1,358,1169
353,1,357,1169
353,1,357,1168
353,1,357,1169
353,1,356,1169
353,1,357,1169
353,1,356,1169
353,1,357,1169
353,1,357,1170
353,1,357,1171
353,1,358,1171
353,1,357,1171
353,1,357,1170
353,1,356,1170
353,1,356,1171
353,1,355,1171
353,1,355,1172
354,1,352,1157
354,1,353,1157
354,1,352,1157
359,1,323,1147
359,1,324,1147
359,1,323,1147
359,1,323,1146
359,1,323,1147
363,1,323,1148
363,1,323,1149
363,1,323,1148
364,1,322,1149
364,1,322,1150
364,1,322,1149
364,1,322,1150
364,1,322,1149
364,1,322,1148
364,1,322,1149
365,1,280,1145
365,1,280,1146
365,1,281,1146
365,1,280,1146
365,1,281,1146
365,1,280,1146
365,1,280,1145
366,1,280,1143
366,1,280,1144
366,1,281,1144
366,1,281,1143
366,1,280,1143
367,1,279,1149
367,1,279,1150
367,1,279,1149
367,1,279,1148
367,1,280,1148
367,1,280,1147
367,1,281,1147
367,1,281,1146
367,1,282,1146
367,1,282,1145
367,1,282,1146
367,1,281,1146
367,1,280,1146
367,1,280,1147
367,1,280,1148
367,1,279,1148
367,1,279,1149
368,1,274,1140
368,1,274,1139
368,1,274,1140
371,1,268,1136
371,1,268,1135
371,1,268,1136
373,1,267,1135
373,1,268,1135
373,1,267,1135
376,1,266,1139
376,1,267,1139
376,1,267,1140
376,1,268,1140
376,1,268,1139
376,1,267,1139
376,1,266,1139
378,1,263,1138
378,1,264,1138
378,1,265,1138
378,1,265,1137
378,1,266,1137
378,1,267,1137
378,1,267,1136
378,1,268,1136
378,1,268,1135
378,1,268,1136
378,1,267,1136
378,1,266,1136
378,1,265,1136
378,1,265,1137
378,1,264,1137
378,1,263,1137
378,1,263,1138
379,1,259,1131
379,1,260,1131
379,1,259,1131
380,1,260,1140
380,1,260,1141
380,1,260,1140
380,1,261,1140
380,1,261,1141
380,1,260,1141
380,1,260,1142
380,1,261,1142
380,1,261,1141
380,1,262,1141
380,1,263,1141
380,1,263,1140
380,1,264,1140
380,1,265,1140
380,1,265,1139
380,1,264,1139
380,1,263,1139
380,1,263,1138
380,1,262,1138
380,1,261,1138
380,1,260,1138
380,1,260,1139
380,1,260,1140
380,1,260,1139
380,1,260,1140
382,1,259,1130
382,1,259,1131
382,1,259,1130
383,1,259,1132
383,1,260,1132
383,1,259,1132
383,1,259,1131
383,1,260,1131
383,1,259,1131
383,1,259,1132
384,1,258,1131
384,1,259,1131
384,1,258,1131
385,1,256,1129
385,1,257,1129
385,1,256,1129
389,1,254,1131
389,1,255,1131
389,1,256,1131
389,1,255,1131
389,1,256,1131
389,1,256,1130
389,1,256,1131
389,1,256,1130
389,1,256,1131
389,1,256,1130
389,1,255,1131
389,1,256,1130
389,1,255,1130
389,1,255,1131
389,1,255,1130
389,1,255,1131
389,1,254,1131
389,1,255,1131
389,1,254,1131
392,1,253,1134
392,1,254,1134
392,1,253,1134
399,1,253,1133
399,1,253,1134
399,1,254,1134
399,1,254,1133
399,1,253,1133
400,1,253,1135
400,1,254,1135
400,1,254,1134
400,1,254,1135
400,1,254,1134
400,1,253,1134
400,1,253,1135
401,1,253,1142
401,1,254,1142
401,1,254,1141
401,1,253,1141
401,1,253,1142
406,1,252,1137
406,1,252,1136
406,1,252,1137
406,1,252,1136
406,1,252,1137
410,1,250,1135
410,1,251,1135
410,1,251,1134
410,1,250,1134
410,1,250,1135
413,1,249,1150
413,1,249,1151
413,1,250,1151
413,1,250,1150
413,1,251,1150
413,1,252,1150
413,1,252,1149
413,1,253,1149
413,1,253,1148
413,1,253,1147
413,1,254,1147
413,1,254,1146
413,1,254,1145
413,1,255,1145
413,1,255,1144
413,1,256,1144
413,1,256,1143
413,1,257,1143
413,1,256,1143
413,1,257,1143
413,1,257,1142
413,1,258,1142
413,1,258,1141
413,1,257,1141
413,1,257,1142
413,1,256,1142
413,1,256,1141
413,1,257,1141
413,1,257,1140
413,1,256,1140
413,1,256,1141
413,1,256,1140
413,1,255,1140
413,1,255,1141
413,1,256,1141
413,1,255,1141
413,1,255,1142
413,1,256,1142
413,1,255,1142
413,1,256,1142
413,1,255,1142
413,1,255,1143
413,1,255,1142
413,1,254,1143
413,1,255,1143
413,1,254,1143
413,1,254,1144
413,1,254,1145
413,1,253,1145
413,1,253,1146
413,1,252,1146
413,1,251,1147
413,1,251,1148
413,1,250,1148
413,1,250,1149
413,1,251,1149
413,1,250,1149
413,1,249,1149
413,1,249,1150
414,1,249,1138
414,1,249,1137
414,1,249,1138
415,1,249,1142
415,1,249,1143
415,1,249,1142
415,1,249,1143
415,1,250,1143
415,1,250,1144
415,1,251,1144
415,1,251,1143
415,1,251,1142
415,1,251,1141
415,1,252,1141
415,1,252,1140
415,1,251,1140
415,1,251,1139
415,1,252,1139
415,1,252,1138
415,1,251,1138
415,1,252,1138
415,1,252,1137
415,1,251,1137
415,1,252,1137
415,1,251,1138
415,1,251,1137
415,1,251,1138
415,1,251,1139
415,1,251,1138
415,1,250,1139
415,1,250,1138
415,1,250,1139
415,1,250,1140
415,1,249,1140
415,1,250,1140
415,1,249,1140
415,1,249,1141
415,1,250,1141
415,1,250,1140
415,1,251,1140
415,1,251,1141
415,1,250,1141
415,1,249,1141
415,1,249,1142
416,1,248,962
416,1,249,962
416,1,248,962
417,1,248,1134
417,1,249,1134
417,1,249,1135
417,1,249,1134
417,1,249,1135
417,1,250,1135
417,1,250,1134
417,1,249,1134
417,1,249,1133
417,1,249,1134
417,1,249,1133
417,1,249,1134
417,1,248,1133
417,1,248,1134
418,1,248,1144
418,1,248,1143
418,1,248,1144
419,1,248,1147
419,1,248,1148
419,1,248,1147
419,1,248,1148
419,1,249,1147
419,1,250,1147
419,1,250,1146
419,1,250,1145
419,1,249,1145
419,1,249,1146
419,1,249,1147
419,1,248,1147
421,1,247,1141
421,1,247,1142
421,1,248,1142
421,1,248,1141
421,1,248,1140
421,1,249,1140
421,1,248,1140
421,1,247,1140
421,1,247,1141
422,1,247,1147
422,1,248,1147
422,1,248,1146
422,1,249,1146
422,1,249,1145
422,1,249,1144
422,1,248,1144
422,1,249,1144
422,1,248,1144
422,1,248,1145
422,1,248,1144
422,1,248,1145
422,1,248,1146
422,1,247,1146
422,1,247,1147
425,1,246,1148
425,1,247,1148
425,1,247,1147
425,1,248,1147
425,1,248,1146
425,1,249,1146
425,1,248,1146
425,1,248,1147
425,1,247,1147
425,1,246,1147
425,1,247,1147
425,1,247,1148
425,1,246,1148
429,1,236,1148
429,1,237,1148
429,1,237,1147
429,1,237,1148
429,1,236,1148
429,1,237,1148
429,1,236,1148
429,1,237,1148
429,1,236,1148
430,1,236,1148
430,1,236,1149
430,1,236,1148
432,1,235,1150
432,1,235,1151
432,1,235,1150
433,1,234,1152
433,1,235,1152
433,1,234,1152
434,1,239,958
434,1,240,958
434,1,239,958
436,1,234,1152
436,1,234,1153
436,1,234,1152
436,1,234,1153
436,1,234,1152
436,1,234,1153
436,1,234,1152
440,1,232,1152
440,1,232,1153
440,1,233,1153
440,1,232,1153
440,1,232,1152
441,1,229,1126
441,1,230,1126
441,1,230,1125
441,1,229,1125
441,1,229,1126
442,1,226,1157
442,1,227,1157
442,1,227,1158
442,1,227,1157
442,1,226,1157
444,1,223,1158
444,1,224,1158
444,1,224,1159
444,1,224,1158
444,1,225,1158
444,1,225,1157
444,1,224,1157
444,1,224,1156
444,1,224,1157
444,1,224,1158
444,1,223,1158
444,1,224,1158
444,1,223,1158
448,1,216,1161
448,1,217,1161
448,1,216,1161
448,1,217,1161
448,1,217,1162
448,1,217,1161
448,1,216,1161
449,1,217,1154
449,1,217,1155
449,1,217,1154
450,1,215,1161
450,1,215,1162
450,1,215,1161
452,1,213,1161
452,1,214,1161
452,1,214,1160
452,1,213,1160
452,1,213,1161
453,1,213,1157
453,1,214,1157
453,1,213,1157
454,1,212,1178
454,1,213,1178
454,1,213,1177
454,1,213,1176
454,1,213,1177
454,1,212,1177
454,1,212,1178
455,1,225,957
455,1,226,957
455,1,225,957
458,1,211,1165
458,1,212,1165
458,1,211,1165
459,1,211,1165
459,1,212,1165
459,1,212,1164
459,1,211,1164
459,1,211,1165
460,1,213,1139
460,1,214,1139
460,1,214,1138
460,1,215,1138
460,1,215,1137
460,1,214,1136
460,1,214,1137
460,1,214,1138
460,1,213,1138
460,1,214,1138
460,1,214,1139
460,1,213,1139
463,1,208,1185
463,1,209,1185
463,1,208,1185
464,1,207,1192
464,1,208,1192
464,1,207,1192
466,1,209,1165
466,1,210,1165
466,1,210,1164
466,1,211,1164
466,1,210,1164
466,1,209,1164
466,1,209,1165
467,1,207,1185
467,1,208,1185
467,1,208,1184
467,1,208,1185
467,1,207,1185
471,1,206,1182
471,1,207,1182
471,1,207,1183
471,1,208,1183
471,1,208,1182
471,1,207,1182
471,1,207,1181
471,1,207,1182
471,1,206,1182
471,1,207,1182
471,1,206,1182
473,1,208,1142
473,1,208,1143
473,1,208,1142
477,1,203,1181
477,1,203,1182
477,1,204,1182
477,1,204,1181
477,1,203,1181
478,1,199,1162
478,1,200,1162
478,1,199,1162
479,1,198,1179
479,1,198,1180
479,1,198,1179
479,1,199,1179
479,1,200,1179
479,1,200,1180
479,1,201,1180
479,1,201,1181
479,1,202,1181
479,1,203,1181
479,1,204,1181
479,1,204,1180
479,1,204,1179
479,1,204,1180
479,1,205,1180
479,1,205,1179
479,1,205,1178
479,1,206,1178
479,1,206,1177
479,1,206,1178
479,1,206,1179
479,1,207,1179
479,1,207,1178
479,1,207,1179
479,1,208,1179
479,1,209,1179
479,1,209,1178
479,1,208,1178
479,1,209,1178
479,1,209,1177
479,1,208,1177
479,1,209,1177
479,1,209,1178
479,1,210,1178
479,1,211,1178
479,1,211,1177
479,1,212,1177
479,1,212,1176
479,1,211,1176
479,1,212,1176
479,1,212,1175
479,1,211,1175
479,1,211,1176
479,1,211,1175
479,1,211,1176
479,1,210,1176
479,1,210,1177
479,1,210,1176
479,1,210,1175
479,1,211,1175
479,1,211,1174
479,1,210,1174
479,1,210,1175
479,1,209,1175
479,1,209,1174
479,1,209,1173
479,1,208,1173
479,1,208,1174
479,1,209,1174
479,1,208,1174
479,1,208,1173
479,1,208,1174
479,1,208,1175
479,1,208,1174
479,1,208,1175
479,1,207,1175
479,1,207,1174
479,1,207,1175
479,1,207,1174
479,1,207,1173
479,1,207,1174
479,1,206,1173
479,1,207,1173
479,1,207,1172
479,1,208,1172
479,1,208,1171
479,1,208,1172
479,1,208,1171
479,1,208,1170
479,1,209,1170
479,1,208,1170
479,1,209,1170
479,1,208,1170
479,1,207,1170
479,1,206,1170
479,1,206,1171
479,1,205,1171
479,1,206,1171
479,1,205,1171
479,1,206,1171
479,1,205,1172
479,1,206,1172
479,1,207,1172
479,1,207,1173
479,1,206,1173
479,1,206,1172
479,1,205,1172
479,1,205,1173
479,1,204,1173
479,1,203,1173
479,1,203,1174
479,1,204,1174
479,1,204,1175
479,1,203,1175
479,1,204,1175
479,1,203,1175
479,1,203,1174
479,1,203,1175
479,1,204,1175
479,1,204,1176
479,1,204,1175
479,1,203,1175
479,1,203,1176
479,1,203,1175
479,1,203,1176
479,1,203,1175
479,1,203,1176
479,1,202,1175
479,1,201,1175
479,1,201,1176
479,1,202,1176
479,1,202,1177
479,1,201,1177
479,1,200,1177
479,1,200,1176
479,1,200,1177
479,1,200,1178
479,1,201,1178
479,1,201,1179
479,1,200,1179
479,1,200,1178
479,1,199,1178
479,1,198,1178
479,1,198,1179
484,1,198,1156
484,1,199,1156
484,1,198,1156
484,1,199,1156
484,1,199,1157
484,1,200,1157
484,1,200,1156
484,1,200,1155
484,1,199,1155
484,1,198,1155
484,1,198,1156
485,1,194,1200
485,1,195,1200
485,1,195,1199
485,1,194,1199
485,1,194,1200
491,1,190,1198
491,1,190,1197
491,1,190,1198
493,1,189,1203
493,1,190,1203
493,1,190,1202
493,1,189,1202
493,1,189,1203
493,1,189,1202
493,1,189,1203
496,1,186,1205
496,1,186,1206
496,1,187,1206
496,1,188,1206
496,1,189,1206
496,1,190,1206
496,1,191,1206
496,1,191,1205
496,1,190,1205
496,1,189,1205
496,1,189,1204
496,1,188,1204
496,1,187,1204
496,1,187,1205
496,1,186,1205
500,1,182,1207
500,1,183,1207
500,1,183,1206
500,1,184,1206
500,1,185,1206
500,1,185,1205
500,1,186,1205
500,1,186,1204
500,1,185,1204
500,1,184,1204
500,1,184,1205
500,1,183,1205
500,1,183,1206
500,1,182,1206
500,1,182,1207
501,1,184,1190
501,1,184,1191
501,1,184,1192
501,1,184,1191
501,1,184,1192
501,1,185,1192
501,1,186,1193
501,1,186,1194
501,1,186,1195
501,1,186,1196
501,1,186,1197
501,1,186,1198
501,1,187,1198
501,1,187,1199
501,1,188,1199
501,1,187,1200
501,1,188,1200
501,1,188,1199
501,1,189,1199
501,1,189,1198
501,1,190,1198
501,1,190,1197
501,1,191,1197
501,1,191,1196
501,1,192,1196
501,1,192,1195
501,1,193,1195
501,1,193,1196
501,1,192,1196
501,1,191,1196
501,1,192,1196
501,1,192,1197
501,1,191,1197
501,1,191,1198
501,1,192,1198
501,1,192,1199
501,1,191,1199
501,1,190,1200
501,1,189,1200
501,1,189,1201
501,1,189,1202
501,1,190,1202
501,1,191,1202
501,1,191,1201
501,1,192,1201
501,1,192,1200
501,1,192,1201
501,1,193,1201
501,1,193,1200
501,1,194,1200
501,1,193,1200
501,1,193,1199
501,1,194,1199
501,1,194,1198
501,1,195,1198
501,1,194,1198
501,1,194,1197
501,1,195,1197
501,1,194,1197
501,1,194,1196
501,1,195,1196
501,1,195,1197
501,1,196,1197
501,1,196,1196
501,1,195,1196
501,1,195,1195
501,1,196,1195
501,1,196,1196
501,1,196,1195
501,1,197,1195
501,1,197,1194
501,1,197,1195
501,1,198,1194
501,1,198,1195
501,1,197,1195
501,1,197,1196
501,1,196,1196
501,1,197,1197
501,1,196,1197
501,1,197,1197
501,1,197,1198
501,1,198,1198
501,1,198,1197
501,1,199,1196
501,1,199,1197
501,1,199,1196
501,1,200,1196
501,1,201,1196
501,1,202,1196
501,1,202,1195
501,1,201,1195
501,1,200,1195
501,1,199,1195
501,1,199,1194
501,1,199,1195
501,1,199,1194
501,1,198,1194
501,1,199,1194
501,1,200,1194
501,1,201,1194
501,1,201,1193
501,1,200,1193
501,1,199,1193
501,1,199,1192
501,1,200,1192
501,1,200,1193
501,1,200,1192
501,1,201,1192
501,1,202,1192
501,1,202,1193
501,1,201,1193
501,1,202,1193
501,1,202,1194
501,1,203,1194
501,1,203,1193
501,1,203,1194
501,1,203,1193
501,1,204,1193
501,1,204,1192
501,1,205,1192
501,1,204,1192
501,1,205,1192
501,1,204,1192
501,1,205,1192
501,1,204,1192
501,1,205,1192
501,1,204,1192
501,1,204,1191
501,1,203,1191
501,1,203,1190
501,1,202,1190
501,1,202,1189
501,1,203,1189
501,1,203,1190
501,1,203,1189
501,1,203,1190
501,1,204,1190
501,1,205,1190
501,1,205,1191
501,1,205,1190
501,1,205,1191
501,1,206,1191
501,1,206,1190
501,1,206,1191
501,1,207,1191
501,1,207,1190
501,1,208,1190
501,1,208,1189
501,1,209,1189
501,1,209,1188
501,1,208,1188
501,1,207,1188
501,1,208,1187
501,1,207,1187
501,1,207,1188
501,1,206,1188
501,1,206,1187
501,1,207,1187
501,1,207,1186
501,1,207,1187
501,1,206,1187
501,1,206,1186
501,1,206,1185
501,1,207,1185
501,1,207,1184
501,1,208,1184
501,1,207,1184
501,1,208,1184
501,1,207,1184
501,1,208,1184
501,1,207,1184
501,1,207,1183
501,1,206,1183
501,1,206,1182
501,1,206,1183
501,1,206,1182
501,1,206,1183
501,1,205,1183
501,1,205,1182
501,1,205,1183
501,1,204,1183
501,1,204,1184
501,1,204,1183
501,1,203,1183
501,1,203,1184
501,1,203,1185
501,1,202,1185
501,1,202,1184
501,1,202,1183
501,1,203,1183
501,1,203,1182
501,1,202,1182
501,1,202,1181
501,1,201,1181
501,1,200,1181
501,1,199,1181
501,1,199,1180
501,1,199,1181
501,1,200,1181
501,1,200,1182
501,1,200,1183
501,1,201,1183
501,1,200,1183
501,1,200,1182
501,1,199,1182
501,1,199,1183
501,1,199,1182
501,1,198,1182
501,1,198,1181
501,1,197,1181
501,1,197,1182
501,1,198,1182
501,1,198,1183
501,1,199,1183
501,1,199,1184
501,1,198,1184
501,1,198,1183
501,1,197,1183
501,1,197,1184
501,1,197,1185
501,1,196,1185
501,1,196,1184
501,1,196,1183
501,1,195,1183
501,1,195,1182
501,1,196,1182
501,1,195,1182
501,1,194,1182
501,1,193,1182
501,1,193,1183
501,1,193,1184
501,1,192,1184
501,1,193,1184
501,1,192,1184
501,1,192,1185
501,1,193,1185
501,1,192,1185
501,1,193,1185
501,1,192,1185
501,1,193,1185
501,1,194,1185
501,1,194,1186
501,1,195,1186
501,1,194,1186
501,1,193,1186
501,1,193,1187
501,1,193,1188
501,1,192,1188
501,1,192,1187
501,1,192,1186
501,1,191,1186
501,1,190,1186
501,1,190,1185
501,1,189,1185
501,1,189,1186
501,1,188,1186
501,1,188,1187
501,1,187,1187
501,1,186,1187
501,1,186,1188
501,1,185,1188
501,1,185,1189
501,1,184,1189
501,1,185,1189
501,1,185,1190
501,1,184,1190
502,1,171,1216
502,1,171,1217
502,1,172,1217
502,1,171,1217
502,1,172,1217
502,1,171,1217
502,1,172,1217
502,1,172,1218
502,1,173,1218
502,1,173,1217
502,1,173,1216
502,1,173,1215
502,1,173,1216
502,1,172,1216
502,1,171,1216
503,1,170,1188
503,1,171,1188
503,1,170,1188
506,1,169,1189
506,1,170,1189
506,1,169,1189
506,1,170,1189
506,1,170,1188
506,1,169,1188
506,1,169,1189
510,1,167,1195
510,1,167,1194
510,1,167,1195
512,1,164,1195
512,1,165,1195
512,1,164,1195
513,1,162,1211
513,1,162,1212
513,1,163,1212
513,1,163,1211
513,1,163,1210
513,1,163,1211
513,1,162,1211
513,1,163,1211
513,1,162,1211
517,1,162,1209
517,1,162,1208
517,1,162,1209
518,1,158,1202
518,1,159,1202
518,1,160,1202
518,1,161,1202
518,1,160,1202
518,1,161,1202
518,1,160,1202
518,1,160,1201
518,1,159,1201
518,1,158,1201
518,1,158,1202
520,1,153,1202
520,1,154,1202
520,1,153,1202
521,1,151,1204
521,1,152,1204
521,1,152,1205
521,1,152,1204
521,1,151,1204
522,1,148,1207
522,1,148,1208
522,1,149,1208
522,1,149,1207
522,1,149,1208
522,1,149,1207
522,1,148,1207
525,1,140,1212
525,1,141,1212
525,1,140,1212
525,1,141,1212
525,1,141,1211
525,1,141,1212
525,1,142,1212
525,1,142,1211
525,1,141,1211
525,1,140,1211
525,1,141,1211
525,1,140,1212
527,1,138,1211
527,1,139,1211
527,1,138,1211
528,1,138,1210
528,1,138,1211
528,1,138,1210
529,1,137,1211
529,1,138,1211
529,1,138,1212
529,1,138,1211
529,1,138,1212
529,1,138,1211
529,1,137,1211
530,1,134,1224
530,1,134,1225
530,1,134,1224
531,1,133,1227
531,1,133,1228
531,1,134,1228
531,1,134,1227
531,1,135,1227
531,1,134,1227
531,1,135,1227
531,1,134,1227
531,1,133,1227
531,1,134,1227
531,1,133,1227
531,1,134,1227
531,1,133,1227
532,1,136,1212
532,1,136,1213
532,1,136,1212
532,1,136,1211
532,1,136,1212
534,1,135,1213
534,1,136,1213
534,1,136,1212
534,1,135,1212
534,1,135,1213
536,1,132,1225
536,1,133,1225
536,1,133,1226
536,1,132,1226
536,1,133,1226
536,1,133,1225
536,1,134,1225
536,1,133,1225
536,1,134,1225
536,1,133,1225
536,1,133,1224
536,1,133,1225
536,1,133,1224
536,1,132,1224
536,1,133,1224
536,1,133,1225
536,1,132,1225
538,1,134,1210
538,1,134,1211
538,1,134,1210
539,1,130,1228
539,1,130,1229
539,1,130,1230
539,1,131,1230
539,1,131,1229
539,1,131,1230
539,1,131,1229
539,1,131,1230
539,1,131,1229
539,1,131,1228
539,1,130,1228
540,1,131,1223
540,1,131,1224
540,1,130,1224
540,1,131,1224
540,1,132,1224
540,1,132,1225
540,1,132,1224
540,1,132,1223
540,1,132,1222
540,1,132,1221
540,1,132,1222
540,1,132,1221
540,1,132,1222
540,1,131,1222
540,1,132,1222
540,1,132,1223
540,1,131,1223
540,1,132,1223
540,1,131,1223
542,1,130,1223
542,1,129,1223
542,1,130,1223
543,1,128,1228
543,1,129,1228
543,1,128,1228
544,1,129,1223
544,1,129,1224
544,1,129,1223
545,1,128,1224
545,1,128,1225
545,1,129,1224
545,1,128,1224
545,1,129,1224
545,1,128,1224
546,1,139,1161
546,1,139,1162
546,1,139,1161
548,1,128,1216
548,1,128,1215
548,1,128,1216
549,1,127,1218
549,1,127,1219
549,1,128,1219
549,1,127,1219
549,1,127,1218
551,1,137,1157
551,1,138,1157
551,1,137,1157
552,1,124,1226
552,1,125,1226
552,1,125,1225
552,1,126,1225
552,1,126,1224
552,1,127,1224
552,1,127,1223
552,1,128,1223
552,1,127,1223
552,1,128,1223
552,1,128,1222
552,1,128,1223
552,1,129,1223
552,1,129,1222
552,1,129,1223
552,1,129,1222
552,1,128,1222
552,1,128,1221
552,1,129,1221
552,1,128,1221
552,1,129,1221
552,1,128,1221
552,1,129,1221
552,1,129,1220
552,1,128,1220
552,1,129,1220
552,1,128,1220
552,1,128,1221
552,1,128,1222
552,1,128,1221
552,1,127,1221
552,1,127,1222
552,1,127,1223
552,1,127,1222
552,1,126,1222
552,1,126,1221
552,1,126,1222
552,1,126,1223
552,1,126,1222
552,1,126,1223
552,1,127,1223
552,1,126,1223
552,1,126,1222
552,1,125,1222
552,1,126,1222
552,1,126,1223
552,1,125,1223
552,1,126,1223
552,1,126,1224
552,1,125,1224
552,1,125,1225
552,1,124,1225
552,1,124,1226
553,1,136,1159
553,1,136,1160
553,1,136,1159
554,1,125,1217
554,1,125,1218
554,1,125,1217
555,1,125,1216
555,1,125,1217
555,1,126,1217
555,1,126,1218
555,1,127,1218
555,1,127,1217
555,1,127,1216
555,1,126,1216
555,1,125,1216
557,1,135,1159
557,1,135,1158
557,1,135,1159
558,1,122,1218
558,1,122,1219
558,1,123,1219
558,1,123,1218
558,1,122,1218
559,1,123,1218
559,1,123,1219
559,1,124,1219
559,1,124,1220
559,1,124,1219
559,1,125,1219
559,1,125,1218
559,1,124,1218
559,1,125,1218
559,1,125,1217
559,1,124,1217
559,1,124,1218
559,1,123,1218
559,1,123,1217
559,1,123,1218
562,1,186,351
562,1,185,355
562,1,185,356
562,1,183,362
562,1,182,366
562,1,182,368
562,1,181,368
562,1,181,371
562,1,180,374
562,1,178,382
562,1,176,389
562,1,176,390
562,1,174,396
562,1,172,403
562,1,172,405
562,1,171,408
562,1,171,409
562,1,171,410
562,1,170,415
562,1,169,418
562,1,168,421
562,1,167,425
562,1,166,429
562,1,165,432
562,1,164,437
562,1,164,438
562,1,163,440
562,1,163,441
562,1,161,446
562,1,161,447
562,1,161,448
562,1,160,451
562,1,160,452
562,1,160,453
562,1,159,454
562,1,159,456
562,1,159,457
562,1,158,459
562,1,158,460
562,1,157,461
562,1,157,462
562,1,157,464
562,1,156,465
562,1,156,466
562,1,156,467
562,1,156,468
562,1,155,469
562,1,155,470
562,1,154,472
562,1,154,473
562,1,154,475
562,1,153,476
562,1,153,477
562,1,153,478
562,1,153,479
562,1,152,479
562,1,152,480
562,1,152,483
562,1,151,485
562,1,151,487
562,1,150,491
562,1,151,492
562,1,151,493
562,1,152,493
562,1,152,494
562,1,152,495
562,1,153,495
562,1,154,497
562,1,156,500
562,1,157,501
562,1,157,502
562,1,158,503
562,1,159,504
562,1,159,505
562,1,160,506
562,1,161,508
562,1,162,509
562,1,162,510
562,1,163,510
562,1,164,512
562,1,165,513
562,1,167,517
562,1,168,518
562,1,170,521
562,1,171,522
562,1,172,524
562,1,173,526
562,1,174,527
562,1,175,528
562,1,175,529
562,1,177,531
562,1,178,532
562,1,179,534
562,1,180,535
562,1,182,538
562,1,183,541
562,1,184,542
562,1,185,543
562,1,186,544
562,1,188,548
562,1,190,550
562,1,191,552
562,1,192,553
562,1,193,555
562,1,194,556
562,1,199,564
562,1,203,570
562,1,204,572
562,1,205,573
562,1,207,576
562,1,208,578
562,1,209,579
562,1,209,580
562,1,210,580
562,1,211,582
562,1,213,586
562,1,214,587
562,1,215,588
562,1,218,593
562,1,219,594
562,1,220,596
562,1,221,597
562,1,224,602
562,1,226,606
562,1,227,606
562,1,228,607
562,1,228,608
562,1,230,611
562,1,231,612
562,1,233,615
562,1,235,618
562,1,237,621
562,1,238,623
562,1,243,631
562,1,245,633
562,1,246,635
562,1,248,638
562,1,249,640
562,1,250,640
562,1,252,643
562,1,252,644
562,1,253,645
562,1,254,647
562,1,257,651
562,1,257,652
562,1,258,653
562,1,259,654
562,1,261,657
562,1,261,658
562,1,262,658
562,1,264,662
562,1,265,662
562,1,265,663
562,1,265,664
562,1,266,664
562,1,266,665
562,1,267,666
562,1,267,667
562,1,269,669
562,1,269,670
562,1,272,673
562,1,273,676
562,1,274,676
562,1,274,677
562,1,275,678
562,1,275,679
562,1,276,679
562,1,278,682
562,1,278,683
562,1,279,685
562,1,280,686
562,1,282,688
562,1,282,689
562,1,283,689
562,1,283,690
562,1,283,691
562,1,285,693
562,1,286,695
562,1,288,697
562,1,288,698
562,1,289,700
562,1,290,700
562,1,290,701
562,1,291,702
562,1,291,703
562,1,292,703
562,1,292,704
562,1,293,705
562,1,295,707
562,1,296,710
562,1,297,711
562,1,298,712
562,1,298,713
562,1,299,714
562,1,300,715
562,1,301,717
562,1,303,720
562,1,304,722
562,1,305,723
562,1,306,724
562,1,306,723
562,1,306,722
562,1,307,722
562,1,307,721
562,1,307,720
562,1,306,720
562,1,306,719
562,1,307,719
562,1,307,718
562,1,308,718
562,1,308,719
562,1,309,718
562,1,310,717
562,1,310,716
562,1,310,715
562,1,310,714
562,1,310,713
562,1,310,712
562,1,310,710
562,1,310,709
562,1,310,707
562,1,310,706
562,1,310,705
562,1,309,703
562,1,309,702
562,1,309,701
562,1,309,700
562,1,309,699
562,1,310,699
562,1,310,698
562,1,310,697
562,1,310,696
562,1,309,696
562,1,310,696
562,1,311,695
562,1,310,695
562,1,310,694
562,1,310,693
562,1,310,692
562,1,310,691
562,1,310,690
562,1,309,690
562,1,310,690
562,1,310,689
562,1,310,688
562,1,310,687
562,1,311,686
562,1,310,685
562,1,311,685
562,1,311,684
562,1,311,683
562,1,312,683
562,1,313,683
562,1,313,682
562,1,312,682
562,1,312,681
562,1,311,680
562,1,311,679
562,1,311,678
562,1,311,677
562,1,311,676
562,1,311,675
562,1,312,675
562,1,312,674
562,1,311,674
562,1,312,673
562,1,311,673
562,1,311,672
562,1,311,671
562,1,312,671
562,1,313,671
562,1,314,671
562,1,315,671
562,1,316,670
562,1,317,670
562,1,317,671
562,1,318,670
562,1,319,670
562,1,320,670
562,1,321,670
562,1,321,671
562,1,321,672
562,1,322,672
562,1,322,671
562,1,323,671
562,1,323,672
562,1,324,672
562,1,325,671
562,1,325,672
562,1,326,672
562,1,327,673
562,1,327,674
562,1,328,675
562,1,328,676
562,1,328,677
562,1,329,677
562,1,329,678
562,1,330,679
562,1,331,679
562,1,332,679
562,1,333,679
562,1,334,679
562,1,334,678
562,1,335,677
562,1,335,676
562,1,336,676
562,1,335,676
562,1,335,675
562,1,336,675
562,1,337,674
562,1,338,672
562,1,339,672
562,1,339,669
562,1,340,669
562,1,340,668
562,1,340,667
562,1,340,666
562,1,340,665
562,1,341,663
562,1,341,660
562,1,342,659
562,1,342,658
562,1,343,652
562,1,343,651
562,1,343,650
562,1,343,648
562,1,344,644
562,1,344,643
562,1,344,642
562,1,345,641
562,1,346,636
562,1,346,634
562,1,347,629
562,1,347,627
562,1,348,625
562,1,348,623
562,1,349,620
562,1,349,619
562,1,349,617
562,1,349,616
562,1,350,614
562,1,350,613
562,1,350,611
562,1,350,610
562,1,351,610
562,1,351,609
562,1,351,608
562,1,351,606
562,1,352,605
562,1,352,603
562,1,353,599
562,1,353,598
562,1,353,597
562,1,354,595
562,1,354,593
562,1,354,592
562,1,355,589
562,1,355,586
562,1,357,579
562,1,357,574
562,1,358,574
562,1,359,569
562,1,359,567
562,1,360,563
562,1,360,560
562,1,360,559
562,1,361,554
562,1,362,552
562,1,362,551
562,1,362,550
562,1,363,546
562,1,363,545
562,1,364,539
562,1,365,536
562,1,367,523
562,1,369,517
562,1,369,516
562,1,369,513
562,1,371,504
562,1,371,503
562,1,372,502
562,1,372,501
562,1,372,500
562,1,373,496
562,1,373,492
562,1,374,492
562,1,374,491
562,1,374,490
562,1,374,487
562,1,375,487
562,1,375,486
562,1,375,483
562,1,376,480
562,1,377,473
562,1,377,471
562,1,378,471
562,1,378,468
562,1,378,467
562,1,379,462
562,1,380,459
562,1,380,457
562,1,380,456
562,1,381,456
562,1,381,455
562,1,382,447
562,1,383,444
562,1,384,439
562,1,384,438
562,1,385,434
562,1,387,421
562,1,387,420
562,1,388,419
562,1,388,415
562,1,389,415
562,1,390,408
562,1,391,404
562,1,391,402
562,1,392,397
562,1,391,397
562,1,390,397
562,1,384,395
562,1,380,395
562,1,377,394
562,1,376,394
562,1,375,394
562,1,373,393
562,1,371,393
562,1,370,393
562,1,369,392
562,1,368,392
562,1,365,391
562,1,364,391
562,1,363,391
562,1,362,391
562,1,360,390
562,1,357,390
562,1,353,389
562,1,350,389
562,1,348,388
562,1,346,388
562,1,344,387
562,1,339,386
562,1,338,386
562,1,337,386
562,1,335,385
562,1,334,385
562,1,333,385
562,1,328,384
562,1,326,384
562,1,324,383
562,1,322,383
562,1,321,383
562,1,320,382
562,1,319,382
562,1,318,382
562,1,316,381
562,1,312,381
562,1,312,380
562,1,311,380
562,1,310,380
562,1,308,380
562,1,307,379
562,1,306,379
562,1,304,379
562,1,302,378
562,1,294,377
562,1,290,376
562,1,289,375
562,1,288,375
562,1,287,375
562,1,282,374
562,1,275,372
562,1,274,372
562,1,272,371
562,1,271,371
562,1,268,371
562,1,267,370
562,1,266,370
562,1,265,370
562,1,264,370
562,1,259,369
562,1,252,367
562,1,250,367
562,1,248,366
562,1,243,365
562,1,237,364
562,1,236,363
562,1,234,363
562,1,233,363
562,1,233,362
562,1,231,362
562,1,228,361
562,1,227,361
562,1,226,361
562,1,225,361
562,1,220,359
562,1,213,358
562,1,212,357
562,1,209,357
562,1,208,356
562,1,205,356
562,1,203,355
562,1,195,353
562,1,194,353
562,1,193,352
562,1,191,352
562,1,190,352
562,1,186,351
563,1,1193,531
563,1,1193,532
563,1,1192,532
563,1,1192,533
563,1,1192,534
563,1,1191,536
563,1,1191,537
563,1,1191,538
563,1,1191,539
563,1,1191,540
563,1,1191,541
563,1,1190,541
563,1,1191,542
563,1,1191,543
563,1,1191,544
563,1,1191,545
563,1,1191,546
563,1,1192,547
563,1,1191,548
563,1,1192,549
563,1,1192,550
563,1,1193,550
563,1,1193,551
563,1,1193,552
563,1,1194,552
563,1,1194,553
563,1,1194,554
563,1,1194,555
563,1,1194,556
563,1,1194,557
563,1,1194,558
563,1,1195,558
563,1,1196,559
563,1,1197,559
563,1,1197,560
563,1,1197,561
563,1,1197,562
563,1,1197,563
563,1,1198,563
563,1,1198,564
563,1,1199,564
563,1,1199,565
563,1,1200,565
563,1,1200,566
563,1,1201,566
563,1,1201,567
563,1,1202,567
563,1,1202,568
563,1,1203,568
563,1,1204,568
563,1,1204,569
563,1,1204,570
563,1,1205,570
563,1,1205,571
563,1,1206,571
563,1,1207,571
563,1,1207,572
563,1,1208,572
563,1,1208,573
563,1,1209,574
563,1,1209,575
563,1,1210,576
563,1,1211,576
563,1,1211,577
563,1,1212,577
563,1,1213,577
563,1,1213,578
563,1,1214,578
563,1,1214,579
563,1,1215,579
563,1,1216,580
563,1,1217,580
563,1,1218,581
563,1,1219,582
563,1,1220,583
563,1,1221,584
563,1,1222,585
563,1,1222,586
563,1,1222,587
563,1,1222,588
563,1,1222,589
563,1,1223,590
563,1,1223,591
563,1,1224,592
563,1,1223,593
563,1,1223,594
563,1,1222,594
563,1,1223,594
563,1,1223,595
563,1,1223,596
563,1,1224,596
563,1,1224,597
563,1,1224,598
563,1,1224,599
563,1,1225,599
563,1,1225,600
563,1,1225,601
563,1,1226,601
563,1,1226,602
563,1,1227,602
563,1,1228,603
563,1,1229,602
563,1,1230,602
563,1,1230,601
563,1,1231,601
563,1,1231,600
563,1,1231,599
563,1,1232,598
563,1,1233,598
563,1,1234,598
563,1,1235,598
563,1,1236,598
563,1,1236,599
563,1,1237,599
563,1,1238,599
563,1,1239,599
563,1,1240,599
563,1,1240,600
563,1,1241,600
563,1,1242,600
563,1,1242,601
563,1,1243,601
563,1,1244,602
563,1,1245,602
563,1,1245,603
563,1,1245,604
563,1,1245,605
563,1,1244,606
563,1,1243,606
563,1,1243,607
563,1,1243,608
563,1,1242,608
563,1,1242,609
563,1,1242,610
563,1,1243,610
563,1,1243,611
563,1,1243,612
563,1,1243,613
563,1,1243,614
563,1,1243,615
563,1,1242,616
563,1,1241,617
563,1,1241,618
563,1,1241,619
563,1,1240,619
563,1,1240,620
563,1,1240,621
563,1,1240,622
563,1,1240,623
563,1,1239,624
563,1,1239,625
563,1,1238,625
563,1,1238,626
563,1,1238,627
563,1,1237,628
563,1,1237,629
563,1,1237,630
563,1,1237,631
563,1,1238,632
563,1,1238,633
563,1,1238,634
563,1,1239,635
563,1,1240,635
563,1,1241,636
563,1,1242,637
563,1,1242,638
563,1,1243,638
563,1,1244,639
563,1,1244,640
563,1,1245,640
563,1,1246,640
563,1,1247,640
563,1,1247,641
563,1,1248,642
563,1,1248,643
563,1,1249,643
563,1,1250,643
563,1,1251,643
563,1,1251,644
563,1,1252,645
563,1,1253,645
563,1,1254,644
563,1,1254,645
563,1,1255,645
563,1,1255,646
563,1,1254,646
563,1,1253,646
563,1,1253,647
563,1,1254,648
563,1,1254,649
563,1,1255,649
563,1,1256,649
563,1,1257,649
563,1,1257,648
563,1,1258,647
563,1,1258,648
563,1,1259,648
563,1,1260,648
563,1,1260,649
563,1,1260,650
563,1,1261,650
563,1,1262,650
563,1,1263,650
563,1,1263,651
563,1,1264,651
563,1,1264,652
563,1,1265,652
563,1,1265,653
563,1,1265,654
563,1,1266,654
563,1,1266,655
563,1,1267,655
563,1,1267,654
563,1,1267,655
563,1,1268,655
563,1,1268,656
563,1,1269,656
563,1,1270,656
563,1,1271,656
563,1,1271,657
563,1,1271,658
563,1,1271,659
563,1,1272,660
563,1,1273,661
563,1,1273,662
563,1,1272,662
563,1,1271,662
563,1,1271,663
563,1,1272,664
563,1,1272,665
563,1,1272,666
563,1,1273,666
563,1,1273,667
563,1,1274,668
563,1,1275,669
563,1,1275,670
563,1,1276,670
563,1,1276,671
563,1,1276,672
563,1,1276,673
563,1,1275,673
563,1,1275,674
563,1,1274,674
563,1,1273,674
563,1,1273,675
563,1,1272,675
563,1,1272,676
563,1,1272,677
563,1,1273,677
563,1,1273,678
563,1,1274,678
563,1,1275,678
563,1,1275,679
563,1,1274,679
563,1,1274,680
563,1,1275,680
563,1,1275,681
563,1,1276,682
563,1,1276,683
563,1,1277,684
563,1,1278,684
563,1,1278,685
563,1,1278,686
563,1,1278,687
563,1,1278,688
563,1,1279,688
563,1,1280,688
563,1,1280,689
563,1,1281,689
563,1,1282,690
563,1,1283,690
563,1,1283,689
563,1,1283,688
563,1,1282,688
563,1,1281,687
563,1,1281,686
563,1,1282,686
563,1,1283,686
563,1,1283,687
563,1,1284,687
563,1,1284,688
563,1,1285,688
563,1,1285,689
563,1,1286,689
563,1,1286,690
563,1,1286,691
563,1,1287,691
563,1,1287,690
563,1,1288,690
563,1,1287,690
563,1,1287,689
563,1,1286,689
563,1,1286,688
563,1,1286,687
563,1,1286,686
563,1,1287,685
563,1,1287,684
563,1,1288,684
563,1,1288,683
563,1,1289,683
563,1,1289,682
563,1,1289,681
563,1,1290,680
563,1,1291,679
563,1,1292,678
563,1,1293,678
563,1,1294,678
563,1,1295,678
563,1,1296,678
563,1,1297,678
563,1,1298,679
563,1,1299,679
563,1,1300,679
563,1,1300,680
563,1,1301,680
563,1,1302,681
563,1,1303,681
563,1,1304,681
563,1,1305,681
563,1,1306,682
563,1,1307,682
563,1,1308,682
563,1,1308,683
563,1,1309,683
563,1,1309,684
563,1,1310,684
563,1,1311,684
563,1,1312,684
563,1,1313,684
563,1,1313,683
563,1,1314,683
563,1,1314,682
563,1,1314,681
563,1,1314,680
563,1,1314,679
563,1,1314,678
563,1,1313,678
563,1,1313,677
563,1,1312,677
563,1,1312,676
563,1,1311,676
563,1,1311,675
563,1,1311,674
563,1,1310,674
563,1,1310,673
563,1,1311,672
563,1,1311,671
563,1,1311,670
563,1,1311,669
563,1,1311,668
563,1,1312,668
563,1,1312,667
563,1,1313,667
563,1,1314,667
563,1,1315,667
563,1,1315,668
563,1,1316,667
563,1,1316,666
563,1,1317,666
563,1,1318,665
563,1,1319,665
563,1,1320,665
563,1,1320,664
563,1,1321,664
563,1,1322,664
563,1,1323,664
563,1,1324,663
563,1,1324,664
563,1,1325,663
563,1,1326,663
563,1,1326,662
563,1,1326,661
563,1,1326,660
563,1,1325,660
563,1,1325,659
563,1,1324,659
563,1,1323,659
563,1,1323,658
563,1,1323,657
563,1,1323,656
563,1,1322,656
563,1,1322,655
563,1,1322,654
563,1,1323,653
563,1,1323,652
563,1,1324,652
563,1,1324,651
563,1,1325,651
563,1,1325,650
563,1,1326,650
563,1,1326,649
563,1,1326,648
563,1,1326,647
563,1,1325,647
563,1,1324,647
563,1,1324,646
563,1,1325,646
563,1,1326,646
563,1,1326,645
563,1,1325,645
563,1,1324,644
563,1,1324,643
563,1,1323,643
563,1,1324,642
563,1,1324,643
563,1,1325,643
563,1,1326,643
563,1,1327,643
563,1,1326,642
563,1,1325,642
563,1,1324,642
563,1,1324,641
563,1,1325,641
563,1,1326,641
563,1,1326,640
563,1,1326,639
563,1,1326,638
563,1,1326,637
563,1,1326,636
563,1,1325,636
563,1,1325,635
563,1,1326,635
563,1,1327,635
563,1,1328,634
563,1,1328,633
563,1,1326,634
563,1,1326,633
563,1,1326,632
563,1,1327,632
563,1,1327,631
563,1,1328,631
563,1,1329,631
563,1,1329,630
563,1,1329,629
563,1,1329,630
563,1,1328,630
563,1,1329,630
563,1,1328,629
563,1,1327,628
563,1,1326,628
563,1,1326,627
563,1,1327,626
563,1,1326,626
563,1,1326,625
563,1,1327,626
563,1,1327,625
563,1,1328,625
563,1,1327,625
563,1,1327,624
563,1,1328,624
563,1,1328,623
563,1,1329,623
563,1,1329,624
563,1,1330,624
563,1,1330,623
563,1,1330,622
563,1,1331,622
563,1,1331,623
563,1,1331,624
563,1,1332,624
563,1,1332,623
563,1,1332,622
563,1,1332,621
563,1,1332,620
563,1,1333,619
563,1,1334,619
563,1,1334,618
563,1,1335,617
563,1,1335,616
563,1,1335,615
563,1,1334,615
563,1,1334,614
563,1,1335,614
563,1,1336,613
563,1,1337,613
563,1,1337,612
563,1,1338,612
563,1,1337,611
563,1,1337,610
563,1,1337,609
563,1,1338,609
563,1,1338,608
563,1,1339,608
563,1,1338,608
563,1,1338,607
563,1,1338,606
563,1,1338,605
563,1,1339,605
563,1,1339,604
563,1,1340,604
563,1,1341,604
563,1,1341,603
563,1,1342,603
563,1,1342,602
563,1,1342,601
563,1,1342,600
563,1,1342,599
563,1,1342,598
563,1,1341,597
563,1,1341,596
563,1,1341,595
563,1,1340,595
563,1,1340,594
563,1,1340,593
563,1,1341,593
563,1,1340,592
563,1,1341,592
563,1,1341,591
563,1,1341,590
563,1,1340,590
563,1,1340,589
563,1,1339,589
563,1,1338,589
563,1,1339,589
563,1,1339,588
563,1,1338,588
563,1,1338,587
563,1,1338,586
563,1,1338,585
563,1,1337,585
563,1,1337,584
563,1,1336,584
563,1,1336,583
563,1,1335,583
563,1,1336,583
563,1,1335,582
563,1,1335,583
563,1,1335,582
563,1,1335,581
563,1,1336,581
563,1,1335,581
563,1,1335,580
563,1,1336,580
563,1,1336,579
563,1,1337,579
563,1,1337,578
563,1,1337,577
563,1,1337,576
563,1,1336,576
563,1,1336,575
563,1,1336,574
563,1,1335,574
563,1,1336,573
563,1,1336,572
563,1,1337,572
563,1,1338,572
563,1,1338,571
563,1,1338,570
563,1,1338,569
563,1,1338,568
563,1,1338,567
563,1,1338,565
563,1,1338,563
563,1,1338,562
563,1,1337,561
563,1,1337,560
563,1,1337,559
563,1,1337,557
563,1,1337,556
563,1,1337,555
563,1,1337,554
563,1,1337,553
563,1,1337,552
563,1,1337,551
563,1,1336,550
563,1,1336,549
563,1,1336,548
563,1,1336,547
563,1,1336,546
563,1,1336,544
563,1,1336,543
563,1,1336,542
563,1,1336,541
563,1,1336,540
563,1,1336,539
563,1,1335,539
563,1,1335,537
563,1,1335,536
563,1,1335,535
563,1,1335,534
563,1,1335,533
563,1,1335,532
563,1,1335,531
563,1,1335,530
563,1,1335,529
563,1,1335,528
563,1,1335,527
563,1,1334,526
563,1,1334,525
563,1,1334,524
563,1,1334,522
563,1,1334,521
563,1,1334,520
563,1,1334,519
563,1,1334,518
563,1,1334,517
563,1,1334,516
563,1,1334,515
563,1,1333,514
563,1,1333,513
563,1,1333,512
563,1,1333,511
563,1,1333,509
563,1,1333,508
563,1,1333,507
563,1,1333,505
563,1,1333,504
563,1,1332,503
563,1,1332,502
563,1,1332,501
563,1,1332,499
563,1,1332,498
563,1,1332,497
563,1,1332,496
563,1,1332,495
563,1,1332,494
563,1,1332,492
563,1,1331,491
563,1,1331,489
563,1,1331,488
563,1,1331,487
563,1,1331,486
563,1,1331,485
563,1,1331,484
563,1,1331,483
563,1,1331,482
563,1,1330,480
563,1,1330,478
563,1,1330,477
563,1,1330,475
563,1,1330,473
563,1,1330,472
563,1,1330,471
563,1,1330,470
563,1,1330,469
563,1,1329,469
563,1,1329,468
563,1,1329,467
563,1,1329,466
563,1,1329,465
563,1,1329,464
563,1,1329,463
563,1,1329,462
563,1,1329,461
563,1,1329,460
563,1,1329,459
563,1,1329,458
563,1,1328,458
563,1,1328,457
563,1,1328,456
563,1,1328,455
563,1,1328,456
563,1,1327,456
563,1,1327,455
563,1,1326,454
563,1,1326,453
563,1,1325,453
563,1,1325,452
563,1,1325,451
563,1,1325,450
563,1,1325,449
563,1,1324,449
563,1,1324,448
563,1,1324,447
563,1,1323,446
563,1,1324,446
563,1,1323,446
563,1,1323,445
563,1,1323,444
563,1,1322,444
563,1,1322,443
563,1,1322,442
563,1,1322,441
563,1,1321,441
563,1,1321,440
563,1,1320,440
563,1,1320,439
563,1,1319,439
563,1,1319,438
563,1,1318,437
563,1,1318,436
563,1,1317,436
563,1,1317,435
563,1,1316,434
563,1,1316,433
563,1,1316,432
563,1,1315,432
563,1,1315,431
563,1,1315,430
563,1,1315,429
563,1,1315,428
563,1,1315,427
563,1,1316,427
563,1,1316,426
563,1,1316,425
563,1,1316,424
563,1,1316,423
563,1,1316,422
563,1,1315,421
563,1,1314,421
563,1,1313,421
563,1,1312,421
563,1,1311,421
563,1,1310,421
563,1,1309,422
563,1,1308,422
563,1,1307,422
563,1,1306,422
563,1,1305,422
563,1,1304,422
563,1,1303,422
563,1,1302,422
563,1,1301,422
563,1,1300,422
563,1,1299,422
563,1,1298,422
563,1,1298,423
563,1,1297,423
563,1,1296,423
563,1,1295,423
563,1,1294,423
563,1,1293,423
563,1,1292,423
563,1,1291,423
563,1,1290,423
563,1,1289,423
563,1,1288,423
563,1,1287,423
563,1,1286,423
563,1,1285,423
563,1,1285,424
563,1,1284,424
563,1,1283,424
563,1,1282,424
563,1,1281,424
563,1,1280,424
563,1,1278,424
563,1,1277,424
563,1,1276,424
563,1,1275,424
563,1,1274,424
563,1,1273,424
563,1,1272,424
563,1,1271,424
563,1,1270,425
563,1,1269,425
563,1,1268,425
563,1,1266,425
563,1,1265,425
563,1,1264,425
563,1,1263,425
563,1,1261,425
563,1,1260,425
563,1,1259,425
563,1,1258,425
563,1,1257,425
563,1,1256,425
563,1,1255,425
563,1,1254,425
563,1,1253,425
563,1,1252,425
563,1,1251,425
563,1,1251,426
563,1,1250,426
563,1,1249,426
563,1,1248,426
563,1,1247,426
563,1,1246,426
563,1,1245,426
563,1,1244,426
563,1,1242,426
563,1,1241,426
563,1,1240,426
563,1,1239,426
563,1,1238,426
563,1,1236,426
563,1,1235,426
563,1,1234,426
563,1,1233,426
563,1,1232,427
563,1,1231,427
563,1,1230,427
563,1,1229,427
563,1,1228,427
563,1,1227,427
563,1,1226,427
563,1,1225,427
563,1,1224,427
563,1,1223,427
563,1,1222,427
563,1,1221,427
563,1,1220,427
563,1,1219,427
563,1,1218,427
563,1,1217,427
563,1,1216,427
563,1,1216,428
563,1,1215,428
563,1,1215,429
563,1,1216,429
563,1,1216,430
563,1,1217,430
563,1,1218,430
563,1,1218,431
563,1,1219,431
563,1,1219,432
563,1,1220,432
563,1,1221,432
563,1,1221,433
563,1,1222,433
563,1,1222,434
563,1,1223,434
563,1,1224,435
563,1,1224,436
563,1,1224,437
563,1,1224,438
563,1,1224,439
563,1,1225,440
563,1,1225,441
563,1,1226,441
563,1,1227,441
563,1,1227,442
563,1,1228,442
563,1,1229,442
563,1,1229,443
563,1,1230,443
563,1,1231,443
563,1,1232,443
563,1,1232,444
563,1,1232,445
563,1,1233,445
563,1,1234,445
563,1,1234,446
563,1,1234,447
563,1,1234,448
563,1,1234,449
563,1,1234,450
563,1,1235,450
563,1,1235,451
563,1,1235,452
563,1,1234,452
563,1,1234,453
563,1,1234,454
563,1,1235,454
563,1,1235,455
563,1,1235,456
563,1,1234,457
563,1,1234,458
563,1,1234,459
563,1,1234,460
563,1,1233,461
563,1,1232,462
563,1,1231,462
563,1,1230,463
563,1,1230,464
563,1,1229,464
563,1,1229,465
563,1,1230,465
563,1,1230,466
563,1,1229,466
563,1,1229,467
563,1,1229,468
563,1,1229,469
563,1,1229,470
563,1,1229,471
563,1,1228,471
563,1,1228,472
563,1,1227,472
563,1,1226,472
563,1,1226,473
563,1,1225,474
563,1,1224,475
563,1,1223,475
563,1,1222,475
563,1,1221,475
563,1,1220,475
563,1,1220,476
563,1,1219,477
563,1,1218,478
563,1,1217,478
563,1,1216,478
563,1,1215,479
563,1,1214,479
563,1,1213,479
563,1,1213,478
563,1,1212,479
563,1,1212,478
563,1,1211,479
563,1,1210,479
563,1,1210,480
563,1,1209,480
563,1,1208,480
563,1,1207,480
563,1,1206,480
563,1,1205,480
563,1,1205,481
563,1,1204,481
563,1,1204,482
563,1,1204,483
563,1,1204,485
563,1,1204,486
563,1,1203,486
563,1,1203,487
563,1,1203,488
563,1,1202,489
563,1,1202,490
563,1,1203,490
563,1,1204,491
563,1,1204,492
563,1,1205,492
563,1,1205,493
563,1,1206,493
563,1,1207,493
563,1,1207,494
563,1,1208,494
563,1,1208,495
563,1,1208,496
563,1,1209,496
563,1,1209,497
563,1,1209,498
563,1,1209,499
563,1,1209,500
563,1,1209,501
563,1,1209,502
563,1,1209,503
563,1,1209,504
563,1,1208,504
563,1,1208,505
563,1,1207,505
563,1,1207,506
563,1,1206,506
563,1,1206,507
563,1,1206,508
563,1,1205,508
563,1,1205,509
563,1,1204,509
563,1,1204,510
563,1,1204,511
563,1,1204,512
563,1,1204,513
563,1,1204,514
563,1,1204,515
563,1,1204,516
563,1,1204,517
563,1,1203,517
563,1,1202,518
563,1,1201,519
563,1,1200,519
563,1,1199,519
563,1,1198,519
563,1,1197,519
563,1,1196,520
563,1,1195,520
563,1,1195,521
563,1,1195,522
563,1,1194,522
563,1,1194,523
563,1,1193,523
563,1,1193,524
563,1,1194,524
563,1,1195,524
563,1,1195,525
563,1,1195,526
563,1,1195,527
563,1,1195,528
563,1,1195,529
563,1,1195,530
563,1,1195,531
563,1,1194,531
563,1,1193,531
564,1,1788,221
564,1,1788,222
564,1,1788,223
564,1,1789,223
564,1,1789,224
564,1,1789,225
564,1,1790,225
564,1,1790,226
564,1,1789,226
564,1,1789,227
564,1,1789,228
564,1,1789,229
564,1,1789,230
564,1,1790,230
564,1,1790,231
564,1,1791,231
564,1,1791,232
564,1,1791,233
564,1,1791,234
564,1,1791,235
564,1,1791,236
564,1,1791,237
564,1,1791,238
564,1,1791,239
564,1,1791,240
564,1,1792,240
564,1,1792,241
564,1,1792,242
564,1,1793,242
564,1,1793,243
564,1,1794,243
564,1,1794,244
564,1,1795,244
564,1,1795,245
564,1,1796,245
564,1,1796,246
564,1,1796,247
564,1,1797,248
564,1,1796,249
564,1,1796,250
564,1,1796,251
564,1,1796,252
564,1,1797,252
564,1,1797,253
564,1,1797,254
564,1,1797,255
564,1,1798,255
564,1,1798,256
564,1,1798,257
564,1,1797,257
564,1,1797,258
564,1,1797,259
564,1,1796,259
564,1,1796,260
564,1,1796,261
564,1,1796,262
564,1,1796,263
564,1,1796,264
564,1,1796,265
564,1,1796,266
564,1,1796,267
564,1,1797,267
564,1,1797,268
564,1,1798,268
564,1,1798,270
564,1,1798,271
564,1,1798,272
564,1,1799,273
564,1,1800,274
564,1,1800,275
564,1,1800,276
564,1,1801,276
564,1,1800,276
564,1,1800,277
564,1,1801,278
564,1,1802,278
564,1,1802,279
564,1,1802,280
564,1,1802,281
564,1,1802,282
564,1,1802,283
564,1,1801,283
564,1,1801,284
564,1,1801,285
564,1,1801,286
564,1,1802,287
564,1,1802,288
564,1,1802,289
564,1,1803,289
564,1,1803,288
564,1,1803,287
564,1,1803,286
564,1,1804,286
564,1,1805,286
564,1,1806,286
564,1,1806,287
564,1,1806,288
564,1,1807,288
564,1,1808,288
564,1,1808,289
564,1,1809,289
564,1,1809,290
564,1,1808,290
564,1,1809,290
564,1,1809,291
564,1,1809,292
564,1,1809,293
564,1,1809,294
564,1,1810,295
564,1,1810,296
564,1,1810,297
564,1,1810,298
564,1,1811,300
564,1,1811,301
564,1,1811,302
564,1,1811,304
564,1,1812,304
564,1,1812,306
564,1,1812,307
564,1,1812,309
564,1,1813,310
564,1,1813,311
564,1,1813,313
564,1,1813,314
564,1,1814,316
564,1,1814,317
564,1,1814,318
564,1,1815,319
564,1,1815,320
564,1,1815,322
564,1,1815,323
564,1,1815,324
564,1,1816,327
564,1,1817,326
564,1,1819,326
564,1,1820,326
564,1,1821,326
564,1,1823,325
564,1,1824,325
564,1,1825,325
564,1,1828,324
564,1,1830,324
564,1,1830,323
564,1,1831,323
564,1,1832,323
564,1,1833,323
564,1,1835,322
564,1,1836,322
564,1,1837,322
564,1,1839,322
564,1,1840,322
564,1,1841,321
564,1,1842,321
564,1,1844,321
564,1,1844,320
564,1,1843,319
564,1,1842,319
564,1,1842,318
564,1,1841,318
564,1,1841,317
564,1,1840,317
564,1,1840,316
564,1,1840,315
564,1,1839,315
564,1,1839,314
564,1,1840,314
564,1,1840,313
564,1,1840,312
564,1,1840,311
564,1,1839,311
564,1,1840,310
564,1,1841,309
564,1,1841,308
564,1,1842,308
564,1,1842,307
564,1,1841,307
564,1,1841,306
564,1,1840,306
564,1,1840,305
564,1,1841,305
564,1,1841,304
564,1,1841,303
564,1,1841,302
564,1,1840,302
564,1,1840,301
564,1,1839,301
564,1,1840,301
564,1,1840,300
564,1,1839,300
564,1,1840,299
564,1,1839,299
564,1,1839,298
564,1,1840,298
564,1,1839,298
564,1,1839,297
564,1,1839,296
564,1,1839,295
564,1,1840,294
564,1,1840,293
564,1,1840,292
564,1,1839,292
564,1,1839,291
564,1,1838,290
564,1,1838,289
564,1,1838,288
564,1,1838,287
564,1,1838,286
564,1,1838,285
564,1,1838,284
564,1,1837,284
564,1,1837,283
564,1,1837,282
564,1,1837,281
564,1,1837,280
564,1,1838,279
564,1,1838,278
564,1,1838,277
564,1,1838,276
564,1,1838,275
564,1,1838,274
564,1,1838,273
564,1,1839,273
564,1,1839,272
564,1,1840,271
564,1,1840,270
564,1,1841,270
564,1,1840,269
564,1,1841,269
564,1,1841,268
564,1,1841,267
564,1,1840,266
564,1,1840,265
564,1,1841,265
564,1,1840,265
564,1,1840,264
564,1,1841,264
564,1,1841,263
564,1,1841,262
564,1,1842,262
564,1,1842,261
564,1,1841,261
564,1,1842,261
564,1,1842,260
564,1,1841,260
564,1,1841,259
564,1,1841,258
564,1,1841,257
564,1,1841,258
564,1,1842,258
564,1,1842,257
564,1,1841,257
564,1,1842,257
564,1,1842,256
564,1,1842,255
564,1,1842,254
564,1,1843,254
564,1,1842,254
564,1,1842,253
564,1,1843,253
564,1,1842,253
564,1,1842,252
564,1,1842,251
564,1,1841,251
564,1,1841,250
564,1,1842,250
564,1,1841,250
564,1,1841,249
564,1,1840,249
564,1,1840,248
564,1,1840,247
564,1,1840,246
564,1,1840,245
564,1,1839,245
564,1,1839,244
564,1,1840,244
564,1,1840,243
564,1,1840,242
564,1,1841,242
564,1,1841,241
564,1,1842,241
564,1,1843,241
564,1,1843,240
564,1,1844,240
564,1,1845,241
564,1,1845,240
564,1,1846,240
564,1,1846,239
564,1,1847,239
564,1,1846,239
564,1,1846,238
564,1,1847,238
564,1,1847,237
564,1,1848,236
564,1,1849,236
564,1,1850,235
564,1,1850,234
564,1,1851,234
564,1,1851,233
564,1,1851,232
564,1,1852,231
564,1,1852,230
564,1,1852,231
564,1,1852,230
564,1,1853,230
564,1,1852,230
564,1,1852,229
564,1,1852,228
564,1,1851,228
564,1,1852,227
564,1,1853,227
564,1,1852,227
564,1,1853,227
564,1,1852,227
564,1,1852,226
564,1,1853,226
564,1,1853,227
564,1,1853,226
564,1,1852,226
564,1,1852,225
564,1,1852,226
564,1,1852,225
564,1,1852,224
564,1,1851,224
564,1,1852,224
564,1,1851,223
564,1,1850,223
564,1,1850,222
564,1,1850,221
564,1,1849,221
564,1,1849,220
564,1,1848,220
564,1,1848,219
564,1,1848,218
564,1,1849,218
564,1,1849,217
564,1,1849,216
564,1,1849,215
564,1,1849,214
564,1,1849,213
564,1,1850,213
564,1,1850,212
564,1,1850,211
564,1,1850,210
564,1,1849,210
564,1,1850,210
564,1,1849,210
564,1,1849,209
564,1,1849,210
564,1,1849,209
564,1,1849,208
564,1,1848,208
564,1,1848,207
564,1,1849,206
564,1,1850,206
564,1,1849,206
564,1,1848,206
564,1,1847,206
564,1,1845,207
564,1,1843,208
564,1,1840,208
564,1,1836,210
564,1,1835,210
564,1,1834,210
564,1,1833,210
564,1,1832,211
564,1,1831,211
564,1,1830,211
564,1,1829,211
564,1,1828,212
564,1,1827,212
564,1,1825,213
564,1,1824,213
564,1,1823,213
564,1,1822,213
564,1,1821,213
564,1,1819,214
564,1,1818,214
564,1,1817,214
564,1,1815,215
564,1,1814,215
564,1,1813,215
564,1,1810,216
564,1,1809,216
564,1,1807,217
564,1,1805,217
564,1,1802,218
564,1,1801,218
564,1,1800,218
564,1,1799,219
564,1,1798,219
564,1,1797,219
564,1,1794,220
564,1,1793,220
564,1,1792,220
564,1,1791,221
564,1,1788,221
566,1,1770,491
566,1,1771,492
566,1,1771,493
566,1,1772,493
566,1,1773,493
566,1,1773,494
566,1,1773,495
566,1,1772,495
566,1,1772,496
566,1,1773,496
566,1,1773,497
566,1,1772,498
566,1,1773,498
566,1,1773,499
566,1,1774,499
566,1,1775,499
566,1,1775,500
566,1,1776,500
566,1,1777,501
566,1,1778,502
566,1,1779,502
566,1,1779,503
566,1,1780,503
566,1,1781,503
566,1,1782,503
566,1,1782,504
566,1,1783,504
566,1,1783,505
566,1,1784,505
566,1,1784,504
566,1,1784,505
566,1,1784,504
566,1,1785,504
566,1,1785,505
566,1,1786,505
566,1,1785,505
566,1,1786,506
566,1,1787,506
566,1,1788,507
566,1,1788,506
566,1,1788,507
566,1,1789,507
566,1,1789,508
566,1,1789,509
566,1,1790,509
566,1,1791,509
566,1,1790,508
566,1,1791,508
566,1,1791,507
566,1,1792,507
566,1,1793,507
566,1,1793,506
566,1,1794,506
566,1,1794,507
566,1,1794,508
566,1,1795,508
566,1,1796,507
566,1,1797,507
566,1,1798,507
566,1,1798,508
566,1,1799,508
566,1,1800,508
566,1,1800,509
566,1,1800,510
566,1,1800,511
566,1,1800,512
566,1,1799,513
566,1,1799,514
566,1,1799,515
566,1,1799,516
566,1,1799,517
566,1,1799,518
566,1,1799,519
566,1,1799,520
566,1,1800,519
566,1,1801,519
566,1,1802,519
566,1,1802,518
566,1,1803,518
566,1,1803,517
566,1,1804,517
566,1,1804,516
566,1,1804,515
566,1,1805,515
566,1,1805,514
566,1,1804,514
566,1,1804,513
566,1,1805,513
566,1,1805,512
566,1,1806,512
566,1,1806,511
566,1,1806,510
566,1,1807,509
566,1,1806,509
566,1,1806,508
566,1,1807,507
566,1,1807,506
566,1,1807,505
566,1,1808,504
566,1,1808,503
566,1,1808,502
566,1,1809,502
566,1,1809,501
566,1,1809,500
566,1,1810,500
566,1,1810,499
566,1,1811,499
566,1,1811,498
566,1,1811,497
566,1,1812,497
566,1,1812,496
566,1,1813,496
566,1,1813,495
566,1,1814,495
566,1,1814,494
566,1,1815,494
566,1,1815,493
566,1,1816,492
566,1,1816,491
566,1,1817,490
566,1,1816,490
566,1,1817,489
566,1,1817,488
566,1,1816,488
566,1,1816,487
566,1,1817,487
566,1,1818,486
566,1,1818,485
566,1,1818,484
566,1,1819,483
566,1,1819,482
566,1,1819,481
566,1,1820,480
566,1,1820,479
566,1,1820,478
566,1,1820,477
566,1,1821,477
566,1,1821,476
566,1,1821,475
566,1,1821,474
566,1,1821,473
566,1,1821,471
566,1,1821,468
566,1,1820,466
566,1,1820,465
566,1,1820,464
566,1,1820,463
566,1,1820,462
566,1,1820,461
566,1,1820,459
566,1,1820,458
566,1,1820,457
566,1,1820,456
566,1,1820,455
566,1,1820,454
566,1,1820,453
566,1,1820,452
566,1,1820,451
566,1,1820,450
566,1,1820,449
566,1,1820,448
566,1,1820,447
566,1,1819,447
566,1,1819,446
566,1,1819,445
566,1,1819,444
566,1,1819,443
566,1,1819,442
566,1,1818,442
566,1,1818,441
566,1,1818,440
566,1,1817,440
566,1,1817,439
566,1,1816,439
566,1,1817,439
566,1,1817,440
566,1,1818,441
566,1,1818,442
566,1,1817,442
566,1,1816,442
566,1,1815,442
566,1,1814,442
566,1,1814,441
566,1,1813,441
566,1,1812,441
566,1,1812,442
566,1,1811,442
566,1,1811,441
566,1,1811,442
566,1,1810,442
566,1,1809,442
566,1,1808,442
566,1,1807,441
566,1,1807,440
566,1,1807,439
566,1,1808,439
566,1,1807,439
566,1,1807,438
566,1,1807,437
566,1,1808,437
566,1,1808,436
566,1,1808,435
566,1,1808,434
566,1,1808,433
566,1,1808,432
566,1,1809,432
566,1,1809,431
566,1,1810,432
566,1,1810,431
566,1,1809,431
566,1,1810,430
566,1,1810,429
566,1,1811,429
566,1,1811,430
566,1,1810,430
566,1,1810,431
566,1,1810,432
566,1,1811,432
566,1,1812,432
566,1,1812,431
566,1,1812,430
566,1,1812,429
566,1,1813,429
566,1,1813,428
566,1,1813,427
566,1,1813,426
566,1,1813,425
566,1,1814,425
566,1,1814,424
566,1,1814,423
566,1,1814,422
566,1,1814,421
566,1,1814,420
566,1,1815,420
566,1,1815,419
566,1,1815,418
566,1,1815,417
566,1,1815,416
566,1,1815,415
566,1,1815,414
566,1,1814,414
566,1,1814,413
566,1,1813,413
566,1,1812,413
566,1,1811,413
566,1,1811,412
566,1,1810,412
566,1,1809,412
566,1,1808,412
566,1,1807,411
566,1,1806,411
566,1,1805,411
566,1,1804,410
566,1,1803,410
566,1,1802,410
566,1,1801,410
566,1,1801,409
566,1,1799,409
566,1,1798,408
566,1,1797,408
566,1,1796,408
566,1,1795,408
566,1,1795,407
566,1,1794,407
566,1,1793,407
566,1,1792,406
566,1,1791,406
566,1,1790,406
566,1,1789,405
566,1,1788,405
566,1,1786,404
566,1,1785,404
566,1,1784,403
566,1,1783,403
566,1,1782,404
566,1,1781,404
566,1,1781,405
566,1,1780,405
566,1,1780,406
566,1,1780,407
566,1,1779,407
566,1,1779,408
566,1,1779,409
566,1,1778,409
566,1,1778,410
566,1,1778,411
566,1,1779,411
566,1,1778,412
566,1,1778,413
566,1,1778,414
566,1,1777,415
566,1,1777,416
566,1,1776,416
566,1,1777,416
566,1,1776,417
566,1,1775,417
566,1,1775,418
566,1,1776,418
566,1,1776,419
566,1,1775,419
566,1,1775,420
566,1,1775,421
566,1,1774,421
566,1,1774,422
566,1,1773,422
566,1,1773,423
566,1,1772,423
566,1,1772,424
566,1,1771,424
566,1,1772,424
566,1,1771,425
566,1,1772,425
566,1,1772,426
566,1,1773,426
566,1,1773,427
566,1,1774,427
566,1,1774,428
566,1,1775,428
566,1,1775,429
566,1,1776,429
566,1,1775,429
566,1,1775,430
566,1,1774,430
566,1,1774,431
566,1,1775,431
566,1,1775,432
566,1,1774,432
566,1,1775,432
566,1,1775,433
566,1,1774,433
566,1,1774,434
566,1,1773,434
566,1,1772,434
566,1,1772,435
566,1,1772,436
566,1,1772,437
566,1,1772,438
566,1,1772,439
566,1,1773,439
566,1,1773,440
566,1,1773,441
566,1,1773,442
566,1,1773,443
566,1,1774,443
566,1,1774,444
566,1,1775,444
566,1,1776,443
566,1,1777,444
566,1,1778,444
566,1,1778,445
566,1,1779,445
566,1,1779,446
566,1,1779,447
566,1,1779,448
566,1,1779,449
566,1,1780,450
566,1,1781,450
566,1,1781,451
566,1,1782,450
566,1,1783,450
566,1,1784,450
566,1,1784,451
566,1,1784,452
566,1,1785,452
566,1,1785,453
566,1,1786,453
566,1,1786,454
566,1,1787,454
566,1,1788,454
566,1,1788,455
566,1,1789,455
566,1,1789,456
566,1,1790,457
566,1,1791,457
566,1,1792,457
566,1,1792,458
566,1,1793,458
566,1,1793,459
566,1,1794,459
566,1,1795,460
566,1,1795,461
566,1,1794,461
566,1,1793,462
566,1,1792,462
566,1,1791,462
566,1,1791,463
566,1,1791,464
566,1,1790,465
566,1,1789,465
566,1,1788,466
566,1,1787,467
566,1,1787,468
566,1,1786,468
566,1,1786,469
566,1,1785,469
566,1,1785,470
566,1,1784,471
566,1,1783,471
566,1,1783,472
566,1,1782,472
566,1,1782,473
566,1,1782,474
566,1,1783,474
566,1,1783,475
566,1,1783,476
566,1,1782,476
566,1,1781,477
566,1,1780,477
566,1,1780,478
566,1,1779,478
566,1,1779,479
566,1,1778,479
566,1,1777,479
566,1,1776,479
566,1,1776,480
566,1,1775,480
566,1,1775,481
566,1,1774,482
566,1,1773,483
566,1,1773,484
566,1,1773,485
566,1,1772,486
566,1,1773,487
566,1,1772,487
566,1,1772,488
566,1,1772,489
566,1,1771,490
566,1,1771,491
566,1,1770,491
567,1,771,112
567,1,771,113
567,1,771,114
567,1,771,115
567,1,770,116
567,1,770,117
567,1,770,118
567,1,770,119
567,1,770,121
567,1,770,122
567,1,770,123
567,1,770,124
567,1,770,125
567,1,770,127
567,1,770,128
567,1,769,128
567,1,769,129
567,1,769,130
567,1,769,131
567,1,769,132
567,1,769,133
567,1,769,134
567,1,769,135
567,1,769,137
567,1,769,138
567,1,769,139
567,1,768,140
567,1,768,141
567,1,768,142
567,1,768,143
567,1,768,144
567,1,768,145
567,1,768,146
567,1,768,147
567,1,768,149
567,1,768,150
567,1,768,151
567,1,768,152
567,1,767,153
567,1,767,154
567,1,767,158
567,1,767,159
567,1,767,160
567,1,767,161
567,1,767,164
567,1,767,165
567,1,766,166
567,1,766,168
567,1,766,171
567,1,766,174
567,1,766,176
567,1,765,177
567,1,765,178
567,1,765,181
567,1,765,184
567,1,765,185
567,1,765,187
567,1,764,188
567,1,764,189
567,1,764,190
567,1,764,191
567,1,764,193
567,1,764,194
567,1,764,196
567,1,764,199
567,1,763,200
567,1,763,202
567,1,763,203
567,1,763,204
567,1,763,207
567,1,763,209
567,1,763,210
567,1,762,214
567,1,762,216
567,1,762,218
567,1,762,219
567,1,762,220
567,1,761,223
567,1,761,224
567,1,761,225
567,1,761,226
567,1,761,228
567,1,761,230
567,1,760,236
567,1,760,238
567,1,760,239
567,1,760,240
567,1,760,244
567,1,759,248
567,1,759,250
567,1,759,254
567,1,759,256
567,1,763,257
567,1,769,257
567,1,771,257
567,1,773,258
567,1,774,258
567,1,775,258
567,1,777,258
567,1,779,258
567,1,780,258
567,1,781,258
567,1,783,258
567,1,784,258
567,1,785,259
567,1,786,259
567,1,788,259
567,1,789,259
567,1,790,259
567,1,791,259
567,1,792,259
567,1,793,259
567,1,794,259
567,1,795,259
567,1,796,259
567,1,797,259
567,1,798,259
567,1,798,260
567,1,800,260
567,1,802,260
567,1,803,260
567,1,804,260
567,1,805,260
567,1,806,260
567,1,807,260
567,1,808,260
567,1,810,260
567,1,811,260
567,1,812,260
567,1,812,261
567,1,813,261
567,1,814,261
567,1,815,261
567,1,816,261
567,1,819,261
567,1,820,261
567,1,821,261
567,1,822,261
567,1,823,261
567,1,824,261
567,1,825,261
567,1,827,262
567,1,828,262
567,1,831,262
567,1,832,262
567,1,833,262
567,1,834,262
567,1,835,262
567,1,836,262
567,1,837,262
567,1,838,262
567,1,839,262
567,1,841,262
567,1,842,262
567,1,845,263
567,1,846,263
567,1,848,263
567,1,849,263
567,1,850,263
567,1,851,263
567,1,853,263
567,1,854,263
567,1,855,263
567,1,856,263
567,1,857,263
567,1,858,263
567,1,861,264
567,1,862,264
567,1,864,264
567,1,867,264
567,1,868,264
567,1,869,264
567,1,870,264
567,1,872,264
567,1,873,264
567,1,874,264
567,1,877,264
567,1,878,264
567,1,879,264
567,1,880,264
567,1,884,265
567,1,887,265
567,1,888,265
567,1,889,265
567,1,890,265
567,1,891,265
567,1,893,265
567,1,894,265
567,1,895,265
567,1,896,265
567,1,898,265
567,1,899,265
567,1,902,266
567,1,903,266
567,1,904,266
567,1,905,266
567,1,906,266
567,1,907,266
567,1,909,266
567,1,911,266
567,1,912,266
567,1,914,266
567,1,916,266
567,1,917,266
567,1,918,266
567,1,920,266
567,1,924,266
567,1,927,266
567,1,928,267
567,1,930,267
567,1,931,267
567,1,932,267
567,1,934,267
567,1,935,267
567,1,936,267
567,1,938,267
567,1,939,267
567,1,940,267
567,1,944,267
567,1,945,267
567,1,946,267
567,1,947,267
567,1,948,267
567,1,949,267
567,1,951,267
567,1,952,267
567,1,954,267
567,1,955,267
567,1,957,267
567,1,958,267
567,1,960,268
567,1,961,268
567,1,962,268
567,1,964,268
567,1,965,268
567,1,967,268
567,1,968,268
567,1,969,268
567,1,970,268
567,1,971,268
567,1,973,268
567,1,974,268
567,1,976,268
567,1,977,268
567,1,978,268
567,1,981,268
567,1,982,268
567,1,983,268
567,1,986,268
567,1,989,268
567,1,990,268
567,1,991,268
567,1,992,268
567,1,993,268
567,1,994,268
567,1,995,268
567,1,997,268
567,1,999,268
567,1,1000,268
567,1,1001,268
567,1,1002,268
567,1,1003,268
567,1,1004,268
567,1,1005,268
567,1,1006,268
567,1,1007,268
567,1,1008,268
567,1,1009,268
567,1,1008,268
567,1,1008,267
567,1,1008,266
567,1,1008,265
567,1,1008,264
567,1,1008,263
567,1,1009,262
567,1,1009,261
567,1,1009,260
567,1,1008,260
567,1,1009,260
567,1,1009,259
567,1,1008,259
567,1,1008,258
567,1,1008,257
567,1,1008,256
567,1,1008,255
567,1,1008,254
567,1,1007,254
567,1,1008,253
567,1,1007,253
567,1,1007,252
567,1,1008,252
567,1,1007,252
567,1,1008,252
567,1,1007,252
567,1,1008,252
567,1,1007,252
567,1,1008,252
567,1,1008,251
567,1,1007,251
567,1,1008,251
567,1,1007,251
567,1,1008,251
567,1,1007,251
567,1,1007,250
567,1,1008,250
567,1,1007,250
567,1,1007,249
567,1,1006,248
567,1,1006,247
567,1,1005,247
567,1,1006,247
567,1,1005,247
567,1,1005,246
567,1,1004,246
567,1,1005,245
567,1,1004,245
567,1,1004,244
567,1,1003,244
567,1,1004,244
567,1,1003,244
567,1,1004,244
567,1,1004,243
567,1,1003,243
567,1,1004,243
567,1,1003,242
567,1,1003,243
567,1,1003,242
567,1,1003,241
567,1,1003,240
567,1,1003,239
567,1,1002,239
567,1,1002,238
567,1,1003,238
567,1,1002,238
567,1,1003,238
567,1,1002,238
567,1,1003,238
567,1,1002,238
567,1,1002,237
567,1,1002,236
567,1,1002,237
567,1,1002,236
567,1,1002,235
567,1,1001,235
567,1,1001,236
567,1,1001,235
567,1,1002,235
567,1,1001,235
567,1,1001,234
567,1,1001,233
567,1,1001,232
567,1,1001,233
567,1,1001,232
567,1,1001,231
567,1,1002,231
567,1,1001,231
567,1,1002,231
567,1,1002,230
567,1,1001,230
567,1,1002,230
567,1,1001,230
567,1,1002,230
567,1,1001,230
567,1,1002,230
567,1,1002,229
567,1,1001,229
567,1,1002,229
567,1,1001,229
567,1,1002,229
567,1,1001,229
567,1,1001,228
567,1,1002,229
567,1,1002,228
567,1,1001,228
567,1,1002,228
567,1,1001,228
567,1,1001,227
567,1,1001,226
567,1,1002,226
567,1,1001,225
567,1,1002,225
567,1,1001,225
567,1,1002,225
567,1,1002,224
567,1,1001,224
567,1,1002,224
567,1,1002,223
567,1,1002,222
567,1,1002,221
567,1,1003,221
567,1,1002,221
567,1,1003,221
567,1,1002,221
567,1,1002,220
567,1,1002,221
567,1,1001,221
567,1,1002,221
567,1,1001,221
567,1,1001,220
567,1,1001,219
567,1,1000,219
567,1,1000,218
567,1,1000,217
567,1,1000,216
567,1,1001,216
567,1,1000,216
567,1,1001,216
567,1,1001,215
567,1,1000,215
567,1,1000,216
567,1,1000,215
567,1,1000,214
567,1,1000,215
567,1,1000,214
567,1,1001,214
567,1,1000,213
567,1,1001,213
567,1,1000,213
567,1,1001,213
567,1,1000,213
567,1,1000,212
567,1,1001,212
567,1,1000,212
567,1,1000,211
567,1,1000,210
567,1,1000,209
567,1,1000,208
567,1,1000,209
567,1,1000,208
567,1,1000,207
567,1,1000,206
567,1,1000,205
567,1,1000,204
567,1,1000,203
567,1,1000,202
567,1,1000,201
567,1,1000,200
567,1,999,200
567,1,1000,200
567,1,999,200
567,1,1000,200
567,1,999,200
567,1,999,199
567,1,1000,199
567,1,1000,198
567,1,999,198
567,1,1000,198
567,1,999,198
567,1,999,197
567,1,999,196
567,1,999,195
567,1,999,196
567,1,999,195
567,1,1000,195
567,1,1000,194
567,1,999,194
567,1,999,195
567,1,999,194
567,1,1000,194
567,1,999,194
567,1,1000,194
567,1,1000,193
567,1,999,193
567,1,999,192
567,1,1000,192
567,1,999,192
567,1,1000,192
567,1,1000,191
567,1,999,191
567,1,1000,191
567,1,999,191
567,1,1000,191
567,1,1000,190
567,1,999,190
567,1,999,191
567,1,999,190
567,1,1000,190
567,1,999,190
567,1,1000,190
567,1,1000,189
567,1,999,189
567,1,1000,189
567,1,999,189
567,1,1000,188
567,1,999,188
567,1,999,187
567,1,998,187
567,1,999,187
567,1,999,186
567,1,998,186
567,1,999,186
567,1,998,186
567,1,998,185
567,1,999,185
567,1,998,185
567,1,998,184
567,1,998,185
567,1,998,184
567,1,997,184
567,1,998,184
567,1,997,183
567,1,997,182
567,1,997,181
567,1,997,180
567,1,996,180
567,1,996,179
567,1,995,179
567,1,996,179
567,1,996,178
567,1,995,178
567,1,995,177
567,1,995,176
567,1,994,176
567,1,994,175
567,1,994,174
567,1,994,173
567,1,993,172
567,1,993,171
567,1,993,170
567,1,993,169
567,1,993,168
567,1,993,167
567,1,992,167
567,1,992,166
567,1,992,165
567,1,991,165
567,1,992,165
567,1,991,165
567,1,991,164
567,1,991,163
567,1,990,163
567,1,991,162
567,1,990,162
567,1,990,161
567,1,991,161
567,1,990,161
567,1,990,160
567,1,991,160
567,1,991,159
567,1,991,160
567,1,991,159
567,1,990,159
567,1,991,159
567,1,990,159
567,1,990,158
567,1,991,158
567,1,990,158
567,1,991,158
567,1,991,157
567,1,990,157
567,1,991,157
567,1,991,156
567,1,991,155
567,1,991,156
567,1,991,155
567,1,991,154
567,1,991,153
567,1,990,153
567,1,990,152
567,1,991,152
567,1,991,151
567,1,991,152
567,1,990,152
567,1,990,151
567,1,991,151
567,1,991,150
567,1,990,150
567,1,991,150
567,1,991,149
567,1,990,149
567,1,991,149
567,1,990,149
567,1,991,148
567,1,990,147
567,1,991,147
567,1,990,147
567,1,991,147
567,1,991,146
567,1,991,147
567,1,991,146
567,1,990,146
567,1,990,145
567,1,991,145
567,1,990,145
567,1,990,144
567,1,991,144
567,1,990,144
567,1,990,143
567,1,991,143
567,1,990,143
567,1,991,142
567,1,990,142
567,1,991,142
567,1,991,141
567,1,990,141
567,1,991,141
567,1,990,141
567,1,991,140
567,1,991,141
567,1,991,140
567,1,992,140
567,1,992,139
567,1,992,138
567,1,992,137
567,1,991,136
567,1,992,136
567,1,991,136
567,1,991,135
567,1,991,134
567,1,990,134
567,1,991,134
567,1,991,133
567,1,990,133
567,1,991,133
567,1,990,133
567,1,990,132
567,1,990,131
567,1,989,131
567,1,990,131
567,1,990,130
567,1,989,130
567,1,990,130
567,1,990,129
567,1,989,129
567,1,989,128
567,1,990,128
567,1,989,128
567,1,989,127
567,1,989,126
567,1,988,126
567,1,989,126
567,1,989,125
567,1,988,125
567,1,988,124
567,1,988,123
567,1,988,122
567,1,983,122
567,1,982,122
567,1,978,122
567,1,974,122
567,1,971,122
567,1,970,122
567,1,969,122
567,1,965,122
567,1,957,122
567,1,953,122
567,1,952,122
567,1,948,121
567,1,944,121
567,1,940,121
567,1,936,121
567,1,932,121
567,1,928,121
567,1,927,121
567,1,923,121
567,1,920,121
567,1,919,121
567,1,915,120
567,1,911,120
567,1,905,120
567,1,904,120
567,1,903,120
567,1,902,120
567,1,901,120
567,1,895,120
567,1,894,120
567,1,890,119
567,1,886,119
567,1,882,119
567,1,881,119
567,1,877,119
567,1,873,119
567,1,871,118
567,1,870,118
567,1,869,118
567,1,865,118
567,1,864,118
567,1,861,118
567,1,860,118
567,1,859,118
567,1,857,118
567,1,856,118
567,1,853,118
567,1,852,117
567,1,848,117
567,1,844,117
567,1,840,117
567,1,836,116
567,1,835,116
567,1,832,116
567,1,831,116
567,1,829,116
567,1,827,116
567,1,825,116
567,1,823,116
567,1,819,115
567,1,818,115
567,1,814,115
567,1,811,115
567,1,810,115
567,1,809,115
567,1,807,114
567,1,806,114
567,1,802,114
567,1,800,114
567,1,798,114
567,1,794,113
567,1,793,113
567,1,792,113
567,1,789,113
567,1,785,113
567,1,781,112
567,1,777,112
567,1,776,112
567,1,775,112
567,1,774,112
567,1,773,112
567,1,771,112
568,1,1012,385
568,1,1009,385
568,1,1008,385
568,1,1007,385
568,1,1007,386
568,1,1007,387
568,1,1006,387
568,1,1007,388
568,1,1008,388
568,1,1008,389
568,1,1007,389
568,1,1008,389
568,1,1008,390
568,1,1009,390
568,1,1009,391
568,1,1009,392
568,1,1009,393
568,1,1009,394
568,1,1009,395
568,1,1008,395
568,1,1007,395
568,1,1007,396
568,1,1008,396
568,1,1008,397
568,1,1007,398
568,1,1008,398
568,1,1009,398
568,1,1009,399
568,1,1010,399
568,1,1010,398
568,1,1011,398
568,1,1011,399
568,1,1011,400
568,1,1011,401
568,1,1011,402
568,1,1012,402
568,1,1012,403
568,1,1012,404
568,1,1011,405
568,1,1012,405
568,1,1011,405
568,1,1011,406
568,1,1010,406
568,1,1010,407
568,1,1009,407
568,1,1010,407
568,1,1010,408
568,1,1009,408
568,1,1010,408
568,1,1010,409
568,1,1009,409
568,1,1009,410
568,1,1010,410
568,1,1010,411
568,1,1010,412
568,1,1009,412
568,1,1008,413
568,1,1009,413
568,1,1009,414
568,1,1008,414
568,1,1009,414
568,1,1008,414
568,1,1009,415
568,1,1008,415
568,1,1008,416
568,1,1008,417
568,1,1007,417
568,1,1007,418
568,1,1007,419
568,1,1006,419
568,1,1006,420
568,1,1005,420
568,1,1005,421
568,1,1006,421
568,1,1005,421
568,1,1005,422
568,1,1005,423
568,1,1006,423
568,1,1006,424
568,1,1006,423
568,1,1006,424
568,1,1007,424
568,1,1006,424
568,1,1007,424
568,1,1007,425
568,1,1008,425
568,1,1008,426
568,1,1008,425
568,1,1008,426
568,1,1009,426
568,1,1008,426
568,1,1009,426
568,1,1009,427
568,1,1009,428
568,1,1010,428
568,1,1010,429
568,1,1010,430
568,1,1011,430
568,1,1011,431
568,1,1011,432
568,1,1010,432
568,1,1010,433
568,1,1011,433
568,1,1011,434
568,1,1012,434
568,1,1013,434
568,1,1014,434
568,1,1014,435
568,1,1014,436
568,1,1013,437
568,1,1013,438
568,1,1013,439
568,1,1013,440
568,1,1013,441
568,1,1014,442
568,1,1014,443
568,1,1015,444
568,1,1016,444
568,1,1016,445
568,1,1016,446
568,1,1016,447
568,1,1015,447
568,1,1015,448
568,1,1015,449
568,1,1015,450
568,1,1016,450
568,1,1016,451
568,1,1017,451
568,1,1018,451
568,1,1018,452
568,1,1018,453
568,1,1017,454
568,1,1018,454
568,1,1018,455
568,1,1019,455
568,1,1019,456
568,1,1020,456
568,1,1019,456
568,1,1019,457
568,1,1019,458
568,1,1019,457
568,1,1020,457
568,1,1021,457
568,1,1021,458
568,1,1022,458
568,1,1023,458
568,1,1023,459
568,1,1023,460
568,1,1022,460
568,1,1023,461
568,1,1022,461
568,1,1022,462
568,1,1022,463
568,1,1022,464
568,1,1023,464
568,1,1023,465
568,1,1024,465
568,1,1023,465
568,1,1023,466
568,1,1024,466
568,1,1025,467
568,1,1025,468
568,1,1025,469
568,1,1024,469
568,1,1024,470
568,1,1024,471
568,1,1025,471
568,1,1025,472
568,1,1024,472
568,1,1023,472
568,1,1023,473
568,1,1024,474
568,1,1024,475
568,1,1023,475
568,1,1023,476
568,1,1023,477
568,1,1024,477
568,1,1024,478
568,1,1024,479
568,1,1024,480
568,1,1025,480
568,1,1025,481
568,1,1026,481
568,1,1026,480
568,1,1026,479
568,1,1027,479
568,1,1028,480
568,1,1028,481
568,1,1027,481
568,1,1027,482
568,1,1027,483
568,1,1028,483
568,1,1029,483
568,1,1030,483
568,1,1030,484
568,1,1030,485
568,1,1030,486
568,1,1030,487
568,1,1030,488
568,1,1029,488
568,1,1029,489
568,1,1030,490
568,1,1031,490
568,1,1032,490
568,1,1032,491
568,1,1032,492
568,1,1031,492
568,1,1031,491
568,1,1030,491
568,1,1030,492
568,1,1030,493
568,1,1030,494
568,1,1031,494
568,1,1031,495
568,1,1030,495
568,1,1030,496
568,1,1030,497
568,1,1031,497
568,1,1032,496
568,1,1033,496
568,1,1033,497
568,1,1032,497
568,1,1032,498
568,1,1032,499
568,1,1032,500
568,1,1032,501
568,1,1032,502
568,1,1032,503
568,1,1032,504
568,1,1032,505
568,1,1032,506
568,1,1033,506
568,1,1033,507
568,1,1034,507
568,1,1033,507
568,1,1033,508
568,1,1033,509
568,1,1033,510
568,1,1034,510
568,1,1034,511
568,1,1033,512
568,1,1033,513
568,1,1033,514
568,1,1033,515
568,1,1033,516
568,1,1033,517
568,1,1032,517
568,1,1032,518
568,1,1031,518
568,1,1032,519
568,1,1032,520
568,1,1033,520
568,1,1033,521
568,1,1034,522
568,1,1035,522
568,1,1036,523
568,1,1036,524
568,1,1036,525
568,1,1037,525
568,1,1039,525
568,1,1040,525
568,1,1040,526
568,1,1041,526
568,1,1043,526
568,1,1044,526
568,1,1045,526
568,1,1046,526
568,1,1047,526
568,1,1048,526
568,1,1049,526
568,1,1050,526
568,1,1051,526
568,1,1053,526
568,1,1054,526
568,1,1055,526
568,1,1056,526
568,1,1058,526
568,1,1059,526
568,1,1060,526
568,1,1061,526
568,1,1062,526
568,1,1063,526
568,1,1064,526
568,1,1065,526
568,1,1067,526
568,1,1068,526
568,1,1070,526
568,1,1071,526
568,1,1072,526
568,1,1073,526
568,1,1074,526
568,1,1075,526
568,1,1077,526
568,1,1078,526
568,1,1079,526
568,1,1080,526
568,1,1081,526
568,1,1082,526
568,1,1083,526
568,1,1084,526
568,1,1085,526
568,1,1086,526
568,1,1087,526
568,1,1088,526
568,1,1089,526
568,1,1091,526
568,1,1094,525
568,1,1095,525
568,1,1096,525
568,1,1097,525
568,1,1098,525
568,1,1099,525
568,1,1100,525
568,1,1101,525
568,1,1102,525
568,1,1103,525
568,1,1104,525
568,1,1105,525
568,1,1106,525
568,1,1107,525
568,1,1108,525
568,1,1109,525
568,1,1110,525
568,1,1111,525
568,1,1112,525
568,1,1113,525
568,1,1114,525
568,1,1115,525
568,1,1116,525
568,1,1117,525
568,1,1118,525
568,1,1119,525
568,1,1119,524
568,1,1120,524
568,1,1121,524
568,1,1122,524
568,1,1123,524
568,1,1124,524
568,1,1125,524
568,1,1126,524
568,1,1128,524
568,1,1131,524
568,1,1132,524
568,1,1133,524
568,1,1136,524
568,1,1137,524
568,1,1138,524
568,1,1139,524
568,1,1140,524
568,1,1140,523
568,1,1141,523
568,1,1142,523
568,1,1143,523
568,1,1145,523
568,1,1146,523
568,1,1147,523
568,1,1149,523
568,1,1150,523
568,1,1151,523
568,1,1152,523
568,1,1153,523
568,1,1154,523
568,1,1155,523
568,1,1156,523
568,1,1157,523
568,1,1157,522
568,1,1158,522
568,1,1159,522
568,1,1160,522
568,1,1161,522
568,1,1162,522
568,1,1163,522
568,1,1164,522
568,1,1165,522
568,1,1166,522
568,1,1168,522
568,1,1169,522
568,1,1170,522
568,1,1171,522
568,1,1172,522
568,1,1173,521
568,1,1174,521
568,1,1177,521
568,1,1178,521
568,1,1179,521
568,1,1180,521
568,1,1181,521
568,1,1182,521
568,1,1182,522
568,1,1183,522
568,1,1183,523
568,1,1184,524
568,1,1185,524
568,1,1186,524
568,1,1186,525
568,1,1186,526
568,1,1187,526
568,1,1187,527
568,1,1188,527
568,1,1188,528
568,1,1189,528
568,1,1189,529
568,1,1190,529
568,1,1189,530
568,1,1190,530
568,1,1191,530
568,1,1191,531
568,1,1192,531
568,1,1192,532
568,1,1192,531
568,1,1193,531
568,1,1194,531
568,1,1195,531
568,1,1195,530
568,1,1195,529
568,1,1195,528
568,1,1195,527
568,1,1195,526
568,1,1195,525
568,1,1195,524
568,1,1194,524
568,1,1193,524
568,1,1193,523
568,1,1194,523
568,1,1194,522
568,1,1195,522
568,1,1195,521
568,1,1195,520
568,1,1196,520
568,1,1197,519
568,1,1198,519
568,1,1199,519
568,1,1200,519
568,1,1201,519
568,1,1202,518
568,1,1203,517
568,1,1204,517
568,1,1204,516
568,1,1204,515
568,1,1204,514
568,1,1204,513
568,1,1204,512
568,1,1204,511
568,1,1204,510
568,1,1204,509
568,1,1205,509
568,1,1205,508
568,1,1206,508
568,1,1206,507
568,1,1206,506
568,1,1207,506
568,1,1207,505
568,1,1208,505
568,1,1208,504
568,1,1209,504
568,1,1209,503
568,1,1209,502
568,1,1209,501
568,1,1209,500
568,1,1209,499
568,1,1209,498
568,1,1209,497
568,1,1209,496
568,1,1208,496
568,1,1208,495
568,1,1208,494
568,1,1207,494
568,1,1207,493
568,1,1206,493
568,1,1205,493
568,1,1205,492
568,1,1204,492
568,1,1204,491
568,1,1203,490
568,1,1202,490
568,1,1202,489
568,1,1203,488
568,1,1203,487
568,1,1203,486
568,1,1204,486
568,1,1204,485
568,1,1204,483
568,1,1204,482
568,1,1204,481
568,1,1205,481
568,1,1205,480
568,1,1206,480
568,1,1207,480
568,1,1208,480
568,1,1209,480
568,1,1210,480
568,1,1210,479
568,1,1211,479
568,1,1212,478
568,1,1212,479
568,1,1213,478
568,1,1213,479
568,1,1214,479
568,1,1215,479
568,1,1216,478
568,1,1217,478
568,1,1218,478
568,1,1219,477
568,1,1220,476
568,1,1220,475
568,1,1221,475
568,1,1222,475
568,1,1223,475
568,1,1224,475
568,1,1225,474
568,1,1226,473
568,1,1226,472
568,1,1227,472
568,1,1228,472
568,1,1228,471
568,1,1229,471
568,1,1229,470
568,1,1229,469
568,1,1229,468
568,1,1229,467
568,1,1229,466
568,1,1230,466
568,1,1230,465
568,1,1229,465
568,1,1229,464
568,1,1230,464
568,1,1230,463
568,1,1231,462
568,1,1232,462
568,1,1233,461
568,1,1234,460
568,1,1234,459
568,1,1234,458
568,1,1234,457
568,1,1235,456
568,1,1235,455
568,1,1235,454
568,1,1234,454
568,1,1234,453
568,1,1234,452
568,1,1235,452
568,1,1235,451
568,1,1235,450
568,1,1234,450
568,1,1234,449
568,1,1234,448
568,1,1234,447
568,1,1234,446
568,1,1234,445
568,1,1233,445
568,1,1232,445
568,1,1232,444
568,1,1232,443
568,1,1231,443
568,1,1230,443
568,1,1229,443
568,1,1229,442
568,1,1228,442
568,1,1227,442
568,1,1227,441
568,1,1226,441
568,1,1225,441
568,1,1225,440
568,1,1224,439
568,1,1224,438
568,1,1224,437
568,1,1224,436
568,1,1224,435
568,1,1223,434
568,1,1222,434
568,1,1222,433
568,1,1221,433
568,1,1221,432
568,1,1220,432
568,1,1219,432
568,1,1219,431
568,1,1218,431
568,1,1218,430
568,1,1217,430
568,1,1216,430
568,1,1216,429
568,1,1215,429
568,1,1215,428
568,1,1216,428
568,1,1216,427
568,1,1216,426
568,1,1215,426
568,1,1215,425
568,1,1215,424
568,1,1214,424
568,1,1214,423
568,1,1214,422
568,1,1213,422
568,1,1213,421
568,1,1212,421
568,1,1211,421
568,1,1210,421
568,1,1209,420
568,1,1208,420
568,1,1207,420
568,1,1206,420
568,1,1205,419
568,1,1205,420
568,1,1204,420
568,1,1204,419
568,1,1203,419
568,1,1203,418
568,1,1202,418
568,1,1202,417
568,1,1201,417
568,1,1200,417
568,1,1200,416
568,1,1200,415
568,1,1200,414
568,1,1200,413
568,1,1199,413
568,1,1199,412
568,1,1199,411
568,1,1199,410
568,1,1198,410
568,1,1197,409
568,1,1197,408
568,1,1197,407
568,1,1197,406
568,1,1196,405
568,1,1196,404
568,1,1196,403
568,1,1196,402
568,1,1196,401
568,1,1196,400
568,1,1195,399
568,1,1195,398
568,1,1196,398
568,1,1196,397
568,1,1197,397
568,1,1197,396
568,1,1197,395
568,1,1198,395
568,1,1198,394
568,1,1199,394
568,1,1199,393
568,1,1199,392
568,1,1199,391
568,1,1198,391
568,1,1197,390
568,1,1197,389
568,1,1196,389
568,1,1195,388
568,1,1194,388
568,1,1194,387
568,1,1194,386
568,1,1194,385
568,1,1194,384
568,1,1193,384
568,1,1193,383
568,1,1193,382
568,1,1193,381
568,1,1192,381
568,1,1191,381
568,1,1188,381
568,1,1187,381
568,1,1186,381
568,1,1185,381
568,1,1184,381
568,1,1183,381
568,1,1181,381
568,1,1180,382
568,1,1179,382
568,1,1178,382
568,1,1177,382
568,1,1176,382
568,1,1175,382
568,1,1174,382
568,1,1173,382
568,1,1172,382
568,1,1171,382
568,1,1170,382
568,1,1169,382
568,1,1168,382
568,1,1167,382
568,1,1166,382
568,1,1163,382
568,1,1160,382
568,1,1159,382
568,1,1158,382
568,1,1156,383
568,1,1155,383
568,1,1154,383
568,1,1153,383
568,1,1152,383
568,1,1151,383
568,1,1150,383
568,1,1147,383
568,1,1146,383
568,1,1145,383
568,1,1144,383
568,1,1143,383
568,1,1142,383
568,1,1141,383
568,1,1139,383
568,1,1138,383
568,1,1137,383
568,1,1136,383
568,1,1135,383
568,1,1134,383
568,1,1133,383
568,1,1131,383
568,1,1130,383
568,1,1129,384
568,1,1128,384
568,1,1126,384
568,1,1125,384
568,1,1124,384
568,1,1123,384
568,1,1122,384
568,1,1121,384
568,1,1119,384
568,1,1118,384
568,1,1117,384
568,1,1115,384
568,1,1114,384
568,1,1113,384
568,1,1111,384
568,1,1110,384
568,1,1109,384
568,1,1108,384
568,1,1107,384
568,1,1106,384
568,1,1105,384
568,1,1103,384
568,1,1102,384
568,1,1101,384
568,1,1100,384
568,1,1099,384
568,1,1098,384
568,1,1096,384
568,1,1094,384
568,1,1093,384
568,1,1092,384
568,1,1091,384
568,1,1090,384
568,1,1089,384
568,1,1088,385
568,1,1086,385
568,1,1085,385
568,1,1084,385
568,1,1083,385
568,1,1082,385
568,1,1081,385
568,1,1080,385
568,1,1079,385
568,1,1078,385
568,1,1077,385
568,1,1075,385
568,1,1073,385
568,1,1072,385
568,1,1071,385
568,1,1069,385
568,1,1067,385
568,1,1066,385
568,1,1065,385
568,1,1064,385
568,1,1063,385
568,1,1062,385
568,1,1061,385
568,1,1060,385
568,1,1059,385
568,1,1058,385
568,1,1057,385
568,1,1056,385
568,1,1055,385
568,1,1054,385
568,1,1053,385
568,1,1051,385
568,1,1050,385
568,1,1049,385
568,1,1048,385
568,1,1047,385
568,1,1046,385
568,1,1045,385
568,1,1044,385
568,1,1042,385
568,1,1041,385
568,1,1040,385
568,1,1038,385
568,1,1036,385
568,1,1035,385
568,1,1034,385
568,1,1033,385
568,1,1032,385
568,1,1031,385
568,1,1030,385
568,1,1029,385
568,1,1028,385
568,1,1026,385
568,1,1024,385
568,1,1023,385
568,1,1022,385
568,1,1021,385
568,1,1020,385
568,1,1019,385
568,1,1018,385
568,1,1017,385
568,1,1016,385
568,1,1013,385
568,1,1012,385
572,1,1528,761
572,1,1529,761
572,1,1529,762
572,1,1528,762
572,1,1528,763
572,1,1529,763
572,1,1528,763
572,1,1528,764
572,1,1529,764
572,1,1528,764
572,1,1528,765
572,1,1527,764
572,1,1527,765
572,1,1526,766
572,1,1526,767
572,1,1525,767
572,1,1526,767
572,1,1525,767
572,1,1524,767
572,1,1524,768
572,1,1524,769
572,1,1523,769
572,1,1523,770
572,1,1523,771
572,1,1523,770
572,1,1523,771
572,1,1522,771
572,1,1522,772
572,1,1521,772
572,1,1522,773
572,1,1522,774
572,1,1521,774
572,1,1521,775
572,1,1521,776
572,1,1521,777
572,1,1522,777
572,1,1521,777
572,1,1522,777
572,1,1522,778
572,1,1523,778
572,1,1524,778
572,1,1524,779
572,1,1525,779
572,1,1526,779
572,1,1526,780
572,1,1527,780
572,1,1528,780
572,1,1529,780
572,1,1529,781
572,1,1530,781
572,1,1530,782
572,1,1531,782
572,1,1531,783
572,1,1532,783
572,1,1533,783
572,1,1533,784
572,1,1532,784
572,1,1533,784
572,1,1533,785
572,1,1534,784
572,1,1534,785
572,1,1535,785
572,1,1536,786
572,1,1536,785
572,1,1537,785
572,1,1538,785
572,1,1539,785
572,1,1540,784
572,1,1540,785
572,1,1541,785
572,1,1542,786
572,1,1542,787
572,1,1542,788
572,1,1543,788
572,1,1543,789
572,1,1543,790
572,1,1544,790
572,1,1545,791
572,1,1545,792
572,1,1546,792
572,1,1546,793
572,1,1547,793
572,1,1547,794
572,1,1547,795
572,1,1548,795
572,1,1548,796
572,1,1548,797
572,1,1548,798
572,1,1549,798
572,1,1549,799
572,1,1550,800
572,1,1551,800
572,1,1551,801
572,1,1552,801
572,1,1553,802
572,1,1553,803
572,1,1554,803
572,1,1554,804
572,1,1555,804
572,1,1555,805
572,1,1555,806
572,1,1556,806
572,1,1556,807
572,1,1556,808
572,1,1557,808
572,1,1558,808
572,1,1559,808
572,1,1559,809
572,1,1560,810
572,1,1561,810
572,1,1561,811
572,1,1562,811
572,1,1563,811
572,1,1564,811
572,1,1564,812
572,1,1565,812
572,1,1566,812
572,1,1566,813
572,1,1567,813
572,1,1568,814
572,1,1568,815
572,1,1569,815
572,1,1570,815
572,1,1570,816
572,1,1571,816
572,1,1571,817
572,1,1571,818
572,1,1572,818
572,1,1572,819
572,1,1573,820
572,1,1573,821
572,1,1574,822
572,1,1575,822
572,1,1575,823
572,1,1576,823
572,1,1576,822
572,1,1577,822
572,1,1577,823
572,1,1578,823
572,1,1579,823
572,1,1579,824
572,1,1579,823
572,1,1579,824
572,1,1580,824
572,1,1581,824
572,1,1581,825
572,1,1582,825
572,1,1582,826
572,1,1582,827
572,1,1583,827
572,1,1584,827
572,1,1585,827
572,1,1585,828
572,1,1586,828
572,1,1586,829
572,1,1585,829
572,1,1585,830
572,1,1586,830
572,1,1585,830
572,1,1585,831
572,1,1585,832
572,1,1586,832
572,1,1585,832
572,1,1585,833
572,1,1586,833
572,1,1587,833
572,1,1586,833
572,1,1586,834
572,1,1587,834
572,1,1586,834
572,1,1587,834
572,1,1588,834
572,1,1588,835
572,1,1588,834
572,1,1589,835
572,1,1589,834
572,1,1589,835
572,1,1589,836
572,1,1590,836
572,1,1590,837
572,1,1590,836
572,1,1589,837
572,1,1590,837
572,1,1589,837
572,1,1590,838
572,1,1591,838
572,1,1591,839
572,1,1592,839
572,1,1593,839
572,1,1592,838
572,1,1593,838
572,1,1593,839
572,1,1594,839
572,1,1593,839
572,1,1593,840
572,1,1593,841
572,1,1594,841
572,1,1594,842
572,1,1595,842
572,1,1596,843
572,1,1597,843
572,1,1598,843
572,1,1599,843
572,1,1599,844
572,1,1599,843
572,1,1600,843
572,1,1600,844
572,1,1601,844
572,1,1600,844
572,1,1601,844
572,1,1601,845
572,1,1602,844
572,1,1602,845
572,1,1601,845
572,1,1602,845
572,1,1603,845
572,1,1604,845
572,1,1604,846
572,1,1605,846
572,1,1604,846
572,1,1605,846
572,1,1605,847
572,1,1605,846
572,1,1605,847
572,1,1605,848
572,1,1605,849
572,1,1605,850
572,1,1606,850
572,1,1605,850
572,1,1606,850
572,1,1606,851
572,1,1607,851
572,1,1607,852
572,1,1607,853
572,1,1608,853
572,1,1608,854
572,1,1609,854
572,1,1609,855
572,1,1610,855
572,1,1609,855
572,1,1610,855
572,1,1610,856
572,1,1609,856
572,1,1610,856
572,1,1609,856
572,1,1610,856
572,1,1610,857
572,1,1609,857
572,1,1610,857
572,1,1609,858
572,1,1610,858
572,1,1611,858
572,1,1610,858
572,1,1610,859
572,1,1610,858
572,1,1611,858
572,1,1611,859
572,1,1610,859
572,1,1611,859
572,1,1610,859
572,1,1610,860
572,1,1611,860
572,1,1610,860
572,1,1611,860
572,1,1610,860
572,1,1610,861
572,1,1611,861
572,1,1611,862
572,1,1612,862
572,1,1612,863
572,1,1611,863
572,1,1612,863
572,1,1611,863
572,1,1611,864
572,1,1612,864
572,1,1611,864
572,1,1611,865
572,1,1612,865
572,1,1612,866
572,1,1613,866
572,1,1614,866
572,1,1613,866
572,1,1614,866
572,1,1614,867
572,1,1615,867
572,1,1616,867
572,1,1617,867
572,1,1617,868
572,1,1618,868
572,1,1619,868
572,1,1619,869
572,1,1620,870
572,1,1621,871
572,1,1621,872
572,1,1621,873
572,1,1622,873
572,1,1622,874
572,1,1622,875
572,1,1623,875
572,1,1623,876
572,1,1624,876
572,1,1623,876
572,1,1624,876
572,1,1625,876
572,1,1625,877
572,1,1624,877
572,1,1625,877
572,1,1625,878
572,1,1625,879
572,1,1625,880
572,1,1625,881
572,1,1624,881
572,1,1625,881
572,1,1625,882
572,1,1626,882
572,1,1626,883
572,1,1626,884
572,1,1627,884
572,1,1626,884
572,1,1626,885
572,1,1627,885
572,1,1627,886
572,1,1627,887
572,1,1628,887
572,1,1629,887
572,1,1629,888
572,1,1630,888
572,1,1631,887
572,1,1632,887
572,1,1632,888
572,1,1633,888
572,1,1634,888
572,1,1635,889
572,1,1636,889
572,1,1637,889
572,1,1636,889
572,1,1636,888
572,1,1636,887
572,1,1637,887
572,1,1637,886
572,1,1638,885
572,1,1639,885
572,1,1640,884
572,1,1641,884
572,1,1641,883
572,1,1642,883
572,1,1642,882
572,1,1643,882
572,1,1643,881
572,1,1643,880
572,1,1644,880
572,1,1644,879
572,1,1644,878
572,1,1643,878
572,1,1642,877
572,1,1641,877
572,1,1640,877
572,1,1640,876
572,1,1640,875
572,1,1641,875
572,1,1640,875
572,1,1641,875
572,1,1641,874
572,1,1642,874
572,1,1642,875
572,1,1643,875
572,1,1644,875
572,1,1644,876
572,1,1645,876
572,1,1645,877
572,1,1646,877
572,1,1646,876
572,1,1647,875
572,1,1647,876
572,1,1648,875
572,1,1649,875
572,1,1649,874
572,1,1650,874
572,1,1651,873
572,1,1652,873
572,1,1652,872
572,1,1651,872
572,1,1652,872
572,1,1652,871
572,1,1652,870
572,1,1652,869
572,1,1652,868
572,1,1651,868
572,1,1650,868
572,1,1650,867
572,1,1649,866
572,1,1650,866
572,1,1649,866
572,1,1650,865
572,1,1650,864
572,1,1651,864
572,1,1652,864
572,1,1652,865
572,1,1653,865
572,1,1653,864
572,1,1654,864
572,1,1655,864
572,1,1656,863
572,1,1657,863
572,1,1657,862
572,1,1658,862
572,1,1658,861
572,1,1659,861
572,1,1659,860
572,1,1660,860
572,1,1661,860
572,1,1661,859
572,1,1662,859
572,1,1662,858
572,1,1663,858
572,1,1664,857
572,1,1665,857
572,1,1666,856
572,1,1667,856
572,1,1668,856
572,1,1668,855
572,1,1668,854
572,1,1669,854
572,1,1670,853
572,1,1671,852
572,1,1671,851
572,1,1671,850
572,1,1672,849
572,1,1671,849
572,1,1671,848
572,1,1671,849
572,1,1670,849
572,1,1669,849
572,1,1669,848
572,1,1669,847
572,1,1670,847
572,1,1671,847
572,1,1672,847
572,1,1672,848
572,1,1673,848
572,1,1673,847
572,1,1674,847
572,1,1674,846
572,1,1675,846
572,1,1676,845
572,1,1677,845
572,1,1677,844
572,1,1677,843
572,1,1678,842
572,1,1679,841
572,1,1680,840
572,1,1682,839
572,1,1682,838
572,1,1681,838
572,1,1680,838
572,1,1680,837
572,1,1680,836
572,1,1681,835
572,1,1681,834
572,1,1682,833
572,1,1683,833
572,1,1682,833
572,1,1683,833
572,1,1684,833
572,1,1685,834
572,1,1685,833
572,1,1686,833
572,1,1687,833
572,1,1688,833
572,1,1687,833
572,1,1688,833
572,1,1689,833
572,1,1689,832
572,1,1690,831
572,1,1690,830
572,1,1690,829
572,1,1690,828
572,1,1691,828
572,1,1691,827
572,1,1692,827
572,1,1693,826
572,1,1694,825
572,1,1695,824
572,1,1695,823
572,1,1695,822
572,1,1695,821
572,1,1695,820
572,1,1694,820
572,1,1694,819
572,1,1694,818
572,1,1695,817
572,1,1694,817
572,1,1694,816
572,1,1695,816
572,1,1695,815
572,1,1695,814
572,1,1695,813
572,1,1695,812
572,1,1695,811
572,1,1696,810
572,1,1696,809
572,1,1696,808
572,1,1697,808
572,1,1697,807
572,1,1698,806
572,1,1698,805
572,1,1699,804
572,1,1699,803
572,1,1699,802
572,1,1700,802
572,1,1700,801
572,1,1701,800
572,1,1701,799
572,1,1702,798
572,1,1702,797
572,1,1703,797
572,1,1703,796
572,1,1704,795
572,1,1705,794
572,1,1705,793
572,1,1706,793
572,1,1706,792
572,1,1707,792
572,1,1707,791
572,1,1708,791
572,1,1709,790
572,1,1710,790
572,1,1710,789
572,1,1711,789
572,1,1712,788
572,1,1713,788
572,1,1713,787
572,1,1714,787
572,1,1714,786
572,1,1713,786
572,1,1712,786
572,1,1712,785
572,1,1711,785
572,1,1711,784
572,1,1710,784
572,1,1709,783
572,1,1707,782
572,1,1706,781
572,1,1705,781
572,1,1705,780
572,1,1704,779
572,1,1703,779
572,1,1702,779
572,1,1702,778
572,1,1701,778
572,1,1700,777
572,1,1699,776
572,1,1698,776
572,1,1698,775
572,1,1697,775
572,1,1697,774
572,1,1696,774
572,1,1695,773
572,1,1694,773
572,1,1694,772
572,1,1693,772
572,1,1691,771
572,1,1690,770
572,1,1688,768
572,1,1687,767
572,1,1686,767
572,1,1684,766
572,1,1684,765
572,1,1683,765
572,1,1682,764
572,1,1681,763
572,1,1680,762
572,1,1679,762
572,1,1679,761
572,1,1678,761
572,1,1677,760
572,1,1676,760
572,1,1675,759
572,1,1674,758
572,1,1673,757
572,1,1672,757
572,1,1672,756
572,1,1671,756
572,1,1670,755
572,1,1669,755
572,1,1669,754
572,1,1668,754
572,1,1667,753
572,1,1665,752
572,1,1665,751
572,1,1664,751
572,1,1663,750
572,1,1662,750
572,1,1661,750
572,1,1660,750
572,1,1659,750
572,1,1658,750
572,1,1655,751
572,1,1654,751
572,1,1653,751
572,1,1652,751
572,1,1651,752
572,1,1650,752
572,1,1649,752
572,1,1648,752
572,1,1647,752
572,1,1646,752
572,1,1645,752
572,1,1644,753
572,1,1643,753
572,1,1642,753
572,1,1641,753
572,1,1640,753
572,1,1639,753
572,1,1638,753
572,1,1637,754
572,1,1636,754
572,1,1634,754
572,1,1633,754
572,1,1632,754
572,1,1631,754
572,1,1630,755
572,1,1629,755
572,1,1628,755
572,1,1627,755
572,1,1626,755
572,1,1625,755
572,1,1624,755
572,1,1624,756
572,1,1623,756
572,1,1622,756
572,1,1620,756
572,1,1619,756
572,1,1619,755
572,1,1619,754
572,1,1619,752
572,1,1619,751
572,1,1618,750
572,1,1617,750
572,1,1617,749
572,1,1616,748
572,1,1615,747
572,1,1614,746
572,1,1613,745
572,1,1612,744
572,1,1611,743
572,1,1611,744
572,1,1610,745
572,1,1609,746
572,1,1608,747
572,1,1607,747
572,1,1607,746
572,1,1607,745
572,1,1607,744
572,1,1608,744
572,1,1607,743
572,1,1607,742
572,1,1606,742
572,1,1605,742
572,1,1604,742
572,1,1603,742
572,1,1602,743
572,1,1601,743
572,1,1600,743
572,1,1599,743
572,1,1598,743
572,1,1597,743
572,1,1596,743
572,1,1594,743
572,1,1593,743
572,1,1592,744
572,1,1591,744
572,1,1590,744
572,1,1589,744
572,1,1588,744
572,1,1587,744
572,1,1586,744
572,1,1585,744
572,1,1584,744
572,1,1582,745
572,1,1581,745
572,1,1580,745
572,1,1579,745
572,1,1578,745
572,1,1576,745
572,1,1575,745
572,1,1573,746
572,1,1571,746
572,1,1570,746
572,1,1569,746
572,1,1568,746
572,1,1567,746
572,1,1566,746
572,1,1565,746
572,1,1564,746
572,1,1563,747
572,1,1562,747
572,1,1561,747
572,1,1560,747
572,1,1559,747
572,1,1558,747
572,1,1558,748
572,1,1557,748
572,1,1556,748
572,1,1555,748
572,1,1555,747
572,1,1554,747
572,1,1554,748
572,1,1553,748
572,1,1553,749
572,1,1554,749
572,1,1553,749
572,1,1552,750
572,1,1552,749
572,1,1553,749
572,1,1552,749
572,1,1551,749
572,1,1551,750
572,1,1550,750
572,1,1549,750
572,1,1549,751
572,1,1548,751
572,1,1547,752
572,1,1546,752
572,1,1545,752
572,1,1545,753
572,1,1544,753
572,1,1544,754
572,1,1543,754
572,1,1542,755
572,1,1542,756
572,1,1541,756
572,1,1541,755
572,1,1540,755
572,1,1539,756
572,1,1538,756
572,1,1536,757
572,1,1532,759
572,1,1530,760
572,1,1528,761
573,1,281,831
573,1,280,832
573,1,279,833
573,1,279,834
573,1,278,834
573,1,278,835
573,1,277,835
573,1,276,835
573,1,276,836
573,1,276,837
573,1,276,838
573,1,276,837
573,1,277,838
573,1,276,838
573,1,276,839
573,1,275,839
573,1,275,840
573,1,276,840
573,1,275,840
573,1,275,841
573,1,276,841
573,1,276,842
573,1,277,842
573,1,278,843
573,1,281,844
573,1,282,845
573,1,284,846
573,1,286,848
573,1,296,853
573,1,306,860
573,1,313,864
573,1,314,864
573,1,324,870
573,1,329,874
573,1,334,876
573,1,337,878
573,1,341,880
573,1,345,883
573,1,347,884
573,1,349,885
573,1,357,889
573,1,358,890
573,1,363,893
573,1,364,893
573,1,364,894
573,1,365,894
573,1,366,895
573,1,370,897
573,1,380,903
573,1,388,907
573,1,394,911
573,1,396,912
573,1,400,914
573,1,403,916
573,1,412,921
573,1,414,923
573,1,417,923
573,1,418,923
573,1,419,923
573,1,420,923
573,1,421,924
573,1,422,924
573,1,423,924
573,1,426,924
573,1,427,925
573,1,433,925
573,1,439,926
573,1,447,928
573,1,449,928
573,1,452,928
573,1,458,929
573,1,459,929
573,1,461,930
573,1,465,930
573,1,466,930
573,1,472,931
573,1,475,932
573,1,476,932
573,1,477,932
573,1,478,932
573,1,486,933
573,1,487,933
573,1,496,935
573,1,497,928
573,1,497,927
573,1,498,924
573,1,498,922
573,1,498,920
573,1,499,917
573,1,499,913
573,1,499,912
573,1,499,911
573,1,499,910
573,1,500,910
573,1,500,909
573,1,500,907
573,1,501,902
573,1,501,900
573,1,501,899
573,1,501,896
573,1,503,883
573,1,505,872
573,1,505,871
573,1,505,870
573,1,506,866
573,1,506,864
573,1,506,860
573,1,507,857
573,1,508,852
573,1,508,851
573,1,508,850
573,1,508,849
573,1,509,846
573,1,509,844
573,1,510,838
573,1,510,836
573,1,511,826
573,1,512,823
573,1,512,820
573,1,512,818
573,1,513,814
573,1,513,812
573,1,513,810
573,1,514,808
573,1,514,806
573,1,514,804
573,1,514,803
573,1,515,800
573,1,516,794
573,1,516,789
573,1,517,785
573,1,517,783
573,1,518,780
573,1,518,775
573,1,519,771
573,1,519,770
573,1,519,769
573,1,519,768
573,1,519,767
573,1,519,766
573,1,520,765
573,1,520,762
573,1,520,759
573,1,521,754
573,1,521,752
573,1,522,752
573,1,522,751
573,1,522,750
573,1,522,749
573,1,522,748
573,1,522,747
573,1,522,746
573,1,522,745
573,1,523,744
573,1,523,743
573,1,523,742
573,1,523,741
573,1,523,740
573,1,523,739
573,1,523,738
573,1,523,737
573,1,524,737
573,1,524,736
573,1,524,735
573,1,524,734
573,1,524,733
573,1,524,732
573,1,524,731
573,1,525,729
573,1,525,728
573,1,525,727
573,1,525,726
573,1,525,725
573,1,525,724
573,1,525,723
573,1,526,722
573,1,526,721
573,1,526,720
573,1,526,719
573,1,526,718
573,1,526,717
573,1,526,716
573,1,527,714
573,1,527,712
573,1,528,707
573,1,528,706
573,1,528,704
573,1,529,700
573,1,529,699
573,1,529,698
573,1,529,697
573,1,529,695
573,1,530,692
573,1,530,690
573,1,530,688
573,1,530,687
573,1,531,683
573,1,532,676
573,1,532,675
573,1,532,673
573,1,533,671
573,1,533,669
573,1,533,667
573,1,533,666
573,1,534,665
573,1,528,664
573,1,526,664
573,1,525,663
573,1,523,663
573,1,522,663
573,1,521,663
573,1,520,663
573,1,518,663
573,1,518,662
573,1,517,662
573,1,512,662
573,1,510,661
573,1,509,661
573,1,507,661
573,1,504,660
573,1,502,660
573,1,500,660
573,1,498,660
573,1,497,659
573,1,493,659
573,1,492,659
573,1,491,659
573,1,487,658
573,1,480,657
573,1,479,657
573,1,479,656
573,1,475,656
573,1,474,656
573,1,472,655
573,1,471,655
573,1,470,655
573,1,458,653
573,1,455,653
573,1,452,652
573,1,451,652
573,1,450,652
573,1,449,652
573,1,448,652
573,1,447,651
573,1,446,651
573,1,445,651
573,1,441,651
573,1,440,650
573,1,439,650
573,1,437,650
573,1,436,650
573,1,429,649
573,1,428,648
573,1,421,647
573,1,419,647
573,1,409,645
573,1,405,644
573,1,404,644
573,1,403,644
573,1,402,644
573,1,400,644
573,1,392,642
573,1,390,642
573,1,389,642
573,1,388,641
573,1,387,641
573,1,385,641
573,1,382,640
573,1,381,640
573,1,379,640
573,1,375,639
573,1,374,639
573,1,373,639
573,1,370,638
573,1,368,638
573,1,367,638
573,1,364,637
573,1,362,637
573,1,351,635
573,1,349,634
573,1,346,634
573,1,346,636
573,1,345,641
573,1,344,642
573,1,344,643
573,1,344,644
573,1,343,648
573,1,343,650
573,1,343,651
573,1,343,652
573,1,342,658
573,1,342,659
573,1,341,660
573,1,341,663
573,1,340,665
573,1,340,666
573,1,340,667
573,1,340,668
573,1,340,669
573,1,339,669
573,1,339,672
573,1,338,672
573,1,337,674
573,1,336,675
573,1,335,675
573,1,335,676
573,1,336,676
573,1,335,676
573,1,335,677
573,1,334,678
573,1,334,679
573,1,333,679
573,1,332,679
573,1,331,679
573,1,330,679
573,1,329,678
573,1,329,677
573,1,328,677
573,1,328,676
573,1,328,675
573,1,327,674
573,1,327,673
573,1,326,672
573,1,325,672
573,1,325,671
573,1,324,672
573,1,323,672
573,1,323,671
573,1,322,671
573,1,322,672
573,1,321,672
573,1,321,671
573,1,321,670
573,1,320,670
573,1,319,670
573,1,318,670
573,1,317,671
573,1,317,670
573,1,316,670
573,1,315,671
573,1,314,671
573,1,313,671
573,1,312,671
573,1,311,671
573,1,311,672
573,1,311,673
573,1,312,673
573,1,311,674
573,1,312,674
573,1,312,675
573,1,311,675
573,1,311,676
573,1,311,677
573,1,311,678
573,1,311,679
573,1,311,680
573,1,312,681
573,1,312,682
573,1,313,682
573,1,313,683
573,1,312,683
573,1,311,683
573,1,311,684
573,1,311,685
573,1,310,685
573,1,311,686
573,1,310,687
573,1,310,688
573,1,310,689
573,1,310,690
573,1,309,690
573,1,310,690
573,1,310,691
573,1,310,692
573,1,310,693
573,1,310,694
573,1,310,695
573,1,311,695
573,1,310,696
573,1,309,696
573,1,310,696
573,1,310,697
573,1,310,698
573,1,310,699
573,1,309,699
573,1,309,700
573,1,309,701
573,1,309,702
573,1,309,703
573,1,310,705
573,1,310,706
573,1,310,707
573,1,310,709
573,1,310,710
573,1,310,712
573,1,310,713
573,1,310,714
573,1,310,715
573,1,310,716
573,1,310,717
573,1,309,718
573,1,308,719
573,1,308,718
573,1,307,718
573,1,307,719
573,1,306,719
573,1,306,720
573,1,307,720
573,1,307,721
573,1,307,722
573,1,306,722
573,1,306,723
573,1,306,724
573,1,306,725
573,1,305,725
573,1,305,726
573,1,305,727
573,1,305,728
573,1,305,729
573,1,304,729
573,1,304,730
573,1,305,731
573,1,305,732
573,1,306,732
573,1,306,733
573,1,306,734
573,1,306,735
573,1,306,736
573,1,307,736
573,1,307,737
573,1,308,737
573,1,308,738
573,1,309,738
573,1,309,739
573,1,309,740
573,1,309,741
573,1,309,742
573,1,310,742
573,1,310,743
573,1,309,743
573,1,310,744
573,1,309,745
573,1,310,745
573,1,310,746
573,1,310,747
573,1,311,747
573,1,311,748
573,1,311,749
573,1,311,750
573,1,310,750
573,1,310,751
573,1,310,752
573,1,311,752
573,1,312,752
573,1,312,753
573,1,313,753
573,1,313,754
573,1,313,755
573,1,314,755
573,1,315,756
573,1,315,757
573,1,316,757
573,1,317,758
573,1,317,759
573,1,318,760
573,1,318,761
573,1,318,762
573,1,318,763
573,1,317,763
573,1,316,763
573,1,315,764
573,1,314,764
573,1,314,765
573,1,313,766
573,1,312,766
573,1,311,766
573,1,310,766
573,1,310,767
573,1,309,767
573,1,308,767
573,1,308,768
573,1,307,768
573,1,306,768
573,1,305,768
573,1,305,769
573,1,304,769
573,1,304,770
573,1,304,771
573,1,304,772
573,1,303,772
573,1,303,773
573,1,302,773
573,1,302,774
573,1,301,774
573,1,300,774
573,1,300,775
573,1,299,775
573,1,299,776
573,1,300,776
573,1,300,777
573,1,299,777
573,1,300,778
573,1,300,779
573,1,299,779
573,1,299,780
573,1,299,781
573,1,299,782
573,1,299,783
573,1,299,784
573,1,298,785
573,1,299,785
573,1,299,786
573,1,299,787
573,1,298,787
573,1,297,787
573,1,297,788
573,1,298,788
573,1,297,788
573,1,297,789
573,1,297,790
573,1,297,791
573,1,296,791
573,1,296,792
573,1,296,793
573,1,295,794
573,1,295,795
573,1,294,795
573,1,293,795
573,1,293,796
573,1,292,796
573,1,291,797
573,1,291,798
573,1,290,799
573,1,289,798
573,1,288,798
573,1,288,799
573,1,287,799
573,1,287,800
573,1,288,800
573,1,287,800
573,1,288,801
573,1,287,802
573,1,287,803
573,1,286,803
573,1,286,804
573,1,287,805
573,1,288,805
573,1,288,806
573,1,287,806
573,1,287,807
573,1,287,808
573,1,287,809
573,1,287,810
573,1,287,811
573,1,286,811
573,1,286,812
573,1,285,813
573,1,285,814
573,1,285,815
573,1,286,815
573,1,286,816
573,1,286,817
573,1,287,816
573,1,287,817
573,1,288,817
573,1,289,818
573,1,289,817
573,1,290,817
573,1,291,818
573,1,292,818
573,1,292,819
573,1,292,820
573,1,292,821
573,1,293,821
573,1,293,822
573,1,292,822
573,1,292,823
573,1,293,824
573,1,292,825
573,1,292,826
573,1,292,827
573,1,291,827
573,1,291,828
573,1,290,828
573,1,289,828
573,1,289,829
573,1,289,830
573,1,289,831
573,1,288,831
573,1,287,831
573,1,286,831
573,1,285,831
573,1,284,831
573,1,283,831
573,1,283,830
573,1,282,830
573,1,281,830
573,1,281,831
574,1,1771,497
574,1,1772,497
574,1,1771,497
575,1,1770,491
575,1,1770,492
575,1,1771,493
575,1,1771,492
575,1,1770,491
576,1,1770,493
576,1,1770,494
576,1,1771,494
576,1,1771,493
576,1,1770,493
577,1,1761,489
577,1,1762,490
577,1,1762,491
577,1,1762,492
577,1,1762,493
577,1,1762,494
577,1,1763,494
577,1,1763,495
577,1,1763,496
577,1,1763,497
577,1,1764,497
577,1,1764,498
577,1,1764,499
577,1,1764,500
577,1,1764,501
577,1,1765,502
577,1,1765,503
577,1,1765,504
577,1,1766,505
577,1,1766,506
577,1,1767,508
577,1,1767,509
577,1,1767,510
577,1,1767,511
577,1,1768,512
577,1,1768,513
577,1,1768,514
577,1,1768,515
577,1,1769,516
577,1,1769,517
577,1,1769,518
577,1,1770,519
577,1,1770,520
577,1,1770,521
577,1,1771,523
577,1,1771,524
577,1,1771,526
577,1,1772,527
577,1,1772,529
577,1,1773,529
577,1,1773,530
577,1,1773,531
577,1,1773,532
577,1,1774,533
577,1,1774,536
577,1,1775,537
577,1,1775,538
577,1,1775,539
577,1,1775,540
577,1,1776,540
577,1,1776,541
577,1,1776,542
577,1,1776,543
577,1,1777,544
577,1,1777,545
577,1,1777,546
577,1,1778,548
577,1,1778,547
577,1,1779,547
577,1,1780,547
577,1,1781,547
577,1,1782,547
577,1,1783,547
577,1,1784,547
577,1,1784,546
577,1,1785,546
577,1,1786,546
577,1,1787,546
577,1,1788,546
577,1,1789,546
577,1,1789,545
577,1,1790,545
577,1,1791,545
577,1,1793,545
577,1,1794,544
577,1,1795,544
577,1,1796,544
577,1,1798,544
577,1,1799,543
577,1,1800,543
577,1,1801,543
577,1,1801,542
577,1,1801,541
577,1,1800,540
577,1,1800,539
577,1,1800,538
577,1,1799,536
577,1,1799,534
577,1,1798,533
577,1,1798,532
577,1,1798,531
577,1,1797,531
577,1,1797,530
577,1,1797,529
577,1,1797,528
577,1,1796,527
577,1,1795,528
577,1,1794,528
577,1,1792,527
577,1,1791,526
577,1,1790,526
577,1,1789,524
577,1,1788,524
577,1,1787,523
577,1,1786,522
577,1,1786,521
577,1,1786,520
577,1,1785,518
577,1,1784,518
577,1,1783,518
577,1,1783,517
577,1,1782,517
577,1,1782,516
577,1,1782,515
577,1,1781,514
577,1,1781,513
577,1,1781,512
577,1,1781,511
577,1,1781,510
577,1,1780,510
577,1,1780,509
577,1,1780,508
577,1,1780,507
577,1,1779,507
577,1,1778,506
577,1,1778,505
577,1,1777,505
577,1,1776,505
577,1,1776,504
577,1,1775,504
577,1,1775,503
577,1,1774,503
577,1,1774,502
577,1,1773,501
577,1,1772,500
577,1,1771,500
577,1,1771,499
577,1,1771,498
577,1,1771,497
577,1,1771,496
577,1,1771,495
577,1,1771,494
577,1,1770,494
577,1,1769,494
577,1,1769,493
577,1,1769,492
577,1,1769,491
577,1,1770,490
577,1,1770,489
577,1,1771,488
577,1,1771,487
577,1,1772,486
577,1,1772,485
577,1,1772,484
577,1,1772,483
577,1,1773,483
577,1,1773,482
577,1,1774,482
577,1,1773,482
577,1,1772,482
577,1,1772,481
577,1,1771,481
577,1,1770,481
577,1,1769,481
577,1,1768,482
577,1,1767,482
577,1,1766,482
577,1,1765,483
577,1,1764,483
577,1,1764,484
577,1,1763,484
577,1,1763,485
577,1,1763,486
577,1,1762,486
577,1,1762,487
577,1,1762,488
577,1,1762,489
577,1,1761,489
578,1,1721,536
578,1,1722,537
578,1,1723,537
578,1,1724,538
578,1,1724,539
578,1,1724,538
578,1,1725,538
578,1,1725,539
578,1,1725,540
578,1,1725,541
578,1,1725,542
578,1,1726,542
578,1,1726,541
578,1,1727,540
578,1,1727,539
578,1,1728,539
578,1,1728,538
578,1,1729,537
578,1,1729,536
578,1,1728,536
578,1,1728,535
578,1,1727,535
578,1,1726,535
578,1,1726,534
578,1,1725,534
578,1,1725,533
578,1,1724,533
578,1,1723,533
578,1,1723,534
578,1,1722,534
578,1,1722,535
578,1,1721,536
580,1,1851,393
580,1,1852,393
580,1,1852,392
580,1,1851,392
580,1,1851,393
583,1,1832,405
583,1,1833,405
583,1,1832,405
584,1,1831,406
584,1,1832,406
584,1,1832,407
584,1,1832,406
584,1,1831,406
585,1,1831,407
585,1,1831,406
585,1,1831,407
588,1,1823,412
588,1,1824,412
588,1,1824,411
588,1,1823,411
588,1,1823,412
589,1,1817,361
589,1,1817,362
589,1,1817,363
589,1,1818,363
589,1,1818,365
589,1,1818,367
589,1,1818,368
589,1,1819,369
589,1,1819,370
589,1,1819,372
589,1,1819,373
589,1,1820,375
589,1,1820,376
589,1,1820,377
589,1,1820,378
589,1,1820,379
589,1,1821,380
589,1,1821,381
589,1,1821,384
589,1,1821,386
589,1,1822,386
589,1,1822,387
589,1,1822,388
589,1,1822,389
589,1,1822,390
589,1,1822,391
589,1,1822,392
589,1,1823,392
589,1,1823,393
589,1,1823,394
589,1,1823,395
589,1,1823,396
589,1,1823,397
589,1,1824,397
589,1,1825,398
589,1,1826,399
589,1,1826,400
589,1,1827,400
589,1,1826,400
589,1,1826,401
589,1,1825,402
589,1,1824,402
589,1,1824,403
589,1,1823,403
589,1,1823,404
589,1,1822,404
589,1,1822,405
589,1,1821,405
589,1,1821,406
589,1,1820,406
589,1,1820,407
589,1,1819,407
589,1,1820,408
589,1,1821,409
589,1,1822,410
589,1,1823,411
589,1,1823,412
589,1,1823,411
589,1,1824,411
589,1,1825,410
589,1,1825,411
589,1,1826,411
589,1,1826,410
589,1,1826,409
589,1,1827,410
589,1,1827,409
589,1,1827,410
589,1,1827,409
589,1,1828,409
589,1,1827,409
589,1,1827,408
589,1,1828,408
589,1,1829,408
589,1,1829,407
589,1,1830,407
589,1,1831,406
589,1,1831,405
589,1,1832,405
589,1,1832,404
589,1,1833,404
589,1,1833,403
589,1,1834,403
589,1,1834,402
589,1,1835,402
589,1,1835,403
589,1,1836,403
589,1,1836,402
589,1,1836,401
589,1,1837,401
589,1,1837,400
589,1,1838,400
589,1,1839,400
589,1,1840,400
589,1,1841,400
589,1,1840,400
589,1,1840,399
589,1,1841,398
589,1,1841,397
589,1,1842,397
589,1,1842,396
589,1,1842,397
589,1,1843,396
589,1,1843,397
589,1,1843,396
589,1,1843,395
589,1,1844,395
589,1,1844,394
589,1,1845,394
589,1,1845,393
589,1,1845,392
589,1,1846,391
589,1,1846,392
589,1,1846,393
589,1,1847,393
589,1,1846,393
589,1,1847,394
589,1,1847,393
589,1,1848,393
589,1,1848,392
589,1,1848,393
589,1,1849,393
589,1,1849,392
589,1,1849,393
589,1,1850,393
589,1,1850,392
589,1,1851,392
589,1,1851,391
589,1,1852,391
589,1,1852,392
589,1,1852,391
589,1,1852,392
589,1,1852,391
589,1,1853,391
589,1,1853,392
589,1,1853,391
589,1,1853,392
589,1,1854,392
589,1,1854,391
589,1,1854,390
589,1,1855,390
589,1,1855,391
589,1,1855,390
589,1,1856,390
589,1,1857,390
589,1,1858,390
589,1,1859,390
589,1,1859,389
589,1,1860,389
589,1,1860,390
589,1,1860,389
589,1,1861,389
589,1,1861,388
589,1,1862,388
589,1,1863,388
589,1,1864,388
589,1,1865,388
589,1,1866,388
589,1,1866,387
589,1,1865,387
589,1,1865,386
589,1,1866,387
589,1,1867,387
589,1,1868,387
589,1,1868,386
589,1,1869,386
589,1,1868,385
589,1,1869,385
589,1,1870,385
589,1,1870,386
589,1,1870,385
589,1,1870,384
589,1,1871,384
589,1,1872,384
589,1,1871,384
589,1,1872,384
589,1,1873,384
589,1,1874,384
589,1,1874,383
589,1,1875,383
589,1,1876,383
589,1,1877,383
589,1,1877,382
589,1,1878,382
589,1,1878,381
589,1,1879,381
589,1,1880,381
589,1,1881,380
589,1,1881,381
589,1,1882,381
589,1,1882,380
589,1,1883,380
589,1,1883,379
589,1,1882,379
589,1,1882,378
589,1,1882,377
589,1,1881,377
589,1,1881,376
589,1,1882,376
589,1,1883,376
589,1,1883,375
589,1,1882,375
589,1,1882,374
589,1,1882,373
589,1,1882,372
589,1,1882,371
589,1,1881,370
589,1,1881,369
589,1,1881,367
589,1,1880,366
589,1,1880,365
589,1,1880,364
589,1,1880,363
589,1,1879,361
589,1,1879,359
589,1,1878,358
589,1,1878,356
589,1,1878,355
589,1,1877,353
589,1,1877,352
589,1,1876,352
589,1,1876,350
589,1,1876,349
589,1,1876,348
589,1,1875,348
589,1,1874,348
589,1,1873,348
589,1,1872,348
589,1,1871,349
589,1,1870,349
589,1,1869,349
589,1,1868,349
589,1,1867,349
589,1,1866,350
589,1,1865,350
589,1,1864,350
589,1,1863,350
589,1,1862,351
589,1,1861,351
589,1,1860,351
589,1,1859,351
589,1,1858,352
589,1,1857,352
589,1,1856,352
589,1,1855,352
589,1,1853,353
589,1,1852,353
589,1,1851,353
589,1,1850,353
589,1,1850,354
589,1,1849,354
589,1,1848,354
589,1,1848,355
589,1,1848,354
589,1,1847,354
589,1,1847,355
589,1,1846,355
589,1,1845,355
589,1,1844,355
589,1,1843,355
589,1,1842,355
589,1,1842,356
589,1,1843,356
589,1,1842,356
589,1,1842,357
589,1,1841,357
589,1,1841,358
589,1,1840,356
589,1,1839,356
589,1,1837,357
589,1,1835,357
589,1,1834,357
589,1,1832,358
589,1,1830,358
589,1,1828,359
589,1,1826,359
589,1,1824,359
589,1,1823,360
589,1,1822,360
589,1,1821,360
589,1,1820,360
589,1,1819,360
589,1,1817,361
590,1,1904,292
590,1,1904,293
590,1,1904,292
591,1,1903,293
591,1,1904,293
591,1,1903,293
593,1,1849,206
593,1,1850,206
593,1,1849,206
593,1,1848,207
593,1,1848,208
593,1,1849,208
593,1,1849,209
593,1,1849,210
593,1,1849,209
593,1,1849,210
593,1,1850,210
593,1,1849,210
593,1,1850,210
593,1,1850,211
593,1,1850,212
593,1,1850,213
593,1,1849,213
593,1,1849,214
593,1,1849,215
593,1,1849,216
593,1,1849,217
593,1,1849,218
593,1,1848,218
593,1,1848,219
593,1,1848,220
593,1,1849,220
593,1,1849,221
593,1,1850,221
593,1,1850,222
593,1,1850,223
593,1,1851,223
593,1,1852,224
593,1,1851,224
593,1,1852,224
593,1,1852,225
593,1,1852,226
593,1,1852,225
593,1,1852,226
593,1,1853,226
593,1,1853,227
593,1,1853,226
593,1,1852,226
593,1,1852,227
593,1,1853,227
593,1,1852,227
593,1,1853,227
593,1,1852,227
593,1,1851,228
593,1,1852,228
593,1,1852,229
593,1,1852,230
593,1,1853,230
593,1,1852,230
593,1,1852,231
593,1,1852,230
593,1,1852,231
593,1,1851,232
593,1,1851,233
593,1,1851,234
593,1,1850,234
593,1,1850,235
593,1,1849,236
593,1,1848,236
593,1,1847,237
593,1,1847,238
593,1,1846,238
593,1,1846,239
593,1,1847,239
593,1,1846,239
593,1,1846,240
593,1,1845,240
593,1,1845,241
593,1,1844,240
593,1,1843,240
593,1,1843,241
593,1,1842,241
593,1,1841,241
593,1,1841,242
593,1,1840,242
593,1,1840,243
593,1,1840,244
593,1,1839,244
593,1,1839,245
593,1,1840,245
593,1,1840,246
593,1,1840,247
593,1,1840,248
593,1,1840,249
593,1,1841,249
593,1,1841,250
593,1,1842,250
593,1,1841,250
593,1,1841,251
593,1,1842,251
593,1,1842,252
593,1,1842,253
593,1,1843,253
593,1,1842,253
593,1,1842,254
593,1,1843,254
593,1,1842,254
593,1,1842,255
593,1,1842,256
593,1,1842,257
593,1,1841,257
593,1,1842,257
593,1,1842,258
593,1,1841,258
593,1,1841,257
593,1,1841,258
593,1,1841,259
593,1,1841,260
593,1,1842,260
593,1,1842,261
593,1,1841,261
593,1,1842,261
593,1,1842,262
593,1,1841,262
593,1,1841,263
593,1,1841,264
593,1,1840,264
593,1,1840,265
593,1,1841,265
593,1,1840,265
593,1,1840,266
593,1,1841,267
593,1,1841,268
593,1,1841,269
593,1,1840,269
593,1,1841,270
593,1,1840,270
593,1,1840,271
593,1,1839,272
593,1,1839,273
593,1,1838,273
593,1,1838,274
593,1,1838,275
593,1,1838,276
593,1,1838,277
593,1,1838,278
593,1,1838,279
593,1,1837,280
593,1,1837,281
593,1,1837,282
593,1,1837,283
593,1,1837,284
593,1,1838,284
593,1,1838,285
593,1,1838,286
593,1,1838,287
593,1,1838,288
593,1,1838,289
593,1,1838,290
593,1,1839,291
593,1,1839,292
593,1,1840,292
593,1,1840,293
593,1,1840,294
593,1,1839,295
593,1,1839,296
593,1,1839,297
593,1,1839,298
593,1,1840,298
593,1,1839,298
593,1,1839,299
593,1,1840,299
593,1,1839,300
593,1,1840,300
593,1,1840,301
593,1,1839,301
593,1,1840,301
593,1,1840,302
593,1,1841,302
593,1,1841,303
593,1,1841,304
593,1,1841,305
593,1,1840,305
593,1,1840,306
593,1,1841,306
593,1,1841,307
593,1,1842,307
593,1,1842,308
593,1,1841,308
593,1,1841,309
593,1,1840,310
593,1,1839,311
593,1,1840,311
593,1,1840,312
593,1,1840,313
593,1,1840,314
593,1,1839,314
593,1,1839,315
593,1,1840,315
593,1,1840,316
593,1,1840,317
593,1,1841,317
593,1,1841,318
593,1,1842,318
593,1,1842,319
593,1,1843,319
593,1,1844,320
593,1,1844,321
593,1,1845,320
593,1,1846,320
593,1,1849,320
593,1,1850,319
593,1,1853,319
593,1,1855,318
593,1,1856,318
593,1,1857,318
593,1,1860,317
593,1,1861,317
593,1,1862,317
593,1,1863,317
593,1,1864,316
593,1,1866,316
593,1,1867,316
593,1,1868,315
593,1,1869,315
593,1,1870,315
593,1,1871,315
593,1,1872,314
593,1,1873,314
593,1,1874,314
593,1,1875,314
593,1,1876,314
593,1,1877,313
593,1,1878,313
593,1,1879,313
593,1,1880,313
593,1,1881,312
593,1,1882,312
593,1,1883,312
593,1,1884,312
593,1,1884,311
593,1,1885,311
593,1,1885,310
593,1,1885,309
593,1,1886,309
593,1,1887,309
593,1,1888,309
593,1,1887,308
593,1,1887,307
593,1,1887,306
593,1,1887,305
593,1,1888,305
593,1,1888,304
593,1,1889,304
593,1,1890,304
593,1,1891,305
593,1,1891,303
593,1,1891,302
593,1,1892,302
593,1,1892,301
593,1,1893,301
593,1,1894,300
593,1,1895,299
593,1,1896,299
593,1,1896,300
593,1,1897,300
593,1,1898,300
593,1,1898,299
593,1,1898,298
593,1,1898,297
593,1,1898,296
593,1,1898,295
593,1,1899,295
593,1,1899,294
593,1,1899,293
593,1,1899,292
593,1,1899,291
593,1,1900,291
593,1,1900,290
593,1,1899,290
593,1,1900,289
593,1,1899,289
593,1,1898,289
593,1,1897,289
593,1,1897,288
593,1,1896,288
593,1,1895,288
593,1,1895,287
593,1,1894,287
593,1,1894,286
593,1,1894,285
593,1,1894,284
593,1,1894,283
593,1,1894,282
593,1,1893,282
593,1,1892,282
593,1,1892,281
593,1,1891,281
593,1,1890,281
593,1,1890,280
593,1,1890,281
593,1,1890,280
593,1,1889,279
593,1,1888,279
593,1,1887,279
593,1,1887,278
593,1,1886,277
593,1,1886,276
593,1,1886,275
593,1,1886,274
593,1,1886,273
593,1,1885,273
593,1,1886,272
593,1,1885,272
593,1,1886,271
593,1,1886,270
593,1,1885,270
593,1,1885,269
593,1,1885,268
593,1,1884,268
593,1,1884,267
593,1,1884,266
593,1,1883,266
593,1,1883,263
593,1,1882,262
593,1,1882,260
593,1,1881,258
593,1,1880,256
593,1,1880,254
593,1,1880,253
593,1,1879,252
593,1,1879,250
593,1,1878,248
593,1,1878,247
593,1,1877,245
593,1,1877,244
593,1,1877,243
593,1,1875,237
593,1,1874,237
593,1,1874,236
593,1,1874,235
593,1,1873,233
593,1,1873,231
593,1,1872,229
593,1,1872,228
593,1,1871,227
593,1,1871,226
593,1,1870,223
593,1,1869,220
593,1,1869,218
593,1,1868,216
593,1,1868,215
593,1,1867,214
593,1,1867,213
593,1,1866,210
593,1,1866,209
593,1,1865,207
593,1,1865,206
593,1,1864,204
593,1,1864,203
593,1,1864,202
593,1,1863,202
593,1,1861,196
593,1,1861,194
593,1,1860,191
593,1,1859,189
593,1,1858,189
593,1,1858,190
593,1,1859,190
593,1,1858,190
593,1,1858,191
593,1,1858,192
593,1,1857,192
593,1,1857,193
593,1,1856,192
593,1,1855,192
593,1,1855,193
593,1,1855,192
593,1,1854,192
593,1,1853,192
593,1,1853,191
593,1,1852,191
593,1,1852,192
593,1,1851,192
593,1,1851,193
593,1,1850,193
593,1,1851,193
593,1,1851,194
593,1,1850,194
593,1,1850,195
593,1,1850,194
593,1,1849,194
593,1,1849,195
593,1,1848,195
593,1,1849,195
593,1,1849,196
593,1,1850,196
593,1,1850,197
593,1,1850,198
593,1,1850,199
593,1,1849,199
593,1,1850,199
593,1,1849,199
593,1,1850,200
593,1,1850,201
593,1,1849,201
593,1,1850,201
593,1,1849,201
593,1,1849,202
593,1,1849,203
593,1,1848,203
593,1,1848,204
593,1,1849,204
593,1,1848,204
593,1,1849,204
593,1,1849,205
593,1,1849,206
594,1,746,397
594,1,746,404
594,1,746,408
594,1,745,409
594,1,745,413
594,1,745,414
594,1,745,415
594,1,745,416
594,1,744,421
594,1,744,428
594,1,743,433
594,1,743,437
594,1,743,439
594,1,743,441
594,1,743,442
594,1,742,444
594,1,742,445
594,1,742,446
594,1,742,448
594,1,742,449
594,1,742,450
594,1,742,451
594,1,742,452
594,1,742,453
594,1,742,454
594,1,742,455
594,1,741,458
594,1,741,459
594,1,741,460
594,1,741,462
594,1,741,463
594,1,741,464
594,1,741,465
594,1,741,466
594,1,741,467
594,1,740,468
594,1,740,473
594,1,740,474
594,1,740,477
594,1,740,478
594,1,739,480
594,1,739,484
594,1,739,485
594,1,739,486
594,1,739,488
594,1,739,489
594,1,738,492
594,1,738,493
594,1,739,493
594,1,740,493
594,1,741,493
594,1,742,493
594,1,743,494
594,1,744,494
594,1,745,494
594,1,749,494
594,1,755,494
594,1,755,495
594,1,757,495
594,1,758,495
594,1,759,495
594,1,761,495
594,1,762,495
594,1,763,495
594,1,765,495
594,1,773,496
594,1,774,496
594,1,775,496
594,1,776,496
594,1,777,496
594,1,778,496
594,1,779,496
594,1,780,496
594,1,781,496
594,1,782,497
594,1,783,497
594,1,784,497
594,1,785,497
594,1,786,497
594,1,788,497
594,1,790,497
594,1,791,497
594,1,792,497
594,1,794,497
594,1,795,497
594,1,798,498
594,1,799,498
594,1,800,498
594,1,801,498
594,1,802,498
594,1,803,498
594,1,804,498
594,1,805,498
594,1,807,498
594,1,809,498
594,1,810,498
594,1,810,500
594,1,810,503
594,1,809,509
594,1,809,510
594,1,809,511
594,1,809,513
594,1,809,516
594,1,809,517
594,1,809,519
594,1,809,521
594,1,809,522
594,1,808,526
594,1,808,528
594,1,808,529
594,1,808,530
594,1,808,534
594,1,808,535
594,1,808,536
594,1,807,539
594,1,807,540
594,1,807,544
594,1,807,547
594,1,812,547
594,1,814,547
594,1,815,547
594,1,816,547
594,1,817,547
594,1,818,547
594,1,822,548
594,1,823,548
594,1,824,548
594,1,825,548
594,1,826,548
594,1,827,548
594,1,830,548
594,1,832,548
594,1,833,548
594,1,835,548
594,1,836,548
594,1,837,548
594,1,838,548
594,1,839,548
594,1,840,549
594,1,842,549
594,1,843,549
594,1,844,549
594,1,846,549
594,1,847,549
594,1,848,549
594,1,849,549
594,1,850,549
594,1,854,549
594,1,855,549
594,1,856,549
594,1,857,549
594,1,858,549
594,1,859,550
594,1,860,550
594,1,861,550
594,1,862,550
594,1,863,550
594,1,864,550
594,1,865,550
594,1,866,550
594,1,867,550
594,1,868,550
594,1,869,550
594,1,870,550
594,1,871,550
594,1,873,550
594,1,874,550
594,1,875,550
594,1,876,550
594,1,877,550
594,1,878,550
594,1,879,550
594,1,880,550
594,1,880,551
594,1,882,551
594,1,883,551
594,1,884,551
594,1,885,551
594,1,887,551
594,1,888,551
594,1,890,551
594,1,891,551
594,1,892,551
594,1,895,551
594,1,896,551
594,1,897,551
594,1,899,551
594,1,900,551
594,1,901,551
594,1,902,551
594,1,903,551
594,1,904,551
594,1,905,551
594,1,907,552
594,1,908,552
594,1,909,552
594,1,910,552
594,1,911,552
594,1,912,552
594,1,914,552
594,1,915,552
594,1,916,552
594,1,917,552
594,1,918,552
594,1,919,552
594,1,920,552
594,1,921,552
594,1,922,552
594,1,924,552
594,1,925,552
594,1,926,552
594,1,928,552
594,1,929,552
594,1,930,552
594,1,931,552
594,1,932,552
594,1,933,552
594,1,934,552
594,1,935,552
594,1,936,552
594,1,937,552
594,1,939,552
594,1,940,553
594,1,945,553
594,1,947,553
594,1,948,553
594,1,949,553
594,1,951,553
594,1,952,553
594,1,953,553
594,1,954,553
594,1,955,553
594,1,957,553
594,1,958,553
594,1,959,553
594,1,960,553
594,1,961,553
594,1,962,553
594,1,963,553
594,1,965,553
594,1,966,553
594,1,967,553
594,1,968,553
594,1,969,553
594,1,970,553
594,1,971,553
594,1,972,553
594,1,973,553
594,1,974,553
594,1,975,553
594,1,976,553
594,1,977,553
594,1,978,553
594,1,982,553
594,1,984,553
594,1,986,553
594,1,987,553
594,1,989,553
594,1,990,553
594,1,991,553
594,1,992,553
594,1,993,553
594,1,994,553
594,1,995,553
594,1,996,553
594,1,998,554
594,1,1001,554
594,1,1002,554
594,1,1003,554
594,1,1004,554
594,1,1005,554
594,1,1006,554
594,1,1007,554
594,1,1008,554
594,1,1009,554
594,1,1010,554
594,1,1011,554
594,1,1014,554
594,1,1015,554
594,1,1016,554
594,1,1017,554
594,1,1019,554
594,1,1020,554
594,1,1021,554
594,1,1022,554
594,1,1023,554
594,1,1024,554
594,1,1025,554
594,1,1026,554
594,1,1027,554
594,1,1028,554
594,1,1029,554
594,1,1031,554
594,1,1032,554
594,1,1034,554
594,1,1035,554
594,1,1037,554
594,1,1039,554
594,1,1040,554
594,1,1041,554
594,1,1043,554
594,1,1047,554
594,1,1048,554
594,1,1049,554
594,1,1050,554
594,1,1051,554
594,1,1052,554
594,1,1053,554
594,1,1052,553
594,1,1051,552
594,1,1050,552
594,1,1049,552
594,1,1049,551
594,1,1048,551
594,1,1049,550
594,1,1049,549
594,1,1049,548
594,1,1049,547
594,1,1048,547
594,1,1048,546
594,1,1047,546
594,1,1047,545
594,1,1046,545
594,1,1046,544
594,1,1047,543
594,1,1047,542
594,1,1046,542
594,1,1045,542
594,1,1044,541
594,1,1043,541
594,1,1044,540
594,1,1043,539
594,1,1042,539
594,1,1041,539
594,1,1040,539
594,1,1040,538
594,1,1041,538
594,1,1041,537
594,1,1041,536
594,1,1040,536
594,1,1040,535
594,1,1040,534
594,1,1040,533
594,1,1040,532
594,1,1039,532
594,1,1039,531
594,1,1038,531
594,1,1038,530
594,1,1038,529
594,1,1039,529
594,1,1040,529
594,1,1040,528
594,1,1040,527
594,1,1039,527
594,1,1038,527
594,1,1038,528
594,1,1038,529
594,1,1038,528
594,1,1037,528
594,1,1036,528
594,1,1036,527
594,1,1036,526
594,1,1036,525
594,1,1036,524
594,1,1036,523
594,1,1035,522
594,1,1034,522
594,1,1033,521
594,1,1033,520
594,1,1032,520
594,1,1032,519
594,1,1031,518
594,1,1032,518
594,1,1032,517
594,1,1033,517
594,1,1033,516
594,1,1033,515
594,1,1033,514
594,1,1033,513
594,1,1033,512
594,1,1034,511
594,1,1034,510
594,1,1033,510
594,1,1033,509
594,1,1033,508
594,1,1033,507
594,1,1034,507
594,1,1033,507
594,1,1033,506
594,1,1032,506
594,1,1032,505
594,1,1032,504
594,1,1032,503
594,1,1032,502
594,1,1032,501
594,1,1032,500
594,1,1032,499
594,1,1032,498
594,1,1032,497
594,1,1033,497
594,1,1033,496
594,1,1032,496
594,1,1031,497
594,1,1030,497
594,1,1030,496
594,1,1030,495
594,1,1031,495
594,1,1031,494
594,1,1030,494
594,1,1030,493
594,1,1030,492
594,1,1030,491
594,1,1031,491
594,1,1031,492
594,1,1032,492
594,1,1032,491
594,1,1032,490
594,1,1031,490
594,1,1030,490
594,1,1029,489
594,1,1029,488
594,1,1030,488
594,1,1030,487
594,1,1030,486
594,1,1030,485
594,1,1030,484
594,1,1030,483
594,1,1029,483
594,1,1028,483
594,1,1027,483
594,1,1027,482
594,1,1027,481
594,1,1028,481
594,1,1028,480
594,1,1027,479
594,1,1026,479
594,1,1026,480
594,1,1026,481
594,1,1025,481
594,1,1025,480
594,1,1024,480
594,1,1024,479
594,1,1024,478
594,1,1024,477
594,1,1023,477
594,1,1023,476
594,1,1023,475
594,1,1024,475
594,1,1024,474
594,1,1023,473
594,1,1023,472
594,1,1024,472
594,1,1025,472
594,1,1025,471
594,1,1024,471
594,1,1024,470
594,1,1024,469
594,1,1025,469
594,1,1025,468
594,1,1025,467
594,1,1024,466
594,1,1023,466
594,1,1023,465
594,1,1024,465
594,1,1023,465
594,1,1023,464
594,1,1022,464
594,1,1022,463
594,1,1022,462
594,1,1022,461
594,1,1023,461
594,1,1022,460
594,1,1023,460
594,1,1023,459
594,1,1023,458
594,1,1022,458
594,1,1021,458
594,1,1021,457
594,1,1020,457
594,1,1019,457
594,1,1019,458
594,1,1019,457
594,1,1019,456
594,1,1020,456
594,1,1019,456
594,1,1019,455
594,1,1018,455
594,1,1018,454
594,1,1017,454
594,1,1018,453
594,1,1018,452
594,1,1018,451
594,1,1017,451
594,1,1016,451
594,1,1016,450
594,1,1015,450
594,1,1015,449
594,1,1015,448
594,1,1015,447
594,1,1016,447
594,1,1016,446
594,1,1016,445
594,1,1016,444
594,1,1015,444
594,1,1014,443
594,1,1014,442
594,1,1013,441
594,1,1013,440
594,1,1013,439
594,1,1013,438
594,1,1013,437
594,1,1014,436
594,1,1014,435
594,1,1014,434
594,1,1013,434
594,1,1012,434
594,1,1011,434
594,1,1010,434
594,1,1009,434
594,1,1009,433
594,1,1009,432
594,1,1008,432
594,1,1007,432
594,1,1007,433
594,1,1006,433
594,1,1005,432
594,1,1005,431
594,1,1005,430
594,1,1004,430
594,1,1003,430
594,1,1003,429
594,1,1003,428
594,1,1002,428
594,1,1002,427
594,1,1003,427
594,1,1003,426
594,1,1003,425
594,1,1002,425
594,1,1001,425
594,1,1000,425
594,1,999,425
594,1,999,424
594,1,999,423
594,1,998,423
594,1,997,422
594,1,996,422
594,1,995,422
594,1,994,422
594,1,994,421
594,1,993,421
594,1,993,420
594,1,993,421
594,1,992,420
594,1,991,420
594,1,990,420
594,1,989,420
594,1,988,420
594,1,988,419
594,1,987,419
594,1,987,418
594,1,986,418
594,1,985,418
594,1,985,417
594,1,985,416
594,1,984,416
594,1,983,416
594,1,982,416
594,1,982,415
594,1,981,415
594,1,981,416
594,1,980,416
594,1,979,416
594,1,979,415
594,1,978,415
594,1,978,416
594,1,977,416
594,1,976,416
594,1,975,416
594,1,974,416
594,1,973,416
594,1,972,416
594,1,971,416
594,1,971,415
594,1,971,416
594,1,970,416
594,1,969,416
594,1,968,416
594,1,967,416
594,1,966,416
594,1,965,416
594,1,964,415
594,1,963,415
594,1,962,415
594,1,962,416
594,1,961,417
594,1,961,418
594,1,960,419
594,1,959,420
594,1,958,419
594,1,958,420
594,1,957,420
594,1,956,420
594,1,956,419
594,1,955,419
594,1,954,418
594,1,954,417
594,1,953,417
594,1,953,416
594,1,952,416
594,1,951,416
594,1,950,416
594,1,950,415
594,1,949,415
594,1,949,414
594,1,948,414
594,1,947,414
594,1,946,414
594,1,946,413
594,1,945,413
594,1,944,412
594,1,943,412
594,1,943,411
594,1,942,411
594,1,941,411
594,1,941,410
594,1,940,409
594,1,940,408
594,1,938,408
594,1,936,408
594,1,935,408
594,1,934,408
594,1,933,408
594,1,932,408
594,1,931,408
594,1,930,408
594,1,929,408
594,1,927,408
594,1,926,408
594,1,925,408
594,1,924,408
594,1,923,408
594,1,922,408
594,1,920,407
594,1,919,407
594,1,918,407
594,1,917,407
594,1,916,407
594,1,914,407
594,1,913,407
594,1,912,407
594,1,911,407
594,1,910,407
594,1,909,407
594,1,906,407
594,1,905,407
594,1,904,407
594,1,903,407
594,1,900,407
594,1,899,407
594,1,898,407
594,1,897,407
594,1,896,407
594,1,895,407
594,1,894,407
594,1,893,406
594,1,892,406
594,1,891,406
594,1,890,406
594,1,889,406
594,1,888,406
594,1,887,406
594,1,885,406
594,1,884,406
594,1,883,406
594,1,881,406
594,1,878,406
594,1,876,406
594,1,875,406
594,1,873,406
594,1,871,405
594,1,869,405
594,1,868,405
594,1,866,405
594,1,864,405
594,1,862,405
594,1,860,405
594,1,858,405
594,1,857,405
594,1,856,405
594,1,854,405
594,1,853,405
594,1,852,405
594,1,851,405
594,1,849,404
594,1,848,404
594,1,845,404
594,1,838,404
594,1,837,404
594,1,836,404
594,1,835,404
594,1,832,404
594,1,831,404
594,1,831,403
594,1,828,403
594,1,827,403
594,1,823,403
594,1,815,402
594,1,806,402
594,1,805,402
594,1,804,402
594,1,803,402
594,1,801,401
594,1,799,401
594,1,798,401
594,1,794,401
594,1,793,401
594,1,792,401
594,1,790,401
594,1,783,400
594,1,782,400
594,1,779,400
594,1,778,400
594,1,772,399
594,1,771,399
594,1,769,399
594,1,766,399
594,1,765,399
594,1,764,399
594,1,763,399
594,1,762,398
594,1,760,398
594,1,758,398
594,1,755,398
594,1,751,398
594,1,749,397
594,1,746,397
595,1,185,51
595,1,185,52
595,1,186,52
595,1,185,52
595,1,185,51
596,1,174,72
596,1,173,72
596,1,174,72
596,1,174,73
596,1,174,72
597,1,170,80
597,1,170,81
597,1,171,81
597,1,171,82
597,1,171,81
597,1,172,80
597,1,172,79
597,1,173,79
597,1,173,80
597,1,173,79
597,1,174,79
597,1,174,80
597,1,173,80
597,1,172,80
597,1,172,81
597,1,173,81
597,1,173,80
597,1,174,80
597,1,175,80
597,1,176,80
597,1,175,80
597,1,175,79
597,1,174,79
597,1,174,78
597,1,174,77
597,1,174,76
597,1,175,76
597,1,174,75
597,1,174,74
597,1,175,74
597,1,174,74
597,1,174,73
597,1,174,74
597,1,173,75
597,1,172,75
597,1,172,76
597,1,172,77
597,1,172,78
597,1,171,78
597,1,171,79
597,1,171,80
597,1,170,80
598,1,183,34
598,1,184,34
598,1,183,34
599,1,185,26
599,1,185,27
599,1,185,26
601,1,184,26
601,1,185,26
601,1,184,26
602,1,182,32
602,1,183,32
602,1,182,32
604,1,172,65
604,1,172,66
604,1,173,66
604,1,173,67
604,1,172,67
604,1,172,68
604,1,172,69
604,1,173,69
604,1,173,70
604,1,174,70
604,1,175,70
604,1,174,70
604,1,174,69
604,1,175,69
604,1,175,68
604,1,174,68
604,1,175,68
604,1,175,67
604,1,175,66
604,1,175,65
604,1,176,65
604,1,176,64
604,1,175,64
604,1,174,64
604,1,175,63
604,1,174,63
604,1,174,64
604,1,173,65
604,1,173,66
604,1,173,65
604,1,172,65
605,1,185,20
605,1,185,21
605,1,186,21
605,1,185,21
605,1,186,21
605,1,186,20
605,1,185,20
606,1,184,22
606,1,185,22
606,1,184,22
608,1,164,89
608,1,164,88
608,1,165,88
608,1,164,88
608,1,164,89
609,1,184,17
609,1,185,18
609,1,186,18
609,1,186,17
609,1,185,17
609,1,185,18
609,1,185,17
609,1,184,17
610,1,182,25
610,1,182,26
610,1,183,26
610,1,184,26
610,1,184,25
610,1,184,24
610,1,183,24
610,1,183,23
610,1,182,23
610,1,182,24
610,1,182,25
611,1,165,82
611,1,165,83
611,1,165,84
611,1,166,85
611,1,166,86
611,1,167,85
611,1,166,84
611,1,166,83
611,1,165,83
611,1,165,82
612,1,182,21
612,1,182,22
612,1,183,22
612,1,183,21
612,1,182,21
612,1,183,21
612,1,182,21
613,1,179,28
613,1,180,28
613,1,179,28
614,1,179,27
614,1,180,27
614,1,180,28
614,1,180,27
614,1,179,27
615,1,182,16
615,1,183,16
615,1,183,17
615,1,183,18
615,1,183,19
615,1,184,19
615,1,184,20
615,1,185,21
615,1,185,20
615,1,185,19
615,1,184,19
615,1,184,18
615,1,184,17
615,1,183,17
615,1,183,16
615,1,183,15
615,1,182,16
616,1,162,85
616,1,162,86
616,1,163,86
616,1,164,86
616,1,165,86
616,1,165,85
616,1,164,85
616,1,164,84
616,1,163,84
616,1,163,85
616,1,162,85
617,1,180,22
617,1,180,23
617,1,180,24
617,1,181,24
617,1,182,24
617,1,182,23
617,1,181,23
617,1,181,22
617,1,181,21
617,1,180,22
618,1,161,87
618,1,161,88
618,1,162,89
618,1,162,88
618,1,163,89
618,1,163,88
618,1,163,87
618,1,163,86
618,1,162,86
618,1,162,87
618,1,161,87
619,1,181,16
619,1,181,17
619,1,181,16
620,1,174,38
620,1,174,39
620,1,175,39
620,1,175,40
620,1,176,40
620,1,176,41
620,1,176,42
620,1,177,42
620,1,178,42
620,1,178,43
620,1,178,44
620,1,178,45
620,1,178,46
620,1,177,46
620,1,177,47
620,1,177,48
620,1,177,49
620,1,177,50
620,1,178,50
620,1,178,51
620,1,178,52
620,1,179,52
620,1,179,51
620,1,180,51
620,1,180,52
620,1,181,52
620,1,181,53
620,1,181,54
620,1,180,54
620,1,180,55
620,1,181,55
620,1,181,56
620,1,181,55
620,1,182,55
620,1,182,56
620,1,182,55
620,1,183,55
620,1,184,54
620,1,184,53
620,1,184,52
620,1,184,51
620,1,184,50
620,1,183,50
620,1,182,49
620,1,182,48
620,1,181,48
620,1,181,47
620,1,181,46
620,1,180,46
620,1,180,47
620,1,180,48
620,1,180,49
620,1,179,50
620,1,179,49
620,1,179,48
620,1,179,47
620,1,179,46
620,1,179,45
620,1,179,44
620,1,179,43
620,1,179,42
620,1,179,41
620,1,179,40
620,1,178,40
620,1,178,39
620,1,177,39
620,1,176,39
620,1,175,39
620,1,176,39
620,1,175,39
620,1,175,38
620,1,176,38
620,1,177,38
620,1,178,38
620,1,178,37
620,1,179,37
620,1,179,36
620,1,179,37
620,1,179,38
620,1,179,37
620,1,180,37
620,1,179,37
620,1,180,36
620,1,181,37
620,1,182,38
620,1,181,38
620,1,182,38
620,1,183,38
620,1,183,37
620,1,183,36
620,1,183,35
620,1,182,35
620,1,182,34
620,1,181,34
620,1,182,34
620,1,182,33
620,1,182,32
620,1,182,31
620,1,181,31
620,1,181,32
620,1,181,31
620,1,180,31
620,1,179,32
620,1,179,33
620,1,178,34
620,1,177,35
620,1,176,35
620,1,176,36
620,1,175,37
620,1,175,38
620,1,174,38
621,1,180,17
621,1,180,16
621,1,180,17
622,1,177,21
622,1,178,21
622,1,177,21
623,1,177,22
623,1,177,23
623,1,177,24
623,1,178,24
623,1,178,23
623,1,179,23
623,1,178,22
623,1,178,21
623,1,177,21
623,1,177,22
624,1,159,82
624,1,160,82
624,1,160,81
624,1,159,81
624,1,159,82
627,1,177,12
627,1,177,13
627,1,178,13
627,1,177,13
627,1,177,12
627,1,178,13
627,1,178,12
627,1,177,12
628,1,167,41
628,1,168,41
628,1,169,41
628,1,168,41
628,1,167,41
629,1,172,25
629,1,172,26
629,1,173,26
629,1,173,27
629,1,172,27
629,1,173,27
629,1,174,27
629,1,174,28
629,1,173,27
629,1,173,28
629,1,174,28
629,1,173,28
629,1,174,29
629,1,174,28
629,1,175,28
629,1,175,29
629,1,176,29
629,1,176,28
629,1,176,27
629,1,176,26
629,1,177,26
629,1,177,25
629,1,178,25
629,1,178,24
629,1,177,24
629,1,176,24
629,1,176,25
629,1,176,26
629,1,175,26
629,1,176,27
629,1,175,27
629,1,175,26
629,1,175,25
629,1,175,24
629,1,175,23
629,1,176,23
629,1,175,23
629,1,175,22
629,1,176,22
629,1,175,22
629,1,175,21
629,1,175,22
629,1,174,22
629,1,174,23
629,1,173,23
629,1,173,24
629,1,172,24
629,1,172,25
630,1,175,11
630,1,176,11
630,1,175,11
631,1,171,19
631,1,171,20
631,1,172,20
631,1,172,21
631,1,172,22
631,1,173,22
631,1,173,21
631,1,174,21
631,1,174,22
631,1,174,21
631,1,175,21
631,1,174,21
631,1,174,20
631,1,174,21
631,1,174,20
631,1,173,20
631,1,172,20
631,1,172,19
631,1,171,19
634,1,172,17
634,1,171,18
634,1,172,18
634,1,172,19
634,1,173,19
634,1,173,18
634,1,173,17
634,1,173,18
634,1,174,18
634,1,174,19
634,1,174,20
634,1,175,20
634,1,175,21
634,1,176,21
634,1,176,20
634,1,176,19
634,1,176,18
634,1,176,17
634,1,176,16
634,1,177,16
634,1,177,17
634,1,176,17
634,1,176,18
634,1,177,18
634,1,177,19
634,1,177,20
634,1,178,20
634,1,177,20
634,1,178,20
634,1,177,20
634,1,177,21
634,1,178,21
634,1,178,20
634,1,178,21
634,1,178,20
634,1,179,20
634,1,179,19
634,1,180,19
634,1,181,19
634,1,180,18
634,1,179,17
634,1,179,16
634,1,178,16
634,1,178,15
634,1,177,15
634,1,176,15
634,1,175,15
634,1,175,14
634,1,175,15
634,1,174,15
634,1,174,16
634,1,173,16
634,1,172,16
634,1,172,17
638,1,171,14
638,1,172,14
638,1,172,15
638,1,173,15
638,1,173,14
638,1,173,13
638,1,173,14
638,1,172,13
638,1,172,14
638,1,171,14
640,1,175,0
640,1,175,1
640,1,174,1
640,1,175,1
640,1,175,2
640,1,176,2
640,1,176,1
640,1,176,0
640,1,175,0
641,1,168,15
641,1,168,16
641,1,169,16
641,1,169,15
641,1,168,15
643,1,168,15
643,1,168,16
643,1,169,16
643,1,169,17
643,1,169,16
643,1,168,16
643,1,168,15
644,1,166,17
644,1,166,18
644,1,166,19
644,1,166,20
644,1,166,21
644,1,166,22
644,1,167,22
644,1,167,23
644,1,168,23
644,1,168,24
644,1,169,25
644,1,170,25
644,1,170,26
644,1,171,26
644,1,171,25
644,1,171,26
644,1,171,25
644,1,170,25
644,1,170,24
644,1,170,23
644,1,171,23
644,1,172,23
644,1,172,22
644,1,171,22
644,1,171,21
644,1,170,20
644,1,170,19
644,1,169,19
644,1,169,18
644,1,169,17
644,1,168,17
644,1,167,17
644,1,167,16
644,1,167,17
644,1,166,17
645,1,166,13
645,1,166,14
645,1,167,14
645,1,167,15
645,1,168,15
645,1,169,15
645,1,168,15
645,1,168,14
645,1,167,14
645,1,167,13
645,1,166,13
646,1,122,85
646,1,123,86
646,1,123,85
646,1,122,85
647,1,113,47
647,1,114,47
647,1,113,47
648,1,114,41
648,1,114,42
648,1,115,42
648,1,114,41
650,1,112,35
650,1,111,35
650,1,112,35
651,1,362,49
651,1,359,48
651,1,354,47
651,1,353,47
651,1,352,46
651,1,349,46
651,1,344,44
651,1,343,44
651,1,335,42
651,1,333,42
651,1,332,42
651,1,330,41
651,1,325,40
651,1,320,39
651,1,316,38
651,1,314,37
651,1,308,36
651,1,306,35
651,1,304,35
651,1,298,33
651,1,297,33
651,1,296,33
651,1,295,33
651,1,290,31
651,1,287,31
651,1,286,31
651,1,285,30
651,1,279,29
651,1,273,27
651,1,272,27
651,1,270,26
651,1,269,26
651,1,261,24
651,1,260,24
651,1,258,23
651,1,253,22
651,1,248,20
651,1,243,19
651,1,239,18
651,1,237,18
651,1,236,17
651,1,235,17
651,1,232,16
651,1,231,16
651,1,228,15
651,1,227,15
651,1,225,15
651,1,216,12
651,1,210,10
651,1,209,10
651,1,208,10
651,1,205,9
651,1,204,8
651,1,203,8
651,1,200,7
651,1,199,7
651,1,198,7
651,1,197,6
651,1,196,6
651,1,195,6
651,1,194,6
651,1,193,5
651,1,192,5
651,1,191,5
651,1,189,4
651,1,188,4
651,1,186,3
651,1,185,3
651,1,184,3
651,1,184,4
651,1,183,4
651,1,182,5
651,1,182,6
651,1,183,6
651,1,184,6
651,1,184,7
651,1,183,7
651,1,183,8
651,1,182,8
651,1,183,9
651,1,184,10
651,1,184,11
651,1,184,12
651,1,183,13
651,1,184,13
651,1,184,12
651,1,184,13
651,1,185,13
651,1,185,14
651,1,185,15
651,1,184,15
651,1,184,16
651,1,184,17
651,1,185,17
651,1,185,16
651,1,186,16
651,1,186,15
651,1,187,15
651,1,188,15
651,1,189,15
651,1,189,16
651,1,189,17
651,1,190,17
651,1,189,17
651,1,189,18
651,1,188,18
651,1,188,19
651,1,189,19
651,1,188,19
651,1,189,19
651,1,189,20
651,1,188,20
651,1,188,21
651,1,188,20
651,1,188,21
651,1,188,22
651,1,189,22
651,1,189,23
651,1,190,23
651,1,190,24
651,1,189,25
651,1,188,25
651,1,188,26
651,1,188,25
651,1,188,26
651,1,187,26
651,1,187,25
651,1,186,24
651,1,185,24
651,1,186,24
651,1,186,25
651,1,187,25
651,1,187,26
651,1,187,27
651,1,187,28
651,1,187,29
651,1,187,30
651,1,186,30
651,1,185,30
651,1,185,29
651,1,184,29
651,1,184,28
651,1,184,29
651,1,183,29
651,1,183,28
651,1,183,27
651,1,183,26
651,1,182,26
651,1,181,26
651,1,180,26
651,1,180,27
651,1,181,27
651,1,181,28
651,1,181,29
651,1,180,29
651,1,180,30
651,1,180,31
651,1,180,30
651,1,180,31
651,1,181,31
651,1,182,31
651,1,183,31
651,1,183,30
651,1,184,30
651,1,183,31
651,1,183,32
651,1,184,32
651,1,184,33
651,1,183,33
651,1,184,33
651,1,184,34
651,1,184,33
651,1,184,34
651,1,185,34
651,1,184,34
651,1,184,35
651,1,184,34
651,1,185,34
651,1,185,35
651,1,186,36
651,1,186,37
651,1,187,37
651,1,187,38
651,1,188,38
651,1,187,38
651,1,187,39
651,1,188,39
651,1,187,39
651,1,187,40
651,1,186,40
651,1,185,40
651,1,185,39
651,1,184,39
651,1,184,40
651,1,183,40
651,1,183,39
651,1,182,39
651,1,182,40
651,1,181,40
651,1,181,41
651,1,181,42
651,1,181,43
651,1,181,44
651,1,181,45
651,1,182,45
651,1,182,46
651,1,182,45
651,1,183,46
651,1,183,47
651,1,184,48
651,1,184,49
651,1,185,50
651,1,185,49
651,1,185,48
651,1,184,47
651,1,184,46
651,1,183,46
651,1,183,45
651,1,183,44
651,1,183,43
651,1,183,42
651,1,184,42
651,1,184,41
651,1,185,41
651,1,186,41
651,1,186,42
651,1,187,42
651,1,186,42
651,1,186,43
651,1,186,44
651,1,186,45
651,1,186,46
651,1,185,46
651,1,186,47
651,1,186,48
651,1,186,49
651,1,187,49
651,1,187,50
651,1,187,51
651,1,187,50
651,1,187,51
651,1,188,51
651,1,188,52
651,1,189,52
651,1,188,53
651,1,188,54
651,1,188,55
651,1,187,55
651,1,186,55
651,1,185,55
651,1,185,56
651,1,184,56
651,1,184,57
651,1,183,58
651,1,183,59
651,1,182,59
651,1,182,60
651,1,181,60
651,1,181,61
651,1,180,61
651,1,180,62
651,1,180,63
651,1,180,64
651,1,180,65
651,1,179,65
651,1,179,66
651,1,178,66
651,1,178,67
651,1,177,67
651,1,178,67
651,1,178,68
651,1,178,69
651,1,179,69
651,1,179,70
651,1,179,71
651,1,178,71
651,1,178,70
651,1,178,71
651,1,177,71
651,1,177,72
651,1,177,73
651,1,177,74
651,1,176,74
651,1,177,74
651,1,177,75
651,1,177,76
651,1,177,77
651,1,176,77
651,1,177,77
651,1,177,78
651,1,177,79
651,1,177,80
651,1,177,81
651,1,177,82
651,1,176,82
651,1,175,82
651,1,175,83
651,1,174,83
651,1,173,83
651,1,172,83
651,1,172,84
651,1,173,84
651,1,173,85
651,1,172,85
651,1,171,84
651,1,171,83
651,1,170,83
651,1,170,82
651,1,169,82
651,1,169,83
651,1,169,84
651,1,168,84
651,1,168,85
651,1,167,86
651,1,167,87
651,1,166,87
651,1,166,88
651,1,165,88
651,1,165,89
651,1,164,89
651,1,163,89
651,1,163,90
651,1,162,90
651,1,162,91
651,1,162,90
651,1,161,90
651,1,160,90
651,1,160,89
651,1,159,89
651,1,159,88
651,1,159,87
651,1,159,86
651,1,158,86
651,1,158,87
651,1,158,88
651,1,157,88
651,1,157,87
651,1,158,87
651,1,158,86
651,1,157,86
651,1,158,85
651,1,158,84
651,1,159,84
651,1,158,84
651,1,158,83
651,1,158,82
651,1,158,81
651,1,159,81
651,1,158,81
651,1,159,80
651,1,160,80
651,1,159,80
651,1,159,79
651,1,160,79
651,1,161,79
651,1,161,78
651,1,161,77
651,1,161,76
651,1,162,76
651,1,162,75
651,1,161,75
651,1,162,75
651,1,162,76
651,1,162,77
651,1,161,77
651,1,162,77
651,1,162,78
651,1,162,77
651,1,162,78
651,1,162,79
651,1,163,79
651,1,162,79
651,1,161,79
651,1,161,80
651,1,161,81
651,1,160,81
651,1,160,82
651,1,159,82
651,1,159,83
651,1,160,83
651,1,160,84
651,1,160,85
651,1,160,86
651,1,160,87
651,1,161,87
651,1,161,86
651,1,162,85
651,1,161,85
651,1,161,84
651,1,162,84
651,1,161,85
651,1,162,85
651,1,163,85
651,1,163,84
651,1,163,83
651,1,162,83
651,1,163,82
651,1,162,82
651,1,162,81
651,1,163,81
651,1,163,80
651,1,164,80
651,1,164,79
651,1,165,79
651,1,165,78
651,1,166,78
651,1,167,78
651,1,168,78
651,1,167,78
651,1,167,79
651,1,166,79
651,1,166,80
651,1,165,80
651,1,165,81
651,1,164,81
651,1,164,82
651,1,165,82
651,1,166,82
651,1,166,83
651,1,167,83
651,1,167,84
651,1,168,84
651,1,169,83
651,1,169,82
651,1,168,82
651,1,168,81
651,1,169,81
651,1,169,80
651,1,170,80
651,1,170,79
651,1,170,78
651,1,170,77
651,1,171,77
651,1,171,76
651,1,172,75
651,1,172,74
651,1,173,74
651,1,173,73
651,1,173,72
651,1,172,72
651,1,172,71
651,1,173,71
651,1,173,70
651,1,172,70
651,1,173,70
651,1,173,69
651,1,172,69
651,1,172,70
651,1,171,70
651,1,170,71
651,1,170,70
651,1,170,71
651,1,169,71
651,1,168,71
651,1,167,71
651,1,168,71
651,1,168,70
651,1,169,70
651,1,170,70
651,1,170,69
651,1,170,70
651,1,171,70
651,1,171,69
651,1,171,68
651,1,172,68
651,1,172,67
651,1,172,66
651,1,171,66
651,1,172,66
651,1,172,65
651,1,172,64
651,1,172,63
651,1,173,63
651,1,172,64
651,1,173,64
651,1,174,63
651,1,175,63
651,1,175,62
651,1,176,62
651,1,176,63
651,1,177,63
651,1,177,62
651,1,177,61
651,1,177,60
651,1,178,60
651,1,178,59
651,1,177,59
651,1,177,58
651,1,177,57
651,1,178,56
651,1,178,55
651,1,177,55
651,1,177,54
651,1,176,54
651,1,176,53
651,1,175,53
651,1,175,54
651,1,176,54
651,1,176,55
651,1,176,56
651,1,175,57
651,1,174,56
651,1,174,57
651,1,173,57
651,1,173,58
651,1,172,58
651,1,171,58
651,1,171,59
651,1,170,59
651,1,170,60
651,1,169,60
651,1,169,61
651,1,168,61
651,1,168,62
651,1,168,63
651,1,168,64
651,1,167,64
651,1,166,64
651,1,165,64
651,1,164,64
651,1,165,64
651,1,164,64
651,1,163,64
651,1,162,64
651,1,161,65
651,1,161,66
651,1,160,66
651,1,159,66
651,1,159,67
651,1,158,67
651,1,158,68
651,1,157,68
651,1,156,69
651,1,156,70
651,1,155,70
651,1,155,71
651,1,154,71
651,1,153,72
651,1,153,73
651,1,152,73
651,1,152,74
651,1,153,74
651,1,154,74
651,1,154,75
651,1,155,75
651,1,156,75
651,1,156,74
651,1,157,74
651,1,158,74
651,1,159,74
651,1,160,74
651,1,161,74
651,1,160,74
651,1,159,75
651,1,158,75
651,1,157,75
651,1,156,75
651,1,155,75
651,1,155,76
651,1,154,76
651,1,153,75
651,1,152,75
651,1,151,75
651,1,150,74
651,1,151,74
651,1,151,73
651,1,152,73
651,1,152,72
651,1,153,71
651,1,153,70
651,1,154,70
651,1,154,69
651,1,155,69
651,1,156,69
651,1,156,68
651,1,156,67
651,1,157,67
651,1,157,66
651,1,158,66
651,1,158,65
651,1,159,65
651,1,159,64
651,1,160,64
651,1,161,64
651,1,161,63
651,1,162,63
651,1,163,63
651,1,162,63
651,1,163,63
651,1,162,63
651,1,163,62
651,1,164,62
651,1,164,61
651,1,164,60
651,1,165,60
651,1,165,59
651,1,165,60
651,1,165,59
651,1,166,59
651,1,165,59
651,1,165,58
651,1,165,57
651,1,166,57
651,1,166,58
651,1,167,58
651,1,167,57
651,1,167,56
651,1,168,55
651,1,168,56
651,1,168,57
651,1,168,58
651,1,167,58
651,1,167,59
651,1,167,60
651,1,166,60
651,1,166,61
651,1,165,62
651,1,166,62
651,1,166,63
651,1,167,63
651,1,167,62
651,1,167,61
651,1,168,61
651,1,168,60
651,1,169,59
651,1,169,58
651,1,170,57
651,1,170,58
651,1,171,57
651,1,172,57
651,1,172,56
651,1,172,55
651,1,173,56
651,1,174,56
651,1,174,55
651,1,175,55
651,1,174,55
651,1,174,54
651,1,174,53
651,1,173,53
651,1,172,53
651,1,173,53
651,1,173,52
651,1,174,51
651,1,173,50
651,1,173,49
651,1,173,48
651,1,174,48
651,1,174,49
651,1,175,49
651,1,175,48
651,1,175,47
651,1,175,46
651,1,175,45
651,1,175,44
651,1,174,45
651,1,173,45
651,1,173,46
651,1,173,47
651,1,172,47
651,1,172,46
651,1,172,45
651,1,171,44
651,1,172,44
651,1,173,44
651,1,173,43
651,1,173,42
651,1,174,42
651,1,173,42
651,1,172,42
651,1,171,42
651,1,170,42
651,1,169,43
651,1,169,44
651,1,169,45
651,1,170,45
651,1,170,46
651,1,170,47
651,1,169,47
651,1,169,48
651,1,168,48
651,1,167,48
651,1,168,48
651,1,168,47
651,1,169,47
651,1,169,46
651,1,169,45
651,1,168,45
651,1,167,44
651,1,167,43
651,1,168,43
651,1,167,43
651,1,167,42
651,1,166,42
651,1,165,42
651,1,164,43
651,1,165,43
651,1,165,44
651,1,164,44
651,1,165,44
651,1,165,45
651,1,164,45
651,1,164,44
651,1,163,43
651,1,164,43
651,1,164,42
651,1,164,41
651,1,164,40
651,1,163,40
651,1,163,39
651,1,162,39
651,1,162,38
651,1,162,37
651,1,163,37
651,1,162,37
651,1,161,37
651,1,161,38
651,1,160,38
651,1,159,38
651,1,159,39
651,1,158,39
651,1,157,39
651,1,157,38
651,1,156,38
651,1,155,38
651,1,154,38
651,1,153,38
651,1,153,37
651,1,152,37
651,1,152,36
651,1,153,36
651,1,154,36
651,1,153,36
651,1,152,36
651,1,151,36
651,1,150,36
651,1,150,35
651,1,149,35
651,1,149,34
651,1,148,34
651,1,148,35
651,1,147,35
651,1,147,34
651,1,146,34
651,1,146,33
651,1,145,33
651,1,145,32
651,1,144,32
651,1,144,33
651,1,144,32
651,1,143,32
651,1,142,32
651,1,141,32
651,1,141,31
651,1,140,31
651,1,140,32
651,1,140,31
651,1,139,31
651,1,138,31
651,1,137,30
651,1,136,30
651,1,135,30
651,1,135,29
651,1,134,29
651,1,134,28
651,1,133,28
651,1,133,27
651,1,132,27
651,1,133,27
651,1,133,26
651,1,132,26
651,1,132,25
651,1,131,25
651,1,131,24
651,1,130,24
651,1,130,23
651,1,129,23
651,1,128,23
651,1,127,23
651,1,127,22
651,1,126,21
651,1,125,21
651,1,125,20
651,1,124,20
651,1,124,19
651,1,123,18
651,1,123,17
651,1,122,17
651,1,122,16
651,1,121,16
651,1,121,15
651,1,120,15
651,1,119,15
651,1,119,14
651,1,119,13
651,1,118,13
651,1,117,13
651,1,116,13
651,1,116,14
651,1,116,15
651,1,117,15
651,1,117,16
651,1,117,17
651,1,116,17
651,1,116,18
651,1,116,19
651,1,115,19
651,1,115,20
651,1,115,21
651,1,114,22
651,1,113,22
651,1,113,23
651,1,113,24
651,1,113,25
651,1,113,26
651,1,113,27
651,1,112,27
651,1,112,28
651,1,112,29
651,1,112,30
651,1,112,31
651,1,112,32
651,1,112,33
651,1,112,34
651,1,112,35
651,1,112,36
651,1,112,37
651,1,113,37
651,1,113,38
651,1,114,38
651,1,114,39
651,1,114,40
651,1,115,40
651,1,115,41
651,1,115,42
651,1,115,43
651,1,116,43
651,1,116,44
651,1,116,45
651,1,116,46
651,1,116,47
651,1,116,49
651,1,116,50
651,1,116,52
651,1,116,53
651,1,116,54
651,1,115,55
651,1,115,56
651,1,115,57
651,1,115,58
651,1,115,59
651,1,115,60
651,1,114,61
651,1,114,62
651,1,114,63
651,1,114,64
651,1,115,64
651,1,115,65
651,1,115,66
651,1,115,67
651,1,116,67
651,1,116,69
651,1,116,70
651,1,116,71
651,1,116,72
651,1,115,73
651,1,115,74
651,1,115,75
651,1,115,76
651,1,115,77
651,1,115,78
651,1,114,79
651,1,114,80
651,1,114,81
651,1,113,83
651,1,113,84
651,1,114,84
651,1,115,84
651,1,115,85
651,1,115,84
651,1,114,84
651,1,114,83
651,1,115,83
651,1,114,83
651,1,115,82
651,1,115,81
651,1,115,80
651,1,116,80
651,1,117,80
651,1,118,80
651,1,118,81
651,1,119,81
651,1,119,82
651,1,119,83
651,1,118,83
651,1,119,83
651,1,119,84
651,1,120,84
651,1,120,85
651,1,121,85
651,1,122,85
651,1,123,85
651,1,123,86
651,1,124,86
651,1,123,86
651,1,122,87
651,1,121,87
651,1,120,87
651,1,119,87
651,1,119,86
651,1,118,87
651,1,117,87
651,1,116,87
651,1,116,88
651,1,115,88
651,1,115,87
651,1,115,86
651,1,114,86
651,1,114,87
651,1,114,88
651,1,114,89
651,1,113,90
651,1,113,91
651,1,113,92
651,1,113,93
651,1,113,94
651,1,114,94
651,1,114,95
651,1,115,95
651,1,115,96
651,1,116,96
651,1,116,95
651,1,117,95
651,1,117,96
651,1,118,96
651,1,118,95
651,1,119,95
651,1,119,96
651,1,120,96
651,1,120,97
651,1,121,97
651,1,121,98
651,1,120,98
651,1,119,98
651,1,118,98
651,1,117,98
651,1,117,99
651,1,116,99
651,1,116,100
651,1,115,100
651,1,115,101
651,1,116,102
651,1,116,103
651,1,116,104
651,1,116,105
651,1,116,106
651,1,115,106
651,1,114,106
651,1,114,107
651,1,114,108
651,1,113,108
651,1,113,107
651,1,113,106
651,1,112,106
651,1,112,107
651,1,112,108
651,1,112,109
651,1,112,110
651,1,113,110
651,1,112,110
651,1,112,111
651,1,111,111
651,1,110,111
651,1,110,110
651,1,111,109
651,1,111,107
651,1,111,106
651,1,111,105
651,1,112,105
651,1,112,104
651,1,112,102
651,1,113,102
651,1,113,101
651,1,112,101
651,1,112,100
651,1,112,99
651,1,113,99
651,1,113,98
651,1,112,98
651,1,112,99
651,1,111,100
651,1,111,102
651,1,111,104
651,1,110,105
651,1,110,106
651,1,110,107
651,1,109,109
651,1,109,110
651,1,109,111
651,1,108,111
651,1,108,112
651,1,108,113
651,1,107,113
651,1,107,114
651,1,107,115
651,1,108,115
651,1,108,114
651,1,109,114
651,1,110,114
651,1,110,115
651,1,111,116
651,1,111,117
651,1,111,118
651,1,112,118
651,1,113,119
651,1,113,118
651,1,114,118
651,1,115,118
651,1,115,117
651,1,116,117
651,1,116,118
651,1,117,118
651,1,117,117
651,1,118,118
651,1,118,117
651,1,119,117
651,1,119,118
651,1,120,118
651,1,119,118
651,1,119,119
651,1,120,119
651,1,120,120
651,1,121,120
651,1,122,120
651,1,123,121
651,1,123,120
651,1,123,121
651,1,124,121
651,1,125,121
651,1,126,121
651,1,126,122
651,1,127,123
651,1,127,124
651,1,126,126
651,1,127,127
651,1,127,128
651,1,128,128
651,1,129,128
651,1,130,128
651,1,130,129
651,1,131,128
651,1,132,128
651,1,133,128
651,1,135,128
651,1,136,128
651,1,136,129
651,1,137,130
651,1,138,130
651,1,138,131
651,1,139,131
651,1,139,132
651,1,140,133
651,1,141,134
651,1,142,135
651,1,142,136
651,1,142,137
651,1,142,138
651,1,142,139
651,1,142,140
651,1,143,141
651,1,143,142
651,1,143,143
651,1,142,144
651,1,142,145
651,1,142,146
651,1,142,147
651,1,142,148
651,1,141,148
651,1,141,149
651,1,142,149
651,1,142,150
651,1,142,151
651,1,142,152
651,1,141,153
651,1,141,154
651,1,140,155
651,1,140,156
651,1,141,157
651,1,142,157
651,1,142,158
651,1,143,158
651,1,144,159
651,1,145,160
651,1,146,160
651,1,146,161
651,1,147,161
651,1,148,161
651,1,148,162
651,1,149,162
651,1,149,163
651,1,150,163
651,1,151,163
651,1,152,163
651,1,152,164
651,1,153,164
651,1,153,165
651,1,154,165
651,1,155,166
651,1,156,166
651,1,157,165
651,1,158,165
651,1,159,165
651,1,160,165
651,1,161,165
651,1,163,165
651,1,164,165
651,1,165,165
651,1,166,164
651,1,167,164
651,1,168,164
651,1,168,163
651,1,169,163
651,1,170,162
651,1,171,162
651,1,172,162
651,1,172,163
651,1,174,164
651,1,175,164
651,1,176,164
651,1,177,164
651,1,178,164
651,1,180,164
651,1,181,164
651,1,182,164
651,1,182,165
651,1,183,165
651,1,183,166
651,1,184,166
651,1,185,167
651,1,186,166
651,1,187,167
651,1,188,167
651,1,188,168
651,1,190,169
651,1,191,169
651,1,191,170
651,1,191,171
651,1,191,172
651,1,191,173
651,1,192,173
651,1,193,173
651,1,193,172
651,1,195,171
651,1,196,172
651,1,197,172
651,1,198,172
651,1,199,172
651,1,200,173
651,1,201,173
651,1,202,173
651,1,202,172
651,1,203,172
651,1,205,172
651,1,207,172
651,1,208,172
651,1,209,171
651,1,210,171
651,1,212,171
651,1,213,172
651,1,214,173
651,1,214,174
651,1,215,175
651,1,216,175
651,1,217,175
651,1,220,175
651,1,221,175
651,1,224,175
651,1,225,175
651,1,226,174
651,1,227,174
651,1,229,174
651,1,230,174
651,1,232,173
651,1,233,173
651,1,235,173
651,1,236,173
651,1,239,173
651,1,240,174
651,1,241,174
651,1,243,174
651,1,245,172
651,1,246,172
651,1,247,171
651,1,248,172
651,1,248,173
651,1,249,173
651,1,251,173
651,1,253,173
651,1,254,173
651,1,255,173
651,1,257,173
651,1,258,174
651,1,259,174
651,1,260,175
651,1,261,175
651,1,262,175
651,1,263,175
651,1,264,174
651,1,265,174
651,1,266,174
651,1,267,173
651,1,268,173
651,1,270,173
651,1,271,174
651,1,273,174
651,1,275,175
651,1,277,175
651,1,278,175
651,1,279,176
651,1,280,176
651,1,281,176
651,1,283,177
651,1,284,177
651,1,285,177
651,1,286,177
651,1,286,178
651,1,287,178
651,1,288,178
651,1,289,178
651,1,290,178
651,1,291,178
651,1,291,179
651,1,294,179
651,1,295,179
651,1,295,180
651,1,299,180
651,1,300,181
651,1,303,181
651,1,308,183
651,1,311,183
651,1,312,184
651,1,315,184
651,1,316,185
651,1,317,185
651,1,319,185
651,1,320,186
651,1,322,186
651,1,324,186
651,1,325,187
651,1,328,187
651,1,329,188
651,1,330,188
651,1,332,188
651,1,333,189
651,1,334,189
651,1,334,188
651,1,334,187
651,1,334,186
651,1,334,185
651,1,333,185
651,1,333,184
651,1,334,184
651,1,334,183
651,1,334,182
651,1,335,182
651,1,335,181
651,1,336,181
651,1,336,180
651,1,335,180
651,1,335,179
651,1,335,178
651,1,335,177
651,1,335,176
651,1,335,175
651,1,335,174
651,1,334,174
651,1,334,173
651,1,334,172
651,1,333,172
651,1,333,171
651,1,333,170
651,1,334,170
651,1,334,169
651,1,335,169
651,1,335,168
651,1,335,167
651,1,335,166
651,1,336,162
651,1,336,160
651,1,337,159
651,1,337,158
651,1,337,156
651,1,337,155
651,1,338,155
651,1,338,154
651,1,338,153
651,1,338,152
651,1,339,150
651,1,339,149
651,1,339,147
651,1,340,145
651,1,340,143
651,1,340,142
651,1,341,142
651,1,341,140
651,1,341,139
651,1,342,137
651,1,342,135
651,1,342,134
651,1,343,133
651,1,343,132
651,1,343,131
651,1,343,130
651,1,343,129
651,1,344,128
651,1,344,127
651,1,344,126
651,1,344,125
651,1,344,124
651,1,345,124
651,1,345,123
651,1,345,122
651,1,345,121
651,1,345,120
651,1,346,119
651,1,346,117
651,1,346,116
651,1,346,115
651,1,347,115
651,1,347,114
651,1,347,113
651,1,347,112
651,1,348,110
651,1,348,109
651,1,348,108
651,1,348,107
651,1,348,106
651,1,349,106
651,1,349,105
651,1,349,103
651,1,349,102
651,1,350,101
651,1,350,100
651,1,350,99
651,1,350,98
651,1,351,97
651,1,351,96
651,1,351,93
651,1,352,91
651,1,352,90
651,1,352,89
651,1,353,87
651,1,353,86
651,1,353,85
651,1,354,84
651,1,354,83
651,1,355,79
651,1,355,78
651,1,355,76
651,1,356,75
651,1,356,74
651,1,356,73
651,1,356,72
651,1,357,68
651,1,358,67
651,1,358,66
651,1,358,64
651,1,359,63
651,1,359,60
651,1,360,57
651,1,360,56
651,1,360,54
651,1,361,52
651,1,362,49
652,1,115,12
652,1,116,12
652,1,116,13
652,1,116,12
652,1,115,12
655,1,1081,1048
655,1,1081,1047
655,1,1081,1048
656,1,1077,1067
656,1,1077,1068
656,1,1078,1068
656,1,1078,1067
656,1,1078,1066
656,1,1077,1066
656,1,1077,1067
657,1,1076,1066
657,1,1077,1066
657,1,1076,1066
658,1,1073,1070
658,1,1073,1069
658,1,1073,1070
659,1,1072,1055
659,1,1073,1055
659,1,1072,1055
659,1,1072,1054
659,1,1072,1055
660,1,1072,1069
660,1,1073,1069
660,1,1072,1069
661,1,1070,1050
661,1,1070,1051
661,1,1071,1051
661,1,1071,1052
661,1,1071,1053
661,1,1072,1053
661,1,1071,1053
661,1,1071,1052
661,1,1071,1051
661,1,1072,1051
661,1,1071,1051
661,1,1071,1050
661,1,1070,1050
662,1,1069,1049
662,1,1070,1049
662,1,1070,1050
662,1,1070,1049
662,1,1069,1049
663,1,1064,1078
663,1,1064,1079
663,1,1065,1079
663,1,1065,1078
663,1,1066,1077
663,1,1067,1077
663,1,1067,1076
663,1,1068,1076
663,1,1069,1075
663,1,1070,1074
663,1,1071,1074
663,1,1071,1073
663,1,1072,1073
663,1,1073,1072
663,1,1074,1072
663,1,1074,1071
663,1,1075,1071
663,1,1076,1070
663,1,1077,1070
663,1,1077,1069
663,1,1078,1069
663,1,1078,1068
663,1,1079,1068
663,1,1080,1067
663,1,1081,1067
663,1,1081,1066
663,1,1080,1066
663,1,1080,1067
663,1,1080,1066
663,1,1079,1066
663,1,1079,1067
663,1,1078,1067
663,1,1078,1068
663,1,1077,1068
663,1,1076,1068
663,1,1075,1068
663,1,1075,1069
663,1,1074,1069
663,1,1074,1070
663,1,1073,1070
663,1,1073,1071
663,1,1072,1071
663,1,1071,1071
663,1,1071,1072
663,1,1072,1072
663,1,1071,1072
663,1,1071,1073
663,1,1071,1072
663,1,1070,1073
663,1,1070,1074
663,1,1069,1074
663,1,1069,1075
663,1,1068,1075
663,1,1067,1075
663,1,1067,1076
663,1,1066,1076
663,1,1066,1077
663,1,1065,1077
663,1,1065,1078
663,1,1064,1078
664,1,980,1135
664,1,981,1135
664,1,980,1135
665,1,979,1134
665,1,979,1135
665,1,980,1134
665,1,979,1134
666,1,979,1138
666,1,980,1138
666,1,981,1138
666,1,982,1138
666,1,982,1137
666,1,983,1136
666,1,983,1135
666,1,982,1135
666,1,982,1134
666,1,981,1134
666,1,982,1134
666,1,982,1135
666,1,981,1135
666,1,981,1136
666,1,980,1136
666,1,980,1137
666,1,979,1138
667,1,979,1135
667,1,980,1135
667,1,980,1136
667,1,980,1135
667,1,979,1135
670,1,978,1136
670,1,979,1136
670,1,978,1136
671,1,978,1139
671,1,979,1139
671,1,978,1139
672,1,977,1142
672,1,978,1142
672,1,978,1141
672,1,977,1141
672,1,977,1142
674,1,975,1139
674,1,976,1139
674,1,975,1139
676,1,974,1145
676,1,974,1146
676,1,975,1145
676,1,975,1146
676,1,975,1147
676,1,975,1146
676,1,976,1145
676,1,975,1145
676,1,974,1145
678,1,973,1136
678,1,974,1136
678,1,974,1138
678,1,975,1138
678,1,974,1137
678,1,974,1136
678,1,973,1136
679,1,971,1154
679,1,971,1153
679,1,971,1154
680,1,971,1155
680,1,971,1154
680,1,972,1154
680,1,971,1154
680,1,971,1155
681,1,970,1198
681,1,970,1199
681,1,971,1199
681,1,972,1199
681,1,972,1200
681,1,972,1201
681,1,973,1201
681,1,973,1202
681,1,973,1203
681,1,974,1204
681,1,973,1204
681,1,974,1205
681,1,974,1206
681,1,974,1207
681,1,975,1207
681,1,974,1208
681,1,975,1209
681,1,975,1210
681,1,975,1211
681,1,975,1212
681,1,976,1213
681,1,976,1214
681,1,976,1215
681,1,976,1216
681,1,976,1217
681,1,976,1218
681,1,976,1219
681,1,976,1220
681,1,977,1220
681,1,977,1221
681,1,977,1222
681,1,977,1221
681,1,977,1220
681,1,977,1219
681,1,977,1218
681,1,976,1217
681,1,976,1216
681,1,976,1215
681,1,976,1214
681,1,976,1213
681,1,976,1212
681,1,976,1211
681,1,975,1210
681,1,975,1208
681,1,975,1207
681,1,974,1206
681,1,974,1205
681,1,974,1203
681,1,973,1202
681,1,973,1200
681,1,973,1199
681,1,972,1199
681,1,972,1198
681,1,971,1198
681,1,970,1198
682,1,967,1184
682,1,968,1185
682,1,967,1186
682,1,968,1187
682,1,968,1188
682,1,968,1189
682,1,969,1190
682,1,969,1191
682,1,969,1192
682,1,970,1193
682,1,970,1194
682,1,970,1195
682,1,971,1196
682,1,971,1197
682,1,972,1197
682,1,972,1198
682,1,971,1198
682,1,972,1198
682,1,972,1197
682,1,972,1196
682,1,971,1196
682,1,971,1193
682,1,970,1191
682,1,970,1189
682,1,969,1188
682,1,969,1187
682,1,969,1185
682,1,969,1184
682,1,968,1183
682,1,968,1182
682,1,968,1180
682,1,968,1179
682,1,968,1178
682,1,968,1177
682,1,968,1176
682,1,968,1175
682,1,968,1174
682,1,968,1173
682,1,968,1172
682,1,968,1171
682,1,969,1170
682,1,969,1169
682,1,969,1168
682,1,969,1167
682,1,969,1166
682,1,969,1165
682,1,970,1164
682,1,970,1163
682,1,970,1162
682,1,970,1161
682,1,971,1161
682,1,971,1160
682,1,971,1159
682,1,971,1158
682,1,972,1158
682,1,972,1157
682,1,973,1155
682,1,973,1154
682,1,974,1153
682,1,974,1152
682,1,975,1151
682,1,975,1150
682,1,976,1149
682,1,976,1148
682,1,977,1147
682,1,977,1146
682,1,978,1146
682,1,978,1145
682,1,979,1144
682,1,979,1143
682,1,980,1141
682,1,981,1141
682,1,981,1140
682,1,982,1139
682,1,983,1138
682,1,982,1138
682,1,981,1138
682,1,980,1138
682,1,979,1138
682,1,979,1139
682,1,980,1139
682,1,980,1140
682,1,979,1141
682,1,978,1141
682,1,978,1142
682,1,978,1143
682,1,977,1144
682,1,977,1145
682,1,976,1145
682,1,976,1146
682,1,976,1147
682,1,975,1147
682,1,976,1147
682,1,976,1148
682,1,975,1148
682,1,975,1147
682,1,975,1148
682,1,975,1147
682,1,974,1147
682,1,974,1148
682,1,974,1149
682,1,973,1150
682,1,973,1151
682,1,972,1152
682,1,972,1153
682,1,972,1154
682,1,972,1155
682,1,971,1155
682,1,971,1156
682,1,971,1157
682,1,970,1157
682,1,970,1158
682,1,970,1159
682,1,969,1160
682,1,969,1161
682,1,969,1162
682,1,969,1163
682,1,969,1164
682,1,969,1165
682,1,969,1166
682,1,968,1166
682,1,968,1167
682,1,968,1168
682,1,968,1169
682,1,968,1170
682,1,968,1171
682,1,967,1172
682,1,968,1172
682,1,968,1173
682,1,968,1174
682,1,968,1175
682,1,968,1176
682,1,968,1177
682,1,968,1178
682,1,967,1179
682,1,968,1179
682,1,968,1180
682,1,967,1180
682,1,967,1182
682,1,967,1183
682,1,967,1184
683,1,967,1164
683,1,967,1163
683,1,967,1164
684,1,967,1163
684,1,967,1162
684,1,967,1163
685,1,966,1189
685,1,966,1190
685,1,966,1189
686,1,760,713
686,1,758,713
686,1,758,718
686,1,758,721
686,1,758,723
686,1,757,726
686,1,757,728
686,1,757,734
686,1,757,738
686,1,756,742
686,1,756,745
686,1,756,746
686,1,756,747
686,1,756,749
686,1,755,754
686,1,755,755
686,1,755,756
686,1,755,761
686,1,754,766
686,1,754,767
686,1,754,773
686,1,754,775
686,1,754,776
686,1,754,777
686,1,754,778
686,1,753,779
686,1,753,780
686,1,753,782
686,1,753,783
686,1,753,786
686,1,753,787
686,1,753,790
686,1,753,792
686,1,752,793
686,1,752,795
686,1,752,797
686,1,752,799
686,1,752,801
686,1,752,802
686,1,752,803
686,1,752,805
686,1,751,808
686,1,751,811
686,1,751,813
686,1,751,814
686,1,751,815
686,1,751,816
686,1,751,818
686,1,750,819
686,1,750,820
686,1,750,821
686,1,750,823
686,1,750,825
686,1,750,827
686,1,750,828
686,1,750,829
686,1,750,830
686,1,750,831
686,1,750,832
686,1,749,832
686,1,749,833
686,1,749,834
686,1,749,835
686,1,749,837
686,1,749,838
686,1,749,839
686,1,749,840
686,1,749,841
686,1,749,843
686,1,748,843
686,1,748,844
686,1,748,845
686,1,748,847
686,1,748,849
686,1,748,850
686,1,748,851
686,1,748,853
686,1,747,855
686,1,747,861
686,1,747,862
686,1,747,864
686,1,747,865
686,1,746,866
686,1,746,868
686,1,746,870
686,1,746,873
686,1,746,874
686,1,746,875
686,1,745,876
686,1,745,878
686,1,745,879
686,1,745,880
686,1,745,881
686,1,745,882
686,1,745,883
686,1,745,886
686,1,745,887
686,1,745,888
686,1,744,889
686,1,744,890
686,1,744,891
686,1,744,892
686,1,744,893
686,1,744,894
686,1,744,895
686,1,744,896
686,1,744,898
686,1,744,899
686,1,744,900
686,1,743,902
686,1,743,903
686,1,743,904
686,1,743,908
686,1,743,913
686,1,743,914
686,1,742,916
686,1,742,922
686,1,742,923
686,1,742,924
686,1,741,929
686,1,737,928
686,1,735,928
686,1,733,928
686,1,731,928
686,1,723,927
686,1,721,927
686,1,715,927
686,1,714,926
686,1,709,926
686,1,705,926
686,1,704,926
686,1,703,926
686,1,697,925
686,1,690,925
686,1,682,924
686,1,679,923
686,1,677,923
686,1,673,923
686,1,672,923
686,1,670,923
686,1,667,922
686,1,663,922
686,1,660,922
686,1,659,922
686,1,658,922
686,1,658,921
686,1,657,921
686,1,650,921
686,1,648,920
686,1,646,920
686,1,644,920
686,1,634,919
686,1,633,919
686,1,629,918
686,1,628,918
686,1,627,918
686,1,623,918
686,1,621,918
686,1,620,918
686,1,619,917
686,1,618,917
686,1,616,917
686,1,615,917
686,1,612,917
686,1,610,917
686,1,609,916
686,1,608,916
686,1,607,916
686,1,605,916
686,1,604,916
686,1,602,916
686,1,600,915
686,1,599,915
686,1,598,915
686,1,598,916
686,1,597,916
686,1,598,917
686,1,598,918
686,1,598,917
686,1,598,918
686,1,598,919
686,1,597,919
686,1,598,919
686,1,597,919
686,1,597,920
686,1,597,921
686,1,597,922
686,1,598,923
686,1,598,924
686,1,599,924
686,1,599,925
686,1,599,924
686,1,599,925
686,1,600,925
686,1,601,926
686,1,601,927
686,1,602,927
686,1,602,928
686,1,603,928
686,1,603,927
686,1,604,927
686,1,604,928
686,1,605,928
686,1,606,929
686,1,607,930
686,1,607,931
686,1,608,932
686,1,608,933
686,1,608,934
686,1,609,934
686,1,609,935
686,1,609,936
686,1,609,937
686,1,609,938
686,1,610,938
686,1,611,939
686,1,611,940
686,1,611,941
686,1,612,942
686,1,612,943
686,1,613,943
686,1,614,944
686,1,614,945
686,1,615,945
686,1,616,945
686,1,616,946
686,1,617,946
686,1,618,947
686,1,619,947
686,1,620,947
686,1,621,948
686,1,622,948
686,1,622,949
686,1,622,950
686,1,622,951
686,1,623,951
686,1,624,951
686,1,624,952
686,1,625,952
686,1,625,953
686,1,625,954
686,1,626,955
686,1,627,955
686,1,627,957
686,1,628,957
686,1,628,958
686,1,628,959
686,1,629,959
686,1,630,960
686,1,631,960
686,1,631,961
686,1,632,961
686,1,633,961
686,1,633,962
686,1,633,963
686,1,634,963
686,1,635,963
686,1,635,964
686,1,635,965
686,1,635,966
686,1,635,967
686,1,636,967
686,1,636,968
686,1,637,968
686,1,637,969
686,1,638,969
686,1,638,970
686,1,639,970
686,1,639,971
686,1,639,972
686,1,640,971
686,1,640,972
686,1,641,972
686,1,641,973
686,1,642,973
686,1,641,973
686,1,642,973
686,1,642,974
686,1,642,975
686,1,643,975
686,1,643,976
686,1,643,975
686,1,643,976
686,1,644,976
686,1,645,976
686,1,645,977
686,1,645,978
686,1,645,977
686,1,645,978
686,1,646,977
686,1,647,977
686,1,647,978
686,1,647,979
686,1,648,978
686,1,648,979
686,1,648,978
686,1,649,978
686,1,649,979
686,1,650,979
686,1,650,980
686,1,651,980
686,1,651,981
686,1,652,981
686,1,653,981
686,1,653,982
686,1,653,981
686,1,653,982
686,1,653,983
686,1,654,983
686,1,654,984
686,1,655,984
686,1,655,985
686,1,655,984
686,1,655,985
686,1,656,985
686,1,655,984
686,1,656,984
686,1,656,985
686,1,656,984
686,1,656,985
686,1,657,985
686,1,657,986
686,1,658,986
686,1,658,987
686,1,658,988
686,1,658,989
686,1,659,989
686,1,659,988
686,1,659,989
686,1,660,989
686,1,660,990
686,1,661,990
686,1,661,991
686,1,661,992
686,1,662,993
686,1,661,993
686,1,662,993
686,1,661,993
686,1,662,993
686,1,662,994
686,1,662,993
686,1,662,994
686,1,662,995
686,1,662,996
686,1,662,997
686,1,662,998
686,1,662,999
686,1,662,1000
686,1,663,1000
686,1,664,1000
686,1,663,1000
686,1,663,1001
686,1,664,1001
686,1,663,1001
686,1,663,1002
686,1,664,1002
686,1,664,1003
686,1,665,1003
686,1,665,1004
686,1,666,1004
686,1,666,1005
686,1,665,1005
686,1,666,1005
686,1,666,1006
686,1,667,1006
686,1,667,1007
686,1,667,1008
686,1,668,1008
686,1,667,1009
686,1,668,1009
686,1,668,1010
686,1,668,1011
686,1,668,1012
686,1,667,1012
686,1,667,1013
686,1,668,1013
686,1,668,1014
686,1,668,1013
686,1,667,1014
686,1,668,1014
686,1,668,1015
686,1,668,1014
686,1,668,1015
686,1,667,1015
686,1,668,1015
686,1,667,1015
686,1,667,1016
686,1,667,1017
686,1,667,1018
686,1,667,1019
686,1,667,1020
686,1,667,1021
686,1,668,1021
686,1,667,1021
686,1,667,1022
686,1,667,1023
686,1,668,1023
686,1,668,1024
686,1,668,1025
686,1,669,1025
686,1,669,1026
686,1,670,1026
686,1,670,1027
686,1,669,1027
686,1,670,1027
686,1,670,1028
686,1,671,1028
686,1,670,1029
686,1,671,1029
686,1,671,1030
686,1,671,1031
686,1,672,1031
686,1,672,1032
686,1,671,1032
686,1,672,1032
686,1,672,1033
686,1,672,1034
686,1,672,1035
686,1,673,1035
686,1,672,1035
686,1,673,1035
686,1,673,1036
686,1,673,1037
686,1,673,1036
686,1,674,1036
686,1,674,1037
686,1,674,1038
686,1,675,1038
686,1,677,1040
686,1,678,1041
686,1,677,1041
686,1,678,1041
686,1,678,1042
686,1,678,1041
686,1,678,1042
686,1,679,1042
686,1,680,1043
686,1,680,1042
686,1,681,1042
686,1,681,1043
686,1,682,1043
686,1,683,1043
686,1,683,1044
686,1,684,1044
686,1,684,1045
686,1,685,1045
686,1,685,1046
686,1,684,1046
686,1,685,1046
686,1,685,1047
686,1,686,1047
686,1,686,1048
686,1,686,1049
686,1,687,1050
686,1,687,1049
686,1,687,1050
686,1,688,1050
686,1,688,1051
686,1,689,1051
686,1,689,1052
686,1,690,1052
686,1,691,1052
686,1,691,1053
686,1,692,1054
686,1,693,1054
686,1,694,1055
686,1,695,1055
686,1,696,1055
686,1,697,1055
686,1,697,1056
686,1,698,1056
686,1,699,1056
686,1,700,1056
686,1,701,1056
686,1,701,1057
686,1,702,1057
686,1,702,1058
686,1,702,1059
686,1,702,1058
686,1,703,1058
686,1,703,1059
686,1,703,1060
686,1,704,1060
686,1,704,1061
686,1,705,1061
686,1,706,1061
686,1,706,1062
686,1,707,1062
686,1,708,1062
686,1,709,1062
686,1,709,1063
686,1,710,1063
686,1,711,1063
686,1,712,1063
686,1,712,1064
686,1,712,1065
686,1,713,1065
686,1,714,1066
686,1,714,1067
686,1,715,1067
686,1,714,1067
686,1,715,1067
686,1,715,1068
686,1,716,1068
686,1,716,1069
686,1,717,1069
686,1,717,1070
686,1,718,1070
686,1,719,1070
686,1,719,1069
686,1,720,1069
686,1,720,1070
686,1,719,1070
686,1,720,1070
686,1,721,1070
686,1,720,1070
686,1,720,1071
686,1,721,1071
686,1,722,1071
686,1,722,1072
686,1,721,1072
686,1,722,1072
686,1,722,1071
686,1,723,1072
686,1,724,1072
686,1,725,1072
686,1,726,1072
686,1,726,1073
686,1,726,1072
686,1,727,1073
686,1,726,1073
686,1,727,1073
686,1,728,1072
686,1,729,1072
686,1,729,1071
686,1,730,1070
686,1,729,1070
686,1,729,1069
686,1,730,1069
686,1,730,1068
686,1,731,1068
686,1,730,1068
686,1,731,1067
686,1,732,1067
686,1,733,1067
686,1,732,1067
686,1,732,1066
686,1,733,1066
686,1,733,1065
686,1,734,1065
686,1,734,1064
686,1,734,1063
686,1,735,1063
686,1,736,1063
686,1,736,1064
686,1,736,1063
686,1,737,1063
686,1,738,1063
686,1,738,1062
686,1,739,1062
686,1,740,1062
686,1,740,1061
686,1,739,1061
686,1,739,1060
686,1,738,1060
686,1,739,1060
686,1,739,1059
686,1,739,1058
686,1,739,1057
686,1,740,1056
686,1,740,1055
686,1,740,1056
686,1,741,1056
686,1,741,1055
686,1,742,1055
686,1,742,1054
686,1,743,1054
686,1,743,1053
686,1,742,1053
686,1,742,1052
686,1,742,1051
686,1,743,1051
686,1,742,1051
686,1,743,1050
686,1,744,1049
686,1,743,1049
686,1,743,1048
686,1,744,1048
686,1,744,1047
686,1,745,1047
686,1,745,1046
686,1,745,1045
686,1,745,1044
686,1,746,1044
686,1,746,1045
686,1,746,1044
686,1,747,1044
686,1,747,1043
686,1,746,1043
686,1,747,1042
686,1,748,1042
686,1,748,1041
686,1,749,1041
686,1,749,1040
686,1,748,1040
686,1,749,1040
686,1,749,1039
686,1,749,1038
686,1,750,1038
686,1,750,1037
686,1,750,1038
686,1,751,1038
686,1,752,1038
686,1,753,1038
686,1,753,1037
686,1,753,1038
686,1,753,1037
686,1,754,1037
686,1,755,1037
686,1,755,1038
686,1,755,1037
686,1,756,1037
686,1,757,1037
686,1,756,1037
686,1,756,1036
686,1,757,1036
686,1,758,1036
686,1,758,1037
686,1,758,1036
686,1,759,1036
686,1,759,1037
686,1,760,1037
686,1,761,1037
686,1,762,1037
686,1,762,1038
686,1,762,1037
686,1,762,1036
686,1,762,1035
686,1,763,1035
686,1,763,1034
686,1,763,1033
686,1,764,1033
686,1,765,1033
686,1,765,1032
686,1,766,1032
686,1,766,1033
686,1,767,1033
686,1,767,1034
686,1,768,1034
686,1,768,1033
686,1,768,1034
686,1,769,1034
686,1,770,1034
686,1,771,1034
686,1,771,1035
686,1,770,1035
686,1,771,1035
686,1,771,1036
686,1,772,1036
686,1,773,1036
686,1,773,1037
686,1,774,1037
686,1,775,1037
686,1,776,1037
686,1,776,1036
686,1,777,1036
686,1,777,1037
686,1,778,1037
686,1,778,1036
686,1,778,1037
686,1,779,1037
686,1,779,1036
686,1,779,1037
686,1,780,1037
686,1,781,1037
686,1,781,1038
686,1,781,1037
686,1,782,1037
686,1,783,1037
686,1,784,1037
686,1,785,1037
686,1,785,1038
686,1,785,1037
686,1,786,1037
686,1,786,1038
686,1,787,1038
686,1,788,1038
686,1,789,1038
686,1,789,1039
686,1,790,1039
686,1,791,1039
686,1,792,1039
686,1,792,1040
686,1,793,1040
686,1,793,1039
686,1,794,1039
686,1,795,1039
686,1,796,1039
686,1,796,1038
686,1,797,1037
686,1,797,1038
686,1,797,1039
686,1,797,1040
686,1,798,1040
686,1,799,1039
686,1,800,1039
686,1,801,1039
686,1,800,1039
686,1,801,1040
686,1,801,1041
686,1,801,1040
686,1,802,1040
686,1,803,1040
686,1,802,1040
686,1,802,1041
686,1,803,1041
686,1,803,1042
686,1,803,1043
686,1,804,1043
686,1,804,1044
686,1,804,1045
686,1,804,1046
686,1,804,1045
686,1,805,1045
686,1,806,1045
686,1,806,1046
686,1,807,1046
686,1,806,1046
686,1,806,1047
686,1,806,1048
686,1,806,1049
686,1,807,1049
686,1,807,1048
686,1,807,1047
686,1,808,1047
686,1,809,1047
686,1,808,1048
686,1,809,1049
686,1,809,1050
686,1,808,1050
686,1,808,1051
686,1,808,1052
686,1,809,1052
686,1,810,1052
686,1,811,1052
686,1,812,1053
686,1,812,1054
686,1,813,1054
686,1,814,1055
686,1,815,1055
686,1,816,1055
686,1,816,1056
686,1,817,1057
686,1,817,1058
686,1,817,1059
686,1,818,1059
686,1,818,1060
686,1,819,1060
686,1,819,1061
686,1,820,1061
686,1,821,1061
686,1,821,1062
686,1,822,1062
686,1,822,1063
686,1,823,1063
686,1,823,1064
686,1,824,1064
686,1,824,1065
686,1,825,1065
686,1,826,1065
686,1,826,1066
686,1,827,1066
686,1,826,1067
686,1,827,1067
686,1,827,1068
686,1,828,1068
686,1,828,1069
686,1,827,1069
686,1,827,1070
686,1,828,1070
686,1,829,1071
686,1,829,1072
686,1,830,1072
686,1,831,1072
686,1,831,1073
686,1,831,1074
686,1,832,1074
686,1,832,1075
686,1,832,1076
686,1,832,1077
686,1,832,1078
686,1,832,1079
686,1,832,1080
686,1,832,1081
686,1,832,1082
686,1,833,1082
686,1,832,1082
686,1,833,1082
686,1,833,1083
686,1,833,1082
686,1,833,1083
686,1,834,1083
686,1,834,1084
686,1,834,1083
686,1,834,1084
686,1,834,1085
686,1,835,1085
686,1,835,1086
686,1,836,1086
686,1,836,1087
686,1,836,1088
686,1,837,1088
686,1,836,1088
686,1,836,1089
686,1,837,1089
686,1,836,1090
686,1,837,1090
686,1,837,1091
686,1,837,1092
686,1,837,1093
686,1,837,1094
686,1,838,1094
686,1,838,1095
686,1,839,1095
686,1,839,1096
686,1,839,1095
686,1,840,1095
686,1,840,1096
686,1,840,1097
686,1,840,1098
686,1,841,1098
686,1,842,1098
686,1,842,1099
686,1,841,1099
686,1,841,1100
686,1,841,1101
686,1,842,1101
686,1,842,1102
686,1,843,1102
686,1,844,1102
686,1,844,1103
686,1,843,1103
686,1,843,1104
686,1,844,1105
686,1,844,1106
686,1,844,1107
686,1,843,1107
686,1,844,1108
686,1,844,1109
686,1,845,1109
686,1,845,1110
686,1,846,1111
686,1,846,1112
686,1,845,1113
686,1,846,1113
686,1,846,1114
686,1,847,1114
686,1,847,1115
686,1,848,1115
686,1,849,1116
686,1,849,1117
686,1,850,1118
686,1,851,1118
686,1,851,1119
686,1,852,1119
686,1,853,1119
686,1,854,1120
686,1,854,1121
686,1,855,1121
686,1,855,1122
686,1,855,1123
686,1,856,1123
686,1,857,1124
686,1,857,1125
686,1,857,1126
686,1,857,1127
686,1,858,1127
686,1,859,1128
686,1,860,1128
686,1,860,1129
686,1,860,1130
686,1,861,1131
686,1,862,1131
686,1,862,1132
686,1,861,1133
686,1,862,1134
686,1,862,1135
686,1,862,1136
686,1,862,1137
686,1,863,1137
686,1,864,1138
686,1,865,1138
686,1,865,1139
686,1,866,1140
686,1,867,1140
686,1,867,1141
686,1,868,1142
686,1,868,1143
686,1,869,1143
686,1,869,1144
686,1,870,1144
686,1,870,1143
686,1,870,1144
686,1,871,1144
686,1,871,1145
686,1,872,1145
686,1,873,1145
686,1,873,1144
686,1,873,1145
686,1,874,1145
686,1,874,1146
686,1,875,1146
686,1,874,1146
686,1,875,1146
686,1,876,1146
686,1,876,1147
686,1,877,1148
686,1,877,1149
686,1,877,1150
686,1,877,1151
686,1,877,1152
686,1,877,1151
686,1,878,1151
686,1,878,1152
686,1,879,1152
686,1,878,1153
686,1,878,1154
686,1,878,1155
686,1,878,1156
686,1,878,1157
686,1,877,1158
686,1,877,1159
686,1,877,1160
686,1,876,1160
686,1,876,1161
686,1,877,1161
686,1,878,1161
686,1,878,1162
686,1,877,1162
686,1,878,1162
686,1,878,1163
686,1,879,1163
686,1,879,1162
686,1,879,1163
686,1,880,1163
686,1,880,1164
686,1,880,1165
686,1,880,1166
686,1,880,1167
686,1,880,1168
686,1,880,1169
686,1,880,1170
686,1,880,1171
686,1,880,1172
686,1,879,1172
686,1,879,1173
686,1,879,1174
686,1,880,1175
686,1,881,1174
686,1,881,1175
686,1,881,1176
686,1,882,1176
686,1,882,1177
686,1,881,1177
686,1,881,1178
686,1,882,1178
686,1,882,1179
686,1,883,1179
686,1,884,1179
686,1,884,1180
686,1,884,1181
686,1,884,1182
686,1,885,1182
686,1,886,1182
686,1,886,1183
686,1,887,1183
686,1,887,1184
686,1,888,1186
686,1,888,1188
686,1,889,1189
686,1,889,1190
686,1,889,1192
686,1,890,1193
686,1,890,1194
686,1,890,1196
686,1,890,1197
686,1,890,1198
686,1,891,1198
686,1,892,1198
686,1,892,1199
686,1,893,1199
686,1,893,1200
686,1,894,1201
686,1,893,1201
686,1,893,1202
686,1,893,1203
686,1,893,1204
686,1,894,1204
686,1,895,1204
686,1,896,1204
686,1,897,1204
686,1,897,1205
686,1,898,1205
686,1,898,1204
686,1,899,1204
686,1,899,1205
686,1,899,1206
686,1,900,1206
686,1,900,1205
686,1,901,1205
686,1,901,1206
686,1,902,1206
686,1,902,1207
686,1,902,1206
686,1,903,1206
686,1,904,1206
686,1,905,1206
686,1,906,1206
686,1,906,1207
686,1,907,1208
686,1,906,1208
686,1,907,1208
686,1,908,1208
686,1,908,1209
686,1,909,1209
686,1,908,1209
686,1,908,1210
686,1,909,1210
686,1,909,1209
686,1,909,1210
686,1,910,1210
686,1,910,1211
686,1,910,1210
686,1,909,1211
686,1,910,1211
686,1,911,1211
686,1,911,1212
686,1,912,1212
686,1,912,1213
686,1,912,1212
686,1,913,1212
686,1,913,1211
686,1,914,1211
686,1,914,1212
686,1,915,1212
686,1,915,1213
686,1,916,1213
686,1,916,1212
686,1,916,1213
686,1,917,1213
686,1,917,1212
686,1,916,1212
686,1,917,1212
686,1,917,1213
686,1,918,1213
686,1,919,1213
686,1,919,1214
686,1,920,1214
686,1,920,1213
686,1,921,1213
686,1,921,1214
686,1,921,1213
686,1,921,1214
686,1,922,1214
686,1,921,1214
686,1,921,1215
686,1,922,1215
686,1,923,1215
686,1,923,1216
686,1,924,1216
686,1,924,1217
686,1,925,1217
686,1,925,1216
686,1,925,1217
686,1,925,1216
686,1,926,1216
686,1,926,1217
686,1,926,1218
686,1,927,1218
686,1,927,1219
686,1,928,1219
686,1,927,1219
686,1,927,1218
686,1,928,1218
686,1,928,1219
686,1,929,1219
686,1,929,1218
686,1,929,1219
686,1,928,1219
686,1,929,1220
686,1,930,1221
686,1,931,1221
686,1,932,1221
686,1,932,1222
686,1,932,1221
686,1,933,1221
686,1,934,1221
686,1,933,1222
686,1,934,1222
686,1,934,1221
686,1,934,1222
686,1,934,1221
686,1,935,1221
686,1,936,1221
686,1,936,1222
686,1,936,1221
686,1,937,1221
686,1,937,1222
686,1,937,1223
686,1,938,1222
686,1,939,1222
686,1,939,1221
686,1,939,1222
686,1,940,1222
686,1,940,1221
686,1,940,1222
686,1,940,1221
686,1,941,1221
686,1,941,1222
686,1,941,1221
686,1,941,1222
686,1,942,1222
686,1,943,1222
686,1,943,1221
686,1,943,1222
686,1,944,1222
686,1,945,1222
686,1,945,1221
686,1,946,1221
686,1,946,1222
686,1,946,1221
686,1,947,1221
686,1,946,1222
686,1,947,1222
686,1,948,1222
686,1,949,1222
686,1,950,1222
686,1,949,1222
686,1,949,1223
686,1,950,1223
686,1,950,1222
686,1,951,1222
686,1,951,1223
686,1,952,1223
686,1,952,1224
686,1,952,1223
686,1,953,1223
686,1,952,1224
686,1,953,1223
686,1,954,1223
686,1,954,1224
686,1,954,1223
686,1,955,1223
686,1,954,1223
686,1,955,1223
686,1,955,1224
686,1,956,1224
686,1,956,1223
686,1,956,1224
686,1,956,1225
686,1,956,1224
686,1,957,1224
686,1,957,1225
686,1,956,1225
686,1,957,1225
686,1,957,1226
686,1,958,1227
686,1,958,1226
686,1,959,1227
686,1,958,1227
686,1,959,1227
686,1,959,1228
686,1,958,1228
686,1,959,1228
686,1,960,1228
686,1,960,1229
686,1,961,1229
686,1,961,1230
686,1,962,1230
686,1,963,1230
686,1,963,1231
686,1,963,1230
686,1,963,1231
686,1,964,1230
686,1,964,1231
686,1,964,1232
686,1,965,1232
686,1,966,1232
686,1,966,1231
686,1,966,1232
686,1,966,1233
686,1,966,1232
686,1,966,1233
686,1,967,1233
686,1,967,1232
686,1,968,1232
686,1,967,1232
686,1,968,1232
686,1,968,1231
686,1,968,1230
686,1,968,1229
686,1,967,1229
686,1,968,1229
686,1,969,1228
686,1,969,1229
686,1,970,1229
686,1,970,1228
686,1,971,1228
686,1,972,1228
686,1,972,1227
686,1,971,1227
686,1,972,1227
686,1,973,1227
686,1,974,1227
686,1,975,1227
686,1,976,1227
686,1,977,1227
686,1,977,1226
686,1,977,1224
686,1,977,1223
686,1,977,1222
686,1,976,1222
686,1,975,1223
686,1,975,1222
686,1,976,1222
686,1,975,1222
686,1,975,1221
686,1,974,1221
686,1,973,1221
686,1,972,1221
686,1,972,1220
686,1,971,1220
686,1,971,1219
686,1,970,1219
686,1,971,1219
686,1,972,1219
686,1,971,1218
686,1,971,1217
686,1,971,1216
686,1,971,1215
686,1,970,1215
686,1,970,1214
686,1,971,1214
686,1,971,1213
686,1,971,1212
686,1,970,1212
686,1,970,1211
686,1,971,1211
686,1,971,1212
686,1,972,1212
686,1,972,1211
686,1,971,1211
686,1,970,1208
686,1,970,1207
686,1,969,1206
686,1,969,1205
686,1,968,1203
686,1,968,1202
686,1,967,1202
686,1,966,1202
686,1,967,1201
686,1,966,1201
686,1,966,1200
686,1,966,1199
686,1,966,1198
686,1,966,1197
686,1,965,1197
686,1,965,1196
686,1,965,1195
686,1,965,1194
686,1,964,1193
686,1,964,1192
686,1,964,1191
686,1,964,1190
686,1,964,1189
686,1,964,1188
686,1,964,1187
686,1,964,1186
686,1,965,1186
686,1,966,1186
686,1,965,1185
686,1,964,1185
686,1,965,1184
686,1,965,1183
686,1,967,1184
686,1,967,1183
686,1,966,1183
686,1,965,1183
686,1,965,1182
686,1,965,1181
686,1,965,1180
686,1,965,1178
686,1,965,1177
686,1,965,1176
686,1,966,1174
686,1,966,1172
686,1,966,1171
686,1,966,1170
686,1,965,1170
686,1,966,1168
686,1,966,1165
686,1,965,1165
686,1,964,1165
686,1,964,1166
686,1,963,1166
686,1,962,1166
686,1,962,1167
686,1,961,1167
686,1,961,1166
686,1,960,1166
686,1,959,1166
686,1,958,1166
686,1,957,1166
686,1,957,1165
686,1,957,1164
686,1,956,1164
686,1,955,1164
686,1,955,1165
686,1,954,1165
686,1,953,1165
686,1,953,1164
686,1,954,1164
686,1,955,1164
686,1,956,1164
686,1,956,1163
686,1,956,1162
686,1,955,1162
686,1,955,1161
686,1,955,1160
686,1,954,1160
686,1,954,1159
686,1,955,1159
686,1,956,1160
686,1,956,1161
686,1,956,1162
686,1,957,1162
686,1,957,1163
686,1,958,1163
686,1,957,1163
686,1,958,1163
686,1,958,1164
686,1,959,1163
686,1,960,1162
686,1,961,1162
686,1,961,1161
686,1,962,1161
686,1,963,1160
686,1,963,1159
686,1,964,1159
686,1,964,1160
686,1,964,1161
686,1,964,1162
686,1,963,1162
686,1,963,1163
686,1,962,1163
686,1,962,1164
686,1,961,1164
686,1,962,1164
686,1,963,1164
686,1,964,1163
686,1,965,1163
686,1,966,1163
686,1,966,1162
686,1,967,1162
686,1,967,1161
686,1,968,1161
686,1,968,1160
686,1,968,1159
686,1,969,1159
686,1,969,1158
686,1,969,1157
686,1,969,1156
686,1,969,1155
686,1,970,1155
686,1,970,1154
686,1,970,1153
686,1,970,1152
686,1,971,1152
686,1,971,1151
686,1,971,1150
686,1,972,1150
686,1,972,1149
686,1,972,1148
686,1,972,1147
686,1,973,1147
686,1,973,1146
686,1,973,1145
686,1,974,1145
686,1,974,1144
686,1,974,1145
686,1,973,1144
686,1,972,1144
686,1,971,1144
686,1,971,1143
686,1,970,1143
686,1,969,1143
686,1,969,1142
686,1,969,1141
686,1,968,1141
686,1,968,1140
686,1,968,1139
686,1,969,1138
686,1,968,1138
686,1,967,1138
686,1,966,1138
686,1,965,1138
686,1,964,1138
686,1,964,1137
686,1,963,1137
686,1,963,1136
686,1,964,1136
686,1,964,1135
686,1,964,1136
686,1,964,1137
686,1,965,1137
686,1,965,1136
686,1,966,1136
686,1,967,1136
686,1,968,1136
686,1,969,1136
686,1,970,1136
686,1,971,1136
686,1,970,1136
686,1,970,1137
686,1,969,1137
686,1,970,1137
686,1,971,1136
686,1,972,1136
686,1,973,1136
686,1,974,1136
686,1,974,1137
686,1,975,1137
686,1,975,1138
686,1,976,1139
686,1,977,1139
686,1,977,1138
686,1,977,1137
686,1,978,1137
686,1,978,1136
686,1,979,1136
686,1,979,1135
686,1,979,1134
686,1,980,1134
686,1,981,1133
686,1,981,1132
686,1,981,1131
686,1,982,1131
686,1,981,1132
686,1,982,1132
686,1,982,1133
686,1,981,1133
686,1,981,1134
686,1,982,1134
686,1,981,1134
686,1,982,1134
686,1,981,1133
686,1,982,1133
686,1,982,1132
686,1,982,1131
686,1,982,1130
686,1,983,1130
686,1,983,1129
686,1,984,1129
686,1,984,1128
686,1,983,1128
686,1,983,1127
686,1,983,1126
686,1,984,1126
686,1,984,1125
686,1,983,1125
686,1,983,1126
686,1,982,1126
686,1,981,1126
686,1,981,1127
686,1,980,1127
686,1,980,1128
686,1,979,1128
686,1,980,1128
686,1,980,1129
686,1,979,1129
686,1,978,1129
686,1,978,1128
686,1,977,1128
686,1,977,1127
686,1,976,1127
686,1,975,1126
686,1,976,1126
686,1,976,1125
686,1,977,1125
686,1,977,1124
686,1,978,1124
686,1,979,1123
686,1,980,1123
686,1,981,1122
686,1,982,1122
686,1,983,1121
686,1,984,1121
686,1,985,1121
686,1,984,1121
686,1,984,1122
686,1,984,1123
686,1,985,1123
686,1,984,1123
686,1,984,1124
686,1,985,1124
686,1,984,1124
686,1,985,1124
686,1,986,1124
686,1,986,1123
686,1,986,1122
686,1,987,1122
686,1,987,1121
686,1,987,1120
686,1,986,1120
686,1,987,1120
686,1,987,1119
686,1,987,1118
686,1,988,1118
686,1,988,1117
686,1,989,1117
686,1,989,1118
686,1,988,1118
686,1,988,1119
686,1,987,1120
686,1,988,1120
686,1,988,1121
686,1,988,1122
686,1,987,1122
686,1,987,1123
686,1,987,1124
686,1,986,1124
686,1,987,1124
686,1,986,1124
686,1,987,1124
686,1,988,1124
686,1,989,1123
686,1,989,1124
686,1,988,1124
686,1,989,1124
686,1,988,1124
686,1,988,1125
686,1,989,1125
686,1,989,1124
686,1,989,1123
686,1,990,1123
686,1,990,1122
686,1,991,1122
686,1,992,1122
686,1,992,1121
686,1,992,1120
686,1,993,1120
686,1,994,1120
686,1,994,1119
686,1,994,1118
686,1,994,1117
686,1,993,1117
686,1,993,1116
686,1,994,1116
686,1,994,1115
686,1,994,1114
686,1,994,1113
686,1,993,1113
686,1,993,1112
686,1,992,1112
686,1,992,1111
686,1,991,1111
686,1,991,1110
686,1,992,1110
686,1,993,1110
686,1,993,1111
686,1,994,1111
686,1,995,1111
686,1,995,1110
686,1,994,1109
686,1,994,1108
686,1,993,1108
686,1,993,1109
686,1,993,1108
686,1,993,1109
686,1,992,1109
686,1,992,1108
686,1,993,1108
686,1,993,1107
686,1,994,1107
686,1,994,1108
686,1,994,1109
686,1,995,1109
686,1,995,1110
686,1,996,1110
686,1,996,1111
686,1,997,1111
686,1,998,1111
686,1,997,1112
686,1,998,1112
686,1,998,1113
686,1,997,1113
686,1,998,1114
686,1,998,1115
686,1,999,1116
686,1,999,1115
686,1,1000,1115
686,1,1001,1115
686,1,1001,1116
686,1,1001,1115
686,1,1002,1114
686,1,1003,1114
686,1,1003,1113
686,1,1004,1113
686,1,1005,1113
686,1,1005,1112
686,1,1006,1112
686,1,1007,1111
686,1,1008,1111
686,1,1008,1110
686,1,1009,1110
686,1,1009,1111
686,1,1010,1111
686,1,1009,1111
686,1,1009,1112
686,1,1008,1112
686,1,1008,1113
686,1,1007,1113
686,1,1008,1113
686,1,1009,1113
686,1,1009,1114
686,1,1008,1114
686,1,1008,1115
686,1,1007,1115
686,1,1006,1115
686,1,1005,1115
686,1,1004,1115
686,1,1004,1116
686,1,1003,1116
686,1,1002,1116
686,1,1002,1117
686,1,1001,1117
686,1,1002,1117
686,1,1001,1117
686,1,1001,1118
686,1,1000,1118
686,1,1000,1119
686,1,999,1119
686,1,999,1120
686,1,998,1120
686,1,998,1121
686,1,997,1121
686,1,996,1121
686,1,995,1121
686,1,994,1121
686,1,993,1122
686,1,992,1122
686,1,993,1122
686,1,993,1123
686,1,993,1124
686,1,993,1123
686,1,993,1124
686,1,993,1125
686,1,992,1125
686,1,991,1125
686,1,991,1124
686,1,990,1124
686,1,990,1125
686,1,989,1125
686,1,990,1125
686,1,989,1125
686,1,989,1126
686,1,988,1126
686,1,988,1127
686,1,988,1128
686,1,987,1128
686,1,987,1129
686,1,986,1129
686,1,986,1130
686,1,986,1131
686,1,985,1131
686,1,985,1132
686,1,986,1132
686,1,985,1132
686,1,985,1133
686,1,984,1133
686,1,983,1133
686,1,984,1133
686,1,985,1133
686,1,985,1134
686,1,984,1134
686,1,983,1134
686,1,983,1135
686,1,983,1136
686,1,983,1137
686,1,982,1137
686,1,983,1138
686,1,983,1137
686,1,983,1136
686,1,984,1136
686,1,984,1135
686,1,985,1135
686,1,985,1134
686,1,986,1133
686,1,986,1132
686,1,987,1132
686,1,988,1131
686,1,989,1129
686,1,990,1129
686,1,991,1127
686,1,993,1126
686,1,994,1125
686,1,995,1124
686,1,997,1123
686,1,998,1122
686,1,999,1121
686,1,1000,1120
686,1,1001,1120
686,1,1002,1119
686,1,1003,1118
686,1,1004,1118
686,1,1004,1117
686,1,1005,1117
686,1,1007,1116
686,1,1008,1116
686,1,1009,1115
686,1,1010,1114
686,1,1010,1113
686,1,1011,1113
686,1,1011,1112
686,1,1012,1112
686,1,1012,1111
686,1,1013,1110
686,1,1014,1110
686,1,1015,1110
686,1,1015,1109
686,1,1016,1108
686,1,1017,1108
686,1,1018,1107
686,1,1019,1107
686,1,1020,1106
686,1,1021,1105
686,1,1023,1105
686,1,1024,1104
686,1,1026,1103
686,1,1027,1102
686,1,1028,1102
686,1,1029,1102
686,1,1030,1101
686,1,1031,1101
686,1,1032,1100
686,1,1034,1099
686,1,1035,1099
686,1,1037,1098
686,1,1039,1097
686,1,1040,1096
686,1,1042,1095
686,1,1042,1094
686,1,1043,1094
686,1,1044,1094
686,1,1045,1093
686,1,1046,1093
686,1,1046,1092
686,1,1048,1091
686,1,1049,1091
686,1,1050,1090
686,1,1051,1090
686,1,1051,1089
686,1,1052,1089
686,1,1053,1089
686,1,1054,1089
686,1,1055,1088
686,1,1055,1087
686,1,1056,1087
686,1,1056,1086
686,1,1057,1086
686,1,1057,1085
686,1,1058,1085
686,1,1059,1084
686,1,1059,1083
686,1,1061,1081
686,1,1063,1080
686,1,1064,1079
686,1,1063,1078
686,1,1062,1077
686,1,1063,1076
686,1,1063,1075
686,1,1063,1074
686,1,1063,1073
686,1,1064,1073
686,1,1064,1074
686,1,1064,1073
686,1,1065,1073
686,1,1065,1074
686,1,1066,1074
686,1,1067,1073
686,1,1068,1073
686,1,1068,1072
686,1,1068,1071
686,1,1069,1071
686,1,1070,1070
686,1,1070,1069
686,1,1071,1069
686,1,1071,1068
686,1,1072,1068
686,1,1073,1068
686,1,1072,1068
686,1,1073,1069
686,1,1073,1068
686,1,1074,1068
686,1,1074,1067
686,1,1073,1067
686,1,1073,1066
686,1,1074,1066
686,1,1075,1065
686,1,1074,1065
686,1,1074,1064
686,1,1074,1065
686,1,1074,1064
686,1,1074,1063
686,1,1074,1062
686,1,1073,1061
686,1,1072,1061
686,1,1071,1061
686,1,1071,1060
686,1,1072,1060
686,1,1073,1060
686,1,1073,1059
686,1,1072,1059
686,1,1071,1059
686,1,1071,1058
686,1,1070,1058
686,1,1069,1058
686,1,1069,1057
686,1,1068,1057
686,1,1068,1056
686,1,1069,1056
686,1,1069,1055
686,1,1069,1054
686,1,1070,1054
686,1,1069,1053
686,1,1068,1052
686,1,1069,1052
686,1,1069,1051
686,1,1070,1050
686,1,1069,1050
686,1,1069,1049
686,1,1068,1049
686,1,1069,1049
686,1,1070,1049
686,1,1071,1049
686,1,1072,1049
686,1,1072,1050
686,1,1072,1051
686,1,1073,1051
686,1,1074,1051
686,1,1074,1050
686,1,1075,1050
686,1,1075,1049
686,1,1075,1048
686,1,1076,1048
686,1,1076,1047
686,1,1077,1047
686,1,1077,1046
686,1,1078,1046
686,1,1078,1045
686,1,1079,1045
686,1,1080,1045
686,1,1081,1045
686,1,1081,1046
686,1,1082,1046
686,1,1082,1047
686,1,1082,1048
686,1,1082,1049
686,1,1082,1050
686,1,1082,1051
686,1,1082,1052
686,1,1081,1052
686,1,1081,1053
686,1,1081,1054
686,1,1080,1054
686,1,1080,1055
686,1,1079,1056
686,1,1080,1056
686,1,1079,1056
686,1,1079,1057
686,1,1078,1056
686,1,1078,1057
686,1,1079,1057
686,1,1080,1057
686,1,1081,1057
686,1,1082,1057
686,1,1083,1056
686,1,1084,1056
686,1,1085,1056
686,1,1086,1056
686,1,1087,1055
686,1,1088,1055
686,1,1089,1056
686,1,1089,1057
686,1,1090,1056
686,1,1091,1056
686,1,1091,1057
686,1,1090,1057
686,1,1090,1058
686,1,1089,1058
686,1,1088,1058
686,1,1088,1057
686,1,1087,1057
686,1,1086,1058
686,1,1086,1059
686,1,1085,1059
686,1,1085,1060
686,1,1084,1060
686,1,1083,1060
686,1,1082,1060
686,1,1082,1061
686,1,1082,1060
686,1,1082,1061
686,1,1082,1062
686,1,1081,1062
686,1,1080,1062
686,1,1080,1063
686,1,1079,1063
686,1,1079,1064
686,1,1078,1064
686,1,1078,1065
686,1,1079,1065
686,1,1078,1065
686,1,1079,1065
686,1,1080,1065
686,1,1081,1065
686,1,1081,1064
686,1,1081,1063
686,1,1082,1063
686,1,1082,1062
686,1,1083,1062
686,1,1084,1061
686,1,1085,1061
686,1,1086,1060
686,1,1087,1060
686,1,1087,1059
686,1,1088,1059
686,1,1089,1059
686,1,1090,1058
686,1,1092,1057
686,1,1094,1056
686,1,1095,1056
686,1,1096,1055
686,1,1099,1054
686,1,1100,1054
686,1,1102,1053
686,1,1103,1052
686,1,1105,1051
686,1,1106,1051
686,1,1107,1051
686,1,1108,1050
686,1,1109,1050
686,1,1110,1050
686,1,1111,1049
686,1,1112,1049
686,1,1113,1049
686,1,1114,1049
686,1,1115,1049
686,1,1116,1049
686,1,1117,1049
686,1,1116,1047
686,1,1115,1046
686,1,1115,1045
686,1,1114,1044
686,1,1114,1043
686,1,1114,1042
686,1,1115,1042
686,1,1116,1041
686,1,1117,1041
686,1,1117,1040
686,1,1118,1039
686,1,1118,1038
686,1,1118,1037
686,1,1118,1036
686,1,1119,1036
686,1,1119,1035
686,1,1119,1034
686,1,1120,1034
686,1,1120,1033
686,1,1121,1033
686,1,1121,1032
686,1,1122,1032
686,1,1122,1031
686,1,1123,1031
686,1,1122,1031
686,1,1122,1030
686,1,1121,1030
686,1,1122,1030
686,1,1122,1029
686,1,1123,1029
686,1,1123,1028
686,1,1122,1028
686,1,1123,1028
686,1,1123,1027
686,1,1122,1027
686,1,1122,1026
686,1,1123,1026
686,1,1122,1026
686,1,1122,1025
686,1,1122,1024
686,1,1122,1023
686,1,1122,1022
686,1,1122,1021
686,1,1122,1020
686,1,1121,1020
686,1,1121,1019
686,1,1120,1019
686,1,1120,1018
686,1,1120,1017
686,1,1120,1016
686,1,1120,1015
686,1,1121,1015
686,1,1121,1014
686,1,1121,1013
686,1,1122,1014
686,1,1122,1013
686,1,1122,1012
686,1,1122,1011
686,1,1122,1010
686,1,1122,1009
686,1,1122,1010
686,1,1122,1009
686,1,1121,1009
686,1,1121,1008
686,1,1121,1007
686,1,1121,1006
686,1,1122,1006
686,1,1122,1005
686,1,1123,1006
686,1,1122,1006
686,1,1123,1006
686,1,1123,1005
686,1,1123,1004
686,1,1123,1003
686,1,1123,1002
686,1,1124,1002
686,1,1125,1002
686,1,1125,1001
686,1,1125,1000
686,1,1125,999
686,1,1126,999
686,1,1126,1000
686,1,1126,999
686,1,1125,999
686,1,1125,998
686,1,1126,998
686,1,1125,998
686,1,1125,997
686,1,1126,997
686,1,1126,998
686,1,1126,997
686,1,1127,997
686,1,1127,996
686,1,1126,996
686,1,1127,996
686,1,1127,995
686,1,1128,995
686,1,1127,995
686,1,1128,995
686,1,1128,994
686,1,1127,994
686,1,1127,993
686,1,1128,993
686,1,1128,992
686,1,1127,992
686,1,1127,991
686,1,1128,991
686,1,1128,990
686,1,1128,989
686,1,1128,990
686,1,1129,990
686,1,1129,989
686,1,1129,988
686,1,1128,988
686,1,1128,987
686,1,1127,987
686,1,1127,986
686,1,1127,985
686,1,1127,986
686,1,1128,986
686,1,1128,985
686,1,1128,986
686,1,1128,985
686,1,1129,985
686,1,1130,984
686,1,1129,984
686,1,1129,983
686,1,1129,982
686,1,1128,982
686,1,1127,982
686,1,1127,981
686,1,1128,981
686,1,1128,980
686,1,1128,979
686,1,1128,978
686,1,1128,977
686,1,1127,977
686,1,1126,978
686,1,1125,977
686,1,1125,976
686,1,1126,975
686,1,1125,975
686,1,1125,974
686,1,1125,973
686,1,1124,973
686,1,1123,972
686,1,1123,973
686,1,1123,972
686,1,1122,972
686,1,1122,971
686,1,1122,970
686,1,1123,970
686,1,1123,969
686,1,1124,969
686,1,1124,968
686,1,1123,968
686,1,1123,969
686,1,1122,969
686,1,1122,968
686,1,1123,968
686,1,1122,967
686,1,1121,966
686,1,1121,965
686,1,1121,964
686,1,1120,964
686,1,1119,964
686,1,1119,963
686,1,1120,963
686,1,1120,962
686,1,1121,962
686,1,1121,961
686,1,1120,961
686,1,1120,962
686,1,1119,961
686,1,1118,961
686,1,1117,961
686,1,1117,960
686,1,1116,960
686,1,1116,959
686,1,1116,958
686,1,1115,958
686,1,1115,957
686,1,1116,957
686,1,1116,956
686,1,1116,955
686,1,1116,954
686,1,1117,953
686,1,1117,952
686,1,1117,953
686,1,1116,953
686,1,1116,952
686,1,1116,951
686,1,1115,950
686,1,1116,950
686,1,1116,949
686,1,1115,949
686,1,1115,948
686,1,1114,948
686,1,1114,947
686,1,1114,946
686,1,1113,946
686,1,1113,945
686,1,1113,944
686,1,1112,944
686,1,1113,944
686,1,1113,943
686,1,1112,943
686,1,1112,944
686,1,1112,943
686,1,1112,944
686,1,1111,944
686,1,1111,943
686,1,1112,943
686,1,1111,943
686,1,1110,943
686,1,1110,942
686,1,1109,942
686,1,1109,941
686,1,1108,940
686,1,1108,939
686,1,1107,939
686,1,1107,937
686,1,1107,936
686,1,1107,935
686,1,1107,933
686,1,1107,932
686,1,1106,931
686,1,1106,930
686,1,1106,929
686,1,1106,928
686,1,1106,926
686,1,1106,925
686,1,1106,923
686,1,1106,922
686,1,1106,921
686,1,1106,920
686,1,1106,919
686,1,1106,918
686,1,1106,917
686,1,1106,916
686,1,1106,915
686,1,1106,914
686,1,1106,912
686,1,1106,911
686,1,1106,910
686,1,1106,909
686,1,1106,908
686,1,1106,907
686,1,1106,906
686,1,1106,905
686,1,1106,902
686,1,1106,901
686,1,1106,900
686,1,1106,899
686,1,1106,897
686,1,1106,896
686,1,1106,895
686,1,1106,893
686,1,1106,892
686,1,1106,890
686,1,1106,888
686,1,1106,887
686,1,1106,886
686,1,1106,885
686,1,1106,884
686,1,1105,884
686,1,1105,883
686,1,1105,881
686,1,1105,880
686,1,1105,879
686,1,1105,878
686,1,1105,877
686,1,1105,875
686,1,1105,874
686,1,1105,873
686,1,1105,872
686,1,1105,871
686,1,1105,870
686,1,1105,869
686,1,1105,868
686,1,1105,867
686,1,1105,865
686,1,1105,864
686,1,1104,864
686,1,1104,863
686,1,1104,864
686,1,1105,863
686,1,1104,863
686,1,1103,863
686,1,1102,863
686,1,1102,864
686,1,1101,863
686,1,1100,863
686,1,1100,862
686,1,1099,862
686,1,1099,863
686,1,1098,863
686,1,1099,863
686,1,1099,864
686,1,1099,863
686,1,1098,863
686,1,1098,864
686,1,1097,864
686,1,1097,863
686,1,1097,862
686,1,1097,863
686,1,1096,863
686,1,1096,864
686,1,1095,864
686,1,1095,863
686,1,1096,863
686,1,1095,863
686,1,1095,864
686,1,1094,864
686,1,1093,864
686,1,1093,863
686,1,1093,864
686,1,1093,865
686,1,1092,865
686,1,1092,864
686,1,1092,865
686,1,1091,865
686,1,1091,864
686,1,1092,863
686,1,1091,863
686,1,1090,863
686,1,1090,862
686,1,1089,862
686,1,1088,862
686,1,1088,861
686,1,1089,861
686,1,1088,861
686,1,1088,860
686,1,1089,860
686,1,1088,860
686,1,1087,860
686,1,1087,861
686,1,1086,861
686,1,1086,860
686,1,1086,861
686,1,1086,860
686,1,1085,860
686,1,1085,861
686,1,1084,861
686,1,1084,860
686,1,1085,860
686,1,1085,859
686,1,1084,859
686,1,1084,860
686,1,1083,860
686,1,1084,859
686,1,1084,858
686,1,1083,858
686,1,1083,859
686,1,1082,859
686,1,1082,858
686,1,1081,859
686,1,1080,859
686,1,1080,858
686,1,1081,858
686,1,1081,859
686,1,1081,858
686,1,1081,857
686,1,1081,858
686,1,1080,858
686,1,1080,857
686,1,1080,858
686,1,1079,858
686,1,1078,858
686,1,1078,857
686,1,1079,857
686,1,1078,857
686,1,1078,856
686,1,1078,857
686,1,1078,858
686,1,1077,858
686,1,1077,857
686,1,1078,856
686,1,1077,856
686,1,1077,857
686,1,1077,856
686,1,1076,856
686,1,1075,856
686,1,1076,855
686,1,1077,855
686,1,1076,854
686,1,1076,855
686,1,1075,855
686,1,1075,856
686,1,1074,856
686,1,1074,855
686,1,1074,854
686,1,1074,855
686,1,1074,856
686,1,1074,855
686,1,1073,855
686,1,1072,855
686,1,1072,854
686,1,1072,855
686,1,1072,854
686,1,1071,854
686,1,1070,854
686,1,1070,853
686,1,1070,852
686,1,1071,852
686,1,1070,852
686,1,1070,851
686,1,1070,852
686,1,1069,852
686,1,1069,851
686,1,1068,851
686,1,1068,850
686,1,1067,850
686,1,1066,850
686,1,1065,850
686,1,1065,849
686,1,1065,848
686,1,1064,848
686,1,1064,847
686,1,1064,848
686,1,1064,849
686,1,1063,849
686,1,1063,848
686,1,1064,847
686,1,1063,847
686,1,1062,848
686,1,1062,847
686,1,1062,846
686,1,1061,846
686,1,1060,846
686,1,1060,845
686,1,1059,845
686,1,1058,845
686,1,1058,846
686,1,1057,846
686,1,1057,847
686,1,1057,848
686,1,1056,848
686,1,1056,847
686,1,1056,848
686,1,1056,849
686,1,1055,849
686,1,1054,849
686,1,1053,849
686,1,1052,849
686,1,1051,849
686,1,1051,850
686,1,1050,849
686,1,1049,850
686,1,1049,849
686,1,1048,849
686,1,1047,849
686,1,1047,848
686,1,1046,848
686,1,1046,849
686,1,1045,849
686,1,1045,848
686,1,1045,847
686,1,1045,846
686,1,1044,846
686,1,1043,846
686,1,1043,847
686,1,1042,847
686,1,1042,848
686,1,1041,848
686,1,1041,847
686,1,1041,848
686,1,1040,848
686,1,1039,849
686,1,1039,848
686,1,1038,848
686,1,1037,848
686,1,1037,849
686,1,1037,850
686,1,1037,851
686,1,1036,851
686,1,1036,850
686,1,1035,850
686,1,1034,850
686,1,1035,850
686,1,1035,851
686,1,1034,851
686,1,1033,851
686,1,1033,850
686,1,1032,850
686,1,1031,849
686,1,1030,849
686,1,1030,850
686,1,1029,850
686,1,1028,850
686,1,1028,849
686,1,1027,849
686,1,1027,850
686,1,1028,850
686,1,1027,850
686,1,1027,851
686,1,1026,851
686,1,1027,851
686,1,1027,850
686,1,1026,850
686,1,1026,851
686,1,1025,851
686,1,1024,851
686,1,1024,850
686,1,1023,850
686,1,1023,851
686,1,1024,851
686,1,1023,851
686,1,1022,851
686,1,1021,851
686,1,1021,852
686,1,1020,852
686,1,1020,853
686,1,1021,853
686,1,1021,852
686,1,1021,853
686,1,1021,854
686,1,1020,855
686,1,1019,855
686,1,1018,855
686,1,1017,855
686,1,1017,854
686,1,1016,854
686,1,1015,855
686,1,1015,856
686,1,1015,857
686,1,1015,858
686,1,1014,858
686,1,1013,858
686,1,1013,857
686,1,1012,856
686,1,1011,855
686,1,1011,854
686,1,1010,854
686,1,1009,854
686,1,1008,854
686,1,1007,854
686,1,1007,853
686,1,1007,852
686,1,1006,852
686,1,1005,852
686,1,1004,851
686,1,1003,851
686,1,1002,851
686,1,1002,850
686,1,1003,850
686,1,1003,849
686,1,1004,849
686,1,1004,848
686,1,1003,848
686,1,1002,848
686,1,1001,847
686,1,1001,848
686,1,1000,848
686,1,1000,849
686,1,1000,850
686,1,1000,851
686,1,999,851
686,1,998,851
686,1,997,851
686,1,997,850
686,1,996,850
686,1,996,849
686,1,995,849
686,1,994,849
686,1,994,850
686,1,993,850
686,1,992,849
686,1,992,848
686,1,992,847
686,1,992,846
686,1,992,845
686,1,991,845
686,1,990,845
686,1,990,846
686,1,989,846
686,1,989,845
686,1,988,845
686,1,988,846
686,1,988,847
686,1,988,848
686,1,988,849
686,1,987,850
686,1,986,851
686,1,986,850
686,1,985,850
686,1,984,850
686,1,984,851
686,1,985,851
686,1,986,851
686,1,986,852
686,1,985,852
686,1,984,852
686,1,984,853
686,1,984,854
686,1,984,855
686,1,984,856
686,1,983,856
686,1,983,857
686,1,982,856
686,1,981,856
686,1,981,855
686,1,980,855
686,1,980,854
686,1,980,853
686,1,980,852
686,1,980,851
686,1,981,851
686,1,981,850
686,1,981,849
686,1,981,848
686,1,980,848
686,1,980,847
686,1,979,847
686,1,978,847
686,1,978,848
686,1,978,849
686,1,977,849
686,1,977,850
686,1,977,849
686,1,976,849
686,1,976,848
686,1,976,849
686,1,975,849
686,1,975,850
686,1,975,849
686,1,975,848
686,1,975,849
686,1,974,849
686,1,974,850
686,1,974,851
686,1,973,851
686,1,972,851
686,1,971,851
686,1,970,851
686,1,969,850
686,1,970,850
686,1,970,849
686,1,970,848
686,1,970,847
686,1,969,847
686,1,968,847
686,1,967,847
686,1,966,847
686,1,966,848
686,1,966,847
686,1,965,847
686,1,964,847
686,1,964,846
686,1,964,845
686,1,965,845
686,1,964,845
686,1,964,844
686,1,963,844
686,1,963,843
686,1,962,843
686,1,961,843
686,1,960,843
686,1,960,844
686,1,960,845
686,1,959,845
686,1,959,846
686,1,958,846
686,1,958,847
686,1,957,847
686,1,957,846
686,1,957,847
686,1,957,848
686,1,957,847
686,1,956,847
686,1,956,848
686,1,955,848
686,1,955,849
686,1,954,849
686,1,954,850
686,1,953,850
686,1,953,849
686,1,952,849
686,1,951,848
686,1,950,848
686,1,949,848
686,1,949,847
686,1,950,847
686,1,950,846
686,1,950,845
686,1,949,845
686,1,950,845
686,1,950,844
686,1,951,843
686,1,950,843
686,1,950,842
686,1,949,842
686,1,948,842
686,1,948,843
686,1,947,843
686,1,946,842
686,1,945,842
686,1,945,841
686,1,944,841
686,1,944,840
686,1,945,840
686,1,945,841
686,1,945,840
686,1,944,839
686,1,944,838
686,1,945,837
686,1,945,836
686,1,944,836
686,1,945,835
686,1,944,835
686,1,943,835
686,1,943,836
686,1,942,836
686,1,942,837
686,1,941,837
686,1,940,836
686,1,939,836
686,1,938,836
686,1,937,836
686,1,936,835
686,1,935,835
686,1,934,834
686,1,934,835
686,1,933,835
686,1,934,835
686,1,934,836
686,1,933,836
686,1,933,837
686,1,932,837
686,1,932,838
686,1,931,838
686,1,930,838
686,1,930,839
686,1,929,839
686,1,929,838
686,1,928,838
686,1,928,837
686,1,927,837
686,1,927,836
686,1,926,836
686,1,927,836
686,1,927,835
686,1,926,835
686,1,925,834
686,1,924,834
686,1,923,834
686,1,922,835
686,1,921,835
686,1,920,835
686,1,919,835
686,1,919,836
686,1,919,835
686,1,918,835
686,1,917,834
686,1,917,835
686,1,917,834
686,1,916,834
686,1,915,834
686,1,914,834
686,1,914,833
686,1,913,833
686,1,912,833
686,1,912,832
686,1,911,831
686,1,911,832
686,1,910,832
686,1,910,831
686,1,909,831
686,1,908,831
686,1,908,832
686,1,907,832
686,1,907,831
686,1,906,831
686,1,905,831
686,1,904,831
686,1,903,831
686,1,902,831
686,1,902,830
686,1,902,829
686,1,902,828
686,1,902,827
686,1,901,827
686,1,901,826
686,1,901,825
686,1,900,825
686,1,900,824
686,1,900,823
686,1,899,823
686,1,899,822
686,1,899,821
686,1,899,822
686,1,898,822
686,1,898,821
686,1,897,821
686,1,896,820
686,1,896,819
686,1,895,819
686,1,894,819
686,1,894,820
686,1,894,821
686,1,894,822
686,1,894,823
686,1,893,823
686,1,893,822
686,1,893,823
686,1,892,823
686,1,892,822
686,1,891,822
686,1,890,821
686,1,889,821
686,1,888,821
686,1,887,820
686,1,887,821
686,1,887,822
686,1,886,822
686,1,885,822
686,1,884,822
686,1,883,822
686,1,882,822
686,1,882,821
686,1,881,821
686,1,881,820
686,1,880,820
686,1,879,819
686,1,880,819
686,1,879,819
686,1,879,818
686,1,878,818
686,1,878,817
686,1,878,816
686,1,877,816
686,1,876,815
686,1,876,814
686,1,875,814
686,1,875,813
686,1,874,813
686,1,874,812
686,1,873,812
686,1,872,812
686,1,872,813
686,1,871,813
686,1,871,812
686,1,871,811
686,1,871,810
686,1,871,806
686,1,871,804
686,1,871,801
686,1,871,799
686,1,872,790
686,1,872,785
686,1,872,783
686,1,872,782
686,1,872,781
686,1,872,780
686,1,872,777
686,1,872,776
686,1,872,771
686,1,872,769
686,1,873,765
686,1,873,763
686,1,873,762
686,1,873,759
686,1,873,756
686,1,873,753
686,1,873,749
686,1,873,746
686,1,874,741
686,1,874,737
686,1,874,736
686,1,874,734
686,1,874,731
686,1,874,730
686,1,874,723
686,1,875,719
686,1,874,719
686,1,872,719
686,1,871,719
686,1,868,719
686,1,865,719
686,1,863,719
686,1,862,719
686,1,861,719
686,1,860,719
686,1,859,719
686,1,858,719
686,1,857,719
686,1,856,719
686,1,855,719
686,1,854,719
686,1,852,718
686,1,851,718
686,1,850,718
686,1,849,718
686,1,848,718
686,1,847,718
686,1,845,718
686,1,844,718
686,1,843,718
686,1,842,718
686,1,841,718
686,1,839,718
686,1,838,718
686,1,837,718
686,1,835,718
686,1,834,718
686,1,833,717
686,1,829,717
686,1,825,717
686,1,824,717
686,1,822,717
686,1,821,717
686,1,820,717
686,1,814,716
686,1,813,716
686,1,812,716
686,1,811,716
686,1,810,716
686,1,809,716
686,1,808,716
686,1,807,716
686,1,806,716
686,1,805,716
686,1,801,716
686,1,799,715
686,1,797,715
686,1,794,715
686,1,793,715
686,1,792,715
686,1,789,715
686,1,785,715
686,1,784,714
686,1,778,714
686,1,776,714
686,1,774,714
686,1,772,714
686,1,768,713
686,1,764,713
686,1,760,713
687,1,1499,443
687,1,1499,444
687,1,1500,444
687,1,1501,444
687,1,1501,443
687,1,1500,443
687,1,1500,442
687,1,1501,442
687,1,1500,442
687,1,1500,443
687,1,1499,443
688,1,1499,449
688,1,1499,448
688,1,1499,449
692,1,1495,440
692,1,1495,441
692,1,1496,440
692,1,1495,440
692,1,1496,440
692,1,1495,440
694,1,1495,445
694,1,1495,444
694,1,1495,445
695,1,1494,439
695,1,1495,439
695,1,1495,438
695,1,1494,438
695,1,1494,439
696,1,1494,442
696,1,1495,442
696,1,1495,443
696,1,1495,442
696,1,1495,441
696,1,1496,441
696,1,1495,441
696,1,1494,442
699,1,1484,439
699,1,1485,439
699,1,1484,439
700,1,1473,442
700,1,1474,442
700,1,1473,442
701,1,1472,442
701,1,1473,442
701,1,1472,442
702,1,1425,448
702,1,1425,449
702,1,1425,450
702,1,1425,451
702,1,1425,452
702,1,1425,453
702,1,1425,454
702,1,1426,456
702,1,1426,457
702,1,1426,458
702,1,1426,460
702,1,1426,461
702,1,1426,462
702,1,1427,462
702,1,1427,464
702,1,1427,465
702,1,1427,466
702,1,1427,467
702,1,1427,469
702,1,1427,470
702,1,1428,471
702,1,1428,472
702,1,1428,473
702,1,1428,474
702,1,1428,475
702,1,1428,476
702,1,1428,477
702,1,1428,478
702,1,1429,479
702,1,1429,481
702,1,1429,482
702,1,1429,485
702,1,1429,486
702,1,1430,487
702,1,1430,488
702,1,1430,490
702,1,1430,491
702,1,1430,492
702,1,1430,493
702,1,1430,494
702,1,1430,495
702,1,1431,496
702,1,1431,497
702,1,1431,498
702,1,1431,499
702,1,1431,500
702,1,1431,501
702,1,1431,502
702,1,1431,503
702,1,1431,504
702,1,1432,504
702,1,1432,505
702,1,1432,506
702,1,1432,507
702,1,1432,508
702,1,1432,510
702,1,1432,511
702,1,1432,513
702,1,1433,513
702,1,1433,514
702,1,1433,515
702,1,1433,517
702,1,1433,519
702,1,1433,520
702,1,1433,521
702,1,1434,524
702,1,1434,525
702,1,1434,526
702,1,1434,527
702,1,1434,528
702,1,1434,529
702,1,1434,530
702,1,1434,531
702,1,1435,532
702,1,1435,533
702,1,1435,534
702,1,1435,535
702,1,1435,536
702,1,1435,537
702,1,1435,538
702,1,1435,539
702,1,1435,540
702,1,1436,542
702,1,1436,543
702,1,1436,545
702,1,1436,546
702,1,1436,547
702,1,1436,548
702,1,1436,549
702,1,1437,550
702,1,1437,551
702,1,1437,553
702,1,1437,555
702,1,1437,557
702,1,1437,558
702,1,1437,559
702,1,1438,560
702,1,1438,561
702,1,1438,563
702,1,1438,564
702,1,1438,565
702,1,1438,566
702,1,1438,567
702,1,1438,568
702,1,1439,570
702,1,1439,571
702,1,1439,572
702,1,1439,573
702,1,1439,572
702,1,1440,572
702,1,1440,571
702,1,1441,571
702,1,1441,570
702,1,1442,570
702,1,1442,571
702,1,1443,571
702,1,1443,572
702,1,1444,572
702,1,1445,572
702,1,1445,573
702,1,1446,573
702,1,1447,573
702,1,1448,573
702,1,1448,572
702,1,1449,572
702,1,1450,572
702,1,1451,572
702,1,1451,571
702,1,1452,570
702,1,1453,571
702,1,1453,572
702,1,1453,573
702,1,1454,573
702,1,1454,574
702,1,1455,574
702,1,1456,574
702,1,1457,574
702,1,1458,574
702,1,1458,575
702,1,1459,575
702,1,1459,576
702,1,1459,577
702,1,1459,578
702,1,1460,578
702,1,1460,579
702,1,1461,579
702,1,1461,580
702,1,1462,580
702,1,1462,581
702,1,1462,582
702,1,1462,583
702,1,1462,584
702,1,1463,584
702,1,1464,584
702,1,1465,585
702,1,1466,585
702,1,1467,585
702,1,1468,585
702,1,1469,585
702,1,1470,585
702,1,1471,585
702,1,1471,584
702,1,1472,584
702,1,1473,584
702,1,1474,584
702,1,1474,585
702,1,1475,585
702,1,1476,585
702,1,1477,585
702,1,1477,586
702,1,1477,587
702,1,1478,587
702,1,1479,587
702,1,1479,588
702,1,1480,588
702,1,1480,589
702,1,1480,590
702,1,1481,590
702,1,1482,590
702,1,1483,590
702,1,1484,590
702,1,1485,590
702,1,1485,589
702,1,1485,588
702,1,1486,587
702,1,1487,587
702,1,1488,587
702,1,1488,586
702,1,1489,586
702,1,1490,586
702,1,1491,587
702,1,1492,587
702,1,1493,587
702,1,1494,587
702,1,1495,587
702,1,1495,588
702,1,1496,588
702,1,1497,588
702,1,1497,589
702,1,1497,590
702,1,1498,590
702,1,1499,589
702,1,1499,588
702,1,1500,588
702,1,1501,588
702,1,1501,589
702,1,1501,588
702,1,1502,588
702,1,1503,588
702,1,1504,588
702,1,1504,587
702,1,1504,586
702,1,1504,585
702,1,1505,585
702,1,1506,584
702,1,1507,583
702,1,1507,582
702,1,1508,582
702,1,1509,582
702,1,1510,582
702,1,1510,581
702,1,1511,581
702,1,1512,580
702,1,1513,581
702,1,1513,582
702,1,1513,583
702,1,1513,584
702,1,1514,584
702,1,1514,585
702,1,1514,586
702,1,1514,587
702,1,1515,588
702,1,1516,589
702,1,1517,589
702,1,1518,589
702,1,1519,589
702,1,1520,589
702,1,1520,590
702,1,1521,590
702,1,1521,591
702,1,1522,591
702,1,1523,592
702,1,1524,592
702,1,1524,593
702,1,1525,594
702,1,1525,595
702,1,1526,595
702,1,1527,595
702,1,1528,595
702,1,1529,595
702,1,1529,594
702,1,1530,594
702,1,1531,594
702,1,1531,593
702,1,1532,593
702,1,1533,593
702,1,1534,593
702,1,1534,592
702,1,1535,592
702,1,1535,591
702,1,1535,590
702,1,1535,589
702,1,1535,588
702,1,1535,587
702,1,1535,586
702,1,1535,585
702,1,1536,585
702,1,1536,584
702,1,1537,584
702,1,1538,585
702,1,1539,584
702,1,1539,583
702,1,1539,582
702,1,1539,581
702,1,1538,581
702,1,1538,580
702,1,1538,579
702,1,1538,578
702,1,1538,577
702,1,1537,577
702,1,1537,576
702,1,1536,576
702,1,1536,575
702,1,1537,574
702,1,1538,574
702,1,1538,573
702,1,1539,573
702,1,1539,572
702,1,1539,571
702,1,1538,570
702,1,1539,569
702,1,1539,568
702,1,1539,567
702,1,1540,567
702,1,1540,566
702,1,1540,565
702,1,1541,565
702,1,1541,564
702,1,1541,563
702,1,1542,563
702,1,1543,563
702,1,1543,564
702,1,1544,564
702,1,1545,564
702,1,1546,565
702,1,1546,566
702,1,1547,566
702,1,1547,567
702,1,1547,568
702,1,1546,568
702,1,1546,569
702,1,1547,569
702,1,1548,569
702,1,1549,569
702,1,1549,568
702,1,1549,567
702,1,1549,566
702,1,1550,566
702,1,1550,565
702,1,1550,566
702,1,1551,566
702,1,1552,566
702,1,1552,565
702,1,1551,565
702,1,1551,564
702,1,1551,563
702,1,1551,562
702,1,1551,561
702,1,1550,561
702,1,1549,560
702,1,1549,559
702,1,1550,559
702,1,1551,559
702,1,1551,558
702,1,1552,558
702,1,1552,557
702,1,1551,557
702,1,1551,556
702,1,1551,555
702,1,1551,554
702,1,1551,553
702,1,1551,552
702,1,1552,552
702,1,1552,551
702,1,1553,551
702,1,1552,551
702,1,1552,550
702,1,1552,549
702,1,1553,549
702,1,1554,549
702,1,1555,549
702,1,1556,549
702,1,1557,549
702,1,1557,548
702,1,1557,547
702,1,1557,546
702,1,1557,545
702,1,1557,544
702,1,1558,544
702,1,1558,543
702,1,1559,543
702,1,1559,542
702,1,1560,541
702,1,1561,541
702,1,1561,542
702,1,1562,542
702,1,1562,543
702,1,1562,544
702,1,1563,544
702,1,1564,544
702,1,1565,543
702,1,1566,542
702,1,1567,541
702,1,1568,541
702,1,1569,541
702,1,1569,540
702,1,1569,539
702,1,1570,539
702,1,1570,538
702,1,1571,538
702,1,1571,537
702,1,1572,537
702,1,1572,536
702,1,1572,535
702,1,1573,534
702,1,1574,533
702,1,1574,532
702,1,1575,532
702,1,1575,531
702,1,1576,530
702,1,1577,529
702,1,1577,528
702,1,1578,528
702,1,1579,528
702,1,1579,527
702,1,1579,526
702,1,1579,525
702,1,1579,524
702,1,1580,524
702,1,1580,523
702,1,1579,522
702,1,1578,522
702,1,1578,521
702,1,1579,520
702,1,1580,519
702,1,1580,518
702,1,1579,517
702,1,1580,517
702,1,1580,516
702,1,1580,515
702,1,1580,514
702,1,1579,514
702,1,1579,513
702,1,1580,513
702,1,1581,514
702,1,1581,513
702,1,1581,512
702,1,1581,511
702,1,1581,510
702,1,1581,509
702,1,1581,508
702,1,1581,507
702,1,1581,506
702,1,1581,505
702,1,1581,504
702,1,1582,504
702,1,1581,504
702,1,1581,503
702,1,1581,502
702,1,1581,501
702,1,1582,501
702,1,1582,500
702,1,1582,499
702,1,1582,498
702,1,1582,497
702,1,1583,497
702,1,1583,496
702,1,1584,495
702,1,1583,495
702,1,1584,494
702,1,1584,493
702,1,1583,492
702,1,1583,491
702,1,1583,490
702,1,1582,490
702,1,1583,489
702,1,1583,488
702,1,1582,488
702,1,1582,487
702,1,1583,487
702,1,1583,486
702,1,1583,485
702,1,1582,485
702,1,1582,484
702,1,1581,484
702,1,1581,483
702,1,1580,482
702,1,1579,481
702,1,1580,480
702,1,1580,479
702,1,1581,479
702,1,1582,479
702,1,1583,479
702,1,1583,478
702,1,1584,478
702,1,1584,477
702,1,1584,476
702,1,1584,475
702,1,1584,474
702,1,1583,473
702,1,1583,471
702,1,1583,470
702,1,1583,469
702,1,1583,468
702,1,1582,467
702,1,1582,466
702,1,1582,465
702,1,1582,464
702,1,1582,462
702,1,1581,461
702,1,1581,460
702,1,1581,459
702,1,1581,458
702,1,1581,457
702,1,1581,456
702,1,1581,455
702,1,1580,455
702,1,1580,454
702,1,1580,453
702,1,1580,452
702,1,1580,451
702,1,1580,450
702,1,1580,449
702,1,1579,449
702,1,1579,448
702,1,1579,447
702,1,1579,446
702,1,1579,445
702,1,1579,444
702,1,1578,443
702,1,1578,442
702,1,1578,440
702,1,1578,439
702,1,1578,438
702,1,1577,437
702,1,1577,436
702,1,1577,435
702,1,1577,434
702,1,1577,433
702,1,1577,431
702,1,1576,430
702,1,1576,429
702,1,1576,428
702,1,1576,427
702,1,1576,426
702,1,1576,425
702,1,1575,424
702,1,1575,423
702,1,1575,422
702,1,1575,421
702,1,1575,420
702,1,1575,419
702,1,1574,418
702,1,1574,417
702,1,1574,416
702,1,1574,415
702,1,1574,414
702,1,1573,414
702,1,1572,414
702,1,1572,415
702,1,1571,415
702,1,1571,416
702,1,1570,416
702,1,1569,416
702,1,1569,417
702,1,1568,417
702,1,1567,417
702,1,1567,418
702,1,1566,418
702,1,1565,418
702,1,1565,419
702,1,1565,418
702,1,1565,419
702,1,1565,418
702,1,1564,419
702,1,1564,420
702,1,1563,420
702,1,1562,420
702,1,1562,421
702,1,1561,421
702,1,1560,421
702,1,1560,422
702,1,1559,422
702,1,1558,422
702,1,1558,423
702,1,1557,423
702,1,1556,423
702,1,1556,424
702,1,1555,424
702,1,1554,425
702,1,1553,425
702,1,1553,426
702,1,1552,426
702,1,1552,427
702,1,1551,427
702,1,1551,428
702,1,1550,428
702,1,1549,428
702,1,1548,428
702,1,1548,429
702,1,1547,429
702,1,1547,430
702,1,1546,430
702,1,1546,431
702,1,1545,431
702,1,1545,432
702,1,1544,432
702,1,1544,433
702,1,1544,434
702,1,1543,434
702,1,1543,435
702,1,1542,435
702,1,1542,436
702,1,1541,436
702,1,1541,437
702,1,1540,438
702,1,1540,439
702,1,1539,439
702,1,1539,440
702,1,1538,440
702,1,1538,441
702,1,1538,440
702,1,1538,441
702,1,1537,441
702,1,1537,442
702,1,1537,441
702,1,1536,442
702,1,1536,443
702,1,1535,443
702,1,1535,444
702,1,1534,444
702,1,1533,444
702,1,1532,444
702,1,1531,444
702,1,1531,445
702,1,1530,445
702,1,1529,445
702,1,1528,445
702,1,1527,445
702,1,1527,444
702,1,1526,444
702,1,1525,444
702,1,1524,444
702,1,1524,445
702,1,1523,445
702,1,1522,445
702,1,1522,446
702,1,1521,446
702,1,1520,446
702,1,1520,447
702,1,1519,447
702,1,1518,448
702,1,1517,449
702,1,1516,449
702,1,1515,450
702,1,1514,450
702,1,1513,450
702,1,1512,450
702,1,1512,451
702,1,1511,451
702,1,1511,452
702,1,1510,452
702,1,1509,453
702,1,1508,453
702,1,1507,453
702,1,1507,452
702,1,1506,452
702,1,1505,452
702,1,1504,452
702,1,1504,451
702,1,1504,452
702,1,1504,451
702,1,1503,451
702,1,1503,450
702,1,1502,450
702,1,1502,449
702,1,1501,449
702,1,1501,450
702,1,1502,450
702,1,1501,450
702,1,1500,450
702,1,1500,451
702,1,1500,450
702,1,1499,451
702,1,1500,451
702,1,1499,451
702,1,1498,451
702,1,1497,450
702,1,1496,450
702,1,1496,451
702,1,1496,452
702,1,1495,452
702,1,1494,452
702,1,1494,453
702,1,1493,453
702,1,1492,453
702,1,1491,452
702,1,1490,452
702,1,1490,453
702,1,1490,452
702,1,1489,452
702,1,1489,451
702,1,1490,451
702,1,1490,452
702,1,1490,451
702,1,1491,451
702,1,1491,450
702,1,1492,450
702,1,1493,450
702,1,1494,450
702,1,1494,449
702,1,1495,449
702,1,1496,449
702,1,1497,448
702,1,1498,448
702,1,1499,448
702,1,1500,448
702,1,1500,447
702,1,1500,446
702,1,1499,446
702,1,1498,446
702,1,1498,447
702,1,1497,447
702,1,1497,446
702,1,1496,446
702,1,1496,445
702,1,1495,445
702,1,1494,445
702,1,1495,446
702,1,1494,446
702,1,1495,446
702,1,1495,447
702,1,1494,447
702,1,1494,448
702,1,1493,448
702,1,1492,449
702,1,1491,448
702,1,1490,448
702,1,1489,448
702,1,1489,447
702,1,1488,447
702,1,1488,446
702,1,1487,446
702,1,1487,445
702,1,1486,445
702,1,1485,445
702,1,1484,445
702,1,1483,445
702,1,1482,444
702,1,1481,444
702,1,1480,444
702,1,1480,443
702,1,1479,443
702,1,1478,443
702,1,1478,442
702,1,1477,442
702,1,1477,441
702,1,1477,442
702,1,1476,442
702,1,1476,443
702,1,1475,443
702,1,1475,442
702,1,1475,443
702,1,1474,442
702,1,1474,443
702,1,1473,443
702,1,1473,442
702,1,1472,442
702,1,1472,443
702,1,1472,442
702,1,1472,441
702,1,1471,441
702,1,1470,441
702,1,1469,441
702,1,1468,441
702,1,1468,442
702,1,1467,442
702,1,1466,442
702,1,1465,442
702,1,1464,442
702,1,1463,442
702,1,1462,442
702,1,1462,443
702,1,1461,443
702,1,1460,443
702,1,1459,443
702,1,1458,443
702,1,1457,443
702,1,1456,444
702,1,1455,444
702,1,1453,444
702,1,1452,444
702,1,1451,444
702,1,1450,444
702,1,1450,445
702,1,1449,445
702,1,1448,445
702,1,1447,445
702,1,1446,445
702,1,1445,445
702,1,1444,445
702,1,1441,446
702,1,1440,446
702,1,1439,446
702,1,1438,446
702,1,1437,447
702,1,1436,447
702,1,1435,447
702,1,1433,447
702,1,1430,448
702,1,1429,448
702,1,1428,448
702,1,1427,448
702,1,1425,448
703,1,1332,282
703,1,1333,282
703,1,1333,283
703,1,1334,283
703,1,1334,284
703,1,1334,283
703,1,1334,282
703,1,1335,282
703,1,1335,281
703,1,1335,280
703,1,1336,280
703,1,1336,279
703,1,1337,279
703,1,1337,278
703,1,1336,278
703,1,1335,279
703,1,1334,278
703,1,1334,279
703,1,1333,279
703,1,1333,278
703,1,1332,278
703,1,1332,279
703,1,1332,280
703,1,1332,281
703,1,1332,282
704,1,1332,284
704,1,1333,284
704,1,1332,284
704,1,1332,283
704,1,1332,284
706,1,1322,292
706,1,1323,292
706,1,1322,292
707,1,1319,291
707,1,1320,292
707,1,1320,291
707,1,1320,290
707,1,1319,290
707,1,1319,291
709,1,1300,321
709,1,1301,321
709,1,1300,321
711,1,1209,212
711,1,1210,212
711,1,1211,212
711,1,1211,211
711,1,1211,210
711,1,1211,209
711,1,1212,209
711,1,1211,209
711,1,1212,208
711,1,1211,208
711,1,1211,209
711,1,1211,208
711,1,1210,209
711,1,1210,210
711,1,1210,211
711,1,1210,212
711,1,1209,212
712,1,1208,218
712,1,1209,218
712,1,1210,218
712,1,1210,217
712,1,1209,218
712,1,1208,218
713,1,1206,211
713,1,1206,212
713,1,1206,213
713,1,1207,212
713,1,1207,211
713,1,1206,211
713,1,1206,210
713,1,1206,211
714,1,1205,209
714,1,1205,210
714,1,1205,209
715,1,1204,212
715,1,1204,213
715,1,1205,213
715,1,1205,212
715,1,1204,212
716,1,1203,211
716,1,1204,211
716,1,1203,211
717,1,1203,216
717,1,1204,217
717,1,1205,217
717,1,1205,216
717,1,1206,216
717,1,1207,216
717,1,1207,217
717,1,1207,216
717,1,1207,215
717,1,1208,216
717,1,1208,215
717,1,1208,214
717,1,1207,214
717,1,1206,214
717,1,1205,215
717,1,1204,215
717,1,1204,216
717,1,1203,216
718,1,1203,215
718,1,1203,214
718,1,1204,214
718,1,1204,213
718,1,1203,214
718,1,1203,215
719,1,1202,211
719,1,1202,212
719,1,1202,211
719,1,1203,211
719,1,1203,210
719,1,1202,210
719,1,1202,211
720,1,1202,218
720,1,1203,218
720,1,1202,218
721,1,1201,213
721,1,1202,213
721,1,1203,213
721,1,1203,212
721,1,1202,212
721,1,1202,213
721,1,1201,213
722,1,1200,209
722,1,1201,209
722,1,1201,210
722,1,1201,209
722,1,1200,209
723,1,1200,221
723,1,1201,220
723,1,1201,219
723,1,1200,219
723,1,1200,220
723,1,1200,221
724,1,1200,215
724,1,1200,216
724,1,1201,217
724,1,1202,217
724,1,1202,216
724,1,1202,215
724,1,1201,215
724,1,1201,214
724,1,1200,214
724,1,1200,215
725,1,1199,212
725,1,1200,213
725,1,1200,212
725,1,1200,211
725,1,1199,211
725,1,1199,212
726,1,1199,223
726,1,1200,224
726,1,1199,224
726,1,1199,225
726,1,1200,225
726,1,1200,224
726,1,1201,224
726,1,1201,223
726,1,1202,223
726,1,1203,223
726,1,1204,223
726,1,1204,222
726,1,1203,222
726,1,1203,221
726,1,1204,221
726,1,1205,220
726,1,1206,220
726,1,1206,219
726,1,1205,218
726,1,1204,219
726,1,1204,220
726,1,1203,220
726,1,1202,221
726,1,1201,222
726,1,1200,222
726,1,1200,223
726,1,1199,223
727,1,1198,214
727,1,1199,214
727,1,1198,214
728,1,1199,226
728,1,1200,226
728,1,1199,226
729,1,1196,213
729,1,1196,214
729,1,1197,214
729,1,1196,214
729,1,1196,213
730,1,1192,214
730,1,1193,214
730,1,1193,215
730,1,1194,215
730,1,1194,214
730,1,1194,213
730,1,1194,214
730,1,1193,213
730,1,1193,214
730,1,1192,214
732,1,1159,229
732,1,1158,229
732,1,1158,228
732,1,1157,228
732,1,1157,227
732,1,1156,227
732,1,1155,227
732,1,1155,228
732,1,1154,228
732,1,1153,228
732,1,1153,229
732,1,1154,229
732,1,1154,230
732,1,1153,230
732,1,1153,231
732,1,1153,232
732,1,1152,232
732,1,1151,231
732,1,1151,232
732,1,1151,231
732,1,1150,231
732,1,1150,232
732,1,1150,233
732,1,1150,234
732,1,1150,235
732,1,1150,237
732,1,1150,239
732,1,1150,240
732,1,1150,242
732,1,1150,243
732,1,1151,247
732,1,1151,248
732,1,1151,249
732,1,1151,251
732,1,1151,252
732,1,1151,254
732,1,1151,255
732,1,1151,257
732,1,1151,259
732,1,1150,259
732,1,1150,260
732,1,1150,261
732,1,1149,261
732,1,1149,262
732,1,1148,262
732,1,1147,262
732,1,1146,262
732,1,1146,263
732,1,1146,264
732,1,1145,264
732,1,1144,264
732,1,1143,264
732,1,1143,265
732,1,1142,265
732,1,1142,266
732,1,1141,266
732,1,1140,266
732,1,1140,267
732,1,1139,267
732,1,1139,268
732,1,1138,268
732,1,1137,268
732,1,1137,269
732,1,1137,270
732,1,1137,271
732,1,1136,271
732,1,1136,272
732,1,1136,273
732,1,1135,273
732,1,1135,274
732,1,1135,275
732,1,1134,275
732,1,1134,276
732,1,1133,276
732,1,1133,277
732,1,1132,277
732,1,1132,278
732,1,1132,279
732,1,1132,280
732,1,1132,281
732,1,1132,282
732,1,1132,283
732,1,1132,284
732,1,1133,284
732,1,1134,284
732,1,1135,284
732,1,1136,284
732,1,1136,285
732,1,1137,285
732,1,1138,285
732,1,1137,286
732,1,1138,287
732,1,1138,288
732,1,1139,288
732,1,1139,289
732,1,1140,289
732,1,1140,290
732,1,1140,291
732,1,1140,292
732,1,1140,293
732,1,1139,293
732,1,1139,294
732,1,1139,295
732,1,1139,296
732,1,1138,296
732,1,1138,297
732,1,1137,297
732,1,1137,298
732,1,1137,299
732,1,1137,300
732,1,1137,301
732,1,1137,302
732,1,1137,303
732,1,1137,304
732,1,1137,305
732,1,1138,305
732,1,1138,306
732,1,1137,306
732,1,1137,307
732,1,1136,307
732,1,1136,308
732,1,1136,309
732,1,1137,309
732,1,1137,310
732,1,1137,311
732,1,1137,312
732,1,1137,313
732,1,1138,314
732,1,1138,315
732,1,1137,315
732,1,1137,316
732,1,1137,317
732,1,1137,318
732,1,1137,319
732,1,1137,320
732,1,1137,321
732,1,1136,322
732,1,1136,323
732,1,1137,324
732,1,1138,324
732,1,1138,325
732,1,1139,325
732,1,1140,326
732,1,1141,327
732,1,1142,328
732,1,1143,328
732,1,1143,329
732,1,1143,330
732,1,1144,330
732,1,1145,330
732,1,1145,331
732,1,1145,332
732,1,1146,332
732,1,1146,331
732,1,1147,331
732,1,1147,332
732,1,1148,332
732,1,1149,332
732,1,1150,332
732,1,1151,332
732,1,1152,332
732,1,1153,332
732,1,1153,333
732,1,1154,334
732,1,1154,335
732,1,1154,336
732,1,1155,336
732,1,1156,336
732,1,1156,337
732,1,1157,337
732,1,1157,338
732,1,1158,338
732,1,1159,338
732,1,1160,338
732,1,1161,339
732,1,1162,339
732,1,1163,339
732,1,1163,340
732,1,1164,340
732,1,1165,340
732,1,1165,341
732,1,1166,341
732,1,1166,342
732,1,1167,342
732,1,1167,343
732,1,1167,344
732,1,1168,344
732,1,1168,345
732,1,1168,346
732,1,1168,347
732,1,1169,348
732,1,1169,349
732,1,1170,349
732,1,1171,349
732,1,1171,350
732,1,1172,350
732,1,1172,351
732,1,1173,351
732,1,1174,351
732,1,1174,352
732,1,1175,352
732,1,1175,353
732,1,1176,353
732,1,1176,354
732,1,1177,354
732,1,1177,355
732,1,1178,355
732,1,1179,355
732,1,1179,356
732,1,1180,356
732,1,1181,356
732,1,1182,356
732,1,1182,357
732,1,1183,357
732,1,1184,357
732,1,1185,357
732,1,1185,358
732,1,1185,359
732,1,1186,359
732,1,1187,360
732,1,1187,361
732,1,1188,361
732,1,1188,362
732,1,1189,362
732,1,1189,363
732,1,1189,364
732,1,1190,364
732,1,1190,365
732,1,1190,366
732,1,1191,366
732,1,1191,367
732,1,1192,368
732,1,1191,369
732,1,1191,370
732,1,1191,371
732,1,1191,372
732,1,1191,373
732,1,1191,374
732,1,1191,375
732,1,1191,376
732,1,1192,376
732,1,1192,377
732,1,1192,378
732,1,1192,379
732,1,1193,380
732,1,1193,381
732,1,1193,382
732,1,1193,383
732,1,1193,384
732,1,1194,384
732,1,1194,385
732,1,1194,386
732,1,1194,387
732,1,1194,388
732,1,1195,388
732,1,1196,389
732,1,1197,389
732,1,1197,390
732,1,1198,391
732,1,1199,391
732,1,1199,392
732,1,1199,393
732,1,1199,394
732,1,1198,394
732,1,1198,395
732,1,1197,395
732,1,1197,396
732,1,1197,397
732,1,1196,397
732,1,1196,398
732,1,1195,398
732,1,1195,399
732,1,1196,400
732,1,1196,401
732,1,1196,402
732,1,1196,403
732,1,1196,404
732,1,1196,405
732,1,1197,406
732,1,1197,407
732,1,1197,408
732,1,1197,409
732,1,1198,410
732,1,1199,410
732,1,1199,411
732,1,1199,412
732,1,1199,413
732,1,1200,413
732,1,1200,414
732,1,1200,415
732,1,1200,416
732,1,1200,417
732,1,1201,417
732,1,1202,417
732,1,1202,418
732,1,1203,418
732,1,1203,419
732,1,1204,419
732,1,1204,420
732,1,1205,420
732,1,1205,419
732,1,1206,420
732,1,1207,420
732,1,1208,420
732,1,1209,420
732,1,1210,421
732,1,1211,421
732,1,1212,421
732,1,1213,421
732,1,1213,422
732,1,1214,422
732,1,1214,423
732,1,1214,424
732,1,1215,424
732,1,1215,425
732,1,1215,426
732,1,1216,426
732,1,1216,427
732,1,1217,427
732,1,1218,427
732,1,1219,427
732,1,1220,427
732,1,1221,427
732,1,1222,427
732,1,1223,427
732,1,1224,427
732,1,1225,427
732,1,1226,427
732,1,1227,427
732,1,1228,427
732,1,1229,427
732,1,1230,427
732,1,1231,427
732,1,1232,427
732,1,1233,426
732,1,1234,426
732,1,1235,426
732,1,1236,426
732,1,1238,426
732,1,1239,426
732,1,1240,426
732,1,1241,426
732,1,1242,426
732,1,1244,426
732,1,1245,426
732,1,1246,426
732,1,1247,426
732,1,1248,426
732,1,1249,426
732,1,1250,426
732,1,1251,426
732,1,1251,425
732,1,1252,425
732,1,1253,425
732,1,1254,425
732,1,1255,425
732,1,1256,425
732,1,1257,425
732,1,1258,425
732,1,1259,425
732,1,1260,425
732,1,1261,425
732,1,1263,425
732,1,1264,425
732,1,1265,425
732,1,1266,425
732,1,1268,425
732,1,1269,425
732,1,1270,425
732,1,1271,424
732,1,1272,424
732,1,1273,424
732,1,1274,424
732,1,1275,424
732,1,1276,424
732,1,1277,424
732,1,1278,424
732,1,1280,424
732,1,1281,424
732,1,1282,424
732,1,1283,424
732,1,1284,424
732,1,1285,424
732,1,1285,423
732,1,1286,423
732,1,1287,423
732,1,1288,423
732,1,1289,423
732,1,1290,423
732,1,1291,423
732,1,1292,423
732,1,1293,423
732,1,1294,423
732,1,1295,423
732,1,1296,423
732,1,1297,423
732,1,1298,423
732,1,1298,422
732,1,1299,422
732,1,1300,422
732,1,1301,422
732,1,1302,422
732,1,1303,422
732,1,1304,422
732,1,1305,422
732,1,1306,422
732,1,1307,422
732,1,1308,422
732,1,1309,422
732,1,1310,421
732,1,1311,421
732,1,1312,421
732,1,1313,421
732,1,1314,421
732,1,1315,421
732,1,1315,420
732,1,1315,419
732,1,1315,418
732,1,1315,417
732,1,1315,416
732,1,1314,416
732,1,1314,415
732,1,1314,414
732,1,1314,413
732,1,1315,413
732,1,1315,412
732,1,1315,411
732,1,1315,410
732,1,1315,409
732,1,1315,408
732,1,1316,407
732,1,1315,407
732,1,1315,406
732,1,1314,406
732,1,1314,405
732,1,1313,405
732,1,1313,404
732,1,1313,403
732,1,1312,403
732,1,1312,402
732,1,1312,401
732,1,1312,400
732,1,1312,399
732,1,1312,398
732,1,1311,398
732,1,1311,397
732,1,1310,397
732,1,1310,396
732,1,1310,395
732,1,1310,394
732,1,1311,394
732,1,1311,393
732,1,1310,392
732,1,1310,391
732,1,1309,391
732,1,1309,390
732,1,1310,390
732,1,1310,389
732,1,1310,388
732,1,1309,388
732,1,1309,387
732,1,1309,386
732,1,1309,385
732,1,1308,385
732,1,1309,385
732,1,1309,384
732,1,1309,383
732,1,1309,382
732,1,1309,381
732,1,1309,380
732,1,1309,379
732,1,1309,378
732,1,1310,378
732,1,1310,377
732,1,1311,376
732,1,1311,375
732,1,1311,374
732,1,1312,374
732,1,1312,373
732,1,1311,372
732,1,1311,371
732,1,1311,370
732,1,1312,369
732,1,1312,368
732,1,1313,366
732,1,1313,365
732,1,1314,364
732,1,1314,363
732,1,1314,362
732,1,1313,362
732,1,1313,361
732,1,1314,361
732,1,1314,360
732,1,1313,359
732,1,1313,358
732,1,1313,357
732,1,1312,357
732,1,1312,356
732,1,1312,355
732,1,1312,354
732,1,1312,353
732,1,1312,352
732,1,1312,351
732,1,1313,351
732,1,1313,350
732,1,1313,349
732,1,1313,348
732,1,1313,347
732,1,1314,347
732,1,1314,346
732,1,1314,345
732,1,1314,344
732,1,1314,343
732,1,1315,343
732,1,1315,342
732,1,1316,342
732,1,1317,341
732,1,1318,340
732,1,1318,339
732,1,1318,338
732,1,1318,337
732,1,1318,336
732,1,1317,335
732,1,1317,334
732,1,1317,333
732,1,1317,332
732,1,1317,331
732,1,1317,330
732,1,1317,329
732,1,1317,328
732,1,1318,328
732,1,1318,327
732,1,1318,326
732,1,1318,325
732,1,1318,324
732,1,1318,323
732,1,1318,322
732,1,1318,321
732,1,1319,320
732,1,1319,319
732,1,1320,318
732,1,1320,317
732,1,1321,316
732,1,1321,315
732,1,1321,314
732,1,1322,314
732,1,1322,313
732,1,1322,312
732,1,1322,311
732,1,1322,310
732,1,1322,309
732,1,1323,309
732,1,1323,308
732,1,1324,308
732,1,1324,307
732,1,1324,306
732,1,1325,306
732,1,1325,305
732,1,1326,305
732,1,1325,304
732,1,1326,303
732,1,1327,303
732,1,1327,302
732,1,1326,302
732,1,1326,301
732,1,1326,300
732,1,1326,299
732,1,1327,299
732,1,1327,298
732,1,1328,298
732,1,1328,297
732,1,1328,296
732,1,1329,296
732,1,1329,295
732,1,1329,294
732,1,1329,295
732,1,1330,295
732,1,1330,294
732,1,1330,293
732,1,1329,293
732,1,1329,292
732,1,1329,291
732,1,1329,292
732,1,1330,292
732,1,1330,291
732,1,1330,289
732,1,1330,288
732,1,1331,288
732,1,1331,289
732,1,1331,288
732,1,1332,288
732,1,1332,287
732,1,1331,286
732,1,1332,286
732,1,1332,285
732,1,1331,284
732,1,1331,285
732,1,1330,285
732,1,1330,284
732,1,1330,285
732,1,1329,285
732,1,1328,285
732,1,1328,286
732,1,1328,287
732,1,1327,287
732,1,1327,288
732,1,1327,289
732,1,1327,290
732,1,1326,290
732,1,1325,291
732,1,1326,291
732,1,1326,292
732,1,1325,292
732,1,1325,291
732,1,1324,291
732,1,1323,291
732,1,1324,291
732,1,1324,292
732,1,1323,292
732,1,1323,293
732,1,1324,293
732,1,1323,293
732,1,1323,294
732,1,1323,295
732,1,1323,296
732,1,1322,296
732,1,1322,297
732,1,1321,298
732,1,1321,299
732,1,1320,300
732,1,1320,301
732,1,1320,302
732,1,1319,302
732,1,1319,303
732,1,1319,304
732,1,1319,305
732,1,1320,305
732,1,1320,306
732,1,1320,307
732,1,1320,308
732,1,1319,307
732,1,1319,306
732,1,1318,306
732,1,1318,305
732,1,1317,306
732,1,1317,307
732,1,1316,307
732,1,1316,306
732,1,1315,306
732,1,1315,307
732,1,1316,307
732,1,1315,307
732,1,1315,308
732,1,1314,308
732,1,1314,309
732,1,1314,308
732,1,1314,307
732,1,1313,307
732,1,1313,308
732,1,1312,308
732,1,1312,309
732,1,1311,309
732,1,1311,310
732,1,1311,311
732,1,1310,312
732,1,1310,313
732,1,1309,313
732,1,1309,314
732,1,1309,315
732,1,1309,316
732,1,1308,317
732,1,1308,318
732,1,1307,318
732,1,1306,318
732,1,1306,319
732,1,1305,319
732,1,1305,320
732,1,1304,320
732,1,1304,321
732,1,1303,321
732,1,1303,322
732,1,1304,322
732,1,1303,322
732,1,1303,323
732,1,1303,324
732,1,1302,324
732,1,1301,324
732,1,1300,324
732,1,1300,323
732,1,1299,323
732,1,1298,323
732,1,1299,322
732,1,1300,321
732,1,1299,321
732,1,1300,321
732,1,1300,320
732,1,1299,320
732,1,1300,319
732,1,1299,319
732,1,1300,319
732,1,1300,318
732,1,1300,317
732,1,1300,318
732,1,1300,317
732,1,1300,316
732,1,1300,315
732,1,1300,314
732,1,1301,314
732,1,1301,313
732,1,1302,313
732,1,1302,312
732,1,1302,311
732,1,1302,310
732,1,1303,309
732,1,1304,309
732,1,1304,308
732,1,1304,307
732,1,1305,306
732,1,1304,306
732,1,1304,305
732,1,1304,304
732,1,1305,304
732,1,1305,303
732,1,1306,303
732,1,1307,303
732,1,1309,302
732,1,1310,302
732,1,1310,301
732,1,1311,301
732,1,1311,300
732,1,1311,298
732,1,1311,297
732,1,1312,296
732,1,1311,296
732,1,1310,296
732,1,1310,295
732,1,1310,296
732,1,1309,296
732,1,1309,295
732,1,1309,294
732,1,1308,294
732,1,1308,293
732,1,1307,293
732,1,1307,292
732,1,1306,292
732,1,1306,291
732,1,1307,291
732,1,1307,290
732,1,1307,289
732,1,1307,288
732,1,1307,287
732,1,1308,287
732,1,1308,286
732,1,1308,285
732,1,1309,285
732,1,1309,284
732,1,1308,284
732,1,1308,283
732,1,1308,282
732,1,1307,282
732,1,1307,283
732,1,1306,283
732,1,1306,284
732,1,1305,284
732,1,1304,284
732,1,1303,284
732,1,1302,284
732,1,1302,285
732,1,1302,284
732,1,1301,284
732,1,1301,285
732,1,1301,284
732,1,1301,283
732,1,1302,283
732,1,1302,282
732,1,1301,282
732,1,1302,282
732,1,1302,281
732,1,1301,281
732,1,1301,280
732,1,1302,280
732,1,1302,279
732,1,1303,279
732,1,1303,278
732,1,1303,277
732,1,1303,276
732,1,1303,275
732,1,1302,275
732,1,1302,274
732,1,1303,274
732,1,1303,273
732,1,1303,272
732,1,1303,271
732,1,1302,271
732,1,1302,270
732,1,1302,269
732,1,1303,269
732,1,1303,268
732,1,1302,268
732,1,1302,267
732,1,1301,267
732,1,1300,267
732,1,1300,266
732,1,1300,265
732,1,1299,265
732,1,1298,265
732,1,1297,265
732,1,1296,265
732,1,1297,265
732,1,1296,265
732,1,1296,264
732,1,1295,264
732,1,1294,264
732,1,1294,265
732,1,1293,265
732,1,1293,264
732,1,1292,264
732,1,1291,264
732,1,1291,263
732,1,1291,262
732,1,1292,261
732,1,1292,260
732,1,1293,260
732,1,1292,260
732,1,1291,260
732,1,1291,259
732,1,1291,258
732,1,1292,258
732,1,1291,258
732,1,1290,258
732,1,1290,257
732,1,1289,257
732,1,1288,257
732,1,1287,257
732,1,1286,257
732,1,1286,256
732,1,1286,257
732,1,1285,257
732,1,1284,257
732,1,1283,256
732,1,1282,256
732,1,1282,255
732,1,1282,256
732,1,1281,256
732,1,1280,256
732,1,1279,256
732,1,1279,255
732,1,1279,256
732,1,1278,256
732,1,1278,255
732,1,1277,255
732,1,1277,254
732,1,1276,254
732,1,1277,254
732,1,1277,255
732,1,1276,255
732,1,1275,255
732,1,1274,255
732,1,1274,256
732,1,1273,256
732,1,1272,256
732,1,1272,255
732,1,1271,255
732,1,1270,255
732,1,1269,255
732,1,1268,255
732,1,1268,254
732,1,1268,255
732,1,1268,254
732,1,1268,255
732,1,1267,255
732,1,1266,255
732,1,1266,254
732,1,1263,253
732,1,1262,253
732,1,1261,252
732,1,1260,251
732,1,1258,250
732,1,1256,250
732,1,1255,250
732,1,1254,250
732,1,1254,249
732,1,1253,249
732,1,1251,249
732,1,1248,248
732,1,1247,248
732,1,1246,248
732,1,1244,247
732,1,1243,247
732,1,1242,247
732,1,1239,246
732,1,1238,246
732,1,1236,246
732,1,1235,246
732,1,1233,245
732,1,1230,245
732,1,1230,244
732,1,1229,244
732,1,1228,244
732,1,1227,244
732,1,1223,243
732,1,1223,242
732,1,1222,242
732,1,1222,241
732,1,1222,240
732,1,1221,240
732,1,1221,239
732,1,1221,238
732,1,1220,238
732,1,1221,238
732,1,1220,238
732,1,1220,237
732,1,1220,236
732,1,1219,236
732,1,1219,235
732,1,1218,235
732,1,1217,235
732,1,1217,234
732,1,1217,235
732,1,1216,235
732,1,1216,234
732,1,1215,234
732,1,1215,233
732,1,1215,234
732,1,1215,233
732,1,1215,234
732,1,1214,234
732,1,1213,234
732,1,1213,233
732,1,1212,233
732,1,1211,233
732,1,1210,232
732,1,1209,232
732,1,1208,232
732,1,1207,232
732,1,1207,231
732,1,1205,230
732,1,1203,229
732,1,1202,228
732,1,1201,227
732,1,1201,228
732,1,1202,228
732,1,1203,229
732,1,1202,229
732,1,1202,228
732,1,1201,228
732,1,1201,229
732,1,1201,230
732,1,1200,230
732,1,1200,231
732,1,1199,231
732,1,1198,231
732,1,1197,232
732,1,1196,232
732,1,1196,233
732,1,1195,233
732,1,1195,232
732,1,1194,232
732,1,1195,232
732,1,1195,231
732,1,1195,230
732,1,1196,230
732,1,1195,229
732,1,1196,229
732,1,1197,228
732,1,1197,227
732,1,1197,226
732,1,1197,225
732,1,1196,225
732,1,1196,224
732,1,1197,224
732,1,1197,223
732,1,1198,223
732,1,1198,222
732,1,1199,222
732,1,1199,221
732,1,1199,220
732,1,1199,219
732,1,1200,219
732,1,1200,218
732,1,1199,218
732,1,1200,218
732,1,1200,217
732,1,1199,217
732,1,1199,216
732,1,1198,216
732,1,1198,215
732,1,1197,215
732,1,1196,215
732,1,1195,216
732,1,1194,216
732,1,1193,216
732,1,1193,217
732,1,1192,217
732,1,1191,217
732,1,1191,218
732,1,1191,219
732,1,1190,219
732,1,1189,219
732,1,1189,220
732,1,1188,220
732,1,1188,219
732,1,1187,220
732,1,1187,221
732,1,1186,221
732,1,1186,220
732,1,1185,220
732,1,1186,220
732,1,1186,219
732,1,1186,220
732,1,1185,220
732,1,1184,221
732,1,1183,222
732,1,1182,222
732,1,1181,222
732,1,1181,223
732,1,1180,224
732,1,1179,224
732,1,1178,224
732,1,1178,225
732,1,1177,225
732,1,1176,225
732,1,1176,226
732,1,1175,226
732,1,1174,226
732,1,1173,226
732,1,1172,226
732,1,1171,227
732,1,1170,227
732,1,1168,228
732,1,1167,229
732,1,1166,229
732,1,1165,229
732,1,1164,229
732,1,1163,229
732,1,1162,230
732,1,1161,230
732,1,1160,230
732,1,1160,229
732,1,1159,229
733,1,119,120
733,1,119,121
733,1,120,121
733,1,120,120
733,1,119,120
734,1,108,115
734,1,108,116
734,1,109,116
734,1,109,115
734,1,108,115
735,1,40,306
735,1,39,306
735,1,40,306
737,1,43,277
737,1,43,276
737,1,43,277
738,1,123,121
738,1,123,122
738,1,122,122
738,1,121,122
738,1,120,122
738,1,119,122
738,1,118,122
738,1,118,123
738,1,117,122
738,1,116,122
738,1,116,121
738,1,115,121
738,1,114,121
738,1,113,121
738,1,112,121
738,1,112,122
738,1,113,122
738,1,113,123
738,1,112,123
738,1,112,122
738,1,111,122
738,1,111,121
738,1,110,120
738,1,110,119
738,1,109,119
738,1,108,119
738,1,108,118
738,1,109,118
738,1,109,117
738,1,108,117
738,1,108,118
738,1,108,119
738,1,108,120
738,1,108,121
738,1,109,122
738,1,109,124
738,1,108,126
738,1,108,127
738,1,108,128
738,1,108,129
738,1,107,129
738,1,107,130
738,1,106,130
738,1,106,131
738,1,105,131
738,1,105,132
738,1,105,133
738,1,105,134
738,1,105,135
738,1,104,135
738,1,104,136
738,1,104,138
738,1,103,139
738,1,103,140
738,1,103,141
738,1,103,142
738,1,103,143
738,1,103,144
738,1,103,145
738,1,102,145
738,1,102,146
738,1,102,147
738,1,101,147
738,1,101,148
738,1,101,149
738,1,101,150
738,1,100,150
738,1,100,151
738,1,100,152
738,1,99,152
738,1,99,153
738,1,99,154
738,1,99,155
738,1,98,157
738,1,97,158
738,1,96,159
738,1,97,159
738,1,97,160
738,1,97,161
738,1,97,162
738,1,96,162
738,1,96,164
738,1,95,164
738,1,95,165
738,1,95,166
738,1,95,167
738,1,94,167
738,1,94,168
738,1,93,170
738,1,92,170
738,1,92,171
738,1,92,172
738,1,92,173
738,1,91,173
738,1,91,174
738,1,91,175
738,1,90,176
738,1,90,177
738,1,89,178
738,1,89,179
738,1,88,180
738,1,88,181
738,1,87,181
738,1,87,182
738,1,86,182
738,1,86,183
738,1,86,184
738,1,86,185
738,1,86,186
738,1,86,187
738,1,85,187
738,1,85,188
738,1,84,188
738,1,85,189
738,1,84,190
738,1,84,191
738,1,84,192
738,1,83,193
738,1,83,194
738,1,82,195
738,1,82,196
738,1,82,197
738,1,81,197
738,1,81,198
738,1,81,199
738,1,81,200
738,1,80,201
738,1,80,202
738,1,79,203
738,1,79,204
738,1,78,204
738,1,78,205
738,1,78,206
738,1,78,207
738,1,77,207
738,1,77,208
738,1,77,209
738,1,76,210
738,1,76,211
738,1,75,212
738,1,75,213
738,1,75,214
738,1,75,215
738,1,74,216
738,1,74,217
738,1,73,217
738,1,73,218
738,1,73,219
738,1,72,221
738,1,71,223
738,1,70,225
738,1,70,226
738,1,69,227
738,1,68,229
738,1,67,232
738,1,66,233
738,1,66,234
738,1,65,235
738,1,65,236
738,1,64,238
738,1,62,240
738,1,61,242
738,1,60,243
738,1,58,245
738,1,58,246
738,1,57,246
738,1,57,247
738,1,56,247
738,1,55,247
738,1,55,248
738,1,54,248
738,1,55,248
738,1,55,249
738,1,55,250
738,1,53,252
738,1,53,253
738,1,51,256
738,1,51,257
738,1,50,257
738,1,50,258
738,1,49,260
738,1,48,261
738,1,48,262
738,1,47,263
738,1,46,265
738,1,44,266
738,1,44,267
738,1,43,267
738,1,43,268
738,1,42,268
738,1,43,268
738,1,43,269
738,1,43,270
738,1,43,271
738,1,43,272
738,1,43,273
738,1,44,273
738,1,44,274
738,1,44,275
738,1,44,276
738,1,44,277
738,1,45,277
738,1,45,278
738,1,45,279
738,1,45,280
738,1,44,280
738,1,44,281
738,1,44,282
738,1,44,283
738,1,43,284
738,1,42,285
738,1,42,286
738,1,42,287
738,1,41,287
738,1,41,288
738,1,41,289
738,1,41,290
738,1,40,292
738,1,40,293
738,1,39,293
738,1,40,293
738,1,40,294
738,1,40,295
738,1,39,296
738,1,39,297
738,1,40,297
738,1,40,298
738,1,40,299
738,1,40,300
738,1,40,301
738,1,39,301
738,1,39,302
738,1,40,302
738,1,39,303
738,1,39,304
738,1,39,305
738,1,40,305
738,1,40,306
738,1,40,307
738,1,41,307
738,1,41,308
738,1,42,308
738,1,42,309
738,1,42,310
738,1,45,311
738,1,46,311
738,1,47,311
738,1,50,312
738,1,51,313
738,1,55,314
738,1,56,314
738,1,57,315
738,1,59,315
738,1,61,316
738,1,62,316
738,1,64,317
738,1,66,317
738,1,67,317
738,1,68,318
738,1,69,318
738,1,70,318
738,1,72,319
738,1,75,320
738,1,76,320
738,1,77,320
738,1,79,320
738,1,79,321
738,1,80,321
738,1,81,321
738,1,82,322
738,1,84,322
738,1,85,322
738,1,85,323
738,1,87,323
738,1,88,323
738,1,90,324
738,1,92,325
738,1,93,325
738,1,95,325
738,1,96,326
738,1,97,326
738,1,99,326
738,1,101,327
738,1,103,328
738,1,104,328
738,1,105,328
738,1,107,329
738,1,108,329
738,1,109,329
738,1,110,329
738,1,111,330
738,1,112,330
738,1,113,330
738,1,115,331
738,1,116,331
738,1,118,332
738,1,119,332
738,1,120,332
738,1,121,333
738,1,124,334
738,1,125,334
738,1,128,335
738,1,129,335
738,1,130,336
738,1,131,336
738,1,132,336
738,1,134,337
738,1,136,337
738,1,137,337
738,1,139,338
738,1,140,338
738,1,140,339
738,1,141,339
738,1,142,339
738,1,143,339
738,1,146,340
738,1,147,340
738,1,148,341
738,1,149,341
738,1,151,342
738,1,152,342
738,1,154,342
738,1,156,343
738,1,158,343
738,1,159,344
738,1,160,344
738,1,162,345
738,1,163,345
738,1,165,345
738,1,167,346
738,1,168,346
738,1,169,346
738,1,172,347
738,1,175,348
738,1,176,348
738,1,177,348
738,1,178,349
738,1,179,349
738,1,180,349
738,1,183,350
738,1,184,350
738,1,186,351
738,1,190,352
738,1,191,352
738,1,193,352
738,1,194,353
738,1,195,353
738,1,203,355
738,1,205,356
738,1,208,356
738,1,209,357
738,1,212,357
738,1,213,358
738,1,220,359
738,1,225,361
738,1,226,361
738,1,227,361
738,1,228,361
738,1,231,362
738,1,233,362
738,1,233,363
738,1,234,363
738,1,236,363
738,1,237,364
738,1,243,365
738,1,248,366
738,1,250,367
738,1,252,367
738,1,259,369
738,1,264,370
738,1,265,370
738,1,266,370
738,1,267,370
738,1,268,371
738,1,271,371
738,1,272,371
738,1,274,372
738,1,275,372
738,1,282,374
738,1,287,375
738,1,288,375
738,1,290,370
738,1,290,369
738,1,290,367
738,1,292,360
738,1,292,358
738,1,292,357
738,1,293,357
738,1,293,355
738,1,294,349
738,1,295,346
738,1,297,337
738,1,297,335
738,1,299,327
738,1,301,321
738,1,302,315
738,1,302,313
738,1,303,311
738,1,303,308
738,1,304,305
738,1,305,303
738,1,305,302
738,1,305,301
738,1,305,300
738,1,305,299
738,1,306,299
738,1,306,297
738,1,306,296
738,1,306,295
738,1,307,295
738,1,307,294
738,1,307,293
738,1,308,290
738,1,308,289
738,1,308,288
738,1,309,288
738,1,310,288
738,1,310,287
738,1,310,286
738,1,311,286
738,1,311,285
738,1,311,284
738,1,311,283
738,1,312,283
738,1,312,282
738,1,313,281
738,1,313,280
738,1,312,280
738,1,312,279
738,1,312,278
738,1,312,277
738,1,313,278
738,1,313,277
738,1,314,277
738,1,314,276
738,1,315,276
738,1,315,275
738,1,316,275
738,1,316,274
738,1,315,274
738,1,315,273
738,1,314,273
738,1,313,272
738,1,314,272
738,1,314,271
738,1,314,270
738,1,313,270
738,1,312,270
738,1,311,270
738,1,311,269
738,1,310,269
738,1,310,268
738,1,309,268
738,1,308,268
738,1,307,268
738,1,307,267
738,1,306,267
738,1,306,266
738,1,306,265
738,1,307,265
738,1,308,264
738,1,307,264
738,1,307,263
738,1,307,262
738,1,306,261
738,1,307,261
738,1,308,260
738,1,308,259
738,1,308,258
738,1,308,257
738,1,309,257
738,1,309,256
738,1,310,256
738,1,311,256
738,1,311,255
738,1,312,254
738,1,311,254
738,1,312,254
738,1,312,253
738,1,313,252
738,1,313,251
738,1,314,251
738,1,314,250
738,1,314,249
738,1,315,249
738,1,315,248
738,1,316,248
738,1,316,247
738,1,317,247
738,1,317,246
738,1,318,246
738,1,319,246
738,1,320,245
738,1,321,245
738,1,321,244
738,1,322,244
738,1,322,243
738,1,323,243
738,1,323,242
738,1,324,242
738,1,324,241
738,1,325,241
738,1,325,240
738,1,325,239
738,1,326,239
738,1,326,238
738,1,325,238
738,1,326,237
738,1,327,237
738,1,326,237
738,1,325,237
738,1,326,236
738,1,326,235
738,1,326,234
738,1,327,234
738,1,328,234
738,1,328,233
738,1,329,233
738,1,329,232
738,1,329,231
738,1,330,231
738,1,331,231
738,1,331,230
738,1,332,229
738,1,333,227
738,1,333,226
738,1,333,225
738,1,334,225
738,1,334,224
738,1,335,224
738,1,335,223
738,1,335,222
738,1,336,221
738,1,337,219
738,1,338,219
738,1,339,218
738,1,339,217
738,1,340,217
738,1,340,216
738,1,341,216
738,1,340,215
738,1,341,215
738,1,341,214
738,1,342,214
738,1,342,213
738,1,342,212
738,1,343,212
738,1,344,212
738,1,344,211
738,1,345,211
738,1,345,210
738,1,345,209
738,1,345,208
738,1,344,208
738,1,345,208
738,1,344,208
738,1,344,207
738,1,344,206
738,1,343,206
738,1,344,205
738,1,344,204
738,1,344,203
738,1,343,203
738,1,343,202
738,1,342,201
738,1,341,201
738,1,340,201
738,1,340,200
738,1,340,199
738,1,339,199
738,1,339,198
738,1,338,198
738,1,337,198
738,1,337,197
738,1,337,196
738,1,336,196
738,1,336,195
738,1,336,194
738,1,335,194
738,1,335,193
738,1,335,192
738,1,335,191
738,1,335,190
738,1,334,190
738,1,334,189
738,1,333,189
738,1,332,188
738,1,330,188
738,1,329,188
738,1,328,187
738,1,325,187
738,1,324,186
738,1,322,186
738,1,320,186
738,1,319,185
738,1,317,185
738,1,316,185
738,1,315,184
738,1,312,184
738,1,311,183
738,1,308,183
738,1,303,181
738,1,300,181
738,1,299,180
738,1,295,180
738,1,295,179
738,1,294,179
738,1,291,179
738,1,291,178
738,1,290,178
738,1,289,178
738,1,288,178
738,1,287,178
738,1,286,178
738,1,286,177
738,1,285,177
738,1,284,177
738,1,283,177
738,1,281,176
738,1,280,176
738,1,279,176
738,1,278,175
738,1,277,175
738,1,275,175
738,1,273,174
738,1,271,174
738,1,270,173
738,1,268,173
738,1,267,173
738,1,266,174
738,1,265,174
738,1,264,174
738,1,263,175
738,1,262,175
738,1,261,175
738,1,260,175
738,1,259,174
738,1,258,174
738,1,257,173
738,1,255,173
738,1,254,173
738,1,253,173
738,1,251,173
738,1,249,173
738,1,248,173
738,1,248,172
738,1,247,171
738,1,246,172
738,1,245,172
738,1,243,174
738,1,241,174
738,1,240,174
738,1,239,173
738,1,236,173
738,1,235,173
738,1,233,173
738,1,232,173
738,1,230,174
738,1,229,174
738,1,227,174
738,1,226,174
738,1,225,175
738,1,224,175
738,1,221,175
738,1,220,175
738,1,217,175
738,1,216,175
738,1,215,175
738,1,214,174
738,1,214,173
738,1,213,172
738,1,212,171
738,1,210,171
738,1,209,171
738,1,208,172
738,1,207,172
738,1,205,172
738,1,203,172
738,1,202,172
738,1,202,173
738,1,201,173
738,1,200,173
738,1,199,172
738,1,198,172
738,1,197,172
738,1,196,172
738,1,195,171
738,1,193,172
738,1,193,173
738,1,192,173
738,1,191,173
738,1,191,172
738,1,191,171
738,1,191,170
738,1,191,169
738,1,190,169
738,1,188,168
738,1,188,167
738,1,187,167
738,1,186,166
738,1,185,167
738,1,184,166
738,1,183,166
738,1,183,165
738,1,182,165
738,1,182,164
738,1,181,164
738,1,180,164
738,1,178,164
738,1,177,164
738,1,176,164
738,1,175,164
738,1,174,164
738,1,172,163
738,1,172,162
738,1,171,162
738,1,170,162
738,1,169,163
738,1,168,163
738,1,168,164
738,1,167,164
738,1,166,164
738,1,165,165
738,1,164,165
738,1,163,165
738,1,161,165
738,1,160,165
738,1,159,165
738,1,158,165
738,1,157,165
738,1,156,166
738,1,155,166
738,1,154,165
738,1,153,165
738,1,153,164
738,1,152,164
738,1,152,163
738,1,151,163
738,1,150,163
738,1,149,163
738,1,149,162
738,1,148,162
738,1,148,161
738,1,147,161
738,1,146,161
738,1,146,160
738,1,145,160
738,1,144,159
738,1,143,158
738,1,142,158
738,1,142,157
738,1,141,157
738,1,140,156
738,1,140,155
738,1,141,154
738,1,141,153
738,1,142,152
738,1,142,151
738,1,142,150
738,1,142,149
738,1,141,149
738,1,141,148
738,1,142,148
738,1,142,147
738,1,142,146
738,1,142,145
738,1,142,144
738,1,143,143
738,1,143,142
738,1,143,141
738,1,142,140
738,1,142,139
738,1,142,138
738,1,142,137
738,1,142,136
738,1,142,135
738,1,141,134
738,1,140,133
738,1,139,132
738,1,139,131
738,1,138,131
738,1,138,130
738,1,137,130
738,1,136,129
738,1,136,128
738,1,135,128
738,1,133,128
738,1,132,128
738,1,131,128
738,1,130,129
738,1,130,128
738,1,129,128
738,1,128,128
738,1,127,128
738,1,127,127
738,1,126,126
738,1,127,124
738,1,127,123
738,1,126,122
738,1,126,121
738,1,125,121
738,1,124,121
738,1,123,121
739,1,1337,1013
739,1,1338,1013
739,1,1340,1013
739,1,1341,1013
739,1,1340,1013
739,1,1339,1013
739,1,1338,1013
739,1,1337,1013
741,1,1327,1012
741,1,1328,1012
741,1,1329,1012
741,1,1330,1012
741,1,1331,1012
741,1,1332,1012
741,1,1334,1013
741,1,1334,1012
741,1,1332,1012
741,1,1331,1012
741,1,1330,1012
741,1,1329,1011
741,1,1328,1012
741,1,1327,1012
742,1,1322,1006
742,1,1323,1006
742,1,1324,1007
742,1,1324,1006
742,1,1323,1006
742,1,1322,1006
743,1,1321,1013
743,1,1322,1013
743,1,1322,1012
743,1,1321,1013
744,1,1318,1014
744,1,1319,1014
744,1,1318,1014
745,1,1311,1014
745,1,1312,1014
745,1,1313,1014
745,1,1314,1014
745,1,1314,1013
745,1,1314,1014
745,1,1313,1014
745,1,1311,1014
746,1,1221,886
746,1,1221,887
746,1,1220,887
746,1,1220,888
746,1,1219,888
746,1,1219,889
746,1,1219,890
746,1,1220,891
746,1,1221,891
746,1,1222,891
746,1,1222,890
746,1,1222,889
746,1,1222,888
746,1,1222,887
746,1,1223,887
746,1,1224,887
746,1,1224,888
746,1,1224,889
746,1,1225,889
746,1,1225,890
746,1,1225,891
746,1,1224,892
746,1,1223,893
746,1,1222,894
746,1,1222,895
746,1,1221,895
746,1,1221,896
746,1,1221,897
746,1,1222,897
746,1,1221,898
746,1,1222,899
746,1,1223,899
746,1,1224,899
746,1,1225,899
746,1,1226,899
746,1,1226,900
746,1,1225,900
746,1,1225,901
746,1,1224,901
746,1,1223,902
746,1,1223,903
746,1,1222,903
746,1,1222,904
746,1,1222,905
746,1,1223,905
746,1,1223,906
746,1,1224,906
746,1,1225,906
746,1,1225,905
746,1,1226,905
746,1,1227,904
746,1,1227,903
746,1,1228,903
746,1,1228,904
746,1,1228,905
746,1,1227,906
746,1,1226,907
746,1,1225,907
746,1,1225,908
746,1,1226,908
746,1,1226,909
746,1,1228,909
746,1,1229,910
746,1,1229,911
746,1,1228,911
746,1,1227,911
746,1,1227,910
746,1,1226,910
746,1,1226,909
746,1,1225,909
746,1,1225,908
746,1,1224,908
746,1,1225,908
746,1,1224,909
746,1,1224,910
746,1,1224,911
746,1,1224,912
746,1,1225,912
746,1,1225,913
746,1,1226,913
746,1,1227,913
746,1,1228,913
746,1,1229,912
746,1,1230,912
746,1,1230,913
746,1,1230,914
746,1,1229,915
746,1,1229,916
746,1,1229,917
746,1,1231,917
746,1,1232,917
746,1,1233,917
746,1,1233,916
746,1,1234,916
746,1,1234,917
746,1,1233,917
746,1,1233,918
746,1,1233,919
746,1,1232,919
746,1,1232,920
746,1,1231,920
746,1,1230,920
746,1,1230,921
746,1,1230,922
746,1,1230,923
746,1,1230,924
746,1,1230,925
746,1,1229,925
746,1,1229,924
746,1,1229,923
746,1,1228,923
746,1,1228,922
746,1,1227,922
746,1,1227,923
746,1,1227,924
746,1,1226,923
746,1,1225,924
746,1,1224,924
746,1,1223,925
746,1,1222,926
746,1,1222,927
746,1,1223,927
746,1,1223,928
746,1,1224,928
746,1,1225,928
746,1,1226,928
746,1,1227,928
746,1,1227,927
746,1,1227,926
746,1,1227,925
746,1,1227,926
746,1,1228,926
746,1,1229,926
746,1,1229,927
746,1,1229,928
746,1,1228,928
746,1,1228,929
746,1,1227,930
746,1,1226,930
746,1,1226,932
746,1,1225,932
746,1,1225,931
746,1,1224,931
746,1,1224,930
746,1,1223,931
746,1,1223,932
746,1,1224,932
746,1,1225,932
746,1,1226,932
746,1,1226,933
746,1,1227,933
746,1,1226,934
746,1,1226,935
746,1,1225,935
746,1,1223,935
746,1,1223,936
746,1,1222,936
746,1,1222,937
746,1,1222,938
746,1,1222,937
746,1,1223,938
746,1,1222,938
746,1,1222,939
746,1,1221,940
746,1,1220,941
746,1,1219,941
746,1,1219,942
746,1,1220,942
746,1,1220,943
746,1,1220,944
746,1,1219,944
746,1,1219,943
746,1,1218,943
746,1,1218,942
746,1,1218,941
746,1,1217,942
746,1,1216,942
746,1,1216,944
746,1,1216,945
746,1,1216,946
746,1,1217,946
746,1,1218,946
746,1,1219,945
746,1,1220,946
746,1,1219,947
746,1,1218,947
746,1,1217,947
746,1,1216,947
746,1,1215,947
746,1,1215,948
746,1,1214,949
746,1,1214,950
746,1,1214,951
746,1,1215,952
746,1,1215,953
746,1,1214,953
746,1,1213,953
746,1,1212,953
746,1,1211,953
746,1,1211,952
746,1,1210,952
746,1,1210,953
746,1,1210,954
746,1,1211,955
746,1,1212,955
746,1,1213,954
746,1,1214,954
746,1,1214,955
746,1,1214,956
746,1,1213,957
746,1,1212,957
746,1,1211,957
746,1,1210,957
746,1,1210,958
746,1,1210,959
746,1,1210,960
746,1,1210,961
746,1,1210,962
746,1,1211,962
746,1,1211,963
746,1,1212,963
746,1,1212,964
746,1,1212,965
746,1,1211,965
746,1,1210,965
746,1,1210,964
746,1,1209,963
746,1,1209,962
746,1,1208,963
746,1,1208,964
746,1,1208,965
746,1,1209,965
746,1,1209,964
746,1,1209,965
746,1,1209,966
746,1,1210,967
746,1,1211,968
746,1,1211,969
746,1,1211,970
746,1,1210,970
746,1,1209,970
746,1,1208,970
746,1,1207,970
746,1,1206,970
746,1,1205,970
746,1,1205,971
746,1,1205,972
746,1,1206,972
746,1,1207,973
746,1,1208,973
746,1,1208,974
746,1,1208,975
746,1,1207,975
746,1,1207,976
746,1,1207,977
746,1,1206,977
746,1,1206,978
746,1,1207,978
746,1,1208,979
746,1,1209,980
746,1,1209,981
746,1,1209,982
746,1,1208,982
746,1,1207,983
746,1,1206,983
746,1,1207,983
746,1,1210,983
746,1,1212,983
746,1,1215,983
746,1,1216,983
746,1,1217,983
746,1,1218,983
746,1,1222,982
746,1,1223,982
746,1,1225,982
746,1,1228,982
746,1,1229,982
746,1,1230,982
746,1,1231,982
746,1,1233,982
746,1,1234,982
746,1,1235,982
746,1,1237,982
746,1,1238,982
746,1,1239,982
746,1,1239,981
746,1,1241,981
746,1,1242,981
746,1,1243,981
746,1,1246,981
746,1,1247,981
746,1,1249,981
746,1,1250,981
746,1,1251,981
746,1,1253,981
746,1,1254,981
746,1,1255,981
746,1,1256,981
746,1,1258,980
746,1,1259,980
746,1,1261,980
746,1,1263,980
746,1,1265,980
746,1,1266,980
746,1,1267,980
746,1,1268,980
746,1,1270,980
746,1,1271,980
746,1,1272,979
746,1,1273,979
746,1,1274,979
746,1,1276,979
746,1,1277,979
746,1,1278,979
746,1,1279,979
746,1,1280,979
746,1,1281,979
746,1,1283,979
746,1,1284,979
746,1,1284,980
746,1,1285,980
746,1,1284,980
746,1,1284,981
746,1,1283,982
746,1,1284,982
746,1,1284,983
746,1,1283,983
746,1,1284,984
746,1,1283,984
746,1,1283,985
746,1,1283,986
746,1,1282,986
746,1,1282,987
746,1,1283,987
746,1,1283,988
746,1,1282,987
746,1,1282,988
746,1,1282,987
746,1,1282,988
746,1,1282,989
746,1,1281,989
746,1,1281,990
746,1,1281,989
746,1,1281,990
746,1,1281,991
746,1,1281,992
746,1,1281,991
746,1,1282,991
746,1,1282,992
746,1,1281,992
746,1,1281,993
746,1,1280,993
746,1,1281,993
746,1,1281,994
746,1,1281,995
746,1,1280,995
746,1,1281,995
746,1,1282,996
746,1,1282,997
746,1,1281,997
746,1,1282,997
746,1,1282,998
746,1,1282,999
746,1,1283,999
746,1,1282,1000
746,1,1283,1000
746,1,1283,999
746,1,1283,1000
746,1,1283,999
746,1,1283,1000
746,1,1283,1001
746,1,1283,1000
746,1,1283,1001
746,1,1284,1001
746,1,1284,1002
746,1,1285,1002
746,1,1285,1003
746,1,1286,1003
746,1,1287,1004
746,1,1288,1004
746,1,1288,1005
746,1,1288,1006
746,1,1288,1007
746,1,1289,1008
746,1,1289,1009
746,1,1290,1009
746,1,1290,1010
746,1,1291,1010
746,1,1291,1011
746,1,1290,1012
746,1,1290,1013
746,1,1290,1012
746,1,1290,1013
746,1,1291,1013
746,1,1291,1014
746,1,1291,1015
746,1,1291,1016
746,1,1292,1016
746,1,1293,1016
746,1,1293,1017
746,1,1294,1017
746,1,1295,1017
746,1,1296,1017
746,1,1297,1017
746,1,1298,1017
746,1,1299,1017
746,1,1298,1016
746,1,1299,1015
746,1,1300,1015
746,1,1300,1014
746,1,1299,1014
746,1,1299,1013
746,1,1300,1013
746,1,1301,1013
746,1,1301,1012
746,1,1302,1012
746,1,1302,1011
746,1,1303,1011
746,1,1303,1010
746,1,1303,1009
746,1,1302,1009
746,1,1301,1009
746,1,1301,1010
746,1,1301,1009
746,1,1301,1008
746,1,1302,1008
746,1,1303,1008
746,1,1303,1007
746,1,1304,1007
746,1,1304,1008
746,1,1305,1008
746,1,1305,1009
746,1,1305,1010
746,1,1305,1011
746,1,1304,1011
746,1,1305,1011
746,1,1306,1010
746,1,1307,1010
746,1,1308,1009
746,1,1309,1009
746,1,1310,1008
746,1,1311,1008
746,1,1312,1007
746,1,1312,1008
746,1,1313,1008
746,1,1313,1007
746,1,1314,1007
746,1,1315,1006
746,1,1316,1006
746,1,1317,1006
746,1,1318,1006
746,1,1319,1005
746,1,1320,1005
746,1,1321,1005
746,1,1322,1005
746,1,1322,1004
746,1,1322,1003
746,1,1322,1004
746,1,1323,1004
746,1,1323,1005
746,1,1324,1005
746,1,1325,1005
746,1,1324,1005
746,1,1325,1006
746,1,1326,1006
746,1,1327,1007
746,1,1328,1007
746,1,1329,1007
746,1,1330,1007
746,1,1330,1006
746,1,1331,1006
746,1,1332,1006
746,1,1332,1005
746,1,1332,1006
746,1,1333,1006
746,1,1334,1005
746,1,1334,1006
746,1,1334,1007
746,1,1335,1007
746,1,1336,1007
746,1,1337,1007
746,1,1337,1008
746,1,1338,1008
746,1,1338,1007
746,1,1339,1007
746,1,1339,1006
746,1,1340,1006
746,1,1340,1005
746,1,1341,1005
746,1,1341,1006
746,1,1341,1005
746,1,1341,1004
746,1,1341,1001
746,1,1341,1000
746,1,1341,998
746,1,1340,998
746,1,1340,997
746,1,1340,996
746,1,1340,994
746,1,1340,993
746,1,1340,992
746,1,1340,991
746,1,1340,990
746,1,1339,989
746,1,1339,988
746,1,1339,987
746,1,1339,985
746,1,1339,982
746,1,1338,981
746,1,1338,978
746,1,1338,975
746,1,1337,972
746,1,1337,971
746,1,1337,970
746,1,1337,969
746,1,1337,968
746,1,1336,964
746,1,1336,963
746,1,1336,962
746,1,1336,961
746,1,1336,959
746,1,1336,958
746,1,1335,957
746,1,1335,955
746,1,1335,954
746,1,1335,953
746,1,1335,952
746,1,1335,951
746,1,1334,950
746,1,1334,949
746,1,1334,948
746,1,1334,947
746,1,1334,945
746,1,1334,944
746,1,1333,942
746,1,1333,941
746,1,1333,940
746,1,1333,939
746,1,1333,938
746,1,1333,937
746,1,1333,936
746,1,1333,934
746,1,1332,933
746,1,1332,932
746,1,1332,931
746,1,1332,930
746,1,1332,927
746,1,1333,925
746,1,1333,924
746,1,1333,921
746,1,1333,920
746,1,1333,919
746,1,1333,918
746,1,1333,917
746,1,1333,916
746,1,1333,915
746,1,1333,913
746,1,1333,912
746,1,1333,910
746,1,1333,909
746,1,1333,908
746,1,1333,906
746,1,1333,905
746,1,1333,904
746,1,1333,900
746,1,1333,899
746,1,1333,898
746,1,1333,897
746,1,1333,895
746,1,1333,893
746,1,1333,891
746,1,1333,890
746,1,1333,889
746,1,1333,885
746,1,1333,882
746,1,1333,881
746,1,1333,880
746,1,1333,879
746,1,1334,875
746,1,1334,872
746,1,1334,871
746,1,1334,870
746,1,1334,869
746,1,1334,868
746,1,1334,867
746,1,1334,866
746,1,1334,865
746,1,1334,864
746,1,1334,863
746,1,1334,862
746,1,1334,860
746,1,1334,859
746,1,1334,858
746,1,1334,855
746,1,1334,854
746,1,1334,853
746,1,1334,852
746,1,1334,851
746,1,1334,850
746,1,1334,848
746,1,1334,847
746,1,1334,846
746,1,1334,845
746,1,1334,844
746,1,1334,843
746,1,1334,842
746,1,1334,841
746,1,1334,840
746,1,1334,838
746,1,1334,836
746,1,1334,835
746,1,1334,833
746,1,1334,831
746,1,1335,830
746,1,1335,829
746,1,1335,828
746,1,1335,827
746,1,1335,826
746,1,1335,825
746,1,1335,823
746,1,1335,822
746,1,1335,821
746,1,1335,820
746,1,1335,818
746,1,1335,817
746,1,1335,816
746,1,1335,815
746,1,1335,812
746,1,1335,810
746,1,1335,809
746,1,1335,808
746,1,1335,807
746,1,1335,806
746,1,1335,803
746,1,1335,802
746,1,1335,800
746,1,1335,799
746,1,1335,797
746,1,1335,796
746,1,1335,795
746,1,1335,794
746,1,1335,793
746,1,1335,792
746,1,1335,791
746,1,1335,790
746,1,1336,787
746,1,1335,787
746,1,1334,787
746,1,1334,786
746,1,1333,786
746,1,1332,785
746,1,1332,784
746,1,1331,783
746,1,1330,783
746,1,1329,783
746,1,1326,783
746,1,1325,783
746,1,1324,783
746,1,1321,784
746,1,1320,784
746,1,1319,784
746,1,1318,784
746,1,1317,784
746,1,1316,784
746,1,1315,784
746,1,1312,784
746,1,1311,784
746,1,1310,784
746,1,1308,785
746,1,1307,785
746,1,1306,785
746,1,1304,785
746,1,1303,785
746,1,1301,785
746,1,1300,785
746,1,1299,785
746,1,1297,785
746,1,1296,785
746,1,1296,786
746,1,1295,786
746,1,1294,786
746,1,1292,786
746,1,1291,786
746,1,1290,786
746,1,1287,786
746,1,1286,786
746,1,1285,786
746,1,1284,786
746,1,1283,786
746,1,1282,787
746,1,1281,787
746,1,1280,787
746,1,1279,787
746,1,1278,787
746,1,1277,787
746,1,1276,787
746,1,1275,787
746,1,1273,787
746,1,1272,787
746,1,1271,787
746,1,1270,787
746,1,1269,787
746,1,1268,787
746,1,1267,787
746,1,1267,788
746,1,1266,788
746,1,1265,788
746,1,1264,788
746,1,1263,788
746,1,1262,788
746,1,1261,788
746,1,1260,788
746,1,1259,788
746,1,1257,788
746,1,1256,788
746,1,1253,788
746,1,1249,789
746,1,1250,789
746,1,1250,790
746,1,1251,790
746,1,1251,791
746,1,1252,791
746,1,1252,792
746,1,1252,793
746,1,1251,793
746,1,1251,794
746,1,1250,794
746,1,1249,795
746,1,1250,795
746,1,1250,796
746,1,1249,796
746,1,1248,795
746,1,1247,796
746,1,1246,797
746,1,1245,797
746,1,1244,796
746,1,1245,796
746,1,1245,795
746,1,1244,794
746,1,1243,794
746,1,1243,795
746,1,1243,796
746,1,1243,797
746,1,1244,797
746,1,1244,798
746,1,1243,798
746,1,1243,799
746,1,1244,800
746,1,1244,801
746,1,1244,802
746,1,1243,802
746,1,1242,802
746,1,1241,802
746,1,1242,801
746,1,1243,800
746,1,1242,799
746,1,1242,798
746,1,1241,798
746,1,1241,799
746,1,1240,799
746,1,1241,800
746,1,1241,801
746,1,1240,801
746,1,1240,802
746,1,1240,803
746,1,1241,803
746,1,1242,803
746,1,1243,803
746,1,1244,803
746,1,1244,804
746,1,1244,805
746,1,1243,805
746,1,1243,806
746,1,1242,806
746,1,1242,807
746,1,1241,807
746,1,1241,806
746,1,1241,805
746,1,1241,804
746,1,1240,804
746,1,1240,805
746,1,1239,806
746,1,1239,807
746,1,1239,808
746,1,1240,809
746,1,1241,810
746,1,1241,811
746,1,1240,812
746,1,1240,813
746,1,1239,813
746,1,1239,814
746,1,1240,814
746,1,1240,815
746,1,1240,816
746,1,1240,817
746,1,1240,818
746,1,1239,818
746,1,1238,818
746,1,1237,819
746,1,1237,820
746,1,1237,821
746,1,1237,822
746,1,1236,822
746,1,1236,821
746,1,1236,820
746,1,1237,819
746,1,1236,819
746,1,1236,820
746,1,1235,820
746,1,1234,820
746,1,1233,820
746,1,1233,821
746,1,1234,821
746,1,1234,822
746,1,1234,823
746,1,1234,824
746,1,1233,824
746,1,1233,825
746,1,1233,824
746,1,1232,824
746,1,1231,824
746,1,1231,825
746,1,1230,826
746,1,1230,827
746,1,1231,827
746,1,1230,828
746,1,1230,827
746,1,1229,827
746,1,1228,827
746,1,1228,826
746,1,1227,826
746,1,1227,827
746,1,1227,828
746,1,1228,828
746,1,1228,829
746,1,1229,829
746,1,1230,829
746,1,1231,829
746,1,1232,829
746,1,1232,830
746,1,1231,831
746,1,1230,831
746,1,1229,831
746,1,1229,830
746,1,1228,830
746,1,1227,830
746,1,1227,831
746,1,1226,831
746,1,1226,832
746,1,1227,833
746,1,1228,833
746,1,1229,833
746,1,1230,834
746,1,1229,835
746,1,1229,836
746,1,1229,837
746,1,1228,837
746,1,1227,837
746,1,1226,837
746,1,1225,837
746,1,1226,838
746,1,1226,839
746,1,1226,840
746,1,1225,840
746,1,1225,839
746,1,1224,838
746,1,1223,838
746,1,1222,838
746,1,1221,838
746,1,1221,839
746,1,1221,840
746,1,1222,840
746,1,1223,841
746,1,1224,841
746,1,1225,841
746,1,1224,841
746,1,1224,842
746,1,1224,843
746,1,1223,843
746,1,1223,844
746,1,1222,844
746,1,1222,845
746,1,1222,846
746,1,1223,846
746,1,1223,847
746,1,1224,847
746,1,1225,847
746,1,1225,848
746,1,1226,848
746,1,1226,849
746,1,1225,849
746,1,1224,849
746,1,1223,849
746,1,1221,849
746,1,1220,849
746,1,1220,850
746,1,1220,851
746,1,1220,852
746,1,1221,852
746,1,1222,852
746,1,1223,852
746,1,1224,852
746,1,1224,853
746,1,1224,854
746,1,1223,854
746,1,1222,855
746,1,1222,854
746,1,1221,854
746,1,1220,854
746,1,1220,853
746,1,1219,852
746,1,1219,853
746,1,1218,853
746,1,1217,853
746,1,1216,853
746,1,1216,854
746,1,1217,854
746,1,1217,855
746,1,1218,855
746,1,1219,855
746,1,1220,856
746,1,1221,857
746,1,1221,858
746,1,1220,858
746,1,1220,859
746,1,1219,859
746,1,1218,859
746,1,1217,859
746,1,1217,860
746,1,1217,861
746,1,1218,862
746,1,1219,862
746,1,1219,863
746,1,1218,863
746,1,1218,864
746,1,1217,864
746,1,1217,865
746,1,1218,866
746,1,1218,865
746,1,1219,865
746,1,1219,864
746,1,1219,863
746,1,1219,862
746,1,1220,862
746,1,1220,863
746,1,1221,863
746,1,1221,864
746,1,1221,865
746,1,1221,866
746,1,1220,866
746,1,1219,866
746,1,1218,866
746,1,1218,867
746,1,1219,868
746,1,1220,868
746,1,1221,868
746,1,1222,867
746,1,1222,866
746,1,1222,865
746,1,1223,865
746,1,1223,864
746,1,1224,864
746,1,1224,865
746,1,1224,866
746,1,1223,866
746,1,1223,867
746,1,1222,868
746,1,1222,869
746,1,1221,869
746,1,1221,870
746,1,1221,871
746,1,1221,872
746,1,1222,873
746,1,1222,874
746,1,1222,875
746,1,1223,875
746,1,1223,874
746,1,1223,873
746,1,1224,872
746,1,1225,873
746,1,1225,874
746,1,1224,875
746,1,1223,875
746,1,1223,876
746,1,1223,877
746,1,1224,877
746,1,1224,878
746,1,1224,879
746,1,1224,880
746,1,1223,880
746,1,1222,880
746,1,1221,880
746,1,1220,880
746,1,1220,879
746,1,1220,880
746,1,1219,880
746,1,1219,881
746,1,1220,882
746,1,1221,882
746,1,1222,883
746,1,1222,884
746,1,1222,885
746,1,1221,885
746,1,1221,886
747,1,1802,667
747,1,1803,667
747,1,1803,668
747,1,1804,668
747,1,1804,669
747,1,1805,669
747,1,1805,670
747,1,1806,670
747,1,1806,671
747,1,1805,671
747,1,1805,672
747,1,1806,672
747,1,1807,672
747,1,1808,672
747,1,1808,671
747,1,1807,671
747,1,1807,670
747,1,1806,669
747,1,1806,668
747,1,1805,668
747,1,1805,667
747,1,1804,667
747,1,1803,667
747,1,1802,667
748,1,1810,702
748,1,1809,702
748,1,1810,702
748,1,1810,701
748,1,1811,701
748,1,1812,700
748,1,1813,700
748,1,1813,699
748,1,1814,699
748,1,1815,699
748,1,1816,699
748,1,1817,699
748,1,1817,698
748,1,1817,697
748,1,1817,696
748,1,1817,695
748,1,1817,694
748,1,1817,692
748,1,1817,691
748,1,1817,690
748,1,1817,689
748,1,1816,687
748,1,1816,686
748,1,1816,685
748,1,1816,684
748,1,1816,683
748,1,1816,682
748,1,1816,681
748,1,1815,680
748,1,1815,679
748,1,1815,678
748,1,1814,677
748,1,1814,676
748,1,1813,675
748,1,1813,674
748,1,1812,674
748,1,1812,673
748,1,1811,673
748,1,1812,673
748,1,1812,674
748,1,1812,675
748,1,1813,675
748,1,1812,675
748,1,1813,675
748,1,1813,676
748,1,1813,677
748,1,1814,677
748,1,1814,678
748,1,1814,679
748,1,1815,679
748,1,1815,680
748,1,1815,681
748,1,1816,681
748,1,1816,682
748,1,1816,683
748,1,1816,684
748,1,1816,685
748,1,1816,686
748,1,1816,687
748,1,1816,688
748,1,1816,689
748,1,1816,690
748,1,1816,691
748,1,1817,691
748,1,1817,692
748,1,1816,692
748,1,1816,693
748,1,1816,694
748,1,1817,694
748,1,1817,695
748,1,1817,696
748,1,1817,697
748,1,1816,697
748,1,1815,697
748,1,1814,697
748,1,1814,698
748,1,1813,698
748,1,1813,699
748,1,1813,700
748,1,1812,700
748,1,1811,700
748,1,1811,701
748,1,1810,701
748,1,1810,702
749,1,1800,710
749,1,1801,710
749,1,1801,709
749,1,1802,708
749,1,1803,707
749,1,1804,706
749,1,1805,705
749,1,1806,705
749,1,1807,704
749,1,1807,703
749,1,1808,703
749,1,1808,702
749,1,1808,703
749,1,1807,703
749,1,1807,704
749,1,1806,704
749,1,1805,704
749,1,1805,705
749,1,1804,705
749,1,1804,706
749,1,1803,706
749,1,1803,707
749,1,1802,707
749,1,1801,707
749,1,1801,708
749,1,1801,709
749,1,1800,710
750,1,1787,701
750,1,1788,701
750,1,1788,700
750,1,1787,700
750,1,1788,700
750,1,1787,700
750,1,1787,701
751,1,1790,723
751,1,1791,723
751,1,1791,722
751,1,1792,721
751,1,1793,720
751,1,1793,719
751,1,1794,718
751,1,1794,717
751,1,1795,717
751,1,1796,716
751,1,1796,714
751,1,1797,714
751,1,1797,713
751,1,1798,712
751,1,1799,712
751,1,1799,711
751,1,1799,710
751,1,1798,710
751,1,1798,711
751,1,1798,712
751,1,1797,712
751,1,1797,713
751,1,1796,713
751,1,1796,714
751,1,1796,715
751,1,1795,715
751,1,1795,716
751,1,1794,717
751,1,1794,718
751,1,1793,719
751,1,1793,720
751,1,1792,720
751,1,1792,721
751,1,1791,721
751,1,1791,722
751,1,1791,723
751,1,1790,723
752,1,1783,731
752,1,1783,732
752,1,1784,732
752,1,1784,731
752,1,1783,731
753,1,1784,735
753,1,1784,736
753,1,1785,736
753,1,1785,737
753,1,1785,736
753,1,1785,735
753,1,1785,734
753,1,1786,734
753,1,1786,733
753,1,1786,732
753,1,1787,731
753,1,1787,730
753,1,1787,729
753,1,1788,729
753,1,1788,727
753,1,1789,727
753,1,1789,726
753,1,1789,725
753,1,1790,725
753,1,1790,724
753,1,1789,724
753,1,1789,725
753,1,1789,726
753,1,1788,726
753,1,1788,727
753,1,1788,728
753,1,1787,728
753,1,1787,729
753,1,1787,730
753,1,1786,730
753,1,1786,731
753,1,1786,732
753,1,1786,733
753,1,1785,733
753,1,1786,733
753,1,1785,734
753,1,1785,735
753,1,1785,736
753,1,1784,736
753,1,1784,735
754,1,1782,731
754,1,1782,732
754,1,1783,732
754,1,1784,732
754,1,1783,732
754,1,1783,731
754,1,1782,731
755,1,1779,733
755,1,1780,734
755,1,1781,734
755,1,1782,734
755,1,1783,734
755,1,1784,734
755,1,1784,735
755,1,1785,735
755,1,1785,734
755,1,1784,734
755,1,1783,734
755,1,1782,734
755,1,1782,733
755,1,1782,734
755,1,1781,733
755,1,1780,733
755,1,1779,733
756,1,1763,739
756,1,1763,738
756,1,1764,738
756,1,1765,738
756,1,1765,737
756,1,1766,737
756,1,1767,737
756,1,1767,736
756,1,1768,736
756,1,1769,736
756,1,1770,735
756,1,1771,735
756,1,1772,735
756,1,1773,734
756,1,1774,734
756,1,1775,734
756,1,1776,733
756,1,1777,733
756,1,1778,733
756,1,1779,733
756,1,1778,733
756,1,1778,732
756,1,1777,732
756,1,1777,733
756,1,1778,733
756,1,1777,733
756,1,1776,733
756,1,1775,733
756,1,1775,734
756,1,1775,733
756,1,1774,733
756,1,1774,734
756,1,1773,734
756,1,1772,734
756,1,1772,735
756,1,1771,735
756,1,1770,735
756,1,1769,736
756,1,1768,736
756,1,1767,736
756,1,1767,737
756,1,1766,737
756,1,1765,737
756,1,1764,737
756,1,1764,738
756,1,1763,738
756,1,1763,739
757,1,1760,740
757,1,1761,740
757,1,1761,739
757,1,1762,739
757,1,1761,739
757,1,1761,740
757,1,1760,740
758,1,1758,742
758,1,1759,742
758,1,1759,741
758,1,1760,741
758,1,1760,740
758,1,1760,741
758,1,1759,741
758,1,1758,742
759,1,1572,677
759,1,1572,678
759,1,1572,679
759,1,1572,680
759,1,1571,680
759,1,1572,681
759,1,1572,682
759,1,1572,683
759,1,1572,684
759,1,1572,685
759,1,1572,686
759,1,1571,686
759,1,1571,687
759,1,1572,687
759,1,1571,688
759,1,1572,688
759,1,1572,689
759,1,1573,689
759,1,1573,690
759,1,1572,690
759,1,1572,689
759,1,1571,690
759,1,1570,690
759,1,1570,689
759,1,1569,689
759,1,1568,690
759,1,1567,690
759,1,1567,691
759,1,1566,692
759,1,1565,692
759,1,1565,693
759,1,1565,694
759,1,1565,695
759,1,1564,696
759,1,1564,697
759,1,1563,698
759,1,1563,699
759,1,1562,700
759,1,1562,701
759,1,1562,702
759,1,1562,701
759,1,1561,701
759,1,1561,702
759,1,1560,703
759,1,1559,703
759,1,1558,703
759,1,1558,702
759,1,1558,701
759,1,1557,701
759,1,1556,701
759,1,1555,701
759,1,1554,701
759,1,1554,702
759,1,1553,702
759,1,1553,703
759,1,1552,702
759,1,1552,703
759,1,1551,703
759,1,1551,704
759,1,1550,704
759,1,1549,704
759,1,1549,705
759,1,1548,705
759,1,1548,706
759,1,1547,708
759,1,1547,709
759,1,1546,709
759,1,1546,710
759,1,1545,711
759,1,1544,711
759,1,1544,712
759,1,1543,712
759,1,1542,712
759,1,1541,712
759,1,1541,711
759,1,1541,710
759,1,1541,709
759,1,1541,708
759,1,1540,708
759,1,1539,708
759,1,1538,708
759,1,1538,709
759,1,1537,709
759,1,1537,710
759,1,1536,710
759,1,1536,711
759,1,1535,711
759,1,1535,712
759,1,1534,712
759,1,1534,713
759,1,1535,713
759,1,1534,713
759,1,1535,713
759,1,1534,714
759,1,1534,715
759,1,1533,715
759,1,1532,715
759,1,1532,714
759,1,1531,714
759,1,1530,715
759,1,1530,716
759,1,1530,717
759,1,1531,717
759,1,1530,717
759,1,1530,718
759,1,1531,718
759,1,1530,718
759,1,1530,719
759,1,1530,720
759,1,1530,721
759,1,1529,721
759,1,1529,722
759,1,1529,723
759,1,1528,723
759,1,1527,723
759,1,1526,723
759,1,1525,723
759,1,1524,723
759,1,1524,724
759,1,1523,724
759,1,1522,725
759,1,1521,725
759,1,1521,726
759,1,1521,727
759,1,1520,727
759,1,1519,727
759,1,1518,727
759,1,1518,728
759,1,1518,729
759,1,1517,729
759,1,1517,730
759,1,1517,731
759,1,1516,731
759,1,1516,730
759,1,1515,730
759,1,1515,731
759,1,1514,732
759,1,1513,733
759,1,1512,733
759,1,1511,734
759,1,1511,735
759,1,1510,735
759,1,1510,736
759,1,1509,736
759,1,1508,736
759,1,1507,736
759,1,1507,737
759,1,1506,737
759,1,1506,736
759,1,1505,736
759,1,1505,737
759,1,1505,736
759,1,1504,737
759,1,1503,737
759,1,1502,737
759,1,1501,737
759,1,1500,737
759,1,1499,737
759,1,1499,738
759,1,1498,739
759,1,1497,740
759,1,1496,740
759,1,1495,740
759,1,1495,741
759,1,1495,742
759,1,1494,742
759,1,1494,743
759,1,1493,743
759,1,1493,744
759,1,1492,744
759,1,1492,745
759,1,1491,745
759,1,1491,746
759,1,1491,747
759,1,1491,748
759,1,1491,749
759,1,1490,749
759,1,1491,749
759,1,1491,750
759,1,1491,751
759,1,1491,752
759,1,1490,753
759,1,1489,753
759,1,1489,754
759,1,1488,754
759,1,1488,755
759,1,1487,755
759,1,1487,754
759,1,1486,754
759,1,1486,755
759,1,1485,755
759,1,1485,754
759,1,1484,754
759,1,1483,754
759,1,1483,755
759,1,1482,755
759,1,1482,756
759,1,1481,756
759,1,1481,757
759,1,1481,758
759,1,1481,759
759,1,1481,761
759,1,1481,763
759,1,1482,763
759,1,1482,764
759,1,1482,766
759,1,1482,768
759,1,1484,767
759,1,1486,767
759,1,1487,767
759,1,1489,767
759,1,1490,767
759,1,1491,767
759,1,1491,766
759,1,1493,766
759,1,1494,766
759,1,1495,766
759,1,1496,766
759,1,1497,766
759,1,1498,766
759,1,1500,765
759,1,1501,765
759,1,1502,765
759,1,1504,765
759,1,1505,765
759,1,1509,764
759,1,1510,764
759,1,1511,764
759,1,1514,763
759,1,1516,763
759,1,1518,763
759,1,1519,762
759,1,1520,762
759,1,1521,762
759,1,1523,762
759,1,1525,761
759,1,1526,761
759,1,1528,761
759,1,1530,760
759,1,1532,759
759,1,1536,757
759,1,1538,756
759,1,1539,756
759,1,1540,755
759,1,1541,755
759,1,1541,756
759,1,1542,756
759,1,1542,755
759,1,1543,754
759,1,1544,754
759,1,1544,753
759,1,1545,753
759,1,1545,752
759,1,1546,752
759,1,1547,752
759,1,1548,751
759,1,1549,751
759,1,1549,750
759,1,1550,750
759,1,1551,750
759,1,1551,749
759,1,1552,749
759,1,1553,749
759,1,1552,749
759,1,1552,750
759,1,1553,749
759,1,1554,749
759,1,1553,749
759,1,1553,748
759,1,1554,748
759,1,1554,747
759,1,1555,747
759,1,1555,748
759,1,1556,748
759,1,1557,748
759,1,1558,748
759,1,1558,747
759,1,1559,747
759,1,1560,747
759,1,1561,747
759,1,1562,747
759,1,1563,747
759,1,1564,746
759,1,1565,746
759,1,1566,746
759,1,1567,746
759,1,1568,746
759,1,1569,746
759,1,1570,746
759,1,1571,746
759,1,1573,746
759,1,1575,745
759,1,1576,745
759,1,1578,745
759,1,1579,745
759,1,1580,745
759,1,1581,745
759,1,1582,745
759,1,1584,744
759,1,1585,744
759,1,1586,744
759,1,1587,744
759,1,1588,744
759,1,1589,744
759,1,1590,744
759,1,1591,744
759,1,1592,744
759,1,1593,743
759,1,1594,743
759,1,1596,743
759,1,1597,743
759,1,1598,743
759,1,1599,743
759,1,1600,743
759,1,1601,743
759,1,1602,743
759,1,1603,742
759,1,1604,742
759,1,1605,742
759,1,1606,742
759,1,1607,742
759,1,1607,743
759,1,1608,744
759,1,1607,744
759,1,1607,745
759,1,1607,746
759,1,1607,747
759,1,1608,747
759,1,1609,746
759,1,1610,745
759,1,1611,744
759,1,1611,743
759,1,1612,744
759,1,1613,745
759,1,1614,746
759,1,1615,747
759,1,1616,748
759,1,1617,749
759,1,1617,750
759,1,1618,750
759,1,1619,751
759,1,1619,752
759,1,1619,754
759,1,1619,755
759,1,1619,756
759,1,1620,756
759,1,1622,756
759,1,1623,756
759,1,1624,756
759,1,1624,755
759,1,1625,755
759,1,1626,755
759,1,1627,755
759,1,1628,755
759,1,1629,755
759,1,1630,755
759,1,1631,754
759,1,1632,754
759,1,1633,754
759,1,1634,754
759,1,1636,754
759,1,1637,754
759,1,1638,753
759,1,1639,753
759,1,1640,753
759,1,1641,753
759,1,1642,753
759,1,1643,753
759,1,1644,753
759,1,1645,752
759,1,1646,752
759,1,1647,752
759,1,1648,752
759,1,1649,752
759,1,1650,752
759,1,1651,752
759,1,1652,751
759,1,1653,751
759,1,1654,751
759,1,1655,751
759,1,1658,750
759,1,1659,750
759,1,1660,750
759,1,1661,750
759,1,1662,750
759,1,1663,750
759,1,1664,751
759,1,1665,751
759,1,1665,752
759,1,1667,753
759,1,1668,754
759,1,1669,754
759,1,1669,755
759,1,1670,755
759,1,1671,756
759,1,1672,756
759,1,1672,757
759,1,1673,757
759,1,1674,758
759,1,1675,759
759,1,1676,760
759,1,1677,760
759,1,1678,761
759,1,1679,761
759,1,1679,762
759,1,1680,762
759,1,1681,763
759,1,1682,764
759,1,1683,765
759,1,1684,765
759,1,1684,766
759,1,1686,767
759,1,1687,767
759,1,1688,768
759,1,1690,770
759,1,1691,771
759,1,1693,772
759,1,1694,772
759,1,1694,773
759,1,1695,773
759,1,1696,774
759,1,1697,774
759,1,1697,775
759,1,1698,775
759,1,1698,776
759,1,1699,776
759,1,1700,777
759,1,1701,778
759,1,1702,778
759,1,1702,779
759,1,1703,779
759,1,1704,779
759,1,1705,780
759,1,1705,781
759,1,1706,781
759,1,1707,782
759,1,1709,783
759,1,1710,784
759,1,1711,784
759,1,1711,785
759,1,1712,785
759,1,1712,786
759,1,1713,786
759,1,1714,786
759,1,1714,787
759,1,1715,786
759,1,1716,786
759,1,1717,785
759,1,1718,785
759,1,1718,784
759,1,1719,784
759,1,1720,784
759,1,1720,783
759,1,1721,783
759,1,1723,783
759,1,1723,782
759,1,1725,782
759,1,1726,782
759,1,1728,781
759,1,1729,781
759,1,1730,781
759,1,1731,781
759,1,1732,781
759,1,1733,781
759,1,1734,781
759,1,1735,780
759,1,1735,781
759,1,1735,782
759,1,1735,783
759,1,1737,783
759,1,1737,782
759,1,1737,781
759,1,1737,780
759,1,1737,779
759,1,1737,778
759,1,1737,777
759,1,1738,777
759,1,1738,776
759,1,1738,775
759,1,1738,774
759,1,1738,773
759,1,1738,772
759,1,1738,771
759,1,1738,770
759,1,1739,770
759,1,1739,769
759,1,1739,768
759,1,1739,767
759,1,1740,766
759,1,1740,765
759,1,1740,764
759,1,1741,763
759,1,1741,762
759,1,1742,761
759,1,1742,760
759,1,1743,759
759,1,1744,758
759,1,1744,757
759,1,1745,755
759,1,1746,754
759,1,1747,753
759,1,1748,752
759,1,1749,752
759,1,1749,751
759,1,1750,750
759,1,1752,748
759,1,1754,747
759,1,1754,746
759,1,1755,746
759,1,1756,745
759,1,1757,744
759,1,1757,743
759,1,1758,743
759,1,1758,742
759,1,1758,741
759,1,1759,741
759,1,1759,740
759,1,1760,739
759,1,1760,738
759,1,1761,738
759,1,1760,738
759,1,1761,738
759,1,1761,737
759,1,1762,737
759,1,1763,737
759,1,1764,737
759,1,1764,736
759,1,1765,736
759,1,1766,736
759,1,1765,736
759,1,1766,736
759,1,1766,735
759,1,1767,735
759,1,1768,735
759,1,1768,734
759,1,1769,734
759,1,1769,733
759,1,1770,733
759,1,1771,733
759,1,1772,733
759,1,1773,733
759,1,1774,733
759,1,1774,732
759,1,1775,732
759,1,1776,732
759,1,1777,732
759,1,1778,732
759,1,1778,733
759,1,1778,732
759,1,1779,732
759,1,1780,732
759,1,1781,732
759,1,1780,732
759,1,1780,731
759,1,1780,730
759,1,1780,729
759,1,1780,728
759,1,1781,728
759,1,1781,729
759,1,1782,729
759,1,1781,729
759,1,1782,730
759,1,1782,731
759,1,1783,731
759,1,1784,731
759,1,1785,731
759,1,1785,730
759,1,1785,729
759,1,1784,729
759,1,1785,729
759,1,1785,728
759,1,1785,729
759,1,1785,728
759,1,1786,728
759,1,1786,727
759,1,1786,726
759,1,1786,725
759,1,1787,725
759,1,1787,724
759,1,1787,723
759,1,1787,722
759,1,1788,722
759,1,1788,723
759,1,1787,723
759,1,1788,723
759,1,1789,722
759,1,1790,722
759,1,1790,721
759,1,1790,720
759,1,1789,720
759,1,1789,719
759,1,1790,719
759,1,1791,719
759,1,1791,718
759,1,1791,717
759,1,1790,717
759,1,1790,716
759,1,1791,716
759,1,1792,717
759,1,1792,716
759,1,1792,715
759,1,1790,715
759,1,1789,715
759,1,1788,715
759,1,1787,714
759,1,1787,715
759,1,1788,715
759,1,1788,716
759,1,1789,716
759,1,1789,717
759,1,1790,717
759,1,1789,718
759,1,1789,717
759,1,1789,718
759,1,1789,717
759,1,1788,717
759,1,1788,718
759,1,1787,718
759,1,1787,717
759,1,1787,718
759,1,1787,719
759,1,1787,718
759,1,1786,718
759,1,1786,719
759,1,1785,718
759,1,1785,717
759,1,1784,716
759,1,1785,716
759,1,1784,716
759,1,1785,715
759,1,1784,715
759,1,1784,714
759,1,1783,714
759,1,1783,713
759,1,1783,714
759,1,1783,715
759,1,1782,715
759,1,1782,716
759,1,1783,716
759,1,1782,717
759,1,1783,717
759,1,1783,718
759,1,1782,718
759,1,1782,717
759,1,1781,717
759,1,1781,718
759,1,1780,718
759,1,1779,718
759,1,1780,719
759,1,1779,719
759,1,1778,719
759,1,1777,719
759,1,1776,719
759,1,1776,720
759,1,1776,721
759,1,1775,721
759,1,1775,722
759,1,1774,722
759,1,1774,723
759,1,1774,722
759,1,1774,723
759,1,1773,723
759,1,1772,723
759,1,1771,723
759,1,1770,723
759,1,1769,723
759,1,1768,723
759,1,1768,722
759,1,1767,722
759,1,1766,722
759,1,1765,721
759,1,1764,721
759,1,1764,720
759,1,1763,720
759,1,1763,719
759,1,1762,718
759,1,1762,717
759,1,1761,717
759,1,1761,716
759,1,1760,716
759,1,1760,715
759,1,1759,715
759,1,1760,715
759,1,1761,715
759,1,1761,716
759,1,1762,716
759,1,1762,717
759,1,1763,718
759,1,1764,718
759,1,1765,718
759,1,1765,719
759,1,1766,719
759,1,1765,719
759,1,1766,719
759,1,1767,719
759,1,1767,720
759,1,1768,720
759,1,1769,720
759,1,1769,721
759,1,1770,721
759,1,1771,721
759,1,1772,721
759,1,1772,720
759,1,1773,720
759,1,1773,719
759,1,1774,719
759,1,1774,718
759,1,1775,718
759,1,1775,717
759,1,1776,717
759,1,1776,716
759,1,1777,715
759,1,1778,715
759,1,1778,714
759,1,1778,713
759,1,1779,713
759,1,1779,712
759,1,1779,711
759,1,1779,710
759,1,1779,711
759,1,1779,710
759,1,1778,710
759,1,1777,710
759,1,1778,710
759,1,1777,711
759,1,1776,710
759,1,1776,711
759,1,1776,710
759,1,1775,710
759,1,1776,710
759,1,1776,709
759,1,1776,710
759,1,1776,709
759,1,1777,709
759,1,1776,709
759,1,1777,709
759,1,1777,708
759,1,1778,709
759,1,1779,709
759,1,1779,708
759,1,1779,709
759,1,1780,708
759,1,1779,708
759,1,1779,707
759,1,1778,707
759,1,1779,707
759,1,1780,707
759,1,1780,706
759,1,1781,705
759,1,1780,705
759,1,1780,704
759,1,1781,704
759,1,1781,705
759,1,1781,704
759,1,1780,704
759,1,1781,704
759,1,1780,704
759,1,1780,703
759,1,1779,703
759,1,1780,703
759,1,1780,702
759,1,1778,702
759,1,1777,702
759,1,1776,702
759,1,1775,702
759,1,1775,703
759,1,1775,702
759,1,1774,702
759,1,1773,702
759,1,1772,702
759,1,1771,702
759,1,1770,701
759,1,1769,701
759,1,1768,701
759,1,1767,701
759,1,1766,701
759,1,1765,700
759,1,1764,700
759,1,1763,700
759,1,1762,700
759,1,1762,699
759,1,1761,700
759,1,1760,700
759,1,1760,699
759,1,1759,699
759,1,1758,699
759,1,1758,698
759,1,1757,698
759,1,1758,698
759,1,1757,697
759,1,1756,697
759,1,1756,696
759,1,1757,696
759,1,1757,697
759,1,1758,697
759,1,1758,698
759,1,1759,698
759,1,1760,698
759,1,1761,698
759,1,1762,699
759,1,1763,699
759,1,1764,699
759,1,1765,699
759,1,1766,698
759,1,1766,699
759,1,1767,699
759,1,1768,699
759,1,1768,700
759,1,1769,699
759,1,1770,699
759,1,1771,699
759,1,1772,699
759,1,1772,698
759,1,1772,699
759,1,1773,699
759,1,1774,699
759,1,1774,700
759,1,1775,700
759,1,1776,700
759,1,1776,699
759,1,1775,699
759,1,1775,698
759,1,1774,698
759,1,1774,697
759,1,1774,696
759,1,1774,695
759,1,1773,695
759,1,1772,694
759,1,1772,693
759,1,1773,693
759,1,1774,692
759,1,1775,693
759,1,1775,692
759,1,1776,693
759,1,1776,692
759,1,1777,692
759,1,1778,692
759,1,1778,691
759,1,1779,691
759,1,1778,691
759,1,1778,692
759,1,1778,693
759,1,1777,693
759,1,1777,694
759,1,1776,693
759,1,1776,694
759,1,1775,694
759,1,1774,694
759,1,1775,694
759,1,1775,695
759,1,1776,696
759,1,1775,697
759,1,1776,697
759,1,1777,697
759,1,1777,698
759,1,1777,699
759,1,1778,699
759,1,1779,699
759,1,1780,700
759,1,1780,699
759,1,1779,699
759,1,1779,698
759,1,1780,698
759,1,1781,698
759,1,1781,697
759,1,1782,696
759,1,1783,697
759,1,1782,697
759,1,1782,698
759,1,1783,698
759,1,1784,698
759,1,1784,699
759,1,1783,699
759,1,1782,699
759,1,1782,700
759,1,1783,700
759,1,1783,699
759,1,1784,700
759,1,1785,700
759,1,1785,699
759,1,1784,699
759,1,1784,698
759,1,1785,698
759,1,1786,698
759,1,1786,699
759,1,1787,699
759,1,1788,699
759,1,1788,698
759,1,1789,698
759,1,1789,699
759,1,1790,699
759,1,1791,699
759,1,1791,698
759,1,1792,698
759,1,1792,699
759,1,1792,698
759,1,1793,698
759,1,1792,698
759,1,1793,697
759,1,1793,698
759,1,1794,697
759,1,1795,696
759,1,1794,696
759,1,1794,695
759,1,1795,695
759,1,1795,694
759,1,1795,693
759,1,1796,693
759,1,1796,694
759,1,1797,693
759,1,1796,693
759,1,1796,692
759,1,1797,692
759,1,1797,691
759,1,1797,690
759,1,1798,690
759,1,1798,689
759,1,1797,689
759,1,1798,689
759,1,1798,688
759,1,1799,687
759,1,1799,686
759,1,1799,687
759,1,1799,686
759,1,1799,685
759,1,1800,685
759,1,1800,684
759,1,1799,684
759,1,1799,683
759,1,1799,682
759,1,1800,682
759,1,1800,683
759,1,1800,684
759,1,1800,683
759,1,1800,684
759,1,1801,684
759,1,1802,684
759,1,1803,684
759,1,1802,685
759,1,1803,684
759,1,1804,684
759,1,1803,683
759,1,1804,683
759,1,1805,683
759,1,1805,682
759,1,1805,681
759,1,1804,681
759,1,1804,680
759,1,1803,680
759,1,1803,679
759,1,1803,678
759,1,1804,678
759,1,1804,679
759,1,1805,679
759,1,1805,678
759,1,1805,677
759,1,1804,677
759,1,1804,676
759,1,1804,675
759,1,1803,675
759,1,1803,674
759,1,1803,673
759,1,1803,672
759,1,1803,671
759,1,1802,671
759,1,1802,670
759,1,1802,669
759,1,1801,669
759,1,1801,668
759,1,1800,668
759,1,1800,667
759,1,1799,667
759,1,1799,666
759,1,1798,666
759,1,1797,666
759,1,1796,666
759,1,1795,666
759,1,1795,667
759,1,1794,667
759,1,1794,668
759,1,1795,668
759,1,1795,669
759,1,1794,669
759,1,1794,670
759,1,1794,671
759,1,1793,671
759,1,1793,672
759,1,1793,673
759,1,1794,673
759,1,1794,674
759,1,1793,675
759,1,1794,676
759,1,1794,677
759,1,1794,678
759,1,1794,679
759,1,1794,680
759,1,1794,681
759,1,1794,682
759,1,1794,683
759,1,1793,683
759,1,1793,682
759,1,1793,681
759,1,1792,681
759,1,1792,680
759,1,1792,681
759,1,1792,680
759,1,1792,679
759,1,1792,678
759,1,1792,677
759,1,1791,676
759,1,1791,675
759,1,1790,674
759,1,1791,674
759,1,1790,674
759,1,1790,673
759,1,1791,673
759,1,1791,672
759,1,1791,671
759,1,1791,670
759,1,1792,670
759,1,1791,670
759,1,1791,669
759,1,1791,668
759,1,1790,668
759,1,1789,667
759,1,1788,667
759,1,1787,667
759,1,1787,668
759,1,1786,668
759,1,1785,668
759,1,1784,668
759,1,1783,669
759,1,1782,669
759,1,1781,670
759,1,1780,671
759,1,1780,672
759,1,1779,672
759,1,1778,672
759,1,1777,672
759,1,1777,671
759,1,1778,671
759,1,1777,671
759,1,1777,670
759,1,1776,670
759,1,1776,671
759,1,1774,671
759,1,1774,672
759,1,1773,672
759,1,1772,673
759,1,1771,673
759,1,1770,673
759,1,1770,674
759,1,1769,674
759,1,1768,674
759,1,1767,674
759,1,1767,675
759,1,1766,674
759,1,1765,674
759,1,1765,675
759,1,1764,675
759,1,1764,674
759,1,1765,673
759,1,1766,672
759,1,1766,671
759,1,1765,671
759,1,1764,670
759,1,1764,669
759,1,1763,669
759,1,1763,668
759,1,1763,667
759,1,1762,666
759,1,1762,665
759,1,1761,665
759,1,1761,664
759,1,1761,663
759,1,1761,662
759,1,1761,661
759,1,1762,661
759,1,1762,660
759,1,1762,659
759,1,1762,658
759,1,1763,658
759,1,1763,659
759,1,1763,660
759,1,1763,661
759,1,1762,661
759,1,1762,662
759,1,1762,663
759,1,1762,664
759,1,1763,664
759,1,1763,665
759,1,1763,666
759,1,1764,666
759,1,1764,667
759,1,1764,668
759,1,1765,668
759,1,1764,668
759,1,1765,668
759,1,1765,669
759,1,1766,669
759,1,1766,670
759,1,1767,669
759,1,1768,668
759,1,1768,669
759,1,1769,670
759,1,1770,670
759,1,1771,670
759,1,1772,670
759,1,1773,669
759,1,1774,669
759,1,1774,668
759,1,1774,667
759,1,1775,667
759,1,1775,666
759,1,1776,665
759,1,1777,665
759,1,1778,665
759,1,1778,664
759,1,1779,664
759,1,1778,664
759,1,1777,664
759,1,1777,663
759,1,1776,663
759,1,1775,663
759,1,1775,662
759,1,1774,662
759,1,1773,662
759,1,1773,661
759,1,1772,661
759,1,1773,661
759,1,1774,661
759,1,1775,661
759,1,1775,662
759,1,1776,662
759,1,1776,663
759,1,1776,662
759,1,1777,662
759,1,1778,662
759,1,1778,663
759,1,1779,663
759,1,1780,663
759,1,1781,663
759,1,1782,663
759,1,1783,663
759,1,1782,662
759,1,1781,662
759,1,1781,661
759,1,1780,661
759,1,1780,660
759,1,1779,660
759,1,1779,659
759,1,1780,659
759,1,1780,660
759,1,1781,660
759,1,1782,661
759,1,1783,661
759,1,1783,662
759,1,1784,662
759,1,1784,661
759,1,1785,661
759,1,1786,661
759,1,1786,660
759,1,1787,660
759,1,1788,660
759,1,1787,659
759,1,1787,658
759,1,1786,658
759,1,1786,657
759,1,1785,657
759,1,1784,656
759,1,1784,655
759,1,1783,655
759,1,1782,655
759,1,1781,654
759,1,1780,654
759,1,1781,654
759,1,1781,653
759,1,1782,653
759,1,1782,654
759,1,1783,654
759,1,1783,653
759,1,1784,653
759,1,1784,654
759,1,1785,654
759,1,1785,655
759,1,1786,655
759,1,1787,655
759,1,1787,656
759,1,1788,656
759,1,1788,657
759,1,1789,657
759,1,1789,658
759,1,1791,658
759,1,1792,658
759,1,1793,658
759,1,1793,657
759,1,1792,657
759,1,1791,656
759,1,1791,655
759,1,1790,654
759,1,1790,653
759,1,1790,654
759,1,1791,653
759,1,1792,654
759,1,1792,655
759,1,1793,655
759,1,1793,656
759,1,1794,656
759,1,1794,657
759,1,1795,657
759,1,1795,658
759,1,1795,659
759,1,1796,660
759,1,1797,660
759,1,1798,661
759,1,1798,660
759,1,1798,659
759,1,1797,659
759,1,1797,658
759,1,1796,658
759,1,1796,657
759,1,1796,656
759,1,1795,656
759,1,1795,655
759,1,1796,656
759,1,1796,655
759,1,1795,655
759,1,1794,654
759,1,1794,653
759,1,1794,652
759,1,1793,652
759,1,1793,651
759,1,1792,651
759,1,1792,650
759,1,1791,650
759,1,1791,649
759,1,1791,648
759,1,1790,648
759,1,1791,648
759,1,1791,647
759,1,1790,647
759,1,1790,646
759,1,1790,645
759,1,1789,645
759,1,1790,646
759,1,1789,646
759,1,1789,647
759,1,1788,646
759,1,1788,645
759,1,1787,645
759,1,1786,645
759,1,1785,644
759,1,1785,643
759,1,1785,642
759,1,1785,641
759,1,1786,641
759,1,1787,641
759,1,1787,642
759,1,1787,643
759,1,1788,642
759,1,1788,643
759,1,1789,642
759,1,1789,643
759,1,1790,642
759,1,1790,643
759,1,1791,643
759,1,1791,644
759,1,1791,645
759,1,1792,644
759,1,1792,645
759,1,1793,645
759,1,1793,646
759,1,1793,647
759,1,1794,647
759,1,1794,648
759,1,1794,649
759,1,1795,649
759,1,1794,649
759,1,1794,650
759,1,1794,651
759,1,1795,651
759,1,1796,651
759,1,1796,652
759,1,1796,653
759,1,1797,654
759,1,1798,654
759,1,1798,655
759,1,1799,656
759,1,1799,657
759,1,1799,658
759,1,1800,658
759,1,1799,658
759,1,1800,659
759,1,1800,660
759,1,1800,661
759,1,1801,662
759,1,1802,662
759,1,1802,663
759,1,1801,663
759,1,1801,664
759,1,1802,664
759,1,1803,664
759,1,1804,664
759,1,1804,665
759,1,1805,665
759,1,1806,665
759,1,1806,666
759,1,1807,666
759,1,1807,667
759,1,1807,668
759,1,1807,669
759,1,1808,669
759,1,1808,670
759,1,1809,670
759,1,1809,671
759,1,1809,672
759,1,1810,672
759,1,1811,672
759,1,1810,672
759,1,1810,671
759,1,1809,670
759,1,1809,669
759,1,1807,666
759,1,1806,665
759,1,1805,663
759,1,1804,663
759,1,1804,662
759,1,1803,662
759,1,1803,661
759,1,1802,660
759,1,1801,659
759,1,1801,658
759,1,1800,658
759,1,1800,657
759,1,1798,654
759,1,1798,653
759,1,1797,653
759,1,1796,651
759,1,1796,650
759,1,1795,648
759,1,1794,648
759,1,1793,645
759,1,1792,641
759,1,1791,641
759,1,1791,639
759,1,1790,639
759,1,1789,639
759,1,1788,640
759,1,1787,640
759,1,1786,640
759,1,1785,640
759,1,1784,640
759,1,1781,641
759,1,1780,641
759,1,1779,642
759,1,1778,642
759,1,1777,642
759,1,1774,643
759,1,1772,643
759,1,1768,644
759,1,1767,644
759,1,1766,644
759,1,1765,644
759,1,1765,645
759,1,1764,645
759,1,1763,645
759,1,1762,645
759,1,1761,645
759,1,1759,646
759,1,1758,646
759,1,1757,646
759,1,1756,646
759,1,1754,647
759,1,1751,647
759,1,1752,648
759,1,1751,648
759,1,1748,648
759,1,1746,649
759,1,1745,649
759,1,1744,649
759,1,1743,649
759,1,1742,649
759,1,1741,650
759,1,1740,650
759,1,1739,650
759,1,1737,650
759,1,1734,651
759,1,1732,652
759,1,1731,652
759,1,1730,652
759,1,1727,652
759,1,1726,653
759,1,1724,653
759,1,1722,653
759,1,1721,654
759,1,1720,654
759,1,1719,654
759,1,1718,654
759,1,1717,654
759,1,1716,655
759,1,1715,655
759,1,1714,655
759,1,1713,655
759,1,1710,656
759,1,1709,656
759,1,1707,656
759,1,1706,657
759,1,1704,657
759,1,1703,657
759,1,1702,657
759,1,1701,657
759,1,1701,658
759,1,1699,658
759,1,1697,658
759,1,1695,659
759,1,1694,659
759,1,1693,659
759,1,1692,659
759,1,1691,660
759,1,1689,660
759,1,1688,660
759,1,1687,660
759,1,1686,660
759,1,1685,661
759,1,1683,661
759,1,1682,661
759,1,1681,661
759,1,1679,662
759,1,1678,662
759,1,1677,662
759,1,1676,662
759,1,1675,662
759,1,1674,662
759,1,1674,663
759,1,1669,663
759,1,1669,664
759,1,1668,664
759,1,1666,664
759,1,1665,664
759,1,1664,664
759,1,1663,665
759,1,1660,665
759,1,1659,665
759,1,1658,665
759,1,1657,666
759,1,1656,666
759,1,1655,666
759,1,1654,666
759,1,1651,667
759,1,1650,667
759,1,1648,667
759,1,1647,667
759,1,1646,667
759,1,1646,668
759,1,1644,668
759,1,1643,668
759,1,1642,668
759,1,1641,668
759,1,1640,669
759,1,1639,669
759,1,1638,669
759,1,1637,669
759,1,1636,669
759,1,1635,669
759,1,1634,670
759,1,1632,670
759,1,1631,670
759,1,1630,670
759,1,1629,670
759,1,1627,671
759,1,1625,671
759,1,1623,671
759,1,1621,671
759,1,1620,672
759,1,1619,672
759,1,1618,672
759,1,1616,672
759,1,1615,672
759,1,1614,672
759,1,1613,672
759,1,1612,672
759,1,1611,673
759,1,1610,673
759,1,1609,673
759,1,1608,673
759,1,1606,673
759,1,1605,673
759,1,1605,674
759,1,1604,674
759,1,1602,674
759,1,1600,674
759,1,1599,674
759,1,1598,674
759,1,1597,674
759,1,1596,675
759,1,1595,675
759,1,1594,675
759,1,1593,675
759,1,1592,675
759,1,1591,675
759,1,1590,675
759,1,1588,675
759,1,1588,676
759,1,1586,676
759,1,1584,676
759,1,1581,676
759,1,1580,676
759,1,1580,677
759,1,1579,677
759,1,1578,677
759,1,1575,677
759,1,1574,677
759,1,1573,677
759,1,1572,677
761,1,1779,585
761,1,1780,585
761,1,1780,584
761,1,1779,584
761,1,1779,585
762,1,1779,586
762,1,1780,586
762,1,1780,585
762,1,1779,585
762,1,1779,586
765,1,1781,614
765,1,1781,615
765,1,1782,615
765,1,1782,614
765,1,1781,614
766,1,1773,580
766,1,1773,581
766,1,1773,580
766,1,1774,580
766,1,1774,579
766,1,1773,579
766,1,1773,580
767,1,1772,578
767,1,1773,578
767,1,1772,578
768,1,1784,570
768,1,1784,571
768,1,1785,571
768,1,1785,572
768,1,1784,572
768,1,1783,572
768,1,1783,573
768,1,1782,573
768,1,1782,572
768,1,1782,573
768,1,1782,574
768,1,1781,574
768,1,1782,574
768,1,1781,574
768,1,1781,575
768,1,1781,574
768,1,1782,574
768,1,1782,575
768,1,1782,574
768,1,1783,574
768,1,1784,574
768,1,1783,574
768,1,1784,575
768,1,1784,574
768,1,1784,575
768,1,1784,576
768,1,1785,576
768,1,1784,577
768,1,1785,577
768,1,1784,577
768,1,1784,576
768,1,1784,577
768,1,1783,577
768,1,1784,577
768,1,1783,577
768,1,1784,577
768,1,1784,578
768,1,1783,578
768,1,1783,579
768,1,1784,579
768,1,1783,579
768,1,1783,580
768,1,1782,580
768,1,1782,579
768,1,1781,579
768,1,1781,580
768,1,1780,580
768,1,1780,581
768,1,1780,580
768,1,1781,580
768,1,1781,581
768,1,1781,582
768,1,1780,582
768,1,1780,583
768,1,1781,583
768,1,1781,584
768,1,1781,583
768,1,1781,584
768,1,1780,584
768,1,1780,585
768,1,1780,586
768,1,1779,586
768,1,1779,587
768,1,1779,588
768,1,1779,589
768,1,1780,589
768,1,1779,589
768,1,1779,590
768,1,1779,589
768,1,1778,589
768,1,1778,590
768,1,1778,591
768,1,1778,592
768,1,1778,593
768,1,1778,594
768,1,1778,595
768,1,1778,596
768,1,1778,597
768,1,1778,598
768,1,1778,599
768,1,1778,600
768,1,1778,601
768,1,1778,602
768,1,1778,603
768,1,1777,603
768,1,1777,604
768,1,1777,605
768,1,1778,605
768,1,1778,606
768,1,1778,607
768,1,1778,608
768,1,1779,608
768,1,1778,608
768,1,1779,609
768,1,1779,610
768,1,1780,611
768,1,1781,611
768,1,1781,612
768,1,1781,613
768,1,1782,613
768,1,1782,612
768,1,1783,612
768,1,1783,613
768,1,1784,613
768,1,1784,611
768,1,1785,610
768,1,1786,609
768,1,1785,609
768,1,1786,608
768,1,1785,608
768,1,1786,607
768,1,1786,606
768,1,1785,606
768,1,1786,606
768,1,1786,605
768,1,1786,604
768,1,1786,603
768,1,1787,603
768,1,1787,602
768,1,1787,601
768,1,1788,601
768,1,1788,600
768,1,1788,599
768,1,1788,598
768,1,1788,597
768,1,1789,596
768,1,1789,595
768,1,1789,594
768,1,1789,595
768,1,1788,595
768,1,1788,594
768,1,1788,593
768,1,1789,593
768,1,1789,592
768,1,1790,590
768,1,1790,589
768,1,1790,588
768,1,1789,588
768,1,1789,587
768,1,1789,586
768,1,1790,586
768,1,1790,585
768,1,1790,584
768,1,1789,584
768,1,1789,583
768,1,1790,583
768,1,1790,582
768,1,1790,581
768,1,1790,580
768,1,1790,579
768,1,1791,578
768,1,1791,577
768,1,1791,576
768,1,1792,576
768,1,1792,574
768,1,1793,574
768,1,1793,573
768,1,1794,572
768,1,1795,572
768,1,1796,572
768,1,1796,573
768,1,1795,573
768,1,1795,574
768,1,1796,573
768,1,1796,572
768,1,1797,571
768,1,1797,570
768,1,1797,569
768,1,1797,568
768,1,1798,567
768,1,1798,565
768,1,1799,564
768,1,1798,564
768,1,1798,565
768,1,1797,565
768,1,1796,565
768,1,1794,566
768,1,1793,566
768,1,1792,567
768,1,1791,567
768,1,1790,567
768,1,1788,568
768,1,1786,569
768,1,1785,569
768,1,1785,570
768,1,1784,570
769,1,1770,574
769,1,1770,575
769,1,1770,574
769,1,1771,574
769,1,1771,575
769,1,1771,576
769,1,1771,575
769,1,1771,574
769,1,1772,574
769,1,1771,574
769,1,1770,574
773,1,1554,634
773,1,1552,637
773,1,1551,637
773,1,1550,639
773,1,1549,640
773,1,1549,641
773,1,1547,642
773,1,1547,643
773,1,1546,643
773,1,1545,644
773,1,1545,645
773,1,1544,646
773,1,1543,647
773,1,1543,648
773,1,1542,648
773,1,1542,649
773,1,1541,649
773,1,1540,649
773,1,1540,650
773,1,1539,650
773,1,1538,650
773,1,1538,651
773,1,1537,651
773,1,1536,652
773,1,1535,652
773,1,1535,653
773,1,1534,653
773,1,1534,654
773,1,1533,654
773,1,1533,655
773,1,1532,655
773,1,1532,656
773,1,1531,656
773,1,1531,657
773,1,1530,657
773,1,1529,657
773,1,1529,658
773,1,1529,659
773,1,1530,659
773,1,1530,660
773,1,1529,660
773,1,1530,661
773,1,1529,661
773,1,1529,662
773,1,1528,662
773,1,1528,663
773,1,1527,663
773,1,1526,664
773,1,1526,665
773,1,1525,665
773,1,1525,666
773,1,1525,667
773,1,1525,668
773,1,1525,669
773,1,1525,670
773,1,1524,670
773,1,1523,670
773,1,1523,671
773,1,1522,671
773,1,1521,671
773,1,1520,672
773,1,1519,672
773,1,1518,672
773,1,1518,673
773,1,1517,673
773,1,1517,674
773,1,1517,675
773,1,1516,675
773,1,1516,676
773,1,1516,677
773,1,1516,678
773,1,1515,678
773,1,1514,678
773,1,1513,679
773,1,1512,679
773,1,1511,680
773,1,1510,680
773,1,1509,680
773,1,1508,681
773,1,1507,682
773,1,1506,683
773,1,1505,683
773,1,1504,683
773,1,1503,683
773,1,1502,683
773,1,1502,684
773,1,1501,684
773,1,1500,684
773,1,1500,685
773,1,1499,685
773,1,1499,686
773,1,1498,686
773,1,1497,686
773,1,1497,687
773,1,1498,687
773,1,1499,687
773,1,1500,687
773,1,1501,687
773,1,1504,687
773,1,1504,686
773,1,1505,686
773,1,1507,686
773,1,1508,686
773,1,1509,686
773,1,1510,686
773,1,1511,685
773,1,1512,685
773,1,1512,686
773,1,1513,686
773,1,1514,685
773,1,1515,685
773,1,1516,685
773,1,1518,685
773,1,1521,684
773,1,1523,684
773,1,1524,684
773,1,1525,684
773,1,1526,684
773,1,1529,683
773,1,1530,683
773,1,1532,683
773,1,1533,683
773,1,1534,683
773,1,1535,682
773,1,1536,682
773,1,1537,682
773,1,1538,682
773,1,1539,682
773,1,1540,682
773,1,1541,681
773,1,1542,681
773,1,1543,681
773,1,1544,681
773,1,1545,681
773,1,1548,680
773,1,1549,680
773,1,1550,680
773,1,1551,680
773,1,1552,680
773,1,1553,680
773,1,1554,680
773,1,1555,680
773,1,1555,679
773,1,1556,679
773,1,1557,679
773,1,1558,679
773,1,1559,679
773,1,1562,678
773,1,1563,677
773,1,1564,677
773,1,1565,677
773,1,1566,677
773,1,1568,677
773,1,1569,677
773,1,1570,676
773,1,1572,676
773,1,1573,676
773,1,1572,677
773,1,1573,677
773,1,1574,677
773,1,1575,677
773,1,1578,677
773,1,1579,677
773,1,1580,677
773,1,1580,676
773,1,1581,676
773,1,1584,676
773,1,1586,676
773,1,1588,676
773,1,1588,675
773,1,1590,675
773,1,1591,675
773,1,1592,675
773,1,1593,675
773,1,1594,675
773,1,1595,675
773,1,1596,675
773,1,1597,674
773,1,1598,674
773,1,1599,674
773,1,1600,674
773,1,1602,674
773,1,1604,674
773,1,1605,674
773,1,1605,673
773,1,1606,673
773,1,1608,673
773,1,1609,673
773,1,1610,673
773,1,1611,673
773,1,1612,672
773,1,1613,672
773,1,1614,672
773,1,1615,672
773,1,1616,672
773,1,1618,672
773,1,1619,672
773,1,1620,672
773,1,1621,671
773,1,1623,671
773,1,1625,671
773,1,1627,671
773,1,1629,670
773,1,1630,670
773,1,1631,670
773,1,1632,670
773,1,1634,670
773,1,1635,669
773,1,1636,669
773,1,1637,669
773,1,1638,669
773,1,1639,669
773,1,1640,669
773,1,1641,668
773,1,1642,668
773,1,1643,668
773,1,1644,668
773,1,1646,668
773,1,1646,667
773,1,1647,667
773,1,1648,667
773,1,1650,667
773,1,1651,667
773,1,1654,666
773,1,1655,666
773,1,1656,666
773,1,1657,666
773,1,1658,665
773,1,1659,665
773,1,1660,665
773,1,1663,665
773,1,1664,664
773,1,1665,664
773,1,1666,664
773,1,1668,664
773,1,1669,664
773,1,1669,663
773,1,1674,663
773,1,1674,662
773,1,1675,662
773,1,1676,662
773,1,1677,662
773,1,1678,662
773,1,1679,662
773,1,1681,661
773,1,1682,661
773,1,1683,661
773,1,1685,661
773,1,1686,660
773,1,1687,660
773,1,1688,660
773,1,1689,660
773,1,1691,660
773,1,1692,659
773,1,1693,659
773,1,1694,659
773,1,1695,659
773,1,1697,658
773,1,1699,658
773,1,1701,658
773,1,1701,657
773,1,1702,657
773,1,1703,657
773,1,1704,657
773,1,1706,657
773,1,1707,656
773,1,1709,656
773,1,1710,656
773,1,1713,655
773,1,1714,655
773,1,1715,655
773,1,1716,655
773,1,1717,654
773,1,1718,654
773,1,1719,654
773,1,1720,654
773,1,1721,654
773,1,1722,653
773,1,1724,653
773,1,1726,653
773,1,1727,652
773,1,1730,652
773,1,1731,652
773,1,1732,652
773,1,1734,651
773,1,1737,650
773,1,1739,650
773,1,1740,650
773,1,1741,650
773,1,1742,649
773,1,1743,649
773,1,1744,649
773,1,1745,649
773,1,1746,649
773,1,1748,648
773,1,1751,648
773,1,1752,648
773,1,1751,647
773,1,1754,647
773,1,1756,646
773,1,1757,646
773,1,1758,646
773,1,1759,646
773,1,1761,645
773,1,1762,645
773,1,1763,645
773,1,1764,645
773,1,1765,645
773,1,1765,644
773,1,1766,644
773,1,1767,644
773,1,1768,644
773,1,1772,643
773,1,1774,643
773,1,1777,642
773,1,1778,642
773,1,1779,642
773,1,1780,641
773,1,1781,641
773,1,1784,640
773,1,1785,640
773,1,1786,640
773,1,1787,640
773,1,1788,640
773,1,1789,639
773,1,1790,639
773,1,1791,639
773,1,1790,638
773,1,1789,635
773,1,1788,634
773,1,1787,633
773,1,1786,631
773,1,1786,630
773,1,1785,630
773,1,1785,629
773,1,1785,628
773,1,1784,627
773,1,1784,626
773,1,1783,625
773,1,1783,624
773,1,1783,623
773,1,1782,623
773,1,1782,622
773,1,1781,622
773,1,1780,622
773,1,1780,623
773,1,1779,624
773,1,1778,624
773,1,1777,624
773,1,1776,624
773,1,1775,624
773,1,1774,624
773,1,1773,623
773,1,1772,623
773,1,1771,623
773,1,1770,623
773,1,1770,624
773,1,1770,623
773,1,1769,623
773,1,1770,624
773,1,1770,625
773,1,1770,626
773,1,1771,626
773,1,1772,626
773,1,1771,626
773,1,1771,627
773,1,1770,627
773,1,1771,628
773,1,1771,629
773,1,1771,628
773,1,1770,628
773,1,1770,629
773,1,1769,629
773,1,1770,629
773,1,1769,630
773,1,1769,629
773,1,1769,628
773,1,1770,628
773,1,1769,627
773,1,1770,627
773,1,1769,627
773,1,1769,625
773,1,1768,625
773,1,1768,626
773,1,1768,627
773,1,1767,627
773,1,1766,627
773,1,1765,628
773,1,1764,628
773,1,1764,627
773,1,1764,626
773,1,1764,627
773,1,1764,626
773,1,1763,626
773,1,1764,626
773,1,1764,625
773,1,1763,625
773,1,1763,624
773,1,1762,624
773,1,1761,624
773,1,1761,623
773,1,1760,623
773,1,1760,624
773,1,1759,623
773,1,1760,623
773,1,1760,622
773,1,1759,622
773,1,1758,622
773,1,1757,622
773,1,1756,622
773,1,1756,621
773,1,1756,619
773,1,1755,618
773,1,1755,617
773,1,1755,616
773,1,1755,615
773,1,1754,615
773,1,1754,616
773,1,1753,616
773,1,1753,617
773,1,1753,618
773,1,1752,618
773,1,1752,617
773,1,1751,617
773,1,1750,617
773,1,1750,616
773,1,1749,616
773,1,1749,615
773,1,1749,616
773,1,1748,616
773,1,1747,616
773,1,1746,616
773,1,1745,616
773,1,1744,616
773,1,1744,615
773,1,1745,615
773,1,1745,614
773,1,1746,614
773,1,1746,613
773,1,1747,613
773,1,1747,614
773,1,1746,614
773,1,1747,614
773,1,1748,614
773,1,1749,614
773,1,1750,614
773,1,1750,615
773,1,1751,615
773,1,1751,616
773,1,1752,616
773,1,1752,615
773,1,1751,615
773,1,1752,615
773,1,1752,614
773,1,1753,614
773,1,1754,614
773,1,1755,614
773,1,1756,614
773,1,1756,615
773,1,1757,615
773,1,1757,616
773,1,1757,617
773,1,1757,618
773,1,1758,618
773,1,1758,619
773,1,1759,619
773,1,1760,620
773,1,1760,619
773,1,1759,619
773,1,1759,618
773,1,1760,618
773,1,1760,619
773,1,1761,619
773,1,1761,620
773,1,1762,620
773,1,1762,621
773,1,1763,621
773,1,1764,621
773,1,1764,622
773,1,1765,622
773,1,1764,622
773,1,1764,623
773,1,1765,623
773,1,1765,624
773,1,1766,624
773,1,1766,623
773,1,1767,623
773,1,1767,622
773,1,1768,622
773,1,1768,621
773,1,1769,621
773,1,1770,621
773,1,1770,620
773,1,1770,619
773,1,1770,618
773,1,1770,617
773,1,1770,616
773,1,1769,616
773,1,1769,615
773,1,1768,615
773,1,1767,615
773,1,1767,614
773,1,1766,614
773,1,1766,615
773,1,1765,615
773,1,1765,614
773,1,1765,615
773,1,1764,615
773,1,1764,614
773,1,1765,614
773,1,1765,613
773,1,1764,612
773,1,1765,611
773,1,1764,611
773,1,1764,612
773,1,1763,612
773,1,1762,612
773,1,1761,612
773,1,1760,612
773,1,1760,611
773,1,1761,611
773,1,1762,611
773,1,1762,610
773,1,1763,610
773,1,1764,610
773,1,1764,609
773,1,1764,610
773,1,1764,609
773,1,1765,609
773,1,1764,609
773,1,1764,608
773,1,1763,608
773,1,1764,608
773,1,1764,607
773,1,1763,607
773,1,1763,608
773,1,1762,608
773,1,1762,607
773,1,1763,607
773,1,1762,607
773,1,1763,607
773,1,1763,606
773,1,1763,607
773,1,1763,606
773,1,1762,606
773,1,1761,605
773,1,1761,606
773,1,1761,605
773,1,1760,605
773,1,1760,604
773,1,1761,604
773,1,1762,604
773,1,1762,605
773,1,1762,604
773,1,1762,603
773,1,1762,602
773,1,1762,603
773,1,1763,603
773,1,1763,604
773,1,1764,604
773,1,1765,604
773,1,1765,605
773,1,1766,605
773,1,1766,606
773,1,1767,606
773,1,1768,606
773,1,1768,605
773,1,1768,604
773,1,1768,603
773,1,1768,602
773,1,1768,601
773,1,1767,600
773,1,1767,599
773,1,1766,599
773,1,1766,598
773,1,1765,598
773,1,1766,598
773,1,1766,597
773,1,1765,597
773,1,1765,598
773,1,1764,599
773,1,1764,598
773,1,1763,598
773,1,1763,597
773,1,1762,597
773,1,1762,596
773,1,1763,596
773,1,1764,596
773,1,1764,597
773,1,1764,596
773,1,1764,595
773,1,1765,595
773,1,1764,595
773,1,1763,595
773,1,1762,595
773,1,1761,595
773,1,1760,595
773,1,1759,595
773,1,1760,594
773,1,1759,594
773,1,1759,593
773,1,1758,594
773,1,1757,594
773,1,1756,594
773,1,1755,594
773,1,1754,594
773,1,1754,593
773,1,1753,593
773,1,1753,592
773,1,1753,591
773,1,1752,591
773,1,1752,590
773,1,1752,589
773,1,1751,589
773,1,1751,588
773,1,1750,588
773,1,1749,589
773,1,1749,588
773,1,1748,588
773,1,1748,587
773,1,1747,587
773,1,1746,587
773,1,1746,586
773,1,1745,586
773,1,1745,585
773,1,1744,585
773,1,1744,584
773,1,1743,584
773,1,1743,583
773,1,1742,583
773,1,1742,582
773,1,1741,582
773,1,1740,582
773,1,1740,581
773,1,1739,581
773,1,1739,580
773,1,1738,580
773,1,1737,580
773,1,1737,579
773,1,1737,578
773,1,1737,577
773,1,1737,578
773,1,1737,577
773,1,1737,576
773,1,1736,576
773,1,1736,575
773,1,1737,575
773,1,1737,576
773,1,1737,577
773,1,1738,577
773,1,1738,578
773,1,1738,579
773,1,1739,579
773,1,1740,579
773,1,1740,580
773,1,1740,579
773,1,1740,580
773,1,1741,580
773,1,1740,580
773,1,1740,581
773,1,1741,581
773,1,1742,581
773,1,1742,582
773,1,1743,581
773,1,1743,582
773,1,1744,582
773,1,1744,583
773,1,1745,583
773,1,1745,584
773,1,1746,584
773,1,1746,585
773,1,1747,585
773,1,1748,585
773,1,1748,586
773,1,1749,586
773,1,1750,586
773,1,1750,587
773,1,1751,587
773,1,1752,587
773,1,1752,588
773,1,1753,588
773,1,1753,589
773,1,1754,589
773,1,1754,590
773,1,1755,591
773,1,1755,592
773,1,1756,592
773,1,1756,593
773,1,1756,592
773,1,1756,591
773,1,1757,591
773,1,1756,590
773,1,1757,590
773,1,1758,590
773,1,1758,591
773,1,1757,591
773,1,1758,591
773,1,1758,592
773,1,1759,592
773,1,1760,592
773,1,1761,592
773,1,1761,593
773,1,1762,593
773,1,1762,592
773,1,1763,592
773,1,1764,592
773,1,1765,592
773,1,1764,592
773,1,1764,591
773,1,1763,591
773,1,1763,592
773,1,1763,591
773,1,1762,591
773,1,1762,590
773,1,1762,589
773,1,1763,589
773,1,1763,588
773,1,1763,587
773,1,1762,587
773,1,1762,588
773,1,1762,587
773,1,1763,587
773,1,1762,586
773,1,1762,585
773,1,1762,584
773,1,1763,584
773,1,1762,584
773,1,1762,583
773,1,1762,582
773,1,1763,582
773,1,1763,583
773,1,1763,582
773,1,1764,582
773,1,1764,581
773,1,1763,581
773,1,1764,581
773,1,1764,580
773,1,1763,580
773,1,1764,579
773,1,1763,579
773,1,1763,578
773,1,1762,578
773,1,1761,578
773,1,1760,577
773,1,1759,577
773,1,1758,577
773,1,1757,577
773,1,1756,576
773,1,1755,576
773,1,1754,576
773,1,1754,575
773,1,1753,575
773,1,1754,575
773,1,1753,575
773,1,1752,574
773,1,1752,575
773,1,1751,575
773,1,1750,575
773,1,1751,575
773,1,1751,574
773,1,1752,574
773,1,1751,573
773,1,1751,572
773,1,1750,572
773,1,1749,572
773,1,1749,571
773,1,1748,571
773,1,1748,570
773,1,1747,570
773,1,1747,569
773,1,1746,569
773,1,1746,570
773,1,1747,570
773,1,1747,571
773,1,1746,571
773,1,1746,570
773,1,1745,570
773,1,1744,570
773,1,1744,569
773,1,1744,570
773,1,1744,571
773,1,1743,571
773,1,1743,570
773,1,1742,570
773,1,1741,570
773,1,1740,570
773,1,1739,570
773,1,1738,570
773,1,1737,570
773,1,1736,570
773,1,1736,569
773,1,1735,569
773,1,1734,569
773,1,1733,568
773,1,1734,568
773,1,1733,567
773,1,1733,566
773,1,1732,566
773,1,1731,566
773,1,1731,565
773,1,1730,565
773,1,1729,565
773,1,1729,564
773,1,1730,564
773,1,1730,565
773,1,1730,564
773,1,1731,564
773,1,1731,563
773,1,1730,562
773,1,1730,561
773,1,1729,561
773,1,1728,562
773,1,1728,563
773,1,1727,563
773,1,1726,563
773,1,1725,564
773,1,1725,565
773,1,1724,565
773,1,1723,565
773,1,1722,565
773,1,1722,566
773,1,1721,566
773,1,1721,565
773,1,1720,564
773,1,1719,564
773,1,1719,563
773,1,1719,562
773,1,1719,561
773,1,1718,561
773,1,1718,560
773,1,1718,559
773,1,1718,558
773,1,1719,558
773,1,1719,557
773,1,1719,556
773,1,1719,555
773,1,1720,555
773,1,1719,554
773,1,1720,553
773,1,1719,553
773,1,1720,552
773,1,1719,552
773,1,1720,552
773,1,1719,552
773,1,1719,551
773,1,1720,551
773,1,1720,550
773,1,1721,550
773,1,1721,551
773,1,1720,551
773,1,1721,551
773,1,1721,552
773,1,1721,551
773,1,1722,551
773,1,1723,551
773,1,1723,550
773,1,1724,550
773,1,1723,550
773,1,1723,549
773,1,1723,548
773,1,1724,547
773,1,1725,547
773,1,1725,546
773,1,1726,546
773,1,1726,545
773,1,1726,544
773,1,1726,543
773,1,1725,542
773,1,1725,541
773,1,1725,540
773,1,1725,539
773,1,1725,538
773,1,1724,538
773,1,1724,539
773,1,1724,538
773,1,1723,537
773,1,1722,537
773,1,1721,536
773,1,1721,535
773,1,1720,535
773,1,1719,535
773,1,1718,535
773,1,1717,535
773,1,1716,535
773,1,1716,534
773,1,1716,533
773,1,1715,532
773,1,1714,532
773,1,1713,532
773,1,1712,532
773,1,1711,532
773,1,1710,532
773,1,1709,532
773,1,1708,532
773,1,1707,532
773,1,1707,531
773,1,1706,531
773,1,1706,530
773,1,1705,530
773,1,1704,529
773,1,1704,528
773,1,1705,528
773,1,1705,527
773,1,1706,527
773,1,1706,526
773,1,1706,525
773,1,1706,524
773,1,1705,524
773,1,1704,524
773,1,1703,523
773,1,1702,523
773,1,1702,522
773,1,1701,522
773,1,1700,522
773,1,1699,522
773,1,1698,522
773,1,1697,522
773,1,1696,522
773,1,1695,522
773,1,1695,523
773,1,1695,524
773,1,1695,525
773,1,1695,526
773,1,1695,527
773,1,1694,527
773,1,1694,528
773,1,1694,529
773,1,1694,530
773,1,1694,531
773,1,1694,532
773,1,1693,532
773,1,1693,531
773,1,1692,531
773,1,1690,530
773,1,1689,529
773,1,1687,528
773,1,1686,527
773,1,1685,527
773,1,1684,526
773,1,1683,526
773,1,1682,525
773,1,1681,525
773,1,1681,524
773,1,1680,524
773,1,1679,524
773,1,1679,523
773,1,1678,523
773,1,1677,522
773,1,1676,522
773,1,1675,521
773,1,1674,521
773,1,1674,520
773,1,1672,519
773,1,1672,520
773,1,1672,521
773,1,1672,522
773,1,1672,523
773,1,1673,523
773,1,1672,524
773,1,1672,525
773,1,1673,525
773,1,1673,526
773,1,1673,527
773,1,1672,527
773,1,1672,528
773,1,1672,529
773,1,1671,529
773,1,1672,529
773,1,1671,530
773,1,1672,530
773,1,1672,531
773,1,1671,532
773,1,1671,533
773,1,1672,533
773,1,1672,534
773,1,1672,535
773,1,1671,535
773,1,1672,536
773,1,1671,536
773,1,1671,537
773,1,1670,537
773,1,1670,538
773,1,1669,538
773,1,1669,539
773,1,1669,540
773,1,1668,540
773,1,1668,541
773,1,1668,542
773,1,1668,543
773,1,1668,544
773,1,1667,544
773,1,1667,545
773,1,1667,544
773,1,1667,545
773,1,1666,545
773,1,1666,544
773,1,1666,545
773,1,1665,545
773,1,1665,546
773,1,1665,547
773,1,1664,547
773,1,1664,548
773,1,1663,548
773,1,1663,549
773,1,1663,548
773,1,1663,547
773,1,1662,548
773,1,1662,549
773,1,1661,549
773,1,1661,550
773,1,1661,551
773,1,1660,552
773,1,1660,553
773,1,1660,554
773,1,1660,555
773,1,1659,556
773,1,1658,556
773,1,1654,553
773,1,1654,554
773,1,1653,555
773,1,1653,556
773,1,1652,556
773,1,1652,557
773,1,1652,558
773,1,1652,559
773,1,1652,560
773,1,1651,560
773,1,1652,560
773,1,1651,561
773,1,1652,561
773,1,1652,562
773,1,1652,563
773,1,1651,563
773,1,1650,563
773,1,1650,564
773,1,1650,565
773,1,1650,566
773,1,1650,567
773,1,1650,568
773,1,1649,568
773,1,1649,569
773,1,1649,570
773,1,1649,571
773,1,1649,572
773,1,1648,572
773,1,1648,573
773,1,1648,574
773,1,1648,573
773,1,1648,574
773,1,1647,574
773,1,1647,575
773,1,1646,576
773,1,1644,576
773,1,1643,575
773,1,1639,575
773,1,1638,573
773,1,1638,572
773,1,1637,572
773,1,1637,571
773,1,1636,571
773,1,1636,570
773,1,1635,570
773,1,1632,570
773,1,1632,571
773,1,1632,572
773,1,1632,573
773,1,1632,574
773,1,1631,574
773,1,1631,575
773,1,1631,576
773,1,1632,576
773,1,1632,577
773,1,1631,578
773,1,1631,579
773,1,1631,580
773,1,1631,581
773,1,1630,581
773,1,1630,582
773,1,1630,583
773,1,1629,583
773,1,1629,584
773,1,1628,584
773,1,1629,584
773,1,1629,585
773,1,1630,586
773,1,1629,586
773,1,1629,587
773,1,1628,587
773,1,1628,588
773,1,1627,588
773,1,1627,589
773,1,1626,589
773,1,1626,590
773,1,1626,591
773,1,1625,591
773,1,1626,591
773,1,1626,592
773,1,1625,592
773,1,1625,593
773,1,1625,594
773,1,1626,594
773,1,1626,595
773,1,1625,595
773,1,1625,596
773,1,1625,597
773,1,1625,598
773,1,1624,598
773,1,1624,599
773,1,1624,600
773,1,1624,601
773,1,1623,601
773,1,1623,602
773,1,1622,602
773,1,1622,603
773,1,1621,603
773,1,1621,604
773,1,1621,605
773,1,1620,605
773,1,1620,606
773,1,1619,606
773,1,1619,607
773,1,1619,608
773,1,1618,608
773,1,1619,609
773,1,1618,609
773,1,1618,610
773,1,1617,610
773,1,1617,611
773,1,1617,612
773,1,1618,612
773,1,1617,612
773,1,1617,613
773,1,1617,612
773,1,1617,613
773,1,1616,613
773,1,1616,614
773,1,1617,614
773,1,1617,615
773,1,1616,615
773,1,1616,616
773,1,1615,616
773,1,1616,617
773,1,1616,618
773,1,1617,618
773,1,1617,619
773,1,1618,619
773,1,1619,619
773,1,1618,620
773,1,1618,621
773,1,1617,621
773,1,1616,622
773,1,1615,623
773,1,1616,623
773,1,1616,624
773,1,1615,624
773,1,1616,624
773,1,1617,624
773,1,1617,625
773,1,1616,625
773,1,1616,626
773,1,1615,626
773,1,1614,627
773,1,1615,627
773,1,1614,627
773,1,1614,628
773,1,1613,628
773,1,1613,629
773,1,1612,629
773,1,1612,630
773,1,1611,630
773,1,1610,630
773,1,1610,629
773,1,1609,628
773,1,1608,628
773,1,1607,629
773,1,1606,630
773,1,1605,631
773,1,1604,632
773,1,1603,632
773,1,1603,633
773,1,1602,633
773,1,1602,634
773,1,1601,634
773,1,1600,635
773,1,1600,634
773,1,1599,634
773,1,1599,633
773,1,1598,633
773,1,1597,632
773,1,1597,633
773,1,1597,632
773,1,1596,633
773,1,1597,633
773,1,1596,635
773,1,1597,635
773,1,1597,636
773,1,1598,636
773,1,1597,637
773,1,1596,638
773,1,1595,639
773,1,1594,639
773,1,1594,640
773,1,1593,640
773,1,1593,639
773,1,1592,639
773,1,1592,640
773,1,1591,640
773,1,1590,640
773,1,1589,641
773,1,1588,641
773,1,1587,642
773,1,1586,642
773,1,1586,643
773,1,1585,643
773,1,1585,644
773,1,1584,644
773,1,1584,643
773,1,1583,643
773,1,1582,642
773,1,1581,642
773,1,1580,641
773,1,1578,640
773,1,1578,641
773,1,1577,641
773,1,1577,642
773,1,1577,643
773,1,1576,643
773,1,1576,644
773,1,1575,644
773,1,1575,645
773,1,1574,645
773,1,1574,644
773,1,1574,645
773,1,1574,646
773,1,1573,646
773,1,1572,647
773,1,1569,648
773,1,1568,648
773,1,1567,648
773,1,1567,647
773,1,1566,647
773,1,1566,646
773,1,1565,647
773,1,1565,646
773,1,1565,645
773,1,1564,645
773,1,1563,645
773,1,1562,645
773,1,1561,645
773,1,1560,645
773,1,1560,644
773,1,1560,643
773,1,1559,643
773,1,1558,643
773,1,1558,642
773,1,1557,642
773,1,1557,641
773,1,1557,640
773,1,1557,639
773,1,1556,639
773,1,1556,638
773,1,1555,638
773,1,1555,637
773,1,1555,638
773,1,1554,638
773,1,1554,637
773,1,1554,636
773,1,1555,636
773,1,1555,635
773,1,1556,635
773,1,1556,634
773,1,1556,635
773,1,1555,635
773,1,1555,634
773,1,1554,634
774,1,1525,595
774,1,1525,596
774,1,1525,597
774,1,1525,598
774,1,1526,599
774,1,1527,600
774,1,1526,600
774,1,1526,601
774,1,1527,601
774,1,1527,602
774,1,1527,603
774,1,1526,603
774,1,1526,604
774,1,1526,605
774,1,1526,606
774,1,1526,607
774,1,1525,607
774,1,1525,608
774,1,1525,609
774,1,1526,609
774,1,1527,609
774,1,1527,610
774,1,1528,610
774,1,1528,611
774,1,1529,611
774,1,1529,612
774,1,1530,612
774,1,1530,613
774,1,1530,614
774,1,1531,614
774,1,1531,615
774,1,1531,614
774,1,1532,614
774,1,1532,615
774,1,1533,615
774,1,1533,616
774,1,1532,616
774,1,1533,616
774,1,1532,617
774,1,1532,618
774,1,1533,618
774,1,1532,618
774,1,1533,618
774,1,1533,619
774,1,1533,618
774,1,1534,619
774,1,1535,619
774,1,1535,620
774,1,1536,620
774,1,1535,620
774,1,1535,621
774,1,1536,621
774,1,1535,621
774,1,1536,621
774,1,1536,622
774,1,1536,623
774,1,1537,623
774,1,1537,622
774,1,1537,623
774,1,1538,623
774,1,1538,624
774,1,1539,624
774,1,1540,624
774,1,1539,625
774,1,1540,625
774,1,1539,626
774,1,1540,626
774,1,1540,627
774,1,1541,627
774,1,1541,628
774,1,1541,629
774,1,1542,629
774,1,1543,629
774,1,1544,629
774,1,1544,630
774,1,1545,631
774,1,1546,631
774,1,1546,630
774,1,1545,630
774,1,1546,629
774,1,1546,630
774,1,1546,631
774,1,1547,631
774,1,1546,631
774,1,1547,631
774,1,1547,632
774,1,1548,632
774,1,1548,633
774,1,1548,634
774,1,1549,634
774,1,1549,633
774,1,1549,634
774,1,1550,633
774,1,1551,634
774,1,1552,634
774,1,1552,633
774,1,1552,634
774,1,1553,634
774,1,1554,634
774,1,1554,633
774,1,1555,633
774,1,1554,634
774,1,1555,634
774,1,1555,635
774,1,1556,635
774,1,1556,634
774,1,1556,635
774,1,1555,635
774,1,1555,636
774,1,1554,636
774,1,1554,637
774,1,1554,638
774,1,1555,638
774,1,1555,637
774,1,1555,638
774,1,1556,638
774,1,1556,639
774,1,1557,639
774,1,1557,640
774,1,1557,641
774,1,1557,642
774,1,1558,642
774,1,1558,643
774,1,1559,643
774,1,1560,643
774,1,1560,644
774,1,1560,645
774,1,1561,645
774,1,1562,645
774,1,1563,645
774,1,1564,645
774,1,1565,645
774,1,1565,646
774,1,1565,647
774,1,1566,646
774,1,1566,647
774,1,1567,647
774,1,1567,648
774,1,1568,648
774,1,1569,648
774,1,1572,647
774,1,1573,646
774,1,1574,646
774,1,1574,645
774,1,1574,644
774,1,1574,645
774,1,1575,645
774,1,1575,644
774,1,1576,644
774,1,1576,643
774,1,1577,643
774,1,1577,642
774,1,1577,641
774,1,1578,641
774,1,1578,640
774,1,1580,641
774,1,1581,642
774,1,1582,642
774,1,1583,643
774,1,1584,643
774,1,1584,644
774,1,1585,644
774,1,1585,643
774,1,1586,643
774,1,1586,642
774,1,1587,642
774,1,1588,641
774,1,1589,641
774,1,1590,640
774,1,1591,640
774,1,1592,640
774,1,1592,639
774,1,1593,639
774,1,1593,640
774,1,1594,640
774,1,1594,639
774,1,1595,639
774,1,1596,638
774,1,1597,637
774,1,1598,636
774,1,1597,636
774,1,1597,635
774,1,1596,635
774,1,1597,633
774,1,1596,633
774,1,1597,632
774,1,1597,633
774,1,1597,632
774,1,1598,633
774,1,1599,633
774,1,1599,634
774,1,1600,634
774,1,1600,635
774,1,1601,634
774,1,1602,634
774,1,1602,633
774,1,1603,633
774,1,1603,632
774,1,1604,632
774,1,1605,631
774,1,1606,630
774,1,1607,629
774,1,1608,628
774,1,1609,628
774,1,1610,629
774,1,1610,630
774,1,1611,630
774,1,1612,630
774,1,1612,629
774,1,1613,629
774,1,1613,628
774,1,1614,628
774,1,1614,627
774,1,1615,627
774,1,1614,627
774,1,1615,626
774,1,1616,626
774,1,1616,625
774,1,1617,625
774,1,1617,624
774,1,1616,624
774,1,1615,624
774,1,1616,624
774,1,1616,623
774,1,1615,623
774,1,1616,622
774,1,1617,621
774,1,1618,621
774,1,1618,620
774,1,1619,619
774,1,1618,619
774,1,1617,619
774,1,1617,618
774,1,1616,618
774,1,1616,617
774,1,1615,616
774,1,1616,616
774,1,1616,615
774,1,1617,615
774,1,1617,614
774,1,1616,614
774,1,1616,613
774,1,1617,613
774,1,1617,612
774,1,1617,613
774,1,1617,612
774,1,1618,612
774,1,1617,612
774,1,1617,611
774,1,1617,610
774,1,1618,610
774,1,1618,609
774,1,1619,609
774,1,1618,608
774,1,1619,608
774,1,1619,607
774,1,1619,606
774,1,1620,606
774,1,1620,605
774,1,1621,605
774,1,1621,604
774,1,1621,603
774,1,1622,603
774,1,1622,602
774,1,1623,602
774,1,1623,601
774,1,1624,601
774,1,1624,600
774,1,1624,599
774,1,1624,598
774,1,1625,598
774,1,1625,597
774,1,1625,596
774,1,1625,595
774,1,1626,595
774,1,1626,594
774,1,1625,594
774,1,1625,593
774,1,1625,592
774,1,1626,592
774,1,1626,591
774,1,1625,591
774,1,1626,591
774,1,1626,590
774,1,1626,589
774,1,1627,589
774,1,1627,588
774,1,1628,588
774,1,1628,587
774,1,1629,587
774,1,1629,586
774,1,1630,586
774,1,1629,585
774,1,1629,584
774,1,1628,584
774,1,1629,584
774,1,1629,583
774,1,1630,583
774,1,1630,582
774,1,1630,581
774,1,1631,581
774,1,1631,580
774,1,1631,579
774,1,1631,578
774,1,1632,577
774,1,1632,576
774,1,1631,576
774,1,1631,575
774,1,1631,574
774,1,1632,574
774,1,1632,573
774,1,1632,572
774,1,1632,571
774,1,1632,570
774,1,1635,570
774,1,1636,570
774,1,1636,571
774,1,1637,571
774,1,1637,572
774,1,1638,572
774,1,1638,573
774,1,1639,575
774,1,1643,575
774,1,1644,576
774,1,1646,576
774,1,1647,575
774,1,1647,574
774,1,1648,574
774,1,1648,573
774,1,1648,574
774,1,1648,573
774,1,1648,572
774,1,1649,572
774,1,1649,571
774,1,1649,570
774,1,1649,569
774,1,1649,568
774,1,1650,568
774,1,1650,567
774,1,1650,566
774,1,1650,565
774,1,1650,564
774,1,1650,563
774,1,1651,563
774,1,1652,563
774,1,1652,562
774,1,1652,561
774,1,1651,561
774,1,1652,560
774,1,1651,560
774,1,1652,560
774,1,1652,559
774,1,1652,558
774,1,1652,557
774,1,1652,556
774,1,1653,556
774,1,1653,555
774,1,1654,554
774,1,1654,553
774,1,1658,556
774,1,1659,556
774,1,1660,555
774,1,1660,554
774,1,1660,553
774,1,1660,552
774,1,1661,551
774,1,1661,550
774,1,1661,549
774,1,1662,549
774,1,1662,548
774,1,1663,547
774,1,1663,548
774,1,1663,549
774,1,1663,548
774,1,1664,548
774,1,1664,547
774,1,1665,547
774,1,1665,546
774,1,1665,545
774,1,1666,545
774,1,1666,544
774,1,1666,545
774,1,1667,545
774,1,1667,544
774,1,1667,545
774,1,1667,544
774,1,1668,544
774,1,1668,543
774,1,1668,542
774,1,1668,541
774,1,1668,540
774,1,1669,540
774,1,1669,539
774,1,1669,538
774,1,1670,538
774,1,1670,537
774,1,1671,537
774,1,1671,536
774,1,1672,536
774,1,1671,535
774,1,1672,535
774,1,1672,534
774,1,1672,533
774,1,1671,533
774,1,1671,532
774,1,1672,531
774,1,1672,530
774,1,1671,530
774,1,1672,529
774,1,1671,529
774,1,1672,529
774,1,1672,528
774,1,1672,527
774,1,1673,527
774,1,1673,526
774,1,1673,525
774,1,1672,525
774,1,1672,524
774,1,1673,523
774,1,1672,523
774,1,1672,522
774,1,1672,521
774,1,1672,520
774,1,1672,519
774,1,1674,520
774,1,1674,521
774,1,1675,521
774,1,1676,522
774,1,1677,522
774,1,1678,523
774,1,1679,523
774,1,1679,524
774,1,1680,524
774,1,1681,524
774,1,1681,525
774,1,1682,525
774,1,1683,526
774,1,1684,526
774,1,1685,527
774,1,1686,527
774,1,1687,528
774,1,1689,529
774,1,1690,530
774,1,1692,531
774,1,1693,531
774,1,1693,532
774,1,1694,532
774,1,1694,531
774,1,1694,530
774,1,1694,529
774,1,1694,528
774,1,1694,527
774,1,1695,527
774,1,1695,526
774,1,1695,525
774,1,1695,524
774,1,1695,523
774,1,1695,522
774,1,1696,522
774,1,1695,522
774,1,1694,522
774,1,1694,521
774,1,1695,521
774,1,1695,520
774,1,1694,520
774,1,1694,519
774,1,1695,519
774,1,1694,518
774,1,1694,517
774,1,1693,517
774,1,1692,517
774,1,1692,516
774,1,1692,515
774,1,1692,514
774,1,1693,514
774,1,1692,514
774,1,1692,515
774,1,1691,515
774,1,1690,515
774,1,1690,514
774,1,1690,513
774,1,1689,514
774,1,1689,513
774,1,1688,512
774,1,1689,511
774,1,1689,510
774,1,1689,509
774,1,1688,509
774,1,1687,509
774,1,1687,510
774,1,1686,510
774,1,1685,509
774,1,1685,510
774,1,1685,511
774,1,1685,510
774,1,1684,510
774,1,1684,511
774,1,1683,511
774,1,1682,510
774,1,1682,509
774,1,1681,509
774,1,1680,508
774,1,1679,508
774,1,1678,508
774,1,1677,507
774,1,1676,507
774,1,1676,508
774,1,1675,508
774,1,1675,509
774,1,1674,509
774,1,1675,509
774,1,1674,510
774,1,1674,511
774,1,1673,511
774,1,1673,512
774,1,1672,512
774,1,1672,511
774,1,1671,511
774,1,1670,511
774,1,1670,512
774,1,1669,512
774,1,1670,513
774,1,1669,513
774,1,1668,513
774,1,1668,512
774,1,1667,513
774,1,1668,513
774,1,1668,514
774,1,1669,514
774,1,1669,515
774,1,1668,514
774,1,1667,514
774,1,1667,515
774,1,1668,515
774,1,1668,516
774,1,1669,516
774,1,1668,516
774,1,1668,517
774,1,1667,516
774,1,1668,517
774,1,1667,517
774,1,1667,518
774,1,1666,518
774,1,1665,518
774,1,1664,518
774,1,1663,518
774,1,1662,518
774,1,1661,518
774,1,1660,518
774,1,1659,518
774,1,1658,518
774,1,1658,517
774,1,1657,517
774,1,1657,516
774,1,1657,517
774,1,1656,517
774,1,1656,516
774,1,1655,516
774,1,1656,515
774,1,1656,516
774,1,1656,515
774,1,1657,515
774,1,1656,515
774,1,1655,515
774,1,1655,514
774,1,1654,514
774,1,1654,515
774,1,1654,516
774,1,1654,517
774,1,1653,517
774,1,1654,517
774,1,1654,518
774,1,1653,518
774,1,1653,519
774,1,1652,519
774,1,1652,520
774,1,1652,521
774,1,1651,521
774,1,1651,522
774,1,1650,522
774,1,1650,523
774,1,1650,524
774,1,1650,525
774,1,1649,525
774,1,1649,524
774,1,1648,524
774,1,1647,524
774,1,1647,523
774,1,1646,523
774,1,1646,524
774,1,1645,524
774,1,1644,524
774,1,1645,524
774,1,1645,525
774,1,1644,525
774,1,1645,525
774,1,1644,526
774,1,1645,526
774,1,1644,526
774,1,1644,527
774,1,1644,528
774,1,1643,528
774,1,1643,527
774,1,1643,528
774,1,1643,529
774,1,1643,528
774,1,1642,528
774,1,1643,529
774,1,1642,529
774,1,1641,530
774,1,1640,530
774,1,1640,531
774,1,1640,532
774,1,1639,532
774,1,1639,533
774,1,1639,534
774,1,1638,534
774,1,1637,534
774,1,1637,535
774,1,1636,535
774,1,1636,536
774,1,1636,537
774,1,1635,537
774,1,1635,538
774,1,1634,538
774,1,1634,539
774,1,1633,539
774,1,1633,538
774,1,1632,536
774,1,1632,535
774,1,1632,534
774,1,1632,533
774,1,1632,532
774,1,1632,531
774,1,1631,531
774,1,1631,529
774,1,1631,528
774,1,1631,527
774,1,1630,525
774,1,1630,524
774,1,1630,523
774,1,1630,522
774,1,1630,521
774,1,1630,519
774,1,1630,518
774,1,1629,517
774,1,1629,515
774,1,1627,515
774,1,1626,515
774,1,1624,516
774,1,1622,516
774,1,1620,516
774,1,1619,517
774,1,1617,517
774,1,1615,517
774,1,1613,517
774,1,1613,518
774,1,1610,518
774,1,1609,518
774,1,1608,518
774,1,1607,518
774,1,1607,519
774,1,1604,519
774,1,1603,519
774,1,1602,519
774,1,1601,519
774,1,1600,520
774,1,1599,520
774,1,1597,520
774,1,1595,520
774,1,1595,521
774,1,1594,521
774,1,1593,521
774,1,1591,521
774,1,1591,520
774,1,1591,518
774,1,1591,517
774,1,1590,516
774,1,1590,515
774,1,1590,513
774,1,1590,511
774,1,1590,510
774,1,1589,510
774,1,1589,509
774,1,1589,508
774,1,1589,507
774,1,1589,504
774,1,1588,503
774,1,1588,502
774,1,1588,500
774,1,1588,499
774,1,1587,497
774,1,1587,496
774,1,1587,494
774,1,1587,492
774,1,1586,492
774,1,1586,491
774,1,1586,490
774,1,1586,489
774,1,1586,488
774,1,1586,486
774,1,1585,486
774,1,1585,485
774,1,1585,483
774,1,1585,482
774,1,1585,481
774,1,1585,480
774,1,1584,480
774,1,1584,479
774,1,1584,478
774,1,1584,477
774,1,1584,478
774,1,1583,478
774,1,1583,479
774,1,1582,479
774,1,1581,479
774,1,1580,479
774,1,1580,480
774,1,1579,481
774,1,1580,482
774,1,1581,483
774,1,1581,484
774,1,1582,484
774,1,1582,485
774,1,1583,485
774,1,1583,486
774,1,1583,487
774,1,1582,487
774,1,1582,488
774,1,1583,488
774,1,1583,489
774,1,1582,490
774,1,1583,490
774,1,1583,491
774,1,1583,492
774,1,1584,493
774,1,1584,494
774,1,1583,495
774,1,1584,495
774,1,1583,496
774,1,1583,497
774,1,1582,497
774,1,1582,498
774,1,1582,499
774,1,1582,500
774,1,1582,501
774,1,1581,501
774,1,1581,502
774,1,1581,503
774,1,1581,504
774,1,1582,504
774,1,1581,504
774,1,1581,505
774,1,1581,506
774,1,1581,507
774,1,1581,508
774,1,1581,509
774,1,1581,510
774,1,1581,511
774,1,1581,512
774,1,1581,513
774,1,1581,514
774,1,1580,513
774,1,1579,513
774,1,1579,514
774,1,1580,514
774,1,1580,515
774,1,1580,516
774,1,1580,517
774,1,1579,517
774,1,1580,518
774,1,1580,519
774,1,1579,520
774,1,1578,521
774,1,1578,522
774,1,1579,522
774,1,1580,523
774,1,1580,524
774,1,1579,524
774,1,1579,525
774,1,1579,526
774,1,1579,527
774,1,1579,528
774,1,1578,528
774,1,1577,528
774,1,1577,529
774,1,1576,530
774,1,1575,531
774,1,1575,532
774,1,1574,532
774,1,1574,533
774,1,1573,534
774,1,1572,535
774,1,1572,536
774,1,1572,537
774,1,1571,537
774,1,1571,538
774,1,1570,538
774,1,1570,539
774,1,1569,539
774,1,1569,540
774,1,1569,541
774,1,1568,541
774,1,1567,541
774,1,1566,542
774,1,1565,543
774,1,1564,544
774,1,1563,544
774,1,1562,544
774,1,1562,543
774,1,1562,542
774,1,1561,542
774,1,1561,541
774,1,1560,541
774,1,1559,542
774,1,1559,543
774,1,1558,543
774,1,1558,544
774,1,1557,544
774,1,1557,545
774,1,1557,546
774,1,1557,547
774,1,1557,548
774,1,1557,549
774,1,1556,549
774,1,1555,549
774,1,1554,549
774,1,1553,549
774,1,1552,549
774,1,1552,550
774,1,1552,551
774,1,1553,551
774,1,1552,551
774,1,1552,552
774,1,1551,552
774,1,1551,553
774,1,1551,554
774,1,1551,555
774,1,1551,556
774,1,1551,557
774,1,1552,557
774,1,1552,558
774,1,1551,558
774,1,1551,559
774,1,1550,559
774,1,1549,559
774,1,1549,560
774,1,1550,561
774,1,1551,561
774,1,1551,562
774,1,1551,563
774,1,1551,564
774,1,1551,565
774,1,1552,565
774,1,1552,566
774,1,1551,566
774,1,1550,566
774,1,1550,565
774,1,1550,566
774,1,1549,566
774,1,1549,567
774,1,1549,568
774,1,1549,569
774,1,1548,569
774,1,1547,569
774,1,1546,569
774,1,1546,568
774,1,1547,568
774,1,1547,567
774,1,1547,566
774,1,1546,566
774,1,1546,565
774,1,1545,564
774,1,1544,564
774,1,1543,564
774,1,1543,563
774,1,1542,563
774,1,1541,563
774,1,1541,564
774,1,1541,565
774,1,1540,565
774,1,1540,566
774,1,1540,567
774,1,1539,567
774,1,1539,568
774,1,1539,569
774,1,1538,570
774,1,1539,571
774,1,1539,572
774,1,1539,573
774,1,1538,573
774,1,1538,574
774,1,1537,574
774,1,1536,575
774,1,1536,576
774,1,1537,576
774,1,1537,577
774,1,1538,577
774,1,1538,578
774,1,1538,579
774,1,1538,580
774,1,1538,581
774,1,1539,581
774,1,1539,582
774,1,1539,583
774,1,1539,584
774,1,1538,585
774,1,1537,584
774,1,1536,584
774,1,1536,585
774,1,1535,585
774,1,1535,586
774,1,1535,587
774,1,1535,588
774,1,1535,589
774,1,1535,590
774,1,1535,591
774,1,1535,592
774,1,1534,592
774,1,1534,593
774,1,1533,593
774,1,1532,593
774,1,1531,593
774,1,1531,594
774,1,1530,594
774,1,1529,594
774,1,1529,595
774,1,1528,595
774,1,1527,595
774,1,1526,595
774,1,1525,595
777,1,1323,1022
777,1,1322,1021
777,1,1323,1022
777,1,1324,1023
777,1,1324,1024
777,1,1324,1025
777,1,1325,1025
777,1,1325,1026
777,1,1325,1027
777,1,1325,1028
777,1,1325,1030
777,1,1325,1031
777,1,1325,1032
777,1,1325,1033
777,1,1324,1033
777,1,1324,1034
777,1,1324,1035
777,1,1325,1033
777,1,1325,1032
777,1,1325,1031
777,1,1326,1029
777,1,1326,1027
777,1,1325,1025
777,1,1325,1024
777,1,1324,1023
777,1,1324,1022
777,1,1323,1022
778,1,1307,1033
778,1,1307,1034
778,1,1308,1034
778,1,1308,1033
778,1,1307,1033
779,1,1306,1025
779,1,1306,1026
779,1,1306,1025
781,1,1304,1028
781,1,1305,1028
781,1,1304,1027
781,1,1304,1028
784,1,1303,1023
784,1,1304,1024
784,1,1304,1023
784,1,1305,1023
784,1,1306,1023
784,1,1306,1024
784,1,1306,1023
784,1,1307,1023
784,1,1307,1022
784,1,1308,1023
784,1,1308,1024
784,1,1308,1025
784,1,1309,1025
784,1,1309,1024
784,1,1309,1023
784,1,1310,1023
784,1,1310,1022
784,1,1309,1022
784,1,1308,1022
784,1,1308,1021
784,1,1308,1020
784,1,1308,1021
784,1,1307,1020
784,1,1308,1019
784,1,1309,1018
784,1,1309,1017
784,1,1309,1018
784,1,1308,1018
784,1,1308,1019
784,1,1307,1019
784,1,1306,1020
784,1,1305,1021
784,1,1304,1022
784,1,1303,1023
785,1,1303,1027
785,1,1304,1027
785,1,1304,1026
785,1,1303,1027
787,1,1303,1028
787,1,1303,1027
787,1,1303,1026
787,1,1303,1027
787,1,1303,1028
788,1,1302,1025
788,1,1303,1025
788,1,1302,1025
789,1,1299,1019
789,1,1299,1020
789,1,1300,1020
789,1,1300,1019
789,1,1299,1019
790,1,1295,1046
790,1,1296,1046
790,1,1295,1046
791,1,1293,1048
791,1,1293,1049
791,1,1294,1049
791,1,1294,1050
791,1,1294,1049
791,1,1295,1049
791,1,1295,1048
791,1,1296,1048
791,1,1295,1048
791,1,1294,1048
791,1,1293,1048
792,1,1292,1047
792,1,1292,1048
792,1,1293,1048
792,1,1293,1047
792,1,1292,1047
793,1,1292,1047
793,1,1293,1047
793,1,1292,1047
794,1,1292,1048
794,1,1292,1047
794,1,1292,1048
795,1,1282,1060
795,1,1283,1060
795,1,1284,1060
795,1,1284,1059
795,1,1283,1059
795,1,1282,1060
796,1,1281,1062
796,1,1281,1061
796,1,1282,1061
796,1,1282,1060
796,1,1282,1061
796,1,1281,1061
796,1,1281,1062
798,1,1279,1061
798,1,1279,1062
798,1,1280,1062
798,1,1280,1061
798,1,1279,1061
799,1,1279,1060
799,1,1280,1060
799,1,1279,1060
800,1,1278,1063
800,1,1278,1064
800,1,1278,1063
800,1,1278,1064
800,1,1278,1063
801,1,1277,1062
801,1,1277,1063
801,1,1277,1062
801,1,1278,1062
801,1,1277,1062
802,1,1277,1065
802,1,1278,1065
802,1,1279,1064
802,1,1280,1063
802,1,1281,1062
802,1,1280,1062
802,1,1280,1063
802,1,1279,1063
802,1,1279,1062
802,1,1279,1063
802,1,1278,1063
802,1,1279,1063
802,1,1278,1064
802,1,1277,1065
803,1,1265,1072
803,1,1265,1073
803,1,1266,1072
803,1,1265,1072
804,1,1264,1067
804,1,1265,1067
804,1,1264,1067
805,1,1264,1071
805,1,1265,1071
805,1,1264,1071
806,1,1263,1071
806,1,1264,1070
806,1,1265,1070
806,1,1264,1070
806,1,1263,1071
807,1,1261,1066
807,1,1262,1066
807,1,1261,1066
808,1,1260,1063
808,1,1260,1064
808,1,1260,1063
809,1,1256,1072
809,1,1257,1072
809,1,1259,1073
809,1,1261,1073
809,1,1259,1073
809,1,1257,1072
809,1,1256,1072
811,1,1247,1075
811,1,1248,1075
811,1,1248,1074
811,1,1249,1074
811,1,1250,1074
811,1,1251,1074
811,1,1251,1073
811,1,1251,1074
811,1,1250,1074
811,1,1249,1074
811,1,1248,1074
811,1,1247,1075
812,1,1243,1074
812,1,1243,1075
812,1,1244,1075
812,1,1245,1075
812,1,1245,1074
812,1,1244,1074
812,1,1244,1075
812,1,1244,1074
812,1,1243,1074
813,1,1240,1074
813,1,1240,1075
813,1,1241,1075
813,1,1240,1075
813,1,1240,1074
815,1,1193,1052
815,1,1194,1052
815,1,1194,1053
815,1,1195,1053
815,1,1196,1054
815,1,1197,1054
815,1,1198,1054
815,1,1198,1055
815,1,1199,1055
815,1,1200,1055
815,1,1201,1055
815,1,1201,1056
815,1,1202,1056
815,1,1203,1056
815,1,1204,1056
815,1,1204,1055
815,1,1204,1054
815,1,1205,1053
815,1,1206,1052
815,1,1205,1052
815,1,1205,1051
815,1,1204,1051
815,1,1204,1052
815,1,1204,1051
815,1,1204,1052
815,1,1204,1051
815,1,1203,1051
815,1,1202,1051
815,1,1202,1050
815,1,1201,1050
815,1,1201,1049
815,1,1200,1049
815,1,1199,1049
815,1,1198,1049
815,1,1197,1049
815,1,1197,1050
815,1,1196,1050
815,1,1195,1050
815,1,1194,1051
815,1,1193,1051
815,1,1193,1052
816,1,1106,890
816,1,1106,892
816,1,1106,893
816,1,1106,895
816,1,1106,896
816,1,1106,897
816,1,1106,899
816,1,1106,900
816,1,1106,901
816,1,1106,902
816,1,1106,905
816,1,1106,906
816,1,1106,907
816,1,1106,908
816,1,1106,909
816,1,1106,910
816,1,1106,911
816,1,1106,912
816,1,1106,914
816,1,1106,915
816,1,1106,916
816,1,1106,917
816,1,1106,918
816,1,1106,919
816,1,1106,920
816,1,1106,921
816,1,1106,922
816,1,1106,923
816,1,1106,925
816,1,1106,926
816,1,1106,928
816,1,1106,929
816,1,1106,930
816,1,1106,931
816,1,1107,932
816,1,1107,933
816,1,1107,935
816,1,1107,936
816,1,1107,937
816,1,1107,939
816,1,1108,939
816,1,1108,940
816,1,1109,941
816,1,1109,942
816,1,1110,942
816,1,1110,943
816,1,1111,943
816,1,1112,943
816,1,1111,943
816,1,1111,944
816,1,1112,944
816,1,1112,943
816,1,1112,944
816,1,1112,943
816,1,1113,943
816,1,1113,944
816,1,1112,944
816,1,1113,944
816,1,1113,945
816,1,1113,946
816,1,1114,946
816,1,1114,947
816,1,1114,948
816,1,1115,948
816,1,1115,949
816,1,1116,949
816,1,1116,950
816,1,1115,950
816,1,1116,951
816,1,1116,952
816,1,1116,953
816,1,1117,953
816,1,1117,952
816,1,1117,953
816,1,1116,954
816,1,1116,955
816,1,1116,956
816,1,1116,957
816,1,1115,957
816,1,1115,958
816,1,1116,958
816,1,1116,959
816,1,1116,960
816,1,1117,960
816,1,1117,961
816,1,1118,961
816,1,1119,961
816,1,1120,962
816,1,1120,961
816,1,1121,961
816,1,1121,962
816,1,1120,962
816,1,1120,963
816,1,1119,963
816,1,1119,964
816,1,1120,964
816,1,1121,964
816,1,1121,965
816,1,1121,966
816,1,1122,967
816,1,1123,968
816,1,1122,968
816,1,1122,969
816,1,1123,969
816,1,1123,968
816,1,1124,968
816,1,1124,969
816,1,1123,969
816,1,1123,970
816,1,1122,970
816,1,1122,971
816,1,1122,972
816,1,1123,972
816,1,1123,973
816,1,1123,972
816,1,1124,973
816,1,1125,973
816,1,1125,974
816,1,1125,975
816,1,1126,975
816,1,1125,976
816,1,1125,977
816,1,1126,978
816,1,1127,977
816,1,1128,977
816,1,1128,978
816,1,1128,979
816,1,1128,980
816,1,1128,981
816,1,1127,981
816,1,1127,982
816,1,1128,982
816,1,1129,982
816,1,1129,983
816,1,1129,984
816,1,1130,984
816,1,1129,985
816,1,1128,985
816,1,1128,986
816,1,1128,985
816,1,1128,986
816,1,1127,986
816,1,1127,985
816,1,1127,986
816,1,1127,987
816,1,1128,987
816,1,1128,988
816,1,1129,988
816,1,1129,989
816,1,1129,990
816,1,1128,990
816,1,1128,989
816,1,1128,990
816,1,1128,991
816,1,1127,991
816,1,1127,992
816,1,1128,992
816,1,1128,993
816,1,1127,993
816,1,1127,994
816,1,1128,994
816,1,1128,995
816,1,1127,995
816,1,1128,995
816,1,1127,995
816,1,1127,996
816,1,1126,996
816,1,1127,996
816,1,1127,997
816,1,1126,997
816,1,1126,998
816,1,1126,997
816,1,1125,997
816,1,1125,998
816,1,1126,998
816,1,1125,998
816,1,1125,999
816,1,1126,999
816,1,1126,1000
816,1,1126,999
816,1,1125,999
816,1,1125,1000
816,1,1125,1001
816,1,1125,1002
816,1,1124,1002
816,1,1123,1002
816,1,1123,1003
816,1,1123,1004
816,1,1123,1005
816,1,1123,1006
816,1,1122,1006
816,1,1123,1006
816,1,1122,1005
816,1,1122,1006
816,1,1121,1006
816,1,1121,1007
816,1,1121,1008
816,1,1121,1009
816,1,1122,1009
816,1,1122,1010
816,1,1122,1009
816,1,1122,1010
816,1,1122,1011
816,1,1122,1012
816,1,1122,1013
816,1,1122,1014
816,1,1121,1013
816,1,1121,1014
816,1,1121,1015
816,1,1120,1015
816,1,1120,1016
816,1,1120,1017
816,1,1120,1018
816,1,1120,1019
816,1,1121,1019
816,1,1121,1020
816,1,1122,1020
816,1,1122,1021
816,1,1122,1022
816,1,1122,1023
816,1,1122,1024
816,1,1122,1025
816,1,1122,1026
816,1,1123,1026
816,1,1122,1026
816,1,1122,1027
816,1,1123,1027
816,1,1123,1028
816,1,1122,1028
816,1,1123,1028
816,1,1123,1029
816,1,1122,1029
816,1,1122,1030
816,1,1121,1030
816,1,1122,1030
816,1,1122,1031
816,1,1123,1031
816,1,1122,1031
816,1,1122,1032
816,1,1121,1032
816,1,1121,1033
816,1,1120,1033
816,1,1120,1034
816,1,1119,1034
816,1,1119,1035
816,1,1119,1036
816,1,1118,1036
816,1,1118,1037
816,1,1118,1038
816,1,1118,1039
816,1,1117,1040
816,1,1117,1041
816,1,1116,1041
816,1,1115,1042
816,1,1114,1042
816,1,1114,1043
816,1,1114,1044
816,1,1115,1045
816,1,1115,1046
816,1,1116,1047
816,1,1117,1049
816,1,1118,1049
816,1,1118,1048
816,1,1119,1048
816,1,1120,1047
816,1,1121,1047
816,1,1123,1046
816,1,1124,1046
816,1,1126,1046
816,1,1127,1045
816,1,1128,1045
816,1,1129,1045
816,1,1130,1045
816,1,1131,1045
816,1,1132,1045
816,1,1133,1045
816,1,1134,1045
816,1,1135,1045
816,1,1136,1045
816,1,1137,1045
816,1,1138,1045
816,1,1139,1045
816,1,1140,1044
816,1,1141,1044
816,1,1142,1044
816,1,1143,1044
816,1,1145,1044
816,1,1147,1045
816,1,1149,1045
816,1,1150,1045
816,1,1150,1046
816,1,1151,1046
816,1,1152,1046
816,1,1153,1046
816,1,1154,1047
816,1,1155,1047
816,1,1156,1048
816,1,1157,1048
816,1,1158,1048
816,1,1159,1049
816,1,1160,1049
816,1,1160,1050
816,1,1161,1050
816,1,1162,1050
816,1,1163,1050
816,1,1163,1051
816,1,1164,1051
816,1,1165,1051
816,1,1166,1052
816,1,1167,1052
816,1,1168,1052
816,1,1169,1052
816,1,1170,1053
816,1,1171,1053
816,1,1170,1053
816,1,1170,1052
816,1,1171,1052
816,1,1171,1053
816,1,1172,1053
816,1,1173,1053
816,1,1174,1053
816,1,1175,1053
816,1,1176,1053
816,1,1176,1054
816,1,1177,1054
816,1,1178,1054
816,1,1179,1054
816,1,1180,1054
816,1,1181,1054
816,1,1182,1054
816,1,1183,1054
816,1,1184,1054
816,1,1185,1053
816,1,1186,1053
816,1,1187,1052
816,1,1188,1052
816,1,1190,1051
816,1,1191,1052
816,1,1191,1051
816,1,1192,1051
816,1,1192,1052
816,1,1192,1051
816,1,1191,1051
816,1,1192,1051
816,1,1192,1050
816,1,1193,1050
816,1,1194,1050
816,1,1193,1050
816,1,1193,1049
816,1,1192,1049
816,1,1192,1050
816,1,1191,1050
816,1,1190,1050
816,1,1189,1050
816,1,1189,1049
816,1,1189,1048
816,1,1188,1048
816,1,1188,1047
816,1,1189,1047
816,1,1190,1046
816,1,1189,1046
816,1,1188,1046
816,1,1187,1046
816,1,1186,1046
816,1,1186,1045
816,1,1185,1045
816,1,1185,1044
816,1,1186,1044
816,1,1187,1044
816,1,1187,1043
816,1,1187,1044
816,1,1188,1044
816,1,1188,1043
816,1,1189,1043
816,1,1189,1044
816,1,1188,1044
816,1,1188,1045
816,1,1189,1044
816,1,1190,1044
816,1,1190,1043
816,1,1191,1043
816,1,1192,1042
816,1,1193,1042
816,1,1194,1042
816,1,1194,1041
816,1,1195,1041
816,1,1194,1040
816,1,1195,1040
816,1,1195,1039
816,1,1195,1040
816,1,1196,1040
816,1,1197,1040
816,1,1198,1039
816,1,1199,1039
816,1,1199,1040
816,1,1200,1040
816,1,1200,1039
816,1,1201,1039
816,1,1201,1040
816,1,1201,1041
816,1,1201,1042
816,1,1200,1042
816,1,1200,1041
816,1,1200,1042
816,1,1199,1042
816,1,1199,1043
816,1,1200,1043
816,1,1200,1044
816,1,1200,1045
816,1,1199,1045
816,1,1200,1045
816,1,1201,1045
816,1,1201,1044
816,1,1202,1044
816,1,1203,1044
816,1,1203,1043
816,1,1204,1043
816,1,1205,1043
816,1,1206,1044
816,1,1206,1043
816,1,1207,1043
816,1,1208,1043
816,1,1209,1043
816,1,1210,1043
816,1,1210,1044
816,1,1210,1045
816,1,1210,1046
816,1,1210,1047
816,1,1209,1047
816,1,1209,1048
816,1,1210,1049
816,1,1210,1048
816,1,1211,1048
816,1,1212,1048
816,1,1213,1048
816,1,1213,1049
816,1,1213,1050
816,1,1214,1050
816,1,1214,1051
816,1,1213,1051
816,1,1214,1051
816,1,1214,1052
816,1,1214,1053
816,1,1213,1053
816,1,1214,1053
816,1,1215,1053
816,1,1216,1052
816,1,1217,1052
816,1,1218,1052
816,1,1218,1053
816,1,1219,1054
816,1,1220,1054
816,1,1220,1053
816,1,1221,1054
816,1,1222,1054
816,1,1222,1055
816,1,1223,1055
816,1,1224,1055
816,1,1225,1055
816,1,1225,1056
816,1,1225,1057
816,1,1226,1057
816,1,1227,1057
816,1,1227,1058
816,1,1227,1059
816,1,1228,1059
816,1,1228,1060
816,1,1229,1060
816,1,1230,1060
816,1,1230,1061
816,1,1231,1061
816,1,1231,1062
816,1,1232,1062
816,1,1232,1063
816,1,1231,1063
816,1,1231,1064
816,1,1231,1065
816,1,1232,1065
816,1,1232,1066
816,1,1231,1066
816,1,1230,1066
816,1,1230,1065
816,1,1229,1065
816,1,1229,1064
816,1,1230,1064
816,1,1229,1064
816,1,1230,1063
816,1,1230,1062
816,1,1229,1062
816,1,1229,1063
816,1,1228,1063
816,1,1228,1062
816,1,1227,1062
816,1,1227,1061
816,1,1226,1061
816,1,1226,1060
816,1,1227,1060
816,1,1226,1060
816,1,1226,1061
816,1,1225,1061
816,1,1225,1062
816,1,1224,1063
816,1,1223,1063
816,1,1222,1063
816,1,1223,1064
816,1,1224,1065
816,1,1225,1066
816,1,1226,1066
816,1,1228,1067
816,1,1229,1067
816,1,1230,1067
816,1,1231,1067
816,1,1232,1067
816,1,1232,1068
816,1,1233,1068
816,1,1234,1068
816,1,1234,1069
816,1,1235,1068
816,1,1235,1067
816,1,1235,1068
816,1,1236,1068
816,1,1236,1069
816,1,1237,1069
816,1,1238,1069
816,1,1239,1068
816,1,1239,1069
816,1,1240,1069
816,1,1239,1069
816,1,1240,1069
816,1,1240,1070
816,1,1241,1070
816,1,1241,1071
816,1,1242,1071
816,1,1243,1071
816,1,1242,1072
816,1,1243,1072
816,1,1243,1073
816,1,1244,1073
816,1,1244,1074
816,1,1245,1074
816,1,1245,1073
816,1,1245,1072
816,1,1246,1072
816,1,1247,1072
816,1,1247,1071
816,1,1248,1071
816,1,1248,1070
816,1,1249,1070
816,1,1249,1071
816,1,1250,1071
816,1,1250,1070
816,1,1250,1069
816,1,1250,1068
816,1,1252,1068
816,1,1252,1067
816,1,1252,1066
816,1,1253,1066
816,1,1253,1065
816,1,1254,1065
816,1,1255,1065
816,1,1254,1065
816,1,1254,1064
816,1,1254,1063
816,1,1253,1063
816,1,1253,1062
816,1,1254,1062
816,1,1254,1061
816,1,1255,1062
816,1,1255,1063
816,1,1256,1062
816,1,1257,1062
816,1,1258,1062
816,1,1259,1062
816,1,1259,1061
816,1,1259,1060
816,1,1260,1059
816,1,1260,1060
816,1,1261,1060
816,1,1261,1061
816,1,1262,1061
816,1,1262,1062
816,1,1262,1063
816,1,1262,1064
816,1,1262,1065
816,1,1262,1064
816,1,1263,1064
816,1,1263,1063
816,1,1263,1062
816,1,1263,1061
816,1,1264,1061
816,1,1264,1062
816,1,1265,1062
816,1,1265,1063
816,1,1266,1063
816,1,1266,1064
816,1,1267,1065
816,1,1267,1066
816,1,1268,1066
816,1,1268,1067
816,1,1267,1067
816,1,1268,1067
816,1,1268,1068
816,1,1267,1068
816,1,1268,1068
816,1,1269,1068
816,1,1269,1069
816,1,1268,1069
816,1,1267,1069
816,1,1268,1069
816,1,1269,1069
816,1,1269,1070
816,1,1269,1071
816,1,1270,1071
816,1,1271,1071
816,1,1271,1070
816,1,1272,1070
816,1,1273,1069
816,1,1274,1068
816,1,1275,1067
816,1,1276,1066
816,1,1277,1066
816,1,1276,1065
816,1,1277,1065
816,1,1276,1065
816,1,1275,1065
816,1,1275,1064
816,1,1274,1064
816,1,1274,1063
816,1,1274,1062
816,1,1275,1062
816,1,1275,1061
816,1,1276,1061
816,1,1277,1062
816,1,1277,1061
816,1,1278,1061
816,1,1277,1061
816,1,1277,1060
816,1,1277,1059
816,1,1277,1058
816,1,1278,1058
816,1,1278,1059
816,1,1278,1058
816,1,1278,1059
816,1,1279,1059
816,1,1279,1058
816,1,1278,1057
816,1,1278,1058
816,1,1277,1058
816,1,1276,1058
816,1,1276,1057
816,1,1277,1057
816,1,1278,1057
816,1,1278,1056
816,1,1279,1056
816,1,1279,1055
816,1,1279,1054
816,1,1278,1054
816,1,1278,1053
816,1,1279,1053
816,1,1280,1053
816,1,1281,1054
816,1,1281,1053
816,1,1282,1053
816,1,1282,1054
816,1,1282,1053
816,1,1283,1053
816,1,1283,1054
816,1,1283,1053
816,1,1284,1053
816,1,1284,1052
816,1,1285,1052
816,1,1286,1052
816,1,1285,1053
816,1,1285,1054
816,1,1285,1055
816,1,1286,1055
816,1,1287,1055
816,1,1288,1055
816,1,1288,1056
816,1,1290,1056
816,1,1291,1055
816,1,1292,1055
816,1,1293,1055
816,1,1293,1054
816,1,1293,1055
816,1,1294,1055
816,1,1295,1056
816,1,1295,1057
816,1,1294,1057
816,1,1293,1056
816,1,1292,1057
816,1,1291,1057
816,1,1290,1057
816,1,1289,1057
816,1,1288,1058
816,1,1287,1059
816,1,1287,1058
816,1,1286,1057
816,1,1285,1058
816,1,1285,1059
816,1,1286,1059
816,1,1287,1059
816,1,1290,1060
816,1,1291,1060
816,1,1292,1060
816,1,1293,1060
816,1,1294,1060
816,1,1294,1061
816,1,1295,1061
816,1,1295,1062
816,1,1297,1062
816,1,1298,1062
816,1,1300,1063
816,1,1301,1064
816,1,1302,1065
816,1,1302,1066
816,1,1303,1066
816,1,1303,1067
816,1,1304,1067
816,1,1306,1067
816,1,1307,1066
816,1,1307,1065
816,1,1307,1064
816,1,1307,1063
816,1,1308,1063
816,1,1309,1064
816,1,1309,1065
816,1,1309,1066
816,1,1308,1067
816,1,1308,1068
816,1,1308,1069
816,1,1308,1070
816,1,1307,1070
816,1,1307,1071
816,1,1306,1071
816,1,1306,1072
816,1,1306,1073
816,1,1305,1073
816,1,1305,1074
816,1,1305,1075
816,1,1304,1075
816,1,1304,1076
816,1,1304,1077
816,1,1304,1076
816,1,1306,1075
816,1,1306,1074
816,1,1307,1073
816,1,1308,1072
816,1,1309,1071
816,1,1309,1070
816,1,1310,1070
816,1,1310,1069
816,1,1311,1069
816,1,1312,1070
816,1,1312,1071
816,1,1312,1072
816,1,1313,1072
816,1,1314,1072
816,1,1315,1073
816,1,1315,1072
816,1,1315,1071
816,1,1315,1072
816,1,1314,1071
816,1,1315,1071
816,1,1315,1070
816,1,1315,1069
816,1,1316,1069
816,1,1316,1068
816,1,1316,1067
816,1,1317,1067
816,1,1318,1067
816,1,1318,1068
816,1,1318,1067
816,1,1319,1066
816,1,1318,1066
816,1,1317,1066
816,1,1316,1065
816,1,1316,1064
816,1,1317,1065
816,1,1317,1064
816,1,1318,1064
816,1,1319,1063
816,1,1319,1064
816,1,1320,1064
816,1,1320,1063
816,1,1320,1062
816,1,1319,1062
816,1,1318,1062
816,1,1318,1063
816,1,1317,1063
816,1,1316,1063
816,1,1315,1063
816,1,1316,1062
816,1,1315,1062
816,1,1315,1061
816,1,1316,1060
816,1,1315,1060
816,1,1315,1059
816,1,1314,1059
816,1,1314,1058
816,1,1313,1058
816,1,1313,1057
816,1,1312,1056
816,1,1311,1056
816,1,1311,1057
816,1,1311,1058
816,1,1310,1058
816,1,1309,1057
816,1,1309,1056
816,1,1308,1056
816,1,1307,1055
816,1,1307,1056
816,1,1306,1056
816,1,1305,1056
816,1,1306,1055
816,1,1305,1055
816,1,1304,1055
816,1,1303,1055
816,1,1302,1055
816,1,1301,1055
816,1,1300,1054
816,1,1300,1055
816,1,1299,1055
816,1,1298,1055
816,1,1297,1055
816,1,1296,1055
816,1,1297,1055
816,1,1297,1054
816,1,1298,1054
816,1,1298,1055
816,1,1298,1054
816,1,1297,1053
816,1,1297,1052
816,1,1298,1052
816,1,1297,1052
816,1,1296,1052
816,1,1296,1051
816,1,1296,1050
816,1,1295,1050
816,1,1294,1050
816,1,1293,1050
816,1,1292,1049
816,1,1291,1048
816,1,1291,1047
816,1,1292,1047
816,1,1292,1046
816,1,1291,1046
816,1,1291,1045
816,1,1290,1045
816,1,1291,1044
816,1,1292,1044
816,1,1293,1045
816,1,1294,1046
816,1,1294,1045
816,1,1293,1045
816,1,1294,1045
816,1,1293,1045
816,1,1293,1044
816,1,1292,1044
816,1,1291,1043
816,1,1292,1043
816,1,1293,1043
816,1,1293,1044
816,1,1294,1043
816,1,1295,1043
816,1,1295,1042
816,1,1296,1042
816,1,1296,1043
816,1,1297,1043
816,1,1298,1043
816,1,1298,1042
816,1,1297,1042
816,1,1297,1041
816,1,1298,1041
816,1,1298,1040
816,1,1297,1040
816,1,1297,1039
816,1,1298,1039
816,1,1299,1039
816,1,1299,1040
816,1,1299,1041
816,1,1300,1041
816,1,1299,1041
816,1,1299,1042
816,1,1300,1042
816,1,1301,1042
816,1,1300,1041
816,1,1301,1041
816,1,1301,1040
816,1,1302,1041
816,1,1303,1041
816,1,1302,1040
816,1,1301,1040
816,1,1301,1039
816,1,1301,1038
816,1,1301,1037
816,1,1302,1037
816,1,1302,1036
816,1,1303,1035
816,1,1303,1036
816,1,1304,1036
816,1,1305,1036
816,1,1305,1037
816,1,1306,1037
816,1,1307,1037
816,1,1306,1036
816,1,1306,1035
816,1,1305,1036
816,1,1304,1036
816,1,1304,1035
816,1,1303,1035
816,1,1304,1034
816,1,1303,1034
816,1,1302,1034
816,1,1302,1033
816,1,1303,1033
816,1,1304,1033
816,1,1305,1033
816,1,1304,1033
816,1,1305,1034
816,1,1305,1033
816,1,1306,1033
816,1,1305,1032
816,1,1306,1032
816,1,1305,1032
816,1,1306,1032
816,1,1307,1032
816,1,1307,1031
816,1,1308,1031
816,1,1307,1031
816,1,1306,1031
816,1,1305,1031
816,1,1304,1031
816,1,1305,1031
816,1,1305,1030
816,1,1306,1030
816,1,1306,1029
816,1,1307,1029
816,1,1308,1028
816,1,1308,1027
816,1,1308,1026
816,1,1307,1026
816,1,1308,1025
816,1,1307,1025
816,1,1307,1026
816,1,1306,1025
816,1,1306,1026
816,1,1306,1027
816,1,1306,1028
816,1,1305,1028
816,1,1305,1029
816,1,1304,1029
816,1,1304,1030
816,1,1303,1030
816,1,1303,1031
816,1,1303,1030
816,1,1302,1030
816,1,1302,1029
816,1,1302,1028
816,1,1301,1028
816,1,1302,1028
816,1,1302,1027
816,1,1301,1027
816,1,1300,1027
816,1,1300,1026
816,1,1299,1026
816,1,1299,1025
816,1,1300,1025
816,1,1299,1025
816,1,1299,1024
816,1,1300,1024
816,1,1300,1025
816,1,1300,1024
816,1,1301,1025
816,1,1301,1026
816,1,1301,1025
816,1,1301,1024
816,1,1302,1024
816,1,1302,1023
816,1,1301,1023
816,1,1300,1024
816,1,1299,1024
816,1,1299,1023
816,1,1300,1023
816,1,1299,1023
816,1,1298,1023
816,1,1298,1022
816,1,1297,1022
816,1,1297,1023
816,1,1297,1024
816,1,1297,1025
816,1,1296,1025
816,1,1295,1026
816,1,1294,1026
816,1,1294,1027
816,1,1294,1028
816,1,1294,1029
816,1,1293,1030
816,1,1294,1031
816,1,1293,1032
816,1,1292,1033
816,1,1291,1033
816,1,1290,1033
816,1,1289,1032
816,1,1288,1032
816,1,1288,1031
816,1,1287,1031
816,1,1287,1030
816,1,1288,1029
816,1,1287,1029
816,1,1286,1029
816,1,1286,1030
816,1,1285,1030
816,1,1284,1030
816,1,1283,1030
816,1,1283,1029
816,1,1282,1028
816,1,1282,1027
816,1,1282,1026
816,1,1283,1026
816,1,1283,1025
816,1,1284,1025
816,1,1285,1024
816,1,1286,1024
816,1,1286,1025
816,1,1287,1025
816,1,1288,1025
816,1,1287,1025
816,1,1287,1024
816,1,1287,1023
816,1,1288,1023
816,1,1289,1023
816,1,1289,1022
816,1,1289,1021
816,1,1290,1021
816,1,1290,1020
816,1,1291,1020
816,1,1291,1019
816,1,1292,1019
816,1,1293,1019
816,1,1293,1018
816,1,1294,1018
816,1,1294,1017
816,1,1295,1017
816,1,1294,1017
816,1,1293,1017
816,1,1293,1016
816,1,1292,1016
816,1,1291,1016
816,1,1291,1015
816,1,1291,1014
816,1,1291,1013
816,1,1290,1013
816,1,1290,1012
816,1,1290,1013
816,1,1290,1012
816,1,1291,1011
816,1,1291,1010
816,1,1290,1010
816,1,1290,1009
816,1,1289,1009
816,1,1289,1008
816,1,1288,1007
816,1,1288,1006
816,1,1288,1005
816,1,1288,1004
816,1,1287,1004
816,1,1286,1003
816,1,1285,1003
816,1,1285,1002
816,1,1284,1002
816,1,1284,1001
816,1,1283,1001
816,1,1283,1000
816,1,1283,1001
816,1,1283,1000
816,1,1283,999
816,1,1283,1000
816,1,1283,999
816,1,1283,1000
816,1,1282,1000
816,1,1283,999
816,1,1282,999
816,1,1282,998
816,1,1282,997
816,1,1281,997
816,1,1282,997
816,1,1282,996
816,1,1281,995
816,1,1280,995
816,1,1281,995
816,1,1281,994
816,1,1281,993
816,1,1280,993
816,1,1281,993
816,1,1281,992
816,1,1282,992
816,1,1282,991
816,1,1281,991
816,1,1281,992
816,1,1281,991
816,1,1281,990
816,1,1281,989
816,1,1281,990
816,1,1281,989
816,1,1282,989
816,1,1282,988
816,1,1282,987
816,1,1282,988
816,1,1282,987
816,1,1283,988
816,1,1283,987
816,1,1282,987
816,1,1282,986
816,1,1283,986
816,1,1283,985
816,1,1283,984
816,1,1284,984
816,1,1283,983
816,1,1284,983
816,1,1284,982
816,1,1283,982
816,1,1284,981
816,1,1284,980
816,1,1285,980
816,1,1284,980
816,1,1284,979
816,1,1283,979
816,1,1281,979
816,1,1280,979
816,1,1279,979
816,1,1278,979
816,1,1277,979
816,1,1276,979
816,1,1274,979
816,1,1273,979
816,1,1272,979
816,1,1271,980
816,1,1270,980
816,1,1268,980
816,1,1267,980
816,1,1266,980
816,1,1265,980
816,1,1263,980
816,1,1261,980
816,1,1259,980
816,1,1258,980
816,1,1256,981
816,1,1255,981
816,1,1254,981
816,1,1253,981
816,1,1251,981
816,1,1250,981
816,1,1249,981
816,1,1247,981
816,1,1246,981
816,1,1243,981
816,1,1242,981
816,1,1241,981
816,1,1239,981
816,1,1239,982
816,1,1238,982
816,1,1237,982
816,1,1235,982
816,1,1234,982
816,1,1233,982
816,1,1231,982
816,1,1230,982
816,1,1229,982
816,1,1228,982
816,1,1225,982
816,1,1223,982
816,1,1222,982
816,1,1218,983
816,1,1217,983
816,1,1216,983
816,1,1215,983
816,1,1212,983
816,1,1210,983
816,1,1207,983
816,1,1206,983
816,1,1207,983
816,1,1208,982
816,1,1209,982
816,1,1209,981
816,1,1209,980
816,1,1208,979
816,1,1207,978
816,1,1206,978
816,1,1206,977
816,1,1207,977
816,1,1207,976
816,1,1207,975
816,1,1208,975
816,1,1208,974
816,1,1208,973
816,1,1207,973
816,1,1206,972
816,1,1205,972
816,1,1205,971
816,1,1205,970
816,1,1206,970
816,1,1207,970
816,1,1208,970
816,1,1209,970
816,1,1210,970
816,1,1211,970
816,1,1211,969
816,1,1211,968
816,1,1210,967
816,1,1209,966
816,1,1209,965
816,1,1209,964
816,1,1209,965
816,1,1208,965
816,1,1208,964
816,1,1208,963
816,1,1209,962
816,1,1209,963
816,1,1210,964
816,1,1210,965
816,1,1211,965
816,1,1212,965
816,1,1212,964
816,1,1212,963
816,1,1211,963
816,1,1211,962
816,1,1210,962
816,1,1210,961
816,1,1210,960
816,1,1210,959
816,1,1210,958
816,1,1210,957
816,1,1211,957
816,1,1212,957
816,1,1213,957
816,1,1214,956
816,1,1214,955
816,1,1214,954
816,1,1213,954
816,1,1212,955
816,1,1211,955
816,1,1210,954
816,1,1210,953
816,1,1210,952
816,1,1211,952
816,1,1211,953
816,1,1212,953
816,1,1213,953
816,1,1214,953
816,1,1215,953
816,1,1215,952
816,1,1214,951
816,1,1214,950
816,1,1214,949
816,1,1215,948
816,1,1215,947
816,1,1216,947
816,1,1217,947
816,1,1218,947
816,1,1219,947
816,1,1220,946
816,1,1219,945
816,1,1218,946
816,1,1217,946
816,1,1216,946
816,1,1216,945
816,1,1216,944
816,1,1216,942
816,1,1217,942
816,1,1218,941
816,1,1218,942
816,1,1218,943
816,1,1219,943
816,1,1219,944
816,1,1220,944
816,1,1220,943
816,1,1220,942
816,1,1219,942
816,1,1219,941
816,1,1220,941
816,1,1221,940
816,1,1222,939
816,1,1222,938
816,1,1223,938
816,1,1222,937
816,1,1222,938
816,1,1222,937
816,1,1222,936
816,1,1223,936
816,1,1223,935
816,1,1225,935
816,1,1226,935
816,1,1226,934
816,1,1227,933
816,1,1226,933
816,1,1226,932
816,1,1225,932
816,1,1224,932
816,1,1223,932
816,1,1223,931
816,1,1224,930
816,1,1224,931
816,1,1225,931
816,1,1225,932
816,1,1226,932
816,1,1226,930
816,1,1227,930
816,1,1228,929
816,1,1228,928
816,1,1229,928
816,1,1229,927
816,1,1229,926
816,1,1228,926
816,1,1227,926
816,1,1227,925
816,1,1227,926
816,1,1227,927
816,1,1227,928
816,1,1226,928
816,1,1225,928
816,1,1224,928
816,1,1223,928
816,1,1223,927
816,1,1222,927
816,1,1222,926
816,1,1223,925
816,1,1224,924
816,1,1225,924
816,1,1226,923
816,1,1227,924
816,1,1227,923
816,1,1227,922
816,1,1228,922
816,1,1228,923
816,1,1229,923
816,1,1229,924
816,1,1229,925
816,1,1230,925
816,1,1230,924
816,1,1230,923
816,1,1230,922
816,1,1230,921
816,1,1230,920
816,1,1231,920
816,1,1232,920
816,1,1232,919
816,1,1233,919
816,1,1233,918
816,1,1233,917
816,1,1234,917
816,1,1234,916
816,1,1233,916
816,1,1233,917
816,1,1232,917
816,1,1231,917
816,1,1229,917
816,1,1229,916
816,1,1229,915
816,1,1230,914
816,1,1230,913
816,1,1230,912
816,1,1229,912
816,1,1228,913
816,1,1227,913
816,1,1226,913
816,1,1225,913
816,1,1225,912
816,1,1224,912
816,1,1224,911
816,1,1224,910
816,1,1224,909
816,1,1225,908
816,1,1224,908
816,1,1225,908
816,1,1225,909
816,1,1226,909
816,1,1226,910
816,1,1227,910
816,1,1227,911
816,1,1228,911
816,1,1229,911
816,1,1229,910
816,1,1228,909
816,1,1226,909
816,1,1226,908
816,1,1225,908
816,1,1225,907
816,1,1226,907
816,1,1227,906
816,1,1228,905
816,1,1228,904
816,1,1228,903
816,1,1227,903
816,1,1227,904
816,1,1226,905
816,1,1225,905
816,1,1225,906
816,1,1224,906
816,1,1223,906
816,1,1223,905
816,1,1222,905
816,1,1222,904
816,1,1222,903
816,1,1223,903
816,1,1223,902
816,1,1224,901
816,1,1225,901
816,1,1225,900
816,1,1226,900
816,1,1226,899
816,1,1225,899
816,1,1224,899
816,1,1223,899
816,1,1222,899
816,1,1221,898
816,1,1222,897
816,1,1221,897
816,1,1221,896
816,1,1221,895
816,1,1222,895
816,1,1222,894
816,1,1223,893
816,1,1224,892
816,1,1225,891
816,1,1225,890
816,1,1225,889
816,1,1224,889
816,1,1224,888
816,1,1224,887
816,1,1223,887
816,1,1222,887
816,1,1222,888
816,1,1222,889
816,1,1222,890
816,1,1222,891
816,1,1221,891
816,1,1220,891
816,1,1219,890
816,1,1219,889
816,1,1219,888
816,1,1220,888
816,1,1220,887
816,1,1221,887
816,1,1221,886
816,1,1217,886
816,1,1216,886
816,1,1215,886
816,1,1214,886
816,1,1213,886
816,1,1212,886
816,1,1210,887
816,1,1209,887
816,1,1208,887
816,1,1207,887
816,1,1205,887
816,1,1204,887
816,1,1203,887
816,1,1202,887
816,1,1201,887
816,1,1199,887
816,1,1198,887
816,1,1197,887
816,1,1195,887
816,1,1192,887
816,1,1191,887
816,1,1190,887
816,1,1189,887
816,1,1188,887
816,1,1187,888
816,1,1185,888
816,1,1180,888
816,1,1178,888
816,1,1176,888
816,1,1174,888
816,1,1173,888
816,1,1172,888
816,1,1170,888
816,1,1169,888
816,1,1168,888
816,1,1167,888
816,1,1166,888
816,1,1161,888
816,1,1160,888
816,1,1159,888
816,1,1158,888
816,1,1157,888
816,1,1155,888
816,1,1154,888
816,1,1153,888
816,1,1152,888
816,1,1149,888
816,1,1148,888
816,1,1148,889
816,1,1146,889
816,1,1145,889
816,1,1144,889
816,1,1143,889
816,1,1141,889
816,1,1139,889
816,1,1138,889
816,1,1135,889
816,1,1134,889
816,1,1132,889
816,1,1131,889
816,1,1130,889
816,1,1129,889
816,1,1128,889
816,1,1126,889
816,1,1123,889
816,1,1122,889
816,1,1120,889
816,1,1119,889
816,1,1118,889
816,1,1115,889
816,1,1112,889
816,1,1111,889
816,1,1109,889
816,1,1108,889
816,1,1106,890
818,1,1459,281
818,1,1460,282
818,1,1459,281
821,1,1456,281
821,1,1457,281
821,1,1456,281
822,1,1454,275
822,1,1455,276
822,1,1455,275
822,1,1454,275
823,1,1453,285
823,1,1453,286
823,1,1453,285
824,1,1459,338
824,1,1460,338
824,1,1459,338
825,1,1460,340
825,1,1460,341
825,1,1460,340
826,1,1458,331
826,1,1459,331
826,1,1458,331
827,1,1459,341
827,1,1460,341
827,1,1459,341
828,1,1459,339
828,1,1459,340
828,1,1460,340
828,1,1459,340
828,1,1459,339
828,1,1460,339
828,1,1459,339
829,1,1459,341
829,1,1459,342
829,1,1459,341
829,1,1459,340
829,1,1459,341
830,1,1457,333
830,1,1458,333
830,1,1458,332
830,1,1457,332
830,1,1457,333
833,1,1437,236
833,1,1437,235
833,1,1437,236
835,1,1436,237
835,1,1436,236
835,1,1436,237
839,1,1434,235
839,1,1435,235
839,1,1434,235
840,1,1434,237
840,1,1435,237
840,1,1436,237
840,1,1436,236
840,1,1435,236
840,1,1434,236
840,1,1434,237
847,1,1433,236
847,1,1433,235
847,1,1433,236
849,1,1433,236
849,1,1433,237
849,1,1433,236
850,1,1432,234
850,1,1432,235
850,1,1433,234
850,1,1433,235
850,1,1433,234
850,1,1433,235
850,1,1434,235
850,1,1434,234
850,1,1433,234
850,1,1432,234
852,1,1447,350
852,1,1448,350
852,1,1447,350
855,1,1431,235
855,1,1432,235
855,1,1432,236
855,1,1432,235
855,1,1431,235
856,1,1432,237
856,1,1432,236
856,1,1432,237
857,1,1431,236
857,1,1432,236
857,1,1431,236
857,1,1431,235
857,1,1431,236
859,1,1431,241
859,1,1432,241
859,1,1433,241
859,1,1433,242
859,1,1433,241
859,1,1433,242
859,1,1433,241
859,1,1434,241
859,1,1434,242
859,1,1435,242
859,1,1435,241
859,1,1436,241
859,1,1436,242
859,1,1437,242
859,1,1437,241
859,1,1437,242
859,1,1438,241
859,1,1438,242
859,1,1438,241
859,1,1439,241
859,1,1440,241
859,1,1440,240
859,1,1440,241
859,1,1440,242
859,1,1440,241
859,1,1441,241
859,1,1441,242
859,1,1442,242
859,1,1443,242
859,1,1443,241
859,1,1443,242
859,1,1444,242
859,1,1444,241
859,1,1444,240
859,1,1444,239
859,1,1445,239
859,1,1445,238
859,1,1444,238
859,1,1443,238
859,1,1443,237
859,1,1443,238
859,1,1443,237
859,1,1442,237
859,1,1442,236
859,1,1442,235
859,1,1441,235
859,1,1441,234
859,1,1440,234
859,1,1439,234
859,1,1439,233
859,1,1438,234
859,1,1438,233
859,1,1438,234
859,1,1437,234
859,1,1436,234
859,1,1436,235
859,1,1437,235
859,1,1438,235
859,1,1438,236
859,1,1437,236
859,1,1437,237
859,1,1436,237
859,1,1436,238
859,1,1435,238
859,1,1434,238
859,1,1435,238
859,1,1435,239
859,1,1434,239
859,1,1434,240
859,1,1433,240
859,1,1433,239
859,1,1433,240
859,1,1433,239
859,1,1433,238
859,1,1432,238
859,1,1432,239
859,1,1432,240
859,1,1431,240
859,1,1431,241
861,1,1430,239
861,1,1431,239
861,1,1430,239
862,1,1427,235
862,1,1427,236
862,1,1427,235
864,1,1426,236
864,1,1427,236
864,1,1427,237
864,1,1428,237
864,1,1428,236
864,1,1427,236
864,1,1427,235
864,1,1426,235
864,1,1426,236
868,1,1413,245
868,1,1413,246
868,1,1414,246
868,1,1414,245
868,1,1413,245
871,1,1408,244
871,1,1409,244
871,1,1408,244
872,1,1409,251
872,1,1409,252
872,1,1410,252
872,1,1411,253
872,1,1412,254
872,1,1412,255
872,1,1413,255
872,1,1414,255
872,1,1415,255
872,1,1416,255
872,1,1416,254
872,1,1416,253
872,1,1417,253
872,1,1417,252
872,1,1416,252
872,1,1415,252
872,1,1415,251
872,1,1414,251
872,1,1415,251
872,1,1414,251
872,1,1414,252
872,1,1413,252
872,1,1413,251
872,1,1412,251
872,1,1411,251
872,1,1410,251
872,1,1409,251
873,1,1408,250
873,1,1408,251
873,1,1409,251
873,1,1409,250
873,1,1408,250
874,1,1406,244
874,1,1406,245
874,1,1407,245
874,1,1407,244
874,1,1406,243
874,1,1406,244
875,1,1406,249
875,1,1407,249
875,1,1407,250
875,1,1408,250
875,1,1408,249
875,1,1407,248
875,1,1406,248
875,1,1407,248
875,1,1407,249
875,1,1406,249
879,1,1394,255
879,1,1395,255
879,1,1394,255
880,1,1393,255
880,1,1393,256
880,1,1393,255
880,1,1393,256
880,1,1393,255
880,1,1394,255
880,1,1393,255
883,1,1382,256
883,1,1383,256
883,1,1383,255
883,1,1384,255
883,1,1383,255
883,1,1383,254
883,1,1383,255
883,1,1383,256
883,1,1382,256
884,1,1378,255
884,1,1378,256
884,1,1378,255
884,1,1379,256
884,1,1378,256
884,1,1379,257
884,1,1379,256
884,1,1380,256
884,1,1380,255
884,1,1379,255
884,1,1379,254
884,1,1378,254
884,1,1377,255
884,1,1378,255
887,1,1375,254
887,1,1376,254
887,1,1375,254
889,1,1375,265
889,1,1375,266
889,1,1376,266
889,1,1377,266
889,1,1378,266
889,1,1379,266
889,1,1379,265
889,1,1380,265
889,1,1380,264
889,1,1380,263
889,1,1380,262
889,1,1379,262
889,1,1379,261
889,1,1379,260
889,1,1379,259
889,1,1379,258
889,1,1378,258
889,1,1379,258
889,1,1379,257
889,1,1378,258
889,1,1377,258
889,1,1377,257
889,1,1376,258
889,1,1377,258
889,1,1377,259
889,1,1377,260
889,1,1376,260
889,1,1376,261
889,1,1376,262
889,1,1376,263
889,1,1376,264
889,1,1375,264
889,1,1375,265
890,1,1372,257
890,1,1373,257
890,1,1372,257
891,1,1372,259
891,1,1372,260
891,1,1373,260
891,1,1372,260
891,1,1373,260
891,1,1373,261
891,1,1372,261
891,1,1373,261
891,1,1373,260
891,1,1374,260
891,1,1374,259
891,1,1373,259
891,1,1373,258
891,1,1373,259
891,1,1372,259
891,1,1373,259
891,1,1372,259
892,1,1370,271
892,1,1370,272
892,1,1371,272
892,1,1371,271
892,1,1370,271
893,1,1368,262
893,1,1368,261
893,1,1368,262
894,1,1368,274
894,1,1368,275
894,1,1369,276
894,1,1369,277
894,1,1370,277
894,1,1370,276
894,1,1370,275
894,1,1369,275
894,1,1369,274
894,1,1368,274
895,1,1363,289
895,1,1363,290
895,1,1363,291
895,1,1364,291
895,1,1365,292
895,1,1365,293
895,1,1366,293
895,1,1366,292
895,1,1367,292
895,1,1366,292
895,1,1366,291
895,1,1366,290
895,1,1366,289
895,1,1366,288
895,1,1365,288
895,1,1364,288
895,1,1363,288
895,1,1363,289
896,1,1361,295
896,1,1361,296
896,1,1362,296
896,1,1362,295
896,1,1363,295
896,1,1362,295
896,1,1362,294
896,1,1363,294
896,1,1362,294
896,1,1362,293
896,1,1361,293
896,1,1361,294
896,1,1361,295
898,1,1341,270
898,1,1341,271
898,1,1341,272
898,1,1342,272
898,1,1342,271
898,1,1342,270
898,1,1341,270
899,1,1341,272
899,1,1341,273
899,1,1341,272
900,1,1339,269
900,1,1340,269
900,1,1341,269
900,1,1340,269
900,1,1340,268
900,1,1339,268
900,1,1339,269
901,1,1335,224
901,1,1335,225
901,1,1335,226
901,1,1336,226
901,1,1336,227
901,1,1336,228
901,1,1337,228
901,1,1337,227
901,1,1338,227
901,1,1337,228
901,1,1338,228
901,1,1338,227
901,1,1338,226
901,1,1338,227
901,1,1337,227
901,1,1337,226
901,1,1337,225
901,1,1338,225
901,1,1337,225
901,1,1338,224
901,1,1337,224
901,1,1337,223
901,1,1336,223
901,1,1335,223
901,1,1335,224
908,1,1336,260
908,1,1337,260
908,1,1336,260
910,1,1337,274
910,1,1337,275
910,1,1338,275
910,1,1338,274
910,1,1337,274
911,1,1353,453
911,1,1354,453
911,1,1355,453
911,1,1356,453
911,1,1357,453
911,1,1358,453
911,1,1359,453
911,1,1360,452
911,1,1362,452
911,1,1364,452
911,1,1365,452
911,1,1366,452
911,1,1367,452
911,1,1368,452
911,1,1370,451
911,1,1371,451
911,1,1372,451
911,1,1373,451
911,1,1374,451
911,1,1375,451
911,1,1376,451
911,1,1377,451
911,1,1378,451
911,1,1379,450
911,1,1380,450
911,1,1381,450
911,1,1382,450
911,1,1383,450
911,1,1384,450
911,1,1385,450
911,1,1386,450
911,1,1387,450
911,1,1388,450
911,1,1389,449
911,1,1390,449
911,1,1391,449
911,1,1392,449
911,1,1393,449
911,1,1394,449
911,1,1395,449
911,1,1396,449
911,1,1398,448
911,1,1399,448
911,1,1400,448
911,1,1402,448
911,1,1403,448
911,1,1404,448
911,1,1405,448
911,1,1406,448
911,1,1407,447
911,1,1408,447
911,1,1409,447
911,1,1411,447
911,1,1412,447
911,1,1413,447
911,1,1414,447
911,1,1415,447
911,1,1416,446
911,1,1417,446
911,1,1418,446
911,1,1419,446
911,1,1420,446
911,1,1421,446
911,1,1423,446
911,1,1424,445
911,1,1425,446
911,1,1425,447
911,1,1425,448
911,1,1427,448
911,1,1428,448
911,1,1429,448
911,1,1430,448
911,1,1433,447
911,1,1435,447
911,1,1436,447
911,1,1437,447
911,1,1438,446
911,1,1439,446
911,1,1440,446
911,1,1441,446
911,1,1444,445
911,1,1445,445
911,1,1446,445
911,1,1447,445
911,1,1448,445
911,1,1449,445
911,1,1450,445
911,1,1450,444
911,1,1451,444
911,1,1452,444
911,1,1453,444
911,1,1455,444
911,1,1456,444
911,1,1457,443
911,1,1458,443
911,1,1459,443
911,1,1460,443
911,1,1461,443
911,1,1462,443
911,1,1462,442
911,1,1463,442
911,1,1464,442
911,1,1465,442
911,1,1466,442
911,1,1467,442
911,1,1468,442
911,1,1468,441
911,1,1469,441
911,1,1470,441
911,1,1471,441
911,1,1472,441
911,1,1472,440
911,1,1471,440
911,1,1472,440
911,1,1471,439
911,1,1472,439
911,1,1472,440
911,1,1473,439
911,1,1473,440
911,1,1472,439
911,1,1472,438
911,1,1472,437
911,1,1473,436
911,1,1474,435
911,1,1474,434
911,1,1474,433
911,1,1475,433
911,1,1475,434
911,1,1475,433
911,1,1475,432
911,1,1475,431
911,1,1476,431
911,1,1476,430
911,1,1477,430
911,1,1478,430
911,1,1478,429
911,1,1478,428
911,1,1479,427
911,1,1478,427
911,1,1479,427
911,1,1479,426
911,1,1480,426
911,1,1480,425
911,1,1479,425
911,1,1480,425
911,1,1480,424
911,1,1479,424
911,1,1479,423
911,1,1480,423
911,1,1480,422
911,1,1481,422
911,1,1481,421
911,1,1482,421
911,1,1482,420
911,1,1481,420
911,1,1481,419
911,1,1481,418
911,1,1481,417
911,1,1481,416
911,1,1481,415
911,1,1481,414
911,1,1481,413
911,1,1481,412
911,1,1482,412
911,1,1482,411
911,1,1483,411
911,1,1483,410
911,1,1484,410
911,1,1485,410
911,1,1486,409
911,1,1485,409
911,1,1486,409
911,1,1487,408
911,1,1487,407
911,1,1488,407
911,1,1488,406
911,1,1488,405
911,1,1488,404
911,1,1488,403
911,1,1487,403
911,1,1487,402
911,1,1488,402
911,1,1487,402
911,1,1488,402
911,1,1487,402
911,1,1487,401
911,1,1487,400
911,1,1488,400
911,1,1488,399
911,1,1488,398
911,1,1489,398
911,1,1490,398
911,1,1490,397
911,1,1490,396
911,1,1491,396
911,1,1490,396
911,1,1489,396
911,1,1489,395
911,1,1489,394
911,1,1490,394
911,1,1490,393
911,1,1491,393
911,1,1491,392
911,1,1492,392
911,1,1492,391
911,1,1493,391
911,1,1494,392
911,1,1495,392
911,1,1495,393
911,1,1495,394
911,1,1495,393
911,1,1494,393
911,1,1494,394
911,1,1493,394
911,1,1493,395
911,1,1494,395
911,1,1493,395
911,1,1493,396
911,1,1494,396
911,1,1495,396
911,1,1494,396
911,1,1494,397
911,1,1494,398
911,1,1494,397
911,1,1495,397
911,1,1495,398
911,1,1494,399
911,1,1495,399
911,1,1495,398
911,1,1496,397
911,1,1496,398
911,1,1497,398
911,1,1497,397
911,1,1498,397
911,1,1498,396
911,1,1498,395
911,1,1499,395
911,1,1499,394
911,1,1499,393
911,1,1499,392
911,1,1499,390
911,1,1500,390
911,1,1500,389
911,1,1500,388
911,1,1500,387
911,1,1500,386
911,1,1499,385
911,1,1499,384
911,1,1499,383
911,1,1499,382
911,1,1499,381
911,1,1499,380
911,1,1499,379
911,1,1500,378
911,1,1500,377
911,1,1500,376
911,1,1500,375
911,1,1500,374
911,1,1499,374
911,1,1499,373
911,1,1498,373
911,1,1498,372
911,1,1498,371
911,1,1497,371
911,1,1497,370
911,1,1497,369
911,1,1496,368
911,1,1496,367
911,1,1496,366
911,1,1495,366
911,1,1495,365
911,1,1495,364
911,1,1495,363
911,1,1494,363
911,1,1494,362
911,1,1494,361
911,1,1494,360
911,1,1494,359
911,1,1494,358
911,1,1493,357
911,1,1493,356
911,1,1493,355
911,1,1493,354
911,1,1492,354
911,1,1492,353
911,1,1492,352
911,1,1491,352
911,1,1491,351
911,1,1491,350
911,1,1490,349
911,1,1490,348
911,1,1490,347
911,1,1490,346
911,1,1489,346
911,1,1489,345
911,1,1489,344
911,1,1489,343
911,1,1489,342
911,1,1488,342
911,1,1489,341
911,1,1488,341
911,1,1489,341
911,1,1488,341
911,1,1488,340
911,1,1488,339
911,1,1488,338
911,1,1487,338
911,1,1487,337
911,1,1487,336
911,1,1486,336
911,1,1487,336
911,1,1486,336
911,1,1486,335
911,1,1485,335
911,1,1485,334
911,1,1485,333
911,1,1484,333
911,1,1484,332
911,1,1483,331
911,1,1483,330
911,1,1482,330
911,1,1482,329
911,1,1481,329
911,1,1480,329
911,1,1480,328
911,1,1479,328
911,1,1478,328
911,1,1477,328
911,1,1477,327
911,1,1476,327
911,1,1475,327
911,1,1474,327
911,1,1474,328
911,1,1473,328
911,1,1472,328
911,1,1472,329
911,1,1472,330
911,1,1471,330
911,1,1471,331
911,1,1470,331
911,1,1469,331
911,1,1469,332
911,1,1468,332
911,1,1467,332
911,1,1466,332
911,1,1465,333
911,1,1465,334
911,1,1464,334
911,1,1464,335
911,1,1464,336
911,1,1463,336
911,1,1462,336
911,1,1461,336
911,1,1460,336
911,1,1460,337
911,1,1461,337
911,1,1462,337
911,1,1463,337
911,1,1463,338
911,1,1462,339
911,1,1461,339
911,1,1461,340
911,1,1461,341
911,1,1461,342
911,1,1460,342
911,1,1461,342
911,1,1460,342
911,1,1460,343
911,1,1460,342
911,1,1460,343
911,1,1460,344
911,1,1460,345
911,1,1459,345
911,1,1459,346
911,1,1459,347
911,1,1458,347
911,1,1458,346
911,1,1457,346
911,1,1458,346
911,1,1457,346
911,1,1457,347
911,1,1457,348
911,1,1456,348
911,1,1456,349
911,1,1455,350
911,1,1455,351
911,1,1454,351
911,1,1454,352
911,1,1454,353
911,1,1453,353
911,1,1452,353
911,1,1451,352
911,1,1450,352
911,1,1449,352
911,1,1448,352
911,1,1448,351
911,1,1447,351
911,1,1446,351
911,1,1445,351
911,1,1445,350
911,1,1444,350
911,1,1444,349
911,1,1443,349
911,1,1443,348
911,1,1443,347
911,1,1442,347
911,1,1442,346
911,1,1443,346
911,1,1443,345
911,1,1443,344
911,1,1443,343
911,1,1443,342
911,1,1443,341
911,1,1443,340
911,1,1443,339
911,1,1443,338
911,1,1444,338
911,1,1443,338
911,1,1444,337
911,1,1444,336
911,1,1444,335
911,1,1445,335
911,1,1445,334
911,1,1445,335
911,1,1446,335
911,1,1446,334
911,1,1446,335
911,1,1447,335
911,1,1448,335
911,1,1448,334
911,1,1449,334
911,1,1450,334
911,1,1450,333
911,1,1450,332
911,1,1450,331
911,1,1451,331
911,1,1452,331
911,1,1453,331
911,1,1453,330
911,1,1453,329
911,1,1453,328
911,1,1454,328
911,1,1453,328
911,1,1453,327
911,1,1453,326
911,1,1453,325
911,1,1453,324
911,1,1453,323
911,1,1453,322
911,1,1453,321
911,1,1454,321
911,1,1454,320
911,1,1455,320
911,1,1455,319
911,1,1456,319
911,1,1456,320
911,1,1457,320
911,1,1456,320
911,1,1456,321
911,1,1457,321
911,1,1457,320
911,1,1457,319
911,1,1457,318
911,1,1458,318
911,1,1458,317
911,1,1459,317
911,1,1459,316
911,1,1460,316
911,1,1460,315
911,1,1460,314
911,1,1460,313
911,1,1460,312
911,1,1459,311
911,1,1459,310
911,1,1459,309
911,1,1460,309
911,1,1459,308
911,1,1459,307
911,1,1459,306
911,1,1460,306
911,1,1459,306
911,1,1459,305
911,1,1459,304
911,1,1459,303
911,1,1459,302
911,1,1459,301
911,1,1459,300
911,1,1459,299
911,1,1460,299
911,1,1460,298
911,1,1459,297
911,1,1459,296
911,1,1458,296
911,1,1459,296
911,1,1459,295
911,1,1458,295
911,1,1458,294
911,1,1458,293
911,1,1458,292
911,1,1457,292
911,1,1457,291
911,1,1457,290
911,1,1456,290
911,1,1455,290
911,1,1455,289
911,1,1454,289
911,1,1453,289
911,1,1453,288
911,1,1452,287
911,1,1452,286
911,1,1451,285
911,1,1452,284
911,1,1452,285
911,1,1452,284
911,1,1451,284
911,1,1452,284
911,1,1451,284
911,1,1451,283
911,1,1452,283
911,1,1452,282
911,1,1453,282
911,1,1453,281
911,1,1454,281
911,1,1454,282
911,1,1455,282
911,1,1455,283
911,1,1456,283
911,1,1457,283
911,1,1458,283
911,1,1458,282
911,1,1457,282
911,1,1456,282
911,1,1456,281
911,1,1456,280
911,1,1456,279
911,1,1455,279
911,1,1455,278
911,1,1455,277
911,1,1454,277
911,1,1453,277
911,1,1453,276
911,1,1453,275
911,1,1452,275
911,1,1452,274
911,1,1452,273
911,1,1451,273
911,1,1452,273
911,1,1451,273
911,1,1452,273
911,1,1452,272
911,1,1452,271
911,1,1452,272
911,1,1452,271
911,1,1451,271
911,1,1450,271
911,1,1450,270
911,1,1449,270
911,1,1449,269
911,1,1449,270
911,1,1448,269
911,1,1449,269
911,1,1448,269
911,1,1448,268
911,1,1448,269
911,1,1447,269
911,1,1447,268
911,1,1446,268
911,1,1446,269
911,1,1445,269
911,1,1444,269
911,1,1444,268
911,1,1443,268
911,1,1442,268
911,1,1442,267
911,1,1441,267
911,1,1440,267
911,1,1440,266
911,1,1440,267
911,1,1439,267
911,1,1438,267
911,1,1437,267
911,1,1437,266
911,1,1436,266
911,1,1435,266
911,1,1435,265
911,1,1434,265
911,1,1434,264
911,1,1433,264
911,1,1432,264
911,1,1431,264
911,1,1430,264
911,1,1429,264
911,1,1428,264
911,1,1427,264
911,1,1426,264
911,1,1426,263
911,1,1426,262
911,1,1426,261
911,1,1425,261
911,1,1425,260
911,1,1424,260
911,1,1424,259
911,1,1423,259
911,1,1423,258
911,1,1422,258
911,1,1421,258
911,1,1420,258
911,1,1419,258
911,1,1419,257
911,1,1418,257
911,1,1418,258
911,1,1417,258
911,1,1416,258
911,1,1415,257
911,1,1415,258
911,1,1415,259
911,1,1415,258
911,1,1414,258
911,1,1413,258
911,1,1413,257
911,1,1412,257
911,1,1411,257
911,1,1411,256
911,1,1410,256
911,1,1409,256
911,1,1408,255
911,1,1407,255
911,1,1406,255
911,1,1406,254
911,1,1405,254
911,1,1404,254
911,1,1404,253
911,1,1405,253
911,1,1404,253
911,1,1403,253
911,1,1402,253
911,1,1402,254
911,1,1403,254
911,1,1402,255
911,1,1401,255
911,1,1400,255
911,1,1399,255
911,1,1399,256
911,1,1398,255
911,1,1397,255
911,1,1396,255
911,1,1395,255
911,1,1395,256
911,1,1396,256
911,1,1397,256
911,1,1398,257
911,1,1398,258
911,1,1397,258
911,1,1397,259
911,1,1396,259
911,1,1396,260
911,1,1395,261
911,1,1394,261
911,1,1394,262
911,1,1393,263
911,1,1393,264
911,1,1392,264
911,1,1392,265
911,1,1393,265
911,1,1393,266
911,1,1393,267
911,1,1393,268
911,1,1394,268
911,1,1394,269
911,1,1394,270
911,1,1395,270
911,1,1395,271
911,1,1396,271
911,1,1397,271
911,1,1398,271
911,1,1399,271
911,1,1400,271
911,1,1400,272
911,1,1400,273
911,1,1399,273
911,1,1398,274
911,1,1397,274
911,1,1396,274
911,1,1395,274
911,1,1394,274
911,1,1393,274
911,1,1393,275
911,1,1392,275
911,1,1392,274
911,1,1392,275
911,1,1391,275
911,1,1390,275
911,1,1390,276
911,1,1389,276
911,1,1389,277
911,1,1389,278
911,1,1388,278
911,1,1388,277
911,1,1388,278
911,1,1387,278
911,1,1387,279
911,1,1386,279
911,1,1386,280
911,1,1386,281
911,1,1385,281
911,1,1385,282
911,1,1385,283
911,1,1385,284
911,1,1386,284
911,1,1386,285
911,1,1386,286
911,1,1386,287
911,1,1387,287
911,1,1387,288
911,1,1387,289
911,1,1387,290
911,1,1387,291
911,1,1387,292
911,1,1387,293
911,1,1387,294
911,1,1387,295
911,1,1387,296
911,1,1387,297
911,1,1386,297
911,1,1386,298
911,1,1386,299
911,1,1386,300
911,1,1385,300
911,1,1385,301
911,1,1385,302
911,1,1384,302
911,1,1384,303
911,1,1384,304
911,1,1384,305
911,1,1383,305
911,1,1383,306
911,1,1382,306
911,1,1382,305
911,1,1381,305
911,1,1382,305
911,1,1382,304
911,1,1382,303
911,1,1382,302
911,1,1382,301
911,1,1383,301
911,1,1383,300
911,1,1384,300
911,1,1383,300
911,1,1384,300
911,1,1383,300
911,1,1383,299
911,1,1384,299
911,1,1384,298
911,1,1383,298
911,1,1384,298
911,1,1384,297
911,1,1383,297
911,1,1383,296
911,1,1384,296
911,1,1383,296
911,1,1384,296
911,1,1383,295
911,1,1384,295
911,1,1384,294
911,1,1383,294
911,1,1382,295
911,1,1382,296
911,1,1382,297
911,1,1382,298
911,1,1381,298
911,1,1381,299
911,1,1382,299
911,1,1382,298
911,1,1382,299
911,1,1382,300
911,1,1382,301
911,1,1381,302
911,1,1381,303
911,1,1381,304
911,1,1381,305
911,1,1380,305
911,1,1379,305
911,1,1379,304
911,1,1379,303
911,1,1379,302
911,1,1378,301
911,1,1378,300
911,1,1378,299
911,1,1379,299
911,1,1379,298
911,1,1379,297
911,1,1380,297
911,1,1380,296
911,1,1379,296
911,1,1380,296
911,1,1380,295
911,1,1379,295
911,1,1380,295
911,1,1379,295
911,1,1379,294
911,1,1379,295
911,1,1378,296
911,1,1378,295
911,1,1378,294
911,1,1379,294
911,1,1379,293
911,1,1379,292
911,1,1379,291
911,1,1380,291
911,1,1380,292
911,1,1380,291
911,1,1380,290
911,1,1380,291
911,1,1380,290
911,1,1379,290
911,1,1379,289
911,1,1378,288
911,1,1378,287
911,1,1379,287
911,1,1379,286
911,1,1380,286
911,1,1380,287
911,1,1380,286
911,1,1380,285
911,1,1381,285
911,1,1381,284
911,1,1380,284
911,1,1379,285
911,1,1378,285
911,1,1377,286
911,1,1377,287
911,1,1377,288
911,1,1376,288
911,1,1376,289
911,1,1376,290
911,1,1376,291
911,1,1375,291
911,1,1374,292
911,1,1374,293
911,1,1374,294
911,1,1373,294
911,1,1373,295
911,1,1373,296
911,1,1373,297
911,1,1372,297
911,1,1371,298
911,1,1370,298
911,1,1370,297
911,1,1369,296
911,1,1368,296
911,1,1368,297
911,1,1368,298
911,1,1367,298
911,1,1367,299
911,1,1367,300
911,1,1366,300
911,1,1365,300
911,1,1365,299
911,1,1364,300
911,1,1364,301
911,1,1364,302
911,1,1364,303
911,1,1365,304
911,1,1364,305
911,1,1364,306
911,1,1365,306
911,1,1365,307
911,1,1364,307
911,1,1364,308
911,1,1363,309
911,1,1362,309
911,1,1361,309
911,1,1360,310
911,1,1359,310
911,1,1359,311
911,1,1359,312
911,1,1359,313
911,1,1359,314
911,1,1360,314
911,1,1360,315
911,1,1360,316
911,1,1361,316
911,1,1361,317
911,1,1361,318
911,1,1360,318
911,1,1360,319
911,1,1360,320
911,1,1360,321
911,1,1360,322
911,1,1360,323
911,1,1360,324
911,1,1360,325
911,1,1360,326
911,1,1360,327
911,1,1360,328
911,1,1359,329
911,1,1359,330
911,1,1359,331
911,1,1358,332
911,1,1358,333
911,1,1358,334
911,1,1357,334
911,1,1357,335
911,1,1357,336
911,1,1357,337
911,1,1356,337
911,1,1356,338
911,1,1356,339
911,1,1355,339
911,1,1355,340
911,1,1354,341
911,1,1353,341
911,1,1353,342
911,1,1353,343
911,1,1354,344
911,1,1354,345
911,1,1355,345
911,1,1355,346
911,1,1355,347
911,1,1356,347
911,1,1356,348
911,1,1356,349
911,1,1356,350
911,1,1357,351
911,1,1357,352
911,1,1357,353
911,1,1357,354
911,1,1357,355
911,1,1357,356
911,1,1356,357
911,1,1356,358
911,1,1355,359
911,1,1355,360
911,1,1354,360
911,1,1354,361
911,1,1354,362
911,1,1354,363
911,1,1355,364
911,1,1355,365
911,1,1356,366
911,1,1356,367
911,1,1357,367
911,1,1357,368
911,1,1357,369
911,1,1358,369
911,1,1358,370
911,1,1358,371
911,1,1358,372
911,1,1359,372
911,1,1359,373
911,1,1359,374
911,1,1360,375
911,1,1360,376
911,1,1360,377
911,1,1361,377
911,1,1361,378
911,1,1362,378
911,1,1362,379
911,1,1362,380
911,1,1363,380
911,1,1363,381
911,1,1364,382
911,1,1364,383
911,1,1365,384
911,1,1366,385
911,1,1366,386
911,1,1366,387
911,1,1367,387
911,1,1367,388
911,1,1367,389
911,1,1367,390
911,1,1368,390
911,1,1368,391
911,1,1368,392
911,1,1368,393
911,1,1369,394
911,1,1369,395
911,1,1369,396
911,1,1369,397
911,1,1369,398
911,1,1369,400
911,1,1370,401
911,1,1370,402
911,1,1370,403
911,1,1370,404
911,1,1370,405
911,1,1370,406
911,1,1370,407
911,1,1370,408
911,1,1370,409
911,1,1370,410
911,1,1370,411
911,1,1370,412
911,1,1370,413
911,1,1370,414
911,1,1370,415
911,1,1370,416
911,1,1370,418
911,1,1369,420
911,1,1369,421
911,1,1369,422
911,1,1369,423
911,1,1369,424
911,1,1368,424
911,1,1368,426
911,1,1367,428
911,1,1367,429
911,1,1366,430
911,1,1366,431
911,1,1365,431
911,1,1365,432
911,1,1365,433
911,1,1364,434
911,1,1363,435
911,1,1363,436
911,1,1363,437
911,1,1363,438
911,1,1362,438
911,1,1362,439
911,1,1362,440
911,1,1361,441
911,1,1361,442
911,1,1361,443
911,1,1361,444
911,1,1360,445
911,1,1360,446
911,1,1359,446
911,1,1359,447
911,1,1359,448
911,1,1358,448
911,1,1358,449
911,1,1357,449
911,1,1357,450
911,1,1356,451
911,1,1355,451
911,1,1355,452
911,1,1354,452
911,1,1354,453
911,1,1353,453
912,1,1329,227
912,1,1329,228
912,1,1329,227
914,1,1311,224
914,1,1311,223
914,1,1311,224
917,1,1300,186
917,1,1301,186
917,1,1302,186
917,1,1302,185
917,1,1301,185
917,1,1300,185
917,1,1300,186
919,1,1291,208
919,1,1291,209
919,1,1292,209
919,1,1292,208
919,1,1291,208
920,1,1290,208
920,1,1291,208
920,1,1290,208
921,1,1281,204
921,1,1281,203
921,1,1281,204
922,1,1274,149
922,1,1275,149
922,1,1274,149
923,1,1262,156
923,1,1263,156
923,1,1262,156
924,1,1260,164
924,1,1261,164
924,1,1260,164
926,1,1246,168
926,1,1247,168
926,1,1248,167
926,1,1248,168
926,1,1247,168
926,1,1247,169
926,1,1248,169
926,1,1248,170
926,1,1249,170
926,1,1250,170
926,1,1251,170
926,1,1252,169
926,1,1253,169
926,1,1253,168
926,1,1254,168
926,1,1255,168
926,1,1255,167
926,1,1256,167
926,1,1257,167
926,1,1257,166
926,1,1258,166
926,1,1256,166
926,1,1256,167
926,1,1256,166
926,1,1255,167
926,1,1255,166
926,1,1255,167
926,1,1254,167
926,1,1254,166
926,1,1255,166
926,1,1255,165
926,1,1256,165
926,1,1256,164
926,1,1257,164
926,1,1257,163
926,1,1258,163
926,1,1258,164
926,1,1258,163
926,1,1259,163
926,1,1260,163
926,1,1260,162
926,1,1261,162
926,1,1262,162
926,1,1262,161
926,1,1263,161
926,1,1264,161
926,1,1265,160
926,1,1266,159
926,1,1267,158
926,1,1268,158
926,1,1268,157
926,1,1267,157
926,1,1267,156
926,1,1268,156
926,1,1269,155
926,1,1270,154
926,1,1271,153
926,1,1272,152
926,1,1272,151
926,1,1271,151
926,1,1270,152
926,1,1269,153
926,1,1268,152
926,1,1267,153
926,1,1266,153
926,1,1265,154
926,1,1264,154
926,1,1264,155
926,1,1263,156
926,1,1262,156
926,1,1262,157
926,1,1261,157
926,1,1261,158
926,1,1260,158
926,1,1260,159
926,1,1259,159
926,1,1259,158
926,1,1257,160
926,1,1256,160
926,1,1256,161
926,1,1255,161
926,1,1254,161
926,1,1254,162
926,1,1253,162
926,1,1251,163
926,1,1248,165
926,1,1248,166
926,1,1247,166
926,1,1247,167
926,1,1246,167
926,1,1247,168
926,1,1247,167
926,1,1247,168
926,1,1246,168
927,1,1212,233
927,1,1213,233
927,1,1213,234
927,1,1214,234
927,1,1215,234
927,1,1215,233
927,1,1215,234
927,1,1215,233
927,1,1215,234
927,1,1216,234
927,1,1216,235
927,1,1217,235
927,1,1217,234
927,1,1217,235
927,1,1218,235
927,1,1219,235
927,1,1219,236
927,1,1220,236
927,1,1220,237
927,1,1220,238
927,1,1221,238
927,1,1220,238
927,1,1221,238
927,1,1221,239
927,1,1221,240
927,1,1222,240
927,1,1222,241
927,1,1222,242
927,1,1223,242
927,1,1223,243
927,1,1227,244
927,1,1228,244
927,1,1229,244
927,1,1230,244
927,1,1230,245
927,1,1233,245
927,1,1235,246
927,1,1236,246
927,1,1238,246
927,1,1239,246
927,1,1242,247
927,1,1243,247
927,1,1244,247
927,1,1246,248
927,1,1247,248
927,1,1248,248
927,1,1251,249
927,1,1253,249
927,1,1254,249
927,1,1254,250
927,1,1255,250
927,1,1256,250
927,1,1258,250
927,1,1260,251
927,1,1261,252
927,1,1262,253
927,1,1263,253
927,1,1266,254
927,1,1266,255
927,1,1267,255
927,1,1268,255
927,1,1268,254
927,1,1268,255
927,1,1268,254
927,1,1268,255
927,1,1269,255
927,1,1270,255
927,1,1271,255
927,1,1272,255
927,1,1272,256
927,1,1273,256
927,1,1274,256
927,1,1274,255
927,1,1275,255
927,1,1276,255
927,1,1277,255
927,1,1277,254
927,1,1276,254
927,1,1277,254
927,1,1277,255
927,1,1278,255
927,1,1278,256
927,1,1279,256
927,1,1279,255
927,1,1279,256
927,1,1280,256
927,1,1281,256
927,1,1282,256
927,1,1282,255
927,1,1282,256
927,1,1283,256
927,1,1284,257
927,1,1285,257
927,1,1286,257
927,1,1286,256
927,1,1286,257
927,1,1287,257
927,1,1288,257
927,1,1289,257
927,1,1290,257
927,1,1290,258
927,1,1291,258
927,1,1292,258
927,1,1291,258
927,1,1291,259
927,1,1291,260
927,1,1292,260
927,1,1293,260
927,1,1292,260
927,1,1292,261
927,1,1291,262
927,1,1291,263
927,1,1291,264
927,1,1292,264
927,1,1293,264
927,1,1293,265
927,1,1294,265
927,1,1294,264
927,1,1295,264
927,1,1296,264
927,1,1296,265
927,1,1297,265
927,1,1296,265
927,1,1297,265
927,1,1298,265
927,1,1299,265
927,1,1300,265
927,1,1300,266
927,1,1300,267
927,1,1301,267
927,1,1302,267
927,1,1302,268
927,1,1303,268
927,1,1303,269
927,1,1302,269
927,1,1302,270
927,1,1302,271
927,1,1303,271
927,1,1303,272
927,1,1303,273
927,1,1303,274
927,1,1302,274
927,1,1302,275
927,1,1303,275
927,1,1303,276
927,1,1303,277
927,1,1303,278
927,1,1303,279
927,1,1302,279
927,1,1302,280
927,1,1301,280
927,1,1301,281
927,1,1302,281
927,1,1302,282
927,1,1301,282
927,1,1302,282
927,1,1302,283
927,1,1301,283
927,1,1301,284
927,1,1301,285
927,1,1301,284
927,1,1302,284
927,1,1302,285
927,1,1302,284
927,1,1303,284
927,1,1304,284
927,1,1305,284
927,1,1306,284
927,1,1306,283
927,1,1307,283
927,1,1307,282
927,1,1308,282
927,1,1308,283
927,1,1308,284
927,1,1309,284
927,1,1309,285
927,1,1308,285
927,1,1308,286
927,1,1308,287
927,1,1307,287
927,1,1307,288
927,1,1307,289
927,1,1307,290
927,1,1307,291
927,1,1306,291
927,1,1306,292
927,1,1307,292
927,1,1307,293
927,1,1308,293
927,1,1308,294
927,1,1309,294
927,1,1309,295
927,1,1309,296
927,1,1310,296
927,1,1310,295
927,1,1310,296
927,1,1311,296
927,1,1312,296
927,1,1311,296
927,1,1311,295
927,1,1311,294
927,1,1311,293
927,1,1312,293
927,1,1312,292
927,1,1313,291
927,1,1313,290
927,1,1314,290
927,1,1314,289
927,1,1315,288
927,1,1315,287
927,1,1316,287
927,1,1316,286
927,1,1316,285
927,1,1316,284
927,1,1317,284
927,1,1317,283
927,1,1317,282
927,1,1318,282
927,1,1318,281
927,1,1318,280
927,1,1319,280
927,1,1319,279
927,1,1319,278
927,1,1319,277
927,1,1320,277
927,1,1320,276
927,1,1320,275
927,1,1321,275
927,1,1321,274
927,1,1321,273
927,1,1321,272
927,1,1322,272
927,1,1322,271
927,1,1322,270
927,1,1323,269
927,1,1323,268
927,1,1324,267
927,1,1325,267
927,1,1325,266
927,1,1326,266
927,1,1326,265
927,1,1327,265
927,1,1326,265
927,1,1327,265
927,1,1327,264
927,1,1328,263
927,1,1327,263
927,1,1327,262
927,1,1327,261
927,1,1327,260
927,1,1327,259
927,1,1328,259
927,1,1328,258
927,1,1328,257
927,1,1328,256
927,1,1329,256
927,1,1329,255
927,1,1329,256
927,1,1330,256
927,1,1330,257
927,1,1329,257
927,1,1329,258
927,1,1329,259
927,1,1328,259
927,1,1328,260
927,1,1329,260
927,1,1329,261
927,1,1329,262
927,1,1330,263
927,1,1330,264
927,1,1329,264
927,1,1329,265
927,1,1330,265
927,1,1330,266
927,1,1330,267
927,1,1330,266
927,1,1331,266
927,1,1331,265
927,1,1332,265
927,1,1332,264
927,1,1333,264
927,1,1334,264
927,1,1334,263
927,1,1334,262
927,1,1335,262
927,1,1335,261
927,1,1336,261
927,1,1335,261
927,1,1335,260
927,1,1336,260
927,1,1336,259
927,1,1336,258
927,1,1335,258
927,1,1336,258
927,1,1336,257
927,1,1335,257
927,1,1336,257
927,1,1337,256
927,1,1337,257
927,1,1338,257
927,1,1338,258
927,1,1338,257
927,1,1339,257
927,1,1339,258
927,1,1340,258
927,1,1340,257
927,1,1341,257
927,1,1340,256
927,1,1341,256
927,1,1342,256
927,1,1342,255
927,1,1342,254
927,1,1343,254
927,1,1343,255
927,1,1344,255
927,1,1344,256
927,1,1344,257
927,1,1343,257
927,1,1343,258
927,1,1343,259
927,1,1343,260
927,1,1342,260
927,1,1342,261
927,1,1342,260
927,1,1341,260
927,1,1341,261
927,1,1341,262
927,1,1341,261
927,1,1341,262
927,1,1341,263
927,1,1340,263
927,1,1340,264
927,1,1340,265
927,1,1339,265
927,1,1339,266
927,1,1339,267
927,1,1339,266
927,1,1339,267
927,1,1340,267
927,1,1340,268
927,1,1341,268
927,1,1342,268
927,1,1342,269
927,1,1343,269
927,1,1343,268
927,1,1342,268
927,1,1342,267
927,1,1342,266
927,1,1342,265
927,1,1343,266
927,1,1343,265
927,1,1343,264
927,1,1343,263
927,1,1344,263
927,1,1345,263
927,1,1344,263
927,1,1345,263
927,1,1344,263
927,1,1344,262
927,1,1345,262
927,1,1344,262
927,1,1344,261
927,1,1345,261
927,1,1346,261
927,1,1346,260
927,1,1346,261
927,1,1347,261
927,1,1347,260
927,1,1348,260
927,1,1348,259
927,1,1349,259
927,1,1350,259
927,1,1350,258
927,1,1350,257
927,1,1350,256
927,1,1351,256
927,1,1351,255
927,1,1350,255
927,1,1351,254
927,1,1351,253
927,1,1351,252
927,1,1352,252
927,1,1352,251
927,1,1353,251
927,1,1354,251
927,1,1354,250
927,1,1355,250
927,1,1356,250
927,1,1357,250
927,1,1358,250
927,1,1359,250
927,1,1361,250
927,1,1363,250
927,1,1363,251
927,1,1364,251
927,1,1364,250
927,1,1364,249
927,1,1365,249
927,1,1366,249
927,1,1367,249
927,1,1367,248
927,1,1368,248
927,1,1369,248
927,1,1370,248
927,1,1371,248
927,1,1372,248
927,1,1373,248
927,1,1372,248
927,1,1373,247
927,1,1373,246
927,1,1374,246
927,1,1374,245
927,1,1374,244
927,1,1375,244
927,1,1375,243
927,1,1376,242
927,1,1377,241
927,1,1378,241
927,1,1379,241
927,1,1379,242
927,1,1379,241
927,1,1380,241
927,1,1381,241
927,1,1381,242
927,1,1381,241
927,1,1382,241
927,1,1381,241
927,1,1382,241
927,1,1383,241
927,1,1384,241
927,1,1384,242
927,1,1385,242
927,1,1386,242
927,1,1387,242
927,1,1387,243
927,1,1387,242
927,1,1388,242
927,1,1387,242
927,1,1388,242
927,1,1389,242
927,1,1390,242
927,1,1390,243
927,1,1391,243
927,1,1392,243
927,1,1393,243
927,1,1394,243
927,1,1394,244
927,1,1395,245
927,1,1396,245
927,1,1396,246
927,1,1397,246
927,1,1397,247
927,1,1398,247
927,1,1399,247
927,1,1399,248
927,1,1400,248
927,1,1400,249
927,1,1401,250
927,1,1401,249
927,1,1402,249
927,1,1402,250
927,1,1403,250
927,1,1403,251
927,1,1403,250
927,1,1404,250
927,1,1405,250
927,1,1405,249
927,1,1404,249
927,1,1404,248
927,1,1403,248
927,1,1403,247
927,1,1404,247
927,1,1404,246
927,1,1403,246
927,1,1403,245
927,1,1403,244
927,1,1404,244
927,1,1405,244
927,1,1404,244
927,1,1404,243
927,1,1405,243
927,1,1404,243
927,1,1405,243
927,1,1405,242
927,1,1404,242
927,1,1404,241
927,1,1405,240
927,1,1406,241
927,1,1407,241
927,1,1408,241
927,1,1409,241
927,1,1409,242
927,1,1410,242
927,1,1410,243
927,1,1410,244
927,1,1410,243
927,1,1410,242
927,1,1411,242
927,1,1411,243
927,1,1412,243
927,1,1412,242
927,1,1412,241
927,1,1413,241
927,1,1413,242
927,1,1414,242
927,1,1413,242
927,1,1414,242
927,1,1414,243
927,1,1414,244
927,1,1413,244
927,1,1413,243
927,1,1413,244
927,1,1414,244
927,1,1415,244
927,1,1415,245
927,1,1415,244
927,1,1414,244
927,1,1415,244
927,1,1416,244
927,1,1416,243
927,1,1417,243
927,1,1418,243
927,1,1419,243
927,1,1419,242
927,1,1418,242
927,1,1418,241
927,1,1419,242
927,1,1420,242
927,1,1420,241
927,1,1420,242
927,1,1421,242
927,1,1422,242
927,1,1421,242
927,1,1422,242
927,1,1423,242
927,1,1423,241
927,1,1423,242
927,1,1423,241
927,1,1424,241
927,1,1424,242
927,1,1425,242
927,1,1426,242
927,1,1427,242
927,1,1428,242
927,1,1428,241
927,1,1429,241
927,1,1430,241
927,1,1430,242
927,1,1430,241
927,1,1431,241
927,1,1430,241
927,1,1431,241
927,1,1430,241
927,1,1430,240
927,1,1431,240
927,1,1430,239
927,1,1429,239
927,1,1429,238
927,1,1428,238
927,1,1428,239
927,1,1428,238
927,1,1427,238
927,1,1426,238
927,1,1426,237
927,1,1425,237
927,1,1425,236
927,1,1424,236
927,1,1424,235
927,1,1425,235
927,1,1425,234
927,1,1426,234
927,1,1425,234
927,1,1426,234
927,1,1425,234
927,1,1425,233
927,1,1424,233
927,1,1423,233
927,1,1422,233
927,1,1422,232
927,1,1421,232
927,1,1420,232
927,1,1420,233
927,1,1419,233
927,1,1418,233
927,1,1418,232
927,1,1417,232
927,1,1417,231
927,1,1418,230
927,1,1419,230
927,1,1419,229
927,1,1420,229
927,1,1420,230
927,1,1420,229
927,1,1421,230
927,1,1421,229
927,1,1422,229
927,1,1422,228
927,1,1421,225
927,1,1422,225
927,1,1421,224
927,1,1420,223
927,1,1420,221
927,1,1420,218
927,1,1421,216
927,1,1420,216
927,1,1420,215
927,1,1419,215
927,1,1419,216
927,1,1418,216
927,1,1418,215
927,1,1417,216
927,1,1416,217
927,1,1416,218
927,1,1415,218
927,1,1414,218
927,1,1413,217
927,1,1412,217
927,1,1411,218
927,1,1410,218
927,1,1410,219
927,1,1409,220
927,1,1410,220
927,1,1409,221
927,1,1408,221
927,1,1407,222
927,1,1406,222
927,1,1406,223
927,1,1405,223
927,1,1405,222
927,1,1405,221
927,1,1405,222
927,1,1406,222
927,1,1405,221
927,1,1404,221
927,1,1404,220
927,1,1404,219
927,1,1403,220
927,1,1402,220
927,1,1401,220
927,1,1401,221
927,1,1399,222
927,1,1398,222
927,1,1397,222
927,1,1396,221
927,1,1395,221
927,1,1394,221
927,1,1394,220
927,1,1393,220
927,1,1393,221
927,1,1392,221
927,1,1391,221
927,1,1390,221
927,1,1390,220
927,1,1389,220
927,1,1389,219
927,1,1390,219
927,1,1390,218
927,1,1390,217
927,1,1390,216
927,1,1390,215
927,1,1389,214
927,1,1389,213
927,1,1389,212
927,1,1389,211
927,1,1389,210
927,1,1390,209
927,1,1391,208
927,1,1391,207
927,1,1390,207
927,1,1390,208
927,1,1389,208
927,1,1388,208
927,1,1387,208
927,1,1386,208
927,1,1385,208
927,1,1384,208
927,1,1384,209
927,1,1383,209
927,1,1382,209
927,1,1381,209
927,1,1381,210
927,1,1380,210
927,1,1379,211
927,1,1378,211
927,1,1378,212
927,1,1377,212
927,1,1376,212
927,1,1376,213
927,1,1375,213
927,1,1374,214
927,1,1373,214
927,1,1372,214
927,1,1371,214
927,1,1370,214
927,1,1369,214
927,1,1368,214
927,1,1367,214
927,1,1366,215
927,1,1364,215
927,1,1363,214
927,1,1362,214
927,1,1361,214
927,1,1360,215
927,1,1359,215
927,1,1359,216
927,1,1358,216
927,1,1358,215
927,1,1358,216
927,1,1357,216
927,1,1356,216
927,1,1355,217
927,1,1354,217
927,1,1353,217
927,1,1353,216
927,1,1352,216
927,1,1352,217
927,1,1351,217
927,1,1347,221
927,1,1346,221
927,1,1346,222
927,1,1345,222
927,1,1344,223
927,1,1343,223
927,1,1342,223
927,1,1342,224
927,1,1342,225
927,1,1341,225
927,1,1341,226
927,1,1340,226
927,1,1340,227
927,1,1339,227
927,1,1339,228
927,1,1339,229
927,1,1338,229
927,1,1338,230
927,1,1337,230
927,1,1337,229
927,1,1336,229
927,1,1335,229
927,1,1335,228
927,1,1334,228
927,1,1334,227
927,1,1334,228
927,1,1334,227
927,1,1333,227
927,1,1333,228
927,1,1332,228
927,1,1332,229
927,1,1332,230
927,1,1331,230
927,1,1330,230
927,1,1329,230
927,1,1329,229
927,1,1329,228
927,1,1328,229
927,1,1327,228
927,1,1327,227
927,1,1326,226
927,1,1325,226
927,1,1324,226
927,1,1323,226
927,1,1323,227
927,1,1322,227
927,1,1322,228
927,1,1321,228
927,1,1320,228
927,1,1320,227
927,1,1320,228
927,1,1319,228
927,1,1318,228
927,1,1317,229
927,1,1316,229
927,1,1315,229
927,1,1314,228
927,1,1313,228
927,1,1313,227
927,1,1312,227
927,1,1312,226
927,1,1313,226
927,1,1312,226
927,1,1312,225
927,1,1312,224
927,1,1312,225
927,1,1312,224
927,1,1313,224
927,1,1312,224
927,1,1311,224
927,1,1312,224
927,1,1311,224
927,1,1310,224
927,1,1310,223
927,1,1309,223
927,1,1309,222
927,1,1310,222
927,1,1309,222
927,1,1308,222
927,1,1308,221
927,1,1307,221
927,1,1307,220
927,1,1307,219
927,1,1306,219
927,1,1306,218
927,1,1305,218
927,1,1305,217
927,1,1305,216
927,1,1304,215
927,1,1303,215
927,1,1303,214
927,1,1302,214
927,1,1302,213
927,1,1301,213
927,1,1301,214
927,1,1300,214
927,1,1300,213
927,1,1299,212
927,1,1298,212
927,1,1298,211
927,1,1297,211
927,1,1296,211
927,1,1295,211
927,1,1294,210
927,1,1293,210
927,1,1293,211
927,1,1292,211
927,1,1291,211
927,1,1290,211
927,1,1289,211
927,1,1288,210
927,1,1287,211
927,1,1286,211
927,1,1285,211
927,1,1285,212
927,1,1284,212
927,1,1284,213
927,1,1283,213
927,1,1283,214
927,1,1283,215
927,1,1282,215
927,1,1282,216
927,1,1282,215
927,1,1282,214
927,1,1283,213
927,1,1283,212
927,1,1284,211
927,1,1285,211
927,1,1285,210
927,1,1286,209
927,1,1286,208
927,1,1286,209
927,1,1286,208
927,1,1286,209
927,1,1285,208
927,1,1285,209
927,1,1284,209
927,1,1284,210
927,1,1283,210
927,1,1282,211
927,1,1281,212
927,1,1280,213
927,1,1280,214
927,1,1279,214
927,1,1279,213
927,1,1278,213
927,1,1278,214
927,1,1278,215
927,1,1278,214
927,1,1278,215
927,1,1278,216
927,1,1277,216
927,1,1277,217
927,1,1277,218
927,1,1276,218
927,1,1276,219
927,1,1276,220
927,1,1275,219
927,1,1275,218
927,1,1276,218
927,1,1276,217
927,1,1275,216
927,1,1275,215
927,1,1275,214
927,1,1275,213
927,1,1275,212
927,1,1276,212
927,1,1276,211
927,1,1276,210
927,1,1276,209
927,1,1276,208
927,1,1276,209
927,1,1277,209
927,1,1277,208
927,1,1278,207
927,1,1278,206
927,1,1278,205
927,1,1279,205
927,1,1278,204
927,1,1279,204
927,1,1279,203
927,1,1280,203
927,1,1280,202
927,1,1280,201
927,1,1281,201
927,1,1281,200
927,1,1282,200
927,1,1282,201
927,1,1282,200
927,1,1282,199
927,1,1282,198
927,1,1282,197
927,1,1283,197
927,1,1284,197
927,1,1284,196
927,1,1285,196
927,1,1285,195
927,1,1286,194
927,1,1287,194
927,1,1287,193
927,1,1287,192
927,1,1288,192
927,1,1289,192
927,1,1289,191
927,1,1290,191
927,1,1290,190
927,1,1291,190
927,1,1291,189
927,1,1290,189
927,1,1290,188
927,1,1291,188
927,1,1292,187
927,1,1292,188
927,1,1292,187
927,1,1293,187
927,1,1294,187
927,1,1294,188
927,1,1295,188
927,1,1295,187
927,1,1296,187
927,1,1297,187
927,1,1297,186
927,1,1297,187
927,1,1298,187
927,1,1298,186
927,1,1298,185
927,1,1297,184
927,1,1296,184
927,1,1295,183
927,1,1294,183
927,1,1293,183
927,1,1293,184
927,1,1293,183
927,1,1293,184
927,1,1292,184
927,1,1292,183
927,1,1292,184
927,1,1292,183
927,1,1291,183
927,1,1290,183
927,1,1290,184
927,1,1289,184
927,1,1288,184
927,1,1287,184
927,1,1286,184
927,1,1285,184
927,1,1285,185
927,1,1284,185
927,1,1283,185
927,1,1282,185
927,1,1282,186
927,1,1282,185
927,1,1282,186
927,1,1281,186
927,1,1281,187
927,1,1280,187
927,1,1279,187
927,1,1279,188
927,1,1278,188
927,1,1277,189
927,1,1276,189
927,1,1275,190
927,1,1275,191
927,1,1274,191
927,1,1274,192
927,1,1273,193
927,1,1273,194
927,1,1272,194
927,1,1272,195
927,1,1271,195
927,1,1271,196
927,1,1270,196
927,1,1270,197
927,1,1269,197
927,1,1268,197
927,1,1268,198
927,1,1267,198
927,1,1267,199
927,1,1266,199
927,1,1265,200
927,1,1265,201
927,1,1264,201
927,1,1264,202
927,1,1263,202
927,1,1263,203
927,1,1262,203
927,1,1261,204
927,1,1260,204
927,1,1260,205
927,1,1260,206
927,1,1260,207
927,1,1259,208
927,1,1258,209
927,1,1257,209
927,1,1256,209
927,1,1256,210
927,1,1255,210
927,1,1254,210
927,1,1253,210
927,1,1252,211
927,1,1252,212
927,1,1251,213
927,1,1250,213
927,1,1250,214
927,1,1249,214
927,1,1249,215
927,1,1248,215
927,1,1247,216
927,1,1246,216
927,1,1246,217
927,1,1245,217
927,1,1244,217
927,1,1244,218
927,1,1243,218
927,1,1242,218
927,1,1241,218
927,1,1240,218
927,1,1239,218
927,1,1239,219
927,1,1238,219
927,1,1237,219
927,1,1236,219
927,1,1236,218
927,1,1236,219
927,1,1235,219
927,1,1234,219
927,1,1233,219
927,1,1232,219
927,1,1231,220
927,1,1230,221
927,1,1229,222
927,1,1228,224
927,1,1227,225
927,1,1226,225
927,1,1226,226
927,1,1225,227
927,1,1224,227
927,1,1223,227
927,1,1223,228
927,1,1222,228
927,1,1221,228
927,1,1220,228
927,1,1220,229
927,1,1219,229
927,1,1218,230
927,1,1217,230
927,1,1216,231
927,1,1215,231
927,1,1214,231
927,1,1214,232
927,1,1213,232
927,1,1212,233
928,1,1938,367
928,1,1939,368
928,1,1940,368
928,1,1941,368
928,1,1942,368
928,1,1943,368
928,1,1944,368
928,1,1945,368
928,1,1946,368
928,1,1947,368
928,1,1947,367
928,1,1948,367
928,1,1948,366
928,1,1948,365
928,1,1947,365
928,1,1947,364
928,1,1945,362
928,1,1944,361
928,1,1943,361
928,1,1944,361
928,1,1945,362
928,1,1945,363
928,1,1944,364
928,1,1944,365
928,1,1943,365
928,1,1943,366
928,1,1942,366
928,1,1941,366
928,1,1940,366
928,1,1940,367
928,1,1939,367
928,1,1940,367
928,1,1940,368
928,1,1939,368
928,1,1939,367
928,1,1938,367
929,1,1937,367
929,1,1938,367
929,1,1937,367
930,1,1935,366
930,1,1936,366
930,1,1935,366
934,1,1905,312
934,1,1905,313
934,1,1905,312
935,1,1903,314
935,1,1904,314
935,1,1903,314
936,1,1903,315
936,1,1904,315
936,1,1904,314
936,1,1903,315
938,1,1916,365
938,1,1917,365
938,1,1918,365
938,1,1918,364
938,1,1918,363
938,1,1919,363
938,1,1919,362
938,1,1920,362
938,1,1920,361
938,1,1919,361
938,1,1919,362
938,1,1918,362
938,1,1918,363
938,1,1917,363
938,1,1917,364
938,1,1917,365
938,1,1916,365
940,1,1918,374
940,1,1918,375
940,1,1919,375
940,1,1919,374
940,1,1918,374
942,1,1914,358
942,1,1914,359
942,1,1914,358
943,1,1917,370
943,1,1917,371
943,1,1918,371
943,1,1919,372
943,1,1920,372
943,1,1920,371
943,1,1920,370
943,1,1921,370
943,1,1921,369
943,1,1922,369
943,1,1923,369
943,1,1925,368
943,1,1926,368
943,1,1927,367
943,1,1928,367
943,1,1929,367
943,1,1930,367
943,1,1930,366
943,1,1930,365
943,1,1930,364
943,1,1929,363
943,1,1929,364
943,1,1929,365
943,1,1928,365
943,1,1927,365
943,1,1926,365
943,1,1926,364
943,1,1925,364
943,1,1925,363
943,1,1925,362
943,1,1924,362
943,1,1924,363
943,1,1924,362
943,1,1923,362
943,1,1922,363
943,1,1921,363
943,1,1921,364
943,1,1921,365
943,1,1920,365
943,1,1920,366
943,1,1920,367
943,1,1920,368
943,1,1919,369
943,1,1919,370
943,1,1918,370
943,1,1917,370
944,1,1915,365
944,1,1915,366
944,1,1916,366
944,1,1916,365
944,1,1917,366
944,1,1917,365
944,1,1916,365
944,1,1917,365
944,1,1916,365
944,1,1915,365
945,1,1903,325
945,1,1903,324
945,1,1903,325
946,1,1902,325
946,1,1903,325
946,1,1902,325
948,1,1902,325
948,1,1902,324
948,1,1902,325
950,1,1913,367
950,1,1914,367
950,1,1915,367
950,1,1915,366
950,1,1914,366
950,1,1914,367
950,1,1913,367
951,1,1912,366
951,1,1913,366
951,1,1912,366
952,1,1901,326
952,1,1902,326
952,1,1901,326
953,1,1901,325
953,1,1901,326
953,1,1902,326
953,1,1901,325
955,1,1912,368
955,1,1913,368
955,1,1913,367
955,1,1913,368
955,1,1912,368
956,1,1901,327
956,1,1901,328
956,1,1902,328
956,1,1902,327
956,1,1901,327
957,1,1901,327
957,1,1901,326
957,1,1901,327
958,1,1900,327
958,1,1900,326
958,1,1900,327
959,1,1899,326
959,1,1900,326
959,1,1899,326
960,1,1899,327
960,1,1899,326
960,1,1899,327
961,1,1817,326
961,1,1817,328
961,1,1817,332
961,1,1817,333
961,1,1817,335
961,1,1817,337
961,1,1816,338
961,1,1816,339
961,1,1816,340
961,1,1816,342
961,1,1816,343
961,1,1816,344
961,1,1816,345
961,1,1816,346
961,1,1816,347
961,1,1816,349
961,1,1816,350
961,1,1816,351
961,1,1816,353
961,1,1816,355
961,1,1816,356
961,1,1816,358
961,1,1816,359
961,1,1816,360
961,1,1817,361
961,1,1819,360
961,1,1820,360
961,1,1821,360
961,1,1822,360
961,1,1823,360
961,1,1824,359
961,1,1826,359
961,1,1828,359
961,1,1830,358
961,1,1832,358
961,1,1834,357
961,1,1835,357
961,1,1837,357
961,1,1839,356
961,1,1840,356
961,1,1841,358
961,1,1841,357
961,1,1842,357
961,1,1842,356
961,1,1843,356
961,1,1842,356
961,1,1842,355
961,1,1843,355
961,1,1844,355
961,1,1845,355
961,1,1846,355
961,1,1847,355
961,1,1847,354
961,1,1848,354
961,1,1848,355
961,1,1848,354
961,1,1849,354
961,1,1850,354
961,1,1850,353
961,1,1851,353
961,1,1852,353
961,1,1853,353
961,1,1855,352
961,1,1856,352
961,1,1857,352
961,1,1858,352
961,1,1859,351
961,1,1860,351
961,1,1861,351
961,1,1862,351
961,1,1863,350
961,1,1864,350
961,1,1865,350
961,1,1866,350
961,1,1867,349
961,1,1868,349
961,1,1869,349
961,1,1870,349
961,1,1871,349
961,1,1872,348
961,1,1873,348
961,1,1874,348
961,1,1875,348
961,1,1876,348
961,1,1877,348
961,1,1878,348
961,1,1880,347
961,1,1881,347
961,1,1882,346
961,1,1883,346
961,1,1884,346
961,1,1885,346
961,1,1885,345
961,1,1886,345
961,1,1887,345
961,1,1888,345
961,1,1888,344
961,1,1889,344
961,1,1890,344
961,1,1890,345
961,1,1890,346
961,1,1890,347
961,1,1891,347
961,1,1891,348
961,1,1891,349
961,1,1891,350
961,1,1892,350
961,1,1892,349
961,1,1893,349
961,1,1893,350
961,1,1893,351
961,1,1893,352
961,1,1894,352
961,1,1893,352
961,1,1893,353
961,1,1894,353
961,1,1894,354
961,1,1894,355
961,1,1895,355
961,1,1896,355
961,1,1897,355
961,1,1897,356
961,1,1898,356
961,1,1899,357
961,1,1900,358
961,1,1901,358
961,1,1902,358
961,1,1903,358
961,1,1903,359
961,1,1903,360
961,1,1903,361
961,1,1904,362
961,1,1904,363
961,1,1904,364
961,1,1905,365
961,1,1905,366
961,1,1906,366
961,1,1906,365
961,1,1907,365
961,1,1908,365
961,1,1908,366
961,1,1908,365
961,1,1908,364
961,1,1909,364
961,1,1910,364
961,1,1910,363
961,1,1911,364
961,1,1911,363
961,1,1910,363
961,1,1911,363
961,1,1911,362
961,1,1911,361
961,1,1910,361
961,1,1910,360
961,1,1910,361
961,1,1911,360
961,1,1910,359
961,1,1911,359
961,1,1912,360
961,1,1912,359
961,1,1911,359
961,1,1911,358
961,1,1911,357
961,1,1912,357
961,1,1912,358
961,1,1913,359
961,1,1913,360
961,1,1913,359
961,1,1913,358
961,1,1913,357
961,1,1914,357
961,1,1914,356
961,1,1913,356
961,1,1914,356
961,1,1915,356
961,1,1916,356
961,1,1915,356
961,1,1916,356
961,1,1916,355
961,1,1915,355
961,1,1916,355
961,1,1915,354
961,1,1916,354
961,1,1915,354
961,1,1915,353
961,1,1916,353
961,1,1917,354
961,1,1917,353
961,1,1916,353
961,1,1917,353
961,1,1917,352
961,1,1916,352
961,1,1916,351
961,1,1917,351
961,1,1918,351
961,1,1918,352
961,1,1918,353
961,1,1918,352
961,1,1919,351
961,1,1920,352
961,1,1919,352
961,1,1919,353
961,1,1920,353
961,1,1919,353
961,1,1919,354
961,1,1920,354
961,1,1920,355
961,1,1919,355
961,1,1920,355
961,1,1919,355
961,1,1920,355
961,1,1920,356
961,1,1920,357
961,1,1921,357
961,1,1921,358
961,1,1920,358
961,1,1921,358
961,1,1920,358
961,1,1920,359
961,1,1921,359
961,1,1920,359
961,1,1920,360
961,1,1920,361
961,1,1921,361
961,1,1921,360
961,1,1921,359
961,1,1922,359
961,1,1923,359
961,1,1923,358
961,1,1924,358
961,1,1925,358
961,1,1926,358
961,1,1926,357
961,1,1927,357
961,1,1927,356
961,1,1927,355
961,1,1927,354
961,1,1928,354
961,1,1929,354
961,1,1929,353
961,1,1930,353
961,1,1930,352
961,1,1931,352
961,1,1932,352
961,1,1933,352
961,1,1933,353
961,1,1933,352
961,1,1934,352
961,1,1934,351
961,1,1935,351
961,1,1935,350
961,1,1936,350
961,1,1937,350
961,1,1938,349
961,1,1939,349
961,1,1939,348
961,1,1940,348
961,1,1941,348
961,1,1941,347
961,1,1942,347
961,1,1942,348
961,1,1943,348
961,1,1943,349
961,1,1943,350
961,1,1943,351
961,1,1943,352
961,1,1943,353
961,1,1943,351
961,1,1943,350
961,1,1944,349
961,1,1943,349
961,1,1944,349
961,1,1943,348
961,1,1944,348
961,1,1944,347
961,1,1943,347
961,1,1944,346
961,1,1943,345
961,1,1943,344
961,1,1943,343
961,1,1942,340
961,1,1941,340
961,1,1941,339
961,1,1941,338
961,1,1940,337
961,1,1939,336
961,1,1938,334
961,1,1937,333
961,1,1936,332
961,1,1936,331
961,1,1935,331
961,1,1934,330
961,1,1932,330
961,1,1931,330
961,1,1930,330
961,1,1929,330
961,1,1928,331
961,1,1928,332
961,1,1928,331
961,1,1928,332
961,1,1929,332
961,1,1930,333
961,1,1931,333
961,1,1931,332
961,1,1930,333
961,1,1930,332
961,1,1930,331
961,1,1931,331
961,1,1932,331
961,1,1933,331
961,1,1934,331
961,1,1934,332
961,1,1935,333
961,1,1935,335
961,1,1935,336
961,1,1936,337
961,1,1936,338
961,1,1936,337
961,1,1936,336
961,1,1937,336
961,1,1938,337
961,1,1939,337
961,1,1939,338
961,1,1938,338
961,1,1939,338
961,1,1939,339
961,1,1939,340
961,1,1939,341
961,1,1940,341
961,1,1939,341
961,1,1939,342
961,1,1939,343
961,1,1938,343
961,1,1937,344
961,1,1936,344
961,1,1935,345
961,1,1934,345
961,1,1933,346
961,1,1933,347
961,1,1932,347
961,1,1933,347
961,1,1933,348
961,1,1932,348
961,1,1931,348
961,1,1930,348
961,1,1930,349
961,1,1929,349
961,1,1928,349
961,1,1927,349
961,1,1927,348
961,1,1928,348
961,1,1927,348
961,1,1928,348
961,1,1929,348
961,1,1930,348
961,1,1931,348
961,1,1931,347
961,1,1931,348
961,1,1931,347
961,1,1930,347
961,1,1928,348
961,1,1927,348
961,1,1926,348
961,1,1925,348
961,1,1924,348
961,1,1923,347
961,1,1922,347
961,1,1921,346
961,1,1921,345
961,1,1921,344
961,1,1921,343
961,1,1920,342
961,1,1920,341
961,1,1919,341
961,1,1919,340
961,1,1918,340
961,1,1917,340
961,1,1917,341
961,1,1916,340
961,1,1915,339
961,1,1916,340
961,1,1916,341
961,1,1916,340
961,1,1915,340
961,1,1914,340
961,1,1914,339
961,1,1913,339
961,1,1913,338
961,1,1914,338
961,1,1914,337
961,1,1914,336
961,1,1915,336
961,1,1916,337
961,1,1916,338
961,1,1915,338
961,1,1915,337
961,1,1915,338
961,1,1916,338
961,1,1917,338
961,1,1917,337
961,1,1916,337
961,1,1915,336
961,1,1914,335
961,1,1914,334
961,1,1913,333
961,1,1912,333
961,1,1912,332
961,1,1911,331
961,1,1910,330
961,1,1910,329
961,1,1909,329
961,1,1908,328
961,1,1908,327
961,1,1908,328
961,1,1907,328
961,1,1906,328
961,1,1906,327
961,1,1905,327
961,1,1905,328
961,1,1904,327
961,1,1903,326
961,1,1902,326
961,1,1902,327
961,1,1903,327
961,1,1904,327
961,1,1903,327
961,1,1903,328
961,1,1904,328
961,1,1904,329
961,1,1903,329
961,1,1903,328
961,1,1902,328
961,1,1902,329
961,1,1901,329
961,1,1901,330
961,1,1901,329
961,1,1901,328
961,1,1901,329
961,1,1900,329
961,1,1899,329
961,1,1899,328
961,1,1899,327
961,1,1900,327
961,1,1899,327
961,1,1899,328
961,1,1898,328
961,1,1898,329
961,1,1898,328
961,1,1898,327
961,1,1897,327
961,1,1897,326
961,1,1898,326
961,1,1897,325
961,1,1897,324
961,1,1897,325
961,1,1898,325
961,1,1899,325
961,1,1899,324
961,1,1899,325
961,1,1898,324
961,1,1899,324
961,1,1899,325
961,1,1900,325
961,1,1900,324
961,1,1899,324
961,1,1900,324
961,1,1899,324
961,1,1899,323
961,1,1898,323
961,1,1898,322
961,1,1898,321
961,1,1899,321
961,1,1899,320
961,1,1900,320
961,1,1900,321
961,1,1901,321
961,1,1900,321
961,1,1900,320
961,1,1899,320
961,1,1900,319
961,1,1901,319
961,1,1901,318
961,1,1902,317
961,1,1902,316
961,1,1902,317
961,1,1902,316
961,1,1901,316
961,1,1901,317
961,1,1900,317
961,1,1900,316
961,1,1901,316
961,1,1901,315
961,1,1900,316
961,1,1900,315
961,1,1901,315
961,1,1901,314
961,1,1901,315
961,1,1902,314
961,1,1903,314
961,1,1903,313
961,1,1904,313
961,1,1904,312
961,1,1905,312
961,1,1906,312
961,1,1906,311
961,1,1906,310
961,1,1907,310
961,1,1907,311
961,1,1908,311
961,1,1908,310
961,1,1908,309
961,1,1908,308
961,1,1909,308
961,1,1909,307
961,1,1908,307
961,1,1909,307
961,1,1908,307
961,1,1907,307
961,1,1907,306
961,1,1906,306
961,1,1906,307
961,1,1906,308
961,1,1905,308
961,1,1904,308
961,1,1903,307
961,1,1902,307
961,1,1902,306
961,1,1901,305
961,1,1900,303
961,1,1899,302
961,1,1899,301
961,1,1899,300
961,1,1898,299
961,1,1898,300
961,1,1897,300
961,1,1896,300
961,1,1896,299
961,1,1895,299
961,1,1894,300
961,1,1893,301
961,1,1892,301
961,1,1892,302
961,1,1891,302
961,1,1891,303
961,1,1891,305
961,1,1890,304
961,1,1889,304
961,1,1888,304
961,1,1888,305
961,1,1887,305
961,1,1887,306
961,1,1887,307
961,1,1887,308
961,1,1888,309
961,1,1887,309
961,1,1886,309
961,1,1885,309
961,1,1885,310
961,1,1885,311
961,1,1884,311
961,1,1884,312
961,1,1883,312
961,1,1882,312
961,1,1881,312
961,1,1880,313
961,1,1879,313
961,1,1878,313
961,1,1877,313
961,1,1876,314
961,1,1875,314
961,1,1874,314
961,1,1873,314
961,1,1872,314
961,1,1871,315
961,1,1870,315
961,1,1869,315
961,1,1868,315
961,1,1867,316
961,1,1866,316
961,1,1864,316
961,1,1863,317
961,1,1862,317
961,1,1861,317
961,1,1860,317
961,1,1857,318
961,1,1856,318
961,1,1855,318
961,1,1853,319
961,1,1850,319
961,1,1849,320
961,1,1846,320
961,1,1845,320
961,1,1844,321
961,1,1842,321
961,1,1841,321
961,1,1840,322
961,1,1839,322
961,1,1837,322
961,1,1836,322
961,1,1835,322
961,1,1833,323
961,1,1832,323
961,1,1831,323
961,1,1830,323
961,1,1830,324
961,1,1828,324
961,1,1825,325
961,1,1824,325
961,1,1823,325
961,1,1821,326
961,1,1820,326
961,1,1819,326
961,1,1817,326
962,1,1716,1190
962,1,1717,1190
962,1,1716,1190
963,1,1714,1199
963,1,1715,1199
963,1,1715,1198
963,1,1715,1197
963,1,1716,1196
963,1,1716,1195
963,1,1716,1194
963,1,1716,1193
963,1,1717,1193
963,1,1717,1192
963,1,1717,1191
963,1,1716,1191
963,1,1716,1192
963,1,1717,1192
963,1,1716,1192
963,1,1716,1193
963,1,1716,1194
963,1,1716,1195
963,1,1716,1196
963,1,1715,1196
963,1,1715,1197
963,1,1714,1197
963,1,1715,1197
963,1,1714,1197
963,1,1714,1198
963,1,1714,1199
965,1,1712,1198
965,1,1713,1198
965,1,1712,1198
968,1,1706,1212
968,1,1707,1212
968,1,1706,1211
968,1,1706,1212
969,1,1707,1213
969,1,1707,1212
969,1,1707,1213
971,1,1706,1213
971,1,1706,1214
971,1,1706,1213
975,1,1703,1209
975,1,1704,1209
975,1,1704,1208
975,1,1703,1208
975,1,1704,1208
975,1,1704,1209
975,1,1703,1209
977,1,1703,1214
977,1,1704,1215
977,1,1704,1214
977,1,1703,1214
977,1,1704,1214
977,1,1703,1214
978,1,1702,1211
978,1,1703,1212
978,1,1703,1211
978,1,1702,1211
979,1,1702,1211
979,1,1703,1211
979,1,1703,1210
979,1,1702,1210
979,1,1702,1211
980,1,1703,1213
980,1,1703,1212
980,1,1703,1213
981,1,1702,1210
981,1,1702,1211
981,1,1702,1210
983,1,1701,1210
983,1,1702,1210
983,1,1701,1210
983,1,1702,1210
983,1,1701,1210
984,1,1701,1215
984,1,1701,1214
984,1,1701,1215
984,1,1701,1214
984,1,1701,1215
985,1,1701,1218
985,1,1702,1218
985,1,1702,1217
985,1,1701,1217
985,1,1701,1218
986,1,1700,1209
986,1,1700,1210
986,1,1700,1209
989,1,1700,1217
989,1,1701,1217
989,1,1700,1217
991,1,1700,1216
991,1,1700,1217
991,1,1700,1216
993,1,1699,1213
993,1,1699,1214
993,1,1700,1215
993,1,1700,1214
993,1,1700,1213
993,1,1699,1213
993,1,1700,1213
993,1,1700,1212
993,1,1699,1212
993,1,1700,1212
993,1,1699,1212
993,1,1700,1212
993,1,1700,1213
993,1,1699,1213
994,1,1699,1219
994,1,1700,1219
994,1,1700,1218
994,1,1699,1218
994,1,1699,1219
995,1,1699,1217
995,1,1699,1216
995,1,1699,1217
998,1,1698,1214
998,1,1699,1214
998,1,1698,1214
998,1,1698,1213
998,1,1698,1214
999,1,1698,1217
999,1,1699,1217
999,1,1698,1217
1002,1,1697,1216
1002,1,1698,1216
1002,1,1698,1215
1002,1,1697,1216
1003,1,1697,1214
1003,1,1697,1213
1003,1,1697,1214
1005,1,1698,1223
1005,1,1699,1223
1005,1,1698,1223
1006,1,1696,1212
1006,1,1697,1212
1006,1,1697,1213
1006,1,1697,1212
1006,1,1696,1212
1009,1,1697,1219
1009,1,1697,1218
1009,1,1697,1219
1010,1,1696,1216
1010,1,1696,1215
1010,1,1696,1216
1011,1,1696,1218
1011,1,1696,1219
1011,1,1696,1218
1012,1,1697,1226
1012,1,1698,1225
1012,1,1699,1225
1012,1,1699,1224
1012,1,1698,1225
1012,1,1697,1225
1012,1,1697,1226
1013,1,1695,1217
1013,1,1695,1218
1013,1,1695,1217
1015,1,1694,1222
1015,1,1695,1222
1015,1,1694,1222
1019,1,1693,1216
1019,1,1694,1216
1019,1,1693,1216
1022,1,1693,1228
1022,1,1693,1229
1022,1,1693,1228
1022,1,1694,1228
1022,1,1695,1228
1022,1,1695,1227
1022,1,1695,1228
1022,1,1694,1227
1022,1,1695,1227
1022,1,1695,1226
1022,1,1695,1227
1022,1,1694,1227
1022,1,1694,1228
1022,1,1693,1228
1023,1,1690,1214
1023,1,1691,1214
1023,1,1690,1214
1024,1,1690,1218
1024,1,1691,1218
1024,1,1690,1218
1025,1,1689,1215
1025,1,1689,1214
1025,1,1689,1215
1027,1,1689,1217
1027,1,1689,1218
1027,1,1689,1217
1028,1,1688,1214
1028,1,1688,1213
1028,1,1688,1214
1030,1,1690,1231
1030,1,1691,1231
1030,1,1691,1230
1030,1,1690,1230
1030,1,1690,1231
1031,1,1689,1231
1031,1,1690,1231
1031,1,1689,1231
1033,1,1686,1215
1033,1,1687,1215
1033,1,1686,1215
1034,1,1682,1235
1034,1,1682,1236
1034,1,1683,1236
1034,1,1683,1235
1034,1,1684,1235
1034,1,1684,1236
1034,1,1684,1235
1034,1,1684,1234
1034,1,1685,1234
1034,1,1685,1233
1034,1,1686,1233
1034,1,1686,1234
1034,1,1686,1233
1034,1,1687,1233
1034,1,1688,1232
1034,1,1689,1231
1034,1,1689,1230
1034,1,1689,1231
1034,1,1688,1231
1034,1,1688,1232
1034,1,1687,1232
1034,1,1687,1233
1034,1,1686,1233
1034,1,1685,1233
1034,1,1684,1233
1034,1,1684,1234
1034,1,1683,1234
1034,1,1683,1235
1034,1,1682,1235
1035,1,1676,1232
1035,1,1677,1233
1035,1,1677,1232
1035,1,1676,1232
1036,1,1675,1238
1036,1,1675,1239
1036,1,1675,1238
1036,1,1676,1238
1036,1,1677,1238
1036,1,1677,1237
1036,1,1676,1237
1036,1,1676,1238
1036,1,1675,1238
1038,1,1673,1234
1038,1,1674,1234
1038,1,1673,1234
1039,1,1672,1234
1039,1,1673,1234
1039,1,1672,1234
1040,1,1672,1235
1040,1,1673,1235
1040,1,1674,1236
1040,1,1674,1235
1040,1,1673,1235
1040,1,1672,1235
1040,1,1672,1234
1040,1,1672,1235
1040,1,1673,1235
1040,1,1672,1235
1042,1,1664,1190
1042,1,1664,1191
1042,1,1665,1191
1042,1,1665,1190
1042,1,1664,1190
1043,1,1668,1241
1043,1,1668,1240
1043,1,1668,1241
1046,1,1653,1247
1046,1,1654,1247
1046,1,1655,1247
1046,1,1655,1246
1046,1,1656,1246
1046,1,1657,1246
1046,1,1658,1246
1046,1,1658,1245
1046,1,1659,1245
1046,1,1660,1245
1046,1,1660,1244
1046,1,1661,1244
1046,1,1662,1243
1046,1,1663,1243
1046,1,1663,1242
1046,1,1664,1242
1046,1,1665,1242
1046,1,1665,1241
1046,1,1665,1240
1046,1,1666,1240
1046,1,1667,1240
1046,1,1668,1240
1046,1,1669,1240
1046,1,1670,1240
1046,1,1670,1241
1046,1,1671,1241
1046,1,1671,1240
1046,1,1672,1240
1046,1,1673,1240
1046,1,1673,1239
1046,1,1674,1239
1046,1,1674,1238
1046,1,1674,1237
1046,1,1673,1237
1046,1,1672,1237
1046,1,1672,1236
1046,1,1671,1236
1046,1,1671,1235
1046,1,1671,1234
1046,1,1670,1233
1046,1,1669,1233
1046,1,1668,1233
1046,1,1668,1234
1046,1,1667,1234
1046,1,1666,1234
1046,1,1667,1233
1046,1,1667,1232
1046,1,1666,1233
1046,1,1665,1233
1046,1,1665,1234
1046,1,1664,1235
1046,1,1662,1235
1046,1,1662,1236
1046,1,1661,1237
1046,1,1660,1238
1046,1,1659,1238
1046,1,1658,1239
1046,1,1657,1240
1046,1,1655,1241
1046,1,1654,1242
1046,1,1654,1243
1046,1,1655,1243
1046,1,1656,1243
1046,1,1656,1244
1046,1,1656,1245
1046,1,1655,1245
1046,1,1654,1245
1046,1,1653,1246
1046,1,1653,1245
1046,1,1653,1246
1046,1,1653,1247
1047,1,1652,1246
1047,1,1653,1246
1047,1,1652,1246
1049,1,1647,1245
1049,1,1648,1245
1049,1,1647,1245
1051,1,1648,1249
1051,1,1648,1248
1051,1,1648,1249
1054,1,1644,1249
1054,1,1645,1249
1054,1,1644,1249
1055,1,1638,1247
1055,1,1639,1247
1055,1,1639,1248
1055,1,1639,1249
1055,1,1640,1248
1055,1,1640,1247
1055,1,1639,1247
1055,1,1638,1247
1057,1,1637,1249
1057,1,1638,1249
1057,1,1637,1249
1057,1,1637,1248
1057,1,1637,1249
1058,1,1621,1154
1058,1,1621,1155
1058,1,1622,1155
1058,1,1622,1156
1058,1,1622,1157
1058,1,1623,1158
1058,1,1623,1159
1058,1,1624,1160
1058,1,1625,1160
1058,1,1625,1161
1058,1,1626,1161
1058,1,1627,1161
1058,1,1628,1161
1058,1,1629,1161
1058,1,1630,1160
1058,1,1631,1159
1058,1,1630,1159
1058,1,1630,1160
1058,1,1630,1159
1058,1,1629,1159
1058,1,1628,1159
1058,1,1627,1160
1058,1,1626,1159
1058,1,1625,1159
1058,1,1624,1159
1058,1,1624,1158
1058,1,1623,1159
1058,1,1623,1158
1058,1,1623,1157
1058,1,1622,1157
1058,1,1622,1156
1058,1,1622,1155
1058,1,1621,1154
1058,1,1621,1153
1058,1,1621,1154
1059,1,1618,1150
1059,1,1619,1151
1059,1,1620,1152
1059,1,1620,1153
1059,1,1621,1153
1059,1,1620,1153
1059,1,1620,1152
1059,1,1620,1151
1059,1,1620,1150
1059,1,1619,1150
1059,1,1619,1149
1059,1,1619,1150
1059,1,1618,1150
1060,1,1604,1096
1060,1,1604,1097
1060,1,1604,1096
1061,1,1603,1096
1061,1,1603,1095
1061,1,1603,1096
1062,1,1603,1097
1062,1,1603,1098
1062,1,1603,1097
1063,1,1599,1107
1063,1,1599,1108
1063,1,1599,1107
1064,1,1593,1107
1064,1,1594,1107
1064,1,1594,1106
1064,1,1593,1106
1064,1,1593,1107
1065,1,1583,1054
1065,1,1584,1054
1065,1,1584,1055
1065,1,1584,1054
1065,1,1585,1054
1065,1,1584,1054
1065,1,1584,1053
1065,1,1583,1054
1066,1,1591,1111
1066,1,1591,1110
1066,1,1591,1111
1068,1,1585,1083
1068,1,1586,1083
1068,1,1585,1083
1070,1,1584,1086
1070,1,1584,1087
1070,1,1585,1087
1070,1,1584,1086
1070,1,1585,1086
1070,1,1584,1086
1071,1,1583,1082
1071,1,1583,1083
1071,1,1584,1083
1071,1,1584,1084
1071,1,1584,1083
1071,1,1584,1082
1071,1,1583,1082
1071,1,1584,1082
1071,1,1583,1082
1073,1,1603,1250
1073,1,1604,1250
1073,1,1603,1250
1076,1,1568,1041
1076,1,1569,1041
1076,1,1568,1041
1077,1,1567,1040
1077,1,1568,1040
1077,1,1567,1040
1078,1,1531,1004
1078,1,1532,1004
1078,1,1531,1004
1079,1,1498,1017
1079,1,1498,1018
1079,1,1498,1017
1079,1,1499,1017
1079,1,1500,1017
1079,1,1501,1016
1079,1,1502,1015
1079,1,1501,1015
1079,1,1500,1016
1079,1,1500,1017
1079,1,1499,1017
1079,1,1498,1017
1080,1,1481,1027
1080,1,1482,1027
1080,1,1482,1028
1080,1,1483,1028
1080,1,1484,1028
1080,1,1486,1027
1080,1,1487,1027
1080,1,1488,1026
1080,1,1490,1025
1080,1,1490,1024
1080,1,1491,1024
1080,1,1492,1023
1080,1,1493,1023
1080,1,1494,1022
1080,1,1495,1021
1080,1,1496,1020
1080,1,1497,1019
1080,1,1497,1018
1080,1,1496,1019
1080,1,1496,1020
1080,1,1495,1020
1080,1,1495,1021
1080,1,1494,1021
1080,1,1494,1022
1080,1,1493,1022
1080,1,1493,1023
1080,1,1492,1023
1080,1,1491,1024
1080,1,1490,1024
1080,1,1489,1024
1080,1,1489,1025
1080,1,1488,1025
1080,1,1488,1026
1080,1,1487,1026
1080,1,1487,1027
1080,1,1486,1027
1080,1,1485,1027
1080,1,1485,1028
1080,1,1484,1028
1080,1,1483,1028
1080,1,1482,1028
1080,1,1482,1027
1080,1,1481,1027
1081,1,1476,1025
1081,1,1477,1025
1081,1,1478,1026
1081,1,1479,1026
1081,1,1479,1027
1081,1,1480,1027
1081,1,1481,1027
1081,1,1481,1026
1081,1,1481,1025
1081,1,1482,1025
1081,1,1481,1024
1081,1,1480,1024
1081,1,1479,1024
1081,1,1478,1025
1081,1,1477,1025
1081,1,1476,1025
1082,1,1477,961
1082,1,1476,961
1082,1,1475,961
1082,1,1473,962
1082,1,1472,962
1082,1,1471,962
1082,1,1469,962
1082,1,1468,962
1082,1,1465,963
1082,1,1464,963
1082,1,1463,963
1082,1,1462,963
1082,1,1461,963
1082,1,1459,963
1082,1,1458,964
1082,1,1457,964
1082,1,1454,964
1082,1,1453,964
1082,1,1452,964
1082,1,1451,964
1082,1,1449,965
1082,1,1448,965
1082,1,1447,965
1082,1,1446,965
1082,1,1444,965
1082,1,1441,966
1082,1,1439,966
1082,1,1438,966
1082,1,1437,966
1082,1,1435,966
1082,1,1434,966
1082,1,1433,966
1082,1,1432,967
1082,1,1431,967
1082,1,1430,967
1082,1,1429,967
1082,1,1428,967
1082,1,1427,967
1082,1,1426,967
1082,1,1425,967
1082,1,1424,967
1082,1,1423,967
1082,1,1422,967
1082,1,1421,968
1082,1,1420,968
1082,1,1418,968
1082,1,1416,968
1082,1,1415,968
1082,1,1414,968
1082,1,1411,969
1082,1,1410,969
1082,1,1409,969
1082,1,1408,969
1082,1,1407,969
1082,1,1406,969
1082,1,1405,969
1082,1,1404,969
1082,1,1403,969
1082,1,1401,969
1082,1,1400,969
1082,1,1400,970
1082,1,1399,970
1082,1,1397,970
1082,1,1396,970
1082,1,1395,970
1082,1,1394,970
1082,1,1393,970
1082,1,1392,970
1082,1,1391,970
1082,1,1390,970
1082,1,1389,970
1082,1,1387,971
1082,1,1386,971
1082,1,1385,971
1082,1,1384,971
1082,1,1383,971
1082,1,1382,971
1082,1,1381,971
1082,1,1379,971
1082,1,1378,971
1082,1,1378,972
1082,1,1377,972
1082,1,1376,972
1082,1,1375,972
1082,1,1374,972
1082,1,1373,972
1082,1,1371,972
1082,1,1372,973
1082,1,1372,974
1082,1,1372,975
1082,1,1371,976
1082,1,1371,977
1082,1,1371,978
1082,1,1371,979
1082,1,1371,980
1082,1,1372,980
1082,1,1372,981
1082,1,1373,981
1082,1,1374,981
1082,1,1374,982
1082,1,1375,982
1082,1,1375,983
1082,1,1375,984
1082,1,1376,984
1082,1,1376,985
1082,1,1377,985
1082,1,1378,985
1082,1,1378,986
1082,1,1379,986
1082,1,1380,986
1082,1,1380,987
1082,1,1381,987
1082,1,1381,988
1082,1,1381,989
1082,1,1381,990
1082,1,1381,991
1082,1,1381,992
1082,1,1380,992
1082,1,1380,993
1082,1,1380,994
1082,1,1380,995
1082,1,1381,996
1082,1,1380,996
1082,1,1381,996
1082,1,1381,997
1082,1,1382,997
1082,1,1383,997
1082,1,1383,998
1082,1,1383,999
1082,1,1382,999
1082,1,1382,1000
1082,1,1381,999
1082,1,1381,1000
1082,1,1381,1001
1082,1,1380,1001
1082,1,1380,1002
1082,1,1380,1003
1082,1,1379,1003
1082,1,1379,1004
1082,1,1378,1004
1082,1,1378,1005
1082,1,1379,1005
1082,1,1380,1005
1082,1,1380,1004
1082,1,1380,1005
1082,1,1379,1006
1082,1,1378,1006
1082,1,1379,1006
1082,1,1380,1005
1082,1,1381,1005
1082,1,1382,1005
1082,1,1383,1004
1082,1,1385,1004
1082,1,1386,1003
1082,1,1387,1003
1082,1,1388,1003
1082,1,1389,1003
1082,1,1390,1003
1082,1,1391,1003
1082,1,1392,1002
1082,1,1393,1002
1082,1,1394,1002
1082,1,1395,1002
1082,1,1397,1001
1082,1,1399,1000
1082,1,1401,1000
1082,1,1402,999
1082,1,1404,999
1082,1,1405,999
1082,1,1407,998
1082,1,1409,998
1082,1,1410,997
1082,1,1412,997
1082,1,1413,997
1082,1,1414,997
1082,1,1415,997
1082,1,1416,997
1082,1,1417,997
1082,1,1418,997
1082,1,1419,997
1082,1,1420,997
1082,1,1422,997
1082,1,1423,997
1082,1,1424,997
1082,1,1425,997
1082,1,1426,997
1082,1,1427,997
1082,1,1428,997
1082,1,1429,997
1082,1,1430,998
1082,1,1431,998
1082,1,1432,998
1082,1,1433,998
1082,1,1434,999
1082,1,1435,999
1082,1,1436,999
1082,1,1437,999
1082,1,1438,1000
1082,1,1440,1000
1082,1,1441,1000
1082,1,1442,1001
1082,1,1443,1001
1082,1,1444,1002
1082,1,1445,1002
1082,1,1446,1002
1082,1,1446,1003
1082,1,1447,1003
1082,1,1448,1004
1082,1,1449,1004
1082,1,1450,1004
1082,1,1450,1005
1082,1,1451,1005
1082,1,1451,1006
1082,1,1452,1006
1082,1,1453,1007
1082,1,1454,1007
1082,1,1454,1008
1082,1,1456,1008
1082,1,1457,1008
1082,1,1457,1009
1082,1,1458,1009
1082,1,1459,1010
1082,1,1460,1011
1082,1,1461,1011
1082,1,1461,1012
1082,1,1462,1012
1082,1,1462,1013
1082,1,1463,1013
1082,1,1464,1013
1082,1,1465,1013
1082,1,1466,1013
1082,1,1467,1014
1082,1,1468,1014
1082,1,1468,1015
1082,1,1469,1015
1082,1,1469,1016
1082,1,1469,1017
1082,1,1470,1017
1082,1,1470,1018
1082,1,1471,1018
1082,1,1471,1019
1082,1,1472,1019
1082,1,1472,1020
1082,1,1472,1021
1082,1,1472,1022
1082,1,1472,1023
1082,1,1472,1024
1082,1,1472,1025
1082,1,1471,1025
1082,1,1470,1025
1082,1,1470,1026
1082,1,1470,1025
1082,1,1469,1025
1082,1,1469,1024
1082,1,1468,1023
1082,1,1468,1022
1082,1,1468,1021
1082,1,1467,1021
1082,1,1467,1020
1082,1,1467,1019
1082,1,1467,1018
1082,1,1467,1017
1082,1,1468,1017
1082,1,1468,1016
1082,1,1467,1016
1082,1,1467,1017
1082,1,1467,1018
1082,1,1467,1019
1082,1,1467,1020
1082,1,1467,1021
1082,1,1468,1022
1082,1,1468,1023
1082,1,1469,1024
1082,1,1469,1025
1082,1,1470,1026
1082,1,1471,1026
1082,1,1471,1025
1082,1,1472,1025
1082,1,1473,1025
1082,1,1474,1025
1082,1,1475,1025
1082,1,1476,1025
1082,1,1475,1025
1082,1,1474,1025
1082,1,1476,1024
1082,1,1477,1024
1082,1,1478,1024
1082,1,1478,1023
1082,1,1480,1023
1082,1,1482,1022
1082,1,1483,1022
1082,1,1483,1023
1082,1,1484,1022
1082,1,1484,1023
1082,1,1484,1022
1082,1,1485,1022
1082,1,1486,1021
1082,1,1487,1021
1082,1,1487,1020
1082,1,1488,1019
1082,1,1488,1018
1082,1,1489,1018
1082,1,1490,1018
1082,1,1489,1019
1082,1,1489,1020
1082,1,1489,1021
1082,1,1490,1020
1082,1,1491,1020
1082,1,1491,1019
1082,1,1492,1019
1082,1,1493,1019
1082,1,1493,1018
1082,1,1494,1018
1082,1,1494,1017
1082,1,1495,1017
1082,1,1496,1016
1082,1,1497,1015
1082,1,1498,1015
1082,1,1498,1014
1082,1,1499,1014
1082,1,1499,1013
1082,1,1500,1013
1082,1,1500,1012
1082,1,1501,1012
1082,1,1502,1012
1082,1,1502,1011
1082,1,1503,1011
1082,1,1503,1010
1082,1,1504,1010
1082,1,1505,1010
1082,1,1506,1009
1082,1,1506,1010
1082,1,1507,1010
1082,1,1508,1010
1082,1,1509,1011
1082,1,1510,1010
1082,1,1511,1010
1082,1,1511,1009
1082,1,1511,1008
1082,1,1510,1008
1082,1,1509,1008
1082,1,1509,1007
1082,1,1508,1008
1082,1,1508,1007
1082,1,1507,1007
1082,1,1507,1008
1082,1,1506,1008
1082,1,1506,1007
1082,1,1507,1007
1082,1,1506,1007
1082,1,1506,1006
1082,1,1507,1006
1082,1,1507,1007
1082,1,1507,1006
1082,1,1508,1007
1082,1,1509,1007
1082,1,1510,1007
1082,1,1510,1006
1082,1,1509,1006
1082,1,1509,1005
1082,1,1510,1005
1082,1,1510,1004
1082,1,1510,1003
1082,1,1511,1003
1082,1,1512,1002
1082,1,1513,1002
1082,1,1513,1001
1082,1,1512,1001
1082,1,1513,1000
1082,1,1514,1001
1082,1,1515,1001
1082,1,1516,1001
1082,1,1515,1000
1082,1,1515,999
1082,1,1516,1000
1082,1,1517,1000
1082,1,1516,1001
1082,1,1517,1001
1082,1,1518,1000
1082,1,1519,1000
1082,1,1520,1000
1082,1,1521,1000
1082,1,1521,999
1082,1,1522,999
1082,1,1523,999
1082,1,1524,999
1082,1,1524,1000
1082,1,1524,999
1082,1,1524,1000
1082,1,1525,1000
1082,1,1526,1000
1082,1,1526,1001
1082,1,1527,1001
1082,1,1527,1002
1082,1,1528,1002
1082,1,1529,1002
1082,1,1530,1003
1082,1,1531,1003
1082,1,1531,1004
1082,1,1532,1004
1082,1,1532,1003
1082,1,1532,1004
1082,1,1533,1004
1082,1,1534,1004
1082,1,1535,1004
1082,1,1535,1005
1082,1,1536,1005
1082,1,1537,1005
1082,1,1537,1006
1082,1,1538,1006
1082,1,1539,1006
1082,1,1539,1007
1082,1,1540,1007
1082,1,1540,1008
1082,1,1541,1009
1082,1,1542,1009
1082,1,1542,1010
1082,1,1542,1011
1082,1,1543,1011
1082,1,1543,1012
1082,1,1542,1012
1082,1,1543,1012
1082,1,1543,1013
1082,1,1544,1013
1082,1,1544,1014
1082,1,1545,1014
1082,1,1544,1014
1082,1,1545,1014
1082,1,1546,1014
1082,1,1546,1015
1082,1,1547,1015
1082,1,1547,1016
1082,1,1548,1016
1082,1,1549,1016
1082,1,1550,1016
1082,1,1551,1016
1082,1,1550,1016
1082,1,1551,1017
1082,1,1551,1018
1082,1,1551,1019
1082,1,1551,1020
1082,1,1551,1021
1082,1,1552,1021
1082,1,1552,1022
1082,1,1552,1023
1082,1,1553,1023
1082,1,1553,1024
1082,1,1554,1024
1082,1,1555,1024
1082,1,1555,1025
1082,1,1556,1025
1082,1,1557,1026
1082,1,1557,1027
1082,1,1557,1026
1082,1,1557,1027
1082,1,1558,1027
1082,1,1558,1026
1082,1,1558,1027
1082,1,1559,1026
1082,1,1560,1027
1082,1,1561,1028
1082,1,1560,1028
1082,1,1561,1028
1082,1,1561,1029
1082,1,1562,1029
1082,1,1562,1030
1082,1,1563,1030
1082,1,1563,1031
1082,1,1563,1032
1082,1,1563,1033
1082,1,1564,1033
1082,1,1565,1033
1082,1,1566,1033
1082,1,1567,1034
1082,1,1567,1035
1082,1,1567,1036
1082,1,1567,1037
1082,1,1568,1037
1082,1,1568,1038
1082,1,1568,1039
1082,1,1569,1039
1082,1,1569,1040
1082,1,1569,1039
1082,1,1570,1039
1082,1,1570,1038
1082,1,1571,1038
1082,1,1571,1037
1082,1,1572,1037
1082,1,1573,1037
1082,1,1574,1037
1082,1,1575,1037
1082,1,1576,1037
1082,1,1577,1037
1082,1,1578,1037
1082,1,1579,1037
1082,1,1579,1038
1082,1,1579,1039
1082,1,1579,1040
1082,1,1579,1041
1082,1,1580,1041
1082,1,1580,1042
1082,1,1581,1042
1082,1,1582,1042
1082,1,1582,1043
1082,1,1582,1044
1082,1,1582,1045
1082,1,1583,1045
1082,1,1583,1046
1082,1,1584,1046
1082,1,1584,1047
1082,1,1585,1047
1082,1,1585,1048
1082,1,1586,1049
1082,1,1585,1049
1082,1,1585,1050
1082,1,1584,1050
1082,1,1584,1051
1082,1,1584,1052
1082,1,1584,1053
1082,1,1585,1053
1082,1,1586,1054
1082,1,1586,1053
1082,1,1586,1054
1082,1,1586,1055
1082,1,1586,1056
1082,1,1587,1056
1082,1,1586,1056
1082,1,1586,1057
1082,1,1585,1057
1082,1,1586,1057
1082,1,1586,1058
1082,1,1587,1058
1082,1,1588,1058
1082,1,1588,1059
1082,1,1588,1060
1082,1,1588,1061
1082,1,1589,1061
1082,1,1589,1062
1082,1,1588,1062
1082,1,1589,1062
1082,1,1589,1063
1082,1,1589,1064
1082,1,1589,1065
1082,1,1589,1066
1082,1,1589,1067
1082,1,1589,1068
1082,1,1589,1069
1082,1,1590,1070
1082,1,1589,1070
1082,1,1589,1071
1082,1,1588,1071
1082,1,1588,1072
1082,1,1589,1071
1082,1,1589,1072
1082,1,1588,1072
1082,1,1588,1073
1082,1,1588,1074
1082,1,1588,1075
1082,1,1588,1076
1082,1,1587,1076
1082,1,1588,1076
1082,1,1587,1077
1082,1,1588,1077
1082,1,1588,1078
1082,1,1587,1078
1082,1,1588,1078
1082,1,1587,1078
1082,1,1587,1079
1082,1,1587,1080
1082,1,1587,1081
1082,1,1587,1082
1082,1,1586,1082
1082,1,1586,1083
1082,1,1586,1084
1082,1,1586,1085
1082,1,1587,1085
1082,1,1587,1086
1082,1,1587,1087
1082,1,1587,1088
1082,1,1587,1089
1082,1,1586,1089
1082,1,1585,1089
1082,1,1585,1088
1082,1,1585,1087
1082,1,1585,1088
1082,1,1585,1089
1082,1,1586,1089
1082,1,1587,1089
1082,1,1587,1090
1082,1,1587,1091
1082,1,1587,1092
1082,1,1587,1093
1082,1,1586,1092
1082,1,1586,1091
1082,1,1586,1090
1082,1,1586,1089
1082,1,1585,1091
1082,1,1586,1091
1082,1,1586,1092
1082,1,1586,1093
1082,1,1586,1094
1082,1,1585,1095
1082,1,1585,1096
1082,1,1585,1097
1082,1,1585,1098
1082,1,1586,1098
1082,1,1586,1099
1082,1,1587,1100
1082,1,1587,1101
1082,1,1588,1101
1082,1,1589,1101
1082,1,1589,1102
1082,1,1590,1102
1082,1,1590,1103
1082,1,1590,1104
1082,1,1591,1104
1082,1,1591,1105
1082,1,1591,1106
1082,1,1591,1107
1082,1,1591,1108
1082,1,1592,1108
1082,1,1592,1109
1082,1,1593,1109
1082,1,1593,1108
1082,1,1593,1107
1082,1,1592,1107
1082,1,1592,1106
1082,1,1592,1105
1082,1,1593,1105
1082,1,1594,1105
1082,1,1595,1105
1082,1,1596,1105
1082,1,1596,1104
1082,1,1596,1103
1082,1,1596,1102
1082,1,1596,1101
1082,1,1596,1100
1082,1,1596,1099
1082,1,1597,1099
1082,1,1597,1098
1082,1,1596,1098
1082,1,1596,1097
1082,1,1596,1096
1082,1,1595,1096
1082,1,1594,1096
1082,1,1594,1095
1082,1,1595,1095
1082,1,1594,1095
1082,1,1593,1095
1082,1,1592,1095
1082,1,1592,1094
1082,1,1592,1095
1082,1,1591,1095
1082,1,1591,1094
1082,1,1590,1094
1082,1,1591,1094
1082,1,1590,1094
1082,1,1590,1093
1082,1,1591,1093
1082,1,1592,1092
1082,1,1591,1092
1082,1,1592,1091
1082,1,1592,1090
1082,1,1591,1090
1082,1,1591,1089
1082,1,1592,1089
1082,1,1592,1090
1082,1,1592,1091
1082,1,1593,1091
1082,1,1593,1090
1082,1,1594,1090
1082,1,1594,1091
1082,1,1595,1091
1082,1,1596,1091
1082,1,1597,1091
1082,1,1597,1092
1082,1,1598,1092
1082,1,1598,1093
1082,1,1599,1093
1082,1,1598,1093
1082,1,1599,1093
1082,1,1599,1094
1082,1,1598,1094
1082,1,1599,1094
1082,1,1598,1094
1082,1,1599,1094
1082,1,1599,1095
1082,1,1598,1095
1082,1,1599,1095
1082,1,1599,1096
1082,1,1598,1096
1082,1,1598,1097
1082,1,1599,1097
1082,1,1599,1098
1082,1,1600,1098
1082,1,1601,1098
1082,1,1602,1098
1082,1,1602,1097
1082,1,1601,1097
1082,1,1601,1096
1082,1,1601,1095
1082,1,1601,1094
1082,1,1600,1094
1082,1,1600,1093
1082,1,1601,1093
1082,1,1601,1092
1082,1,1602,1092
1082,1,1602,1093
1082,1,1602,1094
1082,1,1602,1093
1082,1,1603,1094
1082,1,1604,1094
1082,1,1604,1095
1082,1,1605,1096
1082,1,1604,1096
1082,1,1605,1096
1082,1,1605,1097
1082,1,1605,1098
1082,1,1604,1098
1082,1,1604,1099
1082,1,1605,1099
1082,1,1604,1099
1082,1,1604,1100
1082,1,1604,1101
1082,1,1603,1101
1082,1,1602,1101
1082,1,1602,1102
1082,1,1602,1103
1082,1,1601,1104
1082,1,1600,1105
1082,1,1600,1106
1082,1,1600,1107
1082,1,1599,1107
1082,1,1599,1108
1082,1,1599,1109
1082,1,1598,1109
1082,1,1598,1110
1082,1,1597,1110
1082,1,1598,1111
1082,1,1597,1111
1082,1,1597,1112
1082,1,1596,1113
1082,1,1597,1113
1082,1,1596,1113
1082,1,1595,1113
1082,1,1595,1114
1082,1,1595,1115
1082,1,1594,1115
1082,1,1594,1114
1082,1,1594,1113
1082,1,1593,1113
1082,1,1592,1113
1082,1,1593,1113
1082,1,1593,1114
1082,1,1594,1114
1082,1,1594,1115
1082,1,1594,1116
1082,1,1595,1117
1082,1,1595,1118
1082,1,1596,1118
1082,1,1597,1118
1082,1,1597,1119
1082,1,1598,1120
1082,1,1599,1121
1082,1,1600,1122
1082,1,1601,1123
1082,1,1602,1123
1082,1,1602,1124
1082,1,1601,1124
1082,1,1602,1124
1082,1,1602,1125
1082,1,1603,1125
1082,1,1603,1126
1082,1,1604,1126
1082,1,1604,1127
1082,1,1605,1128
1082,1,1605,1129
1082,1,1606,1129
1082,1,1606,1130
1082,1,1607,1131
1082,1,1607,1132
1082,1,1608,1133
1082,1,1608,1134
1082,1,1609,1135
1082,1,1610,1135
1082,1,1610,1136
1082,1,1610,1137
1082,1,1611,1137
1082,1,1611,1138
1082,1,1612,1138
1082,1,1612,1139
1082,1,1613,1140
1082,1,1614,1141
1082,1,1615,1142
1082,1,1616,1143
1082,1,1616,1144
1082,1,1617,1144
1082,1,1617,1145
1082,1,1618,1147
1082,1,1618,1148
1082,1,1618,1149
1082,1,1618,1148
1082,1,1618,1147
1082,1,1618,1146
1082,1,1619,1146
1082,1,1620,1146
1082,1,1621,1146
1082,1,1622,1146
1082,1,1622,1145
1082,1,1623,1145
1082,1,1623,1144
1082,1,1622,1141
1082,1,1621,1139
1082,1,1620,1139
1082,1,1620,1138
1082,1,1620,1137
1082,1,1621,1138
1082,1,1622,1138
1082,1,1622,1137
1082,1,1623,1137
1082,1,1623,1136
1082,1,1624,1136
1082,1,1625,1136
1082,1,1625,1137
1082,1,1626,1137
1082,1,1625,1137
1082,1,1625,1138
1082,1,1624,1138
1082,1,1624,1139
1082,1,1625,1139
1082,1,1625,1140
1082,1,1626,1140
1082,1,1626,1141
1082,1,1626,1142
1082,1,1627,1142
1082,1,1627,1143
1082,1,1627,1144
1082,1,1627,1145
1082,1,1626,1145
1082,1,1626,1146
1082,1,1626,1147
1082,1,1626,1148
1082,1,1626,1149
1082,1,1626,1150
1082,1,1626,1151
1082,1,1625,1151
1082,1,1625,1150
1082,1,1625,1149
1082,1,1624,1149
1082,1,1624,1148
1082,1,1623,1148
1082,1,1622,1149
1082,1,1622,1150
1082,1,1623,1150
1082,1,1623,1151
1082,1,1624,1151
1082,1,1624,1152
1082,1,1624,1153
1082,1,1625,1153
1082,1,1625,1154
1082,1,1625,1155
1082,1,1626,1156
1082,1,1626,1157
1082,1,1627,1157
1082,1,1627,1158
1082,1,1626,1158
1082,1,1626,1159
1082,1,1627,1158
1082,1,1628,1158
1082,1,1629,1158
1082,1,1628,1158
1082,1,1628,1157
1082,1,1628,1156
1082,1,1628,1155
1082,1,1629,1156
1082,1,1630,1156
1082,1,1631,1156
1082,1,1630,1156
1082,1,1630,1157
1082,1,1631,1157
1082,1,1630,1157
1082,1,1630,1158
1082,1,1631,1158
1082,1,1632,1158
1082,1,1633,1158
1082,1,1633,1159
1082,1,1632,1159
1082,1,1633,1159
1082,1,1634,1159
1082,1,1634,1160
1082,1,1635,1160
1082,1,1636,1160
1082,1,1636,1161
1082,1,1637,1161
1082,1,1637,1162
1082,1,1638,1162
1082,1,1638,1163
1082,1,1639,1164
1082,1,1639,1165
1082,1,1639,1166
1082,1,1640,1166
1082,1,1640,1167
1082,1,1640,1168
1082,1,1641,1169
1082,1,1641,1170
1082,1,1641,1171
1082,1,1641,1172
1082,1,1642,1172
1082,1,1642,1173
1082,1,1642,1174
1082,1,1642,1175
1082,1,1643,1176
1082,1,1643,1177
1082,1,1644,1177
1082,1,1644,1178
1082,1,1645,1179
1082,1,1645,1180
1082,1,1646,1180
1082,1,1645,1181
1082,1,1646,1181
1082,1,1646,1182
1082,1,1647,1182
1082,1,1647,1183
1082,1,1648,1184
1082,1,1649,1185
1082,1,1649,1186
1082,1,1649,1185
1082,1,1650,1185
1082,1,1649,1184
1082,1,1650,1184
1082,1,1650,1183
1082,1,1651,1183
1082,1,1652,1183
1082,1,1653,1183
1082,1,1653,1184
1082,1,1654,1184
1082,1,1655,1184
1082,1,1655,1185
1082,1,1655,1184
1082,1,1656,1184
1082,1,1656,1185
1082,1,1657,1185
1082,1,1658,1185
1082,1,1658,1186
1082,1,1659,1186
1082,1,1660,1186
1082,1,1661,1186
1082,1,1661,1187
1082,1,1662,1187
1082,1,1663,1187
1082,1,1663,1188
1082,1,1664,1188
1082,1,1664,1189
1082,1,1665,1189
1082,1,1665,1190
1082,1,1666,1190
1082,1,1667,1190
1082,1,1667,1191
1082,1,1668,1191
1082,1,1667,1192
1082,1,1668,1192
1082,1,1668,1193
1082,1,1669,1194
1082,1,1670,1194
1082,1,1670,1195
1082,1,1671,1195
1082,1,1670,1196
1082,1,1671,1196
1082,1,1672,1196
1082,1,1672,1197
1082,1,1672,1198
1082,1,1673,1199
1082,1,1673,1200
1082,1,1674,1200
1082,1,1674,1201
1082,1,1675,1201
1082,1,1675,1202
1082,1,1675,1203
1082,1,1675,1204
1082,1,1676,1204
1082,1,1677,1204
1082,1,1677,1205
1082,1,1677,1206
1082,1,1676,1205
1082,1,1676,1206
1082,1,1676,1207
1082,1,1676,1208
1082,1,1676,1209
1082,1,1676,1210
1082,1,1676,1211
1082,1,1676,1212
1082,1,1677,1212
1082,1,1677,1213
1082,1,1677,1214
1082,1,1678,1214
1082,1,1679,1215
1082,1,1680,1215
1082,1,1680,1216
1082,1,1681,1215
1082,1,1682,1215
1082,1,1683,1215
1082,1,1684,1215
1082,1,1685,1214
1082,1,1686,1214
1082,1,1687,1214
1082,1,1687,1213
1082,1,1688,1213
1082,1,1688,1212
1082,1,1689,1212
1082,1,1689,1211
1082,1,1690,1211
1082,1,1691,1211
1082,1,1691,1212
1082,1,1692,1212
1082,1,1692,1211
1082,1,1691,1211
1082,1,1692,1211
1082,1,1692,1212
1082,1,1693,1211
1082,1,1693,1212
1082,1,1694,1212
1082,1,1693,1212
1082,1,1693,1213
1082,1,1694,1212
1082,1,1693,1212
1082,1,1694,1211
1082,1,1694,1212
1082,1,1695,1212
1082,1,1696,1212
1082,1,1695,1212
1082,1,1695,1211
1082,1,1696,1211
1082,1,1696,1212
1082,1,1697,1212
1082,1,1696,1212
1082,1,1696,1211
1082,1,1697,1211
1082,1,1697,1210
1082,1,1698,1210
1082,1,1697,1210
1082,1,1697,1211
1082,1,1698,1211
1082,1,1698,1210
1082,1,1699,1210
1082,1,1699,1211
1082,1,1698,1211
1082,1,1698,1212
1082,1,1699,1211
1082,1,1699,1210
1082,1,1698,1210
1082,1,1698,1209
1082,1,1698,1210
1082,1,1698,1209
1082,1,1699,1209
1082,1,1700,1209
1082,1,1700,1208
1082,1,1700,1209
1082,1,1701,1209
1082,1,1700,1209
1082,1,1701,1209
1082,1,1701,1208
1082,1,1702,1208
1082,1,1703,1207
1082,1,1703,1208
1082,1,1703,1207
1082,1,1704,1207
1082,1,1705,1207
1082,1,1705,1208
1082,1,1705,1207
1082,1,1706,1207
1082,1,1707,1207
1082,1,1707,1208
1082,1,1708,1208
1082,1,1707,1208
1082,1,1707,1209
1082,1,1707,1210
1082,1,1707,1211
1082,1,1708,1211
1082,1,1709,1211
1082,1,1709,1212
1082,1,1708,1212
1082,1,1708,1213
1082,1,1708,1212
1082,1,1707,1212
1082,1,1707,1213
1082,1,1708,1213
1082,1,1707,1213
1082,1,1707,1214
1082,1,1707,1215
1082,1,1706,1215
1082,1,1706,1216
1082,1,1705,1216
1082,1,1705,1217
1082,1,1704,1217
1082,1,1705,1217
1082,1,1704,1217
1082,1,1704,1218
1082,1,1704,1219
1082,1,1703,1219
1082,1,1702,1219
1082,1,1702,1220
1082,1,1703,1220
1082,1,1702,1220
1082,1,1702,1221
1082,1,1701,1221
1082,1,1701,1222
1082,1,1700,1222
1082,1,1700,1223
1082,1,1701,1223
1082,1,1701,1222
1082,1,1702,1222
1082,1,1702,1221
1082,1,1703,1220
1082,1,1704,1220
1082,1,1704,1219
1082,1,1705,1219
1082,1,1705,1218
1082,1,1705,1217
1082,1,1706,1217
1082,1,1706,1216
1082,1,1707,1216
1082,1,1707,1215
1082,1,1707,1214
1082,1,1708,1214
1082,1,1708,1213
1082,1,1709,1213
1082,1,1709,1212
1082,1,1710,1212
1082,1,1710,1211
1082,1,1711,1211
1082,1,1711,1210
1082,1,1711,1209
1082,1,1712,1209
1082,1,1712,1208
1082,1,1711,1208
1082,1,1711,1207
1082,1,1712,1207
1082,1,1712,1206
1082,1,1712,1205
1082,1,1713,1205
1082,1,1713,1204
1082,1,1713,1203
1082,1,1714,1202
1082,1,1714,1201
1082,1,1714,1200
1082,1,1715,1200
1082,1,1715,1199
1082,1,1714,1199
1082,1,1714,1200
1082,1,1713,1200
1082,1,1713,1201
1082,1,1713,1202
1082,1,1712,1202
1082,1,1712,1203
1082,1,1711,1202
1082,1,1711,1203
1082,1,1710,1203
1082,1,1711,1203
1082,1,1711,1204
1082,1,1712,1203
1082,1,1712,1204
1082,1,1712,1205
1082,1,1712,1206
1082,1,1711,1206
1082,1,1710,1207
1082,1,1711,1207
1082,1,1710,1207
1082,1,1709,1207
1082,1,1708,1207
1082,1,1708,1206
1082,1,1709,1206
1082,1,1708,1206
1082,1,1708,1205
1082,1,1709,1205
1082,1,1709,1204
1082,1,1709,1203
1082,1,1710,1203
1082,1,1710,1202
1082,1,1710,1201
1082,1,1711,1201
1082,1,1711,1200
1082,1,1711,1199
1082,1,1712,1199
1082,1,1712,1198
1082,1,1712,1197
1082,1,1712,1198
1082,1,1711,1198
1082,1,1711,1197
1082,1,1711,1196
1082,1,1711,1195
1082,1,1710,1195
1082,1,1710,1194
1082,1,1710,1193
1082,1,1710,1192
1082,1,1710,1191
1082,1,1710,1190
1082,1,1711,1190
1082,1,1711,1189
1082,1,1710,1189
1082,1,1710,1188
1082,1,1710,1187
1082,1,1711,1187
1082,1,1711,1186
1082,1,1711,1185
1082,1,1712,1185
1082,1,1712,1184
1082,1,1712,1183
1082,1,1712,1182
1082,1,1712,1181
1082,1,1713,1181
1082,1,1713,1180
1082,1,1714,1180
1082,1,1715,1180
1082,1,1715,1181
1082,1,1716,1181
1082,1,1715,1182
1082,1,1716,1182
1082,1,1715,1182
1082,1,1715,1183
1082,1,1716,1183
1082,1,1716,1184
1082,1,1716,1183
1082,1,1716,1182
1082,1,1716,1181
1082,1,1716,1180
1082,1,1716,1179
1082,1,1717,1179
1082,1,1717,1178
1082,1,1717,1177
1082,1,1717,1176
1082,1,1717,1175
1082,1,1716,1175
1082,1,1716,1174
1082,1,1716,1173
1082,1,1716,1172
1082,1,1716,1171
1082,1,1716,1170
1082,1,1716,1169
1082,1,1715,1169
1082,1,1715,1168
1082,1,1715,1167
1082,1,1715,1166
1082,1,1715,1165
1082,1,1715,1164
1082,1,1715,1163
1082,1,1715,1162
1082,1,1715,1161
1082,1,1715,1160
1082,1,1715,1159
1082,1,1715,1158
1082,1,1715,1157
1082,1,1715,1156
1082,1,1715,1155
1082,1,1715,1153
1082,1,1715,1152
1082,1,1715,1151
1082,1,1715,1150
1082,1,1714,1150
1082,1,1714,1149
1082,1,1714,1147
1082,1,1714,1146
1082,1,1714,1145
1082,1,1714,1144
1082,1,1714,1143
1082,1,1714,1142
1082,1,1714,1141
1082,1,1714,1140
1082,1,1714,1139
1082,1,1714,1138
1082,1,1714,1137
1082,1,1714,1136
1082,1,1713,1136
1082,1,1713,1135
1082,1,1713,1134
1082,1,1713,1133
1082,1,1713,1132
1082,1,1713,1131
1082,1,1713,1130
1082,1,1712,1129
1082,1,1712,1128
1082,1,1712,1127
1082,1,1711,1127
1082,1,1711,1126
1082,1,1711,1125
1082,1,1710,1125
1082,1,1710,1124
1082,1,1710,1123
1082,1,1709,1123
1082,1,1709,1122
1082,1,1709,1121
1082,1,1708,1120
1082,1,1707,1118
1082,1,1706,1117
1082,1,1706,1116
1082,1,1705,1116
1082,1,1705,1115
1082,1,1705,1114
1082,1,1704,1114
1082,1,1705,1113
1082,1,1704,1113
1082,1,1704,1112
1082,1,1703,1111
1082,1,1702,1110
1082,1,1702,1109
1082,1,1701,1108
1082,1,1701,1107
1082,1,1700,1107
1082,1,1700,1106
1082,1,1699,1104
1082,1,1698,1104
1082,1,1698,1103
1082,1,1697,1102
1082,1,1697,1101
1082,1,1696,1100
1082,1,1696,1099
1082,1,1695,1098
1082,1,1695,1097
1082,1,1694,1096
1082,1,1694,1095
1082,1,1694,1094
1082,1,1693,1094
1082,1,1693,1093
1082,1,1692,1093
1082,1,1692,1092
1082,1,1692,1091
1082,1,1691,1090
1082,1,1691,1089
1082,1,1691,1088
1082,1,1690,1088
1082,1,1690,1087
1082,1,1689,1087
1082,1,1689,1086
1082,1,1688,1085
1082,1,1687,1083
1082,1,1686,1082
1082,1,1686,1081
1082,1,1685,1081
1082,1,1684,1080
1082,1,1683,1078
1082,1,1683,1077
1082,1,1682,1077
1082,1,1682,1076
1082,1,1681,1075
1082,1,1681,1074
1082,1,1680,1074
1082,1,1680,1073
1082,1,1680,1072
1082,1,1679,1072
1082,1,1679,1071
1082,1,1679,1070
1082,1,1678,1069
1082,1,1678,1068
1082,1,1678,1067
1082,1,1677,1066
1082,1,1677,1065
1082,1,1677,1064
1082,1,1677,1063
1082,1,1676,1062
1082,1,1676,1061
1082,1,1676,1060
1082,1,1676,1059
1082,1,1677,1058
1082,1,1677,1057
1082,1,1678,1057
1082,1,1678,1056
1082,1,1679,1056
1082,1,1679,1055
1082,1,1678,1055
1082,1,1678,1054
1082,1,1677,1053
1082,1,1677,1052
1082,1,1676,1051
1082,1,1676,1050
1082,1,1675,1049
1082,1,1674,1048
1082,1,1673,1047
1082,1,1672,1046
1082,1,1669,1043
1082,1,1668,1041
1082,1,1667,1041
1082,1,1665,1038
1082,1,1665,1037
1082,1,1664,1037
1082,1,1661,1033
1082,1,1660,1032
1082,1,1659,1031
1082,1,1659,1030
1082,1,1658,1030
1082,1,1658,1029
1082,1,1657,1029
1082,1,1657,1028
1082,1,1656,1028
1082,1,1656,1027
1082,1,1656,1026
1082,1,1655,1026
1082,1,1655,1025
1082,1,1654,1025
1082,1,1654,1024
1082,1,1654,1023
1082,1,1653,1023
1082,1,1653,1022
1082,1,1652,1021
1082,1,1652,1020
1082,1,1651,1020
1082,1,1651,1019
1082,1,1650,1019
1082,1,1650,1018
1082,1,1650,1017
1082,1,1649,1017
1082,1,1649,1016
1082,1,1648,1014
1082,1,1647,1013
1082,1,1647,1012
1082,1,1646,1012
1082,1,1646,1011
1082,1,1645,1010
1082,1,1645,1009
1082,1,1644,1008
1082,1,1643,1007
1082,1,1643,1006
1082,1,1643,1005
1082,1,1642,1005
1082,1,1642,1004
1082,1,1641,1003
1082,1,1641,1002
1082,1,1640,1002
1082,1,1640,1001
1082,1,1640,1000
1082,1,1639,998
1082,1,1638,997
1082,1,1638,996
1082,1,1638,995
1082,1,1638,994
1082,1,1637,994
1082,1,1637,993
1082,1,1637,992
1082,1,1636,992
1082,1,1636,991
1082,1,1635,990
1082,1,1635,989
1082,1,1634,988
1082,1,1634,987
1082,1,1634,986
1082,1,1633,985
1082,1,1632,981
1082,1,1631,978
1082,1,1630,977
1082,1,1630,976
1082,1,1630,975
1082,1,1629,975
1082,1,1629,974
1082,1,1629,973
1082,1,1629,972
1082,1,1628,971
1082,1,1628,970
1082,1,1628,969
1082,1,1627,969
1082,1,1628,968
1082,1,1627,967
1082,1,1627,966
1082,1,1626,966
1082,1,1626,965
1082,1,1625,965
1082,1,1625,964
1082,1,1626,964
1082,1,1626,963
1082,1,1625,963
1082,1,1625,962
1082,1,1625,961
1082,1,1625,960
1082,1,1625,959
1082,1,1625,958
1082,1,1625,957
1082,1,1625,956
1082,1,1624,956
1082,1,1624,955
1082,1,1623,955
1082,1,1622,955
1082,1,1621,955
1082,1,1620,955
1082,1,1620,956
1082,1,1619,956
1082,1,1618,956
1082,1,1618,955
1082,1,1617,955
1082,1,1617,956
1082,1,1617,955
1082,1,1616,955
1082,1,1616,956
1082,1,1616,955
1082,1,1616,956
1082,1,1615,956
1082,1,1615,955
1082,1,1614,955
1082,1,1615,955
1082,1,1614,955
1082,1,1613,955
1082,1,1612,955
1082,1,1611,955
1082,1,1611,954
1082,1,1610,954
1082,1,1610,955
1082,1,1610,954
1082,1,1609,954
1082,1,1608,954
1082,1,1607,954
1082,1,1606,954
1082,1,1605,953
1082,1,1605,952
1082,1,1605,953
1082,1,1604,953
1082,1,1605,953
1082,1,1604,953
1082,1,1603,953
1082,1,1602,953
1082,1,1602,954
1082,1,1602,955
1082,1,1601,955
1082,1,1600,955
1082,1,1600,956
1082,1,1601,956
1082,1,1600,957
1082,1,1600,958
1082,1,1600,959
1082,1,1600,960
1082,1,1600,961
1082,1,1600,962
1082,1,1600,963
1082,1,1601,963
1082,1,1601,964
1082,1,1602,964
1082,1,1602,965
1082,1,1602,966
1082,1,1602,967
1082,1,1602,968
1082,1,1602,969
1082,1,1602,970
1082,1,1602,971
1082,1,1602,972
1082,1,1602,973
1082,1,1602,974
1082,1,1602,975
1082,1,1602,976
1082,1,1601,976
1082,1,1600,976
1082,1,1599,976
1082,1,1598,976
1082,1,1597,976
1082,1,1596,976
1082,1,1596,975
1082,1,1595,975
1082,1,1595,974
1082,1,1595,973
1082,1,1595,972
1082,1,1595,971
1082,1,1595,970
1082,1,1594,970
1082,1,1593,969
1082,1,1593,968
1082,1,1593,967
1082,1,1594,967
1082,1,1592,967
1082,1,1591,967
1082,1,1587,967
1082,1,1585,967
1082,1,1584,967
1082,1,1581,968
1082,1,1580,968
1082,1,1579,968
1082,1,1578,968
1082,1,1577,968
1082,1,1574,968
1082,1,1570,968
1082,1,1569,968
1082,1,1566,969
1082,1,1564,969
1082,1,1562,969
1082,1,1561,969
1082,1,1560,969
1082,1,1559,969
1082,1,1556,969
1082,1,1555,969
1082,1,1554,970
1082,1,1551,970
1082,1,1550,970
1082,1,1549,970
1082,1,1548,970
1082,1,1547,970
1082,1,1546,970
1082,1,1545,970
1082,1,1544,970
1082,1,1543,970
1082,1,1542,970
1082,1,1541,970
1082,1,1539,970
1082,1,1536,971
1082,1,1535,971
1082,1,1534,971
1082,1,1533,971
1082,1,1531,971
1082,1,1529,971
1082,1,1528,971
1082,1,1526,971
1082,1,1525,971
1082,1,1523,972
1082,1,1520,972
1082,1,1519,972
1082,1,1518,972
1082,1,1517,972
1082,1,1516,972
1082,1,1515,972
1082,1,1514,972
1082,1,1510,972
1082,1,1509,973
1082,1,1505,973
1082,1,1504,973
1082,1,1502,973
1082,1,1501,973
1082,1,1499,973
1082,1,1498,973
1082,1,1496,973
1082,1,1495,974
1082,1,1494,974
1082,1,1493,974
1082,1,1491,974
1082,1,1490,974
1082,1,1487,974
1082,1,1486,974
1082,1,1485,974
1082,1,1484,974
1082,1,1484,973
1082,1,1483,973
1082,1,1483,972
1082,1,1483,973
1082,1,1482,973
1082,1,1482,972
1082,1,1482,971
1082,1,1481,970
1082,1,1482,970
1082,1,1481,970
1082,1,1481,969
1082,1,1481,968
1082,1,1481,967
1082,1,1481,966
1082,1,1480,966
1082,1,1480,965
1082,1,1479,965
1082,1,1479,964
1082,1,1478,964
1082,1,1479,963
1082,1,1478,963
1082,1,1477,962
1082,1,1477,961
1083,1,392,55
1083,1,391,62
1083,1,390,64
1083,1,390,65
1083,1,389,72
1083,1,389,73
1083,1,388,73
1083,1,388,76
1083,1,388,78
1083,1,387,78
1083,1,387,79
1083,1,387,81
1083,1,386,83
1083,1,386,85
1083,1,386,87
1083,1,385,89
1083,1,385,92
1083,1,384,93
1083,1,384,96
1083,1,383,97
1083,1,383,98
1083,1,383,99
1083,1,382,102
1083,1,382,103
1083,1,383,103
1083,1,383,104
1083,1,383,105
1083,1,384,106
1083,1,384,107
1083,1,385,107
1083,1,385,108
1083,1,385,109
1083,1,385,110
1083,1,386,110
1083,1,387,111
1083,1,387,112
1083,1,387,113
1083,1,387,114
1083,1,387,115
1083,1,388,115
1083,1,388,114
1083,1,388,115
1083,1,388,116
1083,1,388,117
1083,1,389,117
1083,1,390,117
1083,1,390,118
1083,1,389,119
1083,1,389,120
1083,1,389,121
1083,1,390,121
1083,1,390,122
1083,1,390,123
1083,1,389,123
1083,1,389,124
1083,1,388,124
1083,1,387,124
1083,1,387,125
1083,1,388,125
1083,1,388,126
1083,1,389,126
1083,1,388,126
1083,1,389,127
1083,1,389,128
1083,1,390,128
1083,1,390,129
1083,1,391,129
1083,1,390,129
1083,1,390,130
1083,1,389,130
1083,1,389,129
1083,1,388,129
1083,1,387,129
1083,1,387,130
1083,1,386,130
1083,1,387,130
1083,1,387,131
1083,1,388,131
1083,1,388,132
1083,1,389,132
1083,1,389,133
1083,1,390,133
1083,1,390,134
1083,1,391,134
1083,1,391,135
1083,1,392,135
1083,1,392,136
1083,1,392,137
1083,1,392,138
1083,1,393,138
1083,1,393,139
1083,1,394,139
1083,1,395,139
1083,1,395,140
1083,1,396,140
1083,1,397,140
1083,1,397,141
1083,1,398,141
1083,1,398,142
1083,1,399,142
1083,1,399,143
1083,1,399,144
1083,1,398,144
1083,1,399,144
1083,1,399,145
1083,1,400,145
1083,1,400,146
1083,1,400,147
1083,1,401,147
1083,1,401,148
1083,1,402,148
1083,1,402,149
1083,1,403,149
1083,1,403,150
1083,1,403,151
1083,1,403,152
1083,1,404,152
1083,1,404,153
1083,1,404,154
1083,1,404,155
1083,1,404,156
1083,1,405,156
1083,1,406,156
1083,1,406,157
1083,1,406,158
1083,1,407,158
1083,1,407,159
1083,1,408,159
1083,1,408,160
1083,1,407,160
1083,1,407,161
1083,1,407,162
1083,1,407,163
1083,1,407,164
1083,1,408,164
1083,1,408,165
1083,1,409,165
1083,1,409,166
1083,1,410,166
1083,1,410,167
1083,1,411,167
1083,1,411,168
1083,1,412,168
1083,1,411,168
1083,1,411,169
1083,1,411,170
1083,1,410,170
1083,1,411,170
1083,1,411,171
1083,1,412,171
1083,1,412,170
1083,1,413,170
1083,1,413,169
1083,1,414,169
1083,1,414,170
1083,1,415,170
1083,1,415,171
1083,1,416,171
1083,1,416,172
1083,1,415,172
1083,1,415,173
1083,1,415,174
1083,1,416,174
1083,1,415,174
1083,1,415,175
1083,1,416,175
1083,1,417,175
1083,1,418,175
1083,1,419,175
1083,1,419,176
1083,1,420,176
1083,1,421,175
1083,1,422,175
1083,1,423,175
1083,1,424,175
1083,1,425,175
1083,1,425,176
1083,1,425,177
1083,1,424,177
1083,1,425,178
1083,1,424,178
1083,1,424,179
1083,1,424,180
1083,1,423,180
1083,1,423,181
1083,1,423,182
1083,1,422,182
1083,1,421,182
1083,1,421,183
1083,1,421,184
1083,1,421,185
1083,1,421,186
1083,1,421,187
1083,1,420,187
1083,1,419,188
1083,1,419,189
1083,1,419,190
1083,1,419,191
1083,1,418,191
1083,1,418,192
1083,1,418,193
1083,1,417,193
1083,1,417,194
1083,1,416,194
1083,1,417,194
1083,1,417,195
1083,1,417,196
1083,1,417,197
1083,1,417,198
1083,1,416,198
1083,1,415,198
1083,1,415,197
1083,1,414,197
1083,1,414,198
1083,1,414,199
1083,1,414,200
1083,1,415,200
1083,1,415,201
1083,1,415,202
1083,1,415,203
1083,1,414,203
1083,1,413,203
1083,1,413,204
1083,1,414,204
1083,1,414,205
1083,1,414,206
1083,1,415,206
1083,1,416,207
1083,1,416,208
1083,1,415,208
1083,1,415,209
1083,1,415,210
1083,1,416,211
1083,1,416,212
1083,1,415,212
1083,1,415,213
1083,1,414,213
1083,1,414,212
1083,1,413,212
1083,1,413,213
1083,1,412,212
1083,1,411,212
1083,1,411,213
1083,1,411,214
1083,1,410,214
1083,1,410,215
1083,1,409,215
1083,1,409,216
1083,1,409,217
1083,1,410,217
1083,1,410,218
1083,1,411,219
1083,1,410,219
1083,1,410,220
1083,1,410,221
1083,1,409,221
1083,1,409,222
1083,1,409,221
1083,1,409,222
1083,1,408,222
1083,1,408,223
1083,1,408,224
1083,1,407,224
1083,1,407,225
1083,1,407,226
1083,1,408,225
1083,1,409,225
1083,1,409,226
1083,1,410,226
1083,1,411,226
1083,1,410,226
1083,1,410,227
1083,1,411,227
1083,1,411,228
1083,1,411,229
1083,1,412,229
1083,1,413,230
1083,1,413,231
1083,1,413,232
1083,1,414,232
1083,1,414,231
1083,1,415,231
1083,1,416,231
1083,1,416,230
1083,1,417,230
1083,1,417,229
1083,1,417,228
1083,1,418,228
1083,1,418,229
1083,1,419,229
1083,1,420,228
1083,1,421,228
1083,1,421,227
1083,1,422,227
1083,1,423,227
1083,1,423,226
1083,1,424,226
1083,1,424,225
1083,1,425,225
1083,1,426,225
1083,1,426,224
1083,1,426,223
1083,1,427,223
1083,1,427,222
1083,1,428,223
1083,1,429,223
1083,1,429,224
1083,1,429,225
1083,1,430,225
1083,1,430,226
1083,1,429,226
1083,1,430,226
1083,1,429,227
1083,1,430,227
1083,1,431,227
1083,1,431,228
1083,1,432,228
1083,1,432,229
1083,1,432,230
1083,1,431,231
1083,1,431,232
1083,1,432,232
1083,1,433,232
1083,1,433,233
1083,1,433,234
1083,1,432,235
1083,1,432,236
1083,1,432,237
1083,1,432,238
1083,1,433,238
1083,1,433,239
1083,1,433,240
1083,1,432,241
1083,1,432,242
1083,1,433,242
1083,1,433,243
1083,1,433,244
1083,1,434,244
1083,1,434,245
1083,1,433,245
1083,1,433,246
1083,1,434,246
1083,1,434,247
1083,1,435,248
1083,1,435,249
1083,1,436,249
1083,1,436,250
1083,1,436,251
1083,1,436,252
1083,1,436,253
1083,1,437,253
1083,1,438,253
1083,1,438,254
1083,1,437,254
1083,1,438,255
1083,1,438,256
1083,1,439,256
1083,1,439,257
1083,1,439,258
1083,1,439,259
1083,1,439,260
1083,1,439,261
1083,1,438,261
1083,1,437,261
1083,1,437,262
1083,1,437,263
1083,1,437,264
1083,1,438,264
1083,1,437,264
1083,1,438,265
1083,1,438,266
1083,1,438,267
1083,1,439,267
1083,1,440,267
1083,1,440,268
1083,1,441,269
1083,1,440,269
1083,1,441,270
1083,1,441,269
1083,1,442,269
1083,1,443,269
1083,1,444,269
1083,1,444,268
1083,1,444,269
1083,1,445,269
1083,1,445,270
1083,1,446,270
1083,1,446,271
1083,1,447,271
1083,1,448,272
1083,1,447,272
1083,1,447,273
1083,1,448,273
1083,1,448,274
1083,1,448,275
1083,1,448,276
1083,1,449,276
1083,1,448,276
1083,1,449,276
1083,1,449,277
1083,1,449,278
1083,1,449,279
1083,1,448,279
1083,1,448,280
1083,1,448,281
1083,1,449,282
1083,1,448,283
1083,1,449,283
1083,1,449,284
1083,1,450,284
1083,1,449,284
1083,1,449,285
1083,1,449,286
1083,1,449,287
1083,1,449,288
1083,1,450,288
1083,1,450,289
1083,1,451,289
1083,1,451,290
1083,1,452,290
1083,1,452,291
1083,1,452,290
1083,1,453,290
1083,1,453,291
1083,1,453,292
1083,1,453,293
1083,1,454,293
1083,1,455,292
1083,1,455,291
1083,1,455,290
1083,1,454,290
1083,1,455,290
1083,1,455,289
1083,1,456,289
1083,1,456,288
1083,1,457,288
1083,1,457,287
1083,1,458,287
1083,1,459,287
1083,1,460,287
1083,1,460,288
1083,1,461,288
1083,1,462,288
1083,1,463,288
1083,1,463,289
1083,1,464,289
1083,1,465,289
1083,1,466,289
1083,1,466,290
1083,1,467,290
1083,1,467,289
1083,1,467,290
1083,1,468,290
1083,1,468,291
1083,1,469,291
1083,1,470,291
1083,1,471,291
1083,1,471,290
1083,1,471,289
1083,1,471,288
1083,1,472,287
1083,1,473,287
1083,1,474,287
1083,1,474,286
1083,1,475,286
1083,1,476,286
1083,1,476,287
1083,1,476,288
1083,1,477,288
1083,1,477,289
1083,1,478,288
1083,1,479,289
1083,1,479,288
1083,1,479,289
1083,1,480,289
1083,1,480,290
1083,1,480,289
1083,1,481,289
1083,1,482,289
1083,1,482,290
1083,1,482,289
1083,1,483,289
1083,1,484,289
1083,1,484,290
1083,1,485,290
1083,1,485,289
1083,1,486,289
1083,1,487,289
1083,1,488,289
1083,1,488,290
1083,1,489,290
1083,1,489,291
1083,1,489,292
1083,1,490,292
1083,1,490,291
1083,1,491,291
1083,1,492,291
1083,1,493,291
1083,1,493,290
1083,1,494,290
1083,1,495,290
1083,1,495,291
1083,1,495,290
1083,1,496,291
1083,1,497,291
1083,1,498,290
1083,1,498,291
1083,1,499,291
1083,1,500,292
1083,1,501,292
1083,1,502,292
1083,1,502,291
1083,1,501,291
1083,1,501,292
1083,1,501,291
1083,1,500,291
1083,1,501,291
1083,1,500,290
1083,1,500,289
1083,1,500,288
1083,1,501,288
1083,1,501,287
1083,1,502,287
1083,1,502,286
1083,1,503,286
1083,1,502,286
1083,1,502,285
1083,1,502,284
1083,1,503,284
1083,1,504,284
1083,1,505,284
1083,1,505,283
1083,1,506,283
1083,1,505,283
1083,1,506,283
1083,1,507,284
1083,1,508,284
1083,1,508,285
1083,1,509,286
1083,1,508,286
1083,1,509,286
1083,1,509,287
1083,1,509,288
1083,1,510,288
1083,1,510,289
1083,1,510,290
1083,1,510,291
1083,1,510,292
1083,1,511,292
1083,1,511,293
1083,1,512,294
1083,1,513,294
1083,1,512,295
1083,1,513,296
1083,1,513,297
1083,1,514,297
1083,1,515,297
1083,1,515,296
1083,1,516,289
1083,1,517,286
1083,1,517,284
1083,1,518,282
1083,1,518,279
1083,1,518,276
1083,1,519,273
1083,1,521,273
1083,1,528,274
1083,1,529,274
1083,1,531,275
1083,1,535,276
1083,1,538,276
1083,1,539,276
1083,1,541,276
1083,1,543,277
1083,1,545,277
1083,1,547,277
1083,1,548,277
1083,1,551,277
1083,1,553,278
1083,1,554,278
1083,1,555,278
1083,1,556,278
1083,1,559,279
1083,1,560,279
1083,1,561,279
1083,1,562,279
1083,1,565,280
1083,1,568,280
1083,1,574,281
1083,1,575,281
1083,1,576,281
1083,1,578,281
1083,1,579,281
1083,1,581,282
1083,1,584,282
1083,1,585,283
1083,1,586,283
1083,1,588,283
1083,1,589,283
1083,1,590,283
1083,1,591,283
1083,1,593,284
1083,1,598,284
1083,1,599,284
1083,1,600,285
1083,1,601,285
1083,1,603,285
1083,1,604,285
1083,1,609,286
1083,1,612,286
1083,1,613,286
1083,1,614,286
1083,1,616,287
1083,1,621,287
1083,1,624,288
1083,1,625,288
1083,1,626,288
1083,1,627,288
1083,1,630,288
1083,1,634,289
1083,1,635,289
1083,1,636,289
1083,1,639,289
1083,1,643,290
1083,1,644,290
1083,1,645,290
1083,1,649,291
1083,1,650,291
1083,1,651,291
1083,1,652,291
1083,1,653,291
1083,1,655,292
1083,1,656,292
1083,1,658,292
1083,1,659,292
1083,1,660,292
1083,1,670,293
1083,1,674,294
1083,1,680,295
1083,1,682,295
1083,1,683,295
1083,1,686,295
1083,1,687,295
1083,1,688,295
1083,1,691,296
1083,1,692,296
1083,1,696,296
1083,1,701,296
1083,1,701,297
1083,1,703,297
1083,1,706,297
1083,1,710,297
1083,1,717,298
1083,1,719,298
1083,1,720,298
1083,1,721,298
1083,1,722,299
1083,1,723,299
1083,1,726,299
1083,1,730,299
1083,1,732,300
1083,1,734,300
1083,1,735,300
1083,1,739,300
1083,1,740,300
1083,1,743,301
1083,1,744,301
1083,1,747,301
1083,1,752,301
1083,1,754,302
1083,1,755,302
1083,1,755,301
1083,1,755,297
1083,1,756,296
1083,1,756,294
1083,1,756,291
1083,1,756,285
1083,1,757,284
1083,1,757,283
1083,1,757,281
1083,1,757,279
1083,1,757,278
1083,1,757,276
1083,1,757,275
1083,1,758,271
1083,1,758,266
1083,1,758,260
1083,1,758,259
1083,1,759,256
1083,1,759,254
1083,1,759,250
1083,1,759,248
1083,1,760,244
1083,1,760,240
1083,1,760,239
1083,1,760,238
1083,1,760,236
1083,1,761,230
1083,1,761,228
1083,1,761,226
1083,1,761,225
1083,1,761,224
1083,1,761,223
1083,1,762,220
1083,1,762,219
1083,1,762,218
1083,1,762,216
1083,1,762,214
1083,1,763,210
1083,1,763,209
1083,1,763,207
1083,1,763,204
1083,1,763,203
1083,1,763,202
1083,1,763,200
1083,1,764,199
1083,1,764,196
1083,1,764,194
1083,1,764,193
1083,1,764,191
1083,1,764,190
1083,1,764,189
1083,1,764,188
1083,1,765,187
1083,1,765,185
1083,1,765,184
1083,1,765,181
1083,1,765,178
1083,1,765,177
1083,1,766,176
1083,1,766,174
1083,1,766,171
1083,1,766,168
1083,1,766,166
1083,1,767,165
1083,1,767,164
1083,1,767,161
1083,1,767,160
1083,1,767,159
1083,1,767,158
1083,1,767,154
1083,1,767,153
1083,1,768,152
1083,1,768,151
1083,1,768,150
1083,1,768,149
1083,1,768,147
1083,1,768,146
1083,1,768,145
1083,1,768,144
1083,1,768,143
1083,1,768,142
1083,1,768,141
1083,1,768,140
1083,1,769,139
1083,1,769,138
1083,1,769,137
1083,1,769,135
1083,1,769,134
1083,1,769,133
1083,1,769,132
1083,1,769,131
1083,1,769,130
1083,1,769,129
1083,1,769,128
1083,1,770,128
1083,1,770,127
1083,1,770,125
1083,1,770,124
1083,1,770,123
1083,1,770,122
1083,1,770,121
1083,1,770,119
1083,1,770,118
1083,1,770,117
1083,1,770,116
1083,1,771,115
1083,1,771,114
1083,1,771,113
1083,1,771,112
1083,1,763,111
1083,1,760,111
1083,1,757,110
1083,1,755,110
1083,1,754,110
1083,1,752,110
1083,1,745,109
1083,1,739,109
1083,1,732,108
1083,1,730,108
1083,1,729,108
1083,1,728,108
1083,1,724,107
1083,1,722,107
1083,1,721,107
1083,1,720,107
1083,1,716,106
1083,1,714,106
1083,1,711,106
1083,1,710,106
1083,1,707,106
1083,1,705,105
1083,1,701,105
1083,1,700,105
1083,1,697,104
1083,1,694,104
1083,1,693,104
1083,1,692,104
1083,1,689,104
1083,1,688,103
1083,1,682,103
1083,1,671,102
1083,1,667,101
1083,1,666,101
1083,1,663,101
1083,1,661,100
1083,1,655,100
1083,1,649,99
1083,1,648,99
1083,1,646,98
1083,1,638,97
1083,1,630,96
1083,1,628,96
1083,1,624,96
1083,1,620,95
1083,1,617,95
1083,1,614,94
1083,1,612,94
1083,1,610,94
1083,1,609,93
1083,1,606,93
1083,1,605,93
1083,1,602,92
1083,1,600,92
1083,1,599,92
1083,1,598,92
1083,1,588,90
1083,1,582,90
1083,1,577,89
1083,1,575,89
1083,1,568,88
1083,1,567,87
1083,1,565,87
1083,1,564,87
1083,1,563,87
1083,1,559,86
1083,1,554,85
1083,1,553,85
1083,1,551,85
1083,1,550,85
1083,1,542,84
1083,1,535,82
1083,1,527,81
1083,1,524,80
1083,1,520,80
1083,1,519,80
1083,1,515,79
1083,1,513,79
1083,1,508,78
1083,1,489,74
1083,1,487,74
1083,1,485,74
1083,1,484,74
1083,1,484,73
1083,1,482,73
1083,1,480,73
1083,1,477,72
1083,1,476,72
1083,1,470,71
1083,1,469,71
1083,1,466,70
1083,1,461,69
1083,1,459,69
1083,1,455,68
1083,1,454,68
1083,1,451,67
1083,1,450,67
1083,1,449,67
1083,1,445,66
1083,1,442,65
1083,1,435,64
1083,1,434,64
1083,1,423,62
1083,1,420,61
1083,1,419,61
1083,1,417,60
1083,1,412,59
1083,1,409,59
1083,1,407,58
1083,1,395,56
1083,1,394,56
1083,1,394,55
1083,1,392,55
1084,1,1235,164
1084,1,1235,165
1084,1,1236,165
1084,1,1236,164
1084,1,1235,164
1086,1,1173,210
1086,1,1174,210
1086,1,1173,210
1086,1,1174,210
1086,1,1173,210
1087,1,988,122
1087,1,988,123
1087,1,988,124
1087,1,988,125
1087,1,989,125
1087,1,989,126
1087,1,988,126
1087,1,989,126
1087,1,989,127
1087,1,989,128
1087,1,990,128
1087,1,989,128
1087,1,989,129
1087,1,990,129
1087,1,990,130
1087,1,989,130
1087,1,990,130
1087,1,990,131
1087,1,989,131
1087,1,990,131
1087,1,990,132
1087,1,990,133
1087,1,991,133
1087,1,990,133
1087,1,991,133
1087,1,991,134
1087,1,990,134
1087,1,991,134
1087,1,991,135
1087,1,991,136
1087,1,992,136
1087,1,991,136
1087,1,992,137
1087,1,992,138
1087,1,992,139
1087,1,992,140
1087,1,991,140
1087,1,991,141
1087,1,991,140
1087,1,990,141
1087,1,991,141
1087,1,990,141
1087,1,991,141
1087,1,991,142
1087,1,990,142
1087,1,991,142
1087,1,990,143
1087,1,991,143
1087,1,990,143
1087,1,990,144
1087,1,991,144
1087,1,990,144
1087,1,990,145
1087,1,991,145
1087,1,990,145
1087,1,990,146
1087,1,991,146
1087,1,991,147
1087,1,991,146
1087,1,991,147
1087,1,990,147
1087,1,991,147
1087,1,990,147
1087,1,991,148
1087,1,990,149
1087,1,991,149
1087,1,990,149
1087,1,991,149
1087,1,991,150
1087,1,990,150
1087,1,991,150
1087,1,991,151
1087,1,990,151
1087,1,990,152
1087,1,991,152
1087,1,991,151
1087,1,991,152
1087,1,990,152
1087,1,990,153
1087,1,991,153
1087,1,991,154
1087,1,991,155
1087,1,991,156
1087,1,991,155
1087,1,991,156
1087,1,991,157
1087,1,990,157
1087,1,991,157
1087,1,991,158
1087,1,990,158
1087,1,991,158
1087,1,990,158
1087,1,990,159
1087,1,991,159
1087,1,990,159
1087,1,991,159
1087,1,991,160
1087,1,991,159
1087,1,991,160
1087,1,990,160
1087,1,990,161
1087,1,991,161
1087,1,990,161
1087,1,990,162
1087,1,991,162
1087,1,990,163
1087,1,991,163
1087,1,991,164
1087,1,991,165
1087,1,992,165
1087,1,991,165
1087,1,992,165
1087,1,992,166
1087,1,992,167
1087,1,993,167
1087,1,993,168
1087,1,993,169
1087,1,993,170
1087,1,993,171
1087,1,993,172
1087,1,994,173
1087,1,994,174
1087,1,994,175
1087,1,994,176
1087,1,995,176
1087,1,995,177
1087,1,995,178
1087,1,996,178
1087,1,996,179
1087,1,995,179
1087,1,996,179
1087,1,996,180
1087,1,997,180
1087,1,997,181
1087,1,997,182
1087,1,997,183
1087,1,998,184
1087,1,997,184
1087,1,998,184
1087,1,998,185
1087,1,998,184
1087,1,998,185
1087,1,999,185
1087,1,998,185
1087,1,998,186
1087,1,999,186
1087,1,998,186
1087,1,999,186
1087,1,999,187
1087,1,998,187
1087,1,999,187
1087,1,999,188
1087,1,1000,188
1087,1,999,189
1087,1,1000,189
1087,1,999,189
1087,1,1000,189
1087,1,1000,190
1087,1,999,190
1087,1,1000,190
1087,1,999,190
1087,1,999,191
1087,1,999,190
1087,1,1000,190
1087,1,1000,191
1087,1,999,191
1087,1,1000,191
1087,1,999,191
1087,1,1000,191
1087,1,1000,192
1087,1,999,192
1087,1,1000,192
1087,1,999,192
1087,1,999,193
1087,1,1000,193
1087,1,1000,194
1087,1,999,194
1087,1,1000,194
1087,1,999,194
1087,1,999,195
1087,1,999,194
1087,1,1000,194
1087,1,1000,195
1087,1,999,195
1087,1,999,196
1087,1,999,195
1087,1,999,196
1087,1,999,197
1087,1,999,198
1087,1,1000,198
1087,1,999,198
1087,1,1000,198
1087,1,1000,199
1087,1,999,199
1087,1,999,200
1087,1,1000,200
1087,1,999,200
1087,1,1000,200
1087,1,999,200
1087,1,1000,200
1087,1,1000,201
1087,1,1000,202
1087,1,1000,203
1087,1,1000,204
1087,1,1000,205
1087,1,1000,206
1087,1,1000,207
1087,1,1000,208
1087,1,1000,209
1087,1,1000,208
1087,1,1000,209
1087,1,1000,210
1087,1,1000,211
1087,1,1000,212
1087,1,1001,212
1087,1,1000,212
1087,1,1000,213
1087,1,1001,213
1087,1,1000,213
1087,1,1001,213
1087,1,1000,213
1087,1,1001,214
1087,1,1000,214
1087,1,1000,215
1087,1,1000,214
1087,1,1000,215
1087,1,1000,216
1087,1,1000,215
1087,1,1001,215
1087,1,1001,216
1087,1,1000,216
1087,1,1001,216
1087,1,1000,216
1087,1,1000,217
1087,1,1000,218
1087,1,1000,219
1087,1,1001,219
1087,1,1001,220
1087,1,1001,221
1087,1,1002,221
1087,1,1001,221
1087,1,1002,221
1087,1,1002,220
1087,1,1002,221
1087,1,1003,221
1087,1,1002,221
1087,1,1003,221
1087,1,1002,221
1087,1,1002,222
1087,1,1002,223
1087,1,1002,224
1087,1,1001,224
1087,1,1002,224
1087,1,1002,225
1087,1,1001,225
1087,1,1002,225
1087,1,1001,225
1087,1,1002,226
1087,1,1001,226
1087,1,1001,227
1087,1,1001,228
1087,1,1002,228
1087,1,1001,228
1087,1,1002,228
1087,1,1002,229
1087,1,1001,228
1087,1,1001,229
1087,1,1002,229
1087,1,1001,229
1087,1,1002,229
1087,1,1001,229
1087,1,1002,229
1087,1,1002,230
1087,1,1001,230
1087,1,1002,230
1087,1,1001,230
1087,1,1002,230
1087,1,1001,230
1087,1,1002,230
1087,1,1002,231
1087,1,1001,231
1087,1,1002,231
1087,1,1001,231
1087,1,1001,232
1087,1,1001,233
1087,1,1001,232
1087,1,1001,233
1087,1,1001,234
1087,1,1001,235
1087,1,1002,235
1087,1,1001,235
1087,1,1001,236
1087,1,1001,235
1087,1,1002,235
1087,1,1002,236
1087,1,1002,237
1087,1,1002,236
1087,1,1002,237
1087,1,1002,238
1087,1,1003,238
1087,1,1002,238
1087,1,1003,238
1087,1,1002,238
1087,1,1003,238
1087,1,1002,238
1087,1,1002,239
1087,1,1003,239
1087,1,1003,240
1087,1,1003,241
1087,1,1003,242
1087,1,1003,243
1087,1,1003,242
1087,1,1004,243
1087,1,1003,243
1087,1,1004,243
1087,1,1004,244
1087,1,1003,244
1087,1,1004,244
1087,1,1003,244
1087,1,1004,244
1087,1,1004,245
1087,1,1005,245
1087,1,1004,246
1087,1,1005,246
1087,1,1005,247
1087,1,1006,247
1087,1,1005,247
1087,1,1006,247
1087,1,1006,248
1087,1,1007,249
1087,1,1007,250
1087,1,1008,250
1087,1,1007,250
1087,1,1007,251
1087,1,1008,251
1087,1,1007,251
1087,1,1008,251
1087,1,1007,251
1087,1,1008,251
1087,1,1008,252
1087,1,1007,252
1087,1,1008,252
1087,1,1007,252
1087,1,1008,252
1087,1,1007,252
1087,1,1008,252
1087,1,1007,252
1087,1,1007,253
1087,1,1008,253
1087,1,1007,254
1087,1,1008,254
1087,1,1008,255
1087,1,1008,256
1087,1,1008,257
1087,1,1008,258
1087,1,1008,259
1087,1,1009,259
1087,1,1009,260
1087,1,1008,260
1087,1,1009,260
1087,1,1009,261
1087,1,1009,262
1087,1,1008,263
1087,1,1008,264
1087,1,1008,265
1087,1,1008,266
1087,1,1008,267
1087,1,1008,268
1087,1,1009,268
1087,1,1008,269
1087,1,1009,269
1087,1,1008,269
1087,1,1008,270
1087,1,1008,271
1087,1,1008,272
1087,1,1008,273
1087,1,1008,274
1087,1,1007,274
1087,1,1007,275
1087,1,1006,275
1087,1,1006,276
1087,1,1006,277
1087,1,1005,277
1087,1,1005,278
1087,1,1004,278
1087,1,1004,279
1087,1,1002,279
1087,1,1002,280
1087,1,1001,281
1087,1,1000,282
1087,1,999,282
1087,1,999,283
1087,1,999,284
1087,1,999,285
1087,1,1000,286
1087,1,1001,287
1087,1,1002,288
1087,1,1002,289
1087,1,1002,290
1087,1,1003,290
1087,1,1003,291
1087,1,1003,292
1087,1,1004,293
1087,1,1005,293
1087,1,1006,293
1087,1,1007,293
1087,1,1007,294
1087,1,1008,294
1087,1,1008,295
1087,1,1009,295
1087,1,1010,295
1087,1,1010,296
1087,1,1011,296
1087,1,1011,297
1087,1,1012,297
1087,1,1012,298
1087,1,1012,299
1087,1,1012,300
1087,1,1012,302
1087,1,1012,303
1087,1,1012,304
1087,1,1012,306
1087,1,1012,307
1087,1,1012,308
1087,1,1012,309
1087,1,1012,310
1087,1,1012,311
1087,1,1012,314
1087,1,1012,315
1087,1,1012,316
1087,1,1012,317
1087,1,1012,318
1087,1,1012,320
1087,1,1012,322
1087,1,1012,323
1087,1,1012,324
1087,1,1012,325
1087,1,1012,327
1087,1,1012,329
1087,1,1012,330
1087,1,1012,331
1087,1,1012,335
1087,1,1012,336
1087,1,1012,337
1087,1,1012,338
1087,1,1012,339
1087,1,1012,340
1087,1,1012,341
1087,1,1012,342
1087,1,1012,343
1087,1,1012,344
1087,1,1012,345
1087,1,1012,346
1087,1,1012,347
1087,1,1012,348
1087,1,1012,349
1087,1,1012,352
1087,1,1012,353
1087,1,1012,356
1087,1,1012,357
1087,1,1012,359
1087,1,1012,360
1087,1,1012,361
1087,1,1012,362
1087,1,1012,363
1087,1,1012,364
1087,1,1012,365
1087,1,1012,366
1087,1,1012,367
1087,1,1012,368
1087,1,1012,370
1087,1,1012,371
1087,1,1012,372
1087,1,1012,375
1087,1,1012,376
1087,1,1012,377
1087,1,1012,378
1087,1,1012,380
1087,1,1012,381
1087,1,1012,382
1087,1,1012,385
1087,1,1013,385
1087,1,1016,385
1087,1,1017,385
1087,1,1018,385
1087,1,1019,385
1087,1,1020,385
1087,1,1021,385
1087,1,1022,385
1087,1,1023,385
1087,1,1024,385
1087,1,1026,385
1087,1,1028,385
1087,1,1029,385
1087,1,1030,385
1087,1,1031,385
1087,1,1032,385
1087,1,1033,385
1087,1,1034,385
1087,1,1035,385
1087,1,1036,385
1087,1,1038,385
1087,1,1040,385
1087,1,1041,385
1087,1,1042,385
1087,1,1044,385
1087,1,1045,385
1087,1,1046,385
1087,1,1047,385
1087,1,1048,385
1087,1,1049,385
1087,1,1050,385
1087,1,1051,385
1087,1,1053,385
1087,1,1054,385
1087,1,1055,385
1087,1,1056,385
1087,1,1057,385
1087,1,1058,385
1087,1,1059,385
1087,1,1060,385
1087,1,1061,385
1087,1,1062,385
1087,1,1063,385
1087,1,1064,385
1087,1,1065,385
1087,1,1066,385
1087,1,1067,385
1087,1,1069,385
1087,1,1071,385
1087,1,1072,385
1087,1,1073,385
1087,1,1075,385
1087,1,1077,385
1087,1,1078,385
1087,1,1079,385
1087,1,1080,385
1087,1,1081,385
1087,1,1082,385
1087,1,1083,385
1087,1,1084,385
1087,1,1085,385
1087,1,1086,385
1087,1,1088,385
1087,1,1089,384
1087,1,1090,384
1087,1,1091,384
1087,1,1092,384
1087,1,1093,384
1087,1,1094,384
1087,1,1096,384
1087,1,1098,384
1087,1,1099,384
1087,1,1100,384
1087,1,1101,384
1087,1,1102,384
1087,1,1103,384
1087,1,1105,384
1087,1,1106,384
1087,1,1107,384
1087,1,1108,384
1087,1,1109,384
1087,1,1110,384
1087,1,1111,384
1087,1,1113,384
1087,1,1114,384
1087,1,1115,384
1087,1,1117,384
1087,1,1118,384
1087,1,1119,384
1087,1,1121,384
1087,1,1122,384
1087,1,1123,384
1087,1,1124,384
1087,1,1125,384
1087,1,1126,384
1087,1,1128,384
1087,1,1129,384
1087,1,1130,383
1087,1,1131,383
1087,1,1133,383
1087,1,1134,383
1087,1,1135,383
1087,1,1136,383
1087,1,1137,383
1087,1,1138,383
1087,1,1139,383
1087,1,1141,383
1087,1,1142,383
1087,1,1143,383
1087,1,1144,383
1087,1,1145,383
1087,1,1146,383
1087,1,1147,383
1087,1,1150,383
1087,1,1151,383
1087,1,1152,383
1087,1,1153,383
1087,1,1154,383
1087,1,1155,383
1087,1,1156,383
1087,1,1158,382
1087,1,1159,382
1087,1,1160,382
1087,1,1163,382
1087,1,1166,382
1087,1,1167,382
1087,1,1168,382
1087,1,1169,382
1087,1,1170,382
1087,1,1171,382
1087,1,1172,382
1087,1,1173,382
1087,1,1174,382
1087,1,1175,382
1087,1,1176,382
1087,1,1177,382
1087,1,1178,382
1087,1,1179,382
1087,1,1180,382
1087,1,1181,381
1087,1,1183,381
1087,1,1184,381
1087,1,1185,381
1087,1,1186,381
1087,1,1187,381
1087,1,1188,381
1087,1,1191,381
1087,1,1192,381
1087,1,1193,381
1087,1,1193,380
1087,1,1192,379
1087,1,1192,378
1087,1,1192,377
1087,1,1192,376
1087,1,1191,376
1087,1,1191,375
1087,1,1191,374
1087,1,1191,373
1087,1,1191,372
1087,1,1191,371
1087,1,1191,370
1087,1,1191,369
1087,1,1192,368
1087,1,1191,367
1087,1,1191,366
1087,1,1190,366
1087,1,1190,365
1087,1,1190,364
1087,1,1189,364
1087,1,1189,363
1087,1,1189,362
1087,1,1188,362
1087,1,1188,361
1087,1,1187,361
1087,1,1187,360
1087,1,1186,359
1087,1,1185,359
1087,1,1185,358
1087,1,1185,357
1087,1,1184,357
1087,1,1183,357
1087,1,1182,357
1087,1,1182,356
1087,1,1181,356
1087,1,1180,356
1087,1,1179,356
1087,1,1179,355
1087,1,1178,355
1087,1,1177,355
1087,1,1177,354
1087,1,1176,354
1087,1,1176,353
1087,1,1175,353
1087,1,1175,352
1087,1,1174,352
1087,1,1174,351
1087,1,1173,351
1087,1,1172,351
1087,1,1172,350
1087,1,1171,350
1087,1,1171,349
1087,1,1170,349
1087,1,1169,349
1087,1,1169,348
1087,1,1168,347
1087,1,1168,346
1087,1,1168,345
1087,1,1168,344
1087,1,1167,344
1087,1,1167,343
1087,1,1167,342
1087,1,1166,342
1087,1,1166,341
1087,1,1165,341
1087,1,1165,340
1087,1,1164,340
1087,1,1163,340
1087,1,1163,339
1087,1,1162,339
1087,1,1161,339
1087,1,1160,338
1087,1,1159,338
1087,1,1158,338
1087,1,1157,338
1087,1,1157,337
1087,1,1156,337
1087,1,1156,336
1087,1,1155,336
1087,1,1154,336
1087,1,1154,335
1087,1,1154,334
1087,1,1153,333
1087,1,1153,332
1087,1,1152,332
1087,1,1151,332
1087,1,1150,332
1087,1,1149,332
1087,1,1148,332
1087,1,1147,332
1087,1,1147,331
1087,1,1146,331
1087,1,1146,332
1087,1,1145,332
1087,1,1145,331
1087,1,1145,330
1087,1,1144,330
1087,1,1143,330
1087,1,1143,329
1087,1,1143,328
1087,1,1142,328
1087,1,1141,327
1087,1,1140,326
1087,1,1139,325
1087,1,1138,325
1087,1,1138,324
1087,1,1137,324
1087,1,1136,323
1087,1,1136,322
1087,1,1137,321
1087,1,1137,320
1087,1,1137,319
1087,1,1137,318
1087,1,1137,317
1087,1,1137,316
1087,1,1137,315
1087,1,1138,315
1087,1,1138,314
1087,1,1137,313
1087,1,1137,312
1087,1,1137,311
1087,1,1137,310
1087,1,1137,309
1087,1,1136,309
1087,1,1136,308
1087,1,1136,307
1087,1,1137,307
1087,1,1137,306
1087,1,1138,306
1087,1,1138,305
1087,1,1137,305
1087,1,1137,304
1087,1,1137,303
1087,1,1137,302
1087,1,1137,301
1087,1,1137,300
1087,1,1137,299
1087,1,1137,298
1087,1,1137,297
1087,1,1138,297
1087,1,1138,296
1087,1,1139,296
1087,1,1139,295
1087,1,1139,294
1087,1,1139,293
1087,1,1140,293
1087,1,1140,292
1087,1,1140,291
1087,1,1140,290
1087,1,1140,289
1087,1,1139,289
1087,1,1139,288
1087,1,1138,288
1087,1,1138,287
1087,1,1137,286
1087,1,1138,285
1087,1,1137,285
1087,1,1136,285
1087,1,1136,284
1087,1,1135,284
1087,1,1134,284
1087,1,1133,284
1087,1,1132,284
1087,1,1132,283
1087,1,1132,282
1087,1,1132,281
1087,1,1132,280
1087,1,1132,279
1087,1,1132,278
1087,1,1132,277
1087,1,1133,277
1087,1,1133,276
1087,1,1134,276
1087,1,1134,275
1087,1,1135,275
1087,1,1135,274
1087,1,1135,273
1087,1,1136,273
1087,1,1136,272
1087,1,1136,271
1087,1,1137,271
1087,1,1137,270
1087,1,1137,269
1087,1,1137,268
1087,1,1138,268
1087,1,1139,268
1087,1,1139,267
1087,1,1140,267
1087,1,1140,266
1087,1,1141,266
1087,1,1142,266
1087,1,1142,265
1087,1,1143,265
1087,1,1143,264
1087,1,1144,264
1087,1,1145,264
1087,1,1146,264
1087,1,1146,263
1087,1,1146,262
1087,1,1147,262
1087,1,1148,262
1087,1,1149,262
1087,1,1149,261
1087,1,1150,261
1087,1,1150,260
1087,1,1150,259
1087,1,1151,259
1087,1,1151,257
1087,1,1151,255
1087,1,1151,254
1087,1,1151,252
1087,1,1151,251
1087,1,1151,249
1087,1,1151,248
1087,1,1151,247
1087,1,1150,243
1087,1,1150,242
1087,1,1150,240
1087,1,1150,239
1087,1,1150,237
1087,1,1150,235
1087,1,1150,234
1087,1,1150,233
1087,1,1150,232
1087,1,1150,231
1087,1,1151,231
1087,1,1151,232
1087,1,1151,231
1087,1,1152,232
1087,1,1153,232
1087,1,1153,231
1087,1,1153,230
1087,1,1154,230
1087,1,1154,229
1087,1,1153,229
1087,1,1153,228
1087,1,1154,228
1087,1,1155,228
1087,1,1155,227
1087,1,1156,227
1087,1,1157,227
1087,1,1157,228
1087,1,1158,228
1087,1,1158,229
1087,1,1159,229
1087,1,1159,228
1087,1,1158,228
1087,1,1158,227
1087,1,1157,227
1087,1,1157,226
1087,1,1156,225
1087,1,1157,225
1087,1,1157,224
1087,1,1158,224
1087,1,1158,223
1087,1,1159,223
1087,1,1159,222
1087,1,1160,222
1087,1,1160,221
1087,1,1161,221
1087,1,1161,220
1087,1,1162,220
1087,1,1163,219
1087,1,1164,219
1087,1,1164,218
1087,1,1165,218
1087,1,1166,217
1087,1,1167,217
1087,1,1167,216
1087,1,1167,215
1087,1,1168,215
1087,1,1168,214
1087,1,1169,214
1087,1,1170,214
1087,1,1170,213
1087,1,1170,214
1087,1,1170,213
1087,1,1171,213
1087,1,1171,212
1087,1,1171,211
1087,1,1172,211
1087,1,1172,210
1087,1,1173,210
1087,1,1174,210
1087,1,1174,209
1087,1,1175,209
1087,1,1175,208
1087,1,1176,208
1087,1,1176,207
1087,1,1177,207
1087,1,1177,206
1087,1,1178,206
1087,1,1178,205
1087,1,1179,205
1087,1,1179,204
1087,1,1180,204
1087,1,1180,203
1087,1,1181,202
1087,1,1181,201
1087,1,1182,201
1087,1,1182,200
1087,1,1183,200
1087,1,1183,199
1087,1,1184,199
1087,1,1184,198
1087,1,1185,197
1087,1,1185,196
1087,1,1186,196
1087,1,1186,195
1087,1,1187,195
1087,1,1187,194
1087,1,1188,194
1087,1,1188,193
1087,1,1189,192
1087,1,1189,191
1087,1,1190,191
1087,1,1191,190
1087,1,1192,190
1087,1,1192,189
1087,1,1193,189
1087,1,1193,188
1087,1,1194,188
1087,1,1194,187
1087,1,1195,187
1087,1,1195,186
1087,1,1196,186
1087,1,1196,185
1087,1,1197,185
1087,1,1197,184
1087,1,1198,184
1087,1,1198,183
1087,1,1199,183
1087,1,1200,183
1087,1,1200,182
1087,1,1201,182
1087,1,1201,181
1087,1,1202,181
1087,1,1203,180
1087,1,1204,180
1087,1,1205,180
1087,1,1205,179
1087,1,1206,179
1087,1,1206,178
1087,1,1207,178
1087,1,1208,178
1087,1,1208,177
1087,1,1209,177
1087,1,1210,177
1087,1,1211,177
1087,1,1211,176
1087,1,1212,176
1087,1,1213,176
1087,1,1213,175
1087,1,1214,175
1087,1,1215,175
1087,1,1216,175
1087,1,1216,174
1087,1,1217,174
1087,1,1218,174
1087,1,1219,174
1087,1,1219,173
1087,1,1220,173
1087,1,1221,173
1087,1,1221,172
1087,1,1222,172
1087,1,1223,172
1087,1,1223,171
1087,1,1224,171
1087,1,1224,170
1087,1,1225,170
1087,1,1226,170
1087,1,1226,169
1087,1,1227,169
1087,1,1228,169
1087,1,1229,168
1087,1,1230,168
1087,1,1230,167
1087,1,1231,167
1087,1,1231,166
1087,1,1232,166
1087,1,1232,165
1087,1,1233,165
1087,1,1234,165
1087,1,1233,165
1087,1,1233,164
1087,1,1234,163
1087,1,1234,164
1087,1,1235,164
1087,1,1236,164
1087,1,1236,163
1087,1,1237,163
1087,1,1238,163
1087,1,1238,162
1087,1,1238,163
1087,1,1238,162
1087,1,1237,162
1087,1,1237,163
1087,1,1236,163
1087,1,1235,163
1087,1,1234,163
1087,1,1234,162
1087,1,1233,163
1087,1,1232,163
1087,1,1231,163
1087,1,1231,162
1087,1,1231,163
1087,1,1231,162
1087,1,1230,162
1087,1,1229,162
1087,1,1228,162
1087,1,1228,163
1087,1,1227,163
1087,1,1227,164
1087,1,1226,164
1087,1,1225,164
1087,1,1224,164
1087,1,1224,163
1087,1,1223,163
1087,1,1222,163
1087,1,1222,162
1087,1,1222,163
1087,1,1222,162
1087,1,1222,161
1087,1,1221,161
1087,1,1221,160
1087,1,1221,161
1087,1,1221,160
1087,1,1220,160
1087,1,1220,159
1087,1,1219,159
1087,1,1218,159
1087,1,1217,159
1087,1,1216,159
1087,1,1215,159
1087,1,1214,159
1087,1,1213,159
1087,1,1212,160
1087,1,1212,159
1087,1,1211,159
1087,1,1211,160
1087,1,1210,160
1087,1,1209,160
1087,1,1208,160
1087,1,1207,160
1087,1,1206,160
1087,1,1206,159
1087,1,1206,160
1087,1,1205,160
1087,1,1203,160
1087,1,1203,159
1087,1,1202,159
1087,1,1201,160
1087,1,1199,160
1087,1,1199,161
1087,1,1197,161
1087,1,1197,160
1087,1,1196,160
1087,1,1196,159
1087,1,1196,158
1087,1,1196,157
1087,1,1196,158
1087,1,1195,158
1087,1,1195,157
1087,1,1194,157
1087,1,1194,156
1087,1,1194,155
1087,1,1194,154
1087,1,1193,154
1087,1,1192,154
1087,1,1192,155
1087,1,1191,155
1087,1,1190,155
1087,1,1189,156
1087,1,1188,156
1087,1,1188,157
1087,1,1187,157
1087,1,1186,157
1087,1,1186,158
1087,1,1185,158
1087,1,1184,158
1087,1,1184,159
1087,1,1185,159
1087,1,1184,159
1087,1,1183,160
1087,1,1182,161
1087,1,1181,162
1087,1,1180,162
1087,1,1180,163
1087,1,1179,163
1087,1,1178,163
1087,1,1177,163
1087,1,1177,164
1087,1,1176,164
1087,1,1175,164
1087,1,1175,163
1087,1,1174,163
1087,1,1173,163
1087,1,1172,164
1087,1,1171,164
1087,1,1171,163
1087,1,1171,162
1087,1,1171,161
1087,1,1170,161
1087,1,1170,162
1087,1,1169,162
1087,1,1168,162
1087,1,1168,161
1087,1,1168,162
1087,1,1167,162
1087,1,1167,161
1087,1,1166,161
1087,1,1166,160
1087,1,1166,159
1087,1,1166,158
1087,1,1166,157
1087,1,1165,157
1087,1,1164,157
1087,1,1163,158
1087,1,1163,157
1087,1,1162,157
1087,1,1161,157
1087,1,1160,156
1087,1,1159,156
1087,1,1158,156
1087,1,1158,155
1087,1,1157,155
1087,1,1157,156
1087,1,1157,155
1087,1,1156,155
1087,1,1156,154
1087,1,1156,153
1087,1,1156,152
1087,1,1155,152
1087,1,1155,151
1087,1,1154,150
1087,1,1153,150
1087,1,1152,150
1087,1,1151,150
1087,1,1150,151
1087,1,1151,151
1087,1,1150,151
1087,1,1149,151
1087,1,1148,151
1087,1,1147,151
1087,1,1147,152
1087,1,1146,153
1087,1,1147,153
1087,1,1147,154
1087,1,1147,155
1087,1,1148,155
1087,1,1148,156
1087,1,1147,156
1087,1,1146,156
1087,1,1145,157
1087,1,1144,157
1087,1,1144,156
1087,1,1144,155
1087,1,1143,154
1087,1,1143,153
1087,1,1142,153
1087,1,1142,152
1087,1,1141,151
1087,1,1141,150
1087,1,1141,149
1087,1,1141,148
1087,1,1141,147
1087,1,1140,147
1087,1,1139,147
1087,1,1138,147
1087,1,1135,147
1087,1,1134,147
1087,1,1133,146
1087,1,1133,145
1087,1,1134,145
1087,1,1134,144
1087,1,1135,144
1087,1,1136,144
1087,1,1136,143
1087,1,1135,142
1087,1,1133,142
1087,1,1127,140
1087,1,1126,139
1087,1,1125,139
1087,1,1125,138
1087,1,1124,139
1087,1,1121,139
1087,1,1119,139
1087,1,1118,139
1087,1,1117,138
1087,1,1115,138
1087,1,1112,139
1087,1,1112,140
1087,1,1111,140
1087,1,1110,140
1087,1,1110,141
1087,1,1109,141
1087,1,1109,142
1087,1,1109,143
1087,1,1108,143
1087,1,1107,143
1087,1,1107,144
1087,1,1106,144
1087,1,1105,144
1087,1,1104,144
1087,1,1103,144
1087,1,1102,144
1087,1,1102,145
1087,1,1101,145
1087,1,1101,144
1087,1,1100,144
1087,1,1100,145
1087,1,1099,145
1087,1,1098,145
1087,1,1098,144
1087,1,1097,144
1087,1,1098,144
1087,1,1098,143
1087,1,1098,142
1087,1,1098,141
1087,1,1097,141
1087,1,1097,140
1087,1,1097,139
1087,1,1095,139
1087,1,1094,139
1087,1,1093,139
1087,1,1092,139
1087,1,1091,139
1087,1,1090,139
1087,1,1089,139
1087,1,1088,139
1087,1,1087,139
1087,1,1086,139
1087,1,1085,138
1087,1,1085,139
1087,1,1084,139
1087,1,1084,138
1087,1,1083,138
1087,1,1083,137
1087,1,1083,136
1087,1,1082,136
1087,1,1081,136
1087,1,1080,136
1087,1,1079,136
1087,1,1078,136
1087,1,1077,137
1087,1,1077,136
1087,1,1076,136
1087,1,1075,136
1087,1,1074,136
1087,1,1073,136
1087,1,1073,135
1087,1,1072,135
1087,1,1071,134
1087,1,1070,134
1087,1,1070,133
1087,1,1069,133
1087,1,1069,132
1087,1,1069,131
1087,1,1069,130
1087,1,1069,129
1087,1,1069,128
1087,1,1068,122
1087,1,1067,118
1087,1,1066,117
1087,1,1066,116
1087,1,1066,113
1087,1,1066,112
1087,1,1065,108
1087,1,1065,107
1087,1,1064,107
1087,1,1063,107
1087,1,1062,106
1087,1,1061,105
1087,1,1060,105
1087,1,1059,105
1087,1,1058,106
1087,1,1057,106
1087,1,1056,105
1087,1,1055,105
1087,1,1055,104
1087,1,1054,104
1087,1,1054,105
1087,1,1054,106
1087,1,1054,108
1087,1,1054,111
1087,1,1054,113
1087,1,1054,114
1087,1,1054,122
1087,1,1049,122
1087,1,1048,122
1087,1,1044,122
1087,1,1038,122
1087,1,1035,122
1087,1,1031,122
1087,1,1028,122
1087,1,1027,122
1087,1,1023,122
1087,1,1021,122
1087,1,1014,122
1087,1,1010,122
1087,1,1006,122
1087,1,1002,122
1087,1,998,122
1087,1,993,122
1087,1,991,122
1087,1,988,122
1088,1,1772,574
1088,1,1772,573
1088,1,1772,572
1088,1,1772,571
1088,1,1771,571
1088,1,1771,570
1088,1,1770,570
1088,1,1769,570
1088,1,1769,571
1088,1,1769,572
1088,1,1769,573
1088,1,1770,573
1088,1,1770,574
1088,1,1771,574
1088,1,1772,574
1089,1,1768,568
1089,1,1769,568
1089,1,1770,568
1089,1,1770,567
1089,1,1769,567
1089,1,1769,566
1089,1,1768,566
1089,1,1768,567
1089,1,1769,567
1089,1,1768,567
1089,1,1769,567
1089,1,1769,568
1089,1,1768,568
1090,1,1767,566
1090,1,1768,566
1090,1,1767,566
1091,1,1766,565
1091,1,1767,565
1091,1,1767,564
1091,1,1767,565
1091,1,1768,565
1091,1,1769,565
1091,1,1768,565
1091,1,1768,564
1091,1,1769,564
1091,1,1768,564
1091,1,1768,563
1091,1,1767,563
1091,1,1767,562
1091,1,1767,563
1091,1,1766,563
1091,1,1766,564
1091,1,1766,565
1092,1,1766,565
1092,1,1766,566
1092,1,1767,566
1092,1,1767,565
1092,1,1766,565
1095,1,1753,531
1095,1,1753,530
1095,1,1753,531
1096,1,1758,558
1096,1,1759,558
1096,1,1758,558
1097,1,1748,514
1097,1,1749,514
1097,1,1749,513
1097,1,1748,513
1097,1,1749,513
1097,1,1748,514
1099,1,1745,516
1099,1,1746,515
1099,1,1745,515
1099,1,1745,516
1100,1,1749,539
1100,1,1750,539
1100,1,1750,540
1100,1,1750,539
1100,1,1750,538
1100,1,1749,538
1100,1,1749,539
1101,1,1744,516
1101,1,1744,517
1101,1,1745,517
1101,1,1745,516
1101,1,1744,516
1102,1,1742,567
1102,1,1742,568
1102,1,1742,567
1103,1,1740,567
1103,1,1740,566
1103,1,1740,567
1105,1,1629,515
1105,1,1629,517
1105,1,1630,518
1105,1,1630,519
1105,1,1630,521
1105,1,1630,522
1105,1,1630,523
1105,1,1630,524
1105,1,1630,525
1105,1,1631,527
1105,1,1631,528
1105,1,1631,529
1105,1,1631,531
1105,1,1632,531
1105,1,1632,532
1105,1,1632,533
1105,1,1632,534
1105,1,1632,535
1105,1,1632,536
1105,1,1633,538
1105,1,1633,539
1105,1,1634,539
1105,1,1634,538
1105,1,1635,538
1105,1,1635,537
1105,1,1636,537
1105,1,1636,536
1105,1,1636,535
1105,1,1637,535
1105,1,1637,534
1105,1,1638,534
1105,1,1639,534
1105,1,1639,533
1105,1,1639,532
1105,1,1640,532
1105,1,1640,531
1105,1,1640,530
1105,1,1641,530
1105,1,1642,529
1105,1,1643,529
1105,1,1642,528
1105,1,1643,528
1105,1,1643,529
1105,1,1643,528
1105,1,1643,527
1105,1,1643,528
1105,1,1644,528
1105,1,1644,527
1105,1,1644,526
1105,1,1645,526
1105,1,1644,526
1105,1,1645,525
1105,1,1644,525
1105,1,1645,525
1105,1,1645,524
1105,1,1644,524
1105,1,1645,524
1105,1,1646,524
1105,1,1646,523
1105,1,1647,523
1105,1,1647,524
1105,1,1648,524
1105,1,1649,524
1105,1,1649,525
1105,1,1650,525
1105,1,1650,524
1105,1,1650,523
1105,1,1650,522
1105,1,1651,522
1105,1,1651,521
1105,1,1652,521
1105,1,1652,520
1105,1,1652,519
1105,1,1653,519
1105,1,1653,518
1105,1,1654,518
1105,1,1654,517
1105,1,1653,517
1105,1,1654,517
1105,1,1654,516
1105,1,1654,515
1105,1,1654,514
1105,1,1655,514
1105,1,1655,515
1105,1,1656,515
1105,1,1657,515
1105,1,1656,515
1105,1,1656,516
1105,1,1656,515
1105,1,1655,516
1105,1,1656,516
1105,1,1656,517
1105,1,1657,517
1105,1,1657,516
1105,1,1657,517
1105,1,1658,517
1105,1,1658,518
1105,1,1659,518
1105,1,1660,518
1105,1,1661,518
1105,1,1662,518
1105,1,1663,518
1105,1,1664,518
1105,1,1665,518
1105,1,1666,518
1105,1,1667,518
1105,1,1667,517
1105,1,1668,517
1105,1,1667,516
1105,1,1668,517
1105,1,1668,516
1105,1,1669,516
1105,1,1668,516
1105,1,1668,515
1105,1,1667,515
1105,1,1667,514
1105,1,1668,514
1105,1,1669,515
1105,1,1669,514
1105,1,1668,514
1105,1,1668,513
1105,1,1667,513
1105,1,1668,512
1105,1,1668,513
1105,1,1669,513
1105,1,1670,513
1105,1,1669,512
1105,1,1670,512
1105,1,1670,511
1105,1,1671,511
1105,1,1672,511
1105,1,1672,512
1105,1,1673,512
1105,1,1673,511
1105,1,1674,511
1105,1,1674,510
1105,1,1675,509
1105,1,1674,509
1105,1,1675,509
1105,1,1675,508
1105,1,1676,508
1105,1,1676,507
1105,1,1677,507
1105,1,1678,508
1105,1,1679,508
1105,1,1680,508
1105,1,1681,509
1105,1,1682,509
1105,1,1682,510
1105,1,1683,511
1105,1,1684,511
1105,1,1684,510
1105,1,1685,510
1105,1,1685,511
1105,1,1685,510
1105,1,1685,509
1105,1,1686,510
1105,1,1687,510
1105,1,1687,509
1105,1,1688,509
1105,1,1689,509
1105,1,1689,510
1105,1,1689,511
1105,1,1688,512
1105,1,1689,513
1105,1,1689,514
1105,1,1690,513
1105,1,1690,514
1105,1,1690,515
1105,1,1691,515
1105,1,1692,515
1105,1,1692,514
1105,1,1693,514
1105,1,1692,514
1105,1,1692,515
1105,1,1692,516
1105,1,1692,517
1105,1,1693,517
1105,1,1694,517
1105,1,1694,518
1105,1,1695,519
1105,1,1694,519
1105,1,1694,520
1105,1,1695,520
1105,1,1695,521
1105,1,1694,521
1105,1,1694,522
1105,1,1695,522
1105,1,1696,522
1105,1,1697,522
1105,1,1698,522
1105,1,1699,522
1105,1,1700,522
1105,1,1701,522
1105,1,1702,522
1105,1,1702,523
1105,1,1703,523
1105,1,1704,524
1105,1,1705,524
1105,1,1706,524
1105,1,1706,525
1105,1,1706,526
1105,1,1706,527
1105,1,1705,527
1105,1,1705,528
1105,1,1704,528
1105,1,1704,529
1105,1,1705,530
1105,1,1706,530
1105,1,1706,531
1105,1,1707,531
1105,1,1707,532
1105,1,1708,532
1105,1,1709,532
1105,1,1710,532
1105,1,1711,532
1105,1,1712,532
1105,1,1713,532
1105,1,1714,532
1105,1,1715,532
1105,1,1716,533
1105,1,1716,534
1105,1,1716,535
1105,1,1717,535
1105,1,1718,535
1105,1,1719,535
1105,1,1720,535
1105,1,1721,535
1105,1,1721,536
1105,1,1722,535
1105,1,1722,534
1105,1,1723,534
1105,1,1723,533
1105,1,1724,533
1105,1,1725,533
1105,1,1725,534
1105,1,1726,534
1105,1,1726,535
1105,1,1727,535
1105,1,1728,535
1105,1,1728,536
1105,1,1729,536
1105,1,1729,537
1105,1,1728,538
1105,1,1728,539
1105,1,1727,539
1105,1,1727,540
1105,1,1726,541
1105,1,1726,542
1105,1,1725,542
1105,1,1726,543
1105,1,1726,544
1105,1,1726,545
1105,1,1726,546
1105,1,1725,546
1105,1,1725,547
1105,1,1724,547
1105,1,1723,548
1105,1,1723,549
1105,1,1723,550
1105,1,1724,550
1105,1,1725,550
1105,1,1724,550
1105,1,1724,551
1105,1,1723,551
1105,1,1723,552
1105,1,1722,552
1105,1,1722,553
1105,1,1721,554
1105,1,1721,555
1105,1,1720,555
1105,1,1720,556
1105,1,1720,557
1105,1,1720,558
1105,1,1720,559
1105,1,1720,560
1105,1,1721,560
1105,1,1720,560
1105,1,1721,560
1105,1,1721,561
1105,1,1721,562
1105,1,1721,563
1105,1,1722,563
1105,1,1723,564
1105,1,1724,564
1105,1,1724,563
1105,1,1725,563
1105,1,1725,562
1105,1,1726,562
1105,1,1726,561
1105,1,1727,561
1105,1,1727,560
1105,1,1728,560
1105,1,1728,559
1105,1,1729,559
1105,1,1729,558
1105,1,1730,558
1105,1,1730,559
1105,1,1731,560
1105,1,1731,561
1105,1,1731,562
1105,1,1732,562
1105,1,1732,563
1105,1,1733,563
1105,1,1734,563
1105,1,1734,564
1105,1,1734,565
1105,1,1735,565
1105,1,1736,565
1105,1,1737,566
1105,1,1738,566
1105,1,1738,565
1105,1,1738,564
1105,1,1737,564
1105,1,1737,563
1105,1,1736,563
1105,1,1736,562
1105,1,1736,561
1105,1,1737,561
1105,1,1737,562
1105,1,1737,563
1105,1,1738,563
1105,1,1738,564
1105,1,1739,564
1105,1,1739,565
1105,1,1739,566
1105,1,1740,566
1105,1,1740,567
1105,1,1741,567
1105,1,1742,567
1105,1,1742,566
1105,1,1743,566
1105,1,1744,566
1105,1,1745,566
1105,1,1746,566
1105,1,1747,566
1105,1,1748,566
1105,1,1748,567
1105,1,1749,567
1105,1,1749,568
1105,1,1750,568
1105,1,1750,569
1105,1,1751,569
1105,1,1752,569
1105,1,1752,570
1105,1,1753,570
1105,1,1753,569
1105,1,1753,568
1105,1,1752,568
1105,1,1753,568
1105,1,1754,568
1105,1,1753,568
1105,1,1754,568
1105,1,1754,569
1105,1,1754,570
1105,1,1755,570
1105,1,1756,570
1105,1,1756,571
1105,1,1757,571
1105,1,1757,572
1105,1,1758,572
1105,1,1759,572
1105,1,1758,571
1105,1,1758,570
1105,1,1758,569
1105,1,1757,569
1105,1,1758,569
1105,1,1758,568
1105,1,1758,567
1105,1,1757,567
1105,1,1756,566
1105,1,1756,565
1105,1,1755,565
1105,1,1755,564
1105,1,1754,564
1105,1,1754,563
1105,1,1754,562
1105,1,1754,561
1105,1,1754,560
1105,1,1753,560
1105,1,1753,561
1105,1,1752,561
1105,1,1751,561
1105,1,1751,560
1105,1,1752,560
1105,1,1753,560
1105,1,1753,559
1105,1,1753,558
1105,1,1753,557
1105,1,1753,556
1105,1,1752,556
1105,1,1752,555
1105,1,1751,555
1105,1,1750,554
1105,1,1749,553
1105,1,1748,553
1105,1,1748,552
1105,1,1747,551
1105,1,1747,550
1105,1,1747,549
1105,1,1747,548
1105,1,1746,548
1105,1,1746,547
1105,1,1746,546
1105,1,1746,545
1105,1,1745,545
1105,1,1745,544
1105,1,1745,543
1105,1,1745,542
1105,1,1745,541
1105,1,1744,541
1105,1,1744,542
1105,1,1744,541
1105,1,1743,541
1105,1,1743,540
1105,1,1743,539
1105,1,1744,539
1105,1,1744,538
1105,1,1745,538
1105,1,1745,537
1105,1,1745,536
1105,1,1745,535
1105,1,1744,535
1105,1,1744,536
1105,1,1744,535
1105,1,1744,536
1105,1,1743,536
1105,1,1743,535
1105,1,1744,535
1105,1,1744,534
1105,1,1744,533
1105,1,1744,532
1105,1,1743,532
1105,1,1744,532
1105,1,1745,532
1105,1,1745,531
1105,1,1745,530
1105,1,1744,530
1105,1,1744,529
1105,1,1745,529
1105,1,1745,528
1105,1,1746,528
1105,1,1746,527
1105,1,1747,527
1105,1,1746,526
1105,1,1745,526
1105,1,1745,525
1105,1,1745,524
1105,1,1745,523
1105,1,1744,523
1105,1,1744,522
1105,1,1744,521
1105,1,1743,521
1105,1,1742,521
1105,1,1742,520
1105,1,1742,521
1105,1,1741,521
1105,1,1741,520
1105,1,1740,520
1105,1,1740,519
1105,1,1740,518
1105,1,1739,519
1105,1,1739,518
1105,1,1738,518
1105,1,1739,518
1105,1,1738,518
1105,1,1738,517
1105,1,1737,517
1105,1,1738,517
1105,1,1738,516
1105,1,1738,517
1105,1,1739,517
1105,1,1740,517
1105,1,1740,518
1105,1,1740,517
1105,1,1741,517
1105,1,1741,518
1105,1,1741,519
1105,1,1742,519
1105,1,1742,518
1105,1,1743,518
1105,1,1743,519
1105,1,1743,518
1105,1,1744,518
1105,1,1744,517
1105,1,1744,516
1105,1,1744,517
1105,1,1743,517
1105,1,1743,516
1105,1,1744,516
1105,1,1744,515
1105,1,1744,514
1105,1,1744,513
1105,1,1743,513
1105,1,1744,513
1105,1,1745,513
1105,1,1745,512
1105,1,1744,512
1105,1,1745,512
1105,1,1745,513
1105,1,1745,512
1105,1,1746,512
1105,1,1746,513
1105,1,1746,512
1105,1,1745,512
1105,1,1745,511
1105,1,1746,511
1105,1,1745,511
1105,1,1745,510
1105,1,1745,509
1105,1,1744,509
1105,1,1745,509
1105,1,1746,509
1105,1,1746,510
1105,1,1747,510
1105,1,1747,511
1105,1,1747,512
1105,1,1747,513
1105,1,1748,513
1105,1,1748,512
1105,1,1748,511
1105,1,1748,510
1105,1,1748,509
1105,1,1747,509
1105,1,1747,508
1105,1,1748,508
1105,1,1747,508
1105,1,1747,507
1105,1,1748,507
1105,1,1748,506
1105,1,1747,506
1105,1,1747,505
1105,1,1748,505
1105,1,1748,506
1105,1,1749,506
1105,1,1749,507
1105,1,1748,507
1105,1,1748,508
1105,1,1748,509
1105,1,1749,509
1105,1,1749,510
1105,1,1749,509
1105,1,1750,509
1105,1,1750,508
1105,1,1751,508
1105,1,1751,507
1105,1,1751,506
1105,1,1752,507
1105,1,1752,506
1105,1,1753,505
1105,1,1753,504
1105,1,1754,504
1105,1,1754,505
1105,1,1754,504
1105,1,1754,503
1105,1,1753,503
1105,1,1752,503
1105,1,1752,502
1105,1,1752,503
1105,1,1752,502
1105,1,1752,501
1105,1,1752,500
1105,1,1753,500
1105,1,1753,499
1105,1,1754,499
1105,1,1755,499
1105,1,1755,498
1105,1,1756,498
1105,1,1756,497
1105,1,1756,496
1105,1,1757,496
1105,1,1757,497
1105,1,1757,498
1105,1,1756,498
1105,1,1757,498
1105,1,1757,499
1105,1,1756,499
1105,1,1757,500
1105,1,1756,500
1105,1,1756,501
1105,1,1756,502
1105,1,1756,503
1105,1,1757,503
1105,1,1757,502
1105,1,1758,502
1105,1,1758,503
1105,1,1757,503
1105,1,1757,504
1105,1,1757,505
1105,1,1756,505
1105,1,1756,506
1105,1,1756,507
1105,1,1756,506
1105,1,1757,506
1105,1,1758,506
1105,1,1758,507
1105,1,1757,507
1105,1,1757,508
1105,1,1756,508
1105,1,1756,507
1105,1,1755,507
1105,1,1755,508
1105,1,1754,508
1105,1,1753,508
1105,1,1753,509
1105,1,1753,510
1105,1,1752,510
1105,1,1751,511
1105,1,1752,511
1105,1,1752,512
1105,1,1751,512
1105,1,1751,513
1105,1,1751,514
1105,1,1750,514
1105,1,1750,515
1105,1,1750,516
1105,1,1750,517
1105,1,1750,518
1105,1,1749,519
1105,1,1750,519
1105,1,1750,520
1105,1,1751,520
1105,1,1751,521
1105,1,1751,522
1105,1,1752,522
1105,1,1752,523
1105,1,1752,524
1105,1,1752,525
1105,1,1753,525
1105,1,1753,526
1105,1,1753,525
1105,1,1753,526
1105,1,1753,525
1105,1,1754,525
1105,1,1753,525
1105,1,1753,524
1105,1,1753,523
1105,1,1753,522
1105,1,1753,521
1105,1,1754,521
1105,1,1755,521
1105,1,1755,522
1105,1,1755,523
1105,1,1754,523
1105,1,1754,524
1105,1,1754,525
1105,1,1755,525
1105,1,1755,526
1105,1,1755,527
1105,1,1754,527
1105,1,1753,528
1105,1,1753,527
1105,1,1753,528
1105,1,1753,527
1105,1,1752,527
1105,1,1752,528
1105,1,1752,527
1105,1,1751,527
1105,1,1750,527
1105,1,1750,526
1105,1,1750,525
1105,1,1749,525
1105,1,1749,526
1105,1,1749,527
1105,1,1749,528
1105,1,1749,529
1105,1,1749,530
1105,1,1749,531
1105,1,1749,532
1105,1,1749,533
1105,1,1749,534
1105,1,1749,535
1105,1,1749,534
1105,1,1750,534
1105,1,1750,533
1105,1,1750,532
1105,1,1750,531
1105,1,1750,530
1105,1,1751,530
1105,1,1751,531
1105,1,1751,530
1105,1,1752,530
1105,1,1752,529
1105,1,1752,530
1105,1,1753,530
1105,1,1752,530
1105,1,1752,529
1105,1,1753,529
1105,1,1752,529
1105,1,1752,528
1105,1,1753,528
1105,1,1753,529
1105,1,1754,529
1105,1,1754,530
1105,1,1755,530
1105,1,1755,531
1105,1,1755,532
1105,1,1755,533
1105,1,1756,534
1105,1,1756,535
1105,1,1756,536
1105,1,1757,536
1105,1,1757,537
1105,1,1757,536
1105,1,1758,536
1105,1,1758,537
1105,1,1757,537
1105,1,1756,537
1105,1,1756,536
1105,1,1755,536
1105,1,1755,535
1105,1,1754,535
1105,1,1754,534
1105,1,1753,534
1105,1,1753,533
1105,1,1753,534
1105,1,1752,534
1105,1,1753,534
1105,1,1753,535
1105,1,1752,535
1105,1,1752,536
1105,1,1752,537
1105,1,1752,538
1105,1,1751,538
1105,1,1751,539
1105,1,1751,540
1105,1,1752,540
1105,1,1752,541
1105,1,1751,541
1105,1,1752,541
1105,1,1752,542
1105,1,1752,543
1105,1,1752,542
1105,1,1753,542
1105,1,1752,542
1105,1,1752,541
1105,1,1752,540
1105,1,1752,539
1105,1,1753,539
1105,1,1753,540
1105,1,1754,540
1105,1,1754,539
1105,1,1754,538
1105,1,1755,538
1105,1,1755,537
1105,1,1755,538
1105,1,1756,538
1105,1,1756,539
1105,1,1755,539
1105,1,1755,540
1105,1,1756,540
1105,1,1756,541
1105,1,1757,541
1105,1,1757,542
1105,1,1757,541
1105,1,1757,540
1105,1,1758,540
1105,1,1758,541
1105,1,1758,542
1105,1,1759,542
1105,1,1759,543
1105,1,1760,543
1105,1,1761,543
1105,1,1761,544
1105,1,1761,543
1105,1,1762,543
1105,1,1763,543
1105,1,1763,544
1105,1,1764,544
1105,1,1764,545
1105,1,1764,546
1105,1,1764,545
1105,1,1763,545
1105,1,1762,545
1105,1,1762,544
1105,1,1762,545
1105,1,1761,545
1105,1,1760,545
1105,1,1760,544
1105,1,1760,545
1105,1,1759,545
1105,1,1759,544
1105,1,1759,543
1105,1,1758,543
1105,1,1758,544
1105,1,1757,545
1105,1,1756,545
1105,1,1756,544
1105,1,1756,545
1105,1,1755,545
1105,1,1755,544
1105,1,1754,544
1105,1,1755,544
1105,1,1755,545
1105,1,1756,545
1105,1,1755,545
1105,1,1756,545
1105,1,1755,546
1105,1,1756,546
1105,1,1755,546
1105,1,1755,547
1105,1,1755,546
1105,1,1755,547
1105,1,1754,547
1105,1,1755,547
1105,1,1755,548
1105,1,1756,548
1105,1,1756,549
1105,1,1756,548
1105,1,1757,548
1105,1,1758,548
1105,1,1758,549
1105,1,1757,549
1105,1,1757,550
1105,1,1756,550
1105,1,1755,550
1105,1,1755,551
1105,1,1754,551
1105,1,1754,552
1105,1,1755,552
1105,1,1755,553
1105,1,1756,553
1105,1,1756,554
1105,1,1757,554
1105,1,1757,555
1105,1,1757,556
1105,1,1758,556
1105,1,1758,557
1105,1,1759,557
1105,1,1759,558
1105,1,1760,558
1105,1,1760,559
1105,1,1761,559
1105,1,1761,560
1105,1,1762,561
1105,1,1763,561
1105,1,1763,562
1105,1,1763,561
1105,1,1763,562
1105,1,1764,562
1105,1,1764,561
1105,1,1763,561
1105,1,1762,561
1105,1,1762,560
1105,1,1762,559
1105,1,1761,559
1105,1,1761,560
1105,1,1761,559
1105,1,1760,559
1105,1,1760,558
1105,1,1760,557
1105,1,1759,557
1105,1,1759,556
1105,1,1759,555
1105,1,1760,556
1105,1,1759,556
1105,1,1760,556
1105,1,1759,556
1105,1,1760,556
1105,1,1761,556
1105,1,1761,557
1105,1,1762,557
1105,1,1762,558
1105,1,1761,558
1105,1,1761,557
1105,1,1761,558
1105,1,1762,558
1105,1,1763,558
1105,1,1763,559
1105,1,1763,560
1105,1,1763,559
1105,1,1764,559
1105,1,1763,559
1105,1,1763,558
1105,1,1764,559
1105,1,1764,558
1105,1,1764,559
1105,1,1764,558
1105,1,1764,559
1105,1,1765,559
1105,1,1765,560
1105,1,1766,560
1105,1,1765,560
1105,1,1765,561
1105,1,1765,560
1105,1,1765,561
1105,1,1765,560
1105,1,1766,560
1105,1,1766,561
1105,1,1767,561
1105,1,1767,562
1105,1,1767,561
1105,1,1767,562
1105,1,1768,562
1105,1,1768,561
1105,1,1767,561
1105,1,1767,560
1105,1,1766,560
1105,1,1767,560
1105,1,1767,559
1105,1,1767,558
1105,1,1766,558
1105,1,1766,557
1105,1,1767,557
1105,1,1767,556
1105,1,1767,555
1105,1,1767,554
1105,1,1768,554
1105,1,1769,555
1105,1,1769,556
1105,1,1769,557
1105,1,1768,557
1105,1,1767,557
1105,1,1768,557
1105,1,1768,558
1105,1,1769,558
1105,1,1769,559
1105,1,1769,558
1105,1,1769,559
1105,1,1770,559
1105,1,1770,560
1105,1,1771,560
1105,1,1770,560
1105,1,1770,559
1105,1,1771,558
1105,1,1770,558
1105,1,1771,558
1105,1,1770,557
1105,1,1770,556
1105,1,1771,556
1105,1,1771,555
1105,1,1771,554
1105,1,1772,554
1105,1,1772,553
1105,1,1773,553
1105,1,1773,554
1105,1,1772,555
1105,1,1772,556
1105,1,1772,557
1105,1,1772,558
1105,1,1771,559
1105,1,1772,559
1105,1,1772,560
1105,1,1773,560
1105,1,1773,559
1105,1,1774,559
1105,1,1774,558
1105,1,1775,558
1105,1,1776,558
1105,1,1775,558
1105,1,1775,559
1105,1,1774,559
1105,1,1774,560
1105,1,1775,560
1105,1,1775,559
1105,1,1775,560
1105,1,1775,561
1105,1,1774,561
1105,1,1773,561
1105,1,1773,562
1105,1,1772,562
1105,1,1771,562
1105,1,1771,563
1105,1,1771,564
1105,1,1771,565
1105,1,1772,565
1105,1,1772,566
1105,1,1772,565
1105,1,1773,565
1105,1,1772,565
1105,1,1772,564
1105,1,1773,564
1105,1,1774,564
1105,1,1775,564
1105,1,1774,564
1105,1,1775,564
1105,1,1776,563
1105,1,1776,564
1105,1,1776,563
1105,1,1777,563
1105,1,1777,564
1105,1,1777,563
1105,1,1778,564
1105,1,1777,564
1105,1,1776,564
1105,1,1777,564
1105,1,1776,564
1105,1,1776,565
1105,1,1775,565
1105,1,1775,566
1105,1,1775,567
1105,1,1775,568
1105,1,1776,568
1105,1,1776,567
1105,1,1777,567
1105,1,1778,567
1105,1,1777,567
1105,1,1778,567
1105,1,1778,566
1105,1,1779,566
1105,1,1779,567
1105,1,1778,567
1105,1,1779,567
1105,1,1778,567
1105,1,1778,568
1105,1,1777,568
1105,1,1777,569
1105,1,1776,569
1105,1,1775,569
1105,1,1776,569
1105,1,1776,570
1105,1,1775,571
1105,1,1775,572
1105,1,1776,572
1105,1,1775,572
1105,1,1776,572
1105,1,1777,573
1105,1,1776,573
1105,1,1776,574
1105,1,1776,575
1105,1,1777,575
1105,1,1777,574
1105,1,1778,574
1105,1,1778,573
1105,1,1778,572
1105,1,1779,572
1105,1,1779,571
1105,1,1780,571
1105,1,1781,571
1105,1,1780,571
1105,1,1781,571
1105,1,1781,570
1105,1,1780,570
1105,1,1781,570
1105,1,1781,571
1105,1,1782,571
1105,1,1782,570
1105,1,1781,570
1105,1,1782,570
1105,1,1782,571
1105,1,1783,571
1105,1,1784,571
1105,1,1784,570
1105,1,1785,570
1105,1,1785,569
1105,1,1786,569
1105,1,1788,568
1105,1,1790,567
1105,1,1791,567
1105,1,1792,567
1105,1,1793,566
1105,1,1794,566
1105,1,1796,565
1105,1,1797,565
1105,1,1798,565
1105,1,1798,564
1105,1,1799,564
1105,1,1799,563
1105,1,1799,562
1105,1,1800,561
1105,1,1800,559
1105,1,1800,558
1105,1,1800,556
1105,1,1800,555
1105,1,1800,554
1105,1,1800,553
1105,1,1800,552
1105,1,1801,551
1105,1,1801,550
1105,1,1801,549
1105,1,1801,548
1105,1,1801,547
1105,1,1801,546
1105,1,1801,545
1105,1,1801,544
1105,1,1801,543
1105,1,1800,543
1105,1,1799,543
1105,1,1798,544
1105,1,1796,544
1105,1,1795,544
1105,1,1794,544
1105,1,1793,545
1105,1,1791,545
1105,1,1790,545
1105,1,1789,545
1105,1,1789,546
1105,1,1788,546
1105,1,1787,546
1105,1,1786,546
1105,1,1785,546
1105,1,1784,546
1105,1,1784,547
1105,1,1783,547
1105,1,1782,547
1105,1,1781,547
1105,1,1780,547
1105,1,1779,547
1105,1,1778,547
1105,1,1778,548
1105,1,1777,546
1105,1,1777,545
1105,1,1777,544
1105,1,1776,543
1105,1,1776,542
1105,1,1776,541
1105,1,1776,540
1105,1,1775,540
1105,1,1775,539
1105,1,1775,538
1105,1,1775,537
1105,1,1774,536
1105,1,1774,533
1105,1,1773,532
1105,1,1773,531
1105,1,1773,530
1105,1,1773,529
1105,1,1772,529
1105,1,1772,527
1105,1,1771,526
1105,1,1771,524
1105,1,1771,523
1105,1,1770,521
1105,1,1770,520
1105,1,1770,519
1105,1,1769,518
1105,1,1769,517
1105,1,1769,516
1105,1,1768,515
1105,1,1768,514
1105,1,1768,513
1105,1,1768,512
1105,1,1767,511
1105,1,1767,510
1105,1,1767,509
1105,1,1767,508
1105,1,1766,506
1105,1,1766,505
1105,1,1765,504
1105,1,1765,503
1105,1,1765,502
1105,1,1764,501
1105,1,1764,500
1105,1,1764,499
1105,1,1764,498
1105,1,1764,497
1105,1,1763,497
1105,1,1763,496
1105,1,1763,495
1105,1,1763,494
1105,1,1762,494
1105,1,1762,493
1105,1,1762,492
1105,1,1762,491
1105,1,1762,490
1105,1,1761,489
1105,1,1760,489
1105,1,1759,489
1105,1,1758,489
1105,1,1756,490
1105,1,1755,490
1105,1,1754,490
1105,1,1753,491
1105,1,1752,491
1105,1,1751,491
1105,1,1749,491
1105,1,1748,492
1105,1,1747,492
1105,1,1746,492
1105,1,1745,492
1105,1,1742,493
1105,1,1741,493
1105,1,1740,493
1105,1,1739,494
1105,1,1738,494
1105,1,1737,494
1105,1,1736,494
1105,1,1735,494
1105,1,1734,495
1105,1,1733,495
1105,1,1732,495
1105,1,1731,495
1105,1,1730,495
1105,1,1729,496
1105,1,1728,496
1105,1,1727,496
1105,1,1726,496
1105,1,1725,496
1105,1,1725,497
1105,1,1723,497
1105,1,1722,497
1105,1,1721,497
1105,1,1720,497
1105,1,1719,498
1105,1,1718,498
1105,1,1717,498
1105,1,1716,498
1105,1,1714,499
1105,1,1712,499
1105,1,1711,499
1105,1,1710,499
1105,1,1710,500
1105,1,1709,500
1105,1,1708,500
1105,1,1707,500
1105,1,1706,500
1105,1,1705,500
1105,1,1705,501
1105,1,1704,501
1105,1,1703,501
1105,1,1701,501
1105,1,1700,501
1105,1,1700,502
1105,1,1699,502
1105,1,1698,502
1105,1,1697,502
1105,1,1696,502
1105,1,1694,503
1105,1,1692,503
1105,1,1691,503
1105,1,1690,503
1105,1,1690,504
1105,1,1688,504
1105,1,1687,504
1105,1,1686,504
1105,1,1684,505
1105,1,1683,505
1105,1,1682,505
1105,1,1681,505
1105,1,1680,505
1105,1,1679,505
1105,1,1678,506
1105,1,1677,506
1105,1,1676,506
1105,1,1675,506
1105,1,1674,506
1105,1,1673,507
1105,1,1672,507
1105,1,1670,507
1105,1,1668,508
1105,1,1667,508
1105,1,1666,508
1105,1,1665,508
1105,1,1664,508
1105,1,1663,508
1105,1,1663,509
1105,1,1662,509
1105,1,1661,509
1105,1,1660,509
1105,1,1659,509
1105,1,1658,509
1105,1,1657,510
1105,1,1656,510
1105,1,1655,510
1105,1,1654,510
1105,1,1653,510
1105,1,1652,511
1105,1,1651,511
1105,1,1650,511
1105,1,1649,511
1105,1,1647,511
1105,1,1644,512
1105,1,1643,512
1105,1,1639,513
1105,1,1638,513
1105,1,1637,513
1105,1,1636,514
1105,1,1635,514
1105,1,1634,514
1105,1,1632,514
1105,1,1629,515
1106,1,1991,185
1106,1,1991,186
1106,1,1991,185
1106,1,1991,186
1106,1,1992,186
1106,1,1992,185
1106,1,1993,185
1106,1,1992,185
1106,1,1992,184
1106,1,1992,185
1106,1,1992,184
1106,1,1991,185
1106,1,1991,184
1106,1,1991,185
1107,1,1990,183
1107,1,1990,184
1107,1,1990,183
1108,1,1989,182
1108,1,1990,182
1108,1,1989,182
1112,1,1990,188
1112,1,1990,187
1112,1,1990,188
1113,1,1988,183
1113,1,1989,183
1113,1,1988,183
1114,1,1989,187
1114,1,1989,186
1114,1,1990,186
1114,1,1989,186
1114,1,1989,187
1115,1,1989,187
1115,1,1989,186
1115,1,1989,187
1121,1,1987,189
1121,1,1987,188
1121,1,1987,189
1122,1,1986,189
1122,1,1987,189
1122,1,1986,189
1124,1,1985,187
1124,1,1986,187
1124,1,1985,187
1127,1,1984,188
1127,1,1984,189
1127,1,1985,189
1127,1,1985,190
1127,1,1986,190
1127,1,1986,189
1127,1,1985,189
1127,1,1985,188
1127,1,1986,189
1127,1,1986,188
1127,1,1985,188
1127,1,1984,189
1127,1,1984,188
1128,1,1984,192
1128,1,1985,193
1128,1,1986,194
1128,1,1986,193
1128,1,1986,192
1128,1,1985,192
1128,1,1984,192
1130,1,1984,195
1130,1,1984,196
1130,1,1984,195
1131,1,1983,193
1131,1,1983,194
1131,1,1984,194
1131,1,1984,195
1131,1,1985,195
1131,1,1985,194
1131,1,1984,194
1131,1,1984,193
1131,1,1984,192
1131,1,1983,192
1131,1,1983,193
1131,1,1983,192
1131,1,1982,192
1131,1,1982,193
1131,1,1983,193
1133,1,1982,194
1133,1,1983,194
1133,1,1982,194
1133,1,1982,193
1133,1,1982,194
1136,1,1981,193
1136,1,1981,192
1136,1,1981,193
1139,1,1981,196
1139,1,1982,196
1139,1,1982,195
1139,1,1982,196
1139,1,1981,196
1140,1,1981,195
1140,1,1981,194
1140,1,1981,195
1141,1,1980,195
1141,1,1981,195
1141,1,1980,195
1142,1,1980,196
1142,1,1981,196
1142,1,1980,196
1145,1,1978,195
1145,1,1978,194
1145,1,1978,195
1146,1,1977,193
1146,1,1978,193
1146,1,1977,193
1147,1,1977,193
1147,1,1978,193
1147,1,1977,193
1148,1,1977,196
1148,1,1978,196
1148,1,1977,196
1149,1,1976,194
1149,1,1976,195
1149,1,1977,195
1149,1,1977,194
1149,1,1976,194
1150,1,1976,195
1150,1,1977,195
1150,1,1977,196
1150,1,1977,195
1150,1,1976,195
1152,1,1975,194
1152,1,1975,195
1152,1,1976,195
1152,1,1976,194
1152,1,1975,194
1154,1,1975,193
1154,1,1975,194
1154,1,1975,193
1155,1,1976,197
1155,1,1976,198
1155,1,1976,197
1157,1,1976,202
1157,1,1977,202
1157,1,1976,202
1158,1,1975,198
1158,1,1975,199
1158,1,1976,199
1158,1,1976,200
1158,1,1976,199
1158,1,1976,198
1158,1,1975,198
1159,1,1971,205
1159,1,1972,205
1159,1,1971,205
1160,1,1969,204
1160,1,1969,205
1160,1,1969,204
1161,1,1967,202
1161,1,1967,203
1161,1,1968,203
1161,1,1968,202
1161,1,1967,202
1162,1,1967,201
1162,1,1967,202
1162,1,1967,201
1163,1,1967,204
1163,1,1968,204
1163,1,1968,203
1163,1,1967,203
1163,1,1967,204
1164,1,1966,200
1164,1,1965,200
1164,1,1966,200
1164,1,1966,201
1164,1,1966,200
1168,1,1965,200
1168,1,1964,201
1168,1,1965,200
1170,1,1967,211
1170,1,1968,211
1170,1,1967,211
1171,1,1964,199
1171,1,1964,200
1171,1,1964,199
1174,1,1966,211
1174,1,1967,210
1174,1,1966,210
1174,1,1966,211
1175,1,1967,214
1175,1,1967,215
1175,1,1967,214
1176,1,1967,215
1176,1,1967,216
1176,1,1967,215
1178,1,1964,210
1178,1,1965,210
1178,1,1964,210
1179,1,1965,211
1179,1,1965,212
1179,1,1966,212
1179,1,1966,211
1179,1,1965,211
1180,1,1963,210
1180,1,1964,210
1180,1,1963,210
1181,1,1963,215
1181,1,1964,215
1181,1,1964,214
1181,1,1963,214
1181,1,1963,215
1182,1,1960,203
1182,1,1960,204
1182,1,1960,203
1183,1,1963,215
1183,1,1963,216
1183,1,1964,216
1183,1,1964,215
1183,1,1963,215
1184,1,1963,218
1184,1,1964,218
1184,1,1963,218
1186,1,1963,218
1186,1,1963,219
1186,1,1964,219
1186,1,1965,219
1186,1,1965,218
1186,1,1964,218
1186,1,1963,218
1187,1,1962,215
1187,1,1963,215
1187,1,1963,214
1187,1,1963,215
1187,1,1962,215
1192,1,1958,210
1192,1,1958,211
1192,1,1958,210
1193,1,1957,209
1193,1,1958,209
1193,1,1958,210
1193,1,1959,209
1193,1,1958,209
1193,1,1958,208
1193,1,1959,208
1193,1,1958,208
1193,1,1958,207
1193,1,1958,208
1193,1,1958,209
1193,1,1957,209
1194,1,1958,213
1194,1,1959,213
1194,1,1958,213
1196,1,1959,215
1196,1,1959,216
1196,1,1960,215
1196,1,1959,215
1198,1,1958,214
1198,1,1958,215
1198,1,1959,215
1198,1,1959,214
1198,1,1958,214
1199,1,1958,216
1199,1,1959,216
1199,1,1959,215
1199,1,1958,215
1199,1,1958,216
1200,1,1957,212
1200,1,1958,213
1200,1,1958,212
1200,1,1957,212
1201,1,1959,218
1201,1,1959,219
1201,1,1959,218
1202,1,1959,218
1202,1,1960,218
1202,1,1960,217
1202,1,1960,218
1202,1,1961,218
1202,1,1961,219
1202,1,1962,219
1202,1,1962,218
1202,1,1962,217
1202,1,1962,216
1202,1,1961,216
1202,1,1961,217
1202,1,1960,216
1202,1,1960,217
1202,1,1960,216
1202,1,1959,216
1202,1,1959,217
1202,1,1959,218
1203,1,1959,220
1203,1,1959,221
1203,1,1959,220
1203,1,1960,220
1203,1,1959,220
1203,1,1959,219
1203,1,1959,220
1204,1,1955,210
1204,1,1956,210
1204,1,1957,210
1204,1,1957,211
1204,1,1957,210
1204,1,1957,209
1204,1,1956,209
1204,1,1956,208
1204,1,1955,207
1204,1,1955,208
1204,1,1955,209
1204,1,1955,210
1205,1,1956,215
1205,1,1957,215
1205,1,1956,215
1206,1,1958,224
1206,1,1958,223
1206,1,1958,224
1207,1,1955,216
1207,1,1956,216
1207,1,1955,216
1214,1,1955,220
1214,1,1956,220
1214,1,1955,220
1215,1,1955,219
1215,1,1955,220
1215,1,1955,219
1217,1,1955,221
1217,1,1955,220
1217,1,1955,221
1218,1,1954,220
1218,1,1955,220
1218,1,1954,220
1219,1,1954,219
1219,1,1954,220
1219,1,1955,219
1219,1,1954,219
1220,1,1954,221
1220,1,1955,221
1220,1,1955,220
1220,1,1954,220
1220,1,1954,221
1222,1,1954,220
1222,1,1954,219
1222,1,1954,220
1225,1,1954,222
1225,1,1955,222
1225,1,1955,221
1225,1,1954,221
1225,1,1954,222
1226,1,1954,223
1226,1,1955,223
1226,1,1955,224
1226,1,1955,225
1226,1,1955,226
1226,1,1956,226
1226,1,1956,225
1226,1,1957,225
1226,1,1957,226
1226,1,1957,225
1226,1,1957,224
1226,1,1957,223
1226,1,1956,223
1226,1,1956,222
1226,1,1955,222
1226,1,1955,223
1226,1,1954,223
1229,1,1950,217
1229,1,1951,217
1229,1,1951,218
1229,1,1950,218
1229,1,1951,218
1229,1,1951,219
1229,1,1951,220
1229,1,1951,219
1229,1,1952,219
1229,1,1952,220
1229,1,1953,220
1229,1,1954,219
1229,1,1954,218
1229,1,1954,219
1229,1,1954,218
1229,1,1955,218
1229,1,1954,217
1229,1,1955,217
1229,1,1955,216
1229,1,1955,217
1229,1,1956,217
1229,1,1956,216
1229,1,1955,216
1229,1,1954,216
1229,1,1954,215
1229,1,1953,215
1229,1,1953,214
1229,1,1952,214
1229,1,1951,214
1229,1,1951,215
1229,1,1951,216
1229,1,1950,217
1230,1,1949,214
1230,1,1950,214
1230,1,1950,215
1230,1,1950,214
1230,1,1951,214
1230,1,1950,214
1230,1,1950,213
1230,1,1949,213
1230,1,1949,214
1231,1,1948,214
1231,1,1949,214
1231,1,1948,214
1232,1,1954,233
1232,1,1955,233
1232,1,1955,232
1232,1,1954,233
1233,1,1949,215
1233,1,1950,215
1233,1,1949,215
1234,1,1949,216
1234,1,1949,217
1234,1,1949,216
1234,1,1949,217
1234,1,1949,216
1235,1,1948,218
1235,1,1949,218
1235,1,1949,219
1235,1,1949,218
1235,1,1948,218
1236,1,1949,221
1236,1,1949,222
1236,1,1949,221
1236,1,1950,221
1236,1,1949,221
1237,1,1947,215
1237,1,1948,215
1237,1,1947,215
1238,1,1948,217
1238,1,1948,218
1238,1,1948,217
1239,1,1949,221
1239,1,1949,222
1239,1,1949,221
1240,1,1947,214
1240,1,1946,215
1240,1,1947,215
1240,1,1947,214
1240,1,1947,215
1240,1,1947,214
1242,1,1948,222
1242,1,1949,222
1242,1,1949,221
1242,1,1949,222
1242,1,1948,222
1244,1,1946,216
1244,1,1947,216
1244,1,1946,216
1246,1,1947,218
1246,1,1947,217
1246,1,1947,218
1249,1,1947,227
1249,1,1948,227
1249,1,1947,227
1249,1,1948,227
1249,1,1947,227
1250,1,1950,237
1250,1,1951,236
1250,1,1950,236
1250,1,1950,237
1251,1,1949,236
1251,1,1950,236
1251,1,1950,235
1251,1,1950,236
1251,1,1950,235
1251,1,1949,235
1251,1,1949,236
1252,1,1946,226
1252,1,1947,226
1252,1,1947,227
1252,1,1947,226
1252,1,1946,226
1253,1,1946,225
1253,1,1947,225
1253,1,1947,226
1253,1,1947,225
1253,1,1947,226
1253,1,1948,226
1253,1,1948,227
1253,1,1949,227
1253,1,1948,227
1253,1,1949,227
1253,1,1949,226
1253,1,1949,227
1253,1,1950,227
1253,1,1950,226
1253,1,1950,225
1253,1,1951,225
1253,1,1951,224
1253,1,1950,224
1253,1,1950,223
1253,1,1949,223
1253,1,1948,223
1253,1,1948,222
1253,1,1948,223
1253,1,1947,223
1253,1,1948,223
1253,1,1948,224
1253,1,1947,224
1253,1,1947,223
1253,1,1946,223
1253,1,1946,224
1253,1,1946,225
1254,1,1946,227
1254,1,1947,227
1254,1,1946,227
1255,1,1942,216
1255,1,1943,216
1255,1,1943,217
1255,1,1943,218
1255,1,1943,219
1255,1,1944,218
1255,1,1944,217
1255,1,1944,216
1255,1,1944,215
1255,1,1943,215
1255,1,1943,214
1255,1,1943,213
1255,1,1944,213
1255,1,1944,212
1255,1,1944,211
1255,1,1943,211
1255,1,1942,211
1255,1,1942,212
1255,1,1942,213
1255,1,1943,213
1255,1,1942,213
1255,1,1942,214
1255,1,1943,214
1255,1,1943,215
1255,1,1943,216
1255,1,1942,216
1256,1,1945,224
1256,1,1945,223
1256,1,1946,223
1256,1,1946,222
1256,1,1946,223
1256,1,1947,223
1256,1,1947,222
1256,1,1948,222
1256,1,1947,222
1256,1,1948,222
1256,1,1948,221
1256,1,1948,222
1256,1,1948,221
1256,1,1949,221
1256,1,1948,221
1256,1,1949,221
1256,1,1948,221
1256,1,1948,220
1256,1,1947,220
1256,1,1946,221
1256,1,1946,222
1256,1,1945,222
1256,1,1945,223
1256,1,1945,224
1257,1,1943,219
1257,1,1943,218
1257,1,1943,219
1258,1,1943,221
1258,1,1943,220
1258,1,1943,221
1259,1,1942,218
1259,1,1943,218
1259,1,1943,217
1259,1,1942,217
1259,1,1942,218
1260,1,1942,222
1260,1,1943,222
1260,1,1942,222
1261,1,1945,234
1261,1,1945,235
1261,1,1945,234
1263,1,1942,227
1263,1,1942,226
1263,1,1942,227
1264,1,1942,227
1264,1,1942,228
1264,1,1942,227
1265,1,1942,230
1265,1,1942,231
1265,1,1943,231
1265,1,1943,230
1265,1,1942,230
1267,1,1941,229
1267,1,1942,229
1267,1,1941,229
1268,1,1942,232
1268,1,1942,231
1268,1,1942,232
1269,1,1941,232
1269,1,1942,232
1269,1,1942,231
1269,1,1941,231
1269,1,1941,232
1270,1,1942,237
1270,1,1942,236
1270,1,1941,236
1270,1,1942,236
1270,1,1942,237
1271,1,1938,236
1271,1,1938,235
1271,1,1938,236
1272,1,1936,239
1272,1,1937,239
1272,1,1937,238
1272,1,1936,239
1272,1,1936,238
1272,1,1936,239
1273,1,1935,236
1273,1,1936,236
1273,1,1935,236
1273,1,1935,235
1273,1,1935,236
1275,1,1935,238
1275,1,1936,238
1275,1,1935,238
1275,1,1935,237
1275,1,1935,238
1276,1,1935,239
1276,1,1936,240
1276,1,1936,239
1276,1,1936,238
1276,1,1935,238
1276,1,1935,239
1277,1,1937,244
1277,1,1937,243
1277,1,1937,244
1278,1,1934,237
1278,1,1934,236
1278,1,1934,237
1279,1,1933,238
1279,1,1933,237
1279,1,1933,238
1280,1,1932,236
1280,1,1932,235
1280,1,1932,236
1281,1,1931,238
1281,1,1931,237
1281,1,1931,238
1282,1,1931,238
1282,1,1931,237
1282,1,1931,236
1282,1,1931,237
1282,1,1931,238
1285,1,1927,247
1285,1,1927,246
1285,1,1927,247
1287,1,1923,251
1287,1,1923,250
1287,1,1923,251
1288,1,1917,251
1288,1,1917,252
1288,1,1917,251
1289,1,1913,247
1289,1,1914,247
1289,1,1914,246
1289,1,1914,247
1289,1,1913,247
1290,1,1913,248
1290,1,1914,248
1290,1,1914,247
1290,1,1913,247
1290,1,1913,248
1291,1,1914,253
1291,1,1914,252
1291,1,1914,253
1292,1,1912,249
1292,1,1912,250
1292,1,1913,250
1292,1,1913,249
1292,1,1913,248
1292,1,1913,249
1292,1,1912,249
1293,1,1913,253
1293,1,1913,252
1293,1,1913,253
1294,1,1912,252
1294,1,1913,251
1294,1,1912,252
1297,1,1911,250
1297,1,1911,249
1297,1,1912,249
1297,1,1911,249
1297,1,1911,250
1298,1,1912,253
1298,1,1912,254
1298,1,1913,253
1298,1,1912,253
1301,1,1912,255
1301,1,1912,254
1301,1,1912,255
1302,1,1910,251
1302,1,1910,250
1302,1,1911,251
1302,1,1911,250
1302,1,1910,250
1302,1,1910,251
1303,1,1911,255
1303,1,1912,254
1303,1,1912,255
1303,1,1912,254
1303,1,1911,255
1306,1,1910,253
1306,1,1910,254
1306,1,1911,253
1306,1,1911,254
1306,1,1911,253
1306,1,1911,252
1306,1,1911,251
1306,1,1911,252
1306,1,1910,252
1306,1,1910,253
1308,1,1909,252
1308,1,1909,253
1308,1,1910,252
1308,1,1910,251
1308,1,1910,252
1308,1,1910,251
1308,1,1909,251
1308,1,1909,252
1309,1,1910,256
1309,1,1910,255
1309,1,1911,254
1309,1,1910,254
1309,1,1910,255
1309,1,1910,256
1310,1,1908,253
1310,1,1909,253
1310,1,1908,253
1311,1,1908,254
1311,1,1908,255
1311,1,1908,254
1311,1,1909,254
1311,1,1908,254
1312,1,1909,257
1312,1,1910,257
1312,1,1909,257
1312,1,1909,256
1312,1,1909,257
1314,1,1908,257
1314,1,1909,257
1314,1,1909,256
1314,1,1909,255
1314,1,1909,256
1314,1,1908,256
1314,1,1909,256
1314,1,1908,257
1315,1,1909,263
1315,1,1910,263
1315,1,1909,263
1315,1,1910,262
1315,1,1909,263
1316,1,1903,292
1316,1,1904,292
1316,1,1903,292
1317,1,1900,289
1317,1,1901,289
1317,1,1901,288
1317,1,1901,287
1317,1,1901,286
1317,1,1901,285
1317,1,1902,285
1317,1,1901,285
1317,1,1901,284
1317,1,1902,284
1317,1,1902,283
1317,1,1901,283
1317,1,1902,283
1317,1,1902,282
1317,1,1902,281
1317,1,1902,280
1317,1,1901,280
1317,1,1901,279
1317,1,1901,278
1317,1,1901,277
1317,1,1901,276
1317,1,1902,275
1317,1,1903,274
1317,1,1904,274
1317,1,1905,274
1317,1,1905,273
1317,1,1906,273
1317,1,1905,272
1317,1,1905,271
1317,1,1906,271
1317,1,1906,270
1317,1,1906,269
1317,1,1907,268
1317,1,1907,267
1317,1,1907,268
1317,1,1906,268
1317,1,1905,268
1317,1,1905,267
1317,1,1905,266
1317,1,1905,265
1317,1,1905,264
1317,1,1906,264
1317,1,1907,264
1317,1,1906,264
1317,1,1907,264
1317,1,1907,263
1317,1,1908,262
1317,1,1908,263
1317,1,1908,262
1317,1,1909,262
1317,1,1910,262
1317,1,1910,261
1317,1,1910,260
1317,1,1909,260
1317,1,1909,259
1317,1,1909,258
1317,1,1908,258
1317,1,1908,257
1317,1,1907,257
1317,1,1908,257
1317,1,1907,257
1317,1,1907,256
1317,1,1908,256
1317,1,1907,256
1317,1,1907,255
1317,1,1908,255
1317,1,1908,254
1317,1,1908,253
1317,1,1908,252
1317,1,1908,251
1317,1,1908,252
1317,1,1909,251
1317,1,1909,250
1317,1,1910,250
1317,1,1910,249
1317,1,1911,248
1317,1,1911,249
1317,1,1912,248
1317,1,1912,247
1317,1,1912,246
1317,1,1913,246
1317,1,1913,245
1317,1,1913,246
1317,1,1913,247
1317,1,1913,248
1317,1,1913,247
1317,1,1913,246
1317,1,1914,246
1317,1,1915,245
1317,1,1915,246
1317,1,1914,247
1317,1,1914,248
1317,1,1914,249
1317,1,1914,250
1317,1,1913,250
1317,1,1914,250
1317,1,1913,250
1317,1,1913,251
1317,1,1913,252
1317,1,1914,251
1317,1,1914,252
1317,1,1914,251
1317,1,1915,251
1317,1,1915,252
1317,1,1915,253
1317,1,1915,252
1317,1,1915,251
1317,1,1916,250
1317,1,1916,249
1317,1,1916,250
1317,1,1916,249
1317,1,1917,249
1317,1,1918,249
1317,1,1918,248
1317,1,1918,249
1317,1,1919,249
1317,1,1919,250
1317,1,1919,251
1317,1,1919,250
1317,1,1920,250
1317,1,1919,250
1317,1,1919,251
1317,1,1920,251
1317,1,1920,252
1317,1,1921,252
1317,1,1921,251
1317,1,1920,251
1317,1,1921,251
1317,1,1921,250
1317,1,1922,250
1317,1,1921,250
1317,1,1922,249
1317,1,1923,249
1317,1,1923,248
1317,1,1923,247
1317,1,1923,246
1317,1,1923,245
1317,1,1923,244
1317,1,1923,243
1317,1,1923,242
1317,1,1923,241
1317,1,1922,240
1317,1,1923,240
1317,1,1923,241
1317,1,1923,242
1317,1,1923,243
1317,1,1924,243
1317,1,1924,244
1317,1,1924,245
1317,1,1925,245
1317,1,1925,246
1317,1,1926,246
1317,1,1925,246
1317,1,1925,245
1317,1,1925,244
1317,1,1925,245
1317,1,1925,244
1317,1,1925,243
1317,1,1926,243
1317,1,1926,244
1317,1,1926,243
1317,1,1926,242
1317,1,1927,242
1317,1,1927,243
1317,1,1927,244
1317,1,1927,243
1317,1,1928,243
1317,1,1928,242
1317,1,1928,241
1317,1,1929,241
1317,1,1929,242
1317,1,1929,243
1317,1,1930,242
1317,1,1930,241
1317,1,1930,240
1317,1,1930,239
1317,1,1930,238
1317,1,1930,237
1317,1,1930,236
1317,1,1930,235
1317,1,1930,236
1317,1,1931,236
1317,1,1931,235
1317,1,1931,234
1317,1,1931,235
1317,1,1932,235
1317,1,1932,234
1317,1,1932,235
1317,1,1933,235
1317,1,1933,234
1317,1,1933,235
1317,1,1934,234
1317,1,1933,235
1317,1,1933,236
1317,1,1933,237
1317,1,1934,236
1317,1,1934,235
1317,1,1934,236
1317,1,1934,235
1317,1,1934,234
1317,1,1934,235
1317,1,1935,235
1317,1,1934,236
1317,1,1935,236
1317,1,1935,235
1317,1,1936,235
1317,1,1936,236
1317,1,1937,236
1317,1,1937,235
1317,1,1938,235
1317,1,1938,234
1317,1,1939,234
1317,1,1939,233
1317,1,1939,232
1317,1,1940,232
1317,1,1940,231
1317,1,1941,231
1317,1,1940,231
1317,1,1940,230
1317,1,1940,229
1317,1,1941,229
1317,1,1941,228
1317,1,1941,227
1317,1,1941,226
1317,1,1942,226
1317,1,1941,226
1317,1,1940,227
1317,1,1940,226
1317,1,1939,226
1317,1,1940,226
1317,1,1939,226
1317,1,1939,225
1317,1,1940,225
1317,1,1940,224
1317,1,1940,225
1317,1,1939,225
1317,1,1940,224
1317,1,1939,223
1317,1,1939,222
1317,1,1940,222
1317,1,1940,223
1317,1,1940,222
1317,1,1940,221
1317,1,1940,220
1317,1,1940,219
1317,1,1940,218
1317,1,1940,217
1317,1,1940,216
1317,1,1941,216
1317,1,1941,215
1317,1,1941,214
1317,1,1941,213
1317,1,1941,212
1317,1,1940,212
1317,1,1939,212
1317,1,1939,211
1317,1,1940,211
1317,1,1939,211
1317,1,1939,210
1317,1,1940,210
1317,1,1940,209
1317,1,1941,209
1317,1,1941,208
1317,1,1942,208
1317,1,1942,209
1317,1,1943,209
1317,1,1943,208
1317,1,1944,207
1317,1,1944,206
1317,1,1944,207
1317,1,1943,206
1317,1,1944,205
1317,1,1944,204
1317,1,1945,205
1317,1,1945,206
1317,1,1945,207
1317,1,1945,208
1317,1,1945,209
1317,1,1945,210
1317,1,1945,211
1317,1,1945,212
1317,1,1946,212
1317,1,1945,212
1317,1,1946,213
1317,1,1946,214
1317,1,1947,214
1317,1,1947,213
1317,1,1948,213
1317,1,1948,212
1317,1,1949,212
1317,1,1950,213
1317,1,1951,213
1317,1,1952,213
1317,1,1953,213
1317,1,1952,213
1317,1,1952,212
1317,1,1953,212
1317,1,1953,213
1317,1,1954,213
1317,1,1954,214
1317,1,1955,214
1317,1,1956,214
1317,1,1956,215
1317,1,1957,215
1317,1,1957,214
1317,1,1956,214
1317,1,1955,214
1317,1,1955,213
1317,1,1956,213
1317,1,1957,213
1317,1,1956,213
1317,1,1956,212
1317,1,1955,212
1317,1,1956,212
1317,1,1955,212
1317,1,1954,211
1317,1,1954,210
1317,1,1954,209
1317,1,1954,208
1317,1,1953,208
1317,1,1953,207
1317,1,1954,207
1317,1,1954,206
1317,1,1955,206
1317,1,1955,205
1317,1,1955,204
1317,1,1956,204
1317,1,1955,204
1317,1,1956,205
1317,1,1956,206
1317,1,1956,207
1317,1,1957,207
1317,1,1956,206
1317,1,1957,206
1317,1,1956,206
1317,1,1956,205
1317,1,1956,204
1317,1,1956,203
1317,1,1955,203
1317,1,1955,202
1317,1,1956,202
1317,1,1956,201
1317,1,1957,202
1317,1,1957,203
1317,1,1957,204
1317,1,1957,205
1317,1,1957,206
1317,1,1958,206
1317,1,1958,205
1317,1,1959,205
1317,1,1958,204
1317,1,1959,204
1317,1,1959,205
1317,1,1960,205
1317,1,1960,206
1317,1,1959,206
1317,1,1960,206
1317,1,1959,206
1317,1,1959,207
1317,1,1959,208
1317,1,1959,209
1317,1,1959,208
1317,1,1959,209
1317,1,1959,210
1317,1,1959,211
1317,1,1960,211
1317,1,1960,212
1317,1,1961,212
1317,1,1961,213
1317,1,1961,212
1317,1,1962,213
1317,1,1963,213
1317,1,1964,213
1317,1,1964,212
1317,1,1964,211
1317,1,1963,211
1317,1,1963,210
1317,1,1963,209
1317,1,1963,210
1317,1,1964,210
1317,1,1964,209
1317,1,1965,209
1317,1,1966,209
1317,1,1966,208
1317,1,1967,208
1317,1,1967,207
1317,1,1967,206
1317,1,1966,206
1317,1,1966,205
1317,1,1965,204
1317,1,1964,204
1317,1,1963,204
1317,1,1963,203
1317,1,1962,203
1317,1,1961,203
1317,1,1960,203
1317,1,1960,204
1317,1,1959,204
1317,1,1959,203
1317,1,1960,203
1317,1,1960,202
1317,1,1961,202
1317,1,1962,202
1317,1,1962,201
1317,1,1962,202
1317,1,1961,202
1317,1,1961,201
1317,1,1962,201
1317,1,1962,200
1317,1,1963,201
1317,1,1963,200
1317,1,1963,199
1317,1,1963,198
1317,1,1964,198
1317,1,1964,199
1317,1,1964,200
1317,1,1965,200
1317,1,1964,200
1317,1,1965,200
1317,1,1966,200
1317,1,1965,200
1317,1,1965,199
1317,1,1966,199
1317,1,1966,200
1317,1,1966,199
1317,1,1967,199
1317,1,1967,200
1317,1,1967,201
1317,1,1967,202
1317,1,1968,202
1317,1,1968,203
1317,1,1969,203
1317,1,1968,203
1317,1,1969,204
1317,1,1969,203
1317,1,1970,204
1317,1,1970,205
1317,1,1971,205
1317,1,1971,204
1317,1,1971,203
1317,1,1971,202
1317,1,1971,201
1317,1,1972,201
1317,1,1972,202
1317,1,1973,202
1317,1,1973,201
1317,1,1972,201
1317,1,1972,200
1317,1,1972,199
1317,1,1972,200
1317,1,1971,200
1317,1,1971,199
1317,1,1970,199
1317,1,1970,198
1317,1,1970,199
1317,1,1971,199
1317,1,1971,198
1317,1,1972,198
1317,1,1972,199
1317,1,1973,199
1317,1,1973,200
1317,1,1973,201
1317,1,1974,201
1317,1,1974,200
1317,1,1974,199
1317,1,1973,199
1317,1,1973,198
1317,1,1974,198
1317,1,1974,199
1317,1,1974,200
1317,1,1975,200
1317,1,1975,201
1317,1,1975,200
1317,1,1975,199
1317,1,1975,198
1317,1,1974,198
1317,1,1974,197
1317,1,1975,197
1317,1,1975,196
1317,1,1975,195
1317,1,1974,195
1317,1,1975,194
1317,1,1975,193
1317,1,1974,193
1317,1,1975,193
1317,1,1976,193
1317,1,1976,194
1317,1,1977,194
1317,1,1977,193
1317,1,1977,192
1317,1,1978,193
1317,1,1978,194
1317,1,1979,194
1317,1,1979,195
1317,1,1979,194
1317,1,1980,194
1317,1,1980,195
1317,1,1980,194
1317,1,1980,193
1317,1,1980,192
1317,1,1981,192
1317,1,1982,192
1317,1,1983,192
1317,1,1984,192
1317,1,1984,191
1317,1,1984,190
1317,1,1983,190
1317,1,1983,189
1317,1,1983,188
1317,1,1983,187
1317,1,1983,188
1317,1,1983,187
1317,1,1984,187
1317,1,1984,186
1317,1,1985,186
1317,1,1985,187
1317,1,1986,187
1317,1,1987,187
1317,1,1986,187
1317,1,1987,187
1317,1,1987,186
1317,1,1986,186
1317,1,1986,185
1317,1,1987,185
1317,1,1987,186
1317,1,1988,186
1317,1,1988,187
1317,1,1988,186
1317,1,1989,186
1317,1,1988,186
1317,1,1989,186
1317,1,1988,185
1317,1,1989,185
1317,1,1989,184
1317,1,1988,184
1317,1,1988,183
1317,1,1987,183
1317,1,1987,182
1317,1,1988,182
1317,1,1989,182
1317,1,1988,182
1317,1,1989,182
1317,1,1988,182
1317,1,1988,181
1317,1,1989,181
1317,1,1990,181
1317,1,1990,182
1317,1,1990,183
1317,1,1991,183
1317,1,1990,183
1317,1,1990,182
1317,1,1990,183
1317,1,1991,183
1317,1,1991,184
1317,1,1992,184
1317,1,1993,184
1317,1,1993,183
1317,1,1992,183
1317,1,1992,182
1317,1,1993,182
1317,1,1993,183
1317,1,1994,183
1317,1,1995,182
1317,1,1994,182
1317,1,1995,181
1317,1,1995,180
1317,1,1996,180
1317,1,1996,179
1317,1,1996,178
1317,1,1996,179
1317,1,1996,178
1317,1,1996,177
1317,1,1997,177
1317,1,1997,176
1317,1,1997,175
1317,1,1998,175
1317,1,1997,176
1317,1,1998,176
1317,1,1998,175
1317,1,1999,174
1317,1,1998,174
1317,1,1999,174
1317,1,1999,173
1317,1,2000,173
1317,1,2000,172
1317,1,1999,172
1317,1,1999,173
1317,1,1999,172
1317,1,1998,172
1317,1,1998,171
1317,1,1998,170
1317,1,1998,169
1317,1,1997,169
1317,1,1998,169
1317,1,1998,168
1317,1,1997,168
1317,1,1996,168
1317,1,1996,167
1317,1,1995,167
1317,1,1995,166
1317,1,1994,166
1317,1,1994,165
1317,1,1993,165
1317,1,1993,164
1317,1,1992,163
1317,1,1992,164
1317,1,1992,163
1317,1,1991,163
1317,1,1991,162
1317,1,1992,162
1317,1,1990,160
1317,1,1990,159
1317,1,1989,159
1317,1,1988,158
1317,1,1987,159
1317,1,1987,158
1317,1,1986,159
1317,1,1985,159
1317,1,1985,158
1317,1,1984,158
1317,1,1984,159
1317,1,1984,160
1317,1,1984,161
1317,1,1983,161
1317,1,1983,162
1317,1,1982,162
1317,1,1982,161
1317,1,1981,161
1317,1,1980,161
1317,1,1980,160
1317,1,1979,160
1317,1,1979,159
1317,1,1978,159
1317,1,1978,158
1317,1,1977,158
1317,1,1977,157
1317,1,1976,157
1317,1,1976,156
1317,1,1976,155
1317,1,1977,155
1317,1,1977,154
1317,1,1976,154
1317,1,1977,154
1317,1,1977,153
1317,1,1977,152
1317,1,1976,152
1317,1,1977,152
1317,1,1977,151
1317,1,1976,151
1317,1,1976,150
1317,1,1975,150
1317,1,1975,149
1317,1,1975,150
1317,1,1974,150
1317,1,1974,149
1317,1,1974,148
1317,1,1973,148
1317,1,1973,147
1317,1,1973,146
1317,1,1974,146
1317,1,1973,146
1317,1,1974,146
1317,1,1974,145
1317,1,1974,146
1317,1,1974,145
1317,1,1975,146
1317,1,1975,145
1317,1,1975,146
1317,1,1975,145
1317,1,1974,145
1317,1,1974,144
1317,1,1974,143
1317,1,1974,142
1317,1,1973,142
1317,1,1973,141
1317,1,1972,141
1317,1,1971,142
1317,1,1970,142
1317,1,1969,142
1317,1,1969,143
1317,1,1968,142
1317,1,1967,143
1317,1,1967,142
1317,1,1966,142
1317,1,1966,143
1317,1,1965,142
1317,1,1964,141
1317,1,1963,140
1317,1,1962,140
1317,1,1963,140
1317,1,1963,141
1317,1,1962,141
1317,1,1961,141
1317,1,1960,141
1317,1,1960,140
1317,1,1959,139
1317,1,1960,139
1317,1,1960,138
1317,1,1959,138
1317,1,1959,137
1317,1,1959,136
1317,1,1958,136
1317,1,1958,135
1317,1,1959,135
1317,1,1959,134
1317,1,1960,134
1317,1,1959,134
1317,1,1959,133
1317,1,1958,133
1317,1,1958,132
1317,1,1957,132
1317,1,1958,131
1317,1,1958,130
1317,1,1959,130
1317,1,1958,129
1317,1,1957,129
1317,1,1957,128
1317,1,1956,126
1317,1,1955,122
1317,1,1955,120
1317,1,1954,118
1317,1,1952,113
1317,1,1951,109
1317,1,1950,106
1317,1,1950,105
1317,1,1949,103
1317,1,1948,99
1317,1,1947,95
1317,1,1946,92
1317,1,1945,90
1317,1,1944,86
1317,1,1943,83
1317,1,1942,81
1317,1,1942,79
1317,1,1941,78
1317,1,1941,77
1317,1,1940,77
1317,1,1939,77
1317,1,1938,77
1317,1,1937,76
1317,1,1936,75
1317,1,1935,75
1317,1,1935,74
1317,1,1934,74
1317,1,1934,73
1317,1,1933,73
1317,1,1932,72
1317,1,1931,72
1317,1,1930,72
1317,1,1930,71
1317,1,1929,71
1317,1,1928,71
1317,1,1927,70
1317,1,1926,70
1317,1,1926,69
1317,1,1925,69
1317,1,1924,69
1317,1,1923,69
1317,1,1922,69
1317,1,1921,69
1317,1,1920,69
1317,1,1920,70
1317,1,1919,70
1317,1,1919,71
1317,1,1919,72
1317,1,1919,73
1317,1,1920,73
1317,1,1919,73
1317,1,1919,74
1317,1,1918,74
1317,1,1917,74
1317,1,1916,74
1317,1,1915,74
1317,1,1915,75
1317,1,1914,75
1317,1,1913,75
1317,1,1913,76
1317,1,1913,77
1317,1,1913,78
1317,1,1912,78
1317,1,1911,78
1317,1,1910,78
1317,1,1909,79
1317,1,1908,80
1317,1,1907,80
1317,1,1907,81
1317,1,1906,82
1317,1,1905,82
1317,1,1905,83
1317,1,1904,83
1317,1,1904,82
1317,1,1903,82
1317,1,1902,82
1317,1,1901,82
1317,1,1900,81
1317,1,1899,81
1317,1,1899,80
1317,1,1899,79
1317,1,1898,79
1317,1,1898,78
1317,1,1897,75
1317,1,1898,75
1317,1,1897,75
1317,1,1897,74
1317,1,1898,74
1317,1,1897,74
1317,1,1898,74
1317,1,1897,74
1317,1,1897,73
1317,1,1896,73
1317,1,1895,73
1317,1,1895,74
1317,1,1895,73
1317,1,1894,73
1317,1,1893,73
1317,1,1892,73
1317,1,1891,73
1317,1,1889,79
1317,1,1887,85
1317,1,1884,92
1317,1,1881,102
1317,1,1880,105
1317,1,1879,107
1317,1,1879,108
1317,1,1877,112
1317,1,1877,113
1317,1,1876,115
1317,1,1877,120
1317,1,1877,121
1317,1,1877,122
1317,1,1878,129
1317,1,1877,129
1317,1,1877,130
1317,1,1876,131
1317,1,1876,132
1317,1,1875,132
1317,1,1875,133
1317,1,1874,134
1317,1,1875,134
1317,1,1875,135
1317,1,1874,136
1317,1,1874,137
1317,1,1874,138
1317,1,1874,139
1317,1,1874,140
1317,1,1874,141
1317,1,1873,141
1317,1,1874,141
1317,1,1874,142
1317,1,1875,142
1317,1,1876,142
1317,1,1876,143
1317,1,1876,144
1317,1,1876,145
1317,1,1875,145
1317,1,1875,146
1317,1,1875,147
1317,1,1874,147
1317,1,1875,147
1317,1,1876,147
1317,1,1875,148
1317,1,1875,149
1317,1,1875,150
1317,1,1876,150
1317,1,1876,151
1317,1,1876,152
1317,1,1876,151
1317,1,1877,151
1317,1,1878,151
1317,1,1877,152
1317,1,1878,152
1317,1,1878,151
1317,1,1878,152
1317,1,1878,153
1317,1,1878,154
1317,1,1878,155
1317,1,1878,156
1317,1,1877,156
1317,1,1877,157
1317,1,1876,157
1317,1,1876,158
1317,1,1875,158
1317,1,1876,158
1317,1,1875,158
1317,1,1875,159
1317,1,1875,160
1317,1,1874,160
1317,1,1875,160
1317,1,1875,161
1317,1,1875,162
1317,1,1876,162
1317,1,1876,163
1317,1,1876,164
1317,1,1875,164
1317,1,1875,165
1317,1,1874,165
1317,1,1874,166
1317,1,1873,166
1317,1,1873,167
1317,1,1872,167
1317,1,1871,168
1317,1,1871,169
1317,1,1871,170
1317,1,1870,170
1317,1,1870,171
1317,1,1869,171
1317,1,1869,172
1317,1,1869,173
1317,1,1869,174
1317,1,1869,175
1317,1,1868,175
1317,1,1868,176
1317,1,1869,176
1317,1,1869,177
1317,1,1870,178
1317,1,1871,179
1317,1,1872,179
1317,1,1872,180
1317,1,1873,180
1317,1,1872,181
1317,1,1873,181
1317,1,1872,182
1317,1,1872,181
1317,1,1871,181
1317,1,1870,181
1317,1,1870,182
1317,1,1870,181
1317,1,1869,181
1317,1,1869,180
1317,1,1868,180
1317,1,1867,180
1317,1,1867,181
1317,1,1866,181
1317,1,1866,182
1317,1,1866,183
1317,1,1867,183
1317,1,1867,184
1317,1,1867,185
1317,1,1868,185
1317,1,1868,186
1317,1,1868,187
1317,1,1867,187
1317,1,1868,188
1317,1,1867,188
1317,1,1867,189
1317,1,1867,190
1317,1,1868,190
1317,1,1867,190
1317,1,1866,190
1317,1,1866,189
1317,1,1865,189
1317,1,1865,188
1317,1,1864,187
1317,1,1863,187
1317,1,1863,186
1317,1,1862,187
1317,1,1862,186
1317,1,1861,186
1317,1,1861,187
1317,1,1861,188
1317,1,1860,188
1317,1,1859,188
1317,1,1859,189
1317,1,1860,191
1317,1,1861,194
1317,1,1861,196
1317,1,1863,202
1317,1,1864,202
1317,1,1864,203
1317,1,1864,204
1317,1,1865,206
1317,1,1865,207
1317,1,1866,209
1317,1,1866,210
1317,1,1867,213
1317,1,1867,214
1317,1,1868,215
1317,1,1868,216
1317,1,1869,218
1317,1,1869,220
1317,1,1870,223
1317,1,1871,226
1317,1,1871,227
1317,1,1872,228
1317,1,1872,229
1317,1,1873,231
1317,1,1873,233
1317,1,1874,235
1317,1,1874,236
1317,1,1874,237
1317,1,1875,237
1317,1,1877,243
1317,1,1877,244
1317,1,1877,245
1317,1,1878,247
1317,1,1878,248
1317,1,1879,250
1317,1,1879,252
1317,1,1880,253
1317,1,1880,254
1317,1,1880,256
1317,1,1881,258
1317,1,1882,260
1317,1,1882,262
1317,1,1883,263
1317,1,1883,266
1317,1,1884,266
1317,1,1884,267
1317,1,1884,268
1317,1,1885,268
1317,1,1885,269
1317,1,1885,270
1317,1,1886,270
1317,1,1886,271
1317,1,1885,272
1317,1,1886,272
1317,1,1885,273
1317,1,1886,273
1317,1,1886,274
1317,1,1886,275
1317,1,1886,276
1317,1,1886,277
1317,1,1887,278
1317,1,1887,279
1317,1,1888,279
1317,1,1889,279
1317,1,1890,280
1317,1,1890,281
1317,1,1890,280
1317,1,1890,281
1317,1,1891,281
1317,1,1892,281
1317,1,1892,282
1317,1,1893,282
1317,1,1894,282
1317,1,1894,283
1317,1,1894,284
1317,1,1894,285
1317,1,1894,286
1317,1,1894,287
1317,1,1895,287
1317,1,1895,288
1317,1,1896,288
1317,1,1897,288
1317,1,1897,289
1317,1,1898,289
1317,1,1899,289
1317,1,1900,289
1318,1,617,1190
1318,1,618,1190
1318,1,618,1191
1318,1,618,1192
1318,1,619,1192
1318,1,619,1193
1318,1,618,1193
1318,1,619,1193
1318,1,619,1194
1318,1,620,1194
1318,1,621,1195
1318,1,621,1196
1318,1,621,1197
1318,1,622,1198
1318,1,621,1198
1318,1,622,1198
1318,1,622,1199
1318,1,622,1200
1318,1,622,1201
1318,1,623,1201
1318,1,623,1202
1318,1,623,1201
1318,1,623,1202
1318,1,624,1202
1318,1,623,1202
1318,1,623,1203
1318,1,624,1203
1318,1,624,1204
1318,1,624,1205
1318,1,625,1206
1318,1,625,1207
1318,1,625,1208
1318,1,625,1209
1318,1,625,1210
1318,1,625,1211
1318,1,625,1212
1318,1,624,1213
1318,1,625,1213
1318,1,624,1213
1318,1,624,1214
1318,1,625,1214
1318,1,624,1215
1318,1,624,1216
1318,1,624,1217
1318,1,624,1218
1318,1,624,1219
1318,1,624,1220
1318,1,624,1221
1318,1,625,1221
1318,1,625,1222
1318,1,625,1223
1318,1,626,1223
1318,1,627,1223
1318,1,628,1223
1318,1,628,1224
1318,1,629,1224
1318,1,630,1224
1318,1,630,1225
1318,1,631,1225
1318,1,632,1226
1318,1,633,1226
1318,1,633,1227
1318,1,634,1227
1318,1,634,1228
1318,1,634,1229
1318,1,635,1229
1318,1,635,1228
1318,1,636,1228
1318,1,636,1227
1318,1,637,1227
1318,1,637,1226
1318,1,638,1226
1318,1,638,1225
1318,1,639,1224
1318,1,639,1223
1318,1,640,1223
1318,1,640,1222
1318,1,640,1221
1318,1,640,1220
1318,1,641,1220
1318,1,641,1219
1318,1,642,1219
1318,1,642,1218
1318,1,643,1218
1318,1,644,1217
1318,1,645,1217
1318,1,646,1216
1318,1,647,1215
1318,1,648,1215
1318,1,649,1214
1318,1,650,1214
1318,1,650,1213
1318,1,651,1213
1318,1,651,1212
1318,1,652,1212
1318,1,653,1211
1318,1,654,1211
1318,1,655,1211
1318,1,655,1212
1318,1,656,1212
1318,1,657,1212
1318,1,658,1211
1318,1,658,1212
1318,1,658,1211
1318,1,659,1211
1318,1,660,1211
1318,1,660,1210
1318,1,661,1210
1318,1,662,1210
1318,1,662,1209
1318,1,663,1209
1318,1,664,1208
1318,1,665,1208
1318,1,666,1208
1318,1,666,1207
1318,1,667,1207
1318,1,668,1206
1318,1,668,1205
1318,1,669,1205
1318,1,670,1204
1318,1,671,1204
1318,1,671,1203
1318,1,673,1202
1318,1,673,1201
1318,1,674,1200
1318,1,674,1199
1318,1,673,1198
1318,1,672,1198
1318,1,671,1198
1318,1,670,1197
1318,1,669,1197
1318,1,669,1196
1318,1,668,1196
1318,1,668,1195
1318,1,667,1195
1318,1,668,1195
1318,1,668,1194
1318,1,667,1194
1318,1,666,1194
1318,1,666,1193
1318,1,666,1192
1318,1,666,1191
1318,1,666,1190
1318,1,665,1190
1318,1,665,1189
1318,1,664,1189
1318,1,663,1189
1318,1,662,1189
1318,1,662,1190
1318,1,661,1190
1318,1,661,1189
1318,1,661,1188
1318,1,661,1187
1318,1,661,1186
1318,1,661,1185
1318,1,661,1184
1318,1,661,1183
1318,1,660,1183
1318,1,660,1182
1318,1,659,1181
1318,1,659,1180
1318,1,658,1180
1318,1,658,1179
1318,1,657,1179
1318,1,656,1179
1318,1,656,1178
1318,1,655,1178
1318,1,655,1177
1318,1,654,1177
1318,1,654,1176
1318,1,653,1176
1318,1,652,1176
1318,1,652,1175
1318,1,651,1175
1318,1,650,1175
1318,1,650,1174
1318,1,649,1174
1318,1,648,1174
1318,1,648,1173
1318,1,647,1173
1318,1,646,1173
1318,1,645,1172
1318,1,644,1172
1318,1,643,1171
1318,1,642,1171
1318,1,641,1171
1318,1,640,1171
1318,1,640,1170
1318,1,639,1171
1318,1,638,1171
1318,1,638,1170
1318,1,637,1170
1318,1,636,1170
1318,1,636,1169
1318,1,635,1168
1318,1,634,1168
1318,1,633,1168
1318,1,632,1167
1318,1,632,1166
1318,1,631,1166
1318,1,631,1165
1318,1,630,1165
1318,1,629,1165
1318,1,629,1164
1318,1,628,1164
1318,1,627,1164
1318,1,626,1164
1318,1,625,1164
1318,1,625,1165
1318,1,624,1166
1318,1,624,1167
1318,1,624,1168
1318,1,624,1169
1318,1,625,1170
1318,1,625,1171
1318,1,625,1172
1318,1,626,1173
1318,1,627,1174
1318,1,627,1175
1318,1,628,1175
1318,1,628,1176
1318,1,628,1177
1318,1,627,1177
1318,1,627,1178
1318,1,626,1178
1318,1,626,1179
1318,1,625,1179
1318,1,625,1180
1318,1,625,1181
1318,1,624,1181
1318,1,624,1182
1318,1,624,1183
1318,1,623,1183
1318,1,623,1184
1318,1,622,1184
1318,1,621,1184
1318,1,621,1185
1318,1,620,1185
1318,1,620,1186
1318,1,619,1186
1318,1,619,1187
1318,1,618,1187
1318,1,618,1188
1318,1,618,1189
1318,1,617,1189
1318,1,618,1189
1318,1,617,1189
1318,1,617,1190
1319,1,589,1133
1319,1,589,1134
1319,1,589,1135
1319,1,590,1136
1319,1,591,1137
1319,1,592,1137
1319,1,592,1138
1319,1,593,1138
1319,1,593,1139
1319,1,594,1139
1319,1,595,1139
1319,1,596,1140
1319,1,596,1139
1319,1,597,1139
1319,1,598,1139
1319,1,599,1139
1319,1,599,1140
1319,1,599,1141
1319,1,599,1142
1319,1,600,1142
1319,1,600,1143
1319,1,600,1144
1319,1,600,1145
1319,1,600,1146
1319,1,599,1146
1319,1,600,1146
1319,1,600,1147
1319,1,600,1148
1319,1,601,1148
1319,1,601,1149
1319,1,602,1149
1319,1,603,1149
1319,1,604,1149
1319,1,605,1149
1319,1,606,1149
1319,1,607,1149
1319,1,607,1148
1319,1,608,1148
1319,1,609,1148
1319,1,609,1147
1319,1,610,1147
1319,1,611,1147
1319,1,612,1147
1319,1,613,1147
1319,1,614,1147
1319,1,615,1146
1319,1,616,1146
1319,1,617,1146
1319,1,618,1146
1319,1,618,1145
1319,1,618,1144
1319,1,619,1144
1319,1,620,1144
1319,1,620,1143
1319,1,620,1142
1319,1,621,1142
1319,1,620,1142
1319,1,621,1141
1319,1,620,1141
1319,1,620,1140
1319,1,621,1140
1319,1,620,1140
1319,1,620,1139
1319,1,619,1139
1319,1,619,1138
1319,1,618,1138
1319,1,617,1138
1319,1,616,1137
1319,1,615,1137
1319,1,614,1137
1319,1,614,1136
1319,1,613,1136
1319,1,613,1135
1319,1,613,1136
1319,1,613,1135
1319,1,612,1135
1319,1,611,1134
1319,1,610,1134
1319,1,610,1133
1319,1,610,1132
1319,1,609,1132
1319,1,608,1132
1319,1,607,1132
1319,1,606,1132
1319,1,605,1132
1319,1,604,1132
1319,1,603,1132
1319,1,603,1133
1319,1,602,1133
1319,1,601,1133
1319,1,600,1133
1319,1,600,1134
1319,1,599,1134
1319,1,598,1134
1319,1,598,1133
1319,1,598,1132
1319,1,597,1132
1319,1,597,1131
1319,1,596,1131
1319,1,596,1130
1319,1,596,1129
1319,1,595,1129
1319,1,595,1128
1319,1,594,1128
1319,1,593,1128
1319,1,593,1127
1319,1,593,1128
1319,1,592,1128
1319,1,591,1128
1319,1,591,1129
1319,1,590,1129
1319,1,590,1130
1319,1,589,1130
1319,1,589,1131
1319,1,589,1132
1319,1,589,1133
1320,1,588,1152
1320,1,589,1152
1320,1,589,1153
1320,1,590,1153
1320,1,590,1152
1320,1,591,1152
1320,1,591,1153
1320,1,591,1152
1320,1,592,1152
1320,1,593,1152
1320,1,594,1152
1320,1,595,1152
1320,1,596,1152
1320,1,596,1151
1320,1,595,1151
1320,1,595,1150
1320,1,596,1150
1320,1,596,1149
1320,1,595,1149
1320,1,595,1148
1320,1,594,1148
1320,1,593,1148
1320,1,592,1149
1320,1,591,1149
1320,1,591,1150
1320,1,590,1150
1320,1,589,1150
1320,1,589,1151
1320,1,588,1151
1320,1,588,1152
1321,1,572,1134
1321,1,573,1135
1321,1,574,1135
1321,1,574,1136
1321,1,575,1136
1321,1,575,1137
1321,1,576,1138
1321,1,575,1138
1321,1,575,1139
1321,1,576,1141
1321,1,576,1142
1321,1,577,1142
1321,1,578,1142
1321,1,579,1141
1321,1,579,1142
1321,1,579,1141
1321,1,580,1141
1321,1,580,1142
1321,1,580,1141
1321,1,581,1141
1321,1,582,1141
1321,1,582,1140
1321,1,583,1140
1321,1,583,1139
1321,1,584,1138
1321,1,584,1137
1321,1,583,1137
1321,1,583,1136
1321,1,582,1135
1321,1,581,1134
1321,1,580,1134
1321,1,580,1133
1321,1,579,1133
1321,1,578,1133
1321,1,577,1133
1321,1,576,1133
1321,1,576,1132
1321,1,575,1132
1321,1,574,1132
1321,1,573,1133
1321,1,572,1133
1321,1,572,1134
1322,1,561,1124
1322,1,562,1124
1322,1,563,1125
1322,1,564,1125
1322,1,565,1125
1322,1,566,1125
1322,1,567,1125
1322,1,568,1124
1322,1,568,1125
1322,1,568,1124
1322,1,569,1124
1322,1,570,1124
1322,1,571,1124
1322,1,572,1124
1322,1,573,1124
1322,1,574,1125
1322,1,575,1125
1322,1,576,1125
1322,1,576,1126
1322,1,577,1126
1322,1,578,1126
1322,1,579,1126
1322,1,580,1126
1322,1,580,1127
1322,1,581,1127
1322,1,581,1126
1322,1,582,1126
1322,1,582,1127
1322,1,582,1126
1322,1,583,1126
1322,1,584,1126
1322,1,585,1125
1322,1,586,1124
1322,1,587,1124
1322,1,587,1123
1322,1,588,1122
1322,1,588,1121
1322,1,587,1121
1322,1,586,1121
1322,1,585,1121
1322,1,584,1121
1322,1,583,1121
1322,1,582,1121
1322,1,581,1121
1322,1,580,1121
1322,1,579,1121
1322,1,578,1121
1322,1,577,1120
1322,1,577,1119
1322,1,576,1119
1322,1,576,1120
1322,1,575,1120
1322,1,574,1120
1322,1,573,1120
1322,1,572,1120
1322,1,571,1120
1322,1,570,1120
1322,1,569,1119
1322,1,569,1120
1322,1,568,1119
1322,1,567,1119
1322,1,566,1119
1322,1,566,1118
1322,1,565,1119
1322,1,565,1118
1322,1,564,1119
1322,1,564,1118
1322,1,563,1118
1322,1,563,1119
1322,1,564,1119
1322,1,564,1120
1322,1,564,1121
1322,1,563,1121
1322,1,562,1122
1322,1,562,1123
1322,1,561,1124
1325,1,518,1101
1325,1,519,1102
1325,1,520,1103
1325,1,520,1104
1325,1,520,1105
1325,1,520,1106
1325,1,521,1106
1325,1,521,1107
1325,1,522,1107
1325,1,522,1108
1325,1,522,1109
1325,1,523,1109
1325,1,522,1109
1325,1,523,1109
1325,1,523,1110
1325,1,524,1110
1325,1,524,1111
1325,1,525,1111
1325,1,525,1112
1325,1,525,1113
1325,1,525,1114
1325,1,526,1114
1325,1,526,1115
1325,1,527,1115
1325,1,527,1114
1325,1,528,1114
1325,1,529,1114
1325,1,530,1114
1325,1,531,1114
1325,1,532,1113
1325,1,533,1113
1325,1,533,1114
1325,1,534,1114
1325,1,535,1114
1325,1,536,1114
1325,1,536,1115
1325,1,537,1115
1325,1,538,1115
1325,1,538,1116
1325,1,539,1117
1325,1,539,1116
1325,1,540,1117
1325,1,540,1116
1325,1,541,1116
1325,1,542,1115
1325,1,543,1115
1325,1,543,1116
1325,1,544,1116
1325,1,545,1115
1325,1,546,1115
1325,1,546,1114
1325,1,545,1114
1325,1,545,1113
1325,1,544,1113
1325,1,544,1112
1325,1,543,1112
1325,1,543,1111
1325,1,544,1111
1325,1,543,1110
1325,1,542,1110
1325,1,542,1109
1325,1,542,1108
1325,1,542,1109
1325,1,542,1108
1325,1,543,1107
1325,1,542,1107
1325,1,541,1107
1325,1,540,1107
1325,1,540,1108
1325,1,541,1108
1325,1,541,1109
1325,1,540,1109
1325,1,540,1108
1325,1,539,1108
1325,1,539,1107
1325,1,538,1107
1325,1,537,1107
1325,1,537,1106
1325,1,538,1106
1325,1,537,1106
1325,1,537,1105
1325,1,538,1104
1325,1,538,1103
1325,1,537,1103
1325,1,537,1102
1325,1,536,1102
1325,1,536,1101
1325,1,535,1101
1325,1,535,1100
1325,1,534,1099
1325,1,534,1098
1325,1,534,1097
1325,1,533,1097
1325,1,534,1097
1325,1,533,1096
1325,1,532,1095
1325,1,531,1095
1325,1,530,1095
1325,1,530,1096
1325,1,529,1096
1325,1,528,1097
1325,1,528,1098
1325,1,527,1098
1325,1,527,1099
1325,1,526,1099
1325,1,526,1100
1325,1,525,1100
1325,1,525,1101
1325,1,524,1101
1325,1,523,1101
1325,1,522,1101
1325,1,521,1101
1325,1,520,1101
1325,1,519,1101
1325,1,518,1101
1326,1,451,1078
1326,1,451,1079
1326,1,452,1079
1326,1,452,1080
1326,1,453,1081
1326,1,454,1081
1326,1,455,1081
1326,1,455,1082
1326,1,456,1082
1326,1,457,1082
1326,1,457,1083
1326,1,458,1083
1326,1,458,1084
1326,1,459,1084
1326,1,459,1085
1326,1,460,1085
1326,1,460,1084
1326,1,460,1085
1326,1,461,1085
1326,1,462,1085
1326,1,463,1085
1326,1,464,1085
1326,1,465,1085
1326,1,465,1086
1326,1,466,1086
1326,1,467,1086
1326,1,468,1086
1326,1,468,1085
1326,1,469,1085
1326,1,469,1084
1326,1,470,1084
1326,1,470,1083
1326,1,471,1083
1326,1,470,1083
1326,1,470,1082
1326,1,471,1082
1326,1,472,1082
1326,1,472,1081
1326,1,471,1081
1326,1,472,1081
1326,1,472,1080
1326,1,471,1080
1326,1,472,1080
1326,1,471,1080
1326,1,471,1079
1326,1,471,1078
1326,1,472,1078
1326,1,472,1077
1326,1,472,1076
1326,1,473,1076
1326,1,473,1075
1326,1,473,1074
1326,1,473,1073
1326,1,473,1072
1326,1,473,1071
1326,1,472,1071
1326,1,472,1070
1326,1,471,1070
1326,1,470,1070
1326,1,469,1070
1326,1,469,1069
1326,1,468,1069
1326,1,468,1070
1326,1,467,1070
1326,1,467,1069
1326,1,466,1069
1326,1,465,1069
1326,1,464,1069
1326,1,464,1070
1326,1,463,1070
1326,1,462,1070
1326,1,462,1069
1326,1,461,1069
1326,1,460,1069
1326,1,460,1070
1326,1,459,1070
1326,1,458,1071
1326,1,457,1071
1326,1,457,1072
1326,1,456,1072
1326,1,455,1072
1326,1,455,1073
1326,1,454,1073
1326,1,454,1074
1326,1,453,1075
1326,1,452,1076
1326,1,452,1077
1326,1,451,1077
1326,1,451,1078
1327,1,437,1079
1327,1,438,1079
1327,1,438,1078
1327,1,437,1078
1327,1,437,1079
1328,1,431,1087
1328,1,431,1089
1328,1,432,1089
1328,1,432,1090
1328,1,433,1090
1328,1,433,1089
1328,1,433,1088
1328,1,434,1087
1328,1,434,1086
1328,1,435,1086
1328,1,435,1085
1328,1,436,1085
1328,1,437,1085
1328,1,438,1085
1328,1,438,1084
1328,1,438,1083
1328,1,438,1082
1328,1,439,1081
1328,1,440,1080
1328,1,439,1080
1328,1,439,1079
1328,1,438,1079
1328,1,438,1080
1328,1,438,1079
1328,1,437,1080
1328,1,437,1079
1328,1,437,1080
1328,1,437,1081
1328,1,436,1081
1328,1,436,1082
1328,1,435,1082
1328,1,434,1083
1328,1,433,1083
1328,1,433,1084
1328,1,432,1084
1328,1,432,1085
1328,1,431,1085
1328,1,431,1086
1328,1,431,1087
1329,1,1898,361
1329,1,1898,360
1329,1,1898,361
1330,1,1898,363
1330,1,1898,364
1330,1,1898,363
1332,1,1898,368
1332,1,1898,369
1332,1,1898,368
1333,1,1897,368
1333,1,1898,368
1333,1,1897,368
1334,1,1897,366
1334,1,1897,367
1334,1,1897,366
1335,1,1895,361
1335,1,1896,362
1335,1,1897,362
1335,1,1897,363
1335,1,1896,363
1335,1,1897,364
1335,1,1897,363
1335,1,1898,363
1335,1,1897,362
1335,1,1897,361
1335,1,1896,362
1335,1,1896,361
1335,1,1896,360
1335,1,1895,360
1335,1,1895,361
1335,1,1896,361
1335,1,1895,361
1336,1,1900,358
1336,1,1900,359
1336,1,1900,360
1336,1,1900,359
1336,1,1900,360
1336,1,1899,360
1336,1,1899,361
1336,1,1898,361
1336,1,1898,362
1336,1,1899,362
1336,1,1898,362
1336,1,1898,363
1336,1,1898,364
1336,1,1898,363
1336,1,1899,364
1336,1,1898,364
1336,1,1898,365
1336,1,1898,366
1336,1,1898,367
1336,1,1898,368
1336,1,1899,368
1336,1,1899,369
1336,1,1898,369
1336,1,1897,369
1336,1,1897,370
1336,1,1898,370
1336,1,1899,370
1336,1,1899,369
1336,1,1899,368
1336,1,1900,368
1336,1,1901,368
1336,1,1901,367
1336,1,1901,366
1336,1,1901,365
1336,1,1901,364
1336,1,1900,364
1336,1,1900,363
1336,1,1900,362
1336,1,1900,361
1336,1,1901,362
1336,1,1901,363
1336,1,1901,364
1336,1,1901,365
1336,1,1902,365
1336,1,1902,366
1336,1,1902,367
1336,1,1903,367
1336,1,1903,368
1336,1,1903,369
1336,1,1903,368
1336,1,1904,368
1336,1,1904,367
1336,1,1905,367
1336,1,1905,366
1336,1,1905,365
1336,1,1904,364
1336,1,1904,363
1336,1,1904,362
1336,1,1903,361
1336,1,1903,360
1336,1,1903,359
1336,1,1903,358
1336,1,1902,358
1336,1,1901,358
1336,1,1900,358
1338,1,1895,363
1338,1,1895,364
1338,1,1895,363
1339,1,1896,370
1339,1,1896,371
1339,1,1896,370
1339,1,1897,370
1339,1,1896,369
1339,1,1897,369
1339,1,1897,368
1339,1,1897,367
1339,1,1896,367
1339,1,1897,367
1339,1,1896,367
1339,1,1896,366
1339,1,1896,365
1339,1,1895,365
1339,1,1895,366
1339,1,1895,367
1339,1,1896,367
1339,1,1896,368
1339,1,1896,369
1339,1,1896,370
1340,1,1895,369
1340,1,1895,368
1340,1,1896,368
1340,1,1895,368
1340,1,1895,369
1341,1,1892,386
1341,1,1893,387
1341,1,1893,386
1341,1,1894,386
1341,1,1895,386
1341,1,1895,385
1341,1,1894,385
1341,1,1894,384
1341,1,1894,383
1341,1,1893,383
1341,1,1893,384
1341,1,1893,385
1341,1,1892,385
1341,1,1892,386
1342,1,1882,381
1342,1,1882,382
1342,1,1882,381
1342,1,1883,381
1342,1,1884,380
1342,1,1885,380
1342,1,1886,380
1342,1,1886,379
1342,1,1887,379
1342,1,1887,378
1342,1,1888,378
1342,1,1889,378
1342,1,1889,377
1342,1,1890,377
1342,1,1890,376
1342,1,1891,376
1342,1,1892,376
1342,1,1892,375
1342,1,1893,375
1342,1,1894,375
1342,1,1894,376
1342,1,1894,375
1342,1,1894,374
1342,1,1895,374
1342,1,1895,373
1342,1,1895,372
1342,1,1894,372
1342,1,1895,372
1342,1,1895,371
1342,1,1895,372
1342,1,1895,371
1342,1,1895,370
1342,1,1895,369
1342,1,1895,368
1342,1,1895,367
1342,1,1894,367
1342,1,1894,366
1342,1,1893,366
1342,1,1893,365
1342,1,1894,365
1342,1,1894,364
1342,1,1894,363
1342,1,1894,362
1342,1,1893,362
1342,1,1893,361
1342,1,1892,361
1342,1,1892,360
1342,1,1891,360
1342,1,1892,360
1342,1,1893,360
1342,1,1894,360
1342,1,1894,359
1342,1,1894,358
1342,1,1893,358
1342,1,1893,357
1342,1,1893,356
1342,1,1892,355
1342,1,1893,355
1342,1,1893,356
1342,1,1894,356
1342,1,1894,357
1342,1,1895,357
1342,1,1896,357
1342,1,1896,358
1342,1,1897,358
1342,1,1897,359
1342,1,1897,360
1342,1,1897,359
1342,1,1898,359
1342,1,1898,360
1342,1,1899,360
1342,1,1899,359
1342,1,1899,358
1342,1,1898,358
1342,1,1899,358
1342,1,1899,357
1342,1,1898,356
1342,1,1897,356
1342,1,1897,355
1342,1,1896,355
1342,1,1895,355
1342,1,1894,355
1342,1,1894,354
1342,1,1894,353
1342,1,1893,353
1342,1,1893,352
1342,1,1894,352
1342,1,1893,352
1342,1,1893,351
1342,1,1893,350
1342,1,1893,349
1342,1,1892,349
1342,1,1892,350
1342,1,1891,350
1342,1,1891,349
1342,1,1891,348
1342,1,1891,347
1342,1,1890,347
1342,1,1890,346
1342,1,1890,345
1342,1,1890,344
1342,1,1889,344
1342,1,1888,344
1342,1,1888,345
1342,1,1887,345
1342,1,1886,345
1342,1,1885,345
1342,1,1885,346
1342,1,1884,346
1342,1,1883,346
1342,1,1882,346
1342,1,1881,347
1342,1,1880,347
1342,1,1878,348
1342,1,1877,348
1342,1,1876,348
1342,1,1876,349
1342,1,1876,350
1342,1,1876,352
1342,1,1877,352
1342,1,1877,353
1342,1,1878,355
1342,1,1878,356
1342,1,1878,358
1342,1,1879,359
1342,1,1879,361
1342,1,1880,363
1342,1,1880,364
1342,1,1880,365
1342,1,1880,366
1342,1,1881,367
1342,1,1881,369
1342,1,1881,370
1342,1,1882,371
1342,1,1882,372
1342,1,1882,373
1342,1,1882,374
1342,1,1882,375
1342,1,1883,375
1342,1,1883,376
1342,1,1882,376
1342,1,1881,376
1342,1,1881,377
1342,1,1882,377
1342,1,1882,378
1342,1,1882,379
1342,1,1883,379
1342,1,1883,380
1342,1,1882,380
1342,1,1882,381
