id,part,x,y
26163591900,1,2.172,-22.553
26163591900,1,2.318,-22.131
26163591900,1,2.261,-19.375
26163591900,1,2.789,-19.334
26163591900,1,3.644,-19.099
26163591900,1,4.506,-19.046
26163591900,1,3.673,-20.486
26163591900,1,3.703,-21.936
26163591900,1,3.378,-22.472
26163591900,1,2.172,-22.553
26163592000,1,3.148,-22.888
26163592000,1,3.403,-22.471
26163592000,1,6.149,-22.271
26163592000,1,6.618,-22.773
26163592000,1,7.243,-22.725
26163592000,1,7.091,-23.571
26163592000,1,7.187,-25.35
26163592000,1,7.337,-25.625
26163592000,1,7.424,-26.577
26163592000,1,7.44,-27.377
26163592000,1,7.545,-27.877
26163592000,1,7.555,-28.219
26163592000,1,7.281,-28.223
26163592000,1,6.795,-27.82
26163592000,1,6.461,-27.776
26163592000,1,6.057,-27.569
26163592000,1,5.971,-27.473
26163592000,1,5.933,-27.194
26163592000,1,5.837,-27.098
26163592000,1,5.522,-27.09
26163592000,1,5.106,-26.977
26163592000,1,5.061,-26.907
26163592000,1,4.477,-26.518
26163592000,1,4.351,-26.061
26163592000,1,4.235,-26.034
26163592000,1,4.041,-26.113
26163592000,1,3.822,-26.049
26163592000,1,3.613,-22.861
26163592000,1,3.148,-22.888
26163593200,1,0.872,-14.542
26163593200,1,2.025,-14.393
26163593200,1,2.148,-16.142
26163593200,1,0.946,-16.238
26163593200,1,0.872,-14.542
26163594000,1,6.453,-15.718
26163594000,1,6.598,-15.383
26163594000,1,6.411,-12.49
26163594000,1,8.387,-12.369
26163594000,1,8.337,-12.557
26163594000,1,8.353,-13.291
26163594000,1,8.224,-13.967
26163594000,1,7.819,-14.781
26163594000,1,7.691,-15.776
26163594000,1,7.082,-15.697
26163594000,1,6.453,-15.718
26163594100,1,4.985,-14.997
26163594100,1,5.007,-14.195
26163594100,1,6.516,-14.1
26163594100,1,6.598,-15.383
26163594100,1,6.453,-15.718
26163594100,1,5.077,-15.791
26163594100,1,4.985,-14.997
26163594300,1,3.857,-16.655
26163594300,1,4.231,-16.224
26163594300,1,4.206,-15.835
26163594300,1,6.453,-15.718
26163594300,1,5.993,-16.549
26163594300,1,5.759,-16.562
26163594300,1,5.639,-16.617
26163594300,1,5.273,-16.634
26163594300,1,5.061,-16.596
26163594300,1,4.71,-16.665
26163594300,1,4.327,-16.689
26163594300,1,4.345,-17.191
26163594300,1,4.295,-17.196
26163594300,1,4.267,-16.755
26163594300,1,4.042,-16.772
26163594300,1,4.034,-16.663
26163594300,1,3.857,-16.655
26163561200,1,-24.437,15.957
26163561200,1,-21.201,16.199
26163561200,1,-20.876,11.498
26163561200,1,-24.114,11.239
26163561200,1,-24.437,15.957
26163564401,1,-23.798,6.428
26163564401,1,-23.188,6.509
26163564401,1,-20.569,6.665
26163564401,1,-20.384,3.383
26163564401,1,-21.934,3.334
26163564401,1,-23.589,3.224
26163564401,1,-23.798,6.428
26163562600,1,-18.914,10.302
26163562600,1,-18.539,10.216
26163562600,1,-17.228,10.132
26163562600,1,-16.751,8.756
26163562600,1,-18.329,9.069
26163562600,1,-18.36,9.44
26163562600,1,-18.861,9.571
26163562600,1,-18.914,10.302
26163562300,1,-20.679,8.273
26163562300,1,-20.823,10.178
26163562300,1,-18.914,10.302
26163562300,1,-18.861,9.571
26163562300,1,-18.36,9.44
26163562300,1,-18.329,9.069
26163562300,1,-18.567,9.108
26163562300,1,-18.736,9.08
26163562300,1,-20.244,8.306
26163562300,1,-20.679,8.273
26163568900,1,-12.345,5.086
26163568900,1,-12.18,5.164
26163568900,1,-11.771,5.545
26163568900,1,-11.633,5.613
26163568900,1,-11.61,4.942
26163568900,1,-11.564,4.798
26163568900,1,-10.481,4.884
26163568900,1,-10.672,4.074
26163568900,1,-12.273,3.978
26163568900,1,-12.345,5.086
26163517300,1,16.522,7.525
26163517300,1,17.335,7.979
26163517300,1,17.623,7.434
26163517300,1,17.696,7.145
26163517300,1,16.96,6.718
26163517300,1,16.522,7.525
26163518900,1,16.758,9.047
26163518900,1,17.385,9.355
26163518900,1,17.925,8.351
26163518900,1,18.107,8.45
26163518900,1,18.318,8.056
26163518900,1,18.606,8.21
26163518900,1,18.629,8.167
26163518900,1,17.912,6.771
26163518900,1,17.748,6.981
26163518900,1,17.623,7.434
26163518900,1,16.758,9.047
26163513700,1,22.963,9.496
26163513700,1,23.717,10.018
26163513700,1,24.086,10.22
26163513700,1,25.373,10.46
26163513700,1,25.576,10.575
26163513700,1,25.974,9.807
26163513700,1,25.612,9.616
26163513700,1,25.598,9.555
26163513700,1,25.483,9.48
26163513700,1,25.114,9.302
26163513700,1,25.02,9.478
26163513700,1,24.949,9.439
26163513700,1,24.786,9.745
26163513700,1,24.688,9.693
26163513700,1,24.667,9.654
26163513700,1,25.244,8.413
26163513700,1,25.155,8.388
26163513700,1,23.567,8.44
26163513700,1,22.963,9.496
26163505400,1,20.738,15.771
26163505400,1,22.214,16.551
26163505400,1,22.363,16.572
26163505400,1,21.447,14.499
26163505400,1,21.381,14.536
26163505400,1,20.738,15.771
26163511300,1,15.773,15.418
26163511300,1,17.849,15.548
26163511300,1,17.895,14.75
26163511300,1,16.198,14.639
26163511300,1,15.773,15.418
26163561600,1,-17.56,11.212
26163561600,1,-17.478,11.821
26163561600,1,-16.052,11.795
26163561600,1,-14.429,11.905
26163561600,1,-14.266,9.225
26163561600,1,-16.084,9.614
26163561600,1,-16.11,9.503
26163561600,1,-16.246,9.599
26163561600,1,-16.229,9.648
26163561600,1,-16.338,9.664
26163561600,1,-16.383,10.564
26163561600,1,-17.184,10.512
26163561600,1,-17.16,10.13
26163561600,1,-17.228,10.132
26163561600,1,-17.528,11.007
26163561600,1,-17.56,11.212
26163508100,1,11.637,18.402
26163508100,1,12.435,18.467
26163508100,1,13.089,18.459
26163508100,1,13.082,17.889
26163508100,1,13.145,16.862
26163508100,1,12.652,16.827
26163508100,1,11.637,18.402
26163514200,1,19.711,10.6
26163514200,1,20,11.243
26163514200,1,20.534,12.439
26163514200,1,21.125,11.409
26163514200,1,19.711,10.6
26163516000,1,19.644,10.451
26163516000,1,19.711,10.6
26163516000,1,20.686,11.15
26163516000,1,21.256,10.174
26163516000,1,20.13,9.537
26163516000,1,19.644,10.451
26163522500,1,15.704,7.034
26163522500,1,16.312,7.319
26163522500,1,16.522,7.525
26163522500,1,16.96,6.718
26163522500,1,16.437,6.324
26163522500,1,16.043,6.181
26163522500,1,15.704,7.034
26163530900,1,10.054,10.975
26163530900,1,10.715,11.348
26163530900,1,11.516,9.88
26163530900,1,10.853,9.514
26163530900,1,10.054,10.975
26163579900,1,-0.237,2.119
26163579900,1,-0.223,2.794
26163579900,1,0.306,3.749
26163579900,1,-0.148,4.48
26163579900,1,-0.181,4.698
26163579900,1,1.177,4.805
26163579900,1,1.603,4.932
26163579900,1,1.781,5.05
26163579900,1,2.033,5.082
26163579900,1,2.578,5.407
26163579900,1,2.848,4.975
26163579900,1,3.607,5.034
26163579900,1,3.746,2.906
26163579900,1,3.145,2.768
26163579900,1,2.984,2.98
26163579900,1,2.923,3.009
26163579900,1,2.743,2.996
26163579900,1,2.485,2.909
26163579900,1,2.429,2.916
26163579900,1,2.319,3.026
26163579900,1,2.257,2.781
26163579900,1,2.178,2.836
26163579900,1,2.137,2.767
26163579900,1,2.095,2.764
26163579900,1,2.016,2.853
26163579900,1,1.992,2.755
26163579900,1,1.882,2.697
26163579900,1,1.717,2.731
26163579900,1,1.637,2.788
26163579900,1,1.624,3.08
26163579900,1,1.49,3.169
26163579900,1,1.41,3.053
26163579900,1,1.161,2.959
26163579900,1,1.108,2.825
26163579900,1,0.894,2.861
26163579900,1,0.83,2.921
26163579900,1,0.756,2.901
26163579900,1,0.665,2.806
26163579900,1,0.649,2.673
26163579900,1,0.525,2.6
26163579900,1,0.449,2.637
26163579900,1,0.192,2.573
26163579900,1,0.116,2.513
26163579900,1,0.117,2.377
26163579900,1,0.072,2.303
26163579900,1,-0.204,2.121
26163579900,1,-0.237,2.119
26163562500,1,-17.16,10.13
26163562500,1,-17.184,10.512
26163562500,1,-16.383,10.564
26163562500,1,-16.338,9.664
26163562500,1,-16.229,9.648
26163562500,1,-16.246,9.599
26163562500,1,-16.11,9.503
26163562500,1,-16.084,9.614
26163562500,1,-15.496,9.491
26163562500,1,-15.474,9.18
26163562500,1,-15.816,9.156
26163562500,1,-15.818,9.06
26163562500,1,-16.051,9.081
26163562500,1,-16.041,8.813
26163562500,1,-16.196,8.899
26163562500,1,-16.317,8.917
26163562500,1,-16.296,8.567
26163562500,1,-16.326,8.578
26163562500,1,-16.347,9.065
26163562500,1,-16.471,9.115
26163562500,1,-16.431,8.349
26163562500,1,-16.507,8.346
26163562500,1,-16.751,8.756
26163562500,1,-17.228,10.132
26163562500,1,-17.16,10.13
26163568800,1,-11.61,4.942
26163568800,1,-11.633,5.613
26163568800,1,-11.598,5.62
26163568800,1,-10.377,5.693
26163568800,1,-10.36,5.315
26163568800,1,-10.481,4.884
26163568800,1,-11.564,4.798
26163568800,1,-11.61,4.942
26163567201,1,-7.698,7.48
26163567201,1,-6.097,7.582
26163567201,1,-6.037,6.747
26163567201,1,-7.625,6.653
26163567201,1,-7.698,7.48
26163507200,1,14.205,15.879
26163507200,1,15.388,15.939
26163507200,1,15.462,15.978
26163507200,1,15.773,15.418
26163507200,1,14.241,15.34
26163507200,1,14.205,15.879
26163981800,1,-1.475,9.579
26163981800,1,-1.49,10.364
26163981800,1,-0.323,10.446
26163981800,1,-0.3,10.047
26163981800,1,-0.725,10.018
26163981800,1,-0.72,9.949
26163981800,1,-1.188,9.919
26163981800,1,-1.179,9.589
26163981800,1,-1.475,9.579
26163593001,1,2.261,-19.375
26163593001,1,2.223,-17.742
26163593001,1,3.496,-17.496
26163593001,1,3.832,-17.473
26163593001,1,3.89,-16.898
26163593001,1,3.748,-16.477
26163593001,1,3.915,-16.019
26163593001,1,4.024,-15.846
26163593001,1,3.428,-15.88
26163593001,1,3.332,-14.281
26163593001,1,4.114,-14.245
26163593001,1,4.231,-16.224
26163593001,1,3.856,-16.675
26163593001,1,4.034,-16.663
26163593001,1,4.042,-16.772
26163593001,1,4.267,-16.755
26163593001,1,4.414,-19.052
26163593001,1,3.621,-19.102
26163593001,1,2.619,-19.354
26163593001,1,2.261,-19.375
26163593301,1,0.24,-17.892
26163593301,1,1.042,-17.844
26163593301,1,0.946,-16.238
26163593301,1,1.765,-16.196
26163593301,1,1.836,-17.795
26163593301,1,2.223,-17.742
26163593301,1,2.226,-17.907
26163593301,1,1.459,-18.45
26163593301,1,1.101,-18.825
26163593301,1,1.091,-18.65
26163593301,1,0.275,-18.679
26163593301,1,0.24,-17.892
26163982500,1,0.148,-2.27
26163982500,1,0.756,-2.121
26163982500,1,2.512,-1.984
26163982500,1,2.526,-2.231
26163982500,1,0.56,-2.96
26163982500,1,0.524,-2.393
26163982500,1,0.155,-2.415
26163982500,1,0.148,-2.27
26163982101,1,2.049,-14.39
26163982101,1,2.901,-14.303
26163982101,1,3.041,-16.5
26163982101,1,3.068,-17.092
26163982101,1,2.976,-17.398
26163982101,1,2.578,-17.69
26163982101,1,2.223,-17.742
26163982101,1,2.049,-14.39
26163982102,1,2.578,-17.69
26163982102,1,2.954,-17.425
26163982102,1,3.068,-17.092
26163982102,1,2.901,-14.303
26163982102,1,3.332,-14.281
26163982102,1,3.428,-15.88
26163982102,1,4.024,-15.846
26163982102,1,3.915,-16.019
26163982102,1,3.748,-16.477
26163982102,1,3.89,-16.898
26163982102,1,3.832,-17.473
26163982102,1,3.496,-17.496
26163982102,1,2.578,-17.69
26163595201,1,4.949,-12.581
26163595201,1,6.411,-12.49
26163595201,1,6.516,-14.1
26163595201,1,5.007,-14.195
26163595201,1,5.018,-13.303
26163595201,1,4.949,-12.581
26163982000,1,0.732,-19.481
26163982000,1,1.133,-19.459
26163982000,1,1.101,-18.825
26163982000,1,1.459,-18.45
26163982000,1,2.226,-17.907
26163982000,1,2.298,-20.959
26163982000,1,2.052,-20.987
26163982000,1,2.054,-21.75
26163982000,1,1.16,-21.792
26163982000,1,1.124,-21.053
26163982000,1,0.81,-21.071
26163982000,1,0.732,-19.481
26163594401,1,4.506,-19.046
26163594401,1,6.453,-15.718
26163594401,1,7.082,-15.697
26163594401,1,7.691,-15.776
26163594401,1,7.658,-16.24
26163594401,1,7.599,-16.178
26163594401,1,7.34,-16.236
26163594401,1,7.014,-16.208
26163594401,1,6.853,-16.709
26163594401,1,6.833,-16.949
26163594401,1,6.707,-16.924
26163594401,1,6.824,-16.387
26163594401,1,6.535,-16.309
26163594401,1,5.873,-17.357
26163594401,1,6.592,-17.327
26163594401,1,6.582,-17.36
26163594401,1,6.372,-17.752
26163594401,1,5.592,-18.979
26163594401,1,4.506,-19.046
26163589402,1,-22.591,-16.343
26163589402,1,-18.488,-16.145
26163589402,1,-17.729,-16.06
26163589402,1,-17.541,-19.277
26163589402,1,-17.362,-20.906
26163589402,1,-17.292,-22.304
26163589402,1,-17.356,-22.522
26163589402,1,-22.265,-22.811
26163589402,1,-22.591,-16.343
26163560202,1,-18.028,15.617
26163560202,1,-17.667,15.636
26163560202,1,-17.64,15.626
26163560202,1,-17.652,15.415
26163560202,1,-17.444,15.433
26163560202,1,-17.296,15.375
26163560202,1,-17.222,15.398
26163560202,1,-17.151,15.518
26163560202,1,-17.238,15.68
26163560202,1,-17.152,15.772
26163560202,1,-16.695,15.859
26163560202,1,-16.629,15.947
26163560202,1,-16.648,16.124
26163560202,1,-16.816,16.198
26163560202,1,-16.932,16.397
26163560202,1,-16.907,16.509
26163560202,1,-14.728,16.669
26163560202,1,-14.632,15.115
26163560202,1,-15.477,15.005
26163560202,1,-17.027,14.906
26163560202,1,-17.995,14.948
26163560202,1,-17.999,15.232
26163560202,1,-17.854,15.224
26163560202,1,-17.872,15.419
26163560202,1,-18.015,15.416
26163560202,1,-18.028,15.617
26163573501,1,7.65,5.252
26163573501,1,8.45,5.306
26163573501,1,8.491,4.725
26163573501,1,8.36,4.09
26163573501,1,8.82,3.301
26163573501,1,9.49,3.692
26163573501,1,9.739,3.296
26163573501,1,9.835,3.251
26163573501,1,9.932,2.994
26163573501,1,9.853,2.88
26163573501,1,9.86,2.771
26163573501,1,9.714,2.656
26163573501,1,9.912,1.926
26163573501,1,9.895,1.701
26163573501,1,9.745,1.405
26163573501,1,9.652,1.398
26163573501,1,9.635,1.332
26163573501,1,9.366,1.187
26163573501,1,9.267,1.218
26163573501,1,9.187,1.349
26163573501,1,9.154,1.512
26163573501,1,9.043,1.583
26163573501,1,9.186,1.863
26163573501,1,7.701,4.45
26163573501,1,7.65,5.252
26163558301,1,-13.501,9.539
26163558301,1,-12.698,9.591
26163558301,1,-12.752,10.376
26163558301,1,-6.315,10.777
26163558301,1,-6.318,10.814
26163558301,1,-4.716,10.927
26163558301,1,-4.602,9.315
26163558301,1,-10.826,8.905
26163558301,1,-10.866,9.693
26163558301,1,-11.5,9.644
26163558301,1,-11.898,9.715
26163558301,1,-11.841,8.841
26163558301,1,-12.315,8.82
26163558301,1,-13.47,9.061
26163558301,1,-13.501,9.539
26163588001,1,-18.345,-6.22
26163588001,1,-15.773,-6.072
26163588001,1,-15.707,-7.607
26163588001,1,-16.633,-7.695
26163588001,1,-18.23,-7.753
26163588001,1,-18.238,-7.057
26163588001,1,-18.345,-6.22
26163982400,1,0.556,-9.25
26163982400,1,0.737,-8.81
26163982400,1,1.355,-8.753
26163982400,1,1.403,-9.583
26163982400,1,0.585,-9.638
26163982400,1,0.556,-9.25
26163574301,1,4.547,5.075
26163574301,1,5.253,5.117
26163574301,1,5.355,3.702
26163574301,1,4.744,3.469
26163574301,1,4.706,3.495
26163574301,1,4.596,4.301
26163574301,1,4.547,5.075
26163581101,1,2.912,-7.862
26163581101,1,3.631,-7.813
26163581101,1,5.816,-7.7
26163581101,1,5.137,-8.537
26163581101,1,3.859,-8.605
26163581101,1,3.906,-9.407
26163581101,1,3.105,-9.454
26163581101,1,3.004,-9.46
26163581101,1,2.912,-7.862
26163589401,1,-22.778,-12.968
26163589401,1,-17.886,-12.689
26163589401,1,-17.729,-16.06
26163589401,1,-18.488,-16.145
26163589401,1,-22.591,-16.343
26163589401,1,-22.778,-12.968
26163983100,1,-23.214,-4.708
26163983100,1,-23.211,-4.406
26163983100,1,-19.857,-3.55
26163983100,1,-20.026,-2.996
26163983100,1,-18.521,-2.893
26163983100,1,-18.425,-4.594
26163983100,1,-19.913,-4.727
26163983100,1,-22.405,-4.879
26163983100,1,-22.637,-4.851
26163983100,1,-22.976,-4.725
26163983100,1,-23.214,-4.708
26163561301,1,-21.201,16.199
26163561301,1,-19.945,16.29
26163561301,1,-19.939,16.043
26163561301,1,-20.036,16.037
26163561301,1,-20.033,15.991
26163561301,1,-19.906,15.98
26163561301,1,-19.944,15.834
26163561301,1,-19.582,15.861
26163561301,1,-19.572,15.702
26163561301,1,-19.706,15.728
26163561301,1,-19.716,15.632
26163561301,1,-19.873,15.623
26163561301,1,-19.871,15.572
26163561301,1,-19.938,15.554
26163561301,1,-19.935,15.494
26163561301,1,-19.779,15.501
26163561301,1,-19.746,15.025
26163561301,1,-19.828,15.021
26163561301,1,-19.826,14.934
26163561301,1,-19.74,14.937
26163561301,1,-19.733,14.825
26163561301,1,-19.296,14.859
26163561301,1,-19.276,14.635
26163561301,1,-19.217,14.647
26163561301,1,-19.205,14.512
26163561301,1,-19.08,14.512
26163561301,1,-19.097,14.869
26163561301,1,-18.418,14.918
26163561301,1,-18.341,14.677
26163561301,1,-18.304,14.046
26163561301,1,-18.201,13.924
26163561301,1,-17.977,13.862
26163561301,1,-17.882,13.793
26163561301,1,-17.778,13.433
26163561301,1,-19.449,13.308
26163561301,1,-20.985,13.114
26163561301,1,-21.201,16.199
26163574203,1,3.746,2.906
26163574203,1,5.574,3.323
26163574203,1,6.391,1.912
26163574203,1,6.039,1.344
26163574203,1,5.923,1.355
26163574203,1,4.596,2.273
26163574203,1,4.146,2.628
26163574203,1,3.93,2.687
26163574203,1,3.792,2.654
26163574203,1,3.746,2.906
26163572100,1,-2.793,6.167
26163572100,1,-1.177,6.263
26163572100,1,-1.065,4.671
26163572100,1,-2.677,4.566
26163572100,1,-2.793,6.167
26163506800,1,14.036,18.524
26163506800,1,16.446,18.648
26163506800,1,16.508,17.873
26163506800,1,14.44,17.751
26163506800,1,14.06,18.41
26163506800,1,14.036,18.524
26163538900,1,7.672,17.345
26163538900,1,9.271,17.435
26163538900,1,9.319,16.634
26163538900,1,7.718,16.55
26163538900,1,7.672,17.345
26163513200,1,25.576,10.575
26163513200,1,26.204,10.956
26163513200,1,26.961,9.539
26163513200,1,26.913,9.511
26163513200,1,26.935,9.47
26163513200,1,26.869,9.454
26163513200,1,26.824,9.538
26163513200,1,26.463,9.345
26163513200,1,26.09,10.045
26163513200,1,25.991,9.992
26163513200,1,25.828,10.298
26163513200,1,25.746,10.254
26163513200,1,25.576,10.575
26163513300,1,24.667,9.654
26163513300,1,24.786,9.745
26163513300,1,24.949,9.439
26163513300,1,25.02,9.478
26163513300,1,25.114,9.302
26163513300,1,25.483,9.48
26163513300,1,25.598,9.555
26163513300,1,25.612,9.616
26163513300,1,25.974,9.807
26163513300,1,25.746,10.254
26163513300,1,25.828,10.298
26163513300,1,25.991,9.992
26163513300,1,26.09,10.045
26163513300,1,26.463,9.345
26163513300,1,26.824,9.538
26163513300,1,26.869,9.454
26163513300,1,26.935,9.47
26163513300,1,27.116,9.086
26163513300,1,27.52,8.446
26163513300,1,25.775,7.857
26163513300,1,25.564,7.699
26163513300,1,24.667,9.654
26163513900,1,21.693,10.462
26163513900,1,22.924,11.282
26163513900,1,23.361,10.457
26163513900,1,22.079,9.75
26163513900,1,21.693,10.462
26163982600,1,-3.823,-2.759
26163982600,1,-3.032,-2.667
26163982600,1,-3.01,-3.155
26163982600,1,-2.231,-2.635
26163982600,1,-2.228,-2.692
26163982600,1,-2.418,-2.852
26163982600,1,-3.383,-4.033
26163982600,1,-3.735,-4.299
26163982600,1,-3.823,-2.759
26163583101,1,-3.869,-1.956
26163583101,1,-0.669,-1.751
26163583101,1,-0.673,-2.253
26163583101,1,-1.191,-2.298
26163583101,1,-1.667,-2.417
26163583101,1,-2.228,-2.692
26163583101,1,-2.231,-2.635
26163583101,1,-3.01,-3.155
26163583101,1,-3.032,-2.667
26163583101,1,-3.823,-2.759
26163583101,1,-3.869,-1.956
26163588002,1,-15.773,-6.072
26163588002,1,-14.973,-6.042
26163588002,1,-14.913,-7.015
26163588002,1,-14.834,-7.133
26163588002,1,-14.541,-7.361
26163588002,1,-14.503,-7.602
26163588002,1,-15.193,-7.515
26163588002,1,-15.707,-7.607
26163588002,1,-15.773,-6.072
26163565301,1,-11.626,5.629
26163565301,1,-11.349,5.912
26163565301,1,-11.365,6.009
26163565301,1,-11.487,6.095
26163565301,1,-11.541,6.193
26163565301,1,-11.544,6.28
26163565301,1,-11.468,6.426
26163565301,1,-11.539,6.558
26163565301,1,-11.524,6.633
26163565301,1,-11.456,6.703
26163565301,1,-11.335,6.748
26163565301,1,-11.117,6.731
26163565301,1,-10.963,6.785
26163565301,1,-10.916,6.83
26163565301,1,-10.93,6.888
26163565301,1,-11.06,6.929
26163565301,1,-11.078,6.985
26163565301,1,-10.984,7.133
26163565301,1,-10.766,7.153
26163565301,1,-10.642,7.095
26163565301,1,-10.513,7.122
26163565301,1,-10.377,5.693
26163565301,1,-11.626,5.629
26163505700,1,19.051,15.628
26163505700,1,19.872,15.677
26163505700,1,20.435,14.907
26163505700,1,21.498,13.853
26163505700,1,21.951,13.265
26163505700,1,22.098,13.196
26163505700,1,21.826,12.907
26163505700,1,21.611,12.761
26163505700,1,21.377,12.686
26163505700,1,20.949,12.662
26163505700,1,20.595,12.575
26163505700,1,19.473,11.951
26163505700,1,19.273,12.312
26163505700,1,19.051,15.628
26163544800,1,-0.455,12.824
26163544800,1,1.288,12.921
26163544800,1,1.338,12.122
26163544800,1,0.799,12.088
26163544800,1,0.847,11.239
26163544800,1,-0.365,11.219
26163544800,1,-0.455,12.824
26163985800,1,-0.63,8.819
26163985800,1,-0.241,8.845
26163985800,1,-0.323,10.446
26163985800,1,0.886,10.504
26163985800,1,0.977,8.904
26163985800,1,0.869,8.899
26163985800,1,0.972,7.3
26163985800,1,1.128,7.31
26163985800,1,1.339,6.521
26163985800,1,0.427,6.368
26163985800,1,0.351,7.01
26163985800,1,-0.375,7.796
26163985800,1,-0.539,7.801
26163985800,1,-0.585,8.02
26163985800,1,-0.63,8.819
26163547100,1,1.683,10.695
26163547100,1,1.917,10.522
26163547100,1,2.135,10.453
26163547100,1,2.562,10.457
26163547100,1,3.312,10.564
26163547100,1,3.392,9.062
26163547100,1,1.791,8.947
26163547100,1,1.683,10.695
26163546201,1,-0.618,8.018
26163546201,1,-0.564,8.022
26163546201,1,-0.539,7.801
26163546201,1,-0.375,7.796
26163546201,1,0.354,7.005
26163546201,1,0.427,6.368
26163546201,1,-0.43,6.317
26163546201,1,-0.618,8.018
26163543300,1,1.646,11.337
26163543300,1,2.138,11.368
26163543300,1,2.092,12.169
26163543300,1,3.176,12.237
26163543300,1,3.312,10.564
26163543300,1,2.433,10.448
26163543300,1,1.976,10.493
26163543300,1,1.683,10.695
26163543300,1,1.646,11.337
26163547000,1,0.886,10.504
26163547000,1,1.499,10.53
26163547000,1,1.697,10.501
26163547000,1,1.791,8.947
26163547000,1,0.977,8.904
26163547000,1,0.886,10.504
26163547200,1,3.456,7.437
26163547200,1,3.392,9.062
26163547200,1,4.979,9.127
26163547200,1,5.088,7.522
26163547200,1,3.456,7.437
26163535800,1,4.979,9.127
26163535800,1,6.196,9.204
26163535800,1,6.295,7.595
26163535800,1,5.088,7.522
26163535800,1,4.979,9.127
26163983600,1,8.359,4.099
26163983600,1,8.491,4.725
26163983600,1,8.475,5.009
26163983600,1,8.747,5.112
26163983600,1,9.287,4.191
26163983600,1,10.209,4.407
26163983600,1,10.567,4.54
26163983600,1,10.899,3.971
26163983600,1,10.79,3.991
26163983600,1,10.364,3.896
26163983600,1,10.222,3.799
26163983600,1,10.063,3.581
26163983600,1,9.735,4.126
26163983600,1,9.553,4.092
26163983600,1,9.723,3.714
26163983600,1,9.602,3.653
26163983600,1,9.831,3.237
26163983600,1,9.739,3.296
26163983600,1,9.503,3.691
26163983600,1,8.82,3.301
26163983600,1,8.359,4.099
26163509000,1,11.497,16.767
26163509000,1,13.167,16.864
26163509000,1,13.269,16.119
26163509000,1,13.79,15.302
26163509000,1,12.349,15.198
26163509000,1,11.497,16.767
26163505800,1,17.468,12.314
26163505800,1,17.637,12.323
26163505800,1,17.595,13.123
26163505800,1,17.631,13.125
26163505800,1,17.883,13.618
26163505800,1,17.955,13.604
26163505800,1,17.915,13.954
26163505800,1,17.741,14.113
26163505800,1,17.913,14.453
26163505800,1,17.849,15.548
26163505800,1,19.051,15.628
26163505800,1,19.273,12.312
26163505800,1,19.473,11.951
26163505800,1,18.753,11.677
26163505800,1,18.626,11.545
26163505800,1,18.373,11.134
26163505800,1,18.292,11.215
26163505800,1,17.911,11.863
26163505800,1,17.468,12.314
26163561302,1,-20.985,13.114
26163561302,1,-19.449,13.308
26163561302,1,-17.778,13.433
26163561302,1,-17.582,12.861
26163561302,1,-17.685,12.403
26163561302,1,-17.607,12.246
26163561302,1,-17.511,12.217
26163561302,1,-17.453,12.002
26163561302,1,-17.478,11.821
26163561302,1,-19.34,11.695
26163561302,1,-20.876,11.498
26163561302,1,-20.985,13.114
26163564800,1,-18.587,-1.895
26163564800,1,-18.46,-1.512
26163564800,1,-18.585,0.33
26163564800,1,-15.075,0.542
26163564800,1,-15.071,-0.139
26163564800,1,-14.852,-0.987
26163564800,1,-15.805,-1.309
26163564800,1,-17.599,-1.639
26163564800,1,-18.581,-2.028
26163564800,1,-18.587,-1.895
26163564900,1,-18.581,-2.028
26163564900,1,-17.599,-1.639
26163564900,1,-15.805,-1.309
26163564900,1,-14.852,-0.987
26163564900,1,-14.738,-2.665
26163564900,1,-16.895,-2.826
26163564900,1,-16.896,-2.78
26163564900,1,-17.054,-2.828
26163564900,1,-18.521,-2.893
26163564900,1,-18.581,-2.028
26163565100,1,-13.991,4.733
26163565100,1,-13.721,4.78
26163565100,1,-13.446,4.929
26163565100,1,-12.719,4.948
26163565100,1,-12.345,5.086
26163565100,1,-12.179,2.376
26163565100,1,-13.841,2.258
26163565100,1,-13.991,4.733
26163565200,1,-14.134,7.08
26163565200,1,-12.512,7.182
26163565200,1,-12.345,5.086
26163565200,1,-12.719,4.948
26163565200,1,-13.446,4.929
26163565200,1,-13.721,4.78
26163565200,1,-13.991,4.733
26163565200,1,-14.134,7.08
26163565600,1,-13.841,2.258
26163565600,1,-12.179,2.376
26163565600,1,-12.124,1.45
26163565600,1,-12.297,1.438
26163565600,1,-12.329,1.552
26163565600,1,-12.615,1.535
26163565600,1,-12.611,1.385
26163565600,1,-13.166,1.351
26163565600,1,-13.345,1.291
26163565600,1,-13.782,1.284
26163565600,1,-13.841,2.258
26163565700,1,-13.782,1.284
26163565700,1,-13.345,1.291
26163565700,1,-13.166,1.351
26163565700,1,-12.611,1.385
26163565700,1,-12.615,1.535
26163565700,1,-12.329,1.552
26163565700,1,-12.297,1.438
26163565700,1,-12.124,1.45
26163565700,1,-12.032,-0.032
26163565700,1,-13.698,-0.128
26163565700,1,-13.782,1.284
26163565900,1,-9.686,2.509
26163565900,1,-8.579,2.579
26163565900,1,-8.486,0.984
26163565900,1,-9.087,0.949
26163565900,1,-9.143,1.741
26163565900,1,-9.387,1.729
26163565900,1,-9.426,2.419
26163565900,1,-9.681,2.414
26163565900,1,-9.686,2.509
26163566400,1,-9.883,-0.202
26163566400,1,-9.61,-0.187
26163566400,1,-9.631,0.112
26163566400,1,-7.748,0.204
26163566400,1,-7.235,0.265
26163566400,1,-7.195,-0.268
26163566400,1,-9.615,-0.898
26163566400,1,-9.642,-0.727
26163566400,1,-9.581,-0.673
26163566400,1,-9.588,-0.571
26163566400,1,-9.865,-0.521
26163566400,1,-9.883,-0.202
26163566500,1,-11.228,0.018
26163566500,1,-9.631,0.112
26163566500,1,-9.61,-0.187
26163566500,1,-9.883,-0.202
26163566500,1,-9.865,-0.521
26163566500,1,-9.588,-0.571
26163566500,1,-9.581,-0.673
26163566500,1,-9.642,-0.727
26163566500,1,-9.615,-0.898
26163566500,1,-11.153,-1.295
26163566500,1,-11.228,0.018
26163566600,1,-13.698,-0.128
26163566600,1,-11.228,0.018
26163566600,1,-11.188,-0.722
26163566600,1,-12.614,-1.12
26163566600,1,-13.643,-1.044
26163566600,1,-13.698,-0.128
26163576100,1,3.124,-1.833
26163576100,1,3.636,-1.713
26163576100,1,4.097,-1.493
26163576100,1,4.486,-1.177
26163576100,1,4.757,-0.777
26163576100,1,5.027,-0.876
26163576100,1,4.988,-0.949
26163576100,1,5.314,-1.068
26163576100,1,5.785,-1.326
26163576100,1,5.864,-1.413
26163576100,1,6.368,-1.351
26163576100,1,5.421,-3.006
26163576100,1,3.562,-2.308
26163576100,1,3.208,-1.962
26163576100,1,3.124,-1.833
26163576200,1,2.479,-1.565
26163576200,1,3.015,-1.516
26163576200,1,3.138,-1.444
26163576200,1,3.317,-1.243
26163576200,1,3.118,-1.589
26163576200,1,3.104,-1.739
26163576200,1,3.141,-1.874
26163576200,1,3.544,-2.296
26163576200,1,4.093,-2.505
26163576200,1,3.825,-2.978
26163576200,1,2.586,-3.06
26163576200,1,2.479,-1.565
26163576300,1,2.586,-3.06
26163576300,1,3.825,-2.978
26163576300,1,2.882,-4.629
26163576300,1,2.697,-4.651
26163576300,1,2.586,-3.06
26163576400,1,2.882,-4.629
26163576400,1,4.093,-2.505
26163576400,1,4.612,-2.707
26163576400,1,4.078,-4.101
26163576400,1,4.112,-4.54
26163576400,1,2.882,-4.629
26163578500,1,5.601,0.089
26163578500,1,6.311,1.342
26163578500,1,6.628,1.282
26163578500,1,6.741,1.299
26163578500,1,6.921,1.412
26163578500,1,7.132,1.656
26163578500,1,7.229,1.601
26163578500,1,7.38,1.425
26163578500,1,7.418,1.314
26163578500,1,7.394,1.168
26163578500,1,7.572,1.019
26163578500,1,7.523,0.999
26163578500,1,7.51,0.813
26163578500,1,7.598,0.782
26163578500,1,7.75,0.799
26163578500,1,7.995,0.494
26163578500,1,8.071,0.331
26163578500,1,6.352,-0.26
26163578500,1,6.142,-0.222
26163578500,1,5.601,0.089
26163578600,1,4.988,-0.949
26163578600,1,5.601,0.089
26163578600,1,6.142,-0.222
26163578600,1,6.352,-0.26
26163578600,1,8.071,0.331
26163578600,1,8.212,-0.001
26163578600,1,8.518,-0.367
26163578600,1,8.267,-0.875
26163578600,1,7.61,-1.983
26163578600,1,7.134,-1.83
26163578600,1,6.49,-1.284
26163578600,1,6.416,-1.265
26163578600,1,6.368,-1.351
26163578600,1,5.864,-1.413
26163578600,1,5.785,-1.326
26163578600,1,5.314,-1.068
26163578600,1,4.988,-0.949
26163524500,1,7.75,0.799
26163524500,1,7.896,0.858
26163524500,1,8.18,1.06
26163524500,1,8.461,1.095
26163524500,1,8.503,1.183
26163524500,1,8.464,1.377
26163524500,1,8.532,1.448
26163524500,1,9.063,1.58
26163524500,1,9.154,1.512
26163524500,1,9.2,1.319
26163524500,1,9.311,1.189
26163524500,1,9.597,1.307
26163524500,1,10.171,0.367
26163524500,1,10.24,0.182
26163524500,1,9.989,-0.248
26163524500,1,9.343,0.121
26163524500,1,9.023,-0.343
26163524500,1,8.685,-0.551
26163524500,1,8.212,-0.001
26163524500,1,8,0.486
26163524500,1,7.75,0.799
26163583200,1,-3.735,-4.299
26163583200,1,-3.402,-4.053
26163583200,1,-2.418,-2.852
26163583200,1,-2.228,-2.692
26163583200,1,-1.818,-2.476
26163583200,1,-1.479,-2.36
26163583200,1,-0.673,-2.253
26163583200,1,-0.602,-3.388
26163583200,1,-3.718,-4.543
26163583200,1,-3.735,-4.299
26163583400,1,1.009,-2.791
26163583400,1,2.526,-2.231
26163583400,1,2.641,-3.857
26163583400,1,1.062,-3.946
26163583400,1,1.009,-2.791
26163583500,1,1.062,-3.946
26163583500,1,2.641,-3.857
26163583500,1,2.697,-4.651
26163583500,1,1.106,-4.746
26163583500,1,1.062,-3.946
26163583600,1,-0.563,-4.07
26163583600,1,1.062,-3.946
26163583600,1,1.106,-4.746
26163583600,1,-0.514,-4.876
26163583600,1,-0.563,-4.07
26163583700,1,-3.718,-4.543
26163583700,1,-3.549,-4.477
26163583700,1,-0.602,-3.388
26163583700,1,-0.514,-4.876
26163583700,1,-2.123,-4.991
26163583700,1,-3.688,-5.165
26163583700,1,-3.718,-4.543
26163583800,1,-3.688,-5.165
26163583800,1,-2.123,-4.991
26163583800,1,-0.514,-4.876
26163583800,1,-0.416,-6.484
26163583800,1,-2.063,-6.596
26163583800,1,-3.594,-6.762
26163583800,1,-3.688,-5.165
26163583900,1,-0.514,-4.876
26163583900,1,0.695,-4.784
26163583900,1,0.792,-6.396
26163583900,1,-0.416,-6.484
26163583900,1,-0.514,-4.876
26163584000,1,0.695,-4.784
26163584000,1,2.697,-4.651
26163584000,1,2.805,-6.258
26163584000,1,0.792,-6.396
26163584000,1,0.695,-4.784
26163584200,1,-0.416,-6.484
26163584200,1,0.792,-6.396
26163584200,1,0.874,-8.006
26163584200,1,-0.326,-8.091
26163584200,1,-0.416,-6.484
26163584300,1,-3.594,-6.762
26163584300,1,-2.063,-6.596
26163584300,1,-0.416,-6.484
26163584300,1,-0.326,-8.091
26163584300,1,-2.095,-8.212
26163584300,1,-3.499,-8.366
26163584300,1,-3.594,-6.762
26163584400,1,-3.499,-8.366
26163584400,1,-2.095,-8.212
26163584400,1,-0.326,-8.091
26163584400,1,-0.213,-9.688
26163584400,1,-2.54,-9.85
26163584400,1,-3.408,-9.969
26163584400,1,-3.499,-8.366
26163538400,1,9.319,16.634
26163538400,1,10.13,16.677
26163538400,1,10.248,15.075
26163538400,1,9.428,15.031
26163538400,1,9.319,16.634
26163538500,1,7.767,15.755
26163538500,1,9.374,15.835
26163538500,1,9.428,15.031
26163538500,1,7.827,14.952
26163538500,1,7.767,15.755
26163538600,1,7.718,16.55
26163538600,1,9.319,16.634
26163538600,1,9.374,15.835
26163538600,1,7.767,15.755
26163538600,1,7.718,16.55
26163538700,1,6.92,16.513
26163538700,1,7.718,16.55
26163538700,1,7.827,14.952
26163538700,1,7.021,14.894
26163538700,1,6.92,16.513
26163539000,1,7.62,18.152
26163539000,1,9.217,18.255
26163539000,1,9.271,17.435
26163539000,1,7.672,17.345
26163539000,1,7.62,18.152
26163539100,1,6.819,18.098
26163539100,1,7.62,18.152
26163539100,1,7.67,17.383
26163539100,1,7.304,17.378
26163539100,1,7.136,17.323
26163539100,1,6.869,17.309
26163539100,1,6.819,18.098
26163539200,1,4.185,17.921
26163539200,1,6.819,18.098
26163539200,1,6.869,17.309
26163539200,1,4.949,17.177
26163539200,1,4.185,17.921
26163539400,1,5.585,16.421
26163539400,1,6.92,16.513
26163539400,1,7.021,14.894
26163539400,1,6.847,14.887
26163539400,1,6.259,15.668
26163539400,1,5.585,16.421
26163539500,1,4.574,15.534
26163539500,1,6.259,15.668
26163539500,1,6.847,14.887
26163539500,1,5.424,14.819
26163539500,1,4.623,14.739
26163539500,1,4.574,15.534
26163539600,1,4.524,16.34
26163539600,1,5.568,16.419
26163539600,1,6.259,15.668
26163539600,1,4.574,15.534
26163539600,1,4.524,16.34
26163539700,1,4.438,17.662
26163539700,1,4.941,17.186
26163539700,1,5.568,16.419
26163539700,1,4.524,16.34
26163539700,1,4.438,17.662
26163540100,1,2.882,17.042
26163540100,1,2.848,17.832
26163540100,1,4.182,17.921
26163540100,1,4.436,17.682
26163540100,1,4.472,17.139
26163540100,1,2.882,17.042
26163566700,1,-13.643,-1.044
26163566700,1,-12.614,-1.12
26163566700,1,-11.188,-0.722
26163566700,1,-11.153,-1.295
26163566700,1,-9.615,-0.898
26163566700,1,-9.575,-1.494
26163566700,1,-9.53,-1.492
26163566700,1,-9.491,-2.179
26163566700,1,-9.893,-2.21
26163566700,1,-9.888,-2.314
26163566700,1,-13.554,-2.524
26163566700,1,-13.643,-1.044
26163567000,1,-7.195,-0.268
26163567000,1,-6.404,-0.063
26163567000,1,-6.331,-1.279
26163567000,1,-3.921,-1.149
26163567000,1,-3.869,-1.956
26163567000,1,-7.089,-2.144
26163567000,1,-7.195,-0.268
26163567100,1,-6.097,7.582
26163567100,1,-4.495,7.684
26163567100,1,-4.39,6.072
26163567100,1,-5.984,5.948
26163567100,1,-6.097,7.582
26163567300,1,-9.344,6.916
26163567300,1,-9.362,7.377
26163567300,1,-7.698,7.48
26163567300,1,-7.629,6.671
26163567300,1,-7.45,6.113
26163567300,1,-7.567,5.789
26163567300,1,-7.734,5.851
26163567300,1,-8.776,5.788
26163567300,1,-8.821,6.439
26163567300,1,-9.02,6.506
26163567300,1,-9.272,6.774
26163567300,1,-9.344,6.916
26163567400,1,-10.529,7.304
26163567400,1,-9.362,7.377
26163567400,1,-9.369,7.081
26163567400,1,-9.314,6.84
26163567400,1,-9.041,6.522
26163567400,1,-8.821,6.439
26163567400,1,-8.776,5.788
26163567400,1,-10.377,5.693
26163567400,1,-10.529,7.304
26163567800,1,-10.671,4.099
26163567800,1,-10.613,4.431
26163567800,1,-10.363,5.295
26163567800,1,-10.377,5.693
26163567800,1,-8.776,5.788
26163567800,1,-8.671,4.19
26163567800,1,-10.671,4.099
26163567900,1,-10.581,2.468
26163567900,1,-10.672,4.074
26163567900,1,-9.472,4.143
26163567900,1,-9.468,4.062
26163567900,1,-9.52,4.059
26163567900,1,-9.518,4.021
26163567900,1,-9.864,3.969
26163567900,1,-9.849,3.717
26163567900,1,-9.777,3.719
26163567900,1,-9.765,3.404
26163567900,1,-9.483,3.423
26163567900,1,-9.475,3.341
26163567900,1,-9.431,3.342
26163567900,1,-9.38,2.528
26163567900,1,-10.581,2.468
26163568000,1,-12.273,3.978
26163568000,1,-10.672,4.074
26163568000,1,-10.581,2.468
26163568000,1,-12.179,2.376
26163568000,1,-12.273,3.978
26163568300,1,-12.081,0.764
26163568300,1,-9.685,0.917
26163568300,1,-9.631,0.112
26163568300,1,-12.032,-0.032
26163568300,1,-12.081,0.764
26163576500,1,4.078,-4.101
26163576500,1,4.596,-2.715
26163576500,1,5.421,-3.006
26163576500,1,4.977,-4.144
26163576500,1,4.884,-4.196
26163576500,1,4.817,-4.37
26163576500,1,4.827,-4.474
26163576500,1,4.112,-4.54
26163576500,1,4.078,-4.101
26163576600,1,3.824,-4.562
26163576600,1,4.827,-4.474
26163576600,1,4.817,-4.37
26163576600,1,4.884,-4.196
26163576600,1,5.02,-4.146
26163576600,1,5.081,-5.632
26163576600,1,5.173,-5.628
26163576600,1,5.243,-6.643
26163576600,1,5.052,-6.707
26163576600,1,4.889,-6.708
26163576600,1,4.706,-6.24
26163576600,1,4.582,-6.148
26163576600,1,3.935,-6.187
26163576600,1,3.824,-4.562
26163576700,1,2.697,-4.651
26163576700,1,3.824,-4.562
26163576700,1,3.935,-6.187
26163576700,1,2.805,-6.258
26163576700,1,2.697,-4.651
26163577000,1,7.055,-3.608
26163577000,1,7.837,-2.231
26163577000,1,7.915,-2.517
26163577000,1,8.202,-2.778
26163577000,1,8.376,-3.026
26163577000,1,8.331,-3.106
26163577000,1,8.575,-3.252
26163577000,1,8.675,-3.46
26163577000,1,8.566,-3.8
26163577000,1,8.54,-4.125
26163577000,1,7.055,-3.608
26163577100,1,6.392,-3.37
26163577100,1,7.083,-2.215
26163577100,1,7.497,-1.958
26163577100,1,7.741,-2.036
26163577100,1,7.837,-2.231
26163577100,1,7.055,-3.608
26163577100,1,6.392,-3.37
26163577200,1,5.421,-3.006
26163577200,1,6.416,-1.265
26163577200,1,6.515,-1.298
26163577200,1,6.828,-1.541
26163577200,1,7.134,-1.83
26163577200,1,7.497,-1.958
26163577200,1,7.174,-2.143
26163577200,1,7.019,-2.289
26163577200,1,6.392,-3.37
26163577200,1,5.421,-3.006
26163577300,1,4.966,-4.166
26163577300,1,5.421,-3.006
26163577300,1,6.392,-3.37
26163577300,1,6.181,-3.67
26163577300,1,5.886,-3.99
26163577300,1,5.592,-4.455
26163577300,1,5.051,-5.129
26163577300,1,5.02,-4.146
26163577300,1,4.966,-4.166
26163584600,1,-0.213,-9.688
26163584600,1,3.004,-9.46
26163584600,1,3.106,-11.055
26163584600,1,-0.12,-11.251
26163584600,1,-0.155,-10.462
26163584600,1,-0.113,-10.169
26163584600,1,-0.213,-9.688
26163585500,1,-7.089,-2.144
26163585500,1,-3.869,-1.956
26163585500,1,-3.718,-4.543
26163585500,1,-6.383,-5.522
26163585500,1,-6.573,-5.022
26163585500,1,-6.907,-4.783
26163585500,1,-6.987,-4.634
26163585500,1,-7.089,-2.144
26163585600,1,-10.513,-3.574
26163585600,1,-10.458,-2.347
26163585600,1,-7.089,-2.144
26163585600,1,-7.012,-3.764
26163585600,1,-10.277,-3.963
26163585600,1,-10.513,-3.574
26163585700,1,-10.277,-3.963
26163585700,1,-7.012,-3.764
26163585700,1,-6.971,-4.685
26163585700,1,-6.897,-4.791
26163585700,1,-6.573,-5.022
26163585700,1,-6.383,-5.522
26163585700,1,-10.028,-6.861
26163585700,1,-10.197,-4.082
26163585700,1,-10.277,-3.963
26163585900,1,-13.316,-5.874
26163585900,1,-12.528,-6.013
26163585900,1,-12.545,-5.65
26163585900,1,-10.108,-5.555
26163585900,1,-9.984,-7.556
26163585900,1,-9.859,-7.77
26163585900,1,-9.616,-8.045
26163585900,1,-9.991,-8.797
26163585900,1,-10.097,-8.766
26163585900,1,-10.6,-8.779
26163585900,1,-10.908,-8.605
26163585900,1,-11.606,-8.434
26163585900,1,-11.878,-8.27
26163585900,1,-12.014,-8.122
26163585900,1,-12.121,-7.927
26163585900,1,-12.301,-7.189
26163585900,1,-12.468,-6.891
26163585900,1,-12.791,-6.66
26163585900,1,-13.278,-6.56
26163585900,1,-13.316,-5.874
26163985400,1,-10.6,-8.779
26163985400,1,-10.097,-8.766
26163985400,1,-9.991,-8.797
26163985400,1,-9.616,-8.045
26163985400,1,-9.976,-7.586
26163985400,1,-10.028,-6.861
26163985400,1,-5.323,-5.133
26163985400,1,-5.005,-10.07
26163985400,1,-6.263,-10.156
26163985400,1,-7.003,-10.529
26163985400,1,-7.417,-10.625
26163985400,1,-7.767,-10.607
26163985400,1,-9.078,-10.303
26163985400,1,-10.201,-10.382
26163985400,1,-10.284,-9.283
26163985400,1,-10.385,-9.034
26163985400,1,-10.6,-8.779
26163540300,1,2.934,16.242
26163540300,1,4.524,16.34
26163540300,1,4.574,15.534
26163540300,1,2.983,15.44
26163540300,1,2.934,16.242
26163540400,1,2.983,15.44
26163540400,1,4.574,15.534
26163540400,1,4.623,14.739
26163540400,1,3.03,14.638
26163540400,1,2.983,15.44
26163540500,1,2.067,16.192
26163540500,1,2.934,16.242
26163540500,1,3.03,14.638
26163540500,1,2.167,14.587
26163540500,1,2.067,16.192
26163540600,1,1.321,16.139
26163540600,1,2.067,16.192
26163540600,1,2.167,14.587
26163540600,1,1.428,14.544
26163540600,1,1.321,16.139
26163540700,1,1.273,16.937
26163540700,1,2.882,17.042
26163540700,1,2.934,16.242
26163540700,1,1.321,16.139
26163540700,1,1.273,16.937
26163540800,1,1.223,17.73
26163540800,1,2.848,17.832
26163540800,1,2.882,17.042
26163540800,1,1.273,16.937
26163540800,1,1.223,17.73
26163540900,1,-0.374,17.62
26163540900,1,1.223,17.73
26163540900,1,1.273,16.937
26163540900,1,-0.324,16.839
26163540900,1,-0.374,17.62
26163541200,1,-0.274,16.036
26163541200,1,0.421,16.08
26163541200,1,0.546,14.482
26163541200,1,-0.155,14.442
26163541200,1,-0.274,16.036
26163541400,1,-1.858,15.965
26163541400,1,-0.274,16.036
26163541400,1,-0.155,14.442
26163541400,1,-1.757,14.367
26163541400,1,-1.858,15.965
26163541700,1,-2.012,17.2
26163541700,1,-1.966,17.509
26163541700,1,-1.165,17.567
26163541700,1,-1.061,16.016
26163541700,1,-1.858,15.965
26163541700,1,-1.895,16.511
26163541700,1,-2.012,17.2
26163541800,1,-2.75,17.463
26163541800,1,-1.966,17.509
26163541800,1,-2.012,17.161
26163541800,1,-1.895,16.511
26163541800,1,-1.858,15.965
26163541800,1,-2.661,15.896
26163541800,1,-2.75,17.463
26163542100,1,3.071,13.837
26163542100,1,3.03,14.638
26163542100,1,4.623,14.739
26163542100,1,4.675,13.937
26163542100,1,3.071,13.837
26163542200,1,3.057,13.836
26163542200,1,4.675,13.937
26163542200,1,4.728,13.135
26163542200,1,3.11,13.037
26163542200,1,3.057,13.836
26163542300,1,3.11,13.037
26163542300,1,4.728,13.135
26163542300,1,4.788,12.153
26163542300,1,3.112,12.995
26163542300,1,3.11,13.037
26163568400,1,-10.581,2.468
26163568400,1,-9.686,2.509
26163568400,1,-9.681,2.414
26163568400,1,-9.43,2.425
26163568400,1,-9.387,1.729
26163568400,1,-9.143,1.741
26163568400,1,-9.087,0.949
26163568400,1,-10.487,0.869
26163568400,1,-10.581,2.468
26163569200,1,-5.933,5.176
26163569200,1,-4.332,5.257
26163569200,1,-4.282,4.47
26163569200,1,-5.88,4.354
26163569200,1,-5.933,5.176
26163569300,1,-7.53,5.053
26163569300,1,-7.296,5.073
26163569300,1,-7.317,5.334
26163569300,1,-7.183,5.343
26163569300,1,-7.197,5.541
26163569300,1,-6.901,5.576
26163569300,1,-6.455,5.909
26163569300,1,-5.984,5.948
26163569300,1,-5.88,4.354
26163569300,1,-7.481,4.25
26163569300,1,-7.53,5.053
26163569400,1,-8.776,5.788
26163569400,1,-7.734,5.851
26163569400,1,-7.567,5.789
26163569400,1,-7.481,4.25
26163569400,1,-8.671,4.19
26163569400,1,-8.776,5.788
26163569600,1,-9.431,3.342
26163569600,1,-7.419,3.463
26163569600,1,-7.36,2.664
26163569600,1,-9.38,2.528
26163569600,1,-9.431,3.342
26163577400,1,5.263,-4.836
26163577400,1,5.554,-4.507
26163577400,1,5.858,-4.028
26163577400,1,6.181,-3.67
26163577400,1,6.392,-3.37
26163577400,1,7.055,-3.608
26163577400,1,6.812,-4.269
26163577400,1,6.843,-4.766
26163577400,1,5.348,-4.867
26163577400,1,5.263,-4.836
26163577500,1,6.811,-4.274
26163577500,1,7.055,-3.608
26163577500,1,7.886,-3.895
26163577500,1,7.583,-4.725
26163577500,1,7.502,-4.698
26163577500,1,7.703,-5.186
26163577500,1,6.861,-5.103
26163577500,1,6.811,-4.274
26163577600,1,7.502,-4.698
26163577600,1,7.583,-4.725
26163577600,1,7.886,-3.895
26163577600,1,8.54,-4.125
26163577600,1,8.581,-4.366
26163577600,1,8.497,-4.619
26163577600,1,8.433,-5.068
26163577600,1,8.723,-5.269
26163577600,1,8.898,-5.311
26163577600,1,8.476,-5.327
26163577600,1,8.309,-5.503
26163577600,1,8.286,-5.679
26163577600,1,8.187,-5.781
26163577600,1,8.16,-5.885
26163577600,1,7.994,-5.893
26163577600,1,7.502,-4.698
26163577700,1,6.822,-5.977
26163577700,1,6.861,-5.103
26163577700,1,7.703,-5.186
26163577700,1,7.994,-5.893
26163577700,1,6.822,-5.977
26163578000,1,6.812,-6.622
26163578000,1,6.822,-5.977
26163578000,1,8.16,-5.885
26163578000,1,8.172,-6.065
26163578000,1,8.134,-6.189
26163578000,1,7.886,-6.531
26163578000,1,7.542,-6.682
26163578000,1,7.387,-6.817
26163578000,1,7.186,-6.802
26163578000,1,6.812,-6.622
26163985600,1,10.81,-2.032
26163985600,1,11.4,-1.072
26163985600,1,11.212,-0.951
26163985600,1,11.133,-0.746
26163985600,1,11.184,-0.657
26163985600,1,11.066,-0.585
26163985600,1,11.111,-0.506
26163985600,1,10.955,-0.452
26163985600,1,10.794,-0.336
26163985600,1,10.938,-0.068
26163985600,1,11.505,-0.2
26163985600,1,11.763,-0.224
26163985600,1,11.844,-0.185
26163985600,1,11.839,0.004
26163985600,1,11.729,0.236
26163985600,1,11.656,0.586
26163985600,1,11.64,0.707
26163985600,1,11.686,0.876
26163985600,1,11.843,0.988
26163985600,1,12.063,1.013
26163985600,1,12.587,0.907
26163985600,1,13.29,0.669
26163985600,1,12.659,-1.217
26163985600,1,12.396,-2.263
26163985600,1,12.225,-2.674
26163985600,1,11.904,-2.419
26163985600,1,11.08,-1.932
26163985600,1,11.006,-2.06
26163985600,1,10.81,-2.032
26163579200,1,9.925,-2.127
26163579200,1,10.172,-1.242
26163579200,1,10.159,-0.799
26163579200,1,10.512,-0.908
26163579200,1,10.505,-0.945
26163579200,1,11.224,-1.352
26163579200,1,10.635,-2.333
26163579200,1,10.537,-2.277
26163579200,1,9.925,-2.127
26163579300,1,9.002,-1.955
26163579300,1,10.21,0.129
26163579300,1,10.308,0.088
26163579300,1,10.358,0.112
26163579300,1,10.15,-0.848
26163579300,1,10.192,-1.083
26163579300,1,10.172,-1.242
26163579300,1,9.837,-2.489
26163579300,1,9.002,-1.955
26163542400,1,3.962,12.567
26163542400,1,4.788,12.153
26163542400,1,4.825,11.531
26163542400,1,4.028,11.484
26163542400,1,3.962,12.567
26163542500,1,3.112,12.995
26163542500,1,3.962,12.567
26163542500,1,4.028,11.484
26163542500,1,3.232,11.44
26163542500,1,3.112,12.995
26163542600,1,3.232,11.44
26163542600,1,4.825,11.531
26163542600,1,4.865,10.664
26163542600,1,3.312,10.564
26163542600,1,3.232,11.44
26163542900,1,1.898,13.532
26163542900,1,1.922,13.59
26163542900,1,3.034,13.032
26163542900,1,3.11,13.037
26163542900,1,3.161,12.236
26163542900,1,1.995,12.163
26163542900,1,1.898,13.532
26163543000,1,1.476,13.963
26163543000,1,3.056,14.036
26163543000,1,3.11,13.037
26163543000,1,3.034,13.032
26163543000,1,1.487,13.808
26163543000,1,1.476,13.963
26163543100,1,1.428,14.544
26163543100,1,3.03,14.638
26163543100,1,3.056,14.036
26163543100,1,1.487,13.958
26163543100,1,1.428,14.544
26163543200,1,-0.155,14.442
26163543200,1,1.428,14.544
26163543200,1,1.487,13.808
26163543200,1,1.591,13.756
26163543200,1,-0.099,13.636
26163543200,1,-0.155,14.442
26163543400,1,1.065,13.71
26163543400,1,1.591,13.756
26163543400,1,1.922,13.59
26163543400,1,1.904,13.361
26163543400,1,1.98,12.411
26163543400,1,1.579,12.395
26163543400,1,1.596,12.138
26163543400,1,1.338,12.122
26163543400,1,1.288,12.921
26163543400,1,1.114,12.912
26163543400,1,1.065,13.71
26163543500,1,-0.099,13.636
26163543500,1,1.065,13.71
26163543500,1,1.114,12.912
26163543500,1,-0.049,12.841
26163543500,1,-0.099,13.636
26163543700,1,0.799,12.088
26163543700,1,1.596,12.138
26163543700,1,1.579,12.395
26163543700,1,1.98,12.411
26163543700,1,1.995,12.163
26163543700,1,2.092,12.169
26163543700,1,2.138,11.368
26163543700,1,1.646,11.337
26163543700,1,1.683,10.695
26163543700,1,1.219,11.155
26163543700,1,1.025,11.23
26163543700,1,0.847,11.239
26163543700,1,0.799,12.088
26163569700,1,-7.481,4.25
26163569700,1,-5.88,4.354
26163569700,1,-5.797,2.761
26163569700,1,-7.36,2.664
26163569700,1,-7.481,4.25
26163570400,1,-5.797,2.761
26163570400,1,-4.178,2.865
26163570400,1,-4.025,0.565
26163570400,1,-5.61,0.15
26163570400,1,-5.797,2.761
26163569800,1,-5.88,4.354
26163569800,1,-4.282,4.47
26163569800,1,-4.216,3.464
26163569800,1,-5.828,3.36
26163569800,1,-5.88,4.354
26163570100,1,-3.371,2.909
26163570100,1,-2.552,2.955
26163570100,1,-2.429,0.974
26163570100,1,-3.228,0.766
26163570100,1,-3.371,2.909
26163570200,1,-4.178,2.865
26163570200,1,-3.371,2.909
26163570200,1,-3.273,1.46
26163570200,1,-3.228,0.766
26163570200,1,-4.025,0.565
26163570200,1,-4.178,2.865
26163570600,1,-6.404,-0.063
26163570600,1,-5.61,0.15
26163570600,1,-5.522,-1.245
26163570600,1,-6.331,-1.279
26163570600,1,-6.404,-0.063
26163570800,1,-5.61,0.15
26163570800,1,-4.025,0.565
26163570800,1,-3.921,-1.149
26163570800,1,-5.522,-1.245
26163570800,1,-5.61,0.15
26163571000,1,-3.228,0.766
26163571000,1,-2.429,0.974
26163571000,1,-2.312,-1.054
26163571000,1,-3.114,-1.104
26163571000,1,-3.228,0.766
26163579700,1,8.331,-3.106
26163579700,1,8.391,-2.999
26163579700,1,8.823,-3.316
26163579700,1,9.535,-3.633
26163579700,1,9.213,-5.255
26163579700,1,8.937,-5.31
26163579700,1,8.75,-5.276
26163579700,1,8.433,-5.068
26163579700,1,8.497,-4.619
26163579700,1,8.585,-4.33
26163579700,1,8.53,-4.195
26163579700,1,8.562,-3.824
26163579700,1,8.675,-3.46
26163579700,1,8.575,-3.252
26163579700,1,8.331,-3.106
26163579800,1,9.213,-5.243
26163579800,1,9.621,-3.202
26163579800,1,9.718,-3.229
26163579800,1,9.697,-3.366
26163579800,1,10.019,-3.457
26163579800,1,10.112,-3.122
26163579800,1,10.388,-3.235
26163579800,1,9.945,-4.139
26163579800,1,9.844,-4.19
26163579800,1,9.71,-4.705
26163579800,1,9.503,-5.06
26163579800,1,9.486,-5.22
26163579800,1,9.362,-5.269
26163579800,1,9.213,-5.243
26163580100,1,8.751,-7.563
26163580100,1,9.213,-5.255
26163580100,1,11.241,-5.172
26163580100,1,11.04,-8.069
26163580100,1,9.692,-8.119
26163580100,1,9.689,-8.026
26163580100,1,9.558,-8.011
26163580100,1,9.446,-7.524
26163580100,1,8.751,-7.563
26163580200,1,7.857,-6.553
26163580200,1,8.114,-6.232
26163580200,1,8.172,-6.065
26163580200,1,8.173,-5.808
26163580200,1,8.286,-5.679
26163580200,1,8.309,-5.503
26163580200,1,8.46,-5.339
26163580200,1,8.529,-5.305
26163580200,1,8.937,-5.31
26163580200,1,9.213,-5.255
26163580200,1,8.971,-6.465
26163580200,1,8.464,-6.536
26163580200,1,7.857,-6.553
26163580300,1,7.93,-6.564
26163580300,1,8.971,-6.465
26163580300,1,8.751,-7.563
26163580300,1,7.993,-7.601
26163580300,1,7.93,-6.564
26163580400,1,6.85,-6.639
26163580400,1,7.186,-6.802
26163580400,1,7.371,-6.82
26163580400,1,7.542,-6.682
26163580400,1,7.666,-6.652
26163580400,1,7.663,-6.615
26163580400,1,7.93,-6.564
26163580400,1,7.993,-7.601
26163580400,1,6.914,-7.651
26163580400,1,6.85,-6.639
26163580500,1,6.914,-7.651
26163580500,1,7.673,-7.617
26163580500,1,7.792,-9.194
26163580500,1,7.019,-9.238
26163580500,1,6.914,-7.651
26163580600,1,7.673,-7.617
26163580600,1,8.751,-7.563
26163580600,1,8.428,-9.157
26163580600,1,7.792,-9.194
26163580600,1,7.673,-7.617
26163580700,1,8.428,-9.157
26163580700,1,8.751,-7.563
26163580700,1,9.446,-7.524
26163580700,1,9.558,-8.011
26163580700,1,9.689,-8.026
26163580700,1,9.692,-8.119
26163580700,1,11.04,-8.069
26163580700,1,11.013,-8.734
26163580700,1,10.061,-8.755
26163580700,1,9.749,-9.181
26163580700,1,9.439,-9.084
26163580700,1,8.428,-9.157
26163543900,1,-0.341,10.865
26163543900,1,-0.252,10.968
26163543900,1,0.063,10.995
26163543900,1,0.057,11.214
26163543900,1,1.025,11.23
26163543900,1,1.289,11.104
26163543900,1,1.683,10.695
26163543900,1,1.697,10.501
26163543900,1,1.499,10.53
26163543900,1,-0.323,10.446
26163543900,1,-0.341,10.865
26163544000,1,-1.507,11.146
26163544000,1,-0.523,11.218
26163544000,1,0.057,11.214
26163544000,1,0.067,11.004
26163544000,1,-0.243,10.97
26163544000,1,-0.321,10.918
26163544000,1,-0.323,10.446
26163544000,1,-1.465,10.366
26163544000,1,-1.507,11.146
26163544100,1,-1.603,12.768
26163544100,1,-0.455,12.824
26163544100,1,-0.365,11.219
26163544100,1,-1.507,11.146
26163544100,1,-1.603,12.768
26163544200,1,-0.946,14.16
26163544200,1,-0.829,14.221
26163544200,1,-0.882,14.417
26163544200,1,-0.155,14.442
26163544200,1,-0.049,12.841
26163544200,1,-0.859,12.808
26163544200,1,-0.946,14.16
26163544300,1,-2.556,14.31
26163544300,1,-0.882,14.417
26163544300,1,-0.829,14.221
26163544300,1,-0.946,14.16
26163544300,1,-0.859,12.808
26163544300,1,-1.603,12.768
26163544300,1,-1.647,13.565
26163544300,1,-2.511,13.506
26163544300,1,-2.556,14.31
26163545100,1,3.312,10.564
26163545100,1,4.865,10.664
26163545100,1,4.929,9.925
26163545100,1,3.365,9.839
26163545100,1,3.312,10.564
26163545200,1,3.35,9.838
26163545200,1,4.929,9.925
26163545200,1,4.979,9.127
26163545200,1,3.392,9.062
26163545200,1,3.35,9.838
26163545500,1,3.471,7.438
26163545500,1,5.088,7.522
26163545500,1,5.141,6.721
26163545500,1,3.516,6.634
26163545500,1,3.471,7.438
26163545600,1,3.501,6.633
26163545600,1,5.141,6.721
26163545600,1,5.199,5.92
26163545600,1,3.827,5.847
26163545600,1,3.74,5.799
26163545600,1,3.552,5.831
26163545600,1,3.501,6.633
26163545800,1,1.722,6.543
26163545800,1,3.501,6.633
26163545800,1,3.552,5.831
26163545800,1,1.772,5.728
26163545800,1,1.722,6.543
26163566800,1,-9.893,-2.21
26163566800,1,-9.49,-2.175
26163566800,1,-9.53,-1.492
26163566800,1,-9.575,-1.494
26163566800,1,-9.615,-0.898
26163566800,1,-8.384,-0.578
26163566800,1,-8.281,-2.218
26163566800,1,-9.888,-2.314
26163566800,1,-9.893,-2.21
26163569100,1,-5.984,5.948
26163569100,1,-4.39,6.072
26163569100,1,-4.332,5.257
26163569100,1,-5.933,5.176
26163569100,1,-5.984,5.948
26163566900,1,-8.384,-0.578
26163566900,1,-7.195,-0.268
26163566900,1,-7.089,-2.144
26163566900,1,-8.281,-2.218
26163566900,1,-8.384,-0.578
26163568200,1,-12.179,2.376
26163568200,1,-10.581,2.468
26163568200,1,-10.487,0.869
26163568200,1,-12.081,0.764
26163568200,1,-12.179,2.376
26163568500,1,-9.685,0.917
26163568500,1,-7.285,1.065
26163568500,1,-7.235,0.265
26163568500,1,-7.748,0.204
26163568500,1,-9.631,0.112
26163568500,1,-9.685,0.917
26163572500,1,-3.921,-1.149
26163572500,1,-2.312,-1.054
26163572500,1,-2.266,-1.853
26163572500,1,-3.869,-1.956
26163572500,1,-3.921,-1.149
26163575200,1,-2.041,1.074
26163575200,1,-1.29,1.271
26163575200,1,-0.871,1.427
26163575200,1,-0.755,-0.354
26163575200,1,-1.951,-0.429
26163575200,1,-2.041,1.074
26163579100,1,10.159,-0.799
26163579100,1,10.363,0.129
26163579100,1,10.938,-0.068
26163579100,1,10.794,-0.336
26163579100,1,10.955,-0.452
26163579100,1,11.111,-0.506
26163579100,1,11.066,-0.585
26163579100,1,11.184,-0.657
26163579100,1,11.133,-0.746
26163579100,1,11.212,-0.951
26163579100,1,11.4,-1.072
26163579100,1,11.224,-1.352
26163579100,1,10.505,-0.945
26163579100,1,10.512,-0.908
26163579100,1,10.159,-0.799
26163583300,1,-0.602,-3.388
26163583300,1,1.009,-2.791
26163583300,1,1.062,-3.946
26163583300,1,-0.563,-4.07
26163583300,1,-0.602,-3.388
26163505200,1,19.872,15.677
26163505200,1,20.668,15.734
26163505200,1,20.738,15.771
26163505200,1,21.381,14.536
26163505200,1,21.447,14.499
26163505200,1,21.264,14.085
26163505200,1,20.435,14.907
26163505200,1,19.872,15.677
26163506100,1,17.648,18.731
26163506100,1,18.853,18.805
26163506100,1,18.9,18.049
26163506100,1,17.694,17.949
26163506100,1,17.648,18.731
26163506200,1,17.694,17.949
26163506200,1,18.9,18.049
26163506200,1,18.949,17.232
26163506200,1,17.742,17.157
26163506200,1,17.694,17.949
26163506300,1,17.742,17.157
26163506300,1,18.949,17.232
26163506300,1,19.051,15.628
26163506300,1,17.849,15.548
26163506300,1,17.742,17.157
26163506400,1,15.334,16.2
26163506400,1,17.796,16.35
26163506400,1,17.849,15.548
26163506400,1,15.773,15.418
26163506400,1,15.334,16.2
26163506500,1,16.562,17.078
26163506500,1,17.742,17.157
26163506500,1,17.796,16.35
26163506500,1,16.615,16.274
26163506500,1,16.562,17.078
26163506600,1,16.136,17.851
26163506600,1,17.694,17.949
26163506600,1,17.742,17.157
26163506600,1,16.201,17.055
26163506600,1,16.136,17.851
26163506700,1,16.446,18.648
26163506700,1,17.648,18.731
26163506700,1,17.694,17.949
26163506700,1,16.508,17.873
26163506700,1,16.446,18.648
26163506900,1,14.44,17.751
26163506900,1,16.136,17.851
26163506900,1,16.201,17.055
26163506900,1,14.89,16.973
26163506900,1,14.44,17.751
26163507000,1,14.902,16.974
26163507000,1,16.562,17.078
26163507000,1,16.615,16.274
26163507000,1,15.334,16.2
26163507000,1,14.902,16.974
26163507300,1,13.167,16.864
26163507300,1,14.132,16.944
26163507300,1,14.241,15.34
26163507300,1,13.79,15.302
26163507300,1,13.269,16.119
26163507300,1,13.167,16.864
26163507400,1,13.094,17.668
26163507400,1,14.44,17.751
26163507400,1,14.89,16.973
26163507400,1,13.145,16.862
26163507400,1,13.094,17.668
26163507500,1,13.094,17.668
26163507500,1,13.089,18.459
26163507500,1,14.036,18.524
26163507500,1,14.06,18.41
26163507500,1,14.44,17.751
26163507500,1,13.094,17.668
26163524700,1,7.985,-1.36
26163524700,1,8.518,-0.367
26163524700,1,8.685,-0.551
26163524700,1,8.907,-0.439
26163524700,1,9.076,-0.281
26163524700,1,9.343,0.121
26163524700,1,9.989,-0.248
26163524700,1,9.002,-1.955
26163524700,1,7.985,-1.36
26163524800,1,7.621,-1.964
26163524800,1,7.985,-1.36
26163524800,1,9.002,-1.955
26163524800,1,8.376,-3.026
26163524800,1,8.184,-2.758
26163524800,1,7.918,-2.521
26163524800,1,7.868,-2.279
26163524800,1,7.768,-2.076
26163524800,1,7.621,-1.964
26163525400,1,11.047,6.217
26163525400,1,11.504,6.503
26163525400,1,11.969,7.04
26163525400,1,12.281,7.291
26163525400,1,12.778,6.46
26163525400,1,12.582,6.346
26163525400,1,12.564,6.376
26163525400,1,11.355,5.69
26163525400,1,11.047,6.217
26163525800,1,9.965,5.628
26163525800,1,11.047,6.217
26163525800,1,11.442,5.54
26163525800,1,10.021,5.49
26163525800,1,9.965,5.628
26163526000,1,8.459,5.174
26163526000,1,9.237,5.441
26163526000,1,9.949,5.623
26163526000,1,10.567,4.54
26163526000,1,10.209,4.407
26163526000,1,9.287,4.191
26163526000,1,8.747,5.112
26163526000,1,8.475,5.009
26163526000,1,8.459,5.174
26163579600,1,8.401,-2.983
26163579600,1,9.002,-1.955
26163579600,1,9.773,-2.444
26163579600,1,9.535,-3.633
26163579600,1,8.811,-3.309
26163579600,1,8.475,-3.078
26163579600,1,8.401,-2.983
26163585800,1,-13.554,-2.524
26163585800,1,-10.458,-2.347
26163585800,1,-10.514,-3.586
26163585800,1,-10.199,-4.069
26163585800,1,-10.108,-5.555
26163585800,1,-12.545,-5.65
26163585800,1,-12.528,-6.013
26163585800,1,-13.316,-5.874
26163585800,1,-13.444,-3.625
26163585800,1,-13.554,-2.524
26163594200,1,4.114,-14.245
26163594200,1,5.007,-14.195
26163594200,1,4.986,-15.013
26163594200,1,5.077,-15.791
26163594200,1,4.206,-15.835
26163594200,1,4.114,-14.245
26163599100,1,-2.109,-21.221
26163599100,1,-1.994,-20.996
26163599100,1,-1.644,-21.302
26163599100,1,-1.55,-21.195
26163599100,1,1.124,-21.053
26163599100,1,1.16,-21.792
26163599100,1,2.054,-21.75
26163599100,1,2.052,-20.987
26163599100,1,2.298,-20.959
26163599100,1,2.318,-22.131
26163599100,1,2.241,-22.274
26163599100,1,2.172,-22.553
26163599100,1,1.684,-22.578
26163599100,1,1.185,-22.288
26163599100,1,0.742,-22.306
26163599100,1,0.758,-22.639
26163599100,1,0.391,-22.657
26163599100,1,0.42,-23.224
26163599100,1,0.211,-23.156
26163599100,1,0.169,-23.377
26163599100,1,0.12,-23.272
26163599100,1,-0.028,-23.164
26163599100,1,-0.207,-23.31
26163599100,1,-0.29,-23.307
26163599100,1,-0.544,-23.194
26163599100,1,-0.579,-23.142
26163599100,1,-0.52,-22.897
26163599100,1,-0.389,-22.802
26163599100,1,-0.382,-22.719
26163599100,1,-0.572,-22.828
26163599100,1,-0.648,-22.833
26163599100,1,-0.761,-22.78
26163599100,1,-0.844,-22.663
26163599100,1,-0.819,-22.566
26163599100,1,-0.61,-22.556
26163599100,1,-0.568,-22.485
26163599100,1,-0.712,-22.416
26163599100,1,-0.761,-22.329
26163599100,1,-0.9,-22.393
26163599100,1,-1.005,-22.343
26163599100,1,-1.019,-22.287
26163599100,1,-0.858,-22.241
26163599100,1,-0.846,-22.114
26163599100,1,-0.915,-22.093
26163599100,1,-0.985,-22.164
26163599100,1,-1.072,-22.144
26163599100,1,-1.09,-22.097
26163599100,1,-1.027,-22.012
26163599100,1,-1.024,-21.927
26163599100,1,-1.126,-21.697
26163599100,1,-1.242,-21.702
26163599100,1,-1.161,-21.772
26163599100,1,-1.189,-21.867
26163599100,1,-1.344,-21.893
26163599100,1,-1.412,-21.806
26163599100,1,-1.305,-21.732
26163599100,1,-1.305,-21.682
26163599100,1,-1.398,-21.543
26163599100,1,-1.439,-21.754
26163599100,1,-1.529,-21.719
26163599100,1,-1.624,-21.669
26163599100,1,-1.63,-21.558
26163599100,1,-1.689,-21.474
26163599100,1,-1.976,-21.405
26163599100,1,-2.109,-21.221
26163508000,1,10.645,18.343
26163508000,1,11.634,18.401
26163508000,1,12.652,16.827
26163508000,1,11.497,16.767
26163508000,1,10.645,18.343
26163510600,1,16.198,14.639
26163510600,1,17.895,14.75
26163510600,1,17.912,14.445
26163510600,1,17.741,14.113
26163510600,1,17.915,13.954
26163510600,1,17.955,13.604
26163510600,1,17.883,13.618
26163510600,1,17.631,13.125
26163510600,1,17.595,13.123
26163510600,1,17.562,13.902
26163510600,1,16.617,13.868
26163510600,1,16.198,14.639
26163526300,1,9.289,6.982
26163526300,1,9.953,7.024
26163526300,1,10.606,5.961
26163526300,1,9.949,5.623
26163526300,1,9.507,6.383
26163526300,1,9.359,6.605
26163526300,1,9.335,6.591
26163526300,1,9.289,6.982
26163526400,1,9.953,7.024
26163526400,1,10.564,7.013
26163526400,1,11.047,6.217
26163526400,1,10.606,5.961
26163526400,1,9.953,7.024
26163530100,1,10.471,15.089
26163530100,1,10.982,15.121
26163530100,1,11.846,13.545
26163530100,1,11.549,13.375
26163530100,1,11.29,13.587
26163530100,1,11.094,13.689
26163530100,1,10.834,13.741
26163530100,1,10.579,13.729
26163530100,1,10.471,15.089
26163530200,1,9.428,15.031
26163530200,1,10.471,15.089
26163530200,1,10.579,13.729
26163530200,1,9.516,13.663
26163530200,1,9.428,15.031
26163530300,1,9.516,13.663
26163530300,1,10.948,13.728
26163530300,1,11.239,13.62
26163530300,1,11.549,13.375
26163530300,1,10.772,12.951
26163530300,1,10.74,13.011
26163530300,1,9.6,12.388
26163530300,1,9.516,13.663
26163526200,1,8.896,6.315
26163526200,1,9,6.536
26163526200,1,9.043,6.915
26163526200,1,9.078,6.968
26163526200,1,9.289,6.982
26163526200,1,9.335,6.591
26163526200,1,9.359,6.605
26163526200,1,9.507,6.383
26163526200,1,9.949,5.623
26163526200,1,9.408,5.487
26163526200,1,8.896,6.315
26163530500,1,9.651,11.632
26163530500,1,10.352,12.017
26163530500,1,10.715,11.348
26163530500,1,9.707,10.781
26163530500,1,9.651,11.632
26163530800,1,9.707,10.781
26163530800,1,10.054,10.975
26163530800,1,10.853,9.514
26163530800,1,10.468,9.301
26163530800,1,10.424,9.218
26163530800,1,9.789,9.515
26163530800,1,9.707,10.781
26163531100,1,11.151,10.548
26163531100,1,11.878,10.944
26163531100,1,12.23,10.274
26163531100,1,11.516,9.88
26163531100,1,11.151,10.548
26163531200,1,11.923,10.855
26163531200,1,13.021,11.456
26163531200,1,13.536,11.233
26163531200,1,13.735,11.02
26163531200,1,12.256,10.226
26163531200,1,11.923,10.855
26163531400,1,10.859,11.084
26163531400,1,11.578,11.475
26163531400,1,11.878,10.944
26163531400,1,11.151,10.548
26163531400,1,10.859,11.084
26163531700,1,10.772,12.951
26163531700,1,11.846,13.545
26163531700,1,12.113,13.064
26163531700,1,11.8,12.802
26163531700,1,11.067,12.406
26163531700,1,10.772,12.951
26163500100,1,24.478,19.217
26163500100,1,25.704,19.282
26163500100,1,24.789,17.49
26163500100,1,24.572,17.613
26163500100,1,24.478,19.217
26163500500,1,23.02,16.608
26163500500,1,24.282,16.676
26163500500,1,24.354,16.644
26163500500,1,24,15.951
26163500500,1,23.066,15.9
26163500500,1,23.02,16.608
26163500600,1,22.971,17.505
26163500600,1,24.551,17.614
26163500600,1,24.789,17.49
26163500600,1,24.354,16.644
26163500600,1,24.282,16.676
26163500600,1,23.02,16.608
26163500600,1,22.971,17.505
26163500700,1,24.477,16.889
26163500700,1,24.896,17.713
26163500700,1,24.962,17.704
26163500700,1,24.935,17.652
26163500700,1,26.107,17.059
26163500700,1,25.69,16.275
26163500700,1,24.477,16.889
26163500200,1,23.144,18.33
26163500200,1,23.515,19.159
26163500200,1,24.478,19.217
26163500200,1,24.524,18.421
26163500200,1,23.144,18.33
26163500300,1,22.772,17.492
26163500300,1,23.144,18.33
26163500300,1,24.524,18.421
26163500300,1,24.572,17.613
26163500300,1,22.772,17.492
26163500400,1,22.035,15.831
26163500400,1,22.772,17.492
26163500400,1,22.971,17.505
26163500400,1,23.066,15.9
26163500400,1,22.035,15.831
26163500800,1,25.69,16.275
26163500800,1,26.107,17.059
26163500800,1,26.923,16.641
26163500800,1,26.646,16.116
26163500800,1,26.462,15.878
26163500800,1,25.69,16.275
26163500900,1,24.228,16.398
26163500900,1,24.477,16.889
26163500900,1,26.462,15.878
26163500900,1,26.012,15.496
26163500900,1,24.228,16.398
26163501000,1,24,15.951
26163501000,1,24.228,16.398
26163501000,1,26.012,15.496
26163501000,1,25.682,15.137
26163501000,1,24.108,15.943
26163501000,1,24,15.951
26163501100,1,23.885,15.728
26163501100,1,24,15.951
26163501100,1,24.062,15.961
26163501100,1,24.937,15.518
26163501100,1,24.625,14.906
26163501100,1,24.59,14.923
26163501100,1,24.564,14.868
26163501100,1,24.583,14.58
26163501100,1,24.703,14.383
26163501100,1,23.999,14.063
26163501100,1,23.885,15.728
26163501200,1,24.564,14.868
26163501200,1,24.59,14.923
26163501200,1,24.625,14.906
26163501200,1,24.937,15.518
26163501200,1,25.682,15.137
26163501200,1,25.188,14.615
26163501200,1,24.703,14.383
26163501200,1,24.583,14.58
26163501200,1,24.564,14.868
26163501300,1,24.321,14.211
26163501300,1,25.033,14.516
26163501300,1,25.271,14.692
26163501300,1,25.48,14.773
26163501300,1,25.927,13.93
26163501300,1,24.833,13.337
26163501300,1,24.321,14.211
26163501400,1,25.282,14.703
26163501400,1,26.171,15.643
26163501400,1,26.825,14.416
26163501400,1,25.927,13.93
26163501400,1,25.48,14.773
26163501400,1,25.383,14.711
26163501400,1,25.282,14.703
26163985100,1,15.356,12.283
26163985100,1,15.418,12.561
26163985100,1,15.652,12.205
26163985100,1,15.972,12.379
26163985100,1,16.571,11.278
26163985100,1,16.909,11.929
26163985100,1,16.962,11.836
26163985100,1,17.552,12.167
26163985100,1,17.468,12.314
26163985100,1,17.911,11.863
26163985100,1,18.292,11.215
26163985100,1,18.373,11.134
26163985100,1,16.921,10.324
26163985100,1,16.437,9.868
26163985100,1,16.246,10.517
26163985100,1,15.423,11.989
26163985100,1,15.356,12.283
26163511200,1,14.993,11.458
26163511200,1,15.254,11.602
26163511200,1,15.51,11.828
26163511200,1,16.246,10.517
26163511200,1,16.437,9.868
26163511200,1,16.402,9.837
26163511200,1,16.007,9.588
26163511200,1,14.993,11.458
26163511900,1,14.522,11.203
26163511900,1,14.993,11.458
26163511900,1,16.007,9.588
26163511900,1,15.559,9.293
26163511900,1,14.522,11.203
26163523100,1,11.883,4.787
26163523100,1,12.58,4.941
26163523100,1,13.057,5.979
26163523100,1,13.128,5.856
26163523100,1,13.302,5.935
26163523100,1,13.367,5.921
26163523100,1,13.839,5.045
26163523100,1,12.269,4.128
26163523100,1,11.883,4.787
26163523400,1,13.32,4.722
26163523400,1,13.839,5.045
26163523400,1,14.452,4.027
26163523400,1,13.918,3.688
26163523400,1,13.32,4.722
26163522300,1,12.138,8.354
26163522300,1,13.731,9.23
26163522300,1,13.987,8.811
26163522300,1,14.252,8.236
26163522300,1,13.127,7.712
26163522300,1,12.804,8.024
26163522300,1,12.285,8.251
26163522300,1,12.138,8.354
26163524200,1,10.182,2.529
26163524200,1,10.198,2.628
26163524200,1,10.347,2.722
26163524200,1,10.238,2.915
26163524200,1,11.185,3.479
26163524200,1,11.519,2.899
26163524200,1,10.367,2.189
26163524200,1,10.182,2.529
26163524300,1,9.597,1.307
26163524300,1,9.64,1.389
26163524300,1,9.745,1.405
26163524300,1,9.83,1.523
26163524300,1,9.906,1.781
26163524300,1,9.9,1.98
26163524300,1,9.72,2.608
26163524300,1,10.238,2.915
26163524300,1,10.347,2.722
26163524300,1,10.198,2.628
26163524300,1,10.182,2.521
26163524300,1,10.367,2.189
26163524300,1,11.519,2.899
26163524300,1,11.551,2.782
26163524300,1,11.153,1.937
26163524300,1,11.2,1.855
26163524300,1,9.758,1.05
26163524300,1,9.597,1.307
26163501600,1,26.544,14.945
26163501600,1,27.851,15.659
26163501600,1,27.989,15.896
26163501600,1,27.795,15.993
26163501600,1,27.873,16.153
26163501600,1,28.368,15.912
26163501600,1,28.349,15.641
26163501600,1,28.22,15.169
26163501600,1,26.825,14.416
26163501600,1,26.544,14.945
26163501500,1,26.171,15.643
26163501500,1,26.565,15.997
26163501500,1,26.923,16.641
26163501500,1,27.873,16.153
26163501500,1,27.795,15.993
26163501500,1,27.989,15.896
26163501500,1,27.81,15.628
26163501500,1,26.544,14.945
26163501500,1,26.171,15.643
26163501700,1,26.825,14.416
26163501700,1,28.046,15.079
26163501700,1,28.22,15.169
26163501700,1,27.766,13.727
26163501700,1,27.482,13.191
26163501700,1,26.825,14.416
26163502000,1,24.833,13.337
26163502000,1,25.46,13.677
26163502000,1,26.107,12.467
26163502000,1,25.431,12.279
26163502000,1,24.833,13.337
26163531800,1,11.067,12.406
26163531800,1,11.781,12.795
26163531800,1,12.297,11.868
26163531800,1,11.578,11.475
26163531800,1,11.067,12.406
26163531900,1,11.8,12.802
26163531900,1,12.114,13.061
26163531900,1,12.393,12.461
26163531900,1,12.876,11.613
26163531900,1,13.021,11.456
26163531900,1,12.639,11.246
26163531900,1,11.8,12.802
26163532600,1,13.348,10.012
26163532600,1,14.074,10.403
26163532600,1,14.476,9.655
26163532600,1,13.757,9.245
26163532600,1,13.348,10.012
26163533000,1,12.597,9.599
26163533000,1,13.348,10.012
26163533000,1,13.757,9.245
26163533000,1,13.009,8.838
26163533000,1,12.597,9.599
26163533100,1,12.256,10.226
26163533100,1,13,10.631
26163533100,1,13.348,10.012
26163533100,1,12.597,9.599
26163533100,1,12.256,10.226
26163526100,1,8.403,6.086
26163526100,1,8.659,6.142
26163526100,1,8.896,6.315
26163526100,1,9.408,5.487
26163526100,1,8.459,5.174
26163526100,1,8.403,6.086
26163533200,1,11.516,9.88
26163533200,1,12.23,10.274
26163533200,1,12.597,9.599
26163533200,1,11.886,9.205
26163533200,1,11.516,9.88
26163533300,1,11.886,9.205
26163533300,1,12.597,9.599
26163533300,1,13.009,8.838
26163533300,1,12.289,8.461
26163533300,1,11.886,9.205
26163533400,1,10.424,9.218
26163533400,1,10.476,9.307
26163533400,1,11.516,9.88
26163533400,1,12.289,8.461
26163533400,1,12.132,8.343
26163533400,1,11.617,8.644
26163533400,1,10.424,9.218
26163533600,1,10.535,8.514
26163533600,1,11.172,8.868
26163533600,1,12.132,8.343
26163533600,1,11.172,7.833
26163533600,1,10.925,7.83
26163533600,1,10.535,8.514
26163534100,1,9.088,11.006
26163534100,1,9.69,11.044
26163534100,1,9.789,9.515
26163534100,1,9.45,9.686
26163534100,1,9.241,9.957
26163534100,1,9.159,10.217
26163534100,1,9.14,10.813
26163534100,1,9.088,11.006
26163516800,1,18.413,7.723
26163516800,1,18.555,8.001
26163516800,1,19.246,9.56
26163516800,1,19.818,8.491
26163516800,1,18.564,7.748
26163516800,1,18.413,7.723
26163516900,1,18.336,7.577
26163516900,1,18.413,7.723
26163516900,1,18.546,7.74
26163516900,1,18.782,7.88
26163516900,1,18.893,7.654
26163516900,1,19.041,7.671
26163516900,1,19.167,7.51
26163516900,1,19.181,7.419
26163516900,1,19.117,7.23
26163516900,1,19.257,6.954
26163516900,1,18.818,6.678
26163516900,1,18.336,7.577
26163517000,1,17.912,6.771
26163517000,1,18.332,7.57
26163517000,1,18.818,6.678
26163517000,1,18.218,6.297
26163517000,1,18.033,6.638
26163517000,1,17.912,6.771
26163517100,1,18.218,6.297
26163517100,1,18.818,6.678
26163517100,1,19.005,6.327
26163517100,1,18.391,5.947
26163517100,1,18.218,6.297
26163517200,1,16.96,6.718
26163517200,1,17.696,7.145
26163517200,1,17.793,6.903
26163517200,1,18.06,6.594
26163517200,1,18.391,5.947
26163517200,1,18.529,6.029
26163517200,1,18.656,5.787
26163517200,1,19.152,6.041
26163517200,1,19.379,5.631
26163517200,1,18.016,4.981
26163517200,1,17.546,5.746
26163517200,1,17.54,5.857
26163517200,1,17.471,5.862
26163517200,1,17.405,5.949
26163517200,1,16.96,6.718
26163516700,1,18.782,7.88
26163516700,1,19.818,8.491
26163516700,1,20.292,7.607
26163516700,1,19.257,6.954
26163516700,1,19.117,7.23
26163516700,1,19.181,7.419
26163516700,1,19.167,7.51
26163516700,1,19.041,7.671
26163516700,1,18.893,7.654
26163516700,1,18.782,7.88
26163517500,1,15.958,8.55
26163517500,1,16.769,9.028
26163517500,1,17.335,7.979
26163517500,1,16.522,7.525
26163517500,1,15.958,8.55
26163587000,1,-19.314,-9.76
26163587000,1,-19.149,-9.765
26163587000,1,-19.147,-9.819
26163587000,1,-19.114,-9.82
26163587000,1,-18.95,-9.743
26163587000,1,-19.056,-9.668
26163587000,1,-19.063,-9.102
26163587000,1,-19.118,-8.846
26163587000,1,-18.964,-8.849
26163587000,1,-18.91,-8.714
26163587000,1,-18.869,-8.697
26163587000,1,-18.234,-8.938
26163587000,1,-18.009,-8.973
26163587000,1,-17.659,-8.393
26163587000,1,-17.226,-8.288
26163587000,1,-17.149,-8.62
26163587000,1,-17.216,-8.863
26163587000,1,-17.198,-9.141
26163587000,1,-17.135,-9.139
26163587000,1,-17.126,-9.357
26163587000,1,-17.568,-9.508
26163587000,1,-17.561,-9.584
26163587000,1,-17.344,-9.626
26163587000,1,-17.198,-11.039
26163587000,1,-17.553,-11.059
26163587000,1,-17.566,-10.924
26163587000,1,-17.646,-10.924
26163587000,1,-17.643,-11.063
26163587000,1,-17.905,-11.077
26163587000,1,-17.95,-10.839
26163587000,1,-18.03,-10.848
26163587000,1,-18.056,-10.705
26163587000,1,-17.975,-10.707
26163587000,1,-17.992,-10.616
26163587000,1,-18.074,-10.619
26163587000,1,-18.121,-10.377
26163587000,1,-18.019,-10.374
26163587000,1,-18.089,-10.271
26163587000,1,-18.029,-10.255
26163587000,1,-18.138,-10.261
26163587000,1,-18.15,-10.101
26163587000,1,-17.925,-10.053
26163587000,1,-17.933,-9.856
26163587000,1,-18.153,-9.866
26163587000,1,-18.328,-9.968
26163587000,1,-18.157,-9.962
26163587000,1,-18.152,-10.064
26163587000,1,-18.449,-10.074
26163587000,1,-18.538,-10.155
26163587000,1,-18.549,-9.988
26163587000,1,-18.914,-10.317
26163587000,1,-19.269,-10.327
26163587000,1,-19.314,-9.76
26163518000,1,15.559,9.293
26163518000,1,16.437,9.868
26163518000,1,16.769,9.028
26163518000,1,15.958,8.55
26163518000,1,15.559,9.293
26163982302,1,6.829,-17.191
26163982302,1,6.853,-16.709
26163982302,1,7.014,-16.208
26163982302,1,7.34,-16.236
26163982302,1,7.599,-16.178
26163982302,1,7.658,-16.24
26163982302,1,7.651,-16.734
26163982302,1,7.549,-17.222
26163982302,1,6.829,-17.191
26163524600,1,9.774,1.058
26163524600,1,11.268,1.894
26163524600,1,11.573,2.225
26163524600,1,12.692,2.878
26163524600,1,13.236,3.293
26163524600,1,14.452,4.027
26163524600,1,14.718,3.603
26163524600,1,14.635,3.394
26163524600,1,14.436,3.256
26163524600,1,13.903,2.583
26163524600,1,13.4,2.279
26163524600,1,13.136,1.883
26163524600,1,12.158,1.257
26163524600,1,12.359,0.945
26163524600,1,11.969,1.016
26163524600,1,11.771,0.953
26163524600,1,11.686,0.876
26163524600,1,11.64,0.707
26163524600,1,11.729,0.236
26163524600,1,11.839,0.004
26163524600,1,11.853,-0.167
26163524600,1,11.802,-0.217
26163524600,1,11.505,-0.2
26163524600,1,10.706,-0.008
26163524600,1,10.363,0.129
26163524600,1,10.308,0.088
26163524600,1,10.21,0.129
26163524600,1,10.24,0.182
26163524600,1,10.179,0.351
26163524600,1,9.774,1.058
26163579501,1,9.621,-3.202
26163579501,1,9.773,-2.444
26163579501,1,9.837,-2.489
26163579501,1,9.925,-2.127
26163579501,1,10.537,-2.277
26163579501,1,10.635,-2.333
26163579501,1,10.553,-2.473
26163579501,1,10.583,-2.482
26163579501,1,10.551,-2.595
26163579501,1,10.458,-2.736
26163579501,1,10.219,-2.6
26163579501,1,10.019,-3.457
26163579501,1,9.697,-3.366
26163579501,1,9.718,-3.229
26163579501,1,9.621,-3.202
26163986200,1,-9.582,-15.258
26163986200,1,-8.543,-15.243
26163986200,1,-8.627,-15.634
26163986200,1,-8.555,-15.691
26163986200,1,-8.19,-15.757
26163986200,1,-8.154,-15.779
26163986200,1,-8.142,-15.909
26163986200,1,-8.068,-15.833
26163986200,1,-7.993,-15.853
26163986200,1,-7.972,-15.94
26163986200,1,-8.012,-16.197
26163986200,1,-8.207,-16.332
26163986200,1,-8.236,-16.479
26163986200,1,-8.28,-16.513
26163986200,1,-8.223,-16.586
26163986200,1,-8.136,-16.531
26163986200,1,-8.156,-16.917
26163986200,1,-8.116,-17.007
26163986200,1,-8.012,-17.097
26163986200,1,-7.853,-17.153
26163986200,1,-7.849,-17.274
26163986200,1,-7.762,-17.226
26163986200,1,-7.668,-17.288
26163986200,1,-7.582,-17.654
26163986200,1,-7.627,-17.984
26163986200,1,-7.527,-18.174
26163986200,1,-7.418,-18.261
26163986200,1,-7.296,-18.267
26163986200,1,-7.19,-18.203
26163986200,1,-7.118,-18.047
26163986200,1,-7.054,-18.032
26163986200,1,-6.923,-18.111
26163986200,1,-6.857,-18.232
26163986200,1,-6.845,-18.587
26163986200,1,-7.213,-18.738
26163986200,1,-7.27,-18.825
26163986200,1,-7.263,-18.947
26163986200,1,-7.328,-18.998
26163986200,1,-7.381,-19.013
26163986200,1,-7.402,-18.935
26163986200,1,-7.683,-18.947
26163986200,1,-7.685,-18.895
26163986200,1,-9.012,-18.949
26163986200,1,-9.345,-17.716
26163986200,1,-9.502,-15.687
26163986200,1,-9.582,-15.258
26163983301,1,-14.362,10.786
26163983301,1,-13.475,10.383
26163983301,1,-13.239,10.35
26163983301,1,-12.752,10.376
26163983301,1,-12.698,9.591
26163983301,1,-13.501,9.539
26163983301,1,-13.47,9.061
26163983301,1,-14.266,9.225
26163983301,1,-14.362,10.786
26163546301,1,-0.759,9.947
26163546301,1,-0.72,9.949
26163546301,1,-0.725,10.018
26163546301,1,-0.3,10.047
26163546301,1,-0.241,8.845
26163546301,1,-0.63,8.819
26163546301,1,-0.585,8.02
26163546301,1,-0.646,8.016
26163546301,1,-0.759,9.947
26163531501,1,10.352,12.017
26163531501,1,10.629,12.168
26163531501,1,10.989,11.504
26163531501,1,11.428,11.742
26163531501,1,11.578,11.475
26163531501,1,10.859,11.084
26163531501,1,10.352,12.017
26163586201,1,-6.619,-10.326
26163586201,1,-6.229,-10.149
26163586201,1,-5.005,-10.07
26163586201,1,-5.323,-5.133
26163586201,1,-3.718,-4.543
26163586201,1,-3.313,-11.598
26163586201,1,-6.529,-11.772
26163586201,1,-6.619,-10.326
26163584801,1,-3.408,-9.969
26163584801,1,-2.509,-9.848
26163584801,1,-2.469,-10.686
26163584801,1,-2.627,-10.709
26163584801,1,-2.734,-10.768
26163584801,1,-3.358,-10.815
26163584801,1,-3.408,-9.969
26163584802,1,-3.358,-10.815
26163584802,1,-2.734,-10.768
26163584802,1,-2.627,-10.709
26163584802,1,-2.469,-10.686
26163584802,1,-2.509,-9.848
26163584802,1,-1.817,-9.8
26163584802,1,-1.733,-11.407
26163584802,1,-3.313,-11.598
26163584802,1,-3.358,-10.815
26163983700,1,5.574,3.323
26163983700,1,6.856,3.618
26163983700,1,7.524,3.764
26163983700,1,6.391,1.912
26163983700,1,5.574,3.323
26163584501,1,-0.326,-8.091
26163584501,1,2.912,-7.862
26163584501,1,3.004,-9.46
26163584501,1,1.403,-9.583
26163584501,1,1.355,-8.753
26163584501,1,0.737,-8.81
26163584501,1,0.562,-9.192
26163584501,1,0.585,-9.638
26163584501,1,-0.213,-9.688
26163584501,1,-0.326,-8.091
26163588102,1,-19.766,-7.871
26163588102,1,-19.899,-4.706
26163588102,1,-18.425,-4.594
26163588102,1,-18.345,-6.22
26163588102,1,-18.234,-7.116
26163588102,1,-18.23,-7.753
26163588102,1,-19.766,-7.871
26163984100,1,12.158,1.257
26163984100,1,13.136,1.883
26163984100,1,13.4,2.279
26163984100,1,13.903,2.583
26163984100,1,14.436,3.256
26163984100,1,14.635,3.394
26163984100,1,14.718,3.603
26163984100,1,14.984,3.141
26163984100,1,13.466,1.006
26163984100,1,13.29,0.669
26163984100,1,12.981,0.794
26163984100,1,12.359,0.945
26163984100,1,12.158,1.257
26163986600,1,16.909,11.929
26163986600,1,17.134,12.388
26163986600,1,17.286,12.67
26163986600,1,17.552,12.167
26163986600,1,16.962,11.836
26163986600,1,16.909,11.929
26163588101,1,-23.211,-4.4
26163588101,1,-23.2,-3.192
26163588101,1,-20.026,-2.996
26163588101,1,-19.857,-3.55
26163588101,1,-23.211,-4.4
26163986502,1,-23.136,-6.57
26163986502,1,-23.214,-4.708
26163986502,1,-23.144,-4.704
26163986502,1,-22.45,-4.879
26163986502,1,-19.898,-4.726
26163986502,1,-19.832,-6.304
26163986502,1,-20.244,-6.333
26163986502,1,-20.232,-6.776
26163986502,1,-21.809,-6.865
26163986502,1,-21.815,-7.512
26163986502,1,-22.389,-7.524
26163986502,1,-23.002,-6.873
26163986502,1,-23.136,-6.57
26163986501,1,-23.136,-6.57
26163986501,1,-23.023,-6.846
26163986501,1,-22.414,-7.507
26163986501,1,-22.324,-7.539
26163986501,1,-21.823,-7.514
26163986501,1,-21.818,-6.869
26163986501,1,-20.232,-6.776
26163986501,1,-20.244,-6.333
26163986501,1,-19.832,-6.304
26163986501,1,-19.766,-7.871
26163986501,1,-23.045,-8.042
26163986501,1,-23.136,-6.57
26163981901,1,4.465,0.73
26163981901,1,4.621,1.028
26163981901,1,4.651,1.21
26163981901,1,4.609,1.469
26163981901,1,4.493,1.672
26163981901,1,5.028,1.974
26163981901,1,5.923,1.355
26163981901,1,6.318,1.348
26163981901,1,5.601,0.089
26163981901,1,4.465,0.73
26163982700,1,3.859,-8.605
26163982700,1,5.137,-8.537
26163982700,1,4.968,-8.739
26163982700,1,4.975,-8.844
26163982700,1,4.89,-8.953
26163982700,1,4.851,-8.954
26163982700,1,4.869,-9.261
26163982700,1,4.91,-9.26
26163982700,1,4.916,-9.352
26163982700,1,3.906,-9.407
26163982700,1,3.859,-8.605
26163986400,1,-12.979,-12.107
26163986400,1,-12.659,-12.095
26163986400,1,-12.428,-12.689
26163986400,1,-12.417,-12.888
26163986400,1,-12.321,-13.131
26163986400,1,-12.345,-13.278
26163986400,1,-12.221,-13.61
26163986400,1,-12.148,-13.676
26163986400,1,-11.919,-13.71
26163986400,1,-11.84,-13.823
26163986400,1,-11.234,-13.981
26163986400,1,-11.217,-14.102
26163986400,1,-11.068,-13.998
26163986400,1,-10.952,-14.042
26163986400,1,-10.963,-14.15
26163986400,1,-10.829,-14.362
26163986400,1,-10.429,-14.549
26163986400,1,-10.519,-14.647
26163986400,1,-10.512,-14.888
26163986400,1,-10.624,-14.779
26163986400,1,-10.683,-14.86
26163986400,1,-10.768,-14.885
26163986400,1,-10.893,-14.851
26163986400,1,-11.204,-14.907
26163986400,1,-11.353,-14.699
26163986400,1,-11.322,-14.609
26163986400,1,-11.556,-14.528
26163986400,1,-11.575,-14.582
26163986400,1,-11.699,-14.536
26163986400,1,-12.2,-13.926
26163986400,1,-12.465,-13.758
26163986400,1,-12.696,-13.703
26163986400,1,-12.733,-13.615
26163986400,1,-12.679,-13.549
26163986400,1,-12.909,-13.324
26163986400,1,-12.979,-12.107
26163983903,1,3.594,5.833
26163983903,1,3.74,5.799
26163983903,1,3.827,5.847
26163983903,1,5.199,5.92
26163983903,1,5.253,5.117
26163983903,1,3.626,5.035
26163983903,1,3.594,5.833
26163983901,1,3.736,3.047
26163983901,1,5.355,3.702
26163983901,1,5.574,3.323
26163983901,1,3.746,2.906
26163983901,1,3.736,3.047
26163981902,1,3.659,-0.642
26163981902,1,4.465,0.73
26163981902,1,5.601,0.089
26163981902,1,5.049,-0.884
26163981902,1,4.327,-0.573
26163981902,1,3.761,-0.67
26163981902,1,3.659,-0.642
26163538800,1,6.869,17.309
26163538800,1,7.136,17.323
26163538800,1,7.304,17.378
26163538800,1,7.67,17.383
26163538800,1,7.718,16.55
26163538800,1,6.92,16.513
26163538800,1,6.869,17.309
26163525700,1,10.021,5.49
26163525700,1,11.442,5.54
26163525700,1,11.883,4.787
26163525700,1,10.567,4.54
26163525700,1,10.021,5.49
26163558600,1,-10.634,8.917
26163558600,1,-9.427,8.979
26163558600,1,-9.296,7.381
26163558600,1,-10.529,7.304
26163558600,1,-10.634,8.917
26163570500,1,-6.57,2.708
26163570500,1,-5.797,2.761
26163570500,1,-5.61,0.15
26163570500,1,-6.404,-0.063
26163570500,1,-6.57,2.708
26163545700,1,1.974,5.746
26163545700,1,3.594,5.833
26163545700,1,3.626,5.035
26163545700,1,2.848,4.975
26163545700,1,2.578,5.407
26163545700,1,2.006,5.08
26163545700,1,1.974,5.746
26163514100,1,21.139,11.421
26163514100,1,22.457,12.168
26163514100,1,22.924,11.282
26163514100,1,21.673,10.448
26163514100,1,21.139,11.421
26163520200,1,14.983,8.768
26163520200,1,15.559,9.293
26163520200,1,16.073,8.327
26163520200,1,15.336,7.954
26163520200,1,14.983,8.768
26163520400,1,15.336,7.954
26163520400,1,15.698,8.123
26163520400,1,16.113,7.233
26163520400,1,15.704,7.034
26163520400,1,15.336,7.954
26163520700,1,16.043,6.181
26163520700,1,16.437,6.324
26163520700,1,16.96,6.718
26163520700,1,17.475,5.812
26163520700,1,16.312,5.762
26163520700,1,16.043,6.181
26163520800,1,15.928,4.612
26163520800,1,16.482,4.906
26163520800,1,16.397,5.042
26163520800,1,16.3,4.982
26163520800,1,16.072,5.343
26163520800,1,16.375,5.533
26163520800,1,16.231,5.753
26163520800,1,17.475,5.812
26163520800,1,17.471,5.862
26163520800,1,17.531,5.867
26163520800,1,17.546,5.746
26163520800,1,18.016,4.981
26163520800,1,17.288,4.671
26163520800,1,16.167,4.12
26163520800,1,15.928,4.612
26163985300,1,14.983,4.158
26163985300,1,15.345,4.385
26163985300,1,15.282,4.519
26163985300,1,15.362,4.556
26163985300,1,15.11,5.104
26163985300,1,15.614,5.334
26163985300,1,15.671,5.213
26163985300,1,16.017,5.43
26163985300,1,16.3,4.982
26163985300,1,16.397,5.042
26163985300,1,16.482,4.906
26163985300,1,16.037,4.66
26163985300,1,15.942,4.647
26163985300,1,15.928,4.612
26163985300,1,16.167,4.12
26163985300,1,15.384,3.435
26163985300,1,14.983,4.158
26163521100,1,13.75,5.201
26163521100,1,14.347,5.318
26163521100,1,14.831,5.273
26163521100,1,15.217,5.151
26163521100,1,15.11,5.104
26163521100,1,15.362,4.556
26163521100,1,15.282,4.519
26163521100,1,15.345,4.385
26163521100,1,14.983,4.158
26163521100,1,15.384,3.435
26163521100,1,14.984,3.141
26163521100,1,13.75,5.201
26163557200,1,-8.142,13.894
26163557200,1,-6.538,13.999
26163557200,1,-6.431,12.396
26163557200,1,-8.037,12.291
26163557200,1,-8.142,13.894
26163501800,1,25.927,13.93
26163501800,1,26.825,14.416
26163501800,1,27.482,13.191
26163501800,1,26.592,12.677
26163501800,1,25.927,13.93
26163563900,1,-16.496,5.299
26163563900,1,-16.031,5.34
26163563900,1,-15.19,4.851
26163563900,1,-15.146,3.788
26163563900,1,-16.388,3.694
26163563900,1,-16.496,5.299
26163550400,1,27.5,13.205
26163550400,1,27.735,13.655
26163550400,1,28.637,11.968
26163550400,1,28.74,12.03
26163550400,1,29.312,10.96
26163550400,1,28.841,10.611
26163550400,1,28.334,11.671
26163550400,1,28.284,11.755
26163550400,1,28.258,11.741
26163550400,1,27.5,13.205
26163584100,1,0.874,-8.006
26163584100,1,0.792,-6.396
26163584100,1,2.805,-6.258
26163584100,1,2.912,-7.862
26163584100,1,0.874,-8.006
26163577900,1,5.212,-6.102
26163577900,1,6.822,-5.977
26163577900,1,6.801,-6.465
26163577900,1,6.863,-6.841
26163577900,1,5.259,-6.92
26163577900,1,5.212,-6.102
26163570900,1,-4.025,0.565
26163570900,1,-3.228,0.766
26163570900,1,-3.114,-1.104
26163570900,1,-3.921,-1.149
26163570900,1,-4.025,0.565
26163541300,1,-2.661,15.896
26163541300,1,-1.858,15.965
26163541300,1,-1.757,14.367
26163541300,1,-2.556,14.31
26163541300,1,-2.661,15.896
26163523800,1,11.153,1.937
26163523800,1,11.978,3.684
26163523800,1,12.219,4.213
26163523800,1,12.348,3.993
26163523800,1,12.355,3.85
26163523800,1,12.853,2.995
26163523800,1,11.548,2.208
26163523800,1,11.268,1.894
26163523800,1,11.2,1.855
26163523800,1,11.153,1.937
26163534400,1,7.361,9.838
26163534400,1,8.152,9.892
26163534400,1,8.134,10.138
26163534400,1,8.745,10.173
26163534400,1,8.781,10.141
26163534400,1,8.728,9.894
26163534400,1,8.766,9.36
26163534400,1,7.393,9.278
26163534400,1,7.361,9.838
26163521400,1,14.228,5.485
26163521400,1,14.314,5.722
26163521400,1,14.464,5.825
26163521400,1,14.594,5.851
26163521400,1,15.06,5.83
26163521400,1,16.043,6.181
26163521400,1,16.312,5.762
26163521400,1,16.231,5.753
26163521400,1,16.375,5.533
26163521400,1,16.072,5.343
26163521400,1,16.017,5.43
26163521400,1,15.671,5.213
26163521400,1,15.614,5.334
26163521400,1,15.217,5.151
26163521400,1,14.705,5.296
26163521400,1,14.273,5.307
26163521400,1,14.228,5.485
26163521500,1,13.875,6.201
26163521500,1,15.698,7.049
26163521500,1,16.043,6.181
26163521500,1,15.06,5.83
26163521500,1,14.594,5.851
26163521500,1,14.464,5.825
26163521500,1,14.314,5.722
26163521500,1,14.233,5.532
26163521500,1,14.133,5.899
26163521500,1,13.875,6.201
26163521800,1,15.135,7.615
26163521800,1,15.428,7.755
26163521800,1,15.698,7.049
26163521800,1,15.453,6.935
26163521800,1,15.135,7.615
26163521900,1,13.405,7.843
26163521900,1,14.466,8.341
26163521900,1,14.983,8.768
26163521900,1,15.428,7.755
26163521900,1,15.135,7.615
26163521900,1,15.453,6.935
26163521900,1,15.311,6.869
26163521900,1,13.405,7.843
26163531300,1,11.578,11.475
26163531300,1,12.297,11.868
26163531300,1,12.639,11.246
26163531300,1,11.923,10.855
26163531300,1,11.578,11.475
26163539300,1,4.966,17.179
26163539300,1,6.869,17.309
26163539300,1,6.92,16.513
26163539300,1,5.568,16.419
26163539300,1,4.966,17.179
26163550300,1,26.514,12.636
26163550300,1,27.482,13.191
26163550300,1,28.258,11.741
26163550300,1,28.098,11.646
26163550300,1,27.155,11.385
26163550300,1,26.514,12.636
26163502600,1,22.098,13.196
26163502600,1,22.39,13.417
26163502600,1,22.366,13.448
26163502600,1,22.548,13.529
26163502600,1,22.568,13.495
26163502600,1,24.321,14.211
26163502600,1,24.833,13.337
26163502600,1,23.093,12.415
26163502600,1,22.856,12.513
26163502600,1,22.439,12.83
26163502600,1,22.098,13.196
26163981700,1,13.934,14.023
26163981700,1,14.501,14.262
26163981700,1,14.639,14.117
26163981700,1,14.932,13.911
26163981700,1,15.082,13.674
26163981700,1,14.795,13.521
26163981700,1,15.015,13.184
26163981700,1,14.534,12.911
26163981700,1,13.934,14.023
26163553601,1,13.205,13.622
26163553601,1,13.934,14.023
26163553601,1,14.534,12.911
26163553601,1,13.811,12.51
26163553601,1,13.205,13.622
26163527900,1,10.587,7.827
26163527900,1,11.172,7.833
26163527900,1,12.132,8.343
26163527900,1,12.804,8.024
26163527900,1,13.127,7.712
26163527900,1,12.187,7.227
26163527900,1,11.94,7.009
26163527900,1,11.57,6.568
26163527900,1,11.37,6.915
26163527900,1,11.149,6.787
26163527900,1,10.587,7.827
26163502700,1,23.107,12.421
26163502700,1,24.833,13.337
26163502700,1,25.431,12.279
26163502700,1,24.655,12.08
26163502700,1,24.006,11.842
26163502700,1,23.789,11.819
26163502700,1,23.496,12.231
26163502700,1,23.107,12.421
26163984200,1,10.567,4.54
26163984200,1,11.883,4.787
26163984200,1,12.219,4.213
26163984200,1,12.047,3.839
26163984200,1,11.148,3.955
26163984200,1,11.055,4.116
26163984200,1,11.016,4.091
26163984200,1,10.961,4.195
26163984200,1,10.883,4.147
26163984200,1,10.853,4.196
26163984200,1,10.789,4.158
26163984200,1,10.567,4.54
26163512800,1,23.789,11.819
26163512800,1,24.006,11.842
26163512800,1,24.655,12.08
26163512800,1,25.517,12.301
26163512800,1,25.5,12.247
26163512800,1,26.204,10.956
26163512800,1,25.398,10.469
26163512800,1,24.579,10.326
26163512800,1,23.789,11.819
26163519300,1,19.246,9.56
26163519300,1,19.644,10.451
26163519300,1,20.517,8.815
26163519300,1,19.818,8.491
26163519300,1,19.246,9.56
26163599001,1,-2.94,-18.839
26163599001,1,1.091,-18.65
26163599001,1,1.133,-19.459
26163599001,1,0.732,-19.481
26163599001,1,0.81,-21.071
26163599001,1,-1.55,-21.195
26163599001,1,-1.644,-21.302
26163599001,1,-1.994,-20.996
26163599001,1,-2.114,-21.23
26163599001,1,-2.826,-21.252
26163599001,1,-2.94,-18.839
26163513800,1,21.256,10.174
26163513800,1,21.673,10.448
26163513800,1,22.079,9.75
26163513800,1,23.361,10.457
26163513800,1,23.628,9.956
26163513800,1,22.938,9.477
26163513800,1,22.161,8.614
26163513800,1,21.256,10.174
26163555401,1,-1.474,9.56
26163555401,1,-1.179,9.589
26163555401,1,-1.192,9.917
26163555401,1,-0.759,9.947
26163555401,1,-0.646,8.016
26163555401,1,-1.333,7.976
26163555401,1,-1.395,8.179
26163555401,1,-1.474,9.56
26163983200,1,-14.763,-2.242
26163983200,1,-13.589,-1.936
26163983200,1,-13.449,-3.567
26163983200,1,-14.678,-3.595
26163983200,1,-14.763,-2.242
26163983302,1,-11.898,9.715
26163983302,1,-11.5,9.644
26163983302,1,-10.866,9.693
26163983302,1,-10.826,8.905
26163983302,1,-11.841,8.841
26163983302,1,-11.898,9.715
26163583001,1,-0.602,-3.388
26163583001,1,-0.669,-1.751
26163583001,1,2.479,-1.565
26163583001,1,2.512,-1.984
26163583001,1,0.756,-2.121
26163583001,1,0.148,-2.27
26163583001,1,0.155,-2.415
26163583001,1,0.524,-2.393
26163583001,1,0.56,-2.96
26163583001,1,-0.602,-3.388
26163576001,1,3.103,-1.705
26163576001,1,3.136,-1.549
26163576001,1,3.659,-0.642
26163576001,1,3.761,-0.67
26163576001,1,4.312,-0.571
26163576001,1,4.757,-0.777
26163576001,1,4.461,-1.203
26163576001,1,3.953,-1.579
26163576001,1,3.636,-1.713
26163576001,1,3.124,-1.833
26163576001,1,3.103,-1.705
26163987000,1,9.486,-5.211
26163987000,1,9.503,-5.06
26163987000,1,9.71,-4.705
26163987000,1,9.844,-4.19
26163987000,1,9.945,-4.139
26163987000,1,10.388,-3.235
26163987000,1,10.112,-3.122
26163987000,1,10.219,-2.6
26163987000,1,10.458,-2.736
26163987000,1,10.551,-2.595
26163987000,1,10.583,-2.482
26163987000,1,10.553,-2.473
26163987000,1,10.81,-2.032
26163987000,1,11.006,-2.06
26163987000,1,11.08,-1.932
26163987000,1,11.904,-2.419
26163987000,1,12.225,-2.674
26163987000,1,11.299,-4.765
26163987000,1,11.241,-5.172
26163987000,1,9.486,-5.211
26163982900,1,1.765,-16.196
26163982900,1,2.148,-16.142
26163982900,1,2.223,-17.742
26163982900,1,1.836,-17.795
26163982900,1,1.765,-16.196
26163982301,1,5.592,-18.979
26163982301,1,6.372,-17.752
26163982301,1,6.592,-17.327
26163982301,1,5.873,-17.357
26163982301,1,6.535,-16.309
26163982301,1,6.824,-16.387
26163982301,1,6.707,-16.924
26163982301,1,6.833,-16.949
26163982301,1,6.829,-17.191
26163982301,1,7.549,-17.222
26163982301,1,7.41,-18.869
26163982301,1,5.592,-18.979
26163982200,1,4.021,-12.633
26163982200,1,4.949,-12.581
26163982200,1,5.018,-13.303
26163982200,1,5.007,-14.195
26163982200,1,4.114,-14.245
26163982200,1,4.021,-12.633
26163523300,1,12.82,4.457
26163523300,1,13.306,4.747
26163523300,1,13.918,3.688
26163523300,1,13.427,3.409
26163523300,1,12.82,4.457
26163507100,1,14.132,16.944
26163507100,1,14.89,16.973
26163507100,1,15.462,15.978
26163507100,1,15.388,15.939
26163507100,1,14.205,15.879
26163507100,1,14.132,16.944
26163557000,1,-6.647,15.606
26163557000,1,-5.032,15.714
26163557000,1,-4.93,14.118
26163557000,1,-6.538,13.999
26163557000,1,-6.647,15.606
26163531600,1,10.04,12.632
26163531600,1,10.74,13.011
26163531600,1,11.067,12.406
26163531600,1,10.352,12.017
26163531600,1,10.04,12.632
26163520300,1,15.698,8.123
26163520300,1,16.073,8.327
26163520300,1,16.522,7.525
26163520300,1,16.326,7.328
26163520300,1,16.113,7.233
26163520300,1,15.698,8.123
26163515300,1,20.64,8.584
26163515300,1,21.356,8.977
26163515300,1,21.761,8.218
26163515300,1,21.334,7.815
26163515300,1,21.117,7.663
26163515300,1,20.64,8.584
26163577800,1,5.051,-5.129
26163577800,1,5.273,-4.854
26163577800,1,6.843,-4.766
26163577800,1,6.822,-5.977
26163577800,1,5.212,-6.102
26163577800,1,5.173,-5.628
26163577800,1,5.081,-5.632
26163577800,1,5.051,-5.129
26163569500,1,-9.864,3.969
26163569500,1,-9.518,4.021
26163569500,1,-9.52,4.059
26163569500,1,-9.468,4.062
26163569500,1,-9.472,4.143
26163569500,1,-7.481,4.25
26163569500,1,-7.419,3.463
26163569500,1,-9.475,3.341
26163569500,1,-9.483,3.423
26163569500,1,-9.765,3.404
26163569500,1,-9.777,3.719
26163569500,1,-9.849,3.717
26163569500,1,-9.864,3.969
26163565800,1,-8.579,2.579
26163565800,1,-7.36,2.664
26163565800,1,-7.285,1.065
26163565800,1,-8.486,0.984
26163565800,1,-8.579,2.579
26163541100,1,0.421,16.08
26163541100,1,1.321,16.139
26163541100,1,1.428,14.544
26163541100,1,0.546,14.482
26163541100,1,0.421,16.08
26163552000,1,15.766,14.049
26163552000,1,16.349,14.363
26163552000,1,16.736,13.65
26163552000,1,16.156,13.337
26163552000,1,15.766,14.049
26163504000,1,22.345,15.851
26163504000,1,23.066,15.9
26163504000,1,23.395,15.283
26163504000,1,22.727,14.943
26163504000,1,22.353,15.662
26163504000,1,22.345,15.851
26163516400,1,19.818,8.491
26163516400,1,20.517,8.815
26163516400,1,21.117,7.663
26163516400,1,20.474,7.251
26163516400,1,19.818,8.491
26163535700,1,7.393,9.278
26163535700,1,8.192,9.327
26163535700,1,8.239,8.517
26163535700,1,7.436,8.473
26163535700,1,7.393,9.278
26163503300,1,20.504,18.144
26163503300,1,22.11,18.26
26163503300,1,22.162,17.452
26163503300,1,20.555,17.34
26163503300,1,20.504,18.144
26163590500,1,-12.659,-12.095
26163590500,1,-3.313,-11.598
26163590500,1,-3.052,-16.418
26163590500,1,-7.882,-16.66
26163590500,1,-7.853,-17.153
26163590500,1,-8.012,-17.097
26163590500,1,-8.116,-17.007
26163590500,1,-8.156,-16.917
26163590500,1,-8.136,-16.531
26163590500,1,-8.223,-16.586
26163590500,1,-8.28,-16.513
26163590500,1,-8.236,-16.479
26163590500,1,-8.207,-16.332
26163590500,1,-8.012,-16.197
26163590500,1,-7.972,-15.94
26163590500,1,-7.993,-15.853
26163590500,1,-8.068,-15.833
26163590500,1,-8.142,-15.909
26163590500,1,-8.154,-15.779
26163590500,1,-8.19,-15.757
26163590500,1,-8.555,-15.691
26163590500,1,-8.627,-15.634
26163590500,1,-8.543,-15.243
26163590500,1,-9.582,-15.258
26163590500,1,-9.478,-16.027
26163590500,1,-9.651,-15.956
26163590500,1,-9.61,-15.589
26163590500,1,-9.78,-15.537
26163590500,1,-9.903,-15.405
26163590500,1,-10.177,-15.221
26163590500,1,-10.198,-15.147
26163590500,1,-10.066,-15.038
26163590500,1,-10.057,-14.986
26163590500,1,-10.215,-14.792
26163590500,1,-10.34,-14.554
26163590500,1,-10.428,-14.567
26163590500,1,-10.829,-14.362
26163590500,1,-10.963,-14.15
26163590500,1,-10.952,-14.042
26163590500,1,-11.013,-14.001
26163590500,1,-11.111,-14.009
26163590500,1,-11.217,-14.102
26163590500,1,-11.234,-13.981
26163590500,1,-11.84,-13.823
26163590500,1,-11.919,-13.71
26163590500,1,-12.148,-13.676
26163590500,1,-12.221,-13.61
26163590500,1,-12.345,-13.278
26163590500,1,-12.321,-13.131
26163590500,1,-12.417,-12.888
26163590500,1,-12.428,-12.689
26163590500,1,-12.659,-12.095
26163568700,1,-7.36,2.664
26163568700,1,-6.57,2.708
26163568700,1,-6.404,-0.063
26163568700,1,-7.195,-0.268
26163568700,1,-7.36,2.664
26163573900,1,5.141,6.721
26163573900,1,5.755,6.753
26163573900,1,6.75,5.803
26163573900,1,5.213,5.72
26163573900,1,5.141,6.721
26163581500,1,5.778,-6.883
26163581500,1,6.863,-6.841
26163581500,1,6.914,-7.651
26163581500,1,5.816,-7.7
26163581500,1,5.778,-6.883
26163559200,1,-6.154,8.383
26163559200,1,-4.548,8.501
26163559200,1,-4.495,7.684
26163559200,1,-6.097,7.582
26163559200,1,-6.154,8.383
26163530400,1,9.6,12.388
26163530400,1,10.04,12.632
26163530400,1,10.352,12.017
26163530400,1,9.651,11.632
26163530400,1,9.6,12.388
26163541000,1,-0.324,16.839
26163541000,1,1.273,16.937
26163541000,1,1.321,16.139
26163541000,1,-0.274,16.036
26163541000,1,-0.324,16.839
26163523200,1,12.269,4.128
26163523200,1,12.82,4.457
26163523200,1,13.427,3.409
26163523200,1,12.853,2.995
26163523200,1,12.355,3.85
26163523200,1,12.348,3.993
26163523200,1,12.269,4.128
26163532400,1,13.735,11.02
26163532400,1,14.421,11.388
26163532400,1,14.755,10.773
26163532400,1,14.074,10.403
26163532400,1,13.735,11.02
26163532700,1,13,10.631
26163532700,1,13.735,11.02
26163532700,1,14.074,10.403
26163532700,1,13.348,10.012
26163532700,1,13,10.631
26163551600,1,24.896,17.713
26163551600,1,25.186,18.279
26163551600,1,26.152,17.787
26163551600,1,26.012,17.5
26163551600,1,27.081,16.953
26163551600,1,26.923,16.641
26163551600,1,24.935,17.652
26163551600,1,24.962,17.704
26163551600,1,24.896,17.713
26163533800,1,9.789,9.515
26163533800,1,11.172,8.868
26163533800,1,10.535,8.514
26163533800,1,10.925,7.83
26163533800,1,10.098,7.823
26163533800,1,9.876,8.214
26163533800,1,9.789,9.515
26163565302,1,-12.512,7.182
26163565302,1,-10.529,7.304
26163565302,1,-10.513,7.122
26163565302,1,-10.642,7.095
26163565302,1,-10.766,7.153
26163565302,1,-10.984,7.133
26163565302,1,-11.078,6.985
26163565302,1,-11.06,6.929
26163565302,1,-10.93,6.888
26163565302,1,-10.916,6.83
26163565302,1,-10.963,6.785
26163565302,1,-11.117,6.731
26163565302,1,-11.335,6.748
26163565302,1,-11.491,6.677
26163565302,1,-11.539,6.558
26163565302,1,-11.468,6.426
26163565302,1,-11.544,6.28
26163565302,1,-11.541,6.193
26163565302,1,-11.487,6.095
26163565302,1,-11.365,6.009
26163565302,1,-11.351,5.899
26163565302,1,-11.633,5.613
26163565302,1,-11.771,5.545
26163565302,1,-12.15,5.187
26163565302,1,-12.345,5.086
26163565302,1,-12.512,7.182
26163509100,1,13.653,15.289
26163509100,1,15.773,15.418
26163509100,1,16.349,14.363
26163509100,1,15.082,13.674
26163509100,1,14.932,13.911
26163509100,1,14.639,14.117
26163509100,1,14.501,14.262
26163509100,1,14.344,14.205
26163509100,1,13.653,15.289
26163531502,1,10.645,12.176
26163531502,1,11.067,12.406
26163531502,1,11.428,11.742
26163531502,1,10.989,11.504
26163531502,1,10.645,12.176
26163524101,1,9.553,4.092
26163524101,1,9.735,4.126
26163524101,1,10.063,3.581
26163524101,1,10.222,3.799
26163524101,1,10.364,3.896
26163524101,1,10.79,3.991
26163524101,1,10.899,3.971
26163524101,1,11.185,3.479
26163524101,1,9.72,2.608
26163524101,1,9.721,2.69
26163524101,1,9.86,2.771
26163524101,1,9.853,2.88
26163524101,1,9.932,2.994
26163524101,1,9.835,3.251
26163524101,1,9.602,3.653
26163524101,1,9.723,3.714
26163524101,1,9.553,4.092
26163525900,1,11.355,5.69
26163525900,1,12.564,6.376
26163525900,1,12.582,6.346
26163525900,1,12.778,6.46
26163525900,1,13.057,5.979
26163525900,1,12.58,4.941
26163525900,1,11.883,4.787
26163525900,1,11.355,5.69
26163524001,1,10.853,4.196
26163524001,1,10.883,4.147
26163524001,1,10.961,4.195
26163524001,1,11.016,4.091
26163524001,1,11.055,4.116
26163524001,1,11.148,3.955
26163524001,1,12.047,3.839
26163524001,1,11.551,2.782
26163524001,1,11.519,2.899
26163524001,1,10.789,4.158
26163524001,1,10.853,4.196
26163522800,1,12.281,7.291
26163522800,1,13.127,7.712
26163522800,1,13.866,6.217
26163522800,1,14.133,5.899
26163522800,1,14.273,5.307
26163522800,1,13.75,5.201
26163522800,1,13.367,5.921
26163522800,1,13.302,5.935
26163522800,1,13.128,5.856
26163522800,1,12.281,7.291
26163532100,1,12.711,11.914
26163532100,1,13.811,12.51
26163532100,1,14.421,11.388
26163532100,1,13.735,11.02
26163532100,1,13.536,11.233
26163532100,1,13.002,11.472
26163532100,1,12.876,11.613
26163532100,1,12.711,11.914
26163552801,1,16.021,12.288
26163552801,1,16.335,12.572
26163552801,1,17.095,12.99
26163552801,1,17.286,12.67
26163552801,1,16.571,11.278
26163552801,1,16.021,12.288
26163519100,1,16.88,10.296
26163519100,1,18.373,11.134
26163519100,1,18.463,11.035
26163519100,1,18.92,10.175
26163519100,1,17.385,9.355
26163519100,1,16.88,10.296
26163519000,1,17.385,9.355
26163519000,1,18.92,10.175
26163519000,1,19.246,9.56
26163519000,1,18.629,8.167
26163519000,1,18.606,8.21
26163519000,1,18.318,8.056
26163519000,1,18.107,8.45
26163519000,1,17.925,8.351
26163519000,1,17.385,9.355
26163519200,1,18.373,11.134
26163519200,1,18.64,11.566
26163519200,1,18.792,11.704
26163519200,1,19.473,11.951
26163519200,1,20.598,12.576
26163519200,1,19.246,9.56
26163519200,1,18.463,11.035
26163519200,1,18.373,11.134
26163590401,1,-12.909,-13.324
26163590401,1,-12.679,-13.549
26163590401,1,-12.733,-13.615
26163590401,1,-12.696,-13.703
26163590401,1,-12.465,-13.758
26163590401,1,-12.2,-13.926
26163590401,1,-11.699,-14.536
26163590401,1,-11.575,-14.582
26163590401,1,-11.556,-14.528
26163590401,1,-11.322,-14.609
26163590401,1,-11.353,-14.699
26163590401,1,-11.204,-14.907
26163590401,1,-10.893,-14.851
26163590401,1,-10.768,-14.885
26163590401,1,-10.683,-14.86
26163590401,1,-10.624,-14.779
26163590401,1,-10.512,-14.888
26163590401,1,-10.494,-14.606
26163590401,1,-10.354,-14.544
26163590401,1,-10.306,-14.588
26163590401,1,-10.215,-14.792
26163590401,1,-10.057,-14.986
26163590401,1,-10.066,-15.038
26163590401,1,-10.198,-15.147
26163590401,1,-10.177,-15.221
26163590401,1,-9.903,-15.405
26163590401,1,-9.78,-15.537
26163590401,1,-9.61,-15.589
26163590401,1,-9.651,-15.956
26163590401,1,-9.478,-16.027
26163590401,1,-9.345,-17.716
26163590401,1,-9.012,-18.949
26163590401,1,-7.685,-18.895
26163590401,1,-7.683,-18.947
26163590401,1,-7.402,-18.935
26163590401,1,-7.247,-19.92
26163590401,1,-7.294,-20.024
26163590401,1,-7.23,-20.471
26163590401,1,-6.297,-20.479
26163590401,1,-5.583,-20.424
26163590401,1,-5.404,-20.363
26163590401,1,-5.002,-20.468
26163590401,1,-4.055,-20.481
26163590401,1,-3.776,-20.607
26163590401,1,-3.535,-20.806
26163590401,1,-3.264,-20.898
26163590401,1,-3.069,-21.172
26163590401,1,-2.837,-21.024
26163590401,1,-2.826,-21.252
26163590401,1,-12.484,-21.631
26163590401,1,-12.909,-13.324
26163560201,1,-18.07,16.227
26163560201,1,-18.021,16.26
26163560201,1,-18.036,16.424
26163560201,1,-16.907,16.509
26163560201,1,-16.932,16.397
26163560201,1,-16.816,16.198
26163560201,1,-16.648,16.124
26163560201,1,-16.629,15.947
26163560201,1,-16.695,15.859
26163560201,1,-17.152,15.772
26163560201,1,-17.238,15.68
26163560201,1,-17.151,15.497
26163560201,1,-17.243,15.384
26163560201,1,-17.429,15.433
26163560201,1,-17.652,15.415
26163560201,1,-17.64,15.626
26163560201,1,-18.028,15.617
26163560201,1,-18.07,16.227
26163557901,1,-12.056,12.049
26163557901,1,-9.654,12.198
26163557901,1,-9.539,10.568
26163557901,1,-11.944,10.432
26163557901,1,-12.056,12.049
26163565001,1,-15.09,0.076
26163565001,1,-15.042,2.179
26163565001,1,-13.841,2.258
26163565001,1,-13.589,-1.936
26163565001,1,-14.763,-2.242
26163565001,1,-14.852,-0.987
26163565001,1,-15.045,-0.264
26163565001,1,-15.09,0.076
26163575401,1,0.792,0.707
26163575401,1,0.899,0.895
26163575401,1,1.102,0.78
26163575401,1,1.196,0.94
26163575401,1,1.59,0.704
26163575401,1,1.755,0.686
26163575401,1,2.635,0.98
26163575401,1,2.411,0.546
26163575401,1,2.454,-0.158
26163575401,1,0.85,-0.256
26163575401,1,0.792,0.707
26163983400,1,-12.861,11.997
26163983400,1,-12.056,12.049
26163983400,1,-11.944,10.432
26163983400,1,-12.752,10.376
26163983400,1,-12.861,11.997
26163986100,1,-7.369,-19.012
26163986100,1,-7.263,-18.947
26163986100,1,-7.161,-19.08
26163986100,1,-7.057,-19.138
26163986100,1,-6.812,-19.155
26163986100,1,-6.603,-19.062
26163986100,1,-6.429,-19.039
26163986100,1,-6.213,-18.84
26163986100,1,-6.055,-18.79
26163986100,1,-5.913,-18.858
26163986100,1,-5.857,-18.97
26163986100,1,-5.829,-19.101
26163986100,1,-5.865,-19.347
26163986100,1,-5.602,-19.595
26163986100,1,-5.477,-19.661
26163986100,1,-5.352,-19.664
26163986100,1,-5.201,-19.581
26163986100,1,-5.057,-19.554
26163986100,1,-4.884,-19.369
26163986100,1,-4.578,-19.301
26163986100,1,-4.46,-19.416
26163986100,1,-4.536,-19.663
26163986100,1,-4.472,-19.666
26163986100,1,-4.372,-19.556
26163986100,1,-4.296,-19.562
26163986100,1,-4.235,-19.493
26163986100,1,-4.198,-19.504
26163986100,1,-4.057,-19.654
26163986100,1,-4.007,-19.842
26163986100,1,-3.871,-19.934
26163986100,1,-3.75,-19.883
26163986100,1,-3.624,-19.881
26163986100,1,-3.638,-19.808
26163986100,1,-3.533,-19.766
26163986100,1,-3.386,-19.752
26163986100,1,-3.336,-19.931
26163986100,1,-2.885,-20.161
26163986100,1,-2.837,-21.024
26163986100,1,-3.069,-21.172
26163986100,1,-3.264,-20.898
26163986100,1,-3.535,-20.806
26163986100,1,-3.776,-20.607
26163986100,1,-4.055,-20.481
26163986100,1,-5.002,-20.468
26163986100,1,-5.404,-20.363
26163986100,1,-5.583,-20.424
26163986100,1,-6.297,-20.479
26163986100,1,-7.23,-20.471
26163986100,1,-7.294,-20.024
26163986100,1,-7.247,-19.92
26163986100,1,-7.369,-19.012
26163983800,1,1.196,0.94
26163983800,1,1.701,1.812
26163983800,1,1.644,1.879
26163983800,1,1.748,2.04
26163983800,1,1.6,2.146
26163983800,1,1.501,2.324
26163983800,1,2.054,2.518
26163983800,1,3.746,2.906
26163983800,1,3.792,2.654
26163983800,1,3.885,2.688
26163983800,1,4.104,2.653
26163983800,1,5.028,1.974
26163983800,1,4.267,1.542
26163983800,1,1.808,0.697
26163983800,1,1.59,0.704
26163983800,1,1.196,0.94
26163983902,1,3.607,5.034
26163983902,1,4.547,5.075
26163983902,1,4.596,4.301
26163983902,1,4.706,3.495
26163983902,1,4.744,3.469
26163983902,1,3.736,3.047
26163983902,1,3.607,5.034
26163986300,1,-10.201,-10.382
26163986300,1,-9.078,-10.303
26163986300,1,-7.807,-10.599
26163986300,1,-7.527,-10.628
26163986300,1,-7.092,-10.561
26163986300,1,-6.619,-10.326
26163986300,1,-6.529,-11.772
26163986300,1,-10.118,-11.959
26163986300,1,-10.201,-10.382
26163534800,1,8.728,9.894
26163534800,1,8.781,10.155
26163534800,1,9.262,9.915
26163534800,1,9.45,9.686
26163534800,1,9.789,9.515
26163534800,1,9.876,8.214
26163534800,1,10.098,7.823
26163534800,1,8.952,7.762
26163534800,1,8.874,9.367
26163534800,1,8.766,9.36
26163534800,1,8.728,9.894
26163559800,1,11.74,13.724
26163559800,1,12.156,13.967
26163559800,1,12.428,14.335
26163559800,1,12.722,14.509
26163559800,1,13.205,13.622
26163559800,1,12.477,13.232
26163559800,1,13.078,12.123
26163559800,1,12.711,11.914
26163559800,1,11.74,13.724
26163505600,1,19.018,16.133
26163505600,1,20.429,18.933
26163505600,1,20.458,18.936
26163505600,1,20.668,15.734
26163505600,1,19.051,15.628
26163505600,1,19.018,16.133
26163572400,1,-2.552,2.955
26163572400,1,-2.163,2.983
26163572400,1,-1.951,-0.429
26163572400,1,-2.347,-0.455
26163572400,1,-2.552,2.955
26163535100,1,6.128,10.006
26163535100,1,7.347,10.08
26163535100,1,7.393,9.278
26163535100,1,6.196,9.204
26163535100,1,6.128,10.006
26163546000,1,1.825,8.156
26163546000,1,3.418,8.239
26163546000,1,3.456,7.437
26163546000,1,1.876,7.354
26163546000,1,1.825,8.156
26163556900,1,-8.248,15.496
26163556900,1,-6.647,15.606
26163556900,1,-6.538,13.999
26163556900,1,-8.142,13.894
26163556900,1,-8.248,15.496
26163598000,1,0.057,-23.663
26163598000,1,0.211,-23.156
26163598000,1,0.42,-23.224
26163598000,1,0.391,-22.657
26163598000,1,0.758,-22.639
26163598000,1,0.742,-22.306
26163598000,1,1.185,-22.288
26163598000,1,1.69,-22.579
26163598000,1,3.403,-22.471
26163598000,1,3.148,-22.888
26163598000,1,3.613,-22.861
26163598000,1,3.822,-26.049
26163598000,1,3.525,-26.146
26163598000,1,3.413,-26.11
26163598000,1,3.392,-26.019
26163598000,1,3.504,-25.785
26163598000,1,3.518,-25.458
26163598000,1,3.484,-25.422
26163598000,1,3.34,-25.46
26163598000,1,3.235,-25.43
26163598000,1,3.145,-25.291
26163598000,1,3.118,-25.04
26163598000,1,3.047,-24.973
26163598000,1,3,-24.96
26163598000,1,2.946,-25.058
26163598000,1,2.864,-25.1
26163598000,1,2.712,-24.914
26163598000,1,2.505,-24.908
26163598000,1,2.361,-24.753
26163598000,1,2.267,-24.711
26163598000,1,2.034,-24.809
26163598000,1,1.866,-24.834
26163598000,1,1.811,-24.777
26163598000,1,1.792,-24.604
26163598000,1,1.699,-24.49
26163598000,1,1.573,-24.452
26163598000,1,1.34,-24.479
26163598000,1,1.324,-24.433
26163598000,1,1.444,-24.319
26163598000,1,1.595,-24.028
26163598000,1,1.538,-23.983
26163598000,1,1.436,-24.026
26163598000,1,1.341,-24.009
26163598000,1,1.276,-23.725
26163598000,1,1.03,-23.378
26163598000,1,0.887,-23.353
26163598000,1,0.843,-23.398
26163598000,1,0.838,-23.498
26163598000,1,0.702,-23.491
26163598000,1,0.664,-23.528
26163598000,1,0.536,-23.916
26163598000,1,0.474,-23.976
26163598000,1,0.374,-23.99
26163598000,1,0.265,-23.947
26163598000,1,0.057,-23.663
26163575300,1,-0.817,0.65
26163575300,1,0.391,0.724
26163575300,1,0.396,0.672
26163575300,1,0.575,0.734
26163575300,1,0.797,0.722
26163575300,1,0.85,-0.256
26163575300,1,-0.755,-0.354
26163575300,1,-0.817,0.65
26163540200,1,2.882,17.042
26163540200,1,4.472,17.139
26163540200,1,4.524,16.34
26163540200,1,2.934,16.242
26163540200,1,2.882,17.042
26163591600,1,-3.313,-11.598
26163591600,1,-0.12,-11.251
26163591600,1,0.065,-14.679
26163591600,1,-3.157,-14.827
26163591600,1,-3.313,-11.598
26163501900,1,25.46,13.677
26163501900,1,25.927,13.93
26163501900,1,26.592,12.677
26163501900,1,26.107,12.467
26163501900,1,25.46,13.677
26163560100,1,-20.036,16.037
26163560100,1,-19.939,16.043
26163560100,1,-19.945,16.29
26163560100,1,-18.036,16.424
26163560100,1,-18.021,16.26
26163560100,1,-18.07,16.227
26163560100,1,-18.015,15.416
26163560100,1,-17.872,15.419
26163560100,1,-17.854,15.224
26163560100,1,-17.999,15.232
26163560100,1,-17.995,14.948
26163560100,1,-19.097,14.869
26163560100,1,-19.08,14.512
26163560100,1,-19.205,14.512
26163560100,1,-19.217,14.647
26163560100,1,-19.276,14.635
26163560100,1,-19.296,14.859
26163560100,1,-19.733,14.825
26163560100,1,-19.74,14.937
26163560100,1,-19.826,14.934
26163560100,1,-19.828,15.021
26163560100,1,-19.746,15.025
26163560100,1,-19.779,15.501
26163560100,1,-19.935,15.494
26163560100,1,-19.938,15.554
26163560100,1,-19.871,15.572
26163560100,1,-19.873,15.623
26163560100,1,-19.716,15.632
26163560100,1,-19.706,15.728
26163560100,1,-19.572,15.702
26163560100,1,-19.582,15.861
26163560100,1,-19.944,15.834
26163560100,1,-19.906,15.98
26163560100,1,-20.033,15.991
26163560100,1,-20.036,16.037
26163559100,1,-6.214,9.184
26163559100,1,-4.602,9.315
26163559100,1,-4.548,8.501
26163559100,1,-6.154,8.383
26163559100,1,-6.214,9.184
26163560300,1,-18.418,14.918
26163560300,1,-17.995,14.948
26163560300,1,-17.027,14.906
26163560300,1,-15.477,15.005
26163560300,1,-14.632,15.115
26163560300,1,-14.529,13.532
26163560300,1,-15.649,13.543
26163560300,1,-16.931,13.477
26163560300,1,-17.366,13.574
26163560300,1,-17.778,13.433
26163560300,1,-17.882,13.793
26163560300,1,-17.977,13.862
26163560300,1,-18.201,13.924
26163560300,1,-18.304,14.046
26163560300,1,-18.341,14.677
26163560300,1,-18.418,14.918
26163560400,1,-17.778,13.433
26163560400,1,-17.366,13.574
26163560400,1,-16.931,13.477
26163560400,1,-15.649,13.543
26163560400,1,-14.529,13.532
26163560400,1,-14.429,11.905
26163560400,1,-16.052,11.795
26163560400,1,-17.478,11.821
26163560400,1,-17.453,12.002
26163560400,1,-17.511,12.217
26163560400,1,-17.607,12.246
26163560400,1,-17.685,12.403
26163560400,1,-17.582,12.861
26163560400,1,-17.778,13.433
26163575500,1,2.409,0.527
26163575500,1,2.635,0.98
26163575500,1,2.704,1.004
26163575500,1,3.083,0.724
26163575500,1,3.27,0.669
26163575500,1,3.739,0.358
26163575500,1,3.974,-0.107
26163575500,1,3.621,-0.712
26163575500,1,2.664,-0.146
26163575500,1,2.454,-0.158
26163575500,1,2.409,0.527
26163575600,1,2.704,1.004
26163575600,1,4.267,1.542
26163575600,1,4.493,1.672
26163575600,1,4.596,1.501
26163575600,1,4.646,1.319
26163575600,1,4.595,0.961
26163575600,1,3.974,-0.107
26163575600,1,3.739,0.358
26163575600,1,3.27,0.669
26163575600,1,3.083,0.724
26163575600,1,2.704,1.004
26163534200,1,7.265,11.417
26163534200,1,8.362,11.461
26163534200,1,8.627,11.401
26163534200,1,8.868,11.278
26163534200,1,9.029,11.113
26163534200,1,9.117,10.932
26163534200,1,9.159,10.217
26163534200,1,9.262,9.915
26163534200,1,7.295,10.885
26163534200,1,7.265,11.417
26163534300,1,7.361,9.838
26163534300,1,7.316,10.887
26163534300,1,8.745,10.173
26163534300,1,8.134,10.138
26163534300,1,8.152,9.892
26163534300,1,7.361,9.838
26163561700,1,-24.114,11.239
26163561700,1,-20.876,11.498
26163561700,1,-19.34,11.695
26163561700,1,-17.478,11.821
26163561700,1,-17.556,11.124
26163561700,1,-17.228,10.132
26163561700,1,-18.539,10.216
26163561700,1,-18.96,10.318
26163561700,1,-22.084,10.061
26163561700,1,-22.306,9.972
26163561700,1,-22.513,9.809
26163561700,1,-22.96,9.112
26163561700,1,-23.248,8.788
26163561700,1,-23.459,8.631
26163561700,1,-23.924,8.415
26163561700,1,-24.114,11.239
26163561900,1,-23.924,8.415
26163561900,1,-23.459,8.631
26163561900,1,-23.248,8.788
26163561900,1,-22.96,9.112
26163561900,1,-22.554,9.762
26163561900,1,-22.306,9.972
26163561900,1,-22.005,10.076
26163561900,1,-20.823,10.178
26163561900,1,-20.569,6.665
26163561900,1,-23.188,6.509
26163561900,1,-23.798,6.428
26163561900,1,-23.924,8.415
26163562400,1,-20.679,8.273
26163562400,1,-20.244,8.306
26163562400,1,-18.736,9.08
26163562400,1,-18.567,9.108
26163562400,1,-18.329,9.069
26163562400,1,-18.161,6.82
26163562400,1,-20.569,6.665
26163562400,1,-20.679,8.273
26163562700,1,-18.329,9.069
26163562700,1,-16.751,8.756
26163562700,1,-16.507,8.346
26163562700,1,-16.637,8.34
26163562700,1,-16.597,7.726
26163562700,1,-18.208,7.626
26163562700,1,-18.329,9.069
26163580800,1,8.104,-10.785
26163580800,1,8.428,-9.157
26163580800,1,9.439,-9.084
26163580800,1,9.749,-9.181
26163580800,1,9.618,-9.912
26163580800,1,9.48,-9.916
26163580800,1,9.356,-10.348
26163580800,1,9.185,-10.726
26163580800,1,8.104,-10.785
26163534700,1,8.192,9.327
26163534700,1,8.874,9.367
26163534700,1,8.952,7.762
26163534700,1,8.303,7.722
26163534700,1,8.192,9.327
26163535000,1,6.196,9.204
26163535000,1,7.393,9.278
26163535000,1,7.436,8.473
26163535000,1,6.633,8.425
26163535000,1,6.686,7.62
26163535000,1,6.295,7.595
26163535000,1,6.196,9.204
26163535200,1,6.128,10.006
26163535200,1,6.087,11.043
26163535200,1,7.265,11.417
26163535200,1,7.347,10.08
26163535200,1,6.128,10.006
26163535300,1,4.865,10.664
26163535300,1,5.374,10.702
26163535300,1,6.087,11.043
26163535300,1,6.098,10.429
26163535300,1,6.196,9.204
26163535300,1,4.979,9.127
26163535300,1,4.865,10.664
26163535600,1,6.633,8.425
26163535600,1,8.239,8.517
26163535600,1,8.303,7.722
26163535600,1,6.686,7.62
26163535600,1,6.633,8.425
26163536100,1,7.827,14.952
26163536100,1,9.428,15.031
26163536100,1,9.48,14.228
26163536100,1,7.88,14.151
26163536100,1,7.827,14.952
26163536200,1,6.879,14.888
26163536200,1,7.827,14.952
26163536200,1,7.911,13.666
26163536200,1,7.707,13.815
26163536200,1,6.879,14.888
26163536300,1,7.88,14.151
26163536300,1,9.48,14.228
26163536300,1,9.531,13.425
26163536300,1,7.933,13.354
26163536300,1,7.88,14.151
26163536400,1,7.933,13.354
26163536400,1,9.531,13.425
26163536400,1,9.585,12.622
26163536400,1,7.988,12.548
26163536400,1,7.933,13.354
26163536500,1,8.882,11.267
26163536500,1,8.857,12.04
26163536500,1,8.926,12.138
26163536500,1,8.862,12.207
26163536500,1,8.841,12.587
26163536500,1,9.585,12.622
26163536500,1,9.69,11.044
26163536500,1,9.088,11.006
26163536500,1,8.882,11.267
26163536600,1,7.191,12.497
26163536600,1,8.841,12.587
26163536600,1,8.862,12.207
26163536600,1,8.926,12.138
26163536600,1,8.844,11.96
26163536600,1,8.882,11.267
26163536600,1,8.627,11.401
26163536600,1,8.362,11.461
26163536600,1,7.265,11.417
26163536600,1,7.191,12.497
26163536700,1,7.135,13.295
26163536700,1,7.933,13.354
26163536700,1,7.988,12.548
26163536700,1,7.191,12.497
26163536700,1,7.135,13.295
26163562900,1,-18.208,7.626
26163562900,1,-14.183,7.883
26163562900,1,-14.134,7.08
26163562900,1,-18.161,6.82
26163562900,1,-18.208,7.626
26163563200,1,-15.101,5.811
26163563200,1,-14.761,7.038
26163563200,1,-14.134,7.08
26163563200,1,-14.065,5.876
26163563200,1,-15.101,5.811
26163563300,1,-17.37,6.392
26163563300,1,-17.345,6.874
26163563300,1,-14.761,7.038
26163563300,1,-15.141,5.619
26163563300,1,-15.19,4.851
26163563300,1,-16.05,5.345
26163563300,1,-17.297,5.238
26163563300,1,-17.37,6.392
26163563400,1,-18.996,6.763
26163563400,1,-17.345,6.874
26163563400,1,-17.37,6.392
26163563400,1,-17.297,5.238
26163563400,1,-18.908,5.17
26163563400,1,-18.919,5.449
26163563400,1,-18.866,5.627
26163563400,1,-18.937,5.713
26163563400,1,-18.996,6.763
26163563500,1,-20.569,6.665
26163563500,1,-18.996,6.763
26163563500,1,-18.937,5.713
26163563500,1,-18.866,5.627
26163563500,1,-18.921,5.394
26163563500,1,-18.797,3.55
26163563500,1,-20.384,3.383
26163563500,1,-20.569,6.665
26163563700,1,-18.049,4.398
26163563700,1,-17.711,4.355
26163563700,1,-17.247,4.376
26163563700,1,-16.96,4.41
26163563700,1,-16.799,4.519
26163563700,1,-16.446,4.549
26163563700,1,-16.388,3.694
26163563700,1,-17.995,3.595
26163563700,1,-18.049,4.398
26163563800,1,-18.102,5.212
26163563800,1,-16.496,5.299
26163563800,1,-16.446,4.549
26163563800,1,-16.799,4.519
26163563800,1,-16.96,4.41
26163563800,1,-17.247,4.376
26163563800,1,-17.711,4.355
26163563800,1,-18.049,4.398
26163563800,1,-18.102,5.212
26163564000,1,-15.193,4.913
26163564000,1,-15.177,5.349
26163564000,1,-15.101,5.811
26163564000,1,-14.061,5.889
26163564000,1,-13.841,2.258
26163564000,1,-15.042,2.179
26163564000,1,-15.193,4.913
26163564100,1,-16.388,3.694
26163564100,1,-15.146,3.788
26163564100,1,-15.042,2.179
26163564100,1,-16.283,2.088
26163564100,1,-16.388,3.694
26163564200,1,-18.797,3.55
26163564200,1,-16.388,3.694
26163564200,1,-16.348,3.073
26163564200,1,-16.462,3.047
26163564200,1,-16.675,2.866
26163564200,1,-18.742,2.746
26163564200,1,-18.797,3.55
26163580900,1,7.019,-9.238
26163580900,1,8.428,-9.157
26163580900,1,8.104,-10.785
26163580900,1,7.109,-10.84
26163580900,1,7.019,-9.238
26163581200,1,3.004,-9.46
26163581200,1,4.61,-9.369
26163581200,1,4.707,-10.973
26163581200,1,3.106,-11.055
26163581200,1,3.004,-9.46
26163581600,1,2.805,-6.258
26163581600,1,4.582,-6.148
26163581600,1,4.706,-6.24
26163581600,1,4.889,-6.708
26163581600,1,5.052,-6.707
26163581600,1,5.243,-6.643
26163581600,1,5.259,-6.92
26163581600,1,5.778,-6.883
26163581600,1,5.816,-7.7
26163581600,1,2.912,-7.862
26163581600,1,2.805,-6.258
26163581800,1,4.851,-8.954
26163581800,1,4.89,-8.953
26163581800,1,4.975,-8.844
26163581800,1,4.968,-8.739
26163581800,1,5.744,-7.808
26163581800,1,5.812,-7.863
26163581800,1,5.851,-7.928
26163581800,1,5.937,-9.296
26163581800,1,4.916,-9.352
26163581800,1,4.91,-9.26
26163581800,1,4.869,-9.261
26163581800,1,4.851,-8.954
26163581900,1,5.744,-7.808
26163581900,1,5.816,-7.7
26163581900,1,6.914,-7.651
26163581900,1,7.019,-9.238
26163581900,1,5.937,-9.296
26163581900,1,5.851,-7.928
26163581900,1,5.744,-7.808
26163582000,1,5.918,-9.565
26163582000,1,5.937,-9.296
26163582000,1,7.019,-9.238
26163582000,1,7.109,-10.84
26163582000,1,6.267,-10.882
26163582000,1,5.984,-10.392
26163582000,1,5.918,-9.565
26163582100,1,4.61,-9.369
26163582100,1,5.937,-9.296
26163582100,1,5.919,-9.59
26163582100,1,5.977,-10.364
26163582100,1,6.057,-10.567
26163582100,1,6.267,-10.882
26163582100,1,4.707,-10.973
26163582100,1,4.61,-9.369
26163536800,1,7.04,14.646
26163536800,1,7.707,13.815
26163536800,1,7.911,13.666
26163536800,1,7.933,13.354
26163536800,1,7.135,13.295
26163536800,1,7.04,14.646
26163536900,1,5.784,14.838
26163536900,1,6.862,14.887
26163536900,1,7.04,14.646
26163536900,1,7.078,14.105
26163536900,1,5.839,14.026
26163536900,1,5.784,14.838
26163537000,1,5.839,14.026
26163537000,1,7.078,14.105
26163537000,1,7.135,13.295
26163537000,1,5.892,13.221
26163537000,1,5.839,14.026
26163537100,1,5.892,13.221
26163537100,1,7.135,13.295
26163537100,1,7.202,12.336
26163537100,1,6.61,12.294
26163537100,1,6.405,12.212
26163537100,1,6.39,12.447
26163537100,1,5.944,12.415
26163537100,1,5.892,13.221
26163537200,1,6.087,11.043
26163537200,1,6.071,11.746
26163537200,1,6.13,11.913
26163537200,1,6.209,12.05
26163537200,1,6.345,12.172
26163537200,1,6.61,12.294
26163537200,1,7.202,12.336
26163537200,1,7.265,11.417
26163537200,1,6.087,11.043
26163537300,1,4.788,12.153
26163537300,1,6.066,11.513
26163537300,1,6.087,11.043
26163537300,1,5.374,10.702
26163537300,1,4.865,10.664
26163537300,1,4.788,12.153
26163537500,1,4.675,13.937
26163537500,1,5.839,14.026
26163537500,1,5.892,13.221
26163537500,1,4.728,13.135
26163537500,1,4.675,13.937
26163537600,1,4.623,14.739
26163537600,1,5.784,14.838
26163537600,1,5.839,14.026
26163537600,1,4.675,13.937
26163537600,1,4.623,14.739
26163537700,1,4.728,13.135
26163537700,1,5.892,13.221
26163537700,1,5.944,12.415
26163537700,1,4.778,12.332
26163537700,1,4.728,13.135
26163537800,1,4.778,12.332
26163537800,1,6.39,12.447
26163537800,1,6.405,12.212
26163537800,1,6.209,12.05
26163537800,1,6.13,11.913
26163537800,1,6.071,11.746
26163537800,1,6.066,11.513
26163537800,1,4.788,12.153
26163537800,1,4.778,12.332
26163538100,1,9.219,18.255
26163538100,1,10.642,18.343
26163538100,1,11.137,17.421
26163538100,1,9.921,17.321
26163538100,1,9.9,17.481
26163538100,1,9.271,17.435
26163538100,1,9.219,18.255
26163538200,1,9.271,17.435
26163538200,1,9.9,17.481
26163538200,1,9.921,17.321
26163538200,1,11.137,17.421
26163538200,1,11.497,16.767
26163538200,1,9.319,16.634
26163538200,1,9.271,17.435
26163538300,1,10.13,16.677
26163538300,1,11.497,16.767
26163538300,1,12.349,15.198
26163538300,1,10.248,15.075
26163538300,1,10.13,16.677
26163564300,1,-18.742,2.746
26163564300,1,-16.675,2.866
26163564300,1,-16.462,3.047
26163564300,1,-16.348,3.073
26163564300,1,-16.283,2.088
26163564300,1,-18.687,1.935
26163564300,1,-18.742,2.746
26163564600,1,-18.687,1.935
26163564600,1,-16.283,2.088
26163564600,1,-16.161,0.475
26163564600,1,-18.585,0.33
26163564600,1,-18.687,1.935
26163564700,1,-16.283,2.088
26163564700,1,-15.042,2.179
26163564700,1,-15.075,0.542
26163564700,1,-16.161,0.475
26163564700,1,-16.283,2.088
26163564502,1,-20.277,1.837
26163564502,1,-18.687,1.935
26163564502,1,-18.549,-0.15
26163564502,1,-18.884,-0.299
26163564502,1,-18.935,-0.439
26163564502,1,-18.973,-0.447
26163564502,1,-19.013,-0.385
26163564502,1,-19.063,-0.404
26163564502,1,-19.081,-0.497
26163564502,1,-20.124,-0.578
26163564502,1,-20.277,1.837
26163591501,1,-0.12,-11.251
26163591501,1,1.794,-11.134
26163591501,1,1.899,-12.621
26163591501,1,1.659,-12.654
26163591501,1,1.37,-12.829
26163591501,1,-0.021,-13.043
26163591501,1,-0.12,-11.251
26163591502,1,-0.021,-13.043
26163591502,1,1.37,-12.829
26163591502,1,1.659,-12.654
26163591502,1,1.899,-12.621
26163591502,1,1.794,-11.134
26163591502,1,3.931,-11.014
26163591502,1,4.114,-14.245
26163591502,1,2.468,-14.325
26163591502,1,0.065,-14.679
26163591502,1,-0.021,-13.043
26163594500,1,4.295,-17.196
26163594500,1,4.345,-17.191
26163594500,1,4.353,-17.1
26163594500,1,4.327,-16.689
26163594500,1,4.71,-16.665
26163594500,1,5.061,-16.596
26163594500,1,5.273,-16.634
26163594500,1,5.639,-16.617
26163594500,1,5.759,-16.562
26163594500,1,5.993,-16.549
26163594500,1,4.506,-19.046
26163594500,1,4.414,-19.052
26163594500,1,4.295,-17.196
26163595000,1,6.307,-10.88
26163595000,1,8.789,-10.751
26163595000,1,9.25,-10.723
26163595000,1,8.483,-12.04
26163595000,1,8.387,-12.369
26163595000,1,6.411,-12.49
26163595000,1,6.307,-10.88
26163595100,1,3.931,-11.014
26163595100,1,6.307,-10.88
26163595100,1,6.411,-12.49
26163595100,1,4.021,-12.633
26163595100,1,3.931,-11.014
26163596100,1,6.976,-20.244
26163596100,1,7.41,-18.869
26163596100,1,7.549,-17.222
26163596100,1,10.541,-17.26
26163596100,1,10.539,-17.22
26163596100,1,10.763,-17.049
26163596100,1,11.77,-15.954
26163596100,1,12.128,-16.673
26163596100,1,12.319,-17.301
26163596100,1,12.099,-18.53
26163596100,1,11.925,-19.142
26163596100,1,11.711,-19.577
26163596100,1,11.389,-21.262
26163596100,1,11.395,-21.458
26163596100,1,11.254,-21.894
26163596100,1,11.044,-21.896
26163596100,1,10.374,-22.037
26163596100,1,9.551,-22.512
26163596100,1,8.948,-23.075
26163596100,1,8.384,-23.286
26163596100,1,7.51,-23.022
26163596100,1,7.243,-22.725
26163596100,1,7.142,-21.33
26163596100,1,6.933,-20.638
26163596100,1,6.976,-20.244
26163596200,1,7.934,-17.209
26163596200,1,8.649,-16.68
26163596200,1,9.248,-15.949
26163596200,1,9.306,-15.726
26163596200,1,9.258,-15.372
26163596200,1,9.276,-15.205
26163596200,1,9.473,-14.573
26163596200,1,9.688,-13.469
26163596200,1,9.913,-12.917
26163596200,1,10.124,-12.611
26163596200,1,10.329,-12.403
26163596200,1,11.018,-12.383
26163596200,1,11.232,-13.18
26163596200,1,11.77,-15.954
26163596200,1,10.763,-17.049
26163596200,1,10.539,-17.22
26163596200,1,10.541,-17.26
26163596200,1,7.934,-17.209
26163596300,1,7.549,-17.222
26163596300,1,7.651,-16.734
26163596300,1,7.662,-15.965
26163596300,1,7.793,-14.904
26163596300,1,7.819,-14.781
26163596300,1,8.224,-13.967
26163596300,1,8.353,-13.291
26163596300,1,8.337,-12.557
26163596300,1,8.483,-12.04
26163596300,1,9.25,-10.723
26163596300,1,9.185,-10.726
26163596300,1,9.356,-10.348
26163596300,1,9.48,-9.916
26163596300,1,9.618,-9.912
26163596300,1,9.741,-9.195
26163596300,1,10.061,-8.755
26163596300,1,11.013,-8.734
26163596300,1,10.88,-11.867
26163596300,1,11.018,-12.383
26163596300,1,10.329,-12.403
26163596300,1,10.124,-12.611
26163596300,1,9.876,-12.99
26163596300,1,9.688,-13.469
26163596300,1,9.473,-14.573
26163596300,1,9.276,-15.205
26163596300,1,9.258,-15.372
26163596300,1,9.306,-15.726
26163596300,1,9.23,-15.984
26163596300,1,8.649,-16.68
26163596300,1,8.149,-17.065
26163596300,1,7.935,-17.183
26163596300,1,7.933,-17.227
26163596300,1,7.549,-17.222
26163597000,1,3.378,-22.472
26163597000,1,3.703,-21.936
26163597000,1,3.673,-20.486
26163597000,1,4.506,-19.046
26163597000,1,7.41,-18.869
26163597000,1,6.976,-20.244
26163597000,1,6.933,-20.638
26163597000,1,7.142,-21.33
26163597000,1,7.243,-22.725
26163597000,1,6.618,-22.773
26163597000,1,6.149,-22.271
26163597000,1,3.378,-22.472
26163985200,1,22.457,12.168
26163985200,1,22.825,12.362
26163985200,1,23.093,12.415
26163985200,1,23.501,12.226
26163985200,1,23.761,11.87
26163985200,1,24.579,10.326
26163985200,1,24.086,10.22
26163985200,1,23.628,9.956
26163985200,1,22.457,12.168
26163545900,1,1.876,7.354
26163545900,1,3.471,7.438
26163545900,1,3.516,6.634
26163545900,1,1.924,6.554
26163545900,1,1.876,7.354
26163990200,1,7.091,-23.649
26163990200,1,7.243,-22.725
26163990200,1,7.51,-23.022
26163990200,1,8.384,-23.286
26163990200,1,8.948,-23.075
26163990200,1,9.551,-22.512
26163990200,1,10.374,-22.037
26163990200,1,11.044,-21.896
26163990200,1,11.254,-21.894
26163990200,1,10.402,-25.3
26163990200,1,10.143,-26.82
26163990200,1,10.438,-27.507
26163990200,1,10.644,-28.173
26163990200,1,7.555,-28.219
26163990200,1,7.545,-27.877
26163990200,1,7.44,-27.377
26163990200,1,7.424,-26.577
26163990200,1,7.337,-25.625
26163990200,1,7.187,-25.35
26163990200,1,7.091,-23.649
26163985700,1,6.039,1.344
26163985700,1,7.524,3.764
26163985700,1,8.008,3.881
26163985700,1,9.186,1.863
26163985700,1,9.043,1.583
26163985700,1,8.496,1.423
26163985700,1,8.459,1.329
26163985700,1,8.502,1.16
26163985700,1,8.461,1.095
26163985700,1,8.18,1.06
26163985700,1,7.896,0.858
26163985700,1,7.616,0.782
26163985700,1,7.492,0.852
26163985700,1,7.523,0.999
26163985700,1,7.572,1.019
26163985700,1,7.394,1.168
26163985700,1,7.418,1.314
26163985700,1,7.38,1.425
26163985700,1,7.16,1.652
26163985700,1,7.103,1.649
26163985700,1,6.921,1.412
26163985700,1,6.741,1.299
26163985700,1,6.039,1.344
26163546100,1,0.919,8.103
26163546100,1,1.825,8.156
26163546100,1,1.924,6.554
26163546100,1,1.339,6.521
26163546100,1,1.128,7.31
26163546100,1,0.972,7.3
26163546100,1,0.919,8.103
26163546700,1,1.791,8.947
26163546700,1,3.392,9.062
26163546700,1,3.418,8.239
26163546700,1,1.825,8.156
26163546700,1,1.791,8.947
26163550100,1,26.204,10.956
26163550100,1,26.856,11.296
26163550100,1,28.098,11.646
26163550100,1,28.284,11.755
26163550100,1,28.841,10.611
26163550100,1,28.581,10.434
26163550100,1,28.272,10.018
26163550100,1,27.692,8.781
26163550100,1,27.424,8.608
26163550100,1,27.116,9.086
26163550100,1,26.913,9.511
26163550100,1,26.961,9.539
26163550100,1,26.204,10.956
26163550200,1,25.512,12.253
26163550200,1,25.517,12.301
26163550200,1,26.092,12.462
26163550200,1,26.495,12.627
26163550200,1,27.155,11.385
26163550200,1,26.767,11.258
26163550200,1,26.204,10.956
26163550200,1,25.512,12.253
26163550500,1,27.735,13.655
26163550500,1,28.045,14.593
26163550500,1,29.774,11.294
26163550500,1,29.312,10.96
26163550500,1,28.74,12.03
26163550500,1,28.637,11.968
26163550500,1,27.735,13.655
26163550600,1,28.836,13.125
26163550600,1,28.992,13.207
26163550600,1,29.16,13.388
26163550600,1,29.922,14.902
26163550600,1,31.347,14.267
26163550600,1,30.841,12.715
26163550600,1,30.109,11.654
26163550600,1,29.774,11.294
26163550600,1,28.836,13.125
26163550700,1,28.045,14.593
26163550700,1,28.357,15.7
26163550700,1,29.922,14.902
26163550700,1,29.16,13.388
26163550700,1,28.992,13.207
26163550700,1,28.836,13.125
26163550700,1,28.045,14.593
26163550800,1,28.358,15.708
26163550800,1,28.404,16.72
26163550800,1,30.956,15.431
26163550800,1,31.579,15.195
26163550800,1,31.347,14.267
26163550800,1,30.376,14.675
26163550800,1,28.358,15.708
26163550900,1,30.049,15.891
26163550900,1,30.56,18.074
26163550900,1,30.97,19.557
26163550900,1,32.042,19.639
26163550900,1,30.956,15.431
26163550900,1,30.049,15.891
26163551100,1,28.404,16.72
26163551100,1,28.54,18.63
26163551100,1,30.56,18.074
26163551100,1,30.049,15.891
26163551100,1,28.404,16.72
26163551200,1,27.28,17.297
26163551200,1,27.355,17.482
26163551200,1,27.954,17.173
26163551200,1,28.057,18.765
26163551200,1,28.54,18.63
26163551200,1,28.402,16.884
26163551200,1,28.368,15.912
26163551200,1,27.873,16.153
26163551200,1,27.898,16.547
26163551200,1,27.673,16.661
26163551200,1,27.855,17.006
26163551200,1,27.28,17.297
26163551300,1,26.923,16.641
26163551300,1,27.317,17.528
26163551300,1,27.588,18.458
26163551300,1,27.73,19.081
26163551300,1,27.666,19.408
26163551300,1,28.214,19.434
26163551300,1,28.061,18.805
26163551300,1,27.954,17.173
26163551300,1,27.355,17.482
26163551300,1,27.28,17.297
26163551300,1,27.855,17.006
26163551300,1,27.673,16.661
26163551300,1,27.898,16.547
26163551300,1,27.873,16.153
26163551300,1,26.923,16.641
26163551400,1,25.373,18.674
26163551400,1,25.704,19.282
26163551400,1,27.666,19.408
26163551400,1,27.718,19.271
26163551400,1,27.725,19.039
26163551400,1,27.422,17.877
26163551400,1,26.446,18.382
26163551400,1,26.342,18.17
26163551400,1,25.373,18.674
26163551500,1,25.186,18.279
26163551500,1,25.373,18.674
26163551500,1,26.342,18.17
26163551500,1,26.446,18.382
26163551500,1,27.404,17.901
26163551500,1,27.338,17.589
26163551500,1,27.081,16.953
26163551500,1,26.012,17.5
26163551500,1,26.152,17.787
26163551500,1,25.186,18.279
26163551700,1,29.412,18.402
26163551700,1,29.766,19.505
26163551700,1,30.97,19.557
26163551700,1,30.56,18.074
26163551700,1,29.412,18.402
26163551800,1,28.057,18.765
26163551800,1,28.214,19.434
26163551800,1,29.766,19.505
26163551800,1,29.604,19.082
26163551800,1,29.412,18.402
26163551800,1,28.057,18.765
26163552100,1,14.805,13.525
26163552100,1,15.766,14.049
26163552100,1,16.156,13.337
26163552100,1,15.239,12.838
26163552100,1,14.805,13.525
26163552200,1,15.244,12.84
26163552200,1,16.156,13.337
26163552200,1,16.514,12.67
26163552200,1,16.335,12.572
26163552200,1,16.021,12.288
26163552200,1,15.972,12.379
26163552200,1,15.652,12.205
26163552200,1,15.244,12.84
26163516600,1,18.818,6.678
26163516600,1,20.292,7.607
26163516600,1,20.464,7.282
26163516600,1,20.474,7.251
26163516600,1,19.005,6.327
26163516600,1,18.818,6.678
26163522000,1,13.127,7.712
26163522000,1,13.405,7.843
26163522000,1,15.311,6.869
26163522000,1,13.875,6.201
26163522000,1,13.127,7.712
26163503100,1,22.061,19.045
26163503100,1,23.176,19.123
26163503100,1,23.515,19.159
26163503100,1,23.144,18.33
26163503100,1,22.11,18.26
26163503100,1,22.061,19.045
26163503200,1,20.458,18.936
26163503200,1,22.061,19.045
26163503200,1,22.11,18.26
26163503200,1,20.504,18.144
26163503200,1,20.458,18.936
26163503400,1,22.11,18.26
26163503400,1,23.104,18.33
26163503400,1,23.144,18.33
26163503400,1,22.772,17.492
26163503400,1,22.162,17.452
26163503400,1,22.11,18.26
26163503500,1,20.555,17.34
26163503500,1,21.363,17.4
26163503500,1,22.772,17.492
26163503500,1,22.403,16.66
26163503500,1,20.615,16.542
26163503500,1,20.555,17.34
26163503600,1,20.615,16.542
26163503600,1,22.028,16.637
26163503600,1,22.403,16.66
26163503600,1,22.363,16.572
26163503600,1,22.214,16.551
26163503600,1,20.668,15.734
26163503600,1,20.615,16.542
26163553100,1,11.433,15.148
26163553100,1,12.349,15.198
26163553100,1,12.722,14.509
26163553100,1,12.428,14.335
26163553100,1,12.101,13.923
26163553100,1,11.433,15.148
26163553200,1,10.982,15.121
26163553200,1,11.433,15.148
26163553200,1,12.101,13.923
26163553200,1,11.74,13.724
26163553200,1,10.982,15.121
26163558700,1,-9.427,8.979
26163558700,1,-7.805,9.082
26163558700,1,-7.753,8.28
26163558700,1,-9.104,8.195
26163558700,1,-9.366,8.102
26163558700,1,-9.427,8.979
26163563600,1,-18.908,5.17
26163563600,1,-18.102,5.212
26163563600,1,-17.995,3.595
26163563600,1,-18.797,3.55
26163563600,1,-18.908,5.17
26163503900,1,21.344,14.267
26163503900,1,22.035,15.831
26163503900,1,22.345,15.851
26163503900,1,22.353,15.662
26163503900,1,22.727,14.943
26163503900,1,21.388,14.255
26163503900,1,21.344,14.267
26163504100,1,23.066,15.9
26163504100,1,24,15.951
26163504100,1,23.885,15.728
26163504100,1,23.993,14.165
26163504100,1,23.066,15.9
26163504200,1,22.727,14.943
26163504200,1,23.395,15.283
26163504200,1,23.999,14.063
26163504200,1,23.284,13.79
26163504200,1,22.727,14.943
26163504300,1,22.064,14.602
26163504300,1,22.727,14.943
26163504300,1,23.284,13.79
26163504300,1,22.568,13.495
26163504300,1,22.412,13.804
26163504300,1,22.458,13.827
26163504300,1,22.064,14.602
26163504400,1,21.264,14.085
26163504400,1,21.344,14.267
26163504400,1,21.388,14.255
26163504400,1,22.064,14.602
26163504400,1,22.458,13.827
26163504400,1,22.412,13.804
26163504400,1,22.548,13.529
26163504400,1,22.366,13.448
26163504400,1,22.39,13.417
26163504400,1,22.098,13.196
26163504400,1,22.008,13.226
26163504400,1,21.498,13.853
26163504400,1,21.264,14.085
26163505100,1,18.853,18.805
26163505100,1,20.429,18.933
26163505100,1,19.018,16.133
26163505100,1,18.949,17.232
26163505100,1,18.853,18.805
26163564503,1,-20.123,-2.973
26163564503,1,-20.13,-2.65
26163564503,1,-19.997,-2.594
26163564503,1,-20.124,-0.578
26163564503,1,-19.081,-0.497
26163564503,1,-19.063,-0.404
26163564503,1,-18.994,-0.393
26163564503,1,-18.952,-0.449
26163564503,1,-18.884,-0.299
26163564503,1,-18.549,-0.15
26163564503,1,-18.46,-1.512
26163564503,1,-18.587,-1.895
26163564503,1,-18.521,-2.893
26163564503,1,-20.026,-2.996
26163564503,1,-20.123,-2.973
26163514300,1,20.534,12.439
26163514300,1,20.598,12.576
26163514300,1,20.677,12.602
26163514300,1,20.949,12.662
26163514300,1,21.377,12.686
26163514300,1,21.611,12.761
26163514300,1,21.826,12.907
26163514300,1,22.098,13.196
26163514300,1,22.439,12.83
26163514300,1,22.856,12.513
26163514300,1,23.093,12.415
26163514300,1,22.813,12.356
26163514300,1,21.125,11.409
26163514300,1,20.534,12.439
26163514500,1,20.686,11.15
26163514500,1,21.125,11.409
26163514500,1,21.673,10.448
26163514500,1,21.256,10.174
26163514500,1,20.686,11.15
26163515200,1,20.137,9.542
26163515200,1,20.864,9.943
26163515200,1,21.41,9.008
26163515200,1,20.64,8.584
26163515200,1,20.137,9.542
26163515400,1,20.87,9.946
26163515400,1,21.256,10.174
26163515400,1,22.161,8.614
26163515400,1,21.761,8.218
26163515400,1,21.356,8.977
26163515400,1,21.41,9.008
26163515400,1,20.87,9.946
26163515700,1,21.117,7.663
26163515700,1,21.334,7.815
26163515700,1,22.046,8.485
26163515700,1,22.963,9.496
26163515700,1,23.567,8.44
26163515700,1,23.122,8.059
26163515700,1,21.424,7.169
26163515700,1,21.117,7.663
26163516500,1,18.529,6.029
26163516500,1,21.117,7.663
26163516500,1,21.424,7.169
26163516500,1,20.659,6.334
26163516500,1,20.688,5.919
26163516500,1,20.192,5.87
26163516500,1,19.787,5.777
26163516500,1,19.379,5.631
26163516500,1,19.152,6.041
26163516500,1,18.656,5.787
26163516500,1,18.529,6.029
26163526500,1,9.078,6.968
26163526500,1,9.108,7.772
26163526500,1,10.098,7.823
26163526500,1,10.564,7.013
26163526500,1,10.117,7.033
26163526500,1,9.078,6.968
26163584700,1,-1.817,-9.8
26163584700,1,-0.213,-9.688
26163584700,1,-0.113,-10.169
26163584700,1,-0.155,-10.462
26163584700,1,-0.12,-11.251
26163584700,1,-1.733,-11.407
26163584700,1,-1.817,-9.8
26163569900,1,-5.828,3.36
26163569900,1,-4.216,3.464
26163569900,1,-4.178,2.865
26163569900,1,-5.797,2.761
26163569900,1,-5.828,3.36
26163559000,1,-7.753,8.28
26163559000,1,-7.36,8.306
26163559000,1,-7.356,8.224
26163559000,1,-6.953,8.249
26163559000,1,-6.958,8.332
26163559000,1,-6.154,8.383
26163559000,1,-6.097,7.582
26163559000,1,-7.698,7.48
26163559000,1,-7.753,8.28
26163541500,1,-1.165,17.567
26163541500,1,-0.374,17.62
26163541500,1,-0.274,16.036
26163541500,1,-1.061,16.016
26163541500,1,-1.165,17.567
26163546600,1,0.869,8.899
26163546600,1,1.791,8.947
26163546600,1,1.825,8.156
26163546600,1,0.926,8.103
26163546600,1,0.869,8.899
26163564504,1,-23.391,0.196
26163564504,1,-23.268,0.416
26163564504,1,-21.728,0.53
26163564504,1,-21.576,0.795
26163564504,1,-21.402,0.827
26163564504,1,-21.158,0.73
26163564504,1,-21.05,0.584
26163564504,1,-20.614,0.604
26163564504,1,-20.415,0.542
26163564504,1,-20.335,0.479
26163564504,1,-20.326,0.34
26163564504,1,-20.18,0.341
26163564504,1,-19.997,-2.594
26163564504,1,-20.13,-2.65
26163564504,1,-20.122,-2.999
26163564504,1,-23.2,-3.192
26163564504,1,-23.391,0.196
26163564402,1,-23.589,3.224
26163564402,1,-21.934,3.334
26163564402,1,-20.354,3.384
26163564402,1,-18.797,3.55
26163564402,1,-18.687,1.935
26163564402,1,-23.477,1.616
26163564402,1,-23.589,3.224
26163564501,1,-23.477,1.616
26163564501,1,-20.277,1.837
26163564501,1,-20.18,0.341
26163564501,1,-20.326,0.34
26163564501,1,-20.335,0.479
26163564501,1,-20.415,0.542
26163564501,1,-20.614,0.604
26163564501,1,-21.05,0.584
26163564501,1,-21.158,0.73
26163564501,1,-21.402,0.827
26163564501,1,-21.576,0.795
26163564501,1,-21.728,0.53
26163564501,1,-23.268,0.416
26163564501,1,-23.391,0.196
26163564501,1,-23.477,1.616
26163985900,1,16.451,9.881
26163985900,1,16.888,10.278
26163985900,1,17.385,9.355
26163985900,1,16.758,9.047
26163985900,1,16.451,9.881
26163990100,1,27.424,8.608
26163990100,1,27.692,8.781
26163990100,1,28.272,10.018
26163990100,1,28.581,10.434
26163990100,1,29.774,11.294
26163990100,1,30.109,11.654
26163990100,1,30.841,12.715
26163990100,1,31.328,14.188
26163990100,1,31.579,15.195
26163990100,1,30.956,15.431
26163990100,1,32.042,19.639
26163990100,1,41.429,19.97
26163990100,1,35.152,11.105
26163990100,1,31.518,9.861
26163990100,1,27.605,8.459
26163990100,1,27.52,8.446
26163990100,1,27.424,8.608
26163985000,1,10.098,7.823
26163985000,1,10.587,7.827
26163985000,1,11.149,6.787
26163985000,1,11.37,6.915
26163985000,1,11.57,6.568
26163985000,1,11.047,6.217
26163985000,1,10.098,7.823
26163533900,1,14.074,10.403
26163533900,1,14.755,10.773
26163533900,1,15.559,9.293
26163533900,1,14.983,8.768
26163533900,1,14.074,10.403
26163562800,1,-16.637,8.34
26163562800,1,-16.431,8.349
26163562800,1,-16.471,9.115
26163562800,1,-16.347,9.065
26163562800,1,-16.326,8.578
26163562800,1,-16.296,8.567
26163562800,1,-16.317,8.917
26163562800,1,-16.196,8.899
26163562800,1,-16.041,8.813
26163562800,1,-16.051,9.081
26163562800,1,-15.818,9.06
26163562800,1,-15.816,9.156
26163562800,1,-15.474,9.18
26163562800,1,-15.496,9.491
26163562800,1,-14.266,9.225
26163562800,1,-14.183,7.883
26163562800,1,-16.597,7.726
26163562800,1,-16.637,8.34
26163985500,1,20.659,6.334
26163985500,1,21.424,7.169
26163985500,1,23.122,8.059
26163985500,1,23.567,8.44
26163985500,1,23.938,8.405
26163985500,1,25.155,8.388
26163985500,1,25.244,8.413
26163985500,1,25.564,7.699
26163985500,1,24.63,6.997
26163985500,1,22.236,6.072
26163985500,1,20.688,5.919
26163985500,1,20.659,6.334
26163511400,1,13.811,12.51
26163511400,1,15.015,13.184
26163511400,1,15.418,12.561
26163511400,1,15.361,12.177
26163511400,1,15.51,11.828
26163511400,1,15.234,11.589
26163511400,1,14.522,11.203
26163511400,1,13.811,12.51
26163586300,1,-13.278,-6.56
26163586300,1,-12.791,-6.66
26163586300,1,-12.468,-6.891
26163586300,1,-12.301,-7.189
26163586300,1,-12.121,-7.927
26163586300,1,-12.014,-8.122
26163586300,1,-11.878,-8.27
26163586300,1,-11.569,-8.447
26163586300,1,-10.781,-8.658
26163586300,1,-10.538,-8.834
26163586300,1,-10.385,-9.034
26163586300,1,-10.259,-9.435
26163586300,1,-10.118,-11.959
26163586300,1,-12.979,-12.107
26163586300,1,-13.278,-6.56
26163587900,1,-18.521,-2.893
26163587900,1,-17.054,-2.828
26163587900,1,-16.896,-2.78
26163587900,1,-16.895,-2.826
26163587900,1,-14.738,-2.665
26163587900,1,-14.678,-3.595
26163587900,1,-13.449,-3.567
26163587900,1,-13.223,-7.528
26163587900,1,-14.503,-7.602
26163587900,1,-14.541,-7.361
26163587900,1,-14.834,-7.133
26163587900,1,-14.913,-7.015
26163587900,1,-14.973,-6.042
26163587900,1,-18.345,-6.22
26163587900,1,-18.521,-2.893
26163588200,1,-23.003,-9.079
26163588200,1,-23.045,-8.042
26163588200,1,-22.847,-8.023
26163588200,1,-19.349,-7.847
26163588200,1,-18.23,-7.753
26163588200,1,-18.219,-8.236
26163588200,1,-18.261,-8.349
26163588200,1,-18.343,-8.402
26163588200,1,-18.702,-8.46
26163588200,1,-18.771,-8.537
26163588200,1,-18.83,-8.723
26163588200,1,-18.904,-8.707
26163588200,1,-18.964,-8.849
26163588200,1,-19.118,-8.846
26163588200,1,-19.063,-9.102
26163588200,1,-19.054,-9.44
26163588200,1,-19.469,-9.272
26163588200,1,-20.038,-9.46
26163588200,1,-20.124,-9.458
26163588200,1,-20.216,-9.363
26163588200,1,-20.254,-9.119
26163588200,1,-20.331,-9.038
26163588200,1,-20.785,-9.02
26163588200,1,-21.292,-8.787
26163588200,1,-21.607,-8.915
26163588200,1,-21.803,-8.692
26163588200,1,-21.929,-8.633
26163588200,1,-22.128,-8.675
26163588200,1,-22.513,-8.926
26163588200,1,-23.003,-9.079
26163588300,1,-23.003,-9.079
26163588300,1,-22.513,-8.926
26163588300,1,-22.128,-8.675
26163588300,1,-21.995,-8.629
26163588300,1,-21.86,-8.648
26163588300,1,-21.607,-8.915
26163588300,1,-21.292,-8.787
26163588300,1,-20.785,-9.02
26163588300,1,-20.331,-9.038
26163588300,1,-20.254,-9.119
26163588300,1,-20.216,-9.363
26163588300,1,-20.124,-9.458
26163588300,1,-20.038,-9.46
26163588300,1,-19.531,-9.276
26163588300,1,-19.395,-9.279
26163588300,1,-19.054,-9.44
26163588300,1,-19.056,-9.668
26163588300,1,-18.95,-9.743
26163588300,1,-19.114,-9.82
26163588300,1,-19.147,-9.819
26163588300,1,-19.149,-9.765
26163588300,1,-19.314,-9.76
26163588300,1,-19.269,-10.327
26163588300,1,-18.914,-10.317
26163588300,1,-18.549,-9.988
26163588300,1,-18.538,-10.155
26163588300,1,-18.449,-10.074
26163588300,1,-18.152,-10.064
26163588300,1,-18.157,-9.962
26163588300,1,-18.328,-9.968
26163588300,1,-18.153,-9.866
26163588300,1,-17.933,-9.856
26163588300,1,-17.925,-10.053
26163588300,1,-18.15,-10.101
26163588300,1,-18.138,-10.261
26163588300,1,-18.029,-10.255
26163588300,1,-18.089,-10.271
26163588300,1,-18.019,-10.374
26163588300,1,-18.121,-10.377
26163588300,1,-18.074,-10.619
26163588300,1,-17.992,-10.616
26163588300,1,-17.975,-10.707
26163588300,1,-18.056,-10.705
26163588300,1,-18.03,-10.848
26163588300,1,-17.95,-10.839
26163588300,1,-17.905,-11.077
26163588300,1,-17.985,-11.081
26163588300,1,-17.886,-12.689
26163588300,1,-22.778,-12.968
26163588300,1,-23.003,-9.079
26163588400,1,-18.821,-8.696
26163588400,1,-18.766,-8.527
26163588400,1,-18.702,-8.46
26163588400,1,-18.343,-8.402
26163588400,1,-18.245,-8.327
26163588400,1,-18.23,-7.753
26163588400,1,-16.118,-7.663
26163588400,1,-15.219,-7.516
26163588400,1,-14.607,-7.605
26163588400,1,-13.223,-7.528
26163588400,1,-12.96,-12.416
26163588400,1,-17.886,-12.689
26163588400,1,-17.985,-11.081
26163588400,1,-17.643,-11.063
26163588400,1,-17.646,-10.924
26163588400,1,-17.566,-10.924
26163588400,1,-17.553,-11.059
26163588400,1,-17.198,-11.039
26163588400,1,-17.344,-9.626
26163588400,1,-17.561,-9.584
26163588400,1,-17.568,-9.508
26163588400,1,-17.126,-9.357
26163588400,1,-17.135,-9.139
26163588400,1,-17.198,-9.141
26163588400,1,-17.216,-8.863
26163588400,1,-17.152,-8.7
26163588400,1,-17.166,-8.51
26163588400,1,-17.222,-8.413
26163588400,1,-17.226,-8.288
26163588400,1,-17.659,-8.393
26163588400,1,-18.009,-8.973
26163588400,1,-18.234,-8.938
26163588400,1,-18.821,-8.696
26163522400,1,13.731,9.23
26163522400,1,14.476,9.655
26163522400,1,14.983,8.768
26163522400,1,14.586,8.419
26163522400,1,14.252,8.236
26163522400,1,13.987,8.811
26163522400,1,13.731,9.23
26163573701,1,6.686,7.62
26163573701,1,7.491,7.671
26163573701,1,7.545,6.864
26163573701,1,7.232,6.846
26163573701,1,7.202,7.248
26163573701,1,6.712,7.215
26163573701,1,6.686,7.62
26163573702,1,6.712,7.215
26163573702,1,7.202,7.248
26163573702,1,7.232,6.846
26163573702,1,7.545,6.864
26163573702,1,7.65,5.252
26163573702,1,7.349,5.233
26163573702,1,6.811,5.746
26163573702,1,6.712,7.215
26163567202,1,-7.625,6.653
26163567202,1,-6.037,6.747
26163567202,1,-5.984,5.948
26163567202,1,-6.455,5.909
26163567202,1,-6.901,5.576
26163567202,1,-7.197,5.541
26163567202,1,-7.183,5.343
26163567202,1,-7.317,5.334
26163567202,1,-7.296,5.073
26163567202,1,-7.53,5.053
26163567202,1,-7.567,5.789
26163567202,1,-7.448,6.089
26163567202,1,-7.625,6.653
26163589300,1,-17.886,-12.689
26163589300,1,-12.96,-12.416
26163589300,1,-12.453,-22.273
26163589300,1,-17.356,-22.522
26163589300,1,-17.292,-22.304
26163589300,1,-17.362,-20.906
26163589300,1,-17.541,-19.277
26163589300,1,-17.886,-12.689
26163590600,1,-7.882,-16.66
26163590600,1,-3.052,-16.418
26163590600,1,-2.885,-20.161
26163590600,1,-3.336,-19.931
26163590600,1,-3.386,-19.752
26163590600,1,-3.618,-19.799
26163590600,1,-3.624,-19.881
26163590600,1,-3.75,-19.883
26163590600,1,-3.847,-19.939
26163590600,1,-3.965,-19.894
26163590600,1,-4.094,-19.592
26163590600,1,-4.235,-19.493
26163590600,1,-4.296,-19.562
26163590600,1,-4.372,-19.556
26163590600,1,-4.448,-19.654
26163590600,1,-4.518,-19.672
26163590600,1,-4.547,-19.626
26163590600,1,-4.464,-19.493
26163590600,1,-4.46,-19.416
26163590600,1,-4.578,-19.301
26163590600,1,-4.884,-19.369
26163590600,1,-5.057,-19.554
26163590600,1,-5.201,-19.581
26163590600,1,-5.352,-19.664
26163590600,1,-5.477,-19.661
26163590600,1,-5.602,-19.595
26163590600,1,-5.865,-19.347
26163590600,1,-5.829,-19.101
26163590600,1,-5.857,-18.97
26163590600,1,-5.913,-18.858
26163590600,1,-6.024,-18.796
26163590600,1,-6.178,-18.818
26163590600,1,-6.429,-19.039
26163590600,1,-6.603,-19.062
26163590600,1,-6.812,-19.155
26163590600,1,-6.963,-19.156
26163590600,1,-7.135,-19.099
26163590600,1,-7.263,-18.947
26163590600,1,-7.27,-18.825
26163590600,1,-7.138,-18.682
26163590600,1,-6.845,-18.587
26163590600,1,-6.857,-18.232
26163590600,1,-6.923,-18.111
26163590600,1,-7.035,-18.035
26163590600,1,-7.118,-18.047
26163590600,1,-7.19,-18.203
26163590600,1,-7.331,-18.274
26163590600,1,-7.418,-18.261
26163590600,1,-7.575,-18.1
26163590600,1,-7.627,-17.984
26163590600,1,-7.593,-17.549
26163590600,1,-7.68,-17.272
26163590600,1,-7.762,-17.226
26163590600,1,-7.849,-17.274
26163590600,1,-7.882,-16.66
26163591700,1,-3.157,-14.827
26163591700,1,0.065,-14.679
26163591700,1,0.126,-16.254
26163591700,1,-0.982,-18.739
26163591700,1,-2.94,-18.839
26163591700,1,-3.157,-14.827
26163591800,1,-0.978,-18.733
26163591800,1,0.126,-16.254
26163591800,1,0.065,-14.679
26163591800,1,0.872,-14.542
26163591800,1,1.042,-17.844
26163591800,1,0.24,-17.892
26163591800,1,0.275,-18.679
26163591800,1,-0.978,-18.733
26163552300,1,16.156,13.337
26163552300,1,16.736,13.65
26163552300,1,17.095,12.99
26163552300,1,16.514,12.67
26163552300,1,16.156,13.337
26163552400,1,16.617,13.868
26163552400,1,17.562,13.902
26163552400,1,17.637,12.323
26163552400,1,17.468,12.314
26163552400,1,17.443,12.35
26163552400,1,16.617,13.868
26163553000,1,12.349,15.198
26163553000,1,13.653,15.289
26163553000,1,14.344,14.205
26163553000,1,13.994,14.054
26163553000,1,13.205,13.622
26163553000,1,12.349,15.198
26163553800,1,12.477,13.232
26163553800,1,13.205,13.622
26163553800,1,13.811,12.51
26163553800,1,13.078,12.123
26163553800,1,12.477,13.232
26163554100,1,-5.133,17.313
26163554100,1,-2.75,17.463
26163554100,1,-2.661,15.896
26163554100,1,-2.726,15.893
26163554100,1,-5.12,17.094
26163554100,1,-5.133,17.313
26163554200,1,-5.12,17.094
26163554200,1,-3.389,16.228
26163554200,1,-2.726,15.893
26163554200,1,-5.032,15.714
26163554200,1,-5.12,17.094
26163554300,1,-5.032,15.714
26163554300,1,-3.457,15.849
26163554300,1,-3.359,14.256
26163554300,1,-4.93,14.118
26163554300,1,-5.032,15.714
26163571500,1,-0.181,4.707
26163571500,1,-0.209,5.674
26163571500,1,-0.034,6.068
26163571500,1,0.032,6.104
26163571500,1,0.486,6.148
26163571500,1,0.551,6.228
26163571500,1,0.547,6.388
26163571500,1,1.239,6.512
26163571500,1,1.722,6.543
26163571500,1,1.772,5.728
26163571500,1,1.974,5.746
26163571500,1,2.006,5.08
26163571500,1,1.781,5.05
26163571500,1,1.603,4.932
26163571500,1,1.127,4.793
26163571500,1,-0.181,4.707
26163571600,1,-1.177,6.263
26163571600,1,0.547,6.388
26163571600,1,0.554,6.244
26163571600,1,0.508,6.162
26163571600,1,-0.003,6.091
26163571600,1,-0.187,5.763
26163571600,1,-0.181,4.698
26163571600,1,-1.065,4.671
26163571600,1,-1.177,6.263
26163571700,1,-1.333,7.976
26163571700,1,-0.618,8.018
26163571700,1,-0.43,6.317
26163571700,1,-1.177,6.263
26163571700,1,-1.333,7.976
26163554400,1,-3.457,15.849
26163554400,1,-2.661,15.896
26163554400,1,-2.556,14.31
26163554400,1,-3.359,14.256
26163554400,1,-3.457,15.849
26163554500,1,-3.359,14.256
26163554500,1,-2.556,14.31
26163554500,1,-2.511,13.506
26163554500,1,-1.647,13.565
26163554500,1,-1.603,12.768
26163554500,1,-3.259,12.657
26163554500,1,-3.359,14.256
26163554600,1,-4.93,14.118
26163554600,1,-3.359,14.256
26163554600,1,-3.259,12.657
26163554600,1,-4.825,12.498
26163554600,1,-4.93,14.118
26163554700,1,-4.825,12.498
26163554700,1,-3.259,12.657
26163554700,1,-3.167,11.048
26163554700,1,-3.872,11.032
26163554700,1,-4.713,10.894
26163554700,1,-4.825,12.498
26163554800,1,-3.259,12.657
26163554800,1,-1.603,12.768
26163554800,1,-1.507,11.146
26163554800,1,-3.167,11.048
26163554800,1,-3.259,12.657
26163554900,1,-4.713,10.894
26163554900,1,-4.276,10.99
26163554900,1,-3.635,11.054
26163554900,1,-3.063,11.05
26163554900,1,-1.507,11.146
26163554900,1,-1.465,10.366
26163554900,1,-4.656,10.116
26163554900,1,-4.713,10.894
26163555100,1,-4.656,10.116
26163555100,1,-3.12,10.257
26163555100,1,-3.028,8.664
26163555100,1,-4.548,8.501
26163555100,1,-4.656,10.116
26163555300,1,-3.12,10.257
26163555300,1,-1.49,10.364
26163555300,1,-1.431,8.772
26163555300,1,-3.028,8.664
26163555300,1,-3.12,10.257
26163555500,1,-3.028,8.664
26163555500,1,-1.431,8.772
26163555500,1,-1.395,8.179
26163555500,1,-1.333,7.976
26163555500,1,-2.971,7.866
26163555500,1,-3.028,8.664
26163555600,1,-4.548,8.501
26163555600,1,-3.028,8.664
26163555600,1,-2.971,7.866
26163555600,1,-4.495,7.684
26163555600,1,-4.548,8.501
26163556100,1,-6.647,15.606
26163556100,1,-6.745,17.211
26163556100,1,-5.133,17.313
26163556100,1,-5.032,15.714
26163556100,1,-6.647,15.606
26163571800,1,-2.971,7.866
26163571800,1,-1.333,7.976
26163571800,1,-1.22,6.792
26163571800,1,-1.643,6.965
26163571800,1,-2.336,6.872
26163571800,1,-2.49,6.912
26163571800,1,-2.71,7.223
26163571800,1,-2.896,7.301
26163571800,1,-2.971,7.866
26163572200,1,-4.39,6.072
26163572200,1,-2.793,6.167
26163572200,1,-2.677,4.566
26163572200,1,-4.282,4.47
26163572200,1,-4.39,6.072
26163572600,1,-2.347,-0.455
26163572600,1,-0.755,-0.354
26163572600,1,-0.669,-1.751
26163572600,1,-2.266,-1.853
26163572600,1,-2.347,-0.455
26163572700,1,-0.755,-0.354
26163572700,1,0.85,-0.256
26163572700,1,0.94,-1.66
26163572700,1,-0.669,-1.751
26163572700,1,-0.755,-0.354
26163571900,1,-4.495,7.684
26163571900,1,-2.971,7.866
26163571900,1,-2.793,6.167
26163571900,1,-4.39,6.072
26163571900,1,-4.495,7.684
26163572000,1,-2.896,7.301
26163572000,1,-2.71,7.223
26163572000,1,-2.561,6.972
26163572000,1,-2.435,6.886
26163572000,1,-1.672,6.967
26163572000,1,-1.22,6.792
26163572000,1,-1.177,6.263
26163572000,1,-2.793,6.167
26163572000,1,-2.896,7.301
26163572800,1,0.85,-0.256
26163572800,1,2.454,-0.158
26163572800,1,2.52,-1.16
26163572800,1,2.479,-1.565
26163572800,1,0.94,-1.66
26163572800,1,0.85,-0.256
26163572900,1,2.479,-1.565
26163572900,1,2.52,-1.16
26163572900,1,2.454,-0.158
26163572900,1,2.664,-0.146
26163572900,1,3.621,-0.712
26163572900,1,3.317,-1.243
26163572900,1,3.114,-1.464
26163572900,1,2.901,-1.542
26163572900,1,2.479,-1.565
26163573000,1,-4.282,4.47
26163573000,1,-2.274,4.59
26163573000,1,-2.221,3.791
26163573000,1,-4.228,3.662
26163573000,1,-4.282,4.47
26163573100,1,-4.228,3.662
26163573100,1,-2.221,3.791
26163573100,1,-2.163,2.983
26163573100,1,-4.178,2.865
26163573100,1,-4.228,3.662
26163573300,1,5.213,5.72
26163573300,1,6.75,5.803
26163573300,1,7.349,5.233
26163573300,1,6.736,5.167
26163573300,1,5.253,5.117
26163573300,1,5.213,5.72
26163573400,1,5.253,5.117
26163573400,1,6.048,5.153
26163573400,1,6.123,4.059
26163573400,1,5.355,3.702
26163573400,1,5.253,5.117
26163556200,1,-8.342,17.106
26163556200,1,-6.745,17.211
26163556200,1,-6.647,15.606
26163556200,1,-8.248,15.496
26163556200,1,-8.342,17.106
26163556300,1,-9.949,16.996
26163556300,1,-8.342,17.106
26163556300,1,-8.248,15.496
26163556300,1,-9.853,15.397
26163556300,1,-9.949,16.996
26163556400,1,-13.068,15.206
26163556400,1,-13.142,16.782
26163556400,1,-9.949,16.996
26163556400,1,-9.853,15.397
26163556400,1,-13.068,15.206
26163556500,1,-14.728,16.669
26163556500,1,-13.142,16.782
26163556500,1,-12.968,13.587
26163556500,1,-14.529,13.532
26163556500,1,-14.728,16.669
26163556600,1,-13.068,15.206
26163556600,1,-11.466,15.295
26163556600,1,-11.389,14.104
26163556600,1,-11.321,13.88
26163556600,1,-11.362,13.686
26163556600,1,-12.968,13.587
26163556600,1,-13.068,15.206
26163556700,1,-11.454,15.296
26163556700,1,-9.853,15.397
26163556700,1,-9.749,13.79
26163556700,1,-11.362,13.686
26163556700,1,-11.321,13.88
26163556700,1,-11.389,14.104
26163556700,1,-11.454,15.296
26163556800,1,-9.853,15.397
26163556800,1,-8.248,15.496
26163556800,1,-8.142,13.894
26163556800,1,-9.749,13.79
26163556800,1,-9.853,15.397
26163557100,1,-6.538,13.999
26163557100,1,-4.93,14.118
26163557100,1,-4.825,12.498
26163557100,1,-6.431,12.396
26163557100,1,-6.538,13.999
26163557300,1,-9.749,13.79
26163557300,1,-8.142,13.894
26163557300,1,-8.037,12.291
26163557300,1,-9.654,12.198
26163557300,1,-9.749,13.79
26163557400,1,-11.362,13.686
26163557400,1,-9.749,13.79
26163557400,1,-9.654,12.198
26163557400,1,-11.125,12.111
26163557400,1,-11.18,12.891
26163557400,1,-11.256,12.887
26163557400,1,-11.362,13.686
26163557500,1,-12.968,13.587
26163557500,1,-11.362,13.686
26163557500,1,-11.256,12.887
26163557500,1,-11.18,12.891
26163557500,1,-11.125,12.111
26163557500,1,-12.861,11.997
26163557500,1,-12.968,13.587
26163574000,1,6.048,5.153
26163574000,1,7.153,5.192
26163574000,1,7.65,5.252
26163574000,1,7.684,4.731
26163574000,1,6.123,4.059
26163574000,1,6.048,5.153
26163574100,1,5.355,3.702
26163574100,1,7.684,4.731
26163574100,1,7.701,4.45
26163574100,1,8.008,3.881
26163574100,1,5.574,3.323
26163574100,1,5.355,3.702
26163573600,1,7.491,7.671
26163573600,1,9.108,7.772
26163573600,1,9.131,7.551
26163573600,1,9.078,6.968
26163573600,1,8.983,6.476
26163573600,1,8.896,6.315
26163573600,1,8.782,6.214
26163573600,1,8.612,6.124
26163573600,1,8.403,6.086
26163573600,1,8.45,5.306
26163573600,1,7.65,5.252
26163573600,1,7.491,7.671
26163573800,1,5.088,7.522
26163573800,1,6.686,7.62
26163573800,1,6.811,5.746
26163573800,1,5.755,6.753
26163573800,1,5.141,6.721
26163573800,1,5.088,7.522
26163557600,1,-14.529,13.532
26163557600,1,-12.968,13.587
26163557600,1,-12.861,11.997
26163557600,1,-14.429,11.905
26163557600,1,-14.529,13.532
26163557700,1,-14.429,11.905
26163557700,1,-12.861,11.997
26163557700,1,-12.752,10.376
26163557700,1,-13.239,10.35
26163557700,1,-13.475,10.383
26163557700,1,-14.362,10.786
26163557700,1,-14.429,11.905
26163558000,1,-9.654,12.198
26163558000,1,-8.037,12.291
26163558000,1,-7.928,10.671
26163558000,1,-9.539,10.568
26163558000,1,-9.654,12.198
26163558100,1,-8.037,12.291
26163558100,1,-6.431,12.396
26163558100,1,-6.315,10.777
26163558100,1,-7.928,10.671
26163558100,1,-8.037,12.291
26163558200,1,-6.431,12.396
26163558200,1,-4.825,12.498
26163558200,1,-4.716,10.927
26163558200,1,-6.318,10.814
26163558200,1,-6.431,12.396
26163558400,1,-14.266,9.225
26163558400,1,-12.652,8.884
26163558400,1,-12.512,7.182
26163558400,1,-14.134,7.08
26163558400,1,-14.266,9.225
26163558500,1,-12.652,8.884
26163558500,1,-12.194,8.817
26163558500,1,-10.634,8.917
26163558500,1,-10.529,7.304
26163558500,1,-12.512,7.182
26163558500,1,-12.652,8.884
26163558800,1,-9.366,8.102
26163558800,1,-9.104,8.195
26163558800,1,-7.753,8.28
26163558800,1,-7.698,7.48
26163558800,1,-9.296,7.381
26163558800,1,-9.366,8.102
26163558900,1,-7.805,9.082
26163558900,1,-6.214,9.184
26163558900,1,-6.154,8.383
26163558900,1,-6.958,8.332
26163558900,1,-6.953,8.249
26163558900,1,-7.356,8.224
26163558900,1,-7.36,8.306
26163558900,1,-7.753,8.28
26163558900,1,-7.805,9.082
26163574600,1,-1.065,4.671
26163574600,1,-0.181,4.698
26163574600,1,-0.148,4.48
26163574600,1,0.306,3.749
26163574600,1,-0.13,2.981
26163574600,1,-0.346,3.1
26163574600,1,-0.96,3.066
26163574600,1,-1.065,4.671
26163574700,1,-2.274,4.59
26163574700,1,-1.065,4.671
26163574700,1,-0.96,3.066
26163574700,1,-2.163,2.983
26163574700,1,-2.274,4.59
26163574800,1,-2.163,2.983
26163574800,1,-0.303,3.089
26163574800,1,-0.13,2.981
26163574800,1,-0.25,2.692
26163574800,1,-0.237,2.119
26163574800,1,-0.495,2.105
26163574800,1,-0.643,2.006
26163574800,1,-0.672,1.939
26163574800,1,-1.115,1.713
26163574800,1,-1.48,1.856
26163574800,1,-1.631,1.829
26163574800,1,-1.978,1.958
26163574800,1,-2.087,1.843
26163574800,1,-2.163,2.983
26163574900,1,-2.087,1.843
26163574900,1,-1.978,1.958
26163574900,1,-1.631,1.829
26163574900,1,-1.48,1.856
26163574900,1,-1.091,1.722
26163574900,1,-0.988,1.806
26163574900,1,-0.672,1.939
26163574900,1,-0.643,2.006
26163574900,1,-0.495,2.105
26163574900,1,-0.204,2.121
26163574900,1,-0.003,2.24
26163574900,1,0.102,2.332
26163574900,1,0.116,2.513
26163574900,1,0.221,2.59
26163574900,1,0.449,2.637
26163574900,1,0.541,2.606
26163574900,1,0.649,2.673
26163574900,1,0.665,2.806
26163574900,1,0.756,2.901
26163574900,1,0.83,2.921
26163574900,1,0.894,2.861
26163574900,1,1.108,2.825
26163574900,1,1.161,2.959
26163574900,1,1.41,3.053
26163574900,1,1.49,3.169
26163574900,1,1.624,3.08
26163574900,1,1.653,2.974
26163574900,1,1.629,2.817
26163574900,1,1.717,2.731
26163574900,1,1.919,2.705
26163574900,1,1.992,2.755
26163574900,1,2.016,2.853
26163574900,1,2.095,2.764
26163574900,1,2.137,2.767
26163574900,1,2.178,2.836
26163574900,1,2.257,2.781
26163574900,1,2.319,3.026
26163574900,1,2.429,2.916
26163574900,1,2.485,2.909
26163574900,1,2.743,2.996
26163574900,1,2.923,3.009
26163574900,1,2.984,2.98
26163574900,1,3.145,2.768
26163574900,1,1.947,2.486
26163574900,1,-1.25,1.283
26163574900,1,-2.041,1.074
26163574900,1,-2.087,1.843
26163575000,1,-0.218,1.676
26163575000,1,1.501,2.324
26163575000,1,1.6,2.146
26163575000,1,1.748,2.04
26163575000,1,1.644,1.879
26163575000,1,1.701,1.812
26163575000,1,1.102,0.78
26163575000,1,-0.144,1.484
26163575000,1,-0.199,1.555
26163575000,1,-0.218,1.676
26163575100,1,-0.871,1.427
26163575100,1,-0.218,1.676
26163575100,1,-0.199,1.555
26163575100,1,-0.144,1.484
26163575100,1,0.899,0.895
26163575100,1,0.797,0.722
26163575100,1,0.575,0.734
26163575100,1,0.396,0.672
26163575100,1,0.391,0.724
26163575100,1,-0.817,0.65
26163575100,1,-0.871,1.427
