"YEAR","STATE","STATE_ABV","TOTAL_BALLOTS_COUNTED","VOTE_FOR_HIGHEST_OFFICE","VAP","NONCITIZEN_PCT","INELIGIBLE_PRISON","INELIGIBLE_PROBATION","INELIGIBLE_PAROLE","INELIGIBLE_FELONS_TOTAL","ELIGIBLE_OVERSEAS","VEP","VEP_TURNOUT_RATE","VAP_TURNOUT_RATE","rate_vap_hi","rate_vep_hi","rate_vap_tb","rate_vep_tb","gap_hi","gap_tb","presidential","vep_recon","vep_recon_pct_err","pub_vep_err","pub_vap_err","inelig_pct"
1980,"Alabama","AL",NA,1341929,2753078,0.4,6543,10985,2547,14583,NA,2727483,NA,NA,48.7429,49.2003,NA,NA,0.457408,NA,TRUE,2727483,-0.0000114391,NA,NA,0.929687
1980,"Alaska","AK",162653,158445,277261,2,822,1181,93,1506,NA,270210,60.2,58.66,57.1465,58.6377,58.6642,60.195,1.49121,1.53081,TRUE,270210,-0.0000814182,-0.00496651,0.00421891,2.54309
1980,"Arizona","AZ",898183,873945,1968947,3.4,4372,12584,1093,11757,NA,1890246,47.52,45.62,44.3864,46.2345,45.6174,47.5167,1.84804,1.8993,TRUE,1890246,-0.0000104748,-0.00327466,-0.00257099,3.99711
1980,"Arkansas","AR",NA,837582,1624917,0.5,2911,2400,2855,6966,NA,1609826,NA,NA,51.5461,52.0293,NA,NA,0.483209,NA,TRUE,1609826,0.0000257792,NA,NA,0.928724
1980,"California","CA",8775459,8587063,17551451,10.8,24569,0,15253,39822,NA,15616072,56.2,50,48.9251,54.9886,49.9985,56.195,6.06353,6.19657,TRUE,15616072,0.00000186987,-0.004953,-0.00151839,11.0269
1980,"Colorado","CO",1225549,1184415,2118092,2,2629,0,927,3556,NA,2072174,59.14,57.86,55.919,57.1581,57.861,59.1432,1.23913,1.28216,TRUE,2072174,0.00000772136,0.00315111,0.000989985,2.16789
1980,"Connecticut","CT",1423403,1406285,2305904,3.8,4308,22981,1932,17731,NA,2200549,64.68,61.73,60.9863,63.9061,61.7286,64.684,2.91982,2.95536,TRUE,2200549,-0.000015996,0.00399477,-0.00136776,4.56892
1980,"Delaware","DE",239136,235900,430879,1.3,1474,3762,619,3974,NA,421304,56.76,55.5,54.7485,55.9928,55.4996,56.7609,1.24427,1.26134,TRUE,421304,-0.000101352,0.000913735,-0.000428194,2.2222
1980,"District of Columbia","DC",178434,175237,496230,4.5,3145,0,0,3145,NA,470755,37.9,35.96,35.3137,37.2247,35.9579,37.9038,1.91101,1.94587,TRUE,470755,-0.0000743487,0.00379284,-0.00207726,5.13371
1980,"Florida","FL",NA,3686930,7575002,5.8,20735,38906,8823,49011,NA,7086641,NA,NA,48.6723,52.0265,NA,NA,3.35415,NA,TRUE,7086641,-0.00000163688,NA,NA,6.44701
1980,"Georgia","GA",NA,1596695,3870251,0.9,12178,58450,3169,44572,NA,3790847,NA,NA,41.2556,42.1197,NA,NA,0.86415,NA,TRUE,3790847,-0.00000683225,NA,NA,2.05165
1980,"Hawaii","HI",318026,303287,695906,6.9,985,0,0,985,NA,646903,49.16,45.7,43.5816,46.8829,45.6996,49.1613,3.30131,3.46175,TRUE,646903,0.0000751272,0.00131166,-0.000437128,7.04161
1980,"Idaho","ID",446045,437431,644004,1.5,817,0,0,817,NA,633527,70.41,69.26,67.9236,69.0469,69.2612,70.4066,1.12329,1.14541,TRUE,633527,-0.00000947079,-0.00337171,0.00121577,1.62685
1980,"Illinois","IL",4868890,4749721,8216218,4.1,11899,0,0,11899,NA,7867454,61.89,59.26,57.8091,60.3718,59.2595,61.8865,2.56268,2.62697,TRUE,7867454,0.000000788057,-0.0035244,-0.000496418,4.24482
1980,"Indiana","IN",2275433,2242033,3885473,0.8,6683,0,0,6683,NA,3847706,59.14,58.56,57.703,58.2693,58.5626,59.1374,0.566381,0.574819,TRUE,3847706,0.00000561373,-0.00260749,0.00257398,0.972005
1980,"Iowa","IA",1314258,1317661,2093321,0.7,2481,8815,639,7528,NA,2071140,63.46,62.78,62.946,63.6201,62.7834,63.4558,0.674124,0.672383,TRUE,2071140,-0.0000119258,-0.00422202,0.00339538,1.05961
1980,"Kansas","KS",NA,979795,1726471,1.1,2494,0,0,2494,NA,1704986,NA,NA,56.7513,57.4665,NA,NA,0.715139,NA,TRUE,1704986,-0.0000106159,NA,NA,1.24445
1980,"Kentucky","KY",NA,1294627,2592185,0.5,3588,12400,8120,17908,NA,2561316,NA,NA,49.9435,50.5454,NA,NA,0.601919,NA,TRUE,2561316,0.00000292818,NA,NA,1.19085
1980,"Louisiana","LA",NA,1548591,2910776,1.1,8889,0,0,8889,NA,2869868,NA,NA,53.202,53.9604,NA,NA,0.758358,NA,TRUE,2869868,0.000016168,NA,NA,1.4054
1980,"Maine","ME",NA,523011,810240,1.3,0,0,0,0,NA,799707,NA,NA,64.5501,65.4003,NA,NA,0.850195,NA,TRUE,799707,-0.0000150055,NA,NA,1.29999
1980,"Maryland","MD",1557709,1540496,3081409,2.7,7731,41661,6436,34998,NA,2963213,52.57,50.55,49.9932,51.9874,50.5518,52.5682,1.99412,2.0164,TRUE,2963213,-0.00000145113,-0.00175735,0.00184171,3.83578
1980,"Massachusetts","MA",2566807,2524298,4281265,4,0,0,0,0,NA,4110014,62.45,59.95,58.9615,61.4182,59.9544,62.4525,2.45674,2.49811,TRUE,4110014,0.00000973233,0.00251233,0.004406,4.00001
1980,"Michigan","MI",3978647,3909725,6514790,1.9,15124,0,0,15124,NA,6375885,62.4,61.07,60.0131,61.3205,61.071,62.4015,1.30744,1.33049,TRUE,6375885,-0.000000156841,0.00148623,0.000993846,2.13215
1980,"Minnesota","MN",2079451,2051980,2929927,1,2001,27000,1534,17035,NA,2883593,72.11,70.97,70.0352,71.1605,70.9728,72.1132,1.12534,1.1404,TRUE,2883593,-0.00000936332,0.00319351,0.00279215,1.5814
1980,"Mississippi","MS",NA,892620,1719825,0.4,3902,4864,2292,8626,NA,1704320,NA,NA,51.9018,52.374,NA,NA,0.472175,NA,TRUE,1704320,-0.0000176023,NA,NA,0.901545
1980,"Missouri","MO",NA,2099824,3571609,0.7,5726,17400,2395,16821,NA,3529787,NA,NA,58.7921,59.4887,NA,NA,0.696587,NA,TRUE,3529787,-0.00000745087,NA,NA,1.17096
1980,"Montana","MT",371976,363952,559165,0.7,739,0,0,739,NA,554512,67.08,66.52,65.0885,65.6346,66.5235,67.0817,0.546168,0.558209,TRUE,554512,-0.0000279525,0.00168624,0.00347697,0.832134
1980,"Nebraska","NE",651281,640854,1129653,0.8,1446,7980,292,5728,NA,1114888,58.42,57.65,56.7302,57.4815,57.6532,58.4167,0.751305,0.763529,TRUE,1114888,-0.0000200917,-0.00328011,0.00319085,1.30704
1980,"Nevada","NV",297318,247885,602463,4,1839,4989,1052,5386,NA,572978,51.89,49.35,41.1453,43.2626,49.3504,51.89,2.1173,2.53953,TRUE,572978,0.0000837728,-0.0000496005,0.00041654,4.89408
1980,"New Hampshire","NH",402415,383990,671558,1.6,326,0,0,326,NA,660487,60.93,59.92,57.179,58.1374,59.9226,60.927,0.958427,1.00442,TRUE,660487,0.000010901,-0.00298705,0.0025979,1.64855
1980,"New Jersey","NJ",2999879,2975684,5420255,4.9,5884,29239,8911,29415,NA,5125248,58.53,55.35,54.8993,58.0593,55.3457,58.5314,3.15998,3.18567,TRUE,5125248,-0.00000965807,0.00139204,-0.00428287,5.44268
1980,"New Mexico","NM",464848,456971,897946,2.3,1279,2794,884,3560,NA,873733,53.2,51.77,50.8907,52.301,51.7679,53.2025,1.41029,1.4346,TRUE,873733,0.0000276972,0.00252297,-0.00207632,2.69649
1980,"New York","NY",6359218,6201959,12932357,6.8,21815,0,19652,41467,NA,12011490,52.94,49.17,47.9569,51.6336,49.1729,52.9428,3.67664,3.76987,TRUE,12011490,-0.0000022978,0.00279061,0.00292339,7.12064
1980,"North Carolina","NC",NA,1855833,4272156,0.7,15513,36467,6496,40243,NA,4202008,NA,NA,43.4402,44.1654,NA,NA,0.725187,NA,TRUE,4202008,-0.00000218943,NA,NA,1.64198
1980,"North Dakota","ND",314525,301545,465447,0.6,253,0,0,253,NA,462401,68.02,67.57,64.7861,65.2129,67.5748,68.02,0.426769,0.445139,TRUE,462401,0.0000687715,-0.0000346453,0.00482592,0.654425
1980,"Ohio","OH",4378937,4283603,7732705,1.1,13489,0,0,13489,NA,7634156,57.36,56.63,55.3959,56.111,56.6288,57.3598,0.715104,0.731019,TRUE,7634156,0.00000320926,-0.000194934,-0.00121357,1.27444
1980,"Oklahoma","OK",1172303,1149708,2201257,1.1,4796,14360,2232,14208,NA,2162835,54.2,53.26,52.2296,53.1575,53.2561,54.2021,0.927841,0.946075,TRUE,2162835,0.00000799876,0.00214672,-0.00392858,1.74546
1980,"Oregon","OR",1209691,1181516,1925651,2.2,3177,0,0,3177,NA,1880110,64.34,62.82,61.3567,62.8429,62.8198,64.3415,1.48621,1.52165,TRUE,1880110,-0.0000171267,0.0015013,-0.000153621,2.36497
1980,"Pennsylvania","PA",NA,4561501,8774885,1.2,8171,0,0,8171,NA,8661415,NA,NA,51.9836,52.6646,NA,NA,0.681018,NA,TRUE,8661415,0.00000438727,NA,NA,1.29312
1980,"Rhode Island","RI",423349,416072,709692,4.3,813,5501,257,3821,NA,675354,62.69,59.65,58.6271,61.608,59.6525,62.6855,2.98086,3.033,TRUE,675354,0.0000361292,-0.00450469,0.00249714,4.83844
1980,"South Carolina","SC",922397,894071,2212354,0.6,7862,20589,3124,21281,NA,2177799,42.35,41.69,40.4127,41.0539,41.693,42.3546,0.641225,0.66154,TRUE,2177799,-0.00000569382,0.00455154,0.00301115,1.56191
1980,"South Dakota","SD",NA,327703,486893,0.4,635,0,0,635,NA,484310,NA,NA,67.3049,67.6639,NA,NA,0.358961,NA,TRUE,484310,0.0000883731,NA,NA,0.530507
1980,"Tennessee","TN",NA,1617616,3318036,0.5,7022,9130,3097,14684,NA,3286762,NA,NA,48.7522,49.2161,NA,NA,0.463884,NA,TRUE,3286762,-0.00000547651,NA,NA,0.942546
1980,"Texas","TX",NA,4541636,10120613,4.3,29892,131996,17235,113125,NA,9572302,NA,NA,44.8751,47.4456,NA,NA,2.57049,NA,TRUE,9572302,-0.0000037504,NA,NA,5.41776
1980,"Utah","UT",609691,604222,934767,2.1,0,0,0,0,NA,915137,66.62,65.22,64.6388,66.0253,65.2238,66.6229,1.38652,1.39907,TRUE,915137,-0.0000116922,0.00292094,0.00384723,2.09999
1980,"Vermont","VT",215500,213299,369147,1.6,0,0,0,0,NA,363241,59.33,58.38,57.7816,58.7211,58.3778,59.327,0.939481,0.949175,TRUE,363241,-0.0000969054,-0.00299672,-0.0021722,1.5999
1980,"Virginia","VA",NA,1866032,3927383,2,8920,11463,4783,19435,NA,3829400,NA,NA,47.5134,48.7291,NA,NA,1.21573,NA,TRUE,3829400,0.00000887868,NA,NA,2.49487
1980,"Washington","WA",1772904,1742394,3037193,2.9,4399,12527,14669,25332,NA,2923782,60.64,58.37,57.3686,59.5938,58.3731,60.6374,2.22528,2.26424,TRUE,2923782,0.0000137835,-0.00264742,0.00310964,3.73407
1980,"West Virginia","WV",742150,737715,1396595,0.5,1257,2650,475,3057,NA,1386555,53.52,53.14,52.8224,53.2049,53.14,53.5247,0.382485,0.384785,TRUE,1386555,0.00000180303,0.00474298,-0.0000417444,0.718891
1980,"Wisconsin","WI",NA,2273221,3371087,1,3980,19088,2639,16163,NA,3321213,NA,NA,67.4329,68.4455,NA,NA,1.01263,NA,TRUE,3321213,0.00000391423,NA,NA,1.47946
1980,"Wyoming","WY",181004,176713,330784,0.9,534,940,154,1158,NA,326649,55.41,54.72,53.4225,54.0987,54.7197,55.4124,0.676267,0.692688,TRUE,326649,-0.0000171438,0.00238455,-0.000303763,1.25006
1982,"Alabama","AL",NA,1128725,2813033,0.5,9233,14229,2266,18614,NA,2780354,NA,NA,40.1248,40.5964,NA,NA,0.471609,NA,FALSE,2780354,-0.0000059345,NA,NA,1.1617
1982,"Alaska","AK",199458,194885,316787,2.2,1322,1816,101,2331,NA,307487,64.87,62.96,61.5193,63.3799,62.9628,64.8671,1.86066,1.90432,FALSE,307487,-0.000102118,-0.00286741,0.00281097,2.93573
1982,"Arizona","AZ",742923,726364,2112246,3.8,6069,14949,1527,15071,NA,2016910,36.83,35.17,34.3882,36.0137,35.1722,36.8347,1.62547,1.66253,FALSE,2016910,-0.0000172541,0.00471251,0.00218165,4.51349
1982,"Arkansas","AR",NA,789351,1656707,0.5,3922,3384,3061,8675,NA,1639748,NA,NA,47.6458,48.1386,NA,NA,0.492774,NA,FALSE,1639748,0.000028358,NA,NA,1.02366
1982,"California","CA",8064314,7876698,18448245,12.1,34640,0,18913,53553,NA,16162454,49.9,43.71,42.6962,48.7345,43.7132,49.8954,6.03835,6.18218,FALSE,16162454,0.00000219645,-0.00464376,0.00317705,12.3903
1982,"Colorado","CO",1037774,956021,2248839,2.1,3042,0,1202,4244,NA,2197369,47.23,46.15,42.5118,43.5075,46.1471,47.228,0.995773,1.08093,FALSE,2197369,0.0000173389,-0.00197412,-0.00289921,2.28874
1982,"Connecticut","CT",1112428,1084156,2369975,4,5156,33061,1311,22998,NA,2252178,49.39,46.94,45.7455,48.1381,46.9384,49.3934,2.39265,2.45505,FALSE,2252178,0,0.0034316,-0.00161457,4.97039
1982,"Delaware","DE",195726,190960,441374,1.4,2068,4626,621,5002,NA,430193,45.5,44.34,43.2649,44.3894,44.3447,45.4973,1.12448,1.15255,FALSE,430193,-0.0000548591,-0.00274644,0.0047054,2.53323
1982,"District of Columbia","DC",NA,117623,500492,5.1,4081,0,0,4081,NA,470886,NA,NA,23.5015,24.9791,NA,NA,1.47761,NA,FALSE,470886,-0.0000195376,NA,NA,5.91538
1982,"Florida","FL",NA,2688566,8139171,6.3,27830,57074,5974,62341,NA,7564062,NA,NA,33.0324,35.5439,NA,NA,2.51151,NA,FALSE,7564062,0.00000300103,NA,NA,7.06594
1982,"Georgia","GA",NA,1169041,4047788,1.1,14405,78097,4897,58351,NA,3944911,NA,NA,28.881,29.6342,NA,NA,0.75317,NA,FALSE,3944911,0.00000841591,NA,NA,2.54156
1982,"Hawaii","HI",325459,311853,724189,7.1,1461,0,0,1461,NA,671311,48.48,44.94,43.0624,46.4543,44.9412,48.4811,3.39195,3.53994,FALSE,671311,-0.0000624152,0.00110637,0.00116867,7.30169
1982,"Idaho","ID",332237,326522,662251,1.6,1044,0,0,1044,NA,650611,51.07,50.17,49.3049,50.187,50.1678,51.0654,0.882107,0.897546,FALSE,650611,-0.00000245923,-0.00461684,-0.00216333,1.75764
1982,"Illinois","IL",3856875,3673681,8284606,4.4,14293,0,0,14293,NA,7905790,48.79,46.55,44.3435,46.4682,46.5547,48.7854,2.12477,2.23073,FALSE,7905790,0.00000425005,-0.00455288,0.00471847,4.57253
1982,"Indiana","IN",1834225,1817287,3921907,0.9,8790,0,0,8790,NA,3877820,47.3,46.77,46.3368,46.8636,46.7687,47.3004,0.526804,0.531714,FALSE,3877820,-0.00000420339,0.000416213,-0.00129794,1.12412
1982,"Iowa","IA",1050495,1038229,2094031,0.8,2829,10625,1050,9192,NA,2068087,50.8,50.17,49.5804,50.2024,50.1662,50.7955,0.621983,0.629331,FALSE,2068087,-0.0000119918,-0.00450639,-0.00383723,1.23895
1982,"Kansas","KS",NA,763263,1761238,1.2,3078,0,0,3078,NA,1737025,NA,NA,43.3367,43.9408,NA,NA,0.604086,NA,FALSE,1737025,0.00000829004,NA,NA,1.37477
1982,"Kentucky","KY",NA,700322,2642810,0.5,4031,14516,3430,14719,NA,2614877,NA,NA,26.4991,26.7822,NA,NA,0.283073,NA,FALSE,2614877,-0.00000191214,NA,NA,1.05694
1982,"Louisiana","LA",NA,NA,3029834,1.2,10930,0,0,10930,NA,2982546,NA,NA,NA,NA,NA,NA,NA,NA,FALSE,2982546,-0.000000268227,NA,NA,1.56075
1982,"Maine","ME",NA,460295,828907,1.3,0,0,0,0,NA,818131,NA,NA,55.5304,56.2618,NA,NA,0.731417,NA,FALSE,818131,0.000025546,NA,NA,1.30003
1982,"Maryland","MD",1190011,1139149,3174995,3,11617,52603,6024,43943,NA,3035802,39.2,37.48,35.8788,37.5238,37.4807,39.1992,1.64506,1.71851,FALSE,3035802,0.00000494103,-0.000770274,0.000720442,4.38404
1982,"Massachusetts","MA",2103780,2050769,4375262,4.4,0,0,0,0,NA,4182750,50.3,48.08,46.8719,49.0292,48.0835,50.2966,2.15729,2.21305,FALSE,4182750,0.0000112844,-0.00342478,0.00352048,4.40001
1982,"Michigan","MI",3135928,3040008,6498711,1.9,14913,0,0,14913,NA,6360322,49.3,48.25,46.7786,47.7964,48.2546,49.3045,1.01782,1.04993,FALSE,6360322,0.00000771973,0.00454779,0.00461542,2.12948
1982,"Minnesota","MN",1834737,1804675,2993256,1.1,2081,24320,1479,15720,NA,2944610,62.31,61.3,60.2914,61.2874,61.2957,62.3083,0.996035,1.01263,FALSE,2944610,0.00000624871,-0.00168073,-0.00430728,1.62519
1982,"Mississippi","MS",NA,645026,1762406,0.4,5484,6304,2914,11550,NA,1743806,NA,NA,36.5992,36.9896,NA,NA,0.390379,NA,FALSE,1743806,0.000021562,NA,NA,1.05538
1982,"Missouri","MO",NA,1543521,3615526,0.7,7445,21637,2556,20820,NA,3569397,NA,NA,42.6915,43.2432,NA,NA,0.551722,NA,FALSE,3569397,0.00000890907,NA,NA,1.27586
1982,"Montana","MT",328082,321062,574592,0.7,914,0,0,914,NA,569656,57.59,57.1,55.8765,56.3607,57.0983,57.593,0.484163,0.494749,FALSE,569656,-0.0000252784,0.0030035,-0.00174593,0.859044
1982,"Nebraska","NE",559422,547902,1145316,0.8,1739,9964,309,7030,NA,1129123,49.54,48.84,47.8385,48.5246,48.8443,49.5448,0.686062,0.700487,FALSE,1129123,0.0000418024,0.00482373,0.00433641,1.41385
1982,"Nevada","NV",242578,240394,655823,4.4,2753,4733,1065,6185,NA,620782,39.08,36.99,36.6553,38.7244,36.9883,39.0762,2.06907,2.08786,FALSE,620782,-0.0000341505,-0.00380256,-0.00166626,5.34306
1982,"New Hampshire","NH",289057,282588,698424,1.7,445,0,0,445,NA,686106,42.13,41.39,40.4608,41.1872,41.387,42.1301,0.726413,0.743042,FALSE,686106,-0.000030316,0.0000790257,-0.0029629,1.76369
1982,"New Jersey","NJ",2286925,2193945,5563627,5.4,8191,38186,10514,37798,NA,5225393,43.77,41.1,39.4337,41.9862,41.1049,43.7656,2.5525,2.66068,FALSE,5225393,0.0000027175,-0.00439232,0.00493029,6.07938
1982,"New Mexico","NM",417945,407466,949133,2.6,1718,3854,1206,4851,NA,919605,45.45,44.03,42.9303,44.3088,44.0344,45.4483,1.37847,1.41392,FALSE,919605,-0.000049804,-0.00168252,0.00439771,3.11105
1982,"New York","NY",5437367,5254891,13150573,7.5,27945,0,21062,49007,NA,12115273,44.88,41.35,39.9594,43.3741,41.347,44.8803,3.4147,3.53327,FALSE,12115273,0.000000206351,0.000268072,-0.00300318,7.87266
1982,"North Carolina","NC",NA,1321080,4427095,0.8,16569,44274,6910,45616,NA,4346062,NA,NA,29.8408,30.3972,NA,NA,0.556386,NA,FALSE,4346062,0.00000552224,NA,NA,1.83039
1982,"North Dakota","ND",272876,262465,480367,0.7,322,0,0,322,NA,476682,57.24,56.81,54.6384,55.0608,56.8057,57.2449,0.422384,0.439138,FALSE,476682,0.0000904167,0.00487184,-0.00426605,0.767122
1982,"Ohio","OH",3551995,3395463,7793022,1.1,17317,0,0,17317,NA,7689982,46.19,45.58,43.5706,44.1544,45.5792,46.1899,0.583813,0.610727,FALSE,7689982,-0.00000314695,-0.0000999456,-0.000826734,1.32221
1982,"Oklahoma","OK",901488,883130,2346265,1.2,6500,14749,1858,15733,NA,2302377,39.15,38.42,37.6398,38.3573,38.4223,39.1547,0.717492,0.732407,FALSE,2302377,-0.00000781801,0.00466494,0.00225836,1.87055
1982,"Oregon","OR",1063913,1042009,1946116,2.4,3900,0,0,3900,NA,1895509,56.13,54.67,53.543,54.9725,54.6685,56.1281,1.42951,1.45956,FALSE,1895509,0.0000113954,-0.00190987,-0.00147048,2.60041
1982,"Pennsylvania","PA",NA,3683985,8869173,1.2,10508,0,0,10508,NA,8752235,NA,NA,41.537,42.0919,NA,NA,0.554972,NA,FALSE,8752235,-0.00000086835,NA,NA,1.31848
1982,"Rhode Island","RI",370928,342779,723060,4.6,1037,6501,327,4615,NA,685184,54.14,51.3,47.4067,50.0273,51.2998,54.1355,2.62058,2.83578,FALSE,685184,0.0000350271,-0.00446852,-0.000246176,5.23829
1982,"South Carolina","SC",688300,671625,2297223,0.7,9137,16981,3175,20803,NA,2260339,30.45,29.96,29.2364,29.7135,29.9623,30.4512,0.477077,0.488921,FALSE,2260339,0.0000194219,0.00118453,0.00226313,1.60559
1982,"South Dakota","SD",NA,278562,492367,0.4,791,0,0,791,NA,489607,NA,NA,56.5761,56.895,NA,NA,0.318929,NA,FALSE,489607,-0.0000955869,NA,NA,0.560557
1982,"Tennessee","TN",NA,1259785,3393233,0.6,7869,10101,3303,16223,NA,3356651,NA,NA,37.1264,37.531,NA,NA,0.404617,NA,FALSE,3356651,-0.0000118571,NA,NA,1.07809
1982,"Texas","TX",NA,3191091,10910762,4.9,36149,177270,26274,151058,NA,10225077,NA,NA,29.2472,31.2085,NA,NA,1.96129,NA,FALSE,10225077,-0.0000033056,NA,NA,6.28448
1982,"Utah","UT",537207,530802,984073,2.2,0,0,0,0,NA,962423,55.82,54.59,53.9393,55.1527,54.5902,55.8182,1.21338,1.22802,FALSE,962423,0.0000409383,-0.00182026,0.000157438,2.20004
1982,"Vermont","VT",172084,169251,379067,1.6,0,0,0,0,NA,373002,46.13,45.4,44.6494,45.3754,45.3967,46.1349,0.725997,0.738149,FALSE,373002,-0.0000193028,0.00487327,-0.00327594,1.59998
1982,"Virginia","VA",NA,1415622,4076585,2.3,10079,14813,6487,23973,NA,3958851,NA,NA,34.7257,35.7584,NA,NA,1.03272,NA,FALSE,3958851,-0.0000114932,NA,NA,2.88805
1982,"Washington","WA",1404831,1368476,3138109,3.1,6264,60142,3047,39382,NA,3001446,46.81,44.77,43.6083,45.5939,44.7668,46.8051,1.98559,2.03834,FALSE,3001446,-0.0000126272,-0.00486008,-0.00319936,4.35495
1982,"West Virginia","WV",NA,565314,1409116,0.4,1547,2711,610,3513,NA,1399967,NA,NA,40.1183,40.3805,NA,NA,0.26218,NA,FALSE,1399967,-0.0000331436,NA,NA,0.649272
1982,"Wisconsin","WI",NA,1580344,3426394,1,4714,19603,3125,17641,NA,3374489,NA,NA,46.1227,46.8321,NA,NA,0.70944,NA,FALSE,3374489,0.00000177805,NA,NA,1.51486
1982,"Wyoming","WY",172065,168555,349060,0.9,702,1303,244,1598,NA,344320,49.97,49.29,48.2883,48.953,49.2938,49.9724,0.664749,0.678592,FALSE,344320,0.000133597,0.00240939,0.00381768,1.35793
1984,"Alabama","AL",NA,1441713,2867180,0.5,10482,16338,2194,20845,NA,2831999,NA,NA,50.2833,50.908,NA,NA,0.624653,NA,TRUE,2831999,0.00000353107,NA,NA,1.22702
1984,"Alaska","AK",213173,207605,354410,2.3,1967,2064,147,3146,NA,343113,62.13,60.15,58.5776,60.5063,60.1487,62.1291,1.92867,1.9804,TRUE,343113,-0.000125323,-0.000905503,-0.00130216,3.18755
1984,"Arizona","AZ",1051339,1025897,2263826,4.2,7845,16687,1660,17849,NA,2150896,48.88,46.44,45.317,47.6963,46.4408,48.8791,2.37931,2.43831,TRUE,2150896,0.0000143196,-0.000881716,0.000804196,4.98846
1984,"Arkansas","AR",NA,884406,1689480,0.5,4482,8238,3463,12064,NA,1668969,NA,NA,52.3478,52.9912,NA,NA,0.643335,NA,TRUE,1668969,-0.0000239669,NA,NA,1.21404
1984,"California","CA",9796375,9505423,19270739,13.4,43197,0,30645,73842,NA,16614618,58.96,50.84,49.3257,57.2112,50.8355,58.9624,7.88552,8.12689,TRUE,16614618,-0.000000156489,0.00238481,-0.00450791,13.7832
1984,"Colorado","CO",1343437,1295380,2325829,2.3,3231,0,1709,4940,NA,2267395,59.25,57.76,55.6954,57.1308,57.7616,59.2502,1.43535,1.4886,TRUE,2267395,-0.00000295493,0.000240915,0.00164112,2.51239
1984,"Connecticut","CT",1490946,1466900,2431057,4.1,5718,46681,868,29927,NA,2301457,64.78,61.33,60.34,63.7379,61.3291,64.7827,3.39788,3.45358,TRUE,2301457,-0.0000146429,0.0027007,-0.000874439,5.33101
1984,"Delaware","DE",258182,254572,455312,1.5,2202,6373,830,6219,NA,442263,58.38,56.7,55.9116,57.5612,56.7044,58.3775,1.64967,1.67307,TRUE,442263,0.0000723551,-0.00251873,0.00441368,2.86595
1984,"District of Columbia","DC",219193,211288,505550,5.8,4521,0,0,4521,NA,471707,46.47,43.36,41.7937,44.7922,43.3573,46.468,2.99852,3.11071,TRUE,471707,0.0000211996,-0.00195946,-0.0026664,6.69429
1984,"Florida","FL",NA,4180051,8656427,6.8,26914,118318,5661,91734,NA,7976056,NA,NA,48.2884,52.4075,NA,NA,4.11908,NA,TRUE,7976056,-0.000000451351,NA,NA,7.85972
1984,"Georgia","GA",NA,1776120,4243165,1.3,15404,90057,7246,67679,NA,4120325,NA,NA,41.8584,43.1063,NA,NA,1.24793,NA,TRUE,4120325,-0.00000351914,NA,NA,2.89501
1984,"Hawaii","HI",349253,335846,750909,7.3,1965,0,0,1965,NA,694128,50.32,46.51,44.7253,48.3839,46.5107,50.3154,3.65861,3.80466,TRUE,694128,-0.0000514314,-0.0046403,0.000695703,7.56164
1984,"Idaho","ID",421935,411144,675772,1.7,1253,0,0,1253,NA,663031,63.64,62.44,60.8406,62.0098,62.4375,63.6373,1.16913,1.19982,TRUE,663031,-0.000018702,-0.00270401,-0.00252109,1.8854
1984,"Illinois","IL",4969352,4819088,8327065,4.7,17114,0,0,17114,NA,7918579,62.76,59.68,57.8726,60.858,59.6771,62.7556,2.9854,3.07849,TRUE,7918579,-0.000000694569,-0.00439701,-0.00288688,4.90552
1984,"Indiana","IN",2268493,2233069,3960870,0.9,9328,0,0,9328,NA,3915894,57.93,57.27,56.3782,57.0258,57.2726,57.9304,0.647532,0.657804,TRUE,3915894,0.00000434128,0.000398525,0.00259415,1.13551
1984,"Iowa","IA",1339886,1319805,2084995,0.8,2836,11924,1662,10460,NA,2057855,65.11,64.26,63.3002,64.135,64.2633,65.1108,0.834833,0.847536,TRUE,2057855,0.00000194377,0.000807127,0.00327161,1.30168
1984,"Kansas","KS",NA,1021991,1779487,1.3,4244,0,0,4244,NA,1752110,NA,NA,57.4318,58.3292,NA,NA,0.897381,NA,TRUE,1752110,-0.0000188915,NA,NA,1.53848
1984,"Kentucky","KY",NA,1369345,2672424,0.5,4820,15004,3567,15889,NA,2643173,NA,NA,51.2398,51.8069,NA,NA,0.567052,NA,TRUE,2643173,-0.00000454,NA,NA,1.09455
1984,"Louisiana","LA",NA,1706822,3072074,1.3,13659,0,0,13659,NA,3018478,NA,NA,55.5593,56.5458,NA,NA,0.986509,NA,TRUE,3018478,0.00000125891,NA,NA,1.74462
1984,"Maine","ME",NA,553144,852022,1.4,0,0,0,0,NA,840094,NA,NA,64.9213,65.8431,NA,NA,0.92178,NA,TRUE,840094,-0.0000366626,NA,NA,1.39996
1984,"Maryland","MD",1695924,1675873,3278321,3.4,13124,64827,7046,52584,NA,3114274,54.46,51.73,51.1199,53.8126,51.7315,54.4565,2.69278,2.725,TRUE,3114274,0.00000276148,-0.00351993,0.00148084,5.00399
1984,"Massachusetts","MA",2595054,2559453,4486676,4.8,0,0,0,0,NA,4271316,60.76,57.84,57.0456,59.9219,57.8391,60.7554,2.87624,2.91625,TRUE,4271316,-0.0000104886,-0.00462625,-0.00087812,4.79999
1984,"Michigan","MI",3884854,3801658,6550877,2,14604,0,0,14604,NA,6405255,60.65,59.3,58.0328,59.3522,59.3028,60.651,1.31936,1.34824,TRUE,6405255,0.0000071816,0.00104356,0.00280785,2.22294
1984,"Minnesota","MN",2115317,2084449,3039490,1.3,2167,31440,1418,19305,NA,2980672,70.97,69.59,68.5789,69.9322,69.5945,70.9678,1.35328,1.37332,TRUE,2980672,-0.0000124133,-0.00221153,0.00447144,1.93513
1984,"Mississippi","MS",NA,941104,1787243,0.5,6115,6570,3108,12508,NA,1765799,NA,NA,52.6567,53.2962,NA,NA,0.639468,NA,TRUE,1765799,-0.0000121758,NA,NA,1.19984
1984,"Missouri","MO",NA,2122783,3671506,0.8,8770,23574,4366,24923,NA,3617211,NA,NA,57.8178,58.6856,NA,NA,0.867855,NA,TRUE,3617211,-0.00000132699,NA,NA,1.47882
1984,"Montana","MT",395006,384377,584162,0.7,964,0,0,964,NA,579109,68.21,67.62,65.7997,66.3739,67.6193,68.2093,0.574134,0.59001,TRUE,579109,-0.000023139,-0.000733696,-0.000743698,0.865
1984,"Nebraska","NE",670781,652090,1152310,0.9,1665,10763,361,7408,NA,1134531,59.12,58.21,56.5898,57.4766,58.2119,59.1241,0.886807,0.912226,TRUE,1134531,0.0000185099,0.00407858,0.00185271,1.5429
1984,"Nevada","NV",294413,286667,697185,4.7,3488,5226,1187,7288,NA,657129,44.8,42.23,41.1178,43.6242,42.2288,44.8029,2.50638,2.5741,TRUE,657129,0.000046414,0.00292302,-0.00117982,5.74539
1984,"New Hampshire","NH",406608,388904,732480,1.8,581,0,0,581,NA,718714,56.57,55.51,53.0941,54.1111,55.5111,56.5744,1.01695,1.06324,TRUE,718714,0.0000500895,0.00438146,0.00114024,1.87937
1984,"New Jersey","NJ",3215941,3217862,5699440,5.9,10363,44208,12206,44673,NA,5318500,60.47,56.43,56.4593,60.5032,56.4256,60.4671,4.04392,4.04151,TRUE,5318500,0.000000752092,-0.00293222,-0.00443889,6.68381
1984,"New Mexico","NM",522328,514370,990632,2.9,2129,3926,1194,5286,NA,956618,54.6,52.73,51.9234,53.7696,52.7267,54.6015,1.84622,1.87478,TRUE,956618,-0.0000342875,0.00152328,-0.00325586,3.43357
1984,"New York","NY",7000828,6806810,13373558,8.1,33109,0,24212,57321,NA,12232979,57.23,52.35,50.8975,55.6431,52.3483,57.2291,4.74559,4.88085,TRUE,12232979,-0.00000161858,-0.000865543,-0.00171692,8.52861
1984,"North Carolina","NC",NA,2175361,4598151,0.9,16371,52600,3892,46563,NA,4510205,NA,NA,47.3095,48.232,NA,NA,0.922503,NA,TRUE,4510205,-0.00000795973,NA,NA,1.91264
1984,"North Dakota","ND",324179,308971,486449,0.7,432,0,0,432,NA,482612,67.17,66.64,63.5156,64.0206,66.6419,67.1718,0.50498,0.529836,TRUE,482612,-0.0000296304,0.00176531,0.00192958,0.788777
1984,"Ohio","OH",4664223,4547619,7836806,1.1,18619,0,0,18619,NA,7731982,60.32,59.52,58.029,58.8157,59.5169,60.3238,0.78671,0.806882,TRUE,7731982,0.00000173306,0.00376951,-0.00311264,1.33759
1984,"Oklahoma","OK",1290555,1255676,2373014,1.2,7872,18809,1880,19157,NA,2325381,55.5,54.38,52.9148,53.9987,54.3846,55.4986,1.0839,1.11401,TRUE,2325381,-0.00000722462,-0.00135268,0.0046349,2.00728
1984,"Oregon","OR",1265824,1226527,1962501,2.6,4224,0,0,4224,NA,1907252,66.37,64.5,62.4982,64.3086,64.5006,66.369,1.81044,1.86844,TRUE,1907252,-0.00000136322,-0.00100419,0.000553121,2.81523
1984,"Pennsylvania","PA",NA,4844903,8918353,1.3,13090,0,0,13090,NA,8789324,NA,NA,54.3251,55.1226,NA,NA,0.797503,NA,TRUE,8789324,0.00000467613,NA,NA,1.44678
1984,"Rhode Island","RI",422851,410492,739064,4.9,1221,7147,394,5189,NA,697661,60.61,57.21,55.5421,58.8383,57.2144,60.6098,3.29617,3.39541,TRUE,697661,-0.0000194937,-0.000190938,0.00439551,5.60209
1984,"South Carolina","SC",1018701,968529,2368236,0.7,9892,17043,3441,21855,NA,2329803,43.72,43.02,40.8966,41.5713,43.0152,43.7248,0.674641,0.709589,TRUE,2329803,0.0000149369,0.00476986,-0.00481908,1.62285
1984,"South Dakota","SD",NA,317867,497849,0.5,921,0,0,921,NA,494439,NA,NA,63.8481,64.2884,NA,NA,0.440341,NA,TRUE,494439,-0.0000495511,NA,NA,0.684947
1984,"Tennessee","TN",NA,1711994,3463234,0.6,7307,23598,6524,25630,NA,3416825,NA,NA,49.4334,50.1048,NA,NA,0.671429,NA,TRUE,3416825,-0.0000118238,NA,NA,1.34005
1984,"Texas","TX",NA,5397571,11397758,5.4,36682,235568,40783,195249,NA,10587030,NA,NA,47.3564,50.9829,NA,NA,3.62644,NA,TRUE,10587030,0.000000642295,NA,NA,7.11305
1984,"Utah","UT",641846,629656,1022083,2.3,0,0,0,0,NA,998575,64.28,62.8,61.6052,63.0555,62.7978,64.2762,1.45028,1.47836,TRUE,998575,0.00000911299,-0.00380642,-0.0021646,2.30001
1984,"Vermont","VT",235140,234561,387620,1.6,0,0,0,0,NA,381418,61.65,60.66,60.5131,61.4971,60.6625,61.6489,0.983966,0.986395,TRUE,381418,0.0000209744,-0.00110037,0.00250451,1.60002
1984,"Virginia","VA",NA,2146635,4234017,2.6,10839,16690,5986,25170,NA,4098763,NA,NA,50.6997,52.3728,NA,NA,1.67303,NA,TRUE,4098763,-0.0000107837,NA,NA,3.19446
1984,"Washington","WA",1931546,1883910,3213263,3.4,6821,39181,5253,31665,NA,3072347,62.87,60.11,58.6292,61.3183,60.1117,62.8687,2.68908,2.75708,TRUE,3072347,0.00000188781,-0.00125503,0.00166842,4.38545
1984,"West Virginia","WV",NA,735742,1401733,0.4,1579,3597,724,4102,NA,1392024,NA,NA,52.488,52.8541,NA,NA,0.36609,NA,TRUE,1392024,0.00000488497,NA,NA,0.692643
1984,"Wisconsin","WI",NA,2211689,3468053,1.1,4974,22426,3853,20040,NA,3409864,NA,NA,63.7732,64.8615,NA,NA,1.08828,NA,TRUE,3409864,0.0000122292,NA,NA,1.67786
1984,"Wyoming","WY",196153,188968,343957,1,724,1708,352,1930,NA,338587,57.93,57.03,54.9394,55.8108,57.0283,57.9328,0.871341,0.904471,TRUE,338587,0.000126998,0.00282081,-0.00165053,1.56124
1986,"Alabama","AL",NA,1236230,2911819,0.6,11710,21371,3038,25434,NA,2868914,NA,NA,42.4556,43.0905,NA,NA,0.634929,NA,FALSE,2868914,0.00000299765,NA,NA,1.47348
1986,"Alaska","AK",182526,180801,364871,2.5,2460,2885,119,4022,NA,351727,51.89,50.02,49.552,51.4038,50.0248,51.8942,1.85175,1.86942,FALSE,351727,0.0000639701,0.00422478,0.00480329,3.60237
1986,"Arizona","AZ",889668,866984,2452624,4.6,9434,20283,2034,21610,NA,2318193,38.38,36.27,35.3492,37.3991,36.2741,38.3777,2.04989,2.10352,FALSE,2318193,0.0000127686,-0.00234982,0.00412926,5.48111
1986,"Arkansas","AR",NA,695487,1706578,0.6,4701,12700,4023,15074,NA,1681265,NA,NA,40.7533,41.3669,NA,NA,0.613579,NA,FALSE,1681265,-0.0000278362,NA,NA,1.48326
1986,"California","CA",7617142,7443551,20222886,14.7,59484,0,33172,92656,NA,17157466,44.4,37.67,36.8076,43.3837,37.6659,44.3955,6.57618,6.72955,FALSE,17157466,-0.00000141046,-0.00450477,-0.00405064,15.1582
1986,"Colorado","CO",1096867,1060765,2372880,2.4,3804,0,1827,5631,NA,2310300,47.48,46.23,44.7037,45.9146,46.2251,47.4773,1.21091,1.25212,FALSE,2310300,-0.00000519413,-0.00274596,-0.0048643,2.6373
1986,"Connecticut","CT",1025605,993692,2479722,4.3,6905,41304,603,28160,NA,2344934,43.74,41.36,40.0727,42.3761,41.3597,43.7371,2.3034,2.37738,FALSE,2344934,-0.00000196168,-0.00294813,-0.000323391,5.43561
1986,"Delaware","DE",165563,160757,470828,1.6,2833,7985,978,7804,NA,455491,36.35,35.16,34.1435,35.2931,35.1642,36.3482,1.14966,1.18403,FALSE,455491,-0.0000544467,-0.00175163,0.00422133,3.25745
1986,"District of Columbia","DC",134158,131802,508553,6.5,6618,0,2980,9598,NA,465899,28.8,26.38,25.9171,28.2898,26.3803,28.7955,2.37276,2.41517,FALSE,465899,0.0000118051,-0.00448853,0.000337939,8.38733
1986,"Florida","FL",NA,3429996,9158241,7.3,32237,139859,3478,105645,NA,8384044,NA,NA,37.4526,40.911,NA,NA,3.45843,NA,FALSE,8384044,0.00000485446,NA,NA,8.45356
1986,"Georgia","GA",NA,1224948,4450093,1.5,16922,109485,10421,82086,NA,4301256,NA,NA,27.5263,28.4788,NA,NA,0.952498,NA,FALSE,4301256,-0.00000918336,NA,NA,3.34458
1986,"Hawaii","HI",344416,334115,775534,7.5,2180,0,0,2180,NA,715189,48.16,44.41,43.0819,46.717,44.4102,48.1573,3.63509,3.74717,FALSE,715189,-0.00000699116,-0.00265977,0.000174151,7.78109
1986,"Idaho","ID",392909,387426,677205,1.9,1448,0,0,1448,NA,662890,59.27,58.02,57.2096,58.445,58.0192,59.2721,1.23543,1.25292,FALSE,662890,0.0000158397,0.0021266,-0.000788683,2.11384
1986,"Illinois","IL",3322657,3144185,8343755,4.9,19456,0,0,19456,NA,7915455,41.98,39.82,37.6831,39.7221,39.8221,41.9768,2.03901,2.15475,FALSE,7915455,0.0000000631676,-0.00317113,0.0020825,5.13318
1986,"Indiana","IN",1619005,1555505,3990379,0.9,10175,0,0,10175,NA,3944291,41.05,40.57,38.9814,39.4369,40.5727,41.0468,0.455487,0.474081,FALSE,3944291,-0.0000104201,-0.00320604,0.00271252,1.15498
1986,"Iowa","IA",922094,910623,2049547,0.9,2777,12584,1929,10998,NA,2020103,45.65,44.99,44.4305,45.078,44.9901,45.6459,0.647596,0.655753,FALSE,2020103,0.00000381169,-0.00410967,0.000136845,1.43661
1986,"Kansas","KS",NA,840605,1788426,1.5,5345,0,0,5345,NA,1756255,NA,NA,47.0025,47.8635,NA,NA,0.86099,NA,FALSE,1756255,-0.0000222063,NA,NA,1.79884
1986,"Kentucky","KY",NA,677280,2687605,0.5,5288,6841,3370,12079,NA,2662088,NA,NA,25.2001,25.4417,NA,NA,0.241552,NA,FALSE,2662088,-0.000000939112,NA,NA,0.949433
1986,"Louisiana","LA",NA,1369897,3069021,1.3,14300,0,0,14300,NA,3014824,NA,NA,44.6363,45.4387,NA,NA,0.802419,NA,FALSE,3014824,-0.00000905525,NA,NA,1.76594
1986,"Maine","ME",NA,426861,870604,1.4,0,0,0,0,NA,858416,NA,NA,49.0304,49.7266,NA,NA,0.696146,NA,FALSE,858416,-0.0000531211,NA,NA,1.39995
1986,"Maryland","MD",1161136,1112637,3401061,3.8,13326,69134,7494,55387,NA,3216434,36.1,34.14,32.7144,34.5923,34.1404,36.1001,1.87784,1.9597,FALSE,3216434,-0.00000988673,0.000103406,0.000405009,5.42851
1986,"Massachusetts","MA",1777276,1684079,4560556,5.1,0,0,0,0,NA,4327968,41.06,38.97,36.9271,38.9115,38.9706,41.0649,1.98449,2.09431,FALSE,4327968,-0.00000822557,0.00490621,0.000599199,5.09999
1986,"Michigan","MI",2468009,2396564,6674856,2,20742,0,0,20742,NA,6520617,37.85,36.97,35.9044,36.7536,36.9747,37.8493,0.849283,0.874602,FALSE,6520617,-0.00000184032,-0.00068298,0.00471526,2.31075
1986,"Minnesota","MN",1456579,1415989,3089544,1.4,2462,38901,1437,23350,NA,3022940,48.18,47.15,45.8317,46.8415,47.1454,48.1842,1.0098,1.03875,FALSE,3022940,0.0000127029,0.00418493,-0.00456365,2.15579
1986,"Mississippi","MS",NA,523563,1804699,0.5,6747,6458,3454,13430,NA,1782246,NA,NA,29.0111,29.3766,NA,NA,0.365486,NA,FALSE,1782246,-0.0000277739,NA,NA,1.24414
1986,"Missouri","MO",NA,1477327,3717988,0.8,10309,33819,5229,32448,NA,3655796,NA,NA,39.7346,40.4105,NA,NA,0.67596,NA,FALSE,3655796,0.00000262597,NA,NA,1.67273
1986,"Montana","MT",326436,317862,577604,0.8,1111,0,0,1111,NA,571872,57.08,56.52,55.0311,55.5827,56.5155,57.082,0.551589,0.566468,FALSE,571872,0.0000293772,0.00200436,-0.0044634,0.992375
1986,"Nebraska","NE",577916,564422,1141336,0.9,2044,11265,304,7981,NA,1123083,51.46,50.64,49.4527,50.2565,50.635,51.458,0.803735,0.82295,FALSE,1123083,-0.00000213697,-0.00200446,-0.00495475,1.59927
1986,"Nevada","NV",264365,261932,747283,5.1,4551,5518,1529,8839,NA,700333,37.75,35.38,35.0512,37.4011,35.3768,37.7485,2.34982,2.37165,FALSE,700333,-0.0000618277,-0.00152892,-0.00317489,6.28276
1986,"New Hampshire","NH",257410,250966,775686,1.9,782,0,0,782,NA,760166,33.86,33.18,32.3541,33.0146,33.1848,33.8623,0.66056,0.677521,FALSE,760166,-0.00000447271,0.00234059,0.00481963,2.00081
1986,"New Jersey","NJ",1639330,1553544,5819614,6.4,12020,51359,14064,51764,NA,5395395,30.38,28.17,26.695,28.7939,28.1691,30.3839,2.09892,2.21482,FALSE,5395395,-0.00000548616,0.00387366,-0.000949613,7.28947
1986,"New Mexico","NM",408621,394833,1026160,3.2,2416,4175,1147,5651,NA,987672,41.37,39.82,38.4767,39.9761,39.8204,41.3721,1.49938,1.55174,FALSE,987672,-0.0000121498,0.00213569,0.000398378,3.75068
1986,"New York","NY",4481718,4293971,13512043,8.7,38449,0,29325,67774,NA,12268721,36.53,33.17,31.7788,34.9993,33.1683,36.5296,3.22049,3.3613,FALSE,12268721,0.00000211106,-0.000373155,-0.00167749,9.20158
1986,"North Carolina","NC",NA,1591330,4749053,1,17698,58644,3322,50342,NA,4651220,NA,NA,33.5084,34.2132,NA,NA,0.704809,NA,FALSE,4651220,0.0000101049,NA,NA,2.06005
1986,"North Dakota","ND",295177,289013,477812,0.7,421,0,0,421,NA,474046,62.27,61.78,60.4868,60.9673,61.7768,62.2676,0.48053,0.490778,FALSE,474046,0.0000666602,-0.00241415,-0.00319239,0.788176
1986,"Ohio","OH",3628870,3121189,7891503,1.1,22463,0,0,22463,NA,7782233,46.63,45.98,39.5513,40.1066,45.9845,46.6302,0.555338,0.645667,FALSE,7782233,0.00000600085,0.000189561,0.00452285,1.38465
1986,"Oklahoma","OK",934447,909925,2343190,1.3,9708,22740,1670,22748,NA,2289981,40.81,39.88,38.8327,39.735,39.8793,40.8059,0.902301,0.926617,FALSE,2289981,-0.0000205242,-0.00411558,-0.000732847,2.27079
1986,"Oregon","OR",1088140,1059630,1990233,2.8,4770,0,0,4770,NA,1929736,56.39,54.67,53.2415,54.9106,54.674,56.388,1.66912,1.71402,FALSE,1929736,0.0000246666,-0.00197594,0.00400048,3.03969
1986,"Pennsylvania","PA",NA,3388275,8955720,1.3,15201,0,0,15201,NA,8824095,NA,NA,37.8336,38.398,NA,NA,0.564347,NA,FALSE,8824095,-0.00000407974,NA,NA,1.46973
1986,"Rhode Island","RI",322724,305663,756297,5.2,1358,8174,453,5898,NA,711072,45.39,42.67,40.4157,42.9862,42.6716,45.3856,2.57049,2.71396,FALSE,711072,-0.0000624409,-0.00444129,0.00159595,5.97979
1986,"South Carolina","SC",763493,753751,2437430,0.8,11676,21110,3066,25297,NA,2392634,31.91,31.32,30.924,31.503,31.3237,31.9101,0.578974,0.586457,FALSE,2392634,-0.0000183898,0.000145889,0.0036893,1.83784
1986,"South Dakota","SD",NA,295830,495833,0.5,1081,0,0,1081,NA,492273,NA,NA,59.6632,60.0947,NA,NA,0.43147,NA,FALSE,492273,-0.000033518,NA,NA,0.717984
1986,"Tennessee","TN",NA,1210339,3532177,0.7,7591,26291,8600,29337,NA,3478115,NA,NA,34.2661,34.7987,NA,NA,0.532614,NA,FALSE,3478115,-0.00000687154,NA,NA,1.53056
1986,"Texas","TX",NA,3442368,11732625,6,38534,290074,57509,241080,NA,10787588,NA,NA,29.3401,31.9105,NA,NA,2.57032,NA,FALSE,10787588,-0.00000463496,NA,NA,8.05478
1986,"Utah","UT",445499,435111,1049339,2.4,0,0,0,0,NA,1024155,43.5,42.46,41.4652,42.4849,42.4552,43.4992,1.01963,1.04397,FALSE,1024155,-0.0000132792,-0.000822629,-0.00479725,2.39999
1986,"Vermont","VT",211709,196716,396034,1.6,0,0,0,0,NA,389697,54.33,53.46,49.6715,50.4792,53.4573,54.3266,0.807726,0.869288,FALSE,389697,0.000117014,-0.00343346,-0.00272108,1.60012
1986,"Virginia","VA",NA,1233611,4394143,2.9,12930,17126,5767,27260,NA,4239453,NA,NA,28.074,29.0984,NA,NA,1.02437,NA,FALSE,4239453,-0.00000346743,NA,NA,3.52037
1986,"Washington","WA",1358160,1337367,3310457,3.6,6603,49663,7666,39101,NA,3152180,43.09,41.03,40.3983,42.4267,41.0264,43.0864,2.02847,2.06001,FALSE,3152180,-0.0000143393,-0.00362803,-0.0036402,4.78112
1986,"West Virginia","WV",449249,410131,1380916,0.4,1472,4241,968,4561,NA,1370831,32.77,32.53,29.6999,29.9184,32.5327,32.772,0.218498,0.239338,FALSE,1370831,0.0000245107,0.00201931,0.00268121,0.730312
1986,"Wisconsin","WI",NA,1526960,3495584,1.2,5736,24648,3854,21914,NA,3431723,NA,NA,43.6825,44.4954,NA,NA,0.812889,NA,FALSE,3431723,-0.000000233119,NA,NA,1.82691
1986,"Wyoming","WY",168615,164720,334385,1,861,1840,337,2118,NA,328923,51.26,50.43,49.2606,50.0786,50.4254,51.2628,0.818007,0.83735,FALSE,328923,0.0000456034,0.00275755,-0.00459216,1.63345
1988,"Alabama","AL",NA,1378476,2949934,0.6,12610,25301,4701,29962,NA,2902272,NA,NA,46.729,47.4964,NA,NA,0.767399,NA,TRUE,2902272,0.0000136445,NA,NA,1.6157
1988,"Alaska","AK",203433,200116,369260,2.6,2588,2994,498,4583,NA,355076,57.29,55.09,54.1938,56.3586,55.0921,57.2928,2.16485,2.20073,TRUE,355076,0.0000675912,0.00280492,0.00207604,3.8412
1988,"Arizona","AZ",1204169,1171873,2609995,5,12095,25446,1669,26487,NA,2453008,49.09,46.14,44.8994,47.7729,46.1368,49.0895,2.87346,2.95265,TRUE,2453008,0.0000101916,-0.000514764,-0.00316832,6.01484
1988,"Arkansas","AR",NA,827738,1717388,0.6,5519,15931,3840,17325,NA,1689759,NA,NA,48.1975,48.9856,NA,NA,0.78807,NA,TRUE,1689759,-0.0000194111,NA,NA,1.60878
1988,"California","CA",10194539,9887065,21249801,15.9,76171,0,49364,125535,NA,17745548,57.45,47.97,46.5278,55.7157,47.9748,57.4484,9.18795,9.47368,TRUE,17745548,-0.00000202304,-0.00156843,0.00475045,16.4908
1988,"Colorado","CO",1416265,1372394,2396786,2.6,5765,0,1743,7508,NA,2326962,60.86,59.09,57.2598,58.9779,59.0902,60.8633,1.71817,1.77309,TRUE,2326962,-0.0000187369,0.00326292,0.000173257,2.91323
1988,"Connecticut","CT",1461962,1443394,2525021,4.5,8005,46086,371,31419,NA,2379976,61.43,57.9,57.1636,60.6474,57.899,61.4276,3.48377,3.52859,TRUE,2379976,0.00000231095,-0.00240577,-0.000996388,5.74431
1988,"Delaware","DE",254973,249891,489696,1.7,3197,9576,1093,9078,NA,472293,53.99,52.07,51.0298,52.9102,52.0676,53.9862,1.88034,1.91858,TRUE,472293,0.0000355711,-0.00380922,-0.00239071,3.55384
1988,"District of Columbia","DC",197135,192877,502362,7.2,8831,0,3949,12780,NA,453412,43.48,39.24,38.394,42.539,39.2416,43.4781,4.14499,4.23649,TRUE,453412,-0.0000141152,-0.00188297,0.00162257,9.74397
1988,"Florida","FL",NA,4302313,9651236,7.8,34732,165475,2562,120032,NA,8778408,NA,NA,44.5778,49.0102,NA,NA,4.43233,NA,TRUE,8778408,-0.00000464777,NA,NA,9.04369
1988,"Georgia","GA",NA,1809672,4631342,1.7,18787,121559,11308,90875,NA,4461734,NA,NA,39.0745,40.5598,NA,NA,1.48537,NA,TRUE,4461734,0.00000416878,NA,NA,3.66218
1988,"Hawaii","HI",368567,354461,803568,7.6,2300,0,0,2300,NA,740197,49.79,45.87,44.1109,47.8874,45.8663,49.7931,3.7765,3.92678,TRUE,740197,-0.0000226967,0.00309562,-0.00368875,7.8862
1988,"Idaho","ID",421213,408968,682522,2,1581,0,0,1581,NA,667291,63.12,61.71,59.9201,61.2878,61.7142,63.1228,1.36768,1.40863,TRUE,667291,-0.0000659382,0.00283546,0.00420115,2.23158
1988,"Illinois","IL",4697192,4559120,8410414,5.2,21081,0,0,21081,NA,7951991,59.07,55.85,54.208,57.3331,55.8497,59.0694,3.12503,3.21967,TRUE,7951991,0.00000593562,-0.00061725,-0.000287964,5.45066
1988,"Indiana","IN",2222811,2168621,4045785,0.9,11406,0,0,11406,NA,3997967,55.6,54.94,53.602,54.2431,54.9414,55.5985,0.641111,0.657131,TRUE,3997967,-0.00000162583,-0.00146705,0.00140198,1.18192
1988,"Iowa","IA",1240854,1225614,2052326,0.9,3034,13099,1945,11529,NA,2022326,61.36,60.46,59.7183,60.6042,60.4609,61.3578,0.885885,0.896901,TRUE,2022326,0.00000326357,-0.00223671,0.000862456,1.46176
1988,"Kansas","KS",NA,993044,1808604,1.6,5817,0,0,5817,NA,1773849,NA,NA,54.9067,55.9824,NA,NA,1.07579,NA,TRUE,1773849,0.0000189419,NA,NA,1.92165
1988,"Kentucky","KY",NA,1322517,2709782,0.6,7119,7398,3443,14261,NA,2679262,NA,NA,48.8053,49.3612,NA,NA,0.555951,NA,TRUE,2679262,0.0000114957,NA,NA,1.12629
1988,"Louisiana","LA",NA,1628202,3005785,1.4,16242,0,7387,23629,NA,2940075,NA,NA,54.1689,55.3796,NA,NA,1.21066,NA,TRUE,2940075,0.000000340127,NA,NA,2.18612
1988,"Maine","ME",NA,555035,901850,1.5,0,0,0,0,NA,888322,NA,NA,61.544,62.4813,NA,NA,0.937237,NA,TRUE,888322,0.0000281429,NA,NA,1.50003
1988,"Maryland","MD",1747350,1714358,3535730,4.2,14276,78619,9225,62811,NA,3324418,52.56,49.42,48.4867,51.5687,49.4198,52.5611,3.08199,3.1413,TRUE,3324418,0.0000102274,0.00107986,-0.000219643,5.97647
1988,"Massachusetts","MA",2689857,2632801,4642061,5.5,0,0,0,0,NA,4386748,61.32,57.95,56.7162,60.0171,57.9453,61.3178,3.30094,3.37247,TRUE,4386748,-0.00000809256,-0.00220832,-0.00468218,5.49999
1988,"Michigan","MI",3745751,3669163,6773776,2,27612,0,0,27612,NA,6610688,56.66,55.3,54.1672,55.5035,55.2978,56.662,1.33632,1.36422,TRUE,6610688,0.00000726097,0.00204486,-0.00217202,2.40764
1988,"Minnesota","MN",2125119,2096790,3166668,1.5,2799,56901,1639,32889,NA,3086279,68.86,67.11,66.2144,67.9391,67.109,68.857,1.7247,1.748,TRUE,3086279,-0.00000064803,-0.00300425,-0.0010072,2.5386
1988,"Mississippi","MS",NA,931527,1815826,0.5,7384,6854,3177,13988,NA,1792759,NA,NA,51.3005,51.9605,NA,NA,0.660071,NA,TRUE,1792759,-0.00000725139,NA,NA,1.27033
1988,"Missouri","MO",NA,2093713,3769751,0.9,12176,42728,7207,40747,NA,3695076,NA,NA,55.5398,56.6622,NA,NA,1.12242,NA,TRUE,3695076,0.00000652219,NA,NA,1.9809
1988,"Montana","MT",378981,365674,573791,0.8,1272,0,0,1272,NA,567929,66.73,66.05,63.7295,64.3873,66.0486,66.7303,0.657797,0.681735,TRUE,567929,-0.0000577537,0.000348336,-0.00138648,1.02163
1988,"Nebraska","NE",678669,661465,1144305,0.9,2156,11411,447,8309,NA,1125697,60.29,59.31,57.805,58.7605,59.3084,60.2888,0.955528,0.98038,TRUE,1125697,0.0000226526,-0.00121892,-0.00159883,1.62614
1988,"Nevada","NV",354261,350067,823940,5.5,4881,7032,2100,10497,NA,768126,46.12,43,42.487,45.5742,42.996,46.1202,3.08721,3.1242,TRUE,768126,0.0000390561,0.000167785,-0.00402942,6.77404
1988,"New Hampshire","NH",462503,451074,817358,1.9,1019,0,0,1019,NA,800809,57.75,56.59,55.1868,56.3273,56.5851,57.7545,1.14046,1.16935,TRUE,800809,0.000024725,0.00447079,-0.00488063,2.02469
1988,"New Jersey","NJ",3102502,3099553,5904776,6.9,16936,57903,18463,64351,NA,5432995,57.1,52.54,52.4923,57.0505,52.5422,57.1048,4.55824,4.56257,TRUE,5432995,0.00000839316,0.00481972,0.00224716,7.98982
1988,"New Mexico","NM",535694,521287,1046754,3.6,2825,5312,1230,6711,NA,1002360,53.44,51.18,49.8003,52.006,51.1767,53.4433,2.20563,2.26659,TRUE,1002360,-0.0000143661,0.00327387,-0.00331474,4.24111
1988,"New York","NY",6636310,6485683,13659215,9.4,44560,0,33962,78522,NA,12296727,53.97,48.58,47.4821,52.7432,48.5849,53.9681,5.26106,5.38324,TRUE,12296727,-0.00000170777,-0.00189938,0.00485645,9.97486
1988,"North Carolina","NC",NA,2134370,4903045,1.1,17078,67164,6191,56851,NA,4792261,NA,NA,43.5315,44.5378,NA,NA,1.00633,NA,TRUE,4792261,-0.0000103292,NA,NA,2.25949
1988,"North Dakota","ND",309100,297261,470652,0.7,466,0,0,466,NA,466891,66.2,65.67,63.1594,63.6682,65.6749,66.2039,0.508775,0.529038,TRUE,466891,0.0000933837,0.00388913,0.00485106,0.799104
1988,"Ohio","OH",4505284,4393585,7986220,1.1,26462,0,0,26462,NA,7871910,57.23,56.41,55.0146,55.8135,56.4132,57.2324,0.798881,0.819191,TRUE,7871910,-0.00000533543,0.00241246,0.00322177,1.43134
1988,"Oklahoma","OK",1192815,1171036,2300258,1.3,10448,23341,1455,23574,NA,2246781,53.09,51.86,50.9089,52.1206,51.8557,53.09,1.21171,1.23425,TRUE,2246781,-0.0000157559,-0.0000459724,-0.00429512,2.32483
1988,"Oregon","OR",1235199,1201694,2055379,3.1,5991,0,3790,9781,NA,1981881,62.32,60.1,58.4658,60.634,60.0959,62.3246,2.1682,2.22866,TRUE,1981881,0.0000126647,0.00457953,-0.00407609,3.57589
1988,"Pennsylvania","PA",NA,4536251,9037056,1.4,17900,0,0,17900,NA,8892637,NA,NA,50.1961,51.0113,NA,NA,0.815199,NA,TRUE,8892637,0.00000242898,NA,NA,1.59808
1988,"Rhode Island","RI",415963,404620,771407,5.5,1906,9824,442,7260,NA,721720,57.63,53.92,52.4522,56.0633,53.9226,57.635,3.61109,3.71232,TRUE,721720,-0.0000533448,0.00495538,0.00263747,6.44109
1988,"South Carolina","SC",1041846,986009,2504635,0.8,13888,26260,3626,30644,NA,2453954,42.46,41.6,39.3674,40.1804,41.5967,42.4558,0.813046,0.859088,TRUE,2453954,-0.00000326004,-0.00419194,-0.00328032,2.02349
1988,"South Dakota","SD",NA,312991,497633,0.5,1020,0,0,1020,NA,494125,NA,NA,62.8959,63.3425,NA,NA,0.446525,NA,TRUE,494125,-0.0000333924,NA,NA,0.704937
1988,"Tennessee","TN",NA,1636250,3609081,0.7,7732,28282,9529,31402,NA,3552415,NA,NA,45.337,46.0602,NA,NA,0.723189,NA,TRUE,3552415,0.0000121889,NA,NA,1.57009
1988,"Texas","TX",NA,5427410,11877787,6.6,40437,288906,77827,262717,NA,10831136,NA,NA,45.6938,50.1093,NA,NA,4.41555,NA,TRUE,10831136,0.000000535493,NA,NA,8.81184
1988,"Utah","UT",661546,647008,1069800,2.5,0,0,0,0,NA,1043055,63.42,61.84,60.4793,62.0301,61.8383,63.4239,1.55075,1.5856,TRUE,1043055,0,0.00388465,-0.00171247,2.5
1988,"Vermont","VT",270148,243328,411136,1.5,0,0,0,0,NA,404969,66.71,65.71,59.1843,60.0856,65.7077,66.7083,0.901278,1.00062,TRUE,404969,-0.0000098773,-0.00168405,-0.0023023,1.49999
1988,"Virginia","VA",NA,2191609,4571637,3.2,14184,17945,6576,29733,NA,4395612,NA,NA,47.9393,49.859,NA,NA,1.91976,NA,TRUE,4395612,-0.00000873598,NA,NA,3.85037
1988,"Washington","WA",1923043,1865253,3465082,3.9,5816,64257,10745,48690,NA,3281254,58.61,55.5,53.83,56.8457,55.4978,58.607,3.01575,3.10919,TRUE,3281254,-0.00000603428,-0.00304668,-0.00223689,5.30516
1988,"West Virginia","WV",NA,653311,1358249,0.4,1455,4811,807,4668,NA,1348148,NA,NA,48.0995,48.4599,NA,NA,0.360386,NA,TRUE,1348148,0.000000296703,NA,NA,0.743678
1988,"Wisconsin","WI",NA,2191608,3558322,1.3,6353,26305,4128,23634,NA,3488430,NA,NA,61.5911,62.8251,NA,NA,1.234,NA,TRUE,3488430,-0.00000533191,NA,NA,1.96418
1988,"Wyoming","WY",186417,176551,320695,1,945,2186,333,2371,NA,315117,59.16,58.13,55.0526,56.0271,58.1291,59.158,0.974506,1.02896,TRUE,315117,0.0000158671,-0.00197298,-0.00093656,1.73935
1990,"Alabama","AL",NA,1215889,3012797,0.7,15665,27686,5970,35478,NA,2956229,NA,NA,40.3575,41.1297,NA,NA,0.772248,NA,FALSE,2956229,0.0000142411,NA,NA,1.87759
1990,"Alaska","AK",197540,194750,379863,2.8,2622,3599,568,4990,NA,364237,54.23,52,51.2685,53.4679,52.003,54.2339,2.19945,2.23096,FALSE,364237,-0.0000450256,0.00391912,0.00295896,4.11359
1990,"Arizona","AZ",1094735,1055406,2705468,5.5,14861,30397,2711,32771,NA,2523896,43.37,40.46,39.0101,41.8165,40.4638,43.3748,2.80643,2.91101,FALSE,2523896,0.0000103015,0.00480625,0.00379406,6.7113
1990,"Arkansas","AR",NA,696209,1742746,0.7,7322,15983,3971,19285,NA,1711262,NA,NA,39.949,40.684,NA,NA,0.734986,NA,FALSE,1711262,-0.0000129729,NA,NA,1.80657
1990,"California","CA",7899131,7699420,22061053,17,97309,0,67562,164871,NA,18145803,43.53,35.81,34.9005,42.4309,35.8058,43.5314,7.53035,7.72567,FALSE,18145803,-0.0000000551092,0.00144912,-0.004225,17.7473
1990,"Colorado","CO",1046139,1022027,2447513,2.9,7671,0,2396,10067,NA,2366468,44.21,42.74,41.7578,43.1879,42.7429,44.2068,1.43009,1.46383,FALSE,2366468,0.00000519762,-0.00323278,0.00293947,3.31132
1990,"Connecticut","CT",1159361,1141101,2538398,4.7,10500,46640,291,34111,NA,2384982,48.61,45.67,44.9536,47.8453,45.6729,48.6109,2.89168,2.93795,FALSE,2384982,0.0000123271,0.000890984,0.00294018,6.04381
1990,"Delaware","DE",183977,180152,507016,1.9,3471,12223,1283,10866,NA,486517,37.82,36.29,35.5318,37.0289,36.2862,37.8151,1.4971,1.52889,FALSE,486517,-0.000062485,-0.0048774,-0.0037684,4.04307
1990,"District of Columbia","DC",171677,169066,489808,7.8,9947,0,0,9947,NA,441656,38.87,35.05,34.5168,38.28,35.0499,38.8712,3.76323,3.82135,FALSE,441656,-0.00000543409,0.00120293,-0.00014373,9.83079
1990,"Florida","FL",NA,3530871,10137720,8.3,44387,210781,2064,151842,NA,9144447,NA,NA,34.829,38.6122,NA,NA,3.78314,NA,FALSE,9144447,0.00000262454,NA,NA,9.79779
1990,"Georgia","GA",NA,1449652,4803269,2.1,22411,134840,22646,112477,NA,4589923,NA,NA,30.1805,31.5834,NA,NA,1.40283,NA,FALSE,4589923,0.00000764719,NA,NA,4.44168
1990,"Hawaii","HI",354144,349666,838633,7.8,2533,0,0,2533,NA,770687,45.95,42.23,41.6948,45.3707,42.2287,45.9517,3.67593,3.72301,FALSE,770687,-0.0000485281,0.00172878,-0.00127778,8.10199
1990,"Idaho","ID",328340,320610,707535,2.2,1961,0,0,1961,NA,690008,47.58,46.41,45.3137,46.4647,46.4062,47.585,1.15102,1.17877,FALSE,690008,0.0000333329,0.00495554,-0.00381515,2.47719
1990,"Illinois","IL",3420720,3257410,8535069,5.6,27516,0,0,27516,NA,8029589,42.6,40.08,38.165,40.5676,40.0784,42.6014,2.40257,2.52302,FALSE,8029589,0.00000169374,0.00143327,-0.00158939,5.92239
1990,"Indiana","IN",1566371,1502687,4135602,1,12736,0,0,12736,NA,4081510,38.38,37.88,36.3354,36.8169,37.8753,38.3772,0.481551,0.501959,FALSE,4081510,-0.000000490015,-0.00275726,-0.00471606,1.30796
1990,"Iowa","IA",1004908,983933,2065490,1,3967,13895,2111,13026,NA,2031809,49.46,48.65,47.6368,48.4265,48.6523,49.4588,0.789668,0.806502,FALSE,2031809,0.00000492172,-0.00121721,0.00228106,1.63065
1990,"Kansas","KS",805251,786096,1821368,1.8,5775,0,0,5775,NA,1782808,45.17,44.21,43.1596,44.0931,44.2113,45.1676,0.933491,0.956238,FALSE,1782808,0.0000210903,-0.00243288,0.00132907,2.11709
1990,"Kentucky","KY",NA,916010,2755670,0.6,9023,7482,3183,15947,NA,2723189,NA,NA,33.2409,33.6374,NA,NA,0.396483,NA,FALSE,2723189,-0.000000734433,NA,NA,1.1787
1990,"Louisiana","LA",NA,1396113,3020682,1.4,18599,0,0,18599,NA,2959793,NA,NA,46.2185,47.1693,NA,NA,0.950809,NA,FALSE,2959793,0.0000152713,NA,NA,2.01574
1990,"Maine","ME",NA,522181,924839,1.5,0,0,0,0,NA,910966,NA,NA,56.4618,57.3217,NA,NA,0.859851,NA,FALSE,910966,0.000045556,NA,NA,1.50004
1990,"Maryland","MD",1170867,1111088,3632477,4.5,17848,82898,11192,70489,NA,3398527,34.45,32.23,30.5876,32.6932,32.2333,34.4522,2.10561,2.2189,FALSE,3398527,-0.0000136824,0.00219061,0.00329425,6.44051
1990,"Massachusetts","MA",2424579,2341990,4660342,5.9,0,0,0,0,NA,4385382,55.29,52.03,50.2536,53.4045,52.0258,55.2877,3.15086,3.26198,FALSE,4385382,-0.00000405894,-0.00225084,-0.00422593,5.9
1990,"Michigan","MI",2641649,2564563,6872954,2.1,34267,0,0,34267,NA,6694355,39.46,38.44,37.3138,38.3093,38.4354,39.4608,0.995498,1.02542,FALSE,6694355,-0.000000507891,0.000844249,-0.00457616,2.59858
1990,"Minnesota","MN",1843104,1806777,3225335,1.7,3176,59323,1873,34711,NA,3135793,58.78,57.14,56.0183,57.6179,57.1446,58.7763,1.59959,1.63175,FALSE,3135793,0.00000972641,-0.00367133,0.00457568,2.77621
1990,"Mississippi","MS",NA,368502,1850099,0.5,8375,8221,3478,15964,NA,1824885,NA,NA,19.918,20.1932,NA,NA,0.275202,NA,FALSE,1824885,-0.000027125,NA,NA,1.36285
1990,"Missouri","MO",NA,1352552,3821136,0.9,14943,42322,9196,45300,NA,3741446,NA,NA,35.3966,36.1505,NA,NA,0.753921,NA,FALSE,3741446,-0.00000598699,NA,NA,2.08551
1990,"Montana","MT",326652,319336,579158,0.8,1425,0,0,1425,NA,573100,57,56.4,55.138,55.7208,56.4012,56.9974,0.58284,0.596193,FALSE,573100,-0.0000460653,-0.00261734,0.00118931,1.046
1990,"Nebraska","NE",604195,593828,1154859,1.1,2403,14654,632,10362,NA,1131794,53.38,52.32,51.42,52.4679,52.3176,53.3838,1.0479,1.06619,FALSE,1131794,-0.0000396715,0.00383133,-0.00235776,1.99721
1990,"Nevada","NV",325959,320743,926572,6.1,5322,7700,2850,12022,NA,858029,37.99,35.18,34.6161,37.3814,35.179,37.9893,2.76528,2.81025,FALSE,858029,0.000012587,-0.000724579,-0.000974517,7.39748
1990,"New Hampshire","NH",307700,294819,832887,2,1342,0,0,1342,NA,814887,37.76,36.94,35.3972,36.1791,36.9438,37.7598,0.781888,0.81605,FALSE,814887,0.0000319063,-0.00016336,0.00378709,2.16116
1990,"New Jersey","NJ",1998894,1938454,5951541,7.4,21128,72341,23298,80597,NA,5430530,36.81,33.59,32.5706,35.6955,33.5862,36.8085,3.12486,3.22229,FALSE,5430530,-0.00000062609,-0.00154852,-0.00384139,8.75422
1990,"New Mexico","NM",429509,411236,1076522,3.9,3187,6294,1224,7558,NA,1026980,41.82,39.9,38.2004,40.0432,39.8978,41.8225,1.84281,1.92469,FALSE,1026980,-0.0000348595,0.00252819,-0.00216233,4.60204
1990,"New York","NY",4290261,4056896,13742688,10,54895,0,42837,97732,NA,12270687,34.96,31.22,29.5204,33.0617,31.2185,34.9635,3.54129,3.745,FALSE,12270687,0.0000016299,0.00349471,-0.00150039,10.7112
1990,"North Carolina","NC",NA,2069585,5073437,1.3,18411,77829,9883,67209,NA,4940273,NA,NA,40.7926,41.8921,NA,NA,1.09955,NA,FALSE,4940273,0.00000645713,NA,NA,2.62473
1990,"North Dakota","ND",240301,233973,465851,0.8,483,0,0,483,NA,461641,52.05,51.58,50.2249,50.6829,51.5832,52.0537,0.458033,0.470421,FALSE,461641,0.0000415908,0.00365208,0.00323155,0.903722
1990,"Ohio","OH",3620469,3477650,8103382,1.2,31822,0,0,31822,NA,7974319,45.4,44.68,42.916,43.6106,44.6785,45.4016,0.694589,0.723114,FALSE,7974319,0.00000521675,0.00160733,-0.0015065,1.59271
1990,"Oklahoma","OK",929639,911314,2313340,1.5,12285,24411,3236,27727,NA,2250913,41.3,40.19,39.3939,40.4864,40.186,41.3005,1.09255,1.11452,FALSE,2250913,-0.00000444264,0.000530052,-0.00399189,2.69857
1990,"Oregon","OR",1133125,1112847,2137314,3.4,6492,0,0,6492,NA,2058153,55.06,53.02,52.0675,54.0702,53.0163,55.0554,2.00263,2.03912,FALSE,2058153,0.0000157423,-0.00456923,-0.00369074,3.70376
1990,"Pennsylvania","PA",NA,3052760,9120122,1.5,22290,0,0,22290,NA,8961030,NA,NA,33.4728,34.0671,NA,NA,0.594268,NA,FALSE,8961030,0.0000018971,NA,NA,1.74441
1990,"Rhode Island","RI",375188,364052,780448,5.8,2392,15366,321,10396,NA,724786,51.77,48.07,46.6465,50.2289,48.0734,51.7653,3.58235,3.69193,FALSE,724786,0.00000220755,-0.00465133,0.00341424,7.13206
1990,"South Carolina","SC",793614,760965,2598170,0.9,17319,32287,3543,37006,NA,2537780,31.27,30.55,29.2885,29.9855,30.5451,31.272,0.696961,0.726863,FALSE,2537780,0.0000185201,0.00197787,-0.00488555,2.32433
1990,"South Dakota","SD",NA,258976,499072,0.6,1341,0,0,1341,NA,494737,NA,NA,51.8915,52.3462,NA,NA,0.454685,NA,FALSE,494737,-0.0000873191,NA,NA,0.868612
1990,"Tennessee","TN",NA,790441,3693970,0.8,10388,32719,11327,38075,NA,3626343,NA,NA,21.3981,21.7972,NA,NA,0.39905,NA,FALSE,3626343,0.00000661824,NA,NA,1.83074
1990,"Texas","TX",NA,3892746,12232761,7.2,50042,308357,109726,313947,NA,11038055,NA,NA,31.8223,35.2666,NA,NA,3.44429,NA,FALSE,11038055,0.00000188439,NA,NA,9.76645
1990,"Utah","UT",457983,442213,1116922,2.8,0,0,0,0,NA,1085648,42.19,41,39.5921,40.7326,41.004,42.1852,1.14052,1.18119,FALSE,1085648,0.0000169484,-0.00477974,0.00402714,2.80002
1990,"Vermont","VT",217384,211422,422130,1.6,0,0,0,0,NA,415376,52.33,51.5,50.0846,50.8989,51.4969,52.3343,0.814373,0.837338,FALSE,415376,-0.0000192597,0.00427064,-0.00306778,1.59998
1990,"Virginia","VA",NA,1152854,4715129,3.5,17593,21303,9048,37293,NA,4512806,NA,NA,24.4501,25.5463,NA,NA,1.09617,NA,FALSE,4512806,0.0000107472,NA,NA,4.29093
1990,"Washington","WA",1362651,1313217,3634031,4.2,7995,84817,9615,60019,NA,3421383,39.83,37.5,36.1366,38.3826,37.497,39.8275,2.24599,2.33053,FALSE,3421383,-0.00000882684,-0.00250919,-0.00304414,5.85157
1990,"West Virginia","WV",NA,404305,1358773,0.4,1565,5059,1000,5095,NA,1348243,NA,NA,29.7552,29.9875,NA,NA,0.232393,NA,FALSE,1348243,-0.0000068237,NA,NA,0.774964
1990,"Wisconsin","WI",NA,1379727,3617625,1.4,7465,29370,4099,26249,NA,3540729,NA,NA,38.139,38.9673,NA,NA,0.828287,NA,FALSE,3540729,0.00000706069,NA,NA,2.12559
1990,"Wyoming","WY",164309,160109,319255,1.1,1110,2980,313,2913,NA,312830,52.52,51.47,50.1508,51.1808,51.4664,52.5234,1.03001,1.05703,FALSE,312830,0.0000623342,0.00341527,-0.00361733,2.0125
1992,"Alabama","AL",NA,1688060,3096959,0.9,17453,31188,6934,39981,NA,3029105,NA,NA,54.507,55.728,NA,NA,1.22099,NA,TRUE,3029105,0.0000121818,NA,NA,2.19099
1992,"Alaska","AK",261427,258506,406653,2.9,2865,3014,710,5082,NA,389778,67.07,64.29,63.5692,66.3213,64.2875,67.0707,2.75216,2.78325,TRUE,389778,0.000016163,0.000742833,-0.00251165,4.14973
1992,"Arizona","AZ",1516276,1486975,2897181,6.5,16477,34647,3588,37389,NA,2671475,56.76,52.34,51.3249,55.6612,52.3363,56.758,4.33631,4.42175,TRUE,2671475,0.00000879664,-0.00199178,-0.00374624,7.79054
1992,"Arkansas","AR",NA,950653,1789420,1,8285,16448,3460,19969,NA,1751557,NA,NA,53.1263,54.2747,NA,NA,1.14842,NA,TRUE,1751557,-0.0000114184,NA,NA,2.11594
1992,"California","CA",11374565,11131721,22573381,17.3,109496,0,87725,197221,NA,18470965,61.58,50.39,49.3135,60.266,50.3893,61.5808,10.9526,11.1915,TRUE,18470965,0.000000471009,0.000783679,-0.000716268,18.1737
1992,"Colorado","CO",1597166,1569180,2602217,3.7,8997,0,2634,11631,NA,2494304,64.03,61.38,60.3017,62.9105,61.3771,64.0325,2.60888,2.65541,TRUE,2494304,-0.00000116265,0.00253172,-0.00287426,4.14696
1992,"Connecticut","CT",1645609,1616332,2521774,5.1,11403,48567,483,36170,NA,2356994,69.82,65.26,64.095,68.576,65.256,69.8181,4.48095,4.56212,TRUE,2356994,-0.0000201104,-0.00187573,-0.00399371,6.53429
1992,"Delaware","DE",290836,289735,523661,2.2,4062,14887,1120,12626,NA,499514,58.22,55.54,55.3287,58.0034,55.539,58.2238,2.67465,2.68481,TRUE,499514,0.0000916891,0.00379353,-0.00101581,4.61119
1992,"District of Columbia","DC",231445,227572,477564,8.3,10845,0,0,10845,NA,427081,54.19,48.46,47.6527,53.2854,48.4637,54.1923,5.63277,5.72863,TRUE,427081,0.0000440198,0.00229607,0.00366142,10.5709
1992,"Florida","FL",5438612,5314392,10591116,8.7,48302,200471,14021,162559,NA,9507130,57.21,51.35,50.1778,55.899,51.3507,57.2056,5.72119,5.85491,TRUE,9507130,-0.000000967695,-0.00438695,0.000698076,10.2349
1992,"Georgia","GA",NA,2311253,5037354,2.9,25290,153154,23020,124887,NA,4766384,NA,NA,45.8823,48.4907,NA,NA,2.60842,NA,TRUE,4766384,-0.00000558075,NA,NA,5.37921
1992,"Hawaii","HI",382882,372842,866114,7.9,2926,0,0,2926,NA,794765,48.18,44.21,43.0477,46.9122,44.2069,48.1755,3.86455,3.96862,TRUE,794765,-0.00000075494,-0.00450158,-0.0031173,8.23783
1992,"Idaho","ID",491725,482142,756119,2.5,2256,0,0,2256,NA,734960,66.9,65.03,63.7654,65.6011,65.0328,66.905,1.83576,1.87225,TRUE,734960,0.00000340155,0.00500163,0.00275278,2.79837
1992,"Illinois","IL",5164357,5050157,8688184,6.2,31640,0,0,31640,NA,8117877,63.62,59.44,58.1267,62.2103,59.4412,63.6171,4.08359,4.17593,TRUE,8117877,-0.00000502594,-0.00291144,0.00115594,6.56417
1992,"Indiana","IN",2347912,2305871,4230602,1.3,13945,0,0,13945,NA,4161659,56.42,55.5,54.5046,55.4075,55.4983,56.4177,0.902935,0.919398,TRUE,4161659,0.00000418102,-0.00230696,-0.00170449,1.62963
1992,"Iowa","IA",1360856,1354607,2098809,1.3,4518,14084,2065,13625,NA,2057899,66.13,64.84,64.5417,65.8248,64.8394,66.1284,1.28306,1.28898,TRUE,2057899,0.0000234705,-0.00158456,-0.000560108,1.9492
1992,"Kansas","KS",1161044,1157335,1857444,2.2,6028,0,0,6028,NA,1810552,64.13,62.51,62.3079,63.9217,62.5076,64.1265,1.61373,1.6189,TRUE,1810552,0.0000128138,-0.00347947,-0.002382,2.52454
1992,"Kentucky","KY",NA,1492900,2814763,0.8,10364,10750,3684,19423,NA,2772822,NA,NA,53.0382,53.8405,NA,NA,0.802243,NA,TRUE,2772822,-0.00000375069,NA,NA,1.49004
1992,"Louisiana","LA",1799596,1790017,3063068,1.5,20980,0,0,20980,NA,2996142,60.06,58.75,58.4387,59.7441,58.7514,60.0638,1.30537,1.31235,TRUE,2996142,-0.000000667525,0.00377535,0.00142178,2.18493
1992,"Maine","ME",NA,679499,928998,1.5,0,0,0,0,NA,915063,NA,NA,73.1432,74.2571,NA,NA,1.11386,NA,TRUE,915063,0.00000327846,NA,NA,1.5
1992,"Maryland","MD",1999486,1985046,3695298,4.9,19977,82948,13058,74509,NA,3439719,58.13,54.11,53.7182,57.7095,54.1089,58.1293,3.99138,4.02042,TRUE,3439719,0.0000115707,-0.000658621,-0.00107563,6.91633
1992,"Massachusetts","MA",2822962,2773700,4640629,6.3,0,0,0,0,NA,4348269,64.92,60.83,59.7699,63.7886,60.8315,64.9215,4.01869,4.09006,TRUE,4348269,0.00000857813,0.00151245,0.00145194,6.30001
1992,"Michigan","MI",4341909,4274673,6990822,2.4,39113,0,0,39113,NA,6783929,64,62.11,61.1469,63.0118,62.1087,64.0029,1.86483,1.89416,TRUE,6783929,0.00000400948,0.00286619,-0.00129519,2.95949
1992,"Minnesota","MN",2355796,2347948,3298080,2.1,3822,72938,1901,42192,NA,3186628,73.93,71.43,71.1914,73.6813,71.4293,73.9275,2.48991,2.49823,TRUE,3186628,0.000010042,-0.00245025,-0.000683549,3.3793
1992,"Mississippi","MS",1008019,981793,1882100,0.6,8905,8031,2357,15278,NA,1855529,54.33,53.56,52.1648,52.9118,53.5582,54.3252,0.746994,0.766948,TRUE,1855529,0.0000215572,-0.00484529,-0.00179374,1.41177
1992,"Missouri","MO",NA,2391565,3880005,1.1,16195,32692,11671,44212,NA,3793113,NA,NA,61.6382,63.0502,NA,NA,1.412,NA,TRUE,3793113,-0.00000145,NA,NA,2.23948
1992,"Montana","MT",417564,410611,599859,0.8,1548,0,0,1548,NA,593512,70.35,69.61,68.4513,69.1833,69.6104,70.3548,0.732016,0.744411,TRUE,593512,0.0000215665,0.00476958,0.000358434,1.05808
1992,"Nebraska","NE",744548,737546,1178965,1.6,2514,15386,697,10904,NA,1149198,64.79,63.15,62.5588,64.1792,63.1527,64.7885,1.62042,1.63581,TRUE,1149198,-0.0000382876,-0.00151272,0.00268053,2.52484
1992,"Nevada","NV",513387,506318,1028056,7.2,6049,8533,3246,13562,NA,940474,54.59,49.94,49.25,53.8365,49.9376,54.5881,4.58643,4.65046,TRUE,940474,-0.00000340254,-0.00188805,-0.00235069,8.51919
1992,"New Hampshire","NH",545197,537943,833997,2.2,1777,0,0,1777,NA,813872,66.99,65.37,64.5018,66.0968,65.3716,66.9881,1.59497,1.61647,TRUE,813872,0.00000810938,-0.00194782,0.00157808,2.41308
1992,"New Jersey","NJ",3348312,3343594,6000364,8.1,22653,108093,36120,112820,NA,5401515,61.99,55.8,55.7232,61.901,55.8018,61.9884,6.17785,6.18657,TRUE,5401515,-0.00000896045,-0.00161341,0.00181469,9.98021
1992,"New Mexico","NM",590901,569986,1131081,4.4,3271,6921,1331,8063,NA,1073250,55.06,52.24,50.393,53.1084,52.2421,55.0572,2.71538,2.81502,TRUE,1073250,0.0000406243,-0.00283718,0.00214711,5.1129
1992,"New York","NY",7068630,6926925,13799670,10.6,61736,0,50004,111740,NA,12225165,57.82,51.22,50.1963,56.6612,51.2232,57.8203,6.46489,6.59714,TRUE,12225165,-0.000000163597,0.000323897,0.00318142,11.4097
1992,"North Carolina","NC",NA,2611850,5259564,2,20454,86371,14415,78055,NA,5076318,NA,NA,49.6591,51.4517,NA,NA,1.7926,NA,TRUE,5076318,-0.00000551581,NA,NA,3.48405
1992,"North Dakota","ND",315199,308133,467130,0.9,477,0,0,477,NA,462449,68.16,67.48,65.963,66.6307,67.4756,68.1587,0.667691,0.683002,TRUE,462449,-0.0000367608,-0.00134899,-0.00435082,1.00208
1992,"Ohio","OH",5043094,4939967,8208502,1.3,38378,0,0,38378,NA,8063413,62.54,61.44,60.1811,61.264,61.4374,62.5429,1.08287,1.10547,TRUE,8063413,0.0000058784,0.00292072,-0.0025538,1.76755
1992,"Oklahoma","OK",1455635,1390359,2366029,1.8,14821,25902,2758,30530,NA,2292910,63.48,61.52,58.7634,60.6373,61.5223,63.4842,1.87392,1.96189,TRUE,2292910,0.0000208469,0.00417513,0.00228058,3.09037
1992,"Oregon","OR",1498959,1462643,2241507,4,6583,0,0,6583,NA,2145264,69.87,66.87,65.2527,68.1801,66.8728,69.8729,2.92743,3.00012,TRUE,2145264,-0.000013052,0.00293872,0.00282261,4.29367
1992,"Pennsylvania","PA",NA,4949810,9188416,1.7,24974,0,0,24974,NA,9007239,NA,NA,53.8701,54.9537,NA,NA,1.08358,NA,TRUE,9007239,-0.000000799357,NA,NA,1.9718
1992,"Rhode Island","RI",NA,453471,779266,6,2775,15585,483,11051,NA,721459,NA,NA,58.1921,62.8547,NA,NA,4.66265,NA,TRUE,721459,0.00000554432,NA,NA,7.41813
1992,"South Carolina","SC",1234712,1202527,2683852,1.2,18643,35587,5325,41762,NA,2609884,47.31,46.01,44.806,46.0759,46.0052,47.3091,1.26987,1.30386,TRUE,2609884,-0.00000858276,-0.000924194,-0.00478064,2.75604
1992,"South Dakota","SD",NA,336254,508841,0.7,1487,0,0,1487,NA,503792,NA,NA,66.0823,66.7446,NA,NA,0.662277,NA,TRUE,503792,0.0000224299,NA,NA,0.992255
1992,"Tennessee","TN",NA,1982638,3811036,1.1,11849,38614,11819,42975,NA,3726140,NA,NA,52.0236,53.2089,NA,NA,1.1853,NA,TRUE,3726140,-0.0000106276,NA,NA,2.22764
1992,"Texas","TX",NA,6154018,12747860,8.1,60467,360702,121141,361959,NA,11353324,NA,NA,48.2749,54.2045,NA,NA,5.92964,NA,TRUE,11353324,0.00000299472,NA,NA,10.9394
1992,"Utah","UT",784988,743999,1203861,3.4,0,0,0,0,NA,1162930,67.5,65.21,61.8011,63.9762,65.2059,67.5009,2.17518,2.29501,TRUE,1162930,-0.0000235612,0.000881394,-0.00413321,3.39998
1992,"Vermont","VT",292797,289701,426860,1.7,0,0,0,0,NA,419603,69.78,68.59,67.8679,69.0417,68.5932,69.7795,1.17377,1.18631,TRUE,419603,0.0000905618,-0.000470302,0.00321557,1.70009
1992,"Virginia","VA",NA,2558665,4856799,3.9,21199,23510,11372,44326,NA,4623058,NA,NA,52.6821,55.3457,NA,NA,2.6636,NA,TRUE,4623058,-0.00000348254,NA,NA,4.81266
1992,"Washington","WA",2324907,2288230,3827227,4.7,9959,103837,7850,69728,NA,3577619,64.98,60.75,59.7882,63.9596,60.7465,64.9848,4.17138,4.23824,TRUE,3577619,0.00000925196,0.00475662,-0.00348562,6.5219
1992,"West Virginia","WV",NA,683762,1377282,0.5,1674,5688,988,5506,NA,1364890,NA,NA,49.6458,50.0965,NA,NA,0.45074,NA,TRUE,1364890,-0.0000300391,NA,NA,0.899743
1992,"Wisconsin","WI",NA,2531114,3712414,1.6,8191,40424,5560,33963,NA,3619052,NA,NA,68.1797,69.9386,NA,NA,1.75886,NA,TRUE,3619052,0.0000103895,NA,NA,2.51486
1992,"Wyoming","WY",203602,200617,331170,1.1,1063,3310,404,3122,NA,324405,62.76,61.48,60.5783,61.8415,61.4796,62.7617,1.26327,1.28207,TRUE,324405,0.0000400734,0.00167137,-0.000397379,2.04276
1994,"Alabama","AL",NA,1201969,3170782,1,19573,32284,7235,42950,NA,3096124,NA,NA,37.9077,38.8217,NA,NA,0.914081,NA,FALSE,3096124,0.00000581372,NA,NA,2.35456
1994,"Alaska","AK",216668,213404,417053,3,3292,2899,412,5154,NA,399387,54.25,51.95,51.1695,53.4329,51.9521,54.2501,2.26337,2.29799,FALSE,399387,0.000102657,0.000138337,0.00214997,4.23591
1994,"Arizona","AZ",1153724,1129607,3169857,7.5,19746,34365,4351,41280,NA,2890838,39.91,36.4,35.6359,39.0754,36.3967,39.9097,3.43952,3.51295,FALSE,2890838,-0.00000951281,-0.00032675,-0.00327926,8.80226
1994,"Arkansas","AR",NA,716840,1849361,1.3,8643,19606,5224,23670,NA,1801649,NA,NA,38.7615,39.788,NA,NA,1.0265,NA,FALSE,1801649,0.0000170399,NA,NA,2.57992
1994,"California","CA",8900593,8658881,22721586,17.7,125605,0,85082,210687,NA,18489178,48.14,39.17,38.1086,46.8322,39.1724,48.1395,8.72355,8.96706,FALSE,18489178,0.00000150358,-0.000526195,0.00241076,18.6273
1994,"Colorado","CO",1173130,1116307,2785952,4.5,10717,0,2463,13180,NA,2647404,44.31,42.11,40.0691,42.1661,42.1088,44.3125,2.09696,2.2037,FALSE,2647404,0.00000604366,0.0024661,-0.00123431,4.97309
1994,"Connecticut","CT",1163829,1147084,2515100,5.5,14380,53453,1146,42253,NA,2334517,49.85,46.27,45.6079,49.1358,46.2737,49.8531,3.52793,3.57943,FALSE,2334516,-0.0000214177,0.00309595,0.00366705,7.17995
1994,"Delaware","DE",201560,199029,540474,2.6,4466,15507,1029,13249,NA,513173,39.28,37.29,36.8249,38.784,37.2932,39.2772,1.9591,1.98401,FALSE,513173,-0.0000631366,-0.00279719,0.00319079,5.05131
1994,"District of Columbia","DC",186316,183649,463680,8.8,10949,0,0,10949,NA,411927,45.23,40.18,39.6068,44.5829,40.182,45.2303,4.97606,5.04832,FALSE,411927,0.0000388418,0.000344211,0.00202208,11.1614
1994,"Florida","FL",4305340,4206659,11016840,9.1,57168,247014,20573,201248,NA,9813060,43.87,39.08,38.1839,42.868,39.0796,43.8736,4.68407,4.79395,FALSE,9813060,-0.00000448382,0.00357257,-0.000372811,10.9267
1994,"Georgia","GA",NA,1545328,5293282,3.7,33425,140694,17505,121277,NA,4976154,NA,NA,29.1941,31.0547,NA,NA,1.86053,NA,FALSE,4976154,-0.0000087216,NA,NA,5.99114
1994,"Hawaii","HI",377011,369013,882189,7.9,3333,0,0,3333,NA,809163,46.59,42.74,41.8292,45.6043,42.7359,46.5927,3.77504,3.85686,FALSE,809163,0.00000852733,0.00271371,-0.00414635,8.27782
1994,"Idaho","ID",419330,413346,809957,2.8,2811,0,0,2811,NA,784467,53.45,51.77,51.0331,52.6913,51.7719,53.4541,1.65824,1.68224,FALSE,784467,0.0000260049,0.00412873,0.00188419,3.14708
1994,"Illinois","IL",3219122,3106566,8819582,6.9,36531,0,0,36531,NA,8174500,39.38,36.5,35.2235,38.0031,36.4997,39.38,2.77963,2.88034,FALSE,8174500,-0.00000193284,0.0000477093,-0.000288336,7.3142
1994,"Indiana","IN",1609481,1543568,4315664,1.5,15014,0,0,15014,NA,4235915,38,37.29,35.7666,36.44,37.2939,37.9961,0.673374,0.702128,FALSE,4235915,0.000000944306,-0.0039354,0.00393669,1.8479
1994,"Iowa","IA",1022372,997248,2128370,1.6,5437,15902,3696,17084,NA,2077232,49.22,48.04,46.855,48.0085,48.0354,49.218,1.15349,1.18255,FALSE,2077232,0.00000385128,-0.0020022,-0.00455504,2.40268
1994,"Kansas","KS",836251,820846,1893521,2.6,6371,0,0,6371,NA,1837918,45.5,44.16,43.3502,44.6617,44.1638,45.4999,1.31149,1.3361,FALSE,1837918,0.0000247019,-0.0000919519,0.00380912,2.93649
1994,"Kentucky","KY",827541,784299,2879413,1,11066,11417,4380,21155,NA,2829464,29.25,28.74,27.2382,27.719,28.7399,29.2473,0.48084,0.507351,FALSE,2829464,-0.00000459451,-0.00272914,-0.0000797454,1.73469
1994,"Louisiana","LA",893758,826837,3109456,1.5,24063,0,0,24063,NA,3038751,29.41,28.74,26.5911,27.2098,28.7432,29.412,0.618715,0.668791,FALSE,3038751,0.00000526532,0.00201829,0.00322711,2.27387
1994,"Maine","ME",NA,511733,932164,1.5,0,0,0,0,NA,918182,NA,NA,54.8973,55.7333,NA,NA,0.835972,NA,FALSE,918182,-0.000050099,NA,NA,1.49995
1994,"Maryland","MD",1437450,1410299,3751305,5.2,20998,76940,14795,74263,NA,3481974,41.28,38.32,37.5949,40.5029,38.3187,41.2826,2.90797,2.96395,FALSE,3481974,0.00000402071,0.00261727,-0.0013349,7.17966
1994,"Massachusetts","MA",2232186,2179945,4668100,6.7,0,0,0,0,NA,4355337,51.25,47.82,46.6988,50.0523,47.8179,51.2517,3.35351,3.43387,FALSE,4355337,0.0000068881,0.00174011,-0.00212977,6.70001
1994,"Michigan","MI",3177740,3089077,7081498,2.6,40631,0,0,40631,NA,6856748,46.34,44.87,43.6218,45.0516,44.8738,46.3447,1.42983,1.47087,FALSE,6856748,0.000000758377,0.00471035,0.00383884,3.17376
1994,"Minnesota","MN",1794618,1772929,3385687,2.5,4575,81972,1904,47465,NA,3253580,55.16,53.01,52.3654,54.4916,53.006,55.1583,2.12622,2.15223,FALSE,3253580,-0.00000537869,-0.00174356,-0.00397788,3.90193
1994,"Mississippi","MS",621096,608085,1935054,0.7,10930,9042,1519,16970,NA,1904539,32.61,32.1,31.4247,31.9282,32.0971,32.6114,0.503494,0.514268,FALSE,1904539,-0.0000198473,0.00135634,-0.00291124,1.57696
1994,"Missouri","MO",NA,1775116,3958762,1.3,17898,36295,12592,48638,NA,3858660,NA,NA,44.8402,46.0034,NA,NA,1.16325,NA,FALSE,3858660,0.00000243608,NA,NA,2.52862
1994,"Montana","MT",359455,350387,629335,0.8,1764,0,0,1764,NA,622536,57.74,57.12,55.6758,56.2838,57.1166,57.7404,0.60806,0.623797,FALSE,622536,0.0000514026,0.000435894,-0.00336101,1.08035
1994,"Nebraska","NE",593654,579561,1201826,2,2711,18639,771,12802,NA,1164987,50.96,49.4,48.2234,49.7483,49.396,50.958,1.52491,1.56199,FALSE,1164987,0.0000412022,-0.00200648,-0.00399758,3.06525
1994,"Nevada","NV",386582,380530,1143487,8.4,6993,9410,3529,15227,NA,1032207,37.45,33.81,33.278,36.8657,33.8073,37.452,3.58763,3.64469,FALSE,1032207,0.00000891294,0.00198395,-0.00270704,9.73164
1994,"New Hampshire","NH",319443,311882,851104,2.3,2021,0,0,2021,NA,829508,38.51,37.53,36.6444,37.5984,37.5328,38.5099,0.954026,0.977155,FALSE,829508,-0.0000472569,-0.0000639897,0.00278095,2.53741
1994,"New Jersey","NJ",2131328,2054887,6059401,8.9,24632,125299,41802,129084,NA,5391030,39.53,35.17,33.9124,38.1168,35.1739,39.5347,4.2044,4.3608,FALSE,5391030,0.00000576884,0.00470858,0.0039058,11.0303
1994,"New Mexico","NM",485709,467621,1195183,4.9,3712,8063,1078,8822,NA,1127797,43.07,40.64,39.1255,41.4632,40.6389,43.0671,2.33775,2.42818,FALSE,1127797,0.00000292606,-0.00294095,-0.00111876,5.63813
1994,"New York","NY",5325323,5203762,13861352,11.2,66750,0,53832,120582,NA,12188299,43.69,38.42,37.5415,42.6947,38.4185,43.6921,5.15322,5.2736,FALSE,12188299,-0.00000347875,0.00209354,-0.00150374,12.0699
1994,"North Carolina","NC",NA,1588190,5477604,2.6,23648,90418,20159,89016,NA,5246170,NA,NA,28.9942,30.2733,NA,NA,1.27908,NA,FALSE,5246170,0.00000564221,NA,NA,4.2251
1994,"North Dakota","ND",240430,236547,473993,0.9,563,0,0,563,NA,469164,51.25,50.72,49.9052,50.4188,50.7244,51.2465,0.513663,0.522095,FALSE,469164,0.0000134281,-0.00352755,0.00437779,1.01879
1994,"Ohio","OH",3540954,3436884,8292312,1.4,43074,0,0,43074,NA,8133146,43.54,42.7,41.4466,42.2577,42.7016,43.5373,0.811112,0.835673,FALSE,8133146,-0.00000452469,-0.00267754,0.00164943,1.91944
1994,"Oklahoma","OK",1002363,995012,2410272,2,16631,28285,2604,33378,NA,2328689,43.04,41.59,41.2821,42.7284,41.5871,43.0441,1.44627,1.45696,FALSE,2328689,-0.0000188948,0.00409047,-0.00286793,3.3848
1994,"Oregon","OR",1254265,1221010,2344505,4.6,6936,0,0,6936,NA,2229722,56.25,53.5,52.0797,54.7606,53.4981,56.2521,2.68099,2.75401,FALSE,2229722,-0.0000103152,0.00207986,-0.00192685,4.89583
1994,"Pennsylvania","PA",NA,3585526,9241090,1.8,28302,0,0,28302,NA,9046448,NA,NA,38.7998,39.6346,NA,NA,0.834811,NA,FALSE,9046448,0.00000420054,NA,NA,2.10627
1994,"Rhode Island","RI",NA,361377,776723,6.2,2919,18179,525,12534,NA,716032,NA,NA,46.5259,50.4694,NA,NA,3.94354,NA,FALSE,716032,0.0000243006,NA,NA,7.81373
1994,"South Carolina","SC",951901,934886,2747987,1.4,18999,40005,6077,45079,NA,2664436,35.73,34.64,34.0208,35.0876,34.6399,35.7262,1.06682,1.08623,FALSE,2664436,0.00000683071,-0.00382756,-0.000061747,3.04044
1994,"South Dakota","SD",318090,311613,524910,0.8,1708,0,0,1708,NA,519003,61.29,60.6,59.365,60.0407,60.599,61.2887,0.675659,0.689703,FALSE,519003,-0.0000539496,-0.00133693,-0.00104018,1.12534
1994,"Tennessee","TN",NA,1487130,3945407,1.4,14401,34896,9353,41202,NA,3848969,NA,NA,37.6927,38.6371,NA,NA,0.944411,NA,FALSE,3848969,0.00000784626,NA,NA,2.44431
1994,"Texas","TX",NA,4396242,13334014,8.9,118195,396276,108563,424896,NA,11722391,NA,NA,32.9701,37.5029,NA,NA,4.53281,NA,FALSE,11722391,-0.00000209855,NA,NA,12.0866
1994,"Utah","UT",532737,517790,1302522,4.1,0,0,0,0,NA,1249119,42.65,40.9,39.7529,41.4524,40.9004,42.649,1.69954,1.7486,FALSE,1249119,-0.0000321827,-0.000980971,0.000422411,4.09997
1994,"Vermont","VT",216715,211449,434549,1.7,0,0,0,0,NA,427162,50.73,49.87,48.6594,49.5009,49.8712,50.7337,0.841477,0.862434,FALSE,427162,-0.0000779564,0.00367949,0.00124582,1.69992
1994,"Virginia","VA",NA,2057463,4983515,4.3,26968,24089,9649,48662,NA,4720562,NA,NA,41.2854,43.5851,NA,NA,2.29975,NA,FALSE,4720562,-0.00000307167,NA,NA,5.27646
1994,"Washington","WA",1733471,1700173,3994036,5.3,10833,110279,1650,67623,NA,3714729,46.66,43.4,42.5678,45.7684,43.4015,46.6648,3.20063,3.26332,FALSE,3714729,0.00000247663,0.00480381,0.00148662,6.9931
1994,"West Virginia","WV",439551,420936,1392499,0.5,1930,5992,1380,6306,NA,1379231,31.87,31.57,30.2288,30.5196,31.5656,31.8693,0.290797,0.303657,FALSE,1379231,-0.0000358896,-0.00071922,-0.0043759,0.952819
1994,"Wisconsin","WI",NA,1565628,3801543,1.8,10022,45901,7065,40038,NA,3693077,NA,NA,41.184,42.3936,NA,NA,1.20958,NA,FALSE,3693077,0.00000611956,NA,NA,2.85321
1994,"Wyoming","WY",204025,201710,344492,1.2,1217,3367,313,3214,NA,337144,60.52,59.22,58.5529,59.829,59.2249,60.5157,1.27615,1.2908,FALSE,337144,0.0000284745,-0.00431531,0.00488766,2.133
1996,"Alabama","AL",NA,1534349,3227688,1.2,21760,37865,4966,45659,NA,3143297,NA,NA,47.5371,48.8134,NA,NA,1.27627,NA,TRUE,3143297,-0.00000814431,NA,NA,2.6146
1996,"Alaska","AK",245212,241620,423702,3.1,3716,3999,642,6358,NA,404209,60.66,57.87,57.0259,59.776,57.8737,60.6647,2.75008,2.79096,TRUE,404209,0.0000588804,0.00465616,0.00369425,4.60064
1996,"Arizona","AZ",1431342,1404405,3414380,8.4,22493,40607,3785,46582,NA,3080990,46.46,41.92,41.1321,45.5829,41.921,46.4572,4.45085,4.53622,TRUE,3080990,0.00000259657,-0.00278982,0.000992977,9.76429
1996,"Arkansas","AR",NA,884262,1903094,1.6,9407,25178,5459,27455,NA,1845189,NA,NA,46.4644,47.9226,NA,NA,1.45813,NA,TRUE,1845189,0.0000268807,NA,NA,3.04268
1996,"California","CA",10263490,10019484,23076427,18.1,146049,0,99578,245627,NA,18653967,55.02,44.48,43.4187,53.7123,44.4761,55.0204,10.2937,10.5443,TRUE,18653967,-0.00000153855,0.000414692,-0.00392058,19.1644
1996,"Colorado","CO",NA,1510704,2939929,5.2,12483,0,3294,15777,NA,2771276,NA,NA,51.3857,54.5129,NA,NA,3.12721,NA,TRUE,2771276,-0.000011114,NA,NA,5.73664
1996,"Connecticut","CT",1410746,1392614,2528212,5.8,15007,55978,1083,44079,NA,2337497,60.35,55.8,55.083,59.5771,55.8001,60.3528,4.49419,4.5527,TRUE,2337497,-0.0000126631,0.00284751,0.000146507,7.54347
1996,"Delaware","DE",277418,270810,559598,3,5110,16528,591,13965,NA,528845,52.46,49.57,48.3937,51.2078,49.5745,52.4573,2.81415,2.88282,TRUE,528845,0.0000113455,-0.00266373,0.00451599,5.49555
1996,"District of Columbia","DC",189210,185726,450182,9.3,9376,0,0,9376,NA,398939,47.43,42.03,41.2558,46.555,42.0297,47.4283,5.29923,5.39864,TRUE,398939,0.0000185492,-0.00169642,-0.000331999,11.3827
1996,"Florida","FL",5444245,5300927,11509122,9.5,63763,237117,9243,191565,NA,10224190,53.25,47.3,46.0585,51.8469,47.3037,53.2487,5.78843,5.94493,TRUE,10224190,0.0000040101,-0.00133189,0.00373872,11.1645
1996,"Georgia","GA",2374650,2298899,5555577,4.4,35139,143457,21146,128014,NA,5183118,45.82,42.74,41.38,44.3536,42.7435,45.8151,2.97357,3.07155,TRUE,5183118,-0.00000748584,-0.00491341,0.00353501,6.70424
1996,"Hawaii","HI",370230,360120,895753,8,4011,0,0,4011,NA,820082,45.15,41.33,40.203,43.9127,41.3317,45.1455,3.70963,3.81378,TRUE,820082,-0.0000292654,-0.00451455,0.0017064,8.44775
1996,"Idaho","ID",508030,489481,856420,3.2,3832,0,0,3832,NA,825183,61.57,59.32,57.1543,59.3179,59.3202,61.5657,2.16356,2.24554,TRUE,825183,-0.0000533215,-0.00426246,0.000193363,3.64739
1996,"Illinois","IL",4418270,4311391,8927254,7.5,38852,0,0,38852,NA,8218858,53.76,49.49,48.2947,52.4573,49.4919,53.7577,4.16259,4.26579,TRUE,8218858,-0.000000608357,-0.00228816,0.00192663,7.93521
1996,"Indiana","IN",2195224,2135431,4397367,1.8,16960,0,0,16960,NA,4301254,51.04,49.92,48.5616,49.6467,49.9213,51.0368,1.08513,1.11551,TRUE,4301254,0.00000916012,-0.00316284,0.00132792,2.18569
1996,"Iowa","IA",1251983,1234075,2154320,1.8,6342,15386,2200,16235,NA,2099307,59.64,58.11,57.2837,58.7849,58.115,59.6379,1.50114,1.52292,TRUE,2099307,0.0000114323,-0.00208139,0.00499684,2.55361
1996,"Kansas","KS",1073520,1063452,1922601,3,7756,0,0,7756,NA,1857167,57.8,55.84,55.3132,57.2621,55.8369,57.8042,1.94886,1.96731,TRUE,1857167,-0.00000161536,0.00417162,-0.00314149,3.40341
1996,"Kentucky","KY",1419592,1388707,2938362,1.2,12910,11689,4621,23376,NA,2879726,49.3,48.31,47.2613,48.2236,48.3124,49.2961,0.962318,0.98372,TRUE,2879726,-0.0000119456,-0.00392114,0.00235906,1.99553
1996,"Louisiana","LA",1804640,1783959,3163302,1.5,26776,0,0,26776,NA,3089076,58.42,57.05,56.3955,57.7506,57.0492,58.4201,1.3551,1.37081,TRUE,3089076,0.0000152149,0.0000582957,-0.000752094,2.34647
1996,"Maine","ME",NA,605897,944106,1.5,0,0,0,0,NA,929944,NA,NA,64.1768,65.1541,NA,NA,0.97734,NA,TRUE,929944,0.0000440887,NA,NA,1.50004
1996,"Maryland","MD",1793991,1780870,3817454,5.6,22050,70553,16246,73573,NA,3530104,50.82,46.99,46.6507,50.4481,46.9944,50.8198,3.79736,3.82534,TRUE,3530104,-0.000012011,-0.000222452,0.00443661,7.52727
1996,"Massachusetts","MA",2600278,2559180,4723380,7.2,0,0,0,0,NA,4383297,59.32,55.05,54.1811,58.3848,55.0512,59.3224,4.2037,4.27121,TRUE,4383297,-0.000008213,0.00242328,0.00121333,7.19999
1996,"Michigan","MI",3912261,3848844,7201527,2.8,42349,0,0,42349,NA,6957535,56.23,54.33,53.4448,55.3191,54.3254,56.2306,1.87424,1.90512,TRUE,6957535,0.00000350699,0.000561542,-0.00456319,3.38806
1996,"Minnesota","MN",2211161,2192640,3473117,2.9,5158,90202,2377,52636,NA,3319761,66.61,63.67,63.1318,66.0481,63.665,66.606,2.91636,2.941,TRUE,3319761,-0.0000118382,-0.00397023,-0.00496942,4.41551
1996,"Mississippi","MS",NA,893857,1986327,0.8,13859,10376,1326,20373,NA,1950063,NA,NA,45.0005,45.8373,NA,NA,0.836844,NA,TRUE,1950063,0.0000196917,NA,NA,1.82568
1996,"Missouri","MO",NA,2158065,4035666,1.5,22003,42386,13087,56283,NA,3918848,NA,NA,53.4748,55.0689,NA,NA,1.59405,NA,TRUE,3918848,0.000000255177,NA,NA,2.89464
1996,"Montana","MT",417232,407083,652991,0.9,2293,0,0,2293,NA,644821,64.71,63.9,62.3413,63.1312,63.8955,64.7051,0.789876,0.809568,TRUE,644821,0.0000125616,-0.0049113,-0.00447923,1.25117
1996,"Nebraska","NE",686749,677415,1230047,2.5,3287,14363,688,11157,NA,1188139,57.8,55.83,55.0723,57.0148,55.8311,57.8004,1.94251,1.96927,TRUE,1188139,-0.0000147289,0.000392042,0.00111865,3.40702
1996,"Nevada","NV",467657,464279,1271617,9.5,8439,9760,3216,16535,NA,1134278,41.23,36.78,36.5109,40.9317,36.7766,41.2295,4.42076,4.45293,TRUE,1134278,0.0000339423,-0.000513049,-0.00343913,10.8003
1996,"New Hampshire","NH",513700,499053,878569,2.4,2062,0,0,2062,NA,855421,60.05,58.47,56.8029,58.34,58.4701,60.0523,1.53711,1.58222,TRUE,855421,0.0000402141,0.00230173,0.0000803238,2.63474
1996,"New Jersey","NJ",3105110,3075860,6152216,9.6,27490,125881,14545,104976,NA,5456627,56.91,50.47,49.996,56.3693,50.4714,56.9053,6.37329,6.43389,TRUE,5456627,0.00000483815,-0.00469934,0.00140738,11.3063
1996,"New Mexico","NM",579763,556074,1249597,5.3,4724,8903,1426,10602,NA,1172766,49.44,46.4,44.5003,47.4156,46.396,49.4355,2.91533,3.03952,TRUE,1172766,0.0000306114,-0.00447748,-0.00400193,6.14846
1996,"New York","NY",6439129,6316129,13942462,11.8,69709,0,57137,126846,NA,12170405,52.91,46.18,45.3014,51.8974,46.1836,52.9081,6.59605,6.7245,TRUE,12170405,0.00000397686,-0.00190861,0.00358651,12.7098
1996,"North Carolina","NC",NA,2515807,5717844,3.3,30647,102483,12358,94247,NA,5434908,NA,NA,43.9992,46.2898,NA,NA,2.29056,NA,TRUE,5434908,0.00000272314,NA,NA,4.9483
1996,"North Dakota","ND",271850,266411,481497,1,722,0,0,722,NA,475960,57.12,56.46,55.3297,55.9734,56.4593,57.1161,0.643669,0.65681,TRUE,475960,0.00000630305,-0.00385579,-0.000665882,1.14996
1996,"Ohio","OH",4638108,4534434,8366250,1.5,46174,0,6331,52505,NA,8188251,56.64,55.44,54.1991,55.3773,55.4383,56.6435,1.1782,1.20514,TRUE,8188251,0.00000305316,0.0034517,-0.00168534,2.12758
1996,"Oklahoma","OK",1218248,1206713,2461718,2.3,19593,28090,2159,35797,NA,2369301,51.42,49.49,49.0191,50.9312,49.4877,51.418,1.91204,1.93032,TRUE,2369301,0.0000205124,-0.00196574,-0.00228451,3.75417
1996,"Oregon","OR",1399180,1377760,2445442,5.2,8661,0,0,8661,NA,2309618,60.58,57.22,56.3399,59.6532,57.2158,60.5806,3.31324,3.36475,TRUE,2309618,0.000000692755,0.000580858,-0.00416744,5.55417
1996,"Pennsylvania","PA",NA,4506118,9283893,2,34537,0,0,34537,NA,9063678,NA,NA,48.5369,49.7162,NA,NA,1.17927,NA,TRUE,9063678,0.00000154463,NA,NA,2.37201
1996,"Rhode Island","RI",NA,390247,781307,6.4,3271,20446,573,14067,NA,717236,NA,NA,49.948,54.4098,NA,NA,4.46187,NA,TRUE,717236,0.0000490773,NA,NA,8.20049
1996,"South Carolina","SC",1203486,1151422,2825088,1.7,20446,42417,5036,46691,NA,2730371,44.08,42.6,40.757,42.1709,42.5999,44.0777,1.41387,1.4778,TRUE,2730371,-0.000018166,-0.00225379,-0.0000526709,3.35271
1996,"South Dakota","SD",329316,323826,537038,1,2063,0,0,2063,NA,529605,62.18,61.32,60.2985,61.1448,61.3208,62.1814,0.846289,0.860637,TRUE,529605,-0.0000717516,0.00143711,0.00080039,1.38407
1996,"Tennessee","TN",NA,1894105,4094014,1.6,15626,37002,8934,43061,NA,3985449,NA,NA,46.2652,47.5255,NA,NA,1.26028,NA,TRUE,3985449,-0.00000562045,NA,NA,2.6518
1996,"Texas","TX",NA,5611644,13887542,9.8,132383,429329,112594,459642,NA,12066921,NA,NA,40.4078,46.5044,NA,NA,6.0966,NA,TRUE,12066921,-0.000000961306,NA,NA,13.1097
1996,"Utah","UT",691016,665629,1394017,4.8,0,0,0,0,NA,1327104,52.07,49.57,47.749,50.1565,49.5701,52.0695,2.40752,2.49934,TRUE,1327104,0.0000138648,-0.000531443,0.000127194,4.80001
1996,"Vermont","VT",261469,258449,443874,1.8,0,0,0,0,NA,435884,59.99,58.91,58.2258,59.2931,58.9061,59.9859,1.06731,1.07978,TRUE,435884,0.0000614842,-0.00408632,-0.00386898,1.80006
1996,"Virginia","VA",2468229,2416642,5106297,4.7,27655,29620,9918,52383,NA,4813918,51.27,48.34,47.3267,50.2011,48.337,51.2728,2.87444,2.9358,TRUE,4813918,0.000000851697,0.00276784,-0.00303488,5.72585
1996,"Washington","WA",2293895,2253867,4147127,5.8,12527,125780,560,75977,NA,3830617,59.88,55.31,54.3477,58.8382,55.3129,59.8832,4.49055,4.5703,TRUE,3830617,-0.0000095546,0.00317287,0.00287081,7.63203
1996,"West Virginia","WV",653331,636459,1400343,0.5,2749,5669,869,6453,NA,1386888,47.11,46.66,45.4502,45.8912,46.6551,47.1077,0.440939,0.452628,TRUE,1386888,0.0000205496,-0.00230277,-0.00493049,0.960836
1996,"Wisconsin","WI",NA,2196169,3886906,2,12991,47292,8222,44859,NA,3764309,NA,NA,56.5017,58.3419,NA,NA,1.84016,NA,TRUE,3764309,-0.00000318784,NA,NA,3.1541
1996,"Wyoming","WY",215844,211571,353354,1.3,1499,3432,364,3579,NA,345181,62.53,61.08,59.8751,61.2928,61.0844,62.5307,1.41769,1.44632,TRUE,345181,0.000115302,0.000672314,0.00435167,2.31298
1998,"Alabama","AL",NA,1317842,3293917,1.3,22676,40379,5221,48087,NA,3203009,NA,NA,40.0084,41.1439,NA,NA,1.13552,NA,FALSE,3203009,0.00000246643,NA,NA,2.75988
1998,"Alaska","AK",227156,223300,429317,3.2,4097,4274,478,6712,NA,408867,55.56,52.91,52.0128,54.6143,52.911,55.5574,2.60149,2.64641,FALSE,408867,-0.0000352193,-0.00256934,0.00101913,4.76338
1998,"Arizona","AZ",1037550,1017616,3628841,9.4,25311,51329,3742,54718,NA,3233012,32.09,28.59,28.0425,31.4758,28.5918,32.0924,3.43334,3.50059,FALSE,3233012,-0.00000167027,0.00236464,0.00177352,10.9079
1998,"Arkansas","AR",NA,706011,1951741,1.9,10638,28698,6979,31966,NA,1882692,NA,NA,36.1734,37.5001,NA,NA,1.32668,NA,FALSE,1882692,-0.00000419612,NA,NA,3.53782
1998,"California","CA",8617649,8381871,23980067,18.5,161904,0,108424,270328,NA,19273427,44.71,35.94,34.9535,43.4893,35.9367,44.7126,8.53577,8.77588,FALSE,19273427,-0.00000204945,0.00259315,-0.00328223,19.6273
1998,"Colorado","CO",NA,1327235,3085075,6,14312,0,5204,19516,NA,2880455,NA,NA,43.0212,46.0773,NA,NA,3.05611,NA,FALSE,2880454,-0.0000173584,NA,NA,6.63258
1998,"Connecticut","CT",1022453,999537,2544417,6.2,17605,55000,1396,46501,NA,2340162,43.69,40.18,39.2835,42.7123,40.1842,43.6915,3.42876,3.50737,FALSE,2340162,0.00000623888,0.00154785,0.00417579,8.02758
1998,"Delaware","DE",NA,180527,576849,3.4,5558,20030,572,16145,NA,541091,NA,NA,31.2954,33.3635,NA,NA,2.06815,NA,FALSE,541091,0.0000247648,NA,NA,6.19885
1998,"District of Columbia","DC",137523,135501,452668,9.8,9829,0,0,9829,NA,398478,34.51,30.38,29.9339,34.0046,30.3805,34.5121,4.07078,4.13152,FALSE,398478,-0.000116443,0.00206842,0.000543798,11.9712
1998,"Florida","FL",4070262,3965751,12001902,10,67224,283965,6487,215694,NA,10586018,38.45,33.91,33.0427,37.4622,33.9135,38.4494,4.41947,4.53594,FALSE,10586018,-0.00000188928,-0.000584932,0.00347471,11.7972
1998,"Georgia","GA",1842145,1792880,5828114,5.2,39262,278669,20482,199079,NA,5325973,34.59,31.61,30.7626,33.663,31.6079,34.588,2.90035,2.98004,FALSE,5325973,0.00000135187,-0.00204771,-0.00209048,8.61584
1998,"Hawaii","HI",412520,407556,910645,8.1,4924,0,0,4924,NA,831959,49.58,45.3,44.7547,48.9875,45.2998,49.5842,4.23286,4.28441,FALSE,831959,-0.0000294486,0.00417422,-0.00023994,8.64069
1998,"Idaho","ID",386720,381248,896422,3.5,4083,31172,1309,20978,NA,844069,45.82,43.14,42.53,45.1679,43.1404,45.8162,2.6379,2.67576,FALSE,844069,0.000027249,-0.00384042,0.00039593,5.84022
1998,"Illinois","IL",3541379,3394521,9070725,8.2,43051,0,0,43051,NA,8283875,42.75,39.04,37.4228,40.9775,39.0419,42.7503,3.55463,3.70842,FALSE,8283875,-0.00000543224,0.000270858,0.00185167,8.67461
1998,"Indiana","IN",1618689,1588617,4457578,2,19197,0,0,19197,NA,4349229,37.22,36.31,35.6386,36.5264,36.3132,37.2178,0.887836,0.904643,FALSE,4349229,0.0000101167,-0.00216208,0.00319519,2.43067
1998,"Iowa","IA",973032,956415,2176940,2.1,7394,18447,2194,18812,NA,2112412,46.06,44.7,43.9339,45.276,44.6972,46.0626,1.34205,1.36537,FALSE,2112412,0.0000123082,0.00260521,-0.00276443,2.96416
1998,"Kansas","KS",743288,727236,1955236,3.5,8183,0,6025,14208,NA,1872595,39.69,38.02,37.1943,38.8357,38.0153,39.6929,1.64145,1.67768,FALSE,1872595,-0.0000138845,0.00293948,-0.00474251,4.22665
1998,"Kentucky","KY",1215053,1145414,2999287,1.3,14987,17594,4508,28292,NA,2932004,41.44,40.51,38.1895,39.0659,40.5114,41.441,0.876365,0.929647,FALSE,2932004,0.00000917461,0.00104169,0.00139487,2.2433
1998,"Louisiana","LA",990243,969165,3216121,1.6,32228,33028,18759,67501,NA,3097162,31.97,30.79,30.1346,31.292,30.79,31.9726,1.15744,1.18261,FALSE,3097162,0.00000206641,0.00259297,-0.0000203941,3.69883
1998,"Maine","ME",NA,486808,957916,1.5,0,0,0,0,NA,943547,NA,NA,50.8195,51.5934,NA,NA,0.773915,NA,FALSE,943547,0.0000275556,NA,NA,1.50003
1998,"Maryland","MD",1556994,1535978,3879108,6,22572,78051,15528,77126,NA,3569236,43.62,40.14,39.5962,43.0338,40.1379,43.6226,3.43764,3.48467,FALSE,3569236,-0.0000134483,0.00261279,-0.00206107,7.98823
1998,"Massachusetts","MA",1935277,1903336,4793966,7.6,0,0,0,0,NA,4429625,43.69,40.37,39.7027,42.9683,40.369,43.6894,3.26559,3.32039,FALSE,4429625,-0.00000939131,-0.000590626,-0.000981947,7.59999
1998,"Michigan","MI",3143432,3036886,7276123,3.1,45879,0,0,45879,NA,7004684,44.88,43.2,41.7377,43.3551,43.202,44.8761,1.61738,1.67412,FALSE,7004684,0.00000266964,-0.00385712,0.00201844,3.73054
1998,"Minnesota","MN",2105343,2091766,3555108,3.3,5572,100818,2995,58976,NA,3378813,62.31,59.22,58.8383,61.9083,59.2202,62.3101,3.06998,3.08991,FALSE,3378813,0.0000129039,0.000136726,0.000226221,4.95892
1998,"Mississippi","MS",NA,550694,2038324,0.9,16678,11530,1489,23932,NA,1996047,NA,NA,27.017,27.5892,NA,NA,0.57223,NA,FALSE,1996047,0.00000420832,NA,NA,2.07411
1998,"Missouri","MO",NA,1576857,4106478,1.7,24974,49992,10366,60336,NA,3976332,NA,NA,38.3993,39.6561,NA,NA,1.25681,NA,FALSE,3976332,-0.00000316875,NA,NA,3.16929
1998,"Montana","MT",338733,331551,662582,0.9,2734,0,0,2734,NA,653885,51.8,51.12,50.0392,50.7048,51.1232,51.8031,0.665547,0.679964,FALSE,653885,-0.0000363978,0.00314581,0.00318173,1.31259
1998,"Nebraska","NE",581775,545238,1247656,3,3676,16527,624,12564,NA,1197662,48.58,46.63,43.701,45.5252,46.6294,48.5759,1.82421,1.94645,FALSE,1197662,0.0000267187,-0.00410797,-0.000560475,4.00703
1998,"Nevada","NV",440042,435790,1402851,10.7,9651,12561,4055,19987,NA,1232759,35.7,31.37,31.0646,35.3508,31.3677,35.6957,4.28619,4.32801,FALSE,1232759,-0.00000462377,-0.0042963,-0.00230664,12.1247
1998,"New Hampshire","NH",330555,318940,903630,2.5,2169,0,0,2169,NA,878870,37.61,36.58,35.2954,36.2898,36.5808,37.6114,0.994362,1.03057,FALSE,878870,0.0000284456,0.00136459,0.00079081,2.74006
1998,"New Jersey","NJ",1894496,1813094,6261197,10.3,31121,129377,13218,109028,NA,5507266,34.4,30.26,28.9576,32.9219,30.2577,34.3999,3.96423,4.14221,FALSE,5507266,-0.00000528393,-0.000063625,-0.00227133,12.0413
1998,"New Mexico","NM",517355,498703,1286104,5.8,4985,10397,1773,11957,NA,1199553,43.13,40.23,38.7763,41.5741,40.2265,43.129,2.79781,2.90245,FALSE,1199553,-0.00000266766,-0.00101779,-0.00347089,6.7297
1998,"New York","NY",4989877,4735236,14139223,12.4,70001,0,59548,129549,NA,12256410,40.71,35.29,33.4901,38.6348,35.291,40.7124,5.1447,5.42136,FALSE,12256410,0.00000283933,0.00238642,0.00102695,13.3162
1998,"North Carolina","NC",NA,2012143,5948653,3.9,31961,105227,5806,90381,NA,5626275,NA,NA,33.8252,35.7633,NA,NA,1.93814,NA,FALSE,5626275,-0.00000830034,NA,NA,5.41934
1998,"North Dakota","ND",217584,213358,481790,1.1,915,0,0,915,NA,475575,45.75,45.16,44.2844,44.8632,45.1616,45.7518,0.578726,0.590189,FALSE,475575,0.0000651843,0.00177417,0.00158492,1.28998
1998,"Ohio","OH",3534782,3404351,8424249,1.6,48450,0,0,48450,NA,8241011,42.89,41.96,40.4113,41.3099,41.9596,42.8926,0.898542,0.932967,FALSE,8241011,0.000000194151,0.00257714,-0.000390307,2.17513
1998,"Oklahoma","OK",NA,873585,2518285,2.6,20892,29093,1532,36971,NA,2415839,NA,NA,34.6897,36.1607,NA,NA,1.47105,NA,FALSE,2415839,-0.0000169713,NA,NA,4.06809
1998,"Oregon","OR",1160400,1117747,2526500,5.8,8927,0,0,8927,NA,2371036,48.94,45.93,44.2409,47.1417,45.9292,48.9406,2.90079,3.01148,FALSE,2371036,0,0.000631859,-0.000849001,6.15333
1998,"Pennsylvania","PA",NA,3025152,9314795,2.2,36377,0,0,36377,NA,9073493,NA,NA,32.4769,33.3405,NA,NA,0.863695,NA,FALSE,9073493,-0.00000540035,NA,NA,2.59052
1998,"Rhode Island","RI",309835,306445,790726,6.6,3445,21049,432,14402,NA,724136,42.79,39.18,38.7549,42.3187,39.1836,42.7869,3.56382,3.60324,FALSE,724136,0.0000116,-0.00314781,0.00361101,8.42137
1998,"South Carolina","SC",1092430,1077135,2931120,1.9,21764,46482,4404,49409,NA,2826020,38.66,37.27,36.7482,38.1149,37.2701,38.6561,1.36667,1.38608,FALSE,2826020,-0.00000990793,-0.00386876,0.0000537678,3.58566
1998,"South Dakota","SD",266355,262111,543074,1.1,2422,0,0,2422,NA,534678,49.82,49.05,48.2643,49.0222,49.0458,49.816,0.75789,0.770162,FALSE,534678,0.0000347873,-0.004036,-0.00419777,1.54601
1998,"Tennessee","TN",1026017,976236,4217608,1.9,17738,38924,7605,44805,NA,4092668,25.07,24.33,23.1467,23.8533,24.327,25.0696,0.706616,0.742649,FALSE,4092668,0.0000109464,-0.000363274,-0.00301181,2.96234
1998,"Texas","TX",NA,3738078,14504988,10.6,144510,443688,109820,476174,NA,12491285,NA,NA,25.771,29.9255,NA,NA,4.1545,NA,FALSE,12491285,0.00000217752,NA,NA,13.8828
1998,"Utah","UT",506553,494909,1467078,5.5,4453,0,0,4453,NA,1381936,36.66,34.53,33.7343,35.8127,34.528,36.6553,2.07839,2.12729,FALSE,1381936,-0.0000209851,-0.00468456,-0.00197899,5.80351
1998,"Vermont","VT",224382,218120,453574,1.9,0,0,0,0,NA,444956,50.43,49.47,48.0892,49.0206,49.4698,50.4279,0.931401,0.958141,FALSE,444956,0.0000211257,-0.00209252,-0.000233214,1.90002
1998,"Virginia","VA",NA,1148861,5222121,5.2,30276,30576,6700,52264,NA,4898307,NA,NA,21.9999,23.4542,NA,NA,1.45435,NA,FALSE,4898307,-0.00000596124,NA,NA,6.20081
1998,"Washington","WA",1939421,1902482,4294765,6.4,14161,152140,375,90606,NA,3929294,49.36,45.16,44.2977,48.4179,45.1578,49.358,4.12021,4.20021,FALSE,3929294,0.00000101799,-0.00199828,-0.00220906,8.50969
1998,"West Virginia","WV",405139,351277,1403549,0.5,3478,6511,975,7709,NA,1388822,29.17,28.87,25.0278,25.2932,28.8653,29.1714,0.265393,0.306086,FALSE,1388822,0.0000183609,0.0014129,-0.0046736,1.04927
1998,"Wisconsin","WI",NA,1760836,3945060,2.2,18613,54232,9282,55011,NA,3803258,NA,NA,44.6339,46.2981,NA,NA,1.66415,NA,FALSE,3803258,-0.00000841384,NA,NA,3.59442
1998,"Wyoming","WY",178401,174888,359119,1.4,1571,3825,448,3932,NA,350159,50.95,49.68,48.6992,49.9453,49.6774,50.9486,1.24613,1.27116,FALSE,350159,0.0000953852,-0.00143092,-0.00259502,2.49499
2000,"Alabama","AL",NA,1672551,3334576,1.5,26225,40178,5484,51798,NA,3232759,NA,NA,50.1578,51.7376,NA,NA,1.57974,NA,TRUE,3232759,0.000011136,NA,NA,3.05337
2000,"Alaska","AK",287825,285560,440296,3.4,4173,4779,525,7088,NA,418238,68.82,65.37,64.8564,68.2769,65.3708,68.8185,3.42054,3.44768,TRUE,418238,-0.0000153023,-0.00152822,0.00079601,5.00981
2000,"Arizona","AZ",1559520,1532016,3816498,10.3,26510,59810,3474,59889,NA,3363510,46.37,40.86,40.1419,45.5481,40.8626,46.3658,5.4062,5.50326,TRUE,3363510,-0.00000874087,-0.00415004,0.00259183,11.8692
2000,"Arkansas","AR",NA,921781,2001774,2.3,11915,28409,8659,34779,NA,1920954,NA,NA,46.0482,47.9856,NA,NA,1.93738,NA,TRUE,1920954,0.0000103074,NA,NA,4.03742
2000,"California","CA",11142843,10965849,24867252,18.8,163001,0,117647,280648,NA,19911561,55.96,44.81,44.0976,55.0728,44.8093,55.9617,10.9752,11.1524,TRUE,19911561,-0.00000188835,0.00167473,-0.000694171,19.9286
2000,"Colorado","CO",NA,1741368,3246521,6.7,16833,0,5500,22333,NA,3006671,NA,NA,53.638,57.9168,NA,NA,4.27884,NA,TRUE,3006671,0.00000309312,NA,NA,7.38791
2000,"Connecticut","CT",1474103,1459525,2575243,6.6,18355,47636,1868,44041,NA,2361236,62.43,57.24,56.6752,61.8119,57.2413,62.4293,5.13667,5.18798,TRUE,2361236,-0.00000160933,-0.000704495,0.00131664,8.31017
2000,"Delaware","DE",NA,327529,594256,3.9,6921,20052,579,17526,NA,553554,NA,NA,55.1158,59.1684,NA,NA,4.05258,NA,TRUE,553554,0.00000289041,NA,NA,6.84924
2000,"District of Columbia","DC",NA,201355,458301,10.2,7456,0,0,7456,NA,404098,NA,NA,43.9351,49.8283,NA,NA,5.89316,NA,TRUE,404098,0.0000737445,NA,NA,11.8269
2000,"Florida","FL",6138765,5963110,12475387,10.4,71319,296139,5982,225371,NA,10952576,56.05,49.21,47.799,54.4448,49.207,56.0486,6.64582,6.84158,TRUE,10952576,-0.00000226431,-0.00140467,-0.00298943,12.2065
2000,"Georgia","GA",2684951,2583208,6087332,5.9,44232,321407,21556,226492,NA,5501687,48.8,44.11,42.4358,46.953,44.1072,48.8023,4.51722,4.69513,TRUE,5501687,0.00000748861,0.00232191,-0.0028115,9.62072
2000,"Hawaii","HI",371113,367951,923737,8.1,5053,0,0,5053,NA,843861,43.98,40.18,39.8329,43.6033,40.1752,43.978,3.7704,3.8028,TRUE,843861,0.0000359064,-0.00202258,-0.00482027,8.64705
2000,"Idaho","ID",516647,501615,935443,3.8,5535,35103,1409,24496,NA,875400,59.02,55.23,53.6233,57.3012,55.2302,59.0184,3.67798,3.7882,TRUE,875400,0.0000189628,-0.00160841,0.000195747,6.41867
2000,"Illinois","IL",4932192,4742123,9208908,8.7,45281,0,0,45281,NA,8362452,58.98,53.56,51.495,56.7073,53.5589,58.9802,5.21237,5.42129,TRUE,8362452,0.0000000478329,0.000212981,-0.0010764,9.19171
2000,"Indiana","IN",2246348,2182295,4527523,2.3,20125,0,0,20125,NA,4403265,51.02,49.62,48.2006,49.5608,49.6154,51.0155,1.3602,1.40012,TRUE,4403265,-0.000000658602,-0.00449219,-0.00461428,2.7445
2000,"Iowa","IA",NA,1315563,2199529,2.4,7955,21147,2763,21292,NA,2125448,NA,NA,59.8111,61.8958,NA,NA,2.08467,NA,TRUE,2125448,0.0000143029,NA,NA,3.36804
2000,"Kansas","KS",1092716,1072216,1983933,3.9,8344,0,3829,12173,NA,1894387,57.68,55.08,54.045,56.5996,55.0783,57.6818,2.55466,2.6035,TRUE,1894387,-0.0000204288,0.00177252,-0.00172871,4.51356
2000,"Kentucky","KY",1568058,1544107,3059582,1.5,14919,19620,4614,29343,NA,2984345,52.54,51.25,50.4679,51.7402,51.2507,52.5428,1.27232,1.29206,TRUE,2984345,0.00000904721,0.00278577,0.000726406,2.45906
2000,"Louisiana","LA",1776133,1765656,3260060,1.6,35207,35854,22860,75994,NA,3131905,56.71,54.48,54.1602,56.3764,54.4816,56.7109,2.21619,2.22934,TRUE,3131905,0.00000127718,0.00094749,0.00160463,3.93106
2000,"Maine","ME",NA,651817,979314,1.5,0,0,0,0,NA,964624,NA,NA,66.5585,67.5721,NA,NA,1.0136,NA,TRUE,964624,0.0000300635,NA,NA,1.50003
2000,"Maryland","MD",2036455,2025480,3972224,6.4,23538,81523,13666,77966,NA,3640036,55.95,51.27,50.9911,55.6445,51.2674,55.946,4.65342,4.67864,TRUE,3640036,-0.00000923068,-0.00398738,-0.00262434,8.36277
2000,"Massachusetts","MA",2736006,2704984,4870470,8,0,0,0,0,NA,4480832,61.06,56.18,55.5385,60.3679,56.1754,61.0602,4.82944,4.88482,TRUE,4480832,0.00000892691,0.000222744,-0.00460009,8.00001
2000,"Michigan","MI",4279299,4232501,7370524,3.3,47718,0,0,47718,NA,7079579,60.45,58.06,57.4247,59.7846,58.0596,60.4457,2.35995,2.38604,TRUE,7079579,-0.00000412454,-0.00432943,-0.000369504,3.94741
2000,"Minnesota","MN",2458303,2438657,3662005,3.7,6238,115906,3072,67263,NA,3459248,71.06,67.13,66.5935,70.4967,67.13,71.0647,3.90325,3.93469,TRUE,3459248,-0.00000534798,0.00466492,-0.0000261196,5.53678
2000,"Mississippi","MS",NA,994184,2076861,1,20241,15118,1596,29396,NA,2026696,NA,NA,47.8695,49.0544,NA,NA,1.18487,NA,TRUE,2026696,0.0000192431,NA,NA,2.41542
2000,"Missouri","MO",NA,2359892,4190073,1.8,27382,53299,12563,66595,NA,4048057,NA,NA,56.321,58.2969,NA,NA,1.97588,NA,TRUE,4048057,-0.00000775681,NA,NA,3.38934
2000,"Montana","MT",417916,410986,676065,0.9,3105,0,0,3105,NA,666875,62.67,61.82,60.7909,61.6286,61.8159,62.6678,0.837741,0.851867,TRUE,666875,0.0000622306,-0.00218369,-0.00405035,1.35934
2000,"Nebraska","NE",707223,696983,1266496,3.4,3895,21483,476,15113,NA,1208322,58.53,55.84,55.0324,57.6819,55.8409,58.5293,2.6495,2.68843,TRUE,1208322,0.0000112553,-0.000651035,0.000918566,4.5933
2000,"Nevada","NV",613360,608970,1523209,11.8,10063,12189,4056,20214,NA,1323256,46.35,40.27,39.9794,46.0206,40.2676,46.3523,6.04116,6.08471,TRUE,1323256,0.0000255431,0.00233092,-0.00238078,13.1271
2000,"New Hampshire","NH",578656,569081,934176,2.7,2257,0,0,2257,NA,906696,63.82,61.94,60.918,62.7643,61.9429,63.8203,1.84629,1.87736,TRUE,906696,0.0000273521,0.000288167,0.00293152,2.94163
2000,"New Jersey","NJ",3293378,3187226,6356954,11,29784,130610,11709,106798,NA,5550891,59.33,51.81,50.1376,57.4183,51.8075,59.3306,7.28065,7.52313,TRUE,5550891,0.00000108091,0.000619174,-0.00251484,12.68
2000,"New Mexico","NM",615607,598605,1318129,6.4,5342,10461,1670,12243,NA,1221526,50.4,46.7,45.4132,49.0047,46.7031,50.3966,3.59145,3.69346,TRUE,1221526,-0.0000209574,-0.00344684,0.00309203,7.3288
2000,"New York","NY",6960215,6821999,14344348,12.7,70198,0,57858,128056,NA,12394560,56.16,48.52,47.5588,55.0403,48.5224,56.1554,7.48147,7.63305,TRUE,12394560,-0.00000158134,-0.00459795,0.0023518,13.5927
2000,"North Carolina","NC",3015964,2911262,6143214,4.6,31532,105949,3352,87859,NA,5772767,52.24,49.09,47.3899,50.431,49.0942,52.2447,3.04108,3.15045,TRUE,5772767,0.00000270234,0.00468613,0.00423634,6.03018
2000,"North Dakota","ND",292249,288256,482078,1.2,1076,0,0,1076,NA,475217,61.5,60.62,59.7945,60.6578,60.6228,61.498,0.86329,0.875248,TRUE,475217,0.0000134675,-0.00198962,0.00276229,1.42321
2000,"Ohio","OH",4795989,4705457,8487355,1.8,45833,0,0,45833,NA,8288750,57.86,56.51,55.4408,56.7692,56.5075,57.8614,1.32841,1.35396,TRUE,8288750,-0.00000470517,0.00142663,-0.00253684,2.34001
2000,"Oklahoma","OK",NA,1234229,2568304,2.9,23181,30969,1825,40491,NA,2453332,NA,NA,48.0562,50.3083,NA,NA,2.25209,NA,TRUE,2453332,0.0000075,NA,NA,4.47657
2000,"Oregon","OR",1559215,1533968,2595354,6.4,10580,0,0,10580,NA,2418671,64.47,60.08,59.1044,63.4219,60.0772,64.4658,4.31755,4.38861,TRUE,2418671,0.0000142227,-0.0042252,-0.00283904,6.80766
2000,"Pennsylvania","PA",NA,4912185,9375146,2.4,36847,0,0,36847,NA,9113295,NA,NA,52.3958,53.9013,NA,NA,1.50548,NA,TRUE,9113295,0.0000054426,NA,NA,2.79303
2000,"Rhode Island","RI",412074,408783,804417,6.9,3286,20922,331,14078,NA,734834,56.08,51.23,50.8173,55.6293,51.2264,56.0772,4.812,4.85074,TRUE,734834,0.0000308913,-0.00284516,-0.00358385,8.65012
2000,"South Carolina","SC",1433533,1382717,3025380,2.2,21778,44632,4378,48472,NA,2910350,49.26,47.38,45.7039,47.5103,47.3836,49.2564,1.80642,1.87281,TRUE,2910350,-0.0000123696,-0.0036219,0.00356835,3.80217
2000,"South Dakota","SD",322159,316269,554875,1.2,2616,0,0,2616,NA,545601,59.05,58.06,56.9982,57.9671,58.0597,59.0466,0.968843,0.986886,TRUE,545600,-0.0000916421,-0.00337069,-0.000256815,1.67137
2000,"Tennessee","TN",2100241,2076181,4316391,2.2,22166,40682,8093,50600,NA,4170830,50.36,48.66,48.0999,49.7786,48.6573,50.3555,1.67868,1.69813,TRUE,4170830,0.00000954247,-0.00453118,-0.00266103,3.37228
2000,"Texas","TX",6407637,6407037,15138468,11.4,166719,441848,111719,499362,NA,12913321,49.62,42.33,42.3229,49.6157,42.3269,49.6204,7.29283,7.29351,TRUE,12913321,-0.00000272587,0.000364893,-0.00314764,14.6986
2000,"Utah","UT",784582,770754,1534950,6.1,5632,0,0,5632,NA,1435686,54.65,51.11,50.2136,53.6854,51.1145,54.6486,3.47179,3.53408,TRUE,1435686,0.00000348266,-0.00142085,0.00449884,6.46692
2000,"Vermont","VT",297146,294308,463503,2,0,0,0,0,NA,454233,65.42,64.11,63.4965,64.7923,64.1088,65.4171,1.29584,1.30833,TRUE,454233,-0.0000132091,-0.00291229,-0.00124558,1.99999
2000,"Virginia","VA",2789808,2739447,5389008,5.6,30168,33955,5148,52294,NA,5034930,55.41,51.77,50.834,54.4088,51.7685,55.4091,3.57486,3.64058,TRUE,5034930,-0.00000889784,-0.000927779,-0.00151125,6.57037
2000,"Washington","WA",2517028,2487433,4419907,6.9,14915,154466,160,92308,NA,4022625,62.57,56.95,56.2779,61.8361,56.9475,62.5718,5.55812,5.62425,TRUE,4022625,0.0000103664,0.00177838,-0.00246694,8.98847
2000,"West Virginia","WV",NA,648124,1405021,0.6,3856,6216,1112,8076,NA,1388515,NA,NA,46.1291,46.6775,NA,NA,0.548361,NA,TRUE,1388515,-0.00000907444,NA,NA,1.17479
2000,"Wisconsin","WI",NA,2598607,4016401,2.4,20612,53242,9923,57156,NA,3862851,NA,NA,64.6999,67.2717,NA,NA,2.57185,NA,TRUE,3862851,0.00000973374,NA,NA,3.82307
2000,"Wyoming","WY",221685,213726,366639,1.5,1680,4115,514,4252,NA,356887,62.12,60.46,58.2933,59.8862,60.4641,62.1163,1.59287,1.65219,TRUE,356887,0.000116283,-0.00369988,0.00410775,2.65984
2002,"Alabama","AL",NA,1364602,3371451,1.8,28440,39713,5309,53606,NA,3257159,NA,NA,40.4752,41.8955,NA,NA,1.42025,NA,FALSE,3257159,-0.00000362279,NA,NA,3.38999
2002,"Alaska","AK",232852,231484,457154,3.8,4431,5229,900,7946,NA,431836,53.92,50.94,50.6359,53.6046,50.9351,53.9214,2.96872,2.98626,FALSE,431836,0.0000342723,0.00139609,-0.00486654,5.53818
2002,"Arizona","AZ",1255615,1226111,3998148,11.1,30741,66485,4587,68571,NA,3485783,36.02,31.4,30.667,35.1746,31.4049,36.021,4.50765,4.61612,FALSE,3485783,-0.0000122784,0.00103172,0.00491548,12.8151
2002,"Arkansas","AR",814176,805696,2031787,2.6,12378,27377,12128,38195,NA,1940766,41.95,40.07,39.6546,41.5143,40.0719,41.9513,1.85978,1.87935,FALSE,1940766,-0.000023805,0.00127079,0.00191699,4.47985
2002,"California","CA",7738821,7476351,25622609,18.8,163361,0,113185,276546,NA,20529013,37.7,30.2,29.1787,36.4185,30.2031,37.697,7.23974,7.4939,FALSE,20529013,-0.00000239661,-0.00300502,0.00309524,19.8793
2002,"Colorado","CO",1424029,1416093,3362098,7.2,19085,0,6215,25300,NA,3094727,46.01,42.36,42.1193,45.7583,42.3554,46.0147,3.63893,3.65932,FALSE,3094727,-0.00000180953,0.00468886,-0.00463142,7.9525
2002,"Connecticut","CT",1090756,1022942,2617814,7.1,20525,0,2186,22711,NA,2409238,45.27,41.67,39.0762,42.4592,41.6667,45.2739,3.38296,3.60723,FALSE,2409238,0.00000855042,0.00389988,-0.00332697,7.96756
2002,"Delaware","DE",NA,232314,612919,4.4,6879,20201,551,17531,NA,568420,NA,NA,37.9029,40.8701,NA,NA,2.96724,NA,FALSE,568420,-0.0000767038,NA,NA,7.26018
2002,"District of Columbia","DC",NA,124228,458631,10,0,0,0,0,NA,412768,NA,NA,27.0867,30.0963,NA,NA,3.00963,NA,FALSE,412768,-0.0000242267,NA,NA,9.99998
2002,"Florida","FL",5143674,5100581,13005435,10.9,80352,291315,5223,231233,NA,11356610,45.29,39.55,39.2188,44.9129,39.5502,45.2923,5.69404,5.74215,FALSE,11356610,-0.00000365426,0.00233636,0.000188056,12.678
2002,"Georgia","GA",NA,2031604,6287215,6.5,47004,367349,20822,251501,NA,5627045,NA,NA,32.3133,36.1043,NA,NA,3.79102,NA,FALSE,5627045,0.000000444283,NA,NA,10.5002
2002,"Hawaii","HI",385462,382110,950520,8,5635,0,0,5635,NA,868843,44.36,40.55,40.2001,43.9792,40.5528,44.365,3.77908,3.81223,FALSE,868843,0.0000460382,0.00497733,0.00275007,8.59288
2002,"Idaho","ID",416533,411477,970916,4,5825,31361,1961,23467,NA,908612,45.84,42.9,42.3803,45.2863,42.901,45.8428,2.90604,2.94175,FALSE,908612,0.0000396209,0.00277998,0.00103366,6.41703
2002,"Illinois","IL",3651808,3538883,9302571,8.9,43186,0,0,43186,NA,8431456,43.31,39.26,38.042,41.9724,39.2559,43.3117,3.93039,4.05581,FALSE,8431456,0.00000214672,0.00171271,-0.00409967,9.36424
2002,"Indiana","IN",1562037,1521353,4587747,2.6,22576,0,0,22576,NA,4445890,35.13,34.05,33.1612,34.2193,34.048,35.1344,1.05809,1.08639,FALSE,4445890,-0.00000949191,0.00440503,-0.00198035,3.09208
2002,"Iowa","IA",1040201,1023075,2214936,2.5,8395,19970,2787,21167,NA,2138396,48.64,46.96,46.1898,47.8431,46.963,48.644,1.65328,1.68096,FALSE,2138396,-0.0000187056,0.00398362,0.00302737,3.45563
2002,"Kansas","KS",851966,835692,2007407,4.1,9009,15217,3990,20608,NA,1904495,44.73,42.44,41.6304,43.88,42.4411,44.7345,2.24956,2.29336,FALSE,1904495,0.0000164348,0.00448342,0.00111931,5.12661
2002,"Kentucky","KY",NA,1131313,3100972,1.7,16377,24480,5968,34585,NA,3013670,NA,NA,36.4825,37.5394,NA,NA,1.05685,NA,FALSE,3013670,0.0000157947,NA,NA,2.81531
2002,"Louisiana","LA",1267225,1246333,3312330,1.7,36091,36257,23049,77269,NA,3178751,39.87,38.26,37.6271,39.2083,38.2578,39.8655,1.58118,1.60769,FALSE,3178751,0.000012269,-0.00449937,-0.00218752,4.03278
2002,"Maine","ME",NA,505190,1001796,1.6,0,0,0,0,NA,985767,NA,NA,50.4284,51.2484,NA,NA,0.819988,NA,FALSE,985767,0.0000267812,NA,NA,1.60003
2002,"Maryland","MD",1721626,1704560,4082694,6.9,24186,81982,13271,78448,NA,3722540,46.25,42.17,41.7509,45.7902,42.1689,46.2487,4.03938,4.07982,FALSE,3722540,0.00000306243,-0.00130959,-0.00112817,8.82148
2002,"Massachusetts","MA",2220301,2194189,4919958,8.2,10511,0,0,10511,NA,4506010,49.27,45.13,44.5977,48.6947,45.1285,49.2742,4.097,4.14576,FALSE,4506010,0.00000985351,0.00421377,-0.00154565,8.41365
2002,"Michigan","MI",3219864,3177565,7445335,3.4,49524,0,0,49524,NA,7142670,45.08,43.25,42.6786,44.4871,43.2467,45.0793,1.80847,1.83255,FALSE,7142670,-0.00000546014,-0.000722923,-0.00326899,4.06516
2002,"Minnesota","MN",NA,2254639,3745577,3.8,7612,122692,3577,72535,NA,3530710,NA,NA,60.1947,63.8579,NA,NA,3.66324,NA,FALSE,3530710,0.0000020959,NA,NA,5.73655
2002,"Mississippi","MS",NA,615609,2099698,1.1,20542,16633,1816,30675,NA,2045926,NA,NA,29.3189,30.0895,NA,NA,0.770574,NA,FALSE,2045926,0.0000157386,NA,NA,2.56094
2002,"Missouri","MO",NA,1877620,4262146,1.9,30649,54584,13533,71474,NA,4109691,NA,NA,44.0534,45.6876,NA,NA,1.63423,NA,FALSE,4109691,0.0000054992,NA,NA,3.57695
2002,"Montana","MT",340272,331321,690652,1,3440,0,0,3440,NA,680305,50.02,49.27,47.9722,48.7018,49.2682,50.0176,0.729626,0.749338,FALSE,680305,0.0000705566,-0.00243435,-0.0017723,1.49815
2002,"Nebraska","NE",NA,480991,1285024,3.8,4103,16468,574,12911,NA,1223282,NA,NA,37.4305,39.3197,NA,NA,1.88921,NA,FALSE,1223282,0.00000719376,NA,NA,4.80474
2002,"Nevada","NV",512433,504079,1640679,12.7,10527,12290,3971,20643,NA,1411670,36.3,31.23,30.7238,35.708,31.233,36.2998,4.98419,5.06679,FALSE,1411670,-0.0000165053,-0.00022739,0.00298342,13.9582
2002,"New Hampshire","NH",453078,447135,960401,3,2483,0,0,2483,NA,929106,48.76,47.18,46.5571,48.1253,47.1759,48.7649,1.56818,1.58902,FALSE,929106,-0.00000322891,0.00494178,-0.00408077,3.25853
2002,"New Jersey","NJ",2161105,2112604,6448445,11.5,28213,134290,12576,107934,NA,5598940,38.6,33.51,32.7614,37.7322,33.5136,38.5985,4.97076,5.08488,FALSE,5598940,-0.00000312559,-0.00153315,0.00358351,13.1738
2002,"New Mexico","NM",502230,484229,1360130,7,6173,16287,1962,16279,NA,1248642,40.22,36.93,35.6017,38.7805,36.9251,40.2221,3.17878,3.29695,FALSE,1248642,-0.0000080087,0.00209729,-0.00485314,8.19686
2002,"New York","NY",4690968,4579078,14504792,12.6,65914,0,55990,121904,NA,12555284,37.36,32.34,31.5694,36.4713,32.3408,37.3625,4.90191,5.02168,FALSE,12555284,0.00000165667,0.00250012,0.000815366,13.4404
2002,"North Carolina","NC",NA,2331181,6314679,5,33334,112900,2805,92589,NA,5906356,NA,NA,36.9169,39.469,NA,NA,2.55217,NA,FALSE,5906356,0.000000846546,NA,NA,6.46625
2002,"North Dakota","ND",237224,231030,486797,1.2,1168,0,0,1168,NA,479787,49.44,48.73,47.4592,48.1526,48.7316,49.4436,0.69341,0.712,FALSE,479787,0.0000908737,0.00360727,0.00160681,1.44003
2002,"Ohio","OH",3356285,3228992,8556557,1.9,45831,0,0,45831,NA,8348151,40.2,39.22,37.737,38.6791,39.2247,40.2039,0.94208,0.979219,FALSE,8348151,0.00000499512,0.00393258,0.00471387,2.43563
2002,"Oklahoma","OK",NA,1035620,2610016,3.3,23004,29881,3573,41518,NA,2482367,NA,NA,39.6787,41.7191,NA,NA,2.04037,NA,FALSE,2482367,0.0000190141,NA,NA,4.89074
2002,"Oregon","OR",1293756,1267221,2674581,6.7,12422,0,0,12422,NA,2482962,52.11,48.37,47.3802,51.0367,48.3723,52.1053,3.6565,3.73306,FALSE,2482962,0.00000294004,-0.00465163,0.0022871,7.16445
2002,"Pennsylvania","PA",NA,3545431,9454338,2.6,40545,0,0,40545,NA,9167980,NA,NA,37.5006,38.6719,NA,NA,1.17131,NA,FALSE,9167980,0.0000023124,NA,NA,3.02885
2002,"Rhode Island","RI",337027,331834,819310,7.4,3569,25914,384,16910,NA,741771,45.44,41.14,40.5016,44.7354,41.1355,45.4355,4.23373,4.29998,FALSE,741771,0.00000808875,-0.0045489,-0.00453235,9.46394
2002,"South Carolina","SC",NA,1102010,3100548,2.6,24247,41574,3491,48525,NA,2971409,NA,NA,35.5424,37.0871,NA,NA,1.54469,NA,FALSE,2971409,-0.00000834621,NA,NA,4.16504
2002,"South Dakota","SD",340407,337497,564305,1.3,3059,0,0,3059,NA,553910,61.46,60.32,59.8076,60.9299,60.3232,61.4553,1.12238,1.13206,FALSE,553910,0.00000631872,-0.00470943,0.00322946,1.84209
2002,"Tennessee","TN",NA,1644741,4393757,2.5,25409,42712,7949,54714,NA,4229199,NA,NA,37.4336,38.8901,NA,NA,1.45654,NA,FALSE,4229199,0.00000177339,NA,NA,3.74527
2002,"Texas","TX",4552059,4514012,15718593,12.1,164222,434486,103068,484533,NA,13332110,34.14,28.96,28.7177,33.8582,28.9597,34.1436,5.14054,5.18386,FALSE,13332110,0.00000185267,0.00357517,-0.000289675,15.1825
2002,"Utah","UT",568290,557153,1601707,6.5,5594,0,0,5594,NA,1492002,38.09,35.48,34.785,37.3426,35.4803,38.0891,2.55769,2.60882,FALSE,1492002,0.00000301608,-0.000908967,0.000271985,6.84926
2002,"Vermont","VT",232993,230161,472402,2.1,0,0,0,0,NA,462482,50.38,49.32,48.7214,49.7665,49.3209,50.3788,1.04505,1.05791,FALSE,462482,-0.0000955713,-0.00117445,0.000917354,2.09991
2002,"Virginia","VA",1661915,1489422,5536511,6,34733,40359,4530,59443,NA,5144877,32.3,30.02,26.9018,28.9496,30.0174,32.3023,2.0478,2.28496,FALSE,5144877,0.00000660852,0.00232715,-0.00262985,7.07366
2002,"Washington","WA",1808720,1739116,4553733,7.3,16284,171603,95,102181,NA,4119129,43.91,39.72,38.191,42.2205,39.7195,43.9103,4.02948,4.19075,FALSE,4119129,0.00001192,0.000253842,-0.000499537,9.54391
2002,"West Virginia","WV",440156,436183,1413580,0.6,4703,6430,999,8917,NA,1396182,31.53,31.14,30.8566,31.2411,31.1377,31.5257,0.384508,0.388011,FALSE,1396182,-0.0000343795,-0.00431066,-0.0023212,1.23078
2002,"Wisconsin","WI",NA,1775349,4094028,2.6,22366,54614,11088,60761,NA,3926822,NA,NA,43.3644,45.2108,NA,NA,1.84648,NA,FALSE,3926822,0.00000692672,NA,NA,4.08414
2002,"Wyoming","WY",188028,185459,376121,1.6,1809,4596,570,4677,NA,365426,51.45,49.99,49.3083,50.7515,49.9914,51.4545,1.44312,1.46311,FALSE,365426,0.0000175138,0.00446684,0.00135916,2.8435
2004,"Alabama","AL",1890317,1883415,3427542,1.9,26521,36795,7745,52664,NA,3309755,57.11,55.15,54.9494,56.905,55.1508,57.1135,1.95553,1.9627,TRUE,3309755,-0.00000900369,0.00350236,0.000804862,3.43649
2004,"Alaska","AK",314502,312598,476378,4,4515,5547,951,8240,NA,449083,70.03,66.02,65.6197,69.6081,66.0194,70.032,3.98833,4.01262,TRUE,449083,-0.0000267211,0.00204307,-0.000578448,5.72969
2004,"Arizona","AZ",2038069,2012585,4215706,11.5,31631,69343,5671,71974,NA,3658926,55.7,48.34,47.7402,55.0048,48.3447,55.7013,7.26464,7.35662,TRUE,3658926,-0.00000519278,0.00129049,0.00466635,13.2073
2004,"Arkansas","AR",1070573,1054945,2072986,2.8,13477,29128,14844,42885,NA,1972057,54.29,51.64,50.8901,53.4947,51.644,54.2871,2.60453,2.64312,TRUE,1972057,0.0000198777,-0.00287747,0.00400531,4.86877
2004,"California","CA",12589367,12421852,26246548,18.8,166053,0,110261,276314,NA,21035883,59.85,47.97,47.3276,59.0508,47.9658,59.8471,11.7232,11.8813,TRUE,21035883,-0.000000114091,-0.00289494,-0.00419894,19.8528
2004,"Colorado","CO",2148036,2129630,3443164,7.5,19756,0,7383,27139,NA,3157788,68.02,62.39,61.851,67.4406,62.3855,68.0234,5.5896,5.63791,TRUE,3157788,-0.00000950032,0.00343919,-0.0044732,8.28819
2004,"Connecticut","CT",1607808,1578769,2652587,7.3,20018,0,2552,22570,NA,2436378,65.99,60.61,59.5181,64.7998,60.6128,65.9917,5.28175,5.3789,TRUE,2436378,0.00000611564,0.00173035,0.00282816,8.15087
2004,"Delaware","DE",377407,375190,635370,4.7,6973,18725,539,16875,NA,588633,64.12,59.4,59.0506,63.7392,59.3996,64.1158,4.68857,4.71628,TRUE,588633,-0.0000662552,-0.00415872,-0.00043754,7.35587
2004,"District of Columbia","DC",230105,227586,458758,10,0,0,0,0,NA,412882,55.73,50.16,49.6092,55.1213,50.1583,55.7314,5.51216,5.57317,TRUE,412882,0.00004844,0.00141963,-0.00174663,10
2004,"Florida","FL",7640319,7609810,13643828,11.2,84733,281170,4888,230206,NA,11885513,64.28,56,55.7747,64.0259,55.9984,64.2826,8.25119,8.28427,TRUE,11885513,0.00000222119,0.00261868,-0.00164675,12.8873
2004,"Georgia","GA",3317336,3301875,6499325,6.8,48625,419350,23344,281644,NA,5775727,57.44,51.04,50.8034,57.1681,51.0412,57.4358,6.36478,6.39458,TRUE,5775727,-0.00000173138,-0.00418283,0.0012389,11.1334
2004,"Hawaii","HI",431662,429013,982882,7.9,5946,0,0,5946,NA,899288,48,43.92,43.6485,47.7059,43.918,48.0004,4.05738,4.08243,TRUE,899288,0.0000358061,0.000418109,-0.00201188,8.50499
2004,"Idaho","ID",612786,598376,1016255,4.1,6312,44580,2370,30972,NA,943617,64.94,60.3,58.8805,63.413,60.2984,64.9401,4.53252,4.64167,TRUE,943617,-0.0000482187,0.000118713,-0.00155128,7.14762
2004,"Illinois","IL",5350493,5274322,9391420,9,44379,0,0,44379,NA,8501813,62.93,56.97,56.1611,62.0376,56.9721,62.9336,5.87654,5.96141,TRUE,8501813,0.00000235244,0.00355311,0.00214053,9.47255
2004,"Indiana","IN",2512142,2468002,4660157,2.7,23760,0,0,23760,NA,4510573,55.69,53.91,52.9596,54.7159,53.9068,55.6945,1.7563,1.78771,TRUE,4510573,-0.00000529866,0.00452041,-0.00318956,3.20985
2004,"Iowa","IA",1521966,1506908,2239979,2.6,8611,22832,3317,23344,NA,2158396,70.51,67.95,67.2733,69.8161,67.9455,70.5138,2.54279,2.5682,TRUE,2158396,-0.0000210341,0.00375188,-0.0044523,3.64213
2004,"Kansas","KS",1213108,1187756,2032763,4.3,9152,14309,4525,20832,NA,1924522,63.03,59.68,58.4306,61.7169,59.6778,63.0342,3.28632,3.35646,TRUE,1924522,0.00000992454,0.00424954,-0.00221169,5.32482
2004,"Kentucky","KY",1816867,1795860,3157464,1.7,17763,33286,8006,42412,NA,3061375,59.35,57.54,56.8767,58.6619,57.542,59.3481,1.78522,1.8061,TRUE,3061375,0.00000365849,-0.00192928,0.00197039,3.04323
2004,"Louisiana","LA",1956590,1943106,3379937,1.8,36745,38470,24387,80367,NA,3238731,60.41,57.89,57.4894,59.9959,57.8884,60.4122,2.50649,2.52388,TRUE,3238731,0.00000413742,0.00224171,-0.00164291,4.17777
2004,"Maine","ME",751519,740752,1022043,1.6,0,0,0,0,NA,1005690,74.73,73.53,72.4776,73.6561,73.5311,74.7267,1.17852,1.19565,TRUE,1005690,0.0000310235,-0.00329495,0.00105496,1.60003
2004,"Maryland","MD",2395791,2386705,4179376,7.2,23727,76676,14351,76416,NA,3802045,63.01,57.32,57.1067,62.7742,57.3241,63.0132,5.66751,5.68909,TRUE,3802045,-0.00000189372,0.00322052,0.00413164,9.02841
2004,"Massachusetts","MA",2927455,2912388,4935787,8.4,10365,0,0,10365,NA,4510816,64.9,59.31,59.0055,64.5645,59.3108,64.8986,5.559,5.58776,TRUE,4510816,-0.00000239425,-0.00143176,0.000804944,8.60999
2004,"Michigan","MI",4875692,4839252,7508568,3.4,48591,0,0,48591,NA,7204686,67.67,64.94,64.4497,67.1681,64.935,67.6739,2.71839,2.73886,TRUE,7204686,-0.00000433051,0.00390001,-0.00495513,4.04714
2004,"Minnesota","MN",2842912,2828387,3819020,3.9,8613,114226,3872,69598,NA,3600480,78.96,74.44,74.0605,78.5558,74.4409,78.9592,4.49529,4.51837,TRUE,3600480,0.0000061103,-0.000750122,0.000877503,5.72241
2004,"Mississippi","MS",NA,1152365,2133681,1.2,20429,21324,1979,33070,NA,2075007,NA,NA,54.0083,55.5355,NA,NA,1.52717,NA,TRUE,2075007,-0.00000828913,NA,NA,2.7499
2004,"Missouri","MO",2764635,2731364,4339414,1.9,30775,53832,17400,75091,NA,4181874,66.11,63.71,62.9432,65.3144,63.7099,66.11,2.3712,2.40008,TRUE,4181874,0.00000320431,-0.0000454677,-0.000130419,3.63044
2004,"Montana","MT",456096,450445,711858,1,3800,0,0,3800,NA,700939,65.07,64.07,63.2774,64.2631,64.0712,65.0693,0.985714,0.99808,TRUE,700939,0.0000599196,-0.00071437,0.00120521,1.53387
2004,"Nebraska","NE",792906,778186,1305430,4,4042,17994,805,13844,NA,1239369,63.98,60.74,59.6115,62.7889,60.7391,63.9766,3.17742,3.23752,TRUE,1239369,-0.0000161372,-0.00341191,-0.000933179,5.06048
2004,"Nevada","NV",831563,829587,1776962,13.2,10971,12521,3610,20842,NA,1521561,54.65,46.8,46.6857,54.5221,46.7969,54.652,7.83641,7.85507,TRUE,1521561,0.00000105155,0.00196597,-0.00310733,14.3729
2004,"New Hampshire","NH",683672,677738,984422,3.2,2441,0,0,2441,NA,950479,71.93,69.45,68.8463,71.3049,69.4491,71.9292,2.4586,2.48013,TRUE,950479,0.0000521842,-0.000793779,-0.000922267,3.44801
2004,"New Jersey","NJ",3638153,3611691,6513394,11.7,28107,143315,14180,113945,NA,5637382,64.54,55.86,55.4502,64.0668,55.8565,64.5362,8.6166,8.67973,TRUE,5637382,-0.0000017384,-0.00378443,-0.00351412,13.4494
2004,"New Mexico","NM",775301,756304,1411419,7.4,6341,17725,2676,17880,NA,1289094,60.14,54.93,53.5847,58.6694,54.9306,60.1431,5.08477,5.21249,TRUE,1289094,-0.000000465443,0.00309275,0.000605299,8.66681
2004,"New York","NY",7448266,7391249,14598898,12.6,64596,0,54524,119120,NA,12640317,58.92,51.02,50.6288,58.4736,51.0194,58.9247,7.84479,7.90531,TRUE,12640317,-0.00000117086,0.00467728,-0.000628538,13.416
2004,"North Carolina","NC",3552449,3501007,6505150,5.3,34917,111537,2882,93568,NA,6066809,58.56,54.61,53.819,57.7076,54.6098,58.5555,3.88855,3.94568,TRUE,6066809,0.000000824156,-0.00452215,-0.000206221,6.73837
2004,"North Dakota","ND",316049,312833,496479,1.3,1266,0,0,1266,NA,488759,64.66,63.66,63.0103,64.0056,63.6581,64.6636,0.995255,1.00549,TRUE,488759,-0.0000464442,0.0035663,-0.0019198,1.55495
2004,"Ohio","OH",5722443,5627908,8624277,2,44770,0,0,44770,NA,8407021,68.07,66.35,65.2566,66.943,66.3527,68.0674,1.68637,1.7147,TRUE,8407021,0.00000547162,-0.0025716,0.00272731,2.51912
2004,"Oklahoma","OK",NA,1463758,2649994,3.4,24767,28435,4329,43314,NA,2516580,NA,NA,55.2363,58.1646,NA,NA,2.9283,NA,TRUE,2516580,0.00000810624,NA,NA,5.0345
2004,"Oregon","OR",1851671,1836782,2736472,6.8,13219,0,0,13219,NA,2537173,72.98,67.67,67.1223,72.3948,67.6664,72.9817,5.27256,5.3153,TRUE,2537173,-0.00000378374,0.00166108,-0.00363981,7.28306
2004,"Pennsylvania","PA",NA,5769590,9554349,2.7,40692,0,0,40692,NA,9255690,NA,NA,60.3871,62.3356,NA,NA,1.94855,NA,TRUE,9255690,-0.00000457016,NA,NA,3.1259
2004,"Rhode Island","RI",440228,437134,827513,7.6,3701,26085,368,17112,NA,747510,58.89,53.2,52.825,58.4787,53.1989,58.8926,5.65365,5.69367,TRUE,747510,0.00000160533,0.00259007,-0.00107745,9.66788
2004,"South Carolina","SC",1626720,1617730,3198733,2.7,24173,38856,2217,45818,NA,3066549,53.05,50.86,50.5741,52.7541,50.8551,53.0473,2.18,2.19212,TRUE,3066549,0.00000681548,-0.00274721,-0.00486454,4.13239
2004,"South Dakota","SD",394930,388215,576472,1.4,3101,0,0,3101,NA,565300,69.86,68.51,67.3433,68.6742,68.5081,69.862,1.3309,1.35392,TRUE,565300,0.0000693437,0.00202017,-0.00190247,1.938
2004,"Tennessee","TN",2456610,2437319,4496929,2.6,25834,47392,8410,57940,NA,4322069,56.84,54.63,54.1996,56.3924,54.6286,56.8388,2.19278,2.21014,TRUE,4322069,-0.00000356311,-0.00124986,-0.00138567,3.88843
2004,"Texas","TX",NA,7410765,16284659,12.5,169110,428773,102072,485569,NA,13763508,NA,NA,45.5076,53.8436,NA,NA,8.33593,NA,TRUE,13763508,-0.0000027246,NA,NA,15.4818
2004,"Utah","UT",942010,927844,1664066,6.8,5802,0,0,5802,NA,1545108,60.97,56.61,55.7576,60.0504,56.6089,60.9673,4.29279,4.35833,TRUE,1545108,-0.0000315836,-0.00274075,-0.00106742,7.14863
2004,"Vermont","VT",314220,312309,480053,2.1,0,0,0,0,NA,469972,66.86,65.46,65.0572,66.4527,65.4553,66.8593,1.39549,1.40403,TRUE,469972,-0.000024044,-0.000697744,-0.00472735,2.09998
2004,"Virginia","VA",3223156,3198367,5699175,6.2,35472,43470,4392,61599,NA,5284227,61,56.55,56.1198,60.5267,56.5548,60.9958,4.40685,4.44101,TRUE,5284227,0.00000283864,-0.00421008,0.00478205,7.28084
2004,"Washington","WA",2883499,2859084,4683829,7.4,16559,125222,120,79290,NA,4257936,67.72,61.56,61.0416,67.1472,61.5629,67.7206,6.10558,6.15772,TRUE,4257936,-0.000008126,0.000581051,0.00285808,9.09284
2004,"West Virginia","WV",769645,755887,1425689,0.6,4980,6977,1216,9685,NA,1407450,54.68,53.98,53.0191,53.7061,53.9841,54.6836,0.687069,0.699574,TRUE,1407450,-0.00000952076,0.00364773,0.00407367,1.27931
2004,"Wisconsin","WI",3016288,2997007,4172068,2.7,22905,54970,13883,64273,NA,3995149,75.5,72.3,71.835,75.0162,72.2972,75.4988,3.1811,3.20157,TRUE,3995149,0.00000410498,-0.00123888,-0.0028083,4.24056
2004,"Wyoming","WY",245789,243428,386796,1.7,1923,4418,563,4695,NA,375525,65.45,63.54,62.9345,64.8234,63.5449,65.4521,1.88891,1.90723,TRUE,375525,0.000124626,0.00210039,0.00486603,2.91394
2006,"Alabama","AL",NA,1250401,3513952,2.3,28241,55766,7795,63919,NA,3369212,NA,NA,35.5839,37.1126,NA,NA,1.52867,NA,FALSE,3369212,0.00000308678,NA,NA,4.11901
2006,"Alaska","AK",238307,237322,492452,4.5,5069,6095,973,9090,NA,461202,51.67,48.39,48.1919,51.4573,48.3919,51.6709,3.26537,3.27893,FALSE,461202,-0.0000737204,0.000851384,0.00192449,6.3458
2006,"Arizona","AZ",1553032,1526782,4490327,12.6,35892,73265,6213,78738,NA,3845808,40.38,34.59,34.0016,39.6999,34.5862,40.3825,5.69832,5.7963,FALSE,3845808,-0.00000525247,0.00246319,-0.00383289,14.3535
2006,"Arkansas","AR",780409,774680,2130080,3.3,13729,31508,16666,46149,NA,2013638,38.76,36.64,36.3686,38.4717,36.6375,38.7562,2.10307,2.11863,FALSE,2013638,0.0000178781,-0.00382833,-0.00245587,5.46656
2006,"California","CA",8899059,8679416,26739781,18.9,175512,0,111744,287256,NA,21398706,41.59,33.28,32.4588,40.5605,33.2802,41.5869,8.10166,8.30668,FALSE,21398706,0.00000182721,-0.0030975,0.000223948,19.9743
2006,"Colorado","CO",1586105,1558405,3569901,8,22481,0,8196,30677,NA,3253632,48.75,44.43,43.654,47.8974,44.4299,48.7488,4.24338,4.31881,FALSE,3253632,-0.00000245879,-0.00124784,-0.0000564245,8.85932
2006,"Connecticut","CT",1162391,1134780,2683538,7.9,20566,0,2571,23137,NA,2448401,47.48,43.32,42.2867,46.3478,43.3156,47.4755,4.06109,4.1599,FALSE,2448401,0.0000203398,-0.00448435,-0.00438457,8.7622
2006,"Delaware","DE",258053,254099,659410,5.3,7206,16958,600,16285,NA,608176,42.43,39.13,38.5343,41.7805,39.1339,42.4306,3.24621,3.29672,FALSE,608176,0.000044395,0.000645076,0.00392275,7.76967
2006,"District of Columbia","DC",122356,120620,466827,9.7,0,0,0,0,NA,421545,29.03,26.21,25.8383,28.6138,26.2101,29.0256,2.77552,2.81547,FALSE,421545,-0.0000519517,-0.00439182,0.000137803,9.69995
2006,"Florida","FL",4884544,4829270,14211669,11.8,92969,272977,4785,234243,NA,12300449,39.71,34.37,33.981,39.2609,34.37,39.7103,5.27991,5.34034,FALSE,12300449,0.000000471528,0.00029025,-0.0000466891,13.4482
2006,"Georgia","GA",2143845,2122258,6799654,7.4,52792,422790,22851,287038,NA,6009442,35.67,31.53,31.2113,35.3154,31.5287,35.6746,4.10413,4.14587,FALSE,6009442,-0.00000658963,0.00461006,-0.00126339,11.6214
2006,"Hawaii","HI",348988,344315,1012975,8.1,5967,0,0,5967,NA,924957,37.73,34.45,33.9905,37.225,34.4518,37.7302,3.2345,3.2784,FALSE,924957,0.00000270283,0.000186376,0.00178805,8.68906
2006,"Idaho","ID",458927,450832,1072895,4.4,7124,48609,2482,33911,NA,991777,46.27,42.77,42.0201,45.457,42.7746,46.2732,3.43685,3.49856,FALSE,991777,-0.0000383151,0.00320456,0.00464244,7.56067
2006,"Illinois","IL",3586292,3486671,9483856,9.2,45106,0,0,45106,NA,8566235,41.87,37.81,36.7643,40.7025,37.8147,41.8654,3.93821,4.05074,FALSE,8566235,0.00000289509,-0.0045597,0.00470322,9.67561
2006,"Indiana","IN",1719351,1666922,4743856,3.1,26091,0,0,26091,NA,4570705,37.62,36.24,35.1385,36.4697,36.2437,37.6168,1.33115,1.37301,FALSE,4570705,0.0000101516,-0.00324285,0.00374349,3.65001
2006,"Iowa","IA",1071509,1048033,2267991,2.8,8875,22622,3560,23746,NA,2180741,49.14,47.24,46.2098,48.0586,47.2449,49.1351,1.84882,1.89024,FALSE,2180741,0.0000115557,-0.00491243,0.00485238,3.84702
2006,"Kansas","KS",864083,849700,2062668,4.7,8816,15518,4666,21241,NA,1944482,44.44,41.89,41.1942,43.698,41.8915,44.4377,2.50379,2.54617,FALSE,1944482,-0.0000203653,-0.002304,0.00152108,5.72976
2006,"Kentucky","KY",1370062,1253526,3218000,1.9,20000,41162,10162,50743,NA,3106115,44.11,42.57,38.9536,40.3567,42.575,44.1085,1.40314,1.53359,FALSE,3106115,0,-0.00145927,0.00495339,3.47685
2006,"Louisiana","LA",954896,902498,3239317,2,37012,38057,24072,80113,NA,3094418,30.86,29.48,27.8607,29.1654,29.4783,30.8587,1.30461,1.38035,FALSE,3094418,-0.0000109875,-0.00133772,-0.00168713,4.47313
2006,"Maine","ME",NA,550865,1037200,1.7,0,0,0,0,NA,1019568,NA,NA,53.1108,54.0293,NA,NA,0.918477,NA,FALSE,1019568,-0.0000392323,NA,NA,1.69996
2006,"Maryland","MD",1809237,1788316,4261205,7.9,22945,75698,14271,75065,NA,3849505,47,42.46,41.9674,46.4557,42.4583,46.9992,4.48836,4.54087,FALSE,3849505,-0.00000506559,-0.000788413,-0.00165782,9.66159
2006,"Massachusetts","MA",2243835,2219779,4970780,8.7,11032,0,0,11032,NA,4527290,49.56,45.14,44.6566,49.0311,45.1405,49.5624,4.37452,4.42193,FALSE,4527290,0.00000309236,0.00243139,0.000501088,8.92194
2006,"Michigan","MI",3852008,3801256,7532918,3.6,51577,0,0,51577,NA,7210156,53.42,51.14,50.4619,52.7209,51.1357,53.4248,2.25892,2.28908,FALSE,7210156,-0.000000665728,0.00475253,-0.00433119,4.28469
2006,"Minnesota","MN",2217552,2202987,3896561,4.2,9108,127289,4007,76760,NA,3656145,60.65,56.91,56.5367,60.2544,56.9105,60.6527,3.71767,3.74225,FALSE,3656145,0.0000119798,0.00273669,0.000491071,6.16995
2006,"Mississippi","MS",NA,610921,2154112,1.3,21068,24107,1970,35092,NA,2091017,NA,NA,28.3607,29.2165,NA,NA,0.855764,NA,FALSE,2091017,-0.0000218076,NA,NA,2.92905
2006,"Missouri","MO",2178278,2128459,4427266,2.2,30167,54963,18374,76023,NA,4253843,51.21,49.2,48.0761,50.0361,49.2014,51.2073,1.95999,2.00587,FALSE,4253843,0.00000347921,-0.00270344,0.00142589,3.91716
2006,"Montana","MT",411061,406505,734669,1,3572,0,0,3572,NA,723750,56.8,55.95,55.3317,56.1665,55.9519,56.796,0.834773,0.844129,FALSE,723750,0.0000428325,-0.00400691,0.00186404,1.48625
2006,"Nebraska","NE",610499,596087,1325932,4.3,4407,18731,662,14435,NA,1254482,48.67,46.04,44.9561,47.5166,46.043,48.6654,2.56051,2.62242,FALSE,1254482,-0.00000605828,-0.00457475,0.00300975,5.38866
2006,"Nevada","NV",586274,582572,1907976,14.4,12901,13208,3518,23023,NA,1610204,36.41,30.73,30.5335,36.18,30.7275,36.4099,5.6465,5.68239,FALSE,1610204,0.0000283194,-0.0000792695,-0.00246464,15.6067
2006,"New Hampshire","NH",418550,403531,1006234,3.4,2805,0,0,2805,NA,969217,43.18,41.6,40.1031,41.6347,41.5957,43.1843,1.53164,1.58865,FALSE,969217,0.00000453975,0.00434365,-0.00430755,3.67877
2006,"New Jersey","NJ",2315643,2250070,6565183,12,27371,132636,13874,107563,NA,5669798,40.84,35.27,34.2728,39.6852,35.2716,40.8417,5.41242,5.57015,FALSE,5669798,0.000000705493,0.00171958,0.00156821,13.6384
2006,"New Mexico","NM",568597,561084,1464560,8,6639,16493,2831,17717,NA,1329678,42.76,38.82,38.3108,42.197,38.8237,42.762,3.88623,3.93826,FALSE,1329678,0.0000150412,0.00200704,0.00374228,9.20973
2006,"New York","NY",4703830,4490053,14665626,12.4,63315,0,53533,116848,NA,12730240,36.95,32.07,30.6162,35.2708,32.0738,36.95,4.65459,4.87621,FALSE,12730240,0.0000029536,0.0000496456,0.00384397,13.1968
2006,"North Carolina","NC",2036451,1940808,6799585,5.8,37460,110419,3101,95771,NA,6309438,32.28,29.95,28.543,30.7604,29.9496,32.2763,2.21736,2.32663,FALSE,6309438,0.00000110945,-0.00373387,-0.000363368,7.20848
2006,"North Dakota","ND",220479,218152,503647,1.5,1363,0,0,1363,NA,494729,44.57,43.78,43.3145,44.0953,43.7765,44.5656,0.780788,0.789116,FALSE,494729,0.0000596286,-0.00438933,-0.00350575,1.77068
2006,"Ohio","OH",4184072,4022754,8687609,2.2,49166,0,0,49166,NA,8447316,49.53,48.16,46.3045,47.6217,48.1614,49.5314,1.31718,1.37,FALSE,8447316,-0.00000471156,0.00137778,0.00137559,2.76593
2006,"Oklahoma","OK",NA,926462,2709819,3.9,26243,27415,4329,44280,NA,2559856,NA,NA,34.1891,36.192,NA,NA,2.00288,NA,FALSE,2559856,0.00000230482,NA,NA,5.53406
2006,"Oregon","OR",1399650,1379475,2829482,7.3,13707,0,0,13707,NA,2609223,53.64,49.47,48.7536,52.8692,49.4667,53.6424,4.11556,4.17575,FALSE,2609223,-0.00000712856,0.00240619,-0.00334851,7.78443
2006,"Pennsylvania","PA",NA,4096077,9680466,3,44397,0,0,44397,NA,9345655,NA,NA,42.3128,43.8287,NA,NA,1.51587,NA,FALSE,9345655,0.000000214003,NA,NA,3.45862
2006,"Rhode Island","RI",392882,384993,824887,8.1,3996,0,0,3996,NA,754075,52.1,47.63,46.6722,51.055,47.6286,52.1012,4.38279,4.4726,FALSE,754075,0.0000202898,0.00118357,-0.00141572,8.58445
2006,"South Carolina","SC",1117311,1091952,3332190,3.2,23616,38353,3072,45865,NA,3179695,35.14,33.53,32.7698,34.3414,33.5308,35.1389,1.57161,1.60811,FALSE,3179695,-0.00000251596,-0.00106372,0.000831075,4.57642
2006,"South Dakota","SD",341105,335508,589178,1.4,3359,0,2444,5803,NA,575127,59.31,57.9,56.9451,58.3363,57.8951,59.3095,1.39123,1.41444,FALSE,575127,-0.0000855463,-0.00049097,-0.00493263,2.38485
2006,"Tennessee","TN",1868363,1833695,4641909,3.1,25745,52558,8630,60654,NA,4437356,42.11,40.25,39.503,41.324,40.2499,42.1053,1.82101,1.85544,FALSE,4437356,-0.00000403393,-0.00467872,-0.000115739,4.40666
2006,"Texas","TX",NA,4399068,17029802,13.4,172116,431967,101916,490016,NA,14257793,NA,NA,25.8316,30.8538,NA,NA,5.02219,NA,FALSE,14257793,-0.00000328242,NA,NA,16.2774
2006,"Utah","UT",582561,571252,1752158,7.1,6430,0,0,6430,NA,1621325,35.93,33.25,32.6028,35.2337,33.2482,35.9312,2.63088,2.68297,FALSE,1621325,-0.0000134458,0.00116741,-0.00179978,7.46696
2006,"Vermont","VT",263025,262726,487141,2,0,0,0,0,NA,477398,55.1,53.99,53.9322,55.0329,53.9936,55.0955,1.10068,1.10193,FALSE,477398,0.0000377044,-0.00446127,0.0036076,2.00004
2006,"Virginia","VA",2398589,2370445,5867219,6.7,36688,48144,4499,65259,NA,5408856,44.35,40.88,40.4015,43.8253,40.8812,44.3456,3.42375,3.4644,FALSE,5408856,0.00000604564,-0.00441195,0.0011909,7.81227
2006,"Washington","WA",2085074,2083734,4861001,8,17561,108076,11568,83167,NA,4388954,47.51,42.89,42.8664,47.4768,42.8939,47.5073,4.61042,4.61339,FALSE,4388954,-0.00000182276,-0.0026896,0.00392247,9.7109
2006,"West Virginia","WV",473014,459884,1439052,0.7,5733,7668,1416,10983,NA,1417996,33.36,32.87,31.9574,32.432,32.8698,33.3579,0.47454,0.488088,FALSE,1417996,-0.00002567,-0.00207797,-0.000166248,1.46319
2006,"Wisconsin","WI",2183155,2161700,4240696,2.9,23431,55806,15907,67241,NA,4050475,53.9,51.48,50.9751,53.369,51.4811,53.8987,2.39393,2.41769,FALSE,4050475,-0.00000454268,-0.00125973,0.00105405,4.48561
2006,"Wyoming","WY",196217,193892,400187,2,2114,5225,609,5336,NA,386847,50.72,49.03,48.4503,50.1211,49.0313,50.7221,1.67076,1.69079,FALSE,386847,0.00006721,0.00212011,0.00132785,3.33344
2008,"Alabama","AL",2105622,2099819,3595708,2.2,30508,53252,8042,61155,NA,3455447,60.94,58.56,58.3979,60.7684,58.5593,60.9363,2.37045,2.377,TRUE,3455447,0.0000122705,-0.00368698,-0.000684282,3.90079
2008,"Alaska","AK",327341,326197,507645,3.7,5014,6708,1732,9234,NA,479628,68.25,64.48,64.2569,68.0104,64.4823,68.2489,3.7535,3.76667,TRUE,479628,0.0000281468,-0.00106541,0.00226615,5.51901
2008,"Arizona","AZ",2320851,2293475,4673718,11.6,39589,82232,7534,84472,NA,4047095,57.35,49.66,49.0717,56.6697,49.6575,57.3461,7.59792,7.68861,TRUE,4047095,-0.00000711622,-0.0039036,-0.00251104,13.4074
2008,"Arkansas","AR",1095958,1086617,2174846,2.9,14716,31169,19908,40255,NA,2071520,52.91,50.39,49.9629,52.4551,50.3924,52.906,2.49212,2.51354,TRUE,2071520,0.0000224956,-0.00401792,0.00244158,4.75096
2008,"California","CA",13743177,13561900,27411094,17.9,173670,0,120753,234047,NA,22270461,61.71,50.14,49.476,60.8964,50.1373,61.7103,11.4204,11.5731,TRUE,22270461,0.000000781304,0.00033909,-0.00271982,18.7538
2008,"Colorado","CO",2422236,2401361,3708955,8,23274,0,11654,29101,NA,3383138,71.6,65.31,64.7449,70.9803,65.3078,71.5973,6.23534,6.28954,TRUE,3383138,-0.0000118233,-0.00268414,-0.00222463,8.7846
2008,"Connecticut","CT",NA,1646792,2725917,8.5,20661,0,2328,21825,NA,2472389,NA,NA,60.4124,66.6073,NA,NA,6.19491,NA,TRUE,2472389,0.00000222457,NA,NA,9.30065
2008,"Delaware","DE",413562,412398,680493,5.3,7075,17216,551,15959,NA,628468,65.8,60.77,60.6028,65.6196,60.7739,65.8048,5.01674,5.0309,TRUE,628468,-0.0000205261,0.00478242,0.00388011,7.64519
2008,"District of Columbia","DC",266871,265853,481971,10.3,0,0,0,0,NA,432328,61.73,55.37,55.1595,61.4934,55.3708,61.7288,6.33381,6.35807,TRUE,432328,-0.00000300698,-0.00117374,0.000758822,10.3
2008,"Florida","FL",8453743,8390744,14558436,11.2,102388,279760,4528,244532,NA,12683359,66.65,58.07,57.6349,66.1555,58.0677,66.6522,8.52061,8.58458,TRUE,12683359,0.00000132457,0.00224094,-0.00234081,12.8797
2008,"Georgia","GA",3940705,3924440,7063638,7.3,52719,397081,23448,262984,NA,6285008,62.7,55.79,55.5583,62.4413,55.7886,62.7001,6.88295,6.91148,TRUE,6285008,0.00000677803,0.0000792998,-0.00139645,11.0231
2008,"Hawaii","HI",456064,453568,1036088,9.7,5955,0,0,5955,NA,929632,49.06,44.02,43.777,48.7901,44.0179,49.0586,5.01308,5.04067,TRUE,929632,0.0000499122,-0.0014478,-0.00211735,10.2748
2008,"Idaho","ID",667506,655032,1117842,4.9,7290,49513,3361,33727,NA,1029341,64.85,59.71,58.5979,63.6361,59.7138,64.8479,5.03815,5.13409,TRUE,1029341,-0.0000250646,-0.00210217,0.00380571,7.91713
2008,"Illinois","IL",5578195,5523051,9615700,9.2,45474,0,0,45474,NA,8685582,64.22,58.01,57.4378,63.5887,58.0113,64.2236,6.15088,6.21229,TRUE,8685582,-0.00000460533,0.00361795,0.00132523,9.67291
2008,"Indiana","IN",2805986,2751054,4826231,3,28322,0,0,28322,NA,4653122,60.3,58.14,57.0021,59.1228,58.1403,60.3033,2.12064,2.16298,TRUE,4653122,0.00000150437,0.00329744,0.000316947,3.58684
2008,"Iowa","IA",1543662,1537123,2298515,2.6,8766,22958,3159,21825,NA,2216929,69.63,67.16,66.8746,69.3357,67.1591,69.6306,2.46108,2.47155,TRUE,2216929,-0.0000175919,0.000646719,-0.00089945,3.54951
2008,"Kansas","KS",1264208,1235872,2100084,4.2,8539,16263,4958,19150,NA,1992730,63.44,60.2,58.8487,62.019,60.198,63.441,3.17035,3.24304,TRUE,1992730,0.0000236861,0.00100806,-0.00202697,5.11189
2008,"Kentucky","KY",1858578,1826508,3277617,2.2,21706,51035,12277,53362,NA,3152147,58.96,56.71,55.7267,57.9449,56.7052,58.9623,2.21818,2.25713,TRUE,3152147,0.0000135146,0.00228824,-0.0048389,3.82809
2008,"Louisiana","LA",1979852,1960761,3342279,2,38381,40025,24636,70712,NA,3204721,61.78,59.24,58.6654,61.1835,59.2366,61.7792,2.51813,2.54264,TRUE,3204721,0.0000131057,-0.000768672,-0.00341323,4.11569
2008,"Maine","ME",744456,731163,1049816,1.3,0,0,0,0,NA,1036168,71.85,70.91,69.6468,70.5641,70.913,71.847,0.91736,0.934038,TRUE,1036168,0.0000378317,-0.00296361,0.00299809,1.30004
2008,"Maryland","MD",2661905,2631596,4342850,7.8,23324,96360,13220,78114,NA,3925994,67.8,61.29,60.5961,67.0301,61.294,67.8021,6.434,6.5081,TRUE,3925994,-0.00000764138,0.0020649,0.00396594,9.59867
2008,"Massachusetts","MA",3102995,3080985,5058035,8.6,11408,0,0,11408,NA,4611636,67.29,61.35,60.9127,66.8089,61.3478,67.2862,5.89625,5.93837,TRUE,4611636,-0.000000216843,-0.00379181,-0.00216433,8.82554
2008,"Michigan","MI",5039080,5001766,7528460,3.3,48738,0,0,48738,NA,7231283,69.68,66.93,66.4381,69.1684,66.9337,69.6845,2.73034,2.75071,TRUE,7231283,-0.00000248918,0.00445295,0.00374209,3.94738
2008,"Minnesota","MN",2921147,2910369,3975974,4,9910,127627,5081,76264,NA,3740671,78.09,73.47,73.1989,77.8034,73.47,78.0915,4.6045,4.62155,TRUE,3740671,0.00000106933,0.00152422,-0.0000276108,5.91812
2008,"Mississippi","MS",NA,1289856,2190402,1.9,22754,22267,2922,35349,NA,2113435,NA,NA,58.8867,61.0313,NA,NA,2.14453,NA,TRUE,2113435,0.0000171285,NA,NA,3.51383
2008,"Missouri","MO",2950504,2925205,4507688,2.5,30186,57360,20683,69208,NA,4325788,68.21,65.45,64.8937,67.6225,65.4549,68.2073,2.72879,2.75239,TRUE,4325788,-0.00000462344,-0.00268147,0.00492944,4.03533
2008,"Montana","MT",497599,491960,755384,1.3,3545,0,0,3545,NA,742019,67.06,65.87,65.1271,66.3002,65.8736,67.0601,1.17305,1.18649,TRUE,742019,0.00000107814,0.000142665,0.00364837,1.7693
2008,"Nebraska","NE",811923,801281,1348048,4.3,4520,19606,846,14746,NA,1275336,63.66,60.23,59.4401,62.829,60.2295,63.6635,3.38892,3.43393,TRUE,1275336,-0.00000501829,0.0034581,-0.000468114,5.39387
2008,"Nevada","NV",970019,967848,2000277,14.1,12743,13337,3908,21366,NA,1696872,57.17,48.49,48.3857,57.0372,48.4942,57.1651,8.65149,8.67089,TRUE,1696872,-0.00000335912,-0.00487499,0.00423355,15.1681
2008,"New Hampshire","NH",719643,710970,1021787,2.6,2702,0,0,2702,NA,992519,72.51,70.43,69.581,71.6329,70.4298,72.5067,2.05185,2.07688,TRUE,992519,-0.0000465482,-0.00327721,-0.000155032,2.86439
2008,"New Jersey","NJ",3910220,3868237,6651284,11.7,25953,128737,15849,98246,NA,5774838,67.71,58.79,58.1577,66.9843,58.7889,67.7113,8.82659,8.92239,TRUE,5774838,-0.00000394816,0.00133666,-0.00105038,13.1771
2008,"New Mexico","NM",833365,830158,1505830,8.3,6402,20883,3724,18706,NA,1362140,61.18,55.34,55.1296,60.9451,55.3426,61.1806,5.81553,5.838,TRUE,1362140,0.00000807553,0.000568811,0.00256855,9.54225
2008,"New York","NY",7721718,7640640,14876971,12.4,60347,0,52225,86460,NA,12945767,59.65,51.9,51.3588,59.0204,51.9038,59.6467,7.66153,7.74283,TRUE,12945767,-0.00000312071,-0.00333712,0.00383177,12.9812
2008,"North Carolina","NC",4354571,4310789,7096503,5.9,39482,109678,3409,96026,NA,6581783,66.16,61.36,60.7453,65.4958,61.3622,66.161,4.75051,4.79875,TRUE,6581783,0.00000490748,0.000962766,0.00220896,7.25315
2008,"North Dakota","ND",321133,316621,512768,1.3,1452,0,0,1452,NA,504650,63.63,62.63,61.7474,62.7407,62.6273,63.6348,0.993293,1.00745,TRUE,504650,0.00000317051,0.00479639,-0.00265196,1.58317
2008,"Ohio","OH",5773777,5698260,8757453,2.2,51686,0,0,51686,NA,8513103,67.82,65.93,65.0675,66.9352,65.9299,67.8222,1.86762,1.89237,TRUE,8513103,0.000000399384,0.00223826,-0.000134319,2.79019
2008,"Oklahoma","OK",1474694,1462661,2770219,4,25864,27940,3073,41371,NA,2618039,56.33,53.23,52.7995,55.8686,53.2338,56.3282,3.0691,3.09435,TRUE,2618039,0.00000916717,-0.00180932,0.0038418,5.49343
2008,"Oregon","OR",1845251,1827864,2916246,6.9,14167,0,0,14167,NA,2700858,68.32,63.27,62.6787,67.6772,63.2749,68.3209,4.9985,5.04604,TRUE,2700858,0.000000962657,0.00091876,0.00487462,7.3858
2008,"Pennsylvania","PA",6071357,6012692,9813664,3.1,49215,0,0,49215,NA,9460225,64.18,61.87,61.2686,63.5576,61.8664,64.1777,2.28903,2.31136,TRUE,9460225,0.00000439736,-0.00227695,-0.00363694,3.6015
2008,"Rhode Island","RI",475428,471766,825786,7,4045,0,0,4045,NA,763936,62.23,57.57,57.1293,61.7546,57.5728,62.234,4.62532,4.66122,TRUE,763936,-0.00000261802,0.00400913,0.0027852,7.48983
2008,"South Carolina","SC",1927153,1920969,3473488,3.4,24326,41254,1947,45927,NA,3309462,58.23,55.48,55.3037,58.0448,55.4818,58.2316,2.74101,2.74983,TRUE,3309462,0.0000123283,0.00160985,0.00178085,4.72223
2008,"South Dakota","SD",387449,381975,602539,1.2,3342,0,2720,4702,NA,590607,65.6,64.3,63.3942,64.675,64.3027,65.6018,1.28075,1.2991,TRUE,590607,-0.0000792405,0.00182998,0.00272563,1.98029
2008,"Tennessee","TN",2618238,2599749,4771926,3.1,27228,58109,10578,61572,NA,4562424,57.39,54.87,54.4801,56.9817,54.8675,57.387,2.50167,2.51946,TRUE,4562424,0.00000644394,-0.00300572,-0.00246853,4.3903
2008,"Texas","TX",NA,8077795,17756112,13.5,172506,427080,102921,437507,NA,14921530,NA,NA,45.493,54.1352,NA,NA,8.64213,NA,TRUE,14921530,-0.000000804207,NA,NA,15.964
2008,"Utah","UT",971185,952370,1840087,7.2,6552,0,0,6552,NA,1701049,57.09,52.78,51.7568,55.9872,52.7793,57.0933,4.23043,4.314,TRUE,1701049,-0.0000155198,0.00329949,-0.000702065,7.55606
2008,"Vermont","VT",326822,325046,492610,2,0,0,0,0,NA,482758,67.7,66.34,65.9845,67.331,66.345,67.6989,1.34659,1.35395,TRUE,482758,-0.0000414286,-0.0010701,0.00497879,1.99996
2008,"Virginia","VA",3753059,3723260,6022123,6.6,38276,53614,4471,67319,NA,5557344,67.53,62.32,61.8264,66.9971,62.3212,67.5333,5.17074,5.21213,TRUE,5557344,-0.00000212332,0.00332167,0.0011947,7.71786
2008,"Washington","WA",3071587,3036878,5032960,7.8,17926,113134,11768,80377,NA,4560012,67.36,61.03,60.3398,66.598,61.0294,67.3592,6.25823,6.32975,TRUE,4560012,0.00000263157,-0.000813226,-0.000566029,9.39701
2008,"West Virginia","WV",731691,713362,1453045,0.8,6059,8283,2005,11203,NA,1430218,51.16,50.36,49.0943,49.8779,50.3557,51.1594,0.783569,0.803702,TRUE,1430218,-0.000025171,-0.000596329,-0.0042987,1.57098
2008,"Wisconsin","WI",2997086,2983417,4306876,3,23379,50418,18105,57641,NA,4120029,72.74,69.59,69.271,72.4125,69.5884,72.7443,3.1415,3.1559,TRUE,4120029,-0.00000679607,0.00429379,-0.00160228,4.33834
2008,"Wyoming","WY",256035,254658,418040,1.7,2084,5438,727,5167,NA,405766,63.1,61.25,60.9171,62.7598,61.2465,63.0992,1.84268,1.85264,TRUE,405766,0.0000788632,-0.000824613,-0.00346857,2.93608
2010,"Alabama","AL",1503232,1494273,3661750,2.9,31764,26633,9006,67403,NA,3487654,43.1,41.05,40.8076,42.8446,41.0523,43.1015,2.03703,2.04924,FALSE,3488156,0.0144008,0.00152326,0.00228374,4.75445
2010,"Alaska","AK",261128,256192,528459,4.5,5597,3480,2089,11166,NA,493475,52.92,49.41,48.4791,51.9159,49.4131,52.9162,3.43683,3.50305,FALSE,493512,0.00756776,-0.00384417,0.0031049,6.62
2010,"Arizona","AZ",1750840,1727791,4806125,10.2,40130,40455,7993,88578,NA,4225272,41.44,36.43,35.9498,40.8918,36.4293,41.4373,4.94206,5.00798,FALSE,4227322,0.0485235,-0.00266768,-0.000652033,12.0857
2010,"Arkansas","AR",789773,781333,2216571,3.7,16204,14411,21106,51721,NA,2082028,37.93,35.63,35.2496,37.5275,35.6304,37.9329,2.27787,2.30248,FALSE,2082837,0.0388502,0.00287122,0.000394876,6.06987
2010,"California","CA",10529134,10095485,28157259,18,165062,0,105133,270195,NA,22823850,46.13,37.39,35.8539,44.2322,37.394,46.1322,8.37824,8.73813,FALSE,22818757,-0.0223127,0.00215562,0.00403043,18.9415
2010,"Colorado","CO",1828323,1787730,3842941,7.5,22815,0,11014,33829,NA,3521135,51.92,47.58,46.5198,50.7714,47.5761,51.9243,4.25157,4.34811,FALSE,3520891,-0.00691751,0.0042517,-0.00385975,8.37395
2010,"Connecticut","CT",1153872,1153115,2771060,8.5,19321,0,2894,22215,NA,2512285,45.93,41.64,41.6128,45.8991,41.6401,45.9292,4.28628,4.28909,FALSE,2513305,0.0405965,-0.00081601,0.0000944043,9.33848
2010,"Delaware","DE",316754,307402,696911,5,6598,8157,560,15315,NA,646761,48.98,45.45,44.1092,47.5295,45.4511,48.9754,3.42024,3.52429,FALSE,646750,-0.00163121,-0.00456703,0.00114082,7.19604
2010,"District of Columbia","DC",135846,132656,507942,9.3,0,0,0,0,NA,460938,29.47,26.74,26.1164,28.7796,26.7444,29.4716,2.66321,2.72725,FALSE,460703,-0.0508975,0.00164261,0.00439208,9.25381
2010,"Florida","FL",5473787,5411106,14916715,11.5,104306,128110,4093,236509,NA,12966802,42.21,36.7,36.2755,41.7305,36.6957,42.2139,5.45501,5.5182,FALSE,12964784,-0.0155646,0.00385504,-0.00434013,13.072
2010,"Georgia","GA",2623035,2576161,7253576,7.6,56432,228580,25091,310103,NA,6394095,41.02,36.16,35.5157,40.2897,36.162,41.0228,4.77395,4.86082,FALSE,6392201,-0.0296176,0.00277179,0.00195653,11.8491
2010,"Hawaii","HI",386302,382563,1064539,9.2,5912,0,0,5912,NA,960761,40.21,36.29,35.937,39.8187,36.2882,40.2079,3.88178,3.91972,FALSE,960689,-0.00745118,-0.00208149,-0.00180389,9.74863
2010,"Idaho","ID",459079,452535,1146045,4.4,7431,26447,3957,37835,NA,1057993,43.39,40.06,39.4867,42.773,40.0577,43.3915,3.2863,3.33382,FALSE,1057784,-0.0197525,0.00149692,-0.00232338,7.68312
2010,"Illinois","IL",3792770,3729989,9736527,9.3,48418,0,0,48418,NA,8780431,43.2,38.95,38.3092,42.4807,38.954,43.1957,4.17147,4.24168,FALSE,8782612,0.0248392,-0.00428444,0.00403361,9.81968
2010,"Indiana","IN",1791832,1744481,4895546,3.4,28028,0,0,28028,NA,4700148,38.12,36.6,35.634,37.1154,36.6013,38.1229,1.4814,1.52161,FALSE,4701069,0.0196044,0.00288464,0.00126981,3.99134
2010,"Iowa","IA",1133429,1116063,2328364,3.3,9455,11190,3197,23842,NA,2227920,50.87,48.68,47.9334,50.0944,48.6792,50.8739,2.16104,2.19466,FALSE,2227686,-0.0105036,0.00386441,-0.000798638,4.31393
2010,"Kansas","KS",857658,838790,2134690,5.3,9051,8701,5063,22815,NA,1999897,42.89,40.18,39.2933,41.9417,40.1772,42.8851,2.64837,2.70794,FALSE,1998736,-0.0580315,-0.00489142,-0.00283142,6.31441
2010,"Kentucky","KY",1417995,1356468,3332440,2.5,20544,28598,14628,63770,NA,3186792,44.5,42.55,40.7049,42.5653,42.5513,44.496,1.86036,1.94475,FALSE,3185359,-0.0449669,-0.00399901,0.00125374,4.37061
2010,"Louisiana","LA",1298649,1264994,3437623,2.9,39445,21957,26202,87604,NA,3251832,39.94,37.78,36.7985,38.901,37.7775,39.9359,2.10246,2.15839,FALSE,3250328,-0.0462529,-0.0040808,-0.00247175,5.40464
2010,"Maine","ME",580584,572766,1055878,1.6,0,0,0,0,NA,1038785,55.89,54.99,54.2455,55.1381,54.9859,55.8907,0.892598,0.904782,FALSE,1038984,0.0191524,0.000679977,-0.00410201,1.61884
2010,"Maryland","MD",1868179,1857880,4453952,8.9,22645,44090.5,13195,79931,NA,3976848,46.98,41.94,41.7131,46.7174,41.9443,46.9764,5.00433,5.03207,FALSE,3977619,0.0193941,-0.00362575,0.00430025,10.7119
2010,"Massachusetts","MA",2319963,2297039,5167053,9.1,11312,0,0,11312,NA,4684240,49.53,44.9,44.4555,49.0376,44.8992,49.527,4.58211,4.62784,FALSE,4685539,0.0277351,-0.00301163,-0.00084762,9.34407
2010,"Michigan","MI",3268217,3226088,7555775,3.5,44113,0,0,44113,NA,7249664,45.08,43.25,42.697,44.4998,43.2546,45.0809,1.80284,1.82639,FALSE,7247210,-0.0338516,0.000944441,0.00455694,4.05135
2010,"Minnesota","MN",2123369,2107021,4040120,4.5,9796,55943,5807,71546,NA,3787530,56.06,52.56,52.1524,55.6305,52.5571,56.0621,3.47804,3.50503,FALSE,3786769,-0.0201028,0.0021038,-0.00292249,6.25204
2010,"Mississippi","MS",788549,788549,2221684,1.7,21067,13397,6434,40898,NA,2143946,36.78,35.49,35.4933,36.7803,35.4933,36.7803,1.28696,1.28696,FALSE,2143017,-0.043314,0.000264055,0.00330148,3.49906
2010,"Missouri","MO",1997271,1943899,4580080,2.6,30623,28715,19421,78759,NA,4383789,45.56,43.61,42.4425,44.3429,43.6078,45.5604,1.90043,1.95261,FALSE,4382239,-0.0353594,0.00038167,-0.00222459,4.28575
2010,"Montana","MT",367096,360341,769610,1,3716,0,0,3716,NA,758424,48.4,47.7,46.8212,47.5118,47.699,48.4025,0.690567,0.703512,FALSE,758198,-0.0298118,0.00247671,-0.00103559,1.45346
2010,"Nebraska","NE",503514,487988,1373145,4.2,4587,8160,941,13688,NA,1302279,38.66,36.67,35.538,37.4718,36.6687,38.6641,1.93387,1.9954,FALSE,1301785,-0.0379404,0.00406507,-0.00133063,5.16085
2010,"Nevada","NV",723515,721404,2044399,13.1,12653,5917,4964,23534,NA,1753166,41.27,35.39,35.2868,41.1486,35.3901,41.2691,5.86179,5.87895,FALSE,1753049,-0.00668898,-0.000947326,0.000107313,14.2454
2010,"New Hampshire","NH",461423,456588,1033552,2.8,2761,0,0,2761,NA,1001435,46.08,44.64,44.1766,45.5934,44.6444,46.0762,1.41679,1.43179,FALSE,1001852,0.0415947,-0.00381932,0.00439138,3.10744
2010,"New Jersey","NJ",2200974,2121584,6752083,12.4,25007,60077.5,15563,100648,NA,5813989,37.86,32.6,31.4212,36.491,32.597,37.8565,5.06984,5.25956,FALSE,5814177,0.00322856,-0.00347843,-0.00303696,13.8934
2010,"New Mexico","NM",630013,602827,1551751,7.7,6659,9920,3146,19725,NA,1411888,44.62,40.6,38.8482,42.6965,40.6001,44.622,3.84834,4.02189,FALSE,1412541,0.0462624,0.00202384,0.000134944,9.01324
2010,"New York","NY",4763899,4658586,15121092,12.6,56656,0,48542,105198,NA,13105474,36.35,31.5,30.8085,35.5469,31.505,36.3505,4.73834,4.84546,FALSE,13110636,0.0393912,0.000451727,0.00499316,13.3298
2010,"North Carolina","NC",2700706,2660079,7320628,6.1,40116,52114,3621,95851,NA,6777828,39.85,36.89,36.3368,39.2468,36.8917,39.8462,2.91002,2.95446,FALSE,6778219,0.00576427,-0.00381329,0.00172568,7.41466
2010,"North Dakota","ND",241039,238812,527031,1.7,1487,0,0,1487,NA,516826,46.64,45.74,45.3127,46.2074,45.7353,46.6383,0.894723,0.903067,FALSE,516584,-0.0467327,-0.00167298,-0.00473965,1.93632
2010,"Ohio","OH",3956028,3852453,8827567,2.4,51712,0,0,51712,NA,8566897,46.18,44.81,43.6412,44.9691,44.8145,46.1781,1.3279,1.3636,FALSE,8563993,-0.0338933,-0.00192642,0.00447719,2.95291
2010,"Oklahoma","OK",1043507,1034767,2836265,4.3,26252,12829,2627,41708,NA,2673056,39.04,36.79,36.4834,38.711,36.7916,39.038,2.22757,2.24639,FALSE,2672598,-0.0171487,-0.00202249,0.00159035,5.75436
2010,"Oregon","OR",1487210,1453548,2983427,7,14014,0,0,14014,NA,2760025,53.88,49.85,48.7207,52.6643,49.849,53.8839,3.94356,4.03488,FALSE,2760573,0.0198589,0.00393221,-0.000950568,7.4881
2010,"Pennsylvania","PA",4055336,3987551,9943828,3.3,51264,0,0,51264,NA,9562603,42.41,40.78,40.1008,41.6994,40.7824,42.4083,1.59867,1.62584,FALSE,9564418,0.0189768,-0.00171431,0.00244314,3.83379
2010,"Rhode Island","RI",346357,342290,831351,7.7,3357,0,0,3357,NA,763719,45.35,41.66,41.1727,44.8188,41.6619,45.3514,3.6461,3.68942,FALSE,763980,0.0341713,0.00136614,0.00194544,8.13519
2010,"South Carolina","SC",1365480,1344198,3569456,3.9,23578,16593,6412,46583,NA,3385527,40.33,38.25,37.6583,39.7042,38.2546,40.3329,2.0459,2.0783,FALSE,3383664,-0.055022,0.00286398,0.00456876,5.15286
2010,"South Dakota","SD",323410,317083,615153,1.7,3434,0,2843,6277,NA,598304,54.05,52.57,51.5454,52.997,52.5739,54.0545,1.45158,1.48055,FALSE,598418,0.0191205,0.00446061,0.00391251,2.73899
2010,"Tennessee","TN",1620542,1601549,4876354,3.5,27451,29973,12157,69581,NA,4636768,34.95,33.23,32.8432,34.5402,33.2327,34.9498,1.69704,1.71716,FALSE,4636101,-0.0143934,-0.000181506,0.00265702,4.91322
2010,"Texas","TX",5066957,4979870,18480135,13.7,173649,209339,104763,487751,NA,15461769,32.77,27.42,26.9472,32.2076,27.4184,32.7709,5.26048,5.35248,FALSE,15460606,-0.00752498,0.000875053,-0.00160181,16.333
2010,"Utah","UT",653274,643307,1911676,6.8,6807,0,0,6807,NA,1774967,36.8,34.17,33.6515,36.2433,34.1728,36.8049,2.59186,2.63201,FALSE,1774875,-0.00518139,0.00485327,0.002841,7.15126
2010,"Vermont","VT",243617,241605,498078,1.9,0,0,0,0,NA,488761,49.84,48.91,48.5075,49.4321,48.9114,49.8438,0.924673,0.932373,FALSE,488615,-0.0299701,0.00378868,0.00141548,1.87059
2010,"Virginia","VA",2214505,2189841,6193893,7.2,37410,28327,2624,68361,NA,5676934,39.01,35.75,35.3548,38.5744,35.753,39.0088,3.21952,3.25578,FALSE,5679572,0.0464635,-0.00117939,0.00303932,8.34627
2010,"Washington","WA",2565589,2511094,5186815,8.2,18235,48932,6956,74123,NA,4687044,54.74,49.46,48.413,53.5752,49.4637,54.7379,5.16219,5.27422,FALSE,4687373,0.00702298,-0.00210976,0.00366894,9.63541
2010,"West Virginia","WV",536493,529948,1468244,0.8,6681,4312,1796,12789,NA,1444109,37.15,36.54,36.094,36.6972,36.5398,37.1505,0.603229,0.610679,FALSE,1443709,-0.0276954,0.000450555,-0.000228681,1.6438
2010,"Wisconsin","WI",2185021,2171331,4361980,3.1,22724,23082,19572,65378,NA,4161265,52.51,50.09,49.7786,52.1796,50.0924,52.5086,2.40103,2.41616,FALSE,4161381,0.00277848,-0.00142388,0.00241216,4.60147
2010,"Wyoming","WY",190822,188463,429977,1.8,2112,2660,682,5454,NA,416931,45.77,44.38,43.8309,45.2024,44.3796,45.7682,1.37149,1.38866,FALSE,416783,-0.0353982,-0.00175537,-0.000416906,3.03412
2012,"Alabama","AL",2083309,2074338,3705982,2.6,32232,57993,8616,71584,NA,3538042,58.88,56.21,55.9727,58.6295,56.2148,58.8831,2.65685,2.66834,TRUE,3538042,0.0000132277,0.0031054,0.00476305,4.53159
2012,"Alaska","AK",301694,300495,544269,3.8,5633,7173,1882,11317,NA,512270,58.89,55.43,55.2108,58.6595,55.431,58.8936,3.44875,3.46251,TRUE,512270,-0.0000433365,0.00355223,0.00104605,5.87926
2012,"Arizona","AZ",2323579,2306559,4963741,9.9,35188,72452,7460,81048,NA,4391282,52.91,46.81,46.4682,52.5259,46.811,52.9135,6.05771,6.10241,TRUE,4391283,0.0000145971,0.00345443,0.00104433,11.5328
2012,"Arkansas","AR",1078548,1069468,2244163,3.5,14471,30122,23372,53808,NA,2111810,51.07,48.06,47.6555,50.6422,48.0601,51.0722,2.98671,3.01206,TRUE,2111809,-0.0000333837,0.0022082,0.000145364,5.89766
2012,"California","CA",13202158,13038547,28871296,17.4,119455,0,89287,208742,NA,23638949,55.85,45.73,45.1609,55.1571,45.7276,55.8492,9.99612,10.1215,TRUE,23638948,-0.00000213207,-0.00082498,-0.00237489,18.123
2012,"Colorado","CO",2596173,2569522,3980623,6.9,18807,0,11458,30265,NA,3675695,70.63,65.22,64.5507,69.9057,65.2203,70.6308,5.355,5.41054,TRUE,3675695,0.000000353675,0.000805875,0.000268285,7.66031
2012,"Connecticut","CT",1560640,1558960,2804156,8.5,16935,0,2793,19728,NA,2546075,61.3,55.65,55.5946,61.2299,55.6545,61.2959,5.63531,5.64138,TRUE,2546075,-0.0000102118,-0.00408374,0.00453562,9.20352
2012,"Delaware","DE",417631,413921,714081,5.1,6610,15641,601,15501,NA,662162,63.07,58.49,57.9656,62.5105,58.4851,63.0708,4.54498,4.58572,TRUE,662162,-0.0000197837,0.000819528,-0.00489817,7.27074
2012,"District of Columbia","DC",294254,293764,531080,9.7,0,0,0,0,NA,479566,61.36,55.41,55.3145,61.2562,55.4067,61.3584,5.94177,5.95168,TRUE,479565,-0.000158477,-0.00160512,-0.00328161,9.69986
2012,"Florida","FL",8538264,8474179,15367936,10.8,91954,240869,4538,224153,NA,13484046,63.32,55.56,55.1419,62.846,55.559,63.3212,7.70402,7.76228,TRUE,13484046,-0.000000652623,0.00123162,-0.00104921,12.2586
2012,"Georgia","GA",3919355,3900050,7441387,7.2,52737,442061,24761,311790,NA,6593817,59.44,52.67,52.4103,59.1471,52.6697,59.4399,6.73682,6.77017,TRUE,6593817,0.00000206254,-0.000149,-0.000316243,11.3899
2012,"Hawaii","HI",437159,434697,1091451,9.2,5544,0,0,5544,NA,985494,44.36,40.05,39.8274,44.1096,40.053,44.3594,4.28211,4.30637,TRUE,985494,-0.0000499242,-0.000622875,0.003012,9.7079
2012,"Idaho","ID",666290,652274,1172481,4.6,7985,31606,3848,28584,NA,1089963,61.13,56.83,55.6319,59.8437,56.8274,61.1296,4.21174,4.30224,TRUE,1089963,-0.00001156,-0.000402023,-0.0026399,7.0379
2012,"Illinois","IL",5279752,5242014,9838883,8.9,49348,0,0,49348,NA,8913874,59.23,53.66,53.2785,58.8074,53.6621,59.2307,5.52881,5.56862,TRUE,8913874,0.00000463323,0.000722804,0.00210778,9.40157
2012,"Indiana","IN",2663368,2624534,4959521,3.6,28266,0,0,28266,NA,4752712,56.04,53.7,52.9191,55.2218,53.7021,56.0389,2.30272,2.33679,TRUE,4752712,0.00000513391,-0.00109001,0.00212164,4.16994
2012,"Iowa","IA",1589951,1582180,2356497,3.2,8470,29333,5151,29167,NA,2251922,70.6,67.47,67.1412,70.2591,67.471,70.6042,3.11791,3.13322,TRUE,2251922,0.00000426303,0.00417723,0.000953708,4.43773
2012,"Kansas","KS",1182771,1156254,2162245,5,9346,17021,5126,23493,NA,2030640,58.25,54.7,53.4747,56.9404,54.7011,58.2462,3.46567,3.54515,TRUE,2030640,-0.0000123114,-0.00378206,0.00106302,6.0865
2012,"Kentucky","KY",1815843,1797212,3374444,2.2,21863,54511,14419,65173,NA,3235034,56.13,53.81,53.2595,55.5547,53.8116,56.1306,2.29516,2.31895,TRUE,3235033,-0.0000237401,0.000569261,0.00162052,4.13135
2012,"Louisiana","LA",2014548,1994065,3495424,2.7,40047,41298,28946,90881,NA,3310167,60.86,57.63,57.0479,60.2406,57.6339,60.8594,3.19274,3.22554,TRUE,3310167,-0.0000135341,-0.000593209,0.00386645,5.29999
2012,"Maine","ME",724758,713180,1063754,1.8,0,0,0,0,NA,1044606,69.38,68.13,67.0437,68.2726,68.1321,69.381,1.22893,1.24889,TRUE,1044606,0.0000409724,0.000991493,0.00210573,1.80004
2012,"Maryland","MD",2734062,2707327,4552894,8.9,20871,96640,13195,85285,NA,4062401,67.3,60.05,59.4639,66.6435,60.0511,67.3016,7.17965,7.25055,TRUE,4062401,0.0000106833,0.00162778,0.0010796,10.7732
2012,"Massachusetts","MA",3184196,3167767,5278131,8.4,10283,0,0,10283,NA,4824485,66,60.33,60.0168,65.6602,60.3281,66.0007,5.64338,5.67265,TRUE,4824485,-0.0000000829104,0.000744121,-0.0019028,8.59482
2012,"Michigan","MI",4780701,4730961,7637478,3.5,43019,0,0,43019,NA,7327148,65.25,62.6,61.944,64.5676,62.5953,65.2464,2.62354,2.65113,TRUE,7327147,-0.00000996295,-0.00359035,-0.00471658,4.06325
2012,"Minnesota","MN",2950780,2936561,4111021,4.4,9383,108157,6006,72712,NA,3857424,76.5,71.78,71.4314,76.1275,71.7773,76.4961,4.69609,4.71882,TRUE,3857424,0.00000197023,-0.00387201,-0.00269699,6.16871
2012,"Mississippi","MS",1285584,1285584,2245738,1.5,22305,30768,6804,45416,NA,2166636,59.34,57.25,57.2455,59.3355,57.2455,59.3355,2.08998,2.08998,TRUE,2166636,-0.00000323081,-0.00451402,-0.00449763,3.52232
2012,"Missouri","MO",2840776,2757323,4627371,2.5,30714,55470,20672,80785,NA,4430901,64.11,61.39,59.5872,62.2294,61.3907,64.1128,2.64215,2.72212,TRUE,4430902,0.0000163624,0.00282942,0.000711918,4.24582
2012,"Montana","MT",491966,484048,783676,0.9,3592,0,0,3592,NA,773031,63.64,62.78,61.7663,62.6169,62.7767,63.6412,0.850552,0.864465,TRUE,773031,-0.0000108663,0.00117351,-0.00329126,1.35834
2012,"Nebraska","NE",804245,794379,1394124,4.7,4466,14260,1383,13407,NA,1315193,61.15,57.69,56.9805,60.4002,57.6882,61.1503,3.41967,3.46214,TRUE,1315193,0.0000130779,0.000340672,-0.00180297,5.66169
2012,"Nevada","NV",1016664,1014918,2099011,13.3,12883,11321,5379,24262,NA,1795581,56.62,48.44,48.3522,56.5231,48.4354,56.6203,8.1709,8.18495,TRUE,1795581,-0.0000257855,0.000336259,-0.00461781,14.4559
2012,"New Hampshire","NH",718700,710972,1050220,3,2672,0,0,2672,NA,1016041,70.74,68.43,67.6974,69.9747,68.4333,70.7353,2.2773,2.30205,TRUE,1016041,0.0000393685,-0.0046655,0.00328065,3.25446
2012,"New Jersey","NJ",3683638,3640292,6826144,12.1,21759,114886,14987,97636,NA,5902545,62.41,53.96,53.3287,61.6733,53.9637,62.4076,8.34459,8.44395,TRUE,5902545,-0.00000718334,-0.00237753,0.00367261,13.5303
2012,"New Mexico","NM",786522,783757,1576959,7.3,6553,21381,5078,22963,NA,1438878,54.66,49.88,49.7005,54.47,49.8759,54.6622,4.76948,4.78631,TRUE,1438878,-0.00000048649,0.00217428,-0.00413132,8.75616
2012,"New York","NY",7128852,7074723,15334363,12.5,49889,0,46222,96111,NA,13321457,53.51,46.49,46.1364,53.1077,46.4894,53.5141,6.97133,7.02467,TRUE,13321457,-0.00000281501,0.00405631,-0.00060882,13.1268
2012,"North Carolina","NC",4542488,4505372,7500448,6.1,35567,96070,4359,90843,NA,6952078,65.34,60.56,60.068,64.8061,60.5629,65.34,4.73808,4.77711,TRUE,6952078,-0.00000471801,0.00000337741,0.00288904,7.31116
2012,"North Dakota","ND",325564,322627,548770,1.7,1500,0,0,1500,NA,537941,60.52,59.33,58.7909,59.9744,59.3261,60.5204,1.18349,1.19426,TRUE,537941,-0.0000167305,0.000391641,-0.00387066,1.97332
2012,"Ohio","OH",5632423,5580822,8894484,2.2,50313,0,0,50313,NA,8648493,65.13,63.32,62.7448,64.5294,63.3249,65.1261,1.78466,1.80116,TRUE,8648492,-0.00000749263,-0.003937,0.00489889,2.76566
2012,"Oklahoma","OK",1343380,1334872,2886686,4.5,25225,25506,2310,41053,NA,2715732,49.47,46.54,46.2424,49.1533,46.5371,49.4666,2.91093,2.92949,TRUE,2715732,0.00000478692,-0.00341051,-0.00289829,5.92215
2012,"Oregon","OR",1820507,1789270,3046864,6.6,13607,0,0,13607,NA,2832164,64.28,59.75,58.725,63.1768,59.7502,64.2797,4.45181,4.52953,TRUE,2832164,-0.000000847409,-0.000283147,0.000189047,7.04659
2012,"Pennsylvania","PA",5783621,5742040,10037436,3.3,50054,0,0,50054,NA,9656146,59.9,57.62,57.2062,59.4651,57.6205,59.8957,2.25889,2.27525,TRUE,9656147,0.00000633793,-0.0042507,0.000501889,3.79868
2012,"Rhode Island","RI",451593,446049,838169,7.5,3249,0,0,3249,NA,772057,58.49,53.88,53.2171,57.7741,53.8785,58.4922,4.55703,4.61367,TRUE,772057,0.0000420953,0.00218387,-0.00148624,7.88767
2012,"South Carolina","SC",1981516,1964118,3656261,3.5,21895,34945,6116,46532,NA,3481760,56.91,54.2,53.7193,56.4116,54.1951,56.9113,2.69234,2.71619,TRUE,3481760,-0.00000387735,0.0013322,-0.00485365,4.77266
2012,"South Dakota","SD",368270,363815,630180,1.9,3574,0,2761,6335,NA,611872,60.19,58.44,57.7319,59.4593,58.4389,60.1874,1.72741,1.74857,TRUE,611872,-0.0000686418,-0.00257518,-0.00114126,2.9052
2012,"Tennessee","TN",2479733,2458577,4975501,3.3,28135,64430,13138,75421,NA,4735888,52.36,49.84,49.4137,51.9137,49.8389,52.3605,2.50009,2.52161,TRUE,4735888,0.00000986088,0.00046545,-0.00113955,4.81586
2012,"Texas","TX",7993851,7993851,19204782,13.5,157564,405473,112288,484753,NA,16127383,49.57,41.62,41.6243,49.5669,41.6243,49.5669,7.94267,7.94267,TRUE,16127383,0.00000266627,-0.00305538,0.00427358,16.0241
2012,"Utah","UT",1028786,1017440,1976573,7,6611,0,0,6611,NA,1831602,56.17,52.05,51.475,55.5492,52.049,56.1686,4.07423,4.11967,TRUE,1831602,-0.00000600567,-0.00135638,-0.00102432,7.33446
2012,"Vermont","VT",301793,299290,501853,1.8,0,0,0,0,NA,492820,61.24,60.14,59.637,60.7301,60.1357,61.238,1.0931,1.10224,TRUE,492820,-0.0000718315,-0.00202265,-0.00426304,1.79993
2012,"Virginia","VA",3888186,3854489,6345002,7.1,36425,52956,1983,66475,NA,5828032,66.72,61.28,60.7484,66.1371,61.2795,66.7152,5.38863,5.43574,TRUE,5828032,-0.0000024365,-0.00475204,-0.000492129,8.14767
2012,"Washington","WA",3172939,3125516,5329262,8.2,16355,88339,8895,72070,NA,4820193,65.83,59.54,58.6482,64.8421,59.5381,65.826,6.19394,6.28792,TRUE,4820193,-0.0000100411,-0.00402581,-0.00194389,9.55234
2012,"West Virginia","WV",685099,670438,1472182,0.8,7052,8573,2052,13648,NA,1446756,47.35,46.54,45.5404,46.3408,46.5363,47.3541,0.80035,0.817852,TRUE,1446757,0.0000376014,0.00414956,-0.00370218,1.7271
2012,"Wisconsin","WI",3084115,3068434,4411462,3.2,21987,46328,20023,66564,NA,4203731,73.37,69.91,69.5559,72.9931,69.9114,73.3661,3.43717,3.45473,TRUE,4203731,0.00000513829,-0.00386406,0.00140352,4.70889
2012,"Wyoming","WY",250701,249061,441429,2.5,2163,5162,762,5661,NA,424733,59.03,56.79,56.4215,58.6394,56.7931,59.0256,2.2179,2.2325,TRUE,424732,-0.000170695,-0.00444748,0.00305166,3.78226
2014,"Alabama","AL",1191274,1180413,3740624,2.6,31691,53640,8097,69826,NA,3573542,33.34,31.85,31.5566,33.032,31.8469,33.3359,1.47544,1.48901,FALSE,3573542,-0.00000626829,-0.00405488,-0.00306751,4.46669
2014,"Alaska","AK",285431,282382,550095,3.9,5216,7077,2210,11389,NA,517252,55.18,51.89,51.3333,54.5927,51.8876,55.1822,3.25942,3.29461,FALSE,517252,0.0000570322,0.00219359,-0.00241695,5.97042
2014,"Arizona","AZ",1537671,1506416,5138141,9.7,37516,73232,7502,86028,NA,4553713,33.77,29.93,29.3183,33.081,29.9266,33.7674,3.76274,3.84081,FALSE,4553713,0.00000709311,-0.00258866,-0.00339814,11.3743
2014,"Arkansas","AR",852642,848592,2264098,3.8,17756,28192,21743,55287,NA,2122776,40.17,37.66,37.4804,39.9756,37.6592,40.1664,2.49522,2.50713,FALSE,2122775,-0.0000341063,-0.00363294,-0.000764402,6.24187
2014,"California","CA",7513972,7317581,29575685,16.7,136088,0,87104,223192,NA,24413353,30.78,25.41,24.7419,29.9737,25.4059,30.7781,5.2318,5.37221,FALSE,24413354,0.00000247815,-0.00187624,-0.00408971,17.4546
2014,"Colorado","CO",2080071,2041020,4132930,7,19121,0,10067,29188,NA,3814437,54.53,50.33,49.3843,53.5078,50.3292,54.5315,4.12343,4.20232,FALSE,3814437,-0.00000262162,0.00153375,-0.000790456,7.70623
2014,"Connecticut","CT",1096556,1089880,2822985,8.2,16113,0,2564,18677,NA,2572824,42.62,38.84,38.6074,42.3612,38.8438,42.6207,3.75387,3.77687,FALSE,2572823,-0.0000299282,0.000715603,0.00384791,8.86158
2014,"Delaware","DE",238110,234038,731850,5.6,6625,15665,676,16073,NA,674793,35.29,32.54,31.979,34.6829,32.5354,35.2864,2.70397,2.75102,FALSE,674793,0.0000592774,-0.00362329,-0.00464439,7.79627
2014,"District of Columbia","DC",177176,175071,549851,9.2,0,0,0,0,NA,499265,35.49,32.22,31.8397,35.0657,32.2225,35.4874,3.22603,3.26482,FALSE,499265,-0.000058486,-0.00263357,0.00254756,9.19995
2014,"Florida","FL",6026802,5951561,15897657,10.5,95671,227087,4519,227359,NA,14001044,43.05,37.91,37.4367,42.508,37.91,43.0454,5.07126,5.13537,FALSE,14001044,0.000000107135,-0.00462424,0.00000145493,11.9301
2014,"Georgia","GA",2596947,2567761,7613021,7.1,50499,471067,25547,339844,NA,6732653,38.57,34.11,33.7285,38.1389,34.1119,38.5724,4.41038,4.46051,FALSE,6732653,-0.00000729282,0.00241714,0.00191168,11.564
2014,"Hawaii","HI",369554,366125,1109048,8.9,5721,0,0,5721,NA,1004622,36.79,33.32,33.0125,36.4441,33.3217,36.7854,3.43151,3.46365,FALSE,1004622,-0.0000270749,-0.00462202,0.00173179,9.41582
2014,"Idaho","ID",445307,439830,1205909,4.6,7901,33450,4217,30850,NA,1119588,39.77,36.93,36.4729,39.285,36.9271,39.7742,2.81209,2.8471,FALSE,1119587,-0.0000727053,0.00418479,-0.00291844,7.15817
2014,"Illinois","IL",3680417,3627690,9893765,8.7,46465,0,0,46465,NA,8986543,40.95,37.2,36.6664,40.368,37.1994,40.9548,3.7016,3.7554,FALSE,8986542,-0.0000061759,0.00475869,-0.000642627,9.16963
2014,"Indiana","IN",1387622,1341814,5017809,3.7,28638,0,0,28638,NA,4803512,28.89,27.65,26.741,27.934,27.6539,28.8877,1.19299,1.23371,FALSE,4803512,0.00000139481,-0.00234447,0.00394219,4.27073
2014,"Iowa","IA",1142284,1129700,2384136,3.5,8686,29929,5769,31215,NA,2269477,50.33,47.91,47.384,49.778,47.9119,50.3325,2.39395,2.42061,FALSE,2269476,-0.0000334879,0.00247748,0.00186409,4.80925
2014,"Kansas","KS",887023,869502,2181529,5.3,9326,16328,4051,22521,NA,2043387,43.41,40.66,39.8575,42.552,40.6606,43.4094,2.69454,2.74884,FALSE,2043387,-0.00000181072,-0.000552842,0.000610058,6.33235
2014,"Kentucky","KY",1459409,1435868,3404267,2.5,21402,54107,16729,68431,NA,3250729,44.89,42.87,42.1785,44.1706,42.87,44.8948,1.99217,2.02483,FALSE,3250729,0.00000999776,0.00482205,-0.00000772266,4.51016
2014,"Louisiana","LA",1503975,1472039,3536724,2.8,37881,40979,29619,90448,NA,3347248,44.93,42.52,41.6215,43.9776,42.5245,44.9317,2.35605,2.40716,FALSE,3347248,-0.00000812608,0.00168717,0.00452269,5.35739
2014,"Maine","ME",616996,611255,1071220,1.7,0,0,0,0,NA,1053009,58.59,57.6,57.0616,58.0484,57.5975,58.5936,0.986837,0.996106,FALSE,1053009,0.0000246911,0.00361126,-0.00249435,1.70002
2014,"Maryland","MD",1745104,1733177,4620229,8.7,20388,79539,11537,76467,NA,4141802,42.13,37.77,37.5128,41.846,37.7709,42.1339,4.33317,4.36299,FALSE,4141802,0.00000185909,0.00393108,0.000941657,10.355
2014,"Massachusetts","MA",2186789,2158326,5382729,8.7,10014,0,0,10014,NA,4904417,44.59,40.63,40.0972,44.0078,40.626,44.5882,3.91056,3.96213,FALSE,4904418,0.0000117649,-0.0018461,-0.00397183,8.88605
2014,"Michigan","MI",3188956,3156531,7707406,3.6,42900,0,0,42900,NA,7387039,43.17,41.38,40.9545,42.7307,41.3752,43.1696,1.77615,1.79439,FALSE,7387039,0.00000519829,-0.00038901,-0.00478245,4.15661
2014,"Minnesota","MN",1992613,1981511,4177839,4.5,10003,97661,6642,71335,NA,3918501,50.85,47.69,47.4291,50.5681,47.6948,50.8514,3.139,3.15658,FALSE,3918501,0.00000625239,0.00140976,0.004825,6.20747
2014,"Mississippi","MS",631858,631858,2260078,1.7,18756,34398,9883,47902,NA,2173754,29.07,27.96,27.9574,29.0676,27.9574,29.0676,1.11024,1.11024,FALSE,2173755,0.0000310063,-0.00240541,-0.00264632,3.81951
2014,"Missouri","MO",1509025,1426303,4669356,2.5,31432,47303,18495,76417,NA,4476205,33.71,32.32,30.546,31.8641,32.3176,33.7122,1.31808,1.39453,FALSE,4476205,0.00000223404,0.00215125,-0.00237419,4.13657
2014,"Montana","MT",373831,369826,798918,1.1,3681,0,0,3681,NA,786449,47.53,46.79,46.2909,47.0248,46.7922,47.534,0.733933,0.741881,FALSE,786449,-0.0000124611,0.00404226,0.0021614,1.56074
2014,"Nebraska","NE",552115,539891,1414871,5.1,5221,12940,1067,13534,NA,1329179,41.54,39.02,38.1583,40.6184,39.0223,41.538,2.46006,2.51576,FALSE,1329179,-0.0000316737,-0.00195283,0.00228542,6.05652
2014,"Nevada","NV",552546,547349,2171523,12.5,12537,12027,5927,25199,NA,1874884,29.47,25.45,25.2058,29.1938,25.4451,29.4709,3.98799,4.02585,FALSE,1874884,-0.0000200012,0.000943269,-0.00490916,13.6604
2014,"New Hampshire","NH",495565,488159,1067564,3.1,2867,0,0,2867,NA,1031603,48.04,46.42,45.7264,47.3204,46.4202,48.0383,1.59399,1.61818,FALSE,1031603,-0.0000469173,-0.00165579,0.000167784,3.36851
2014,"New Jersey","NJ",1955042,1869535,6872067,11.9,20255,115898,14889,100047,NA,5954244,32.83,28.45,27.2048,31.3984,28.4491,32.8344,4.19352,4.38532,FALSE,5954244,0.000000453458,0.00442869,-0.000888546,13.3559
2014,"New Mexico","NM",519436,512805,1587274,7.4,6879,16060,2255,18128,NA,1451687,35.78,32.73,32.3073,35.3248,32.725,35.7815,3.01749,3.05651,FALSE,1451688,0.000049873,0.00154244,-0.00496324,8.54213
2014,"New York","NY",3930310,3819010,15453917,12.1,48376,0,44889,93265,NA,13490728,29.13,25.43,24.7122,28.3084,25.4325,29.1334,3.59616,3.70096,FALSE,13490728,0.000000318737,0.00341667,0.00245185,12.7035
2014,"North Carolina","NC",2939767,2915281,7681181,5.9,35726,90918,10025,96665,NA,7131326,41.22,38.27,37.9536,40.8799,38.2723,41.2233,2.92638,2.95096,FALSE,7131326,0.00000450127,0.00328723,0.00233078,7.15847
2014,"North Dakota","ND",255128,248670,572498,2.2,1700,0,0,1700,NA,558203,45.71,44.56,43.436,44.5483,44.564,45.7052,1.11235,1.14124,FALSE,558203,0.00000788244,-0.00476373,0.00399848,2.49695
2014,"Ohio","OH",3149876,3055913,8968923,2.4,51024,0,0,51024,NA,8702645,36.19,35.12,34.0722,35.1148,35.1199,36.1945,1.04252,1.07458,FALSE,8702645,-0.0000017466,0.00446731,-0.000108793,2.9689
2014,"Oklahoma","OK",825607,824831,2931636,4.6,27650,28568,2560,46208,NA,2750573,30.02,28.16,28.1355,29.9876,28.162,30.0158,1.85209,1.85383,FALSE,2750573,-0.00000930715,-0.00418148,0.00198873,6.17618
2014,"Oregon","OR",1541782,1469717,3119674,6.7,15075,0,0,15075,NA,2895581,53.25,49.42,47.1112,50.7572,49.4213,53.246,3.646,3.82478,FALSE,2895581,-0.00000545659,-0.00396751,0.00125363,7.18322
2014,"Pennsylvania","PA",3535576,3495866,10088426,3.5,49643,0,0,49643,NA,9685688,36.5,35.05,34.6522,36.0931,35.0459,36.5031,1.44087,1.45723,FALSE,9685688,0.000000929206,0.00309611,-0.00413655,3.99208
2014,"Rhode Island","RI",329212,324055,844183,7.3,3294,0,0,3294,NA,779264,42.25,39,38.3868,41.5848,38.9977,42.2465,3.19793,3.24882,FALSE,779264,-0.0000460691,-0.00346994,-0.00229453,7.69016
2014,"South Carolina","SC",1261611,1246301,3760446,3.4,20917,35096,5225,45796,NA,3586795,35.17,33.55,33.1424,34.7469,33.5495,35.1738,1.60455,1.62426,FALSE,3586795,-0.00000457233,0.00376934,-0.0004955,4.61783
2014,"South Dakota","SD",282291,279412,640486,2.2,3528,0,2611,6139,NA,620256,45.51,44.07,43.625,45.0479,44.0745,45.512,1.42285,1.43751,FALSE,620256,0.0000496569,0.00201439,0.00449968,3.15854
2014,"Tennessee","TN",1430117,1374065,5061487,3.5,28495,62950,13498,77245,NA,4807090,29.75,28.25,27.1475,28.5841,28.2549,29.7502,1.43668,1.49528,FALSE,4807090,-0.000000936117,0.0001607,0.00487846,5.02613
2014,"Texas","TX",4727208,4727208,19958796,13.3,157361,388101,111412,486110,NA,16818166,28.11,23.68,23.6848,28.1077,23.6848,28.1077,4.42291,4.42291,FALSE,16818166,0.000000784866,-0.00225032,0.0048355,15.7356
2014,"Utah","UT",577973,565970,2045779,6.8,6824,0,0,6824,NA,1899842,30.42,28.25,27.6653,29.7904,28.252,30.4222,2.12512,2.17019,FALSE,1899842,0.00000147381,0.00216142,0.00197639,7.13357
2014,"Vermont","VT",202445,193087,504200,2.2,0,0,0,0,NA,493107,41.05,40.15,38.2957,39.1572,40.1517,41.055,0.861505,0.903259,FALSE,493108,0.000121677,0.00498401,0.00172551,2.20012
2014,"Virginia","VA",2194346,2184473,6462450,6.9,36943,54966,1732,69456,NA,5947085,36.9,33.96,33.8026,36.7318,33.9553,36.8978,2.92928,2.94252,FALSE,5947085,-0.000000840748,-0.00215845,-0.00467346,7.97476
2014,"Washington","WA",2124330,2029189,5485062,8.4,17345,94112,9880,79928,NA,4944389,42.96,38.73,36.9948,41.0402,38.7294,42.9645,4.04541,4.23509,FALSE,4944389,-0.00000420679,0.00445931,-0.000629211,9.85719
2014,"West Virginia","WV",462864,451498,1467174,0.9,6873,7174,2749,13639,NA,1440331,32.14,31.55,30.7733,31.3468,31.548,32.1359,0.573513,0.58795,FALSE,1440330,-0.0000392965,-0.00405347,-0.00200365,1.82957
2014,"Wisconsin","WI",2422248,2410314,4454913,3.1,22097,46212,20010,67986,NA,4248825,57.01,54.37,54.1046,56.729,54.3725,57.0098,2.62433,2.63732,FALSE,4248825,-0.00000713138,-0.00016787,0.00250963,4.62608
2014,"Wyoming","WY",171153,168390,444797,2.7,2330,5196,715,5955,NA,426832,40.1,38.48,37.8577,39.4511,38.4789,40.0984,1.5934,1.61954,FALSE,426832,0.000112691,-0.00155377,-0.00109839,4.03892
2016,"Alabama","AL",2134061,2123372,3770952,2.5,28680,52177,8562,66983,NA,3609696,59.12,56.59,56.3086,58.8241,56.5921,59.1202,2.51548,2.52814,TRUE,3609695,-0.0000221625,0.000241705,0.00210194,4.27627
2016,"Alaska","AK",321271,318608,554526,4.1,4317,6621,1812,9903,NA,521888,61.56,57.94,57.4559,61.0491,57.9361,61.5594,3.5932,3.62323,TRUE,521887,-0.000108452,-0.000623275,-0.00385273,5.88575
2016,"Arizona","AZ",2661497,2604657,5347427,9.4,37582,77373,7500,89185,NA,4755584,55.97,49.77,48.7086,54.7705,49.7715,55.9657,6.06189,6.19418,TRUE,4755584,-0.00000290185,-0.00427634,0.00154433,11.0678
2016,"Arkansas","AR",1137772,1130635,2287921,3.8,17242,30881,23792,58636,NA,2142344,53.11,49.73,49.4176,52.7756,49.7295,53.1087,3.35803,3.37923,TRUE,2142344,0.0000000933557,-0.00125556,-0.000485738,6.36285
2016,"California","CA",14610509,14181595,30130155,16.4,130390,0,0,130390,NA,25058420,58.31,48.49,47.0678,56.5941,48.4913,58.3058,9.52635,9.81447,TRUE,25058420,-0.00000167608,-0.00421296,0.00131709,16.8328
2016,"Colorado","CO",2859216,2780247,4301685,7,18576,0,10186,28762,NA,3971805,71.99,66.47,64.6316,69.9996,66.4673,71.9878,5.368,5.52047,TRUE,3971805,0.00000125887,-0.00217582,-0.00265058,7.66862
2016,"Connecticut","CT",1675955,1644920,2827488,7.8,14475,0,3379,17854,NA,2589090,64.73,59.27,58.176,63.5327,59.2736,64.7314,5.35673,5.45779,TRUE,2589090,-0.00000247191,0.00143073,0.00363794,8.43144
2016,"Delaware","DE",445228,443814,748217,5.7,6254,15395,387,15416,NA,690153,64.51,59.51,59.3162,64.3066,59.5052,64.5115,4.9904,5.0063,TRUE,690153,-0.0000534664,0.00149238,-0.00480298,7.76032
2016,"District of Columbia","DC",312575,311268,565352,8.4,0,0,0,0,NA,517863,60.36,55.29,55.0574,60.1062,55.2886,60.3586,5.04886,5.07006,TRUE,517862,-0.000109682,-0.00137233,-0.00143641,8.3999
2016,"Florida","FL",9580489,9420039,16533216,10.5,92847,214066,4566,219431,NA,14577798,65.72,57.95,56.9764,64.6191,57.9469,65.7197,7.64263,7.77281,TRUE,14577797,-0.00000466463,-0.000273331,-0.00308272,11.8272
2016,"Georgia","GA",4165405,4114732,7831741,7.2,51092,410964,22386,307727,NA,6960129,59.85,53.19,52.5392,59.1186,53.1862,59.8467,6.57944,6.66047,TRUE,6960129,-0.00000505738,-0.00333624,-0.00380551,11.1292
2016,"Hawaii","HI",437664,428937,1120762,9.1,5474,0,0,5474,NA,1013299,43.19,39.05,38.2719,42.3307,39.0506,43.192,4.05884,4.14142,TRUE,1013299,-0.0000337511,0.00198973,0.00057452,9.58839
2016,"Idaho","ID",710545,690255,1256143,4.4,7949,32409,5054,31476,NA,1169396,60.76,56.57,54.9504,59.0266,56.5656,60.7617,4.07627,4.1961,TRUE,1169397,0.0000605441,0.00170946,-0.00438605,6.90582
2016,"Illinois","IL",5666118,5589631,9887574,8.5,42017,0,0,42017,NA,9005114,62.92,57.31,56.5319,62.0717,57.3054,62.9211,5.53987,5.61567,TRUE,9005113,-0.00000877279,0.00111349,-0.00455784,8.92494
2016,"Indiana","IN",2807676,2734958,5072700,3.7,24948,0,0,24948,NA,4860062,57.77,55.35,53.9152,56.2741,55.3487,57.7704,2.35891,2.42162,TRUE,4860062,0.00000205759,0.000374123,-0.00125081,4.19181
2016,"Iowa","IA",1581371,1566031,2404019,3.6,8888,29254,6051,31614,NA,2285860,69.18,65.78,65.1422,68.5095,65.7803,69.1806,3.36728,3.40027,TRUE,2285860,0.0000138241,0.000570989,0.000303733,4.91506
2016,"Kansas","KS",1225667,1184402,2196904,5.2,9613,16654,4830,23936,NA,2058729,59.54,55.79,53.9123,57.5307,55.7906,59.5351,3.61841,3.74448,TRUE,2058729,-0.000000388589,-0.00486934,0.000649022,6.28953
2016,"Kentucky","KY",1955195,1924149,3430752,2.4,22868,48457,15383,65871,NA,3282543,59.56,56.99,56.0853,58.6176,56.9903,59.5634,2.53229,2.57315,TRUE,3282543,-0.00000146228,0.00342385,0.000275018,4.32001
2016,"Louisiana","LA",2049531,2029032,3563801,2.7,35543,40174,30907,89349,NA,3378229,60.67,57.51,56.9345,60.062,57.5097,60.6688,3.12751,3.15911,TRUE,3378229,0.0000110413,-0.00119987,-0.000307399,5.20714
2016,"Maine","ME",771892,747927,1079197,1.8,0,0,0,0,NA,1059772,72.84,71.52,69.304,70.5743,71.5247,72.8357,1.2703,1.31101,TRUE,1059771,-0.0000515205,-0.00433346,0.00466139,1.79995
2016,"Maryland","MD",2807322,2781446,4663738,8.8,19382,72529,10305,71029,NA,4182300,67.12,60.19,59.6398,66.5052,60.1947,67.1239,6.86533,6.9292,TRUE,4182300,0.00000133898,0.00387921,0.00467646,10.323
2016,"Massachusetts","MA",3378801,3325046,5453921,8.9,8780,0,0,8780,NA,4959742,68.12,61.95,60.9662,67.0407,61.9518,68.1245,6.07455,6.17275,TRUE,4959742,0.000000625033,0.00453148,0.00177745,9.06099
2016,"Michigan","MI",4874619,4799284,7765389,3.7,40502,0,0,40502,NA,7437567,65.54,62.77,61.8035,64.5276,62.7737,65.5405,2.72408,2.76684,TRUE,7437568,0.00000816127,0.000505383,0.00366144,4.22158
2016,"Minnesota","MN",2968281,2944813,4242668,4.6,10158,96852,7075,72439,NA,3975066,74.67,69.96,69.4095,74.0821,69.9626,74.6725,4.67265,4.70989,TRUE,3975066,0.00000684265,0.002496,0.00260372,6.3074
2016,"Mississippi","MS",1209357,1209357,2268353,1.4,19150,29067,8645,44363,NA,2192233,55.17,53.31,53.3143,55.1655,53.3143,55.1655,1.85121,1.85121,TRUE,2192233,0.0000026457,-0.00446787,0.00432101,3.35574
2016,"Missouri","MO",2811549,2808605,4709176,2.5,31956,43799,17792,74713,NA,4516733,62.25,59.7,59.6411,62.1822,59.7036,62.2474,2.54111,2.54377,TRUE,4516734,0.0000132839,-0.00259684,0.00362968,4.08655
2016,"Montana","MT",516901,497147,816023,1.2,3795,0,0,3795,NA,802436,64.42,63.34,60.9232,61.9547,63.3439,64.4165,1.03156,1.07255,TRUE,802436,-0.0000343953,-0.00352317,0.00392536,1.66503
2016,"Nebraska","NE",860573,844227,1435123,5.5,5079,13489,1088,13856,NA,1342336,64.11,59.97,58.8261,62.8924,59.9651,64.1101,4.06627,4.145,TRUE,1342335,-0.0000569902,0.000103581,-0.00489596,6.46544
2016,"Nevada","NV",1125429,1125385,2260341,12.6,13742,13724,5261,26826,NA,1948712,57.75,49.79,49.7883,57.7502,49.7902,57.7525,7.96191,7.96222,TRUE,1948712,0.00000174474,0.00245393,0.000230766,13.7868
2016,"New Hampshire","NH",755850,744296,1082981,2.9,2818,0,0,2818,NA,1048757,72.07,69.79,68.7266,70.9693,69.7935,72.071,2.24275,2.27756,TRUE,1048757,-0.0000428126,0.00103266,0.00346821,3.16017
2016,"New Jersey","NJ",3957303,3874046,6903418,12,18504,140589,15128,113768,NA,5961240,66.38,57.32,56.1178,64.9873,57.3238,66.3839,8.86946,9.06007,TRUE,5961240,-0.00000268401,0.00388993,0.00382133,13.648
2016,"New Mexico","NM",804043,798319,1600627,6.9,6914,12714,2780,16941,NA,1473243,54.58,50.23,49.8754,54.1879,50.233,54.5764,4.31248,4.3434,TRUE,1473243,-0.0000178518,-0.0035995,0.00300244,7.95838
2016,"New York","NY",7786881,7721453,15473628,12,46416,0,44426,90842,NA,13525950,57.57,50.32,49.9007,57.0862,50.3236,57.5699,7.18549,7.24637,TRUE,13525951,0.00000473165,-0.0000622137,0.00356342,12.5871
2016,"North Carolina","NC",4769640,4741564,7898733,5.5,34357,82466,12726,94089,NA,7370213,64.72,60.38,60.0294,64.3342,60.3849,64.7151,4.30473,4.33022,TRUE,7370214,0.00000929417,-0.00490968,0.00487438,6.6912
2016,"North Dakota","ND",349945,344360,579842,2.2,1791,0,0,1791,NA,565295,61.9,60.35,59.3886,60.9169,60.3518,61.9048,1.52827,1.55306,TRUE,565294,-0.000092695,0.00484614,0.00178549,2.50879
2016,"Ohio","OH",5607641,5496487,9028098,2.4,51666,0,0,51666,NA,8759758,64.02,62.11,60.882,62.747,62.1132,64.0159,1.86501,1.90273,TRUE,8759758,-0.00000401838,-0.00406486,0.0032048,2.97228
2016,"Oklahoma","OK",1465505,1452992,2972077,4.7,26691,33562,1895,47716,NA,2784673,52.63,49.31,48.8881,52.1782,49.3091,52.6275,3.29009,3.31842,TRUE,2784673,0.000013682,-0.0024563,-0.000880485,6.30549
2016,"Oregon","OR",2056310,2001336,3233909,6.3,15166,0,0,15166,NA,3015007,68.2,63.59,61.886,66.3791,63.5859,68.2025,4.49318,4.6166,TRUE,3015007,-0.0000088557,0.00249505,-0.00410442,6.76896
2016,"Pennsylvania","PA",6223150,6165478,10114662,3.7,48098,0,0,48098,NA,9692322,64.21,61.53,60.9558,63.612,61.526,64.207,2.65613,2.68098,TRUE,9692322,-0.00000509682,-0.00299161,-0.00396977,4.17552
2016,"Rhode Island","RI",469589,464144,848850,7.1,3038,0,0,3038,NA,785544,59.78,55.32,54.6792,59.0857,55.3206,59.7788,4.40652,4.45822,TRUE,785544,-0.0000445551,-0.00117157,0.000610237,7.45785
2016,"South Carolina","SC",2123584,2103027,3881185,3.4,20350,32634,4347,43298,NA,3705927,57.3,54.71,54.1852,56.7477,54.7148,57.3024,2.56249,2.58753,TRUE,3705927,-0.0000078253,0.00236996,0.0048358,4.51558
2016,"South Dakota","SD",378995,370093,651179,2.5,3744,0,2687,6431,NA,628468,60.3,58.2,56.8343,58.8881,58.2014,60.3046,2.05383,2.10323,TRUE,628469,0.0000835365,0.00458194,0.00135477,3.48767
2016,"Tennessee","TN",2545271,2508027,5162937,3.5,27906,62609,12092,75685,NA,4906550,51.87,49.3,48.5775,51.1159,49.2989,51.875,2.53837,2.57607,TRUE,4906549,-0.0000162028,0.00496306,-0.00110288,4.96591
2016,"Texas","TX",8975000,8969226,20718271,13.3,155327,374285,111287,479956,NA,17482785,51.34,43.32,43.2914,51.3032,43.3193,51.3362,8.0118,8.01696,TRUE,17482785,-0.000000245956,-0.00378555,-0.000748118,15.6166
2016,"Utah","UT",1152369,1131430,2139328,6.9,5846,0,0,5846,NA,1985869,58.03,53.87,52.8872,56.9741,53.8659,58.0285,4.08688,4.16252,TRUE,1985868,-0.0000318249,-0.00154999,-0.0040664,7.17323
2016,"Vermont","VT",320467,315067,505888,2.2,0,0,0,0,NA,494758,64.77,63.35,62.28,63.681,63.3474,64.7725,1.40104,1.42505,TRUE,494758,0.0000937832,0.00247462,-0.00257923,2.20009
2016,"Virginia","VA",3996302,3984631,6556247,6.9,36959,60821,1650,73277,NA,6030589,66.27,60.95,60.7761,66.0737,60.9541,66.2672,5.29757,5.31308,TRUE,6030589,-0.000000713032,-0.00280786,0.00410987,8.01767
2016,"Washington","WA",3363440,3317019,5693791,8.6,18335,89317,11322,80568,NA,5123557,65.65,59.07,58.2568,64.7406,59.0721,65.6466,6.48378,6.57451,TRUE,5123557,-0.00000050746,-0.00341892,0.0020664,10.015
2016,"West Virginia","WV",732362,714423,1454560,1.1,7137,6523,3550,14405,NA,1424155,51.42,50.35,49.1161,50.1647,50.3494,51.4243,1.0486,1.07493,TRUE,1424155,-0.0000112347,0.00431828,-0.000615994,2.09032
2016,"Wisconsin","WI",2993000,2976150,4493054,3.2,22889,44489,20401,68649,NA,4280628,69.92,66.61,66.2389,69.526,66.6139,69.9196,3.2871,3.30571,TRUE,4280627,-0.0000170069,-0.000352696,0.00393342,4.72788
2016,"Wyoming","WY",258788,255849,446228,2.4,2323,4666,842,5825,NA,429694,60.23,57.99,57.3359,59.5421,57.9946,60.2261,2.2062,2.23155,TRUE,429694,-0.000109846,-0.0038856,0.0045678,3.70528
2018,"Alabama","AL",1721906,1719589,3802178,2.3,25907,29068,10266,65241,NA,3649487,47.18,45.29,45.2264,47.1186,45.2874,47.1821,1.89223,1.89478,FALSE,3649487,-0.0000025757,0.0021382,-0.00264102,4.01588
2018,"Alaska","AK",285009,283134,552149,3.51,4295,1182,1348,6825,NA,525944,54.19,51.62,51.2785,53.8335,51.6181,54.19,2.55494,2.57186,FALSE,525944,-0.0000817387,-0.0000101912,-0.00186794,4.746
2018,"Arizona","AZ",2409910,2384308,5559776,7.87,38571,43801,7536,89908,NA,5032314,47.89,43.35,42.885,47.38,43.3455,47.8887,4.49499,4.54325,FALSE,5032314,-0.00000737633,-0.00129512,-0.00454867,9.48711
2018,"Arkansas","AR",898793,891509,2310569,3.64,17518,20930,24698,63146,NA,2163318,41.55,38.9,38.584,41.2103,38.8992,41.547,2.6263,2.64776,FALSE,2163318,0.0000133314,-0.00303372,-0.000793787,6.37293
2018,"California","CA",12712542,12464235,30532421,14.57,104730,0,0,104730,NA,25979117,48.93,41.64,40.823,47.9779,41.6362,48.9337,7.15495,7.29749,FALSE,25979117,0.00000100196,0.00369548,-0.00379303,14.913
2018,"Colorado","CO",2583580,2525062,4451426,5.83,18914,0,10759,29673,NA,4162235,62.07,58.04,56.7248,60.666,58.0394,62.0719,3.94122,4.03256,FALSE,4162235,-0.00000326267,0.00193972,-0.000621158,6.49659
2018,"Connecticut","CT",1421953,1406803,2836517,7.59,13314,0,4452,17766,NA,2603459,54.62,50.13,49.5961,54.0359,50.1302,54.6178,4.43978,4.48759,FALSE,2603459,0.0000138162,-0.00216273,0.000247765,8.21634
2018,"Delaware","DE",365467,362592,764575,5.13,5885,8080,350,14315,NA,711038,51.4,47.8,47.424,50.9947,47.8,51.3991,3.57075,3.59906,FALSE,711037,-0.000098096,-0.000918657,0.0000196187,7.00219
2018,"District of Columbia","DC",231482,224658,575793,7.65,0,0,0,0,NA,531745,43.53,40.2,39.0171,42.2492,40.2023,43.5325,3.23205,3.33023,FALSE,531745,-0.0000309359,0.00252029,0.00229492,7.64997
2018,"Florida","FL",8318824,8220561,17097477,9.36,91765,116869,4345,212979,NA,15284174,54.43,48.66,48.0806,53.7848,48.6553,54.4277,5.70424,5.77243,FALSE,15284174,0.000000999727,-0.00230244,-0.00472765,10.6057
2018,"Georgia","GA",3949905,3939328,8040683,5.94,50963,237559,20426,308948,NA,7254119,54.45,49.12,48.9925,54.3047,49.124,54.4505,5.31225,5.32651,FALSE,7254118,-0.00000786036,0.000512874,0.00399855,9.7823
2018,"Hawaii","HI",398657,390843,1117235,8.21,5007,0,0,5007,NA,1020503,39.06,35.68,34.9831,38.2991,35.6825,39.0648,3.31599,3.38229,FALSE,1020503,0.000000636941,0.00475532,0.00246609,8.65816
2018,"Idaho","ID",612536,605131,1316753,4,8378,19603,5267,33248,NA,1230835,49.77,46.52,45.9563,49.1643,46.5187,49.7659,3.20796,3.24722,FALSE,1230835,-0.00000974948,-0.00410936,-0.00132869,6.52499
2018,"Illinois","IL",4635541,4570842,9863329,7.94,38464,0,0,38464,NA,9041717,51.27,47,46.3418,50.5528,46.9977,51.2684,4.21103,4.27064,FALSE,9041717,-0.00000356791,-0.00162918,-0.00226729,8.32997
2018,"Indiana","IN",2308258,2282565,5137998,3.65,26330,0,0,26330,NA,4924131,46.88,44.93,44.4252,46.3547,44.9252,46.8765,1.92949,1.95121,FALSE,4924131,0.0000014825,-0.00354606,-0.00475869,4.16246
2018,"Iowa","IA",1334279,1327638,2422272,3.12,9219,16608,6652,32479,NA,2314218,57.66,55.08,54.8096,57.3688,55.0838,57.6557,2.55914,2.57194,FALSE,2314218,0.00000490879,-0.00428217,0.00378085,4.46085
2018,"Kansas","KS",1060000,1055566,2208263,4.67,9882,9379,5438,24699,NA,2080438,50.95,48,47.8007,50.7377,48.0015,50.9508,2.93694,2.94928,FALSE,2080438,0.00000566708,0.000809397,0.0015288,5.78849
2018,"Kentucky","KY",1612353,1569798,3457567,2.53,23280,26771,15881,65932,NA,3304159,48.8,46.63,45.4018,47.5098,46.6326,48.7977,2.10795,2.16509,FALSE,3304159,-0.0000134709,-0.00231805,0.00258875,4.43688
2018,"Louisiana","LA",1519405,1460585,3562345,2.88,32281,19964,29321,81566,NA,3378184,44.98,42.65,41.0007,43.2358,42.6518,44.977,2.23514,2.32516,FALSE,3378183,-0.0000158665,-0.0030242,0.00182064,5.16966
2018,"Maine","ME",646013,634409,1090959,1.92,0,0,0,0,NA,1070013,60.37,59.22,58.1515,59.2898,59.2151,60.3743,1.13834,1.15916,FALSE,1070013,-0.000038579,0.00431321,-0.00485076,1.91996
2018,"Maryland","MD",2335128,2304512,4701240,8.07,18181,0,0,18181,NA,4303669,54.26,49.67,49.0192,53.5476,49.6705,54.259,4.52838,4.58854,FALSE,4303669,-0.00000158005,-0.000994486,0.000469919,8.45673
2018,"Massachusetts","MA",2752665,2707090,5525134,8.92,7772,0,0,7772,NA,5024520,54.78,49.82,48.9959,53.8776,49.8208,54.7846,4.88167,4.96385,FALSE,5024520,0.000000939393,0.00463614,0.000782627,9.06067
2018,"Michigan","MI",4341340,4250585,7828901,3.27,38218,0,0,38218,NA,7534678,57.62,55.45,54.2935,56.4136,55.4527,57.6181,2.12012,2.16538,FALSE,7534678,-0.000000832152,-0.0018775,0.00273851,3.75816
2018,"Minnesota","MN",2611365,2596879,4314700,4.02,9717,57043,7381,74141,NA,4067108,64.21,60.52,60.1868,63.8508,60.5225,64.2069,3.66397,3.68441,FALSE,4067108,0.00000147525,-0.00307459,0.00251605,5.73834
2018,"Mississippi","MS",961025,936215,2275427,1.4,19258,15558,9866,44682,NA,2198889,43.71,42.23,41.1446,42.5767,42.2349,43.705,1.43214,1.4701,FALSE,2198889,0.00000100051,-0.00497442,0.00492997,3.36368
2018,"Missouri","MO",2442306,2442289,4752240,2.28,30151,25006,19251,74408,NA,4569481,53.45,51.39,51.3924,53.4478,51.3927,53.4482,2.05547,2.05548,FALSE,4569481,-0.00000157567,-0.00178564,0.00273269,3.84574
2018,"Montana","MT",509213,504384,834674,1.35,3754,0,0,3754,NA,819652,62.13,61.01,60.4289,61.5364,61.0074,62.1255,1.1075,1.1181,FALSE,819652,-0.0000120783,-0.0044882,-0.00258872,1.79974
2018,"Nebraska","NE",706652,698417,1452363,4.74,5266,8490,958,14714,NA,1368807,51.63,48.66,48.0883,51.0238,48.6553,51.6254,2.93545,2.97006,FALSE,1368807,-0.000000452949,-0.0046065,-0.00467072,5.75311
2018,"Nevada","NV",975980,972132,2355238,10.34,12420,7558.2,6492,26470,NA,2085237,46.8,41.44,41.2753,46.6197,41.4387,46.8043,5.34442,5.36557,FALSE,2085236,-0.0000292149,0.00427213,-0.00130039,11.4639
2018,"New Hampshire","NH",580568,573608,1098605,2.6,2635,0,0,2635,NA,1067406,54.39,52.85,52.2124,53.7385,52.8459,54.3906,1.52611,1.54462,FALSE,1067406,0.000025295,0.00055055,-0.00407266,2.83987
2018,"New Jersey","NJ",3248642,3169310,6937759,11.22,18099,74867.8,14967,107934,NA,6051408,53.68,46.83,45.682,52.3731,46.8255,53.6841,6.69106,6.85854,FALSE,6051408,0.00000727434,0.00406824,-0.00447608,12.7758
2018,"New Mexico","NM",701654,696459,1614275,5.97,6887,6891,2805,16583,NA,1501320,46.74,43.47,43.1438,46.3898,43.4656,46.7358,3.24601,3.27023,FALSE,1501320,-0.0000144873,-0.00419418,-0.00441948,6.99726
2018,"New York","NY",6230959,6104477,15448193,10.32,42472,0,45192,87664,NA,13766275,45.26,40.33,39.5158,44.3437,40.3345,45.2625,4.82791,4.92794,FALSE,13766275,0.00000350422,0.00249112,0.00454916,10.8875
2018,"North Carolina","NC",3755778,3693104,8115658,5.37,33700,45638.8,14215,93554,NA,7586293,49.51,46.28,45.5059,48.6813,46.2782,49.5074,3.17536,3.22925,FALSE,7586293,0.00000218025,-0.00257918,-0.00183007,6.52276
2018,"North Dakota","ND",330598,326138,580647,2.66,1679,0,0,1679,NA,563523,58.67,56.94,56.168,57.8748,56.9361,58.6663,1.7068,1.73014,FALSE,563523,-0.0000373011,-0.00371664,-0.00385808,2.94912
2018,"Ohio","OH",4496834,4429582,9092226,2.54,49932,0,0,49932,NA,8811352,51.03,49.46,48.7183,50.2713,49.458,51.0346,1.55296,1.57654,FALSE,8811351,-0.000006133,0.00455179,-0.00199049,3.08917
2018,"Oklahoma","OK",1190000,1186385,2992026,4.12,27572,23690,1780,53042,NA,2815712,42.26,39.77,39.6516,42.1345,39.7724,42.2628,2.4829,2.49046,FALSE,2815713,0.0000187803,0.00284506,0.00238166,5.8928
2018,"Oregon","OR",1914923,1866997,3325599,5.53,13795,0,0,13795,NA,3127898,61.22,57.58,56.1402,59.6886,57.5813,61.2208,3.54838,3.63947,FALSE,3127898,0.0000119985,0.000762314,0.00129588,5.94482
2018,"Pennsylvania","PA",5043029,5012555,10155993,3.61,44162,0,0,44162,NA,9745199,51.75,49.66,49.3556,51.4361,49.6557,51.7489,2.08051,2.09316,FALSE,9745200,0.00000669766,-0.00114397,-0.0043041,4.04484
2018,"Rhode Island","RI",381267,376738,853159,6.75,2767,0,0,2767,NA,792803,48.09,44.69,44.158,47.5197,44.6889,48.091,3.36174,3.40216,FALSE,792804,0.0000968084,0.00101378,-0.00114364,7.07441
2018,"South Carolina","SC",1726527,1707569,3997248,3.29,18613,18226,4980,41819,NA,3823919,45.15,43.19,42.7186,44.6549,43.1929,45.1507,1.93633,1.95783,FALSE,3823920,0.0000141426,0.000721027,0.00289171,4.33621
2018,"South Dakota","SD",341048,339214,664037,2.22,3867,0,3201,7068,NA,642227,53.1,51.36,51.0836,52.8184,51.3598,53.104,1.7348,1.74418,FALSE,642227,0.0000589511,0.0039648,-0.000211314,3.28446
2018,"Tennessee","TN",2267428,2243740,5281898,3.48,26120,34914,10842,71876,NA,5026212,45.11,42.93,42.4798,44.6408,42.9283,45.1121,2.16097,2.18378,FALSE,5026212,-0.00000100274,0.00206451,-0.00171929,4.8408
2018,"Texas","TX",8375000,8371655,21367177,12.21,154935,209855,109213,474003,NA,18284242,45.8,39.2,39.18,45.7862,39.1956,45.8045,6.6062,6.60884,FALSE,18284242,-0.00000170475,0.00446923,-0.00436831,14.4284
2018,"Utah","UT",1082972,1065630,2240839,5.9,6288,0,0,6288,NA,2102342,51.51,48.33,47.555,50.6878,48.3289,51.5126,3.1328,3.18378,FALSE,2102341,-0.0000238306,0.00264637,-0.00113746,6.18059
2018,"Vermont","VT",278230,274087,509304,1.97,0,0,0,0,NA,499271,55.73,54.63,53.816,54.8974,54.6295,55.7273,1.08145,1.0978,FALSE,499271,-0.0000578443,-0.00274967,-0.0005449,1.96994
2018,"Virginia","VA",3363505,3351373,6648405,6.01,35754,35973,1860,73587,NA,6175249,54.47,50.59,50.4087,54.2711,50.5912,54.4675,3.86238,3.87636,FALSE,6175249,-0.00000227521,-0.00247974,0.00115683,7.11683
2018,"Washington","WA",3133448,3086168,5894441,8.8,18787,43703,12222,74712,NA,5301018,59.11,53.16,52.3573,58.2184,53.1594,59.1103,5.86114,5.95093,FALSE,5301018,0.00000362195,0.000306737,-0.000624921,10.0675
2018,"West Virginia","WV",597149,586034,1437430,0.9,6757,3758,4287,14802,NA,1409691,42.36,41.54,40.7696,41.5718,41.5428,42.3603,0.802238,0.817453,FALSE,1409691,0.00000922188,0.000276117,0.00282295,1.92976
2018,"Wisconsin","WI",2675000,2673308,4540190,3.05,23595,24458,21015,69068,NA,4332646,61.74,58.92,58.881,61.7015,58.9182,61.7406,2.82054,2.82232,FALSE,4332646,0.00000473152,0.000562234,-0.0017609,4.57126
2018,"Wyoming","WY",205275,203420,443716,2.51,2488,3068,934,6490,NA,426089,48.18,46.26,45.8446,47.7412,46.2627,48.1766,1.89656,1.91386,FALSE,426089,-0.0000637426,-0.00344534,0.00269956,3.97259
2020,"Alabama","AL",2325000,NA,3939759,2.3,25328,24652,8245,66284,NA,3782861,61.46,59.01,NA,NA,59.0138,61.4614,NA,2.44766,TRUE,3782861,-0.0000120808,0.00141769,0.00376201,3.98243
2020,"Alaska","AK",361400,NA,556443,3.5,4578,1268,1003,7263,NA,529649,68.23,64.95,NA,NA,64.9483,68.2339,NA,3.28562,TRUE,529704,0.0104777,0.00386809,-0.00174834,4.81523
2020,"Arizona","AZ",3420585,NA,5672442,7.9,34997,37932,6887,92217,NA,5133804,66.63,60.3,NA,NA,60.3018,66.6287,NA,6.32686,TRUE,5132102,-0.0331512,-0.00133634,0.00180652,9.4957
2020,"Arkansas","AR",1223675,NA,2332442,3.6,15850,20733,25852,69213,NA,2178328,56.17,52.46,NA,NA,52.4633,56.175,NA,3.71171,TRUE,2179261,0.0428351,0.00496539,0.00325525,6.60741
2020,"California","CA",17785151,NA,30490123,14.6,97328,0,110349,207677,NA,25840035,68.83,58.33,NA,NA,58.3309,68.8279,NA,10.497,TRUE,25830888,-0.0353984,-0.00210948,0.000860128,15.2511
2020,"Colorado","CO",3295666,NA,4579181,5.8,14990,0,0,14990,NA,4297225,76.69,71.97,NA,NA,71.9706,76.6929,NA,4.72225,TRUE,4298599,0.0319625,0.00288902,0.000642785,6.15735
2020,"Connecticut","CT",1861086,NA,2887773,7.6,9297,0,4080,13377,NA,2655214,70.09,64.45,NA,NA,64.4471,70.0918,NA,5.64465,TRUE,2654925,-0.0108748,0.00175155,-0.00289838,8.05323
2020,"Delaware","DE",509241,NA,798104,5.1,4653,5278,373,12030,NA,745131,68.34,63.81,NA,NA,63.8063,68.3425,NA,4.53613,TRUE,745371,0.0321683,0.00247938,-0.00365396,6.63736
2020,"District of Columbia","DC",346491,NA,544795,7.7,0,0,0,0,NA,503118,68.87,63.6,NA,NA,63.6003,68.8687,NA,5.26848,TRUE,502846,-0.0541056,-0.00126543,0.000253306,7.65003
2020,"Florida","FL",11144855,NA,17593558,9.4,75977,93389,4280,204177,NA,15742624,70.79,63.35,NA,NA,63.3462,70.7941,NA,7.44791,TRUE,15735587,-0.0447032,0.00413826,-0.00377407,10.5205
2020,"Georgia","GA",5023159,NA,8282660,5.9,44796,177546,19447,299832,NA,7490838,67.06,60.65,NA,NA,60.6467,67.0574,NA,6.41068,TRUE,7494151,0.0442282,-0.00262938,-0.00331162,9.56
2020,"Hawaii","HI",579784,NA,1145618,8.2,4097,0,0,4097,NA,1047466,55.35,50.61,NA,NA,50.6088,55.3511,NA,4.74226,TRUE,1047580,0.0109143,0.00110447,-0.00115831,8.5676
2020,"Idaho","ID",878527,NA,1443536,4,7996,14257,5967,32881,NA,1352914,64.94,60.86,NA,NA,60.8594,64.9359,NA,4.07653,TRUE,1352914,-0.0000325224,-0.00409129,-0.000624134,6.27778
2020,"Illinois","IL",6050000,NA,9910732,7.9,28582,0,0,28582,NA,9095238,66.52,61.04,NA,NA,61.0449,66.5183,NA,5.47339,TRUE,9099202,0.0435851,-0.0016747,0.00493593,8.22839
2020,"Indiana","IN",3068542,NA,5240144,3.7,23458,0,0,23458,NA,5025421,61.06,58.56,NA,NA,58.5584,61.0604,NA,2.50204,TRUE,5022801,-0.0521415,0.000396731,-0.00164741,4.09765
2020,"Iowa","IA",1700130,NA,2469708,3.1,8128,12916,7261,32528,NA,2360125,72.04,68.84,NA,NA,68.8393,72.0356,NA,3.19628,TRUE,2360619,0.0209333,-0.00440866,-0.000687822,4.43708
2020,"Kansas","KS",1375125,NA,2242018,4.7,8477,8254,5428,24858,NA,2112458,65.1,61.33,NA,NA,61.3343,65.096,NA,3.76172,TRUE,2111785,-0.0318513,-0.00403123,0.00425334,5.77872
2020,"Kentucky","KY",2150954,NA,3499169,2.5,18433,28839,14429,71129,NA,3339511,64.41,61.47,NA,NA,61.4704,64.4093,NA,2.93883,TRUE,3340561,0.031435,-0.000749664,0.000423406,4.56274
2020,"Louisiana","LA",2169401,NA,3552258,2.9,26851,14507,21566,67667,NA,3382286,64.14,61.07,NA,NA,61.071,64.1401,NA,3.06904,TRUE,3381576,-0.021006,0.0000815898,0.0010427,4.7849
2020,"Maine","ME",828305,NA,1127932,1.9,0,0,0,0,NA,1106276,74.87,73.44,NA,NA,73.4357,74.8733,NA,1.43755,TRUE,1106501,0.0203649,0.00326852,-0.0042787,1.91997
2020,"Maryland","MD",3066945,NA,4820237,8.1,14918,0,0,14918,NA,4416326,69.45,63.63,NA,NA,63.6264,69.4456,NA,5.81918,TRUE,4414880,-0.0327466,-0.00437936,-0.0035642,8.37948
2020,"Massachusetts","MA",3658005,NA,5638722,8.9,5993,0,0,5993,NA,5129755,71.31,64.87,NA,NA,64.8729,71.3095,NA,6.4366,TRUE,5130883,0.0219843,-0.000454028,0.00294461,9.02628
2020,"Michigan","MI",5579317,NA,7907056,3.3,33246,0,0,33246,NA,7615249,73.27,70.56,NA,NA,70.5612,73.2651,NA,2.70382,TRUE,7612877,-0.031146,-0.0049367,0.00124302,3.69046
2020,"Minnesota","MN",3292997,NA,4408498,4,7681,44332,7359,73865,NA,4157411,79.21,74.7,NA,NA,74.6966,79.2079,NA,4.5113,TRUE,4158293,0.0212171,-0.00212279,-0.00342534,5.69552
2020,"Mississippi","MS",1325000,NA,2265253,1.4,17569,15092,10510,48106,NA,2185433,60.63,58.49,NA,NA,58.4924,60.6287,NA,2.13635,TRUE,2185433,0.0000209569,-0.00128249,0.00236266,3.52367
2020,"Missouri","MO",3026028,NA,4800088,2.3,22890,20149,20729,70356,NA,4620290,65.49,63.04,NA,NA,63.0411,65.4943,NA,2.45324,TRUE,4619330,-0.0207784,0.00433044,0.00109425,3.74572
2020,"Montana*","MT",612075,NA,873659,1.4,3910,0,0,3910,NA,857955,71.34,70.06,NA,NA,70.0588,71.3412,NA,1.28236,TRUE,857518,-0.0509614,0.00115426,-0.00120132,1.7975
2020,"Nebraska","NE",966920,NA,1484568,4.7,5071,5956,1156,14130,NA,1400069,69.06,65.13,NA,NA,65.1314,69.0623,NA,3.93091,TRUE,1400663,0.0424482,0.0023105,0.00140523,5.69182
2020,"Nevada","NV",1407754,NA,2455546,10.3,10455,0,0,10455,NA,2191188,64.25,57.33,NA,NA,57.3296,64.2462,NA,6.91658,TRUE,2192170,0.044805,-0.00384677,-0.000428491,10.7658
2020,"New Hampshire","NH",814499,NA,1132908,2.6,2158,0,0,2158,NA,1101294,73.96,71.89,NA,NA,71.8945,73.9584,NA,2.06382,TRUE,1101294,0.0000355945,-0.00163829,0.00454042,2.79052
2020,"New Jersey","NJ",4635585,NA,7261675,11.2,11896,0,0,11896,NA,6435019,72.04,63.84,NA,NA,63.8363,72.0369,NA,8.20055,TRUE,6436471,0.0225703,-0.00314976,-0.00369502,11.3838
2020,"New Mexico","NM",928230,NA,1649222,6,5377,6075,2725,16163,NA,1534600,60.49,56.28,NA,NA,56.2829,60.4868,NA,4.20387,TRUE,1534106,-0.0322117,-0.0032282,0.00290188,6.95006
2020,"New York","NY",8690139,NA,15787812,10.3,32574,0,43979,76553,NA,14081957,61.71,55.04,NA,NA,55.0433,61.7112,NA,6.66782,TRUE,14085114,0.0224213,0.00115989,0.00333976,10.8049
2020,"North Carolina","NC",5545848,NA,8284274,5.4,28406,0,0,28406,NA,7811002,71,66.94,NA,NA,66.9443,71.0005,NA,4.05618,TRUE,7808517,-0.0318115,0.000468314,0.00428504,5.7129
2020,"North Dakota","ND",364251,NA,594772,2.7,1384,0,0,1384,NA,577567,63.07,61.24,NA,NA,61.2421,63.0664,NA,1.82433,TRUE,577329,-0.0411803,-0.00355057,0.00212303,2.89271
2020,"Ohio","OH",5974121,NA,9184163,2.5,44608,0,0,44608,NA,8906277,67.08,65.05,NA,NA,65.0481,67.0776,NA,2.02957,TRUE,8909951,0.041251,-0.00235353,-0.00192757,3.02571
2020,"Oklahoma","OK",1565000,NA,3040979,4.1,22071,11974,2237,40197,NA,2875494,54.43,51.46,NA,NA,51.4637,54.4254,NA,2.96174,TRUE,2876102,0.0211394,-0.0045691,0.00368982,5.44183
2020,"Oregon","OR",2413890,NA,3405290,5.5,12753,0,0,12753,NA,3204224,75.33,70.89,NA,NA,70.8865,75.3346,NA,4.44815,TRUE,3205246,0.031897,0.0046208,-0.00352631,5.90452
2020,"Pennsylvania*","PA",6958551,NA,10363451,3.6,38938,0,0,38938,NA,9950392,69.93,67.15,NA,NA,67.1451,69.9324,NA,2.78732,TRUE,9951429,0.0104193,0.0024308,-0.00488589,3.98573
2020,"Rhode Island","RI",522488,NA,890532,6.8,2227,0,0,2227,NA,828194,63.09,58.67,NA,NA,58.6714,63.0876,NA,4.41619,TRUE,827749,-0.0537526,-0.00236594,0.00144583,7.00009
2020,"South Carolina","SC",2533010,NA,4087762,3.3,15787,13722,4638,38633,NA,3914642,64.71,61.97,NA,NA,61.9657,64.706,NA,2.74035,TRUE,3914233,-0.0104517,-0.00395536,-0.00430826,4.23508
2020,"South Dakota","SD",427529,NA,678680,2.2,3176,3926,3673,12059,NA,651554,65.62,62.99,NA,NA,62.9942,65.6168,NA,2.62262,TRUE,651690,0.0208793,-0.00318236,0.00419461,3.99688
2020,"Tennessee","TN",3065000,NA,5439926,3.5,22205,31486,12407,76392,NA,5174225,59.24,56.34,NA,NA,56.3427,59.2359,NA,2.89325,TRUE,5173137,-0.0210352,-0.00407578,0.00267819,4.88428
2020,"Texas","TX",11350000,NA,22157381,12.2,128653,173864,110437,469794,NA,18982171,59.79,51.22,NA,NA,51.2245,59.7929,NA,8.56848,TRUE,18984387,0.0116716,0.00294992,0.00446556,14.3303
2020,"Utah","UT",1515845,NA,2402151,5.9,5249,0,0,5249,NA,2255175,67.22,63.1,NA,NA,63.1037,67.2163,NA,4.11264,TRUE,2255175,0.00000403516,-0.00370858,0.00365169,6.11852
2020,"Vermont","VT",370968,NA,531104,2,0,0,0,0,NA,520641,71.25,69.85,NA,NA,69.8485,71.2522,NA,1.4037,TRUE,520482,-0.0305546,0.002168,-0.00153341,1.97005
2020,"Virginia","VA",4523142,NA,6785517,6,30620,33426,2017,76990,NA,6300717,71.79,66.66,NA,NA,66.6588,71.7877,NA,5.12897,TRUE,6301396,0.0107762,-0.00226537,-0.00123251,7.14463
2020,"Washington","WA",4116894,NA,6079926,8.8,15056,37534,14536,79397,NA,5465496,75.33,67.71,NA,NA,67.7129,75.3252,NA,7.61227,TRUE,5465496,-0.00000892874,-0.00483281,0.00289651,10.1059
2020,"West Virginia","WV",802726,NA,1430595,0.9,6031,3246,3682,14021,NA,1403699,57.19,56.11,NA,NA,56.1113,57.1865,NA,1.07514,TRUE,1403699,-0.0000252903,-0.00352341,0.00133829,1.88006
2020,"Wisconsin","WI",3310000,NA,4621234,3.1,19846,19960,23174,69506,NA,4410780,75.04,71.63,NA,NA,71.6259,75.0434,NA,3.41753,TRUE,4408470,-0.0523774,0.00341636,-0.0041096,4.55406
2020,"Wyoming","WY",278503,NA,448142,2.5,2034,2822,954,6733,NA,430161,64.74,62.15,NA,NA,62.1462,64.7439,NA,2.59775,TRUE,430205,0.0103333,0.00389821,-0.0038499,4.01234
2022,"Alabama","AL",1424087,NA,3956111,2.54,25403,27469,7815,60687,NA,3794939,37.53,36,NA,NA,35.9971,37.526,NA,1.52881,FALSE,3794939,-0.00000578138,-0.00404767,-0.00285533,4.074
2022,"Alaska","AK",267047,NA,556592,3.56,4778,1872,865,7515,NA,529263,50.46,47.98,NA,NA,47.979,50.4564,NA,2.47744,FALSE,529262,-0.000127574,-0.00361064,-0.00104953,4.91006
2022,"Arizona","AZ",2592313,NA,5796801,7.78,31441,47515,7022,85978,NA,5259832,49.29,44.72,NA,NA,44.7197,49.2851,NA,4.56537,FALSE,5259832,-0.00000223962,-0.00490877,-0.000283039,9.2632
2022,"Arkansas","AR",914227,NA,2347291,3.76,17331,28009,23829,69169,NA,2189865,41.75,38.95,NA,NA,38.9482,41.7481,NA,2.79992,FALSE,2189864,-0.0000521311,-0.00190137,-0.00182527,6.70671
2022,"California","CA",11146610,NA,30478289,14.58,97608,0,0,97608,NA,25936947,42.98,36.57,NA,NA,36.5723,42.9758,NA,6.4035,FALSE,25936946,-0.00000206732,-0.00420181,0.00229577,14.9003
2022,"Colorado","CO",2540666,NA,4630343,5.61,16366,0,0,16366,NA,4354215,58.35,54.87,NA,NA,54.8699,58.3496,NA,3.47965,FALSE,4354215,-0.00000556472,-0.000423785,-0.0000691979,5.96345
2022,"Connecticut","CT",1297811,NA,2884795,7.85,10204,0,0,10204,NA,2648135,49.01,44.99,NA,NA,44.988,49.0085,NA,4.02051,FALSE,2648135,-0.0000153882,-0.00150912,-0.00201992,8.2037
2022,"Delaware","DE",325632,NA,812117,4.99,4733,7027,344,12104,NA,759489,42.88,40.1,NA,NA,40.0967,42.8751,NA,2.77846,FALSE,759488,-0.0000840434,-0.00485632,-0.00331442,6.48035
2022,"District of Columbia","DC",205774,NA,547645,8.24,0,0,0,0,NA,502519,40.95,37.57,NA,NA,37.5743,40.9485,NA,3.37416,FALSE,502519,0.0000103479,-0.00149855,0.00434104,8.24001
2022,"Florida","FL",7796916,NA,18012539,10.07,82313,119938,3970,206221,NA,15992455,48.75,43.29,NA,NA,43.286,48.7537,NA,5.46767,FALSE,15992455,0.00000201783,0.00371542,-0.00395354,11.2149
2022,"Georgia","GA",3964926,NA,8412085,6.21,48349,233623,17062,299034,NA,7590660,52.23,47.13,NA,NA,47.1337,52.2343,NA,5.10058,FALSE,7590661,0.00000687029,0.00427212,0.00368921,9.76482
2022,"Hawaii","HI",423443,NA,1142024,7.53,3993,9802,0,13795,NA,1042235,40.63,37.08,NA,NA,37.0783,40.6284,NA,3.55007,FALSE,1042235,-0.0000390699,-0.00163883,-0.00170742,8.73791
2022,"Idaho","ID",595350,NA,1479695,3.81,8018,17180,6922,32120,NA,1391199,42.79,40.23,NA,NA,40.2346,42.794,NA,2.55938,FALSE,1391199,-0.0000272786,0.00402156,0.00464295,5.98069
2022,"Illinois","IL",4144125,NA,9835042,8,29147,0,0,29147,NA,9019092,45.95,42.14,NA,NA,42.1363,45.9484,NA,3.81204,FALSE,9019092,-0.00000399153,-0.00163846,-0.00367765,8.29636
2022,"Indiana","IN",1880755,NA,5251799,3.97,25066,0,0,25066,NA,5018237,37.48,35.81,NA,NA,35.8116,37.4784,NA,1.66677,FALSE,5018237,-0.00000837545,-0.00159872,0.00163331,4.44728
2022,"Iowa","IA",1230417,NA,2469712,3.74,8123,17089,6411,31623,NA,2345722,52.45,49.82,NA,NA,49.8203,52.4537,NA,2.6334,FALSE,2345722,-0.00000975393,0.00365819,0.000262444,5.02042
2022,"Kansas","KS",1008998,NA,2240338,4.91,8534,9659,5058,23251,NA,2107086,47.89,45.04,NA,NA,45.0378,47.8859,NA,2.84819,FALSE,2107086,0.0000191829,-0.00405704,-0.0022423,5.94785
2022,"Kentucky","KY",1502550,NA,3497991,2.5,19443,33748,13271,66462,NA,3344079,44.93,42.95,NA,NA,42.9547,44.9317,NA,1.977,FALSE,3344079,0.00000672831,0.00165383,0.00465597,4.40001
2022,"Louisiana","LA",1410466,NA,3509403,2.69,27272,17414,19087,63773,NA,3351228,42.09,40.19,NA,NA,40.1911,42.088,NA,1.89698,FALSE,3351227,-0.0000280703,-0.0019654,0.00105244,4.50718
2022,"Maine","ME",680909,NA,1141080,1.77,0,0,0,0,NA,1120883,60.75,59.67,NA,NA,59.6723,60.7476,NA,1.07523,FALSE,1120883,-0.000010349,-0.00244651,0.00232797,1.76999
2022,"Maryland","MD",2031635,NA,4804542,8.45,14951,0,0,14951,NA,4383608,46.35,42.29,NA,NA,42.2857,46.3462,NA,4.06047,FALSE,4383607,-0.000018227,-0.00381667,-0.00428369,8.76117
2022,"Massachusetts","MA",2511461,NA,5641587,8.98,5647,0,0,5647,NA,5129325,48.96,44.52,NA,NA,44.5169,48.9628,NA,4.44587,FALSE,5129325,0.00000950222,0.00279725,-0.00307595,9.0801
2022,"Michigan","MI",4500400,NA,7908417,3.36,32054,0,0,32054,NA,7610641,59.13,56.91,NA,NA,56.9065,59.133,NA,2.22654,FALSE,7610640,-0.0000106588,0.0029955,-0.00354198,3.7653
2022,"Minnesota","MN",2526646,NA,4415525,4.02,8616,55900,6979,71495,NA,4166526,60.64,57.22,NA,NA,57.2219,60.6416,NA,3.41968,FALSE,4166526,-0.00000252009,0.00155126,0.00187056,5.63917
2022,"Mississippi","MS",709100,NA,2255523,1.6,19620,19747,10973,50340,NA,2169095,32.69,31.44,NA,NA,31.4384,32.6911,NA,1.25267,FALSE,2169095,-0.0000169656,0.00105318,-0.0016152,3.83184
2022,"Missouri","MO",2304250,NA,4804425,2.27,23885,24349,18238,66472,NA,4628893,49.78,47.96,NA,NA,47.961,49.7797,NA,1.81873,FALSE,4628893,-0.00000966754,-0.000279449,0.000994292,3.65355
2022,"Montana","MT",468326,NA,889939,1.32,4434,0,0,4434,NA,873758,53.6,52.62,NA,NA,52.6245,53.5991,NA,0.974546,FALSE,873758,-0.0000222945,-0.000948546,0.00450572,1.81821
2022,"Nebraska","NE",682716,NA,1489618,4.71,4835,7423,935,13193,NA,1406264,48.55,45.83,NA,NA,45.8316,48.5482,NA,2.71659,FALSE,1406264,-0.000000554661,-0.00178999,0.00161589,5.59566
2022,"Nevada","NV",1023617,NA,2491820,10.49,10241,0,0,10241,NA,2220187,46.1,41.08,NA,NA,41.0791,46.105,NA,5.0259,FALSE,2220187,0.00000369338,0.00499026,-0.000909215,10.901
2022,"New Hampshire","NH",626931,NA,1145802,2.63,1083,0,0,1083,NA,1114584,56.25,54.72,NA,NA,54.7155,56.248,NA,1.53251,FALSE,1114584,0.0000365518,-0.00201869,-0.0045256,2.72455
2022,"New Jersey","NJ",2645539,NA,7255588,11.26,12537,0,0,12537,NA,6426071,41.17,36.46,NA,NA,36.4621,41.1688,NA,4.70675,FALSE,6426072,0.0000123123,-0.00115826,0.00208963,11.4328
2022,"New Mexico","NM",714754,NA,1656613,6.28,3666,6513,2496,12675,NA,1539903,46.42,43.15,NA,NA,43.1455,46.4155,NA,3.27002,FALSE,1539903,-0.000019248,-0.00447902,-0.0044977,7.0451
2022,"New York","NY",5962278,NA,15633935,10.25,30192,0,0,30192,NA,14001265,42.58,38.14,NA,NA,38.1368,42.5839,NA,4.44708,FALSE,14001265,-0.0000024105,0.00385224,-0.00322893,10.4431
2022,"North Carolina","NC",3790202,NA,8411001,5.45,29607,0,0,29607,NA,7922995,47.84,45.06,NA,NA,45.0624,47.838,NA,2.77556,FALSE,7922994,-0.00000699862,-0.00200439,0.00243668,5.802
2022,"North Dakota","ND",242566,NA,596109,3.16,1390,0,0,1390,NA,575882,42.12,40.69,NA,NA,40.6916,42.1208,NA,1.42923,FALSE,575882,-0.00000770991,0.000781688,0.00155138,3.39317
2022,"Ohio","OH",4201368,NA,9180896,2.56,44788,0,0,44788,NA,8901077,47.2,45.76,NA,NA,45.7621,47.2007,NA,1.4386,FALSE,8901077,0.000000701039,0.000670211,0.00206941,3.04784
2022,"Oklahoma","OK",1153284,NA,3064908,4.39,22941,14495,1818,39254,NA,2891104,39.89,37.63,NA,NA,37.6287,39.8908,NA,2.26212,FALSE,2891105,0.0000186365,0.000782206,-0.00133382,5.67077
2022,"Oregon","OR",1997689,NA,3396232,6.05,12167,0,0,12167,NA,3178593,62.85,58.82,NA,NA,58.8207,62.8482,NA,4.02747,FALSE,3178593,-0.00000113258,-0.00178382,0.00074605,6.40825
2022,"Pennsylvania","PA",5410022,NA,10323843,3.67,37910,0,0,37910,NA,9907048,54.61,52.4,NA,NA,52.4032,54.6078,NA,2.20463,FALSE,9907048,-0.000000384575,-0.00218948,0.00317971,4.03721
2022,"Rhode Island","RI",361449,NA,889425,7.6,2075,0,0,2075,NA,819753,44.09,40.64,NA,NA,40.6385,44.0924,NA,3.45393,FALSE,819754,0.0000853916,0.00242784,-0.0014976,7.83338
2022,"South Carolina","SC",1718626,NA,4175307,3.04,16248,16985,4019,37252,NA,4011126,42.85,41.16,NA,NA,41.1617,42.8465,NA,1.6848,FALSE,4011126,-0.00000829692,-0.00352746,0.00166787,3.93219
2022,"South Dakota","SD",354670,NA,691460,1.85,2933,3744,3611,10288,NA,668380,53.06,51.29,NA,NA,51.2929,53.0641,NA,1.77121,FALSE,668380,-0.00000149615,0.0041252,0.00291644,3.33786
2022,"Tennessee","TN",1756397,NA,5508108,3.53,16590,38357,12816,67763,NA,5245909,33.48,31.89,NA,NA,31.8875,33.4813,NA,1.59379,FALSE,5245909,-0.00000404887,0.00127083,-0.00251704,4.76024
2022,"Texas","TX",8151590,NA,22656456,11.71,139380,236717,104277,480374,NA,19523011,41.75,35.98,NA,NA,35.9791,41.7538,NA,5.77465,FALSE,19523011,0.0000000122932,0.00375407,-0.000895413,13.8303
2022,"Utah","UT",1084634,NA,2454289,6.42,5991,0,0,5991,NA,2290732,47.35,44.19,NA,NA,44.1934,47.3488,NA,3.15539,FALSE,2290733,0.0000282093,-0.00120494,0.00340999,6.66413
2022,"Vermont","VT",291955,NA,531550,1.6,0,0,0,0,NA,523045,55.82,54.93,NA,NA,54.9252,55.8183,NA,0.893114,FALSE,523045,0.0000382376,-0.00166697,-0.0047813,1.60004
2022,"Virginia","VA",3021956,NA,6805250,5.96,26498,39416,1917,67831,NA,6331826,47.73,44.41,NA,NA,44.4062,47.7265,NA,3.32021,FALSE,6331826,0.00000157932,-0.00354637,-0.00375482,6.95675
2022,"Washington","WA",3067686,NA,6133923,8.99,13762,0,0,13762,NA,5568721,55.09,50.01,NA,NA,50.0118,55.0878,NA,5.07599,FALSE,5568721,0.00000578768,-0.00219797,0.00181136,9.21436
2022,"West Virginia","WV",494753,NA,1418697,0.9,5436,3965,3207,12608,NA,1393321,35.51,34.87,NA,NA,34.8738,35.5089,NA,0.635142,FALSE,1393321,-0.0000195935,-0.00109717,0.00376092,1.78868
2022,"Wisconsin","WI",2673154,NA,4640711,3,20839,25838,22965,69642,NA,4431848,60.32,57.6,NA,NA,57.6023,60.3169,NA,2.71466,FALSE,4431848,-0.0000074461,-0.0030848,0.00225103,4.50067
2022,"Wyoming","WY",198198,NA,451876,1.98,2154,3049,868,6071,NA,436858,45.37,43.86,NA,NA,43.8611,45.369,NA,1.50783,FALSE,436858,-0.0000331458,-0.00102427,0.00114775,3.32348
2024,"Alabama","AL",2270000,NA,4020661,3.08,19073,3420,6870,29363,NA,3867406,58.7,56.46,NA,NA,56.4584,58.6957,NA,2.2373,TRUE,3867462,0.00143872,-0.00432647,-0.00162164,3.81169
2024,"Alaska","AK",340981,NA,560512,3.41,1357,2310,1170,4837,NA,536581,63.55,60.83,NA,NA,60.8338,63.547,NA,2.71313,TRUE,536562,-0.00362652,-0.00302387,0.00384477,4.26949
2024,"Arizona","AZ",3428011,NA,5951329,8.18,31033,60350,6790,98173,NA,5366526,63.88,57.6,NA,NA,57.6008,63.8777,NA,6.27689,TRUE,5366337,-0.00351647,-0.00234432,0.000764468,9.82643
2024,"Arkansas","AR",1190172,NA,2391789,4.39,18001,44540,22580,85121,NA,2201764,54.06,49.76,NA,NA,49.7607,54.0554,NA,4.29464,TRUE,2201668,-0.00433912,-0.00461532,0.000743945,7.94489
2024,"California","CA",16140044,NA,30601993,14.98,95827,0,0,95827,NA,25922868,62.26,52.74,NA,NA,52.7418,62.2618,NA,9.51999,TRUE,25921987,-0.00339681,0.00179912,0.00180672,15.2903
2024,"Colorado","CO",3241120,NA,4728091,6.26,16412,0,0,16412,NA,4415631,73.4,68.55,NA,NA,68.5503,73.4011,NA,4.85077,TRUE,4415701,0.00157403,0.00106091,0.000288055,6.60859
2024,"Connecticut","CT",1788981,NA,2912979,8.12,6308,0,0,6308,NA,2670153,67,61.41,NA,NA,61.4141,66.9992,NA,5.58505,TRUE,2670137,-0.000595277,-0.000805572,0.00413996,8.336
2024,"Delaware","DE",518330,NA,835621,6.35,2800,3250,310,6360,NA,776224,66.78,62.03,NA,NA,62.0293,66.7758,NA,4.74651,TRUE,776199,-0.00321215,-0.0041724,-0.000682881,7.10813
2024,"District of Columbia","DC",328871,NA,561851,9.87,0,0,0,0,NA,506415,64.94,58.53,NA,NA,58.5335,64.941,NA,6.40752,TRUE,506396,-0.00369138,0.00100688,0.0034902,9.86667
2024,"Florida","FL",11004209,NA,18664571,11.36,81978,130420,3810,216208,NA,16327632,67.4,58.96,NA,NA,58.9577,67.3962,NA,8.43849,TRUE,16328068,0.00266869,-0.00376642,-0.0022613,12.5207
2024,"Georgia","GA",5297264,NA,8647469,7.14,47294,174620,14340,236254,NA,7793977,67.97,61.26,NA,NA,61.258,67.9661,NA,6.70815,TRUE,7793786,-0.00245429,-0.00387693,-0.0020296,9.86985
2024,"Hawaii","HI",522236,NA,1140526,8.37,2103,4020,0,6123,NA,1038968,50.26,45.79,NA,NA,45.789,50.2649,NA,4.47583,TRUE,1038941,-0.00260125,0.00487823,-0.000951789,8.90449
2024,"Idaho","ID",917469,NA,1532761,4.27,9505,21410,6770,37685,NA,1429619,64.18,59.86,NA,NA,59.8573,64.1758,NA,4.31849,TRUE,1429627,0.000566955,-0.00423009,-0.00272284,6.72916
2024,"Illinois","IL",5705246,NA,9862416,8.63,29078,0,0,29078,NA,8982526,63.51,57.85,NA,NA,57.8484,63.5149,NA,5.66658,TRUE,8982211,-0.00350125,0.00494001,-0.00163911,8.92165
2024,"Indiana","IN",2976581,NA,5321237,4.82,23592,0,0,23592,NA,5041013,59.05,55.94,NA,NA,55.9378,59.0473,NA,3.10951,TRUE,5041161,0.00294339,-0.00272121,-0.0022359,5.26614
2024,"Iowa","IA",1674011,NA,2491222,4.17,8550,12650,6860,28060,NA,2359332,70.95,67.2,NA,NA,67.1964,70.9528,NA,3.75637,TRUE,2359278,-0.00228698,0.00275273,-0.00362007,5.29419
2024,"Kansas","KS",1344147,NA,2257952,5.26,8662,2170,5550,16382,NA,2122704,63.32,59.53,NA,NA,59.5295,63.3224,NA,3.79292,TRUE,2122802,0.00460379,0.00239446,-0.000523731,5.98985
2024,"Kentucky","KY",2092872,NA,3531795,3.53,18992,48070,12730,79792,NA,3327188,62.9,59.26,NA,NA,59.258,62.9021,NA,3.6441,TRUE,3327331,0.004287,0.00212636,-0.00197398,5.79329
2024,"Louisiana","LA",2021164,NA,3500993,3.47,27864,27760,18400,74024,NA,3305398,61.15,57.73,NA,NA,57.7312,61.1474,NA,3.41621,TRUE,3305485,0.00261823,-0.00262834,0.0011637,5.58684
2024,"Maine","ME",842447,NA,1157850,2.4,0,0,0,0,NA,1130059,74.55,72.76,NA,NA,72.7596,74.5489,NA,1.78934,TRUE,1130062,0.000230076,-0.00106052,-0.00040247,2.40022
2024,"Maryland","MD",3062527,NA,4845926,8.65,15314,0,0,15314,NA,4411216,69.43,63.2,NA,NA,63.198,69.4259,NA,6.22794,TRUE,4411439,0.00506439,-0.0040866,-0.0020271,8.97063
2024,"Massachusetts","MA",3512930,NA,5695621,9.8,4851,0,0,4851,NA,5132767,68.44,61.68,NA,NA,61.6777,68.4413,NA,6.76352,TRUE,5132599,-0.00327032,0.00125206,-0.00226547,9.88222
2024,"Michigan","MI",5706503,NA,7959215,3.8,32602,0,0,32602,NA,7624237,74.85,71.7,NA,NA,71.6968,74.8469,NA,3.15007,TRUE,7624163,-0.000972819,-0.0031268,-0.00319322,4.20868
2024,"Minnesota","MN",3272414,NA,4479893,4.33,8383,0,0,8383,NA,4277436,76.5,73.05,NA,NA,73.0467,76.5041,NA,3.4574,TRUE,4277531,0.00221238,0.00410199,-0.0033,4.51924
2024,"Mississippi","MS",1250000,NA,2268545,1.88,19151,32520,9850,61521,NA,2164463,57.75,55.1,NA,NA,55.1014,57.751,NA,2.64965,TRUE,2164375,-0.00404932,0.00104495,0.00139759,4.58805
2024,"Missouri","MO",3000000,NA,4856207,2.79,23707,38180,16590,78477,NA,4642204,64.62,61.78,NA,NA,61.7766,64.6245,NA,2.84787,TRUE,4642242,0.0008148,0.00447579,-0.00339122,4.40679
2024,"Montana","MT",612423,NA,911605,1.16,4951,0,0,4951,NA,896053,68.35,67.18,NA,NA,67.1807,68.3467,NA,1.166,TRUE,896079,0.00294425,-0.00326158,0.000741659,1.706
2024,"Nebraska","NE",965236,NA,1512908,6.22,5641,5420,860,11921,NA,1406843,68.61,63.8,NA,NA,63.8,68.6101,NA,4.81003,TRUE,1406884,0.00292303,0.0000723393,0.0000460041,7.01067
2024,"Nevada","NV",1487887,NA,2541020,11.11,9657,0,0,9657,NA,2249102,66.15,58.55,NA,NA,58.5547,66.1547,NA,7.6,TRUE,2249056,-0.00205958,0.00471419,0.00471425,11.4882
2024,"New Hampshire","NH",831467,NA,1158408,2.49,2056,0,0,2056,NA,1127497,73.74,71.78,NA,NA,71.7767,73.7445,NA,1.9678,TRUE,1127508,0.000943754,0.00449777,-0.00330302,2.6684
2024,"New Jersey","NJ",4321921,NA,7330478,12.52,10759,0,0,10759,NA,6401643,67.51,58.96,NA,NA,58.9582,67.5127,NA,8.55444,TRUE,6401943,0.00468871,0.00268385,-0.00175744,12.6709
2024,"New Mexico","NM",928290,NA,1675845,6.91,5361,0,0,5361,NA,1554606,59.71,55.39,NA,NA,55.3924,59.7122,NA,4.31988,TRUE,1554683,0.00496013,0.00223577,0.0023543,7.2345
2024,"New York","NY",8381429,NA,15566053,10.8,31269,0,0,31269,NA,13853326,60.5,53.84,NA,NA,53.8443,60.5012,NA,6.65692,TRUE,13853650,0.00234078,0.00120383,0.00427896,11.003
2024,"North Carolina","NC",5723987,NA,8674601,6.27,28771,0,0,28771,NA,8102246,70.65,65.99,NA,NA,65.9856,70.6469,NA,4.66132,TRUE,8101933,-0.00386908,-0.00308308,-0.00440597,6.59806
2024,"North Dakota","ND",371975,NA,605359,3.52,1854,0,0,1854,NA,582216,63.89,61.45,NA,NA,61.447,63.8895,NA,2.44251,TRUE,582196,-0.00337277,-0.000481333,-0.00299087,3.82302
2024,"Ohio","OH",5851387,NA,9261250,2.89,46076,0,0,46076,NA,8947502,65.4,63.18,NA,NA,63.1814,65.3969,NA,2.21548,TRUE,8947524,0.000244482,-0.00312163,0.0013956,3.38775
2024,"Oklahoma","OK",1575000,NA,3131836,4.49,21801,21050,2330,45181,NA,2945902,53.46,50.29,NA,NA,50.29,53.4641,NA,3.17411,TRUE,2946036,0.00453388,0.0041003,-0.0000103581,5.9369
2024,"Oregon","OR",2308256,NA,3412120,5.52,12308,0,0,12308,NA,3211515,71.87,67.65,NA,NA,67.6487,71.8744,NA,4.22563,TRUE,3211463,-0.00161992,0.00436459,-0.00126549,5.87919
2024,"Pennsylvania","PA",7075000,NA,10350349,3.94,38657,0,0,38657,NA,9903829,71.44,68.36,NA,NA,68.3552,71.437,NA,3.08183,TRUE,9903888,0.000598247,-0.00298306,-0.004817,4.31406
2024,"Rhode Island","RI",523402,NA,897523,7.76,1339,0,0,1339,NA,826559,63.32,58.32,NA,NA,58.3163,63.323,NA,5.00673,TRUE,826536,-0.00275658,0.00300538,-0.00372287,7.90665
2024,"South Carolina","SC",2566404,NA,4337447,3.9,15909,26950,3280,46139,NA,4121955,62.26,59.17,NA,NA,59.1685,62.2618,NA,3.09328,TRUE,4122148,0.00467174,0.00181509,-0.00146146,4.96818
2024,"South Dakota","SD",436478,NA,709340,2.87,3650,5350,3390,12390,NA,676581,64.51,61.53,NA,NA,61.533,64.5123,NA,2.97933,TRUE,676592,0.00161725,0.00230525,0.00297431,4.61824
2024,"Tennessee","TN",3080000,NA,5651068,4.21,23902,59200,12260,95362,NA,5317723,57.92,54.5,NA,NA,54.503,57.9195,NA,3.41656,TRUE,5317796,0.00137347,-0.000473165,0.00297183,5.8988
2024,"Texas","TX",11400000,NA,23513616,12.63,138721,248830,98230,485781,NA,20059077,56.83,48.48,NA,NA,48.4825,56.8321,NA,8.34958,TRUE,20058065,-0.00504361,0.00212642,0.0025473,14.6917
2024,"Utah","UT",1525885,NA,2545169,7.11,6221,0,0,6221,NA,2357958,64.71,59.95,NA,NA,59.9522,64.7121,NA,4.75993,TRUE,2357986,0.001208,0.00213652,0.0022075,7.35554
2024,"Vermont","VT",372885,NA,535384,1.55,0,0,0,0,NA,527067,70.75,69.65,NA,NA,69.6481,70.7472,NA,1.09903,TRUE,527086,0.0035191,-0.00282744,-0.0018596,1.55346
2024,"Virginia","VA",4537976,NA,6891962,6.58,26200,60380,1580,88160,NA,6350428,71.46,65.84,NA,NA,65.8445,71.4594,NA,5.6149,TRUE,6350311,-0.00184396,-0.000627498,0.00447215,7.85747
2024,"Washington","WA",3961569,NA,6226585,9.19,13600,0,0,13600,NA,5640909,70.23,63.62,NA,NA,63.6235,70.2293,NA,6.6058,TRUE,5640762,-0.00260883,-0.000733759,0.00346294,9.40605
2024,"West Virginia","WV",770587,NA,1416183,1.1,5791,3810,4020,13621,NA,1387010,55.56,54.41,NA,NA,54.413,55.5574,NA,1.14447,TRUE,1386984,-0.00187547,-0.00257792,0.00295369,2.05997
2024,"Wisconsin","WI",3437142,NA,4704055,3.29,20057,23440,22010,65507,NA,4483698,76.66,73.07,NA,NA,73.0676,76.6586,NA,3.591,TRUE,4483785,0.00193123,-0.00135796,-0.00235942,4.68441
2024,"Wyoming","WY",271123,NA,459772,2.38,2187,3030,830,6047,NA,442780,61.23,58.97,NA,NA,58.969,61.232,NA,2.26298,TRUE,442782,0.000547992,0.0019888,-0.000989273,3.69574
