"date","article","y0","y1","views"
"2024-01-01","Haitian_Americans",-64040,-63877,163
"2024-01-02","Haitian_Americans",-66012,-65809,203
"2024-01-03","Haitian_Americans",-59001.5,-58804.5,197
"2024-01-04","Haitian_Americans",-59162.5,-58983.5,179
"2024-01-05","Haitian_Americans",-58330,-58130,200
"2024-01-06","Haitian_Americans",-60576.5,-60394.5,182
"2024-01-07","Haitian_Americans",-59539,-59308,231
"2024-01-08","Haitian_Americans",-56824,-56621,203
"2024-01-09","Haitian_Americans",-59256.5,-59083.5,173
"2024-01-10","Haitian_Americans",-71824.5,-71643.5,181
"2024-01-11","Haitian_Americans",-78340.5,-78178.5,162
"2024-01-12","Haitian_Americans",-64872,-64702,170
"2024-01-13","Haitian_Americans",-64507,-64319,188
"2024-01-14","Haitian_Americans",-68092,-67882,210
"2024-01-15","Haitian_Americans",-83605,-83413,192
"2024-01-16","Haitian_Americans",-198588,-198424,164
"2024-01-17","Haitian_Americans",-133355,-133193,162
"2024-01-18","Haitian_Americans",-91666.5,-91471.5,195
"2024-01-19","Haitian_Americans",-83181,-83027,154
"2024-01-20","Haitian_Americans",-74957.5,-74787.5,170
"2024-01-21","Haitian_Americans",-103133,-102954,179
"2024-01-22","Haitian_Americans",-118763,-118571,192
"2024-01-23","Haitian_Americans",-102640,-102483,157
"2024-01-24","Haitian_Americans",-153294.5,-153139.5,155
"2024-01-25","Haitian_Americans",-92469,-92287,182
"2024-01-26","Haitian_Americans",-79589,-79412,177
"2024-01-27","Haitian_Americans",-77275.5,-77103.5,172
"2024-01-28","Haitian_Americans",-73398,-73232,166
"2024-01-29","Haitian_Americans",-70424.5,-70237.5,187
"2024-01-30","Haitian_Americans",-66629.5,-66453.5,176
"2024-01-31","Haitian_Americans",-62057.5,-61886.5,171
"2024-02-01","Haitian_Americans",-56845.5,-56636.5,209
"2024-02-02","Haitian_Americans",-54996.5,-54796.5,200
"2024-02-03","Haitian_Americans",-55295.5,-55094.5,201
"2024-02-04","Haitian_Americans",-69346.5,-69146.5,200
"2024-02-05","Haitian_Americans",-64279.5,-64091.5,188
"2024-02-06","Haitian_Americans",-66313.5,-66118.5,195
"2024-02-07","Haitian_Americans",-67847.5,-67631.5,216
"2024-02-08","Haitian_Americans",-76667.5,-76483.5,184
"2024-02-09","Haitian_Americans",-155408.5,-155247.5,161
"2024-02-10","Haitian_Americans",-84235.5,-84049.5,186
"2024-02-11","Haitian_Americans",-125761.5,-125579.5,182
"2024-02-12","Haitian_Americans",-106017.5,-105853.5,164
"2024-02-13","Haitian_Americans",-81017,-80814,203
"2024-02-14","Haitian_Americans",-74050,-73895,155
"2024-02-15","Haitian_Americans",-64659.5,-64447.5,212
"2024-02-16","Haitian_Americans",-66978.5,-66808.5,170
"2024-02-17","Haitian_Americans",-62959,-62797,162
"2024-02-18","Haitian_Americans",-62922,-62743,179
"2024-02-19","Haitian_Americans",-70540.5,-70395.5,145
"2024-02-20","Haitian_Americans",-68917,-68743,174
"2024-02-21","Haitian_Americans",-74734.5,-74529.5,205
"2024-02-22","Haitian_Americans",-66656,-66468,188
"2024-02-23","Haitian_Americans",-69232.5,-69072.5,160
"2024-02-24","Haitian_Americans",-73994,-73819,175
"2024-02-25","Haitian_Americans",-119104.5,-118942.5,162
"2024-02-26","Haitian_Americans",-71379.5,-71226.5,153
"2024-02-27","Haitian_Americans",-70455,-70285,170
"2024-02-28","Haitian_Americans",-86186,-86018,168
"2024-02-29","Haitian_Americans",-70302,-70154,148
"2024-03-01","Haitian_Americans",-58500.5,-58353.5,147
"2024-03-02","Haitian_Americans",-54451.5,-54309.5,142
"2024-03-03","Haitian_Americans",-70140,-69957,183
"2024-03-04","Haitian_Americans",-99769.5,-99522.5,247
"2024-03-05","Haitian_Americans",-103942,-103642,300
"2024-03-06","Haitian_Americans",-187802.5,-187432.5,370
"2024-03-07","Haitian_Americans",-117306.5,-116977.5,329
"2024-03-08","Haitian_Americans",-170256,-169952,304
"2024-03-09","Haitian_Americans",-82847.5,-82579.5,268
"2024-03-10","Haitian_Americans",-83196.5,-82862.5,334
"2024-03-11","Haitian_Americans",-68257.5,-67825.5,432
"2024-03-12","Haitian_Americans",-78744,-78261,483
"2024-03-13","Haitian_Americans",-109078.5,-108493.5,585
"2024-03-14","Haitian_Americans",-71462,-70787,675
"2024-03-15","Haitian_Americans",-65826.5,-65412.5,414
"2024-03-16","Haitian_Americans",-57117,-56657,460
"2024-03-17","Haitian_Americans",-64800.5,-64314.5,486
"2024-03-18","Haitian_Americans",-70175,-69817,358
"2024-03-19","Haitian_Americans",-67248,-66851,397
"2024-03-20","Haitian_Americans",-72770.5,-72417.5,353
"2024-03-21","Haitian_Americans",-65791.5,-65471.5,320
"2024-03-22","Haitian_Americans",-56392.5,-56104.5,288
"2024-03-23","Haitian_Americans",-50887.5,-50637.5,250
"2024-03-24","Haitian_Americans",-53493.5,-53252.5,241
"2024-03-25","Haitian_Americans",-57029.5,-56816.5,213
"2024-03-26","Haitian_Americans",-60302,-60085,217
"2024-03-27","Haitian_Americans",-59558.5,-59346.5,212
"2024-03-28","Haitian_Americans",-57020,-56835,185
"2024-03-29","Haitian_Americans",-56064.5,-55871.5,193
"2024-03-30","Haitian_Americans",-53517,-53342,175
"2024-03-31","Haitian_Americans",-52380,-52173,207
"2024-04-01","Haitian_Americans",-51309,-51147,162
"2024-04-02","Haitian_Americans",-54282.5,-54131.5,151
"2024-04-03","Haitian_Americans",-60077,-59886,191
"2024-04-04","Haitian_Americans",-53225.5,-53046.5,179
"2024-04-05","Haitian_Americans",-59595.5,-59419.5,176
"2024-04-06","Haitian_Americans",-53422.5,-53269.5,153
"2024-04-07","Haitian_Americans",-52045.5,-51876.5,169
"2024-04-08","Haitian_Americans",-58497,-58347,150
"2024-04-09","Haitian_Americans",-56441.5,-56298.5,143
"2024-04-10","Haitian_Americans",-58812,-58645,167
"2024-04-11","Haitian_Americans",-59365.5,-59192.5,173
"2024-04-12","Haitian_Americans",-53226,-53085,141
"2024-04-13","Haitian_Americans",-55281.5,-55108.5,173
"2024-04-14","Haitian_Americans",-64981.5,-64801.5,180
"2024-04-15","Haitian_Americans",-59417.5,-59238.5,179
"2024-04-16","Haitian_Americans",-54239,-54113,126
"2024-04-17","Haitian_Americans",-53797.5,-53626.5,171
"2024-04-18","Haitian_Americans",-54473.5,-54322.5,151
"2024-04-19","Haitian_Americans",-56701,-56511,190
"2024-04-20","Haitian_Americans",-48194.5,-48037.5,157
"2024-04-21","Haitian_Americans",-46279,-46097,182
"2024-04-22","Haitian_Americans",-54748,-54555,193
"2024-04-23","Haitian_Americans",-57009.5,-56836.5,173
"2024-04-24","Haitian_Americans",-63312.5,-63130.5,182
"2024-04-25","Haitian_Americans",-64730,-64571,159
"2024-04-26","Haitian_Americans",-60710,-60559,151
"2024-04-27","Haitian_Americans",-60519,-60338,181
"2024-04-28","Haitian_Americans",-63158,-63021,137
"2024-04-29","Haitian_Americans",-62038,-61867,171
"2024-04-30","Haitian_Americans",-60251.5,-60119.5,132
"2024-05-01","Haitian_Americans",-61721,-61571,150
"2024-05-02","Haitian_Americans",-63123,-62943,180
"2024-05-03","Haitian_Americans",-54984.5,-54802.5,182
"2024-05-04","Haitian_Americans",-49027,-48897,130
"2024-05-05","Haitian_Americans",-47362.5,-47196.5,166
"2024-05-06","Haitian_Americans",-54648.5,-54480.5,168
"2024-05-07","Haitian_Americans",-64879,-64735,144
"2024-05-08","Haitian_Americans",-64293,-64137,156
"2024-05-09","Haitian_Americans",-55599.5,-55423.5,176
"2024-05-10","Haitian_Americans",-53832,-53706,126
"2024-05-11","Haitian_Americans",-47175.5,-47039.5,136
"2024-05-12","Haitian_Americans",-45647,-45512,135
"2024-05-13","Haitian_Americans",-58857,-58717,140
"2024-05-14","Haitian_Americans",-59798.5,-59646.5,152
"2024-05-15","Haitian_Americans",-62090,-61942,148
"2024-05-16","Haitian_Americans",-59419,-59230,189
"2024-05-17","Haitian_Americans",-54965.5,-54802.5,163
"2024-05-18","Haitian_Americans",-48762,-48567,195
"2024-05-19","Haitian_Americans",-53031,-52855,176
"2024-05-20","Haitian_Americans",-56846.5,-56684.5,162
"2024-05-21","Haitian_Americans",-69559.5,-69420.5,139
"2024-05-22","Haitian_Americans",-76906,-76732,174
"2024-05-23","Haitian_Americans",-73287,-73122,165
"2024-05-24","Haitian_Americans",-75739.5,-75581.5,158
"2024-05-25","Haitian_Americans",-65620.5,-65429.5,191
"2024-05-26","Haitian_Americans",-67728,-67548,180
"2024-05-27","Haitian_Americans",-68043,-67880,163
"2024-05-28","Haitian_Americans",-73566.5,-73423.5,143
"2024-05-29","Haitian_Americans",-84407,-84233,174
"2024-05-30","Haitian_Americans",-227355.5,-227234.5,121
"2024-05-31","Haitian_Americans",-353321.5,-353171.5,150
"2024-06-01","Haitian_Americans",-137602.5,-137468.5,134
"2024-06-02","Haitian_Americans",-109974.5,-109839.5,135
"2024-06-03","Haitian_Americans",-107414.5,-107227.5,187
"2024-06-04","Haitian_Americans",-99438,-99313,125
"2024-06-05","Haitian_Americans",-97489.5,-97352.5,137
"2024-06-06","Haitian_Americans",-114120.5,-113965.5,155
"2024-06-07","Haitian_Americans",-112373,-112226,147
"2024-06-08","Haitian_Americans",-129450,-129289,161
"2024-06-09","Haitian_Americans",-119299,-119091,208
"2024-06-10","Haitian_Americans",-103318.5,-103107.5,211
"2024-06-11","Haitian_Americans",-143470.5,-143326.5,144
"2024-06-12","Haitian_Americans",-136128,-135968,160
"2024-06-13","Haitian_Americans",-102811.5,-102652.5,159
"2024-06-14","Haitian_Americans",-118559,-118435,124
"2024-06-15","Haitian_Americans",-93162.5,-93020.5,142
"2024-06-16","Haitian_Americans",-84426,-84281,145
"2024-06-17","Haitian_Americans",-98502.5,-98357.5,145
"2024-06-18","Haitian_Americans",-90234.5,-90076.5,158
"2024-06-19","Haitian_Americans",-88048,-87892,156
"2024-06-20","Haitian_Americans",-93410,-93254,156
"2024-06-21","Haitian_Americans",-90594,-90437,157
"2024-06-22","Haitian_Americans",-88826.5,-88671.5,155
"2024-06-23","Haitian_Americans",-94070.5,-93909.5,161
"2024-06-24","Haitian_Americans",-98030,-97848,182
"2024-06-25","Haitian_Americans",-93161,-92989,172
"2024-06-26","Haitian_Americans",-103908,-103745,163
"2024-06-27","Haitian_Americans",-115906.5,-115731.5,175
"2024-06-28","Haitian_Americans",-564273,-564127,146
"2024-06-29","Haitian_Americans",-283227.5,-283076.5,151
"2024-06-30","Haitian_Americans",-223805.5,-223628.5,177
"2024-07-01","Haitian_Americans",-244659.5,-244470.5,189
"2024-07-02","Haitian_Americans",-274949,-274777,172
"2024-07-03","Haitian_Americans",-373024.5,-372837.5,187
"2024-07-04","Haitian_Americans",-373820.5,-373664.5,156
"2024-07-05","Haitian_Americans",-374377,-374229,148
"2024-07-06","Haitian_Americans",-357583.5,-357442.5,141
"2024-07-07","Haitian_Americans",-323515,-323354,161
"2024-07-08","Haitian_Americans",-331937,-331784,153
"2024-07-09","Haitian_Americans",-354245,-354086,159
"2024-07-10","Haitian_Americans",-333294,-333127,167
"2024-07-11","Haitian_Americans",-326790.5,-326627.5,163
"2024-07-12","Haitian_Americans",-374939.5,-374723.5,216
"2024-07-13","Haitian_Americans",-344675.5,-344421.5,254
"2024-07-14","Haitian_Americans",-789964,-789785,179
"2024-07-15","Haitian_Americans",-3046052,-3045882,170
"2024-07-16","Haitian_Americans",-1968715.5,-1968572.5,143
"2024-07-17","Haitian_Americans",-835900,-835751,149
"2024-07-18","Haitian_Americans",-992837,-992691,146
"2024-07-19","Haitian_Americans",-743164,-743026,138
"2024-07-20","Haitian_Americans",-459957,-459824,133
"2024-07-21","Haitian_Americans",-1576001,-1575873,128
"2024-07-22","Haitian_Americans",-2105661,-2105511,150
"2024-07-23","Haitian_Americans",-1436708.5,-1436538.5,170
"2024-07-24","Haitian_Americans",-942488.5,-942334.5,154
"2024-07-25","Haitian_Americans",-814055,-813914,141
"2024-07-26","Haitian_Americans",-635269.5,-635094.5,175
"2024-07-27","Haitian_Americans",-473222,-473060,162
"2024-07-28","Haitian_Americans",-414933.5,-414760.5,173
"2024-07-29","Haitian_Americans",-379759.5,-379582.5,177
"2024-07-30","Haitian_Americans",-376107.5,-375921.5,186
"2024-07-31","Haitian_Americans",-453274,-453133,141
"2024-08-01","Haitian_Americans",-525971,-525835,136
"2024-08-02","Haitian_Americans",-358585,-358419,166
"2024-08-03","Haitian_Americans",-297428.5,-297289.5,139
"2024-08-04","Haitian_Americans",-292869.5,-292730.5,139
"2024-08-05","Haitian_Americans",-349701,-349568,133
"2024-08-06","Haitian_Americans",-2302091.5,-2301894.5,197
"2024-08-07","Haitian_Americans",-1146661,-1146510,151
"2024-08-08","Haitian_Americans",-538409.5,-538279.5,130
"2024-08-09","Haitian_Americans",-337144.5,-337024.5,120
"2024-08-10","Haitian_Americans",-273685.5,-273495.5,190
"2024-08-11","Haitian_Americans",-245876,-245720,156
"2024-08-12","Haitian_Americans",-264764.5,-264546.5,218
"2024-08-13","Haitian_Americans",-221172,-221033,139
"2024-08-14","Haitian_Americans",-197299,-197160,139
"2024-08-15","Haitian_Americans",-191971,-191833,138
"2024-08-16","Haitian_Americans",-193383,-193193,190
"2024-08-17","Haitian_Americans",-176333,-176207,126
"2024-08-18","Haitian_Americans",-180519,-180380,139
"2024-08-19","Haitian_Americans",-189663,-189425,238
"2024-08-20","Haitian_Americans",-387343.5,-387170.5,173
"2024-08-21","Haitian_Americans",-404321.5,-404156.5,165
"2024-08-22","Haitian_Americans",-612933.5,-612792.5,141
"2024-08-23","Haitian_Americans",-688342,-688214,128
"2024-08-24","Haitian_Americans",-271437,-271310,127
"2024-08-25","Haitian_Americans",-201404.5,-201254.5,150
"2024-08-26","Haitian_Americans",-174905.5,-174713.5,192
"2024-08-27","Haitian_Americans",-156147.5,-155981.5,166
"2024-08-28","Haitian_Americans",-147456.5,-147332.5,124
"2024-08-29","Haitian_Americans",-141458.5,-141312.5,146
"2024-08-30","Haitian_Americans",-158387,-158247,140
"2024-08-31","Haitian_Americans",-125740,-125624,116
"2024-09-01","Haitian_Americans",-115713,-115593,120
"2024-09-02","Haitian_Americans",-117332.5,-117197.5,135
"2024-09-03","Haitian_Americans",-121300.5,-121142.5,158
"2024-09-04","Haitian_Americans",-114281,-114135,146
"2024-09-05","Haitian_Americans",-112405.5,-112236.5,169
"2024-09-06","Haitian_Americans",-111117,-110977,140
"2024-09-07","Haitian_Americans",-104355,-104177,178
"2024-09-08","Haitian_Americans",-107050,-106846,204
"2024-09-09","Haitian_Americans",-118740,-118056,684
"2024-09-10","Haitian_Americans",-156957,-155423,1534
"2024-09-11","Haitian_Americans",-623574,-620643,2931
"2024-09-12","Haitian_Americans",-283685,-280365,3320
"2024-09-13","Haitian_Americans",-223945.5,-219961.5,3984
"2024-09-14","Haitian_Americans",-183858.5,-180613.5,3245
"2024-09-15","Haitian_Americans",-198092,-195000,3092
"2024-09-16","Haitian_Americans",-190942.5,-188860.5,2082
"2024-09-17","Haitian_Americans",-166638.5,-164610.5,2028
"2024-09-18","Haitian_Americans",-149257,-147821,1436
"2024-09-19","Haitian_Americans",-140088,-138632,1456
"2024-09-20","Haitian_Americans",-133405,-132475,930
"2024-09-21","Haitian_Americans",-129308.5,-128546.5,762
"2024-09-22","Haitian_Americans",-134776,-134090,686
"2024-09-23","Haitian_Americans",-133043.5,-132169.5,874
"2024-09-24","Haitian_Americans",-122640,-121845,795
"2024-09-25","Haitian_Americans",-123732.5,-123060.5,672
"2024-09-26","Haitian_Americans",-117322.5,-116515.5,807
"2024-09-27","Haitian_Americans",-103883,-103410,473
"2024-09-28","Haitian_Americans",-98201,-97737,464
"2024-09-29","Haitian_Americans",-120658,-120151,507
"2024-09-30","Haitian_Americans",-128715,-128350,365
"2024-10-01","Haitian_Americans",-162035,-161735,300
"2024-10-02","Haitian_Americans",-490411.5,-489992.5,419
"2024-10-03","Haitian_Americans",-180070,-179603,467
"2024-10-04","Haitian_Americans",-129535.5,-129170.5,365
"2024-10-05","Haitian_Americans",-116894.5,-116542.5,352
"2024-10-06","Haitian_Americans",-118527.5,-118218.5,309
"2024-10-07","Haitian_Americans",-122779,-122460,319
"2024-10-08","Haitian_Americans",-124886.5,-124604.5,282
"2024-10-09","Haitian_Americans",-118782.5,-118496.5,286
"2024-10-10","Haitian_Americans",-109920,-109638,282
"2024-10-11","Haitian_Americans",-114090.5,-113868.5,222
"2024-10-12","Haitian_Americans",-108988,-108743,245
"2024-10-13","Haitian_Americans",-126562.5,-126256.5,306
"2024-10-14","Haitian_Americans",-131895,-131610,285
"2024-10-15","Haitian_Americans",-130416.5,-130157.5,259
"2024-10-16","Haitian_Americans",-138397,-138125,272
"2024-10-17","Haitian_Americans",-141430.5,-141159.5,271
"2024-10-18","Haitian_Americans",-140590,-140347,243
"2024-10-19","Haitian_Americans",-130556,-130322,234
"2024-10-20","Haitian_Americans",-162209.5,-161968.5,241
"2024-10-21","Haitian_Americans",-186026,-185770,256
"2024-10-22","Haitian_Americans",-175765.5,-175546.5,219
"2024-10-23","Haitian_Americans",-175882.5,-175633.5,249
"2024-10-24","Haitian_Americans",-183519,-183291,228
"2024-10-25","Haitian_Americans",-186969.5,-186762.5,207
"2024-10-26","Haitian_Americans",-183413,-183206,207
"2024-10-27","Haitian_Americans",-211853,-211579,274
"2024-10-28","Haitian_Americans",-253505.5,-253140.5,365
"2024-10-29","Haitian_Americans",-272303,-271922,381
"2024-10-30","Haitian_Americans",-273039,-272726,313
"2024-10-31","Haitian_Americans",-266787.5,-266536.5,251
"2024-11-01","Haitian_Americans",-296810.5,-296529.5,281
"2024-11-02","Haitian_Americans",-304100.5,-303801.5,299
"2024-11-03","Haitian_Americans",-425280.5,-425014.5,266
"2024-11-04","Haitian_Americans",-644951.5,-644632.5,319
"2024-11-05","Haitian_Americans",-1338928.5,-1338598.5,330
"2024-11-06","Haitian_Americans",-5638949.5,-5638511.5,438
"2024-11-07","Haitian_Americans",-1955143.5,-1954838.5,305
"2024-11-08","Haitian_Americans",-1096869,-1096570,299
"2024-11-09","Haitian_Americans",-774053.5,-773827.5,226
"2024-11-10","Haitian_Americans",-692386.5,-692109.5,277
"2024-11-11","Haitian_Americans",-542418.5,-542124.5,294
"2024-11-12","Haitian_Americans",-456855,-456585,270
"2024-11-13","Haitian_Americans",-398721,-398484,237
"2024-11-14","Haitian_Americans",-330428,-330237,191
"2024-11-15","Haitian_Americans",-273254.5,-273069.5,185
"2024-11-16","Haitian_Americans",-232239.5,-232085.5,154
"2024-11-17","Haitian_Americans",-226960.5,-226786.5,174
"2024-11-18","Haitian_Americans",-222157.5,-221967.5,190
"2024-11-19","Haitian_Americans",-209865.5,-209701.5,164
"2024-11-20","Haitian_Americans",-206307,-206145,162
"2024-11-21","Haitian_Americans",-187651.5,-187516.5,135
"2024-11-22","Haitian_Americans",-175514.5,-175335.5,179
"2024-11-23","Haitian_Americans",-171719.5,-171559.5,160
"2024-11-24","Haitian_Americans",-157002.5,-156821.5,181
"2024-11-25","Haitian_Americans",-155286,-155113,173
"2024-11-26","Haitian_Americans",-144825,-144656,169
"2024-11-27","Haitian_Americans",-142447,-142317,130
"2024-11-28","Haitian_Americans",-126043.5,-125865.5,178
"2024-11-29","Haitian_Americans",-118737.5,-118578.5,159
"2024-11-30","Haitian_Americans",-113756,-113594,162
"2024-12-01","Haitian_Americans",-114872.5,-114701.5,171
"2024-12-02","Haitian_Americans",-151353,-151224,129
"2024-12-03","Haitian_Americans",-131612.5,-131467.5,145
"2024-12-04","Haitian_Americans",-116962,-116840,122
"2024-12-05","Haitian_Americans",-103605.5,-103407.5,198
"2024-12-06","Haitian_Americans",-97105,-96956,149
"2024-12-07","Haitian_Americans",-90993.5,-90855.5,138
"2024-12-08","Haitian_Americans",-89839.5,-89672.5,167
"2024-12-09","Haitian_Americans",-91333,-91178,155
"2024-12-10","Haitian_Americans",-84437,-84263,174
"2024-12-11","Haitian_Americans",-81592,-81466,126
"2024-12-12","Haitian_Americans",-85882,-85747,135
"2024-12-13","Haitian_Americans",-81460,-81318,142
"2024-12-14","Haitian_Americans",-80262,-80120,142
"2024-12-15","Haitian_Americans",-77073.5,-76920.5,153
"2024-12-16","Haitian_Americans",-79276.5,-79110.5,166
"2024-12-17","Haitian_Americans",-79853,-79699,154
"2024-12-18","Haitian_Americans",-81957,-81822,135
"2024-12-19","Haitian_Americans",-75392.5,-75230.5,162
"2024-12-20","Haitian_Americans",-73115.5,-72977.5,138
"2024-12-21","Haitian_Americans",-67777,-67643,134
"2024-12-22","Haitian_Americans",-67146.5,-67016.5,130
"2024-12-23","Haitian_Americans",-69850,-69727,123
"2024-12-24","Haitian_Americans",-66662.5,-66524.5,138
"2024-12-25","Haitian_Americans",-62828,-62683,145
"2024-12-26","Haitian_Americans",-65738.5,-65590.5,148
"2024-12-27","Haitian_Americans",-66476,-66245,231
"2024-12-28","Haitian_Americans",-64301,-64117,184
"2024-12-29","Haitian_Americans",-87637,-87451,186
"2024-12-30","Haitian_Americans",-118978,-118798,180
"2024-12-31","Haitian_Americans",-82454,-82312,142
"2024-01-01","Opinion_poll",-63877,-63677,200
"2024-01-02","Opinion_poll",-65809,-65573,236
"2024-01-03","Opinion_poll",-58804.5,-58567.5,237
"2024-01-04","Opinion_poll",-58983.5,-58724.5,259
"2024-01-05","Opinion_poll",-58130,-57933,197
"2024-01-06","Opinion_poll",-60394.5,-60150.5,244
"2024-01-07","Opinion_poll",-59308,-59064,244
"2024-01-08","Opinion_poll",-56621,-56352,269
"2024-01-09","Opinion_poll",-59083.5,-58837.5,246
"2024-01-10","Opinion_poll",-71643.5,-71404.5,239
"2024-01-11","Opinion_poll",-78178.5,-77884.5,294
"2024-01-12","Opinion_poll",-64702,-64434,268
"2024-01-13","Opinion_poll",-64319,-64086,233
"2024-01-14","Opinion_poll",-67882,-67589,293
"2024-01-15","Opinion_poll",-83413,-83120,293
"2024-01-16","Opinion_poll",-198424,-198080,344
"2024-01-17","Opinion_poll",-133193,-132956,237
"2024-01-18","Opinion_poll",-91471.5,-91176.5,295
"2024-01-19","Opinion_poll",-83027,-82796,231
"2024-01-20","Opinion_poll",-74787.5,-74586.5,201
"2024-01-21","Opinion_poll",-102954,-102735,219
"2024-01-22","Opinion_poll",-118571,-118215,356
"2024-01-23","Opinion_poll",-102483,-102141,342
"2024-01-24","Opinion_poll",-153139.5,-152799.5,340
"2024-01-25","Opinion_poll",-92287,-91996,291
"2024-01-26","Opinion_poll",-79412,-79133,279
"2024-01-27","Opinion_poll",-77103.5,-76842.5,261
"2024-01-28","Opinion_poll",-73232,-72963,269
"2024-01-29","Opinion_poll",-70237.5,-69925.5,312
"2024-01-30","Opinion_poll",-66453.5,-66149.5,304
"2024-01-31","Opinion_poll",-61886.5,-61587.5,299
"2024-02-01","Opinion_poll",-56636.5,-56315.5,321
"2024-02-02","Opinion_poll",-54796.5,-54475.5,321
"2024-02-03","Opinion_poll",-55094.5,-54863.5,231
"2024-02-04","Opinion_poll",-69146.5,-68858.5,288
"2024-02-05","Opinion_poll",-64091.5,-63760.5,331
"2024-02-06","Opinion_poll",-66118.5,-65785.5,333
"2024-02-07","Opinion_poll",-67631.5,-67256.5,375
"2024-02-08","Opinion_poll",-76483.5,-75874.5,609
"2024-02-09","Opinion_poll",-155247.5,-154792.5,455
"2024-02-10","Opinion_poll",-84049.5,-83717.5,332
"2024-02-11","Opinion_poll",-125579.5,-125189.5,390
"2024-02-12","Opinion_poll",-105853.5,-105455.5,398
"2024-02-13","Opinion_poll",-80814,-80482,332
"2024-02-14","Opinion_poll",-73895,-73528,367
"2024-02-15","Opinion_poll",-64447.5,-64111.5,336
"2024-02-16","Opinion_poll",-66808.5,-66501.5,307
"2024-02-17","Opinion_poll",-62797,-62514,283
"2024-02-18","Opinion_poll",-62743,-62490,253
"2024-02-19","Opinion_poll",-70395.5,-70093.5,302
"2024-02-20","Opinion_poll",-68743,-68443,300
"2024-02-21","Opinion_poll",-74529.5,-74253.5,276
"2024-02-22","Opinion_poll",-66468,-66201,267
"2024-02-23","Opinion_poll",-69072.5,-68837.5,235
"2024-02-24","Opinion_poll",-73819,-73555,264
"2024-02-25","Opinion_poll",-118942.5,-118598.5,344
"2024-02-26","Opinion_poll",-71226.5,-70902.5,324
"2024-02-27","Opinion_poll",-70285,-69952,333
"2024-02-28","Opinion_poll",-86018,-85523,495
"2024-02-29","Opinion_poll",-70154,-69754,400
"2024-03-01","Opinion_poll",-58353.5,-58014.5,339
"2024-03-02","Opinion_poll",-54309.5,-53986.5,323
"2024-03-03","Opinion_poll",-69957,-69609,348
"2024-03-04","Opinion_poll",-99522.5,-99080.5,442
"2024-03-05","Opinion_poll",-103642,-103211,431
"2024-03-06","Opinion_poll",-187432.5,-186951.5,481
"2024-03-07","Opinion_poll",-116977.5,-116480.5,497
"2024-03-08","Opinion_poll",-169952,-169551,401
"2024-03-09","Opinion_poll",-82579.5,-82284.5,295
"2024-03-10","Opinion_poll",-82862.5,-82519.5,343
"2024-03-11","Opinion_poll",-67825.5,-67331.5,494
"2024-03-12","Opinion_poll",-78261,-77826,435
"2024-03-13","Opinion_poll",-108493.5,-107996.5,497
"2024-03-14","Opinion_poll",-70787,-70338,449
"2024-03-15","Opinion_poll",-65412.5,-65002.5,410
"2024-03-16","Opinion_poll",-56657,-56335,322
"2024-03-17","Opinion_poll",-64314.5,-63961.5,353
"2024-03-18","Opinion_poll",-69817,-69452,365
"2024-03-19","Opinion_poll",-66851,-66561,290
"2024-03-20","Opinion_poll",-72417.5,-72121.5,296
"2024-03-21","Opinion_poll",-65471.5,-65127.5,344
"2024-03-22","Opinion_poll",-56104.5,-55776.5,328
"2024-03-23","Opinion_poll",-50637.5,-50356.5,281
"2024-03-24","Opinion_poll",-53252.5,-52997.5,255
"2024-03-25","Opinion_poll",-56816.5,-56473.5,343
"2024-03-26","Opinion_poll",-60085,-59754,331
"2024-03-27","Opinion_poll",-59346.5,-59074.5,272
"2024-03-28","Opinion_poll",-56835,-56576,259
"2024-03-29","Opinion_poll",-55871.5,-55582.5,289
"2024-03-30","Opinion_poll",-53342,-53094,248
"2024-03-31","Opinion_poll",-52173,-51908,265
"2024-04-01","Opinion_poll",-51147,-50815,332
"2024-04-02","Opinion_poll",-54131.5,-53768.5,363
"2024-04-03","Opinion_poll",-59886,-59452,434
"2024-04-04","Opinion_poll",-53046.5,-52626.5,420
"2024-04-05","Opinion_poll",-59419.5,-59048.5,371
"2024-04-06","Opinion_poll",-53269.5,-52968.5,301
"2024-04-07","Opinion_poll",-51876.5,-51541.5,335
"2024-04-08","Opinion_poll",-58347,-58016,331
"2024-04-09","Opinion_poll",-56298.5,-55910.5,388
"2024-04-10","Opinion_poll",-58645,-58278,367
"2024-04-11","Opinion_poll",-59192.5,-58793.5,399
"2024-04-12","Opinion_poll",-53085,-52686,399
"2024-04-13","Opinion_poll",-55108.5,-54760.5,348
"2024-04-14","Opinion_poll",-64801.5,-64404.5,397
"2024-04-15","Opinion_poll",-59238.5,-58747.5,491
"2024-04-16","Opinion_poll",-54113,-53499,614
"2024-04-17","Opinion_poll",-53626.5,-53079.5,547
"2024-04-18","Opinion_poll",-54322.5,-53791.5,531
"2024-04-19","Opinion_poll",-56511,-56014,497
"2024-04-20","Opinion_poll",-48037.5,-47630.5,407
"2024-04-21","Opinion_poll",-46097,-45662,435
"2024-04-22","Opinion_poll",-54555,-54121,434
"2024-04-23","Opinion_poll",-56836.5,-56475.5,361
"2024-04-24","Opinion_poll",-63130.5,-62695.5,435
"2024-04-25","Opinion_poll",-64571,-64042,529
"2024-04-26","Opinion_poll",-60559,-59957,602
"2024-04-27","Opinion_poll",-60338,-59879,459
"2024-04-28","Opinion_poll",-63021,-62548,473
"2024-04-29","Opinion_poll",-61867,-61394,473
"2024-04-30","Opinion_poll",-60119.5,-59604.5,515
"2024-05-01","Opinion_poll",-61571,-61146,425
"2024-05-02","Opinion_poll",-62943,-62548,395
"2024-05-03","Opinion_poll",-54802.5,-54377.5,425
"2024-05-04","Opinion_poll",-48897,-48463,434
"2024-05-05","Opinion_poll",-47196.5,-46776.5,420
"2024-05-06","Opinion_poll",-54480.5,-53970.5,510
"2024-05-07","Opinion_poll",-64735,-64272,463
"2024-05-08","Opinion_poll",-64137,-63628,509
"2024-05-09","Opinion_poll",-55423.5,-54942.5,481
"2024-05-10","Opinion_poll",-53706,-53338,368
"2024-05-11","Opinion_poll",-47039.5,-46699.5,340
"2024-05-12","Opinion_poll",-45512,-45155,357
"2024-05-13","Opinion_poll",-58717,-58211,506
"2024-05-14","Opinion_poll",-59646.5,-59156.5,490
"2024-05-15","Opinion_poll",-61942,-61452,490
"2024-05-16","Opinion_poll",-59230,-58815,415
"2024-05-17","Opinion_poll",-54802.5,-54440.5,362
"2024-05-18","Opinion_poll",-48567,-48258,309
"2024-05-19","Opinion_poll",-52855,-52529,326
"2024-05-20","Opinion_poll",-56684.5,-56355.5,329
"2024-05-21","Opinion_poll",-69420.5,-68939.5,481
"2024-05-22","Opinion_poll",-76732,-76290,442
"2024-05-23","Opinion_poll",-73122,-72739,383
"2024-05-24","Opinion_poll",-75581.5,-75217.5,364
"2024-05-25","Opinion_poll",-65429.5,-64980.5,449
"2024-05-26","Opinion_poll",-67548,-67085,463
"2024-05-27","Opinion_poll",-67880,-67404,476
"2024-05-28","Opinion_poll",-73423.5,-72854.5,569
"2024-05-29","Opinion_poll",-84233,-83586,647
"2024-05-30","Opinion_poll",-227234.5,-226686.5,548
"2024-05-31","Opinion_poll",-353171.5,-352519.5,652
"2024-06-01","Opinion_poll",-137468.5,-135874.5,1594
"2024-06-02","Opinion_poll",-109839.5,-109156.5,683
"2024-06-03","Opinion_poll",-107227.5,-106481.5,746
"2024-06-04","Opinion_poll",-99313,-98538,775
"2024-06-05","Opinion_poll",-97352.5,-96930.5,422
"2024-06-06","Opinion_poll",-113965.5,-113621.5,344
"2024-06-07","Opinion_poll",-112226,-111833,393
"2024-06-08","Opinion_poll",-129289,-128903,386
"2024-06-09","Opinion_poll",-119091,-118659,432
"2024-06-10","Opinion_poll",-103107.5,-102755.5,352
"2024-06-11","Opinion_poll",-143326.5,-142955.5,371
"2024-06-12","Opinion_poll",-135968,-135621,347
"2024-06-13","Opinion_poll",-102652.5,-102307.5,345
"2024-06-14","Opinion_poll",-118435,-118111,324
"2024-06-15","Opinion_poll",-93020.5,-92488.5,532
"2024-06-16","Opinion_poll",-84281,-84028,253
"2024-06-17","Opinion_poll",-98357.5,-97902.5,455
"2024-06-18","Opinion_poll",-90076.5,-89758.5,318
"2024-06-19","Opinion_poll",-87892,-87488,404
"2024-06-20","Opinion_poll",-93254,-92880,374
"2024-06-21","Opinion_poll",-90437,-89902,535
"2024-06-22","Opinion_poll",-88671.5,-88402.5,269
"2024-06-23","Opinion_poll",-93909.5,-93560.5,349
"2024-06-24","Opinion_poll",-97848,-97528,320
"2024-06-25","Opinion_poll",-92989,-92571,418
"2024-06-26","Opinion_poll",-103745,-103452,293
"2024-06-27","Opinion_poll",-115731.5,-115254.5,477
"2024-06-28","Opinion_poll",-564127,-563773,354
"2024-06-29","Opinion_poll",-283076.5,-282698.5,378
"2024-06-30","Opinion_poll",-223628.5,-223260.5,368
"2024-07-01","Opinion_poll",-244470.5,-244134.5,336
"2024-07-02","Opinion_poll",-274777,-274393,384
"2024-07-03","Opinion_poll",-372837.5,-372317.5,520
"2024-07-04","Opinion_poll",-373664.5,-373130.5,534
"2024-07-05","Opinion_poll",-374229,-373877,352
"2024-07-06","Opinion_poll",-357442.5,-357161.5,281
"2024-07-07","Opinion_poll",-323354,-322912,442
"2024-07-08","Opinion_poll",-331784,-331516,268
"2024-07-09","Opinion_poll",-354086,-353658,428
"2024-07-10","Opinion_poll",-333127,-332903,224
"2024-07-11","Opinion_poll",-326627.5,-326161.5,466
"2024-07-12","Opinion_poll",-374723.5,-374440.5,283
"2024-07-13","Opinion_poll",-344421.5,-343935.5,486
"2024-07-14","Opinion_poll",-789785,-789485,300
"2024-07-15","Opinion_poll",-3045882,-3045352,530
"2024-07-16","Opinion_poll",-1968572.5,-1968171.5,401
"2024-07-17","Opinion_poll",-835751,-835305,446
"2024-07-18","Opinion_poll",-992691,-992295,396
"2024-07-19","Opinion_poll",-743026,-742355,671
"2024-07-20","Opinion_poll",-459824,-459390,434
"2024-07-21","Opinion_poll",-1575873,-1575359,514
"2024-07-22","Opinion_poll",-2105511,-2104736,775
"2024-07-23","Opinion_poll",-1436538.5,-1435841.5,697
"2024-07-24","Opinion_poll",-942334.5,-941494.5,840
"2024-07-25","Opinion_poll",-813914,-813250,664
"2024-07-26","Opinion_poll",-635094.5,-634449.5,645
"2024-07-27","Opinion_poll",-473060,-472475,585
"2024-07-28","Opinion_poll",-414760.5,-414169.5,591
"2024-07-29","Opinion_poll",-379582.5,-378915.5,667
"2024-07-30","Opinion_poll",-375921.5,-375420.5,501
"2024-07-31","Opinion_poll",-453133,-452592,541
"2024-08-01","Opinion_poll",-525835,-525393,442
"2024-08-02","Opinion_poll",-358419,-358112,307
"2024-08-03","Opinion_poll",-297289.5,-297056.5,233
"2024-08-04","Opinion_poll",-292730.5,-292495.5,235
"2024-08-05","Opinion_poll",-349568,-349264,304
"2024-08-06","Opinion_poll",-2301894.5,-2301527.5,367
"2024-08-07","Opinion_poll",-1146510,-1146157,353
"2024-08-08","Opinion_poll",-538279.5,-537841.5,438
"2024-08-09","Opinion_poll",-337024.5,-336718.5,306
"2024-08-10","Opinion_poll",-273495.5,-273188.5,307
"2024-08-11","Opinion_poll",-245720,-245434,286
"2024-08-12","Opinion_poll",-264546.5,-264214.5,332
"2024-08-13","Opinion_poll",-221033,-220700,333
"2024-08-14","Opinion_poll",-197160,-196855,305
"2024-08-15","Opinion_poll",-191833,-191610,223
"2024-08-16","Opinion_poll",-193193,-192966,227
"2024-08-17","Opinion_poll",-176207,-175887,320
"2024-08-18","Opinion_poll",-180380,-180150,230
"2024-08-19","Opinion_poll",-189425,-189174,251
"2024-08-20","Opinion_poll",-387170.5,-386931.5,239
"2024-08-21","Opinion_poll",-404156.5,-403847.5,309
"2024-08-22","Opinion_poll",-612792.5,-612514.5,278
"2024-08-23","Opinion_poll",-688214,-687886,328
"2024-08-24","Opinion_poll",-271310,-271052,258
"2024-08-25","Opinion_poll",-201254.5,-200999.5,255
"2024-08-26","Opinion_poll",-174713.5,-174340.5,373
"2024-08-27","Opinion_poll",-155981.5,-155636.5,345
"2024-08-28","Opinion_poll",-147332.5,-147049.5,283
"2024-08-29","Opinion_poll",-141312.5,-140971.5,341
"2024-08-30","Opinion_poll",-158247,-157998,249
"2024-08-31","Opinion_poll",-125624,-125359,265
"2024-09-01","Opinion_poll",-115593,-115356,237
"2024-09-02","Opinion_poll",-117197.5,-116855.5,342
"2024-09-03","Opinion_poll",-121142.5,-120753.5,389
"2024-09-04","Opinion_poll",-114135,-113794,341
"2024-09-05","Opinion_poll",-112236.5,-111941.5,295
"2024-09-06","Opinion_poll",-110977,-110694,283
"2024-09-07","Opinion_poll",-104177,-103917,260
"2024-09-08","Opinion_poll",-106846,-106601,245
"2024-09-09","Opinion_poll",-118056,-117774,282
"2024-09-10","Opinion_poll",-155423,-155155,268
"2024-09-11","Opinion_poll",-620643,-620199,444
"2024-09-12","Opinion_poll",-280365,-279986,379
"2024-09-13","Opinion_poll",-219961.5,-219652.5,309
"2024-09-14","Opinion_poll",-180613.5,-180353.5,260
"2024-09-15","Opinion_poll",-195000,-194741,259
"2024-09-16","Opinion_poll",-188860.5,-188537.5,323
"2024-09-17","Opinion_poll",-164610.5,-164303.5,307
"2024-09-18","Opinion_poll",-147821,-147531,290
"2024-09-19","Opinion_poll",-138632,-138306,326
"2024-09-20","Opinion_poll",-132475,-132189,286
"2024-09-21","Opinion_poll",-128546.5,-128289.5,257
"2024-09-22","Opinion_poll",-134090,-133829,261
"2024-09-23","Opinion_poll",-132169.5,-131804.5,365
"2024-09-24","Opinion_poll",-121845,-121495,350
"2024-09-25","Opinion_poll",-123060.5,-122742.5,318
"2024-09-26","Opinion_poll",-116515.5,-116221.5,294
"2024-09-27","Opinion_poll",-103410,-103078,332
"2024-09-28","Opinion_poll",-97737,-97521,216
"2024-09-29","Opinion_poll",-120151,-119890,261
"2024-09-30","Opinion_poll",-128350,-128037,313
"2024-10-01","Opinion_poll",-161735,-161490,245
"2024-10-02","Opinion_poll",-489992.5,-489726.5,266
"2024-10-03","Opinion_poll",-179603,-179325,278
"2024-10-04","Opinion_poll",-129170.5,-128903.5,267
"2024-10-05","Opinion_poll",-116542.5,-116314.5,228
"2024-10-06","Opinion_poll",-118218.5,-117924.5,294
"2024-10-07","Opinion_poll",-122460,-122142,318
"2024-10-08","Opinion_poll",-124604.5,-124286.5,318
"2024-10-09","Opinion_poll",-118496.5,-118227.5,269
"2024-10-10","Opinion_poll",-109638,-109299,339
"2024-10-11","Opinion_poll",-113868.5,-113573.5,295
"2024-10-12","Opinion_poll",-108743,-108410,333
"2024-10-13","Opinion_poll",-126256.5,-125963.5,293
"2024-10-14","Opinion_poll",-131610,-131252,358
"2024-10-15","Opinion_poll",-130157.5,-129826.5,331
"2024-10-16","Opinion_poll",-138125,-137784,341
"2024-10-17","Opinion_poll",-141159.5,-140840.5,319
"2024-10-18","Opinion_poll",-140347,-140030,317
"2024-10-19","Opinion_poll",-130322,-130069,253
"2024-10-20","Opinion_poll",-161968.5,-161658.5,310
"2024-10-21","Opinion_poll",-185770,-185362,408
"2024-10-22","Opinion_poll",-175546.5,-175170.5,376
"2024-10-23","Opinion_poll",-175633.5,-175217.5,416
"2024-10-24","Opinion_poll",-183291,-182888,403
"2024-10-25","Opinion_poll",-186762.5,-186383.5,379
"2024-10-26","Opinion_poll",-183206,-182882,324
"2024-10-27","Opinion_poll",-211579,-211229,350
"2024-10-28","Opinion_poll",-253140.5,-252660.5,480
"2024-10-29","Opinion_poll",-271922,-271468,454
"2024-10-30","Opinion_poll",-272726,-272204,522
"2024-10-31","Opinion_poll",-266536.5,-266030.5,506
"2024-11-01","Opinion_poll",-296529.5,-296055.5,474
"2024-11-02","Opinion_poll",-303801.5,-303356.5,445
"2024-11-03","Opinion_poll",-425014.5,-424351.5,663
"2024-11-04","Opinion_poll",-644632.5,-643681.5,951
"2024-11-05","Opinion_poll",-1338598.5,-1337473.5,1125
"2024-11-06","Opinion_poll",-5638511.5,-5637719.5,792
"2024-11-07","Opinion_poll",-1954838.5,-1954406.5,432
"2024-11-08","Opinion_poll",-1096570,-1096238,332
"2024-11-09","Opinion_poll",-773827.5,-773560.5,267
"2024-11-10","Opinion_poll",-692109.5,-691871.5,238
"2024-11-11","Opinion_poll",-542124.5,-541825.5,299
"2024-11-12","Opinion_poll",-456585,-456249,336
"2024-11-13","Opinion_poll",-398484,-398211,273
"2024-11-14","Opinion_poll",-330237,-329982,255
"2024-11-15","Opinion_poll",-273069.5,-272820.5,249
"2024-11-16","Opinion_poll",-232085.5,-231887.5,198
"2024-11-17","Opinion_poll",-226786.5,-226567.5,219
"2024-11-18","Opinion_poll",-221967.5,-221643.5,324
"2024-11-19","Opinion_poll",-209701.5,-209452.5,249
"2024-11-20","Opinion_poll",-206145,-205840,305
"2024-11-21","Opinion_poll",-187516.5,-187274.5,242
"2024-11-22","Opinion_poll",-175335.5,-175082.5,253
"2024-11-23","Opinion_poll",-171559.5,-171310.5,249
"2024-11-24","Opinion_poll",-156821.5,-156629.5,192
"2024-11-25","Opinion_poll",-155113,-154905,208
"2024-11-26","Opinion_poll",-144656,-144462,194
"2024-11-27","Opinion_poll",-142317,-142125,192
"2024-11-28","Opinion_poll",-125865.5,-125638.5,227
"2024-11-29","Opinion_poll",-118578.5,-118427.5,151
"2024-11-30","Opinion_poll",-113594,-113391,203
"2024-12-01","Opinion_poll",-114701.5,-114466.5,235
"2024-12-02","Opinion_poll",-151224,-150971,253
"2024-12-03","Opinion_poll",-131467.5,-131275.5,192
"2024-12-04","Opinion_poll",-116840,-116620,220
"2024-12-05","Opinion_poll",-103407.5,-103169.5,238
"2024-12-06","Opinion_poll",-96956,-96731,225
"2024-12-07","Opinion_poll",-90855.5,-90721.5,134
"2024-12-08","Opinion_poll",-89672.5,-89453.5,219
"2024-12-09","Opinion_poll",-91178,-90974,204
"2024-12-10","Opinion_poll",-84263,-84056,207
"2024-12-11","Opinion_poll",-81466,-81088,378
"2024-12-12","Opinion_poll",-85747,-85391,356
"2024-12-13","Opinion_poll",-81318,-81104,214
"2024-12-14","Opinion_poll",-80120,-79929,191
"2024-12-15","Opinion_poll",-76920.5,-76749.5,171
"2024-12-16","Opinion_poll",-79110.5,-78859.5,251
"2024-12-17","Opinion_poll",-79699,-79485,214
"2024-12-18","Opinion_poll",-81822,-81623,199
"2024-12-19","Opinion_poll",-75230.5,-75022.5,208
"2024-12-20","Opinion_poll",-72977.5,-72764.5,213
"2024-12-21","Opinion_poll",-67643,-67438,205
"2024-12-22","Opinion_poll",-67016.5,-66845.5,171
"2024-12-23","Opinion_poll",-69727,-69542,185
"2024-12-24","Opinion_poll",-66524.5,-66384.5,140
"2024-12-25","Opinion_poll",-62683,-62554,129
"2024-12-26","Opinion_poll",-65590.5,-65446.5,144
"2024-12-27","Opinion_poll",-66245,-66073,172
"2024-12-28","Opinion_poll",-64117,-63932,185
"2024-12-29","Opinion_poll",-87451,-87309,142
"2024-12-30","Opinion_poll",-118798,-118652,146
"2024-12-31","Opinion_poll",-82312,-82165,147
"2024-01-01","Swing_state",-63677,-62975,702
"2024-01-02","Swing_state",-65573,-64680,893
"2024-01-03","Swing_state",-58567.5,-57399.5,1168
"2024-01-04","Swing_state",-58724.5,-57587.5,1137
"2024-01-05","Swing_state",-57933,-56790,1143
"2024-01-06","Swing_state",-60150.5,-59085.5,1065
"2024-01-07","Swing_state",-59064,-58110,954
"2024-01-08","Swing_state",-56352,-55444,908
"2024-01-09","Swing_state",-58837.5,-57899.5,938
"2024-01-10","Swing_state",-71404.5,-70395.5,1009
"2024-01-11","Swing_state",-77884.5,-76709.5,1175
"2024-01-12","Swing_state",-64434,-63378,1056
"2024-01-13","Swing_state",-64086,-63100,986
"2024-01-14","Swing_state",-67589,-66460,1129
"2024-01-15","Swing_state",-83120,-81693,1427
"2024-01-16","Swing_state",-198080,-192760,5320
"2024-01-17","Swing_state",-132956,-130563,2393
"2024-01-18","Swing_state",-91176.5,-89518.5,1658
"2024-01-19","Swing_state",-82796,-81204,1592
"2024-01-20","Swing_state",-74586.5,-72979.5,1607
"2024-01-21","Swing_state",-102735,-100818,1917
"2024-01-22","Swing_state",-118215,-115885,2330
"2024-01-23","Swing_state",-102141,-100113,2028
"2024-01-24","Swing_state",-152799.5,-150270.5,2529
"2024-01-25","Swing_state",-91996,-90635,1361
"2024-01-26","Swing_state",-79133,-78070,1063
"2024-01-27","Swing_state",-76842.5,-75846.5,996
"2024-01-28","Swing_state",-72963,-71987,976
"2024-01-29","Swing_state",-69925.5,-68925.5,1000
"2024-01-30","Swing_state",-66149.5,-65224.5,925
"2024-01-31","Swing_state",-61587.5,-60527.5,1060
"2024-02-01","Swing_state",-56315.5,-55301.5,1014
"2024-02-02","Swing_state",-54475.5,-53619.5,856
"2024-02-03","Swing_state",-54863.5,-54021.5,842
"2024-02-04","Swing_state",-68858.5,-67778.5,1080
"2024-02-05","Swing_state",-63760.5,-62847.5,913
"2024-02-06","Swing_state",-65785.5,-64945.5,840
"2024-02-07","Swing_state",-67256.5,-66328.5,928
"2024-02-08","Swing_state",-75874.5,-74912.5,962
"2024-02-09","Swing_state",-154792.5,-153883.5,909
"2024-02-10","Swing_state",-83717.5,-82994.5,723
"2024-02-11","Swing_state",-125189.5,-124289.5,900
"2024-02-12","Swing_state",-105455.5,-104571.5,884
"2024-02-13","Swing_state",-80482,-79694,788
"2024-02-14","Swing_state",-73528,-72639,889
"2024-02-15","Swing_state",-64111.5,-63304.5,807
"2024-02-16","Swing_state",-66501.5,-65733.5,768
"2024-02-17","Swing_state",-62514,-61892,622
"2024-02-18","Swing_state",-62490,-61846,644
"2024-02-19","Swing_state",-70093.5,-69349.5,744
"2024-02-20","Swing_state",-68443,-67598,845
"2024-02-21","Swing_state",-74253.5,-73475.5,778
"2024-02-22","Swing_state",-66201,-65411,790
"2024-02-23","Swing_state",-68837.5,-68134.5,703
"2024-02-24","Swing_state",-73555,-72838,717
"2024-02-25","Swing_state",-118598.5,-117431.5,1167
"2024-02-26","Swing_state",-70902.5,-69940.5,962
"2024-02-27","Swing_state",-69952,-68846,1106
"2024-02-28","Swing_state",-85523,-83728,1795
"2024-02-29","Swing_state",-69754,-68144,1610
"2024-03-01","Swing_state",-58014.5,-57053.5,961
"2024-03-02","Swing_state",-53986.5,-53215.5,771
"2024-03-03","Swing_state",-69609,-68466,1143
"2024-03-04","Swing_state",-99080.5,-97768.5,1312
"2024-03-05","Swing_state",-103211,-101653,1558
"2024-03-06","Swing_state",-186951.5,-183535.5,3416
"2024-03-07","Swing_state",-116480.5,-114746.5,1734
"2024-03-08","Swing_state",-169551,-168090,1461
"2024-03-09","Swing_state",-82284.5,-81108.5,1176
"2024-03-10","Swing_state",-82519.5,-81279.5,1240
"2024-03-11","Swing_state",-67331.5,-66172.5,1159
"2024-03-12","Swing_state",-77826,-76678,1148
"2024-03-13","Swing_state",-107996.5,-106655.5,1341
"2024-03-14","Swing_state",-70338,-69044,1294
"2024-03-15","Swing_state",-65002.5,-63872.5,1130
"2024-03-16","Swing_state",-56335,-55469,866
"2024-03-17","Swing_state",-63961.5,-62935.5,1026
"2024-03-18","Swing_state",-69452,-68045,1407
"2024-03-19","Swing_state",-66561,-65356,1205
"2024-03-20","Swing_state",-72121.5,-70918.5,1203
"2024-03-21","Swing_state",-65127.5,-64069.5,1058
"2024-03-22","Swing_state",-55776.5,-54767.5,1009
"2024-03-23","Swing_state",-50356.5,-49514.5,842
"2024-03-24","Swing_state",-52997.5,-52141.5,856
"2024-03-25","Swing_state",-56473.5,-55613.5,860
"2024-03-26","Swing_state",-59754,-58834,920
"2024-03-27","Swing_state",-59074.5,-58066.5,1008
"2024-03-28","Swing_state",-56576,-55644,932
"2024-03-29","Swing_state",-55582.5,-54732.5,850
"2024-03-30","Swing_state",-53094,-52296,798
"2024-03-31","Swing_state",-51908,-51164,744
"2024-04-01","Swing_state",-50815,-50064,751
"2024-04-02","Swing_state",-53768.5,-52884.5,884
"2024-04-03","Swing_state",-59452,-57971,1481
"2024-04-04","Swing_state",-52626.5,-51246.5,1380
"2024-04-05","Swing_state",-59048.5,-57993.5,1055
"2024-04-06","Swing_state",-52968.5,-52088.5,880
"2024-04-07","Swing_state",-51541.5,-50651.5,890
"2024-04-08","Swing_state",-58016,-56993,1023
"2024-04-09","Swing_state",-55910.5,-54853.5,1057
"2024-04-10","Swing_state",-58278,-57128,1150
"2024-04-11","Swing_state",-58793.5,-57660.5,1133
"2024-04-12","Swing_state",-52686,-51708,978
"2024-04-13","Swing_state",-54760.5,-53948.5,812
"2024-04-14","Swing_state",-64404.5,-63665.5,739
"2024-04-15","Swing_state",-58747.5,-57928.5,819
"2024-04-16","Swing_state",-53499,-52758,741
"2024-04-17","Swing_state",-53079.5,-52180.5,899
"2024-04-18","Swing_state",-53791.5,-52903.5,888
"2024-04-19","Swing_state",-56014,-55185,829
"2024-04-20","Swing_state",-47630.5,-46913.5,717
"2024-04-21","Swing_state",-45662,-44829,833
"2024-04-22","Swing_state",-54121,-53273,848
"2024-04-23","Swing_state",-56475.5,-55669.5,806
"2024-04-24","Swing_state",-62695.5,-61738.5,957
"2024-04-25","Swing_state",-64042,-63073,969
"2024-04-26","Swing_state",-59957,-59147,810
"2024-04-27","Swing_state",-59879,-59179,700
"2024-04-28","Swing_state",-62548,-61771,777
"2024-04-29","Swing_state",-61394,-60469,925
"2024-04-30","Swing_state",-59604.5,-58583.5,1021
"2024-05-01","Swing_state",-61146,-60066,1080
"2024-05-02","Swing_state",-62548,-61485,1063
"2024-05-03","Swing_state",-54377.5,-53550.5,827
"2024-05-04","Swing_state",-48463,-47748,715
"2024-05-05","Swing_state",-46776.5,-46052.5,724
"2024-05-06","Swing_state",-53970.5,-53094.5,876
"2024-05-07","Swing_state",-64272,-63568,704
"2024-05-08","Swing_state",-63628,-62783,845
"2024-05-09","Swing_state",-54942.5,-54058.5,884
"2024-05-10","Swing_state",-53338,-52563,775
"2024-05-11","Swing_state",-46699.5,-46048.5,651
"2024-05-12","Swing_state",-45155,-44452,703
"2024-05-13","Swing_state",-58211,-57014,1197
"2024-05-14","Swing_state",-59156.5,-57751.5,1405
"2024-05-15","Swing_state",-61452,-60459,993
"2024-05-16","Swing_state",-58815,-58023,792
"2024-05-17","Swing_state",-54440.5,-53652.5,788
"2024-05-18","Swing_state",-48258,-47623,635
"2024-05-19","Swing_state",-52529,-51817,712
"2024-05-20","Swing_state",-56355.5,-55607.5,748
"2024-05-21","Swing_state",-68939.5,-68158.5,781
"2024-05-22","Swing_state",-76290,-75279,1011
"2024-05-23","Swing_state",-72739,-71789,950
"2024-05-24","Swing_state",-75217.5,-74232.5,985
"2024-05-25","Swing_state",-64980.5,-64248.5,732
"2024-05-26","Swing_state",-67085,-66302,783
"2024-05-27","Swing_state",-67404,-66555,849
"2024-05-28","Swing_state",-72854.5,-71930.5,924
"2024-05-29","Swing_state",-83586,-82604,982
"2024-05-30","Swing_state",-226686.5,-225225.5,1461
"2024-05-31","Swing_state",-352519.5,-350538.5,1981
"2024-06-01","Swing_state",-135874.5,-134481.5,1393
"2024-06-02","Swing_state",-109156.5,-107853.5,1303
"2024-06-03","Swing_state",-106481.5,-105313.5,1168
"2024-06-04","Swing_state",-98538,-97245,1293
"2024-06-05","Swing_state",-96930.5,-95681.5,1249
"2024-06-06","Swing_state",-113621.5,-112589.5,1032
"2024-06-07","Swing_state",-111833,-110820,1013
"2024-06-08","Swing_state",-128903,-128006,897
"2024-06-09","Swing_state",-118659,-117243,1416
"2024-06-10","Swing_state",-102755.5,-101577.5,1178
"2024-06-11","Swing_state",-142955.5,-141953.5,1002
"2024-06-12","Swing_state",-135621,-134547,1074
"2024-06-13","Swing_state",-102307.5,-101505.5,802
"2024-06-14","Swing_state",-118111,-117384,727
"2024-06-15","Swing_state",-92488.5,-91884.5,604
"2024-06-16","Swing_state",-84028,-83218,810
"2024-06-17","Swing_state",-97902.5,-96575.5,1327
"2024-06-18","Swing_state",-89758.5,-88284.5,1474
"2024-06-19","Swing_state",-87488,-86539,949
"2024-06-20","Swing_state",-92880,-91980,900
"2024-06-21","Swing_state",-89902,-88762,1140
"2024-06-22","Swing_state",-88402.5,-87412.5,990
"2024-06-23","Swing_state",-93560.5,-92430.5,1130
"2024-06-24","Swing_state",-97528,-96330,1198
"2024-06-25","Swing_state",-92571,-91383,1188
"2024-06-26","Swing_state",-103452,-102400,1052
"2024-06-27","Swing_state",-115254.5,-113860.5,1394
"2024-06-28","Swing_state",-563773,-560118,3655
"2024-06-29","Swing_state",-282698.5,-280791.5,1907
"2024-06-30","Swing_state",-223260.5,-221242.5,2018
"2024-07-01","Swing_state",-244134.5,-242244.5,1890
"2024-07-02","Swing_state",-274393,-272595,1798
"2024-07-03","Swing_state",-372317.5,-370485.5,1832
"2024-07-04","Swing_state",-373130.5,-371259.5,1871
"2024-07-05","Swing_state",-373877,-372038,1839
"2024-07-06","Swing_state",-357161.5,-355336.5,1825
"2024-07-07","Swing_state",-322912,-320800,2112
"2024-07-08","Swing_state",-331516,-329052,2464
"2024-07-09","Swing_state",-353658,-351879,1779
"2024-07-10","Swing_state",-332903,-331334,1569
"2024-07-11","Swing_state",-326161.5,-324353.5,1808
"2024-07-12","Swing_state",-374440.5,-372392.5,2048
"2024-07-13","Swing_state",-343935.5,-341463.5,2472
"2024-07-14","Swing_state",-789485,-782587,6898
"2024-07-15","Swing_state",-3045352,-3038643,6709
"2024-07-16","Swing_state",-1968171.5,-1962620.5,5551
"2024-07-17","Swing_state",-835305,-831343,3962
"2024-07-18","Swing_state",-992295,-987180,5115
"2024-07-19","Swing_state",-742355,-736334,6021
"2024-07-20","Swing_state",-459390,-454961,4429
"2024-07-21","Swing_state",-1575359,-1561405,13954
"2024-07-22","Swing_state",-2104736,-2086969,17767
"2024-07-23","Swing_state",-1435841.5,-1422587.5,13254
"2024-07-24","Swing_state",-941494.5,-932438.5,9056
"2024-07-25","Swing_state",-813250,-805010,8240
"2024-07-26","Swing_state",-634449.5,-626742.5,7707
"2024-07-27","Swing_state",-472475,-466702,5773
"2024-07-28","Swing_state",-414169.5,-408815.5,5354
"2024-07-29","Swing_state",-378915.5,-373595.5,5320
"2024-07-30","Swing_state",-375420.5,-370177.5,5243
"2024-07-31","Swing_state",-452592,-447009,5583
"2024-08-01","Swing_state",-525393,-521645,3748
"2024-08-02","Swing_state",-358112,-354846,3266
"2024-08-03","Swing_state",-297056.5,-293816.5,3240
"2024-08-04","Swing_state",-292495.5,-288990.5,3505
"2024-08-05","Swing_state",-349264,-345250,4014
"2024-08-06","Swing_state",-2301527.5,-2285443.5,16084
"2024-08-07","Swing_state",-1146157,-1138041,8116
"2024-08-08","Swing_state",-537841.5,-533630.5,4211
"2024-08-09","Swing_state",-336718.5,-333598.5,3120
"2024-08-10","Swing_state",-273188.5,-269448.5,3740
"2024-08-11","Swing_state",-245434,-241841,3593
"2024-08-12","Swing_state",-264214.5,-261137.5,3077
"2024-08-13","Swing_state",-220700,-217886,2814
"2024-08-14","Swing_state",-196855,-193825,3030
"2024-08-15","Swing_state",-191610,-188849,2761
"2024-08-16","Swing_state",-192966,-190363,2603
"2024-08-17","Swing_state",-175887,-173100,2787
"2024-08-18","Swing_state",-180150,-176772,3378
"2024-08-19","Swing_state",-189174,-185545,3629
"2024-08-20","Swing_state",-386931.5,-383285.5,3646
"2024-08-21","Swing_state",-403847.5,-399622.5,4225
"2024-08-22","Swing_state",-612514.5,-608592.5,3922
"2024-08-23","Swing_state",-687886,-682633,5253
"2024-08-24","Swing_state",-271052,-266528,4524
"2024-08-25","Swing_state",-200999.5,-197155.5,3844
"2024-08-26","Swing_state",-174340.5,-170877.5,3463
"2024-08-27","Swing_state",-155636.5,-152506.5,3130
"2024-08-28","Swing_state",-147049.5,-144420.5,2629
"2024-08-29","Swing_state",-140971.5,-138208.5,2763
"2024-08-30","Swing_state",-157998,-155628,2370
"2024-08-31","Swing_state",-125359,-123256,2103
"2024-09-01","Swing_state",-115356,-112905,2451
"2024-09-02","Swing_state",-116855.5,-114067.5,2788
"2024-09-03","Swing_state",-120753.5,-118321.5,2432
"2024-09-04","Swing_state",-113794,-111195,2599
"2024-09-05","Swing_state",-111941.5,-109448.5,2493
"2024-09-06","Swing_state",-110694,-108578,2116
"2024-09-07","Swing_state",-103917,-101947,1970
"2024-09-08","Swing_state",-106601,-104414,2187
"2024-09-09","Swing_state",-117774,-115266,2508
"2024-09-10","Swing_state",-155155,-151819,3336
"2024-09-11","Swing_state",-620199,-612853,7346
"2024-09-12","Swing_state",-279986,-274964,5022
"2024-09-13","Swing_state",-219652.5,-215564.5,4088
"2024-09-14","Swing_state",-180353.5,-177147.5,3206
"2024-09-15","Swing_state",-194741,-191536,3205
"2024-09-16","Swing_state",-188537.5,-185460.5,3077
"2024-09-17","Swing_state",-164303.5,-161304.5,2999
"2024-09-18","Swing_state",-147531,-144525,3006
"2024-09-19","Swing_state",-138306,-134964,3342
"2024-09-20","Swing_state",-132189,-128282,3907
"2024-09-21","Swing_state",-128289.5,-125154.5,3135
"2024-09-22","Swing_state",-133829,-130788,3041
"2024-09-23","Swing_state",-131804.5,-128157.5,3647
"2024-09-24","Swing_state",-121495,-117717,3778
"2024-09-25","Swing_state",-122742.5,-118931.5,3811
"2024-09-26","Swing_state",-116221.5,-113293.5,2928
"2024-09-27","Swing_state",-103078,-99966,3112
"2024-09-28","Swing_state",-97521,-94652,2869
"2024-09-29","Swing_state",-119890,-114802,5088
"2024-09-30","Swing_state",-128037,-124752,3285
"2024-10-01","Swing_state",-161490,-158285,3205
"2024-10-02","Swing_state",-489726.5,-486151.5,3575
"2024-10-03","Swing_state",-179325,-176000,3325
"2024-10-04","Swing_state",-128903.5,-125635.5,3268
"2024-10-05","Swing_state",-116314.5,-113034.5,3280
"2024-10-06","Swing_state",-117924.5,-114211.5,3713
"2024-10-07","Swing_state",-122142,-117746,4396
"2024-10-08","Swing_state",-124286.5,-119436.5,4850
"2024-10-09","Swing_state",-118227.5,-113235.5,4992
"2024-10-10","Swing_state",-109299,-105075,4224
"2024-10-11","Swing_state",-113573.5,-109716.5,3857
"2024-10-12","Swing_state",-108410,-104851,3559
"2024-10-13","Swing_state",-125963.5,-122363.5,3600
"2024-10-14","Swing_state",-131252,-126794,4458
"2024-10-15","Swing_state",-129826.5,-125043.5,4783
"2024-10-16","Swing_state",-137784,-131759,6025
"2024-10-17","Swing_state",-140840.5,-134578.5,6262
"2024-10-18","Swing_state",-140030,-133990,6040
"2024-10-19","Swing_state",-130069,-124980,5089
"2024-10-20","Swing_state",-161658.5,-155424.5,6234
"2024-10-21","Swing_state",-185362,-177065,8297
"2024-10-22","Swing_state",-175170.5,-166386.5,8784
"2024-10-23","Swing_state",-175217.5,-167278.5,7939
"2024-10-24","Swing_state",-182888,-174481,8407
"2024-10-25","Swing_state",-186383.5,-177940.5,8443
"2024-10-26","Swing_state",-182882,-175276,7606
"2024-10-27","Swing_state",-211229,-202168,9061
"2024-10-28","Swing_state",-252660.5,-239919.5,12741
"2024-10-29","Swing_state",-271468,-255130,16338
"2024-10-30","Swing_state",-272204,-255140,17064
"2024-10-31","Swing_state",-266030.5,-250043.5,15987
"2024-11-01","Swing_state",-296055.5,-281863.5,14192
"2024-11-02","Swing_state",-303356.5,-288911.5,14445
"2024-11-03","Swing_state",-424351.5,-396697.5,27654
"2024-11-04","Swing_state",-643681.5,-594034.5,49647
"2024-11-05","Swing_state",-1337473.5,-1226877.5,110596
"2024-11-06","Swing_state",-5637719.5,-5385072.5,252647
"2024-11-07","Swing_state",-1954406.5,-1922688.5,31718
"2024-11-08","Swing_state",-1096238,-1082526,13712
"2024-11-09","Swing_state",-773560.5,-763793.5,9767
"2024-11-10","Swing_state",-691871.5,-676141.5,15730
"2024-11-11","Swing_state",-541825.5,-531070.5,10755
"2024-11-12","Swing_state",-456249,-449825,6424
"2024-11-13","Swing_state",-398211,-393547,4664
"2024-11-14","Swing_state",-329982,-326248,3734
"2024-11-15","Swing_state",-272820.5,-269568.5,3252
"2024-11-16","Swing_state",-231887.5,-229363.5,2524
"2024-11-17","Swing_state",-226567.5,-223994.5,2573
"2024-11-18","Swing_state",-221643.5,-219071.5,2572
"2024-11-19","Swing_state",-209452.5,-207196.5,2256
"2024-11-20","Swing_state",-205840,-203735,2105
"2024-11-21","Swing_state",-187274.5,-185268.5,2006
"2024-11-22","Swing_state",-175082.5,-173255.5,1827
"2024-11-23","Swing_state",-171310.5,-169599.5,1711
"2024-11-24","Swing_state",-156629.5,-155032.5,1597
"2024-11-25","Swing_state",-154905,-153128,1777
"2024-11-26","Swing_state",-144462,-142915,1547
"2024-11-27","Swing_state",-142125,-140558,1567
"2024-11-28","Swing_state",-125638.5,-124165.5,1473
"2024-11-29","Swing_state",-118427.5,-117096.5,1331
"2024-11-30","Swing_state",-113391,-112146,1245
"2024-12-01","Swing_state",-114466.5,-113309.5,1157
"2024-12-02","Swing_state",-150971,-149549,1422
"2024-12-03","Swing_state",-131275.5,-129923.5,1352
"2024-12-04","Swing_state",-116620,-115410,1210
"2024-12-05","Swing_state",-103169.5,-102026.5,1143
"2024-12-06","Swing_state",-96731,-95717,1014
"2024-12-07","Swing_state",-90721.5,-89845.5,876
"2024-12-08","Swing_state",-89453.5,-88567.5,886
"2024-12-09","Swing_state",-90974,-90038,936
"2024-12-10","Swing_state",-84056,-83148,908
"2024-12-11","Swing_state",-81088,-80153,935
"2024-12-12","Swing_state",-85391,-84519,872
"2024-12-13","Swing_state",-81104,-80340,764
"2024-12-14","Swing_state",-79929,-79272,657
"2024-12-15","Swing_state",-76749.5,-76066.5,683
"2024-12-16","Swing_state",-78859.5,-78030.5,829
"2024-12-17","Swing_state",-79485,-78536,949
"2024-12-18","Swing_state",-81623,-80586,1037
"2024-12-19","Swing_state",-75022.5,-74257.5,765
"2024-12-20","Swing_state",-72764.5,-72098.5,666
"2024-12-21","Swing_state",-67438,-66845,593
"2024-12-22","Swing_state",-66845.5,-66294.5,551
"2024-12-23","Swing_state",-69542,-68856,686
"2024-12-24","Swing_state",-66384.5,-65782.5,602
"2024-12-25","Swing_state",-62554,-61930,624
"2024-12-26","Swing_state",-65446.5,-64809.5,637
"2024-12-27","Swing_state",-66073,-65488,585
"2024-12-28","Swing_state",-63932,-63347,585
"2024-12-29","Swing_state",-87309,-86664,645
"2024-12-30","Swing_state",-118652,-118059,593
"2024-12-31","Swing_state",-82165,-81556,609
"2024-01-01","Joe_Biden",-62975,-27985,34990
"2024-01-02","Joe_Biden",-64680,-31656,33024
"2024-01-03","Joe_Biden",-57399.5,-32180.5,25219
"2024-01-04","Joe_Biden",-57587.5,-33036.5,24551
"2024-01-05","Joe_Biden",-56790,-28430,28360
"2024-01-06","Joe_Biden",-59085.5,-29660.5,29425
"2024-01-07","Joe_Biden",-58110,-30977,27133
"2024-01-08","Joe_Biden",-55444,-29957,25487
"2024-01-09","Joe_Biden",-57899.5,-30449.5,27450
"2024-01-10","Joe_Biden",-70395.5,-41254.5,29141
"2024-01-11","Joe_Biden",-76709.5,-41248.5,35461
"2024-01-12","Joe_Biden",-63378,-29758,33620
"2024-01-13","Joe_Biden",-63100,-27699,35401
"2024-01-14","Joe_Biden",-66460,-33118,33342
"2024-01-15","Joe_Biden",-81693,-45983,35710
"2024-01-16","Joe_Biden",-192760,-129939,62821
"2024-01-17","Joe_Biden",-130563,-83750,46813
"2024-01-18","Joe_Biden",-89518.5,-57347.5,32171
"2024-01-19","Joe_Biden",-81204,-50985,30219
"2024-01-20","Joe_Biden",-72979.5,-43547.5,29432
"2024-01-21","Joe_Biden",-100818,-65574,35244
"2024-01-22","Joe_Biden",-115885,-75639,40246
"2024-01-23","Joe_Biden",-100113,-62581,37532
"2024-01-24","Joe_Biden",-150270.5,-91637.5,58633
"2024-01-25","Joe_Biden",-90635,-53392,37243
"2024-01-26","Joe_Biden",-78070,-44677,33393
"2024-01-27","Joe_Biden",-75846.5,-43455.5,32391
"2024-01-28","Joe_Biden",-71987,-37805,34182
"2024-01-29","Joe_Biden",-68925.5,-33766.5,35159
"2024-01-30","Joe_Biden",-65224.5,-32560.5,32664
"2024-01-31","Joe_Biden",-60527.5,-29672.5,30855
"2024-02-01","Joe_Biden",-55301.5,-26208.5,29093
"2024-02-02","Joe_Biden",-53619.5,-23581.5,30038
"2024-02-03","Joe_Biden",-54021.5,-23218.5,30803
"2024-02-04","Joe_Biden",-67778.5,-33216.5,34562
"2024-02-05","Joe_Biden",-62847.5,-34495.5,28352
"2024-02-06","Joe_Biden",-64945.5,-30819.5,34126
"2024-02-07","Joe_Biden",-66328.5,-30037.5,36291
"2024-02-08","Joe_Biden",-74912.5,-24945.5,49967
"2024-02-09","Joe_Biden",-153883.5,2938.5,156822
"2024-02-10","Joe_Biden",-82994.5,-20785.5,62209
"2024-02-11","Joe_Biden",-124289.5,-71202.5,53087
"2024-02-12","Joe_Biden",-104571.5,-51871.5,52700
"2024-02-13","Joe_Biden",-79694,-36295,43399
"2024-02-14","Joe_Biden",-72639,-32129,40510
"2024-02-15","Joe_Biden",-63304.5,-21162.5,42142
"2024-02-16","Joe_Biden",-65733.5,-28098.5,37635
"2024-02-17","Joe_Biden",-61892,-30346,31546
"2024-02-18","Joe_Biden",-61846,-30600,31246
"2024-02-19","Joe_Biden",-69349.5,-36538.5,32811
"2024-02-20","Joe_Biden",-67598,-36447,31151
"2024-02-21","Joe_Biden",-73475.5,-42534.5,30941
"2024-02-22","Joe_Biden",-65411,-24803,40608
"2024-02-23","Joe_Biden",-68134.5,-32820.5,35314
"2024-02-24","Joe_Biden",-72838,-22803,50035
"2024-02-25","Joe_Biden",-117431.5,-29436.5,87995
"2024-02-26","Joe_Biden",-69940.5,-34961.5,34979
"2024-02-27","Joe_Biden",-68846,-34698,34148
"2024-02-28","Joe_Biden",-83728,-35177,48551
"2024-02-29","Joe_Biden",-68144,-34137,34007
"2024-03-01","Joe_Biden",-57053.5,-28017.5,29036
"2024-03-02","Joe_Biden",-53215.5,-25982.5,27233
"2024-03-03","Joe_Biden",-68466,-36756,31710
"2024-03-04","Joe_Biden",-97768.5,-63415.5,34353
"2024-03-05","Joe_Biden",-101653,-60872,40781
"2024-03-06","Joe_Biden",-183535.5,-117408.5,66127
"2024-03-07","Joe_Biden",-114746.5,-73215.5,41531
"2024-03-08","Joe_Biden",-168090,-32737,135353
"2024-03-09","Joe_Biden",-81108.5,-37385.5,43723
"2024-03-10","Joe_Biden",-81279.5,-44393.5,36886
"2024-03-11","Joe_Biden",-66172.5,-36214.5,29958
"2024-03-12","Joe_Biden",-76678,-39072,37606
"2024-03-13","Joe_Biden",-106655.5,-63102.5,43553
"2024-03-14","Joe_Biden",-69044,-40374,28670
"2024-03-15","Joe_Biden",-63872.5,-37251.5,26621
"2024-03-16","Joe_Biden",-55469,-32373,23096
"2024-03-17","Joe_Biden",-62935.5,-35699.5,27236
"2024-03-18","Joe_Biden",-68045,-40060,27985
"2024-03-19","Joe_Biden",-65356,-39566,25790
"2024-03-20","Joe_Biden",-70918.5,-45155.5,25763
"2024-03-21","Joe_Biden",-64069.5,-41911.5,22158
"2024-03-22","Joe_Biden",-54767.5,-34301.5,20466
"2024-03-23","Joe_Biden",-49514.5,-29805.5,19709
"2024-03-24","Joe_Biden",-52141.5,-29812.5,22329
"2024-03-25","Joe_Biden",-55613.5,-34707.5,20906
"2024-03-26","Joe_Biden",-58834,-33782,25052
"2024-03-27","Joe_Biden",-58066.5,-31411.5,26655
"2024-03-28","Joe_Biden",-55644,-28682,26962
"2024-03-29","Joe_Biden",-54732.5,-29660.5,25072
"2024-03-30","Joe_Biden",-52296,-27945,24351
"2024-03-31","Joe_Biden",-51164,-25494,25670
"2024-04-01","Joe_Biden",-50064,-27526,22538
"2024-04-02","Joe_Biden",-52884.5,-30847.5,22037
"2024-04-03","Joe_Biden",-57971,-34386,23585
"2024-04-04","Joe_Biden",-51246.5,-29584.5,21662
"2024-04-05","Joe_Biden",-57993.5,-29927.5,28066
"2024-04-06","Joe_Biden",-52088.5,-31972.5,20116
"2024-04-07","Joe_Biden",-50651.5,-29575.5,21076
"2024-04-08","Joe_Biden",-56993,-24188,32805
"2024-04-09","Joe_Biden",-54853.5,-26422.5,28431
"2024-04-10","Joe_Biden",-57128,-29067,28061
"2024-04-11","Joe_Biden",-57660.5,-29280.5,28380
"2024-04-12","Joe_Biden",-51708,-27981,23727
"2024-04-13","Joe_Biden",-53948.5,-22254.5,31694
"2024-04-14","Joe_Biden",-63665.5,-26880.5,36785
"2024-04-15","Joe_Biden",-57928.5,-34599.5,23329
"2024-04-16","Joe_Biden",-52758,-29145,23613
"2024-04-17","Joe_Biden",-52180.5,-29727.5,22453
"2024-04-18","Joe_Biden",-52903.5,-29415.5,23488
"2024-04-19","Joe_Biden",-55185,-28121,27064
"2024-04-20","Joe_Biden",-46913.5,-21323.5,25590
"2024-04-21","Joe_Biden",-44829,-21560,23269
"2024-04-22","Joe_Biden",-53273,-28069,25204
"2024-04-23","Joe_Biden",-55669.5,-30975.5,24694
"2024-04-24","Joe_Biden",-61738.5,-28806.5,32932
"2024-04-25","Joe_Biden",-63073,-32482,30591
"2024-04-26","Joe_Biden",-59147,-26330,32817
"2024-04-27","Joe_Biden",-59179,-23675,35504
"2024-04-28","Joe_Biden",-61771,-26527,35244
"2024-04-29","Joe_Biden",-60469,-30282,30187
"2024-04-30","Joe_Biden",-58583.5,-30239.5,28344
"2024-05-01","Joe_Biden",-60066,-33724,26342
"2024-05-02","Joe_Biden",-61485,-34630,26855
"2024-05-03","Joe_Biden",-53550.5,-31100.5,22450
"2024-05-04","Joe_Biden",-47748,-27948,19800
"2024-05-05","Joe_Biden",-46052.5,-26610.5,19442
"2024-05-06","Joe_Biden",-53094.5,-29696.5,23398
"2024-05-07","Joe_Biden",-63568,-36859,26709
"2024-05-08","Joe_Biden",-62783,-35499,27284
"2024-05-09","Joe_Biden",-54058.5,-30019.5,24039
"2024-05-10","Joe_Biden",-52563,-32899,19664
"2024-05-11","Joe_Biden",-46048.5,-28866.5,17182
"2024-05-12","Joe_Biden",-44452,-26914,17538
"2024-05-13","Joe_Biden",-57014,-37729,19285
"2024-05-14","Joe_Biden",-57751.5,-37116.5,20635
"2024-05-15","Joe_Biden",-60459,-32637,27822
"2024-05-16","Joe_Biden",-58023,-31998,26025
"2024-05-17","Joe_Biden",-53652.5,-31879.5,21773
"2024-05-18","Joe_Biden",-47623,-29239,18384
"2024-05-19","Joe_Biden",-51817,-30213,21604
"2024-05-20","Joe_Biden",-55607.5,-31156.5,24451
"2024-05-21","Joe_Biden",-68158.5,-43304.5,24854
"2024-05-22","Joe_Biden",-75279,-51854,23425
"2024-05-23","Joe_Biden",-71789,-46700,25089
"2024-05-24","Joe_Biden",-74232.5,-52444.5,21788
"2024-05-25","Joe_Biden",-64248.5,-44413.5,19835
"2024-05-26","Joe_Biden",-66302,-44852,21450
"2024-05-27","Joe_Biden",-66555,-42946,23609
"2024-05-28","Joe_Biden",-71930.5,-48879.5,23051
"2024-05-29","Joe_Biden",-82604,-56351,26253
"2024-05-30","Joe_Biden",-225225.5,-190075.5,35150
"2024-05-31","Joe_Biden",-350538.5,-301874.5,48664
"2024-06-01","Joe_Biden",-134481.5,-101315.5,33166
"2024-06-02","Joe_Biden",-107853.5,-78587.5,29266
"2024-06-03","Joe_Biden",-105313.5,-61742.5,43571
"2024-06-04","Joe_Biden",-97245,-50553,46692
"2024-06-05","Joe_Biden",-95681.5,-49522.5,46159
"2024-06-06","Joe_Biden",-112589.5,-45464.5,67125
"2024-06-07","Joe_Biden",-110820,-47261,63559
"2024-06-08","Joe_Biden",-128006,-85170,42836
"2024-06-09","Joe_Biden",-117243,-80051,37192
"2024-06-10","Joe_Biden",-101577.5,-62180.5,39397
"2024-06-11","Joe_Biden",-141953.5,-41551.5,100402
"2024-06-12","Joe_Biden",-134547,-47933,86614
"2024-06-13","Joe_Biden",-101505.5,-58055.5,43450
"2024-06-14","Joe_Biden",-117384,-71122,46262
"2024-06-15","Joe_Biden",-91884.5,-53086.5,38798
"2024-06-16","Joe_Biden",-83218,-51240,31978
"2024-06-17","Joe_Biden",-96575.5,-65899.5,30676
"2024-06-18","Joe_Biden",-88284.5,-60042.5,28242
"2024-06-19","Joe_Biden",-86539,-53899,32640
"2024-06-20","Joe_Biden",-91980,-58191,33789
"2024-06-21","Joe_Biden",-88762,-58422,30340
"2024-06-22","Joe_Biden",-87412.5,-65201.5,22211
"2024-06-23","Joe_Biden",-92430.5,-69131.5,23299
"2024-06-24","Joe_Biden",-96330,-73079,23251
"2024-06-25","Joe_Biden",-91383,-65061,26322
"2024-06-26","Joe_Biden",-102400,-76424,25976
"2024-06-27","Joe_Biden",-113860.5,-67040.5,46820
"2024-06-28","Joe_Biden",-560118,-205218,354900
"2024-06-29","Joe_Biden",-280791.5,-119896.5,160895
"2024-06-30","Joe_Biden",-221242.5,-102641.5,118601
"2024-07-01","Joe_Biden",-242244.5,-152831.5,89413
"2024-07-02","Joe_Biden",-272595,-191762,80833
"2024-07-03","Joe_Biden",-370485.5,-277662.5,92823
"2024-07-04","Joe_Biden",-371259.5,-286101.5,85158
"2024-07-05","Joe_Biden",-372038,-292654,79384
"2024-07-06","Joe_Biden",-355336.5,-271759.5,83577
"2024-07-07","Joe_Biden",-320800,-246924,73876
"2024-07-08","Joe_Biden",-329052,-254329,74723
"2024-07-09","Joe_Biden",-351879,-277982,73897
"2024-07-10","Joe_Biden",-331334,-267195,64139
"2024-07-11","Joe_Biden",-324353.5,-243349.5,81004
"2024-07-12","Joe_Biden",-372392.5,-239053.5,133339
"2024-07-13","Joe_Biden",-341463.5,-263135.5,78328
"2024-07-14","Joe_Biden",-782587,-650012,132575
"2024-07-15","Joe_Biden",-3038643,-2946345,92298
"2024-07-16","Joe_Biden",-1962620.5,-1871895.5,90725
"2024-07-17","Joe_Biden",-831343,-747969,83374
"2024-07-18","Joe_Biden",-987180,-857210,129970
"2024-07-19","Joe_Biden",-736334,-601076,135258
"2024-07-20","Joe_Biden",-454961,-364075,90886
"2024-07-21","Joe_Biden",-1561405,-1140320,421085
"2024-07-22","Joe_Biden",-2086969,-1624152,462817
"2024-07-23","Joe_Biden",-1422587.5,-1129308.5,293279
"2024-07-24","Joe_Biden",-932438.5,-800497.5,131941
"2024-07-25","Joe_Biden",-805010,-644879,160131
"2024-07-26","Joe_Biden",-626742.5,-553067.5,73675
"2024-07-27","Joe_Biden",-466702,-413336,53366
"2024-07-28","Joe_Biden",-408815.5,-364749.5,44066
"2024-07-29","Joe_Biden",-373595.5,-323308.5,50287
"2024-07-30","Joe_Biden",-370177.5,-330436.5,39741
"2024-07-31","Joe_Biden",-447009,-413398,33611
"2024-08-01","Joe_Biden",-521645,-487086,34559
"2024-08-02","Joe_Biden",-354846,-321065,33781
"2024-08-03","Joe_Biden",-293816.5,-264027.5,29789
"2024-08-04","Joe_Biden",-288990.5,-261458.5,27532
"2024-08-05","Joe_Biden",-345250,-318298,26952
"2024-08-06","Joe_Biden",-2285443.5,-2246887.5,38556
"2024-08-07","Joe_Biden",-1138041,-1094651,43390
"2024-08-08","Joe_Biden",-533630.5,-501592.5,32038
"2024-08-09","Joe_Biden",-333598.5,-304686.5,28912
"2024-08-10","Joe_Biden",-269448.5,-242667.5,26781
"2024-08-11","Joe_Biden",-241841,-212077,29764
"2024-08-12","Joe_Biden",-261137.5,-234284.5,26853
"2024-08-13","Joe_Biden",-217886,-191831,26055
"2024-08-14","Joe_Biden",-193825,-167744,26081
"2024-08-15","Joe_Biden",-188849,-164343,24506
"2024-08-16","Joe_Biden",-190363,-166217,24146
"2024-08-17","Joe_Biden",-173100,-149609,23491
"2024-08-18","Joe_Biden",-176772,-153809,22963
"2024-08-19","Joe_Biden",-185545,-154207,31338
"2024-08-20","Joe_Biden",-383285.5,-193187.5,190098
"2024-08-21","Joe_Biden",-399622.5,-339175.5,60447
"2024-08-22","Joe_Biden",-608592.5,-555696.5,52896
"2024-08-23","Joe_Biden",-682633,-643656,38977
"2024-08-24","Joe_Biden",-266528,-239157,27371
"2024-08-25","Joe_Biden",-197155.5,-173143.5,24012
"2024-08-26","Joe_Biden",-170877.5,-148108.5,22769
"2024-08-27","Joe_Biden",-152506.5,-130763.5,21743
"2024-08-28","Joe_Biden",-144420.5,-124362.5,20058
"2024-08-29","Joe_Biden",-138208.5,-119548.5,18660
"2024-08-30","Joe_Biden",-155628,-136774,18854
"2024-08-31","Joe_Biden",-123256,-106360,16896
"2024-09-01","Joe_Biden",-112905,-95536,17369
"2024-09-02","Joe_Biden",-114067.5,-94588.5,19479
"2024-09-03","Joe_Biden",-118321.5,-99240.5,19081
"2024-09-04","Joe_Biden",-111195,-94411,16784
"2024-09-05","Joe_Biden",-109448.5,-89182.5,20266
"2024-09-06","Joe_Biden",-108578,-87622,20956
"2024-09-07","Joe_Biden",-101947,-83716,18231
"2024-09-08","Joe_Biden",-104414,-87625,16789
"2024-09-09","Joe_Biden",-115266,-98388,16878
"2024-09-10","Joe_Biden",-151819,-133215,18604
"2024-09-11","Joe_Biden",-612853,-570186,42667
"2024-09-12","Joe_Biden",-274964,-247132,27832
"2024-09-13","Joe_Biden",-215564.5,-191587.5,23977
"2024-09-14","Joe_Biden",-177147.5,-156051.5,21096
"2024-09-15","Joe_Biden",-191536,-168901,22635
"2024-09-16","Joe_Biden",-185460.5,-161653.5,23807
"2024-09-17","Joe_Biden",-161304.5,-141618.5,19686
"2024-09-18","Joe_Biden",-144525,-126280,18245
"2024-09-19","Joe_Biden",-134964,-117159,17805
"2024-09-20","Joe_Biden",-128282,-110504,17778
"2024-09-21","Joe_Biden",-125154.5,-106685.5,18469
"2024-09-22","Joe_Biden",-130788,-111141,19647
"2024-09-23","Joe_Biden",-128157.5,-108594.5,19563
"2024-09-24","Joe_Biden",-117717,-96673,21044
"2024-09-25","Joe_Biden",-118931.5,-97086.5,21845
"2024-09-26","Joe_Biden",-113293.5,-93682.5,19611
"2024-09-27","Joe_Biden",-99966,-83165,16801
"2024-09-28","Joe_Biden",-94652,-79041,15611
"2024-09-29","Joe_Biden",-114802,-97513,17289
"2024-09-30","Joe_Biden",-124752,-106238,18514
"2024-10-01","Joe_Biden",-158285,-133532,24753
"2024-10-02","Joe_Biden",-486151.5,-459330.5,26821
"2024-10-03","Joe_Biden",-176000,-154042,21958
"2024-10-04","Joe_Biden",-125635.5,-104250.5,21385
"2024-10-05","Joe_Biden",-113034.5,-94179.5,18855
"2024-10-06","Joe_Biden",-114211.5,-96134.5,18077
"2024-10-07","Joe_Biden",-117746,-97496,20250
"2024-10-08","Joe_Biden",-119436.5,-100502.5,18934
"2024-10-09","Joe_Biden",-113235.5,-92493.5,20742
"2024-10-10","Joe_Biden",-105075,-84987,20088
"2024-10-11","Joe_Biden",-109716.5,-91381.5,18335
"2024-10-12","Joe_Biden",-104851,-87464,17387
"2024-10-13","Joe_Biden",-122363.5,-104024.5,18339
"2024-10-14","Joe_Biden",-126794,-107786,19008
"2024-10-15","Joe_Biden",-125043.5,-106965.5,18078
"2024-10-16","Joe_Biden",-131759,-111661,20098
"2024-10-17","Joe_Biden",-134578.5,-113792.5,20786
"2024-10-18","Joe_Biden",-133990,-112724,21266
"2024-10-19","Joe_Biden",-124980,-106130,18850
"2024-10-20","Joe_Biden",-155424.5,-135401.5,20023
"2024-10-21","Joe_Biden",-177065,-155567,21498
"2024-10-22","Joe_Biden",-166386.5,-146616.5,19770
"2024-10-23","Joe_Biden",-167278.5,-146464.5,20814
"2024-10-24","Joe_Biden",-174481,-154088,20393
"2024-10-25","Joe_Biden",-177940.5,-156439.5,21501
"2024-10-26","Joe_Biden",-175276,-153849,21427
"2024-10-27","Joe_Biden",-202168,-179720,22448
"2024-10-28","Joe_Biden",-239919.5,-215235.5,24684
"2024-10-29","Joe_Biden",-255130,-229081,26049
"2024-10-30","Joe_Biden",-255140,-225930,29210
"2024-10-31","Joe_Biden",-250043.5,-220613.5,29430
"2024-11-01","Joe_Biden",-281863.5,-251877.5,29986
"2024-11-02","Joe_Biden",-288911.5,-257703.5,31208
"2024-11-03","Joe_Biden",-396697.5,-357257.5,39440
"2024-11-04","Joe_Biden",-594034.5,-539932.5,54102
"2024-11-05","Joe_Biden",-1226877.5,-1122740.5,104137
"2024-11-06","Joe_Biden",-5385072.5,-4871263.5,513809
"2024-11-07","Joe_Biden",-1922688.5,-1721955.5,200733
"2024-11-08","Joe_Biden",-1082526,-970641,111885
"2024-11-09","Joe_Biden",-763793.5,-684436.5,79357
"2024-11-10","Joe_Biden",-676141.5,-608677.5,67464
"2024-11-11","Joe_Biden",-531070.5,-469946.5,61124
"2024-11-12","Joe_Biden",-449825,-396216,53609
"2024-11-13","Joe_Biden",-393547,-338894,54653
"2024-11-14","Joe_Biden",-326248,-278494,47754
"2024-11-15","Joe_Biden",-269568.5,-231997.5,37571
"2024-11-16","Joe_Biden",-229363.5,-198097.5,31266
"2024-11-17","Joe_Biden",-223994.5,-190685.5,33309
"2024-11-18","Joe_Biden",-219071.5,-185131.5,33940
"2024-11-19","Joe_Biden",-207196.5,-175376.5,31820
"2024-11-20","Joe_Biden",-203735,-158763,44972
"2024-11-21","Joe_Biden",-185268.5,-147673.5,37595
"2024-11-22","Joe_Biden",-173255.5,-145864.5,27391
"2024-11-23","Joe_Biden",-169599.5,-147168.5,22431
"2024-11-24","Joe_Biden",-155032.5,-134309.5,20723
"2024-11-25","Joe_Biden",-153128,-132506,20622
"2024-11-26","Joe_Biden",-142915,-120157,22758
"2024-11-27","Joe_Biden",-140558,-118872,21686
"2024-11-28","Joe_Biden",-124165.5,-105822.5,18343
"2024-11-29","Joe_Biden",-117096.5,-100245.5,16851
"2024-11-30","Joe_Biden",-112146,-94674,17472
"2024-12-01","Joe_Biden",-113309.5,-95708.5,17601
"2024-12-02","Joe_Biden",-149549,-64405,85144
"2024-12-03","Joe_Biden",-129923.5,-74786.5,55137
"2024-12-04","Joe_Biden",-115410,-82753,32657
"2024-12-05","Joe_Biden",-102026.5,-77739.5,24287
"2024-12-06","Joe_Biden",-95717,-75088,20629
"2024-12-07","Joe_Biden",-89845.5,-69251.5,20594
"2024-12-08","Joe_Biden",-88567.5,-67132.5,21435
"2024-12-09","Joe_Biden",-90038,-70020,20018
"2024-12-10","Joe_Biden",-83148,-66327,16821
"2024-12-11","Joe_Biden",-80153,-63945,16208
"2024-12-12","Joe_Biden",-84519,-66409,18110
"2024-12-13","Joe_Biden",-80340,-64384,15956
"2024-12-14","Joe_Biden",-79272,-63738,15534
"2024-12-15","Joe_Biden",-76066.5,-60930.5,15136
"2024-12-16","Joe_Biden",-78030.5,-61102.5,16928
"2024-12-17","Joe_Biden",-78536,-61134,17402
"2024-12-18","Joe_Biden",-80586,-63660,16926
"2024-12-19","Joe_Biden",-74257.5,-56976.5,17281
"2024-12-20","Joe_Biden",-72098.5,-52938.5,19160
"2024-12-21","Joe_Biden",-66845,-49497,17348
"2024-12-22","Joe_Biden",-66294.5,-51379.5,14915
"2024-12-23","Joe_Biden",-68856,-50859,17997
"2024-12-24","Joe_Biden",-65782.5,-48059.5,17723
"2024-12-25","Joe_Biden",-61930,-46876,15054
"2024-12-26","Joe_Biden",-64809.5,-49841.5,14968
"2024-12-27","Joe_Biden",-65488,-51453,14035
"2024-12-28","Joe_Biden",-63347,-49709,13638
"2024-12-29","Joe_Biden",-86664,-53835,32829
"2024-12-30","Joe_Biden",-118059,-57712,60347
"2024-12-31","Joe_Biden",-81556,-54386,27170
"2024-01-01","JD_Vance",-27985,-26407,1578
"2024-01-02","JD_Vance",-31656,-29940,1716
"2024-01-03","JD_Vance",-32180.5,-30476.5,1704
"2024-01-04","JD_Vance",-33036.5,-31019.5,2017
"2024-01-05","JD_Vance",-28430,-26411,2019
"2024-01-06","JD_Vance",-29660.5,-27906.5,1754
"2024-01-07","JD_Vance",-30977,-29094,1883
"2024-01-08","JD_Vance",-29957,-28161,1796
"2024-01-09","JD_Vance",-30449.5,-28800.5,1649
"2024-01-10","JD_Vance",-41254.5,-39356.5,1898
"2024-01-11","JD_Vance",-41248.5,-38617.5,2631
"2024-01-12","JD_Vance",-29758,-27801,1957
"2024-01-13","JD_Vance",-27699,-25583,2116
"2024-01-14","JD_Vance",-33118,-30151,2967
"2024-01-15","JD_Vance",-45983,-43481,2502
"2024-01-16","JD_Vance",-129939,-126746,3193
"2024-01-17","JD_Vance",-83750,-81029,2721
"2024-01-18","JD_Vance",-57347.5,-54560.5,2787
"2024-01-19","JD_Vance",-50985,-47254,3731
"2024-01-20","JD_Vance",-43547.5,-39653.5,3894
"2024-01-21","JD_Vance",-65574,-53748,11826
"2024-01-22","JD_Vance",-75639,-70069,5570
"2024-01-23","JD_Vance",-62581,-58251,4330
"2024-01-24","JD_Vance",-91637.5,-87489.5,4148
"2024-01-25","JD_Vance",-53392,-49777,3615
"2024-01-26","JD_Vance",-44677,-41630,3047
"2024-01-27","JD_Vance",-43455.5,-40996.5,2459
"2024-01-28","JD_Vance",-37805,-35596,2209
"2024-01-29","JD_Vance",-33766.5,-31337.5,2429
"2024-01-30","JD_Vance",-32560.5,-29499.5,3061
"2024-01-31","JD_Vance",-29672.5,-27184.5,2488
"2024-02-01","JD_Vance",-26208.5,-24502.5,1706
"2024-02-02","JD_Vance",-23581.5,-21850.5,1731
"2024-02-03","JD_Vance",-23218.5,-21400.5,1818
"2024-02-04","JD_Vance",-33216.5,-22165.5,11051
"2024-02-05","JD_Vance",-34495.5,-20325.5,14170
"2024-02-06","JD_Vance",-30819.5,-23262.5,7557
"2024-02-07","JD_Vance",-30037.5,-26879.5,3158
"2024-02-08","JD_Vance",-24945.5,-22064.5,2881
"2024-02-09","JD_Vance",2938.5,5325.5,2387
"2024-02-10","JD_Vance",-20785.5,-16273.5,4512
"2024-02-11","JD_Vance",-71202.5,-68669.5,2533
"2024-02-12","JD_Vance",-51871.5,-47608.5,4263
"2024-02-13","JD_Vance",-36295,-29691,6604
"2024-02-14","JD_Vance",-32129,-28762,3367
"2024-02-15","JD_Vance",-21162.5,-18949.5,2213
"2024-02-16","JD_Vance",-28098.5,-26005.5,2093
"2024-02-17","JD_Vance",-30346,-27999,2347
"2024-02-18","JD_Vance",-30600,-25613,4987
"2024-02-19","JD_Vance",-36538.5,-31259.5,5279
"2024-02-20","JD_Vance",-36447,-31940,4507
"2024-02-21","JD_Vance",-42534.5,-39482.5,3052
"2024-02-22","JD_Vance",-24803,-22310,2493
"2024-02-23","JD_Vance",-32820.5,-30245.5,2575
"2024-02-24","JD_Vance",-22803,-19698,3105
"2024-02-25","JD_Vance",-29436.5,-26254.5,3182
"2024-02-26","JD_Vance",-34961.5,-31294.5,3667
"2024-02-27","JD_Vance",-34698,-32283,2415
"2024-02-28","JD_Vance",-35177,-32671,2506
"2024-02-29","JD_Vance",-34137,-31702,2435
"2024-03-01","JD_Vance",-28017.5,-25978.5,2039
"2024-03-02","JD_Vance",-25982.5,-23768.5,2214
"2024-03-03","JD_Vance",-36756,-33496,3260
"2024-03-04","JD_Vance",-63415.5,-60473.5,2942
"2024-03-05","JD_Vance",-60872,-57509,3363
"2024-03-06","JD_Vance",-117408.5,-114860.5,2548
"2024-03-07","JD_Vance",-73215.5,-70684.5,2531
"2024-03-08","JD_Vance",-32737,-29430,3307
"2024-03-09","JD_Vance",-37385.5,-34756.5,2629
"2024-03-10","JD_Vance",-44393.5,-41338.5,3055
"2024-03-11","JD_Vance",-36214.5,-34073.5,2141
"2024-03-12","JD_Vance",-39072,-36526,2546
"2024-03-13","JD_Vance",-63102.5,-60897.5,2205
"2024-03-14","JD_Vance",-40374,-37956,2418
"2024-03-15","JD_Vance",-37251.5,-32480.5,4771
"2024-03-16","JD_Vance",-32373,-28239,4134
"2024-03-17","JD_Vance",-35699.5,-30956.5,4743
"2024-03-18","JD_Vance",-40060,-36794,3266
"2024-03-19","JD_Vance",-39566,-35549,4017
"2024-03-20","JD_Vance",-45155.5,-40002.5,5153
"2024-03-21","JD_Vance",-41911.5,-39467.5,2444
"2024-03-22","JD_Vance",-34301.5,-32077.5,2224
"2024-03-23","JD_Vance",-29805.5,-27030.5,2775
"2024-03-24","JD_Vance",-29812.5,-27376.5,2436
"2024-03-25","JD_Vance",-34707.5,-32762.5,1945
"2024-03-26","JD_Vance",-33782,-31767,2015
"2024-03-27","JD_Vance",-31411.5,-28738.5,2673
"2024-03-28","JD_Vance",-28682,-24703,3979
"2024-03-29","JD_Vance",-29660.5,-27097.5,2563
"2024-03-30","JD_Vance",-27945,-25741,2204
"2024-03-31","JD_Vance",-25494,-22963,2531
"2024-04-01","JD_Vance",-27526,-24764,2762
"2024-04-02","JD_Vance",-30847.5,-27498.5,3349
"2024-04-03","JD_Vance",-34386,-31889,2497
"2024-04-04","JD_Vance",-29584.5,-27289.5,2295
"2024-04-05","JD_Vance",-29927.5,-28024.5,1903
"2024-04-06","JD_Vance",-31972.5,-30065.5,1907
"2024-04-07","JD_Vance",-29575.5,-26569.5,3006
"2024-04-08","JD_Vance",-24188,-21647,2541
"2024-04-09","JD_Vance",-26422.5,-23673.5,2749
"2024-04-10","JD_Vance",-29067,-26578,2489
"2024-04-11","JD_Vance",-29280.5,-26896.5,2384
"2024-04-12","JD_Vance",-27981,-24210,3771
"2024-04-13","JD_Vance",-22254.5,-19327.5,2927
"2024-04-14","JD_Vance",-26880.5,-22405.5,4475
"2024-04-15","JD_Vance",-34599.5,-32076.5,2523
"2024-04-16","JD_Vance",-29145,-26911,2234
"2024-04-17","JD_Vance",-29727.5,-26815.5,2912
"2024-04-18","JD_Vance",-29415.5,-26979.5,2436
"2024-04-19","JD_Vance",-28121,-24398,3723
"2024-04-20","JD_Vance",-21323.5,-18459.5,2864
"2024-04-21","JD_Vance",-21560,-18121,3439
"2024-04-22","JD_Vance",-28069,-25328,2741
"2024-04-23","JD_Vance",-30975.5,-28070.5,2905
"2024-04-24","JD_Vance",-28806.5,-26118.5,2688
"2024-04-25","JD_Vance",-32482,-30305,2177
"2024-04-26","JD_Vance",-26330,-24464,1866
"2024-04-27","JD_Vance",-23675,-20374,3301
"2024-04-28","JD_Vance",-26527,-21393,5134
"2024-04-29","JD_Vance",-30282,-26564,3718
"2024-04-30","JD_Vance",-30239.5,-27602.5,2637
"2024-05-01","JD_Vance",-33724,-28904,4820
"2024-05-02","JD_Vance",-34630,-22289,12341
"2024-05-03","JD_Vance",-31100.5,-23588.5,7512
"2024-05-04","JD_Vance",-27948,-21074,6874
"2024-05-05","JD_Vance",-26610.5,-21456.5,5154
"2024-05-06","JD_Vance",-29696.5,-23901.5,5795
"2024-05-07","JD_Vance",-36859,-32358,4501
"2024-05-08","JD_Vance",-35499,-32522,2977
"2024-05-09","JD_Vance",-30019.5,-26476.5,3543
"2024-05-10","JD_Vance",-32899,-29759,3140
"2024-05-11","JD_Vance",-28866.5,-25034.5,3832
"2024-05-12","JD_Vance",-26914,-19250,7664
"2024-05-13","JD_Vance",-37729,-20339,17390
"2024-05-14","JD_Vance",-37116.5,-19064.5,18052
"2024-05-15","JD_Vance",-32637,-24628,8009
"2024-05-16","JD_Vance",-31998,-27436,4562
"2024-05-17","JD_Vance",-31879.5,-27977.5,3902
"2024-05-18","JD_Vance",-29239,-25034,4205
"2024-05-19","JD_Vance",-30213,-21201,9012
"2024-05-20","JD_Vance",-31156.5,-26410.5,4746
"2024-05-21","JD_Vance",-43304.5,-39721.5,3583
"2024-05-22","JD_Vance",-51854,-49145,2709
"2024-05-23","JD_Vance",-46700,-42701,3999
"2024-05-24","JD_Vance",-52444.5,-48127.5,4317
"2024-05-25","JD_Vance",-44413.5,-41012.5,3401
"2024-05-26","JD_Vance",-44852,-42165,2687
"2024-05-27","JD_Vance",-42946,-40296,2650
"2024-05-28","JD_Vance",-48879.5,-46326.5,2553
"2024-05-29","JD_Vance",-56351,-52342,4009
"2024-05-30","JD_Vance",-190075.5,-187043.5,3032
"2024-05-31","JD_Vance",-301874.5,-292359.5,9515
"2024-06-01","JD_Vance",-101315.5,-94953.5,6362
"2024-06-02","JD_Vance",-78587.5,-74162.5,4425
"2024-06-03","JD_Vance",-61742.5,-57809.5,3933
"2024-06-04","JD_Vance",-50553,-45024,5529
"2024-06-05","JD_Vance",-49522.5,-44127.5,5395
"2024-06-06","JD_Vance",-45464.5,-21894.5,23570
"2024-06-07","JD_Vance",-47261,-31324,15937
"2024-06-08","JD_Vance",-85170,-74952,10218
"2024-06-09","JD_Vance",-80051,-66615,13436
"2024-06-10","JD_Vance",-62180.5,-52611.5,9569
"2024-06-11","JD_Vance",-41551.5,-35028.5,6523
"2024-06-12","JD_Vance",-47933,-42098,5835
"2024-06-13","JD_Vance",-58055.5,-44954.5,13101
"2024-06-14","JD_Vance",-71122,-58261,12861
"2024-06-15","JD_Vance",-53086.5,-46492.5,6594
"2024-06-16","JD_Vance",-51240,-41894,9346
"2024-06-17","JD_Vance",-65899.5,-33291.5,32608
"2024-06-18","JD_Vance",-60042.5,-41186.5,18856
"2024-06-19","JD_Vance",-53899,-42275,11624
"2024-06-20","JD_Vance",-58191,-50836,7355
"2024-06-21","JD_Vance",-58422,-48862,9560
"2024-06-22","JD_Vance",-65201.5,-53775.5,11426
"2024-06-23","JD_Vance",-69131.5,-44856.5,24275
"2024-06-24","JD_Vance",-73079,-52863,20216
"2024-06-25","JD_Vance",-65061,-45290,19771
"2024-06-26","JD_Vance",-76424,-29197,47227
"2024-06-27","JD_Vance",-67040.5,-43084.5,23956
"2024-06-28","JD_Vance",-205218,-92565,112653
"2024-06-29","JD_Vance",-119896.5,-85580.5,34316
"2024-06-30","JD_Vance",-102641.5,-71451.5,31190
"2024-07-01","JD_Vance",-152831.5,-134578.5,18253
"2024-07-02","JD_Vance",-191762,-181547,10215
"2024-07-03","JD_Vance",-277662.5,-267556.5,10106
"2024-07-04","JD_Vance",-286101.5,-277676.5,8425
"2024-07-05","JD_Vance",-292654,-285324,7330
"2024-07-06","JD_Vance",-271759.5,-264302.5,7457
"2024-07-07","JD_Vance",-246924,-221434,25490
"2024-07-08","JD_Vance",-254329,-222374,31955
"2024-07-09","JD_Vance",-277982,-234861,43121
"2024-07-10","JD_Vance",-267195,-221399,45796
"2024-07-11","JD_Vance",-243349.5,-202206.5,41143
"2024-07-12","JD_Vance",-239053.5,-185374.5,53679
"2024-07-13","JD_Vance",-263135.5,-191037.5,72098
"2024-07-14","JD_Vance",-650012,-558391,91621
"2024-07-15","JD_Vance",-2946345,2173784,5120129
"2024-07-16","JD_Vance",-1871895.5,1213534.5,3085430
"2024-07-17","JD_Vance",-747969,240556,988525
"2024-07-18","JD_Vance",-857210,300031,1157241
"2024-07-19","JD_Vance",-601076,-74271,526805
"2024-07-20","JD_Vance",-364075,-21212,342863
"2024-07-21","JD_Vance",-1140320,-763298,377022
"2024-07-22","JD_Vance",-1624152,-1289975,334177
"2024-07-23","JD_Vance",-1129308.5,-820081.5,309227
"2024-07-24","JD_Vance",-800497.5,-543667.5,256830
"2024-07-25","JD_Vance",-644879,-349151,295728
"2024-07-26","JD_Vance",-553067.5,-295749.5,257318
"2024-07-27","JD_Vance",-413336,-214705,198631
"2024-07-28","JD_Vance",-364749.5,-193899.5,170850
"2024-07-29","JD_Vance",-323308.5,-180414.5,142894
"2024-07-30","JD_Vance",-330436.5,-203612.5,126824
"2024-07-31","JD_Vance",-413398,-298948,114450
"2024-08-01","JD_Vance",-487086,-384877,102209
"2024-08-02","JD_Vance",-321065,-230471,90594
"2024-08-03","JD_Vance",-264027.5,-181538.5,82489
"2024-08-04","JD_Vance",-261458.5,-188608.5,72850
"2024-08-05","JD_Vance",-318298,-251292,67006
"2024-08-06","JD_Vance",-2246887.5,-2109096.5,137791
"2024-08-07","JD_Vance",-1094651,-859342,235309
"2024-08-08","JD_Vance",-501592.5,-312515.5,189077
"2024-08-09","JD_Vance",-304686.5,-198924.5,105762
"2024-08-10","JD_Vance",-242667.5,-167369.5,75298
"2024-08-11","JD_Vance",-212077,-127020,85057
"2024-08-12","JD_Vance",-234284.5,-84262.5,150022
"2024-08-13","JD_Vance",-191831,-119343,72488
"2024-08-14","JD_Vance",-167744,-111527,56217
"2024-08-15","JD_Vance",-164343,-107444,56899
"2024-08-16","JD_Vance",-166217,-110806,55411
"2024-08-17","JD_Vance",-149609,-98127,51482
"2024-08-18","JD_Vance",-153809,-107525,46284
"2024-08-19","JD_Vance",-154207,-115525,38682
"2024-08-20","JD_Vance",-193187.5,-154718.5,38469
"2024-08-21","JD_Vance",-339175.5,-301878.5,37297
"2024-08-22","JD_Vance",-555696.5,-494999.5,60697
"2024-08-23","JD_Vance",-643656,-594778,48878
"2024-08-24","JD_Vance",-239157,-201286,37871
"2024-08-25","JD_Vance",-173143.5,-135979.5,37164
"2024-08-26","JD_Vance",-148108.5,-117136.5,30972
"2024-08-27","JD_Vance",-130763.5,-103596.5,27167
"2024-08-28","JD_Vance",-124362.5,-94913.5,29449
"2024-08-29","JD_Vance",-119548.5,-84786.5,34762
"2024-08-30","JD_Vance",-136774,-105645,31129
"2024-08-31","JD_Vance",-106360,-77975,28385
"2024-09-01","JD_Vance",-95536,-70310,25226
"2024-09-02","JD_Vance",-94588.5,-71972.5,22616
"2024-09-03","JD_Vance",-99240.5,-76191.5,23049
"2024-09-04","JD_Vance",-94411,-74002,20409
"2024-09-05","JD_Vance",-89182.5,-70350.5,18832
"2024-09-06","JD_Vance",-87622,-63130,24492
"2024-09-07","JD_Vance",-83716,-62472,21244
"2024-09-08","JD_Vance",-87625,-66163,21462
"2024-09-09","JD_Vance",-98388,-78598,19790
"2024-09-10","JD_Vance",-133215,-110079,23136
"2024-09-11","JD_Vance",-570186,-502678,67508
"2024-09-12","JD_Vance",-247132,-207990,39142
"2024-09-13","JD_Vance",-191587.5,-161348.5,30239
"2024-09-14","JD_Vance",-156051.5,-123617.5,32434
"2024-09-15","JD_Vance",-168901,-123846,45055
"2024-09-16","JD_Vance",-161653.5,-119987.5,41666
"2024-09-17","JD_Vance",-141618.5,-101543.5,40075
"2024-09-18","JD_Vance",-126280,-94721,31559
"2024-09-19","JD_Vance",-117159,-88572,28587
"2024-09-20","JD_Vance",-110504,-87414,23090
"2024-09-21","JD_Vance",-106685.5,-84728.5,21957
"2024-09-22","JD_Vance",-111141,-88764,22377
"2024-09-23","JD_Vance",-108594.5,-87204.5,21390
"2024-09-24","JD_Vance",-96673,-75941,20732
"2024-09-25","JD_Vance",-97086.5,-78615.5,18471
"2024-09-26","JD_Vance",-93682.5,-75209.5,18473
"2024-09-27","JD_Vance",-83165,-64522,18643
"2024-09-28","JD_Vance",-79041,-59210,19831
"2024-09-29","JD_Vance",-97513,-67480,30033
"2024-09-30","JD_Vance",-106238,-72018,34220
"2024-10-01","JD_Vance",-133532,-62137,71395
"2024-10-02","JD_Vance",-459330.5,-2754.5,456576
"2024-10-03","JD_Vance",-154042,-45560,108482
"2024-10-04","JD_Vance",-104250.5,-50188.5,54062
"2024-10-05","JD_Vance",-94179.5,-49778.5,44401
"2024-10-06","JD_Vance",-96134.5,-57004.5,39130
"2024-10-07","JD_Vance",-97496,-67266,30230
"2024-10-08","JD_Vance",-100502.5,-76990.5,23512
"2024-10-09","JD_Vance",-92493.5,-71082.5,21411
"2024-10-10","JD_Vance",-84987,-65990,18997
"2024-10-11","JD_Vance",-91381.5,-72496.5,18885
"2024-10-12","JD_Vance",-87464,-64374,23090
"2024-10-13","JD_Vance",-104024.5,-75098.5,28926
"2024-10-14","JD_Vance",-107786,-82306,25480
"2024-10-15","JD_Vance",-106965.5,-84606.5,22359
"2024-10-16","JD_Vance",-111661,-90275,21386
"2024-10-17","JD_Vance",-113792.5,-91500.5,22292
"2024-10-18","JD_Vance",-112724,-92852,19872
"2024-10-19","JD_Vance",-106130,-86282,19848
"2024-10-20","JD_Vance",-135401.5,-115332.5,20069
"2024-10-21","JD_Vance",-155567,-134074,21493
"2024-10-22","JD_Vance",-146616.5,-121720.5,24896
"2024-10-23","JD_Vance",-146464.5,-117593.5,28871
"2024-10-24","JD_Vance",-154088,-127478,26610
"2024-10-25","JD_Vance",-156439.5,-127431.5,29008
"2024-10-26","JD_Vance",-153849,-126199,27650
"2024-10-27","JD_Vance",-179720,-140579,39141
"2024-10-28","JD_Vance",-215235.5,-176937.5,38298
"2024-10-29","JD_Vance",-229081,-192646,36435
"2024-10-30","JD_Vance",-225930,-191037,34893
"2024-10-31","JD_Vance",-220613.5,-162847.5,57766
"2024-11-01","JD_Vance",-251877.5,-173728.5,78149
"2024-11-02","JD_Vance",-257703.5,-199824.5,57879
"2024-11-03","JD_Vance",-357257.5,-300952.5,56305
"2024-11-04","JD_Vance",-539932.5,-467927.5,72005
"2024-11-05","JD_Vance",-1122740.5,-1002457.5,120283
"2024-11-06","JD_Vance",-4871263.5,-3847548.5,1023715
"2024-11-07","JD_Vance",-1721955.5,-1226296.5,495659
"2024-11-08","JD_Vance",-970641,-696566,274075
"2024-11-09","JD_Vance",-684436.5,-492083.5,192353
"2024-11-10","JD_Vance",-608677.5,-439505.5,169172
"2024-11-11","JD_Vance",-469946.5,-338463.5,131483
"2024-11-12","JD_Vance",-396216,-292027,104189
"2024-11-13","JD_Vance",-338894,-242855,96039
"2024-11-14","JD_Vance",-278494,-204525,73969
"2024-11-15","JD_Vance",-231997.5,-174738.5,57259
"2024-11-16","JD_Vance",-198097.5,-147754.5,50343
"2024-11-17","JD_Vance",-190685.5,-139478.5,51207
"2024-11-18","JD_Vance",-185131.5,-144282.5,40849
"2024-11-19","JD_Vance",-175376.5,-140803.5,34573
"2024-11-20","JD_Vance",-158763,-123684,35079
"2024-11-21","JD_Vance",-147673.5,-116074.5,31599
"2024-11-22","JD_Vance",-145864.5,-118175.5,27689
"2024-11-23","JD_Vance",-147168.5,-119873.5,27295
"2024-11-24","JD_Vance",-134309.5,-108245.5,26064
"2024-11-25","JD_Vance",-132506,-108129,24377
"2024-11-26","JD_Vance",-120157,-99828,20329
"2024-11-27","JD_Vance",-118872,-98346,20526
"2024-11-28","JD_Vance",-105822.5,-86198.5,19624
"2024-11-29","JD_Vance",-100245.5,-79741.5,20504
"2024-11-30","JD_Vance",-94674,-75253,19421
"2024-12-01","JD_Vance",-95708.5,-75879.5,19829
"2024-12-02","JD_Vance",-64405,-46518,17887
"2024-12-03","JD_Vance",-74786.5,-58443.5,16343
"2024-12-04","JD_Vance",-82753,-67558,15195
"2024-12-05","JD_Vance",-77739.5,-63460.5,14279
"2024-12-06","JD_Vance",-75088,-61375,13713
"2024-12-07","JD_Vance",-69251.5,-55042.5,14209
"2024-12-08","JD_Vance",-67132.5,-52821.5,14311
"2024-12-09","JD_Vance",-70020,-56506,13514
"2024-12-10","JD_Vance",-66327,-54385,11942
"2024-12-11","JD_Vance",-63945,-52175,11770
"2024-12-12","JD_Vance",-66409,-53426,12983
"2024-12-13","JD_Vance",-64384,-51321,13063
"2024-12-14","JD_Vance",-63738,-44800,18938
"2024-12-15","JD_Vance",-60930.5,-44494.5,16436
"2024-12-16","JD_Vance",-61102.5,-47003.5,14099
"2024-12-17","JD_Vance",-61134,-48725,12409
"2024-12-18","JD_Vance",-63660,-51097,12563
"2024-12-19","JD_Vance",-56976.5,-44307.5,12669
"2024-12-20","JD_Vance",-52938.5,-40722.5,12216
"2024-12-21","JD_Vance",-49497,-37089,12408
"2024-12-22","JD_Vance",-51379.5,-38628.5,12751
"2024-12-23","JD_Vance",-50859,-38841,12018
"2024-12-24","JD_Vance",-48059.5,-36831.5,11228
"2024-12-25","JD_Vance",-46876,-34452,12424
"2024-12-26","JD_Vance",-49841.5,-35819.5,14022
"2024-12-27","JD_Vance",-51453,-36698,14755
"2024-12-28","JD_Vance",-49709,-34124,15585
"2024-12-29","JD_Vance",-53835,-37430,16405
"2024-12-30","JD_Vance",-57712,-38924,18788
"2024-12-31","JD_Vance",-54386,-38716,15670
"2024-01-01","Kamala_Harris",-26407,-20398,6009
"2024-01-02","Kamala_Harris",-29940,-23221,6719
"2024-01-03","Kamala_Harris",-30476.5,-24124.5,6352
"2024-01-04","Kamala_Harris",-31019.5,-24669.5,6350
"2024-01-05","Kamala_Harris",-26411,-19549,6862
"2024-01-06","Kamala_Harris",-27906.5,-20914.5,6992
"2024-01-07","Kamala_Harris",-29094,-21295,7799
"2024-01-08","Kamala_Harris",-28161,-21517,6644
"2024-01-09","Kamala_Harris",-28800.5,-21328.5,7472
"2024-01-10","Kamala_Harris",-39356.5,-32026.5,7330
"2024-01-11","Kamala_Harris",-38617.5,-30686.5,7931
"2024-01-12","Kamala_Harris",-27801,-20736,7065
"2024-01-13","Kamala_Harris",-25583,-18968,6615
"2024-01-14","Kamala_Harris",-30151,-23405,6746
"2024-01-15","Kamala_Harris",-43481,-34983,8498
"2024-01-16","Kamala_Harris",-126746,-114210,12536
"2024-01-17","Kamala_Harris",-81029,-67280,13749
"2024-01-18","Kamala_Harris",-54560.5,-43755.5,10805
"2024-01-19","Kamala_Harris",-47254,-37541,9713
"2024-01-20","Kamala_Harris",-39653.5,-30663.5,8990
"2024-01-21","Kamala_Harris",-53748,-43342,10406
"2024-01-22","Kamala_Harris",-70069,-57714,12355
"2024-01-23","Kamala_Harris",-58251,-44524,13727
"2024-01-24","Kamala_Harris",-87489.5,-72794.5,14695
"2024-01-25","Kamala_Harris",-49777,-36095,13682
"2024-01-26","Kamala_Harris",-41630,-30704,10926
"2024-01-27","Kamala_Harris",-40996.5,-32279.5,8717
"2024-01-28","Kamala_Harris",-35596,-26608,8988
"2024-01-29","Kamala_Harris",-31337.5,-22195.5,9142
"2024-01-30","Kamala_Harris",-29499.5,-20851.5,8648
"2024-01-31","Kamala_Harris",-27184.5,-18638.5,8546
"2024-02-01","Kamala_Harris",-24502.5,-15930.5,8572
"2024-02-02","Kamala_Harris",-21850.5,-12469.5,9381
"2024-02-03","Kamala_Harris",-21400.5,-8921.5,12479
"2024-02-04","Kamala_Harris",-22165.5,-12239.5,9926
"2024-02-05","Kamala_Harris",-20325.5,-11507.5,8818
"2024-02-06","Kamala_Harris",-23262.5,-13496.5,9766
"2024-02-07","Kamala_Harris",-26879.5,-17064.5,9815
"2024-02-08","Kamala_Harris",-22064.5,-11755.5,10309
"2024-02-09","Kamala_Harris",5325.5,23538.5,18213
"2024-02-10","Kamala_Harris",-16273.5,-475.5,15798
"2024-02-11","Kamala_Harris",-68669.5,-54088.5,14581
"2024-02-12","Kamala_Harris",-47608.5,-33248.5,14360
"2024-02-13","Kamala_Harris",-29691,-13928,15763
"2024-02-14","Kamala_Harris",-28762,-15868,12894
"2024-02-15","Kamala_Harris",-18949.5,-7938.5,11011
"2024-02-16","Kamala_Harris",-26005.5,-13508.5,12497
"2024-02-17","Kamala_Harris",-27999,-17074,10925
"2024-02-18","Kamala_Harris",-25613,-14264,11349
"2024-02-19","Kamala_Harris",-31259.5,-20547.5,10712
"2024-02-20","Kamala_Harris",-31940,-20943,10997
"2024-02-21","Kamala_Harris",-39482.5,-29549.5,9933
"2024-02-22","Kamala_Harris",-22310,-12542,9768
"2024-02-23","Kamala_Harris",-30245.5,-20833.5,9412
"2024-02-24","Kamala_Harris",-19698,-11422,8276
"2024-02-25","Kamala_Harris",-26254.5,-16564.5,9690
"2024-02-26","Kamala_Harris",-31294.5,-22317.5,8977
"2024-02-27","Kamala_Harris",-32283,-23241,9042
"2024-02-28","Kamala_Harris",-32671,-22695,9976
"2024-02-29","Kamala_Harris",-31702,-22799,8903
"2024-03-01","Kamala_Harris",-25978.5,-17875.5,8103
"2024-03-02","Kamala_Harris",-23768.5,-17006.5,6762
"2024-03-03","Kamala_Harris",-33496,-24307,9189
"2024-03-04","Kamala_Harris",-60473.5,-43285.5,17188
"2024-03-05","Kamala_Harris",-57509,-44696,12813
"2024-03-06","Kamala_Harris",-114860.5,-98790.5,16070
"2024-03-07","Kamala_Harris",-70684.5,-57254.5,13430
"2024-03-08","Kamala_Harris",-29430,17582,47012
"2024-03-09","Kamala_Harris",-34756.5,-21332.5,13424
"2024-03-10","Kamala_Harris",-41338.5,-29914.5,11424
"2024-03-11","Kamala_Harris",-34073.5,-24334.5,9739
"2024-03-12","Kamala_Harris",-36526,-26257,10269
"2024-03-13","Kamala_Harris",-60897.5,-50793.5,10104
"2024-03-14","Kamala_Harris",-37956,-26495,11461
"2024-03-15","Kamala_Harris",-32480.5,-22301.5,10179
"2024-03-16","Kamala_Harris",-28239,-19354,8885
"2024-03-17","Kamala_Harris",-30956.5,-22113.5,8843
"2024-03-18","Kamala_Harris",-36794,-27698,9096
"2024-03-19","Kamala_Harris",-35549,-26773,8776
"2024-03-20","Kamala_Harris",-40002.5,-31529.5,8473
"2024-03-21","Kamala_Harris",-39467.5,-32116.5,7351
"2024-03-22","Kamala_Harris",-32077.5,-23425.5,8652
"2024-03-23","Kamala_Harris",-27030.5,-18442.5,8588
"2024-03-24","Kamala_Harris",-27376.5,-17171.5,10205
"2024-03-25","Kamala_Harris",-32762.5,-22822.5,9940
"2024-03-26","Kamala_Harris",-31767,-23488,8279
"2024-03-27","Kamala_Harris",-28738.5,-20717.5,8021
"2024-03-28","Kamala_Harris",-24703,-17438,7265
"2024-03-29","Kamala_Harris",-27097.5,-15376.5,11721
"2024-03-30","Kamala_Harris",-25741,-14109,11632
"2024-03-31","Kamala_Harris",-22963,-16132,6831
"2024-04-01","Kamala_Harris",-24764,-18372,6392
"2024-04-02","Kamala_Harris",-27498.5,-21432.5,6066
"2024-04-03","Kamala_Harris",-31889,-25718,6171
"2024-04-04","Kamala_Harris",-27289.5,-21213.5,6076
"2024-04-05","Kamala_Harris",-28024.5,-21357.5,6667
"2024-04-06","Kamala_Harris",-30065.5,-23874.5,6191
"2024-04-07","Kamala_Harris",-26569.5,-20731.5,5838
"2024-04-08","Kamala_Harris",-21647,-15960,5687
"2024-04-09","Kamala_Harris",-23673.5,-17907.5,5766
"2024-04-10","Kamala_Harris",-26578,-19220,7358
"2024-04-11","Kamala_Harris",-26896.5,-20090.5,6806
"2024-04-12","Kamala_Harris",-24210,-16429,7781
"2024-04-13","Kamala_Harris",-19327.5,-12509.5,6818
"2024-04-14","Kamala_Harris",-22405.5,-16061.5,6344
"2024-04-15","Kamala_Harris",-32076.5,-26325.5,5751
"2024-04-16","Kamala_Harris",-26911,-20846,6065
"2024-04-17","Kamala_Harris",-26815.5,-21091.5,5724
"2024-04-18","Kamala_Harris",-26979.5,-21345.5,5634
"2024-04-19","Kamala_Harris",-24398,-18279,6119
"2024-04-20","Kamala_Harris",-18459.5,-13319.5,5140
"2024-04-21","Kamala_Harris",-18121,-12147,5974
"2024-04-22","Kamala_Harris",-25328,-18863,6465
"2024-04-23","Kamala_Harris",-28070.5,-21596.5,6474
"2024-04-24","Kamala_Harris",-26118.5,-20005.5,6113
"2024-04-25","Kamala_Harris",-30305,-23832,6473
"2024-04-26","Kamala_Harris",-24464,-18066,6398
"2024-04-27","Kamala_Harris",-20374,-14497,5877
"2024-04-28","Kamala_Harris",-21393,-12677,8716
"2024-04-29","Kamala_Harris",-26564,-16279,10285
"2024-04-30","Kamala_Harris",-27602.5,-17259.5,10343
"2024-05-01","Kamala_Harris",-28904,-20603,8301
"2024-05-02","Kamala_Harris",-22289,-14169,8120
"2024-05-03","Kamala_Harris",-23588.5,-16010.5,7578
"2024-05-04","Kamala_Harris",-21074,-11492,9582
"2024-05-05","Kamala_Harris",-21456.5,-14791.5,6665
"2024-05-06","Kamala_Harris",-23901.5,-17268.5,6633
"2024-05-07","Kamala_Harris",-32358,-26120,6238
"2024-05-08","Kamala_Harris",-32522,-26363,6159
"2024-05-09","Kamala_Harris",-26476.5,-19889.5,6587
"2024-05-10","Kamala_Harris",-29759,-24205,5554
"2024-05-11","Kamala_Harris",-25034.5,-20126.5,4908
"2024-05-12","Kamala_Harris",-19250,-13465,5785
"2024-05-13","Kamala_Harris",-20339,-13658,6681
"2024-05-14","Kamala_Harris",-19064.5,-9522.5,9542
"2024-05-15","Kamala_Harris",-24628,-15980,8648
"2024-05-16","Kamala_Harris",-27436,-20369,7067
"2024-05-17","Kamala_Harris",-27977.5,-21343.5,6634
"2024-05-18","Kamala_Harris",-25034,-19194,5840
"2024-05-19","Kamala_Harris",-21201,-14945,6256
"2024-05-20","Kamala_Harris",-26410.5,-20127.5,6283
"2024-05-21","Kamala_Harris",-39721.5,-33360.5,6361
"2024-05-22","Kamala_Harris",-49145,-43112,6033
"2024-05-23","Kamala_Harris",-42701,-34591,8110
"2024-05-24","Kamala_Harris",-48127.5,-41330.5,6797
"2024-05-25","Kamala_Harris",-41012.5,-35322.5,5690
"2024-05-26","Kamala_Harris",-42165,-36733,5432
"2024-05-27","Kamala_Harris",-40296,-34521,5775
"2024-05-28","Kamala_Harris",-46326.5,-40430.5,5896
"2024-05-29","Kamala_Harris",-52342,-45253,7089
"2024-05-30","Kamala_Harris",-187043.5,-178217.5,8826
"2024-05-31","Kamala_Harris",-292359.5,-282316.5,10043
"2024-06-01","Kamala_Harris",-94953.5,-87223.5,7730
"2024-06-02","Kamala_Harris",-74162.5,-67174.5,6988
"2024-06-03","Kamala_Harris",-57809.5,-50628.5,7181
"2024-06-04","Kamala_Harris",-45024,-38335,6689
"2024-06-05","Kamala_Harris",-44127.5,-32168.5,11959
"2024-06-06","Kamala_Harris",-21894.5,-12374.5,9520
"2024-06-07","Kamala_Harris",-31324,-23547,7777
"2024-06-08","Kamala_Harris",-74952,-68085,6867
"2024-06-09","Kamala_Harris",-66615,-59486,7129
"2024-06-10","Kamala_Harris",-52611.5,-45870.5,6741
"2024-06-11","Kamala_Harris",-35028.5,-24163.5,10865
"2024-06-12","Kamala_Harris",-42098,-31522,10576
"2024-06-13","Kamala_Harris",-44954.5,-35222.5,9732
"2024-06-14","Kamala_Harris",-58261,-48062,10199
"2024-06-15","Kamala_Harris",-46492.5,-37112.5,9380
"2024-06-16","Kamala_Harris",-41894,-32522,9372
"2024-06-17","Kamala_Harris",-33291.5,-24316.5,8975
"2024-06-18","Kamala_Harris",-41186.5,-33077.5,8109
"2024-06-19","Kamala_Harris",-42275,-34195,8080
"2024-06-20","Kamala_Harris",-50836,-43726,7110
"2024-06-21","Kamala_Harris",-48862,-41495,7367
"2024-06-22","Kamala_Harris",-53775.5,-47167.5,6608
"2024-06-23","Kamala_Harris",-44856.5,-31063.5,13793
"2024-06-24","Kamala_Harris",-52863,-42573,10290
"2024-06-25","Kamala_Harris",-45290,-37138,8152
"2024-06-26","Kamala_Harris",-29197,-21928,7269
"2024-06-27","Kamala_Harris",-43084.5,-34304.5,8780
"2024-06-28","Kamala_Harris",-92565,-21432,71133
"2024-06-29","Kamala_Harris",-85580.5,-44077.5,41503
"2024-06-30","Kamala_Harris",-71451.5,-39150.5,32301
"2024-07-01","Kamala_Harris",-134578.5,-103918.5,30660
"2024-07-02","Kamala_Harris",-181547,-145523,36024
"2024-07-03","Kamala_Harris",-267556.5,-185538.5,82018
"2024-07-04","Kamala_Harris",-277676.5,-194689.5,82987
"2024-07-05","Kamala_Harris",-285324,-214167,71157
"2024-07-06","Kamala_Harris",-264302.5,-215640.5,48662
"2024-07-07","Kamala_Harris",-221434,-170196,51238
"2024-07-08","Kamala_Harris",-222374,-173858,48516
"2024-07-09","Kamala_Harris",-234861,-188406,46455
"2024-07-10","Kamala_Harris",-221399,-183391,38008
"2024-07-11","Kamala_Harris",-202206.5,-141119.5,61087
"2024-07-12","Kamala_Harris",-185374.5,-105951.5,79423
"2024-07-13","Kamala_Harris",-191037.5,-144245.5,46792
"2024-07-14","Kamala_Harris",-558391,-517098,41293
"2024-07-15","Kamala_Harris",2173784,2233765,59981
"2024-07-16","Kamala_Harris",1213534.5,1284277.5,70743
"2024-07-17","Kamala_Harris",240556,299216,58660
"2024-07-18","Kamala_Harris",300031,420829,120798
"2024-07-19","Kamala_Harris",-74271,56525,130796
"2024-07-20","Kamala_Harris",-21212,70102,91314
"2024-07-21","Kamala_Harris",-763298,738559,1501857
"2024-07-22","Kamala_Harris",-1289975,1242359,2532334
"2024-07-23","Kamala_Harris",-820081.5,768118.5,1588200
"2024-07-24","Kamala_Harris",-543667.5,421008.5,964676
"2024-07-25","Kamala_Harris",-349151,396306,745457
"2024-07-26","Kamala_Harris",-295749.5,299152.5,594902
"2024-07-27","Kamala_Harris",-214705,177852,392557
"2024-07-28","Kamala_Harris",-193899.5,113271.5,307171
"2024-07-29","Kamala_Harris",-180414.5,67394.5,247809
"2024-07-30","Kamala_Harris",-203612.5,32379.5,235992
"2024-07-31","Kamala_Harris",-298948,152441,451389
"2024-08-01","Kamala_Harris",-384877,283045,667922
"2024-08-02","Kamala_Harris",-230471,118702,349173
"2024-08-03","Kamala_Harris",-181538.5,70787.5,252326
"2024-08-04","Kamala_Harris",-188608.5,35561.5,224170
"2024-08-05","Kamala_Harris",-251292,-66205,185087
"2024-08-06","Kamala_Harris",-2109096.5,-1785913.5,323183
"2024-08-07","Kamala_Harris",-859342,-604590,254752
"2024-08-08","Kamala_Harris",-312515.5,-142929.5,169586
"2024-08-09","Kamala_Harris",-198924.5,-45495.5,153429
"2024-08-10","Kamala_Harris",-167369.5,-16024.5,151345
"2024-08-11","Kamala_Harris",-127020,-1146,125874
"2024-08-12","Kamala_Harris",-84262.5,26170.5,110433
"2024-08-13","Kamala_Harris",-119343,-5558,113785
"2024-08-14","Kamala_Harris",-111527,-11448,100079
"2024-08-15","Kamala_Harris",-107444,-12294,95150
"2024-08-16","Kamala_Harris",-110806,-3915,106891
"2024-08-17","Kamala_Harris",-98127,8312,106439
"2024-08-18","Kamala_Harris",-107525,7822,115347
"2024-08-19","Kamala_Harris",-115525,8504,124029
"2024-08-20","Kamala_Harris",-154718.5,104205.5,258924
"2024-08-21","Kamala_Harris",-301878.5,98175.5,400054
"2024-08-22","Kamala_Harris",-494999.5,-213301.5,281698
"2024-08-23","Kamala_Harris",-594778,236799,831577
"2024-08-24","Kamala_Harris",-201286,12080,213366
"2024-08-25","Kamala_Harris",-135979.5,4410.5,140390
"2024-08-26","Kamala_Harris",-117136.5,-6926.5,110210
"2024-08-27","Kamala_Harris",-103596.5,-6364.5,97232
"2024-08-28","Kamala_Harris",-94913.5,-6868.5,88045
"2024-08-29","Kamala_Harris",-84786.5,4912.5,89699
"2024-08-30","Kamala_Harris",-105645,12666,118311
"2024-08-31","Kamala_Harris",-77975,478,78453
"2024-09-01","Kamala_Harris",-70310,-1277,69033
"2024-09-02","Kamala_Harris",-71972.5,-5664.5,66308
"2024-09-03","Kamala_Harris",-76191.5,-2129.5,74062
"2024-09-04","Kamala_Harris",-74002,-8843,65159
"2024-09-05","Kamala_Harris",-70350.5,-10512.5,59838
"2024-09-06","Kamala_Harris",-63130,-4105,59025
"2024-09-07","Kamala_Harris",-62472,-4238,58234
"2024-09-08","Kamala_Harris",-66163,-4247,61916
"2024-09-09","Kamala_Harris",-78598,-12581,66017
"2024-09-10","Kamala_Harris",-110079,-10238,99841
"2024-09-11","Kamala_Harris",-502678,58291,560969
"2024-09-12","Kamala_Harris",-207990,6662,214652
"2024-09-13","Kamala_Harris",-161348.5,-10142.5,151206
"2024-09-14","Kamala_Harris",-123617.5,300.5,123918
"2024-09-15","Kamala_Harris",-123846,-10729,113117
"2024-09-16","Kamala_Harris",-119987.5,-28114.5,91873
"2024-09-17","Kamala_Harris",-101543.5,-20970.5,80573
"2024-09-18","Kamala_Harris",-94721,-13079,81642
"2024-09-19","Kamala_Harris",-88572,-16048,72524
"2024-09-20","Kamala_Harris",-87414,-7385,80029
"2024-09-21","Kamala_Harris",-84728.5,-4121.5,80607
"2024-09-22","Kamala_Harris",-88764,360,89124
"2024-09-23","Kamala_Harris",-87204.5,1449.5,88654
"2024-09-24","Kamala_Harris",-75941,-1167,74774
"2024-09-25","Kamala_Harris",-78615.5,2037.5,80653
"2024-09-26","Kamala_Harris",-75209.5,-799.5,74410
"2024-09-27","Kamala_Harris",-64522,-3423,61099
"2024-09-28","Kamala_Harris",-59210,1066,60276
"2024-09-29","Kamala_Harris",-67480,2758,70238
"2024-09-30","Kamala_Harris",-72018,-5614,66404
"2024-10-01","Kamala_Harris",-62137,2578,64715
"2024-10-02","Kamala_Harris",-2754.5,74141.5,76896
"2024-10-03","Kamala_Harris",-45560,16005,61565
"2024-10-04","Kamala_Harris",-50188.5,6027.5,56216
"2024-10-05","Kamala_Harris",-49778.5,6233.5,56012
"2024-10-06","Kamala_Harris",-57004.5,-2942.5,54062
"2024-10-07","Kamala_Harris",-67266,-4875,62391
"2024-10-08","Kamala_Harris",-76990.5,-6906.5,70084
"2024-10-09","Kamala_Harris",-71082.5,-7070.5,64012
"2024-10-10","Kamala_Harris",-65990,-11677,54313
"2024-10-11","Kamala_Harris",-72496.5,-12798.5,59698
"2024-10-12","Kamala_Harris",-64374,-7613,56761
"2024-10-13","Kamala_Harris",-75098.5,-8692.5,66406
"2024-10-14","Kamala_Harris",-82306,-19218,63088
"2024-10-15","Kamala_Harris",-84606.5,-20133.5,64473
"2024-10-16","Kamala_Harris",-90275,-19174,71101
"2024-10-17","Kamala_Harris",-91500.5,-11499.5,80001
"2024-10-18","Kamala_Harris",-92852,-15185,77667
"2024-10-19","Kamala_Harris",-86282,-14155,72127
"2024-10-20","Kamala_Harris",-115332.5,-2412.5,112920
"2024-10-21","Kamala_Harris",-134074,-18888,115186
"2024-10-22","Kamala_Harris",-121720.5,-29823.5,91897
"2024-10-23","Kamala_Harris",-117593.5,-28933.5,88660
"2024-10-24","Kamala_Harris",-127478,-19122,108356
"2024-10-25","Kamala_Harris",-127431.5,-21790.5,105641
"2024-10-26","Kamala_Harris",-126199,-32405,93794
"2024-10-27","Kamala_Harris",-140579,-43966,96613
"2024-10-28","Kamala_Harris",-176937.5,-62423.5,114514
"2024-10-29","Kamala_Harris",-192646,-66149,126497
"2024-10-30","Kamala_Harris",-191037,-53162,137875
"2024-10-31","Kamala_Harris",-162847.5,-45382.5,117465
"2024-11-01","Kamala_Harris",-173728.5,-51477.5,122251
"2024-11-02","Kamala_Harris",-199824.5,-67032.5,132792
"2024-11-03","Kamala_Harris",-300952.5,-95360.5,205592
"2024-11-04","Kamala_Harris",-467927.5,-189318.5,278609
"2024-11-05","Kamala_Harris",-1002457.5,-373813.5,628644
"2024-11-06","Kamala_Harris",-3847548.5,-2361593.5,1485955
"2024-11-07","Kamala_Harris",-1226296.5,-784990.5,441306
"2024-11-08","Kamala_Harris",-696566,-498640,197926
"2024-11-09","Kamala_Harris",-492083.5,-355624.5,136459
"2024-11-10","Kamala_Harris",-439505.5,-319238.5,120267
"2024-11-11","Kamala_Harris",-338463.5,-245407.5,93056
"2024-11-12","Kamala_Harris",-292027,-220360,71667
"2024-11-13","Kamala_Harris",-242855,-182547,60308
"2024-11-14","Kamala_Harris",-204525,-152093,52432
"2024-11-15","Kamala_Harris",-174738.5,-132066.5,42672
"2024-11-16","Kamala_Harris",-147754.5,-113682.5,34072
"2024-11-17","Kamala_Harris",-139478.5,-106282.5,33196
"2024-11-18","Kamala_Harris",-144282.5,-113857.5,30425
"2024-11-19","Kamala_Harris",-140803.5,-113272.5,27531
"2024-11-20","Kamala_Harris",-123684,-98286,25398
"2024-11-21","Kamala_Harris",-116074.5,-92695.5,23379
"2024-11-22","Kamala_Harris",-118175.5,-95866.5,22309
"2024-11-23","Kamala_Harris",-119873.5,-99421.5,20452
"2024-11-24","Kamala_Harris",-108245.5,-87190.5,21055
"2024-11-25","Kamala_Harris",-108129,-87617,20512
"2024-11-26","Kamala_Harris",-99828,-79974,19854
"2024-11-27","Kamala_Harris",-98346,-77410,20936
"2024-11-28","Kamala_Harris",-86198.5,-67059.5,19139
"2024-11-29","Kamala_Harris",-79741.5,-62548.5,17193
"2024-11-30","Kamala_Harris",-75253,-60010,15243
"2024-12-01","Kamala_Harris",-75879.5,-60369.5,15510
"2024-12-02","Kamala_Harris",-46518,-30806,15712
"2024-12-03","Kamala_Harris",-58443.5,-43439.5,15004
"2024-12-04","Kamala_Harris",-67558,-53679,13879
"2024-12-05","Kamala_Harris",-63460.5,-49552.5,13908
"2024-12-06","Kamala_Harris",-61375,-48611,12764
"2024-12-07","Kamala_Harris",-55042.5,-43823.5,11219
"2024-12-08","Kamala_Harris",-52821.5,-41805.5,11016
"2024-12-09","Kamala_Harris",-56506,-45199,11307
"2024-12-10","Kamala_Harris",-54385,-44075,10310
"2024-12-11","Kamala_Harris",-52175,-41815,10360
"2024-12-12","Kamala_Harris",-53426,-42916,10510
"2024-12-13","Kamala_Harris",-51321,-41523,9798
"2024-12-14","Kamala_Harris",-44800,-35529,9271
"2024-12-15","Kamala_Harris",-44494.5,-34428.5,10066
"2024-12-16","Kamala_Harris",-47003.5,-36264.5,10739
"2024-12-17","Kamala_Harris",-48725,-38544,10181
"2024-12-18","Kamala_Harris",-51097,-40848,10249
"2024-12-19","Kamala_Harris",-44307.5,-34974.5,9333
"2024-12-20","Kamala_Harris",-40722.5,-31388.5,9334
"2024-12-21","Kamala_Harris",-37089,-28282,8807
"2024-12-22","Kamala_Harris",-38628.5,-30170.5,8458
"2024-12-23","Kamala_Harris",-38841,-29983,8858
"2024-12-24","Kamala_Harris",-36831.5,-28266.5,8565
"2024-12-25","Kamala_Harris",-34452,-26207,8245
"2024-12-26","Kamala_Harris",-35819.5,-26648.5,9171
"2024-12-27","Kamala_Harris",-36698,-26674,10024
"2024-12-28","Kamala_Harris",-34124,-25150,8974
"2024-12-29","Kamala_Harris",-37430,-26990,10440
"2024-12-30","Kamala_Harris",-38924,-25385,13539
"2024-12-31","Kamala_Harris",-38716,-28208,10508
"2024-01-01","2024_United_States_presidential_election",-20398,19397,39795
"2024-01-02","2024_United_States_presidential_election",-23221,18257,41478
"2024-01-03","2024_United_States_presidential_election",-24124.5,15754.5,39879
"2024-01-04","2024_United_States_presidential_election",-24669.5,12120.5,36790
"2024-01-05","2024_United_States_presidential_election",-19549,17246,36795
"2024-01-06","2024_United_States_presidential_election",-20914.5,18520.5,39435
"2024-01-07","2024_United_States_presidential_election",-21295,17300,38595
"2024-01-08","2024_United_States_presidential_election",-21517,16371,37888
"2024-01-09","2024_United_States_presidential_election",-21328.5,17496.5,38825
"2024-01-10","2024_United_States_presidential_election",-32026.5,8988.5,41015
"2024-01-11","2024_United_States_presidential_election",-30686.5,22841.5,53528
"2024-01-12","2024_United_States_presidential_election",-20736,18082,38818
"2024-01-13","2024_United_States_presidential_election",-18968,16990,35958
"2024-01-14","2024_United_States_presidential_election",-23405,19163,42568
"2024-01-15","2024_United_States_presidential_election",-34983,25326,60309
"2024-01-16","2024_United_States_presidential_election",-114210,46327,160537
"2024-01-17","2024_United_States_presidential_election",-67280,22053,89333
"2024-01-18","2024_United_States_presidential_election",-43755.5,16896.5,60652
"2024-01-19","2024_United_States_presidential_election",-37541,11148,48689
"2024-01-20","2024_United_States_presidential_election",-30663.5,12239.5,42903
"2024-01-21","2024_United_States_presidential_election",-43342,24512,67854
"2024-01-22","2024_United_States_presidential_election",-57714,29155,86869
"2024-01-23","2024_United_States_presidential_election",-44524,25845,70369
"2024-01-24","2024_United_States_presidential_election",-72794.5,36134.5,108929
"2024-01-25","2024_United_States_presidential_election",-36095,21646,57741
"2024-01-26","2024_United_States_presidential_election",-30704,14634,45338
"2024-01-27","2024_United_States_presidential_election",-32279.5,8191.5,40471
"2024-01-28","2024_United_States_presidential_election",-26608,14480,41088
"2024-01-29","2024_United_States_presidential_election",-22195.5,18804.5,41000
"2024-01-30","2024_United_States_presidential_election",-20851.5,16824.5,37676
"2024-01-31","2024_United_States_presidential_election",-18638.5,15532.5,34171
"2024-02-01","2024_United_States_presidential_election",-15930.5,16781.5,32712
"2024-02-02","2024_United_States_presidential_election",-12469.5,17884.5,30354
"2024-02-03","2024_United_States_presidential_election",-8921.5,20427.5,29349
"2024-02-04","2024_United_States_presidential_election",-12239.5,28050.5,40290
"2024-02-05","2024_United_States_presidential_election",-11507.5,22456.5,33964
"2024-02-06","2024_United_States_presidential_election",-13496.5,21157.5,34654
"2024-02-07","2024_United_States_presidential_election",-17064.5,22973.5,40038
"2024-02-08","2024_United_States_presidential_election",-11755.5,27274.5,39030
"2024-02-09","2024_United_States_presidential_election",23538.5,73071.5,49533
"2024-02-10","2024_United_States_presidential_election",-475.5,33848.5,34324
"2024-02-11","2024_United_States_presidential_election",-54088.5,-13770.5,40318
"2024-02-12","2024_United_States_presidential_election",-33248.5,8012.5,41261
"2024-02-13","2024_United_States_presidential_election",-13928,25246,39174
"2024-02-14","2024_United_States_presidential_election",-15868,18253,34121
"2024-02-15","2024_United_States_presidential_election",-7938.5,21674.5,29613
"2024-02-16","2024_United_States_presidential_election",-13508.5,14814.5,28323
"2024-02-17","2024_United_States_presidential_election",-17074,7947,25021
"2024-02-18","2024_United_States_presidential_election",-14264,12001,26265
"2024-02-19","2024_United_States_presidential_election",-20547.5,10297.5,30845
"2024-02-20","2024_United_States_presidential_election",-20943,10324,31267
"2024-02-21","2024_United_States_presidential_election",-29549.5,-565.5,28984
"2024-02-22","2024_United_States_presidential_election",-12542,14314,26856
"2024-02-23","2024_United_States_presidential_election",-20833.5,4766.5,25600
"2024-02-24","2024_United_States_presidential_election",-11422,17284,28706
"2024-02-25","2024_United_States_presidential_election",-16564.5,35485.5,52050
"2024-02-26","2024_United_States_presidential_election",-22317.5,12507.5,34825
"2024-02-27","2024_United_States_presidential_election",-23241,8370,31611
"2024-02-28","2024_United_States_presidential_election",-22695,22093,44788
"2024-02-29","2024_United_States_presidential_election",-22799,10927,33726
"2024-03-01","2024_United_States_presidential_election",-17875.5,9190.5,27066
"2024-03-02","2024_United_States_presidential_election",-17006.5,9763.5,26770
"2024-03-03","2024_United_States_presidential_election",-24307,10982,35289
"2024-03-04","2024_United_States_presidential_election",-43285.5,4946.5,48232
"2024-03-05","2024_United_States_presidential_election",-44696,14309,59005
"2024-03-06","2024_United_States_presidential_election",-98790.5,42382.5,141173
"2024-03-07","2024_United_States_presidential_election",-57254.5,15734.5,72989
"2024-03-08","2024_United_States_presidential_election",17582,71804,54222
"2024-03-09","2024_United_States_presidential_election",-21332.5,18529.5,39862
"2024-03-10","2024_United_States_presidential_election",-29914.5,9883.5,39798
"2024-03-11","2024_United_States_presidential_election",-24334.5,13016.5,37351
"2024-03-12","2024_United_States_presidential_election",-26257,12611,38868
"2024-03-13","2024_United_States_presidential_election",-50793.5,26943.5,77737
"2024-03-14","2024_United_States_presidential_election",-26495,15071,41566
"2024-03-15","2024_United_States_presidential_election",-22301.5,10923.5,33225
"2024-03-16","2024_United_States_presidential_election",-19354,10902,30256
"2024-03-17","2024_United_States_presidential_election",-22113.5,11206.5,33320
"2024-03-18","2024_United_States_presidential_election",-27698,9698,37396
"2024-03-19","2024_United_States_presidential_election",-26773,8791,35564
"2024-03-20","2024_United_States_presidential_election",-31529.5,8250.5,39780
"2024-03-21","2024_United_States_presidential_election",-32116.5,-3128.5,28988
"2024-03-22","2024_United_States_presidential_election",-23425.5,2778.5,26204
"2024-03-23","2024_United_States_presidential_election",-18442.5,6490.5,24933
"2024-03-24","2024_United_States_presidential_election",-17171.5,9349.5,26521
"2024-03-25","2024_United_States_presidential_election",-22822.5,4481.5,27304
"2024-03-26","2024_United_States_presidential_election",-23488,8827,32315
"2024-03-27","2024_United_States_presidential_election",-20717.5,11311.5,32029
"2024-03-28","2024_United_States_presidential_election",-17438,10864,28302
"2024-03-29","2024_United_States_presidential_election",-15376.5,9649.5,25026
"2024-03-30","2024_United_States_presidential_election",-14109,8529,22638
"2024-03-31","2024_United_States_presidential_election",-16132,7209,23341
"2024-04-01","2024_United_States_presidential_election",-18372,6559,24931
"2024-04-02","2024_United_States_presidential_election",-21432.5,6526.5,27959
"2024-04-03","2024_United_States_presidential_election",-25718,5013,30731
"2024-04-04","2024_United_States_presidential_election",-21213.5,5485.5,26699
"2024-04-05","2024_United_States_presidential_election",-21357.5,3101.5,24459
"2024-04-06","2024_United_States_presidential_election",-23874.5,-2211.5,21663
"2024-04-07","2024_United_States_presidential_election",-20731.5,2098.5,22830
"2024-04-08","2024_United_States_presidential_election",-15960,9413,25373
"2024-04-09","2024_United_States_presidential_election",-17907.5,6771.5,24679
"2024-04-10","2024_United_States_presidential_election",-19220,7215,26435
"2024-04-11","2024_United_States_presidential_election",-20090.5,6018.5,26109
"2024-04-12","2024_United_States_presidential_election",-16429,7191,23620
"2024-04-13","2024_United_States_presidential_election",-12509.5,9227.5,21737
"2024-04-14","2024_United_States_presidential_election",-16061.5,9625.5,25687
"2024-04-15","2024_United_States_presidential_election",-26325.5,-941.5,25384
"2024-04-16","2024_United_States_presidential_election",-20846,2221,23067
"2024-04-17","2024_United_States_presidential_election",-21091.5,1690.5,22782
"2024-04-18","2024_United_States_presidential_election",-21345.5,1354.5,22700
"2024-04-19","2024_United_States_presidential_election",-18279,4658,22937
"2024-04-20","2024_United_States_presidential_election",-13319.5,6761.5,20081
"2024-04-21","2024_United_States_presidential_election",-12147,8686,20833
"2024-04-22","2024_United_States_presidential_election",-18863,4623,23486
"2024-04-23","2024_United_States_presidential_election",-21596.5,940.5,22537
"2024-04-24","2024_United_States_presidential_election",-20005.5,4002.5,24008
"2024-04-25","2024_United_States_presidential_election",-23832,-452,23380
"2024-04-26","2024_United_States_presidential_election",-18066,3737,21803
"2024-04-27","2024_United_States_presidential_election",-14497,5255,19752
"2024-04-28","2024_United_States_presidential_election",-12677,11204,23881
"2024-04-29","2024_United_States_presidential_election",-16279,9588,25867
"2024-04-30","2024_United_States_presidential_election",-17259.5,6454.5,23714
"2024-05-01","2024_United_States_presidential_election",-20603,3048,23651
"2024-05-02","2024_United_States_presidential_election",-14169,10056,24225
"2024-05-03","2024_United_States_presidential_election",-16010.5,6534.5,22545
"2024-05-04","2024_United_States_presidential_election",-11492,8201,19693
"2024-05-05","2024_United_States_presidential_election",-14791.5,5300.5,20092
"2024-05-06","2024_United_States_presidential_election",-17268.5,5582.5,22851
"2024-05-07","2024_United_States_presidential_election",-26120,-3627,22493
"2024-05-08","2024_United_States_presidential_election",-26363,-3645,22718
"2024-05-09","2024_United_States_presidential_election",-19889.5,3069.5,22959
"2024-05-10","2024_United_States_presidential_election",-24205,-2602,21603
"2024-05-11","2024_United_States_presidential_election",-20126.5,-2046.5,18080
"2024-05-12","2024_United_States_presidential_election",-13465,6109,19574
"2024-05-13","2024_United_States_presidential_election",-13658,10141,23799
"2024-05-14","2024_United_States_presidential_election",-9522.5,14372.5,23895
"2024-05-15","2024_United_States_presidential_election",-15980,11906,27886
"2024-05-16","2024_United_States_presidential_election",-20369,4173,24542
"2024-05-17","2024_United_States_presidential_election",-21343.5,-937.5,20406
"2024-05-18","2024_United_States_presidential_election",-19194,-656,18538
"2024-05-19","2024_United_States_presidential_election",-14945,4033,18978
"2024-05-20","2024_United_States_presidential_election",-20127.5,1550.5,21678
"2024-05-21","2024_United_States_presidential_election",-33360.5,-10047.5,23313
"2024-05-22","2024_United_States_presidential_election",-43112,-17669,25443
"2024-05-23","2024_United_States_presidential_election",-34591,-9497,25094
"2024-05-24","2024_United_States_presidential_election",-41330.5,-17878.5,23452
"2024-05-25","2024_United_States_presidential_election",-35322.5,-14659.5,20663
"2024-05-26","2024_United_States_presidential_election",-36733,-11344,25389
"2024-05-27","2024_United_States_presidential_election",-34521,-4666,29855
"2024-05-28","2024_United_States_presidential_election",-40430.5,-13144.5,27286
"2024-05-29","2024_United_States_presidential_election",-45253,-18254,26999
"2024-05-30","2024_United_States_presidential_election",-178217.5,-138790.5,39427
"2024-05-31","2024_United_States_presidential_election",-282316.5,-227634.5,54682
"2024-06-01","2024_United_States_presidential_election",-87223.5,-54540.5,32683
"2024-06-02","2024_United_States_presidential_election",-67174.5,-35674.5,31500
"2024-06-03","2024_United_States_presidential_election",-50628.5,-15693.5,34935
"2024-06-04","2024_United_States_presidential_election",-38335,-1724,36611
"2024-06-05","2024_United_States_presidential_election",-32168.5,-1450.5,30718
"2024-06-06","2024_United_States_presidential_election",-12374.5,15201.5,27576
"2024-06-07","2024_United_States_presidential_election",-23547,1707,25254
"2024-06-08","2024_United_States_presidential_election",-68085,-44987,23098
"2024-06-09","2024_United_States_presidential_election",-59486,-34722,24764
"2024-06-10","2024_United_States_presidential_election",-45870.5,-19497.5,26373
"2024-06-11","2024_United_States_presidential_election",-24163.5,2798.5,26962
"2024-06-12","2024_United_States_presidential_election",-31522,-4403,27119
"2024-06-13","2024_United_States_presidential_election",-35222.5,-8825.5,26397
"2024-06-14","2024_United_States_presidential_election",-48062,-20128,27934
"2024-06-15","2024_United_States_presidential_election",-37112.5,-13269.5,23843
"2024-06-16","2024_United_States_presidential_election",-32522,-7400,25122
"2024-06-17","2024_United_States_presidential_election",-24316.5,3563.5,27880
"2024-06-18","2024_United_States_presidential_election",-33077.5,-6527.5,26550
"2024-06-19","2024_United_States_presidential_election",-34195,-8896,25299
"2024-06-20","2024_United_States_presidential_election",-43726,-17378,26348
"2024-06-21","2024_United_States_presidential_election",-41495,-14367,27128
"2024-06-22","2024_United_States_presidential_election",-47167.5,-22372.5,24795
"2024-06-23","2024_United_States_presidential_election",-31063.5,-3735.5,27328
"2024-06-24","2024_United_States_presidential_election",-42573,-14065,28508
"2024-06-25","2024_United_States_presidential_election",-37138,-8677,28461
"2024-06-26","2024_United_States_presidential_election",-21928,7369,29297
"2024-06-27","2024_United_States_presidential_election",-34304.5,4078.5,38383
"2024-06-28","2024_United_States_presidential_election",-21432,115218,136650
"2024-06-29","2024_United_States_presidential_election",-44077.5,25790.5,69868
"2024-06-30","2024_United_States_presidential_election",-39150.5,12221.5,51372
"2024-07-01","2024_United_States_presidential_election",-103918.5,-53159.5,50759
"2024-07-02","2024_United_States_presidential_election",-145523,-96487,49036
"2024-07-03","2024_United_States_presidential_election",-185538.5,-132647.5,52891
"2024-07-04","2024_United_States_presidential_election",-194689.5,-142607.5,52082
"2024-07-05","2024_United_States_presidential_election",-214167,-161464,52703
"2024-07-06","2024_United_States_presidential_election",-215640.5,-172582.5,43058
"2024-07-07","2024_United_States_presidential_election",-170196,-130972,39224
"2024-07-08","2024_United_States_presidential_election",-173858,-132229,41629
"2024-07-09","2024_United_States_presidential_election",-188406,-150247,38159
"2024-07-10","2024_United_States_presidential_election",-183391,-145093,38298
"2024-07-11","2024_United_States_presidential_election",-141119.5,-101380.5,39739
"2024-07-12","2024_United_States_presidential_election",-105951.5,-57444.5,48507
"2024-07-13","2024_United_States_presidential_election",-144245.5,-100675.5,43570
"2024-07-14","2024_United_States_presidential_election",-517098,-378225,138873
"2024-07-15","2024_United_States_presidential_election",2233765,2371601,137836
"2024-07-16","2024_United_States_presidential_election",1284277.5,1401205.5,116928
"2024-07-17","2024_United_States_presidential_election",299216,369881,70665
"2024-07-18","2024_United_States_presidential_election",420829,492664,71835
"2024-07-19","2024_United_States_presidential_election",56525,131447,74922
"2024-07-20","2024_United_States_presidential_election",70102,122673,52571
"2024-07-21","2024_United_States_presidential_election",738559,1030425,291866
"2024-07-22","2024_United_States_presidential_election",1242359,1553095,310736
"2024-07-23","2024_United_States_presidential_election",768118.5,1022002.5,253884
"2024-07-24","2024_United_States_presidential_election",421008.5,575220.5,154212
"2024-07-25","2024_United_States_presidential_election",396306,517116,120810
"2024-07-26","2024_United_States_presidential_election",299152.5,397566.5,98414
"2024-07-27","2024_United_States_presidential_election",177852,257229,79377
"2024-07-28","2024_United_States_presidential_election",113271.5,185737.5,72466
"2024-07-29","2024_United_States_presidential_election",67394.5,137245.5,69851
"2024-07-30","2024_United_States_presidential_election",32379.5,97760.5,65381
"2024-07-31","2024_United_States_presidential_election",152441,217156,64715
"2024-08-01","2024_United_States_presidential_election",283045,342872,59827
"2024-08-02","2024_United_States_presidential_election",118702,192549,73847
"2024-08-03","2024_United_States_presidential_election",70787.5,134045.5,63258
"2024-08-04","2024_United_States_presidential_election",35561.5,88543.5,52982
"2024-08-05","2024_United_States_presidential_election",-66205,-4751,61454
"2024-08-06","2024_United_States_presidential_election",-1785913.5,-1619131.5,166782
"2024-08-07","2024_United_States_presidential_election",-604590,-505300,99290
"2024-08-08","2024_United_States_presidential_election",-142929.5,-73919.5,69010
"2024-08-09","2024_United_States_presidential_election",-45495.5,13145.5,58641
"2024-08-10","2024_United_States_presidential_election",-16024.5,36029.5,52054
"2024-08-11","2024_United_States_presidential_election",-1146,49671,50817
"2024-08-12","2024_United_States_presidential_election",26170.5,77343.5,51173
"2024-08-13","2024_United_States_presidential_election",-5558,48399,53957
"2024-08-14","2024_United_States_presidential_election",-11448,39524,50972
"2024-08-15","2024_United_States_presidential_election",-12294,36338,48632
"2024-08-16","2024_United_States_presidential_election",-3915,42400,46315
"2024-08-17","2024_United_States_presidential_election",8312,50481,42169
"2024-08-18","2024_United_States_presidential_election",7822,52137,44315
"2024-08-19","2024_United_States_presidential_election",8504,59022,50518
"2024-08-20","2024_United_States_presidential_election",104205.5,167693.5,63488
"2024-08-21","2024_United_States_presidential_election",98175.5,170887.5,72712
"2024-08-22","2024_United_States_presidential_election",-213301.5,-146900.5,66401
"2024-08-23","2024_United_States_presidential_election",236799,325828,89029
"2024-08-24","2024_United_States_presidential_election",12080,80559,68479
"2024-08-25","2024_United_States_presidential_election",4410.5,61178.5,56768
"2024-08-26","2024_United_States_presidential_election",-6926.5,49504.5,56431
"2024-08-27","2024_United_States_presidential_election",-6364.5,45224.5,51589
"2024-08-28","2024_United_States_presidential_election",-6868.5,38468.5,45337
"2024-08-29","2024_United_States_presidential_election",4912.5,47221.5,42309
"2024-08-30","2024_United_States_presidential_election",12666,53362,40696
"2024-08-31","2024_United_States_presidential_election",478,36454,35976
"2024-09-01","2024_United_States_presidential_election",-1277,35411,36688
"2024-09-02","2024_United_States_presidential_election",-5664.5,33271.5,38936
"2024-09-03","2024_United_States_presidential_election",-2129.5,38277.5,40407
"2024-09-04","2024_United_States_presidential_election",-8843,28956,37799
"2024-09-05","2024_United_States_presidential_election",-10512.5,28806.5,39319
"2024-09-06","2024_United_States_presidential_election",-4105,36234,40339
"2024-09-07","2024_United_States_presidential_election",-4238,32407,36645
"2024-09-08","2024_United_States_presidential_election",-4247,35435,39682
"2024-09-09","2024_United_States_presidential_election",-12581,31848,44429
"2024-09-10","2024_United_States_presidential_election",-10238,41717,51955
"2024-09-11","2024_United_States_presidential_election",58291,186009,127718
"2024-09-12","2024_United_States_presidential_election",6662,83399,76737
"2024-09-13","2024_United_States_presidential_election",-10142.5,52795.5,62938
"2024-09-14","2024_United_States_presidential_election",300.5,47889.5,47589
"2024-09-15","2024_United_States_presidential_election",-10729,43241,53970
"2024-09-16","2024_United_States_presidential_election",-28114.5,27665.5,55780
"2024-09-17","2024_United_States_presidential_election",-20970.5,43636.5,64607
"2024-09-18","2024_United_States_presidential_election",-13079,44344,57423
"2024-09-19","2024_United_States_presidential_election",-16048,34670,50718
"2024-09-20","2024_United_States_presidential_election",-7385,39495,46880
"2024-09-21","2024_United_States_presidential_election",-4121.5,39691.5,43813
"2024-09-22","2024_United_States_presidential_election",360,46003,45643
"2024-09-23","2024_United_States_presidential_election",1449.5,50557.5,49108
"2024-09-24","2024_United_States_presidential_election",-1167,45131,46298
"2024-09-25","2024_United_States_presidential_election",2037.5,47185.5,45148
"2024-09-26","2024_United_States_presidential_election",-799.5,42811.5,43611
"2024-09-27","2024_United_States_presidential_election",-3423,37254,40677
"2024-09-28","2024_United_States_presidential_election",1066,37326,36260
"2024-09-29","2024_United_States_presidential_election",2758,42315,39557
"2024-09-30","2024_United_States_presidential_election",-5614,40948,46562
"2024-10-01","2024_United_States_presidential_election",2578,51523,48945
"2024-10-02","2024_United_States_presidential_election",74141.5,139107.5,64966
"2024-10-03","2024_United_States_presidential_election",16005,66505,50500
"2024-10-04","2024_United_States_presidential_election",6027.5,54068.5,48041
"2024-10-05","2024_United_States_presidential_election",6233.5,50296.5,44063
"2024-10-06","2024_United_States_presidential_election",-2942.5,48136.5,51079
"2024-10-07","2024_United_States_presidential_election",-4875,53804,58679
"2024-10-08","2024_United_States_presidential_election",-6906.5,51446.5,58353
"2024-10-09","2024_United_States_presidential_election",-7070.5,50073.5,57144
"2024-10-10","2024_United_States_presidential_election",-11677,42436,54113
"2024-10-11","2024_United_States_presidential_election",-12798.5,41841.5,54640
"2024-10-12","2024_United_States_presidential_election",-7613,41345,48958
"2024-10-13","2024_United_States_presidential_election",-8692.5,47281.5,55974
"2024-10-14","2024_United_States_presidential_election",-19218,45635,64853
"2024-10-15","2024_United_States_presidential_election",-20133.5,50200.5,70334
"2024-10-16","2024_United_States_presidential_election",-19174,56732,75906
"2024-10-17","2024_United_States_presidential_election",-11499.5,63394.5,74894
"2024-10-18","2024_United_States_presidential_election",-15185,58675,73860
"2024-10-19","2024_United_States_presidential_election",-14155,53607,67762
"2024-10-20","2024_United_States_presidential_election",-2412.5,75286.5,77699
"2024-10-21","2024_United_States_presidential_election",-18888,82831,101719
"2024-10-22","2024_United_States_presidential_election",-29823.5,72900.5,102724
"2024-10-23","2024_United_States_presidential_election",-28933.5,73677.5,102611
"2024-10-24","2024_United_States_presidential_election",-19122,80315,99437
"2024-10-25","2024_United_States_presidential_election",-21790.5,84298.5,106089
"2024-10-26","2024_United_States_presidential_election",-32405,67678,100083
"2024-10-27","2024_United_States_presidential_election",-43966,70973,114939
"2024-10-28","2024_United_States_presidential_election",-62423.5,93569.5,155993
"2024-10-29","2024_United_States_presidential_election",-66149,101822,167971
"2024-10-30","2024_United_States_presidential_election",-53162,121465,174627
"2024-10-31","2024_United_States_presidential_election",-45382.5,133267.5,178650
"2024-11-01","2024_United_States_presidential_election",-51477.5,160101.5,211579
"2024-11-02","2024_United_States_presidential_election",-67032.5,158183.5,225216
"2024-11-03","2024_United_States_presidential_election",-95360.5,244494.5,339855
"2024-11-04","2024_United_States_presidential_election",-189318.5,394697.5,584016
"2024-11-05","2024_United_States_presidential_election",-373813.5,830764.5,1204578
"2024-11-06","2024_United_States_presidential_election",-2361593.5,1898491.5,4260085
"2024-11-07","2024_United_States_presidential_election",-784990.5,485650.5,1270641
"2024-11-08","2024_United_States_presidential_election",-498640,267232,765872
"2024-11-09","2024_United_States_presidential_election",-355624.5,220559.5,576184
"2024-11-10","2024_United_States_presidential_election",-319238.5,259421.5,578660
"2024-11-11","2024_United_States_presidential_election",-245407.5,164516.5,409924
"2024-11-12","2024_United_States_presidential_election",-220360,118836,339196
"2024-11-13","2024_United_States_presidential_election",-182547,96389,278936
"2024-11-14","2024_United_States_presidential_election",-152093,83320,235413
"2024-11-15","2024_United_States_presidential_election",-132066.5,73162.5,205229
"2024-11-16","2024_United_States_presidential_election",-113682.5,71909.5,185592
"2024-11-17","2024_United_States_presidential_election",-106282.5,70711.5,176994
"2024-11-18","2024_United_States_presidential_election",-113857.5,62177.5,176035
"2024-11-19","2024_United_States_presidential_election",-113272.5,65467.5,178740
"2024-11-20","2024_United_States_presidential_election",-98286,69542,167828
"2024-11-21","2024_United_States_presidential_election",-92695.5,60504.5,153200
"2024-11-22","2024_United_States_presidential_election",-95866.5,58810.5,154677
"2024-11-23","2024_United_States_presidential_election",-99421.5,43884.5,143306
"2024-11-24","2024_United_States_presidential_election",-87190.5,47302.5,134493
"2024-11-25","2024_United_States_presidential_election",-87617,42988,130605
"2024-11-26","2024_United_States_presidential_election",-79974,45445,125419
"2024-11-27","2024_United_States_presidential_election",-77410,50925,128335
"2024-11-28","2024_United_States_presidential_election",-67059.5,45738.5,112798
"2024-11-29","2024_United_States_presidential_election",-62548.5,40812.5,103361
"2024-11-30","2024_United_States_presidential_election",-60010,35476,95486
"2024-12-01","2024_United_States_presidential_election",-60369.5,30749.5,91119
"2024-12-02","2024_United_States_presidential_election",-30806,68017,98823
"2024-12-03","2024_United_States_presidential_election",-43439.5,57177.5,100617
"2024-12-04","2024_United_States_presidential_election",-53679,47360,101039
"2024-12-05","2024_United_States_presidential_election",-49552.5,36386.5,85939
"2024-12-06","2024_United_States_presidential_election",-48611,28978,77589
"2024-12-07","2024_United_States_presidential_election",-43823.5,25701.5,69525
"2024-12-08","2024_United_States_presidential_election",-41805.5,23943.5,65749
"2024-12-09","2024_United_States_presidential_election",-45199,23039,68238
"2024-12-10","2024_United_States_presidential_election",-44075,19825,63900
"2024-12-11","2024_United_States_presidential_election",-41815,19154,60969
"2024-12-12","2024_United_States_presidential_election",-42916,18892,61808
"2024-12-13","2024_United_States_presidential_election",-41523,17141,58664
"2024-12-14","2024_United_States_presidential_election",-35529,21772,57301
"2024-12-15","2024_United_States_presidential_election",-34428.5,21152.5,55581
"2024-12-16","2024_United_States_presidential_election",-36264.5,23031.5,59296
"2024-12-17","2024_United_States_presidential_election",-38544,25349,63893
"2024-12-18","2024_United_States_presidential_election",-40848,27082,67930
"2024-12-19","2024_United_States_presidential_election",-34974.5,21168.5,56143
"2024-12-20","2024_United_States_presidential_election",-31388.5,19913.5,51302
"2024-12-21","2024_United_States_presidential_election",-28282,19089,47371
"2024-12-22","2024_United_States_presidential_election",-30170.5,16044.5,46215
"2024-12-23","2024_United_States_presidential_election",-29983,16660,46643
"2024-12-24","2024_United_States_presidential_election",-28266.5,14744.5,43011
"2024-12-25","2024_United_States_presidential_election",-26207,13053,39260
"2024-12-26","2024_United_States_presidential_election",-26648.5,15305.5,41954
"2024-12-27","2024_United_States_presidential_election",-26674,15922,42596
"2024-12-28","2024_United_States_presidential_election",-25150,15037,40187
"2024-12-29","2024_United_States_presidential_election",-26990,16196,43186
"2024-12-30","2024_United_States_presidential_election",-25385,23977,49362
"2024-12-31","2024_United_States_presidential_election",-28208,16564,44772
"2024-01-01","Donald_Trump",19397,56691,37294
"2024-01-02","Donald_Trump",18257,57205,38948
"2024-01-03","Donald_Trump",15754.5,49795.5,34041
"2024-01-04","Donald_Trump",12120.5,46038.5,33918
"2024-01-05","Donald_Trump",17246,50764,33518
"2024-01-06","Donald_Trump",18520.5,53389.5,34869
"2024-01-07","Donald_Trump",17300,52250,34950
"2024-01-08","Donald_Trump",16371,48231,31860
"2024-01-09","Donald_Trump",17496.5,52653.5,35157
"2024-01-10","Donald_Trump",8988.5,63165.5,54177
"2024-01-11","Donald_Trump",22841.5,70400.5,47559
"2024-01-12","Donald_Trump",18082,56921,38839
"2024-01-13","Donald_Trump",16990,56833,39843
"2024-01-14","Donald_Trump",19163,60671,41508
"2024-01-15","Donald_Trump",25326,74242,48916
"2024-01-16","Donald_Trump",46327,176534,130207
"2024-01-17","Donald_Trump",22053,100317,78264
"2024-01-18","Donald_Trump",16896.5,72624.5,55728
"2024-01-19","Donald_Trump",11148,68208,57060
"2024-01-20","Donald_Trump",12239.5,59274.5,47035
"2024-01-21","Donald_Trump",24512,82736,58224
"2024-01-22","Donald_Trump",29155,97365,68210
"2024-01-23","Donald_Trump",25845,86174,60329
"2024-01-24","Donald_Trump",36134.5,135239.5,99105
"2024-01-25","Donald_Trump",21646,77483,55837
"2024-01-26","Donald_Trump",14634,67114,52480
"2024-01-27","Donald_Trump",8191.5,66332.5,58141
"2024-01-28","Donald_Trump",14480,62506,48026
"2024-01-29","Donald_Trump",18804.5,61117.5,42313
"2024-01-30","Donald_Trump",16824.5,57550.5,40726
"2024-01-31","Donald_Trump",15532.5,53822.5,38290
"2024-02-01","Donald_Trump",16781.5,49160.5,32379
"2024-02-02","Donald_Trump",17884.5,48731.5,30847
"2024-02-03","Donald_Trump",20427.5,49353.5,28926
"2024-02-04","Donald_Trump",28050.5,60949.5,32899
"2024-02-05","Donald_Trump",22456.5,55429.5,32973
"2024-02-06","Donald_Trump",21157.5,57978.5,36821
"2024-02-07","Donald_Trump",22973.5,59897.5,36924
"2024-02-08","Donald_Trump",27274.5,69656.5,42382
"2024-02-09","Donald_Trump",73071.5,147312.5,74241
"2024-02-10","Donald_Trump",33848.5,75580.5,41732
"2024-02-11","Donald_Trump",-13770.5,30957.5,44728
"2024-02-12","Donald_Trump",8012.5,49082.5,41070
"2024-02-13","Donald_Trump",25246,66921,41675
"2024-02-14","Donald_Trump",18253,53402,35149
"2024-02-15","Donald_Trump",21674.5,54760.5,33086
"2024-02-16","Donald_Trump",14814.5,57829.5,43015
"2024-02-17","Donald_Trump",7947,55791,47844
"2024-02-18","Donald_Trump",12001,52401,40400
"2024-02-19","Donald_Trump",10297.5,49444.5,39147
"2024-02-20","Donald_Trump",10324,48104,37780
"2024-02-21","Donald_Trump",-565.5,39141.5,39707
"2024-02-22","Donald_Trump",14314,47365,33051
"2024-02-23","Donald_Trump",4766.5,38255.5,33489
"2024-02-24","Donald_Trump",17284,52709,35425
"2024-02-25","Donald_Trump",35485.5,97523.5,62038
"2024-02-26","Donald_Trump",12507.5,50189.5,37682
"2024-02-27","Donald_Trump",8370,44216,35846
"2024-02-28","Donald_Trump",22093,68723,46630
"2024-02-29","Donald_Trump",10927,46259,35332
"2024-03-01","Donald_Trump",9190.5,40069.5,30879
"2024-03-02","Donald_Trump",9763.5,39671.5,29908
"2024-03-03","Donald_Trump",10982,51025,40043
"2024-03-04","Donald_Trump",4946.5,60610.5,55664
"2024-03-05","Donald_Trump",14309,77094,62785
"2024-03-06","Donald_Trump",42382.5,143882.5,101500
"2024-03-07","Donald_Trump",15734.5,72235.5,56501
"2024-03-08","Donald_Trump",71804,130621,58817
"2024-03-09","Donald_Trump",18529.5,57123.5,38594
"2024-03-10","Donald_Trump",9883.5,53978.5,44095
"2024-03-11","Donald_Trump",13016.5,48877.5,35861
"2024-03-12","Donald_Trump",12611,48669,36058
"2024-03-13","Donald_Trump",26943.5,84378.5,57435
"2024-03-14","Donald_Trump",15071,50070,34999
"2024-03-15","Donald_Trump",10923.5,41616.5,30693
"2024-03-16","Donald_Trump",10902,38914,28012
"2024-03-17","Donald_Trump",11206.5,43162.5,31956
"2024-03-18","Donald_Trump",9698,45241,35543
"2024-03-19","Donald_Trump",8791,46678,37887
"2024-03-20","Donald_Trump",8250.5,51380.5,43130
"2024-03-21","Donald_Trump",-3128.5,32441.5,35570
"2024-03-22","Donald_Trump",2778.5,35138.5,32360
"2024-03-23","Donald_Trump",6490.5,34707.5,28217
"2024-03-24","Donald_Trump",9349.5,40426.5,31077
"2024-03-25","Donald_Trump",4481.5,44175.5,39694
"2024-03-26","Donald_Trump",8827,47486,38659
"2024-03-27","Donald_Trump",11311.5,46451.5,35140
"2024-03-28","Donald_Trump",10864,43737,32873
"2024-03-29","Donald_Trump",9649.5,41746.5,32097
"2024-03-30","Donald_Trump",8529,39749,31220
"2024-03-31","Donald_Trump",7209,38035,30826
"2024-04-01","Donald_Trump",6559,37404,30845
"2024-04-02","Donald_Trump",6526.5,40706.5,34180
"2024-04-03","Donald_Trump",5013,39502,34489
"2024-04-04","Donald_Trump",5485.5,34570.5,29085
"2024-04-05","Donald_Trump",3101.5,31785.5,28684
"2024-04-06","Donald_Trump",-2211.5,23069.5,25281
"2024-04-07","Donald_Trump",2098.5,28818.5,26720
"2024-04-08","Donald_Trump",9413,39307,29894
"2024-04-09","Donald_Trump",6771.5,35951.5,29180
"2024-04-10","Donald_Trump",7215,33589,26374
"2024-04-11","Donald_Trump",6018.5,35320.5,29302
"2024-04-12","Donald_Trump",7191,34616,27425
"2024-04-13","Donald_Trump",9227.5,38840.5,29613
"2024-04-14","Donald_Trump",9625.5,41109.5,31484
"2024-04-15","Donald_Trump",-941.5,37920.5,38862
"2024-04-16","Donald_Trump",2221,39504,37283
"2024-04-17","Donald_Trump",1690.5,38658.5,36968
"2024-04-18","Donald_Trump",1354.5,35519.5,34165
"2024-04-19","Donald_Trump",4658,38961,34303
"2024-04-20","Donald_Trump",6761.5,34296.5,27535
"2024-04-21","Donald_Trump",8686,34534,25848
"2024-04-22","Donald_Trump",4623,41841,37218
"2024-04-23","Donald_Trump",940.5,42966.5,42026
"2024-04-24","Donald_Trump",4002.5,48788.5,44786
"2024-04-25","Donald_Trump",-452,40304,40756
"2024-04-26","Donald_Trump",3737,42346,38609
"2024-04-27","Donald_Trump",5255,39358,34103
"2024-04-28","Donald_Trump",11204,46629,35425
"2024-04-29","Donald_Trump",9588,45877,36289
"2024-04-30","Donald_Trump",6454.5,43907.5,37453
"2024-05-01","Donald_Trump",3048,39598,36550
"2024-05-02","Donald_Trump",10056,44582,34526
"2024-05-03","Donald_Trump",6534.5,36380.5,29846
"2024-05-04","Donald_Trump",8201,34033,25832
"2024-05-05","Donald_Trump",5300.5,30190.5,24890
"2024-05-06","Donald_Trump",5582.5,36779.5,31197
"2024-05-07","Donald_Trump",-3627,43687,47314
"2024-05-08","Donald_Trump",-3645,43389,47034
"2024-05-09","Donald_Trump",3069.5,39634.5,36565
"2024-05-10","Donald_Trump",-2602,27270,29872
"2024-05-11","Donald_Trump",-2046.5,27782.5,29829
"2024-05-12","Donald_Trump",6109,30297,24188
"2024-05-13","Donald_Trump",10141,39640,29499
"2024-05-14","Donald_Trump",14372.5,45306.5,30934
"2024-05-15","Donald_Trump",11906,45876,33970
"2024-05-16","Donald_Trump",4173,34575,30402
"2024-05-17","Donald_Trump",-937.5,26895.5,27833
"2024-05-18","Donald_Trump",-656,23798,24454
"2024-05-19","Donald_Trump",4033,28569,24536
"2024-05-20","Donald_Trump",1550.5,29802.5,28252
"2024-05-21","Donald_Trump",-10047.5,23975.5,34023
"2024-05-22","Donald_Trump",-17669,11845,29514
"2024-05-23","Donald_Trump",-9497,20598,30095
"2024-05-24","Donald_Trump",-17878.5,10667.5,28546
"2024-05-25","Donald_Trump",-14659.5,9044.5,23704
"2024-05-26","Donald_Trump",-11344,12869,24213
"2024-05-27","Donald_Trump",-4666,20538,25204
"2024-05-28","Donald_Trump",-13144.5,17846.5,30991
"2024-05-29","Donald_Trump",-18254,18535,36789
"2024-05-30","Donald_Trump",-138790.5,150404.5,289195
"2024-05-31","Donald_Trump",-227634.5,269612.5,497247
"2024-06-01","Donald_Trump",-54540.5,77453.5,131994
"2024-06-02","Donald_Trump",-35674.5,53031.5,88706
"2024-06-03","Donald_Trump",-15693.5,51792.5,67486
"2024-06-04","Donald_Trump",-1724,50651,52375
"2024-06-05","Donald_Trump",-1450.5,44535.5,45986
"2024-06-06","Donald_Trump",15201.5,64250.5,49049
"2024-06-07","Donald_Trump",1707,50605,48898
"2024-06-08","Donald_Trump",-44987,-8157,36830
"2024-06-09","Donald_Trump",-34722,3622,38344
"2024-06-10","Donald_Trump",-19497.5,19215.5,38713
"2024-06-11","Donald_Trump",2798.5,43401.5,40603
"2024-06-12","Donald_Trump",-4403,31390,35793
"2024-06-13","Donald_Trump",-8825.5,28165.5,36991
"2024-06-14","Donald_Trump",-20128,46930,67058
"2024-06-15","Donald_Trump",-13269.5,32485.5,45755
"2024-06-16","Donald_Trump",-7400,26335,33735
"2024-06-17","Donald_Trump",3563.5,35244.5,31681
"2024-06-18","Donald_Trump",-6527.5,21534.5,28062
"2024-06-19","Donald_Trump",-8896,18514,27410
"2024-06-20","Donald_Trump",-17378,17200,34578
"2024-06-21","Donald_Trump",-14367,19312,33679
"2024-06-22","Donald_Trump",-22372.5,2147.5,24520
"2024-06-23","Donald_Trump",-3735.5,22782.5,26518
"2024-06-24","Donald_Trump",-14065,11404,25469
"2024-06-25","Donald_Trump",-8677,16515,25192
"2024-06-26","Donald_Trump",7369,33442,26073
"2024-06-27","Donald_Trump",4078.5,46970.5,42892
"2024-06-28","Donald_Trump",115218,333591,218373
"2024-06-29","Donald_Trump",25790.5,118259.5,92469
"2024-06-30","Donald_Trump",12221.5,82105.5,69884
"2024-07-01","Donald_Trump",-53159.5,4425.5,57585
"2024-07-02","Donald_Trump",-96487,-38267,58220
"2024-07-03","Donald_Trump",-132647.5,-72832.5,59815
"2024-07-04","Donald_Trump",-142607.5,-83602.5,59005
"2024-07-05","Donald_Trump",-161464,-109696,51768
"2024-07-06","Donald_Trump",-172582.5,-122524.5,50058
"2024-07-07","Donald_Trump",-130972,-83477,47495
"2024-07-08","Donald_Trump",-132229,-86961,45268
"2024-07-09","Donald_Trump",-150247,-105205,45042
"2024-07-10","Donald_Trump",-145093,-97677,47416
"2024-07-11","Donald_Trump",-101380.5,-54177.5,47203
"2024-07-12","Donald_Trump",-57444.5,-508.5,56936
"2024-07-13","Donald_Trump",-100675.5,48143.5,148819
"2024-07-14","Donald_Trump",-378225,414362,792587
"2024-07-15","Donald_Trump",2371601,2741791,370190
"2024-07-16","Donald_Trump",1401205.5,1686799.5,285594
"2024-07-17","Donald_Trump",369881,585330,215449
"2024-07-18","Donald_Trump",492664,763581,270917
"2024-07-19","Donald_Trump",131447,526475,395028
"2024-07-20","Donald_Trump",122673,273648,150975
"2024-07-21","Donald_Trump",1030425,1253038,222613
"2024-07-22","Donald_Trump",1553095,1793063,239968
"2024-07-23","Donald_Trump",1022002.5,1186587.5,164585
"2024-07-24","Donald_Trump",575220.5,693036.5,117816
"2024-07-25","Donald_Trump",517116,619815,102699
"2024-07-26","Donald_Trump",397566.5,479909.5,82343
"2024-07-27","Donald_Trump",257229,328746,71517
"2024-07-28","Donald_Trump",185737.5,250770.5,65033
"2024-07-29","Donald_Trump",137245.5,223887.5,86642
"2024-07-30","Donald_Trump",97760.5,179711.5,81951
"2024-07-31","Donald_Trump",217156,286089,68933
"2024-08-01","Donald_Trump",342872,411551,68679
"2024-08-02","Donald_Trump",192549,246904,54355
"2024-08-03","Donald_Trump",134045.5,183501.5,49456
"2024-08-04","Donald_Trump",88543.5,136210.5,47667
"2024-08-05","Donald_Trump",-4751,39684,44435
"2024-08-06","Donald_Trump",-1619131.5,-1563873.5,55258
"2024-08-07","Donald_Trump",-505300,-448701,56599
"2024-08-08","Donald_Trump",-73919.5,-23989.5,49930
"2024-08-09","Donald_Trump",13145.5,59940.5,46795
"2024-08-10","Donald_Trump",36029.5,77879.5,41850
"2024-08-11","Donald_Trump",49671,90592,40921
"2024-08-12","Donald_Trump",77343.5,120327.5,42984
"2024-08-13","Donald_Trump",48399,96067,47668
"2024-08-14","Donald_Trump",39524,83063,43539
"2024-08-15","Donald_Trump",36338,76473,40135
"2024-08-16","Donald_Trump",42400,82643,40243
"2024-08-17","Donald_Trump",50481,87112,36631
"2024-08-18","Donald_Trump",52137,90830,38693
"2024-08-19","Donald_Trump",59022,99817,40795
"2024-08-20","Donald_Trump",167693.5,220877.5,53184
"2024-08-21","Donald_Trump",170887.5,246586.5,75699
"2024-08-22","Donald_Trump",-146900.5,-52310.5,94590
"2024-08-23","Donald_Trump",325828,396616,70788
"2024-08-24","Donald_Trump",80559,134284,53725
"2024-08-25","Donald_Trump",61178.5,107128.5,45950
"2024-08-26","Donald_Trump",49504.5,96035.5,46531
"2024-08-27","Donald_Trump",45224.5,88906.5,43682
"2024-08-28","Donald_Trump",38468.5,78670.5,40202
"2024-08-29","Donald_Trump",47221.5,81959.5,34738
"2024-08-30","Donald_Trump",53362,89496,36134
"2024-08-31","Donald_Trump",36454,70175,33721
"2024-09-01","Donald_Trump",35411,67332,31921
"2024-09-02","Donald_Trump",33271.5,68424.5,35153
"2024-09-03","Donald_Trump",38277.5,75515.5,37238
"2024-09-04","Donald_Trump",28956,62464,33508
"2024-09-05","Donald_Trump",28806.5,64828.5,36022
"2024-09-06","Donald_Trump",36234,71825,35591
"2024-09-07","Donald_Trump",32407,64002,31595
"2024-09-08","Donald_Trump",35435,66754,31319
"2024-09-09","Donald_Trump",31848,65724,33876
"2024-09-10","Donald_Trump",41717,86518,44801
"2024-09-11","Donald_Trump",186009,339890,153881
"2024-09-12","Donald_Trump",83399,153716,70317
"2024-09-13","Donald_Trump",52795.5,110008.5,57213
"2024-09-14","Donald_Trump",47889.5,96474.5,48585
"2024-09-15","Donald_Trump",43241,113806,70565
"2024-09-16","Donald_Trump",27665.5,125302.5,97637
"2024-09-17","Donald_Trump",43636.5,102125.5,58489
"2024-09-18","Donald_Trump",44344,94891,50547
"2024-09-19","Donald_Trump",34670,82345,47675
"2024-09-20","Donald_Trump",39495,81099,41604
"2024-09-21","Donald_Trump",39691.5,78259.5,38568
"2024-09-22","Donald_Trump",46003,85935,39932
"2024-09-23","Donald_Trump",50557.5,93739.5,43182
"2024-09-24","Donald_Trump",45131,84879,39748
"2024-09-25","Donald_Trump",47185.5,85914.5,38729
"2024-09-26","Donald_Trump",42811.5,83095.5,40284
"2024-09-27","Donald_Trump",37254,73826,36572
"2024-09-28","Donald_Trump",37326,68557,31231
"2024-09-29","Donald_Trump",42315,76367,34052
"2024-09-30","Donald_Trump",40948,79945,38997
"2024-10-01","Donald_Trump",51523,92659,41136
"2024-10-02","Donald_Trump",139107.5,188527.5,49420
"2024-10-03","Donald_Trump",66505,107837,41332
"2024-10-04","Donald_Trump",54068.5,91788.5,37720
"2024-10-05","Donald_Trump",50296.5,87773.5,37477
"2024-10-06","Donald_Trump",48136.5,87030.5,38894
"2024-10-07","Donald_Trump",53804,92866,39062
"2024-10-08","Donald_Trump",51446.5,92537.5,41091
"2024-10-09","Donald_Trump",50073.5,90406.5,40333
"2024-10-10","Donald_Trump",42436,84115,41679
"2024-10-11","Donald_Trump",41841.5,85410.5,43569
"2024-10-12","Donald_Trump",41345,81610,40265
"2024-10-13","Donald_Trump",47281.5,91493.5,44212
"2024-10-14","Donald_Trump",45635,93914,48279
"2024-10-15","Donald_Trump",50200.5,98283.5,48083
"2024-10-16","Donald_Trump",56732,107128,50396
"2024-10-17","Donald_Trump",63394.5,110820.5,47426
"2024-10-18","Donald_Trump",58675,111964,53289
"2024-10-19","Donald_Trump",53607,103565,49958
"2024-10-20","Donald_Trump",75286.5,129771.5,54485
"2024-10-21","Donald_Trump",82831,148215,65384
"2024-10-22","Donald_Trump",72900.5,132959.5,60059
"2024-10-23","Donald_Trump",73677.5,136179.5,62502
"2024-10-24","Donald_Trump",80315,145502,65187
"2024-10-25","Donald_Trump",84298.5,148421.5,64123
"2024-10-26","Donald_Trump",67678,145659,77981
"2024-10-27","Donald_Trump",70973,160619,89646
"2024-10-28","Donald_Trump",93569.5,197667.5,104098
"2024-10-29","Donald_Trump",101822,209626,107804
"2024-10-30","Donald_Trump",121465,218774,97309
"2024-10-31","Donald_Trump",133267.5,219777.5,86510
"2024-11-01","Donald_Trump",160101.5,251901.5,91800
"2024-11-02","Donald_Trump",158183.5,256657.5,98474
"2024-11-03","Donald_Trump",244494.5,363026.5,118532
"2024-11-04","Donald_Trump",394697.5,563429.5,168732
"2024-11-05","Donald_Trump",830764.5,1182531.5,351767
"2024-11-06","Donald_Trump",1898491.5,4680573.5,2782082
"2024-11-07","Donald_Trump",485650.5,1434545.5,948895
"2024-11-08","Donald_Trump",267232,782862,515630
"2024-11-09","Donald_Trump",220559.5,579332.5,358773
"2024-11-10","Donald_Trump",259421.5,565904.5,306483
"2024-11-11","Donald_Trump",164516.5,418577.5,254061
"2024-11-12","Donald_Trump",118836,346018,227182
"2024-11-13","Donald_Trump",96389,314092,217703
"2024-11-14","Donald_Trump",83320,267763,184443
"2024-11-15","Donald_Trump",73162.5,225140.5,151978
"2024-11-16","Donald_Trump",71909.5,198166.5,126257
"2024-11-17","Donald_Trump",70711.5,196046.5,125335
"2024-11-18","Donald_Trump",62177.5,178466.5,116289
"2024-11-19","Donald_Trump",65467.5,172033.5,106566
"2024-11-20","Donald_Trump",69542,176530,106988
"2024-11-21","Donald_Trump",60504.5,154547.5,94043
"2024-11-22","Donald_Trump",58810.5,146110.5,87300
"2024-11-23","Donald_Trump",43884.5,123987.5,80103
"2024-11-24","Donald_Trump",47302.5,121413.5,74111
"2024-11-25","Donald_Trump",42988,115842,72854
"2024-11-26","Donald_Trump",45445,118671,73226
"2024-11-27","Donald_Trump",50925,120512,69587
"2024-11-28","Donald_Trump",45738.5,106954.5,61216
"2024-11-29","Donald_Trump",40812.5,99451.5,58639
"2024-11-30","Donald_Trump",35476,92861,57385
"2024-12-01","Donald_Trump",30749.5,91827.5,61078
"2024-12-02","Donald_Trump",68017,133420,65403
"2024-12-03","Donald_Trump",57177.5,114232.5,57055
"2024-12-04","Donald_Trump",47360,99910,52550
"2024-12-05","Donald_Trump",36386.5,88173.5,51787
"2024-12-06","Donald_Trump",28978,81975,52997
"2024-12-07","Donald_Trump",25701.5,77812.5,52111
"2024-12-08","Donald_Trump",23943.5,77574.5,53631
"2024-12-09","Donald_Trump",23039,78488,55449
"2024-12-10","Donald_Trump",19825,70591,50766
"2024-12-11","Donald_Trump",19154,68961,49807
"2024-12-12","Donald_Trump",18892,74256,55364
"2024-12-13","Donald_Trump",17141,66101,48960
"2024-12-14","Donald_Trump",21772,68421,46649
"2024-12-15","Donald_Trump",21152.5,66561.5,45409
"2024-12-16","Donald_Trump",23031.5,68838.5,45807
"2024-12-17","Donald_Trump",25349,70325,44976
"2024-12-18","Donald_Trump",27082,71269,44187
"2024-12-19","Donald_Trump",21168.5,64224.5,43056
"2024-12-20","Donald_Trump",19913.5,62669.5,42756
"2024-12-21","Donald_Trump",19089,58376,39287
"2024-12-22","Donald_Trump",16044.5,57708.5,41664
"2024-12-23","Donald_Trump",16660,59725,43065
"2024-12-24","Donald_Trump",14744.5,57977.5,43233
"2024-12-25","Donald_Trump",13053,54874,41821
"2024-12-26","Donald_Trump",15305.5,57406.5,42101
"2024-12-27","Donald_Trump",15922,57752,41830
"2024-12-28","Donald_Trump",15037,55672,40635
"2024-12-29","Donald_Trump",16196,78710,62514
"2024-12-30","Donald_Trump",23977,109163,85186
"2024-12-31","Donald_Trump",16564,71419,54855
"2024-01-01","Project_2025",56691,63222,6531
"2024-01-02","Project_2025",57205,65197,7992
"2024-01-03","Project_2025",49795.5,58157.5,8362
"2024-01-04","Project_2025",46038.5,58326.5,12288
"2024-01-05","Project_2025",50764,57529,6765
"2024-01-06","Project_2025",53389.5,59839.5,6450
"2024-01-07","Project_2025",52250,58750,6500
"2024-01-08","Project_2025",48231,56053,7822
"2024-01-09","Project_2025",52653.5,58494.5,5841
"2024-01-10","Project_2025",63165.5,70981.5,7816
"2024-01-11","Project_2025",70400.5,77498.5,7098
"2024-01-12","Project_2025",56921,64103,7182
"2024-01-13","Project_2025",56833,63703,6870
"2024-01-14","Project_2025",60671,65861,5190
"2024-01-15","Project_2025",74242,82303,8061
"2024-01-16","Project_2025",176534,197373,20839
"2024-01-17","Project_2025",100317,132301,31984
"2024-01-18","Project_2025",72624.5,90797.5,18173
"2024-01-19","Project_2025",68208,82411,14203
"2024-01-20","Project_2025",59274.5,74251.5,14977
"2024-01-21","Project_2025",82736,102312,19576
"2024-01-22","Project_2025",97365,117882,20517
"2024-01-23","Project_2025",86174,101624,15450
"2024-01-24","Project_2025",135239.5,151754.5,16515
"2024-01-25","Project_2025",77483,91421,13938
"2024-01-26","Project_2025",67114,78673,11559
"2024-01-27","Project_2025",66332.5,76486.5,10154
"2024-01-28","Project_2025",62506,72471,9965
"2024-01-29","Project_2025",61117.5,69531.5,8414
"2024-01-30","Project_2025",57550.5,65811.5,8261
"2024-01-31","Project_2025",53822.5,61220.5,7398
"2024-02-01","Project_2025",49160.5,56029.5,6869
"2024-02-02","Project_2025",48731.5,54237.5,5506
"2024-02-03","Project_2025",49353.5,54575.5,5222
"2024-02-04","Project_2025",60949.5,68558.5,7609
"2024-02-05","Project_2025",55429.5,63461.5,8032
"2024-02-06","Project_2025",57978.5,65516.5,7538
"2024-02-07","Project_2025",59897.5,67103.5,7206
"2024-02-08","Project_2025",69656.5,75882.5,6226
"2024-02-09","Project_2025",147312.5,154628.5,7316
"2024-02-10","Project_2025",75580.5,83435.5,7855
"2024-02-11","Project_2025",30957.5,124939.5,93982
"2024-02-12","Project_2025",49082.5,105155.5,56073
"2024-02-13","Project_2025",66921,80140,13219
"2024-02-14","Project_2025",53402,73325,19923
"2024-02-15","Project_2025",54760.5,63887.5,9127
"2024-02-16","Project_2025",57829.5,65395.5,7566
"2024-02-17","Project_2025",55791,61732,5941
"2024-02-18","Project_2025",52401,61258,8857
"2024-02-19","Project_2025",49444.5,68899.5,19455
"2024-02-20","Project_2025",48104,67944,19840
"2024-02-21","Project_2025",39141.5,73774.5,34633
"2024-02-22","Project_2025",47365,65628,18263
"2024-02-23","Project_2025",38255.5,68418.5,30163
"2024-02-24","Project_2025",52709,73258,20549
"2024-02-25","Project_2025",97523.5,118312.5,20789
"2024-02-26","Project_2025",50189.5,70436.5,20247
"2024-02-27","Project_2025",44216,69484,25268
"2024-02-28","Project_2025",68723,85101,16378
"2024-02-29","Project_2025",46259,69371,23112
"2024-03-01","Project_2025",40069.5,57756.5,17687
"2024-03-02","Project_2025",39671.5,53784.5,14113
"2024-03-03","Project_2025",51025,69417,18392
"2024-03-04","Project_2025",60610.5,98949.5,38339
"2024-03-05","Project_2025",77094,103089,25995
"2024-03-06","Project_2025",143882.5,186349.5,42467
"2024-03-07","Project_2025",72235.5,116298.5,44063
"2024-03-08","Project_2025",130621,169416,38795
"2024-03-09","Project_2025",57123.5,82070.5,24947
"2024-03-10","Project_2025",53978.5,82202.5,28224
"2024-03-11","Project_2025",48877.5,67372.5,18495
"2024-03-12","Project_2025",48669,77877,29208
"2024-03-13","Project_2025",84378.5,107865.5,23487
"2024-03-14","Project_2025",50070,70391,20321
"2024-03-15","Project_2025",41616.5,64398.5,22782
"2024-03-16","Project_2025",38914,56242,17328
"2024-03-17","Project_2025",43162.5,63865.5,20703
"2024-03-18","Project_2025",45241,69284,24043
"2024-03-19","Project_2025",46678,66340,19662
"2024-03-20","Project_2025",51380.5,71918.5,20538
"2024-03-21","Project_2025",32441.5,65043.5,32602
"2024-03-22","Project_2025",35138.5,55640.5,20502
"2024-03-23","Project_2025",34707.5,50203.5,15496
"2024-03-24","Project_2025",40426.5,52798.5,12372
"2024-03-25","Project_2025",44175.5,56263.5,12088
"2024-03-26","Project_2025",47486,59362,11876
"2024-03-27","Project_2025",46451.5,58429.5,11978
"2024-03-28","Project_2025",43737,55134,11397
"2024-03-29","Project_2025",41746.5,55278.5,13532
"2024-03-30","Project_2025",39749,52798,13049
"2024-03-31","Project_2025",38035,51677,13642
"2024-04-01","Project_2025",37404,50562,13158
"2024-04-02","Project_2025",40706.5,53471.5,12765
"2024-04-03","Project_2025",39502,59264,19762
"2024-04-04","Project_2025",34570.5,52471.5,17901
"2024-04-05","Project_2025",31785.5,58804.5,27019
"2024-04-06","Project_2025",23069.5,52704.5,29635
"2024-04-07","Project_2025",28818.5,51329.5,22511
"2024-04-08","Project_2025",39307,57721,18414
"2024-04-09","Project_2025",35951.5,55730.5,19779
"2024-04-10","Project_2025",33589,58044,24455
"2024-04-11","Project_2025",35320.5,58659.5,23339
"2024-04-12","Project_2025",34616,52492,17876
"2024-04-13","Project_2025",38840.5,54716.5,15876
"2024-04-14","Project_2025",41109.5,64344.5,23235
"2024-04-15","Project_2025",37920.5,58724.5,20804
"2024-04-16","Project_2025",39504,53443,13939
"2024-04-17","Project_2025",38658.5,52822.5,14164
"2024-04-18","Project_2025",35519.5,53808.5,18289
"2024-04-19","Project_2025",38961,55971,17010
"2024-04-20","Project_2025",34296.5,47557.5,13261
"2024-04-21","Project_2025",34534,45590,11056
"2024-04-22","Project_2025",41841,53961,12120
"2024-04-23","Project_2025",42966.5,56252.5,13286
"2024-04-24","Project_2025",48788.5,62557.5,13769
"2024-04-25","Project_2025",40304,64003,23699
"2024-04-26","Project_2025",42346,60051,17705
"2024-04-27","Project_2025",39358,59463,20105
"2024-04-28","Project_2025",46629,62304,15675
"2024-04-29","Project_2025",45877,61268,15391
"2024-04-30","Project_2025",43907.5,59469.5,15562
"2024-05-01","Project_2025",39598,61032,21434
"2024-05-02","Project_2025",44582,62409,17827
"2024-05-03","Project_2025",36380.5,54259.5,17879
"2024-05-04","Project_2025",34033,48380,14347
"2024-05-05","Project_2025",30190.5,46537.5,16347
"2024-05-06","Project_2025",36779.5,53947.5,17168
"2024-05-07","Project_2025",43687,64069,20382
"2024-05-08","Project_2025",43389,63475,20086
"2024-05-09","Project_2025",39634.5,54888.5,15254
"2024-05-10","Project_2025",27270,53150,25880
"2024-05-11","Project_2025",27782.5,46365.5,18583
"2024-05-12","Project_2025",30297,44836,14539
"2024-05-13","Project_2025",39640,57908,18268
"2024-05-14","Project_2025",45306.5,58633.5,13327
"2024-05-15","Project_2025",45876,61221,15345
"2024-05-16","Project_2025",34575,58696,24121
"2024-05-17","Project_2025",26895.5,53977.5,27082
"2024-05-18","Project_2025",23798,47936,24138
"2024-05-19","Project_2025",28569,52208,23639
"2024-05-20","Project_2025",29802.5,55847.5,26045
"2024-05-21","Project_2025",23975.5,68740.5,44765
"2024-05-22","Project_2025",11845,74970,63125
"2024-05-23","Project_2025",20598,72093,51495
"2024-05-24","Project_2025",10667.5,74792.5,64125
"2024-05-25","Project_2025",9044.5,64841.5,55797
"2024-05-26","Project_2025",12869,66606,53737
"2024-05-27","Project_2025",20538,67145,46607
"2024-05-28","Project_2025",17846.5,72777.5,54931
"2024-05-29","Project_2025",18535,83604,65069
"2024-05-30","Project_2025",150404.5,226623.5,76219
"2024-05-31","Project_2025",269612.5,352289.5,82677
"2024-06-01","Project_2025",77453.5,136856.5,59403
"2024-06-02","Project_2025",53031.5,109253.5,56222
"2024-06-03","Project_2025",51792.5,106631.5,54839
"2024-06-04","Project_2025",50651,98585,47934
"2024-06-05","Project_2025",44535.5,96703.5,52168
"2024-06-06","Project_2025",64250.5,113372.5,49122
"2024-06-07","Project_2025",50605,111687,61082
"2024-06-08","Project_2025",-8157,128776,136933
"2024-06-09","Project_2025",3622,118590,114968
"2024-06-10","Project_2025",19215.5,102576.5,83361
"2024-06-11","Project_2025",43401.5,142746.5,99345
"2024-06-12","Project_2025",31390,135472,104082
"2024-06-13","Project_2025",28165.5,102171.5,74006
"2024-06-14","Project_2025",46930,117866,70936
"2024-06-15","Project_2025",32485.5,92521.5,60036
"2024-06-16","Project_2025",26335,83771,57436
"2024-06-17","Project_2025",35244.5,97732.5,62488
"2024-06-18","Project_2025",21534.5,89484.5,67950
"2024-06-19","Project_2025",18514,87348,68834
"2024-06-20","Project_2025",17200,92316,75116
"2024-06-21","Project_2025",19312,89815,70503
"2024-06-22","Project_2025",2147.5,88060.5,85913
"2024-06-23","Project_2025",22782.5,93279.5,70497
"2024-06-24","Project_2025",11404,97187,85783
"2024-06-25","Project_2025",16515,92224,75709
"2024-06-26","Project_2025",33442,102929,69487
"2024-06-27","Project_2025",46970.5,115029.5,68059
"2024-06-28","Project_2025",333591,560528,226937
"2024-06-29","Project_2025",118259.5,280497.5,162238
"2024-06-30","Project_2025",82105.5,222123.5,140018
"2024-07-01","Project_2025",4425.5,243419.5,238994
"2024-07-02","Project_2025",-38267,273024,311291
"2024-07-03","Project_2025",-72832.5,369793.5,442626
"2024-07-04","Project_2025",-83602.5,369685.5,453288
"2024-07-05","Project_2025",-109696,372522,482218
"2024-07-06","Project_2025",-122524.5,356317.5,478842
"2024-07-07","Project_2025",-83477,322467,405944
"2024-07-08","Project_2025",-86961,330856,417817
"2024-07-09","Project_2025",-105205,352385,457590
"2024-07-10","Project_2025",-97677,331021,428698
"2024-07-11","Project_2025",-54177.5,324217.5,378395
"2024-07-12","Project_2025",-508.5,371198.5,371707
"2024-07-13","Project_2025",48143.5,334038.5,285895
"2024-07-14","Project_2025",414362,786796,372434
"2024-07-15","Project_2025",2741791,3043354,301563
"2024-07-16","Project_2025",1686799.5,1966753.5,279954
"2024-07-17","Project_2025",585330,833714,248384
"2024-07-18","Project_2025",763581,990082,226501
"2024-07-19","Project_2025",526475,737382,210907
"2024-07-20","Project_2025",273648,457207,183559
"2024-07-21","Project_2025",1253038,1567581,314543
"2024-07-22","Project_2025",1793063,2093548,300485
"2024-07-23","Project_2025",1186587.5,1398497.5,211910
"2024-07-24","Project_2025",693036.5,886145.5,193109
"2024-07-25","Project_2025",619815,776323,156508
"2024-07-26","Project_2025",479909.5,595009.5,115100
"2024-07-27","Project_2025",328746,432982,104236
"2024-07-28","Project_2025",250770.5,349531.5,98761
"2024-07-29","Project_2025",223887.5,318881.5,94994
"2024-07-30","Project_2025",179711.5,288465.5,108754
"2024-07-31","Project_2025",286089,395137,109048
"2024-08-01","Project_2025",411551,492617,81066
"2024-08-02","Project_2025",246904,305224,58320
"2024-08-03","Project_2025",183501.5,231621.5,48120
"2024-08-04","Project_2025",136210.5,183235.5,47025
"2024-08-05","Project_2025",39684,87450,47766
"2024-08-06","Project_2025",-1563873.5,-1509812.5,54061
"2024-08-07","Project_2025",-448701,-393536,55165
"2024-08-08","Project_2025",-23989.5,34560.5,58550
"2024-08-09","Project_2025",59940.5,99669.5,39729
"2024-08-10","Project_2025",77879.5,113781.5,35902
"2024-08-11","Project_2025",90592,127699,37107
"2024-08-12","Project_2025",120327.5,159520.5,39193
"2024-08-13","Project_2025",96067,134395,38328
"2024-08-14","Project_2025",83063,117911,34848
"2024-08-15","Project_2025",76473,128268,51795
"2024-08-16","Project_2025",82643,139151,56508
"2024-08-17","Project_2025",87112,124620,37508
"2024-08-18","Project_2025",90830,125113,34283
"2024-08-19","Project_2025",99817,137477,37660
"2024-08-20","Project_2025",220877.5,289660.5,68783
"2024-08-21","Project_2025",246586.5,295155.5,48569
"2024-08-22","Project_2025",-52310.5,38868.5,91179
"2024-08-23","Project_2025",396616,478559,81943
"2024-08-24","Project_2025",134284,184441,50157
"2024-08-25","Project_2025",107128.5,146411.5,39283
"2024-08-26","Project_2025",96035.5,133970.5,37935
"2024-08-27","Project_2025",88906.5,122936.5,34030
"2024-08-28","Project_2025",78670.5,111541.5,32871
"2024-08-29","Project_2025",81959.5,110804.5,28845
"2024-08-30","Project_2025",89496,112684,23188
"2024-08-31","Project_2025",70175,91867,21692
"2024-09-01","Project_2025",67332,87751,20419
"2024-09-02","Project_2025",68424.5,90462.5,22038
"2024-09-03","Project_2025",75515.5,97851.5,22336
"2024-09-04","Project_2025",62464,82699,20235
"2024-09-05","Project_2025",64828.5,82611.5,17783
"2024-09-06","Project_2025",71825,89352,17527
"2024-09-07","Project_2025",64002,81535,17533
"2024-09-08","Project_2025",66754,85843,19089
"2024-09-09","Project_2025",65724,87413,21689
"2024-09-10","Project_2025",86518,112982,26464
"2024-09-11","Project_2025",339890,512849,172959
"2024-09-12","Project_2025",153716,206748,53032
"2024-09-13","Project_2025",110008.5,145739.5,35731
"2024-09-14","Project_2025",96474.5,120882.5,24408
"2024-09-15","Project_2025",113806,135940,22134
"2024-09-16","Project_2025",125302.5,148201.5,22899
"2024-09-17","Project_2025",102125.5,126907.5,24782
"2024-09-18","Project_2025",94891,119410,24519
"2024-09-19","Project_2025",82345,105976,23631
"2024-09-20","Project_2025",81099,105796,24697
"2024-09-21","Project_2025",78259.5,107196.5,28937
"2024-09-22","Project_2025",85935,111600,25665
"2024-09-23","Project_2025",93739.5,115321.5,21582
"2024-09-24","Project_2025",84879,106446,21567
"2024-09-25","Project_2025",85914.5,107291.5,21377
"2024-09-26","Project_2025",83095.5,102988.5,19893
"2024-09-27","Project_2025",73826,90787,16961
"2024-09-28","Project_2025",68557,82888,14331
"2024-09-29","Project_2025",76367,93992,17625
"2024-09-30","Project_2025",79945,100908,20963
"2024-10-01","Project_2025",92659,110903,18244
"2024-10-02","Project_2025",188527.5,213835.5,25308
"2024-10-03","Project_2025",107837,123357,15520
"2024-10-04","Project_2025",91788.5,104645.5,12857
"2024-10-05","Project_2025",87773.5,99809.5,12036
"2024-10-06","Project_2025",87030.5,101024.5,13994
"2024-10-07","Project_2025",92866,106683,13817
"2024-10-08","Project_2025",92537.5,106768.5,14231
"2024-10-09","Project_2025",90406.5,104159.5,13753
"2024-10-10","Project_2025",84115,97952,13837
"2024-10-11","Project_2025",85410.5,100201.5,14791
"2024-10-12","Project_2025",81610,93764,12154
"2024-10-13","Project_2025",91493.5,107088.5,15595
"2024-10-14","Project_2025",93914,110970,17056
"2024-10-15","Project_2025",98283.5,113640.5,15357
"2024-10-16","Project_2025",107128,123731,16603
"2024-10-17","Project_2025",110820.5,126082.5,15262
"2024-10-18","Project_2025",111964,126766,14802
"2024-10-19","Project_2025",103565,117720,14155
"2024-10-20","Project_2025",129771.5,148341.5,18570
"2024-10-21","Project_2025",148215,168372,20157
"2024-10-22","Project_2025",132959.5,155802.5,22843
"2024-10-23","Project_2025",136179.5,156117.5,19938
"2024-10-24","Project_2025",145502,166568,21066
"2024-10-25","Project_2025",148421.5,171121.5,22700
"2024-10-26","Project_2025",145659,168366,22707
"2024-10-27","Project_2025",160619,194025,33406
"2024-10-28","Project_2025",197667.5,227740.5,30073
"2024-10-29","Project_2025",209626,238022,28396
"2024-10-30","Project_2025",218774,247153,28379
"2024-10-31","Project_2025",219777.5,244898.5,25121
"2024-11-01","Project_2025",251901.5,273445.5,21544
"2024-11-02","Project_2025",256657.5,280321.5,23664
"2024-11-03","Project_2025",363026.5,391048.5,28022
"2024-11-04","Project_2025",563429.5,601149.5,37720
"2024-11-05","Project_2025",1182531.5,1258826.5,76295
"2024-11-06","Project_2025",4680573.5,5402829.5,722256
"2024-11-07","Project_2025",1434545.5,1882997.5,448452
"2024-11-08","Project_2025",782862,1048570,265708
"2024-11-09","Project_2025",579332.5,736094.5,156762
"2024-11-10","Project_2025",565904.5,664952.5,99048
"2024-11-11","Project_2025",418577.5,521937.5,103360
"2024-11-12","Project_2025",346018,438361,92343
"2024-11-13","Project_2025",314092,382795,68703
"2024-11-14","Project_2025",267763,317724,49961
"2024-11-15","Project_2025",225140.5,260877.5,35737
"2024-11-16","Project_2025",198166.5,223738.5,25572
"2024-11-17","Project_2025",196046.5,218550.5,22504
"2024-11-18","Project_2025",178466.5,214314.5,35848
"2024-11-19","Project_2025",172033.5,202803.5,30770
"2024-11-20","Project_2025",176530,200072,23542
"2024-11-21","Project_2025",154547.5,181636.5,27089
"2024-11-22","Project_2025",146110.5,169624.5,23514
"2024-11-23","Project_2025",123987.5,166021.5,42034
"2024-11-24","Project_2025",121413.5,151585.5,30172
"2024-11-25","Project_2025",115842,148162,32320
"2024-11-26","Project_2025",118671,139761,21090
"2024-11-27","Project_2025",120512,137151,16639
"2024-11-28","Project_2025",106954.5,121141.5,14187
"2024-11-29","Project_2025",99451.5,114030.5,14579
"2024-11-30","Project_2025",92861,109539,16678
"2024-12-01","Project_2025",91827.5,110632.5,18805
"2024-12-02","Project_2025",133420,147332,13912
"2024-12-03","Project_2025",114232.5,127494.5,13262
"2024-12-04","Project_2025",99910,112579,12669
"2024-12-05","Project_2025",88173.5,99068.5,10895
"2024-12-06","Project_2025",81975,91382,9407
"2024-12-07","Project_2025",77812.5,85903.5,8091
"2024-12-08","Project_2025",77574.5,85342.5,7768
"2024-12-09","Project_2025",78488,86951,8463
"2024-12-10","Project_2025",70591,78493,7902
"2024-12-11","Project_2025",68961,77153,8192
"2024-12-12","Project_2025",74256,82195,7939
"2024-12-13","Project_2025",66101,78029,11928
"2024-12-14","Project_2025",68421,76972,8551
"2024-12-15","Project_2025",66561.5,73502.5,6941
"2024-12-16","Project_2025",68838.5,75603.5,6765
"2024-12-17","Project_2025",70325,76643,6318
"2024-12-18","Project_2025",71269,78983,7714
"2024-12-19","Project_2025",64224.5,72518.5,8294
"2024-12-20","Project_2025",62669.5,70459.5,7790
"2024-12-21","Project_2025",58376,65087,6711
"2024-12-22","Project_2025",57708.5,64167.5,6459
"2024-12-23","Project_2025",59725,66874,7149
"2024-12-24","Project_2025",57977.5,64065.5,6088
"2024-12-25","Project_2025",54874,60395,5521
"2024-12-26","Project_2025",57406.5,63377.5,5971
"2024-12-27","Project_2025",57752,63726,5974
"2024-12-28","Project_2025",55672,61661,5989
"2024-12-29","Project_2025",78710,84658,5948
"2024-12-30","Project_2025",109163,115524,6361
"2024-12-31","Project_2025",71419,79181,7762
"2024-01-01","Tim_Walz",63222,63697,475
"2024-01-02","Tim_Walz",65197,65620,423
"2024-01-03","Tim_Walz",58157.5,58640.5,483
"2024-01-04","Tim_Walz",58326.5,58800.5,474
"2024-01-05","Tim_Walz",57529,57945,416
"2024-01-06","Tim_Walz",59839.5,60232.5,393
"2024-01-07","Tim_Walz",58750,59136,386
"2024-01-08","Tim_Walz",56053,56446,393
"2024-01-09","Tim_Walz",58494.5,58853.5,359
"2024-01-10","Tim_Walz",70981.5,71410.5,429
"2024-01-11","Tim_Walz",77498.5,77942.5,444
"2024-01-12","Tim_Walz",64103,64536,433
"2024-01-13","Tim_Walz",63703,64135,432
"2024-01-14","Tim_Walz",65861,67703,1842
"2024-01-15","Tim_Walz",82303,83137,834
"2024-01-16","Tim_Walz",197373,197986,613
"2024-01-17","Tim_Walz",132301,132884,583
"2024-01-18","Tim_Walz",90797.5,91253.5,456
"2024-01-19","Tim_Walz",82411,82804,393
"2024-01-20","Tim_Walz",74251.5,74618.5,367
"2024-01-21","Tim_Walz",102312,102733,421
"2024-01-22","Tim_Walz",117882,118346,464
"2024-01-23","Tim_Walz",101624,102185,561
"2024-01-24","Tim_Walz",151754.5,152735.5,981
"2024-01-25","Tim_Walz",91421,92068,647
"2024-01-26","Tim_Walz",78673,79195,522
"2024-01-27","Tim_Walz",76486.5,76916.5,430
"2024-01-28","Tim_Walz",72471,73037,566
"2024-01-29","Tim_Walz",69531.5,70029.5,498
"2024-01-30","Tim_Walz",65811.5,66264.5,453
"2024-01-31","Tim_Walz",61220.5,61680.5,460
"2024-02-01","Tim_Walz",56029.5,56510.5,481
"2024-02-02","Tim_Walz",54237.5,54663.5,426
"2024-02-03","Tim_Walz",54575.5,54946.5,371
"2024-02-04","Tim_Walz",68558.5,68947.5,389
"2024-02-05","Tim_Walz",63461.5,63842.5,381
"2024-02-06","Tim_Walz",65516.5,65950.5,434
"2024-02-07","Tim_Walz",67103.5,67498.5,395
"2024-02-08","Tim_Walz",75882.5,76289.5,407
"2024-02-09","Tim_Walz",154628.5,155046.5,418
"2024-02-10","Tim_Walz",83435.5,83886.5,451
"2024-02-11","Tim_Walz",124939.5,125412.5,473
"2024-02-12","Tim_Walz",105155.5,105662.5,507
"2024-02-13","Tim_Walz",80140,80635,495
"2024-02-14","Tim_Walz",73325,73706,381
"2024-02-15","Tim_Walz",63887.5,64310.5,423
"2024-02-16","Tim_Walz",65395.5,66650.5,1255
"2024-02-17","Tim_Walz",61732,62634,902
"2024-02-18","Tim_Walz",61258,62540,1282
"2024-02-19","Tim_Walz",68899.5,70143.5,1244
"2024-02-20","Tim_Walz",67944,68565,621
"2024-02-21","Tim_Walz",73774.5,74388.5,614
"2024-02-22","Tim_Walz",65628,66301,673
"2024-02-23","Tim_Walz",68418.5,68883.5,465
"2024-02-24","Tim_Walz",73258,73664,406
"2024-02-25","Tim_Walz",118312.5,118733.5,421
"2024-02-26","Tim_Walz",70436.5,70975.5,539
"2024-02-27","Tim_Walz",69484,69942,458
"2024-02-28","Tim_Walz",85101,85548,447
"2024-02-29","Tim_Walz",69371,69840,469
"2024-03-01","Tim_Walz",57756.5,58142.5,386
"2024-03-02","Tim_Walz",53784.5,54122.5,338
"2024-03-03","Tim_Walz",69417,69803,386
"2024-03-04","Tim_Walz",98949.5,99343.5,394
"2024-03-05","Tim_Walz",103089,103484,395
"2024-03-06","Tim_Walz",186349.5,187191.5,842
"2024-03-07","Tim_Walz",116298.5,116852.5,554
"2024-03-08","Tim_Walz",169416,169873,457
"2024-03-09","Tim_Walz",82070.5,82478.5,408
"2024-03-10","Tim_Walz",82202.5,82805.5,603
"2024-03-11","Tim_Walz",67372.5,67890.5,518
"2024-03-12","Tim_Walz",77877,78354,477
"2024-03-13","Tim_Walz",107865.5,108637.5,772
"2024-03-14","Tim_Walz",70391,71084,693
"2024-03-15","Tim_Walz",64398.5,65425.5,1027
"2024-03-16","Tim_Walz",56242,56791,549
"2024-03-17","Tim_Walz",63865.5,64404.5,539
"2024-03-18","Tim_Walz",69284,69778,494
"2024-03-19","Tim_Walz",66340,66821,481
"2024-03-20","Tim_Walz",71918.5,72393.5,475
"2024-03-21","Tim_Walz",65043.5,65435.5,392
"2024-03-22","Tim_Walz",55640.5,56080.5,440
"2024-03-23","Tim_Walz",50203.5,50579.5,376
"2024-03-24","Tim_Walz",52798.5,53173.5,375
"2024-03-25","Tim_Walz",56263.5,56678.5,415
"2024-03-26","Tim_Walz",59362,59926,564
"2024-03-27","Tim_Walz",58429.5,59174.5,745
"2024-03-28","Tim_Walz",55134,55634,500
"2024-03-29","Tim_Walz",55278.5,55734.5,456
"2024-03-30","Tim_Walz",52798,53171,373
"2024-03-31","Tim_Walz",51677,52038,361
"2024-04-01","Tim_Walz",50562,50947,385
"2024-04-02","Tim_Walz",53471.5,53881.5,410
"2024-04-03","Tim_Walz",59264,59700,436
"2024-04-04","Tim_Walz",52471.5,52885.5,414
"2024-04-05","Tim_Walz",58804.5,59237.5,433
"2024-04-06","Tim_Walz",52704.5,53090.5,386
"2024-04-07","Tim_Walz",51329.5,51637.5,308
"2024-04-08","Tim_Walz",57721,58052,331
"2024-04-09","Tim_Walz",55730.5,56076.5,346
"2024-04-10","Tim_Walz",58044,58449,405
"2024-04-11","Tim_Walz",58659.5,59023.5,364
"2024-04-12","Tim_Walz",52492,52863,371
"2024-04-13","Tim_Walz",54716.5,54996.5,280
"2024-04-14","Tim_Walz",64344.5,64697.5,353
"2024-04-15","Tim_Walz",58724.5,59045.5,321
"2024-04-16","Tim_Walz",53443,53838,395
"2024-04-17","Tim_Walz",52822.5,53344.5,522
"2024-04-18","Tim_Walz",53808.5,54122.5,314
"2024-04-19","Tim_Walz",55971,56344,373
"2024-04-20","Tim_Walz",47557.5,47927.5,370
"2024-04-21","Tim_Walz",45590,45903,313
"2024-04-22","Tim_Walz",53961,54340,379
"2024-04-23","Tim_Walz",56252.5,56644.5,392
"2024-04-24","Tim_Walz",62557.5,62966.5,409
"2024-04-25","Tim_Walz",64003,64428,425
"2024-04-26","Tim_Walz",60051,60428,377
"2024-04-27","Tim_Walz",59463,60201,738
"2024-04-28","Tim_Walz",62304,62872,568
"2024-04-29","Tim_Walz",61268,61749,481
"2024-04-30","Tim_Walz",59469.5,59909.5,440
"2024-05-01","Tim_Walz",61032,61418,386
"2024-05-02","Tim_Walz",62409,62810,401
"2024-05-03","Tim_Walz",54259.5,54627.5,368
"2024-05-04","Tim_Walz",48380,48701,321
"2024-05-05","Tim_Walz",46537.5,47058.5,521
"2024-05-06","Tim_Walz",53947.5,54339.5,392
"2024-05-07","Tim_Walz",64069,64557,488
"2024-05-08","Tim_Walz",63475,63931,456
"2024-05-09","Tim_Walz",54888.5,55286.5,398
"2024-05-10","Tim_Walz",53150,53532,382
"2024-05-11","Tim_Walz",46365.5,46876.5,511
"2024-05-12","Tim_Walz",44836,45379,543
"2024-05-13","Tim_Walz",57908,58540,632
"2024-05-14","Tim_Walz",58633.5,59216.5,583
"2024-05-15","Tim_Walz",61221,61715,494
"2024-05-16","Tim_Walz",58696,59082,386
"2024-05-17","Tim_Walz",53977.5,54625.5,648
"2024-05-18","Tim_Walz",47936,48450,514
"2024-05-19","Tim_Walz",52208,52710,502
"2024-05-20","Tim_Walz",55847.5,56527.5,680
"2024-05-21","Tim_Walz",68740.5,69254.5,514
"2024-05-22","Tim_Walz",74970,76501,1531
"2024-05-23","Tim_Walz",72093,72932,839
"2024-05-24","Tim_Walz",74792.5,75294.5,502
"2024-05-25","Tim_Walz",64841.5,65286.5,445
"2024-05-26","Tim_Walz",66606,67371,765
"2024-05-27","Tim_Walz",67145,67666,521
"2024-05-28","Tim_Walz",72777.5,73253.5,476
"2024-05-29","Tim_Walz",83604,84077,473
"2024-05-30","Tim_Walz",226623.5,227019.5,396
"2024-05-31","Tim_Walz",352289.5,352932.5,643
"2024-06-01","Tim_Walz",136856.5,137292.5,436
"2024-06-02","Tim_Walz",109253.5,109646.5,393
"2024-06-03","Tim_Walz",106631.5,107088.5,457
"2024-06-04","Tim_Walz",98585,99073,488
"2024-06-05","Tim_Walz",96703.5,97145.5,442
"2024-06-06","Tim_Walz",113372.5,113781.5,409
"2024-06-07","Tim_Walz",111687,112081,394
"2024-06-08","Tim_Walz",128776,129131,355
"2024-06-09","Tim_Walz",118590,118949,359
"2024-06-10","Tim_Walz",102576.5,102996.5,420
"2024-06-11","Tim_Walz",142746.5,143128.5,382
"2024-06-12","Tim_Walz",135472,135804,332
"2024-06-13","Tim_Walz",102171.5,102520.5,349
"2024-06-14","Tim_Walz",117866,118231,365
"2024-06-15","Tim_Walz",92521.5,92851.5,330
"2024-06-16","Tim_Walz",83771,84112,341
"2024-06-17","Tim_Walz",97732.5,98143.5,411
"2024-06-18","Tim_Walz",89484.5,89889.5,405
"2024-06-19","Tim_Walz",87348,87722,374
"2024-06-20","Tim_Walz",92316,93078,762
"2024-06-21","Tim_Walz",89815,90330,515
"2024-06-22","Tim_Walz",88060.5,88537.5,477
"2024-06-23","Tim_Walz",93279.5,93773.5,494
"2024-06-24","Tim_Walz",97187,97741,554
"2024-06-25","Tim_Walz",92224,92837,613
"2024-06-26","Tim_Walz",102929,103596,667
"2024-06-27","Tim_Walz",115029.5,115571.5,542
"2024-06-28","Tim_Walz",560528,563847,3319
"2024-06-29","Tim_Walz",280497.5,282856.5,2359
"2024-06-30","Tim_Walz",222123.5,223394.5,1271
"2024-07-01","Tim_Walz",243419.5,244259.5,840
"2024-07-02","Tim_Walz",273024,274508,1484
"2024-07-03","Tim_Walz",369793.5,372629.5,2836
"2024-07-04","Tim_Walz",369685.5,373373.5,3688
"2024-07-05","Tim_Walz",372522,373997,1475
"2024-07-06","Tim_Walz",356317.5,357206.5,889
"2024-07-07","Tim_Walz",322467,323118,651
"2024-07-08","Tim_Walz",330856,331545,689
"2024-07-09","Tim_Walz",352385,353799,1414
"2024-07-10","Tim_Walz",331021,332905,1884
"2024-07-11","Tim_Walz",324217.5,325458.5,1241
"2024-07-12","Tim_Walz",371198.5,372018.5,820
"2024-07-13","Tim_Walz",334038.5,334657.5,619
"2024-07-14","Tim_Walz",786796,787402,606
"2024-07-15","Tim_Walz",3043354,3044804,1450
"2024-07-16","Tim_Walz",1966753.5,1967754.5,1001
"2024-07-17","Tim_Walz",833714,835124,1410
"2024-07-18","Tim_Walz",990082,991976,1894
"2024-07-19","Tim_Walz",737382,742532,5150
"2024-07-20","Tim_Walz",457207,459408,2201
"2024-07-21","Tim_Walz",1567581,1575108,7527
"2024-07-22","Tim_Walz",2093548,2104394,10846
"2024-07-23","Tim_Walz",1398497.5,1435652.5,37155
"2024-07-24","Tim_Walz",886145.5,941536.5,55391
"2024-07-25","Tim_Walz",776323,813254,36931
"2024-07-26","Tim_Walz",595009.5,634602.5,39593
"2024-07-27","Tim_Walz",432982,472621,39639
"2024-07-28","Tim_Walz",349531.5,414379.5,64848
"2024-07-29","Tim_Walz",318881.5,379172.5,60291
"2024-07-30","Tim_Walz",288465.5,375572.5,87107
"2024-07-31","Tim_Walz",395137,452652,57515
"2024-08-01","Tim_Walz",492617,524708,32091
"2024-08-02","Tim_Walz",305224,358047,52823
"2024-08-03","Tim_Walz",231621.5,296962.5,65341
"2024-08-04","Tim_Walz",183235.5,292417.5,109182
"2024-08-05","Tim_Walz",87450,349166,261716
"2024-08-06","Tim_Walz",-1509812.5,2301431.5,3811244
"2024-08-07","Tim_Walz",-393536,1145958,1539494
"2024-08-08","Tim_Walz",34560.5,537820.5,503260
"2024-08-09","Tim_Walz",99669.5,336508.5,236839
"2024-08-10","Tim_Walz",113781.5,273151.5,159370
"2024-08-11","Tim_Walz",127699,245201,117502
"2024-08-12","Tim_Walz",159520.5,264069.5,104549
"2024-08-13","Tim_Walz",134395,220379,85984
"2024-08-14","Tim_Walz",117911,196752,78841
"2024-08-15","Tim_Walz",128268,191441,63173
"2024-08-16","Tim_Walz",139151,192900,53749
"2024-08-17","Tim_Walz",124620,175884,51264
"2024-08-18","Tim_Walz",125113,179956,54843
"2024-08-19","Tim_Walz",137477,189133,51656
"2024-08-20","Tim_Walz",289660.5,386781.5,97121
"2024-08-21","Tim_Walz",295155.5,403317.5,108162
"2024-08-22","Tim_Walz",38868.5,612008.5,573140
"2024-08-23","Tim_Walz",478559,687735,209176
"2024-08-24","Tim_Walz",184441,270925,86484
"2024-08-25","Tim_Walz",146411.5,200901.5,54490
"2024-08-26","Tim_Walz",133970.5,174341.5,40371
"2024-08-27","Tim_Walz",122936.5,155617.5,32681
"2024-08-28","Tim_Walz",111541.5,146895.5,35354
"2024-08-29","Tim_Walz",110804.5,140965.5,30161
"2024-08-30","Tim_Walz",112684,157924,45240
"2024-08-31","Tim_Walz",91867,125265,33398
"2024-09-01","Tim_Walz",87751,115285,27534
"2024-09-02","Tim_Walz",90462.5,116838.5,26376
"2024-09-03","Tim_Walz",97851.5,120329.5,22478
"2024-09-04","Tim_Walz",82699,113387,30688
"2024-09-05","Tim_Walz",82611.5,111458.5,28847
"2024-09-06","Tim_Walz",89352,109696,20344
"2024-09-07","Tim_Walz",81535,101683,20148
"2024-09-08","Tim_Walz",85843,103442,17599
"2024-09-09","Tim_Walz",87413,103949,16536
"2024-09-10","Tim_Walz",112982,131369,18387
"2024-09-11","Tim_Walz",512849,565874,53025
"2024-09-12","Tim_Walz",206748,232299,25551
"2024-09-13","Tim_Walz",145739.5,167574.5,21835
"2024-09-14","Tim_Walz",120882.5,139931.5,19049
"2024-09-15","Tim_Walz",135940,156861,20921
"2024-09-16","Tim_Walz",148201.5,166262.5,18061
"2024-09-17","Tim_Walz",126907.5,144502.5,17595
"2024-09-18","Tim_Walz",119410,134624,15214
"2024-09-19","Tim_Walz",105976,124252,18276
"2024-09-20","Tim_Walz",105796,121014,15218
"2024-09-21","Tim_Walz",107196.5,123115.5,15919
"2024-09-22","Tim_Walz",111600,129509,17909
"2024-09-23","Tim_Walz",115321.5,128278.5,12957
"2024-09-24","Tim_Walz",106446,118578,12132
"2024-09-25","Tim_Walz",107291.5,119973.5,12682
"2024-09-26","Tim_Walz",102988.5,114563.5,11575
"2024-09-27","Tim_Walz",90787,101620,10833
"2024-09-28","Tim_Walz",82888,96241,13353
"2024-09-29","Tim_Walz",93992,118648,24656
"2024-09-30","Tim_Walz",100908,126816,25908
"2024-10-01","Tim_Walz",110903,160473,49570
"2024-10-02","Tim_Walz",213835.5,486710.5,272875
"2024-10-03","Tim_Walz",123357,177553,54196
"2024-10-04","Tim_Walz",104645.5,127870.5,23225
"2024-10-05","Tim_Walz",99809.5,115550.5,15741
"2024-10-06","Tim_Walz",101024.5,117234.5,16210
"2024-10-07","Tim_Walz",106683,121601,14918
"2024-10-08","Tim_Walz",106768.5,123888.5,17120
"2024-10-09","Tim_Walz",104159.5,117725.5,13566
"2024-10-10","Tim_Walz",97952,108923,10971
"2024-10-11","Tim_Walz",100201.5,112958.5,12757
"2024-10-12","Tim_Walz",93764,108019,14255
"2024-10-13","Tim_Walz",107088.5,125542.5,18454
"2024-10-14","Tim_Walz",110970,130190,19220
"2024-10-15","Tim_Walz",113640.5,129237.5,15597
"2024-10-16","Tim_Walz",123731,137140,13409
"2024-10-17","Tim_Walz",126082.5,139654.5,13572
"2024-10-18","Tim_Walz",126766,139430,12664
"2024-10-19","Tim_Walz",117720,129506,11786
"2024-10-20","Tim_Walz",148341.5,161228.5,12887
"2024-10-21","Tim_Walz",168372,184462,16090
"2024-10-22","Tim_Walz",155802.5,174682.5,18880
"2024-10-23","Tim_Walz",156117.5,174885.5,18768
"2024-10-24","Tim_Walz",166568,182351,15783
"2024-10-25","Tim_Walz",171121.5,185918.5,14797
"2024-10-26","Tim_Walz",168366,181543,13177
"2024-10-27","Tim_Walz",194025,210121,16096
"2024-10-28","Tim_Walz",227740.5,251522.5,23782
"2024-10-29","Tim_Walz",238022,270356,32334
"2024-10-30","Tim_Walz",247153,271328,24175
"2024-10-31","Tim_Walz",244898.5,265346.5,20448
"2024-11-01","Tim_Walz",273445.5,295336.5,21891
"2024-11-02","Tim_Walz",280321.5,302502.5,22181
"2024-11-03","Tim_Walz",391048.5,423221.5,32173
"2024-11-04","Tim_Walz",601149.5,642038.5,40889
"2024-11-05","Tim_Walz",1258826.5,1334302.5,75476
"2024-11-06","Tim_Walz",5402829.5,5628823.5,225994
"2024-11-07","Tim_Walz",1882997.5,1951474.5,68477
"2024-11-08","Tim_Walz",1048570,1094533,45963
"2024-11-09","Tim_Walz",736094.5,772171.5,36077
"2024-11-10","Tim_Walz",664952.5,690460.5,25508
"2024-11-11","Tim_Walz",521937.5,540916.5,18979
"2024-11-12","Tim_Walz",438361,455542,17181
"2024-11-13","Tim_Walz",382795,397600,14805
"2024-11-14","Tim_Walz",317724,329442,11718
"2024-11-15","Tim_Walz",260877.5,272417.5,11540
"2024-11-16","Tim_Walz",223738.5,231491.5,7753
"2024-11-17","Tim_Walz",218550.5,225950.5,7400
"2024-11-18","Tim_Walz",214314.5,221070.5,6756
"2024-11-19","Tim_Walz",202803.5,209035.5,6232
"2024-11-20","Tim_Walz",200072,205583,5511
"2024-11-21","Tim_Walz",181636.5,186953.5,5317
"2024-11-22","Tim_Walz",169624.5,174767.5,5143
"2024-11-23","Tim_Walz",166021.5,170913.5,4892
"2024-11-24","Tim_Walz",151585.5,156323.5,4738
"2024-11-25","Tim_Walz",148162,154493,6331
"2024-11-26","Tim_Walz",139761,144243,4482
"2024-11-27","Tim_Walz",137151,141842,4691
"2024-11-28","Tim_Walz",121141.5,125401.5,4260
"2024-11-29","Tim_Walz",114030.5,118144.5,4114
"2024-11-30","Tim_Walz",109539,113150,3611
"2024-12-01","Tim_Walz",110632.5,114179.5,3547
"2024-12-02","Tim_Walz",147332,150783,3451
"2024-12-03","Tim_Walz",127494.5,131040.5,3546
"2024-12-04","Tim_Walz",112579,116440,3861
"2024-12-05","Tim_Walz",99068.5,103103.5,4035
"2024-12-06","Tim_Walz",91382,96617,5235
"2024-12-07","Tim_Walz",85903.5,90561.5,4658
"2024-12-08","Tim_Walz",85342.5,89431.5,4089
"2024-12-09","Tim_Walz",86951,90846,3895
"2024-12-10","Tim_Walz",78493,83298,4805
"2024-12-11","Tim_Walz",77153,81054,3901
"2024-12-12","Tim_Walz",82195,85370,3175
"2024-12-13","Tim_Walz",78029,81059,3030
"2024-12-14","Tim_Walz",76972,79865,2893
"2024-12-15","Tim_Walz",73502.5,76680.5,3178
"2024-12-16","Tim_Walz",75603.5,78808.5,3205
"2024-12-17","Tim_Walz",76643,79393,2750
"2024-12-18","Tim_Walz",78983,81445,2462
"2024-12-19","Tim_Walz",72518.5,74928.5,2410
"2024-12-20","Tim_Walz",70459.5,72736.5,2277
"2024-12-21","Tim_Walz",65087,67396,2309
"2024-12-22","Tim_Walz",64167.5,66743.5,2576
"2024-12-23","Tim_Walz",66874,69440,2566
"2024-12-24","Tim_Walz",64065.5,66306.5,2241
"2024-12-25","Tim_Walz",60395,62463,2068
"2024-12-26","Tim_Walz",63377.5,65321.5,1944
"2024-12-27","Tim_Walz",63726,66057,2331
"2024-12-28","Tim_Walz",61661,63864,2203
"2024-12-29","Tim_Walz",84658,87230,2572
"2024-12-30","Tim_Walz",115524,118404,2880
"2024-12-31","Tim_Walz",79181,81965,2784
"2024-01-01","Springfield,_Ohio",63697,63901,204
"2024-01-02","Springfield,_Ohio",65620,65856,236
"2024-01-03","Springfield,_Ohio",58640.5,58837.5,197
"2024-01-04","Springfield,_Ohio",58800.5,59010.5,210
"2024-01-05","Springfield,_Ohio",57945,58142,197
"2024-01-06","Springfield,_Ohio",60232.5,60418.5,186
"2024-01-07","Springfield,_Ohio",59136,59388,252
"2024-01-08","Springfield,_Ohio",56446,56645,199
"2024-01-09","Springfield,_Ohio",58853.5,59097.5,244
"2024-01-10","Springfield,_Ohio",71410.5,71659.5,249
"2024-01-11","Springfield,_Ohio",77942.5,78136.5,194
"2024-01-12","Springfield,_Ohio",64536,64730,194
"2024-01-13","Springfield,_Ohio",64135,64358,223
"2024-01-14","Springfield,_Ohio",67703,67919,216
"2024-01-15","Springfield,_Ohio",83137,83371,234
"2024-01-16","Springfield,_Ohio",197986,198236,250
"2024-01-17","Springfield,_Ohio",132884,133133,249
"2024-01-18","Springfield,_Ohio",91253.5,91430.5,177
"2024-01-19","Springfield,_Ohio",82804,83021,217
"2024-01-20","Springfield,_Ohio",74618.5,74798.5,180
"2024-01-21","Springfield,_Ohio",102733,102944,211
"2024-01-22","Springfield,_Ohio",118346,118542,196
"2024-01-23","Springfield,_Ohio",102185,102416,231
"2024-01-24","Springfield,_Ohio",152735.5,152954.5,219
"2024-01-25","Springfield,_Ohio",92068,92283,215
"2024-01-26","Springfield,_Ohio",79195,79383,188
"2024-01-27","Springfield,_Ohio",76916.5,77106.5,190
"2024-01-28","Springfield,_Ohio",73037,73239,202
"2024-01-29","Springfield,_Ohio",70029.5,70227.5,198
"2024-01-30","Springfield,_Ohio",66264.5,66470.5,206
"2024-01-31","Springfield,_Ohio",61680.5,61899.5,219
"2024-02-01","Springfield,_Ohio",56510.5,56688.5,178
"2024-02-02","Springfield,_Ohio",54663.5,54854.5,191
"2024-02-03","Springfield,_Ohio",54946.5,55168.5,222
"2024-02-04","Springfield,_Ohio",68947.5,69168.5,221
"2024-02-05","Springfield,_Ohio",63842.5,64102.5,260
"2024-02-06","Springfield,_Ohio",65950.5,66143.5,193
"2024-02-07","Springfield,_Ohio",67498.5,67683.5,185
"2024-02-08","Springfield,_Ohio",76289.5,76492.5,203
"2024-02-09","Springfield,_Ohio",155046.5,155231.5,185
"2024-02-10","Springfield,_Ohio",83886.5,84089.5,203
"2024-02-11","Springfield,_Ohio",125412.5,125607.5,195
"2024-02-12","Springfield,_Ohio",105662.5,105843.5,181
"2024-02-13","Springfield,_Ohio",80635,80853,218
"2024-02-14","Springfield,_Ohio",73706,73875,169
"2024-02-15","Springfield,_Ohio",64310.5,64516.5,206
"2024-02-16","Springfield,_Ohio",66650.5,66824.5,174
"2024-02-17","Springfield,_Ohio",62634,62820,186
"2024-02-18","Springfield,_Ohio",62540,62755,215
"2024-02-19","Springfield,_Ohio",70143.5,70348.5,205
"2024-02-20","Springfield,_Ohio",68565,68735,170
"2024-02-21","Springfield,_Ohio",74388.5,74574.5,186
"2024-02-22","Springfield,_Ohio",66301,66516,215
"2024-02-23","Springfield,_Ohio",68883.5,69090.5,207
"2024-02-24","Springfield,_Ohio",73664,73861,197
"2024-02-25","Springfield,_Ohio",118733.5,118931.5,198
"2024-02-26","Springfield,_Ohio",70975.5,71216.5,241
"2024-02-27","Springfield,_Ohio",69942,70229,287
"2024-02-28","Springfield,_Ohio",85548,86016,468
"2024-02-29","Springfield,_Ohio",69840,70109,269
"2024-03-01","Springfield,_Ohio",58142.5,58355.5,213
"2024-03-02","Springfield,_Ohio",54122.5,54328.5,206
"2024-03-03","Springfield,_Ohio",69803,69985,182
"2024-03-04","Springfield,_Ohio",99343.5,99551.5,208
"2024-03-05","Springfield,_Ohio",103484,103718,234
"2024-03-06","Springfield,_Ohio",187191.5,187485.5,294
"2024-03-07","Springfield,_Ohio",116852.5,117085.5,233
"2024-03-08","Springfield,_Ohio",169873,170055,182
"2024-03-09","Springfield,_Ohio",82478.5,82686.5,208
"2024-03-10","Springfield,_Ohio",82805.5,83017.5,212
"2024-03-11","Springfield,_Ohio",67890.5,68107.5,217
"2024-03-12","Springfield,_Ohio",78354,78601,247
"2024-03-13","Springfield,_Ohio",108637.5,108858.5,221
"2024-03-14","Springfield,_Ohio",71084,71277,193
"2024-03-15","Springfield,_Ohio",65425.5,65658.5,233
"2024-03-16","Springfield,_Ohio",56791,56970,179
"2024-03-17","Springfield,_Ohio",64404.5,64614.5,210
"2024-03-18","Springfield,_Ohio",69778,70010,232
"2024-03-19","Springfield,_Ohio",66821,67094,273
"2024-03-20","Springfield,_Ohio",72393.5,72584.5,191
"2024-03-21","Springfield,_Ohio",65435.5,65636.5,201
"2024-03-22","Springfield,_Ohio",56080.5,56256.5,176
"2024-03-23","Springfield,_Ohio",50579.5,50765.5,186
"2024-03-24","Springfield,_Ohio",53173.5,53351.5,178
"2024-03-25","Springfield,_Ohio",56678.5,56876.5,198
"2024-03-26","Springfield,_Ohio",59926,60145,219
"2024-03-27","Springfield,_Ohio",59174.5,59370.5,196
"2024-03-28","Springfield,_Ohio",55634,55916,282
"2024-03-29","Springfield,_Ohio",55734.5,55934.5,200
"2024-03-30","Springfield,_Ohio",53171,53383,212
"2024-03-31","Springfield,_Ohio",52038,52252,214
"2024-04-01","Springfield,_Ohio",50947,51170,223
"2024-04-02","Springfield,_Ohio",53881.5,54132.5,251
"2024-04-03","Springfield,_Ohio",59700,59916,216
"2024-04-04","Springfield,_Ohio",52885.5,53076.5,191
"2024-04-05","Springfield,_Ohio",59237.5,59443.5,206
"2024-04-06","Springfield,_Ohio",53090.5,53316.5,226
"2024-04-07","Springfield,_Ohio",51637.5,51900.5,263
"2024-04-08","Springfield,_Ohio",58052,58354,302
"2024-04-09","Springfield,_Ohio",56076.5,56293.5,217
"2024-04-10","Springfield,_Ohio",58449,58654,205
"2024-04-11","Springfield,_Ohio",59023.5,59211.5,188
"2024-04-12","Springfield,_Ohio",52863,53071,208
"2024-04-13","Springfield,_Ohio",54996.5,55183.5,187
"2024-04-14","Springfield,_Ohio",64697.5,64864.5,167
"2024-04-15","Springfield,_Ohio",59045.5,59296.5,251
"2024-04-16","Springfield,_Ohio",53838,54093,255
"2024-04-17","Springfield,_Ohio",53344.5,53651.5,307
"2024-04-18","Springfield,_Ohio",54122.5,54332.5,210
"2024-04-19","Springfield,_Ohio",56344,56559,215
"2024-04-20","Springfield,_Ohio",47927.5,48079.5,152
"2024-04-21","Springfield,_Ohio",45903,46167,264
"2024-04-22","Springfield,_Ohio",54340,54633,293
"2024-04-23","Springfield,_Ohio",56644.5,56874.5,230
"2024-04-24","Springfield,_Ohio",62966.5,63185.5,219
"2024-04-25","Springfield,_Ohio",64428,64606,178
"2024-04-26","Springfield,_Ohio",60428,60595,167
"2024-04-27","Springfield,_Ohio",60201,60421,220
"2024-04-28","Springfield,_Ohio",62872,63054,182
"2024-04-29","Springfield,_Ohio",61749,61915,166
"2024-04-30","Springfield,_Ohio",59909.5,60112.5,203
"2024-05-01","Springfield,_Ohio",61418,61601,183
"2024-05-02","Springfield,_Ohio",62810,63000,190
"2024-05-03","Springfield,_Ohio",54627.5,54817.5,190
"2024-05-04","Springfield,_Ohio",48701,48912,211
"2024-05-05","Springfield,_Ohio",47058.5,47250.5,192
"2024-05-06","Springfield,_Ohio",54339.5,54509.5,170
"2024-05-07","Springfield,_Ohio",64557,64769,212
"2024-05-08","Springfield,_Ohio",63931,64163,232
"2024-05-09","Springfield,_Ohio",55286.5,55483.5,197
"2024-05-10","Springfield,_Ohio",53532,53726,194
"2024-05-11","Springfield,_Ohio",46876.5,47069.5,193
"2024-05-12","Springfield,_Ohio",45379,45533,154
"2024-05-13","Springfield,_Ohio",58540,58725,185
"2024-05-14","Springfield,_Ohio",59216.5,59657.5,441
"2024-05-15","Springfield,_Ohio",61715,61962,247
"2024-05-16","Springfield,_Ohio",59082,59294,212
"2024-05-17","Springfield,_Ohio",54625.5,54824.5,199
"2024-05-18","Springfield,_Ohio",48450,48649,199
"2024-05-19","Springfield,_Ohio",52710,52936,226
"2024-05-20","Springfield,_Ohio",56527.5,56721.5,194
"2024-05-21","Springfield,_Ohio",69254.5,69443.5,189
"2024-05-22","Springfield,_Ohio",76501,76783,282
"2024-05-23","Springfield,_Ohio",72932,73163,231
"2024-05-24","Springfield,_Ohio",75294.5,75608.5,314
"2024-05-25","Springfield,_Ohio",65286.5,65503.5,217
"2024-05-26","Springfield,_Ohio",67371,67604,233
"2024-05-27","Springfield,_Ohio",67666,67915,249
"2024-05-28","Springfield,_Ohio",73253.5,73447.5,194
"2024-05-29","Springfield,_Ohio",84077,84292,215
"2024-05-30","Springfield,_Ohio",227019.5,227212.5,193
"2024-05-31","Springfield,_Ohio",352932.5,353136.5,204
"2024-06-01","Springfield,_Ohio",137292.5,137446.5,154
"2024-06-02","Springfield,_Ohio",109646.5,109835.5,189
"2024-06-03","Springfield,_Ohio",107088.5,107276.5,188
"2024-06-04","Springfield,_Ohio",99073,99292,219
"2024-06-05","Springfield,_Ohio",97145.5,97342.5,197
"2024-06-06","Springfield,_Ohio",113781.5,113975.5,194
"2024-06-07","Springfield,_Ohio",112081,112244,163
"2024-06-08","Springfield,_Ohio",129131,129347,216
"2024-06-09","Springfield,_Ohio",118949,119165,216
"2024-06-10","Springfield,_Ohio",102996.5,103185.5,189
"2024-06-11","Springfield,_Ohio",143128.5,143318.5,190
"2024-06-12","Springfield,_Ohio",135804,135982,178
"2024-06-13","Springfield,_Ohio",102520.5,102706.5,186
"2024-06-14","Springfield,_Ohio",118231,118424,193
"2024-06-15","Springfield,_Ohio",92851.5,93037.5,186
"2024-06-16","Springfield,_Ohio",84112,84294,182
"2024-06-17","Springfield,_Ohio",98143.5,98368.5,225
"2024-06-18","Springfield,_Ohio",89889.5,90103.5,214
"2024-06-19","Springfield,_Ohio",87722,87916,194
"2024-06-20","Springfield,_Ohio",93078,93286,208
"2024-06-21","Springfield,_Ohio",90330,90480,150
"2024-06-22","Springfield,_Ohio",88537.5,88706.5,169
"2024-06-23","Springfield,_Ohio",93773.5,93939.5,166
"2024-06-24","Springfield,_Ohio",97741,97920,179
"2024-06-25","Springfield,_Ohio",92837,93048,211
"2024-06-26","Springfield,_Ohio",103596,103783,187
"2024-06-27","Springfield,_Ohio",115571.5,115753.5,182
"2024-06-28","Springfield,_Ohio",563847,563998,151
"2024-06-29","Springfield,_Ohio",282856.5,283010.5,154
"2024-06-30","Springfield,_Ohio",223394.5,223613.5,219
"2024-07-01","Springfield,_Ohio",244259.5,244460.5,201
"2024-07-02","Springfield,_Ohio",274508,274753,245
"2024-07-03","Springfield,_Ohio",372629.5,372783.5,154
"2024-07-04","Springfield,_Ohio",373373.5,373572.5,199
"2024-07-05","Springfield,_Ohio",373997,374180,183
"2024-07-06","Springfield,_Ohio",357206.5,357393.5,187
"2024-07-07","Springfield,_Ohio",323118,323331,213
"2024-07-08","Springfield,_Ohio",331545,331747,202
"2024-07-09","Springfield,_Ohio",353799,354050,251
"2024-07-10","Springfield,_Ohio",332905,333107,202
"2024-07-11","Springfield,_Ohio",325458.5,326597.5,1139
"2024-07-12","Springfield,_Ohio",372018.5,374720.5,2702
"2024-07-13","Springfield,_Ohio",334657.5,344487.5,9830
"2024-07-14","Springfield,_Ohio",787402,789597,2195
"2024-07-15","Springfield,_Ohio",3044804,3045659,855
"2024-07-16","Springfield,_Ohio",1967754.5,1968276.5,522
"2024-07-17","Springfield,_Ohio",835124,835538,414
"2024-07-18","Springfield,_Ohio",991976,992422,446
"2024-07-19","Springfield,_Ohio",742532,742816,284
"2024-07-20","Springfield,_Ohio",459408,459658,250
"2024-07-21","Springfield,_Ohio",1575108,1575389,281
"2024-07-22","Springfield,_Ohio",2104394,2104694,300
"2024-07-23","Springfield,_Ohio",1435652.5,1435953.5,301
"2024-07-24","Springfield,_Ohio",941536.5,941818.5,282
"2024-07-25","Springfield,_Ohio",813254,813508,254
"2024-07-26","Springfield,_Ohio",634602.5,634815.5,213
"2024-07-27","Springfield,_Ohio",472621,472858,237
"2024-07-28","Springfield,_Ohio",414379.5,414596.5,217
"2024-07-29","Springfield,_Ohio",379172.5,379433.5,261
"2024-07-30","Springfield,_Ohio",375572.5,375813.5,241
"2024-07-31","Springfield,_Ohio",452652,452909,257
"2024-08-01","Springfield,_Ohio",524708,524928,220
"2024-08-02","Springfield,_Ohio",358047,358288,241
"2024-08-03","Springfield,_Ohio",296962.5,297167.5,205
"2024-08-04","Springfield,_Ohio",292417.5,292639.5,222
"2024-08-05","Springfield,_Ohio",349166,349406,240
"2024-08-06","Springfield,_Ohio",2301431.5,2301651.5,220
"2024-08-07","Springfield,_Ohio",1145958,1146212,254
"2024-08-08","Springfield,_Ohio",537820.5,538077.5,257
"2024-08-09","Springfield,_Ohio",336508.5,336882.5,374
"2024-08-10","Springfield,_Ohio",273151.5,273418.5,267
"2024-08-11","Springfield,_Ohio",245201,245621,420
"2024-08-12","Springfield,_Ohio",264069.5,264522.5,453
"2024-08-13","Springfield,_Ohio",220379,220890,511
"2024-08-14","Springfield,_Ohio",196752,197051,299
"2024-08-15","Springfield,_Ohio",191441,191687,246
"2024-08-16","Springfield,_Ohio",192900,193134,234
"2024-08-17","Springfield,_Ohio",175884,176100,216
"2024-08-18","Springfield,_Ohio",179956,180238,282
"2024-08-19","Springfield,_Ohio",189133,189367,234
"2024-08-20","Springfield,_Ohio",386781.5,387013.5,232
"2024-08-21","Springfield,_Ohio",403317.5,403901.5,584
"2024-08-22","Springfield,_Ohio",612008.5,612554.5,546
"2024-08-23","Springfield,_Ohio",687735,687978,243
"2024-08-24","Springfield,_Ohio",270925,271137,212
"2024-08-25","Springfield,_Ohio",200901.5,201120.5,219
"2024-08-26","Springfield,_Ohio",174341.5,174604.5,263
"2024-08-27","Springfield,_Ohio",155617.5,155877.5,260
"2024-08-28","Springfield,_Ohio",146895.5,147148.5,253
"2024-08-29","Springfield,_Ohio",140965.5,141204.5,239
"2024-08-30","Springfield,_Ohio",157924,158152,228
"2024-08-31","Springfield,_Ohio",125265,125520,255
"2024-09-01","Springfield,_Ohio",115285,115518,233
"2024-09-02","Springfield,_Ohio",116838.5,117106.5,268
"2024-09-03","Springfield,_Ohio",120329.5,121085.5,756
"2024-09-04","Springfield,_Ohio",113387,114079,692
"2024-09-05","Springfield,_Ohio",111458.5,112183.5,725
"2024-09-06","Springfield,_Ohio",109696,110900,1204
"2024-09-07","Springfield,_Ohio",101683,104184,2501
"2024-09-08","Springfield,_Ohio",103442,106841,3399
"2024-09-09","Springfield,_Ohio",103949,118517,14568
"2024-09-10","Springfield,_Ohio",131369,156722,25353
"2024-09-11","Springfield,_Ohio",565874,623213,57339
"2024-09-12","Springfield,_Ohio",232299,283377,51078
"2024-09-13","Springfield,_Ohio",167574.5,223647.5,56073
"2024-09-14","Springfield,_Ohio",139931.5,183625.5,43694
"2024-09-15","Springfield,_Ohio",156861,197798,40937
"2024-09-16","Springfield,_Ohio",166262.5,190661.5,24399
"2024-09-17","Springfield,_Ohio",144502.5,166340.5,21838
"2024-09-18","Springfield,_Ohio",134624,148988,14364
"2024-09-19","Springfield,_Ohio",124252,139814,15562
"2024-09-20","Springfield,_Ohio",121014,133133,12119
"2024-09-21","Springfield,_Ohio",123115.5,129055.5,5940
"2024-09-22","Springfield,_Ohio",129509,134549,5040
"2024-09-23","Springfield,_Ohio",128278.5,132749.5,4471
"2024-09-24","Springfield,_Ohio",118578,122356,3778
"2024-09-25","Springfield,_Ohio",119973.5,123461.5,3488
"2024-09-26","Springfield,_Ohio",114563.5,117053.5,2490
"2024-09-27","Springfield,_Ohio",101620,103655,2035
"2024-09-28","Springfield,_Ohio",96241,97989,1748
"2024-09-29","Springfield,_Ohio",118648,120450,1802
"2024-09-30","Springfield,_Ohio",126816,128497,1681
"2024-10-01","Springfield,_Ohio",160473,161809,1336
"2024-10-02","Springfield,_Ohio",486710.5,490122.5,3412
"2024-10-03","Springfield,_Ohio",177553,179821,2268
"2024-10-04","Springfield,_Ohio",127870.5,129266.5,1396
"2024-10-05","Springfield,_Ohio",115550.5,116664.5,1114
"2024-10-06","Springfield,_Ohio",117234.5,118284.5,1050
"2024-10-07","Springfield,_Ohio",121601,122498,897
"2024-10-08","Springfield,_Ohio",123888.5,124634.5,746
"2024-10-09","Springfield,_Ohio",117725.5,118509.5,784
"2024-10-10","Springfield,_Ohio",108923,109628,705
"2024-10-11","Springfield,_Ohio",112958.5,113795.5,837
"2024-10-12","Springfield,_Ohio",108019,108764,745
"2024-10-13","Springfield,_Ohio",125542.5,126319.5,777
"2024-10-14","Springfield,_Ohio",130190,131627,1437
"2024-10-15","Springfield,_Ohio",129237.5,130089.5,852
"2024-10-16","Springfield,_Ohio",137140,138053,913
"2024-10-17","Springfield,_Ohio",139654.5,141107.5,1453
"2024-10-18","Springfield,_Ohio",139430,140291,861
"2024-10-19","Springfield,_Ohio",129506,130267,761
"2024-10-20","Springfield,_Ohio",161228.5,161931.5,703
"2024-10-21","Springfield,_Ohio",184462,185594,1132
"2024-10-22","Springfield,_Ohio",174682.5,175353.5,671
"2024-10-23","Springfield,_Ohio",174885.5,175457.5,572
"2024-10-24","Springfield,_Ohio",182351,183089,738
"2024-10-25","Springfield,_Ohio",185918.5,186505.5,587
"2024-10-26","Springfield,_Ohio",181543,183020,1477
"2024-10-27","Springfield,_Ohio",210121,211426,1305
"2024-10-28","Springfield,_Ohio",251522.5,252729.5,1207
"2024-10-29","Springfield,_Ohio",270356,271433,1077
"2024-10-30","Springfield,_Ohio",271328,272179,851
"2024-10-31","Springfield,_Ohio",265346.5,266032.5,686
"2024-11-01","Springfield,_Ohio",295336.5,295985.5,649
"2024-11-02","Springfield,_Ohio",302502.5,303256.5,754
"2024-11-03","Springfield,_Ohio",423221.5,423978.5,757
"2024-11-04","Springfield,_Ohio",642038.5,643002.5,964
"2024-11-05","Springfield,_Ohio",1334302.5,1335339.5,1037
"2024-11-06","Springfield,_Ohio",5628823.5,5630980.5,2157
"2024-11-07","Springfield,_Ohio",1951474.5,1952671.5,1197
"2024-11-08","Springfield,_Ohio",1094533,1095538,1005
"2024-11-09","Springfield,_Ohio",772171.5,773056.5,885
"2024-11-10","Springfield,_Ohio",690460.5,691344.5,884
"2024-11-11","Springfield,_Ohio",540916.5,541716.5,800
"2024-11-12","Springfield,_Ohio",455542,456242,700
"2024-11-13","Springfield,_Ohio",397600,398183,583
"2024-11-14","Springfield,_Ohio",329442,329961,519
"2024-11-15","Springfield,_Ohio",272417.5,272875.5,458
"2024-11-16","Springfield,_Ohio",231491.5,231941.5,450
"2024-11-17","Springfield,_Ohio",225950.5,226669.5,719
"2024-11-18","Springfield,_Ohio",221070.5,221809.5,739
"2024-11-19","Springfield,_Ohio",209035.5,209548.5,513
"2024-11-20","Springfield,_Ohio",205583,206041,458
"2024-11-21","Springfield,_Ohio",186953.5,187384.5,431
"2024-11-22","Springfield,_Ohio",174767.5,175258.5,491
"2024-11-23","Springfield,_Ohio",170913.5,171500.5,587
"2024-11-24","Springfield,_Ohio",156323.5,156805.5,482
"2024-11-25","Springfield,_Ohio",154493,155073,580
"2024-11-26","Springfield,_Ohio",144243,144625,382
"2024-11-27","Springfield,_Ohio",141842,142243,401
"2024-11-28","Springfield,_Ohio",125401.5,125866.5,465
"2024-11-29","Springfield,_Ohio",118144.5,118564.5,420
"2024-11-30","Springfield,_Ohio",113150,113575,425
"2024-12-01","Springfield,_Ohio",114179.5,114659.5,480
"2024-12-02","Springfield,_Ohio",150783,151166,383
"2024-12-03","Springfield,_Ohio",131040.5,131421.5,381
"2024-12-04","Springfield,_Ohio",116440,116801,361
"2024-12-05","Springfield,_Ohio",103103.5,103438.5,335
"2024-12-06","Springfield,_Ohio",96617,96935,318
"2024-12-07","Springfield,_Ohio",90561.5,90845.5,284
"2024-12-08","Springfield,_Ohio",89431.5,89703.5,272
"2024-12-09","Springfield,_Ohio",90846,91210,364
"2024-12-10","Springfield,_Ohio",83298,84283,985
"2024-12-11","Springfield,_Ohio",81054,81443,389
"2024-12-12","Springfield,_Ohio",85370,85689,319
"2024-12-13","Springfield,_Ohio",81059,81342,283
"2024-12-14","Springfield,_Ohio",79865,80138,273
"2024-12-15","Springfield,_Ohio",76680.5,76949.5,269
"2024-12-16","Springfield,_Ohio",78808.5,79151.5,343
"2024-12-17","Springfield,_Ohio",79393,79695,302
"2024-12-18","Springfield,_Ohio",81445,81767,322
"2024-12-19","Springfield,_Ohio",74928.5,75256.5,328
"2024-12-20","Springfield,_Ohio",72736.5,72990.5,254
"2024-12-21","Springfield,_Ohio",67396,67660,264
"2024-12-22","Springfield,_Ohio",66743.5,67042.5,299
"2024-12-23","Springfield,_Ohio",69440,69749,309
"2024-12-24","Springfield,_Ohio",66306.5,66568.5,262
"2024-12-25","Springfield,_Ohio",62463,62728,265
"2024-12-26","Springfield,_Ohio",65321.5,65607.5,286
"2024-12-27","Springfield,_Ohio",66057,66351,294
"2024-12-28","Springfield,_Ohio",63864,64174,310
"2024-12-29","Springfield,_Ohio",87230,87516,286
"2024-12-30","Springfield,_Ohio",118404,118753,349
"2024-12-31","Springfield,_Ohio",81965,82291,326
"2024-01-01","Electoral_College_(United_States)",63901,64040,139
"2024-01-02","Electoral_College_(United_States)",65856,66012,156
"2024-01-03","Electoral_College_(United_States)",58837.5,59001.5,164
"2024-01-04","Electoral_College_(United_States)",59010.5,59162.5,152
"2024-01-05","Electoral_College_(United_States)",58142,58330,188
"2024-01-06","Electoral_College_(United_States)",60418.5,60576.5,158
"2024-01-07","Electoral_College_(United_States)",59388,59539,151
"2024-01-08","Electoral_College_(United_States)",56645,56824,179
"2024-01-09","Electoral_College_(United_States)",59097.5,59256.5,159
"2024-01-10","Electoral_College_(United_States)",71659.5,71824.5,165
"2024-01-11","Electoral_College_(United_States)",78136.5,78340.5,204
"2024-01-12","Electoral_College_(United_States)",64730,64872,142
"2024-01-13","Electoral_College_(United_States)",64358,64507,149
"2024-01-14","Electoral_College_(United_States)",67919,68092,173
"2024-01-15","Electoral_College_(United_States)",83371,83605,234
"2024-01-16","Electoral_College_(United_States)",198236,198588,352
"2024-01-17","Electoral_College_(United_States)",133133,133355,222
"2024-01-18","Electoral_College_(United_States)",91430.5,91666.5,236
"2024-01-19","Electoral_College_(United_States)",83021,83181,160
"2024-01-20","Electoral_College_(United_States)",74798.5,74957.5,159
"2024-01-21","Electoral_College_(United_States)",102944,103133,189
"2024-01-22","Electoral_College_(United_States)",118542,118763,221
"2024-01-23","Electoral_College_(United_States)",102416,102640,224
"2024-01-24","Electoral_College_(United_States)",152954.5,153294.5,340
"2024-01-25","Electoral_College_(United_States)",92283,92469,186
"2024-01-26","Electoral_College_(United_States)",79383,79589,206
"2024-01-27","Electoral_College_(United_States)",77106.5,77275.5,169
"2024-01-28","Electoral_College_(United_States)",73239,73398,159
"2024-01-29","Electoral_College_(United_States)",70227.5,70424.5,197
"2024-01-30","Electoral_College_(United_States)",66470.5,66629.5,159
"2024-01-31","Electoral_College_(United_States)",61899.5,62057.5,158
"2024-02-01","Electoral_College_(United_States)",56688.5,56845.5,157
"2024-02-02","Electoral_College_(United_States)",54854.5,54996.5,142
"2024-02-03","Electoral_College_(United_States)",55168.5,55295.5,127
"2024-02-04","Electoral_College_(United_States)",69168.5,69346.5,178
"2024-02-05","Electoral_College_(United_States)",64102.5,64279.5,177
"2024-02-06","Electoral_College_(United_States)",66143.5,66313.5,170
"2024-02-07","Electoral_College_(United_States)",67683.5,67847.5,164
"2024-02-08","Electoral_College_(United_States)",76492.5,76667.5,175
"2024-02-09","Electoral_College_(United_States)",155231.5,155408.5,177
"2024-02-10","Electoral_College_(United_States)",84089.5,84235.5,146
"2024-02-11","Electoral_College_(United_States)",125607.5,125761.5,154
"2024-02-12","Electoral_College_(United_States)",105843.5,106017.5,174
"2024-02-13","Electoral_College_(United_States)",80853,81017,164
"2024-02-14","Electoral_College_(United_States)",73875,74050,175
"2024-02-15","Electoral_College_(United_States)",64516.5,64659.5,143
"2024-02-16","Electoral_College_(United_States)",66824.5,66978.5,154
"2024-02-17","Electoral_College_(United_States)",62820,62959,139
"2024-02-18","Electoral_College_(United_States)",62755,62922,167
"2024-02-19","Electoral_College_(United_States)",70348.5,70540.5,192
"2024-02-20","Electoral_College_(United_States)",68735,68917,182
"2024-02-21","Electoral_College_(United_States)",74574.5,74734.5,160
"2024-02-22","Electoral_College_(United_States)",66516,66656,140
"2024-02-23","Electoral_College_(United_States)",69090.5,69232.5,142
"2024-02-24","Electoral_College_(United_States)",73861,73994,133
"2024-02-25","Electoral_College_(United_States)",118931.5,119104.5,173
"2024-02-26","Electoral_College_(United_States)",71216.5,71379.5,163
"2024-02-27","Electoral_College_(United_States)",70229,70455,226
"2024-02-28","Electoral_College_(United_States)",86016,86186,170
"2024-02-29","Electoral_College_(United_States)",70109,70302,193
"2024-03-01","Electoral_College_(United_States)",58355.5,58500.5,145
"2024-03-02","Electoral_College_(United_States)",54328.5,54451.5,123
"2024-03-03","Electoral_College_(United_States)",69985,70140,155
"2024-03-04","Electoral_College_(United_States)",99551.5,99769.5,218
"2024-03-05","Electoral_College_(United_States)",103718,103942,224
"2024-03-06","Electoral_College_(United_States)",187485.5,187802.5,317
"2024-03-07","Electoral_College_(United_States)",117085.5,117306.5,221
"2024-03-08","Electoral_College_(United_States)",170055,170256,201
"2024-03-09","Electoral_College_(United_States)",82686.5,82847.5,161
"2024-03-10","Electoral_College_(United_States)",83017.5,83196.5,179
"2024-03-11","Electoral_College_(United_States)",68107.5,68257.5,150
"2024-03-12","Electoral_College_(United_States)",78601,78744,143
"2024-03-13","Electoral_College_(United_States)",108858.5,109078.5,220
"2024-03-14","Electoral_College_(United_States)",71277,71462,185
"2024-03-15","Electoral_College_(United_States)",65658.5,65826.5,168
"2024-03-16","Electoral_College_(United_States)",56970,57117,147
"2024-03-17","Electoral_College_(United_States)",64614.5,64800.5,186
"2024-03-18","Electoral_College_(United_States)",70010,70175,165
"2024-03-19","Electoral_College_(United_States)",67094,67248,154
"2024-03-20","Electoral_College_(United_States)",72584.5,72770.5,186
"2024-03-21","Electoral_College_(United_States)",65636.5,65791.5,155
"2024-03-22","Electoral_College_(United_States)",56256.5,56392.5,136
"2024-03-23","Electoral_College_(United_States)",50765.5,50887.5,122
"2024-03-24","Electoral_College_(United_States)",53351.5,53493.5,142
"2024-03-25","Electoral_College_(United_States)",56876.5,57029.5,153
"2024-03-26","Electoral_College_(United_States)",60145,60302,157
"2024-03-27","Electoral_College_(United_States)",59370.5,59558.5,188
"2024-03-28","Electoral_College_(United_States)",55916,57020,1104
"2024-03-29","Electoral_College_(United_States)",55934.5,56064.5,130
"2024-03-30","Electoral_College_(United_States)",53383,53517,134
"2024-03-31","Electoral_College_(United_States)",52252,52380,128
"2024-04-01","Electoral_College_(United_States)",51170,51309,139
"2024-04-02","Electoral_College_(United_States)",54132.5,54282.5,150
"2024-04-03","Electoral_College_(United_States)",59916,60077,161
"2024-04-04","Electoral_College_(United_States)",53076.5,53225.5,149
"2024-04-05","Electoral_College_(United_States)",59443.5,59595.5,152
"2024-04-06","Electoral_College_(United_States)",53316.5,53422.5,106
"2024-04-07","Electoral_College_(United_States)",51900.5,52045.5,145
"2024-04-08","Electoral_College_(United_States)",58354,58497,143
"2024-04-09","Electoral_College_(United_States)",56293.5,56441.5,148
"2024-04-10","Electoral_College_(United_States)",58654,58812,158
"2024-04-11","Electoral_College_(United_States)",59211.5,59365.5,154
"2024-04-12","Electoral_College_(United_States)",53071,53226,155
"2024-04-13","Electoral_College_(United_States)",55183.5,55281.5,98
"2024-04-14","Electoral_College_(United_States)",64864.5,64981.5,117
"2024-04-15","Electoral_College_(United_States)",59296.5,59417.5,121
"2024-04-16","Electoral_College_(United_States)",54093,54239,146
"2024-04-17","Electoral_College_(United_States)",53651.5,53797.5,146
"2024-04-18","Electoral_College_(United_States)",54332.5,54473.5,141
"2024-04-19","Electoral_College_(United_States)",56559,56701,142
"2024-04-20","Electoral_College_(United_States)",48079.5,48194.5,115
"2024-04-21","Electoral_College_(United_States)",46167,46279,112
"2024-04-22","Electoral_College_(United_States)",54633,54748,115
"2024-04-23","Electoral_College_(United_States)",56874.5,57009.5,135
"2024-04-24","Electoral_College_(United_States)",63185.5,63312.5,127
"2024-04-25","Electoral_College_(United_States)",64606,64730,124
"2024-04-26","Electoral_College_(United_States)",60595,60710,115
"2024-04-27","Electoral_College_(United_States)",60421,60519,98
"2024-04-28","Electoral_College_(United_States)",63054,63158,104
"2024-04-29","Electoral_College_(United_States)",61915,62038,123
"2024-04-30","Electoral_College_(United_States)",60112.5,60251.5,139
"2024-05-01","Electoral_College_(United_States)",61601,61721,120
"2024-05-02","Electoral_College_(United_States)",63000,63123,123
"2024-05-03","Electoral_College_(United_States)",54817.5,54984.5,167
"2024-05-04","Electoral_College_(United_States)",48912,49027,115
"2024-05-05","Electoral_College_(United_States)",47250.5,47362.5,112
"2024-05-06","Electoral_College_(United_States)",54509.5,54648.5,139
"2024-05-07","Electoral_College_(United_States)",64769,64879,110
"2024-05-08","Electoral_College_(United_States)",64163,64293,130
"2024-05-09","Electoral_College_(United_States)",55483.5,55599.5,116
"2024-05-10","Electoral_College_(United_States)",53726,53832,106
"2024-05-11","Electoral_College_(United_States)",47069.5,47175.5,106
"2024-05-12","Electoral_College_(United_States)",45533,45647,114
"2024-05-13","Electoral_College_(United_States)",58725,58857,132
"2024-05-14","Electoral_College_(United_States)",59657.5,59798.5,141
"2024-05-15","Electoral_College_(United_States)",61962,62090,128
"2024-05-16","Electoral_College_(United_States)",59294,59419,125
"2024-05-17","Electoral_College_(United_States)",54824.5,54965.5,141
"2024-05-18","Electoral_College_(United_States)",48649,48762,113
"2024-05-19","Electoral_College_(United_States)",52936,53031,95
"2024-05-20","Electoral_College_(United_States)",56721.5,56846.5,125
"2024-05-21","Electoral_College_(United_States)",69443.5,69559.5,116
"2024-05-22","Electoral_College_(United_States)",76783,76906,123
"2024-05-23","Electoral_College_(United_States)",73163,73287,124
"2024-05-24","Electoral_College_(United_States)",75608.5,75739.5,131
"2024-05-25","Electoral_College_(United_States)",65503.5,65620.5,117
"2024-05-26","Electoral_College_(United_States)",67604,67728,124
"2024-05-27","Electoral_College_(United_States)",67915,68043,128
"2024-05-28","Electoral_College_(United_States)",73447.5,73566.5,119
"2024-05-29","Electoral_College_(United_States)",84292,84407,115
"2024-05-30","Electoral_College_(United_States)",227212.5,227355.5,143
"2024-05-31","Electoral_College_(United_States)",353136.5,353321.5,185
"2024-06-01","Electoral_College_(United_States)",137446.5,137602.5,156
"2024-06-02","Electoral_College_(United_States)",109835.5,109974.5,139
"2024-06-03","Electoral_College_(United_States)",107276.5,107414.5,138
"2024-06-04","Electoral_College_(United_States)",99292,99438,146
"2024-06-05","Electoral_College_(United_States)",97342.5,97489.5,147
"2024-06-06","Electoral_College_(United_States)",113975.5,114120.5,145
"2024-06-07","Electoral_College_(United_States)",112244,112373,129
"2024-06-08","Electoral_College_(United_States)",129347,129450,103
"2024-06-09","Electoral_College_(United_States)",119165,119299,134
"2024-06-10","Electoral_College_(United_States)",103185.5,103318.5,133
"2024-06-11","Electoral_College_(United_States)",143318.5,143470.5,152
"2024-06-12","Electoral_College_(United_States)",135982,136128,146
"2024-06-13","Electoral_College_(United_States)",102706.5,102811.5,105
"2024-06-14","Electoral_College_(United_States)",118424,118559,135
"2024-06-15","Electoral_College_(United_States)",93037.5,93162.5,125
"2024-06-16","Electoral_College_(United_States)",84294,84426,132
"2024-06-17","Electoral_College_(United_States)",98368.5,98502.5,134
"2024-06-18","Electoral_College_(United_States)",90103.5,90234.5,131
"2024-06-19","Electoral_College_(United_States)",87916,88048,132
"2024-06-20","Electoral_College_(United_States)",93286,93410,124
"2024-06-21","Electoral_College_(United_States)",90480,90594,114
"2024-06-22","Electoral_College_(United_States)",88706.5,88826.5,120
"2024-06-23","Electoral_College_(United_States)",93939.5,94070.5,131
"2024-06-24","Electoral_College_(United_States)",97920,98030,110
"2024-06-25","Electoral_College_(United_States)",93048,93161,113
"2024-06-26","Electoral_College_(United_States)",103783,103908,125
"2024-06-27","Electoral_College_(United_States)",115753.5,115906.5,153
"2024-06-28","Electoral_College_(United_States)",563998,564273,275
"2024-06-29","Electoral_College_(United_States)",283010.5,283227.5,217
"2024-06-30","Electoral_College_(United_States)",223613.5,223805.5,192
"2024-07-01","Electoral_College_(United_States)",244460.5,244659.5,199
"2024-07-02","Electoral_College_(United_States)",274753,274949,196
"2024-07-03","Electoral_College_(United_States)",372783.5,373024.5,241
"2024-07-04","Electoral_College_(United_States)",373572.5,373820.5,248
"2024-07-05","Electoral_College_(United_States)",374180,374377,197
"2024-07-06","Electoral_College_(United_States)",357393.5,357583.5,190
"2024-07-07","Electoral_College_(United_States)",323331,323515,184
"2024-07-08","Electoral_College_(United_States)",331747,331937,190
"2024-07-09","Electoral_College_(United_States)",354050,354245,195
"2024-07-10","Electoral_College_(United_States)",333107,333294,187
"2024-07-11","Electoral_College_(United_States)",326597.5,326790.5,193
"2024-07-12","Electoral_College_(United_States)",374720.5,374939.5,219
"2024-07-13","Electoral_College_(United_States)",344487.5,344675.5,188
"2024-07-14","Electoral_College_(United_States)",789597,789964,367
"2024-07-15","Electoral_College_(United_States)",3045659,3046052,393
"2024-07-16","Electoral_College_(United_States)",1968276.5,1968715.5,439
"2024-07-17","Electoral_College_(United_States)",835538,835900,362
"2024-07-18","Electoral_College_(United_States)",992422,992837,415
"2024-07-19","Electoral_College_(United_States)",742816,743164,348
"2024-07-20","Electoral_College_(United_States)",459658,459957,299
"2024-07-21","Electoral_College_(United_States)",1575389,1576001,612
"2024-07-22","Electoral_College_(United_States)",2104694,2105661,967
"2024-07-23","Electoral_College_(United_States)",1435953.5,1436708.5,755
"2024-07-24","Electoral_College_(United_States)",941818.5,942488.5,670
"2024-07-25","Electoral_College_(United_States)",813508,814055,547
"2024-07-26","Electoral_College_(United_States)",634815.5,635269.5,454
"2024-07-27","Electoral_College_(United_States)",472858,473222,364
"2024-07-28","Electoral_College_(United_States)",414596.5,414933.5,337
"2024-07-29","Electoral_College_(United_States)",379433.5,379759.5,326
"2024-07-30","Electoral_College_(United_States)",375813.5,376107.5,294
"2024-07-31","Electoral_College_(United_States)",452909,453274,365
"2024-08-01","Electoral_College_(United_States)",524928,525971,1043
"2024-08-02","Electoral_College_(United_States)",358288,358585,297
"2024-08-03","Electoral_College_(United_States)",297167.5,297428.5,261
"2024-08-04","Electoral_College_(United_States)",292639.5,292869.5,230
"2024-08-05","Electoral_College_(United_States)",349406,349701,295
"2024-08-06","Electoral_College_(United_States)",2301651.5,2302091.5,440
"2024-08-07","Electoral_College_(United_States)",1146212,1146661,449
"2024-08-08","Electoral_College_(United_States)",538077.5,538409.5,332
"2024-08-09","Electoral_College_(United_States)",336882.5,337144.5,262
"2024-08-10","Electoral_College_(United_States)",273418.5,273685.5,267
"2024-08-11","Electoral_College_(United_States)",245621,245876,255
"2024-08-12","Electoral_College_(United_States)",264522.5,264764.5,242
"2024-08-13","Electoral_College_(United_States)",220890,221172,282
"2024-08-14","Electoral_College_(United_States)",197051,197299,248
"2024-08-15","Electoral_College_(United_States)",191687,191971,284
"2024-08-16","Electoral_College_(United_States)",193134,193383,249
"2024-08-17","Electoral_College_(United_States)",176100,176333,233
"2024-08-18","Electoral_College_(United_States)",180238,180519,281
"2024-08-19","Electoral_College_(United_States)",189367,189663,296
"2024-08-20","Electoral_College_(United_States)",387013.5,387343.5,330
"2024-08-21","Electoral_College_(United_States)",403901.5,404321.5,420
"2024-08-22","Electoral_College_(United_States)",612554.5,612933.5,379
"2024-08-23","Electoral_College_(United_States)",687978,688342,364
"2024-08-24","Electoral_College_(United_States)",271137,271437,300
"2024-08-25","Electoral_College_(United_States)",201120.5,201404.5,284
"2024-08-26","Electoral_College_(United_States)",174604.5,174905.5,301
"2024-08-27","Electoral_College_(United_States)",155877.5,156147.5,270
"2024-08-28","Electoral_College_(United_States)",147148.5,147456.5,308
"2024-08-29","Electoral_College_(United_States)",141204.5,141458.5,254
"2024-08-30","Electoral_College_(United_States)",158152,158387,235
"2024-08-31","Electoral_College_(United_States)",125520,125740,220
"2024-09-01","Electoral_College_(United_States)",115518,115713,195
"2024-09-02","Electoral_College_(United_States)",117106.5,117332.5,226
"2024-09-03","Electoral_College_(United_States)",121085.5,121300.5,215
"2024-09-04","Electoral_College_(United_States)",114079,114281,202
"2024-09-05","Electoral_College_(United_States)",112183.5,112405.5,222
"2024-09-06","Electoral_College_(United_States)",110900,111117,217
"2024-09-07","Electoral_College_(United_States)",104184,104355,171
"2024-09-08","Electoral_College_(United_States)",106841,107050,209
"2024-09-09","Electoral_College_(United_States)",118517,118740,223
"2024-09-10","Electoral_College_(United_States)",156722,156957,235
"2024-09-11","Electoral_College_(United_States)",623213,623574,361
"2024-09-12","Electoral_College_(United_States)",283377,283685,308
"2024-09-13","Electoral_College_(United_States)",223647.5,223945.5,298
"2024-09-14","Electoral_College_(United_States)",183625.5,183858.5,233
"2024-09-15","Electoral_College_(United_States)",197798,198092,294
"2024-09-16","Electoral_College_(United_States)",190661.5,190942.5,281
"2024-09-17","Electoral_College_(United_States)",166340.5,166638.5,298
"2024-09-18","Electoral_College_(United_States)",148988,149257,269
"2024-09-19","Electoral_College_(United_States)",139814,140088,274
"2024-09-20","Electoral_College_(United_States)",133133,133405,272
"2024-09-21","Electoral_College_(United_States)",129055.5,129308.5,253
"2024-09-22","Electoral_College_(United_States)",134549,134776,227
"2024-09-23","Electoral_College_(United_States)",132749.5,133043.5,294
"2024-09-24","Electoral_College_(United_States)",122356,122640,284
"2024-09-25","Electoral_College_(United_States)",123461.5,123732.5,271
"2024-09-26","Electoral_College_(United_States)",117053.5,117322.5,269
"2024-09-27","Electoral_College_(United_States)",103655,103883,228
"2024-09-28","Electoral_College_(United_States)",97989,98201,212
"2024-09-29","Electoral_College_(United_States)",120450,120658,208
"2024-09-30","Electoral_College_(United_States)",128497,128715,218
"2024-10-01","Electoral_College_(United_States)",161809,162035,226
"2024-10-02","Electoral_College_(United_States)",490122.5,490411.5,289
"2024-10-03","Electoral_College_(United_States)",179821,180070,249
"2024-10-04","Electoral_College_(United_States)",129266.5,129535.5,269
"2024-10-05","Electoral_College_(United_States)",116664.5,116894.5,230
"2024-10-06","Electoral_College_(United_States)",118284.5,118527.5,243
"2024-10-07","Electoral_College_(United_States)",122498,122779,281
"2024-10-08","Electoral_College_(United_States)",124634.5,124886.5,252
"2024-10-09","Electoral_College_(United_States)",118509.5,118782.5,273
"2024-10-10","Electoral_College_(United_States)",109628,109920,292
"2024-10-11","Electoral_College_(United_States)",113795.5,114090.5,295
"2024-10-12","Electoral_College_(United_States)",108764,108988,224
"2024-10-13","Electoral_College_(United_States)",126319.5,126562.5,243
"2024-10-14","Electoral_College_(United_States)",131627,131895,268
"2024-10-15","Electoral_College_(United_States)",130089.5,130416.5,327
"2024-10-16","Electoral_College_(United_States)",138053,138397,344
"2024-10-17","Electoral_College_(United_States)",141107.5,141430.5,323
"2024-10-18","Electoral_College_(United_States)",140291,140590,299
"2024-10-19","Electoral_College_(United_States)",130267,130556,289
"2024-10-20","Electoral_College_(United_States)",161931.5,162209.5,278
"2024-10-21","Electoral_College_(United_States)",185594,186026,432
"2024-10-22","Electoral_College_(United_States)",175353.5,175765.5,412
"2024-10-23","Electoral_College_(United_States)",175457.5,175882.5,425
"2024-10-24","Electoral_College_(United_States)",183089,183519,430
"2024-10-25","Electoral_College_(United_States)",186505.5,186969.5,464
"2024-10-26","Electoral_College_(United_States)",183020,183413,393
"2024-10-27","Electoral_College_(United_States)",211426,211853,427
"2024-10-28","Electoral_College_(United_States)",252729.5,253505.5,776
"2024-10-29","Electoral_College_(United_States)",271433,272303,870
"2024-10-30","Electoral_College_(United_States)",272179,273039,860
"2024-10-31","Electoral_College_(United_States)",266032.5,266787.5,755
"2024-11-01","Electoral_College_(United_States)",295985.5,296810.5,825
"2024-11-02","Electoral_College_(United_States)",303256.5,304100.5,844
"2024-11-03","Electoral_College_(United_States)",423978.5,425280.5,1302
"2024-11-04","Electoral_College_(United_States)",643002.5,644951.5,1949
"2024-11-05","Electoral_College_(United_States)",1335339.5,1338928.5,3589
"2024-11-06","Electoral_College_(United_States)",5630980.5,5638949.5,7969
"2024-11-07","Electoral_College_(United_States)",1952671.5,1955143.5,2472
"2024-11-08","Electoral_College_(United_States)",1095538,1096869,1331
"2024-11-09","Electoral_College_(United_States)",773056.5,774053.5,997
"2024-11-10","Electoral_College_(United_States)",691344.5,692386.5,1042
"2024-11-11","Electoral_College_(United_States)",541716.5,542418.5,702
"2024-11-12","Electoral_College_(United_States)",456242,456855,613
"2024-11-13","Electoral_College_(United_States)",398183,398721,538
"2024-11-14","Electoral_College_(United_States)",329961,330428,467
"2024-11-15","Electoral_College_(United_States)",272875.5,273254.5,379
"2024-11-16","Electoral_College_(United_States)",231941.5,232239.5,298
"2024-11-17","Electoral_College_(United_States)",226669.5,226960.5,291
"2024-11-18","Electoral_College_(United_States)",221809.5,222157.5,348
"2024-11-19","Electoral_College_(United_States)",209548.5,209865.5,317
"2024-11-20","Electoral_College_(United_States)",206041,206307,266
"2024-11-21","Electoral_College_(United_States)",187384.5,187651.5,267
"2024-11-22","Electoral_College_(United_States)",175258.5,175514.5,256
"2024-11-23","Electoral_College_(United_States)",171500.5,171719.5,219
"2024-11-24","Electoral_College_(United_States)",156805.5,157002.5,197
"2024-11-25","Electoral_College_(United_States)",155073,155286,213
"2024-11-26","Electoral_College_(United_States)",144625,144825,200
"2024-11-27","Electoral_College_(United_States)",142243,142447,204
"2024-11-28","Electoral_College_(United_States)",125866.5,126043.5,177
"2024-11-29","Electoral_College_(United_States)",118564.5,118737.5,173
"2024-11-30","Electoral_College_(United_States)",113575,113756,181
"2024-12-01","Electoral_College_(United_States)",114659.5,114872.5,213
"2024-12-02","Electoral_College_(United_States)",151166,151353,187
"2024-12-03","Electoral_College_(United_States)",131421.5,131612.5,191
"2024-12-04","Electoral_College_(United_States)",116801,116962,161
"2024-12-05","Electoral_College_(United_States)",103438.5,103605.5,167
"2024-12-06","Electoral_College_(United_States)",96935,97105,170
"2024-12-07","Electoral_College_(United_States)",90845.5,90993.5,148
"2024-12-08","Electoral_College_(United_States)",89703.5,89839.5,136
"2024-12-09","Electoral_College_(United_States)",91210,91333,123
"2024-12-10","Electoral_College_(United_States)",84283,84437,154
"2024-12-11","Electoral_College_(United_States)",81443,81592,149
"2024-12-12","Electoral_College_(United_States)",85689,85882,193
"2024-12-13","Electoral_College_(United_States)",81342,81460,118
"2024-12-14","Electoral_College_(United_States)",80138,80262,124
"2024-12-15","Electoral_College_(United_States)",76949.5,77073.5,124
"2024-12-16","Electoral_College_(United_States)",79151.5,79276.5,125
"2024-12-17","Electoral_College_(United_States)",79695,79853,158
"2024-12-18","Electoral_College_(United_States)",81767,81957,190
"2024-12-19","Electoral_College_(United_States)",75256.5,75392.5,136
"2024-12-20","Electoral_College_(United_States)",72990.5,73115.5,125
"2024-12-21","Electoral_College_(United_States)",67660,67777,117
"2024-12-22","Electoral_College_(United_States)",67042.5,67146.5,104
"2024-12-23","Electoral_College_(United_States)",69749,69850,101
"2024-12-24","Electoral_College_(United_States)",66568.5,66662.5,94
"2024-12-25","Electoral_College_(United_States)",62728,62828,100
"2024-12-26","Electoral_College_(United_States)",65607.5,65738.5,131
"2024-12-27","Electoral_College_(United_States)",66351,66476,125
"2024-12-28","Electoral_College_(United_States)",64174,64301,127
"2024-12-29","Electoral_College_(United_States)",87516,87637,121
"2024-12-30","Electoral_College_(United_States)",118753,118978,225
"2024-12-31","Electoral_College_(United_States)",82291,82454,163
