{"type":"FeatureCollection","frame":{"width":1152,"height":748.8,"y":"down"},"note":"House apportionment cartogram: drawn area proportional to 2020-census seats. Pre-projected plane coordinates; no DC (no voting seat). Solved by the cartogram-studio solver, defaults, seatKey 2020.","features":[{"type":"Feature","properties":{"st":"AK","fips":"02","name":"Alaska","seats":1,"seats_2000":1,"seats_2010":1,"seats_2020":1,"seats_2030":1,"label_x":159.9,"label_y":618.5},"geometry":{"type":"MultiPolygon","coordinates":[[[[146.5,616.7],[146.4,616.8],[146.6,617],[147,616.7],[147.2,616.8],[147.5,616.7],[147.5,616.5],[147,616.1],[146.7,615.9],[146.7,615.7],[146.6,615.4],[146.4,615.3],[146,615.4],[145.7,615.1],[145.7,614.9],[145.5,614.9],[145.2,615.4],[145.3,615.7],[145.4,615.9],[145.8,615.8],[146.2,616.1],[146.2,616.4],[146.3,616.5],[146.5,616.7]]],[[[147,621.8],[146.8,621.9],[146.8,622.3],[147.1,622.6],[147.3,622.8],[147.5,622.9],[147.7,623.1],[148,623],[148.3,623],[148.4,622.8],[148.3,622.6],[148.4,622.3],[148.3,622],[148.1,621.9],[147.8,621.9],[147.7,621.8],[147.3,622],[147,621.8]]],[[[142.9,626],[142.6,626],[142.5,626.4],[142.9,626.3],[143.1,626.1],[142.9,626]]],[[[143.2,627.2],[142.9,627.1],[142.8,627.2],[142.9,627.4],[143.1,627.5],[143.2,627.4],[143.2,627.2]]],[[[148.4,632.5],[148.2,632.7],[148.4,633.1],[148.9,633],[148.8,632.8],[148.4,632.5]]],[[[143.8,632.8],[143.7,633],[143.1,633.1],[143.2,632.9],[142.8,632.6],[142.5,632.7],[142.3,632.9],[141.9,633.1],[141.6,633.4],[141.4,633.3],[141.2,633.6],[141.2,633.7],[142,633.6],[142.2,633.7],[142.4,633.4],[142.7,633.3],[143,633.5],[143.2,633.5],[143.7,633.3],[144.1,633.4],[144.5,633.2],[144.7,633.1],[145,633],[145.1,632.8],[145.4,632.7],[145.5,632.8],[145.7,632.8],[146.2,632.9],[146.4,632.7],[146.4,632.5],[146.1,632.6],[145.8,632.4],[145.8,632.2],[145.6,632.1],[145.4,632.3],[145.3,632.2],[145,632.3],[144.9,632.5],[144.3,632.3],[144.1,632.3],[143.8,632.4],[143.8,632.8]]],[[[140.8,633.2],[140.6,633],[140.2,633.4],[140.4,633.5],[140.6,633.4],[140.9,633.5],[141,633.2],[140.9,632.9],[140.8,632.9],[140.8,633.2]]],[[[139,633.4],[139.1,633.5],[139.4,633.3],[139.3,633.2],[139,633.4]]],[[[139.5,633.6],[139.9,633.5],[140,633.4],[139.8,633.2],[139.5,633.3],[139.5,633.4],[139.5,633.6]]],[[[166.3,607.1],[165.9,607],[165.5,607],[165.2,607.2],[165.1,607.3],[164.8,607.2],[164.3,607],[163.9,606.9],[163.5,606.6],[163.3,606.6],[163.1,606.5],[162.8,606.6],[162.2,606.3],[161.8,606.4],[161.5,606.4],[161.2,606.5],[160.8,605.8],[160.6,605.7],[160.2,605.6],[159.8,605.6],[159.5,605.5],[159.3,605.2],[158.8,604.8],[158.4,604.6],[158.2,604.8],[157.8,605.3],[157.4,605.5],[157.1,605.2],[156.8,605.3],[156.5,605.4],[156,605.8],[155.7,605.9],[155.4,606],[155.1,605.9],[154.8,606.1],[154.2,606.6],[154,607],[154,607.3],[153.6,607.7],[153.2,607.9],[152.5,607.9],[152,607.7],[151.9,607.7],[151.8,608.2],[151.6,608.4],[151.4,608.4],[151.3,608.6],[151.6,608.8],[151.8,609.1],[152,609.3],[152.4,610],[152.6,610.3],[152.7,611.2],[153.1,611.5],[153.3,611.6],[152.6,612],[152.1,611.8],[151.3,611.9],[150.4,612.2],[149.7,612.5],[149.2,612.6],[149.1,612.9],[149.5,613.4],[149.7,613.5],[149.6,613.8],[149.6,614],[149.8,614.3],[149.7,614.8],[149.9,615],[150.5,615.3],[150.7,615.5],[150.9,615.5],[151.2,615.4],[151.7,615.5],[152,615.9],[152.2,616.1],[152.5,616],[152.7,615.7],[153.1,616.2],[153.3,616.2],[153.5,616.5],[153.4,616.8],[153.5,617.3],[153.1,617.6],[152.6,617.6],[152.2,617.1],[151.9,617.3],[152,617.4],[152.2,617.5],[151.9,617.8],[151.8,617.8],[151.5,618],[151.4,618],[151.2,617.7],[150.9,617.5],[150.6,617.5],[150.2,617.8],[150.1,617.9],[149.8,618.2],[149.5,618.8],[149.2,619],[148.9,619.1],[148.7,619.5],[148.6,619.5],[148.4,619.9],[148.4,620.2],[148.6,620.7],[148.7,621],[148.8,621.1],[149,621.4],[149,621.6],[148.6,621.8],[148.9,622.4],[149.1,622.5],[149.3,623],[149.2,623.2],[149.4,623.7],[149.6,623.8],[149.6,623.6],[150.2,623.6],[150.4,623.7],[150.6,623.6],[150.8,623.6],[151,623.8],[151.2,624.3],[150.8,624.7],[150.8,624.9],[150.9,625.3],[150.9,625.5],[150.8,625.6],[150.6,625.6],[150.6,625.9],[150.8,625.9],[151,626.1],[151.4,625.9],[151.4,626.2],[151.6,626.2],[151.8,626.2],[152,625.8],[152.3,625.7],[152.3,625.8],[152.6,626],[152.8,625.9],[152.9,626],[153.2,626.7],[153.3,626.8],[153.4,626.8],[153.7,626.7],[154,626.6],[154.1,626.7],[153.7,627.6],[153,629.1],[153,629.2],[152.7,629.4],[151.9,629.7],[151.4,630],[151.1,630.4],[150.5,630.3],[149.9,630.4],[149.4,630.6],[149.1,630.9],[148.6,631.1],[148.4,631.3],[147.9,631.4],[147.5,631.4],[147.1,631.5],[146.8,631.5],[146.6,631.8],[146.3,631.9],[146.3,632.1],[146.3,632.3],[146.6,632.4],[146.8,632.4],[147.2,632.2],[148.2,632.4],[148.3,632.2],[148.2,632],[148.7,631.9],[148.8,632.7],[149,632.5],[149.2,632.5],[149.3,632.4],[149.4,632.5],[149.7,632.4],[149.7,632.1],[149.9,632.1],[150.5,631.6],[150.5,632],[150.8,632.1],[151,631.9],[151.1,632.2],[151,632.4],[151,632.5],[151.4,632.5],[151.7,632.4],[151.9,632.7],[152.2,632.6],[151.9,632.2],[152,631.9],[151.7,632],[151.4,631.6],[151.5,631.5],[151.9,631.5],[152.1,631.3],[153.5,631.6],[154.1,631],[155.3,629.9],[155.4,629.3],[155.6,628.9],[155.8,628.8],[156.1,628.5],[156.4,628.5],[156.8,628.1],[156.8,627.9],[157.3,627.9],[157.6,627.8],[157.9,627.2],[158.2,627.1],[158.3,626.9],[158.6,626.7],[158.6,626.5],[158.7,626.3],[160.1,626.3],[160.5,626.1],[161,625.9],[161.7,625.6],[161.9,625.2],[162.1,625],[162.3,624.9],[163,625],[163.2,625.2],[163.4,625.2],[163.7,625.1],[163.8,624.8],[164.1,624.6],[164.7,624.3],[165,624.2],[165.4,624.4],[165.9,624.5],[166.1,624.7],[165.9,625],[166,625.2],[166.2,625.1],[166.5,624.8],[166.9,624.7],[167.6,624.5],[167.8,624.5],[168.4,624.6],[169.3,625],[169.7,625],[170.5,625.4],[171.2,625.6],[171.4,625.8],[171.7,625.9],[172,626.1],[172,626.3],[172.3,626.5],[172.9,626.8],[173,626.8],[173.2,627],[173.4,627.1],[173.4,627.5],[173.7,627.6],[174.5,628.9],[175.6,630],[176.1,630.4],[176,630.6],[176.1,630.7],[176.5,630.8],[176.6,630.5],[176.7,630.6],[176.9,630.8],[176.9,631.2],[177.2,631.6],[177.1,631.9],[177.4,632.5],[179.7,631.8],[180.2,631.7],[180.5,631.2],[180.6,630.7],[180.6,630.5],[180.4,630],[180.2,629.7],[180.3,629.5],[180.1,629.1],[179.8,629.2],[179.7,629],[179.4,628.9],[179.1,628.9],[178.5,628.7],[178.3,628.8],[178.2,628.4],[177.9,628.4],[177.9,628.1],[177.6,628.1],[177.7,627.8],[177.3,627.4],[176.9,626.9],[176.6,626.7],[176.5,626.5],[176.1,626.1],[176.2,626],[175.8,625.8],[175.7,625.6],[175.3,625.5],[175.1,625.3],[175,625],[174.7,624.9],[174.5,624.9],[174.3,624.6],[174.3,624.4],[173.9,624.1],[173.5,624.4],[173.3,624.5],[173.3,624.8],[173.1,624.8],[173.2,625.1],[173.1,625.3],[172.9,625.4],[172.5,625.9],[172.2,625.4],[171.2,624.6],[171.1,624.4],[170.8,624.2],[170.6,624.1],[170.7,623.6],[170.2,623.7],[170,624],[169.5,623.9],[169.5,624],[169.1,623.9],[168.8,621.4],[167.3,607.7],[167.1,607.6],[166.7,607.4],[166.3,607.1]]],[[[164.5,625.5],[164.4,625.8],[164.6,625.9],[164.8,625.7],[164.6,625.5],[164.5,625.5]]],[[[152,626],[152.2,626.3],[152.4,626],[152.2,625.8],[152,626]]],[[[159.7,626.6],[159.6,626.4],[159.2,626.4],[159.2,626.7],[159.7,626.6]]],[[[159.8,627.5],[159.6,627.5],[159.4,627.3],[159.3,626.9],[159.2,626.8],[158.9,627],[158.5,627.6],[158.2,627.9],[158.1,628],[157.8,628.1],[157.4,628.4],[157.3,628.5],[157,628.7],[156.7,629.1],[157,629.4],[157,629.7],[157.3,630.2],[157.1,630.3],[157,630.3],[156.7,630.4],[156.6,630.6],[156.7,630.7],[157,630.6],[157.5,630.7],[157.6,630.6],[157.7,630.3],[158.1,629.8],[158.3,629.8],[158.4,629.7],[158.6,629.6],[158.7,629.5],[158.9,629.3],[159.2,629.3],[159.2,629],[159.4,628.8],[159.4,628.5],[159.3,628.2],[159.1,628],[159.7,627.9],[159.8,627.5]]],[[[154.6,630.8],[154.7,631.2],[154.9,631.1],[154.9,630.7],[154.6,630.8]]],[[[155.6,631.6],[155.6,631.7],[155.9,631.8],[155.9,631.4],[155.8,631.4],[155.6,631.6]]],[[[151.5,632.5],[151.4,632.7],[151.4,632.8],[151.7,632.9],[151.8,632.8],[151.7,632.6],[151.5,632.5]]]]}},{"type":"Feature","properties":{"st":"AL","fips":"01","name":"Alabama","seats":7,"seats_2000":7,"seats_2010":7,"seats_2020":7,"seats_2030":7,"label_x":633.2,"label_y":516.8},"geometry":{"type":"MultiPolygon","coordinates":[[[[627.1,549.9],[627,549.9],[627,549.8],[626.9,549.8],[626.8,549.8],[626.8,549.7],[626.6,549.3],[625.4,548.3],[625.4,548.1],[625.4,548],[625.3,548],[625.5,547.2],[625.6,547.1],[625.7,546.5],[625.7,546.4],[625.7,546.2],[625.7,546.1],[625.6,546],[625.6,545.9],[625.6,545.8],[625.8,545.8],[626.5,545.7],[626.7,545.7],[627,545.7],[627.1,545.6],[627.6,545.6],[628,545.6],[628.1,545.6],[628.2,545.6],[629,545.5],[629.2,545.5],[629.5,545.5],[629.7,545.4],[629.8,545.4],[630,545.4],[630.2,545.4],[630.3,545.3],[630.4,545.3],[630.5,545.3],[630.6,545.3],[631,545.3],[631.5,545.2],[631.6,545.2],[631.9,545.2],[632.1,545.2],[632.2,545.2],[632.5,545.2],[632.8,545.1],[633,545.1],[633.2,545.1],[633.4,545.1],[633.8,545.1],[634,545],[634.3,545],[634.7,544.9],[635.3,544.9],[635.4,544.9],[635.8,544.9],[636.1,544.8],[636.4,544.8],[636.7,544.8],[636.9,544.8],[637.3,544.8],[637.5,544.7],[637.7,544.7],[637.8,544.7],[638.1,544.7],[638.2,544.6],[638.6,544.6],[638.9,544.6],[639.3,544.5],[639.4,544.5],[639.6,544.5],[639.8,544.5],[640.7,544.5],[641,544.4],[641.3,544.3],[641.9,544.3],[642,544.3],[642.5,544.2],[642.7,544.2],[642.9,544.2],[643,544.2],[643.1,544.2],[643.3,544.2],[643.6,544.2],[643.7,544.1],[644,544.1],[644.4,544.1],[644.7,544],[644.8,544],[645,544],[645.1,544],[645.2,544],[645.7,543.9],[646.1,543.9],[646.4,543.9],[646.8,543.8],[647.5,543.8],[647.8,543.7],[648,543.7],[648.4,543.6],[650.2,543.4],[650.5,543.4],[650.7,543.4],[650.8,543.4],[650.9,543.4],[651,543.4],[651.7,543.2],[652.1,543.2],[652.4,543.2],[652.8,543.1],[653.4,543.1],[653.6,543],[653.8,543],[654.1,542.9],[654.2,542.9],[654.4,542.9],[654.7,542.9],[655.1,542.8],[655.6,542.8],[655.8,542.8],[656.1,542.7],[656.4,542.7],[656.7,542.7],[657.2,542.6],[657.4,542.5],[657.6,542.5],[657.7,542.5],[657.9,542.5],[658.4,542.4],[658.9,542.4],[659.1,542.4],[659.2,542.3],[659.4,542.3],[659.7,542.2],[660.6,542.2],[661.1,542.1],[661.2,542],[661.2,541.9],[661,541.4],[661,541.3],[660.7,541],[660.7,540.9],[660.4,540.4],[660.3,540.3],[660.1,540],[660.1,539.9],[659.9,539.8],[659.9,539.7],[659.8,539.7],[659.7,539.7],[659.4,539.3],[659.4,539.2],[659.2,538.2],[659.2,538.1],[659.2,537.9],[659.2,537.8],[659.4,537],[659.4,536.9],[659.4,536.7],[659.4,536.6],[659.3,536.6],[659.3,536.5],[659.3,536.4],[659.3,536.3],[659.3,536.2],[659.3,535.6],[659.4,535.6],[659.4,534.5],[659.4,534.4],[659.5,534.2],[659.6,534],[659.6,533.9],[659.6,533.4],[659.4,533.2],[659.4,533.1],[659.4,532.9],[659.3,532.8],[659.3,532.7],[659.3,532.4],[659.3,532.3],[659.2,532.3],[659.1,532.2],[658.9,531.9],[658.9,531.8],[658.2,531.1],[658.2,531],[658.2,530.9],[658.2,530.8],[658.2,530.7],[658.2,530.6],[658.2,530.5],[658.2,530.4],[658.1,530.3],[658,530.2],[658.1,530.1],[657.9,529.9],[657.9,529.7],[657.9,529.6],[657.9,529.5],[657.9,529.3],[657.9,529.2],[657.8,528.3],[657.8,528.2],[658.4,526.5],[658.4,526.3],[658.6,525.8],[658.5,525.8],[658.4,525.2],[658.5,525.1],[658.4,525],[658.3,524.1],[658.9,523.2],[659.4,522.9],[659.4,522.8],[659.3,522.8],[659.4,522.6],[659.6,522.6],[659.7,522.5],[660,522.3],[660,522.2],[660.1,522.1],[659.9,522],[660.1,522],[660.1,521.9],[660.4,521.8],[660.4,521.7],[659.7,521.2],[659.6,521.2],[659.4,521.2],[659.3,521.1],[658.6,520.6],[658.7,520.5],[659,520],[658.9,520],[658.8,520],[658.8,519.9],[658.8,519.8],[658.9,519.8],[658.9,519.7],[658.9,519.6],[658.9,519.5],[659,519.3],[659,519.2],[658.5,518.8],[658.5,518.7],[658.5,518.6],[658.5,518.5],[658.5,518.4],[658.5,518.3],[658.4,518.2],[658.4,518.1],[658.4,518],[658.4,517.9],[658.3,517.9],[658,517.4],[657.9,517.4],[657.9,517.3],[657.8,517.3],[657.8,517.2],[657.7,517.2],[657.6,517.1],[657.5,517.1],[657.5,517],[657.4,517],[657.3,517],[657.3,516.9],[657.3,516.8],[657.2,516.7],[657.2,516.6],[657.1,516.5],[657.1,516.4],[657,516.3],[656.9,516.3],[656.9,516.2],[657,516.2],[657,516.1],[657,516],[656.8,516],[656.7,516],[656.9,515.7],[656.9,515.6],[656.8,515.4],[656.7,515.4],[656.6,515.4],[656.6,515.3],[656.5,515.3],[656.5,515.2],[656.5,515.1],[656.5,515],[656.4,515],[656.4,514.9],[656.3,514.9],[656.3,514.8],[656.3,514.7],[656.4,514.7],[656.4,514.6],[656.5,514.6],[656.4,514.4],[656.3,514.4],[656.2,514.4],[656.1,514.3],[656.1,514.2],[656,514.2],[656,514.1],[656.1,514],[656.3,513.9],[656.1,513.8],[656.1,513.7],[656,513.7],[655.9,513.6],[655.8,513.6],[655.7,513.5],[655.6,513.4],[655.6,513.3],[655.6,513.2],[655.5,513.1],[655.6,513],[655.7,512.9],[655.7,512.8],[655.7,512.7],[655.6,512.7],[655.5,512.7],[655.4,512.7],[655.3,512.6],[655.2,512.5],[655.2,512.4],[655.2,512.3],[655.1,511.9],[655.1,511.8],[654.9,511.2],[654.9,511.1],[654.7,510.5],[654.6,510.2],[654.5,509.8],[654.4,509.7],[654.4,509.4],[654.3,509.2],[654.2,509],[654.2,508.7],[654.1,508.4],[654,508],[653.9,507.7],[653.5,506.5],[653.5,506.2],[653.4,506],[653.4,505.7],[653.1,504.9],[653,504.5],[652.8,503.8],[652.8,503.6],[652.7,503.5],[652.7,503.2],[652.6,503.1],[652.5,502.9],[652.4,502.1],[652.3,501.9],[652.1,501.2],[652,500.9],[651.9,500.6],[651.9,500.5],[651.8,500.1],[651.7,499.7],[651.6,499.4],[651.4,499],[651.3,498.6],[651.3,498.3],[651.3,498.2],[651,497.3],[650.9,496.9],[650.9,496.7],[650.7,496.2],[650.5,495.5],[650.4,495.3],[650.3,494.6],[650.2,494.6],[650,493.6],[649.9,493.4],[649.7,492.7],[649.6,492.4],[649.4,491.4],[649.2,490.7],[649.1,490.4],[649,490.1],[648.9,489.9],[648.8,489.2],[648.6,488.9],[648.5,488.4],[648.4,488],[648.2,487.6],[648.2,487.3],[648.1,487],[647.9,486.5],[647.9,486.4],[647.9,486.3],[647.8,486.1],[647.8,486],[647.7,485.6],[647.6,485.4],[647.5,485.1],[647.3,484.2],[647.2,484],[647.2,483.8],[647.1,483.5],[647.1,483.4],[646.9,482.8],[646.8,482.6],[646.7,481.9],[646.5,481.7],[646.5,481.4],[646.4,481.1],[646.3,480.7],[646.2,480.4],[646.2,480.3],[646.1,479.9],[646.1,479.7],[646,479.5],[645.9,479.1],[645.8,479.1],[645.5,479.2],[645.2,479.2],[645,479.2],[644.4,479.2],[644.3,479.2],[643.8,479.3],[643.7,479.3],[643.3,479.3],[643.2,479.3],[642.7,479.4],[642.4,479.4],[642,479.5],[641.9,479.5],[641.3,479.5],[640.8,479.6],[639.9,479.7],[639.6,479.7],[639.1,479.7],[637.9,479.9],[637.5,479.9],[637,480],[635.8,480],[635.3,480.1],[635.1,480.2],[635,480.2],[634.8,480.2],[634.6,480.2],[634.3,480.2],[633.9,480.3],[633.6,480.3],[633.3,480.3],[633,480.3],[632.8,480.4],[632.3,480.4],[632,480.4],[631.9,480.4],[631.5,480.5],[631.3,480.5],[631.2,480.5],[631.1,480.5],[631,480.5],[630.6,480.6],[629.7,480.7],[629.6,480.7],[629.3,480.7],[629,480.7],[628.8,480.7],[628.5,480.7],[628.1,480.7],[627.8,480.8],[627.5,480.8],[627.3,480.9],[627.1,480.9],[627,480.9],[626.7,480.9],[626.5,480.9],[626.1,480.9],[625.6,480.9],[625.6,481],[625.4,481],[625.2,481],[624.9,481],[624.8,481],[624.6,481],[624,481],[623.8,481.1],[623.5,481.1],[623.4,481.1],[623.3,481.1],[623.2,481.1],[623,481.1],[622.8,481.1],[622.6,481.1],[622.4,481.1],[622.2,481.2],[622.1,481.2],[621.2,481.3],[620.9,481.3],[620.5,481.3],[620.1,481.3],[619.8,481.4],[619.5,481.4],[619.4,481.4],[619.3,481.4],[618.7,481.5],[618.6,481.5],[618.4,481.5],[618.3,481.5],[618.1,481.5],[617.9,481.6],[617.8,481.6],[617.6,481.6],[617.3,481.6],[617.1,481.6],[616.6,481.6],[616.2,481.7],[615.7,481.7],[615.6,481.7],[615,481.8],[614.8,481.8],[614.6,481.8],[614.2,481.8],[614,481.8],[613.6,481.8],[613.1,481.9],[612.6,482],[612.4,482],[612.2,482],[612,482.1],[612.1,482.3],[612.7,483.1],[612.7,483.2],[613.5,483.7],[613.5,484.7],[613.5,485.1],[613.5,485.6],[613.5,485.8],[613.5,485.9],[613.5,486.1],[613.5,486.8],[613.5,487],[613.4,487.5],[613.4,487.7],[613.4,487.9],[613.4,488.2],[613.4,488.5],[613.4,488.7],[613.4,489],[613.4,489.1],[613.4,489.4],[613.4,490.1],[613.4,490.3],[613.3,490.6],[613.3,490.7],[613.3,490.8],[613.3,491.1],[613.3,491.4],[613.3,492],[613.3,492.7],[613.3,493],[613.3,493.3],[613.3,493.5],[613.2,493.9],[613.2,494.1],[613.2,494.2],[613.2,495],[613.2,495.4],[613.2,496.7],[613.2,497.2],[613.2,497.6],[613.2,497.9],[613.2,498.4],[613.2,498.6],[613.1,499.1],[613.1,500],[613.1,500.1],[613.1,500.3],[613.1,500.4],[613.1,500.7],[613.1,501.3],[613.1,501.5],[613.1,502],[613.1,502.3],[613,503.8],[613,504.2],[613,504.4],[613,504.7],[613,505.3],[613,505.7],[613,505.8],[613,506.1],[612.9,506.4],[612.9,506.6],[612.9,506.8],[612.9,507],[612.9,507.3],[612.9,507.8],[612.9,508],[612.9,508.3],[612.9,508.7],[612.9,508.8],[612.9,509.3],[612.9,509.6],[612.9,509.8],[612.9,510],[612.9,510.3],[612.9,510.5],[612.9,510.6],[612.9,510.9],[612.9,511.5],[612.9,512.2],[612.8,513.7],[612.8,514.5],[612.8,515.2],[612.8,515.9],[612.8,517.2],[612.8,517.7],[612.8,518.5],[612.8,518.6],[612.8,518.9],[612.7,519.3],[612.7,519.4],[612.7,520.1],[612.7,520.6],[612.7,520.9],[612.7,521.3],[612.7,522.6],[612.7,522.9],[612.7,524.1],[612.7,524.5],[612.7,524.7],[612.7,524.8],[612.6,525.2],[612.6,525.6],[612.6,526.2],[612.6,526.6],[612.6,526.7],[612.6,526.9],[612.6,527.3],[612.5,527.8],[612.5,528],[612.5,528.6],[612.5,529.6],[612.5,529.9],[612.5,530.2],[612.5,530.9],[612.5,531.7],[612.5,531.8],[612.4,532.1],[612.4,532.4],[612.5,532.6],[612.5,533.4],[612.7,534.1],[612.8,535.4],[612.8,535.5],[612.8,535.7],[612.9,536],[612.9,536.3],[612.9,536.7],[612.9,536.8],[613.1,537.3],[613.1,537.6],[613.1,538],[613.2,538.6],[613.2,538.7],[613.2,539],[613.5,540.8],[613.5,541.4],[613.6,542.2],[613.7,542.6],[613.7,542.8],[613.8,543.4],[613.9,543.9],[613.9,544],[613.9,544.5],[614,544.7],[614,545],[614.1,545.3],[614.1,545.5],[614.1,545.6],[614.1,545.9],[614.2,546.5],[614.2,546.8],[614.3,547.3],[614.4,548.1],[614.5,548.7],[614.5,548.9],[614.5,549],[614.6,550],[614.6,550.1],[614.7,550.5],[614.8,550.8],[614.8,551],[614.8,551.1],[614.8,551.4],[614.8,551.5],[614.9,552.2],[614.9,552.5],[615,552.6],[615,552.7],[615,552.9],[615,553.3],[615,553.4],[615,553.7],[615.1,553.8],[615.1,553.9],[615.1,554],[615.1,554.2],[615.2,554.5],[615.2,554.7],[615.2,555.1],[615.3,555.4],[615.4,556.5],[615.5,556.8],[615.5,556.9],[615.5,557.1],[615.5,557.3],[615.7,558.7],[615.7,559.3],[615.8,559.8],[615.9,560.2],[616.3,559.6],[616.9,559.8],[618.9,559.2],[620.2,560],[621.1,559.5],[623.9,559.2],[626,558.7],[627.8,558],[628,557],[628.6,556.8],[628,556.7],[627.9,556.7],[627.8,556.7],[627.8,556.6],[627.9,556.4],[628,556.3],[628.3,556.3],[628.4,556.3],[628.6,555.6],[628.7,555.4],[628.7,555.3],[628.7,555.2],[629.4,554.8],[629.4,554.7],[629.5,554.3],[629.4,554.3],[629.3,554.3],[628.6,553.9],[628.6,553.8],[628.6,553.6],[628.5,553.5],[628.4,553.5],[628.4,553.4],[628.4,553.3],[628.3,553.3],[628.4,553.2],[628.8,552.4],[629,551.8],[629,551.7],[629,551.6],[628.9,551.5],[629,551.5],[629,551.4],[628.7,550.7],[627.4,550.1],[627.3,550.1],[627.3,550],[627.2,550],[627.1,550],[627.1,549.9]]]]}},{"type":"Feature","properties":{"st":"AR","fips":"05","name":"Arkansas","seats":4,"seats_2000":4,"seats_2010":4,"seats_2020":4,"seats_2030":4,"label_x":526.8,"label_y":497.8},"geometry":{"type":"MultiPolygon","coordinates":[[[[507.1,513.5],[507.2,513.6],[507.2,513.7],[507.3,513.8],[507.2,513.9],[507.1,513.9],[507.1,514],[507.2,514],[507.3,514],[507.3,514.1],[507.4,514.1],[507.6,514.2],[507.7,514.3],[507.7,514.4],[507.8,514.4],[507.9,514.3],[508,514.2],[507.8,514.5],[508,514.6],[508,514.7],[508.1,514.7],[508.2,514.7],[508.3,514.7],[508.3,514.6],[508.4,514.6],[508.3,514.5],[508.4,514.4],[508.5,514.5],[508.6,514.6],[508.7,514.6],[508.8,514.6],[508.8,514.5],[508.8,514.4],[508.8,514.3],[508.9,514.2],[509,514.2],[509,514.4],[508.9,514.4],[508.9,514.5],[509,514.5],[509.1,514.5],[509.1,514.4],[509.1,514.3],[509.2,514.2],[509.3,514.1],[509.3,514.4],[509.3,514.5],[509.5,514.5],[509.6,514.5],[509.7,514.4],[509.8,514.3],[509.7,514.3],[509.7,514.2],[509.8,514.2],[509.9,514.1],[510,514],[510,514.1],[510.2,514.1],[510.4,514.2],[510.5,514.4],[510.5,514.5],[510.8,514.3],[510.9,514.2],[511,514.2],[511.1,514.2],[511.2,514.3],[511.4,514.5],[511.4,514.7],[511.4,514.9],[511.4,515.2],[511.4,515.4],[511.4,515.5],[511.4,515.6],[511.4,515.7],[511.4,515.9],[511.4,516],[511.4,516.1],[511.4,516.2],[511.4,516.5],[511.5,516.7],[511.5,517],[511.5,517.5],[511.5,517.7],[511.5,517.9],[511.5,518.8],[511.5,519.4],[511.5,519.5],[511.5,519.8],[511.5,519.9],[511.5,520.1],[511.5,520.5],[511.6,521],[511.7,521],[512,521],[512,520.9],[512.3,520.9],[512.5,520.9],[513,520.9],[513.4,520.9],[513.8,520.9],[514,520.9],[514.3,520.9],[514.8,520.9],[515.2,520.9],[516.4,520.9],[516.6,520.9],[516.8,520.9],[517.1,520.9],[517.3,520.9],[517.4,520.9],[517.5,520.9],[517.6,520.9],[517.8,520.9],[518.1,520.8],[518.4,520.8],[518.6,520.8],[518.8,520.8],[519.1,520.8],[519.6,520.8],[519.8,520.8],[519.9,520.8],[520.4,520.8],[520.5,520.8],[521.5,520.7],[521.7,520.7],[521.9,520.7],[522,520.7],[522.1,520.7],[522.6,520.7],[522.7,520.7],[523,520.7],[523.1,520.7],[523.3,520.7],[523.5,520.7],[523.7,520.7],[524,520.7],[524.3,520.7],[524.7,520.7],[524.8,520.7],[524.9,520.7],[525.1,520.7],[525.5,520.6],[525.8,520.6],[526,520.6],[526.6,520.6],[526.8,520.6],[527,520.6],[527.1,520.6],[527.4,520.6],[527.6,520.6],[527.8,520.6],[528.3,520.6],[528.7,520.6],[528.8,520.6],[529,520.5],[529.4,520.5],[529.9,520.5],[530.5,520.5],[531,520.5],[531.4,520.5],[531.9,520.5],[532.3,520.5],[532.6,520.5],[532.8,520.5],[533,520.4],[533.2,520.4],[533.4,520.4],[534.4,520.4],[534.6,520.4],[534.7,520.4],[535,520.4],[535.4,520.3],[535.9,520.3],[537,520.2],[537.2,520.2],[537.4,520.2],[537.5,520.2],[537.8,520.2],[538.1,520.2],[538.3,520.2],[538.6,520.2],[538.8,520.2],[538.9,520.2],[539,520.2],[539.4,520.2],[539.5,520.2],[539.8,520.2],[540,520.2],[540.4,520.1],[540.5,520.1],[540.5,520],[540.9,519.7],[540.9,519.6],[540.8,519.3],[540.7,519.2],[540.6,519.1],[540.1,518.6],[540.2,518.5],[540.5,518.4],[540.6,518.5],[540.6,518.6],[541,518.6],[541.1,518.6],[541.4,517.3],[541.4,517.2],[541.2,516.7],[541.2,516.8],[541.1,516.9],[541.1,517],[541.1,517.3],[540.9,517.2],[540.9,517.1],[540.9,517],[540.8,517],[540.7,516.9],[540.7,516.8],[540.6,516.2],[540.6,516.1],[540.6,515.9],[540.7,515.8],[540.9,515.5],[541,515.4],[541.1,515.2],[541.2,515.2],[541.3,515.1],[541.4,514.9],[541.3,514.8],[541.3,514.7],[541.2,514.6],[541.1,514.7],[541,515.2],[540.9,515.2],[540.7,515.5],[540,515.5],[540,515.4],[540.1,515.1],[540.2,515.1],[540.3,515.1],[540.4,515],[540.5,515],[540.6,514.9],[540.7,514.8],[540.7,514.7],[540.7,514.5],[540.2,514.1],[540.2,514.2],[540.1,514.2],[540.2,514.6],[540.2,514.7],[539.6,514.9],[539.6,514.8],[540,514.1],[539.7,513.8],[539.5,513.4],[540,513.3],[540.5,512.7],[540.5,512.6],[539.7,512.3],[539.5,511.8],[540.2,511.6],[540.3,511.8],[540.4,511.9],[540.4,512],[540.5,512],[540.7,512.1],[540.8,512.1],[540.8,512.2],[540.9,512.2],[541,512.2],[541.1,512.1],[541.2,512],[541.3,512],[541.4,512],[541.4,511.9],[541.4,511.8],[541.4,511.7],[541.4,511.6],[541.3,511.6],[540.5,511.6],[540.4,511.5],[540.4,511.4],[540.3,511.4],[540.3,511.2],[540.3,511.1],[540.6,510.8],[541.8,510.6],[541.5,510.3],[541.4,510.3],[541,509.9],[541,509.5],[541.1,509.4],[541.5,508.9],[541.5,508.8],[540.9,508.6],[540.8,508.6],[540.7,508.1],[541.4,508],[541.88,508.16],[541.8,508],[541.8,507.9],[541.7,507.9],[541.7,507.8],[542.6,507.6],[542.7,507.2],[542.8,507],[542.8,506.9],[542.8,506.8],[542.7,506.8],[542.7,506.7],[542.6,506.7],[542,506.6],[541.9,506.5],[542.4,505.9],[542.5,505.9],[542.7,506.1],[543.3,506],[543.4,505.9],[543.4,505.8],[543.3,505.7],[542.8,505.7],[542.7,505.7],[542.2,505.4],[542.1,505.3],[542,505.1],[542.6,505.3],[542.7,505.3],[542.8,505.3],[542.9,505.3],[542.9,505.4],[543,504.8],[543,504.5],[543.5,504.5],[543.5,504.6],[544,504.1],[543.6,503.7],[543.6,503.5],[543.9,503.4],[544,503.5],[544.2,503.5],[544.4,503.7],[544.4,503.8],[544.7,504],[544.7,503.9],[544.7,503.7],[544.6,503.6],[544.7,503.1],[545.4,502.8],[545.5,502.5],[545.4,502.4],[545.4,501.5],[545.4,501.4],[545.5,501.4],[545.7,501],[545.2,500],[545.2,499.9],[545.4,499.3],[545.5,499.3],[545.5,499.9],[545.9,500.1],[546.4,499.6],[546.4,499.5],[546.4,499.4],[546.4,499.2],[546.1,499.2],[545.9,499.3],[545.8,499.3],[545.7,499.3],[545.6,499.2],[545.4,499.1],[545.4,498.9],[545.4,498.8],[545.7,498],[545.8,498],[545.9,498],[545.9,498.1],[546,498.6],[545.9,498.6],[545.8,498.8],[546.5,498.7],[546.4,498.4],[546.3,498.2],[546.4,497.7],[546.3,497.6],[546.6,497.1],[546.6,497.2],[546.5,497.3],[546.5,497.4],[546.4,497.5],[546.5,497.6],[547.6,497.3],[547.7,497.4],[547.8,497.4],[547.8,497.3],[547.9,497.2],[547.8,497.1],[548.4,496.5],[548.1,496],[548,495.9],[547.7,495.6],[547.7,495.5],[547.7,495.3],[547.7,495.2],[547.8,495.1],[547.8,495],[547.9,494.9],[548.2,495],[548.3,495],[548.4,495],[548.5,495.1],[548.6,495.1],[548.7,495.1],[548.8,494.9],[548.9,494.8],[548.9,494.7],[548.9,494.5],[548.9,494.4],[548.9,494.2],[548.9,494],[549,493.9],[549.7,493.9],[549.8,493.9],[549.9,493.8],[550,493.7],[550,493.5],[550,493.4],[549.9,493.4],[549.6,493.3],[549.6,493.2],[549.4,493],[549.5,492.9],[549.7,492.8],[549.8,492.8],[549.8,492.7],[549.5,492.3],[549.3,492.3],[549.2,492.3],[549.1,492.3],[549,492.2],[548.9,492.2],[548.9,492.1],[548.9,492],[548.9,491.7],[549,491.7],[549.4,491.7],[549.6,490.7],[548.7,490.7],[548.8,490.4],[549.1,490],[549.4,489.6],[549.5,489.5],[549.7,489.6],[549.7,489.7],[549.7,490.2],[549.8,490.3],[549.9,490.6],[550,490.6],[550.4,490.1],[550.3,489.6],[550.2,489.6],[550.1,489.5],[549.9,489.3],[550,488.6],[550,488.5],[550.3,488.5],[550.7,488.8],[550.7,488.9],[550.9,489],[551,489],[551.2,488.7],[550.7,488.3],[550.7,488.2],[550.9,487.8],[551.1,487.8],[551.7,487.4],[551.7,487.3],[551,487.2],[550.7,487],[550.7,486.9],[550.6,486.6],[550.6,486.5],[550.7,486.3],[550.7,486.2],[550.8,486.2],[550.9,486.1],[551,486.1],[551.7,486.2],[552.1,485.7],[552.1,485.6],[552.4,485.3],[552.5,485.3],[552.7,485.3],[553.1,485.1],[552.3,484.7],[552.3,484.3],[552.5,484.2],[553.2,484.4],[553.5,484.1],[553.5,484],[552.8,483.5],[552.5,483],[551.5,483.1],[551.2,483.1],[550.9,483.1],[550.5,483.1],[550.3,483.2],[550,483.2],[549.3,483.2],[548.9,483.2],[548.6,483.3],[548.5,483.3],[548.4,483.3],[548.1,483.3],[547.6,483.3],[547.1,483.4],[546.9,483.4],[546.7,483.4],[546.4,483.4],[546.4,483.3],[546.5,483.2],[546.5,483.1],[546.5,483],[546.6,482.9],[546.6,482.8],[546.7,482.8],[546.7,482.7],[546.7,482.6],[546.7,482.5],[546.8,482.5],[546.8,482.4],[546.8,482.3],[546.8,482.2],[546.9,482.2],[547,482.2],[547,482.1],[547,482],[547.5,481.8],[547.5,481.7],[547.5,481.6],[547.6,481.6],[547.6,481.5],[547.6,481.4],[547.7,481.1],[547.8,481],[547.9,481],[547.9,480.9],[547.9,480.8],[548,480.8],[548.1,480.8],[548.1,480.7],[548.2,480.7],[548.6,480.1],[548.6,480],[548.7,480],[548.8,480],[548.8,479.9],[548.9,479.9],[549,479.7],[549.1,479.7],[549.1,479.6],[549.1,479.5],[549.1,479.4],[548.9,479.3],[548.9,479.2],[549,479.2],[549,479.1],[548.9,479.1],[548.9,479],[549,479],[549,478.9],[549.1,478.9],[549.1,478.8],[549,478.8],[549.1,478.7],[549.1,478.6],[549.1,478.5],[549,478.5],[548.9,478.4],[548.7,478.3],[548.6,478.3],[548.5,478.3],[548.5,478.2],[548.4,478.2],[548.3,478.2],[548.3,478.1],[548.3,478],[548.3,477.9],[548.3,477.8],[548.3,477.7],[548.2,477.7],[548.2,477.6],[548.1,477.6],[548.2,477.5],[548.1,477.5],[548.1,477.4],[548.1,477.3],[548.1,477.2],[547.8,477.2],[547.7,477.2],[547.5,477.2],[547,477.3],[546.9,477.3],[546.6,477.3],[546.5,477.3],[546,477.3],[545.4,477.4],[545.3,477.4],[545.1,477.4],[544.7,477.4],[544.6,477.4],[544.4,477.4],[543.9,477.5],[543.7,477.5],[543.4,477.5],[542.9,477.5],[542.6,477.5],[542.1,477.5],[541.9,477.5],[541.8,477.5],[541.5,477.6],[541.2,477.6],[541.1,477.6],[540.7,477.6],[540.5,477.6],[540.2,477.6],[539.5,477.7],[539.3,477.7],[539,477.7],[538.7,477.7],[538.6,477.7],[538.3,477.8],[538.2,477.8],[537.9,477.8],[537.7,477.8],[537.4,477.8],[537.2,477.8],[537,477.8],[536.8,477.9],[536.7,477.9],[536.3,477.9],[535.8,477.9],[535.6,477.9],[535.3,477.9],[534.8,477.9],[534.2,477.9],[534,477.9],[533.2,478],[532.6,478],[532.5,478],[532.2,478],[532.1,478],[531.9,478],[531.1,478.1],[531,478.1],[530.8,478.1],[530.5,478.1],[530.2,478.1],[530.1,478.1],[529.8,478.2],[529.6,478.2],[529.2,478.2],[529,478.2],[528.7,478.2],[528.4,478.2],[527.9,478.2],[527.8,478.2],[527.6,478.2],[527.4,478.2],[527,478.2],[526.9,478.3],[526.7,478.3],[526.6,478.3],[526.2,478.3],[525.8,478.3],[525.7,478.3],[525.5,478.3],[525.4,478.3],[525.1,478.3],[524.6,478.3],[524.4,478.3],[524.2,478.4],[523.7,478.4],[523.6,478.4],[523.4,478.4],[523.3,478.4],[523.1,478.4],[523,478.4],[522.9,478.4],[522.8,478.4],[522.6,478.4],[522.5,478.4],[522.3,478.4],[522,478.4],[521.6,478.5],[521.1,478.5],[521,478.5],[520.8,478.5],[520.7,478.5],[520.6,478.5],[520.5,478.5],[520.1,478.5],[519.8,478.5],[519.4,478.5],[519,478.5],[518.9,478.6],[518.7,478.6],[518.2,478.6],[517.9,478.6],[517.7,478.6],[517.5,478.6],[517.2,478.6],[516.9,478.6],[516.5,478.6],[516.4,478.6],[516,478.6],[515.8,478.6],[515.1,478.6],[514.8,478.6],[514.5,478.6],[513.9,478.6],[513.5,478.6],[513.5,478.7],[513.4,478.7],[513.3,478.7],[513,478.7],[512.7,478.7],[512.3,478.7],[511.8,478.7],[511.7,478.7],[511.6,478.7],[511.4,478.7],[510.9,478.7],[510.4,478.7],[510.2,478.7],[510,478.7],[509.9,478.7],[509.6,478.8],[509.3,478.8],[508.6,478.8],[508.5,478.8],[508.4,478.8],[508.2,478.8],[508.1,478.8],[507.9,478.8],[507.7,478.8],[507.6,478.8],[507.3,478.8],[507.1,478.8],[506.5,478.8],[506.3,478.8],[505.9,478.8],[505.7,478.8],[505.3,478.8],[505.1,478.8],[505.2,479.8],[505.3,480],[505.4,480.7],[505.4,480.8],[505.5,481.2],[505.5,481.5],[505.6,482.2],[505.6,482.5],[505.7,482.5],[505.7,482.6],[505.7,482.7],[505.7,482.8],[505.7,483.1],[505.8,483.2],[505.8,483.3],[505.8,483.5],[505.8,483.6],[505.9,483.9],[506,484.7],[506,484.9],[506,485],[506.1,485.6],[506.2,485.8],[506.2,486],[506.3,486.5],[506.3,486.8],[506.3,486.9],[506.4,487.1],[506.4,487.3],[506.4,487.6],[506.5,487.8],[506.6,488.3],[506.6,488.5],[506.7,489.2],[506.7,489.4],[506.7,489.6],[506.8,489.8],[506.8,490],[506.9,490.6],[506.9,490.8],[507,490.9],[507,491],[507,491.5],[507,491.6],[507,491.7],[507.1,492.1],[507.1,492.3],[507.1,492.4],[507.1,492.5],[507.1,492.6],[507.1,492.9],[507.1,493],[507.1,493.3],[507.1,493.4],[507.1,493.5],[507.1,493.7],[507.1,493.9],[507.1,494],[507.1,494.2],[507.1,494.3],[507.1,494.8],[507.1,494.9],[507.1,495],[507.1,495.3],[507.1,495.5],[507.1,495.6],[507.1,496],[507.1,496.5],[507.1,497.3],[507.1,497.8],[507.1,498],[507.1,498.3],[507.1,498.4],[507.1,498.5],[507.1,499.1],[507,499.9],[507,500.2],[507,500.3],[507,500.6],[507,500.8],[507,500.9],[507,501],[507,501.3],[507,501.4],[507,501.9],[507,502],[507,502.5],[507,503],[507,503.1],[507,503.5],[507,503.8],[507,503.9],[507,504.1],[507,504.5],[507,504.9],[507,505.1],[507,505.4],[507,505.7],[507,506.1],[507,506.3],[507,506.6],[507,506.7],[507,507.1],[507,507.2],[507,507.6],[507,508.8],[507,508.9],[507,509.2],[507,509.7],[507,509.9],[507,510.1],[507,510.5],[507,511],[507,511.2],[507,511.3],[507,511.7],[507,512],[507,512.2],[507,512.3],[507,512.6],[507,512.7],[507,513.3],[507,513.5],[507.1,513.5]],[[507.2,513.5],[507.3,513.6],[507.2,513.6],[507.2,513.5]]],[[[541.9,508.2],[542,508.2],[541.88,508.16],[541.9,508.2]]]]}},{"type":"Feature","properties":{"st":"AZ","fips":"04","name":"Arizona","seats":9,"seats_2000":8,"seats_2010":9,"seats_2020":9,"seats_2030":10,"label_x":302.6,"label_y":486.4},"geometry":{"type":"MultiPolygon","coordinates":[[[[276.1,458.9],[276.2,459],[276.2,459.5],[276.1,459.5],[276,459.5],[276,459.6],[275.9,460],[276.1,460.9],[276.2,461],[276.2,461.1],[276.4,461.4],[276,461.9],[275.6,463.3],[275.8,463.8],[275.7,463.9],[275.8,464.8],[275.8,464.9],[275.7,465.6],[275.4,465.9],[275.4,466],[275.4,466.5],[275.4,466.6],[275.6,467.1],[275.7,467.3],[275.7,467.5],[275.7,467.6],[275.7,468.7],[275.7,468.9],[275.7,469.8],[275.7,470.1],[275.5,470.5],[275.5,470.6],[275.4,470.7],[275.3,470.7],[275.2,470.7],[275,470.7],[274.9,470.7],[274.8,470.8],[274.7,470.9],[274.8,471],[275,471.2],[275.1,471.3],[275.1,471.4],[274.8,471.6],[274.7,471.8],[274.6,472],[274.6,472.1],[274.6,472.2],[274.6,472.3],[274.6,472.4],[274.5,473.1],[274.4,473.1],[274.4,473.2],[274.4,473.3],[274.4,473.4],[274.3,473.6],[274.3,473.7],[274.4,473.9],[274.5,474],[274.6,474.2],[274.7,474.5],[274.7,474.7],[274.7,474.8],[274.8,474.9],[274.8,475.1],[275.4,475.8],[275.4,475.9],[275.6,477.1],[275.8,477.9],[275.9,478.2],[276,478.4],[276,478.5],[275.9,478.7],[275.9,478.8],[275.8,479],[275.8,479.1],[276.2,479.5],[276.3,479.6],[277.4,480.8],[277.5,480.9],[277.9,481.6],[277.8,481.7],[277.8,482.1],[277.3,482.3],[277.1,482.4],[276.7,482.9],[276.2,482.9],[276.1,482.9],[275.9,483.1],[275.8,483.1],[275.6,483.3],[275.5,483.3],[275,483.4],[274.9,483.5],[274.8,483.4],[274.7,483.4],[274.5,483.5],[274.5,483.6],[274.4,483.7],[274.4,483.8],[273.9,484.7],[273.9,484.8],[273.6,485],[273.5,485.1],[273,485.4],[273,485.5],[273,486.3],[272.9,486.3],[272.8,486.4],[272.9,487.5],[272.9,487.6],[272.8,487.8],[272.7,487.8],[272.7,487.9],[272.7,488.4],[272.4,488.5],[272.3,488.9],[272.4,489],[272.3,489.1],[272.2,489.4],[272.1,489.5],[272.1,489.7],[272.1,489.8],[272.1,489.9],[272.2,489.9],[271.3,490.6],[271.3,490.7],[270.9,491.1],[270.9,491.3],[270.8,491.4],[270.7,491.4],[270.5,491.5],[270.5,491.4],[270.4,491.4],[270.2,491.3],[270.1,491.4],[270,491.4],[269.9,491.4],[269.8,491.4],[269.8,491.5],[269.8,491.6],[269.9,491.6],[269.9,491.7],[269.9,491.8],[269.8,492.5],[269.7,492.5],[270,493.2],[269.7,494.5],[269.2,495.2],[269.4,495.7],[270,496.3],[270.2,496.3],[270.3,496.3],[270.4,496.2],[271,496.4],[271,496.5],[271.1,496.6],[271.1,496.7],[271.3,497.2],[271.4,497.2],[271.4,497.3],[271.4,497.4],[271.2,498.1],[271.2,498.3],[271.2,498.4],[270.8,498.9],[270.8,499],[270.7,499],[270.6,499],[270.5,499],[270.3,499.7],[270.2,499.7],[270.1,499.7],[269.8,499.8],[269.6,499.8],[269.6,499.9],[269.3,499.8],[269.3,499.9],[269.2,499.9],[268.9,499.7],[268.7,499.7],[268.6,499.7],[268.2,499.8],[267.1,501.2],[266.7,502.3],[282.5,511.8],[295.7,519.4],[302.7,523.5],[309.1,524.4],[319.2,525.9],[323.8,526.6],[324.1,524.7],[324.1,524.4],[324.1,524.2],[324.2,523.8],[324.3,523.2],[324.3,522.9],[324.5,521.8],[324.6,521],[324.6,520.7],[324.7,520.4],[324.8,519.4],[324.8,519.1],[324.9,518.5],[325,518.2],[325.3,516],[325.5,514.7],[325.6,513.8],[325.7,513.3],[325.7,513],[325.9,511.7],[326,511],[326.1,510.5],[326.1,510.1],[326.1,510],[326.2,510],[326.2,509.8],[326.3,509],[326.3,508.5],[326.4,508.1],[326.5,507.2],[326.6,506.6],[326.9,504.6],[326.9,504.3],[327,504.1],[327.1,503.2],[327.2,502.5],[327.4,501.1],[327.8,497.9],[327.9,497.3],[328,496.6],[328.1,496],[328.1,495.5],[328.2,495.2],[328.2,494.8],[328.3,494.6],[328.3,494.1],[328.5,493],[328.6,492.4],[328.6,491.9],[328.7,491.7],[328.8,490.3],[328.9,489.8],[329,489.2],[329.1,488.8],[329.2,487.9],[329.3,487.2],[329.3,486.7],[329.4,486.5],[329.6,485.4],[329.6,484.8],[329.7,484.6],[329.7,484.2],[329.8,483.8],[329.8,483.6],[329.9,483],[329.9,482.8],[330.1,481.2],[330.2,480.6],[330.3,480],[330.4,479.3],[330.4,479.1],[330.5,478.9],[330.5,478.5],[330.6,478],[330.7,477],[330.7,476.8],[330.7,476.6],[330.9,475.9],[330.9,475.8],[331,474.6],[331.1,474.2],[331.2,473.6],[331.2,473.4],[331.2,473.3],[331.3,472.7],[331.3,472.5],[331.3,472.4],[331.4,472.2],[331.4,472],[331.4,471.8],[331.5,471.6],[331.5,471.3],[331.6,470.3],[331.7,470],[331.7,469.5],[331.8,469],[331.9,468.3],[331.9,468.1],[332,467.4],[332.1,467.1],[332.1,466.8],[332.2,466.5],[332.2,466.3],[332.2,466],[332.3,465.3],[332.4,465.1],[332.4,465],[332.4,464.7],[332.5,463.9],[332.6,463.5],[332.7,462.6],[332.8,462.4],[332.8,461.9],[332.8,461.7],[332.8,461.6],[332.9,460.9],[333.1,459.6],[333.2,458.8],[333.2,458.6],[333.3,458.4],[333.3,458.3],[333.4,457.7],[333.4,457.3],[333.5,456.9],[333.5,456.8],[333.2,456.8],[332.7,456.7],[332.2,456.6],[331.9,456.6],[331.5,456.5],[331.3,456.5],[330.1,456.4],[329.9,456.3],[329.3,456.2],[328.4,456.1],[328.2,456.1],[328,456],[327.1,455.9],[326.7,455.9],[326.5,455.9],[326.2,455.8],[325.5,455.7],[324.5,455.5],[323.7,455.4],[323.4,455.4],[322.8,455.3],[322.5,455.2],[322,455.2],[321.6,455.1],[321.3,455],[320.9,455],[320.5,455],[319.7,454.8],[319.5,454.7],[318.6,454.6],[318.2,454.5],[316.6,454.3],[316.4,454.2],[316,454.2],[315.6,454.1],[315,454],[314.6,454],[314,453.9],[313.8,453.8],[313.6,453.8],[313.2,453.7],[313.1,453.7],[312.7,453.7],[312.3,453.6],[312.1,453.6],[311.8,453.5],[311.6,453.5],[311.5,453.5],[311.1,453.4],[311,453.4],[310.7,453.3],[310.6,453.3],[310.5,453.3],[310.2,453.3],[309.7,453.2],[309.2,453.1],[309,453.1],[308.8,453],[308.4,453],[307.9,452.9],[304.5,452.3],[303.7,452.2],[303.2,452.1],[302.7,452],[302.5,452],[301.9,451.9],[301,451.7],[300.5,451.6],[300.1,451.5],[299.7,451.5],[299.6,451.5],[299.1,451.4],[299,451.4],[298.8,451.3],[297.4,451.1],[296.9,451],[296.6,450.9],[296.4,450.9],[296.1,450.9],[295.5,450.7],[295.4,450.7],[295.2,450.7],[294.3,450.5],[294,450.5],[293.2,450.3],[292.6,450.2],[289.2,449.6],[287.1,449.2],[286.2,449],[285.5,448.9],[285.1,448.8],[284.6,450.9],[284.6,451],[284.6,451.3],[284.5,451.9],[284.5,452],[284.2,453.3],[284.1,454.1],[284,454.7],[283.7,456.4],[283.6,456.7],[283.6,456.8],[283.5,457.2],[283.3,458.1],[283.3,458.5],[281.9,460.5],[281.7,460.5],[281.6,460.5],[280.9,460.5],[279.9,458.7],[279.5,458.6],[278.6,458.6],[278,458.2],[277.1,458.4],[277,458.5],[276.3,458.5],[276.1,458.9]]]]}},{"type":"Feature","properties":{"st":"CA","fips":"06","name":"California","seats":52,"seats_2000":53,"seats_2010":53,"seats_2020":52,"seats_2030":48,"label_x":175.5,"label_y":359.5},"geometry":{"type":"MultiPolygon","coordinates":[[[[111.9,327.7],[112,328.8],[113.1,330],[114.2,329.7],[114.7,328],[113,325.4],[112.2,324.9],[110.8,325.7],[111.2,327.4],[111.9,327.7]]],[[[132.6,222.1],[130.8,221.6],[129.7,221.3],[129.3,221.2],[129.1,221.1],[128.9,221],[128.4,220.8],[128,220.8],[127.7,220.7],[127.6,220.7],[127,220.5],[126.6,220.3],[125,219.9],[124.5,219.7],[124.2,219.6],[123.5,219.4],[122.6,219],[122.5,219],[122.4,219],[121.6,218.8],[120.3,218.3],[120.7,219.6],[120,221.9],[118.8,220.8],[117.9,220.7],[117,221.9],[117.3,223.1],[118.3,224.6],[120,226.5],[119.7,229.2],[119.9,230.1],[119.7,232.1],[119.1,234.1],[118.3,233.6],[117.2,234],[117,235.1],[118,236.2],[116.7,238.5],[115.6,238.9],[115.1,240.4],[115.5,242.9],[113.7,245.8],[109.8,249.9],[107.3,252.7],[106,255.2],[106.5,256.8],[105.8,259.1],[106,260.7],[108,264.4],[109.2,265.5],[109,266.9],[109.9,268.2],[111.3,272.7],[111.7,273.2],[111.4,275.4],[111.7,276.4],[111.2,278.8],[111.3,279.6],[109.7,281.6],[108.7,284.4],[108.6,288.3],[108.9,292.1],[108.7,292.9],[107.5,293.8],[107.5,295.5],[108.2,297.5],[110,301],[111,302.2],[112.5,307.1],[114.6,309.5],[115.5,312.3],[115.2,313.5],[116.1,315.8],[116.4,317.6],[113.9,321.2],[114.8,322.6],[116.1,322.9],[117.5,322.5],[118,324.1],[119.2,326.1],[120.6,326.7],[121.5,327.8],[121.8,328.6],[121.5,330.7],[121.3,331.7],[120.5,333.3],[120.1,335.7],[120.9,337.4],[121,340.1],[120.1,342.1],[119.9,343.9],[120.7,346],[120.8,347.2],[121.9,347.7],[122.6,349.7],[123.9,351.2],[125.4,352.5],[125.2,359.3],[124,360.3],[123.8,362.4],[123.9,365.7],[123.4,368.1],[124.4,370.4],[126.2,372.1],[127.4,375],[127.5,376.7],[128.8,378.5],[129.1,380.7],[130.7,383.7],[130.8,385.9],[131.3,387.5],[133.4,389.1],[133.9,391],[135.4,393.9],[136.4,394.5],[137.3,395.1],[137.2,396.2],[135.9,398.6],[136.3,400.2],[138.1,402.4],[140.2,403.5],[139.7,405.1],[138,408.1],[138.9,409.8],[137.7,411.9],[138.1,413.3],[136.8,415],[136.3,416.1],[137.3,418.1],[138.9,418.9],[139.1,420.7],[140.4,421.8],[143.7,422],[146.8,422.7],[148.5,423.3],[151,425.4],[153.1,425.8],[154.7,426.8],[156,426.5],[157.2,426.9],[158.7,428.2],[159.1,429.2],[161.4,431.2],[161.8,433.8],[162.6,435.9],[163.7,436.9],[167.6,439],[168.8,439.5],[169.9,440.6],[171.9,440.4],[175.3,441],[175.8,442],[176.8,445.1],[175.7,445.9],[175.6,447.8],[177.6,449.8],[179.1,450.3],[180.3,449.8],[181.8,450.1],[182.6,451.4],[185.3,454.6],[187.3,456.6],[188.2,458.7],[188.9,459],[192,463.3],[193.2,466],[193.8,468.8],[193.9,472.2],[193.9,473.2],[193.2,474.6],[192.8,478.3],[193.4,480.2],[194.5,480.5],[194.3,482.8],[196,483],[201.6,483.7],[217.2,485.5],[245.9,488.9],[246.7,488.7],[246.9,488.8],[247.3,488.8],[247.9,489.1],[248.1,489.1],[248.2,489],[248.8,489.1],[248.8,488.9],[249.2,489],[249.8,488.8],[250,488.8],[250.1,488.8],[250.6,487.4],[250.7,487.4],[251,487.3],[251,487.2],[251.9,486.2],[251.9,486],[251.9,485.9],[251.9,485.6],[252.2,484.1],[252.2,484],[252.2,483.8],[252.1,483.7],[251.8,482.7],[251.7,482.5],[251.7,482.4],[251.6,482.3],[251.5,482.2],[250.3,481.8],[250.1,481.9],[250.1,482],[249.9,482],[249.6,481.9],[248.3,480.7],[248.3,480.6],[248,479.7],[248.9,478.3],[249.4,475.7],[249,474.3],[249.1,474.2],[249.3,472.9],[249.3,472.7],[249.2,472.4],[249.2,472.2],[249.3,472.1],[249.4,472.2],[249.7,472.2],[249.7,472.1],[250,472],[250.3,472.1],[250.4,472.2],[250.6,472.3],[250.9,472.2],[251,472.1],[251.2,471.9],[251.4,471.5],[252,470.7],[252.1,470.6],[253.8,469.2],[253.8,469.1],[253.7,469],[253.7,468.9],[253.7,468.8],[253.7,468.7],[253.7,468.4],[253.9,468.1],[254.1,467.5],[254.2,467.5],[254.3,467.2],[254.2,467.1],[254.4,466.3],[254.4,466.2],[254.8,466],[254.9,466],[255,465.1],[255,465],[255.1,464.9],[255.3,464.4],[255.3,464.2],[255.2,462],[255.4,461.8],[255.5,461.9],[255.6,461.9],[255.6,460.2],[255.5,460.2],[255.5,460.1],[256.5,459.4],[256.6,459.3],[256.6,459.2],[257.4,458.8],[257.4,458.7],[258.3,456.9],[258.3,456.6],[258.4,456.5],[258.5,456.4],[258.6,456.4],[258.6,456.3],[258.9,456.1],[259.1,456.1],[259.2,456.2],[259.5,456.1],[260.5,455.9],[260.7,455.9],[261.1,455.5],[261.3,455.4],[261.7,455.1],[261.9,455.1],[262.9,455],[263.8,454.1],[264.2,453.9],[265.2,453.5],[265.2,452.7],[265.3,452.5],[264.5,451],[264.4,450.9],[262.1,448.5],[262,448.3],[261.1,447.4],[261.2,447.3],[261.3,446.9],[261.4,446.6],[261.5,446.3],[261.5,446],[261.4,445.7],[261.2,445],[260.8,443.5],[260.8,443.3],[260.2,441],[260.2,440.9],[259.2,439.4],[259.1,439.1],[259,438.8],[259,438.6],[259,438.3],[258.8,437.6],[258.6,437.3],[258.3,436.9],[258.1,436.7],[258.1,436.3],[258.3,436],[258.3,435.9],[258.3,435.8],[258.3,435.7],[258.3,435.4],[258.4,435.3],[258.7,434.1],[258.8,433.9],[258.8,433.5],[258.7,433.4],[258.3,432.9],[258.1,432.4],[258,432.3],[257.7,432],[257.2,431.2],[257,430.7],[256.4,429.9],[256.1,429.5],[255.6,428.7],[255.3,428.4],[255.3,428.2],[254.6,427.2],[253.7,426],[253.2,425.1],[253,424.9],[251.9,423.2],[251.6,422.8],[251.6,422.7],[251.4,422.5],[250.4,421],[250.3,420.9],[249.6,419.8],[248.9,418.6],[248.5,418.1],[247.8,417],[247.1,416.1],[246.8,415.7],[246.8,415.6],[246.6,415.3],[246.4,415],[245.4,413.4],[244.3,411.9],[243.2,410.3],[242.8,409.6],[242,408.6],[241.9,408.2],[240.7,406.5],[239.7,405],[239.5,404.8],[239.3,404.4],[237.9,402.3],[237.3,401.4],[236.4,400],[235.8,399.2],[235.5,398.6],[235.4,398.5],[234.7,397.6],[234.1,396.6],[233.6,395.8],[231.5,392.7],[230.9,391.8],[230.1,390.6],[229.7,389.9],[228.2,387.7],[225.8,384.2],[225.2,383.3],[224,381.4],[223.2,380.2],[222.5,379.1],[219.8,375.1],[219.3,374.4],[219,374],[218.3,373],[215.4,368.5],[214.5,367.3],[213.7,366.1],[213.3,365.5],[212.6,364.3],[212.3,363.9],[211.8,363.2],[210.8,361.7],[209.5,359.7],[208.5,358.3],[208.1,357.5],[207.4,356.6],[207.1,356.1],[206.5,355.3],[206.3,354.9],[205.3,353.3],[201.2,347.3],[200.7,346.5],[195.7,339.1],[195.4,338.5],[194.1,336.6],[193.6,335.8],[193.2,335.2],[192,333.5],[191.2,332.3],[189.5,329.7],[189.3,329.5],[189,328.9],[188.3,328.1],[187.6,327],[187.2,326.3],[187,326],[186.8,325.7],[186.3,324.8],[185.9,324.3],[185.6,323.9],[185.3,323.4],[184.7,322.7],[184.5,322.3],[184.4,322.2],[183.6,321],[183.2,320.3],[182.9,319.9],[182.8,319.7],[182.5,319.2],[182.4,319.1],[181.9,318.4],[181.6,317.8],[181,317],[180.7,316.5],[180.6,316.4],[179.6,315],[179,314],[178.9,313.8],[178.7,313.6],[178,312.6],[178.7,309.8],[179.1,308],[179.3,307.1],[179.3,307],[179.6,305.9],[180.2,303.5],[180.8,301.2],[180.9,301.1],[181.1,300.2],[181.3,299.9],[181.3,299.8],[181.4,299.2],[181.8,297.8],[182.1,296.8],[182.2,296.2],[182.3,296],[182.6,295],[182.7,294.3],[182.8,293.7],[183,293.2],[183.2,292.6],[183.5,291.3],[183.7,290.6],[184,289.4],[184.4,288.3],[184.7,286.6],[184.9,286.1],[185.3,284.8],[185.3,284.6],[185.4,284.2],[185.8,282.8],[186.1,281.7],[186.7,279.2],[187.1,277.7],[188.1,273.8],[188.4,272.4],[189,270.1],[189.1,269.6],[189.4,268.4],[189.8,267.3],[189.8,267.1],[190,266.1],[190.5,264.1],[191.3,261.1],[191.6,260.1],[192,258.4],[192.1,258.1],[192.6,256.3],[193.5,252.7],[193.6,252],[193.8,251.5],[194,250.6],[194.7,248],[195.1,246.7],[195.3,246],[196,242.9],[196.7,240],[196,239.9],[195.4,239.7],[194.7,239.5],[193.9,239.3],[193.8,239.3],[193.2,239.1],[192.5,239],[192.2,238.9],[191.7,238.8],[191.5,238.7],[191.4,238.7],[190.9,238.6],[187.7,237.7],[187.2,237.6],[186.3,237.3],[185,237],[184.6,236.9],[183.6,236.6],[183.5,236.6],[182.6,236.3],[181.7,236.2],[180.6,235.8],[180.2,235.7],[179.8,235.6],[179.4,235.5],[179.1,235.4],[178.6,235.3],[178.1,235.2],[178,235.1],[177.3,234.9],[177,234.8],[176.8,234.7],[176,234.5],[175.3,234.3],[174.8,234.2],[174.5,234.1],[174.3,234],[173.7,233.8],[173.4,233.8],[172.9,233.6],[172.6,233.6],[171.7,233.4],[171.5,233.3],[171.3,233.2],[171.2,233.2],[171,233.1],[170.4,232.9],[170.3,232.9],[170.1,232.8],[169.8,232.7],[169.5,232.6],[169.4,232.6],[168.4,232.4],[167.9,232.2],[167,231.9],[166.3,231.7],[165.6,231.6],[163.3,230.8],[163.1,230.8],[162.4,230.6],[162.1,230.5],[161.4,230.3],[160.7,230],[160.5,229.9],[158.8,229.5],[158.6,229.4],[158.1,229.3],[157.1,229],[156.7,228.9],[155.7,228.6],[155.2,228.4],[154.4,228.1],[154.3,228.1],[154,228.1],[153,227.8],[152.3,227.6],[151.8,227.5],[151.4,227.3],[150.5,227.2],[150.3,227.1],[149.9,227],[149.3,226.8],[148.9,226.7],[148.7,226.6],[148.6,226.6],[147.9,226.4],[147.5,226.3],[147.2,226.3],[147,226.2],[146.5,226.1],[146.2,226],[145.2,225.6],[144.5,225.4],[144.3,225.3],[143.5,225.2],[142.9,225],[142.3,224.8],[141.7,224.5],[141.5,224.4],[141.1,224.4],[140.5,224.2],[139.8,224.1],[137.5,223.5],[135.8,223],[134.9,222.7],[134.8,222.6],[134.6,222.6],[134.5,222.6],[134.3,222.5],[133.7,222.4],[132.6,222.1]]],[[[152.5,432.2],[149,430.8],[147.2,431.7],[145.7,431.1],[142.2,430.8],[141.7,429.8],[140.6,428.1],[139.5,427.5],[138.3,427.8],[136.6,427.3],[135.9,428.7],[136.8,429.6],[136.6,430.5],[137.4,431.7],[139.3,432.6],[140.7,432.8],[141.6,435.2],[143.1,436.6],[143.7,436.9],[147.6,436.2],[148.3,435.5],[149.7,436.9],[152,437.2],[153.6,436.9],[155.8,437.1],[156.8,436.5],[157.8,437.5],[158.8,437.8],[160.7,437.2],[160.8,435.9],[160.3,435.2],[157.7,434.7],[156.1,433.2],[154.1,433.6],[152.5,432.2]]],[[[163.6,452.5],[164.3,451.5],[164.2,450.2],[162.4,449.5],[161.4,449.9],[161.2,451.3],[161.7,452.4],[163.6,452.5]]],[[[151.5,456.1],[153,456.6],[154.3,456.2],[154.9,455.1],[153.9,453.4],[152.1,452.1],[150.7,451.9],[149.6,452.8],[149.5,453.7],[150.3,455.4],[151.5,456.1]]],[[[177.8,458.9],[177.7,457.4],[176.2,454.6],[173.4,452.3],[171.6,451.8],[170.4,452.4],[170.2,453.7],[170.9,455.1],[171.9,455.8],[171.7,456.8],[172.6,458.6],[174.7,459.6],[176.2,460.1],[177.2,459.8],[177.8,458.9]]],[[[170.6,471.5],[172.3,471.6],[173.5,471.3],[174,470.4],[173.7,469.6],[171.6,466.4],[170.3,463.3],[168.4,462.5],[167.4,463.4],[168.1,467.4],[168.9,469.6],[170.6,471.5]]]]}},{"type":"Feature","properties":{"st":"CO","fips":"08","name":"Colorado","seats":8,"seats_2000":7,"seats_2010":7,"seats_2020":8,"seats_2030":8,"label_x":360.9,"label_y":394.9},"geometry":{"type":"MultiPolygon","coordinates":[[[[347.3,368.6],[346.9,368.5],[346.5,368.5],[345.8,368.4],[345.4,368.3],[344.9,368.3],[343.9,368.2],[343.3,368.1],[343,368.1],[342.8,368],[342.3,368],[342,367.9],[341.4,367.9],[341.1,367.8],[340.9,367.8],[340.6,367.8],[339.9,367.7],[339.5,367.6],[338.8,367.5],[338.3,367.5],[337.8,367.4],[336.6,367.2],[336,367.2],[335.4,367.1],[335.1,367.1],[334.6,367],[333.6,366.8],[333.1,366.8],[332,366.6],[331.8,366.6],[331.6,366.6],[331.5,366.7],[331.4,367.7],[331.3,368.1],[331.3,368.6],[331.2,368.7],[330.9,371],[330.9,371.3],[330.8,371.9],[330.8,372.1],[330.8,372.3],[330.6,373.4],[330.6,373.5],[330.5,374.4],[330.3,375.4],[330.2,376.2],[330.2,376.4],[330.1,376.5],[330.1,377.2],[330,378],[329.9,378.2],[329.9,378.3],[329.9,378.4],[329.9,378.7],[329.7,379.6],[329.6,380.4],[329.6,380.9],[329.4,381.9],[329.3,382.7],[329.3,383],[329.2,383.4],[329.1,384.1],[329.1,384.2],[329,384.6],[329,384.9],[328.8,386.4],[328.8,386.6],[328.7,386.9],[328.5,388.1],[328.5,388.6],[328.5,388.7],[328.4,389.2],[328.4,389.5],[328.3,390.1],[328.1,391],[328,392.2],[327.9,392.5],[327.8,393],[327.7,393.4],[327.7,394],[327.6,394.4],[327.4,395.7],[327.4,396],[327.3,396.6],[327.2,397.5],[327.2,397.6],[327.1,397.9],[327,398.7],[327,399.1],[327,399.2],[326.9,399.5],[326.9,400],[326.9,400.4],[326.9,400.5],[326.9,400.7],[326.8,401.2],[326.8,401.5],[326.7,402.1],[326.6,402.5],[326.6,402.7],[326.5,403.6],[326.4,404.3],[326.3,404.8],[326,406.9],[326,407.4],[325.9,407.9],[325.8,409.1],[325.7,409.6],[325.6,410.2],[325.4,410.9],[325.4,411.3],[325.4,411.4],[325.4,411.7],[325.3,412],[325.2,412.7],[325.2,412.9],[325.2,413],[324.9,415],[324.9,415.3],[325,415.4],[325.2,415.4],[326.5,415.6],[326.6,415.6],[327.3,415.7],[327.7,415.7],[328.2,415.8],[329.4,415.9],[329.6,416],[332,416.3],[332.8,416.4],[333.1,416.4],[334,416.6],[335,416.6],[335.5,416.7],[335.7,416.7],[336.1,416.8],[336.2,416.8],[337.1,416.9],[338,417],[338.4,417.1],[338.6,417.1],[339,417.2],[339.4,417.2],[339.7,417.3],[340,417.3],[340.2,417.3],[340.3,417.3],[340.4,417.3],[340.6,417.3],[340.7,417.3],[341.1,417.4],[341.5,417.5],[342.6,417.6],[343.4,417.7],[344.2,417.8],[345.3,417.9],[345.4,417.9],[345.7,418],[346.1,418.1],[346.6,418.1],[346.9,418.2],[347.2,418.2],[347.6,418.3],[348.9,418.4],[349.3,418.5],[350.2,418.5],[351,418.6],[351.3,418.7],[351.8,418.7],[352,418.7],[352.5,418.8],[352.7,418.8],[353.1,418.9],[353.4,418.9],[353.7,418.9],[354.1,418.9],[354.4,419],[355,419],[355.3,419.1],[355.8,419.1],[356.2,419.2],[356.5,419.2],[356.9,419.2],[357.7,419.3],[358.6,419.4],[358.7,419.4],[359,419.4],[359.7,419.5],[360.2,419.6],[361.6,419.7],[362.2,419.7],[362.4,419.8],[363.2,419.9],[363.4,419.9],[364.9,420.1],[366.3,420.2],[367.1,420.2],[367.3,420.3],[368.7,420.4],[369,420.4],[369.8,420.5],[370.2,420.5],[370.5,420.5],[371,420.6],[371.3,420.6],[372.1,420.7],[372.5,420.7],[374.1,420.8],[374.6,420.8],[375.3,420.9],[376.2,421],[376.4,421],[377,421],[377.6,421.1],[378.2,421.1],[378.8,421.2],[379.7,421.2],[380.7,421.3],[381.8,421.4],[382.2,421.4],[382.7,421.4],[383,421.5],[383.1,421.5],[383.6,421.5],[384.2,421.6],[387.2,421.8],[387.6,421.9],[388.4,421.9],[388.5,421.9],[388.9,422],[389.3,422],[389.7,422],[390.1,422],[390.2,422],[390.4,422],[391.9,422.2],[392.1,422.2],[392.3,422.2],[392.3,422.1],[392.3,421.8],[392.3,421.5],[392.4,420.8],[392.4,420.4],[392.4,420.2],[392.4,419.8],[392.4,419.7],[392.4,419.4],[392.4,419.3],[392.5,418.9],[392.5,418.8],[392.5,418.5],[392.5,417.8],[392.6,417.4],[392.6,417.1],[392.6,416.8],[392.6,416.5],[392.7,416.2],[392.7,415.5],[392.8,414.6],[392.8,414.1],[392.8,413.7],[392.8,413.2],[392.8,412.9],[392.9,412.3],[392.9,411.7],[392.9,411.4],[393,410.7],[393,410],[393.1,409.5],[393.1,409.3],[393.2,408.1],[393.2,407.9],[393.2,407.5],[393.2,406.8],[393.2,406.6],[393.3,406],[393.3,405.5],[393.3,405.1],[393.3,405],[393.3,404.7],[393.3,404.6],[393.4,404.4],[393.4,404],[393.4,403.6],[393.4,403.3],[393.5,402.7],[393.5,402.1],[393.6,401.7],[393.6,400.7],[393.6,400.2],[393.6,400],[393.6,399.7],[393.7,399.3],[393.7,399.1],[393.8,397.5],[393.9,396.1],[393.9,395.7],[394,394.9],[394,394.7],[394,394.2],[394,393.5],[394,393.2],[394,392.9],[394.1,392.4],[394.1,391.8],[394.1,391.4],[394.2,390.6],[394.2,390.1],[394.3,389.7],[394.3,389.6],[394.3,389.5],[394.3,389.3],[394.3,388.9],[394.3,388.7],[394.3,388.3],[394.4,386.8],[394.4,386.4],[394.5,385.5],[394.5,385.2],[394.6,384.8],[394.6,384.5],[394.6,384.2],[394.6,383.4],[394.7,383.3],[394.7,383.1],[394.7,382.9],[394.7,382.3],[394.8,381.3],[394.8,381.1],[394.8,380.7],[394.8,380.4],[394.8,380.1],[394.9,379.9],[394.9,379.5],[394.9,379.3],[394.9,379.2],[395,378.1],[395.1,376],[395.3,373],[395.1,372.9],[394.7,372.9],[394,372.9],[393.7,372.9],[393.6,372.9],[393.3,372.9],[393.2,372.8],[393.1,372.8],[392.6,372.8],[392.5,372.8],[392.3,372.8],[391.8,372.7],[391.6,372.7],[391.3,372.7],[390.1,372.6],[389.3,372.6],[388.9,372.5],[388.8,372.5],[388.7,372.5],[388.2,372.5],[388.1,372.5],[387.9,372.5],[387.8,372.5],[387.7,372.5],[387.5,372.5],[387.2,372.4],[387,372.4],[386.9,372.4],[386.8,372.4],[386.6,372.4],[386.3,372.4],[386.1,372.3],[385.9,372.3],[385.6,372.3],[385.3,372.3],[385.1,372.3],[384.9,372.2],[384.4,372.2],[384.3,372.2],[384,372.2],[383.7,372.1],[383.5,372.1],[383.3,372.1],[381.8,372],[381,371.9],[380.3,371.9],[379.8,371.8],[378.9,371.8],[378.4,371.8],[378.3,371.8],[378.1,371.7],[378,371.7],[377.8,371.7],[377,371.6],[374.5,371.4],[374.4,371.4],[372.2,371.2],[371.8,371.2],[371.4,371.1],[370.6,371.1],[370.5,371],[369.2,371],[369,371],[368.9,371],[368.7,370.9],[367.7,370.8],[367,370.7],[366.5,370.7],[366.1,370.7],[366.1,370.6],[365.6,370.6],[364.3,370.5],[363.3,370.4],[363,370.4],[362.9,370.4],[362.5,370.3],[362.2,370.3],[361.8,370.2],[360.5,370.1],[359.2,370],[359.1,370],[358.9,369.9],[358.7,369.9],[358.5,369.9],[357.9,369.8],[357.4,369.8],[357.3,369.8],[356.4,369.7],[356.1,369.6],[355.8,369.6],[355.6,369.5],[355.4,369.5],[355.3,369.5],[354,369.4],[353.6,369.3],[353.1,369.2],[352.4,369.2],[351.9,369.1],[351.5,369],[351.3,369],[350.2,368.9],[349.5,368.8],[349.3,368.8],[348,368.6],[347.9,368.6],[347.5,368.6],[347.4,368.6],[347.3,368.6]]]]}},{"type":"Feature","properties":{"st":"CT","fips":"09","name":"Connecticut","seats":5,"seats_2000":5,"seats_2010":5,"seats_2020":5,"seats_2030":5,"label_x":958.8,"label_y":138.4},"geometry":{"type":"MultiPolygon","coordinates":[[[[941.9,123.1],[941.7,123.1],[940.9,123.2],[938.7,123.7],[938.6,123.9],[937.8,123.9],[937.8,124],[937.3,124],[936.8,124.2],[936.7,124.2],[936.2,124.2],[936.2,124.3],[935.6,124.3],[935.2,124.5],[934.9,124.5],[933,125],[932.4,125],[932.1,125.1],[930.5,125.6],[930.8,126.9],[931,127.7],[931.3,129.4],[931.3,129.7],[931.6,131],[931.8,132.2],[931.9,133.3],[932.4,136.3],[932.6,137],[932.7,138.1],[932.9,138.4],[933.2,140],[933.2,140.8],[933.3,141.2],[933.5,142],[933.7,143],[933.7,143.1],[933.8,144.1],[933.8,144.2],[934.1,146.1],[934.5,147.7],[934.6,148.2],[934.8,149.3],[934.8,149.6],[934.9,150.2],[934.9,150.4],[934.9,150.6],[934.9,150.7],[935.1,150.9],[935.1,151],[935.1,151.2],[935.2,151.8],[935.2,152.3],[935.4,153.2],[935.6,154],[935.7,154.7],[935.9,155.9],[936,157.2],[936.2,158.1],[936.3,158.3],[937.3,159.2],[937.5,159.2],[937.9,159.7],[938.9,160.7],[939,160.8],[939.2,161.1],[939.2,161.3],[938.7,161.6],[938.6,161.8],[938.1,162.2],[937.8,162.6],[937.5,163],[937,163.3],[936.2,164.1],[935.7,164.6],[935.7,164.8],[935.2,165.1],[935.1,165.4],[934.9,165.4],[934.5,165.9],[934,166.4],[933.8,166.7],[933.3,167.1],[933,167.3],[932.7,167.8],[932.9,167.9],[933,168.2],[933.2,168.2],[933.7,168.7],[934.1,169.4],[934.6,169.8],[934.8,169.8],[934.9,170.1],[935.2,170.3],[935.4,170.5],[935.4,170.6],[935.7,170.8],[935.7,170.9],[935.9,170.9],[935.9,171.4],[935.9,171.6],[935.9,171.7],[936,171.9],[935.9,172],[936,172.2],[937.8,173.3],[941.2,171.4],[941.9,170.9],[942.5,170.6],[942,169],[944.1,168.6],[944.6,166],[946.6,165.4],[948.3,162.2],[949.9,161.1],[952.3,158.6],[955,157],[955.3,155.5],[957.4,154.5],[958.6,155.1],[961.8,154.3],[964.9,152.5],[967,151.7],[968.6,152.3],[973.5,150.7],[975,149.6],[977.6,148.8],[979,148.3],[983.3,147.2],[983.6,147.2],[983.7,147.1],[984.7,146.3],[985.2,146],[987.2,144.7],[988,144.7],[988.2,144.2],[988.2,143.6],[988.3,143.6],[988.6,143.6],[989.1,143.8],[989.9,143],[990,142.3],[989.6,141.9],[989.6,141.6],[989.6,141.2],[989.6,141.1],[989.6,140.9],[989.4,140.9],[989.4,140.8],[989.4,140.6],[989.3,140.6],[989.1,140.4],[988.9,140.3],[989.1,140.1],[988.9,140.1],[988.9,140],[988.9,139.8],[988.9,139.7],[989.1,139.7],[989.3,139.5],[989.4,139.5],[989.4,139.3],[989.4,139.2],[989.6,139.2],[989.7,139.2],[989.9,139.2],[990,139.2],[990.2,139.2],[990,138.7],[990,138.2],[989.9,138.1],[989.9,137.8],[989.7,137.3],[989.7,137.1],[989.1,134.4],[988.9,133.3],[988.8,132.9],[988.8,132.6],[988.6,132.1],[988.5,131.6],[988.5,131.1],[988.3,130.3],[988.2,130],[988.2,129.9],[987.8,128.9],[987.7,128.3],[987.5,127.3],[987.4,127.2],[987,125.8],[986.6,124],[986.3,123.2],[986.3,123.1],[985.9,122.3],[985.9,122.1],[985.6,121.2],[985.5,120.7],[985.5,120.4],[985.3,120.1],[985,118.8],[984.8,118.7],[984.7,118.2],[984.5,117.5],[984,115.7],[983.9,115],[983.6,114.1],[983.6,113.9],[983.6,113.8],[983.4,113.4],[982.5,113.8],[982.3,113.8],[982.1,113.8],[982,113.8],[981.5,113.9],[981,114.1],[980.7,114.1],[980.3,114.2],[979.6,114.4],[979.1,114.5],[979,114.5],[978.8,114.5],[978.7,114.5],[978.5,114.5],[978,114.7],[976.8,115],[976.1,115.2],[974.9,115.5],[972.8,115.8],[972.7,116],[972.5,116],[970.9,116.3],[970.5,116.4],[970,116.6],[969.7,116.6],[968.1,117.1],[967.6,117.1],[967.1,117.2],[966.5,117.4],[966,117.5],[965.7,117.5],[964.9,117.7],[964,118],[963.4,118.2],[962.7,118.3],[962.1,118.5],[961.8,118.5],[961,118.7],[960.7,118.8],[960.5,118.8],[959.1,119.6],[958.9,119.6],[958.8,119.8],[958.3,119.8],[958.1,119.6],[957.8,119.6],[957.2,119.8],[956.4,119.9],[956.1,119.9],[955.6,119.9],[955.3,120.1],[954.8,120.1],[954.7,120.2],[953.6,120.4],[953.6,120.5],[953.4,121.3],[953.6,121.3],[953.6,121.5],[953.6,121.7],[953.4,121.8],[953.6,122],[953.2,122.1],[952.6,122.3],[952.3,122.4],[952,122.6],[951.4,121],[950.6,121.2],[950.1,121.3],[949.9,121.3],[949.5,121.5],[948.2,121.8],[946.9,122.1],[946.5,122.1],[944.7,122.6],[944.2,122.6],[944.1,122.6],[942.5,122.9],[942,123.1],[941.9,123.1]]]]}},{"type":"Feature","properties":{"st":"DE","fips":"10","name":"Delaware","seats":1,"seats_2000":1,"seats_2010":1,"seats_2020":1,"seats_2030":1,"label_x":864.2,"label_y":298.6},"geometry":{"type":"MultiPolygon","coordinates":[[[[858.5,282.3],[858.4,282.2],[858.3,281.3],[858.5,281],[858.6,280.9],[858.7,280.6],[858.8,280.5],[858.9,280.2],[858.9,280.1],[858.9,279.9],[858.9,279.8],[858.9,279.7],[858.9,279.6],[858.8,279.5],[858.9,279.4],[859,279.3],[859.1,279.1],[859.1,279],[859.4,278.8],[859.4,278.6],[859.4,278.4],[859.4,278.1],[859.4,277.8],[859.6,277.1],[860,276.6],[860.2,276.2],[860,276.1],[859.7,276],[859.6,276],[859.6,275.9],[859.5,275.9],[859.4,275.9],[859.3,275.9],[859.1,275.8],[859,275.8],[858.8,275.8],[858.6,275.7],[858.2,275.7],[858.1,275.7],[857.9,275.7],[857.8,275.7],[857.7,275.7],[857.3,275.7],[856.9,275.8],[856.8,275.8],[856.6,275.9],[856.5,275.9],[856.3,275.9],[856.2,276],[856.1,276],[855.9,276.1],[855.6,276.3],[855.5,276.3],[855.2,276.5],[855.1,276.6],[854.9,276.7],[854.8,276.8],[854.5,277.1],[854.2,277.4],[854.1,277.5],[854,277.7],[853.8,278],[853.6,278.4],[853.5,278.6],[853.4,278.7],[853.4,278.9],[853.2,279.5],[853.2,279.6],[852.9,280],[852.9,280.2],[853,280.6],[853,280.7],[853,280.8],[853.1,281.3],[853.2,281.6],[853.2,281.8],[853.2,282],[853.3,282.1],[853.3,282.3],[853.4,282.4],[853.5,282.8],[853.6,283.2],[853.7,283.7],[853.9,284.1],[854,284.6],[854.1,285.1],[854.1,285.2],[854.2,285.5],[854.3,285.7],[855.2,288.9],[855.4,289.7],[855.5,290.2],[855.9,291.6],[856.1,292.2],[856.7,294.2],[856.8,294.8],[856.9,295.1],[857.1,295.7],[857.2,296.3],[857.3,296.5],[857.3,296.6],[857.5,297],[857.7,297.5],[857.7,297.8],[857.9,298.5],[858,298.9],[858.1,298.9],[858.3,299.8],[858.4,300.2],[858.5,300.6],[858.6,300.8],[858.9,301.8],[859,302.3],[859.1,302.5],[859.1,302.7],[859.1,302.8],[859.3,303.2],[859.4,303.5],[859.4,303.8],[859.5,303.9],[859.5,304.1],[859.5,304.2],[859.6,304.6],[860.1,306.2],[860.1,306.4],[860.2,306.7],[860.3,307.1],[860.5,307.7],[860.6,308],[860.6,308.2],[860.8,308.8],[860.8,308.9],[861,309.5],[861,309.6],[861.4,310.9],[861.9,312.7],[861.9,313],[862.1,313.4],[862.3,314.1],[863,314.2],[863.7,314.1],[864.3,314],[864.7,313.9],[864.8,313.9],[864.9,313.9],[865.2,313.9],[865.3,313.8],[865.4,313.8],[867.9,313.3],[868.2,313.3],[868.4,313.2],[868.8,313.2],[869.2,313.1],[869.3,313.1],[870.1,312.9],[871.7,312.5],[872.1,312.5],[872.2,312.4],[872.4,312.4],[873,312.3],[874.1,311.9],[874.3,311.9],[874.5,311.8],[874.8,311.8],[875.3,311.7],[875.4,311.6],[875.7,311.6],[875.9,311.5],[876,311.5],[876.1,311.5],[877.4,311.2],[876.9,309.1],[874.7,302.1],[871.5,297.9],[870.9,297],[866.1,291.5],[865.5,290.9],[860,286.9],[859.2,286.3],[859,285.6],[859,285.2],[859.3,285.1],[859.6,285],[859.7,285],[859.6,284.9],[859.6,284.8],[859.5,284.7],[859.5,284.6],[859.5,284.5],[859.5,284.4],[859.5,284.3],[859.5,284.2],[859.5,284.1],[859.4,284.1],[859.4,284],[859.3,284],[859.3,283.9],[859.3,283.8],[859.4,283.7],[859.5,283.5],[859.5,283.4],[859.5,283.2],[859.4,282.8],[859.4,282.7],[859.3,282.7],[859.2,282.7],[859.1,282.6],[859,282.5],[858.9,282.5],[858.8,282.5],[858.6,282.4],[858.6,282.3],[858.5,282.3]]]]}},{"type":"Feature","properties":{"st":"FL","fips":"12","name":"Florida","seats":28,"seats_2000":25,"seats_2010":27,"seats_2020":28,"seats_2030":31,"label_x":740.3,"label_y":629.3},"geometry":{"type":"MultiPolygon","coordinates":[[[[613.2,580],[613.3,580],[613.3,580.1],[613.4,580.1],[613.4,580.2],[613.5,580.2],[613.5,580.3],[613.6,580.3],[615.9,581.3],[616.3,582.5],[616.3,582.6],[616.3,582.7],[616.2,582.7],[616.3,582.8],[616.3,582.9],[616.3,583],[616.3,583.1],[616,584.1],[615.3,585.5],[615.3,585.6],[615.2,585.8],[615.3,585.8],[615.3,585.9],[615.4,586],[615.5,586],[615.5,586.1],[615.6,586.1],[615.7,586.2],[615.7,586.6],[615.7,586.7],[616.9,587.4],[617,587.4],[617.3,587.5],[617.1,588.1],[617,588.3],[615.8,589],[615.8,589.2],[615.8,589.4],[615.7,589.6],[615.3,590.9],[615.2,591],[614.7,591],[614.5,591.1],[614.4,591.4],[614.4,591.6],[614.5,591.7],[614.6,591.7],[615.7,591.8],[614.6,592.2],[614.3,593.9],[614.6,596.7],[619.6,595.1],[621.4,594.9],[623.9,594.3],[630,592.5],[635.1,591.5],[638,591.6],[639.8,591.4],[643.2,591.7],[646.3,592.4],[650.6,593.8],[653.6,595.2],[655.8,596.7],[658.1,597.7],[661.3,600],[662.1,603.2],[663.3,605.6],[665,607.5],[666,608.1],[668.3,608.4],[670.1,607.7],[673.8,609.4],[675.7,609.5],[678.9,608.1],[681.4,606.3],[682.7,605.7],[684.6,604.1],[685.7,602.7],[688.6,600.7],[689.4,599.3],[691.9,598.9],[693.3,598.1],[694.3,596.8],[694.9,593.8],[697.2,593],[699.6,594.1],[700.6,594.9],[703.2,595.5],[704.5,596.2],[705.5,598.1],[707.3,600.4],[710,601.7],[710.3,602.7],[710.8,604.4],[711.8,605.8],[714.3,607.1],[716.4,608.5],[717,610],[719.1,611.8],[719.8,614.3],[721.5,616.2],[723.1,616.8],[725.7,616.7],[727.4,616],[727.6,617.3],[728.6,618.8],[728.8,621.5],[729.7,623],[730.6,625.2],[731.5,626.2],[731.4,628.9],[730.9,632.3],[728.9,634.1],[728.4,635.5],[728.6,637.8],[729.8,642.6],[729.7,645.7],[730.2,647.4],[731.6,649.5],[733,650.7],[732.9,651.8],[733.3,654.8],[735.6,658.4],[736.4,659.5],[739,661.9],[739.8,663.2],[740.9,664.2],[743.2,668.1],[746.4,672.2],[747.5,673.4],[748.4,674.6],[748.8,677.1],[751.1,680.7],[752,682.8],[753,683.9],[755.3,685.4],[756.7,685.8],[759.1,685.9],[760.8,685.3],[761.6,687.1],[762.6,690.9],[764,693.4],[764.9,695.6],[766.6,697.7],[768.4,699.8],[770.6,700.5],[772.5,700.3],[773.8,699.8],[775.4,700.3],[777,702.4],[778.1,702.8],[779.4,704.1],[780.2,705.8],[781.7,707.9],[781.5,711.1],[782.1,712.6],[783.8,715.3],[786.4,716.9],[782.4,718.2],[780.8,718.2],[779,718.8],[775.9,721.2],[769.6,725.8],[767.6,726.5],[766.4,727.3],[763.8,727.1],[761.2,728.3],[760.1,729.8],[759.5,732.2],[762.3,731.8],[762.3,733],[763.8,734],[765.5,733.7],[766.2,732.9],[767.5,734],[768.8,734],[768.8,735],[769.8,735.8],[773,734.8],[774.2,733.7],[775.6,734.1],[778,733],[779.7,731.9],[780,729.7],[781,729.8],[785.9,727.9],[788.8,726],[791.4,725.9],[795.8,722.2],[797.5,721.6],[801.2,718.4],[803.4,715.7],[804.9,714.8],[805.7,713.3],[806,712],[806.8,711.5],[809.1,705.2],[809.8,703.8],[810.6,700.8],[811.5,699.9],[810.8,697.8],[810.5,692.9],[810.9,691.9],[810,685.9],[809.8,682.8],[809.7,678.4],[809.4,673.6],[809.3,669.7],[808.6,664.2],[808.4,663.5],[805.8,657.6],[802.7,652.3],[799.3,646.6],[798,644.2],[795.5,639.2],[789.9,631.1],[788,626],[788.1,622.7],[789,620.8],[787,616.9],[782.8,612.5],[776.4,604.8],[775.5,603.8],[774.2,601.7],[768.5,592.4],[766.2,588.1],[765.4,586],[765.2,585.1],[763.6,581.8],[760.5,574],[760.1,572.3],[760.4,571.3],[759.4,570.1],[758.5,567.8],[758,565.2],[758.4,562.8],[755.6,563.3],[755.4,563.3],[754.1,563.2],[753.9,563.2],[753.6,563.4],[753.5,563.4],[753.2,563.4],[753.1,563.4],[753,563.4],[752.8,563.4],[751.7,563.2],[751.6,563.2],[751,563.3],[751,563.1],[750.2,563.2],[750.1,563.2],[750.1,563.1],[750,563.1],[749.9,563.2],[749.8,563.2],[749.7,563.1],[749.5,563.2],[749.1,563.1],[749.1,563],[749,563],[748.9,563],[748.8,562.9],[748.9,562.8],[748.8,562.8],[748.7,562.8],[748.5,562.7],[748.4,562.7],[748.4,562.6],[748.3,562.6],[748.2,562.6],[748.1,562.6],[748.1,562.7],[748.1,562.8],[748.1,562.9],[747.9,563],[747.9,562.9],[747.8,562.9],[747.8,562.8],[747.8,562.7],[747.7,562.6],[747.6,562.5],[747.6,562.4],[747.5,562.4],[747.5,562.5],[747.4,562.5],[747.3,562.4],[747.2,562.3],[747.1,562.4],[746.9,562.4],[746.8,562.5],[746.8,562.4],[746.7,562.4],[746.6,562.5],[746.5,562.5],[746.4,562.5],[746.4,562.4],[744.8,561.6],[744.7,561.6],[743.4,562.1],[743.4,562.2],[743.5,562.2],[743.5,562.3],[743.5,562.4],[743.4,562.4],[743.5,562.5],[743.5,562.6],[743.5,562.7],[743.5,562.8],[743.4,562.8],[743.4,562.9],[743.4,563],[743.4,563.1],[743.4,563.2],[743.3,563.2],[743.3,563.3],[743.2,563.3],[743,563.2],[742.9,563.2],[742.8,563.1],[742.4,563],[742.3,563.1],[742.3,563.6],[742.4,563.6],[742.5,563.8],[742.3,564.1],[742.2,564.2],[742,564.1],[741.9,564.3],[741.9,564.7],[742,564.8],[742.1,565.2],[742.2,565.4],[742,566.1],[742,566.2],[742,566.4],[742.2,566.9],[742.2,567],[742.4,567.4],[742.5,567.6],[742.6,567.7],[742.7,567.8],[742.8,568],[742.8,568.1],[742.9,568.1],[743.1,568.2],[743.2,568.5],[743.2,568.6],[743.3,568.7],[743.4,568.8],[743.4,569.1],[743.5,569.2],[743.3,569.7],[743.4,569.8],[743.4,570.4],[743.5,570.8],[743.5,571],[743.5,571.4],[743.5,571.5],[743.5,572.1],[743.4,572.3],[743.2,572.8],[743.3,572.9],[743.4,573.2],[743.3,573.3],[743.2,573.4],[743.2,573.5],[743.3,573.6],[743.2,573.6],[743.3,573.9],[743.5,574.3],[743.5,574.4],[743.4,574.7],[743.3,574.7],[743.3,574.8],[743.2,574.8],[743.2,574.9],[742.6,575],[742.5,575],[741.9,574.9],[741.8,574.9],[741.3,575.1],[740.4,575.3],[739.4,574.3],[739.5,574.2],[739.4,574.1],[739.4,574],[739.3,574],[739.3,573.8],[739.2,573.7],[739.3,573.2],[739.3,573.1],[739.2,572.8],[738.8,571.6],[738.6,571.5],[738.3,571],[738.2,570.9],[738.1,570.6],[738.2,570.4],[738.2,570.3],[738.1,570.2],[738.6,569.8],[738,569.8],[737.7,569.8],[737.4,569.9],[736.8,569.9],[736,570],[734.7,570],[733.7,570.1],[733.4,570.1],[732.9,570.2],[732.5,570.2],[731.1,570.3],[730.8,570.3],[730.3,570.4],[730.1,570.4],[729.8,570.4],[729.5,570.4],[728.6,570.5],[728.3,570.5],[727.7,570.6],[727.3,570.6],[726.9,570.6],[722.6,570.9],[721.5,571],[721.4,571],[720.9,571],[720.1,571.1],[719.4,571.1],[719.3,571.1],[718.6,571.2],[717.9,571.2],[717.2,571.3],[717.1,571.3],[716.8,571.3],[716.1,571.4],[715.8,571.4],[714.6,571.5],[714.1,571.5],[713,571.6],[712.6,571.6],[712.5,571.6],[711.9,571.6],[711.5,571.7],[711.1,571.7],[710.4,571.7],[709.8,571.8],[709.3,571.8],[708.6,571.9],[706.3,572],[705.7,572.1],[703.9,572.2],[703.4,572.2],[703.1,572.2],[702.3,572.3],[701.6,572.3],[701.1,572.4],[700.8,572.4],[700.2,572.4],[699.8,572.5],[699.7,572.5],[699.1,572.5],[698.3,572.6],[696.4,572.7],[695.7,572.7],[693.7,572.9],[693.2,572.9],[692.5,572.9],[691.6,573],[690.2,573.1],[689.5,573.2],[688.3,573.2],[688,573.3],[687.6,573.3],[687.2,573.3],[687.1,573.3],[686.2,573.4],[684.9,573.5],[684.7,573.5],[684,573.5],[683.5,573.6],[682.1,573.7],[681.6,573.7],[680.9,573.7],[680.4,573.8],[679.5,573.8],[679,573.9],[678.4,573.9],[677.5,574],[676.7,574],[676.4,574],[675.9,574.1],[675.7,574.1],[675.5,573.8],[675.3,573.6],[674.9,573.2],[674.8,573.1],[674.4,572.9],[674.2,572.8],[674.2,572.7],[674.3,572.5],[674.2,572.4],[674.1,572.2],[673.9,572],[673.9,571.9],[673.4,569.8],[673.5,569.7],[673.5,569.5],[673.3,569.5],[672.6,568.6],[672.5,568.4],[671.5,566.6],[670.6,566.7],[669.1,566.8],[668.6,566.9],[668.2,566.9],[668,567],[667.7,567],[666.8,567.1],[666,567.2],[665.6,567.2],[665.4,567.3],[665.1,567.3],[664.8,567.4],[663.9,567.5],[663.4,567.5],[662.8,567.6],[662.3,567.7],[662.1,567.7],[661.2,567.8],[660.4,567.9],[659.9,568],[659.6,568],[659.5,568],[659,568.1],[658.6,568.1],[658.2,568.2],[657.2,568.3],[656.5,568.4],[656.1,568.4],[655.4,568.5],[654.2,568.7],[654,568.7],[653.8,568.7],[653.6,568.7],[653.3,568.8],[652.8,568.8],[649.7,569.2],[649,569.3],[648.7,569.3],[648.2,569.4],[647,569.5],[646.9,569.5],[646.3,569.6],[645.8,569.6],[645.1,569.7],[644.2,569.8],[644.1,569.8],[643.9,569.8],[643.5,569.8],[643.3,569.8],[642.8,569.9],[642.2,570],[641.7,570],[641.4,570.1],[640.9,570.1],[640.7,570.1],[640.4,570.1],[640.3,570.1],[640,570.2],[639.6,570.2],[638.6,570.3],[638.4,570.3],[637.4,570.4],[636.9,570.5],[636.4,570.6],[634.8,570.7],[634.6,570.7],[634.2,570.7],[634,570.7],[633.3,570.8],[632.8,570.9],[632.2,570.9],[631.9,571],[631.5,571],[631.2,571],[631,571],[630.9,571],[630.6,571.1],[629.9,571.1],[629.6,571.1],[629.1,571.2],[628.5,571.2],[628.1,571.3],[627.3,571.3],[627.2,571.3],[626.2,571.4],[625.4,571.5],[624.9,571.5],[624.6,571.6],[624,571.6],[623.6,571.6],[623.3,571.7],[622.9,571.7],[622.3,571.8],[621.8,571.8],[621.7,571.8],[621.3,571.9],[620.8,571.9],[620.7,571.9],[619.8,572],[619.2,572.1],[619,572.1],[618.7,572.1],[618.6,572.1],[618.5,572.2],[618.1,572.2],[617.8,572.2],[617.5,572.2],[617.3,572.3],[616.8,572.3],[616.7,572.3],[616.3,572.4],[615,572.5],[614.9,572.5],[614.6,572.5],[614,572.6],[613.2,572.6],[612.9,572.7],[612.5,572.7],[612.1,572.7],[610.9,572.9],[610.5,572.9],[610.6,573],[610.6,573.2],[610.7,573.4],[610.7,573.5],[610.8,573.9],[610.8,574.1],[610.5,575.1],[610.4,575.3],[610,576.6],[610.1,576.6],[610.1,576.7],[610.2,576.7],[610.2,576.8],[610.2,577.1],[610.3,577.1],[612.3,578.8],[612.7,579.6],[612.7,579.7],[612.8,579.7],[612.8,579.8],[612.9,579.8],[613,579.9],[613.1,579.9],[613.2,579.9],[613.2,580]]],[[[745.4,734.8],[746.7,734],[751.1,733.4],[751.2,731.5],[750.6,730],[748.7,728.4],[746.9,728.1],[744.9,728.4],[741.6,729.8],[740.5,730.8],[739.5,733],[739.8,735.1],[741.4,736.9],[742.8,737.5],[742.4,734.6],[743.3,734.8],[745.4,734.8]]]]}},{"type":"Feature","properties":{"st":"GA","fips":"13","name":"Georgia","seats":14,"seats_2000":13,"seats_2010":14,"seats_2020":14,"seats_2030":15,"label_x":710.5,"label_y":513.3},"geometry":{"type":"MultiPolygon","coordinates":[[[[708,464.6],[707.9,464.5],[707.9,464.6],[708,464.6]]],[[[735,494.3],[735,494.4],[735.1,494.3],[735,494.3]]],[[[745.4,504.1],[745.35,504.2],[745.4,504.2],[745.4,504.1]]],[[[681.9,518.5],[682,518.5],[682,518.6],[682.1,518.6],[682.1,518.7],[682.2,518.6],[682.6,519.2],[682.7,519.3],[682.7,519.4],[682.7,519.5],[682.8,519.5],[682.8,519.6],[682.8,519.8],[682.8,519.9],[682.8,520.1],[682.8,520.2],[682.8,520.3],[682.8,520.4],[683.5,521],[683.5,521.1],[683.3,521.3],[683.3,521.5],[683.3,521.6],[683.4,521.6],[683.4,521.7],[683.5,521.7],[683.5,521.8],[683.4,521.8],[683.3,521.8],[683.2,521.8],[683.2,521.9],[683.2,522],[683.3,522],[683.4,522],[683.5,522],[683.5,522.1],[683.1,522.7],[683,522.8],[683.8,523.5],[684.1,523.6],[684.2,523.6],[684.4,523.7],[685.3,524.4],[685,524.6],[685,524.7],[684.7,524.7],[684.9,524.8],[684.9,525],[684.8,525.1],[684.5,525.4],[684.3,525.4],[684.2,525.4],[684.1,525.4],[683.8,525.8],[684,525.8],[684.1,525.8],[684.1,525.9],[683.3,526.3],[682.5,527.5],[682.8,528.7],[682.8,528.9],[682.8,529],[682.8,529.7],[683,529.8],[682.8,530.4],[682.8,530.6],[681.9,533],[681.9,533.1],[682,534.2],[682.1,534.4],[682.1,534.7],[682.1,534.8],[682,535],[682,535.1],[682.3,535.5],[682.2,535.5],[682.2,535.6],[682.3,535.7],[682.3,535.8],[682.4,535.8],[682.4,536],[682.4,536.1],[682.4,536.2],[682.4,536.3],[682.4,536.4],[682.4,536.5],[682.4,536.6],[682.4,536.7],[682.4,536.9],[683.3,537.8],[683.3,537.9],[683.6,538.3],[683.8,538.3],[683.8,538.4],[683.8,538.5],[683.9,539],[684,539.2],[684,539.5],[684.1,539.6],[684.2,539.9],[684.3,539.9],[684.3,540.5],[684.3,540.6],[684.2,540.9],[684.2,541],[684.1,541.2],[684,541.4],[684,542.8],[683.9,542.8],[683.9,543.5],[683.9,543.7],[683.8,543.8],[683.8,544],[683.8,544.1],[683.9,544.1],[684,544.1],[684,544.2],[684,544.5],[684.1,544.6],[683.7,545.7],[683.7,545.8],[683.7,546.1],[683.8,546.2],[684,547.6],[684,547.7],[684.5,548.2],[684.6,548.3],[684.7,548.3],[684.9,548.5],[684.9,548.6],[685.2,549],[685.3,549.1],[685.7,549.8],[685.8,550],[686.1,550.3],[686.1,550.4],[686.4,551.1],[686.4,551.3],[686.3,551.4],[687.1,552.8],[687.2,553],[687.7,553.7],[687.9,553.7],[687.9,553.8],[687.8,553.9],[688.2,555.6],[688.3,555.8],[688.4,555.9],[688.5,556],[688.4,556.2],[688.4,556.3],[688.6,556.3],[688.9,556.5],[689,556.6],[689.3,556.9],[689.4,557],[689.6,557.3],[689.7,557.3],[690.1,557.2],[690.4,557.2],[691,557.2],[691.7,557.1],[692.1,557.1],[692.5,557],[693.2,557],[693.6,557],[694.2,557],[694.6,557],[695.6,556.9],[696,556.8],[696.6,556.8],[696.7,556.8],[697.7,556.7],[698.4,556.6],[698.5,556.6],[698.8,556.6],[699.1,556.6],[699.4,556.6],[700.3,556.6],[700.8,556.5],[701.9,556.4],[702.6,556.3],[703.2,556.3],[703.6,556.3],[705.1,556.2],[705.7,556.2],[707,556.1],[707.7,556],[708.1,556],[708.2,556],[708.5,555.9],[709,555.9],[709.2,555.9],[709.6,555.9],[710.2,555.9],[710.8,555.8],[711,555.8],[711.4,555.8],[712.8,555.7],[713.3,555.6],[715,555.6],[715.6,555.5],[716,555.5],[716.4,555.4],[717,555.4],[717.3,555.4],[717.6,555.3],[718.1,555.3],[718.5,555.3],[719.3,555.2],[719.7,555.2],[720.6,555.2],[720.9,555.2],[721.4,555.1],[721.6,555.1],[721.7,555.1],[722.3,555],[722.8,555],[723.3,554.9],[723.4,554.9],[724,554.9],[724.6,554.9],[725,554.9],[725.1,554.9],[725.9,554.8],[729.2,554.5],[729.6,554.5],[729.9,554.5],[730.3,554.5],[730.6,554.5],[731.3,554.4],[731.5,554.4],[731.7,554.4],[731.9,554.4],[732.3,554.3],[732.5,554.3],[733.6,554.2],[733.9,554.2],[734.3,554.2],[734.5,554.2],[735.3,554.1],[736.3,554.1],[736.9,554],[737.4,554],[737.6,553.9],[737.9,553.9],[738.3,553.9],[737.9,554.2],[738,554.3],[738,554.4],[737.9,554.5],[738,554.8],[738.1,554.9],[738.3,555.2],[738.5,555.3],[738.8,556.3],[738.9,556.5],[738.9,556.6],[738.8,557],[738.9,557],[738.9,557.2],[738.9,557.3],[739,557.3],[738.9,557.4],[739.7,558.2],[740.4,558],[740.8,557.9],[740.9,557.9],[741.3,558],[741.4,558],[741.9,557.9],[741.9,557.8],[742,557.8],[742,557.7],[742.1,557.5],[742.1,557.4],[742,557.1],[741.9,556.9],[742,556.9],[741.9,556.8],[741.9,556.7],[742,556.6],[742,556.3],[741.9,556.3],[742,555.9],[742.1,555.7],[742.1,555.2],[742.1,554.9],[742.1,554.7],[742,554.4],[742,553.9],[742,553.8],[742.1,553.5],[742,553.4],[742,553.2],[742,553.1],[741.9,553],[741.9,552.9],[741.8,552.7],[741.7,552.6],[741.6,552.6],[741.6,552.5],[741.5,552.4],[741.4,552.3],[741.3,552.2],[741.3,552.1],[741.1,551.8],[741.1,551.7],[741,551.3],[741,551.1],[741.1,550.5],[741,550.4],[741,550],[740.9,550],[740.9,549.7],[741,549.5],[741.1,549.6],[741.2,549.5],[741.3,549.3],[741.3,549.1],[741.2,549.1],[741.2,548.7],[741.3,548.7],[741.6,548.7],[741.7,548.8],[741.9,548.9],[742,548.9],[742,548.8],[742,548.7],[742,548.6],[742,548.5],[742.1,548.5],[742.1,548.4],[742.1,548.3],[742,548.2],[742.1,548.2],[742.1,548.1],[742.1,548],[742,548],[743.1,547.6],[744.4,548.2],[744.4,548.3],[744.5,548.3],[744.6,548.2],[744.7,548.2],[744.7,548.3],[744.8,548.2],[744.9,548.2],[745,548.1],[745.1,548.2],[745.1,548.3],[745.2,548.3],[745.2,548.2],[745.3,548.2],[745.3,548.3],[745.4,548.3],[745.5,548.4],[745.5,548.5],[745.5,548.6],[745.5,548.7],[745.7,548.6],[745.7,548.5],[745.7,548.4],[745.7,548.3],[745.8,548.3],[745.9,548.3],[745.9,548.4],[746,548.4],[746.2,548.5],[746.3,548.5],[746.2,548.6],[746.3,548.7],[746.4,548.7],[746.5,548.7],[746.8,548.8],[746.9,548.7],[747,548.8],[747.1,548.8],[747.2,548.7],[747.2,548.8],[747.3,548.8],[747.9,548.7],[747.9,548.9],[748.4,548.8],[748.5,548.8],[749.3,549],[749.5,549],[749.6,549],[749.7,549],[749.9,549],[750,549],[750.2,548.8],[750.3,548.8],[751.4,548.9],[751.5,548.9],[753.6,548.5],[752.4,547.5],[753,544.8],[752.9,543.8],[753.5,542.6],[752.7,542.1],[752.5,541.2],[753.3,540.6],[753.1,539],[754.2,538.5],[754.8,536.3],[754.5,533.9],[754.2,533.5],[754.8,531.9],[755.5,530.5],[755.5,528.1],[755.7,527],[756.8,524.5],[757.3,524.2],[758.4,521.8],[759.4,520.5],[759.4,519.8],[758.1,519],[757.5,519.2],[754.9,518.3],[754.8,518.5],[754.6,518.6],[754.5,518.6],[753.7,518.5],[753.7,518.4],[753.3,518.3],[753.2,518.2],[752.9,517.4],[752.8,517.3],[752.8,517.2],[752.7,517.1],[752.4,516.2],[752.4,516.1],[752.3,516.1],[752.2,516.1],[752.1,516.1],[752.2,516],[752.2,515.9],[752.2,515.8],[752,515.5],[752.1,515.4],[752.1,515.3],[752.1,515.2],[752.1,515.1],[752.2,515.1],[752.2,515],[752.3,515],[752.3,514.9],[752.3,514.8],[752.4,514.8],[752.4,514.7],[752.4,514.5],[752.4,514.4],[752.4,514.3],[752.4,514.2],[752.3,514.1],[752.3,514.2],[752.2,514.2],[752.1,514.1],[752.2,514.1],[752.2,514],[752.1,514],[752.1,513.9],[752.1,513.8],[752,513.7],[752.1,513.7],[752.1,513.6],[752.1,513.5],[752,513.4],[751.9,513.4],[751.9,513.3],[751.8,513.3],[751.7,513.3],[751.4,513.1],[751.3,513.1],[751.1,512.8],[751,512.8],[751,512.7],[750.7,512.2],[750.6,512],[750.5,511.9],[750.4,510.9],[749,509.9],[749,509.8],[748.9,509.8],[748.8,509.8],[748.8,509.7],[748.9,509.7],[748.9,509.6],[748.9,509.5],[748.8,509.5],[748.7,509.5],[748.7,509.4],[748.7,509.3],[748.6,509.3],[748.6,509.2],[748.5,509.2],[748.5,509.3],[748.5,509.4],[748.5,509.5],[748.4,509.4],[748.4,509.3],[748.4,509.2],[748.3,509.2],[748.3,509.3],[748.1,509.3],[748,509.4],[747.9,509.4],[747.8,509.3],[747.7,509.3],[747.6,509.3],[747.5,509.2],[747.4,509.2],[747.3,509.2],[747.3,509.1],[747.3,509],[747.2,509],[747.1,509],[747,509],[747,508.9],[747,508.8],[746.9,508.8],[746.9,508.9],[746.8,508.8],[746.6,508.8],[746.2,508.4],[746.2,508.3],[746.1,508.2],[746,508.1],[746.2,507.4],[746.2,507.1],[746.1,507],[745.8,505.7],[745.8,505.6],[745.4,505.3],[745.3,505.2],[745.3,505],[745.3,504.9],[745.4,505],[745.5,504.9],[745.4,504.9],[745.4,504.8],[745.4,504.7],[745.3,504.6],[745.3,504.5],[745.4,504.5],[745.3,504.4],[745.3,504.3],[745.35,504.2],[745.3,504.2],[745.2,504.2],[745.2,504.1],[745.3,504.1],[745.3,504],[745.3,503.9],[745.3,503.8],[745.2,503.8],[745.1,503.7],[745.1,503.6],[745,503.6],[745,503.7],[744.9,503.6],[744.8,503.6],[744.7,503.7],[744.6,503.6],[744.7,503.3],[744.7,503.2],[744.6,503.1],[744.5,503.1],[744.5,503],[744.5,502.9],[744.4,502.9],[744.4,503],[744.2,503],[744.1,503],[744.1,502.9],[744.2,502.8],[744.3,502.8],[744.4,502.8],[744.3,502.7],[744.3,502.6],[744.2,502.6],[744.2,502.7],[744.1,502.6],[744.1,502.5],[744,502.4],[744,502.3],[743.9,502.3],[743.8,502.2],[743.9,502.2],[743.8,502.1],[743.8,502],[743.7,501.9],[743.6,501.9],[743.5,501.9],[743.5,500.6],[743.5,500.5],[742,499.7],[741.1,498.8],[741,498.8],[740.9,498.8],[740.8,498.9],[740.7,498.9],[740.6,498.9],[740.5,498.9],[740.4,498.9],[740.3,498.8],[740.1,498.8],[740,498.7],[739.9,498.7],[739.9,498.6],[739.7,498.6],[739.6,498.6],[739.5,498.6],[739.4,498.6],[739.3,498.5],[739.2,498.4],[739.1,498.4],[738,497.4],[738.2,497],[738.1,497],[738.1,496.9],[738.1,496.8],[738,496.7],[737.9,496.7],[737.9,496.6],[737.8,496.6],[737.7,496.6],[737.7,496.7],[737.8,496.7],[737.8,496.8],[737.7,496.9],[737.6,496.9],[737.5,496.9],[737.5,496.8],[737.4,496.8],[737.3,496.9],[737.3,496.8],[737.2,496.8],[737.2,496.7],[737.2,496.6],[737.1,496.6],[737,496.6],[736.9,496.6],[736.8,496.6],[736.8,496.4],[736.7,496.3],[736.6,496.3],[736.5,496.3],[736.4,496.2],[735.9,494.9],[735.8,494.9],[735.8,495],[735.8,495.1],[735.7,495.1],[735.7,495],[735.6,495],[735.6,494.9],[735.6,494.8],[735.5,494.8],[735.5,494.9],[735.4,494.9],[735.4,494.8],[735.5,494.7],[735.4,494.7],[735.3,494.7],[735.3,494.6],[735.2,494.5],[735.2,494.6],[735.1,494.8],[735.1,494.7],[735.1,494.6],[735,494.6],[734.9,494.6],[734.9,494.5],[735,494.4],[734.9,494.4],[734.5,494.3],[734.6,494.2],[734.3,493.9],[734.4,493.8],[734.7,493.7],[734.6,493.6],[734.5,493.6],[734.5,493.5],[734.5,493.4],[734.4,493.2],[734.3,493.2],[734.2,493.1],[734.3,493],[734.4,493],[734.5,493],[734.5,492.9],[734.6,492.9],[734.7,492.4],[734.7,492.3],[734.7,492.2],[734.6,492.2],[734.5,492.1],[734.4,491.9],[734.4,491.8],[733.8,491.6],[733.7,491.6],[733.4,491.5],[733.3,491.5],[733.2,491.5],[733.1,491.2],[733,491.1],[733,491],[733,490.9],[732.9,490.8],[732.8,490.8],[732.7,490.8],[732.7,490.6],[732.5,490.5],[732.2,490.3],[732.1,490.1],[732,490],[731.9,490],[731.7,490],[731.5,489.8],[731.4,489.8],[731.2,489.8],[731,489.7],[730.7,489.4],[730.6,489.5],[730.2,489.6],[730.1,489.5],[729.9,489.3],[729.7,489.3],[728.7,488],[728.5,487.8],[728.4,487.7],[728,486.9],[728,486.8],[726.5,485.4],[726.4,485.4],[726.1,485.2],[726,485.1],[725.8,485],[725.6,484.9],[724.4,484.6],[724.3,484.6],[724.1,484.4],[724,484.4],[723.9,484.3],[723.8,484.3],[723.8,484.2],[723.7,484.2],[723,483.7],[722.9,483.5],[722.3,483.2],[722.2,483.2],[721.7,483],[721,481.9],[720.9,481.8],[720.9,481.7],[720.9,481.4],[719.9,480.6],[719.9,480.5],[719.5,479.9],[719.4,479.7],[718.5,479.2],[718.3,479],[718.1,478.7],[717.8,478],[717.8,477.7],[717.8,477.6],[717.8,477.5],[717.7,477.3],[717.7,477.1],[717.1,476.4],[717,476.3],[716.5,475.4],[716.4,475.3],[716.1,475.2],[716,475],[715.9,475],[715.7,474.9],[715.7,474.5],[715.6,474.5],[715.6,474.4],[715.5,474.3],[715.4,474.1],[715.4,474],[715.4,473.8],[715.4,473.7],[714.7,472.8],[714.2,472.5],[714,472.6],[713.3,472.8],[712.8,472.8],[712.6,472.9],[712.6,473],[712.6,473.1],[711.6,472.8],[711.5,472.7],[711.5,472.5],[711.1,472.4],[710.9,472.4],[710.9,472.3],[710.9,472],[710.7,472.1],[710.6,472],[710.6,471.9],[710.3,471.6],[710.2,471.6],[710,471.5],[709.8,471.4],[709.2,470.6],[709.1,470.6],[709,470.7],[708.8,470.7],[708.5,470.6],[708.4,470.6],[707.9,470.5],[708,470.4],[707.8,470.3],[707.7,470.2],[707.1,470],[707,469.9],[706.9,469.7],[706.8,469.7],[706.7,469.7],[706.7,469.6],[706.6,469.6],[706.5,469.6],[706.4,469.5],[706.4,469.4],[706.3,469.4],[706.2,469.4],[706.1,469.4],[706,469.4],[706,469.3],[706.1,469.3],[705.9,469],[705.8,468.8],[705.8,468.7],[705.7,468.6],[705.7,468.4],[705.7,468.3],[706.1,467.8],[706.2,467.8],[706.2,467.7],[706.1,467.7],[706.1,467.6],[706.1,467.5],[706.2,467.5],[706.1,467.4],[706.1,467.3],[706,467.1],[706.1,467],[706.1,466.9],[706.2,466.9],[706.2,466.8],[706.3,466.8],[706.4,466.7],[706.4,466.6],[706.4,466.5],[706.5,466.5],[706.5,466.4],[706.6,466.4],[706.5,466.3],[706.5,466.2],[706.6,466.2],[706.7,466.2],[706.7,466.3],[706.7,466.4],[706.8,466.4],[706.8,466.3],[706.9,466.3],[706.9,466.2],[706.9,466],[706.8,466],[706.8,465.9],[706.8,465.8],[706.8,465.7],[706.9,465.7],[707,465.7],[707,465.8],[707.1,465.8],[707.1,465.7],[707,465.6],[707.1,465.5],[707.1,465.4],[707.2,465.4],[707.1,465.3],[707.1,465.2],[707.2,465.2],[707.3,465.2],[707.4,464.9],[707.5,464.9],[707.6,464.9],[707.6,464.8],[707.7,464.7],[707.7,464.8],[707.8,464.8],[707.9,464.8],[707.8,464.7],[707.8,464.6],[707.8,464.5],[707.9,464.5],[708,464.5],[708.1,464.5],[708.1,464.4],[708.1,464.3],[708.2,464.3],[708.2,464.2],[708.1,464.2],[708.1,464.1],[708.2,464.1],[708.3,464.1],[708.4,464],[708.4,463.9],[708.5,464],[708.6,464],[708.5,463.9],[708.5,463.8],[708.5,463.7],[708.6,463.7],[708.7,463.8],[708.8,463.8],[708.9,463.7],[708.9,463.6],[709,463.6],[708.9,463.5],[709,463.4],[709.1,463.4],[709.2,463.4],[709.1,463.3],[709,463.2],[709,463.1],[709.1,463.1],[709.1,463],[709.1,462.9],[709,462.9],[709.1,462.7],[709.1,462.6],[709.1,462.5],[709.3,462.4],[709.3,462.3],[709.2,462.1],[709.1,462],[708.2,462.2],[708.1,462.2],[707.7,462.3],[707.4,462.4],[706.9,462.4],[706.2,462.5],[705.9,462.6],[705.6,462.7],[705.3,462.7],[705.2,462.7],[705,462.7],[704.8,462.7],[704.5,462.8],[703.5,463],[703.3,463],[702.4,463.1],[701.5,463.3],[700.9,463.4],[700.5,463.4],[699.3,463.7],[698.8,463.8],[698.6,463.8],[698,463.8],[697.3,463.9],[697.1,463.9],[697,464],[696.7,464],[696,464.1],[695.2,464.2],[694.9,464.2],[694.5,464.3],[694.2,464.3],[694.1,464.4],[693.5,464.4],[693.2,464.5],[692.7,464.5],[692.5,464.5],[692.4,464.5],[692.1,464.6],[692,464.6],[691.9,464.6],[691.7,464.6],[691.3,464.7],[691,464.7],[690.7,464.8],[690.4,464.8],[690.1,464.8],[689.7,464.8],[689.6,464.9],[689.3,464.9],[689.2,464.9],[688.9,465],[688.4,465],[688.3,465],[688.3,465.1],[688.2,465.1],[688,465.1],[687.5,465.2],[687.4,465.2],[687.3,465.2],[687.2,465.2],[687.1,465.2],[687,465.2],[686.6,465.2],[686.3,465.3],[685.8,465.4],[685.4,465.4],[685.1,465.5],[684.2,465.5],[684,465.5],[683.5,465.6],[683.1,465.7],[682.8,465.7],[682.1,465.8],[681.3,465.9],[681.1,465.9],[680.8,465.9],[680.4,466],[680,466.1],[679.7,466.1],[679.4,466.1],[679,466.2],[678.6,466.2],[678.2,466.2],[677.9,466.3],[677.7,466.3],[677.6,466.3],[677.5,466.3],[677.3,466.4],[677.2,466.4],[676.9,466.4],[676.8,466.5],[676.6,466.5],[675.7,466.5],[675.6,466.6],[675.4,466.6],[674.8,466.7],[674.5,466.7],[674.4,466.7],[674.4,466.8],[674.1,466.8],[673.8,466.8],[673.7,466.9],[673.5,466.9],[673.4,466.9],[673.3,466.9],[673.1,466.9],[672.9,466.9],[672.7,466.9],[672.6,466.9],[672.5,466.9],[672.4,466.9],[672.4,467],[672.2,467],[672.1,467],[672,467],[671.8,467.1],[671.7,467.1],[671.6,467.1],[671.5,467.1],[671.4,467.1],[671.3,467.2],[671,467.2],[670.9,467.2],[670.8,467.2],[670.7,467.2],[670.6,467.2],[670.3,467.2],[669.9,467.3],[669.7,467.3],[669.6,467.3],[669.5,467.4],[669.3,467.4],[669.1,467.4],[668.6,467.5],[668.5,467.5],[668.3,467.5],[668.2,467.5],[667.9,467.6],[667.5,467.6],[667,467.6],[666.2,467.7],[666.1,467.7],[666.2,468.2],[666.3,468.6],[666.3,468.8],[666.5,469.3],[666.5,469.4],[666.6,469.9],[666.8,470.4],[666.9,470.8],[666.9,471.1],[667.1,471.4],[667.3,472.4],[667.4,472.7],[667.6,473.4],[667.6,473.5],[667.7,473.6],[667.8,473.9],[667.8,474],[667.9,474.2],[667.9,474.5],[668.2,475.6],[668.3,476],[668.5,476.4],[668.6,476.9],[668.6,477],[668.7,477.3],[668.7,477.4],[668.8,477.4],[668.8,477.5],[669,478.2],[669.1,478.6],[669.2,479],[669.4,479.6],[669.6,480.1],[669.7,480.8],[669.9,481.1],[670.1,482],[670.2,482.3],[670.3,482.7],[670.4,483.2],[670.7,484.1],[671,485.4],[671.2,485.7],[671.4,486.6],[671.5,487],[671.8,488.3],[671.9,488.4],[672.1,489.2],[672.2,489.4],[672.4,490.5],[672.7,491.1],[672.7,491.4],[672.8,491.8],[673.2,493.1],[673.2,493.2],[673.3,493.6],[673.4,494.1],[673.6,494.6],[673.8,495],[673.9,495.6],[674.1,496.2],[674.1,496.3],[674.2,496.7],[674.3,497.1],[674.6,498.1],[674.7,498.3],[674.9,499.3],[675,499.5],[675.1,499.8],[675.2,500.1],[675.2,500.3],[675.2,500.5],[675.5,501.5],[675.7,502],[676,503.1],[676.1,503.5],[676.2,503.7],[676.2,504.1],[676.7,505.7],[676.9,506.1],[676.9,506.6],[677.1,507.1],[677.2,507.4],[677.2,507.7],[677.3,508],[677.4,508.3],[677.5,508.5],[677.6,509.1],[677.8,509.5],[678,510.2],[678,510.4],[678.3,511.1],[678.3,511.3],[678.4,511.8],[678.5,511.9],[678.5,512],[678.5,512.1],[678.6,512.3],[678.7,512.3],[678.9,512.3],[679,512.3],[679.1,512.4],[679.1,512.5],[679.1,512.6],[679,512.7],[678.9,512.9],[679,513],[679,513.1],[679,513.2],[679,513.3],[679.1,513.4],[679.2,513.5],[679.4,513.6],[679.5,513.7],[679.6,513.7],[679.7,513.8],[679.9,514],[679.6,514],[679.6,514.1],[679.5,514.2],[679.5,514.3],[679.6,514.4],[679.7,514.5],[679.7,514.6],[679.8,514.6],[679.8,514.7],[679.9,514.7],[680,514.7],[680.1,514.8],[680.1,514.9],[680,514.9],[680,515],[680,515.1],[680,515.2],[680,515.3],[680,515.4],[680.1,515.4],[680.1,515.5],[680.1,515.6],[680.1,515.7],[680.2,515.7],[680.3,515.8],[680.4,515.9],[680.5,516],[680.7,516.2],[680.7,516.3],[680.7,516.4],[680.4,516.7],[680.5,516.8],[680.9,516.8],[680.9,516.9],[680.8,517],[680.7,517],[680.7,517.1],[680.8,517.1],[681,517.3],[681,517.4],[681,517.5],[681.1,517.5],[681.1,517.6],[681.1,517.7],[681.2,517.8],[681.3,517.9],[681.3,518],[681.4,518],[681.5,518.1],[681.5,518.2],[681.6,518.2],[681.7,518.2],[681.8,518.3],[681.8,518.4],[681.9,518.4],[681.9,518.5]],[[747.2,509.1],[747.2,509.2],[747.1,509.2],[747.1,509.1],[747.2,509],[747.2,509.1]],[[706.4,466.4],[706.3,466.5],[706.3,466.4],[706.4,466.4]]]]}},{"type":"Feature","properties":{"st":"HI","fips":"15","name":"Hawaii","seats":2,"seats_2000":2,"seats_2010":2,"seats_2020":2,"seats_2030":2,"label_x":320.5,"label_y":648.4},"geometry":{"type":"MultiPolygon","coordinates":[[[[267.5,620.4],[269,619.6],[270.5,618],[270.5,616.5],[271.1,615.2],[271.3,613.6],[270.1,611.9],[268.4,611.1],[264.5,611.4],[263.3,612.3],[262,612.8],[260.1,615.2],[260.2,616.7],[261,617.9],[262.6,618.6],[263.4,619.3],[264.9,619.9],[267.5,620.4]]],[[[253.2,621.9],[254,621.7],[255,620.1],[256.6,619.2],[256.8,618],[257.4,616.7],[256.3,615.2],[254.8,615.1],[254.1,616.7],[252.1,618.1],[251.6,619.4],[251.6,620.6],[252.3,621.6],[253.2,621.9]]],[[[299.4,626.8],[298.7,626.9],[297.9,625.5],[297,624.8],[296.3,623.1],[295.2,622.1],[294.2,621.9],[293.2,622.4],[291.4,624.3],[288.1,624.8],[287.7,625.4],[289,628.1],[290.1,629.7],[290.6,630.2],[291.3,632.1],[292.4,632.3],[294.7,631.9],[295.9,632.1],[296.6,632.8],[297.6,633.1],[298.8,632.7],[300,632.8],[301.3,631.8],[301.5,630.9],[300.5,628.4],[300.4,627.2],[299.4,626.8]]],[[[309.6,632.1],[308.5,631.6],[307.5,631.7],[307,632.1],[306.8,633.1],[306.1,634],[305.8,635.2],[306.6,636.1],[308.3,636.3],[311.2,636],[311.6,636.3],[314.2,637.2],[315.6,637.2],[318.6,635.3],[319.1,634.5],[318.9,633.6],[317.7,632.7],[315,632.6],[312.8,631.8],[312,632.3],[309.6,632.1]]],[[[316.3,642.4],[317.2,641],[317.1,640.1],[315.8,638.6],[314.2,637.6],[311.9,637.5],[310.5,638.6],[310.5,639.7],[311.6,640.7],[311.7,641.7],[312.6,643.2],[313.2,643.4],[314.9,643.3],[316.3,642.4]]],[[[321.2,647.8],[322,647.1],[322.6,645.9],[323.3,646.3],[325.8,646.3],[327.5,645.6],[328.7,645.7],[330.8,644.8],[331.9,643.9],[332.5,642.6],[332.5,641.5],[331.9,639.6],[331.1,640.1],[329.8,639.6],[328.6,638.8],[327.5,637.8],[326.1,637.1],[324.9,637.1],[323.6,637.7],[322.8,637.8],[322,636.5],[320.2,635.4],[318.7,635.7],[317.5,637],[317.2,638.9],[317.7,640.3],[319.5,642.2],[321.6,642.4],[321.8,643.2],[321,644],[320,644],[317.7,645.3],[317.1,646.2],[317.2,648],[321.2,647.8]]],[[[336.2,678.4],[337.1,679.4],[338.2,679.1],[339.4,678],[340.3,676.6],[340.7,675.3],[342,674.6],[342.7,673.9],[343.6,673.5],[345.2,672.3],[346.7,672.6],[348.1,672],[349.1,671.4],[351.2,670.5],[353.6,668.4],[354.2,667.6],[354.5,666],[353.3,664.9],[352.4,664.5],[351.3,663.3],[351.3,662.7],[350.3,661.1],[349.3,660.9],[349.3,659.3],[348.3,658],[347.3,657.1],[345.2,655.7],[341.7,654],[339.8,653.4],[339.1,653.4],[337,652.1],[335.8,651.1],[334.2,650.6],[332.9,650.9],[332.1,651.8],[332,653.6],[332.4,655.3],[333.4,656.6],[332.4,657.8],[331.9,658.8],[331,659.1],[329.7,660.4],[329.2,661.1],[329,662.5],[329.8,664.5],[330.6,665],[331,666.9],[331.6,667.9],[332.3,670],[332.3,671],[331.8,673.9],[331.9,675.2],[332.7,676.6],[334.5,677.4],[336.2,678.4]]]]}},{"type":"Feature","properties":{"st":"IA","fips":"19","name":"Iowa","seats":4,"seats_2000":5,"seats_2010":4,"seats_2020":4,"seats_2030":4,"label_x":480.7,"label_y":267.3},"geometry":{"type":"MultiPolygon","coordinates":[[[[453.5,259.8],[453.6,260],[454,260.5],[454.3,260.7],[454.5,261],[454.5,261.1],[454.4,261.1],[454.4,261.2],[454.4,261.3],[454.5,261.2],[454.6,261.2],[454.6,261.5],[454.7,261.5],[454.8,261.7],[454.7,261.8],[454.8,261.8],[454.8,261.9],[454.8,262],[454.8,262.1],[454.8,262.2],[454.7,262.3],[454.7,262.4],[454.8,262.4],[455,262.7],[455,262.6],[455.1,262.7],[455.4,262.7],[455.5,262.7],[455.7,263],[455.7,263.2],[455.4,263.5],[455.4,263.6],[455.4,263.7],[455.4,263.8],[455.4,263.9],[455.4,264.1],[455.4,264.2],[455.4,264.4],[455.5,264.5],[455.7,264.6],[455.7,264.8],[455.8,265],[455.8,265.1],[456,265.2],[456.1,265.6],[456.2,265.7],[456.1,265.7],[456.1,265.8],[456,266.2],[456,266.5],[456,266.6],[456.1,266.7],[456.3,266.9],[456.4,266.9],[456.6,267.1],[456.6,267.3],[456.5,267.5],[456.5,267.7],[456.5,267.8],[456.6,267.9],[456.6,268],[456.7,268],[456.8,268],[457,268.2],[456.8,268.3],[456.9,268.5],[457,268.5],[457.1,268.4],[457.1,268.3],[457.2,268.3],[457.3,268.4],[457.4,268.4],[457.4,268.5],[457.3,268.6],[457.6,268.7],[457.7,268.7],[457.8,268.8],[457.8,269],[457.7,269],[457.7,269.4],[457.7,270],[457.8,270],[458,270.4],[458,270.5],[458.4,270.9],[458.3,271],[458.3,271.1],[458.3,271.2],[458.3,271.3],[458.1,271.4],[458,271.4],[458,271.5],[458.1,271.7],[458.2,271.7],[458.3,271.8],[458.2,272],[458.1,272],[458,272],[457.9,272.1],[458.1,272.5],[458.1,272.6],[458,273.1],[458,273.2],[458.2,273.6],[458.1,273.7],[458.2,274],[458.3,274.1],[458.6,274.2],[458.8,274.4],[458.8,274.5],[458.8,274.6],[459.6,274.8],[459.5,275.3],[459.6,275.4],[459.5,275.7],[459.6,275.9],[459.5,276],[459.4,276.3],[459.5,276.4],[459.6,276.4],[459.6,276.5],[459.7,276.5],[459.8,276.5],[459.9,276.5],[460,276.5],[460,276.6],[460.1,276.7],[460.1,276.8],[460,276.8],[460,276.9],[459.9,277],[459.8,277],[459.7,277],[459.7,277.1],[459.7,277.2],[459.7,277.4],[459.6,277.7],[459.6,277.8],[459.6,277.9],[459.6,278],[459.7,278],[460,278],[460.1,278],[460.3,278.1],[460.3,278.3],[460.1,278.3],[460,278.4],[460,278.5],[460,278.6],[460.1,278.7],[460.1,278.8],[460.1,278.9],[460.1,279],[460.1,279.1],[460.2,279.1],[460.1,279.4],[460,279.4],[460,279.5],[460,279.6],[460,279.7],[460.3,280.4],[460.4,280.4],[460.5,280.7],[460.4,280.8],[460.4,280.9],[460.4,281],[460.4,281.1],[460.4,281.2],[460.6,281.4],[460.6,281.5],[460.4,281.7],[460.3,281.8],[460.3,281.9],[460.3,282],[460.4,282.1],[460.3,282.4],[460.3,282.6],[460.4,282.8],[460.4,282.9],[460,283.2],[460.1,283.7],[460.2,283.7],[460.3,283.8],[460.3,284],[460.3,284.1],[460.4,284.1],[460.9,284.4],[461,284.5],[461,284.6],[461,284.7],[461.1,284.8],[461.2,284.9],[461.1,285.1],[461,285.2],[461.4,285.2],[461.8,285.2],[462.2,285.2],[462.5,285.2],[462.7,285.2],[463.2,285.2],[463.5,285.2],[463.7,285.2],[463.8,285.2],[464.1,285.2],[464.3,285.2],[464.5,285.2],[464.6,285.2],[465,285.2],[465.2,285.2],[465.6,285.2],[465.8,285.2],[465.9,285.2],[466,285.2],[466.4,285.2],[466.6,285.2],[466.9,285.2],[467.2,285.2],[467.5,285.2],[467.6,285.2],[468.1,285.2],[468.3,285.2],[468.4,285.2],[468.7,285.2],[468.8,285.2],[469.1,285.2],[469.2,285.2],[469.6,285.2],[469.8,285.2],[469.9,285.2],[470.2,285.2],[470.6,285.2],[470.7,285.2],[471.2,285.2],[471.4,285.2],[471.5,285.2],[472,285.2],[472.4,285.2],[472.5,285.2],[472.8,285.2],[473,285.2],[473.2,285.2],[473.3,285.2],[473.5,285.2],[473.6,285.2],[473.7,285.2],[474,285.2],[474.1,285.2],[474.2,285.2],[474.3,285.2],[474.4,285.2],[474.6,285.2],[475.1,285.2],[475.3,285.2],[475.7,285.2],[476,285.1],[476.3,285.1],[476.5,285.1],[476.7,285.1],[476.8,285.1],[477.2,285.1],[477.3,285.1],[478,285],[478.7,285],[478.9,285],[479,285],[479.1,285],[479.6,285],[479.7,285],[479.8,285],[480,285],[480.2,284.9],[480.7,284.9],[480.9,284.9],[481.1,284.9],[481.2,284.9],[481.6,284.9],[482.1,284.9],[482.5,284.9],[482.6,284.9],[482.7,284.9],[482.8,284.9],[483.2,284.9],[483.4,284.9],[483.6,284.9],[483.7,284.9],[483.9,284.8],[484.3,284.8],[484.5,284.8],[484.6,284.8],[484.7,284.8],[484.9,284.8],[485.2,284.7],[485.3,284.7],[485.7,284.7],[485.9,284.7],[486,284.7],[486.5,284.7],[486.6,284.7],[486.7,284.7],[486.8,284.6],[487.1,284.6],[487.5,284.6],[487.8,284.6],[488.6,284.6],[488.8,284.6],[488.9,284.6],[489.2,284.6],[489.2,284.5],[489.7,284.5],[490.3,284.5],[490.5,284.4],[490.6,284.4],[491,284.4],[491.1,284.4],[491.3,284.4],[491.4,284.4],[491.5,284.4],[491.7,284.3],[492,284.3],[492.2,284.3],[492.3,284.3],[492.5,284.3],[492.6,284.3],[492.8,284.3],[493.1,284.3],[493.5,284.3],[493.7,284.3],[493.9,284.2],[494.3,284.2],[494.4,284.2],[494.7,284.2],[495.1,284.1],[495.7,284.1],[495.9,284.1],[496.8,284],[497.1,284.6],[497.2,284.6],[497.7,284.8],[497.8,284.8],[497.9,285.3],[498,285.3],[498.3,285.7],[498.4,285.7],[498.5,285.8],[498.7,285.7],[498.7,285.8],[498.7,286],[498.7,286.1],[498.7,286.3],[499,286.4],[499,286.6],[499.1,286.6],[499.2,286.6],[499.3,286.6],[499.5,286.6],[499.6,286.6],[499.7,286.6],[499.8,286.6],[499.9,286.5],[500,286.4],[500.1,286.4],[500.1,286.2],[500,286.1],[499.9,285.8],[500,285.7],[500,285.5],[500.1,285.4],[500.1,285.3],[500.1,285.2],[500,285],[499.9,284.9],[499.7,284.6],[499.7,284.5],[499.9,284.3],[499.9,284.2],[500.1,284],[500.1,283.9],[500.2,283.8],[500.9,283.5],[501,283.5],[501.2,283.5],[501.5,283.5],[501.6,283.5],[501.9,283.2],[502.1,282.8],[502.2,282.7],[502.1,282.5],[502.1,282.4],[502.1,282.2],[502.2,282.1],[502.2,282],[502.3,281.9],[502.3,281.8],[502.3,281.7],[502.3,281.5],[502.2,281.5],[502.2,281.4],[502.2,281.3],[502.3,281.2],[502.4,281.2],[502.4,281],[502.8,280.6],[502.9,280.5],[503,280.3],[503.4,279.8],[503.4,279.6],[503.3,279.3],[503.4,279.2],[503.4,278.9],[503.5,278.7],[503.4,278.3],[503.4,278.2],[503.4,278.1],[503.4,278],[503.3,277.8],[503,277.4],[503,277.3],[502.9,277.2],[502.8,277.1],[502.7,277.1],[502.4,276.9],[502.3,276.8],[501.9,276.4],[501.9,276.3],[501.8,276.2],[502.1,275.3],[502.1,275.2],[502.1,275.1],[502.2,274.8],[502.2,274.7],[502.3,274.6],[502.3,274.5],[502.3,274.4],[502.3,274.3],[502.3,274.2],[502.4,274.2],[502.5,274.1],[502.6,274.1],[502.7,274.1],[502.9,274],[503,274],[503.6,274],[503.8,273.8],[503.9,273.8],[504.5,273.7],[504.7,273.7],[505,273.7],[505.3,273.6],[505.4,273.6],[505.5,273.5],[505.6,273.5],[505.7,273.4],[505.8,273.4],[506,273.2],[506.1,273.1],[506.2,272.9],[506.2,272.8],[506.3,272.8],[506.4,272.8],[506.5,272.7],[506.6,272.7],[506.7,272.7],[506.9,272.7],[507,272.8],[507.1,272.8],[507.3,272.7],[507.5,272.5],[507.6,272.4],[507.6,272.3],[507.7,272.3],[507.7,272.2],[507.8,272.1],[508,272],[508.2,271.9],[508.3,271.9],[508.4,271.8],[508.4,271.7],[508.3,271.5],[508.3,271.1],[508.3,271],[508.4,270.9],[508.4,270.8],[508.4,270.7],[508.8,269.7],[509,269.5],[509.1,269.5],[509.3,269.3],[509.4,269.3],[509.6,268.9],[509.6,268.8],[509.6,268.6],[509.6,268.5],[509.6,268.4],[509.7,268.2],[509.7,268.1],[509.8,268],[509.8,267.9],[509.8,267.7],[509.7,267.7],[509.7,267.6],[509.6,267.5],[509.6,267.4],[509.7,267.3],[509.7,267.2],[509.7,267.1],[509.8,267.1],[509.8,266.9],[509.8,266.8],[509.7,266.7],[509.7,266.6],[509.7,266.5],[509.6,266.4],[509.6,266.3],[509.5,266.2],[509.5,266],[509.5,265.9],[509.6,265.7],[509.6,265.6],[509.5,265.6],[509.3,265.4],[509.2,265.4],[509.1,265.1],[508.5,264.8],[508.3,264.7],[508.2,264.7],[507.8,264.6],[507.7,264.5],[507.5,264.3],[507.4,264.3],[507.3,264.1],[507.2,264],[507.2,263.9],[507.1,263.8],[507.1,263.7],[507.1,263.6],[507.2,263.2],[507.1,263.1],[507,263],[506.8,262.7],[506.7,262.6],[506.6,262.5],[506.4,262.4],[506.3,262.4],[506.3,262.3],[506.1,262.3],[505.7,261.8],[505.6,261.8],[505.2,261.6],[505,261.5],[505.1,261.2],[505.1,261.1],[505.1,260.9],[505.1,260.8],[505,260.7],[505,260.6],[504.9,260.4],[504.8,260.4],[504.8,260.3],[504.7,260.1],[504.6,260],[504.5,259.8],[504,259.5],[503.9,259.5],[503.8,259.5],[503.7,259.5],[503.5,259.5],[503.4,259.5],[503.4,259.4],[503,259.3],[502.9,259.3],[502.8,259.3],[502.3,259.2],[502.1,259],[502,258.9],[501.9,258.9],[501.8,258.8],[501.6,258.7],[501.5,258.6],[501.5,258.7],[501.3,258.3],[501.3,258.2],[501.2,258],[501.2,257.9],[501.2,257.8],[501.2,257.6],[501.1,257.6],[501,257.5],[501,257.3],[500.7,256.8],[500.7,256.7],[500.6,256.7],[500.5,256.6],[500.6,256.5],[500.5,256],[500.4,255.8],[500.4,255.7],[500.3,255.5],[500.3,255.3],[500.2,255.2],[500.2,255.1],[500.2,254.9],[500.2,254.3],[500.1,254.1],[500.3,253.9],[500.4,253.7],[500.4,253.6],[500.7,253.2],[500.9,252.9],[501,252.7],[501.1,252.6],[500.5,251.8],[500.4,251.7],[500.1,251.6],[500,251.5],[499.7,251.3],[499.8,250.7],[499.7,250.6],[499.5,250.2],[499.6,249.8],[499.6,249.7],[499.3,249.7],[499.2,249.7],[499,249.7],[498.9,249.7],[498.5,249.8],[498.2,249.8],[497.8,249.8],[497.5,249.8],[497.4,249.8],[497.2,249.8],[496.9,249.8],[496.9,249.9],[496.7,249.9],[496.4,249.9],[496.2,249.9],[496.1,249.9],[495.7,249.9],[495.4,249.9],[495.2,249.9],[494.8,250],[494.7,250],[494.6,250],[494.1,250],[493.5,250],[493.4,250],[493.3,250],[493,250],[492.7,250],[492.5,250],[492.3,250],[491.8,250.1],[491.7,250.1],[491.1,250.1],[490.3,250.1],[489.8,250.2],[489.7,250.2],[489.6,250.2],[489.5,250.2],[489.4,250.2],[487.9,250.2],[487.2,250.3],[486.8,250.3],[486.7,250.3],[486.6,250.3],[486.4,250.3],[486,250.3],[485.7,250.3],[484.9,250.3],[484.4,250.3],[483.8,250.4],[483.4,250.4],[482.5,250.4],[482.3,250.4],[481.4,250.4],[480.3,250.5],[480.2,250.5],[480,250.5],[479.7,250.5],[478.8,250.5],[476.8,250.6],[476.7,250.6],[476.1,250.6],[475.2,250.6],[475,250.6],[474.7,250.6],[474.3,250.6],[473.9,250.6],[473.8,250.6],[473.3,250.6],[472.7,250.6],[472.1,250.6],[472,250.6],[471.9,250.6],[471.1,250.6],[470.8,250.6],[469.5,250.7],[469.3,250.7],[468.9,250.7],[468.7,250.7],[468.4,250.7],[468.3,250.7],[467.8,250.7],[467.5,250.7],[466.6,250.7],[466.4,250.7],[466.3,250.7],[466.1,250.7],[465.7,250.7],[465.4,250.7],[465.3,250.7],[465.1,250.7],[464.9,250.7],[463.8,250.7],[463.6,250.7],[463.4,250.7],[463.3,250.7],[463.1,250.7],[462.8,250.7],[461.9,250.8],[461.7,250.8],[461.5,250.8],[460.7,250.8],[458.8,250.8],[458.3,250.8],[458.2,250.8],[458,250.8],[457.4,250.8],[457.1,250.7],[456.2,250.7],[456.1,250.7],[456,250.7],[455.9,250.7],[455.1,250.7],[454.6,250.7],[453.9,250.7],[454,250.9],[454,251],[453.9,251.2],[453.9,251.3],[453.9,251.4],[454.5,252.1],[454.5,252.5],[454.5,252.6],[454.3,253.2],[454.2,253.2],[453.9,253.2],[454.2,253.6],[454.1,253.9],[454.8,254],[454.9,254.3],[454.9,254.4],[455,254.5],[455,254.6],[455,254.7],[455.2,255.3],[455.1,255.6],[455.1,255.7],[454.5,256.1],[454.7,256.6],[454.6,256.7],[454.5,256.8],[454.5,256.9],[454.6,257.3],[454.3,257.8],[454.2,258.5],[454.2,258.6],[454.1,258.6],[453.9,258.5],[453.9,258.6],[453.9,258.7],[453.9,258.8],[453.9,258.9],[453.8,259.1],[453.8,259.2],[453.6,259.2],[453.6,259.3],[453.6,259.5],[453.5,259.7],[453.5,259.8]]],[[[459.8,276.8],[459.8,276.7],[459.7,276.7],[459.6,276.7],[459.6,277],[459.7,277],[459.8,276.8]]]]}},{"type":"Feature","properties":{"st":"ID","fips":"16","name":"Idaho","seats":2,"seats_2000":2,"seats_2010":2,"seats_2020":2,"seats_2030":3,"label_x":253.1,"label_y":223.4},"geometry":{"type":"MultiPolygon","coordinates":[[[[241.3,223.5],[241.3,223.6],[241.2,223.6],[241.3,223.7],[241.2,223.7],[241.2,223.8],[241.1,223.9],[241.1,224],[241.1,224.1],[241.1,224.2],[240.9,224.2],[240.8,224.3],[240.8,224.5],[240.8,224.6],[240.7,224.7],[240.7,224.8],[240.7,224.9],[240.7,225.1],[240.6,225.4],[240.5,225.7],[240.5,226],[240.4,226.1],[240.4,226.2],[240.3,226.5],[240.3,226.6],[240.3,226.7],[240.1,227.7],[240,228.1],[239.8,228.7],[239.8,228.9],[239.8,229],[239.7,229.1],[239.7,229.3],[239.7,229.5],[239.5,230],[239.5,230.2],[239.5,230.3],[239.4,230.5],[239.4,230.8],[239.3,231.1],[239.1,231.9],[239.1,232.1],[239,232.5],[238.9,232.8],[238.8,233.1],[238.8,233.3],[238.8,233.4],[238.7,233.7],[238.7,233.9],[238.6,234],[238.6,234.3],[238.5,234.5],[238.4,235.1],[238.3,235.4],[238.2,236],[238.1,236.5],[238.1,236.6],[238.1,236.7],[238.7,236.8],[239.2,236.9],[239.4,236.9],[239.5,237],[240,237.1],[240.2,237.1],[240.8,237.3],[241,237.3],[241.2,237.4],[241.4,237.4],[241.5,237.4],[242.2,237.6],[242.3,237.6],[242.4,237.6],[242.8,237.7],[242.9,237.7],[243,237.8],[243.1,237.8],[243.3,237.8],[243.5,237.9],[243.7,237.9],[243.9,237.9],[243.9,238],[244.2,238],[244.3,238],[244.4,238.1],[244.5,238.1],[244.6,238.1],[244.7,238.1],[244.8,238.1],[245.1,238.2],[245.4,238.3],[245.5,238.3],[245.6,238.3],[245.7,238.3],[245.9,238.4],[246,238.4],[246.1,238.4],[246.2,238.4],[246.3,238.5],[246.5,238.5],[246.6,238.5],[246.8,238.6],[246.9,238.6],[247.3,238.7],[247.7,238.7],[247.8,238.8],[248.2,238.8],[248.3,238.9],[248.4,238.9],[248.6,238.9],[248.7,238.9],[248.9,239],[249.1,239],[249.4,239.1],[249.6,239.1],[249.7,239.1],[249.8,239.2],[250,239.2],[250.1,239.2],[250.3,239.3],[250.5,239.3],[250.9,239.4],[251.1,239.4],[251.2,239.4],[251.5,239.5],[251.6,239.5],[251.7,239.5],[251.8,239.6],[251.9,239.6],[252,239.6],[252.2,239.6],[252.3,239.7],[252.7,239.7],[252.8,239.8],[253,239.8],[253.1,239.8],[253.3,239.9],[253.5,239.9],[253.6,240],[253.8,240],[253.9,240],[254.7,240.1],[254.7,240.2],[254.9,240.2],[255,240.2],[255.2,240.2],[255.4,240.3],[255.6,240.3],[255.7,240.3],[256.4,240.4],[256.6,240.5],[256.8,240.5],[257,240.5],[258,240.7],[258.2,240.7],[258.5,240.8],[258.6,240.8],[258.8,240.8],[259.4,240.9],[259.4,241],[259.7,241],[260.2,241.1],[260.6,241.2],[261,241.2],[261.3,241.3],[261.5,241.3],[261.7,241.3],[261.8,241.4],[261.9,241.4],[262,241.4],[262.1,241.4],[262.3,241.5],[262.5,241.5],[262.7,241.5],[262.8,241.5],[263,241.6],[263.1,241.6],[263.2,241.6],[263.5,241.7],[263.8,241.7],[263.9,241.7],[264.1,241.8],[264.4,241.8],[264.7,241.9],[264.8,241.9],[264.9,241.9],[266.3,242.1],[266.6,242.1],[266.9,242.2],[267.2,242.2],[267.6,242.3],[267.7,242.3],[267.7,241.7],[267.8,241.4],[267.8,241.1],[267.8,241],[267.9,241],[267.9,240.9],[267.9,240.5],[268,239.9],[268.1,239.7],[268.1,239.6],[268.1,239.1],[268.3,238.1],[268.3,237.9],[268.4,237.8],[268.4,237.5],[268.4,237.3],[268.5,237],[268.6,236.5],[268.6,236.3],[268.7,236],[268.7,235.8],[268.7,235.6],[268.7,235.5],[268.8,235.3],[268.8,235.1],[268.8,235],[268.9,234.7],[268.9,234.6],[268.9,234.5],[268.9,234.4],[268.9,234.3],[269,234],[269,233.8],[269.1,233.3],[269.1,233.2],[269.1,233.1],[269.2,232.4],[269.3,232],[269.3,231.9],[269.4,231.3],[269.5,230.6],[269.5,230.5],[269.5,230.4],[269.5,230.3],[269.6,230.3],[269.6,230],[269.7,229.7],[269.7,229.6],[269.7,229.5],[269.7,229.4],[269.7,229.2],[269.8,229],[269.8,228.9],[269.8,228.8],[269.8,228.7],[269.9,228.4],[269.9,228.3],[269.9,228.1],[269.9,228],[269.9,227.9],[270,227.3],[270.1,227],[270.2,225.9],[270.3,225.9],[270.3,225.6],[269.9,225.4],[269.8,224.9],[269.7,224.8],[269.5,224.7],[269.6,224.4],[269.6,224.3],[269.4,223.9],[269,223.5],[268.8,223.7],[268.5,223.7],[268.4,223.8],[268.3,224.1],[268.2,224.4],[268.2,224.8],[267.8,224.6],[267.7,224.7],[267.6,224.7],[267.2,224.5],[266.7,224.7],[266.5,224.5],[265.7,224.4],[265.3,224.5],[265.1,224.3],[265,224.3],[264.6,224],[264.5,224],[264.4,224],[264.3,224.2],[264.2,224.2],[264,224.4],[264,224.5],[264,224.6],[263.9,224.6],[263.9,224.7],[263.8,224.7],[263.7,224.6],[263.7,224.7],[263.6,224.7],[263.6,224.6],[263.6,224.5],[263.5,224.5],[263.4,224.5],[263.3,224.5],[263.3,224.4],[263.2,224.4],[263.1,224.4],[263.1,224.3],[263,224.3],[262.9,224.3],[262.8,224.3],[262.7,224.3],[262.7,224.2],[262.6,224.2],[262.5,224.2],[262.5,224.1],[262.4,224.1],[262.3,224.1],[262.2,224.1],[262.1,224.1],[262,224.2],[261.7,224.4],[261.7,224.8],[261.7,224.9],[261.4,224.7],[260.9,224.2],[260.8,223.9],[261,223.7],[260.7,223.1],[260.9,223],[260.9,222.9],[260.8,222.8],[260.9,222.8],[260.8,222.4],[260.8,222.3],[260.8,222.2],[260.7,222.2],[260.7,222.1],[260.6,222],[260.7,222],[260.7,221.9],[260.6,221.9],[260.6,221.8],[260.5,221.8],[260.2,221.5],[260.1,221.5],[260,221.5],[259.9,221.6],[259.8,221.6],[259.7,221.6],[259.6,221.6],[259.7,221.4],[259.6,221.4],[259.4,221.1],[259.3,221.1],[259.3,221],[259.2,221],[259.2,220.9],[259.2,220.4],[259.3,220.4],[259.4,220.4],[259.4,220.3],[259.4,220.2],[259.5,220.2],[259.5,220.1],[259.5,219.9],[259.5,219.8],[259.4,219.7],[259.3,219.6],[259.4,219.6],[259.3,219.5],[259.2,219.5],[259.2,219.4],[259.3,219.3],[259,219],[259,218.9],[259,218.8],[259,218.7],[258.7,218.2],[258.7,218.1],[258.5,217.6],[258.6,217.3],[258.6,217.2],[258.4,217.1],[258.6,216.4],[258.3,216.3],[258.3,216.2],[258.5,215.9],[258.3,215.6],[258.1,215.5],[258,215],[257.9,215],[257.9,214.9],[257.8,214.9],[257.6,215.2],[256.8,215.8],[256.7,215.8],[256.6,215.8],[256.4,215.7],[256.3,216],[256,216.2],[255.9,216.2],[255.8,216.2],[255.6,215.9],[255.5,215.7],[255.5,215.6],[255.3,215.4],[255.2,215.4],[255.1,215.3],[254.9,215.4],[255.1,215.1],[255,214.8],[255.3,214.7],[255.4,214.3],[255.3,214.3],[255.3,214.2],[255.2,214.1],[255.2,214],[255.2,213.9],[255.3,213.9],[255.3,213.8],[255.4,213.7],[255.4,213.6],[255.5,213.6],[255.5,213.5],[255.6,213.5],[255.7,213.5],[255.8,213.5],[255.9,213.5],[256,213.5],[256.1,213.5],[256.1,213.4],[256.2,213.4],[256.2,213.3],[256.1,213.3],[256.1,213.2],[256.1,213.1],[256.1,213],[256,213],[256.1,212.9],[256.2,212.9],[256.2,212.8],[256.2,212.7],[256.1,212.7],[256.1,212.6],[256,212.6],[256,212.5],[255.9,212.5],[255.9,212.4],[255.9,212.3],[255.8,212.3],[255.8,212.2],[255.9,212.2],[255.9,212.1],[256,212.1],[256,212],[256.1,212],[256.1,211.9],[256.1,211.8],[256,211.8],[256,211.7],[255.9,211.7],[255.9,211.6],[255.9,211.5],[255.9,211.4],[255.9,211.3],[256,211.4],[256.1,211.4],[256.2,211.4],[256.3,211.4],[256.3,211.3],[256.3,211.2],[256.3,211.1],[256.3,211],[256.3,210.9],[256.3,210.8],[256.3,210.7],[256.4,210.7],[256.5,210.7],[256.5,210.6],[256.5,210.5],[256.5,210.4],[256.6,210.4],[256.6,210.3],[256.7,210.2],[256.7,210.1],[256.7,210],[256.7,209.9],[256.8,209.9],[256.8,209.8],[256.9,209.8],[256.9,209.7],[257,209.7],[257,209.6],[256.9,209.6],[256.9,209.5],[256.9,209.4],[256.9,209.3],[256.9,209.2],[257,209.2],[257.1,209.2],[257.2,209.2],[257.2,209.1],[257.2,209],[257.2,208.9],[257.3,208.9],[257.3,208.8],[257.3,208.7],[257.4,208.6],[257.4,208.5],[257.4,208.4],[257.4,208.3],[257.4,208.2],[257.3,208.2],[257.3,208.1],[256.8,208.3],[256.3,208.2],[256.2,208.2],[256.2,208.1],[256.1,208],[256,207.9],[256.2,207.6],[256,207.4],[255.9,207.4],[255.5,207.6],[255.4,207.4],[255.5,207],[255.4,207],[255.3,207],[254.9,206.5],[254.9,206.4],[255,206],[255,205.9],[254.9,205.9],[254.9,205.8],[254.7,205.6],[254.5,205.5],[254.5,205.3],[254.4,204.9],[254.3,204.8],[254.3,204.7],[254.3,204.6],[254.3,204.5],[254.2,204.5],[254.2,204.4],[254.1,204.4],[254.1,204.3],[254.1,204.2],[254,204.2],[253.9,204.1],[253.9,203.9],[253.8,203.9],[253.7,203.9],[253.7,203.8],[253.7,203.7],[253.8,203.7],[253.8,203.6],[253.7,203.6],[253.7,203.5],[253.5,203.3],[253.2,203.1],[253,203],[252.8,202.9],[252.8,202.8],[252.7,202.5],[252.6,202.3],[252.5,202.2],[252.4,202.2],[252.2,201.9],[251.9,201.8],[252.2,201.7],[252.4,201.5],[252.3,201.4],[252.3,201.3],[252.3,201.2],[252.1,201],[252.2,200.9],[252.4,200.6],[252.5,200.6],[252.3,200.3],[252.3,199.9],[252.1,199.6],[252.1,199.1],[251.9,198.9],[251.7,198.4],[251.6,198.3],[251.5,198.1],[251.5,198],[251.4,197.9],[251.5,197.3],[251.5,197.2],[251.5,197.1],[251.6,196.9],[251.6,196.8],[251.7,196.3],[251.8,196.2],[251.9,195.6],[251.9,195.4],[252,195.2],[252,195],[252,194.8],[252.2,193.9],[252.3,193.7],[252.3,193.6],[252.3,193.5],[252.3,193.3],[252.4,193.3],[252.4,193.1],[252.5,192.7],[252.5,192.5],[252.6,192.4],[252.7,191.7],[252.8,191.4],[252.8,191.3],[252.8,191.1],[248.5,190.2],[248.3,191],[248.2,191.4],[248.2,191.5],[248.1,191.8],[248,192.1],[247.9,192.6],[247.7,193.3],[247.7,193.5],[247.7,193.6],[247.6,193.9],[247.6,194],[247.6,194.2],[247.5,194.3],[247.5,194.5],[247.4,194.9],[247.3,195.2],[247.3,195.5],[247.2,195.5],[247.2,195.6],[247.2,195.7],[247.1,195.9],[247.1,196.2],[247.1,196.3],[247,196.5],[247,196.6],[246.9,196.8],[246.9,197],[246.8,197.3],[246.8,197.5],[246.7,198],[246.6,198.2],[246.6,198.5],[246.5,198.7],[246.5,198.8],[246.5,198.9],[246.5,199],[246.4,199.2],[246.4,199.3],[246.3,199.7],[246.3,199.8],[246.2,199.9],[246.2,200.1],[246.2,200.2],[246.1,200.6],[246.1,200.7],[246,200.9],[246,201],[246,201.2],[245.9,201.3],[245.9,201.4],[245.8,201.6],[245.8,201.8],[245.8,202],[245.7,202.2],[245.7,202.3],[245.6,202.7],[245.6,202.8],[245.6,202.9],[245.5,203],[245.5,203.2],[245.5,203.3],[245.4,203.6],[245.4,203.7],[245.4,203.9],[245.3,204],[245.3,204.2],[245.3,204.3],[245.2,204.4],[245.2,204.7],[245.1,204.9],[245.1,205.1],[245.1,205.2],[245,205.3],[244.9,205.9],[244.9,206],[244.9,206.1],[244.8,206.2],[244.8,206.3],[244.8,206.5],[244.7,206.8],[244.7,206.9],[244.6,207.1],[244.6,207.2],[244.6,207.3],[244.6,207.4],[244.5,207.5],[244.4,207.5],[244.4,207.6],[244.4,207.7],[244.5,207.7],[244.6,207.8],[244.5,207.8],[244.7,208.5],[244.6,208.8],[244.7,208.8],[244.8,209],[244.5,209.4],[244.5,210.1],[244.6,210.1],[244.6,210.2],[244.6,210.3],[244.6,210.4],[244.7,210.4],[244.7,210.5],[244.7,210.6],[244.7,210.7],[244.7,210.8],[244.7,210.9],[244.8,210.9],[244.8,211],[244.9,211],[244.9,211.1],[244.9,211.2],[244.9,211.3],[244.9,211.4],[245,211.4],[245,211.5],[245.1,211.5],[245.2,211.5],[245.3,211.5],[245.3,211.6],[245.3,211.7],[245.4,211.7],[245.4,211.8],[245.5,211.8],[245.6,211.8],[245.6,211.9],[245.7,211.9],[245.7,212],[245.8,212],[245.8,212.1],[245.9,212.1],[245.9,212.2],[245.9,212.3],[245.9,212.4],[245.9,212.5],[245.9,212.6],[245.9,212.7],[246,212.8],[246,212.9],[246,213],[246.1,213],[246.1,213.1],[246.1,213.2],[246,213.2],[246,213.3],[246,213.4],[245.9,213.4],[245.8,213.4],[245.8,213.5],[245.7,213.5],[245.7,213.6],[245.4,214],[245,214.4],[244.9,214.5],[244.9,214.6],[244.8,214.7],[244.7,214.8],[244.7,214.9],[244.7,215],[244.6,215.1],[244.6,215.2],[244.5,215.2],[244.5,215.3],[244.5,215.4],[244.4,215.4],[244.2,215.8],[244.2,215.9],[243.8,216.3],[243.8,216.4],[243.6,216.5],[243.6,216.6],[243.4,216.8],[243.3,216.9],[243.3,217],[243.4,217],[243.3,217.1],[243.3,217.2],[243.4,217.3],[243.3,217.3],[243.3,217.4],[243.2,217.5],[243.2,217.6],[243.1,217.6],[243.1,217.7],[243,217.7],[242.9,217.7],[242.9,217.8],[242.9,217.9],[242.7,218.2],[242.1,218.3],[241.8,218.6],[241.8,218.7],[241.3,219.5],[240.9,219.9],[240.8,219.9],[240.8,220.3],[240.6,220.4],[240.8,220.9],[240.6,221.1],[240.6,221.2],[240.6,221.3],[240.7,221.3],[241.2,221.6],[241.3,221.7],[241.6,221.7],[241.7,221.7],[241.7,221.8],[241.6,222.1],[241.7,222.1],[241.8,222.1],[241.9,222.3],[241.9,222.4],[241.8,222.6],[241.7,222.6],[241.5,222.8],[241.4,222.8],[241.4,223],[241.4,223.1],[241.5,223.2],[241.5,223.3],[241.4,223.3],[241.4,223.4],[241.3,223.5]],[[243.4,217],[243.4,216.9],[243.5,216.9],[243.5,217],[243.4,217]]]]}},{"type":"Feature","properties":{"st":"IL","fips":"17","name":"Illinois","seats":17,"seats_2000":19,"seats_2010":18,"seats_2020":17,"seats_2030":15,"label_x":548.4,"label_y":338.2},"geometry":{"type":"MultiPolygon","coordinates":[[[[557.56,406.31],[558.1,406.4],[558.3,406.4],[558.3,406.3],[558.5,406.4],[559.8,406.7],[560.1,406.8],[560.2,406.9],[560.5,407],[561,407.1],[561.1,407.2],[561.2,407.3],[561.3,407.4],[561.8,407.8],[562,407.8],[562.1,407.9],[562.4,408],[562.7,408],[563.2,408.1],[563.6,408.2],[564.2,408.5],[564.3,408.5],[564.4,408.5],[564.6,408.6],[564.9,408.8],[565,408.8],[565.3,409.2],[565.4,409.2],[565.4,409.3],[565.5,409.3],[565.6,409.4],[566.9,409.5],[567,409.5],[567.3,409.4],[567.4,409.3],[567.6,409.2],[567.8,409],[568,407.7],[568,407.5],[568.1,407.3],[568,407.2],[567.9,407],[567.9,406.9],[567.8,406.8],[567.8,406.7],[567.8,406.6],[567.7,406.5],[567.7,406.4],[567.6,406.3],[567.5,406.2],[567.5,406.1],[567.4,406],[567.3,405.9],[567.2,405.8],[567.1,405.8],[567,405.7],[567,405.6],[566.9,405.6],[566.9,405.5],[566.8,405.4],[566.8,405.3],[566.7,405.2],[566.6,405.1],[566.6,405],[566.5,405],[566.4,404.9],[566.3,404.9],[566.2,404.9],[566.2,404.8],[566.3,404.8],[566.4,404.8],[566.3,404.7],[566.3,404.6],[566.2,404.5],[566.2,404.4],[566.1,404.4],[566.1,404.3],[566.1,404.2],[566.1,404.1],[566.1,404],[566.2,403.9],[566.3,403.7],[566.3,403.5],[566.4,403.4],[566.5,403.2],[566.5,403.1],[566.5,403],[566.6,402.9],[566.6,402.8],[566.6,402.7],[566.6,402.6],[566.6,402.2],[566.6,402],[567.6,400.8],[567.9,400.7],[568,400.7],[568.1,400.8],[568.5,401],[568.6,401.2],[568.7,401.2],[569,401],[569.1,400.8],[569.3,400.6],[569.5,400.4],[569.6,400.3],[569.7,400.1],[571.3,399.7],[571.5,399.6],[572.3,399.4],[572.8,399.2],[574,399],[574.1,398.9],[574.3,398.3],[574.3,398.2],[573.1,396.8],[572.8,396.6],[572.2,394.6],[572.4,394],[572.5,393.9],[572.5,393.8],[572.6,393.6],[572.8,393.3],[573.1,393.1],[573.6,392.7],[573.7,392.7],[573.8,392.4],[574.1,392],[574.2,391.8],[574.2,391.5],[574.3,391.1],[574.4,391],[574.2,390.8],[573.6,391],[573.3,390.8],[574,390.5],[573.1,389],[572.9,388.8],[574,388.8],[574.1,388.7],[574.4,388.8],[574.5,388.7],[573.9,388],[574,387.8],[573.9,386],[574,385.8],[573.7,385.3],[573.6,385.2],[575.1,384],[575.1,383.8],[575,383.6],[574.9,383.6],[574.9,383.7],[574.7,383.8],[574.5,384],[574.2,383.5],[574.3,383.4],[574.4,383.4],[574.7,383.4],[574.7,383.3],[574.7,383],[574.8,382.9],[575.1,382.8],[575.2,382.9],[575.7,382.2],[575.8,382.1],[574.5,381.2],[574.4,381.1],[574.4,381],[574.3,380.8],[574.3,380.5],[574.4,380.3],[574.2,379.8],[575.2,378.7],[575.9,379],[576.7,379.1],[577.1,377.5],[577.1,377.4],[577.3,377.1],[577.4,376.9],[577.8,376.8],[577.9,376.6],[578.1,376.3],[578.2,376.1],[578.4,375.6],[578.4,375.3],[578.1,374.5],[578.1,374.2],[578.2,374.1],[578.3,374],[578.5,374],[580.1,373],[579.9,372.9],[579.6,372.2],[579.8,372],[579.8,371.8],[579.8,371.7],[580,371.4],[580,371.1],[580.2,371.1],[580.3,370.9],[580.2,370.7],[580.3,370.3],[580.3,370.2],[580.3,369.9],[580.4,369.8],[581.1,369],[581.3,368.9],[582,368.5],[582,368.3],[582,368.2],[582.2,367.6],[582.2,367.5],[582.4,367.3],[582.2,367.1],[582.3,366.8],[582.3,366.7],[582.3,366.6],[581.6,364.6],[581.3,364.6],[581.5,363.4],[581.6,363.4],[581.5,362.8],[581.6,362.6],[581.5,362.4],[581.6,362.4],[581.6,362.1],[581.4,362],[581,361.7],[580.9,361.6],[580.8,361.6],[580.7,361.6],[580.6,361.6],[580.5,361.5],[580.3,361.5],[580.3,361.4],[580.3,361.3],[580.4,361.4],[580.5,361.4],[580.6,361.3],[580.6,361.2],[580.5,361.2],[580.4,361.2],[580.3,361.2],[580.3,361.1],[580.3,361],[580.3,360.9],[580.3,360.8],[580.3,360.6],[580,359.5],[579.8,359.4],[579.5,359.2],[579.4,359.2],[579.3,359.1],[578.6,358.6],[578.6,358.5],[578.5,358],[578.5,357.9],[579,357.4],[578.9,357.4],[579.1,357],[579,356.7],[579.1,356.7],[579.7,356.3],[579.2,354.8],[579.3,353.1],[579.4,353.1],[580.1,352.7],[580.1,352.6],[580.3,352.6],[580.3,352],[580.3,351.2],[580.2,350.5],[580.2,350.4],[580.2,350.2],[580.1,349.6],[580.1,349.5],[580.1,349.3],[580,348.8],[579.9,347.8],[579.9,347.3],[579.7,345.9],[579.6,345],[579.6,344.7],[579.6,344.2],[579.5,344],[579.5,343.7],[579.5,343.3],[579.5,342.4],[579.4,342.1],[579.4,341.4],[579.3,340.8],[579.2,340.1],[579.2,339.4],[579.1,338.6],[579,338],[579,337.9],[579,337.5],[578.9,337.1],[578.9,336.5],[578.8,336],[578.8,335.7],[578.8,335.3],[578.8,335.1],[578.8,334.8],[578.8,334.4],[578.7,333.3],[578.7,333.2],[578.6,333],[578.6,332],[578.5,331],[578.4,330],[578.4,329.9],[578.3,328.7],[578.2,328.1],[578.2,327.8],[578.2,327.7],[578.1,327.2],[578.1,326.4],[578.1,325.6],[578.1,325.2],[578,324.9],[578,324.6],[578,324.5],[577.8,323],[577.7,322.1],[577.5,319.3],[577.4,318.5],[577.4,318.1],[577.4,318],[577.3,317],[577.3,316.4],[577.2,316],[577.1,315],[577.1,314.4],[577,313.8],[577,313.6],[577,313.3],[576.9,313.1],[576.9,312.8],[576.6,308.9],[576.6,308.8],[576.6,308.6],[576.6,308.5],[576.5,308.5],[576.5,308.2],[576.5,307.9],[576.4,306.9],[576,303.4],[575.9,302.5],[575.9,302],[575.9,301.1],[575.9,300.5],[575.8,300.4],[575.8,299.7],[575.7,299.3],[575.7,299.1],[575.7,298.8],[575.7,298.7],[575.7,298.6],[575.7,298.5],[575.6,298.4],[575.6,298.3],[575.6,298.2],[575.6,298.1],[575.6,297.8],[575.6,297.7],[575.6,297.6],[575.6,297.5],[575.6,297.4],[575.5,297.3],[575.5,297.2],[575.5,297.1],[575.5,296.9],[575.4,296.3],[575.4,295.8],[575.4,295.7],[575.4,295.5],[575.4,295.4],[575.4,295.3],[575.3,295.2],[575.2,294.1],[574.7,294.1],[574.1,292.7],[573.7,291.9],[573.3,290.9],[572.8,289.5],[571.6,286.5],[570.9,285.9],[569.2,283.2],[568.6,281.4],[568.9,279.1],[568.7,276.8],[568.5,276.8],[568.4,276.8],[567.9,276.8],[567.7,276.8],[567.3,276.8],[567.1,276.8],[566.8,276.8],[566.1,276.9],[565.8,276.9],[565.1,277],[564.8,277],[564.2,277.1],[563.9,277.1],[563.8,277.1],[563.7,277.1],[563.6,277.1],[563.3,277.1],[563,277.2],[562.2,277.2],[562.1,277.3],[561.7,277.3],[561,277.4],[560.7,277.4],[559.9,277.5],[559.7,277.5],[559.4,277.5],[558.6,277.5],[558.4,277.5],[557.9,277.6],[557.6,277.6],[557.4,277.6],[557.1,277.6],[556.9,277.7],[556.4,277.7],[556.1,277.7],[555.9,277.7],[555.5,277.8],[554.6,277.8],[553.9,277.9],[553.6,277.9],[553.2,278],[552.7,278.1],[551.7,278.2],[551.5,278.2],[550.2,278.2],[550.1,278.2],[550,278.2],[549.4,278.2],[547.7,278.3],[547.5,278.3],[547.2,278.4],[547.1,278.4],[546.9,278.4],[546.8,278.4],[546.7,278.4],[546.6,278.4],[546.4,278.4],[546.3,278.4],[546.2,278.4],[545.8,278.5],[544.9,278.5],[544.3,278.6],[543.5,278.6],[543.3,278.6],[543.1,278.6],[542.9,278.7],[542.8,278.7],[542.4,278.7],[540.9,278.8],[538.8,278.9],[538.5,278.9],[538.1,278.9],[537.9,278.9],[536.9,278.9],[536.1,278.9],[536,278.9],[535.6,278.9],[535.2,279],[534.4,279],[534,279],[533.7,279.1],[533.5,279.1],[533.3,279.1],[532.1,279.2],[531.5,279.2],[530,279.3],[529.7,279.3],[529.5,279.3],[529.2,279.3],[528.6,279.4],[528.2,279.4],[528,279.4],[527.6,279.4],[527,279.5],[526.3,279.5],[525.5,279.6],[525.3,279.6],[524.9,279.6],[524.8,279.7],[523.8,279.7],[523.4,279.7],[522.9,279.7],[522.8,279.7],[522.2,279.7],[521.4,279.8],[521.3,279.8],[520.9,279.8],[520.6,279.8],[520.3,279.8],[520.2,279.8],[520.1,279.8],[519.7,279.9],[519.3,279.9],[518.6,279.9],[518.4,279.9],[518.3,280],[518.3,280.8],[518.5,281],[519.4,281.4],[519.6,281.4],[520.5,282.3],[520.8,282.4],[520.8,282.5],[521.1,282.5],[521.5,282.8],[521.6,282.9],[521.7,282.9],[521.8,283.2],[522.4,283.9],[522.5,284],[522.6,284],[522.7,284.1],[522.6,285],[522.5,285.2],[522.6,285.4],[522.7,285.6],[522.7,285.8],[522.7,285.9],[522.9,286.1],[523.2,286.4],[523.3,286.5],[523.8,286.9],[523.9,287],[524.7,287.3],[525,287.4],[525.3,287.6],[526.6,288.2],[526.9,288.7],[527,288.8],[527.5,289],[527.6,289.2],[527.6,289.4],[527.5,289.8],[527.5,290],[527.5,290.5],[527.6,290.5],[527.7,290.9],[527.8,291.1],[527.9,291.2],[527.9,291.3],[528,291.6],[528.1,291.8],[528,292.2],[527.9,292.3],[527.9,292.4],[527.8,292.6],[527.7,292.8],[527.7,293],[527.8,293.3],[527.9,293.4],[528,293.4],[528,293.5],[528,293.9],[528,294.1],[527.9,294.2],[527.8,294.6],[527.7,294.8],[527.7,295.1],[527.7,295.3],[527.6,295.7],[527.6,295.9],[527.6,296],[527.2,296.7],[527,296.9],[526.6,297.1],[526.4,297.2],[526,297.6],[525.9,297.7],[525.1,299.7],[525.1,299.8],[525.1,300],[525,300.2],[525,300.4],[525,301.3],[525.1,301.8],[525.1,302],[525,302],[524.7,302.2],[524.4,302.3],[524,302.6],[523.8,302.7],[523.7,302.9],[523.6,303],[523.5,303],[523.4,303.2],[523.3,303.4],[523,303.7],[522.8,303.8],[522.6,303.9],[522.3,303.9],[522.1,303.8],[521.7,303.7],[521.6,303.7],[521.5,303.7],[521.3,303.8],[521.1,304],[520.9,304.1],[520.7,304.1],[520.5,304.2],[520.5,304.5],[520.3,304.8],[519.8,305.1],[519.7,305.3],[519.4,305.5],[519.2,305.5],[519,305.6],[518.7,305.6],[518.3,305.7],[518.2,305.7],[517.6,305.7],[517.5,305.7],[517.1,305.7],[515.8,306],[515.6,306.1],[515.2,306.4],[514,306.4],[513.9,306.3],[513.3,306.6],[513,306.7],[512.9,306.8],[512.7,306.8],[512.6,306.9],[512.6,307],[512.6,307.3],[512.6,307.6],[512.6,307.7],[512.5,307.9],[512.4,308],[512.3,308.8],[512.3,308.9],[512.3,309.2],[511.6,311],[511.7,311.2],[511.7,311.3],[511.8,311.3],[512.6,312.1],[512.7,312.5],[513.4,312.9],[513.7,312.9],[513.9,313],[514,313.2],[514,313.3],[514.1,313.5],[514.7,314.2],[514.8,314.6],[514.8,314.7],[514.8,314.9],[514.8,315.1],[514.8,315.3],[515,316.1],[514.9,316.4],[514.8,317.2],[514.7,317.4],[514.9,317.9],[514.8,318.5],[514,319.4],[513.8,319.8],[513.6,320],[512.9,320.9],[512.7,321.2],[512.6,321.3],[512.6,321.4],[512.5,321.5],[512.5,321.6],[512.5,321.8],[512.5,321.9],[512.6,322],[512.6,322.2],[512.6,322.3],[512.6,322.5],[512.6,322.7],[512.5,322.9],[512.4,323.1],[512.3,323.3],[512.3,323.7],[512.3,323.8],[512.3,323.9],[512.4,324.4],[512.3,324.5],[511.7,325.5],[511.1,325.9],[511,326],[510.9,326],[510.4,325.9],[510.3,326],[509.9,326],[509.8,326],[509.7,326.1],[508.3,326.7],[508.2,326.8],[508,327],[507.7,327.4],[507.6,327.7],[507.3,328],[507.2,328.2],[507.2,328.3],[507.6,328.8],[507.9,329.2],[508,329.4],[508,329.5],[508,329.7],[508,330],[507.9,330.1],[507.8,330.5],[507.7,330.8],[507.9,331.4],[508,331.6],[508,331.9],[507.9,332.1],[507.7,332.2],[507.5,332.3],[507.2,332.4],[507.1,332.5],[507,332.6],[506.9,332.7],[506.8,332.8],[506.7,332.9],[506.5,333.1],[506.4,333.3],[506.3,333.6],[506.2,333.9],[506,334.8],[505.9,335],[506,335.4],[505.8,335.8],[505.7,336.7],[505.8,336.9],[505.7,338.3],[505.7,338.5],[505.8,338.7],[505.9,339.1],[505.9,339.2],[506,339.4],[506.1,339.8],[506.1,340],[506.2,340.3],[506.1,340.8],[506.3,341.2],[507.3,343],[507.5,343.1],[507.6,343.3],[507.6,343.6],[507.6,343.7],[507.6,343.8],[507.4,344.1],[507.4,345.1],[507.4,345.3],[507.5,345.3],[507.5,345.4],[508.7,346.4],[508.8,346.5],[508.9,346.8],[508.9,347],[508.9,347.3],[508.8,347.6],[508.8,348.1],[509,348.3],[509,348.4],[509.2,348.7],[509.5,348.8],[509.7,348.9],[509.9,349.2],[510.1,349.3],[510.7,349.8],[510.9,350],[510.9,350.1],[511.1,350.2],[512.4,351],[512.7,352],[512.8,352.2],[513,352.4],[513.3,352.5],[513.5,352.5],[513.8,352.5],[514,352.6],[514,352.7],[514.4,353.3],[514.5,353.5],[514.7,353.9],[514.8,354.1],[514.9,354.4],[515.1,354.5],[515.3,354.7],[515.4,354.8],[515.5,355],[516.9,355.6],[517,355.7],[517.1,355.8],[517.2,355.9],[517.6,356.2],[517.7,356.2],[517.9,356.5],[518.2,356.7],[519.9,357.8],[520,357.9],[520,358],[521.4,359.7],[521.5,360.2],[521.6,360.5],[521.6,360.9],[521.8,361.6],[521.9,361.7],[522.2,362.4],[522.3,362.5],[522,363.6],[522,363.8],[522.3,364.9],[522.4,365.2],[522.5,365.3],[522.6,365.4],[522.7,366],[522.7,366.1],[522.7,366.2],[522.7,366.5],[522.9,366.8],[522.9,366.9],[524.4,368.3],[524.5,368.3],[524.7,368.4],[524.9,368.3],[525.9,367.5],[527,365.9],[527.1,365.9],[527.2,365.9],[527.9,366],[528.1,366],[528.3,366.1],[528.8,366.4],[529.1,366.6],[529.3,366.7],[529.8,366.8],[530,366.8],[531.1,367],[531.2,367],[531.3,367.2],[531.7,367.5],[531.8,367.5],[531.9,367.5],[532,367.6],[532.3,367.7],[532.3,367.8],[532.6,368],[532.7,368],[532.9,368.2],[533.3,368.3],[533.4,368.5],[533.3,369.4],[532.6,370.2],[532.3,370.4],[532.3,370.6],[531.7,371.5],[531.7,371.6],[531.9,372.2],[532,372.4],[532.2,372.6],[532.3,372.9],[532.4,373.3],[532.4,373.7],[532.4,373.8],[532.4,374],[532.3,374.1],[532.2,374.6],[531.9,374.9],[531.8,375],[531.3,375.9],[531.1,376.2],[531,376.5],[531,376.6],[530.8,377.5],[530.7,377.7],[530.7,378.1],[530.7,378.3],[530.6,378.7],[529.8,379.8],[529.7,379.9],[529.6,380.1],[529.5,380.4],[529.5,380.5],[529.5,380.6],[529.2,382],[529.3,382.4],[529.3,382.6],[529.4,382.9],[529.4,383.2],[529.7,384],[529.8,384.1],[531.3,385.4],[531.8,386.2],[532.5,386.9],[532.7,387],[533.5,387.2],[533.7,387.3],[533.9,387.4],[534.2,388],[534.3,388.1],[534.4,388.2],[534.7,388.4],[534.9,388.5],[535,388.6],[535.5,388.5],[535.6,388.6],[535.7,388.7],[535.7,388.8],[536,388.9],[537.1,389.8],[537.7,390.3],[537.6,390.3],[537.3,390.5],[537.3,390.7],[537.6,391.2],[537.7,391.3],[537.8,391.5],[537.8,391.7],[537.9,391.8],[538.1,391.9],[538.2,391.9],[538.4,392],[538.5,392],[538.7,392],[538.8,392],[538.9,391.9],[539,391.8],[539.2,391.7],[539.2,391.6],[539.2,391.5],[539.3,391.4],[539.4,391.2],[539.5,391.2],[539.6,391.2],[539.7,391.1],[539.7,391],[539.8,391],[539.9,391],[541.6,392.3],[541.7,392.3],[542.6,392.9],[542.7,393],[543.1,393.2],[543.3,393.4],[543.5,393.9],[543.5,394.1],[543.5,394.4],[543.5,394.5],[544.4,394.7],[544.5,394.8],[544.6,394.8],[544.8,394.8],[544.8,394.9],[544.9,394.9],[544.9,395],[544.9,395.1],[545,395.3],[545.1,395.4],[546.4,395.7],[546.4,395.8],[546.8,397.5],[546.9,397.6],[547,397.7],[547,398.4],[546.8,398.4],[546.4,398.5],[546.4,398.9],[546.5,399.3],[546.6,399.6],[547.2,400.6],[547.4,401],[547.8,401.3],[548.2,401.8],[548.4,402.1],[548.6,402.5],[548.7,402.9],[548.6,403.8],[548.6,404],[547.6,404.4],[547.4,404.5],[547.1,404.9],[547.1,405],[547.1,405.1],[547.1,405.3],[547.1,405.4],[547,405.6],[547.3,406.2],[547.5,406.3],[547.6,406.4],[547.8,406.4],[548.1,406.4],[548.2,406.5],[548.2,406.6],[548.1,407],[548.1,407.1],[548.2,407.7],[548.4,407.9],[548.6,408.3],[548.8,408.8],[549,409.1],[549.3,409.4],[549.7,409.7],[549.9,409.9],[550,410.4],[550,410.7],[550,410.8],[550,411.1],[551.3,412.1],[551.8,412.5],[552.4,411.9],[551.5,410.7],[551.9,410.7],[552.3,410.7],[552.4,410.5],[553.1,411.5],[553.3,411.6],[553.6,411.9],[553.6,412.3],[553.7,412.7],[553.9,412.8],[554.9,412.5],[554.2,412],[554.1,411.9],[553.9,411.6],[553.9,411.4],[554.1,410.3],[554.2,410.1],[554.3,410],[554.3,409.9],[554.9,409.3],[555,409.2],[555.2,408.6],[555.3,408.4],[555.4,408.1],[555.6,407.8],[555.8,407.7],[556,407.3],[556,407.2],[556.3,407.1],[557.1,406.4],[557.2,406.4],[557.56,406.31]]]]}},{"type":"Feature","properties":{"st":"IN","fips":"18","name":"Indiana","seats":9,"seats_2000":9,"seats_2010":9,"seats_2020":9,"seats_2030":9,"label_x":613.4,"label_y":334.1},"geometry":{"type":"MultiPolygon","coordinates":[[[[590.3,308.4],[590.4,308.5],[590.4,308.7],[590.4,308.8],[590.7,312.4],[590.7,312.6],[590.8,312.7],[590.8,313.1],[590.8,313.2],[590.9,313.8],[590.9,314.3],[591,315.2],[591,315.6],[591,316.1],[591.1,317],[591.1,317.1],[591.2,317.5],[591.3,318.2],[591.4,320.7],[591.5,321.6],[591.7,322.9],[591.7,323],[591.7,323.2],[591.8,323.6],[591.8,323.9],[591.8,324.7],[591.8,325.3],[591.9,325.8],[591.9,325.9],[591.9,326.2],[592,326.7],[592.1,327.8],[592.1,327.9],[592.1,328.8],[592.2,329.7],[592.2,330.6],[592.3,330.8],[592.3,330.9],[592.4,331.9],[592.4,332.2],[592.4,332.5],[592.5,332.7],[592.5,333],[592.5,333.3],[592.5,333.7],[592.5,334.3],[592.6,334.7],[592.6,335],[592.6,335.2],[592.7,335.6],[592.8,336.3],[592.8,337.1],[592.9,337.7],[592.9,338.2],[592.9,338.8],[593,339.1],[593.1,339.9],[593.1,340.3],[593.1,340.6],[593.2,340.7],[593.2,341.2],[593.2,341.4],[593.3,342.3],[593.4,343.6],[593.4,344],[593.5,344.9],[593.6,345.3],[593.6,345.5],[593.6,345.6],[593.7,346.1],[593.7,346.4],[593.7,347.1],[593.8,347.8],[593.8,348.3],[593.6,348.3],[593.6,348.4],[592.9,348.7],[592.9,348.8],[592.8,350.3],[593.3,351.7],[592.7,352],[592.6,352.1],[592.7,352.3],[592.5,352.6],[592.6,352.7],[592.1,353.1],[592.1,353.2],[592.2,353.7],[592.9,354.2],[592.9,354.3],[593.1,354.3],[593.3,354.5],[593.5,354.5],[593.8,355.6],[593.8,355.7],[593.8,355.8],[593.7,356],[593.8,356.1],[593.9,356.1],[594,356.1],[594.1,356.1],[594.1,356.2],[594,356.3],[593.9,356.3],[593.8,356.2],[593.7,356.2],[593.7,356.3],[593.8,356.4],[594,356.4],[594.1,356.4],[594.2,356.4],[594.3,356.4],[594.5,356.5],[594.8,356.8],[594.9,356.9],[594.9,357.2],[594.9,357.4],[594.9,357.6],[594.9,358.1],[594.7,359.2],[594.9,359.2],[595.6,361],[595.6,361.1],[595.6,361.2],[595.5,361.5],[595.6,361.6],[595.5,361.8],[595.5,361.9],[595.3,362.4],[595.3,362.6],[595.3,362.7],[594.7,363.1],[594.5,363.2],[593.9,363.9],[593.8,364],[593.7,364.2],[593.8,364.3],[593.7,364.7],[593.7,364.9],[593.7,365.1],[593.5,365.1],[593.5,365.3],[593.3,365.6],[593.3,365.7],[593.3,365.9],[593.2,366.1],[593.4,366.7],[593.6,366.8],[592.1,367.6],[592,367.7],[591.9,367.8],[591.8,367.9],[591.8,368.1],[592.1,368.8],[592.1,369.2],[591.9,369.6],[591.8,369.8],[591.6,370],[591.5,370.2],[591.1,370.3],[591,370.5],[590.9,370.7],[590.9,370.8],[590.6,372.3],[589.8,372.3],[589.2,371.9],[588.3,373],[588.4,373.4],[588.3,373.6],[588.3,373.8],[588.4,374],[588.4,374.1],[588.6,374.2],[589.7,375],[589.6,375.1],[589.1,375.8],[589.1,375.7],[588.8,375.8],[588.7,375.8],[588.7,376.1],[588.7,376.2],[588.4,376.2],[588.3,376.2],[588.3,376.3],[588.5,376.7],[588.7,376.5],[588.9,376.5],[588.9,376.4],[589,376.4],[589.1,376.5],[589.1,376.7],[589.1,376.8],[587.7,377.8],[587.8,377.9],[588.1,378.4],[588,378.5],[588.1,380.2],[588,380.4],[588.5,381],[588.4,381.1],[588.2,381],[588.1,381.1],[587.1,381.1],[587.2,381.2],[588.1,382.6],[587.5,382.9],[587.7,383.1],[588.3,382.9],[588.4,383.1],[588.5,383.1],[589.8,383.5],[589.9,383.4],[590.5,382.7],[589.8,380.9],[589.8,380.8],[589.9,380.7],[590.2,380.2],[590.3,380.1],[590.4,380],[590.5,380],[590.6,380.1],[590.8,380.1],[590.9,380.2],[591.7,381.1],[592,381.1],[592.2,381.1],[592.4,381],[592.8,380.7],[592.9,380.6],[593.3,380.6],[593.4,380.6],[593.7,380.5],[593.9,380.4],[594,380.3],[594.1,380.3],[594.5,380.6],[594.3,381.1],[594.9,381.9],[595.2,381.9],[595.4,381.7],[595.5,381.6],[595.6,381.5],[595.6,381.4],[595.8,381.2],[595.8,381],[595.8,380.8],[595.9,380.8],[595.8,380.6],[595.8,380.5],[595.6,380.4],[595,379.6],[595.1,379.6],[595.2,379.4],[595.1,379.5],[595.2,379.3],[595.3,379.2],[595.3,378.9],[595.3,378.7],[595.4,378.6],[595.5,378.6],[595.6,378.6],[595.7,378.7],[595.8,378.8],[595.8,379],[595.8,379.1],[595.9,379.1],[595.9,379.2],[596.2,379.6],[596.4,379.6],[596.7,379.8],[597,380],[597.1,380],[597.2,379.9],[597.7,379.4],[597.8,379.3],[597.9,379.2],[598,379.1],[598.1,379.1],[598.4,379],[598.5,379],[598.9,379],[599.1,379.1],[599.4,379.2],[599.5,379.4],[599.6,379.4],[600.3,379.6],[600.4,379.8],[600.6,379.8],[600.7,379.9],[601.1,380.2],[601.2,380.2],[601.3,380.3],[601.5,380.4],[602.4,380.8],[602.6,380.8],[603,380.8],[603.1,380.9],[603.4,381.1],[603.5,381.3],[603.6,381.6],[603.7,381.6],[603.7,381.9],[604,382],[604.2,382],[604.3,381.9],[604.5,381.8],[604.7,381.7],[604.8,381.6],[604.9,381.4],[604.9,380.8],[604.9,380.7],[605,380.4],[605.1,380.1],[605.1,380],[605.1,379.9],[605,379.7],[605,379.5],[605.3,379.2],[605.5,378.9],[605.6,378.8],[605.7,378.8],[605.9,378.7],[606.1,378.6],[606.1,378.5],[606.2,378.5],[606.3,378.5],[606.4,378.5],[606.5,378.5],[606.6,378.5],[606.7,378.5],[606.8,378.5],[606.9,378.5],[606.9,378.4],[607,378.4],[607.1,378.4],[607.2,378.3],[607.2,378.2],[607.4,378.1],[608.5,376.9],[608.8,376.9],[608.9,376.9],[609.4,377.6],[609.4,377.7],[609.5,377.8],[609.5,378],[609.6,378.1],[609.9,378.4],[610,378.6],[610.1,378.8],[610.3,378.9],[610.5,379],[610.7,378.9],[610.9,378.7],[611.1,378.5],[611.5,378.5],[611.7,380],[611.9,380],[612.1,380],[612.2,379.9],[612.6,379.6],[612.6,379.4],[612.6,378.3],[612.7,378.1],[613.7,378.1],[613.9,378],[613.6,375.8],[613.6,375.7],[613.6,375.6],[613.9,375.3],[614.2,375.3],[615,374.8],[615,374.6],[614.4,373.6],[614.5,373.5],[614.6,373.4],[615,373.4],[615.2,373.5],[615.2,373.6],[615.6,373.8],[615.7,373.7],[615.7,373.5],[615.7,373.4],[615.7,373.3],[615.8,373.2],[615.9,373.2],[616,373.2],[616.1,373.2],[616.2,373.2],[616.4,373.2],[616.5,373.2],[616.6,373.1],[616.7,373.1],[616.7,373],[616.8,373],[616.8,372.8],[616.8,372.7],[616.7,372.6],[616.6,372.6],[616.5,372.5],[616.4,372.5],[616.2,372.5],[616.1,372.5],[616,372.5],[615.9,372.5],[615.9,372.4],[615.8,372.4],[615.8,372.3],[615.7,372.3],[615.7,372.1],[615.7,372],[615.7,371.9],[615.8,371.8],[615.9,371.7],[616,371.7],[616.1,371.7],[616.2,371.7],[616.4,371.9],[616.5,371.9],[616.5,372],[616.8,372.2],[616.9,372.2],[617,372.3],[617.1,372.3],[617.2,372.3],[617.3,372.3],[617.3,372.4],[617.4,372.5],[617.5,372.6],[617.7,372.8],[617.7,372.9],[617.7,373],[617.7,373.1],[617.7,373.2],[617.7,373.3],[617.7,373.4],[617.6,373.7],[617.7,373.8],[617.7,374],[617.7,374.1],[617.7,374.2],[617.8,374.4],[617.8,374.5],[617.9,374.6],[618,374.6],[618.1,374.7],[618.2,374.9],[618.5,375],[618.8,375.2],[619.2,375.4],[619.3,375.4],[619.4,375.4],[619.6,375.5],[619.8,375.4],[620.2,375.3],[620.4,375.3],[620.8,375.3],[621,375.4],[621.1,375.4],[621.2,375.5],[621.3,375.6],[621.4,375.8],[621.5,376.1],[622.1,376.3],[622.1,376.1],[622,375.7],[622.2,375.6],[622.4,375.4],[623,375.3],[623.4,375.2],[623.5,375.2],[623.5,375.1],[623.7,375],[623.8,374.6],[623.8,374.3],[623.8,374],[623.8,373.8],[623.9,373.7],[624,373.3],[623.9,372.8],[623.9,372.6],[623.8,372.1],[623.8,371.8],[623.8,371.4],[624,371],[624.2,370.7],[624.6,370.3],[624.6,370.1],[624.7,369.9],[624.7,369.6],[624.9,369],[625,368.8],[625.2,368.8],[625.4,368.8],[625.5,368.7],[625.6,368.7],[625.8,368.7],[625.8,368.8],[625.9,368.8],[625.9,368.9],[626,369],[626.1,369.1],[626.2,369.1],[626.3,369.1],[626.6,368.9],[626.9,368.6],[627.2,368.4],[627.3,368.3],[627.4,368.2],[627.4,368],[627.6,367.8],[627.7,367.6],[627.8,367.2],[627.8,366.9],[627.8,366.7],[627.8,366.5],[627.8,366.4],[627.8,366.3],[627.8,366.2],[627.9,366.2],[627.9,366.1],[627.9,366],[627.9,365.9],[628,365.8],[628,365.7],[628.1,365.5],[628.1,365.3],[628.4,364.9],[628.5,364.8],[629.2,364.6],[629.4,364.5],[629.6,364.4],[629.8,364.3],[629.9,364.2],[630,364.1],[630.2,363.8],[630.3,363.4],[630.5,363.2],[630.9,362.9],[631,362.8],[631.2,362.6],[631.2,362.1],[631.2,361.9],[631.1,361.8],[631,361.7],[630.9,361.5],[630.8,361.5],[630.6,360.3],[630.5,360.2],[630.1,359.1],[630.1,359],[630.2,358.9],[630.2,358.8],[630.3,358.7],[630.4,358.4],[630.9,358.1],[631.5,358.2],[631.6,358.2],[631.7,358.2],[632,358.1],[632,358],[632.3,358],[632.6,357.8],[632.8,357.8],[633.5,357.9],[633.6,358],[634.4,358.7],[634.5,358.7],[634.6,358.7],[634.9,358.7],[635.1,358.7],[635.4,358.5],[635.5,358.4],[635.6,358.4],[635.7,358.2],[635.8,358.1],[635.9,358],[636,357.8],[636.1,357.8],[636.1,357.7],[636.2,357.6],[636.6,357.4],[636.7,357.3],[636.8,357.2],[636.9,357.1],[637,357],[637.2,356.9],[637.4,356.8],[637.5,356.7],[637.9,356.4],[639,356.2],[639.2,356],[639.3,355.9],[639.6,355.9],[639.9,355.9],[640.7,356],[640.8,355.9],[640.7,355.6],[640.6,355.4],[640.4,355.1],[640.4,354.9],[640.5,354.8],[640.5,354.7],[640.6,354.6],[640.6,354.5],[640.7,354.5],[640.8,354.5],[640.8,354.4],[640.9,354.3],[640.9,354.1],[641,354.1],[641,353.9],[640.9,353.8],[640.9,353.7],[640.8,353.7],[640.5,353.6],[640.2,353.5],[640,353.5],[639.8,353.6],[639.4,353.5],[639.6,352.6],[639.7,352.4],[639.8,352.3],[639.9,352.2],[640,352],[640,351.9],[640,351.8],[639.8,351.6],[639.7,351.4],[639.4,351],[639.3,350.9],[639.1,350.7],[639,350.6],[638.9,350.6],[638.7,350.3],[638.6,350.2],[638.6,350.1],[639,349.8],[639.2,349.6],[639.3,349.5],[639.3,349.4],[639.4,349.3],[639.4,349.2],[639.6,349.1],[639.7,349],[639.8,348.9],[639.7,348.7],[639.7,348.6],[639.7,348.5],[639.7,348.4],[639.7,348],[639.7,347.8],[639.6,347.2],[639.6,346.9],[639.5,346.7],[639.4,345.8],[639.4,345.7],[639.4,345.6],[639.4,345.5],[639.3,345.2],[639.3,344.7],[639.3,344.5],[639.3,344.1],[639.1,343.1],[639.1,343],[639.1,342.8],[639,342.3],[638.9,340.7],[638.9,340.4],[638.9,340.1],[638.8,340],[638.8,339.8],[638.7,339.2],[638.7,339],[638.7,338.8],[638.7,338.7],[638.7,338.6],[638.6,338.6],[638.5,336.9],[638.4,336.3],[638.3,335.9],[638.3,335.4],[638.2,334.9],[638.1,333.7],[638.1,333.6],[638.1,333.1],[638,333],[638,332.8],[638,332.6],[637.9,332.3],[637.9,332.1],[637.8,331.3],[637.8,331.2],[637.8,330.8],[637.7,330.1],[637.7,329.6],[637.6,329.2],[637.5,328.2],[637.4,327.3],[637.4,327],[637.4,326.5],[637.3,326],[637.3,325.6],[637.3,325.5],[637.3,325.4],[637.2,325.1],[637.2,325],[637.2,324.8],[637.2,324.7],[637.1,324.1],[637,323.5],[637,322.9],[636.9,322.1],[636.8,321.6],[636.7,320.5],[636.7,320.4],[636.6,320.2],[636.5,318.9],[636.5,318.7],[636.4,317.8],[636.3,317.4],[636.3,317],[636.3,316.8],[636,314.4],[636,314.2],[635.8,312.9],[635.8,312.6],[635.8,312.3],[635.6,310.8],[635.4,309.4],[635.4,309.1],[635.4,309],[635.3,308.5],[635.1,307.4],[635.1,306.6],[635,305.8],[635,305.7],[634.8,304.2],[634.7,304.1],[634.7,303.8],[634.7,303.6],[634.7,303.1],[634.7,302.9],[634.5,301.9],[634.5,301.7],[634.5,301.5],[634.4,300.8],[634.3,300.8],[634.3,300.3],[634.2,299.4],[634.2,299],[634.1,298.5],[634.1,298.1],[634,297.8],[633.9,296.9],[633.9,296.5],[633.8,295.9],[633.7,295.4],[633.6,295],[633.5,294.3],[633.5,294],[633.5,293.7],[633.4,292.6],[633.5,292.2],[633.3,291.9],[633.2,291.3],[633.1,291],[633.1,290.8],[632.4,290.9],[632.1,290.9],[631.6,291],[631.1,291.1],[630.8,291.1],[630.5,291.1],[630.4,291.1],[629.7,291.2],[629.3,291.3],[629,291.3],[628.8,291.3],[628.5,291.4],[628.4,291.4],[627.1,291.5],[626,291.6],[625.9,291.6],[625.4,291.7],[625.3,291.7],[625,291.7],[624.9,291.8],[624.6,291.8],[624.3,291.9],[623.9,291.9],[623.3,291.9],[623.1,291.9],[622.2,292.1],[621.9,292.1],[621.2,292.2],[621.1,292.2],[620.8,292.3],[620.7,292.3],[620.6,292.3],[619.7,292.3],[619.6,292.3],[619.4,292.4],[619.3,292.4],[619.1,292.4],[618.6,292.5],[618.3,292.5],[617.9,292.6],[617.5,292.6],[617.3,292.6],[616.9,292.6],[616.7,292.6],[616.3,292.7],[616,292.7],[615.8,292.7],[615.5,292.8],[615.2,292.8],[615,292.9],[614.7,292.9],[613.9,293],[613.8,293],[613.5,293],[613.2,293],[613,293],[612.8,293],[612.1,293.1],[611.6,293.2],[611.4,293.2],[611,293.3],[610.3,293.3],[609.9,293.4],[609.8,293.4],[609.5,293.4],[609,293.4],[608.8,293.4],[608.7,293.5],[608.5,293.5],[608.4,293.5],[607.5,293.6],[607.2,293.7],[606.6,293.7],[605.7,293.8],[605.6,293.8],[605.3,293.8],[604.7,293.9],[604.1,294],[603.8,294],[603.3,294.1],[603.2,294.1],[603,294.1],[602.6,294.1],[602.2,294.2],[601.8,294.2],[601.3,294.2],[601.2,294.2],[601,294.2],[600.9,294.2],[600.7,294.3],[600.6,294.3],[600.3,294.3],[599.7,294.4],[597.7,294.6],[595.7,294.7],[593.7,295],[591.7,295.1],[589.2,295.3],[589.3,296.4],[589.4,296.5],[589.4,296.6],[589.4,296.7],[589.4,296.9],[589.4,297.4],[589.4,297.9],[589.4,298.1],[589.4,298.2],[589.4,298.3],[589.5,298.4],[589.5,298.5],[589.5,298.6],[589.5,298.7],[589.5,298.8],[589.5,299],[589.5,299.1],[589.5,299.2],[589.6,299.4],[589.6,299.5],[589.6,299.6],[589.6,300],[589.6,300.1],[589.7,300.4],[589.7,301.1],[589.8,301.1],[589.8,301.7],[589.8,302.5],[589.8,303],[589.9,303.8],[590.2,306.9],[590.3,307.9],[590.3,308.1],[590.3,308.4]]]]}},{"type":"Feature","properties":{"st":"KS","fips":"20","name":"Kansas","seats":4,"seats_2000":4,"seats_2010":4,"seats_2020":4,"seats_2030":4,"label_x":439.1,"label_y":397.7},"geometry":{"type":"MultiPolygon","coordinates":[[[[410.6,411.1],[411.6,411.2],[411.7,411.2],[414.6,411.4],[414.9,411.4],[415.2,411.4],[416.5,411.4],[416.8,411.5],[416.9,411.5],[417.1,411.5],[417.7,411.5],[418.6,411.5],[419.3,411.6],[419.4,411.6],[419.6,411.6],[419.9,411.6],[420,411.6],[420.4,411.6],[420.6,411.6],[421,411.6],[421.1,411.6],[421.4,411.7],[421.5,411.7],[421.6,411.7],[421.7,411.7],[421.9,411.7],[422,411.7],[422.1,411.7],[422.5,411.7],[423,411.7],[423.4,411.7],[423.7,411.7],[423.9,411.7],[424.4,411.8],[424.7,411.8],[424.8,411.8],[425.2,411.8],[425.5,411.8],[426.3,411.9],[426.4,411.9],[427.5,411.9],[427.8,411.9],[428,412],[429.1,412],[429.7,412],[429.8,412],[429.9,412],[430,412],[430.3,412],[430.5,412.1],[430.9,412.1],[431,412.1],[431.5,412.1],[432.6,412.1],[433.4,412.2],[433.6,412.2],[433.7,412.2],[434.1,412.2],[434.4,412.2],[434.9,412.2],[435,412.2],[435.2,412.2],[435.5,412.2],[436,412.2],[436.1,412.2],[436.6,412.3],[437.9,412.3],[438.5,412.3],[439.4,412.3],[439.7,412.3],[440.1,412.3],[440.3,412.3],[440.4,412.4],[440.5,412.4],[443.3,412.4],[443.9,412.4],[444.2,412.4],[444.4,412.4],[444.5,412.4],[444.7,412.4],[444.8,412.4],[445,412.4],[445.2,412.4],[445.3,412.4],[445.4,412.4],[445.8,412.4],[446.2,412.4],[446.5,412.4],[446.7,412.5],[448.4,412.5],[448.6,412.5],[449,412.5],[449.1,412.5],[449.3,412.5],[449.5,412.5],[449.8,412.5],[450,412.5],[450.5,412.5],[450.6,412.5],[450.9,412.5],[451.3,412.5],[451.4,412.5],[451.6,412.5],[451.9,412.5],[452.2,412.5],[452.8,412.5],[453.2,412.5],[453.7,412.5],[454.2,412.5],[454.6,412.5],[454.9,412.5],[455,412.5],[455.2,412.6],[455.3,412.6],[455.5,412.6],[455.6,412.6],[455.7,412.6],[455.8,412.6],[455.9,412.6],[456.1,412.6],[456.7,412.6],[457,412.6],[457.3,412.6],[457.4,412.6],[457.5,412.6],[457.6,412.6],[457.9,412.6],[458.5,412.6],[458.9,412.5],[459.1,412.5],[459.2,412.5],[459.9,412.5],[460,412.5],[460.1,412.5],[460.2,412.5],[460.8,412.5],[461.2,412.5],[463.4,412.5],[464,412.5],[464.1,412.5],[464.5,412.5],[465.3,412.5],[465.5,412.5],[466,412.5],[466.1,412.5],[466.7,412.5],[467,412.5],[467.1,412.5],[467.2,412.5],[467.6,412.5],[467.7,412.4],[467.7,412.3],[467.7,412.2],[467.7,412.1],[467.7,411.7],[467.7,411.6],[467.7,411.4],[467.7,411.2],[467.7,411.1],[467.7,411],[467.7,410.8],[467.7,410.7],[467.7,410.5],[467.7,410.4],[467.7,410.1],[467.7,409.6],[467.7,409.2],[467.7,408.9],[467.7,408.8],[467.7,408.7],[467.7,408.6],[467.7,408.5],[467.7,408.3],[467.7,408.1],[467.7,407.9],[467.7,407.7],[467.7,407.5],[467.6,407.3],[467.6,407.1],[467.6,407],[467.6,406.8],[467.6,406.5],[467.6,406.3],[467.6,405.9],[467.6,405.8],[467.6,405.7],[467.6,405.6],[467.6,404.8],[467.6,404.4],[467.6,404.2],[467.6,404.1],[467.6,403.9],[467.6,403.7],[467.6,403.6],[467.6,403.3],[467.6,403],[467.6,402.7],[467.6,401.4],[467.6,401.2],[467.6,401],[467.6,400.5],[467.5,400.1],[467.5,399.8],[467.5,399.4],[467.5,399.1],[467.5,398.9],[467.5,398.1],[467.5,398],[467.5,397.9],[467.5,397.2],[467.5,396.8],[467.5,396.6],[467.5,396.4],[467.5,396],[467.5,394.7],[467.5,394.6],[467.5,394.4],[467.5,394.3],[467.5,394.2],[467.5,394],[467.5,393.8],[467.5,393.7],[467.5,393.6],[467.5,393.5],[467.5,393.3],[467.5,393.2],[467.5,393.1],[467.5,393],[467.5,392.9],[467.5,392.8],[467.5,392.7],[467.5,392.6],[467.5,392.5],[467.5,392.4],[467.5,392.3],[467.5,392.2],[467.5,392.1],[467.5,392],[467.5,391.9],[467.5,391.8],[467.5,391.3],[467.1,391.2],[467,391.1],[466.5,391.2],[466.4,391.2],[466.2,391.1],[466.2,391],[465.8,390.8],[465.7,390.7],[465.7,390.4],[465.7,390.3],[465.6,390.2],[465.5,390.2],[465.4,390.1],[465.3,390],[465.2,389.9],[465.2,389.8],[465.2,389.7],[465.2,389.6],[465.2,389.5],[465.2,389.4],[465.4,389.2],[465.4,389.1],[465.3,389.1],[465.3,389],[465.1,389.2],[465,389.2],[464.9,389.1],[464.8,388.8],[464.7,388.8],[464.4,388.5],[464.3,388.5],[463.8,387.8],[463.7,387.7],[463.7,387.6],[463.7,387.5],[463.7,387.3],[463.7,387.2],[463.8,387.2],[464.1,386.9],[464.2,386.6],[464.2,386.5],[464.3,386.4],[464.3,386.3],[464.5,386.3],[464.6,386.3],[464.7,386.1],[464.7,386],[464.7,385.7],[464.8,385.7],[464.8,385.6],[464.9,385.7],[465.1,385.8],[465.2,385.8],[465.4,385.8],[465.5,385.7],[465.5,385.6],[465.5,385.5],[465.5,385.4],[465.4,385.3],[465.4,385.4],[465.3,385.4],[465.2,385.5],[465,385.4],[465,385.3],[464.9,385.3],[465,385.2],[465.1,385.2],[465.3,385.2],[465.4,385.1],[465.4,385],[465.4,384.9],[465.4,384.8],[465.3,384.8],[464.9,384.6],[464.9,384.2],[464.5,384.1],[464.3,384.1],[464.3,384.2],[464.2,384.5],[463.5,384.4],[463.5,384.3],[463.4,384.1],[463.3,384.1],[463.1,384.1],[463,384.1],[462.2,383.2],[462,383.2],[461.7,383.2],[461.4,383.2],[461.2,383.2],[461.1,383.2],[461,383.2],[460.3,383.2],[460,383.2],[458.6,383.2],[458,383.2],[457.9,383.2],[457.6,383.2],[457.4,383.2],[456.7,383.2],[456.5,383.2],[456.1,383.2],[455.9,383.2],[455.5,383.2],[455.3,383.2],[455.2,383.2],[454.9,383.2],[454.8,383.2],[454.5,383.2],[453.6,383.2],[453.5,383.2],[453.2,383.2],[453.1,383.2],[453,383.2],[452.9,383.2],[452.6,383.2],[452.2,383.2],[450.7,383.1],[450.6,383.1],[449.7,383.1],[449.4,383.1],[449.3,383.1],[448.9,383.1],[448.6,383.1],[448.4,383.1],[448.3,383.1],[448.2,383.1],[447.8,383.1],[447.7,383.1],[447.4,383.1],[447.2,383.1],[447.1,383.1],[446.7,383.1],[446.4,383.1],[446.1,383.1],[446,383.1],[445.2,383.1],[444.2,383.1],[444,383],[443.9,383],[442.3,383],[442,383],[441.9,383],[441.8,383],[441.6,383],[441.5,383],[441.1,383],[441,383],[440.8,383],[439.8,382.9],[438.6,382.9],[438.4,382.9],[438.2,382.9],[437.9,382.9],[437.8,382.9],[437.7,382.9],[437.5,382.9],[437.3,382.9],[437.2,382.9],[436.9,382.9],[436.7,382.9],[436.3,382.8],[436.2,382.8],[435.9,382.8],[435.4,382.8],[435.1,382.8],[435,382.8],[434.3,382.8],[434,382.8],[433.8,382.8],[433.6,382.8],[433.4,382.8],[433.3,382.8],[433,382.7],[432.8,382.7],[432.6,382.7],[432.1,382.7],[431.9,382.7],[431.8,382.7],[431.5,382.7],[431.3,382.7],[431.2,382.7],[431.1,382.7],[431,382.7],[429.4,382.6],[429.3,382.6],[429.2,382.6],[428.9,382.6],[428.5,382.6],[428.3,382.6],[428.1,382.6],[427.9,382.6],[427.6,382.6],[427,382.5],[425.8,382.5],[425.3,382.5],[424.3,382.4],[424.1,382.4],[424,382.4],[423.8,382.4],[423.3,382.3],[423.1,382.3],[422.8,382.3],[422.7,382.3],[422.6,382.3],[421.9,382.3],[421.4,382.2],[421,382.2],[420.6,382.2],[420,382.2],[419.7,382.2],[419.1,382.1],[418.8,382.1],[418.2,382.1],[417.1,382],[417,382],[416.7,382],[416.1,382],[415.5,381.9],[415,381.9],[414.4,381.9],[414.2,381.9],[414.1,381.8],[413.8,381.8],[413.7,381.8],[413.5,381.8],[413.3,381.8],[413,381.8],[412.8,381.8],[412.6,381.8],[412.4,381.7],[412.4,382],[412.3,382.7],[412.3,383],[412.2,384.2],[412.2,384.5],[412.2,384.6],[412.2,384.9],[412.2,385.1],[412.2,385.2],[412.2,385.3],[412.1,385.6],[412.1,386],[412.1,386.6],[412.1,386.9],[412.1,387],[412,387.4],[412,387.8],[412,388.1],[412,388.3],[412,388.8],[411.9,389.2],[411.9,389.4],[411.9,390.1],[411.9,390.4],[411.8,391.5],[411.7,392.7],[411.7,392.9],[411.7,393.2],[411.7,393.5],[411.7,393.6],[411.6,394.1],[411.6,394.9],[411.6,395.1],[411.5,395.6],[411.5,396.1],[411.5,396.3],[411.5,396.7],[411.5,397],[411.4,397.1],[411.4,397.2],[411.4,397.4],[411.4,397.5],[411.4,397.8],[411.4,398.2],[411.4,398.7],[411.3,398.9],[411.3,399.4],[411.3,399.7],[411.3,399.9],[411.2,400.9],[411.2,401],[411.2,401.5],[411.2,402],[411.1,402.5],[411.1,402.8],[411.1,403.3],[411,403.7],[411,404],[411,404.3],[411,404.7],[411,405.1],[410.9,405.8],[410.9,406.3],[410.9,406.6],[410.9,406.8],[410.8,407.1],[410.8,407.3],[410.8,407.6],[410.8,408.2],[410.8,408.4],[410.8,408.5],[410.7,408.9],[410.7,409.1],[410.7,409.2],[410.7,409.5],[410.7,409.7],[410.7,410],[410.6,410.6],[410.6,410.8],[410.6,411.1]]]]}},{"type":"Feature","properties":{"st":"KY","fips":"21","name":"Kentucky","seats":6,"seats_2000":6,"seats_2010":6,"seats_2020":6,"seats_2030":6,"label_x":650.2,"label_y":397},"geometry":{"type":"MultiPolygon","coordinates":[[[[600,411.1],[600.1,411.2],[600.3,411.4],[600.4,411.4],[600.4,411.7],[600.4,411.9],[600.2,412.8],[600.1,413],[600,413.5],[599.9,413.5],[599.8,413.5],[599.7,413.5],[599.6,413.5],[599.6,413.6],[599.5,413.6],[599.4,413.8],[599.4,413.9],[599.4,414.1],[599.5,414.1],[599.6,414.3],[600.3,414.4],[600.3,414.6],[600.1,415],[600,415],[599.8,415],[599.7,414.9],[599.6,415],[599.5,415.1],[599.4,415.1],[599.4,415.2],[599.3,415.2],[599.3,415.3],[599.3,415.4],[599.3,415.6],[599.3,415.7],[599.4,415.8],[599.4,415.9],[599.5,415.9],[599.6,416],[599.7,416],[599.8,416.2],[599.8,416.4],[599.9,416.7],[599.8,416.7],[599.2,418.1],[599.1,418.3],[598.5,418.3],[597.7,417.3],[597.2,417.5],[597,417.7],[597,418.1],[596.9,418.6],[596.9,418.9],[596.8,419.1],[596.7,419.3],[596.7,419.5],[596.6,419.6],[596.7,419.6],[597,419.6],[597.5,419.5],[597.8,419.4],[598.3,419.4],[598.5,419.4],[598.8,419.4],[599.4,419.3],[599.8,419.3],[600,419.3],[600.1,419.3],[600.4,419.3],[600.9,419.2],[601.1,419.2],[601.5,419.2],[601.8,419.2],[602.2,419.2],[602.7,419.1],[602.8,419.1],[603.1,419.1],[603.3,419.1],[603.6,419.1],[603.8,419.1],[603.9,419.1],[604,419.1],[604.1,419.1],[604.2,419],[604.5,419],[604.6,419],[605,418.9],[605.3,418.9],[605.5,418.9],[605.7,418.9],[606,418.9],[606.1,418.9],[606.6,418.8],[606.9,418.8],[607.1,418.8],[607.6,418.8],[608.3,418.7],[608.4,418.7],[608.7,418.7],[609.2,418.7],[609.4,418.6],[609.6,418.6],[609.9,418.6],[610.5,418.6],[611.4,418.5],[611.6,418.5],[611.7,418.4],[612.3,418.4],[613.2,418.4],[613.3,418.4],[613.4,418.4],[614.1,418.3],[614.4,418.3],[614.6,418.3],[615.1,418.3],[615.1,418.2],[615.3,417.6],[614.9,415.9],[614.8,415.8],[614.7,415.7],[614.7,415.6],[614.6,415.5],[614.6,415.2],[614.8,415.2],[614.9,415.2],[615,415.2],[615.5,415.1],[615.8,415.2],[616,415.2],[616.1,415.2],[616.5,415.2],[616.9,415.2],[617.2,415.2],[617.5,415.2],[617.6,415.2],[617.6,415.7],[618,415.7],[618.2,415.6],[618.7,415.6],[618.9,415.6],[619.5,415.5],[619.7,415.5],[620.2,415.4],[620.5,415.4],[621,415.3],[621.6,415.2],[622.6,415.1],[622.7,415.1],[622.8,415.1],[622.9,415.1],[623,415.1],[623.1,415.1],[623.2,415.1],[623.3,415.1],[623.5,415.1],[623.8,415],[624.3,415],[624.5,414.9],[624.8,414.9],[625.3,414.9],[626.2,414.8],[626.4,414.7],[626.8,414.7],[626.9,414.7],[627.3,414.7],[627.6,414.6],[627.9,414.6],[628.1,414.6],[628.3,414.6],[629,414.5],[629.3,414.4],[629.4,414.4],[629.7,414.4],[630.1,414.4],[630.4,414.3],[631.1,414.3],[631.7,414.1],[632,414.1],[632.2,414.1],[632.4,414.1],[632.7,414.1],[632.9,414],[633.1,414],[633.4,413.9],[633.7,413.9],[634.1,413.9],[634.8,414],[634.9,414.1],[635.1,414],[635.1,413.9],[635.2,413.9],[635.5,413.8],[635.7,413.7],[636.1,413.6],[637.8,413.5],[638,413.5],[638.6,413.5],[638.9,413.5],[639.2,413.5],[639.5,413.5],[639.9,413.5],[640,413.5],[640.4,413.5],[641.2,413.5],[641.5,413.4],[641.6,413.4],[641.8,413.4],[642.1,413.4],[643.6,413.3],[644.2,413.3],[644.8,413.3],[645.2,413.2],[645.3,413.2],[645.6,413.2],[645.8,413.1],[646.3,413.1],[646.9,413.1],[647,413.1],[647.4,413.1],[647.7,413],[647.9,413],[648.2,413],[648.5,413],[648.7,413],[649.2,412.9],[649.4,412.9],[650.2,412.7],[650.4,412.7],[650.8,412.7],[651,412.6],[651.2,412.6],[651.4,412.5],[651.5,412.5],[651.6,412.5],[651.7,412.5],[651.9,412.5],[652,412.4],[652.2,412.3],[652.4,412.3],[652.6,412.3],[652.7,412.3],[652.9,412.3],[653,412.3],[653.2,412.3],[653.4,412.3],[653.5,412.2],[653.7,412.2],[654.2,412.2],[654.8,412.2],[655,412.2],[655.3,412.1],[655.6,412.1],[656.1,412.1],[656.3,412.1],[656.6,412.1],[657.4,412.1],[657.7,412],[658.3,412],[658.4,412],[659.4,412],[659.6,411.9],[660.3,411.9],[660.7,411.9],[661.1,411.8],[661.3,411.8],[661.9,411.7],[662.2,411.7],[662.5,411.7],[663,411.6],[663.3,411.6],[663.5,411.5],[663.6,411.5],[664.2,411.5],[665.8,411.4],[665.9,411.4],[666.4,411.3],[667.5,411.2],[667.7,411.1],[667.8,411.1],[668.1,411.1],[668.3,411.1],[668.5,411.1],[669.4,410.9],[669.9,410.9],[670,410.9],[670.8,410.8],[670.9,410.8],[672,410.7],[672.4,410.7],[672.8,410.6],[673.3,410.6],[673.8,410.3],[673.8,410.2],[673.8,410.1],[674.9,409.3],[675,409.3],[675.3,409.1],[675.4,409],[675.8,408.7],[676.5,408.7],[676.6,408.7],[677.1,408.6],[677.1,408.5],[677.8,408],[677.9,408],[677.9,407.9],[678.5,407.7],[678.6,407.7],[679.4,407.3],[679.4,407.2],[679.5,407.2],[679.8,407],[679.9,407],[680.8,406.5],[680.7,406.4],[680.6,406.1],[680.8,406],[680.8,405.9],[681,405.4],[681,405.3],[681.9,404.8],[682.1,404.8],[682.2,404.8],[682.2,404.6],[682.9,404.4],[683.8,403.8],[683.8,403.5],[683.8,403.4],[683.7,402.4],[683.7,402.3],[683.8,402.3],[683.9,402.2],[684,402.2],[684.1,402.1],[684.2,402.1],[684.2,402],[684.2,401.9],[684.2,401.8],[684.3,401.8],[684.4,401.8],[684.6,401.7],[684.7,401.8],[684.7,401.7],[684.8,401.5],[684.9,401.5],[685,401.5],[685,401.4],[685,401.3],[685.3,401],[685.3,400.9],[685.5,400.9],[685.5,400.4],[685.5,400.3],[685.3,400.1],[685.4,400.1],[685.4,399.9],[685.3,399.8],[685.4,399.6],[685.5,399.5],[685.9,399.3],[686.1,399],[686.2,399],[686.3,399],[686.3,398.9],[686.4,398.9],[686.5,398.8],[686.7,398.5],[686.8,398.5],[686.9,398.3],[687,398.3],[687.2,398.2],[687.3,398],[687.4,397.9],[687.5,397.9],[687.7,397.8],[687.9,397.6],[687.9,397.5],[688,397.4],[688.2,397.4],[689.1,396.8],[689.3,396.8],[689.4,396.7],[689.5,396.6],[689.6,396.6],[690.1,396.2],[690.3,396],[690.3,395.9],[690.4,395.8],[690.9,395.3],[691.4,394.6],[691.4,394.5],[691.5,394.5],[691.9,394],[692.1,393.8],[692.5,393.3],[692.7,393.1],[693.2,392.4],[693.7,391.8],[694.1,391.3],[694.3,391.2],[694.3,391.1],[694.3,391],[693.9,391.1],[693.9,391.2],[693.3,391.5],[693.3,391.4],[693.2,391.3],[693.1,391.3],[693,391.2],[692.8,391],[692.7,391.1],[692.5,391.2],[692.5,391.1],[692.2,391.2],[692.1,391.2],[692,391.2],[692,391.1],[691.9,391],[692,390.9],[692.2,390.8],[692.1,390.8],[692.1,390.7],[692,390.5],[691.9,390.5],[691.8,390.6],[691.7,390.6],[691.6,390.3],[691.5,390.4],[691.4,390.3],[691.5,390.2],[691.5,390.1],[691.4,390.1],[691.3,389.8],[691.3,389.7],[691.2,389.7],[691.1,389.7],[691.1,390.1],[691,390.1],[690.9,390.1],[690.9,390.2],[690.3,389.6],[690.3,389.7],[690,389.6],[689.9,389.6],[689.9,389.5],[689.8,389.5],[689.8,389.4],[689.7,389.6],[689.6,389.5],[689.6,389.4],[689.5,389.4],[689.6,389.1],[689.5,388.9],[689.4,388.9],[689.3,388.9],[689.3,388.8],[689,388.4],[689,388.3],[689.1,388.2],[689.1,388.1],[689.2,388],[689.1,388],[689,388],[689,387.9],[689,387.8],[688.9,387.8],[688.8,387.8],[688.8,387.7],[688.8,387.6],[688.7,387.6],[688.6,387.6],[688.5,387.6],[688.4,387.5],[688.3,387.5],[688.2,387.5],[688.2,387.3],[687.9,387.3],[687.9,387.1],[687.9,387],[687.7,387],[687.7,386.9],[687.7,386.8],[687.6,386.8],[687.5,386.8],[687.6,386.7],[687.6,386.6],[687.5,386.3],[687.5,386.2],[687.3,386],[687.2,385.9],[687.1,385.9],[687,385.8],[686.9,385.7],[686.8,385.9],[686.7,386],[686.7,385.9],[686.7,385.8],[686.6,385.7],[686.5,385.7],[686.6,385.6],[686.6,385.5],[686.5,385.5],[686.4,385.5],[686.3,385.5],[686.3,385.4],[686.4,385.4],[686.4,385.3],[686.3,385.3],[686.3,385.2],[686.4,385.2],[686.5,385.2],[686.6,385.1],[686.6,385],[686.6,384.9],[686.5,384.9],[686.4,384.9],[686.4,384.8],[686.4,384.7],[686.5,384.7],[686.6,384.7],[686.7,384.7],[686.7,384.6],[686.6,384.6],[686.6,384.5],[686.5,384.5],[686.5,384.6],[686.4,384.6],[686.4,384.5],[686.4,384.4],[686.3,384.4],[686.2,384.4],[686.1,384.4],[686.1,384.3],[686,384.3],[686,384.4],[685.9,384.4],[685.9,384.3],[685.6,383.9],[685.6,383.8],[685.5,383.8],[685.6,383.7],[685.6,383.6],[685.5,383.6],[685.5,383.5],[685.4,383.4],[685.3,383.4],[685.3,383.3],[685.3,383.2],[685.2,383.2],[685.1,383.2],[685.1,383.1],[685,383.1],[684.8,383],[684.7,382.7],[684.6,382.6],[684.6,382.5],[684.4,382.5],[684.3,382.5],[684.3,382.4],[684.2,382.3],[684.1,382.3],[684,382.2],[684,382],[683.8,381.8],[683.8,381.7],[684.2,381.7],[684.3,381.7],[684.3,381.5],[684.3,381.3],[684.4,381.2],[684.3,381.1],[684.3,380.9],[684.3,380.8],[684.2,380.8],[684.2,380.4],[684.3,380.4],[684.5,380.3],[684.5,379.9],[684.5,379.8],[684.4,379],[684.3,379],[684.2,378.8],[684.1,378.7],[684,378.6],[684,378.3],[684,378.2],[684,378.1],[684,378],[683.9,378],[683.9,377.8],[684,377.7],[683.9,377.7],[683.9,377.6],[683.9,377.5],[683.9,377.4],[683.8,377.4],[683.8,377.2],[683.7,376.8],[683.6,376.6],[683.5,376.6],[683.4,376.5],[683.2,376.4],[682.9,376.2],[682.8,376.1],[682.7,376.1],[682.6,375.9],[682.4,375.7],[682.4,375.6],[682.3,375.6],[682.1,375.4],[681.9,375.4],[681.8,375.3],[681.3,375.4],[681,375.4],[680.8,375.4],[680.8,375.3],[680.7,375.3],[680.6,375.3],[680.5,375.2],[680.5,375.1],[680.3,375],[680.2,375],[680.2,374.8],[680.1,374.7],[680,374.6],[680,374.5],[680,374.4],[680,374.3],[680,374.2],[679.9,374.1],[679.7,373.5],[679.5,373.4],[679.6,372.9],[679.5,372.5],[679.5,372.4],[679.4,372.3],[679.3,372.2],[679,372.4],[678.9,372.4],[678.7,372.5],[678.6,372.5],[678.4,372.8],[678.3,372.9],[678.2,372.9],[677.8,372.9],[677.6,373],[677.4,373],[677.4,373.4],[677,373.8],[676.9,373.9],[676.6,374],[676.5,374.2],[676.1,375],[676,375.1],[675.6,375.1],[675.5,375.2],[675.3,375.1],[675.2,375.1],[674.7,375.2],[674.7,375.3],[674.5,375.6],[674.4,375.6],[674.2,375.7],[674.1,375.6],[674,375.4],[673.2,374.7],[673,374.7],[672.4,374.7],[672.3,374.7],[672.1,374.6],[671.9,374.6],[671.3,374.3],[670.5,374.5],[670.4,374.6],[670.2,374.7],[670,374.8],[669.7,375],[669.7,375.5],[669.7,375.7],[669.6,375.8],[669.5,375.8],[669,375.7],[668.9,375.7],[668.8,375.6],[668.7,375.6],[668.4,375.6],[668.2,375.6],[668.1,375.6],[668,375.5],[668,375.4],[667.8,374.9],[667.7,374.8],[667.5,374.7],[667.3,374.7],[667.2,374.6],[667,374.6],[667,374.5],[666.8,374.2],[666.8,374.1],[666.7,374],[666,373.8],[665.9,373.8],[665.3,373.6],[665.2,373.6],[665.1,373.6],[665,373.6],[665,373.7],[664.9,373.7],[664.8,373.7],[664.8,373.8],[664.7,373.8],[664.5,373.8],[664.4,373.9],[664.3,374],[664.2,374],[664.1,374],[663.3,374],[663.2,373.9],[663,373.8],[662.9,373.8],[662.7,373.8],[662.4,373.8],[662.2,373.8],[662,373.7],[661.9,373.7],[661.8,373.5],[661.7,373.5],[661.7,373.4],[661.6,373.3],[661.5,373],[661.5,372.7],[661.5,372.5],[661.3,372.1],[660.7,371.4],[660.6,371.3],[660.5,371.1],[660.5,371],[660.4,370.9],[660.4,370.8],[660.4,370.7],[660.4,370.6],[660.3,370.4],[660.1,370.3],[660.1,370.2],[660.1,370.1],[659.9,370.1],[659.8,370],[659.6,370],[659.4,369.9],[659.3,369.9],[659.1,369.9],[659,369.9],[658.7,369.9],[658.6,369.8],[658.5,369.5],[658.5,369.3],[658.4,369.2],[658.4,369],[658.3,369],[658.3,368.9],[658.2,368.8],[658,368.7],[657.9,368.7],[657.8,368.9],[657.6,369.1],[657.5,369.2],[657.4,369.3],[657.3,369.3],[657.2,369.3],[657.1,369.2],[657,369.2],[656.8,369.3],[656.8,369.4],[656.6,369.6],[656.3,369.7],[656.2,369.8],[656.1,369.8],[655.9,369.8],[655.8,369.7],[655.1,369.4],[655,369.3],[654.8,369.1],[654.8,369],[654.7,369],[654.6,368.9],[654.5,368.7],[654.2,368.8],[654.1,368.9],[654,369],[653.9,369.2],[653.6,369.5],[653.5,369.5],[653.4,369.5],[653.4,369.6],[653.2,369.7],[653.1,369.8],[653,369.9],[653,370],[652.9,370.1],[652.8,370.2],[652.5,370.5],[652.5,370.6],[652.6,370.6],[652.7,370.8],[652.8,370.9],[652.9,370.9],[653,371.1],[653.1,371.2],[653.4,371.5],[653.4,371.6],[653.5,371.7],[653.5,371.9],[653.5,372.1],[653.4,372.2],[653.2,372.4],[653.1,373.1],[653.4,373.2],[653.5,373.1],[653.7,373.1],[654,373.2],[654.2,373.2],[654.3,373.3],[654.3,373.4],[654.3,373.5],[654.3,373.6],[654.2,373.7],[654.2,373.8],[654.1,373.9],[654,373.9],[654,374],[653.9,374.1],[653.8,374.2],[653.8,374.3],[654,374.6],[654.1,374.7],[654.2,375],[654.1,375],[653.5,375],[653.2,375],[653,375],[652.9,375],[652.8,375.2],[651.9,375.3],[651.6,375.6],[651.4,375.8],[651.2,375.8],[651.1,375.9],[651.1,376],[651,376.1],[650.9,376.1],[650.6,376.3],[650.5,376.4],[650.4,376.6],[650.3,376.7],[650.2,376.7],[650.2,376.9],[650.1,376.9],[650,377],[649.8,377.1],[649.6,377.2],[649.4,377.2],[649.3,377.2],[649.2,377.2],[648.6,376.6],[648.5,376.5],[648,376.4],[647.8,376.4],[647.6,376.6],[647.4,376.6],[647.4,376.7],[647.1,376.7],[647,376.7],[646.9,376.7],[646.5,376.7],[646.1,376.9],[646,377.1],[646,377.2],[646,377.3],[645.9,377.4],[645.9,377.5],[646.2,378.3],[646.3,378.4],[646.5,379.3],[646.6,379.4],[646.6,379.6],[646.7,379.6],[646.7,379.8],[646.7,380.1],[646.6,380.3],[646.5,380.4],[646.2,380.6],[646,380.8],[646,381.1],[645.8,381.3],[645.7,381.4],[645.7,381.5],[645.5,381.5],[645.3,381.7],[645.2,381.7],[644.7,381.9],[644.5,381.9],[644.3,382.3],[644.3,382.4],[644.2,382.5],[644.2,382.7],[644.2,382.8],[644.2,382.9],[644.2,383],[644.1,383],[644.1,383.1],[644.1,383.2],[644.1,383.3],[644.1,383.5],[644.1,383.7],[644,384.1],[643.9,384.2],[643.8,384.4],[643.8,384.5],[643.7,384.6],[643.6,384.7],[643.4,384.8],[643.1,385.1],[642.9,385.2],[642.8,385.2],[642.7,385.1],[642.6,385.1],[642.6,385],[642.6,384.9],[642.5,384.9],[642.4,384.9],[642.3,384.9],[642.2,384.9],[642.1,385],[642,385],[641.8,385.1],[641.7,385.5],[641.7,385.6],[641.7,385.8],[641.6,386],[641.6,386.1],[641.3,386.4],[641.2,386.7],[641,387],[641,387.3],[641,387.5],[641.1,387.9],[641.1,388.1],[641.2,388.4],[641.1,388.8],[641,388.8],[641,388.9],[641,389],[641,389.2],[641,389.4],[640.9,389.7],[640.8,389.9],[640.7,389.9],[640.4,390],[639.9,390.1],[639.7,390.2],[639.6,390.3],[639.7,390.7],[639.7,390.8],[639.2,390.6],[639.1,390.4],[639.1,390.2],[639,390.2],[638.9,390.1],[638.8,390],[638.6,390],[638.4,390],[638.2,390],[637.9,390.1],[637.7,390.2],[637.6,390.1],[637.5,390],[637.4,390],[637.2,389.9],[636.9,389.7],[636.7,389.7],[636.5,389.6],[636.5,389.5],[636.4,389.5],[636.4,389.4],[636.4,389.3],[636.3,389.2],[636.2,389.1],[636.2,389],[636.2,388.9],[636.2,388.8],[636.2,388.6],[636.2,388.5],[636.2,388.4],[636.2,388.3],[636.2,388.2],[636.2,388.1],[636.1,387.9],[636,387.8],[635.9,387.7],[635.8,387.6],[635.7,387.6],[635.6,387.6],[635.4,387.5],[635.3,387.3],[635.2,387.3],[635.1,387.2],[635,387.2],[634.9,387.2],[634.8,387.3],[634.7,387.4],[634.7,387.5],[634.7,387.6],[634.8,387.7],[634.8,387.8],[634.9,387.8],[635.1,387.8],[635.2,387.8],[635.3,387.8],[635.4,387.9],[635.5,387.9],[635.6,388],[635.6,388.1],[635.6,388.2],[635.5,388.3],[635.4,388.3],[635.4,388.4],[635.3,388.4],[635.2,388.4],[635.1,388.4],[635,388.4],[634.9,388.4],[634.8,388.4],[634.7,388.4],[634.7,388.5],[634.7,388.6],[634.7,388.8],[634.6,388.8],[634.3,388.7],[634.3,388.6],[634.1,388.5],[633.9,388.5],[633.8,388.6],[633.7,388.7],[634.2,389.5],[634.2,389.6],[633.6,390],[633.3,390],[633.1,390.2],[633.1,390.3],[633.1,390.4],[633.3,392.1],[633.1,392.2],[632.4,392.2],[632.3,392.3],[632.3,393.2],[632.3,393.3],[632,393.6],[631.9,393.6],[631.7,393.7],[631.6,393.6],[631.4,392.4],[631.2,392.4],[631,392.6],[630.8,392.8],[630.7,392.9],[630.6,392.8],[630.4,392.7],[630.3,392.6],[630.2,392.4],[630,392.1],[629.9,392.1],[629.9,392],[629.8,391.8],[629.5,391.3],[629.4,391.2],[629.1,391.2],[628.3,392.1],[628.2,392.3],[628.1,392.3],[628,392.4],[627.9,392.4],[627.8,392.4],[627.7,392.4],[627.5,392.5],[627.4,392.5],[627.3,392.5],[627.3,392.6],[627.1,392.6],[627,392.7],[626.9,392.8],[626.8,392.8],[626.6,393],[626.4,393.2],[626.4,393.4],[626.5,393.6],[626.5,393.7],[626.4,393.9],[626.4,394.2],[626.4,394.3],[626.3,394.7],[626.2,394.9],[626.2,395],[626.1,395],[625.9,395.2],[625.8,395.2],[625.6,395.2],[625.4,395.1],[625.4,394.9],[625.3,394.9],[625.3,394.7],[625.1,394.5],[625,394.4],[624.9,394.3],[624.6,394.3],[624.4,394.3],[623.7,394],[623.5,393.9],[623.5,393.8],[623.4,393.8],[623,393.6],[623,393.5],[622.9,393.5],[622.7,393.4],[622.2,393.2],[622.1,393],[621.8,392.9],[621.7,392.9],[621.4,392.9],[621.3,392.9],[621.1,392.9],[621,392.9],[620.9,393],[620.8,393.1],[620.8,393.2],[620.3,393.6],[620.2,393.6],[620,393.5],[619.7,393.4],[619.6,393.3],[619.3,393],[619.3,392.9],[619.3,392.7],[619.2,392.6],[619,392.6],[618.9,392.6],[618.9,392.8],[618.9,393],[618.9,393.1],[618.7,393.2],[618.8,393.2],[618.7,393.3],[618.7,393.4],[619.2,394],[619.3,394],[619.3,394.1],[619.3,394.3],[619.3,394.4],[619.3,394.5],[619.2,394.7],[619.2,394.8],[619,394.9],[619,395],[618.8,395.1],[618.6,395.2],[618.1,394.5],[618.2,394.1],[618,393.9],[617.9,393.9],[617.8,394],[617.7,394],[617.4,394.1],[617.3,394.1],[617.1,394.1],[616.9,394.2],[616.6,394.4],[616.5,394.5],[616.3,394.5],[616.1,394.5],[615.5,393.8],[615.4,393.7],[615.3,393.7],[615.2,393.7],[615.1,393.7],[615,393.7],[615,393.8],[614.7,394.2],[614.7,394.3],[614.6,394.4],[615.2,395.8],[614.7,396.3],[614.6,396.4],[613.6,396],[613.5,396.1],[613.4,396.4],[613.4,396.6],[613.4,396.7],[613.2,397],[613.1,397.2],[613,397.3],[612.6,397.5],[612.4,397.6],[612.3,397.9],[612.3,398],[612.3,398.1],[612.2,398.1],[612,398.5],[612.4,400],[612.6,400.1],[613.5,401.1],[613.4,401.6],[613.3,401.6],[612.4,401.8],[612.1,401.9],[611.5,402.1],[611.4,402.1],[610.3,402.4],[610.2,402.6],[610.1,402.6],[610,402.7],[609.9,402.9],[609.8,403],[609.6,403.2],[609.5,403.2],[609.4,403],[609.2,402.9],[609.1,402.9],[609,402.9],[608.8,402.9],[608.1,403.7],[608.1,403.9],[608.1,404.2],[608.1,404.3],[608.1,404.4],[608,404.5],[608,404.6],[608,404.7],[607.9,404.8],[607.9,405],[607.8,405.1],[607.8,405.2],[607.8,405.3],[607.8,405.4],[607.8,405.5],[607.9,405.6],[608,405.7],[607.9,405.7],[607.8,405.7],[607.8,405.8],[607.9,405.8],[608,405.8],[608,405.9],[608.1,405.9],[608.2,406],[608.3,406.1],[608.3,406.2],[608.3,406.3],[608.4,406.3],[608.4,406.4],[608.5,406.4],[608.6,406.5],[608.7,406.6],[608.8,406.6],[608.8,406.7],[608.9,406.8],[608.9,406.9],[608.9,407],[608.9,407.1],[609,407.2],[609.1,407.4],[609.2,407.5],[609.1,407.6],[609.1,407.7],[608.9,408.7],[608.8,408.8],[608.7,408.9],[608.6,409],[608.4,409],[608.3,409],[607.4,409],[607.3,408.9],[607.3,408.8],[607.2,408.8],[607,408.5],[606.9,408.5],[606.7,408.4],[606.6,408.3],[606.5,408.3],[606.4,408.3],[606,408.1],[605.7,408],[605.4,408],[605.2,408],[604.9,407.9],[604.9,407.8],[604.7,407.8],[604.4,407.5],[604.3,407.5],[604.3,407.4],[604.2,407.4],[603.8,407.2],[603.6,407.2],[603.5,407.1],[603.3,407],[602.4,406.8],[602.3,406.7],[602.3,406.8],[602.2,406.8],[601.76,406.71],[601.5,406.8],[601.4,406.9],[600.9,407.3],[600.7,407.4],[600.7,407.5],[600.5,407.7],[600.4,407.8],[600.3,408],[600.2,408.2],[600.1,408.4],[599.9,408.8],[599.9,408.9],[599.5,409.3],[599.4,409.3],[599.4,409.5],[599.3,409.6],[599.2,410.4],[599.2,410.5],[599.3,410.7],[599.4,410.7],[599.9,411.1],[600,411.1]],[[689,388.1],[688.9,388],[689,388],[689,388.1]]],[[[601.7,406.7],[601.76,406.71],[601.8,406.7],[601.7,406.7]]],[[[595.8,419.7],[595.9,418.9],[595.8,418.7],[595.8,418.6],[595.6,418.4],[595.3,418.4],[595.1,418.4],[594.8,418.4],[594.6,418.5],[594.5,418.7],[594.5,418.9],[594.6,419.2],[594.7,419.3],[594.7,419.4],[594.8,419.6],[595,419.7],[595.1,419.7],[595.7,419.7],[595.8,419.7]]]]}},{"type":"Feature","properties":{"st":"LA","fips":"22","name":"Louisiana","seats":6,"seats_2000":7,"seats_2010":6,"seats_2020":6,"seats_2030":6,"label_x":552.3,"label_y":567.3},"geometry":{"type":"MultiPolygon","coordinates":[[[[524.9,553.6],[524.8,553.5],[524.8,553.6],[524.9,553.6]]],[[[525,553.5],[525.1,553.5],[525,553.4],[525.2,553.5],[525.1,553.7],[525.2,553.7],[525.4,554.2],[525.5,554.3],[525.4,554.3],[526.1,555.3],[526.2,555.9],[526.2,556],[526.5,556.2],[526.5,556.3],[526.1,556.9],[526.2,556.9],[526.2,557],[526.3,557],[526.3,557.1],[526.3,557.2],[526.2,557.1],[526.2,557.2],[526.2,557.3],[526.3,557.4],[526.2,557.4],[526.2,557.5],[526.1,557.5],[526.2,557.6],[526.1,557.6],[526,557.8],[526,558],[526.1,558.1],[526.2,558.2],[526.2,558.3],[526.3,558.3],[526.4,558.6],[526.5,558.7],[526.5,558.8],[526.6,558.8],[527,558.9],[527,558.8],[527.1,558.9],[527.2,558.9],[527.3,559],[527.6,559.1],[527.6,559.2],[527.2,559.8],[527.7,560.5],[527.7,560.6],[528.1,560.8],[528.2,560.9],[528.2,561.1],[528.2,561.2],[528.2,561.3],[528.3,561.3],[528.5,561.2],[528.6,561.2],[528.6,561.3],[528.5,561.3],[528.5,561.4],[528.3,561.4],[528.2,561.5],[528.2,561.6],[528.2,561.8],[528.2,562.3],[528.3,562.4],[528.6,562.6],[529.2,563.3],[529.2,564],[529.2,564.1],[529.3,564.2],[529.6,564],[529.7,564],[529.8,563.9],[529.9,563.9],[529.9,564],[530,563.9],[530,564],[530,564.1],[529.9,564.1],[529.9,564.2],[530,564.2],[530,564.3],[530,564.4],[529.9,564.4],[529.8,564.4],[529.9,564.5],[529.9,564.6],[529.9,564.7],[529.6,565.3],[529.7,565.3],[529.8,565.3],[529.9,565.3],[529.9,565.4],[529.8,565.4],[529.8,565.5],[529.9,565.5],[530,565.5],[530.1,565.6],[530.1,565.7],[530.2,565.7],[530.3,566.2],[530.4,566.2],[529.8,567.1],[530.1,567.5],[530.2,567.6],[530.2,567.7],[530.1,567.8],[530,567.9],[530,567.8],[529.9,567.8],[529.9,567.9],[529.8,568],[529.9,568],[529.9,568.1],[529.9,568.2],[529.8,568.2],[529.7,568.2],[529.7,568.3],[529.6,568.4],[529.6,568.5],[529.6,568.6],[529.7,568.6],[529.8,568.6],[529.8,568.7],[529.8,568.8],[529.9,568.9],[529.8,569],[529.7,569],[529.8,569.1],[529.9,569.1],[529.9,569.2],[529.9,569.3],[529.9,569.4],[529.8,569.4],[529.5,569.7],[529.5,569.8],[529.3,570.3],[529.2,570.3],[529.2,570.4],[529.2,570.5],[529.1,570.6],[529.2,570.6],[529.2,570.7],[529.1,570.9],[529.2,571],[529.1,571.1],[528.5,571.8],[528.5,571.9],[528.3,572.7],[528.4,572.7],[527.7,573.2],[528,574],[528,574.1],[527.9,574.3],[528,574.4],[528,574.5],[528,574.6],[528.1,574.7],[528.2,575.1],[527.6,575.7],[527.4,575.9],[527.5,576],[527.4,576.5],[527.4,576.6],[527.6,577.1],[528.1,577.6],[528.1,577.7],[528.1,577.9],[528.1,578],[528.2,578],[528.2,578.1],[528.2,578.2],[528.1,578.2],[528.1,578.3],[528.1,578.4],[528,578.4],[528,578.5],[528.1,578.5],[528.1,578.6],[528,578.6],[528.1,578.7],[528.2,578.7],[528.2,578.8],[528.1,578.8],[528.1,578.9],[528.1,579],[528.2,579],[528.2,579.1],[528.2,579.2],[528.2,579.3],[528.2,579.7],[528.3,579.8],[528.2,579.8],[528.2,579.9],[528.2,580],[528.1,580],[528.1,580.1],[528,580.4],[527.98,580.4],[528.3,580.8],[528.2,580.8],[528,580.7],[528,580.8],[528,580.9],[527.9,581],[527.8,581.3],[527.7,581.4],[527.6,581.5],[527.2,581.8],[526.5,583.5],[526.4,583.6],[526.1,583.9],[526,583.9],[525.4,584.7],[525.5,584.8],[525.9,585.2],[525.9,585.4],[526.6,586.3],[526.7,586.3],[526.7,586.4],[526.7,586.6],[526.8,586.8],[526.9,587.2],[527,587.7],[527.4,587.4],[527.5,586.5],[528.6,586.2],[531.2,585.7],[532.5,585.8],[533,586.1],[533.8,585.6],[534.6,585.5],[535.9,585.8],[537.8,586.4],[540.8,587.7],[542.4,588.2],[546.8,588.8],[547.7,588.5],[548.6,587.9],[549.6,587.9],[550.2,588.7],[551.8,589.5],[552,590.1],[552.8,590.3],[553.6,589.7],[554.3,590.2],[555.3,590],[557.2,590.5],[558.2,590.9],[559.6,592.2],[561.1,592.7],[561.9,592.8],[562.3,593.1],[564.2,593.3],[563.6,594.1],[563.8,594.7],[565.2,595.2],[566.3,595.2],[567.6,595],[569.7,594.3],[571.7,594.8],[572.5,594.6],[575,593.7],[576.5,592.4],[581.9,591.1],[583.3,591.6],[583.9,592.7],[584,594.3],[583.8,595.6],[584.7,596],[585.2,595.7],[586.4,594.1],[587,593.9],[587.5,594.6],[588.4,594.8],[588.8,594.4],[589.4,593.4],[589.9,593.1],[590,592.2],[590.9,591.7],[591,590.4],[590.5,589.7],[588.8,589.2],[587.9,587.9],[587.8,587.2],[588,586.8],[589,586.2],[589.9,584.9],[590.5,584.3],[591.6,582.7],[592.1,580.8],[592.1,579.6],[591.7,578],[590.7,576.5],[590.3,576.5],[587.5,576.3],[586.4,575.7],[585.5,576.2],[583.4,576.4],[582.1,576.7],[581.8,576.3],[581.2,576.2],[581.1,576],[580.8,575.6],[580.7,575.6],[580.6,575.3],[580.6,575.1],[580.5,575],[580.5,574.2],[579.9,573.6],[579.9,573.5],[579.9,573.4],[579.8,573.3],[579.8,573.2],[579.8,573.1],[579.8,573],[579.8,572.9],[579.8,572.8],[579.7,572.8],[579.7,572.7],[579.8,572.7],[579.7,572.6],[579.7,572.5],[579.6,572.5],[579.6,572.4],[579.5,572.4],[579.4,572.4],[579.4,572.3],[579.4,572.2],[579.3,572.2],[579.3,572.1],[579.2,572.1],[579.2,572],[579.1,572],[578.7,571.9],[578.8,571.9],[578.8,571.8],[578.7,571.8],[578.7,571.7],[578.6,571.7],[578.5,571.7],[578.5,571.6],[578.5,571.5],[578.5,571.4],[578.5,571.3],[578.4,571.3],[578.3,571.3],[578.2,571.3],[578.1,571.2],[578.2,571.2],[578.2,571.1],[578.1,571.1],[578.1,571],[578.2,571],[578.3,570.9],[578.2,570.9],[578.1,570.9],[578,571],[578,570.9],[578,570.8],[578,570.7],[577.9,570.7],[577.9,570.6],[577.8,570.5],[577.8,570.4],[577.8,570.3],[577.8,570.2],[577.7,570.2],[577.7,570.3],[577.6,570.3],[577.6,570.2],[577.6,570.1],[577.7,570.1],[577.8,570.1],[577.5,569.5],[577.5,569],[577.4,569],[577.4,568.9],[577.4,568.8],[577.4,568.7],[577.5,568.7],[577.6,568.6],[577.6,568.5],[577.6,568.1],[577.5,568.1],[577.5,568],[577.5,567.9],[577.5,567.8],[577.6,567.8],[577.6,567.7],[577.7,567.5],[577.7,567.6],[577.8,567.7],[577.9,567.6],[577.8,567.6],[577.8,567.5],[577.7,567.4],[577.8,567.4],[578,567.1],[578.1,567.1],[578,566.8],[578.1,566.8],[578.1,566.7],[578.1,566.4],[578.1,566.2],[578.1,566.1],[578.1,566],[578.2,565.8],[578.5,564.5],[578.6,564.5],[578.6,564.4],[578.3,564.5],[577.9,564.5],[577.7,564.5],[577.5,564.5],[577.4,564.5],[577,564.5],[576.9,564.5],[575.6,564.6],[575.4,564.6],[575.2,564.7],[575,564.7],[574.5,564.7],[574.2,564.7],[573.7,564.7],[573.5,564.8],[573.3,564.8],[572.8,564.8],[572.5,564.8],[572,564.8],[571.6,564.9],[571.4,564.9],[571.1,564.9],[570.8,564.9],[570.6,564.9],[570.4,564.9],[570,565],[569.7,565],[569.4,565.1],[569.3,565.1],[569.1,565.1],[568.9,565.1],[568.7,565.1],[568.3,565.1],[568.2,565.1],[567.2,565.2],[565.8,565.3],[565.5,565.3],[564.7,565.3],[564.4,565.3],[564.2,565.3],[564.1,565.3],[563.8,565.3],[563.5,565.4],[563.4,565.4],[562.7,565.4],[562.1,565.4],[561.6,565.5],[561.1,565.5],[561,565.5],[560.8,565.5],[560.3,565.5],[560.2,565.5],[559.8,565.5],[559.2,565.6],[559,565.6],[558.1,565.7],[557.9,565.7],[557.6,565.7],[557.4,565.7],[556.9,565.7],[556.4,565.7],[555.4,565.8],[555,565.8],[555.1,564.8],[554.3,564.1],[554.8,563],[554.8,562.9],[554.6,562.8],[554.6,562.7],[554.5,562.6],[554.4,562.6],[554.4,562.5],[554.3,562.5],[553.9,562.1],[553.9,562],[553.9,561.9],[554.3,561.8],[554.4,561.8],[554.7,561.9],[554.9,561.9],[555.4,561.8],[555.5,561.7],[555.6,561.6],[555.7,561.5],[555.7,561.4],[555.7,561.1],[555.7,561],[555.6,560.9],[555.5,560.9],[555.3,560.8],[555.3,560.7],[555.1,560.1],[555.2,560.1],[555,560],[554.9,560.1],[555.2,559.3],[555.2,559.4],[555.3,559.8],[555.3,559.9],[555.6,560.2],[555.7,560.3],[556.1,560.3],[556.1,560.2],[556.1,559.8],[555.5,559.1],[555.4,558.1],[555.3,558],[555.4,557.9],[555.5,557.9],[556.1,557.8],[556.3,557.6],[556.5,557.4],[556.6,557.4],[556.7,557.3],[556.8,557.2],[556.8,557],[556.8,556.9],[556.7,556.8],[556.6,556.8],[556.5,556.8],[556.3,556.9],[556.2,556.9],[556.1,557],[555.9,557],[555.6,556.9],[555.4,556.7],[555.4,556.6],[555.7,556.1],[555.7,556.2],[555.9,556.5],[556.1,556.5],[556.3,556.6],[556.4,556.6],[556.6,556.6],[556.9,556.1],[556.8,555.3],[557,554.8],[557.1,554.7],[557.4,554.4],[557.7,554.4],[557.8,554.4],[557.9,554.4],[558.3,554.5],[558.4,554.4],[558.5,554.3],[558.5,554.2],[558.4,554.1],[557.9,554.2],[557.7,554.2],[557.2,554.3],[557.4,553.2],[557.4,553.1],[558.1,553],[558.1,553.1],[558.1,553.2],[558.1,553.3],[558.1,553.4],[558.2,553.4],[558.2,553.5],[558.3,553.5],[558.4,553.5],[558.5,553.5],[558.6,553.4],[558.7,553.3],[558.7,553.2],[558.6,553.1],[558.5,553],[558.4,553],[558.4,552.9],[558.3,552.8],[558.4,552.7],[559.4,551.7],[559.4,551.1],[559.4,551],[560.3,550.8],[560.5,550.1],[559.7,549.9],[559.8,549.4],[559.9,549.5],[560.1,549.7],[560.2,549.8],[560.3,549.8],[560.4,549.8],[560.5,549.8],[560.7,549.3],[561,549.1],[561.1,548.9],[561.1,548.8],[561.2,548.7],[561.4,548.1],[561.3,548.1],[560.8,547.8],[560.8,548],[560.9,548.4],[560.9,548.7],[560.1,548.7],[559.5,548.7],[559.4,547.7],[559.8,547.4],[559.9,547.5],[560,547.5],[560.4,547.2],[560.5,547.2],[560.7,547.3],[560.8,547.2],[560.8,547],[560.8,546.9],[561.1,547],[561.2,547.1],[561.4,547.4],[561.4,547.6],[561.5,547.6],[561.6,547.4],[561.6,546.3],[561.6,546.2],[561.7,546.1],[561.8,546.1],[562.1,546.2],[562.3,546.1],[562.7,545.5],[562.7,545.4],[562.9,545],[562.9,544.9],[562.8,544.9],[562.7,544.9],[562.7,545],[562.6,545.2],[562.4,545.4],[561.5,545.2],[561.4,544.5],[561.6,544.4],[561.7,544.2],[561.7,544.1],[561.7,544],[561.6,544],[561.6,543.9],[560.9,544.1],[560.2,543.8],[560,543.7],[559.7,543.1],[560,542.4],[560.2,542.5],[560.4,542.5],[560.3,542.4],[560.2,542.3],[560.4,542.1],[560.6,541.9],[560.7,541.9],[560.9,541.7],[561,541.6],[560.8,540.9],[560.5,541.5],[560.4,541.5],[559.7,541.8],[559.2,541.2],[559.4,540.9],[560.4,539.8],[559.7,539.6],[559.5,539.5],[559.4,539.5],[559,539.5],[559,539.4],[558.9,538.9],[559,538.7],[559,538.6],[559,538.5],[559,538.4],[559,538.3],[559.4,537.8],[560.1,537.1],[560.1,537],[560.1,536.9],[560.1,536.8],[559.8,536.4],[559.9,536.4],[559.8,536.2],[559.3,535.9],[559.2,535.9],[559.2,536.4],[559.2,536.5],[558.9,537.2],[558.4,537.1],[558.3,537],[558.4,536.5],[558.4,536.4],[558.3,536.4],[558.4,536.3],[558.8,535.7],[558.8,535.6],[558.7,535.6],[558.2,535.7],[558.1,535.7],[557.9,535.7],[557.5,535.7],[557.4,535.7],[556.9,535.7],[556.8,535.7],[556.6,535.7],[556.3,535.7],[556,535.7],[555.7,535.8],[555.4,535.8],[555.3,535.8],[555.1,535.8],[554.9,535.8],[554.7,535.8],[554.6,535.8],[554.4,535.8],[553.1,535.9],[553,535.9],[552.4,535.9],[551.9,535.9],[551.5,535.9],[551.2,535.9],[550,536],[549.9,536],[549.7,536],[549.5,536],[549.2,536],[549,536],[548.9,536],[548.6,536],[548.2,536],[547.5,536.1],[547,536.1],[546.4,536.1],[545.6,536.2],[545,536.2],[544.6,536.2],[544.3,536.2],[544.1,536.2],[543.7,536.2],[543.1,536.2],[542.8,536.2],[542.5,536.2],[542.2,536.3],[542.1,536.3],[541.8,536.3],[541.5,536.3],[540.8,536.3],[540.6,536.3],[540.3,536.3],[540.1,536.3],[539.8,536.3],[539.5,536.3],[539.4,536.3],[539.3,536.3],[539.2,536.3],[538.7,536.3],[538.4,536.3],[538.3,536.3],[537.9,536.3],[537.8,536.3],[537.7,536.3],[537.5,536.3],[537.3,536.4],[537.1,536.4],[536.7,536.4],[536.6,536.4],[536,536.4],[535.9,536.4],[535.7,536.4],[535.5,536.4],[535.3,536.4],[534,536.4],[533.9,536.4],[533.3,536.4],[533.2,536.4],[532.9,536.5],[532.2,536.5],[532,536.5],[531.7,536.5],[531.4,536.5],[531.1,536.5],[530.7,536.5],[530.5,536.5],[530.3,536.5],[530.2,536.5],[530.1,536.5],[529.8,536.5],[529.5,536.5],[529.2,536.5],[529,536.5],[527.5,536.6],[526.9,536.6],[526.4,536.6],[526,536.6],[525.7,536.6],[525.3,536.6],[524.8,536.6],[524.7,536.6],[524.1,536.6],[523.9,536.6],[523.5,536.6],[523.5,536.7],[523.2,536.7],[523,536.7],[523,536.9],[523,537.1],[523,537.4],[523,537.9],[523,538.3],[523,538.8],[523,539.2],[523,539.5],[523,539.7],[523,540.2],[523,540.3],[523,540.5],[523,540.8],[523,541.2],[523,541.6],[523.1,541.9],[523.1,542.1],[523.1,542.4],[523.1,542.7],[523.1,543.2],[523.1,543.4],[523.1,544],[523.1,544.1],[523.1,544.2],[523.1,544.3],[523.1,544.9],[523.1,545.3],[523.1,545.7],[523.1,546],[523.1,546.3],[523.1,546.7],[523.1,546.9],[523.2,548],[523.2,548.6],[523.2,549.1],[523.3,549.6],[523.3,550.1],[523.3,550.3],[523.3,550.6],[523.3,551.3],[523.3,551.9],[523.3,552],[523.6,552.1],[523.6,552.2],[523.8,552.4],[523.9,552.5],[523.9,552.6],[524,552.7],[524,552.8],[524.1,552.8],[524.1,552.9],[524.1,553],[524.2,553.1],[524.3,553],[524.4,553.1],[524.4,553.2],[524.4,553.3],[524.5,553.2],[524.6,553.3],[524.7,553.3],[524.7,553.2],[524.8,553.2],[524.8,553.3],[524.8,553.4],[524.7,553.4],[524.7,553.5],[524.8,553.5],[524.9,553.5],[525,553.5]]],[[[577.6,568.7],[577.5,568.7],[577.5,568.8],[577.6,568.7]]],[[[528.1,578.1],[528.2,578.1],[528.1,578],[528.1,578.1]]],[[[527.98,580.4],[527.9,580.3],[527.9,580.4],[527.98,580.4]]]]}},{"type":"Feature","properties":{"st":"MA","fips":"25","name":"Massachusetts","seats":9,"seats_2000":10,"seats_2010":9,"seats_2020":9,"seats_2030":9,"label_x":1001.3,"label_y":87.9},"geometry":{"type":"MultiPolygon","coordinates":[[[[965.8,103.9],[966.1,103.7],[966,103.6],[966.1,103.4],[966.1,103.3],[966.1,103.1],[966,103.1],[966.1,102.4],[966.1,102.2],[967.2,102.1],[967.3,101.9],[967.8,101.9],[968.1,101.8],[968.5,101.8],[968.8,101.8],[969.5,101.6],[970.1,101.5],[970.4,101.5],[970.6,101.6],[971,101.6],[971.2,101.5],[971.3,101.5],[972.6,100.8],[972.8,100.8],[973.1,100.6],[973.8,100.5],[974.1,100.5],[974.7,100.3],[975.3,100.2],[975.9,100],[976.8,99.7],[977.5,99.6],[977.8,99.6],[978.2,99.4],[978.8,99.3],[979.3,99.1],[979.7,99.1],[981.2,98.7],[981.5,98.7],[981.9,98.5],[982.4,98.4],[983.9,98.1],[984,98.1],[984.2,98],[986.1,97.7],[987.3,97.4],[987.9,97.2],[989,96.9],[989.5,96.8],[989.6,96.8],[989.8,96.8],[989.9,96.8],[990.1,96.8],[990.5,96.6],[991.1,96.5],[991.5,96.3],[991.8,96.3],[992.3,96.2],[992.7,96],[992.9,96],[993,96],[993.2,96],[994.1,95.7],[994.2,96],[994.2,96.2],[994.2,96.3],[995.2,96],[996,95.9],[996.4,95.7],[996.7,95.6],[997,95.4],[997.6,95.3],[997.7,95.3],[998.2,95.1],[998.6,95],[998.9,95],[999.5,94.7],[999.8,94.7],[1000.1,94.6],[1000.3,94.6],[1000.4,94.6],[1000.6,94.4],[1001.3,94.3],[1001.6,94.1],[1001.7,94.1],[1001.9,94.1],[1002,94],[1002.3,94],[1002.5,93.8],[1002.6,93.8],[1002.8,93.7],[1002.9,93.7],[1003.1,93.7],[1003.2,93.7],[1003.4,93.5],[1004.1,93.4],[1004.2,93.2],[1004.5,93.2],[1005.1,93.1],[1005.3,92.9],[1005.4,92.9],[1005.9,92.8],[1006,92.8],[1006.5,93.1],[1006.5,93.5],[1006.8,94.1],[1006.8,94.6],[1006.9,95],[1006.9,95.3],[1007.1,95.6],[1007.2,96.2],[1007.4,96.5],[1007.4,96.6],[1007.4,96.8],[1007.5,96.9],[1007.5,97.1],[1007.5,97.2],[1007.5,97.5],[1007.6,97.5],[1007.6,97.7],[1007.8,97.7],[1007.9,97.5],[1008.2,97.4],[1008.4,97.4],[1008.5,97.2],[1008.7,97.2],[1008.8,97.2],[1008.8,97.4],[1008.8,97.5],[1009.1,98.1],[1009.1,98.2],[1009.3,98.5],[1009.3,98.8],[1009.3,99.3],[1009.3,99.4],[1009.6,99.6],[1009.4,99.9],[1009.4,100],[1009.4,100.2],[1009.7,100.8],[1009.7,100.9],[1009.9,101.2],[1010,101.2],[1010.2,101.3],[1010.3,101.5],[1010.3,101.6],[1010.8,101.8],[1011.8,102.1],[1011.9,102.1],[1012.2,102.2],[1012.7,102.4],[1013,102.7],[1013.7,103.3],[1014.1,103.9],[1015.3,104.9],[1015.5,104.9],[1015.6,104.9],[1015.8,104.9],[1015.9,105],[1016.4,105],[1016.7,105],[1017.3,105],[1017.4,105],[1017.4,105.5],[1017.5,106.2],[1017.5,106.8],[1017.7,107.3],[1017.8,107.3],[1017.8,107.4],[1018.1,107.6],[1018.3,108.1],[1018.6,109],[1018.7,109.2],[1019.2,110.4],[1019.5,111.4],[1019.5,111.5],[1021.1,113.8],[1022.9,113.9],[1024.8,116.1],[1027.3,114.9],[1028.9,117.3],[1028.5,118.6],[1029.5,120.3],[1031.9,120.7],[1033.4,119.1],[1033.2,117.7],[1034.4,116],[1039.4,114.3],[1041.3,115.2],[1044.6,113.9],[1046.7,114.8],[1052.4,115.4],[1056.4,114.1],[1057.9,112.3],[1057.9,110.4],[1056.8,108.7],[1053.9,105.6],[1052.7,104.9],[1050.2,105.8],[1049.5,109.6],[1047.4,109.5],[1046.5,108.7],[1043.8,109.2],[1042.4,110.5],[1041.6,108],[1038.5,105.8],[1040,103.3],[1042.4,101.9],[1043.7,102.1],[1046.4,99.6],[1048.6,98.4],[1049.3,99.1],[1048.1,102.1],[1049,103.9],[1051.4,103.9],[1053.6,101.3],[1053.6,98],[1054.2,94.3],[1052.6,88.6],[1048.9,82.7],[1045.5,79.8],[1043.5,78.9],[1040.2,78.6],[1037.3,80.2],[1027.4,82],[1026.9,81.4],[1025.5,78.6],[1023.6,77.1],[1023.5,71.7],[1023.3,66.5],[1024.6,64.4],[1025.2,61.9],[1024.3,59.8],[1022.9,58.4],[1020.5,58.4],[1018.4,59.5],[1016.8,57.3],[1015.9,53.9],[1013.4,54.7],[1013.3,54.8],[1013.1,55.1],[1012.8,55.3],[1012.2,55.1],[1012.1,55],[1011.6,54.8],[1011.5,54.8],[1010.9,54.7],[1010.2,55],[1010,55.3],[1009.7,55.5],[1009.4,55.7],[1009.3,56],[1009.1,56],[1008.8,56.1],[1008.5,56.3],[1007.9,56.6],[1007.4,57.3],[1007.2,57.5],[1007.2,57.6],[1007.2,58.1],[1007.2,58.4],[1007.2,59.1],[1006,59.1],[1005.9,59.1],[1005.6,59.1],[1004.7,59.4],[1004.5,59.5],[1004.2,59.8],[1003.8,60.6],[1003.8,60.7],[1004.1,61.6],[1004.4,62.2],[1004.5,62.8],[1004.1,62.8],[1004,62.8],[1003.7,62.8],[1003.5,62.8],[1003.2,62.8],[1002.8,62.9],[1002.5,63.2],[1002.3,63.5],[1002,64.3],[1002,64.6],[1001.7,65],[1001.7,65.3],[1000.9,65.4],[1000.3,65.6],[1000.1,65.6],[998.9,65.9],[998,66],[997.2,66.3],[996.7,66.3],[996.1,66.5],[995.7,66.6],[994.5,66.9],[992.9,67.2],[992.7,67.4],[992.4,67.4],[992.3,67.4],[991.5,67.5],[991,67.7],[990.7,67.8],[989.9,68],[989.3,68.1],[989.2,68.1],[988.4,68.3],[987.9,68.4],[987.4,68.6],[987.1,68.6],[986.4,68.7],[984.5,69.1],[983.4,69.4],[982.5,69.6],[981.9,69.7],[981.5,69.9],[981.4,69.9],[980.8,70],[979.7,70.2],[979.4,70.3],[978.8,70.5],[978,70.6],[977.5,70.6],[976.9,70.8],[976.2,70.9],[976,71.1],[975.3,71.2],[975,71.2],[974.4,71.4],[974,71.5],[973.5,71.5],[971.9,71.9],[971.2,72.1],[970.3,72.2],[968.6,72.5],[968.3,72.7],[968.2,72.7],[968.1,72.7],[967.9,72.7],[967.8,72.7],[966.9,73],[965.7,73.1],[964.5,73.4],[963.9,73.6],[963.3,73.7],[962.4,73.9],[961.8,74],[961.6,74.2],[961.3,74.2],[961,74.2],[960.2,74.3],[960.1,74.5],[958.5,74.8],[957.6,74.9],[956.8,75.1],[956.2,75.2],[955.9,75.2],[955.5,75.3],[955.1,75.5],[954.2,75.6],[954,75.6],[953.6,75.8],[953.1,75.9],[951.8,76.2],[951.7,76.2],[950.2,76.5],[950,76.5],[948,77],[946.6,77.3],[945.9,77.4],[945.7,77.4],[944.9,77.7],[944.3,77.9],[944.3,78.7],[944.3,82.4],[944.1,82.9],[944.1,86.6],[944.1,86.7],[944.1,87.8],[944,88.9],[944,90.3],[944,90.4],[944,92.9],[944,93.4],[944,94],[943.8,94.6],[943.8,94.8],[943.8,95.1],[943.8,95.4],[943.8,98.2],[943.8,99.6],[943.7,101.3],[943.7,102.1],[943.7,103.6],[943.7,105.8],[944.3,107.1],[944.6,107.1],[946,106.7],[946.3,106.5],[946.9,106.5],[948.7,106.1],[949,106.1],[949.3,105.9],[949.9,105.9],[949.9,105.8],[950.3,105.8],[950.5,105.8],[950.9,105.6],[951.4,105.6],[951.4,105.5],[952.1,105.5],[952.2,105.3],[954.3,104.9],[955.1,104.7],[955.2,104.7],[955.3,104.7],[955.8,104.6],[957.3,104.3],[957.4,104.3],[957.9,104.3],[959.5,103.9],[959.9,103.9],[961.1,103.6],[962.3,103.3],[962.7,103.1],[962.9,103.1],[963.3,103],[964.1,102.8],[964.7,104.3],[965,104.2],[965.2,104],[965.8,103.9]]]]}},{"type":"Feature","properties":{"st":"MD","fips":"24","name":"Maryland","seats":8,"seats_2000":8,"seats_2010":8,"seats_2020":8,"seats_2030":8,"label_x":821.3,"label_y":317.5},"geometry":{"type":"MultiPolygon","coordinates":[[[[753,312.1],[752.8,312.1],[752.8,311.9],[753,311.8],[753.1,311.8],[753.2,311.8],[753.2,311.7],[753.1,311.7],[753.1,311.5],[753,311.7],[753,311.5],[752.8,311.5],[752.8,311.4],[753,311.3],[753.1,311.3],[753.1,311.4],[753.2,311.4],[753.4,311.4],[753.5,311.4],[753.6,311.3],[753.7,311.3],[753.9,311.3],[753.9,311.2],[754.3,311.3],[754.3,311],[754.4,310.9],[754.5,311],[754.8,311.2],[754.9,311.4],[755.2,311.3],[755.9,311.5],[756.2,311.7],[756.7,311.9],[756.8,311.9],[757.1,311.8],[756.8,311.5],[757,311.5],[757,311.4],[756.8,311.3],[757,311],[757.1,310.9],[757.2,310.4],[757.3,310.3],[757.3,310.1],[757.6,310.1],[757.7,310.1],[757.9,310],[758.8,308.2],[758.8,308.1],[759.4,306.9],[759.6,306.9],[759.9,307.1],[760,306.9],[759.9,306.7],[759.6,306.4],[759.5,306],[759.9,305.6],[760,305.4],[760.3,305.1],[760.2,305],[760,304.5],[760,304.2],[760.2,304.2],[760.7,303.8],[760.8,303.7],[760.8,304],[760.7,304.4],[760.7,304.6],[760.8,304.7],[761.4,304.4],[761.7,304.5],[761.8,304.7],[761.7,304.9],[761.7,305],[761.6,305.1],[761.4,305.1],[761.4,305],[761.3,305],[761.2,305],[761.1,305],[760.9,305.1],[760.8,305.3],[760.8,305.4],[760.9,305.5],[761.1,305.6],[761.1,305.8],[761.2,305.9],[761.3,306],[761.4,306],[761.6,306],[761.6,305.9],[761.7,306],[761.8,306],[761.8,305.9],[761.8,305.8],[762,305.8],[762.3,306.3],[762.6,306.4],[762.9,306.5],[763,306.7],[764.3,307.1],[764.5,307.2],[765,306.9],[765.2,306.8],[765.3,306.8],[766.2,306.9],[766.3,307.1],[768,306.8],[768.1,306.8],[768.8,306.9],[768.9,306.9],[769.4,306.9],[769.7,306.8],[769.7,306.5],[769.7,306.4],[769.8,306],[769.9,306],[770,305.8],[770.2,305.9],[770.2,305.4],[770.3,305.4],[770.6,305.6],[770.7,305.5],[770.7,305.4],[770.4,305.3],[770.4,305.1],[770.2,305.1],[769.9,305],[769.5,304.7],[770.2,304.2],[770.4,304.4],[770.9,304.4],[771.1,304.2],[770.3,303.6],[770.2,303.5],[769.8,302.9],[770.2,302.8],[771.2,303.2],[771.5,303.2],[771.5,303.1],[771.5,302.9],[771.1,302.7],[771.1,302.6],[772.1,301.9],[772.4,302],[773.5,302.2],[773.6,302.2],[773.8,302.3],[773.9,302.3],[774,302.3],[774.2,302.3],[774.3,302.3],[774.3,302.2],[774.3,302],[774.3,301.9],[774.3,301.8],[774.4,301.5],[774.4,301.4],[774.7,301.3],[774.7,301.2],[774.8,300.9],[774.9,300.8],[775.1,300.8],[775.1,300.6],[775.1,300.5],[774.9,300.4],[774.8,300.3],[774.8,300.1],[774.9,300.1],[774.9,300],[775.1,300],[775.3,300],[775.4,300],[775.6,300],[775.6,299.9],[775.7,299.7],[775.7,299.6],[775.7,299.5],[776,299.2],[776.1,299.1],[776.2,299.1],[776.5,299.1],[776.7,299.2],[777.1,299.1],[778.1,299.2],[778.4,299.4],[779.7,300.1],[779.8,300.3],[780.1,300.4],[780.6,300.9],[780.8,301],[781.6,301.5],[781.7,301.5],[782.1,301.4],[782.2,301.2],[782.9,301.7],[783,301.8],[783.1,301.5],[783.1,300.9],[782.9,300.8],[782.9,300.6],[783.3,300.8],[783.4,301],[783.7,301],[783.9,301],[784.2,301.2],[784.4,301.2],[784.7,300.4],[785.1,300.5],[785.2,300.5],[785.3,300.6],[785.6,300.5],[785.7,300.5],[785.8,300.6],[786,300.6],[786,300.8],[786.1,301.3],[786.1,301.4],[786.1,301.5],[786.1,301.7],[786.1,301.8],[786,302],[785.5,302],[785.1,302.2],[784.7,302.4],[784.7,302.6],[785.6,303.7],[785.6,303.8],[786.5,303.1],[786.6,303.2],[786.2,304.2],[786.2,304.4],[786.9,304.4],[787.2,304.4],[787.5,304.5],[787.8,304.2],[788.1,304],[788.4,304],[788.4,304.1],[788.3,304.2],[787.8,305],[788.1,305.1],[787.8,305.4],[787.8,305.5],[787.8,306.3],[788,306.4],[788.3,306.4],[788.7,306.4],[788.9,306.4],[789,306.4],[789.6,306.9],[789.7,307.1],[789.9,307.6],[789.8,307.7],[789.6,308.1],[789.7,308.2],[789.8,308.5],[789.9,308.6],[789.9,308.9],[789.7,309.2],[789.6,309.5],[789.8,309.6],[789.9,309.6],[790.2,309.8],[790.5,309.9],[790.6,309.9],[790.8,309.9],[791,309.9],[791.1,309.9],[791.1,309.8],[791.5,309.9],[791.7,309.6],[792,309.5],[792,309.6],[792.4,309.8],[792.8,309.9],[792.9,309.9],[793.2,309.9],[793.3,309.9],[793.9,309.9],[794.2,309.9],[794.4,309.9],[794.7,309.8],[794.8,309.6],[795.1,309.6],[795.2,310],[795.2,310.1],[795.5,310.4],[795.6,310.7],[795.7,310.7],[795.8,310.8],[796,310.9],[796.1,310.9],[796.2,311],[797.4,311.2],[797.5,311.3],[797.6,311.3],[797.9,311.5],[798,311.7],[798.2,311.7],[798.4,311.9],[798.2,312.4],[798.2,312.7],[798.2,313],[798.2,313.1],[798.2,313.2],[798,313.3],[797.5,313.6],[797.4,313.7],[797.3,314.1],[797.1,314.4],[797.3,314.5],[797.1,314.9],[797.1,315],[797.1,315.1],[797.3,315.4],[797.4,315.7],[797.5,315.8],[797.8,315.9],[797.9,315.9],[798.2,316],[798.5,316],[798.7,316.3],[798.8,316.4],[799.1,316.8],[799.3,317.1],[799.4,317.2],[799.6,317.2],[799.7,317.2],[799.8,317.2],[800,317.2],[800.3,317.2],[800.7,317.2],[800.9,317.2],[801.1,317.2],[801.6,317.2],[801.9,317.2],[802,317.1],[802.1,317.1],[802.3,317.1],[802.4,317.1],[802.7,316.9],[802.8,316.9],[802.9,316.9],[803,317.1],[803.2,317.1],[803.6,317.2],[803.8,317.2],[803.9,317.2],[804.1,317.2],[804.3,317.3],[804.3,317.5],[804.6,317.5],[805.1,317.6],[805.2,317.6],[805.5,317.7],[805.6,318.1],[805.5,318.1],[805.5,318.4],[805.3,318.5],[805.3,318.6],[805.5,318.6],[805.5,318.7],[805.5,318.9],[805.6,318.9],[805.7,319],[805.9,319.1],[805.9,319.3],[806,319.3],[806.1,319.4],[806.2,319.3],[806.4,319.4],[806.5,319.5],[806.6,319.5],[806.8,319.5],[807,319.5],[807.1,319.5],[807.4,319.5],[807.5,319.4],[807.7,319.4],[807.9,319.4],[808,319.4],[808.2,319.4],[808.7,319.4],[808.8,319.5],[808.8,319.6],[809.1,319.9],[809.2,320],[809.3,320.1],[811.3,317.7],[812.4,318.5],[815.5,320.5],[812.7,324.8],[812.7,325],[812.9,326.3],[812.9,326.6],[813.1,326.7],[813.1,327.1],[813.1,327.3],[812.8,327.7],[812.4,327.9],[812.3,327.9],[812.3,327.7],[812.2,328],[811.9,328.1],[811.9,328.2],[811.8,328.4],[811.6,328.4],[811.5,328.5],[811,329.4],[811.1,330.4],[811.3,330.7],[811.4,330.8],[810.2,331.3],[810.1,331.4],[809.8,331.6],[809.8,331.7],[809.5,331.7],[808.9,332.3],[808.7,332.6],[808.6,332.9],[808.6,333],[808.4,333.9],[808.4,334],[808.4,334.1],[808,334.5],[808,334.7],[808,335],[808,335.2],[808,335.3],[807.9,335.6],[807.7,336.3],[807.7,336.5],[807.5,336.5],[807.5,336.6],[807.5,336.7],[807.5,336.8],[807.4,337.1],[807.4,337.2],[807.7,339],[807.7,339.1],[808.2,340],[808.4,340.8],[809.1,341.5],[809.2,341.8],[809.6,342],[809.8,342],[811.5,341.5],[811.6,341.3],[813.2,340],[813.4,340],[813.6,340],[813.8,339.9],[813.9,339.9],[814.1,339.9],[814.2,339.9],[814.3,339.9],[814.3,339.8],[814.5,339.8],[814.6,339.7],[814.7,339.5],[814.7,339.4],[815,339],[815.1,338.5],[815.2,338.5],[815.4,338.5],[815.5,338.5],[815.9,338.8],[816,338.9],[816,339],[816.1,339],[816.3,339.1],[816.4,339.1],[816.3,339.3],[816.3,339.4],[816.4,339.8],[816.3,341.5],[816.4,341.6],[816.4,341.7],[817.3,342.4],[817.4,342.5],[817.7,342.6],[818.2,342.7],[818.6,343],[818.6,343.3],[818.7,344],[819.2,344.7],[819.6,344.8],[819.7,344.8],[820.5,344.9],[820.9,345.2],[821,345.2],[821.3,345.4],[821.5,345.6],[821.8,345.4],[822,345.6],[822.3,345.6],[824,345.2],[824.2,345.2],[824.5,345.1],[824.7,345.1],[825,345.1],[825.6,345.1],[826.4,344.9],[826.7,344.9],[828.1,344.9],[829.1,345.4],[829.2,345.7],[829.4,346],[829.4,346.1],[829.5,346.2],[829.7,346.3],[830,346.6],[830.8,346.9],[831.3,347],[831.4,347.1],[831.4,347.4],[831.8,347.7],[832.2,348],[832.2,348.6],[832.6,348.6],[832.8,348.8],[834.2,349.2],[834.5,349.5],[834.7,349.5],[835.1,349.8],[836.4,350.3],[837.1,350.3],[837.7,350.4],[838.1,350.6],[839.1,351],[839.4,351.1],[840,351.2],[840.1,351.3],[840.8,351.9],[840.9,351.9],[845.4,348.5],[845.5,348.5],[845.7,348.4],[845.9,348.4],[846.2,348.3],[846.7,348.3],[846.9,348.1],[848.4,348.1],[849.8,349.2],[850.3,349],[852.1,348.5],[853.4,347.2],[853.6,347.1],[853.9,347],[856.2,346.5],[856.3,346.3],[856.2,345.7],[856.6,344.7],[856.7,344.5],[856.8,344.5],[857.2,344.4],[857.3,344.4],[858.1,344.2],[858.8,343.9],[858.9,343.9],[859.3,343.8],[859.6,343.5],[859.8,343.5],[860.2,343.4],[860.7,343.3],[861.2,343],[861.8,342.9],[862.2,342.7],[862.6,342.6],[862.7,342.6],[863.1,342.4],[865.6,341.6],[866.1,341.3],[866.2,341.3],[866.3,341.3],[866.7,341.2],[867.2,341.1],[868.8,340.7],[869.3,338.1],[869.5,334.7],[870.6,327.7],[870.3,324.9],[868.6,325.3],[868.5,325.3],[868.4,325.3],[868.1,325.4],[867.7,325.4],[867.6,325.5],[867,325.7],[866.6,325.7],[866.3,325.8],[866.1,325.8],[864.7,326.2],[864,326.3],[863.8,326.3],[863.6,326.4],[863.1,326.4],[861.1,327],[860,327.2],[859.9,327.2],[859.4,327.3],[858.9,327.3],[858.6,327.5],[858.2,327.5],[855,328.1],[854.9,328.1],[854.8,328.2],[854.5,328.2],[854.4,328.2],[854.3,328.2],[853.7,328.4],[853,328.5],[852.1,328.6],[851.2,328.5],[850.9,327.6],[850.7,327.1],[850.7,326.7],[850,324.5],[849.5,322.8],[849.5,322.7],[849.3,321.9],[849.3,321.8],[849,321],[849,320.8],[848.9,320.4],[848.6,319.6],[848.5,319.1],[848.4,318.7],[848.4,318.5],[847.7,316.4],[847.6,316],[847.6,315.9],[847.6,315.7],[847.5,315.5],[847.5,315.1],[847.3,314.8],[847.1,314.2],[847.1,314.1],[847.1,313.9],[846.9,313.6],[846.8,313],[846.4,311.7],[846.3,311.4],[846.2,310.9],[846,310.4],[845.8,309.2],[845.7,309.2],[845.5,308.7],[845.3,307.8],[845.3,307.4],[845,306.8],[844.9,306.4],[844.9,306.3],[844.8,306],[844.6,305.3],[844.4,304.5],[844.2,304.1],[844.1,303.3],[843.3,300.8],[843.1,300],[842.6,298.2],[842.4,297.6],[842.2,296.7],[841,292.6],[840.9,292.3],[840.8,291.9],[840.8,291.8],[840.7,291.1],[840.5,290.5],[840.3,290],[840.1,289.3],[840,288.8],[839.9,288.3],[839.8,288.2],[839.8,287.9],[839.6,287.8],[839.6,287.5],[839.6,287.4],[839.5,287],[839.4,286.4],[839.4,286.3],[839.4,286.1],[839.2,285.6],[839.2,285.4],[839.1,285.4],[839,285.4],[838.3,285.6],[836.9,285.9],[836.3,286],[836,286],[835.3,286.3],[834.9,286.3],[834.6,286.4],[834.1,286.5],[833.7,286.5],[833.2,286.6],[832.8,286.8],[831.8,286.9],[830.8,287.2],[830.4,287.3],[830,287.4],[829.7,287.4],[829.5,287.4],[829,287.5],[828.7,287.7],[828.1,287.8],[827.7,287.8],[827.3,287.9],[826.9,288.1],[826.8,288.1],[824.9,288.4],[824.7,288.4],[824.6,288.4],[824.5,288.6],[823.3,288.8],[822.7,289],[822.2,289],[821.9,289.1],[821.7,289.1],[821.3,289.2],[820.9,289.3],[820.6,289.3],[820.2,289.5],[819.7,289.5],[819.2,289.6],[817.3,290],[816.8,290.1],[816,290.2],[815.6,290.4],[815.2,290.5],[815.1,290.5],[815,290.5],[814.6,290.6],[814.3,290.6],[813.4,290.9],[813.1,290.9],[812.9,291],[812.5,291],[811.8,291.1],[811.4,291.3],[811.3,291.3],[810.9,291.4],[810.4,291.5],[809.8,291.5],[809.3,291.7],[809.2,291.8],[808.6,291.8],[808.3,291.9],[807.7,292],[807.4,292.2],[807.1,292.2],[807,292.2],[805.9,292.4],[805.3,292.6],[804.8,292.7],[804.6,292.7],[804.5,292.7],[804.3,292.7],[803.9,292.8],[803,292.9],[802.3,293.2],[801.9,293.2],[801.6,293.3],[801.4,293.3],[800.9,293.4],[800.6,293.4],[800.1,293.6],[799.1,293.8],[798.5,293.8],[798.2,294],[797.9,294],[797.4,294.1],[796.9,294.2],[795.7,294.5],[795.3,294.5],[794.7,294.6],[794.6,294.7],[794.4,294.7],[794.3,294.7],[794.1,294.7],[793.9,294.9],[793.8,294.9],[793.5,294.9],[793,295],[792.8,295],[792.1,295.1],[791.1,295.4],[790.7,295.4],[789.8,295.6],[789.3,295.6],[789.2,295.6],[788.1,295.9],[788,295.9],[787.8,296],[787.1,296],[786.7,296.1],[786.2,296.3],[785.8,296.3],[783.4,296.8],[782.9,296.9],[782.2,296.9],[779.9,297.4],[779,297.6],[778.5,297.7],[778,297.8],[777.6,297.8],[777,297.9],[776.7,298.1],[776.1,298.2],[775.8,298.2],[775.3,298.3],[774.9,298.3],[774.7,298.5],[774.4,298.5],[774.2,298.6],[773.5,298.7],[773,298.7],[772.4,298.8],[772.1,298.8],[771.7,299],[771.5,299],[770.6,299.2],[770.4,299.2],[769.8,299.4],[769.4,299.5],[768.9,299.5],[768.4,299.6],[767.7,299.7],[766.3,300],[765.3,300.1],[764.4,300.4],[763.8,300.4],[763,300.6],[762.9,300.6],[762.1,300.8],[760.9,301],[760.2,301.2],[760,301.2],[759.1,301.3],[758.2,301.4],[758,301.5],[757.1,301.7],[755.7,301.9],[755.2,302],[754.5,302.2],[752.8,302.4],[752.7,302.4],[752.2,302.6],[749.6,303.1],[748.7,303.2],[748.5,303.2],[748,303.3],[746.4,303.6],[746,303.7],[745.1,303.8],[744.9,303.8],[744.5,304],[743.9,304.1],[743.7,304.1],[743.6,304.1],[742.8,304.2],[742.3,304.4],[742.1,304.4],[741.4,304.5],[741.5,305.3],[741.9,307.3],[742.1,308.3],[742.3,309.9],[742.3,310.4],[742.6,311.2],[742.6,311.8],[742.7,312.8],[742.8,313.2],[742.8,313.7],[743,314.1],[743.1,315.1],[743.1,315.4],[743.2,315.9],[743.3,316.4],[743.3,316.8],[743.5,317.6],[743.5,317.7],[743.5,317.8],[743.6,318.7],[743.7,319.5],[743.9,320.3],[744,320.7],[744.4,322.6],[745.8,321.8],[745.8,321.7],[746.2,320.9],[746.3,320.8],[746.4,320.5],[746.4,320.4],[746.4,320.3],[746.6,320.3],[746.7,320.1],[746.6,320],[746.7,320],[746.8,320],[746.8,319.9],[746.9,319.8],[747.1,319.8],[747.3,319.6],[747.3,319.5],[747.6,319],[747.6,318.9],[748.2,318.4],[748.5,318.5],[748.9,318.5],[749,318.5],[749.3,317.5],[749.4,317.3],[749.4,317.1],[749.5,317.1],[749.6,317.1],[749.8,316.9],[749.6,316.8],[749.6,316.7],[749.6,316.6],[749.6,316.4],[749.5,316.3],[749.6,316.3],[749.8,316.3],[749.9,316.2],[750,316.2],[750.1,316],[750.1,315.9],[750.7,315.8],[750.7,315.7],[750.7,315.5],[750.8,315.4],[750.9,315],[751,314.9],[751.3,315],[751.4,314.9],[751.4,314.8],[751.4,314.6],[751.3,314.6],[751.3,314.5],[751.4,314.5],[751.6,314.5],[751.6,314.6],[751.7,314.8],[751.8,314.8],[751.9,314.6],[751.8,314.6],[751.8,314.5],[751.7,314.2],[751.7,314.1],[751.8,314],[752.3,313.5],[752.6,313.5],[752.6,313],[752.7,313],[752.8,313],[753,313],[753,312.8],[752.8,312.8],[752.7,312.7],[752.7,312.6],[752.8,312.6],[752.8,312.4],[753,312.4],[753,312.3],[753.1,312.2],[753,312.1]]]]}},{"type":"Feature","properties":{"st":"ME","fips":"23","name":"Maine","seats":2,"seats_2000":2,"seats_2010":2,"seats_2020":2,"seats_2030":2,"label_x":1000.2,"label_y":26.9},"geometry":{"type":"MultiPolygon","coordinates":[[[[993.6,50.1],[993.6,50.2],[993.7,50.3],[993.9,50.4],[994,50.4],[994.1,50.5],[994.2,50.5],[994.3,50.5],[994.3,50.6],[994.4,50.6],[994.5,50.8],[994.4,50.8],[994.5,51],[994.4,51.1],[994.5,51.2],[994.5,51.3],[994.6,51.8],[994.7,51.8],[994.8,51.8],[994.9,51.9],[995,51.9],[995.1,51.9],[995.2,51.9],[995.4,52.1],[995.6,52],[995.7,52.1],[995.8,52.3],[996.6,52.8],[996.8,52.9],[997.1,53.4],[997.2,52.9],[997.1,52.4],[996.8,52],[996.5,52],[996.6,51.2],[997.2,51.6],[997.8,51.1],[997.5,50.7],[996.7,50.5],[996.5,49.9],[996.6,49.4],[997.4,48.8],[997.6,48],[998.4,46.4],[1000.2,44.5],[1001.2,44.1],[1001.5,43.4],[1002.2,43.3],[1002.5,42.9],[1002.5,42.4],[1003,41.9],[1003.4,42.7],[1004.1,42.7],[1004.5,42],[1004.3,41.7],[1005,41.5],[1005.5,40.7],[1006.1,41.3],[1006.7,41.5],[1007.5,41.5],[1007.7,40.3],[1008.2,39.9],[1008.2,39.5],[1007.7,39.1],[1008.6,38.7],[1008.8,38.5],[1009.1,37.8],[1009.3,37.4],[1010.2,37.1],[1010.5,36.7],[1011,36.1],[1010.9,35.4],[1011.1,35],[1010.9,34.6],[1011.7,34.3],[1012.1,33.4],[1012.7,33.5],[1013,33.2],[1012.9,32.6],[1014.5,32.1],[1015,31.5],[1015.1,30.7],[1015.7,30.4],[1015.9,29.9],[1016.3,29.8],[1017.1,28.6],[1017.5,27.6],[1018.2,26.6],[1017.5,26.4],[1017.2,25.6],[1016.7,25.3],[1015.5,23.9],[1015.1,23.5],[1014.6,23.6],[1014,23.5],[1014,24.2],[1013.5,24.1],[1012.7,23.4],[1012.5,23.1],[1012.6,22.3],[1012.5,21.8],[1012,21.6],[1011.7,21],[1012,20.2],[1011.6,19.7],[1011.3,20],[1010,19.9],[1009.6,19.5],[1008.9,19.7],[1008.6,18.5],[1008.8,18.2],[1008.3,17.8],[1008.6,17.2],[1008.3,17],[1007.3,13.8],[1006.2,10.5],[1004.8,5.9],[1004,5.7],[1003.3,4.9],[1002.3,4.5],[1000.9,3.9],[999.9,4.2],[1000.1,4.9],[999.4,5],[998.7,5.3],[998.6,5.8],[998.1,5.9],[997.3,6.5],[996.8,7],[995.6,6.6],[995.2,5.3],[995.2,4.9],[994.1,4.8],[993.7,4.8],[990.6,14],[991,17],[990.1,18.1],[990.1,19.4],[989.9,19.7],[990.4,20],[990.2,21],[990.4,21.9],[991,22.1],[991,22.5],[990.2,23.9],[990.6,24.5],[989.6,25.5],[988.9,26.8],[988.9,27.6],[989.5,27.9],[989.8,28.3],[989.7,28.6],[989.2,28.6],[988.6,28.3],[988.4,28.7],[988.7,29.4],[988.4,30.5],[988,29.8],[987.4,29.7],[986.8,30.2],[986.9,30.4],[987,30.6],[987.1,31],[987.2,31.4],[987.3,31.7],[987.4,31.9],[987.7,32.7],[987.8,33.2],[987.8,33.3],[987.9,33.4],[988,33.8],[988.2,34.4],[988.2,34.5],[988.3,34.6],[988.3,34.7],[988.3,34.8],[988.4,35.1],[988.6,35.7],[988.8,36.1],[988.8,36.2],[989,36.7],[989,36.9],[989.1,37.3],[989.3,37.7],[989.3,37.9],[989.4,38.2],[989.5,38.3],[989.6,38.6],[989.6,38.9],[989.7,39.1],[989.8,39.3],[989.9,39.6],[989.9,39.7],[989.9,39.9],[990.1,40.2],[990.1,40.4],[990.1,40.5],[990.2,40.5],[990.2,40.7],[990.2,40.8],[990.3,40.9],[990.3,41],[990.4,41.2],[990.5,41.6],[990.6,41.9],[990.6,42.1],[990.7,42.3],[990.8,42.6],[990.9,42.7],[990.9,42.8],[990.9,43],[990.9,43.1],[991,43.2],[991,43.4],[991.1,43.6],[991.2,43.8],[991.2,44],[991.3,44.2],[991.3,44.3],[991.4,44.6],[991.4,44.8],[991.5,45],[991.6,45.3],[991.8,45.8],[991.9,46.1],[992,46.5],[992.1,46.9],[992.2,47],[992.2,47.1],[992.3,47.3],[992.3,47.4],[992.3,47.5],[992.5,47.8],[992.5,47.9],[992.6,47.9],[992.6,48],[992.6,48.1],[992.6,48.2],[992.6,48.3],[992.6,48.4],[992.6,48.5],[992.8,48.9],[992.7,48.9],[992.6,49.1],[992.6,49.2],[992.7,49.2],[992.7,49.3],[992.8,49.4],[992.8,49.5],[992.9,49.7],[992.9,49.8],[993.1,49.8],[993.1,49.9],[993.3,49.8],[993.3,49.9],[993.5,50.1],[993.6,50.1]]]]}},{"type":"Feature","properties":{"st":"MI","fips":"26","name":"Michigan","seats":13,"seats_2000":15,"seats_2010":14,"seats_2020":13,"seats_2030":13,"label_x":599.2,"label_y":169.3},"geometry":{"type":"MultiPolygon","coordinates":[[[[569.3,154.3],[569.4,154.3],[569.5,154.3],[569.7,154.5],[569.9,154.5],[570,154.8],[570,154.9],[570,155],[570,155.1],[570,155.2],[570.1,155.2],[570.2,155.2],[570.3,155.2],[570.4,155.2],[570.4,155.3],[570.4,155.4],[570.3,155.4],[570.3,155.5],[570.2,155.5],[570.2,155.6],[570.1,155.6],[570.1,155.7],[570.1,155.8],[570,155.8],[570,155.9],[569.9,155.9],[569.9,156],[569.8,156.1],[569.7,156.2],[570.2,156.6],[570.3,156.7],[570.4,156.7],[570.5,156.7],[570.7,156.7],[570.8,156.7],[570.9,156.6],[571,156.5],[571.2,156.5],[571.3,156.5],[571.4,156.4],[571.4,156.5],[571.4,156.8],[571.5,156.8],[571.6,156.9],[571.7,156.9],[572,157],[572.3,156.9],[572.3,157],[572.4,157],[572.4,156.9],[572.5,157],[572.6,157],[572.7,157],[572.8,157],[572.9,157.1],[572.9,157.2],[572.9,157.3],[573,157.3],[573,157.4],[573.1,157.4],[573.1,157.5],[573.2,157.5],[573.3,157.5],[573.3,157.6],[573.4,157.6],[573.5,157.6],[573.6,157.6],[573.6,157.7],[573.6,157.8],[573.6,157.9],[573.7,157.9],[573.8,158],[573.9,158.1],[574,158.2],[573.7,158.3],[573.8,159],[573.8,159.1],[573.9,159.1],[574,159.1],[574.1,159.2],[574.1,159.3],[574.1,159.6],[573.6,159.9],[573.5,160],[573.8,160.3],[573.9,160.4],[573.8,161.6],[573.7,161.8],[573.6,161.8],[573.6,161.9],[573.5,161.9],[573.4,162],[573.4,162.1],[573.4,162.3],[573.4,162.4],[573.5,162.4],[573.6,162.5],[573.6,162.6],[573.5,162.6],[573.4,162.7],[573.5,162.8],[573.4,162.8],[573.4,162.9],[573.3,163],[573.3,163.1],[573.3,163.2],[573.3,163.3],[573.2,163.3],[573.1,163.4],[573.9,163.4],[574.1,163.4],[574.5,163.4],[575.3,162.7],[575.8,163.1],[575.8,163.2],[575.5,164.2],[575.5,164.3],[575.4,164.6],[575.4,164.7],[575.3,164.8],[575.3,165],[575.1,165.7],[575.1,165.8],[575.5,166.4],[576,167],[576.1,167.1],[576.5,167.2],[576.6,167.2],[576.9,167.3],[577,167.2],[577.9,167.4],[578.1,167.4],[578.6,167.4],[578.7,166.8],[578.9,165.4],[579.9,164.5],[580.5,163.8],[580.7,163.5],[581.3,162.7],[581.5,162.3],[581.9,161.1],[584.5,160.9],[584.9,160.9],[585.9,160.8],[585.9,160.9],[586.3,161],[587.4,161.5],[588.9,162.2],[590.4,162.8],[591.9,163.5],[590.6,165],[590,165.5],[589.1,166.9],[588.6,167.7],[588.1,168.6],[587.5,169.8],[587.1,171.6],[587.1,171.9],[587,172.1],[586.6,174],[586.3,175.8],[585.9,178.1],[585.7,178.9],[585.6,179.2],[585.4,180.2],[585.2,181.4],[585,181.8],[584.9,182.2],[584.5,187.3],[584.4,188.5],[584.3,189.8],[584.5,191.9],[584.5,192],[584.5,192.5],[584.5,194.5],[584.9,196.5],[585,196.8],[585,196.9],[585.2,197.5],[585.4,198.6],[585.6,199.9],[585.7,200.5],[586.2,202.5],[586.4,203.6],[586.5,204.3],[586.6,204.5],[586.9,205.9],[587,206.5],[587.3,208.6],[587.4,208.6],[587,212.9],[586.7,215.2],[586.6,216.8],[586.3,220.7],[587.3,220.6],[588.7,220.4],[590.2,220.3],[590.6,220.3],[590.8,220.3],[590.9,220.3],[591,220.3],[591.1,220.2],[591.3,220.2],[591.4,220.2],[591.7,220.2],[592.1,220.2],[592.3,220.1],[592.7,220.1],[592.8,220.1],[593.2,220],[593.5,220],[593.9,220],[594.3,219.9],[594.5,219.9],[594.7,219.9],[595.3,219.8],[595.7,219.8],[595.9,219.7],[596.6,219.7],[596.7,219.7],[596.8,219.7],[596.9,219.6],[597.1,219.6],[597.4,219.6],[597.6,219.6],[597.7,219.6],[598,219.5],[598.5,219.5],[598.8,219.5],[599,219.5],[599.3,219.4],[599.9,219.3],[600,219.3],[600.2,219.3],[600.4,219.3],[600.6,219.3],[600.7,219.3],[601.3,219.2],[601.4,219.2],[601.6,219.2],[601.9,219.2],[602.1,219.1],[602.2,219.1],[602.4,219.1],[602.7,219],[602.9,219],[603.1,219],[603.3,219],[603.6,219],[603.9,218.9],[604.1,218.9],[604.5,218.9],[604.7,218.9],[604.8,218.8],[605,218.8],[605.6,218.7],[605.7,218.7],[605.8,218.7],[606,218.7],[606.1,218.7],[606.5,218.6],[606.8,218.6],[607.5,218.5],[607.6,218.5],[608.1,218.5],[608.4,218.5],[608.5,218.4],[608.8,218.4],[608.9,218.3],[609.1,218.3],[609.2,218.3],[609.5,218.3],[609.6,218.3],[610.4,218.2],[611.4,218.1],[611.6,218],[611.8,218],[612,218],[612.3,218],[612.8,217.9],[612.9,217.9],[613.2,217.9],[613.3,217.9],[613.8,217.8],[614.1,217.8],[614.3,217.8],[614.8,217.7],[614.9,217.8],[614.9,218],[615,218.5],[615.1,218.7],[615.2,218.7],[615.5,218.6],[616.2,218.5],[616.6,218.5],[617.5,218.3],[617.7,218.3],[618,218.2],[618.2,218.2],[618.4,218.2],[618.9,218.1],[619.1,218],[619.4,218],[619.7,218],[619.8,218],[619.9,217.9],[620.3,217.9],[620.5,217.9],[621.4,217.7],[621.6,217.7],[621.8,217.6],[622.1,217.6],[622.3,217.6],[622.7,217.5],[622.8,217.5],[623.1,217.5],[623.4,217.4],[623.7,217.3],[626.2,216.9],[626.5,216.9],[626.6,216.8],[626.8,216.8],[627.1,216.8],[627.4,216.7],[627.6,216.7],[628,216.6],[628.1,216.6],[628.2,216.6],[628.3,216.6],[628.5,216.5],[628.6,216.5],[628.8,216.5],[628.9,216.5],[629,216.5],[629.2,216.4],[629.5,216.3],[629.6,216.3],[629.7,216.3],[629.8,216.3],[630.1,216.2],[630.2,216.2],[630.4,216.2],[630.6,216.2],[630.7,216.2],[630.8,216.1],[631,216.1],[631.1,216.1],[631.4,216.1],[631.5,216],[634.6,211.9],[634,210.8],[634.1,209.3],[633.8,208],[634,206.6],[634.4,206.1],[637,204.8],[637.7,203.4],[638.8,201.6],[639.2,201.6],[640.1,200.5],[640.4,197.9],[640.1,197.2],[640.1,195.3],[642.4,184.1],[639.7,175.1],[636.9,166.5],[633.9,156.8],[627.9,154.1],[622.1,151.3],[620.3,151.5],[622.1,147.6],[620.4,146.1],[619.4,146],[618.3,146.4],[617.5,146.3],[616.7,147.3],[616.2,147.4],[615.5,146],[614.6,145.6],[614.1,144.7],[613.3,141.9],[613.6,140.5],[613.3,140.1],[612.2,140.2],[612,140.7],[610.1,141],[609.6,141.9],[608.7,141.8],[606.1,139.3],[604.6,135.4],[599.9,133.2],[594.1,130.6],[589.7,128.5],[587.5,127.4],[585.3,126.5],[576.7,122.5],[563.9,116.6],[560.7,117.8],[553.8,122.7],[552.2,122.2],[547.7,134.1],[547.4,135.3],[543.3,146],[543.7,146.5],[543.8,146.4],[543.9,146.4],[544.1,146.2],[544.3,146.2],[544.5,146.4],[545,146.7],[545,146.8],[545,146.9],[545.4,146.8],[545.5,146.8],[545.6,146.9],[545.8,147.3],[545.9,147.3],[546,147.4],[546,147.5],[546.1,147.6],[546.1,147.7],[546.1,147.8],[546.2,147.8],[546.2,147.9],[546.3,148],[546.3,148.1],[546.4,148.1],[546.4,148.3],[546.6,148.7],[546.7,148.8],[546.9,149.4],[546.9,149.5],[547,149.5],[548,149.7],[549.1,150],[549.2,150],[549.4,150],[549.5,150],[549.6,150.1],[549.7,150.1],[549.9,150.1],[550.6,150.2],[551.1,150.4],[551.2,150.4],[551.3,150.4],[551.6,150.5],[551.8,150.5],[552.1,150.5],[552.4,150.7],[552.7,150.7],[553,150.8],[553.6,150.9],[553.9,150.9],[554.2,151],[554.4,151],[554.6,151.1],[554.8,151.1],[555.1,151.2],[555.2,151.2],[555.4,151.2],[555.9,151.4],[556.4,151.5],[556.8,151.5],[557.2,151.6],[557.3,151.6],[557.4,151.6],[557.7,151.7],[558,151.8],[558.3,151.8],[558.5,151.9],[558.6,151.9],[558.7,151.9],[559,152.1],[559.7,152.4],[559.8,152.5],[560.1,152.6],[560.4,152.7],[560.6,152.9],[560.9,153],[561.4,153.2],[561.5,153.3],[561.5,153.4],[561.6,153.4],[561.7,153.4],[561.7,153.5],[561.8,153.5],[561.9,153.5],[562,153.5],[562.1,153.5],[562.1,153.4],[562,153.4],[562,153.3],[562.8,153.4],[562.8,153.3],[563.1,153.5],[563.2,153.5],[563.3,153.5],[563.4,153.5],[563.5,153.9],[563.6,153.9],[564.4,153.6],[564.5,153.6],[564.5,153.5],[564.6,153.5],[564.6,153.4],[564.8,153.4],[565.2,153.3],[565.3,153.3],[565.4,153.5],[565.4,153.6],[565.5,153.7],[565.6,153.8],[566.2,153.8],[566.3,153.8],[566.9,153.7],[567.4,154.1],[567.4,154.2],[568,154.1],[568.6,154.2],[568.7,154.2],[568.9,154.1],[569,154.1],[569.1,154.2],[569.2,154.2],[569.2,154.3],[569.3,154.3]]]]}},{"type":"Feature","properties":{"st":"MN","fips":"27","name":"Minnesota","seats":8,"seats_2000":8,"seats_2010":8,"seats_2020":8,"seats_2030":7,"label_x":468.7,"label_y":186.5},"geometry":{"type":"MultiPolygon","coordinates":[[[[441.9,155.7],[442,155.8],[442,155.7],[441.9,155.7]]],[[[441.8,157.6],[441.8,157.7],[441.9,157.7],[441.8,157.6]]],[[[441.7,157.7],[441.6,157.7],[441.6,157.8],[441.7,157.8],[441.8,157.7],[441.7,157.7]]],[[[441.7,158.3],[441.8,158.3],[441.8,158.2],[441.7,158.2],[441.7,158.3]]],[[[441.9,157.9],[441.9,158],[441.9,158.1],[441.8,158.1],[441.8,158.2],[441.9,158.2],[442,158.3],[441.9,158.3],[441.9,158.4],[441.8,158.3],[441.7,158.4],[441.8,158.4],[441.9,158.5],[441.8,158.5],[441.7,158.5],[441.7,158.6],[441.8,158.6],[441.9,158.7],[441.8,158.7],[441.8,158.8],[441.7,158.8],[441.6,158.9],[441.6,159],[441.7,159],[441.7,159.1],[441.8,159],[441.9,159],[441.8,159.1],[441.8,159.2],[441.7,159.2],[441.6,159.2],[441.6,159.3],[441.7,159.3],[441.7,159.4],[441.8,159.4],[441.8,159.5],[441.9,159.5],[441.9,159.6],[441.9,159.7],[442,159.7],[442,159.8],[441.9,159.9],[441.8,159.9],[441.8,160],[441.9,160],[441.9,160.1],[441.9,160.2],[441.9,160.3],[442,160.3],[442,160.4],[441.9,160.5],[441.8,160.6],[441.9,160.6],[441.9,160.7],[441.9,160.8],[441.8,160.8],[441.7,160.8],[441.7,160.9],[441.7,161],[441.9,161],[441.9,161.1],[441.8,161.1],[441.7,161.1],[441.6,161.2],[441.7,161.2],[441.8,161.4],[441.8,161.5],[441.7,161.5],[441.7,161.6],[441.7,161.8],[441.9,162.6],[441.9,162.7],[442.2,163.3],[442.3,163.4],[442.3,163.5],[442.3,163.7],[442.3,163.8],[442.3,163.9],[442.5,164.2],[442.5,164.3],[442.4,164.5],[442.4,164.6],[442.5,164.7],[442.5,164.8],[442.5,164.9],[442.6,164.9],[442.6,165],[442.7,165],[442.7,165.1],[442.8,165.1],[442.8,165.2],[442.8,165.3],[442.7,165.3],[442.7,165.4],[442.8,165.4],[442.7,165.5],[442.8,165.6],[442.7,165.6],[442.7,165.7],[442.8,165.8],[442.9,165.8],[442.9,165.9],[443,165.9],[443,166],[443,166.1],[443,166.2],[443.1,166.2],[443.1,166.3],[443.1,166.4],[443.2,166.4],[443.2,166.5],[443.1,166.5],[443.1,166.6],[443,166.6],[443,166.7],[443.1,166.7],[443.2,166.7],[443.2,166.8],[443.3,166.8],[443.3,166.9],[443.3,167],[443.4,167],[443.4,167.1],[443.5,167.1],[443.5,167.2],[443.6,167.2],[443.5,167.3],[443.6,167.4],[443.6,167.5],[443.6,167.6],[443.6,167.7],[443.7,167.8],[443.6,167.8],[443.6,167.9],[443.7,168],[443.6,168.1],[443.7,168.1],[443.8,168.1],[443.8,168.2],[443.8,168.3],[443.9,168.4],[444,168.5],[443.9,168.5],[444.3,169.4],[444.3,169.6],[444.2,169.6],[444.2,170.7],[444.2,170.8],[444.1,170.8],[444.1,170.9],[444.1,171],[444.2,171],[444.2,171.1],[444.2,171.2],[444.2,171.3],[444.2,171.4],[444.2,171.5],[444.2,171.6],[444.2,171.7],[444.2,171.8],[444.1,171.8],[444.2,171.9],[444.2,172],[444.3,172],[444.3,172.1],[444.4,172.1],[444.4,172.2],[444.3,172.2],[444.4,172.3],[444.3,172.3],[444.3,172.4],[444.4,172.4],[444.3,172.5],[444.3,172.6],[444.4,172.6],[444.4,172.7],[444.3,172.7],[444.3,172.8],[444.4,172.9],[444.4,173],[444.4,173.1],[444.4,173.2],[444.3,173.2],[444.3,173.3],[444.4,173.3],[444.4,173.4],[444.3,173.5],[444.3,173.6],[444.3,173.7],[444.3,173.8],[444.3,173.9],[444.3,174],[444.4,174],[444.4,174.1],[444.3,174.1],[444.3,174.2],[444.4,174.2],[444.4,174.3],[444.4,174.4],[444.4,174.5],[444.4,174.6],[444.4,174.7],[444.3,174.8],[444.4,174.8],[444.5,174.8],[444.5,174.9],[444.5,175],[444.4,175],[444.4,175.1],[444.5,175.1],[444.5,175.2],[444.5,175.3],[444.4,175.3],[444.3,175.3],[444.3,175.4],[444.5,176.5],[444.5,176.6],[444.5,177],[444.4,177.1],[444.7,177.8],[444.7,177.9],[444.7,178],[444.6,178.1],[444.7,178.1],[444.8,178.1],[444.7,178.2],[445,178.5],[445.1,178.5],[445,178.6],[444.9,178.7],[445,178.9],[444.9,179],[444.9,179.1],[444.8,179.1],[444.8,179.2],[444.9,179.3],[444.8,179.6],[444.7,179.6],[444.8,179.7],[444.7,179.8],[444.7,179.9],[444.6,180.1],[444.7,180.1],[444.7,180.2],[444.8,180.2],[444.7,181.3],[444.7,181.4],[444.7,181.7],[444.7,181.9],[444.7,182.3],[444.8,182.3],[445.2,183.2],[445.1,183.2],[445.1,183.3],[445.2,183.4],[445.2,183.5],[445.4,184.4],[445.3,184.5],[445.4,184.6],[445.4,184.7],[445.3,184.7],[445.3,184.8],[445.5,185],[445.5,185.1],[445.9,185.8],[446.4,186.4],[446.5,186.4],[446.4,186.7],[446.5,186.7],[446.5,186.8],[446.5,186.9],[446.5,187],[446.5,187.1],[446.5,187.2],[446.5,187.3],[446.6,187.4],[446.5,187.4],[446.5,187.5],[446.5,187.6],[446.5,187.7],[446.6,188.3],[446.7,188.8],[446.7,188.9],[446.8,189.3],[446.8,189.9],[446.8,190],[446.7,190.4],[446.7,190.5],[446.8,191.4],[446.8,191.5],[446.8,191.6],[446.7,191.8],[446.7,191.9],[446.8,191.9],[446.7,192],[446.7,192.6],[446.7,192.8],[446.6,193.1],[446.5,193.2],[446.1,193.6],[446.1,193.7],[446,193.7],[446,193.8],[446,193.9],[446,194],[445.9,194.1],[445.8,194.2],[445.7,194.3],[445.6,194.4],[445.4,194.5],[444.8,195],[444.6,195.1],[444.3,195.3],[444.2,195.3],[444.1,195.6],[444,195.7],[444,195.8],[444,195.9],[444,196],[444.1,196.1],[444.1,196.2],[444.5,196.6],[444.9,197.1],[444.9,197.2],[445,197.4],[445,197.5],[445,197.6],[445.1,197.7],[445.1,197.8],[445.1,197.9],[445.2,197.9],[445.2,198],[445.3,198.2],[445.4,198.3],[445.4,198.4],[445.5,198.5],[445.6,198.6],[445.7,198.6],[445.8,198.6],[445.9,198.6],[446,198.6],[446.1,198.6],[446.2,198.6],[446.6,198.8],[446.7,198.9],[446.8,199],[447.3,199.2],[447.4,199.3],[447.5,199.6],[447.6,199.7],[447.8,200.1],[447.8,200.2],[447.8,200.7],[447.8,200.9],[447.8,201.3],[447.7,201.8],[447.7,202.3],[447.7,202.4],[447.7,202.6],[447.7,202.9],[447.7,203.2],[447.7,203.4],[447.7,204],[447.7,204.1],[447.7,204.4],[447.7,204.6],[447.7,204.8],[447.7,204.9],[447.7,205.3],[447.7,205.6],[447.7,205.9],[447.7,206],[447.7,206.7],[447.7,206.9],[447.7,207.2],[447.7,207.4],[447.7,207.8],[447.7,208.6],[447.7,209.2],[447.7,209.5],[447.7,209.8],[447.7,210.2],[447.7,210.4],[447.7,210.6],[447.7,210.7],[447.7,210.9],[447.7,211.1],[447.7,211.3],[447.7,211.5],[447.7,212.3],[447.7,212.8],[447.7,213.3],[447.7,213.7],[447.7,214],[447.7,214.2],[447.7,214.3],[447.7,214.6],[447.7,215.5],[447.7,216],[447.7,216.4],[447.7,217.2],[447.7,217.3],[447.7,217.4],[447.7,218.7],[447.7,218.9],[447.7,219.3],[447.7,219.5],[447.7,219.9],[447.7,220.1],[447.6,220.4],[447.6,220.6],[447.6,221.6],[447.6,221.8],[447.6,222.4],[447.6,222.5],[447.6,222.9],[447.6,223.2],[447.6,224.1],[448.5,224.1],[448.6,224.1],[448.8,224.1],[450,224.1],[450.2,224.2],[450.9,224.2],[451.1,224.2],[451.3,224.2],[451.8,224.2],[454,224.2],[454.9,224.2],[455.1,224.2],[455.4,224.2],[456.4,224.1],[456.7,224.1],[456.9,224.1],[457.1,224.1],[457.3,224.1],[457.5,224.1],[458.7,224.1],[459,224.1],[459.3,224.1],[459.7,224.1],[460.1,224.1],[460.2,224.1],[460.4,224.1],[460.5,224.1],[460.7,224.1],[461.7,224.1],[462,224.1],[462.6,224.1],[462.8,224.1],[463,224.1],[463.4,224.1],[463.8,224.1],[464,224.1],[465.5,224],[465.9,224],[466.8,224],[467,224],[467.7,224],[468.4,224],[468.9,224],[469,224],[469.5,224],[469.9,224],[470.3,224],[470.5,224],[471.5,223.9],[472.2,223.9],[472.4,223.9],[474.6,223.9],[475.6,223.8],[475.7,223.8],[475.9,223.8],[476,223.8],[476.1,223.8],[476.2,223.8],[476.3,223.8],[477.6,223.8],[478.6,223.8],[478.8,223.8],[479.8,223.7],[480.3,223.7],[481,223.7],[481.5,223.7],[481.6,223.7],[482.4,223.6],[482.7,223.6],[483.3,223.6],[483.5,223.6],[483.6,223.6],[483.7,223.6],[484.2,223.6],[485,223.5],[486.6,223.5],[486.8,223.5],[486.9,223.5],[487,223.5],[487.1,223.5],[487.7,223.4],[488.5,223.4],[489.3,223.4],[489.4,223.4],[489.9,223.4],[490,223.4],[490.2,223.4],[490.4,223.4],[490.7,223.4],[491.1,223.3],[491.2,223.3],[491.4,223.3],[491.9,223.3],[492.5,223.3],[492.7,223.3],[492.8,223.3],[493.2,223.2],[493.4,223.2],[493.8,223.2],[494.2,223.2],[494.3,223.2],[494.4,223.2],[494.6,223.2],[494.9,223.2],[495,223.2],[495.2,223.2],[495.2,223.1],[495.5,223.1],[495.7,223.1],[495.8,223.1],[496.2,223.1],[496.7,223.1],[497,223.1],[497.5,223],[497.6,223],[497.8,223],[497.9,223],[498.2,223],[498.1,222.8],[498.1,222.7],[498.1,222.1],[498.1,221.9],[498,221.8],[497.9,221.7],[497.7,221.1],[497.7,221],[497.6,220.4],[497.6,220.2],[497.7,220],[497.7,219.9],[497.8,219.3],[497.6,219.1],[497.6,218.9],[497.5,218.9],[497.5,218.8],[497.5,218.7],[497.2,218.3],[496.7,217.7],[496.7,217.6],[496.6,217.5],[496.5,217.3],[496.5,217.2],[496.3,217],[496.2,217],[495.9,216.6],[495.8,216.5],[495.8,216.4],[495.5,216.3],[494.7,216.2],[494.6,216.1],[494.5,216.1],[494.4,216.1],[494.3,216.1],[494.2,216],[494.2,215.9],[494,215.8],[494,215.7],[493.9,215.7],[493.8,215.6],[493.5,215.4],[493.4,215.2],[493.3,215.2],[493.1,215.1],[493,214.8],[492.9,214.8],[492.8,214.8],[492.7,214.7],[492.5,214.6],[491.9,214.2],[491.8,214.1],[491.7,214],[491.6,213.9],[491.5,213.9],[491.5,213.8],[491.3,213.5],[491.3,213.3],[491.2,212.9],[491.1,212.8],[491,212.8],[490.9,212.7],[491,212.3],[490.9,212.2],[490.8,212.1],[490.6,211.8],[490.4,211.7],[490.3,211.7],[490.2,211.7],[490,211.6],[489.9,211.5],[489.8,211.5],[489.8,211.4],[489.7,211.4],[489.4,211.3],[489.3,211.2],[489,211],[488.8,211],[488.6,211],[488.5,211],[488.3,210.9],[488.1,210.9],[488.1,210.8],[487.9,210.7],[487.8,210.6],[487.3,210.2],[487.1,209.6],[487,209.5],[486.9,209.4],[486.9,209.3],[486.6,209.3],[486.5,209.3],[486.4,209.3],[485.9,209.4],[485.7,209.3],[485.6,209.3],[485.5,209.2],[485.4,209.2],[485.3,209.2],[485,209.2],[484.9,209.3],[484.9,209.2],[484.8,209.2],[484.9,209.1],[484.7,208.9],[484.6,208.8],[484.5,208.8],[483.5,207.7],[483.4,207.6],[483,207.4],[482.7,207.2],[482.4,207.1],[482.3,206.8],[482.3,206.7],[482.6,205.8],[482.7,205.8],[482.6,205.4],[482.6,204.9],[482.7,204.8],[482.7,204.7],[482.8,204.4],[482.8,204.3],[482.7,204.1],[482.6,203.9],[482.6,203.8],[482.6,203.7],[482.5,203.6],[482.5,203.5],[482.6,203.3],[482.6,203.2],[482.5,203.1],[482.4,203],[482.3,203],[482.2,202.8],[482.2,202.7],[482.2,202.6],[482.3,202.5],[482.4,202.4],[482.7,201.9],[482.7,201.8],[482.7,201.7],[482.7,201.6],[482.7,201.5],[482.7,201.4],[482.7,201.3],[482.6,201.3],[482.6,201.2],[482.5,201.1],[482.6,200.7],[482.6,200.6],[482.6,200.1],[482.6,200],[482.6,199.9],[482.5,199.9],[482.5,199.8],[482.6,199.6],[482.7,199.5],[482.8,199.4],[483,199.3],[483,199.1],[483.1,199.1],[483.1,199],[483.3,198.4],[483.3,198.3],[483.4,198.2],[483.5,198.2],[483.5,197.8],[483.5,197.7],[483.5,197.5],[482.7,196.5],[482.7,196.4],[482.7,196.3],[482.5,196.2],[482.4,196.1],[481.9,196.1],[481.8,196.1],[481.2,195.6],[481.2,195.5],[481.1,195],[481.2,195],[481.3,194],[481.8,193.7],[481.9,193.6],[482.1,193.4],[482.1,193.1],[482.1,193],[482.2,193],[482.3,192.7],[482.2,192.7],[482.2,192.6],[482.2,192.5],[482.3,192.4],[482.3,192.3],[482.5,192.1],[482.5,191.9],[482.6,191.8],[482.6,191.7],[482.7,191.7],[482.7,191.6],[482.8,191.6],[482.8,191.5],[482.9,191.5],[483,191.4],[483.1,191.3],[483.2,191.2],[483.4,191.1],[483.6,191],[483.7,191],[484.1,190.8],[484.2,190.8],[484.3,190.4],[484.4,190.3],[484.6,190.4],[485,190.3],[485,190.2],[485.1,190.2],[485.1,190.1],[485.1,190],[485.1,189.9],[485.3,189.8],[485.4,189.8],[485.5,189.8],[485.6,189.8],[485.8,189.9],[485.9,189.9],[486,189.8],[486.5,188.9],[486.5,188.8],[486.5,188.4],[486.5,188.2],[486.5,187.9],[486.5,187.7],[486.4,186.3],[486.4,186.1],[486.4,186],[486.4,185.7],[486.4,185],[486.3,183.7],[486.3,183.4],[486.3,182.5],[486.3,182.1],[486.2,182.1],[486.2,181.6],[486.2,181.4],[486.3,181.2],[486.3,181.3],[486.4,181.3],[486.4,181.4],[486.5,181.4],[486.5,181.3],[486.8,181.4],[486.9,181.4],[487,181.4],[487,181.3],[487.1,181],[487.2,180.9],[487,180.6],[487.1,180.5],[487.2,180.5],[487.3,180.4],[487.5,180.5],[487.5,180.4],[487.5,180.2],[487.6,180.2],[487.8,180.1],[487.9,180],[488,180],[488.5,180.5],[488.7,180.6],[488.8,180.5],[489,180.3],[490,179.8],[491.1,179],[492.2,178.3],[492.5,178.2],[493.3,177.6],[494.9,176.4],[495.5,175.9],[497.2,174.7],[497.8,174.2],[498.4,173.7],[499.6,172.9],[500.8,171.9],[505.7,171.8],[506.8,171.8],[507.2,171.8],[510.9,162],[509.9,162.2],[508.4,162],[507.1,162.5],[506.2,162.1],[505.9,161.3],[504.9,161],[503.3,161.2],[502.8,161.4],[500.3,161.4],[499.3,161.5],[498.6,160.6],[498.4,159.7],[498.1,159.6],[496.3,160.6],[494.9,162],[493.8,162.2],[493.3,162.5],[492.7,162.3],[491.9,162.5],[492,162],[490.7,161.8],[490.6,160.7],[489.3,160.6],[489,160.2],[488.4,160.3],[488,159.9],[488,159.2],[487.4,158.7],[485.3,159],[485.3,159.7],[485.5,160.3],[484.7,160.5],[484.2,159.6],[483.7,158.9],[483.8,158.2],[483.4,157.7],[482,157.8],[481.5,157.5],[481.6,157.1],[482.1,157],[482.1,156.4],[481.3,156.5],[479,155.5],[477.3,155.5],[477,155.3],[475.7,155.5],[474.7,156.1],[474.7,156.6],[473.1,157],[471.8,157.1],[471.7,156.4],[471.3,155.6],[467.7,155.4],[467.6,154.8],[466.2,154.6],[466,154.8],[464.6,154.5],[463.7,153.8],[463.6,153.2],[463.8,152.4],[463.1,149.6],[462.9,149.3],[462.4,147],[462.2,146.6],[461.3,146],[460.3,146.3],[459.5,145.8],[459.6,150.9],[458.1,150.9],[450.1,150.9],[441.1,150.9],[441,151.1],[441,151.2],[441.1,151.4],[441,151.4],[441.3,152.3],[441.6,153.4],[441.5,153.5],[441.7,153.7],[441.8,153.7],[441.8,153.8],[441.7,153.8],[441.7,153.9],[441.8,153.9],[441.8,154],[441.7,154.1],[441.7,154.2],[441.8,154.2],[441.9,154.2],[441.9,154.3],[441.8,154.3],[441.8,154.4],[441.9,154.4],[442,154.4],[441.9,154.5],[442,154.5],[442,154.6],[442.1,155.7],[442,155.8],[441.6,156.8],[441.6,156.9],[441.7,156.9],[441.7,157],[441.8,157],[441.8,157.1],[441.7,157.1],[441.7,157.2],[441.8,157.2],[441.9,157.2],[441.8,157.3],[441.7,157.3],[441.7,157.4],[441.7,157.5],[441.8,157.5],[441.9,157.6],[441.9,157.7],[441.9,157.8],[441.8,157.8],[441.7,157.8],[441.7,157.9],[441.8,157.9],[441.9,157.9]],[[442,158.5],[442,158.6],[441.9,158.6],[441.9,158.5],[442,158.5]]]]}},{"type":"Feature","properties":{"st":"MO","fips":"29","name":"Missouri","seats":8,"seats_2000":9,"seats_2010":8,"seats_2020":8,"seats_2030":8,"label_x":524,"label_y":434.4},"geometry":{"type":"MultiPolygon","coordinates":[[[[550.7,426.3],[550.8,425.7],[550.7,425.6],[550.5,425.5],[550.4,425.4],[550.3,425.4],[550.1,425.3],[550.1,425.2],[550,425.2],[549.9,425.1],[549.8,425.1],[549.5,424.9],[549.4,424.8],[548.7,424.6],[548.6,424.6],[548.3,424.6],[548.1,424.5],[548,424.4],[547.6,424.3],[547.5,424.2],[547.4,424.2],[547,424.1],[546.9,424.1],[546.8,424.1],[546.2,425.1],[545.6,425.6],[545.4,425.7],[545.3,425.6],[544.3,424.7],[544.2,424.5],[544.2,424.3],[544.2,424.2],[544.1,423.8],[544,423.7],[544,423.5],[543.8,422.8],[543.8,422.7],[544,422],[543.9,422],[543.7,421.6],[543.6,421.4],[543.5,421],[543.5,420.8],[543.5,420.6],[543.4,420.3],[542.6,419.2],[542.5,419.1],[541.4,418.4],[541.3,418.3],[541.1,418.1],[541,418.1],[540.8,417.9],[540.7,417.8],[540.6,417.8],[539.8,417.4],[539.7,417.3],[539.6,417.2],[539.5,417.1],[539.4,417],[539.4,416.8],[539.3,416.7],[539.1,416.5],[539.1,416.4],[538.9,416],[538.9,415.9],[538.7,415.9],[538.6,415.9],[538.4,415.9],[538.2,415.8],[538.1,415.6],[538.1,415.5],[537.8,414.9],[537,414.5],[536.9,414.4],[536.9,414.3],[536.8,414.2],[536.4,413.9],[536.3,413.8],[536.2,413.6],[536.1,413.6],[535.9,413.5],[535.8,413.3],[535.7,413.3],[535.6,413.2],[535.6,412.8],[535.7,412.7],[535.7,412.5],[535.7,412.3],[535.6,412.1],[534.8,411.5],[534.8,411.4],[534.8,411.3],[534.8,410.7],[534.9,410.5],[534.9,410.3],[534.9,410.2],[534.8,410.1],[534.7,410],[534.1,408.9],[534,408.7],[534.1,408.3],[533.9,408.1],[533.9,408],[533.9,407.8],[533.8,407.6],[533.8,407.3],[533.7,407.2],[533.7,407.1],[533.8,406.2],[533.7,406.1],[533.8,405.5],[533.9,405.3],[533.8,405],[533.9,404.9],[534.1,404.4],[534.1,404.2],[534.2,404],[534.2,403.9],[534.3,403.7],[534.4,403.7],[534.5,403.6],[534.6,403.5],[534.5,403.4],[534.4,403.4],[534.1,403.5],[534.1,403.4],[533.9,403.5],[533.8,403.4],[533.8,403.2],[533.8,403.1],[533.7,403.2],[533.5,403.1],[533.4,403.1],[533.4,402.8],[533.5,402.7],[533.4,402.5],[533.4,402.4],[533.4,402.3],[533.2,402.4],[533,402.3],[532.9,402.3],[532.5,401.8],[532.4,401.8],[532.3,401.2],[532.2,401.1],[531.5,401],[531.4,400.9],[531,400.1],[529.9,400.2],[529.6,400.3],[528.9,400.3],[528.4,400.4],[527.9,400.4],[527.8,400.4],[527.3,400.4],[527,400.5],[526.9,400.5],[526.3,400.5],[525.9,400.5],[525.7,400.5],[525.5,400.5],[525.3,400.6],[525.1,400.6],[524.9,400.6],[524.6,400.6],[524.3,400.7],[524.1,400.7],[524,400.7],[523.7,400.7],[523.1,400.7],[523,400.7],[522.7,400.8],[522,400.8],[521.4,400.8],[521.3,400.9],[520.9,400.9],[520.8,400.9],[520.6,400.9],[519.6,400.9],[519.2,401],[518.6,401],[518.3,401],[518.2,401],[518,401],[517.9,401],[517.3,401],[517.1,401],[516.8,401.1],[516.4,401.1],[516.2,401.1],[515.9,401.1],[515.6,401.1],[515.5,401.1],[515.3,401.2],[515.1,401.2],[514.6,401.2],[514.4,401.2],[514.2,401.2],[514,401.2],[513.8,401.2],[513.3,401.2],[513.2,401.2],[513.1,401.3],[512.9,401.3],[512.8,401.3],[512.3,401.3],[511.7,401.3],[511.2,401.4],[511,401.4],[510.8,401.4],[510.5,401.4],[510,401.4],[509.6,401.4],[509.4,401.4],[509.3,401.4],[509.1,401.4],[508.5,401.5],[508.3,401.5],[508.2,401.5],[508,401.5],[507.1,401.5],[506.3,401.5],[506.1,401.5],[505.6,401.6],[505.4,401.6],[505.1,401.6],[504.9,401.6],[504.6,401.6],[504.5,401.6],[504.2,401.6],[503.7,401.6],[503.5,401.6],[502.8,401.6],[502.5,401.7],[502.4,401.7],[502.3,401.7],[502.1,401.7],[502,401.7],[501.6,401.7],[501.5,401.7],[501.4,401.7],[501.2,401.7],[501,401.7],[500.7,401.7],[500.5,401.7],[500.2,401.7],[500.1,401.7],[499.9,401.7],[499.5,401.7],[498.9,401.7],[498.8,401.7],[498.4,401.7],[497.8,401.7],[497.7,401.7],[497.2,401.7],[496.8,401.7],[496.7,401.7],[496.4,401.7],[496,401.7],[495.9,401.7],[495.8,401.7],[495.5,401.7],[495.3,401.7],[494.9,401.7],[494.7,401.7],[494.5,401.7],[493.9,401.7],[493.8,401.7],[493.4,401.7],[493.1,401.7],[492.7,401.7],[492.3,401.7],[491.9,401.7],[491.7,401.7],[491.6,401.7],[491.4,401.7],[490.8,401.7],[490.6,401.7],[490.1,401.7],[490,401.7],[489.9,401.7],[489.8,401.7],[489.5,401.7],[489.1,401.7],[488.9,401.7],[488.7,401.7],[488.3,401.7],[487.7,401.7],[487.4,401.6],[487,401.6],[486.6,401.6],[486.1,401.6],[485.5,401.6],[485.5,401.7],[485.7,402.5],[486.1,402.5],[486.2,402.6],[486.3,402.5],[486.4,402.3],[486.7,402.1],[486.7,402.2],[486.8,402.3],[486.8,402.5],[486.7,402.7],[486.4,402.8],[486.3,402.8],[486.4,403.4],[486.5,403.5],[486.7,403.7],[486.8,403.8],[486.8,403.9],[487,404.9],[487,405],[487.1,405.1],[487.2,405.2],[487.4,405.7],[487.5,405.8],[487.9,406.4],[488,406.4],[488.8,406.8],[488.8,407.5],[488.8,407.6],[489.8,408.6],[489.8,408.7],[489.6,409],[489.6,409.2],[489.6,409.3],[489.5,409.5],[489.5,409.6],[489.9,410],[490,410],[490.7,410.3],[490.7,410.4],[490.7,410.5],[492,411.8],[492.1,411.9],[492.3,411.9],[492.5,411.8],[492.6,411.8],[492.7,412.2],[492.8,412.3],[493.9,412.4],[494,412],[494,411.9],[494.3,411.9],[494.4,411.9],[495,412],[495,412.6],[495.6,412.9],[495.7,412.9],[495.7,413],[495.7,413.2],[495.7,413.3],[495.5,413.5],[495.3,413.5],[495.2,413.5],[495.1,413.5],[495.1,413.6],[495,413.6],[495,413.7],[495,413.8],[495.1,413.8],[495.1,413.9],[495.5,413.9],[495.7,413.8],[495.8,413.8],[495.9,413.9],[495.9,414],[495.9,414.1],[495.9,414.2],[495.8,414.3],[495.7,414.4],[495.5,414.5],[495.4,414.5],[495.3,414.5],[495,414.2],[494.8,414.2],[494.7,414.2],[494.7,414.3],[494.7,414.8],[494.7,414.9],[494.5,415.2],[494.3,415.2],[494.1,415.3],[494,415.3],[493.9,415.5],[493.9,415.6],[493.8,415.7],[493.7,416.1],[493.7,416.2],[493.3,416.7],[493.2,416.7],[493.1,416.8],[493.1,417],[493,417.1],[493.1,417.1],[493.1,417.3],[493.2,417.4],[493.3,417.5],[494.1,418.6],[494.3,418.6],[494.7,419.1],[495,419.5],[495.1,419.6],[495.3,419.6],[495.5,419.4],[495.6,419.5],[495.7,419.5],[495.7,419.6],[495.7,419.7],[495.4,420],[495.4,420.1],[495.4,420.2],[495.4,420.3],[495.4,420.4],[495.5,420.5],[495.5,420.6],[495.5,420.7],[495.6,420.9],[495.6,421],[495.7,421.1],[495.8,421.1],[495.8,421.2],[495.9,421.2],[496,421.3],[496.2,421.3],[496.2,421.4],[496.3,421.4],[496.3,422],[496.3,422.1],[497,422.5],[497.2,422.7],[497.5,422.8],[498.2,422.6],[498.3,422.7],[499,423],[498.9,423.7],[498.9,423.8],[498.9,424],[498.9,424.1],[498.9,424.2],[498.9,424.3],[498.9,424.4],[498.9,424.5],[498.9,424.6],[498.9,424.7],[498.9,424.8],[498.9,424.9],[498.9,425],[498.9,425.1],[498.9,425.2],[498.9,425.3],[498.9,425.4],[498.9,425.6],[498.9,425.7],[498.9,425.8],[498.9,425.9],[498.9,426],[499,426],[499,426.2],[499,426.3],[499,426.4],[499,426.5],[499,426.6],[499,426.7],[499,427.1],[499,427.3],[499,427.5],[499,427.6],[499,427.9],[499,428.2],[499,430.2],[499,430.7],[499,430.8],[499,431],[499,431.4],[499,431.9],[499,433.1],[499,433.2],[499,433.4],[499,434.5],[499,434.8],[499,434.9],[499,435.3],[499,436],[499,436.5],[499.1,437],[499.1,437.1],[499.1,437.8],[499.1,438.1],[499.1,438.4],[499.1,440.3],[499.1,440.4],[499.1,440.8],[499.1,441.3],[499.1,441.8],[499.1,442],[499.1,442.3],[499.1,442.6],[499.1,442.7],[499.1,442.8],[499.1,443.1],[499.1,443.6],[499.1,444.9],[499.1,445.1],[499.1,445.2],[499.1,445.4],[499.1,446],[499.1,446.2],[499.1,446.7],[499.1,447],[499.1,447.1],[499.1,447.2],[499.1,447.4],[499.1,447.5],[499.2,447.8],[499.2,448.1],[499.2,448.4],[499.2,448.7],[499.2,449],[499.2,449.3],[499.2,449.5],[499.2,449.6],[499.2,449.7],[499.2,449.8],[499.2,449.9],[499.2,450.5],[499.2,451],[499.2,451.8],[499.2,452.2],[499.2,452.5],[499.2,452.7],[499.2,452.8],[499.2,453.2],[499.2,453.3],[499.2,453.4],[499.2,453.7],[499.2,454.1],[499.2,454.2],[499.2,454.9],[499.2,455],[499.2,455.2],[499.2,455.3],[499.2,455.4],[499.2,455.7],[499.2,455.8],[499.2,456],[499.2,456.2],[499.3,456.7],[499.3,457.2],[499.3,457.3],[499.3,457.4],[499.3,457.6],[499.3,457.7],[499.3,457.8],[499.3,457.9],[499.3,458],[499.3,458.2],[499.3,458.5],[499.3,458.7],[499.3,459.1],[499.3,459.3],[499.3,459.8],[499.3,460.4],[499.3,461],[499.3,461.5],[499.3,462.4],[499.3,462.6],[499.3,462.8],[499.3,462.9],[499.6,462.9],[500.1,462.9],[500.3,462.9],[500.8,462.9],[501,462.9],[501.8,462.9],[502,462.9],[502.4,462.9],[502.5,462.9],[502.8,462.9],[503,462.9],[503.2,462.9],[503.4,462.9],[503.5,462.9],[503.6,462.9],[504.5,462.9],[504.9,462.9],[505.3,462.8],[505.4,462.8],[505.6,462.8],[505.8,462.8],[506.4,462.8],[507.1,462.8],[507.3,462.8],[507.5,462.8],[507.6,462.8],[508.3,462.8],[508.7,462.8],[509.2,462.8],[509.4,462.8],[509.6,462.8],[509.7,462.8],[509.7,462.7],[510.2,462.7],[510.9,462.7],[511.3,462.7],[511.7,462.7],[512.5,462.6],[512.8,462.6],[513.3,462.6],[513.4,462.6],[513.9,462.6],[514.3,462.6],[514.7,462.6],[514.9,462.6],[515.1,462.6],[515.2,462.6],[515.5,462.6],[516.1,462.6],[516.4,462.6],[516.5,462.5],[517,462.5],[517.5,462.5],[517.8,462.5],[518.4,462.5],[518.5,462.5],[518.6,462.5],[518.8,462.5],[519,462.5],[519.1,462.5],[519.7,462.5],[520.2,462.4],[520.5,462.4],[520.8,462.4],[521,462.4],[521.2,462.4],[521.3,462.4],[521.4,462.4],[521.5,462.4],[521.8,462.4],[522,462.4],[522.1,462.4],[522.4,462.4],[523,462.4],[523.2,462.3],[523.4,462.3],[524,462.3],[524.4,462.3],[524.5,462.3],[524.8,462.3],[524.9,462.3],[525.3,462.3],[525.4,462.3],[525.9,462.3],[526,462.3],[526.2,462.3],[526.4,462.2],[526.9,462.2],[527.1,462.2],[527.4,462.2],[527.5,462.2],[528.2,462.2],[528.5,462.2],[528.9,462.1],[529.1,462.1],[529.6,462.1],[529.8,462.1],[530.2,462.1],[530.4,462.1],[530.7,462.1],[531.1,462.1],[531.3,462],[531.5,462],[532.4,461.9],[532.6,461.9],[532.8,461.9],[533.1,461.9],[533.4,461.9],[534,461.9],[535.1,461.8],[535.2,461.8],[536,461.8],[536.7,461.8],[537,461.8],[537.2,461.8],[537.3,461.8],[537.9,461.7],[538.3,461.7],[538.6,461.7],[538.7,461.7],[538.9,461.7],[539.2,461.7],[539.6,461.7],[539.8,461.6],[540.2,461.6],[540.3,461.6],[540.7,461.6],[540.9,461.6],[541.3,461.6],[541.5,461.6],[541.8,461.5],[542.7,461.5],[543.1,461.5],[543.3,461.5],[543.7,461.4],[543.9,461.4],[544.3,461.4],[544.7,461.3],[544.8,461.3],[545,461.3],[545.6,461.3],[546,461.3],[546.7,461.2],[547,461.2],[547.3,461.2],[547.9,461.2],[548.2,461.2],[548.3,461.2],[548.7,461.1],[548.9,461.1],[549.2,461.1],[549.8,461.1],[550.5,461],[550.6,461],[551,461],[551.1,461],[551.7,461],[552,461],[552.1,461],[552.5,460.9],[552.5,461],[552.4,461],[552.5,461.1],[552.4,461.1],[552.4,461.2],[552.5,461.2],[552.6,461.2],[552.6,461.3],[552.5,461.4],[552.6,461.5],[552.7,461.5],[552.7,461.6],[552.7,461.7],[552.7,461.8],[552.7,461.9],[552.7,462.1],[552.7,462.2],[552.8,462.1],[552.8,462.2],[552.9,462.2],[553,462.2],[553,462.3],[553.1,462.3],[553.2,462.3],[553.4,462.4],[553.5,462.4],[553.5,462.5],[553.6,462.5],[553.7,462.5],[553.7,462.6],[553.7,462.7],[553.7,462.8],[553.6,462.9],[553.7,462.9],[553.7,463],[553.6,463],[553.5,463],[553.5,463.1],[553.5,463.2],[553.5,463.3],[553.5,463.4],[553.5,463.5],[553.7,463.7],[553.7,463.8],[553.7,463.9],[553.5,464],[553.5,464.1],[553.5,464.3],[553.4,464.3],[553.3,464.3],[553.2,464.4],[553.1,464.4],[553.1,464.5],[552.6,465.2],[552.5,465.2],[552.5,465.3],[552.4,465.3],[552.4,465.4],[552.3,465.4],[552.2,465.4],[552.2,465.5],[552.2,465.6],[552.1,465.6],[551.9,465.7],[551.9,465.8],[551.8,466.1],[551.9,466.2],[551.8,466.3],[551.8,466.4],[551.7,466.4],[551.7,466.5],[551.1,466.9],[551.1,467],[551,467.1],[550.9,467.1],[550.8,467.1],[550.8,467.2],[550.8,467.3],[550.9,467.3],[550.9,467.4],[550.8,467.4],[550.8,467.5],[550.7,467.5],[550.7,467.6],[550.7,467.7],[550.7,467.8],[550.6,467.8],[550.6,467.9],[550.6,468],[550.5,468.1],[550.5,468.2],[550.5,468.3],[550.4,468.4],[550.3,468.6],[550.7,468.6],[551,468.5],[551.2,468.5],[551.8,468.5],[552.5,468.4],[552.8,468.4],[553,468.4],[553.1,468.4],[553.5,468.4],[553.9,468.3],[554.7,468.3],[555.1,468.3],[555.4,468.2],[555.9,468.2],[556.3,468.2],[556.6,468.2],[557.8,468.1],[557.9,468.1],[558.2,468.1],[558.3,468],[558.5,467.5],[558.5,467.2],[558.6,466.6],[559.1,466.4],[559.2,466.3],[559.5,465.6],[559.3,465.5],[559.3,465.4],[559.1,465.3],[559.1,465.2],[558.9,465.1],[558.7,465],[558.6,464.9],[558.4,464.8],[558.2,464.7],[558.1,464.6],[558.1,464.5],[558,464.4],[558.1,464.3],[558.2,464.3],[559.2,464.4],[560,464.1],[560,464],[560,463.9],[560,463.8],[559,463.2],[559,463],[560,462.8],[560.2,462.5],[560.3,462.3],[559.8,461.6],[560,460.9],[560,460.8],[559.8,460.4],[559.6,460.3],[559.5,460.1],[559.5,460],[559.4,459.9],[559.3,459.7],[559.3,459.5],[559.5,459.3],[559.6,459.2],[559.9,459.2],[560,459.2],[560.3,459.3],[560.4,459.4],[560.5,459.5],[560.5,459.7],[560.4,460.4],[560.8,460.9],[561.2,460.3],[561.2,460.2],[561.3,460],[561.3,459.9],[561.4,459.7],[561.4,459.4],[561.5,459],[561.6,458.6],[561.7,458.4],[562.1,458.3],[562.2,458.3],[562.9,459.1],[563.4,459.1],[563.5,459],[564,457.8],[564.1,457.7],[563.9,457.5],[564,457.4],[563.9,457.3],[563.9,457.2],[563.8,457.1],[563.7,457.1],[563.7,457],[563.6,457],[563.6,456.9],[563.5,456.7],[563.5,456.6],[563.6,456.6],[563.6,456.5],[563.6,456.4],[563.7,456.3],[563.8,456.3],[563.9,456.2],[564,456.3],[564.2,456.3],[564.4,455.9],[564.4,455.8],[563.8,455.7],[563.7,455.5],[563.7,455.4],[563.7,455.3],[563.7,455.2],[563.7,455.1],[563.7,455],[563.8,455],[563.9,455],[564.1,454.9],[564.2,454.9],[564.2,454.5],[564.3,454.3],[564.5,453.5],[564.5,453.4],[564.5,453.1],[564.4,453.1],[564.3,452.9],[564.2,452.8],[564.1,452.8],[563.5,453],[563.3,453],[563.3,452.7],[563.2,452.5],[563.1,452.3],[563,452.3],[562.5,451.6],[562.5,451.7],[562.2,451.7],[562,451.7],[562.5,452.5],[562.2,452.8],[561.8,452.6],[561,452],[561.1,451.8],[561.1,451.7],[561.1,451.5],[561,451.2],[560.9,451.1],[560.6,451],[560.4,450.7],[560.3,450.6],[560.2,450.2],[560,450],[559.9,449.9],[559.9,449.5],[559.9,449.4],[559.9,449.2],[559.9,449.1],[559.7,449.1],[559.6,449.1],[559.5,449],[559.4,448.9],[559.2,448.6],[559.2,448.5],[559.2,448.4],[559.2,448.3],[559.2,448.2],[559.3,448.2],[559.5,447.9],[559.6,447.9],[560.2,447.6],[560.2,447.5],[560.3,446.9],[560.2,446.7],[560,446.5],[559.9,446.2],[559.7,446],[559.5,445.8],[559.3,445.5],[559,444.9],[558.9,444.7],[558.9,444.5],[558.9,444.2],[559.1,444.1],[559.2,444.2],[559.2,443.7],[559.1,443.6],[558.9,442.6],[558.8,442.5],[558,442.3],[558,442.2],[557.9,442.1],[557.9,442],[557.8,442],[557.7,441.9],[557.6,441.9],[557,441.7],[557,441.5],[557,441.4],[556.9,441],[556.8,440.9],[556.5,440.8],[555.9,440.4],[554.8,439.6],[554.7,439.6],[554.6,439.7],[554.5,439.7],[554.5,439.9],[554.4,439.9],[554.4,440],[554.3,440.1],[554.2,440.1],[554.1,440.2],[553.9,440.2],[553.8,440.1],[553.7,440.1],[553.6,440.1],[553.5,440],[553.5,439.9],[553.4,439.8],[553.4,439.7],[553.2,439.4],[553.2,439.3],[553.4,439.1],[553.1,438.8],[552.4,438.3],[552.2,438.2],[552.2,438.1],[552.1,438.1],[551.8,438.1],[551.7,438.1],[551.6,438],[551.4,437.8],[551.3,437.7],[551.1,437.4],[551,437.3],[550.9,437.3],[550.4,437.1],[550.2,437],[549.8,436.6],[549.5,436.1],[548.6,435.4],[548.5,435.3],[548.4,434.8],[548.4,434.6],[548.3,434.4],[548.3,434.3],[548.2,434.1],[548.4,433.2],[548.4,433.1],[548.4,433],[548.5,432.9],[548.5,432.8],[548.6,432.7],[549.1,432],[549.2,431.8],[549.2,431.7],[549.2,431.6],[549.2,431.4],[549.2,431.2],[549.3,430.7],[549.3,430.6],[549.4,430.5],[549.5,430.3],[549.8,429.7],[549.9,429.7],[550.1,429.5],[550.1,429.2],[550.2,429.1],[550.2,429],[550.2,428.9],[550.2,428.7],[550.1,428.4],[550.1,428.3],[550,428.1],[549.9,428],[549.8,427.6],[550.1,427],[550.1,426.9],[550.3,426.7],[550.7,426.3]]]]}},{"type":"Feature","properties":{"st":"MS","fips":"28","name":"Mississippi","seats":4,"seats_2000":4,"seats_2010":4,"seats_2020":4,"seats_2030":4,"label_x":585.8,"label_y":523.4},"geometry":{"type":"MultiPolygon","coordinates":[[[[566.4,541.2],[566.5,541.3],[566.6,541.8],[566.6,541.9],[566.8,542],[566.9,542],[566.9,542.1],[567,542.4],[566.9,542.5],[566.9,542.6],[566.8,542.6],[566.7,542.7],[566.3,542.8],[566.1,542.8],[565.8,542.7],[565.7,542.7],[565.4,542.8],[565.4,542.9],[565.4,543],[565.7,543.3],[565.8,543.3],[565.9,543.4],[566,543.5],[566,543.6],[566.1,543.7],[566.1,543.8],[565.8,544.7],[566.5,545.3],[566.3,546.1],[566.7,546.1],[567.6,546],[568,546],[568.3,546],[568.6,546],[568.8,546],[569,546],[569.8,546],[569.9,546],[570.5,545.9],[570.7,545.9],[570.9,545.9],[571.3,545.9],[571.4,545.9],[571.6,545.9],[572,545.9],[572.4,545.8],[572.8,545.8],[573.4,545.8],[573.6,545.8],[573.9,545.7],[574,545.7],[574.1,545.7],[574.3,545.7],[574.5,545.7],[575.2,545.7],[575.5,545.7],[576.7,545.6],[577.5,545.5],[577.7,545.5],[578,545.5],[578.2,545.5],[578.3,545.5],[578.4,545.5],[578.5,545.5],[578.6,545.5],[578.9,545.5],[579.1,545.5],[579.5,545.4],[579.6,545.4],[579.8,545.4],[580,545.4],[580.2,545.4],[580.4,545.4],[580.8,545.3],[581.2,545.3],[581.4,545.3],[581.8,545.3],[582,545.3],[582.2,545.2],[582.6,545.2],[582.9,545.2],[583.3,545.2],[583.5,545.2],[583.6,545.1],[583.9,545.1],[584.9,545],[585,545],[585.3,545],[585.4,545],[585.6,545],[585.8,545],[586.1,545],[586.4,544.9],[586.4,545],[586.3,545],[586.1,546.1],[586,546.3],[586,546.4],[585.9,546.5],[585.9,546.6],[585.9,546.9],[585.9,547],[585.9,547.2],[585.7,547.5],[585.6,547.5],[585.7,547.6],[585.7,547.7],[585.6,547.7],[585.6,547.8],[585.5,547.8],[585.4,547.8],[585.5,547.9],[585.5,548],[585.4,548],[585.5,548.1],[585.5,548.4],[585.5,548.5],[585.5,548.6],[585.5,548.7],[585.4,548.7],[585.4,548.8],[585.5,548.8],[585.4,549.3],[585.7,549.8],[585.6,549.8],[585.6,549.9],[585.7,549.9],[585.7,550],[585.7,550.1],[585.8,550.2],[585.8,550.3],[585.8,550.4],[585.9,550.4],[585.9,550.5],[585.9,550.6],[586,550.6],[586.1,550.7],[586,550.7],[586,550.8],[586.1,550.8],[586.2,550.8],[586.3,550.8],[586.3,550.9],[586.3,551],[586.3,551.1],[586.4,551.1],[586.4,551.2],[586.5,551.2],[586.5,551.3],[586.8,551.4],[586.9,551.4],[586.9,551.5],[586.9,551.6],[587,551.6],[587.1,551.7],[587.2,551.7],[587.2,551.8],[587.3,551.8],[587.3,551.9],[587.4,552],[587.3,552],[587.3,552.1],[587.4,552.1],[587.4,552.2],[587.4,552.3],[587.4,552.4],[587.4,552.5],[587.5,552.6],[587.5,552.7],[588,553.3],[588,553.9],[588,554],[588.1,554.2],[588.2,554.4],[588.5,554.8],[588.6,555],[589.1,555],[589.4,555.4],[590.5,555.1],[592.3,554.9],[593,554.5],[594,555.1],[596.3,555.2],[596.1,554.8],[596.9,554.2],[597.7,554.5],[599.4,554.5],[600,554.5],[600.9,554.7],[601.7,554.5],[601.7,554.2],[601.6,553.9],[601.6,553.4],[601.5,552.3],[601.5,552.1],[601.4,552],[601.4,551.9],[601.4,551.7],[601.3,550.8],[601.2,550.5],[601.2,550.2],[601.2,550.1],[601.1,549.8],[601.1,549.7],[601.1,549.6],[601.1,549.5],[601.1,549.4],[601.1,549.2],[601.1,549.1],[601.1,548.8],[601.1,548.7],[601.1,548.6],[601,548.5],[601,548.3],[600.9,547.7],[600.9,547.4],[600.9,547.3],[600.9,547.2],[600.8,547],[600.8,546.6],[600.7,545.7],[600.6,545.5],[600.6,545],[600.5,544.4],[600.5,544],[600.4,543.8],[600.4,543.3],[600.4,543.1],[600.3,543],[600.3,542.8],[600.3,542.6],[600.3,542.4],[600.2,542.2],[600.2,541.8],[600.1,541.4],[600,540.9],[600,540.7],[600,540.4],[599.9,539.8],[599.9,539.3],[599.7,537.9],[599.7,537.7],[599.6,537.6],[599.6,537.5],[599.6,537.1],[599.5,536.8],[599.5,536.5],[599.4,536.2],[599.4,536.1],[599.4,535.8],[599.4,535.5],[599.4,535.3],[599.4,535.2],[599.3,535.1],[599.2,534.1],[599.1,533.5],[599.1,532.9],[599,532.7],[599,532.5],[599.1,532.3],[599.1,532.2],[599.1,531.5],[599.1,530.9],[599.1,530.7],[599.1,530.5],[599.1,529.7],[599.1,529.2],[599.1,529.1],[599.2,528.7],[599.2,528.4],[599.2,528.2],[599.2,528.1],[599.2,527.8],[599.2,527.3],[599.2,527],[599.2,526.7],[599.2,526.6],[599.2,526.5],[599.2,526.2],[599.2,525.2],[599.2,525],[599.3,523.9],[599.3,523.6],[599.3,523.4],[599.3,523],[599.3,522.5],[599.3,522.4],[599.3,522.1],[599.3,521.9],[599.3,521.8],[599.3,521.1],[599.3,520.8],[599.3,519.7],[599.4,519.2],[599.4,518.6],[599.4,518],[599.4,516.8],[599.4,516.2],[599.4,515.8],[599.4,515.6],[599.4,515.5],[599.4,515.3],[599.4,515.1],[599.4,514.9],[599.4,514.8],[599.4,514.5],[599.4,514.2],[599.4,514],[599.4,513.7],[599.4,513.5],[599.4,513.4],[599.4,513],[599.4,512.7],[599.4,512.6],[599.4,512.4],[599.4,512.3],[599.5,512.1],[599.5,512],[599.5,511.8],[599.5,511.7],[599.5,511.4],[599.5,510.9],[599.5,510.7],[599.5,510.5],[599.5,510.2],[599.5,509],[599.5,508.8],[599.5,508.4],[599.5,508.2],[599.6,507.8],[599.6,507.5],[599.6,507.3],[599.6,507.2],[599.6,506.5],[599.6,506.1],[599.6,505.9],[599.6,505.6],[599.6,505.3],[599.6,505],[599.6,504.7],[599.7,503.6],[599.7,503.3],[599.7,502.7],[599.7,502.5],[599.7,502.4],[599.7,502.1],[599.7,501.9],[599.7,501.7],[599.7,501.5],[599.7,500.9],[599.7,500.5],[599.7,500.2],[599.7,500],[599.7,499.9],[599.7,499.8],[599.8,499.6],[599.8,499.5],[599.8,498.9],[599.8,498.7],[599.8,498.5],[599.8,498.3],[599.8,498.2],[599.8,497.9],[599.8,497.7],[599.8,497.6],[599.8,497.5],[599.8,497.4],[599.9,497],[599.9,496.8],[599.9,496.3],[599.9,496.2],[599.9,496],[599.9,495.9],[599.9,495.5],[599.9,495.1],[599.9,494.4],[599.2,494],[598.8,493.3],[598.7,493.2],[598.6,493.2],[598.2,493.3],[597.9,493.3],[597.4,493.3],[597.2,493.3],[597.1,493.3],[597,493.4],[596.7,493.4],[596,493.4],[595.9,493.4],[595.8,493.4],[595.6,493.4],[595.5,493.4],[595.4,493.4],[595.1,493.5],[595,493.5],[594.7,493.5],[594.5,493.5],[594,493.6],[593.4,493.6],[593.1,493.6],[592.6,493.7],[592.3,493.7],[592,493.7],[591.3,493.8],[591,493.8],[590.5,493.9],[590.3,493.9],[589.8,493.9],[589.4,493.9],[589.1,494],[588.9,494],[588.6,494],[588.4,494],[588.1,494],[587.1,494.1],[586.9,494.1],[585.7,494.2],[585.4,494.2],[585.1,494.2],[584.7,494.3],[584.2,494.3],[584.1,494.3],[583.9,494.3],[583.7,494.3],[583.3,494.4],[582.9,494.4],[582.7,494.4],[582.4,494.4],[582.2,494.4],[582.1,494.5],[582,494.5],[581.8,494.5],[581.6,494.5],[581.5,494.5],[581.3,494.5],[581.1,494.5],[580.9,494.5],[580.7,494.5],[580.5,494.5],[580.3,494.5],[580.2,494.5],[580.1,494.5],[579.5,494.6],[579.2,494.6],[578.9,494.6],[578.8,494.6],[578.5,494.6],[578,494.7],[577.8,494.7],[577.7,494.7],[577.3,494.7],[577.1,494.7],[577.1,494.8],[577.3,495.1],[577.5,495.2],[577.8,495.8],[577.2,496.4],[577.3,496.5],[577.2,496.6],[577.2,496.7],[577,496.7],[576.9,496.6],[575.8,496.9],[575.7,496.8],[575.8,496.8],[575.8,496.6],[575.9,496.5],[575.9,496.4],[575.6,496.9],[575.6,497],[575.6,497.6],[575.6,497.7],[575.8,498],[575.8,498.1],[575.1,498.1],[575.2,498],[575.1,497.5],[575.1,497.3],[575,497.3],[574.6,498.2],[574.6,498.3],[574.6,498.5],[574.7,498.5],[574.8,498.6],[575,498.7],[575.1,498.7],[575.3,498.6],[575.4,498.6],[575.6,498.5],[575.7,498.6],[575.7,498.8],[575.7,498.9],[575.6,499],[575.2,499.5],[574.8,499.3],[574.8,498.7],[574.7,498.7],[574.5,499.4],[574.5,499.5],[575,500.4],[574.8,500.9],[574.7,500.9],[574.6,501],[574.6,501.9],[574.7,502],[574.6,502.4],[573.9,502.7],[573.9,503.2],[573.9,503.3],[573.9,503.5],[573.9,503.6],[573.6,503.4],[573.6,503.3],[573.4,503],[573.3,503],[573.2,503],[573.1,503],[572.8,503.1],[572.8,503.3],[573.2,503.7],[572.7,504.2],[572.6,504.2],[572.2,504.2],[572.2,504.4],[572.1,505.1],[572,505],[571.9,505],[571.8,505],[571.7,505],[571.1,504.8],[571.1,505],[571.2,505.1],[571.8,505.4],[571.9,505.4],[572.5,505.4],[572.5,505.5],[572.5,505.6],[572.5,505.7],[571.8,505.8],[571.6,505.7],[571.5,505.7],[571,506.2],[571.1,506.3],[571.7,506.5],[571.8,506.5],[571.9,506.6],[571.9,506.7],[571.9,506.8],[571.8,507],[571.7,507.4],[570.8,507.6],[570.8,507.7],[570.8,507.8],[571,508],[571.1,508.1],[570.4,507.8],[569.7,508],[569.8,508.4],[569.9,508.4],[570.5,508.7],[570.2,509.3],[570,509.4],[570,509.8],[570.5,510.3],[570.9,510.5],[569.6,510.8],[569.3,511],[569.3,511.1],[569.3,511.4],[569.4,511.4],[569.4,511.5],[569.5,511.5],[570.3,511.5],[570.4,511.6],[570.4,511.7],[570.5,511.7],[570.5,511.8],[570.5,511.9],[570.5,512],[570.3,512.1],[570.2,512.1],[570.1,512.1],[570,512.2],[569.9,512.2],[569.8,512.1],[569.7,512.1],[569.5,512.1],[569.5,512],[569.4,512],[569.4,511.9],[569.3,511.8],[569.2,511.6],[568.5,511.8],[568.6,512.3],[569.5,512.6],[569.5,512.8],[569,513.4],[568.5,513.5],[568.6,513.8],[568.7,513.9],[569,514.2],[568.5,514.9],[568.5,515],[569.2,514.8],[569.1,514.3],[569.2,514.3],[569.7,514.7],[569.8,514.8],[569.7,515],[569.6,515],[569.6,515.1],[569.5,515.1],[569.4,515.2],[569.3,515.2],[569.2,515.3],[569.1,515.3],[569,515.6],[569.7,515.6],[569.8,515.6],[569.9,515.4],[570,515.3],[570.1,514.8],[570.2,514.8],[570.4,514.8],[570.4,514.9],[570.4,515.1],[570.3,515.2],[570.2,515.4],[570,515.6],[569.9,515.6],[569.9,515.7],[569.7,516],[569.6,516.1],[569.6,516.3],[569.6,516.4],[569.8,517.1],[569.8,517.2],[569.9,517.2],[569.9,517.3],[569.9,517.4],[570.1,517.5],[570.2,517.2],[570.2,517.1],[570.2,517],[570.5,517.4],[570.5,517.5],[570.1,518.9],[570,518.9],[569.6,518.9],[569.5,518.8],[569.2,518.9],[569.1,518.9],[569.6,519.5],[569.7,519.6],[569.8,519.6],[569.9,520],[569.5,520.4],[569.5,520.5],[569.5,520.6],[569.2,521.1],[569.2,521.2],[569.1,521.7],[569.3,521.7],[569.6,521.8],[569.9,521.2],[569.9,520.8],[570,520.7],[570.5,521],[570.5,521.1],[570.7,521.5],[570.7,521.6],[570.7,521.7],[570.7,521.8],[570.6,521.8],[570.1,522.4],[570,522.4],[569.8,522.8],[569.7,522.8],[569.7,522.9],[569.7,523],[569.7,523.1],[569.7,523.3],[569.7,523.7],[569.7,523.8],[570.1,523.8],[570.2,523.8],[570.3,523.9],[570.9,524],[570.9,524.1],[570.1,525],[570,525],[569.9,525.2],[569.9,525.3],[570.3,525.8],[570.4,525.7],[570.9,525.5],[571,525.5],[571.2,525],[571.4,525.6],[571.3,525.6],[571.1,525.9],[570.9,526],[570.7,526.2],[570.8,526.3],[570.9,526.4],[570.8,526.4],[570.6,526.2],[570.4,526.9],[570.6,527.3],[570.7,527.4],[571.4,527.7],[572,527.5],[572,527.6],[572,527.7],[572,527.8],[571.9,527.9],[571.7,528],[571.9,528.7],[572.7,528.8],[572.8,528.7],[572.8,528.5],[572.8,528.4],[572.9,528.4],[573,528.4],[573,528.5],[572.8,528.8],[572.8,528.9],[572.5,529.4],[572.4,529.5],[572.1,529.4],[572,529.5],[571.9,529.6],[572,530.5],[571.9,530.7],[571.8,530.7],[571.7,530.5],[571.6,530.2],[571.5,530.2],[571.3,530.1],[571.2,530.2],[571.2,530.3],[571.1,530.4],[571.1,530.3],[570.9,530.3],[570.6,530.6],[570.5,530.6],[570.5,530.5],[570.1,530.7],[570.1,531.6],[570.6,531.6],[570.7,531.6],[571.3,531.6],[571.3,531.3],[571.2,531],[571.2,530.9],[571.7,531.1],[571.8,531.1],[571.6,531.6],[571.6,531.7],[571.6,531.8],[571.5,531.9],[571.1,532.1],[571.1,532.6],[570.9,532.6],[570.8,532.6],[570.8,532.5],[570.7,532.5],[570.5,532.3],[570.5,532.2],[570.4,532.6],[571,532.8],[571.1,532.8],[570.8,533.4],[570.1,533.6],[570,533.6],[570,534.2],[569.2,535],[569.2,535.1],[569.3,535.2],[569.3,535.3],[569.4,535.3],[569.4,535.4],[569.4,535.5],[569.4,535.6],[569.4,535.7],[569.3,535.7],[569.2,535.7],[569.1,535.7],[569,535.6],[569,535.5],[568.9,535.4],[568.9,535.3],[568.3,535.3],[568.3,535.4],[568.2,536.4],[568.7,536.3],[568.8,536.3],[569.2,536.2],[569.3,536.3],[569.3,536.4],[569.2,536.5],[568.8,536.5],[568.7,536.5],[568.3,536.5],[568.1,536.7],[568.1,536.8],[567.9,537.2],[567.9,537.9],[567.7,538.3],[567.5,538.3],[567.4,538.3],[567.3,538.2],[567.1,538.2],[566.9,538],[566.9,537.9],[566.7,538.3],[566.7,538.4],[566.8,538.6],[566.9,538.6],[567.1,538.7],[567.3,538.7],[567.3,538.6],[567.4,538.6],[567.6,538.5],[567.7,538.5],[567.8,538.5],[567.8,538.6],[567.9,538.6],[567.9,538.7],[567.9,538.8],[567.8,538.9],[567.7,539],[567.5,539.2],[567.3,539.3],[566.7,539.4],[566.6,539.5],[566.7,539.6],[566.8,540.4],[567.3,541],[567.3,541.4],[567.2,541.5],[567,541.5],[566.9,541.4],[566.6,541.1],[566.6,541],[566.5,540.7],[566.5,540.6],[566.33,541.2],[566.4,541.2]]],[[[566.3,541.3],[566.33,541.2],[566.3,541.2],[566.3,541.3]]],[[[585.5,547.7],[585.6,547.7],[585.6,547.6],[585.5,547.7]]]]}},{"type":"Feature","properties":{"st":"MT","fips":"30","name":"Montana","seats":2,"seats_2000":1,"seats_2010":1,"seats_2020":2,"seats_2030":2,"label_x":321.2,"label_y":157.4},"geometry":{"type":"MultiPolygon","coordinates":[[[[302.1,153.8],[302.1,153.9],[302.2,153.9],[302.2,154],[302.3,154.4],[302.3,154.5],[302.5,154.5],[302.6,154.7],[302.6,154.8],[302.7,154.8],[302.6,155.2],[302.9,155.6],[303,155.6],[303.1,155.6],[303,156],[303.1,156.1],[303.4,155.9],[303.6,156.1],[303.4,156.3],[303.5,156.3],[303.5,156.4],[303.6,156.5],[304,156.6],[304.4,156.5],[304.5,156.5],[304.5,156.6],[304.5,156.7],[304.5,156.8],[304.5,156.9],[304.4,156.9],[304.5,157],[304.4,157],[304.4,157.1],[304.4,157.2],[304.3,157.2],[304.3,157.3],[304.2,157.3],[304.1,157.3],[304.1,157.4],[304.1,157.5],[304.1,157.6],[304.1,157.7],[304.1,157.8],[304,157.8],[303.9,157.8],[303.9,157.9],[303.9,158],[303.9,158.1],[303.9,158.2],[303.8,158.2],[303.8,158.3],[303.8,158.4],[303.7,158.4],[303.6,158.4],[303.6,158.5],[303.7,158.6],[303.7,158.7],[303.7,158.8],[303.6,158.8],[303.6,158.9],[303.5,158.9],[303.4,158.9],[303.4,159],[303.3,159],[303.3,159.1],[303.4,159.1],[303.4,159.2],[303.5,159.2],[303.5,159.3],[303.5,159.4],[303.4,159.5],[303.3,159.5],[303.3,159.6],[303.4,159.6],[303.4,159.7],[303.3,159.7],[303.3,159.8],[303.4,159.8],[303.4,159.9],[303.5,159.9],[303.6,159.9],[303.6,160],[303.5,160],[303.5,160.1],[303.5,160.2],[303.5,160.3],[303.6,160.3],[303.5,160.4],[303.5,160.5],[303.4,160.6],[303.4,160.5],[303.3,160.5],[303.2,160.5],[303.1,160.5],[303.1,160.6],[303,160.6],[303,160.7],[302.9,160.7],[302.9,160.8],[302.8,160.8],[302.8,160.9],[302.9,160.9],[302.9,161],[302.9,161.1],[303,161.1],[303,161.2],[302.9,161.4],[302.7,161.5],[302.8,161.7],[302.6,161.9],[302.8,161.9],[302.8,162],[302.9,162],[303,162.1],[303.1,162.3],[303.3,162.6],[303.4,162.6],[303.4,162.5],[303.6,162.4],[303.7,162.2],[303.9,162.3],[304.1,162.2],[304.7,161.8],[304.8,161.6],[304.8,161.7],[305,161.7],[305,162],[305,162.1],[305.2,162.1],[305.3,162.3],[305.2,162.5],[305.2,162.6],[305.4,162.7],[305.3,163.2],[305.4,163.3],[305.4,163.4],[305.3,163.6],[305.5,164],[305.4,164],[305.5,164.1],[305.7,164.5],[305.7,164.6],[305.8,164.7],[305.7,164.7],[305.9,164.9],[305.9,165],[305.9,165.1],[306,165.1],[306,165.2],[306.1,165.3],[306.1,165.5],[306,165.6],[306,165.7],[305.9,165.7],[305.9,166.1],[305.9,166.2],[306,166.2],[306,166.3],[306.2,166.5],[306.2,166.6],[306.2,166.7],[306.3,166.6],[306.4,166.6],[306.5,166.6],[306.6,166.5],[306.8,166.8],[306.9,166.8],[307,166.8],[307,166.9],[306.9,166.9],[306.9,167],[307,167],[307,167.1],[307,167.2],[307.1,167.5],[307.1,167.6],[307.1,167.7],[307,167.8],[307.2,168.2],[307.1,168.3],[307.1,168.6],[307.5,168.9],[307.7,169.1],[307.8,169.1],[307.8,168.8],[307.8,168.7],[307.9,168.6],[308,168.6],[308,168.5],[308.1,168.5],[308.2,168.5],[308.3,168.5],[308.3,168.6],[308.4,168.6],[308.5,168.6],[308.6,168.6],[308.6,168.7],[308.7,168.7],[308.8,168.7],[308.9,168.7],[308.9,168.8],[309,168.8],[309.1,168.8],[309.2,168.9],[309.3,168.9],[309.3,169],[309.4,169],[309.4,168.9],[309.5,168.9],[309.5,168.8],[309.7,168.6],[309.7,168.5],[309.8,168.5],[309.8,168.4],[309.9,168.4],[309.9,168.5],[310.2,168.7],[310.3,168.7],[310.5,168.8],[310.7,168.7],[311.3,168.8],[311.5,169],[311.9,168.8],[312.2,168.9],[312.4,168.9],[312.6,169],[312.6,168.7],[312.7,168.5],[312.8,168.3],[312.8,168.2],[312.9,168.2],[313.1,168.2],[313.2,168.1],[313.3,168.1],[313.5,168.4],[313.7,168.7],[313.7,168.8],[313.6,169],[313.8,169.1],[313.9,169.5],[314.2,169.6],[314.3,169.2],[314.3,168.9],[314.3,168.7],[314.4,168.6],[314.4,168.4],[314.5,168],[314.5,167.7],[314.5,167.5],[314.6,167],[315,167.1],[315.4,167.1],[315.6,167.1],[315.9,167.2],[316,167.2],[316.1,167.3],[316.4,167.3],[316.5,167.3],[316.6,167.3],[316.8,167.3],[317.4,167.4],[317.6,167.5],[317.8,167.5],[318,167.5],[318.2,167.5],[318.4,167.6],[318.9,167.6],[319.1,167.6],[319.2,167.7],[319.3,167.7],[319.4,167.7],[319.5,167.7],[319.6,167.7],[319.7,167.7],[320,167.8],[320.1,167.8],[320.4,167.8],[320.5,167.9],[320.9,167.9],[321,167.9],[321.2,167.9],[321.4,168],[321.6,168],[321.7,168],[321.8,168.1],[322,168.1],[322.1,168.1],[322.2,168.1],[322.4,168.1],[323.1,168.2],[323.4,168.3],[323.6,168.3],[323.7,168.3],[323.8,168.3],[324.3,168.4],[324.5,168.4],[324.7,168.4],[324.8,168.4],[325.8,168.6],[325.9,168.6],[326.4,168.7],[326.7,168.7],[326.9,168.7],[327,168.7],[327.2,168.7],[327.3,168.8],[327.5,168.8],[327.9,168.8],[328,168.8],[328,168.9],[328.1,168.9],[328.2,168.9],[328.4,168.9],[328.6,168.9],[328.7,168.9],[328.9,169],[329,169],[329.1,169],[329.3,169],[329.6,169.1],[329.8,169.1],[330,169.1],[330.1,169.1],[330.6,169.2],[330.8,169.2],[331.1,169.2],[331.2,169.3],[331.3,169.3],[331.9,169.3],[332,169.3],[332.2,169.4],[332.4,169.4],[332.5,169.4],[332.7,169.4],[332.8,169.4],[333.5,169.5],[333.7,169.5],[333.9,169.5],[334.3,169.5],[334.4,169.6],[334.8,169.6],[334.9,169.6],[335,169.6],[335.1,169.6],[335.3,169.6],[335.7,169.7],[336.1,169.7],[336.2,169.7],[336.4,169.8],[336.8,169.8],[337.2,169.8],[337.6,169.9],[337.7,169.9],[337.8,169.9],[338.2,169.9],[338.4,169.9],[338.6,170],[338.8,170],[339,170],[339.7,170.1],[339.9,170.1],[339.9,169.8],[340,169.7],[340,169.3],[340,169],[340,168.7],[340.1,168.6],[340.1,168.1],[340.1,167.9],[340.1,167.7],[340.1,167.6],[340.2,167],[340.2,166.8],[340.2,166.6],[340.3,165.7],[340.3,165.3],[340.3,165.2],[340.3,165.1],[340.4,164.8],[340.4,164.6],[340.4,164.4],[340.4,164.3],[340.4,164.1],[340.4,163.9],[340.4,163.7],[340.5,163.5],[340.5,163.4],[340.5,163.3],[340.5,163.2],[340.5,162.8],[340.6,162.4],[340.6,162],[340.6,161.8],[340.6,161.7],[340.6,161.6],[340.7,161.4],[340.7,161.3],[340.7,161.1],[340.7,160.4],[340.7,160.3],[340.7,160.2],[340.8,159.7],[340.8,159.6],[340.8,159.4],[340.8,159.3],[340.9,158.9],[340.9,158.8],[340.9,158.6],[340.9,158.5],[340.9,158.3],[340.9,158.1],[340.9,158],[340.9,157.7],[341,157.2],[341,156.9],[341,156.7],[341.1,156.5],[341.1,156.4],[341.1,156.1],[341.1,156],[341.1,155.8],[341.2,155.5],[341.2,155.3],[341.2,155.1],[341.2,154.9],[341.2,154.8],[341.2,154.7],[341.2,154.3],[341.3,154.1],[341.3,153.9],[341.3,153.5],[341.3,153.4],[341.3,153.3],[341.3,153.2],[341.3,153],[341.4,152.7],[341.4,152],[341.5,151.6],[341.5,151.2],[341.5,151],[341.5,150.8],[341.6,150.5],[341.6,150.4],[341.6,150.3],[341.6,150.2],[341.6,150.1],[341.6,149.8],[341.6,149.7],[339.5,149.5],[337.4,149.3],[335.2,149.1],[333.2,148.9],[330.2,148.5],[327.8,148.2],[325.3,147.9],[322.3,147.5],[320.1,147.2],[317.4,146.8],[316.1,146.5],[314,146.2],[312.1,145.8],[308.9,145.3],[303.7,144.2],[301,143.7],[301,143.8],[301,144.1],[300.9,144.6],[300.8,144.7],[300.8,144.9],[300.7,145.1],[300.7,145.2],[300.7,145.3],[300.7,145.4],[300.6,145.5],[300.6,145.6],[300.6,145.7],[300.6,145.8],[300.4,146.5],[300.4,146.6],[300.4,146.7],[300.4,146.9],[300.3,147],[300.2,147.5],[300.2,147.6],[300.1,147.9],[300.1,148],[300.1,148.2],[300.1,148.3],[300,148.7],[300,148.8],[300.1,148.8],[300.1,148.9],[300.1,149],[300.1,149.1],[300.2,149.1],[300.2,149.2],[300.3,149.5],[300.5,149.6],[300.5,150],[300.6,150.3],[300.7,150.3],[300.7,150.6],[300.8,150.8],[300.6,151.1],[300.5,151.1],[300.6,151.3],[300.6,151.4],[300.7,151.4],[300.7,151.5],[300.6,151.6],[300.4,151.7],[300.5,151.8],[300.6,151.8],[300.7,152],[300.8,152],[300.9,152.1],[300.9,152.2],[301,152.2],[301,152.4],[301,152.5],[301.1,152.5],[301.2,152.6],[301.3,152.7],[301.5,152.8],[301.6,152.8],[301.7,153],[301.7,153.1],[301.7,153.2],[301.7,153.3],[301.8,153.3],[301.8,153.4],[301.9,153.5],[302,153.5],[302,153.6],[302,153.7],[302.1,153.8]]]]}},{"type":"Feature","properties":{"st":"NC","fips":"37","name":"North Carolina","seats":14,"seats_2000":13,"seats_2010":13,"seats_2020":14,"seats_2030":15,"label_x":809.7,"label_y":433.1},"geometry":{"type":"MultiPolygon","coordinates":[[[[718.1,459.5],[718.2,459.5],[718.7,459.5],[719,459.4],[719.1,459.4],[719.5,459.4],[719.6,459.4],[719.9,459.4],[720.4,459.3],[720.6,459.3],[720.9,459.2],[721.2,459.2],[721.7,459.1],[721.9,459.1],[722,459.1],[722.1,459.1],[722.4,459],[722.6,459],[722.7,459],[723.3,458.9],[723.6,458.9],[724.2,458.9],[724.3,458.8],[724.6,458.8],[725,458.7],[725.3,458.7],[726.1,458.5],[727,458.5],[727.2,458.5],[727.4,458.4],[727.5,458.4],[728.3,458.3],[728.9,458.2],[729.2,458.2],[729.6,458.1],[730.9,457.8],[731.4,457.8],[731.9,457.7],[732.9,457.6],[733.9,457.4],[734,457.4],[735.1,457.2],[735.4,457.2],[735.6,457.2],[735.7,457.2],[735.8,457.1],[735.9,457.1],[736.2,457.1],[736.6,457],[736.9,456.9],[737.6,456.8],[738.1,456.7],[738.5,456.7],[738.9,456.6],[739,456.6],[740,456.4],[740.9,456],[741.5,455.7],[741.7,455.6],[742.2,455.4],[743.1,455],[743.7,454.7],[743.7,454.6],[744.7,454.1],[745.1,454],[745.5,453.7],[745.6,453.7],[745.7,453.7],[745.8,453.8],[745.8,453.9],[745.7,454],[745.7,454.1],[745.8,454.1],[745.9,454.1],[746,454.1],[746.1,454.1],[746.2,454.1],[746.2,454],[746.3,453.9],[746.3,453.8],[746.2,453.8],[746.2,453.7],[746.3,453.7],[746.4,453.7],[746.5,453.6],[746.6,453.6],[746.6,453.5],[746.6,453.4],[746.7,453.4],[746.8,453.4],[746.8,453.3],[746.9,453.3],[747,453.2],[747.1,453.2],[747.1,453.3],[747.2,453.2],[747.3,453.2],[747.3,453.1],[747.3,453],[747.3,452.7],[747.3,452.6],[747.3,452.5],[747.4,452.5],[748,452.4],[748,452.3],[748.1,452.3],[748.1,452.4],[748.6,452.1],[748.8,452.1],[748.9,452],[749,452],[749,451.9],[749.1,451.9],[749.2,451.9],[749.5,451.5],[749.5,451.4],[749.6,451.4],[749.8,451.4],[749.9,451.4],[749.9,451.5],[750,451.5],[750.1,451.4],[750.2,451.4],[750.2,451.3],[751.3,450.9],[751.3,451],[751.2,451],[751.2,451.1],[751.3,451.1],[751.4,451],[751.4,451.1],[751.5,451],[751.6,451],[751.8,450.7],[751.7,450.6],[752.2,449.9],[752.2,449.8],[752.3,449.8],[752.4,449.8],[752.6,450.1],[752.6,450.2],[752.5,450.2],[752.5,450.3],[752.6,450.3],[752.6,450.4],[752.6,450.5],[752.7,450.5],[752.8,450.5],[752.9,450.5],[752.9,450.4],[753,450.2],[753,450.3],[753.1,450.2],[753.2,450.1],[753.4,450.2],[753.7,450.1],[753.9,450.1],[754.1,449.9],[754.2,449.9],[754.3,449.9],[754.8,449.8],[755.1,449.8],[755.2,449.8],[755.3,449.8],[755.5,449.8],[756.2,449.7],[756.4,449.7],[756.7,449.7],[757,449.7],[757.5,449.6],[758.1,449.6],[758.6,449.5],[758.7,449.5],[759.1,449.4],[759.3,449.4],[759.4,449.4],[759.6,449.3],[759.7,449.3],[760,449.3],[760.2,449.3],[761.1,449.2],[761.3,449.2],[761.6,449.2],[761.7,449.2],[762.2,449.1],[762.4,449.1],[762.6,449.1],[762.8,449],[763.1,449],[763.4,448.9],[763.6,448.9],[763.7,448.9],[764.1,448.9],[764.5,448.8],[764.7,448.8],[765.9,448.7],[766.5,448.7],[766.6,448.6],[767.6,448.5],[767.8,448.5],[767.9,448.5],[768.1,448.4],[768.4,448.4],[769.1,448.3],[769.3,448.3],[769.4,448.3],[769.6,448.3],[769.7,448.3],[770.3,448.2],[770.6,448.2],[771.3,448.1],[771.6,448.1],[771.7,448.1],[771.9,448.1],[772.7,448],[772.8,447.9],[773,447.9],[773.3,447.9],[773.7,447.9],[774,447.9],[774.3,447.8],[774.6,447.8],[774.7,447.8],[775,447.8],[775.2,447.7],[775.5,447.7],[775.9,447.7],[776.4,447.6],[776.5,447.6],[776.6,447.6],[776.8,447.8],[776.8,448],[776.9,448],[777,448.2],[776.8,448.9],[776.8,449.1],[776.8,449.2],[776.8,449.3],[776.8,449.4],[776.9,449.7],[777.3,449.8],[777.4,449.8],[777.9,449.2],[778.1,449.1],[778.2,448.9],[778.3,448.8],[779,448.3],[779.3,448.5],[779.3,448.6],[779.4,448.6],[779.4,448.7],[779.5,448.8],[779.7,449],[780,449.3],[780.3,449.7],[780.5,449.7],[780.8,450],[780.8,450.1],[781,450.3],[781.1,450.4],[781.2,450.5],[781.4,450.8],[781.6,451],[781.7,451],[781.8,451.1],[782.1,451.4],[782.3,451.6],[782.3,451.9],[782.3,452.1],[782.3,452.3],[782.4,453],[782.4,453.4],[782.4,453.7],[782.4,454.1],[782.5,454.2],[782.7,454.2],[783,454.1],[783.4,454.1],[783.7,454.1],[784.2,454],[784.3,454],[785.1,453.8],[785.2,453.8],[786.2,453.6],[786.7,453.6],[786.9,453.6],[787.4,453.5],[787.5,453.5],[788.1,453.4],[788.7,453.3],[789,453.2],[789.3,453.2],[789.6,453.2],[789.9,453.2],[790.2,453.1],[790.7,453],[790.8,453],[790.9,453],[791.4,452.9],[791.6,452.9],[791.8,452.8],[793.1,452.7],[793.9,452.6],[794,452.5],[794.6,452.4],[795.1,452.3],[795.6,452.3],[796.1,452.3],[796.7,452.2],[796.9,452.1],[797,452.1],[797.5,452],[798.3,451.9],[798.9,451.9],[800.3,451.6],[801.1,451.4],[801.9,451.4],[802.3,451.3],[802.4,451.2],[802.5,451.2],[802.8,451.2],[802.9,451.3],[803.3,451.5],[803.7,451.8],[804,452.1],[804.1,452.2],[804.3,452.3],[804.4,452.3],[805,452.7],[805.3,453],[805.6,453.2],[805.8,453.3],[806.4,453.7],[806.9,454.1],[807.3,454.4],[807.4,454.5],[807.7,454.7],[808.2,455],[809.5,455.9],[809.9,456.3],[810.1,456.4],[810.5,456.7],[810.6,456.7],[810.8,456.9],[811.3,457.3],[812.1,458],[812.5,458.2],[812.9,458.5],[813.3,458.8],[813.6,459],[813.7,459],[814.2,459.4],[814.9,459.9],[815.1,460.1],[815.7,460.5],[816.7,461.2],[817.1,461.5],[817.4,461.8],[817.8,462],[818.2,462.2],[818.9,462.8],[819.1,462.9],[819.3,463],[819.6,463.3],[819.7,463.4],[819.9,463.5],[820.1,463.7],[821.1,464.3],[821.4,464.6],[821.7,464.7],[822,465],[822.5,465.4],[822.7,465.5],[823,465.6],[823.1,465.8],[823.5,466],[824.2,466.5],[825.5,467.5],[826,467.9],[826.1,467.9],[826.2,468],[826.4,468.2],[826.5,468.2],[826.7,468.4],[826.8,468.4],[827.1,468.6],[827.5,469],[828,469.4],[829.7,468.4],[832.2,467.4],[834.3,467.1],[835.8,467.1],[837,467.9],[837.4,468.6],[838.9,468.5],[839.1,467.5],[838.9,466.4],[839.4,462.3],[839.8,460],[840.9,457],[841.9,455.4],[844,452.8],[847,450.2],[848.2,448.8],[849.7,447.5],[851.8,446.3],[854.9,445],[857.2,444.6],[858.7,444.8],[859.6,446.1],[860.7,446.4],[861.2,446],[861.7,443.9],[862.6,441.7],[864.2,438.6],[867.5,434.1],[868,433.9],[869.3,432.1],[870.8,430.8],[874.4,428.5],[875.2,428.6],[876.4,427.6],[876.3,423.2],[875.8,418.7],[874.4,415.4],[873.3,414.1],[871,410.8],[868.3,407.3],[865.9,403.2],[864.2,399],[863.2,399.3],[862.9,399.3],[862.8,399.4],[862.5,399.4],[862.4,399.4],[862.3,399.4],[862.2,399.4],[861.9,399.5],[861.3,399.7],[860.9,399.8],[860.6,399.8],[860.4,399.8],[860,399.9],[859.4,400.1],[859.3,400.1],[859,400.2],[858,400.3],[857.3,400.5],[856.6,400.7],[856.3,400.7],[855.8,400.8],[855.2,401],[854,401.2],[851.1,401.8],[850.1,402],[849.8,402],[849.2,402.2],[848.9,402.3],[848.1,402.5],[847.7,402.5],[847.4,402.5],[846.9,402.7],[846.3,402.8],[846.1,402.8],[845.9,402.9],[845.6,402.9],[844.9,403],[844.6,403.1],[844.6,403.2],[844.6,403.3],[844.5,403.3],[844.2,403.3],[843.7,403.5],[843,403.6],[841.3,403.9],[840.7,404.1],[840.3,404.2],[840.1,404.2],[839.6,404.2],[839.5,404.3],[838.9,404.4],[838.7,404.5],[837.9,404.7],[837.4,404.7],[836.9,404.8],[836.1,405],[835.2,405.1],[834.6,405.3],[834.4,405.3],[833.8,405.4],[833.5,405.5],[832.8,405.6],[832.6,405.7],[831.9,405.8],[831.5,405.9],[830.6,406],[830.2,406.1],[829.6,406.3],[829,406.4],[828.6,406.4],[828,406.6],[827.9,406.6],[827.8,406.6],[827.6,406.6],[827.3,406.7],[827,406.8],[826.9,406.8],[826.7,406.9],[826.3,406.9],[826.1,406.9],[825.9,407],[825.7,407],[825.3,407.1],[825.1,407.2],[825,407.2],[824.9,407.2],[824.8,407.2],[824.8,407.3],[824.6,407.3],[824.5,407.3],[824.3,407.3],[823.4,407.5],[823.3,407.5],[823.2,407.5],[822.7,407.6],[822.6,407.6],[822.3,407.7],[822.1,407.8],[821.2,407.9],[820.9,407.9],[820.8,408],[820.1,408.1],[820,408.2],[819.2,408.2],[819.2,408.3],[819.1,408.3],[818.8,408.3],[818.4,408.4],[818.3,408.5],[817.8,408.6],[817.6,408.6],[817.5,408.6],[817.4,408.6],[817.3,408.6],[816.9,408.7],[816.2,408.9],[816.1,408.9],[815.4,409.1],[815.1,409.1],[814.8,409.1],[814.3,409.2],[813.9,409.3],[813.7,409.3],[813.5,409.4],[813.2,409.5],[812.5,409.5],[812.1,409.6],[811.9,409.7],[811.2,409.8],[810.7,409.9],[810.3,410],[809.5,410.1],[809.1,410.2],[808.8,410.2],[808.6,410.3],[808.3,410.3],[808.1,410.4],[807.4,410.4],[807,410.5],[806.8,410.6],[806.2,410.7],[806,410.8],[804.9,410.9],[804.6,411],[804.5,411],[804.2,411.1],[803.7,411.2],[803.3,411.3],[802.7,411.3],[802.4,411.3],[802,411.5],[801.9,411.5],[801.5,411.6],[801.1,411.6],[800.9,411.7],[800.7,411.7],[800.4,411.7],[800.1,411.8],[799.9,411.8],[799.8,411.8],[799.7,411.9],[799.6,411.9],[799.3,411.9],[799.3,412],[799.2,412],[798.9,412],[798.9,412.1],[798.4,412.1],[797.6,412.2],[797.3,412.3],[796.9,412.4],[795.8,412.6],[795.3,412.6],[795,412.6],[794.9,412.6],[794.6,412.7],[794.4,412.8],[794.3,412.8],[793.8,412.9],[793.7,412.9],[793.3,413],[793.1,413],[791.9,413.2],[791.5,413.3],[790.6,413.4],[790.3,413.5],[789.8,413.5],[789.7,413.5],[788.7,413.7],[788.6,413.8],[788.3,413.8],[788.2,413.9],[788.1,413.9],[787.7,413.9],[787.3,413.9],[786.3,414.1],[786,414.2],[785.5,414.3],[785.1,414.3],[784.3,414.4],[783.8,414.4],[782.7,414.6],[782.6,414.6],[782.5,414.6],[782.1,414.6],[781.8,414.7],[781,414.8],[780.8,414.8],[780.3,414.8],[779.8,414.8],[779.7,414.9],[779.4,414.9],[779,415],[778.7,415],[778.6,415],[778.4,415],[778.3,415.1],[778,415.1],[777.7,415.1],[777.4,415.2],[777.3,415.2],[777.1,415.3],[777,415.3],[776.6,415.3],[776.3,415.4],[775.6,415.5],[774.8,415.6],[774.4,415.7],[774.2,415.7],[773.7,415.7],[773.6,415.7],[773.3,415.8],[772.8,415.9],[772.5,415.9],[772.4,415.9],[772.2,415.9],[772,416],[771.8,416],[771.3,416],[771,416.1],[770.7,416.1],[770.6,416.1],[770.4,416.1],[770.1,416.1],[769.9,416.1],[769.8,416.1],[769.7,416.2],[769.5,416.2],[769.4,416.2],[769,416.3],[768.9,416.3],[767.1,416.5],[766.8,416.6],[766.4,416.6],[766.2,416.6],[765.5,416.7],[764.7,416.8],[764.5,416.9],[764.4,416.9],[764.1,416.9],[763.6,417],[763.3,417],[763.2,417],[763.1,417],[762.5,417],[761.8,417],[761.6,417],[760.5,417.2],[760.5,417.4],[760.5,417.5],[760.4,418],[760.4,418.1],[760.4,418.2],[760.2,418.7],[760.3,418.8],[760.4,419],[760.5,419.1],[760.5,419.2],[760.4,419.2],[760.4,419.3],[760.5,419.3],[760.5,419.4],[760.6,420],[760.5,420],[760.3,420.3],[760.3,420.4],[760.4,420.5],[760.3,420.6],[760.2,421.7],[760.2,421.8],[760.4,422.3],[760.6,422.7],[760.7,422.8],[760.8,422.7],[760.9,422.8],[760.9,422.9],[760.7,422.9],[760.6,423],[760.6,422.9],[760.5,422.8],[759.4,422.9],[759.3,422.8],[759.2,422.6],[759.2,422.7],[758.3,423.2],[758.3,423.3],[758.1,423.4],[758,423.5],[757.7,424.1],[757.6,424.1],[757.5,424.1],[757.4,424.2],[757.2,424.7],[757,425.4],[756.8,425.9],[756.7,426.1],[756.5,426.4],[756.4,427],[756.3,427.1],[756.2,427.4],[756.1,427.6],[755.8,428.4],[755.4,428.5],[755.3,428.6],[754.1,429.2],[754,429.2],[753.7,428.4],[753.5,428.3],[752.3,428.3],[752.3,428.4],[752.1,428.7],[752,428.8],[752,428.9],[751.9,428.9],[751.1,428.9],[750.9,429.1],[750.6,429.4],[750.5,429.4],[750.2,429.6],[750.1,429.5],[749.9,429.8],[749.8,429.8],[749.7,429.8],[749,430.7],[748.8,431.6],[748.7,431.6],[748.6,431.8],[748.6,432],[748.5,432.3],[748.1,432.7],[747.9,432.9],[747.8,433],[747.7,433.1],[746.8,433.7],[746.7,433.7],[746.6,433.7],[746.5,433.5],[746.4,433.5],[746.3,433.5],[746.2,433.6],[746.1,433.6],[746,433.5],[746,433.6],[745.9,433.5],[745.8,432.8],[745.8,432.7],[745.9,432.6],[745.9,432.5],[745.9,432],[745.8,431.9],[745.1,431.6],[745,431.6],[743,433.2],[742.9,433.2],[742.8,434.2],[742.8,434.3],[742.5,434.7],[742.6,434.8],[741.7,434.6],[740.9,435.1],[740.8,437.1],[740.8,437.2],[740.6,437.3],[740.2,438.3],[740.2,438.4],[739.1,438.7],[739.1,438.6],[738.2,438.6],[738.1,438.7],[737.8,439.1],[736.7,439.5],[736.3,440.3],[736.2,440.4],[735.8,440.4],[735.3,441.2],[735.3,441.3],[733.9,442.1],[732.4,443.5],[732.3,443.5],[731.7,444.2],[731.6,444.4],[731.5,444.5],[730.5,444.8],[729.4,444.7],[728.3,445.1],[728.3,445],[726.4,445.4],[725.5,446.4],[724.5,446.6],[723.4,448.1],[723.2,448.1],[722.6,449],[722.6,449.2],[722.6,450.1],[722.6,450.2],[722.6,450.5],[722.1,450.9],[722.2,451],[722.2,451.1],[722.3,451.1],[722.4,451.2],[722.3,451.3],[722.3,451.4],[722.3,451.5],[722.3,451.6],[722.4,451.7],[722.5,451.7],[722.5,451.8],[722.6,451.8],[722.6,451.9],[722.6,452],[722.6,452.1],[722.4,452.2],[721.7,452.9],[721.7,453],[720.5,453.4],[720.4,453.4],[719.3,453.1],[718,454.2],[718,454.8],[718,455],[718,455.1],[718,455.2],[718,455.4],[718,455.5],[718,455.6],[718,456.6],[718,456.7],[718,457.2],[718,458],[718,458.2],[718,458.5],[718.1,458.8],[718.1,459.3],[718.1,459.5]]]]}},{"type":"Feature","properties":{"st":"ND","fips":"38","name":"North Dakota","seats":1,"seats_2000":1,"seats_2010":1,"seats_2020":1,"seats_2030":1,"label_x":403.5,"label_y":163.4},"geometry":{"type":"MultiPolygon","coordinates":[[[[415.1,155.6],[411.8,155.6],[409,155.5],[406.2,155.4],[404.6,155.3],[401.2,155.2],[397.3,154.9],[394.5,154.7],[391.4,154.5],[391.3,154.8],[391.3,154.9],[391.3,155],[391.3,155.1],[391.3,155.2],[391.3,155.3],[391.3,155.5],[391.3,155.8],[391.3,156],[391.2,156.4],[391.2,156.9],[391.1,157.6],[391.1,157.9],[391.1,158],[391.1,158.1],[391.1,158.2],[391.1,158.3],[391,158.7],[391,158.9],[391,159.2],[391,159.6],[391,159.7],[390.9,159.8],[390.9,160],[390.9,160.2],[390.9,160.4],[390.9,160.6],[390.9,160.7],[390.9,160.9],[390.8,161],[390.8,161.3],[390.8,161.4],[390.8,161.6],[390.8,161.9],[390.7,162.1],[390.7,162.7],[390.7,162.9],[390.7,163.1],[390.6,163.2],[390.6,163.5],[390.6,163.7],[390.6,163.8],[390.6,164.3],[390.6,164.4],[390.5,164.6],[390.5,165.2],[390.5,165.4],[390.4,166.1],[390.4,166.3],[390.4,166.4],[390.4,166.6],[390.3,166.7],[390.3,166.8],[390.3,167],[390.3,167.4],[390.2,167.8],[390.2,168.2],[390.2,168.3],[390.2,168.4],[390.2,168.5],[390.2,168.8],[390.2,168.9],[390.1,169.2],[390.1,169.3],[390.1,169.5],[390.1,169.6],[390.1,169.9],[390.1,170.2],[390,170.3],[390.2,170.3],[390.3,170.3],[390.5,170.4],[390.6,170.4],[390.7,170.4],[391,170.4],[391.1,170.4],[391.4,170.4],[391.7,170.4],[391.8,170.5],[392,170.5],[392.1,170.5],[392.3,170.5],[392.4,170.5],[392.5,170.5],[392.8,170.5],[393,170.5],[393.1,170.6],[393.2,170.6],[393.5,170.6],[393.6,170.6],[393.7,170.6],[393.9,170.6],[394,170.6],[394.1,170.6],[394.3,170.7],[394.5,170.7],[394.8,170.7],[394.9,170.7],[395,170.7],[395.2,170.7],[395.3,170.7],[395.4,170.7],[395.5,170.7],[395.8,170.7],[395.9,170.7],[395.9,170.8],[396,170.8],[396.1,170.8],[396.2,170.8],[396.5,170.8],[396.8,170.8],[396.9,170.8],[397,170.8],[397.2,170.8],[397.3,170.8],[397.5,170.9],[397.7,170.9],[397.9,170.9],[398.2,170.9],[398.3,170.9],[398.6,170.9],[398.7,170.9],[398.9,170.9],[399,171],[399.2,171],[399.4,171],[399.6,171],[399.8,171],[399.9,171],[400.3,171],[400.4,171],[400.6,171.1],[400.7,171.1],[400.8,171.1],[400.9,171.1],[401,171.1],[401.1,171.1],[401.4,171.1],[401.7,171.1],[401.8,171.1],[402.1,171.1],[402.2,171.1],[402.4,171.1],[402.5,171.1],[402.6,171.1],[402.8,171.2],[402.9,171.2],[403,171.2],[403.1,171.2],[403.2,171.2],[403.4,171.2],[403.5,171.2],[403.7,171.2],[403.9,171.2],[404,171.2],[404.2,171.2],[404.3,171.2],[404.4,171.2],[404.5,171.2],[404.7,171.3],[404.8,171.3],[405.2,171.3],[405.3,171.3],[405.4,171.3],[406.4,171.3],[406.8,171.4],[407.1,171.4],[407.4,171.4],[407.5,171.4],[407.8,171.4],[408.1,171.4],[408.4,171.4],[408.8,171.4],[408.9,171.4],[409.4,171.4],[409.5,171.5],[409.6,171.5],[410.2,171.5],[410.5,171.5],[411.3,171.5],[411.4,171.5],[411.5,171.5],[411.8,171.5],[412,171.5],[412.1,171.5],[412.4,171.5],[412.7,171.5],[413.4,171.5],[413.5,171.5],[413.8,171.6],[414.5,171.6],[414.6,171.6],[414.7,171.6],[414.8,171.6],[414.9,171.6],[415.1,171.6],[415.2,171.6],[415.3,171.6],[415.4,171.6],[415.5,171.6],[415.6,171.6],[415.7,171.6],[415.9,171.6],[416.2,171.6],[416.3,171.6],[416.4,171.6],[416.5,171.6],[416.6,171.6],[416.7,171.6],[417.2,171.6],[417.3,171.6],[417.4,171.6],[417.4,171.5],[417.3,171.2],[417.3,171.1],[417.4,171],[417.4,170.7],[417.3,170.5],[417.3,170.3],[417.2,170.1],[417.2,170],[417.3,170],[417.3,169.9],[417.2,169.9],[417.2,169.8],[417.2,169.7],[417.2,169.6],[417,169.3],[416.9,169.1],[416.9,169],[416.8,168.9],[416.8,168.8],[416.7,168.4],[416.7,168.3],[416.6,168],[416.5,168],[416.5,167.8],[416.5,167.7],[416.6,167.6],[416.6,167.2],[416.6,167.1],[416.5,167.1],[416.5,167],[416.6,166.9],[416.6,166.8],[416.6,166.7],[416.7,166.6],[416.6,166.5],[416.7,166.5],[416.6,166.4],[416.6,166.3],[416.5,166.3],[416.5,166.2],[416.4,165.9],[416.5,165.9],[416.5,165.7],[416.4,165.3],[416.4,165.2],[416.5,165.2],[416.5,165.1],[416.4,165.1],[416.4,165],[416.4,164.9],[416.4,164.8],[416.4,164.7],[416.4,164.6],[416.4,164.5],[416.4,164.4],[416.4,164.3],[416.4,164.2],[416.4,164.1],[416.4,164],[416.4,163.9],[416.3,163.9],[416.3,163.8],[416.4,163.8],[416.4,163.7],[416.3,163.7],[416.3,163.6],[416.4,163.6],[416.4,163.5],[416.4,163.4],[416.4,163],[416.4,162.9],[416.3,162.5],[416.2,162.5],[416.2,162.4],[416.2,162.3],[416.1,162.3],[416.1,162.2],[416.1,162.1],[416.1,162],[416,162],[416,161.9],[415.9,161.9],[415.9,161.8],[415.9,161.7],[415.9,161.6],[415.9,161.5],[415.8,161.5],[415.8,161.4],[415.8,161.3],[415.8,161.2],[415.7,161.2],[415.7,161.1],[415.7,161],[415.7,160.9],[415.6,160.7],[415.6,160.6],[415.6,160.5],[415.4,160.3],[415.4,159.9],[415.4,159.8],[415.4,159.7],[415.5,159.7],[415.5,159.6],[415.4,159.6],[415.4,159.5],[415.5,159.5],[415.4,159.4],[415.5,159.4],[415.5,159.3],[415.5,159.2],[415.5,159.1],[415.5,159],[415.4,159],[415.4,158.9],[415.4,158.8],[415.4,158.7],[415.4,158.6],[415.5,158.7],[415.5,158.6],[415.5,158.5],[415.4,158.5],[415.5,158.4],[415.4,158.4],[415.3,158.4],[415.3,158.3],[415.4,158.3],[415.4,158.2],[415.5,158.1],[415.4,158.1],[415.4,158],[415.3,158],[415.5,157.6],[415.5,157.5],[415.5,157.1],[415.4,157.1],[415.4,157],[415.4,156.9],[415.4,156.8],[415.4,156.7],[415.3,156.7],[415.3,156.6],[415.2,156.2],[415.1,155.9],[415.1,155.8],[415.1,155.7],[415.1,155.6]]]]}},{"type":"Feature","properties":{"st":"NE","fips":"31","name":"Nebraska","seats":3,"seats_2000":3,"seats_2010":3,"seats_2020":3,"seats_2030":3,"label_x":430.4,"label_y":325.8},"geometry":{"type":"MultiPolygon","coordinates":[[[[455.4,329.3],[455.4,329.2],[455.4,329.1],[455.5,328.9],[455.5,328.7],[455.5,328.6],[455.6,328.6],[455.7,328.5],[455.8,328.4],[455.8,328.3],[455.7,328.3],[455.7,328.2],[455.6,328.2],[455.5,328.2],[455.4,328.2],[455.3,328.1],[455.2,328],[455.4,327.8],[455.3,327.6],[455.4,327.4],[455.4,327.3],[455.4,327],[454.9,326.8],[454.8,326.8],[454.8,326.7],[454.9,326.7],[454.7,326.5],[454.5,326.5],[454.5,326.4],[454.4,326.3],[454.3,326.2],[454.3,326.1],[454.4,326.1],[454.4,326],[454.3,325.8],[454.2,325.8],[454.2,325.7],[454.3,325.3],[454.2,325],[454.2,324.9],[454.3,324.9],[454.4,324.9],[454.5,324.7],[454.4,324.7],[454.3,324.7],[454.3,324.5],[454.3,324.4],[454.4,324.4],[454.4,324.3],[454.5,324.2],[454.5,324.1],[454.2,323.8],[454.2,323.7],[454.1,323.4],[454,323.4],[454,323],[454,322.7],[454.1,322.7],[454.1,322.6],[454.1,322.5],[454,322.5],[453.9,322.4],[453.7,322.4],[453.8,322.3],[453.8,322.2],[453.7,322.2],[453.6,322.2],[453.5,322.3],[453.4,322.3],[453.4,322.2],[453.5,322.1],[453.3,321.9],[453.2,321.9],[453.2,321.8],[453.2,321.7],[453.2,321.5],[453.2,321.4],[453.2,321.3],[453,321.1],[452.8,320.9],[452.7,320.8],[452.7,320.6],[452.8,320.3],[452.9,320.2],[452.8,320.2],[452.7,319.9],[452.6,319.8],[452.6,319.7],[452.6,319.6],[452.5,319.4],[452.4,319.4],[452.3,319.3],[452.3,319.1],[452.3,319],[452.3,318.9],[452.3,318.8],[452.3,318.7],[452.3,318.6],[452.5,318.4],[452.5,318.2],[452.4,318],[452.3,318],[452.1,318],[452,318],[451.9,318.1],[451.8,318.1],[451.7,318.1],[451.7,318],[451.7,317.9],[451.6,317.8],[451.5,317.7],[451.4,317.7],[451.1,317.9],[451.1,317.8],[451,317.8],[450.9,317.7],[450.9,317.6],[450.9,317.5],[450.8,317.4],[450.7,317.3],[450.5,316.8],[450.6,316.6],[450.6,316.5],[450.3,316.4],[450.2,316.4],[450,316.5],[449.9,316.4],[449.9,316.3],[449.9,316.2],[449.8,316.1],[449.7,316.1],[449.6,316],[449.5,316],[449.5,315.9],[449.4,315.9],[449.3,315.9],[449.2,315.9],[449.2,315.8],[448.8,315.9],[448.9,315.8],[448.8,315.6],[448.7,315.6],[448.6,315.6],[448.4,315.6],[448.3,315.5],[448.2,315.5],[448.1,315.5],[447.9,315.5],[447.8,315.5],[447.7,315.5],[447.7,315.4],[447.7,315.3],[447.6,315.3],[447.6,315.2],[447.5,315.2],[447.2,315.1],[447.2,314.8],[446.9,314.8],[446.8,314.8],[446.8,314.7],[446.7,314.7],[446.6,314.7],[446.5,314.7],[446.3,314.7],[446.2,314.7],[446.1,314.7],[445.6,314.8],[445.5,314.8],[445.3,314.7],[445.2,314.8],[444.8,314.7],[444.6,314.7],[444.5,314.8],[444.1,314.8],[444,314.8],[443.7,314.7],[443.6,314.7],[443.5,314.7],[443.1,314.6],[443.1,314.7],[443,314.8],[442.9,315.1],[442.9,315.2],[442.7,315.3],[442.4,315.4],[442.3,315.5],[442.2,315.5],[442.1,315.5],[442,315.5],[442,315.4],[441.9,315.4],[441.9,315.3],[441.8,315.3],[441.7,315.2],[441.6,315.2],[441.6,315.1],[441.5,315],[441.4,314.8],[441.3,314.8],[441.2,314.8],[441.1,314.8],[440.9,314.7],[440.8,314.6],[440.6,314.5],[440.5,314.5],[440.4,314.4],[440.3,314.4],[440.2,314.3],[440.1,314.2],[439.9,314.1],[439.7,314],[439.6,314],[439.5,314],[439.4,313.8],[439.3,313.7],[439.2,313.7],[439.2,313.6],[439.2,313.5],[439.2,313.4],[438.7,313.3],[438.3,313.3],[438.1,313.3],[437.9,313.3],[437.7,313.3],[437.5,313.3],[437.3,313.3],[437.1,313.3],[436.7,313.3],[436.2,313.3],[435.8,313.3],[435.6,313.3],[435.5,313.2],[435.3,313.2],[435.1,313.2],[435,313.2],[434.7,313.2],[434.5,313.2],[434.3,313.2],[434.1,313.2],[433.8,313.2],[433.7,313.2],[433.4,313.2],[433,313.2],[432.9,313.2],[432.8,313.2],[432.6,313.1],[431.9,313.1],[431.6,313.1],[431.5,313.1],[431.1,313.1],[430.9,313.1],[430.7,313.1],[430.5,313.1],[430.1,313],[429.9,313],[429.6,313],[429.2,313],[429.1,313],[429,313],[428.9,313],[428.2,313],[428.1,313],[427.9,313],[427.7,313],[427.2,312.9],[427,312.9],[426.3,312.9],[426.2,312.9],[425.2,312.8],[424.9,312.8],[424.8,312.8],[424.6,312.8],[424.5,312.8],[424.1,312.8],[424,312.8],[423.9,312.8],[423.6,312.8],[423.6,312.7],[423.4,312.7],[423.1,312.7],[422.5,312.7],[421.9,312.7],[421,312.6],[420.5,312.6],[420.3,312.6],[419.7,312.5],[419.4,312.5],[417.8,312.4],[417.4,312.4],[417.1,312.4],[416.8,312.4],[416.4,312.3],[415.7,312.3],[415.5,312.3],[414.9,312.2],[414.3,312.2],[414,312.2],[413.7,312.1],[413.5,312.1],[413.1,312.1],[412.9,312.1],[411.6,312],[410.9,311.9],[410.6,311.9],[410.2,311.9],[409.3,311.8],[409.2,311.8],[408.7,311.8],[408.2,311.7],[407.6,311.7],[407.5,311.7],[407.4,311.7],[407.3,311.6],[406.6,311.6],[406.2,311.6],[406.1,311.5],[406,311.5],[405.9,311.5],[405.6,311.5],[404.8,311.4],[404.6,311.4],[404.4,311.4],[404.1,311.4],[404.1,311.5],[404,312.5],[404,312.9],[403.9,313.1],[403.9,313.4],[403.9,313.6],[403.8,314.3],[403.8,314.4],[403.8,314.6],[403.8,314.8],[403.8,314.9],[403.7,315.5],[403.7,315.7],[403.7,316],[403.6,316.5],[403.6,317],[403.6,317.2],[403.6,317.5],[403.5,317.9],[403.5,318.2],[403.5,318.4],[403.5,318.6],[403.5,318.9],[403.4,319.2],[403.4,320],[403.3,320.1],[403.3,320.2],[403.3,320.3],[403.3,320.5],[403.3,320.7],[403.3,320.8],[403.3,320.9],[403.3,321],[403.3,321.1],[403.1,322.4],[403.1,322.5],[403.1,323],[403.1,323.2],[403,323.5],[403,324],[403,324.2],[403,324.6],[402.9,325.1],[402.9,325.3],[402.9,325.8],[402.9,326],[402.8,326],[402.8,326.9],[402.7,327.2],[402.7,327.4],[402.7,327.8],[402.7,328],[402.6,328.4],[402.6,328.6],[402.6,328.8],[403.1,328.8],[403.3,328.8],[403.4,328.8],[403.5,328.9],[403.6,328.9],[404,328.9],[404.6,328.9],[405,328.9],[405.4,329],[406,329],[407.1,329.1],[407.2,329.1],[407.3,329.1],[407.6,329.2],[407.8,329.2],[407.9,329.2],[408.2,329.2],[408.4,329.2],[408.5,329.2],[408.7,329.2],[408.9,329.3],[409.1,329.3],[409.2,329.3],[409.4,329.3],[409.6,329.3],[409.7,329.3],[409.8,329.3],[410,329.4],[410.2,329.4],[410.3,329.4],[410.4,329.4],[410.6,329.4],[410.9,329.4],[411,329.4],[411.3,329.4],[411.9,329.5],[412.8,329.5],[412.9,329.5],[413.1,329.5],[413.5,329.6],[413.6,329.6],[413.7,329.6],[414,329.6],[414.1,329.6],[414.2,329.6],[414.4,329.6],[414.7,329.7],[415.1,329.7],[415.5,329.7],[415.6,329.7],[415.5,331.8],[415.4,333.4],[415.3,334.1],[415.3,334.2],[415.3,334.4],[415.3,334.6],[415.3,334.8],[415.3,335],[415.2,335.2],[415.2,335.5],[415.2,335.6],[415.2,336.3],[415.1,336.8],[415.1,336.9],[415.1,337],[415.1,337.2],[415.1,337.7],[415.1,337.9],[415.1,338.1],[415,338.4],[415.2,338.5],[415.4,338.5],[415.5,338.5],[415.8,338.5],[416,338.5],[416.2,338.5],[416.3,338.5],[416.6,338.5],[416.7,338.5],[416.8,338.5],[417.4,338.6],[417.8,338.6],[418.4,338.6],[418.9,338.7],[419.2,338.7],[419.3,338.7],[420.2,338.7],[420.8,338.8],[421,338.8],[421.6,338.8],[421.8,338.8],[422.4,338.9],[422.7,338.9],[423.1,338.9],[423.5,338.9],[424.2,339],[424.3,339],[424.4,339],[424.6,339],[424.8,339],[425.3,339],[425.4,339],[425.5,339],[425.7,339],[426.5,339.1],[427,339.1],[428.1,339.1],[428.7,339.2],[428.9,339.2],[429.1,339.2],[429.3,339.2],[429.4,339.2],[429.8,339.2],[430,339.2],[430.2,339.2],[431.6,339.3],[431.7,339.3],[431.9,339.3],[432,339.3],[432.1,339.3],[432.4,339.3],[432.5,339.3],[432.7,339.3],[433.1,339.3],[433.3,339.3],[433.5,339.3],[433.7,339.4],[433.8,339.4],[434,339.4],[434.2,339.4],[434.3,339.4],[434.6,339.4],[435.2,339.4],[435.3,339.4],[435.6,339.4],[436,339.4],[436.3,339.4],[436.4,339.4],[436.8,339.5],[437,339.5],[437.2,339.5],[437.3,339.5],[437.5,339.5],[437.6,339.5],[437.7,339.5],[437.8,339.5],[438.1,339.5],[438.3,339.5],[438.4,339.5],[438.5,339.5],[439.6,339.5],[440.4,339.6],[440.6,339.6],[440.7,339.6],[441.1,339.6],[441.2,339.6],[441.3,339.6],[441.4,339.6],[441.5,339.6],[441.7,339.6],[443.2,339.6],[443.3,339.6],[443.5,339.6],[444.3,339.6],[445,339.6],[445.1,339.6],[445.4,339.6],[445.7,339.6],[446,339.6],[446.1,339.6],[446.3,339.6],[446.6,339.6],[446.7,339.6],[447,339.6],[447.2,339.6],[447.2,339.7],[447.4,339.7],[447.7,339.7],[448,339.7],[448.1,339.7],[448.4,339.7],[449.2,339.7],[449.3,339.7],[450.6,339.7],[451,339.7],[451.2,339.7],[451.3,339.7],[451.4,339.7],[451.5,339.7],[451.7,339.7],[451.9,339.7],[452.6,339.7],[452.9,339.7],[453,339.7],[453.3,339.7],[453.4,339.7],[453.5,339.7],[453.9,339.7],[454.1,339.7],[454.5,339.7],[454.6,339.7],[455.2,339.7],[455.4,339.7],[455.7,339.7],[455.8,339.7],[456.3,339.7],[457.6,339.7],[457.8,339.7],[458.5,339.7],[458.6,339.7],[458.7,339.7],[458.9,339.7],[459,339.7],[459.4,339.7],[459.5,339.7],[459.1,339.5],[459,339.5],[458.8,339.2],[458.8,339.1],[458.8,339],[458.8,338.9],[459,338.7],[458.9,338.7],[458.4,338.1],[458.4,338],[458.4,337.6],[457.9,337.4],[457.6,337.1],[457.6,337],[457.4,336.7],[457.4,336.6],[457.3,336.6],[457.3,336.5],[457.2,335.9],[457.2,335.8],[457,335.7],[456.9,335.6],[456.9,335.3],[457,335.3],[457.1,335.2],[457.2,335.1],[457.2,335],[457.2,334.9],[457.1,334.9],[456.9,335],[456.9,335.1],[456.8,335.2],[456.8,335.1],[456.5,335.1],[456.5,334.6],[456.6,334.4],[456.5,334.4],[456.4,334.3],[456.4,334.2],[456.4,334.1],[456,333.9],[456,333.8],[455.9,333.7],[455.9,333.6],[455.9,333.5],[455.8,333.5],[455.7,333.2],[456,332.9],[456,332.7],[456,332.6],[456,332.4],[455.9,332.3],[455.9,332.2],[456,332.1],[456.2,331.9],[456.2,331.8],[456,331.7],[456,331.6],[456,331.5],[456,331.4],[456.1,331.3],[456,331.1],[455.7,330.6],[455.7,330.5],[455.7,330.4],[455.8,330.3],[455.8,330.2],[455.8,330.1],[455.8,330],[455.8,329.9],[455.7,329.8],[455.7,329.7],[455.7,329.6],[455.8,329.5],[456,329.5],[456,329.4],[455.8,329.4],[455.7,329.4],[455.5,329.4],[455.4,329.3]],[[455.5,328.6],[455.4,328.6],[455.4,328.4],[455.5,328.4],[455.6,328.4],[455.6,328.5],[455.5,328.6]]]]}},{"type":"Feature","properties":{"st":"NH","fips":"33","name":"New Hampshire","seats":2,"seats_2000":2,"seats_2010":2,"seats_2020":2,"seats_2030":2,"label_x":959.2,"label_y":40.3},"geometry":{"type":"MultiPolygon","coordinates":[[[[948.2,45.4],[948.3,45.8],[948.3,46],[948.2,46.3],[948.3,46.5],[948.6,46.8],[948.6,47],[948.6,47.1],[948.6,47.2],[948.6,47.3],[948.6,47.4],[948.6,47.9],[948.7,48.2],[948.8,48.6],[948.8,48.7],[948.8,48.8],[948.7,49],[948.7,49.1],[948.6,49.2],[948.7,49.3],[948.8,49.5],[948.8,49.6],[949.1,49.6],[949.1,49.7],[949,50],[949,50.2],[949.1,51.6],[949,51.7],[949,51.9],[949.1,52.2],[949.1,52.3],[949.1,52.4],[949.1,52.5],[949.1,52.7],[949.1,53],[949.1,53.1],[949.1,53.4],[949.2,53.6],[949.2,53.7],[949.3,53.9],[949.2,53.9],[949.4,54.1],[949.5,54.1],[949.5,54.2],[949.6,54.3],[949.7,54.4],[949.7,55.5],[949.7,55.6],[949.7,55.7],[949.6,55.8],[949.7,56.4],[949.9,56.5],[950,57.2],[950,57.3],[949.4,57.8],[949.3,57.8],[949.2,57.9],[949.3,58.4],[949.3,58.6],[949.4,59.2],[949.4,59.3],[949.2,59.6],[949.1,59.7],[949.2,59.8],[949.2,60],[949.3,60],[949.3,60.2],[949.5,60.4],[949.6,60.7],[949.7,60.9],[949.7,61],[950.2,61.3],[950.3,61.5],[950.3,61.6],[950.3,61.8],[950.4,61.8],[951.3,62.3],[951.4,62.3],[951.5,62.3],[951.6,62.3],[951.7,62.2],[952.5,62.1],[953,62],[953.4,61.9],[954.2,61.7],[954.4,61.7],[954.6,61.6],[954.9,61.5],[955.1,61.5],[955.4,61.5],[955.5,61.4],[955.9,61.3],[956.2,61.2],[956.4,61.2],[956.8,61.2],[957.1,61.1],[957.3,61],[957.8,61],[958.1,60.9],[958.2,60.9],[958.4,60.8],[958.7,60.7],[959.1,60.7],[959.6,60.5],[960.6,60.3],[961,60.2],[961.1,60.2],[961.3,60.1],[961.6,60.1],[962,60],[962.1,60],[962.4,59.9],[962.7,59.8],[962.9,59.8],[963.2,59.7],[963.6,59.6],[963.8,59.6],[963.9,59.5],[964.7,59.4],[965.3,59.3],[965.5,59.2],[965.8,59.1],[966,59.1],[966.4,59],[966.9,58.9],[967.5,58.7],[967.6,58.7],[967.8,58.7],[968.3,58.6],[968.3,58.4],[968.4,58.2],[968.4,58.1],[968.6,57.7],[968.7,57.6],[968.8,57.4],[969,57.3],[969.2,57.3],[969.3,57.3],[969.4,57.3],[969.5,57.3],[969.7,57.3],[969.6,57],[969.5,56.7],[969.3,56.3],[969.3,56.2],[969.5,55.9],[969.7,55.7],[969.8,55.6],[970.2,55.5],[970.4,55.5],[971,55.5],[971,55.1],[971,55],[971,54.7],[971.1,54.6],[971.4,54.2],[971.7,54.1],[971.8,54],[972,53.9],[972.1,53.9],[972.1,53.8],[972.3,53.7],[972.4,53.6],[972.5,53.4],[972.9,53.3],[973.2,53.3],[973.5,53.4],[973.5,53.5],[973.8,53.6],[974,53.5],[974.1,53.3],[975.4,52.9],[975.2,51.8],[977.5,51.4],[976.9,50.6],[976.6,50.4],[974.9,49.3],[974.8,49],[974.7,48.8],[974.3,49],[974.2,48.9],[973.8,48.7],[973.7,48.7],[973.5,48.7],[973.2,48.5],[973.1,48.4],[972.9,48.3],[972.7,48.3],[972.4,47.4],[972.5,47.3],[972.4,47.1],[972.4,46.9],[972.4,46.8],[972.4,46.5],[972.4,46.4],[972.3,46.1],[972.3,46],[972.2,46],[972.1,46],[972.1,45.9],[972,45.9],[971.9,46],[971.9,45.9],[971.8,45.9],[971.7,45.8],[971.5,45.6],[971.4,45.6],[971,45.4],[970.8,45.4],[970.7,45.1],[970.6,45.1],[970.2,44.8],[970.2,44.7],[970.1,44.5],[969.8,44.7],[969.7,44.5],[969.5,44.5],[969.4,44.3],[969.1,43.9],[969.1,43.8],[969,43.6],[969,43.5],[969,43.4],[968.9,43.3],[968.9,43.2],[969,42.7],[969.1,42.7],[968.9,42],[968.7,42],[968.7,41.9],[968.8,41.9],[968.8,41.8],[968.7,41.6],[968.8,41.6],[968.8,41.4],[968.8,41.2],[968.8,41.1],[968.8,41],[968.8,40.9],[968.7,40.9],[968.7,40.8],[968.6,40.8],[968.7,40.5],[968.3,40.1],[968.2,39.9],[968.1,39.7],[968,39.2],[968,39.1],[967.8,38.8],[967.6,38.1],[967.4,37.3],[967.2,36.6],[966.9,35.7],[966.8,35.7],[966.7,35.1],[966.5,34.7],[966.4,34.3],[966.2,33.7],[966.2,33.5],[966.1,33.3],[966,32.9],[965.9,32.5],[965.8,32.1],[965.6,31.7],[965.6,31.5],[965.5,31.2],[965.4,30.9],[965.4,30.8],[965.3,30.5],[965.1,30],[965,29.8],[965,29.5],[964.8,29.1],[964.7,28.5],[964.4,27.8],[964.4,27.5],[964.3,27.3],[964.3,27.2],[964.2,27.1],[964.2,27],[964.2,26.9],[964.2,26.7],[964.1,26.5],[964,26.4],[963.9,26.1],[963.9,25.8],[963.6,25.2],[963.6,24.9],[963.5,24.7],[963.3,24.1],[963.2,23.8],[963,23.2],[962.9,22.7],[962.7,22.2],[962.6,21.9],[962.5,21.3],[962.3,20.9],[962.1,20.3],[962.1,20.1],[961.9,19.3],[961.7,19.1],[961.4,18.1],[961.3,17.9],[961.3,17.8],[961,17],[960.7,15.9],[960.5,15.3],[960.5,15.2],[960.4,15],[960.4,14.9],[960.3,14.8],[960.3,14.7],[960.2,14.6],[959.9,13.3],[959.6,12.6],[959.5,12.4],[959.4,12.2],[959.2,11.3],[958.7,9.8],[958.5,9.3],[958.3,8.7],[958.1,7.9],[957.9,7.2],[957.6,6.7],[957.5,6.3],[957.1,7.6],[955.8,7.9],[954.7,7.1],[954,8.3],[953.7,9.4],[953.7,11.2],[953.1,12.4],[953.3,13.6],[953.7,13.5],[953.5,13.8],[953.4,13.8],[953.1,13.7],[953.1,13.9],[952.9,13.9],[952.9,14],[952.8,14.1],[952.8,14.2],[952.8,14.3],[952.9,14.3],[952.9,14.4],[953,14.4],[953.1,14.4],[953.1,14.5],[953.1,14.6],[953.2,14.5],[953.4,15],[953.4,15.1],[953.9,15.6],[953.9,15.7],[953.8,15.7],[953.8,15.8],[953.7,15.9],[953.7,16.3],[953.6,16.3],[953.6,16.4],[953.6,16.5],[953.5,16.5],[953.5,16.6],[953.4,16.6],[953.4,16.7],[953.4,16.8],[953.4,16.9],[953.4,17.4],[953.4,17.6],[953.2,17.6],[953.2,17.7],[953.2,17.8],[953.3,17.8],[953.4,17.9],[953.4,18],[953.4,18.1],[953.4,18.2],[953.4,18.3],[953.4,18.4],[953.3,18.4],[953.2,18.4],[953.1,18.4],[953.1,18.5],[953.1,18.6],[953.1,18.7],[953.1,18.8],[952.8,19.2],[952.8,19.3],[952.9,19.3],[952.9,19.4],[952.9,19.5],[953,19.6],[953,19.7],[953.1,19.6],[953.1,19.8],[953.2,19.8],[953.3,19.9],[953.9,20.9],[953.9,21],[954,21],[954,20.9],[954.1,21],[954.2,21],[954.5,21.4],[954.6,21.4],[954.6,21.5],[954.5,21.5],[954.5,21.6],[954.5,21.7],[954.6,21.8],[954.5,21.9],[954.5,22],[954.6,22],[954.7,21.9],[954.9,22.1],[955,22.1],[954.8,22.4],[954.9,22.5],[954.8,22.5],[954.8,22.6],[954.8,22.7],[954.2,22.8],[954.5,23.1],[954.6,23.2],[954.7,23.2],[954.8,23.9],[954.8,24],[954.6,24.1],[954.6,24.2],[954.6,24.3],[954.6,24.4],[954.5,24.4],[954.4,24.4],[954.3,24.4],[954.3,24.5],[954.3,24.6],[954.2,24.6],[953.9,25.4],[953.9,25.5],[953.7,26],[953.6,26.1],[953.5,26.2],[953.4,26.3],[953.1,26.3],[953.1,26.5],[952.7,26.5],[952.6,26.6],[952,27.9],[951.9,28.1],[951.8,28.1],[951,28.2],[949.7,29],[949.7,29.1],[949.4,29.2],[949.3,29.8],[949.2,29.9],[949.1,30.1],[949.1,30.3],[949.3,30.5],[949.3,30.6],[949.4,30.7],[949.4,30.8],[949.5,30.8],[949.5,30.9],[949.5,31],[949.5,31.1],[949.5,31.2],[949.6,31.3],[949.6,31.4],[949.5,31.5],[949.6,31.5],[949.5,31.7],[949.5,31.9],[950,32.5],[950.1,32.5],[950.1,32.6],[950.1,32.7],[950.1,32.8],[950.1,33.2],[950.1,33.4],[950.2,33.5],[950.2,33.6],[950.3,33.7],[950.3,33.6],[950.3,33.5],[950.4,33.5],[950.5,33.5],[950.5,33.6],[950.5,33.7],[950.5,33.8],[950.4,33.8],[950.3,33.8],[950.3,33.9],[950.4,33.9],[950.5,33.9],[950.5,34],[950.4,34],[950.3,34.1],[950.3,34.2],[950.4,34.2],[950.4,34.3],[950.2,34.5],[950.2,34.6],[950.3,34.6],[950.3,34.7],[950.1,34.8],[950.1,34.9],[950.2,35],[950.2,35.1],[950,35.4],[949.9,35.9],[949.8,36],[950,36.4],[950,36.5],[950.2,36.6],[950.3,36.7],[950.1,37.6],[950,37.7],[949.9,37.8],[949.8,37.9],[949.7,38],[949.7,38.1],[949.7,38.3],[949.6,38.3],[949.6,38.4],[949.6,38.5],[949.7,38.5],[949.7,38.6],[949.7,38.7],[949.6,38.7],[949.5,38.8],[949.5,38.9],[949.5,39],[949.6,39.1],[949.7,39.1],[949.7,39.2],[949.7,39.4],[949.7,39.5],[949.7,39.6],[949.7,39.7],[949.8,39.8],[949.8,39.9],[949.8,40],[949.7,40],[949.7,40.1],[949.7,40.2],[949.7,40.3],[949.7,40.4],[949.6,40.4],[949.6,40.5],[949.7,40.5],[949.7,40.6],[949.7,40.7],[949.7,40.8],[949.6,40.8],[949.5,40.8],[949.5,40.9],[949.5,41],[949.5,41.1],[949.4,41.1],[949.4,41.2],[949.1,41.6],[949,41.7],[948.8,41.9],[948.8,42],[948.7,42.4],[948.7,42.5],[948.6,42.5],[948.7,42.6],[948.7,42.8],[948.8,43.1],[948.8,43.3],[948.8,43.5],[948.8,43.6],[948.8,43.7],[948.6,43.8],[948.6,44],[948.8,44.4],[948.8,44.5],[948.6,44.8],[948.5,44.9],[948.4,44.9],[948.3,45.1],[948.2,45.2],[948.2,45.4]],[[950,35.4],[950.1,35.5],[950,35.5],[950,35.4]]]]}},{"type":"Feature","properties":{"st":"NJ","fips":"34","name":"New Jersey","seats":12,"seats_2000":13,"seats_2010":12,"seats_2020":12,"seats_2030":12,"label_x":911,"label_y":284.7},"geometry":{"type":"MultiPolygon","coordinates":[[[[891,302.7],[890.4,302.9],[889.6,303.3],[888.9,303.3],[888.5,303.5],[887.8,303.7],[887.6,304.1],[887.4,304.2],[886.8,305],[886.1,305.9],[885.5,306.7],[885.1,307.4],[884.4,308.4],[884,309.7],[884,310.2],[884,310.8],[884,311.2],[884,311.6],[883.5,311.9],[883.5,312.1],[883.3,312.5],[883.1,312.7],[882.9,312.9],[883.1,313.1],[883.1,313.2],[883.1,313.4],[883.1,313.6],[883.1,314],[883.1,314.2],[882.9,314.7],[882.7,314.9],[882.5,315.5],[882.3,315.7],[882,316.2],[882.1,317.7],[882.3,317.9],[882.5,317.9],[882.5,318.1],[882.9,318.3],[883.1,318.3],[883.3,318.3],[883.5,318.5],[883.6,318.7],[883.8,318.7],[884,318.7],[884,318.9],[884.2,319.6],[884.2,320],[884.2,320.2],[884,320.6],[883.8,320.7],[883.8,320.9],[883.8,321.1],[884,321.1],[884,321.3],[884.2,321.3],[884.2,321.5],[884.2,321.7],[884.2,321.9],[884.2,322.1],[884.2,322.2],[884.2,322.4],[884.4,322.6],[884.4,322.8],[884.6,323],[884.4,323],[883.8,323.2],[883.3,323.4],[883.3,324.1],[883.6,325.4],[885.1,326.6],[895.3,333.9],[896.4,335],[905.4,345.1],[906.5,346.8],[912.3,354.7],[915.5,349.4],[918.9,347.2],[921.3,342.7],[921.5,340.8],[923.4,336.3],[923,334.8],[925.3,328.8],[927.9,323.7],[931.5,321.7],[934.1,315.9],[937.8,302.7],[939,297.1],[937.6,285.3],[937.6,278.9],[938,269.4],[937.6,265.8],[935.8,258.5],[932,257.7],[929.8,258.9],[925.6,260.9],[923.2,262.1],[921.9,261.5],[921.7,261.3],[921.5,260.7],[921.9,260],[921.9,259.8],[921.5,259.1],[921.9,257.9],[922.5,257.9],[922.6,257.7],[922.6,257],[922.6,256.2],[922.6,256.1],[922.6,255.7],[922.3,254],[922.3,253.8],[922.5,253.4],[922.8,253.1],[923.8,253.1],[924.3,252.9],[924.7,252.9],[925.5,252.3],[926.2,252.3],[926.4,251.9],[927.5,251.8],[927.5,251.6],[927.7,251.2],[928.1,248.9],[927.9,247.6],[927.9,246.9],[927.9,246.7],[927.9,246.3],[927.9,245.9],[927.9,245.6],[928.1,245],[928.3,244.4],[928.3,244.3],[928.5,244.1],[928.5,243.9],[928.5,243.7],[928.5,243.5],[928.6,242.9],[928.8,242.6],[928.8,242.2],[929,242],[929,241.8],[929,240.9],[929,240.7],[929.2,240.1],[929.4,239],[929.4,238.6],[929.6,236.9],[929.6,236.4],[929.6,235.4],[929.6,233.6],[929.6,232.8],[929.2,232.8],[928.8,232.8],[928.5,232.6],[928.3,232.6],[927.7,232.3],[927.3,232.3],[927.1,232.3],[926.8,232.1],[926,231.9],[925.3,231.7],[925.1,231.5],[924.5,231.3],[924.1,231.3],[924,231.1],[923.4,230.9],[923,230.9],[922.8,230.8],[922.5,230.8],[922.1,230.6],[921.5,230.4],[920.8,230.2],[920.2,230],[919.6,229.8],[918.7,229.4],[918.5,229.4],[918.3,229.4],[918.1,229.4],[918,229.3],[917.8,229.3],[916.1,228.7],[915.7,228.7],[915,228.5],[915,228.3],[914.6,228.3],[914.2,228.1],[913.1,227.8],[911.4,227.2],[910.8,227],[909.7,226.8],[909.3,226.6],[908.6,226.3],[908,226.1],[907.1,225.7],[906.9,225.5],[906.3,225.5],[906.1,225.3],[905.4,225.1],[904.6,224.8],[903.9,224.6],[903.1,224.2],[902.8,224.2],[902,223.8],[901.5,223.6],[901.1,223.6],[900.9,223.4],[900.3,223.3],[899.4,222.9],[898.5,222.7],[897.9,222.5],[897.5,222.3],[896,221.8],[895.3,221.6],[895.1,221.6],[893.4,222.5],[893,222.5],[892.8,223.6],[892.6,223.8],[892.3,224],[891.7,224.4],[890.8,226.6],[890.8,226.8],[890.6,227],[890.6,227.2],[890.6,227.4],[890.6,227.6],[890.6,227.9],[890.6,228.1],[890.6,228.3],[890.4,228.3],[890.2,228.5],[890.2,228.7],[890.2,228.9],[890.2,229.1],[890.2,229.3],[890.2,229.4],[890.2,229.6],[890.2,229.8],[890.4,229.8],[890.6,229.8],[890.4,230.8],[890.2,230.9],[890.2,231.1],[890.2,231.7],[890,232.3],[888.3,235.3],[888.3,235.4],[887,237.5],[887,237.7],[888,237.1],[888,237.3],[885.9,240.9],[885.5,241.3],[882.9,243.9],[882.9,244.1],[882.9,244.3],[882.9,244.6],[883.5,244.8],[883.6,245],[883.6,245.2],[884.6,246.5],[885,246.9],[885.1,247.1],[885.7,247.3],[886.6,248.6],[886.6,248.8],[887.2,249.1],[887.4,249.3],[887.2,249.7],[886.6,250.6],[886.5,250.6],[886.1,250.6],[885.9,250.8],[885.9,251],[885.9,251.2],[886.1,251.4],[886.5,251.6],[886.5,251.9],[886.1,253.8],[885.7,254],[885.5,254],[885.5,254.2],[885.5,254.4],[885.3,254.6],[885.1,254.9],[885,254.9],[884.8,254.9],[883.8,254.9],[883.6,255.3],[883.6,255.9],[883.5,256.1],[883.3,256.2],[883.1,256.6],[883.6,257],[883.8,257.4],[883.8,257.6],[883.8,257.9],[883.8,258.1],[883.6,258.3],[883.6,258.7],[883.6,258.9],[883.5,259.4],[883.5,259.6],[883.6,260],[883.8,260.2],[884.4,260],[884.8,260.4],[884.6,260.7],[884.4,260.9],[884.2,261.1],[884.2,261.7],[884.2,261.9],[884.4,262.1],[884.8,262.6],[884.8,263],[884.4,263.4],[884.6,263.7],[884.8,263.7],[884.8,263.9],[885,264.1],[885.1,264.9],[885.1,265.1],[885.1,265.4],[885.5,265.6],[886.3,265.8],[886.5,265.8],[886.6,265.6],[887,265.2],[887.8,264.9],[888.1,264.9],[888.3,265.1],[888.9,265.1],[889.1,265.2],[890,266],[890.4,266],[890.6,266.7],[890.8,267.1],[890.8,267.5],[891.1,268.4],[891.1,269],[891.3,269.2],[891.1,269.6],[891.1,269.7],[891.3,269.9],[891.3,270.1],[891.1,270.3],[891.3,270.5],[891.3,270.7],[891.5,270.9],[891.5,271.1],[891.7,271.2],[891.7,271.4],[891.7,271.6],[891.9,271.8],[891.9,272],[892.3,272.4],[892.5,272.4],[892.6,272.4],[892.8,272.4],[892.8,272.6],[893,272.6],[893.6,272.7],[894.1,272.4],[894.9,272.2],[895.3,272.4],[895.8,272.6],[896,272.6],[896.6,273.3],[897,274.1],[897.1,274.2],[897.1,274.6],[897.3,275],[897.3,275.2],[897.5,275.4],[897.9,275.6],[898.6,275.9],[899.2,276.1],[899.6,276.1],[899.8,276.1],[900.1,276.5],[900.9,276.9],[901.3,277.4],[901.8,278.2],[902,278.6],[902.6,279.1],[903.1,279.3],[903.5,279.3],[903.5,279.5],[903.9,279.5],[905,279.9],[905.4,280.1],[905.6,280.4],[906.1,281],[906.3,281.4],[906.3,281.6],[906.5,281.6],[907.6,283.6],[907.5,284],[906.5,284.6],[906,285.1],[905.4,285.1],[904.6,284.9],[904.5,285.3],[904.3,285.7],[904.3,285.9],[903.5,287.2],[903.5,287.6],[903,287.7],[902.6,288.1],[902.6,288.3],[901.8,288.7],[901.6,288.7],[900.9,289.1],[900.1,289.8],[899.8,290],[899.6,290.4],[899,291.1],[898.8,291.5],[898.5,292.1],[898.3,292.2],[898.1,292.2],[897.7,292.4],[897.3,292.8],[897.1,293],[897,293.7],[896.8,294.3],[896.8,294.5],[896.4,294.9],[896.2,295.1],[894.5,296.6],[894.5,297.1],[894.7,297.9],[895.1,298.2],[895.1,298.4],[895.3,298.6],[895.3,298.8],[895.3,299],[895.3,299.2],[895.1,299.6],[895.1,299.7],[894.9,300.1],[894.7,300.3],[893.6,300.5],[893.2,300.9],[892.8,301.2],[892.3,302],[891.7,302.4],[891.3,302.6],[891,302.7]]]]}},{"type":"Feature","properties":{"st":"NM","fips":"35","name":"New Mexico","seats":3,"seats_2000":3,"seats_2010":3,"seats_2020":3,"seats_2030":3,"label_x":360.7,"label_y":483.8},"geometry":{"type":"MultiPolygon","coordinates":[[[[343.6,486.2],[343.5,486.6],[343.5,486.9],[343.2,488.7],[343.1,489.5],[343.1,489.9],[343,490.4],[343,490.5],[342.9,490.7],[342.8,491.8],[342.7,492.1],[342.7,492.6],[342.6,492.9],[342.6,493.1],[342.5,493.6],[342.5,493.7],[342.5,493.8],[342.5,494],[342.4,494.3],[342.4,494.6],[342.3,495.4],[342.3,495.5],[342.2,495.8],[342.2,496.3],[342.1,497],[341.9,498.3],[341.9,498.4],[341.8,498.8],[341.8,498.9],[341.7,499.5],[341.7,499.7],[341.7,499.8],[341.6,500.3],[341.5,500.9],[341.5,501.1],[341.4,501.4],[341.4,501.6],[341.4,501.7],[341.4,501.9],[341.2,503],[346.2,503.6],[346.6,500.5],[350.9,501.1],[353.4,501.4],[356.3,501.7],[356.4,501.7],[356.3,501.6],[356.3,501.5],[356.2,501.5],[356.1,501.5],[356,501.4],[355.9,501.4],[355.9,501.3],[356,501.3],[356,501.2],[355.9,501.2],[355.8,501.2],[355.8,501.1],[355.8,501],[355.8,500.9],[355.8,500.8],[355.9,500.7],[355.9,500.6],[355.9,500.5],[356,500.5],[355.9,500.4],[356,500.4],[355.9,500.3],[355.9,500.2],[356,500.2],[356.1,500.2],[356.2,500.2],[356.3,500.2],[356.6,500.2],[357,500.3],[357.2,500.3],[357.4,500.3],[357.7,500.3],[358,500.4],[358.9,500.5],[359.1,500.5],[360.1,500.6],[360.8,500.7],[361.6,500.8],[362.1,500.8],[363.1,500.9],[364,501],[364.2,501],[364.9,501.1],[365.4,501.1],[365.5,501.1],[366.3,501.2],[366.7,501.3],[366.9,501.3],[367.1,501.3],[367.7,501.3],[369.2,501.5],[369.3,501.5],[369.9,501.5],[370.2,501.6],[371,501.6],[371.2,501.6],[371.3,501.7],[371.5,501.7],[371.7,501.7],[372.6,501.8],[372.8,501.8],[373.6,501.8],[374,501.9],[374.5,501.9],[375.4,502],[375.5,502],[375.9,502],[376.3,502.1],[376.7,502.1],[376.7,501.9],[376.7,501.5],[376.7,501.4],[376.8,500.9],[376.8,500.4],[376.8,500],[376.9,498.6],[376.9,498.4],[377,498.2],[377,498],[377,497.8],[377,497.4],[377,497.3],[377,497.2],[377,497.1],[377,497],[377.1,497],[377.1,496.8],[377.1,496],[377.1,495.9],[377.1,495.7],[377.2,495.4],[377.2,495.3],[377.2,495.1],[377.2,494.9],[377.2,494.7],[377.2,494.6],[377.3,494.4],[377.3,493.7],[377.3,493.5],[377.4,493.1],[377.4,492.7],[377.5,492.1],[377.5,491.6],[377.5,491.5],[377.5,491.3],[377.5,491.2],[377.6,491.1],[377.6,490.9],[377.6,490.7],[377.6,490.5],[377.6,490.4],[377.6,490.1],[377.7,489.8],[377.7,489.6],[377.7,489.1],[377.7,489],[377.8,488.6],[377.8,488.3],[377.8,488.2],[377.9,487.6],[377.9,487.1],[377.9,486.6],[377.9,486.5],[378,485.6],[378,485.5],[378,485.4],[378.1,484.6],[378.2,483.7],[378.2,483.4],[378.2,483.2],[378.2,483.1],[378.2,483],[378.2,482.8],[378.2,482.7],[378.2,482.6],[378.3,481.9],[378.3,481.8],[378.3,481.6],[378.3,481.5],[378.3,481.3],[378.4,480.5],[378.4,480],[378.4,479.8],[378.6,477.9],[378.6,477.3],[378.7,477.1],[378.7,476.8],[378.7,476.5],[378.7,476.2],[378.8,475.8],[378.8,475.6],[378.8,475.2],[378.8,475],[378.8,474.8],[378.9,474.3],[378.9,474],[378.9,473.5],[379,472.9],[379,472.8],[379,472.7],[379,472.2],[379,471.9],[379.1,471.7],[379.1,471.4],[379.1,471.2],[379.3,470.9],[379.4,470.8],[379.4,470.5],[379.4,470.3],[379.4,470.1],[379.4,470],[379.4,469.7],[379.5,469.3],[379.5,469.2],[379.5,468.9],[379.6,468.1],[379.6,467.4],[379.4,467.4],[379.1,467.4],[378.9,467.4],[378.3,467.3],[377.7,467.3],[377.2,467.3],[376.9,467.2],[376.5,467.2],[376.2,467.2],[375.9,467.2],[375.8,467.2],[375.3,467.1],[374.9,467.1],[374.6,467.1],[373.6,467],[373.5,467],[372.9,466.9],[372.8,466.9],[372.5,466.9],[372.4,466.9],[372.1,466.9],[371.7,466.8],[371.5,466.8],[370.7,466.8],[370.6,466.7],[370.1,466.7],[369.4,466.6],[368.5,466.6],[368.4,466.5],[367.9,466.5],[367.8,466.5],[367.5,466.4],[366.7,466.4],[366.4,466.3],[366,466.3],[365.8,466.3],[365.3,466.2],[364.8,466.2],[364.6,466.1],[364.4,466.1],[364.2,466.1],[363.9,466.1],[363.7,466.1],[363.4,466],[363.2,466],[363,466],[362.9,466],[362.7,466],[362.5,465.9],[362.3,465.9],[362,465.9],[361.9,465.9],[361.7,465.9],[361.5,465.8],[361,465.8],[360.5,465.7],[360.3,465.7],[359.6,465.6],[359.3,465.6],[359.1,465.6],[359,465.6],[358.7,465.5],[358.4,465.5],[358.3,465.4],[358.2,465.4],[357.6,465.4],[357.2,465.3],[356.7,465.2],[356.1,465.2],[355.9,465.2],[355.6,465.1],[355.4,465.1],[355.3,465.1],[355.2,465.1],[355.1,465.1],[354.9,465],[354.6,465],[354.5,465],[354.3,465],[354.1,464.9],[353.6,464.9],[353.1,464.8],[353,464.8],[352.8,464.8],[352.7,464.8],[352.4,464.7],[351.8,464.7],[351.3,464.6],[351.2,464.6],[350.7,464.5],[349.3,464.3],[349.2,464.3],[348.6,464.2],[348.3,464.2],[348,464.2],[347.7,464.1],[347.6,464.1],[346.9,464],[346.7,464],[346.6,464],[346.6,464.2],[346.6,464.4],[346.5,464.8],[346.5,464.9],[346.5,465.1],[346.4,465.5],[346.3,466.2],[346.3,466.6],[346.3,466.7],[346.3,466.8],[346.2,467.1],[346.2,467.2],[346.1,467.7],[346.1,467.9],[346,468.3],[346,468.5],[346,468.6],[346,468.7],[345.9,469.1],[345.9,469.3],[345.9,469.4],[345.9,469.5],[345.9,469.7],[345.8,469.9],[345.8,470.3],[345.8,470.4],[345.7,470.8],[345.7,471],[345.6,471.3],[345.6,471.5],[345.5,472.1],[345.5,472.2],[345.5,472.3],[345.5,472.4],[345.5,472.5],[345.4,472.7],[345.4,472.9],[345.4,473.2],[345.4,473.3],[345.3,473.7],[345.3,473.9],[345.2,474.5],[345.2,474.6],[345.1,475],[345.1,475.1],[345.1,475.3],[345,475.8],[345,476.1],[345,476.3],[344.9,476.4],[344.9,476.5],[344.9,476.9],[344.8,477.2],[344.8,477.6],[344.7,478.5],[344.6,478.6],[344.6,478.9],[344.6,479],[344.6,479.2],[344.5,479.5],[344.5,479.6],[344.5,479.9],[344.4,480.5],[344.3,480.7],[344.3,481],[344.3,481.4],[344.2,481.8],[344.2,482.1],[344.1,482.4],[344.1,482.7],[343.9,483.5],[343.9,483.6],[343.9,483.9],[343.8,484.2],[343.7,484.8],[343.7,485.1],[343.7,485.2],[343.7,485.4],[343.6,485.6],[343.6,485.8],[343.6,486.2]]]]}},{"type":"Feature","properties":{"st":"NV","fips":"32","name":"Nevada","seats":4,"seats_2000":3,"seats_2010":4,"seats_2020":4,"seats_2030":4,"label_x":240.8,"label_y":313.3},"geometry":{"type":"MultiPolygon","coordinates":[[[[247.3,342.8],[247.4,342.5],[247.9,342.5],[248.6,342.3],[249,342.6],[249.6,342.6],[249.9,342.6],[250.5,343.9],[251.1,343.9],[251.2,343.9],[252.1,342.5],[252.2,342.2],[252.3,341.6],[252.4,341.4],[252.4,341.3],[252.4,341.1],[252.6,339.9],[252.7,339.6],[252.8,339],[253,338.1],[253.1,337.6],[253.1,337.5],[253.1,337.4],[253.4,336],[254.2,331.7],[254.2,331.4],[254.3,331.2],[254.3,331.1],[254.3,331],[254.3,330.8],[254.4,330.7],[254.4,330.6],[254.5,330.3],[254.5,330],[254.5,329.7],[254.7,329.3],[254.7,329.1],[254.7,329],[254.9,328.3],[254.9,328.1],[254.9,327.8],[255,327.4],[255.1,327.2],[255.1,326.9],[255.3,326],[255.3,325.7],[255.5,325.2],[255.5,324.6],[255.6,324.4],[255.7,323.9],[255.8,323.6],[256,322.3],[256,322.1],[256.1,322],[256.2,321.2],[256.2,321],[256.3,320.8],[256.3,320.6],[256.4,320.2],[256.5,319.8],[256.6,319.3],[256.6,319],[256.6,318.9],[256.9,317.8],[256.9,317.4],[257.1,316.6],[257.2,316.2],[257.3,315.9],[257.3,315.7],[257.3,315.6],[257.4,315.3],[257.5,314.4],[257.6,313.9],[257.6,313.8],[257.7,313.5],[257.7,313.3],[257.8,312.9],[257.9,312.7],[258,312.3],[258,312],[258,311.8],[258.1,311.3],[258.2,311.1],[258.3,310.6],[258.3,310.4],[258.4,309.9],[258.5,309.2],[258.6,309],[258.6,308.7],[258.7,308.4],[258.8,308],[258.8,307.9],[258.8,307.8],[258.9,307.6],[258.9,307.5],[259,307],[259.1,306.3],[259.2,306.1],[259.4,305.1],[259.4,305],[259.4,304.6],[259.5,304.1],[259.7,303.5],[259.8,303],[259.8,302.8],[259.8,302.7],[259.8,302.6],[260,302],[260,301.7],[260.1,301.2],[260.2,300.7],[260.2,300.6],[260.3,300.3],[260.4,300],[260.4,299.8],[260.4,299.6],[260.5,299.3],[260.6,298.8],[260.6,298.7],[260.7,298],[260.8,297.6],[260.9,297.3],[260.9,296.9],[261,296.7],[261.1,296.4],[261.2,295.6],[261.2,295.5],[261.2,295.3],[261.3,295.1],[261.3,295],[261.4,294.7],[261.4,294.6],[261.3,294.6],[260.9,294.5],[260.7,294.5],[260.4,294.4],[260.3,294.4],[260.2,294.4],[260.1,294.3],[259.9,294.3],[259.8,294.3],[259.5,294.2],[259.3,294.2],[259,294.1],[258.7,294.1],[258.6,294],[258.4,294],[258.2,294],[258,293.9],[257.7,293.9],[257.6,293.8],[257.5,293.8],[257.3,293.8],[256.8,293.6],[256.7,293.6],[256.6,293.6],[256.4,293.5],[256.2,293.5],[256,293.5],[255.9,293.5],[255.8,293.5],[255.3,293.4],[255.1,293.3],[254.7,293.2],[254.6,293.2],[254.2,293.1],[254,293.1],[253.8,293.1],[253.6,293],[253.5,293],[253.3,293],[253.1,292.9],[252.9,292.9],[252.8,292.8],[252.6,292.8],[252.5,292.8],[252.4,292.8],[252,292.7],[251.6,292.6],[251.5,292.6],[251.3,292.5],[251.2,292.5],[251.1,292.5],[251,292.5],[250.9,292.5],[250.8,292.5],[250.5,292.4],[250.4,292.4],[250.3,292.3],[250,292.3],[249.8,292.2],[249.6,292.2],[249.4,292.1],[249.3,292.1],[249.1,292.1],[248.6,292],[248.5,291.9],[248.4,291.9],[248.3,291.9],[247.6,291.8],[247.4,291.7],[247.2,291.7],[247,291.6],[246.6,291.5],[245.9,291.4],[245.6,291.3],[245.1,291.2],[244.9,291.1],[244.7,291.1],[244.1,291],[243.4,290.8],[243.3,290.8],[240.4,290.1],[240.3,290.1],[239.7,290],[239.6,289.9],[239.5,289.9],[239.1,289.8],[238.8,289.8],[237.9,289.6],[237.6,289.5],[237.4,289.4],[236.7,289.3],[236.6,289.3],[236.2,289.2],[235.9,289.1],[235.6,289],[235.5,289],[235.1,288.9],[235,288.9],[234.8,288.8],[234.1,288.7],[234,288.7],[233.6,288.6],[233.5,288.6],[233.3,288.5],[233.1,288.5],[233,288.4],[232.8,288.4],[232.5,288.3],[232.1,288.2],[230.7,287.9],[230.4,287.8],[230.1,287.7],[230,287.7],[229.4,287.5],[229.3,287.5],[229.1,287.4],[228.9,287.4],[228.4,287.3],[227.9,287.1],[227.5,287],[227.3,287],[227.1,286.9],[227,286.9],[226.7,286.8],[226.4,286.7],[225.7,286.6],[225.6,286.5],[225.5,286.5],[225.4,286.5],[225.1,287.5],[224.9,288.5],[224.8,288.7],[224.7,289.2],[224.4,290],[224.4,290.4],[224.3,290.5],[224.3,290.8],[224,292],[223.8,292.6],[223.8,292.7],[223.6,293.3],[223.5,293.6],[223.3,294.6],[223.1,295.3],[223,295.6],[223,295.7],[222.9,296.1],[222.8,296.5],[222.7,296.6],[222.6,297.4],[222.4,297.9],[222.1,299.2],[222,299.7],[221.8,300.5],[221.7,300.9],[221.6,301.4],[221.5,301.5],[221.5,301.6],[221.4,302],[221.3,302.2],[221.2,302.8],[221.1,303.2],[221,303.5],[220.9,303.8],[220.8,304.2],[220.7,304.4],[220.7,304.6],[220.6,304.8],[220.6,305],[220.5,305.4],[220.4,305.6],[220.3,306],[220.2,306.5],[220.2,306.6],[220.2,306.7],[220.1,306.8],[220,307.1],[219.8,307.9],[219.6,308.7],[219.5,309.1],[219.4,309.4],[219.3,310],[219,311],[219.3,311.3],[219.3,311.4],[219.4,311.5],[219.6,311.8],[219.9,312.2],[220,312.3],[220.1,312.5],[220.3,312.7],[220.4,312.9],[220.5,313.2],[220.6,313.2],[220.7,313.4],[220.8,313.6],[221,313.8],[221.2,314.2],[221.3,314.2],[221.3,314.4],[221.5,314.6],[221.6,314.8],[221.7,314.9],[221.8,315.1],[222,315.4],[222.1,315.5],[222.2,315.6],[222.3,315.8],[222.5,316.2],[222.7,316.5],[222.9,316.7],[223.5,317.6],[223.8,318],[224.2,318.6],[224.3,318.8],[224.5,319.1],[224.9,319.7],[225,319.9],[226.7,322.4],[226.9,322.7],[228.2,324.7],[228.6,325.3],[228.7,325.4],[228.9,325.6],[229,325.8],[229.2,326.1],[229.3,326.4],[229.7,326.9],[230.1,327.5],[230.5,328.1],[230.6,328.3],[230.7,328.4],[231,328.8],[231.1,329],[231.4,329.4],[231.7,329.8],[232.7,331.4],[232.9,331.7],[233,331.8],[233.1,332.1],[234.1,333.4],[234.3,333.8],[234.6,334.2],[235,334.8],[235.2,335.1],[236,336.3],[236.5,337],[236.6,337.3],[236.9,337.7],[237.1,338],[237.8,339],[238,339.3],[238.2,339.6],[238.4,339.9],[238.4,340],[238.6,340.2],[238.7,340.5],[239.1,340.9],[239.3,341.2],[239.7,341.9],[239.8,342.1],[239.9,342.2],[240.2,342.6],[240.6,343.2],[240.7,343.3],[240.9,343.7],[241,343.9],[241.4,344.5],[241.8,345],[242.1,345.5],[242.2,345.6],[242.3,345.7],[242.4,345.9],[242.6,346.2],[242.8,346.6],[243,346.7],[243.2,347.1],[243.5,347.5],[243.8,348.1],[243.9,348.1],[244,348.3],[244.4,348.8],[244.4,348.9],[244.6,349.2],[244.9,349.6],[245.1,350],[245.2,350.1],[245.4,350.4],[245.5,350.5],[245.7,350.8],[245.8,351],[245.9,351.2],[246,351.3],[246.1,351.4],[246.2,351.6],[246.3,351.7],[246.3,351.6],[246.3,351.5],[246.4,351.4],[246.6,351.2],[246.6,351.1],[246.4,351],[246.4,350.9],[246.4,350.8],[246.5,350.8],[246.6,350.8],[246.7,350.8],[246.8,350.8],[246.9,350.8],[246.9,350.7],[246.9,350.6],[247,350.4],[247,350.3],[247,350.2],[247,349.6],[247,349.5],[247,348.7],[247,348.6],[247,348.5],[247,348.4],[246.8,348],[246.8,347.9],[246.8,347.6],[246.8,347.5],[247,347.3],[247.1,346.9],[247.1,346.8],[247,346.1],[247.1,346.1],[247,345.8],[247.2,344.8],[247.3,344.8],[247.5,344.5],[247.3,344.3],[247.3,344.2],[247.3,344.1],[247.2,343.6],[247.3,343.3],[247.3,343.2],[247.3,342.8]]]]}},{"type":"Feature","properties":{"st":"NY","fips":"36","name":"New York","seats":26,"seats_2000":29,"seats_2010":27,"seats_2020":26,"seats_2030":24,"label_x":866.3,"label_y":137.9},"geometry":{"type":"MultiPolygon","coordinates":[[[[912.6,107.8],[912.5,107.8],[912.5,107.7],[912.4,107.7],[912.4,107.6],[912.4,107.5],[912.3,107.5],[912.4,107.4],[912.3,107.3],[912.2,107.3],[912.2,107.1],[912.1,107],[912,107],[911.6,106.9],[911.5,106.9],[911.5,106.8],[911.4,106.8],[911.3,106.8],[911.2,106.9],[911.2,106.8],[911.2,106.7],[911.2,106.6],[911.1,106.3],[911.1,106.2],[911.1,106],[911,105.9],[910.9,105.9],[910.7,105.9],[910.7,105.7],[910.7,105.6],[910.6,105.5],[910.6,105.4],[910.2,105.6],[910.1,105.6],[910,105.6],[909.9,105.7],[909.8,105.7],[909.8,105.8],[909.6,105.8],[909.6,105.7],[909.5,105.7],[909.3,106],[909.3,106.3],[909.2,106.4],[909.3,106.4],[909.3,106.6],[909.3,106.7],[909.2,106.7],[909.2,106.8],[909.2,106.9],[909.1,106.9],[909.1,107],[909.2,107],[909.3,107],[909.2,107.1],[909.2,107.3],[909.3,107.3],[909.3,107.4],[909.2,107.5],[909.2,107.6],[909.1,107.6],[909.1,107.7],[909,107.7],[908.4,107.4],[908.3,107.4],[908.1,104.6],[908.1,104.4],[908.2,103.8],[908.2,103.7],[908.7,101.5],[907.8,100.5],[907.7,100.4],[907.4,99.2],[907.3,99.1],[906.4,97.3],[906.3,97.1],[906.2,96.9],[905.7,94.5],[905.6,94.3],[905.1,94],[904.9,93.8],[904.7,92.7],[904.8,92.1],[904.9,91.8],[904.9,91.6],[904.8,89.5],[904.8,89.3],[905.3,87.8],[905.5,87.6],[905.8,86.8],[905.9,86.6],[905.2,85.1],[905.1,84.6],[905.1,84.5],[904.9,84.2],[905,81.7],[905,81.2],[904.7,80.4],[904.6,80.2],[903.9,79.2],[903.8,79.1],[903.2,78.5],[903.2,78.3],[902.7,78],[901.7,76.4],[901.6,76],[901.7,74.8],[901.7,74.7],[901.7,74.6],[901.5,72.3],[901.5,72.2],[901.5,72.1],[901.5,70.7],[901.3,70.6],[900.7,70.3],[900.6,70.2],[900.4,68.5],[900.3,68.3],[900.5,67.6],[900.6,67.5],[900.6,67.4],[899.8,65.7],[899.8,65.4],[899.8,65.2],[899.8,65.1],[899.8,64.7],[893.4,66.5],[888.7,67.6],[883.2,69.3],[879.2,70.2],[871.8,71.6],[870.9,72.2],[868.7,71.8],[867.3,73.2],[865.9,73.5],[864.3,75.6],[860.4,78.8],[856.5,84.3],[852.3,91],[851.6,93.8],[849.4,96.9],[848.7,97.1],[847.5,97.9],[845.3,99.9],[845.5,101.1],[844,102.5],[842.7,103],[842.1,105.1],[840.6,106.7],[839.9,109.8],[836.4,120.3],[836.3,122],[823,124.7],[807,127.8],[799.7,129.1],[795,129.9],[793.8,131],[784.8,137.5],[788.6,142.3],[789,142.8],[790,146.1],[789.6,148.2],[791.1,148.3],[791.5,150.7],[793.5,151.3],[794.1,152.2],[794,154.5],[793.6,155],[792.8,156.1],[777.6,167.7],[778.3,171.9],[778.9,175.1],[779,176.1],[779.1,176.3],[779.1,176.7],[779.3,177.8],[779.4,178.8],[779.8,180.6],[780,182],[780.2,183.3],[782.1,183],[783.3,182.7],[783.4,182.7],[783.6,182.7],[784.1,182.6],[784.7,182.5],[785,182.5],[785.4,182.4],[785.7,182.4],[785.9,182.3],[786.8,182.2],[787.3,182.1],[788,182],[788.5,181.9],[789,181.7],[790.6,181.5],[791.2,181.4],[791.5,181.3],[791.9,181.3],[792.3,181.2],[793,181.1],[793.7,181],[793.9,180.9],[794.2,180.9],[796,180.5],[797.8,180.2],[798,180.2],[798.4,180.1],[798.5,180.1],[799.6,179.9],[801.2,179.6],[805.3,178.8],[805.6,178.8],[806.9,178.5],[807.8,178.3],[808.3,178.2],[808.9,178.1],[809.5,178],[810.1,177.9],[810.8,177.8],[811.3,177.7],[811.4,177.7],[811.5,177.7],[811.7,177.7],[812.1,177.5],[813,177.3],[813.3,177.3],[813.8,177.2],[814.9,177],[815.3,176.9],[816.5,176.7],[818.1,176.4],[818.6,176.3],[819.6,176.1],[820,176],[820.2,176],[820.6,176],[822.1,175.7],[822.3,175.7],[823.2,175.5],[824.3,175.2],[825,175.1],[825.3,175],[825.6,175],[826.1,174.9],[826.9,174.7],[827.3,174.6],[827.7,174.6],[828.2,174.5],[828.9,174.3],[830.2,174],[830.5,174],[830.7,173.9],[832,173.7],[832.6,173.6],[833.3,173.5],[833.8,173.4],[834.3,173.2],[834.6,173.1],[835.6,172.9],[836.4,172.8],[836.8,172.7],[837.4,172.6],[837.7,172.6],[838.3,172.5],[838.4,172.5],[838.5,172.4],[838.8,172.4],[839.1,172.3],[839.9,172.1],[841,171.8],[842,171.6],[842.6,171.5],[842.8,171.5],[842.9,171.5],[843.4,171.4],[844.2,171.1],[845,171],[845.3,170.9],[846,170.8],[846.9,170.6],[847,170.6],[847.1,170.6],[847.2,170.6],[847.3,170.6],[847.3,170.5],[847.7,170.5],[849.1,170.2],[849.4,170.2],[849.6,170],[850.2,169.9],[851.1,169.8],[851.2,169.8],[851.6,169.7],[851.7,169.7],[852.4,169.6],[852.9,169.5],[853,169.4],[853.5,169.4],[854.7,169.1],[855,169.1],[855.7,168.9],[856.5,168.7],[856.9,168.6],[857.1,168.6],[857.3,168.5],[857.9,168.4],[858.3,168.3],[858.8,168.3],[859.9,168.1],[860.3,167.9],[860.4,167.8],[861.3,167.7],[861.9,167.6],[863.2,167.3],[863.3,167.3],[864.3,167.1],[864.7,167],[865.5,166.8],[866.5,166.6],[867.9,166.3],[868.5,166.2],[868.6,166.2],[868.8,166.1],[869.3,166.1],[869.4,166],[870,165.9],[870.5,165.7],[870.9,165.6],[871.9,165.4],[872,165.4],[872.5,165.3],[872.6,165.3],[873.3,165.1],[874.2,164.9],[874.7,164.7],[875,164.7],[875.7,164.5],[877.6,164.3],[877.9,164.3],[878.1,165],[878.3,165],[878.3,165.1],[878.4,165.2],[878.5,165.2],[878.5,165.3],[878.6,165.3],[878.6,165.4],[878.7,165.4],[878.9,165.4],[879,165.4],[879,165.3],[879.1,165.2],[879.2,165.3],[879.2,165.4],[879.3,165.5],[879.4,165.5],[879.5,165.6],[879.6,165.7],[879.6,165.9],[879.6,166],[879.7,166.1],[879.7,166.2],[879.9,166.3],[880,166.5],[880.1,166.5],[880.1,166.6],[880.1,166.7],[880,166.8],[880.1,167.1],[880.1,167.2],[880.3,167.2],[880.4,167.3],[880.4,167.4],[881.3,167.8],[881.3,167.7],[882.4,167.1],[882.5,167.2],[883.1,167.6],[883.2,167.5],[884.7,168.3],[884.8,168.3],[884.9,168.4],[884.9,168.8],[884.5,169.5],[884.5,169.6],[885.1,169.6],[885.3,169.7],[885.8,170.6],[885.9,170.8],[886.5,172.9],[886.6,173.2],[886.8,174.1],[886.7,174],[886.4,174.3],[886.3,174.5],[886.5,174.7],[886.6,174.9],[886.7,174.9],[887.8,176.2],[887.8,176.4],[888.5,176.9],[888.5,177.1],[888.9,177],[889,177.3],[889,177.5],[889,177.8],[889.3,177.9],[889.7,177.9],[890,177.5],[890.3,177.7],[890.6,177.7],[890.7,177.7],[890.9,177.9],[891,178.1],[891.2,178.1],[893,178.3],[893.1,178.1],[894.4,178.4],[894.5,178.3],[894.6,178.2],[894.7,178.1],[895,178.3],[895.7,179.2],[895.7,179.3],[896.1,179.5],[896.3,180.1],[896.4,180.1],[896.8,180.2],[897.7,180.5],[897.9,180.6],[898.3,180.7],[898.8,180.9],[899.4,181.1],[899.7,181.2],[899.8,181.3],[900,181.3],[900.4,181.4],[900.8,181.6],[901,181.6],[901.5,181.9],[901.9,182],[902.4,182.2],[902.8,182.3],[902.9,182.4],[903.2,182.4],[903.4,182.5],[903.9,182.7],[904.2,182.8],[904.7,183.1],[904.9,183.2],[905.6,183.3],[905.9,183.4],[906.9,183.7],[907.5,183.9],[907.8,184.1],[908,184.1],[908,184.2],[908.4,184.3],[908.7,184.3],[909.6,184.6],[909.8,184.6],[909.9,184.7],[910,184.7],[910.1,184.7],[910.2,184.7],[910.7,184.9],[911.1,185.1],[911.4,185.2],[911.9,185.3],[912.2,185.4],[912.4,185.5],[912.6,185.5],[912.7,185.6],[913,185.6],[913.3,185.7],[913.4,185.8],[913.6,185.8],[913.9,185.9],[914.1,186],[914.5,186.2],[914.9,186.3],[915.2,186.4],[915.3,186.4],[915.5,186.4],[915.8,186.6],[915.9,186.6],[916.2,186.7],[916.4,186.7],[916.6,186.7],[916.6,187.1],[916.6,188.3],[916.6,188.8],[916.6,189.1],[916.5,190.1],[916.5,190.3],[916.4,191],[916.3,191.3],[916.3,191.5],[916.3,192],[916.3,192.1],[916.2,192.2],[916.2,192.4],[916,192.7],[915.9,193],[915.9,193.1],[915.9,193.2],[915.9,193.3],[915.8,193.4],[915.8,193.5],[915.7,193.9],[915.6,194.2],[915.6,194.4],[915.6,194.7],[915.6,194.9],[915.6,195],[915.6,195.4],[915.7,196.2],[915.5,197.5],[915.4,197.7],[915.4,197.9],[914.7,198],[914.6,198.2],[914.2,198.2],[913.7,198.5],[913.5,198.5],[913.2,198.6],[912.6,198.6],[912.4,198.8],[912.3,199.1],[912.3,199.2],[912.5,200.2],[912.5,200.4],[912.5,200.5],[912.5,200.9],[912.5,201.4],[912.4,201.5],[912.1,201.5],[911.9,202.2],[912.1,202.6],[912.1,202.7],[911.9,203.1],[912,203.5],[912.1,203.6],[912.8,203.9],[914.3,203.3],[916.7,202],[918,201.4],[920.2,201.8],[921.5,200.5],[922.7,199.8],[925.9,199.1],[929.1,198.7],[932.4,196.7],[933.6,196.6],[938.8,193],[944.5,188.7],[951.6,183.7],[954,181.6],[961.9,175],[962.8,172.9],[961.7,169.6],[959.7,167.9],[959.2,167.5],[958.2,166.6],[957.6,166.6],[956.2,167.5],[955.9,167.7],[955.2,168.3],[955,168.6],[954.7,168.9],[935.7,179.2],[930.6,182.4],[926.9,184.5],[926.4,184.7],[926,184.9],[925.5,185.3],[923.1,186.6],[921.9,185.8],[921.8,185.7],[921.9,185.6],[921.8,185.5],[921.8,185.4],[921.8,185.3],[921.8,184.9],[921.7,184.9],[921.7,184.8],[921.5,184.7],[921.5,184.6],[921.3,184.5],[921.1,184.4],[921,184.2],[920.9,184.2],[920.6,183.8],[920.2,183.4],[919.9,183.1],[919.8,183.1],[919.7,182.8],[919.6,182.7],[919.8,182.4],[920,182.3],[920.3,182],[920.5,181.7],[920.8,181.4],[921.1,181.1],[921.2,181.1],[921.3,180.9],[921.7,180.6],[921.7,180.5],[922,180.2],[922.6,179.6],[922.9,179.4],[923.1,179.1],[923.3,178.9],[923.7,178.5],[923.8,178.4],[924.1,178.2],[924.1,178.1],[924,177.9],[923.9,177.8],[923.2,177.1],[922.9,176.8],[922.8,176.8],[922.1,176.1],[922,176],[921.9,175.3],[921.8,174.5],[921.7,173.6],[921.6,173.1],[921.5,172.6],[921.3,171.9],[921.3,171.6],[921.2,171.1],[921.2,171],[921.2,170.9],[921.1,170.8],[921.1,170.7],[921.1,170.6],[921.1,170.5],[921,170],[921,169.8],[920.9,169.1],[920.8,168.7],[920.6,167.6],[920.3,166.3],[920.3,166.2],[920.2,165.5],[920.2,165.4],[920.1,164.7],[920,164.2],[919.9,163.9],[919.9,163.3],[919.7,162.2],[919.6,162],[919.5,161.2],[919.4,160.8],[919,158.7],[918.9,157.9],[918.8,157],[918.6,156.1],[918.6,155.9],[918.4,154.7],[918.3,154.2],[918,153.3],[917.8,153.3],[917.4,152.3],[917.4,150.6],[917.4,149.5],[917.4,149],[917.5,147.6],[917.5,146.7],[917.5,144.6],[917.5,144.3],[917.5,144.1],[917.5,143.9],[917.6,143.5],[917.6,143],[917.6,142.7],[917.6,140.8],[917.6,140.7],[917.6,139.7],[917.7,138.8],[917.7,138],[917.7,137.9],[917.7,135.2],[917.8,134.8],[917.8,132.1],[917.8,131.4],[917.6,131.4],[916.9,129.9],[916.9,129.7],[916.9,129.5],[916.9,129.4],[916.9,128.9],[916.7,127.9],[916.4,126.3],[916.3,125.7],[916.3,125.6],[916.2,125.5],[916.2,125.4],[916,124.9],[915.9,124],[915.8,123.9],[915.6,122.8],[915.6,122.4],[915.4,121.3],[915.3,121.1],[915.3,120.6],[915.2,120.4],[914.9,119.3],[914.9,119.2],[914.6,117.6],[914.5,117.1],[914.4,116.5],[914.3,116],[914.2,115.4],[914.1,114.9],[913.9,114.2],[913.8,113.7],[913.7,113.3],[913.6,113.1],[913.5,112.6],[913.4,111.9],[913.4,111.7],[913.2,110.8],[913.2,110.7],[913,109.8],[912.7,108.7],[912.6,108.5],[912.6,108.4],[912.6,108.3],[912.6,108.1],[912.6,108],[912.6,107.9],[912.6,107.8]]]]}},{"type":"Feature","properties":{"st":"OH","fips":"39","name":"Ohio","seats":15,"seats_2000":18,"seats_2010":16,"seats_2020":15,"seats_2030":15,"label_x":683.2,"label_y":307.9},"geometry":{"type":"MultiPolygon","coordinates":[[[[654.7,346.6],[654.7,346.7],[654.9,346.8],[655.3,346.8],[655.5,346.8],[655.8,346.8],[655.9,346.8],[656.3,346.9],[656.5,347],[656.8,347.1],[656.9,347.2],[656.9,347.3],[657,347.3],[657.2,347.5],[657.4,347.8],[657.4,347.9],[657.5,348],[657.5,348.1],[657.5,348.4],[657.6,348.5],[657.6,348.6],[657.8,348.9],[658,349.1],[658.8,350],[659.1,350.7],[659.2,351],[659.2,351.5],[659.3,351.9],[659.3,352],[659.4,352.2],[659.5,352.2],[659.6,352.4],[659.7,352.4],[659.9,352.5],[660.2,352.6],[660.5,352.6],[660.8,352.6],[661.2,352.7],[661.3,352.7],[661.7,352.8],[661.8,352.9],[663,353],[663.1,353],[663.2,352.9],[663.3,352.9],[663.5,352.8],[663.6,352.7],[663.9,352.6],[664,352.6],[664.1,352.5],[664.2,352.5],[664.3,352.4],[664.3,352.3],[664.4,352.3],[664.5,352.3],[664.7,352.3],[664.8,352.3],[665.6,352.7],[665.7,352.6],[665.9,352.7],[666.8,352.9],[666.9,353],[667,353.1],[667.1,353.2],[667.3,353.7],[667.3,353.8],[667.4,353.8],[667.6,353.9],[667.7,353.9],[667.8,354],[667.9,354],[668.1,354],[668.4,354.1],[668.5,354.3],[668.8,355],[668.9,355.2],[669.1,355.3],[669.2,355.3],[669.4,355.3],[669.9,355.3],[670,355.4],[670.1,355.4],[670.2,355.5],[670.4,355.5],[671.1,355.7],[671.3,355.6],[671.4,355.5],[671.4,355.2],[671.5,354.4],[671.8,354.1],[672.1,354],[672.4,353.8],[672.5,353.8],[672.7,353.7],[673.9,353.4],[674.7,353.9],[675,353.9],[675.3,354],[675.4,354],[676.4,354],[676.6,354],[677.8,355.1],[677.9,355.3],[678.2,355.5],[678.5,355.4],[678.6,355.3],[678.9,354.9],[678.9,354.7],[679.7,354.6],[679.9,354.7],[680.1,354.7],[680.2,354.7],[680.9,354.6],[681.1,354.5],[681.5,353.3],[681.7,353],[682.2,352.8],[682.4,352.6],[682.9,352],[683,351.5],[683.2,351.4],[683.3,351.4],[683.5,351.3],[684.1,351.3],[684.2,351.2],[684.2,351.3],[684.3,351.2],[684.4,351.1],[684.8,350.8],[684.9,350.7],[685.2,350.5],[685.4,350.5],[685.8,350.3],[685.9,350.4],[686.1,350.5],[686.2,350.7],[686.2,350.8],[686.3,351.2],[686.2,352],[686.3,352.2],[686.7,353.1],[686.8,353.2],[686.8,353.3],[686.8,353.4],[686.8,353.5],[686.9,353.6],[686.9,353.7],[686.9,353.9],[687,354],[687.1,354.1],[687.1,354.2],[687.2,354.4],[687.3,354.5],[687.6,354.7],[687.7,354.8],[687.9,354.9],[688,354.9],[688.1,355],[688.4,355],[688.8,355],[689.5,354.9],[689.8,355],[690,355.1],[690.3,355.3],[690.4,355.3],[690.5,355.5],[690.8,355.9],[691,356],[691.1,356.1],[691.2,356.2],[691.7,356.6],[692,356.7],[692.2,356.8],[692.3,356.9],[692.4,357.1],[692.5,357.7],[692.6,358],[692.7,358],[692.7,358.1],[693,358.3],[693.5,358.4],[693.6,358.4],[693.7,358.4],[693.9,358.4],[694.3,358.2],[694.6,358],[694.9,357.8],[695.3,357.6],[695.7,357.4],[696,357.2],[696.3,357.1],[696.7,357.1],[697.3,357],[697.7,356.8],[697.8,356.7],[698,356.4],[698,356.3],[698,356.1],[698,355.9],[698.1,355.7],[698.1,355.3],[698.1,355.1],[698.1,354.7],[698.1,354.2],[698.1,354],[698.4,352.7],[698.6,352.6],[699.3,352.6],[699.5,352.6],[699.6,352.6],[699.8,352.6],[700.2,352.1],[700.2,352],[699.7,349.9],[699.8,349.7],[699.2,348.4],[699,348.2],[698.8,348.2],[698.7,348],[698.6,347.7],[698.6,347.5],[698.7,347.3],[699.1,346.9],[699.3,346.8],[699.8,346.4],[699.8,346.2],[699.9,346.2],[699.9,346.1],[699.9,346],[699.9,345.9],[699.9,345.5],[699.9,345.3],[699.9,345.2],[699.8,345],[699.8,344.5],[699.9,344.4],[700.1,344.1],[700.2,343.7],[700.3,343.4],[700.3,343.3],[700.4,343.1],[700.5,342.8],[700.5,342.5],[700.7,342.4],[700.8,342.3],[701,342.2],[701,342.1],[701.1,342],[701.2,341.9],[701.2,341.8],[701.3,341.6],[701.3,341.4],[701.3,341.3],[701.3,341.2],[701.4,341.1],[701.5,341],[701.6,341],[701.9,340.9],[702.3,341.2],[702.5,341.5],[702.5,341.7],[702.6,341.8],[702.8,341.7],[703,341.7],[703.2,341.6],[703.4,341.6],[703.5,341.8],[703.9,342.3],[704,342.5],[704.1,342.5],[704.1,342.7],[704.4,342.9],[704.4,343.1],[704.4,343.3],[704.2,343.5],[704.1,343.7],[704,343.9],[704,344],[704,344.1],[704,344.2],[704.2,344.3],[704.3,344.3],[704.4,344.5],[704.5,344.5],[704.7,344.6],[704.8,344.5],[705.2,344.2],[705.3,344],[705.5,343.5],[705.5,343.4],[705.5,343],[705.6,342.8],[705.8,342.5],[705.9,342.4],[707.2,342.8],[707.2,342.6],[707.1,342.5],[706.9,342.3],[706.7,342.1],[706.6,342.1],[706.6,341.9],[706.8,340.9],[706.7,340.7],[706.4,340.3],[706.3,340.2],[706.1,340],[706,340],[705.6,339.6],[705.6,339.4],[706.5,338.8],[706.6,338.7],[706.7,338.5],[706.8,338.4],[706.8,338.3],[706.8,338.2],[706.8,338.1],[706.8,338],[706.8,337.9],[706.7,337.9],[706.7,337.7],[706.6,337.5],[706.6,337.4],[706.6,337.3],[706.6,337.2],[706.5,337.1],[706.5,336.9],[706.4,336.8],[706.4,336.7],[706.3,336.6],[706.3,336.5],[706.2,336.4],[706.2,336.3],[706.3,336.3],[706.3,336.2],[706.4,336.2],[706.5,336.1],[706.6,336],[706.6,335.9],[706.6,335.7],[706.6,335.5],[706.7,335.3],[706.8,335.3],[707,335.2],[707.1,335.2],[707.2,335.1],[707.3,334.9],[707.2,334.8],[707.2,334.7],[707.2,334.6],[707.2,334.4],[707.1,334.3],[707.1,334.2],[707.2,334.1],[707.2,334],[707.4,333.8],[707.6,333.7],[707.8,333.6],[708.8,333.5],[709,333.6],[709.2,333.6],[709.5,333.7],[709.5,333.6],[709.6,333.5],[709.6,333.4],[709.6,333.2],[709.5,332.9],[709.5,332],[709.5,331.7],[709.9,331.2],[710.1,331],[710.6,330.4],[710.8,330.1],[710.9,330],[711,329.8],[711.3,329.6],[711.6,329.6],[711.7,329.7],[711.9,329.8],[712.1,329.9],[712.3,330.3],[712.4,330.6],[712.8,331.1],[714.1,330.3],[714.4,330.1],[714.5,330],[714.6,330],[714.6,329.9],[714.7,329.8],[714.7,329.7],[714.8,329.7],[715,329.7],[715.2,329.5],[715.3,329.5],[715.4,329.5],[715.5,329.5],[715.8,329.5],[715.9,329.3],[715.9,329.2],[715.9,329.1],[715.9,328.9],[716,328.9],[716,328.8],[716.1,328.6],[716.2,328.5],[716.2,328.4],[716.3,328.3],[716.3,328.2],[716.4,328.2],[716.4,328.1],[716.5,328.1],[716.6,328],[716.7,327.9],[716.9,327.9],[717,327.8],[717.3,327.6],[717.4,327.4],[718.2,325.9],[718.2,325.7],[718.3,325.5],[718.4,325.3],[718.5,325.3],[718.8,325],[718.8,324.9],[718.9,324.9],[718.9,324.7],[719.2,324.4],[719.3,324.3],[719.4,324.2],[719.4,324],[719.6,323.8],[719.8,323.6],[720.1,323.2],[720.3,323.1],[720.6,322.8],[720.7,322.8],[720.9,322.7],[721.5,322.2],[721.5,322.1],[721.5,322],[721.5,321.8],[721.6,321.7],[721.6,321.6],[721.5,321.6],[721.5,321.4],[721.5,321.2],[721.5,321.1],[721.4,320.8],[721.4,320.7],[721.5,320.6],[721.6,320.5],[722,320.2],[722,320.1],[721.9,320],[721.9,319.8],[721.6,319.4],[721.5,319.4],[721.1,319.1],[721,319],[721,318.9],[721.3,318.4],[721.4,318.2],[721.8,317.9],[721.8,317.6],[722,315.7],[721.9,315.5],[721.6,315],[722,314.7],[722.5,314.9],[722.6,314.7],[722.5,314.5],[722.5,314.4],[722.3,314.1],[722.3,313.8],[722.5,313.4],[722.7,313.2],[722.7,313],[722.6,312.8],[722.5,312.6],[722.5,312.4],[722.5,312.3],[722.5,312.2],[722.5,311.8],[722.5,311.7],[722.5,311.6],[722.5,311.4],[722.5,311.2],[722.4,311],[722.4,310.9],[722.3,310.8],[722.3,310.7],[722.2,310.6],[722.3,310.5],[722.3,310.3],[722.5,310.2],[722.5,310.1],[722.7,309.8],[722.7,309.5],[722.6,309.3],[722.6,308.9],[722.6,308.7],[722.6,308.6],[722.6,308.5],[722.6,308.4],[722.7,308.2],[722.7,308.1],[722.9,307.8],[722.9,307.6],[723.1,307.4],[723.1,306.9],[723.1,306.8],[723.2,306],[723.3,305.8],[723.4,305.7],[723.7,305.6],[723.8,305.5],[723.8,305.3],[723.7,304.9],[723.7,304.8],[723.7,304.7],[723.8,304.5],[723.8,304.4],[723.9,304.3],[723.9,304.1],[723.8,303.7],[723.6,303.5],[723.5,303.1],[723.5,303],[723.4,302.5],[723.2,302.5],[723.1,302.4],[723,302.3],[723,302.2],[723.1,302.1],[723.3,302],[723.3,301.9],[723.2,301.8],[723.2,301.5],[723.2,301.3],[723.2,301.2],[723.1,301.1],[723.2,300.9],[723.3,300.7],[723.4,300.4],[723.3,300.1],[723.3,300],[723.2,299.8],[722.7,299.2],[722.7,299.1],[722.7,299],[722.6,298.8],[722.5,298.6],[722.3,298.4],[722.1,298.3],[721.6,297.6],[721.6,297.4],[721.6,297.3],[721.8,297.1],[721.9,297],[721.9,296.8],[721.9,296.7],[722,296.6],[722.1,296.5],[722.4,296.4],[722.5,296.3],[723,296.4],[723.3,296.3],[723.3,296.2],[723.5,296],[723.6,295.9],[723.9,295.8],[724,295.8],[724.1,295.7],[724.1,295.6],[724.1,295.4],[724.1,295.2],[723.9,294.4],[723.8,293.6],[723.7,292.9],[723.6,292.4],[723.5,292.2],[723.5,291.9],[723.5,291.8],[723.3,290.9],[723.3,290.7],[723.2,290.3],[723.1,289.9],[723.1,289.7],[723.1,289.6],[723.1,289.1],[723.1,289],[723,288.7],[723,288.6],[723,288.5],[722.8,287.7],[722.8,287.3],[722.7,287.2],[722.6,286.1],[722.3,284.9],[722.3,284.7],[722.2,284.2],[722.2,284],[722.1,283.8],[722,283.2],[722,283.1],[722,283],[721.9,282.7],[721.9,282.2],[721.9,281.8],[721.8,281.2],[721.8,281.1],[721.7,281],[721.7,280.9],[721.7,280.8],[721.7,280.7],[721.7,280.6],[721.6,280.4],[721.6,280.2],[721.5,279.5],[721.3,278.7],[721.2,277.9],[721.2,277.7],[721.1,277.4],[721.1,277.3],[721,276.7],[720.9,276.2],[720.7,274.5],[720.6,274],[720.4,273],[720.4,272.7],[720.1,271.2],[720,270.7],[719.9,270.1],[719.9,270],[719.7,269.1],[719.6,268.4],[719.5,267.7],[719.4,267.5],[719.4,267.2],[719.1,265.2],[719,264.7],[718.9,264.1],[718.9,264],[718.8,263.6],[718.8,263.1],[718.7,262.8],[718.6,262.5],[718.6,262.2],[718.5,261.8],[718.4,261.2],[717,252.9],[708.5,256.3],[704,257.9],[699.9,261.6],[696.7,264.7],[696.3,264.7],[691.9,268.6],[685.5,274.1],[684.7,274.9],[679.3,275.6],[671.4,271.8],[670.3,269.5],[665.4,276],[665.3,276.1],[664.8,276.1],[664.6,276.2],[664.3,276.2],[664.2,276.2],[664,276.2],[663.7,276.2],[663.4,276.3],[663.2,276.3],[662.8,276.4],[662.6,276.5],[662.4,276.5],[662.2,276.5],[661.8,276.6],[661.5,276.7],[661.4,276.7],[661.2,276.7],[660.9,276.8],[660.7,276.8],[660.4,276.9],[660.3,276.9],[660.1,276.9],[659.9,277],[659.3,277.1],[658.9,277.1],[658.5,277.2],[658.1,277.3],[657.8,277.3],[657.5,277.4],[657.1,277.4],[653.2,278.1],[652.7,278.2],[652.2,278.3],[651.8,278.3],[651.5,278.4],[650.8,278.5],[650.6,278.6],[650.2,278.6],[649.8,278.7],[649.5,278.7],[648.1,278.9],[647.7,278.9],[647.1,279],[647,279.1],[646.9,279.1],[646.3,279.2],[645.9,279.2],[645.6,279.3],[644.8,279.4],[644.5,279.5],[644.1,279.5],[643.7,279.6],[643.4,279.7],[642,279.9],[641.2,279.9],[640.1,280.1],[639.7,280.2],[639.6,280.2],[639.5,280.8],[639.6,282],[639.7,282.3],[639.7,282.7],[639.7,283.5],[639.8,284],[639.9,284.6],[640,285.2],[640.1,285.8],[640.2,286.8],[640.3,287.2],[640.3,287.6],[640.4,288.2],[640.4,288.6],[640.6,289.7],[640.6,290.2],[640.7,290.3],[640.8,291],[640.8,291.3],[640.8,291.5],[641,292.7],[641,292.9],[641,293.5],[641,293.7],[641,293.8],[641,294.1],[641.1,294.2],[641.3,295.9],[641.3,296],[641.4,297.1],[641.5,298],[641.7,299.2],[641.8,299.8],[641.8,299.9],[641.8,300.3],[642.1,302],[642.2,303.6],[642.2,304],[642.3,304.4],[642.5,305.8],[642.5,306.1],[642.9,308.9],[642.9,309.1],[642.9,309.5],[643,310],[643.1,311.1],[643.1,311.3],[643.3,312.9],[643.4,313],[643.4,313.2],[643.4,314.4],[643.5,315.1],[643.6,316],[643.7,316.7],[643.8,317.4],[643.9,318.1],[643.9,318.2],[643.9,318.4],[643.9,318.5],[644,318.9],[644,319.1],[644,319.6],[644.1,320.2],[644.1,320.7],[644.2,321.1],[644.3,322.2],[644.4,323.3],[644.5,323.8],[644.5,324.4],[644.6,325.2],[644.6,325.6],[644.6,325.8],[644.7,326.7],[644.7,326.9],[644.8,327.3],[644.8,327.5],[644.8,327.7],[644.9,327.8],[644.9,328.4],[644.9,328.6],[645.1,330],[645.2,330.5],[645.2,331.1],[645.3,331.6],[645.4,332.3],[645.6,334.2],[645.7,334.3],[645.7,334.4],[645.7,334.5],[645.7,334.7],[645.7,335],[645.8,335.6],[645.8,335.9],[645.9,336],[645.9,336.3],[645.9,336.7],[646,338.6],[646.1,339.1],[646.1,339.4],[646.1,339.5],[646.3,340.6],[646.3,341.2],[646.4,341.3],[646.4,341.9],[646.5,342.3],[646.5,342.4],[646.5,342.5],[646.5,342.6],[646.6,343.7],[646.7,343.9],[646.7,344.3],[646.8,344.9],[646.8,345.2],[646.9,345.7],[646.9,345.8],[646.9,345.9],[646.9,346.1],[647,346.2],[647.1,346.2],[647.1,346.1],[647.2,346.1],[647.7,345.7],[647.8,345.5],[648,345.2],[648.1,345.1],[648.5,345],[648.8,345.2],[648.9,345.4],[649,345.4],[649.1,345.6],[649.4,345.9],[649.5,346.1],[650.6,346.5],[650.8,346.6],[650.9,346.6],[651.1,346.6],[651.3,346.5],[651.8,346.3],[652,346.1],[652,346],[652.3,345.8],[652.4,345.8],[652.6,345.9],[652.8,346],[652.8,345.9],[653,345.9],[653.2,345.8],[653.2,345.6],[653.5,345.2],[653.7,345],[653.8,345],[653.9,345],[654.2,345.1],[654.3,345.2],[654.4,345.4],[654.4,345.5],[654.4,345.7],[654.5,346],[654.5,346.2],[654.7,346.6]]]]}},{"type":"Feature","properties":{"st":"OK","fips":"40","name":"Oklahoma","seats":5,"seats_2000":5,"seats_2010":5,"seats_2020":5,"seats_2030":5,"label_x":459.1,"label_y":464.6},"geometry":{"type":"MultiPolygon","coordinates":[[[[450.1,482],[450.1,481.9],[450.5,481.4],[450.6,481.4],[450.7,481.4],[451.3,481.7],[451.4,481.7],[452.2,481.9],[452.3,481.9],[452.6,481.6],[453,481.9],[453,482],[452.9,482.2],[452.8,482.2],[452.7,482.3],[452.7,482.4],[453.1,482.8],[452.9,482.8],[452.9,482.9],[453.1,483.3],[453.7,483.4],[453.8,483.4],[453.8,483.3],[454,483.3],[454.1,483.3],[454.4,483.4],[454.1,484],[454.4,484.1],[454.4,484.2],[454,484.5],[454.1,484.5],[454.1,484.7],[455.3,485.1],[455.5,485],[455.6,485],[456.2,484.2],[456.5,484.1],[457,483.5],[457.1,483.5],[457.4,483.6],[457.5,483.6],[457.9,483.9],[457.9,484.5],[457.9,484.6],[458.1,484.6],[458.2,484.6],[458.5,484.4],[458.6,484.4],[458.7,484.4],[458.9,484.4],[459.1,484.5],[459.1,484.6],[459.1,485.3],[459.6,485.6],[459.7,485.6],[460.3,485.1],[460.4,485.1],[460.6,484.8],[461.1,485.1],[461.2,484.6],[461.3,484.5],[461.7,484.5],[461.7,484.6],[461.8,484.7],[461.9,485],[461.9,485.1],[462,485.3],[461.9,485.4],[461.6,485.8],[461.7,486.3],[462,486.6],[462,486.7],[462.5,486.8],[462.6,486.7],[462.7,486.5],[462.7,486.4],[462.7,485.8],[463,485.7],[463.1,485.7],[462.7,485.3],[462.8,485.2],[463.3,485.4],[463.3,485.3],[463.6,484.9],[463.7,484.8],[463.8,484.8],[463.7,484.5],[463.7,484.3],[463.6,484.3],[463.6,484.2],[463.8,484.2],[463.9,484.2],[464,484.2],[464.1,484.1],[464.2,484],[464.6,484.2],[464.6,484.8],[464.7,484.8],[465.2,485],[465.3,485],[465.4,485],[465.6,485.1],[465.7,485.1],[465.8,485.4],[465.8,485.5],[465.9,485.6],[466.2,485.5],[466.5,485.4],[466.6,485.3],[466.7,485],[466.7,484.9],[466.7,484.8],[466.8,484.6],[466.8,484.5],[467,484.5],[467,484.6],[467.1,484.7],[467.2,484.8],[467.3,484.8],[467.6,484.8],[467.6,484.9],[467.3,485.1],[467.2,485.2],[467.2,485.3],[467.3,485.4],[467.7,485.7],[467.8,485.7],[467.9,485.7],[468,485.7],[468,485.6],[468.1,485.6],[468.2,485.7],[468.3,485.9],[468.3,486],[468.3,486.1],[468.4,486.2],[468.5,486.2],[468.6,486.2],[468.7,486.2],[468.8,486.2],[468.9,486.1],[469,486.1],[469.1,486.1],[469.2,486.2],[469.3,486.3],[469.3,486.4],[469.3,486.5],[469.4,486.5],[469.4,486.6],[469.5,486.6],[469.5,486.7],[469.6,486.7],[469.6,486.8],[469.7,486.8],[469.7,486.9],[469.7,487],[469.8,487.2],[469.9,487.2],[470,487.2],[470.1,487.2],[470.2,487.1],[470.3,487],[470.3,486.9],[470.3,486.8],[470.3,486.7],[470.3,486.6],[470.3,486.5],[470.4,486.5],[470.4,486.4],[470.4,486.3],[470.5,486.3],[470.5,486.2],[470.6,486.3],[470.7,486.3],[470.8,486.3],[470.9,486.3],[470.9,486.4],[471,486.4],[471.1,486.5],[471.3,486.5],[471.4,486.5],[471.4,486.4],[471.69,485.9],[471.6,485.9],[471.6,485.8],[471.6,485.7],[471.7,485.7],[471.7,485.8],[471.7,485.88],[471.8,485.7],[471.9,485.7],[471.8,485.5],[472,485.4],[472.1,485.4],[472.3,485.4],[472.4,485.3],[472.7,485.4],[472.8,485.4],[472.9,485.4],[473,485.2],[473.2,485.4],[473.4,485.1],[473.5,485.2],[473.6,485.2],[473.7,485.2],[473.8,485.2],[474,485],[474,484.9],[474.8,485.4],[474.9,485.4],[475.1,485.2],[475.6,485.3],[475.7,485.3],[475.7,485.2],[475.7,485.1],[475.6,485],[475.6,484.9],[475.6,484.8],[475.7,484.8],[475.8,484.8],[475.9,484.8],[476,484.8],[476.1,484.8],[476.1,484.9],[476.2,484.9],[476.2,484.8],[476.3,484.8],[476.4,484.8],[476.5,484.7],[476.5,484.6],[476.6,484.6],[476.7,484.6],[476.8,484.6],[476.9,484.6],[477,484.5],[477,484.4],[477.1,484.4],[477.2,484.3],[477.2,484.2],[477.3,484.2],[477.4,484.2],[477.4,484.3],[477.5,484.3],[477.6,484.3],[477.7,484.4],[477.7,484.5],[477.7,484.6],[477.7,484.7],[477.7,484.8],[477.7,484.9],[477.8,484.9],[477.9,484.9],[478,484.8],[478.2,485],[478.3,485],[478.5,485],[478.6,485],[478.7,485.1],[478.8,485.1],[479,485.1],[479.1,485.1],[479.2,485.1],[479.3,485.1],[479.4,485.1],[479.5,485.1],[479.6,485.1],[479.6,485],[479.7,485],[479.8,485],[479.8,484.9],[479.8,484.8],[479.9,484.9],[480,484.9],[480,485],[480.1,485],[480.2,485],[480.3,485],[480.3,484.9],[480.3,484.8],[480.3,484.7],[480.3,484.6],[480.3,484.5],[480.4,484.5],[480.4,484.6],[480.5,484.6],[480.5,484.7],[480.4,484.8],[480.5,484.8],[480.6,484.8],[480.6,484.7],[480.6,484.6],[480.6,484.5],[480.6,484.4],[480.6,484.3],[480.6,484.2],[480.7,484.1],[480.8,484.1],[480.8,484],[480.8,483.9],[480.9,483.9],[481,483.9],[481.1,484],[481.2,484.1],[481.3,484.1],[481.4,484.1],[481.5,484.2],[481.6,484.2],[481.7,484.2],[481.8,484.2],[481.8,484.5],[481.8,484.6],[481.9,484.6],[482,484.6],[482,484.5],[482.1,484.5],[482.2,484.5],[482.2,484.4],[482.3,484.4],[482.3,484.5],[482.4,484.5],[482.3,484.7],[482.4,484.7],[482.4,484.8],[482.6,485.1],[482.7,485.1],[483.3,485.1],[483.5,485.4],[483.6,485.4],[483.6,485.5],[483.6,485.6],[483.5,485.7],[483.6,485.7],[483.7,485.7],[483.8,485.7],[483.8,485.6],[483.8,485.5],[483.9,485.6],[483.8,485.9],[483.8,486],[483.9,486.1],[484.2,486.3],[484.3,486.2],[484.4,486.3],[484.3,486.4],[484.4,486.5],[484.5,486.5],[484.5,486.6],[484.6,486.6],[485.1,486.5],[485.2,486.5],[485.1,486.6],[485.3,486.7],[485.4,486.7],[485.5,486.6],[485.5,486.7],[485.5,486.8],[485.6,486.7],[485.6,486.8],[485.5,486.9],[485.6,487],[485.6,487.1],[485.7,487.1],[485.8,487.1],[485.8,487.2],[486,487.2],[486.1,487.2],[486.2,487.1],[486.3,487],[486.4,487.1],[486.5,487.2],[486.5,487.3],[486.4,487.3],[486.4,487.5],[486.7,487.2],[486.8,487.2],[486.8,487.3],[486.9,487.4],[487.3,487.4],[487.2,487.5],[487.4,487.6],[487.3,487.7],[487.3,487.8],[487.4,487.8],[487.5,487.8],[487.6,487.8],[487.6,487.9],[487.8,487.8],[487.9,487.9],[488,487.8],[488.1,487.8],[488,487.7],[488.1,487.7],[488.1,487.4],[488.1,486.9],[488.1,486.8],[488.1,486.5],[488.1,486.3],[488.1,486.2],[488.1,485.9],[488.1,485.5],[488.1,485.4],[488.1,485.2],[488.1,484.7],[488.1,484.3],[488.1,484.1],[488.1,483.9],[488.1,483.4],[488.1,483.2],[488.1,483.1],[488.1,483],[488.1,481.9],[488.1,481.5],[488.1,481.4],[488.1,481],[488.1,480.9],[488.1,480.7],[488.1,480.4],[488.1,480],[488.1,479.8],[488.1,479.5],[488.1,479.2],[488.1,478.9],[488.1,478.8],[488.2,478.4],[488.2,478.3],[488.2,478.1],[488.2,477.9],[488.2,477.5],[488.2,477.4],[488.2,476.9],[488.2,476.4],[488.2,476.3],[488.2,475.9],[488.2,475.8],[488.2,475.4],[488.2,475.3],[488.2,475],[488.2,474.7],[488.2,474.6],[488.2,474.3],[488.2,473.6],[488.2,473],[488.2,472.9],[488.2,472.8],[488.2,472.5],[488.2,472.4],[488.2,471.8],[488.2,471],[488.2,470.5],[488.2,470.2],[488.2,470.1],[488.2,469.9],[488.2,469.8],[488.3,469.6],[488.3,469.5],[488.3,469.4],[488.3,468.9],[488.3,468.8],[488.3,468.6],[488.3,468.5],[488.3,468.3],[488.3,468.1],[488.3,468],[488.3,467.9],[488.3,467.7],[488.3,467.5],[488.3,467.3],[488.3,467.2],[488.3,467.1],[488.3,467],[488.3,466.8],[488.2,466.4],[488.2,466.3],[488.2,466.2],[488.1,465.7],[488.1,465.6],[488,465.5],[488,465.3],[487.9,464.7],[487.9,464.5],[487.9,464.3],[487.8,464.1],[487.8,463.9],[487.7,463.3],[487.7,463.1],[487.6,462.5],[487.6,462.4],[487.5,462.1],[487.5,461.9],[487.5,461.7],[487.5,461.6],[487.4,461.3],[487.4,460.8],[487.3,460.6],[487.3,460.4],[487.2,459.9],[487.2,459.7],[487.1,459.5],[487.1,458.8],[487,458.5],[487,458.4],[487,458.3],[486.9,458.2],[486.9,458],[486.8,457.7],[486.8,457.6],[486.8,457.5],[486.8,457.4],[486.8,457.1],[486.7,456.4],[486.6,456.1],[486.6,455.8],[486.5,455.6],[486.5,454.9],[486.4,454.7],[486.3,453.8],[486.3,453.7],[486.3,453.6],[486.3,453.4],[486.3,452.7],[486.3,452.3],[486.3,451.8],[486.2,451.4],[486.2,451],[486.2,450.8],[486.2,450.5],[486.2,450.3],[486.2,450],[486.2,449.8],[486.2,449.7],[486.2,449.6],[486.2,449.4],[486.2,449.3],[486.2,448.9],[486.2,448.5],[486.2,448.3],[486.2,448.2],[486.2,448.1],[486.2,447.9],[486.1,447.9],[485.6,447.9],[485.5,447.9],[485.3,447.9],[485,447.9],[484.2,447.9],[484.1,447.9],[483.6,447.9],[483.3,447.9],[482.3,447.9],[481.8,448],[480.9,448],[478.4,448],[477.8,448],[477.1,448],[477,448],[476.8,448],[475.9,448],[475.8,448],[475.6,448],[475.1,448],[474.3,448],[474,448],[473.8,448],[473.6,448],[473.5,448],[473.3,448],[472.9,448],[472.1,448],[471.9,448],[471.8,448],[471.7,448],[471.6,448],[471.5,448],[471.2,448],[471.1,448],[470.8,448],[470.6,448],[470.3,448],[469.8,448],[469.2,448],[468.6,448],[468.1,448],[467.5,448],[467,448],[466.7,448],[466.5,448],[466.3,448],[465.9,448],[465.5,448],[465.3,448],[464.7,448],[464.5,448],[464.1,448],[463.9,447.9],[463.6,447.9],[463.5,447.9],[463,447.9],[462.8,447.9],[460.8,447.9],[460.5,447.9],[460.2,447.9],[459.7,447.9],[459.2,447.9],[459.1,447.9],[458.9,447.9],[458.7,447.9],[458.6,447.9],[458.4,447.9],[458.3,447.9],[458,447.9],[457.9,447.9],[457.7,447.8],[457.3,447.8],[456.7,447.8],[453.3,447.8],[453.1,447.8],[452.9,447.7],[452.7,447.7],[452.3,447.7],[451.9,447.7],[450.8,447.7],[450.1,447.7],[448.5,447.7],[447.9,447.6],[447.7,447.6],[447.2,447.6],[446.7,447.6],[446.5,447.6],[446.4,447.6],[445.8,447.6],[445.5,447.5],[445,447.5],[444.9,447.5],[444.6,447.5],[443.6,447.5],[442.3,447.4],[441.7,447.4],[441.5,447.4],[441.1,447.4],[440.8,447.4],[440.5,447.4],[440.4,447.4],[440.3,447.4],[440.2,447.4],[440.1,447.4],[439.4,447.3],[438.1,447.3],[437.8,447.2],[437.5,447.2],[436.2,447.2],[436.1,447.2],[435,447.1],[434.6,447.1],[434.2,447.1],[434.1,447.1],[433.7,447.1],[433.1,447],[432.8,447],[432.5,447],[432,447],[431.4,447],[430.9,446.9],[430.8,446.9],[430.7,446.9],[430.5,446.9],[430.2,446.9],[430,446.9],[429.7,446.9],[429.5,446.9],[429.1,446.9],[428.8,446.8],[428.4,446.8],[428.2,446.8],[427.9,446.8],[427.7,446.8],[427.6,446.8],[426.7,446.8],[425.6,446.7],[424.9,446.7],[424.6,446.7],[424.4,446.7],[424.2,446.6],[422.5,446.5],[422.1,446.5],[421.9,446.5],[418.3,446.3],[418.2,446.3],[416.9,446.2],[416.8,446.2],[416.6,446.2],[415.2,446.1],[415,446.1],[414.9,446.1],[414.5,446.1],[414.1,446.1],[414,446],[413.7,446],[413.3,446],[413.2,446],[412.5,445.9],[412,445.9],[409.2,445.6],[408.6,445.6],[408.1,445.6],[408,445.6],[407.9,446.7],[407.8,448.1],[407.8,448.5],[407.8,448.7],[407.7,449.4],[407.7,449.9],[407.7,450.1],[407.6,450.5],[407.6,450.8],[407.6,451.2],[407.5,451.5],[408,451.5],[408.8,451.5],[409.3,451.6],[409.4,451.6],[409.6,451.6],[409.9,451.6],[411.1,451.7],[411.9,451.8],[412.3,451.8],[412.6,451.8],[413.4,451.9],[413.5,451.9],[413.7,451.9],[414,451.9],[414.6,452],[414.7,452],[414.9,452],[415.8,452.1],[416.2,452.1],[416.7,452.1],[418.5,452.2],[418.6,452.2],[419,452.2],[419,452.3],[419.3,452.3],[419.4,452.3],[419.7,452.3],[419.8,452.3],[420.5,452.4],[420.8,452.4],[421,452.4],[421.6,452.4],[421.9,452.4],[422.5,452.4],[422.8,452.5],[423,452.5],[423.4,452.5],[423.6,452.5],[424.6,452.6],[424.8,452.6],[425.2,452.6],[425.4,452.6],[425.8,452.7],[426.6,452.7],[427.8,452.7],[428.1,452.7],[428.6,452.8],[429.1,452.8],[430.2,452.9],[430.6,452.9],[430.8,452.9],[431.1,452.9],[432.2,453],[432.7,453],[433.2,453],[433.4,453],[433.7,453],[434,453],[434.1,453],[434.7,453.1],[435.2,453.1],[435.7,453.1],[435.7,453.9],[435.7,454.7],[435.6,455.4],[435.6,455.9],[435.6,456.6],[435.5,457.5],[435.5,458.3],[435.5,458.7],[435.5,458.9],[435.4,460.7],[435.4,461.2],[435.4,462.1],[435.3,462.8],[435.3,463.1],[435.2,464.2],[435.2,464.7],[435.2,464.8],[435.2,465.3],[435.2,465.6],[435.2,465.8],[435.2,465.9],[435.2,466.5],[435.1,467.2],[435.1,467.3],[435.1,467.6],[435.1,467.9],[435.1,468],[435.1,468.2],[435.1,468.3],[435,470.3],[434.9,471.8],[434.9,472.1],[434.9,473.6],[434.9,473.9],[434.8,474.3],[434.8,474.6],[434.8,475],[434.8,475.3],[434.8,475.7],[434.8,475.9],[434.8,476],[434.8,476.1],[435.2,475.9],[435.9,476.4],[436,476.4],[436,476.5],[436.2,476.8],[436.3,476.8],[436.5,476.9],[436.5,477],[436.5,477.1],[436.6,477.2],[437.6,478.3],[438.7,478.3],[438.8,478],[438.8,477.9],[439.6,478.2],[439.7,478.2],[439.8,478.2],[440.3,478.5],[440.4,478.5],[440.8,477.5],[440.9,477.5],[440.9,477.6],[440.9,477.7],[441.3,478.1],[441.8,478.5],[441.8,478.6],[441.9,478.6],[441.9,478.5],[442.3,478.9],[442.3,479],[442.3,479.2],[442.3,479.3],[442.3,479.5],[442.3,479.9],[442.4,479.9],[442.4,480.5],[443.1,480.7],[443.4,480.6],[443.5,480.5],[444,480.6],[444,480.7],[444.7,480.6],[445,480.9],[445.6,481.3],[445.6,481.2],[445.7,481.2],[445.8,481.3],[446.6,481.7],[446.7,481.7],[447.9,481.3],[448,481.3],[448.1,481.3],[448.7,481.9],[448.8,482],[448.8,482.1],[448.9,482.2],[449,482.4],[449.1,482.4],[449.2,482.4],[449.2,482.5],[449.3,482.4],[449.4,482.4],[449.4,482.3],[449.5,482.4],[449.6,482.3],[449.6,482.2],[449.7,482.2],[449.8,482.2],[449.9,482.2],[450,482.2],[450,482.1],[450.1,482]],[[485.3,486.3],[485.4,486.3],[485.4,486.4],[485.3,486.5],[485.3,486.4],[485.25,486.4],[485.3,486.3]]],[[[482.1,484.8],[482.3,484.6],[482.3,484.5],[482.1,484.7],[482.1,484.8]]],[[[471.7,485.88],[471.69,485.9],[471.7,485.9],[471.7,485.88]]]]}},{"type":"Feature","properties":{"st":"OR","fips":"41","name":"Oregon","seats":6,"seats_2000":5,"seats_2010":5,"seats_2020":6,"seats_2030":5,"label_x":169.8,"label_y":194},"geometry":{"type":"MultiPolygon","coordinates":[[[[147,175],[147,175.4],[146.3,176.7],[146.1,176.9],[145.8,177.7],[145.7,178.3],[145.3,179.4],[145.3,179.7],[144.9,180.3],[144.8,180.8],[144.4,181.8],[143.9,182.6],[143.3,184.6],[142.1,187.5],[140.9,189.7],[140.2,190.8],[139.7,191.4],[139.3,191.5],[138.7,191.9],[138.4,193.3],[137.9,193.8],[137.7,194.6],[136.7,196],[135.9,196.4],[135.3,197.1],[135.2,197.7],[135.9,198.1],[136.1,198.5],[136,199],[136.4,199.4],[136.1,200.1],[135.3,200.6],[135.2,201],[135.6,201.6],[135.3,202.8],[135.1,203.7],[135.3,204.2],[135.1,205.3],[135.6,206.2],[136.2,206.4],[136.5,206.5],[136.6,206.5],[137,206.7],[137.3,206.7],[137.4,206.8],[137.6,206.9],[138.3,207.1],[138.5,207.1],[138.8,207.2],[139,207.3],[139.1,207.3],[139.4,207.4],[139.5,207.5],[139.7,207.5],[140.2,207.6],[141,207.8],[141.5,208],[141.7,208],[141.8,208],[141.9,208.1],[142,208.1],[142.4,208.2],[143.1,208.5],[144.1,208.7],[144.4,208.8],[144.7,208.8],[144.9,208.9],[145,208.9],[145.2,209],[145.5,209.1],[145.8,209.2],[146.1,209.3],[146.2,209.3],[146.5,209.4],[146.9,209.5],[147.1,209.6],[147.3,209.6],[147.4,209.7],[147.5,209.7],[147.7,209.7],[148,209.8],[148.1,209.9],[148.3,209.9],[148.6,210],[148.7,210],[148.8,210.1],[149.2,210.1],[149.4,210.2],[149.6,210.3],[149.9,210.3],[150.3,210.5],[150.5,210.5],[150.9,210.6],[151.1,210.7],[151.5,210.8],[151.7,210.8],[152.2,211],[152.4,211],[152.4,211.1],[153.2,211.3],[153.3,211.3],[153.6,211.4],[153.9,211.5],[154,211.6],[154.3,211.6],[154.4,211.7],[155.4,212],[155.8,212.1],[156,212.2],[156.4,212.3],[156.7,212.3],[157.1,212.5],[157.3,212.5],[157.4,212.5],[157.5,212.6],[157.8,212.7],[157.9,212.7],[158,212.7],[158.1,212.8],[158.5,212.9],[158.6,212.9],[158.8,213],[159,213],[159.2,213.1],[159.3,213.1],[159.5,213.1],[159.7,213.2],[160,213.3],[160.3,213.4],[160.4,213.4],[160.6,213.5],[160.8,213.5],[160.9,213.6],[161.1,213.6],[161.4,213.7],[161.5,213.7],[161.6,213.8],[161.8,213.8],[162,213.8],[162.5,214],[162.9,214.1],[163.3,214.2],[163.8,214.3],[163.9,214.4],[164.5,214.5],[164.9,214.6],[165.1,214.7],[166.5,215.1],[166.7,215.1],[166.8,215.1],[166.8,215.2],[167.1,215.2],[167.2,215.2],[167.5,215.3],[167.8,215.4],[168.2,215.5],[168.5,215.5],[168.7,215.6],[169.1,215.7],[169.2,215.7],[169.3,215.7],[169.5,215.8],[170.4,216],[170.8,216.1],[171.1,216.2],[171.3,216.3],[171.6,216.3],[171.8,216.4],[172.4,216.5],[173,216.7],[173.7,216.9],[173.9,216.9],[174.2,217],[174.3,217],[175.1,217.2],[175.3,217.3],[175.6,217.4],[176,217.5],[177.9,218],[178.4,218.1],[178.7,218.2],[178.9,218.2],[179.2,218.3],[179.4,218.3],[179.7,218.4],[180.2,218.5],[180.5,218.5],[181.3,218.7],[181.6,218.8],[181.7,218.8],[182.2,218.9],[182.3,219],[182.8,219.1],[183.2,219.2],[183.7,219.3],[184.7,219.5],[185,219.6],[185.4,219.7],[186.5,220],[186.9,220],[187.4,220.2],[187.5,220.2],[187.7,220.2],[188.4,220.4],[188.6,220.4],[192.3,221.3],[192.3,221.2],[192.4,221.1],[192.5,220.3],[192.8,219.2],[192.9,218.7],[193.1,217.8],[193.2,217.4],[193.3,217.1],[193.3,216.8],[193.4,216.5],[193.5,216],[193.5,215.9],[193.6,215.6],[193.7,215.1],[193.8,214.6],[194,214],[194,213.6],[194.3,212.4],[194.4,212],[194.5,211.5],[194.6,211.1],[194.6,211],[194.7,210.6],[194.9,209.8],[195,209.6],[195,209.3],[195.1,209.1],[195.1,209],[195.2,208.6],[195.4,207.6],[195.5,207],[195.9,205.4],[195.9,205.3],[196,205],[196.1,204.6],[196.1,204.5],[196.1,204.4],[196.2,204.2],[196.3,203.8],[196.4,203.3],[196.5,202.8],[196.6,202.5],[196.6,202.4],[196.6,202.2],[196.7,202.1],[196.7,202],[196.7,201.9],[196.8,201.5],[196.9,201.5],[197.2,201.3],[197.2,201.2],[197.3,201.1],[197.3,201],[197.4,200.7],[197.5,200.7],[197.5,200.6],[197.5,200.5],[197.4,200.5],[197.6,200.4],[197.5,200.4],[197.5,200.3],[197.6,200.3],[197.6,200.2],[197.8,200.1],[197.8,200],[197.9,199.9],[197.9,199.8],[197.8,199.7],[197.8,199.6],[197.7,199.6],[197.6,199.5],[197.7,199.4],[197.7,199.2],[197.8,199.1],[197.9,199.1],[198.2,198.8],[198.3,198.8],[198.4,198.6],[198.5,198.5],[198.5,198.3],[198.3,198.1],[198.2,198],[198.2,198.1],[198.1,198],[198.1,197.5],[198,197.4],[197.5,197.5],[197.4,197.3],[197.3,197.2],[196.5,196.8],[196.5,196.7],[196.4,196.6],[196.4,196.4],[196.7,196.1],[196.5,195.4],[196.7,195.1],[196.8,194.5],[196.9,194.5],[197.6,194],[198.3,192.7],[198.4,192.7],[198.4,192.6],[198.4,192.5],[198.7,192],[198.8,192],[199.7,191.8],[200.1,191.3],[200.1,191.2],[200.1,191.1],[200.2,191.1],[200.3,191],[200.4,191],[200.5,190.9],[200.6,190.8],[200.6,190.7],[200.6,190.6],[200.7,190.6],[200.7,190.5],[200.8,190.5],[200.8,190.4],[200.8,190.3],[200.8,190.2],[200.8,190.1],[200.8,190],[200.9,190],[200.9,189.9],[201,189.9],[201,189.8],[200.9,189.8],[200.8,189.9],[200.8,189.7],[200.9,189.6],[201.2,189.2],[201.3,189.1],[201.5,188.9],[202.2,188.1],[202.2,188],[202.5,187.3],[202.6,187.3],[202.6,187.2],[202.6,187.1],[202.7,187.1],[202.7,187],[202.8,187],[202.9,186.9],[202.9,186.8],[202.9,186.7],[202.9,186.6],[202.9,186.5],[203,186.4],[203.1,186.3],[203.2,186.2],[203.3,186.1],[203.3,186],[203.5,185.8],[204.2,185.2],[204.5,184.4],[204.6,184.4],[204.6,184.3],[204.6,184.2],[204.7,184.2],[204.8,184.2],[204.8,184.1],[204.9,184.1],[205,184.1],[205,184],[205.1,183.9],[205.1,183.8],[205.2,183.8],[205.2,183.7],[205.1,183.6],[205.1,183.5],[205.1,183.4],[205.1,183.3],[205,183.2],[205,183.1],[204.9,183.1],[204.9,183],[204.9,182.9],[204.8,182.8],[204.8,182.7],[204.9,182.7],[204.9,182.6],[204.9,182.5],[204.9,182.4],[204.9,182.3],[204.9,182.2],[204.9,182.1],[204.8,182.1],[204.8,182],[204.7,182],[204.7,181.9],[204.6,181.9],[204.6,181.8],[204.5,181.8],[204.5,181.7],[204.4,181.7],[204.3,181.6],[204.3,181.7],[204.2,181.7],[204.1,181.7],[204.1,181.6],[204,181.6],[204,181.5],[204,181.4],[204,181.3],[203.9,181.3],[203.9,181.2],[203.9,181.1],[203.8,181.1],[203.7,181],[203.6,181],[203.6,181.1],[203.5,181.1],[203.4,181.1],[203.4,181],[203.3,181],[203.3,180.9],[203.3,180.8],[203.3,180.7],[203.3,180.6],[203.2,180.5],[203.2,180.4],[203.2,180.3],[203.1,180.3],[203,180.2],[203,180.1],[202.9,180],[202.9,179.9],[202.9,179.8],[202.9,179.7],[202.9,179.6],[202.9,179.5],[202.9,179.4],[202.8,179.4],[202.8,179.3],[202.8,179.2],[202.9,179.2],[202.8,179.1],[202.7,179],[202.7,178.9],[201.7,178.7],[201.6,178.7],[201.4,178.6],[200.7,178.5],[200.2,178.4],[200,178.3],[199.6,178.2],[199.5,178.2],[199.3,178.1],[199.1,178.1],[198.8,178],[198.6,178],[198.4,177.9],[198.1,177.8],[197.8,177.8],[197.6,177.7],[197.4,177.7],[197,177.6],[196.7,177.5],[195.9,177.3],[195.4,177.2],[195.3,177.2],[194.3,176.9],[193.8,176.9],[193.6,176.8],[193.5,176.7],[193.4,176.7],[193,176.6],[192.6,176.5],[192.4,176.5],[192.2,176.5],[191.9,176.4],[191.8,176.4],[191.7,176.3],[191.5,176.3],[191,176.2],[190.5,176],[190.3,176],[190,175.9],[189.9,175.9],[189.7,175.8],[189,175.7],[188.7,175.6],[188.4,175.6],[188.2,175.5],[187.5,175.3],[187.4,175.3],[186.5,175.7],[186.2,175.8],[185.9,175.7],[185.7,175.7],[185.5,175.6],[185.3,175.4],[185,175.4],[184.8,175.4],[184.7,175.4],[184.5,175.4],[183.8,175.3],[183.5,175.4],[183.2,175.3],[182.9,175],[182.7,175],[182.5,175.1],[182,175.6],[181.2,175.5],[180.2,175.4],[179.8,175.3],[179.4,175.4],[178.9,175.6],[178.1,175.6],[177.7,175.9],[177.2,175.8],[176.8,175.8],[176.2,175.8],[175.6,175.7],[175.5,175.6],[175.3,175.5],[175.1,175.1],[174.6,174.9],[174.3,175],[174.1,175.1],[172.8,175.2],[172.4,175.4],[172.3,175.4],[172.1,175.2],[171.4,175.1],[171.2,175],[171,175],[170.7,175.2],[170.6,175.3],[170.3,175.3],[170.2,175.2],[170.1,175.1],[170.2,175],[170.2,174.8],[170.1,174.5],[169.9,174.4],[169.6,174.2],[169.5,174],[169.3,173.9],[169.1,173.9],[168.8,173.9],[168.7,173.9],[168.5,173.8],[168.4,173.7],[168.2,173.5],[168.2,173.4],[168,173.3],[167.2,173.3],[166.9,173.2],[166.6,173.3],[166.4,173.2],[165.9,172.9],[165.4,172.9],[165.1,173.1],[165.1,173.2],[165,173.3],[164.8,173.3],[164.7,173.3],[164.6,173.3],[164.5,173.4],[164.4,173.5],[164,173.5],[163.8,173.5],[163.3,173.6],[163.1,173.5],[162.7,173.5],[162.6,173.6],[162.2,173.7],[162.1,173.7],[162,173.7],[161.8,173.6],[161.6,173.5],[161.5,173.3],[161.3,173.1],[161.2,173.1],[161,173.1],[160.7,173.1],[160.6,172.9],[160.5,172.8],[160.4,172.8],[160.3,172.7],[160.1,172.6],[160,172.5],[159.7,172.3],[159.5,172.2],[159.2,172],[159,171.8],[158.9,171.6],[158.8,171.6],[158.7,171.5],[158.7,171.4],[158.7,171.2],[158.8,171],[159,170.7],[159,170.4],[159.1,170.1],[159,169.8],[159,169.6],[159.1,169.5],[159.2,169.2],[159.2,169.1],[159.1,169],[159.1,168.7],[159.2,168.5],[159.3,168.2],[159.1,167.9],[159.1,167.5],[159,167.3],[159.1,167],[159,166.7],[158.8,166.6],[158.6,166.4],[158.4,166],[158.3,165.9],[158.2,165.8],[158.2,165.7],[157.8,165.3],[157.8,165.2],[157.7,165.2],[157.4,165.1],[156.3,165.3],[156.1,165.2],[155.9,165.1],[155.8,165.1],[155.8,165],[155.6,164.8],[155.5,164.6],[155.5,164.5],[155.6,164.1],[155.6,163.8],[154.9,163.5],[154.7,163.5],[154.6,163.5],[154.1,163.3],[153.8,163.3],[153.7,163.2],[153.5,163],[153.4,163],[152.9,163],[152.4,163.1],[152,162.9],[151.9,162.8],[151.9,162.6],[151.8,162.6],[151.8,162.5],[151.7,162.4],[151.6,162.4],[151.6,162.1],[151.5,162.1],[151.4,162.2],[151.4,162.3],[151.1,162.3],[150.7,162.2],[150.4,162.2],[150.5,162.8],[150.9,163.2],[150.9,164.3],[150.7,165.1],[150.2,165.3],[149.9,165.7],[150.1,166.3],[150,166.8],[149.5,167.5],[149.8,168.2],[149.5,169],[148.6,170.6],[148.7,171.1],[148.1,171.9],[148.2,172.8],[147.8,173.3],[147.7,174.1],[147,175]]]]}},{"type":"Feature","properties":{"st":"PA","fips":"42","name":"Pennsylvania","seats":17,"seats_2000":19,"seats_2010":18,"seats_2020":17,"seats_2030":16,"label_x":807.5,"label_y":235.6},"geometry":{"type":"MultiPolygon","coordinates":[[[[872.5,241.6],[872.4,241.6],[872.4,241.5],[872.3,241.4],[872,241.1],[871.9,240.9],[871.7,240.8],[871.1,240.6],[870.9,240.6],[870.9,240.5],[870.7,240.5],[870.4,240.4],[870.1,240.1],[870,239.9],[869.8,239.5],[869.6,239.2],[869.2,239],[869,238.8],[868.9,238.8],[868.7,238.8],[868.4,238.7],[868,238.5],[867.8,238.4],[867.7,238.3],[867.7,238.2],[867.6,238],[867.6,237.9],[867.5,237.8],[867.3,237.4],[867,237],[866.9,237],[866.6,236.9],[866.4,236.8],[866.1,236.9],[865.8,237.1],[865.5,237],[865.4,237],[865.4,236.9],[865.3,236.9],[865.2,236.9],[865.1,236.9],[864.9,236.7],[864.9,236.6],[864.8,236.5],[864.8,236.4],[864.8,236.3],[864.7,236.2],[864.7,236.1],[864.6,236],[864.6,235.9],[864.5,235.8],[864.6,235.7],[864.6,235.6],[864.5,235.5],[864.5,235.4],[864.6,235.2],[864.5,235.1],[864.5,234.8],[864.3,234.4],[864.3,234.2],[864.2,234],[864.1,233.6],[863.9,233.6],[863.4,233.2],[863.3,233.1],[863.1,233.1],[863,233],[862.8,233],[862.4,233.2],[862.2,233.4],[862.1,233.5],[862,233.5],[861.6,233.4],[861.4,233.3],[861.4,233.1],[861.4,233],[861.3,232.6],[861.2,232.5],[861.2,232.4],[861.1,232.4],[861,232.2],[861.2,232],[861.2,231.8],[861,231.5],[860.9,231.4],[860.9,231.3],[860.9,231.1],[861,231],[861.1,230.9],[861.2,230.7],[861,230.5],[860.7,230.6],[860.6,230.5],[860.5,230.3],[860.5,230.2],[860.6,229.9],[860.6,229.8],[860.6,229.6],[860.7,229.5],[860.7,229.4],[860.7,229.2],[860.7,229.1],[860.6,228.9],[860.3,228.7],[860.4,228.5],[860.5,228.4],[860.6,228.3],[860.6,228],[860.7,227.9],[861.2,227.9],[861.3,227.9],[861.4,227.9],[861.5,227.7],[861.6,227.6],[861.6,227.5],[861.6,227.4],[861.7,227.4],[861.9,227.3],[862.1,226.3],[862.1,226.1],[861.9,226],[861.8,225.9],[861.8,225.8],[861.8,225.7],[861.9,225.6],[862.1,225.6],[862.2,225.6],[862.5,225.1],[862.6,224.9],[862.5,224.8],[862.2,224.6],[862.2,224.5],[861.7,223.9],[861.4,223.8],[861.3,223.7],[861.1,223.5],[860.6,222.8],[860.6,222.7],[860.5,222.6],[860.2,222.5],[860.2,222.3],[860.2,222.2],[860.2,222.1],[861.6,220.8],[861.8,220.6],[862.9,218.7],[862.9,218.6],[862.4,218.9],[862.4,218.8],[863.1,217.8],[863.1,217.7],[863.9,216.1],[864,215.8],[864,215.5],[864,215.4],[864.1,215.3],[864.2,214.8],[864.1,214.8],[864,214.8],[864,214.7],[864,214.6],[864,214.5],[864,214.4],[864,214.3],[864,214.2],[864.1,214.1],[864.2,214.1],[864.2,214],[864.2,213.9],[864.2,213.7],[864.2,213.6],[864.2,213.5],[864.2,213.4],[864.3,213.3],[864.3,213.2],[864.8,212],[865.1,211.8],[865.3,211.7],[865.4,211.6],[865.5,211.1],[865.7,211.1],[866.5,210.6],[866.4,210.1],[866.1,209.9],[866.1,209.8],[865.4,209],[865.2,208.8],[865.1,208.9],[865,209],[864.9,209.1],[863.7,208.8],[863.6,209],[862.1,208.8],[861.9,208.8],[861.8,208.6],[861.6,208.4],[861.5,208.4],[861.3,208.4],[861,208.3],[860.7,208.6],[860.4,208.6],[860.1,208.5],[860.1,208.3],[860.1,208.1],[860,207.8],[859.7,207.9],[859.7,207.7],[859.1,207.4],[859.1,207.2],[858.1,206],[858,206],[857.9,205.8],[857.7,205.6],[857.8,205.5],[858.1,205.2],[858.2,205.3],[858,204.5],[857.9,204.3],[857.4,202.4],[857.3,202.2],[856.8,201.4],[856.7,201.3],[856.2,201.3],[856.2,201.2],[856.5,200.7],[856.5,200.3],[856.4,200.2],[856.3,200.2],[855,199.5],[854.9,199.6],[854.4,199.2],[854.3,199.1],[853.3,199.7],[853.3,199.8],[852.6,199.4],[852.6,199.3],[852.5,199.2],[852.3,199.2],[852.3,199.1],[852.2,198.9],[852.3,198.8],[852.3,198.7],[852.3,198.6],[852.2,198.6],[852.1,198.4],[852,198.3],[852,198.2],[851.9,198.1],[851.9,198],[851.9,197.9],[851.8,197.8],[851.7,197.7],[851.6,197.7],[851.5,197.7],[851.5,197.6],[851.4,197.5],[851.3,197.6],[851.3,197.7],[851.2,197.7],[851.1,197.7],[851,197.7],[851,197.6],[850.9,197.6],[850.9,197.5],[850.8,197.5],[850.7,197.4],[850.7,197.3],[850.5,197.3],[850.3,196.7],[850.1,196.7],[848.4,196.9],[847.8,197.1],[847.5,197.1],[847.1,197.2],[846.3,197.4],[845.7,197.6],[845.6,197.6],[845.2,197.7],[845.1,197.7],[844.2,197.8],[843.8,197.9],[843.4,198],[842.9,198.1],[842.8,198.2],[842.4,198.2],[842.2,198.3],[842.1,198.3],[841.6,198.4],[840.3,198.7],[839.5,198.9],[838.8,199],[838.4,199.1],[837.5,199.3],[837.4,199.3],[836.2,199.6],[835.8,199.7],[835,199.8],[834.9,199.9],[834.5,200],[833.5,200.2],[833.1,200.2],[832.8,200.3],[832.3,200.4],[832.1,200.5],[831.9,200.5],[831.5,200.6],[830.8,200.8],[830.2,200.9],[829.9,200.9],[828.9,201.1],[828.5,201.1],[828.4,201.2],[827.9,201.3],[827.3,201.4],[827.2,201.4],[826.8,201.5],[826.7,201.5],[826,201.6],[825.5,201.7],[825.3,201.8],[825,201.8],[823.8,202.1],[823.4,202.1],[823.4,202.2],[823.3,202.2],[823.2,202.2],[823.1,202.2],[823,202.2],[822.3,202.4],[821.7,202.5],[821.4,202.6],[820.7,202.7],[820,202.9],[819.5,203],[819.4,203],[819.3,203],[818.8,203.1],[817.9,203.3],[816.9,203.6],[816.2,203.7],[816,203.8],[815.7,203.8],[815.6,203.9],[815.5,203.9],[815,204],[814.7,204],[814.2,204.1],[813.8,204.2],[813.1,204.3],[812.3,204.4],[812,204.5],[811.6,204.6],[811.1,204.7],[810.5,204.8],[809.9,204.9],[808.9,205.1],[808.7,205.2],[808.4,205.2],[807.2,205.5],[806.6,205.6],[806.1,205.7],[805.9,205.7],[805.5,205.8],[804.8,206],[804.3,206.1],[804.1,206.1],[803.8,206.2],[803.2,206.3],[802.3,206.5],[801.4,206.7],[801.3,206.7],[799.9,207],[799.5,207],[799.4,207],[799.1,207.1],[798.2,207.3],[797.7,207.4],[796.3,207.6],[795.3,207.7],[794.9,207.8],[793.9,208],[793.5,208.1],[793.2,208.1],[792.5,208.3],[792.1,208.4],[792,208.4],[791.9,208.4],[791.8,208.4],[791.3,208.5],[790.7,208.6],[790.1,208.7],[789.6,208.8],[789.1,208.9],[788.7,209],[787.9,209.2],[786.7,209.4],[786.4,209.4],[782.8,210.2],[781.5,210.4],[780.5,210.6],[780.4,210.6],[780,210.7],[779.8,210.7],[778.3,211],[776.7,211.2],[776.4,211.2],[776.2,211.3],[775.7,211.4],[775.1,211.5],[774.7,211.6],[774.3,211.6],[774.1,211.7],[773.5,211.8],[772.2,212],[771.7,212.1],[771.3,212.2],[770.6,212.3],[770.2,212.4],[769.4,212.5],[769.2,212.6],[768.9,212.6],[768.6,212.7],[768.4,212.7],[767.8,212.8],[767.4,212.9],[767.2,212.9],[767.1,212.9],[766,213.1],[764.4,213.4],[764.2,212.2],[764,211.1],[763.7,209.4],[763.6,208.5],[763.4,207.6],[763.4,207.3],[763.3,207.1],[763.2,206.2],[762.7,203.4],[762.1,199.7],[756.4,204],[748.2,207.2],[749.6,215.8],[749.7,216.5],[749.8,216.9],[749.8,217.2],[749.9,217.6],[750,217.8],[750,218.3],[750.1,218.8],[750.1,218.9],[750.2,219.5],[750.3,220],[750.7,222.1],[750.7,222.4],[750.8,222.7],[750.9,223.4],[751,224.2],[751.2,225],[751.2,225.1],[751.3,225.8],[751.4,226.3],[751.7,227.9],[751.7,228.2],[751.9,229.3],[752,229.8],[752.2,231.6],[752.3,232.1],[752.4,232.7],[752.4,232.8],[752.5,233.2],[752.5,233.4],[752.6,234.2],[752.6,234.3],[752.8,235],[752.9,235.8],[752.9,236],[753,236.2],[753,236.3],[753,236.4],[753,236.5],[753,236.6],[753.1,236.8],[753.1,236.9],[753.2,237.5],[753.2,237.9],[753.3,238.4],[753.4,238.7],[753.4,238.8],[753.4,238.9],[753.5,239.6],[753.6,239.8],[753.6,240],[753.7,240.5],[753.7,240.8],[754,242],[754.1,243.1],[754.2,243.3],[754.2,243.7],[754.4,244.5],[754.4,244.7],[754.5,245],[754.5,245.1],[754.6,245.6],[754.6,245.7],[754.6,246],[754.7,246.4],[754.8,246.8],[754.8,247],[755,248],[755,248.1],[755,248.4],[755.1,248.6],[755.2,249.1],[755.3,249.9],[755.4,250.7],[755.5,251.5],[755.5,251.7],[755.5,251.9],[755.5,252],[755.6,252.1],[755.8,253.3],[755.8,253.6],[755.8,253.8],[755.9,254.4],[756,254.8],[756.1,255.2],[756.1,255.3],[756.2,255.8],[756.3,256.2],[756.3,256.3],[756.3,256.4],[756.4,256.7],[756.5,257.5],[756.6,258.2],[756.6,258.3],[756.8,259.2],[756.9,259.9],[757.1,261.1],[757.1,261.3],[757.1,261.5],[757.2,261.8],[757.5,263.6],[757.5,263.8],[757.6,264.2],[757.6,264.5],[757.8,265.1],[758.1,266.9],[758.1,267.2],[758.1,267.3],[758.2,267.7],[758.3,268.1],[758.3,268.5],[758.4,268.9],[758.6,269.9],[758.6,270],[758.7,270.4],[758.7,270.6],[758.7,270.8],[758.8,271.5],[758.9,272.2],[758.9,272.6],[759,272.8],[759,273],[759.1,273.5],[759.1,273.6],[759.2,274.2],[759.2,274.3],[759.3,274.7],[759.3,274.9],[759.4,275.2],[759.4,275.6],[759.5,275.8],[759.6,276.3],[760.1,276.3],[760.5,276.3],[760.8,276.2],[761.1,276.2],[761.4,276.1],[762.4,275.9],[762.5,275.9],[762.6,275.9],[763,275.8],[763.4,275.8],[763.9,275.7],[764.5,275.6],[764.6,275.6],[764.7,275.6],[764.8,275.5],[765.1,275.5],[765.2,275.5],[765.3,275.5],[765.5,275.4],[765.7,275.4],[765.8,275.3],[765.9,275.3],[766,275.3],[766.1,275.3],[766.2,275.3],[766.3,275.3],[766.6,275.2],[767,275.2],[767.2,275.1],[767.9,275],[768,275],[768.4,275],[768.9,274.9],[769,274.9],[769.9,274.7],[770.6,274.6],[771.1,274.6],[771.3,274.5],[771.8,274.4],[771.9,274.4],[772.3,274.3],[772.9,274.2],[773,274.2],[773.3,274.2],[773.6,274.1],[773.9,274],[774.1,274],[775.1,273.8],[776,273.7],[776.6,273.6],[776.9,273.5],[777.1,273.5],[777.2,273.5],[777.6,273.4],[777.9,273.3],[778,273.3],[778.2,273.3],[779.4,273.1],[780,273],[780.4,272.9],[780.6,272.8],[781.1,272.7],[781.3,272.7],[781.7,272.6],[782.3,272.5],[782.4,272.5],[782.9,272.4],[783.2,272.3],[783.4,272.3],[784.1,272.2],[784.4,272.1],[785.6,271.9],[785.9,271.8],[786.1,271.8],[786.8,271.7],[788.8,271.4],[789.1,271.3],[789.2,271.3],[790.5,271.1],[791,271],[791.4,270.9],[792.5,270.7],[793.1,270.6],[793.3,270.5],[794,270.4],[794.7,270.3],[794.8,270.3],[795.4,270.2],[796.2,270],[796.8,269.9],[796.9,269.9],[797.5,269.7],[798,269.7],[798.7,269.5],[799.4,269.4],[800.5,269.2],[801,269.1],[801.4,269],[801.8,269],[802.1,268.9],[802.6,268.8],[803.3,268.6],[803.5,268.6],[803.8,268.5],[804,268.5],[804.5,268.4],[804.9,268.4],[805.4,268.3],[805.6,268.2],[805.8,268.2],[805.9,268.2],[806.2,268.2],[806.6,268.1],[806.8,268.1],[807.3,268],[807.5,267.9],[808,267.8],[808.3,267.8],[808.7,267.7],[809.1,267.6],[809.7,267.5],[811.5,267.1],[812,267.1],[812.4,267],[814.2,266.6],[814.5,266.6],[814.9,266.5],[815.2,266.4],[815.7,266.4],[815.9,266.3],[816,266.3],[816.7,266.1],[816.8,266.1],[817.2,266.1],[817.9,265.9],[818.2,265.9],[819,265.7],[819.4,265.6],[819.6,265.6],[820,265.5],[820.2,265.5],[820.3,265.5],[820.4,265.4],[820.6,265.4],[820.7,265.4],[820.8,265.4],[820.9,265.3],[821.4,265.2],[821.7,265.2],[822.6,265],[822.9,264.9],[823.3,264.9],[823.5,264.9],[823.8,264.8],[824.2,264.8],[825,264.6],[825.4,264.5],[825.6,264.5],[826,264.4],[826.1,264.4],[826.3,264.3],[826.6,264.3],[827.2,264.1],[827.9,264],[828.2,263.9],[828.3,263.9],[828.4,263.9],[828.6,263.9],[829,263.8],[829.4,263.7],[830.2,263.5],[830.3,263.5],[830.5,263.5],[830.7,263.4],[831.2,263.3],[831.4,263.2],[831.9,263.2],[832,263.1],[832.4,263],[832.8,263],[833.1,262.9],[833.4,262.8],[833.5,262.8],[833.8,262.7],[834.4,262.6],[834.7,262.6],[834.8,262.5],[835.1,262.5],[835.8,262.3],[836,262.3],[836.2,262.2],[836.3,262.2],[836.4,262.2],[836.7,262.1],[837,262],[837.6,261.9],[838,261.8],[839.5,261.5],[839.8,261.5],[840.2,261.5],[840.5,261.4],[840.7,261.4],[841,261.3],[841.3,261.2],[841.5,261.2],[841.7,261.1],[842.1,261.1],[842.6,261],[843.4,260.8],[843.5,260.7],[843.6,260.7],[843.7,260.7],[845.2,260.4],[845.3,260.4],[845.6,260.3],[845.9,260.2],[846.2,260.2],[846.6,260.1],[846.8,260],[847.2,259.9],[847.4,259.9],[847.6,259.9],[847.9,259.8],[848.2,259.7],[849,259.5],[849.7,259.4],[850,259.3],[850.4,259.2],[850.7,259.2],[851.1,259.1],[851.3,259],[851.6,259],[852.2,258.8],[852.4,258.8],[852.9,258.7],[853.9,258.5],[854.4,258.3],[854.5,258.3],[854.6,258.3],[854.9,258],[854.9,257.9],[855.1,257.3],[855.1,257.1],[855.2,257],[855.3,256.8],[855.5,256.4],[855.7,256.1],[855.8,255.9],[855.9,255.8],[856.2,255.5],[856.4,255.2],[856.5,255.1],[856.7,255],[856.8,254.9],[857.1,254.8],[857.2,254.8],[857.5,254.6],[857.7,254.5],[857.8,254.5],[857.9,254.4],[858.1,254.4],[858.2,254.4],[858.4,254.3],[858.5,254.3],[858.9,254.2],[859.2,254.2],[859.3,254.2],[859.4,254.2],[859.6,254.2],[859.7,254.2],[860,254.2],[860.2,254.3],[860.4,254.3],[860.5,254.3],[860.7,254.4],[860.8,254.4],[860.9,254.4],[861,254.4],[861,254.5],[861.1,254.5],[861.4,254.6],[861.6,254.7],[861.9,254.3],[862.3,253.8],[862.6,253.4],[862.7,253.3],[862.8,253.1],[863.1,253],[863.3,252.9],[863.7,252.9],[864.1,252.7],[864.4,252.6],[864.6,252.5],[864.8,252.4],[865.1,252.2],[865.4,251.8],[865.6,251.6],[865.8,251.4],[866.4,251.4],[866.4,251.3],[866.5,251.1],[866.5,251],[866.6,250.8],[866.6,250.7],[866.6,250.6],[866.6,250.5],[866.5,250.4],[866.5,250.3],[866.4,250.1],[866.3,249.7],[866.3,249.4],[867.1,248.6],[867.2,248.5],[867.4,248.3],[867.4,248.2],[867.5,248],[867.6,247.6],[867.7,247.5],[867.9,247.3],[868.1,247.2],[868.2,247.2],[868.3,247.1],[868.5,246.8],[868.6,246.6],[868.9,246.2],[869,246],[869.2,245.9],[869.6,245.5],[869.9,245.3],[870,245.3],[870.4,245.1],[870.4,245],[870.6,244.8],[870.9,244.7],[870.9,244.6],[871.3,243.9],[871.3,243.8],[871.4,243.6],[871.5,243.4],[871.9,243.5],[872.2,243.5],[872.5,243.2],[873,242.9],[873.1,242.7],[872.5,241.6]]]]}},{"type":"Feature","properties":{"st":"RI","fips":"44","name":"Rhode Island","seats":2,"seats_2000":2,"seats_2010":2,"seats_2020":2,"seats_2030":1,"label_x":1014.8,"label_y":141.6},"geometry":{"type":"MultiPolygon","coordinates":[[[[1006.1,122],[1005.3,122.4],[1005,122.4],[1004.4,122.6],[1003.9,122.8],[1003.7,122.8],[1003,123],[1002.6,123.1],[1002.2,123.3],[1001.7,123.5],[1000.8,123.7],[999.5,124],[999.9,125.1],[1000,125.9],[1000.6,128.1],[1000.8,128.8],[1000.9,129.3],[1001.1,129.5],[1001.5,131],[1001.7,131.3],[1001.7,131.7],[1001.9,132.3],[1002.2,133.4],[1002.2,133.5],[1002.6,134.4],[1002.6,134.6],[1003,135.5],[1003.5,137.5],[1003.9,139.2],[1004,139.4],[1004.2,140.5],[1004.4,141.2],[1004.8,142.3],[1004.8,142.5],[1005,142.8],[1005.1,143.7],[1005.1,144.3],[1005.3,144.8],[1005.5,145.4],[1005.5,145.8],[1005.7,146.3],[1005.9,147.6],[1006.6,150.7],[1006.6,150.9],[1006.8,151.4],[1006.8,151.8],[1007,152],[1007,152.5],[1007.2,153],[1007,153],[1006.8,153],[1006.6,153],[1006.4,153],[1006.2,153],[1006.2,153.2],[1006.2,153.4],[1006.1,153.4],[1005.9,153.6],[1005.7,153.6],[1005.7,153.8],[1005.7,154],[1005.7,154.1],[1005.9,154.1],[1005.7,154.3],[1005.9,154.5],[1006.1,154.7],[1006.2,154.7],[1006.2,154.9],[1006.2,155.1],[1006.4,155.1],[1006.4,155.2],[1006.4,155.4],[1006.4,155.8],[1006.4,156.2],[1007,156.7],[1006.8,157.4],[1005.9,158.3],[1005.3,158.2],[1005,158.2],[1004.8,158.2],[1004.8,158.9],[1004.6,159.4],[1006.2,160.9],[1007.2,161.6],[1010.4,164.4],[1009.2,160],[1013.4,158],[1016.5,155.6],[1019,155.6],[1023.6,152.7],[1031.6,146.8],[1032.7,145.6],[1030.7,142.8],[1030.7,142.7],[1030.3,141.4],[1029.8,139.9],[1029.6,139.7],[1029.2,138.6],[1029,137.9],[1028.7,137.7],[1028.7,137.5],[1028.5,137.5],[1028.3,137],[1028.3,136.3],[1028.1,135.4],[1028.1,134.8],[1027.9,134.8],[1027.2,134.8],[1026.8,134.8],[1026.3,134.8],[1026.1,134.6],[1025.9,134.6],[1025.8,134.6],[1025.6,134.6],[1024.1,133.4],[1023.6,132.6],[1022.7,131.9],[1022.3,131.5],[1021.7,131.3],[1021.4,131.2],[1021.2,131.2],[1019.9,130.8],[1019.4,130.6],[1019.4,130.4],[1019.2,130.3],[1019,130.1],[1018.8,130.1],[1018.6,129.7],[1018.6,129.5],[1018.3,128.8],[1018.3,128.6],[1018.3,128.4],[1018.5,128.1],[1018.1,127.9],[1018.1,127.7],[1018.1,127.2],[1018.1,126.8],[1017.9,126.4],[1017.9,126.2],[1017.5,125.5],[1017.5,125.3],[1017.5,125.1],[1017.4,125.1],[1017.2,125.1],[1017,125.3],[1016.8,125.3],[1016.5,125.5],[1016.3,125.7],[1016.1,125.7],[1016.1,125.5],[1015.9,125.5],[1015.9,125.1],[1015.9,125],[1015.9,124.8],[1015.7,124.6],[1015.7,124.4],[1015.7,124.2],[1015.5,123.9],[1015.4,123.1],[1015.2,122.8],[1015.2,122.4],[1015,121.9],[1015,121.3],[1014.6,120.6],[1014.6,120],[1014.1,119.7],[1013.9,119.7],[1013.4,119.9],[1013.2,119.9],[1013,120],[1012.3,120.2],[1011.9,120.2],[1011.7,120.4],[1010.8,120.6],[1010.6,120.8],[1010.4,120.8],[1010.3,120.8],[1010.1,120.8],[1009.9,120.9],[1009.7,120.9],[1009.5,121.1],[1009.2,121.1],[1009,121.3],[1008.8,121.3],[1008.6,121.3],[1008.2,121.5],[1007.3,121.7],[1007.2,121.9],[1007,121.9],[1006.8,121.9],[1006.4,122],[1006.1,122]]],[[[1014.6,162.7],[1015.5,165.8],[1017.9,166.9],[1021,165.8],[1021.9,162.2],[1020.5,158.7],[1017.4,156.7],[1015.2,158.3],[1015.2,160.5],[1014.6,162.7]]]]}},{"type":"Feature","properties":{"st":"SC","fips":"45","name":"South Carolina","seats":7,"seats_2000":6,"seats_2010":7,"seats_2020":7,"seats_2030":7,"label_x":784.2,"label_y":494.9},"geometry":{"type":"MultiPolygon","coordinates":[[[[740.3,482.8],[740.3,482.9],[740.4,482.9],[740.4,483],[740.3,483],[740,483.4],[740,483.6],[740,483.8],[740,483.9],[740.1,484.1],[740.3,484.4],[740.3,484.5],[740.4,484.5],[740.5,484.5],[740.6,484.5],[740.6,484.6],[740.7,484.7],[740.8,484.7],[740.9,484.7],[740.9,484.8],[741,484.8],[741.1,484.8],[741.2,485],[741.3,485.1],[741.8,485.3],[742,485.4],[742.1,485.4],[742.1,485.6],[742.6,485.7],[742.7,485.7],[743,485.7],[743.1,485.7],[743.3,485.7],[743.9,486.4],[743.9,486.5],[744.1,486.6],[744.2,486.6],[744.4,486.6],[744.7,486.9],[744.7,487],[744.8,487.1],[744.9,487],[745,487.3],[745,487.4],[745.1,487.4],[745.5,487.5],[745.6,487.5],[745.6,487.7],[745.7,487.8],[746.6,488],[746.6,487.9],[746.8,487.8],[747.2,487.8],[747.3,487.8],[748,487.6],[748.1,487.5],[748.6,487.8],[749.2,488.6],[749.2,488.7],[749.2,488.8],[749.3,488.9],[749.3,489],[749.4,489.2],[749.5,489.3],[749.5,489.4],[749.5,489.5],[749.6,489.8],[749.8,489.9],[750,490.1],[750.3,490.2],[750.4,490.3],[750.8,491.2],[750.9,491.3],[751.5,491.9],[751.5,492.1],[751.6,492.3],[751.6,492.5],[751.6,492.8],[751.9,493.4],[751.9,493.5],[752.1,493.7],[752.2,494],[753.1,494.5],[753.2,494.6],[753.7,495.2],[753.7,495.3],[754.6,496.1],[754.6,496.3],[754.6,496.5],[754.7,496.6],[755.4,497.6],[755.8,497.8],[755.9,497.8],[756.5,498.1],[756.6,498.3],[757.2,498.7],[757.4,498.8],[757.4,498.9],[757.5,498.9],[757.5,499],[757.6,499],[757.7,499],[757.8,499.1],[757.9,499.1],[758,499.2],[759.1,499.5],[759.3,499.6],[759.5,499.6],[759.6,499.7],[759.9,499.9],[760,499.9],[761.4,501.3],[761.4,501.4],[761.8,502.2],[761.9,502.3],[762.1,502.5],[763.1,503.7],[763.2,503.7],[763.4,503.9],[763.5,504],[763.9,503.9],[764,503.8],[764.3,504],[764.5,504.1],[764.7,504.1],[764.8,504.2],[765,504.3],[765.2,504.3],[765.4,504.5],[765.5,504.6],[765.8,504.9],[765.9,504.9],[766,505.1],[766.1,505.1],[766.1,505.2],[766.2,505.2],[766.3,505.3],[766.3,505.4],[766.4,505.5],[766.4,505.8],[766.5,505.8],[766.6,505.8],[767,505.9],[767.6,506.1],[767.6,506.2],[767.7,506.4],[767.8,506.4],[767.9,506.5],[767.9,506.6],[767.9,506.7],[767.8,507.2],[767.7,507.2],[767.7,507.3],[767.6,507.3],[767.5,507.3],[767.4,507.3],[767.5,507.4],[767.6,507.4],[767.6,507.5],[767.7,507.6],[767.7,507.7],[767.7,507.8],[767.8,507.9],[767.9,507.9],[767.6,508],[767.5,508.1],[767.8,508.4],[767.7,508.5],[768.1,508.6],[768.2,508.6],[768.1,508.7],[768.1,508.8],[768.2,508.8],[768.3,508.8],[768.3,508.9],[768.3,509],[768.4,508.8],[768.4,508.7],[768.5,508.8],[768.5,508.9],[768.6,508.9],[768.7,508.9],[768.6,509],[768.6,509.1],[768.7,509.1],[768.7,509.2],[768.8,509.2],[768.8,509.3],[768.9,509.3],[768.9,509.2],[768.9,509.1],[769,509.1],[769.5,510.3],[769.6,510.4],[769.6,510.5],[769.7,510.5],[769.8,510.5],[769.9,510.5],[769.9,510.7],[770,510.7],[770.1,510.7],[770.2,510.7],[770.3,510.8],[770.3,510.9],[770.4,510.9],[770.4,511],[770.5,510.9],[770.6,511],[770.7,511],[770.8,511],[770.8,510.9],[770.8,510.8],[770.8,510.7],[770.9,510.7],[771,510.8],[771.1,510.8],[771.1,510.9],[771.1,511],[771.1,511.1],[771.2,511.1],[771.3,511.1],[771.1,511.5],[772.1,512.5],[772.2,512.5],[772.3,512.6],[772.4,512.6],[772.5,512.6],[772.6,512.6],[772.7,512.6],[772.9,512.6],[772.9,512.7],[773,512.7],[773.1,512.8],[773.2,512.8],[773.3,512.9],[773.4,512.9],[773.5,512.9],[773.6,512.9],[773.7,512.9],[773.8,512.9],[774,512.9],[774.1,512.9],[775,513.7],[776.4,514.5],[776.4,514.6],[776.4,515.8],[776.4,515.9],[776.5,515.9],[776.6,515.9],[776.7,515.9],[776.7,516],[776.7,516.1],[776.7,516.2],[776.8,516.2],[776.8,516.3],[776.9,516.4],[776.9,516.5],[777,516.5],[777.1,516.5],[777.1,516.6],[777.2,516.7],[777.1,516.7],[777,516.7],[777,516.8],[777,516.9],[777.2,516.9],[777.2,516.8],[777.3,516.8],[777.3,516.9],[777.3,517],[777.4,517],[777.5,517.1],[777.4,517.4],[777.5,517.5],[777.4,517.5],[777.5,517.6],[777.6,517.5],[777.6,517.4],[777.7,517.4],[777.7,517.5],[777.8,517.6],[777.8,517.5],[777.9,517.5],[777.9,517.6],[778,517.6],[778.1,517.6],[778.1,517.7],[778.1,517.8],[778,517.8],[777.9,517.8],[778,517.9],[778,518],[778.1,518],[778.17,518],[778.1,518.2],[778.2,518.3],[778.1,518.3],[778.1,518.4],[778.2,518.5],[778.2,518.6],[778.2,518.7],[778.2,518.8],[778.1,518.7],[778.1,518.8],[778.1,519],[778.2,519.1],[778.6,519.4],[778.6,519.5],[778.8,520.7],[778.9,520.8],[778.9,521.2],[778.8,521.8],[778.8,521.9],[778.9,522],[779,522.1],[779.4,522.4],[779.5,522.5],[779.6,522.6],[779.7,522.6],[779.7,522.7],[779.8,522.7],[779.8,522.8],[779.9,522.8],[779.9,522.7],[780,522.7],[780,522.8],[780,522.9],[780.1,522.9],[780.2,522.9],[780.3,523],[780.4,523],[780.5,523],[780.6,523],[780.7,523],[780.8,523],[780.9,523],[781,522.9],[781.1,522.9],[781.1,523],[781.2,523.1],[781.3,523.1],[781.3,523],[781.4,523],[781.4,523.1],[781.4,523.2],[781.5,523.2],[781.5,523.3],[781.5,523.4],[781.6,523.4],[781.6,523.5],[781.7,523.5],[783,524.5],[783.1,525.5],[783.2,525.6],[783.3,525.7],[783.6,526.2],[783.6,526.3],[783.7,526.3],[783.8,526.6],[783.9,526.6],[784.3,526.8],[784.4,526.8],[784.4,526.9],[784.5,526.9],[784.6,527],[784.6,526.9],[784.7,526.9],[784.7,527],[784.7,527.1],[784.6,527.1],[784.6,527.2],[784.5,527.2],[784.6,527.3],[784.7,527.3],[784.7,527.4],[784.7,527.5],[784.7,527.6],[784.7,527.7],[784.8,527.7],[784.8,527.6],[784.9,527.7],[784.9,527.8],[784.9,527.9],[785,528],[785,528.1],[784.9,528.1],[784.9,528.2],[785,528.3],[784.9,528.3],[784.8,528.3],[784.8,528.4],[784.7,528.4],[784.7,528.5],[784.7,528.6],[784.7,528.7],[784.6,528.7],[784.6,528.8],[784.7,528.8],[784.7,528.9],[784.5,528.9],[784.7,529.2],[784.7,529.3],[784.7,529.4],[784.7,529.5],[784.8,529.5],[784.9,529.5],[785,529.5],[785,529.6],[785.2,530.5],[785.3,530.6],[785.3,530.7],[785.4,530.7],[785.7,531.6],[785.8,531.6],[786.2,531.7],[786.2,531.8],[787,531.9],[787.1,531.9],[787.3,531.8],[787.4,531.6],[789.8,532.4],[790.4,532.3],[791.7,533],[792.2,531.9],[792.1,531.3],[793.3,529.8],[794.5,529.1],[795.4,527.4],[797.5,526.2],[797.5,524.8],[799.4,521.8],[800.1,521.2],[801.3,520.9],[801.7,519.8],[803.6,519.3],[804.5,518.1],[806.3,516.4],[806.6,515],[807.8,514.4],[808.5,513.1],[810,511.7],[810.5,510.3],[811.4,509.6],[812.6,509.7],[813.4,509.3],[814,507.2],[814.7,506.7],[815.8,505],[816.5,504.4],[816.4,503.3],[815.7,502.8],[815.9,501.5],[815.8,500.2],[816.4,498.2],[817,497.5],[818.3,494.6],[819.9,492.3],[821,491.1],[822.3,490.2],[823.5,489.7],[823.5,488.9],[823.2,488.6],[822.9,488.4],[822.8,488.4],[822.6,488.3],[822.5,488.2],[822.3,488],[822.2,488],[822.1,488],[821.7,487.6],[820.5,486.7],[819.8,486.3],[819.4,486],[819.4,485.9],[819.1,485.7],[818.9,485.7],[818.5,485.3],[818.2,485.1],[817.9,484.9],[817.6,484.7],[816.7,484.1],[816.5,483.9],[816.4,483.9],[816.2,483.7],[816,483.5],[815.8,483.4],[815.6,483.3],[814.9,482.7],[814.6,482.5],[814.3,482.4],[814,482.1],[813.6,481.8],[812.7,481.2],[812.1,480.8],[812,480.6],[811.3,480.1],[810.8,479.8],[810.5,479.6],[810.1,479.3],[809.8,479.1],[809.4,478.9],[808.7,478.3],[808.2,477.9],[808,477.7],[807.9,477.7],[807.5,477.4],[807.4,477.4],[807,477],[805.8,476.2],[805.4,475.9],[805.1,475.6],[805,475.6],[804.6,475.3],[804.1,475],[803.6,474.6],[803.4,474.4],[803.1,474.3],[802.9,474.1],[802.3,473.7],[802.2,473.7],[802,473.5],[801.9,473.5],[801.6,473.2],[801.3,473],[801,472.7],[800.8,472.7],[800.6,472.7],[800.5,472.7],[800.4,472.7],[800,472.8],[799.3,472.9],[798.6,473],[797.3,473.3],[796.7,473.3],[796,473.4],[795.5,473.5],[795.4,473.5],[795.2,473.5],[794.7,473.6],[794.2,473.7],[793.8,473.7],[793.3,473.8],[792.8,473.8],[792.7,473.9],[792,474],[790.8,474.1],[790.6,474.2],[790.4,474.2],[789.9,474.3],[789.8,474.3],[789.3,474.4],[789,474.4],[788.8,474.4],[788.5,474.5],[788.2,474.5],[787.9,474.6],[787.4,474.7],[786.8,474.7],[786.7,474.7],[786.2,474.8],[786.1,474.8],[785.6,474.9],[784.7,475],[784.6,475],[783.9,475.2],[783.8,475.2],[783.3,475.3],[783,475.3],[782.7,475.3],[782.4,475.4],[782.2,475.4],[782.1,475.3],[782.1,475],[782.1,474.7],[782.1,474.3],[782.1,473.7],[782.1,473.5],[782.1,473.3],[782.1,473],[781.9,472.9],[781.6,472.6],[781.5,472.4],[781.4,472.4],[781.2,472.3],[781,472.1],[780.9,471.9],[780.9,471.8],[780.6,471.6],[780.6,471.5],[780.4,471.3],[780.3,471.2],[780,470.9],[779.7,470.6],[779.5,470.5],[779.4,470.4],[779.4,470.3],[779.3,470.3],[779.3,470.2],[779.1,470],[779,470],[778.4,470.5],[778.3,470.6],[778.2,470.7],[778,470.9],[777.6,471.4],[777.5,471.4],[777.1,471.2],[777,471],[777,470.9],[777,470.8],[777,470.7],[777,470.6],[777.2,469.9],[777.1,469.7],[777,469.7],[777,469.5],[776.8,469.4],[776.7,469.4],[776.6,469.4],[776.2,469.4],[776.1,469.4],[775.9,469.4],[775.6,469.4],[775.3,469.5],[775.1,469.5],[775,469.5],[774.7,469.5],[774.4,469.6],[774.2,469.6],[773.8,469.7],[773.5,469.7],[773.3,469.7],[773.2,469.7],[772.5,469.8],[772.3,469.8],[772,469.8],[771.3,469.9],[771.1,469.9],[770.5,470],[770.4,470],[770.2,470],[770.1,470],[769.9,470],[769.3,470.1],[769,470.1],[768.8,470.2],[768.7,470.2],[768.6,470.2],[767.6,470.3],[767,470.3],[765.9,470.5],[765.7,470.5],[765.4,470.6],[765,470.6],[764.9,470.6],[764.7,470.6],[764.5,470.6],[764.4,470.6],[764.2,470.6],[764,470.7],[763.8,470.7],[763.6,470.7],[763.1,470.8],[762.8,470.8],[762.6,470.9],[761.8,470.9],[761.6,470.9],[761.4,470.9],[761.2,470.9],[761.1,471],[761,471],[760.8,471],[760.4,471.1],[760.3,471.1],[759.9,471.2],[759.3,471.2],[758.9,471.2],[758.8,471.2],[758.6,471.2],[758.3,471.3],[758.1,471.3],[757.5,471.4],[757.3,471.4],[757.2,471.4],[757.1,471.4],[756.9,471.4],[756.4,471.5],[756.3,471.5],[756.2,471.5],[756,471.6],[755.8,471.7],[755.6,471.8],[755.4,471.7],[755.3,471.8],[755.2,471.8],[755.1,471.9],[755.1,472],[755,472.1],[754.9,472.1],[754.9,472],[754.8,472],[754.8,471.9],[754.8,471.8],[754.8,471.7],[754.6,471.4],[754.5,471.4],[754.5,471.5],[754,472.1],[754.1,472.2],[753.9,472.5],[753.8,472.5],[753.7,472.6],[753.6,472.6],[753.6,472.5],[753.7,472.4],[752.6,472.7],[752.6,472.8],[752.5,472.9],[752.5,473],[752.4,473],[752.3,473],[752.3,472.9],[752.2,472.8],[752.1,472.9],[752,472.9],[752,473],[751.7,473.3],[751.6,473.3],[751.5,473.4],[751.4,473.4],[751.3,473.5],[751.2,473.5],[751.1,473.5],[750.7,473.8],[750.7,473.7],[750.6,473.6],[750.6,473.8],[750.1,473.8],[750,473.8],[749.9,473.9],[749.9,474],[749.9,474.1],[749.9,474.3],[749.9,474.4],[749.8,474.4],[749.7,474.5],[749.6,474.6],[749.5,474.6],[749.5,474.7],[749.4,474.7],[749.3,474.7],[749.3,474.8],[749.2,474.8],[749.2,474.9],[749.2,475],[749.1,475],[749,475],[749,475.1],[748.9,475.2],[748.9,475.3],[748.8,475.3],[748.7,475.3],[748.6,475.3],[748.5,475.3],[748.5,475.2],[748.6,475.1],[748.6,475],[748.5,475],[748.4,475],[748.3,475],[748,475.2],[747.6,475.3],[746.6,475.8],[746.6,475.9],[746.1,476.1],[745.3,476.5],[744.8,476.7],[744.7,476.8],[744.1,477.1],[743.3,477.4],[743.3,477.5],[743.4,477.7],[743.3,477.9],[743.3,478],[743.2,478.1],[743.1,478.3],[743.2,478.3],[743.3,478.4],[743.2,478.5],[743.1,478.4],[743.1,478.5],[743.1,478.6],[743.2,478.6],[743.3,478.7],[743.4,478.8],[743.3,478.8],[743.3,478.9],[743.2,478.8],[743.1,478.8],[743,478.9],[743,479],[743,479.1],[742.9,479.1],[742.8,479.1],[742.7,479],[742.7,479.1],[742.7,479.2],[742.7,479.3],[742.6,479.2],[742.5,479.2],[742.5,479.3],[742.4,479.4],[742.4,479.5],[742.4,479.6],[742.3,479.6],[742.3,479.7],[742.2,479.8],[742.1,479.8],[742,479.8],[742,479.9],[742,480],[742.1,480.1],[742,480.1],[741.9,480.1],[741.8,480.1],[741.8,480.2],[741.7,480.2],[741.6,480.2],[741.5,480.4],[741.4,480.5],[741.3,480.5],[741.3,480.6],[741.3,480.7],[741.2,480.7],[741.2,480.8],[741.3,480.8],[741.2,480.9],[741.1,480.9],[741,480.9],[741,481],[741,481.1],[741,481.2],[741.1,481.2],[741.1,481.4],[741.1,481.5],[741,481.5],[741,481.6],[740.9,481.6],[740.9,481.5],[740.8,481.5],[740.7,481.5],[740.8,481.6],[740.7,481.6],[740.7,481.7],[740.6,481.7],[740.6,481.6],[740.5,481.6],[740.5,481.7],[740.6,481.8],[740.6,481.9],[740.6,482],[740.4,482],[740.4,482.1],[740.3,482.1],[740.3,482.2],[740.3,482.3],[740.3,482.5],[740.3,482.6],[740.4,482.7],[740.3,482.8]],[[741.3,480.9],[741.3,481],[741.2,481],[741.2,480.9],[741.3,480.9]]],[[[768.2,509],[768.2,509.1],[768.3,509.1],[768.3,509],[768.2,509]]]]}},{"type":"Feature","properties":{"st":"SD","fips":"46","name":"South Dakota","seats":1,"seats_2000":1,"seats_2010":1,"seats_2020":1,"seats_2030":1,"label_x":394.9,"label_y":230},"geometry":{"type":"MultiPolygon","coordinates":[[[[407.9,238.4],[408,238.4],[408,238.3],[408,238],[408.2,237.8],[408.1,237.6],[408.2,237.6],[408.2,237.5],[408.1,237.3],[408.4,237.1],[408.4,237],[408.3,236.7],[408.3,236.6],[408.3,236.5],[408.3,236.4],[408.2,236.4],[408,236.4],[407.9,236.4],[408,236.3],[408,236.2],[407.9,236.1],[408,236.1],[408.1,235.8],[408.1,235.6],[407.8,235.3],[407.9,235.2],[407.9,235.1],[407.8,235],[408.2,235],[408.4,235],[408.4,234.7],[408.4,234.5],[408.4,234.4],[408.4,234.1],[408.4,233.7],[408.4,233.6],[408.4,233.5],[408.4,233.4],[408.4,233.3],[408.4,233.2],[408.4,233.1],[408.4,233],[408.4,232.5],[408.4,232.4],[408.4,232.1],[408.4,232],[408.4,231.8],[408.4,231.5],[408.4,231.3],[408.4,231.2],[408.4,231.1],[408.4,230.9],[408.4,230.8],[408.4,230.6],[408.4,230.3],[408.4,230.2],[408.4,230.1],[408.4,230],[408.4,229.9],[408.4,229.8],[408.4,229.6],[408.4,229.5],[408.4,229.4],[408.4,229.2],[408.4,228.9],[408.4,228.7],[408.4,228.6],[408.4,228.5],[408.4,228.2],[408.4,228.1],[408.4,228],[408.4,227.9],[408.4,227.8],[408.4,227.7],[408.4,227.6],[408.4,227.5],[408.4,227.2],[408.4,227],[408.4,226.9],[408.4,226.8],[408.4,226.6],[408.4,226.5],[408.4,226.3],[408.4,226.2],[408.4,226],[408.4,225.9],[408.3,225.8],[408.3,225.7],[408.2,225.7],[408.1,225.6],[408,225.6],[408,225.5],[407.8,225.4],[407.7,225.4],[407.6,225.4],[407.5,225.3],[407.5,225.2],[407.4,225.2],[407.4,225.1],[407.4,225],[407.3,224.9],[407.2,224.7],[407.1,224.5],[407,224.5],[407,224.4],[407,224.3],[407.1,224.2],[407.2,224.1],[407.3,224.1],[407.5,223.9],[407.6,223.8],[407.7,223.8],[407.7,223.7],[407.8,223.7],[407.8,223.6],[408,223.4],[408,223.3],[408,223.2],[408,223],[408,222.9],[408,222.8],[407.9,222.8],[407.4,222.8],[407.3,222.8],[407.2,222.8],[407.1,222.8],[406.9,222.8],[406.7,222.8],[406.6,222.8],[406.4,222.8],[406.3,222.8],[406.1,222.8],[406,222.8],[405.9,222.8],[405.7,222.8],[405.6,222.8],[405.5,222.8],[405.4,222.8],[405.3,222.8],[404.7,222.8],[404.3,222.8],[403.6,222.8],[403.3,222.7],[403.1,222.7],[402.9,222.7],[402.8,222.7],[402.4,222.7],[402.3,222.7],[402.2,222.7],[401.4,222.7],[401.2,222.7],[400.7,222.7],[400.5,222.7],[400.4,222.6],[400,222.6],[399.9,222.6],[399.8,222.6],[399.5,222.6],[399.2,222.6],[398.9,222.6],[398.6,222.6],[398.5,222.6],[398.2,222.6],[398,222.6],[397.6,222.5],[396.6,222.5],[396.5,222.5],[396.4,222.5],[396,222.5],[395.9,222.5],[395.8,222.5],[395.6,222.5],[395.5,222.5],[395.3,222.4],[395.2,222.4],[394.9,222.4],[394.8,222.4],[394.7,222.4],[394.5,222.4],[394.4,222.4],[394.3,222.4],[394.2,222.4],[394.1,222.4],[393.9,222.4],[393.8,222.4],[393.5,222.3],[393.4,222.3],[393.2,222.3],[393,222.3],[392.8,222.3],[392.7,222.3],[392.5,222.3],[392.4,222.3],[392.3,222.3],[392.2,222.3],[392.1,222.3],[392,222.3],[391.8,222.3],[391.7,222.3],[391.4,222.2],[391.2,222.2],[391,222.2],[390.8,222.2],[390.7,222.2],[390.5,222.2],[390.3,222.2],[390.2,222.2],[390.1,222.2],[389.8,222.1],[389.7,222.1],[389.4,222.1],[389.2,222.1],[389.1,222.1],[388.9,222.1],[388.7,222.1],[388.6,222.1],[388.5,222.1],[388.4,222.1],[388.1,222],[388,222],[387.8,222],[387.7,222],[387.6,222],[387.5,222],[387.4,222],[387.1,222],[387,222],[386.9,221.9],[386.8,221.9],[386.7,221.9],[386.6,221.9],[386.5,221.9],[386.1,221.9],[386,221.9],[385.8,221.9],[385.7,221.9],[385.6,221.9],[385.4,221.8],[385.3,221.8],[385.2,221.8],[384.9,221.8],[384.7,221.8],[384.5,221.8],[384.3,221.7],[384.2,221.7],[384,221.7],[383.9,221.7],[383.8,221.7],[383.6,221.7],[383.5,221.7],[383.2,221.7],[382.9,221.6],[382.8,221.6],[382.6,221.6],[382.4,221.6],[382.3,221.6],[382.1,221.6],[382,221.6],[381.9,221.6],[381.8,222],[381.8,222.9],[381.8,223.1],[381.8,223.3],[381.7,223.8],[381.7,224],[381.7,224.1],[381.7,224.3],[381.6,224.8],[381.6,225],[381.6,225.3],[381.6,225.5],[381.5,225.9],[381.5,226],[381.5,226.3],[381.4,226.3],[381.4,226.6],[381.4,226.7],[381.4,226.9],[381.4,227.2],[381.4,227.3],[381.4,227.4],[381.3,227.6],[381.3,227.8],[381.3,228.1],[381.3,228.3],[381.2,228.5],[381.2,228.6],[381.2,228.7],[381.2,229.3],[381.2,229.7],[381.1,230],[381.1,230.3],[381.1,230.4],[381.1,230.5],[381.1,230.7],[381,231.3],[381,231.4],[381,231.6],[381,231.9],[381,232],[380.9,232.4],[380.9,232.5],[380.9,232.6],[380.8,233.4],[380.8,233.5],[380.8,233.6],[380.8,234.1],[380.8,234.4],[380.8,234.5],[380.7,234.8],[380.7,235.1],[380.7,235.3],[380.7,235.6],[380.6,236.1],[380.6,236.3],[380.8,236.3],[380.9,236.3],[381,236.3],[381.5,236.4],[381.6,236.4],[381.7,236.4],[381.8,236.4],[382.1,236.4],[382.4,236.4],[382.5,236.5],[382.6,236.5],[383,236.5],[383.3,236.5],[383.5,236.5],[383.6,236.5],[384.1,236.6],[384.4,236.6],[384.5,236.6],[385,236.6],[385.7,236.7],[385.8,236.7],[386.1,236.7],[386.3,236.7],[386.5,236.7],[386.9,236.8],[387.2,236.8],[387.3,236.8],[387.7,236.8],[387.9,236.9],[388.1,236.9],[388.3,236.9],[388.5,236.9],[389.4,236.9],[389.7,237],[390,237],[390.1,237],[390.4,237],[390.9,237],[391.3,237.1],[391.6,237.1],[391.8,237.1],[391.9,237.1],[392.1,237.1],[392.2,237.1],[392.4,237.1],[392.5,237.1],[392.6,237.1],[392.7,237.1],[392.8,237.1],[393.4,237.1],[393.4,237.2],[393.5,237.2],[393.9,237.2],[394,237.2],[394.3,237.2],[394.4,237.2],[394.5,237.2],[394.6,237.2],[394.9,237.2],[395,237.2],[395.1,237.2],[395.2,237.2],[395.4,237.2],[395.5,237.3],[395.6,237.3],[395.9,237.3],[396,237.3],[396.1,237.3],[396.2,237.3],[396.5,237.3],[396.7,237.3],[397.1,237.3],[397.2,237.3],[397.3,237.3],[397.6,237.3],[397.7,237.3],[397.8,237.3],[398,237.3],[398.1,237.3],[398.2,237.3],[398.3,237.4],[398.5,237.4],[398.6,237.4],[398.7,237.4],[398.8,237.4],[399,237.4],[399.2,237.4],[399.5,237.4],[399.7,237.4],[399.8,237.4],[400,237.4],[400.1,237.4],[400.2,237.4],[400.3,237.4],[400.4,237.4],[400.6,237.4],[400.9,237.4],[400.9,237.5],[400.9,237.6],[401,237.7],[401.1,237.8],[401.2,237.8],[401.3,237.9],[401.4,237.9],[401.5,237.9],[401.5,238],[401.6,238],[401.6,238.1],[401.7,238.1],[401.8,238.1],[401.9,238.2],[402,238.3],[402.1,238.3],[402.2,238.3],[402.2,238.4],[402.3,238.5],[402.4,238.5],[402.5,238.6],[402.5,238.7],[402.6,238.7],[402.7,238.7],[402.7,238.6],[403,238.6],[403,238.5],[403.1,238.5],[403.1,238.3],[403.1,238.2],[403.2,238.2],[403.4,238.2],[403.5,238.2],[403.7,238.3],[404,238.3],[404,238.2],[404.1,238.2],[404.2,238.2],[404.4,238.3],[404.4,238.2],[404.6,238.3],[404.9,238.2],[405,238.2],[405.1,238.2],[405.2,238.2],[405.3,238.2],[405.3,238.3],[405.4,238.3],[405.5,238.3],[405.6,238.4],[405.6,238.5],[405.7,238.5],[405.8,238.6],[405.9,238.6],[405.9,238.7],[406,238.7],[406.1,238.7],[406.2,238.7],[406.4,238.7],[406.4,238.8],[406.5,238.8],[406.5,238.9],[406.7,238.9],[406.8,238.9],[406.9,238.9],[406.9,239],[407,239],[407.1,239.1],[407.1,239.2],[407.2,239.2],[407.3,239.2],[407.5,239.3],[407.4,239.4],[407.6,239.7],[407.6,239.8],[407.7,239.8],[407.7,239.9],[407.7,240],[407.8,240],[408,240],[408.1,240],[408.1,240.1],[408.2,240.1],[408.2,240.2],[408.3,240.2],[408.3,240.1],[408.3,240],[408.2,240],[408.2,239.9],[408.3,239.9],[408.3,239.8],[408.2,239.8],[408.2,239.7],[408.2,239.6],[408.2,239.5],[408.1,239.5],[408.1,239.4],[408,239.3],[407.9,239.2],[407.7,239],[407.7,238.9],[407.7,238.8],[407.7,238.7],[407.8,238.6],[407.8,238.5],[407.9,238.4]]]]}},{"type":"Feature","properties":{"st":"TN","fips":"47","name":"Tennessee","seats":9,"seats_2000":9,"seats_2010":9,"seats_2020":9,"seats_2030":10,"label_x":631.5,"label_y":445.9},"geometry":{"type":"MultiPolygon","coordinates":[[[[705.3,421.4],[705.6,420.9],[704.9,421],[704.5,421.1],[704.2,421.1],[703.9,421.2],[703.1,421.2],[702.8,421.3],[702.2,421.4],[701.7,421.4],[701.4,421.4],[701.2,421.4],[701.2,421.6],[701.1,421.8],[701.1,422],[700.6,422],[700.5,422],[700,422.1],[699.6,422.2],[699.4,422.2],[698.6,422.3],[698.4,422.3],[698.3,422.3],[698,422.4],[697.6,422.5],[697.5,422.5],[697.4,422.5],[697.3,422.5],[697.2,422.5],[697.1,422.6],[697,422.6],[696.9,422.6],[696.8,422.6],[696.6,422.6],[696.3,422.6],[696.2,422.6],[696.1,422.6],[695.8,422.7],[695.7,422.7],[695.4,422.8],[695.3,422.8],[694.8,422.9],[694.3,422.9],[693.5,423.1],[692.9,423.1],[692.8,423.1],[692.6,423.2],[692.2,423.2],[692.1,423.2],[691.8,423.3],[691.3,423.4],[691.2,423.4],[690.9,423.4],[690.3,423.5],[690.1,423.6],[689.9,423.6],[689.6,423.7],[689.4,423.7],[688.8,423.7],[688.2,423.8],[687.8,423.9],[687.5,424],[687,424],[686.4,424.1],[685.8,424.2],[685.5,424.3],[685.4,424.3],[685.1,424.3],[684.6,424.3],[684.2,424.4],[684.1,424.4],[683.8,424.5],[682.9,424.5],[682.7,424.5],[682.4,424.6],[681.2,424.8],[680.6,424.8],[680.5,424.9],[680.4,424.9],[680,425],[679.9,425],[679.6,424.9],[679,425],[678.7,425.1],[678.4,425.1],[677.8,425.2],[677.5,425.2],[676.7,425.4],[676.4,425.4],[676.1,425.4],[675.6,425.5],[675.2,425.5],[674.8,425.6],[674.6,425.6],[673.9,425.7],[673.6,425.7],[673.4,425.7],[673.2,425.7],[673.1,425.7],[673.1,425.8],[672.5,426.2],[672,426.2],[671.4,426.3],[670.9,426.3],[669.6,426.5],[669.5,426.5],[668.6,426.5],[668.4,426.5],[667.9,426.6],[666.8,426.8],[666.6,426.8],[666.3,426.8],[665.9,426.8],[665.8,426.8],[665.6,426.9],[664.3,427.1],[663.7,427.1],[663.5,427.1],[661.6,427.3],[660.9,427.4],[660.8,427.4],[660.5,427.4],[660.2,427.4],[659.5,427.5],[659.2,427.6],[658.9,427.6],[658.1,427.7],[657.8,427.7],[657.4,427.7],[656.9,427.7],[656.1,427.8],[655.8,427.9],[654.7,427.9],[654.5,427.9],[653.8,427.9],[653.4,428],[652.5,428],[652.2,428],[651.9,428],[651.3,428],[651,428],[650.6,428.1],[650.4,428.1],[649.6,428.2],[649,428.2],[648.8,428.2],[648.7,428.2],[648.5,428.2],[648.4,428.2],[648.2,428.2],[648,428.2],[647.9,428.3],[647.7,428.3],[647.4,428.3],[647.3,428.3],[647,428.4],[646.9,428.5],[646.6,428.5],[646.5,428.5],[646.4,428.5],[646.3,428.5],[646,428.6],[645.8,428.6],[645.6,428.7],[645.1,428.8],[644.8,428.8],[643.9,429],[643.7,429],[643.1,429.1],[642.8,429.1],[642.5,429.1],[642,429.1],[641.9,429.1],[641.4,429.2],[641,429.2],[640.8,429.2],[640.1,429.3],[639.6,429.3],[639.3,429.4],[639,429.4],[638.9,429.4],[638.8,429.4],[638.3,429.4],[637.6,429.4],[636.9,429.5],[635.1,429.6],[634.8,429.6],[634.6,429.6],[634.4,429.6],[634.1,429.6],[633,429.6],[632.6,429.6],[632.4,429.7],[632,429.7],[631.6,429.7],[631.3,429.7],[630.9,429.7],[630.2,429.7],[629.9,429.7],[627.9,429.9],[627.5,429.9],[627.4,429.9],[627.2,430.1],[626.9,430.2],[626.7,430.2],[626.7,430.3],[626.5,430.4],[626.4,430.4],[626.4,430.3],[625.6,430.2],[625,430.2],[624.7,430.2],[624.4,430.3],[624.1,430.3],[623.8,430.4],[623.5,430.4],[623.3,430.4],[623,430.5],[622.6,430.5],[621.9,430.6],[621,430.7],[620.8,430.8],[620.2,430.8],[619.9,430.8],[619.7,430.8],[619.4,430.9],[618.6,431],[618.3,431.1],[618.1,431.1],[617.7,431.1],[617.4,431.1],[616.8,431.2],[616.2,431.2],[616,431.3],[614.9,431.3],[614.4,431.4],[614,431.4],[613.7,431.5],[613.2,431.5],[612.8,431.6],[612.6,431.6],[612.4,431.6],[612.3,431.6],[612.2,431.6],[612.1,431.6],[612,431.6],[611.9,431.6],[611.7,431.6],[610.5,431.8],[609.8,431.9],[609.2,431.9],[608.9,432],[608.3,432.1],[608,432.1],[607.3,432.2],[607,432.2],[606.5,432.2],[606.2,432.3],[605.7,432.4],[605.7,431.7],[605.6,431.7],[605.2,431.7],[604.9,431.7],[604.4,431.7],[604,431.7],[603.8,431.7],[603.6,431.7],[603.2,431.6],[602.6,431.7],[602.4,431.7],[602.1,431.7],[602.1,432.1],[602.2,432.2],[602.3,432.3],[602.4,432.5],[602.4,432.6],[602.9,434.6],[602.7,435.3],[602.7,435.4],[602.1,435.4],[601.8,435.5],[601.5,435.5],[600.7,435.6],[600.6,435.6],[600.4,435.6],[599.3,435.6],[598.7,435.6],[598.5,435.7],[598.3,435.7],[597.3,435.8],[596.4,435.9],[596.1,435.9],[595.9,435.9],[595.6,435.9],[595,435.9],[594.7,435.9],[594.6,435.9],[593.7,436],[593.1,436.1],[592.9,436.1],[592.5,436.1],[591.9,436.1],[591.8,436.1],[591.5,436.2],[591.3,436.2],[591,436.2],[590.6,436.2],[590.2,436.3],[590,436.3],[589.6,436.3],[589.5,436.4],[589.4,436.4],[589.3,436.4],[589.2,436.4],[589.1,436.4],[589,436.4],[588.5,436.4],[588.4,436.4],[588,436.4],[587.9,436.4],[587.2,436.5],[586.8,436.5],[586.4,436.6],[585.9,436.6],[585.7,436.6],[585.1,436.7],[584.7,436.7],[584.6,436.7],[584.3,436.7],[583.9,436.7],[583.2,436.7],[582.8,436.7],[582.6,436.7],[582,436.8],[581.6,436.9],[581,437],[580.7,437],[580.6,437],[580,437.8],[579.5,437.2],[578.8,437.2],[578.6,437.2],[579,437.7],[579,437.8],[578.7,438.8],[579.3,439.7],[579.2,440],[578.9,440.4],[577.5,440.7],[577.6,441],[578.9,441.8],[579,441.8],[579,442],[579,442.1],[579,442.2],[577.8,442.6],[576.5,442.4],[576.4,442.4],[576.3,442.5],[576.3,442.6],[576.3,442.8],[576.3,442.9],[576.5,442.9],[576.7,443.2],[577,443.3],[577.2,443.4],[577.5,443.6],[577.7,443.8],[577.8,443.8],[578,444],[578,444.1],[578.2,444.3],[577.9,445.2],[577.8,445.3],[577.1,445.6],[576.9,446.5],[576.9,446.9],[576.6,447.5],[576.4,447.6],[576.1,447.6],[576.5,448.4],[577.8,449.3],[577.8,449.4],[577.2,450],[576,449.6],[575.8,449.8],[575.8,450.5],[577,451.1],[577,451.2],[576.3,451.6],[576.1,451.6],[575.9,451.5],[575.3,452],[575.4,452.2],[574.8,453],[573.5,452.8],[573.4,452.9],[573.2,453.1],[573.1,453.1],[573,453.2],[572.8,453.5],[572.9,453.7],[573,454.2],[573,454.3],[573.5,454.8],[574.7,454.9],[574.6,455.1],[573.7,455.7],[573.4,455.8],[573,456.3],[573.1,456.5],[573.8,457.3],[573.9,457.3],[573.6,457.8],[573.4,457.7],[573.1,457.5],[573.1,457.4],[572.4,456.8],[572.3,456.9],[571.9,457],[571.8,457.1],[571.7,458.2],[572.1,458.6],[572.2,458.8],[572.3,458.8],[572.5,459.6],[571.8,460.4],[571.7,460.5],[571.5,459.9],[571.4,459.7],[571.4,458.9],[571.4,458.8],[571,458.6],[570.8,458.7],[570.4,459.4],[570.3,459.5],[569.8,460.2],[569.6,460.7],[571.3,460.5],[570.9,462.2],[570.2,462.3],[570.1,462.4],[569.9,462.8],[570,463],[570.1,463.1],[570.2,463.2],[570.3,463.3],[570.4,463.3],[570.7,463.3],[571,463.3],[571.5,463.9],[571.5,464.2],[571.4,464.1],[571.3,464.2],[571,464.4],[570.9,464.5],[571.1,464.7],[571.3,465],[571.7,465.2],[571.8,465.2],[571.8,465.3],[571.8,465.4],[571.8,465.6],[571.7,465.8],[571.5,465.9],[571.5,466],[571.3,466],[570.1,466],[570.1,466.1],[570,466.2],[570,466.5],[570,466.6],[570,466.8],[570.1,466.9],[570.1,467],[570.1,467.3],[570,467.5],[569.8,467.7],[569.6,468],[569.6,468.1],[569.3,468],[569.1,467.9],[569,467.9],[568.9,467.9],[568.8,467.9],[568.3,467.8],[568.1,467.8],[568.1,468],[568.1,468.1],[568,468.2],[568,468.4],[568,468.7],[568.3,468.7],[569,468.7],[569.2,468.7],[569.6,468.7],[570.4,468.6],[570.8,468.6],[571,468.6],[571.5,468.5],[571.8,468.5],[573,468.4],[573.2,468.4],[573.5,468.4],[573.8,468.4],[574.1,468.4],[574.4,468.4],[574.7,468.4],[575.1,468.3],[575.3,468.3],[575.6,468.3],[575.9,468.3],[576.1,468.3],[576.2,468.2],[576.5,468.2],[577.1,468.2],[577.4,468.1],[578,468.1],[578.7,468.1],[579,468.1],[579.4,468],[579.5,468],[580.3,468],[580.9,467.9],[581.4,467.9],[581.9,467.8],[583.8,467.8],[584.1,467.7],[585.8,467.6],[586.2,467.5],[586.6,467.5],[587,467.5],[587.4,467.5],[587.9,467.4],[588.5,467.4],[589.2,467.3],[589.6,467.3],[590.4,467.3],[590.8,467.3],[592.1,467.1],[592.5,467.1],[593,467],[593.7,467],[594.2,467],[595.3,466.9],[596,466.8],[596.3,466.8],[596.8,466.7],[597,466.7],[597.4,466.7],[597.6,466.7],[597.8,466.7],[598.1,466.7],[598.2,466.7],[598.5,466.6],[599.6,466.5],[600.1,466.5],[600.2,466.4],[600.4,466.4],[600.7,466.4],[601.5,466.4],[601.9,466.4],[602,466.4],[602.6,466.3],[602.7,466.3],[602.8,466.2],[603.1,466],[603.3,466],[603.5,466],[604.2,465.9],[604.9,465.8],[605.3,465.8],[605.6,465.8],[606,465.8],[606.3,465.8],[606.6,465.8],[607.3,465.7],[607.5,465.6],[608,465.6],[608.6,465.6],[609.2,465.6],[609.5,465.5],[609.9,465.5],[610.1,465.5],[610.3,465.5],[610.6,465.4],[610.7,465.4],[610.9,465.4],[611.1,465.4],[611.3,465.4],[612,465.3],[612.2,465.3],[612.3,465.3],[612.6,465.3],[613.1,465.2],[613.5,465.2],[614,465.2],[614.4,465.1],[614.5,465.1],[615.6,465],[615.7,465],[615.9,465],[616.2,465],[616.4,465],[616.7,465],[617,464.9],[617.1,464.9],[617.2,464.9],[617.4,464.9],[617.6,464.9],[617.7,464.9],[618,464.8],[618.8,464.8],[619,464.7],[619.1,464.7],[619.4,464.7],[619.8,464.7],[620,464.7],[620.6,464.7],[621.1,464.6],[621.4,464.6],[621.7,464.6],[621.9,464.6],[622.1,464.6],[622.2,464.6],[622.5,464.5],[622.8,464.5],[623.1,464.4],[623.2,464.4],[623.7,464.4],[624,464.4],[624.2,464.4],[624.3,464.4],[624.7,464.4],[625,464.4],[625.1,464.4],[626.4,464.2],[626.8,464.2],[627,464.2],[627.1,464.2],[627.3,464.2],[627.4,464.2],[627.9,464.1],[628,464.1],[628.1,464.1],[628.4,464],[629.1,464],[629.4,463.9],[629.7,463.9],[630.1,463.9],[630.4,463.9],[631,463.8],[631.4,463.8],[631.6,463.7],[631.9,463.7],[632,463.7],[632.2,463.6],[632.9,463.6],[634.3,463.5],[635.1,463.4],[635.5,463.3],[637.1,463.2],[637.7,463.1],[638,463.1],[639.1,463],[639.9,462.9],[640.6,462.8],[640.7,462.8],[640.8,462.8],[641.2,462.7],[641.7,462.7],[642.3,462.7],[642.9,462.6],[643.1,462.6],[643.7,462.5],[644.5,462.5],[644.8,462.5],[645.1,462.5],[645.6,462.4],[645.8,462.4],[646.5,462.3],[647.1,462.2],[647.3,462.2],[647.4,462.2],[647.6,462.2],[647.8,462.2],[647.9,462.2],[648.1,462.2],[648.5,462.1],[648.7,462.1],[648.9,462.1],[649,462],[649.1,462],[649.3,462],[649.6,461.9],[649.7,461.9],[649.9,461.9],[650,461.9],[650.2,461.9],[650.4,461.9],[650.6,461.9],[650.7,461.8],[650.8,461.8],[650.9,461.8],[651,461.8],[651.1,461.8],[651.3,461.7],[651.4,461.7],[651.5,461.7],[651.6,461.7],[651.7,461.6],[651.8,461.6],[651.9,461.6],[652,461.6],[652.2,461.6],[652.3,461.6],[652.5,461.6],[652.6,461.6],[652.7,461.6],[652.9,461.6],[653,461.5],[653.3,461.5],[653.6,461.5],[653.6,461.4],[653.7,461.4],[653.9,461.4],[654,461.4],[654.5,461.3],[654.7,461.3],[654.8,461.3],[655.6,461.2],[655.8,461.2],[655.9,461.1],[656.2,461.1],[656.4,461.1],[656.5,461],[656.6,461],[656.7,461],[656.9,461],[657.2,461],[657.5,461],[657.9,460.9],[658.4,460.8],[658.6,460.8],[658.9,460.8],[659.3,460.8],[659.7,460.7],[659.9,460.7],[660.1,460.7],[660.9,460.5],[661.6,460.5],[661.8,460.5],[662.2,460.4],[662.7,460.3],[662.9,460.3],[663.8,460.2],[664,460.2],[664.4,460.2],[664.9,460.1],[665.2,460],[665.6,460],[665.7,460],[665.7,459.9],[665.9,459.9],[666,459.9],[666.5,459.9],[666.6,459.9],[666.7,459.9],[666.8,459.9],[666.8,459.8],[666.8,459.6],[666.8,459.1],[666.7,458.9],[666.7,458.6],[666.7,458.4],[666.7,457.6],[666.7,457.3],[666.7,457.1],[666.7,456.2],[666.7,456.1],[666.7,455.9],[666.7,455.8],[666.7,455.7],[666.7,455.5],[666.7,455],[667.9,454],[668.8,454.3],[669,454.3],[670,453.9],[670.1,453.8],[670.7,453.1],[670.8,453.1],[670.8,453],[670.8,452.9],[670.9,452.8],[670.8,452.8],[670.8,452.7],[670.7,452.7],[670.6,452.6],[670.6,452.5],[670.6,452.4],[670.6,452.3],[670.7,452.3],[670.6,452.2],[670.5,452.2],[670.5,452.1],[670.5,452],[670.8,451.6],[670.9,451.4],[670.9,451.2],[670.8,451.2],[670.8,450.4],[670.9,450.3],[671.4,449.4],[671.6,449.4],[671.7,449.4],[672.6,448.1],[673.5,447.9],[674.3,447],[676,446.6],[676.1,446.7],[677,446.3],[678,446.5],[678.1,446.5],[679,446.2],[679,446],[679.1,445.9],[679.7,445.3],[679.8,445.3],[681.1,444],[682.4,443.2],[682.8,442.5],[682.9,442.5],[683.3,442.4],[683.7,441.6],[684.7,441.2],[685,441],[685,440.9],[685.8,440.9],[685.8,441],[686.9,440.7],[686.8,440.6],[687.2,439.6],[687.4,439.5],[687.5,437.7],[688.2,437.2],[689,437.4],[688.9,437.3],[689.2,437],[689.2,436.9],[689.3,435.9],[689.4,435.9],[691.2,434.5],[691.2,434.4],[691.9,434.7],[692,434.8],[692,435.3],[692,435.4],[691.9,435.5],[691.9,435.6],[692,436.2],[692.1,436.3],[692.1,436.2],[692.2,436.3],[692.3,436.3],[692.3,436.2],[692.4,436.2],[692.5,436.2],[692.6,436.2],[692.6,436.4],[692.7,436.4],[692.8,436.4],[692.9,436.4],[693.6,435.9],[693.7,435.8],[693.8,435.6],[694,435.5],[694.3,435.1],[694.5,434.8],[694.5,434.7],[694.6,434.4],[694.9,433.6],[695.4,432.9],[695.5,432.9],[695.5,432.8],[695.6,432.8],[695.8,432.6],[695.9,432.7],[696.2,432.5],[696.3,432.5],[696.6,432.2],[696.7,432.1],[697.4,432.1],[697.5,432],[697.5,431.9],[697.6,431.9],[697.8,431.6],[697.8,431.5],[698.9,431.5],[699.1,431.6],[699.4,432.3],[700.5,431.8],[700.6,431.7],[701,431.6],[701.3,430.8],[701.4,430.7],[701.4,430.4],[701.5,430.3],[701.7,429.8],[701.8,429.5],[701.9,429.4],[702,428.9],[702.2,428.2],[702.4,427.8],[702.5,427.8],[702.5,427.7],[702.6,427.7],[702.7,427.7],[703,427.1],[703.1,427.1],[703.2,427],[703.3,426.9],[704,426.4],[704,426.3],[704.2,426.5],[704.2,426.6],[705.2,426.5],[705.3,426.6],[705.3,426.7],[705.4,426.6],[705.6,426.6],[705.6,426.5],[705.5,426.4],[705.4,426.5],[705.3,426.4],[705.1,426.1],[705.1,426],[705,425.6],[705,425.5],[705.1,424.5],[705.1,424.4],[705.1,424.3],[705.3,424],[705.3,423.4],[705.2,423.4],[705.1,423.4],[705.1,423.3],[705.2,423.2],[705.2,423.1],[705.1,423.1],[705.1,422.9],[705,422.8],[705.1,422.3],[705.1,422.2],[705.3,421.7],[705.3,421.6],[705.3,421.4]]]]}},{"type":"Feature","properties":{"st":"TX","fips":"48","name":"Texas","seats":38,"seats_2000":32,"seats_2010":36,"seats_2020":38,"seats_2030":42,"label_x":435.6,"label_y":554.1},"geometry":{"type":"MultiPolygon","coordinates":[[[[479.5,515.4],[479.5,515.5],[479.5,515.6],[479.6,515.6],[479.6,515.5],[479.7,515.4],[479.8,515.4],[479.7,515.3],[479.6,515.4],[479.5,515.4]]],[[[499,516.3],[498.9,516.2],[498.7,516.4],[498.8,516.4],[498.9,516.4],[499,516.3]]],[[[499.3,516.7],[499.1,516.9],[499,517],[499.3,516.9],[499.3,516.8],[499.3,516.7]]],[[[499.5,517.3],[499.7,517.1],[499.7,517],[499.5,517.3]]],[[[503,518.1],[503,518.2],[503.1,518.2],[503.2,518.2],[503,518.1]]],[[[512.5,551.5],[512.5,551.6],[512.6,551.6],[512.5,551.5]]],[[[515.2,555.6],[515.3,555.5],[515.2,555.5],[515.2,555.6]]],[[[333.4,538.6],[333.2,538.7],[333.1,538.7],[333,538.9],[333.1,539],[333.2,539.1],[333.2,539.2],[333.1,539.2],[333.1,539.3],[333.1,539.4],[333.2,539.5],[333.2,539.6],[333.3,539.8],[333.4,539.8],[333.5,539.8],[333.5,539.9],[333.4,540],[333.4,540.1],[333.5,540.2],[333.6,540.2],[333.7,540.2],[333.7,540.4],[333.8,540.4],[333.9,540.4],[334,540.4],[334.1,540.5],[334.2,540.5],[334.2,540.6],[334.3,540.7],[334.4,540.8],[334.4,540.9],[334.9,541.6],[335.5,541.4],[336.4,542],[336.8,543.1],[337.4,545],[337.9,545.4],[338.2,546.4],[340,548],[341,548.2],[341.7,548.7],[341.9,549.6],[342.7,550.1],[343.9,552.2],[345.6,553.3],[346.1,553.8],[346.6,555.5],[347,555.6],[347.8,556.7],[348.7,557.4],[348.7,558],[350,558.5],[350.6,559.1],[351.2,559],[352.7,560.6],[354.2,561.7],[354.3,562.5],[354.8,562.8],[355.4,563.7],[355.6,565.5],[355.5,566.3],[356.2,566.8],[356.1,567.3],[356.8,567.9],[357.4,569],[357.7,570],[357.2,572.1],[357.5,574.3],[359,577.5],[359,578.4],[359.9,579.5],[361,580.3],[361.7,581.3],[362.8,581.5],[363.5,582.1],[363.5,582.6],[364.1,583.7],[366.7,585.5],[367.3,585.5],[369.4,586.2],[369.7,587],[370.4,587.6],[371.4,588.1],[372.5,588.2],[372.9,588.6],[374.4,590.3],[376,590.9],[376.7,591.5],[378.1,591.7],[379,590.9],[379,590.3],[380,589.7],[380.9,588.4],[381.3,588.5],[382.5,587.9],[382,587.2],[382.5,585.7],[383,585.7],[383.3,584.5],[384.2,582.7],[384.4,581.8],[385.4,580.7],[385.9,579.6],[386.3,579.7],[387.4,579.4],[389.4,579.2],[389.8,579.4],[390.8,577.8],[391.4,577.7],[392.5,578.4],[393,578.2],[394,579.3],[395,579.4],[395.9,579],[396.3,579.3],[398.8,579.6],[399.8,580.1],[400.7,580.3],[401.9,579.6],[402.3,580.3],[403.5,579.9],[404.5,581.4],[404.7,582.2],[405.6,582.4],[406,584.2],[407.3,584.6],[407.5,585.3],[408.9,585.6],[409.6,587.3],[411.3,588.3],[411.3,588.7],[412.5,589.3],[413.3,591.2],[414.2,591.8],[414.6,595.1],[415,595.1],[415.4,596.3],[415.8,596.5],[416.3,597.9],[416.3,599.2],[417,600.1],[417.7,600.5],[417.5,601],[418.5,603.1],[418.4,603.9],[419.1,605],[419,605.5],[420.2,607],[422,607.9],[422.5,609],[422.9,609.3],[423.3,610.5],[424,611.2],[424.7,612.1],[424.9,613.8],[426.4,614.9],[427,616.1],[427.8,616.2],[428.2,616.7],[428.8,616.5],[429.7,617.1],[430.1,617.8],[429.8,618.9],[430.5,619.2],[430,621.5],[430.1,622.6],[430.9,623],[431.1,624.2],[430.9,624.7],[430.9,625.9],[430.7,626.8],[431.7,627.6],[431.5,628.1],[432.3,628.4],[432.4,629.2],[433.3,629.8],[433.6,631.4],[434.1,631.7],[434.2,632.9],[434.5,633.5],[434.6,634.9],[435.1,635.1],[435.7,636],[435.4,636.7],[435.8,637.2],[436.5,636.9],[436.9,637.3],[438.6,638],[439.7,637.7],[440.1,638.4],[440.8,638.7],[442,640],[443.1,639.7],[444.3,640.5],[445,640.2],[446.1,641.4],[446.9,641.4],[447,642],[448.1,642.9],[449.2,642.8],[449.8,643.1],[450.7,643],[451.3,643.4],[453.7,643.1],[454.9,643.2],[456,643.8],[456.8,643.7],[458.2,645.2],[458.6,645.3],[459,646.1],[459.8,646.1],[460.2,646.7],[461.2,646.9],[461.4,645.7],[462.2,645.5],[462.7,645.1],[465.5,644.7],[465.6,643.1],[465.3,642.6],[465,640.2],[464.6,638.2],[463.8,634.9],[463.3,633.5],[462.6,630.6],[462.3,627.7],[462.3,626.1],[462.7,623.8],[463.5,621.5],[464.7,618.6],[465.3,617.4],[466.5,615.6],[467.4,614.8],[467.8,613.6],[469.5,611.5],[471,610.3],[472.8,608.8],[474.2,607.9],[476.1,607],[476.8,606.5],[477.2,605.7],[479.3,604.2],[480.8,603.4],[485.6,601.1],[489.3,599],[490.4,598.3],[491.4,598.1],[493.2,596.6],[495,594.8],[495.2,594],[496.5,593.4],[497.7,592.4],[499.7,591.2],[500.6,590.4],[501.3,590.4],[501.9,589.4],[501.5,588.7],[503.6,587.5],[509,585.1],[510.3,584.6],[512.6,584.6],[513.5,585],[513.4,584.5],[513.2,584],[513.2,583.8],[513.2,583.6],[513.1,583.5],[513.1,583.4],[512.3,582.4],[512.3,582.3],[511.8,581.8],[511.7,581.7],[512.4,580.8],[512.5,580.8],[512.8,580.5],[512.9,580.3],[513.7,578.5],[513.7,578.4],[514.1,578.1],[514.3,578],[514.4,577.9],[514.5,577.6],[514.6,577.4],[514.6,577.3],[514.6,577.2],[514.9,577.3],[514.5,576.9],[514.6,576.9],[514.7,576.6],[514.7,576.5],[514.7,576.4],[514.8,576.4],[514.9,576.4],[514.9,576.3],[514.9,576.2],[514.9,576.1],[514.8,575.7],[514.8,575.6],[514.9,575.6],[514.9,575.5],[514.9,575.4],[514.8,575.4],[514.8,575.3],[514.7,575.3],[514.7,575.2],[514.7,575.1],[514.6,575.1],[514.6,575],[514.7,575],[514.6,574.9],[514.7,574.9],[514.7,574.8],[514.6,574.8],[514.6,574.7],[514.6,574.6],[514.7,574.6],[514.7,574.5],[514.7,574.4],[514.8,574.4],[514.8,574.3],[514.7,574.2],[514.7,574.1],[514.7,573.9],[514.7,573.8],[514.2,573.2],[513.9,572.7],[513.9,572.6],[514,572],[514,571.9],[514.2,571.6],[514.8,571],[514.7,570.6],[514.6,570.5],[514.6,570.4],[514.6,570.3],[514.6,570.2],[514.5,570.1],[514.6,569.9],[514.6,569.8],[514.3,568.9],[515,568.3],[515.1,567.4],[515.2,567.3],[515.8,566.5],[515.9,566.5],[515.9,566.4],[515.8,566.3],[515.9,566.2],[515.9,566.1],[515.9,566],[515.8,566],[515.9,565.9],[515.9,565.8],[515.9,565.7],[516,565.7],[516,565.6],[516.3,565.1],[516.3,565],[516.5,564.7],[516.6,564.7],[516.7,564.7],[516.7,564.6],[516.7,564.5],[516.7,564.4],[516.5,564.3],[516.5,564.2],[516.7,564.1],[516.6,564.1],[516.6,563.9],[516.6,563.8],[516.5,563.9],[516.5,563.8],[516.4,563.8],[516.4,563.7],[516.4,563.6],[516.4,563.5],[516.5,563.5],[516.5,563.4],[516.6,563.4],[516.7,563.4],[516.7,563.3],[516.7,563.2],[516.6,563.2],[516.6,563.1],[516.7,563],[516.7,562.9],[516.8,562.9],[516.8,563],[516.9,562.9],[517,562.8],[517,562.7],[517,562.6],[516.5,562.1],[517.3,561.1],[517.2,561.1],[517.1,560.6],[517,560.6],[517,560.5],[517,560.4],[516.9,560.4],[516.8,560.4],[516.7,560.4],[516.6,560.4],[516.6,560.3],[516.7,560.2],[516.7,560.1],[516.6,560.1],[516.6,560.2],[516.5,560.2],[516.5,560.1],[516.4,560.1],[516.7,559.4],[516.7,559.3],[516.7,559.2],[516.6,559.1],[516.7,559.1],[516.8,559.1],[516.8,559],[516.8,558.9],[516.7,558.9],[516.7,558.8],[516.8,558.8],[516.8,558.7],[516.8,558.6],[516.7,558.6],[516.6,558.6],[516.5,558.6],[516.4,558.6],[516.1,558.9],[515.9,558.8],[515.9,558.7],[515.9,557.9],[515.2,557.1],[514.9,556.8],[514.8,556.2],[514.9,556.1],[514.9,556],[514.9,555.9],[514.9,555.8],[515,555.8],[515.1,555.8],[515.2,555.8],[515.2,555.7],[515.2,555.6],[515.1,555.6],[515,555.6],[514.9,555.6],[514.9,555.5],[514.8,555.3],[514.7,555.1],[514.3,554.9],[514.3,554.8],[513.7,554],[514.2,553.3],[514.2,553.2],[513.8,553.2],[513.7,553.1],[513.7,553],[513.6,553],[513.5,552.9],[513.5,553],[513.1,552.9],[512.9,552.9],[512.9,552.8],[512.8,552.7],[512.7,552.4],[512.6,552.4],[512.6,552.3],[512.6,552.2],[512.5,552.1],[512.4,552],[512.4,551.7],[512.5,551.5],[512.6,551.5],[512.6,551.4],[512.6,551.3],[512.7,551.3],[512.6,551.2],[512.6,551.1],[512.6,551],[512.7,551.1],[512.7,551],[512.7,550.9],[512.6,550.9],[512.6,550.8],[512.5,550.8],[512.9,550.1],[512.9,550],[512.6,549.8],[512.6,549.7],[512.5,549],[511.7,547.9],[511.8,547.9],[511.7,547.8],[511.5,547.3],[511.4,547.3],[511.4,547],[511.3,547],[511.2,547],[511.1,547],[511.1,547.1],[511,547],[511,546.9],[511.1,546.8],[511.1,546.7],[511,546.7],[510.9,546.7],[510.8,546.7],[510.7,546.7],[510.6,546.7],[510.6,546.6],[510.5,546.5],[510.4,546.6],[510.3,546.5],[510.3,546.4],[510.2,546.3],[510.2,546.2],[510.2,546.1],[510.1,546.1],[510.1,546],[510,545.9],[509.9,545.8],[509.8,545.5],[509.7,545.5],[509.4,545.3],[509.3,545.2],[509.3,544.5],[509.3,543.8],[509.3,543.4],[509.3,543.2],[509.3,542.7],[509.3,542.2],[509.3,541.6],[509.3,540.9],[509.2,539.7],[509.2,539.5],[509.2,539],[509.2,538.6],[509.2,538.3],[509.2,537.9],[509.2,537.4],[509.1,536.8],[509.1,536.7],[509.1,536.6],[509.1,536.4],[509.1,535.7],[509.1,535.6],[509.1,535],[509.1,534.7],[509.1,534.3],[509.1,534.1],[509.1,533.8],[509.1,533.4],[509.1,532.9],[509.1,532.6],[509.1,532.4],[509.1,532.2],[509.1,531.6],[509.1,531.5],[509.1,531.1],[509,530.7],[509,530.1],[509,529.7],[509,529.1],[509,528.8],[509,528.5],[509,528.3],[509,527.7],[509,527.1],[509,526.8],[509,526.7],[509,526.4],[509,526.2],[509,525.3],[508.9,524.1],[508.9,523.9],[508.9,523.6],[508.9,522.8],[508.9,522.4],[508.8,522.2],[508.8,521.8],[508.8,521.7],[508.8,521.6],[508.8,521.5],[508.8,521.4],[508.8,521.1],[508.8,521],[508.8,520.9],[508.8,520.8],[508.8,520.7],[508.8,520.5],[508.8,520],[508.8,519.7],[508.8,519.5],[508.5,519.2],[508.5,519.1],[508.4,519],[508.3,519.1],[508.1,519.1],[508,519.1],[507.9,519.2],[507.6,519.5],[507.6,519.3],[507.4,519.1],[507.5,519],[507.2,518.9],[507.1,518.9],[506.9,518.8],[506.7,518.9],[506.6,519],[506.4,519],[506.4,519.1],[506.6,519.1],[506.5,519.3],[506.4,519.4],[506.3,519.5],[506.1,519.5],[506,519.4],[506,519.3],[505.9,519],[505.8,519.1],[505.7,519.2],[505.7,519.3],[505.7,519.4],[505.5,519.4],[505.4,519.4],[505.4,519.3],[505.5,519.3],[505.5,519],[505.4,519.1],[505.2,519.2],[505.2,519.3],[505.2,519.5],[505.2,519.6],[505.1,519.6],[505,519.6],[504.9,519.6],[504.8,519.5],[504.8,519.4],[504.6,519.3],[504.6,519.4],[504.6,519.6],[504.6,519.7],[504.5,519.7],[504.4,519.7],[504.3,519.7],[504.2,519.7],[504.1,519.6],[503.9,519.4],[504.2,519.1],[504.1,519.1],[504,519.2],[503.9,519.3],[503.7,519.3],[503.7,519.1],[503.6,519],[503.3,518.9],[503.2,518.9],[503.1,518.8],[503,518.8],[502.9,518.7],[503,518.7],[503,518.6],[503.1,518.5],[503.2,518.4],[503.1,518.4],[503.1,518.3],[503,518.2],[502.9,518.1],[502.8,518.1],[502.7,518.2],[502.7,518.3],[502.5,518.4],[502.4,518.4],[502.3,518.3],[502.3,518.4],[502.1,518.4],[501.9,518.3],[501.8,518.4],[501.6,518.4],[501.6,518.3],[501.6,518.2],[501.6,518.1],[501.8,518.1],[501.5,517.8],[501.1,517.8],[501,517.7],[501,517.6],[501,517.5],[500.9,517.5],[500.8,517.5],[500.4,517.8],[500.3,517.8],[500.3,517.6],[500.4,517.6],[500.5,517.6],[500.5,517.5],[500.6,517.2],[500.5,517.1],[500.5,517.3],[500.5,517.4],[500.3,517.3],[500.2,517.2],[500.1,517.3],[500,517.4],[499.9,517.4],[499.8,517.4],[499.5,517.4],[499.5,517.3],[499.4,517.3],[499.3,517.3],[499.2,517.2],[499,517],[499.1,516.7],[499,516.6],[498.9,516.7],[498.8,516.7],[498.6,516.6],[498.7,516.4],[498.6,516.4],[498.5,516.5],[497.8,516.6],[497.7,516.6],[497.7,516.5],[497.5,516.5],[497.4,516.4],[497.5,516.1],[497.4,516.1],[497.3,516.3],[497.3,516.2],[496.8,515.9],[496.8,515.8],[496.7,515.7],[496.8,515.2],[496.8,515.1],[496.7,515.1],[496.6,515.1],[496.6,515.2],[496.7,515.3],[496.6,515.4],[496.5,515.4],[496.3,515.4],[496.3,515.2],[496.4,515.1],[496.3,515],[496.3,514.9],[496.2,514.9],[496,514.6],[496,514.5],[495.2,514.6],[495,514.5],[494.8,514.1],[494.8,513.9],[494.6,513.9],[494.7,513.7],[494.7,513.6],[494.6,513.6],[494.6,513.7],[494.5,513.8],[494.4,514.2],[494.3,514.1],[494.2,514],[494.5,513.6],[494.4,513.6],[494.4,513.7],[494.3,513.7],[494.2,513.7],[494.1,513.8],[494.1,513.9],[494,513.9],[493.9,513.8],[493.8,513.7],[493.9,513.3],[493.8,513.3],[493.7,513.3],[493.6,513.3],[493.5,513.3],[493.3,513.1],[493.2,513.1],[493.1,513.1],[493,513.1],[492.9,513],[492.7,512.9],[492.6,512.9],[492.5,512.9],[492.4,513],[492.4,513.1],[492.3,513.1],[492.3,513.2],[492.2,513.3],[492.2,513.4],[492.2,513.5],[492.2,513.6],[492.3,513.6],[492.3,513.7],[492.2,513.8],[492.2,513.9],[492.1,514],[492.1,514.1],[492.1,514.2],[492,514.1],[492,514],[492,513.9],[492,513.8],[492,513.7],[491.9,513.7],[491.8,513.7],[491.8,513.8],[491.7,513.9],[491.8,514],[491.8,514.1],[491.8,514.2],[491.8,514.3],[491.7,514.4],[491.6,514.4],[491.5,514.4],[491.5,514.3],[491.4,514.3],[491.2,514.2],[491.1,514.2],[491.1,514.3],[491,514.3],[491,514.4],[490.9,514.4],[490.8,514.4],[490.8,514.5],[490.7,514.5],[490.6,514.5],[490.5,514.5],[490.4,514.5],[490.3,514.5],[490.2,514.5],[490.1,514.5],[490,514.5],[489.9,514.5],[489.7,514.5],[489.6,514.5],[489.5,514.5],[489.4,514.4],[489.3,514.4],[488.9,514.3],[488.8,514.3],[488.5,514.1],[488.5,514.2],[488.4,514.2],[488.3,514.2],[488.3,514.3],[488.2,514.3],[488.1,514.2],[488.1,514.1],[488.1,514],[488.1,513.9],[488.1,513.7],[488,513.6],[488,513.5],[488,513.4],[487.9,513.4],[487.8,513.4],[487.7,513.4],[487.6,513.3],[487.5,513.3],[487.4,513.3],[487.4,513.4],[487.3,513.5],[487.2,513.5],[487.1,513.6],[487.1,513.7],[487,513.8],[487,513.9],[486.9,513.9],[486.8,513.9],[486.8,513.8],[486.7,513.8],[486.6,513.8],[486.5,513.8],[486.5,513.9],[486.4,513.9],[486.4,514],[486.3,514],[486.3,514.1],[486.2,514.1],[486.2,514.2],[486.1,514.2],[486,514.2],[485.9,514.2],[485.8,514.2],[485.8,514.1],[485.7,514],[485.6,514],[485.5,514],[485.4,514],[485.3,514],[485.3,514.1],[485.2,514.2],[485.2,514.3],[485.2,514.4],[485.3,514.5],[485.3,514.6],[485.3,514.7],[485.3,514.8],[485.2,514.8],[484.4,514.6],[484.1,515],[484,514.9],[482.9,514.2],[482.9,514.3],[482.6,514.6],[482.5,514.7],[482.4,514.7],[482.3,514.7],[482.2,514.6],[482.1,514.5],[481.8,514.9],[481.7,514.9],[481.6,514.7],[481.5,514.7],[481.4,514.9],[481.3,515],[481.2,515],[481.1,514.9],[480.7,514.8],[480.6,514.8],[480.5,514.9],[480.2,514.9],[480.2,515],[480.1,515],[479.9,515.1],[479.9,515.3],[479.9,515.4],[479.8,515.3],[479.8,515.4],[479.3,516.4],[479.2,516.4],[479.1,516.4],[478.8,516.5],[478.7,516.4],[478.5,516.3],[478.4,516.3],[478.4,516.2],[478.3,516.1],[478.2,516.1],[478.1,516.1],[478,516.1],[477.9,516.1],[477.9,516.3],[477.8,516.3],[477.8,516.4],[477.8,516.5],[477.8,516.6],[477.7,516.7],[477.8,516.8],[477.8,516.9],[477.7,517],[477.7,517.1],[477.6,517.2],[477.6,517.3],[477.4,517.4],[477.3,517.4],[477.3,517.5],[477.2,517.5],[477.1,517.5],[477,517.5],[476.9,517.2],[476.9,517],[476.8,516.9],[476.7,516.9],[476.7,516.8],[476.6,516.7],[476.5,516.6],[476.4,516.6],[476.4,516.5],[476.4,516.4],[476.3,516.4],[476.3,516.3],[476.1,516],[475.8,515.9],[475.8,516],[475.7,516],[475.5,516],[475.4,516],[475.3,516.1],[475.2,516.1],[475.1,516.1],[474.9,515.9],[474.9,515.8],[474.9,515.7],[474.9,515.6],[474.8,515.4],[474.8,515.3],[474.6,515.2],[474.5,515.2],[474.5,515.3],[474.4,515.3],[474.3,515.3],[474.2,515.3],[474.1,515.3],[473.4,514.9],[473.3,514.8],[473.4,514.6],[473.6,514.5],[473.9,514.3],[473.9,514.1],[473.9,514],[473.4,514],[473.3,514],[473.1,513.9],[473.1,513.8],[473,513.7],[472.8,513.6],[472.8,513.7],[472.7,513.8],[472.7,513.9],[472.6,514],[472.6,514.2],[472.6,514.3],[472.5,514.8],[472.4,514.9],[472.3,515],[471.9,515.1],[471.5,515.2],[471.4,515.1],[471.3,514.9],[471.2,514.5],[471.1,514.5],[470.9,514.4],[470.6,514.3],[469.8,514.1],[469.7,514],[469.7,513.3],[469.2,513],[469.1,513],[469,513.1],[468.9,513.1],[468.9,513.2],[468.8,513.2],[468.7,513.3],[468.6,513.3],[468.3,513.2],[468.3,513.4],[468.4,513.4],[468.4,513.6],[468.5,514.1],[468.4,514.1],[468.4,514.2],[468.3,514.3],[467.9,514.8],[467.8,514.9],[467.1,514.6],[467,514.8],[467.5,515.3],[467,515.5],[467.1,516.4],[467.1,516.5],[466.9,516.7],[466.8,516.9],[466.1,516.7],[466,516.7],[465.6,516.2],[465.4,515.5],[465.9,514.9],[466,514.8],[465.9,514.5],[465.9,514.3],[465.8,514],[465.8,513.9],[465.7,513.8],[465.6,513.7],[465,513.7],[464.9,513.8],[464.8,514.5],[464.1,514],[464,514],[463.8,514.6],[463.7,514.6],[462.8,515.2],[462.7,515.2],[462,514.8],[462,513.8],[462,513.7],[461.7,513.6],[461.4,513.5],[461.3,513.6],[461.2,513.6],[460.6,513.9],[460.6,513.8],[460.3,513.8],[460.3,513.7],[460.2,512.9],[459.7,512.5],[459.6,512.4],[459.1,512.2],[459,512.3],[458.3,513.1],[457.9,513.2],[457,514.3],[456.9,514.3],[456.7,514.5],[456.5,514.5],[454.9,513.9],[454.9,513.7],[454.8,513.7],[454.8,513.6],[455.3,513.2],[455.3,513.1],[455,513],[455.3,512.2],[454.9,512],[454.8,512],[454.7,512],[454.6,512],[454.5,512.1],[454.4,512.1],[453.5,511.9],[453.2,511.4],[453.2,511.3],[453.5,511.3],[453,510.7],[453,510.6],[453.1,510.5],[453.2,510.4],[453.4,510.1],[452.8,509.6],[452.5,510],[452.3,510.1],[451.2,509.8],[451.1,509.7],[451,509.8],[450.1,509.3],[450,509.3],[449.9,509.3],[449.3,510],[449.3,510.1],[449.2,510.2],[449.1,510.2],[449.1,510.3],[449.1,510.4],[449,510.5],[448.8,510.5],[448.8,510.4],[448.7,510.5],[448.6,510.5],[448.6,510.6],[448.4,510.7],[448.4,510.6],[448.3,510.6],[448.3,510.7],[448.2,510.8],[448.1,510.8],[448,510.8],[448,510.7],[447.9,510.7],[447.8,510.7],[447.6,510.5],[447.6,510.4],[447.5,510.4],[447.5,510.3],[447.5,510.2],[447.4,510.1],[447.3,510.1],[446.4,509.2],[446.3,509.2],[446.2,509.2],[444.5,509.7],[444.3,509.7],[443.2,509.1],[443.1,509],[443,509],[443,509.2],[442.2,508.6],[442.1,508.6],[441.8,508.2],[441.7,508.1],[440.7,508.3],[440.7,508.2],[440,508.1],[439.9,508.1],[439.5,508.3],[438.5,508],[438.4,507.2],[438.3,506.6],[438.3,506.4],[438.3,506.3],[438.3,505.9],[437.8,505.3],[437.7,505.3],[436.9,504.7],[436.4,504.1],[436.4,504],[436.3,503.9],[435.6,505.3],[435.6,505.2],[434.8,504.8],[434.7,504.8],[434.5,504.8],[433.4,504.4],[433.3,504.5],[433.3,504.9],[433.2,505],[431.8,505],[430.3,503.4],[430.2,503.3],[430.2,503.1],[430.2,503],[429.9,502.9],[429.8,502.8],[429.5,502.5],[429.5,502.4],[429.4,502.4],[429.4,502.3],[429.4,502.2],[428.3,501.5],[427.8,501.8],[427.7,501.8],[427.7,501.6],[427.7,501.2],[427.7,500.7],[427.8,500.3],[427.8,499.8],[427.8,499.4],[427.9,498.7],[427.9,498.3],[428,496.2],[428,495.8],[428,493.7],[428.2,490.9],[428.2,490.8],[428.2,490.7],[428.2,490.5],[428.2,490.3],[428.2,489.9],[428.2,489.5],[428.2,489.4],[428.3,488.4],[428.3,487.5],[428.3,487.3],[428.3,487.1],[428.3,486.7],[428.4,486],[428.4,485.8],[428.4,485.1],[428.5,483.6],[428.5,483.1],[428.6,482.1],[428.6,481],[428.6,480.2],[428.8,477.6],[428.8,477.4],[428.8,476.8],[428.8,475.7],[428.9,474.5],[428.9,473.5],[428.9,472.8],[429,471.7],[429.1,470.6],[429.1,469.5],[428.3,469.5],[427.6,469.5],[426.8,469.4],[426.7,469.4],[426.2,469.4],[425.8,469.4],[425.5,469.4],[424.8,469.3],[424.1,469.3],[422.6,469.2],[422.1,469.2],[421.9,469.2],[421.3,469.2],[419.8,469.1],[419,469.1],[418.4,469],[417.9,469],[416.2,468.9],[415.2,468.9],[414.6,468.8],[414.2,468.8],[413.7,468.8],[413.4,468.8],[412.1,468.7],[411.7,468.7],[411.2,468.6],[411,468.6],[410.9,468.6],[410.5,468.6],[409.6,468.6],[409.2,468.5],[408.4,468.5],[408,468.5],[407.7,468.5],[406.6,468.4],[406.5,468.4],[406.1,468.3],[406,468.3],[405.6,468.3],[405.5,468.3],[405,468.3],[404.9,468.3],[402.3,468.1],[401.7,468],[401.1,468],[399.8,467.9],[399.5,467.9],[399.4,467.9],[398.5,467.9],[398.1,467.8],[397.9,467.8],[397.6,467.8],[396.6,467.7],[396.1,467.7],[395.6,467.7],[394.4,467.6],[392.8,467.4],[392.3,467.4],[392,467.4],[391.9,467.4],[391.3,467.3],[390.1,467.3],[389.4,467.2],[388.9,467.9],[388.8,468.4],[388.8,469.1],[388.8,469.7],[388.7,470.3],[388.7,471.6],[388.6,471.8],[388.6,471.9],[388.5,473.3],[388.4,474.5],[388.4,475.3],[388.3,476.5],[388.2,476.9],[388.2,477.4],[388.1,478.3],[388.1,478.4],[388.1,478.9],[388,479.8],[387.9,480.5],[387.9,481.3],[387.9,482],[387.8,482.5],[387.7,484],[387.3,488.5],[387.3,489.1],[387.2,490.3],[387.1,492],[387.1,492.1],[387,492.6],[387,492.8],[387,493.3],[387,493.5],[386.9,495.1],[386.9,495.5],[386.8,495.7],[386.8,496.2],[386.8,496.3],[386.7,496.7],[386.7,497],[386.7,497.7],[386.7,497.9],[386.5,500.1],[386.4,501.9],[386.3,502.2],[386.3,502.3],[386.3,502.4],[386.3,502.5],[386.1,504.7],[386,506],[386,507.1],[385.8,508.7],[385.8,508.8],[385.8,509.6],[385.7,510.6],[385.7,510.7],[385.5,511.9],[385.5,512.3],[385.4,513.2],[385.4,513.8],[385.4,514.2],[385.3,514.6],[385.2,515.1],[385.2,515.6],[385.2,515.8],[385.2,516],[385.1,516.4],[385.1,516.7],[385,518.1],[384.9,519.4],[384.8,520.3],[384.7,521.2],[384.6,521.7],[384.5,523.5],[384.5,523.8],[384.5,524.1],[384.4,524.7],[384.3,525.2],[384.3,525.6],[384.3,525.9],[384.2,526.6],[384.2,527],[384.2,527.3],[384,529.2],[384,529.6],[384,529.7],[384,529.8],[384,529.9],[384,530.1],[384,530.3],[383.9,530.6],[383.9,531.5],[383.8,532],[383.8,532.5],[383.7,533],[383.7,533.6],[383.4,536.9],[383.4,537.8],[383.4,537.9],[383.3,539.1],[383.2,540.2],[383.2,540.4],[383.1,541.4],[383.1,541.9],[382.1,541.8],[381.3,541.7],[380.3,541.6],[380.1,541.6],[377.9,541.4],[376.6,541.3],[375.6,541.3],[373.9,541.1],[373.4,541.1],[371.2,540.9],[370.8,540.9],[370.3,540.8],[370,540.8],[369.6,540.8],[367.6,540.6],[367,540.5],[365.5,540.4],[365.3,540.4],[361.6,540.1],[360.2,539.9],[359.8,539.9],[359.3,539.9],[358.2,539.8],[356.4,539.6],[356,539.6],[354.9,539.5],[353.3,539.3],[352.7,539.2],[350.7,539],[348.3,538.8],[347,538.7],[345.1,538.4],[343.5,538.3],[341,538],[340.5,538],[338.3,537.7],[337.6,537.7],[336.9,537.6],[336.5,537.5],[336.4,537.5],[336,537.5],[335,537.4],[334.3,537.3],[334,537.3],[333.9,537.2],[333.8,537.2],[333.7,537.2],[333.5,537.2],[333.5,537.3],[333.5,537.4],[333.4,537.4],[333.2,537.4],[333.2,537.5],[333.2,537.6],[333.4,537.7],[333.5,537.7],[333.5,537.8],[333.4,537.8],[333.5,538.1],[333.4,538.1],[333.4,538.2],[333.4,538.3],[333.4,538.4],[333.4,538.5],[333.5,538.6],[333.4,538.6]],[[514.4,576.8],[514.5,576.8],[514.5,576.9],[514.4,576.8]]]]}},{"type":"Feature","properties":{"st":"UT","fips":"49","name":"Utah","seats":4,"seats_2000":3,"seats_2010":4,"seats_2020":4,"seats_2030":5,"label_x":288.7,"label_y":366.9},"geometry":{"type":"MultiPolygon","coordinates":[[[[276.5,338.4],[276.4,338.6],[276.4,338.8],[276.4,339],[276.3,339.3],[276.3,339.4],[276.3,339.5],[276.1,340.5],[276,340.8],[275.9,341.1],[275.9,341.6],[275.8,341.8],[275.7,342.3],[275.6,343.1],[275.5,343.2],[275.4,343.8],[275.4,344.1],[275.3,344.3],[275.3,344.6],[275.2,345],[275.1,345.2],[275.1,345.4],[275,346],[274.9,346.5],[274.8,346.8],[274.7,347.6],[274.7,347.7],[274.7,347.8],[274.6,348],[274.5,348.5],[274.3,349.3],[274.2,349.9],[274.2,350.3],[274.1,350.4],[273.9,351.5],[273.9,351.8],[273.7,352.6],[273.6,353.2],[273.5,353.5],[273.5,353.6],[273.5,353.7],[273.4,354.1],[273.3,354.6],[273.3,354.8],[273.2,355.1],[273.1,355.9],[273,356.5],[272.9,356.7],[272.8,357.2],[272.7,357.5],[272.6,358.1],[272.6,358.2],[272.5,358.6],[272.4,359.1],[272.4,359.4],[272.3,359.7],[272.3,360],[272.2,360.3],[272.2,360.4],[272.1,361.1],[271.9,362.1],[271.8,362.3],[271.8,362.5],[271.7,362.7],[271.7,363.1],[271.6,363.6],[271.4,364.4],[271.3,364.9],[271,366.2],[271,366.3],[271,366.6],[270.9,367.2],[270.8,367.6],[270.7,368.1],[270.6,368.3],[270.6,368.6],[270.6,368.8],[270.4,369.7],[270.4,369.8],[270.3,370],[270,371.5],[270,371.9],[269.8,372.4],[269.8,372.7],[269.7,373.3],[269.6,373.9],[269.5,374.2],[269.3,375.2],[269.2,375.7],[269.2,375.8],[269.1,376.4],[269,376.6],[269,376.9],[268.8,377.7],[268.8,377.8],[268.8,378],[268.7,378.5],[268.6,378.8],[268.6,379.2],[268.5,379.5],[268.4,379.7],[268.4,379.8],[268.4,380],[268.4,380.1],[268.3,380.2],[268.3,380.4],[268.2,380.7],[267.3,385.6],[267.6,385.7],[268.2,385.8],[268.9,385.9],[270.5,386.2],[273.1,386.7],[273.6,386.8],[274.2,386.9],[274.4,386.9],[275.1,387.1],[275.2,387.1],[275.3,387.1],[275.4,387.1],[275.8,387.2],[276.1,387.2],[276.2,387.2],[276.4,387.3],[276.8,387.4],[277.9,387.6],[278.1,387.6],[278.5,387.7],[278.6,387.7],[278.9,387.7],[279.2,387.8],[279.7,387.9],[280.3,388],[280.8,388.1],[280.9,388.1],[281.3,388.2],[281.7,388.2],[282.4,388.3],[285,388.8],[285.3,388.8],[285.7,388.9],[285.8,388.9],[286,388.9],[286.3,389],[286.7,389.1],[286.9,389.1],[287,389.1],[287.1,389.1],[287.4,389.2],[287.7,389.2],[287.8,389.3],[288,389.3],[288.2,389.3],[288.3,389.3],[288.6,389.4],[289,389.4],[289.3,389.5],[289.5,389.5],[289.6,389.5],[290.1,389.6],[290.4,389.6],[290.9,389.7],[291.2,389.8],[291.5,389.8],[291.7,389.9],[292.9,390],[293.2,390.1],[293.9,390.2],[294.1,390.3],[294.7,390.4],[295,390.4],[295.3,390.4],[295.5,390.5],[295.8,390.5],[296.2,390.6],[296.5,390.6],[296.9,390.7],[297.1,390.7],[297.8,390.8],[298.6,390.9],[299.1,391],[299.3,391.1],[299.5,391.1],[299.8,391.1],[300.5,391.2],[300.6,391.2],[300.8,391.3],[301.5,391.3],[302,391.4],[302.1,391.4],[303,391.6],[303.2,391.6],[303.5,391.6],[303.7,391.7],[304.1,391.7],[304.5,391.8],[304.7,391.8],[304.8,391.6],[305,390],[305,389.9],[305,389.8],[305.1,389.2],[305.1,389],[305.2,388.7],[305.2,388.4],[305.3,387.8],[305.4,387.3],[305.4,386.9],[305.6,386],[305.6,385.6],[305.6,385.2],[305.9,383.6],[306,383.2],[306,382.6],[306.1,381.9],[306.1,381.8],[306.2,381.5],[306.2,381],[306.3,380.8],[306.3,380.4],[306.3,380.2],[306.3,380.1],[306.3,379.8],[306.3,379.4],[306.4,379.2],[306.4,379.1],[306.4,378.8],[306.5,378.2],[306.5,377.9],[306.5,377.8],[306.6,377.1],[306.7,376.7],[306.8,376.4],[306.9,375.4],[306.9,375.1],[307,374.6],[307.1,374.3],[307.1,373.9],[307.2,373.7],[307.3,372.8],[307.4,372.1],[307.5,371.6],[307.5,371.4],[307.5,370.9],[307.6,370.9],[307.6,370.5],[307.8,369.6],[307.8,369.3],[307.8,369.1],[308,368],[308,367.8],[308,367.5],[308.1,367.4],[308.1,366.8],[308.2,366.5],[308.2,366.3],[308.3,365.6],[308.4,364.9],[308.5,364.5],[308.6,363.8],[308.7,363.1],[308.7,362.9],[308.7,362.8],[308.7,362.7],[308.7,362.5],[308.8,362],[308.9,361.4],[308.9,361.3],[308.9,361.2],[309,360.6],[309.1,359.8],[309.2,359.1],[309.2,359],[309.4,358.1],[309.4,358],[309.4,357.8],[309.5,357.3],[309.5,357.1],[309.7,355.3],[309.8,355.2],[309.8,354.8],[309.8,354.5],[309.9,353.7],[310,353.6],[308.6,353.4],[308.1,353.4],[307.3,353.2],[307,353.2],[306.4,353.1],[306,353.1],[305.9,353.1],[305.6,353],[305.5,353],[305,352.9],[304.7,352.9],[304.3,352.9],[304,352.8],[303.8,352.8],[303.3,352.7],[303.1,352.7],[303,352.7],[302.7,352.6],[302.5,352.6],[302.3,352.6],[302.2,352.6],[302.1,352.6],[301.9,352.5],[301.3,352.4],[301,352.4],[300.9,352.4],[300.7,352.3],[300.5,352.3],[300.1,352.2],[300,352.2],[299.6,352.2],[299.1,352.1],[298.9,352.1],[298.7,352],[298.4,352],[298.1,351.9],[297.7,351.9],[297.5,351.8],[297.2,351.8],[297,351.8],[296.8,351.7],[296.4,351.7],[296.2,351.6],[295.9,351.5],[295.8,351.4],[295.9,351],[296,350.6],[296,350.5],[296,350.4],[296,350.2],[296.1,349.8],[296.1,349.4],[296.2,349.3],[296.2,348.8],[296.4,347.6],[296.5,347],[296.6,346.6],[296.7,346.2],[296.7,345.9],[296.8,345.6],[296.8,345.4],[296.8,345.2],[296.9,344.8],[296.9,344.4],[297,344.1],[297,343.7],[297.1,343.3],[297.1,343.2],[297.1,343.1],[297.2,342.9],[297.3,342.2],[297.3,342.1],[297.3,342],[297.2,342],[296.7,341.9],[296.3,341.8],[295.8,341.8],[295.5,341.7],[293.5,341.4],[293.3,341.4],[293.2,341.4],[292.8,341.3],[292.4,341.2],[292.1,341.2],[292,341.2],[291.5,341.1],[291.1,341],[291,341],[290.9,341],[290.6,340.9],[290.5,340.9],[290.4,340.9],[290.1,340.9],[289.8,340.8],[289.6,340.8],[289.5,340.7],[289.3,340.7],[289.1,340.7],[289,340.6],[288.7,340.6],[288.5,340.5],[288,340.4],[287.5,340.4],[286.9,340.3],[286.2,340.2],[285.8,340.1],[284.9,339.9],[284.7,339.9],[284.4,339.9],[284.1,339.8],[283.9,339.8],[282.4,339.5],[282,339.4],[281.8,339.4],[281.5,339.4],[280.5,339.2],[280.1,339.1],[279.8,339.1],[279.7,339.1],[279.5,339],[279.2,339],[278,338.8],[277.9,338.7],[277.6,338.7],[277.5,338.7],[277.4,338.6],[277.2,338.6],[277,338.5],[276.8,338.5],[276.5,338.4]]]]}},{"type":"Feature","properties":{"st":"VA","fips":"51","name":"Virginia","seats":11,"seats_2000":11,"seats_2010":11,"seats_2020":11,"seats_2030":11,"label_x":779.1,"label_y":375.8},"geometry":{"type":"MultiPolygon","coordinates":[[[[723,387.5],[722.9,387.4],[722.9,387.3],[722.8,387.2],[722.8,387.1],[722.9,387.1],[722.9,387],[722.8,387],[722.7,387],[722.6,387],[722.6,386.9],[722.5,386.9],[721.9,386.7],[721.9,386.6],[721.7,386.5],[721.7,386.4],[721.7,386.3],[721.7,386.2],[722.5,385.3],[722,384.8],[721.7,385],[721.2,385.7],[720.5,386.5],[719.8,387.4],[719.6,387.7],[719.1,388.3],[718.8,388.6],[718.2,389.2],[718.2,389.3],[718.2,389.4],[717.4,390.3],[716.8,391],[716.7,391.1],[716.7,391.2],[716.5,391.5],[716.4,391.5],[715.7,392.1],[715.5,392.1],[715.4,392.2],[715.3,392.2],[715.2,392.3],[713.9,393.1],[713.7,393.1],[713.5,393.2],[713.5,393.3],[713.5,393.4],[713.2,393.6],[713.1,393.7],[713,393.7],[713,393.8],[712.9,393.8],[712.7,393.8],[712.6,394.1],[712.3,394.2],[712.2,394.2],[712.1,394.5],[712,394.6],[711.7,394.9],[711.6,395.1],[711.4,395.1],[711.3,395.1],[711.2,395.2],[711,395.5],[710.9,395.6],[710.3,395.9],[710.2,396],[710.1,396.3],[710.2,396.4],[710.2,396.6],[710.1,396.7],[710.3,396.8],[710.3,396.9],[710.4,396.9],[710.4,397],[710.4,397.7],[710.1,397.7],[710.1,397.8],[709.7,398.2],[709.7,398.3],[709.7,398.4],[709.7,398.5],[709.6,398.5],[709.5,398.5],[709.3,398.7],[709.2,398.8],[709.2,398.7],[708.9,398.8],[708.8,398.8],[708.6,398.9],[708.6,399],[708.7,399],[708.6,399.1],[708.7,399.1],[708.6,399.2],[708.5,399.2],[708.4,399.4],[708.3,399.4],[708.2,399.5],[708.1,399.5],[708,399.5],[708,399.7],[708.2,401],[708.1,401.1],[708.1,401.5],[707,402.3],[706.9,402.3],[706.1,402.6],[706,402.8],[705.9,402.8],[705.7,402.8],[704.4,403.4],[704.5,403.6],[704.2,404.2],[704.2,404.4],[704,404.5],[704.1,404.9],[704.1,405],[703,405.7],[702.9,405.8],[702.5,405.9],[702.4,406],[702.4,406.1],[701.2,406.6],[701.1,406.6],[700.4,406.9],[700.3,407],[700.3,407.1],[699.4,407.7],[699.3,407.8],[698.6,407.9],[697.7,407.9],[697.1,408.4],[697,408.4],[696.5,408.8],[696.4,408.8],[695,409.8],[695,409.9],[695.1,409.9],[695.2,409.9],[695.3,409.9],[695.5,409.8],[695.9,409.8],[696.6,409.7],[696.8,409.7],[697.3,409.6],[697.7,409.6],[698.2,409.6],[698.6,409.5],[698.9,409.5],[699.8,409.3],[700.1,409.3],[700.7,409.2],[701.1,409.2],[701.4,409.1],[701.5,409.1],[702,409],[702.4,409.1],[702.5,409.1],[702.9,409],[703.1,409],[703.2,408.9],[703.8,408.8],[705.1,408.7],[705.5,408.6],[705.7,408.6],[706.7,408.5],[707.1,408.4],[707.5,408.4],[708.1,408.3],[708.4,408.3],[708.5,408.3],[708.8,408.2],[709.5,408.1],[710.2,408],[710.7,407.9],[710.8,407.9],[711,407.9],[711.5,407.8],[712.2,407.7],[712.8,407.6],[713.1,407.6],[713.4,407.5],[713.5,407.5],[713.8,407.5],[714.4,407.4],[714.8,407.3],[714.9,407.3],[715.4,407.2],[715.8,407.1],[715.9,407.1],[716.3,407.1],[716.5,407.1],[716.7,407.1],[717.4,407],[718.2,406.8],[718.7,406.7],[719.3,406.6],[719.5,406.6],[719.7,406.6],[719.9,406.6],[720.2,406.5],[720.3,406.5],[720.4,406.5],[720.7,406.5],[720.7,406.4],[720.8,406.4],[720.9,406.4],[721,406.4],[721.2,406.4],[721.3,406.4],[721.4,406.3],[721.5,406.3],[721.6,406.3],[721.7,406.3],[721.8,406.3],[722.2,406.2],[722.3,406.2],[722.5,406.2],[722.7,406.2],[722.9,406.2],[723.8,406],[724,406],[724.5,405.9],[725.1,405.8],[725.7,405.8],[725.7,405.6],[725.8,405.4],[725.8,405.2],[725.9,405.2],[726.4,405.2],[726.8,405.1],[727.5,405],[727.9,404.9],[728.8,404.9],[729.1,404.8],[729.4,404.8],[729.8,404.7],[730.6,404.6],[730.2,405.2],[731.3,405],[731.5,405],[732.2,404.9],[732.8,404.9],[732.9,404.9],[733,404.9],[733.2,404.9],[733.8,404.9],[734.1,404.9],[734.4,404.8],[735.2,404.7],[735.8,404.6],[736.1,404.6],[736.5,404.5],[736.7,404.5],[738.6,404.3],[738.7,404.3],[739.1,404.2],[739.2,404.2],[739.3,404.2],[739.5,404.1],[739.6,404.1],[739.7,404.1],[740,404.1],[740.3,404.1],[740.4,404.1],[740.6,404.1],[740.9,404],[741.4,404],[741.7,404],[741.8,403.9],[742,403.9],[742.2,403.9],[742.5,403.9],[742.9,403.8],[743.2,403.7],[743.4,403.7],[743.8,403.7],[744,403.7],[744.4,403.6],[745.2,403.5],[745.9,403.4],[746.2,403.3],[746.6,403.2],[746.7,403.2],[746.9,403.2],[747,403.2],[747.3,403.1],[747.6,403.1],[747.9,403.1],[748,403],[748.2,403],[748.3,403],[748.6,403],[749,402.9],[749.3,402.9],[749.4,402.8],[749.9,402.8],[750.3,402.8],[750.6,402.8],[751.4,402.7],[751.6,402.6],[751.7,402.6],[752.1,402.6],[752.2,402.6],[752.3,402.6],[753.3,402.4],[753.9,402.4],[754.6,402.3],[755,402.3],[755.5,402.2],[755.9,402.1],[756.8,401.9],[757.2,401.9],[757.6,401.9],[757.7,401.9],[757.9,401.8],[758.1,401.8],[758.3,401.7],[759.3,401.5],[759.8,401.5],[760.1,401.4],[761,401.3],[761.4,401.2],[762.6,401],[762.8,401],[763.2,400.9],[763.3,400.9],[763.8,400.8],[763.9,400.8],[764.1,400.7],[764.4,400.7],[764.5,400.7],[764.8,400.7],[765.3,400.6],[766.4,400.4],[766.8,400.3],[767.1,400.2],[767.9,400.1],[768.3,400.1],[768.3,400],[768.7,400],[768.8,399.9],[769.1,399.9],[769.2,399.9],[769.3,399.8],[769.4,399.8],[769.6,399.8],[769.9,399.8],[770.2,399.7],[770.4,399.7],[770.6,399.6],[771,399.6],[771.3,399.5],[771.4,399.5],[771.9,399.4],[772.1,399.4],[772.7,399.3],[773.2,399.2],[773.6,399.1],[773.9,399],[774.1,399],[774.3,399],[775.5,398.8],[775.6,398.7],[776.2,398.6],[776.4,398.5],[776.8,398.5],[777.5,398.4],[777.7,398.3],[778.1,398.3],[778.2,398.2],[778.5,398.2],[778.9,398.1],[779.7,398],[780.1,397.9],[780.6,397.8],[781.3,397.7],[781.5,397.7],[781.9,397.6],[782.6,397.5],[782.9,397.4],[783.1,397.3],[783.3,397.3],[783.7,397.2],[784.2,397.2],[784.5,397.1],[784.8,397.1],[785.4,396.9],[785.6,396.9],[786.2,396.8],[786.7,396.7],[786.8,396.7],[786.9,396.7],[787,396.6],[787.2,396.6],[787.6,396.5],[787.8,396.4],[788.2,396.4],[788.4,396.4],[788.5,396.4],[788.6,396.3],[789.3,396.2],[789.5,396.1],[790.1,396],[790.3,396],[790.5,396],[791.4,395.8],[791.7,395.7],[791.9,395.6],[792.1,395.6],[792.6,395.5],[792.7,395.5],[793.6,395.4],[793.9,395.3],[794.1,395.3],[794.1,395.2],[794.3,395.2],[794.4,395.2],[794.7,395.1],[795,395.1],[795.2,395.1],[795.4,395],[795.6,395],[796,394.9],[796.2,394.8],[796.3,394.8],[796.6,394.7],[796.9,394.7],[797.1,394.7],[797.2,394.7],[797.3,394.7],[797.9,394.5],[798.3,394.4],[798.9,394.3],[799.5,394.2],[799.9,394.1],[800.8,393.9],[801.2,393.8],[801.9,393.8],[802.1,393.7],[802.8,393.5],[803.1,393.4],[803.7,393.4],[803.9,393.4],[804.5,393.2],[805.4,393],[806.2,392.9],[806.7,392.8],[807.2,392.7],[808,392.5],[808.1,392.5],[808.8,392.4],[808.9,392.3],[809.3,392.2],[809.5,392.2],[809.9,392.1],[810.6,392],[812.2,391.7],[812.9,391.6],[813.4,391.4],[813.7,391.4],[813.8,391.3],[813.8,391.2],[814.1,391.1],[814.9,391],[815.1,390.9],[815.3,390.8],[815.5,390.8],[816.2,390.8],[816.6,390.6],[816.9,390.6],[817.3,390.5],[818.1,390.4],[818.3,390.3],[819,390.1],[819.3,390.1],[820.3,389.9],[823.2,389.3],[824.3,389.1],[825,388.9],[825.5,388.8],[825.7,388.7],[826.4,388.6],[827.1,388.4],[827.2,388.4],[828.1,388.3],[828.5,388.2],[828.6,388.2],[829.1,388],[829.5,387.9],[829.7,387.9],[830,387.8],[830.4,387.8],[831,387.6],[831.3,387.5],[831.4,387.5],[831.5,387.5],[831.6,387.5],[831.6,387.4],[832,387.4],[832.3,387.4],[833.3,387.1],[832.5,385.6],[831.1,383.1],[829.2,379.1],[829.3,376.4],[830.7,374.1],[831.2,373],[831.2,370.9],[832.2,369.1],[832.4,366.3],[833.1,363.7],[832.7,363],[833.3,359],[833.7,357.8],[835.1,357.6],[835.7,356.8],[837.1,352.3],[836.1,352.5],[835.8,352.6],[835.5,352.7],[835.4,352.7],[835,352.8],[833.5,353.3],[833.3,353.5],[833.2,353.5],[832.9,353.6],[832.7,353.6],[832.3,353.7],[832,353.9],[831.6,354],[831.4,354],[831.3,354],[831.1,354.2],[830.8,354.3],[830.7,354.3],[830.3,354.5],[829.9,354.6],[829.8,354.6],[829.5,354.7],[829.4,354.7],[829.4,354.8],[829.1,355.4],[829.2,355.8],[829.1,355.9],[827.7,356.2],[827.5,356.3],[827.3,356.4],[826.5,357.2],[825.4,357.5],[825.1,357.6],[824.2,357],[823.3,357],[823.1,357],[822.8,357],[822.6,357.1],[822.5,357.1],[822.4,357.2],[822.3,357.2],[819.5,359.3],[819.4,359.3],[819,359],[818.9,358.9],[818.5,358.8],[818.3,358.7],[817.7,358.5],[817.5,358.4],[817,358.3],[816.6,358.3],[815.8,358],[815.6,357.9],[815.4,357.9],[815.3,357.6],[814.4,357.4],[814.2,357.3],[814,357.3],[814,356.9],[813.7,356.7],[813.5,356.5],[813.5,356.3],[813.4,356.2],[813.1,356.2],[812.6,356],[812.4,355.8],[812.3,355.8],[812.2,355.7],[812.2,355.6],[812.1,355.4],[812,355.3],[811.4,354.9],[810.5,354.9],[810.3,354.9],[809.8,355],[809.4,355],[809.3,355],[809.1,355],[808.9,355.1],[808.8,355.1],[807.7,355.3],[807.6,355.3],[807.4,355.3],[807.2,355.3],[807.1,355.3],[806.9,355.1],[806.8,355.1],[806.6,354.9],[806.1,354.9],[806,354.9],[805.8,354.8],[805.5,354.4],[805.4,353.9],[805.4,353.7],[805.1,353.6],[804.8,353.5],[804.6,353.4],[804.6,353.3],[804,352.9],[804,352.8],[803.9,352.8],[804,351.7],[803.9,351.5],[803.9,351.4],[804,351.3],[803.9,351.3],[803.8,351.2],[803.8,351.1],[803.7,351],[803.4,350.9],[803.3,350.9],[803.2,350.9],[803.1,351.2],[802.9,351.5],[802.9,351.6],[802.8,351.7],[802.7,351.7],[802.7,351.8],[802.6,351.8],[802.5,351.8],[802.4,351.8],[802.2,351.9],[802.1,351.9],[802,351.9],[801,352.7],[800.9,352.8],[799.9,353.1],[799.7,353.1],[799.5,353],[799.4,352.8],[799,352.3],[798.8,351.9],[798.5,351.3],[798.5,351.2],[798.3,350.1],[798.3,350],[798.4,349.8],[798.4,349.7],[798.4,349.6],[798.5,349.6],[798.5,349.5],[798.6,349],[798.7,348.9],[798.7,348.8],[798.7,348.7],[798.7,348.5],[798.7,348.4],[799,348.1],[799,348],[799.1,347.4],[799.1,347.3],[799.1,347.2],[799.3,347],[799.6,346.6],[799.9,346.6],[799.9,346.5],[800,346.4],[800.1,346.3],[800.8,346],[800.8,345.9],[800.7,345.8],[800.6,345.1],[800.9,344.6],[801,344.5],[801.1,344.5],[801.2,344.4],[801.2,344.3],[801.3,344.2],[801.4,344.1],[801.4,344.2],[801.5,344.2],[801.7,344.1],[801.9,343.8],[801.9,343.7],[801.9,343.4],[801.8,343.4],[801.8,343.2],[801.6,342.4],[801.6,342.2],[801.5,340.9],[800.7,339.9],[799.5,339.3],[799.5,339.2],[799.4,339.1],[799.2,339],[799.2,338.9],[799.1,338.8],[798.8,338.8],[798.7,338.8],[798.6,338.8],[798.5,338.8],[798.4,338.8],[798.3,338.9],[798.2,338.9],[798.1,338.9],[797.9,338.9],[797.8,338.9],[797.7,338.8],[797.6,338.7],[797.5,338.8],[797.4,338.7],[797.4,338.6],[797.3,338.6],[797.2,338.5],[797.1,338.5],[797.1,338.4],[797.1,338.3],[797,338.3],[797,338.2],[797.1,338.2],[797.1,338],[797.2,338],[797.1,337.8],[796.9,337.7],[796.5,337.6],[796.4,337.6],[796.4,337.5],[796.2,337.4],[796.1,337.4],[795.9,337.4],[795.6,337.4],[795.5,337.3],[795.4,337.3],[795.3,337.3],[795.2,337.4],[795.1,337.4],[795,337.4],[794.9,337.4],[794.8,337.4],[794.7,337.4],[794.4,337.4],[794.2,337.4],[794.1,337.4],[793.9,337.4],[793.6,337.4],[793.5,337.4],[793.4,337.4],[793.3,337.4],[793.2,337.4],[793.1,337.2],[792.9,336.9],[792.8,336.9],[792.7,336.7],[792.5,336.7],[792.3,336.6],[792.2,336.6],[792.1,336.5],[792,336.5],[791.9,336.3],[791.8,336.1],[791.8,336],[791.9,335.7],[791.8,335.7],[791.9,335.5],[792,335.2],[792.1,335.2],[792.4,335],[792.5,334.9],[792.5,334.8],[792.5,334.6],[792.5,334.4],[792.6,334.1],[792.5,333.9],[792.4,333.9],[792.3,333.9],[792.2,333.7],[792.1,333.7],[792,333.6],[791.3,333.5],[791.2,333.5],[791.1,333.5],[791,333.4],[790.9,333.3],[790.8,333.1],[790.6,333],[790.6,332.9],[790.5,332.7],[790.4,332.7],[790.3,332.7],[790.1,332.8],[790,332.8],[789.8,332.8],[789.4,332.8],[789.3,332.8],[789.2,332.8],[789.1,332.8],[788.8,332.7],[788.6,332.7],[788.6,332.6],[788.4,332.7],[788.3,332.8],[788,332.7],[788,332.8],[787.9,332.8],[787.6,333.1],[787.5,333.2],[787.5,333.9],[787.4,334],[787.5,334.2],[787.4,334.2],[787.4,334.3],[787.4,334.4],[787.3,334.4],[787.4,334.8],[787.3,334.8],[787.1,335.4],[787.1,335.5],[787.1,335.7],[787.1,335.8],[787.1,336],[787.1,336.1],[786.9,337],[786.9,337.1],[786.9,337.2],[786.9,337.3],[786.8,337.4],[786.2,337],[786.2,336.9],[785.8,336.7],[785.6,336.6],[785.1,336.4],[784.6,336.1],[784.3,335.9],[784.1,335.8],[783.7,335.6],[783.5,335.5],[783.3,335.4],[782.8,335.1],[782.3,334.8],[782.1,334.7],[782,334.7],[781.5,334.4],[781.3,334.3],[780.8,333.9],[780.6,333.9],[780.3,333.7],[780,333.5],[779.1,333.1],[778.6,332.7],[778.5,332.7],[778.4,332.6],[778.3,332.5],[777.4,332.1],[777,331.8],[776.7,331.7],[776.8,333.1],[776.9,333.1],[776.8,334.1],[777.1,334.1],[777.3,334.4],[777.2,334.5],[777.2,334.6],[777.2,334.7],[777.1,334.9],[777.1,335],[777,335],[777,335.1],[776.8,335.5],[776.8,335.7],[776.7,335.8],[776.6,335.9],[776.4,336.4],[776.4,336.5],[776.4,337.5],[776.4,337.6],[776.4,337.7],[776.3,337.8],[776.5,338.2],[776.7,338.2],[776.9,338.4],[776.9,338.5],[776.1,339.9],[776,339.9],[775.1,341.2],[775.1,341.3],[775.1,342.2],[774.4,343.5],[773.9,343.3],[773.8,343.4],[773.4,344.6],[773.3,344.6],[772.6,345.1],[772.6,345],[772.6,344.8],[772.1,345.3],[772.1,345.5],[771.6,345.9],[771.1,347.6],[771,347.9],[770.7,348.9],[770.2,348.5],[769.3,347.9],[768.6,347.5],[768.3,347.3],[768.2,347.7],[768.2,347.9],[768,348.1],[767.9,348.1],[767.9,348.2],[767.6,349.1],[767.6,349.2],[767.5,349.4],[767.5,349.5],[767.4,349.7],[767.3,351.7],[767.4,351.8],[767,351.9],[766.9,351.9],[766.7,352.1],[766.4,354],[766.3,354.1],[766,355.8],[765.9,356],[765.8,356.2],[765.6,356.6],[765.6,356.7],[765.6,356.8],[765.4,356.8],[765.3,357],[765.3,357.1],[765.3,357.2],[765.1,357.4],[765,357.5],[765.1,357.6],[765,357.7],[764.9,357.7],[764.6,357.9],[763.6,357.8],[763,357.7],[762.6,357.6],[762.4,357.6],[761.6,357.5],[761,356.6],[761,356.5],[760.8,356.2],[760.5,355.9],[760.2,355.6],[760.1,355.5],[759.7,355.4],[759.5,355.4],[759.1,355.3],[758.1,355],[758,355.6],[758,355.7],[758,355.8],[758,356.2],[758,356.3],[758,356.4],[758,356.5],[758.2,356.7],[758.1,356.8],[757.7,357.4],[757.7,357.5],[757.8,357.5],[758,358.3],[758,358.5],[758,358.7],[758,358.8],[757.1,360.9],[757,360.9],[756.7,361.3],[756.6,361.4],[756.7,362.8],[756.6,362.8],[756.1,363.3],[756.1,363.4],[756,363.5],[755.9,363.7],[755.8,363.9],[755.7,364],[755.6,364.2],[755.5,364.3],[755.4,364.3],[755.4,364.4],[755.4,364.5],[755.2,364.7],[755.1,364.7],[755.1,364.8],[755,364.8],[755,364.9],[755.1,365.1],[755,365.6],[755,365.7],[755,365.8],[755,365.9],[755,366],[755.2,366.6],[755.1,366.7],[754.8,367.5],[754.8,367.6],[754.8,367.7],[754.2,369.4],[752.3,372.1],[752.2,372.1],[752.2,372.2],[752.1,372.2],[752.1,372.3],[752,372.5],[752,372.6],[751.9,372.7],[751.9,372.8],[752,372.8],[751.9,372.9],[751.8,372.9],[751.8,373],[751.8,373.1],[751.8,373.2],[751.9,373.3],[751.8,373.3],[751.7,373.3],[751.6,373.3],[751.6,373.5],[751.6,373.7],[750.8,375.3],[750.7,376.6],[750.6,376.7],[750.5,376.7],[750.4,376.8],[750.8,377.6],[751.1,377.8],[751.3,377.8],[751.6,377.9],[752,378],[750.3,379.7],[750.7,380.1],[750.6,380.2],[750.5,380.2],[750.4,380.3],[750.4,380.4],[750.3,380.4],[750.7,380.6],[751.2,380.3],[750.9,381],[750.7,381.2],[749.4,382.3],[749,382.6],[748.5,383.2],[748,383.1],[747.4,382.1],[746.5,382.7],[746.4,382.7],[745.6,383.6],[745.5,383.6],[744.3,384.7],[744.2,384.8],[743.1,384.9],[743,384.8],[742.9,384.8],[742.8,384.8],[742.7,384.8],[742.6,384.8],[742.6,384.6],[742.5,384.6],[742.3,384.5],[742.2,384.4],[741.7,384.3],[741.6,384.3],[741.5,384.4],[741.5,384.5],[741.5,384.6],[741.6,384.7],[741.5,385],[741.3,385.3],[741.4,385.4],[741.5,385.5],[741.7,385.7],[741.8,385.9],[741.3,386.9],[740,387.7],[737.7,388.3],[737.5,388.4],[736.7,388.9],[736.6,389.1],[735.9,389.6],[735.8,389.5],[735.7,389.5],[735.6,389.4],[735.4,389.3],[735.3,389.2],[735.1,389.1],[734.9,388.9],[734.6,388.8],[734.6,388.7],[734.3,388.6],[734.2,388.5],[733.9,388.3],[733.8,388.3],[733.7,388.2],[733.6,388],[733.1,387.8],[733.1,387.9],[733,388.2],[732.8,388.2],[732.7,388.3],[732.7,388.4],[732.7,388.5],[732.7,388.6],[732.5,388.9],[732.5,389],[732.4,389.2],[732.4,389.3],[732,389.4],[731.1,389.8],[731,390],[730.8,390.5],[730.7,390.6],[730.6,390.6],[730.6,390.7],[730.5,390.7],[730.5,390.8],[730.4,390.8],[730.3,390.9],[730.3,391],[730.2,391],[730.2,391.1],[730.2,391.2],[729.2,391.3],[728.9,391.4],[728.1,391.6],[728.1,391.5],[728,391.4],[728,391.3],[727.9,391.3],[727.8,391.3],[727.3,391],[727.3,390.9],[727.2,390.8],[727.1,390.8],[726.9,390.9],[726.9,390.8],[726.8,390.8],[726.8,390.7],[726.7,390.4],[726.6,390.4],[726.6,390.3],[726.5,390.3],[726.5,390.2],[726.5,390.1],[726.4,390.1],[726.4,390.2],[726.3,390.2],[726.2,390.2],[726.1,390.2],[726.1,390.1],[726,390],[725.9,390],[725.8,390],[725.7,390],[725.6,390],[725.6,390.1],[725.5,390.1],[725.5,390.2],[725.4,390.2],[725.3,390.2],[725.2,390.2],[725.1,390.2],[725.1,390.1],[725,390.1],[724.9,390.1],[724.8,390.1],[724.7,390],[724.7,389.9],[724.7,389.8],[724.7,389.7],[724.6,389.7],[724.5,389.6],[724.6,389.5],[724.5,389.5],[724.4,389.4],[724.3,389.3],[724.2,389.2],[724.1,389.2],[724,389.2],[723.9,389.3],[723.9,389.2],[723.8,389.2],[723.8,389.1],[723.7,389],[723.7,389.1],[723.6,389],[723.6,388.9],[723.5,388.9],[723.4,388.9],[723.4,388.8],[723.4,388.7],[723.3,388.7],[723.2,388.7],[723.3,388.6],[723.2,388.6],[723.1,388.5],[723.1,388.4],[723.1,388.3],[723,388.3],[723,388.2],[723.1,388.2],[723.1,388.1],[723,388.1],[723,388],[723.1,387.9],[723.1,387.8],[723,387.8],[723,387.7],[723.1,387.7],[723.1,387.6],[723.2,387.5],[723.1,387.5],[723,387.5]]]]}},{"type":"Feature","properties":{"st":"VT","fips":"50","name":"Vermont","seats":1,"seats_2000":1,"seats_2010":1,"seats_2020":1,"seats_2030":1,"label_x":924.1,"label_y":44.8},"geometry":{"type":"MultiPolygon","coordinates":[[[[918.7,52.9],[918.7,52.8],[918.8,52.6],[918.8,52.7],[918.9,52.7],[918.9,52.6],[919,52.6],[919.1,52.6],[919.3,52.4],[919.3,52.5],[919.3,52.6],[919.3,52.7],[919.4,52.7],[919.5,52.8],[919.5,52.9],[919.5,53],[919.5,53.1],[919.5,53.2],[919.6,53.1],[919.7,53.1],[919.7,53.2],[919.8,53.2],[919.9,53.2],[920,53.2],[920,53.3],[920.1,53.3],[920.1,53.4],[920.1,53.5],[920.2,53.5],[920.2,53.6],[920.2,53.7],[920.2,53.8],[920.2,53.9],[920.3,54],[920.4,54.5],[920.5,54.9],[920.5,55],[920.6,55.4],[920.6,55.5],[920.6,55.8],[920.7,56.1],[920.7,56.2],[920.8,56.3],[920.8,56.6],[920.9,56.9],[920.9,57.1],[921,57.4],[921,57.7],[921.1,57.9],[921.1,58.2],[921.3,58.9],[921.4,59.5],[921.5,59.6],[921.5,59.8],[921.5,59.9],[921.6,60.4],[921.6,60.6],[921.7,61.1],[921.8,61.2],[921.8,61.6],[921.9,61.8],[921.9,61.9],[922,62.2],[922.1,63],[922.2,63.4],[922.2,63.7],[922.2,63.8],[922.2,63.9],[922.5,64.6],[922.6,64.6],[922.8,64.6],[923.2,64.5],[923.5,64.4],[923.9,64.3],[924.7,64.2],[925.2,64.1],[925.3,64.1],[925.7,63.9],[925.9,63.9],[926,63.8],[926.1,63.8],[926.4,63.8],[926.6,63.7],[926.7,63.7],[926.8,63.7],[927,63.6],[927.3,63.6],[927.6,63.5],[928.2,63.4],[928.5,63.3],[928.6,63.3],[928.7,63.3],[928.8,63.3],[929,63.2],[929.3,63.2],[929.5,63.1],[929.7,63.1],[930.1,63],[930.5,62.9],[930.8,62.8],[930.2,62.5],[930.1,62.4],[930.2,62.3],[930.2,62.2],[930.1,62.1],[929.8,61.9],[929.7,61.8],[929.7,61.7],[929.6,61.5],[929.4,61.4],[929.4,61.2],[929.4,61.1],[929.3,61],[929.4,61],[929.5,60.8],[929.6,60.6],[929.4,60.2],[929.4,60.1],[929.4,59.8],[929.4,59.7],[929.5,59.7],[929.9,59.3],[929.9,58.8],[929.8,58.7],[929.7,58.3],[929.7,58.2],[929.8,58.1],[929.8,57.3],[929.7,57.2],[929.6,57.2],[929.6,57.1],[929.5,57.1],[929.4,57],[929.4,56.9],[929.4,56.8],[929.4,56.7],[929.3,56.6],[929.3,56.4],[929.3,56.1],[929.3,56],[929.3,55.9],[929.3,55.8],[929.3,55.7],[929.2,55.5],[929.2,55.4],[929.3,55.4],[929.2,54.4],[929.2,54.3],[929.3,54],[929.3,53.9],[929.1,53.9],[929,53.8],[929,53.7],[929,53.6],[929.1,53.4],[929.1,53.3],[929,53],[929,52.8],[928.9,52.4],[929,52.3],[929,52.2],[929,52.1],[929,52],[928.7,51.8],[928.7,51.7],[928.8,51.5],[928.8,51.3],[928.7,51.1],[928.7,51],[928.7,50.9],[928.8,50.8],[928.8,50.7],[928.9,50.7],[928.9,50.6],[929,50.6],[929.1,50.4],[929.1,50.3],[929,50.1],[929,49.9],[929.1,49.8],[929.1,49.7],[929.1,49.6],[929.1,49.5],[929,49.3],[929,49.2],[929,49.1],[929,49],[929,48.9],[929.1,48.6],[929.2,48.4],[929.3,48.4],[929.6,48.1],[929.6,48],[929.6,47.9],[929.7,47.8],[929.7,47.7],[929.7,47.6],[929.7,47.5],[929.8,47.4],[929.8,47.3],[929.8,47.2],[929.8,47.1],[929.7,47],[929.7,46.9],[929.7,46.8],[929.7,46.7],[929.7,46.6],[929.6,46.6],[929.6,46.5],[929.6,46.4],[929.7,46.4],[929.8,46.3],[929.7,46.3],[929.7,46.2],[929.7,46.1],[929.8,46.1],[929.8,46],[929.8,45.9],[929.8,45.8],[929.9,45.7],[930,45.6],[930.1,45],[930.1,44.9],[930,44.8],[929.9,44.8],[929.8,44.5],[929.9,44.4],[929.9,44.1],[930,44.1],[930.1,43.8],[930,43.7],[930,43.6],[930.1,43.6],[930.2,43.6],[930.2,43.5],[930.1,43.5],[930.1,43.4],[930.2,43.3],[930.2,43.2],[930.2,43.1],[930.3,43.1],[930.3,43],[930.3,42.9],[930.3,42.8],[930.2,42.8],[930.2,42.9],[930.1,42.9],[930.1,42.8],[930,42.7],[930,42.5],[930,42.2],[930,42.1],[930,42],[929.6,41.6],[929.6,41.5],[929.7,41.4],[929.6,41.3],[929.7,41.3],[929.7,41.2],[929.6,41.2],[929.6,41.1],[929.6,41],[929.6,40.9],[929.6,40.8],[929.5,40.8],[929.4,40.7],[929.4,40.6],[929.3,40.5],[929.3,40.4],[929.4,40.2],[929.5,39.8],[929.6,39.7],[929.7,39.7],[929.8,39.6],[930.6,39],[931.2,39],[931.3,38.9],[931.4,38.8],[931.8,37.9],[932.1,37.9],[932.1,37.8],[932.3,37.7],[932.4,37.6],[932.4,37.5],[932.5,37.5],[932.7,37.2],[932.7,37.1],[932.9,36.5],[932.9,36.6],[933,36.6],[933,36.5],[933,36.4],[933.1,36.4],[933.2,36.4],[933.2,36.3],[933.2,36.2],[933.3,36.1],[933.3,36],[933.2,35.6],[933.2,35.5],[933.1,35.5],[932.9,35.3],[933.3,35.2],[933.3,35.1],[933.4,35.1],[933.3,35],[933.4,34.8],[933.2,34.7],[933.1,34.7],[933.2,34.6],[933.1,34.5],[933.1,34.4],[933.1,34.3],[932.9,34],[932.8,34],[932.7,33.9],[932.7,34],[932.6,33.9],[932.2,33.3],[932.2,33.2],[932.1,33.2],[932.1,33.1],[932,33.1],[932,33],[932,32.9],[931.9,32.9],[931.9,32.8],[931.9,32.7],[932.1,32.5],[932.1,32.4],[932.1,32.3],[932.1,32.2],[932.2,32.2],[932.3,32.2],[932.3,32.1],[932.3,32],[932.3,31.9],[932.2,31.8],[932.2,31.7],[932.3,31.6],[932.3,31.5],[932.3,31.1],[932.3,31],[932.3,30.9],[932.4,30.9],[932.4,30.8],[932.4,30.7],[932.5,30.7],[932.5,30.4],[932.6,30.4],[932.6,30.3],[932.6,30.2],[932.3,29.9],[932.2,29.5],[932.1,29.6],[932.1,29.5],[932.1,29.4],[932,29.4],[932,29.3],[931.9,29.3],[932,29.2],[931.9,29.2],[932,29.1],[932.1,29],[932.1,28.9],[932.3,29],[932.4,29],[932.5,28.8],[932.2,28.8],[924.3,31],[922,31.6],[921.1,31.7],[917,32.7],[914.2,33.4],[914.2,33.6],[914.2,33.7],[914.2,33.8],[914.2,33.9],[914.6,34.7],[914.6,34.8],[914.5,34.8],[914.4,35.1],[914.5,35.2],[914.6,36],[914.9,36.2],[915,36.3],[915,36.9],[915,37],[915.1,38.1],[915.1,38.2],[915.1,38.7],[915.1,38.9],[915.6,39.7],[915.8,39.8],[915.8,39.9],[916.1,40.2],[916.5,40.7],[916.5,40.8],[916.7,41.2],[916.7,41.4],[916.6,42.5],[916.7,42.7],[916.7,42.8],[916.8,43],[917.1,43.7],[917,43.8],[916.9,44.1],[916.8,44.2],[916.6,44.9],[916.6,45],[916.6,46],[916.6,46.1],[916.6,46.3],[916.5,46.5],[916.6,47],[916.7,47.1],[916.9,47.3],[917,47.3],[917.2,48.5],[917.3,48.6],[917.3,48.7],[917.7,49.5],[917.8,49.6],[917.9,50.1],[917.9,50.2],[918.4,50.6],[918.2,51.7],[918.1,52],[918.1,52.1],[918.2,53.4],[918.3,53.4],[918.5,53.5],[918.6,53.5],[918.6,53.4],[918.7,53.4],[918.7,53.3],[918.6,53.3],[918.7,53.2],[918.6,53.2],[918.6,53.1],[918.7,53.1],[918.7,53],[918.7,52.9]]]]}},{"type":"Feature","properties":{"st":"WA","fips":"53","name":"Washington","seats":10,"seats_2000":9,"seats_2010":10,"seats_2020":10,"seats_2030":10,"label_x":208.5,"label_y":124.9},"geometry":{"type":"MultiPolygon","coordinates":[[[[183.8,103.2],[180.4,103.2],[179,102.5],[175.7,100.6],[169.1,95.1],[168.7,95.8],[167.9,96.1],[167.6,96.5],[167.8,98.1],[167.2,99.1],[166.7,99.2],[166.3,99.7],[166.5,101.3],[166.1,102],[165.8,103.2],[166.3,105.3],[166.7,106],[167.3,107.9],[166.8,108.7],[166.9,109.2],[167.7,109.6],[167.3,112.9],[167,113.3],[167.2,115.4],[167.6,116],[167.5,118.5],[166.6,121.8],[166.8,122.2],[166.8,123.6],[166.6,125.6],[165.5,129.5],[165.1,130.7],[164.4,132],[164.8,132.1],[165.4,132.2],[165.8,132.2],[165.8,132.1],[165.8,132],[166,131.8],[166.1,131.8],[166.1,131.9],[166.2,132.3],[166.3,132.4],[166.5,132.5],[166.6,132.6],[166.6,132.7],[166.7,132.9],[166.8,133.1],[167.5,133.4],[168.2,133.3],[168.9,133.3],[169.1,133.3],[169.3,133.5],[169.5,133.7],[169.6,133.7],[170,133.7],[170.7,134],[170.9,134],[171.2,134],[172.2,134.5],[172.3,134.9],[172.1,135.5],[172.1,135.7],[172.2,136],[172.5,136.3],[172.6,136.4],[172.7,136.4],[173.1,136.6],[173.3,136.7],[175,136.4],[175.4,136.6],[175.5,136.6],[175.6,136.8],[176.1,137.4],[176.3,137.6],[176.4,137.7],[176.5,137.8],[176.9,138.4],[177.2,138.7],[177.4,138.9],[177.5,139.3],[177.5,139.8],[177.5,139.9],[177.6,140.2],[177.6,140.7],[177.8,141.1],[177.8,141.6],[177.6,141.9],[177.6,142.4],[177.7,142.5],[177.7,142.7],[177.6,143.1],[177.4,143.3],[177.3,143.6],[177.5,144.1],[177.5,144.5],[177.4,144.9],[177.1,145.4],[177,145.7],[177,146.1],[177.2,146.3],[177.2,146.4],[177.5,146.6],[177.8,146.9],[178.1,147.2],[178.5,147.4],[179,147.6],[179.1,147.8],[179.4,147.9],[179.6,148.1],[179.7,148.1],[179.8,148.2],[180,148.5],[180.5,148.7],[180.8,148.6],[180.9,148.6],[181.2,148.8],[181.3,149.2],[181.7,149.4],[182,149.5],[182.1,149.5],[182.3,149.5],[182.9,149.4],[183.1,149.3],[183.6,149.3],[183.9,149.4],[184.8,149.1],[185.1,149.1],[185.5,149.1],[185.8,149],[185.9,148.9],[186,148.9],[186.1,149],[186.5,148.8],[186.6,148.8],[186.6,148.6],[187.2,148.4],[187.8,148.3],[188.6,148.8],[188.9,148.8],[189.4,148.8],[189.8,148.9],[191.1,148.9],[191.4,149.1],[191.7,149.5],[191.9,149.6],[192.1,149.7],[192.3,149.8],[192.7,149.7],[193.1,149.8],[193.3,150],[193.6,150.3],[193.9,150.5],[194.3,150.7],[194.3,151.1],[194.3,151.5],[194.3,151.6],[194.3,151.8],[194.5,151.9],[194.9,151.9],[195,151.9],[195.1,151.9],[195.2,151.8],[195.7,151.5],[195.9,151.5],[196.3,151.6],[197.3,151.8],[197.5,152.1],[197.8,152.1],[198.3,151.8],[200.3,151.6],[200.6,151.4],[201.1,151.3],[201.9,151.6],[202.2,152.2],[202.4,152.4],[202.6,152.5],[203.5,152.7],[204.4,152.7],[204.9,152.7],[205.7,152.8],[206.3,152.4],[207.6,152.3],[208.3,152.1],[208.9,151.9],[209.6,152.1],[211.1,152.2],[212.3,152.3],[213,151.6],[213.4,151.5],[213.7,151.5],[214.2,151.9],[214.6,152],[215,151.9],[216,152.1],[216.4,152.1],[216.5,152.1],[216.8,152.1],[216.9,152.1],[217.3,152.1],[217.6,152.3],[217.9,152.5],[218.2,152.5],[218.7,152.6],[219.1,152.5],[220.5,151.9],[220.6,151.9],[221.6,152.2],[222.1,152.3],[222.4,152.4],[222.9,152.5],[224,152.7],[224.2,152.8],[224.5,152.8],[224.9,153],[225.2,153],[226,153.3],[226.7,153.4],[227,153.5],[227.2,153.6],[227.3,153.6],[227.8,153.7],[228.1,153.7],[228.4,153.8],[228.9,153.9],[229.5,154.1],[229.7,154.1],[229.9,154.2],[230.3,154.3],[230.9,154.4],[232.4,154.8],[232.7,154.8],[233.4,155],[234.6,155.3],[235.1,155.4],[235.7,155.5],[235.9,155.6],[236.2,155.7],[236.7,155.8],[237.1,155.9],[237.5,156],[237.8,156.1],[238.2,156.1],[238.5,156.2],[238.8,156.3],[239,156.3],[239.7,156.5],[239.8,156.6],[240.7,156.7],[241.8,157],[242.1,157],[242.2,157.1],[243.7,157.5],[243.6,155.7],[244.3,154.7],[244,154.2],[243.9,154.1],[244.1,153.4],[243.7,151.9],[243.7,151.8],[243.7,151.7],[243.7,151.6],[243.4,151.5],[243.4,151.4],[243.4,151.3],[243.4,151.2],[243.4,151.1],[243.5,151],[243.6,151],[243.7,150.7],[243.8,150.6],[243.9,150.4],[243.9,150.3],[243.9,150.1],[244,149.6],[244,149.4],[244.1,149.4],[244.2,148.7],[244.3,148.5],[244.3,148.2],[244.4,147.9],[244.5,147.8],[244.5,147.4],[244.6,147.1],[244.9,145.8],[244.9,145.5],[245,145.3],[245.1,144.8],[245.2,144.3],[245.4,143.6],[245.4,143.3],[245.5,143],[245.6,142.5],[245.7,142.4],[245.8,141.8],[245.8,141.5],[246,140.9],[246,140.7],[246.1,140.3],[246.2,140],[246.3,139.8],[246.3,139.5],[246.5,138.5],[246.6,138.2],[246.7,137.8],[246.8,137.2],[246.9,136.9],[247,136.4],[247,136.3],[247.1,136],[247.1,135.7],[247.3,135.2],[247.3,135],[247.4,134.5],[247.4,134.4],[247.7,133.3],[247.7,133.1],[247.8,132.7],[247.9,132.4],[247.9,132.2],[248.2,131.2],[248.2,131.1],[248.3,130.4],[248.3,130.2],[248.4,130],[248.4,129.9],[248.5,129.8],[248.5,129.7],[248.6,129.3],[248.7,128.5],[248.8,128.5],[248.9,128],[248.9,127.9],[249.1,126.8],[249.2,126.3],[249.4,125.7],[249.5,125.2],[249.5,125.1],[249.6,124.7],[249.7,124.3],[249.8,123.9],[249.8,123.7],[250,123],[250.1,122.5],[250.1,122.4],[250.1,122.2],[250.2,122.2],[250.2,122.1],[250.2,122],[250.3,122],[250.3,121.9],[250.4,121.2],[250.6,120.6],[250.8,119.6],[250.9,119.1],[251,118.9],[251,118.5],[251.2,118.1],[251.3,117.4],[251.4,117.1],[251.5,116.7],[251.8,115.1],[251.9,115.1],[252.1,113.8],[252.3,113.1],[252.5,112.4],[252.5,112.3],[252.5,112.1],[252.8,111.1],[253.2,109.1],[241,106.3],[233.9,104.6],[221.1,101.4],[212.5,99.1],[202.8,96.5],[199.3,95.4],[192.3,93.5],[186.3,91.7],[188.9,95.4],[188.6,96.4],[185.5,96.7],[185.4,99.1],[185.5,100.8],[185.8,101.4],[183.8,103.2]]]]}},{"type":"Feature","properties":{"st":"WI","fips":"55","name":"Wisconsin","seats":8,"seats_2000":8,"seats_2010":8,"seats_2020":8,"seats_2030":7,"label_x":547.2,"label_y":225.4},"geometry":{"type":"MultiPolygon","coordinates":[[[[565.5,206.6],[565.4,206.6],[565.3,206.6],[565,206.6],[564.8,206.6],[564.6,206.5],[564.5,206.5],[564.5,206.1],[564.4,206.1],[564.3,206.1],[564.3,206.2],[564.2,206.2],[564.1,206.2],[564,206.2],[563.9,206.2],[563.9,206.3],[563.8,206.3],[563.8,206.4],[563.6,206.4],[563.5,206.3],[563.4,206.3],[563.3,206.3],[563.3,206.2],[562.9,205.8],[563,205.7],[563,205.6],[563.1,205.6],[563.1,205.5],[563.1,205.4],[563.2,205.4],[563.2,205.3],[563.3,205.3],[563.3,205.2],[563.4,205.2],[563.4,205.1],[563.5,205.1],[563.5,205],[563.5,204.9],[563.4,204.9],[563.3,204.9],[563.2,204.9],[563.1,204.9],[563.1,204.8],[563.1,204.7],[563.1,204.6],[563,204.3],[562.9,204.3],[562.8,204.2],[562.6,204.1],[562.6,204],[562.5,204],[562.4,204],[562.3,204],[562.3,203.9],[562.2,203.9],[562.1,203.9],[561.9,203.9],[561.8,203.9],[561.2,203.9],[560.6,203.9],[560.6,203.8],[560.2,203.5],[560.1,203.5],[559.6,203.6],[559.5,203.6],[558.9,203.5],[558.8,203.5],[558.7,203.4],[558.7,203.3],[558.6,203.1],[558.5,203.1],[558.1,203.2],[558,203.2],[557.9,203.3],[557.9,203.4],[557.8,203.4],[557,203.7],[556.9,203.7],[556.8,203.3],[556.7,203.3],[556.6,203.3],[556.5,203.3],[556.2,203.2],[555.5,203.2],[555.5,203.3],[555.4,203.3],[555.3,203.3],[555.2,203.3],[555.2,203.2],[555.1,203.2],[555,203.2],[555,203.1],[554.9,203],[554.4,202.8],[554.1,202.7],[553.9,202.5],[553.7,202.5],[553.4,202.3],[553.3,202.3],[552.6,201.9],[552.4,201.8],[552.2,201.8],[552.1,201.8],[551.9,201.7],[551.6,201.6],[551.4,201.6],[551.1,201.5],[551,201.5],[550.9,201.5],[550.5,201.4],[550.2,201.4],[549.6,201.3],[549.2,201.1],[549,201.1],[548.9,201.1],[548.6,201],[548.4,201],[548.2,200.9],[548.1,200.9],[547.8,200.9],[547.4,200.8],[546.9,200.7],[546.6,200.6],[546.3,200.6],[546,200.5],[545.8,200.4],[545.6,200.4],[545.3,200.4],[545.2,200.3],[545.1,200.3],[544.6,200.2],[543.9,200.1],[543.8,200],[543.7,200],[543.6,200],[543.5,200],[543.4,200],[543.3,199.9],[543.1,199.9],[542.1,199.7],[541.2,199.5],[541.1,199.5],[541.1,199.4],[540.8,198.8],[540.8,198.7],[540.6,198.4],[540.6,198.3],[540.6,198.1],[540.5,198.1],[540.5,198],[540.4,197.9],[540.3,197.9],[540.3,197.7],[540.2,197.6],[540.2,197.5],[540.1,197.4],[540,197.3],[539.8,197],[539.7,196.9],[539.7,197],[539.3,197],[539.2,196.8],[539.3,196.8],[538.8,196.6],[538.8,196.5],[538.6,196.3],[538.4,196.3],[538.2,196.5],[538.2,196.6],[538.1,196.6],[538,196.6],[537.7,196.1],[541.5,185.9],[541.9,184.8],[541.4,184.8],[540.1,184.8],[534.5,184.9],[533.1,186],[531.8,187],[531,187.6],[530.4,188.1],[528.4,189.5],[527.8,190],[525.9,191.4],[525,192.1],[524.6,192.3],[523.4,193.1],[522.1,193.9],[521,194.6],[520.7,194.8],[520.6,194.9],[520.4,194.8],[519.8,194.2],[519.7,194.2],[519.6,194.2],[519.5,194.3],[519.3,194.4],[519.2,194.5],[519.2,194.7],[519.2,194.8],[518.9,194.7],[518.9,194.8],[518.8,194.8],[518.7,194.8],[518.7,194.9],[518.6,194.9],[518.9,195.3],[518.8,195.3],[518.7,195.7],[518.6,195.8],[518.4,195.8],[518.1,195.7],[518,195.8],[517.9,195.8],[517.9,195.7],[517.8,195.7],[517.8,195.6],[517.7,195.8],[517.7,196.1],[517.7,196.6],[517.8,196.7],[517.8,197.1],[517.8,198.1],[517.8,198.2],[517.8,198.5],[517.9,200],[517.9,200.8],[517.9,201.1],[517.9,201.3],[517.9,201.4],[518,203.1],[518,203.3],[518,203.6],[518,203.9],[518,204.4],[518.1,204.5],[517.4,205.6],[517.2,205.6],[517.1,205.6],[516.9,205.5],[516.8,205.4],[516.6,205.5],[516.4,205.7],[516.4,205.8],[516.4,205.9],[516.3,206],[516.3,206.1],[515.9,206.2],[515.7,206.1],[515.5,206.2],[515.4,206.6],[515.3,206.7],[514.8,206.9],[514.7,206.9],[514.4,207],[514.2,207.1],[514.1,207.2],[514,207.4],[513.9,207.5],[513.8,207.5],[513.8,207.6],[513.7,207.6],[513.6,207.6],[513.6,207.7],[513.5,207.7],[513.5,207.8],[513.5,207.9],[513.4,208.1],[513.4,208.2],[513.3,208.4],[513.3,208.5],[513.2,208.5],[513.1,208.6],[513.1,208.7],[513.1,208.8],[513.2,208.8],[513.2,208.9],[513.1,209.1],[513,209.2],[513,209.3],[512.9,209.6],[512.7,209.9],[512.6,210],[512.1,210.4],[511.9,211.5],[512,212.1],[511.9,212.2],[512.6,212.8],[512.7,212.8],[513.4,212.8],[513.5,212.8],[513.6,213],[513.7,213.2],[513.7,213.3],[514.5,214.4],[514.6,214.6],[514.6,214.7],[514.6,214.8],[514.6,215.2],[514.5,215.2],[514.4,215.3],[514.4,215.4],[514.1,216.1],[514.1,216.2],[514,216.2],[514,216.4],[513.8,216.6],[513.7,216.7],[513.6,216.8],[513.5,217.1],[513.5,217.2],[513.5,217.3],[513.5,217.4],[513.6,218],[513.6,218.1],[513.5,218.1],[513.5,218.5],[513.6,218.7],[513.6,218.8],[513.6,218.9],[513.6,219],[513.6,219.1],[513.6,219.2],[513.7,219.4],[513.4,220],[513.3,220.1],[513.2,220.1],[513.1,220.3],[513.1,220.4],[513.1,220.5],[513.3,220.7],[513.5,220.8],[513.6,221],[513.5,221.3],[513.5,221.4],[513.5,221.5],[513.5,221.6],[513.5,221.8],[513.6,222],[513.8,222.3],[513.7,222.7],[513.6,222.8],[513.5,222.9],[513.6,223.5],[513.6,223.9],[513.6,224],[513.3,224.9],[513.2,225.1],[513.4,225.4],[513.6,225.5],[514,225.7],[514.4,226.1],[514.5,226.2],[515.7,227.4],[515.7,227.5],[515.8,227.4],[515.8,227.3],[515.9,227.3],[515.9,227.5],[516.2,227.8],[516.1,227.8],[516.1,227.9],[516.2,227.9],[516.2,228],[516.3,227.9],[516.6,227.9],[516.8,227.9],[516.9,227.9],[517,228],[517.2,228],[517.4,228.1],[517.9,228],[518,228],[518.1,228],[518.4,228],[518.6,228.1],[518.7,228.2],[518.8,228.4],[518.9,229],[519.6,229.5],[519.6,229.6],[519.8,229.7],[519.9,229.8],[520.1,229.9],[520.4,229.9],[520.5,229.9],[520.7,230],[520.9,230],[521.3,230.2],[521.4,230.3],[521.7,230.4],[521.8,230.4],[521.9,230.5],[522.1,230.6],[522.4,230.7],[522.5,230.8],[522.6,230.8],[522.7,230.9],[523,231.1],[523.1,231.3],[523.3,231.5],[523.1,231.9],[523.2,232],[523.4,232],[523.5,232.1],[523.6,232.5],[523.6,232.6],[523.5,232.8],[523.8,233.2],[523.8,233.3],[523.9,233.3],[524,233.4],[524.1,233.5],[524.3,233.6],[525,234.1],[525.2,234.2],[525.3,234.3],[525.4,234.3],[525.5,234.3],[525.7,234.7],[525.8,234.8],[526,234.8],[526.2,234.9],[526.5,235.3],[526.6,235.4],[526.7,235.4],[526.9,235.6],[526.9,235.7],[527,235.8],[527.1,235.8],[527.2,235.8],[527.4,235.8],[527.5,235.9],[528.4,236.1],[528.7,236.1],[528.7,236.2],[528.8,236.2],[528.9,236.3],[528.9,236.4],[529.2,236.8],[529.3,236.8],[529.6,237.1],[529.6,237.2],[529.7,237.4],[529.8,237.5],[529.8,237.6],[530.3,238.3],[530.4,238.3],[530.7,238.9],[530.7,239],[530.8,239.1],[530.8,239.2],[531.1,239.5],[531,240.1],[530.9,240.3],[530.8,240.5],[530.8,240.8],[530.9,241.5],[531,241.6],[531.1,242.3],[531.2,242.4],[531.4,242.5],[531.4,242.8],[531.4,243.4],[531.5,243.5],[531.6,243.7],[531.6,243.8],[531.6,243.9],[531.5,244.3],[531.4,244.4],[531.7,244.8],[531.7,244.9],[531.8,245],[531.7,245.8],[532.1,246.1],[532.3,246.2],[532.7,246.4],[532.8,246.5],[533.5,247.5],[533.5,247.6],[533.3,248],[533,248.2],[533,248.3],[532.7,248.9],[532.6,249],[532.5,249.2],[532.3,249.5],[532.4,249.7],[532.4,250.5],[532.4,250.8],[532.4,250.9],[532.5,251.1],[532.5,251.3],[532.6,251.5],[532.6,251.7],[532.7,251.9],[532.7,252],[532.9,252.6],[532.8,252.8],[532.9,252.9],[533,252.9],[533.1,253],[533.5,253.7],[533.5,253.9],[533.5,254],[533.6,254.1],[533.6,254.3],[533.7,254.4],[533.7,254.6],[533.8,254.8],[533.8,254.9],[534.1,255.4],[534.3,255.4],[534.3,255.6],[534.4,255.7],[534.5,255.7],[534.6,255.7],[534.8,255.8],[534.8,255.9],[535.1,256.1],[535.2,256.2],[535.8,256.3],[535.9,256.3],[536,256.3],[536.5,256.5],[536.6,256.5],[536.7,256.5],[536.9,256.5],[537.1,256.6],[537.3,256.6],[537.4,256.6],[538.1,256.9],[538.1,257],[538.2,257.2],[538.2,257.3],[538.4,257.6],[538.4,257.7],[538.6,257.8],[538.6,258],[538.7,258.1],[538.7,258.2],[538.8,258.2],[538.8,258.4],[538.8,258.7],[538.9,258.7],[539.4,258.7],[539.6,258.7],[539.9,258.6],[540,258.6],[540.2,258.6],[540.4,258.6],[540.7,258.6],[541.2,258.6],[541.6,258.6],[541.7,258.6],[542,258.6],[542.2,258.5],[542.9,258.5],[543,258.5],[543.2,258.5],[543.3,258.5],[543.8,258.4],[544.3,258.4],[544.6,258.4],[544.9,258.4],[545,258.4],[545.3,258.4],[545.7,258.3],[545.9,258.3],[546,258.3],[546.2,258.3],[547.2,258.2],[547.6,258.2],[548.3,258.2],[548.4,258.2],[548.6,258.2],[548.7,258.1],[549,258.1],[549.5,258.1],[549.8,258.1],[550,258.1],[550.1,258.1],[550.6,258.1],[551.2,258],[551.4,258],[551.6,258],[551.8,258],[553.1,258],[554.1,257.9],[554.4,257.9],[554.5,257.8],[554.6,257.8],[554.8,257.8],[555.3,257.8],[555.7,257.8],[556.3,257.8],[556.5,257.7],[556.6,257.7],[556.7,257.7],[556.8,257.7],[556.9,257.7],[557,257.7],[557.1,257.7],[557.2,257.7],[557.3,257.7],[557.4,257.7],[558.6,257.6],[558.9,257.6],[559,257.6],[559.1,257.6],[559.9,257.6],[560,257.6],[560.6,257.5],[561,257.5],[561.2,257.4],[561.4,257.4],[561.9,257.3],[562.4,257.3],[562.7,257.3],[562.8,257.3],[563,257.3],[563.3,257.3],[563.4,257.2],[563.6,257.2],[563.8,257.2],[564,257.2],[564.3,257.2],[564.4,257.2],[564.9,257.1],[565.1,257.1],[565.2,257.1],[565.7,257.1],[565.9,257.1],[566.4,257],[566.6,257],[566.7,257],[567.2,257],[567.4,256.9],[567.6,256.9],[567.7,256.9],[567.8,256.9],[567.9,256.9],[568.3,256.8],[568.6,256.8],[568.9,256.8],[569.2,256.8],[569.6,256.7],[569.8,256.7],[569.9,256.7],[570.2,256.7],[570.3,256.7],[570.6,256.7],[570.7,256.7],[570.8,256.7],[579.7,255.8],[579.6,255.8],[579.3,253.8],[579.2,253.3],[578.9,251.9],[578.8,251.7],[578.7,251.1],[578.5,250],[578.1,248.1],[578,247.5],[577.8,246.3],[577.6,245.2],[577.4,244.7],[577.4,244.6],[577.3,244.3],[576.9,242.4],[576.9,240.5],[576.9,240],[576.9,239.9],[576.8,237.9],[576.8,236.6],[576.9,235.5],[577.3,230.6],[577.4,230.3],[577.6,229.9],[577.8,228.8],[578,227.8],[578.1,227.5],[578.2,226.8],[578.6,224.6],[578.9,222.9],[579.3,221],[579.4,220.9],[579.5,220.5],[579.8,218.8],[580.4,217.7],[580.8,216.8],[581.3,216.1],[582.2,214.8],[582.7,214.2],[584,212.9],[582.6,212.2],[581.1,211.6],[579.7,210.9],[578.7,210.5],[578.3,210.3],[578.2,210.3],[577.3,210.4],[576.9,210.4],[574.5,210.6],[574,211.7],[573.9,212.1],[573.3,212.8],[573.1,213.1],[572.6,213.8],[571.6,214.6],[571.4,215.9],[571.3,216.6],[570.8,216.5],[570.7,216.5],[569.7,216.4],[569.7,216.5],[569.4,216.4],[569.3,216.3],[568.9,216.3],[568.8,216.2],[568.3,215.6],[567.9,215],[567.9,214.9],[568.2,214.3],[568.2,214.2],[568.2,214],[568.2,213.9],[568.3,213.9],[568.3,213.6],[568.3,213.5],[568.7,212.5],[568.6,212.4],[568.2,212],[568.1,212.1],[567.4,212.7],[567,212.7],[566.8,212.7],[566.2,212.7],[566.2,212.6],[566.2,212.5],[566.3,212.5],[566.3,212.4],[566.2,212.4],[566.3,212.3],[566.4,212.2],[566.4,212.1],[566.4,212],[566.5,212],[566.5,211.9],[566.4,211.8],[566.4,211.7],[566.3,211.6],[566.3,211.5],[566.3,211.4],[566.4,211.4],[566.4,211.3],[566.5,211.3],[566.5,211.2],[566.6,211.2],[566.7,211],[566.8,211],[566.8,209.9],[566.8,209.8],[566.4,209.5],[566.5,209.4],[567,209.1],[567,208.9],[567,208.8],[567,208.7],[566.9,208.6],[566.8,208.6],[566.8,208.5],[566.7,208.5],[566.6,207.9],[566.7,207.8],[566.9,207.7],[566.8,207.7],[566.8,207.6],[566.7,207.5],[566.6,207.5],[566.5,207.5],[566.5,207.4],[566.5,207.3],[566.5,207.2],[566.4,207.2],[566.3,207.2],[566.2,207.1],[566,207.1],[566,207],[565.9,207],[565.9,206.9],[565.9,206.8],[565.9,206.7],[565.8,206.7],[565.7,206.6],[565.6,206.6],[565.5,206.6]]]]}},{"type":"Feature","properties":{"st":"WV","fips":"54","name":"West Virginia","seats":2,"seats_2000":3,"seats_2010":3,"seats_2020":2,"seats_2030":2,"label_x":731.3,"label_y":354.5},"geometry":{"type":"MultiPolygon","coordinates":[[[[754.9,337.7],[755,337.7],[754.9,337.6],[754.9,337.7]]],[[[744.2,341.4],[744.2,341.5],[744.2,341.6],[744.3,341.5],[744.3,341.4],[744.2,341.4]]],[[[712.7,360.4],[712.7,360.5],[712.7,360.6],[712.7,360.7],[712.7,360.8],[712.7,360.9],[712.7,361.1],[712.8,361.2],[713,361.3],[713,361.4],[713.1,361.9],[713.1,362.1],[713.1,362.3],[713,362.4],[712.9,362.4],[712.8,362.4],[712.9,362.7],[713,362.7],[713,362.8],[713,362.9],[713,363],[713,363.1],[712.9,363.2],[712.9,363.4],[712.8,363.4],[712.6,363.4],[712.7,363.6],[712.7,363.7],[712.8,363.8],[712.9,363.8],[712.9,363.9],[712.9,364],[713,364],[713.2,364],[713.3,364.1],[713.3,364.3],[713.4,364.4],[713.5,364.4],[713.6,364.5],[713.7,364.5],[713.7,364.6],[713.8,364.6],[713.8,364.7],[713.8,364.8],[713.9,364.8],[713.9,364.9],[713.9,365],[714.1,365.3],[714.2,365.3],[714.3,365.3],[714.3,365.4],[714.4,365.4],[714.5,365.4],[714.5,365.5],[714.6,365.5],[714.7,365.5],[714.7,365.6],[714.7,365.7],[714.6,365.7],[714.5,365.7],[714.5,365.8],[714.6,365.8],[714.7,365.8],[714.7,365.9],[714.6,365.9],[714.6,366],[714.5,366],[714.4,366],[714.4,366.1],[714.5,366.1],[714.5,366.2],[714.6,366.2],[714.7,366.2],[714.6,366.3],[714.6,366.4],[714.7,366.4],[714.8,366.5],[714.9,366.4],[715,366.4],[715,366.5],[715.1,366.5],[715.2,366.6],[715.3,366.7],[715.4,366.8],[715.4,367],[715.4,367.1],[715.4,367.2],[715.5,367.2],[715.5,367.3],[715.6,367.4],[715.6,367.5],[715.9,367.6],[715.9,367.7],[716,367.7],[716.1,367.8],[716.2,367.8],[716.3,367.8],[716.3,367.9],[716.4,367.9],[716.5,367.9],[716.5,368],[716.4,368],[716.4,368.1],[716.5,368.1],[716.5,368.2],[716.5,368.3],[716.4,368.4],[716.5,368.4],[716.7,368.6],[716.7,368.7],[716.7,368.8],[716.8,368.8],[716.9,368.9],[716.8,369.1],[716.9,369.1],[716.9,369.2],[717,369.2],[717.1,369.1],[717.1,369.2],[717.2,369.2],[717.2,369.3],[717.4,369.3],[717.8,369.7],[717.9,369.6],[718,369.6],[718,369.4],[718.1,369.3],[718.2,369.3],[718.2,369.4],[718.3,369.6],[718.3,369.7],[718.3,369.8],[718.4,369.8],[718.5,370],[718.6,370],[718.7,370],[718.8,370.1],[718.8,370.2],[718.7,370.2],[718.6,370.3],[718.7,370.4],[718.8,370.5],[718.9,370.5],[719,370.4],[719.2,370.4],[719.3,370.3],[719.4,370.4],[719.5,370.5],[719.5,370.6],[719.6,370.6],[719.6,370.7],[720.1,370.4],[720.4,370.3],[720.4,370.4],[720.7,370.7],[720.2,371.2],[720.2,371.3],[720.3,371.3],[720.4,371.4],[720.4,371.5],[720.7,371.6],[720.8,371.6],[720.9,371.6],[720.9,371.7],[720.9,371.8],[720.9,371.9],[721,371.9],[721.1,371.9],[721.1,372],[721,372],[721,372.1],[721.1,372.1],[721.1,372.2],[721,372.2],[721,372.3],[721,372.4],[721.1,372.4],[721.1,372.5],[721.2,372.5],[721.1,372.6],[721.2,372.6],[721.2,372.7],[721.3,372.7],[721.3,372.8],[721.4,372.8],[721.5,372.8],[721.5,372.9],[721.5,373],[721.6,372.9],[721.7,372.9],[721.7,373],[721.8,373],[721.9,373],[721.8,373.1],[721.9,373.2],[722,373.2],[722,373.3],[722,373.4],[722.1,373.4],[722.2,373.4],[722.2,373.5],[722.3,373.5],[722.4,373.5],[722.4,373.4],[722.5,373.4],[722.6,373.4],[722.7,373.4],[722.8,373.4],[722.8,373.5],[722.9,373.5],[722.9,373.4],[723,373.4],[723,373.5],[723,373.6],[723.1,373.6],[723.2,373.7],[723.2,373.8],[723.2,373.9],[723.3,373.8],[723.4,373.8],[723.4,373.9],[723.7,374.1],[723.8,374.1],[723.9,374.2],[724.3,374.1],[724.5,374.1],[725.1,374],[725.1,373.9],[725.2,373.8],[725.2,373.7],[725.3,373.7],[725.4,373.7],[725.4,373.6],[725.5,373.3],[725.6,373.2],[726.1,373],[726.3,373],[726.3,372.9],[726.4,372.8],[726.4,372.7],[726.5,372.5],[726.5,372.4],[726.5,372.3],[726.6,372.3],[726.7,372.3],[726.7,372.2],[726.7,372.1],[727,372.2],[727.1,372.3],[727.1,372.4],[727.2,372.4],[727.4,372.5],[727.6,372.6],[727.6,372.7],[727.7,372.7],[727.9,372.8],[727.9,372.9],[728,373],[728.1,373],[728.2,373],[728.3,373.1],[728.7,372.8],[728.8,372.7],[729.2,372.4],[729.3,372.4],[730.7,372],[731.4,371.6],[731.7,371],[731.6,370.9],[731.5,370.8],[731.4,370.8],[731.4,370.7],[731.5,370.5],[731.5,370.3],[731.5,370.2],[731.5,370.1],[731.6,370.1],[731.9,370.2],[732,370.3],[732.1,370.3],[732.1,370.4],[732.2,370.4],[732.3,370.4],[732.4,370.4],[732.4,370.5],[733,370.4],[733.1,370.3],[733.7,369.7],[733.8,369.7],[734.2,369.2],[734.3,369.2],[734.8,368.9],[735.2,369.5],[735.4,369.5],[735.8,369.1],[735.9,369],[736.7,368.4],[736.8,368.3],[737,367.9],[736.7,368],[736.5,367.9],[736.6,367.8],[736.7,367.8],[736.7,367.7],[736.5,367.5],[737.4,366.6],[737.2,366.5],[737,366.4],[736.9,366.4],[736.8,366.3],[736.5,365.9],[736.6,365.8],[736.7,365.7],[736.8,365],[737.2,364.1],[737.2,364],[737.2,363.9],[737.3,363.9],[737.4,363.9],[737.3,363.8],[737.3,363.7],[737.4,363.7],[737.4,363.6],[737.4,363.5],[737.4,363.4],[737.5,363.3],[737.5,363.2],[737.6,363.2],[738.7,361.7],[739,360.7],[739,360.6],[739.2,360.1],[739.1,359.7],[739.2,359.7],[739.2,359.6],[739.2,359.5],[739.2,359.2],[739.2,359.1],[739.2,359],[739.3,358.9],[739.4,358.9],[739.4,358.8],[739.5,358.7],[739.5,358.6],[739.6,358.6],[739.6,358.5],[739.7,358.4],[739.7,358.3],[739.8,358.3],[739.8,358.2],[740,357.9],[740.1,357.9],[740,357.2],[740.1,357.1],[740.3,356.9],[740.3,356.8],[740.8,355.7],[740.8,355.6],[740.9,355.6],[740.8,355.5],[740.8,355.4],[740.7,355],[740.7,354.9],[740.9,354.5],[740.9,354.4],[740.8,354.4],[740.8,354.3],[740.9,354.3],[740.9,354.2],[740.9,353.9],[740.9,353.8],[740.8,353.8],[740.9,353.5],[741.5,353.7],[741.7,353.8],[741.8,353.8],[742,353.8],[742.1,353.8],[742.2,354],[742.4,354.2],[742.5,354.4],[742.6,354.4],[742.9,354.9],[743.3,355],[743.4,355],[743.7,355],[744,355.1],[744.6,355.2],[744.8,355],[744.8,354.9],[744.9,354.8],[744.9,354.7],[745,354.5],[745.1,354.5],[745.1,354.4],[745.3,354.2],[745.3,354.1],[745.4,354],[745.5,353],[745.6,353],[745.8,351.9],[745.9,351.7],[746.1,351.7],[746.1,351.6],[746.1,350.5],[746.2,350.5],[746.2,350.4],[746.3,350.2],[746.5,349.7],[746.5,349.6],[746.6,349.5],[746.6,349.4],[746.6,349.2],[746.8,349.3],[747.2,349.5],[747.7,349.8],[747.7,349.9],[748,350],[748.2,349.5],[748.2,349.3],[748.5,348.3],[748.8,348.1],[748.8,348],[749.1,347.7],[749.1,347.8],[749.1,347.9],[749.5,347.6],[749.8,346.9],[749.9,346.9],[750.1,347],[750.5,346.3],[750.5,345.8],[750.5,345.7],[751,345],[751.1,344.9],[751.6,344.2],[751.6,344.1],[751.4,344],[751.3,344],[751.2,343.8],[751.2,343.7],[751.3,343.6],[751.3,343.1],[751.2,343.1],[751.2,343],[751.4,342.7],[751.4,342.6],[751.5,342.6],[751.5,342.5],[751.6,342.2],[751.6,342.1],[751.7,342],[751.7,341.9],[751.6,341.7],[751.5,341.7],[751.6,341.1],[751.5,341.1],[751.4,340.3],[751.6,340.4],[751.8,340.5],[752.3,340.8],[752.4,340.8],[752.5,340.9],[752.8,341.1],[753.3,341.4],[753.5,341.4],[753.6,341.5],[753.8,341.6],[754,341.8],[754.1,341.8],[754.4,342],[754.5,342],[754.6,342],[754.9,342.2],[755.2,342.4],[755.3,342.5],[755.4,342.5],[755.6,342.6],[755.7,342.7],[755.9,342.8],[756.2,343],[756.5,343.1],[756.6,343.1],[756.8,343.3],[757.2,343.5],[757.2,343.4],[757.2,343.3],[757.3,342.8],[757.3,342.7],[757.3,342.6],[757.3,342.5],[757.3,342.4],[757.4,342.1],[757.5,342],[757.4,341.9],[757.4,341.8],[757.5,341.8],[757.5,341.7],[757.5,341.6],[757.5,341.5],[757.6,341.2],[757.6,341.1],[757.8,340.9],[757.7,340.9],[757.6,340.9],[757.5,340.9],[757.4,340.9],[757.3,340.8],[757.3,340.7],[757.4,340.6],[757.4,340.5],[757.4,340.4],[757.3,340.3],[757.4,340.2],[757.4,340.1],[757.3,339.9],[757.1,339.7],[757,339.7],[756.8,339.7],[756.7,339.7],[756.7,339.4],[756.7,339.3],[756.8,339.2],[756.7,339.2],[756.8,338.9],[756.9,338.9],[756.9,338.8],[756.8,338.8],[756.7,338.9],[756.6,339],[756.5,339],[756.3,339],[756.1,339],[756.1,338.9],[756.2,338.6],[756.2,338.5],[755.9,338.8],[755.9,338.7],[755.6,338.3],[755.7,338.2],[755.8,338.1],[756,338.1],[756.1,338],[756.1,337.9],[756,337.7],[756,337.6],[755.9,337.6],[755.8,337.6],[755.7,337.6],[755.6,337.5],[755.5,337.8],[755.4,337.8],[755.3,337.8],[755.2,337.8],[755.1,337.8],[755,337.7],[755,338],[754.9,338],[754.7,337.8],[754.6,337.9],[754.5,338],[754.4,338],[754.2,337.8],[754.1,337.7],[753.9,337.5],[753.8,337.5],[753.3,337.2],[753.2,337.1],[752.8,337.1],[752.7,337.1],[752.6,337.1],[752.5,337.1],[752.4,337.1],[752.3,337.2],[752.3,337.3],[752.3,337.4],[752.2,337.4],[752.1,337.4],[752.1,337.5],[752.1,337.6],[752.1,337.7],[752,337.7],[752,337.8],[752,337.9],[751.9,337.9],[751.9,338],[751.8,338],[751.8,338.1],[751.8,338.2],[751.7,338.2],[751.6,338.2],[751.1,338.1],[751,338.1],[750.7,338.3],[750.7,338.4],[750.8,338.5],[750.8,338.6],[750.7,338.6],[750.4,338.4],[750.2,338.5],[750.4,338.6],[750.4,338.7],[750.7,338.9],[750.6,339],[750.5,339],[750.4,338.9],[750.1,339.1],[750.3,339.2],[750.4,339.2],[750.5,339.2],[750.5,339.3],[750.5,339.4],[750.4,339.3],[750.4,339.5],[750.3,339.5],[750.3,339.6],[750.2,339.6],[750.2,339.7],[750.2,339.8],[750.1,339.9],[749.9,339.9],[749.6,339.8],[749,339.9],[748.9,339.9],[748.6,339.8],[748.5,339.9],[748.3,340],[748.2,339.9],[747.8,339.8],[747.7,339.7],[747.6,339.7],[747.4,339.5],[747.4,339.6],[747.3,339.6],[747.2,339.6],[747.1,339.5],[747.1,339.4],[747,339.3],[747.1,339.2],[747.2,339.2],[747.3,339.2],[747.4,339.1],[747.3,339],[747.2,339],[747,339.1],[747,339],[747,338.8],[746.8,338.9],[746.7,338.9],[746.7,339],[746.8,339.2],[746.7,339.3],[746.7,339.4],[746.5,339.6],[746.6,339.7],[746.7,339.8],[746.7,339.9],[746.6,339.9],[746.5,339.9],[746.3,340.3],[746,341],[745.9,341],[745.8,341],[745.8,341.1],[745.7,341.1],[745.7,341.3],[745.6,341.4],[745.6,341.5],[745.7,341.6],[745.6,341.7],[745.5,341.7],[745.4,341.6],[745.3,341.5],[745,341.4],[744.9,341.5],[744.8,341.4],[744.7,341.3],[744.7,341.4],[744.5,341.4],[744.4,341.4],[744.4,341.5],[744.3,341.5],[744.3,341.6],[744.2,341.6],[744.2,341.7],[744.3,341.8],[744.2,341.8],[744.2,341.9],[744.1,341.9],[744.1,342],[744.1,342.2],[744,342.2],[743.8,342.4],[743.7,342.5],[743.8,342.6],[743.8,342.7],[743.7,342.7],[743.6,342.8],[743.5,342.7],[743.5,342.8],[743.4,342.9],[743.4,343],[743.4,343.1],[743.2,343.1],[743.2,343.2],[743.1,343.2],[743,343.2],[743,343.3],[743,343.4],[743.1,343.5],[743,343.5],[742.9,343.5],[742.9,343.6],[742.9,343.7],[742.8,344],[742.7,344],[742.6,344],[742.5,344],[742.3,344.2],[742.2,344.4],[742.1,344.5],[742,344.5],[742,344.6],[741.9,344.7],[741.9,344.8],[741.8,344.8],[741.8,344.9],[741.6,345.2],[741.1,345.5],[741,344.8],[740.9,344.7],[740.9,344.4],[740.9,344.1],[740.8,343.8],[740.8,343.7],[740.8,343.4],[740.8,343.3],[740.7,343.1],[740.7,342.9],[740.7,342.8],[740.6,342.5],[740.6,342.3],[740.6,342.1],[740.5,342],[740.5,341.6],[740.5,341.4],[740.4,341.1],[740.4,340.9],[740.3,340.4],[740.3,340],[740.1,339.3],[740.1,339],[740,339.1],[739.8,339.1],[739.5,339.2],[738.9,339.2],[738.8,339.2],[738.6,339.3],[738.5,339.3],[738.4,339.3],[738.3,339.3],[738.2,339.4],[737.9,339.4],[737.5,339.5],[737,339.6],[736.9,339.6],[736.8,339.6],[736.6,339.7],[736.5,339.7],[736.4,339.7],[736.2,339.7],[735.9,339.7],[735.7,339.8],[735.6,339.8],[735.3,339.8],[735,339.9],[734.6,340],[734.5,340],[734.3,340],[734.1,340.1],[733.7,340.1],[733.6,340.2],[733.5,340.2],[733.3,340.2],[733.2,340.2],[733.1,340.2],[733,340.3],[732.9,340.3],[732.8,340.3],[732.7,340.3],[732.6,340.3],[732.5,340.3],[732.4,340.3],[732.2,340.4],[731.9,340.4],[731.8,340.4],[731.6,340.5],[731.5,340.5],[731,340.6],[730.8,340.6],[730.7,340.6],[730.6,340.7],[730.4,340.7],[730.2,340.7],[730.1,340.4],[730.1,340.3],[730.1,340.2],[730,340],[730,339.9],[730,339.7],[729.9,339.4],[729.9,339.3],[729.9,339.1],[729.9,339],[729.8,338.9],[729.8,338.7],[729.7,338.4],[729.7,338],[729.7,337.9],[729.6,337.7],[729.6,337.6],[729.6,337.2],[729.5,337],[729.5,336.8],[729.5,336.6],[729.4,336.4],[729.4,336.2],[729.3,335.4],[729.2,335.1],[729.2,334.9],[729.1,334.7],[729,333.8],[729,333.6],[729,333.5],[728.9,332.9],[728.8,332.6],[728.7,332.2],[728.7,332.1],[728.7,331.8],[728.6,331.4],[728.6,331.3],[728.6,331.2],[728.5,331],[728.5,330.7],[728.5,330.5],[728.4,330.3],[728.4,330],[728.4,329.9],[728.4,329.8],[728.3,329.2],[728.2,329.2],[728.1,329.2],[728,329.3],[727.9,329.4],[727.9,329.5],[727.7,329.6],[727.4,329.5],[727.4,329.6],[727.3,329.6],[727.2,329.6],[727.2,329.7],[727.1,329.8],[727.1,329.9],[727,330],[727,330.1],[727.3,330.5],[727.4,330.6],[727.4,330.7],[727.5,330.7],[727.5,330.8],[727.5,330.9],[727.8,331.3],[727.9,331.3],[727.9,331.4],[727.9,331.5],[727.9,331.7],[727.8,331.8],[727.8,331.9],[727.8,332],[727.8,332.1],[727.8,332.2],[727.9,332.3],[727.7,332.4],[727.7,332.5],[727.8,332.5],[727.8,332.6],[727.9,332.6],[727.9,332.8],[727.9,332.9],[728,333.1],[728.1,333.2],[728.1,333.4],[728.1,333.5],[728.1,333.6],[728,333.7],[728,333.8],[728.1,334],[728.1,334.1],[728,334.1],[727.9,334.2],[727.8,334.3],[727.7,334.7],[727.8,334.7],[727.7,335],[727.6,335.1],[727.6,335.2],[727.5,335.3],[727.5,335.4],[727.5,335.5],[727.5,335.6],[727.5,335.7],[727.5,335.8],[727.5,335.9],[727.5,336],[727.5,336.1],[727.5,336.2],[727.4,336.4],[727.4,336.5],[727.3,336.6],[727.4,336.7],[727.4,336.8],[727.4,336.9],[727.4,337],[727.4,337.1],[727.4,337.2],[727.4,337.4],[727.4,337.5],[727.4,337.6],[727.5,337.7],[727.5,337.8],[727.5,337.9],[727.4,338],[727.4,338.2],[727.4,338.3],[727.4,338.5],[727.4,338.6],[727.5,338.6],[727.4,338.7],[727.2,338.6],[727,338.8],[727.2,339.1],[727.2,339.2],[727.1,340.1],[727.1,340.2],[726.9,340.4],[726.8,340.5],[726.7,340.7],[726.7,340.8],[726.8,340.8],[726.8,340.9],[726.9,341],[727,341],[727.1,341.2],[727.2,341.3],[727.2,341.4],[727,341.5],[726.9,341.6],[726.9,341.7],[726.9,341.8],[726.9,341.9],[726.9,342],[727,342.1],[726.9,342.2],[726.9,342.3],[726.9,342.4],[726.7,342.6],[726.5,342.6],[726.3,342.8],[726.2,342.9],[726.1,343.1],[726,343.1],[725.9,343.3],[725.9,343.4],[725.8,343.4],[725.8,343.5],[725.7,343.6],[725.7,343.7],[725.6,343.7],[725.5,343.9],[725.4,343.9],[725.4,344],[725.3,344.1],[725.3,344.2],[724.9,344.9],[724.9,345],[724.7,345.2],[724.6,345.2],[724.5,345.2],[724.5,345.3],[724.4,345.3],[724.4,345.4],[724.3,345.4],[724.3,345.5],[724.2,345.6],[724.2,345.7],[724.2,345.8],[724.2,345.9],[724.1,346],[724,346],[723.9,346],[723.8,346],[723.7,346.1],[723.6,346.1],[723.5,346.2],[723.4,346.2],[723.4,346.3],[723.3,346.4],[722.6,346.8],[722.4,346.5],[722.4,346.4],[722.3,346.2],[722.2,346.1],[722.1,346.1],[722,346],[721.9,346],[721.7,346.1],[721.7,346.2],[721.6,346.3],[721.5,346.5],[721.3,346.7],[721.2,346.8],[721,347.1],[721,347.2],[721,347.7],[721,347.8],[721,347.9],[721,348],[721,348.1],[720.8,348],[720.7,348],[720.6,348],[720.1,348],[720,348.1],[719.8,348.2],[719.8,348.3],[719.8,348.4],[719.8,348.5],[719.8,348.6],[719.9,348.6],[719.9,348.7],[719.9,348.8],[719.8,348.8],[719.7,348.8],[719.6,348.9],[719.5,349],[719.5,349.1],[719.5,349.2],[719.5,349.3],[719.4,349.3],[719.4,349.4],[719.4,349.5],[719.5,349.6],[719.5,349.7],[719.5,349.8],[719.5,349.9],[719.5,350],[719.6,350.1],[719.6,350.2],[719.6,350.3],[719.6,350.4],[719.6,350.5],[719.5,350.5],[719.5,350.6],[719,350.9],[719,351],[719.3,351.2],[719.4,351.3],[719.5,351.4],[719.6,351.6],[719.5,352.1],[719.5,352.2],[719.6,352.2],[719.7,352.3],[719.8,352.5],[719.8,352.6],[719.2,352.4],[719.1,352.5],[719,352.6],[719,352.7],[719,352.9],[718.9,353.2],[718.9,353.3],[718.7,353.4],[718.6,353.5],[718.5,353.4],[718.4,353.4],[718.4,353.3],[718.3,353.3],[718.3,353.2],[718.3,353.1],[718.3,353],[718.3,352.9],[718.4,352.8],[718.4,352.7],[718.3,352.6],[718.3,352.5],[718.2,352.3],[718,352.1],[717.9,352],[717.8,352],[717.8,352.1],[717.7,352.1],[717.6,352.1],[717.5,352.1],[717.5,352],[717.4,351.8],[717.2,351.6],[717.1,351.7],[717,351.7],[716.9,351.8],[716.9,351.9],[716.9,352],[716.9,352.1],[716.8,352.2],[716.7,352.3],[716.6,352.3],[716.6,352.4],[716.5,352.5],[716.5,352.6],[716.5,352.7],[716.4,352.8],[716.4,352.9],[716.4,353.1],[716.3,353.3],[716.2,353.4],[716.1,353.7],[716.2,353.8],[716.2,353.9],[716.2,354.1],[716.2,354.2],[716.2,354.3],[716.1,354.4],[715.9,354.6],[715.8,354.6],[715.6,354.9],[715.6,355],[715.6,355.2],[715.7,355.3],[715.8,355.3],[715.9,355.4],[716.1,356],[716.1,356.1],[716.4,357.2],[716.1,357.5],[716,357.5],[715.9,357.5],[715.5,357.5],[715.3,358.2],[715.3,358.3],[715.3,358.5],[715.3,358.7],[715.3,358.8],[715.3,359],[715.3,359.1],[715.3,359.2],[715.3,359.3],[715.3,359.4],[715.2,359.5],[715.1,359.5],[714.9,359.6],[714.6,359.7],[714.4,359.7],[714.3,359.8],[714.1,359.9],[713.9,360],[713.7,360],[713.6,360.1],[713.4,360.2],[713.3,360.3],[713.1,360.3],[713,360.3],[712.8,360.3],[712.7,360.2],[712.7,360.3],[712.7,360.4]],[[716.6,368],[716.6,368.1],[716.5,368.1],[716.6,368]]],[[[714.2,365.3],[714.1,365.4],[714.2,365.4],[714.2,365.3]]],[[[714.8,366.6],[714.8,366.5],[714.7,366.5],[714.7,366.6],[714.8,366.6]]]]}},{"type":"Feature","properties":{"st":"WY","fips":"56","name":"Wyoming","seats":1,"seats_2000":1,"seats_2010":1,"seats_2020":1,"seats_2030":1,"label_x":336.2,"label_y":275.3},"geometry":{"type":"MultiPolygon","coordinates":[[[[343.8,285.1],[343.9,285.1],[344.3,285.1],[344.4,285.2],[344.6,285.2],[344.8,285.2],[345,285.2],[345.7,285.3],[345.8,285.3],[346.7,285.3],[346.7,285.2],[346.7,285],[346.7,284.9],[346.8,284.6],[346.8,284.5],[346.8,284.4],[346.8,283.9],[346.8,283.8],[346.9,283.6],[346.9,283.5],[346.9,283.2],[346.9,283],[346.9,282.9],[346.9,282.6],[347,282.5],[347,282.4],[347,282.1],[347,281.4],[347,281.3],[347.1,281.2],[347.1,281.1],[347.1,281],[347.1,280.9],[347.1,280.4],[347.1,280.3],[347.1,280.1],[347.2,280],[347.2,279.9],[347.2,279.8],[347.2,279.6],[347.2,279.4],[347.2,279.3],[347.2,279.1],[347.3,278.8],[347.3,278.7],[347.3,278.6],[347.3,278.2],[347.3,278.1],[347.3,278],[347.3,277.9],[347.4,277.5],[347.4,277.4],[347.4,277.3],[347.4,277.2],[347.4,277],[347.5,276.5],[347.5,276.4],[347.5,276.3],[347.5,275.8],[347.5,275.5],[347.5,275.3],[347.6,275.3],[347.6,275.1],[347.6,274.8],[347.6,274.5],[347.7,274],[347.7,273.9],[347.7,273.8],[347.7,273.1],[347.7,273],[347.8,273],[347.8,272.6],[347.8,272.5],[347.8,272.3],[347.8,272.1],[347.8,272],[347.9,271.5],[347.9,271.3],[347.9,271.2],[347.9,271.1],[347.9,270.9],[347.9,270.8],[348,270.6],[348,270.5],[348,270.2],[348,269.7],[348,269.6],[348,269.5],[348.1,269.3],[348.1,269.1],[348.1,268.9],[348.1,268.7],[348.1,268.5],[348.1,268.4],[348.2,268.1],[348.2,267.9],[348.2,267.8],[348.2,267.5],[348,267.5],[347.5,267.5],[347.2,267.5],[347.1,267.4],[346.9,267.4],[346.8,267.4],[346.4,267.4],[346.3,267.4],[346.2,267.4],[345.9,267.3],[345.6,267.3],[345.2,267.3],[345.1,267.2],[344.9,267.2],[344.6,267.2],[344.2,267.2],[344.1,267.1],[344,267.1],[343.9,267.1],[343.8,267.1],[343.5,267.1],[343.4,267.1],[343.1,267],[342.8,267],[342.7,267],[342.1,267],[342,267],[341.8,267],[341.7,266.9],[341.5,266.9],[341.4,266.9],[341.3,266.9],[340.8,266.8],[340.7,266.8],[340.6,266.8],[340.3,266.8],[340.2,266.8],[339.7,266.7],[339.6,266.7],[339.5,266.7],[339.3,266.7],[339.1,266.6],[338.9,266.6],[338.8,266.6],[338.7,266.6],[338.5,266.5],[338.4,266.5],[338.2,266.5],[338.1,266.5],[338,266.5],[337.9,266.5],[337.8,266.5],[337.5,266.4],[337.3,266.4],[337.2,266.4],[337.1,266.4],[337,266.4],[336.8,266.3],[336.5,266.3],[336.1,266.3],[336,266.2],[335.1,266.1],[334.9,266.1],[334.7,266.1],[334.2,266],[334.1,266],[333.9,266],[333.7,265.9],[333,265.9],[332.9,265.8],[332.8,265.8],[332.7,265.8],[332.5,265.8],[332.4,265.7],[332.2,265.7],[332.1,265.7],[332,265.7],[331.8,265.7],[331.7,265.6],[331.5,265.6],[331.3,265.6],[331.1,265.6],[331,265.6],[331,265.5],[330.7,265.5],[330.6,265.5],[330.5,265.5],[330.3,265.5],[330.3,265.4],[330.2,265.4],[330.1,265.4],[330,265.4],[329.6,265.4],[329.5,265.3],[329.3,265.3],[329.1,265.3],[328.9,265.3],[328.7,265.2],[328.2,265.2],[328,265.2],[327.9,265.1],[327.8,265.1],[327.6,265.1],[327.5,265.1],[327.4,265.1],[327.1,265],[327,264.9],[326.7,264.9],[326.3,264.9],[326.2,265.3],[326.2,265.5],[326.2,265.7],[326.1,266.1],[326.1,266.3],[326.1,266.4],[326.1,266.5],[326,266.8],[326,267.2],[325.9,267.3],[325.9,267.4],[325.8,268.1],[325.8,268.3],[325.7,268.7],[325.7,268.8],[325.7,269],[325.6,269.2],[325.6,269.3],[325.6,269.4],[325.6,269.5],[325.6,269.7],[325.6,269.8],[325.5,270],[325.5,270.1],[325.5,270.2],[325.5,270.3],[325.5,270.4],[325.4,270.9],[325.3,271.3],[325.3,271.6],[325.2,272.1],[325.2,272.2],[325.1,272.5],[325.1,272.6],[325.1,272.9],[325.1,273],[325,273.1],[325,273.3],[325,273.4],[325,273.5],[325,273.6],[324.9,273.7],[324.9,273.8],[324.9,273.9],[324.9,274.2],[324.8,274.3],[324.8,274.6],[324.8,274.8],[324.7,274.9],[324.7,275.1],[324.7,275.2],[324.7,275.3],[324.5,276],[324.5,276.3],[324.5,276.4],[324.5,276.5],[324.4,276.9],[324.4,277.1],[324.4,277.2],[324.4,277.3],[324.3,277.5],[324.3,277.7],[324.2,278.1],[324.2,278.2],[324.2,278.5],[324.1,278.6],[324.1,278.7],[324.1,278.9],[324.1,279.1],[324,279.2],[324,279.4],[324,279.6],[324,279.7],[324,279.8],[323.9,279.9],[323.9,280],[323.9,280.2],[323.9,280.4],[323.8,280.7],[323.7,281.3],[323.7,281.5],[323.6,281.7],[323.6,281.9],[323.6,282],[323.6,282.1],[323.6,282.3],[323.5,282.5],[323.6,282.5],[323.7,282.6],[323.8,282.6],[324,282.6],[324.1,282.6],[324.2,282.6],[324.3,282.7],[324.4,282.7],[324.6,282.7],[324.7,282.7],[324.9,282.8],[325,282.8],[325.1,282.8],[325.3,282.8],[325.5,282.9],[325.7,282.9],[325.8,282.9],[325.9,282.9],[326.1,282.9],[326.4,283],[326.5,283],[326.6,283],[326.7,283],[326.9,283],[327,283.1],[327.3,283.1],[327.4,283.1],[327.5,283.1],[327.7,283.2],[327.8,283.2],[328,283.2],[328.1,283.2],[328.2,283.2],[328.3,283.3],[328.5,283.3],[328.7,283.3],[328.9,283.3],[329.3,283.4],[329.5,283.4],[330.1,283.5],[330.2,283.5],[330.3,283.5],[330.7,283.6],[330.9,283.6],[331.2,283.7],[331.4,283.7],[331.5,283.7],[331.7,283.7],[332,283.7],[332.4,283.8],[332.6,283.8],[332.8,283.9],[333,283.9],[333.2,283.9],[333.4,283.9],[333.5,283.9],[333.6,284],[333.7,284],[333.9,284],[334.1,284],[334.2,284],[334.3,284.1],[334.4,284.1],[334.6,284.1],[335,284.1],[335.2,284.1],[335.3,284.2],[335.6,284.2],[335.7,284.2],[335.9,284.2],[336.1,284.3],[336.6,284.3],[336.7,284.3],[336.9,284.4],[337.3,284.4],[337.4,284.4],[337.5,284.4],[337.7,284.5],[338,284.5],[338.2,284.5],[338.3,284.5],[338.8,284.6],[338.9,284.6],[339.1,284.6],[339.2,284.6],[339.5,284.7],[339.6,284.7],[339.7,284.7],[339.9,284.7],[340,284.7],[340.1,284.7],[340.2,284.7],[340.7,284.8],[341.1,284.8],[341.3,284.9],[341.4,284.9],[341.6,284.9],[341.7,284.9],[342.1,284.9],[342.5,285],[342.7,285],[342.9,285],[343,285],[343.3,285.1],[343.7,285.1],[343.8,285.1]]]]}}]}
