{"type":"FeatureCollection","frame":{"width":1152,"height":748.8,"y":"down"},"note":"2020 counties (3,143: 50 states + DC), TIGER/Line 2020, simplified by mapshaper, same composite Albers and frame as us-albers.geojson. Drawing geometry: shared borders coincide to the 0.1 rounding.","features":[{"type":"Feature","properties":{"GEOID":"01001","NAME":"Autauga","STATEFP":"01"},"geometry":{"type":"Polygon","coordinates":[[[775.3,447.3],[775.8,450.2],[778.1,454.7],[781.2,453],[784.4,454],[785.9,452.3],[785.2,445.3],[779.2,445.9],[775.3,447.3]]]}},{"type":"Feature","properties":{"GEOID":"01003","NAME":"Baldwin","STATEFP":"01"},"geometry":{"type":"Polygon","coordinates":[[[757.6,484.4],[758.5,489.9],[757.3,494.1],[758.3,496.8],[758.3,508.3],[768.7,505.5],[768.8,503.1],[771.2,500.5],[769.5,498.3],[770.3,495.9],[765.2,491.2],[765.4,487.6],[764.6,481.9],[761.5,480.9],[758.1,483.7],[757.6,484.4]]]}},{"type":"Feature","properties":{"GEOID":"01005","NAME":"Barbour","STATEFP":"01"},"geometry":{"type":"Polygon","coordinates":[[[806.3,456.3],[806.3,459.5],[803.2,460.2],[802.1,463.1],[802.2,465.4],[801,469.5],[807.6,468.7],[807.3,466.7],[811.3,466.3],[812.9,464.7],[812.6,464.3],[813.5,459.2],[813.5,457.5],[811,457.8],[809.3,456],[806.3,456.3]]]}},{"type":"Feature","properties":{"GEOID":"01007","NAME":"Bibb","STATEFP":"01"},"geometry":{"type":"Polygon","coordinates":[[[771.1,433.8],[767.2,436.9],[766.7,440],[764.7,440.2],[765,443.2],[767.1,444.1],[773,443.4],[775.8,443.2],[775.2,438.1],[772.1,435.7],[771.9,433.8],[771.1,433.8]]]}},{"type":"Feature","properties":{"GEOID":"01009","NAME":"Blount","STATEFP":"01"},"geometry":{"type":"Polygon","coordinates":[[[780.7,408.9],[779.4,409.2],[778.2,412.4],[775.4,416.2],[771.8,419.3],[772.1,420.3],[775.8,419.3],[779.4,420.7],[782.6,418.7],[783.9,416.1],[784,412.3],[780.7,408.9]]]}},{"type":"Feature","properties":{"GEOID":"01011","NAME":"Bullock","STATEFP":"01"},"geometry":{"type":"Polygon","coordinates":[[[794.9,459.8],[797,459.7],[799.2,461.4],[799.4,463.4],[802.1,463.1],[803.2,460.2],[806.3,459.5],[806.3,456.3],[805.6,454.3],[797.3,455.3],[795.9,454.4],[794.4,455.2],[794.9,459.8]]]}},{"type":"Feature","properties":{"GEOID":"01013","NAME":"Butler","STATEFP":"01"},"geometry":{"type":"Polygon","coordinates":[[[777.6,468.6],[777.9,471.5],[779.5,473.9],[782.2,473.6],[786.2,473.2],[786.9,470],[786.2,462.8],[778.1,463.6],[777.4,466.8],[777.6,468.6]]]}},{"type":"Feature","properties":{"GEOID":"01015","NAME":"Calhoun","STATEFP":"01"},"geometry":{"type":"Polygon","coordinates":[[[795.2,414.3],[792.5,415],[789.2,417.9],[789.8,419.7],[788,421.9],[789.9,421.8],[791.2,423.8],[795.1,424.1],[797.9,421.6],[798,415.8],[799.3,414.5],[795.2,414.3]]]}},{"type":"Feature","properties":{"GEOID":"01017","NAME":"Chambers","STATEFP":"01"},"geometry":{"type":"Polygon","coordinates":[[[800.2,434.2],[801.2,443.1],[810.1,441.7],[808.8,438.9],[807.2,433.4],[800.2,434.2]]]}},{"type":"Feature","properties":{"GEOID":"01019","NAME":"Cherokee","STATEFP":"01"},"geometry":{"type":"Polygon","coordinates":[[[792.6,409],[795.2,414.3],[799.3,414.5],[801.7,413.6],[801,411],[799.7,406.2],[798.1,400.7],[796.1,404.7],[792.6,409]]]}},{"type":"Feature","properties":{"GEOID":"01021","NAME":"Chilton","STATEFP":"01"},"geometry":{"type":"Polygon","coordinates":[[[775.2,438.1],[775.8,443.2],[773,443.4],[773.2,445.9],[775.3,447.3],[779.2,445.9],[785.2,445.3],[785.8,444.1],[784,442.9],[782.4,438.1],[780.4,437.1],[775.2,438.1]]]}},{"type":"Feature","properties":{"GEOID":"01023","NAME":"Choctaw","STATEFP":"01"},"geometry":{"type":"Polygon","coordinates":[[[746.4,460.2],[746.2,468.1],[746.7,472.7],[754.2,472],[752.2,469.5],[753.9,465.2],[754.9,460.5],[754.4,458.1],[756.1,457.4],[746.4,458.2],[746.4,460.2]]]}},{"type":"Feature","properties":{"GEOID":"01025","NAME":"Clarke","STATEFP":"01"},"geometry":{"type":"Polygon","coordinates":[[[754.2,472],[754.8,474.4],[758.2,476.5],[758.9,479.5],[757.8,481.2],[758.1,483.7],[761.5,480.9],[762.4,478.4],[765.1,476.2],[764.6,471.2],[765.6,468],[763.3,468.2],[762,464.4],[753.9,465.2],[752.2,469.5],[754.2,472]]]}},{"type":"Feature","properties":{"GEOID":"01027","NAME":"Clay","STATEFP":"01"},"geometry":{"type":"Polygon","coordinates":[[[794.2,425.5],[792.2,430.6],[789.5,430.9],[788.9,435.5],[792.1,435.5],[799,434.3],[798.2,425.2],[794.2,425.5]]]}},{"type":"Feature","properties":{"GEOID":"01029","NAME":"Cleburne","STATEFP":"01"},"geometry":{"type":"Polygon","coordinates":[[[799.3,414.5],[798,415.8],[797.9,421.6],[795.1,424.1],[794.2,425.5],[798.2,425.2],[804.8,424.8],[803.7,420.8],[802.1,415.1],[801.7,413.6],[799.3,414.5]]]}},{"type":"Feature","properties":{"GEOID":"01031","NAME":"Coffee","STATEFP":"01"},"geometry":{"type":"Polygon","coordinates":[[[793.1,470.3],[792.5,474.6],[793.1,480.4],[801.2,479.4],[800.1,469.5],[793.1,470.3]]]}},{"type":"Feature","properties":{"GEOID":"01033","NAME":"Colbert","STATEFP":"01"},"geometry":{"type":"Polygon","coordinates":[[[760.8,397.9],[758.9,397.3],[753.1,400],[750.2,396.9],[747.8,396.9],[747.6,404.2],[759.3,403.6],[760.8,399.9],[760.8,397.9]]]}},{"type":"Feature","properties":{"GEOID":"01035","NAME":"Conecuh","STATEFP":"01"},"geometry":{"type":"Polygon","coordinates":[[[777.6,468.6],[773.3,471.7],[773,474.6],[768.3,481.2],[781.6,479.9],[783,481.4],[782.2,473.6],[779.5,473.9],[777.9,471.5],[777.6,468.6]]]}},{"type":"Feature","properties":{"GEOID":"01037","NAME":"Coosa","STATEFP":"01"},"geometry":{"type":"Polygon","coordinates":[[[792.1,435.5],[788.9,435.5],[782.7,436.1],[782.4,438.1],[784,442.9],[785.8,444.1],[793,443.3],[792.1,435.5]]]}},{"type":"Feature","properties":{"GEOID":"01039","NAME":"Covington","STATEFP":"01"},"geometry":{"type":"Polygon","coordinates":[[[792.5,474.6],[788.4,474.7],[786.2,473.2],[782.2,473.6],[783,481.4],[783.7,486],[789.7,485.4],[793.7,485],[793.1,480.4],[792.5,474.6]]]}},{"type":"Feature","properties":{"GEOID":"01041","NAME":"Crenshaw","STATEFP":"01"},"geometry":{"type":"Polygon","coordinates":[[[786.2,462.8],[786.9,470],[786.2,473.2],[788.4,474.7],[792.5,474.6],[793.1,470.3],[792.6,466.2],[791.3,462.2],[789.1,462.5],[786.8,460.7],[786.2,462.8]]]}},{"type":"Feature","properties":{"GEOID":"01043","NAME":"Cullman","STATEFP":"01"},"geometry":{"type":"Polygon","coordinates":[[[778.1,408],[767.9,408.8],[768,409.2],[768.6,416.4],[767.8,416.4],[771.8,419.3],[775.4,416.2],[778.2,412.4],[779.4,409.2],[780.7,408.9],[778.1,408]]]}},{"type":"Feature","properties":{"GEOID":"01045","NAME":"Dale","STATEFP":"01"},"geometry":{"type":"Polygon","coordinates":[[[807.6,468.7],[801,469.5],[800.1,469.5],[801.2,479.4],[802.8,479.3],[803.5,477.5],[807.1,477.6],[808.3,475.8],[807.6,468.7]]]}},{"type":"Feature","properties":{"GEOID":"01047","NAME":"Dallas","STATEFP":"01"},"geometry":{"type":"Polygon","coordinates":[[[773.2,445.9],[771.9,451.8],[765.8,452.5],[765.2,456.7],[765.3,457.7],[768.3,459],[771.6,462.2],[776.9,461.7],[776.5,457.6],[778.1,454.7],[775.8,450.2],[775.3,447.3],[773.2,445.9]]]}},{"type":"Feature","properties":{"GEOID":"01049","NAME":"DeKalb","STATEFP":"01"},"geometry":{"type":"Polygon","coordinates":[[[795.9,393],[792.6,398.9],[788.8,402.8],[787.8,403],[786.9,404.2],[787.5,409.6],[792.6,409],[796.1,404.7],[798.1,400.7],[797.6,399.2],[797.4,398.4],[795.9,393]]]}},{"type":"Feature","properties":{"GEOID":"01051","NAME":"Elmore","STATEFP":"01"},"geometry":{"type":"Polygon","coordinates":[[[785.8,444.1],[785.2,445.3],[785.9,452.3],[789.1,449.9],[791.7,451.5],[793.5,451.2],[796,449.2],[795.5,443.1],[793,443.3],[785.8,444.1]]]}},{"type":"Feature","properties":{"GEOID":"01053","NAME":"Escambia","STATEFP":"01"},"geometry":{"type":"Polygon","coordinates":[[[764.6,481.9],[765.4,487.6],[774.2,486.8],[781.7,486.1],[783.7,486],[783,481.4],[781.6,479.9],[768.3,481.2],[764.6,481.9]]]}},{"type":"Feature","properties":{"GEOID":"01055","NAME":"Etowah","STATEFP":"01"},"geometry":{"type":"Polygon","coordinates":[[[787.5,409.6],[784,412.3],[783.9,416.1],[785.9,414.8],[789.2,417.9],[792.5,415],[795.2,414.3],[792.6,409],[787.5,409.6]]]}},{"type":"Feature","properties":{"GEOID":"01057","NAME":"Fayette","STATEFP":"01"},"geometry":{"type":"Polygon","coordinates":[[[752.5,419.5],[753.4,428.9],[755.5,428.7],[758.8,428.4],[759.3,426.3],[763.4,426.1],[761.2,424.2],[760.7,420.1],[758.6,419.1],[752.5,419.5]]]}},{"type":"Feature","properties":{"GEOID":"01059","NAME":"Franklin","STATEFP":"01"},"geometry":{"type":"Polygon","coordinates":[[[747.5,407.1],[747.4,410.4],[757.8,409.9],[759.9,409.8],[759.3,403.6],[747.6,404.2],[747.5,407.1]]]}},{"type":"Feature","properties":{"GEOID":"01061","NAME":"Geneva","STATEFP":"01"},"geometry":{"type":"Polygon","coordinates":[[[801.2,479.4],[793.1,480.4],[793.7,485],[796.8,484.7],[807.5,483.4],[807.7,483.4],[807.3,478.7],[802.8,479.3],[801.2,479.4]]]}},{"type":"Feature","properties":{"GEOID":"01063","NAME":"Greene","STATEFP":"01"},"geometry":{"type":"Polygon","coordinates":[[[750,441.7],[749.5,443.4],[751.1,445.4],[753,449.7],[755.5,449.8],[757.2,452.1],[758,452.2],[758.2,448.4],[757,444.2],[759,440.7],[756.7,440.6],[756.3,437.4],[750,441.7]]]}},{"type":"Feature","properties":{"GEOID":"01065","NAME":"Hale","STATEFP":"01"},"geometry":{"type":"Polygon","coordinates":[[[759,440.7],[757,444.2],[758.2,448.4],[758,452.2],[759.8,453],[763.8,452.7],[764.4,448.5],[764.1,444.4],[765,443.2],[764.7,440.2],[759,440.7]]]}},{"type":"Feature","properties":{"GEOID":"01067","NAME":"Henry","STATEFP":"01"},"geometry":{"type":"Polygon","coordinates":[[[807.6,468.7],[808.3,475.8],[814.9,475.2],[815.2,470.3],[812.9,464.7],[811.3,466.3],[807.3,466.7],[807.6,468.7]]]}},{"type":"Feature","properties":{"GEOID":"01069","NAME":"Houston","STATEFP":"01"},"geometry":{"type":"Polygon","coordinates":[[[814.9,475.2],[808.3,475.8],[807.1,477.6],[803.5,477.5],[802.8,479.3],[807.3,478.7],[807.7,483.4],[817.5,482.2],[816.7,480.5],[815.1,478.6],[814.9,475.2]]]}},{"type":"Feature","properties":{"GEOID":"01071","NAME":"Jackson","STATEFP":"01"},"geometry":{"type":"Polygon","coordinates":[[[795.1,390.1],[790.2,390.5],[781.7,391.4],[781.2,394.2],[781.6,399.9],[782.3,400.6],[785.7,400.3],[785.9,401.8],[787.8,403],[788.8,402.8],[792.6,398.9],[795.9,393],[795.1,390.1]]]}},{"type":"Feature","properties":{"GEOID":"01073","NAME":"Jefferson","STATEFP":"01"},"geometry":{"type":"Polygon","coordinates":[[[772.1,420.3],[770.8,421.4],[769.8,424.9],[768.1,425.4],[766.6,428],[766.5,429.7],[771.1,433.8],[771.9,433.8],[775.5,431.4],[778.3,427.9],[781.1,425.8],[780.6,421.7],[779.4,420.7],[775.8,419.3],[772.1,420.3]]]}},{"type":"Feature","properties":{"GEOID":"01075","NAME":"Lamar","STATEFP":"01"},"geometry":{"type":"Polygon","coordinates":[[[747.3,416.7],[747.1,424.1],[747,429.2],[753.4,428.9],[752.5,419.5],[751.6,416.5],[747.3,416.7]]]}},{"type":"Feature","properties":{"GEOID":"01077","NAME":"Lauderdale","STATEFP":"01"},"geometry":{"type":"Polygon","coordinates":[[[747.8,396.9],[750.2,396.9],[753.1,400],[758.9,397.3],[760.8,397.9],[764.1,398.6],[764.8,397.2],[764.5,392.8],[764.2,392.9],[756.9,393.4],[749.7,394],[745.6,394.6],[747.8,396.9]]]}},{"type":"Feature","properties":{"GEOID":"01079","NAME":"Lawrence","STATEFP":"01"},"geometry":{"type":"Polygon","coordinates":[[[759.3,403.6],[759.9,409.8],[768,409.2],[767.9,408.8],[767.2,400],[764.1,398.6],[760.8,397.9],[760.8,399.9],[759.3,403.6]]]}},{"type":"Feature","properties":{"GEOID":"01081","NAME":"Lee","STATEFP":"01"},"geometry":{"type":"Polygon","coordinates":[[[810.1,441.7],[801.2,443.1],[799.2,444],[799.5,446.4],[803.8,448.3],[805.1,450.2],[807,448.6],[812.3,447.9],[813.4,446.9],[811.5,444.8],[810.1,441.7]]]}},{"type":"Feature","properties":{"GEOID":"01083","NAME":"Limestone","STATEFP":"01"},"geometry":{"type":"Polygon","coordinates":[[[764.5,392.8],[764.8,397.2],[764.1,398.6],[767.2,400],[771.2,402.2],[773.5,402.6],[772.6,392.2],[771.6,392.3],[764.5,392.8]]]}},{"type":"Feature","properties":{"GEOID":"01085","NAME":"Lowndes","STATEFP":"01"},"geometry":{"type":"Polygon","coordinates":[[[784.4,454],[781.2,453],[778.1,454.7],[776.5,457.6],[776.9,461.7],[778.1,463.6],[786.2,462.8],[786.8,460.7],[786.3,456.1],[784.4,454]]]}},{"type":"Feature","properties":{"GEOID":"01087","NAME":"Macon","STATEFP":"01"},"geometry":{"type":"Polygon","coordinates":[[[796,449.2],[793.5,451.2],[795.9,454.4],[797.3,455.3],[805.6,454.3],[805.1,450.2],[803.8,448.3],[799.5,446.4],[797.5,447],[796,449.2]]]}},{"type":"Feature","properties":{"GEOID":"01089","NAME":"Madison","STATEFP":"01"},"geometry":{"type":"Polygon","coordinates":[[[781.5,391.4],[772.6,392.2],[773.5,402.6],[775.4,401.6],[778.1,402.3],[780.7,403.6],[782.3,400.6],[781.6,399.9],[781.2,394.2],[781.7,391.4],[781.5,391.4]]]}},{"type":"Feature","properties":{"GEOID":"01091","NAME":"Marengo","STATEFP":"01"},"geometry":{"type":"Polygon","coordinates":[[[756.1,457.4],[754.4,458.1],[754.9,460.5],[753.9,465.2],[762,464.4],[762.6,461.1],[764.6,460.9],[765.3,457.7],[765.2,456.7],[763.8,452.7],[759.8,453],[758,452.2],[757.2,452.1],[753.9,454.7],[756.1,457.4]]]}},{"type":"Feature","properties":{"GEOID":"01093","NAME":"Marion","STATEFP":"01"},"geometry":{"type":"Polygon","coordinates":[[[747.3,416],[747.3,416.7],[751.6,416.5],[752.5,419.5],[758.6,419.1],[758.4,417.1],[757.8,409.9],[747.4,410.4],[747.3,416]]]}},{"type":"Feature","properties":{"GEOID":"01095","NAME":"Marshall","STATEFP":"01"},"geometry":{"type":"Polygon","coordinates":[[[778.1,402.3],[778.1,408],[780.7,408.9],[784,412.3],[787.5,409.6],[786.9,404.2],[787.8,403],[785.9,401.8],[785.7,400.3],[782.3,400.6],[780.7,403.6],[778.1,402.3]]]}},{"type":"Feature","properties":{"GEOID":"01097","NAME":"Mobile","STATEFP":"01"},"geometry":{"type":"Polygon","coordinates":[[[748.8,489],[749.6,495.2],[751.2,508.6],[755.7,507.3],[758.3,508.3],[758.3,496.8],[757.3,494.1],[758.5,489.9],[757.6,484.4],[750.5,485.5],[748.5,486.3],[748.8,489]]]}},{"type":"Feature","properties":{"GEOID":"01099","NAME":"Monroe","STATEFP":"01"},"geometry":{"type":"Polygon","coordinates":[[[765.6,468],[764.6,471.2],[765.1,476.2],[762.4,478.4],[761.5,480.9],[764.6,481.9],[768.3,481.2],[773,474.6],[773.3,471.7],[777.6,468.6],[777.4,466.8],[765.6,468]]]}},{"type":"Feature","properties":{"GEOID":"01101","NAME":"Montgomery","STATEFP":"01"},"geometry":{"type":"Polygon","coordinates":[[[784.4,454],[786.3,456.1],[786.8,460.7],[789.1,462.5],[791.3,462.2],[795.2,461.8],[794.9,459.8],[794.4,455.2],[795.9,454.4],[793.5,451.2],[791.7,451.5],[789.1,449.9],[785.9,452.3],[784.4,454]]]}},{"type":"Feature","properties":{"GEOID":"01103","NAME":"Morgan","STATEFP":"01"},"geometry":{"type":"Polygon","coordinates":[[[767.2,400],[767.9,408.8],[778.1,408],[778.1,402.3],[775.4,401.6],[773.5,402.6],[771.2,402.2],[767.2,400]]]}},{"type":"Feature","properties":{"GEOID":"01105","NAME":"Perry","STATEFP":"01"},"geometry":{"type":"Polygon","coordinates":[[[765,443.2],[764.1,444.4],[764.4,448.5],[763.8,452.7],[765.2,456.7],[765.8,452.5],[771.9,451.8],[773.2,445.9],[773,443.4],[767.1,444.1],[765,443.2]]]}},{"type":"Feature","properties":{"GEOID":"01107","NAME":"Pickens","STATEFP":"01"},"geometry":{"type":"Polygon","coordinates":[[[747,429.2],[746.9,435],[746.8,442],[750,441.7],[756.3,437.4],[755.5,428.7],[753.4,428.9],[747,429.2]]]}},{"type":"Feature","properties":{"GEOID":"01109","NAME":"Pike","STATEFP":"01"},"geometry":{"type":"Polygon","coordinates":[[[794.9,459.8],[795.2,461.8],[791.3,462.2],[792.6,466.2],[793.1,470.3],[800.1,469.5],[801,469.5],[802.2,465.4],[802.1,463.1],[799.4,463.4],[799.2,461.4],[797,459.7],[794.9,459.8]]]}},{"type":"Feature","properties":{"GEOID":"01111","NAME":"Randolph","STATEFP":"01"},"geometry":{"type":"Polygon","coordinates":[[[798.2,425.2],[799,434.3],[800.2,434.2],[807.2,433.4],[807.1,432.9],[805.2,426],[804.8,424.8],[798.2,425.2]]]}},{"type":"Feature","properties":{"GEOID":"01113","NAME":"Russell","STATEFP":"01"},"geometry":{"type":"Polygon","coordinates":[[[813.4,446.9],[812.3,447.9],[807,448.6],[805.1,450.2],[805.6,454.3],[806.3,456.3],[809.3,456],[811,457.8],[813.5,457.5],[813.2,455.9],[815.7,453.3],[814.3,449.9],[813.4,446.9]]]}},{"type":"Feature","properties":{"GEOID":"01115","NAME":"St. Clair","STATEFP":"01"},"geometry":{"type":"Polygon","coordinates":[[[783.9,416.1],[782.6,418.7],[779.4,420.7],[780.6,421.7],[781.1,425.8],[783.9,426.5],[784.2,429.1],[787.5,425.1],[788,421.9],[789.8,419.7],[789.2,417.9],[785.9,414.8],[783.9,416.1]]]}},{"type":"Feature","properties":{"GEOID":"01117","NAME":"Shelby","STATEFP":"01"},"geometry":{"type":"Polygon","coordinates":[[[771.9,433.8],[772.1,435.7],[775.2,438.1],[780.4,437.1],[782.4,438.1],[782.7,436.1],[782.3,434.4],[784.8,431.3],[784.2,429.1],[783.9,426.5],[781.1,425.8],[778.3,427.9],[775.5,431.4],[771.9,433.8]]]}},{"type":"Feature","properties":{"GEOID":"01119","NAME":"Sumter","STATEFP":"01"},"geometry":{"type":"Polygon","coordinates":[[[746.7,443.5],[746.6,451.8],[746.4,458.2],[756.1,457.4],[753.9,454.7],[757.2,452.1],[755.5,449.8],[753,449.7],[751.1,445.4],[749.5,443.4],[750,441.7],[746.8,442],[746.7,443.5]]]}},{"type":"Feature","properties":{"GEOID":"01121","NAME":"Talladega","STATEFP":"01"},"geometry":{"type":"Polygon","coordinates":[[[788,421.9],[787.5,425.1],[784.2,429.1],[784.8,431.3],[782.3,434.4],[782.7,436.1],[788.9,435.5],[789.5,430.9],[792.2,430.6],[794.2,425.5],[795.1,424.1],[791.2,423.8],[789.9,421.8],[788,421.9]]]}},{"type":"Feature","properties":{"GEOID":"01123","NAME":"Tallapoosa","STATEFP":"01"},"geometry":{"type":"Polygon","coordinates":[[[799,434.3],[792.1,435.5],[793,443.3],[795.5,443.1],[796,449.2],[797.5,447],[799.5,446.4],[799.2,444],[801.2,443.1],[800.2,434.2],[799,434.3]]]}},{"type":"Feature","properties":{"GEOID":"01125","NAME":"Tuscaloosa","STATEFP":"01"},"geometry":{"type":"Polygon","coordinates":[[[756.3,437.4],[756.7,440.6],[759,440.7],[764.7,440.2],[766.7,440],[767.2,436.9],[771.1,433.8],[766.5,429.7],[766.6,428],[763.4,426.1],[759.3,426.3],[758.8,428.4],[755.5,428.7],[756.3,437.4]]]}},{"type":"Feature","properties":{"GEOID":"01127","NAME":"Walker","STATEFP":"01"},"geometry":{"type":"Polygon","coordinates":[[[758.6,419.1],[760.7,420.1],[761.2,424.2],[763.4,426.1],[766.6,428],[768.1,425.4],[769.8,424.9],[770.8,421.4],[772.1,420.3],[771.8,419.3],[767.8,416.4],[758.4,417.1],[758.6,419.1]]]}},{"type":"Feature","properties":{"GEOID":"01129","NAME":"Washington","STATEFP":"01"},"geometry":{"type":"Polygon","coordinates":[[[746.7,472.7],[747.5,478.8],[748.5,486.3],[750.5,485.5],[757.6,484.4],[758.1,483.7],[757.8,481.2],[758.9,479.5],[758.2,476.5],[754.8,474.4],[754.2,472],[746.7,472.7]]]}},{"type":"Feature","properties":{"GEOID":"01131","NAME":"Wilcox","STATEFP":"01"},"geometry":{"type":"Polygon","coordinates":[[[765.3,457.7],[764.6,460.9],[762.6,461.1],[762,464.4],[763.3,468.2],[765.6,468],[777.4,466.8],[778.1,463.6],[776.9,461.7],[771.6,462.2],[768.3,459],[765.3,457.7]]]}},{"type":"Feature","properties":{"GEOID":"01133","NAME":"Winston","STATEFP":"01"},"geometry":{"type":"Polygon","coordinates":[[[757.8,409.9],[758.4,417.1],[767.8,416.4],[768.6,416.4],[768,409.2],[759.9,409.8],[757.8,409.9]]]}},{"type":"Feature","properties":{"GEOID":"02013","NAME":"Aleutians East","STATEFP":"02"},"geometry":{"type":"MultiPolygon","coordinates":[[[[216.8,662.5],[215.5,663.5],[212,665.2],[209.5,667.1],[208.4,669.1],[205.7,668.8],[202.7,669.5],[200.4,671],[199,672.5],[197,673.4],[195.8,674.6],[193.4,675.3],[191.9,675.2],[190.1,676],[189.6,675.7],[188.6,676],[187.5,677.8],[186.4,678.1],[186.2,679.5],[186.5,680.3],[187.8,680.8],[188.8,680.7],[190.5,679.4],[192.4,679.6],[193,679.9],[193.9,679.5],[195.6,679.7],[196.1,678.9],[195.6,678],[197.8,677.4],[198.5,679.6],[198.3,680.6],[198.8,680.9],[199.5,679.9],[200.1,680.2],[200.9,679.5],[201.4,679.8],[202.9,679],[202.6,677.7],[203.4,677.8],[206.2,675],[206.3,676.9],[207.7,677.1],[208,677.7],[208.9,676.4],[209.2,677.7],[208.7,678.5],[208.9,679.4],[209.9,679],[211.1,679],[211.7,678.3],[212.4,678.4],[213.3,679.8],[214.1,679.8],[214.6,679.2],[214,678.4],[214,677.6],[213.3,677.3],[213.5,676],[212.8,675.6],[212.2,676.3],[210.6,674.4],[211,674],[213,673.9],[213.5,673.1],[212.9,673.1],[213.1,671],[211.7,670.9],[212,670.2],[212.3,667.3],[211.9,667.3],[212,665.9],[213.4,666],[213.5,665.3],[214.9,665.4],[214.9,664.7],[215.9,664.8],[216.7,664.1],[216.8,662.5]]],[[[179.8,681.9],[179.6,682.5],[180.8,683.1],[181.8,682.4],[182.5,682.4],[183,683],[183.8,682.8],[186.2,683],[187.2,682.1],[186.9,681.1],[185.5,681.7],[184.3,680.9],[183.8,680],[182.9,679.9],[182.1,680.6],[181.5,680.2],[180.3,680.7],[179.8,681.9]]],[[[195.5,681.5],[196.9,682.9],[199,682.4],[198.8,681.4],[196.4,680.2],[195.5,681.5]]],[[[210.7,679.7],[210.9,680.2],[212.3,680.8],[213,680.1],[212.4,679.3],[211.5,679.1],[210.7,679.7]]]]}},{"type":"Feature","properties":{"GEOID":"02016","NAME":"Aleutians West","STATEFP":"02"},"geometry":{"type":"MultiPolygon","coordinates":[[[[117,682.5],[117.4,683.6],[116.8,684.6],[117.8,685.8],[119,685.6],[121.2,686.3],[122.3,686.3],[122.5,687.5],[123.9,687.7],[124.9,687.4],[126.4,687.6],[128.6,687.5],[129,687],[131.5,687],[132.9,687.6],[133.8,687.6],[135.7,688.4],[136.7,688],[138,688.3],[138.5,688.9],[140.6,689.8],[141.5,689.8],[142.1,690.5],[142.7,690],[143.5,690.2],[144,689.3],[141.3,688.3],[141.1,687.9],[138.6,687.4],[139.4,686.5],[139.4,685.8],[138.7,685],[137.7,684.8],[134.6,686.4],[134,686.1],[132.1,686.1],[130.6,686.3],[129.5,685.6],[128.7,684.3],[127.7,684.1],[127.2,684.6],[127,685.8],[126.1,685.6],[126.1,684.6],[125.7,684.2],[123.4,684.2],[122.6,683.6],[121.7,684.6],[120.5,684.6],[120.4,683.6],[119.3,683.3],[119,682.5],[117.5,682.1],[117,682.5]]],[[[179.8,681.9],[177.1,681.1],[175.7,681.4],[174.7,682.2],[174.9,683.7],[174.2,684.8],[171.5,685.4],[171.9,684.6],[170.8,683.7],[170.1,683.5],[168.4,684],[167.7,685.1],[166.7,685.4],[165.7,686.1],[164.6,687.5],[163.6,687.5],[162.6,689.1],[163,689.5],[166.7,688.3],[167.4,688.7],[168.5,687.1],[169.8,686.7],[171.4,687.5],[172.1,687.5],[174.5,686.5],[176.5,686.6],[178.4,685.3],[179.4,685],[180.5,684.3],[180.8,683.1],[179.6,682.5],[179.8,681.9]]],[[[77.8,654.8],[78.7,657.1],[79.4,657.9],[80.8,658.2],[81.2,658.8],[82.8,658.5],[82.3,656.6],[81.7,655.8],[80,654.7],[78.9,654.5],[77.8,654.8]]],[[[158,688],[157.9,688.5],[159,688.9],[160.1,688.4],[160.7,688.9],[161.4,688.4],[161.8,686.3],[161.2,685.5],[160.7,685.6],[160.5,687],[159.5,686.5],[158.8,686.6],[158,688]]],[[[101.2,678.1],[101.2,678.5],[101.9,679.8],[102.4,680],[103.3,682.2],[104.8,682.7],[105.3,682.4],[104.9,681.3],[103.8,680.4],[103.7,679.3],[102.2,678],[101.2,678.1]]],[[[95.4,673.3],[95.8,674.6],[97,674.3],[98.8,674.7],[99.1,674.2],[99.2,672.8],[98.2,672.1],[97.3,672.8],[95.8,673],[95.4,673.3]]],[[[79.8,660.7],[79.8,661.2],[81,662.4],[82,662.4],[82.9,661.2],[81.9,660.4],[80.2,660.4],[79.8,660.7]]],[[[100.1,674],[100,674.9],[100.6,675.1],[101.9,676.6],[102.8,676.3],[102.4,675.1],[101.3,674.6],[101.1,674],[100.1,674]]],[[[165.8,652.2],[165.7,653.8],[167.4,653.1],[168.1,652.1],[167.4,651.7],[166.2,651.8],[165.8,652.2]]],[[[145,688.6],[145.1,689.1],[146.6,689.4],[147.6,688.9],[147,687.6],[145.7,687.8],[145,688.6]]],[[[106.2,677.6],[106.4,678.5],[106.9,679],[107.8,679],[108.5,678.4],[107.9,677.1],[106.5,677.2],[106.2,677.6]]],[[[112,683.3],[113.4,684.6],[114.7,684.9],[115.6,684.5],[114.7,683.5],[113,683.5],[112,683.3]]],[[[154.4,688.7],[154.7,689.3],[156.3,689.1],[156.8,688.2],[156,687.5],[154.8,688],[154.4,688.7]]],[[[110.8,685.3],[111.2,686.4],[112.8,685.8],[112.9,684.9],[112.4,684.5],[110.8,685.3]]],[[[167.4,657.5],[168.1,658.7],[168.8,658.9],[169.6,658.3],[169.2,657.5],[167.8,657.1],[167.4,657.5]]],[[[152,688.7],[152.7,689.6],[154,688.2],[153.5,687.8],[152.2,688.3],[152,688.7]]],[[[83.5,659.2],[83.5,659.8],[84.7,661],[85.4,660.5],[84.1,659.1],[83.5,659.2]]],[[[100,675.8],[100.2,676.9],[101.4,677.3],[101.2,676.2],[100,675.8]]],[[[113.6,682.1],[113.9,683],[115.1,682.6],[114.7,681.6],[113.6,682.1]]],[[[91,666.7],[91,667.4],[91.8,667.8],[92.2,667.3],[91.5,666.4],[91,666.7]]]]}},{"type":"Feature","properties":{"GEOID":"02020","NAME":"Anchorage","STATEFP":"02"},"geometry":{"type":"Polygon","coordinates":[[[260.6,625.3],[257.8,625.6],[257.1,625.1],[255.6,626],[254.7,627.4],[253,628],[253.8,628.7],[254.5,628.7],[257.4,629.9],[258.7,630.3],[258.8,631.2],[260,631.2],[259.9,630.2],[261,630.1],[260.6,625.3]]]}},{"type":"Feature","properties":{"GEOID":"02050","NAME":"Bethel","STATEFP":"02"},"geometry":{"type":"MultiPolygon","coordinates":[[[[213.5,620.7],[214.2,621.8],[212.4,622.3],[211,623.3],[209.7,623.4],[207.4,623.9],[205.5,623],[202.8,623.6],[201.8,623.3],[200.8,624.2],[199.6,623.7],[199.6,625.1],[198.3,626],[198.1,626.7],[196.9,626.9],[196.6,626.6],[195.1,626.5],[194,626.7],[194.3,628.2],[192.4,629.3],[192.7,630.2],[193.4,630.7],[194.2,632.1],[195.1,632.5],[196.3,634.7],[196,635.7],[197.3,637.9],[198.3,638.1],[198.4,637.2],[201.1,637.2],[202.2,637.4],[202.9,636.7],[204,636.8],[204.3,637.5],[205,637.5],[206,640.1],[205.2,640.9],[204.5,642],[204.7,643.2],[205.4,644.8],[205.4,646],[204.9,646.6],[204,646.6],[203.4,647.3],[204,647.8],[205.1,647.9],[206,648.6],[207.4,647.9],[208.9,646.1],[209,644.8],[209.8,644.8],[210.2,642.7],[210.9,642.8],[212,641.5],[212.1,640],[212.8,640.1],[213,638.7],[213.9,638.8],[214,637.3],[214.7,637.4],[214.9,636],[215.2,635.3],[215.9,635.3],[216,633.9],[216.7,634],[217.1,633.3],[217.2,631.8],[217.9,631.9],[218.6,631.2],[219.1,629.8],[223.3,630.1],[224.8,629.5],[226.2,629.5],[226.1,630.3],[230.8,630.4],[236.4,630.5],[241.1,630.5],[241,628.4],[240.8,626.2],[242.8,626.2],[242.6,619],[242.4,619.8],[241.1,619.8],[241.2,620.5],[239.7,620.5],[239.7,621.2],[233,621.2],[227,621],[227,620.2],[221.4,619.9],[221.3,620.6],[218.5,620.4],[218.4,621.1],[213.5,620.7]]],[[[183.8,630.6],[184.1,632.4],[185.7,633.6],[186.8,634.8],[187.6,634.9],[188.4,635.9],[189,636.1],[190.1,635.3],[191.5,635],[192.1,634.3],[191.5,633.3],[191.9,631.5],[191.3,630.5],[190.3,630.2],[189.8,629.3],[188.9,630],[188.2,629.6],[187.3,629.9],[186.3,630.6],[184.9,630.2],[183.8,630.6]]],[[[162.3,621.5],[162.1,622.9],[162.8,624.4],[163.8,625.4],[165.4,625.9],[165.9,625.5],[165,624.2],[164,623.5],[163.4,621.8],[162.7,621],[162.3,621.5]]]]}},{"type":"Feature","properties":{"GEOID":"02060","NAME":"Bristol Bay","STATEFP":"02"},"geometry":{"type":"Polygon","coordinates":[[[225.2,647.3],[221.7,648.8],[221.7,649],[228.9,649.3],[229,647.1],[225.9,647],[225.2,647.3]]]}},{"type":"Feature","properties":{"GEOID":"02063","NAME":"Chugach","STATEFP":"02"},"geometry":{"type":"MultiPolygon","coordinates":[[[[259.7,638.2],[262.7,638.1],[263.9,639],[265,639],[266.4,638.1],[266.6,636.7],[267.7,635.7],[270.7,633.9],[272.1,633.4],[274.3,634.3],[276.5,634.4],[277.6,635.2],[276.9,636.8],[277.4,637.6],[278.5,637.3],[279.4,635.7],[280.3,635.4],[280.2,634.7],[282.4,630.2],[287.3,629.3],[287.2,628.6],[283.6,629.4],[283.3,627.8],[281.2,628.4],[281.1,627.6],[279.9,627.8],[279.7,626.3],[276.9,626.7],[276.7,625.3],[269.7,626.2],[269.6,625.5],[265.7,625.9],[265.6,625.6],[263.5,625.8],[263.4,625.1],[260.6,625.3],[261,630.1],[259.9,630.2],[260,631.2],[260.3,631.1],[260.5,633.8],[260.9,633.7],[261.1,637.7],[259.7,638.2]]],[[[270.2,641.3],[270.7,641.7],[271.6,641],[270.8,639.6],[270.4,639.9],[270.2,641.3]]]]}},{"type":"Feature","properties":{"GEOID":"02066","NAME":"Copper River","STATEFP":"02"},"geometry":{"type":"Polygon","coordinates":[[[263.4,625.1],[263.5,625.8],[265.6,625.6],[265.7,625.9],[269.6,625.5],[269.7,626.2],[276.7,625.3],[276.9,626.7],[279.7,626.3],[279.9,627.8],[281.1,627.6],[281.2,628.4],[283.3,627.8],[283.6,629.4],[287.2,628.6],[287.3,629.3],[288.1,629.9],[290.5,629.5],[291.4,629.7],[289.9,622.3],[288.9,617.4],[285.8,618],[285.4,616.2],[284.8,616],[284.3,613.1],[282.8,612],[281.2,612],[280.9,613],[279.9,613],[279.9,611.7],[279.4,611.3],[279.8,610.4],[279.2,608.9],[273.8,609.8],[271.7,609.9],[271.6,609.2],[268.1,609.7],[266.7,610.2],[266.9,612],[267.2,612.8],[267.8,617.8],[265.7,618],[266.2,621.6],[266.5,624.4],[265.5,624.9],[263.4,625.1]]]}},{"type":"Feature","properties":{"GEOID":"02068","NAME":"Denali","STATEFP":"02"},"geometry":{"type":"Polygon","coordinates":[[[260.1,601.1],[250.5,601.7],[248.7,604.8],[246.8,604.2],[245.9,604.9],[245.9,606.3],[245.3,606.3],[245.3,607.7],[242.9,607.8],[243.2,610.3],[244.6,610.6],[244.7,611.6],[242.6,615.5],[246.8,615.4],[246.8,614.8],[255.5,609.9],[260.9,609.5],[260.8,608.3],[264.6,607.9],[263.9,601.5],[261.2,601.8],[260.1,601.1]]]}},{"type":"Feature","properties":{"GEOID":"02070","NAME":"Dillingham","STATEFP":"02"},"geometry":{"type":"MultiPolygon","coordinates":[[[[230.8,630.4],[226.1,630.3],[226.2,629.5],[224.8,629.5],[223.3,630.1],[219.1,629.8],[218.6,631.2],[217.9,631.9],[217.2,631.8],[217.1,633.3],[216.7,634],[216,633.9],[215.9,635.3],[215.2,635.3],[214.9,636],[214.7,637.4],[214,637.3],[213.9,638.8],[213,638.7],[212.8,640.1],[212.1,640],[212,641.5],[210.9,642.8],[210.2,642.7],[209.8,644.8],[209,644.8],[208.9,646.1],[207.4,647.9],[208.1,648.7],[209,649],[209.6,648.6],[210.7,646.7],[211.9,646],[212,646.7],[213.6,647.6],[214.5,647],[215.2,647.2],[216.6,650.3],[217.1,651],[218,651],[219,650.2],[220.7,649.6],[221.3,650],[221.7,649],[221.7,648.8],[225.2,647.3],[225.3,645.3],[225,643.9],[225.8,643.2],[227.2,643.2],[227.6,641.8],[228.4,641.1],[229.8,641.2],[230.5,640.5],[230.8,630.4]]],[[[210.9,647.6],[211.8,648.9],[212.8,647.7],[212.6,647.2],[211.5,646.7],[210.9,647.6]]]]}},{"type":"Feature","properties":{"GEOID":"02090","NAME":"Fairbanks North Star","STATEFP":"02"},"geometry":{"type":"Polygon","coordinates":[[[273.8,596.7],[273.5,595.3],[273.8,593.5],[273.6,593.1],[272.4,593.3],[272,593.8],[270.1,593.4],[269.3,594.1],[268.3,594.3],[267.8,593.6],[266.2,593],[266.3,592.1],[265.6,591.4],[264.5,592.4],[263.3,593],[261.9,593.2],[261.1,593.9],[257.3,594.2],[257.8,599.3],[258.1,599.1],[260.1,601.1],[261.2,601.8],[263.9,601.5],[266.2,601.1],[266.8,600.1],[268.2,599.3],[269.1,599.5],[269.4,599],[270.4,598.6],[270.7,598.1],[272.2,597.6],[273.8,596.7]]]}},{"type":"Feature","properties":{"GEOID":"02100","NAME":"Haines","STATEFP":"02"},"geometry":{"type":"Polygon","coordinates":[[[313.8,629.9],[313,630.7],[312.1,631.2],[312,632.7],[311.3,632.9],[311.7,634.5],[314,634.6],[315.2,634.9],[316.1,635.9],[315.8,637.8],[317.4,638.3],[317.6,639.6],[318.1,640.9],[319.2,641.8],[320.4,641.9],[319.2,639],[317.5,635.4],[321.2,634.4],[320.1,633.2],[319,632.6],[317.8,632.6],[317.4,632.2],[316,632.6],[313.8,629.9]]]}},{"type":"Feature","properties":{"GEOID":"02105","NAME":"Hoonah-Angoon","STATEFP":"02"},"geometry":{"type":"MultiPolygon","coordinates":[[[[326.6,642.8],[326,642.6],[323.7,640.6],[322.4,641.5],[321.4,641.8],[321.3,640.3],[319.2,639],[320.4,641.9],[319.2,641.8],[318.1,640.9],[317.6,639.6],[317.4,638.3],[315.8,637.8],[316.1,635.9],[315.2,634.9],[314,634.6],[311.7,634.5],[311.5,635.4],[310.5,635.7],[308.2,638.5],[306.4,639.9],[307.8,641.2],[310.9,642.6],[311.5,642.4],[312.6,643.5],[313.6,643.6],[313.5,644.5],[313.9,645.6],[314.9,645.9],[316.7,645.4],[316.9,643.9],[320.2,645],[321.8,644.3],[323.2,646.8],[323.6,648.6],[324.4,650.4],[325.2,651.3],[325.9,650.2],[326.6,648.3],[328.4,647.7],[328,647.7],[326.6,642.8]]],[[[326.6,642.8],[327.6,642.3],[330.3,642.3],[330.5,643.1],[331.5,642.9],[330,641.3],[328.7,640.4],[327.9,639.3],[326.6,642.8]]]]}},{"type":"Feature","properties":{"GEOID":"02110","NAME":"Juneau","STATEFP":"02"},"geometry":{"type":"Polygon","coordinates":[[[321.2,634.4],[317.5,635.4],[319.2,639],[321.3,640.3],[321.4,641.8],[322.4,641.5],[323.7,640.6],[326,642.6],[326.6,642.8],[327.9,639.3],[326.1,637.8],[326.3,637.4],[324.5,636.4],[323.7,635.6],[321.7,635.1],[321.2,634.4]]]}},{"type":"Feature","properties":{"GEOID":"02122","NAME":"Kenai Peninsula","STATEFP":"02"},"geometry":{"type":"Polygon","coordinates":[[[260,631.2],[258.8,631.2],[258.7,630.3],[257.4,629.9],[254.5,628.7],[253.8,628.7],[253,628],[251.6,628.8],[250.8,628.1],[250.8,627.4],[249.4,627.5],[249.3,626],[242.8,626.2],[240.8,626.2],[241,628.4],[241.1,630.5],[241.2,631.3],[241.3,634.1],[240.7,634.1],[240.8,637],[240.2,637],[240.2,639.9],[239.7,640.6],[239,640.6],[239,642],[238.3,642.8],[237.1,642.8],[237.1,644.2],[235.7,644.2],[235.9,645.6],[235.9,648.5],[236.1,649.2],[237.5,649.2],[239.6,649.2],[240.4,648.5],[240.4,647.5],[242,647.5],[242.3,647.1],[243,646.3],[249.6,645.3],[251.5,644.6],[253.7,643.4],[257.1,641.4],[257.6,639.6],[258.4,638.7],[259.7,638.2],[261.1,637.7],[260.9,633.7],[260.5,633.8],[260.3,631.1],[260,631.2]]]}},{"type":"Feature","properties":{"GEOID":"02130","NAME":"Ketchikan Gateway","STATEFP":"02"},"geometry":{"type":"Polygon","coordinates":[[[338.6,657.7],[338.7,658.2],[339.8,658.7],[341.6,661.4],[342.3,660.9],[342.2,659.5],[342.7,659.3],[344.1,659.8],[344.2,661.3],[343.3,661.4],[342.3,662.4],[343.1,664.4],[345.6,663.4],[347.8,662.8],[348.8,660.3],[349.1,657.8],[349.4,656.9],[347.9,654.8],[347.2,653.4],[345.7,652.4],[345.9,651],[345,651],[344.5,650.2],[343.7,650.3],[342.8,649.8],[341.4,649.9],[342.1,651],[341.2,651.7],[340.6,652.6],[341.2,653.4],[339.1,653.8],[339.3,656],[339,657.3],[338.6,657.7]]]}},{"type":"Feature","properties":{"GEOID":"02150","NAME":"Kodiak Island","STATEFP":"02"},"geometry":{"type":"MultiPolygon","coordinates":[[[[234.7,660.4],[236.1,661.5],[236.2,663.3],[237.1,663.8],[237.1,664.3],[237.8,665.2],[237.2,665.9],[236.5,665.7],[235.4,666.5],[234.7,667.5],[235.5,668.2],[236.5,667.4],[239.1,667.4],[239.7,666.9],[239.7,665.5],[241.5,663.3],[242.5,663.2],[242.9,662.5],[244,662.1],[244.2,661.3],[245.4,660.1],[246.6,660.1],[247,659.4],[246.7,658.9],[247.5,657.6],[246.6,655.1],[245.7,654.2],[247.4,653.6],[248.5,653.3],[248.8,652.5],[248.7,651.4],[247.9,651.4],[246.9,650.8],[246.3,648.9],[245.3,648.3],[244.4,649.2],[242.3,652.4],[241,654],[240.8,654.6],[239.4,655.2],[237.8,657],[237,657.2],[235.7,658.4],[234.7,660.4]]],[[[237.5,649.2],[237.5,650.8],[236.7,651.6],[235.6,652.1],[234.4,652.2],[234.1,652.7],[232.9,653],[232.9,655.5],[232.1,656.1],[231.3,656.1],[231,657.1],[229.1,658.3],[228.4,658.3],[226.6,660.6],[226.5,661.2],[228.4,661.2],[228.4,662.3],[228.9,661.4],[229.2,659.9],[230.2,659.4],[231.6,658],[233.1,657.5],[234.5,655.7],[234.7,654.8],[237.1,654.6],[238.3,653.7],[239.3,650.8],[240.9,650.1],[241.1,649.3],[242.4,648.4],[242.3,647.1],[242,647.5],[240.4,647.5],[240.4,648.5],[239.6,649.2],[237.5,649.2]]],[[[245.3,647],[245.7,647.7],[247.4,647.6],[247.9,647],[247.2,646.1],[245.6,646.3],[245.3,647]]],[[[225.5,669.5],[225.9,670],[225.8,671.1],[226.5,671.3],[227,670.7],[226.5,668.8],[225.7,668.8],[225.5,669.5]]],[[[230.3,672.7],[230.5,673.3],[231.7,673.5],[232,671.8],[231.1,671.8],[230.3,672.7]]]]}},{"type":"Feature","properties":{"GEOID":"02158","NAME":"Kusilvak","STATEFP":"02"},"geometry":{"type":"Polygon","coordinates":[[[206.8,608.5],[206,608.9],[204.9,610],[204.4,610.1],[203.1,608.5],[201.7,607.8],[200,608.1],[198.2,609.5],[198.2,610.3],[196.6,611.9],[195.3,614.5],[193.9,615.8],[192.6,616.4],[192,618.3],[191.7,618.5],[190.9,620.5],[191.1,621.6],[192.3,624],[192.6,625.2],[193.5,625.8],[194,626.7],[195.1,626.5],[196.6,626.6],[196.9,626.9],[198.1,626.7],[198.3,626],[199.6,625.1],[199.6,623.7],[200.8,624.2],[201.8,623.3],[202.8,623.6],[205.5,623],[207.4,623.9],[209.7,623.4],[211,623.3],[212.4,622.3],[214.2,621.8],[213.5,620.7],[212.1,620.6],[212.3,618.4],[211.8,618.4],[212.1,615.5],[212.6,612.7],[213.2,611.8],[209,611.3],[209,610.6],[207.8,609],[206.8,608.5]]]}},{"type":"Feature","properties":{"GEOID":"02164","NAME":"Lake and Peninsula","STATEFP":"02"},"geometry":{"type":"Polygon","coordinates":[[[216.8,662.5],[216.7,664.1],[215.9,664.8],[214.9,664.7],[214.9,665.4],[213.5,665.3],[213.4,666],[212,665.9],[211.9,667.3],[212.3,667.3],[212,670.2],[211.7,670.9],[213.1,671],[212.9,673.1],[213.5,673.1],[220.2,673.6],[225,668.4],[228.3,664.8],[228.4,662.3],[228.4,661.2],[226.5,661.2],[226.6,660.6],[228.4,658.3],[229.1,658.3],[231,657.1],[231.3,656.1],[232.1,656.1],[232.9,655.5],[232.9,653],[234.1,652.7],[234.4,652.2],[235.6,652.1],[236.7,651.6],[237.5,650.8],[237.5,649.2],[236.1,649.2],[235.9,648.5],[235.9,645.6],[235.7,644.2],[237.1,644.2],[237.1,642.8],[238.3,642.8],[239,642],[239,640.6],[239.7,640.6],[240.2,639.9],[240.2,637],[240.8,637],[240.7,634.1],[241.3,634.1],[241.2,631.3],[241.1,630.5],[236.4,630.5],[230.8,630.4],[230.5,640.5],[229.8,641.2],[228.4,641.1],[227.6,641.8],[227.2,643.2],[225.8,643.2],[225,643.9],[225.3,645.3],[225.2,647.3],[225.9,647],[229,647.1],[228.9,649.3],[221.7,649],[221.3,650],[219.8,654.3],[216.9,662.1],[216.8,662.5]]]}},{"type":"Feature","properties":{"GEOID":"02170","NAME":"Matanuska-Susitna","STATEFP":"02"},"geometry":{"type":"Polygon","coordinates":[[[242.6,615.5],[242.6,619],[242.8,626.2],[249.3,626],[249.4,627.5],[250.8,627.4],[250.8,628.1],[251.6,628.8],[253,628],[254.7,627.4],[255.6,626],[257.1,625.1],[257.8,625.6],[260.6,625.3],[263.4,625.1],[265.5,624.9],[266.5,624.4],[266.2,621.6],[265.7,618],[267.8,617.8],[267.2,612.8],[266.9,612],[266.7,610.2],[266.4,607.7],[264.6,607.9],[260.8,608.3],[260.9,609.5],[255.5,609.9],[246.8,614.8],[246.8,615.4],[242.6,615.5]]]}},{"type":"Feature","properties":{"GEOID":"02180","NAME":"Nome","STATEFP":"02"},"geometry":{"type":"MultiPolygon","coordinates":[[[[204.5,580.6],[201.1,581.3],[196.5,583.1],[193.4,584.8],[191,585.6],[190.6,587],[192.9,589.2],[194,589.5],[193.6,590.9],[193.9,591.7],[195,593.3],[194.7,594.6],[194.8,595.6],[195.5,596.4],[198.6,597.8],[199.6,598.5],[200.6,598.5],[202.2,597.9],[204.6,598.1],[205.6,598.9],[205.9,599.7],[207.4,600.6],[208.5,599.8],[209.4,598.6],[211.7,600.6],[212.4,600.5],[213.4,601.9],[213.4,603.4],[213.8,605.5],[212,607.4],[210,607.4],[208.7,606.4],[208.2,605.6],[207.5,605.5],[206.5,606.3],[207,607.1],[207.8,607.2],[206.8,608.5],[207.8,609],[209,610.6],[209,611.3],[213.2,611.8],[213.4,609.7],[214.1,609.7],[214.3,607.6],[215,606.9],[216.4,607.1],[216.5,606.4],[217.2,605.7],[217.9,605.8],[218.1,603.6],[217.4,603.6],[217.8,597.8],[218.5,597.9],[218.6,596.5],[219.3,596.5],[219.5,593.7],[220.2,593.7],[220.4,591.6],[219.7,591.5],[218.9,592.2],[212.9,591.6],[205.4,590.6],[205.6,589.2],[204.9,589.1],[205.1,587.7],[204.2,587.5],[204.6,584.7],[204.4,584.7],[204.8,581.9],[204.5,580.6]]],[[[173.6,600],[173.5,601.2],[174.7,602.6],[176.4,602.1],[177,602.2],[178.2,603.3],[178.6,604.6],[179.3,604.9],[179.9,605.8],[179.9,606.8],[180.8,607.3],[181.6,606.8],[182.3,605.7],[183.6,606.2],[184.4,606.1],[185,605.4],[185.1,604.4],[182.3,603.2],[181.9,602.5],[180.8,601.9],[180.8,601],[179.9,599.7],[179.2,599.5],[177.3,600.1],[175.5,598.8],[175.6,598.2],[174.9,597.7],[173.6,600]]]]}},{"type":"Feature","properties":{"GEOID":"02185","NAME":"North Slope","STATEFP":"02"},"geometry":{"type":"Polygon","coordinates":[[[278.4,564],[276.4,554.4],[275.3,554.3],[273.1,553.3],[271,552.2],[269.4,551.5],[267.4,552.1],[265.9,553.1],[265.5,553.7],[263.7,553.3],[261.6,552.3],[259.5,552.2],[257.5,551.2],[256.3,551],[255.6,550.5],[254.5,550.7],[254.3,551.2],[252.6,550.6],[250.9,550.2],[249.1,550.9],[247.8,551],[246.4,551.7],[245.7,551.6],[245.5,550.7],[243.9,548.5],[242.9,548],[240.8,547.8],[239.1,548.1],[237.6,547.4],[236.6,546.3],[234.9,545.4],[234,545.2],[233.6,544.6],[231.8,544],[230.8,544.9],[229.1,547.2],[227.3,548.2],[226.2,547.9],[225.8,547.4],[224.4,547.6],[222.9,548.2],[220.8,550.2],[219.3,551.3],[218.1,551.7],[216.4,551.3],[214.8,552.4],[212.5,555.2],[211.8,556.8],[211.5,558.4],[211.1,559.2],[210.2,560.3],[208.9,561.3],[208.1,561.6],[204.8,561.6],[202.3,561],[201.9,561.2],[201.3,563.8],[200.7,564.7],[199.6,564.9],[199.1,565.6],[201,566.6],[201.8,568],[202.8,568.6],[206.2,569.1],[206.4,567.7],[211.9,568.5],[212,567.8],[214.1,568.1],[214,568.8],[215.5,569],[215.5,568.3],[217,568.4],[216.9,569.1],[219.8,569.4],[219.8,568.7],[221.3,568.8],[221.2,569.5],[229.1,570.1],[229,570.8],[231.9,570.9],[231.8,571.6],[234.7,571.7],[234.7,571.9],[240.7,572],[248.5,571.8],[253.4,571.5],[258.3,571.1],[263.7,570.5],[263.2,566.4],[270.7,565.4],[278.4,564]]]}},{"type":"Feature","properties":{"GEOID":"02188","NAME":"Northwest Arctic","STATEFP":"02"},"geometry":{"type":"Polygon","coordinates":[[[234.7,571.9],[234.7,571.7],[231.8,571.6],[231.9,570.9],[229,570.8],[229.1,570.1],[221.2,569.5],[221.3,568.8],[219.8,568.7],[219.8,569.4],[216.9,569.1],[217,568.4],[215.5,568.3],[215.5,569],[214,568.8],[214.1,568.1],[212,567.8],[211.9,568.5],[206.4,567.7],[206.2,569.1],[202.8,568.6],[203.1,568.7],[205.3,571.8],[206.6,573.2],[207.1,576.1],[206.7,576.6],[207.3,577.3],[209.5,578.3],[210.2,578.9],[207.2,581],[206.7,580.8],[204.5,580.6],[204.8,581.9],[204.4,584.7],[204.6,584.7],[204.2,587.5],[205.1,587.7],[204.9,589.1],[205.6,589.2],[205.4,590.6],[212.9,591.6],[218.9,592.2],[219.7,591.5],[219.9,588],[222.1,588.2],[222.2,586.7],[225.7,587],[225.9,584.1],[228.7,584.3],[228.7,585.7],[230.1,585.8],[230.1,584.3],[231.6,584.4],[232.2,585.1],[232.2,585.8],[233.6,585.9],[233.8,583.7],[236,583.8],[236,582.3],[238.1,582.4],[238.3,581.7],[238.3,578.8],[237.8,578.1],[236.4,578.1],[236.4,575.9],[234.5,573.8],[234.7,571.9]]]}},{"type":"Feature","properties":{"GEOID":"02195","NAME":"Petersburg","STATEFP":"02"},"geometry":{"type":"Polygon","coordinates":[[[326.6,642.8],[328,647.7],[328.4,647.7],[330,648.1],[330.6,649.1],[329.8,649.8],[330.4,651.5],[330.7,651.7],[331.3,653.4],[332.5,653.4],[333,652.3],[334,651.8],[334.7,650.7],[334.2,650.1],[334.6,649.1],[335.6,647.7],[335.5,646.4],[334,646.5],[334.2,645.4],[331.5,642.9],[330.5,643.1],[330.3,642.3],[327.6,642.3],[326.6,642.8]]]}},{"type":"Feature","properties":{"GEOID":"02198","NAME":"Prince of Wales-Hyder","STATEFP":"02"},"geometry":{"type":"MultiPolygon","coordinates":[[[[343.1,664.4],[342.3,662.4],[343.3,661.4],[344.2,661.3],[344.1,659.8],[342.7,659.3],[342.2,659.5],[342.3,660.9],[341.6,661.4],[339.8,658.7],[338.7,658.2],[338.6,657.7],[337.5,656.6],[333.8,654.9],[333.3,654.1],[332.5,653.4],[331.3,653.4],[330.7,651.7],[330.4,651.5],[329.8,649.8],[330.6,649.1],[330,648.1],[328.4,647.7],[326.6,648.3],[325.9,650.2],[325.2,651.3],[325.9,652.5],[327.2,655.7],[326.1,656],[326.5,657.1],[327.6,658],[327.2,659.2],[327.7,659.7],[329.6,660],[329.9,658.6],[330.8,658.9],[331.5,660],[331.8,661.9],[333.5,663.4],[333.1,664.9],[334.7,667.6],[343.1,664.4]]],[[[345.9,651],[345.7,652.4],[347.2,653.4],[347.4,652.1],[347.2,651.3],[346.4,650.6],[345.9,651]]]]}},{"type":"Feature","properties":{"GEOID":"02220","NAME":"Sitka","STATEFP":"02"},"geometry":{"type":"Polygon","coordinates":[[[314.9,645.9],[319.3,651.9],[325.4,656.6],[326.5,657.1],[326.1,656],[327.2,655.7],[325.9,652.5],[325.2,651.3],[324.4,650.4],[323.6,648.6],[323.2,646.8],[321.8,644.3],[320.2,645],[316.9,643.9],[316.7,645.4],[314.9,645.9]]]}},{"type":"Feature","properties":{"GEOID":"02230","NAME":"Skagway","STATEFP":"02"},"geometry":{"type":"Polygon","coordinates":[[[313.8,629.9],[316,632.6],[317.4,632.2],[316.9,631.6],[316.9,630.5],[314.6,629.1],[313.8,629.9]]]}},{"type":"Feature","properties":{"GEOID":"02240","NAME":"Southeast Fairbanks","STATEFP":"02"},"geometry":{"type":"Polygon","coordinates":[[[263.9,601.5],[264.6,607.9],[266.4,607.7],[266.7,610.2],[268.1,609.7],[271.6,609.2],[271.7,609.9],[273.8,609.8],[279.2,608.9],[279.8,610.4],[279.4,611.3],[279.9,611.7],[279.9,613],[280.9,613],[281.2,612],[282.8,612],[284.3,613.1],[284.8,616],[285.4,616.2],[285.8,618],[288.9,617.4],[287.9,612.1],[286.7,606.3],[284.9,596.9],[283.5,589.8],[282.6,585.5],[281.7,586.7],[281.7,587.5],[280.5,588.7],[279.4,589.2],[278.3,590.2],[277.7,590.3],[277.4,592.3],[276.8,592.5],[275.5,593.9],[275.5,595.6],[274.9,596.8],[273.8,596.7],[272.2,597.6],[270.7,598.1],[270.4,598.6],[269.4,599],[269.1,599.5],[268.2,599.3],[266.8,600.1],[266.2,601.1],[263.9,601.5]]]}},{"type":"Feature","properties":{"GEOID":"02275","NAME":"Wrangell","STATEFP":"02"},"geometry":{"type":"Polygon","coordinates":[[[335.6,647.7],[334.6,649.1],[334.2,650.1],[334.7,650.7],[334,651.8],[333,652.3],[332.5,653.4],[333.3,654.1],[333.8,654.9],[337.5,656.6],[338.6,657.7],[339,657.3],[339.3,656],[339.1,653.8],[341.2,653.4],[340.6,652.6],[341.2,651.7],[342.1,651],[341.4,649.9],[338.7,649.1],[337.6,649.6],[336.9,648],[335.6,647.7]]]}},{"type":"Feature","properties":{"GEOID":"02282","NAME":"Yakutat","STATEFP":"02"},"geometry":{"type":"Polygon","coordinates":[[[287.3,629.3],[282.4,630.2],[280.2,634.7],[280.3,635.4],[281.3,634.8],[284.5,633.8],[285.6,633.7],[288.5,633.9],[292.8,635.2],[294.9,635.2],[297.3,636],[298.8,636.7],[302.1,637.6],[303.3,638.2],[305,638.6],[306.2,639.3],[306.4,639.9],[308.2,638.5],[308.1,637.8],[307.2,635.9],[302,632.6],[301.4,631.6],[299.9,631.2],[299.1,630.6],[299.1,628.3],[296.7,629],[295.8,630.5],[293.7,629.9],[293.6,630.7],[291.5,630.4],[291.4,629.7],[290.5,629.5],[288.1,629.9],[287.3,629.3]]]}},{"type":"Feature","properties":{"GEOID":"02290","NAME":"Yukon-Koyukuk","STATEFP":"02"},"geometry":{"type":"Polygon","coordinates":[[[278.4,564],[270.7,565.4],[263.2,566.4],[263.7,570.5],[258.3,571.1],[253.4,571.5],[248.5,571.8],[240.7,572],[234.7,571.9],[234.5,573.8],[236.4,575.9],[236.4,578.1],[237.8,578.1],[238.3,578.8],[238.3,581.7],[238.1,582.4],[236,582.3],[236,583.8],[233.8,583.7],[233.6,585.9],[232.2,585.8],[232.2,585.1],[231.6,584.4],[230.1,584.3],[230.1,585.8],[228.7,585.7],[228.7,584.3],[225.9,584.1],[225.7,587],[222.2,586.7],[222.1,588.2],[219.9,588],[219.7,591.5],[220.4,591.6],[220.2,593.7],[219.5,593.7],[219.3,596.5],[218.6,596.5],[218.5,597.9],[217.8,597.8],[217.4,603.6],[218.1,603.6],[217.9,605.8],[217.2,605.7],[216.5,606.4],[216.4,607.1],[215,606.9],[214.3,607.6],[214.1,609.7],[213.4,609.7],[213.2,611.8],[212.6,612.7],[212.1,615.5],[211.8,618.4],[212.3,618.4],[212.1,620.6],[213.5,620.7],[218.4,621.1],[218.5,620.4],[221.3,620.6],[221.4,619.9],[227,620.2],[227,621],[233,621.2],[239.7,621.2],[239.7,620.5],[241.2,620.5],[241.1,619.8],[242.4,619.8],[242.6,619],[242.6,615.5],[244.7,611.6],[244.6,610.6],[243.2,610.3],[242.9,607.8],[245.3,607.7],[245.3,606.3],[245.9,606.3],[245.9,604.9],[246.8,604.2],[248.7,604.8],[250.5,601.7],[260.1,601.1],[258.1,599.1],[257.8,599.3],[257.3,594.2],[261.1,593.9],[261.9,593.2],[263.3,593],[264.5,592.4],[265.6,591.4],[266.3,592.1],[266.2,593],[267.8,593.6],[268.3,594.3],[269.3,594.1],[270.1,593.4],[272,593.8],[272.4,593.3],[273.6,593.1],[273.8,593.5],[273.5,595.3],[273.8,596.7],[274.9,596.8],[275.5,595.6],[275.5,593.9],[276.8,592.5],[277.4,592.3],[277.7,590.3],[278.3,590.2],[279.4,589.2],[280.5,588.7],[281.7,587.5],[281.7,586.7],[282.6,585.5],[281.5,580],[279.7,570.7],[278.4,564]]]}},{"type":"Feature","properties":{"GEOID":"04001","NAME":"Apache","STATEFP":"04"},"geometry":{"type":"Polygon","coordinates":[[[336.1,334],[331.4,365.4],[334.7,365.8],[333.9,369.2],[331.5,385.5],[327.6,409.9],[326.3,414.7],[327.8,416.8],[334.2,413.8],[337.5,411.3],[343.3,412.1],[345.9,393.3],[347.1,384.4],[350.5,359.9],[353.7,336.6],[336.1,334]]]}},{"type":"Feature","properties":{"GEOID":"04003","NAME":"Cochise","STATEFP":"04"},"geometry":{"type":"Polygon","coordinates":[[[311.4,439.7],[308.9,455.9],[307.3,465.2],[335.3,469.3],[338.9,443.7],[337.6,443.6],[311.4,439.7]]]}},{"type":"Feature","properties":{"GEOID":"04005","NAME":"Coconino","STATEFP":"04"},"geometry":{"type":"Polygon","coordinates":[[[312.2,395.9],[315.5,375.4],[317.9,359.5],[322.3,331.8],[310.1,329.9],[289.4,326.4],[287,331.2],[285.4,336.5],[285.2,340.3],[284,341.3],[277.6,342.7],[271.3,344.9],[268.4,358.1],[271.3,359.1],[274.8,363.5],[280.8,366.1],[283.4,367.8],[283.6,369.9],[285.6,370.3],[284.9,374.4],[295.4,376],[294.7,380.2],[299,380.9],[297.7,388.6],[298.7,390],[303.5,390.1],[306.3,391.9],[310.4,395.6],[312.2,395.9]]]}},{"type":"Feature","properties":{"GEOID":"04007","NAME":"Gila","STATEFP":"04"},"geometry":{"type":"Polygon","coordinates":[[[297,399.8],[298.7,404.3],[298.1,406],[300.1,409.3],[302.4,408.4],[303.7,413.7],[304.7,419],[306.9,425.7],[310.4,422.5],[314.2,421.8],[314.7,417.9],[317.1,416.7],[320.6,416.3],[323.8,416.8],[324.2,414.2],[325.7,404.3],[311.3,402.1],[312.2,395.9],[310.4,395.6],[306.3,391.9],[303.5,390.1],[298.7,390],[297.7,388.6],[295.4,390.3],[293.5,395.6],[297.9,396.3],[297,399.8]]]}},{"type":"Feature","properties":{"GEOID":"04009","NAME":"Graham","STATEFP":"04"},"geometry":{"type":"Polygon","coordinates":[[[314.2,421.8],[311.7,437.7],[311.4,439.7],[337.6,443.6],[335.7,440.9],[336.1,435.8],[332.3,427.3],[334.2,413.8],[327.8,416.8],[326.3,414.7],[324.2,414.2],[323.8,416.8],[320.6,416.3],[317.1,416.7],[314.7,417.9],[314.2,421.8]]]}},{"type":"Feature","properties":{"GEOID":"04011","NAME":"Greenlee","STATEFP":"04"},"geometry":{"type":"Polygon","coordinates":[[[334.2,413.8],[332.3,427.3],[336.1,435.8],[335.7,440.9],[337.6,443.6],[338.9,443.7],[340,435.5],[341.4,425.4],[343.3,412.1],[337.5,411.3],[334.2,413.8]]]}},{"type":"Feature","properties":{"GEOID":"04012","NAME":"La Paz","STATEFP":"04"},"geometry":{"type":"Polygon","coordinates":[[[234.6,402.1],[232.7,402.3],[232.9,405.7],[231.5,409.6],[232,411.1],[234.9,411.9],[239.7,412.8],[241.6,402.7],[247.6,403.9],[247.2,405.9],[259.2,408.1],[261.9,393.7],[263.2,386.3],[259.3,385.8],[257.7,387.4],[249.7,385.1],[247.9,383.7],[245.1,386.3],[241.2,387.8],[238.7,391],[238.3,396.5],[237.1,399.7],[234.6,402.1]]]}},{"type":"Feature","properties":{"GEOID":"04013","NAME":"Maricopa","STATEFP":"04"},"geometry":{"type":"Polygon","coordinates":[[[297,399.8],[292.6,399.1],[284.4,396.5],[281.6,400],[273.1,395.7],[261.9,393.7],[259.2,408.1],[255.5,428.4],[277.5,432.3],[280.7,414.7],[282.6,416.5],[292.3,418.1],[293.3,412],[303.7,413.7],[302.4,408.4],[300.1,409.3],[298.1,406],[298.7,404.3],[297,399.8]]]}},{"type":"Feature","properties":{"GEOID":"04015","NAME":"Mohave","STATEFP":"04"},"geometry":{"type":"Polygon","coordinates":[[[260.9,325],[258.1,340.1],[255.3,343.7],[253.6,343.6],[251.9,340.1],[247.1,339.2],[244.5,340],[244.5,344.3],[243.2,353.9],[243.9,358.4],[243.7,362.2],[241.7,365.7],[241.2,368.9],[243.4,373],[244.7,379.6],[247.9,383.7],[249.7,385.1],[257.7,387.4],[259.3,385.8],[263.2,386.3],[268.4,358.1],[271.3,344.9],[277.6,342.7],[284,341.3],[285.2,340.3],[285.4,336.5],[287,331.2],[289.4,326.4],[282.7,325.2],[261.6,321.3],[260.9,325]]]}},{"type":"Feature","properties":{"GEOID":"04017","NAME":"Navajo","STATEFP":"04"},"geometry":{"type":"Polygon","coordinates":[[[322.3,331.8],[317.9,359.5],[315.5,375.4],[312.2,395.9],[311.3,402.1],[325.7,404.3],[324.2,414.2],[326.3,414.7],[327.6,409.9],[331.5,385.5],[333.9,369.2],[334.7,365.8],[331.4,365.4],[336.1,334],[322.3,331.8]]]}},{"type":"Feature","properties":{"GEOID":"04019","NAME":"Pima","STATEFP":"04"},"geometry":{"type":"Polygon","coordinates":[[[311.7,437.7],[289.8,434.4],[277.5,432.3],[255.5,428.4],[253.5,439.2],[275.2,451.8],[289.7,460.2],[290.1,458],[294.1,458.6],[294.8,453.9],[308.9,455.9],[311.4,439.7],[311.7,437.7]]]}},{"type":"Feature","properties":{"GEOID":"04021","NAME":"Pinal","STATEFP":"04"},"geometry":{"type":"Polygon","coordinates":[[[303.7,413.7],[293.3,412],[292.3,418.1],[282.6,416.5],[280.7,414.7],[277.5,432.3],[289.8,434.4],[311.7,437.7],[314.2,421.8],[310.4,422.5],[306.9,425.7],[304.7,419],[303.7,413.7]]]}},{"type":"Feature","properties":{"GEOID":"04023","NAME":"Santa Cruz","STATEFP":"04"},"geometry":{"type":"Polygon","coordinates":[[[308.9,455.9],[294.8,453.9],[294.1,458.6],[290.1,458],[289.7,460.2],[295.1,463.3],[307.3,465.2],[308.9,455.9]]]}},{"type":"Feature","properties":{"GEOID":"04025","NAME":"Yavapai","STATEFP":"04"},"geometry":{"type":"Polygon","coordinates":[[[297.7,388.6],[299,380.9],[294.7,380.2],[295.4,376],[284.9,374.4],[285.6,370.3],[283.6,369.9],[283.4,367.8],[280.8,366.1],[274.8,363.5],[271.3,359.1],[268.4,358.1],[263.2,386.3],[261.9,393.7],[273.1,395.7],[281.6,400],[284.4,396.5],[292.6,399.1],[297,399.8],[297.9,396.3],[293.5,395.6],[295.4,390.3],[297.7,388.6]]]}},{"type":"Feature","properties":{"GEOID":"04027","NAME":"Yuma","STATEFP":"04"},"geometry":{"type":"Polygon","coordinates":[[[229.5,418.3],[227.3,420.3],[226.7,423.1],[253.5,439.2],[255.5,428.4],[259.2,408.1],[247.2,405.9],[247.6,403.9],[241.6,402.7],[239.7,412.8],[234.9,411.9],[235.4,414.9],[233.4,418.2],[229.5,418.3]]]}},{"type":"Feature","properties":{"GEOID":"05001","NAME":"Arkansas","STATEFP":"05"},"geometry":{"type":"Polygon","coordinates":[[[685.4,408.8],[681.2,408.9],[679.7,411],[679.2,411],[679.3,416.9],[682.8,417.1],[684.6,420.2],[685.1,421.9],[686.7,423.1],[690.5,422.9],[689.5,420.8],[690.9,419],[691.8,413.8],[690.8,413.5],[687,408.7],[685.4,408.8]]]}},{"type":"Feature","properties":{"GEOID":"05003","NAME":"Ashley","STATEFP":"05"},"geometry":{"type":"Polygon","coordinates":[[[685.2,436.6],[674.7,436.8],[675.1,439.1],[672.1,442.5],[673.6,446.1],[685.5,445.6],[685.2,436.6]]]}},{"type":"Feature","properties":{"GEOID":"05005","NAME":"Baxter","STATEFP":"05"},"geometry":{"type":"Polygon","coordinates":[[[661.5,363.9],[661.6,367.4],[664.1,374.1],[664.2,376.2],[668.1,372.3],[668.8,369.3],[668.6,363.6],[661.5,363.9]]]}},{"type":"Feature","properties":{"GEOID":"05007","NAME":"Benton","STATEFP":"05"},"geometry":{"type":"Polygon","coordinates":[[[622.3,364.9],[623.5,372.9],[623.7,374.3],[626.7,374.3],[627.8,371.6],[634.6,371.6],[636.2,370.9],[637.5,369.2],[636.5,368.4],[636.4,364.6],[632.5,364.7],[622.3,364.9]]]}},{"type":"Feature","properties":{"GEOID":"05009","NAME":"Boone","STATEFP":"05"},"geometry":{"type":"Polygon","coordinates":[[[647.2,364.4],[647.3,373.3],[654,373.3],[655,373.2],[654.9,364.3],[655.4,364.1],[647.2,364.4]]]}},{"type":"Feature","properties":{"GEOID":"05011","NAME":"Bradley","STATEFP":"05"},"geometry":{"type":"Polygon","coordinates":[[[667.8,429.8],[668.4,434.6],[667.2,437.6],[667.8,439.5],[672.1,442.5],[675.1,439.1],[674.7,436.8],[674.7,429.6],[667.8,429.8]]]}},{"type":"Feature","properties":{"GEOID":"05013","NAME":"Calhoun","STATEFP":"05"},"geometry":{"type":"Polygon","coordinates":[[[662.8,427.7],[662.8,429.3],[659.5,435.2],[663.5,438],[666,440.1],[667.8,439.5],[667.2,437.6],[668.4,434.6],[667.8,429.8],[667.7,427.7],[662.8,427.7]]]}},{"type":"Feature","properties":{"GEOID":"05015","NAME":"Carroll","STATEFP":"05"},"geometry":{"type":"Polygon","coordinates":[[[636.4,364.6],[636.5,368.4],[637.5,369.2],[640.5,369.2],[642.6,373.3],[643.9,373.3],[647.3,373.3],[647.2,364.4],[646.8,364.4],[641.7,364.5],[636.4,364.6]]]}},{"type":"Feature","properties":{"GEOID":"05017","NAME":"Chicot","STATEFP":"05"},"geometry":{"type":"Polygon","coordinates":[[[685,432.5],[685.2,436.6],[685.5,445.6],[686,445.6],[689.4,445.5],[691.3,445.4],[691.3,445.2],[692.7,442.2],[691.5,435.3],[689.7,433],[689.3,432.3],[685,432.5]]]}},{"type":"Feature","properties":{"GEOID":"05019","NAME":"Clark","STATEFP":"05"},"geometry":{"type":"Polygon","coordinates":[[[645.1,415.6],[646.1,422.4],[647.4,424.6],[649.1,427.2],[652.7,428.7],[656.8,427.8],[656.7,419.6],[654,419.6],[653.7,417.8],[647.5,416.9],[646.4,415.6],[645.1,415.6]]]}},{"type":"Feature","properties":{"GEOID":"05021","NAME":"Clay","STATEFP":"05"},"geometry":{"type":"Polygon","coordinates":[[[704.8,361.8],[698.2,362.2],[694.3,362.4],[695.2,367.5],[694.2,367.9],[703.3,367.6],[705.8,368.8],[707.7,367],[708,364.3],[704.8,361.8]]]}},{"type":"Feature","properties":{"GEOID":"05023","NAME":"Cleburne","STATEFP":"05"},"geometry":{"type":"Polygon","coordinates":[[[667.7,382.3],[667.8,390.6],[670.5,390.5],[675.4,390.4],[676.4,386.2],[675.3,382.2],[667.7,382.3]]]}},{"type":"Feature","properties":{"GEOID":"05025","NAME":"Cleveland","STATEFP":"05"},"geometry":{"type":"Polygon","coordinates":[[[667.4,421.5],[664.8,421.6],[664.8,423.6],[667.7,427.7],[667.8,429.8],[674.7,429.6],[674.6,427.5],[674.8,421.1],[669.4,421.3],[667.4,421.5]]]}},{"type":"Feature","properties":{"GEOID":"05027","NAME":"Columbia","STATEFP":"05"},"geometry":{"type":"Polygon","coordinates":[[[647.8,436.7],[645.7,441.1],[645.7,446.8],[650.6,446.7],[655.5,446.6],[655.5,438.1],[652.7,436.3],[647.8,436.7]]]}},{"type":"Feature","properties":{"GEOID":"05029","NAME":"Conway","STATEFP":"05"},"geometry":{"type":"Polygon","coordinates":[[[656.3,388.6],[656.5,395.5],[655.6,395.6],[653,397.9],[659.3,397.8],[662.3,396.7],[663.2,395.4],[663.4,390.6],[663.4,388.6],[656.3,388.6]]]}},{"type":"Feature","properties":{"GEOID":"05031","NAME":"Craighead","STATEFP":"05"},"geometry":{"type":"Polygon","coordinates":[[[702.6,373.9],[702.5,374.6],[693.7,375],[693.4,377.1],[690.4,377.2],[690.5,381.4],[704.7,380.8],[704.3,373.8],[702.6,373.9]]]}},{"type":"Feature","properties":{"GEOID":"05033","NAME":"Crawford","STATEFP":"05"},"geometry":{"type":"Polygon","coordinates":[[[625.4,385.2],[626.3,391],[628.9,392.1],[633,389.7],[634.6,384.6],[636,382.2],[635,382.2],[624.9,382.4],[625.4,385.2]]]}},{"type":"Feature","properties":{"GEOID":"05035","NAME":"Crittenden","STATEFP":"05"},"geometry":{"type":"Polygon","coordinates":[[[701,387.1],[701.4,394.2],[703.4,393.9],[703.5,399.7],[703.7,401.6],[705.6,400.6],[705.3,397.4],[707.2,396.6],[709.4,391.8],[707.9,391],[709.1,388],[707.9,386.8],[705.1,387],[701,387.1]]]}},{"type":"Feature","properties":{"GEOID":"05037","NAME":"Cross","STATEFP":"05"},"geometry":{"type":"Polygon","coordinates":[[[690.9,389.7],[691.1,394.6],[701.4,394.2],[701,387.1],[690.8,387.6],[690.9,389.7]]]}},{"type":"Feature","properties":{"GEOID":"05039","NAME":"Dallas","STATEFP":"05"},"geometry":{"type":"Polygon","coordinates":[[[656.7,419.6],[656.8,427.8],[662.8,427.7],[667.7,427.7],[664.8,423.6],[664.8,421.6],[667.4,421.5],[664.3,419.6],[660.7,419.6],[656.7,419.6]]]}},{"type":"Feature","properties":{"GEOID":"05041","NAME":"Desha","STATEFP":"05"},"geometry":{"type":"Polygon","coordinates":[[[685.1,421.9],[682.7,422.8],[682.8,427.4],[684.9,427.3],[685,432.5],[689.3,432.3],[689.6,430],[693.2,423.4],[695.4,421],[694,418.9],[690.9,419],[689.5,420.8],[690.5,422.9],[686.7,423.1],[685.1,421.9]]]}},{"type":"Feature","properties":{"GEOID":"05043","NAME":"Drew","STATEFP":"05"},"geometry":{"type":"Polygon","coordinates":[[[674.7,429.6],[674.7,436.8],[685.2,436.6],[685,432.5],[684.9,427.3],[682.8,427.4],[674.6,427.5],[674.7,429.6]]]}},{"type":"Feature","properties":{"GEOID":"05045","NAME":"Faulkner","STATEFP":"05"},"geometry":{"type":"Polygon","coordinates":[[[663.4,390.6],[663.2,395.4],[662.3,396.7],[662.6,400.5],[668.6,400.9],[670.6,398.8],[670.6,397.5],[670.5,390.5],[667.8,390.6],[663.4,390.6]]]}},{"type":"Feature","properties":{"GEOID":"05047","NAME":"Franklin","STATEFP":"05"},"geometry":{"type":"Polygon","coordinates":[[[636,382.2],[634.6,384.6],[633,389.7],[633,395.1],[634,395.1],[636.1,394.7],[640,391.2],[640.1,381.9],[636,382.2]]]}},{"type":"Feature","properties":{"GEOID":"05049","NAME":"Fulton","STATEFP":"05"},"geometry":{"type":"Polygon","coordinates":[[[668.6,363.6],[668.8,369.3],[677.5,369.1],[679.9,369],[681.9,366.9],[681.8,363.1],[677.6,363.2],[669.2,363.6],[668.6,363.6]]]}},{"type":"Feature","properties":{"GEOID":"05051","NAME":"Garland","STATEFP":"05"},"geometry":{"type":"Polygon","coordinates":[[[646.4,414.2],[655.3,414.1],[655.8,411.3],[658.2,411.3],[657.8,409.3],[654.5,408.3],[654.6,405.1],[652.5,405.1],[648.5,405.2],[646.4,406],[646.4,414.2]]]}},{"type":"Feature","properties":{"GEOID":"05053","NAME":"Grant","STATEFP":"05"},"geometry":{"type":"Polygon","coordinates":[[[668.7,411.2],[665.7,412.3],[662.1,412.3],[660.6,413.3],[660.7,419.6],[664.3,419.6],[667.4,421.5],[669.4,421.3],[669.5,411.2],[668.7,411.2]]]}},{"type":"Feature","properties":{"GEOID":"05055","NAME":"Greene","STATEFP":"05"},"geometry":{"type":"Polygon","coordinates":[[[694.2,370.7],[693.7,375],[702.5,374.6],[702.6,373.9],[705.8,368.8],[703.3,367.6],[694.2,367.9],[694.2,370.7]]]}},{"type":"Feature","properties":{"GEOID":"05057","NAME":"Hempstead","STATEFP":"05"},"geometry":{"type":"Polygon","coordinates":[[[638.6,423.6],[638.6,429.7],[636.1,429.7],[636,431.5],[638.8,433],[640.9,436],[645.5,436],[645.7,424.6],[644.3,425],[638.6,423.6]]]}},{"type":"Feature","properties":{"GEOID":"05059","NAME":"Hot Spring","STATEFP":"05"},"geometry":{"type":"Polygon","coordinates":[[[658.2,411.3],[655.8,411.3],[655.3,414.1],[646.4,414.2],[646.4,415.6],[647.5,416.9],[653.7,417.8],[654,419.6],[656.7,419.6],[660.7,419.6],[660.6,413.3],[658.2,411.3]]]}},{"type":"Feature","properties":{"GEOID":"05061","NAME":"Howard","STATEFP":"05"},"geometry":{"type":"Polygon","coordinates":[[[630.4,419.4],[633.2,419.4],[633.8,425.6],[636.1,429.7],[638.6,429.7],[638.6,423.6],[638.5,419.4],[636.5,419.4],[636.2,415.6],[630.1,415.5],[630.4,419.4]]]}},{"type":"Feature","properties":{"GEOID":"05063","NAME":"Independence","STATEFP":"05"},"geometry":{"type":"Polygon","coordinates":[[[674.9,378.3],[675.3,382.2],[676.4,386.2],[680.4,386.1],[684.4,386],[684.5,381.7],[687.2,377.2],[684.2,377.4],[682.2,376.4],[677.5,376.5],[674.9,378.3]]]}},{"type":"Feature","properties":{"GEOID":"05065","NAME":"Izard","STATEFP":"05"},"geometry":{"type":"Polygon","coordinates":[[[668.1,372.3],[669.9,374],[670.4,376.2],[674.9,378.3],[677.5,376.5],[678,375],[677.5,369.1],[668.8,369.3],[668.1,372.3]]]}},{"type":"Feature","properties":{"GEOID":"05067","NAME":"Jackson","STATEFP":"05"},"geometry":{"type":"Polygon","coordinates":[[[687.2,377.2],[684.5,381.7],[684.4,386],[680.4,386.1],[680.4,388.2],[684.9,388],[686.9,389.9],[690.9,389.7],[690.8,387.6],[690.5,381.4],[690.4,377.2],[687.2,377.2]]]}},{"type":"Feature","properties":{"GEOID":"05069","NAME":"Jefferson","STATEFP":"05"},"geometry":{"type":"Polygon","coordinates":[[[669.5,411.2],[669.4,421.3],[674.8,421.1],[678.8,420.2],[679.1,418.3],[684.6,420.2],[682.8,417.1],[679.3,416.9],[679.2,411],[672.9,411.1],[669.5,411.2]]]}},{"type":"Feature","properties":{"GEOID":"05071","NAME":"Johnson","STATEFP":"05"},"geometry":{"type":"Polygon","coordinates":[[[640.1,381.9],[640,391.2],[644.9,389.8],[647.9,392.1],[650.2,385.6],[650.2,382.5],[643.4,381.9],[640.1,381.9]]]}},{"type":"Feature","properties":{"GEOID":"05073","NAME":"Lafayette","STATEFP":"05"},"geometry":{"type":"Polygon","coordinates":[[[640.9,436],[641.9,439.7],[640.3,443.5],[638.6,444.1],[639.4,447],[645.1,446.8],[645.7,446.8],[645.7,441.1],[647.8,436.7],[645.5,436],[640.9,436]]]}},{"type":"Feature","properties":{"GEOID":"05075","NAME":"Lawrence","STATEFP":"05"},"geometry":{"type":"Polygon","coordinates":[[[694.2,370.7],[689,371],[685.7,368.6],[684,369.3],[684.2,377.4],[687.2,377.2],[690.4,377.2],[693.4,377.1],[693.7,375],[694.2,370.7]]]}},{"type":"Feature","properties":{"GEOID":"05077","NAME":"Lee","STATEFP":"05"},"geometry":{"type":"Polygon","coordinates":[[[690.3,401.3],[690.5,404.5],[691.5,406.5],[700.5,406.1],[701.8,406.3],[703.7,401.6],[703.5,399.7],[690.3,400.3],[690.3,401.3]]]}},{"type":"Feature","properties":{"GEOID":"05079","NAME":"Lincoln","STATEFP":"05"},"geometry":{"type":"Polygon","coordinates":[[[684.6,420.2],[679.1,418.3],[678.8,420.2],[674.8,421.1],[674.6,427.5],[682.8,427.4],[682.7,422.8],[685.1,421.9],[684.6,420.2]]]}},{"type":"Feature","properties":{"GEOID":"05081","NAME":"Little River","STATEFP":"05"},"geometry":{"type":"Polygon","coordinates":[[[625.9,425.4],[625.9,432.6],[627.8,434.8],[634.5,434.5],[638.8,433],[636,431.5],[636.1,429.7],[629.3,427.9],[625.9,425.4]]]}},{"type":"Feature","properties":{"GEOID":"05083","NAME":"Logan","STATEFP":"05"},"geometry":{"type":"Polygon","coordinates":[[[640,391.2],[636.1,394.7],[634,395.1],[631.9,397.9],[633.2,399.6],[640.3,399.6],[640.2,396.9],[643.6,396.5],[644.9,394.8],[648.3,394.8],[648.3,392.5],[647.9,392.1],[644.9,389.8],[640,391.2]]]}},{"type":"Feature","properties":{"GEOID":"05085","NAME":"Lonoke","STATEFP":"05"},"geometry":{"type":"Polygon","coordinates":[[[670.6,398.8],[671.6,398.8],[671.7,405.6],[672.9,411.1],[679.2,411],[679.7,411],[680.3,407.6],[679,406.5],[678.9,400.6],[676.8,400.7],[676.7,398.1],[672.6,397.2],[670.6,397.5],[670.6,398.8]]]}},{"type":"Feature","properties":{"GEOID":"05087","NAME":"Madison","STATEFP":"05"},"geometry":{"type":"Polygon","coordinates":[[[636.2,370.9],[635.2,374.3],[635,382.2],[636,382.2],[640.1,381.9],[643.4,381.9],[643.2,379.1],[644.6,377],[643.9,373.3],[642.6,373.3],[640.5,369.2],[637.5,369.2],[636.2,370.9]]]}},{"type":"Feature","properties":{"GEOID":"05089","NAME":"Marion","STATEFP":"05"},"geometry":{"type":"Polygon","coordinates":[[[655,373.2],[656.1,374.3],[664.1,374.1],[661.6,367.4],[661.5,363.9],[657,364.1],[655.4,364.1],[654.9,364.3],[655,373.2]]]}},{"type":"Feature","properties":{"GEOID":"05091","NAME":"Miller","STATEFP":"05"},"geometry":{"type":"Polygon","coordinates":[[[634.5,434.5],[634.7,441.1],[634.8,447.1],[639.3,447],[639.4,447],[638.6,444.1],[640.3,443.5],[641.9,439.7],[640.9,436],[638.8,433],[634.5,434.5]]]}},{"type":"Feature","properties":{"GEOID":"05093","NAME":"Mississippi","STATEFP":"05"},"geometry":{"type":"Polygon","coordinates":[[[710.5,373.3],[704.3,373.8],[704.7,380.8],[705.1,387],[707.9,386.8],[709.6,387.8],[709.8,387.7],[709.6,385.3],[712.1,384.2],[710.9,379.8],[713.9,378.8],[714.3,376.4],[716.6,375.1],[714.8,373],[710.5,373.3]]]}},{"type":"Feature","properties":{"GEOID":"05095","NAME":"Monroe","STATEFP":"05"},"geometry":{"type":"Polygon","coordinates":[[[685.1,400.5],[685.4,408.8],[687,408.7],[690.8,413.5],[691.8,413.8],[691.5,406.5],[690.5,404.5],[690.3,401.3],[689.2,398.2],[686.5,398.7],[685.1,400.5]]]}},{"type":"Feature","properties":{"GEOID":"05097","NAME":"Montgomery","STATEFP":"05"},"geometry":{"type":"Polygon","coordinates":[[[636.2,408.1],[636.2,415.6],[645.1,415.6],[646.4,415.6],[646.4,414.2],[646.4,406],[640.4,406.1],[636.2,408.1]]]}},{"type":"Feature","properties":{"GEOID":"05099","NAME":"Nevada","STATEFP":"05"},"geometry":{"type":"Polygon","coordinates":[[[645.7,424.6],[645.5,436],[647.8,436.7],[652.7,436.3],[652.7,428.7],[649.1,427.2],[647.4,424.6],[645.7,424.6]]]}},{"type":"Feature","properties":{"GEOID":"05101","NAME":"Newton","STATEFP":"05"},"geometry":{"type":"Polygon","coordinates":[[[643.9,373.3],[644.6,377],[643.2,379.1],[643.4,381.9],[650.2,382.5],[654.2,382.5],[654,373.3],[647.3,373.3],[643.9,373.3]]]}},{"type":"Feature","properties":{"GEOID":"05103","NAME":"Ouachita","STATEFP":"05"},"geometry":{"type":"Polygon","coordinates":[[[662.8,427.7],[656.8,427.8],[652.7,428.7],[652.7,436.3],[655.5,438.1],[663.5,438],[659.5,435.2],[662.8,429.3],[662.8,427.7]]]}},{"type":"Feature","properties":{"GEOID":"05105","NAME":"Perry","STATEFP":"05"},"geometry":{"type":"Polygon","coordinates":[[[662.3,396.7],[659.3,397.8],[653,397.9],[648.1,402.8],[648.5,405.2],[652.5,405.1],[652.5,403.1],[658.9,403],[658.6,401.6],[662.6,400.5],[662.3,396.7]]]}},{"type":"Feature","properties":{"GEOID":"05107","NAME":"Phillips","STATEFP":"05"},"geometry":{"type":"Polygon","coordinates":[[[691.5,406.5],[691.8,413.8],[690.9,419],[694,418.9],[694,418.8],[696.3,418.3],[696.2,415.1],[697.4,413.4],[700.8,411.6],[701,408.9],[700.5,406.1],[691.5,406.5]]]}},{"type":"Feature","properties":{"GEOID":"05109","NAME":"Pike","STATEFP":"05"},"geometry":{"type":"Polygon","coordinates":[[[636.2,415.6],[636.5,419.4],[638.5,419.4],[638.6,423.6],[644.3,425],[645.7,424.6],[647.4,424.6],[646.1,422.4],[645.1,415.6],[636.2,415.6]]]}},{"type":"Feature","properties":{"GEOID":"05111","NAME":"Poinsett","STATEFP":"05"},"geometry":{"type":"Polygon","coordinates":[[[704.7,380.8],[690.5,381.4],[690.8,387.6],[701,387.1],[705.1,387],[704.7,380.8]]]}},{"type":"Feature","properties":{"GEOID":"05113","NAME":"Polk","STATEFP":"05"},"geometry":{"type":"Polygon","coordinates":[[[626.1,406.8],[626,412],[626,419.5],[630.4,419.4],[630.1,415.5],[636.2,415.6],[636.2,408.1],[634.1,407.5],[628.7,407.5],[626.1,406.8]]]}},{"type":"Feature","properties":{"GEOID":"05115","NAME":"Pope","STATEFP":"05"},"geometry":{"type":"Polygon","coordinates":[[[650.2,382.5],[650.2,385.6],[647.9,392.1],[648.3,392.5],[651.1,395.3],[655.6,395.6],[656.5,395.5],[656.3,388.6],[656.9,382.5],[654.2,382.5],[650.2,382.5]]]}},{"type":"Feature","properties":{"GEOID":"05117","NAME":"Prairie","STATEFP":"05"},"geometry":{"type":"Polygon","coordinates":[[[676.7,398.1],[676.8,400.7],[678.9,400.6],[679,406.5],[680.3,407.6],[679.7,411],[681.2,408.9],[685.4,408.8],[685.1,400.5],[685.1,397.2],[683.1,396.4],[680.8,396.5],[676.7,398.1]]]}},{"type":"Feature","properties":{"GEOID":"05119","NAME":"Pulaski","STATEFP":"05"},"geometry":{"type":"Polygon","coordinates":[[[669.5,411.2],[672.9,411.1],[671.7,405.6],[671.6,398.8],[670.6,398.8],[668.6,400.9],[662.6,400.5],[658.6,401.6],[658.9,403],[660.6,405],[666.7,409.1],[668.7,411.2],[669.5,411.2]]]}},{"type":"Feature","properties":{"GEOID":"05121","NAME":"Randolph","STATEFP":"05"},"geometry":{"type":"Polygon","coordinates":[[[682.6,363],[685.2,365.8],[685.7,368.6],[689,371],[694.2,370.7],[694.2,367.9],[695.2,367.5],[694.3,362.4],[687.9,362.8],[682.6,363]]]}},{"type":"Feature","properties":{"GEOID":"05123","NAME":"St. Francis","STATEFP":"05"},"geometry":{"type":"Polygon","coordinates":[[[691.1,394.6],[691.2,398.1],[689.2,398.2],[690.3,401.3],[690.3,400.3],[703.5,399.7],[703.4,393.9],[701.4,394.2],[691.1,394.6]]]}},{"type":"Feature","properties":{"GEOID":"05125","NAME":"Saline","STATEFP":"05"},"geometry":{"type":"Polygon","coordinates":[[[652.5,405.1],[654.6,405.1],[654.5,408.3],[657.8,409.3],[658.2,411.3],[660.6,413.3],[662.1,412.3],[665.7,412.3],[668.7,411.2],[666.7,409.1],[660.6,405],[658.9,403],[652.5,403.1],[652.5,405.1]]]}},{"type":"Feature","properties":{"GEOID":"05127","NAME":"Scott","STATEFP":"05"},"geometry":{"type":"Polygon","coordinates":[[[631.9,397.9],[630.4,398.4],[630.3,401],[626.1,401.9],[626.1,406.8],[628.7,407.5],[634.1,407.5],[636.2,408.1],[640.4,406.1],[640.3,399.6],[633.2,399.6],[631.9,397.9]]]}},{"type":"Feature","properties":{"GEOID":"05129","NAME":"Searcy","STATEFP":"05"},"geometry":{"type":"Polygon","coordinates":[[[654,373.3],[654.2,382.5],[656.9,382.5],[660.3,382.5],[660.2,380.7],[664.3,380.6],[664.2,376.2],[664.1,374.1],[656.1,374.3],[655,373.2],[654,373.3]]]}},{"type":"Feature","properties":{"GEOID":"05131","NAME":"Sebastian","STATEFP":"05"},"geometry":{"type":"Polygon","coordinates":[[[626.2,391.2],[626.1,401.9],[630.3,401],[630.4,398.4],[631.9,397.9],[634,395.1],[633,395.1],[633,389.7],[628.9,392.1],[626.3,391],[626.2,391.2]]]}},{"type":"Feature","properties":{"GEOID":"05133","NAME":"Sevier","STATEFP":"05"},"geometry":{"type":"Polygon","coordinates":[[[626,419.5],[625.9,425.4],[629.3,427.9],[636.1,429.7],[633.8,425.6],[633.2,419.4],[630.4,419.4],[626,419.5]]]}},{"type":"Feature","properties":{"GEOID":"05135","NAME":"Sharp","STATEFP":"05"},"geometry":{"type":"Polygon","coordinates":[[[681.8,363.1],[681.9,366.9],[679.9,369],[677.5,369.1],[678,375],[677.5,376.5],[682.2,376.4],[684.2,377.4],[684,369.3],[685.7,368.6],[685.2,365.8],[682.6,363],[681.8,363.1]]]}},{"type":"Feature","properties":{"GEOID":"05137","NAME":"Stone","STATEFP":"05"},"geometry":{"type":"Polygon","coordinates":[[[664.2,376.2],[664.3,380.6],[664.3,382.4],[667.7,382.3],[675.3,382.2],[674.9,378.3],[670.4,376.2],[669.9,374],[668.1,372.3],[664.2,376.2]]]}},{"type":"Feature","properties":{"GEOID":"05139","NAME":"Union","STATEFP":"05"},"geometry":{"type":"Polygon","coordinates":[[[655.5,438.1],[655.5,446.6],[660.7,446.5],[673.6,446.1],[672.1,442.5],[667.8,439.5],[666,440.1],[663.5,438],[655.5,438.1]]]}},{"type":"Feature","properties":{"GEOID":"05141","NAME":"Van Buren","STATEFP":"05"},"geometry":{"type":"Polygon","coordinates":[[[656.9,382.5],[656.3,388.6],[663.4,388.6],[663.4,390.6],[667.8,390.6],[667.7,382.3],[664.3,382.4],[664.3,380.6],[660.2,380.7],[660.3,382.5],[656.9,382.5]]]}},{"type":"Feature","properties":{"GEOID":"05143","NAME":"Washington","STATEFP":"05"},"geometry":{"type":"Polygon","coordinates":[[[623.7,374.3],[624.9,382.4],[635,382.2],[635.2,374.3],[636.2,370.9],[634.6,371.6],[627.8,371.6],[626.7,374.3],[623.7,374.3]]]}},{"type":"Feature","properties":{"GEOID":"05145","NAME":"White","STATEFP":"05"},"geometry":{"type":"Polygon","coordinates":[[[676.4,386.2],[675.4,390.4],[670.5,390.5],[670.6,397.5],[672.6,397.2],[676.7,398.1],[680.8,396.5],[683.1,396.4],[684,393.8],[683.5,389.6],[684.9,388],[680.4,388.2],[680.4,386.1],[676.4,386.2]]]}},{"type":"Feature","properties":{"GEOID":"05147","NAME":"Woodruff","STATEFP":"05"},"geometry":{"type":"Polygon","coordinates":[[[684.9,388],[683.5,389.6],[684,393.8],[683.1,396.4],[685.1,397.2],[685.1,400.5],[686.5,398.7],[689.2,398.2],[691.2,398.1],[691.1,394.6],[690.9,389.7],[686.9,389.9],[684.9,388]]]}},{"type":"Feature","properties":{"GEOID":"05149","NAME":"Yell","STATEFP":"05"},"geometry":{"type":"Polygon","coordinates":[[[648.3,392.5],[648.3,394.8],[644.9,394.8],[643.6,396.5],[640.2,396.9],[640.3,399.6],[640.4,406.1],[646.4,406],[648.5,405.2],[648.1,402.8],[653,397.9],[655.6,395.6],[651.1,395.3],[648.3,392.5]]]}},{"type":"Feature","properties":{"GEOID":"06001","NAME":"Alameda","STATEFP":"06"},"geometry":{"type":"Polygon","coordinates":[[[116.8,269.7],[118.9,275.9],[129.8,278.9],[128.7,277.1],[130.4,270.8],[122.6,271.1],[120,268.2],[118.4,265.3],[116.4,265.2],[116.8,269.7]]]}},{"type":"Feature","properties":{"GEOID":"06003","NAME":"Alpine","STATEFP":"06"},"geometry":{"type":"Polygon","coordinates":[[[162.2,257.5],[161,262],[161.5,264],[163.4,266.4],[166.1,265.6],[167.6,268.1],[170.3,264.6],[169.6,261.9],[170.8,259.5],[166.5,253],[166.6,254.6],[162.2,257.5]]]}},{"type":"Feature","properties":{"GEOID":"06005","NAME":"Amador","STATEFP":"06"},"geometry":{"type":"Polygon","coordinates":[[[144.1,257.5],[142.8,262.3],[142.9,264.2],[149.8,263.3],[152.9,261.6],[161,262],[162.2,257.5],[157.7,259.9],[151.1,259.5],[148,257.3],[144.1,257.5]]]}},{"type":"Feature","properties":{"GEOID":"06007","NAME":"Butte","STATEFP":"06"},"geometry":{"type":"Polygon","coordinates":[[[134.4,223.2],[134.9,226.3],[133.7,229.4],[136.1,230],[134.5,233.4],[133.7,235.1],[138.6,236.7],[142.6,236.7],[145.5,233.1],[148.3,233.6],[150,232.4],[146.7,225.1],[147.2,218],[144.3,218.5],[142.5,220.9],[139.2,222.3],[135,221.2],[134.4,223.2]]]}},{"type":"Feature","properties":{"GEOID":"06009","NAME":"Calaveras","STATEFP":"06"},"geometry":{"type":"Polygon","coordinates":[[[161,262],[152.9,261.6],[149.8,263.3],[142.9,264.2],[143.3,267.9],[146.6,274.8],[149.8,272.7],[158.4,264.6],[161.5,264],[161,262]]]}},{"type":"Feature","properties":{"GEOID":"06011","NAME":"Colusa","STATEFP":"06"},"geometry":{"type":"Polygon","coordinates":[[[134.5,233.4],[119.8,229.2],[119.7,232.5],[122.5,234.3],[122.1,237.7],[123.7,241.6],[132.5,244.1],[133.2,242.7],[132.2,237.8],[133.7,235.1],[134.5,233.4]]]}},{"type":"Feature","properties":{"GEOID":"06013","NAME":"Contra Costa","STATEFP":"06"},"geometry":{"type":"Polygon","coordinates":[[[116.4,265.2],[118.4,265.3],[120,268.2],[122.6,271.1],[130.4,270.8],[131.8,264.3],[128.5,265.1],[126.6,263.6],[121.8,263],[118,261],[115.6,263.9],[116.4,265.2]]]}},{"type":"Feature","properties":{"GEOID":"06015","NAME":"Del Norte","STATEFP":"06"},"geometry":{"type":"Polygon","coordinates":[[[110.4,161.7],[110.2,165.1],[107.4,165.1],[110.2,169.5],[110,174.8],[116.1,176.7],[117.4,179.1],[118.6,177.8],[117.9,174],[119.4,172],[119.7,168.7],[122.5,167.8],[124,165.8],[118.9,164.4],[110.4,161.7]]]}},{"type":"Feature","properties":{"GEOID":"06017","NAME":"El Dorado","STATEFP":"06"},"geometry":{"type":"Polygon","coordinates":[[[143.4,252.3],[144.1,257.5],[148,257.3],[151.1,259.5],[157.7,259.9],[162.2,257.5],[166.6,254.6],[166.5,253],[165.6,249.5],[162.1,249.5],[157.7,248.4],[154.6,250.4],[152.4,247.6],[148.6,247.5],[146.1,248.4],[143.4,252.3]]]}},{"type":"Feature","properties":{"GEOID":"06019","NAME":"Fresno","STATEFP":"06"},"geometry":{"type":"Polygon","coordinates":[[[174.4,288],[167.8,292],[166.6,295.3],[165.3,296.4],[162.1,295.7],[161.6,297.5],[159,298.1],[155.8,301.3],[150.9,300.6],[148.6,301.2],[145.4,300.2],[143.8,293.4],[135.2,298.6],[139.3,305.9],[138.5,309.5],[136.6,310.6],[136.2,314.3],[141.1,320.6],[149.2,316],[150.5,310.9],[156,311.9],[158.1,310.7],[160.5,309.2],[163.5,310],[164,308],[169.8,309.5],[170.3,307.6],[181.6,310.2],[182.4,306.9],[181,301.5],[178.5,299.8],[178.1,291.9],[174.4,288]]]}},{"type":"Feature","properties":{"GEOID":"06021","NAME":"Glenn","STATEFP":"06"},"geometry":{"type":"Polygon","coordinates":[[[119.1,218.7],[118.5,224],[121.1,224.7],[119.8,229.2],[134.5,233.4],[136.1,230],[133.7,229.4],[134.9,226.3],[134.4,223.2],[119.1,218.7]]]}},{"type":"Feature","properties":{"GEOID":"06023","NAME":"Humboldt","STATEFP":"06"},"geometry":{"type":"Polygon","coordinates":[[[110,174.8],[108.3,178.7],[105.5,182.7],[106,185.1],[104.2,187.8],[98.2,194.4],[96.9,196.7],[96.9,201.9],[99.9,208],[110,211],[115,194.3],[115,189.9],[118,190.1],[120.3,185],[120.4,180.4],[117.4,179.1],[116.1,176.7],[110,174.8]]]}},{"type":"Feature","properties":{"GEOID":"06025","NAME":"Imperial","STATEFP":"06"},"geometry":{"type":"Polygon","coordinates":[[[202.3,415.1],[229.5,418.3],[233.4,418.2],[235.4,414.9],[234.9,411.9],[232,411.1],[231.5,409.6],[232.9,405.7],[232.7,402.3],[234.6,402.1],[215.8,398.4],[206.7,396.5],[204.6,404.5],[202.3,415.1]]]}},{"type":"Feature","properties":{"GEOID":"06027","NAME":"Inyo","STATEFP":"06"},"geometry":{"type":"Polygon","coordinates":[[[181.6,310.2],[182.2,316.7],[184.1,321],[183.3,322],[183.9,331.5],[182.8,333.8],[189.8,335.2],[203.9,338.5],[224.9,343.1],[226.6,343.1],[223.7,338.7],[215.9,327.1],[204.6,310.1],[195.1,295.9],[178.1,291.9],[178.5,299.8],[181,301.5],[182.4,306.9],[181.6,310.2]]]}},{"type":"Feature","properties":{"GEOID":"06029","NAME":"Kern","STATEFP":"06"},"geometry":{"type":"Polygon","coordinates":[[[142.6,323.8],[141.6,327.8],[144.2,332.8],[146.3,333.4],[146.6,337.7],[149.2,338.4],[151.7,343.6],[150.7,347.6],[151.3,347.8],[154.2,349.2],[154.5,350.7],[161.1,353],[161.8,352.4],[184,357.6],[184.6,357.7],[189.8,335.2],[182.8,333.8],[154.7,326.9],[142.6,323.8]]]}},{"type":"Feature","properties":{"GEOID":"06031","NAME":"Kings","STATEFP":"06"},"geometry":{"type":"Polygon","coordinates":[[[158.1,310.7],[156,311.9],[150.5,310.9],[149.2,316],[141.1,320.6],[142.2,323.7],[142.6,323.8],[154.7,326.9],[157.6,315.9],[159.4,313.2],[158.1,310.7]]]}},{"type":"Feature","properties":{"GEOID":"06033","NAME":"Lake","STATEFP":"06"},"geometry":{"type":"Polygon","coordinates":[[[118.5,224],[114.9,224.8],[114.1,226.9],[114,231.2],[111.5,234.5],[112.9,236.7],[112.9,239.1],[114.8,240.9],[117,246.1],[120.1,246],[122.3,242.7],[123.7,241.6],[122.1,237.7],[122.5,234.3],[119.7,232.5],[119.8,229.2],[121.1,224.7],[118.5,224]]]}},{"type":"Feature","properties":{"GEOID":"06035","NAME":"Lassen","STATEFP":"06"},"geometry":{"type":"Polygon","coordinates":[[[155.5,194.9],[150.9,211.8],[155.5,213],[154.3,217.4],[157.5,218.6],[159.8,217.4],[162.9,218.9],[165.9,223.9],[168,225.2],[168.9,229],[166.8,234.1],[169.5,234.4],[173.4,219.5],[178.1,200.9],[155.5,194.9]]]}},{"type":"Feature","properties":{"GEOID":"06037","NAME":"Los Angeles","STATEFP":"06"},"geometry":{"type":"MultiPolygon","coordinates":[[[[161.1,353],[162.9,365.5],[161.6,368.2],[159.3,367.6],[155.9,369.1],[155.3,370.9],[157.4,372.5],[162.7,372.8],[164,376.8],[162.9,379.3],[164.9,381.3],[168.8,381.5],[173.4,376.4],[177.1,377.3],[180.2,372.8],[181.5,370],[184,357.6],[161.8,352.4],[161.1,353]]],[[[157.8,383.9],[159.6,388.9],[162.9,390.9],[164.9,388.4],[163.5,385.8],[160.8,383.5],[157.8,383.9]]],[[[155.1,394.1],[156.5,399.9],[158.1,401.8],[161.3,400.3],[157.9,393.9],[155.1,394.1]]]]}},{"type":"Feature","properties":{"GEOID":"06039","NAME":"Madera","STATEFP":"06"},"geometry":{"type":"Polygon","coordinates":[[[153.5,292.5],[150.2,292.2],[145.3,292.5],[143.8,293.4],[145.4,300.2],[148.6,301.2],[150.9,300.6],[155.8,301.3],[159,298.1],[161.6,297.5],[162.1,295.7],[165.3,296.4],[166.6,295.3],[167.8,292],[174.4,288],[173.4,284.1],[170.8,283.3],[170.3,282.2],[164.1,286],[162.1,289],[160.1,288.5],[153.5,292.5]]]}},{"type":"Feature","properties":{"GEOID":"06041","NAME":"Marin","STATEFP":"06"},"geometry":{"type":"Polygon","coordinates":[[[105.6,251.9],[106.8,255.9],[104.4,259.3],[107.8,260.5],[109.5,263.9],[111.7,265.6],[115.4,265.7],[115.6,263.9],[118,261],[115.6,259.3],[114.7,257.3],[112,256],[109.9,252.7],[105.6,251.9]]]}},{"type":"Feature","properties":{"GEOID":"06043","NAME":"Mariposa","STATEFP":"06"},"geometry":{"type":"Polygon","coordinates":[[[150.2,280.6],[150.9,286.5],[152.2,290.8],[153.5,292.5],[160.1,288.5],[162.1,289],[164.1,286],[170.3,282.2],[167,278.4],[164,280.1],[161.3,280.4],[157.7,278.2],[151.5,278.7],[150.2,280.6]]]}},{"type":"Feature","properties":{"GEOID":"06045","NAME":"Mendocino","STATEFP":"06"},"geometry":{"type":"Polygon","coordinates":[[[99.9,208],[101.9,213.2],[102.4,216.8],[101.9,219.8],[99.5,224.3],[99.7,231.7],[98.3,235],[100,238.8],[105,239.1],[109,240.2],[110.3,239.5],[114.8,240.9],[112.9,239.1],[112.9,236.7],[111.5,234.5],[114,231.2],[114.1,226.9],[114.9,224.8],[118.5,224],[119.1,218.7],[120.3,214.7],[109.8,211.6],[110,211],[99.9,208]]]}},{"type":"Feature","properties":{"GEOID":"06047","NAME":"Merced","STATEFP":"06"},"geometry":{"type":"Polygon","coordinates":[[[150.2,280.6],[138.1,283.1],[137.9,284.6],[132.1,288],[131.2,292.1],[131.7,295.3],[135.2,298.6],[143.8,293.4],[145.3,292.5],[150.2,292.2],[153.5,292.5],[152.2,290.8],[150.9,286.5],[150.2,280.6]]]}},{"type":"Feature","properties":{"GEOID":"06049","NAME":"Modoc","STATEFP":"06"},"geometry":{"type":"Polygon","coordinates":[[[158.6,175.8],[153.5,194.4],[155.5,194.9],[178.1,200.9],[183,182.3],[168.1,178.4],[158.6,175.8]]]}},{"type":"Feature","properties":{"GEOID":"06051","NAME":"Mono","STATEFP":"06"},"geometry":{"type":"Polygon","coordinates":[[[167.6,268.1],[167.7,272.3],[171.4,275],[171.3,278.4],[172.9,280.3],[170.8,283.3],[173.4,284.1],[174.4,288],[178.1,291.9],[195.1,295.9],[186.8,283.4],[176.7,268.3],[174.3,264.7],[170.8,259.5],[169.6,261.9],[170.3,264.6],[167.6,268.1]]]}},{"type":"Feature","properties":{"GEOID":"06053","NAME":"Monterey","STATEFP":"06"},"geometry":{"type":"Polygon","coordinates":[[[115.2,291.1],[115,295.3],[114,296.3],[113.5,303.7],[116.1,307.6],[117.3,311.9],[119.9,317.6],[142.2,323.7],[141.1,320.6],[136.2,314.3],[136.6,310.6],[134.7,311.6],[133.4,309.1],[130.4,307.5],[126.6,300.8],[127.1,299.6],[123,291.5],[115.2,291.1]]]}},{"type":"Feature","properties":{"GEOID":"06055","NAME":"Napa","STATEFP":"06"},"geometry":{"type":"Polygon","coordinates":[[[122.3,242.7],[120.1,246],[117,246.1],[116.2,247.5],[117.5,249.8],[118.8,257.4],[117.5,258.8],[121.3,259.9],[122.1,256.2],[124.6,256.9],[124.2,254],[125.2,252.2],[124.1,243.8],[122.3,242.7]]]}},{"type":"Feature","properties":{"GEOID":"06057","NAME":"Nevada","STATEFP":"06"},"geometry":{"type":"Polygon","coordinates":[[[167.8,240.8],[159,238.5],[158.2,236.4],[154.7,237.2],[149.7,237.3],[147.8,237.2],[144.7,238.9],[143,244.3],[147,245.9],[149,243.6],[155.8,240.8],[167,243.7],[167.8,240.8]]]}},{"type":"Feature","properties":{"GEOID":"06059","NAME":"Orange","STATEFP":"06"},"geometry":{"type":"Polygon","coordinates":[[[168.8,381.5],[174,387.6],[177.1,392.1],[179.9,388.6],[182.6,385.5],[180.5,383.8],[178.8,379.5],[177.1,377.3],[173.4,376.4],[168.8,381.5]]]}},{"type":"Feature","properties":{"GEOID":"06061","NAME":"Placer","STATEFP":"06"},"geometry":{"type":"Polygon","coordinates":[[[167,243.7],[155.8,240.8],[149,243.6],[147,245.9],[143,244.3],[140.4,244.5],[139,245.9],[137.5,250.2],[143.4,252.3],[146.1,248.4],[148.6,247.5],[152.4,247.6],[154.6,250.4],[157.7,248.4],[162.1,249.5],[165.6,249.5],[165.8,248.4],[166.1,247.2],[167,243.7]]]}},{"type":"Feature","properties":{"GEOID":"06063","NAME":"Plumas","STATEFP":"06"},"geometry":{"type":"Polygon","coordinates":[[[147.2,218],[146.7,225.1],[150,232.4],[151.4,231.7],[154.7,229.2],[158,231.8],[166.8,234.1],[168.9,229],[168,225.2],[165.9,223.9],[162.9,218.9],[159.8,217.4],[157.5,218.6],[154.3,217.4],[155.5,213],[150.9,211.8],[148,211],[147.9,213.3],[149.4,215.8],[147.2,218]]]}},{"type":"Feature","properties":{"GEOID":"06065","NAME":"Riverside","STATEFP":"06"},"geometry":{"type":"Polygon","coordinates":[[[178.8,379.5],[180.5,383.8],[182.6,385.5],[179.9,388.6],[184.6,391.5],[206.7,396.5],[215.8,398.4],[234.6,402.1],[237.1,399.7],[238.3,396.5],[238.7,391],[241.2,387.8],[224.5,384.5],[224.3,385.5],[205.6,381.6],[193.7,378.9],[187.9,378.4],[181.8,376.3],[178.8,379.5]]]}},{"type":"Feature","properties":{"GEOID":"06067","NAME":"Sacramento","STATEFP":"06"},"geometry":{"type":"Polygon","coordinates":[[[143.4,252.3],[137.5,250.2],[135.4,249.6],[135.3,256.8],[132.9,259.3],[131.8,261.9],[129.3,263.9],[126.6,263.6],[128.5,265.1],[131.8,264.3],[134.7,261.1],[136.8,262.4],[142.8,262.3],[144.1,257.5],[143.4,252.3]]]}},{"type":"Feature","properties":{"GEOID":"06069","NAME":"San Benito","STATEFP":"06"},"geometry":{"type":"Polygon","coordinates":[[[123,291.5],[127.1,299.6],[126.6,300.8],[130.4,307.5],[133.4,309.1],[134.7,311.6],[136.6,310.6],[138.5,309.5],[139.3,305.9],[135.2,298.6],[131.7,295.3],[131.2,292.1],[126.4,290.2],[124.2,291.7],[123,291.5]]]}},{"type":"Feature","properties":{"GEOID":"06071","NAME":"San Bernardino","STATEFP":"06"},"geometry":{"type":"Polygon","coordinates":[[[184,357.6],[181.5,370],[180.2,372.8],[177.1,377.3],[178.8,379.5],[181.8,376.3],[187.9,378.4],[193.7,378.9],[205.6,381.6],[224.3,385.5],[224.5,384.5],[241.2,387.8],[245.1,386.3],[247.9,383.7],[244.7,379.6],[243.4,373],[241.2,368.9],[241.7,365.7],[226.6,343.1],[224.9,343.1],[203.9,338.5],[189.8,335.2],[184.6,357.7],[184,357.6]]]}},{"type":"Feature","properties":{"GEOID":"06073","NAME":"San Diego","STATEFP":"06"},"geometry":{"type":"Polygon","coordinates":[[[177.1,392.1],[179.6,396.5],[180.3,403.3],[179.2,408.2],[180.7,410.2],[180.6,412.4],[202.3,415.1],[204.6,404.5],[206.7,396.5],[184.6,391.5],[179.9,388.6],[177.1,392.1]]]}},{"type":"Feature","properties":{"GEOID":"06075","NAME":"San Francisco","STATEFP":"06"},"geometry":{"type":"MultiPolygon","coordinates":[[[[115.6,263.9],[115.4,265.7],[111.7,265.6],[111.6,268.2],[116.8,269.7],[116.4,265.2],[115.6,263.9]]],[[[101.5,263.6],[103.6,267.6],[105.1,265.7],[103.5,263.2],[101.5,263.6]]]]}},{"type":"Feature","properties":{"GEOID":"06077","NAME":"San Joaquin","STATEFP":"06"},"geometry":{"type":"Polygon","coordinates":[[[142.8,262.3],[136.8,262.4],[134.7,261.1],[131.8,264.3],[130.4,270.8],[128.7,277.1],[129.8,278.9],[137,275],[141.3,275.5],[143.3,267.9],[142.9,264.2],[142.8,262.3]]]}},{"type":"Feature","properties":{"GEOID":"06079","NAME":"San Luis Obispo","STATEFP":"06"},"geometry":{"type":"Polygon","coordinates":[[[142.2,323.7],[119.9,317.6],[120.9,322.1],[122.9,323.6],[124.8,328.2],[126.6,329.3],[125.2,332.6],[127.4,336.3],[129.3,337.3],[128.5,339.4],[129.5,340.7],[132.3,340.6],[135.4,341.6],[140.4,339.9],[146.1,344.7],[150.7,347.6],[151.7,343.6],[149.2,338.4],[146.6,337.7],[146.3,333.4],[144.2,332.8],[141.6,327.8],[142.6,323.8],[142.2,323.7]]]}},{"type":"Feature","properties":{"GEOID":"06081","NAME":"San Mateo","STATEFP":"06"},"geometry":{"type":"Polygon","coordinates":[[[111.6,268.2],[110.3,272.9],[111.2,277.1],[110.1,280.9],[112,284.4],[112.8,281.4],[116,281.6],[116.4,280],[116.7,276.5],[118.9,275.9],[116.8,269.7],[111.6,268.2]]]}},{"type":"Feature","properties":{"GEOID":"06083","NAME":"Santa Barbara","STATEFP":"06"},"geometry":{"type":"MultiPolygon","coordinates":[[[[128.5,339.4],[127.3,341.7],[128,343.3],[127.3,346.6],[125.7,349.3],[129.5,354.6],[132.7,354.8],[137.2,356.1],[139.6,358],[146.9,360.7],[148.7,358],[151.3,347.8],[150.7,347.6],[146.1,344.7],[140.4,339.9],[135.4,341.6],[132.3,340.6],[129.5,340.7],[128.5,339.4]]],[[[146,366.9],[144.4,365.4],[142.5,365.8],[137.7,363.1],[136,364],[131.2,363.2],[129.7,360.6],[125.9,359.8],[125.3,361.2],[126.7,364],[129.8,365],[132.7,368.9],[136.4,368.3],[140.6,369.2],[145,368.6],[146,366.9]]]]}},{"type":"Feature","properties":{"GEOID":"06085","NAME":"Santa Clara","STATEFP":"06"},"geometry":{"type":"Polygon","coordinates":[[[116.4,280],[117.9,283.3],[122,287.4],[124.2,291.7],[126.4,290.2],[131.2,292.1],[132.1,288],[129,286.7],[128.9,283.5],[130.3,281.3],[129.8,278.9],[118.9,275.9],[116.7,276.5],[116.4,280]]]}},{"type":"Feature","properties":{"GEOID":"06087","NAME":"Santa Cruz","STATEFP":"06"},"geometry":{"type":"Polygon","coordinates":[[[116.4,280],[116,281.6],[112.8,281.4],[112,284.4],[112.7,286.3],[115.4,288.9],[115.2,291.1],[123,291.5],[124.2,291.7],[122,287.4],[117.9,283.3],[116.4,280]]]}},{"type":"Feature","properties":{"GEOID":"06089","NAME":"Shasta","STATEFP":"06"},"geometry":{"type":"Polygon","coordinates":[[[135.7,189.4],[134.1,193.1],[132.6,193.6],[130.1,197.9],[128.1,199.4],[128.4,202.1],[123.5,204],[120.1,207],[126.1,206.8],[127.5,208.1],[130.2,207.2],[133.6,208.8],[139.1,209],[144.8,209.9],[148,211],[150.9,211.8],[155.5,194.9],[153.5,194.4],[135.7,189.4]]]}},{"type":"Feature","properties":{"GEOID":"06091","NAME":"Sierra","STATEFP":"06"},"geometry":{"type":"Polygon","coordinates":[[[166.8,234.1],[158,231.8],[154.7,229.2],[151.4,231.7],[149.7,237.3],[154.7,237.2],[158.2,236.4],[159,238.5],[167.8,240.8],[169.5,234.4],[166.8,234.1]]]}},{"type":"Feature","properties":{"GEOID":"06093","NAME":"Siskiyou","STATEFP":"06"},"geometry":{"type":"Polygon","coordinates":[[[144.5,171.6],[128.8,167.1],[124,165.8],[122.5,167.8],[119.7,168.7],[119.4,172],[117.9,174],[118.6,177.8],[117.4,179.1],[120.4,180.4],[120.3,185],[122.3,188.1],[124.6,188.8],[125.4,190.8],[129,187],[130.5,187.4],[135,185.7],[136.6,185.9],[135.7,189.4],[153.5,194.4],[158.6,175.8],[144.5,171.6]]]}},{"type":"Feature","properties":{"GEOID":"06095","NAME":"Solano","STATEFP":"06"},"geometry":{"type":"Polygon","coordinates":[[[125.2,252.2],[124.2,254],[124.6,256.9],[122.1,256.2],[121.3,259.9],[117.5,258.8],[118,261],[121.8,263],[126.6,263.6],[129.3,263.9],[131.8,261.9],[132.9,259.3],[131.1,258.7],[132.4,254],[125.2,252.2]]]}},{"type":"Feature","properties":{"GEOID":"06097","NAME":"Sonoma","STATEFP":"06"},"geometry":{"type":"Polygon","coordinates":[[[105.6,251.9],[109.9,252.7],[112,256],[114.7,257.3],[115.6,259.3],[118,261],[117.5,258.8],[118.8,257.4],[117.5,249.8],[116.2,247.5],[117,246.1],[114.8,240.9],[110.3,239.5],[109,240.2],[105,239.1],[100,238.8],[101.6,241.2],[103.1,245.9],[105.1,248.2],[105.6,251.9]]]}},{"type":"Feature","properties":{"GEOID":"06099","NAME":"Stanislaus","STATEFP":"06"},"geometry":{"type":"Polygon","coordinates":[[[143.3,267.9],[141.3,275.5],[137,275],[129.8,278.9],[130.3,281.3],[128.9,283.5],[129,286.7],[132.1,288],[137.9,284.6],[138.1,283.1],[150.2,280.6],[146.6,274.8],[143.3,267.9]]]}},{"type":"Feature","properties":{"GEOID":"06101","NAME":"Sutter","STATEFP":"06"},"geometry":{"type":"Polygon","coordinates":[[[133.7,235.1],[132.2,237.8],[133.2,242.7],[132.5,244.1],[133.7,247.4],[135.4,249.6],[137.5,250.2],[139,245.9],[140.4,244.5],[138,244.4],[137.9,238.7],[138.6,236.7],[133.7,235.1]]]}},{"type":"Feature","properties":{"GEOID":"06103","NAME":"Tehama","STATEFP":"06"},"geometry":{"type":"Polygon","coordinates":[[[148,211],[144.8,209.9],[139.1,209],[133.6,208.8],[130.2,207.2],[127.5,208.1],[126.1,206.8],[120.1,207],[121.2,208.2],[120.3,214.7],[119.1,218.7],[134.4,223.2],[135,221.2],[139.2,222.3],[142.5,220.9],[144.3,218.5],[147.2,218],[149.4,215.8],[147.9,213.3],[148,211]]]}},{"type":"Feature","properties":{"GEOID":"06105","NAME":"Trinity","STATEFP":"06"},"geometry":{"type":"Polygon","coordinates":[[[120.3,185],[118,190.1],[115,189.9],[115,194.3],[110,211],[109.8,211.6],[120.3,214.7],[121.2,208.2],[120.1,207],[123.5,204],[128.4,202.1],[128.1,199.4],[130.1,197.9],[132.6,193.6],[134.1,193.1],[135.7,189.4],[136.6,185.9],[135,185.7],[130.5,187.4],[129,187],[125.4,190.8],[124.6,188.8],[122.3,188.1],[120.3,185]]]}},{"type":"Feature","properties":{"GEOID":"06107","NAME":"Tulare","STATEFP":"06"},"geometry":{"type":"Polygon","coordinates":[[[154.7,326.9],[182.8,333.8],[183.9,331.5],[183.3,322],[184.1,321],[182.2,316.7],[181.6,310.2],[170.3,307.6],[169.8,309.5],[164,308],[163.5,310],[160.5,309.2],[158.1,310.7],[159.4,313.2],[157.6,315.9],[154.7,326.9]]]}},{"type":"Feature","properties":{"GEOID":"06109","NAME":"Tuolumne","STATEFP":"06"},"geometry":{"type":"Polygon","coordinates":[[[161.5,264],[158.4,264.6],[149.8,272.7],[146.6,274.8],[150.2,280.6],[151.5,278.7],[157.7,278.2],[161.3,280.4],[164,280.1],[167,278.4],[170.3,282.2],[170.8,283.3],[172.9,280.3],[171.3,278.4],[171.4,275],[167.7,272.3],[167.6,268.1],[166.1,265.6],[163.4,266.4],[161.5,264]]]}},{"type":"Feature","properties":{"GEOID":"06111","NAME":"Ventura","STATEFP":"06"},"geometry":{"type":"MultiPolygon","coordinates":[[[[146.9,360.7],[149.4,363.5],[150.7,368.1],[155.3,370.9],[155.9,369.1],[159.3,367.6],[161.6,368.2],[162.9,365.5],[161.1,353],[154.5,350.7],[154.2,349.2],[151.3,347.8],[148.7,358],[146.9,360.7]]],[[[138.2,384],[138.9,386.5],[141.4,387.6],[143.3,386.2],[140.7,383.3],[138.2,384]]],[[[146,366.9],[145,368.6],[147,369.8],[148.4,367.3],[146,366.9]]]]}},{"type":"Feature","properties":{"GEOID":"06113","NAME":"Yolo","STATEFP":"06"},"geometry":{"type":"Polygon","coordinates":[[[122.3,242.7],[124.1,243.8],[125.2,252.2],[132.4,254],[131.1,258.7],[132.9,259.3],[135.3,256.8],[135.4,249.6],[133.7,247.4],[132.5,244.1],[123.7,241.6],[122.3,242.7]]]}},{"type":"Feature","properties":{"GEOID":"06115","NAME":"Yuba","STATEFP":"06"},"geometry":{"type":"Polygon","coordinates":[[[138.6,236.7],[137.9,238.7],[138,244.4],[140.4,244.5],[143,244.3],[144.7,238.9],[147.8,237.2],[149.7,237.3],[151.4,231.7],[150,232.4],[148.3,233.6],[145.5,233.1],[142.6,236.7],[138.6,236.7]]]}},{"type":"Feature","properties":{"GEOID":"08001","NAME":"Adams","STATEFP":"08"},"geometry":{"type":"Polygon","coordinates":[[[434,279.3],[438.7,279.5],[440,277.3],[441.8,279.3],[436.9,280.8],[458,282.6],[458.5,276.4],[450.6,275.8],[436.1,274.5],[434.3,276.4],[434,279.3]]]}},{"type":"Feature","properties":{"GEOID":"08003","NAME":"Alamosa","STATEFP":"08"},"geometry":{"type":"Polygon","coordinates":[[[411.3,325.7],[410.4,333.9],[410.3,334.9],[415.8,335.5],[421.1,330.7],[422,326.7],[411.3,325.7]]]}},{"type":"Feature","properties":{"GEOID":"08005","NAME":"Arapahoe","STATEFP":"08"},"geometry":{"type":"Polygon","coordinates":[[[433.6,284.6],[440.5,285.2],[457.5,286.7],[457.7,286.7],[458,282.6],[436.9,280.8],[436.8,282.8],[433.6,283],[433.6,283.1],[433.6,283.2],[433.6,283.3],[433.6,284.6]]]}},{"type":"Feature","properties":{"GEOID":"08007","NAME":"Archuleta","STATEFP":"08"},"geometry":{"type":"Polygon","coordinates":[[[383.8,340.4],[401.3,342.6],[398.2,336.6],[398.6,332.5],[398,332.4],[390.3,331.8],[390.4,331.1],[383.9,330.3],[382.7,340.3],[383.8,340.4]]]}},{"type":"Feature","properties":{"GEOID":"08009","NAME":"Baca","STATEFP":"08"},"geometry":{"type":"Polygon","coordinates":[[[465.8,348.4],[483.7,349.8],[484.3,340.4],[484.7,334.4],[471.7,333.5],[465.6,333.1],[464.3,348.3],[465.8,348.4]]]}},{"type":"Feature","properties":{"GEOID":"08011","NAME":"Bent","STATEFP":"08"},"geometry":{"type":"Polygon","coordinates":[[[472.8,318.8],[460.8,317.9],[459.6,332.6],[465.6,333.1],[471.7,333.5],[472.8,318.8]]]}},{"type":"Feature","properties":{"GEOID":"08013","NAME":"Boulder","STATEFP":"08"},"geometry":{"type":"Polygon","coordinates":[[[424.4,267.1],[424.2,272.3],[423.2,274.8],[428.1,275.8],[432.6,276.2],[434.5,274.3],[435,268.2],[424.4,267.1]]]}},{"type":"Feature","properties":{"GEOID":"08014","NAME":"Broomfield","STATEFP":"08"},"geometry":{"type":"Polygon","coordinates":[[[432.6,276.2],[434.3,276.4],[436.1,274.5],[434.5,274.3],[432.6,276.2]]]}},{"type":"Feature","properties":{"GEOID":"08015","NAME":"Chaffee","STATEFP":"08"},"geometry":{"type":"Polygon","coordinates":[[[404.3,295.1],[406.5,297.4],[407.2,299.6],[406.5,303.6],[407.6,307],[409.2,309.4],[413.5,309.3],[415.6,308.1],[416.3,305.7],[414.9,303.5],[416.3,301],[414.5,297.5],[413.1,297.4],[411.8,294.5],[404.8,293.7],[404.3,295.1]]]}},{"type":"Feature","properties":{"GEOID":"08017","NAME":"Cheyenne","STATEFP":"08"},"geometry":{"type":"Polygon","coordinates":[[[486.7,301.2],[466.5,300],[465.6,310],[486.1,311.4],[486.2,309.4],[486.7,301.2]]]}},{"type":"Feature","properties":{"GEOID":"08019","NAME":"Clear Creek","STATEFP":"08"},"geometry":{"type":"Polygon","coordinates":[[[422.8,276.7],[418.2,279.9],[420.6,281.8],[419.6,283.2],[427.3,284],[427.7,279.7],[425.3,278.9],[422.8,276.7]]]}},{"type":"Feature","properties":{"GEOID":"08021","NAME":"Conejos","STATEFP":"08"},"geometry":{"type":"Polygon","coordinates":[[[415.4,344],[415.8,335.5],[410.3,334.9],[410.4,333.9],[398.6,332.5],[398.2,336.6],[401.3,342.6],[410,343.5],[415.4,344]]]}},{"type":"Feature","properties":{"GEOID":"08023","NAME":"Costilla","STATEFP":"08"},"geometry":{"type":"Polygon","coordinates":[[[415.8,335.5],[415.4,344],[424.6,345],[425.8,345.1],[426.5,338.1],[426.5,330.9],[424.7,329.3],[421.1,330.7],[415.8,335.5]]]}},{"type":"Feature","properties":{"GEOID":"08025","NAME":"Crowley","STATEFP":"08"},"geometry":{"type":"Polygon","coordinates":[[[459.3,311.8],[449.3,310.9],[448.5,319.7],[452.5,320.9],[456.5,321.2],[458.6,320],[458.9,317.8],[459.3,311.8]]]}},{"type":"Feature","properties":{"GEOID":"08027","NAME":"Custer","STATEFP":"08"},"geometry":{"type":"Polygon","coordinates":[[[417,314],[418.8,316.5],[420.6,321.8],[422,323.3],[423.1,323.5],[427.9,320.9],[429.8,323.6],[430.6,315.5],[417,314]]]}},{"type":"Feature","properties":{"GEOID":"08029","NAME":"Delta","STATEFP":"08"},"geometry":{"type":"Polygon","coordinates":[[[388.7,288],[383.4,291.5],[379.6,290.7],[376,294],[371.7,295.2],[371.2,299],[387.1,301],[388.7,288]]]}},{"type":"Feature","properties":{"GEOID":"08031","NAME":"Denver","STATEFP":"08"},"geometry":{"type":"Polygon","coordinates":[[[434,279.3],[433.6,283.3],[433.6,283.2],[433.6,283.1],[433.6,283],[436.8,282.8],[436.9,280.8],[441.8,279.3],[440,277.3],[438.7,279.5],[434,279.3]]]}},{"type":"Feature","properties":{"GEOID":"08033","NAME":"Dolores","STATEFP":"08"},"geometry":{"type":"Polygon","coordinates":[[[377.9,321.2],[375.8,319],[371.7,319.3],[371.1,317.4],[360.8,316.1],[356.7,315.8],[355.4,325.1],[358.1,322],[375.5,324.1],[377.9,321.2]]]}},{"type":"Feature","properties":{"GEOID":"08035","NAME":"Douglas","STATEFP":"08"},"geometry":{"type":"Polygon","coordinates":[[[432.9,294.9],[439.6,295.6],[440.5,285.2],[433.6,284.6],[429.5,291.8],[427.5,294.4],[432.9,294.9]]]}},{"type":"Feature","properties":{"GEOID":"08037","NAME":"Eagle","STATEFP":"08"},"geometry":{"type":"Polygon","coordinates":[[[399,272.5],[397.6,272.3],[396,285.4],[408.4,286.9],[412.4,286.9],[412,282.9],[413.5,281.4],[410.1,277.4],[409.7,273.6],[406.3,273.2],[399,272.5]]]}},{"type":"Feature","properties":{"GEOID":"08039","NAME":"Elbert","STATEFP":"08"},"geometry":{"type":"Polygon","coordinates":[[[457.5,286.7],[440.5,285.2],[439.6,295.6],[450.6,296.6],[450,302.7],[456.1,303.2],[457.5,286.7]]]}},{"type":"Feature","properties":{"GEOID":"08041","NAME":"El Paso","STATEFP":"08"},"geometry":{"type":"Polygon","coordinates":[[[432.9,294.9],[432.4,301.1],[433.8,302.9],[433.5,306.4],[433.2,309.5],[449.3,310.9],[450,302.7],[450.6,296.6],[439.6,295.6],[432.9,294.9]]]}},{"type":"Feature","properties":{"GEOID":"08043","NAME":"Fremont","STATEFP":"08"},"geometry":{"type":"Polygon","coordinates":[[[433.5,306.4],[428,305.9],[426.5,304.6],[414.9,303.5],[416.3,305.7],[415.6,308.1],[413.5,309.3],[417,314],[430.6,315.5],[432.6,315.7],[433.2,309.5],[433.5,306.4]]]}},{"type":"Feature","properties":{"GEOID":"08045","NAME":"Garfield","STATEFP":"08"},"geometry":{"type":"Polygon","coordinates":[[[399.4,268.4],[394.4,267.9],[393.9,272],[391.6,273.8],[382.6,272.8],[382.2,275.8],[371.2,274.4],[371.1,275.5],[362.3,274],[361.7,277.8],[361.3,280.9],[372.8,282.5],[390.3,284.7],[396,285.4],[397.6,272.3],[399,272.5],[399.4,268.4]]]}},{"type":"Feature","properties":{"GEOID":"08047","NAME":"Gilpin","STATEFP":"08"},"geometry":{"type":"Polygon","coordinates":[[[423.2,274.8],[422.8,276.7],[425.3,278.9],[427.7,279.7],[428.1,275.8],[423.2,274.8]]]}},{"type":"Feature","properties":{"GEOID":"08049","NAME":"Grand","STATEFP":"08"},"geometry":{"type":"Polygon","coordinates":[[[421.4,261.4],[420.3,263.4],[414.3,264.6],[407.7,262.5],[407.2,260.9],[407.3,263.4],[406.3,273.2],[409.7,273.6],[412.9,274.2],[415.6,277.1],[416.4,279.9],[418.2,279.9],[422.8,276.7],[423.2,274.8],[424.2,272.3],[424.4,267.1],[421.4,261.4]]]}},{"type":"Feature","properties":{"GEOID":"08051","NAME":"Gunnison","STATEFP":"08"},"geometry":{"type":"Polygon","coordinates":[[[388.7,288],[387.1,301],[386.1,309.6],[383.6,309.3],[384.4,313.1],[394.7,314.3],[395.5,307.8],[409.2,309.4],[407.6,307],[406.5,303.6],[407.2,299.6],[406.5,297.4],[404.3,295.1],[401.9,293.7],[398.7,294.6],[396.2,291.3],[392.3,290.8],[390.7,287.4],[388.7,288]]]}},{"type":"Feature","properties":{"GEOID":"08053","NAME":"Hinsdale","STATEFP":"08"},"geometry":{"type":"Polygon","coordinates":[[[384.4,313.1],[385.1,315],[383.8,317.4],[384.9,322.2],[384.5,325.2],[383.9,330.3],[390.4,331.1],[391.6,318.9],[394.2,318.8],[394.7,314.3],[384.4,313.1]]]}},{"type":"Feature","properties":{"GEOID":"08055","NAME":"Huerfano","STATEFP":"08"},"geometry":{"type":"Polygon","coordinates":[[[421.1,330.7],[424.7,329.3],[426.5,330.9],[426.5,338.1],[429.6,336.4],[434.3,336.1],[438.3,332.5],[440.4,328.7],[442.5,327.1],[437.2,324.6],[430.4,324.4],[429.8,323.6],[427.9,320.9],[423.1,323.5],[422,323.3],[422,326.7],[421.1,330.7]]]}},{"type":"Feature","properties":{"GEOID":"08057","NAME":"Jackson","STATEFP":"08"},"geometry":{"type":"Polygon","coordinates":[[[405.1,247.4],[404.7,248.4],[408.4,252.8],[406.7,256.7],[407.2,260.9],[407.7,262.5],[414.3,264.6],[420.3,263.4],[421.4,261.4],[418.7,253.4],[416.7,250.3],[416.8,248.8],[414.5,248.5],[405.1,247.4]]]}},{"type":"Feature","properties":{"GEOID":"08059","NAME":"Jefferson","STATEFP":"08"},"geometry":{"type":"Polygon","coordinates":[[[427.7,279.7],[427.3,284],[426.3,294.3],[427.5,294.4],[429.5,291.8],[433.6,284.6],[433.6,283.3],[434,279.3],[434.3,276.4],[432.6,276.2],[428.1,275.8],[427.7,279.7]]]}},{"type":"Feature","properties":{"GEOID":"08061","NAME":"Kiowa","STATEFP":"08"},"geometry":{"type":"Polygon","coordinates":[[[486.1,311.4],[465.6,310],[465.4,312.1],[459.3,311.8],[458.9,317.8],[460.8,317.9],[472.8,318.8],[485.6,319.6],[486.1,311.4]]]}},{"type":"Feature","properties":{"GEOID":"08063","NAME":"Kit Carson","STATEFP":"08"},"geometry":{"type":"Polygon","coordinates":[[[487.5,288.7],[473.9,287.9],[467.6,287.5],[466.5,300],[486.7,301.2],[486.8,299.1],[487.4,288.8],[487.5,288.7]]]}},{"type":"Feature","properties":{"GEOID":"08065","NAME":"Lake","STATEFP":"08"},"geometry":{"type":"Polygon","coordinates":[[[408.4,286.9],[406.8,288.2],[406.7,290.6],[404.8,293.7],[411.8,294.5],[412.6,288.6],[413.6,287],[412.4,286.9],[408.4,286.9]]]}},{"type":"Feature","properties":{"GEOID":"08067","NAME":"La Plata","STATEFP":"08"},"geometry":{"type":"Polygon","coordinates":[[[375.5,324.1],[373.9,328.1],[370.3,330.5],[366.1,338.2],[382.7,340.3],[383.9,330.3],[384.5,325.2],[375.5,324.1]]]}},{"type":"Feature","properties":{"GEOID":"08069","NAME":"Larimer","STATEFP":"08"},"geometry":{"type":"Polygon","coordinates":[[[421.4,261.4],[424.4,267.1],[435,268.2],[437.2,266.3],[438.7,251],[432.8,250.4],[416.8,248.8],[416.7,250.3],[418.7,253.4],[421.4,261.4]]]}},{"type":"Feature","properties":{"GEOID":"08071","NAME":"Las Animas","STATEFP":"08"},"geometry":{"type":"Polygon","coordinates":[[[442.5,327.1],[440.4,328.7],[438.3,332.5],[434.3,336.1],[429.6,336.4],[426.5,338.1],[425.8,345.1],[447.1,347],[464.3,348.3],[465.6,333.1],[459.6,332.6],[447.5,331.6],[447.6,329.5],[442.5,327.1]]]}},{"type":"Feature","properties":{"GEOID":"08073","NAME":"Lincoln","STATEFP":"08"},"geometry":{"type":"Polygon","coordinates":[[[457.5,286.7],[456.1,303.2],[450,302.7],[449.3,310.9],[459.3,311.8],[465.4,312.1],[465.6,310],[466.5,300],[467.6,287.5],[457.7,286.7],[457.5,286.7]]]}},{"type":"Feature","properties":{"GEOID":"08075","NAME":"Logan","STATEFP":"08"},"geometry":{"type":"Polygon","coordinates":[[[462.8,253],[461.7,264.3],[463.6,266.5],[475.8,267.4],[477.8,267.5],[478.6,260.2],[479,254.2],[466.1,253.2],[462.8,253]]]}},{"type":"Feature","properties":{"GEOID":"08077","NAME":"Mesa","STATEFP":"08"},"geometry":{"type":"Polygon","coordinates":[[[361.3,280.9],[358.3,301.3],[370.7,302.9],[371.2,299],[371.7,295.2],[376,294],[379.6,290.7],[383.4,291.5],[388.7,288],[390.7,287.4],[390.3,284.7],[372.8,282.5],[361.3,280.9]]]}},{"type":"Feature","properties":{"GEOID":"08079","NAME":"Mineral","STATEFP":"08"},"geometry":{"type":"Polygon","coordinates":[[[394.2,318.8],[391.6,318.9],[390.4,331.1],[390.3,331.8],[398,332.4],[399.5,322.3],[396.1,318.8],[394.2,318.8]]]}},{"type":"Feature","properties":{"GEOID":"08081","NAME":"Moffat","STATEFP":"08"},"geometry":{"type":"Polygon","coordinates":[[[365.6,250.5],[364.1,260.8],[380.7,263],[392.6,264.5],[393.7,257],[395.9,255.9],[397,246.4],[386.5,245.1],[366.6,242.5],[365.6,250.5]]]}},{"type":"Feature","properties":{"GEOID":"08083","NAME":"Montezuma","STATEFP":"08"},"geometry":{"type":"Polygon","coordinates":[[[375.5,324.1],[358.1,322],[355.4,325.1],[353.7,336.6],[366.1,338.2],[370.3,330.5],[373.9,328.1],[375.5,324.1]]]}},{"type":"Feature","properties":{"GEOID":"08085","NAME":"Montrose","STATEFP":"08"},"geometry":{"type":"Polygon","coordinates":[[[371.2,299],[370.7,302.9],[358.3,301.3],[357.5,309.4],[377.1,312.1],[374.6,307.5],[383.7,308.6],[383.6,309.3],[386.1,309.6],[387.1,301],[371.2,299]]]}},{"type":"Feature","properties":{"GEOID":"08087","NAME":"Morgan","STATEFP":"08"},"geometry":{"type":"Polygon","coordinates":[[[461.7,264.3],[451.7,263.4],[450.6,275.8],[458.5,276.4],[462.7,276.8],[463.6,266.5],[461.7,264.3]]]}},{"type":"Feature","properties":{"GEOID":"08089","NAME":"Otero","STATEFP":"08"},"geometry":{"type":"Polygon","coordinates":[[[458.9,317.8],[458.6,320],[456.5,321.2],[452.5,320.9],[448.5,319.7],[447.6,329.5],[447.5,331.6],[459.6,332.6],[460.8,317.9],[458.9,317.8]]]}},{"type":"Feature","properties":{"GEOID":"08091","NAME":"Ouray","STATEFP":"08"},"geometry":{"type":"Polygon","coordinates":[[[383.6,309.3],[383.7,308.6],[374.6,307.5],[377.1,312.1],[378,315.2],[380.6,318.4],[383.8,317.4],[385.1,315],[384.4,313.1],[383.6,309.3]]]}},{"type":"Feature","properties":{"GEOID":"08093","NAME":"Park","STATEFP":"08"},"geometry":{"type":"Polygon","coordinates":[[[411.8,294.5],[413.1,297.4],[414.5,297.5],[416.3,301],[414.9,303.5],[426.5,304.6],[427.5,294.4],[426.3,294.3],[427.3,284],[419.6,283.2],[417,286.5],[413.6,287],[412.6,288.6],[411.8,294.5]]]}},{"type":"Feature","properties":{"GEOID":"08095","NAME":"Phillips","STATEFP":"08"},"geometry":{"type":"Polygon","coordinates":[[[489.2,260.9],[478.6,260.2],[477.8,267.5],[488.7,268.2],[489.1,262.1],[489.2,260.9]]]}},{"type":"Feature","properties":{"GEOID":"08097","NAME":"Pitkin","STATEFP":"08"},"geometry":{"type":"Polygon","coordinates":[[[390.7,287.4],[392.3,290.8],[396.2,291.3],[398.7,294.6],[401.9,293.7],[404.3,295.1],[404.8,293.7],[406.7,290.6],[406.8,288.2],[408.4,286.9],[396,285.4],[390.3,284.7],[390.7,287.4]]]}},{"type":"Feature","properties":{"GEOID":"08099","NAME":"Prowers","STATEFP":"08"},"geometry":{"type":"Polygon","coordinates":[[[485.6,319.6],[472.8,318.8],[471.7,333.5],[484.7,334.4],[484.8,332.1],[485.6,319.7],[485.6,319.6]]]}},{"type":"Feature","properties":{"GEOID":"08101","NAME":"Pueblo","STATEFP":"08"},"geometry":{"type":"Polygon","coordinates":[[[433.2,309.5],[432.6,315.7],[430.6,315.5],[429.8,323.6],[430.4,324.4],[437.2,324.6],[442.5,327.1],[447.6,329.5],[448.5,319.7],[449.3,310.9],[433.2,309.5]]]}},{"type":"Feature","properties":{"GEOID":"08103","NAME":"Rio Blanco","STATEFP":"08"},"geometry":{"type":"Polygon","coordinates":[[[392.6,264.5],[380.7,263],[364.1,260.8],[362.3,274],[371.1,275.5],[371.2,274.4],[382.2,275.8],[382.6,272.8],[391.6,273.8],[393.9,272],[394.4,267.9],[399.4,268.4],[399.8,265.3],[392.6,264.5]]]}},{"type":"Feature","properties":{"GEOID":"08105","NAME":"Rio Grande","STATEFP":"08"},"geometry":{"type":"Polygon","coordinates":[[[411.3,325.7],[401.2,324.6],[399.5,322.3],[398,332.4],[398.6,332.5],[410.4,333.9],[411.3,325.7]]]}},{"type":"Feature","properties":{"GEOID":"08107","NAME":"Routt","STATEFP":"08"},"geometry":{"type":"Polygon","coordinates":[[[392.6,264.5],[399.8,265.3],[399.4,268.4],[399,272.5],[406.3,273.2],[407.3,263.4],[407.2,260.9],[406.7,256.7],[408.4,252.8],[404.7,248.4],[405.1,247.4],[397,246.4],[395.9,255.9],[393.7,257],[392.6,264.5]]]}},{"type":"Feature","properties":{"GEOID":"08109","NAME":"Saguache","STATEFP":"08"},"geometry":{"type":"Polygon","coordinates":[[[394.2,318.8],[396.1,318.8],[399.5,322.3],[401.2,324.6],[411.3,325.7],[422,326.7],[422,323.3],[420.6,321.8],[418.8,316.5],[417,314],[413.5,309.3],[409.2,309.4],[395.5,307.8],[394.7,314.3],[394.2,318.8]]]}},{"type":"Feature","properties":{"GEOID":"08111","NAME":"San Juan","STATEFP":"08"},"geometry":{"type":"Polygon","coordinates":[[[377.9,321.2],[375.5,324.1],[384.5,325.2],[384.9,322.2],[383.8,317.4],[380.6,318.4],[377.9,321.2]]]}},{"type":"Feature","properties":{"GEOID":"08113","NAME":"San Miguel","STATEFP":"08"},"geometry":{"type":"Polygon","coordinates":[[[356.7,315.8],[360.8,316.1],[371.1,317.4],[371.7,319.3],[375.8,319],[377.9,321.2],[380.6,318.4],[378,315.2],[377.1,312.1],[357.5,309.4],[356.7,315.8]]]}},{"type":"Feature","properties":{"GEOID":"08115","NAME":"Sedgwick","STATEFP":"08"},"geometry":{"type":"Polygon","coordinates":[[[479,254.2],[478.6,260.2],[489.2,260.9],[489.6,254.9],[479.5,254.2],[479,254.2]]]}},{"type":"Feature","properties":{"GEOID":"08117","NAME":"Summit","STATEFP":"08"},"geometry":{"type":"Polygon","coordinates":[[[409.7,273.6],[410.1,277.4],[413.5,281.4],[412,282.9],[412.4,286.9],[413.6,287],[417,286.5],[419.6,283.2],[420.6,281.8],[418.2,279.9],[416.4,279.9],[415.6,277.1],[412.9,274.2],[409.7,273.6]]]}},{"type":"Feature","properties":{"GEOID":"08119","NAME":"Teller","STATEFP":"08"},"geometry":{"type":"Polygon","coordinates":[[[427.5,294.4],[426.5,304.6],[428,305.9],[433.5,306.4],[433.8,302.9],[432.4,301.1],[432.9,294.9],[427.5,294.4]]]}},{"type":"Feature","properties":{"GEOID":"08121","NAME":"Washington","STATEFP":"08"},"geometry":{"type":"Polygon","coordinates":[[[463.6,266.5],[462.7,276.8],[458.5,276.4],[458,282.6],[457.7,286.7],[467.6,287.5],[473.9,287.9],[475.4,269.4],[475.8,267.4],[463.6,266.5]]]}},{"type":"Feature","properties":{"GEOID":"08123","NAME":"Weld","STATEFP":"08"},"geometry":{"type":"Polygon","coordinates":[[[438.7,251],[437.2,266.3],[435,268.2],[434.5,274.3],[436.1,274.5],[450.6,275.8],[451.7,263.4],[461.7,264.3],[462.8,253],[454.3,252.3],[438.7,251]]]}},{"type":"Feature","properties":{"GEOID":"08125","NAME":"Yuma","STATEFP":"08"},"geometry":{"type":"Polygon","coordinates":[[[488.7,268.2],[477.8,267.5],[475.8,267.4],[475.4,269.4],[473.9,287.9],[487.5,288.7],[488.1,278.5],[488.6,270.3],[488.7,268.2]]]}},{"type":"Feature","properties":{"GEOID":"09001","NAME":"Fairfield","STATEFP":"09"},"geometry":{"type":"Polygon","coordinates":[[[986.5,199.5],[987.2,203.3],[989.1,206.6],[985.5,210.2],[988.3,213.1],[991.2,211.5],[998.1,207.4],[995.8,206],[995.7,202.8],[990.6,200],[988.2,200],[986,196.3],[986.5,199.5]]]}},{"type":"Feature","properties":{"GEOID":"09003","NAME":"Hartford","STATEFP":"09"},"geometry":{"type":"Polygon","coordinates":[[[992.5,185.6],[994.9,186.6],[993.7,191.2],[995.2,194.7],[996.3,196.4],[999.5,195.1],[999.9,193.8],[1003.3,192.5],[1004.3,193.8],[1005.1,193.1],[1001.8,187.7],[1001,183.6],[992.5,185.6]]]}},{"type":"Feature","properties":{"GEOID":"09005","NAME":"Litchfield","STATEFP":"09"},"geometry":{"type":"Polygon","coordinates":[[[984.4,187.3],[986,196.3],[988.2,200],[990.6,200],[993,198.3],[995.2,194.7],[993.7,191.2],[994.9,186.6],[992.5,185.6],[991.8,185.8],[984.4,187.3]]]}},{"type":"Feature","properties":{"GEOID":"09007","NAME":"Middlesex","STATEFP":"09"},"geometry":{"type":"Polygon","coordinates":[[[999.5,195.1],[1000.5,198.3],[1002,197.9],[1005.2,201.7],[1005.6,203.3],[1008.8,201.6],[1006.8,198],[1007.9,196.4],[1007,194.3],[1004.3,193.8],[1003.3,192.5],[999.9,193.8],[999.5,195.1]]]}},{"type":"Feature","properties":{"GEOID":"09009","NAME":"New Haven","STATEFP":"09"},"geometry":{"type":"Polygon","coordinates":[[[990.6,200],[995.7,202.8],[995.8,206],[998.1,207.4],[1005.6,203.3],[1005.2,201.7],[1002,197.9],[1000.5,198.3],[999.5,195.1],[996.3,196.4],[995.2,194.7],[993,198.3],[990.6,200]]]}},{"type":"Feature","properties":{"GEOID":"09011","NAME":"New London","STATEFP":"09"},"geometry":{"type":"Polygon","coordinates":[[[1007.4,189.8],[1005.1,193.1],[1004.3,193.8],[1007,194.3],[1007.9,196.4],[1006.8,198],[1008.8,201.6],[1015.5,197.7],[1016.6,194.7],[1015.7,190.5],[1015.5,189.5],[1012.7,190.4],[1007.4,189.8]]]}},{"type":"Feature","properties":{"GEOID":"09013","NAME":"Tolland","STATEFP":"09"},"geometry":{"type":"Polygon","coordinates":[[[1001,183.6],[1001.8,187.7],[1005.1,193.1],[1007.4,189.8],[1006.3,184.1],[1007.9,182],[1007.3,182.1],[1001,183.6]]]}},{"type":"Feature","properties":{"GEOID":"09015","NAME":"Windham","STATEFP":"09"},"geometry":{"type":"Polygon","coordinates":[[[1007.9,182],[1006.3,184.1],[1007.4,189.8],[1012.7,190.4],[1015.5,189.5],[1014.9,187.6],[1013.1,181.1],[1007.9,182]]]}},{"type":"Feature","properties":{"GEOID":"10001","NAME":"Kent","STATEFP":"10"},"geometry":{"type":"Polygon","coordinates":[[[960.6,263.4],[962.6,270.6],[965.6,269.8],[968.2,266.2],[972.1,264.3],[971.3,263.2],[967.6,259.3],[964.9,257.3],[964.1,256.7],[962.8,258.8],[959.6,259.9],[959.9,261.1],[960.6,263.4]]]}},{"type":"Feature","properties":{"GEOID":"10003","NAME":"New Castle","STATEFP":"10"},"geometry":{"type":"Polygon","coordinates":[[[959.8,246.7],[957,250.2],[959.1,258.1],[959.6,259.9],[962.8,258.8],[964.1,256.7],[962.3,255.5],[962.6,252.4],[961.5,251.4],[963.3,247],[963.1,246.9],[960.1,246.7],[959.8,246.7]]]}},{"type":"Feature","properties":{"GEOID":"10005","NAME":"Sussex","STATEFP":"10"},"geometry":{"type":"Polygon","coordinates":[[[972.1,264.3],[968.2,266.2],[965.6,269.8],[962.6,270.6],[963.9,275],[964.3,276.7],[965,279],[971.3,277.9],[977.7,276.5],[975.4,268.8],[972.1,264.3]]]}},{"type":"Feature","properties":{"GEOID":"11001","NAME":"District of Columbia","STATEFP":"11"},"geometry":{"type":"Polygon","coordinates":[[[939.2,272.2],[937.2,273.4],[939,275.3],[939.3,276.4],[941.2,273.6],[939.2,272.2]]]}},{"type":"Feature","properties":{"GEOID":"12001","NAME":"Alachua","STATEFP":"12"},"geometry":{"type":"Polygon","coordinates":[[[868.1,503.4],[869.1,509.6],[871.4,511.3],[874.4,510.7],[881.6,510],[880.7,504.3],[878.8,501.8],[875.7,502],[872.7,500.6],[870.4,500.5],[868.1,503.4]]]}},{"type":"Feature","properties":{"GEOID":"12003","NAME":"Baker","STATEFP":"12"},"geometry":{"type":"Polygon","coordinates":[[[878.6,489.3],[876.2,489.7],[874.6,485],[870.5,485.3],[869.7,485.3],[871.2,495.7],[877.5,494.7],[879.4,494.4],[879.2,493.4],[879,491.4],[878.6,489.3]]]}},{"type":"Feature","properties":{"GEOID":"12005","NAME":"Bay","STATEFP":"12"},"geometry":{"type":"Polygon","coordinates":[[[799.1,498.7],[799.7,505.4],[806,508.7],[808.7,510.7],[810.4,515.5],[814,518],[811.9,511.6],[812.5,508.3],[811.8,501.8],[811,493.2],[809.9,493.3],[809.2,496.5],[801.8,497.2],[799.1,498.7]]]}},{"type":"Feature","properties":{"GEOID":"12007","NAME":"Bradford","STATEFP":"12"},"geometry":{"type":"Polygon","coordinates":[[[877.5,494.7],[874.7,499.6],[872.7,500.6],[875.7,502],[878.8,501.8],[880.7,504.3],[880.9,504.3],[879.4,494.4],[877.5,494.7]]]}},{"type":"Feature","properties":{"GEOID":"12009","NAME":"Brevard","STATEFP":"12"},"geometry":{"type":"Polygon","coordinates":[[[909.9,532.3],[911.8,544.4],[919.2,543.2],[921.6,541.9],[918.4,537.3],[916.8,533],[917.6,528.5],[915.9,525.1],[912.4,521.4],[906.2,522.4],[906.4,526.5],[908.9,528.6],[909.9,532.3]]]}},{"type":"Feature","properties":{"GEOID":"12011","NAME":"Broward","STATEFP":"12"},"geometry":{"type":"Polygon","coordinates":[[[935.3,576],[929.3,576.7],[917,578.7],[917.3,580.4],[918.5,586.8],[922.7,586.7],[930.8,585.3],[935.6,584.1],[935.3,576]]]}},{"type":"Feature","properties":{"GEOID":"12013","NAME":"Calhoun","STATEFP":"12"},"geometry":{"type":"Polygon","coordinates":[[[819.9,491.3],[815.3,491.8],[811,493.2],[811.8,501.8],[817.3,501.2],[818.4,499],[818.4,495.9],[819.9,491.3]]]}},{"type":"Feature","properties":{"GEOID":"12015","NAME":"Charlotte","STATEFP":"12"},"geometry":{"type":"Polygon","coordinates":[[[889.9,566.4],[885.7,567],[886,569.1],[879.5,569.9],[882.2,573.3],[887.8,572.9],[901.1,570.9],[900.2,564.8],[889.9,566.4]]]}},{"type":"Feature","properties":{"GEOID":"12017","NAME":"Citrus","STATEFP":"12"},"geometry":{"type":"Polygon","coordinates":[[[867.1,530.5],[876.8,529.1],[880.1,529.3],[881.5,526.2],[878.1,522.6],[873.2,521.3],[868.8,523.2],[860.1,524.5],[865.1,524.4],[867.1,530.5]]]}},{"type":"Feature","properties":{"GEOID":"12019","NAME":"Clay","STATEFP":"12"},"geometry":{"type":"Polygon","coordinates":[[[886.9,493.8],[886.7,492.2],[879.2,493.4],[879.4,494.4],[880.9,504.3],[885.2,500.8],[889.9,500],[888.9,497.1],[887.1,496],[886.9,493.8]]]}},{"type":"Feature","properties":{"GEOID":"12021","NAME":"Collier","STATEFP":"12"},"geometry":{"type":"Polygon","coordinates":[[[888.3,583.2],[890,583.9],[893.5,583.5],[895,588.3],[898.5,594.1],[919.1,590.8],[918.5,586.8],[917.3,580.4],[909.2,581.9],[908.1,575.8],[902,576.8],[900.3,579.3],[900.7,581.6],[888.3,583.2]]]}},{"type":"Feature","properties":{"GEOID":"12023","NAME":"Columbia","STATEFP":"12"},"geometry":{"type":"Polygon","coordinates":[[[865,485.7],[864.4,486.7],[866.5,490],[863.7,492],[864.9,501.5],[868.1,503.4],[870.4,500.5],[869.5,499.8],[871.2,495.7],[869.7,485.3],[867.1,485.5],[865,485.7]]]}},{"type":"Feature","properties":{"GEOID":"12027","NAME":"DeSoto","STATEFP":"12"},"geometry":{"type":"Polygon","coordinates":[[[899.1,557.8],[888.9,559.4],[889.3,562.4],[889.9,566.4],[900.2,564.8],[899.1,557.8]]]}},{"type":"Feature","properties":{"GEOID":"12029","NAME":"Dixie","STATEFP":"12"},"geometry":{"type":"Polygon","coordinates":[[[854.8,505.5],[853.3,509.4],[850.5,513],[851.7,515.7],[855.7,518],[856.1,519],[861.4,515.9],[863.3,509.8],[862.9,504.3],[854.8,505.5]]]}},{"type":"Feature","properties":{"GEOID":"12031","NAME":"Duval","STATEFP":"12"},"geometry":{"type":"Polygon","coordinates":[[[892,484],[888.2,484],[886.4,482.8],[882.7,486.2],[879,491.4],[879.2,493.4],[886.7,492.2],[886.9,493.8],[891.9,493.4],[891.3,490],[893.7,489.6],[892,484]]]}},{"type":"Feature","properties":{"GEOID":"12033","NAME":"Escambia","STATEFP":"12"},"geometry":{"type":"Polygon","coordinates":[[[765.4,487.6],[765.2,491.2],[770.3,495.9],[769.5,498.3],[771.2,500.5],[768.8,503.1],[768.7,505.5],[768.9,507.9],[780.8,504.6],[780.4,500.7],[775.3,502.4],[776.1,498.5],[773,495.8],[771.7,493.3],[771.9,488.8],[774.2,486.8],[765.4,487.6]]]}},{"type":"Feature","properties":{"GEOID":"12035","NAME":"Flagler","STATEFP":"12"},"geometry":{"type":"Polygon","coordinates":[[[899.2,502.6],[895.9,504.2],[891.8,504.9],[892.3,507.7],[894.5,509.8],[895.3,512.9],[900.7,512],[900.1,508.6],[902.2,507.8],[899.2,502.6]]]}},{"type":"Feature","properties":{"GEOID":"12037","NAME":"Franklin","STATEFP":"12"},"geometry":{"type":"Polygon","coordinates":[[[819.8,506.3],[820.3,510.1],[816.5,513.4],[817.3,517.8],[821,518.8],[827,515.6],[832.9,510.1],[834.5,504.5],[829.4,504.2],[820,505.3],[819.8,506.3]]]}},{"type":"Feature","properties":{"GEOID":"12039","NAME":"Gadsden","STATEFP":"12"},"geometry":{"type":"Polygon","coordinates":[[[819.9,491.3],[821.1,492.9],[826.3,495.7],[830.6,493.4],[832.8,487.9],[830.8,488],[821,488.7],[819.9,491.3]]]}},{"type":"Feature","properties":{"GEOID":"12041","NAME":"Gilchrist","STATEFP":"12"},"geometry":{"type":"Polygon","coordinates":[[[862.9,504.3],[863.3,509.8],[869.1,509.6],[868.1,503.4],[864.9,501.5],[863.5,502.8],[863.2,504.3],[862.9,504.3]]]}},{"type":"Feature","properties":{"GEOID":"12043","NAME":"Glades","STATEFP":"12"},"geometry":{"type":"Polygon","coordinates":[[[912.6,558.9],[907.8,559.5],[906.1,561.9],[906.4,563.9],[900.2,564.8],[901.1,570.9],[914.1,568.9],[914.6,564.4],[914.2,559.8],[912.6,558.9]]]}},{"type":"Feature","properties":{"GEOID":"12045","NAME":"Gulf","STATEFP":"12"},"geometry":{"type":"Polygon","coordinates":[[[811.8,501.8],[812.5,508.3],[811.9,511.6],[814,518],[817.3,517.8],[816.5,513.4],[820.3,510.1],[819.8,506.3],[817.4,504.9],[817.3,501.2],[811.8,501.8]]]}},{"type":"Feature","properties":{"GEOID":"12047","NAME":"Hamilton","STATEFP":"12"},"geometry":{"type":"Polygon","coordinates":[[[856,492],[857.7,490.5],[863.7,492],[866.5,490],[864.4,486.7],[865,485.7],[856,486.3],[852.5,486.5],[854.9,491.2],[856,492]]]}},{"type":"Feature","properties":{"GEOID":"12049","NAME":"Hardee","STATEFP":"12"},"geometry":{"type":"Polygon","coordinates":[[[887.8,552.3],[888.9,559.4],[899.1,557.8],[898,550.7],[887.8,552.3]]]}},{"type":"Feature","properties":{"GEOID":"12051","NAME":"Hendry","STATEFP":"12"},"geometry":{"type":"Polygon","coordinates":[[[902,576.8],[908.1,575.8],[909.2,581.9],[917.3,580.4],[917,578.7],[914.6,564.4],[914.1,568.9],[901.1,570.9],[902,576.8]]]}},{"type":"Feature","properties":{"GEOID":"12053","NAME":"Hernando","STATEFP":"12"},"geometry":{"type":"Polygon","coordinates":[[[868.3,536.5],[881.1,534.6],[885,533],[880.1,529.3],[876.8,529.1],[867.1,530.5],[868.6,533.1],[868.3,536.5]]]}},{"type":"Feature","properties":{"GEOID":"12055","NAME":"Highlands","STATEFP":"12"},"geometry":{"type":"Polygon","coordinates":[[[898,550.7],[899.1,557.8],[900.2,564.8],[906.4,563.9],[906.1,561.9],[907.8,559.5],[912.6,558.9],[906,553.2],[906.8,549.4],[898,550.7]]]}},{"type":"Feature","properties":{"GEOID":"12057","NAME":"Hillsborough","STATEFP":"12"},"geometry":{"type":"Polygon","coordinates":[[[873.7,541.9],[874.5,547.1],[877.3,550.6],[876.4,553.3],[874.5,554.2],[869.8,554.9],[870.2,557.5],[873.4,556.4],[877.5,553.8],[887.8,552.3],[886,540.1],[885,540.3],[873.7,541.9]]]}},{"type":"Feature","properties":{"GEOID":"12059","NAME":"Holmes","STATEFP":"12"},"geometry":{"type":"Polygon","coordinates":[[[807.5,483.4],[796.8,484.7],[797.5,491.5],[801.3,491.1],[805.8,489.6],[805.9,487.6],[807.5,483.4]]]}},{"type":"Feature","properties":{"GEOID":"12061","NAME":"Indian River","STATEFP":"12"},"geometry":{"type":"Polygon","coordinates":[[[916.7,549.9],[925.3,548.5],[921.6,541.9],[919.2,543.2],[911.8,544.4],[912.4,548.6],[914.6,550.2],[916.7,549.9]]]}},{"type":"Feature","properties":{"GEOID":"12063","NAME":"Jackson","STATEFP":"12"},"geometry":{"type":"Polygon","coordinates":[[[817.5,482.2],[807.7,483.4],[807.5,483.4],[805.9,487.6],[809.4,488.2],[809.9,493.3],[811,493.2],[815.3,491.8],[819.9,491.3],[821,488.7],[820,487.9],[817.5,482.2]]]}},{"type":"Feature","properties":{"GEOID":"12065","NAME":"Jefferson","STATEFP":"12"},"geometry":{"type":"Polygon","coordinates":[[[838.3,487.5],[839.4,490.9],[837.7,493.2],[838.1,497],[839.1,504.8],[840.8,505.5],[840.3,500.9],[841.5,497.2],[843.2,495.6],[844.8,492.3],[844.3,490.6],[846.7,488.5],[846.3,486.9],[843.7,487.1],[838.3,487.5]]]}},{"type":"Feature","properties":{"GEOID":"12067","NAME":"Lafayette","STATEFP":"12"},"geometry":{"type":"Polygon","coordinates":[[[852.5,495.4],[853.5,504.1],[854.8,505.5],[862.9,504.3],[863.2,504.3],[863.5,502.8],[861.5,500.5],[857.1,498.3],[855.8,498.4],[854.9,495.1],[852.5,495.4]]]}},{"type":"Feature","properties":{"GEOID":"12069","NAME":"Lake","STATEFP":"12"},"geometry":{"type":"Polygon","coordinates":[[[885.4,521.6],[887.4,535.8],[893.6,534.8],[892.1,525.1],[897,523.9],[897.7,521.6],[897.6,519.1],[894.1,517],[890.7,513.3],[891.4,520.6],[885.4,521.6]]]}},{"type":"Feature","properties":{"GEOID":"12071","NAME":"Lee","STATEFP":"12"},"geometry":{"type":"Polygon","coordinates":[[[901.1,570.9],[887.8,572.9],[882.2,573.3],[886.1,581.4],[888.3,583.2],[900.7,581.6],[900.3,579.3],[902,576.8],[901.1,570.9]]]}},{"type":"Feature","properties":{"GEOID":"12073","NAME":"Leon","STATEFP":"12"},"geometry":{"type":"Polygon","coordinates":[[[832.8,487.9],[830.6,493.4],[826.3,495.7],[825.2,497.9],[834.6,496.7],[838.1,497],[837.7,493.2],[839.4,490.9],[838.3,487.5],[836.8,487.6],[832.8,487.9]]]}},{"type":"Feature","properties":{"GEOID":"12075","NAME":"Levy","STATEFP":"12"},"geometry":{"type":"Polygon","coordinates":[[[863.3,509.8],[861.4,515.9],[856.1,519],[858,520.8],[860.1,524.5],[868.8,523.2],[873.2,521.3],[872.7,517.4],[875.4,517],[874.4,510.7],[871.4,511.3],[869.1,509.6],[863.3,509.8]]]}},{"type":"Feature","properties":{"GEOID":"12077","NAME":"Liberty","STATEFP":"12"},"geometry":{"type":"Polygon","coordinates":[[[826.3,495.7],[821.1,492.9],[819.9,491.3],[818.4,495.9],[818.4,499],[817.3,501.2],[817.4,504.9],[819.8,506.3],[820,505.3],[829.4,504.2],[826.6,501.9],[825.2,497.9],[826.3,495.7]]]}},{"type":"Feature","properties":{"GEOID":"12079","NAME":"Madison","STATEFP":"12"},"geometry":{"type":"Polygon","coordinates":[[[843.2,495.6],[850.3,494.7],[852.5,495.4],[854.9,495.1],[856,492],[854.9,491.2],[852.5,486.5],[851.8,486.6],[851.5,486.6],[846.3,486.9],[846.7,488.5],[844.3,490.6],[844.8,492.3],[843.2,495.6]]]}},{"type":"Feature","properties":{"GEOID":"12081","NAME":"Manatee","STATEFP":"12"},"geometry":{"type":"Polygon","coordinates":[[[887.8,552.3],[877.5,553.8],[873.4,556.4],[870.2,557.5],[872.1,560.5],[884.6,558.9],[885.2,563],[889.3,562.4],[888.9,559.4],[887.8,552.3]]]}},{"type":"Feature","properties":{"GEOID":"12083","NAME":"Marion","STATEFP":"12"},"geometry":{"type":"Polygon","coordinates":[[[874.4,510.7],[875.4,517],[872.7,517.4],[873.2,521.3],[878.1,522.6],[885.4,521.6],[891.4,520.6],[890.7,513.3],[889.7,512.3],[887.2,508.8],[885.7,508.2],[881.6,510],[874.4,510.7]]]}},{"type":"Feature","properties":{"GEOID":"12085","NAME":"Martin","STATEFP":"12"},"geometry":{"type":"Polygon","coordinates":[[[929,554.8],[926.2,556.6],[918,558],[918.4,559.9],[914.6,564.4],[930.1,561.9],[932.6,561.1],[929,554.8]]]}},{"type":"Feature","properties":{"GEOID":"12086","NAME":"Miami-Dade","STATEFP":"12"},"geometry":{"type":"Polygon","coordinates":[[[935.6,584.1],[930.8,585.3],[922.7,586.7],[918.5,586.8],[919.1,590.8],[920.8,600.9],[921.8,605.2],[925.1,605.3],[926.1,604.1],[930.7,602.3],[931.6,600.4],[935.5,598.9],[936.8,595.9],[936.2,594.6],[936.3,589.4],[935.6,584.1]]]}},{"type":"Feature","properties":{"GEOID":"12087","NAME":"Monroe","STATEFP":"12"},"geometry":{"type":"MultiPolygon","coordinates":[[[[898.5,594.1],[901.9,596.5],[906,596.4],[909.4,599.6],[911.4,602.7],[911.2,605.1],[913.2,609],[915.4,610.4],[909.1,612.1],[901.1,618],[898.4,619.3],[893.9,620.1],[896.1,625],[898.2,624.1],[901.2,626.5],[906.1,625.1],[909.6,623.2],[910.8,621.5],[917.5,618.2],[919.7,618.1],[924.9,614.4],[931.2,608.6],[932.8,605.8],[935.5,598.9],[931.6,600.4],[930.7,602.3],[926.1,604.1],[925.1,605.3],[921.8,605.2],[920.8,600.9],[919.1,590.8],[898.5,594.1]]],[[[875.4,624.8],[877.9,625.6],[885.3,624.5],[884.9,621.6],[883.3,620.2],[880.1,620.3],[877.2,621.4],[875.4,624.8]]]]}},{"type":"Feature","properties":{"GEOID":"12089","NAME":"Nassau","STATEFP":"12"},"geometry":{"type":"Polygon","coordinates":[[[891.5,479],[883.9,479.4],[879.9,478],[877.5,480.3],[878.8,484.4],[878.6,489.3],[879,491.4],[882.7,486.2],[886.4,482.8],[888.2,484],[892,484],[891.5,479]]]}},{"type":"Feature","properties":{"GEOID":"12091","NAME":"Okaloosa","STATEFP":"12"},"geometry":{"type":"Polygon","coordinates":[[[781.7,486.1],[783.1,504],[791.3,503.4],[789.7,485.4],[783.7,486],[781.7,486.1]]]}},{"type":"Feature","properties":{"GEOID":"12093","NAME":"Okeechobee","STATEFP":"12"},"geometry":{"type":"Polygon","coordinates":[[[906.8,549.4],[906,553.2],[912.6,558.9],[914.2,559.8],[914.6,564.4],[918.4,559.9],[918,558],[916.7,549.9],[914.6,550.2],[912.4,548.6],[906.8,549.4]]]}},{"type":"Feature","properties":{"GEOID":"12095","NAME":"Orange","STATEFP":"12"},"geometry":{"type":"Polygon","coordinates":[[[897,523.9],[892.1,525.1],[893.6,534.8],[909.9,532.3],[908.9,528.6],[906.4,526.5],[899.4,527.7],[896.6,527.4],[897,523.9]]]}},{"type":"Feature","properties":{"GEOID":"12097","NAME":"Osceola","STATEFP":"12"},"geometry":{"type":"Polygon","coordinates":[[[893.6,534.8],[896,536.5],[902.8,545],[904.6,545.4],[906.8,549.4],[912.4,548.6],[911.8,544.4],[909.9,532.3],[893.6,534.8]]]}},{"type":"Feature","properties":{"GEOID":"12099","NAME":"Palm Beach","STATEFP":"12"},"geometry":{"type":"Polygon","coordinates":[[[932.6,561.1],[930.1,561.9],[914.6,564.4],[917,578.7],[929.3,576.7],[935.3,576],[934.2,564.9],[932.6,561.1]]]}},{"type":"Feature","properties":{"GEOID":"12101","NAME":"Pasco","STATEFP":"12"},"geometry":{"type":"Polygon","coordinates":[[[885,533],[881.1,534.6],[868.3,536.5],[866,540.7],[866.2,543],[873.7,541.9],[885,540.3],[885.5,536.9],[885,533]]]}},{"type":"Feature","properties":{"GEOID":"12103","NAME":"Pinellas","STATEFP":"12"},"geometry":{"type":"Polygon","coordinates":[[[866.2,543],[867,549.4],[869.8,554.9],[874.5,554.2],[876.4,553.3],[877.3,550.6],[874.5,547.1],[873.7,541.9],[866.2,543]]]}},{"type":"Feature","properties":{"GEOID":"12105","NAME":"Polk","STATEFP":"12"},"geometry":{"type":"Polygon","coordinates":[[[885,540.3],[886,540.1],[887.8,552.3],[898,550.7],[906.8,549.4],[904.6,545.4],[902.8,545],[896,536.5],[893.6,534.8],[887.4,535.8],[885.5,536.9],[885,540.3]]]}},{"type":"Feature","properties":{"GEOID":"12107","NAME":"Putnam","STATEFP":"12"},"geometry":{"type":"Polygon","coordinates":[[[881.6,510],[885.7,508.2],[887.2,508.8],[889.7,512.3],[894.5,509.8],[892.3,507.7],[891.8,504.9],[891.3,501.7],[889.9,500],[885.2,500.8],[880.9,504.3],[880.7,504.3],[881.6,510]]]}},{"type":"Feature","properties":{"GEOID":"12109","NAME":"St. Johns","STATEFP":"12"},"geometry":{"type":"Polygon","coordinates":[[[893.7,489.6],[891.3,490],[891.9,493.4],[886.9,493.8],[887.1,496],[888.9,497.1],[889.9,500],[891.3,501.7],[891.8,504.9],[895.9,504.2],[899.2,502.6],[897.6,499.2],[893.7,489.6]]]}},{"type":"Feature","properties":{"GEOID":"12111","NAME":"St. Lucie","STATEFP":"12"},"geometry":{"type":"Polygon","coordinates":[[[918,558],[926.2,556.6],[929,554.8],[925.3,548.5],[916.7,549.9],[918,558]]]}},{"type":"Feature","properties":{"GEOID":"12113","NAME":"Santa Rosa","STATEFP":"12"},"geometry":{"type":"Polygon","coordinates":[[[774.2,486.8],[771.9,488.8],[771.7,493.3],[773,495.8],[776.1,498.5],[775.3,502.4],[780.4,500.7],[780.8,504.6],[783.1,504],[781.7,486.1],[774.2,486.8]]]}},{"type":"Feature","properties":{"GEOID":"12115","NAME":"Sarasota","STATEFP":"12"},"geometry":{"type":"Polygon","coordinates":[[[872.1,560.5],[876.7,565.5],[879.5,569.9],[886,569.1],[885.7,567],[889.9,566.4],[889.3,562.4],[885.2,563],[884.6,558.9],[872.1,560.5]]]}},{"type":"Feature","properties":{"GEOID":"12117","NAME":"Seminole","STATEFP":"12"},"geometry":{"type":"Polygon","coordinates":[[[897,523.9],[896.6,527.4],[899.4,527.7],[906.4,526.5],[903.2,521.9],[898.8,522.5],[897.7,521.6],[897,523.9]]]}},{"type":"Feature","properties":{"GEOID":"12119","NAME":"Sumter","STATEFP":"12"},"geometry":{"type":"Polygon","coordinates":[[[878.1,522.6],[881.5,526.2],[880.1,529.3],[885,533],[885.5,536.9],[887.4,535.8],[885.4,521.6],[878.1,522.6]]]}},{"type":"Feature","properties":{"GEOID":"12121","NAME":"Suwannee","STATEFP":"12"},"geometry":{"type":"Polygon","coordinates":[[[854.9,495.1],[855.8,498.4],[857.1,498.3],[861.5,500.5],[863.5,502.8],[864.9,501.5],[863.7,492],[857.7,490.5],[856,492],[854.9,495.1]]]}},{"type":"Feature","properties":{"GEOID":"12123","NAME":"Taylor","STATEFP":"12"},"geometry":{"type":"Polygon","coordinates":[[[840.8,505.5],[845.5,507.5],[847.9,511],[850.5,513],[853.3,509.4],[854.8,505.5],[853.5,504.1],[852.5,495.4],[850.3,494.7],[843.2,495.6],[841.5,497.2],[840.3,500.9],[840.8,505.5]]]}},{"type":"Feature","properties":{"GEOID":"12125","NAME":"Union","STATEFP":"12"},"geometry":{"type":"Polygon","coordinates":[[[877.5,494.7],[871.2,495.7],[869.5,499.8],[870.4,500.5],[872.7,500.6],[874.7,499.6],[877.5,494.7]]]}},{"type":"Feature","properties":{"GEOID":"12127","NAME":"Volusia","STATEFP":"12"},"geometry":{"type":"Polygon","coordinates":[[[890.7,513.3],[894.1,517],[897.6,519.1],[897.7,521.6],[898.8,522.5],[903.2,521.9],[906.4,526.5],[906.2,522.4],[912.4,521.4],[906.1,514],[902.2,507.8],[900.1,508.6],[900.7,512],[895.3,512.9],[894.5,509.8],[889.7,512.3],[890.7,513.3]]]}},{"type":"Feature","properties":{"GEOID":"12129","NAME":"Wakulla","STATEFP":"12"},"geometry":{"type":"Polygon","coordinates":[[[838.1,497],[834.6,496.7],[825.2,497.9],[826.6,501.9],[829.4,504.2],[834.5,504.5],[832.9,510.1],[836.9,508],[837.4,505.4],[839.1,504.8],[838.1,497]]]}},{"type":"Feature","properties":{"GEOID":"12131","NAME":"Walton","STATEFP":"12"},"geometry":{"type":"Polygon","coordinates":[[[789.7,485.4],[791.3,503.4],[799.7,505.4],[799.1,498.7],[801.4,496.2],[800.1,492.8],[801.3,491.1],[797.5,491.5],[796.8,484.7],[793.7,485],[789.7,485.4]]]}},{"type":"Feature","properties":{"GEOID":"12133","NAME":"Washington","STATEFP":"12"},"geometry":{"type":"Polygon","coordinates":[[[805.9,487.6],[805.8,489.6],[801.3,491.1],[800.1,492.8],[801.4,496.2],[799.1,498.7],[801.8,497.2],[809.2,496.5],[809.9,493.3],[809.4,488.2],[805.9,487.6]]]}},{"type":"Feature","properties":{"GEOID":"13001","NAME":"Appling","STATEFP":"13"},"geometry":{"type":"Polygon","coordinates":[[[865.6,453],[866,456],[864.3,456.3],[864.7,459.3],[871.1,462.6],[873.2,463.7],[872.1,456.7],[873.6,455.2],[869.8,453.7],[865.6,453]]]}},{"type":"Feature","properties":{"GEOID":"13003","NAME":"Atkinson","STATEFP":"13"},"geometry":{"type":"Polygon","coordinates":[[[857.5,472.8],[863.4,472],[863.7,467.7],[859.3,467.3],[853.3,467.7],[855.6,470.7],[856,473],[857.5,472.8]]]}},{"type":"Feature","properties":{"GEOID":"13005","NAME":"Bacon","STATEFP":"13"},"geometry":{"type":"Polygon","coordinates":[[[864.7,459.3],[862.7,460.4],[864,465.1],[867.7,465.8],[871.1,462.6],[864.7,459.3]]]}},{"type":"Feature","properties":{"GEOID":"13007","NAME":"Baker","STATEFP":"13"},"geometry":{"type":"Polygon","coordinates":[[[827.7,470.7],[823.5,471.2],[824,475.3],[826,475.2],[826.4,479.3],[827.1,479.2],[829.8,473.5],[832.5,472],[833.4,469.9],[827.7,470.7]]]}},{"type":"Feature","properties":{"GEOID":"13009","NAME":"Baldwin","STATEFP":"13"},"geometry":{"type":"Polygon","coordinates":[[[842.1,427.2],[844.3,433.1],[848.4,430.6],[849.8,431.9],[849.8,428.7],[848.7,427.2],[845.1,426.8],[842.1,427.2]]]}},{"type":"Feature","properties":{"GEOID":"13011","NAME":"Banks","STATEFP":"13"},"geometry":{"type":"Polygon","coordinates":[[[834.7,398.5],[835,401.7],[839.5,403.5],[840.3,402.7],[838.7,397.3],[837.5,396.9],[834.7,398.5]]]}},{"type":"Feature","properties":{"GEOID":"13013","NAME":"Barrow","STATEFP":"13"},"geometry":{"type":"Polygon","coordinates":[[[831.7,406.1],[831.1,409.2],[832.7,410.7],[835.7,410.9],[837.6,409.2],[836.9,407.8],[833.2,407.5],[831.7,406.1]]]}},{"type":"Feature","properties":{"GEOID":"13015","NAME":"Bartow","STATEFP":"13"},"geometry":{"type":"Polygon","coordinates":[[[808.2,402.7],[808.2,409.8],[810.6,409.8],[814.2,409.5],[815.7,409.3],[814.9,401.4],[808.2,402.7]]]}},{"type":"Feature","properties":{"GEOID":"13017","NAME":"Ben Hill","STATEFP":"13"},"geometry":{"type":"Polygon","coordinates":[[[846.1,460.7],[848.9,462.2],[855.4,461.5],[855.1,458.9],[851.3,457.9],[845.3,458.7],[846.1,460.7]]]}},{"type":"Feature","properties":{"GEOID":"13019","NAME":"Berrien","STATEFP":"13"},"geometry":{"type":"Polygon","coordinates":[[[847.7,470.2],[850,472.4],[851.5,477.3],[853.5,477.1],[853.7,474.2],[856,473],[855.6,470.7],[853.3,467.7],[853.1,466.5],[849.2,467],[847.7,470.2]]]}},{"type":"Feature","properties":{"GEOID":"13021","NAME":"Bibb","STATEFP":"13"},"geometry":{"type":"Polygon","coordinates":[[[837.4,433.4],[834.1,436.3],[836.1,438.9],[838.3,439.5],[840.4,439.9],[841.5,435.4],[838.6,434.8],[837.4,433.4]]]}},{"type":"Feature","properties":{"GEOID":"13023","NAME":"Bleckley","STATEFP":"13"},"geometry":{"type":"Polygon","coordinates":[[[848,440.8],[843.1,444.6],[843.2,445.8],[846.6,448.4],[850.2,444.3],[848,440.8]]]}},{"type":"Feature","properties":{"GEOID":"13025","NAME":"Brantley","STATEFP":"13"},"geometry":{"type":"Polygon","coordinates":[[[881.6,465.8],[875.3,465.7],[874.6,468.2],[872.8,470.1],[871,469.9],[874.8,474.5],[876,472.7],[878.5,473],[881.5,469.7],[881.6,465.8]]]}},{"type":"Feature","properties":{"GEOID":"13027","NAME":"Brooks","STATEFP":"13"},"geometry":{"type":"Polygon","coordinates":[[[842.7,478.3],[843.7,487.1],[846.3,486.9],[851.5,486.6],[848.6,484.1],[850.4,480.9],[847.9,477.7],[845.8,476.9],[842.7,478.3]]]}},{"type":"Feature","properties":{"GEOID":"13029","NAME":"Bryan","STATEFP":"13"},"geometry":{"type":"Polygon","coordinates":[[[877.8,446.8],[879.2,448.1],[882.1,450.4],[886,451.1],[886.8,452.7],[891.7,455.2],[889.8,450.6],[885.6,447],[884.2,443.7],[877.8,446.8]]]}},{"type":"Feature","properties":{"GEOID":"13031","NAME":"Bulloch","STATEFP":"13"},"geometry":{"type":"Polygon","coordinates":[[[871.5,438.5],[874.1,441.1],[873.7,444.7],[876.8,444.9],[877.8,446.8],[884.2,443.7],[881.8,440.5],[881.1,438.3],[874.8,435.4],[871.9,436.9],[871.5,438.5]]]}},{"type":"Feature","properties":{"GEOID":"13033","NAME":"Burke","STATEFP":"13"},"geometry":{"type":"Polygon","coordinates":[[[864.4,422.2],[865.2,423],[864.6,427],[865.4,429.9],[864.9,432.4],[868.3,432.5],[869.2,429.9],[873.4,428.3],[875.3,429.1],[879.3,425.3],[877.7,424.3],[874.5,422.3],[872.5,421.5],[867.9,422.6],[866.1,421.2],[864.4,422.2]]]}},{"type":"Feature","properties":{"GEOID":"13035","NAME":"Butts","STATEFP":"13"},"geometry":{"type":"Polygon","coordinates":[[[831.7,422.4],[828.7,426.3],[828.6,428.6],[830.2,428.4],[834.5,428.4],[833.1,424.1],[831.7,422.4]]]}},{"type":"Feature","properties":{"GEOID":"13037","NAME":"Calhoun","STATEFP":"13"},"geometry":{"type":"Polygon","coordinates":[[[819.4,467.3],[819.7,470.1],[820.5,471.5],[823.5,471.2],[827.7,470.7],[826.7,466.4],[824.8,466.6],[819.4,467.3]]]}},{"type":"Feature","properties":{"GEOID":"13039","NAME":"Camden","STATEFP":"13"},"geometry":{"type":"Polygon","coordinates":[[[878.5,473],[879.9,478],[883.9,479.4],[891.5,479],[890.2,477.9],[891.3,472.4],[888.9,472.8],[885.8,470.9],[881.5,469.7],[878.5,473]]]}},{"type":"Feature","properties":{"GEOID":"13043","NAME":"Candler","STATEFP":"13"},"geometry":{"type":"Polygon","coordinates":[[[871.5,438.5],[869.3,439.3],[868.3,444.2],[872.5,444.6],[873.7,444.7],[874.1,441.1],[871.5,438.5]]]}},{"type":"Feature","properties":{"GEOID":"13045","NAME":"Carroll","STATEFP":"13"},"geometry":{"type":"Polygon","coordinates":[[[809.1,416.4],[809.1,418.7],[803.7,420.8],[804.8,424.8],[805.2,426],[810.6,425.5],[813.6,423.1],[814.2,421.5],[812.3,421.7],[811.8,416.9],[809.1,416.4]]]}},{"type":"Feature","properties":{"GEOID":"13047","NAME":"Catoosa","STATEFP":"13"},"geometry":{"type":"Polygon","coordinates":[[[801.6,389.4],[802,392.4],[804.5,394.2],[805.9,392.8],[807,388.7],[801.6,389.4]]]}},{"type":"Feature","properties":{"GEOID":"13049","NAME":"Charlton","STATEFP":"13"},"geometry":{"type":"Polygon","coordinates":[[[874.8,474.5],[869.1,475.2],[869.7,480.3],[875.2,479.8],[874.6,485],[876.2,489.7],[878.6,489.3],[878.8,484.4],[877.5,480.3],[879.9,478],[878.5,473],[876,472.7],[874.8,474.5]]]}},{"type":"Feature","properties":{"GEOID":"13051","NAME":"Chatham","STATEFP":"13"},"geometry":{"type":"Polygon","coordinates":[[[890,443.2],[888.9,443.1],[885.6,447],[889.8,450.6],[891.7,455.2],[893.7,455],[897.9,447.4],[893.2,445.6],[890.9,445.6],[890,443.2]]]}},{"type":"Feature","properties":{"GEOID":"13053","NAME":"Chattahoochee","STATEFP":"13"},"geometry":{"type":"Polygon","coordinates":[[[814.3,449.9],[815.7,453.3],[820.9,452.6],[820.5,445.5],[819.4,446],[817.7,448.7],[814.3,449.9]]]}},{"type":"Feature","properties":{"GEOID":"13055","NAME":"Chattooga","STATEFP":"13"},"geometry":{"type":"Polygon","coordinates":[[[805.7,398.4],[797.6,399.2],[798.1,400.7],[799.7,406.2],[804.7,402.1],[805.7,398.4]]]}},{"type":"Feature","properties":{"GEOID":"13057","NAME":"Cherokee","STATEFP":"13"},"geometry":{"type":"Polygon","coordinates":[[[814.9,401.4],[815.7,409.3],[820.3,408.9],[821.7,406],[823.1,405.8],[822.7,402.3],[822.5,401.3],[816.3,402],[814.9,401.4]]]}},{"type":"Feature","properties":{"GEOID":"13059","NAME":"Clarke","STATEFP":"13"},"geometry":{"type":"Polygon","coordinates":[[[840.8,407],[837.6,409.2],[843,411.3],[842.9,407.7],[840.8,407]]]}},{"type":"Feature","properties":{"GEOID":"13061","NAME":"Clay","STATEFP":"13"},"geometry":{"type":"Polygon","coordinates":[[[812.9,464.7],[815.2,470.3],[819.7,470.1],[819.4,467.3],[817,467.6],[816.2,464],[812.6,464.3],[812.9,464.7]]]}},{"type":"Feature","properties":{"GEOID":"13063","NAME":"Clayton","STATEFP":"13"},"geometry":{"type":"Polygon","coordinates":[[[822.9,418.7],[821.1,421.2],[822.6,422.8],[823,425.7],[823.6,425.6],[824.6,423.5],[824.2,418.5],[822.9,418.7]]]}},{"type":"Feature","properties":{"GEOID":"13065","NAME":"Clinch","STATEFP":"13"},"geometry":{"type":"Polygon","coordinates":[[[857.5,472.8],[858.5,480.1],[861.1,480.6],[863,482.8],[866.3,482.7],[867.1,485.5],[869.7,485.3],[870.5,485.3],[869.3,479.8],[867.8,476.6],[865.6,475.6],[863.4,472],[857.5,472.8]]]}},{"type":"Feature","properties":{"GEOID":"13067","NAME":"Cobb","STATEFP":"13"},"geometry":{"type":"Polygon","coordinates":[[[814.2,409.5],[815.2,415.9],[818.2,417],[820,414.8],[821.3,411.4],[820.3,408.9],[815.7,409.3],[814.2,409.5]]]}},{"type":"Feature","properties":{"GEOID":"13069","NAME":"Coffee","STATEFP":"13"},"geometry":{"type":"Polygon","coordinates":[[[855.4,461.5],[853.1,466.5],[853.3,467.7],[859.3,467.3],[863.7,467.7],[864,465.1],[862.7,460.4],[858.6,461.1],[858.1,457.7],[855.1,458.9],[855.4,461.5]]]}},{"type":"Feature","properties":{"GEOID":"13071","NAME":"Colquitt","STATEFP":"13"},"geometry":{"type":"Polygon","coordinates":[[[836.5,472],[837.2,478],[842.7,478.3],[845.8,476.9],[846.7,473.7],[846.2,470.9],[843.4,471.2],[836.5,472]]]}},{"type":"Feature","properties":{"GEOID":"13073","NAME":"Columbia","STATEFP":"13"},"geometry":{"type":"Polygon","coordinates":[[[860.1,413.7],[860.2,416.1],[863.6,420.2],[868.1,415],[866.2,414.1],[863.9,412.3],[860.1,413.7]]]}},{"type":"Feature","properties":{"GEOID":"13075","NAME":"Cook","STATEFP":"13"},"geometry":{"type":"Polygon","coordinates":[[[846.2,470.9],[846.7,473.7],[845.8,476.9],[847.9,477.7],[851.5,477.3],[850,472.4],[847.7,470.2],[846.2,470.9]]]}},{"type":"Feature","properties":{"GEOID":"13077","NAME":"Coweta","STATEFP":"13"},"geometry":{"type":"Polygon","coordinates":[[[810.6,425.5],[812.6,430],[814.2,430.6],[814.3,429.8],[821.1,429.1],[821.1,428.2],[818.3,424.8],[818.3,422.7],[813.6,423.1],[810.6,425.5]]]}},{"type":"Feature","properties":{"GEOID":"13079","NAME":"Crawford","STATEFP":"13"},"geometry":{"type":"Polygon","coordinates":[[[828.5,440.8],[830.5,440.9],[832.9,444.1],[837,439.7],[838.3,439.5],[836.1,438.9],[834.1,436.3],[829.6,436.9],[828.5,440.8]]]}},{"type":"Feature","properties":{"GEOID":"13081","NAME":"Crisp","STATEFP":"13"},"geometry":{"type":"Polygon","coordinates":[[[839,460.5],[842.6,458.9],[842.2,454.8],[835.2,455.6],[836.3,458.4],[836.2,459.8],[839,460.5]]]}},{"type":"Feature","properties":{"GEOID":"13083","NAME":"Dade","STATEFP":"13"},"geometry":{"type":"Polygon","coordinates":[[[795.9,393],[797.4,398.4],[799.7,389.6],[797.6,389.8],[795.1,390.1],[795.9,393]]]}},{"type":"Feature","properties":{"GEOID":"13085","NAME":"Dawson","STATEFP":"13"},"geometry":{"type":"Polygon","coordinates":[[[820.3,397.2],[822.5,401.3],[822.7,402.3],[828.4,401.6],[827.7,399.7],[823.3,397.4],[823.2,395.9],[823,395.6],[820.3,397.2]]]}},{"type":"Feature","properties":{"GEOID":"13087","NAME":"Decatur","STATEFP":"13"},"geometry":{"type":"Polygon","coordinates":[[[822.7,480],[822.7,484.4],[821,488.7],[830.8,488],[829.8,478.9],[827.1,479.2],[826.4,479.3],[822.7,480]]]}},{"type":"Feature","properties":{"GEOID":"13089","NAME":"DeKalb","STATEFP":"13"},"geometry":{"type":"Polygon","coordinates":[[[823.4,411.3],[822,411.3],[822.9,418.7],[824.2,418.5],[826.1,418.3],[827.6,418.6],[828.9,415.4],[823.4,411.3]]]}},{"type":"Feature","properties":{"GEOID":"13091","NAME":"Dodge","STATEFP":"13"},"geometry":{"type":"Polygon","coordinates":[[[846.6,448.4],[848,450.4],[847.3,452.3],[850.5,456.7],[855.3,450.5],[855.9,448.9],[854,450.4],[850.2,444.3],[846.6,448.4]]]}},{"type":"Feature","properties":{"GEOID":"13093","NAME":"Dooly","STATEFP":"13"},"geometry":{"type":"Polygon","coordinates":[[[836.7,449.3],[833.5,452.5],[835.2,455.6],[842.2,454.8],[841.9,452.7],[841.2,448.7],[836.7,449.3]]]}},{"type":"Feature","properties":{"GEOID":"13095","NAME":"Dougherty","STATEFP":"13"},"geometry":{"type":"Polygon","coordinates":[[[835.2,464.7],[829.8,466],[826.7,466.4],[827.7,470.7],[833.4,469.9],[836.2,469.4],[835.2,464.7]]]}},{"type":"Feature","properties":{"GEOID":"13097","NAME":"Douglas","STATEFP":"13"},"geometry":{"type":"Polygon","coordinates":[[[811.8,416.9],[812.3,421.7],[814.2,421.5],[818.2,417],[815.2,415.9],[811.8,416.9]]]}},{"type":"Feature","properties":{"GEOID":"13099","NAME":"Early","STATEFP":"13"},"geometry":{"type":"Polygon","coordinates":[[[823.5,471.2],[820.5,471.5],[819.7,470.1],[815.2,470.3],[814.9,475.2],[815.1,478.6],[816.7,480.5],[818.9,480.4],[818.5,476.1],[824,475.3],[823.5,471.2]]]}},{"type":"Feature","properties":{"GEOID":"13101","NAME":"Echols","STATEFP":"13"},"geometry":{"type":"Polygon","coordinates":[[[856,486.3],[865,485.7],[867.1,485.5],[866.3,482.7],[863,482.8],[861.1,480.6],[858.5,480.1],[857.6,480.7],[855.6,482.1],[856,486.3]]]}},{"type":"Feature","properties":{"GEOID":"13103","NAME":"Effingham","STATEFP":"13"},"geometry":{"type":"Polygon","coordinates":[[[881.1,438.3],[881.8,440.5],[884.2,443.7],[885.6,447],[888.9,443.1],[890,443.2],[889.9,440.5],[886.1,435.9],[883.8,435.3],[881.1,438.3]]]}},{"type":"Feature","properties":{"GEOID":"13105","NAME":"Elbert","STATEFP":"13"},"geometry":{"type":"Polygon","coordinates":[[[851.2,399.7],[847.5,402],[845.6,402],[848.2,406],[852.2,407.1],[854.7,406.5],[856.4,406.9],[855.6,405.6],[852.1,401.4],[851.2,399.7]]]}},{"type":"Feature","properties":{"GEOID":"13107","NAME":"Emanuel","STATEFP":"13"},"geometry":{"type":"Polygon","coordinates":[[[862.9,434.5],[862.5,437.2],[859.5,440.9],[862.5,440.8],[864.9,441.8],[864.7,443.9],[866,445.2],[868.3,444.2],[869.3,439.3],[871.5,438.5],[871.9,436.9],[870.1,435.8],[868.3,432.5],[864.9,432.4],[862.9,434.5]]]}},{"type":"Feature","properties":{"GEOID":"13109","NAME":"Evans","STATEFP":"13"},"geometry":{"type":"Polygon","coordinates":[[[872.5,444.6],[874.1,449.1],[878.5,449.2],[879.2,448.1],[877.8,446.8],[876.8,444.9],[873.7,444.7],[872.5,444.6]]]}},{"type":"Feature","properties":{"GEOID":"13111","NAME":"Fannin","STATEFP":"13"},"geometry":{"type":"Polygon","coordinates":[[[819.5,387.1],[813.8,387.8],[814.3,391],[817.9,390.5],[820.2,391.4],[823,395.6],[823.2,395.9],[823.6,394.8],[824.5,392.8],[823.2,386.7],[819.5,387.1]]]}},{"type":"Feature","properties":{"GEOID":"13113","NAME":"Fayette","STATEFP":"13"},"geometry":{"type":"Polygon","coordinates":[[[821.1,421.2],[818.3,422.7],[818.3,424.8],[821.1,428.2],[823,425.7],[822.6,422.8],[821.1,421.2]]]}},{"type":"Feature","properties":{"GEOID":"13115","NAME":"Floyd","STATEFP":"13"},"geometry":{"type":"Polygon","coordinates":[[[805.7,398.4],[804.7,402.1],[799.7,406.2],[801,411],[808.2,409.8],[808.2,402.7],[806.6,402.7],[806.4,398.3],[805.7,398.4]]]}},{"type":"Feature","properties":{"GEOID":"13117","NAME":"Forsyth","STATEFP":"13"},"geometry":{"type":"Polygon","coordinates":[[[822.7,402.3],[823.1,405.8],[823.3,407.6],[826.6,408.6],[826.9,405.8],[829.2,402.9],[828.4,401.6],[822.7,402.3]]]}},{"type":"Feature","properties":{"GEOID":"13119","NAME":"Franklin","STATEFP":"13"},"geometry":{"type":"Polygon","coordinates":[[[838.7,397.3],[840.3,402.7],[841.3,401.6],[844.8,400.9],[845.3,395.6],[844.1,394.7],[842.9,396.3],[838.7,397.3]]]}},{"type":"Feature","properties":{"GEOID":"13121","NAME":"Fulton","STATEFP":"13"},"geometry":{"type":"Polygon","coordinates":[[[818.2,417],[814.2,421.5],[813.6,423.1],[818.3,422.7],[821.1,421.2],[822.9,418.7],[822,411.3],[823.4,411.3],[826.6,408.6],[823.3,407.6],[823.1,405.8],[821.7,406],[820.3,408.9],[821.3,411.4],[820,414.8],[818.2,417]]]}},{"type":"Feature","properties":{"GEOID":"13123","NAME":"Gilmer","STATEFP":"13"},"geometry":{"type":"Polygon","coordinates":[[[814.3,391],[814.3,397.4],[814.4,398.2],[820.3,397.2],[823,395.6],[820.2,391.4],[817.9,390.5],[814.3,391]]]}},{"type":"Feature","properties":{"GEOID":"13125","NAME":"Glascock","STATEFP":"13"},"geometry":{"type":"Polygon","coordinates":[[[861.2,422.5],[858.5,421.6],[855,423.9],[855.2,424.2],[857.2,426.6],[861.2,422.5]]]}},{"type":"Feature","properties":{"GEOID":"13127","NAME":"Glynn","STATEFP":"13"},"geometry":{"type":"Polygon","coordinates":[[[883.3,462.6],[881.6,465.8],[881.5,469.7],[885.8,470.9],[888.9,472.8],[891.3,472.4],[891,468.6],[892.6,465],[887.5,465.3],[883.3,462.6]]]}},{"type":"Feature","properties":{"GEOID":"13129","NAME":"Gordon","STATEFP":"13"},"geometry":{"type":"Polygon","coordinates":[[[806.4,398.3],[806.6,402.7],[808.2,402.7],[814.9,401.4],[814.4,398.2],[814.3,397.4],[809.3,396.8],[806.7,397.4],[806.4,398.3]]]}},{"type":"Feature","properties":{"GEOID":"13131","NAME":"Grady","STATEFP":"13"},"geometry":{"type":"Polygon","coordinates":[[[829.8,478.9],[830.8,488],[832.8,487.9],[836.8,487.6],[836.2,482],[835,478.3],[829.8,478.9]]]}},{"type":"Feature","properties":{"GEOID":"13133","NAME":"Greene","STATEFP":"13"},"geometry":{"type":"Polygon","coordinates":[[[843.2,413.4],[841,415.2],[844.1,419.9],[846.7,422.6],[849.3,419.5],[848.9,414.2],[846.5,414.4],[843.2,413.4]]]}},{"type":"Feature","properties":{"GEOID":"13135","NAME":"Gwinnett","STATEFP":"13"},"geometry":{"type":"Polygon","coordinates":[[[826.6,408.6],[823.4,411.3],[828.9,415.4],[829.6,414.6],[832.7,410.7],[831.1,409.2],[831.7,406.1],[830.8,407],[826.9,405.8],[826.6,408.6]]]}},{"type":"Feature","properties":{"GEOID":"13137","NAME":"Habersham","STATEFP":"13"},"geometry":{"type":"Polygon","coordinates":[[[832.3,390],[833.6,391.5],[833.5,396.9],[834.7,398.5],[837.5,396.9],[839.2,391.8],[838.8,391.2],[835,390.9],[832.8,389.4],[832.3,390]]]}},{"type":"Feature","properties":{"GEOID":"13139","NAME":"Hall","STATEFP":"13"},"geometry":{"type":"Polygon","coordinates":[[[830.1,397.3],[827.7,399.7],[828.4,401.6],[829.2,402.9],[826.9,405.8],[830.8,407],[831.7,406.1],[835,401.7],[834.7,398.5],[833.5,396.9],[830.1,397.3]]]}},{"type":"Feature","properties":{"GEOID":"13141","NAME":"Hancock","STATEFP":"13"},"geometry":{"type":"Polygon","coordinates":[[[846.7,422.6],[845.1,426.8],[848.7,427.2],[849.8,428.7],[852.8,426.9],[855.2,424.2],[855,423.9],[852.5,419.7],[849.3,419.5],[846.7,422.6]]]}},{"type":"Feature","properties":{"GEOID":"13143","NAME":"Haralson","STATEFP":"13"},"geometry":{"type":"Polygon","coordinates":[[[808.6,414.3],[802.1,415.1],[803.7,420.8],[809.1,418.7],[809.1,416.4],[808.6,414.3]]]}},{"type":"Feature","properties":{"GEOID":"13145","NAME":"Harris","STATEFP":"13"},"geometry":{"type":"Polygon","coordinates":[[[810.1,441.7],[811.5,444.8],[819.2,444.5],[818.3,438.4],[815.1,438.1],[808.8,438.9],[810.1,441.7]]]}},{"type":"Feature","properties":{"GEOID":"13147","NAME":"Hart","STATEFP":"13"},"geometry":{"type":"Polygon","coordinates":[[[845.3,395.6],[844.8,400.9],[845.6,402],[847.5,402],[851.2,399.7],[848.9,395.9],[846.4,395.8],[845.3,395.6]]]}},{"type":"Feature","properties":{"GEOID":"13149","NAME":"Heard","STATEFP":"13"},"geometry":{"type":"Polygon","coordinates":[[[805.2,426],[807.1,432.9],[812.6,430],[810.6,425.5],[805.2,426]]]}},{"type":"Feature","properties":{"GEOID":"13151","NAME":"Henry","STATEFP":"13"},"geometry":{"type":"Polygon","coordinates":[[[824.2,418.5],[824.6,423.5],[823.6,425.6],[828.7,426.3],[831.7,422.4],[829.1,420.8],[826.1,418.3],[824.2,418.5]]]}},{"type":"Feature","properties":{"GEOID":"13153","NAME":"Houston","STATEFP":"13"},"geometry":{"type":"Polygon","coordinates":[[[838.3,439.5],[838.5,443.3],[836.2,445.1],[836.7,449.3],[841.2,448.7],[843.2,445.8],[843.1,444.6],[840.4,439.9],[838.3,439.5]]]}},{"type":"Feature","properties":{"GEOID":"13155","NAME":"Irwin","STATEFP":"13"},"geometry":{"type":"Polygon","coordinates":[[[845.7,464.7],[849.2,467],[853.1,466.5],[855.4,461.5],[848.9,462.2],[846.1,460.7],[845.7,464.7]]]}},{"type":"Feature","properties":{"GEOID":"13157","NAME":"Jackson","STATEFP":"13"},"geometry":{"type":"Polygon","coordinates":[[[835,401.7],[831.7,406.1],[833.2,407.5],[836.9,407.8],[837.6,409.2],[840.8,407],[839.5,403.5],[835,401.7]]]}},{"type":"Feature","properties":{"GEOID":"13159","NAME":"Jasper","STATEFP":"13"},"geometry":{"type":"Polygon","coordinates":[[[836.2,419.9],[833.1,424.1],[834.5,428.4],[834.8,429.5],[839.9,427.9],[839.3,421.7],[836.2,419.9]]]}},{"type":"Feature","properties":{"GEOID":"13161","NAME":"Jeff Davis","STATEFP":"13"},"geometry":{"type":"Polygon","coordinates":[[[861.5,454.8],[858.1,457.7],[858.6,461.1],[862.7,460.4],[864.7,459.3],[864.3,456.3],[866,456],[865.6,453],[864.6,453.1],[863.4,453.5],[861.5,454.8]]]}},{"type":"Feature","properties":{"GEOID":"13163","NAME":"Jefferson","STATEFP":"13"},"geometry":{"type":"Polygon","coordinates":[[[861.2,422.5],[857.2,426.6],[859.8,429],[861,433.3],[862.9,434.5],[864.9,432.4],[865.4,429.9],[864.6,427],[865.2,423],[864.4,422.2],[862.6,421.4],[862,421.5],[861.2,422.5]]]}},{"type":"Feature","properties":{"GEOID":"13165","NAME":"Jenkins","STATEFP":"13"},"geometry":{"type":"Polygon","coordinates":[[[868.3,432.5],[870.1,435.8],[871.9,436.9],[874.8,435.4],[874.2,434.7],[875.3,429.1],[873.4,428.3],[869.2,429.9],[868.3,432.5]]]}},{"type":"Feature","properties":{"GEOID":"13167","NAME":"Johnson","STATEFP":"13"},"geometry":{"type":"Polygon","coordinates":[[[861,433.3],[856.3,435.2],[852.9,435.9],[852.8,437.2],[854.7,436.7],[858.8,438.6],[859.5,440.9],[862.5,437.2],[862.9,434.5],[861,433.3]]]}},{"type":"Feature","properties":{"GEOID":"13169","NAME":"Jones","STATEFP":"13"},"geometry":{"type":"Polygon","coordinates":[[[834.8,429.5],[837.4,433.4],[838.6,434.8],[841.5,435.4],[843.4,433.9],[844.3,433.1],[842.1,427.2],[839.9,427.9],[834.8,429.5]]]}},{"type":"Feature","properties":{"GEOID":"13171","NAME":"Lamar","STATEFP":"13"},"geometry":{"type":"Polygon","coordinates":[[[826.2,429.2],[826.3,433.9],[829.4,434.9],[830.9,434.4],[830.2,428.4],[828.6,428.6],[826.2,429.2]]]}},{"type":"Feature","properties":{"GEOID":"13173","NAME":"Lanier","STATEFP":"13"},"geometry":{"type":"Polygon","coordinates":[[[853.5,477.1],[854.1,478.8],[856.8,478.5],[857.6,480.7],[858.5,480.1],[857.5,472.8],[856,473],[853.7,474.2],[853.5,477.1]]]}},{"type":"Feature","properties":{"GEOID":"13175","NAME":"Laurens","STATEFP":"13"},"geometry":{"type":"Polygon","coordinates":[[[848,440.8],[850.2,444.3],[854,450.4],[855.9,448.9],[858.7,445.8],[859.5,440.9],[858.8,438.6],[854.7,436.7],[852.8,437.2],[848,440.8]]]}},{"type":"Feature","properties":{"GEOID":"13177","NAME":"Lee","STATEFP":"13"},"geometry":{"type":"Polygon","coordinates":[[[829.4,464.4],[829.8,466],[835.2,464.7],[836.2,459.8],[836.3,458.4],[828.1,459.2],[828.2,460.2],[829.9,461.1],[829.4,464.4]]]}},{"type":"Feature","properties":{"GEOID":"13179","NAME":"Liberty","STATEFP":"13"},"geometry":{"type":"Polygon","coordinates":[[[877.4,450.2],[879,453.2],[881.9,455.4],[885.1,456.5],[886.4,457.7],[889.8,457],[891.9,459.3],[893.5,459.4],[893.7,455],[891.7,455.2],[886.8,452.7],[886,451.1],[882.1,450.4],[879.2,448.1],[878.5,449.2],[877.4,450.2]]]}},{"type":"Feature","properties":{"GEOID":"13181","NAME":"Lincoln","STATEFP":"13"},"geometry":{"type":"Polygon","coordinates":[[[854.7,406.5],[856.7,410.9],[859,414.1],[860.1,413.7],[863.9,412.3],[860.9,409.1],[856.4,406.9],[854.7,406.5]]]}},{"type":"Feature","properties":{"GEOID":"13183","NAME":"Long","STATEFP":"13"},"geometry":{"type":"Polygon","coordinates":[[[875.3,455.8],[882.2,460.8],[884,459.6],[885.1,456.5],[881.9,455.4],[879,453.2],[877.4,450.2],[875.3,455.8]]]}},{"type":"Feature","properties":{"GEOID":"13185","NAME":"Lowndes","STATEFP":"13"},"geometry":{"type":"Polygon","coordinates":[[[851.5,477.3],[847.9,477.7],[850.4,480.9],[848.6,484.1],[851.5,486.6],[851.8,486.6],[852.5,486.5],[856,486.3],[855.6,482.1],[857.6,480.7],[856.8,478.5],[854.1,478.8],[853.5,477.1],[851.5,477.3]]]}},{"type":"Feature","properties":{"GEOID":"13187","NAME":"Lumpkin","STATEFP":"13"},"geometry":{"type":"Polygon","coordinates":[[[829.2,392.3],[827.6,392],[826,394.6],[823.6,394.8],[823.2,395.9],[823.3,397.4],[827.7,399.7],[830.1,397.3],[829.2,392.3]]]}},{"type":"Feature","properties":{"GEOID":"13189","NAME":"McDuffie","STATEFP":"13"},"geometry":{"type":"Polygon","coordinates":[[[855.9,415.3],[858.9,420.8],[862,421.5],[862.6,421.4],[863.6,420.2],[860.2,416.1],[860.1,413.7],[859,414.1],[855.9,415.3]]]}},{"type":"Feature","properties":{"GEOID":"13191","NAME":"McIntosh","STATEFP":"13"},"geometry":{"type":"Polygon","coordinates":[[[883.3,462.6],[887.5,465.3],[892.6,465],[892.1,462.6],[893.5,459.4],[891.9,459.3],[889.8,457],[886.4,457.7],[885.1,456.5],[884,459.6],[882.2,460.8],[883.3,462.6]]]}},{"type":"Feature","properties":{"GEOID":"13193","NAME":"Macon","STATEFP":"13"},"geometry":{"type":"MultiPolygon","coordinates":[[[[831.9,444.4],[830.6,444.9],[828.4,448.4],[830.3,451.5],[833.5,452.5],[836.7,449.3],[836.2,445.1],[832.7,444.6],[831.9,444.4]]],[[[831.9,444.4],[832.8,444.3],[832.9,444.1],[831.9,444.4]]]]}},{"type":"Feature","properties":{"GEOID":"13195","NAME":"Madison","STATEFP":"13"},"geometry":{"type":"Polygon","coordinates":[[[844.8,400.9],[841.3,401.6],[840.3,402.7],[839.5,403.5],[840.8,407],[842.9,407.7],[845.3,406.3],[848.2,406],[845.6,402],[844.8,400.9]]]}},{"type":"Feature","properties":{"GEOID":"13197","NAME":"Marion","STATEFP":"13"},"geometry":{"type":"Polygon","coordinates":[[[820.5,445.5],[820.9,452.6],[821.1,452.6],[825.6,454.4],[825.6,453.6],[825.6,447.7],[824.2,444.4],[820.5,445.5]]]}},{"type":"Feature","properties":{"GEOID":"13199","NAME":"Meriwether","STATEFP":"13"},"geometry":{"type":"Polygon","coordinates":[[[814.2,430.6],[815.1,438.1],[818.3,438.4],[822,437],[821.4,435],[821.4,429.9],[821.1,429.1],[814.3,429.8],[814.2,430.6]]]}},{"type":"Feature","properties":{"GEOID":"13201","NAME":"Miller","STATEFP":"13"},"geometry":{"type":"Polygon","coordinates":[[[824,475.3],[818.5,476.1],[818.9,480.4],[822.7,480],[826.4,479.3],[826,475.2],[824,475.3]]]}},{"type":"Feature","properties":{"GEOID":"13205","NAME":"Mitchell","STATEFP":"13"},"geometry":{"type":"Polygon","coordinates":[[[833.4,469.9],[832.5,472],[829.8,473.5],[827.1,479.2],[829.8,478.9],[835,478.3],[837.2,478],[836.5,472],[836.2,469.4],[833.4,469.9]]]}},{"type":"Feature","properties":{"GEOID":"13207","NAME":"Monroe","STATEFP":"13"},"geometry":{"type":"Polygon","coordinates":[[[830.2,428.4],[830.9,434.4],[829.4,434.9],[829.6,436.9],[834.1,436.3],[837.4,433.4],[834.8,429.5],[834.5,428.4],[830.2,428.4]]]}},{"type":"Feature","properties":{"GEOID":"13209","NAME":"Montgomery","STATEFP":"13"},"geometry":{"type":"Polygon","coordinates":[[[860.1,445.9],[862.2,452.4],[863.4,453.5],[864.6,453.1],[864.7,443.9],[860.1,445.9]]]}},{"type":"Feature","properties":{"GEOID":"13211","NAME":"Morgan","STATEFP":"13"},"geometry":{"type":"Polygon","coordinates":[[[838.7,412.6],[836,418.2],[836.2,419.9],[839.3,421.7],[844.1,419.9],[841,415.2],[838.7,412.6]]]}},{"type":"Feature","properties":{"GEOID":"13213","NAME":"Murray","STATEFP":"13"},"geometry":{"type":"Polygon","coordinates":[[[810.2,388.3],[810.4,390.9],[808.8,394.9],[809.3,396.8],[814.3,397.4],[814.3,391],[813.8,387.8],[810.9,388.2],[810.2,388.3]]]}},{"type":"Feature","properties":{"GEOID":"13215","NAME":"Muscogee","STATEFP":"13"},"geometry":{"type":"Polygon","coordinates":[[[811.5,444.8],[813.4,446.9],[814.3,449.9],[817.7,448.7],[819.4,446],[819.2,444.5],[811.5,444.8]]]}},{"type":"Feature","properties":{"GEOID":"13217","NAME":"Newton","STATEFP":"13"},"geometry":{"type":"Polygon","coordinates":[[[829.1,420.8],[831.7,422.4],[833.1,424.1],[836.2,419.9],[836,418.2],[831,415.4],[831,417.6],[829.1,420.8]]]}},{"type":"Feature","properties":{"GEOID":"13219","NAME":"Oconee","STATEFP":"13"},"geometry":{"type":"Polygon","coordinates":[[[835.7,410.9],[838.7,412.6],[841,415.2],[843.2,413.4],[843,411.3],[837.6,409.2],[835.7,410.9]]]}},{"type":"Feature","properties":{"GEOID":"13221","NAME":"Oglethorpe","STATEFP":"13"},"geometry":{"type":"Polygon","coordinates":[[[848.2,406],[845.3,406.3],[842.9,407.7],[843,411.3],[843.2,413.4],[846.5,414.4],[848.9,414.2],[849.7,413.2],[848.8,412.1],[852.2,407.1],[848.2,406]]]}},{"type":"Feature","properties":{"GEOID":"13223","NAME":"Paulding","STATEFP":"13"},"geometry":{"type":"Polygon","coordinates":[[[810.6,409.8],[809.9,413],[808.6,414.3],[809.1,416.4],[811.8,416.9],[815.2,415.9],[814.2,409.5],[810.6,409.8]]]}},{"type":"Feature","properties":{"GEOID":"13225","NAME":"Peach","STATEFP":"13"},"geometry":{"type":"Polygon","coordinates":[[[838.3,439.5],[837,439.7],[832.9,444.1],[832.8,444.3],[832.7,444.6],[836.2,445.1],[838.5,443.3],[838.3,439.5]]]}},{"type":"Feature","properties":{"GEOID":"13227","NAME":"Pickens","STATEFP":"13"},"geometry":{"type":"Polygon","coordinates":[[[820.3,397.2],[814.4,398.2],[814.9,401.4],[816.3,402],[822.5,401.3],[820.3,397.2]]]}},{"type":"Feature","properties":{"GEOID":"13229","NAME":"Pierce","STATEFP":"13"},"geometry":{"type":"Polygon","coordinates":[[[871.1,462.6],[867.7,465.8],[868.8,468.7],[871,469.9],[872.8,470.1],[874.6,468.2],[875.3,465.7],[873.2,463.7],[871.1,462.6]]]}},{"type":"Feature","properties":{"GEOID":"13231","NAME":"Pike","STATEFP":"13"},"geometry":{"type":"Polygon","coordinates":[[[821.4,429.9],[821.4,435],[825.8,433.8],[826.3,433.9],[826.2,429.2],[821.4,429.9]]]}},{"type":"Feature","properties":{"GEOID":"13233","NAME":"Polk","STATEFP":"13"},"geometry":{"type":"Polygon","coordinates":[[[808.2,409.8],[801,411],[801.7,413.6],[802.1,415.1],[808.6,414.3],[809.9,413],[810.6,409.8],[808.2,409.8]]]}},{"type":"Feature","properties":{"GEOID":"13235","NAME":"Pulaski","STATEFP":"13"},"geometry":{"type":"Polygon","coordinates":[[[841.2,448.7],[841.9,452.7],[847.3,452.3],[848,450.4],[846.6,448.4],[843.2,445.8],[841.2,448.7]]]}},{"type":"Feature","properties":{"GEOID":"13237","NAME":"Putnam","STATEFP":"13"},"geometry":{"type":"Polygon","coordinates":[[[839.3,421.7],[839.9,427.9],[842.1,427.2],[845.1,426.8],[846.7,422.6],[844.1,419.9],[839.3,421.7]]]}},{"type":"Feature","properties":{"GEOID":"13239","NAME":"Quitman","STATEFP":"13"},"geometry":{"type":"Polygon","coordinates":[[[813.5,459.2],[812.6,464.3],[816.2,464],[816.8,460.4],[813.5,459.2]]]}},{"type":"Feature","properties":{"GEOID":"13241","NAME":"Rabun","STATEFP":"13"},"geometry":{"type":"Polygon","coordinates":[[[835.5,385],[834.2,385.2],[832.8,389.4],[835,390.9],[838.8,391.2],[839.1,389.4],[842.3,385.1],[842.5,383.9],[835.5,385]]]}},{"type":"Feature","properties":{"GEOID":"13243","NAME":"Randolph","STATEFP":"13"},"geometry":{"type":"Polygon","coordinates":[[[816.8,460.4],[816.2,464],[817,467.6],[819.4,467.3],[824.8,466.6],[823.3,463.3],[822.9,459.8],[821.8,459.9],[816.8,460.4]]]}},{"type":"Feature","properties":{"GEOID":"13245","NAME":"Richmond","STATEFP":"13"},"geometry":{"type":"Polygon","coordinates":[[[868.1,415],[863.6,420.2],[862.6,421.4],[864.4,422.2],[866.1,421.2],[867.9,422.6],[872.5,421.5],[870.9,419.7],[870.2,416.5],[868.4,415.3],[868.1,415]]]}},{"type":"Feature","properties":{"GEOID":"13247","NAME":"Rockdale","STATEFP":"13"},"geometry":{"type":"Polygon","coordinates":[[[828.9,415.4],[827.6,418.6],[826.1,418.3],[829.1,420.8],[831,417.6],[831,415.4],[829.6,414.6],[828.9,415.4]]]}},{"type":"Feature","properties":{"GEOID":"13249","NAME":"Schley","STATEFP":"13"},"geometry":{"type":"Polygon","coordinates":[[[826.2,448],[825.6,447.7],[825.6,453.6],[830.5,453.2],[830.3,451.5],[828.4,448.4],[826.2,448]]]}},{"type":"Feature","properties":{"GEOID":"13251","NAME":"Screven","STATEFP":"13"},"geometry":{"type":"Polygon","coordinates":[[[879.3,425.3],[875.3,429.1],[874.2,434.7],[874.8,435.4],[881.1,438.3],[883.8,435.3],[883,431.9],[882.2,429.7],[879.3,425.3]]]}},{"type":"Feature","properties":{"GEOID":"13253","NAME":"Seminole","STATEFP":"13"},"geometry":{"type":"Polygon","coordinates":[[[822.7,480],[818.9,480.4],[816.7,480.5],[817.5,482.2],[820,487.9],[821,488.7],[822.7,484.4],[822.7,480]]]}},{"type":"Feature","properties":{"GEOID":"13255","NAME":"Spalding","STATEFP":"13"},"geometry":{"type":"Polygon","coordinates":[[[826.2,429.2],[828.6,428.6],[828.7,426.3],[823.6,425.6],[823,425.7],[821.1,428.2],[821.1,429.1],[821.4,429.9],[826.2,429.2]]]}},{"type":"Feature","properties":{"GEOID":"13257","NAME":"Stephens","STATEFP":"13"},"geometry":{"type":"Polygon","coordinates":[[[839.2,391.8],[837.5,396.9],[838.7,397.3],[842.9,396.3],[844.1,394.7],[839.2,391.8]]]}},{"type":"Feature","properties":{"GEOID":"13259","NAME":"Stewart","STATEFP":"13"},"geometry":{"type":"Polygon","coordinates":[[[815.7,453.3],[813.2,455.9],[813.5,457.5],[813.5,459.2],[816.8,460.4],[821.8,459.9],[821.1,452.6],[820.9,452.6],[815.7,453.3]]]}},{"type":"Feature","properties":{"GEOID":"13261","NAME":"Sumter","STATEFP":"13"},"geometry":{"type":"Polygon","coordinates":[[[830.3,451.5],[830.5,453.2],[825.6,453.6],[825.6,454.4],[825.9,458.3],[828.2,460.2],[828.1,459.2],[836.3,458.4],[835.2,455.6],[833.5,452.5],[830.3,451.5]]]}},{"type":"Feature","properties":{"GEOID":"13263","NAME":"Talbot","STATEFP":"13"},"geometry":{"type":"Polygon","coordinates":[[[818.3,438.4],[819.2,444.5],[819.4,446],[820.5,445.5],[824.2,444.4],[826.7,439.6],[822,437],[818.3,438.4]]]}},{"type":"Feature","properties":{"GEOID":"13265","NAME":"Taliaferro","STATEFP":"13"},"geometry":{"type":"Polygon","coordinates":[[[855.3,415.6],[849.7,413.2],[848.9,414.2],[849.3,419.5],[852.5,419.7],[855.3,415.6]]]}},{"type":"Feature","properties":{"GEOID":"13267","NAME":"Tattnall","STATEFP":"13"},"geometry":{"type":"Polygon","coordinates":[[[868.3,444.2],[869.8,447.8],[869.8,453.7],[873.6,455.2],[875.3,455.8],[877.4,450.2],[878.5,449.2],[874.1,449.1],[872.5,444.6],[868.3,444.2]]]}},{"type":"Feature","properties":{"GEOID":"13269","NAME":"Taylor","STATEFP":"13"},"geometry":{"type":"MultiPolygon","coordinates":[[[[831.9,444.4],[832.9,444.1],[830.5,440.9],[828.5,440.8],[826.7,439.6],[824.2,444.4],[825.6,447.7],[826.2,448],[828.4,448.4],[830.6,444.9],[831.9,444.4]]],[[[831.9,444.4],[832.7,444.6],[832.8,444.3],[831.9,444.4]]]]}},{"type":"Feature","properties":{"GEOID":"13271","NAME":"Telfair","STATEFP":"13"},"geometry":{"type":"Polygon","coordinates":[[[851.3,457.9],[855.1,458.9],[858.1,457.7],[861.5,454.8],[859.6,452.9],[855.3,450.5],[850.5,456.7],[851.3,457.9]]]}},{"type":"Feature","properties":{"GEOID":"13273","NAME":"Terrell","STATEFP":"13"},"geometry":{"type":"Polygon","coordinates":[[[822.9,459.8],[823.3,463.3],[824.8,466.6],[826.7,466.4],[829.8,466],[829.4,464.4],[829.9,461.1],[828.2,460.2],[825.9,458.3],[822.9,459.8]]]}},{"type":"Feature","properties":{"GEOID":"13275","NAME":"Thomas","STATEFP":"13"},"geometry":{"type":"Polygon","coordinates":[[[835,478.3],[836.2,482],[836.8,487.6],[838.3,487.5],[843.7,487.1],[842.7,478.3],[837.2,478],[835,478.3]]]}},{"type":"Feature","properties":{"GEOID":"13277","NAME":"Tift","STATEFP":"13"},"geometry":{"type":"Polygon","coordinates":[[[842.8,465.6],[843.4,471.2],[846.2,470.9],[847.7,470.2],[849.2,467],[845.7,464.7],[842.8,465.6]]]}},{"type":"Feature","properties":{"GEOID":"13279","NAME":"Toombs","STATEFP":"13"},"geometry":{"type":"Polygon","coordinates":[[[864.7,443.9],[864.6,453.1],[865.6,453],[869.8,453.7],[869.8,447.8],[868.3,444.2],[866,445.2],[864.7,443.9]]]}},{"type":"Feature","properties":{"GEOID":"13281","NAME":"Towns","STATEFP":"13"},"geometry":{"type":"Polygon","coordinates":[[[826.9,386.2],[829.6,388.1],[830.4,390.4],[832.3,390],[832.8,389.4],[834.2,385.2],[826.9,386.2]]]}},{"type":"Feature","properties":{"GEOID":"13283","NAME":"Treutlen","STATEFP":"13"},"geometry":{"type":"Polygon","coordinates":[[[859.5,440.9],[858.7,445.8],[860.1,445.9],[864.7,443.9],[864.9,441.8],[862.5,440.8],[859.5,440.9]]]}},{"type":"Feature","properties":{"GEOID":"13285","NAME":"Troup","STATEFP":"13"},"geometry":{"type":"Polygon","coordinates":[[[812.6,430],[807.1,432.9],[807.2,433.4],[808.8,438.9],[815.1,438.1],[814.2,430.6],[812.6,430]]]}},{"type":"Feature","properties":{"GEOID":"13287","NAME":"Turner","STATEFP":"13"},"geometry":{"type":"Polygon","coordinates":[[[842.6,458.9],[839,460.5],[839.7,464.7],[842.8,465.6],[845.7,464.7],[846.1,460.7],[845.3,458.7],[842.6,458.9]]]}},{"type":"Feature","properties":{"GEOID":"13289","NAME":"Twiggs","STATEFP":"13"},"geometry":{"type":"Polygon","coordinates":[[[841.5,435.4],[840.4,439.9],[843.1,444.6],[848,440.8],[843.4,433.9],[841.5,435.4]]]}},{"type":"Feature","properties":{"GEOID":"13291","NAME":"Union","STATEFP":"13"},"geometry":{"type":"Polygon","coordinates":[[[823.2,386.7],[824.5,392.8],[823.6,394.8],[826,394.6],[827.6,392],[829.2,392.3],[830.4,390.4],[829.6,388.1],[826.9,386.2],[825.6,386.4],[823.2,386.7]]]}},{"type":"Feature","properties":{"GEOID":"13293","NAME":"Upson","STATEFP":"13"},"geometry":{"type":"Polygon","coordinates":[[[825.8,433.8],[821.4,435],[822,437],[826.7,439.6],[828.5,440.8],[829.6,436.9],[829.4,434.9],[826.3,433.9],[825.8,433.8]]]}},{"type":"Feature","properties":{"GEOID":"13295","NAME":"Walker","STATEFP":"13"},"geometry":{"type":"Polygon","coordinates":[[[799.7,389.6],[797.4,398.4],[797.6,399.2],[805.7,398.4],[806.4,398.3],[806.7,397.4],[806.4,395.1],[804.5,394.2],[802,392.4],[801.6,389.4],[799.7,389.6]]]}},{"type":"Feature","properties":{"GEOID":"13297","NAME":"Walton","STATEFP":"13"},"geometry":{"type":"Polygon","coordinates":[[[829.6,414.6],[831,415.4],[836,418.2],[838.7,412.6],[835.7,410.9],[832.7,410.7],[829.6,414.6]]]}},{"type":"Feature","properties":{"GEOID":"13299","NAME":"Ware","STATEFP":"13"},"geometry":{"type":"Polygon","coordinates":[[[863.4,472],[865.6,475.6],[867.8,476.6],[869.3,479.8],[870.5,485.3],[874.6,485],[875.2,479.8],[869.7,480.3],[869.1,475.2],[874.8,474.5],[871,469.9],[868.8,468.7],[867.7,465.8],[864,465.1],[863.7,467.7],[863.4,472]]]}},{"type":"Feature","properties":{"GEOID":"13301","NAME":"Warren","STATEFP":"13"},"geometry":{"type":"Polygon","coordinates":[[[855.3,415.6],[852.5,419.7],[855,423.9],[858.5,421.6],[861.2,422.5],[862,421.5],[858.9,420.8],[855.9,415.3],[855.3,415.6]]]}},{"type":"Feature","properties":{"GEOID":"13303","NAME":"Washington","STATEFP":"13"},"geometry":{"type":"Polygon","coordinates":[[[855.2,424.2],[852.8,426.9],[849.8,428.7],[849.8,431.9],[852.9,435.9],[856.3,435.2],[861,433.3],[859.8,429],[857.2,426.6],[855.2,424.2]]]}},{"type":"Feature","properties":{"GEOID":"13305","NAME":"Wayne","STATEFP":"13"},"geometry":{"type":"Polygon","coordinates":[[[873.6,455.2],[872.1,456.7],[873.2,463.7],[875.3,465.7],[881.6,465.8],[883.3,462.6],[882.2,460.8],[875.3,455.8],[873.6,455.2]]]}},{"type":"Feature","properties":{"GEOID":"13307","NAME":"Webster","STATEFP":"13"},"geometry":{"type":"Polygon","coordinates":[[[821.1,452.6],[821.8,459.9],[822.9,459.8],[825.9,458.3],[825.6,454.4],[821.1,452.6]]]}},{"type":"Feature","properties":{"GEOID":"13309","NAME":"Wheeler","STATEFP":"13"},"geometry":{"type":"Polygon","coordinates":[[[855.3,450.5],[859.6,452.9],[861.5,454.8],[863.4,453.5],[862.2,452.4],[860.1,445.9],[858.7,445.8],[855.9,448.9],[855.3,450.5]]]}},{"type":"Feature","properties":{"GEOID":"13311","NAME":"White","STATEFP":"13"},"geometry":{"type":"Polygon","coordinates":[[[830.4,390.4],[829.2,392.3],[830.1,397.3],[833.5,396.9],[833.6,391.5],[832.3,390],[830.4,390.4]]]}},{"type":"Feature","properties":{"GEOID":"13313","NAME":"Whitfield","STATEFP":"13"},"geometry":{"type":"Polygon","coordinates":[[[807,388.7],[805.9,392.8],[804.5,394.2],[806.4,395.1],[806.7,397.4],[809.3,396.8],[808.8,394.9],[810.4,390.9],[810.2,388.3],[807.1,388.7],[807,388.7]]]}},{"type":"Feature","properties":{"GEOID":"13315","NAME":"Wilcox","STATEFP":"13"},"geometry":{"type":"Polygon","coordinates":[[[845.3,458.7],[851.3,457.9],[850.5,456.7],[847.3,452.3],[841.9,452.7],[842.2,454.8],[842.6,458.9],[845.3,458.7]]]}},{"type":"Feature","properties":{"GEOID":"13317","NAME":"Wilkes","STATEFP":"13"},"geometry":{"type":"Polygon","coordinates":[[[852.2,407.1],[848.8,412.1],[849.7,413.2],[855.3,415.6],[855.9,415.3],[859,414.1],[856.7,410.9],[854.7,406.5],[852.2,407.1]]]}},{"type":"Feature","properties":{"GEOID":"13319","NAME":"Wilkinson","STATEFP":"13"},"geometry":{"type":"Polygon","coordinates":[[[843.4,433.9],[848,440.8],[852.8,437.2],[852.9,435.9],[849.8,431.9],[848.4,430.6],[844.3,433.1],[843.4,433.9]]]}},{"type":"Feature","properties":{"GEOID":"13321","NAME":"Worth","STATEFP":"13"},"geometry":{"type":"Polygon","coordinates":[[[835.2,464.7],[836.2,469.4],[836.5,472],[843.4,471.2],[842.8,465.6],[839.7,464.7],[839,460.5],[836.2,459.8],[835.2,464.7]]]}},{"type":"Feature","properties":{"GEOID":"15001","NAME":"Hawaii","STATEFP":"15"},"geometry":{"type":"Polygon","coordinates":[[[491.6,713.6],[494.1,716.2],[496.4,720.9],[500.2,724.1],[499.8,726],[496.2,729.4],[490.8,731.8],[489.1,731.5],[483.9,735.1],[482.3,738.3],[479.4,739.9],[474.2,736.6],[473.2,734.3],[473.8,728.8],[471.7,722.8],[469.9,720],[470.1,718.4],[473.3,715.6],[475.1,713],[473.4,709.5],[473.6,707.3],[476.1,705.9],[481.8,709.2],[485.1,710],[491.6,713.6]]]}},{"type":"Feature","properties":{"GEOID":"15003","NAME":"Honolulu","STATEFP":"15"},"geometry":{"type":"Polygon","coordinates":[[[421,675.8],[424.9,675.2],[427.1,672.9],[429.5,672.6],[433.7,678.1],[435.7,678.6],[436.8,683.9],[435.3,685.2],[432.4,685.5],[430.4,684.3],[425.7,684.6],[424.5,683.8],[420.9,677.4],[421,675.8]]]}},{"type":"Feature","properties":{"GEOID":"15005","NAME":"Kalawao","STATEFP":"15"},"geometry":{"type":"Polygon","coordinates":[[[453.1,684.8],[452.1,686.4],[449.9,684.1],[453.1,684.8]]]}},{"type":"Feature","properties":{"GEOID":"15007","NAME":"Kauai","STATEFP":"15"},"geometry":{"type":"MultiPolygon","coordinates":[[[[397.4,659.9],[400.8,662.8],[399.9,668.1],[396.4,670.9],[392.2,670.2],[388.7,668],[387.5,664.8],[389.7,662],[392.6,660.4],[397.4,659.9]]],[[[380.3,666.7],[382.9,664.9],[384.2,666.7],[383.4,669.6],[380.3,672.5],[378.2,672.4],[377.4,669.9],[380.3,666.7]]]]}},{"type":"Feature","properties":{"GEOID":"15009","NAME":"Maui","STATEFP":"15"},"geometry":{"type":"MultiPolygon","coordinates":[[[[456.4,693.8],[456.1,690],[459.3,688],[462.4,690.9],[464.9,690.1],[468.1,690.8],[474.1,695.2],[472.1,699.2],[466,701],[462.3,700.5],[460.6,702.7],[455.8,702.9],[456.8,699.4],[461.4,697.2],[459.6,696.2],[456.4,693.8]]],[[[452.1,686.4],[453.1,684.8],[456.4,684.9],[457.5,687.9],[453.9,690.2],[448.7,688.8],[443.2,689],[442.2,687.8],[443.5,684.3],[445.4,683.7],[449.9,684.1],[452.1,686.4]]],[[[449.5,690.6],[454.2,691.8],[455.8,694.7],[453,697.4],[450.4,697.3],[447.7,692.4],[449.5,690.6]]]]}},{"type":"Feature","properties":{"GEOID":"16001","NAME":"Ada","STATEFP":"16"},"geometry":{"type":"Polygon","coordinates":[[[251.2,154.5],[250.9,158.7],[248.6,166.5],[251.8,171.5],[256.6,172.5],[259,161.4],[255,155.4],[251.2,154.5]]]}},{"type":"Feature","properties":{"GEOID":"16003","NAME":"Adams","STATEFP":"16"},"geometry":{"type":"Polygon","coordinates":[[[263.7,125.9],[261.5,124.9],[261.3,121.5],[255.7,120.3],[253.2,124.3],[250.1,129.3],[254.5,130.4],[253.7,134.4],[255,135.9],[254.4,138.7],[257.9,140.6],[260.5,139.9],[261.5,135.1],[261.7,131.3],[264.4,127.1],[263.7,125.9]]]}},{"type":"Feature","properties":{"GEOID":"16005","NAME":"Bannock","STATEFP":"16"},"geometry":{"type":"Polygon","coordinates":[[[310.2,186.9],[313.2,186.9],[314,188.5],[313.6,192.7],[315,195.6],[314,198.3],[318.1,204.3],[321.9,205.6],[322.9,201.9],[323,197.1],[322.4,194.7],[320.1,194.7],[319.8,192.4],[320.7,188.9],[322.1,187.3],[312.1,185.5],[310.2,186.9]]]}},{"type":"Feature","properties":{"GEOID":"16007","NAME":"Bear Lake","STATEFP":"16"},"geometry":{"type":"Polygon","coordinates":[[[327.6,202.7],[327.6,206.1],[326.4,207.5],[327.6,212.7],[335.5,213.9],[337.4,202],[334.1,202.2],[332.2,199.3],[327.6,199],[327.6,202.7]]]}},{"type":"Feature","properties":{"GEOID":"16009","NAME":"Benewah","STATEFP":"16"},"geometry":{"type":"Polygon","coordinates":[[[260.3,73.4],[259.6,76.4],[262.3,79.3],[270.3,81.3],[272.2,72.3],[268.2,71.5],[267.3,72.3],[260.8,71],[260.3,73.4]]]}},{"type":"Feature","properties":{"GEOID":"16011","NAME":"Bingham","STATEFP":"16"},"geometry":{"type":"Polygon","coordinates":[[[306.5,182.4],[305.5,188.2],[308.7,188.7],[310.2,186.9],[312.1,185.5],[322.1,187.3],[330.1,188.7],[331.2,182.6],[327.2,181.9],[327.5,179.9],[323.8,179.3],[323,177.8],[316,176.5],[316.9,171.9],[313.9,171.4],[309.1,174.7],[307.3,178.3],[306.5,182.4]]]}},{"type":"Feature","properties":{"GEOID":"16013","NAME":"Blaine","STATEFP":"16"},"geometry":{"type":"Polygon","coordinates":[[[276.7,158.7],[281.2,160.9],[280.6,165.8],[282.8,169.5],[281.8,172.4],[284.2,173],[283.9,176],[295,178.1],[300.1,179.1],[298.6,187.2],[296.8,191.2],[298.5,191.1],[300.6,193],[302.6,181.7],[306.5,182.4],[307.3,178.3],[301.3,177.3],[301.7,175.3],[297.1,174.5],[297.7,171.5],[295.2,169.3],[292.8,165.1],[290.4,164],[288.4,160.3],[277.4,156.9],[276.7,158.7]]]}},{"type":"Feature","properties":{"GEOID":"16015","NAME":"Boise","STATEFP":"16"},"geometry":{"type":"Polygon","coordinates":[[[273.9,146.5],[270.8,148.2],[260.1,146.1],[257.8,147.7],[256.9,147.5],[255,155.4],[259,161.4],[261.5,161.6],[265,160.1],[268.2,156.3],[274.8,155.3],[277.1,156.6],[276.6,154],[277.5,151.7],[275.4,150.1],[273.9,146.5]]]}},{"type":"Feature","properties":{"GEOID":"16017","NAME":"Bonner","STATEFP":"16"},"geometry":{"type":"Polygon","coordinates":[[[268.5,37.3],[264.3,55.5],[263.9,57],[272.3,58.6],[271.8,60.9],[274.6,61.5],[275.2,58.6],[277,57.7],[279.4,60.4],[280.5,55],[281.9,48.5],[270.6,46],[272.3,38.1],[268.5,37.3]]]}},{"type":"Feature","properties":{"GEOID":"16019","NAME":"Bonneville","STATEFP":"16"},"geometry":{"type":"Polygon","coordinates":[[[316.9,171.9],[316,176.5],[323,177.8],[323.8,179.3],[327.5,179.9],[327.2,181.9],[331.2,182.6],[330.1,188.7],[339.4,190.2],[340.4,183.2],[341.1,178.9],[338.6,177.5],[338.2,175.6],[335.6,175.1],[331.8,174.4],[316.9,171.9]]]}},{"type":"Feature","properties":{"GEOID":"16021","NAME":"Boundary","STATEFP":"16"},"geometry":{"type":"Polygon","coordinates":[[[284.4,37.1],[269.3,33.9],[268.5,37.3],[272.3,38.1],[270.6,46],[281.9,48.5],[284.4,37.1]]]}},{"type":"Feature","properties":{"GEOID":"16023","NAME":"Butte","STATEFP":"16"},"geometry":{"type":"Polygon","coordinates":[[[306.1,155.4],[304.5,155.1],[302.6,162.3],[303.3,165],[296.1,168.2],[295.2,169.3],[297.7,171.5],[297.1,174.5],[301.7,175.3],[301.3,177.3],[307.3,178.3],[309.1,174.7],[313.9,171.4],[315.4,163.3],[310.4,162.4],[311.5,156.3],[306.1,155.4]]]}},{"type":"Feature","properties":{"GEOID":"16025","NAME":"Camas","STATEFP":"16"},"geometry":{"type":"Polygon","coordinates":[[[283.9,176],[284.2,173],[281.8,172.4],[282.8,169.5],[280.6,165.8],[281.2,160.9],[276.7,158.7],[273.9,164.3],[272,173.6],[280.2,175.3],[283.9,176]]]}},{"type":"Feature","properties":{"GEOID":"16027","NAME":"Canyon","STATEFP":"16"},"geometry":{"type":"Polygon","coordinates":[[[242,155.6],[244.6,158.2],[245,161.1],[248.6,166.5],[250.9,158.7],[251.2,154.5],[247.9,153.8],[245.5,153.6],[243.7,151.1],[242,155.6]]]}},{"type":"Feature","properties":{"GEOID":"16029","NAME":"Caribou","STATEFP":"16"},"geometry":{"type":"Polygon","coordinates":[[[322.1,187.3],[320.7,188.9],[319.8,192.4],[320.1,194.7],[322.4,194.7],[323,197.1],[322.9,201.9],[327.6,202.7],[327.6,199],[332.2,199.3],[334.1,202.2],[337.4,202],[339.4,190.2],[330.1,188.7],[322.1,187.3]]]}},{"type":"Feature","properties":{"GEOID":"16031","NAME":"Cassia","STATEFP":"16"},"geometry":{"type":"Polygon","coordinates":[[[296.8,191.2],[295.3,191.2],[293.1,193.7],[288.4,192.9],[287.2,192.8],[285.5,195.2],[281.9,194.4],[280,204.3],[284.1,205.1],[288,205.9],[302,208.3],[303.4,200.6],[304.4,194.6],[300.6,193],[298.5,191.1],[296.8,191.2]]]}},{"type":"Feature","properties":{"GEOID":"16033","NAME":"Clark","STATEFP":"16"},"geometry":{"type":"Polygon","coordinates":[[[335.6,152.9],[327.5,152.2],[324.5,150.6],[321.1,152.2],[317.2,150.9],[315.1,153.6],[314.4,157],[311.5,156.3],[310.4,162.4],[315.4,163.3],[315.7,161.3],[324.7,162.9],[327.1,161.2],[330.2,160.7],[332.1,155.9],[335,156.4],[335.6,152.9]]]}},{"type":"Feature","properties":{"GEOID":"16035","NAME":"Clearwater","STATEFP":"16"},"geometry":{"type":"Polygon","coordinates":[[[269.6,96.8],[272.6,99.4],[275.3,100.5],[278.7,96.3],[295.9,95.9],[295.1,93.3],[291.6,90.4],[291.5,87.9],[269.8,83.3],[268.3,90.3],[266.3,89.9],[265.7,92.8],[266.9,93.9],[269.6,96.8]]]}},{"type":"Feature","properties":{"GEOID":"16037","NAME":"Custer","STATEFP":"16"},"geometry":{"type":"Polygon","coordinates":[[[277.4,156.9],[288.4,160.3],[290.4,164],[292.8,165.1],[295.2,169.3],[296.1,168.2],[303.3,165],[302.6,162.3],[304.5,155.1],[306.1,155.4],[306.1,153.4],[303.9,150.4],[299,147.8],[296.3,143.5],[295.8,141.1],[291.7,139.2],[289,143],[286.5,142.9],[283.6,138.7],[284,137.3],[281.3,138.9],[279.3,137.4],[277.5,139.8],[274.9,140.9],[275.4,144.8],[273.9,146.5],[275.4,150.1],[277.5,151.7],[276.6,154],[277.1,156.6],[277.4,156.9]]]}},{"type":"Feature","properties":{"GEOID":"16039","NAME":"Elmore","STATEFP":"16"},"geometry":{"type":"Polygon","coordinates":[[[277.1,156.6],[274.8,155.3],[268.2,156.3],[265,160.1],[261.5,161.6],[259,161.4],[256.6,172.5],[251.8,171.5],[252.5,173.2],[256.3,175.4],[264.7,178.6],[263.7,182.3],[270.8,183.8],[271.4,180.4],[270.6,180.2],[272,173.6],[273.9,164.3],[276.7,158.7],[277.4,156.9],[277.1,156.6]]]}},{"type":"Feature","properties":{"GEOID":"16041","NAME":"Franklin","STATEFP":"16"},"geometry":{"type":"Polygon","coordinates":[[[322.9,201.9],[321.9,205.6],[318.1,204.3],[317.2,211],[327.6,212.7],[326.4,207.5],[327.6,206.1],[327.6,202.7],[322.9,201.9]]]}},{"type":"Feature","properties":{"GEOID":"16043","NAME":"Fremont","STATEFP":"16"},"geometry":{"type":"Polygon","coordinates":[[[327.1,166.4],[334,168.6],[336.8,168.1],[340.4,168.5],[342.9,167.7],[344.6,156.1],[340.3,148.9],[338.5,149.6],[335.6,152.9],[335,156.4],[332.1,155.9],[330.2,160.7],[327.1,161.2],[324.7,162.9],[324.3,164.9],[327.1,166.4]]]}},{"type":"Feature","properties":{"GEOID":"16045","NAME":"Gem","STATEFP":"16"},"geometry":{"type":"Polygon","coordinates":[[[253.9,146.8],[251.1,150.3],[248.7,149.8],[247.9,153.8],[251.2,154.5],[255,155.4],[256.9,147.5],[257.8,147.7],[258.7,143.7],[260.5,139.9],[257.9,140.6],[255.4,147.2],[253.9,146.8]]]}},{"type":"Feature","properties":{"GEOID":"16047","NAME":"Gooding","STATEFP":"16"},"geometry":{"type":"Polygon","coordinates":[[[271.4,180.4],[273.5,182.1],[274,186.8],[277.3,188],[278.6,183.4],[280.2,175.3],[272,173.6],[270.6,180.2],[271.4,180.4]]]}},{"type":"Feature","properties":{"GEOID":"16049","NAME":"Idaho","STATEFP":"16"},"geometry":{"type":"Polygon","coordinates":[[[269.6,96.8],[269.4,100.5],[266.4,101],[264.1,99.9],[262.4,103.2],[259.2,103.5],[257,106.4],[259.8,108.9],[261,113.4],[259,115.3],[255.7,120.3],[261.3,121.5],[261.5,124.9],[263.7,125.9],[266.9,124.5],[287.8,128.7],[289.7,126.7],[287.3,122.9],[291.5,120.8],[293.1,118.5],[292.5,115.9],[295.5,114.1],[295,110.2],[296.3,104.8],[299.4,99.4],[300.2,96.1],[295.9,95.9],[278.7,96.3],[275.3,100.5],[272.6,99.4],[269.6,96.8]]]}},{"type":"Feature","properties":{"GEOID":"16051","NAME":"Jefferson","STATEFP":"16"},"geometry":{"type":"Polygon","coordinates":[[[331.8,174.4],[327.2,170.3],[327.1,166.4],[324.3,164.9],[324.7,162.9],[315.7,161.3],[315.4,163.3],[313.9,171.4],[316.9,171.9],[331.8,174.4]]]}},{"type":"Feature","properties":{"GEOID":"16053","NAME":"Jerome","STATEFP":"16"},"geometry":{"type":"Polygon","coordinates":[[[289.4,187.5],[287.6,186.1],[282.6,185.1],[278.6,183.4],[277.3,188],[283.2,191.3],[285,193.1],[287.2,192.8],[288.4,192.9],[289.4,187.5]]]}},{"type":"Feature","properties":{"GEOID":"16055","NAME":"Kootenai","STATEFP":"16"},"geometry":{"type":"Polygon","coordinates":[[[263.9,57],[260.8,71],[267.3,72.3],[268.2,71.5],[272.2,72.3],[274.6,61.5],[271.8,60.9],[272.3,58.6],[263.9,57]]]}},{"type":"Feature","properties":{"GEOID":"16057","NAME":"Latah","STATEFP":"16"},"geometry":{"type":"Polygon","coordinates":[[[259.6,76.4],[256.6,89.8],[261.7,90.9],[263.8,89.3],[266.3,89.9],[268.3,90.3],[269.8,83.3],[270.3,81.3],[262.3,79.3],[259.6,76.4]]]}},{"type":"Feature","properties":{"GEOID":"16059","NAME":"Lemhi","STATEFP":"16"},"geometry":{"type":"Polygon","coordinates":[[[284,137.3],[283.6,138.7],[286.5,142.9],[289,143],[291.7,139.2],[295.8,141.1],[296.3,143.5],[299,147.8],[303.9,150.4],[306.1,153.4],[306.1,155.4],[311.5,156.3],[314.4,157],[315.1,153.6],[312.2,151.3],[311.8,144.5],[309.8,141.9],[306.6,140.3],[307.4,135.8],[305.7,133.8],[303.7,126.8],[304,122.2],[302.3,119.6],[296,123.4],[291.5,120.8],[287.3,122.9],[289.7,126.7],[287.8,128.7],[286.9,129.7],[285.7,135.9],[284,137.3]]]}},{"type":"Feature","properties":{"GEOID":"16061","NAME":"Lewis","STATEFP":"16"},"geometry":{"type":"Polygon","coordinates":[[[269.6,96.8],[266.9,93.9],[266.3,96.7],[260.7,95.9],[259.2,103.5],[262.4,103.2],[264.1,99.9],[266.4,101],[269.4,100.5],[269.6,96.8]]]}},{"type":"Feature","properties":{"GEOID":"16063","NAME":"Lincoln","STATEFP":"16"},"geometry":{"type":"Polygon","coordinates":[[[295,178.1],[283.9,176],[280.2,175.3],[278.6,183.4],[282.6,185.1],[287.6,186.1],[289.4,187.5],[292.3,188.1],[293.5,186.3],[295,178.1]]]}},{"type":"Feature","properties":{"GEOID":"16065","NAME":"Madison","STATEFP":"16"},"geometry":{"type":"Polygon","coordinates":[[[327.1,166.4],[327.2,170.3],[331.8,174.4],[335.6,175.1],[336.8,168.1],[334,168.6],[327.1,166.4]]]}},{"type":"Feature","properties":{"GEOID":"16067","NAME":"Minidoka","STATEFP":"16"},"geometry":{"type":"Polygon","coordinates":[[[289.4,187.5],[288.4,192.9],[293.1,193.7],[295.3,191.2],[296.8,191.2],[298.6,187.2],[300.1,179.1],[295,178.1],[293.5,186.3],[292.3,188.1],[289.4,187.5]]]}},{"type":"Feature","properties":{"GEOID":"16069","NAME":"Nez Perce","STATEFP":"16"},"geometry":{"type":"Polygon","coordinates":[[[266.3,89.9],[263.8,89.3],[261.7,90.9],[256.6,89.8],[256,92.5],[256.5,98.9],[255.7,102.8],[257,106.4],[259.2,103.5],[260.7,95.9],[266.3,96.7],[266.9,93.9],[265.7,92.8],[266.3,89.9]]]}},{"type":"Feature","properties":{"GEOID":"16071","NAME":"Oneida","STATEFP":"16"},"geometry":{"type":"Polygon","coordinates":[[[302,208.3],[316.4,210.8],[317.2,211],[318.1,204.3],[314,198.3],[312.3,200.1],[309.6,199.6],[309.3,201.7],[303.4,200.6],[302,208.3]]]}},{"type":"Feature","properties":{"GEOID":"16073","NAME":"Owyhee","STATEFP":"16"},"geometry":{"type":"Polygon","coordinates":[[[242,155.6],[239.1,168.3],[233.3,194.3],[233.4,194.4],[250,198.1],[267.1,201.7],[270.8,183.8],[263.7,182.3],[264.7,178.6],[256.3,175.4],[252.5,173.2],[251.8,171.5],[248.6,166.5],[245,161.1],[244.6,158.2],[242,155.6]]]}},{"type":"Feature","properties":{"GEOID":"16075","NAME":"Payette","STATEFP":"16"},"geometry":{"type":"Polygon","coordinates":[[[246.6,145.2],[243.7,151.1],[245.5,153.6],[247.9,153.8],[248.7,149.8],[251.1,150.3],[253.9,146.8],[246.6,145.2]]]}},{"type":"Feature","properties":{"GEOID":"16077","NAME":"Power","STATEFP":"16"},"geometry":{"type":"Polygon","coordinates":[[[300.6,193],[304.4,194.6],[303.4,200.6],[309.3,201.7],[309.6,199.6],[312.3,200.1],[314,198.3],[315,195.6],[313.6,192.7],[314,188.5],[313.2,186.9],[310.2,186.9],[308.7,188.7],[305.5,188.2],[306.5,182.4],[302.6,181.7],[300.6,193]]]}},{"type":"Feature","properties":{"GEOID":"16079","NAME":"Shoshone","STATEFP":"16"},"geometry":{"type":"Polygon","coordinates":[[[274.6,61.5],[272.2,72.3],[270.3,81.3],[269.8,83.3],[291.5,87.9],[290.3,86.8],[287,79.1],[281.5,73.7],[283.5,73.2],[283.1,68],[281.8,66.3],[279.4,60.4],[277,57.7],[275.2,58.6],[274.6,61.5]]]}},{"type":"Feature","properties":{"GEOID":"16081","NAME":"Teton","STATEFP":"16"},"geometry":{"type":"Polygon","coordinates":[[[336.8,168.1],[335.6,175.1],[338.2,175.6],[338.6,177.5],[341.1,178.9],[342.9,167.7],[340.4,168.5],[336.8,168.1]]]}},{"type":"Feature","properties":{"GEOID":"16083","NAME":"Twin Falls","STATEFP":"16"},"geometry":{"type":"Polygon","coordinates":[[[277.3,188],[274,186.8],[273.5,182.1],[271.4,180.4],[270.8,183.8],[267.1,201.7],[280,204.3],[281.9,194.4],[285.5,195.2],[287.2,192.8],[285,193.1],[283.2,191.3],[277.3,188]]]}},{"type":"Feature","properties":{"GEOID":"16085","NAME":"Valley","STATEFP":"16"},"geometry":{"type":"Polygon","coordinates":[[[263.7,125.9],[264.4,127.1],[261.7,131.3],[261.5,135.1],[260.5,139.9],[258.7,143.7],[257.8,147.7],[260.1,146.1],[270.8,148.2],[273.9,146.5],[275.4,144.8],[274.9,140.9],[277.5,139.8],[279.3,137.4],[281.3,138.9],[284,137.3],[285.7,135.9],[286.9,129.7],[287.8,128.7],[266.9,124.5],[263.7,125.9]]]}},{"type":"Feature","properties":{"GEOID":"16087","NAME":"Washington","STATEFP":"16"},"geometry":{"type":"Polygon","coordinates":[[[250.1,129.3],[247.2,131],[244.6,135.2],[242.9,136.3],[242,140.6],[246.6,145.2],[253.9,146.8],[255.4,147.2],[257.9,140.6],[254.4,138.7],[255,135.9],[253.7,134.4],[254.5,130.4],[250.1,129.3]]]}},{"type":"Feature","properties":{"GEOID":"17001","NAME":"Adams","STATEFP":"17"},"geometry":{"type":"Polygon","coordinates":[[[676.6,275.4],[677,279.3],[678.1,281.4],[679.6,285.7],[687.7,285.4],[687.5,283.3],[687.3,277.1],[687.2,275],[676.6,275.4]]]}},{"type":"Feature","properties":{"GEOID":"17003","NAME":"Alexander","STATEFP":"17"},"geometry":{"type":"Polygon","coordinates":[[[723.5,347],[721.5,345.8],[721.7,340.8],[717.2,341.1],[717.3,343.1],[719.8,348],[721,348.6],[721.9,347.2],[724.4,349],[723.5,347]]]}},{"type":"Feature","properties":{"GEOID":"17005","NAME":"Bond","STATEFP":"17"},"geometry":{"type":"Polygon","coordinates":[[[718.8,300.8],[712.7,301.2],[711.8,301.9],[712.9,307.9],[719.2,307.5],[718.8,300.8]]]}},{"type":"Feature","properties":{"GEOID":"17007","NAME":"Boone","STATEFP":"17"},"geometry":{"type":"Polygon","coordinates":[[[718.3,218.4],[718.9,226.5],[723,226.2],[722.3,218.2],[721.1,218.3],[718.3,218.4]]]}},{"type":"Feature","properties":{"GEOID":"17009","NAME":"Brown","STATEFP":"17"},"geometry":{"type":"Polygon","coordinates":[[[687.3,277.1],[687.5,283.3],[693.7,283.1],[693.5,282.2],[694.6,279.5],[692.9,279.8],[691.2,276.9],[687.3,277.1]]]}},{"type":"Feature","properties":{"GEOID":"17011","NAME":"Bureau","STATEFP":"17"},"geometry":{"type":"Polygon","coordinates":[[[703.8,241],[704.4,249.3],[708.2,249.1],[708.4,251.1],[711.4,250.9],[711.3,248.9],[713.5,247.1],[716.4,246.7],[715.9,240.2],[707.8,240.8],[703.8,241]]]}},{"type":"Feature","properties":{"GEOID":"17013","NAME":"Calhoun","STATEFP":"17"},"geometry":{"type":"Polygon","coordinates":[[[691.9,297.8],[693.3,304.6],[695.5,305.9],[697.1,303.6],[694.9,303.1],[694.1,300.2],[693.6,293.6],[687.8,293.9],[691.9,297.8]]]}},{"type":"Feature","properties":{"GEOID":"17015","NAME":"Carroll","STATEFP":"17"},"geometry":{"type":"Polygon","coordinates":[[[695,227.1],[697.7,228.8],[698,230.8],[698.2,233.2],[706.3,232.7],[705.8,226.3],[701.8,226.6],[695,227.1]]]}},{"type":"Feature","properties":{"GEOID":"17017","NAME":"Cass","STATEFP":"17"},"geometry":{"type":"Polygon","coordinates":[[[703.7,276.1],[701.2,277.3],[698.5,277.5],[697.2,276.1],[694.6,279.5],[693.5,282.2],[704,281.7],[704,281],[703.7,276.1]]]}},{"type":"Feature","properties":{"GEOID":"17019","NAME":"Champaign","STATEFP":"17"},"geometry":{"type":"Polygon","coordinates":[[[730.7,270],[731.4,279.6],[740.8,278.8],[739.9,266.5],[730.5,267.3],[730.7,270]]]}},{"type":"Feature","properties":{"GEOID":"17021","NAME":"Christian","STATEFP":"17"},"geometry":{"type":"Polygon","coordinates":[[[718,282.1],[714.7,284],[712.6,286.6],[712.8,289.4],[713.2,293.5],[720.2,293],[722.3,292.9],[721.7,285.7],[719.7,285.8],[719.4,282.3],[718,282.1]]]}},{"type":"Feature","properties":{"GEOID":"17023","NAME":"Clark","STATEFP":"17"},"geometry":{"type":"Polygon","coordinates":[[[740.5,290.7],[741,295.6],[742,295.5],[747.8,295.4],[748.1,292.9],[749.2,290.7],[748.9,287.7],[741.2,288.2],[740.5,290.7]]]}},{"type":"Feature","properties":{"GEOID":"17025","NAME":"Clay","STATEFP":"17"},"geometry":{"type":"Polygon","coordinates":[[[729.2,304.8],[729.5,310],[737.6,309.5],[737.1,303.7],[735.1,302.3],[729.1,302.7],[729.2,304.8]]]}},{"type":"Feature","properties":{"GEOID":"17027","NAME":"Clinton","STATEFP":"17"},"geometry":{"type":"Polygon","coordinates":[[[711.1,310.2],[711.5,315.8],[713.7,314.1],[718.2,313.1],[721.6,313],[721.3,307.5],[719.2,307.5],[712.9,307.9],[711.1,310.2]]]}},{"type":"Feature","properties":{"GEOID":"17029","NAME":"Coles","STATEFP":"17"},"geometry":{"type":"Polygon","coordinates":[[[740.7,283.4],[739,284.3],[731.7,285],[732.1,289.8],[732.2,291.5],[740.5,290.7],[741.2,288.2],[740.7,283.4]]]}},{"type":"Feature","properties":{"GEOID":"17031","NAME":"Cook","STATEFP":"17"},"geometry":{"type":"Polygon","coordinates":[[[731,225.5],[730.9,229.5],[736.9,228.8],[737.5,235.4],[735.6,236.3],[740,238.9],[740.2,241],[744.8,240.6],[744.2,233.8],[749.5,233.3],[749.7,233.2],[750.6,223.9],[731.7,225.5],[731,225.5]]]}},{"type":"Feature","properties":{"GEOID":"17033","NAME":"Crawford","STATEFP":"17"},"geometry":{"type":"Polygon","coordinates":[[[742,295.5],[742.7,303.1],[743.4,303.1],[750.2,302.4],[750.3,301.2],[747.8,295.4],[742,295.5]]]}},{"type":"Feature","properties":{"GEOID":"17035","NAME":"Cumberland","STATEFP":"17"},"geometry":{"type":"Polygon","coordinates":[[[732.2,291.5],[732.5,295.3],[734.6,296.2],[741,295.6],[740.5,290.7],[732.2,291.5]]]}},{"type":"Feature","properties":{"GEOID":"17037","NAME":"DeKalb","STATEFP":"17"},"geometry":{"type":"Polygon","coordinates":[[[718.9,226.5],[719.3,232.7],[719.8,238.9],[725.7,238.4],[725.5,236.3],[725,226],[723,226.2],[718.9,226.5]]]}},{"type":"Feature","properties":{"GEOID":"17039","NAME":"De Witt","STATEFP":"17"},"geometry":{"type":"Polygon","coordinates":[[[718.5,271],[718.9,276.5],[726.1,275.8],[728.7,270.2],[718.5,271]]]}},{"type":"Feature","properties":{"GEOID":"17041","NAME":"Douglas","STATEFP":"17"},"geometry":{"type":"Polygon","coordinates":[[[740.8,278.8],[731.4,279.6],[731.4,281.6],[731.7,285],[739,284.3],[740.7,283.4],[740.8,278.8]]]}},{"type":"Feature","properties":{"GEOID":"17043","NAME":"DuPage","STATEFP":"17"},"geometry":{"type":"Polygon","coordinates":[[[735.6,236.3],[737.5,235.4],[736.9,228.8],[730.9,229.5],[731.5,235.7],[735.6,236.3]]]}},{"type":"Feature","properties":{"GEOID":"17045","NAME":"Edgar","STATEFP":"17"},"geometry":{"type":"Polygon","coordinates":[[[740.8,278.8],[740.7,283.4],[741.2,288.2],[748.9,287.7],[748.6,284.6],[748,278.1],[740.8,278.8]]]}},{"type":"Feature","properties":{"GEOID":"17047","NAME":"Edwards","STATEFP":"17"},"geometry":{"type":"Polygon","coordinates":[[[739.6,310.1],[740.2,317.5],[743.1,317.1],[743.6,312.6],[743.1,309.8],[739.6,310.1]]]}},{"type":"Feature","properties":{"GEOID":"17049","NAME":"Effingham","STATEFP":"17"},"geometry":{"type":"Polygon","coordinates":[[[726.5,295.7],[727,302.9],[729.1,302.7],[735.1,302.3],[734.6,296.2],[732.5,295.3],[726.5,295.7]]]}},{"type":"Feature","properties":{"GEOID":"17051","NAME":"Fayette","STATEFP":"17"},"geometry":{"type":"Polygon","coordinates":[[[720.5,296.1],[718.4,296.3],[718.8,300.8],[719.2,307.5],[721.3,307.5],[721.2,305.4],[729.2,304.8],[729.1,302.7],[727,302.9],[726.5,295.7],[720.5,296.1]]]}},{"type":"Feature","properties":{"GEOID":"17053","NAME":"Ford","STATEFP":"17"},"geometry":{"type":"Polygon","coordinates":[[[733.1,252.9],[734.1,261.8],[730.1,262.1],[730.5,267.3],[739.9,266.5],[739.6,264.5],[736.4,264.7],[735.1,252.7],[733.1,252.9]]]}},{"type":"Feature","properties":{"GEOID":"17055","NAME":"Franklin","STATEFP":"17"},"geometry":{"type":"Polygon","coordinates":[[[722.5,322],[721.9,326.2],[722.6,328.2],[730.7,327.6],[730.7,326.5],[730.3,321.4],[722.5,322]]]}},{"type":"Feature","properties":{"GEOID":"17057","NAME":"Fulton","STATEFP":"17"},"geometry":{"type":"Polygon","coordinates":[[[694.9,264.3],[695.3,272.6],[695.4,274.7],[699.9,274.5],[702.6,269.8],[704.4,268.3],[705.2,266.4],[705,263.7],[702.9,261.8],[694.8,262.2],[694.9,264.3]]]}},{"type":"Feature","properties":{"GEOID":"17059","NAME":"Gallatin","STATEFP":"17"},"geometry":{"type":"Polygon","coordinates":[[[736.8,326],[737.3,333.3],[741.8,333.6],[741.2,331.6],[743.3,328.1],[742,326],[736.7,326],[736.8,326]]]}},{"type":"Feature","properties":{"GEOID":"17061","NAME":"Greene","STATEFP":"17"},"geometry":{"type":"Polygon","coordinates":[[[693.6,293.6],[694.1,300.2],[694.8,298.5],[699.3,298.6],[702.2,296.3],[701.7,290.2],[699,290.4],[694,290.6],[693.6,293.6]]]}},{"type":"Feature","properties":{"GEOID":"17063","NAME":"Grundy","STATEFP":"17"},"geometry":{"type":"Polygon","coordinates":[[[732.1,241.8],[726.1,242.5],[726.9,250.7],[732.8,250.1],[732.8,248],[732.1,241.8]]]}},{"type":"Feature","properties":{"GEOID":"17065","NAME":"Hamilton","STATEFP":"17"},"geometry":{"type":"Polygon","coordinates":[[[730.3,321.4],[730.7,326.5],[736.8,326],[736.7,326],[736.2,317.8],[730.1,318.3],[730.3,321.4]]]}},{"type":"Feature","properties":{"GEOID":"17067","NAME":"Hancock","STATEFP":"17"},"geometry":{"type":"Polygon","coordinates":[[[681.8,264.8],[678.7,265.8],[677.9,271.1],[676.7,274.3],[676.6,275.4],[687.2,275],[687.1,272.9],[686.8,264.5],[681.8,264.8]]]}},{"type":"Feature","properties":{"GEOID":"17069","NAME":"Hardin","STATEFP":"17"},"geometry":{"type":"Polygon","coordinates":[[[736.6,333.4],[736.9,337.5],[738,337.9],[743.3,335.1],[741.8,333.6],[737.3,333.3],[736.6,333.4]]]}},{"type":"Feature","properties":{"GEOID":"17071","NAME":"Henderson","STATEFP":"17"},"geometry":{"type":"Polygon","coordinates":[[[685.4,254.3],[685.4,257.8],[683.1,260.6],[683,263.3],[681.8,264.8],[686.8,264.5],[688.8,264.5],[688.3,254.2],[685.4,254.3]]]}},{"type":"Feature","properties":{"GEOID":"17073","NAME":"Henry","STATEFP":"17"},"geometry":{"type":"Polygon","coordinates":[[[698.1,241.4],[694,244.7],[694.1,247.7],[694.3,251.9],[702.3,251.5],[704.4,249.3],[703.8,241],[698.1,241.4]]]}},{"type":"Feature","properties":{"GEOID":"17075","NAME":"Iroquois","STATEFP":"17"},"geometry":{"type":"Polygon","coordinates":[[[735.1,252.7],[736.4,264.7],[739.6,264.5],[746.9,263.7],[746.4,257.9],[745.8,251.4],[735.1,252.7]]]}},{"type":"Feature","properties":{"GEOID":"17077","NAME":"Jackson","STATEFP":"17"},"geometry":{"type":"Polygon","coordinates":[[[714.2,326.6],[713,330.3],[716.2,332.9],[716.2,335.6],[717.5,334.8],[723,334.4],[722.6,328.2],[721.9,326.2],[714.2,326.6]]]}},{"type":"Feature","properties":{"GEOID":"17079","NAME":"Jasper","STATEFP":"17"},"geometry":{"type":"Polygon","coordinates":[[[734.6,296.2],[735.1,302.3],[737.1,303.7],[742.7,303.1],[742,295.5],[741,295.6],[734.6,296.2]]]}},{"type":"Feature","properties":{"GEOID":"17081","NAME":"Jefferson","STATEFP":"17"},"geometry":{"type":"Polygon","coordinates":[[[721.6,313.7],[722,319.9],[722.5,322],[730.3,321.4],[730.1,318.3],[729.8,313.1],[721.6,313.7]]]}},{"type":"Feature","properties":{"GEOID":"17083","NAME":"Jersey","STATEFP":"17"},"geometry":{"type":"Polygon","coordinates":[[[694.1,300.2],[694.9,303.1],[697.1,303.6],[700.3,304.5],[702.6,302.5],[702.2,296.3],[699.3,298.6],[694.8,298.5],[694.1,300.2]]]}},{"type":"Feature","properties":{"GEOID":"17085","NAME":"Jo Daviess","STATEFP":"17"},"geometry":{"type":"Polygon","coordinates":[[[688.9,220],[692,222.9],[693.6,226.5],[695,227.1],[701.8,226.6],[701.3,219.3],[692.6,219.8],[688.9,220]]]}},{"type":"Feature","properties":{"GEOID":"17087","NAME":"Johnson","STATEFP":"17"},"geometry":{"type":"Polygon","coordinates":[[[731.2,333.8],[725,334.3],[725.4,340.7],[727.6,341.1],[731.6,340],[731.2,333.8]]]}},{"type":"Feature","properties":{"GEOID":"17089","NAME":"Kane","STATEFP":"17"},"geometry":{"type":"Polygon","coordinates":[[[725,226],[725.5,236.3],[731.5,235.7],[730.9,229.5],[731,225.5],[725,226]]]}},{"type":"Feature","properties":{"GEOID":"17091","NAME":"Kankakee","STATEFP":"17"},"geometry":{"type":"Polygon","coordinates":[[[745.2,244.7],[736.6,245.5],[736.8,247.6],[732.8,248],[732.8,250.1],[733.1,252.9],[735.1,252.7],[745.8,251.4],[745.4,247.8],[745.2,244.7]]]}},{"type":"Feature","properties":{"GEOID":"17093","NAME":"Kendall","STATEFP":"17"},"geometry":{"type":"Polygon","coordinates":[[[731.5,235.7],[725.5,236.3],[725.7,238.4],[726.1,242.5],[732.1,241.8],[731.5,235.7]]]}},{"type":"Feature","properties":{"GEOID":"17095","NAME":"Knox","STATEFP":"17"},"geometry":{"type":"Polygon","coordinates":[[[694.4,254],[694.8,262.2],[702.9,261.8],[702.5,255.6],[702.3,251.5],[694.3,251.9],[694.4,254]]]}},{"type":"Feature","properties":{"GEOID":"17097","NAME":"Lake","STATEFP":"17"},"geometry":{"type":"Polygon","coordinates":[[[731.1,217.4],[731.7,225.5],[750.6,223.9],[750.8,221.9],[751.2,217.5],[751.4,215.7],[731.1,217.4]]]}},{"type":"Feature","properties":{"GEOID":"17099","NAME":"LaSalle","STATEFP":"17"},"geometry":{"type":"Polygon","coordinates":[[[715.9,240.2],[716.4,246.7],[716.8,251.6],[718.8,251.4],[719.1,255.6],[721.2,255.4],[720.9,251.2],[726.9,250.7],[726.1,242.5],[725.7,238.4],[719.8,238.9],[715.9,240.2]]]}},{"type":"Feature","properties":{"GEOID":"17101","NAME":"Lawrence","STATEFP":"17"},"geometry":{"type":"Polygon","coordinates":[[[750.2,302.4],[743.4,303.1],[743.9,309.7],[748.7,309.3],[750.8,306.1],[750.2,302.4]]]}},{"type":"Feature","properties":{"GEOID":"17103","NAME":"Lee","STATEFP":"17"},"geometry":{"type":"Polygon","coordinates":[[[707.3,233.3],[707.8,240.8],[715.9,240.2],[719.8,238.9],[719.3,232.7],[712,233.3],[707.3,233.3]]]}},{"type":"Feature","properties":{"GEOID":"17105","NAME":"Livingston","STATEFP":"17"},"geometry":{"type":"Polygon","coordinates":[[[721.2,255.4],[721.5,259.5],[727.6,259],[728.1,262.3],[730.1,262.1],[734.1,261.8],[733.1,252.9],[732.8,250.1],[726.9,250.7],[720.9,251.2],[721.2,255.4]]]}},{"type":"Feature","properties":{"GEOID":"17107","NAME":"Logan","STATEFP":"17"},"geometry":{"type":"Polygon","coordinates":[[[716.3,270.1],[710.3,270.6],[710.7,275.3],[711.3,278.7],[714.5,279.9],[717.9,279.7],[718.9,276.5],[718.5,271],[716.3,270.1]]]}},{"type":"Feature","properties":{"GEOID":"17109","NAME":"McDonough","STATEFP":"17"},"geometry":{"type":"Polygon","coordinates":[[[686.8,264.5],[687.1,272.9],[695.3,272.6],[694.9,264.3],[688.8,264.5],[686.8,264.5]]]}},{"type":"Feature","properties":{"GEOID":"17111","NAME":"McHenry","STATEFP":"17"},"geometry":{"type":"Polygon","coordinates":[[[731.1,217.4],[729.2,217.6],[722.3,218.2],[723,226.2],[725,226],[731,225.5],[731.7,225.5],[731.1,217.4]]]}},{"type":"Feature","properties":{"GEOID":"17113","NAME":"McLean","STATEFP":"17"},"geometry":{"type":"Polygon","coordinates":[[[715.8,263.7],[716.3,270.1],[718.5,271],[728.7,270.2],[730.7,270],[730.5,267.3],[730.1,262.1],[728.1,262.3],[727.6,259],[721.5,259.5],[720.7,261.7],[718.2,263.5],[715.8,263.7]]]}},{"type":"Feature","properties":{"GEOID":"17115","NAME":"Macon","STATEFP":"17"},"geometry":{"type":"Polygon","coordinates":[[[718,282.1],[719.4,282.3],[719.7,285.8],[721.7,285.7],[725.6,285.4],[726.5,282],[726.1,275.8],[718.9,276.5],[717.9,279.7],[718,282.1]]]}},{"type":"Feature","properties":{"GEOID":"17117","NAME":"Macoupin","STATEFP":"17"},"geometry":{"type":"Polygon","coordinates":[[[701.7,290.2],[702.2,296.3],[702.6,302.5],[710.7,302],[709.8,289.6],[705.8,289.9],[701.7,290.2]]]}},{"type":"Feature","properties":{"GEOID":"17119","NAME":"Madison","STATEFP":"17"},"geometry":{"type":"Polygon","coordinates":[[[700.3,304.5],[703.4,307.1],[702.6,307.9],[702.4,310.6],[711.1,310.2],[712.9,307.9],[711.8,301.9],[710.7,302],[702.6,302.5],[700.3,304.5]]]}},{"type":"Feature","properties":{"GEOID":"17121","NAME":"Marion","STATEFP":"17"},"geometry":{"type":"Polygon","coordinates":[[[729.2,304.8],[721.2,305.4],[721.3,307.5],[721.6,313],[721.6,313.7],[729.8,313.1],[729.5,310],[729.2,304.8]]]}},{"type":"Feature","properties":{"GEOID":"17123","NAME":"Marshall","STATEFP":"17"},"geometry":{"type":"Polygon","coordinates":[[[716.8,251.6],[713.4,251.8],[711.4,250.9],[708.4,251.1],[708.7,255.2],[711.7,256.3],[719.1,255.6],[718.8,251.4],[716.8,251.6]]]}},{"type":"Feature","properties":{"GEOID":"17125","NAME":"Mason","STATEFP":"17"},"geometry":{"type":"Polygon","coordinates":[[[704.4,268.3],[702.6,269.8],[699.9,274.5],[697.2,276.1],[698.5,277.5],[701.2,277.3],[703.7,276.1],[704,275.4],[710.7,275.3],[710.3,270.6],[708.3,270.8],[708.1,268],[704.4,268.3]]]}},{"type":"Feature","properties":{"GEOID":"17127","NAME":"Massac","STATEFP":"17"},"geometry":{"type":"Polygon","coordinates":[[[731.6,340],[727.6,341.1],[727.8,343],[734.8,346],[736.2,346.1],[736,343.9],[731.6,340]]]}},{"type":"Feature","properties":{"GEOID":"17129","NAME":"Menard","STATEFP":"17"},"geometry":{"type":"Polygon","coordinates":[[[703.7,276.1],[704,281],[708,280.7],[709.2,278.9],[711.3,278.7],[710.7,275.3],[704,275.4],[703.7,276.1]]]}},{"type":"Feature","properties":{"GEOID":"17131","NAME":"Mercer","STATEFP":"17"},"geometry":{"type":"Polygon","coordinates":[[[682.9,248.2],[682.3,250.2],[685.4,254.3],[688.3,254.2],[694.4,254],[694.3,251.9],[694.1,247.7],[682.9,248.2]]]}},{"type":"Feature","properties":{"GEOID":"17133","NAME":"Monroe","STATEFP":"17"},"geometry":{"type":"Polygon","coordinates":[[[701.1,314],[699.9,317.2],[699.8,321.2],[701.9,323.3],[702.8,324.2],[705.9,322.8],[705.7,320.8],[708.3,320.7],[707.9,318.6],[705.6,318.4],[701.1,314]]]}},{"type":"Feature","properties":{"GEOID":"17135","NAME":"Montgomery","STATEFP":"17"},"geometry":{"type":"Polygon","coordinates":[[[709.8,289.6],[710.7,302],[711.8,301.9],[712.7,301.2],[718.8,300.8],[718.4,296.3],[720.5,296.1],[720.2,293],[713.2,293.5],[712.8,289.4],[709.8,289.6]]]}},{"type":"Feature","properties":{"GEOID":"17137","NAME":"Morgan","STATEFP":"17"},"geometry":{"type":"Polygon","coordinates":[[[693.3,284.3],[697.5,284.9],[698.9,287.6],[699,290.4],[701.7,290.2],[705.8,289.9],[704.4,285.3],[704,281.7],[693.5,282.2],[693.7,283.1],[693.3,284.3]]]}},{"type":"Feature","properties":{"GEOID":"17139","NAME":"Moultrie","STATEFP":"17"},"geometry":{"type":"Polygon","coordinates":[[[726.5,282],[725.6,285.4],[730.1,289.9],[732.1,289.8],[731.7,285],[731.4,281.6],[726.5,282]]]}},{"type":"Feature","properties":{"GEOID":"17141","NAME":"Ogle","STATEFP":"17"},"geometry":{"type":"Polygon","coordinates":[[[705.8,226.3],[706.3,232.7],[707.3,233.3],[712,233.3],[719.3,232.7],[718.9,226.5],[714.9,226.9],[710.9,225.9],[705.8,226.3]]]}},{"type":"Feature","properties":{"GEOID":"17143","NAME":"Peoria","STATEFP":"17"},"geometry":{"type":"Polygon","coordinates":[[[702.5,255.6],[702.9,261.8],[705,263.7],[705.2,266.4],[709,264.8],[710.5,260.5],[711.7,256.3],[708.7,255.2],[702.5,255.6]]]}},{"type":"Feature","properties":{"GEOID":"17145","NAME":"Perry","STATEFP":"17"},"geometry":{"type":"Polygon","coordinates":[[[713.9,320.3],[714.2,326.6],[721.9,326.2],[722.5,322],[722,319.9],[713.9,320.3]]]}},{"type":"Feature","properties":{"GEOID":"17147","NAME":"Piatt","STATEFP":"17"},"geometry":{"type":"Polygon","coordinates":[[[726.1,275.8],[726.5,282],[731.4,281.6],[731.4,279.6],[730.7,270],[728.7,270.2],[726.1,275.8]]]}},{"type":"Feature","properties":{"GEOID":"17149","NAME":"Pike","STATEFP":"17"},"geometry":{"type":"Polygon","coordinates":[[[687.5,283.3],[687.7,285.4],[679.6,285.7],[680.7,287.4],[683.2,289.4],[685.9,292.8],[687.8,293.9],[693.6,293.6],[694,290.6],[692.6,286.4],[693.3,284.3],[693.7,283.1],[687.5,283.3]]]}},{"type":"Feature","properties":{"GEOID":"17151","NAME":"Pope","STATEFP":"17"},"geometry":{"type":"Polygon","coordinates":[[[731.2,333.8],[731.6,340],[736,343.9],[736.2,346.1],[737.3,344],[735.3,341],[736.9,337.5],[736.6,333.4],[731.2,333.8]]]}},{"type":"Feature","properties":{"GEOID":"17153","NAME":"Pulaski","STATEFP":"17"},"geometry":{"type":"Polygon","coordinates":[[[727.6,341.1],[725.4,340.7],[721.7,340.8],[721.5,345.8],[723.5,347],[725.9,343.5],[727.7,343],[727.8,343],[727.6,341.1]]]}},{"type":"Feature","properties":{"GEOID":"17155","NAME":"Putnam","STATEFP":"17"},"geometry":{"type":"Polygon","coordinates":[[[711.4,250.9],[713.4,251.8],[716.8,251.6],[716.4,246.7],[713.5,247.1],[711.3,248.9],[711.4,250.9]]]}},{"type":"Feature","properties":{"GEOID":"17157","NAME":"Randolph","STATEFP":"17"},"geometry":{"type":"Polygon","coordinates":[[[708.3,320.7],[705.7,320.8],[705.9,322.8],[702.8,324.2],[707,326.9],[708.1,328.9],[709.7,328.1],[713,330.3],[714.2,326.6],[713.9,320.3],[711.8,320.5],[708.3,320.7]]]}},{"type":"Feature","properties":{"GEOID":"17159","NAME":"Richland","STATEFP":"17"},"geometry":{"type":"Polygon","coordinates":[[[742.7,303.1],[737.1,303.7],[737.6,309.5],[739.6,310.1],[743.1,309.8],[743.9,309.7],[743.4,303.1],[742.7,303.1]]]}},{"type":"Feature","properties":{"GEOID":"17161","NAME":"Rock Island","STATEFP":"17"},"geometry":{"type":"Polygon","coordinates":[[[695.6,238.1],[695.4,241.5],[693.4,243.1],[687.8,245.1],[683.3,246.4],[682.9,248.2],[694.1,247.7],[694,244.7],[698.1,241.4],[696.8,236.8],[695.6,238.1]]]}},{"type":"Feature","properties":{"GEOID":"17163","NAME":"St. Clair","STATEFP":"17"},"geometry":{"type":"Polygon","coordinates":[[[702.4,310.6],[701.2,313.7],[701.1,314],[705.6,318.4],[707.9,318.6],[708.3,320.7],[711.8,320.5],[711.5,315.8],[711.1,310.2],[702.4,310.6]]]}},{"type":"Feature","properties":{"GEOID":"17165","NAME":"Saline","STATEFP":"17"},"geometry":{"type":"Polygon","coordinates":[[[730.7,327.6],[731.2,333.8],[736.6,333.4],[737.3,333.3],[736.8,326],[730.7,326.5],[730.7,327.6]]]}},{"type":"Feature","properties":{"GEOID":"17167","NAME":"Sangamon","STATEFP":"17"},"geometry":{"type":"Polygon","coordinates":[[[717.9,279.7],[714.5,279.9],[711.3,278.7],[709.2,278.9],[708,280.7],[704,281],[704,281.7],[704.4,285.3],[705.8,289.9],[709.8,289.6],[712.8,289.4],[712.6,286.6],[714.7,284],[718,282.1],[717.9,279.7]]]}},{"type":"Feature","properties":{"GEOID":"17169","NAME":"Schuyler","STATEFP":"17"},"geometry":{"type":"Polygon","coordinates":[[[699.9,274.5],[695.4,274.7],[695.3,272.6],[687.1,272.9],[687.2,275],[687.3,277.1],[691.2,276.9],[692.9,279.8],[694.6,279.5],[697.2,276.1],[699.9,274.5]]]}},{"type":"Feature","properties":{"GEOID":"17171","NAME":"Scott","STATEFP":"17"},"geometry":{"type":"Polygon","coordinates":[[[693.3,284.3],[692.6,286.4],[694,290.6],[699,290.4],[698.9,287.6],[697.5,284.9],[693.3,284.3]]]}},{"type":"Feature","properties":{"GEOID":"17173","NAME":"Shelby","STATEFP":"17"},"geometry":{"type":"Polygon","coordinates":[[[721.7,285.7],[722.3,292.9],[720.2,293],[720.5,296.1],[726.5,295.7],[732.5,295.3],[732.2,291.5],[732.1,289.8],[730.1,289.9],[725.6,285.4],[721.7,285.7]]]}},{"type":"Feature","properties":{"GEOID":"17175","NAME":"Stark","STATEFP":"17"},"geometry":{"type":"Polygon","coordinates":[[[702.3,251.5],[702.5,255.6],[708.7,255.2],[708.4,251.1],[708.2,249.1],[704.4,249.3],[702.3,251.5]]]}},{"type":"Feature","properties":{"GEOID":"17177","NAME":"Stephenson","STATEFP":"17"},"geometry":{"type":"Polygon","coordinates":[[[701.3,219.3],[701.8,226.6],[705.8,226.3],[710.9,225.9],[710.3,218.9],[702.8,219.2],[701.3,219.3]]]}},{"type":"Feature","properties":{"GEOID":"17179","NAME":"Tazewell","STATEFP":"17"},"geometry":{"type":"Polygon","coordinates":[[[710.5,260.5],[709,264.8],[705.2,266.4],[704.4,268.3],[708.1,268],[708.3,270.8],[710.3,270.6],[716.3,270.1],[715.8,263.7],[714.5,260.2],[710.5,260.5]]]}},{"type":"Feature","properties":{"GEOID":"17181","NAME":"Union","STATEFP":"17"},"geometry":{"type":"Polygon","coordinates":[[[723,334.4],[717.5,334.8],[716.2,335.6],[716.2,335.7],[718.4,339.6],[717.2,341.1],[721.7,340.8],[725.4,340.7],[725,334.3],[723,334.4]]]}},{"type":"Feature","properties":{"GEOID":"17183","NAME":"Vermilion","STATEFP":"17"},"geometry":{"type":"Polygon","coordinates":[[[739.9,266.5],[740.8,278.8],[748,278.1],[747.5,271.8],[746.9,264],[746.9,263.7],[739.6,264.5],[739.9,266.5]]]}},{"type":"Feature","properties":{"GEOID":"17185","NAME":"Wabash","STATEFP":"17"},"geometry":{"type":"Polygon","coordinates":[[[743.1,309.8],[743.6,312.6],[743.1,317.1],[743.2,317.2],[745.6,316.6],[747.3,313.1],[748.7,309.3],[743.9,309.7],[743.1,309.8]]]}},{"type":"Feature","properties":{"GEOID":"17187","NAME":"Warren","STATEFP":"17"},"geometry":{"type":"Polygon","coordinates":[[[688.3,254.2],[688.8,264.5],[694.9,264.3],[694.8,262.2],[694.4,254],[688.3,254.2]]]}},{"type":"Feature","properties":{"GEOID":"17189","NAME":"Washington","STATEFP":"17"},"geometry":{"type":"Polygon","coordinates":[[[711.5,315.8],[711.8,320.5],[713.9,320.3],[722,319.9],[721.6,313.7],[721.6,313],[718.2,313.1],[713.7,314.1],[711.5,315.8]]]}},{"type":"Feature","properties":{"GEOID":"17191","NAME":"Wayne","STATEFP":"17"},"geometry":{"type":"Polygon","coordinates":[[[729.5,310],[729.8,313.1],[730.1,318.3],[736.2,317.8],[740.2,317.5],[739.6,310.1],[737.6,309.5],[729.5,310]]]}},{"type":"Feature","properties":{"GEOID":"17193","NAME":"White","STATEFP":"17"},"geometry":{"type":"Polygon","coordinates":[[[740.2,317.5],[736.2,317.8],[736.7,326],[742,326],[743.4,325.8],[743.3,317.8],[743.2,317.2],[743.1,317.1],[740.2,317.5]]]}},{"type":"Feature","properties":{"GEOID":"17195","NAME":"Whiteside","STATEFP":"17"},"geometry":{"type":"Polygon","coordinates":[[[698.2,233.2],[696.8,236.8],[698.1,241.4],[703.8,241],[707.8,240.8],[707.3,233.3],[706.3,232.7],[698.2,233.2]]]}},{"type":"Feature","properties":{"GEOID":"17197","NAME":"Will","STATEFP":"17"},"geometry":{"type":"Polygon","coordinates":[[[731.5,235.7],[732.1,241.8],[732.8,248],[736.8,247.6],[736.6,245.5],[745.2,244.7],[744.8,240.6],[740.2,241],[740,238.9],[735.6,236.3],[731.5,235.7]]]}},{"type":"Feature","properties":{"GEOID":"17199","NAME":"Williamson","STATEFP":"17"},"geometry":{"type":"Polygon","coordinates":[[[722.6,328.2],[723,334.4],[725,334.3],[731.2,333.8],[730.7,327.6],[722.6,328.2]]]}},{"type":"Feature","properties":{"GEOID":"17201","NAME":"Winnebago","STATEFP":"17"},"geometry":{"type":"Polygon","coordinates":[[[710.3,218.9],[710.9,225.9],[714.9,226.9],[718.9,226.5],[718.3,218.4],[710.9,218.8],[710.3,218.9]]]}},{"type":"Feature","properties":{"GEOID":"17203","NAME":"Woodford","STATEFP":"17"},"geometry":{"type":"Polygon","coordinates":[[[719.1,255.6],[711.7,256.3],[710.5,260.5],[714.5,260.2],[715.8,263.7],[718.2,263.5],[720.7,261.7],[721.5,259.5],[721.2,255.4],[719.1,255.6]]]}},{"type":"Feature","properties":{"GEOID":"18001","NAME":"Adams","STATEFP":"18"},"geometry":{"type":"Polygon","coordinates":[[[789.1,249.2],[790.1,257.4],[794.8,256.8],[794.4,253.1],[793.8,248.5],[789.1,249.2]]]}},{"type":"Feature","properties":{"GEOID":"18003","NAME":"Allen","STATEFP":"18"},"geometry":{"type":"Polygon","coordinates":[[[786.1,241.3],[784.1,241.5],[784.3,247.7],[784.5,249.8],[789.1,249.2],[793.8,248.5],[793.7,247],[792.9,240.8],[792.9,240.3],[786.1,241.3]]]}},{"type":"Feature","properties":{"GEOID":"18005","NAME":"Bartholomew","STATEFP":"18"},"geometry":{"type":"Polygon","coordinates":[[[775.2,288.3],[776,295.2],[781.1,294.2],[782.9,292.5],[782.4,287.4],[777.6,287.9],[775.2,288.3]]]}},{"type":"Feature","properties":{"GEOID":"18007","NAME":"Benton","STATEFP":"18"},"geometry":{"type":"Polygon","coordinates":[[[746.4,257.9],[746.9,263.7],[746.9,264],[754.6,263.4],[754.3,261.3],[753.9,257.2],[750.9,257.5],[746.4,257.9]]]}},{"type":"Feature","properties":{"GEOID":"18009","NAME":"Blackford","STATEFP":"18"},"geometry":{"type":"Polygon","coordinates":[[[783.5,258.2],[784,262.6],[788,262.2],[787.8,257.7],[783.5,258.2]]]}},{"type":"Feature","properties":{"GEOID":"18011","NAME":"Boone","STATEFP":"18"},"geometry":{"type":"Polygon","coordinates":[[[770.4,268.8],[762.3,269.7],[762.9,275.7],[769.5,275],[771,274.8],[770.4,268.8]]]}},{"type":"Feature","properties":{"GEOID":"18013","NAME":"Brown","STATEFP":"18"},"geometry":{"type":"Polygon","coordinates":[[[769.9,288.9],[770.8,295.8],[771.7,295.7],[776,295.2],[775.2,288.3],[772.2,288.6],[769.9,288.9]]]}},{"type":"Feature","properties":{"GEOID":"18015","NAME":"Carroll","STATEFP":"18"},"geometry":{"type":"Polygon","coordinates":[[[760.1,260.8],[761.7,263.7],[767.4,263.2],[767.1,260.1],[766.8,257],[763,256.4],[760.1,256.6],[760.1,260.8]]]}},{"type":"Feature","properties":{"GEOID":"18017","NAME":"Cass","STATEFP":"18"},"geometry":{"type":"Polygon","coordinates":[[[762.6,252.2],[763,256.4],[766.8,257],[767.1,260.1],[770.8,259.7],[769.9,251.5],[764.6,252],[762.6,252.2]]]}},{"type":"Feature","properties":{"GEOID":"18019","NAME":"Clark","STATEFP":"18"},"geometry":{"type":"Polygon","coordinates":[[[781.5,306.3],[779,308.3],[779.2,309.9],[782.6,309.9],[783.2,312.6],[785.3,312.1],[785.7,310.1],[789.1,306.3],[789,304.9],[786.4,304.7],[782.3,305.2],[781.5,306.3]]]}},{"type":"Feature","properties":{"GEOID":"18021","NAME":"Clay","STATEFP":"18"},"geometry":{"type":"Polygon","coordinates":[[[754.6,284],[754.1,286.2],[754.6,292.3],[754.8,294.4],[758.2,294.2],[757.8,290],[759.8,289.9],[759.6,286.8],[757.9,283.8],[754.6,284]]]}},{"type":"Feature","properties":{"GEOID":"18023","NAME":"Clinton","STATEFP":"18"},"geometry":{"type":"Polygon","coordinates":[[[761.7,263.7],[762.2,268.8],[762.3,269.7],[770.4,268.8],[770.3,268],[769.9,264.3],[767.4,263.2],[761.7,263.7]]]}},{"type":"Feature","properties":{"GEOID":"18025","NAME":"Crawford","STATEFP":"18"},"geometry":{"type":"Polygon","coordinates":[[[766.7,311.8],[767,314.9],[771.4,317.8],[773.6,316.2],[774.5,315],[774.4,310.3],[773.4,310.4],[766.7,311.8]]]}},{"type":"Feature","properties":{"GEOID":"18027","NAME":"Daviess","STATEFP":"18"},"geometry":{"type":"Polygon","coordinates":[[[758,300.5],[755.5,303],[755.2,305.8],[756.2,309.2],[759.3,309.6],[762,309.6],[761.5,300.1],[758,300.5]]]}},{"type":"Feature","properties":{"GEOID":"18029","NAME":"Dearborn","STATEFP":"18"},"geometry":{"type":"Polygon","coordinates":[[[793.6,287.1],[793.4,295.7],[797.8,293.2],[798.6,291.4],[798.1,286.7],[793.6,287.1]]]}},{"type":"Feature","properties":{"GEOID":"18031","NAME":"Decatur","STATEFP":"18"},"geometry":{"type":"Polygon","coordinates":[[[789.1,284.2],[783.1,284.8],[782.4,287.4],[782.9,292.5],[785.1,292.3],[787.2,290.5],[789.6,288.5],[789.1,284.2]]]}},{"type":"Feature","properties":{"GEOID":"18033","NAME":"DeKalb","STATEFP":"18"},"geometry":{"type":"Polygon","coordinates":[[[785.4,235.1],[786.1,241.3],[792.9,240.3],[792.4,236.7],[792.1,234.3],[785.4,235.1]]]}},{"type":"Feature","properties":{"GEOID":"18035","NAME":"Delaware","STATEFP":"18"},"geometry":{"type":"Polygon","coordinates":[[[781.6,262.9],[782.5,270],[788.9,269.3],[788.2,263.9],[788,262.2],[784,262.6],[781.6,262.9]]]}},{"type":"Feature","properties":{"GEOID":"18037","NAME":"Dubois","STATEFP":"18"},"geometry":{"type":"Polygon","coordinates":[[[759.3,309.6],[759.9,316.3],[761,316.9],[765.1,316.4],[767,314.9],[766.7,311.8],[766.4,308.7],[762,309.6],[759.3,309.6]]]}},{"type":"Feature","properties":{"GEOID":"18039","NAME":"Elkhart","STATEFP":"18"},"geometry":{"type":"Polygon","coordinates":[[[769.6,231.3],[770.4,237.9],[770.5,238.9],[777.6,238.1],[777.3,236.1],[776.6,230.6],[774.4,230.8],[769.6,231.3]]]}},{"type":"Feature","properties":{"GEOID":"18041","NAME":"Fayette","STATEFP":"18"},"geometry":{"type":"Polygon","coordinates":[[[788.1,276.3],[788.9,282.5],[793.6,281.9],[793.1,277.5],[790.4,277.8],[789.5,276.1],[788.1,276.3]]]}},{"type":"Feature","properties":{"GEOID":"18043","NAME":"Floyd","STATEFP":"18"},"geometry":{"type":"Polygon","coordinates":[[[778.5,310],[778.7,312.1],[781.5,315.4],[783.2,312.6],[782.6,309.9],[779.2,309.9],[778.5,310]]]}},{"type":"Feature","properties":{"GEOID":"18045","NAME":"Fountain","STATEFP":"18"},"geometry":{"type":"Polygon","coordinates":[[[754.8,265.9],[752.3,267.5],[749.8,272.1],[749.9,276.3],[755.8,275.7],[755.2,269.5],[754.8,265.9]]]}},{"type":"Feature","properties":{"GEOID":"18047","NAME":"Franklin","STATEFP":"18"},"geometry":{"type":"Polygon","coordinates":[[[789.1,284.2],[789.6,288.5],[793.6,287.1],[798.1,286.7],[797.5,281.5],[793.6,281.9],[788.9,282.5],[789.1,284.2]]]}},{"type":"Feature","properties":{"GEOID":"18049","NAME":"Fulton","STATEFP":"18"},"geometry":{"type":"Polygon","coordinates":[[[773.5,248],[771.1,247.2],[770.8,245.1],[764,245.9],[764.6,252],[769.9,251.5],[769.7,249.5],[773.6,249],[773.5,248]]]}},{"type":"Feature","properties":{"GEOID":"18051","NAME":"Gibson","STATEFP":"18"},"geometry":{"type":"Polygon","coordinates":[[[747.3,313.1],[745.6,316.6],[743.2,317.2],[743.3,317.8],[746.7,317.6],[748.8,318.8],[752.9,318.5],[755.4,316.4],[755.2,313.3],[753.5,313.5],[752.2,309.9],[747.3,313.1]]]}},{"type":"Feature","properties":{"GEOID":"18053","NAME":"Grant","STATEFP":"18"},"geometry":{"type":"Polygon","coordinates":[[[776.1,259.1],[776.5,262.8],[776.6,263.5],[781.6,262.9],[784,262.6],[783.5,258.2],[783.2,256.2],[779.9,256.6],[775.9,257],[776.1,259.1]]]}},{"type":"Feature","properties":{"GEOID":"18055","NAME":"Greene","STATEFP":"18"},"geometry":{"type":"Polygon","coordinates":[[[754.8,294.4],[755.4,300.6],[758,300.5],[761.5,300.1],[765.5,299.7],[765.3,297.7],[764.9,293.6],[758.2,294.2],[754.8,294.4]]]}},{"type":"Feature","properties":{"GEOID":"18057","NAME":"Hamilton","STATEFP":"18"},"geometry":{"type":"Polygon","coordinates":[[[777,267.2],[770.3,268],[770.4,268.8],[771,274.8],[776.4,274.2],[777.7,273.7],[777,267.2]]]}},{"type":"Feature","properties":{"GEOID":"18059","NAME":"Hancock","STATEFP":"18"},"geometry":{"type":"Polygon","coordinates":[[[782.8,273.1],[777.7,273.7],[776.4,274.2],[776.7,279.7],[782.4,279.1],[782.8,276.9],[782.8,273.1]]]}},{"type":"Feature","properties":{"GEOID":"18061","NAME":"Harrison","STATEFP":"18"},"geometry":{"type":"Polygon","coordinates":[[[774.4,310.3],[774.5,315],[773.6,316.2],[775.1,319],[776.8,319.9],[780.1,319.8],[781.1,319.6],[781.5,315.4],[778.7,312.1],[778.5,310],[774.4,310.3]]]}},{"type":"Feature","properties":{"GEOID":"18063","NAME":"Hendricks","STATEFP":"18"},"geometry":{"type":"Polygon","coordinates":[[[763,277.1],[764.3,283.2],[770.2,281.9],[769.5,275],[762.9,275.7],[763,277.1]]]}},{"type":"Feature","properties":{"GEOID":"18065","NAME":"Henry","STATEFP":"18"},"geometry":{"type":"Polygon","coordinates":[[[782.5,270],[782.8,273.1],[782.8,276.9],[788.1,276.3],[789.5,276.1],[789.3,271],[788.9,269.3],[782.5,270]]]}},{"type":"Feature","properties":{"GEOID":"18067","NAME":"Howard","STATEFP":"18"},"geometry":{"type":"Polygon","coordinates":[[[776.1,259.1],[770.8,259.7],[767.1,260.1],[767.4,263.2],[769.9,264.3],[776.5,262.8],[776.1,259.1]]]}},{"type":"Feature","properties":{"GEOID":"18069","NAME":"Huntington","STATEFP":"18"},"geometry":{"type":"Polygon","coordinates":[[[778.9,248.3],[779.9,256.6],[783.2,256.2],[785.2,255.9],[784.5,249.8],[784.3,247.7],[778.9,248.3]]]}},{"type":"Feature","properties":{"GEOID":"18071","NAME":"Jackson","STATEFP":"18"},"geometry":{"type":"Polygon","coordinates":[[[771.9,297],[773.2,302.3],[776.5,301.5],[780.3,302.3],[781.8,300.4],[781.1,294.2],[776,295.2],[771.7,295.7],[771.9,297]]]}},{"type":"Feature","properties":{"GEOID":"18073","NAME":"Jasper","STATEFP":"18"},"geometry":{"type":"Polygon","coordinates":[[[749.7,246.1],[750.9,257.5],[753.9,257.2],[753.7,254.8],[756.5,252.8],[755.9,246.7],[755.7,245.1],[752.1,244.3],[750.7,245.5],[749.7,246.1]]]}},{"type":"Feature","properties":{"GEOID":"18075","NAME":"Jay","STATEFP":"18"},"geometry":{"type":"Polygon","coordinates":[[[787.8,257.7],[788,262.2],[788.2,263.9],[795.5,263],[795.4,262],[794.8,256.8],[790.1,257.4],[787.8,257.7]]]}},{"type":"Feature","properties":{"GEOID":"18077","NAME":"Jefferson","STATEFP":"18"},"geometry":{"type":"Polygon","coordinates":[[[787.9,297.2],[783.8,300],[784,301.8],[786.4,304.7],[789,304.9],[788.3,301.9],[790.3,301.1],[792.8,301.9],[792.2,296.7],[787.9,297.2]]]}},{"type":"Feature","properties":{"GEOID":"18079","NAME":"Jennings","STATEFP":"18"},"geometry":{"type":"Polygon","coordinates":[[[781.1,294.2],[781.8,300.4],[783.8,300],[787.9,297.2],[787.2,290.5],[785.1,292.3],[782.9,292.5],[781.1,294.2]]]}},{"type":"Feature","properties":{"GEOID":"18081","NAME":"Johnson","STATEFP":"18"},"geometry":{"type":"Polygon","coordinates":[[[776.9,281.1],[771.6,281.8],[772.2,288.6],[775.2,288.3],[777.6,287.9],[776.9,281.1]]]}},{"type":"Feature","properties":{"GEOID":"18083","NAME":"Knox","STATEFP":"18"},"geometry":{"type":"Polygon","coordinates":[[[750.2,302.4],[750.8,306.1],[748.7,309.3],[747.3,313.1],[752.2,309.9],[756.2,309.2],[755.2,305.8],[755.5,303],[758,300.5],[755.4,300.6],[750.3,301.2],[750.2,302.4]]]}},{"type":"Feature","properties":{"GEOID":"18085","NAME":"Kosciusko","STATEFP":"18"},"geometry":{"type":"Polygon","coordinates":[[[777.6,238.1],[770.5,238.9],[770.8,245.1],[771.1,247.2],[773.5,248],[778,247.4],[778,241.5],[777.6,238.1]]]}},{"type":"Feature","properties":{"GEOID":"18087","NAME":"LaGrange","STATEFP":"18"},"geometry":{"type":"Polygon","coordinates":[[[776.6,230.6],[777.3,236.1],[785.4,235.1],[784.7,229.6],[783,229.8],[776.6,230.6]]]}},{"type":"Feature","properties":{"GEOID":"18089","NAME":"Lake","STATEFP":"18"},"geometry":{"type":"Polygon","coordinates":[[[749.5,233.3],[744.2,233.8],[744.8,240.6],[745.2,244.7],[745.4,247.8],[749.7,246.1],[750.7,245.5],[749.5,233.3]]]}},{"type":"Feature","properties":{"GEOID":"18091","NAME":"LaPorte","STATEFP":"18"},"geometry":{"type":"Polygon","coordinates":[[[754.5,232.8],[755.7,245.1],[758.2,243.7],[759.4,240.8],[762.4,239.8],[762.7,236.5],[761.6,232.1],[754.5,232.8]]]}},{"type":"Feature","properties":{"GEOID":"18093","NAME":"Lawrence","STATEFP":"18"},"geometry":{"type":"Polygon","coordinates":[[[765.5,299.7],[766,304.9],[772.8,304.2],[773.2,302.3],[771.9,297],[765.3,297.7],[765.5,299.7]]]}},{"type":"Feature","properties":{"GEOID":"18095","NAME":"Madison","STATEFP":"18"},"geometry":{"type":"Polygon","coordinates":[[[777,267.2],[777.7,273.7],[782.8,273.1],[782.5,270],[781.6,262.9],[776.6,263.5],[777,267.2]]]}},{"type":"Feature","properties":{"GEOID":"18097","NAME":"Marion","STATEFP":"18"},"geometry":{"type":"Polygon","coordinates":[[[776.4,274.2],[771,274.8],[769.5,275],[770.2,281.9],[771.6,281.8],[776.9,281.1],[776.7,279.7],[776.4,274.2]]]}},{"type":"Feature","properties":{"GEOID":"18099","NAME":"Marshall","STATEFP":"18"},"geometry":{"type":"Polygon","coordinates":[[[770.4,237.9],[763.3,238.7],[763.4,239.7],[764,245.9],[770.8,245.1],[770.5,238.9],[770.4,237.9]]]}},{"type":"Feature","properties":{"GEOID":"18101","NAME":"Martin","STATEFP":"18"},"geometry":{"type":"Polygon","coordinates":[[[761.5,300.1],[762,309.6],[766.4,308.7],[766,304.9],[765.5,299.7],[761.5,300.1]]]}},{"type":"Feature","properties":{"GEOID":"18103","NAME":"Miami","STATEFP":"18"},"geometry":{"type":"Polygon","coordinates":[[[769.9,251.5],[770.8,259.7],[776.1,259.1],[775.9,257],[774.6,257.2],[773.6,249],[769.7,249.5],[769.9,251.5]]]}},{"type":"Feature","properties":{"GEOID":"18105","NAME":"Monroe","STATEFP":"18"},"geometry":{"type":"Polygon","coordinates":[[[765.4,289.2],[764.9,293.6],[765.3,297.7],[771.9,297],[771.7,295.7],[770.8,295.8],[769.9,288.9],[765.4,289.2]]]}},{"type":"Feature","properties":{"GEOID":"18107","NAME":"Montgomery","STATEFP":"18"},"geometry":{"type":"Polygon","coordinates":[[[755.2,269.5],[755.8,275.7],[757.4,277.6],[763,277.1],[762.9,275.7],[762.3,269.7],[762.2,268.8],[755.2,269.5]]]}},{"type":"Feature","properties":{"GEOID":"18109","NAME":"Morgan","STATEFP":"18"},"geometry":{"type":"Polygon","coordinates":[[[764.3,283.2],[764.1,286.4],[765.4,289.2],[769.9,288.9],[772.2,288.6],[771.6,281.8],[770.2,281.9],[764.3,283.2]]]}},{"type":"Feature","properties":{"GEOID":"18111","NAME":"Newton","STATEFP":"18"},"geometry":{"type":"Polygon","coordinates":[[[745.4,247.8],[745.8,251.4],[746.4,257.9],[750.9,257.5],[749.7,246.1],[745.4,247.8]]]}},{"type":"Feature","properties":{"GEOID":"18113","NAME":"Noble","STATEFP":"18"},"geometry":{"type":"Polygon","coordinates":[[[777.6,238.1],[778,241.5],[784.1,241.5],[786.1,241.3],[785.4,235.1],[777.3,236.1],[777.6,238.1]]]}},{"type":"Feature","properties":{"GEOID":"18115","NAME":"Ohio","STATEFP":"18"},"geometry":{"type":"Polygon","coordinates":[[[793.4,296.2],[798.3,296.3],[797.8,293.2],[793.4,295.7],[793.4,296.2]]]}},{"type":"Feature","properties":{"GEOID":"18117","NAME":"Orange","STATEFP":"18"},"geometry":{"type":"Polygon","coordinates":[[[772.8,304.2],[766,304.9],[766.4,308.7],[766.7,311.8],[773.4,310.4],[772.8,304.2]]]}},{"type":"Feature","properties":{"GEOID":"18119","NAME":"Owen","STATEFP":"18"},"geometry":{"type":"Polygon","coordinates":[[[759.6,286.8],[759.8,289.9],[757.8,290],[758.2,294.2],[764.9,293.6],[765.4,289.2],[764.1,286.4],[759.6,286.8]]]}},{"type":"Feature","properties":{"GEOID":"18121","NAME":"Parke","STATEFP":"18"},"geometry":{"type":"Polygon","coordinates":[[[749.9,276.3],[751,277.6],[751.3,284.3],[754.6,284],[757.9,283.8],[757.4,277.6],[755.8,275.7],[749.9,276.3]]]}},{"type":"Feature","properties":{"GEOID":"18123","NAME":"Perry","STATEFP":"18"},"geometry":{"type":"Polygon","coordinates":[[[765.1,316.4],[765.9,319.9],[765.2,321.4],[768.5,324.8],[770.9,322.5],[771,319.7],[771.4,317.8],[767,314.9],[765.1,316.4]]]}},{"type":"Feature","properties":{"GEOID":"18125","NAME":"Pike","STATEFP":"18"},"geometry":{"type":"Polygon","coordinates":[[[752.2,309.9],[753.5,313.5],[755.2,313.3],[755.4,316.4],[759.9,316.3],[759.3,309.6],[756.2,309.2],[752.2,309.9]]]}},{"type":"Feature","properties":{"GEOID":"18127","NAME":"Porter","STATEFP":"18"},"geometry":{"type":"Polygon","coordinates":[[[749.5,233.3],[750.7,245.5],[752.1,244.3],[755.7,245.1],[754.5,232.8],[749.7,233.2],[749.5,233.3]]]}},{"type":"Feature","properties":{"GEOID":"18129","NAME":"Posey","STATEFP":"18"},"geometry":{"type":"Polygon","coordinates":[[[743.3,317.8],[743.4,325.8],[742,326],[743.3,328.1],[745,325.5],[749.1,325.3],[748.8,318.8],[746.7,317.6],[743.3,317.8]]]}},{"type":"Feature","properties":{"GEOID":"18131","NAME":"Pulaski","STATEFP":"18"},"geometry":{"type":"Polygon","coordinates":[[[755.9,246.7],[756.5,252.8],[762.6,252.2],[764.6,252],[764,245.9],[755.9,246.7]]]}},{"type":"Feature","properties":{"GEOID":"18133","NAME":"Putnam","STATEFP":"18"},"geometry":{"type":"Polygon","coordinates":[[[757.4,277.6],[757.9,283.8],[759.6,286.8],[764.1,286.4],[764.3,283.2],[763,277.1],[757.4,277.6]]]}},{"type":"Feature","properties":{"GEOID":"18135","NAME":"Randolph","STATEFP":"18"},"geometry":{"type":"Polygon","coordinates":[[[795.5,263],[788.2,263.9],[788.9,269.3],[789.3,271],[796.3,270.2],[795.5,263]]]}},{"type":"Feature","properties":{"GEOID":"18137","NAME":"Ripley","STATEFP":"18"},"geometry":{"type":"Polygon","coordinates":[[[787.2,290.5],[787.9,297.2],[792.2,296.7],[793.4,296.2],[793.4,295.7],[793.6,287.1],[789.6,288.5],[787.2,290.5]]]}},{"type":"Feature","properties":{"GEOID":"18139","NAME":"Rush","STATEFP":"18"},"geometry":{"type":"Polygon","coordinates":[[[782.4,279.1],[783.1,284.8],[789.1,284.2],[788.9,282.5],[788.1,276.3],[782.8,276.9],[782.4,279.1]]]}},{"type":"Feature","properties":{"GEOID":"18141","NAME":"St. Joseph","STATEFP":"18"},"geometry":{"type":"Polygon","coordinates":[[[766.8,231.6],[761.6,232.1],[762.7,236.5],[762.4,239.8],[763.4,239.7],[763.3,238.7],[770.4,237.9],[769.6,231.3],[766.8,231.6]]]}},{"type":"Feature","properties":{"GEOID":"18143","NAME":"Scott","STATEFP":"18"},"geometry":{"type":"Polygon","coordinates":[[[783.8,300],[781.8,300.4],[780.3,302.3],[781.5,306.3],[782.3,305.2],[786.4,304.7],[784,301.8],[783.8,300]]]}},{"type":"Feature","properties":{"GEOID":"18145","NAME":"Shelby","STATEFP":"18"},"geometry":{"type":"Polygon","coordinates":[[[776.9,281.1],[777.6,287.9],[782.4,287.4],[783.1,284.8],[782.4,279.1],[776.7,279.7],[776.9,281.1]]]}},{"type":"Feature","properties":{"GEOID":"18147","NAME":"Spencer","STATEFP":"18"},"geometry":{"type":"Polygon","coordinates":[[[761,316.9],[761.2,318.9],[757.7,322.7],[757.1,325],[760.9,326.5],[762.3,323.3],[765.2,321.4],[765.9,319.9],[765.1,316.4],[761,316.9]]]}},{"type":"Feature","properties":{"GEOID":"18149","NAME":"Starke","STATEFP":"18"},"geometry":{"type":"Polygon","coordinates":[[[762.4,239.8],[759.4,240.8],[758.2,243.7],[755.7,245.1],[755.9,246.7],[764,245.9],[763.4,239.7],[762.4,239.8]]]}},{"type":"Feature","properties":{"GEOID":"18151","NAME":"Steuben","STATEFP":"18"},"geometry":{"type":"Polygon","coordinates":[[[784.7,229.6],[785.4,235.1],[792.1,234.3],[791.6,230.3],[791.1,228.9],[784.7,229.6]]]}},{"type":"Feature","properties":{"GEOID":"18153","NAME":"Sullivan","STATEFP":"18"},"geometry":{"type":"Polygon","coordinates":[[[748.1,292.9],[747.8,295.4],[750.3,301.2],[755.4,300.6],[754.8,294.4],[754.6,292.3],[748.1,292.9]]]}},{"type":"Feature","properties":{"GEOID":"18155","NAME":"Switzerland","STATEFP":"18"},"geometry":{"type":"Polygon","coordinates":[[[792.2,296.7],[792.8,301.9],[795.9,299.9],[799.7,297.2],[798.3,296.3],[793.4,296.2],[792.2,296.7]]]}},{"type":"Feature","properties":{"GEOID":"18157","NAME":"Tippecanoe","STATEFP":"18"},"geometry":{"type":"Polygon","coordinates":[[[754.8,265.9],[755.2,269.5],[762.2,268.8],[761.7,263.7],[760.1,260.8],[754.3,261.3],[754.6,263.4],[754.8,265.9]]]}},{"type":"Feature","properties":{"GEOID":"18159","NAME":"Tipton","STATEFP":"18"},"geometry":{"type":"Polygon","coordinates":[[[776.5,262.8],[769.9,264.3],[770.3,268],[777,267.2],[776.6,263.5],[776.5,262.8]]]}},{"type":"Feature","properties":{"GEOID":"18161","NAME":"Union","STATEFP":"18"},"geometry":{"type":"Polygon","coordinates":[[[793.1,277.5],[793.6,281.9],[797.5,281.5],[797.4,280.5],[797,276.7],[793.1,277.5]]]}},{"type":"Feature","properties":{"GEOID":"18163","NAME":"Vanderburgh","STATEFP":"18"},"geometry":{"type":"Polygon","coordinates":[[[748.8,318.8],[749.1,325.3],[749.8,326.8],[753.6,323.8],[752.9,318.5],[748.8,318.8]]]}},{"type":"Feature","properties":{"GEOID":"18165","NAME":"Vermillion","STATEFP":"18"},"geometry":{"type":"Polygon","coordinates":[[[747.5,271.8],[748,278.1],[748.6,284.6],[751.3,284.3],[751,277.6],[749.9,276.3],[749.8,272.1],[747.5,271.8]]]}},{"type":"Feature","properties":{"GEOID":"18167","NAME":"Vigo","STATEFP":"18"},"geometry":{"type":"Polygon","coordinates":[[[748.6,284.6],[748.9,287.7],[749.2,290.7],[748.1,292.9],[754.6,292.3],[754.1,286.2],[754.6,284],[751.3,284.3],[748.6,284.6]]]}},{"type":"Feature","properties":{"GEOID":"18169","NAME":"Wabash","STATEFP":"18"},"geometry":{"type":"Polygon","coordinates":[[[773.6,249],[774.6,257.2],[775.9,257],[779.9,256.6],[778.9,248.3],[778,247.4],[773.5,248],[773.6,249]]]}},{"type":"Feature","properties":{"GEOID":"18171","NAME":"Warren","STATEFP":"18"},"geometry":{"type":"Polygon","coordinates":[[[746.9,264],[747.5,271.8],[749.8,272.1],[752.3,267.5],[754.8,265.9],[754.6,263.4],[746.9,264]]]}},{"type":"Feature","properties":{"GEOID":"18173","NAME":"Warrick","STATEFP":"18"},"geometry":{"type":"Polygon","coordinates":[[[755.4,316.4],[752.9,318.5],[753.6,323.8],[756.4,324.6],[757.1,325],[757.7,322.7],[761.2,318.9],[761,316.9],[759.9,316.3],[755.4,316.4]]]}},{"type":"Feature","properties":{"GEOID":"18175","NAME":"Washington","STATEFP":"18"},"geometry":{"type":"Polygon","coordinates":[[[772.8,304.2],[773.4,310.4],[774.4,310.3],[778.5,310],[779.2,309.9],[779,308.3],[781.5,306.3],[780.3,302.3],[776.5,301.5],[773.2,302.3],[772.8,304.2]]]}},{"type":"Feature","properties":{"GEOID":"18177","NAME":"Wayne","STATEFP":"18"},"geometry":{"type":"Polygon","coordinates":[[[789.3,271],[789.5,276.1],[790.4,277.8],[793.1,277.5],[797,276.7],[796.5,272.2],[796.3,270.2],[789.3,271]]]}},{"type":"Feature","properties":{"GEOID":"18179","NAME":"Wells","STATEFP":"18"},"geometry":{"type":"Polygon","coordinates":[[[789.1,249.2],[784.5,249.8],[785.2,255.9],[783.2,256.2],[783.5,258.2],[787.8,257.7],[790.1,257.4],[789.1,249.2]]]}},{"type":"Feature","properties":{"GEOID":"18181","NAME":"White","STATEFP":"18"},"geometry":{"type":"Polygon","coordinates":[[[753.9,257.2],[754.3,261.3],[760.1,260.8],[760.1,256.6],[763,256.4],[762.6,252.2],[756.5,252.8],[753.7,254.8],[753.9,257.2]]]}},{"type":"Feature","properties":{"GEOID":"18183","NAME":"Whitley","STATEFP":"18"},"geometry":{"type":"Polygon","coordinates":[[[778,241.5],[778,247.4],[778.9,248.3],[784.3,247.7],[784.1,241.5],[778,241.5]]]}},{"type":"Feature","properties":{"GEOID":"19001","NAME":"Adair","STATEFP":"19"},"geometry":{"type":"Polygon","coordinates":[[[619.1,246.3],[619.3,254.5],[623.3,254.4],[627.3,254.3],[627.2,246.1],[619.1,246.3]]]}},{"type":"Feature","properties":{"GEOID":"19003","NAME":"Adams","STATEFP":"19"},"geometry":{"type":"Polygon","coordinates":[[[615.3,254.5],[615.3,260.6],[623.4,260.5],[623.3,254.4],[619.3,254.5],[615.3,254.5]]]}},{"type":"Feature","properties":{"GEOID":"19005","NAME":"Allamakee","STATEFP":"19"},"geometry":{"type":"Polygon","coordinates":[[[671.1,197.5],[671.7,207.3],[679,207],[680.8,202.8],[678.2,200.7],[678.1,199],[677.8,197.1],[671.1,197.5]]]}},{"type":"Feature","properties":{"GEOID":"19007","NAME":"Appanoose","STATEFP":"19"},"geometry":{"type":"Polygon","coordinates":[[[655.8,259.7],[647.7,260],[647.9,267.4],[654.7,267.1],[656.1,267],[655.8,259.7]]]}},{"type":"Feature","properties":{"GEOID":"19009","NAME":"Audubon","STATEFP":"19"},"geometry":{"type":"Polygon","coordinates":[[[612.2,237.8],[612.3,244],[613.2,246.3],[619.1,246.3],[618.3,243.9],[618.3,237.8],[612.2,237.8]]]}},{"type":"Feature","properties":{"GEOID":"19011","NAME":"Benton","STATEFP":"19"},"geometry":{"type":"Polygon","coordinates":[[[660.5,226.4],[660.9,236.7],[669.1,236.3],[668.6,226],[664.6,226.2],[660.5,226.4]]]}},{"type":"Feature","properties":{"GEOID":"19013","NAME":"Black Hawk","STATEFP":"19"},"geometry":{"type":"Polygon","coordinates":[[[655.9,220.4],[656.4,226.5],[660.5,226.4],[664.6,226.2],[663.9,218.1],[655.8,218.4],[655.9,220.4]]]}},{"type":"Feature","properties":{"GEOID":"19015","NAME":"Boone","STATEFP":"19"},"geometry":{"type":"Polygon","coordinates":[[[632.3,229.3],[628.2,229.4],[628.4,237.6],[634.5,237.5],[636.5,237.4],[636.3,229.2],[632.3,229.3]]]}},{"type":"Feature","properties":{"GEOID":"19017","NAME":"Bremer","STATEFP":"19"},"geometry":{"type":"Polygon","coordinates":[[[655.6,212.1],[655.8,218.4],[663.9,218.1],[663.7,211.8],[655.6,212.1]]]}},{"type":"Feature","properties":{"GEOID":"19019","NAME":"Buchanan","STATEFP":"19"},"geometry":{"type":"Polygon","coordinates":[[[663.9,218.1],[664.6,226.2],[668.6,226],[672.7,225.9],[672.1,217.7],[663.9,218.1]]]}},{"type":"Feature","properties":{"GEOID":"19021","NAME":"Buena Vista","STATEFP":"19"},"geometry":{"type":"Polygon","coordinates":[[[606.9,213.1],[606.9,221.3],[615.1,221.3],[615,213],[606.9,213.1]]]}},{"type":"Feature","properties":{"GEOID":"19023","NAME":"Butler","STATEFP":"19"},"geometry":{"type":"Polygon","coordinates":[[[647.5,212.4],[647.7,220.7],[655.9,220.4],[655.8,218.4],[655.6,212.1],[647.5,212.4]]]}},{"type":"Feature","properties":{"GEOID":"19025","NAME":"Calhoun","STATEFP":"19"},"geometry":{"type":"Polygon","coordinates":[[[615.1,221.3],[616.1,223.3],[616.2,229.6],[620.2,229.5],[624.2,229.5],[624.1,223.2],[623.3,221.2],[615.1,221.3]]]}},{"type":"Feature","properties":{"GEOID":"19027","NAME":"Carroll","STATEFP":"19"},"geometry":{"type":"Polygon","coordinates":[[[612.1,229.6],[612.2,237.8],[618.3,237.8],[620.3,237.7],[620.2,229.5],[616.2,229.6],[612.1,229.6]]]}},{"type":"Feature","properties":{"GEOID":"19029","NAME":"Cass","STATEFP":"19"},"geometry":{"type":"Polygon","coordinates":[[[611.2,246.3],[611.2,254.5],[615.3,254.5],[619.3,254.5],[619.1,246.3],[613.2,246.3],[611.2,246.3]]]}},{"type":"Feature","properties":{"GEOID":"19031","NAME":"Cedar","STATEFP":"19"},"geometry":{"type":"Polygon","coordinates":[[[677.2,236],[677.5,242.2],[685.6,241.8],[685.4,237.7],[685.2,233.6],[677.1,233.9],[677.2,236]]]}},{"type":"Feature","properties":{"GEOID":"19033","NAME":"Cerro Gordo","STATEFP":"19"},"geometry":{"type":"Polygon","coordinates":[[[647.2,204.2],[639.1,204.4],[639.3,212.6],[647.5,212.4],[647.3,205.2],[647.2,204.2]]]}},{"type":"Feature","properties":{"GEOID":"19035","NAME":"Cherokee","STATEFP":"19"},"geometry":{"type":"Polygon","coordinates":[[[598.8,213.2],[598.8,221.4],[600.8,221.4],[606.9,221.3],[606.9,213.1],[598.8,213.2]]]}},{"type":"Feature","properties":{"GEOID":"19037","NAME":"Chickasaw","STATEFP":"19"},"geometry":{"type":"Polygon","coordinates":[[[655.3,204.9],[655.6,212.1],[663.7,211.8],[663.5,207.7],[663.4,204.6],[655.3,204.9]]]}},{"type":"Feature","properties":{"GEOID":"19039","NAME":"Clarke","STATEFP":"19"},"geometry":{"type":"Polygon","coordinates":[[[631.3,254.3],[631.5,260.4],[639.6,260.2],[639.4,254],[635.3,254.1],[631.3,254.3]]]}},{"type":"Feature","properties":{"GEOID":"19041","NAME":"Clay","STATEFP":"19"},"geometry":{"type":"Polygon","coordinates":[[[614.9,204.9],[606.8,204.9],[606.9,213.1],[615,213],[614.9,204.9]]]}},{"type":"Feature","properties":{"GEOID":"19043","NAME":"Clayton","STATEFP":"19"},"geometry":{"type":"Polygon","coordinates":[[[671.7,207.3],[672.1,217.7],[680.3,217.2],[684.3,216.3],[681.6,215],[679.5,209.2],[679,207],[671.7,207.3]]]}},{"type":"Feature","properties":{"GEOID":"19045","NAME":"Clinton","STATEFP":"19"},"geometry":{"type":"Polygon","coordinates":[[[698,230.8],[685.1,231.5],[685.2,233.6],[685.4,237.7],[688.9,238.3],[691.7,237.2],[695.6,238.1],[696.8,236.8],[698.2,233.2],[698,230.8]]]}},{"type":"Feature","properties":{"GEOID":"19047","NAME":"Crawford","STATEFP":"19"},"geometry":{"type":"Polygon","coordinates":[[[602.1,229.7],[602.1,237.9],[604.1,237.9],[612.2,237.8],[612.1,229.6],[608.1,229.6],[602.1,229.7]]]}},{"type":"Feature","properties":{"GEOID":"19049","NAME":"Dallas","STATEFP":"19"},"geometry":{"type":"Polygon","coordinates":[[[626.4,237.6],[626.5,243.8],[627.2,246.1],[635.1,245.8],[634.5,237.5],[628.4,237.6],[626.4,237.6]]]}},{"type":"Feature","properties":{"GEOID":"19051","NAME":"Davis","STATEFP":"19"},"geometry":{"type":"Polygon","coordinates":[[[663.9,259.4],[655.8,259.7],[656.1,267],[661.2,266.7],[664.2,266.5],[663.9,259.4]]]}},{"type":"Feature","properties":{"GEOID":"19053","NAME":"Decatur","STATEFP":"19"},"geometry":{"type":"Polygon","coordinates":[[[639.6,260.2],[631.5,260.4],[631.6,268.1],[635.9,267.9],[639.8,267.7],[639.6,260.2]]]}},{"type":"Feature","properties":{"GEOID":"19055","NAME":"Delaware","STATEFP":"19"},"geometry":{"type":"Polygon","coordinates":[[[672.1,217.7],[672.7,225.9],[676.7,225.7],[680.7,225.5],[680.3,217.2],[672.1,217.7]]]}},{"type":"Feature","properties":{"GEOID":"19057","NAME":"Des Moines","STATEFP":"19"},"geometry":{"type":"Polygon","coordinates":[[[678,254.6],[677.6,260.8],[683,263.3],[683.1,260.6],[685.4,257.8],[685.4,254.3],[678,254.6]]]}},{"type":"Feature","properties":{"GEOID":"19059","NAME":"Dickinson","STATEFP":"19"},"geometry":{"type":"Polygon","coordinates":[[[606.8,199.2],[606.8,204.9],[614.9,204.9],[614.9,199.1],[606.8,199.2]]]}},{"type":"Feature","properties":{"GEOID":"19061","NAME":"Dubuque","STATEFP":"19"},"geometry":{"type":"Polygon","coordinates":[[[680.3,217.2],[680.7,225.5],[684.8,225.3],[688.8,225.1],[688.7,223],[692,222.9],[688.9,220],[687.4,217],[684.3,216.3],[680.3,217.2]]]}},{"type":"Feature","properties":{"GEOID":"19063","NAME":"Emmet","STATEFP":"19"},"geometry":{"type":"Polygon","coordinates":[[[614.9,199.1],[614.9,204.9],[623,204.8],[622.9,199],[615.9,199.1],[614.9,199.1]]]}},{"type":"Feature","properties":{"GEOID":"19065","NAME":"Fayette","STATEFP":"19"},"geometry":{"type":"Polygon","coordinates":[[[663.7,211.8],[663.9,218.1],[672.1,217.7],[671.7,207.3],[663.5,207.7],[663.7,211.8]]]}},{"type":"Feature","properties":{"GEOID":"19067","NAME":"Floyd","STATEFP":"19"},"geometry":{"type":"Polygon","coordinates":[[[647.3,205.2],[647.5,212.4],[655.6,212.1],[655.3,204.9],[647.3,205.2]]]}},{"type":"Feature","properties":{"GEOID":"19069","NAME":"Franklin","STATEFP":"19"},"geometry":{"type":"Polygon","coordinates":[[[647.5,212.4],[639.3,212.6],[639.5,220.9],[647.7,220.7],[647.5,212.4]]]}},{"type":"Feature","properties":{"GEOID":"19071","NAME":"Fremont","STATEFP":"19"},"geometry":{"type":"Polygon","coordinates":[[[599.7,260.7],[599.3,263.5],[598.5,264.3],[600.5,268.2],[607.5,268.3],[607.2,260.7],[599.7,260.7]]]}},{"type":"Feature","properties":{"GEOID":"19073","NAME":"Greene","STATEFP":"19"},"geometry":{"type":"Polygon","coordinates":[[[620.2,229.5],[620.3,237.7],[626.4,237.6],[628.4,237.6],[628.2,229.4],[624.2,229.5],[620.2,229.5]]]}},{"type":"Feature","properties":{"GEOID":"19075","NAME":"Grundy","STATEFP":"19"},"geometry":{"type":"Polygon","coordinates":[[[647.7,220.7],[648.4,228.9],[652.5,228.7],[652.4,226.7],[656.4,226.5],[655.9,220.4],[647.7,220.7]]]}},{"type":"Feature","properties":{"GEOID":"19077","NAME":"Guthrie","STATEFP":"19"},"geometry":{"type":"Polygon","coordinates":[[[626.4,237.6],[620.3,237.7],[618.3,237.8],[618.3,243.9],[619.1,246.3],[627.2,246.1],[626.5,243.8],[626.4,237.6]]]}},{"type":"Feature","properties":{"GEOID":"19079","NAME":"Hamilton","STATEFP":"19"},"geometry":{"type":"Polygon","coordinates":[[[631.4,221.1],[632.1,223.1],[632.3,229.3],[636.3,229.2],[640.4,229.1],[640.2,222.9],[639.5,220.9],[631.4,221.1]]]}},{"type":"Feature","properties":{"GEOID":"19081","NAME":"Hancock","STATEFP":"19"},"geometry":{"type":"Polygon","coordinates":[[[631.1,204.6],[631.2,212.8],[639.3,212.6],[639.1,204.4],[631.1,204.6]]]}},{"type":"Feature","properties":{"GEOID":"19083","NAME":"Hardin","STATEFP":"19"},"geometry":{"type":"Polygon","coordinates":[[[639.5,220.9],[640.2,222.9],[640.4,229.1],[644.4,229],[648.4,228.9],[647.7,220.7],[639.5,220.9]]]}},{"type":"Feature","properties":{"GEOID":"19085","NAME":"Harrison","STATEFP":"19"},"geometry":{"type":"Polygon","coordinates":[[[593.9,237.8],[595.2,239.6],[594.2,242.2],[595.4,246.2],[596.4,246.3],[605.2,246.3],[604.1,244.1],[604.1,237.9],[602.1,237.9],[593.9,237.8]]]}},{"type":"Feature","properties":{"GEOID":"19087","NAME":"Henry","STATEFP":"19"},"geometry":{"type":"Polygon","coordinates":[[[671.8,252.8],[672.1,259],[672.1,261.1],[677.6,260.8],[678,254.6],[675.9,252.6],[671.8,252.8]]]}},{"type":"Feature","properties":{"GEOID":"19089","NAME":"Howard","STATEFP":"19"},"geometry":{"type":"Polygon","coordinates":[[[655.1,198.1],[655.3,204.9],[663.4,204.6],[663.1,197.8],[656.8,198.1],[655.1,198.1]]]}},{"type":"Feature","properties":{"GEOID":"19091","NAME":"Humboldt","STATEFP":"19"},"geometry":{"type":"Polygon","coordinates":[[[623.1,213],[623.2,219.2],[631.3,219],[631.2,212.8],[623.1,213]]]}},{"type":"Feature","properties":{"GEOID":"19093","NAME":"Ida","STATEFP":"19"},"geometry":{"type":"Polygon","coordinates":[[[600.8,221.4],[602.1,223.4],[602.1,229.7],[608.1,229.6],[608.1,223.4],[606.9,221.3],[600.8,221.4]]]}},{"type":"Feature","properties":{"GEOID":"19095","NAME":"Iowa","STATEFP":"19"},"geometry":{"type":"Polygon","coordinates":[[[660.9,236.7],[661.3,245],[667.4,244.7],[669.5,244.6],[669.1,236.3],[660.9,236.7]]]}},{"type":"Feature","properties":{"GEOID":"19097","NAME":"Jackson","STATEFP":"19"},"geometry":{"type":"Polygon","coordinates":[[[692,222.9],[688.7,223],[688.8,225.1],[684.8,225.3],[685.1,231.5],[698,230.8],[697.7,228.8],[695,227.1],[693.6,226.5],[692,222.9]]]}},{"type":"Feature","properties":{"GEOID":"19099","NAME":"Jasper","STATEFP":"19"},"geometry":{"type":"Polygon","coordinates":[[[642.6,237.3],[643.2,245.7],[651.2,245.4],[653.2,245.3],[652.8,237],[644.6,237.2],[642.6,237.3]]]}},{"type":"Feature","properties":{"GEOID":"19101","NAME":"Jefferson","STATEFP":"19"},"geometry":{"type":"Polygon","coordinates":[[[663.6,253.1],[663.9,259.4],[672.1,259],[671.8,252.8],[667.8,253],[663.6,253.1]]]}},{"type":"Feature","properties":{"GEOID":"19103","NAME":"Johnson","STATEFP":"19"},"geometry":{"type":"Polygon","coordinates":[[[669.1,236.3],[669.5,244.6],[674.8,244.4],[675.6,246.4],[677.6,246.3],[677.5,242.2],[677.2,236],[669.1,236.3]]]}},{"type":"Feature","properties":{"GEOID":"19105","NAME":"Jones","STATEFP":"19"},"geometry":{"type":"Polygon","coordinates":[[[676.7,225.7],[677.1,233.9],[685.2,233.6],[685.1,231.5],[684.8,225.3],[680.7,225.5],[676.7,225.7]]]}},{"type":"Feature","properties":{"GEOID":"19107","NAME":"Keokuk","STATEFP":"19"},"geometry":{"type":"Polygon","coordinates":[[[667.4,244.7],[661.3,245],[659.3,245.1],[659.6,253.3],[663.6,253.1],[667.8,253],[667.4,244.7]]]}},{"type":"Feature","properties":{"GEOID":"19109","NAME":"Kossuth","STATEFP":"19"},"geometry":{"type":"Polygon","coordinates":[[[623,204.8],[623.1,213],[631.2,212.8],[631.1,204.6],[630.9,198.8],[626.2,198.9],[622.9,199],[623,204.8]]]}},{"type":"Feature","properties":{"GEOID":"19111","NAME":"Lee","STATEFP":"19"},"geometry":{"type":"Polygon","coordinates":[[[672.1,261.1],[672.4,266.2],[676.8,271.1],[677.9,271.1],[678.7,265.8],[681.8,264.8],[683,263.3],[677.6,260.8],[672.1,261.1]]]}},{"type":"Feature","properties":{"GEOID":"19113","NAME":"Linn","STATEFP":"19"},"geometry":{"type":"Polygon","coordinates":[[[668.6,226],[669.1,236.3],[677.2,236],[677.1,233.9],[676.7,225.7],[672.7,225.9],[668.6,226]]]}},{"type":"Feature","properties":{"GEOID":"19115","NAME":"Louisa","STATEFP":"19"},"geometry":{"type":"Polygon","coordinates":[[[675.6,246.4],[675.9,252.6],[678,254.6],[685.4,254.3],[682.3,250.2],[682.9,248.2],[677.7,248.4],[677.6,246.3],[675.6,246.4]]]}},{"type":"Feature","properties":{"GEOID":"19117","NAME":"Lucas","STATEFP":"19"},"geometry":{"type":"Polygon","coordinates":[[[639.4,254],[639.6,260.2],[647.7,260],[647.5,253.8],[643.4,253.9],[639.4,254]]]}},{"type":"Feature","properties":{"GEOID":"19119","NAME":"Lyon","STATEFP":"19"},"geometry":{"type":"Polygon","coordinates":[[[595.5,199.2],[588.6,199.2],[586.2,199.2],[587.5,201.8],[586.9,204.8],[598.7,204.9],[598.7,199.2],[595.5,199.2]]]}},{"type":"Feature","properties":{"GEOID":"19121","NAME":"Madison","STATEFP":"19"},"geometry":{"type":"Polygon","coordinates":[[[635.1,245.8],[627.2,246.1],[627.3,254.3],[631.3,254.3],[635.3,254.1],[635.1,245.8]]]}},{"type":"Feature","properties":{"GEOID":"19123","NAME":"Mahaska","STATEFP":"19"},"geometry":{"type":"Polygon","coordinates":[[[651.2,245.4],[651.5,253.6],[655.5,253.5],[659.6,253.3],[659.3,245.1],[653.2,245.3],[651.2,245.4]]]}},{"type":"Feature","properties":{"GEOID":"19125","NAME":"Marion","STATEFP":"19"},"geometry":{"type":"Polygon","coordinates":[[[643.2,246.1],[643.4,253.9],[647.5,253.8],[651.5,253.6],[651.2,245.4],[643.2,245.7],[643.2,246.1]]]}},{"type":"Feature","properties":{"GEOID":"19127","NAME":"Marshall","STATEFP":"19"},"geometry":{"type":"Polygon","coordinates":[[[644.4,229],[644.6,237.2],[652.8,237],[652.5,228.7],[648.4,228.9],[644.4,229]]]}},{"type":"Feature","properties":{"GEOID":"19129","NAME":"Mills","STATEFP":"19"},"geometry":{"type":"Polygon","coordinates":[[[598.5,257.1],[599.7,260.7],[607.2,260.7],[607.2,254.5],[598.5,254.6],[598.5,257.1]]]}},{"type":"Feature","properties":{"GEOID":"19131","NAME":"Mitchell","STATEFP":"19"},"geometry":{"type":"Polygon","coordinates":[[[655.1,198.1],[647,198.4],[647.2,204.2],[647.3,205.2],[655.3,204.9],[655.1,198.1]]]}},{"type":"Feature","properties":{"GEOID":"19133","NAME":"Monona","STATEFP":"19"},"geometry":{"type":"Polygon","coordinates":[[[590.2,229.6],[591.6,233.5],[594.1,235.5],[593.9,237.8],[602.1,237.9],[602.1,229.7],[590.2,229.6]]]}},{"type":"Feature","properties":{"GEOID":"19135","NAME":"Monroe","STATEFP":"19"},"geometry":{"type":"Polygon","coordinates":[[[647.5,253.8],[647.7,260],[655.8,259.7],[655.5,253.5],[651.5,253.6],[647.5,253.8]]]}},{"type":"Feature","properties":{"GEOID":"19137","NAME":"Montgomery","STATEFP":"19"},"geometry":{"type":"Polygon","coordinates":[[[607.2,254.5],[607.2,260.7],[615.3,260.6],[615.3,254.5],[611.2,254.5],[607.2,254.5]]]}},{"type":"Feature","properties":{"GEOID":"19139","NAME":"Muscatine","STATEFP":"19"},"geometry":{"type":"Polygon","coordinates":[[[677.5,242.2],[677.6,246.3],[677.7,248.4],[682.9,248.2],[683.3,246.4],[687.8,245.1],[687.7,241.7],[685.6,241.8],[677.5,242.2]]]}},{"type":"Feature","properties":{"GEOID":"19141","NAME":"O'Brien","STATEFP":"19"},"geometry":{"type":"Polygon","coordinates":[[[598.7,204.9],[598.8,213.2],[606.9,213.1],[606.8,204.9],[598.7,204.9]]]}},{"type":"Feature","properties":{"GEOID":"19143","NAME":"Osceola","STATEFP":"19"},"geometry":{"type":"Polygon","coordinates":[[[598.7,199.2],[598.7,204.9],[606.8,204.9],[606.8,199.2],[605.7,199.2],[598.7,199.2]]]}},{"type":"Feature","properties":{"GEOID":"19145","NAME":"Page","STATEFP":"19"},"geometry":{"type":"Polygon","coordinates":[[[607.2,260.7],[607.5,268.3],[610.5,268.3],[615.6,268.3],[615.3,260.6],[607.2,260.7]]]}},{"type":"Feature","properties":{"GEOID":"19147","NAME":"Palo Alto","STATEFP":"19"},"geometry":{"type":"Polygon","coordinates":[[[614.9,204.9],[615,213],[623.1,213],[623,204.8],[614.9,204.9]]]}},{"type":"Feature","properties":{"GEOID":"19149","NAME":"Plymouth","STATEFP":"19"},"geometry":{"type":"Polygon","coordinates":[[[587.1,213.1],[585.4,217.1],[587.7,221.4],[598.8,221.4],[598.8,213.2],[587.1,213.1]]]}},{"type":"Feature","properties":{"GEOID":"19151","NAME":"Pocahontas","STATEFP":"19"},"geometry":{"type":"Polygon","coordinates":[[[623.1,213],[615,213],[615.1,221.3],[623.3,221.2],[623.2,219.2],[623.1,213]]]}},{"type":"Feature","properties":{"GEOID":"19153","NAME":"Polk","STATEFP":"19"},"geometry":{"type":"Polygon","coordinates":[[[634.5,237.5],[635.1,245.8],[641.5,245.6],[643.2,246.1],[643.2,245.7],[642.6,237.3],[636.5,237.4],[634.5,237.5]]]}},{"type":"Feature","properties":{"GEOID":"19155","NAME":"Pottawattamie","STATEFP":"19"},"geometry":{"type":"Polygon","coordinates":[[[597.5,249.1],[597.7,253.8],[598.5,254.6],[607.2,254.5],[611.2,254.5],[611.2,246.3],[605.2,246.3],[596.4,246.3],[597.5,249.1]]]}},{"type":"Feature","properties":{"GEOID":"19157","NAME":"Poweshiek","STATEFP":"19"},"geometry":{"type":"Polygon","coordinates":[[[652.8,237],[653.2,245.3],[659.3,245.1],[661.3,245],[660.9,236.7],[652.8,237]]]}},{"type":"Feature","properties":{"GEOID":"19159","NAME":"Ringgold","STATEFP":"19"},"geometry":{"type":"Polygon","coordinates":[[[623.4,260.5],[623.5,268.3],[627.8,268.2],[631.6,268.1],[631.5,260.4],[623.4,260.5]]]}},{"type":"Feature","properties":{"GEOID":"19161","NAME":"Sac","STATEFP":"19"},"geometry":{"type":"Polygon","coordinates":[[[606.9,221.3],[608.1,223.4],[608.1,229.6],[612.1,229.6],[616.2,229.6],[616.1,223.3],[615.1,221.3],[606.9,221.3]]]}},{"type":"Feature","properties":{"GEOID":"19163","NAME":"Scott","STATEFP":"19"},"geometry":{"type":"Polygon","coordinates":[[[695.6,238.1],[691.7,237.2],[688.9,238.3],[685.4,237.7],[685.6,241.8],[687.7,241.7],[687.8,245.1],[693.4,243.1],[695.4,241.5],[695.6,238.1]]]}},{"type":"Feature","properties":{"GEOID":"19165","NAME":"Shelby","STATEFP":"19"},"geometry":{"type":"Polygon","coordinates":[[[612.2,237.8],[604.1,237.9],[604.1,244.1],[605.2,246.3],[611.2,246.3],[613.2,246.3],[612.3,244],[612.2,237.8]]]}},{"type":"Feature","properties":{"GEOID":"19167","NAME":"Sioux","STATEFP":"19"},"geometry":{"type":"Polygon","coordinates":[[[586.9,204.8],[588.2,205.7],[588.6,209],[587.1,213.1],[598.8,213.2],[598.7,204.9],[586.9,204.8]]]}},{"type":"Feature","properties":{"GEOID":"19169","NAME":"Story","STATEFP":"19"},"geometry":{"type":"Polygon","coordinates":[[[636.3,229.2],[636.5,237.4],[642.6,237.3],[644.6,237.2],[644.4,229],[640.4,229.1],[636.3,229.2]]]}},{"type":"Feature","properties":{"GEOID":"19171","NAME":"Tama","STATEFP":"19"},"geometry":{"type":"Polygon","coordinates":[[[652.5,228.7],[652.8,237],[660.9,236.7],[660.5,226.4],[656.4,226.5],[652.4,226.7],[652.5,228.7]]]}},{"type":"Feature","properties":{"GEOID":"19173","NAME":"Taylor","STATEFP":"19"},"geometry":{"type":"Polygon","coordinates":[[[615.3,260.6],[615.6,268.3],[620.7,268.3],[623.5,268.3],[623.4,260.5],[615.3,260.6]]]}},{"type":"Feature","properties":{"GEOID":"19175","NAME":"Union","STATEFP":"19"},"geometry":{"type":"Polygon","coordinates":[[[623.3,254.4],[623.4,260.5],[631.5,260.4],[631.3,254.3],[627.3,254.3],[623.3,254.4]]]}},{"type":"Feature","properties":{"GEOID":"19177","NAME":"Van Buren","STATEFP":"19"},"geometry":{"type":"Polygon","coordinates":[[[663.9,259.4],[664.2,266.5],[668.4,266.2],[672.4,266.2],[672.1,261.1],[672.1,259],[663.9,259.4]]]}},{"type":"Feature","properties":{"GEOID":"19179","NAME":"Wapello","STATEFP":"19"},"geometry":{"type":"Polygon","coordinates":[[[655.5,253.5],[655.8,259.7],[663.9,259.4],[663.6,253.1],[659.6,253.3],[655.5,253.5]]]}},{"type":"Feature","properties":{"GEOID":"19181","NAME":"Warren","STATEFP":"19"},"geometry":{"type":"Polygon","coordinates":[[[643.2,246.1],[641.5,245.6],[635.1,245.8],[635.3,254.1],[639.4,254],[643.4,253.9],[643.2,246.1]]]}},{"type":"Feature","properties":{"GEOID":"19183","NAME":"Washington","STATEFP":"19"},"geometry":{"type":"Polygon","coordinates":[[[667.4,244.7],[667.8,253],[671.8,252.8],[675.9,252.6],[675.6,246.4],[674.8,244.4],[669.5,244.6],[667.4,244.7]]]}},{"type":"Feature","properties":{"GEOID":"19185","NAME":"Wayne","STATEFP":"19"},"geometry":{"type":"Polygon","coordinates":[[[639.6,260.2],[639.8,267.7],[643,267.7],[647.9,267.4],[647.7,260],[639.6,260.2]]]}},{"type":"Feature","properties":{"GEOID":"19187","NAME":"Webster","STATEFP":"19"},"geometry":{"type":"Polygon","coordinates":[[[623.3,221.2],[624.1,223.2],[624.2,229.5],[628.2,229.4],[632.3,229.3],[632.1,223.1],[631.4,221.1],[631.3,219],[623.2,219.2],[623.3,221.2]]]}},{"type":"Feature","properties":{"GEOID":"19189","NAME":"Winnebago","STATEFP":"19"},"geometry":{"type":"Polygon","coordinates":[[[630.9,198.8],[631.1,204.6],[639.1,204.4],[639,198.6],[636.4,198.7],[630.9,198.8]]]}},{"type":"Feature","properties":{"GEOID":"19191","NAME":"Winneshiek","STATEFP":"19"},"geometry":{"type":"Polygon","coordinates":[[[663.1,197.8],[663.4,204.6],[663.5,207.7],[671.7,207.3],[671.1,197.5],[669.1,197.5],[663.1,197.8]]]}},{"type":"Feature","properties":{"GEOID":"19193","NAME":"Woodbury","STATEFP":"19"},"geometry":{"type":"Polygon","coordinates":[[[588.7,223],[589.8,224.1],[590.2,228.1],[590.2,229.6],[602.1,229.7],[602.1,223.4],[600.8,221.4],[598.8,221.4],[587.7,221.4],[588.7,223]]]}},{"type":"Feature","properties":{"GEOID":"19195","NAME":"Worth","STATEFP":"19"},"geometry":{"type":"Polygon","coordinates":[[[639,198.6],[639.1,204.4],[647.2,204.2],[647,198.4],[646.6,198.4],[639,198.6]]]}},{"type":"Feature","properties":{"GEOID":"19197","NAME":"Wright","STATEFP":"19"},"geometry":{"type":"Polygon","coordinates":[[[631.2,212.8],[631.3,219],[631.4,221.1],[639.5,220.9],[639.3,212.6],[631.2,212.8]]]}},{"type":"Feature","properties":{"GEOID":"20001","NAME":"Allen","STATEFP":"20"},"geometry":{"type":"Polygon","coordinates":[[[605.2,328.6],[605.1,335.8],[613.2,335.8],[613.3,328.5],[605.2,328.6]]]}},{"type":"Feature","properties":{"GEOID":"20003","NAME":"Anderson","STATEFP":"20"},"geometry":{"type":"Polygon","coordinates":[[[613.5,320.2],[605.4,320.2],[605.2,328.6],[613.3,328.5],[613.5,320.2]]]}},{"type":"Feature","properties":{"GEOID":"20005","NAME":"Atchison","STATEFP":"20"},"geometry":{"type":"Polygon","coordinates":[[[604.2,290.3],[604.1,295.8],[611.2,295.8],[615,295.7],[612.5,293],[613.4,291.1],[612.3,290.2],[608.2,290.2],[604.2,290.3]]]}},{"type":"Feature","properties":{"GEOID":"20007","NAME":"Barber","STATEFP":"20"},"geometry":{"type":"Polygon","coordinates":[[[550.7,341.4],[540.5,341.2],[540.5,343.2],[540.4,352.3],[548.9,352.6],[552.6,352.7],[552.8,343.6],[550.7,341.4]]]}},{"type":"Feature","properties":{"GEOID":"20009","NAME":"Barton","STATEFP":"20"},"geometry":{"type":"Polygon","coordinates":[[[541.1,312.1],[540.8,320.3],[542.9,322.5],[550.9,322.7],[551,316.5],[551,312.4],[541.1,312.1]]]}},{"type":"Feature","properties":{"GEOID":"20011","NAME":"Bourbon","STATEFP":"20"},"geometry":{"type":"Polygon","coordinates":[[[613.3,328.5],[613.2,335.8],[613.2,337.1],[621.9,337.1],[621.9,328.4],[613.3,328.5]]]}},{"type":"Feature","properties":{"GEOID":"20013","NAME":"Brown","STATEFP":"20"},"geometry":{"type":"Polygon","coordinates":[[[600.2,282],[600.2,290.3],[604.2,290.3],[608.2,290.2],[608.2,282],[600.2,282]]]}},{"type":"Feature","properties":{"GEOID":"20015","NAME":"Butler","STATEFP":"20"},"geometry":{"type":"Polygon","coordinates":[[[575.1,331.4],[575,341.8],[586.6,341.9],[586.6,338.8],[586.8,327.4],[580.9,327.4],[575.2,327.3],[575.1,331.4]]]}},{"type":"Feature","properties":{"GEOID":"20017","NAME":"Chase","STATEFP":"20"},"geometry":{"type":"Polygon","coordinates":[[[589.9,317.1],[581.4,317],[580.9,327.4],[586.8,327.4],[589.8,327.4],[589.8,325.4],[589.9,317.1]]]}},{"type":"Feature","properties":{"GEOID":"20019","NAME":"Chautauqua","STATEFP":"20"},"geometry":{"type":"Polygon","coordinates":[[[586.6,346],[586.6,353.2],[596.3,353.2],[597,353.2],[597,346.1],[586.6,346]]]}},{"type":"Feature","properties":{"GEOID":"20021","NAME":"Cherokee","STATEFP":"20"},"geometry":{"type":"Polygon","coordinates":[[[613.5,345.1],[613.6,353.1],[614.9,353.1],[622.1,353],[622.1,351.7],[622,345],[613.5,345.1]]]}},{"type":"Feature","properties":{"GEOID":"20023","NAME":"Cheyenne","STATEFP":"20"},"geometry":{"type":"Polygon","coordinates":[[[488.1,278.5],[487.5,288.7],[487.4,288.8],[498.9,289.5],[499.5,279.2],[488.1,278.5]]]}},{"type":"Feature","properties":{"GEOID":"20025","NAME":"Clark","STATEFP":"20"},"geometry":{"type":"Polygon","coordinates":[[[520.2,340.3],[520.1,351.5],[521.7,351.6],[530.3,352],[530.6,342.9],[530.4,340.9],[520.2,340.3]]]}},{"type":"Feature","properties":{"GEOID":"20027","NAME":"Clay","STATEFP":"20"},"geometry":{"type":"Polygon","coordinates":[[[571.7,292.1],[571.6,298.3],[571.5,302.5],[578.9,302.5],[579,300.5],[579.1,292.3],[571.7,292.1]]]}},{"type":"Feature","properties":{"GEOID":"20029","NAME":"Cloud","STATEFP":"20"},"geometry":{"type":"Polygon","coordinates":[[[561.6,292],[561.5,298.2],[571.6,298.3],[571.7,292.1],[571.7,290.1],[561.6,289.9],[561.6,292]]]}},{"type":"Feature","properties":{"GEOID":"20031","NAME":"Coffey","STATEFP":"20"},"geometry":{"type":"Polygon","coordinates":[[[597.1,325.4],[597.1,328.5],[605.2,328.6],[605.4,320.2],[605.4,319.2],[597.3,319.2],[597.1,325.4]]]}},{"type":"Feature","properties":{"GEOID":"20033","NAME":"Comanche","STATEFP":"20"},"geometry":{"type":"Polygon","coordinates":[[[531.9,352.1],[540.4,352.3],[540.5,343.2],[530.6,342.9],[530.3,352],[531.9,352.1]]]}},{"type":"Feature","properties":{"GEOID":"20035","NAME":"Cowley","STATEFP":"20"},"geometry":{"type":"Polygon","coordinates":[[[575,341.8],[575,353.1],[582.4,353.2],[586.6,353.2],[586.6,346],[586.6,341.9],[575,341.8]]]}},{"type":"Feature","properties":{"GEOID":"20037","NAME":"Crawford","STATEFP":"20"},"geometry":{"type":"Polygon","coordinates":[[[613.2,337.1],[613.3,344],[613.5,345.1],[622,345],[622,344.4],[621.9,337.5],[621.9,337.1],[613.2,337.1]]]}},{"type":"Feature","properties":{"GEOID":"20039","NAME":"Decatur","STATEFP":"20"},"geometry":{"type":"Polygon","coordinates":[[[511.5,279.9],[511,290.2],[511.4,290.2],[521.1,290.7],[521.6,280.4],[521.3,280.4],[511.5,279.9]]]}},{"type":"Feature","properties":{"GEOID":"20041","NAME":"Dickinson","STATEFP":"20"},"geometry":{"type":"Polygon","coordinates":[[[571.4,306.6],[571.3,314.9],[579.4,315],[579.5,310.1],[580.2,308.8],[578.9,306.5],[578.9,302.5],[571.5,302.5],[571.4,306.6]]]}},{"type":"Feature","properties":{"GEOID":"20043","NAME":"Doniphan","STATEFP":"20"},"geometry":{"type":"Polygon","coordinates":[[[608.2,282],[608.2,290.2],[612.3,290.2],[613.4,291.1],[616.5,286.2],[614.4,284.4],[612.8,285.3],[608.8,282],[608.2,282]]]}},{"type":"Feature","properties":{"GEOID":"20045","NAME":"Douglas","STATEFP":"20"},"geometry":{"type":"Polygon","coordinates":[[[605.4,304.4],[605.4,308.8],[605.5,311.9],[613.6,311.9],[613.5,306.1],[611.1,304.7],[605.4,304.4]]]}},{"type":"Feature","properties":{"GEOID":"20047","NAME":"Edwards","STATEFP":"20"},"geometry":{"type":"Polygon","coordinates":[[[540.7,328.6],[534.7,328.4],[534.8,326.3],[530.8,326.2],[530.6,330.3],[530.6,334.6],[540.7,334.9],[540.8,332.8],[540.7,328.6]]]}},{"type":"Feature","properties":{"GEOID":"20049","NAME":"Elk","STATEFP":"20"},"geometry":{"type":"Polygon","coordinates":[[[597.1,338.9],[586.6,338.8],[586.6,341.9],[586.6,346],[597,346.1],[597.1,344],[597.1,338.9]]]}},{"type":"Feature","properties":{"GEOID":"20051","NAME":"Ellis","STATEFP":"20"},"geometry":{"type":"Polygon","coordinates":[[[531.3,301.4],[530.8,311.7],[531,311.7],[540.9,312.1],[541.3,301.7],[541.1,301.7],[531.3,301.4]]]}},{"type":"Feature","properties":{"GEOID":"20053","NAME":"Ellsworth","STATEFP":"20"},"geometry":{"type":"Polygon","coordinates":[[[551.2,308.2],[551,312.4],[551,316.5],[561.2,316.7],[561.2,314.7],[561.3,308.5],[551.2,308.2]]]}},{"type":"Feature","properties":{"GEOID":"20055","NAME":"Finney","STATEFP":"20"},"geometry":{"type":"Polygon","coordinates":[[[502.8,320.7],[502.4,333.2],[510.5,333.6],[510.5,327.3],[518.6,327.7],[518.9,321.5],[518.5,321.5],[510.5,321.1],[502.8,320.7]]]}},{"type":"Feature","properties":{"GEOID":"20057","NAME":"Ford","STATEFP":"20"},"geometry":{"type":"Polygon","coordinates":[[[518.5,329.8],[518.2,340.2],[520.2,340.3],[530.4,340.9],[530.6,334.6],[530.6,330.3],[518.5,329.8]]]}},{"type":"Feature","properties":{"GEOID":"20059","NAME":"Franklin","STATEFP":"20"},"geometry":{"type":"Polygon","coordinates":[[[605.5,311.9],[605.4,319.2],[605.4,320.2],[613.5,320.2],[613.6,311.9],[605.5,311.9]]]}},{"type":"Feature","properties":{"GEOID":"20061","NAME":"Geary","STATEFP":"20"},"geometry":{"type":"Polygon","coordinates":[[[578.9,302.5],[578.9,306.5],[580.2,308.8],[587.2,308.8],[587.3,304.7],[580.9,303.6],[581,300.5],[579,300.5],[578.9,302.5]]]}},{"type":"Feature","properties":{"GEOID":"20063","NAME":"Gove","STATEFP":"20"},"geometry":{"type":"Polygon","coordinates":[[[509.2,300.4],[508.5,310.7],[510.9,310.8],[519,311.2],[520.7,311.3],[521.2,301],[520.9,301],[510.8,300.5],[509.2,300.4]]]}},{"type":"Feature","properties":{"GEOID":"20065","NAME":"Graham","STATEFP":"20"},"geometry":{"type":"Polygon","coordinates":[[[521.4,290.7],[520.9,301],[521.2,301],[531,301.4],[531.5,291.1],[531,291.1],[521.4,290.7]]]}},{"type":"Feature","properties":{"GEOID":"20067","NAME":"Grant","STATEFP":"20"},"geometry":{"type":"Polygon","coordinates":[[[494.3,332.8],[493.9,341],[501.9,341.5],[502.4,333.2],[494.3,332.8]]]}},{"type":"Feature","properties":{"GEOID":"20069","NAME":"Gray","STATEFP":"20"},"geometry":{"type":"Polygon","coordinates":[[[518.6,327.7],[510.5,327.3],[510.5,333.6],[510.1,339.8],[518.2,340.2],[518.5,329.8],[518.6,327.7]]]}},{"type":"Feature","properties":{"GEOID":"20071","NAME":"Greeley","STATEFP":"20"},"geometry":{"type":"Polygon","coordinates":[[[486.1,311.4],[485.6,319.6],[485.6,319.7],[494.3,320.3],[494.9,309.9],[486.2,309.4],[486.1,311.4]]]}},{"type":"Feature","properties":{"GEOID":"20073","NAME":"Greenwood","STATEFP":"20"},"geometry":{"type":"Polygon","coordinates":[[[589.8,325.4],[589.8,327.4],[586.8,327.4],[586.6,338.8],[597.1,338.9],[597.1,335.8],[597.1,328.5],[597.1,325.4],[589.8,325.4]]]}},{"type":"Feature","properties":{"GEOID":"20075","NAME":"Hamilton","STATEFP":"20"},"geometry":{"type":"Polygon","coordinates":[[[485.6,319.7],[484.8,332.1],[494.3,332.8],[494.2,330.6],[494.8,320.3],[494.3,320.3],[485.6,319.7]]]}},{"type":"Feature","properties":{"GEOID":"20077","NAME":"Harper","STATEFP":"20"},"geometry":{"type":"Polygon","coordinates":[[[562.8,343.7],[552.8,343.6],[552.6,352.7],[557,352.8],[562.7,352.9],[562.8,343.7]]]}},{"type":"Feature","properties":{"GEOID":"20079","NAME":"Harvey","STATEFP":"20"},"geometry":{"type":"Polygon","coordinates":[[[565.1,325.1],[565,331.3],[575.1,331.4],[575.2,327.3],[575.2,325.2],[571.2,325.2],[565.1,325.1]]]}},{"type":"Feature","properties":{"GEOID":"20081","NAME":"Haskell","STATEFP":"20"},"geometry":{"type":"Polygon","coordinates":[[[502.3,341.5],[510,341.9],[510.1,339.8],[510.5,333.6],[502.4,333.2],[501.9,341.5],[502.3,341.5]]]}},{"type":"Feature","properties":{"GEOID":"20083","NAME":"Hodgeman","STATEFP":"20"},"geometry":{"type":"Polygon","coordinates":[[[530.6,322],[518.9,321.5],[518.6,327.7],[518.5,329.8],[530.6,330.3],[530.8,326.2],[530.6,322]]]}},{"type":"Feature","properties":{"GEOID":"20085","NAME":"Jackson","STATEFP":"20"},"geometry":{"type":"Polygon","coordinates":[[[600.2,290.3],[600.2,292.3],[595.7,292.3],[595.7,300.6],[603.8,300.6],[604.1,295.8],[604.2,290.3],[600.2,290.3]]]}},{"type":"Feature","properties":{"GEOID":"20087","NAME":"Jefferson","STATEFP":"20"},"geometry":{"type":"Polygon","coordinates":[[[604.1,295.8],[603.8,300.6],[603.7,304.2],[605.4,304.4],[611.1,304.7],[611.2,295.8],[604.1,295.8]]]}},{"type":"Feature","properties":{"GEOID":"20089","NAME":"Jewell","STATEFP":"20"},"geometry":{"type":"Polygon","coordinates":[[[551.5,281.4],[551.2,291.7],[551.6,291.7],[561.6,292],[561.6,289.9],[561.8,281.7],[555.6,281.5],[551.5,281.4]]]}},{"type":"Feature","properties":{"GEOID":"20091","NAME":"Johnson","STATEFP":"20"},"geometry":{"type":"Polygon","coordinates":[[[621.7,309.2],[621.6,304.5],[616.8,304.3],[616.2,305.9],[613.5,306.1],[613.6,311.9],[621.7,311.8],[621.7,309.2]]]}},{"type":"Feature","properties":{"GEOID":"20093","NAME":"Kearny","STATEFP":"20"},"geometry":{"type":"Polygon","coordinates":[[[494.8,320.3],[494.2,330.6],[494.3,332.8],[502.4,333.2],[502.8,320.7],[502.4,320.7],[494.8,320.3]]]}},{"type":"Feature","properties":{"GEOID":"20095","NAME":"Kingman","STATEFP":"20"},"geometry":{"type":"Polygon","coordinates":[[[550.8,335.2],[550.7,341.4],[552.8,343.6],[562.8,343.7],[562.9,341.6],[563,335.5],[550.8,335.2]]]}},{"type":"Feature","properties":{"GEOID":"20097","NAME":"Kiowa","STATEFP":"20"},"geometry":{"type":"Polygon","coordinates":[[[530.6,334.6],[530.4,340.9],[530.6,342.9],[540.5,343.2],[540.5,341.2],[540.7,334.9],[530.6,334.6]]]}},{"type":"Feature","properties":{"GEOID":"20099","NAME":"Labette","STATEFP":"20"},"geometry":{"type":"Polygon","coordinates":[[[605.3,344.1],[605.3,353.2],[607.4,353.2],[613.6,353.1],[613.5,345.1],[613.3,344],[605.3,344.1]]]}},{"type":"Feature","properties":{"GEOID":"20101","NAME":"Lane","STATEFP":"20"},"geometry":{"type":"Polygon","coordinates":[[[519,311.2],[510.9,310.8],[510.5,321.1],[518.5,321.5],[519,311.2]]]}},{"type":"Feature","properties":{"GEOID":"20103","NAME":"Leavenworth","STATEFP":"20"},"geometry":{"type":"Polygon","coordinates":[[[611.2,295.8],[611.1,304.7],[613.5,306.1],[616.2,305.9],[616.3,300.8],[618.5,300.9],[616.3,298.6],[615,295.7],[611.2,295.8]]]}},{"type":"Feature","properties":{"GEOID":"20105","NAME":"Lincoln","STATEFP":"20"},"geometry":{"type":"Polygon","coordinates":[[[551.2,302],[551.2,308.2],[561.3,308.5],[561.3,306.4],[561.4,300.2],[551.3,300],[551.2,302]]]}},{"type":"Feature","properties":{"GEOID":"20107","NAME":"Linn","STATEFP":"20"},"geometry":{"type":"Polygon","coordinates":[[[613.5,320.2],[613.3,328.5],[621.9,328.4],[621.9,327.9],[621.8,320.1],[613.5,320.2]]]}},{"type":"Feature","properties":{"GEOID":"20109","NAME":"Logan","STATEFP":"20"},"geometry":{"type":"Polygon","coordinates":[[[497.1,299.7],[496.4,310],[502.9,310.4],[508.5,310.7],[509.2,300.4],[498.7,299.8],[497.1,299.7]]]}},{"type":"Feature","properties":{"GEOID":"20111","NAME":"Lyon","STATEFP":"20"},"geometry":{"type":"Polygon","coordinates":[[[589.9,317.1],[589.8,325.4],[597.1,325.4],[597.3,319.2],[597.3,312],[589.9,312],[589.9,317.1]]]}},{"type":"Feature","properties":{"GEOID":"20113","NAME":"McPherson","STATEFP":"20"},"geometry":{"type":"Polygon","coordinates":[[[561.2,316.7],[561.1,325],[565.1,325.1],[571.2,325.2],[571.3,314.9],[561.2,314.7],[561.2,316.7]]]}},{"type":"Feature","properties":{"GEOID":"20115","NAME":"Marion","STATEFP":"20"},"geometry":{"type":"Polygon","coordinates":[[[571.3,314.9],[571.2,325.2],[575.2,325.2],[575.2,327.3],[580.9,327.4],[581.4,317],[579.4,315],[571.3,314.9]]]}},{"type":"Feature","properties":{"GEOID":"20117","NAME":"Marshall","STATEFP":"20"},"geometry":{"type":"Polygon","coordinates":[[[581.9,282],[581.8,292.3],[585.9,292.3],[592.1,292.3],[592.1,282],[588.1,282],[581.9,282]]]}},{"type":"Feature","properties":{"GEOID":"20119","NAME":"Meade","STATEFP":"20"},"geometry":{"type":"Polygon","coordinates":[[[518.2,340.2],[510.1,339.8],[510,341.9],[510,351.1],[520.1,351.5],[520.2,340.3],[518.2,340.2]]]}},{"type":"Feature","properties":{"GEOID":"20121","NAME":"Miami","STATEFP":"20"},"geometry":{"type":"Polygon","coordinates":[[[613.6,311.9],[613.5,320.2],[621.8,320.1],[621.7,318],[621.7,311.8],[613.6,311.9]]]}},{"type":"Feature","properties":{"GEOID":"20123","NAME":"Mitchell","STATEFP":"20"},"geometry":{"type":"Polygon","coordinates":[[[551.6,291.7],[551.3,300],[561.4,300.2],[561.5,298.2],[561.6,292],[551.6,291.7]]]}},{"type":"Feature","properties":{"GEOID":"20125","NAME":"Montgomery","STATEFP":"20"},"geometry":{"type":"Polygon","coordinates":[[[597,346.1],[597,353.2],[600.3,353.2],[605.3,353.2],[605.3,344.1],[605.2,344.1],[597.1,344],[597,346.1]]]}},{"type":"Feature","properties":{"GEOID":"20127","NAME":"Morris","STATEFP":"20"},"geometry":{"type":"Polygon","coordinates":[[[587.2,308.8],[580.2,308.8],[579.5,310.1],[579.4,315],[581.4,317],[589.9,317.1],[589.9,312],[589.3,309.9],[587.2,308.8]]]}},{"type":"Feature","properties":{"GEOID":"20129","NAME":"Morton","STATEFP":"20"},"geometry":{"type":"Polygon","coordinates":[[[484.3,340.4],[483.7,349.8],[484,349.8],[492.8,350.3],[493.3,341],[484.3,340.4]]]}},{"type":"Feature","properties":{"GEOID":"20131","NAME":"Nemaha","STATEFP":"20"},"geometry":{"type":"Polygon","coordinates":[[[592.1,282],[592.1,292.3],[595.7,292.3],[600.2,292.3],[600.2,290.3],[600.2,282],[596.2,282],[592.1,282]]]}},{"type":"Feature","properties":{"GEOID":"20133","NAME":"Neosho","STATEFP":"20"},"geometry":{"type":"Polygon","coordinates":[[[613.2,335.8],[605.1,335.8],[605.2,344.1],[605.3,344.1],[613.3,344],[613.2,337.1],[613.2,335.8]]]}},{"type":"Feature","properties":{"GEOID":"20135","NAME":"Ness","STATEFP":"20"},"geometry":{"type":"Polygon","coordinates":[[[519,311.2],[518.5,321.5],[518.9,321.5],[530.6,322],[530.7,320],[531,311.7],[530.8,311.7],[520.7,311.3],[519,311.2]]]}},{"type":"Feature","properties":{"GEOID":"20137","NAME":"Norton","STATEFP":"20"},"geometry":{"type":"Polygon","coordinates":[[[521.6,280.4],[521.1,290.7],[521.4,290.7],[531,291.1],[531.5,280.8],[531.4,280.8],[521.6,280.4]]]}},{"type":"Feature","properties":{"GEOID":"20139","NAME":"Osage","STATEFP":"20"},"geometry":{"type":"Polygon","coordinates":[[[597.3,312],[597.3,319.2],[605.4,319.2],[605.5,311.9],[605.4,308.8],[597.3,308.9],[597.3,312]]]}},{"type":"Feature","properties":{"GEOID":"20141","NAME":"Osborne","STATEFP":"20"},"geometry":{"type":"Polygon","coordinates":[[[541.5,291.4],[541.1,301.7],[541.3,301.7],[551.2,302],[551.3,300],[551.6,291.7],[551.2,291.7],[541.5,291.4]]]}},{"type":"Feature","properties":{"GEOID":"20143","NAME":"Ottawa","STATEFP":"20"},"geometry":{"type":"Polygon","coordinates":[[[561.4,300.2],[561.3,306.4],[571.4,306.6],[571.5,302.5],[571.6,298.3],[561.5,298.2],[561.4,300.2]]]}},{"type":"Feature","properties":{"GEOID":"20145","NAME":"Pawnee","STATEFP":"20"},"geometry":{"type":"Polygon","coordinates":[[[530.6,322],[530.8,326.2],[534.8,326.3],[534.7,328.4],[540.7,328.6],[542.7,328.7],[542.9,322.5],[540.8,320.3],[530.7,320],[530.6,322]]]}},{"type":"Feature","properties":{"GEOID":"20147","NAME":"Phillips","STATEFP":"20"},"geometry":{"type":"Polygon","coordinates":[[[531.5,280.8],[531,291.1],[531.5,291.1],[541.1,291.4],[541.4,281.1],[539.4,281.1],[531.5,280.8]]]}},{"type":"Feature","properties":{"GEOID":"20149","NAME":"Pottawatomie","STATEFP":"20"},"geometry":{"type":"Polygon","coordinates":[[[585.9,292.3],[583.4,296.4],[587,301.7],[589.3,301.7],[592.1,300.7],[594.8,301.2],[595.7,302.8],[595.7,300.6],[595.7,292.3],[592.1,292.3],[585.9,292.3]]]}},{"type":"Feature","properties":{"GEOID":"20151","NAME":"Pratt","STATEFP":"20"},"geometry":{"type":"Polygon","coordinates":[[[540.7,334.9],[540.5,341.2],[550.7,341.4],[550.8,335.2],[550.8,333.1],[540.8,332.8],[540.7,334.9]]]}},{"type":"Feature","properties":{"GEOID":"20153","NAME":"Rawlins","STATEFP":"20"},"geometry":{"type":"Polygon","coordinates":[[[511.2,279.9],[501.1,279.3],[499.5,279.2],[498.9,289.5],[499.3,289.5],[511,290.2],[511.5,279.9],[511.2,279.9]]]}},{"type":"Feature","properties":{"GEOID":"20155","NAME":"Reno","STATEFP":"20"},"geometry":{"type":"Polygon","coordinates":[[[561.1,325],[551,324.8],[550.8,333.1],[550.8,335.2],[563,335.5],[565,335.5],[565,331.3],[565.1,325.1],[561.1,325]]]}},{"type":"Feature","properties":{"GEOID":"20157","NAME":"Republic","STATEFP":"20"},"geometry":{"type":"Polygon","coordinates":[[[561.8,281.7],[561.6,289.9],[571.7,290.1],[571.8,281.8],[563.7,281.7],[561.8,281.7]]]}},{"type":"Feature","properties":{"GEOID":"20159","NAME":"Rice","STATEFP":"20"},"geometry":{"type":"Polygon","coordinates":[[[551,316.5],[550.9,322.7],[551,324.8],[561.1,325],[561.2,316.7],[551,316.5]]]}},{"type":"Feature","properties":{"GEOID":"20161","NAME":"Riley","STATEFP":"20"},"geometry":{"type":"Polygon","coordinates":[[[579.1,292.3],[579,300.5],[581,300.5],[580.9,303.6],[587.3,304.7],[589.3,304.7],[589.3,301.7],[587,301.7],[583.4,296.4],[585.9,292.3],[581.8,292.3],[579.1,292.3]]]}},{"type":"Feature","properties":{"GEOID":"20163","NAME":"Rooks","STATEFP":"20"},"geometry":{"type":"Polygon","coordinates":[[[531.5,291.1],[531,301.4],[531.3,301.4],[541.1,301.7],[541.5,291.4],[541.1,291.4],[531.5,291.1]]]}},{"type":"Feature","properties":{"GEOID":"20165","NAME":"Rush","STATEFP":"20"},"geometry":{"type":"Polygon","coordinates":[[[531,311.7],[530.7,320],[540.8,320.3],[541.1,312.1],[540.9,312.1],[531,311.7]]]}},{"type":"Feature","properties":{"GEOID":"20167","NAME":"Russell","STATEFP":"20"},"geometry":{"type":"Polygon","coordinates":[[[551.2,302],[541.3,301.7],[540.9,312.1],[541.1,312.1],[551,312.4],[551.2,308.2],[551.2,302]]]}},{"type":"Feature","properties":{"GEOID":"20169","NAME":"Saline","STATEFP":"20"},"geometry":{"type":"Polygon","coordinates":[[[561.3,308.5],[561.2,314.7],[571.3,314.9],[571.4,306.6],[561.3,306.4],[561.3,308.5]]]}},{"type":"Feature","properties":{"GEOID":"20171","NAME":"Scott","STATEFP":"20"},"geometry":{"type":"Polygon","coordinates":[[[502.9,310.4],[502.4,320.7],[502.8,320.7],[510.5,321.1],[510.9,310.8],[508.5,310.7],[502.9,310.4]]]}},{"type":"Feature","properties":{"GEOID":"20173","NAME":"Sedgwick","STATEFP":"20"},"geometry":{"type":"Polygon","coordinates":[[[575,341.8],[575.1,331.4],[565,331.3],[565,335.5],[563,335.5],[562.9,341.6],[575,341.8]]]}},{"type":"Feature","properties":{"GEOID":"20175","NAME":"Seward","STATEFP":"20"},"geometry":{"type":"Polygon","coordinates":[[[502.3,341.5],[501.9,350.7],[504.1,350.8],[510,351.1],[510,341.9],[502.3,341.5]]]}},{"type":"Feature","properties":{"GEOID":"20177","NAME":"Shawnee","STATEFP":"20"},"geometry":{"type":"Polygon","coordinates":[[[595.7,302.8],[597.3,303.4],[597.3,308.9],[605.4,308.8],[605.4,304.4],[603.7,304.2],[603.8,300.6],[595.7,300.6],[595.7,302.8]]]}},{"type":"Feature","properties":{"GEOID":"20179","NAME":"Sheridan","STATEFP":"20"},"geometry":{"type":"Polygon","coordinates":[[[511.4,290.2],[510.8,300.5],[520.9,301],[521.4,290.7],[521.1,290.7],[511.4,290.2]]]}},{"type":"Feature","properties":{"GEOID":"20181","NAME":"Sherman","STATEFP":"20"},"geometry":{"type":"Polygon","coordinates":[[[487.4,288.8],[486.8,299.1],[497.1,299.7],[498.7,299.8],[499.3,289.5],[498.9,289.5],[487.4,288.8]]]}},{"type":"Feature","properties":{"GEOID":"20183","NAME":"Smith","STATEFP":"20"},"geometry":{"type":"Polygon","coordinates":[[[541.4,281.1],[541.1,291.4],[541.5,291.4],[551.2,291.7],[551.5,281.4],[547.5,281.3],[541.4,281.1]]]}},{"type":"Feature","properties":{"GEOID":"20185","NAME":"Stafford","STATEFP":"20"},"geometry":{"type":"Polygon","coordinates":[[[542.9,322.5],[542.7,328.7],[540.7,328.6],[540.8,332.8],[550.8,333.1],[551,324.8],[550.9,322.7],[542.9,322.5]]]}},{"type":"Feature","properties":{"GEOID":"20187","NAME":"Stanton","STATEFP":"20"},"geometry":{"type":"Polygon","coordinates":[[[484.3,340.4],[493.3,341],[493.9,341],[494.3,332.8],[484.8,332.1],[484.7,334.4],[484.3,340.4]]]}},{"type":"Feature","properties":{"GEOID":"20189","NAME":"Stevens","STATEFP":"20"},"geometry":{"type":"Polygon","coordinates":[[[493.3,341],[492.8,350.3],[501.9,350.7],[502.3,341.5],[501.9,341.5],[493.9,341],[493.3,341]]]}},{"type":"Feature","properties":{"GEOID":"20191","NAME":"Sumner","STATEFP":"20"},"geometry":{"type":"Polygon","coordinates":[[[562.8,343.7],[562.7,352.9],[569.1,353],[575,353.1],[575,341.8],[562.9,341.6],[562.8,343.7]]]}},{"type":"Feature","properties":{"GEOID":"20193","NAME":"Thomas","STATEFP":"20"},"geometry":{"type":"Polygon","coordinates":[[[499.3,289.5],[498.7,299.8],[509.2,300.4],[510.8,300.5],[511.4,290.2],[511,290.2],[499.3,289.5]]]}},{"type":"Feature","properties":{"GEOID":"20195","NAME":"Trego","STATEFP":"20"},"geometry":{"type":"Polygon","coordinates":[[[521.2,301],[520.7,311.3],[530.8,311.7],[531.3,301.4],[531,301.4],[521.2,301]]]}},{"type":"Feature","properties":{"GEOID":"20197","NAME":"Wabaunsee","STATEFP":"20"},"geometry":{"type":"Polygon","coordinates":[[[589.3,301.7],[589.3,304.7],[587.3,304.7],[587.2,308.8],[589.3,309.9],[589.9,312],[597.3,312],[597.3,308.9],[597.3,303.4],[595.7,302.8],[594.8,301.2],[592.1,300.7],[589.3,301.7]]]}},{"type":"Feature","properties":{"GEOID":"20199","NAME":"Wallace","STATEFP":"20"},"geometry":{"type":"Polygon","coordinates":[[[497.1,299.7],[486.8,299.1],[486.7,301.2],[486.2,309.4],[494.9,309.9],[496.4,310],[497.1,299.7]]]}},{"type":"Feature","properties":{"GEOID":"20201","NAME":"Washington","STATEFP":"20"},"geometry":{"type":"Polygon","coordinates":[[[571.8,281.8],[571.7,290.1],[571.7,292.1],[579.1,292.3],[581.8,292.3],[581.9,282],[580,281.9],[571.8,281.8]]]}},{"type":"Feature","properties":{"GEOID":"20203","NAME":"Wichita","STATEFP":"20"},"geometry":{"type":"Polygon","coordinates":[[[494.9,309.9],[494.3,320.3],[494.8,320.3],[502.4,320.7],[502.9,310.4],[496.4,310],[494.9,309.9]]]}},{"type":"Feature","properties":{"GEOID":"20205","NAME":"Wilson","STATEFP":"20"},"geometry":{"type":"Polygon","coordinates":[[[597.1,335.8],[597.1,338.9],[597.1,344],[605.2,344.1],[605.1,335.8],[597.1,335.8]]]}},{"type":"Feature","properties":{"GEOID":"20207","NAME":"Woodson","STATEFP":"20"},"geometry":{"type":"Polygon","coordinates":[[[597.1,328.5],[597.1,335.8],[605.1,335.8],[605.2,328.6],[597.1,328.5]]]}},{"type":"Feature","properties":{"GEOID":"20209","NAME":"Wyandotte","STATEFP":"20"},"geometry":{"type":"Polygon","coordinates":[[[616.2,305.9],[616.8,304.3],[621.6,304.5],[621.6,302.9],[621.7,301.8],[618.5,300.9],[616.3,300.8],[616.2,305.9]]]}},{"type":"Feature","properties":{"GEOID":"21001","NAME":"Adair","STATEFP":"21"},"geometry":{"type":"Polygon","coordinates":[[[794.1,337.6],[791.1,339.9],[792.9,343.8],[797,343.6],[799.8,337.1],[797.2,334.4],[794.1,337.6]]]}},{"type":"Feature","properties":{"GEOID":"21003","NAME":"Allen","STATEFP":"21"},"geometry":{"type":"Polygon","coordinates":[[[779.7,345.3],[775.6,349.5],[775.8,352.4],[779.7,352.3],[784,352.1],[783.7,349.9],[779.7,345.3]]]}},{"type":"Feature","properties":{"GEOID":"21005","NAME":"Anderson","STATEFP":"21"},"geometry":{"type":"Polygon","coordinates":[[[796.4,317.1],[795.4,318.8],[795.9,320.5],[798.1,320.4],[802.2,318.1],[800.5,314.7],[797.6,314.8],[796.4,317.1]]]}},{"type":"Feature","properties":{"GEOID":"21007","NAME":"Ballard","STATEFP":"21"},"geometry":{"type":"Polygon","coordinates":[[[727.7,343],[725.9,343.5],[723.5,347],[724.4,349],[725.1,349.9],[727.2,350.3],[730.3,349.2],[727.7,343]]]}},{"type":"Feature","properties":{"GEOID":"21009","NAME":"Barren","STATEFP":"21"},"geometry":{"type":"Polygon","coordinates":[[[780.3,342.2],[779.7,345.3],[783.7,349.9],[787.8,346.6],[786.9,338.9],[781.1,339.6],[780.3,342.2]]]}},{"type":"Feature","properties":{"GEOID":"21011","NAME":"Bath","STATEFP":"21"},"geometry":{"type":"Polygon","coordinates":[[[816.5,311],[821.1,315],[825.7,313.2],[822.7,310.3],[818.5,308.2],[816.5,311]]]}},{"type":"Feature","properties":{"GEOID":"21013","NAME":"Bell","STATEFP":"21"},"geometry":{"type":"Polygon","coordinates":[[[822.9,346.2],[822.2,348.6],[826.9,347.7],[830.7,345.7],[829.7,344.2],[829.4,340.3],[828.9,339.4],[827.4,339.2],[827.7,340.3],[824.3,343.2],[822.9,346.2]]]}},{"type":"Feature","properties":{"GEOID":"21015","NAME":"Boone","STATEFP":"21"},"geometry":{"type":"Polygon","coordinates":[[[798.6,291.4],[797.8,293.2],[798.3,296.3],[799.7,297.2],[802.4,298.7],[803.1,298.1],[802.2,291.7],[799.7,290.2],[798.6,291.4]]]}},{"type":"Feature","properties":{"GEOID":"21017","NAME":"Bourbon","STATEFP":"21"},"geometry":{"type":"Polygon","coordinates":[[[812,307.3],[809.5,309.6],[807.8,309.9],[808.7,311.6],[809.4,313.8],[811.2,314.6],[814.8,313],[816.5,311],[812,307.3]]]}},{"type":"Feature","properties":{"GEOID":"21019","NAME":"Boyd","STATEFP":"21"},"geometry":{"type":"Polygon","coordinates":[[[837,303.9],[837.9,306.9],[841.3,306.3],[840.9,302.2],[839.3,300.4],[837,303.9]]]}},{"type":"Feature","properties":{"GEOID":"21021","NAME":"Boyle","STATEFP":"21"},"geometry":{"type":"Polygon","coordinates":[[[803.9,324],[798.8,325.4],[798.8,326.5],[798.9,328.6],[802.4,328.1],[805.7,325.7],[803.9,324]]]}},{"type":"Feature","properties":{"GEOID":"21023","NAME":"Bracken","STATEFP":"21"},"geometry":{"type":"Polygon","coordinates":[[[813.4,297.5],[810,296.6],[811.2,302.3],[812.1,302.9],[815,301.6],[816.1,297.3],[813.4,297.5]]]}},{"type":"Feature","properties":{"GEOID":"21025","NAME":"Breathitt","STATEFP":"21"},"geometry":{"type":"Polygon","coordinates":[[[831.4,321.5],[828.2,321.5],[826.5,322.9],[825.9,326.2],[827,330.1],[829.6,329.7],[833.1,327.4],[834.5,327.4],[835.5,324.4],[837.5,324.7],[834.5,322],[831.4,321.5]]]}},{"type":"Feature","properties":{"GEOID":"21027","NAME":"Breckinridge","STATEFP":"21"},"geometry":{"type":"Polygon","coordinates":[[[771,319.7],[770.9,322.5],[768.5,324.8],[769.2,329],[770.3,331.2],[776,329.9],[777.8,324.9],[771,319.7]]]}},{"type":"Feature","properties":{"GEOID":"21029","NAME":"Bullitt","STATEFP":"21"},"geometry":{"type":"Polygon","coordinates":[[[790.2,315.9],[788,317.2],[785.1,317.2],[781.2,319.7],[785.4,323.7],[787.1,323],[789.5,319],[790.2,315.9]]]}},{"type":"Feature","properties":{"GEOID":"21031","NAME":"Butler","STATEFP":"21"},"geometry":{"type":"Polygon","coordinates":[[[770.3,335.2],[766.5,338.3],[765.4,340.1],[765,343.5],[770.1,344.7],[770.7,340.2],[774.8,340.2],[773.1,336.7],[770.3,335.2]]]}},{"type":"Feature","properties":{"GEOID":"21033","NAME":"Caldwell","STATEFP":"21"},"geometry":{"type":"Polygon","coordinates":[[[743.3,342.8],[744.3,342.9],[747.8,347.7],[750.4,346.5],[751.1,342.9],[749.2,341.9],[748.2,338.4],[748.4,337.7],[743.5,341.8],[743.3,342.8]]]}},{"type":"Feature","properties":{"GEOID":"21035","NAME":"Calloway","STATEFP":"21"},"geometry":{"type":"Polygon","coordinates":[[[736.9,353.6],[737.3,359.5],[745.4,358.9],[744.8,354.6],[743.9,353.1],[736.9,353.6]]]}},{"type":"Feature","properties":{"GEOID":"21037","NAME":"Campbell","STATEFP":"21"},"geometry":{"type":"Polygon","coordinates":[[[804.3,290.9],[806,293.4],[806.7,297.5],[809.9,295.5],[807.8,292.3],[804.3,290.9]]]}},{"type":"Feature","properties":{"GEOID":"21039","NAME":"Carlisle","STATEFP":"21"},"geometry":{"type":"Polygon","coordinates":[[[730.3,349.2],[727.2,350.3],[725.1,349.9],[724.9,353.6],[730.7,353.5],[730.4,349.4],[730.3,349.2]]]}},{"type":"Feature","properties":{"GEOID":"21041","NAME":"Carroll","STATEFP":"21"},"geometry":{"type":"Polygon","coordinates":[[[795.9,299.9],[792.8,301.9],[790.3,301.1],[793.7,304.3],[795.4,303.9],[797.8,302],[795.9,299.9]]]}},{"type":"Feature","properties":{"GEOID":"21043","NAME":"Carter","STATEFP":"21"},"geometry":{"type":"Polygon","coordinates":[[[830.3,301.7],[829.6,305.8],[827.7,306.5],[829.8,309.2],[831.7,307.8],[835.7,308.8],[837.9,306.9],[837,303.9],[834.2,303.8],[830.3,301.7]]]}},{"type":"Feature","properties":{"GEOID":"21045","NAME":"Casey","STATEFP":"21"},"geometry":{"type":"Polygon","coordinates":[[[798.9,328.6],[798.6,331.8],[797.2,334.4],[799.8,337.1],[802.6,338.4],[805.6,335.1],[805.3,332.3],[802.7,331],[802.4,328.1],[798.9,328.6]]]}},{"type":"Feature","properties":{"GEOID":"21047","NAME":"Christian","STATEFP":"21"},"geometry":{"type":"Polygon","coordinates":[[[750.4,346.5],[751.8,347.2],[751.9,355],[752.9,354.9],[758.6,354.3],[759,344],[757.5,342.1],[754.1,343.7],[751.1,342.9],[750.4,346.5]]]}},{"type":"Feature","properties":{"GEOID":"21049","NAME":"Clark","STATEFP":"21"},"geometry":{"type":"Polygon","coordinates":[[[811.2,314.6],[810.8,318.9],[815.6,319.2],[817.1,319.4],[817.5,317.1],[814.8,313],[811.2,314.6]]]}},{"type":"Feature","properties":{"GEOID":"21051","NAME":"Clay","STATEFP":"21"},"geometry":{"type":"Polygon","coordinates":[[[819.9,333.1],[819.7,334.9],[821.9,337.5],[827.4,339.2],[828.9,339.4],[827.4,334.1],[828,332.4],[827.6,331.9],[825.3,330.1],[822.6,330.4],[819.9,333.1]]]}},{"type":"Feature","properties":{"GEOID":"21053","NAME":"Clinton","STATEFP":"21"},"geometry":{"type":"Polygon","coordinates":[[[797.5,345.2],[796.6,350.8],[797,350.7],[802.7,350.3],[800.3,344.8],[797.5,345.2]]]}},{"type":"Feature","properties":{"GEOID":"21055","NAME":"Crittenden","STATEFP":"21"},"geometry":{"type":"Polygon","coordinates":[[[738,337.9],[740.8,340.8],[741.6,343.8],[743.3,342.8],[743.5,341.8],[748.4,337.7],[745.7,335.5],[743.3,335.1],[738,337.9]]]}},{"type":"Feature","properties":{"GEOID":"21057","NAME":"Cumberland","STATEFP":"21"},"geometry":{"type":"Polygon","coordinates":[[[790.5,346.9],[794,351.3],[796.6,350.8],[797.5,345.2],[797,343.6],[792.9,343.8],[790.5,346.9]]]}},{"type":"Feature","properties":{"GEOID":"21059","NAME":"Daviess","STATEFP":"21"},"geometry":{"type":"Polygon","coordinates":[[[762.3,323.3],[760.9,326.5],[757.1,325],[756.4,324.6],[757,327.8],[755,329.8],[762.1,332.1],[765.9,329],[765.6,327.5],[765.6,326.3],[762.3,323.3]]]}},{"type":"Feature","properties":{"GEOID":"21061","NAME":"Edmonson","STATEFP":"21"},"geometry":{"type":"Polygon","coordinates":[[[774.8,340.2],[777.2,342],[780.3,342.2],[781.1,339.6],[778.8,335.8],[773.1,336.7],[774.8,340.2]]]}},{"type":"Feature","properties":{"GEOID":"21063","NAME":"Elliott","STATEFP":"21"},"geometry":{"type":"Polygon","coordinates":[[[835.7,308.8],[831.7,307.8],[829.8,309.2],[829.7,311.1],[831.3,313.4],[834.5,313],[836.6,310.3],[835.7,308.8]]]}},{"type":"Feature","properties":{"GEOID":"21065","NAME":"Estill","STATEFP":"21"},"geometry":{"type":"Polygon","coordinates":[[[815.6,319.2],[815.4,324.3],[816.3,326],[819.8,326.1],[820.9,323.2],[822.6,321.6],[819.1,321],[817.1,319.4],[815.6,319.2]]]}},{"type":"Feature","properties":{"GEOID":"21067","NAME":"Fayette","STATEFP":"21"},"geometry":{"type":"Polygon","coordinates":[[[808.7,311.6],[804.9,314.2],[804.6,317],[808.1,318.1],[809.1,320.2],[810.8,318.9],[811.2,314.6],[809.4,313.8],[808.7,311.6]]]}},{"type":"Feature","properties":{"GEOID":"21069","NAME":"Fleming","STATEFP":"21"},"geometry":{"type":"Polygon","coordinates":[[[821.6,302.4],[817.9,304.5],[816.5,303.8],[815.7,305.2],[818.5,308.2],[822.7,310.3],[824.8,308],[825.5,305.3],[823,304.5],[821.6,302.4]]]}},{"type":"Feature","properties":{"GEOID":"21071","NAME":"Floyd","STATEFP":"21"},"geometry":{"type":"Polygon","coordinates":[[[836.9,319.7],[838.5,324.2],[837.9,325],[839.7,325.2],[842.5,329.2],[844.3,325.1],[843.4,323.8],[843.9,319.4],[842.4,318.8],[840,318.3],[836.9,319.7]]]}},{"type":"Feature","properties":{"GEOID":"21073","NAME":"Franklin","STATEFP":"21"},"geometry":{"type":"Polygon","coordinates":[[[799.8,309.1],[797.5,309.9],[797.6,314.8],[800.5,314.7],[802.9,312.6],[802.1,308.9],[799.8,309.1]]]}},{"type":"Feature","properties":{"GEOID":"21075","NAME":"Fulton","STATEFP":"21"},"geometry":{"type":"Polygon","coordinates":[[[730.8,359.9],[729.4,358.3],[724.2,356.9],[721.4,357.5],[719.9,360.8],[721.2,360.6],[730.8,359.9]]]}},{"type":"Feature","properties":{"GEOID":"21077","NAME":"Gallatin","STATEFP":"21"},"geometry":{"type":"Polygon","coordinates":[[[799.7,297.2],[795.9,299.9],[797.8,302],[800.3,300.4],[802.4,298.7],[799.7,297.2]]]}},{"type":"Feature","properties":{"GEOID":"21079","NAME":"Garrard","STATEFP":"21"},"geometry":{"type":"Polygon","coordinates":[[[803.9,324],[805.7,325.7],[810,328.7],[811.6,327.2],[807.7,322.2],[804.1,321.5],[803.9,324]]]}},{"type":"Feature","properties":{"GEOID":"21081","NAME":"Grant","STATEFP":"21"},"geometry":{"type":"Polygon","coordinates":[[[802.4,298.7],[800.3,300.4],[800.8,302.7],[804.7,305.7],[805.1,305.2],[806.4,303.9],[804.7,298.1],[803.1,298.1],[802.4,298.7]]]}},{"type":"Feature","properties":{"GEOID":"21083","NAME":"Graves","STATEFP":"21"},"geometry":{"type":"Polygon","coordinates":[[[730.7,353.5],[731.1,359.9],[736.8,359.5],[737.3,359.5],[736.9,353.6],[736.5,349],[730.4,349.4],[730.7,353.5]]]}},{"type":"Feature","properties":{"GEOID":"21085","NAME":"Grayson","STATEFP":"21"},"geometry":{"type":"Polygon","coordinates":[[[770.3,331.2],[769,331.9],[770.3,335.2],[773.1,336.7],[778.8,335.8],[780.6,332.9],[779.1,330.2],[776,329.9],[770.3,331.2]]]}},{"type":"Feature","properties":{"GEOID":"21087","NAME":"Green","STATEFP":"21"},"geometry":{"type":"Polygon","coordinates":[[[787.9,332.8],[787.9,338.5],[791.1,339.9],[794.1,337.6],[789.1,331.5],[787.9,332.8]]]}},{"type":"Feature","properties":{"GEOID":"21089","NAME":"Greenup","STATEFP":"21"},"geometry":{"type":"Polygon","coordinates":[[[832,296.2],[831.7,299.5],[830.3,301.7],[834.2,303.8],[837,303.9],[839.3,300.4],[836.4,299.3],[834.3,295.1],[832,296.2]]]}},{"type":"Feature","properties":{"GEOID":"21091","NAME":"Hancock","STATEFP":"21"},"geometry":{"type":"Polygon","coordinates":[[[762.3,323.3],[765.6,326.3],[765.6,327.5],[769.2,329],[768.5,324.8],[765.2,321.4],[762.3,323.3]]]}},{"type":"Feature","properties":{"GEOID":"21093","NAME":"Hardin","STATEFP":"21"},"geometry":{"type":"Polygon","coordinates":[[[777.8,324.9],[776,329.9],[779.1,330.2],[780.6,332.9],[783.5,332.8],[783.5,330.3],[786.6,325.5],[785.4,323.7],[781.2,319.7],[781.1,319.6],[780.1,319.8],[780.4,324.1],[777.8,324.9]]]}},{"type":"Feature","properties":{"GEOID":"21095","NAME":"Harlan","STATEFP":"21"},"geometry":{"type":"Polygon","coordinates":[[[829.4,340.3],[829.7,344.2],[830.7,345.7],[835.4,343.3],[837.3,340.3],[840.7,338.9],[840.6,336.9],[839.2,336.1],[835.9,336.9],[834.7,336.6],[829.4,340.3]]]}},{"type":"Feature","properties":{"GEOID":"21097","NAME":"Harrison","STATEFP":"21"},"geometry":{"type":"Polygon","coordinates":[[[811.2,302.3],[806.4,303.9],[805.1,305.2],[807.2,307.7],[807.8,309.9],[809.5,309.6],[812,307.3],[813.4,305],[812.1,302.9],[811.2,302.3]]]}},{"type":"Feature","properties":{"GEOID":"21099","NAME":"Hart","STATEFP":"21"},"geometry":{"type":"Polygon","coordinates":[[[780.6,332.9],[778.8,335.8],[781.1,339.6],[786.9,338.9],[787.9,338.5],[787.9,332.8],[783.5,332.8],[780.6,332.9]]]}},{"type":"Feature","properties":{"GEOID":"21101","NAME":"Henderson","STATEFP":"21"},"geometry":{"type":"Polygon","coordinates":[[[753.6,323.8],[749.8,326.8],[749.1,325.3],[745,325.5],[749.1,331.4],[753.4,330.8],[755,329.8],[757,327.8],[756.4,324.6],[753.6,323.8]]]}},{"type":"Feature","properties":{"GEOID":"21103","NAME":"Henry","STATEFP":"21"},"geometry":{"type":"Polygon","coordinates":[[[793.7,304.3],[791.3,306.8],[792.3,309.9],[797.5,309.9],[799.8,309.1],[799.4,307.7],[796.4,305.8],[795.4,303.9],[793.7,304.3]]]}},{"type":"Feature","properties":{"GEOID":"21105","NAME":"Hickman","STATEFP":"21"},"geometry":{"type":"Polygon","coordinates":[[[724.2,356.9],[729.4,358.3],[730.8,359.9],[730.9,359.9],[731.1,359.9],[730.7,353.5],[724.9,353.6],[724.2,356.9]]]}},{"type":"Feature","properties":{"GEOID":"21107","NAME":"Hopkins","STATEFP":"21"},"geometry":{"type":"Polygon","coordinates":[[[755.8,332.5],[748.2,338.4],[749.2,341.9],[751.1,342.9],[754.1,343.7],[757.5,342.1],[756.2,339.7],[757.7,336.5],[755.8,332.5]]]}},{"type":"Feature","properties":{"GEOID":"21109","NAME":"Jackson","STATEFP":"21"},"geometry":{"type":"Polygon","coordinates":[[[819.8,326.1],[816.3,326],[814.4,327.3],[816.2,331.9],[819.9,333.1],[822.6,330.4],[820.2,326.6],[819.8,326.1]]]}},{"type":"Feature","properties":{"GEOID":"21111","NAME":"Jefferson","STATEFP":"21"},"geometry":{"type":"Polygon","coordinates":[[[783.2,312.6],[781.5,315.4],[781.1,319.6],[781.2,319.7],[785.1,317.2],[788,317.2],[790.2,315.9],[790.2,315.2],[789.1,312],[785.7,310.1],[785.3,312.1],[783.2,312.6]]]}},{"type":"Feature","properties":{"GEOID":"21113","NAME":"Jessamine","STATEFP":"21"},"geometry":{"type":"Polygon","coordinates":[[[804.6,317],[804.1,320.4],[804.1,321.5],[807.7,322.2],[809.1,320.2],[808.1,318.1],[804.6,317]]]}},{"type":"Feature","properties":{"GEOID":"21115","NAME":"Johnson","STATEFP":"21"},"geometry":{"type":"Polygon","coordinates":[[[835.3,316.5],[836.9,319.7],[840,318.3],[842.4,318.8],[842.4,315],[835.9,313],[835.2,314],[835.3,316.5]]]}},{"type":"Feature","properties":{"GEOID":"21117","NAME":"Kenton","STATEFP":"21"},"geometry":{"type":"Polygon","coordinates":[[[802.2,291.7],[803.1,298.1],[804.7,298.1],[806.7,297.5],[806,293.4],[804.3,290.9],[802.2,291.7]]]}},{"type":"Feature","properties":{"GEOID":"21119","NAME":"Knott","STATEFP":"21"},"geometry":{"type":"Polygon","coordinates":[[[837.5,324.7],[835.5,324.4],[834.5,327.4],[835.5,331.4],[837.5,332],[842.2,329.6],[842.5,329.2],[839.7,325.2],[837.9,325],[837.5,324.7]]]}},{"type":"Feature","properties":{"GEOID":"21121","NAME":"Knox","STATEFP":"21"},"geometry":{"type":"Polygon","coordinates":[[[818.1,340.3],[818.9,342.7],[822.9,346.2],[824.3,343.2],[827.7,340.3],[827.4,339.2],[821.9,337.5],[820.5,339.5],[818.1,340.3]]]}},{"type":"Feature","properties":{"GEOID":"21123","NAME":"Larue","STATEFP":"21"},"geometry":{"type":"Polygon","coordinates":[[[786.6,325.5],[783.5,330.3],[783.5,332.8],[787.9,332.8],[789.1,331.5],[791.3,331.4],[790,329.4],[788.3,329.9],[788.4,326.2],[786.6,325.5]]]}},{"type":"Feature","properties":{"GEOID":"21125","NAME":"Laurel","STATEFP":"21"},"geometry":{"type":"Polygon","coordinates":[[[813.9,336.2],[813.1,340.9],[814.3,341.1],[818.1,340.3],[820.5,339.5],[821.9,337.5],[819.7,334.9],[819.9,333.1],[816.2,331.9],[814.8,333],[813.9,336.2]]]}},{"type":"Feature","properties":{"GEOID":"21127","NAME":"Lawrence","STATEFP":"21"},"geometry":{"type":"Polygon","coordinates":[[[841.3,306.3],[837.9,306.9],[835.7,308.8],[836.6,310.3],[834.5,313],[835.2,314],[835.9,313],[842.4,315],[844.2,313.1],[841.1,309],[841.3,306.3]]]}},{"type":"Feature","properties":{"GEOID":"21129","NAME":"Lee","STATEFP":"21"},"geometry":{"type":"Polygon","coordinates":[[[822.6,321.6],[820.9,323.2],[819.8,326.1],[820.2,326.6],[825.9,326.2],[826.5,322.9],[822.9,321.6],[822.6,321.6]]]}},{"type":"Feature","properties":{"GEOID":"21131","NAME":"Leslie","STATEFP":"21"},"geometry":{"type":"Polygon","coordinates":[[[828,332.4],[827.4,334.1],[828.9,339.4],[829.4,340.3],[834.7,336.6],[833.7,333.1],[828.7,330.9],[828,332.4]]]}},{"type":"Feature","properties":{"GEOID":"21133","NAME":"Letcher","STATEFP":"21"},"geometry":{"type":"Polygon","coordinates":[[[842.2,329.6],[837.5,332],[835.9,336.9],[839.2,336.1],[840.6,336.9],[842.8,335],[843,333.1],[845.5,330.9],[842.2,329.6]]]}},{"type":"Feature","properties":{"GEOID":"21135","NAME":"Lewis","STATEFP":"21"},"geometry":{"type":"Polygon","coordinates":[[[828.1,299.3],[823,298],[821.2,299.8],[821.6,302.4],[823,304.5],[825.5,305.3],[827.7,306.5],[829.6,305.8],[830.3,301.7],[831.7,299.5],[832,296.2],[830.1,299],[828.1,299.3]]]}},{"type":"Feature","properties":{"GEOID":"21137","NAME":"Lincoln","STATEFP":"21"},"geometry":{"type":"Polygon","coordinates":[[[802.4,328.1],[802.7,331],[805.3,332.3],[805.6,335.1],[808.3,332],[809.4,332.5],[810,328.7],[805.7,325.7],[802.4,328.1]]]}},{"type":"Feature","properties":{"GEOID":"21139","NAME":"Livingston","STATEFP":"21"},"geometry":{"type":"Polygon","coordinates":[[[736.9,337.5],[735.3,341],[737.3,344],[736.2,346.1],[734.8,346],[736.4,347.1],[738.4,346],[741,347.7],[741.6,343.8],[740.8,340.8],[738,337.9],[736.9,337.5]]]}},{"type":"Feature","properties":{"GEOID":"21141","NAME":"Logan","STATEFP":"21"},"geometry":{"type":"Polygon","coordinates":[[[762.9,343.9],[763.7,353.8],[769.2,353.1],[770.1,348.4],[771.5,347.3],[770.1,344.7],[765,343.5],[762.9,343.9]]]}},{"type":"Feature","properties":{"GEOID":"21143","NAME":"Lyon","STATEFP":"21"},"geometry":{"type":"Polygon","coordinates":[[[741.6,343.8],[741,347.7],[742.8,350.3],[747.8,347.7],[744.3,342.9],[743.3,342.8],[741.6,343.8]]]}},{"type":"Feature","properties":{"GEOID":"21145","NAME":"McCracken","STATEFP":"21"},"geometry":{"type":"Polygon","coordinates":[[[727.7,343],[730.3,349.2],[730.4,349.4],[736.5,349],[736.4,347.1],[734.8,346],[727.8,343],[727.7,343]]]}},{"type":"Feature","properties":{"GEOID":"21147","NAME":"McCreary","STATEFP":"21"},"geometry":{"type":"Polygon","coordinates":[[[809.3,343.5],[806.3,350.2],[816,349.3],[816.6,349.2],[813.8,345.1],[814.3,341.1],[813.1,340.9],[809.3,343.5]]]}},{"type":"Feature","properties":{"GEOID":"21149","NAME":"McLean","STATEFP":"21"},"geometry":{"type":"Polygon","coordinates":[[[755.8,332.5],[757.7,336.5],[761.2,335.6],[762.1,332.1],[755,329.8],[753.4,330.8],[755.8,332.5]]]}},{"type":"Feature","properties":{"GEOID":"21151","NAME":"Madison","STATEFP":"21"},"geometry":{"type":"Polygon","coordinates":[[[807.7,322.2],[811.6,327.2],[814.4,327.3],[816.3,326],[815.4,324.3],[815.6,319.2],[810.8,318.9],[809.1,320.2],[807.7,322.2]]]}},{"type":"Feature","properties":{"GEOID":"21153","NAME":"Magoffin","STATEFP":"21"},"geometry":{"type":"Polygon","coordinates":[[[831.4,321.5],[834.5,322],[837.5,324.7],[837.9,325],[838.5,324.2],[836.9,319.7],[835.3,316.5],[833.6,316],[830.7,319.3],[831,320.6],[831.4,321.5]]]}},{"type":"Feature","properties":{"GEOID":"21155","NAME":"Marion","STATEFP":"21"},"geometry":{"type":"Polygon","coordinates":[[[798.8,326.5],[794.7,327],[791.8,325],[790,329.4],[791.3,331.4],[796.7,330.8],[798.6,331.8],[798.9,328.6],[798.8,326.5]]]}},{"type":"Feature","properties":{"GEOID":"21157","NAME":"Marshall","STATEFP":"21"},"geometry":{"type":"Polygon","coordinates":[[[736.4,347.1],[736.5,349],[736.9,353.6],[743.9,353.1],[742.8,350.3],[741,347.7],[738.4,346],[736.4,347.1]]]}},{"type":"Feature","properties":{"GEOID":"21159","NAME":"Martin","STATEFP":"21"},"geometry":{"type":"Polygon","coordinates":[[[846.1,315],[844.2,313.1],[842.4,315],[842.4,318.8],[843.9,319.4],[845.9,319.5],[847.9,317.5],[846.1,315]]]}},{"type":"Feature","properties":{"GEOID":"21161","NAME":"Mason","STATEFP":"21"},"geometry":{"type":"Polygon","coordinates":[[[815,301.6],[816.5,303.8],[817.9,304.5],[821.6,302.4],[821.2,299.8],[820.1,299.8],[816.1,297.3],[815,301.6]]]}},{"type":"Feature","properties":{"GEOID":"21163","NAME":"Meade","STATEFP":"21"},"geometry":{"type":"Polygon","coordinates":[[[771,319.7],[777.8,324.9],[780.4,324.1],[780.1,319.8],[776.8,319.9],[775.1,319],[773.6,316.2],[771.4,317.8],[771,319.7]]]}},{"type":"Feature","properties":{"GEOID":"21165","NAME":"Menifee","STATEFP":"21"},"geometry":{"type":"Polygon","coordinates":[[[823.9,318.8],[826.3,317.6],[826.9,313.4],[825.7,313.2],[821.1,315],[821.1,316.9],[823.9,318.8]]]}},{"type":"Feature","properties":{"GEOID":"21167","NAME":"Mercer","STATEFP":"21"},"geometry":{"type":"Polygon","coordinates":[[[798.1,320.4],[798.8,325.4],[803.9,324],[804.1,321.5],[804.1,320.4],[802.2,318.1],[798.1,320.4]]]}},{"type":"Feature","properties":{"GEOID":"21169","NAME":"Metcalfe","STATEFP":"21"},"geometry":{"type":"Polygon","coordinates":[[[786.9,338.9],[787.8,346.6],[790.5,346.9],[792.9,343.8],[791.1,339.9],[787.9,338.5],[786.9,338.9]]]}},{"type":"Feature","properties":{"GEOID":"21171","NAME":"Monroe","STATEFP":"21"},"geometry":{"type":"Polygon","coordinates":[[[787.8,346.6],[783.7,349.9],[784,352.1],[787.5,351.9],[794,351.3],[790.5,346.9],[787.8,346.6]]]}},{"type":"Feature","properties":{"GEOID":"21173","NAME":"Montgomery","STATEFP":"21"},"geometry":{"type":"Polygon","coordinates":[[[814.8,313],[817.5,317.1],[821.1,316.9],[821.1,315],[816.5,311],[814.8,313]]]}},{"type":"Feature","properties":{"GEOID":"21175","NAME":"Morgan","STATEFP":"21"},"geometry":{"type":"Polygon","coordinates":[[[826.9,313.4],[826.3,317.6],[831,320.6],[830.7,319.3],[833.6,316],[835.3,316.5],[835.2,314],[834.5,313],[831.3,313.4],[829.7,311.1],[826.9,313.4]]]}},{"type":"Feature","properties":{"GEOID":"21177","NAME":"Muhlenberg","STATEFP":"21"},"geometry":{"type":"Polygon","coordinates":[[[757.7,336.5],[756.2,339.7],[757.5,342.1],[759,344],[762.9,343.9],[765,343.5],[765.4,340.1],[761.2,335.6],[757.7,336.5]]]}},{"type":"Feature","properties":{"GEOID":"21179","NAME":"Nelson","STATEFP":"21"},"geometry":{"type":"Polygon","coordinates":[[[789.5,319],[787.1,323],[785.4,323.7],[786.6,325.5],[788.4,326.2],[788.3,329.9],[790,329.4],[791.8,325],[795.9,320.5],[795.4,318.8],[791.2,320],[789.5,319]]]}},{"type":"Feature","properties":{"GEOID":"21181","NAME":"Nicholas","STATEFP":"21"},"geometry":{"type":"Polygon","coordinates":[[[812,307.3],[816.5,311],[818.5,308.2],[815.7,305.2],[813.4,305],[812,307.3]]]}},{"type":"Feature","properties":{"GEOID":"21183","NAME":"Ohio","STATEFP":"21"},"geometry":{"type":"Polygon","coordinates":[[[762.1,332.1],[761.2,335.6],[765.4,340.1],[766.5,338.3],[770.3,335.2],[769,331.9],[770.3,331.2],[769.2,329],[765.6,327.5],[765.9,329],[762.1,332.1]]]}},{"type":"Feature","properties":{"GEOID":"21185","NAME":"Oldham","STATEFP":"21"},"geometry":{"type":"Polygon","coordinates":[[[789.1,306.3],[785.7,310.1],[789.1,312],[792.3,309.9],[791.3,306.8],[789.1,306.3]]]}},{"type":"Feature","properties":{"GEOID":"21187","NAME":"Owen","STATEFP":"21"},"geometry":{"type":"Polygon","coordinates":[[[795.4,303.9],[796.4,305.8],[799.4,307.7],[799.8,309.1],[802.1,308.9],[804.7,305.7],[800.8,302.7],[800.3,300.4],[797.8,302],[795.4,303.9]]]}},{"type":"Feature","properties":{"GEOID":"21189","NAME":"Owsley","STATEFP":"21"},"geometry":{"type":"Polygon","coordinates":[[[825.9,326.2],[820.2,326.6],[822.6,330.4],[825.3,330.1],[827.6,331.9],[827,330.1],[825.9,326.2]]]}},{"type":"Feature","properties":{"GEOID":"21191","NAME":"Pendleton","STATEFP":"21"},"geometry":{"type":"Polygon","coordinates":[[[804.7,298.1],[806.4,303.9],[811.2,302.3],[810,296.6],[809.9,295.5],[806.7,297.5],[804.7,298.1]]]}},{"type":"Feature","properties":{"GEOID":"21193","NAME":"Perry","STATEFP":"21"},"geometry":{"type":"Polygon","coordinates":[[[828,332.4],[828.7,330.9],[833.7,333.1],[834.7,336.6],[835.9,336.9],[837.5,332],[835.5,331.4],[834.5,327.4],[833.1,327.4],[829.6,329.7],[827,330.1],[827.6,331.9],[828,332.4]]]}},{"type":"Feature","properties":{"GEOID":"21195","NAME":"Pike","STATEFP":"21"},"geometry":{"type":"Polygon","coordinates":[[[843.9,319.4],[843.4,323.8],[844.3,325.1],[842.5,329.2],[842.2,329.6],[845.5,330.9],[845.7,330.7],[849.8,327.9],[855.3,321.3],[852.5,321.2],[847.9,317.5],[845.9,319.5],[843.9,319.4]]]}},{"type":"Feature","properties":{"GEOID":"21197","NAME":"Powell","STATEFP":"21"},"geometry":{"type":"Polygon","coordinates":[[[817.1,319.4],[819.1,321],[822.6,321.6],[822.9,321.6],[823.9,318.8],[821.1,316.9],[817.5,317.1],[817.1,319.4]]]}},{"type":"Feature","properties":{"GEOID":"21199","NAME":"Pulaski","STATEFP":"21"},"geometry":{"type":"Polygon","coordinates":[[[805.6,335.1],[802.6,338.4],[804.2,341],[807.1,341.1],[809.3,343.5],[813.1,340.9],[813.9,336.2],[809.4,332.5],[808.3,332],[805.6,335.1]]]}},{"type":"Feature","properties":{"GEOID":"21201","NAME":"Robertson","STATEFP":"21"},"geometry":{"type":"Polygon","coordinates":[[[812.1,302.9],[813.4,305],[815.7,305.2],[816.5,303.8],[815,301.6],[812.1,302.9]]]}},{"type":"Feature","properties":{"GEOID":"21203","NAME":"Rockcastle","STATEFP":"21"},"geometry":{"type":"Polygon","coordinates":[[[811.6,327.2],[810,328.7],[809.4,332.5],[813.9,336.2],[814.8,333],[816.2,331.9],[814.4,327.3],[811.6,327.2]]]}},{"type":"Feature","properties":{"GEOID":"21205","NAME":"Rowan","STATEFP":"21"},"geometry":{"type":"Polygon","coordinates":[[[822.7,310.3],[825.7,313.2],[826.9,313.4],[829.7,311.1],[829.8,309.2],[827.7,306.5],[825.5,305.3],[824.8,308],[822.7,310.3]]]}},{"type":"Feature","properties":{"GEOID":"21207","NAME":"Russell","STATEFP":"21"},"geometry":{"type":"Polygon","coordinates":[[[799.8,337.1],[797,343.6],[797.5,345.2],[800.3,344.8],[804.2,341],[802.6,338.4],[799.8,337.1]]]}},{"type":"Feature","properties":{"GEOID":"21209","NAME":"Scott","STATEFP":"21"},"geometry":{"type":"Polygon","coordinates":[[[804.7,305.7],[802.1,308.9],[802.9,312.6],[804.9,314.2],[808.7,311.6],[807.8,309.9],[807.2,307.7],[805.1,305.2],[804.7,305.7]]]}},{"type":"Feature","properties":{"GEOID":"21211","NAME":"Shelby","STATEFP":"21"},"geometry":{"type":"Polygon","coordinates":[[[790.2,315.2],[796.4,317.1],[797.6,314.8],[797.5,309.9],[792.3,309.9],[789.1,312],[790.2,315.2]]]}},{"type":"Feature","properties":{"GEOID":"21213","NAME":"Simpson","STATEFP":"21"},"geometry":{"type":"Polygon","coordinates":[[[769.2,353.1],[773,353.1],[775.8,352.4],[775.6,349.5],[772.2,348.5],[771.5,347.3],[770.1,348.4],[769.2,353.1]]]}},{"type":"Feature","properties":{"GEOID":"21215","NAME":"Spencer","STATEFP":"21"},"geometry":{"type":"Polygon","coordinates":[[[796.4,317.1],[790.2,315.2],[790.2,315.9],[789.5,319],[791.2,320],[795.4,318.8],[796.4,317.1]]]}},{"type":"Feature","properties":{"GEOID":"21217","NAME":"Taylor","STATEFP":"21"},"geometry":{"type":"Polygon","coordinates":[[[789.1,331.5],[794.1,337.6],[797.2,334.4],[798.6,331.8],[796.7,330.8],[791.3,331.4],[789.1,331.5]]]}},{"type":"Feature","properties":{"GEOID":"21219","NAME":"Todd","STATEFP":"21"},"geometry":{"type":"Polygon","coordinates":[[[759,344],[758.6,354.3],[762.7,353.9],[763.7,353.8],[762.9,343.9],[759,344]]]}},{"type":"Feature","properties":{"GEOID":"21221","NAME":"Trigg","STATEFP":"21"},"geometry":{"type":"Polygon","coordinates":[[[747.8,347.7],[742.8,350.3],[743.9,353.1],[744.8,354.6],[751.9,355],[751.8,347.2],[750.4,346.5],[747.8,347.7]]]}},{"type":"Feature","properties":{"GEOID":"21223","NAME":"Trimble","STATEFP":"21"},"geometry":{"type":"Polygon","coordinates":[[[790.3,301.1],[788.3,301.9],[789,304.9],[789.1,306.3],[791.3,306.8],[793.7,304.3],[790.3,301.1]]]}},{"type":"Feature","properties":{"GEOID":"21225","NAME":"Union","STATEFP":"21"},"geometry":{"type":"Polygon","coordinates":[[[743.3,328.1],[741.2,331.6],[741.8,333.6],[743.3,335.1],[745.7,335.5],[749.1,331.4],[745,325.5],[743.3,328.1]]]}},{"type":"Feature","properties":{"GEOID":"21227","NAME":"Warren","STATEFP":"21"},"geometry":{"type":"Polygon","coordinates":[[[770.1,344.7],[771.5,347.3],[772.2,348.5],[775.6,349.5],[779.7,345.3],[780.3,342.2],[777.2,342],[774.8,340.2],[770.7,340.2],[770.1,344.7]]]}},{"type":"Feature","properties":{"GEOID":"21229","NAME":"Washington","STATEFP":"21"},"geometry":{"type":"Polygon","coordinates":[[[795.9,320.5],[791.8,325],[794.7,327],[798.8,326.5],[798.8,325.4],[798.1,320.4],[795.9,320.5]]]}},{"type":"Feature","properties":{"GEOID":"21231","NAME":"Wayne","STATEFP":"21"},"geometry":{"type":"Polygon","coordinates":[[[804.2,341],[800.3,344.8],[802.7,350.3],[806.2,350.2],[806.3,350.2],[809.3,343.5],[807.1,341.1],[804.2,341]]]}},{"type":"Feature","properties":{"GEOID":"21233","NAME":"Webster","STATEFP":"21"},"geometry":{"type":"Polygon","coordinates":[[[749.1,331.4],[745.7,335.5],[748.4,337.7],[748.2,338.4],[755.8,332.5],[753.4,330.8],[749.1,331.4]]]}},{"type":"Feature","properties":{"GEOID":"21235","NAME":"Whitley","STATEFP":"21"},"geometry":{"type":"Polygon","coordinates":[[[814.3,341.1],[813.8,345.1],[816.6,349.2],[821.1,348.7],[822.2,348.6],[822.9,346.2],[818.9,342.7],[818.1,340.3],[814.3,341.1]]]}},{"type":"Feature","properties":{"GEOID":"21237","NAME":"Wolfe","STATEFP":"21"},"geometry":{"type":"Polygon","coordinates":[[[826.3,317.6],[823.9,318.8],[822.9,321.6],[826.5,322.9],[828.2,321.5],[831.4,321.5],[831,320.6],[826.3,317.6]]]}},{"type":"Feature","properties":{"GEOID":"21239","NAME":"Woodford","STATEFP":"21"},"geometry":{"type":"Polygon","coordinates":[[[802.9,312.6],[800.5,314.7],[802.2,318.1],[804.1,320.4],[804.6,317],[804.9,314.2],[802.9,312.6]]]}},{"type":"Feature","properties":{"GEOID":"22001","NAME":"Acadia","STATEFP":"22"},"geometry":{"type":"Polygon","coordinates":[[[664.6,506.1],[665.1,515.2],[666.9,514.7],[669.2,516],[672,513.6],[674.7,510],[673.9,506.7],[672.5,505.8],[667.5,506],[664.6,506.1]]]}},{"type":"Feature","properties":{"GEOID":"22003","NAME":"Allen","STATEFP":"22"},"geometry":{"type":"Polygon","coordinates":[[[660.4,496.5],[657.3,497],[657.5,503.5],[654.5,503.6],[654.6,507.7],[661.8,507.2],[664.7,505.9],[665.3,503.7],[665,496.3],[660.4,496.5]]]}},{"type":"Feature","properties":{"GEOID":"22005","NAME":"Ascension","STATEFP":"22"},"geometry":{"type":"Polygon","coordinates":[[[700.1,507.7],[697.5,508.4],[696.1,514.5],[699,514.3],[699.9,513.1],[705.4,511.6],[705.5,510.3],[703.8,511.1],[700.1,507.7]]]}},{"type":"Feature","properties":{"GEOID":"22007","NAME":"Assumption","STATEFP":"22"},"geometry":{"type":"Polygon","coordinates":[[[696.1,514.5],[693.7,515.5],[693.1,516.8],[694.8,519.7],[696.7,520.6],[696.6,523],[697.1,524.7],[698.5,522.6],[700.7,518],[699,514.3],[696.1,514.5]]]}},{"type":"Feature","properties":{"GEOID":"22009","NAME":"Avoyelles","STATEFP":"22"},"geometry":{"type":"Polygon","coordinates":[[[674.9,485.5],[671.9,486],[672.8,494.4],[671.3,494.4],[672.8,497.1],[680.8,496.8],[681.9,492.7],[682.4,492.1],[683.2,488.7],[680,487],[676.5,485.7],[674.9,485.5]]]}},{"type":"Feature","properties":{"GEOID":"22011","NAME":"Beauregard","STATEFP":"22"},"geometry":{"type":"Polygon","coordinates":[[[657.3,497],[648.4,497.1],[645.6,497.5],[644.3,502],[642.2,505.3],[642.2,508.6],[654.6,508.2],[654.6,507.7],[654.5,503.6],[657.5,503.5],[657.3,497]]]}},{"type":"Feature","properties":{"GEOID":"22013","NAME":"Bienville","STATEFP":"22"},"geometry":{"type":"Polygon","coordinates":[[[652.1,456.9],[652.8,459.9],[648.4,461.1],[647.4,465.3],[651.6,465.1],[652.2,467.2],[657.2,467],[659.6,467],[660.4,464.9],[660.1,459.7],[658.1,459.8],[658,456.7],[652.1,456.9]]]}},{"type":"Feature","properties":{"GEOID":"22015","NAME":"Bossier","STATEFP":"22"},"geometry":{"type":"Polygon","coordinates":[[[639.3,447],[640,455],[640.9,458.8],[643.6,462.7],[646.6,465.2],[647.4,465.3],[648.4,461.1],[647,461.1],[646.5,450.5],[645.1,446.8],[639.4,447],[639.3,447]]]}},{"type":"Feature","properties":{"GEOID":"22017","NAME":"Caddo","STATEFP":"22"},"geometry":{"type":"Polygon","coordinates":[[[635,454.8],[635.1,461.8],[635.2,466.5],[637,466.4],[640.7,462.8],[643.7,465.3],[646.6,465.2],[643.6,462.7],[640.9,458.8],[640,455],[639.3,447],[634.8,447.1],[634.9,450.3],[635,454.8]]]}},{"type":"Feature","properties":{"GEOID":"22019","NAME":"Calcasieu","STATEFP":"22"},"geometry":{"type":"Polygon","coordinates":[[[642.8,516.8],[654.9,516.4],[657.6,516.7],[656.6,508.7],[654.6,508.2],[642.2,508.6],[643,512.3],[642.8,516.8]]]}},{"type":"Feature","properties":{"GEOID":"22021","NAME":"Caldwell","STATEFP":"22"},"geometry":{"type":"Polygon","coordinates":[[[669.6,466.6],[669.8,471.8],[675.9,471.5],[678.2,470.4],[677.9,466.2],[676.3,465.9],[675,463.3],[669.5,463.5],[669.6,466.6]]]}},{"type":"Feature","properties":{"GEOID":"22023","NAME":"Cameron","STATEFP":"22"},"geometry":{"type":"Polygon","coordinates":[[[657.6,516.7],[654.9,516.4],[642.8,516.8],[640.2,521.2],[638.8,522.4],[641.2,527.5],[642,525.8],[647.8,524.5],[655.2,524.6],[665.7,528.4],[665.3,516.4],[662.9,516.5],[657.6,516.7]]]}},{"type":"Feature","properties":{"GEOID":"22025","NAME":"Catahoula","STATEFP":"22"},"geometry":{"type":"Polygon","coordinates":[[[684.5,472.2],[683,470.4],[680.4,472.4],[678.2,470.4],[675.9,471.5],[676.5,485.7],[680,487],[679.3,481.6],[679.8,479.3],[682.2,478],[682.3,475.8],[685.3,475.3],[684.5,472.2]]]}},{"type":"Feature","properties":{"GEOID":"22027","NAME":"Claiborne","STATEFP":"22"},"geometry":{"type":"Polygon","coordinates":[[[655.5,446.6],[650.6,446.7],[650.8,453.8],[652.1,456.9],[658,456.7],[658.9,452.5],[660.9,452.5],[660.7,446.5],[655.5,446.6]]]}},{"type":"Feature","properties":{"GEOID":"22029","NAME":"Concordia","STATEFP":"22"},"geometry":{"type":"Polygon","coordinates":[[[685.3,475.3],[682.3,475.8],[682.2,478],[679.8,479.3],[679.3,481.6],[680,487],[683.2,488.7],[682.4,492.1],[683.8,493.2],[683.8,493.8],[684.2,493.1],[685,488.5],[687.1,483.5],[688.6,475.5],[685.3,475.3]]]}},{"type":"Feature","properties":{"GEOID":"22031","NAME":"De Soto","STATEFP":"22"},"geometry":{"type":"Polygon","coordinates":[[[643.7,465.3],[640.7,462.8],[637,466.4],[635.2,466.5],[635.9,471.6],[638.7,474.7],[647.4,474.5],[649,472.4],[645.2,468.4],[643.7,465.3]]]}},{"type":"Feature","properties":{"GEOID":"22033","NAME":"East Baton Rouge","STATEFP":"22"},"geometry":{"type":"Polygon","coordinates":[[[691.5,500.9],[691.2,502.3],[693.7,504.2],[693,507.7],[695,508.5],[697.5,508.4],[700.1,507.7],[698.2,506],[698,501.9],[699.3,500.5],[700.5,498.8],[692.3,499.6],[691.5,500.9]]]}},{"type":"Feature","properties":{"GEOID":"22035","NAME":"East Carroll","STATEFP":"22"},"geometry":{"type":"Polygon","coordinates":[[[689.4,445.5],[688.2,448.8],[688.1,451.4],[686.3,455.6],[686.1,456.7],[692.5,456.3],[693.7,455.7],[694.2,455.4],[692,453.9],[692,449.1],[690.5,447.4],[691.3,445.4],[689.4,445.5]]]}},{"type":"Feature","properties":{"GEOID":"22037","NAME":"East Feliciana","STATEFP":"22"},"geometry":{"type":"Polygon","coordinates":[[[693.5,492.6],[692.5,497.7],[691.2,500.9],[691.5,500.9],[692.3,499.6],[700.5,498.8],[699.9,493.8],[700.6,492.2],[695.9,492.5],[693.5,492.6]]]}},{"type":"Feature","properties":{"GEOID":"22039","NAME":"Evangeline","STATEFP":"22"},"geometry":{"type":"Polygon","coordinates":[[[665,496.3],[665.3,503.7],[664.7,505.9],[664.6,506.1],[667.5,506],[668.9,504.5],[673.1,503.7],[673.7,499],[672.8,497.1],[671.3,494.4],[669.3,493.6],[666.5,496.3],[665,496.3]]]}},{"type":"Feature","properties":{"GEOID":"22041","NAME":"Franklin","STATEFP":"22"},"geometry":{"type":"Polygon","coordinates":[[[685.9,459.8],[682.8,459.9],[680.4,462.1],[680.1,464],[677.9,466.2],[678.2,470.4],[680.4,472.4],[683,470.4],[684.5,472.2],[685.7,471],[685.8,464.6],[684.7,463.3],[685.9,459.8]]]}},{"type":"Feature","properties":{"GEOID":"22043","NAME":"Grant","STATEFP":"22"},"geometry":{"type":"Polygon","coordinates":[[[656.8,477.4],[658.2,479.3],[662,481.7],[663.9,484.7],[672.5,482.3],[670.8,481.7],[668.8,477.2],[668.9,474.9],[663.8,475.1],[663.8,477.1],[656.8,477.4]]]}},{"type":"Feature","properties":{"GEOID":"22045","NAME":"Iberia","STATEFP":"22"},"geometry":{"type":"Polygon","coordinates":[[[678.6,516],[678.2,517.5],[678.7,525],[677.5,528.5],[681.8,531.7],[686.9,531.5],[686.8,528],[683.9,524.5],[679.6,524.5],[684,520.2],[685.6,517.8],[688.7,517.4],[693.1,516.8],[693.7,515.5],[690.7,514.9],[686,515.7],[684.8,514],[681.6,515.7],[678.8,515.1],[678.6,516]]]}},{"type":"Feature","properties":{"GEOID":"22047","NAME":"Iberville","STATEFP":"22"},"geometry":{"type":"Polygon","coordinates":[[[683.5,504.9],[684.8,506.1],[685.3,509.2],[687.7,510.8],[688.7,514],[690.7,514.9],[693.7,515.5],[696.1,514.5],[697.5,508.4],[695,508.5],[691.6,508.6],[687.9,504.7],[683.5,504.9]]]}},{"type":"Feature","properties":{"GEOID":"22049","NAME":"Jackson","STATEFP":"22"},"geometry":{"type":"Polygon","coordinates":[[[660.1,459.7],[660.4,464.9],[659.6,467],[669.6,466.6],[669.5,463.5],[667.3,460.5],[667.2,458.5],[663.2,458.6],[660.1,459.7]]]}},{"type":"Feature","properties":{"GEOID":"22051","NAME":"Jefferson","STATEFP":"22"},"geometry":{"type":"Polygon","coordinates":[[[713.1,511.2],[713,515.7],[715.5,519.2],[714.5,522.2],[715.6,522.3],[716.6,527.1],[719.1,528.1],[719.7,531.2],[718.1,533.9],[718.2,536],[722,534.4],[721.7,531.2],[719.9,527.6],[719.7,524.5],[717.7,520.9],[718.7,517.2],[716,516.8],[716.2,511],[715.2,510.5],[713.1,511.2]]]}},{"type":"Feature","properties":{"GEOID":"22053","NAME":"Jefferson Davis","STATEFP":"22"},"geometry":{"type":"Polygon","coordinates":[[[654.6,508.2],[656.6,508.7],[657.6,516.7],[662.9,516.5],[665.1,515.2],[664.6,506.1],[664.7,505.9],[661.8,507.2],[654.6,507.7],[654.6,508.2]]]}},{"type":"Feature","properties":{"GEOID":"22055","NAME":"Lafayette","STATEFP":"22"},"geometry":{"type":"Polygon","coordinates":[[[672,513.6],[673.7,513.7],[678.6,516],[678.8,515.1],[678.7,510.3],[677.8,508.2],[674.7,510],[672,513.6]]]}},{"type":"Feature","properties":{"GEOID":"22057","NAME":"Lafourche","STATEFP":"22"},"geometry":{"type":"Polygon","coordinates":[[[698.5,522.6],[703.4,522.8],[707.6,525.7],[711.7,530],[711.7,538.7],[716,537.5],[718.2,536],[718.1,533.9],[719.7,531.2],[719.1,528.1],[716.6,527.1],[715.6,522.3],[714.5,522.2],[711.4,520.8],[708,518.1],[705.4,518.1],[700.7,518],[698.5,522.6]]]}},{"type":"Feature","properties":{"GEOID":"22059","NAME":"LaSalle","STATEFP":"22"},"geometry":{"type":"Polygon","coordinates":[[[669.8,471.8],[668.9,474.9],[668.8,477.2],[670.8,481.7],[672.5,482.3],[674.9,485.5],[676.5,485.7],[675.9,471.5],[669.8,471.8]]]}},{"type":"Feature","properties":{"GEOID":"22061","NAME":"Lincoln","STATEFP":"22"},"geometry":{"type":"Polygon","coordinates":[[[660.1,459.7],[663.2,458.6],[667.2,458.5],[667.2,456.4],[663.9,452.6],[660.9,452.5],[658.9,452.5],[658,456.7],[658.1,459.8],[660.1,459.7]]]}},{"type":"Feature","properties":{"GEOID":"22063","NAME":"Livingston","STATEFP":"22"},"geometry":{"type":"Polygon","coordinates":[[[699.3,500.5],[698,501.9],[698.2,506],[700.1,507.7],[703.8,511.1],[705.5,510.3],[708.4,508.8],[708.4,506.9],[706.5,504],[706.2,500.1],[699.3,500.5]]]}},{"type":"Feature","properties":{"GEOID":"22065","NAME":"Madison","STATEFP":"22"},"geometry":{"type":"Polygon","coordinates":[[[686.1,456.7],[685.9,459.8],[684.7,463.3],[685.8,464.6],[693.1,464],[695.9,463.9],[695.7,460.6],[692.9,457.2],[693.7,455.7],[692.5,456.3],[686.1,456.7]]]}},{"type":"Feature","properties":{"GEOID":"22067","NAME":"Morehouse","STATEFP":"22"},"geometry":{"type":"Polygon","coordinates":[[[673.6,446.1],[673.9,452.8],[675.7,453],[677.2,457.8],[680.5,456.4],[682.4,453.8],[683.6,449.3],[686,445.6],[685.5,445.6],[673.6,446.1]]]}},{"type":"Feature","properties":{"GEOID":"22069","NAME":"Natchitoches","STATEFP":"22"},"geometry":{"type":"Polygon","coordinates":[[[647.4,474.5],[647.5,477.5],[649.5,477.5],[649.6,481.6],[651.7,481.6],[651.8,485.7],[656.9,485.9],[662,481.7],[658.2,479.3],[656.8,477.4],[658.4,471.9],[657.2,467],[652.2,467.2],[653.3,469.3],[649,472.4],[647.4,474.5]]]}},{"type":"Feature","properties":{"GEOID":"22071","NAME":"Orleans","STATEFP":"22"},"geometry":{"type":"Polygon","coordinates":[[[716.2,511],[716,516.8],[718.7,517.2],[720.7,517.7],[721.1,514.9],[725,512.5],[726.1,510.6],[720.3,509.9],[716.2,511]]]}},{"type":"Feature","properties":{"GEOID":"22073","NAME":"Ouachita","STATEFP":"22"},"geometry":{"type":"Polygon","coordinates":[[[673.9,452.8],[670,456.4],[667.2,456.4],[667.2,458.5],[667.3,460.5],[669.5,463.5],[675,463.3],[677.2,457.8],[675.7,453],[673.9,452.8]]]}},{"type":"Feature","properties":{"GEOID":"22075","NAME":"Plaquemines","STATEFP":"22"},"geometry":{"type":"Polygon","coordinates":[[[718.7,517.2],[717.7,520.9],[719.7,524.5],[719.9,527.6],[721.7,531.2],[722,534.4],[727.9,532.9],[731.1,535.4],[730.9,540.1],[733,540.3],[735,537.6],[738.1,538.8],[742,533.9],[741.5,530.7],[738.8,529.9],[737.3,528],[742.1,521.4],[729.8,523],[724.7,520],[721.6,519.3],[720.7,517.7],[718.7,517.2]]]}},{"type":"Feature","properties":{"GEOID":"22077","NAME":"Pointe Coupee","STATEFP":"22"},"geometry":{"type":"Polygon","coordinates":[[[690.8,500.8],[689.7,498.5],[686.2,499.3],[686.8,496.2],[683.9,496.4],[683.8,493.8],[683.8,493.2],[681.9,492.7],[680.8,496.8],[682.6,500.1],[682.4,504.9],[683.5,504.9],[687.9,504.7],[689.3,504.3],[690.8,500.8]]]}},{"type":"Feature","properties":{"GEOID":"22079","NAME":"Rapides","STATEFP":"22"},"geometry":{"type":"Polygon","coordinates":[[[672.5,482.3],[663.9,484.7],[662,481.7],[656.9,485.9],[660,488.1],[660.4,496.5],[665,496.3],[666.5,496.3],[669.3,493.6],[671.3,494.4],[672.8,494.4],[671.9,486],[674.9,485.5],[672.5,482.3]]]}},{"type":"Feature","properties":{"GEOID":"22081","NAME":"Red River","STATEFP":"22"},"geometry":{"type":"Polygon","coordinates":[[[643.7,465.3],[645.2,468.4],[649,472.4],[653.3,469.3],[652.2,467.2],[651.6,465.1],[647.4,465.3],[646.6,465.2],[643.7,465.3]]]}},{"type":"Feature","properties":{"GEOID":"22083","NAME":"Richland","STATEFP":"22"},"geometry":{"type":"Polygon","coordinates":[[[682.4,453.8],[680.5,456.4],[677.2,457.8],[675,463.3],[676.3,465.9],[677.9,466.2],[680.1,464],[680.4,462.1],[682.8,459.9],[685.9,459.8],[686.1,456.7],[686.3,455.6],[683.3,455.8],[682.4,453.8]]]}},{"type":"Feature","properties":{"GEOID":"22085","NAME":"Sabine","STATEFP":"22"},"geometry":{"type":"Polygon","coordinates":[[[647.4,474.5],[638.7,474.7],[640.4,478],[639.7,480.8],[642.6,484.2],[642.8,487.2],[644.6,490.3],[645.6,490.1],[648.7,485.8],[651.8,485.7],[651.7,481.6],[649.6,481.6],[649.5,477.5],[647.5,477.5],[647.4,474.5]]]}},{"type":"Feature","properties":{"GEOID":"22087","NAME":"St. Bernard","STATEFP":"22"},"geometry":{"type":"Polygon","coordinates":[[[726.1,510.6],[725,512.5],[721.1,514.9],[720.7,517.7],[721.6,519.3],[724.7,520],[729.8,523],[742.1,521.4],[743.5,518.9],[744.1,514.9],[743.4,512.4],[741,509.9],[736.8,509.6],[734.9,508.6],[732.5,509.6],[728.7,510.3],[726.1,510.6]]]}},{"type":"Feature","properties":{"GEOID":"22089","NAME":"St. Charles","STATEFP":"22"},"geometry":{"type":"Polygon","coordinates":[[[713.1,511.2],[709.5,514.5],[707.7,515],[708,518.1],[711.4,520.8],[714.5,522.2],[715.5,519.2],[713,515.7],[713.1,511.2]]]}},{"type":"Feature","properties":{"GEOID":"22091","NAME":"St. Helena","STATEFP":"22"},"geometry":{"type":"Polygon","coordinates":[[[700.6,492.2],[699.9,493.8],[700.5,498.8],[699.3,500.5],[706.2,500.1],[705.8,491.9],[700.6,492.2]]]}},{"type":"Feature","properties":{"GEOID":"22093","NAME":"St. James","STATEFP":"22"},"geometry":{"type":"Polygon","coordinates":[[[705.4,511.6],[699.9,513.1],[699,514.3],[700.7,518],[705.4,518.1],[705.4,511.6]]]}},{"type":"Feature","properties":{"GEOID":"22095","NAME":"St. John the Baptist","STATEFP":"22"},"geometry":{"type":"Polygon","coordinates":[[[705.4,511.6],[705.4,518.1],[708,518.1],[707.7,515],[709.5,514.5],[713.1,511.2],[715.2,510.5],[715.1,509.4],[712.1,508.2],[708.4,508.8],[705.5,510.3],[705.4,511.6]]]}},{"type":"Feature","properties":{"GEOID":"22097","NAME":"St. Landry","STATEFP":"22"},"geometry":{"type":"Polygon","coordinates":[[[672.8,497.1],[673.7,499],[673.1,503.7],[668.9,504.5],[667.5,506],[672.5,505.8],[673.9,506.7],[674.7,510],[677.8,508.2],[682.4,504.9],[682.6,500.1],[680.8,496.8],[672.8,497.1]]]}},{"type":"Feature","properties":{"GEOID":"22099","NAME":"St. Martin","STATEFP":"22"},"geometry":{"type":"MultiPolygon","coordinates":[[[[677.8,508.2],[678.7,510.3],[678.8,515.1],[681.6,515.7],[684.8,514],[686,515.7],[690.7,514.9],[688.7,514],[687.7,510.8],[685.3,509.2],[684.8,506.1],[683.5,504.9],[682.4,504.9],[677.8,508.2]]],[[[688.7,517.4],[690.7,521.4],[696.6,523],[696.7,520.6],[694.8,519.7],[693.1,516.8],[688.7,517.4]]]]}},{"type":"Feature","properties":{"GEOID":"22101","NAME":"St. Mary","STATEFP":"22"},"geometry":{"type":"Polygon","coordinates":[[[688.7,517.4],[685.6,517.8],[684,520.2],[679.6,524.5],[683.9,524.5],[686.8,528],[686.9,531.5],[690.5,532.7],[692,534.1],[694.7,529.6],[693.5,526.8],[697.1,524.7],[696.6,523],[690.7,521.4],[688.7,517.4]]]}},{"type":"Feature","properties":{"GEOID":"22103","NAME":"St. Tammany","STATEFP":"22"},"geometry":{"type":"Polygon","coordinates":[[[712.4,498.3],[713.2,506.5],[715.1,509.4],[715.2,510.5],[716.2,511],[720.3,509.9],[726.1,510.6],[728.7,510.3],[725.8,508.2],[724.3,503.5],[722.9,502.6],[720.9,498.9],[717.8,499.1],[712.4,498.3]]]}},{"type":"Feature","properties":{"GEOID":"22105","NAME":"Tangipahoa","STATEFP":"22"},"geometry":{"type":"Polygon","coordinates":[[[706.2,500.1],[706.5,504],[708.4,506.9],[708.4,508.8],[712.1,508.2],[715.1,509.4],[713.2,506.5],[712.4,498.3],[710.2,491.7],[706.2,491.9],[705.8,491.9],[706.2,500.1]]]}},{"type":"Feature","properties":{"GEOID":"22107","NAME":"Tensas","STATEFP":"22"},"geometry":{"type":"Polygon","coordinates":[[[685.8,464.6],[685.7,471],[684.5,472.2],[685.3,475.3],[688.6,475.5],[689.8,475.1],[691,472.2],[695.1,466.2],[695.1,466.1],[694.6,466],[693.1,464],[685.8,464.6]]]}},{"type":"Feature","properties":{"GEOID":"22109","NAME":"Terrebonne","STATEFP":"22"},"geometry":{"type":"Polygon","coordinates":[[[711.7,538.7],[711.7,530],[707.6,525.7],[703.4,522.8],[698.5,522.6],[697.1,524.7],[693.5,526.8],[694.7,529.6],[692,534.1],[693.3,535],[699.3,536.5],[699.3,538.7],[701.5,539.4],[705.3,539.2],[708.7,537.9],[711.7,538.7]]]}},{"type":"Feature","properties":{"GEOID":"22111","NAME":"Union","STATEFP":"22"},"geometry":{"type":"Polygon","coordinates":[[[660.7,446.5],[660.9,452.5],[663.9,452.6],[667.2,456.4],[670,456.4],[673.9,452.8],[673.6,446.1],[660.7,446.5]]]}},{"type":"Feature","properties":{"GEOID":"22113","NAME":"Vermilion","STATEFP":"22"},"geometry":{"type":"Polygon","coordinates":[[[672,513.6],[669.2,516],[666.9,514.7],[665.1,515.2],[662.9,516.5],[665.3,516.4],[665.7,528.4],[672.4,529.3],[675.4,527.9],[677.5,528.5],[678.7,525],[678.2,517.5],[678.6,516],[673.7,513.7],[672,513.6]]]}},{"type":"Feature","properties":{"GEOID":"22115","NAME":"Vernon","STATEFP":"22"},"geometry":{"type":"Polygon","coordinates":[[[651.8,485.7],[648.7,485.8],[645.6,490.1],[646.2,493.5],[645.6,497.5],[648.4,497.1],[657.3,497],[660.4,496.5],[660,488.1],[656.9,485.9],[651.8,485.7]]]}},{"type":"Feature","properties":{"GEOID":"22117","NAME":"Washington","STATEFP":"22"},"geometry":{"type":"Polygon","coordinates":[[[720.5,491],[712,491.5],[710.2,491.7],[712.4,498.3],[717.8,499.1],[720.9,498.9],[722.6,490.8],[720.5,491]]]}},{"type":"Feature","properties":{"GEOID":"22119","NAME":"Webster","STATEFP":"22"},"geometry":{"type":"Polygon","coordinates":[[[645.1,446.8],[646.5,450.5],[647,461.1],[648.4,461.1],[652.8,459.9],[652.1,456.9],[650.8,453.8],[650.6,446.7],[645.7,446.8],[645.1,446.8]]]}},{"type":"Feature","properties":{"GEOID":"22121","NAME":"West Baton Rouge","STATEFP":"22"},"geometry":{"type":"Polygon","coordinates":[[[687.9,504.7],[691.6,508.6],[695,508.5],[693,507.7],[693.7,504.2],[691.2,502.3],[691.5,500.9],[691.2,500.9],[690.8,500.8],[689.3,504.3],[687.9,504.7]]]}},{"type":"Feature","properties":{"GEOID":"22123","NAME":"West Carroll","STATEFP":"22"},"geometry":{"type":"Polygon","coordinates":[[[686,445.6],[683.6,449.3],[682.4,453.8],[683.3,455.8],[686.3,455.6],[688.1,451.4],[688.2,448.8],[689.4,445.5],[686,445.6]]]}},{"type":"Feature","properties":{"GEOID":"22125","NAME":"West Feliciana","STATEFP":"22"},"geometry":{"type":"MultiPolygon","coordinates":[[[[683.8,493.8],[683.9,496.4],[686.8,496.2],[686.2,499.3],[689.7,498.5],[690.8,500.8],[691.2,500.9],[692.5,497.7],[693.5,492.6],[684.2,493.1],[683.8,493.8]]],[[[682.4,492.1],[681.9,492.7],[683.8,493.2],[682.4,492.1]]]]}},{"type":"Feature","properties":{"GEOID":"22127","NAME":"Winn","STATEFP":"22"},"geometry":{"type":"Polygon","coordinates":[[[657.2,467],[658.4,471.9],[656.8,477.4],[663.8,477.1],[663.8,475.1],[668.9,474.9],[669.8,471.8],[669.6,466.6],[659.6,467],[657.2,467]]]}},{"type":"Feature","properties":{"GEOID":"23001","NAME":"Androscoggin","STATEFP":"23"},"geometry":{"type":"Polygon","coordinates":[[[1023.8,118.3],[1023.8,124.3],[1022.6,129.1],[1025.2,128.2],[1029.3,130.3],[1030.2,128.3],[1029.7,124.8],[1028.1,123.3],[1025.4,117.1],[1023.8,118.3]]]}},{"type":"Feature","properties":{"GEOID":"23003","NAME":"Aroostook","STATEFP":"23"},"geometry":{"type":"Polygon","coordinates":[[[1054.6,79.3],[1053.2,73.3],[1045.4,48.1],[1042,46],[1036.6,43.8],[1034.6,45.7],[1031.7,46.9],[1027.4,50.8],[1024.8,49.9],[1023.8,46.1],[1020.6,45.9],[1013.5,66.5],[1013.9,69.4],[1018.6,68.1],[1032.7,64],[1033.9,68],[1040,66.5],[1045.4,84.6],[1051.1,81.4],[1054.6,79.3]]]}},{"type":"Feature","properties":{"GEOID":"23005","NAME":"Cumberland","STATEFP":"23"},"geometry":{"type":"Polygon","coordinates":[[[1019,135.4],[1023.4,136.6],[1025.1,138.8],[1030.4,140.8],[1031.1,139.1],[1034.9,135.3],[1033.1,129.9],[1030.2,128.3],[1029.3,130.3],[1025.2,128.2],[1022.6,129.1],[1020.5,129.4],[1019.4,126.5],[1016.7,129.6],[1019.2,131.7],[1019,135.4]]]}},{"type":"Feature","properties":{"GEOID":"23007","NAME":"Franklin","STATEFP":"23"},"geometry":{"type":"Polygon","coordinates":[[[1009.1,102.3],[1011.6,108],[1013.5,114.4],[1015.6,112.3],[1018.4,115.7],[1022.4,115.9],[1023.8,118.3],[1025.4,117.1],[1026.2,114.4],[1027.8,113.4],[1026.3,112.2],[1024.6,108.1],[1022.8,106.6],[1020.9,102.7],[1016.6,103.5],[1011.2,92.2],[1009.5,96.5],[1011.7,98.5],[1008.5,99.5],[1009.1,102.3]]]}},{"type":"Feature","properties":{"GEOID":"23009","NAME":"Hancock","STATEFP":"23"},"geometry":{"type":"Polygon","coordinates":[[[1053.6,90.2],[1049.9,92],[1051.2,94.6],[1049.3,95.6],[1048.4,98.4],[1050.7,103.1],[1045.3,106.6],[1047,111.7],[1047.2,117.7],[1050.6,119],[1052.8,118],[1055,119.9],[1057.7,118.4],[1059.4,116.2],[1059.2,112.8],[1061.9,110.1],[1060.1,107.4],[1055,97.5],[1056.8,96.5],[1053.6,90.2]]]}},{"type":"Feature","properties":{"GEOID":"23011","NAME":"Kennebec","STATEFP":"23"},"geometry":{"type":"Polygon","coordinates":[[[1025.4,117.1],[1028.1,123.3],[1029.7,124.8],[1033.6,123.3],[1035.4,123.3],[1034.5,119.7],[1036.4,117.6],[1036.3,110.3],[1034.7,109.5],[1032.1,110],[1033.3,112.7],[1027.8,113.4],[1026.2,114.4],[1025.4,117.1]]]}},{"type":"Feature","properties":{"GEOID":"23013","NAME":"Knox","STATEFP":"23"},"geometry":{"type":"Polygon","coordinates":[[[1038.1,117.5],[1041.9,122.8],[1040.9,124.4],[1041.2,127.7],[1044.5,129.1],[1046.9,126.4],[1049.7,128.3],[1051.4,128.1],[1052,125.6],[1055,119.9],[1052.8,118],[1050.6,119],[1047.2,117.7],[1045.5,118.4],[1040.1,116],[1038.1,117.5]]]}},{"type":"Feature","properties":{"GEOID":"23015","NAME":"Lincoln","STATEFP":"23"},"geometry":{"type":"Polygon","coordinates":[[[1036.4,117.6],[1034.5,119.7],[1035.4,123.3],[1033.6,123.3],[1033.5,126.2],[1035.4,126.1],[1037.9,132.6],[1040.1,130.3],[1043.9,131],[1044.5,129.1],[1041.2,127.7],[1040.9,124.4],[1041.9,122.8],[1038.1,117.5],[1036.4,117.6]]]}},{"type":"Feature","properties":{"GEOID":"23017","NAME":"Oxford","STATEFP":"23"},"geometry":{"type":"Polygon","coordinates":[[[1005,102.8],[1012.4,125.7],[1015.8,136.8],[1019,135.4],[1019.2,131.7],[1016.7,129.6],[1019.4,126.5],[1020.5,129.4],[1022.6,129.1],[1023.8,124.3],[1023.8,118.3],[1022.4,115.9],[1018.4,115.7],[1015.6,112.3],[1013.5,114.4],[1011.6,108],[1009.1,102.3],[1006.3,101.7],[1005,102.8]]]}},{"type":"Feature","properties":{"GEOID":"23019","NAME":"Penobscot","STATEFP":"23"},"geometry":{"type":"Polygon","coordinates":[[[1033.9,68],[1038.5,84.1],[1036.5,85.2],[1037.4,88.6],[1039,87.8],[1042.2,93.9],[1041.6,96.4],[1034.1,100.3],[1037.8,107.9],[1039.7,109.2],[1045.3,106.6],[1050.7,103.1],[1048.4,98.4],[1049.3,95.6],[1051.2,94.6],[1049.9,92],[1053.6,90.2],[1055.4,89.3],[1051.1,81.4],[1045.4,84.6],[1040,66.5],[1033.9,68]]]}},{"type":"Feature","properties":{"GEOID":"23021","NAME":"Piscataquis","STATEFP":"23"},"geometry":{"type":"Polygon","coordinates":[[[1018.6,68.1],[1022.3,81.6],[1023.5,84.4],[1023.2,88.3],[1025,89.4],[1024.3,91.6],[1030.2,103],[1034.1,100.3],[1041.6,96.4],[1042.2,93.9],[1039,87.8],[1037.4,88.6],[1036.5,85.2],[1038.5,84.1],[1033.9,68],[1032.7,64],[1018.6,68.1]]]}},{"type":"Feature","properties":{"GEOID":"23023","NAME":"Sagadahoc","STATEFP":"23"},"geometry":{"type":"Polygon","coordinates":[[[1029.7,124.8],[1030.2,128.3],[1033.1,129.9],[1034.9,135.3],[1037.9,132.6],[1035.4,126.1],[1033.5,126.2],[1033.6,123.3],[1029.7,124.8]]]}},{"type":"Feature","properties":{"GEOID":"23025","NAME":"Somerset","STATEFP":"23"},"geometry":{"type":"Polygon","coordinates":[[[1013.9,69.4],[1014.4,73.1],[1012.5,75.7],[1012.1,79.2],[1013.2,84.5],[1014.5,85.6],[1012.6,88.7],[1013.3,90.4],[1011.2,92.2],[1016.6,103.5],[1020.9,102.7],[1022.8,106.6],[1024.6,108.1],[1026.3,112.2],[1027.8,113.4],[1033.3,112.7],[1032.1,110],[1034.7,109.5],[1037.8,107.9],[1034.1,100.3],[1030.2,103],[1024.3,91.6],[1025,89.4],[1023.2,88.3],[1023.5,84.4],[1022.3,81.6],[1018.6,68.1],[1013.9,69.4]]]}},{"type":"Feature","properties":{"GEOID":"23027","NAME":"Waldo","STATEFP":"23"},"geometry":{"type":"Polygon","coordinates":[[[1034.7,109.5],[1036.3,110.3],[1036.4,117.6],[1038.1,117.5],[1040.1,116],[1045.5,118.4],[1047.2,117.7],[1047,111.7],[1045.3,106.6],[1039.7,109.2],[1037.8,107.9],[1034.7,109.5]]]}},{"type":"Feature","properties":{"GEOID":"23029","NAME":"Washington","STATEFP":"23"},"geometry":{"type":"Polygon","coordinates":[[[1053.6,90.2],[1056.8,96.5],[1055,97.5],[1060.1,107.4],[1061.9,110.1],[1063.5,108.4],[1067.3,107],[1068.6,104],[1071.3,101.9],[1075.4,94.7],[1073.9,94.3],[1068.5,87.8],[1065.8,89.5],[1062.7,86.8],[1062.6,84],[1060.8,82.1],[1061.6,80.4],[1054.6,79.3],[1051.1,81.4],[1055.4,89.3],[1053.6,90.2]]]}},{"type":"Feature","properties":{"GEOID":"23031","NAME":"York","STATEFP":"23"},"geometry":{"type":"Polygon","coordinates":[[[1017.7,142.4],[1018.6,146.6],[1022,148.7],[1022.7,151.3],[1028,154.9],[1029.6,149.9],[1027.2,148.4],[1027,146.1],[1028.9,144.7],[1030.4,140.8],[1025.1,138.8],[1023.4,136.6],[1019,135.4],[1015.8,136.8],[1017.7,142.4]]]}},{"type":"Feature","properties":{"GEOID":"24001","NAME":"Allegany","STATEFP":"24"},"geometry":{"type":"Polygon","coordinates":[[[901.6,261.1],[900.2,267.3],[902.3,267.8],[904.4,263.3],[907.2,264.6],[910.6,264.5],[912.5,261.2],[912,259.2],[911.3,259.4],[903.7,260.8],[901.6,261.1]]]}},{"type":"Feature","properties":{"GEOID":"24003","NAME":"Anne Arundel","STATEFP":"24"},"geometry":{"type":"Polygon","coordinates":[[[943.4,265.3],[941.4,268.4],[944.5,270.7],[945.8,276.1],[950,276.1],[950,273.8],[950.3,267.7],[949.9,265.4],[946.4,264.6],[944.7,264.5],[943.4,265.3]]]}},{"type":"Feature","properties":{"GEOID":"24005","NAME":"Baltimore","STATEFP":"24"},"geometry":{"type":"Polygon","coordinates":[[[939.4,253.9],[938.9,259.9],[939.5,262.8],[943.4,265.3],[944.7,264.5],[942.9,263.9],[942.4,261.7],[945.6,261],[946.4,264.6],[949.9,265.4],[950.5,262.9],[947.6,258.4],[944.8,257.1],[943.2,253.1],[939.4,253.9]]]}},{"type":"Feature","properties":{"GEOID":"24009","NAME":"Calvert","STATEFP":"24"},"geometry":{"type":"Polygon","coordinates":[[[945.8,276.1],[947.1,281],[947.3,281.8],[952.3,285.5],[954.4,284.5],[951.1,279.2],[950,276.1],[945.8,276.1]]]}},{"type":"Feature","properties":{"GEOID":"24011","NAME":"Caroline","STATEFP":"24"},"geometry":{"type":"Polygon","coordinates":[[[958.1,269.4],[959.6,271.6],[957.9,274.1],[959.4,275.1],[961.2,273.9],[963.9,275],[962.6,270.6],[960.6,263.4],[959.2,264.6],[958.1,269.4]]]}},{"type":"Feature","properties":{"GEOID":"24013","NAME":"Carroll","STATEFP":"24"},"geometry":{"type":"Polygon","coordinates":[[[931.8,255.4],[930.9,258.2],[934.9,260.4],[934.4,263.8],[939.5,262.8],[938.9,259.9],[939.4,253.9],[935.7,254.7],[931.8,255.4]]]}},{"type":"Feature","properties":{"GEOID":"24015","NAME":"Cecil","STATEFP":"24"},"geometry":{"type":"Polygon","coordinates":[[[957,250.2],[950.9,251.5],[949.2,251.8],[953.6,256.4],[953.4,258.6],[956.7,258.9],[959.1,258.1],[957,250.2]]]}},{"type":"Feature","properties":{"GEOID":"24017","NAME":"Charles","STATEFP":"24"},"geometry":{"type":"Polygon","coordinates":[[[936.9,281.4],[936.1,283.9],[937,287.6],[941.6,285.8],[942.5,288.2],[945.3,290.2],[945.7,287.7],[944.2,285.1],[945.4,282],[947.3,281.8],[947.1,281],[945.4,279.4],[938.9,278.5],[936.9,281.4]]]}},{"type":"Feature","properties":{"GEOID":"24019","NAME":"Dorchester","STATEFP":"24"},"geometry":{"type":"Polygon","coordinates":[[[959.4,275.1],[958.5,277.7],[954.2,276.4],[951.1,279.2],[954.4,284.5],[957.8,290.3],[960.1,289.8],[961.6,285.7],[962.6,279.1],[964.3,276.7],[963.9,275],[961.2,273.9],[959.4,275.1]]]}},{"type":"Feature","properties":{"GEOID":"24021","NAME":"Frederick","STATEFP":"24"},"geometry":{"type":"Polygon","coordinates":[[[927.4,256.3],[926.1,259],[925.5,266.2],[927.5,266.3],[929.9,267.9],[934.4,263.8],[934.9,260.4],[930.9,258.2],[931.8,255.4],[927.6,256.3],[927.4,256.3]]]}},{"type":"Feature","properties":{"GEOID":"24023","NAME":"Garrett","STATEFP":"24"},"geometry":{"type":"Polygon","coordinates":[[[891.9,262.9],[893.8,275],[897.2,271.5],[900.2,267.3],[901.6,261.1],[893.4,262.6],[891.9,262.9]]]}},{"type":"Feature","properties":{"GEOID":"24025","NAME":"Harford","STATEFP":"24"},"geometry":{"type":"Polygon","coordinates":[[[943.2,253.1],[944.8,257.1],[947.6,258.4],[950.5,262.9],[953.4,258.6],[953.6,256.4],[949.2,251.8],[949,251.9],[943.2,253.1]]]}},{"type":"Feature","properties":{"GEOID":"24027","NAME":"Howard","STATEFP":"24"},"geometry":{"type":"Polygon","coordinates":[[[934.4,263.8],[939.4,268.2],[940.4,268],[941.4,268.4],[943.4,265.3],[939.5,262.8],[934.4,263.8]]]}},{"type":"Feature","properties":{"GEOID":"24029","NAME":"Kent","STATEFP":"24"},"geometry":{"type":"Polygon","coordinates":[[[953.4,258.6],[950.5,262.9],[949.9,265.4],[950.3,267.7],[952.2,268.4],[954.2,265.7],[955.5,262.2],[959.9,261.1],[959.6,259.9],[959.1,258.1],[956.7,258.9],[953.4,258.6]]]}},{"type":"Feature","properties":{"GEOID":"24031","NAME":"Montgomery","STATEFP":"24"},"geometry":{"type":"Polygon","coordinates":[[[934.4,263.8],[929.9,267.9],[929,269.9],[930.5,271.3],[933,271.2],[937.2,273.4],[939.2,272.2],[940.4,268],[939.4,268.2],[934.4,263.8]]]}},{"type":"Feature","properties":{"GEOID":"24033","NAME":"Prince George's","STATEFP":"24"},"geometry":{"type":"Polygon","coordinates":[[[939.2,272.2],[941.2,273.6],[939.3,276.4],[939.3,276.5],[938.9,278.5],[945.4,279.4],[947.1,281],[945.8,276.1],[944.5,270.7],[941.4,268.4],[940.4,268],[939.2,272.2]]]}},{"type":"Feature","properties":{"GEOID":"24035","NAME":"Queen Anne's","STATEFP":"24"},"geometry":{"type":"Polygon","coordinates":[[[959.9,261.1],[955.5,262.2],[954.2,265.7],[952.2,268.4],[950.3,267.7],[950,273.8],[958.1,269.4],[959.2,264.6],[960.6,263.4],[959.9,261.1]]]}},{"type":"Feature","properties":{"GEOID":"24037","NAME":"St. Mary's","STATEFP":"24"},"geometry":{"type":"Polygon","coordinates":[[[947.3,281.8],[945.4,282],[944.2,285.1],[945.7,287.7],[945.3,290.2],[950.1,289.8],[952.3,292.1],[958.1,294.4],[957.8,290.3],[954.4,284.5],[952.3,285.5],[947.3,281.8]]]}},{"type":"Feature","properties":{"GEOID":"24039","NAME":"Somerset","STATEFP":"24"},"geometry":{"type":"Polygon","coordinates":[[[961.6,285.7],[960.1,289.8],[957.8,290.3],[958.1,294.4],[961.1,292.2],[963.1,292.9],[965.8,292.2],[968.6,289.6],[969.5,287.1],[967.4,282.9],[964.5,283.4],[961.6,285.7]]]}},{"type":"Feature","properties":{"GEOID":"24041","NAME":"Talbot","STATEFP":"24"},"geometry":{"type":"Polygon","coordinates":[[[958.1,269.4],[950,273.8],[950,276.1],[951.1,279.2],[954.2,276.4],[958.5,277.7],[959.4,275.1],[957.9,274.1],[959.6,271.6],[958.1,269.4]]]}},{"type":"Feature","properties":{"GEOID":"24043","NAME":"Washington","STATEFP":"24"},"geometry":{"type":"Polygon","coordinates":[[[918.1,260.6],[920.5,260.6],[922.1,262.8],[924.8,266.5],[925.5,266.2],[926.1,259],[927.4,256.3],[916.3,258.4],[912,259.2],[912.5,261.2],[915.1,259.3],[918.1,260.6]]]}},{"type":"Feature","properties":{"GEOID":"24045","NAME":"Wicomico","STATEFP":"24"},"geometry":{"type":"Polygon","coordinates":[[[964.3,276.7],[962.6,279.1],[961.6,285.7],[964.5,283.4],[967.4,282.9],[971.7,281.7],[971.3,277.9],[965,279],[964.3,276.7]]]}},{"type":"Feature","properties":{"GEOID":"24047","NAME":"Worcester","STATEFP":"24"},"geometry":{"type":"Polygon","coordinates":[[[967.4,282.9],[969.5,287.1],[968.6,289.6],[976.6,287],[977.8,278.4],[977.7,276.5],[971.3,277.9],[971.7,281.7],[967.4,282.9]]]}},{"type":"Feature","properties":{"GEOID":"24510","NAME":"Baltimore","STATEFP":"24"},"geometry":{"type":"Polygon","coordinates":[[[946.4,264.6],[945.6,261],[942.4,261.7],[942.9,263.9],[944.7,264.5],[946.4,264.6]]]}},{"type":"Feature","properties":{"GEOID":"25001","NAME":"Barnstable","STATEFP":"25"},"geometry":{"type":"Polygon","coordinates":[[[1033.4,186.7],[1038.1,186.9],[1039.5,185.1],[1043.2,183],[1044.7,185.4],[1047.4,184],[1047.8,179.9],[1046.8,176.7],[1044.7,173.3],[1042.7,171.5],[1039.6,170.9],[1037.2,172],[1037.4,174.8],[1034.5,181.8],[1033.5,186.5],[1033.4,186.7]]]}},{"type":"Feature","properties":{"GEOID":"25003","NAME":"Berkshire","STATEFP":"25"},"geometry":{"type":"Polygon","coordinates":[[[984.1,176.2],[983.8,186.6],[984.2,187.4],[984.4,187.3],[991.8,185.8],[991.1,179.3],[990.1,173.6],[989.7,170],[988.3,169.5],[984.2,170.4],[984.1,176.2]]]}},{"type":"Feature","properties":{"GEOID":"25005","NAME":"Bristol","STATEFP":"25"},"geometry":{"type":"Polygon","coordinates":[[[1020.3,179.8],[1022.6,184.3],[1025,185.8],[1026.4,186.1],[1028.6,191.2],[1029.3,191.3],[1033.4,186.7],[1033.5,186.5],[1031.7,185.8],[1030,182.7],[1026,178.8],[1024.7,175.9],[1020.3,179.8]]]}},{"type":"Feature","properties":{"GEOID":"25007","NAME":"Dukes","STATEFP":"25"},"geometry":{"type":"Polygon","coordinates":[[[1029.3,191.3],[1032.2,191.9],[1033.5,194.9],[1034.8,195.2],[1036.3,192.5],[1039.6,191.9],[1041.8,188.8],[1043.4,188.3],[1041.8,188.5],[1038.1,186.9],[1033.4,186.7],[1029.3,191.3]]]}},{"type":"Feature","properties":{"GEOID":"25009","NAME":"Essex","STATEFP":"25"},"geometry":{"type":"Polygon","coordinates":[[[1025.6,156.6],[1022.3,157.2],[1019.3,159.6],[1017.9,161.9],[1017.8,162.1],[1018.3,163.9],[1020.6,164.7],[1023.4,167.7],[1025.5,168.6],[1030,166.9],[1029.9,163.8],[1031,161.2],[1029.6,159.2],[1027.1,159.9],[1025.6,156.6]]]}},{"type":"Feature","properties":{"GEOID":"25011","NAME":"Franklin","STATEFP":"25"},"geometry":{"type":"Polygon","coordinates":[[[988.3,169.5],[989.7,170],[990.1,173.6],[992.3,174.8],[1001,174.2],[1002.5,175.7],[1000.8,166.9],[997.8,167.5],[989.9,169.2],[988.3,169.5]]]}},{"type":"Feature","properties":{"GEOID":"25013","NAME":"Hampden","STATEFP":"25"},"geometry":{"type":"Polygon","coordinates":[[[991.1,179.3],[991.8,185.8],[992.5,185.6],[1001,183.6],[1007.3,182.1],[1006.5,179.1],[1004.6,177.5],[995.4,180.9],[991.1,179.3]]]}},{"type":"Feature","properties":{"GEOID":"25015","NAME":"Hampshire","STATEFP":"25"},"geometry":{"type":"Polygon","coordinates":[[[990.1,173.6],[991.1,179.3],[995.4,180.9],[1004.6,177.5],[1002.5,175.7],[1001,174.2],[992.3,174.8],[990.1,173.6]]]}},{"type":"Feature","properties":{"GEOID":"25017","NAME":"Middlesex","STATEFP":"25"},"geometry":{"type":"Polygon","coordinates":[[[1007.2,165.5],[1008.6,166.9],[1011.7,166.7],[1014.5,168.2],[1015.6,175.9],[1017.6,176.3],[1021.6,172.1],[1022,171.5],[1021.9,170.9],[1023.4,167.7],[1020.6,164.7],[1018.3,163.9],[1017.8,162.1],[1017.4,163.1],[1007.2,165.5]]]}},{"type":"Feature","properties":{"GEOID":"25019","NAME":"Nantucket","STATEFP":"25"},"geometry":{"type":"Polygon","coordinates":[[[1039.6,191.9],[1042.2,191.3],[1046.7,192.1],[1049.8,190.3],[1049.3,188.3],[1046.9,186.1],[1043.4,188.3],[1041.8,188.8],[1039.6,191.9]]]}},{"type":"Feature","properties":{"GEOID":"25021","NAME":"Norfolk","STATEFP":"25"},"geometry":{"type":"Polygon","coordinates":[[[1021.6,172.1],[1017.6,176.3],[1018.1,179.6],[1020.3,179.8],[1024.7,175.9],[1026.9,173.8],[1025.4,170.7],[1021.6,172.1]]]}},{"type":"Feature","properties":{"GEOID":"25023","NAME":"Plymouth","STATEFP":"25"},"geometry":{"type":"Polygon","coordinates":[[[1024.7,175.9],[1026,178.8],[1030,182.7],[1031.7,185.8],[1033.5,186.5],[1034.5,181.8],[1037.4,174.8],[1037.2,172],[1032.3,172.8],[1030.1,170],[1030,167.6],[1029.7,167.7],[1028.8,168],[1026.1,168.8],[1025.4,170.7],[1026.9,173.8],[1024.7,175.9]]]}},{"type":"Feature","properties":{"GEOID":"25025","NAME":"Suffolk","STATEFP":"25"},"geometry":{"type":"Polygon","coordinates":[[[1023.4,167.7],[1021.9,170.9],[1022,171.5],[1021.6,172.1],[1025.4,170.7],[1026.1,168.8],[1028.8,168],[1029.7,167.7],[1030,167.6],[1030,166.9],[1025.5,168.6],[1023.4,167.7]]]}},{"type":"Feature","properties":{"GEOID":"25027","NAME":"Worcester","STATEFP":"25"},"geometry":{"type":"Polygon","coordinates":[[[1002.5,175.7],[1004.6,177.5],[1006.5,179.1],[1007.3,182.1],[1007.9,182],[1013.1,181.1],[1018.1,179.6],[1017.6,176.3],[1015.6,175.9],[1014.5,168.2],[1011.7,166.7],[1008.6,166.9],[1007.2,165.5],[1006.7,165.6],[1000.8,166.9],[1002.5,175.7]]]}},{"type":"Feature","properties":{"GEOID":"26001","NAME":"Alcona","STATEFP":"26"},"geometry":{"type":"Polygon","coordinates":[[[798.1,154.3],[799.1,162.4],[825,158.8],[822.5,151],[798.1,154.3]]]}},{"type":"Feature","properties":{"GEOID":"26003","NAME":"Alger","STATEFP":"26"},"geometry":{"type":"Polygon","coordinates":[[[739.4,104.9],[741.6,129.8],[749.8,129],[749.4,124.9],[753.5,124.5],[753.1,120.5],[761.2,119.7],[759.3,101],[738.1,91.1],[739.4,104.9]]]}},{"type":"Feature","properties":{"GEOID":"26005","NAME":"Allegan","STATEFP":"26"},"geometry":{"type":"Polygon","coordinates":[[[771.9,207],[750.1,209.3],[750.6,211.7],[751.4,215.7],[751.2,217.5],[773.1,215.2],[776.9,214.8],[776,206.6],[771.9,207]]]}},{"type":"Feature","properties":{"GEOID":"26007","NAME":"Alpena","STATEFP":"26"},"geometry":{"type":"Polygon","coordinates":[[[820,143],[797.2,146.2],[798.1,154.3],[822.5,151],[820,143]]]}},{"type":"Feature","properties":{"GEOID":"26009","NAME":"Antrim","STATEFP":"26"},"geometry":{"type":"Polygon","coordinates":[[[781.3,150.2],[775.2,150.9],[775,148.8],[771.1,149.3],[771,151.3],[772.3,154.8],[771.8,157.4],[774.2,158.2],[774.8,157.1],[782.2,156.2],[781.3,150.2]]]}},{"type":"Feature","properties":{"GEOID":"26011","NAME":"Arenac","STATEFP":"26"},"geometry":{"type":"Polygon","coordinates":[[[800.2,170.6],[795.5,171.2],[796,175],[798.3,176.8],[800.6,176.5],[804.2,177.9],[811.9,168.9],[800.2,170.6]]]}},{"type":"Feature","properties":{"GEOID":"26013","NAME":"Baraga","STATEFP":"26"},"geometry":{"type":"Polygon","coordinates":[[[724.8,110.4],[718.4,113.4],[716.9,115.6],[714.9,115.7],[715.7,125.8],[724.8,125.1],[724.3,119.1],[725.3,116.9],[724.8,110.4]]]}},{"type":"Feature","properties":{"GEOID":"26015","NAME":"Barry","STATEFP":"26"},"geometry":{"type":"Polygon","coordinates":[[[780,206.1],[776,206.6],[776.9,214.8],[781.2,214.3],[785.1,213.8],[784.1,205.6],[780,206.1]]]}},{"type":"Feature","properties":{"GEOID":"26017","NAME":"Bay","STATEFP":"26"},"geometry":{"type":"Polygon","coordinates":[[[796.5,179],[797.2,185.1],[799.3,185.9],[803.3,185.4],[805.4,186.1],[804.2,178],[804.2,177.9],[800.6,176.5],[798.3,176.8],[796,175],[796.5,179]]]}},{"type":"Feature","properties":{"GEOID":"26019","NAME":"Benzie","STATEFP":"26"},"geometry":{"type":"Polygon","coordinates":[[[749.7,167.7],[766.9,166.1],[766.3,160],[751,161.6],[750.5,164],[749.7,167.7]]]}},{"type":"Feature","properties":{"GEOID":"26021","NAME":"Berrien","STATEFP":"26"},"geometry":{"type":"Polygon","coordinates":[[[766.1,224.2],[765.7,220.2],[750.8,221.9],[750.6,223.9],[749.7,233.2],[754.5,232.8],[761.6,232.1],[766.8,231.6],[766.1,224.2]]]}},{"type":"Feature","properties":{"GEOID":"26023","NAME":"Branch","STATEFP":"26"},"geometry":{"type":"Polygon","coordinates":[[[782.2,222.5],[783,229.8],[784.7,229.6],[791.1,228.9],[790.2,221.5],[782.2,222.5]]]}},{"type":"Feature","properties":{"GEOID":"26025","NAME":"Calhoun","STATEFP":"26"},"geometry":{"type":"Polygon","coordinates":[[[791.1,213.1],[785.1,213.8],[781.2,214.3],[782.2,222.5],[790.2,221.5],[792.3,221.4],[791.1,213.1]]]}},{"type":"Feature","properties":{"GEOID":"26027","NAME":"Cass","STATEFP":"26"},"geometry":{"type":"Polygon","coordinates":[[[766.1,224.2],[766.8,231.6],[769.6,231.3],[774.4,230.8],[774.8,229.8],[774.1,223.4],[766.1,224.2]]]}},{"type":"Feature","properties":{"GEOID":"26029","NAME":"Charlevoix","STATEFP":"26"},"geometry":{"type":"Polygon","coordinates":[[[771.1,149.3],[775,148.8],[775.2,150.9],[781.3,150.2],[783.1,148],[782.9,145.9],[779,146.3],[773.1,140.9],[772.5,139.2],[773.5,135.3],[773,133.3],[767.5,133.6],[762.8,135.6],[763.6,141.3],[767.7,143.8],[771.1,149.3]]]}},{"type":"Feature","properties":{"GEOID":"26031","NAME":"Cheboygan","STATEFP":"26"},"geometry":{"type":"Polygon","coordinates":[[[781.4,133.8],[782.9,145.9],[783.1,148],[789.2,147.3],[791.1,147.1],[789.8,137.1],[790.3,134.1],[786.3,135.9],[781.4,133.8]]]}},{"type":"Feature","properties":{"GEOID":"26033","NAME":"Chippewa","STATEFP":"26"},"geometry":{"type":"Polygon","coordinates":[[[799.4,132.4],[802.1,126.7],[799.5,124.5],[795.3,124.7],[793.4,126.5],[790.4,122.5],[789.2,118.4],[789.5,116.4],[784.6,117.1],[782.5,118.3],[778.6,114.6],[776.4,108.9],[769.9,105.9],[772,124.6],[774.3,126.4],[786.5,124.9],[786.7,126.9],[789,128.7],[791,128.5],[791.5,133.3],[799.4,132.4]]]}},{"type":"Feature","properties":{"GEOID":"26035","NAME":"Clare","STATEFP":"26"},"geometry":{"type":"Polygon","coordinates":[[[780.1,173],[781,181.2],[789.1,180.2],[788.1,172.1],[784,172.6],[780.1,173]]]}},{"type":"Feature","properties":{"GEOID":"26037","NAME":"Clinton","STATEFP":"26"},"geometry":{"type":"Polygon","coordinates":[[[796.2,204.1],[795.1,196],[787.2,197],[788.1,205.2],[792.1,204.7],[796.2,204.1]]]}},{"type":"Feature","properties":{"GEOID":"26039","NAME":"Crawford","STATEFP":"26"},"geometry":{"type":"Polygon","coordinates":[[[782.2,156.2],[783.1,164.4],[791.1,163.5],[790.1,155.4],[782.2,156.2]]]}},{"type":"Feature","properties":{"GEOID":"26041","NAME":"Delta","STATEFP":"26"},"geometry":{"type":"Polygon","coordinates":[[[737.9,134.2],[738.8,136.2],[739.5,144.3],[742.8,144],[743.1,147.3],[743.5,146.5],[749.2,145.9],[754.2,148.2],[753.7,142.2],[753,134.9],[751.8,128.8],[749.8,129],[741.6,129.8],[739.6,130],[740,134],[737.9,134.2]]]}},{"type":"Feature","properties":{"GEOID":"26043","NAME":"Dickinson","STATEFP":"26"},"geometry":{"type":"Polygon","coordinates":[[[725.1,129.2],[725.8,136.8],[727,140],[730.6,141.1],[733.1,140.8],[732.7,136.7],[733.8,134.6],[733.3,128.5],[725.1,129.2]]]}},{"type":"Feature","properties":{"GEOID":"26045","NAME":"Eaton","STATEFP":"26"},"geometry":{"type":"Polygon","coordinates":[[[792.1,204.7],[788.1,205.2],[784.1,205.6],[785.1,213.8],[791.1,213.1],[793.2,212.9],[792.1,204.7]]]}},{"type":"Feature","properties":{"GEOID":"26047","NAME":"Emmet","STATEFP":"26"},"geometry":{"type":"Polygon","coordinates":[[[773,133.3],[773.5,135.3],[772.5,139.2],[773.1,140.9],[779,146.3],[782.9,145.9],[781.4,133.8],[773,133.3]]]}},{"type":"Feature","properties":{"GEOID":"26049","NAME":"Genesee","STATEFP":"26"},"geometry":{"type":"Polygon","coordinates":[[[810.2,191.6],[806.2,192.2],[802.2,192.7],[802.6,194.8],[803.7,203],[807.7,202.4],[807.4,200.4],[811.4,199.6],[810.2,191.6]]]}},{"type":"Feature","properties":{"GEOID":"26051","NAME":"Gladwin","STATEFP":"26"},"geometry":{"type":"Polygon","coordinates":[[[792.1,171.6],[788.1,172.1],[789.1,180.2],[796.5,179],[796,175],[795.5,171.2],[792.1,171.6]]]}},{"type":"Feature","properties":{"GEOID":"26053","NAME":"Gogebic","STATEFP":"26"},"geometry":{"type":"Polygon","coordinates":[[[689.2,118.8],[687.2,124.3],[690.5,125.7],[692.3,129.4],[695.5,130.1],[709.4,132.9],[711.2,133.8],[710.7,128.3],[704.6,128.7],[704.4,124.6],[698.3,125.1],[696.1,123.2],[695.9,119.1],[693.7,119.3],[693.3,113.8],[691.5,112.9],[689.2,118.8]]]}},{"type":"Feature","properties":{"GEOID":"26055","NAME":"Grand Traverse","STATEFP":"26"},"geometry":{"type":"Polygon","coordinates":[[[766.3,160],[766.9,166.1],[775,165.3],[774.2,158.2],[771.8,157.4],[772.3,154.8],[771,151.3],[770,153.1],[769.6,159.7],[766.3,160]]]}},{"type":"Feature","properties":{"GEOID":"26057","NAME":"Gratiot","STATEFP":"26"},"geometry":{"type":"Polygon","coordinates":[[[786,188.9],[787.2,197],[795.1,196],[795.1,195.8],[794.1,187.9],[790.1,188.4],[786,188.9]]]}},{"type":"Feature","properties":{"GEOID":"26059","NAME":"Hillsdale","STATEFP":"26"},"geometry":{"type":"Polygon","coordinates":[[[790.2,221.5],[791.1,228.9],[791.6,230.3],[798.7,229.3],[799.3,229.2],[798.2,220.6],[792.3,221.4],[790.2,221.5]]]}},{"type":"Feature","properties":{"GEOID":"26061","NAME":"Houghton","STATEFP":"26"},"geometry":{"type":"Polygon","coordinates":[[[709.4,101.5],[710.9,118.1],[710.2,120.1],[710.6,126.2],[715.7,125.8],[714.9,115.7],[716.9,115.6],[718.4,113.4],[724.8,110.4],[724.4,106.8],[720.4,107.1],[720.2,105.1],[716.8,105.4],[709.4,101.5]]]}},{"type":"Feature","properties":{"GEOID":"26063","NAME":"Huron","STATEFP":"26"},"geometry":{"type":"Polygon","coordinates":[[[811.9,168.9],[804.2,177.9],[804.2,178],[808.5,179.8],[808.7,181.2],[814.6,180.2],[830.9,177.5],[827.6,166.9],[811.9,168.9]]]}},{"type":"Feature","properties":{"GEOID":"26065","NAME":"Ingham","STATEFP":"26"},"geometry":{"type":"Polygon","coordinates":[[[792.1,204.7],[793.2,212.9],[801,211.8],[799.7,203.6],[796.2,204.1],[792.1,204.7]]]}},{"type":"Feature","properties":{"GEOID":"26067","NAME":"Ionia","STATEFP":"26"},"geometry":{"type":"Polygon","coordinates":[[[787.2,197],[779.1,197.9],[780,206.1],[784.1,205.6],[788.1,205.2],[787.2,197]]]}},{"type":"Feature","properties":{"GEOID":"26069","NAME":"Iosco","STATEFP":"26"},"geometry":{"type":"Polygon","coordinates":[[[800.2,170.6],[811.9,168.9],[827.6,166.9],[825,158.8],[799.1,162.4],[800.2,170.6]]]}},{"type":"Feature","properties":{"GEOID":"26071","NAME":"Iron","STATEFP":"26"},"geometry":{"type":"Polygon","coordinates":[[[710.6,126.2],[710.7,128.3],[711.2,133.8],[712.1,134.3],[716.3,135.3],[719.2,135],[725.8,136.8],[725.1,129.2],[724.8,125.1],[715.7,125.8],[710.6,126.2]]]}},{"type":"Feature","properties":{"GEOID":"26073","NAME":"Isabella","STATEFP":"26"},"geometry":{"type":"Polygon","coordinates":[[[789.1,180.2],[781,181.2],[782,189.3],[786,188.9],[790.1,188.4],[789.1,180.2]]]}},{"type":"Feature","properties":{"GEOID":"26075","NAME":"Jackson","STATEFP":"26"},"geometry":{"type":"Polygon","coordinates":[[[791.1,213.1],[792.3,221.4],[798.2,220.6],[802.2,220.1],[801.2,211.8],[801,211.8],[793.2,212.9],[791.1,213.1]]]}},{"type":"Feature","properties":{"GEOID":"26077","NAME":"Kalamazoo","STATEFP":"26"},"geometry":{"type":"Polygon","coordinates":[[[773.1,215.2],[774.1,223.4],[782.2,222.5],[781.2,214.3],[776.9,214.8],[773.1,215.2]]]}},{"type":"Feature","properties":{"GEOID":"26079","NAME":"Kalkaska","STATEFP":"26"},"geometry":{"type":"Polygon","coordinates":[[[774.2,158.2],[775,165.3],[783.1,164.4],[782.2,156.2],[774.8,157.1],[774.2,158.2]]]}},{"type":"Feature","properties":{"GEOID":"26081","NAME":"Kent","STATEFP":"26"},"geometry":{"type":"Polygon","coordinates":[[[770.7,196.8],[771.9,207],[776,206.6],[780,206.1],[779.1,197.9],[778.6,193.8],[774.4,194.3],[770.5,194.7],[770.7,196.8]]]}},{"type":"Feature","properties":{"GEOID":"26083","NAME":"Keweenaw","STATEFP":"26"},"geometry":{"type":"Polygon","coordinates":[[[709.4,101.5],[716.8,105.4],[720.2,105.1],[720.4,107.1],[724.4,106.8],[724.4,106.4],[739.4,104.9],[738.1,91.1],[717.2,81.5],[712.4,83.3],[702.4,90.3],[700,89.6],[697.4,96.8],[709.4,101.5]]]}},{"type":"Feature","properties":{"GEOID":"26085","NAME":"Lake","STATEFP":"26"},"geometry":{"type":"Polygon","coordinates":[[[764,174.7],[765,182.9],[773,182],[772.1,173.8],[767.8,174.3],[764,174.7]]]}},{"type":"Feature","properties":{"GEOID":"26087","NAME":"Lapeer","STATEFP":"26"},"geometry":{"type":"Polygon","coordinates":[[[810.2,191.6],[811.4,199.6],[817.4,198.6],[819.4,198.2],[818.3,192.2],[817.8,189.1],[815.7,188.4],[811.7,189],[810.2,191.6]]]}},{"type":"Feature","properties":{"GEOID":"26089","NAME":"Leelanau","STATEFP":"26"},"geometry":{"type":"Polygon","coordinates":[[[766.3,160],[769.6,159.7],[770,153.1],[771,151.3],[771.1,149.3],[767.7,143.8],[763.6,141.3],[753.7,142.2],[754.2,148.2],[758,150],[754.2,154],[751.6,159],[751,161.6],[766.3,160]]]}},{"type":"Feature","properties":{"GEOID":"26091","NAME":"Lenawee","STATEFP":"26"},"geometry":{"type":"Polygon","coordinates":[[[798.2,220.6],[799.3,229.2],[807.6,227.8],[809.7,227.5],[808.4,219.1],[802.2,220.1],[798.2,220.6]]]}},{"type":"Feature","properties":{"GEOID":"26093","NAME":"Livingston","STATEFP":"26"},"geometry":{"type":"Polygon","coordinates":[[[807.7,202.4],[803.7,203],[799.7,203.6],[801,211.8],[801.2,211.8],[809.2,210.6],[807.7,202.4]]]}},{"type":"Feature","properties":{"GEOID":"26095","NAME":"Luce","STATEFP":"26"},"geometry":{"type":"Polygon","coordinates":[[[759.3,101],[761.2,119.7],[761.8,125.7],[772,124.6],[769.9,105.9],[759.3,101]]]}},{"type":"Feature","properties":{"GEOID":"26097","NAME":"Mackinac","STATEFP":"26"},"geometry":{"type":"Polygon","coordinates":[[[761.8,125.7],[762.8,135.6],[767.5,133.6],[773,133.3],[781.4,133.8],[786.3,135.9],[790.3,134.1],[791.5,133.3],[791,128.5],[789,128.7],[786.7,126.9],[786.5,124.9],[774.3,126.4],[772,124.6],[761.8,125.7]]]}},{"type":"Feature","properties":{"GEOID":"26099","NAME":"Macomb","STATEFP":"26"},"geometry":{"type":"Polygon","coordinates":[[[825.2,207.4],[823.5,197.6],[819.4,198.2],[817.4,198.6],[819.1,208.9],[824.8,208],[825.2,207.4]]]}},{"type":"Feature","properties":{"GEOID":"26101","NAME":"Manistee","STATEFP":"26"},"geometry":{"type":"Polygon","coordinates":[[[766.9,166.1],[749.7,167.7],[748.9,172.3],[748.1,175.9],[764,174.7],[767.8,174.3],[766.9,166.1]]]}},{"type":"Feature","properties":{"GEOID":"26103","NAME":"Marquette","STATEFP":"26"},"geometry":{"type":"Polygon","coordinates":[[[724.8,110.4],[725.3,116.9],[724.3,119.1],[724.8,125.1],[725.1,129.2],[733.3,128.5],[733.8,134.6],[737.9,134.2],[740,134],[739.6,130],[741.6,129.8],[739.4,104.9],[724.4,106.4],[724.4,106.8],[724.8,110.4]]]}},{"type":"Feature","properties":{"GEOID":"26105","NAME":"Mason","STATEFP":"26"},"geometry":{"type":"Polygon","coordinates":[[[764,174.7],[748.1,175.9],[747.3,182.8],[747.2,184.6],[765,182.9],[764,174.7]]]}},{"type":"Feature","properties":{"GEOID":"26107","NAME":"Mecosta","STATEFP":"26"},"geometry":{"type":"Polygon","coordinates":[[[773,182],[773.9,190.2],[782,189.3],[781,181.2],[773,182]]]}},{"type":"Feature","properties":{"GEOID":"26109","NAME":"Menominee","STATEFP":"26"},"geometry":{"type":"Polygon","coordinates":[[[737.9,134.2],[733.8,134.6],[732.7,136.7],[733.1,140.8],[730.6,141.1],[732,143.8],[730.7,149.5],[734.7,149.7],[733.5,153.7],[734.9,155.2],[738.6,155.6],[739,152.6],[740.4,151.6],[743.1,147.3],[742.8,144],[739.5,144.3],[738.8,136.2],[737.9,134.2]]]}},{"type":"Feature","properties":{"GEOID":"26111","NAME":"Midland","STATEFP":"26"},"geometry":{"type":"Polygon","coordinates":[[[789.1,180.2],[790.1,188.4],[794.1,187.9],[797.4,187.1],[797.2,185.1],[796.5,179],[789.1,180.2]]]}},{"type":"Feature","properties":{"GEOID":"26113","NAME":"Missaukee","STATEFP":"26"},"geometry":{"type":"Polygon","coordinates":[[[775,165.3],[775.9,173.4],[780.1,173],[784,172.6],[783.1,164.4],[775,165.3]]]}},{"type":"Feature","properties":{"GEOID":"26115","NAME":"Monroe","STATEFP":"26"},"geometry":{"type":"Polygon","coordinates":[[[808.4,219.1],[809.7,227.5],[815.6,226.4],[820.2,220.4],[819.4,218.9],[816.6,217.7],[812.4,218.5],[808.4,219.1]]]}},{"type":"Feature","properties":{"GEOID":"26117","NAME":"Montcalm","STATEFP":"26"},"geometry":{"type":"Polygon","coordinates":[[[774.4,194.3],[778.6,193.8],[779.1,197.9],[787.2,197],[786,188.9],[782,189.3],[773.9,190.2],[774.4,194.3]]]}},{"type":"Feature","properties":{"GEOID":"26119","NAME":"Montmorency","STATEFP":"26"},"geometry":{"type":"Polygon","coordinates":[[[789.2,147.3],[790.1,155.4],[798.1,154.3],[797.2,146.2],[791.1,147.1],[789.2,147.3]]]}},{"type":"Feature","properties":{"GEOID":"26121","NAME":"Muskegon","STATEFP":"26"},"geometry":{"type":"Polygon","coordinates":[[[770.5,194.7],[766.3,195.2],[765.8,191.1],[747.1,192.8],[748.1,199.4],[748.5,201.1],[768.9,199],[770.7,196.8],[770.5,194.7]]]}},{"type":"Feature","properties":{"GEOID":"26123","NAME":"Newaygo","STATEFP":"26"},"geometry":{"type":"Polygon","coordinates":[[[765,182.9],[765.8,191.1],[766.3,195.2],[770.5,194.7],[774.4,194.3],[773.9,190.2],[773,182],[765,182.9]]]}},{"type":"Feature","properties":{"GEOID":"26125","NAME":"Oakland","STATEFP":"26"},"geometry":{"type":"Polygon","coordinates":[[[807.7,202.4],[809.2,210.6],[811.1,210.3],[819.1,208.9],[817.4,198.6],[811.4,199.6],[807.4,200.4],[807.7,202.4]]]}},{"type":"Feature","properties":{"GEOID":"26127","NAME":"Oceana","STATEFP":"26"},"geometry":{"type":"Polygon","coordinates":[[[765,182.9],[747.2,184.6],[747.1,191.2],[747.1,192.8],[765.8,191.1],[765,182.9]]]}},{"type":"Feature","properties":{"GEOID":"26129","NAME":"Ogemaw","STATEFP":"26"},"geometry":{"type":"Polygon","coordinates":[[[799.1,162.4],[791.1,163.5],[792.1,171.6],[795.5,171.2],[800.2,170.6],[799.1,162.4]]]}},{"type":"Feature","properties":{"GEOID":"26131","NAME":"Ontonagon","STATEFP":"26"},"geometry":{"type":"Polygon","coordinates":[[[691.5,112.9],[693.3,113.8],[693.7,119.3],[695.9,119.1],[696.1,123.2],[698.3,125.1],[704.4,124.6],[704.6,128.7],[710.7,128.3],[710.6,126.2],[710.2,120.1],[710.9,118.1],[709.4,101.5],[697.4,96.8],[693.6,106.9],[691.5,112.9]]]}},{"type":"Feature","properties":{"GEOID":"26133","NAME":"Osceola","STATEFP":"26"},"geometry":{"type":"Polygon","coordinates":[[[772.1,173.8],[773,182],[781,181.2],[780.1,173],[775.9,173.4],[772.1,173.8]]]}},{"type":"Feature","properties":{"GEOID":"26135","NAME":"Oscoda","STATEFP":"26"},"geometry":{"type":"Polygon","coordinates":[[[798.1,154.3],[790.1,155.4],[791.1,163.5],[799.1,162.4],[798.1,154.3]]]}},{"type":"Feature","properties":{"GEOID":"26137","NAME":"Otsego","STATEFP":"26"},"geometry":{"type":"Polygon","coordinates":[[[783.1,148],[781.3,150.2],[782.2,156.2],[790.1,155.4],[789.2,147.3],[783.1,148]]]}},{"type":"Feature","properties":{"GEOID":"26139","NAME":"Ottawa","STATEFP":"26"},"geometry":{"type":"Polygon","coordinates":[[[770.7,196.8],[768.9,199],[748.5,201.1],[749.7,207.5],[750.1,209.3],[771.9,207],[770.7,196.8]]]}},{"type":"Feature","properties":{"GEOID":"26141","NAME":"Presque Isle","STATEFP":"26"},"geometry":{"type":"Polygon","coordinates":[[[790.3,134.1],[789.8,137.1],[791.1,147.1],[797.2,146.2],[820,143],[819.1,140.1],[801.9,132.1],[799.4,132.4],[791.5,133.3],[790.3,134.1]]]}},{"type":"Feature","properties":{"GEOID":"26143","NAME":"Roscommon","STATEFP":"26"},"geometry":{"type":"Polygon","coordinates":[[[791.1,163.5],[783.1,164.4],[784,172.6],[788.1,172.1],[792.1,171.6],[791.1,163.5]]]}},{"type":"Feature","properties":{"GEOID":"26145","NAME":"Saginaw","STATEFP":"26"},"geometry":{"type":"Polygon","coordinates":[[[794.1,187.9],[795.1,195.8],[802.6,194.8],[802.2,192.7],[806.2,192.2],[805.4,186.1],[803.3,185.4],[799.3,185.9],[797.2,185.1],[797.4,187.1],[794.1,187.9]]]}},{"type":"Feature","properties":{"GEOID":"26147","NAME":"St. Clair","STATEFP":"26"},"geometry":{"type":"Polygon","coordinates":[[[829.5,190.2],[818.3,192.2],[819.4,198.2],[823.5,197.6],[825.2,207.4],[828.1,203.9],[828.6,200.1],[828.2,196.2],[829.5,190.2]]]}},{"type":"Feature","properties":{"GEOID":"26149","NAME":"St. Joseph","STATEFP":"26"},"geometry":{"type":"Polygon","coordinates":[[[774.1,223.4],[774.8,229.8],[774.4,230.8],[776.6,230.6],[783,229.8],[782.2,222.5],[774.1,223.4]]]}},{"type":"Feature","properties":{"GEOID":"26151","NAME":"Sanilac","STATEFP":"26"},"geometry":{"type":"Polygon","coordinates":[[[814.6,180.2],[815.7,188.4],[817.8,189.1],[818.3,192.2],[829.5,190.2],[831.6,179.8],[830.9,177.5],[814.6,180.2]]]}},{"type":"Feature","properties":{"GEOID":"26153","NAME":"Schoolcraft","STATEFP":"26"},"geometry":{"type":"Polygon","coordinates":[[[761.2,119.7],[753.1,120.5],[753.5,124.5],[749.4,124.9],[749.8,129],[751.8,128.8],[753,134.9],[753.7,142.2],[763.6,141.3],[762.8,135.6],[761.8,125.7],[761.2,119.7]]]}},{"type":"Feature","properties":{"GEOID":"26155","NAME":"Shiawassee","STATEFP":"26"},"geometry":{"type":"Polygon","coordinates":[[[795.1,196],[796.2,204.1],[799.7,203.6],[803.7,203],[802.6,194.8],[795.1,195.8],[795.1,196]]]}},{"type":"Feature","properties":{"GEOID":"26157","NAME":"Tuscola","STATEFP":"26"},"geometry":{"type":"Polygon","coordinates":[[[805.4,186.1],[806.2,192.2],[810.2,191.6],[811.7,189],[815.7,188.4],[814.6,180.2],[808.7,181.2],[808.5,179.8],[804.2,178],[805.4,186.1]]]}},{"type":"Feature","properties":{"GEOID":"26159","NAME":"Van Buren","STATEFP":"26"},"geometry":{"type":"Polygon","coordinates":[[[773.1,215.2],[751.2,217.5],[750.8,221.9],[765.7,220.2],[766.1,224.2],[774.1,223.4],[773.1,215.2]]]}},{"type":"Feature","properties":{"GEOID":"26161","NAME":"Washtenaw","STATEFP":"26"},"geometry":{"type":"Polygon","coordinates":[[[801.2,211.8],[802.2,220.1],[808.4,219.1],[812.4,218.5],[811.1,210.3],[809.2,210.6],[801.2,211.8]]]}},{"type":"Feature","properties":{"GEOID":"26163","NAME":"Wayne","STATEFP":"26"},"geometry":{"type":"Polygon","coordinates":[[[819.1,208.9],[811.1,210.3],[812.4,218.5],[816.6,217.7],[819.4,218.9],[819,213.9],[819.9,211.9],[823.7,210.1],[824.8,208],[819.1,208.9]]]}},{"type":"Feature","properties":{"GEOID":"26165","NAME":"Wexford","STATEFP":"26"},"geometry":{"type":"Polygon","coordinates":[[[766.9,166.1],[767.8,174.3],[772.1,173.8],[775.9,173.4],[775,165.3],[766.9,166.1]]]}},{"type":"Feature","properties":{"GEOID":"27001","NAME":"Aitkin","STATEFP":"27"},"geometry":{"type":"Polygon","coordinates":[[[632.4,121],[632,126.2],[632.4,134.2],[638.4,133.9],[638.4,136.1],[644.6,135.8],[644.4,129.7],[644,121.6],[643.9,115.5],[632.3,115.7],[632.4,121]]]}},{"type":"Feature","properties":{"GEOID":"27003","NAME":"Anoka","STATEFP":"27"},"geometry":{"type":"Polygon","coordinates":[[[637.6,153.5],[637.7,157.5],[641.1,159.8],[642.5,162.3],[642.5,160.2],[645.9,160.1],[645.8,156.1],[645.7,153.4],[637.6,153.5]]]}},{"type":"Feature","properties":{"GEOID":"27005","NAME":"Becker","STATEFP":"27"},"geometry":{"type":"Polygon","coordinates":[[[593.2,113.3],[593.5,123.5],[609.9,123.4],[609.9,121.4],[609.8,113.2],[603.6,113.3],[595.3,113.3],[593.2,113.3]]]}},{"type":"Feature","properties":{"GEOID":"27007","NAME":"Beltrami","STATEFP":"27"},"geometry":{"type":"Polygon","coordinates":[[[602.6,80.9],[602.8,89.4],[603,93],[608.6,92.9],[607.9,95.2],[609.2,96.4],[609.5,107.1],[617.7,107.1],[621.8,106.2],[621.6,96.9],[621.2,84.7],[608.9,84.9],[608.8,80.8],[606.7,80.8],[602.6,80.9]]]}},{"type":"Feature","properties":{"GEOID":"27009","NAME":"Benton","STATEFP":"27"},"geometry":{"type":"Polygon","coordinates":[[[624.8,145.3],[626.9,150.4],[633.4,150.2],[633.2,144],[623.5,144.2],[624.8,145.3]]]}},{"type":"Feature","properties":{"GEOID":"27011","NAME":"Big Stone","STATEFP":"27"},"geometry":{"type":"Polygon","coordinates":[[[582.6,150],[585.1,154.1],[588.6,156.1],[588.8,157.5],[591.7,158],[594.6,159.7],[594.4,154.1],[592.4,154.1],[592.2,150],[582.6,150]]]}},{"type":"Feature","properties":{"GEOID":"27013","NAME":"Blue Earth","STATEFP":"27"},"geometry":{"type":"Polygon","coordinates":[[[623.8,180.9],[623.9,184.6],[624,190.7],[626.1,190.7],[634.2,190.5],[634,182.3],[629.9,181.4],[629.1,183.4],[623.8,180.9]]]}},{"type":"Feature","properties":{"GEOID":"27015","NAME":"Brown","STATEFP":"27"},"geometry":{"type":"Polygon","coordinates":[[[615.4,175.5],[615.5,180.6],[611.4,180.7],[611.4,182.7],[611.6,184.8],[615.6,184.7],[623.9,184.6],[623.8,180.9],[621.7,178.9],[616.8,176.5],[615.4,175.5]]]}},{"type":"Feature","properties":{"GEOID":"27017","NAME":"Carlton","STATEFP":"27"},"geometry":{"type":"Polygon","coordinates":[[[644,121.6],[644.4,129.7],[656.8,129.3],[656.6,123.5],[656.4,121.2],[644,121.6]]]}},{"type":"Feature","properties":{"GEOID":"27019","NAME":"Carver","STATEFP":"27"},"geometry":{"type":"Polygon","coordinates":[[[629.5,164],[629.7,170.1],[633.8,171.9],[637.8,167.9],[637.7,165.8],[633.6,165.9],[633.6,163.9],[629.5,164]]]}},{"type":"Feature","properties":{"GEOID":"27021","NAME":"Cass","STATEFP":"27"},"geometry":{"type":"Polygon","coordinates":[[[617.7,107.1],[618.1,121.3],[616,121.3],[616.3,130.9],[617.1,131.5],[618.4,132],[623.5,133.5],[623.2,121.2],[632.4,121],[632.3,115.7],[632.2,109.9],[628.1,108.3],[626.6,105.3],[623.2,106.9],[621.8,106.2],[617.7,107.1]]]}},{"type":"Feature","properties":{"GEOID":"27023","NAME":"Chippewa","STATEFP":"27"},"geometry":{"type":"Polygon","coordinates":[[[608.9,166.3],[608.9,160.2],[595.8,160.2],[600.8,165.3],[605,169.6],[605,166.4],[608.9,166.3]]]}},{"type":"Feature","properties":{"GEOID":"27025","NAME":"Chisago","STATEFP":"27"},"geometry":{"type":"Polygon","coordinates":[[[643.5,145.9],[643.6,150],[645.6,149.9],[645.7,153.4],[645.8,156.1],[650.3,155.9],[651.9,152.4],[647.7,147.8],[648.4,145.8],[643.5,145.9]]]}},{"type":"Feature","properties":{"GEOID":"27027","NAME":"Clay","STATEFP":"27"},"geometry":{"type":"Polygon","coordinates":[[[582.8,113.3],[582.9,116.6],[584,118.3],[583.4,125.5],[583.6,125.4],[591.8,125.5],[593.5,123.5],[593.2,113.3],[582.8,113.3]]]}},{"type":"Feature","properties":{"GEOID":"27029","NAME":"Clearwater","STATEFP":"27"},"geometry":{"type":"Polygon","coordinates":[[[603,95],[603.5,105.1],[603.6,113.3],[609.8,113.2],[609.5,107.1],[609.2,96.4],[607.9,95.2],[608.6,92.9],[603,93],[603,95]]]}},{"type":"Feature","properties":{"GEOID":"27031","NAME":"Cook","STATEFP":"27"},"geometry":{"type":"Polygon","coordinates":[[[675.2,87],[676.2,103.9],[680.2,108.8],[682.3,107.2],[693.6,106.9],[697.4,96.8],[700,89.6],[694.7,89.9],[693.5,90.6],[689.6,88],[685.8,88.7],[679.6,88.9],[677.5,85.5],[675.2,87]]]}},{"type":"Feature","properties":{"GEOID":"27033","NAME":"Cottonwood","STATEFP":"27"},"geometry":{"type":"Polygon","coordinates":[[[605.4,182.7],[605.5,191],[605.6,191],[615.7,190.9],[615.6,184.7],[611.6,184.8],[611.4,182.7],[605.4,182.7]]]}},{"type":"Feature","properties":{"GEOID":"27035","NAME":"Crow Wing","STATEFP":"27"},"geometry":{"type":"Polygon","coordinates":[[[632.4,121],[623.2,121.2],[623.5,133.5],[623,136.4],[632.2,136.2],[632.4,134.2],[632,126.2],[632.4,121]]]}},{"type":"Feature","properties":{"GEOID":"27037","NAME":"Dakota","STATEFP":"27"},"geometry":{"type":"Polygon","coordinates":[[[641,168.1],[642,173.9],[642,175.6],[646.1,175.5],[648,173.7],[650.2,173.7],[651,169.6],[649.8,168.9],[646.4,168.4],[646.1,165.6],[643.5,165.7],[641,168.1]]]}},{"type":"Feature","properties":{"GEOID":"27039","NAME":"Dodge","STATEFP":"27"},"geometry":{"type":"Polygon","coordinates":[[[646.2,182],[646.4,190.2],[652.5,190],[652.4,181.8],[646.2,182]]]}},{"type":"Feature","properties":{"GEOID":"27041","NAME":"Douglas","STATEFP":"27"},"geometry":{"type":"Polygon","coordinates":[[[600.1,137.8],[600.3,145.9],[610.5,145.9],[610.5,145.6],[610.4,137.7],[600.1,137.8]]]}},{"type":"Feature","properties":{"GEOID":"27043","NAME":"Faribault","STATEFP":"27"},"geometry":{"type":"Polygon","coordinates":[[[626.1,190.7],[626.2,198.9],[630.9,198.8],[636.4,198.7],[636.2,190.5],[634.2,190.5],[626.1,190.7]]]}},{"type":"Feature","properties":{"GEOID":"27045","NAME":"Fillmore","STATEFP":"27"},"geometry":{"type":"Polygon","coordinates":[[[662.8,189.6],[656.5,190.2],[656.8,198.1],[663.1,197.8],[669.1,197.5],[668.7,189.4],[662.8,189.6]]]}},{"type":"Feature","properties":{"GEOID":"27047","NAME":"Freeborn","STATEFP":"27"},"geometry":{"type":"Polygon","coordinates":[[[636.2,190.5],[636.4,198.7],[639,198.6],[646.6,198.4],[646.4,190.2],[640.3,190.4],[636.2,190.5]]]}},{"type":"Feature","properties":{"GEOID":"27049","NAME":"Goodhue","STATEFP":"27"},"geometry":{"type":"Polygon","coordinates":[[[651,169.6],[650.2,173.7],[648,173.7],[646.1,175.5],[646.2,182],[652.4,181.8],[654.5,181.7],[654.4,177.6],[656.3,175.5],[659.5,175.4],[658.2,173.4],[653,171.9],[651,169.6]]]}},{"type":"Feature","properties":{"GEOID":"27051","NAME":"Grant","STATEFP":"27"},"geometry":{"type":"Polygon","coordinates":[[[592,139.8],[592.2,145.9],[600.3,145.9],[600.1,137.8],[592,137.7],[592,139.8]]]}},{"type":"Feature","properties":{"GEOID":"27053","NAME":"Hennepin","STATEFP":"27"},"geometry":{"type":"Polygon","coordinates":[[[637.5,157.5],[635.3,158.8],[633.5,162],[633.6,163.9],[633.6,165.9],[637.7,165.8],[637.8,167.9],[641,168.1],[643.5,165.7],[642.5,162.3],[641.1,159.8],[637.7,157.5],[637.5,157.5]]]}},{"type":"Feature","properties":{"GEOID":"27055","NAME":"Houston","STATEFP":"27"},"geometry":{"type":"Polygon","coordinates":[[[668.7,189.4],[669.1,197.5],[671.1,197.5],[677.8,197.1],[676.9,191.9],[676.3,189],[668.7,189.4]]]}},{"type":"Feature","properties":{"GEOID":"27057","NAME":"Hubbard","STATEFP":"27"},"geometry":{"type":"Polygon","coordinates":[[[609.5,107.1],[609.8,113.2],[609.9,121.4],[616,121.3],[618.1,121.3],[617.7,107.1],[609.5,107.1]]]}},{"type":"Feature","properties":{"GEOID":"27059","NAME":"Isanti","STATEFP":"27"},"geometry":{"type":"Polygon","coordinates":[[[637.5,150.1],[637.6,153.5],[645.7,153.4],[645.6,149.9],[643.6,150],[643.5,145.9],[637.3,146],[637.5,150.1]]]}},{"type":"Feature","properties":{"GEOID":"27061","NAME":"Itasca","STATEFP":"27"},"geometry":{"type":"Polygon","coordinates":[[[643.9,115.5],[643.3,99.3],[642.9,95.3],[631.8,95.4],[631.9,96.6],[621.6,96.9],[621.8,106.2],[623.2,106.9],[626.6,105.3],[628.1,108.3],[632.2,109.9],[632.3,115.7],[643.9,115.5]]]}},{"type":"Feature","properties":{"GEOID":"27063","NAME":"Jackson","STATEFP":"27"},"geometry":{"type":"Polygon","coordinates":[[[605.6,191],[605.7,199.2],[606.8,199.2],[614.9,199.1],[615.9,199.1],[615.8,190.9],[615.7,190.9],[605.6,191]]]}},{"type":"Feature","properties":{"GEOID":"27065","NAME":"Kanabec","STATEFP":"27"},"geometry":{"type":"Polygon","coordinates":[[[638.4,136.1],[638.5,140.2],[637.1,140.2],[637.3,146],[643.5,145.9],[643.3,140],[644.7,140],[644.6,135.8],[638.4,136.1]]]}},{"type":"Feature","properties":{"GEOID":"27067","NAME":"Kandiyohi","STATEFP":"27"},"geometry":{"type":"Polygon","coordinates":[[[608.7,154.1],[608.9,160.2],[608.9,166.3],[617.1,166.2],[616.9,156],[616.9,154],[610.7,154],[608.7,154.1]]]}},{"type":"Feature","properties":{"GEOID":"27069","NAME":"Kittson","STATEFP":"27"},"geometry":{"type":"Polygon","coordinates":[[[577.1,70],[578.9,77.3],[578,80.7],[590.2,80.8],[590,70.2],[577.1,70]]]}},{"type":"Feature","properties":{"GEOID":"27071","NAME":"Koochiching","STATEFP":"27"},"geometry":{"type":"Polygon","coordinates":[[[642.3,78.1],[640.4,77.8],[636.3,80.2],[631.2,81],[630.3,78.4],[624,78],[621.1,76.9],[621.2,84.7],[621.6,96.9],[631.9,96.6],[631.8,95.4],[642.9,95.3],[642.5,91.2],[642.3,78.1]]]}},{"type":"Feature","properties":{"GEOID":"27073","NAME":"Lac qui Parle","STATEFP":"27"},"geometry":{"type":"Polygon","coordinates":[[[588.8,157.5],[588.8,164.3],[588.8,168.4],[598.9,168.4],[598.9,166.4],[600.8,165.3],[595.8,160.2],[594.6,159.7],[591.7,158],[588.8,157.5]]]}},{"type":"Feature","properties":{"GEOID":"27075","NAME":"Lake","STATEFP":"27"},"geometry":{"type":"Polygon","coordinates":[[[663,87.3],[663.9,102.7],[664.5,120.1],[668.4,117.7],[679,109.7],[680.2,108.8],[676.2,103.9],[675.2,87],[671.9,89.6],[669.1,90.6],[664.5,89.3],[663,87.3]]]}},{"type":"Feature","properties":{"GEOID":"27077","NAME":"Lake of the Woods","STATEFP":"27"},"geometry":{"type":"Polygon","coordinates":[[[607,70.2],[608.4,72.9],[610.6,72],[610.7,76.8],[606.7,76.8],[606.7,80.8],[608.8,80.8],[608.9,84.9],[621.2,84.7],[621.1,76.9],[617,75.2],[617,72.7],[614.7,63.2],[612.7,61.5],[609.6,61.2],[609.6,70.1],[607,70.2]]]}},{"type":"Feature","properties":{"GEOID":"27079","NAME":"Le Sueur","STATEFP":"27"},"geometry":{"type":"Polygon","coordinates":[[[637.9,174],[631.4,174.2],[631.1,176.2],[631.1,179],[629.9,181.4],[634,182.3],[638.1,182.2],[637.9,174]]]}},{"type":"Feature","properties":{"GEOID":"27081","NAME":"Lincoln","STATEFP":"27"},"geometry":{"type":"Polygon","coordinates":[[[588.8,174.6],[588.7,182.7],[595,182.8],[594.8,172.5],[588.8,172.5],[588.8,174.6]]]}},{"type":"Feature","properties":{"GEOID":"27083","NAME":"Lyon","STATEFP":"27"},"geometry":{"type":"Polygon","coordinates":[[[603.2,174.6],[603,172.5],[594.8,172.5],[595,182.8],[595.3,182.8],[603.2,182.8],[603.2,174.6]]]}},{"type":"Feature","properties":{"GEOID":"27085","NAME":"McLeod","STATEFP":"27"},"geometry":{"type":"Polygon","coordinates":[[[621.4,166.2],[621.5,170.3],[621.5,172.3],[625.6,172.3],[625.6,170.2],[629.7,170.1],[629.5,164],[625.4,164],[621.3,164.1],[621.4,166.2]]]}},{"type":"Feature","properties":{"GEOID":"27087","NAME":"Mahnomen","STATEFP":"27"},"geometry":{"type":"Polygon","coordinates":[[[595.3,105.2],[595.3,113.3],[603.6,113.3],[603.5,105.1],[595.3,105.2]]]}},{"type":"Feature","properties":{"GEOID":"27089","NAME":"Marshall","STATEFP":"27"},"geometry":{"type":"Polygon","coordinates":[[[578,80.7],[578.7,86.8],[578.2,88.8],[578.2,89.3],[588.4,89.4],[602.8,89.4],[602.6,80.9],[590.2,80.8],[578,80.7]]]}},{"type":"Feature","properties":{"GEOID":"27091","NAME":"Martin","STATEFP":"27"},"geometry":{"type":"Polygon","coordinates":[[[615.8,190.9],[615.9,199.1],[622.9,199],[626.2,198.9],[626.1,190.7],[624,190.7],[615.8,190.9]]]}},{"type":"Feature","properties":{"GEOID":"27093","NAME":"Meeker","STATEFP":"27"},"geometry":{"type":"Polygon","coordinates":[[[616.9,156],[617.1,166.2],[621.4,166.2],[621.3,164.1],[625.4,164],[625.2,156.9],[623.2,155.9],[616.9,156]]]}},{"type":"Feature","properties":{"GEOID":"27095","NAME":"Mille Lacs","STATEFP":"27"},"geometry":{"type":"Polygon","coordinates":[[[632.2,136.2],[632.3,140.3],[633.2,144],[633.4,150.2],[637.5,150.1],[637.3,146],[637.1,140.2],[638.5,140.2],[638.4,136.1],[638.4,133.9],[632.4,134.2],[632.2,136.2]]]}},{"type":"Feature","properties":{"GEOID":"27097","NAME":"Morrison","STATEFP":"27"},"geometry":{"type":"Polygon","coordinates":[[[618.4,132],[618.7,145.4],[624.8,145.3],[623.5,144.2],[633.2,144],[632.3,140.3],[632.2,136.2],[623,136.4],[623.5,133.5],[618.4,132]]]}},{"type":"Feature","properties":{"GEOID":"27099","NAME":"Mower","STATEFP":"27"},"geometry":{"type":"Polygon","coordinates":[[[646.4,190.2],[646.6,198.4],[647,198.4],[655.1,198.1],[656.8,198.1],[656.5,190.2],[652.5,190],[646.4,190.2]]]}},{"type":"Feature","properties":{"GEOID":"27101","NAME":"Murray","STATEFP":"27"},"geometry":{"type":"Polygon","coordinates":[[[595.3,182.8],[595.3,191],[595.5,191],[605.5,191],[605.4,182.7],[603.2,182.8],[595.3,182.8]]]}},{"type":"Feature","properties":{"GEOID":"27103","NAME":"Nicollet","STATEFP":"27"},"geometry":{"type":"Polygon","coordinates":[[[616.8,176.5],[621.7,178.9],[623.8,180.9],[629.1,183.4],[629.9,181.4],[631.1,179],[631.1,176.2],[619.5,176.5],[616.8,176.5]]]}},{"type":"Feature","properties":{"GEOID":"27105","NAME":"Nobles","STATEFP":"27"},"geometry":{"type":"Polygon","coordinates":[[[605.5,191],[595.5,191],[595.5,199.2],[598.7,199.2],[605.7,199.2],[605.6,191],[605.5,191]]]}},{"type":"Feature","properties":{"GEOID":"27107","NAME":"Norman","STATEFP":"27"},"geometry":{"type":"Polygon","coordinates":[[[582.7,105.1],[582.9,111.2],[582.8,113.3],[593.2,113.3],[595.3,113.3],[595.3,105.2],[582.7,105.1]]]}},{"type":"Feature","properties":{"GEOID":"27109","NAME":"Olmsted","STATEFP":"27"},"geometry":{"type":"Polygon","coordinates":[[[654.5,181.7],[652.4,181.8],[652.5,190],[656.5,190.2],[662.8,189.6],[662.5,183.5],[658.5,183.6],[658.4,181.6],[654.5,181.7]]]}},{"type":"Feature","properties":{"GEOID":"27111","NAME":"Otter Tail","STATEFP":"27"},"geometry":{"type":"Polygon","coordinates":[[[591.8,125.5],[592,137.7],[600.1,137.8],[610.4,137.7],[610.1,131.6],[609.9,123.4],[593.5,123.5],[591.8,125.5]]]}},{"type":"Feature","properties":{"GEOID":"27113","NAME":"Pennington","STATEFP":"27"},"geometry":{"type":"Polygon","coordinates":[[[588.4,89.4],[588.7,94.3],[601,94.3],[601,95],[603,95],[603,93],[602.8,89.4],[588.4,89.4]]]}},{"type":"Feature","properties":{"GEOID":"27115","NAME":"Pine","STATEFP":"27"},"geometry":{"type":"Polygon","coordinates":[[[644.6,135.8],[644.7,140],[643.3,140],[643.5,145.9],[648.4,145.8],[650.4,141.9],[656.2,138.8],[657,135.4],[656.8,129.3],[644.4,129.7],[644.6,135.8]]]}},{"type":"Feature","properties":{"GEOID":"27117","NAME":"Pipestone","STATEFP":"27"},"geometry":{"type":"Polygon","coordinates":[[[588.7,182.7],[588.7,190.9],[595.3,191],[595.3,182.8],[595,182.8],[588.7,182.7]]]}},{"type":"Feature","properties":{"GEOID":"27119","NAME":"Polk","STATEFP":"27"},"geometry":{"type":"Polygon","coordinates":[[[578.2,89.3],[579.5,94.6],[582.2,101.1],[582.7,105.1],[595.3,105.2],[603.5,105.1],[603,95],[601,95],[599,97],[599,99],[590.7,99.1],[588.7,97],[588.7,94.3],[588.4,89.4],[578.2,89.3]]]}},{"type":"Feature","properties":{"GEOID":"27121","NAME":"Pope","STATEFP":"27"},"geometry":{"type":"Polygon","coordinates":[[[600.3,145.9],[600.5,154.1],[608.7,154.1],[610.7,154],[610.5,145.9],[600.3,145.9]]]}},{"type":"Feature","properties":{"GEOID":"27123","NAME":"Ramsey","STATEFP":"27"},"geometry":{"type":"Polygon","coordinates":[[[645.9,160.1],[642.5,160.2],[642.5,162.3],[643.5,165.7],[646.1,165.6],[645.9,160.1]]]}},{"type":"Feature","properties":{"GEOID":"27125","NAME":"Red Lake","STATEFP":"27"},"geometry":{"type":"Polygon","coordinates":[[[588.7,94.3],[588.7,97],[590.7,99.1],[599,99],[599,97],[601,95],[601,94.3],[588.7,94.3]]]}},{"type":"Feature","properties":{"GEOID":"27127","NAME":"Redwood","STATEFP":"27"},"geometry":{"type":"Polygon","coordinates":[[[607.1,170.9],[607.1,174.6],[603.2,174.6],[603.2,182.8],[605.4,182.7],[611.4,182.7],[611.4,180.7],[615.5,180.6],[615.4,175.5],[612.9,174.5],[607.1,170.9]]]}},{"type":"Feature","properties":{"GEOID":"27129","NAME":"Renville","STATEFP":"27"},"geometry":{"type":"Polygon","coordinates":[[[608.9,166.3],[605,166.4],[605,169.6],[607.1,170.9],[612.9,174.5],[615.4,175.5],[616.8,176.5],[619.5,176.5],[619.3,170.3],[621.5,170.3],[621.4,166.2],[617.1,166.2],[608.9,166.3]]]}},{"type":"Feature","properties":{"GEOID":"27131","NAME":"Rice","STATEFP":"27"},"geometry":{"type":"Polygon","coordinates":[[[646.2,182],[646.1,175.5],[642,175.6],[642,173.9],[637.9,174],[638.1,182.2],[640.1,182.2],[646.2,182]]]}},{"type":"Feature","properties":{"GEOID":"27133","NAME":"Rock","STATEFP":"27"},"geometry":{"type":"Polygon","coordinates":[[[588.7,190.9],[588.6,199.2],[595.5,199.2],[595.5,191],[595.3,191],[588.7,190.9]]]}},{"type":"Feature","properties":{"GEOID":"27135","NAME":"Roseau","STATEFP":"27"},"geometry":{"type":"Polygon","coordinates":[[[590,70.2],[590.2,80.8],[602.6,80.9],[606.7,80.8],[606.7,76.8],[610.7,76.8],[610.6,72],[608.4,72.9],[607,70.2],[590,70.2]]]}},{"type":"Feature","properties":{"GEOID":"27137","NAME":"St. Louis","STATEFP":"27"},"geometry":{"type":"Polygon","coordinates":[[[642.9,95.3],[643.3,99.3],[643.9,115.5],[644,121.6],[656.4,121.2],[656.6,123.5],[657.9,123.8],[664.5,120.1],[663.9,102.7],[663,87.3],[659.7,85.9],[658.8,83.8],[655.1,84.3],[653.9,87.1],[651.6,82],[649.2,82.4],[648,80],[642.3,78.1],[642.5,91.2],[642.9,95.3]]]}},{"type":"Feature","properties":{"GEOID":"27139","NAME":"Scott","STATEFP":"27"},"geometry":{"type":"Polygon","coordinates":[[[637.8,167.9],[633.8,171.9],[631.4,174.2],[637.9,174],[642,173.9],[641,168.1],[637.8,167.9]]]}},{"type":"Feature","properties":{"GEOID":"27141","NAME":"Sherburne","STATEFP":"27"},"geometry":{"type":"Polygon","coordinates":[[[626.9,150.4],[628.7,153.5],[633.6,156.4],[637.5,157.5],[637.7,157.5],[637.6,153.5],[637.5,150.1],[633.4,150.2],[626.9,150.4]]]}},{"type":"Feature","properties":{"GEOID":"27143","NAME":"Sibley","STATEFP":"27"},"geometry":{"type":"Polygon","coordinates":[[[621.5,170.3],[619.3,170.3],[619.5,176.5],[631.1,176.2],[631.4,174.2],[633.8,171.9],[629.7,170.1],[625.6,170.2],[625.6,172.3],[621.5,172.3],[621.5,170.3]]]}},{"type":"Feature","properties":{"GEOID":"27145","NAME":"Stearns","STATEFP":"27"},"geometry":{"type":"Polygon","coordinates":[[[610.5,145.9],[610.7,154],[616.9,154],[616.9,156],[623.2,155.9],[625.2,156.9],[627.6,155.8],[628.7,153.5],[626.9,150.4],[624.8,145.3],[618.7,145.4],[610.5,145.6],[610.5,145.9]]]}},{"type":"Feature","properties":{"GEOID":"27147","NAME":"Steele","STATEFP":"27"},"geometry":{"type":"Polygon","coordinates":[[[646.2,182],[640.1,182.2],[640.3,190.4],[646.4,190.2],[646.2,182]]]}},{"type":"Feature","properties":{"GEOID":"27149","NAME":"Stevens","STATEFP":"27"},"geometry":{"type":"Polygon","coordinates":[[[592.2,150],[592.4,154.1],[594.4,154.1],[600.5,154.1],[600.3,145.9],[592.2,145.9],[592.2,150]]]}},{"type":"Feature","properties":{"GEOID":"27151","NAME":"Swift","STATEFP":"27"},"geometry":{"type":"Polygon","coordinates":[[[594.4,154.1],[594.6,159.7],[595.8,160.2],[608.9,160.2],[608.7,154.1],[600.5,154.1],[594.4,154.1]]]}},{"type":"Feature","properties":{"GEOID":"27153","NAME":"Todd","STATEFP":"27"},"geometry":{"type":"Polygon","coordinates":[[[610.1,131.6],[610.4,137.7],[610.5,145.6],[618.7,145.4],[618.4,132],[617.1,131.5],[610.1,131.6]]]}},{"type":"Feature","properties":{"GEOID":"27155","NAME":"Traverse","STATEFP":"27"},"geometry":{"type":"Polygon","coordinates":[[[587.1,141.8],[586.8,144.5],[582.5,148.5],[582.6,150],[592.2,150],[592.2,145.9],[592,139.8],[586.9,139.8],[587.1,141.8]]]}},{"type":"Feature","properties":{"GEOID":"27157","NAME":"Wabasha","STATEFP":"27"},"geometry":{"type":"Polygon","coordinates":[[[659.5,175.4],[656.3,175.5],[654.4,177.6],[654.5,181.7],[658.4,181.6],[658.5,183.6],[662.5,183.5],[662.5,181.5],[666.2,181.3],[664.9,178],[662.2,176.4],[659.5,175.4]]]}},{"type":"Feature","properties":{"GEOID":"27159","NAME":"Wadena","STATEFP":"27"},"geometry":{"type":"Polygon","coordinates":[[[609.9,123.4],[610.1,131.6],[617.1,131.5],[616.3,130.9],[616,121.3],[609.9,121.4],[609.9,123.4]]]}},{"type":"Feature","properties":{"GEOID":"27161","NAME":"Waseca","STATEFP":"27"},"geometry":{"type":"Polygon","coordinates":[[[634,182.3],[634.2,190.5],[636.2,190.5],[640.3,190.4],[640.1,182.2],[638.1,182.2],[634,182.3]]]}},{"type":"Feature","properties":{"GEOID":"27163","NAME":"Washington","STATEFP":"27"},"geometry":{"type":"Polygon","coordinates":[[[645.9,160.1],[646.1,165.6],[646.4,168.4],[649.8,168.9],[650.3,166.1],[650.2,158],[650.3,155.9],[645.8,156.1],[645.9,160.1]]]}},{"type":"Feature","properties":{"GEOID":"27165","NAME":"Watonwan","STATEFP":"27"},"geometry":{"type":"Polygon","coordinates":[[[615.6,184.7],[615.7,190.9],[615.8,190.9],[624,190.7],[623.9,184.6],[615.6,184.7]]]}},{"type":"Feature","properties":{"GEOID":"27167","NAME":"Wilkin","STATEFP":"27"},"geometry":{"type":"Polygon","coordinates":[[[591.8,125.5],[583.6,125.4],[585.5,131.4],[586.6,132.5],[587.3,138.3],[586.9,139.8],[592,139.8],[592,137.7],[591.8,125.5]]]}},{"type":"Feature","properties":{"GEOID":"27169","NAME":"Winona","STATEFP":"27"},"geometry":{"type":"Polygon","coordinates":[[[662.5,183.5],[662.8,189.6],[668.7,189.4],[676.3,189],[673.7,185.9],[671.4,185],[666.2,181.3],[662.5,181.5],[662.5,183.5]]]}},{"type":"Feature","properties":{"GEOID":"27171","NAME":"Wright","STATEFP":"27"},"geometry":{"type":"Polygon","coordinates":[[[633.6,163.9],[633.5,162],[635.3,158.8],[637.5,157.5],[633.6,156.4],[628.7,153.5],[627.6,155.8],[625.2,156.9],[625.4,164],[629.5,164],[633.6,163.9]]]}},{"type":"Feature","properties":{"GEOID":"27173","NAME":"Yellow Medicine","STATEFP":"27"},"geometry":{"type":"Polygon","coordinates":[[[588.8,168.4],[588.8,172.5],[594.8,172.5],[603,172.5],[603.2,174.6],[607.1,174.6],[607.1,170.9],[605,169.6],[600.8,165.3],[598.9,166.4],[598.9,168.4],[588.8,168.4]]]}},{"type":"Feature","properties":{"GEOID":"28001","NAME":"Adams","STATEFP":"28"},"geometry":{"type":"Polygon","coordinates":[[[688.6,475.5],[687.1,483.5],[685,488.5],[688.2,485.4],[690.5,484.2],[693.5,484.4],[693.2,478.2],[690.3,477],[689.8,475.1],[688.6,475.5]]]}},{"type":"Feature","properties":{"GEOID":"28003","NAME":"Alcorn","STATEFP":"28"},"geometry":{"type":"Polygon","coordinates":[[[742.2,394.9],[734.4,395.5],[733.7,395.5],[734,398.8],[736.1,401],[742.9,400.5],[742.5,394.8],[742.2,394.9]]]}},{"type":"Feature","properties":{"GEOID":"28005","NAME":"Amite","STATEFP":"28"},"geometry":{"type":"Polygon","coordinates":[[[694.8,485],[695.5,485.8],[695.9,492.5],[700.6,492.2],[705.8,491.9],[706.2,491.9],[705.7,483.7],[704,483.8],[697,484.2],[694.8,485]]]}},{"type":"Feature","properties":{"GEOID":"28007","NAME":"Attala","STATEFP":"28"},"geometry":{"type":"Polygon","coordinates":[[[724.4,436.7],[720.7,437],[718.8,438.8],[716.2,445.8],[715.1,447],[719.7,446.5],[719.6,445.5],[727.7,444.9],[727.4,440.7],[727.1,436.6],[724.4,436.7]]]}},{"type":"Feature","properties":{"GEOID":"28009","NAME":"Benton","STATEFP":"28"},"geometry":{"type":"Polygon","coordinates":[[[723.6,396.3],[724.9,399.8],[725.3,405.9],[726.3,405.8],[729.3,405.3],[729,400.2],[730.2,399],[730,395.8],[726.6,396.1],[723.6,396.3]]]}},{"type":"Feature","properties":{"GEOID":"28011","NAME":"Bolivar","STATEFP":"28"},"geometry":{"type":"Polygon","coordinates":[[[700,421.6],[699.8,418.6],[694,418.8],[694,418.9],[695.4,421],[693.2,423.4],[689.6,430],[689.3,432.3],[689.7,433],[698.5,432.6],[700.5,430.4],[700,421.6]]]}},{"type":"Feature","properties":{"GEOID":"28013","NAME":"Calhoun","STATEFP":"28"},"geometry":{"type":"Polygon","coordinates":[[[721.9,416.1],[722.5,423.1],[722.7,426.5],[728.8,425.7],[729.7,423.9],[729.3,417.7],[727,415.8],[721.9,416.1]]]}},{"type":"Feature","properties":{"GEOID":"28015","NAME":"Carroll","STATEFP":"28"},"geometry":{"type":"Polygon","coordinates":[[[717.3,428],[710.7,428.4],[711.5,433.5],[710.3,436.5],[718.8,438.8],[720.7,437],[720.5,434.2],[717.8,434.1],[717.3,428]]]}},{"type":"Feature","properties":{"GEOID":"28017","NAME":"Chickasaw","STATEFP":"28"},"geometry":{"type":"Polygon","coordinates":[[[735.3,417.2],[729.3,417.7],[729.7,423.9],[728.8,425.7],[731.9,425.5],[733.7,423.6],[737.8,423.3],[737.4,417.1],[735.3,417.2]]]}},{"type":"Feature","properties":{"GEOID":"28019","NAME":"Choctaw","STATEFP":"28"},"geometry":{"type":"Polygon","coordinates":[[[725.6,432.5],[724.2,433.3],[724.4,436.7],[727.1,436.6],[727.4,440.7],[731.6,436.2],[731.2,430.4],[728.6,430.7],[725.6,432.5]]]}},{"type":"Feature","properties":{"GEOID":"28021","NAME":"Claiborne","STATEFP":"28"},"geometry":{"type":"Polygon","coordinates":[[[700.9,463.3],[700.1,465],[696.6,466.9],[695.1,466.2],[691,472.2],[695.7,472.2],[701.3,473.6],[701.4,467.4],[700.9,463.3]]]}},{"type":"Feature","properties":{"GEOID":"28023","NAME":"Clarke","STATEFP":"28"},"geometry":{"type":"Polygon","coordinates":[[[746.4,460.2],[736.9,461],[737.6,470.3],[746.2,468.1],[746.4,460.2]]]}},{"type":"Feature","properties":{"GEOID":"28025","NAME":"Clay","STATEFP":"28"},"geometry":{"type":"Polygon","coordinates":[[[737.8,423.3],[733.7,423.6],[731.9,425.5],[732.5,429.6],[739.2,429],[739.3,430.4],[742.7,429.3],[742.1,426.8],[738.1,426.4],[737.8,423.3]]]}},{"type":"Feature","properties":{"GEOID":"28027","NAME":"Coahoma","STATEFP":"28"},"geometry":{"type":"Polygon","coordinates":[[[701,408.9],[700.8,411.6],[697.4,413.4],[696.2,415.1],[696.3,418.3],[694,418.8],[699.8,418.6],[700,421.6],[704,421.5],[703.9,419.4],[703.6,414.9],[704.4,411.1],[701,408.9]]]}},{"type":"Feature","properties":{"GEOID":"28029","NAME":"Copiah","STATEFP":"28"},"geometry":{"type":"Polygon","coordinates":[[[711,466.8],[701.4,467.4],[701.3,473.6],[701.4,475.7],[710.6,475.1],[711.2,474.7],[713.6,473.7],[713.3,471.3],[711,466.8]]]}},{"type":"Feature","properties":{"GEOID":"28031","NAME":"Covington","STATEFP":"28"},"geometry":{"type":"Polygon","coordinates":[[[727.9,471.7],[722.9,472.4],[720.9,472.7],[721.1,476.6],[724.3,478.1],[724.8,480.5],[727.5,480.3],[728.5,480.2],[727.9,471.7]]]}},{"type":"Feature","properties":{"GEOID":"28033","NAME":"DeSoto","STATEFP":"28"},"geometry":{"type":"Polygon","coordinates":[[[705.6,400.6],[707.6,400.5],[707.8,403.7],[711.1,403.9],[713.3,402.2],[716.9,402],[716.5,396.8],[705.3,397.4],[705.6,400.6]]]}},{"type":"Feature","properties":{"GEOID":"28035","NAME":"Forrest","STATEFP":"28"},"geometry":{"type":"Polygon","coordinates":[[[727.5,480.3],[729.7,482.2],[730.3,490.1],[730.6,492.5],[734.7,492.2],[733.6,479.9],[728.5,480.2],[727.5,480.3]]]}},{"type":"Feature","properties":{"GEOID":"28037","NAME":"Franklin","STATEFP":"28"},"geometry":{"type":"Polygon","coordinates":[[[701.6,477.8],[693.2,478.2],[693.5,484.4],[694.8,485],[697,484.2],[704,483.8],[703.6,477.6],[701.6,477.8]]]}},{"type":"Feature","properties":{"GEOID":"28039","NAME":"George","STATEFP":"28"},"geometry":{"type":"Polygon","coordinates":[[[740.6,489.7],[739.7,491.8],[740.1,495.9],[749.6,495.2],[748.8,489],[740.6,489.7]]]}},{"type":"Feature","properties":{"GEOID":"28041","NAME":"Greene","STATEFP":"28"},"geometry":{"type":"Polygon","coordinates":[[[739.7,479.4],[740.6,489.7],[748.8,489],[748.5,486.3],[747.5,478.8],[739.7,479.4]]]}},{"type":"Feature","properties":{"GEOID":"28043","NAME":"Grenada","STATEFP":"28"},"geometry":{"type":"Polygon","coordinates":[[[714.3,422.9],[714.4,424.7],[710.3,425.3],[710.5,427.3],[710.7,428.4],[717.3,428],[722.8,427.6],[722.7,426.5],[722.5,423.1],[717.4,423.4],[714.3,422.9]]]}},{"type":"Feature","properties":{"GEOID":"28045","NAME":"Hancock","STATEFP":"28"},"geometry":{"type":"Polygon","coordinates":[[[732.5,509.6],[731.5,505.4],[731,498.6],[726.9,498.9],[727.1,502],[724.3,503.5],[725.8,508.2],[728.7,510.3],[732.5,509.6]]]}},{"type":"Feature","properties":{"GEOID":"28047","NAME":"Harrison","STATEFP":"28"},"geometry":{"type":"Polygon","coordinates":[[[740.2,497.3],[733,497.8],[731,498.6],[731.5,505.4],[732.5,509.6],[734.9,508.6],[736.8,509.6],[741,509.9],[742.8,508.3],[742.6,504.8],[740.7,503.3],[740.2,497.3]]]}},{"type":"Feature","properties":{"GEOID":"28049","NAME":"Hinds","STATEFP":"28"},"geometry":{"type":"Polygon","coordinates":[[[713.8,458.4],[710.3,458.6],[710.2,456.6],[706.2,456.8],[706,454.8],[704,456.4],[701.6,460.2],[700.9,463.3],[701.4,467.4],[711,466.8],[710.6,464],[713.8,458.4]]]}},{"type":"Feature","properties":{"GEOID":"28051","NAME":"Holmes","STATEFP":"28"},"geometry":{"type":"Polygon","coordinates":[[[707.3,437.4],[707,444.4],[715.1,447],[716.2,445.8],[718.8,438.8],[710.3,436.5],[707.3,437.4]]]}},{"type":"Feature","properties":{"GEOID":"28053","NAME":"Humphreys","STATEFP":"28"},"geometry":{"type":"Polygon","coordinates":[[[704.9,437],[702.9,438.5],[699.8,438.6],[700.3,442.7],[701.4,446.8],[705.5,446.5],[707,444.4],[707.3,437.4],[704.9,437]]]}},{"type":"Feature","properties":{"GEOID":"28055","NAME":"Issaquena","STATEFP":"28"},"geometry":{"type":"Polygon","coordinates":[[[696.3,445],[691.3,445.2],[691.3,445.4],[690.5,447.4],[692,449.1],[692,453.9],[694.2,455.4],[695.8,455.3],[696.2,458.4],[698,458.3],[697.9,455.2],[700.6,454],[700.5,453],[695.7,453.2],[695.5,449.1],[696.3,445]]]}},{"type":"Feature","properties":{"GEOID":"28057","NAME":"Itawamba","STATEFP":"28"},"geometry":{"type":"Polygon","coordinates":[[[740.1,407.6],[740.7,416.5],[747.3,416],[747.4,410.4],[747.5,407.1],[744.2,407.3],[740.1,407.6]]]}},{"type":"Feature","properties":{"GEOID":"28059","NAME":"Jackson","STATEFP":"28"},"geometry":{"type":"Polygon","coordinates":[[[740.2,497.3],[740.7,503.3],[742.6,504.8],[742.8,508.3],[749.7,509],[751.2,508.6],[749.6,495.2],[740.1,495.9],[740.2,497.3]]]}},{"type":"Feature","properties":{"GEOID":"28061","NAME":"Jasper","STATEFP":"28"},"geometry":{"type":"Polygon","coordinates":[[[728.8,461.6],[729.6,471.5],[737,470.4],[737.6,470.3],[736.9,461],[728.8,461.6]]]}},{"type":"Feature","properties":{"GEOID":"28063","NAME":"Jefferson","STATEFP":"28"},"geometry":{"type":"Polygon","coordinates":[[[691,472.2],[689.8,475.1],[690.3,477],[693.2,478.2],[701.6,477.8],[701.4,475.7],[701.3,473.6],[695.7,472.2],[691,472.2]]]}},{"type":"Feature","properties":{"GEOID":"28065","NAME":"Jefferson Davis","STATEFP":"28"},"geometry":{"type":"Polygon","coordinates":[[[716.6,473.3],[717.4,482],[720,480.8],[723.4,480.6],[724.8,480.5],[724.3,478.1],[721.1,476.6],[720.9,472.7],[716.6,473.3]]]}},{"type":"Feature","properties":{"GEOID":"28067","NAME":"Jones","STATEFP":"28"},"geometry":{"type":"Polygon","coordinates":[[[737,470.4],[729.6,471.5],[727.9,471.7],[728.5,480.2],[733.6,479.9],[737.7,479.6],[737,470.4]]]}},{"type":"Feature","properties":{"GEOID":"28069","NAME":"Kemper","STATEFP":"28"},"geometry":{"type":"Polygon","coordinates":[[[735.6,444.4],[736.2,452.7],[746.6,451.8],[746.7,443.5],[737.6,444.3],[735.6,444.4]]]}},{"type":"Feature","properties":{"GEOID":"28071","NAME":"Lafayette","STATEFP":"28"},"geometry":{"type":"Polygon","coordinates":[[[726.5,407.9],[721.9,406.8],[718.3,407.1],[717.2,407.2],[717.8,415.7],[721.9,416.1],[727,415.8],[726.7,410.7],[726.5,407.9]]]}},{"type":"Feature","properties":{"GEOID":"28073","NAME":"Lamar","STATEFP":"28"},"geometry":{"type":"Polygon","coordinates":[[[723.4,480.6],[724.1,490.7],[727.7,490.9],[730.3,490.1],[729.7,482.2],[727.5,480.3],[724.8,480.5],[723.4,480.6]]]}},{"type":"Feature","properties":{"GEOID":"28075","NAME":"Lauderdale","STATEFP":"28"},"geometry":{"type":"Polygon","coordinates":[[[736.2,452.7],[736.9,461],[746.4,460.2],[746.4,458.2],[746.6,451.8],[736.2,452.7]]]}},{"type":"Feature","properties":{"GEOID":"28077","NAME":"Lawrence","STATEFP":"28"},"geometry":{"type":"Polygon","coordinates":[[[711.2,474.7],[711.8,483.3],[715.9,483.4],[717.4,482],[716.6,473.3],[713.6,473.7],[711.2,474.7]]]}},{"type":"Feature","properties":{"GEOID":"28079","NAME":"Leake","STATEFP":"28"},"geometry":{"type":"Polygon","coordinates":[[[727.7,444.9],[719.6,445.5],[719.7,446.5],[720.1,452.5],[720.2,453.8],[728.2,453.3],[728.3,453.3],[727.7,444.9]]]}},{"type":"Feature","properties":{"GEOID":"28081","NAME":"Lee","STATEFP":"28"},"geometry":{"type":"Polygon","coordinates":[[[740.1,407.6],[736.3,406.9],[734.8,410.4],[735.3,417.2],[737.4,417.1],[740.7,416.5],[740.1,407.6]]]}},{"type":"Feature","properties":{"GEOID":"28083","NAME":"Leflore","STATEFP":"28"},"geometry":{"type":"Polygon","coordinates":[[[704.2,425.6],[704.9,437],[707.3,437.4],[710.3,436.5],[711.5,433.5],[710.7,428.4],[710.5,427.3],[709.5,425.3],[704.2,425.6]]]}},{"type":"Feature","properties":{"GEOID":"28085","NAME":"Lincoln","STATEFP":"28"},"geometry":{"type":"Polygon","coordinates":[[[711.2,474.7],[710.6,475.1],[701.4,475.7],[701.6,477.8],[703.6,477.6],[704,483.8],[705.7,483.7],[711.4,483.3],[711.8,483.3],[711.2,474.7]]]}},{"type":"Feature","properties":{"GEOID":"28087","NAME":"Lowndes","STATEFP":"28"},"geometry":{"type":"Polygon","coordinates":[[[747.1,424.1],[742.1,426.8],[742.7,429.3],[739.3,430.4],[739.8,435.6],[746.9,435],[747,429.2],[747.1,424.1]]]}},{"type":"Feature","properties":{"GEOID":"28089","NAME":"Madison","STATEFP":"28"},"geometry":{"type":"Polygon","coordinates":[[[715.1,447],[713.6,450.5],[706,454.8],[706.2,456.8],[710.2,456.6],[710.3,458.6],[713.8,458.4],[717.6,453.8],[719.1,453.6],[720.1,452.5],[719.7,446.5],[715.1,447]]]}},{"type":"Feature","properties":{"GEOID":"28091","NAME":"Marion","STATEFP":"28"},"geometry":{"type":"Polygon","coordinates":[[[715.9,483.4],[716.3,487.2],[720.4,489.3],[720.5,491],[722.6,490.8],[724.1,490.7],[723.4,480.6],[720,480.8],[717.4,482],[715.9,483.4]]]}},{"type":"Feature","properties":{"GEOID":"28093","NAME":"Marshall","STATEFP":"28"},"geometry":{"type":"Polygon","coordinates":[[[716.5,396.8],[716.9,402],[718,404],[718.3,407.1],[721.9,406.8],[726.5,407.9],[726.3,405.8],[725.3,405.9],[724.9,399.8],[723.6,396.3],[718,396.6],[716.5,396.8]]]}},{"type":"Feature","properties":{"GEOID":"28095","NAME":"Monroe","STATEFP":"28"},"geometry":{"type":"Polygon","coordinates":[[[740.7,416.5],[737.4,417.1],[737.8,423.3],[738.1,426.4],[742.1,426.8],[747.1,424.1],[747.3,416.7],[747.3,416],[740.7,416.5]]]}},{"type":"Feature","properties":{"GEOID":"28097","NAME":"Montgomery","STATEFP":"28"},"geometry":{"type":"Polygon","coordinates":[[[722.8,427.6],[717.3,428],[717.8,434.1],[720.5,434.2],[720.7,437],[724.4,436.7],[724.2,433.3],[725.6,432.5],[723.1,432.7],[722.8,427.6]]]}},{"type":"Feature","properties":{"GEOID":"28099","NAME":"Neshoba","STATEFP":"28"},"geometry":{"type":"Polygon","coordinates":[[[727.7,444.9],[728.3,453.3],[736.2,452.7],[735.6,444.4],[727.7,444.9]]]}},{"type":"Feature","properties":{"GEOID":"28101","NAME":"Newton","STATEFP":"28"},"geometry":{"type":"Polygon","coordinates":[[[728.2,453.3],[728.8,461.6],[736.9,461],[736.2,452.7],[728.3,453.3],[728.2,453.3]]]}},{"type":"Feature","properties":{"GEOID":"28103","NAME":"Noxubee","STATEFP":"28"},"geometry":{"type":"Polygon","coordinates":[[[737,435.8],[737.6,444.3],[746.7,443.5],[746.8,442],[746.9,435],[739.8,435.6],[737,435.8]]]}},{"type":"Feature","properties":{"GEOID":"28105","NAME":"Oktibbeha","STATEFP":"28"},"geometry":{"type":"Polygon","coordinates":[[[731.2,430.4],[731.6,436.2],[737,435.8],[739.8,435.6],[739.3,430.4],[739.2,429],[732.5,429.6],[731.2,430.4]]]}},{"type":"Feature","properties":{"GEOID":"28107","NAME":"Panola","STATEFP":"28"},"geometry":{"type":"Polygon","coordinates":[[[717.2,407.2],[708.1,407.7],[708.1,408.8],[708.5,413.7],[709.9,417],[713.8,416.6],[717.8,415.7],[717.2,407.2]]]}},{"type":"Feature","properties":{"GEOID":"28109","NAME":"Pearl River","STATEFP":"28"},"geometry":{"type":"Polygon","coordinates":[[[730.3,490.1],[727.7,490.9],[724.1,490.7],[722.6,490.8],[720.9,498.9],[722.9,502.6],[724.3,503.5],[727.1,502],[726.9,498.9],[731,498.6],[730.6,492.5],[730.3,490.1]]]}},{"type":"Feature","properties":{"GEOID":"28111","NAME":"Perry","STATEFP":"28"},"geometry":{"type":"Polygon","coordinates":[[[737.7,479.6],[733.6,479.9],[734.7,492.2],[739.7,491.8],[740.6,489.7],[739.7,479.4],[737.7,479.6]]]}},{"type":"Feature","properties":{"GEOID":"28113","NAME":"Pike","STATEFP":"28"},"geometry":{"type":"Polygon","coordinates":[[[705.7,483.7],[706.2,491.9],[710.2,491.7],[712,491.5],[711.4,483.3],[705.7,483.7]]]}},{"type":"Feature","properties":{"GEOID":"28115","NAME":"Pontotoc","STATEFP":"28"},"geometry":{"type":"Polygon","coordinates":[[[734.8,410.4],[726.7,410.7],[727,415.8],[729.3,417.7],[735.3,417.2],[734.8,410.4]]]}},{"type":"Feature","properties":{"GEOID":"28117","NAME":"Prentiss","STATEFP":"28"},"geometry":{"type":"Polygon","coordinates":[[[736.1,401],[736.1,404.8],[736.3,406.9],[740.1,407.6],[744.2,407.3],[743.6,400.8],[742.9,400.5],[736.1,401]]]}},{"type":"Feature","properties":{"GEOID":"28119","NAME":"Quitman","STATEFP":"28"},"geometry":{"type":"Polygon","coordinates":[[[708.1,408.8],[706.1,408.9],[704.4,411.1],[703.6,414.9],[703.9,419.4],[710,419],[709.9,417],[708.5,413.7],[708.1,408.8]]]}},{"type":"Feature","properties":{"GEOID":"28121","NAME":"Rankin","STATEFP":"28"},"geometry":{"type":"Polygon","coordinates":[[[713.8,458.4],[710.6,464],[711,466.8],[721,466.3],[720.7,462.2],[720.5,459.1],[719.1,453.6],[717.6,453.8],[713.8,458.4]]]}},{"type":"Feature","properties":{"GEOID":"28123","NAME":"Scott","STATEFP":"28"},"geometry":{"type":"Polygon","coordinates":[[[719.1,453.6],[720.5,459.1],[720.7,462.2],[728.8,461.6],[728.2,453.3],[720.2,453.8],[720.1,452.5],[719.1,453.6]]]}},{"type":"Feature","properties":{"GEOID":"28125","NAME":"Sharkey","STATEFP":"28"},"geometry":{"type":"Polygon","coordinates":[[[696.3,445],[695.5,449.1],[695.7,453.2],[700.5,453],[700.9,450.8],[699.5,448.9],[701.4,446.8],[700.3,442.7],[696.1,442.9],[696.3,445]]]}},{"type":"Feature","properties":{"GEOID":"28127","NAME":"Simpson","STATEFP":"28"},"geometry":{"type":"Polygon","coordinates":[[[721,466.3],[711,466.8],[713.3,471.3],[713.6,473.7],[716.6,473.3],[720.9,472.7],[722.9,472.4],[722.5,467],[721,466.3]]]}},{"type":"Feature","properties":{"GEOID":"28129","NAME":"Smith","STATEFP":"28"},"geometry":{"type":"Polygon","coordinates":[[[728.8,461.6],[720.7,462.2],[721,466.3],[722.5,467],[722.9,472.4],[727.9,471.7],[729.6,471.5],[728.8,461.6]]]}},{"type":"Feature","properties":{"GEOID":"28131","NAME":"Stone","STATEFP":"28"},"geometry":{"type":"Polygon","coordinates":[[[734.7,492.2],[730.6,492.5],[731,498.6],[733,497.8],[740.2,497.3],[740.1,495.9],[739.7,491.8],[734.7,492.2]]]}},{"type":"Feature","properties":{"GEOID":"28133","NAME":"Sunflower","STATEFP":"28"},"geometry":{"type":"Polygon","coordinates":[[[700,421.6],[700.5,430.4],[698.5,432.6],[698.9,438.7],[699.8,438.6],[702.9,438.5],[704.9,437],[704.2,425.6],[704,421.5],[700,421.6]]]}},{"type":"Feature","properties":{"GEOID":"28135","NAME":"Tallahatchie","STATEFP":"28"},"geometry":{"type":"Polygon","coordinates":[[[709.9,417],[710,419],[703.9,419.4],[704,421.5],[704.2,425.6],[709.5,425.3],[710.5,427.3],[710.3,425.3],[714.4,424.7],[714.3,422.9],[713.8,416.6],[709.9,417]]]}},{"type":"Feature","properties":{"GEOID":"28137","NAME":"Tate","STATEFP":"28"},"geometry":{"type":"Polygon","coordinates":[[[716.9,402],[713.3,402.2],[711.1,403.9],[707.8,403.7],[708.1,407.7],[717.2,407.2],[718.3,407.1],[718,404],[716.9,402]]]}},{"type":"Feature","properties":{"GEOID":"28139","NAME":"Tippah","STATEFP":"28"},"geometry":{"type":"Polygon","coordinates":[[[730,395.8],[730.2,399],[729,400.2],[729.3,405.3],[736.1,404.8],[736.1,401],[734,398.8],[733.7,395.5],[730,395.8]]]}},{"type":"Feature","properties":{"GEOID":"28141","NAME":"Tishomingo","STATEFP":"28"},"geometry":{"type":"Polygon","coordinates":[[[745.6,394.6],[742.5,394.8],[742.9,400.5],[743.6,400.8],[744.2,407.3],[747.5,407.1],[747.6,404.2],[747.8,396.9],[745.6,394.6]]]}},{"type":"Feature","properties":{"GEOID":"28143","NAME":"Tunica","STATEFP":"28"},"geometry":{"type":"Polygon","coordinates":[[[703.7,401.6],[701.8,406.3],[700.5,406.1],[701,408.9],[704.4,411.1],[706.1,408.9],[708.1,408.8],[708.1,407.7],[707.8,403.7],[707.6,400.5],[705.6,400.6],[703.7,401.6]]]}},{"type":"Feature","properties":{"GEOID":"28145","NAME":"Union","STATEFP":"28"},"geometry":{"type":"Polygon","coordinates":[[[726.3,405.8],[726.5,407.9],[726.7,410.7],[734.8,410.4],[736.3,406.9],[736.1,404.8],[729.3,405.3],[726.3,405.8]]]}},{"type":"Feature","properties":{"GEOID":"28147","NAME":"Walthall","STATEFP":"28"},"geometry":{"type":"Polygon","coordinates":[[[711.4,483.3],[712,491.5],[720.5,491],[720.4,489.3],[716.3,487.2],[715.9,483.4],[711.8,483.3],[711.4,483.3]]]}},{"type":"Feature","properties":{"GEOID":"28149","NAME":"Warren","STATEFP":"28"},"geometry":{"type":"Polygon","coordinates":[[[693.7,455.7],[692.9,457.2],[695.7,460.6],[695.9,463.9],[693.1,464],[694.6,466],[695.1,466.1],[695.1,466.2],[696.6,466.9],[700.1,465],[700.9,463.3],[701.6,460.2],[704,456.4],[700.6,454],[697.9,455.2],[698,458.3],[696.2,458.4],[695.8,455.3],[694.2,455.4],[693.7,455.7]]]}},{"type":"Feature","properties":{"GEOID":"28151","NAME":"Washington","STATEFP":"28"},"geometry":{"type":"Polygon","coordinates":[[[698.5,432.6],[689.7,433],[691.5,435.3],[692.7,442.2],[691.3,445.2],[696.3,445],[696.1,442.9],[700.3,442.7],[699.8,438.6],[698.9,438.7],[698.5,432.6]]]}},{"type":"Feature","properties":{"GEOID":"28153","NAME":"Wayne","STATEFP":"28"},"geometry":{"type":"Polygon","coordinates":[[[746.2,468.1],[737.6,470.3],[737,470.4],[737.7,479.6],[739.7,479.4],[747.5,478.8],[746.7,472.7],[746.2,468.1]]]}},{"type":"Feature","properties":{"GEOID":"28155","NAME":"Webster","STATEFP":"28"},"geometry":{"type":"Polygon","coordinates":[[[728.8,425.7],[722.7,426.5],[722.8,427.6],[723.1,432.7],[725.6,432.5],[728.6,430.7],[731.2,430.4],[732.5,429.6],[731.9,425.5],[728.8,425.7]]]}},{"type":"Feature","properties":{"GEOID":"28157","NAME":"Wilkinson","STATEFP":"28"},"geometry":{"type":"Polygon","coordinates":[[[693.5,484.4],[690.5,484.2],[688.2,485.4],[685,488.5],[684.2,493.1],[693.5,492.6],[695.9,492.5],[695.5,485.8],[694.8,485],[693.5,484.4]]]}},{"type":"Feature","properties":{"GEOID":"28159","NAME":"Winston","STATEFP":"28"},"geometry":{"type":"Polygon","coordinates":[[[731.6,436.2],[727.4,440.7],[727.7,444.9],[735.6,444.4],[737.6,444.3],[737,435.8],[731.6,436.2]]]}},{"type":"Feature","properties":{"GEOID":"28161","NAME":"Yalobusha","STATEFP":"28"},"geometry":{"type":"Polygon","coordinates":[[[717.8,415.7],[713.8,416.6],[714.3,422.9],[717.4,423.4],[722.5,423.1],[721.9,416.1],[717.8,415.7]]]}},{"type":"Feature","properties":{"GEOID":"28163","NAME":"Yazoo","STATEFP":"28"},"geometry":{"type":"Polygon","coordinates":[[[715.1,447],[707,444.4],[705.5,446.5],[701.4,446.8],[699.5,448.9],[700.9,450.8],[700.5,453],[700.6,454],[704,456.4],[706,454.8],[713.6,450.5],[715.1,447]]]}},{"type":"Feature","properties":{"GEOID":"29001","NAME":"Adair","STATEFP":"29"},"geometry":{"type":"Polygon","coordinates":[[[661.4,272.6],[655.4,272.9],[652.4,273],[652.6,280.2],[652.8,280.2],[661.8,279.9],[661.5,273.6],[661.4,272.6]]]}},{"type":"Feature","properties":{"GEOID":"29003","NAME":"Andrew","STATEFP":"29"},"geometry":{"type":"Polygon","coordinates":[[[621.3,278.9],[613.5,278.9],[614.4,284.4],[616.5,286.2],[621.4,286.1],[621.3,280.9],[621.3,278.9]]]}},{"type":"Feature","properties":{"GEOID":"29005","NAME":"Atchison","STATEFP":"29"},"geometry":{"type":"Polygon","coordinates":[[[601.5,269.6],[604.3,275.8],[611,275.8],[610.5,268.3],[607.5,268.3],[600.5,268.2],[601.5,269.6]]]}},{"type":"Feature","properties":{"GEOID":"29007","NAME":"Audrain","STATEFP":"29"},"geometry":{"type":"Polygon","coordinates":[[[666.9,302.8],[675.5,302.6],[675.5,300.4],[679.5,300.4],[678.8,296.2],[673.7,296],[663,296.2],[663,298.6],[666.8,298.6],[666.9,302.8]]]}},{"type":"Feature","properties":{"GEOID":"29009","NAME":"Barry","STATEFP":"29"},"geometry":{"type":"Polygon","coordinates":[[[632.5,354.5],[632.5,358.8],[632.5,364.7],[636.4,364.6],[641.7,364.5],[641.7,356.9],[641,354.5],[632.5,354.5]]]}},{"type":"Feature","properties":{"GEOID":"29011","NAME":"Barton","STATEFP":"29"},"geometry":{"type":"Polygon","coordinates":[[[621.9,337.5],[622,344.4],[632,344.6],[632,339.1],[632,337.7],[621.9,337.5]]]}},{"type":"Feature","properties":{"GEOID":"29013","NAME":"Bates","STATEFP":"29"},"geometry":{"type":"Polygon","coordinates":[[[621.8,320.1],[621.9,327.9],[632.1,328.3],[632.2,324.1],[631.7,318.5],[621.7,318],[621.8,320.1]]]}},{"type":"Feature","properties":{"GEOID":"29015","NAME":"Benton","STATEFP":"29"},"geometry":{"type":"Polygon","coordinates":[[[649.9,316.1],[641.8,316.7],[641.8,324],[642.3,327.2],[650.3,327.2],[650,322.4],[649.9,316.1]]]}},{"type":"Feature","properties":{"GEOID":"29017","NAME":"Bollinger","STATEFP":"29"},"geometry":{"type":"Polygon","coordinates":[[[704.6,335.7],[705.1,342.5],[703.7,342.5],[703.9,347.9],[706.1,348.8],[708.9,348.3],[710.5,346.5],[709.9,335.3],[704.6,335.7]]]}},{"type":"Feature","properties":{"GEOID":"29019","NAME":"Boone","STATEFP":"29"},"geometry":{"type":"Polygon","coordinates":[[[660.9,298.7],[658.9,305.3],[660,306.4],[662.3,309.3],[662,310.7],[665.3,312.9],[666.7,308.7],[666.1,306.7],[666.9,302.8],[666.8,298.6],[663,298.6],[660.9,298.7]]]}},{"type":"Feature","properties":{"GEOID":"29021","NAME":"Buchanan","STATEFP":"29"},"geometry":{"type":"Polygon","coordinates":[[[616.5,286.2],[613.4,291.1],[612.5,293],[621.6,293],[621.5,287.9],[621.4,286.1],[616.5,286.2]]]}},{"type":"Feature","properties":{"GEOID":"29023","NAME":"Butler","STATEFP":"29"},"geometry":{"type":"Polygon","coordinates":[[[695.7,352.2],[696.1,354.9],[697.6,357.9],[698.2,362.2],[704.8,361.8],[706,358.6],[705.7,356.4],[703.5,351.8],[695.7,352.2]]]}},{"type":"Feature","properties":{"GEOID":"29025","NAME":"Caldwell","STATEFP":"29"},"geometry":{"type":"Polygon","coordinates":[[[628.6,287.8],[628.7,293],[636.8,292.9],[636.7,290.8],[636.6,286.7],[628.6,286.8],[628.6,287.8]]]}},{"type":"Feature","properties":{"GEOID":"29027","NAME":"Callaway","STATEFP":"29"},"geometry":{"type":"Polygon","coordinates":[[[675.5,302.6],[666.9,302.8],[666.1,306.7],[666.7,308.7],[665.3,312.9],[667.4,314.7],[669.2,314.4],[671.7,312.1],[675.7,311],[675.5,302.6]]]}},{"type":"Feature","properties":{"GEOID":"29029","NAME":"Camden","STATEFP":"29"},"geometry":{"type":"Polygon","coordinates":[[[650,322.4],[650.3,327.2],[650.3,331],[654.3,331],[658.7,330.9],[660,333.1],[662.6,331.6],[662.5,327.7],[659.4,326.8],[657,323.2],[655.7,324],[651,323.9],[650,322.4]]]}},{"type":"Feature","properties":{"GEOID":"29031","NAME":"Cape Girardeau","STATEFP":"29"},"geometry":{"type":"Polygon","coordinates":[[[709.9,335.3],[710.5,346.5],[712.4,346.4],[714.9,343.7],[717.3,343.1],[717.2,341.1],[718.4,339.6],[716.2,335.7],[714.6,335.1],[709.9,335.3]]]}},{"type":"Feature","properties":{"GEOID":"29033","NAME":"Carroll","STATEFP":"29"},"geometry":{"type":"Polygon","coordinates":[[[645.4,290.5],[636.7,290.8],[636.8,292.9],[636.9,300.4],[642,298.2],[646.6,297.2],[648.7,295.9],[645.5,293.6],[645.4,290.5]]]}},{"type":"Feature","properties":{"GEOID":"29035","NAME":"Carter","STATEFP":"29"},"geometry":{"type":"Polygon","coordinates":[[[689.2,348.5],[685.5,348.9],[685.6,353.7],[687.7,355],[696.1,354.9],[695.7,352.2],[693.6,349.3],[690.2,349.5],[689.2,348.5]]]}},{"type":"Feature","properties":{"GEOID":"29037","NAME":"Cass","STATEFP":"29"},"geometry":{"type":"Polygon","coordinates":[[[621.7,309.2],[621.7,311.8],[621.7,318],[631.7,318.5],[631.7,315.7],[630.7,315.7],[630.6,309.4],[621.7,309.2]]]}},{"type":"Feature","properties":{"GEOID":"29039","NAME":"Cedar","STATEFP":"29"},"geometry":{"type":"Polygon","coordinates":[[[632,331.5],[632,337.7],[632,339.1],[640.5,339.1],[640.1,333],[636.8,331.6],[632,331.5]]]}},{"type":"Feature","properties":{"GEOID":"29041","NAME":"Chariton","STATEFP":"29"},"geometry":{"type":"Polygon","coordinates":[[[645.4,290.5],[645.5,293.6],[648.7,295.9],[649.3,297],[653.4,299.5],[655.9,297.1],[655.9,290.3],[655.9,288.2],[652.9,288.2],[645.5,288.4],[645.4,290.5]]]}},{"type":"Feature","properties":{"GEOID":"29043","NAME":"Christian","STATEFP":"29"},"geometry":{"type":"Polygon","coordinates":[[[640.9,352.7],[646,352.7],[646.8,356.8],[654.2,356.8],[654.1,350.6],[651,350.3],[640.9,350.3],[640.9,352.7]]]}},{"type":"Feature","properties":{"GEOID":"29045","NAME":"Clark","STATEFP":"29"},"geometry":{"type":"Polygon","coordinates":[[[668.4,266.2],[668.6,273.4],[668.6,274.4],[676.7,274.3],[677.9,271.1],[676.8,271.1],[672.4,266.2],[668.4,266.2]]]}},{"type":"Feature","properties":{"GEOID":"29047","NAME":"Clay","STATEFP":"29"},"geometry":{"type":"Polygon","coordinates":[[[621.6,294.8],[621.7,301.8],[621.6,302.9],[624.2,302.7],[627.3,299.9],[628.7,300.6],[628.6,294.7],[621.6,294.8]]]}},{"type":"Feature","properties":{"GEOID":"29049","NAME":"Clinton","STATEFP":"29"},"geometry":{"type":"Polygon","coordinates":[[[621.5,287.9],[621.6,293],[621.6,294.8],[628.6,294.7],[628.7,293],[628.6,287.8],[621.5,287.9]]]}},{"type":"Feature","properties":{"GEOID":"29051","NAME":"Cole","STATEFP":"29"},"geometry":{"type":"Polygon","coordinates":[[[662,310.7],[660.5,318.2],[662.2,320.2],[666.1,320.1],[666.8,317.8],[669.3,316.1],[669.2,314.4],[667.4,314.7],[665.3,312.9],[662,310.7]]]}},{"type":"Feature","properties":{"GEOID":"29053","NAME":"Cooper","STATEFP":"29"},"geometry":{"type":"Polygon","coordinates":[[[650,306.6],[650,312.2],[654,312.3],[658,312.3],[660,306.4],[658.9,305.3],[653.7,305.3],[652,303.3],[650,306.6]]]}},{"type":"Feature","properties":{"GEOID":"29055","NAME":"Crawford","STATEFP":"29"},"geometry":{"type":"Polygon","coordinates":[[[678.4,323.9],[678.9,332.6],[682.9,332.4],[683,334.5],[685.9,334.4],[686.8,333.3],[686.3,322.3],[681.4,322.4],[678.4,323.9]]]}},{"type":"Feature","properties":{"GEOID":"29057","NAME":"Dade","STATEFP":"29"},"geometry":{"type":"Polygon","coordinates":[[[632,339.1],[632,344.6],[632.6,346],[640.5,346],[640.5,342.5],[640.5,339.1],[632,339.1]]]}},{"type":"Feature","properties":{"GEOID":"29059","NAME":"Dallas","STATEFP":"29"},"geometry":{"type":"Polygon","coordinates":[[[650.3,331],[648.3,331],[648.3,333.4],[648.6,342.5],[650.7,342.5],[650.6,340.8],[654.7,340.8],[654.3,331],[650.3,331]]]}},{"type":"Feature","properties":{"GEOID":"29061","NAME":"Daviess","STATEFP":"29"},"geometry":{"type":"Polygon","coordinates":[[[628.2,280.9],[628.6,286.8],[636.6,286.7],[636.5,282.5],[636.3,278.4],[628.2,278.5],[628.2,280.9]]]}},{"type":"Feature","properties":{"GEOID":"29063","NAME":"DeKalb","STATEFP":"29"},"geometry":{"type":"Polygon","coordinates":[[[621.3,280.9],[621.4,286.1],[621.5,287.9],[628.6,287.8],[628.6,286.8],[628.2,280.9],[621.3,280.9]]]}},{"type":"Feature","properties":{"GEOID":"29065","NAME":"Dent","STATEFP":"29"},"geometry":{"type":"Polygon","coordinates":[[[673.9,337.3],[675.1,341.4],[677.1,341.3],[685.2,341.1],[683.2,339.1],[683.1,337],[686,337],[685.9,334.4],[683,334.5],[682.9,332.4],[678.9,332.6],[673.8,332.7],[673.9,337.3]]]}},{"type":"Feature","properties":{"GEOID":"29067","NAME":"Douglas","STATEFP":"29"},"geometry":{"type":"Polygon","coordinates":[[[658.1,350.5],[654.1,350.6],[654.2,356.8],[656.9,356.8],[669.1,356.6],[669.3,350.4],[666.2,350.4],[658.1,350.5]]]}},{"type":"Feature","properties":{"GEOID":"29069","NAME":"Dunklin","STATEFP":"29"},"geometry":{"type":"Polygon","coordinates":[[[704.8,361.8],[708,364.3],[707.7,367],[705.8,368.8],[702.6,373.9],[704.3,373.8],[710.5,373.3],[709.9,364.1],[709.6,358.4],[706,358.6],[704.8,361.8]]]}},{"type":"Feature","properties":{"GEOID":"29071","NAME":"Franklin","STATEFP":"29"},"geometry":{"type":"Polygon","coordinates":[[[680.8,310.8],[681.4,322.4],[686.3,322.3],[692.1,322],[692.6,315.8],[692.4,311.7],[688.3,314.1],[680.8,310.8]]]}},{"type":"Feature","properties":{"GEOID":"29073","NAME":"Gasconade","STATEFP":"29"},"geometry":{"type":"Polygon","coordinates":[[[679.8,310.6],[675.8,311],[676.2,320.8],[676.6,324],[678.4,323.9],[681.4,322.4],[680.8,310.8],[679.8,310.6]]]}},{"type":"Feature","properties":{"GEOID":"29075","NAME":"Gentry","STATEFP":"29"},"geometry":{"type":"Polygon","coordinates":[[[621.3,272.7],[621.3,278.9],[621.3,280.9],[628.2,280.9],[628.2,278.5],[628.2,272.6],[621.3,272.7]]]}},{"type":"Feature","properties":{"GEOID":"29077","NAME":"Greene","STATEFP":"29"},"geometry":{"type":"Polygon","coordinates":[[[640.5,346],[640.9,350.3],[651,350.3],[650.7,342.5],[648.6,342.5],[640.5,342.5],[640.5,346]]]}},{"type":"Feature","properties":{"GEOID":"29079","NAME":"Grundy","STATEFP":"29"},"geometry":{"type":"Polygon","coordinates":[[[636.3,278.4],[636.5,282.5],[643.6,282.2],[643.6,280.6],[643.3,275.1],[636.3,275.3],[636.3,278.4]]]}},{"type":"Feature","properties":{"GEOID":"29081","NAME":"Harrison","STATEFP":"29"},"geometry":{"type":"Polygon","coordinates":[[[627.8,268.2],[628.2,272.6],[628.2,278.5],[636.3,278.4],[636.3,275.3],[635.9,267.9],[631.6,268.1],[627.8,268.2]]]}},{"type":"Feature","properties":{"GEOID":"29083","NAME":"Henry","STATEFP":"29"},"geometry":{"type":"Polygon","coordinates":[[[631.7,315.7],[631.7,318.5],[632.2,324.1],[641.8,324],[641.8,316.7],[641.8,315.7],[631.7,315.7]]]}},{"type":"Feature","properties":{"GEOID":"29085","NAME":"Hickory","STATEFP":"29"},"geometry":{"type":"Polygon","coordinates":[[[650.3,327.2],[642.3,327.2],[642.2,330.9],[641.1,333],[648.3,333.4],[648.3,331],[650.3,331],[650.3,327.2]]]}},{"type":"Feature","properties":{"GEOID":"29087","NAME":"Holt","STATEFP":"29"},"geometry":{"type":"Polygon","coordinates":[[[604.3,275.8],[607.2,279.1],[608.8,282],[612.8,285.3],[614.4,284.4],[613.5,278.9],[612.9,275.8],[611,275.8],[604.3,275.8]]]}},{"type":"Feature","properties":{"GEOID":"29089","NAME":"Howard","STATEFP":"29"},"geometry":{"type":"Polygon","coordinates":[[[653.4,299.5],[652,303.3],[653.7,305.3],[658.9,305.3],[660.9,298.7],[655.9,297.1],[653.4,299.5]]]}},{"type":"Feature","properties":{"GEOID":"29091","NAME":"Howell","STATEFP":"29"},"geometry":{"type":"Polygon","coordinates":[[[669.3,350.4],[669.1,356.6],[669.2,363.6],[677.6,363.2],[677.5,354],[677.3,350.2],[669.3,350.4]]]}},{"type":"Feature","properties":{"GEOID":"29093","NAME":"Iron","STATEFP":"29"},"geometry":{"type":"Polygon","coordinates":[[[686,337],[693.1,336.2],[693.3,341.7],[694.2,344.1],[697.6,342.8],[697.4,335],[695.2,333],[686.8,333.3],[685.9,334.4],[686,337]]]}},{"type":"Feature","properties":{"GEOID":"29095","NAME":"Jackson","STATEFP":"29"},"geometry":{"type":"Polygon","coordinates":[[[621.7,309.2],[630.6,309.4],[630.6,307.4],[630.7,302],[628.7,300.6],[627.3,299.9],[624.2,302.7],[621.6,302.9],[621.6,304.5],[621.7,309.2]]]}},{"type":"Feature","properties":{"GEOID":"29097","NAME":"Jasper","STATEFP":"29"},"geometry":{"type":"Polygon","coordinates":[[[622,345],[622.1,351.7],[632.5,351.7],[632.6,346],[632,344.6],[622,344.4],[622,345]]]}},{"type":"Feature","properties":{"GEOID":"29099","NAME":"Jefferson","STATEFP":"29"},"geometry":{"type":"Polygon","coordinates":[[[692.6,315.8],[692.1,322],[694.9,324.9],[696,326.6],[699,325.5],[701.9,323.3],[699.8,321.2],[699.9,317.2],[698.5,314.6],[692.6,315.8]]]}},{"type":"Feature","properties":{"GEOID":"29101","NAME":"Johnson","STATEFP":"29"},"geometry":{"type":"Polygon","coordinates":[[[630.6,309.4],[630.7,315.7],[631.7,315.7],[641.8,315.7],[641.8,306.9],[635.7,306.8],[630.6,307.4],[630.6,309.4]]]}},{"type":"Feature","properties":{"GEOID":"29103","NAME":"Knox","STATEFP":"29"},"geometry":{"type":"Polygon","coordinates":[[[661.5,273.6],[661.8,279.9],[662.9,281.9],[668.9,281.7],[668.6,274.4],[668.6,273.4],[661.5,273.6]]]}},{"type":"Feature","properties":{"GEOID":"29105","NAME":"Laclede","STATEFP":"29"},"geometry":{"type":"Polygon","coordinates":[[[654.3,331],[654.7,340.8],[657.8,340.7],[665.8,340.6],[665.8,337.5],[662.6,335],[662.6,331.6],[660,333.1],[658.7,330.9],[654.3,331]]]}},{"type":"Feature","properties":{"GEOID":"29107","NAME":"Lafayette","STATEFP":"29"},"geometry":{"type":"Polygon","coordinates":[[[630.7,302],[630.6,307.4],[635.7,306.8],[641.8,306.9],[641.9,306.5],[642,298.2],[636.9,300.4],[632.1,300.9],[630.7,302]]]}},{"type":"Feature","properties":{"GEOID":"29109","NAME":"Lawrence","STATEFP":"29"},"geometry":{"type":"Polygon","coordinates":[[[632.6,346],[632.5,351.7],[632.5,354.5],[641,354.5],[640.9,352.7],[640.9,350.3],[640.5,346],[632.6,346]]]}},{"type":"Feature","properties":{"GEOID":"29111","NAME":"Lewis","STATEFP":"29"},"geometry":{"type":"Polygon","coordinates":[[[668.6,274.4],[668.9,281.7],[670.9,281.7],[678.1,281.4],[677,279.3],[676.6,275.4],[676.7,274.3],[668.6,274.4]]]}},{"type":"Feature","properties":{"GEOID":"29113","NAME":"Lincoln","STATEFP":"29"},"geometry":{"type":"Polygon","coordinates":[[[691.9,297.8],[683.5,298.2],[682.2,300.3],[682.3,303.8],[685.2,306.5],[688,306.4],[690.5,306.1],[693.3,304.6],[691.9,297.8]]]}},{"type":"Feature","properties":{"GEOID":"29115","NAME":"Linn","STATEFP":"29"},"geometry":{"type":"Polygon","coordinates":[[[643.6,282.2],[643.7,288.4],[645.5,288.4],[652.9,288.2],[652.8,280.2],[652.6,280.2],[643.6,280.6],[643.6,282.2]]]}},{"type":"Feature","properties":{"GEOID":"29117","NAME":"Livingston","STATEFP":"29"},"geometry":{"type":"Polygon","coordinates":[[[636.5,282.5],[636.6,286.7],[636.7,290.8],[645.4,290.5],[645.5,288.4],[643.7,288.4],[643.6,282.2],[636.5,282.5]]]}},{"type":"Feature","properties":{"GEOID":"29119","NAME":"McDonald","STATEFP":"29"},"geometry":{"type":"Polygon","coordinates":[[[622.2,358.6],[622.3,360.9],[622.3,364.9],[632.5,364.7],[632.5,358.8],[622.2,358.6]]]}},{"type":"Feature","properties":{"GEOID":"29121","NAME":"Macon","STATEFP":"29"},"geometry":{"type":"Polygon","coordinates":[[[652.8,280.2],[652.9,288.2],[655.9,288.2],[655.9,290.3],[663,290.1],[662.9,281.9],[661.8,279.9],[652.8,280.2]]]}},{"type":"Feature","properties":{"GEOID":"29123","NAME":"Madison","STATEFP":"29"},"geometry":{"type":"Polygon","coordinates":[[[697.4,335],[697.6,342.8],[703.7,342.5],[705.1,342.5],[704.6,335.7],[704.6,334.7],[697.4,335]]]}},{"type":"Feature","properties":{"GEOID":"29125","NAME":"Maries","STATEFP":"29"},"geometry":{"type":"Polygon","coordinates":[[[666.1,321.2],[666.5,327.7],[669.6,327.7],[671.8,326.6],[676.7,326.4],[676.6,324],[676.2,320.8],[666.1,321.2]]]}},{"type":"Feature","properties":{"GEOID":"29127","NAME":"Marion","STATEFP":"29"},"geometry":{"type":"Polygon","coordinates":[[[670.9,281.7],[671.1,288.5],[673.4,288.4],[673.4,287.8],[680.7,287.4],[679.6,285.7],[678.1,281.4],[670.9,281.7]]]}},{"type":"Feature","properties":{"GEOID":"29129","NAME":"Mercer","STATEFP":"29"},"geometry":{"type":"Polygon","coordinates":[[[639.8,267.7],[635.9,267.9],[636.3,275.3],[643.3,275.1],[643.3,272.3],[643,267.7],[639.8,267.7]]]}},{"type":"Feature","properties":{"GEOID":"29131","NAME":"Miller","STATEFP":"29"},"geometry":{"type":"Polygon","coordinates":[[[658.1,318.2],[657,320.2],[657,323.2],[659.4,326.8],[662.5,327.7],[666.5,327.7],[666.1,321.2],[666.1,320.1],[662.2,320.2],[660.5,318.2],[658.1,318.2]]]}},{"type":"Feature","properties":{"GEOID":"29133","NAME":"Mississippi","STATEFP":"29"},"geometry":{"type":"Polygon","coordinates":[[[717.4,352.2],[721.4,357.5],[724.2,356.9],[724.9,353.6],[725.1,349.9],[724.4,349],[721.9,347.2],[721,348.6],[717.4,352.2]]]}},{"type":"Feature","properties":{"GEOID":"29135","NAME":"Moniteau","STATEFP":"29"},"geometry":{"type":"Polygon","coordinates":[[[660,306.4],[658,312.3],[654,312.3],[654,314.4],[658.1,318.2],[660.5,318.2],[662,310.7],[662.3,309.3],[660,306.4]]]}},{"type":"Feature","properties":{"GEOID":"29137","NAME":"Monroe","STATEFP":"29"},"geometry":{"type":"Polygon","coordinates":[[[671.1,288.5],[665,288.7],[663,290.1],[663,296.2],[673.7,296],[673.4,288.4],[671.1,288.5]]]}},{"type":"Feature","properties":{"GEOID":"29139","NAME":"Montgomery","STATEFP":"29"},"geometry":{"type":"Polygon","coordinates":[[[675.5,302.6],[675.7,311],[675.8,311],[679.8,310.6],[679.7,307.4],[682.5,307.3],[682.3,303.8],[682.2,300.3],[679.5,300.4],[675.5,300.4],[675.5,302.6]]]}},{"type":"Feature","properties":{"GEOID":"29141","NAME":"Morgan","STATEFP":"29"},"geometry":{"type":"Polygon","coordinates":[[[650,312.2],[649.9,316.1],[650,322.4],[651,323.9],[655.7,324],[657,323.2],[657,320.2],[658.1,318.2],[654,314.4],[654,312.3],[650,312.2]]]}},{"type":"Feature","properties":{"GEOID":"29143","NAME":"New Madrid","STATEFP":"29"},"geometry":{"type":"Polygon","coordinates":[[[714.2,352.6],[714.4,358.1],[709.6,358.4],[709.9,364.1],[716.4,363.1],[717.8,364.8],[717.6,361],[718.6,360.9],[719.9,360.8],[721.4,357.5],[717.4,352.2],[714.2,352.6]]]}},{"type":"Feature","properties":{"GEOID":"29145","NAME":"Newton","STATEFP":"29"},"geometry":{"type":"Polygon","coordinates":[[[622.1,353],[622.2,358.6],[632.5,358.8],[632.5,354.5],[632.5,351.7],[622.1,351.7],[622.1,353]]]}},{"type":"Feature","properties":{"GEOID":"29147","NAME":"Nodaway","STATEFP":"29"},"geometry":{"type":"Polygon","coordinates":[[[610.5,268.3],[611,275.8],[612.9,275.8],[613.5,278.9],[621.3,278.9],[621.3,272.7],[620.7,268.3],[615.6,268.3],[610.5,268.3]]]}},{"type":"Feature","properties":{"GEOID":"29149","NAME":"Oregon","STATEFP":"29"},"geometry":{"type":"Polygon","coordinates":[[[685.6,353.7],[677.5,354],[677.6,363.2],[681.8,363.1],[682.6,363],[687.9,362.8],[687.7,355],[685.6,353.7]]]}},{"type":"Feature","properties":{"GEOID":"29151","NAME":"Osage","STATEFP":"29"},"geometry":{"type":"Polygon","coordinates":[[[669.2,314.4],[669.3,316.1],[666.8,317.8],[666.1,320.1],[666.1,321.2],[676.2,320.8],[675.8,311],[675.7,311],[671.7,312.1],[669.2,314.4]]]}},{"type":"Feature","properties":{"GEOID":"29153","NAME":"Ozark","STATEFP":"29"},"geometry":{"type":"Polygon","coordinates":[[[669.1,356.6],[656.9,356.8],[657,364.1],[661.5,363.9],[668.6,363.6],[669.2,363.6],[669.1,356.6]]]}},{"type":"Feature","properties":{"GEOID":"29155","NAME":"Pemiscot","STATEFP":"29"},"geometry":{"type":"Polygon","coordinates":[[[709.9,364.1],[710.5,373.3],[714.8,373],[716.4,368.5],[717.8,364.8],[716.4,363.1],[709.9,364.1]]]}},{"type":"Feature","properties":{"GEOID":"29157","NAME":"Perry","STATEFP":"29"},"geometry":{"type":"Polygon","coordinates":[[[708.1,328.9],[705.2,333.9],[704.6,334.7],[704.6,335.7],[709.9,335.3],[714.6,335.1],[716.2,335.7],[716.2,335.6],[716.2,332.9],[713,330.3],[709.7,328.1],[708.1,328.9]]]}},{"type":"Feature","properties":{"GEOID":"29159","NAME":"Pettis","STATEFP":"29"},"geometry":{"type":"Polygon","coordinates":[[[650,306.6],[641.9,306.5],[641.8,306.9],[641.8,315.7],[641.8,316.7],[649.9,316.1],[650,312.2],[650,306.6]]]}},{"type":"Feature","properties":{"GEOID":"29161","NAME":"Phelps","STATEFP":"29"},"geometry":{"type":"Polygon","coordinates":[[[676.6,324],[676.7,326.4],[671.8,326.6],[669.6,327.7],[669.8,337.4],[673.9,337.3],[673.8,332.7],[678.9,332.6],[678.4,323.9],[676.6,324]]]}},{"type":"Feature","properties":{"GEOID":"29163","NAME":"Pike","STATEFP":"29"},"geometry":{"type":"Polygon","coordinates":[[[683.2,289.4],[678.2,293.1],[678.8,296.2],[679.5,300.4],[682.2,300.3],[683.5,298.2],[691.9,297.8],[687.8,293.9],[685.9,292.8],[683.2,289.4]]]}},{"type":"Feature","properties":{"GEOID":"29165","NAME":"Platte","STATEFP":"29"},"geometry":{"type":"Polygon","coordinates":[[[615,295.7],[616.3,298.6],[618.5,300.9],[621.7,301.8],[621.6,294.8],[621.6,293],[612.5,293],[615,295.7]]]}},{"type":"Feature","properties":{"GEOID":"29167","NAME":"Polk","STATEFP":"29"},"geometry":{"type":"Polygon","coordinates":[[[640.1,333],[640.5,339.1],[640.5,342.5],[648.6,342.5],[648.3,333.4],[641.1,333],[640.1,333]]]}},{"type":"Feature","properties":{"GEOID":"29169","NAME":"Pulaski","STATEFP":"29"},"geometry":{"type":"Polygon","coordinates":[[[662.5,327.7],[662.6,331.6],[662.6,335],[665.8,337.5],[669.8,337.4],[669.6,327.7],[666.5,327.7],[662.5,327.7]]]}},{"type":"Feature","properties":{"GEOID":"29171","NAME":"Putnam","STATEFP":"29"},"geometry":{"type":"Polygon","coordinates":[[[647.9,267.4],[643,267.7],[643.3,272.3],[652.4,272],[652.4,273],[655.4,272.9],[654.7,267.1],[647.9,267.4]]]}},{"type":"Feature","properties":{"GEOID":"29173","NAME":"Ralls","STATEFP":"29"},"geometry":{"type":"Polygon","coordinates":[[[673.4,288.4],[673.7,296],[678.8,296.2],[678.2,293.1],[683.2,289.4],[680.7,287.4],[673.4,287.8],[673.4,288.4]]]}},{"type":"Feature","properties":{"GEOID":"29175","NAME":"Randolph","STATEFP":"29"},"geometry":{"type":"Polygon","coordinates":[[[655.9,290.3],[655.9,297.1],[660.9,298.7],[663,298.6],[663,296.2],[663,290.1],[655.9,290.3]]]}},{"type":"Feature","properties":{"GEOID":"29177","NAME":"Ray","STATEFP":"29"},"geometry":{"type":"Polygon","coordinates":[[[628.6,294.7],[628.7,300.6],[630.7,302],[632.1,300.9],[636.9,300.4],[636.8,292.9],[628.7,293],[628.6,294.7]]]}},{"type":"Feature","properties":{"GEOID":"29179","NAME":"Reynolds","STATEFP":"29"},"geometry":{"type":"Polygon","coordinates":[[[685.2,341.1],[687,346.2],[689.2,348.5],[690.2,349.5],[693.6,349.3],[694.2,344.1],[693.3,341.7],[693.1,336.2],[686,337],[683.1,337],[683.2,339.1],[685.2,341.1]]]}},{"type":"Feature","properties":{"GEOID":"29181","NAME":"Ripley","STATEFP":"29"},"geometry":{"type":"Polygon","coordinates":[[[687.7,355],[687.9,362.8],[694.3,362.4],[698.2,362.2],[697.6,357.9],[696.1,354.9],[687.7,355]]]}},{"type":"Feature","properties":{"GEOID":"29183","NAME":"St. Charles","STATEFP":"29"},"geometry":{"type":"Polygon","coordinates":[[[688,306.4],[688.3,314.1],[692.4,311.7],[695.6,310.5],[697.5,306.9],[700,305.3],[703.4,307.1],[700.3,304.5],[697.1,303.6],[695.5,305.9],[693.3,304.6],[690.5,306.1],[688,306.4]]]}},{"type":"Feature","properties":{"GEOID":"29185","NAME":"St. Clair","STATEFP":"29"},"geometry":{"type":"Polygon","coordinates":[[[632.1,328.3],[632,331.5],[636.8,331.6],[640.1,333],[641.1,333],[642.2,330.9],[642.3,327.2],[641.8,324],[632.2,324.1],[632.1,328.3]]]}},{"type":"Feature","properties":{"GEOID":"29186","NAME":"Ste. Genevieve","STATEFP":"29"},"geometry":{"type":"Polygon","coordinates":[[[699,325.5],[700.8,326.8],[698.5,329.4],[703.5,334.1],[705.2,333.9],[708.1,328.9],[707,326.9],[702.8,324.2],[701.9,323.3],[699,325.5]]]}},{"type":"Feature","properties":{"GEOID":"29187","NAME":"St. Francois","STATEFP":"29"},"geometry":{"type":"Polygon","coordinates":[[[694.9,324.9],[695.2,333],[697.4,335],[704.6,334.7],[705.2,333.9],[703.5,334.1],[698.5,329.4],[700.8,326.8],[699,325.5],[696,326.6],[694.9,324.9]]]}},{"type":"Feature","properties":{"GEOID":"29189","NAME":"St. Louis","STATEFP":"29"},"geometry":{"type":"Polygon","coordinates":[[[703.4,307.1],[700,305.3],[697.5,306.9],[695.6,310.5],[692.4,311.7],[692.6,315.8],[698.5,314.6],[699.9,317.2],[701.1,314],[701.2,313.7],[700,312.3],[702.6,307.9],[703.4,307.1]]]}},{"type":"Feature","properties":{"GEOID":"29195","NAME":"Saline","STATEFP":"29"},"geometry":{"type":"Polygon","coordinates":[[[642,298.2],[641.9,306.5],[650,306.6],[652,303.3],[653.4,299.5],[649.3,297],[648.7,295.9],[646.6,297.2],[642,298.2]]]}},{"type":"Feature","properties":{"GEOID":"29197","NAME":"Schuyler","STATEFP":"29"},"geometry":{"type":"Polygon","coordinates":[[[654.7,267.1],[655.4,272.9],[661.4,272.6],[661.2,266.7],[656.1,267],[654.7,267.1]]]}},{"type":"Feature","properties":{"GEOID":"29199","NAME":"Scotland","STATEFP":"29"},"geometry":{"type":"Polygon","coordinates":[[[664.2,266.5],[661.2,266.7],[661.4,272.6],[661.5,273.6],[668.6,273.4],[668.4,266.2],[664.2,266.5]]]}},{"type":"Feature","properties":{"GEOID":"29201","NAME":"Scott","STATEFP":"29"},"geometry":{"type":"Polygon","coordinates":[[[717.3,343.1],[714.9,343.7],[712.4,346.4],[714.2,352.6],[717.4,352.2],[721,348.6],[719.8,348],[717.3,343.1]]]}},{"type":"Feature","properties":{"GEOID":"29203","NAME":"Shannon","STATEFP":"29"},"geometry":{"type":"Polygon","coordinates":[[[685.2,341.1],[677.1,341.3],[677.3,350.2],[677.5,354],[685.6,353.7],[685.5,348.9],[689.2,348.5],[687,346.2],[685.2,341.1]]]}},{"type":"Feature","properties":{"GEOID":"29205","NAME":"Shelby","STATEFP":"29"},"geometry":{"type":"Polygon","coordinates":[[[662.9,281.9],[663,290.1],[665,288.7],[671.1,288.5],[670.9,281.7],[668.9,281.7],[662.9,281.9]]]}},{"type":"Feature","properties":{"GEOID":"29207","NAME":"Stoddard","STATEFP":"29"},"geometry":{"type":"Polygon","coordinates":[[[703.5,351.8],[705.7,356.4],[706,358.6],[709.6,358.4],[714.4,358.1],[714.2,352.6],[712.4,346.4],[710.5,346.5],[708.9,348.3],[706.1,348.8],[703.5,351.8]]]}},{"type":"Feature","properties":{"GEOID":"29209","NAME":"Stone","STATEFP":"29"},"geometry":{"type":"Polygon","coordinates":[[[641,354.5],[641.7,356.9],[641.7,364.5],[646.8,364.4],[646.8,356.8],[646,352.7],[640.9,352.7],[641,354.5]]]}},{"type":"Feature","properties":{"GEOID":"29211","NAME":"Sullivan","STATEFP":"29"},"geometry":{"type":"Polygon","coordinates":[[[643.3,272.3],[643.3,275.1],[643.6,280.6],[652.6,280.2],[652.4,273],[652.4,272],[643.3,272.3]]]}},{"type":"Feature","properties":{"GEOID":"29213","NAME":"Taney","STATEFP":"29"},"geometry":{"type":"Polygon","coordinates":[[[646.8,356.8],[646.8,364.4],[647.2,364.4],[655.4,364.1],[657,364.1],[656.9,356.8],[654.2,356.8],[646.8,356.8]]]}},{"type":"Feature","properties":{"GEOID":"29215","NAME":"Texas","STATEFP":"29"},"geometry":{"type":"Polygon","coordinates":[[[669.8,337.4],[665.8,337.5],[665.8,340.6],[666.2,350.4],[669.3,350.4],[677.3,350.2],[677.1,341.3],[675.1,341.4],[673.9,337.3],[669.8,337.4]]]}},{"type":"Feature","properties":{"GEOID":"29217","NAME":"Vernon","STATEFP":"29"},"geometry":{"type":"Polygon","coordinates":[[[632.1,328.3],[621.9,327.9],[621.9,328.4],[621.9,337.1],[621.9,337.5],[632,337.7],[632,331.5],[632.1,328.3]]]}},{"type":"Feature","properties":{"GEOID":"29219","NAME":"Warren","STATEFP":"29"},"geometry":{"type":"Polygon","coordinates":[[[682.3,303.8],[682.5,307.3],[679.7,307.4],[679.8,310.6],[680.8,310.8],[688.3,314.1],[688,306.4],[685.2,306.5],[682.3,303.8]]]}},{"type":"Feature","properties":{"GEOID":"29221","NAME":"Washington","STATEFP":"29"},"geometry":{"type":"Polygon","coordinates":[[[686.3,322.3],[686.8,333.3],[695.2,333],[694.9,324.9],[692.1,322],[686.3,322.3]]]}},{"type":"Feature","properties":{"GEOID":"29223","NAME":"Wayne","STATEFP":"29"},"geometry":{"type":"Polygon","coordinates":[[[697.6,342.8],[694.2,344.1],[693.6,349.3],[695.7,352.2],[703.5,351.8],[706.1,348.8],[703.9,347.9],[703.7,342.5],[697.6,342.8]]]}},{"type":"Feature","properties":{"GEOID":"29225","NAME":"Webster","STATEFP":"29"},"geometry":{"type":"Polygon","coordinates":[[[650.7,342.5],[651,350.3],[654.1,350.6],[658.1,350.5],[657.8,340.7],[654.7,340.8],[650.6,340.8],[650.7,342.5]]]}},{"type":"Feature","properties":{"GEOID":"29227","NAME":"Worth","STATEFP":"29"},"geometry":{"type":"Polygon","coordinates":[[[627.8,268.2],[623.5,268.3],[620.7,268.3],[621.3,272.7],[628.2,272.6],[627.8,268.2]]]}},{"type":"Feature","properties":{"GEOID":"29229","NAME":"Wright","STATEFP":"29"},"geometry":{"type":"Polygon","coordinates":[[[657.8,340.7],[658.1,350.5],[666.2,350.4],[665.8,340.6],[657.8,340.7]]]}},{"type":"Feature","properties":{"GEOID":"29510","NAME":"St. Louis","STATEFP":"29"},"geometry":{"type":"Polygon","coordinates":[[[702.6,307.9],[700,312.3],[701.2,313.7],[702.4,310.6],[702.6,307.9]]]}},{"type":"Feature","properties":{"GEOID":"30001","NAME":"Beaverhead","STATEFP":"30"},"geometry":{"type":"Polygon","coordinates":[[[302.3,119.6],[304,122.2],[303.7,126.8],[305.7,133.8],[307.4,135.8],[306.6,140.3],[309.8,141.9],[311.8,144.5],[312.2,151.3],[315.1,153.6],[317.2,150.9],[321.1,152.2],[324.5,150.6],[327.5,152.2],[335.6,152.9],[338.5,149.6],[333.5,148.8],[333.7,147.1],[329.1,146.3],[327.6,145],[327.9,140.9],[325.5,140.5],[323.9,138.1],[324.9,132],[324.5,129.7],[321.7,128.4],[322.3,125],[321.6,121.9],[316.8,118.4],[315.4,117.5],[311.4,119.6],[310.2,115.3],[309.7,116.6],[306.6,117],[302.3,119.6]]]}},{"type":"Feature","properties":{"GEOID":"30003","NAME":"Big Horn","STATEFP":"30"},"geometry":{"type":"Polygon","coordinates":[[[408,127.9],[405.3,127.5],[401.5,130.5],[398.8,130.1],[397.3,139],[393.1,139.8],[387.7,139],[386.1,144.6],[395.6,145.9],[392.8,150.7],[398.4,151.4],[412.1,153.1],[425.6,154.7],[425.9,150.4],[417.8,149.5],[418.9,145.5],[419.7,138],[416.8,137.4],[416.8,133],[413.2,130.5],[409.1,130],[408,127.9]]]}},{"type":"Feature","properties":{"GEOID":"30005","NAME":"Blaine","STATEFP":"30"},"geometry":{"type":"Polygon","coordinates":[[[405,57.8],[385.6,55.2],[382,75],[380.6,84.2],[382.6,84.8],[385,83.5],[390.2,84.3],[390.9,85.7],[391.5,81.4],[395.7,82],[398.9,81.1],[400.6,70.3],[402.5,67.6],[403.9,63.7],[405,57.8]]]}},{"type":"Feature","properties":{"GEOID":"30007","NAME":"Broadwater","STATEFP":"30"},"geometry":{"type":"Polygon","coordinates":[[[346,101.9],[343.6,102.1],[343,105.7],[340.6,105.6],[338.6,117.7],[340.6,118],[339.8,123],[344.3,119.9],[346.2,115.6],[350.9,116.3],[350.4,113.2],[351.7,111.5],[348.8,110.1],[348.1,106.9],[346,101.9]]]}},{"type":"Feature","properties":{"GEOID":"30009","NAME":"Carbon","STATEFP":"30"},"geometry":{"type":"Polygon","coordinates":[[[384.9,135.1],[381.2,135.3],[378.8,137.8],[376.1,137.4],[372.4,139.3],[369.6,143.5],[367.8,143.3],[367.2,147.1],[386.7,149.9],[392.8,150.7],[395.6,145.9],[386.1,144.6],[387.7,139],[384.9,135.1]]]}},{"type":"Feature","properties":{"GEOID":"30011","NAME":"Carter","STATEFP":"30"},"geometry":{"type":"Polygon","coordinates":[[[448.7,138.3],[447.6,148.5],[446.8,148.4],[446,156.7],[462.2,158.2],[463,153.2],[464.2,137.5],[462.9,135.3],[458.7,134.9],[458.9,132.9],[457,130.9],[451,130.3],[450.1,130.2],[449.4,138.4],[448.7,138.3]]]}},{"type":"Feature","properties":{"GEOID":"30013","NAME":"Cascade","STATEFP":"30"},"geometry":{"type":"Polygon","coordinates":[[[340.1,83.1],[338.9,90.5],[342.7,92.7],[341.9,97.7],[344,98],[346.2,96.3],[353.5,97.3],[356.1,98.4],[359.7,102.7],[360.8,96.4],[358.8,96.1],[359.8,90],[362.1,89],[356.3,84],[357.8,81.7],[350.9,80.6],[346.9,79.9],[346.5,81.9],[342.5,81.2],[340.1,83.1]]]}},{"type":"Feature","properties":{"GEOID":"30015","NAME":"Chouteau","STATEFP":"30"},"geometry":{"type":"Polygon","coordinates":[[[382,75],[379,74.6],[379.3,72.6],[377.7,70.4],[365.5,68.5],[363.1,70.2],[361.7,72],[352.6,70.6],[352,73.9],[350.9,80.6],[357.8,81.7],[356.3,84],[362.1,89],[368.8,90],[375.1,87.9],[376.1,84.1],[380.6,84.2],[382,75]]]}},{"type":"Feature","properties":{"GEOID":"30017","NAME":"Custer","STATEFP":"30"},"geometry":{"type":"Polygon","coordinates":[[[433.2,111.8],[432.6,112.1],[431.7,120.2],[430.3,128.2],[429.7,128.1],[428.8,136.3],[448.7,138.3],[449.4,138.4],[450.1,130.2],[451,130.3],[451.4,122.2],[454.2,122.4],[454.5,119.4],[450.3,120.7],[442.8,119.3],[441,117],[440.7,112.9],[433.2,111.4],[433.2,111.8]]]}},{"type":"Feature","properties":{"GEOID":"30019","NAME":"Daniels","STATEFP":"30"},"geometry":{"type":"Polygon","coordinates":[[[438.1,61.8],[437.1,65.8],[439.1,66],[438.5,72],[441.9,72.4],[454.9,73.7],[454.1,71.5],[454.6,63.4],[438.1,61.8]]]}},{"type":"Feature","properties":{"GEOID":"30021","NAME":"Dawson","STATEFP":"30"},"geometry":{"type":"Polygon","coordinates":[[[444.9,105.1],[446.2,105.2],[445.8,110],[447.8,110.2],[450.3,113.1],[457.1,113.8],[460.3,113.1],[462.3,110],[462.2,105.2],[461.1,102.6],[459.6,102.4],[460,98.3],[458.9,96.2],[452.8,95.6],[453,93.6],[448.9,93.2],[449.1,91.2],[447,91],[445.7,97],[444.9,105.1]]]}},{"type":"Feature","properties":{"GEOID":"30023","NAME":"Deer Lodge","STATEFP":"30"},"geometry":{"type":"Polygon","coordinates":[[[319.3,109.1],[315.1,109.4],[314.5,113.5],[310.2,115.3],[311.4,119.6],[315.4,117.5],[316.8,118.4],[319.7,117.1],[322.9,112.9],[326.3,112.5],[327,110.5],[319.3,109.1]]]}},{"type":"Feature","properties":{"GEOID":"30025","NAME":"Fallon","STATEFP":"30"},"geometry":{"type":"Polygon","coordinates":[[[451,130.3],[457,130.9],[458.9,132.9],[458.7,134.9],[462.9,135.3],[464.2,137.5],[464.3,136],[465,128.2],[465.5,122.1],[465.7,119.7],[460.7,119.3],[456.7,117.9],[454.5,119.4],[454.2,122.4],[451.4,122.2],[451,130.3]]]}},{"type":"Feature","properties":{"GEOID":"30027","NAME":"Fergus","STATEFP":"30"},"geometry":{"type":"Polygon","coordinates":[[[368.8,90],[369.7,93.6],[375.3,96.5],[373.8,107.9],[379.6,108.7],[379.8,107.4],[385.9,108.3],[391.9,109.1],[393.4,101.1],[391.3,100.8],[392.2,96.8],[394.3,96.3],[398.7,96.6],[399.6,90.4],[394,88.8],[390.9,85.7],[390.2,84.3],[385,83.5],[382.6,84.8],[380.6,84.2],[376.1,84.1],[375.1,87.9],[368.8,90]]]}},{"type":"Feature","properties":{"GEOID":"30029","NAME":"Flathead","STATEFP":"30"},"geometry":{"type":"Polygon","coordinates":[[[304.7,41.3],[304.9,46.6],[303.7,48.7],[300.6,48.6],[300.8,50.7],[299.2,58.6],[296.6,58.1],[295.7,62.9],[295.4,66.3],[301.4,67.4],[301.1,69.4],[303,69.8],[303.6,65.8],[310.7,67.1],[311.2,65.1],[313.5,65.6],[316.1,69.7],[315.5,76.7],[318.1,77.2],[323.1,78.2],[323.3,75.3],[324.8,74.8],[325.6,71.8],[327.2,70.4],[328.8,70],[327.4,66.3],[324.3,64.5],[323,61.2],[323.3,58.6],[321.5,57.4],[322.1,55.4],[318,53.1],[319.2,50.8],[318,47.5],[315.7,47.8],[314.8,43.4],[304.7,41.3]]]}},{"type":"Feature","properties":{"GEOID":"30031","NAME":"Gallatin","STATEFP":"30"},"geometry":{"type":"Polygon","coordinates":[[[337.3,123.4],[339.5,125.1],[341.1,127.8],[344.1,128.3],[342.6,135],[340.3,148.9],[344.6,156.1],[345.3,151.8],[346.7,144],[348.1,135.9],[350.1,136.2],[350.7,132.1],[353,130.9],[355.3,117],[350.9,116.3],[346.2,115.6],[344.3,119.9],[339.8,123],[337.3,123.4]]]}},{"type":"Feature","properties":{"GEOID":"30033","NAME":"Garfield","STATEFP":"30"},"geometry":{"type":"Polygon","coordinates":[[[405.6,94.3],[404.6,96.3],[403.9,101.9],[404.6,105.2],[404.1,108.3],[423,110.3],[433.2,111.8],[433.2,111.4],[434,104],[432.7,103.8],[433.1,99.8],[431.1,99.6],[432.1,95.6],[433,87.7],[430.7,85.4],[427.9,88.5],[423.1,89.7],[422.6,91],[416.7,90.7],[414.2,89.7],[411.2,90.3],[406.5,93],[405.6,94.3]]]}},{"type":"Feature","properties":{"GEOID":"30035","NAME":"Glacier","STATEFP":"30"},"geometry":{"type":"Polygon","coordinates":[[[343.7,48.6],[332.4,46.6],[314.8,43.4],[315.7,47.8],[318,47.5],[319.2,50.8],[318,53.1],[322.1,55.4],[321.5,57.4],[323.3,58.6],[323,61.2],[334.9,63.4],[335.7,59.4],[341.8,60.6],[343.7,48.6]]]}},{"type":"Feature","properties":{"GEOID":"30037","NAME":"Golden Valley","STATEFP":"30"},"geometry":{"type":"Polygon","coordinates":[[[379.6,108.7],[377.8,119.7],[373.7,119.1],[373.9,123.3],[377,123.7],[377.3,121.7],[385.3,122.8],[387.6,123.1],[388.1,119.8],[387,117.5],[387,112.5],[385.4,111.3],[385.9,108.3],[379.8,107.4],[379.6,108.7]]]}},{"type":"Feature","properties":{"GEOID":"30039","NAME":"Granite","STATEFP":"30"},"geometry":{"type":"Polygon","coordinates":[[[308.3,97.7],[306.9,101.1],[307.7,104.8],[307.1,110.6],[308.2,114.3],[310.2,115.3],[314.5,113.5],[315.1,109.4],[319.3,109.1],[321.2,98.3],[319.9,98.6],[317.4,95.3],[315.6,95],[314.2,96.8],[308.3,97.7]]]}},{"type":"Feature","properties":{"GEOID":"30041","NAME":"Hill","STATEFP":"30"},"geometry":{"type":"Polygon","coordinates":[[[385.6,55.2],[366.1,52.3],[363.1,70.2],[365.5,68.5],[377.7,70.4],[379.3,72.6],[379,74.6],[382,75],[385.6,55.2]]]}},{"type":"Feature","properties":{"GEOID":"30043","NAME":"Jefferson","STATEFP":"30"},"geometry":{"type":"Polygon","coordinates":[[[326.3,112.5],[327.8,114.8],[327.8,121],[330.9,123.5],[332.9,121.5],[335.6,121.8],[337.3,123.4],[339.8,123],[340.6,118],[338.6,117.7],[340.6,105.6],[336.7,105],[333.9,107.2],[331.6,107.6],[327.7,109.1],[327,110.5],[326.3,112.5]]]}},{"type":"Feature","properties":{"GEOID":"30045","NAME":"Judith Basin","STATEFP":"30"},"geometry":{"type":"Polygon","coordinates":[[[362.1,89],[359.8,90],[358.8,96.1],[360.8,96.4],[359.7,102.7],[362.4,106.5],[365.4,106.2],[370.5,106],[373.8,107.9],[375.3,96.5],[369.7,93.6],[368.8,90],[362.1,89]]]}},{"type":"Feature","properties":{"GEOID":"30047","NAME":"Lake","STATEFP":"30"},"geometry":{"type":"Polygon","coordinates":[[[315.5,76.7],[316.1,69.7],[313.5,65.6],[311.2,65.1],[310.7,67.1],[303.6,65.8],[303,69.8],[301.1,69.4],[300.5,73.7],[304.2,74.5],[303.2,79.3],[305.4,80.6],[304.7,85.6],[308.7,86.4],[310.7,85.7],[310.8,80.7],[310.1,78.5],[310.9,75.8],[315.5,76.7]]]}},{"type":"Feature","properties":{"GEOID":"30049","NAME":"Lewis and Clark","STATEFP":"30"},"geometry":{"type":"Polygon","coordinates":[[[323.1,78.2],[324,80.9],[322.8,88],[326.9,88.8],[325.5,96.8],[329.7,97.5],[329.1,100.6],[332.4,102.2],[331.6,107.6],[333.9,107.2],[336.7,105],[340.6,105.6],[343,105.7],[343.6,102.1],[346,101.9],[344,98],[341.9,97.7],[342.7,92.7],[338.9,90.5],[340.1,83.1],[336.5,82.7],[334.4,80],[332.4,78.9],[327.9,78.2],[327.2,70.4],[325.6,71.8],[324.8,74.8],[323.3,75.3],[323.1,78.2]]]}},{"type":"Feature","properties":{"GEOID":"30051","NAME":"Liberty","STATEFP":"30"},"geometry":{"type":"Polygon","coordinates":[[[366.1,52.3],[358,51],[355,68.9],[352.9,68.6],[352.6,70.6],[361.7,72],[363.1,70.2],[366.1,52.3]]]}},{"type":"Feature","properties":{"GEOID":"30053","NAME":"Lincoln","STATEFP":"30"},"geometry":{"type":"Polygon","coordinates":[[[304.7,41.3],[284.4,37.1],[281.9,48.5],[280.5,55],[280.9,56.4],[286.1,55.6],[286.3,59.6],[287.2,63.7],[292.6,64.6],[293.5,62.4],[295.7,62.9],[296.6,58.1],[299.2,58.6],[300.8,50.7],[300.6,48.6],[303.7,48.7],[304.9,46.6],[304.7,41.3]]]}},{"type":"Feature","properties":{"GEOID":"30055","NAME":"McCone","STATEFP":"30"},"geometry":{"type":"Polygon","coordinates":[[[430.7,85.4],[433,87.7],[432.1,95.6],[431.1,99.6],[433.1,99.8],[432.7,103.8],[434,104],[435.8,106.2],[438.1,104.4],[444.9,105.1],[445.7,97],[447,91],[449.1,91.2],[450.3,84.8],[444,83.9],[439.9,85.1],[433.9,84.1],[431.3,82.9],[430.7,85.4]]]}},{"type":"Feature","properties":{"GEOID":"30057","NAME":"Madison","STATEFP":"30"},"geometry":{"type":"Polygon","coordinates":[[[337.3,123.4],[335.6,121.8],[332.9,121.5],[330.9,123.5],[325.6,122.7],[322.3,125],[321.7,128.4],[324.5,129.7],[324.9,132],[323.9,138.1],[325.5,140.5],[327.9,140.9],[327.6,145],[329.1,146.3],[333.7,147.1],[333.5,148.8],[338.5,149.6],[340.3,148.9],[342.6,135],[344.1,128.3],[341.1,127.8],[339.5,125.1],[337.3,123.4]]]}},{"type":"Feature","properties":{"GEOID":"30059","NAME":"Meagher","STATEFP":"30"},"geometry":{"type":"Polygon","coordinates":[[[346,101.9],[348.1,106.9],[348.8,110.1],[351.7,111.5],[350.4,113.2],[350.9,116.3],[355.3,117],[363.4,118.4],[363.6,117.6],[365.4,106.2],[362.4,106.5],[359.7,102.7],[356.1,98.4],[353.5,97.3],[346.2,96.3],[344,98],[346,101.9]]]}},{"type":"Feature","properties":{"GEOID":"30061","NAME":"Mineral","STATEFP":"30"},"geometry":{"type":"Polygon","coordinates":[[[283.5,73.2],[281.5,73.7],[287,79.1],[290.3,86.8],[291.5,87.9],[291.6,90.4],[295.1,93.3],[297.2,93.5],[297.9,88.5],[299.5,87.3],[295.8,81.8],[295.6,80.7],[293.1,79.2],[293.3,77.2],[289,74.2],[283.5,73.2]]]}},{"type":"Feature","properties":{"GEOID":"30063","NAME":"Missoula","STATEFP":"30"},"geometry":{"type":"Polygon","coordinates":[[[315.5,76.7],[310.9,75.8],[310.1,78.5],[310.8,80.7],[310.7,85.7],[308.7,86.4],[304.7,85.6],[297.4,80.9],[295.6,80.7],[295.8,81.8],[299.5,87.3],[297.9,88.5],[297.2,93.5],[295.1,93.3],[295.9,95.9],[300.2,96.1],[308.3,97.7],[314.2,96.8],[315.6,95],[317.4,95.3],[318.9,87.3],[316.3,86.8],[318.1,77.2],[315.5,76.7]]]}},{"type":"Feature","properties":{"GEOID":"30065","NAME":"Musselshell","STATEFP":"30"},"geometry":{"type":"Polygon","coordinates":[[[385.9,108.3],[385.4,111.3],[387,112.5],[387,117.5],[388.1,119.8],[387.6,123.1],[393.7,123.9],[395.5,121.1],[400.2,121.7],[402.2,118.8],[404.6,119.1],[404.9,116.8],[404.9,110.6],[391.9,109.1],[385.9,108.3]]]}},{"type":"Feature","properties":{"GEOID":"30067","NAME":"Park","STATEFP":"30"},"geometry":{"type":"Polygon","coordinates":[[[355.3,117],[353,130.9],[350.7,132.1],[350.1,136.2],[348.1,135.9],[346.7,144],[352.3,145.1],[367.2,147.1],[367.8,143.3],[363.4,142.5],[360.8,142.1],[363,127.9],[361.9,127.7],[363.4,118.4],[355.3,117]]]}},{"type":"Feature","properties":{"GEOID":"30069","NAME":"Petroleum","STATEFP":"30"},"geometry":{"type":"Polygon","coordinates":[[[399.6,90.4],[398.7,96.6],[394.3,96.3],[392.2,96.8],[391.3,100.8],[393.4,101.1],[391.9,109.1],[404.9,110.6],[404.1,108.3],[404.6,105.2],[403.9,101.9],[404.6,96.3],[405.6,94.3],[405.6,91.5],[403.6,90.6],[399.6,90.4]]]}},{"type":"Feature","properties":{"GEOID":"30071","NAME":"Phillips","STATEFP":"30"},"geometry":{"type":"Polygon","coordinates":[[[405,57.8],[403.9,63.7],[402.5,67.6],[400.6,70.3],[398.9,81.1],[395.7,82],[391.5,81.4],[390.9,85.7],[394,88.8],[399.6,90.4],[403.6,90.6],[405.6,91.5],[405.6,94.3],[406.5,93],[411.2,90.3],[414.2,89.7],[415.8,77.5],[418.3,75.8],[418.2,71.6],[419.9,69.8],[420.8,61.8],[421.5,59.9],[405,57.8]]]}},{"type":"Feature","properties":{"GEOID":"30073","NAME":"Pondera","STATEFP":"30"},"geometry":{"type":"Polygon","coordinates":[[[341.8,60.6],[335.7,59.4],[334.9,63.4],[323,61.2],[324.3,64.5],[327.4,66.3],[340.5,68.6],[342.4,69.9],[343,72.5],[352,73.9],[352.6,70.6],[352.9,68.6],[348.9,67.9],[349.4,64.9],[344.5,61.7],[341.8,60.6]]]}},{"type":"Feature","properties":{"GEOID":"30075","NAME":"Powder River","STATEFP":"30"},"geometry":{"type":"Polygon","coordinates":[[[448.7,138.3],[428.8,136.3],[428.1,136.2],[427,146.4],[425.9,150.4],[425.6,154.7],[429.6,155.2],[445.3,156.6],[446,156.7],[446.8,148.4],[447.6,148.5],[448.7,138.3]]]}},{"type":"Feature","properties":{"GEOID":"30077","NAME":"Powell","STATEFP":"30"},"geometry":{"type":"Polygon","coordinates":[[[317.4,95.3],[319.9,98.6],[321.2,98.3],[319.3,109.1],[327,110.5],[327.7,109.1],[331.6,107.6],[332.4,102.2],[329.1,100.6],[329.7,97.5],[325.5,96.8],[326.9,88.8],[322.8,88],[324,80.9],[323.1,78.2],[318.1,77.2],[316.3,86.8],[318.9,87.3],[317.4,95.3]]]}},{"type":"Feature","properties":{"GEOID":"30079","NAME":"Prairie","STATEFP":"30"},"geometry":{"type":"Polygon","coordinates":[[[433.2,111.4],[440.7,112.9],[441,117],[442.8,119.3],[450.3,120.7],[454.5,119.4],[456.7,117.9],[457.1,113.8],[450.3,113.1],[447.8,110.2],[445.8,110],[446.2,105.2],[444.9,105.1],[438.1,104.4],[435.8,106.2],[434,104],[433.2,111.4]]]}},{"type":"Feature","properties":{"GEOID":"30081","NAME":"Ravalli","STATEFP":"30"},"geometry":{"type":"Polygon","coordinates":[[[300.2,96.1],[299.4,99.4],[296.3,104.8],[295,110.2],[295.5,114.1],[292.5,115.9],[293.1,118.5],[291.5,120.8],[296,123.4],[302.3,119.6],[306.6,117],[309.7,116.6],[310.2,115.3],[308.2,114.3],[307.1,110.6],[307.7,104.8],[306.9,101.1],[308.3,97.7],[300.2,96.1]]]}},{"type":"Feature","properties":{"GEOID":"30083","NAME":"Richland","STATEFP":"30"},"geometry":{"type":"Polygon","coordinates":[[[449.1,91.2],[448.9,93.2],[453,93.6],[452.8,95.6],[458.9,96.2],[460,98.3],[459.6,102.4],[461.1,102.6],[465.7,103],[467.2,102.1],[468.4,88.1],[461.2,84.8],[456.3,84.2],[452.8,85.2],[450.3,84.8],[449.1,91.2]]]}},{"type":"Feature","properties":{"GEOID":"30085","NAME":"Roosevelt","STATEFP":"30"},"geometry":{"type":"Polygon","coordinates":[[[450.3,84.8],[452.8,85.2],[456.3,84.2],[461.2,84.8],[468.4,88.1],[469.2,79],[460,78.2],[460.2,76.2],[458.3,74],[454.9,73.7],[441.9,72.4],[441,80.3],[439.9,85.1],[444,83.9],[450.3,84.8]]]}},{"type":"Feature","properties":{"GEOID":"30087","NAME":"Rosebud","STATEFP":"30"},"geometry":{"type":"Polygon","coordinates":[[[405.5,117.2],[414.7,118.3],[416.8,120.6],[416.5,126.7],[417.5,126.8],[416.8,133],[416.8,137.4],[419.7,138],[418.9,145.5],[417.8,149.5],[425.9,150.4],[427,146.4],[428.1,136.2],[428.8,136.3],[429.7,128.1],[430.3,128.2],[431.7,120.2],[432.6,112.1],[433.2,111.8],[423,110.3],[404.1,108.3],[404.9,110.6],[404.9,116.8],[405.5,117.2]]]}},{"type":"Feature","properties":{"GEOID":"30089","NAME":"Sanders","STATEFP":"30"},"geometry":{"type":"Polygon","coordinates":[[[283.5,73.2],[289,74.2],[293.3,77.2],[293.1,79.2],[295.6,80.7],[297.4,80.9],[304.7,85.6],[305.4,80.6],[303.2,79.3],[304.2,74.5],[300.5,73.7],[301.1,69.4],[301.4,67.4],[295.4,66.3],[295.7,62.9],[293.5,62.4],[292.6,64.6],[287.2,63.7],[286.3,59.6],[286.1,55.6],[280.9,56.4],[280.5,55],[279.4,60.4],[281.8,66.3],[283.1,68],[283.5,73.2]]]}},{"type":"Feature","properties":{"GEOID":"30091","NAME":"Sheridan","STATEFP":"30"},"geometry":{"type":"Polygon","coordinates":[[[454.6,63.4],[454.1,71.5],[454.9,73.7],[458.3,74],[460.2,76.2],[460,78.2],[469.2,79],[469.6,73.3],[470.3,64.8],[454.6,63.4]]]}},{"type":"Feature","properties":{"GEOID":"30093","NAME":"Silver Bow","STATEFP":"30"},"geometry":{"type":"Polygon","coordinates":[[[326.3,112.5],[322.9,112.9],[319.7,117.1],[316.8,118.4],[321.6,121.9],[322.3,125],[325.6,122.7],[330.9,123.5],[327.8,121],[327.8,114.8],[326.3,112.5]]]}},{"type":"Feature","properties":{"GEOID":"30095","NAME":"Stillwater","STATEFP":"30"},"geometry":{"type":"Polygon","coordinates":[[[377,123.7],[375.2,125.5],[373.7,129.5],[373.2,133.5],[371.2,133.2],[366.8,134.7],[366.2,138.7],[364.1,138.4],[363.4,142.5],[367.8,143.3],[369.6,143.5],[372.4,139.3],[376.1,137.4],[378.8,137.8],[381.2,135.3],[384.9,135.1],[384.2,133.3],[385.3,122.8],[377.3,121.7],[377,123.7]]]}},{"type":"Feature","properties":{"GEOID":"30097","NAME":"Sweet Grass","STATEFP":"30"},"geometry":{"type":"Polygon","coordinates":[[[363.4,118.4],[361.9,127.7],[363,127.9],[360.8,142.1],[363.4,142.5],[364.1,138.4],[366.2,138.7],[366.8,134.7],[371.2,133.2],[373.2,133.5],[373.7,129.5],[375.2,125.5],[377,123.7],[373.9,123.3],[373.7,119.1],[363.6,117.6],[363.4,118.4]]]}},{"type":"Feature","properties":{"GEOID":"30099","NAME":"Teton","STATEFP":"30"},"geometry":{"type":"Polygon","coordinates":[[[327.2,70.4],[327.9,78.2],[332.4,78.9],[334.4,80],[336.5,82.7],[340.1,83.1],[342.5,81.2],[346.5,81.9],[346.9,79.9],[350.9,80.6],[352,73.9],[343,72.5],[342.4,69.9],[340.5,68.6],[327.4,66.3],[328.8,70],[327.2,70.4]]]}},{"type":"Feature","properties":{"GEOID":"30101","NAME":"Toole","STATEFP":"30"},"geometry":{"type":"Polygon","coordinates":[[[343.7,48.6],[341.8,60.6],[344.5,61.7],[349.4,64.9],[348.9,67.9],[352.9,68.6],[355,68.9],[358,51],[343.7,48.6]]]}},{"type":"Feature","properties":{"GEOID":"30103","NAME":"Treasure","STATEFP":"30"},"geometry":{"type":"Polygon","coordinates":[[[405.5,117.2],[408.9,125.9],[408,127.9],[409.1,130],[413.2,130.5],[416.8,133],[417.5,126.8],[416.5,126.7],[416.8,120.6],[414.7,118.3],[405.5,117.2]]]}},{"type":"Feature","properties":{"GEOID":"30105","NAME":"Valley","STATEFP":"30"},"geometry":{"type":"Polygon","coordinates":[[[438.1,61.8],[421.5,59.9],[420.8,61.8],[419.9,69.8],[418.2,71.6],[418.3,75.8],[415.8,77.5],[414.2,89.7],[416.7,90.7],[422.6,91],[423.1,89.7],[427.9,88.5],[430.7,85.4],[431.3,82.9],[433.9,84.1],[439.9,85.1],[441,80.3],[441.9,72.4],[438.5,72],[439.1,66],[437.1,65.8],[438.1,61.8]]]}},{"type":"Feature","properties":{"GEOID":"30107","NAME":"Wheatland","STATEFP":"30"},"geometry":{"type":"Polygon","coordinates":[[[373.8,107.9],[370.5,106],[365.4,106.2],[363.6,117.6],[373.7,119.1],[377.8,119.7],[379.6,108.7],[373.8,107.9]]]}},{"type":"Feature","properties":{"GEOID":"30109","NAME":"Wibaux","STATEFP":"30"},"geometry":{"type":"Polygon","coordinates":[[[461.1,102.6],[462.2,105.2],[462.3,110],[460.3,113.1],[457.1,113.8],[456.7,117.9],[460.7,119.3],[465.7,119.7],[467.1,103.6],[467.2,102.1],[465.7,103],[461.1,102.6]]]}},{"type":"Feature","properties":{"GEOID":"30111","NAME":"Yellowstone","STATEFP":"30"},"geometry":{"type":"Polygon","coordinates":[[[404.9,116.8],[404.6,119.1],[402.2,118.8],[400.2,121.7],[395.5,121.1],[393.7,123.9],[387.6,123.1],[385.3,122.8],[384.2,133.3],[384.9,135.1],[387.7,139],[393.1,139.8],[397.3,139],[398.8,130.1],[401.5,130.5],[405.3,127.5],[408,127.9],[408.9,125.9],[405.5,117.2],[404.9,116.8]]]}},{"type":"Feature","properties":{"GEOID":"31001","NAME":"Adams","STATEFP":"31"},"geometry":{"type":"Polygon","coordinates":[[[548.1,265],[547.8,273.1],[555.8,273.3],[556,265],[555.9,265],[548.1,264.8],[548.1,265]]]}},{"type":"Feature","properties":{"GEOID":"31003","NAME":"Antelope","STATEFP":"31"},"geometry":{"type":"Polygon","coordinates":[[[556.6,223.8],[556.4,232.1],[556.4,236.2],[564.4,236.3],[564.5,232.2],[564.6,224],[556.6,223.8]]]}},{"type":"Feature","properties":{"GEOID":"31005","NAME":"Arthur","STATEFP":"31"},"geometry":{"type":"Polygon","coordinates":[[[491.8,237.5],[491.3,245.7],[501.5,246.3],[501.9,238.1],[501.6,238],[491.8,237.5]]]}},{"type":"Feature","properties":{"GEOID":"31007","NAME":"Banner","STATEFP":"31"},"geometry":{"type":"Polygon","coordinates":[[[455.7,235.9],[455.5,239],[455.1,243.1],[466.9,244],[467.2,243],[467.6,236.8],[455.7,235.9]]]}},{"type":"Feature","properties":{"GEOID":"31009","NAME":"Blaine","STATEFP":"31"},"geometry":{"type":"Polygon","coordinates":[[[522.2,231],[521.9,239.2],[522.1,239.2],[532,239.6],[532.3,231.4],[523.9,231],[522.2,231]]]}},{"type":"Feature","properties":{"GEOID":"31011","NAME":"Boone","STATEFP":"31"},"geometry":{"type":"Polygon","coordinates":[[[564.4,236.3],[556.4,236.2],[556.3,240.3],[556.2,246.5],[559.5,246.6],[564.3,245.6],[564.4,240.5],[564.4,236.3]]]}},{"type":"Feature","properties":{"GEOID":"31013","NAME":"Box Butte","STATEFP":"31"},"geometry":{"type":"Polygon","coordinates":[[[467.7,219.3],[467.1,227.5],[467.6,229.6],[468.3,229.6],[479.9,230.4],[479.2,228.3],[479.3,220.1],[467.7,219.3]]]}},{"type":"Feature","properties":{"GEOID":"31015","NAME":"Boyd","STATEFP":"31"},"geometry":{"type":"Polygon","coordinates":[[[553.5,210.5],[540.5,210.1],[540.3,214.7],[545.6,212.7],[549.7,215],[556.7,216.2],[556.7,213.3],[553.5,210.5]]]}},{"type":"Feature","properties":{"GEOID":"31017","NAME":"Brown","STATEFP":"31"},"geometry":{"type":"Polygon","coordinates":[[[533,216.1],[525.2,214],[524.2,213.1],[523.9,231],[532.3,231.4],[532.7,231.4],[533,216.1]]]}},{"type":"Feature","properties":{"GEOID":"31019","NAME":"Buffalo","STATEFP":"31"},"geometry":{"type":"Polygon","coordinates":[[[535.9,256.2],[535.8,265.1],[540,265.5],[544.8,265.8],[548.1,265],[548.1,264.8],[548.3,256.6],[547.9,256.5],[539.8,256.3],[535.9,256.2]]]}},{"type":"Feature","properties":{"GEOID":"31021","NAME":"Burt","STATEFP":"31"},"geometry":{"type":"Polygon","coordinates":[[[586.7,234.3],[586.7,240.7],[588.6,242.1],[594.2,242.2],[595.2,239.6],[593.9,237.8],[594.1,235.5],[591.6,233.5],[586.7,234.3]]]}},{"type":"Feature","properties":{"GEOID":"31023","NAME":"Butler","STATEFP":"31"},"geometry":{"type":"Polygon","coordinates":[[[574.3,249.1],[572.3,248.8],[572.2,257.1],[580.3,257.2],[580.5,247.5],[575.7,249.3],[574.3,249.1]]]}},{"type":"Feature","properties":{"GEOID":"31025","NAME":"Cass","STATEFP":"31"},"geometry":{"type":"Polygon","coordinates":[[[598.5,257.1],[595.4,256.8],[592.7,258.5],[590.7,257.3],[588.2,258],[588.1,263.5],[599.3,263.5],[599.7,260.7],[598.5,257.1]]]}},{"type":"Feature","properties":{"GEOID":"31027","NAME":"Cedar","STATEFP":"31"},"geometry":{"type":"Polygon","coordinates":[[[570.8,214.4],[570.7,224.1],[572.7,226.2],[578.7,226.3],[578.9,216.6],[576.4,215.6],[575.4,214.5],[570.8,214.4]]]}},{"type":"Feature","properties":{"GEOID":"31029","NAME":"Chase","STATEFP":"31"},"geometry":{"type":"Polygon","coordinates":[[[501.6,262.8],[489.1,262.1],[488.7,268.2],[488.6,270.3],[501.2,271.1],[501.6,262.8]]]}},{"type":"Feature","properties":{"GEOID":"31031","NAME":"Cherry","STATEFP":"31"},"geometry":{"type":"Polygon","coordinates":[[[506.7,208.6],[492.1,207.7],[491.5,220.8],[491.4,229],[492,229.1],[502.1,229.8],[512.1,230.4],[522.2,231],[523.9,231],[524.2,213.1],[524.3,209.5],[506.7,208.6]]]}},{"type":"Feature","properties":{"GEOID":"31033","NAME":"Cheyenne","STATEFP":"31"},"geometry":{"type":"Polygon","coordinates":[[[480,243.9],[467.2,243],[466.9,244],[466.1,253.2],[479,254.2],[479.5,254.2],[480.1,249.1],[480,243.9]]]}},{"type":"Feature","properties":{"GEOID":"31035","NAME":"Clay","STATEFP":"31"},"geometry":{"type":"Polygon","coordinates":[[[564,265.2],[556,265],[555.8,273.3],[555.9,273.3],[563.9,273.4],[564,265.2]]]}},{"type":"Feature","properties":{"GEOID":"31037","NAME":"Colfax","STATEFP":"31"},"geometry":{"type":"Polygon","coordinates":[[[574.5,240.6],[574.3,249.1],[575.7,249.3],[580.5,247.5],[580.5,240.7],[578.5,240.7],[574.5,240.6]]]}},{"type":"Feature","properties":{"GEOID":"31039","NAME":"Cuming","STATEFP":"31"},"geometry":{"type":"Polygon","coordinates":[[[578.6,232.4],[578.5,240.7],[580.5,240.7],[586.7,240.7],[586.7,234.3],[586.7,232.5],[582,232.5],[578.6,232.4]]]}},{"type":"Feature","properties":{"GEOID":"31041","NAME":"Custer","STATEFP":"31"},"geometry":{"type":"Polygon","coordinates":[[[532,239.6],[522.1,239.2],[521.7,247.4],[521.8,255.6],[535.9,256.2],[539.8,256.3],[540.1,248.1],[540.2,239.9],[540.1,239.9],[532,239.6]]]}},{"type":"Feature","properties":{"GEOID":"31043","NAME":"Dakota","STATEFP":"31"},"geometry":{"type":"Polygon","coordinates":[[[585.5,222.2],[583.9,222.2],[583.8,228],[590.2,228.1],[589.8,224.1],[588.7,223],[585.5,222.2]]]}},{"type":"Feature","properties":{"GEOID":"31045","NAME":"Dawes","STATEFP":"31"},"geometry":{"type":"Polygon","coordinates":[[[467.7,205.9],[467.7,211],[467.1,219.2],[467.7,219.3],[479.3,220.1],[479.9,206.8],[476.3,206.6],[467.7,205.9]]]}},{"type":"Feature","properties":{"GEOID":"31047","NAME":"Dawson","STATEFP":"31"},"geometry":{"type":"Polygon","coordinates":[[[521.8,255.6],[521.5,263.8],[525.8,264],[531.8,264.6],[535.8,265.1],[535.9,256.2],[521.8,255.6]]]}},{"type":"Feature","properties":{"GEOID":"31049","NAME":"Deuel","STATEFP":"31"},"geometry":{"type":"Polygon","coordinates":[[[480.1,249.1],[479.5,254.2],[489.6,254.9],[489.8,249.7],[480.1,249.1]]]}},{"type":"Feature","properties":{"GEOID":"31051","NAME":"Dixon","STATEFP":"31"},"geometry":{"type":"Polygon","coordinates":[[[578.9,216.6],[578.7,226.3],[578.7,228.3],[582.1,228.4],[583.8,228],[583.9,222.2],[585.5,222.2],[582.5,217.9],[578.9,216.6]]]}},{"type":"Feature","properties":{"GEOID":"31053","NAME":"Dodge","STATEFP":"31"},"geometry":{"type":"Polygon","coordinates":[[[580.5,240.7],[580.5,247.5],[586.4,248.1],[588.1,249],[590.6,249],[588.6,245.9],[588.6,242.1],[586.7,240.7],[580.5,240.7]]]}},{"type":"Feature","properties":{"GEOID":"31055","NAME":"Douglas","STATEFP":"31"},"geometry":{"type":"Polygon","coordinates":[[[588.1,249],[590.6,253.8],[597.7,253.8],[597.5,249.1],[590.6,249],[588.1,249]]]}},{"type":"Feature","properties":{"GEOID":"31057","NAME":"Dundy","STATEFP":"31"},"geometry":{"type":"Polygon","coordinates":[[[501.2,271.1],[488.6,270.3],[488.1,278.5],[499.5,279.2],[501.1,279.3],[501.5,271.1],[501.2,271.1]]]}},{"type":"Feature","properties":{"GEOID":"31059","NAME":"Fillmore","STATEFP":"31"},"geometry":{"type":"Polygon","coordinates":[[[564,265.2],[563.9,273.4],[572,273.6],[572.1,265.3],[564,265.2]]]}},{"type":"Feature","properties":{"GEOID":"31061","NAME":"Franklin","STATEFP":"31"},"geometry":{"type":"Polygon","coordinates":[[[539.7,272.8],[539.4,281.1],[541.4,281.1],[547.5,281.3],[547.8,273.1],[539.7,272.8]]]}},{"type":"Feature","properties":{"GEOID":"31063","NAME":"Frontier","STATEFP":"31"},"geometry":{"type":"Polygon","coordinates":[[[511.7,263.3],[511.3,271.6],[511.6,271.6],[521.6,272.1],[523.4,272.2],[525.5,270.2],[525.8,264],[521.5,263.8],[511.7,263.3]]]}},{"type":"Feature","properties":{"GEOID":"31065","NAME":"Furnas","STATEFP":"31"},"geometry":{"type":"Polygon","coordinates":[[[521.6,272.1],[521.3,280.4],[521.6,280.4],[531.4,280.8],[531.7,272.5],[531.5,272.5],[523.4,272.2],[521.6,272.1]]]}},{"type":"Feature","properties":{"GEOID":"31067","NAME":"Gage","STATEFP":"31"},"geometry":{"type":"Polygon","coordinates":[[[580,273.7],[580,281.9],[581.9,282],[588.1,282],[588.1,275.8],[588.1,269.6],[580.1,269.6],[580,273.7]]]}},{"type":"Feature","properties":{"GEOID":"31069","NAME":"Garden","STATEFP":"31"},"geometry":{"type":"Polygon","coordinates":[[[480,243.9],[480.1,249.1],[489.8,249.7],[490.1,245.6],[491.3,245.7],[491.8,237.5],[490.4,237.4],[490.8,231.1],[480.2,230.5],[479.9,234.6],[480.5,236.7],[480,243.9]]]}},{"type":"Feature","properties":{"GEOID":"31071","NAME":"Garfield","STATEFP":"31"},"geometry":{"type":"Polygon","coordinates":[[[540.3,231.6],[540.1,239.9],[540.2,239.9],[548.2,240.1],[548.4,231.9],[540.3,231.6]]]}},{"type":"Feature","properties":{"GEOID":"31073","NAME":"Gosper","STATEFP":"31"},"geometry":{"type":"Polygon","coordinates":[[[525.8,264],[525.5,270.2],[523.4,272.2],[531.5,272.5],[531.8,264.6],[525.8,264]]]}},{"type":"Feature","properties":{"GEOID":"31075","NAME":"Grant","STATEFP":"31"},"geometry":{"type":"Polygon","coordinates":[[[491.8,237.5],[501.6,238],[502.1,229.8],[492,229.1],[490.8,231.1],[490.4,237.4],[491.8,237.5]]]}},{"type":"Feature","properties":{"GEOID":"31077","NAME":"Greeley","STATEFP":"31"},"geometry":{"type":"Polygon","coordinates":[[[548.3,240.1],[548.1,248.3],[548.2,248.3],[556.1,248.5],[556.2,246.5],[556.3,240.3],[548.3,240.1]]]}},{"type":"Feature","properties":{"GEOID":"31079","NAME":"Hall","STATEFP":"31"},"geometry":{"type":"Polygon","coordinates":[[[548.3,256.6],[548.1,264.8],[555.9,265],[556,261],[556,256.8],[548.3,256.6]]]}},{"type":"Feature","properties":{"GEOID":"31081","NAME":"Hamilton","STATEFP":"31"},"geometry":{"type":"Polygon","coordinates":[[[556,261],[555.9,265],[556,265],[564,265.2],[564.1,256.9],[564.2,253.9],[560.9,256.3],[556,261]]]}},{"type":"Feature","properties":{"GEOID":"31083","NAME":"Harlan","STATEFP":"31"},"geometry":{"type":"Polygon","coordinates":[[[539.7,272.8],[531.7,272.5],[531.4,280.8],[531.5,280.8],[539.4,281.1],[539.7,272.8]]]}},{"type":"Feature","properties":{"GEOID":"31085","NAME":"Hayes","STATEFP":"31"},"geometry":{"type":"Polygon","coordinates":[[[501.6,262.8],[501.2,271.1],[501.5,271.1],[511.3,271.6],[511.7,263.3],[503.3,262.9],[501.6,262.8]]]}},{"type":"Feature","properties":{"GEOID":"31087","NAME":"Hitchcock","STATEFP":"31"},"geometry":{"type":"Polygon","coordinates":[[[501.5,271.1],[501.1,279.3],[511.2,279.9],[511.6,271.6],[511.3,271.6],[501.5,271.1]]]}},{"type":"Feature","properties":{"GEOID":"31089","NAME":"Holt","STATEFP":"31"},"geometry":{"type":"Polygon","coordinates":[[[540.3,214.7],[540.5,215.2],[540.1,231.6],[540.3,231.6],[548.4,231.9],[556.4,232.1],[556.6,223.8],[556.7,216.2],[549.7,215],[545.6,212.7],[540.3,214.7]]]}},{"type":"Feature","properties":{"GEOID":"31091","NAME":"Hooker","STATEFP":"31"},"geometry":{"type":"Polygon","coordinates":[[[502.1,229.8],[501.6,238],[501.9,238.1],[511.8,238.7],[512.1,230.4],[502.1,229.8]]]}},{"type":"Feature","properties":{"GEOID":"31093","NAME":"Howard","STATEFP":"31"},"geometry":{"type":"Polygon","coordinates":[[[548.2,248.3],[547.9,256.5],[548.3,256.6],[556,256.8],[556.2,248.5],[556.1,248.5],[548.2,248.3]]]}},{"type":"Feature","properties":{"GEOID":"31095","NAME":"Jefferson","STATEFP":"31"},"geometry":{"type":"Polygon","coordinates":[[[572,273.6],[571.8,281.8],[580,281.9],[580,273.7],[572,273.6]]]}},{"type":"Feature","properties":{"GEOID":"31097","NAME":"Johnson","STATEFP":"31"},"geometry":{"type":"Polygon","coordinates":[[[588.1,269.6],[588.1,275.8],[595.2,275.8],[595.2,269.7],[588.1,269.6]]]}},{"type":"Feature","properties":{"GEOID":"31099","NAME":"Kearney","STATEFP":"31"},"geometry":{"type":"Polygon","coordinates":[[[540,265.5],[539.7,272.8],[547.8,273.1],[548.1,265],[544.8,265.8],[540,265.5]]]}},{"type":"Feature","properties":{"GEOID":"31101","NAME":"Keith","STATEFP":"31"},"geometry":{"type":"Polygon","coordinates":[[[489.6,254.9],[503.7,255.7],[503.4,254.7],[503.9,246.4],[501.5,246.3],[491.3,245.7],[490.1,245.6],[489.8,249.7],[489.6,254.9]]]}},{"type":"Feature","properties":{"GEOID":"31103","NAME":"Keya Paha","STATEFP":"31"},"geometry":{"type":"Polygon","coordinates":[[[524.2,213.1],[525.2,214],[533,216.1],[535.4,216.6],[540.3,214.7],[540.5,210.1],[535.7,209.9],[524.3,209.5],[524.2,213.1]]]}},{"type":"Feature","properties":{"GEOID":"31105","NAME":"Kimball","STATEFP":"31"},"geometry":{"type":"Polygon","coordinates":[[[466.9,244],[455.1,243.1],[454.3,252.3],[462.8,253],[466.1,253.2],[466.9,244]]]}},{"type":"Feature","properties":{"GEOID":"31107","NAME":"Knox","STATEFP":"31"},"geometry":{"type":"Polygon","coordinates":[[[570.8,214.4],[568.2,214.3],[564.1,214],[561.7,216.3],[559.3,214.4],[556.7,213.3],[556.7,216.2],[556.6,223.8],[564.6,224],[570.7,224.1],[570.8,214.4]]]}},{"type":"Feature","properties":{"GEOID":"31109","NAME":"Lancaster","STATEFP":"31"},"geometry":{"type":"Polygon","coordinates":[[[580.3,257.2],[580.2,265.4],[580.1,269.6],[588.1,269.6],[588.1,263.5],[588.2,258],[588.2,257.3],[580.3,257.2]]]}},{"type":"Feature","properties":{"GEOID":"31111","NAME":"Lincoln","STATEFP":"31"},"geometry":{"type":"Polygon","coordinates":[[[503.7,255.7],[503.3,262.9],[511.7,263.3],[521.5,263.8],[521.8,255.6],[521.7,247.4],[513.6,247],[503.9,246.4],[503.4,254.7],[503.7,255.7]]]}},{"type":"Feature","properties":{"GEOID":"31113","NAME":"Logan","STATEFP":"31"},"geometry":{"type":"Polygon","coordinates":[[[514.1,238.8],[513.6,247],[521.7,247.4],[522.1,239.2],[521.9,239.2],[514.1,238.8]]]}},{"type":"Feature","properties":{"GEOID":"31115","NAME":"Loup","STATEFP":"31"},"geometry":{"type":"Polygon","coordinates":[[[540.1,231.6],[532.7,231.4],[532.3,231.4],[532,239.6],[540.1,239.9],[540.3,231.6],[540.1,231.6]]]}},{"type":"Feature","properties":{"GEOID":"31117","NAME":"McPherson","STATEFP":"31"},"geometry":{"type":"Polygon","coordinates":[[[501.9,238.1],[501.5,246.3],[503.9,246.4],[513.6,247],[514.1,238.8],[511.8,238.7],[501.9,238.1]]]}},{"type":"Feature","properties":{"GEOID":"31119","NAME":"Madison","STATEFP":"31"},"geometry":{"type":"Polygon","coordinates":[[[564.5,232.2],[564.4,236.3],[564.4,240.5],[572.5,240.6],[572.6,232.3],[564.5,232.2]]]}},{"type":"Feature","properties":{"GEOID":"31121","NAME":"Merrick","STATEFP":"31"},"geometry":{"type":"Polygon","coordinates":[[[556.2,248.5],[556,256.8],[556,261],[560.9,256.3],[564.2,253.9],[568.3,250.2],[566.4,248.7],[566.4,250.8],[556.3,251.6],[556.2,248.5]]]}},{"type":"Feature","properties":{"GEOID":"31123","NAME":"Morrill","STATEFP":"31"},"geometry":{"type":"Polygon","coordinates":[[[479.9,230.4],[468.3,229.6],[467.6,236.8],[467.2,243],[480,243.9],[480.5,236.7],[479.9,234.6],[480.2,230.5],[479.9,230.4]]]}},{"type":"Feature","properties":{"GEOID":"31125","NAME":"Nance","STATEFP":"31"},"geometry":{"type":"Polygon","coordinates":[[[556.2,248.5],[556.3,251.6],[566.4,250.8],[566.4,248.7],[566.5,245.6],[564.3,245.6],[559.5,246.6],[556.2,246.5],[556.1,248.5],[556.2,248.5]]]}},{"type":"Feature","properties":{"GEOID":"31127","NAME":"Nemaha","STATEFP":"31"},"geometry":{"type":"Polygon","coordinates":[[[595.2,269.7],[595.2,275.8],[596.2,275.9],[604.3,275.8],[601.5,269.6],[595.2,269.7]]]}},{"type":"Feature","properties":{"GEOID":"31129","NAME":"Nuckolls","STATEFP":"31"},"geometry":{"type":"Polygon","coordinates":[[[555.9,273.3],[555.6,281.5],[561.8,281.7],[563.7,281.7],[563.9,273.4],[555.9,273.3]]]}},{"type":"Feature","properties":{"GEOID":"31131","NAME":"Otoe","STATEFP":"31"},"geometry":{"type":"Polygon","coordinates":[[[588.1,263.5],[588.1,269.6],[595.2,269.7],[601.5,269.6],[600.5,268.2],[598.5,264.3],[599.3,263.5],[588.1,263.5]]]}},{"type":"Feature","properties":{"GEOID":"31133","NAME":"Pawnee","STATEFP":"31"},"geometry":{"type":"Polygon","coordinates":[[[588.1,275.8],[588.1,282],[592.1,282],[596.2,282],[596.2,275.9],[595.2,275.8],[588.1,275.8]]]}},{"type":"Feature","properties":{"GEOID":"31135","NAME":"Perkins","STATEFP":"31"},"geometry":{"type":"Polygon","coordinates":[[[503.7,255.7],[489.6,254.9],[489.2,260.9],[489.1,262.1],[501.6,262.8],[503.3,262.9],[503.7,255.7]]]}},{"type":"Feature","properties":{"GEOID":"31137","NAME":"Phelps","STATEFP":"31"},"geometry":{"type":"Polygon","coordinates":[[[531.8,264.6],[531.5,272.5],[531.7,272.5],[539.7,272.8],[540,265.5],[535.8,265.1],[531.8,264.6]]]}},{"type":"Feature","properties":{"GEOID":"31139","NAME":"Pierce","STATEFP":"31"},"geometry":{"type":"Polygon","coordinates":[[[572.7,226.2],[570.7,224.1],[564.6,224],[564.5,232.2],[572.6,232.3],[572.7,226.2]]]}},{"type":"Feature","properties":{"GEOID":"31141","NAME":"Platte","STATEFP":"31"},"geometry":{"type":"Polygon","coordinates":[[[572.5,240.6],[564.4,240.5],[564.3,245.6],[566.5,245.6],[566.4,248.7],[568.3,250.2],[572.3,248.8],[574.3,249.1],[574.5,240.6],[572.5,240.6]]]}},{"type":"Feature","properties":{"GEOID":"31143","NAME":"Polk","STATEFP":"31"},"geometry":{"type":"Polygon","coordinates":[[[568.3,250.2],[564.2,253.9],[564.1,256.9],[572.2,257.1],[572.3,248.8],[568.3,250.2]]]}},{"type":"Feature","properties":{"GEOID":"31145","NAME":"Red Willow","STATEFP":"31"},"geometry":{"type":"Polygon","coordinates":[[[511.6,271.6],[511.2,279.9],[511.5,279.9],[521.3,280.4],[521.6,272.1],[511.6,271.6]]]}},{"type":"Feature","properties":{"GEOID":"31147","NAME":"Richardson","STATEFP":"31"},"geometry":{"type":"Polygon","coordinates":[[[604.3,275.8],[596.2,275.9],[596.2,282],[600.2,282],[608.2,282],[608.8,282],[607.2,279.1],[604.3,275.8]]]}},{"type":"Feature","properties":{"GEOID":"31149","NAME":"Rock","STATEFP":"31"},"geometry":{"type":"Polygon","coordinates":[[[533,216.1],[532.7,231.4],[540.1,231.6],[540.5,215.2],[540.3,214.7],[535.4,216.6],[533,216.1]]]}},{"type":"Feature","properties":{"GEOID":"31151","NAME":"Saline","STATEFP":"31"},"geometry":{"type":"Polygon","coordinates":[[[572.1,265.3],[572,273.6],[580,273.7],[580.1,269.6],[580.2,265.4],[572.1,265.3]]]}},{"type":"Feature","properties":{"GEOID":"31153","NAME":"Sarpy","STATEFP":"31"},"geometry":{"type":"Polygon","coordinates":[[[597.7,253.8],[590.6,253.8],[590.7,257.3],[592.7,258.5],[595.4,256.8],[598.5,257.1],[598.5,254.6],[597.7,253.8]]]}},{"type":"Feature","properties":{"GEOID":"31155","NAME":"Saunders","STATEFP":"31"},"geometry":{"type":"Polygon","coordinates":[[[580.5,247.5],[580.3,257.2],[588.2,257.3],[588.2,258],[590.7,257.3],[590.6,253.8],[588.1,249],[586.4,248.1],[580.5,247.5]]]}},{"type":"Feature","properties":{"GEOID":"31157","NAME":"Scotts Bluff","STATEFP":"31"},"geometry":{"type":"Polygon","coordinates":[[[456.3,228.7],[455.7,235.9],[467.6,236.8],[468.3,229.6],[467.6,229.6],[456.3,228.7]]]}},{"type":"Feature","properties":{"GEOID":"31159","NAME":"Seward","STATEFP":"31"},"geometry":{"type":"Polygon","coordinates":[[[572.2,257.1],[572.1,265.3],[580.2,265.4],[580.3,257.2],[572.2,257.1]]]}},{"type":"Feature","properties":{"GEOID":"31161","NAME":"Sheridan","STATEFP":"31"},"geometry":{"type":"Polygon","coordinates":[[[492.1,207.7],[479.9,206.8],[479.3,220.1],[479.2,228.3],[479.9,230.4],[480.2,230.5],[490.8,231.1],[492,229.1],[491.4,229],[491.5,220.8],[492.1,207.7]]]}},{"type":"Feature","properties":{"GEOID":"31163","NAME":"Sherman","STATEFP":"31"},"geometry":{"type":"Polygon","coordinates":[[[548.1,248.3],[540.1,248.1],[539.8,256.3],[547.9,256.5],[548.2,248.3],[548.1,248.3]]]}},{"type":"Feature","properties":{"GEOID":"31165","NAME":"Sioux","STATEFP":"31"},"geometry":{"type":"Polygon","coordinates":[[[457.6,214.3],[456.3,228.7],[467.6,229.6],[467.1,227.5],[467.7,219.3],[467.1,219.2],[467.7,211],[467.7,205.9],[458.3,205.1],[457.6,214.3]]]}},{"type":"Feature","properties":{"GEOID":"31167","NAME":"Stanton","STATEFP":"31"},"geometry":{"type":"Polygon","coordinates":[[[572.6,232.3],[572.5,240.6],[574.5,240.6],[578.5,240.7],[578.6,232.4],[572.6,232.3]]]}},{"type":"Feature","properties":{"GEOID":"31169","NAME":"Thayer","STATEFP":"31"},"geometry":{"type":"Polygon","coordinates":[[[572,273.6],[563.9,273.4],[563.7,281.7],[571.8,281.8],[572,273.6]]]}},{"type":"Feature","properties":{"GEOID":"31171","NAME":"Thomas","STATEFP":"31"},"geometry":{"type":"Polygon","coordinates":[[[512.1,230.4],[511.8,238.7],[514.1,238.8],[521.9,239.2],[522.2,231],[512.1,230.4]]]}},{"type":"Feature","properties":{"GEOID":"31173","NAME":"Thurston","STATEFP":"31"},"geometry":{"type":"Polygon","coordinates":[[[582.1,228.4],[582,232.5],[586.7,232.5],[586.7,234.3],[591.6,233.5],[590.2,229.6],[590.2,228.1],[583.8,228],[582.1,228.4]]]}},{"type":"Feature","properties":{"GEOID":"31175","NAME":"Valley","STATEFP":"31"},"geometry":{"type":"Polygon","coordinates":[[[540.2,239.9],[540.1,248.1],[548.1,248.3],[548.3,240.1],[548.2,240.1],[540.2,239.9]]]}},{"type":"Feature","properties":{"GEOID":"31177","NAME":"Washington","STATEFP":"31"},"geometry":{"type":"Polygon","coordinates":[[[588.6,242.1],[588.6,245.9],[590.6,249],[597.5,249.1],[596.4,246.3],[595.4,246.2],[594.2,242.2],[588.6,242.1]]]}},{"type":"Feature","properties":{"GEOID":"31179","NAME":"Wayne","STATEFP":"31"},"geometry":{"type":"Polygon","coordinates":[[[572.7,226.2],[572.6,232.3],[578.6,232.4],[582,232.5],[582.1,228.4],[578.7,228.3],[578.7,226.3],[572.7,226.2]]]}},{"type":"Feature","properties":{"GEOID":"31181","NAME":"Webster","STATEFP":"31"},"geometry":{"type":"Polygon","coordinates":[[[547.8,273.1],[547.5,281.3],[551.5,281.4],[555.6,281.5],[555.9,273.3],[555.8,273.3],[547.8,273.1]]]}},{"type":"Feature","properties":{"GEOID":"31183","NAME":"Wheeler","STATEFP":"31"},"geometry":{"type":"Polygon","coordinates":[[[548.4,231.9],[548.2,240.1],[548.3,240.1],[556.3,240.3],[556.4,236.2],[556.4,232.1],[548.4,231.9]]]}},{"type":"Feature","properties":{"GEOID":"31185","NAME":"York","STATEFP":"31"},"geometry":{"type":"Polygon","coordinates":[[[564.1,256.9],[564,265.2],[572.1,265.3],[572.2,257.1],[564.1,256.9]]]}},{"type":"Feature","properties":{"GEOID":"32001","NAME":"Churchill","STATEFP":"32"},"geometry":{"type":"Polygon","coordinates":[[[183.2,239.7],[185.6,238.5],[183,246],[187.8,253.9],[187.5,254.8],[203.2,258.6],[204.9,258.5],[206.7,255.4],[206.5,252.6],[210.5,249.5],[212.5,249.3],[213.4,244.5],[214.6,241.9],[213.9,238.5],[197.2,234.6],[184.6,231.5],[183.2,239.7]]]}},{"type":"Feature","properties":{"GEOID":"32003","NAME":"Clark","STATEFP":"32"},"geometry":{"type":"Polygon","coordinates":[[[227.1,318.2],[223.8,333.7],[223.7,338.7],[226.6,343.1],[241.7,365.7],[243.7,362.2],[243.9,358.4],[243.2,353.9],[244.5,344.3],[244.5,340],[247.1,339.2],[251.9,340.1],[253.6,343.6],[255.3,343.7],[258.1,340.1],[260.9,325],[247.9,322.2],[230,318.5],[227.1,318.2]]]}},{"type":"Feature","properties":{"GEOID":"32005","NAME":"Douglas","STATEFP":"32"},"geometry":{"type":"Polygon","coordinates":[[[166.5,253],[170.8,259.5],[174.3,264.7],[175.1,260],[174.1,259.8],[175.1,254.7],[177.3,254.3],[177.8,252.2],[173.6,251.1],[170.1,249.5],[165.8,248.4],[165.6,249.5],[166.5,253]]]}},{"type":"Feature","properties":{"GEOID":"32007","NAME":"Elko","STATEFP":"32"},"geometry":{"type":"Polygon","coordinates":[[[235.7,219.1],[243.1,220.7],[241.4,228.5],[241.5,241.6],[244.4,242.2],[260.7,245.7],[275.6,248.7],[279.7,228.2],[284.1,205.1],[280,204.3],[267.1,201.7],[250,198.1],[233.4,194.4],[228.2,217.5],[235.7,219.1]]]}},{"type":"Feature","properties":{"GEOID":"32009","NAME":"Esmeralda","STATEFP":"32"},"geometry":{"type":"Polygon","coordinates":[[[186.8,283.4],[195.1,295.9],[204.6,310.1],[210,286.2],[203.1,273.2],[188.1,283.8],[186.8,283.4]]]}},{"type":"Feature","properties":{"GEOID":"32011","NAME":"Eureka","STATEFP":"32"},"geometry":{"type":"Polygon","coordinates":[[[235.7,219.1],[235.2,220.3],[230.9,240.6],[226,261.6],[238.3,264.3],[239.8,257.3],[242.1,254.6],[242.4,251.4],[243.7,248.7],[244.4,242.2],[241.5,241.6],[241.4,228.5],[243.1,220.7],[235.7,219.1]]]}},{"type":"Feature","properties":{"GEOID":"32013","NAME":"Humboldt","STATEFP":"32"},"geometry":{"type":"Polygon","coordinates":[[[188.6,209],[197.6,211.2],[197,213.7],[216.7,218.3],[215.8,222.3],[221.5,223.7],[220.9,227.3],[222.4,224.9],[226.4,225.7],[228.2,217.5],[233.4,194.4],[233.3,194.3],[213.4,189.8],[194.3,185.2],[188.3,209],[188.6,209]]]}},{"type":"Feature","properties":{"GEOID":"32015","NAME":"Lander","STATEFP":"32"},"geometry":{"type":"Polygon","coordinates":[[[220.9,227.3],[213.9,238.5],[214.6,241.9],[213.4,244.5],[212.5,249.3],[210.5,249.5],[206.5,252.6],[206.7,255.4],[204.9,258.5],[213.1,258.7],[226,261.6],[230.9,240.6],[235.2,220.3],[235.7,219.1],[228.2,217.5],[226.4,225.7],[222.4,224.9],[220.9,227.3]]]}},{"type":"Feature","properties":{"GEOID":"32017","NAME":"Lincoln","STATEFP":"32"},"geometry":{"type":"Polygon","coordinates":[[[252.1,278.9],[249.2,293.5],[233.1,290.1],[227.1,318.2],[230,318.5],[247.9,322.2],[260.9,325],[261.6,321.3],[264.3,307.2],[266.8,294.6],[268.7,284.7],[269.1,282.3],[252.1,278.9]]]}},{"type":"Feature","properties":{"GEOID":"32019","NAME":"Lyon","STATEFP":"32"},"geometry":{"type":"Polygon","coordinates":[[[181.4,239.9],[176.3,245.6],[171.7,246.6],[174,248.5],[173.6,251.1],[177.8,252.2],[177.3,254.3],[175.1,254.7],[174.1,259.8],[175.1,260],[174.3,264.7],[176.7,268.3],[181.1,269.4],[183.7,259.3],[182.2,256.7],[184.7,254.1],[187.5,254.8],[187.8,253.9],[183,246],[185.6,238.5],[183.2,239.7],[181.4,239.9]]]}},{"type":"Feature","properties":{"GEOID":"32021","NAME":"Mineral","STATEFP":"32"},"geometry":{"type":"Polygon","coordinates":[[[187.5,254.8],[184.7,254.1],[182.2,256.7],[183.7,259.3],[181.1,269.4],[176.7,268.3],[186.8,283.4],[188.1,283.8],[203.1,273.2],[196.5,260.8],[197,258.9],[203.2,258.6],[187.5,254.8]]]}},{"type":"Feature","properties":{"GEOID":"32023","NAME":"Nye","STATEFP":"32"},"geometry":{"type":"Polygon","coordinates":[[[226,261.6],[213.1,258.7],[204.9,258.5],[203.2,258.6],[197,258.9],[196.5,260.8],[203.1,273.2],[210,286.2],[204.6,310.1],[215.9,327.1],[223.7,338.7],[223.8,333.7],[227.1,318.2],[233.1,290.1],[249.2,293.5],[252.1,278.9],[238.3,264.3],[226,261.6]]]}},{"type":"Feature","properties":{"GEOID":"32027","NAME":"Pershing","STATEFP":"32"},"geometry":{"type":"Polygon","coordinates":[[[188.6,209],[185.6,219.1],[182.6,231],[184.6,231.5],[197.2,234.6],[213.9,238.5],[220.9,227.3],[221.5,223.7],[215.8,222.3],[216.7,218.3],[197,213.7],[197.6,211.2],[188.6,209]]]}},{"type":"Feature","properties":{"GEOID":"32029","NAME":"Storey","STATEFP":"32"},"geometry":{"type":"Polygon","coordinates":[[[181.4,239.9],[173.6,240.5],[172.5,246],[171.7,246.6],[176.3,245.6],[181.4,239.9]]]}},{"type":"Feature","properties":{"GEOID":"32031","NAME":"Washoe","STATEFP":"32"},"geometry":{"type":"Polygon","coordinates":[[[169.5,234.4],[167.8,240.8],[167,243.7],[166.1,247.2],[168.3,247.8],[171.7,246.6],[172.5,246],[173.6,240.5],[181.4,239.9],[183.2,239.7],[184.6,231.5],[182.6,231],[185.6,219.1],[188.6,209],[188.3,209],[194.3,185.2],[193.7,185.1],[183,182.3],[178.1,200.9],[173.4,219.5],[169.5,234.4]]]}},{"type":"Feature","properties":{"GEOID":"32033","NAME":"White Pine","STATEFP":"32"},"geometry":{"type":"Polygon","coordinates":[[[244.4,242.2],[243.7,248.7],[242.4,251.4],[242.1,254.6],[239.8,257.3],[238.3,264.3],[252.1,278.9],[269.1,282.3],[273.1,262.1],[274.7,253.7],[275.6,248.7],[260.7,245.7],[244.4,242.2]]]}},{"type":"Feature","properties":{"GEOID":"32510","NAME":"Carson City","STATEFP":"32"},"geometry":{"type":"Polygon","coordinates":[[[166.1,247.2],[165.8,248.4],[170.1,249.5],[173.6,251.1],[174,248.5],[171.7,246.6],[168.3,247.8],[166.1,247.2]]]}},{"type":"Feature","properties":{"GEOID":"33001","NAME":"Belknap","STATEFP":"33"},"geometry":{"type":"Polygon","coordinates":[[[1005,145.2],[1014.8,149.4],[1015.6,147.5],[1014.5,143.3],[1012.7,143],[1007,139.9],[1005.6,142.1],[1005,145.2]]]}},{"type":"Feature","properties":{"GEOID":"33003","NAME":"Carroll","STATEFP":"33"},"geometry":{"type":"Polygon","coordinates":[[[1012.4,125.7],[1012.2,126.9],[1008.7,127.6],[1006.2,129.1],[1008.9,135.6],[1005.7,137],[1007,139.9],[1012.7,143],[1014.5,143.3],[1017.7,142.4],[1015.8,136.8],[1012.4,125.7]]]}},{"type":"Feature","properties":{"GEOID":"33005","NAME":"Cheshire","STATEFP":"33"},"geometry":{"type":"Polygon","coordinates":[[[995.4,157.5],[996.1,161.9],[996,166],[997.8,167.5],[1000.8,166.9],[1006.7,165.6],[1002.5,156.5],[1000.2,155.8],[995.4,157.5]]]}},{"type":"Feature","properties":{"GEOID":"33007","NAME":"Coos","STATEFP":"33"},"geometry":{"type":"Polygon","coordinates":[[[1000,111.2],[1000.7,113.6],[999.5,117.6],[1001.5,120.1],[1001.6,123.6],[999.4,126.1],[1003.4,128.8],[1006.2,129.1],[1008.7,127.6],[1012.2,126.9],[1012.4,125.7],[1005,102.8],[1001.7,103.7],[1000.5,106.4],[1000,111.2]]]}},{"type":"Feature","properties":{"GEOID":"33009","NAME":"Grafton","STATEFP":"33"},"geometry":{"type":"Polygon","coordinates":[[[996.4,133],[995.9,142.5],[994.9,146.9],[1001.8,146.9],[1005,145.2],[1005.6,142.1],[1007,139.9],[1005.7,137],[1008.9,135.6],[1006.2,129.1],[1003.4,128.8],[999.4,126.1],[998.5,127.8],[996.3,128.6],[995.2,130.5],[996.3,133],[996.4,133]]]}},{"type":"Feature","properties":{"GEOID":"33011","NAME":"Hillsborough","STATEFP":"33"},"geometry":{"type":"Polygon","coordinates":[[[1002.5,156.5],[1006.7,165.6],[1007.2,165.5],[1017.4,163.1],[1017.8,162.1],[1017.9,161.9],[1014.4,160.8],[1013.4,158.5],[1013.9,156.4],[1011.4,155.6],[1009.5,156.5],[1008.5,154.4],[1005.6,156],[1002.6,155],[1002.5,156.5]]]}},{"type":"Feature","properties":{"GEOID":"33013","NAME":"Merrimack","STATEFP":"33"},"geometry":{"type":"Polygon","coordinates":[[[1001.8,146.9],[1000.5,152.3],[1002.6,155],[1005.6,156],[1008.5,154.4],[1009.5,156.5],[1011.4,155.6],[1013.9,156.4],[1014.7,149.7],[1014.8,149.4],[1005,145.2],[1001.8,146.9]]]}},{"type":"Feature","properties":{"GEOID":"33015","NAME":"Rockingham","STATEFP":"33"},"geometry":{"type":"Polygon","coordinates":[[[1022.7,151.3],[1019.2,151.9],[1014.7,149.7],[1013.9,156.4],[1013.4,158.5],[1014.4,160.8],[1017.9,161.9],[1019.3,159.6],[1022.3,157.2],[1025.6,156.6],[1028,154.9],[1022.7,151.3]]]}},{"type":"Feature","properties":{"GEOID":"33017","NAME":"Strafford","STATEFP":"33"},"geometry":{"type":"Polygon","coordinates":[[[1014.5,143.3],[1015.6,147.5],[1014.8,149.4],[1014.7,149.7],[1019.2,151.9],[1022.7,151.3],[1022,148.7],[1018.6,146.6],[1017.7,142.4],[1014.5,143.3]]]}},{"type":"Feature","properties":{"GEOID":"33019","NAME":"Sullivan","STATEFP":"33"},"geometry":{"type":"Polygon","coordinates":[[[994.9,146.9],[994.3,147.6],[995.3,155.8],[995.4,157.5],[1000.2,155.8],[1002.5,156.5],[1002.6,155],[1000.5,152.3],[1001.8,146.9],[994.9,146.9]]]}},{"type":"Feature","properties":{"GEOID":"34001","NAME":"Atlantic","STATEFP":"34"},"geometry":{"type":"Polygon","coordinates":[[[972.2,251.8],[974.9,253.4],[975.3,255.8],[977.4,256],[982.5,254.8],[984.1,253.7],[985.6,249.7],[981.9,248.6],[977.3,247.9],[975.4,245.9],[973.6,249.3],[972.2,251.8]]]}},{"type":"Feature","properties":{"GEOID":"34003","NAME":"Bergen","STATEFP":"34"},"geometry":{"type":"Polygon","coordinates":[[[977,211.4],[976.6,214.3],[979.1,214.9],[980.1,218.3],[980,219.1],[982.8,218.2],[983.2,216],[983.2,215.2],[983.2,213.2],[977,211.4]]]}},{"type":"Feature","properties":{"GEOID":"34005","NAME":"Burlington","STATEFP":"34"},"geometry":{"type":"Polygon","coordinates":[[[973.4,236.1],[969.6,239.5],[968.4,241.1],[971.2,243],[972.2,245.1],[975.4,245.9],[977.3,247.9],[981.9,248.6],[981.2,243.5],[976.8,237.1],[975.8,235.8],[973.4,236.1]]]}},{"type":"Feature","properties":{"GEOID":"34007","NAME":"Camden","STATEFP":"34"},"geometry":{"type":"Polygon","coordinates":[[[968.4,241.1],[967.5,243.8],[973.6,249.3],[975.4,245.9],[972.2,245.1],[971.2,243],[968.4,241.1]]]}},{"type":"Feature","properties":{"GEOID":"34009","NAME":"Cape May","STATEFP":"34"},"geometry":{"type":"Polygon","coordinates":[[[982.5,254.8],[977.4,256],[975.3,255.8],[975.2,259.4],[971.3,263.2],[972.1,264.3],[975.4,268.8],[979.5,263.3],[980.3,259.7],[982.5,254.8]]]}},{"type":"Feature","properties":{"GEOID":"34011","NAME":"Cumberland","STATEFP":"34"},"geometry":{"type":"Polygon","coordinates":[[[970.5,250.9],[970.7,253.6],[967.5,251.8],[964.9,257.3],[967.6,259.3],[971.3,263.2],[975.2,259.4],[975.3,255.8],[974.9,253.4],[972.2,251.8],[970.5,250.9]]]}},{"type":"Feature","properties":{"GEOID":"34013","NAME":"Essex","STATEFP":"34"},"geometry":{"type":"Polygon","coordinates":[[[977.3,217.1],[976.4,221.1],[980.8,221.7],[980,219.1],[980.1,218.3],[977.3,217.1]]]}},{"type":"Feature","properties":{"GEOID":"34015","NAME":"Gloucester","STATEFP":"34"},"geometry":{"type":"Polygon","coordinates":[[[966.4,244.6],[963.1,246.9],[963.3,247],[964.4,248.6],[967.6,249.2],[970.5,250.9],[972.2,251.8],[973.6,249.3],[967.5,243.8],[966.4,244.6]]]}},{"type":"Feature","properties":{"GEOID":"34017","NAME":"Hudson","STATEFP":"34"},"geometry":{"type":"Polygon","coordinates":[[[982.8,218.2],[980,219.1],[980.8,221.7],[980.5,222.5],[982.3,221.9],[982.5,221],[982.8,218.2]]]}},{"type":"Feature","properties":{"GEOID":"34019","NAME":"Hunterdon","STATEFP":"34"},"geometry":{"type":"Polygon","coordinates":[[[967.2,222],[966.2,224.1],[963,227.7],[965.4,228.4],[966.1,231.2],[968.6,232.5],[971.5,229.9],[970.4,223],[967.2,222]]]}},{"type":"Feature","properties":{"GEOID":"34021","NAME":"Mercer","STATEFP":"34"},"geometry":{"type":"Polygon","coordinates":[[[968.6,232.5],[973.4,236.1],[975.8,235.8],[977,232.8],[974,230.5],[971.5,229.9],[968.6,232.5]]]}},{"type":"Feature","properties":{"GEOID":"34023","NAME":"Middlesex","STATEFP":"34"},"geometry":{"type":"Polygon","coordinates":[[[975.6,224.7],[976.2,227.2],[974,230.5],[977,232.8],[978.5,231.8],[980.3,228.3],[980.3,226.6],[980.1,223.8],[975.6,224.7]]]}},{"type":"Feature","properties":{"GEOID":"34025","NAME":"Monmouth","STATEFP":"34"},"geometry":{"type":"Polygon","coordinates":[[[980.3,226.6],[980.3,228.3],[978.5,231.8],[977,232.8],[975.8,235.8],[976.8,237.1],[978.8,234.3],[982.2,235.1],[986.9,234.3],[987.1,229.9],[986.1,225],[983.3,225.1],[980.3,226.6]]]}},{"type":"Feature","properties":{"GEOID":"34027","NAME":"Morris","STATEFP":"34"},"geometry":{"type":"Polygon","coordinates":[[[972.3,213.6],[970.6,216.9],[968.6,218.7],[967.2,222],[970.4,223],[973.1,221.4],[975.2,223],[976.4,221.1],[977.3,217.1],[976.2,214.8],[972.3,213.6]]]}},{"type":"Feature","properties":{"GEOID":"34029","NAME":"Ocean","STATEFP":"34"},"geometry":{"type":"Polygon","coordinates":[[[986.9,234.3],[982.2,235.1],[978.8,234.3],[976.8,237.1],[981.2,243.5],[981.9,248.6],[985.6,249.7],[987.5,242.6],[986.9,234.3]]]}},{"type":"Feature","properties":{"GEOID":"34031","NAME":"Passaic","STATEFP":"34"},"geometry":{"type":"Polygon","coordinates":[[[977.3,217.1],[980.1,218.3],[979.1,214.9],[976.6,214.3],[977,211.4],[976.6,211.2],[974,210.4],[972.3,213.6],[976.2,214.8],[977.3,217.1]]]}},{"type":"Feature","properties":{"GEOID":"34033","NAME":"Salem","STATEFP":"34"},"geometry":{"type":"Polygon","coordinates":[[[963.3,247],[961.5,251.4],[962.6,252.4],[962.3,255.5],[964.1,256.7],[964.9,257.3],[967.5,251.8],[970.7,253.6],[970.5,250.9],[967.6,249.2],[964.4,248.6],[963.3,247]]]}},{"type":"Feature","properties":{"GEOID":"34035","NAME":"Somerset","STATEFP":"34"},"geometry":{"type":"Polygon","coordinates":[[[970.4,223],[971.5,229.9],[974,230.5],[976.2,227.2],[975.6,224.7],[975.2,223],[973.1,221.4],[970.4,223]]]}},{"type":"Feature","properties":{"GEOID":"34037","NAME":"Sussex","STATEFP":"34"},"geometry":{"type":"Polygon","coordinates":[[[964.3,215.2],[968.6,218.7],[970.6,216.9],[972.3,213.6],[974,210.4],[967.5,208.1],[965.5,210.5],[963.8,215.4],[964.3,215.2]]]}},{"type":"Feature","properties":{"GEOID":"34039","NAME":"Union","STATEFP":"34"},"geometry":{"type":"Polygon","coordinates":[[[976.4,221.1],[975.2,223],[975.6,224.7],[980.1,223.8],[980.5,222.5],[980.8,221.7],[976.4,221.1]]]}},{"type":"Feature","properties":{"GEOID":"34041","NAME":"Warren","STATEFP":"34"},"geometry":{"type":"Polygon","coordinates":[[[962.3,218.7],[963.9,220.7],[962.4,223.4],[962.8,227.4],[963,227.7],[966.2,224.1],[967.2,222],[968.6,218.7],[964.3,215.2],[962.3,218.7]]]}},{"type":"Feature","properties":{"GEOID":"35001","NAME":"Bernalillo","STATEFP":"35"},"geometry":{"type":"Polygon","coordinates":[[[384.7,389.3],[385.3,391.4],[391.1,392.1],[391.9,391.3],[396.7,391.9],[397,392.7],[402,393.3],[400.4,391.1],[400.6,389.1],[401.1,385],[383,382.8],[384.7,389.3]]]}},{"type":"Feature","properties":{"GEOID":"35003","NAME":"Catron","STATEFP":"35"},"geometry":{"type":"Polygon","coordinates":[[[345.9,393.3],[343.3,412.1],[341.4,425.4],[361.7,428.3],[362.6,421.8],[368.1,422.6],[371.1,396.7],[345.9,393.3]]]}},{"type":"Feature","properties":{"GEOID":"35005","NAME":"Chaves","STATEFP":"35"},"geometry":{"type":"Polygon","coordinates":[[[424.2,414.1],[422.7,430.4],[421.9,436.4],[413.9,435.8],[412.8,439.8],[411.7,450.2],[421.6,451.1],[422.8,440.7],[442.9,442.4],[443.8,442.5],[444.7,432.4],[445.9,428.3],[450,428.6],[450.2,426.6],[446.1,426.3],[446.4,422.4],[444,422.3],[444.5,416.1],[442.5,415.9],[438.5,415.5],[438.3,417.6],[426.1,416.4],[424.2,414.1]]]}},{"type":"Feature","properties":{"GEOID":"35006","NAME":"Cibola","STATEFP":"35"},"geometry":{"type":"Polygon","coordinates":[[[371.1,396.7],[381.1,397.9],[382.1,389],[384.7,389.3],[383,382.8],[381.1,380.5],[359.2,377.8],[358.1,385.9],[347.1,384.4],[345.9,393.3],[371.1,396.7]]]}},{"type":"Feature","properties":{"GEOID":"35007","NAME":"Colfax","STATEFP":"35"},"geometry":{"type":"Polygon","coordinates":[[[447.1,347],[425.8,345.1],[424.6,345],[423.8,351.4],[421.1,352.1],[421.5,356.5],[420.6,362.1],[429.6,362.9],[429.5,364],[437.5,364.7],[445.6,365.4],[447.1,347]]]}},{"type":"Feature","properties":{"GEOID":"35009","NAME":"Curry","STATEFP":"35"},"geometry":{"type":"Polygon","coordinates":[[[461.5,396.7],[456.9,396.3],[456.7,398.4],[452.4,402.2],[448.3,401.9],[447.5,403.9],[446.9,411],[460.3,412.1],[460.4,411.8],[461.1,401.6],[461.5,396.7]]]}},{"type":"Feature","properties":{"GEOID":"35011","NAME":"De Baca","STATEFP":"35"},"geometry":{"type":"Polygon","coordinates":[[[424.2,414.1],[426.1,416.4],[438.3,417.6],[438.5,415.5],[442.5,415.9],[443.5,403.6],[440,403.3],[440.4,399.2],[436.4,398.8],[436.2,400.9],[434,402.7],[425.4,402],[424.8,408],[424.2,414.1]]]}},{"type":"Feature","properties":{"GEOID":"35013","NAME":"Doña Ana","STATEFP":"35"},"geometry":{"type":"Polygon","coordinates":[[[373.7,444],[371.5,463.2],[386.7,465],[384.8,462.8],[385.5,459.7],[390.3,460.2],[392.7,437.8],[393.7,435.6],[382.4,439.8],[382.3,440.8],[374.2,439.9],[373.7,444]]]}},{"type":"Feature","properties":{"GEOID":"35015","NAME":"Eddy","STATEFP":"35"},"geometry":{"type":"Polygon","coordinates":[[[442.9,442.4],[422.8,440.7],[421.6,451.1],[420.5,463.3],[436.9,464.8],[437.7,464.8],[442.8,465.3],[443.8,453],[442,452.8],[442.9,442.4]]]}},{"type":"Feature","properties":{"GEOID":"35017","NAME":"Grant","STATEFP":"35"},"geometry":{"type":"Polygon","coordinates":[[[340,435.5],[343.8,436.1],[343.3,440.1],[347.3,440.7],[349.2,443],[347.4,458.3],[353.5,459.1],[355.2,443.8],[361.2,444.5],[361.5,442.5],[367.7,443.2],[365.3,442.4],[365.9,438.9],[365.3,434.7],[364,433.3],[364.4,428.7],[361.7,428.3],[341.4,425.4],[340,435.5]]]}},{"type":"Feature","properties":{"GEOID":"35019","NAME":"Guadalupe","STATEFP":"35"},"geometry":{"type":"Polygon","coordinates":[[[418.8,390.9],[417.8,401.2],[416.7,407.2],[424.8,408],[425.4,402],[434,402.7],[436.2,400.9],[436.4,398.8],[440.4,399.2],[441.2,390.6],[441.3,388.9],[419.2,386.8],[418.8,390.9]]]}},{"type":"Feature","properties":{"GEOID":"35021","NAME":"Harding","STATEFP":"35"},"geometry":{"type":"Polygon","coordinates":[[[437.9,375.2],[444.4,375.7],[445.3,375.3],[449.4,384.6],[451,385.5],[455.9,385.7],[456.6,377.7],[457.4,369.5],[449.3,368.9],[449.5,366.8],[445.6,365.4],[437.5,364.7],[438.5,368.9],[437.9,375.2]]]}},{"type":"Feature","properties":{"GEOID":"35023","NAME":"Hidalgo","STATEFP":"35"},"geometry":{"type":"Polygon","coordinates":[[[338.9,443.7],[335.3,469.3],[352.1,471.5],[353.4,461],[353.5,459.1],[347.4,458.3],[349.2,443],[347.3,440.7],[343.3,440.1],[343.8,436.1],[340,435.5],[338.9,443.7]]]}},{"type":"Feature","properties":{"GEOID":"35025","NAME":"Lea","STATEFP":"35"},"geometry":{"type":"Polygon","coordinates":[[[450,428.6],[445.9,428.3],[444.7,432.4],[443.8,442.5],[442.9,442.4],[442,452.8],[443.8,453],[442.8,465.3],[450.7,465.9],[455.9,466.3],[456.1,464.2],[456.8,454],[457.6,443.7],[458.5,433.6],[458.9,429.3],[450,428.6]]]}},{"type":"Feature","properties":{"GEOID":"35027","NAME":"Lincoln","STATEFP":"35"},"geometry":{"type":"Polygon","coordinates":[[[404.7,408.1],[403.7,418.3],[401.2,418.1],[400.8,422.2],[394.6,421.3],[394.1,425.5],[394.4,427.7],[406.5,428.9],[406.3,431],[414.2,431.7],[413.9,435.8],[421.9,436.4],[422.7,430.4],[424.2,414.1],[424.8,408],[416.7,407.2],[416.5,409.3],[404.7,408.1]]]}},{"type":"Feature","properties":{"GEOID":"35028","NAME":"Los Alamos","STATEFP":"35"},"geometry":{"type":"Polygon","coordinates":[[[402.9,367.3],[400,367.1],[399.6,370.7],[402.3,372.2],[402.6,370.3],[402.6,369.9],[402.9,368.1],[402.9,367.3]]]}},{"type":"Feature","properties":{"GEOID":"35029","NAME":"Luna","STATEFP":"35"},"geometry":{"type":"Polygon","coordinates":[[[367.7,443.2],[361.5,442.5],[361.2,444.5],[355.2,443.8],[353.5,459.1],[353.4,461],[371.5,463.2],[373.7,444],[367.7,443.2]]]}},{"type":"Feature","properties":{"GEOID":"35031","NAME":"McKinley","STATEFP":"35"},"geometry":{"type":"Polygon","coordinates":[[[350.5,359.9],[347.1,384.4],[358.1,385.9],[359.2,377.8],[381.1,380.5],[383.1,364.2],[377.1,363.5],[350.5,359.9]]]}},{"type":"Feature","properties":{"GEOID":"35033","NAME":"Mora","STATEFP":"35"},"geometry":{"type":"Polygon","coordinates":[[[412.6,370.6],[419.6,371.3],[425.8,374.2],[437.9,375.2],[438.5,368.9],[437.5,364.7],[429.5,364],[429.6,362.9],[420.6,362.1],[416.5,367.6],[412.9,368],[412.6,370.6]]]}},{"type":"Feature","properties":{"GEOID":"35035","NAME":"Otero","STATEFP":"35"},"geometry":{"type":"Polygon","coordinates":[[[393.7,435.6],[392.7,437.8],[390.3,460.2],[397.8,461],[419.1,463.2],[420.5,463.3],[421.6,451.1],[411.7,450.2],[412.8,439.8],[413.9,435.8],[414.2,431.7],[406.3,431],[406.5,428.9],[394.4,427.7],[393.7,435.6]]]}},{"type":"Feature","properties":{"GEOID":"35037","NAME":"Quay","STATEFP":"35"},"geometry":{"type":"Polygon","coordinates":[[[451,385.5],[450.7,389],[446.5,388.7],[441.2,390.6],[440.4,399.2],[440,403.3],[443.5,403.6],[447.5,403.9],[448.3,401.9],[452.4,402.2],[456.7,398.4],[456.9,396.3],[461.5,396.7],[461.9,391.3],[462.7,380.9],[462.9,378.1],[456.6,377.7],[455.9,385.7],[451,385.5]]]}},{"type":"Feature","properties":{"GEOID":"35039","NAME":"Rio Arriba","STATEFP":"35"},"geometry":{"type":"Polygon","coordinates":[[[377.8,358.3],[391.6,360],[391,365.2],[403,366.4],[402.9,367.3],[402.9,368.1],[406.5,368.5],[406.3,366.8],[412.9,368],[416.5,367.6],[412.9,365.1],[410.9,361.8],[407.3,359.9],[409.3,358.7],[409.9,356.2],[409.8,352.1],[410.4,346.1],[410,343.5],[401.3,342.6],[383.8,340.4],[383,342.6],[379.6,344.6],[377.8,358.3]]]}},{"type":"Feature","properties":{"GEOID":"35041","NAME":"Roosevelt","STATEFP":"35"},"geometry":{"type":"Polygon","coordinates":[[[460.3,412.1],[446.9,411],[447.5,403.9],[443.5,403.6],[442.5,415.9],[444.5,416.1],[444,422.3],[446.4,422.4],[446.1,426.3],[450.2,426.6],[450,428.6],[458.9,429.3],[459.4,423.3],[460.3,412.1]]]}},{"type":"Feature","properties":{"GEOID":"35043","NAME":"Sandoval","STATEFP":"35"},"geometry":{"type":"Polygon","coordinates":[[[383,382.8],[401.1,385],[402.3,372.2],[399.6,370.7],[400,367.1],[402.9,367.3],[403,366.4],[391,365.2],[391.6,360],[377.8,358.3],[377.1,363.5],[383.1,364.2],[381.1,380.5],[383,382.8]]]}},{"type":"Feature","properties":{"GEOID":"35045","NAME":"San Juan","STATEFP":"35"},"geometry":{"type":"Polygon","coordinates":[[[382.7,340.3],[366.1,338.2],[353.7,336.6],[350.5,359.9],[377.1,363.5],[377.8,358.3],[379.6,344.6],[383,342.6],[383.8,340.4],[382.7,340.3]]]}},{"type":"Feature","properties":{"GEOID":"35047","NAME":"San Miguel","STATEFP":"35"},"geometry":{"type":"Polygon","coordinates":[[[412.6,370.6],[410.7,390.1],[418.8,390.9],[419.2,386.8],[441.3,388.9],[441.2,390.6],[446.5,388.7],[450.7,389],[451,385.5],[449.4,384.6],[445.3,375.3],[444.4,375.7],[437.9,375.2],[425.8,374.2],[419.6,371.3],[412.6,370.6]]]}},{"type":"Feature","properties":{"GEOID":"35049","NAME":"Santa Fe","STATEFP":"35"},"geometry":{"type":"Polygon","coordinates":[[[402.6,370.3],[402.3,372.2],[401.1,385],[400.6,389.1],[410.7,390.1],[412.6,370.6],[412.9,368],[406.3,366.8],[406.5,368.5],[402.9,368.1],[402.6,369.9],[402.6,370.3]]]}},{"type":"Feature","properties":{"GEOID":"35051","NAME":"Sierra","STATEFP":"35"},"geometry":{"type":"Polygon","coordinates":[[[394.1,425.5],[368.1,422.6],[362.6,421.8],[361.7,428.3],[364.4,428.7],[364,433.3],[365.3,434.7],[365.9,438.9],[365.3,442.4],[367.7,443.2],[373.7,444],[374.2,439.9],[382.3,440.8],[382.4,439.8],[393.7,435.6],[394.4,427.7],[394.1,425.5]]]}},{"type":"Feature","properties":{"GEOID":"35053","NAME":"Socorro","STATEFP":"35"},"geometry":{"type":"Polygon","coordinates":[[[368.1,422.6],[394.1,425.5],[394.6,421.3],[400.8,422.2],[401.2,418.1],[403.7,418.3],[404.7,408.1],[395.3,407.1],[395.8,402.9],[389.3,400],[387.2,398.6],[381.1,397.9],[371.1,396.7],[368.1,422.6]]]}},{"type":"Feature","properties":{"GEOID":"35055","NAME":"Taos","STATEFP":"35"},"geometry":{"type":"Polygon","coordinates":[[[410,343.5],[410.4,346.1],[409.8,352.1],[409.9,356.2],[409.3,358.7],[407.3,359.9],[410.9,361.8],[412.9,365.1],[416.5,367.6],[420.6,362.1],[421.5,356.5],[421.1,352.1],[423.8,351.4],[424.6,345],[415.4,344],[410,343.5]]]}},{"type":"Feature","properties":{"GEOID":"35057","NAME":"Torrance","STATEFP":"35"},"geometry":{"type":"Polygon","coordinates":[[[397,392.7],[396,392.6],[395,400.8],[395.8,402.9],[395.3,407.1],[404.7,408.1],[416.5,409.3],[416.7,407.2],[417.8,401.2],[418.8,390.9],[410.7,390.1],[400.6,389.1],[400.4,391.1],[402,393.3],[397,392.7]]]}},{"type":"Feature","properties":{"GEOID":"35059","NAME":"Union","STATEFP":"35"},"geometry":{"type":"Polygon","coordinates":[[[447.1,347],[445.6,365.4],[449.5,366.8],[449.3,368.9],[457.4,369.5],[456.6,377.7],[462.9,378.1],[463.5,370.7],[464.2,360.2],[465,360.2],[465.8,348.4],[464.3,348.3],[447.1,347]]]}},{"type":"Feature","properties":{"GEOID":"35061","NAME":"Valencia","STATEFP":"35"},"geometry":{"type":"Polygon","coordinates":[[[397,392.7],[396.7,391.9],[391.9,391.3],[391.1,392.1],[385.3,391.4],[384.7,389.3],[382.1,389],[381.1,397.9],[387.2,398.6],[389.3,400],[395.8,402.9],[395,400.8],[396,392.6],[397,392.7]]]}},{"type":"Feature","properties":{"GEOID":"36001","NAME":"Albany","STATEFP":"36"},"geometry":{"type":"Polygon","coordinates":[[[974.9,171.8],[969,174.4],[969.5,182.1],[977.1,179],[976.7,175.5],[977.1,171.2],[974.9,171.8]]]}},{"type":"Feature","properties":{"GEOID":"36003","NAME":"Allegany","STATEFP":"36"},"geometry":{"type":"Polygon","coordinates":[[[900.3,194],[902.6,206.1],[904.3,205.8],[912.1,204.3],[910.5,193.2],[908.3,192.5],[904.9,193.1],[900.3,194]]]}},{"type":"Feature","properties":{"GEOID":"36005","NAME":"Bronx","STATEFP":"36"},"geometry":{"type":"Polygon","coordinates":[[[983.2,215.2],[983.2,216],[984,217.9],[986.2,217],[986.4,215.5],[983.2,215.2]]]}},{"type":"Feature","properties":{"GEOID":"36007","NAME":"Broome","STATEFP":"36"},"geometry":{"type":"Polygon","coordinates":[[[942.2,188.1],[937.8,189.1],[939.5,193.1],[940.2,198.6],[950.8,196.3],[952.9,195.8],[951.6,195.1],[950.9,191.5],[947.2,192.3],[943.3,191.6],[942.2,188.1]]]}},{"type":"Feature","properties":{"GEOID":"36009","NAME":"Cattaraugus","STATEFP":"36"},"geometry":{"type":"Polygon","coordinates":[[[887.4,195.9],[889.7,208.5],[892.1,208.1],[902.6,206.1],[900.3,194],[897.6,194.1],[890.7,197.7],[887.4,195.9]]]}},{"type":"Feature","properties":{"GEOID":"36011","NAME":"Cayuga","STATEFP":"36"},"geometry":{"type":"Polygon","coordinates":[[[924.9,177],[926,183.9],[927.6,186.1],[934.4,184.7],[933.5,181.3],[930.2,180.2],[927.9,171.5],[925.7,171.3],[922.9,161],[921.3,161.2],[921.1,161.8],[924.9,175.6],[924.9,177]]]}},{"type":"Feature","properties":{"GEOID":"36013","NAME":"Chautauqua","STATEFP":"36"},"geometry":{"type":"Polygon","coordinates":[[[887.4,195.9],[882.6,193.2],[875.6,198.5],[877.7,210.6],[880.3,210.2],[889.7,208.5],[887.4,195.9]]]}},{"type":"Feature","properties":{"GEOID":"36015","NAME":"Chemung","STATEFP":"36"},"geometry":{"type":"Polygon","coordinates":[[[924.2,195.1],[925.5,201.6],[926.2,201.4],[932.5,200.2],[931.5,193.6],[930.1,193.8],[924.2,195.1]]]}},{"type":"Feature","properties":{"GEOID":"36017","NAME":"Chenango","STATEFP":"36"},"geometry":{"type":"Polygon","coordinates":[[[940.3,181],[942.2,188.1],[943.3,191.6],[947.2,192.3],[950.9,191.5],[950.3,188.7],[949.7,184.9],[950.4,182.6],[950.2,178.4],[940.3,181]]]}},{"type":"Feature","properties":{"GEOID":"36019","NAME":"Clinton","STATEFP":"36"},"geometry":{"type":"Polygon","coordinates":[[[959.3,121.8],[961.5,128.2],[964.3,134.3],[970.7,131.4],[972.9,129.4],[972.5,129.1],[971.7,128],[971.6,123.5],[970.3,118.8],[959.3,121.8]]]}},{"type":"Feature","properties":{"GEOID":"36021","NAME":"Columbia","STATEFP":"36"},"geometry":{"type":"Polygon","coordinates":[[[984.1,176.2],[977.1,179],[978.1,183.5],[976.8,187.2],[976.7,188.4],[980.8,189.2],[984.1,189.1],[984.2,187.4],[983.8,186.6],[984.1,176.2]]]}},{"type":"Feature","properties":{"GEOID":"36023","NAME":"Cortland","STATEFP":"36"},"geometry":{"type":"Polygon","coordinates":[[[933.5,181.3],[934.4,184.7],[935.7,189.6],[937.8,189.1],[942.2,188.1],[940.3,181],[939.8,179.5],[933.5,181.3]]]}},{"type":"Feature","properties":{"GEOID":"36025","NAME":"Delaware","STATEFP":"36"},"geometry":{"type":"Polygon","coordinates":[[[961.2,181.4],[959,182],[956.4,184.6],[950.3,188.7],[950.9,191.5],[951.6,195.1],[952.9,195.8],[955.6,198.4],[957.3,198.4],[962.6,193.2],[967.4,188.4],[965.8,188],[966.5,184.1],[963.2,183.2],[961.2,181.4]]]}},{"type":"Feature","properties":{"GEOID":"36027","NAME":"Dutchess","STATEFP":"36"},"geometry":{"type":"Polygon","coordinates":[[[976.7,188.4],[977.1,192.7],[979,199.8],[979.3,203.4],[979.9,202.1],[986.5,199.5],[986,196.3],[984.4,187.3],[984.2,187.4],[984.1,189.1],[980.8,189.2],[976.7,188.4]]]}},{"type":"Feature","properties":{"GEOID":"36029","NAME":"Erie","STATEFP":"36"},"geometry":{"type":"Polygon","coordinates":[[[885.9,183.5],[886.4,185.4],[888.5,186.5],[887.4,189.5],[882.6,193.2],[887.4,195.9],[890.7,197.7],[897.6,194.1],[896.2,186.4],[895.2,181.3],[885.9,183.5]]]}},{"type":"Feature","properties":{"GEOID":"36031","NAME":"Essex","STATEFP":"36"},"geometry":{"type":"Polygon","coordinates":[[[972.9,129.4],[970.7,131.4],[964.3,134.3],[960.6,135.7],[962.8,141.7],[959.8,142.8],[961.1,146.2],[960,147.5],[962.6,149.7],[965.6,150.6],[975.4,146.8],[976.4,146.5],[974.1,141.3],[974.1,137.7],[974.9,135.8],[974.3,131.9],[972.9,129.4]]]}},{"type":"Feature","properties":{"GEOID":"36033","NAME":"Franklin","STATEFP":"36"},"geometry":{"type":"Polygon","coordinates":[[[947.9,124.4],[949.5,125.1],[955.5,142.6],[955.8,144.3],[959.8,142.8],[962.8,141.7],[960.6,135.7],[964.3,134.3],[961.5,128.2],[959.3,121.8],[947.9,124.4]]]}},{"type":"Feature","properties":{"GEOID":"36035","NAME":"Fulton","STATEFP":"36"},"geometry":{"type":"Polygon","coordinates":[[[957.1,163.7],[957.9,166],[957.6,169.4],[961.5,170],[969,168.3],[966.8,162.2],[960.4,164.3],[957.1,163.7]]]}},{"type":"Feature","properties":{"GEOID":"36037","NAME":"Genesee","STATEFP":"36"},"geometry":{"type":"Polygon","coordinates":[[[895.2,181.3],[896.2,186.4],[904.8,184.9],[905,181.8],[902.9,178.8],[895,180.3],[895.2,181.3]]]}},{"type":"Feature","properties":{"GEOID":"36039","NAME":"Greene","STATEFP":"36"},"geometry":{"type":"Polygon","coordinates":[[[966.5,184.1],[965.8,188],[967.4,188.4],[970.1,189.1],[974.2,188.6],[976.8,187.2],[978.1,183.5],[977.1,179],[969.5,182.1],[966.5,184.1]]]}},{"type":"Feature","properties":{"GEOID":"36041","NAME":"Hamilton","STATEFP":"36"},"geometry":{"type":"Polygon","coordinates":[[[950.7,146.2],[955,159.3],[954.2,163],[957.1,163.7],[960.4,164.3],[966.8,162.2],[965.9,159.6],[963,151.6],[965.6,150.6],[962.6,149.7],[960,147.5],[961.1,146.2],[959.8,142.8],[955.8,144.3],[950.7,146.2]]]}},{"type":"Feature","properties":{"GEOID":"36043","NAME":"Herkimer","STATEFP":"36"},"geometry":{"type":"Polygon","coordinates":[[[948.8,157.6],[951.5,166.4],[949.9,171],[950.9,174.9],[952.6,173.9],[956.3,175],[958.5,173.6],[957.6,169.4],[957.9,166],[957.1,163.7],[954.2,163],[955,159.3],[950.7,146.2],[947.3,147.4],[945.3,146.7],[948.8,157.6]]]}},{"type":"Feature","properties":{"GEOID":"36045","NAME":"Jefferson","STATEFP":"36"},"geometry":{"type":"Polygon","coordinates":[[[932.4,142.1],[928.1,146],[924.4,151.3],[921.3,161.2],[922.9,161],[933.4,159.7],[937.4,158.3],[936.7,153.9],[940.3,148.4],[940.2,144.9],[932.4,142.1]]]}},{"type":"Feature","properties":{"GEOID":"36047","NAME":"Kings","STATEFP":"36"},"geometry":{"type":"Polygon","coordinates":[[[982.3,221.9],[983.2,224.1],[986.3,221.5],[983.5,219.5],[982.5,221],[982.3,221.9]]]}},{"type":"Feature","properties":{"GEOID":"36049","NAME":"Lewis","STATEFP":"36"},"geometry":{"type":"Polygon","coordinates":[[[940.2,144.9],[940.3,148.4],[936.7,153.9],[937.4,158.3],[938.8,163.3],[942.7,163.6],[948.8,157.6],[945.3,146.7],[940.2,144.9]]]}},{"type":"Feature","properties":{"GEOID":"36051","NAME":"Livingston","STATEFP":"36"},"geometry":{"type":"Polygon","coordinates":[[[905,181.8],[904.8,184.9],[905.6,189.4],[904.9,193.1],[908.3,192.5],[910.5,193.2],[911,190.5],[913.9,190],[911.7,188.1],[910.7,181.8],[908,181.2],[905,181.8]]]}},{"type":"Feature","properties":{"GEOID":"36053","NAME":"Madison","STATEFP":"36"},"geometry":{"type":"Polygon","coordinates":[[[936.2,170.8],[938,172.8],[939.8,179.5],[940.3,181],[950.2,178.4],[950.3,175.2],[947.2,176.1],[945.1,174.9],[944.4,172.5],[940.6,170.3],[938.2,171],[936.2,170.8]]]}},{"type":"Feature","properties":{"GEOID":"36055","NAME":"Monroe","STATEFP":"36"},"geometry":{"type":"Polygon","coordinates":[[[900.7,167.2],[902.9,178.8],[905,181.8],[908,181.2],[910.7,181.8],[911.9,179.4],[913.8,179],[910.8,165.2],[900.7,167.2]]]}},{"type":"Feature","properties":{"GEOID":"36057","NAME":"Montgomery","STATEFP":"36"},"geometry":{"type":"Polygon","coordinates":[[[957.6,169.4],[958.5,173.6],[960.6,174],[964.1,174.5],[967.2,173.2],[969.7,170.2],[969.2,168.9],[969,168.3],[961.5,170],[957.6,169.4]]]}},{"type":"Feature","properties":{"GEOID":"36059","NAME":"Nassau","STATEFP":"36"},"geometry":{"type":"Polygon","coordinates":[[[988.3,213.1],[986.4,215.5],[986.2,217],[987.9,218.1],[987.9,223.4],[993.9,222],[991.6,214.8],[991.2,211.5],[988.3,213.1]]]}},{"type":"Feature","properties":{"GEOID":"36061","NAME":"New York","STATEFP":"36"},"geometry":{"type":"Polygon","coordinates":[[[982.5,221],[983.5,219.5],[984,217.9],[983.2,216],[982.8,218.2],[982.5,221]]]}},{"type":"Feature","properties":{"GEOID":"36063","NAME":"Niagara","STATEFP":"36"},"geometry":{"type":"Polygon","coordinates":[[[892.8,168.6],[889.1,169.3],[881.3,175.1],[884.2,179.1],[885.9,183.5],[895.2,181.3],[895,180.3],[892.8,168.6]]]}},{"type":"Feature","properties":{"GEOID":"36065","NAME":"Oneida","STATEFP":"36"},"geometry":{"type":"Polygon","coordinates":[[[938.8,163.3],[937.7,163.2],[938.2,171],[940.6,170.3],[944.4,172.5],[945.1,174.9],[947.2,176.1],[950.3,175.2],[950.9,174.9],[949.9,171],[951.5,166.4],[948.8,157.6],[942.7,163.6],[938.8,163.3]]]}},{"type":"Feature","properties":{"GEOID":"36067","NAME":"Onondaga","STATEFP":"36"},"geometry":{"type":"Polygon","coordinates":[[[927.9,171.5],[930.2,180.2],[933.5,181.3],[939.8,179.5],[938,172.8],[936.2,170.8],[933,169.9],[927.9,171.5]]]}},{"type":"Feature","properties":{"GEOID":"36069","NAME":"Ontario","STATEFP":"36"},"geometry":{"type":"Polygon","coordinates":[[[913.8,179],[911.9,179.4],[910.7,181.8],[911.7,188.1],[913.9,190],[916,189.6],[916.1,185.1],[921.8,183.9],[920.8,178.1],[913.8,179]]]}},{"type":"Feature","properties":{"GEOID":"36071","NAME":"Orange","STATEFP":"36"},"geometry":{"type":"Polygon","coordinates":[[[971.9,201.4],[970.4,203.9],[965.9,205.2],[966.2,206.8],[967.5,208.1],[974,210.4],[976.6,211.2],[979.9,206],[979.3,203.4],[979,199.8],[971.9,201.4]]]}},{"type":"Feature","properties":{"GEOID":"36073","NAME":"Orleans","STATEFP":"36"},"geometry":{"type":"Polygon","coordinates":[[[892.8,168.6],[895,180.3],[902.9,178.8],[900.7,167.2],[892.8,168.6]]]}},{"type":"Feature","properties":{"GEOID":"36075","NAME":"Oswego","STATEFP":"36"},"geometry":{"type":"Polygon","coordinates":[[[922.9,161],[925.7,171.3],[927.9,171.5],[933,169.9],[936.2,170.8],[938.2,171],[937.7,163.2],[938.8,163.3],[937.4,158.3],[933.4,159.7],[922.9,161]]]}},{"type":"Feature","properties":{"GEOID":"36077","NAME":"Otsego","STATEFP":"36"},"geometry":{"type":"Polygon","coordinates":[[[950.2,178.4],[950.4,182.6],[949.7,184.9],[950.3,188.7],[956.4,184.6],[959,182],[961.2,181.4],[962,178.6],[960.6,174],[958.5,173.6],[956.3,175],[952.6,173.9],[950.9,174.9],[950.3,175.2],[950.2,178.4]]]}},{"type":"Feature","properties":{"GEOID":"36079","NAME":"Putnam","STATEFP":"36"},"geometry":{"type":"Polygon","coordinates":[[[986.5,199.5],[979.9,202.1],[979.3,203.4],[979.9,206],[979.9,206.1],[987.2,203.3],[986.5,199.5]]]}},{"type":"Feature","properties":{"GEOID":"36081","NAME":"Queens","STATEFP":"36"},"geometry":{"type":"Polygon","coordinates":[[[983.2,224.1],[983.3,225.1],[986.1,225],[987.9,223.4],[987.9,218.1],[986.2,217],[984,217.9],[983.5,219.5],[986.3,221.5],[983.2,224.1]]]}},{"type":"Feature","properties":{"GEOID":"36083","NAME":"Rensselaer","STATEFP":"36"},"geometry":{"type":"Polygon","coordinates":[[[983,165.9],[976.9,167.4],[977.1,171.2],[976.7,175.5],[977.1,179],[984.1,176.2],[984.2,170.4],[983,165.9]]]}},{"type":"Feature","properties":{"GEOID":"36085","NAME":"Richmond","STATEFP":"36"},"geometry":{"type":"Polygon","coordinates":[[[980.1,223.8],[980.3,226.6],[983.3,225.1],[983.2,224.1],[982.3,221.9],[980.5,222.5],[980.1,223.8]]]}},{"type":"Feature","properties":{"GEOID":"36087","NAME":"Rockland","STATEFP":"36"},"geometry":{"type":"Polygon","coordinates":[[[979.9,206],[976.6,211.2],[977,211.4],[983.2,213.2],[982.5,209.8],[979.9,206.1],[979.9,206]]]}},{"type":"Feature","properties":{"GEOID":"36089","NAME":"St. Lawrence","STATEFP":"36"},"geometry":{"type":"Polygon","coordinates":[[[947.9,124.4],[944,125.6],[939.8,129.7],[933.4,139.2],[932.4,142.1],[940.2,144.9],[945.3,146.7],[947.3,147.4],[950.7,146.2],[955.8,144.3],[955.5,142.6],[949.5,125.1],[947.9,124.4]]]}},{"type":"Feature","properties":{"GEOID":"36091","NAME":"Saratoga","STATEFP":"36"},"geometry":{"type":"Polygon","coordinates":[[[966.8,162.2],[969,168.3],[969.2,168.9],[970.8,169.1],[974.9,171.8],[977.1,171.2],[976.9,167.4],[977.1,163.5],[975.6,158.9],[972.7,161.1],[970.3,157.9],[965.9,159.6],[966.8,162.2]]]}},{"type":"Feature","properties":{"GEOID":"36093","NAME":"Schenectady","STATEFP":"36"},"geometry":{"type":"Polygon","coordinates":[[[969,174.4],[974.9,171.8],[970.8,169.1],[969.2,168.9],[969.7,170.2],[967.2,173.2],[969,174.4]]]}},{"type":"Feature","properties":{"GEOID":"36095","NAME":"Schoharie","STATEFP":"36"},"geometry":{"type":"Polygon","coordinates":[[[960.6,174],[962,178.6],[961.2,181.4],[963.2,183.2],[966.5,184.1],[969.5,182.1],[969,174.4],[967.2,173.2],[964.1,174.5],[960.6,174]]]}},{"type":"Feature","properties":{"GEOID":"36097","NAME":"Schuyler","STATEFP":"36"},"geometry":{"type":"Polygon","coordinates":[[[924.2,195.1],[930.1,193.8],[928.8,194],[927.5,188],[924.2,188.8],[924.6,190.6],[920.9,190.9],[922,195.7],[924.2,195.1]]]}},{"type":"Feature","properties":{"GEOID":"36099","NAME":"Seneca","STATEFP":"36"},"geometry":{"type":"Polygon","coordinates":[[[920.8,178.1],[921.8,183.9],[923.6,186.1],[924.2,188.8],[927.5,188],[927.6,186.1],[926,183.9],[924.9,177],[920.8,178.1]]]}},{"type":"Feature","properties":{"GEOID":"36101","NAME":"Steuben","STATEFP":"36"},"geometry":{"type":"Polygon","coordinates":[[[916,189.6],[913.9,190],[911,190.5],[910.5,193.2],[912.1,204.3],[914.5,203.8],[925.5,201.6],[924.2,195.1],[922,195.7],[920.9,190.9],[919.8,188.8],[916,189.6]]]}},{"type":"Feature","properties":{"GEOID":"36103","NAME":"Suffolk","STATEFP":"36"},"geometry":{"type":"Polygon","coordinates":[[[1005.6,203.3],[998.1,207.4],[991.2,211.5],[991.6,214.8],[993.9,222],[996.4,220.9],[1010.3,210.9],[1018.4,204.2],[1018.2,200],[1015.5,197.7],[1008.8,201.6],[1005.6,203.3]]]}},{"type":"Feature","properties":{"GEOID":"36105","NAME":"Sullivan","STATEFP":"36"},"geometry":{"type":"Polygon","coordinates":[[[957.3,198.4],[959.4,200.4],[959.9,203.9],[961.8,205.7],[966.2,206.8],[965.9,205.2],[970.4,203.9],[971.9,201.4],[967.6,198.7],[968.9,195.2],[962.6,193.2],[957.3,198.4]]]}},{"type":"Feature","properties":{"GEOID":"36107","NAME":"Tioga","STATEFP":"36"},"geometry":{"type":"Polygon","coordinates":[[[935.7,189.6],[936.3,192.2],[933.4,192.3],[931.5,193.6],[932.5,200.2],[939.5,198.7],[940.2,198.6],[939.5,193.1],[937.8,189.1],[935.7,189.6]]]}},{"type":"Feature","properties":{"GEOID":"36109","NAME":"Tompkins","STATEFP":"36"},"geometry":{"type":"Polygon","coordinates":[[[927.6,186.1],[927.5,188],[928.8,194],[930.1,193.8],[931.5,193.6],[933.4,192.3],[936.3,192.2],[935.7,189.6],[934.4,184.7],[927.6,186.1]]]}},{"type":"Feature","properties":{"GEOID":"36111","NAME":"Ulster","STATEFP":"36"},"geometry":{"type":"Polygon","coordinates":[[[962.6,193.2],[968.9,195.2],[967.6,198.7],[971.9,201.4],[979,199.8],[977.1,192.7],[976.7,188.4],[976.8,187.2],[974.2,188.6],[970.1,189.1],[967.4,188.4],[962.6,193.2]]]}},{"type":"Feature","properties":{"GEOID":"36113","NAME":"Warren","STATEFP":"36"},"geometry":{"type":"Polygon","coordinates":[[[965.6,150.6],[963,151.6],[965.9,159.6],[970.3,157.9],[972.7,161.1],[975.6,158.9],[974,154.9],[975.3,150.5],[975.4,146.8],[965.6,150.6]]]}},{"type":"Feature","properties":{"GEOID":"36115","NAME":"Washington","STATEFP":"36"},"geometry":{"type":"Polygon","coordinates":[[[975.4,146.8],[975.3,150.5],[974,154.9],[975.6,158.9],[977.1,163.5],[976.9,167.4],[983,165.9],[981.2,157.3],[980.2,152.6],[978.7,150.4],[976.5,150.7],[977,147.7],[976.4,146.5],[975.4,146.8]]]}},{"type":"Feature","properties":{"GEOID":"36117","NAME":"Wayne","STATEFP":"36"},"geometry":{"type":"Polygon","coordinates":[[[910.8,165.2],[913.8,179],[920.8,178.1],[924.9,177],[924.9,175.6],[921.1,161.8],[921,163.2],[910.8,165.2]]]}},{"type":"Feature","properties":{"GEOID":"36119","NAME":"Westchester","STATEFP":"36"},"geometry":{"type":"Polygon","coordinates":[[[979.9,206.1],[982.5,209.8],[983.2,213.2],[983.2,215.2],[986.4,215.5],[988.3,213.1],[985.5,210.2],[989.1,206.6],[987.2,203.3],[979.9,206.1]]]}},{"type":"Feature","properties":{"GEOID":"36121","NAME":"Wyoming","STATEFP":"36"},"geometry":{"type":"Polygon","coordinates":[[[896.2,186.4],[897.6,194.1],[900.3,194],[904.9,193.1],[905.6,189.4],[904.8,184.9],[896.2,186.4]]]}},{"type":"Feature","properties":{"GEOID":"36123","NAME":"Yates","STATEFP":"36"},"geometry":{"type":"Polygon","coordinates":[[[921.8,183.9],[916.1,185.1],[916,189.6],[919.8,188.8],[920.9,190.9],[924.6,190.6],[924.2,188.8],[923.6,186.1],[921.8,183.9]]]}},{"type":"Feature","properties":{"GEOID":"37001","NAME":"Alamance","STATEFP":"37"},"geometry":{"type":"Polygon","coordinates":[[[905.2,344.4],[906.4,352.4],[906.6,353.7],[911.9,352],[910.2,343.4],[905.1,344.2],[905.2,344.4]]]}},{"type":"Feature","properties":{"GEOID":"37003","NAME":"Alexander","STATEFP":"37"},"geometry":{"type":"Polygon","coordinates":[[[872.7,355.6],[873.3,360.3],[876.8,359],[877.6,360.1],[878.8,355.6],[878.1,353.6],[872.7,355.6]]]}},{"type":"Feature","properties":{"GEOID":"37005","NAME":"Alleghany","STATEFP":"37"},"geometry":{"type":"Polygon","coordinates":[[[870.1,342.2],[872.7,346.7],[875.4,344.5],[877.9,345.1],[878.5,341.1],[870.1,342.2]]]}},{"type":"Feature","properties":{"GEOID":"37007","NAME":"Anson","STATEFP":"37"},"geometry":{"type":"Polygon","coordinates":[[[895.4,371.2],[896.1,380.2],[903.5,379.1],[904.6,376.7],[901.9,371.9],[899.4,371.8],[895.4,371.2]]]}},{"type":"Feature","properties":{"GEOID":"37009","NAME":"Ashe","STATEFP":"37"},"geometry":{"type":"Polygon","coordinates":[[[864,342.8],[863.8,347.5],[869,350.4],[870.9,347.3],[872.7,346.7],[870.1,342.2],[864,342.8]]]}},{"type":"Feature","properties":{"GEOID":"37011","NAME":"Avery","STATEFP":"37"},"geometry":{"type":"Polygon","coordinates":[[[860.4,351.1],[858.2,355.3],[860.7,359.5],[861.3,358.2],[863.8,357.8],[864.8,355.1],[863.2,354.3],[860.6,350.5],[860.4,351.1]]]}},{"type":"Feature","properties":{"GEOID":"37013","NAME":"Beaufort","STATEFP":"37"},"geometry":{"type":"Polygon","coordinates":[[[951.2,348],[952.4,355.3],[958.6,358.1],[959.8,358.7],[963.7,357.5],[963.5,355.2],[965.2,354.3],[963.5,352.2],[962.6,348.4],[961.3,346.6],[957.3,347.1],[955.1,349],[951.2,348]]]}},{"type":"Feature","properties":{"GEOID":"37015","NAME":"Bertie","STATEFP":"37"},"geometry":{"type":"Polygon","coordinates":[[[947,338.3],[946.8,340.7],[954,344.2],[958.3,343.4],[960.6,340.1],[957.3,336.6],[957.5,334.4],[948.2,336.2],[947,338.3]]]}},{"type":"Feature","properties":{"GEOID":"37017","NAME":"Bladen","STATEFP":"37"},"geometry":{"type":"Polygon","coordinates":[[[922.8,375.1],[925.3,378.1],[924.9,383.1],[928.8,382.8],[933.4,384.1],[936.9,382.9],[938.1,381.1],[936.3,379.3],[930.4,373.2],[922.8,375.1]]]}},{"type":"Feature","properties":{"GEOID":"37019","NAME":"Brunswick","STATEFP":"37"},"geometry":{"type":"Polygon","coordinates":[[[938.9,383.6],[937.8,387.2],[935.5,387.9],[932.7,391.7],[931.4,394.9],[934.8,397.4],[939.2,395.4],[943,395.1],[945.3,396.9],[946.5,395.9],[944.7,391.8],[943.3,385.7],[941.5,383.7],[938.9,383.6]]]}},{"type":"Feature","properties":{"GEOID":"37021","NAME":"Buncombe","STATEFP":"37"},"geometry":{"type":"Polygon","coordinates":[[[853.1,362.8],[851.2,363.5],[846,367],[844.6,367.4],[847.2,369.7],[848,373],[853.2,371.8],[855.6,370.1],[856.9,370.7],[858.6,369],[856.9,368.5],[855.9,365.1],[853.1,362.8]]]}},{"type":"Feature","properties":{"GEOID":"37023","NAME":"Burke","STATEFP":"37"},"geometry":{"type":"Polygon","coordinates":[[[861.3,358.2],[862.2,359.9],[861,361.9],[863.5,363.7],[864.9,366.9],[867.3,366.4],[870.3,366.4],[870.3,366.3],[872.8,361.1],[869.2,361.4],[863.8,357.8],[861.3,358.2]]]}},{"type":"Feature","properties":{"GEOID":"37025","NAME":"Cabarrus","STATEFP":"37"},"geometry":{"type":"Polygon","coordinates":[[[884.7,365.5],[887.8,370.7],[890.2,371.7],[891.2,372.1],[893.9,364.1],[885.6,365.4],[884.7,365.5]]]}},{"type":"Feature","properties":{"GEOID":"37027","NAME":"Caldwell","STATEFP":"37"},"geometry":{"type":"Polygon","coordinates":[[[863.2,354.3],[864.8,355.1],[863.8,357.8],[869.2,361.4],[872.8,361.1],[873.3,360.3],[872.7,355.6],[868.2,353.4],[863.2,354.3]]]}},{"type":"Feature","properties":{"GEOID":"37029","NAME":"Camden","STATEFP":"37"},"geometry":{"type":"Polygon","coordinates":[[[960.1,327.3],[965.5,329.6],[969.4,332.5],[970.8,335.1],[973,334.9],[973,333],[970.7,330.1],[967.8,329.4],[963.2,325.7],[959.9,326.4],[959,326.6],[960.1,327.3]]]}},{"type":"Feature","properties":{"GEOID":"37031","NAME":"Carteret","STATEFP":"37"},"geometry":{"type":"Polygon","coordinates":[[[963.4,363.7],[964.3,366.2],[957.3,369],[955.8,370],[957.6,372.3],[957.6,374.4],[963,371.9],[967,371.7],[969.6,372.9],[971,368.5],[972.8,365.3],[976.5,360.3],[974.8,357.8],[970,357],[963.4,363.7]]]}},{"type":"Feature","properties":{"GEOID":"37033","NAME":"Caswell","STATEFP":"37"},"geometry":{"type":"Polygon","coordinates":[[[909.7,336.3],[907.4,336.7],[905.1,337.2],[904.3,337.3],[905.1,344.2],[910.2,343.4],[912.2,343.1],[911.2,336.1],[909.7,336.3]]]}},{"type":"Feature","properties":{"GEOID":"37035","NAME":"Catawba","STATEFP":"37"},"geometry":{"type":"Polygon","coordinates":[[[870.3,366.3],[881.2,365.1],[880,361.5],[877.6,360.1],[876.8,359],[873.3,360.3],[872.8,361.1],[870.3,366.3]]]}},{"type":"Feature","properties":{"GEOID":"37037","NAME":"Chatham","STATEFP":"37"},"geometry":{"type":"Polygon","coordinates":[[[906.6,353.7],[907.7,361.4],[911.5,360.7],[914.2,359.2],[915.4,357.3],[918.6,359.3],[919.4,357.7],[917.8,357.3],[918.4,351],[916.3,351.5],[911.9,352],[906.6,353.7]]]}},{"type":"Feature","properties":{"GEOID":"37039","NAME":"Cherokee","STATEFP":"37"},"geometry":{"type":"Polygon","coordinates":[[[819.5,381.9],[819.5,387.1],[823.2,386.7],[825.6,386.4],[828.2,382.3],[830.1,381.8],[830.5,379.5],[825.8,380.9],[824.2,379.3],[820.8,380.4],[819.5,381.9]]]}},{"type":"Feature","properties":{"GEOID":"37041","NAME":"Chowan","STATEFP":"37"},"geometry":{"type":"Polygon","coordinates":[[[957.5,334.4],[957.3,336.6],[960.6,340.1],[964.2,338.2],[960.6,336.9],[959.7,331.3],[957.4,333.1],[957.5,334.4]]]}},{"type":"Feature","properties":{"GEOID":"37043","NAME":"Clay","STATEFP":"37"},"geometry":{"type":"Polygon","coordinates":[[[826.9,386.2],[834.2,385.2],[835.5,385],[831.8,381.7],[830.1,381.8],[828.2,382.3],[825.6,386.4],[826.9,386.2]]]}},{"type":"Feature","properties":{"GEOID":"37045","NAME":"Cleveland","STATEFP":"37"},"geometry":{"type":"Polygon","coordinates":[[[867.3,376],[875,375.2],[875.7,375.1],[874.6,371.3],[872.4,369.5],[870.3,366.4],[867.3,366.4],[867.9,371.7],[867.3,376]]]}},{"type":"Feature","properties":{"GEOID":"37047","NAME":"Columbus","STATEFP":"37"},"geometry":{"type":"Polygon","coordinates":[[[936.9,382.9],[933.4,384.1],[928.8,382.8],[924.9,383.1],[923.5,384.2],[921.9,388.1],[931.4,394.9],[932.7,391.7],[935.5,387.9],[937.8,387.2],[938.9,383.6],[936.9,382.9]]]}},{"type":"Feature","properties":{"GEOID":"37049","NAME":"Craven","STATEFP":"37"},"geometry":{"type":"Polygon","coordinates":[[[947.9,360.8],[954,363.2],[955.5,363.2],[957.3,369],[964.3,366.2],[963.4,363.7],[962.2,364.7],[958.3,363.3],[957.4,360.7],[958.6,358.1],[952.4,355.3],[949,357.9],[947.9,360.8]]]}},{"type":"Feature","properties":{"GEOID":"37051","NAME":"Cumberland","STATEFP":"37"},"geometry":{"type":"Polygon","coordinates":[[[926.4,364.5],[923.2,364.7],[917.7,367.4],[917.7,367.8],[919.7,372.8],[922.8,375.1],[930.4,373.2],[926.9,370.5],[926.1,368.3],[926.4,364.5]]]}},{"type":"Feature","properties":{"GEOID":"37053","NAME":"Currituck","STATEFP":"37"},"geometry":{"type":"Polygon","coordinates":[[[963.2,325.7],[967.8,329.4],[970.7,330.1],[973,333],[973,334.9],[974.5,336],[975.7,334.9],[974,331.4],[975.8,330.4],[972.7,323.7],[966.7,325],[963.2,325.7]]]}},{"type":"Feature","properties":{"GEOID":"37055","NAME":"Dare","STATEFP":"37"},"geometry":{"type":"Polygon","coordinates":[[[975.8,330.4],[974,331.4],[975.7,334.9],[974.5,336],[972.6,337.3],[972.1,339.7],[972.8,345.1],[975.2,344.6],[977.6,348.1],[980.9,356.1],[985.5,353.6],[984.9,344.3],[983.4,340.9],[975.8,330.4]]]}},{"type":"Feature","properties":{"GEOID":"37057","NAME":"Davidson","STATEFP":"37"},"geometry":{"type":"Polygon","coordinates":[[[896.6,351.4],[893.3,351.6],[890.2,353.4],[890.8,356.1],[889.9,359],[895.2,361.9],[896,363.7],[898.1,363.3],[896.9,353.5],[896.6,351.4]]]}},{"type":"Feature","properties":{"GEOID":"37059","NAME":"Davie","STATEFP":"37"},"geometry":{"type":"Polygon","coordinates":[[[884.3,352.5],[884.8,357.1],[889.9,359],[890.8,356.1],[890.2,353.4],[888,352],[884.3,352.5]]]}},{"type":"Feature","properties":{"GEOID":"37061","NAME":"Duplin","STATEFP":"37"},"geometry":{"type":"Polygon","coordinates":[[[935.2,364.2],[936.8,370.8],[936.5,374.8],[938.2,374.9],[946.4,373.4],[945.3,367.5],[944.1,366.9],[942.8,363.8],[941.4,363.3],[935.2,364.2]]]}},{"type":"Feature","properties":{"GEOID":"37063","NAME":"Durham","STATEFP":"37"},"geometry":{"type":"Polygon","coordinates":[[[916,342.5],[916.3,351.5],[918.4,351],[919.8,350.8],[921.6,347],[920.4,345.8],[918.7,342.1],[916,342.5]]]}},{"type":"Feature","properties":{"GEOID":"37065","NAME":"Edgecombe","STATEFP":"37"},"geometry":{"type":"Polygon","coordinates":[[[939.6,340.1],[938.4,347.3],[940,347.9],[942.3,351.1],[946.7,346.5],[947.5,346.6],[945.7,342.5],[939.6,340.1]]]}},{"type":"Feature","properties":{"GEOID":"37067","NAME":"Forsyth","STATEFP":"37"},"geometry":{"type":"Polygon","coordinates":[[[888.1,347.3],[888.7,349.6],[888,352],[890.2,353.4],[893.3,351.6],[896.6,351.4],[895.8,345.6],[888,346.8],[888.1,347.3]]]}},{"type":"Feature","properties":{"GEOID":"37069","NAME":"Franklin","STATEFP":"37"},"geometry":{"type":"Polygon","coordinates":[[[927.8,339.7],[926.2,342.3],[924.7,342.4],[924.4,346.2],[926.8,346.9],[930.7,349.9],[933.6,340.1],[927.8,339.7]]]}},{"type":"Feature","properties":{"GEOID":"37071","NAME":"Gaston","STATEFP":"37"},"geometry":{"type":"Polygon","coordinates":[[[872.4,369.5],[874.6,371.3],[875.7,375.1],[881.3,374.6],[881.9,368.5],[872.4,369.5]]]}},{"type":"Feature","properties":{"GEOID":"37073","NAME":"Gates","STATEFP":"37"},"geometry":{"type":"Polygon","coordinates":[[[952.2,328.2],[952.5,331.5],[955.6,331.9],[957.4,333.1],[959.7,331.3],[961.5,330.3],[960.1,327.3],[959,326.6],[952.1,328],[952.2,328.2]]]}},{"type":"Feature","properties":{"GEOID":"37075","NAME":"Graham","STATEFP":"37"},"geometry":{"type":"Polygon","coordinates":[[[825,375.1],[824.2,379.3],[825.8,380.9],[830.5,379.5],[830.8,378.8],[832.3,375.4],[825.1,375.2],[825,375.1]]]}},{"type":"Feature","properties":{"GEOID":"37077","NAME":"Granville","STATEFP":"37"},"geometry":{"type":"Polygon","coordinates":[[[917.5,334.9],[918.7,342.1],[920.4,345.8],[924.4,346.2],[924.7,342.4],[923.2,336],[923.8,333.7],[918.7,334.7],[917.5,334.9]]]}},{"type":"Feature","properties":{"GEOID":"37079","NAME":"Greene","STATEFP":"37"},"geometry":{"type":"Polygon","coordinates":[[[941.8,351.8],[939.8,353.8],[941.1,358.8],[944.3,358.5],[947,356.2],[946.1,354.2],[941.8,351.8]]]}},{"type":"Feature","properties":{"GEOID":"37081","NAME":"Guilford","STATEFP":"37"},"geometry":{"type":"Polygon","coordinates":[[[895.8,345.6],[896.6,351.4],[896.9,353.5],[906.4,352.4],[905.2,344.4],[895.8,345.6]]]}},{"type":"Feature","properties":{"GEOID":"37083","NAME":"Halifax","STATEFP":"37"},"geometry":{"type":"Polygon","coordinates":[[[934.2,332.7],[934.6,335.6],[933.6,340.1],[936.1,341],[939.6,340.1],[945.7,342.5],[946.8,340.7],[947,338.3],[945,337.6],[943.4,335.2],[939,332.3],[934.2,332.7]]]}},{"type":"Feature","properties":{"GEOID":"37085","NAME":"Harnett","STATEFP":"37"},"geometry":{"type":"Polygon","coordinates":[[[918.6,359.3],[915.5,365],[917.7,367.4],[923.2,364.7],[926.4,364.5],[927.6,362.6],[923.5,358.5],[919.4,357.7],[918.6,359.3]]]}},{"type":"Feature","properties":{"GEOID":"37087","NAME":"Haywood","STATEFP":"37"},"geometry":{"type":"Polygon","coordinates":[[[837.6,367.9],[839,368.3],[839.4,372],[845.2,376.5],[846.7,375.7],[848,373],[847.2,369.7],[844.6,367.4],[842.8,364.9],[840.7,365.3],[837.5,367.5],[837.6,367.9]]]}},{"type":"Feature","properties":{"GEOID":"37089","NAME":"Henderson","STATEFP":"37"},"geometry":{"type":"Polygon","coordinates":[[[856.9,370.7],[855.6,370.1],[853.2,371.8],[848,373],[851,375.8],[852.2,379.1],[856.2,377.4],[856,375.1],[857.3,372.4],[856.9,370.7]]]}},{"type":"Feature","properties":{"GEOID":"37091","NAME":"Hertford","STATEFP":"37"},"geometry":{"type":"Polygon","coordinates":[[[947.6,329],[949,329.4],[948.2,336.2],[957.5,334.4],[957.4,333.1],[955.6,331.9],[952.5,331.5],[952.2,328.2],[947.6,329]]]}},{"type":"Feature","properties":{"GEOID":"37093","NAME":"Hoke","STATEFP":"37"},"geometry":{"type":"Polygon","coordinates":[[[911.4,372.1],[913.8,374.1],[914.4,376.5],[917.4,376.1],[919.7,372.8],[917.7,367.8],[915.1,367.4],[911.4,372.1]]]}},{"type":"Feature","properties":{"GEOID":"37095","NAME":"Hyde","STATEFP":"37"},"geometry":{"type":"Polygon","coordinates":[[[965.2,354.3],[970,357],[974.8,357.8],[976.5,360.3],[980.9,356.1],[977.6,348.1],[975.2,344.6],[972.8,345.1],[965.7,345.9],[961.3,346.6],[962.6,348.4],[963.5,352.2],[965.2,354.3]]]}},{"type":"Feature","properties":{"GEOID":"37097","NAME":"Iredell","STATEFP":"37"},"geometry":{"type":"Polygon","coordinates":[[[878.1,353.6],[878.8,355.6],[877.6,360.1],[880,361.5],[881.2,365.1],[881.7,366.4],[884.7,365.5],[885.6,365.4],[884.3,361.6],[884.8,357.1],[884.3,352.5],[880.8,352.9],[878.1,353.6]]]}},{"type":"Feature","properties":{"GEOID":"37099","NAME":"Jackson","STATEFP":"37"},"geometry":{"type":"Polygon","coordinates":[[[837.1,376.7],[842.5,383.8],[844.4,383],[845.2,376.5],[839.4,372],[836.4,374.5],[837.1,376.7]]]}},{"type":"Feature","properties":{"GEOID":"37101","NAME":"Johnston","STATEFP":"37"},"geometry":{"type":"Polygon","coordinates":[[[930.7,349.9],[926.9,353.8],[923.5,358.5],[927.6,362.6],[930.2,363.6],[932.1,362.5],[934.6,360.5],[935.3,354.7],[932.3,351.7],[930.7,349.9]]]}},{"type":"Feature","properties":{"GEOID":"37103","NAME":"Jones","STATEFP":"37"},"geometry":{"type":"Polygon","coordinates":[[[945.3,367.5],[948.6,366.9],[951.4,367.8],[953.2,367.1],[955.8,370],[957.3,369],[955.5,363.2],[954,363.2],[947.9,360.8],[946.3,364.9],[944.1,366.9],[945.3,367.5]]]}},{"type":"Feature","properties":{"GEOID":"37105","NAME":"Lee","STATEFP":"37"},"geometry":{"type":"Polygon","coordinates":[[[918.6,359.3],[915.4,357.3],[914.2,359.2],[911.5,360.7],[913.8,364.4],[915.5,365],[918.6,359.3]]]}},{"type":"Feature","properties":{"GEOID":"37107","NAME":"Lenoir","STATEFP":"37"},"geometry":{"type":"Polygon","coordinates":[[[941.1,358.8],[941.4,363.3],[942.8,363.8],[944.1,366.9],[946.3,364.9],[947.9,360.8],[949,357.9],[947,356.2],[944.3,358.5],[941.1,358.8]]]}},{"type":"Feature","properties":{"GEOID":"37109","NAME":"Lincoln","STATEFP":"37"},"geometry":{"type":"Polygon","coordinates":[[[872.4,369.5],[881.9,368.5],[881.7,366.4],[881.2,365.1],[870.3,366.3],[870.3,366.4],[872.4,369.5]]]}},{"type":"Feature","properties":{"GEOID":"37111","NAME":"McDowell","STATEFP":"37"},"geometry":{"type":"Polygon","coordinates":[[[858.2,362],[855.9,365.1],[856.9,368.5],[858.6,369],[862.4,368.5],[864.9,366.9],[863.5,363.7],[861,361.9],[862.2,359.9],[861.3,358.2],[860.7,359.5],[858.2,362]]]}},{"type":"Feature","properties":{"GEOID":"37113","NAME":"Macon","STATEFP":"37"},"geometry":{"type":"Polygon","coordinates":[[[837.1,376.7],[830.8,378.8],[830.5,379.5],[830.1,381.8],[831.8,381.7],[835.5,385],[842.5,383.9],[842.5,383.8],[837.1,376.7]]]}},{"type":"Feature","properties":{"GEOID":"37115","NAME":"Madison","STATEFP":"37"},"geometry":{"type":"Polygon","coordinates":[[[843.5,361.2],[842.8,364.9],[844.6,367.4],[846,367],[851.2,363.5],[853.1,362.8],[850.7,359.4],[848.7,358.2],[848,357.6],[843.5,361.2]]]}},{"type":"Feature","properties":{"GEOID":"37117","NAME":"Martin","STATEFP":"37"},"geometry":{"type":"Polygon","coordinates":[[[945.7,342.5],[947.5,346.6],[951.2,348],[955.1,349],[957.3,347.1],[958.3,343.4],[954,344.2],[946.8,340.7],[945.7,342.5]]]}},{"type":"Feature","properties":{"GEOID":"37119","NAME":"Mecklenburg","STATEFP":"37"},"geometry":{"type":"Polygon","coordinates":[[[890.2,371.7],[887.8,370.7],[884.7,365.5],[881.7,366.4],[881.9,368.5],[881.3,374.6],[884,375.9],[885.5,377.5],[890.2,371.7]]]}},{"type":"Feature","properties":{"GEOID":"37121","NAME":"Mitchell","STATEFP":"37"},"geometry":{"type":"Polygon","coordinates":[[[855.4,354.4],[852.1,356.9],[856.5,358.2],[858.2,362],[860.7,359.5],[858.2,355.3],[855.4,354.4]]]}},{"type":"Feature","properties":{"GEOID":"37123","NAME":"Montgomery","STATEFP":"37"},"geometry":{"type":"Polygon","coordinates":[[[896,363.7],[899,366.3],[898.5,369.2],[899.4,371.8],[903.5,370.1],[908,369.8],[906.1,368],[903.7,362.2],[898.1,363.3],[896,363.7]]]}},{"type":"Feature","properties":{"GEOID":"37125","NAME":"Moore","STATEFP":"37"},"geometry":{"type":"Polygon","coordinates":[[[907.7,361.4],[903.7,362.2],[906.1,368],[908,369.8],[909.3,372],[911.4,372.1],[915.1,367.4],[917.7,367.8],[917.7,367.4],[915.5,365],[913.8,364.4],[911.5,360.7],[907.7,361.4]]]}},{"type":"Feature","properties":{"GEOID":"37127","NAME":"Nash","STATEFP":"37"},"geometry":{"type":"Polygon","coordinates":[[[933.6,340.1],[930.7,349.9],[932.3,351.7],[938.4,347.3],[939.6,340.1],[936.1,341],[933.6,340.1]]]}},{"type":"Feature","properties":{"GEOID":"37129","NAME":"New Hanover","STATEFP":"37"},"geometry":{"type":"Polygon","coordinates":[[[941.5,383.7],[943.3,385.7],[944.7,391.8],[946.5,395.9],[946.1,394.3],[947.1,387.6],[948.6,384.2],[945.2,381.6],[941.5,383.7]]]}},{"type":"Feature","properties":{"GEOID":"37131","NAME":"Northampton","STATEFP":"37"},"geometry":{"type":"Polygon","coordinates":[[[945.2,329.6],[936.5,331.3],[934.1,331.8],[934.2,332.7],[939,332.3],[943.4,335.2],[945,337.6],[947,338.3],[948.2,336.2],[949,329.4],[947.6,329],[945.2,329.6]]]}},{"type":"Feature","properties":{"GEOID":"37133","NAME":"Onslow","STATEFP":"37"},"geometry":{"type":"Polygon","coordinates":[[[945.3,367.5],[946.4,373.4],[949.5,378.6],[951.5,380.1],[957.6,374.4],[957.6,372.3],[955.8,370],[953.2,367.1],[951.4,367.8],[948.6,366.9],[945.3,367.5]]]}},{"type":"Feature","properties":{"GEOID":"37135","NAME":"Orange","STATEFP":"37"},"geometry":{"type":"Polygon","coordinates":[[[910.2,343.4],[911.9,352],[916.3,351.5],[916,342.5],[912.2,343.1],[910.2,343.4]]]}},{"type":"Feature","properties":{"GEOID":"37137","NAME":"Pamlico","STATEFP":"37"},"geometry":{"type":"Polygon","coordinates":[[[965.2,354.3],[963.5,355.2],[963.7,357.5],[959.8,358.7],[958.6,358.1],[957.4,360.7],[958.3,363.3],[962.2,364.7],[963.4,363.7],[970,357],[965.2,354.3]]]}},{"type":"Feature","properties":{"GEOID":"37139","NAME":"Pasquotank","STATEFP":"37"},"geometry":{"type":"Polygon","coordinates":[[[961.5,330.3],[968.5,336.5],[970.8,335.1],[969.4,332.5],[965.5,329.6],[960.1,327.3],[961.5,330.3]]]}},{"type":"Feature","properties":{"GEOID":"37141","NAME":"Pender","STATEFP":"37"},"geometry":{"type":"Polygon","coordinates":[[[938.2,374.9],[936.3,379.3],[938.1,381.1],[936.9,382.9],[938.9,383.6],[941.5,383.7],[945.2,381.6],[948.6,384.2],[951.5,380.1],[949.5,378.6],[946.4,373.4],[938.2,374.9]]]}},{"type":"Feature","properties":{"GEOID":"37143","NAME":"Perquimans","STATEFP":"37"},"geometry":{"type":"Polygon","coordinates":[[[959.7,331.3],[960.6,336.9],[964.2,338.2],[965,338.2],[968.5,336.5],[961.5,330.3],[959.7,331.3]]]}},{"type":"Feature","properties":{"GEOID":"37145","NAME":"Person","STATEFP":"37"},"geometry":{"type":"Polygon","coordinates":[[[911.2,336.1],[912.2,343.1],[916,342.5],[918.7,342.1],[917.5,334.9],[911.2,336.1]]]}},{"type":"Feature","properties":{"GEOID":"37147","NAME":"Pitt","STATEFP":"37"},"geometry":{"type":"Polygon","coordinates":[[[941.8,351.8],[946.1,354.2],[947,356.2],[949,357.9],[952.4,355.3],[951.2,348],[947.5,346.6],[946.7,346.5],[942.3,351.1],[941.8,351.8]]]}},{"type":"Feature","properties":{"GEOID":"37149","NAME":"Polk","STATEFP":"37"},"geometry":{"type":"Polygon","coordinates":[[[857.3,372.4],[856,375.1],[856.2,377.4],[858.8,376.9],[863.5,376.4],[863.3,374.8],[859.3,371.8],[857.3,372.4]]]}},{"type":"Feature","properties":{"GEOID":"37151","NAME":"Randolph","STATEFP":"37"},"geometry":{"type":"Polygon","coordinates":[[[906.4,352.4],[896.9,353.5],[898.1,363.3],[903.7,362.2],[907.7,361.4],[906.6,353.7],[906.4,352.4]]]}},{"type":"Feature","properties":{"GEOID":"37153","NAME":"Richmond","STATEFP":"37"},"geometry":{"type":"Polygon","coordinates":[[[899.4,371.8],[901.9,371.9],[904.6,376.7],[903.5,379.1],[908,378.4],[910,375.5],[909.5,373.7],[911.4,372.1],[909.3,372],[908,369.8],[903.5,370.1],[899.4,371.8]]]}},{"type":"Feature","properties":{"GEOID":"37155","NAME":"Robeson","STATEFP":"37"},"geometry":{"type":"Polygon","coordinates":[[[913.3,381.9],[921.9,388.1],[923.5,384.2],[924.9,383.1],[925.3,378.1],[922.8,375.1],[919.7,372.8],[917.4,376.1],[914.4,376.5],[915,377.9],[913.1,381.7],[913.3,381.9]]]}},{"type":"Feature","properties":{"GEOID":"37157","NAME":"Rockingham","STATEFP":"37"},"geometry":{"type":"Polygon","coordinates":[[[900.6,337.9],[894.8,338.9],[895.8,345.6],[905.2,344.4],[905.1,344.2],[904.3,337.3],[900.6,337.9]]]}},{"type":"Feature","properties":{"GEOID":"37159","NAME":"Rowan","STATEFP":"37"},"geometry":{"type":"Polygon","coordinates":[[[884.8,357.1],[884.3,361.6],[885.6,365.4],[893.9,364.1],[896,363.7],[895.2,361.9],[889.9,359],[884.8,357.1]]]}},{"type":"Feature","properties":{"GEOID":"37161","NAME":"Rutherford","STATEFP":"37"},"geometry":{"type":"Polygon","coordinates":[[[857.3,372.4],[859.3,371.8],[863.3,374.8],[863.5,376.4],[865.3,376.2],[867.3,376],[867.9,371.7],[867.3,366.4],[864.9,366.9],[862.4,368.5],[858.6,369],[856.9,370.7],[857.3,372.4]]]}},{"type":"Feature","properties":{"GEOID":"37163","NAME":"Sampson","STATEFP":"37"},"geometry":{"type":"Polygon","coordinates":[[[926.4,364.5],[926.1,368.3],[926.9,370.5],[930.4,373.2],[936.3,379.3],[938.2,374.9],[936.5,374.8],[936.8,370.8],[935.2,364.2],[932.1,362.5],[930.2,363.6],[927.6,362.6],[926.4,364.5]]]}},{"type":"Feature","properties":{"GEOID":"37165","NAME":"Scotland","STATEFP":"37"},"geometry":{"type":"Polygon","coordinates":[[[911.4,372.1],[909.5,373.7],[910,375.5],[908,378.4],[913.1,381.7],[915,377.9],[914.4,376.5],[913.8,374.1],[911.4,372.1]]]}},{"type":"Feature","properties":{"GEOID":"37167","NAME":"Stanly","STATEFP":"37"},"geometry":{"type":"Polygon","coordinates":[[[893.9,364.1],[891.2,372.1],[895.4,371.2],[899.4,371.8],[898.5,369.2],[899,366.3],[896,363.7],[893.9,364.1]]]}},{"type":"Feature","properties":{"GEOID":"37169","NAME":"Stokes","STATEFP":"37"},"geometry":{"type":"Polygon","coordinates":[[[887.1,340],[888,346.8],[895.8,345.6],[894.8,338.9],[894.3,339],[887.1,340]]]}},{"type":"Feature","properties":{"GEOID":"37171","NAME":"Surry","STATEFP":"37"},"geometry":{"type":"Polygon","coordinates":[[[877.9,345.1],[880,346.6],[880.3,348.7],[884.6,346.8],[888.1,347.3],[888,346.8],[887.1,340],[883.9,340.4],[879.7,341],[878.5,341.1],[877.9,345.1]]]}},{"type":"Feature","properties":{"GEOID":"37173","NAME":"Swain","STATEFP":"37"},"geometry":{"type":"Polygon","coordinates":[[[837.6,367.9],[833.6,371.5],[830.3,371.9],[828.3,372.4],[825.1,375.2],[832.3,375.4],[830.8,378.8],[837.1,376.7],[836.4,374.5],[839.4,372],[839,368.3],[837.6,367.9]]]}},{"type":"Feature","properties":{"GEOID":"37175","NAME":"Transylvania","STATEFP":"37"},"geometry":{"type":"Polygon","coordinates":[[[845.2,376.5],[844.4,383],[846.4,382],[848.9,381.4],[852.2,379.1],[851,375.8],[848,373],[846.7,375.7],[845.2,376.5]]]}},{"type":"Feature","properties":{"GEOID":"37177","NAME":"Tyrrell","STATEFP":"37"},"geometry":{"type":"Polygon","coordinates":[[[970.8,335.1],[968.5,336.5],[965,338.2],[965.8,341.9],[965.7,345.9],[972.8,345.1],[972.1,339.7],[972.6,337.3],[974.5,336],[973,334.9],[970.8,335.1]]]}},{"type":"Feature","properties":{"GEOID":"37179","NAME":"Union","STATEFP":"37"},"geometry":{"type":"Polygon","coordinates":[[[890.2,371.7],[885.5,377.5],[886.9,378.8],[887,381.6],[891.5,380.9],[896.1,380.2],[895.4,371.2],[891.2,372.1],[890.2,371.7]]]}},{"type":"Feature","properties":{"GEOID":"37181","NAME":"Vance","STATEFP":"37"},"geometry":{"type":"Polygon","coordinates":[[[923.8,333.7],[923.2,336],[924.7,342.4],[926.2,342.3],[927.8,339.7],[928.1,338.6],[926.2,333.3],[923.8,333.7]]]}},{"type":"Feature","properties":{"GEOID":"37183","NAME":"Wake","STATEFP":"37"},"geometry":{"type":"Polygon","coordinates":[[[920.4,345.8],[921.6,347],[919.8,350.8],[918.4,351],[917.8,357.3],[919.4,357.7],[923.5,358.5],[926.9,353.8],[930.7,349.9],[926.8,346.9],[924.4,346.2],[920.4,345.8]]]}},{"type":"Feature","properties":{"GEOID":"37185","NAME":"Warren","STATEFP":"37"},"geometry":{"type":"Polygon","coordinates":[[[931.4,332.3],[926.2,333.3],[928.1,338.6],[927.8,339.7],[933.6,340.1],[934.6,335.6],[934.2,332.7],[934.1,331.8],[931.4,332.3]]]}},{"type":"Feature","properties":{"GEOID":"37187","NAME":"Washington","STATEFP":"37"},"geometry":{"type":"Polygon","coordinates":[[[957.3,347.1],[961.3,346.6],[965.7,345.9],[965.8,341.9],[965,338.2],[964.2,338.2],[960.6,340.1],[958.3,343.4],[957.3,347.1]]]}},{"type":"Feature","properties":{"GEOID":"37189","NAME":"Watauga","STATEFP":"37"},"geometry":{"type":"Polygon","coordinates":[[[860.6,350.5],[863.2,354.3],[868.2,353.4],[869,350.4],[863.8,347.5],[860.6,350.5]]]}},{"type":"Feature","properties":{"GEOID":"37191","NAME":"Wayne","STATEFP":"37"},"geometry":{"type":"Polygon","coordinates":[[[935.3,354.7],[934.6,360.5],[932.1,362.5],[935.2,364.2],[941.4,363.3],[941.1,358.8],[939.8,353.8],[935.3,354.7]]]}},{"type":"Feature","properties":{"GEOID":"37193","NAME":"Wilkes","STATEFP":"37"},"geometry":{"type":"Polygon","coordinates":[[[872.7,346.7],[870.9,347.3],[869,350.4],[868.2,353.4],[872.7,355.6],[878.1,353.6],[880.8,352.9],[880.3,348.7],[880,346.6],[877.9,345.1],[875.4,344.5],[872.7,346.7]]]}},{"type":"Feature","properties":{"GEOID":"37195","NAME":"Wilson","STATEFP":"37"},"geometry":{"type":"Polygon","coordinates":[[[938.4,347.3],[932.3,351.7],[935.3,354.7],[939.8,353.8],[941.8,351.8],[942.3,351.1],[940,347.9],[938.4,347.3]]]}},{"type":"Feature","properties":{"GEOID":"37197","NAME":"Yadkin","STATEFP":"37"},"geometry":{"type":"Polygon","coordinates":[[[880.3,348.7],[880.8,352.9],[884.3,352.5],[888,352],[888.7,349.6],[888.1,347.3],[884.6,346.8],[880.3,348.7]]]}},{"type":"Feature","properties":{"GEOID":"37199","NAME":"Yancey","STATEFP":"37"},"geometry":{"type":"Polygon","coordinates":[[[852.1,356.9],[850.7,359.4],[853.1,362.8],[855.9,365.1],[858.2,362],[856.5,358.2],[852.1,356.9]]]}},{"type":"Feature","properties":{"GEOID":"38001","NAME":"Adams","STATEFP":"38"},"geometry":{"type":"Polygon","coordinates":[[[482.1,129.5],[481.5,137.4],[482.4,137.4],[497.8,138.5],[497.9,138.5],[498,135.9],[498.3,132.4],[490.1,131.8],[490.2,130],[483.3,129.6],[482.1,129.5]]]}},{"type":"Feature","properties":{"GEOID":"38003","NAME":"Barnes","STATEFP":"38"},"geometry":{"type":"Polygon","coordinates":[[[556.6,110.7],[556.9,116.8],[556.7,125],[563.3,125.1],[569,125.3],[569.2,117.1],[568.9,111],[564.8,110.9],[556.6,110.7]]]}},{"type":"Feature","properties":{"GEOID":"38005","NAME":"Benson","STATEFP":"38"},"geometry":{"type":"Polygon","coordinates":[[[541.1,83.8],[535.5,83.6],[535.1,91.7],[535.5,95.8],[543.7,96.1],[556.1,96.5],[556.1,94.9],[554.5,94.8],[551.7,91.4],[548.8,92.5],[547.6,90.2],[545.5,89],[545.7,84],[541.1,83.8]]]}},{"type":"Feature","properties":{"GEOID":"38007","NAME":"Billings","STATEFP":"38"},"geometry":{"type":"Polygon","coordinates":[[[473.2,104.2],[472.5,112.3],[473.4,112.4],[472.8,120.6],[478.9,121],[479.5,112.9],[482.7,113.1],[483.3,105],[482.3,104.9],[473.2,104.2]]]}},{"type":"Feature","properties":{"GEOID":"38009","NAME":"Bottineau","STATEFP":"38"},"geometry":{"type":"Polygon","coordinates":[[[510.2,67.7],[509.9,74.2],[510.3,78.3],[516.5,78.6],[516.6,76.6],[526.9,77.1],[528.9,79.2],[530.9,79.3],[530.5,75.3],[530.8,68.7],[510.2,67.7]]]}},{"type":"Feature","properties":{"GEOID":"38011","NAME":"Bowman","STATEFP":"38"},"geometry":{"type":"Polygon","coordinates":[[[465,128.2],[464.3,136],[481.5,137.4],[482.1,129.5],[465,128.2]]]}},{"type":"Feature","properties":{"GEOID":"38013","NAME":"Burke","STATEFP":"38"},"geometry":{"type":"Polygon","coordinates":[[[487.7,66.2],[487.2,72.7],[487.9,74.8],[487.7,76.8],[498,77.5],[498.3,73.5],[499.7,71.5],[501.7,71.7],[502,67.2],[487.7,66.2]]]}},{"type":"Feature","properties":{"GEOID":"38015","NAME":"Burleigh","STATEFP":"38"},"geometry":{"type":"Polygon","coordinates":[[[521.2,107.3],[519.8,111.2],[516.3,111.1],[516.6,115.2],[518.6,122.1],[520.6,123.5],[530,124],[530.5,115.9],[529.8,115.8],[530.2,107.8],[521.2,107.3]]]}},{"type":"Feature","properties":{"GEOID":"38017","NAME":"Cass","STATEFP":"38"},"geometry":{"type":"Polygon","coordinates":[[[568.9,111],[569.2,117.1],[569,125.3],[575.6,125.4],[583.4,125.5],[584,118.3],[582.9,116.6],[582.8,113.3],[582.9,111.2],[573,111.1],[568.9,111]]]}},{"type":"Feature","properties":{"GEOID":"38019","NAME":"Cavalier","STATEFP":"38"},"geometry":{"type":"Polygon","coordinates":[[[549.3,69.4],[549.1,76],[549.5,80],[559.8,80.3],[565.9,80.5],[565.8,69.8],[549.3,69.4]]]}},{"type":"Feature","properties":{"GEOID":"38021","NAME":"Dickey","STATEFP":"38"},"geometry":{"type":"Polygon","coordinates":[[[563.1,133.3],[547.3,132.9],[547,140.9],[551.6,141.1],[563.4,141.5],[563.6,133.3],[563.1,133.3]]]}},{"type":"Feature","properties":{"GEOID":"38023","NAME":"Divide","STATEFP":"38"},"geometry":{"type":"Polygon","coordinates":[[[470.3,64.8],[469.6,73.3],[487.9,74.8],[487.2,72.7],[487.7,66.2],[470.3,64.8]]]}},{"type":"Feature","properties":{"GEOID":"38025","NAME":"Dunn","STATEFP":"38"},"geometry":{"type":"Polygon","coordinates":[[[482.3,104.9],[483.3,105],[482.7,113.1],[490.9,113.7],[497.1,113.4],[497.6,106],[496.6,105.9],[497,100.2],[496.1,98.9],[496.4,95.3],[494.4,95.7],[490.4,93.9],[490.1,97.4],[482.8,96.8],[482.3,104.9]]]}},{"type":"Feature","properties":{"GEOID":"38027","NAME":"Eddy","STATEFP":"38"},"geometry":{"type":"Polygon","coordinates":[[[543.7,96.1],[544,102.2],[556.3,102.6],[556.4,100.6],[556.1,96.5],[543.7,96.1]]]}},{"type":"Feature","properties":{"GEOID":"38029","NAME":"Emmons","STATEFP":"38"},"geometry":{"type":"Polygon","coordinates":[[[521.5,128.4],[521.8,132.6],[520.6,135],[522.3,139.9],[522.5,139.9],[532.6,140.4],[533,132.4],[532.4,132.3],[532.7,124.1],[530,124],[520.6,123.5],[522.4,126],[521.5,128.4]]]}},{"type":"Feature","properties":{"GEOID":"38031","NAME":"Foster","STATEFP":"38"},"geometry":{"type":"Polygon","coordinates":[[[556.3,102.6],[544,102.2],[543.8,108.3],[556.2,108.7],[556.3,102.6]]]}},{"type":"Feature","properties":{"GEOID":"38033","NAME":"Golden Valley","STATEFP":"38"},"geometry":{"type":"Polygon","coordinates":[[[467.1,103.6],[465.7,119.7],[465.5,122.1],[469.5,122.4],[469.7,120.3],[472.8,120.6],[473.4,112.4],[472.5,112.3],[473.2,104.2],[467.1,103.6]]]}},{"type":"Feature","properties":{"GEOID":"38035","NAME":"Grand Forks","STATEFP":"38"},"geometry":{"type":"Polygon","coordinates":[[[566.1,88.6],[566.2,100.8],[572.8,100.9],[582.2,101.1],[579.5,94.6],[578.2,89.3],[578.2,88.8],[566.1,88.6]]]}},{"type":"Feature","properties":{"GEOID":"38037","NAME":"Grant","STATEFP":"38"},"geometry":{"type":"Polygon","coordinates":[[[498,135.9],[500.3,135.8],[503.2,137.2],[506.2,137.1],[509.5,135.4],[514.3,131.4],[514,129.4],[509.9,129.2],[510.2,123.1],[503.4,122.7],[503.6,120.7],[497.4,120.3],[497.3,122.3],[498,122.4],[497.6,130.5],[498.3,132.4],[498,135.9]]]}},{"type":"Feature","properties":{"GEOID":"38039","NAME":"Griggs","STATEFP":"38"},"geometry":{"type":"Polygon","coordinates":[[[556.3,102.6],[556.2,108.7],[556.6,110.7],[564.8,110.9],[564.4,108.9],[564.6,100.8],[556.4,100.6],[556.3,102.6]]]}},{"type":"Feature","properties":{"GEOID":"38041","NAME":"Hettinger","STATEFP":"38"},"geometry":{"type":"Polygon","coordinates":[[[497.3,122.3],[483.8,121.4],[483.3,129.6],[490.2,130],[490.1,131.8],[498.3,132.4],[497.6,130.5],[498,122.4],[497.3,122.3]]]}},{"type":"Feature","properties":{"GEOID":"38043","NAME":"Kidder","STATEFP":"38"},"geometry":{"type":"Polygon","coordinates":[[[530.2,107.8],[529.8,115.8],[530.5,115.9],[530,124],[532.7,124.1],[540.3,124.5],[540.6,116.3],[540.4,108.2],[531.5,107.8],[530.2,107.8]]]}},{"type":"Feature","properties":{"GEOID":"38045","NAME":"LaMoure","STATEFP":"38"},"geometry":{"type":"Polygon","coordinates":[[[547,124.7],[546.7,132.9],[547.3,132.9],[563.1,133.3],[563.3,125.1],[556.7,125],[547,124.7]]]}},{"type":"Feature","properties":{"GEOID":"38047","NAME":"Logan","STATEFP":"38"},"geometry":{"type":"Polygon","coordinates":[[[540.3,124.5],[532.7,124.1],[532.4,132.3],[533,132.4],[546.7,132.9],[547,124.7],[540.3,124.5]]]}},{"type":"Feature","properties":{"GEOID":"38049","NAME":"McHenry","STATEFP":"38"},"geometry":{"type":"Polygon","coordinates":[[[516.4,80.6],[517,82.7],[516.6,90.8],[517.1,94.9],[523.2,95.3],[529.4,95.5],[528.9,91.5],[529.3,83.3],[528.9,79.2],[526.9,77.1],[516.6,76.6],[516.5,78.6],[516.4,80.6]]]}},{"type":"Feature","properties":{"GEOID":"38051","NAME":"McIntosh","STATEFP":"38"},"geometry":{"type":"Polygon","coordinates":[[[546.7,132.9],[533,132.4],[532.6,140.4],[535.3,140.5],[547,140.9],[547.3,132.9],[546.7,132.9]]]}},{"type":"Feature","properties":{"GEOID":"38053","NAME":"McKenzie","STATEFP":"38"},"geometry":{"type":"Polygon","coordinates":[[[468.4,88.1],[467.2,102.1],[467.1,103.6],[473.2,104.2],[482.3,104.9],[482.8,96.8],[490.1,97.4],[490.4,93.9],[491.8,90.6],[491.3,88.7],[487.9,86.7],[482,86],[480.7,87.7],[477.3,88.6],[475.6,86],[472.7,87],[470.3,89.2],[468.4,88.1]]]}},{"type":"Feature","properties":{"GEOID":"38055","NAME":"McLean","STATEFP":"38"},"geometry":{"type":"Polygon","coordinates":[[[517.1,94.9],[502.7,94.1],[494.5,93.6],[494.4,95.7],[496.4,95.3],[496.1,98.9],[497,100.2],[499.7,100.4],[501.9,102.1],[509.3,101.2],[509.1,103.2],[510.4,107.6],[511.7,108.3],[514.9,107.8],[516.3,111.1],[519.8,111.2],[521.2,107.3],[521.6,99.2],[523,99.3],[523.2,95.3],[517.1,94.9]]]}},{"type":"Feature","properties":{"GEOID":"38057","NAME":"Mercer","STATEFP":"38"},"geometry":{"type":"Polygon","coordinates":[[[511.7,108.3],[510.4,107.6],[509.1,103.2],[509.3,101.2],[501.9,102.1],[499.7,100.4],[497,100.2],[496.6,105.9],[497.6,106],[497.1,113.4],[497.8,114.1],[503.2,114.5],[503.6,108.4],[511.7,108.3]]]}},{"type":"Feature","properties":{"GEOID":"38059","NAME":"Morton","STATEFP":"38"},"geometry":{"type":"Polygon","coordinates":[[[520.6,123.5],[518.6,122.1],[516.6,115.2],[503.2,114.5],[497.8,114.1],[497.4,120.3],[503.6,120.7],[503.4,122.7],[510.2,123.1],[509.9,129.2],[514,129.4],[514.3,131.4],[516.1,128.9],[521.5,128.4],[522.4,126],[520.6,123.5]]]}},{"type":"Feature","properties":{"GEOID":"38061","NAME":"Mountrail","STATEFP":"38"},"geometry":{"type":"Polygon","coordinates":[[[487.7,76.8],[488.4,80.9],[487.9,86.7],[491.3,88.7],[491.8,90.6],[490.4,93.9],[494.4,95.7],[494.5,93.6],[502.7,94.1],[502.2,90],[502.7,81.9],[502.1,77.8],[498,77.5],[487.7,76.8]]]}},{"type":"Feature","properties":{"GEOID":"38063","NAME":"Nelson","STATEFP":"38"},"geometry":{"type":"Polygon","coordinates":[[[560,88.5],[557.9,88.4],[557.8,92.5],[556.1,94.9],[556.1,96.5],[556.4,100.6],[564.6,100.8],[566.2,100.8],[566.1,88.6],[560,88.5]]]}},{"type":"Feature","properties":{"GEOID":"38065","NAME":"Oliver","STATEFP":"38"},"geometry":{"type":"Polygon","coordinates":[[[503.2,114.5],[516.6,115.2],[516.3,111.1],[514.9,107.8],[511.7,108.3],[503.6,108.4],[503.2,114.5]]]}},{"type":"Feature","properties":{"GEOID":"38067","NAME":"Pembina","STATEFP":"38"},"geometry":{"type":"Polygon","coordinates":[[[577.1,70],[565.8,69.8],[565.9,80.5],[578,80.7],[578.9,77.3],[577.1,70]]]}},{"type":"Feature","properties":{"GEOID":"38069","NAME":"Pierce","STATEFP":"38"},"geometry":{"type":"Polygon","coordinates":[[[528.9,79.2],[529.3,83.3],[528.9,91.5],[529.4,95.5],[531.4,95.6],[535.5,95.8],[535.1,91.7],[535.5,83.6],[541.1,83.8],[541.2,79.7],[530.9,79.3],[528.9,79.2]]]}},{"type":"Feature","properties":{"GEOID":"38071","NAME":"Ramsey","STATEFP":"38"},"geometry":{"type":"Polygon","coordinates":[[[549.5,80],[549.3,84.1],[545.7,84],[545.5,89],[547.6,90.2],[548.8,92.5],[551.7,91.4],[554.5,94.8],[556.1,94.9],[557.8,92.5],[557.9,88.4],[560,88.5],[559.8,80.3],[549.5,80]]]}},{"type":"Feature","properties":{"GEOID":"38073","NAME":"Ransom","STATEFP":"38"},"geometry":{"type":"Polygon","coordinates":[[[563.3,125.1],[563.1,133.3],[563.6,133.3],[575.4,133.5],[575.6,125.4],[569,125.3],[563.3,125.1]]]}},{"type":"Feature","properties":{"GEOID":"38075","NAME":"Renville","STATEFP":"38"},"geometry":{"type":"Polygon","coordinates":[[[501.7,71.7],[501.6,73.7],[504.4,73.9],[504,79.9],[516.4,80.6],[516.5,78.6],[510.3,78.3],[509.9,74.2],[510.2,67.7],[502,67.2],[501.7,71.7]]]}},{"type":"Feature","properties":{"GEOID":"38077","NAME":"Richland","STATEFP":"38"},"geometry":{"type":"Polygon","coordinates":[[[575.4,133.5],[576.2,141.7],[587.1,141.8],[586.9,139.8],[587.3,138.3],[586.6,132.5],[585.5,131.4],[583.6,125.4],[583.4,125.5],[575.6,125.4],[575.4,133.5]]]}},{"type":"Feature","properties":{"GEOID":"38079","NAME":"Rolette","STATEFP":"38"},"geometry":{"type":"Polygon","coordinates":[[[530.8,68.7],[530.5,75.3],[530.9,79.3],[541.2,79.7],[540.9,75.7],[541.1,69.2],[530.8,68.7]]]}},{"type":"Feature","properties":{"GEOID":"38081","NAME":"Sargent","STATEFP":"38"},"geometry":{"type":"Polygon","coordinates":[[[563.6,133.3],[563.4,141.5],[563.8,141.5],[576.2,141.7],[575.4,133.5],[563.6,133.3]]]}},{"type":"Feature","properties":{"GEOID":"38083","NAME":"Sheridan","STATEFP":"38"},"geometry":{"type":"Polygon","coordinates":[[[523.2,95.3],[523,99.3],[521.6,99.2],[521.2,107.3],[530.2,107.8],[531.5,107.8],[531.8,99.7],[531.4,95.6],[529.4,95.5],[523.2,95.3]]]}},{"type":"Feature","properties":{"GEOID":"38085","NAME":"Sioux","STATEFP":"38"},"geometry":{"type":"Polygon","coordinates":[[[514.3,131.4],[509.5,135.4],[506.2,137.1],[503.2,137.2],[500.3,135.8],[498,135.9],[497.9,138.5],[522.3,139.9],[520.6,135],[521.8,132.6],[521.5,128.4],[516.1,128.9],[514.3,131.4]]]}},{"type":"Feature","properties":{"GEOID":"38087","NAME":"Slope","STATEFP":"38"},"geometry":{"type":"Polygon","coordinates":[[[465.5,122.1],[465,128.2],[482.1,129.5],[483.3,129.6],[483.8,121.4],[478.9,121],[472.8,120.6],[469.7,120.3],[469.5,122.4],[465.5,122.1]]]}},{"type":"Feature","properties":{"GEOID":"38089","NAME":"Stark","STATEFP":"38"},"geometry":{"type":"Polygon","coordinates":[[[497.1,113.4],[490.9,113.7],[482.7,113.1],[479.5,112.9],[478.9,121],[483.8,121.4],[497.3,122.3],[497.4,120.3],[497.8,114.1],[497.1,113.4]]]}},{"type":"Feature","properties":{"GEOID":"38091","NAME":"Steele","STATEFP":"38"},"geometry":{"type":"Polygon","coordinates":[[[564.6,100.8],[564.4,108.9],[564.8,110.9],[568.9,111],[573,111.1],[572.6,109.1],[572.8,100.9],[566.2,100.8],[564.6,100.8]]]}},{"type":"Feature","properties":{"GEOID":"38093","NAME":"Stutsman","STATEFP":"38"},"geometry":{"type":"Polygon","coordinates":[[[540.4,108.2],[540.6,116.3],[540.3,124.5],[547,124.7],[556.7,125],[556.9,116.8],[556.6,110.7],[556.2,108.7],[543.8,108.3],[540.4,108.2]]]}},{"type":"Feature","properties":{"GEOID":"38095","NAME":"Towner","STATEFP":"38"},"geometry":{"type":"Polygon","coordinates":[[[549.5,80],[549.1,76],[549.3,69.4],[541.1,69.2],[540.9,75.7],[541.2,79.7],[541.1,83.8],[545.7,84],[549.3,84.1],[549.5,80]]]}},{"type":"Feature","properties":{"GEOID":"38097","NAME":"Traill","STATEFP":"38"},"geometry":{"type":"Polygon","coordinates":[[[572.8,100.9],[572.6,109.1],[573,111.1],[582.9,111.2],[582.7,105.1],[582.2,101.1],[572.8,100.9]]]}},{"type":"Feature","properties":{"GEOID":"38099","NAME":"Walsh","STATEFP":"38"},"geometry":{"type":"Polygon","coordinates":[[[559.8,80.3],[560,88.5],[566.1,88.6],[578.2,88.8],[578.7,86.8],[578,80.7],[565.9,80.5],[559.8,80.3]]]}},{"type":"Feature","properties":{"GEOID":"38101","NAME":"Ward","STATEFP":"38"},"geometry":{"type":"Polygon","coordinates":[[[498,77.5],[502.1,77.8],[502.7,81.9],[502.2,90],[502.7,94.1],[517.1,94.9],[516.6,90.8],[517,82.7],[516.4,80.6],[504,79.9],[504.4,73.9],[501.6,73.7],[501.7,71.7],[499.7,71.5],[498.3,73.5],[498,77.5]]]}},{"type":"Feature","properties":{"GEOID":"38103","NAME":"Wells","STATEFP":"38"},"geometry":{"type":"Polygon","coordinates":[[[531.4,95.6],[531.8,99.7],[531.5,107.8],[540.4,108.2],[543.8,108.3],[544,102.2],[543.7,96.1],[535.5,95.8],[531.4,95.6]]]}},{"type":"Feature","properties":{"GEOID":"38105","NAME":"Williams","STATEFP":"38"},"geometry":{"type":"Polygon","coordinates":[[[469.2,79],[468.4,88.1],[470.3,89.2],[472.7,87],[475.6,86],[477.3,88.6],[480.7,87.7],[482,86],[487.9,86.7],[488.4,80.9],[487.7,76.8],[487.9,74.8],[469.6,73.3],[469.2,79]]]}},{"type":"Feature","properties":{"GEOID":"39001","NAME":"Adams","STATEFP":"39"},"geometry":{"type":"Polygon","coordinates":[[[819.5,290.8],[820.1,299.8],[821.2,299.8],[823,298],[828.1,299.3],[826.8,289.9],[824.6,289.3],[819.5,290.8]]]}},{"type":"Feature","properties":{"GEOID":"39003","NAME":"Allen","STATEFP":"39"},"geometry":{"type":"Polygon","coordinates":[[[802.1,249.1],[801.7,253.3],[804.7,252.9],[806.9,253.6],[810.9,253.1],[810.3,249],[810,246.6],[802.1,249.1]]]}},{"type":"Feature","properties":{"GEOID":"39005","NAME":"Ashland","STATEFP":"39"},"geometry":{"type":"Polygon","coordinates":[[[835.1,241.4],[836,245.6],[837.7,247.5],[838.3,251.5],[840.3,250.9],[841.6,248.3],[840.5,240.7],[839.5,239.1],[836.6,239.5],[835.1,241.4]]]}},{"type":"Feature","properties":{"GEOID":"39007","NAME":"Ashtabula","STATEFP":"39"},"geometry":{"type":"Polygon","coordinates":[[[857.4,220.8],[858.2,225.8],[866.6,224.5],[865.3,216.3],[863.4,205.1],[855.3,208.2],[857.4,220.8]]]}},{"type":"Feature","properties":{"GEOID":"39009","NAME":"Athens","STATEFP":"39"},"geometry":{"type":"Polygon","coordinates":[[[843.1,278.8],[844.1,283],[853.4,282.2],[853.8,281.3],[851.2,279.2],[850.9,276.1],[847.1,276.4],[846.9,274.3],[844.9,274.4],[845,276.6],[843.1,278.8]]]}},{"type":"Feature","properties":{"GEOID":"39011","NAME":"Auglaize","STATEFP":"39"},"geometry":{"type":"Polygon","coordinates":[[[800.6,253.4],[801.9,261.1],[803.6,260.3],[803.3,257.9],[809.2,257.2],[811.2,255.6],[810.9,253.1],[806.9,253.6],[804.7,252.9],[801.7,253.3],[800.6,253.4]]]}},{"type":"Feature","properties":{"GEOID":"39013","NAME":"Belmont","STATEFP":"39"},"geometry":{"type":"Polygon","coordinates":[[[859.2,257.6],[859.9,262.7],[860.2,264.7],[867.6,263.9],[868.4,259.4],[868.5,256.4],[865.3,256.8],[859.2,257.6]]]}},{"type":"Feature","properties":{"GEOID":"39015","NAME":"Brown","STATEFP":"39"},"geometry":{"type":"Polygon","coordinates":[[[813.1,286],[813.4,297.5],[816.1,297.3],[820.1,299.8],[819.5,290.8],[815.9,291.2],[815.3,285.9],[813.1,286]]]}},{"type":"Feature","properties":{"GEOID":"39017","NAME":"Butler","STATEFP":"39"},"geometry":{"type":"Polygon","coordinates":[[[803.3,279.2],[797.4,280.5],[797.5,281.5],[798.1,286.7],[806.5,286],[806.1,279.9],[805.4,279],[803.3,279.2]]]}},{"type":"Feature","properties":{"GEOID":"39019","NAME":"Carroll","STATEFP":"39"},"geometry":{"type":"Polygon","coordinates":[[[855.9,246.5],[857.1,248.4],[857.5,251.5],[863.3,250.8],[864.1,246.5],[862.6,243.7],[859.6,244.1],[857,244.6],[855.9,246.5]]]}},{"type":"Feature","properties":{"GEOID":"39021","NAME":"Champaign","STATEFP":"39"},"geometry":{"type":"Polygon","coordinates":[[[809.6,262.1],[809.7,264.2],[809.9,267.6],[819.2,267.2],[819.2,264.7],[817.9,262.1],[809.6,262.1]]]}},{"type":"Feature","properties":{"GEOID":"39023","NAME":"Clark","STATEFP":"39"},"geometry":{"type":"Polygon","coordinates":[[[809.9,267.6],[810.1,271.5],[810.2,272.1],[817.7,273],[818.7,273],[819.2,267.2],[809.9,267.6]]]}},{"type":"Feature","properties":{"GEOID":"39025","NAME":"Clermont","STATEFP":"39"},"geometry":{"type":"Polygon","coordinates":[[[812.8,286.1],[808.2,286.2],[807.8,292.3],[809.9,295.5],[810,296.6],[813.4,297.5],[813.1,286],[812.8,286.1]]]}},{"type":"Feature","properties":{"GEOID":"39027","NAME":"Clinton","STATEFP":"39"},"geometry":{"type":"Polygon","coordinates":[[[812.4,278.6],[812.8,286.1],[813.1,286],[815.3,285.9],[819.9,282.2],[819.6,278.2],[817.9,278.3],[812.4,278.6]]]}},{"type":"Feature","properties":{"GEOID":"39029","NAME":"Columbiana","STATEFP":"39"},"geometry":{"type":"Polygon","coordinates":[[[859,240],[859.6,244.1],[862.6,243.7],[864.1,246.5],[867.5,246.3],[869.9,244.6],[869.1,239.6],[868.9,238.5],[859,240]]]}},{"type":"Feature","properties":{"GEOID":"39031","NAME":"Coshocton","STATEFP":"39"},"geometry":{"type":"Polygon","coordinates":[[[841.3,253.4],[841.9,258.5],[842.3,260.2],[850.7,259.3],[852.1,257.4],[851.7,254],[849.7,252.4],[841.3,253.4]]]}},{"type":"Feature","properties":{"GEOID":"39033","NAME":"Crawford","STATEFP":"39"},"geometry":{"type":"Polygon","coordinates":[[[828.2,242.3],[823.3,243.1],[824.2,249.9],[828.7,249.3],[830.9,248.8],[830,242.1],[828.2,242.3]]]}},{"type":"Feature","properties":{"GEOID":"39035","NAME":"Cuyahoga","STATEFP":"39"},"geometry":{"type":"Polygon","coordinates":[[[840.1,219.5],[842,231.9],[843.9,233.4],[847.2,232.9],[848.5,230.9],[852,230.4],[851.3,225.2],[849.6,225.5],[847.6,213.2],[840.1,219.5]]]}},{"type":"Feature","properties":{"GEOID":"39037","NAME":"Darke","STATEFP":"39"},"geometry":{"type":"Polygon","coordinates":[[[795.5,263],[796.3,270.2],[796.5,272.2],[802.3,271.5],[803.4,271.3],[802.4,264.8],[801.9,261.1],[795.4,262],[795.5,263]]]}},{"type":"Feature","properties":{"GEOID":"39039","NAME":"Defiance","STATEFP":"39"},"geometry":{"type":"Polygon","coordinates":[[[800.5,235.7],[792.4,236.7],[792.9,240.3],[792.9,240.8],[799,240],[801.2,241.8],[803.2,241.6],[802.4,235.4],[800.5,235.7]]]}},{"type":"Feature","properties":{"GEOID":"39041","NAME":"Delaware","STATEFP":"39"},"geometry":{"type":"Polygon","coordinates":[[[822.6,256.3],[823.3,261],[825,263.2],[832.3,262.6],[831.9,259],[831.8,257.3],[828.5,257.6],[826.7,256],[822.6,256.3]]]}},{"type":"Feature","properties":{"GEOID":"39043","NAME":"Erie","STATEFP":"39"},"geometry":{"type":"Polygon","coordinates":[[[824.6,231.8],[826.5,232.2],[827,235.5],[835.7,234.4],[834.2,224.7],[833.4,225.3],[827.7,225.6],[827,228.4],[828.5,230.7],[824.6,231.8]]]}},{"type":"Feature","properties":{"GEOID":"39045","NAME":"Fairfield","STATEFP":"39"},"geometry":{"type":"Polygon","coordinates":[[[832.5,267],[832.2,270.5],[832.7,276.1],[834.7,276],[840.7,272.7],[839.7,268.6],[838.2,266.5],[832.5,267]]]}},{"type":"Feature","properties":{"GEOID":"39047","NAME":"Fayette","STATEFP":"39"},"geometry":{"type":"Polygon","coordinates":[[[824.9,273.9],[817.7,274.4],[817.9,278.3],[819.6,278.2],[819.9,282.2],[823.8,281.7],[825.2,278.2],[824.9,273.9]]]}},{"type":"Feature","properties":{"GEOID":"39049","NAME":"Franklin","STATEFP":"39"},"geometry":{"type":"Polygon","coordinates":[[[832.3,262.6],[825,263.2],[824.4,264.1],[823.8,265.6],[824.7,271.2],[832.2,270.5],[832.5,267],[832.3,262.6]]]}},{"type":"Feature","properties":{"GEOID":"39051","NAME":"Fulton","STATEFP":"39"},"geometry":{"type":"Polygon","coordinates":[[[798.7,229.3],[800.3,234.3],[808.3,233.3],[807.6,227.8],[799.3,229.2],[798.7,229.3]]]}},{"type":"Feature","properties":{"GEOID":"39053","NAME":"Gallia","STATEFP":"39"},"geometry":{"type":"Polygon","coordinates":[[[841.7,287.4],[842,291.9],[839.8,292.2],[841.7,293.7],[842.2,295.8],[844.4,295.6],[845.9,297.6],[847.1,297.2],[847.8,296.3],[846.4,292.7],[848,288.3],[843.8,287.3],[841.7,287.4]]]}},{"type":"Feature","properties":{"GEOID":"39055","NAME":"Geauga","STATEFP":"39"},"geometry":{"type":"Polygon","coordinates":[[[851.3,225.2],[852,230.4],[858.8,229.4],[858.2,225.8],[857.4,220.8],[856,222.8],[852.7,223.3],[851.3,225.2]]]}},{"type":"Feature","properties":{"GEOID":"39057","NAME":"Greene","STATEFP":"39"},"geometry":{"type":"Polygon","coordinates":[[[810.2,272.1],[809.5,272.5],[809.9,278.7],[812.4,278.6],[817.9,278.3],[817.7,274.4],[817.7,273],[810.2,272.1]]]}},{"type":"Feature","properties":{"GEOID":"39059","NAME":"Guernsey","STATEFP":"39"},"geometry":{"type":"Polygon","coordinates":[[[852.1,257.4],[850.7,259.3],[851.2,264.5],[852.1,266.5],[857.2,263.1],[859.9,262.7],[859.2,257.6],[857.1,256.8],[852.1,257.4]]]}},{"type":"Feature","properties":{"GEOID":"39061","NAME":"Hamilton","STATEFP":"39"},"geometry":{"type":"Polygon","coordinates":[[[798.1,286.7],[798.6,291.4],[799.7,290.2],[802.2,291.7],[804.3,290.9],[807.8,292.3],[808.2,286.2],[806.5,286],[798.1,286.7]]]}},{"type":"Feature","properties":{"GEOID":"39063","NAME":"Hancock","STATEFP":"39"},"geometry":{"type":"Polygon","coordinates":[[[809.3,240.8],[810,246.6],[810.3,249],[816.7,248.2],[817.9,243.9],[817.3,239.8],[809.3,240.8]]]}},{"type":"Feature","properties":{"GEOID":"39065","NAME":"Hardin","STATEFP":"39"},"geometry":{"type":"Polygon","coordinates":[[[810.9,253.1],[811.2,255.6],[817.6,255.6],[819.4,255.3],[818.8,251],[816.7,248.2],[810.3,249],[810.9,253.1]]]}},{"type":"Feature","properties":{"GEOID":"39067","NAME":"Harrison","STATEFP":"39"},"geometry":{"type":"Polygon","coordinates":[[[857.5,251.5],[857.9,254.6],[857.1,256.8],[859.2,257.6],[865.3,256.8],[864.7,250.6],[863.3,250.8],[857.5,251.5]]]}},{"type":"Feature","properties":{"GEOID":"39069","NAME":"Henry","STATEFP":"39"},"geometry":{"type":"Polygon","coordinates":[[[800.5,235.7],[802.4,235.4],[803.2,241.6],[809.3,240.8],[808.5,235],[808.3,233.3],[800.3,234.3],[800.5,235.7]]]}},{"type":"Feature","properties":{"GEOID":"39071","NAME":"Highland","STATEFP":"39"},"geometry":{"type":"Polygon","coordinates":[[[819.9,282.2],[815.3,285.9],[815.9,291.2],[819.5,290.8],[824.6,289.3],[824.7,285.9],[823.8,281.7],[819.9,282.2]]]}},{"type":"Feature","properties":{"GEOID":"39073","NAME":"Hocking","STATEFP":"39"},"geometry":{"type":"Polygon","coordinates":[[[840.7,272.7],[834.7,276],[834.8,278],[835,280.4],[843.1,278.8],[845,276.6],[844.9,274.4],[840.8,274.1],[840.7,272.7]]]}},{"type":"Feature","properties":{"GEOID":"39075","NAME":"Holmes","STATEFP":"39"},"geometry":{"type":"Polygon","coordinates":[[[840.3,250.9],[841.3,253.4],[849.7,252.4],[850.1,247.8],[850,247],[841.6,248.3],[840.3,250.9]]]}},{"type":"Feature","properties":{"GEOID":"39077","NAME":"Huron","STATEFP":"39"},"geometry":{"type":"Polygon","coordinates":[[[827.2,236.3],[828.2,242.3],[830,242.1],[835.1,241.4],[836.6,239.5],[835.7,234.4],[827,235.5],[827.2,236.3]]]}},{"type":"Feature","properties":{"GEOID":"39079","NAME":"Jackson","STATEFP":"39"},"geometry":{"type":"Polygon","coordinates":[[[835,285.2],[835.3,290.4],[836.5,292.5],[838.5,292.3],[839.8,292.2],[842,291.9],[841.7,287.4],[841.6,285],[835.3,284.2],[835,285.2]]]}},{"type":"Feature","properties":{"GEOID":"39081","NAME":"Jefferson","STATEFP":"39"},"geometry":{"type":"Polygon","coordinates":[[[863.3,250.8],[864.7,250.6],[865.3,256.8],[868.5,256.4],[868.8,255.7],[869.7,252.3],[868.9,250.6],[869.2,248.7],[867.5,246.3],[864.1,246.5],[863.3,250.8]]]}},{"type":"Feature","properties":{"GEOID":"39083","NAME":"Knox","STATEFP":"39"},"geometry":{"type":"Polygon","coordinates":[[[833.3,252.3],[833.6,257.2],[831.8,257.3],[831.9,259],[836.9,259.1],[841.9,258.5],[841.3,253.4],[840.3,250.9],[838.3,251.5],[833.3,252.3]]]}},{"type":"Feature","properties":{"GEOID":"39085","NAME":"Lake","STATEFP":"39"},"geometry":{"type":"Polygon","coordinates":[[[847.6,213.2],[849.6,225.5],[851.3,225.2],[852.7,223.3],[856,222.8],[857.4,220.8],[855.3,208.2],[851.3,209.7],[847.6,213.2]]]}},{"type":"Feature","properties":{"GEOID":"39087","NAME":"Lawrence","STATEFP":"39"},"geometry":{"type":"Polygon","coordinates":[[[838.5,292.3],[837.7,298.5],[836.4,299.3],[839.3,300.4],[840.9,302.2],[842.5,302.2],[845.7,300.9],[845.9,297.6],[844.4,295.6],[842.2,295.8],[841.7,293.7],[839.8,292.2],[838.5,292.3]]]}},{"type":"Feature","properties":{"GEOID":"39089","NAME":"Licking","STATEFP":"39"},"geometry":{"type":"Polygon","coordinates":[[[832.3,262.6],[832.5,267],[838.2,266.5],[842.3,266.3],[842.3,260.2],[841.9,258.5],[836.9,259.1],[831.9,259],[832.3,262.6]]]}},{"type":"Feature","properties":{"GEOID":"39091","NAME":"Logan","STATEFP":"39"},"geometry":{"type":"Polygon","coordinates":[[[817.6,255.6],[811.2,255.6],[809.2,257.2],[809.6,262.1],[817.9,262.1],[817.6,255.6]]]}},{"type":"Feature","properties":{"GEOID":"39093","NAME":"Lorain","STATEFP":"39"},"geometry":{"type":"Polygon","coordinates":[[[834.2,224.7],[835.7,234.4],[836.6,239.5],[839.5,239.1],[839.3,237.4],[842.4,235.4],[843.9,233.4],[842,231.9],[840.1,219.5],[834.2,224.7]]]}},{"type":"Feature","properties":{"GEOID":"39095","NAME":"Lucas","STATEFP":"39"},"geometry":{"type":"Polygon","coordinates":[[[820.2,220.4],[815.6,226.4],[809.7,227.5],[807.6,227.8],[808.3,233.3],[808.5,235],[810.7,233.5],[813.3,229.5],[816,229.1],[820.3,228.4],[822.6,223.2],[820.2,220.4]]]}},{"type":"Feature","properties":{"GEOID":"39097","NAME":"Madison","STATEFP":"39"},"geometry":{"type":"Polygon","coordinates":[[[819.2,267.2],[818.7,273],[817.7,273],[817.7,274.4],[824.9,273.9],[824.7,271.2],[823.8,265.6],[824.4,264.1],[819.2,264.7],[819.2,267.2]]]}},{"type":"Feature","properties":{"GEOID":"39099","NAME":"Mahoning","STATEFP":"39"},"geometry":{"type":"Polygon","coordinates":[[[859.6,234.4],[860.2,237.8],[858.7,238],[859,240],[868.9,238.5],[868,233.2],[868,233],[859.6,234.4]]]}},{"type":"Feature","properties":{"GEOID":"39101","NAME":"Marion","STATEFP":"39"},"geometry":{"type":"Polygon","coordinates":[[[818.8,251],[819.4,255.3],[822.6,256.3],[826.7,256],[827.6,254.5],[827.1,250.9],[828.7,249.3],[824.2,249.9],[818.8,251]]]}},{"type":"Feature","properties":{"GEOID":"39103","NAME":"Medina","STATEFP":"39"},"geometry":{"type":"Polygon","coordinates":[[[847.2,232.9],[843.9,233.4],[842.4,235.4],[839.3,237.4],[839.5,239.1],[840.5,240.7],[848.2,239.6],[847.2,232.9]]]}},{"type":"Feature","properties":{"GEOID":"39105","NAME":"Meigs","STATEFP":"39"},"geometry":{"type":"Polygon","coordinates":[[[844.1,283],[843.8,287.3],[848,288.3],[849.4,286.4],[851.7,289.7],[853.7,287.3],[853.9,284.2],[853.4,282.2],[844.1,283]]]}},{"type":"Feature","properties":{"GEOID":"39107","NAME":"Mercer","STATEFP":"39"},"geometry":{"type":"Polygon","coordinates":[[[794.8,256.8],[795.4,262],[801.9,261.1],[800.6,253.4],[800.5,252.4],[794.4,253.1],[794.8,256.8]]]}},{"type":"Feature","properties":{"GEOID":"39109","NAME":"Miami","STATEFP":"39"},"geometry":{"type":"Polygon","coordinates":[[[802.4,264.8],[803.4,271.3],[808.1,270.7],[810.1,271.5],[809.9,267.6],[809.7,264.2],[802.4,264.8]]]}},{"type":"Feature","properties":{"GEOID":"39111","NAME":"Monroe","STATEFP":"39"},"geometry":{"type":"Polygon","coordinates":[[[867.6,263.9],[860.2,264.7],[858.8,264.8],[860.3,270.9],[864.9,271.8],[866.3,269.9],[867.9,267],[867.6,263.9]]]}},{"type":"Feature","properties":{"GEOID":"39113","NAME":"Montgomery","STATEFP":"39"},"geometry":{"type":"Polygon","coordinates":[[[802.3,271.5],[803.3,279.2],[805.4,279],[809.9,278.7],[809.5,272.5],[810.2,272.1],[810.1,271.5],[808.1,270.7],[803.4,271.3],[802.3,271.5]]]}},{"type":"Feature","properties":{"GEOID":"39115","NAME":"Morgan","STATEFP":"39"},"geometry":{"type":"Polygon","coordinates":[[[845.6,269.2],[846.7,270.1],[846.9,274.3],[847.1,276.4],[850.9,276.1],[853.2,275],[853.1,272.4],[854.9,272.2],[852.4,268.6],[845.6,269.2]]]}},{"type":"Feature","properties":{"GEOID":"39117","NAME":"Morrow","STATEFP":"39"},"geometry":{"type":"Polygon","coordinates":[[[830.9,248.8],[828.7,249.3],[827.1,250.9],[827.6,254.5],[826.7,256],[828.5,257.6],[831.8,257.3],[833.6,257.2],[833.3,252.3],[832.7,248.6],[830.9,248.8]]]}},{"type":"Feature","properties":{"GEOID":"39119","NAME":"Muskingum","STATEFP":"39"},"geometry":{"type":"Polygon","coordinates":[[[842.3,260.2],[842.3,266.3],[845.6,269.2],[852.4,268.6],[852.1,266.5],[851.2,264.5],[850.7,259.3],[842.3,260.2]]]}},{"type":"Feature","properties":{"GEOID":"39121","NAME":"Noble","STATEFP":"39"},"geometry":{"type":"Polygon","coordinates":[[[852.4,268.6],[854.9,272.2],[860.3,270.9],[858.8,264.8],[860.2,264.7],[859.9,262.7],[857.2,263.1],[852.1,266.5],[852.4,268.6]]]}},{"type":"Feature","properties":{"GEOID":"39123","NAME":"Ottawa","STATEFP":"39"},"geometry":{"type":"Polygon","coordinates":[[[816,229.1],[816.4,231.9],[817.9,232.7],[824.6,231.8],[828.5,230.7],[827,228.4],[827.7,225.6],[822.6,223.2],[820.3,228.4],[816,229.1]]]}},{"type":"Feature","properties":{"GEOID":"39125","NAME":"Paulding","STATEFP":"39"},"geometry":{"type":"Polygon","coordinates":[[[792.9,240.8],[793.7,247],[800.7,246.1],[801.2,241.8],[799,240],[792.9,240.8]]]}},{"type":"Feature","properties":{"GEOID":"39127","NAME":"Perry","STATEFP":"39"},"geometry":{"type":"Polygon","coordinates":[[[838.2,266.5],[839.7,268.6],[840.7,272.7],[840.8,274.1],[844.9,274.4],[846.9,274.3],[846.7,270.1],[845.6,269.2],[842.3,266.3],[838.2,266.5]]]}},{"type":"Feature","properties":{"GEOID":"39129","NAME":"Pickaway","STATEFP":"39"},"geometry":{"type":"Polygon","coordinates":[[[832.2,270.5],[824.7,271.2],[824.9,273.9],[825.2,278.2],[830.3,277.7],[834.8,278],[834.7,276],[832.7,276.1],[832.2,270.5]]]}},{"type":"Feature","properties":{"GEOID":"39131","NAME":"Pike","STATEFP":"39"},"geometry":{"type":"Polygon","coordinates":[[[824.6,289.3],[826.8,289.9],[828,291.1],[835.3,290.4],[835,285.2],[824.7,285.9],[824.6,289.3]]]}},{"type":"Feature","properties":{"GEOID":"39133","NAME":"Portage","STATEFP":"39"},"geometry":{"type":"Polygon","coordinates":[[[852,230.4],[853.3,238.8],[858.7,238],[860.2,237.8],[859.6,234.4],[858.8,229.4],[852,230.4]]]}},{"type":"Feature","properties":{"GEOID":"39135","NAME":"Preble","STATEFP":"39"},"geometry":{"type":"Polygon","coordinates":[[[796.5,272.2],[797,276.7],[797.4,280.5],[803.3,279.2],[802.3,271.5],[796.5,272.2]]]}},{"type":"Feature","properties":{"GEOID":"39137","NAME":"Putnam","STATEFP":"39"},"geometry":{"type":"Polygon","coordinates":[[[801.2,241.8],[800.7,246.1],[802.1,249.1],[810,246.6],[809.3,240.8],[803.2,241.6],[801.2,241.8]]]}},{"type":"Feature","properties":{"GEOID":"39139","NAME":"Richland","STATEFP":"39"},"geometry":{"type":"Polygon","coordinates":[[[830,242.1],[830.9,248.8],[832.7,248.6],[833.3,252.3],[838.3,251.5],[837.7,247.5],[836,245.6],[835.1,241.4],[830,242.1]]]}},{"type":"Feature","properties":{"GEOID":"39141","NAME":"Ross","STATEFP":"39"},"geometry":{"type":"Polygon","coordinates":[[[823.8,281.7],[824.7,285.9],[835,285.2],[835.3,284.2],[835,280.4],[834.8,278],[830.3,277.7],[825.2,278.2],[823.8,281.7]]]}},{"type":"Feature","properties":{"GEOID":"39143","NAME":"Sandusky","STATEFP":"39"},"geometry":{"type":"Polygon","coordinates":[[[816.4,231.9],[817.1,237.7],[827.2,236.3],[827,235.5],[826.5,232.2],[824.6,231.8],[817.9,232.7],[816.4,231.9]]]}},{"type":"Feature","properties":{"GEOID":"39145","NAME":"Scioto","STATEFP":"39"},"geometry":{"type":"Polygon","coordinates":[[[835.3,290.4],[828,291.1],[826.8,289.9],[828.1,299.3],[830.1,299],[832,296.2],[834.3,295.1],[836.4,299.3],[837.7,298.5],[838.5,292.3],[836.5,292.5],[835.3,290.4]]]}},{"type":"Feature","properties":{"GEOID":"39147","NAME":"Seneca","STATEFP":"39"},"geometry":{"type":"Polygon","coordinates":[[[817.1,237.7],[817.3,239.8],[817.9,243.9],[823.3,243.1],[828.2,242.3],[827.2,236.3],[817.1,237.7]]]}},{"type":"Feature","properties":{"GEOID":"39149","NAME":"Shelby","STATEFP":"39"},"geometry":{"type":"Polygon","coordinates":[[[801.9,261.1],[802.4,264.8],[809.7,264.2],[809.6,262.1],[809.2,257.2],[803.3,257.9],[803.6,260.3],[801.9,261.1]]]}},{"type":"Feature","properties":{"GEOID":"39151","NAME":"Stark","STATEFP":"39"},"geometry":{"type":"Polygon","coordinates":[[[853.3,238.8],[853.1,240.8],[849.1,241.3],[850,247],[850.1,247.8],[855.9,246.5],[857,244.6],[859.6,244.1],[859,240],[858.7,238],[853.3,238.8]]]}},{"type":"Feature","properties":{"GEOID":"39153","NAME":"Summit","STATEFP":"39"},"geometry":{"type":"Polygon","coordinates":[[[847.2,232.9],[848.2,239.6],[849.1,241.3],[853.1,240.8],[853.3,238.8],[852,230.4],[848.5,230.9],[847.2,232.9]]]}},{"type":"Feature","properties":{"GEOID":"39155","NAME":"Trumbull","STATEFP":"39"},"geometry":{"type":"Polygon","coordinates":[[[858.8,229.4],[859.6,234.4],[868,233],[866.6,224.7],[866.6,224.5],[858.2,225.8],[858.8,229.4]]]}},{"type":"Feature","properties":{"GEOID":"39157","NAME":"Tuscarawas","STATEFP":"39"},"geometry":{"type":"Polygon","coordinates":[[[850.1,247.8],[849.7,252.4],[851.7,254],[852.1,257.4],[857.1,256.8],[857.9,254.6],[857.5,251.5],[857.1,248.4],[855.9,246.5],[850.1,247.8]]]}},{"type":"Feature","properties":{"GEOID":"39159","NAME":"Union","STATEFP":"39"},"geometry":{"type":"Polygon","coordinates":[[[817.6,255.6],[817.9,262.1],[819.2,264.7],[824.4,264.1],[825,263.2],[823.3,261],[822.6,256.3],[819.4,255.3],[817.6,255.6]]]}},{"type":"Feature","properties":{"GEOID":"39161","NAME":"Van Wert","STATEFP":"39"},"geometry":{"type":"Polygon","coordinates":[[[793.8,248.5],[794.4,253.1],[800.5,252.4],[800.6,253.4],[801.7,253.3],[802.1,249.1],[800.7,246.1],[793.7,247],[793.8,248.5]]]}},{"type":"Feature","properties":{"GEOID":"39163","NAME":"Vinton","STATEFP":"39"},"geometry":{"type":"Polygon","coordinates":[[[835,280.4],[835.3,284.2],[841.6,285],[841.7,287.4],[843.8,287.3],[844.1,283],[843.1,278.8],[835,280.4]]]}},{"type":"Feature","properties":{"GEOID":"39165","NAME":"Warren","STATEFP":"39"},"geometry":{"type":"Polygon","coordinates":[[[805.4,279],[806.1,279.9],[806.5,286],[808.2,286.2],[812.8,286.1],[812.4,278.6],[809.9,278.7],[805.4,279]]]}},{"type":"Feature","properties":{"GEOID":"39167","NAME":"Washington","STATEFP":"39"},"geometry":{"type":"Polygon","coordinates":[[[860.3,270.9],[854.9,272.2],[853.1,272.4],[853.2,275],[850.9,276.1],[851.2,279.2],[853.8,281.3],[857.9,276],[859.7,277.4],[863.7,273.9],[864.9,271.8],[860.3,270.9]]]}},{"type":"Feature","properties":{"GEOID":"39169","NAME":"Wayne","STATEFP":"39"},"geometry":{"type":"Polygon","coordinates":[[[849.1,241.3],[848.2,239.6],[840.5,240.7],[841.6,248.3],[850,247],[849.1,241.3]]]}},{"type":"Feature","properties":{"GEOID":"39171","NAME":"Williams","STATEFP":"39"},"geometry":{"type":"Polygon","coordinates":[[[798.7,229.3],[791.6,230.3],[792.1,234.3],[792.4,236.7],[800.5,235.7],[800.3,234.3],[798.7,229.3]]]}},{"type":"Feature","properties":{"GEOID":"39173","NAME":"Wood","STATEFP":"39"},"geometry":{"type":"Polygon","coordinates":[[[816,229.1],[813.3,229.5],[810.7,233.5],[808.5,235],[809.3,240.8],[817.3,239.8],[817.1,237.7],[816.4,231.9],[816,229.1]]]}},{"type":"Feature","properties":{"GEOID":"39175","NAME":"Wyandot","STATEFP":"39"},"geometry":{"type":"Polygon","coordinates":[[[817.9,243.9],[816.7,248.2],[818.8,251],[824.2,249.9],[823.3,243.1],[817.9,243.9]]]}},{"type":"Feature","properties":{"GEOID":"40001","NAME":"Adair","STATEFP":"40"},"geometry":{"type":"Polygon","coordinates":[[[619.1,372.9],[619,385.3],[625.4,385.2],[624.9,382.4],[623.7,374.3],[623.5,372.9],[619.1,372.9]]]}},{"type":"Feature","properties":{"GEOID":"40003","NAME":"Alfalfa","STATEFP":"40"},"geometry":{"type":"Polygon","coordinates":[[[548.9,352.6],[548.8,365.3],[556.8,365.5],[556.9,362.4],[557,352.8],[552.6,352.7],[548.9,352.6]]]}},{"type":"Feature","properties":{"GEOID":"40005","NAME":"Atoka","STATEFP":"40"},"geometry":{"type":"Polygon","coordinates":[[[594.6,408.2],[594.6,412.3],[593.6,414.4],[588.5,414.4],[588.5,420.5],[596.5,420.6],[600.6,420.6],[600.6,412.3],[602.7,410.2],[598.6,410.2],[598.6,408.2],[594.6,408.2]]]}},{"type":"Feature","properties":{"GEOID":"40007","NAME":"Beaver","STATEFP":"40"},"geometry":{"type":"Polygon","coordinates":[[[504.1,350.8],[503.4,362.6],[511,363],[521.2,363.5],[521.3,361.3],[521.7,351.6],[520.1,351.5],[510,351.1],[504.1,350.8]]]}},{"type":"Feature","properties":{"GEOID":"40009","NAME":"Beckham","STATEFP":"40"},"geometry":{"type":"Polygon","coordinates":[[[532.4,387.4],[528.3,387.3],[528.3,389.3],[520.2,389],[519.9,394.7],[519.8,398.3],[521.9,398.4],[524,396.4],[531.2,396.7],[532.1,396.7],[532.3,388.4],[532.4,387.4]]]}},{"type":"Feature","properties":{"GEOID":"40011","NAME":"Blaine","STATEFP":"40"},"geometry":{"type":"Polygon","coordinates":[[[546.6,372.3],[546.5,380.7],[546.5,386.9],[552.4,387],[552.5,382.9],[554.5,382.9],[554.7,372.5],[546.6,372.3]]]}},{"type":"Feature","properties":{"GEOID":"40013","NAME":"Bryan","STATEFP":"40"},"geometry":{"type":"Polygon","coordinates":[[[596.5,420.6],[588.5,420.5],[585,421.5],[584.3,424.2],[584.9,426.7],[586.6,429.6],[589,430.7],[592.9,429.9],[593.5,428.1],[599.3,428.1],[601,427.3],[597.6,425.5],[597.6,421.3],[596.5,420.6]]]}},{"type":"Feature","properties":{"GEOID":"40015","NAME":"Caddo","STATEFP":"40"},"geometry":{"type":"Polygon","coordinates":[[[546.4,388.9],[546.2,397.6],[546.1,403.3],[556.2,403.6],[556.4,391.2],[552.4,391.1],[552.4,387],[546.5,386.9],[546.4,388.9]]]}},{"type":"Feature","properties":{"GEOID":"40017","NAME":"Canadian","STATEFP":"40"},"geometry":{"type":"Polygon","coordinates":[[[556.4,391.2],[559.1,392],[564.5,392.4],[564.5,392.3],[564.5,391.4],[564.6,383.1],[554.5,382.9],[552.5,382.9],[552.4,387],[552.4,391.1],[556.4,391.2]]]}},{"type":"Feature","properties":{"GEOID":"40019","NAME":"Carter","STATEFP":"40"},"geometry":{"type":"Polygon","coordinates":[[[566.2,417.2],[566.1,422.3],[577.6,422.5],[578.3,420.1],[578.3,416.3],[576.3,415.3],[570.3,415.2],[570.3,412.1],[566.2,412],[566.2,417.2]]]}},{"type":"Feature","properties":{"GEOID":"40021","NAME":"Cherokee","STATEFP":"40"},"geometry":{"type":"Polygon","coordinates":[[[615,373],[613,373],[611.3,375.1],[609.9,379.1],[610.3,381.3],[612.9,381.3],[612.9,385.4],[619,385.3],[619.1,372.9],[615,373]]]}},{"type":"Feature","properties":{"GEOID":"40023","NAME":"Choctaw","STATEFP":"40"},"geometry":{"type":"Polygon","coordinates":[[[612.7,420.5],[600.6,420.6],[596.5,420.6],[597.6,421.3],[597.6,425.5],[601,427.3],[609.8,427.1],[612.8,425.7],[612.7,420.5]]]}},{"type":"Feature","properties":{"GEOID":"40025","NAME":"Cimarron","STATEFP":"40"},"geometry":{"type":"Polygon","coordinates":[[[483.7,349.8],[465.8,348.4],[465,360.2],[480.7,361.3],[483.1,361.5],[484,349.8],[483.7,349.8]]]}},{"type":"Feature","properties":{"GEOID":"40027","NAME":"Cleveland","STATEFP":"40"},"geometry":{"type":"Polygon","coordinates":[[[564.5,392.3],[570.4,398.6],[570.7,401.3],[574.5,402.2],[574.6,391.5],[564.5,391.4],[564.5,392.3]]]}},{"type":"Feature","properties":{"GEOID":"40029","NAME":"Coal","STATEFP":"40"},"geometry":{"type":"Polygon","coordinates":[[[588.5,414.4],[593.6,414.4],[594.6,412.3],[594.6,408.2],[594.6,406.1],[588.6,406.1],[586.5,408.2],[586.5,412.3],[588.5,414.4]]]}},{"type":"Feature","properties":{"GEOID":"40031","NAME":"Comanche","STATEFP":"40"},"geometry":{"type":"Polygon","coordinates":[[[546.1,403.3],[542.1,403.2],[542,409.4],[541.9,411.5],[545.1,411.5],[545,413.9],[548,413],[552.1,413.1],[555.1,411.8],[556.2,407.7],[556.2,403.6],[546.1,403.3]]]}},{"type":"Feature","properties":{"GEOID":"40033","NAME":"Cotton","STATEFP":"40"},"geometry":{"type":"Polygon","coordinates":[[[545,413.9],[545.9,415.7],[545.8,419.9],[548.2,422.2],[549.4,421.7],[550.6,420],[554.9,420.4],[555,416.9],[555.1,411.8],[552.1,413.1],[548,413],[545,413.9]]]}},{"type":"Feature","properties":{"GEOID":"40035","NAME":"Craig","STATEFP":"40"},"geometry":{"type":"Polygon","coordinates":[[[607.4,353.2],[607,354.5],[607,362.7],[609,364.8],[615,364.7],[615.1,360.9],[614.9,353.1],[613.6,353.1],[607.4,353.2]]]}},{"type":"Feature","properties":{"GEOID":"40037","NAME":"Creek","STATEFP":"40"},"geometry":{"type":"Polygon","coordinates":[[[584.6,373.1],[584.6,378.3],[584.6,385.4],[592.7,385.5],[592.7,380.3],[595.7,380.3],[595.8,375.1],[590.7,375.1],[590.7,373.1],[584.6,373.1]]]}},{"type":"Feature","properties":{"GEOID":"40039","NAME":"Custer","STATEFP":"40"},"geometry":{"type":"Polygon","coordinates":[[[546.5,380.7],[532.4,380.2],[532.4,387.4],[532.3,388.4],[546.4,388.9],[546.5,386.9],[546.5,380.7]]]}},{"type":"Feature","properties":{"GEOID":"40041","NAME":"Delaware","STATEFP":"40"},"geometry":{"type":"Polygon","coordinates":[[[615,364.7],[615,373],[619.1,372.9],[623.5,372.9],[622.3,364.9],[622.3,360.9],[615.1,360.9],[615,364.7]]]}},{"type":"Feature","properties":{"GEOID":"40043","NAME":"Dewey","STATEFP":"40"},"geometry":{"type":"Polygon","coordinates":[[[532.5,375.5],[532.4,380.2],[546.5,380.7],[546.6,372.3],[540.6,372.2],[532.6,371.9],[532.5,375.5]]]}},{"type":"Feature","properties":{"GEOID":"40045","NAME":"Ellis","STATEFP":"40"},"geometry":{"type":"Polygon","coordinates":[[[528.7,361.6],[521.3,361.3],[521.2,363.5],[520.8,374],[520.6,378.1],[522.8,375.8],[526,378.9],[529,378.8],[530.3,376.2],[532.5,375.5],[532.6,371.9],[528.5,371.7],[528.7,361.6]]]}},{"type":"Feature","properties":{"GEOID":"40047","NAME":"Garfield","STATEFP":"40"},"geometry":{"type":"Polygon","coordinates":[[[556.8,365.5],[556.7,372.6],[564.8,372.7],[568.8,372.8],[568.9,362.6],[556.9,362.4],[556.8,365.5]]]}},{"type":"Feature","properties":{"GEOID":"40049","NAME":"Garvin","STATEFP":"40"},"geometry":{"type":"Polygon","coordinates":[[[578.5,404],[564.4,403.8],[564.3,407.9],[566.3,407.9],[566.2,412],[570.3,412.1],[574.3,412.2],[574.4,409.1],[578.4,409.1],[578.5,404]]]}},{"type":"Feature","properties":{"GEOID":"40051","NAME":"Grady","STATEFP":"40"},"geometry":{"type":"Polygon","coordinates":[[[556.4,391.2],[556.2,403.6],[556.2,407.7],[564.3,407.9],[564.4,403.8],[564.5,392.4],[559.1,392],[556.4,391.2]]]}},{"type":"Feature","properties":{"GEOID":"40053","NAME":"Grant","STATEFP":"40"},"geometry":{"type":"Polygon","coordinates":[[[557,352.8],[556.9,362.4],[568.9,362.6],[569.1,353],[562.7,352.9],[557,352.8]]]}},{"type":"Feature","properties":{"GEOID":"40055","NAME":"Greer","STATEFP":"40"},"geometry":{"type":"Polygon","coordinates":[[[521.9,398.4],[521.8,400.4],[524.9,400.5],[524.9,404.7],[525.9,405.8],[530.6,405.9],[531,403.9],[534,403.8],[532.9,402.9],[532.7,399],[531.2,396.7],[524,396.4],[521.9,398.4]]]}},{"type":"Feature","properties":{"GEOID":"40057","NAME":"Harmon","STATEFP":"40"},"geometry":{"type":"Polygon","coordinates":[[[519.4,409.4],[522.3,410.8],[525.7,410.9],[525.9,405.8],[524.9,404.7],[524.9,400.5],[521.8,400.4],[521.9,398.4],[519.8,398.3],[519.5,405],[519.4,409.4]]]}},{"type":"Feature","properties":{"GEOID":"40059","NAME":"Harper","STATEFP":"40"},"geometry":{"type":"Polygon","coordinates":[[[530.3,352],[521.7,351.6],[521.3,361.3],[528.7,361.6],[534.6,361.7],[534.7,356.4],[531.9,352.1],[530.3,352]]]}},{"type":"Feature","properties":{"GEOID":"40061","NAME":"Haskell","STATEFP":"40"},"geometry":{"type":"Polygon","coordinates":[[[614.5,389.6],[612.2,393.3],[608.9,393.6],[606.8,393.6],[606.8,396.8],[608.8,399.2],[616.9,399.1],[616.8,395.7],[619,395.7],[619,392.8],[614.5,389.6]]]}},{"type":"Feature","properties":{"GEOID":"40063","NAME":"Hughes","STATEFP":"40"},"geometry":{"type":"Polygon","coordinates":[[[587.9,393.7],[587,397.8],[587,402.7],[588.4,402.6],[588.6,406.1],[594.6,406.1],[594.7,399.4],[596.7,397],[596.7,393.7],[587.9,393.7]]]}},{"type":"Feature","properties":{"GEOID":"40065","NAME":"Jackson","STATEFP":"40"},"geometry":{"type":"Polygon","coordinates":[[[534,403.8],[531,403.9],[530.6,405.9],[525.9,405.8],[525.7,410.9],[522.3,410.8],[525,413.9],[529.3,413.7],[533.4,413.6],[534.4,415.2],[533.9,413.1],[534.8,410.4],[536.7,408.2],[534,403.8]]]}},{"type":"Feature","properties":{"GEOID":"40067","NAME":"Jefferson","STATEFP":"40"},"geometry":{"type":"Polygon","coordinates":[[[554.9,420.4],[555.9,423.8],[558.6,424.1],[557.9,426.5],[559.9,427.4],[564.1,424.2],[566,426.4],[566.1,422.3],[566.2,417.2],[555,416.9],[554.9,420.4]]]}},{"type":"Feature","properties":{"GEOID":"40069","NAME":"Johnston","STATEFP":"40"},"geometry":{"type":"Polygon","coordinates":[[[578.3,420.1],[583.4,420.1],[585,421.5],[588.5,420.5],[588.5,414.4],[586.5,412.3],[580.4,412.2],[579.4,412.2],[578.3,416.3],[578.3,420.1]]]}},{"type":"Feature","properties":{"GEOID":"40071","NAME":"Kay","STATEFP":"40"},"geometry":{"type":"Polygon","coordinates":[[[569.1,353],[568.9,362.6],[576.5,362.7],[576.4,360.6],[578.9,360.6],[579.7,359],[582.3,358.3],[582.4,353.2],[575,353.1],[569.1,353]]]}},{"type":"Feature","properties":{"GEOID":"40073","NAME":"Kingfisher","STATEFP":"40"},"geometry":{"type":"Polygon","coordinates":[[[554.7,372.5],[554.5,382.9],[564.6,383.1],[564.8,372.7],[556.7,372.6],[554.7,372.5]]]}},{"type":"Feature","properties":{"GEOID":"40075","NAME":"Kiowa","STATEFP":"40"},"geometry":{"type":"Polygon","coordinates":[[[546.2,397.6],[543.8,397.1],[532.1,396.7],[531.2,396.7],[532.7,399],[532.9,402.9],[534,403.8],[536.7,408.2],[538.6,409.3],[542,409.4],[542.1,403.2],[546.1,403.3],[546.2,397.6]]]}},{"type":"Feature","properties":{"GEOID":"40077","NAME":"Latimer","STATEFP":"40"},"geometry":{"type":"Polygon","coordinates":[[[616.9,399.1],[608.8,399.2],[605.8,399.9],[605.7,408.1],[614.5,408.1],[614.4,403.9],[616.9,399.1]]]}},{"type":"Feature","properties":{"GEOID":"40079","NAME":"Le Flore","STATEFP":"40"},"geometry":{"type":"Polygon","coordinates":[[[619,392.8],[619,395.7],[616.8,395.7],[616.9,399.1],[614.4,403.9],[614.5,408.1],[616.8,408],[616.8,412.2],[626,412],[626.1,406.8],[626.1,401.9],[626.2,391.2],[625.1,393.2],[619,392.8]]]}},{"type":"Feature","properties":{"GEOID":"40081","NAME":"Lincoln","STATEFP":"40"},"geometry":{"type":"Polygon","coordinates":[[[574.8,378.2],[574.7,383.3],[574.6,389.5],[584.5,389.6],[584.6,385.4],[584.6,378.3],[574.8,378.2]]]}},{"type":"Feature","properties":{"GEOID":"40083","NAME":"Logan","STATEFP":"40"},"geometry":{"type":"Polygon","coordinates":[[[564.8,372.7],[564.6,383.1],[574.7,383.3],[574.8,378.2],[571.3,376.5],[570.8,373],[568.8,372.8],[564.8,372.7]]]}},{"type":"Feature","properties":{"GEOID":"40085","NAME":"Love","STATEFP":"40"},"geometry":{"type":"Polygon","coordinates":[[[567.5,426],[569.6,428.4],[572,427.3],[573.9,430.7],[575,430.5],[578,425.4],[578.2,425.3],[577.6,422.5],[566.1,422.3],[566,426.4],[567.5,426]]]}},{"type":"Feature","properties":{"GEOID":"40087","NAME":"McClain","STATEFP":"40"},"geometry":{"type":"Polygon","coordinates":[[[564.5,392.4],[564.4,403.8],[578.5,404],[578.5,401.4],[576.9,402.7],[574.5,402.2],[570.7,401.3],[570.4,398.6],[564.5,392.3],[564.5,392.4]]]}},{"type":"Feature","properties":{"GEOID":"40089","NAME":"McCurtain","STATEFP":"40"},"geometry":{"type":"Polygon","coordinates":[[[616.8,412.2],[614.7,412.2],[614.8,418.4],[612.7,420.5],[612.8,425.7],[615.8,427.5],[618.5,430.2],[620.8,431.1],[624.4,432.9],[625.9,432.6],[625.9,425.4],[626,419.5],[626,412],[616.8,412.2]]]}},{"type":"Feature","properties":{"GEOID":"40091","NAME":"McIntosh","STATEFP":"40"},"geometry":{"type":"Polygon","coordinates":[[[601.8,387.5],[599.7,387.5],[598.7,391.7],[596.7,391.7],[596.7,393.7],[596.7,397],[601.8,396.1],[606.8,393.6],[608.9,393.6],[608.8,387.5],[601.8,387.5]]]}},{"type":"Feature","properties":{"GEOID":"40093","NAME":"Major","STATEFP":"40"},"geometry":{"type":"Polygon","coordinates":[[[548.8,365.3],[547,366.9],[540.8,364],[540.6,372.2],[546.6,372.3],[554.7,372.5],[556.7,372.6],[556.8,365.5],[548.8,365.3]]]}},{"type":"Feature","properties":{"GEOID":"40095","NAME":"Marshall","STATEFP":"40"},"geometry":{"type":"Polygon","coordinates":[[[578.2,425.3],[579.5,427.7],[582.9,427.8],[584.9,426.7],[584.3,424.2],[585,421.5],[583.4,420.1],[578.3,420.1],[577.6,422.5],[578.2,425.3]]]}},{"type":"Feature","properties":{"GEOID":"40097","NAME":"Mayes","STATEFP":"40"},"geometry":{"type":"Polygon","coordinates":[[[609,364.8],[607,364.8],[606.9,375.1],[611.3,375.1],[613,373],[615,373],[615,364.7],[609,364.8]]]}},{"type":"Feature","properties":{"GEOID":"40099","NAME":"Murray","STATEFP":"40"},"geometry":{"type":"Polygon","coordinates":[[[570.3,412.1],[570.3,415.2],[576.3,415.3],[578.3,416.3],[579.4,412.2],[580.4,412.2],[580.4,410.2],[578.4,409.1],[574.4,409.1],[574.3,412.2],[570.3,412.1]]]}},{"type":"Feature","properties":{"GEOID":"40101","NAME":"Muskogee","STATEFP":"40"},"geometry":{"type":"Polygon","coordinates":[[[601.8,387.5],[608.8,387.5],[608.9,393.6],[612.2,393.3],[614.5,389.6],[612.9,388.1],[612.9,385.4],[612.9,381.3],[610.3,381.3],[603.2,381.8],[600.8,380.3],[601.8,383.4],[601.8,387.5]]]}},{"type":"Feature","properties":{"GEOID":"40103","NAME":"Noble","STATEFP":"40"},"geometry":{"type":"Polygon","coordinates":[[[568.9,362.6],[568.8,372.8],[570.8,373],[574.8,373],[574.9,370.9],[578.9,371],[576.9,368.9],[577.4,364.8],[576.5,362.7],[568.9,362.6]]]}},{"type":"Feature","properties":{"GEOID":"40105","NAME":"Nowata","STATEFP":"40"},"geometry":{"type":"Polygon","coordinates":[[[600.3,353.2],[599.9,354.6],[599.9,362.7],[607,362.7],[607,354.5],[607.4,353.2],[605.3,353.2],[600.3,353.2]]]}},{"type":"Feature","properties":{"GEOID":"40107","NAME":"Okfuskee","STATEFP":"40"},"geometry":{"type":"Polygon","coordinates":[[[584.5,391.1],[587.9,389.7],[587.9,393.7],[596.7,393.7],[596.7,391.7],[594.7,391.7],[594.7,387.5],[592.7,385.5],[584.6,385.4],[584.5,389.6],[584.5,391.1]]]}},{"type":"Feature","properties":{"GEOID":"40109","NAME":"Oklahoma","STATEFP":"40"},"geometry":{"type":"Polygon","coordinates":[[[564.6,383.1],[564.5,391.4],[574.6,391.5],[574.6,389.5],[574.7,383.3],[564.6,383.1]]]}},{"type":"Feature","properties":{"GEOID":"40111","NAME":"Okmulgee","STATEFP":"40"},"geometry":{"type":"Polygon","coordinates":[[[595.7,380.3],[592.7,380.3],[592.7,385.5],[594.7,387.5],[594.7,391.7],[596.7,391.7],[598.7,391.7],[599.7,387.5],[601.8,387.5],[601.8,383.4],[600.8,380.3],[599.8,380.3],[595.7,380.3]]]}},{"type":"Feature","properties":{"GEOID":"40113","NAME":"Osage","STATEFP":"40"},"geometry":{"type":"Polygon","coordinates":[[[576.5,362.7],[577.4,364.8],[578.7,366],[582.5,363.8],[586.7,369.8],[588.2,370.1],[591.3,373.1],[596.3,373.1],[596.3,366.9],[596.3,353.2],[586.6,353.2],[582.4,353.2],[582.3,358.3],[579.7,359],[578.9,360.6],[576.4,360.6],[576.5,362.7]]]}},{"type":"Feature","properties":{"GEOID":"40115","NAME":"Ottawa","STATEFP":"40"},"geometry":{"type":"Polygon","coordinates":[[[614.9,353.1],[615.1,360.9],[622.3,360.9],[622.2,358.6],[622.1,353],[614.9,353.1]]]}},{"type":"Feature","properties":{"GEOID":"40117","NAME":"Pawnee","STATEFP":"40"},"geometry":{"type":"Polygon","coordinates":[[[591.3,373.1],[588.2,370.1],[586.7,369.8],[582.5,363.8],[578.7,366],[577.4,364.8],[576.9,368.9],[578.9,371],[580.9,373.1],[584.6,373.1],[590.7,373.1],[591.3,373.1]]]}},{"type":"Feature","properties":{"GEOID":"40119","NAME":"Payne","STATEFP":"40"},"geometry":{"type":"Polygon","coordinates":[[[584.6,373.1],[580.9,373.1],[578.9,371],[574.9,370.9],[574.8,373],[570.8,373],[571.3,376.5],[574.8,378.2],[584.6,378.3],[584.6,373.1]]]}},{"type":"Feature","properties":{"GEOID":"40121","NAME":"Pittsburg","STATEFP":"40"},"geometry":{"type":"Polygon","coordinates":[[[606.8,393.6],[601.8,396.1],[596.7,397],[594.7,399.4],[594.6,406.1],[594.6,408.2],[598.6,408.2],[598.6,410.2],[602.7,410.2],[605.7,410.2],[605.7,408.1],[605.8,399.9],[608.8,399.2],[606.8,396.8],[606.8,393.6]]]}},{"type":"Feature","properties":{"GEOID":"40123","NAME":"Pontotoc","STATEFP":"40"},"geometry":{"type":"Polygon","coordinates":[[[578.5,404],[578.4,409.1],[580.4,410.2],[580.4,412.2],[586.5,412.3],[586.5,408.2],[588.6,406.1],[588.4,402.6],[587,402.7],[583.6,402.2],[581.5,402.9],[578.5,401.4],[578.5,404]]]}},{"type":"Feature","properties":{"GEOID":"40125","NAME":"Pottawatomie","STATEFP":"40"},"geometry":{"type":"Polygon","coordinates":[[[574.6,391.5],[574.5,402.2],[576.9,402.7],[578.5,401.4],[581.5,402.9],[581.6,390.9],[584.5,391.1],[584.5,389.6],[574.6,389.5],[574.6,391.5]]]}},{"type":"Feature","properties":{"GEOID":"40127","NAME":"Pushmataha","STATEFP":"40"},"geometry":{"type":"Polygon","coordinates":[[[602.7,410.2],[600.6,412.3],[600.6,420.6],[612.7,420.5],[614.8,418.4],[614.7,412.2],[616.8,412.2],[616.8,408],[614.5,408.1],[605.7,408.1],[605.7,410.2],[602.7,410.2]]]}},{"type":"Feature","properties":{"GEOID":"40129","NAME":"Roger Mills","STATEFP":"40"},"geometry":{"type":"Polygon","coordinates":[[[532.5,375.5],[530.3,376.2],[529,378.8],[526,378.9],[522.8,375.8],[520.6,378.1],[520.4,384.3],[520.2,389],[528.3,389.3],[528.3,387.3],[532.4,387.4],[532.4,380.2],[532.5,375.5]]]}},{"type":"Feature","properties":{"GEOID":"40131","NAME":"Rogers","STATEFP":"40"},"geometry":{"type":"Polygon","coordinates":[[[607,362.7],[599.9,362.7],[599.9,366.9],[599.8,373.1],[600.9,373.1],[603.6,373],[606.9,375.1],[607,364.8],[609,364.8],[607,362.7]]]}},{"type":"Feature","properties":{"GEOID":"40133","NAME":"Seminole","STATEFP":"40"},"geometry":{"type":"Polygon","coordinates":[[[584.5,391.1],[581.6,390.9],[581.5,402.9],[583.6,402.2],[587,402.7],[587,397.8],[587.9,393.7],[587.9,389.7],[584.5,391.1]]]}},{"type":"Feature","properties":{"GEOID":"40135","NAME":"Sequoyah","STATEFP":"40"},"geometry":{"type":"Polygon","coordinates":[[[619,385.3],[612.9,385.4],[612.9,388.1],[614.5,389.6],[619,392.8],[625.1,393.2],[626.2,391.2],[626.3,391],[625.4,385.2],[619,385.3]]]}},{"type":"Feature","properties":{"GEOID":"40137","NAME":"Stephens","STATEFP":"40"},"geometry":{"type":"Polygon","coordinates":[[[555.1,411.8],[555,416.9],[566.2,417.2],[566.2,412],[566.3,407.9],[564.3,407.9],[556.2,407.7],[555.1,411.8]]]}},{"type":"Feature","properties":{"GEOID":"40139","NAME":"Texas","STATEFP":"40"},"geometry":{"type":"Polygon","coordinates":[[[501.9,350.7],[492.8,350.3],[484,349.8],[483.1,361.5],[490.8,362],[500.9,362.5],[503.4,362.6],[504.1,350.8],[501.9,350.7]]]}},{"type":"Feature","properties":{"GEOID":"40141","NAME":"Tillman","STATEFP":"40"},"geometry":{"type":"Polygon","coordinates":[[[536.7,408.2],[534.8,410.4],[533.9,413.1],[534.4,415.2],[534.6,418.2],[539.2,418.4],[544.3,420.4],[545.8,419.9],[545.9,415.7],[545,413.9],[545.1,411.5],[541.9,411.5],[542,409.4],[538.6,409.3],[536.7,408.2]]]}},{"type":"Feature","properties":{"GEOID":"40143","NAME":"Tulsa","STATEFP":"40"},"geometry":{"type":"Polygon","coordinates":[[[596.3,366.9],[596.3,373.1],[591.3,373.1],[590.7,373.1],[590.7,375.1],[595.8,375.1],[595.7,380.3],[599.8,380.3],[600.9,379.3],[600.9,373.1],[599.8,373.1],[599.9,366.9],[596.3,366.9]]]}},{"type":"Feature","properties":{"GEOID":"40145","NAME":"Wagoner","STATEFP":"40"},"geometry":{"type":"Polygon","coordinates":[[[600.8,380.3],[603.2,381.8],[610.3,381.3],[609.9,379.1],[611.3,375.1],[606.9,375.1],[603.6,373],[600.9,373.1],[600.9,379.3],[599.8,380.3],[600.8,380.3]]]}},{"type":"Feature","properties":{"GEOID":"40147","NAME":"Washington","STATEFP":"40"},"geometry":{"type":"Polygon","coordinates":[[[596.3,353.2],[596.3,366.9],[599.9,366.9],[599.9,362.7],[599.9,354.6],[600.3,353.2],[597,353.2],[596.3,353.2]]]}},{"type":"Feature","properties":{"GEOID":"40149","NAME":"Washita","STATEFP":"40"},"geometry":{"type":"Polygon","coordinates":[[[532.3,388.4],[532.1,396.7],[543.8,397.1],[546.2,397.6],[546.4,388.9],[532.3,388.4]]]}},{"type":"Feature","properties":{"GEOID":"40151","NAME":"Woods","STATEFP":"40"},"geometry":{"type":"Polygon","coordinates":[[[540.4,352.3],[531.9,352.1],[534.7,356.4],[537.6,357.4],[540.9,361.9],[540.8,364],[547,366.9],[548.8,365.3],[548.9,352.6],[540.4,352.3]]]}},{"type":"Feature","properties":{"GEOID":"40153","NAME":"Woodward","STATEFP":"40"},"geometry":{"type":"Polygon","coordinates":[[[534.7,356.4],[534.6,361.7],[528.7,361.6],[528.5,371.7],[532.6,371.9],[540.6,372.2],[540.8,364],[540.9,361.9],[537.6,357.4],[534.7,356.4]]]}},{"type":"Feature","properties":{"GEOID":"41001","NAME":"Baker","STATEFP":"41"},"geometry":{"type":"Polygon","coordinates":[[[245.4,122.5],[240.5,121.4],[240.1,123.4],[233.5,121.8],[231.1,120],[228.8,121.6],[227,124.1],[227,126.2],[223,126.4],[225.8,129.8],[223.1,132.6],[220.8,136.7],[225.2,137.7],[226.6,137.7],[230.5,134.4],[236.7,135.9],[238.1,137.6],[237.7,139.6],[242,140.6],[242.9,136.3],[244.6,135.2],[247.2,131],[250.1,129.3],[253.2,124.3],[245.4,122.5]]]}},{"type":"Feature","properties":{"GEOID":"41003","NAME":"Benton","STATEFP":"41"},"geometry":{"type":"Polygon","coordinates":[[[148.2,106],[141,103.8],[139.1,110.3],[137.1,109.7],[135.2,112.8],[144.8,115.7],[144.2,114.2],[145.8,110.6],[145.3,109.2],[148.2,106]]]}},{"type":"Feature","properties":{"GEOID":"41005","NAME":"Clackamas","STATEFP":"41"},"geometry":{"type":"Polygon","coordinates":[[[159.4,91.7],[158.7,94],[156.7,93.8],[156.6,95.2],[156.7,98.4],[159.1,101.8],[159.5,103.9],[161.3,105.7],[172,108.7],[171.6,105.7],[174.6,104.5],[173.8,101.4],[175,100.4],[175.7,97.7],[174.3,95.3],[161.2,91.6],[159.4,91.7]]]}},{"type":"Feature","properties":{"GEOID":"41007","NAME":"Clatsop","STATEFP":"41"},"geometry":{"type":"Polygon","coordinates":[[[142.6,66.4],[143.5,68.6],[143.3,72.8],[140.8,77.6],[151.9,81],[154.3,72.8],[153.3,69.5],[149.4,68.4],[146.9,68.4],[142.6,66.4]]]}},{"type":"Feature","properties":{"GEOID":"41009","NAME":"Columbia","STATEFP":"41"},"geometry":{"type":"Polygon","coordinates":[[[154.3,72.8],[151.9,81],[157.1,82.6],[158.4,84.4],[161,85],[161.5,82.1],[161.1,76.3],[158.5,73],[156.9,72.9],[154.3,72.8]]]}},{"type":"Feature","properties":{"GEOID":"41011","NAME":"Coos","STATEFP":"41"},"geometry":{"type":"Polygon","coordinates":[[[122.3,125.5],[119.4,129.7],[117.3,130.9],[116.6,133.9],[113.4,139],[118.2,140.5],[119.3,142.6],[118.2,147.5],[120.7,147.9],[122.5,146.2],[124.4,146.5],[125.7,141.7],[128.3,140.2],[129.4,136.4],[129.6,132.4],[128.4,129.7],[129,127.6],[122.3,125.5]]]}},{"type":"Feature","properties":{"GEOID":"41013","NAME":"Crook","STATEFP":"41"},"geometry":{"type":"Polygon","coordinates":[[[191.8,121.9],[184.7,120],[184.2,122],[181.5,121.3],[179.1,122.7],[177.6,128.5],[179.5,129.1],[178.4,133.1],[182.3,134.2],[181.8,136.1],[187.8,137.7],[187.3,139.7],[188.8,142.2],[194.7,143.7],[196.7,144.3],[198.2,138.3],[200.2,138.8],[202.2,130.8],[198.2,129.8],[198.7,127.9],[197,126.3],[191.1,124.8],[191.8,121.9]]]}},{"type":"Feature","properties":{"GEOID":"41015","NAME":"Curry","STATEFP":"41"},"geometry":{"type":"Polygon","coordinates":[[[113.4,139],[109.8,142.1],[112.3,147.1],[109.8,149.7],[110.5,151.9],[109.5,156.4],[110.4,161.7],[118.9,164.4],[119.2,161],[120.9,159.3],[120.1,155.9],[118,155.1],[119.4,152.1],[121.2,152.6],[126,147],[124.4,146.5],[122.5,146.2],[120.7,147.9],[118.2,147.5],[119.3,142.6],[118.2,140.5],[113.4,139]]]}},{"type":"Feature","properties":{"GEOID":"41017","NAME":"Deschutes","STATEFP":"41"},"geometry":{"type":"Polygon","coordinates":[[[179.1,122.7],[167.2,119.4],[167,122.7],[166.6,126.1],[164.2,129.1],[161.7,130.9],[159.6,136.3],[170.6,139.4],[194.2,145.7],[194.7,143.7],[188.8,142.2],[187.3,139.7],[187.8,137.7],[181.8,136.1],[182.3,134.2],[178.4,133.1],[179.5,129.1],[177.6,128.5],[179.1,122.7]]]}},{"type":"Feature","properties":{"GEOID":"41019","NAME":"Douglas","STATEFP":"41"},"geometry":{"type":"Polygon","coordinates":[[[122.3,125.5],[129,127.6],[128.4,129.7],[129.6,132.4],[129.4,136.4],[128.3,140.2],[125.7,141.7],[124.4,146.5],[126,147],[129.9,150.2],[133.5,151.3],[135.1,150.4],[141.2,151.7],[146.1,149.1],[151,149.1],[151.5,147.5],[154.7,148.2],[157.8,144.4],[156.4,139.7],[146.4,136.9],[147.1,134.5],[141.1,132.9],[142.2,127.3],[138.7,126.3],[136.1,124.3],[135.3,121.8],[132.1,120.2],[129.6,121.5],[125,120.1],[122.3,125.5]]]}},{"type":"Feature","properties":{"GEOID":"41021","NAME":"Gilliam","STATEFP":"41"},"geometry":{"type":"Polygon","coordinates":[[[194.6,94.1],[197.6,98.3],[197.8,100.7],[195.6,100.8],[194.3,102.9],[193,109.6],[193.1,109.9],[204.4,112.9],[202.1,107.7],[205.5,95.1],[201.6,96.2],[196.7,95.5],[194.6,94.1]]]}},{"type":"Feature","properties":{"GEOID":"41023","NAME":"Grant","STATEFP":"41"},"geometry":{"type":"Polygon","coordinates":[[[205.9,115.1],[205.3,119.1],[202.2,130.8],[200.2,138.8],[214,142.2],[214.5,140.2],[224.1,142.7],[225.2,137.7],[220.8,136.7],[223.1,132.6],[225.8,129.8],[223,126.4],[227,126.2],[227,124.1],[228.8,121.6],[224.6,119.7],[214.2,117.1],[205.9,115.1]]]}},{"type":"Feature","properties":{"GEOID":"41025","NAME":"Harney","STATEFP":"41"},"geometry":{"type":"Polygon","coordinates":[[[194.2,145.7],[191.6,155.6],[191.1,155.5],[188.3,165.3],[198,167.7],[193.7,185.1],[194.3,185.2],[213.4,189.8],[214.6,183.3],[217.9,168.6],[224.1,142.7],[214.5,140.2],[214,142.2],[200.2,138.8],[198.2,138.3],[196.7,144.3],[194.7,143.7],[194.2,145.7]]]}},{"type":"Feature","properties":{"GEOID":"41027","NAME":"Hood River","STATEFP":"41"},"geometry":{"type":"Polygon","coordinates":[[[180.7,90.6],[175,89.8],[173.9,90.6],[173.3,93.5],[174.3,95.3],[175.7,97.7],[175,100.4],[178.4,101.4],[180,95.4],[181.8,91.6],[180.7,90.6]]]}},{"type":"Feature","properties":{"GEOID":"41029","NAME":"Jackson","STATEFP":"41"},"geometry":{"type":"Polygon","coordinates":[[[151,149.1],[146.1,149.1],[141.2,151.7],[135.1,150.4],[133.5,151.3],[128.8,167.1],[144.5,171.6],[151,149.1]]]}},{"type":"Feature","properties":{"GEOID":"41031","NAME":"Jefferson","STATEFP":"41"},"geometry":{"type":"Polygon","coordinates":[[[167.2,119.4],[179.1,122.7],[181.5,121.3],[184.2,122],[184.7,120],[191.8,121.9],[193.6,116.1],[171.4,109.9],[169.7,113],[167.2,119.4]]]}},{"type":"Feature","properties":{"GEOID":"41033","NAME":"Josephine","STATEFP":"41"},"geometry":{"type":"Polygon","coordinates":[[[126,147],[121.2,152.6],[119.4,152.1],[118,155.1],[120.1,155.9],[120.9,159.3],[119.2,161],[118.9,164.4],[124,165.8],[128.8,167.1],[133.5,151.3],[129.9,150.2],[126,147]]]}},{"type":"Feature","properties":{"GEOID":"41035","NAME":"Klamath","STATEFP":"41"},"geometry":{"type":"Polygon","coordinates":[[[158.6,175.8],[168.1,178.4],[172.7,161.3],[164.9,159.1],[168.7,145.2],[170.6,139.4],[159.6,136.3],[157.2,137.1],[156.4,139.7],[157.8,144.4],[154.7,148.2],[151.5,147.5],[151,149.1],[144.5,171.6],[158.6,175.8]]]}},{"type":"Feature","properties":{"GEOID":"41037","NAME":"Lake","STATEFP":"41"},"geometry":{"type":"Polygon","coordinates":[[[170.6,139.4],[168.7,145.2],[164.9,159.1],[172.7,161.3],[168.1,178.4],[183,182.3],[193.7,185.1],[198,167.7],[188.3,165.3],[191.1,155.5],[191.6,155.6],[194.2,145.7],[170.6,139.4]]]}},{"type":"Feature","properties":{"GEOID":"41039","NAME":"Lane","STATEFP":"41"},"geometry":{"type":"Polygon","coordinates":[[[125,120.1],[129.6,121.5],[132.1,120.2],[135.3,121.8],[136.1,124.3],[138.7,126.3],[142.2,127.3],[141.1,132.9],[147.1,134.5],[146.4,136.9],[156.4,139.7],[157.2,137.1],[159.6,136.3],[161.7,130.9],[164.2,129.1],[166.6,126.1],[167,122.7],[158.4,120.4],[155.3,120.2],[151.6,117.5],[148.7,118.9],[144.5,117.6],[144.8,115.7],[135.2,112.8],[128.5,111],[125,120.1]]]}},{"type":"Feature","properties":{"GEOID":"41041","NAME":"Lincoln","STATEFP":"41"},"geometry":{"type":"Polygon","coordinates":[[[135.3,94.1],[132.6,100.1],[130.4,106.9],[128.5,111],[135.2,112.8],[137.1,109.7],[139.1,110.3],[141,103.8],[139.1,102.8],[141.2,95.9],[135.3,94.1]]]}},{"type":"Feature","properties":{"GEOID":"41043","NAME":"Linn","STATEFP":"41"},"geometry":{"type":"Polygon","coordinates":[[[148.2,106],[145.3,109.2],[145.8,110.6],[144.2,114.2],[144.8,115.7],[144.5,117.6],[148.7,118.9],[151.6,117.5],[155.3,120.2],[158.4,120.4],[167,122.7],[167.2,119.4],[169.7,113],[166,111.9],[162.4,109.4],[154.3,106],[150.3,107.3],[148.5,105.3],[148.2,106]]]}},{"type":"Feature","properties":{"GEOID":"41045","NAME":"Malheur","STATEFP":"41"},"geometry":{"type":"Polygon","coordinates":[[[224.1,142.7],[217.9,168.6],[214.6,183.3],[213.4,189.8],[233.3,194.3],[239.1,168.3],[242,155.6],[243.7,151.1],[246.6,145.2],[242,140.6],[237.7,139.6],[238.1,137.6],[236.7,135.9],[230.5,134.4],[226.6,137.7],[225.2,137.7],[224.1,142.7]]]}},{"type":"Feature","properties":{"GEOID":"41047","NAME":"Marion","STATEFP":"41"},"geometry":{"type":"Polygon","coordinates":[[[156.6,95.2],[154.2,94.5],[151.9,98.3],[151.4,101.4],[148.5,103.2],[148.5,105.3],[150.3,107.3],[154.3,106],[162.4,109.4],[166,111.9],[169.7,113],[171.4,109.9],[172,108.7],[161.3,105.7],[159.5,103.9],[159.1,101.8],[156.7,98.4],[156.6,95.2]]]}},{"type":"Feature","properties":{"GEOID":"41049","NAME":"Morrow","STATEFP":"41"},"geometry":{"type":"Polygon","coordinates":[[[205.5,95.1],[202.1,107.7],[204.4,112.9],[205.9,115.1],[214.2,117.1],[217.4,105.3],[216.2,102.9],[213.3,102.2],[215.1,95],[212.9,94.2],[211,95.4],[207.7,95.1],[205.5,95.1]]]}},{"type":"Feature","properties":{"GEOID":"41051","NAME":"Multnomah","STATEFP":"41"},"geometry":{"type":"Polygon","coordinates":[[[158.4,84.4],[157.8,86.3],[160,89.8],[159.4,91.7],[161.2,91.6],[174.3,95.3],[173.3,93.5],[173.9,90.6],[168,91.4],[165.1,90.2],[160.5,86.6],[161,85],[158.4,84.4]]]}},{"type":"Feature","properties":{"GEOID":"41053","NAME":"Polk","STATEFP":"41"},"geometry":{"type":"Polygon","coordinates":[[[141.2,95.9],[139.1,102.8],[141,103.8],[148.2,106],[148.5,105.3],[148.5,103.2],[151.4,101.4],[151.9,98.3],[141.4,95.2],[141.2,95.9]]]}},{"type":"Feature","properties":{"GEOID":"41055","NAME":"Sherman","STATEFP":"41"},"geometry":{"type":"Polygon","coordinates":[[[189.8,95.1],[190.3,98.3],[189.1,100.8],[185.5,104.2],[193,109.6],[194.3,102.9],[195.6,100.8],[197.8,100.7],[197.6,98.3],[194.6,94.1],[189.8,95.1]]]}},{"type":"Feature","properties":{"GEOID":"41057","NAME":"Tillamook","STATEFP":"41"},"geometry":{"type":"Polygon","coordinates":[[[140.8,77.6],[141.2,79.6],[137.6,87.5],[137.7,89.3],[135.3,94.1],[141.2,95.9],[141.4,95.2],[141.4,91.7],[146.5,93.3],[147.9,88.4],[150.6,85.6],[149.5,82.1],[151.9,81],[140.8,77.6]]]}},{"type":"Feature","properties":{"GEOID":"41059","NAME":"Umatilla","STATEFP":"41"},"geometry":{"type":"Polygon","coordinates":[[[222.7,94.9],[220.1,95.9],[215.1,95],[213.3,102.2],[216.2,102.9],[217.4,105.3],[214.2,117.1],[224.6,119.7],[225.3,115],[223.5,114.5],[223.6,111],[228,111.8],[228.4,110.1],[232.1,111],[233.7,110.3],[234.9,105.4],[238.1,102],[238.8,98.8],[238.5,98.7],[222.7,94.9]]]}},{"type":"Feature","properties":{"GEOID":"41061","NAME":"Union","STATEFP":"41"},"geometry":{"type":"Polygon","coordinates":[[[238.1,102],[234.9,105.4],[233.7,110.3],[232.1,111],[228.4,110.1],[228,111.8],[223.6,111],[223.5,114.5],[225.3,115],[224.6,119.7],[228.8,121.6],[231.1,120],[233.5,121.8],[240.1,123.4],[240.5,121.4],[245.4,122.5],[245.8,120.5],[242.4,119.7],[242.2,117.2],[240.6,115.2],[240.2,106.6],[241.7,102.8],[238.1,102]]]}},{"type":"Feature","properties":{"GEOID":"41063","NAME":"Wallowa","STATEFP":"41"},"geometry":{"type":"Polygon","coordinates":[[[238.1,102],[241.7,102.8],[240.2,106.6],[240.6,115.2],[242.2,117.2],[242.4,119.7],[245.8,120.5],[245.4,122.5],[253.2,124.3],[255.7,120.3],[259,115.3],[261,113.4],[259.8,108.9],[257,106.4],[255.7,102.8],[246.7,100.7],[244.8,100.2],[238.8,98.8],[238.1,102]]]}},{"type":"Feature","properties":{"GEOID":"41065","NAME":"Wasco","STATEFP":"41"},"geometry":{"type":"Polygon","coordinates":[[[175,100.4],[173.8,101.4],[174.6,104.5],[171.6,105.7],[172,108.7],[171.4,109.9],[193.6,116.1],[192.5,114.7],[193.1,109.9],[193,109.6],[185.5,104.2],[189.1,100.8],[190.3,98.3],[189.8,95.1],[187.2,94.2],[183.5,91.9],[181.8,91.6],[180,95.4],[178.4,101.4],[175,100.4]]]}},{"type":"Feature","properties":{"GEOID":"41067","NAME":"Washington","STATEFP":"41"},"geometry":{"type":"Polygon","coordinates":[[[147.9,88.4],[153.2,89.9],[156.7,93.8],[158.7,94],[159.4,91.7],[160,89.8],[157.8,86.3],[158.4,84.4],[157.1,82.6],[151.9,81],[149.5,82.1],[150.6,85.6],[147.9,88.4]]]}},{"type":"Feature","properties":{"GEOID":"41069","NAME":"Wheeler","STATEFP":"41"},"geometry":{"type":"Polygon","coordinates":[[[193.6,116.1],[191.8,121.9],[191.1,124.8],[197,126.3],[198.7,127.9],[198.2,129.8],[202.2,130.8],[205.3,119.1],[205.9,115.1],[204.4,112.9],[193.1,109.9],[192.5,114.7],[193.6,116.1]]]}},{"type":"Feature","properties":{"GEOID":"41071","NAME":"Yamhill","STATEFP":"41"},"geometry":{"type":"Polygon","coordinates":[[[147.9,88.4],[146.5,93.3],[141.4,91.7],[141.4,95.2],[151.9,98.3],[154.2,94.5],[156.6,95.2],[156.7,93.8],[153.2,89.9],[147.9,88.4]]]}},{"type":"Feature","properties":{"GEOID":"42001","NAME":"Adams","STATEFP":"42"},"geometry":{"type":"Polygon","coordinates":[[[931.6,247],[927.3,249.7],[926.3,251.1],[927.6,256.3],[931.8,255.4],[935.7,254.7],[935.8,251.3],[934,247.9],[931.6,247]]]}},{"type":"Feature","properties":{"GEOID":"42003","NAME":"Allegheny","STATEFP":"42"},"geometry":{"type":"Polygon","coordinates":[[[876.3,242.7],[876,244.3],[873.3,247.9],[877,250.8],[882,251.8],[883,253],[884.5,252],[884.1,248.5],[884.7,244.8],[884.2,241.4],[876.3,242.7]]]}},{"type":"Feature","properties":{"GEOID":"42005","NAME":"Armstrong","STATEFP":"42"},"geometry":{"type":"Polygon","coordinates":[[[882.3,229.7],[884.2,241.4],[887,243.5],[889.1,243.9],[892.2,237.5],[891.6,234.3],[891,231.1],[888.3,233],[884.6,233.5],[882.3,229.7]]]}},{"type":"Feature","properties":{"GEOID":"42007","NAME":"Beaver","STATEFP":"42"},"geometry":{"type":"Polygon","coordinates":[[[869.1,239.6],[869.9,244.6],[870.5,248.4],[873.3,247.9],[876,244.3],[876.3,242.7],[875.4,238.5],[869.1,239.6]]]}},{"type":"Feature","properties":{"GEOID":"42009","NAME":"Bedford","STATEFP":"42"},"geometry":{"type":"Polygon","coordinates":[[[904.2,248.1],[903.1,252.8],[904.2,258.2],[903.7,260.8],[911.3,259.4],[912.3,256.7],[913.7,248.2],[910.9,245.5],[904.5,246.1],[904.2,248.1]]]}},{"type":"Feature","properties":{"GEOID":"42011","NAME":"Berks","STATEFP":"42"},"geometry":{"type":"Polygon","coordinates":[[[950.4,228.4],[946.3,232.7],[941.8,234.6],[947.7,237.7],[953.4,240.9],[956,237.8],[957.9,232.4],[950.4,228.4]]]}},{"type":"Feature","properties":{"GEOID":"42013","NAME":"Blair","STATEFP":"42"},"geometry":{"type":"Polygon","coordinates":[[[907.5,235.9],[905.1,241.6],[904.5,246.1],[910.9,245.5],[912.4,240.8],[909.9,236.7],[911.5,234.8],[907.2,235.8],[907.5,235.9]]]}},{"type":"Feature","properties":{"GEOID":"42015","NAME":"Bradford","STATEFP":"42"},"geometry":{"type":"Polygon","coordinates":[[[926.2,201.4],[929,210.6],[930.1,210.6],[940.5,209.6],[941.7,206.6],[939.5,198.7],[932.5,200.2],[926.2,201.4]]]}},{"type":"Feature","properties":{"GEOID":"42017","NAME":"Bucks","STATEFP":"42"},"geometry":{"type":"Polygon","coordinates":[[[958.8,232.9],[968.4,237.5],[969.6,239.5],[973.4,236.1],[968.6,232.5],[966.1,231.2],[965.4,228.4],[963,227.7],[962.8,227.4],[960.8,229.5],[958.8,232.9]]]}},{"type":"Feature","properties":{"GEOID":"42019","NAME":"Butler","STATEFP":"42"},"geometry":{"type":"Polygon","coordinates":[[[875.6,233.3],[874.7,235.1],[875.4,238.5],[876.3,242.7],[884.2,241.4],[882.3,229.7],[882.2,229.7],[876.9,230.6],[875.6,233.3]]]}},{"type":"Feature","properties":{"GEOID":"42021","NAME":"Cambria","STATEFP":"42"},"geometry":{"type":"Polygon","coordinates":[[[907.5,235.9],[899.6,237.4],[898,245.6],[897,248.4],[900,248.7],[904.2,248.1],[904.5,246.1],[905.1,241.6],[907.5,235.9]]]}},{"type":"Feature","properties":{"GEOID":"42023","NAME":"Cameron","STATEFP":"42"},"geometry":{"type":"Polygon","coordinates":[[[902.4,215.7],[903.3,220.3],[906.1,219.8],[907.2,223.8],[909.7,223.6],[910.9,219.8],[910.4,217.3],[909.3,217.4],[906.1,214.6],[902.4,215.7]]]}},{"type":"Feature","properties":{"GEOID":"42025","NAME":"Carbon","STATEFP":"42"},"geometry":{"type":"Polygon","coordinates":[[[952.4,217.2],[951.5,220.1],[947.4,223.3],[952.4,226.6],[954.8,224.8],[956.9,223.7],[954.5,220.9],[955.7,219.7],[952.4,217.2]]]}},{"type":"Feature","properties":{"GEOID":"42027","NAME":"Centre","STATEFP":"42"},"geometry":{"type":"Polygon","coordinates":[[[911,224.9],[911.2,229.6],[908.9,231.1],[907.2,235.8],[911.5,234.8],[914.7,235.3],[916.5,233.7],[919.1,233.6],[924,229.7],[926.9,224.4],[921,227.5],[918.5,225],[915,223.4],[911,224.9]]]}},{"type":"Feature","properties":{"GEOID":"42029","NAME":"Chester","STATEFP":"42"},"geometry":{"type":"Polygon","coordinates":[[[956,237.8],[953.4,240.9],[952.2,245.6],[952.1,249.7],[950.9,251.5],[957,250.2],[959.8,246.7],[960.5,244],[962.7,240.6],[956,237.8]]]}},{"type":"Feature","properties":{"GEOID":"42031","NAME":"Clarion","STATEFP":"42"},"geometry":{"type":"Polygon","coordinates":[[[885.1,224],[882.2,229.7],[882.3,229.7],[884.6,233.5],[888.3,233],[891,231.1],[889.9,224.5],[889.6,222.2],[886.2,222.6],[885.1,224]]]}},{"type":"Feature","properties":{"GEOID":"42033","NAME":"Clearfield","STATEFP":"42"},"geometry":{"type":"Polygon","coordinates":[[[899.1,226],[897.8,227.9],[898.7,233.2],[899.6,237.4],[907.5,235.9],[907.2,235.8],[908.9,231.1],[911.2,229.6],[911,224.9],[909.7,223.6],[907.2,223.8],[900,224.5],[899.1,226]]]}},{"type":"Feature","properties":{"GEOID":"42035","NAME":"Clinton","STATEFP":"42"},"geometry":{"type":"Polygon","coordinates":[[[911,224.9],[915,223.4],[918.5,225],[921,227.5],[926.9,224.4],[926.8,223.8],[918.9,218.4],[917.1,215.9],[910.4,217.3],[910.9,219.8],[909.7,223.6],[911,224.9]]]}},{"type":"Feature","properties":{"GEOID":"42037","NAME":"Columbia","STATEFP":"42"},"geometry":{"type":"Polygon","coordinates":[[[937.9,216.6],[935.1,220],[935.9,222.1],[938.3,224.4],[938.4,226],[941.5,227.9],[943.6,223.3],[940.4,217.7],[940.1,215.3],[937.9,216.6]]]}},{"type":"Feature","properties":{"GEOID":"42039","NAME":"Crawford","STATEFP":"42"},"geometry":{"type":"Polygon","coordinates":[[[865.3,216.3],[866.6,224.5],[866.6,224.7],[875.6,223.2],[878,219.6],[881.8,218.9],[880.9,213.6],[865.3,216.3]]]}},{"type":"Feature","properties":{"GEOID":"42041","NAME":"Cumberland","STATEFP":"42"},"geometry":{"type":"Polygon","coordinates":[[[934.3,240.2],[928.3,242.6],[925.5,243],[922.7,245.7],[926.3,251.1],[927.3,249.7],[931.6,247],[935.8,242.4],[934.3,240.2]]]}},{"type":"Feature","properties":{"GEOID":"42043","NAME":"Dauphin","STATEFP":"42"},"geometry":{"type":"Polygon","coordinates":[[[932.3,233.4],[933,237.1],[932,239.2],[934.3,240.2],[935.8,242.4],[938.7,244.4],[941,242],[937.7,236],[939.8,233.6],[936.4,231.8],[932.3,233.4]]]}},{"type":"Feature","properties":{"GEOID":"42045","NAME":"Delaware","STATEFP":"42"},"geometry":{"type":"Polygon","coordinates":[[[962.7,240.6],[960.5,244],[959.8,246.7],[960.1,246.7],[963.1,246.9],[966.4,244.6],[964.7,242.3],[962.7,240.6]]]}},{"type":"Feature","properties":{"GEOID":"42047","NAME":"Elk","STATEFP":"42"},"geometry":{"type":"Polygon","coordinates":[[[893.1,216.9],[893.5,221],[891.9,223.9],[894.1,223],[898.4,224.6],[899.1,226],[900,224.5],[907.2,223.8],[906.1,219.8],[903.3,220.3],[902.4,215.7],[901.2,215.2],[893.1,216.9]]]}},{"type":"Feature","properties":{"GEOID":"42049","NAME":"Erie","STATEFP":"42"},"geometry":{"type":"Polygon","coordinates":[[[863.4,205.1],[865.3,216.3],[880.9,213.6],[880.3,210.2],[877.7,210.6],[875.6,198.5],[870.7,202.3],[863.4,205.1]]]}},{"type":"Feature","properties":{"GEOID":"42051","NAME":"Fayette","STATEFP":"42"},"geometry":{"type":"Polygon","coordinates":[[[883.2,254.7],[881.6,258.4],[883.2,259.5],[884.1,264.3],[886.8,263.8],[891.9,262.9],[893.4,262.6],[892.4,259.6],[893.8,254.9],[890.4,253],[887.6,255],[883.2,254.7]]]}},{"type":"Feature","properties":{"GEOID":"42053","NAME":"Forest","STATEFP":"42"},"geometry":{"type":"Polygon","coordinates":[[[893.1,216.9],[883.5,218.6],[885.1,224],[886.2,222.6],[889.6,222.2],[889.9,224.5],[891.9,223.9],[893.5,221],[893.1,216.9]]]}},{"type":"Feature","properties":{"GEOID":"42055","NAME":"Franklin","STATEFP":"42"},"geometry":{"type":"Polygon","coordinates":[[[926.3,251.1],[922.7,245.7],[921.2,243.8],[920.8,244.5],[918.9,249.7],[917.5,255.7],[916.3,258.4],[927.4,256.3],[927.6,256.3],[926.3,251.1]]]}},{"type":"Feature","properties":{"GEOID":"42057","NAME":"Fulton","STATEFP":"42"},"geometry":{"type":"Polygon","coordinates":[[[913.7,248.2],[912.3,256.7],[911.3,259.4],[912,259.2],[916.3,258.4],[917.5,255.7],[918.9,249.7],[913.7,248.2]]]}},{"type":"Feature","properties":{"GEOID":"42059","NAME":"Greene","STATEFP":"42"},"geometry":{"type":"Polygon","coordinates":[[[872.5,260.4],[873.4,266],[875.2,265.8],[884.1,264.3],[883.2,259.5],[881.6,258.4],[876.4,258.4],[872.5,260.4]]]}},{"type":"Feature","properties":{"GEOID":"42061","NAME":"Huntingdon","STATEFP":"42"},"geometry":{"type":"Polygon","coordinates":[[[911.5,234.8],[909.9,236.7],[912.4,240.8],[910.9,245.5],[913.7,248.2],[918.9,249.7],[920.8,244.5],[919.4,242],[916.5,242],[917.1,238.3],[919.1,233.6],[916.5,233.7],[914.7,235.3],[911.5,234.8]]]}},{"type":"Feature","properties":{"GEOID":"42063","NAME":"Indiana","STATEFP":"42"},"geometry":{"type":"Polygon","coordinates":[[[891.6,234.3],[892.2,237.5],[889.1,243.9],[895.5,246.6],[898,245.6],[899.6,237.4],[898.7,233.2],[891.6,234.3]]]}},{"type":"Feature","properties":{"GEOID":"42065","NAME":"Jefferson","STATEFP":"42"},"geometry":{"type":"Polygon","coordinates":[[[889.9,224.5],[891,231.1],[891.6,234.3],[898.7,233.2],[897.8,227.9],[899.1,226],[898.4,224.6],[894.1,223],[891.9,223.9],[889.9,224.5]]]}},{"type":"Feature","properties":{"GEOID":"42067","NAME":"Juniata","STATEFP":"42"},"geometry":{"type":"Polygon","coordinates":[[[932.4,233.1],[930.5,232.6],[926.1,233],[922.9,236.4],[919.4,242],[920.8,244.5],[921.2,243.8],[923,240.8],[926.9,237.1],[932.3,233.4],[932.4,233.1]]]}},{"type":"Feature","properties":{"GEOID":"42069","NAME":"Lackawanna","STATEFP":"42"},"geometry":{"type":"Polygon","coordinates":[[[948.5,205.4],[947.7,210.8],[950.6,212.3],[953,216.1],[954.3,214.1],[955.2,213.2],[953,204.5],[948.5,205.4]]]}},{"type":"Feature","properties":{"GEOID":"42071","NAME":"Lancaster","STATEFP":"42"},"geometry":{"type":"Polygon","coordinates":[[[941,242],[938.7,244.4],[942.3,245.3],[943.8,247.5],[949,251.9],[949.2,251.8],[950.9,251.5],[952.1,249.7],[952.2,245.6],[953.4,240.9],[947.7,237.7],[941,242]]]}},{"type":"Feature","properties":{"GEOID":"42073","NAME":"Lawrence","STATEFP":"42"},"geometry":{"type":"Polygon","coordinates":[[[868,233.2],[868.9,238.5],[869.1,239.6],[875.4,238.5],[874.7,235.1],[875.6,233.3],[872.6,232.4],[868,233.2]]]}},{"type":"Feature","properties":{"GEOID":"42075","NAME":"Lebanon","STATEFP":"42"},"geometry":{"type":"Polygon","coordinates":[[[939.8,233.6],[937.7,236],[941,242],[947.7,237.7],[941.8,234.6],[939.8,233.6]]]}},{"type":"Feature","properties":{"GEOID":"42077","NAME":"Lehigh","STATEFP":"42"},"geometry":{"type":"Polygon","coordinates":[[[950.4,228.4],[957.9,232.4],[958.8,232.9],[960.8,229.5],[954.8,224.8],[952.4,226.6],[950.4,228.4]]]}},{"type":"Feature","properties":{"GEOID":"42079","NAME":"Luzerne","STATEFP":"42"},"geometry":{"type":"Polygon","coordinates":[[[947.7,210.8],[944.9,212.4],[940.2,213.6],[940.1,215.3],[940.4,217.7],[943.6,223.3],[947.4,223.3],[951.5,220.1],[952.4,217.2],[953,216.1],[950.6,212.3],[947.7,210.8]]]}},{"type":"Feature","properties":{"GEOID":"42081","NAME":"Lycoming","STATEFP":"42"},"geometry":{"type":"Polygon","coordinates":[[[917.1,215.9],[918.9,218.4],[926.8,223.8],[930.8,221.3],[933.4,220],[935.1,220],[937.9,216.6],[935.2,216.4],[932,214.6],[930.1,210.6],[929,210.6],[927.7,212],[916.8,214.4],[917.1,215.9]]]}},{"type":"Feature","properties":{"GEOID":"42083","NAME":"McKean","STATEFP":"42"},"geometry":{"type":"Polygon","coordinates":[[[902.6,206.1],[892.1,208.1],[893.1,216.9],[901.2,215.2],[902.4,215.7],[906.1,214.6],[904.3,205.8],[902.6,206.1]]]}},{"type":"Feature","properties":{"GEOID":"42085","NAME":"Mercer","STATEFP":"42"},"geometry":{"type":"Polygon","coordinates":[[[866.6,224.7],[868,233],[868,233.2],[872.6,232.4],[875.6,233.3],[876.9,230.6],[875.6,223.2],[866.6,224.7]]]}},{"type":"Feature","properties":{"GEOID":"42087","NAME":"Mifflin","STATEFP":"42"},"geometry":{"type":"Polygon","coordinates":[[[919.1,233.6],[917.1,238.3],[916.5,242],[919.4,242],[922.9,236.4],[926.1,233],[924.4,230.6],[924,229.7],[919.1,233.6]]]}},{"type":"Feature","properties":{"GEOID":"42089","NAME":"Monroe","STATEFP":"42"},"geometry":{"type":"Polygon","coordinates":[[[954.3,214.1],[953,216.1],[952.4,217.2],[955.7,219.7],[954.5,220.9],[956.9,223.7],[959.7,222],[962.3,218.7],[964.3,215.2],[963.8,215.4],[960.7,214.7],[960.6,212.2],[956.8,213.4],[954.3,214.1]]]}},{"type":"Feature","properties":{"GEOID":"42091","NAME":"Montgomery","STATEFP":"42"},"geometry":{"type":"Polygon","coordinates":[[[956,237.8],[962.7,240.6],[964.7,242.3],[965,239.4],[967.2,240],[968.4,237.5],[958.8,232.9],[957.9,232.4],[956,237.8]]]}},{"type":"Feature","properties":{"GEOID":"42093","NAME":"Montour","STATEFP":"42"},"geometry":{"type":"Polygon","coordinates":[[[933.4,220],[933.5,225.4],[935.7,224.5],[938.4,226],[938.3,224.4],[935.9,222.1],[935.1,220],[933.4,220]]]}},{"type":"Feature","properties":{"GEOID":"42095","NAME":"Northampton","STATEFP":"42"},"geometry":{"type":"Polygon","coordinates":[[[962.3,218.7],[959.7,222],[956.9,223.7],[954.8,224.8],[960.8,229.5],[962.8,227.4],[962.4,223.4],[963.9,220.7],[962.3,218.7]]]}},{"type":"Feature","properties":{"GEOID":"42097","NAME":"Northumberland","STATEFP":"42"},"geometry":{"type":"Polygon","coordinates":[[[930.8,221.3],[931.8,225.1],[933.7,227],[933.4,230.9],[932.4,233.1],[932.3,233.4],[936.4,231.8],[941.5,227.9],[938.4,226],[935.7,224.5],[933.5,225.4],[933.4,220],[930.8,221.3]]]}},{"type":"Feature","properties":{"GEOID":"42099","NAME":"Perry","STATEFP":"42"},"geometry":{"type":"Polygon","coordinates":[[[932.3,233.4],[926.9,237.1],[923,240.8],[921.2,243.8],[922.7,245.7],[925.5,243],[928.3,242.6],[934.3,240.2],[932,239.2],[933,237.1],[932.3,233.4]]]}},{"type":"Feature","properties":{"GEOID":"42101","NAME":"Philadelphia","STATEFP":"42"},"geometry":{"type":"Polygon","coordinates":[[[964.7,242.3],[966.4,244.6],[967.5,243.8],[968.4,241.1],[969.6,239.5],[968.4,237.5],[967.2,240],[965,239.4],[964.7,242.3]]]}},{"type":"Feature","properties":{"GEOID":"42103","NAME":"Pike","STATEFP":"42"},"geometry":{"type":"Polygon","coordinates":[[[959.9,203.9],[956.8,213.4],[960.6,212.2],[960.7,214.7],[963.8,215.4],[965.5,210.5],[967.5,208.1],[966.2,206.8],[961.8,205.7],[959.9,203.9]]]}},{"type":"Feature","properties":{"GEOID":"42105","NAME":"Potter","STATEFP":"42"},"geometry":{"type":"Polygon","coordinates":[[[904.3,205.8],[906.1,214.6],[909.3,217.4],[910.4,217.3],[917.1,215.9],[916.8,214.4],[914.5,203.8],[912.1,204.3],[904.3,205.8]]]}},{"type":"Feature","properties":{"GEOID":"42107","NAME":"Schuylkill","STATEFP":"42"},"geometry":{"type":"Polygon","coordinates":[[[943.6,223.3],[941.5,227.9],[936.4,231.8],[939.8,233.6],[941.8,234.6],[946.3,232.7],[950.4,228.4],[952.4,226.6],[947.4,223.3],[943.6,223.3]]]}},{"type":"Feature","properties":{"GEOID":"42109","NAME":"Snyder","STATEFP":"42"},"geometry":{"type":"Polygon","coordinates":[[[933.7,227],[931.2,227.3],[924.4,230.6],[926.1,233],[930.5,232.6],[932.4,233.1],[933.4,230.9],[933.7,227]]]}},{"type":"Feature","properties":{"GEOID":"42111","NAME":"Somerset","STATEFP":"42"},"geometry":{"type":"Polygon","coordinates":[[[893.8,254.9],[892.4,259.6],[893.4,262.6],[901.6,261.1],[903.7,260.8],[904.2,258.2],[903.1,252.8],[904.2,248.1],[900,248.7],[897,248.4],[893.8,254.9]]]}},{"type":"Feature","properties":{"GEOID":"42113","NAME":"Sullivan","STATEFP":"42"},"geometry":{"type":"Polygon","coordinates":[[[930.1,210.6],[932,214.6],[935.2,216.4],[937.9,216.6],[940.1,215.3],[940.2,213.6],[940.5,209.6],[930.1,210.6]]]}},{"type":"Feature","properties":{"GEOID":"42115","NAME":"Susquehanna","STATEFP":"42"},"geometry":{"type":"Polygon","coordinates":[[[950.8,196.3],[940.2,198.6],[939.5,198.7],[941.7,206.6],[948.5,205.4],[953,204.5],[950.8,196.3]]]}},{"type":"Feature","properties":{"GEOID":"42117","NAME":"Tioga","STATEFP":"42"},"geometry":{"type":"Polygon","coordinates":[[[925.5,201.6],[914.5,203.8],[916.8,214.4],[927.7,212],[929,210.6],[926.2,201.4],[925.5,201.6]]]}},{"type":"Feature","properties":{"GEOID":"42119","NAME":"Union","STATEFP":"42"},"geometry":{"type":"Polygon","coordinates":[[[926.9,224.4],[924,229.7],[924.4,230.6],[931.2,227.3],[933.7,227],[931.8,225.1],[930.8,221.3],[926.8,223.8],[926.9,224.4]]]}},{"type":"Feature","properties":{"GEOID":"42121","NAME":"Venango","STATEFP":"42"},"geometry":{"type":"Polygon","coordinates":[[[875.6,223.2],[876.9,230.6],[882.2,229.7],[885.1,224],[883.5,218.6],[881.8,218.9],[878,219.6],[875.6,223.2]]]}},{"type":"Feature","properties":{"GEOID":"42123","NAME":"Warren","STATEFP":"42"},"geometry":{"type":"Polygon","coordinates":[[[880.3,210.2],[880.9,213.6],[881.8,218.9],[883.5,218.6],[893.1,216.9],[892.1,208.1],[889.7,208.5],[880.3,210.2]]]}},{"type":"Feature","properties":{"GEOID":"42125","NAME":"Washington","STATEFP":"42"},"geometry":{"type":"Polygon","coordinates":[[[870.9,250.2],[871.8,255.8],[872.3,259.1],[872.5,260.4],[876.4,258.4],[881.6,258.4],[883.2,254.7],[883,253],[882,251.8],[877,250.8],[873.3,247.9],[870.5,248.4],[870.9,250.2]]]}},{"type":"Feature","properties":{"GEOID":"42127","NAME":"Wayne","STATEFP":"42"},"geometry":{"type":"Polygon","coordinates":[[[953,204.5],[955.2,213.2],[954.3,214.1],[956.8,213.4],[959.9,203.9],[959.4,200.4],[957.3,198.4],[955.6,198.4],[952.9,195.8],[950.8,196.3],[953,204.5]]]}},{"type":"Feature","properties":{"GEOID":"42129","NAME":"Westmoreland","STATEFP":"42"},"geometry":{"type":"Polygon","coordinates":[[[889.1,243.9],[887,243.5],[884.2,241.4],[884.7,244.8],[884.1,248.5],[884.5,252],[883,253],[883.2,254.7],[887.6,255],[890.4,253],[893.8,254.9],[897,248.4],[898,245.6],[895.5,246.6],[889.1,243.9]]]}},{"type":"Feature","properties":{"GEOID":"42131","NAME":"Wyoming","STATEFP":"42"},"geometry":{"type":"Polygon","coordinates":[[[941.7,206.6],[940.5,209.6],[940.2,213.6],[944.9,212.4],[947.7,210.8],[948.5,205.4],[941.7,206.6]]]}},{"type":"Feature","properties":{"GEOID":"42133","NAME":"York","STATEFP":"42"},"geometry":{"type":"Polygon","coordinates":[[[931.6,247],[934,247.9],[935.8,251.3],[935.7,254.7],[939.4,253.9],[943.2,253.1],[949,251.9],[943.8,247.5],[942.3,245.3],[938.7,244.4],[935.8,242.4],[931.6,247]]]}},{"type":"Feature","properties":{"GEOID":"44001","NAME":"Bristol","STATEFP":"44"},"geometry":{"type":"Polygon","coordinates":[[[1022.9,186.4],[1025,185.8],[1022.6,184.3],[1022.1,185.4],[1022.9,186.4]]]}},{"type":"Feature","properties":{"GEOID":"44003","NAME":"Kent","STATEFP":"44"},"geometry":{"type":"Polygon","coordinates":[[[1022.1,185.4],[1014.9,187.6],[1015.5,189.5],[1015.7,190.5],[1020.8,189],[1022.3,187.5],[1022.9,186.4],[1022.1,185.4]]]}},{"type":"Feature","properties":{"GEOID":"44005","NAME":"Newport","STATEFP":"44"},"geometry":{"type":"Polygon","coordinates":[[[1022.3,187.5],[1022.9,191.8],[1022.2,195.9],[1028.6,191.2],[1026.4,186.1],[1025,185.8],[1022.9,186.4],[1022.3,187.5]]]}},{"type":"Feature","properties":{"GEOID":"44007","NAME":"Providence","STATEFP":"44"},"geometry":{"type":"Polygon","coordinates":[[[1013.1,181.1],[1014.9,187.6],[1022.1,185.4],[1022.6,184.3],[1020.3,179.8],[1018.1,179.6],[1013.1,181.1]]]}},{"type":"Feature","properties":{"GEOID":"44009","NAME":"Washington","STATEFP":"44"},"geometry":{"type":"MultiPolygon","coordinates":[[[[1022.3,187.5],[1020.8,189],[1015.7,190.5],[1016.6,194.7],[1015.5,197.7],[1018.2,200],[1017.6,198],[1022.2,195.9],[1022.9,191.8],[1022.3,187.5]]],[[[1020.2,200.1],[1021.7,201.2],[1023.6,198.9],[1022.9,197.3],[1020.4,197.2],[1020.2,200.1]]]]}},{"type":"Feature","properties":{"GEOID":"45001","NAME":"Abbeville","STATEFP":"45"},"geometry":{"type":"Polygon","coordinates":[[[859.4,393.8],[852.1,401.4],[855.6,405.6],[856.6,404.1],[860.5,403.7],[861.5,399.8],[859.5,397.2],[860.9,395.4],[859.4,393.8]]]}},{"type":"Feature","properties":{"GEOID":"45003","NAME":"Aiken","STATEFP":"45"},"geometry":{"type":"Polygon","coordinates":[[[874.4,407.6],[868.4,415.3],[870.2,416.5],[870.9,419.7],[872.5,421.5],[874.5,422.3],[880.9,414.4],[883.9,410],[879.2,408.9],[875.7,405.9],[874.4,407.6]]]}},{"type":"Feature","properties":{"GEOID":"45005","NAME":"Allendale","STATEFP":"45"},"geometry":{"type":"Polygon","coordinates":[[[885.8,422.5],[882.5,423.3],[878.8,422.6],[877.7,424.3],[879.3,425.3],[882.2,429.7],[883,431.9],[885.4,429.2],[885.8,426.4],[888.2,424.3],[885.8,422.5]]]}},{"type":"Feature","properties":{"GEOID":"45007","NAME":"Anderson","STATEFP":"45"},"geometry":{"type":"Polygon","coordinates":[[[854.9,386.5],[849.7,390.7],[848.9,392],[848.8,392.1],[848.6,392.4],[846.4,395.8],[848.9,395.9],[851.2,399.7],[852.1,401.4],[859.4,393.8],[857.1,392.4],[854.9,386.5]]]}},{"type":"Feature","properties":{"GEOID":"45009","NAME":"Bamberg","STATEFP":"45"},"geometry":{"type":"Polygon","coordinates":[[[884,415.1],[884.9,421.6],[885.8,422.5],[888.2,424.3],[893.2,419.9],[889.8,417.3],[884,415.1]]]}},{"type":"Feature","properties":{"GEOID":"45011","NAME":"Barnwell","STATEFP":"45"},"geometry":{"type":"Polygon","coordinates":[[[880.9,414.4],[874.5,422.3],[877.7,424.3],[878.8,422.6],[882.5,423.3],[885.8,422.5],[884.9,421.6],[884,415.1],[880.9,414.4]]]}},{"type":"Feature","properties":{"GEOID":"45013","NAME":"Beaufort","STATEFP":"45"},"geometry":{"type":"Polygon","coordinates":[[[893.7,432.2],[895.3,436],[895.3,438.5],[893.9,439.6],[892.7,443.1],[895.2,445.1],[898.3,445.4],[901.2,442.9],[902.1,441],[904.5,439.5],[905.7,436.5],[901.5,434.9],[897.4,431.7],[894.4,431],[893.7,432.2]]]}},{"type":"Feature","properties":{"GEOID":"45015","NAME":"Berkeley","STATEFP":"45"},"geometry":{"type":"Polygon","coordinates":[[[901.3,416.7],[902.3,419.2],[906.4,421.5],[908.2,421.7],[910.7,424.6],[912.8,423],[915.7,417.4],[919.2,414.7],[914.4,413.3],[907.9,409.7],[905.4,410.3],[903.3,411.9],[903.2,415.3],[901.3,416.7]]]}},{"type":"Feature","properties":{"GEOID":"45017","NAME":"Calhoun","STATEFP":"45"},"geometry":{"type":"Polygon","coordinates":[[[886.5,408.3],[888.3,410],[891.4,410],[894.8,412.6],[897.6,410.1],[896.5,408.2],[894.5,406.2],[890.8,406],[886.4,404.2],[886.5,408.3]]]}},{"type":"Feature","properties":{"GEOID":"45019","NAME":"Charleston","STATEFP":"45"},"geometry":{"type":"Polygon","coordinates":[[[919.2,414.7],[915.7,417.4],[912.8,423],[910.7,424.6],[908.2,421.7],[906.4,421.5],[908.1,423.4],[907,426.2],[902.1,426.1],[901.5,429],[903,433.4],[907,434.3],[911.5,431.7],[914.5,428.4],[915,426.8],[918.9,423],[920.3,420.6],[922.6,420.2],[923.4,417.9],[919.2,414.7]]]}},{"type":"Feature","properties":{"GEOID":"45021","NAME":"Cherokee","STATEFP":"45"},"geometry":{"type":"Polygon","coordinates":[[[865.3,376.2],[869.3,382.1],[874.4,383.1],[873.4,380.6],[875,375.2],[867.3,376],[865.3,376.2]]]}},{"type":"Feature","properties":{"GEOID":"45023","NAME":"Chester","STATEFP":"45"},"geometry":{"type":"Polygon","coordinates":[[[885.1,381.9],[874.1,383.6],[876.1,389.2],[886.5,388.3],[886.3,384.7],[885.1,381.9]]]}},{"type":"Feature","properties":{"GEOID":"45025","NAME":"Chesterfield","STATEFP":"45"},"geometry":{"type":"Polygon","coordinates":[[[891.5,380.9],[895.2,385.2],[898.4,390.6],[902.6,386.9],[906.5,385.2],[906.7,383.4],[903.5,379.1],[896.1,380.2],[891.5,380.9]]]}},{"type":"Feature","properties":{"GEOID":"45027","NAME":"Clarendon","STATEFP":"45"},"geometry":{"type":"Polygon","coordinates":[[[906.1,399.4],[901.2,403.6],[898.7,404.9],[896.5,408.2],[897.6,410.1],[900.8,412.6],[903.3,411.9],[905.4,410.3],[907,404.6],[906.4,403.6],[908.2,400.5],[906.1,399.4]]]}},{"type":"Feature","properties":{"GEOID":"45029","NAME":"Colleton","STATEFP":"45"},"geometry":{"type":"Polygon","coordinates":[[[888.2,424.3],[892.5,428.3],[894.4,431],[897.4,431.7],[901.5,434.9],[905.7,436.5],[907,434.3],[903,433.4],[901.5,429],[902.1,426.1],[901.3,421.6],[897,421.9],[893.3,419.8],[893.2,419.9],[888.2,424.3]]]}},{"type":"Feature","properties":{"GEOID":"45031","NAME":"Darlington","STATEFP":"45"},"geometry":{"type":"Polygon","coordinates":[[[906.5,385.2],[902.6,386.9],[898.4,390.6],[901.7,392],[903.7,396.4],[909.4,390.4],[910.7,390],[909.8,387.8],[906.5,385.2]]]}},{"type":"Feature","properties":{"GEOID":"45033","NAME":"Dillon","STATEFP":"45"},"geometry":{"type":"Polygon","coordinates":[[[913.3,381.9],[911.2,390],[913.1,391.3],[914.1,389.8],[921,389.4],[921.9,388.1],[913.3,381.9]]]}},{"type":"Feature","properties":{"GEOID":"45035","NAME":"Dorchester","STATEFP":"45"},"geometry":{"type":"Polygon","coordinates":[[[901.3,416.7],[898.3,415.3],[893.3,419.8],[897,421.9],[901.3,421.6],[902.1,426.1],[907,426.2],[908.1,423.4],[906.4,421.5],[902.3,419.2],[901.3,416.7]]]}},{"type":"Feature","properties":{"GEOID":"45037","NAME":"Edgefield","STATEFP":"45"},"geometry":{"type":"Polygon","coordinates":[[[866.3,405.5],[864.3,406.4],[864.5,410.3],[866.2,414.1],[868.1,415],[868.4,415.3],[874.4,407.6],[870.6,406.9],[869.2,404.6],[867,405.2],[866.3,405.5]]]}},{"type":"Feature","properties":{"GEOID":"45039","NAME":"Fairfield","STATEFP":"45"},"geometry":{"type":"Polygon","coordinates":[[[876.3,391.1],[879.3,396.7],[883.6,396.6],[888.5,394.5],[889.2,391.8],[886.8,390.3],[886.5,388.3],[876.1,389.2],[876.3,391.1]]]}},{"type":"Feature","properties":{"GEOID":"45041","NAME":"Florence","STATEFP":"45"},"geometry":{"type":"Polygon","coordinates":[[[910.7,390],[909.4,390.4],[903.7,396.4],[905.2,397.1],[906.1,399.4],[908.2,400.5],[909.9,401.4],[915.9,401.8],[919.1,400.6],[915.3,397.8],[913.1,391.3],[911.2,390],[910.7,390]]]}},{"type":"Feature","properties":{"GEOID":"45043","NAME":"Georgetown","STATEFP":"45"},"geometry":{"type":"Polygon","coordinates":[[[919.3,401.1],[917.9,403.5],[917.9,406.3],[915.5,409.8],[914.4,413.3],[919.2,414.7],[923.4,417.9],[926.2,414.7],[925.4,409.8],[927.7,404.5],[924.6,405.1],[922.1,402.3],[919.3,401.1]]]}},{"type":"Feature","properties":{"GEOID":"45045","NAME":"Greenville","STATEFP":"45"},"geometry":{"type":"Polygon","coordinates":[[[848.9,381.4],[851.9,380.9],[854.7,384.9],[854.9,386.5],[857.1,392.4],[859.4,393.8],[861.5,386.3],[859.8,384.9],[858.8,376.9],[856.2,377.4],[852.2,379.1],[848.9,381.4]]]}},{"type":"Feature","properties":{"GEOID":"45047","NAME":"Greenwood","STATEFP":"45"},"geometry":{"type":"Polygon","coordinates":[[[860.9,395.4],[859.5,397.2],[861.5,399.8],[860.5,403.7],[863.3,405.4],[866.3,405.5],[867,405.2],[869.1,400.8],[867.4,399.4],[862.7,397],[860.9,395.4]]]}},{"type":"Feature","properties":{"GEOID":"45049","NAME":"Hampton","STATEFP":"45"},"geometry":{"type":"Polygon","coordinates":[[[888.2,424.3],[885.8,426.4],[885.4,429.2],[883,431.9],[883.8,435.3],[886.1,435.9],[890.5,430.6],[893.7,432.2],[894.4,431],[892.5,428.3],[888.2,424.3]]]}},{"type":"Feature","properties":{"GEOID":"45051","NAME":"Horry","STATEFP":"45"},"geometry":{"type":"Polygon","coordinates":[[[921,389.4],[918.2,396.1],[922.1,402.3],[924.6,405.1],[927.7,404.5],[931.4,399.5],[934.8,397.4],[931.4,394.9],[921.9,388.1],[921,389.4]]]}},{"type":"Feature","properties":{"GEOID":"45053","NAME":"Jasper","STATEFP":"45"},"geometry":{"type":"Polygon","coordinates":[[[886.1,435.9],[889.9,440.5],[890,443.2],[890.9,445.6],[893.2,445.6],[897.9,447.4],[898.3,445.4],[895.2,445.1],[892.7,443.1],[893.9,439.6],[895.3,438.5],[895.3,436],[893.7,432.2],[890.5,430.6],[886.1,435.9]]]}},{"type":"Feature","properties":{"GEOID":"45055","NAME":"Kershaw","STATEFP":"45"},"geometry":{"type":"Polygon","coordinates":[[[886.8,390.3],[889.2,391.8],[888.5,394.5],[888,396.7],[891.3,398.9],[893.2,397.8],[895.5,395.8],[896.2,392.7],[898.4,390.6],[895.2,385.2],[890.9,389.1],[889.1,387.9],[886.8,390.3]]]}},{"type":"Feature","properties":{"GEOID":"45057","NAME":"Lancaster","STATEFP":"45"},"geometry":{"type":"Polygon","coordinates":[[[885.1,381.9],[886.3,384.7],[886.5,388.3],[886.8,390.3],[889.1,387.9],[890.9,389.1],[895.2,385.2],[891.5,380.9],[887,381.6],[886.9,378.8],[885.5,377.5],[884,375.9],[885.2,378.7],[885.1,381.9]]]}},{"type":"Feature","properties":{"GEOID":"45059","NAME":"Laurens","STATEFP":"45"},"geometry":{"type":"Polygon","coordinates":[[[861.5,386.3],[859.4,393.8],[860.9,395.4],[862.7,397],[867.4,399.4],[868.2,396.7],[869.9,395.1],[872,390.8],[867.8,390],[863.3,388.1],[861.5,386.3]]]}},{"type":"Feature","properties":{"GEOID":"45061","NAME":"Lee","STATEFP":"45"},"geometry":{"type":"Polygon","coordinates":[[[903.7,396.4],[901.7,392],[898.4,390.6],[896.2,392.7],[895.5,395.8],[898.9,397.4],[902.1,399.9],[905.2,397.1],[903.7,396.4]]]}},{"type":"Feature","properties":{"GEOID":"45063","NAME":"Lexington","STATEFP":"45"},"geometry":{"type":"Polygon","coordinates":[[[879,397.7],[876.9,401],[875.7,405.9],[879.2,408.9],[883.9,410],[886.5,408.3],[886.4,404.2],[885.1,401.5],[882.9,399.9],[880.6,399.9],[879,397.7]]]}},{"type":"Feature","properties":{"GEOID":"45065","NAME":"McCormick","STATEFP":"45"},"geometry":{"type":"Polygon","coordinates":[[[856.4,406.9],[860.9,409.1],[863.9,412.3],[866.2,414.1],[864.5,410.3],[864.3,406.4],[866.3,405.5],[863.3,405.4],[860.5,403.7],[856.6,404.1],[855.6,405.6],[856.4,406.9]]]}},{"type":"Feature","properties":{"GEOID":"45067","NAME":"Marion","STATEFP":"45"},"geometry":{"type":"Polygon","coordinates":[[[913.1,391.3],[915.3,397.8],[919.1,400.6],[919.3,401.1],[922.1,402.3],[918.2,396.1],[921,389.4],[914.1,389.8],[913.1,391.3]]]}},{"type":"Feature","properties":{"GEOID":"45069","NAME":"Marlboro","STATEFP":"45"},"geometry":{"type":"Polygon","coordinates":[[[903.5,379.1],[906.7,383.4],[906.5,385.2],[909.8,387.8],[910.7,390],[911.2,390],[913.3,381.9],[913.1,381.7],[908,378.4],[903.5,379.1]]]}},{"type":"Feature","properties":{"GEOID":"45071","NAME":"Newberry","STATEFP":"45"},"geometry":{"type":"Polygon","coordinates":[[[872,390.8],[869.9,395.1],[868.2,396.7],[867.4,399.4],[869.1,400.8],[871.5,399.1],[876.9,401],[879,397.7],[879.3,396.7],[876.3,391.1],[873.9,391.8],[872,390.8]]]}},{"type":"Feature","properties":{"GEOID":"45073","NAME":"Oconee","STATEFP":"45"},"geometry":{"type":"Polygon","coordinates":[[[842.5,383.9],[842.3,385.1],[839.1,389.4],[838.8,391.2],[839.2,391.8],[844.1,394.7],[845.3,395.6],[846.4,395.8],[848.6,392.4],[848.8,392.1],[848.9,392],[847.3,389.4],[846.4,382],[844.4,383],[842.5,383.8],[842.5,383.9]]]}},{"type":"Feature","properties":{"GEOID":"45075","NAME":"Orangeburg","STATEFP":"45"},"geometry":{"type":"Polygon","coordinates":[[[884,415.1],[889.8,417.3],[893.2,419.9],[893.3,419.8],[898.3,415.3],[901.3,416.7],[903.2,415.3],[903.3,411.9],[900.8,412.6],[897.6,410.1],[894.8,412.6],[891.4,410],[888.3,410],[886.5,408.3],[883.9,410],[880.9,414.4],[884,415.1]]]}},{"type":"Feature","properties":{"GEOID":"45077","NAME":"Pickens","STATEFP":"45"},"geometry":{"type":"Polygon","coordinates":[[[846.4,382],[847.3,389.4],[848.9,392],[849.7,390.7],[854.9,386.5],[854.7,384.9],[851.9,380.9],[848.9,381.4],[846.4,382]]]}},{"type":"Feature","properties":{"GEOID":"45079","NAME":"Richland","STATEFP":"45"},"geometry":{"type":"Polygon","coordinates":[[[888.5,394.5],[883.6,396.6],[879.3,396.7],[879,397.7],[880.6,399.9],[882.9,399.9],[885.1,401.5],[886.4,404.2],[890.8,406],[894.5,406.2],[893.1,400.3],[893.2,397.8],[891.3,398.9],[888,396.7],[888.5,394.5]]]}},{"type":"Feature","properties":{"GEOID":"45081","NAME":"Saluda","STATEFP":"45"},"geometry":{"type":"Polygon","coordinates":[[[869.1,400.8],[867,405.2],[869.2,404.6],[870.6,406.9],[874.4,407.6],[875.7,405.9],[876.9,401],[871.5,399.1],[869.1,400.8]]]}},{"type":"Feature","properties":{"GEOID":"45083","NAME":"Spartanburg","STATEFP":"45"},"geometry":{"type":"Polygon","coordinates":[[[863.5,376.4],[858.8,376.9],[859.8,384.9],[861.5,386.3],[863.3,388.1],[867.8,390],[868.3,384.1],[869.3,382.1],[865.3,376.2],[863.5,376.4]]]}},{"type":"Feature","properties":{"GEOID":"45085","NAME":"Sumter","STATEFP":"45"},"geometry":{"type":"Polygon","coordinates":[[[893.2,397.8],[893.1,400.3],[894.5,406.2],[896.5,408.2],[898.7,404.9],[901.2,403.6],[906.1,399.4],[905.2,397.1],[902.1,399.9],[898.9,397.4],[895.5,395.8],[893.2,397.8]]]}},{"type":"Feature","properties":{"GEOID":"45087","NAME":"Union","STATEFP":"45"},"geometry":{"type":"Polygon","coordinates":[[[869.3,382.1],[868.3,384.1],[867.8,390],[872,390.8],[873.9,391.8],[876.3,391.1],[876.1,389.2],[874.1,383.6],[874.4,383.1],[869.3,382.1]]]}},{"type":"Feature","properties":{"GEOID":"45089","NAME":"Williamsburg","STATEFP":"45"},"geometry":{"type":"Polygon","coordinates":[[[908.2,400.5],[906.4,403.6],[907,404.6],[905.4,410.3],[907.9,409.7],[914.4,413.3],[915.5,409.8],[917.9,406.3],[917.9,403.5],[919.3,401.1],[919.1,400.6],[915.9,401.8],[909.9,401.4],[908.2,400.5]]]}},{"type":"Feature","properties":{"GEOID":"45091","NAME":"York","STATEFP":"45"},"geometry":{"type":"Polygon","coordinates":[[[875,375.2],[873.4,380.6],[874.4,383.1],[874.1,383.6],[885.1,381.9],[885.2,378.7],[884,375.9],[881.3,374.6],[875.7,375.1],[875,375.2]]]}},{"type":"Feature","properties":{"GEOID":"46003","NAME":"Aurora","STATEFP":"46"},"geometry":{"type":"Polygon","coordinates":[[[548.8,188.2],[548.8,198.5],[550.3,198.6],[556.8,198.7],[557,190.4],[556.9,188.4],[548.8,188.2]]]}},{"type":"Feature","properties":{"GEOID":"46005","NAME":"Beadle","STATEFP":"46"},"geometry":{"type":"Polygon","coordinates":[[[551,171.8],[550.8,182.1],[557,182.3],[565.1,182.5],[565.3,174.2],[563.2,172.2],[551,171.8]]]}},{"type":"Feature","properties":{"GEOID":"46007","NAME":"Bennett","STATEFP":"46"},"geometry":{"type":"Polygon","coordinates":[[[492.1,207.7],[506.7,208.6],[507.2,199.4],[492.2,198.4],[492.1,207.7]]]}},{"type":"Feature","properties":{"GEOID":"46009","NAME":"Bon Homme","STATEFP":"46"},"geometry":{"type":"Polygon","coordinates":[[[568.3,206.8],[560.8,206.6],[560.4,211.2],[559.3,214.4],[561.7,216.3],[564.1,214],[568.2,214.3],[568.3,206.8]]]}},{"type":"Feature","properties":{"GEOID":"46011","NAME":"Brookings","STATEFP":"46"},"geometry":{"type":"Polygon","coordinates":[[[577.4,174.5],[577.3,182.7],[581.4,182.7],[588.7,182.7],[588.8,174.6],[581.5,174.5],[577.4,174.5]]]}},{"type":"Feature","properties":{"GEOID":"46013","NAME":"Brown","STATEFP":"46"},"geometry":{"type":"Polygon","coordinates":[[[551.4,149.3],[551.2,157.4],[563.5,157.8],[563.7,149.6],[563.8,141.5],[563.4,141.5],[551.6,141.1],[551.4,149.3]]]}},{"type":"Feature","properties":{"GEOID":"46015","NAME":"Brule","STATEFP":"46"},"geometry":{"type":"Polygon","coordinates":[[[539.6,187.9],[540.3,189.8],[538.5,193.3],[540.2,198.2],[548.8,198.5],[548.8,188.2],[546.8,188.2],[539.6,187.9]]]}},{"type":"Feature","properties":{"GEOID":"46017","NAME":"Buffalo","STATEFP":"46"},"geometry":{"type":"Polygon","coordinates":[[[547,182],[540.7,181.8],[536.1,181.7],[536.2,183.9],[539.7,186.5],[539.6,187.9],[546.8,188.2],[547,182]]]}},{"type":"Feature","properties":{"GEOID":"46019","NAME":"Butte","STATEFP":"46"},"geometry":{"type":"Polygon","coordinates":[[[480.9,154.6],[463,153.2],[462.2,158.2],[461.4,168.2],[465.4,167.7],[469.6,168.1],[479.7,168.9],[480.6,158.6],[480.9,154.6]]]}},{"type":"Feature","properties":{"GEOID":"46021","NAME":"Campbell","STATEFP":"46"},"geometry":{"type":"Polygon","coordinates":[[[522.5,139.9],[524.2,141.7],[525.3,145.6],[523.2,148.1],[535,148.7],[535.3,140.5],[532.6,140.4],[522.5,139.9]]]}},{"type":"Feature","properties":{"GEOID":"46023","NAME":"Charles Mix","STATEFP":"46"},"geometry":{"type":"Polygon","coordinates":[[[540.2,198.2],[542.6,200],[543.9,202.6],[546.8,204.4],[547.3,206.4],[553.5,210.5],[556.7,213.3],[559.3,214.4],[560.4,211.2],[560.8,206.6],[560.3,206],[550.6,201.5],[550.3,198.6],[548.8,198.5],[540.2,198.2]]]}},{"type":"Feature","properties":{"GEOID":"46025","NAME":"Clark","STATEFP":"46"},"geometry":{"type":"Polygon","coordinates":[[[563.4,159.9],[563.2,172.2],[565.3,174.2],[571.3,174.4],[571.4,168.2],[571.5,160.1],[563.4,159.9]]]}},{"type":"Feature","properties":{"GEOID":"46027","NAME":"Clay","STATEFP":"46"},"geometry":{"type":"Polygon","coordinates":[[[576.5,208.9],[576.4,215.6],[578.9,216.6],[582.5,217.9],[582.6,209],[580.5,209],[576.5,208.9]]]}},{"type":"Feature","properties":{"GEOID":"46029","NAME":"Codington","STATEFP":"46"},"geometry":{"type":"Polygon","coordinates":[[[571.5,160.1],[571.4,168.2],[581.6,168.4],[581.7,164.3],[581.7,160.2],[576,160.1],[571.5,160.1]]]}},{"type":"Feature","properties":{"GEOID":"46031","NAME":"Corson","STATEFP":"46"},"geometry":{"type":"Polygon","coordinates":[[[522.3,139.9],[497.9,138.5],[497.8,138.5],[497.2,149.6],[505.9,150.1],[524.5,151],[523.2,148.1],[525.3,145.6],[524.2,141.7],[522.5,139.9],[522.3,139.9]]]}},{"type":"Feature","properties":{"GEOID":"46033","NAME":"Custer","STATEFP":"46"},"geometry":{"type":"Polygon","coordinates":[[[459.3,193.9],[477.2,195.4],[477.4,192.3],[480.8,190.6],[483.1,186.8],[460,185.1],[459.3,193.3],[459.3,193.9]]]}},{"type":"Feature","properties":{"GEOID":"46035","NAME":"Davison","STATEFP":"46"},"geometry":{"type":"Polygon","coordinates":[[[557,190.4],[556.8,198.7],[560.3,198.8],[562.9,198.9],[563,190.6],[557,190.4]]]}},{"type":"Feature","properties":{"GEOID":"46037","NAME":"Day","STATEFP":"46"},"geometry":{"type":"Polygon","coordinates":[[[563.7,149.6],[563.5,157.8],[563.4,159.9],[571.5,160.1],[576,160.1],[576,156.7],[576.1,150.6],[573.7,149.8],[563.7,149.6]]]}},{"type":"Feature","properties":{"GEOID":"46039","NAME":"Deuel","STATEFP":"46"},"geometry":{"type":"Polygon","coordinates":[[[581.6,168.4],[581.5,174.5],[588.8,174.6],[588.8,172.5],[588.8,168.4],[588.8,164.3],[581.7,164.3],[581.6,168.4]]]}},{"type":"Feature","properties":{"GEOID":"46041","NAME":"Dewey","STATEFP":"46"},"geometry":{"type":"Polygon","coordinates":[[[505.9,150.1],[504.7,161.3],[510.8,161.6],[510.5,167.5],[512.4,168.1],[515.7,166.9],[517.5,167.3],[520.4,167.6],[522.9,164.5],[522.7,162.3],[525.7,156.4],[525.6,153.2],[524.5,151],[505.9,150.1]]]}},{"type":"Feature","properties":{"GEOID":"46043","NAME":"Douglas","STATEFP":"46"},"geometry":{"type":"Polygon","coordinates":[[[550.3,198.6],[550.6,201.5],[560.3,206],[560.3,198.8],[556.8,198.7],[550.3,198.6]]]}},{"type":"Feature","properties":{"GEOID":"46045","NAME":"Edmunds","STATEFP":"46"},"geometry":{"type":"Polygon","coordinates":[[[535.1,148.7],[534.8,156.8],[537,156.9],[551.2,157.4],[551.4,149.3],[535.1,148.7]]]}},{"type":"Feature","properties":{"GEOID":"46047","NAME":"Fall River","STATEFP":"46"},"geometry":{"type":"Polygon","coordinates":[[[459.3,193.9],[458.3,205.1],[467.7,205.9],[476.3,206.6],[477.2,195.4],[459.3,193.9]]]}},{"type":"Feature","properties":{"GEOID":"46049","NAME":"Faulk","STATEFP":"46"},"geometry":{"type":"Polygon","coordinates":[[[537,156.9],[536.8,165.1],[541.1,165.3],[551,165.6],[551.2,157.4],[537,156.9]]]}},{"type":"Feature","properties":{"GEOID":"46051","NAME":"Grant","STATEFP":"46"},"geometry":{"type":"Polygon","coordinates":[[[576,156.7],[576,160.1],[581.7,160.2],[581.7,164.3],[588.8,164.3],[588.8,157.5],[588.6,156.1],[579.9,156],[576,156.7]]]}},{"type":"Feature","properties":{"GEOID":"46053","NAME":"Gregory","STATEFP":"46"},"geometry":{"type":"Polygon","coordinates":[[[536.2,198.1],[535.7,209.9],[540.5,210.1],[553.5,210.5],[547.3,206.4],[546.8,204.4],[543.9,202.6],[542.6,200],[540.2,198.2],[536.2,198.1]]]}},{"type":"Feature","properties":{"GEOID":"46055","NAME":"Haakon","STATEFP":"46"},"geometry":{"type":"Polygon","coordinates":[[[510.5,167.5],[507.2,168.6],[503.7,171.3],[500.6,170.8],[495.7,172.1],[495.7,172.2],[494.8,184.3],[510.8,185.2],[511.3,181.2],[509.2,181.1],[510.1,168.8],[510.5,167.5]]]}},{"type":"Feature","properties":{"GEOID":"46057","NAME":"Hamlin","STATEFP":"46"},"geometry":{"type":"Polygon","coordinates":[[[571.4,168.2],[571.3,174.4],[577.4,174.5],[581.5,174.5],[581.6,168.4],[571.4,168.2]]]}},{"type":"Feature","properties":{"GEOID":"46059","NAME":"Hand","STATEFP":"46"},"geometry":{"type":"Polygon","coordinates":[[[541.1,165.3],[540.7,181.8],[547,182],[550.8,182.1],[551,171.8],[551,165.6],[541.1,165.3]]]}},{"type":"Feature","properties":{"GEOID":"46061","NAME":"Hanson","STATEFP":"46"},"geometry":{"type":"Polygon","coordinates":[[[563,190.6],[562.9,198.9],[569,199],[569.1,190.7],[565,190.6],[563,190.6]]]}},{"type":"Feature","properties":{"GEOID":"46063","NAME":"Harding","STATEFP":"46"},"geometry":{"type":"Polygon","coordinates":[[[464.2,137.5],[463,153.2],[480.9,154.6],[482.4,137.4],[481.5,137.4],[464.3,136],[464.2,137.5]]]}},{"type":"Feature","properties":{"GEOID":"46065","NAME":"Hughes","STATEFP":"46"},"geometry":{"type":"Polygon","coordinates":[[[534.7,173.3],[520.5,172.7],[522.7,175.3],[522.9,177.3],[527.6,178.6],[530,181.4],[530.8,183],[534.7,183.8],[534.6,181.1],[534.7,173.3]]]}},{"type":"Feature","properties":{"GEOID":"46067","NAME":"Hutchinson","STATEFP":"46"},"geometry":{"type":"Polygon","coordinates":[[[569,199],[562.9,198.9],[560.3,198.8],[560.3,206],[560.8,206.6],[568.3,206.8],[572.4,206.8],[572.5,199],[569,199]]]}},{"type":"Feature","properties":{"GEOID":"46069","NAME":"Hyde","STATEFP":"46"},"geometry":{"type":"Polygon","coordinates":[[[535.1,165],[534.7,173.3],[534.6,181.1],[536.1,181.7],[540.7,181.8],[541.1,165.3],[536.8,165.1],[535.1,165]]]}},{"type":"Feature","properties":{"GEOID":"46071","NAME":"Jackson","STATEFP":"46"},"geometry":{"type":"Polygon","coordinates":[[[494.8,184.3],[494.2,191],[492.2,191.1],[492.2,198.4],[507.2,199.4],[507.7,189.8],[510.6,188.9],[510.8,185.2],[494.8,184.3]]]}},{"type":"Feature","properties":{"GEOID":"46073","NAME":"Jerauld","STATEFP":"46"},"geometry":{"type":"Polygon","coordinates":[[[557,182.3],[550.8,182.1],[547,182],[546.8,188.2],[548.8,188.2],[556.9,188.4],[557,182.3]]]}},{"type":"Feature","properties":{"GEOID":"46075","NAME":"Jones","STATEFP":"46"},"geometry":{"type":"Polygon","coordinates":[[[511.3,181.2],[510.8,185.2],[510.6,188.9],[511.9,188.7],[516.9,192.2],[519.1,191.7],[522.7,192.4],[522.4,189.3],[522.7,181.7],[511.3,181.2]]]}},{"type":"Feature","properties":{"GEOID":"46077","NAME":"Kingsbury","STATEFP":"46"},"geometry":{"type":"Polygon","coordinates":[[[565.3,174.2],[565.1,182.5],[565.2,182.5],[573.3,182.6],[577.3,182.7],[577.4,174.5],[571.3,174.4],[565.3,174.2]]]}},{"type":"Feature","properties":{"GEOID":"46079","NAME":"Lake","STATEFP":"46"},"geometry":{"type":"Polygon","coordinates":[[[573.3,182.6],[573.2,190.8],[577.2,190.9],[581.3,190.9],[581.4,182.7],[577.3,182.7],[573.3,182.6]]]}},{"type":"Feature","properties":{"GEOID":"46081","NAME":"Lawrence","STATEFP":"46"},"geometry":{"type":"Polygon","coordinates":[[[461.4,168.2],[460.7,177.4],[460.6,178.3],[470.7,179.1],[470.9,176.4],[468.9,176.3],[469.6,168.1],[465.4,167.7],[461.4,168.2]]]}},{"type":"Feature","properties":{"GEOID":"46083","NAME":"Lincoln","STATEFP":"46"},"geometry":{"type":"Polygon","coordinates":[[[580.6,199.1],[580.5,209],[582.6,209],[588.6,209],[588.2,205.7],[586.9,204.8],[587.5,201.8],[586.2,199.2],[580.6,199.1]]]}},{"type":"Feature","properties":{"GEOID":"46085","NAME":"Lyman","STATEFP":"46"},"geometry":{"type":"Polygon","coordinates":[[[524.5,192.5],[531.2,193.4],[534.9,192.3],[534.6,198],[536.2,198.1],[540.2,198.2],[538.5,193.3],[540.3,189.8],[539.6,187.9],[539.7,186.5],[536.2,183.9],[536.1,181.7],[534.6,181.1],[534.7,183.8],[530.8,183],[530,181.4],[522.7,181.7],[522.4,189.3],[522.7,192.4],[524.5,192.5]]]}},{"type":"Feature","properties":{"GEOID":"46087","NAME":"McCook","STATEFP":"46"},"geometry":{"type":"Polygon","coordinates":[[[569.1,190.7],[569,199],[572.5,199],[577.1,199.1],[577.2,190.9],[573.2,190.8],[569.1,190.7]]]}},{"type":"Feature","properties":{"GEOID":"46089","NAME":"McPherson","STATEFP":"46"},"geometry":{"type":"Polygon","coordinates":[[[547,140.9],[535.3,140.5],[535,148.7],[535.1,148.7],[551.4,149.3],[551.6,141.1],[547,140.9]]]}},{"type":"Feature","properties":{"GEOID":"46091","NAME":"Marshall","STATEFP":"46"},"geometry":{"type":"Polygon","coordinates":[[[563.8,141.5],[563.7,149.6],[573.7,149.8],[576.1,150.6],[576.2,141.7],[563.8,141.5]]]}},{"type":"Feature","properties":{"GEOID":"46093","NAME":"Meade","STATEFP":"46"},"geometry":{"type":"Polygon","coordinates":[[[470.7,179.1],[488.6,180.5],[489.7,175.6],[490.8,173.5],[493.7,173.8],[495.7,172.2],[495.7,172.1],[496.5,159.8],[480.6,158.6],[479.7,168.9],[469.6,168.1],[468.9,176.3],[470.9,176.4],[470.7,179.1]]]}},{"type":"Feature","properties":{"GEOID":"46095","NAME":"Mellette","STATEFP":"46"},"geometry":{"type":"Polygon","coordinates":[[[522.7,192.4],[519.1,191.7],[516.9,192.2],[511.9,188.7],[510.6,188.9],[507.7,189.8],[507.2,199.4],[524.5,200.2],[524.5,192.5],[522.7,192.4]]]}},{"type":"Feature","properties":{"GEOID":"46097","NAME":"Miner","STATEFP":"46"},"geometry":{"type":"Polygon","coordinates":[[[565.2,182.5],[565,190.6],[569.1,190.7],[573.2,190.8],[573.3,182.6],[565.2,182.5]]]}},{"type":"Feature","properties":{"GEOID":"46099","NAME":"Minnehaha","STATEFP":"46"},"geometry":{"type":"Polygon","coordinates":[[[581.3,190.9],[577.2,190.9],[577.1,199.1],[580.6,199.1],[586.2,199.2],[588.6,199.2],[588.7,190.9],[581.3,190.9]]]}},{"type":"Feature","properties":{"GEOID":"46101","NAME":"Moody","STATEFP":"46"},"geometry":{"type":"Polygon","coordinates":[[[581.4,182.7],[581.3,190.9],[588.7,190.9],[588.7,182.7],[581.4,182.7]]]}},{"type":"Feature","properties":{"GEOID":"46102","NAME":"Oglala Lakota","STATEFP":"46"},"geometry":{"type":"Polygon","coordinates":[[[492.2,191.1],[491.5,191.4],[480.8,190.6],[477.4,192.3],[477.2,195.4],[476.3,206.6],[479.9,206.8],[492.1,207.7],[492.2,198.4],[492.2,191.1]]]}},{"type":"Feature","properties":{"GEOID":"46103","NAME":"Pennington","STATEFP":"46"},"geometry":{"type":"Polygon","coordinates":[[[495.7,172.2],[493.7,173.8],[490.8,173.5],[489.7,175.6],[488.6,180.5],[470.7,179.1],[460.6,178.3],[460,185.1],[483.1,186.8],[480.8,190.6],[491.5,191.4],[492.2,191.1],[494.2,191],[494.8,184.3],[495.7,172.2]]]}},{"type":"Feature","properties":{"GEOID":"46105","NAME":"Perkins","STATEFP":"46"},"geometry":{"type":"Polygon","coordinates":[[[482.4,137.4],[480.9,154.6],[480.6,158.6],[496.5,159.8],[497.2,149.6],[497.8,138.5],[482.4,137.4]]]}},{"type":"Feature","properties":{"GEOID":"46107","NAME":"Potter","STATEFP":"46"},"geometry":{"type":"Polygon","coordinates":[[[534.8,156.8],[525.7,156.4],[522.7,162.3],[522.9,164.5],[535.1,165],[536.8,165.1],[537,156.9],[534.8,156.8]]]}},{"type":"Feature","properties":{"GEOID":"46109","NAME":"Roberts","STATEFP":"46"},"geometry":{"type":"Polygon","coordinates":[[[576.2,141.7],[576.1,150.6],[576,156.7],[579.9,156],[588.6,156.1],[585.1,154.1],[582.6,150],[582.5,148.5],[586.8,144.5],[587.1,141.8],[576.2,141.7]]]}},{"type":"Feature","properties":{"GEOID":"46111","NAME":"Sanborn","STATEFP":"46"},"geometry":{"type":"Polygon","coordinates":[[[557,182.3],[556.9,188.4],[557,190.4],[563,190.6],[565,190.6],[565.2,182.5],[565.1,182.5],[557,182.3]]]}},{"type":"Feature","properties":{"GEOID":"46115","NAME":"Spink","STATEFP":"46"},"geometry":{"type":"Polygon","coordinates":[[[551.2,157.4],[551,165.6],[551,171.8],[563.2,172.2],[563.4,159.9],[563.5,157.8],[551.2,157.4]]]}},{"type":"Feature","properties":{"GEOID":"46117","NAME":"Stanley","STATEFP":"46"},"geometry":{"type":"Polygon","coordinates":[[[510.5,167.5],[510.1,168.8],[509.2,181.1],[511.3,181.2],[522.7,181.7],[530,181.4],[527.6,178.6],[522.9,177.3],[522.7,175.3],[520.5,172.7],[518.6,171.7],[519.2,168.8],[517.5,167.3],[515.7,166.9],[512.4,168.1],[510.5,167.5]]]}},{"type":"Feature","properties":{"GEOID":"46119","NAME":"Sully","STATEFP":"46"},"geometry":{"type":"Polygon","coordinates":[[[535.1,165],[522.9,164.5],[520.4,167.6],[517.5,167.3],[519.2,168.8],[518.6,171.7],[520.5,172.7],[534.7,173.3],[535.1,165]]]}},{"type":"Feature","properties":{"GEOID":"46121","NAME":"Todd","STATEFP":"46"},"geometry":{"type":"Polygon","coordinates":[[[524.5,200.2],[507.2,199.4],[506.7,208.6],[524.3,209.5],[524.5,200.2]]]}},{"type":"Feature","properties":{"GEOID":"46123","NAME":"Tripp","STATEFP":"46"},"geometry":{"type":"Polygon","coordinates":[[[524.5,192.5],[524.5,200.2],[524.3,209.5],[535.7,209.9],[536.2,198.1],[534.6,198],[534.9,192.3],[531.2,193.4],[524.5,192.5]]]}},{"type":"Feature","properties":{"GEOID":"46125","NAME":"Turner","STATEFP":"46"},"geometry":{"type":"Polygon","coordinates":[[[572.5,199],[572.4,206.8],[576.5,206.9],[576.5,208.9],[580.5,209],[580.6,199.1],[577.1,199.1],[572.5,199]]]}},{"type":"Feature","properties":{"GEOID":"46127","NAME":"Union","STATEFP":"46"},"geometry":{"type":"Polygon","coordinates":[[[582.6,209],[582.5,217.9],[585.5,222.2],[588.7,223],[587.7,221.4],[585.4,217.1],[587.1,213.1],[588.6,209],[582.6,209]]]}},{"type":"Feature","properties":{"GEOID":"46129","NAME":"Walworth","STATEFP":"46"},"geometry":{"type":"Polygon","coordinates":[[[525.7,156.4],[534.8,156.8],[535.1,148.7],[535,148.7],[523.2,148.1],[524.5,151],[525.6,153.2],[525.7,156.4]]]}},{"type":"Feature","properties":{"GEOID":"46135","NAME":"Yankton","STATEFP":"46"},"geometry":{"type":"Polygon","coordinates":[[[572.4,206.8],[568.3,206.8],[568.2,214.3],[570.8,214.4],[575.4,214.5],[576.4,215.6],[576.5,208.9],[576.5,206.9],[572.4,206.8]]]}},{"type":"Feature","properties":{"GEOID":"46137","NAME":"Ziebach","STATEFP":"46"},"geometry":{"type":"Polygon","coordinates":[[[496.5,159.8],[495.7,172.1],[500.6,170.8],[503.7,171.3],[507.2,168.6],[510.5,167.5],[510.8,161.6],[504.7,161.3],[505.9,150.1],[497.2,149.6],[496.5,159.8]]]}},{"type":"Feature","properties":{"GEOID":"47001","NAME":"Anderson","STATEFP":"47"},"geometry":{"type":"Polygon","coordinates":[[[816.1,362.3],[817.8,365.4],[823.2,358.1],[821.7,356.3],[820.6,357.3],[815,358.4],[813.9,359.8],[816.1,362.3]]]}},{"type":"Feature","properties":{"GEOID":"47003","NAME":"Bedford","STATEFP":"47"},"geometry":{"type":"Polygon","coordinates":[[[773.8,375.6],[774,381.6],[775.3,383.1],[776.7,383.2],[778.8,383.8],[781.7,381.3],[781.4,376.1],[778.2,376.7],[775.6,375.2],[773.8,375.6]]]}},{"type":"Feature","properties":{"GEOID":"47005","NAME":"Benton","STATEFP":"47"},"geometry":{"type":"Polygon","coordinates":[[[746.9,362],[743.2,368],[744.4,374.5],[748.4,374.9],[748.5,374.3],[749,372.1],[747.4,369.9],[748.7,367.4],[747.9,364.7],[747.1,362.2],[746.9,362]]]}},{"type":"Feature","properties":{"GEOID":"47007","NAME":"Bledsoe","STATEFP":"47"},"geometry":{"type":"Polygon","coordinates":[[[806.1,370.3],[799.7,371],[797,376],[797.6,377.7],[801.4,380.6],[802.9,377.9],[803,375.2],[806.1,370.3]]]}},{"type":"Feature","properties":{"GEOID":"47009","NAME":"Blount","STATEFP":"47"},"geometry":{"type":"Polygon","coordinates":[[[826.8,364.8],[823.9,365.4],[820.1,367.6],[820.2,372.2],[825,375.1],[825.1,375.2],[828.3,372.4],[830.3,371.9],[826.8,364.8]]]}},{"type":"Feature","properties":{"GEOID":"47011","NAME":"Bradley","STATEFP":"47"},"geometry":{"type":"Polygon","coordinates":[[[806.8,381.5],[805.8,385.5],[807.1,388.7],[810.2,388.3],[810.9,388.2],[811.6,382.1],[808.3,379.9],[806.8,381.5]]]}},{"type":"Feature","properties":{"GEOID":"47013","NAME":"Campbell","STATEFP":"47"},"geometry":{"type":"Polygon","coordinates":[[[816,349.3],[814.7,352.5],[815.6,356.7],[815,358.4],[820.6,357.3],[821.7,356.3],[823.1,352.5],[821.1,348.7],[816.6,349.2],[816,349.3]]]}},{"type":"Feature","properties":{"GEOID":"47015","NAME":"Cannon","STATEFP":"47"},"geometry":{"type":"Polygon","coordinates":[[[782.3,368.4],[781.9,374.4],[786.2,375],[786,373.2],[787.6,370.5],[784.9,367.9],[782.3,368.4]]]}},{"type":"Feature","properties":{"GEOID":"47017","NAME":"Carroll","STATEFP":"47"},"geometry":{"type":"Polygon","coordinates":[[[737.2,367.8],[734.3,370.1],[734.5,376.6],[736.4,376.5],[737,375.6],[744.4,375.2],[744.4,374.5],[743.2,368],[737.2,367.8]]]}},{"type":"Feature","properties":{"GEOID":"47019","NAME":"Carter","STATEFP":"47"},"geometry":{"type":"Polygon","coordinates":[[[858.6,345.5],[855.2,348.6],[853.1,349],[852.9,352.5],[855.4,354.4],[858.2,355.3],[860.4,351.1],[858,349],[858.6,345.5]]]}},{"type":"Feature","properties":{"GEOID":"47021","NAME":"Cheatham","STATEFP":"47"},"geometry":{"type":"Polygon","coordinates":[[[760.2,361.8],[762.6,361.9],[762.7,368],[765.2,367.9],[766,365.8],[767,359.7],[765.7,360.1],[763,358.3],[760.2,361.8]]]}},{"type":"Feature","properties":{"GEOID":"47023","NAME":"Chester","STATEFP":"47"},"geometry":{"type":"Polygon","coordinates":[[[736.6,381.2],[735.6,383.6],[732.6,385.3],[734.1,389.5],[736.5,386.6],[741.8,385.7],[741.7,384.8],[740.6,383.4],[736.6,381.2]]]}},{"type":"Feature","properties":{"GEOID":"47025","NAME":"Claiborne","STATEFP":"47"},"geometry":{"type":"Polygon","coordinates":[[[830.7,347.3],[826.9,347.7],[822.2,348.6],[821.1,348.7],[823.1,352.5],[827.8,353.7],[831.5,352.6],[832.8,351.4],[832.2,348.6],[830.7,347.3]]]}},{"type":"Feature","properties":{"GEOID":"47027","NAME":"Clay","STATEFP":"47"},"geometry":{"type":"Polygon","coordinates":[[[787.3,354.8],[789.3,354.1],[793.5,356.5],[794.3,354],[797.1,353],[797,350.7],[796.6,350.8],[794,351.3],[787.5,351.9],[787.3,354.8]]]}},{"type":"Feature","properties":{"GEOID":"47029","NAME":"Cocke","STATEFP":"47"},"geometry":{"type":"Polygon","coordinates":[[[836.7,358.7],[835.9,363.4],[837.5,367.5],[840.7,365.3],[842.8,364.9],[843.5,361.2],[837.7,356.3],[836.7,358.7]]]}},{"type":"Feature","properties":{"GEOID":"47031","NAME":"Coffee","STATEFP":"47"},"geometry":{"type":"Polygon","coordinates":[[[781.4,376.1],[781.7,381.3],[781.8,383.2],[783.7,382.3],[788.5,383.6],[788.6,377.9],[786.2,375],[781.9,374.4],[781.4,376.1]]]}},{"type":"Feature","properties":{"GEOID":"47033","NAME":"Crockett","STATEFP":"47"},"geometry":{"type":"Polygon","coordinates":[[[722.2,376.8],[723.9,378.2],[727.8,379.4],[730.5,376.7],[726.8,375.5],[725,372.3],[722.3,375.3],[722.2,376.8]]]}},{"type":"Feature","properties":{"GEOID":"47035","NAME":"Cumberland","STATEFP":"47"},"geometry":{"type":"Polygon","coordinates":[[[801.6,361.8],[799.2,362.9],[799,366],[800,368.3],[799.4,370.3],[799.3,370.5],[799.7,370.9],[799.7,371],[806.1,370.3],[808.4,368.5],[810.1,366.3],[809.1,364.4],[805.2,361],[801.6,361.8]]]}},{"type":"Feature","properties":{"GEOID":"47037","NAME":"Davidson","STATEFP":"47"},"geometry":{"type":"Polygon","coordinates":[[[767,359.7],[766,365.8],[765.2,367.9],[770.1,367.6],[773.5,368.9],[775.1,365.6],[773.3,362.3],[769.9,358.9],[767,359.7]]]}},{"type":"Feature","properties":{"GEOID":"47039","NAME":"Decatur","STATEFP":"47"},"geometry":{"type":"Polygon","coordinates":[[[744.4,375.2],[744.6,380.1],[744,384.6],[748.2,384.9],[748.4,384.2],[748.9,381.8],[747.3,377.3],[748.4,374.9],[744.4,374.5],[744.4,375.2]]]}},{"type":"Feature","properties":{"GEOID":"47041","NAME":"DeKalb","STATEFP":"47"},"geometry":{"type":"Polygon","coordinates":[[[783.7,365.1],[784.9,367.9],[787.6,370.5],[791.5,370.3],[791.7,365.9],[788.4,363.5],[783.7,365.1]]]}},{"type":"Feature","properties":{"GEOID":"47043","NAME":"Dickson","STATEFP":"47"},"geometry":{"type":"Polygon","coordinates":[[[755.2,365.6],[756.2,370],[762.5,370.2],[762.7,368],[762.6,361.9],[760.2,361.8],[755.9,361.9],[755.2,365.6]]]}},{"type":"Feature","properties":{"GEOID":"47045","NAME":"Dyer","STATEFP":"47"},"geometry":{"type":"Polygon","coordinates":[[[719.1,367.7],[716.4,368.5],[714.8,373],[716.6,375.1],[721,373.9],[722.3,375.3],[725,372.3],[725.3,367.4],[719.1,367.7]]]}},{"type":"Feature","properties":{"GEOID":"47047","NAME":"Fayette","STATEFP":"47"},"geometry":{"type":"Polygon","coordinates":[[[717.6,387.6],[718,396.6],[723.6,396.3],[726.6,396.1],[726.1,386.5],[720.6,386.8],[717.6,387.6]]]}},{"type":"Feature","properties":{"GEOID":"47049","NAME":"Fentress","STATEFP":"47"},"geometry":{"type":"Polygon","coordinates":[[[800.5,355.6],[801.8,360.5],[801.2,361.7],[801.6,361.8],[805.2,361],[805.6,357.7],[808.4,355.5],[807.4,352],[803.3,351.1],[801.5,351.8],[800.5,355.6]]]}},{"type":"Feature","properties":{"GEOID":"47051","NAME":"Franklin","STATEFP":"47"},"geometry":{"type":"Polygon","coordinates":[[[781.8,383.2],[781.2,388.2],[781.5,391.4],[781.7,391.4],[790.2,390.5],[789.4,385],[788.5,383.6],[783.7,382.3],[781.8,383.2]]]}},{"type":"Feature","properties":{"GEOID":"47053","NAME":"Gibson","STATEFP":"47"},"geometry":{"type":"Polygon","coordinates":[[[725,372.3],[726.8,375.5],[730.5,376.7],[734.5,376.6],[734.3,370.1],[731.5,368.9],[729,366.7],[725.3,367.4],[725,372.3]]]}},{"type":"Feature","properties":{"GEOID":"47055","NAME":"Giles","STATEFP":"47"},"geometry":{"type":"Polygon","coordinates":[[[763.6,382.6],[764.2,392.9],[764.5,392.8],[771.6,392.3],[771.2,385.9],[768.3,382.5],[763.6,382.6]]]}},{"type":"Feature","properties":{"GEOID":"47057","NAME":"Grainger","STATEFP":"47"},"geometry":{"type":"Polygon","coordinates":[[[827.8,353.7],[827.1,358.1],[828.6,359.9],[829.7,357.8],[832.1,357.2],[833.8,354.4],[835.7,354],[834.9,351.6],[832.8,351.4],[831.5,352.6],[827.8,353.7]]]}},{"type":"Feature","properties":{"GEOID":"47059","NAME":"Greene","STATEFP":"47"},"geometry":{"type":"Polygon","coordinates":[[[837.7,356.3],[843.5,361.2],[848,357.6],[848.7,358.2],[848.6,356.8],[847.5,355.8],[846.9,349.5],[845.6,349.7],[843.2,351],[839.1,354.7],[837.7,356.3]]]}},{"type":"Feature","properties":{"GEOID":"47061","NAME":"Grundy","STATEFP":"47"},"geometry":{"type":"Polygon","coordinates":[[[788.5,383.6],[789.4,385],[792,384.9],[792.7,383.2],[795.1,382.1],[796.3,379.9],[793.7,377.2],[788.6,377.9],[788.5,383.6]]]}},{"type":"Feature","properties":{"GEOID":"47063","NAME":"Hamblen","STATEFP":"47"},"geometry":{"type":"Polygon","coordinates":[[[835.7,354],[833.8,354.4],[832.1,357.2],[835.4,357.6],[836.7,358.7],[837.7,356.3],[839.1,354.7],[837.5,353],[835.7,354]]]}},{"type":"Feature","properties":{"GEOID":"47065","NAME":"Hamilton","STATEFP":"47"},"geometry":{"type":"Polygon","coordinates":[[[801.4,380.6],[798.8,385.8],[799.2,388.2],[797.6,389.8],[799.7,389.6],[801.6,389.4],[807,388.7],[807.1,388.7],[805.8,385.5],[806.8,381.5],[805.2,378.8],[802.9,377.9],[801.4,380.6]]]}},{"type":"Feature","properties":{"GEOID":"47067","NAME":"Hancock","STATEFP":"47"},"geometry":{"type":"Polygon","coordinates":[[[830.7,347.3],[832.2,348.6],[832.8,351.4],[834.9,351.6],[837.5,348.4],[842.6,345.8],[839.7,346.2],[830.7,347.3]]]}},{"type":"Feature","properties":{"GEOID":"47069","NAME":"Hardeman","STATEFP":"47"},"geometry":{"type":"Polygon","coordinates":[[[726.1,386.5],[726.6,396.1],[730,395.8],[733.7,395.5],[734.4,395.5],[734.1,389.5],[732.6,385.3],[728.1,385.6],[726.1,386.5]]]}},{"type":"Feature","properties":{"GEOID":"47071","NAME":"Hardin","STATEFP":"47"},"geometry":{"type":"Polygon","coordinates":[[[741.8,385.7],[742.2,394.9],[742.5,394.8],[745.6,394.6],[749.7,394],[749.2,387.2],[748.2,384.9],[744,384.6],[741.7,384.8],[741.8,385.7]]]}},{"type":"Feature","properties":{"GEOID":"47073","NAME":"Hawkins","STATEFP":"47"},"geometry":{"type":"Polygon","coordinates":[[[842.6,345.8],[837.5,348.4],[834.9,351.6],[835.7,354],[837.5,353],[839.1,354.7],[843.2,351],[845.6,349.7],[845.9,349.2],[846.7,345.2],[842.6,345.8]]]}},{"type":"Feature","properties":{"GEOID":"47075","NAME":"Haywood","STATEFP":"47"},"geometry":{"type":"Polygon","coordinates":[[[722.2,376.8],[721.3,376.8],[719.8,382.6],[720.6,386.8],[726.1,386.5],[728.1,385.6],[727.8,379.4],[723.9,378.2],[722.2,376.8]]]}},{"type":"Feature","properties":{"GEOID":"47077","NAME":"Henderson","STATEFP":"47"},"geometry":{"type":"Polygon","coordinates":[[[736.4,376.5],[736.6,381.2],[740.6,383.4],[741.7,384.8],[744,384.6],[744.6,380.1],[744.4,375.2],[737,375.6],[736.4,376.5]]]}},{"type":"Feature","properties":{"GEOID":"47079","NAME":"Henry","STATEFP":"47"},"geometry":{"type":"Polygon","coordinates":[[[736.8,359.5],[737.2,367.8],[743.2,368],[746.9,362],[745.4,358.9],[737.3,359.5],[736.8,359.5]]]}},{"type":"Feature","properties":{"GEOID":"47081","NAME":"Hickman","STATEFP":"47"},"geometry":{"type":"Polygon","coordinates":[[[753.1,373.9],[753,378.1],[754.7,379.2],[756.3,378.1],[758.4,378.7],[760.6,377.5],[762.5,375.8],[762.5,372.8],[762.5,370.2],[756.2,370],[753.1,372.3],[753.1,373.9]]]}},{"type":"Feature","properties":{"GEOID":"47083","NAME":"Houston","STATEFP":"47"},"geometry":{"type":"Polygon","coordinates":[[[754.3,361.2],[750.1,362.5],[747.1,362.2],[747.9,364.7],[750.7,364.4],[755.2,365.6],[755.9,361.9],[754.3,361.2]]]}},{"type":"Feature","properties":{"GEOID":"47085","NAME":"Humphreys","STATEFP":"47"},"geometry":{"type":"Polygon","coordinates":[[[747.9,364.7],[748.7,367.4],[747.4,369.9],[749,372.1],[748.5,374.3],[753.1,373.9],[753.1,372.3],[756.2,370],[755.2,365.6],[750.7,364.4],[747.9,364.7]]]}},{"type":"Feature","properties":{"GEOID":"47087","NAME":"Jackson","STATEFP":"47"},"geometry":{"type":"Polygon","coordinates":[[[787.3,356.9],[787.2,359.9],[788.6,360.9],[791.4,361.2],[793.8,358.8],[793.5,356.5],[789.3,354.1],[787.3,354.8],[787.3,356.9]]]}},{"type":"Feature","properties":{"GEOID":"47089","NAME":"Jefferson","STATEFP":"47"},"geometry":{"type":"Polygon","coordinates":[[[832.1,357.2],[829.7,357.8],[828.6,359.9],[828.6,360.9],[832.7,363.1],[835.9,363.4],[836.7,358.7],[835.4,357.6],[832.1,357.2]]]}},{"type":"Feature","properties":{"GEOID":"47091","NAME":"Johnson","STATEFP":"47"},"geometry":{"type":"Polygon","coordinates":[[[858.6,345.5],[858,349],[860.4,351.1],[860.6,350.5],[863.8,347.5],[864,342.8],[864.5,342.1],[861.2,342.6],[858.6,345.5]]]}},{"type":"Feature","properties":{"GEOID":"47093","NAME":"Knox","STATEFP":"47"},"geometry":{"type":"Polygon","coordinates":[[[823.2,358.1],[817.8,365.4],[818,365.7],[820.1,367.6],[823.9,365.4],[826.8,364.8],[829.2,362.4],[828.6,360.9],[828.6,359.9],[827.1,358.1],[823.2,358.1]]]}},{"type":"Feature","properties":{"GEOID":"47095","NAME":"Lake","STATEFP":"47"},"geometry":{"type":"Polygon","coordinates":[[[717.6,361],[717.8,364.8],[716.4,368.5],[719.1,367.7],[721.1,362.9],[721.2,360.6],[719.9,360.8],[718.6,360.9],[717.6,361]]]}},{"type":"Feature","properties":{"GEOID":"47097","NAME":"Lauderdale","STATEFP":"47"},"geometry":{"type":"Polygon","coordinates":[[[716.6,375.1],[714.3,376.4],[713.9,378.8],[710.9,379.8],[712.1,384.2],[714.2,381.7],[717.6,381.3],[719.8,382.6],[721.3,376.8],[722.2,376.8],[722.3,375.3],[721,373.9],[716.6,375.1]]]}},{"type":"Feature","properties":{"GEOID":"47099","NAME":"Lawrence","STATEFP":"47"},"geometry":{"type":"Polygon","coordinates":[[[761.9,382.5],[756.7,384.1],[756.9,393.4],[764.2,392.9],[763.6,382.6],[761.9,382.5]]]}},{"type":"Feature","properties":{"GEOID":"47101","NAME":"Lewis","STATEFP":"47"},"geometry":{"type":"Polygon","coordinates":[[[754.7,379.2],[753.8,382.3],[756.7,384.1],[761.9,382.5],[760.6,377.5],[758.4,378.7],[756.3,378.1],[754.7,379.2]]]}},{"type":"Feature","properties":{"GEOID":"47103","NAME":"Lincoln","STATEFP":"47"},"geometry":{"type":"Polygon","coordinates":[[[771.2,385.9],[771.6,392.3],[772.6,392.2],[781.5,391.4],[781.2,388.2],[776.7,383.2],[775.3,383.1],[772.7,386],[771.2,385.9]]]}},{"type":"Feature","properties":{"GEOID":"47105","NAME":"Loudon","STATEFP":"47"},"geometry":{"type":"Polygon","coordinates":[[[818,365.7],[813.4,371.6],[812.7,372.3],[813.8,372.7],[818,371.4],[820.2,372.2],[820.1,367.6],[818,365.7]]]}},{"type":"Feature","properties":{"GEOID":"47107","NAME":"McMinn","STATEFP":"47"},"geometry":{"type":"Polygon","coordinates":[[[812,372.4],[809.1,377.4],[808.3,379.9],[811.6,382.1],[815.4,380.6],[816.7,377.7],[813.9,373.1],[813.9,372.8],[813.8,372.7],[812.7,372.3],[812,372.4]]]}},{"type":"Feature","properties":{"GEOID":"47109","NAME":"McNairy","STATEFP":"47"},"geometry":{"type":"Polygon","coordinates":[[[741.8,385.7],[736.5,386.6],[734.1,389.5],[734.4,395.5],[742.2,394.9],[741.8,385.7]]]}},{"type":"Feature","properties":{"GEOID":"47111","NAME":"Macon","STATEFP":"47"},"geometry":{"type":"Polygon","coordinates":[[[779.7,352.3],[779.6,355.9],[780.8,356.8],[784.4,356.9],[787.3,356.9],[787.3,354.8],[787.5,351.9],[784,352.1],[779.7,352.3]]]}},{"type":"Feature","properties":{"GEOID":"47113","NAME":"Madison","STATEFP":"47"},"geometry":{"type":"Polygon","coordinates":[[[730.5,376.7],[727.8,379.4],[728.1,385.6],[732.6,385.3],[735.6,383.6],[736.6,381.2],[736.4,376.5],[734.5,376.6],[730.5,376.7]]]}},{"type":"Feature","properties":{"GEOID":"47115","NAME":"Marion","STATEFP":"47"},"geometry":{"type":"Polygon","coordinates":[[[798.8,385.8],[797.5,383.2],[795.1,382.1],[792.7,383.2],[792,384.9],[789.4,385],[790.2,390.5],[795.1,390.1],[797.6,389.8],[799.2,388.2],[798.8,385.8]]]}},{"type":"Feature","properties":{"GEOID":"47117","NAME":"Marshall","STATEFP":"47"},"geometry":{"type":"Polygon","coordinates":[[[772.8,375.1],[771,375.4],[770.2,379.8],[768.3,382.5],[771.2,385.9],[772.7,386],[775.3,383.1],[774,381.6],[773.8,375.6],[772.8,375.1]]]}},{"type":"Feature","properties":{"GEOID":"47119","NAME":"Maury","STATEFP":"47"},"geometry":{"type":"Polygon","coordinates":[[[760.6,377.5],[761.9,382.5],[763.6,382.6],[768.3,382.5],[770.2,379.8],[771,375.4],[762.5,372.8],[762.5,375.8],[760.6,377.5]]]}},{"type":"Feature","properties":{"GEOID":"47121","NAME":"Meigs","STATEFP":"47"},"geometry":{"type":"Polygon","coordinates":[[[809.7,370.1],[809.1,373.9],[807,377.9],[805.2,378.8],[806.8,381.5],[808.3,379.9],[809.1,377.4],[812,372.4],[809.7,370.1]]]}},{"type":"Feature","properties":{"GEOID":"47123","NAME":"Monroe","STATEFP":"47"},"geometry":{"type":"Polygon","coordinates":[[[813.9,373.1],[816.7,377.7],[815.4,380.6],[819.5,381.9],[820.8,380.4],[824.2,379.3],[825,375.1],[820.2,372.2],[818,371.4],[813.8,372.7],[813.9,372.8],[813.9,373.1]]]}},{"type":"Feature","properties":{"GEOID":"47125","NAME":"Montgomery","STATEFP":"47"},"geometry":{"type":"Polygon","coordinates":[[[758.6,354.3],[752.9,354.9],[754.3,361.2],[755.9,361.9],[760.2,361.8],[763,358.3],[762.7,353.9],[758.6,354.3]]]}},{"type":"Feature","properties":{"GEOID":"47127","NAME":"Moore","STATEFP":"47"},"geometry":{"type":"Polygon","coordinates":[[[781.7,381.3],[778.8,383.8],[776.7,383.2],[781.2,388.2],[781.8,383.2],[781.7,381.3]]]}},{"type":"Feature","properties":{"GEOID":"47129","NAME":"Morgan","STATEFP":"47"},"geometry":{"type":"Polygon","coordinates":[[[805.2,361],[809.1,364.4],[810.1,366.3],[814.3,364],[816.1,362.3],[813.9,359.8],[811.3,358.4],[808.4,355.5],[805.6,357.7],[805.2,361]]]}},{"type":"Feature","properties":{"GEOID":"47131","NAME":"Obion","STATEFP":"47"},"geometry":{"type":"Polygon","coordinates":[[[730.8,359.9],[721.2,360.6],[721.1,362.9],[719.1,367.7],[725.3,367.4],[729,366.7],[728.8,362.3],[730.9,359.9],[730.8,359.9]]]}},{"type":"Feature","properties":{"GEOID":"47133","NAME":"Overton","STATEFP":"47"},"geometry":{"type":"Polygon","coordinates":[[[797.1,353],[794.3,354],[793.5,356.5],[793.8,358.8],[795.4,360.2],[801.2,361.7],[801.8,360.5],[800.5,355.6],[797.1,353]]]}},{"type":"Feature","properties":{"GEOID":"47135","NAME":"Perry","STATEFP":"47"},"geometry":{"type":"Polygon","coordinates":[[[748.4,374.9],[747.3,377.3],[748.9,381.8],[748.4,384.2],[749,383.3],[753.8,382.3],[754.7,379.2],[753,378.1],[753.1,373.9],[748.5,374.3],[748.4,374.9]]]}},{"type":"Feature","properties":{"GEOID":"47137","NAME":"Pickett","STATEFP":"47"},"geometry":{"type":"Polygon","coordinates":[[[802.7,350.3],[797,350.7],[797.1,353],[800.5,355.6],[801.5,351.8],[803.3,351.1],[807.4,352],[806.2,350.2],[802.7,350.3]]]}},{"type":"Feature","properties":{"GEOID":"47139","NAME":"Polk","STATEFP":"47"},"geometry":{"type":"Polygon","coordinates":[[[811.6,382.1],[810.9,388.2],[813.8,387.8],[819.5,387.1],[819.5,381.9],[815.4,380.6],[811.6,382.1]]]}},{"type":"Feature","properties":{"GEOID":"47141","NAME":"Putnam","STATEFP":"47"},"geometry":{"type":"Polygon","coordinates":[[[793.8,358.8],[791.4,361.2],[788.6,360.9],[788.4,363.5],[791.7,365.9],[794.1,364],[799,366],[799.2,362.9],[801.6,361.8],[801.2,361.7],[795.4,360.2],[793.8,358.8]]]}},{"type":"Feature","properties":{"GEOID":"47143","NAME":"Rhea","STATEFP":"47"},"geometry":{"type":"Polygon","coordinates":[[[806.1,370.3],[803,375.2],[802.9,377.9],[805.2,378.8],[807,377.9],[809.1,373.9],[809.7,370.1],[808.4,368.5],[806.1,370.3]]]}},{"type":"Feature","properties":{"GEOID":"47145","NAME":"Roane","STATEFP":"47"},"geometry":{"type":"Polygon","coordinates":[[[816.1,362.3],[814.3,364],[810.1,366.3],[808.4,368.5],[809.7,370.1],[812,372.4],[812.7,372.3],[813.4,371.6],[818,365.7],[817.8,365.4],[816.1,362.3]]]}},{"type":"Feature","properties":{"GEOID":"47147","NAME":"Robertson","STATEFP":"47"},"geometry":{"type":"Polygon","coordinates":[[[763,358.3],[765.7,360.1],[767,359.7],[769.9,358.9],[771,358.4],[773,353.1],[769.2,353.1],[763.7,353.8],[762.7,353.9],[763,358.3]]]}},{"type":"Feature","properties":{"GEOID":"47149","NAME":"Rutherford","STATEFP":"47"},"geometry":{"type":"Polygon","coordinates":[[[773.5,368.9],[774,373.1],[772.8,375.1],[773.8,375.6],[775.6,375.2],[778.2,376.7],[781.4,376.1],[781.9,374.4],[782.3,368.4],[779,368],[775.1,365.6],[773.5,368.9]]]}},{"type":"Feature","properties":{"GEOID":"47151","NAME":"Scott","STATEFP":"47"},"geometry":{"type":"Polygon","coordinates":[[[807.4,352],[808.4,355.5],[811.3,358.4],[813.9,359.8],[815,358.4],[815.6,356.7],[814.7,352.5],[816,349.3],[806.3,350.2],[806.2,350.2],[807.4,352]]]}},{"type":"Feature","properties":{"GEOID":"47153","NAME":"Sequatchie","STATEFP":"47"},"geometry":{"type":"Polygon","coordinates":[[[797,376],[794.6,377.1],[793.7,377.2],[796.3,379.9],[795.1,382.1],[797.5,383.2],[798.8,385.8],[801.4,380.6],[797.6,377.7],[797,376]]]}},{"type":"Feature","properties":{"GEOID":"47155","NAME":"Sevier","STATEFP":"47"},"geometry":{"type":"Polygon","coordinates":[[[826.8,364.8],[830.3,371.9],[833.6,371.5],[837.6,367.9],[837.5,367.5],[835.9,363.4],[832.7,363.1],[828.6,360.9],[829.2,362.4],[826.8,364.8]]]}},{"type":"Feature","properties":{"GEOID":"47157","NAME":"Shelby","STATEFP":"47"},"geometry":{"type":"Polygon","coordinates":[[[709.1,388],[707.9,391],[709.4,391.8],[707.2,396.6],[705.3,397.4],[716.5,396.8],[718,396.6],[717.6,387.6],[709.8,387.7],[709.6,387.8],[709.1,388]]]}},{"type":"Feature","properties":{"GEOID":"47159","NAME":"Smith","STATEFP":"47"},"geometry":{"type":"Polygon","coordinates":[[[781.8,360.3],[783.7,365.1],[788.4,363.5],[788.6,360.9],[787.2,359.9],[787.3,356.9],[784.4,356.9],[781.8,360.3]]]}},{"type":"Feature","properties":{"GEOID":"47161","NAME":"Stewart","STATEFP":"47"},"geometry":{"type":"Polygon","coordinates":[[[745.4,358.9],[746.9,362],[747.1,362.2],[750.1,362.5],[754.3,361.2],[752.9,354.9],[751.9,355],[744.8,354.6],[745.4,358.9]]]}},{"type":"Feature","properties":{"GEOID":"47163","NAME":"Sullivan","STATEFP":"47"},"geometry":{"type":"Polygon","coordinates":[[[852.6,344.3],[846.7,345.2],[845.9,349.2],[850.4,348.2],[853.1,349],[855.2,348.6],[858.6,345.5],[861.2,342.6],[855.3,343.9],[853.5,344.2],[852.6,344.3]]]}},{"type":"Feature","properties":{"GEOID":"47165","NAME":"Sumner","STATEFP":"47"},"geometry":{"type":"Polygon","coordinates":[[[773,353.1],[771,358.4],[769.9,358.9],[773.3,362.3],[775.8,359.9],[778.9,359.3],[779.6,355.9],[779.7,352.3],[775.8,352.4],[773,353.1]]]}},{"type":"Feature","properties":{"GEOID":"47167","NAME":"Tipton","STATEFP":"47"},"geometry":{"type":"MultiPolygon","coordinates":[[[[719.8,382.6],[717.6,381.3],[714.2,381.7],[712.1,384.2],[709.6,385.3],[709.8,387.7],[717.6,387.6],[720.6,386.8],[719.8,382.6]]],[[[707.9,386.8],[709.1,388],[709.6,387.8],[707.9,386.8]]]]}},{"type":"Feature","properties":{"GEOID":"47169","NAME":"Trousdale","STATEFP":"47"},"geometry":{"type":"Polygon","coordinates":[[[779.6,355.9],[778.9,359.3],[781.8,360.3],[784.4,356.9],[780.8,356.8],[779.6,355.9]]]}},{"type":"Feature","properties":{"GEOID":"47171","NAME":"Unicoi","STATEFP":"47"},"geometry":{"type":"Polygon","coordinates":[[[852.9,352.5],[851.4,355],[848.6,356.8],[848.7,358.2],[850.7,359.4],[852.1,356.9],[855.4,354.4],[852.9,352.5]]]}},{"type":"Feature","properties":{"GEOID":"47173","NAME":"Union","STATEFP":"47"},"geometry":{"type":"Polygon","coordinates":[[[821.7,356.3],[823.2,358.1],[827.1,358.1],[827.8,353.7],[823.1,352.5],[821.7,356.3]]]}},{"type":"Feature","properties":{"GEOID":"47175","NAME":"Van Buren","STATEFP":"47"},"geometry":{"type":"Polygon","coordinates":[[[793.1,371],[794.6,377.1],[797,376],[799.7,371],[799.7,370.9],[799.3,370.5],[799.4,370.3],[795.9,370.1],[793.1,371]]]}},{"type":"Feature","properties":{"GEOID":"47177","NAME":"Warren","STATEFP":"47"},"geometry":{"type":"Polygon","coordinates":[[[786.2,375],[788.6,377.9],[793.7,377.2],[794.6,377.1],[793.1,371],[791.5,370.3],[787.6,370.5],[786,373.2],[786.2,375]]]}},{"type":"Feature","properties":{"GEOID":"47179","NAME":"Washington","STATEFP":"47"},"geometry":{"type":"Polygon","coordinates":[[[853.1,349],[850.4,348.2],[845.9,349.2],[845.6,349.7],[846.9,349.5],[847.5,355.8],[848.6,356.8],[851.4,355],[852.9,352.5],[853.1,349]]]}},{"type":"Feature","properties":{"GEOID":"47181","NAME":"Wayne","STATEFP":"47"},"geometry":{"type":"Polygon","coordinates":[[[748.2,384.9],[749.2,387.2],[749.7,394],[756.9,393.4],[756.7,384.1],[753.8,382.3],[749,383.3],[748.4,384.2],[748.2,384.9]]]}},{"type":"Feature","properties":{"GEOID":"47183","NAME":"Weakley","STATEFP":"47"},"geometry":{"type":"Polygon","coordinates":[[[730.9,359.9],[728.8,362.3],[729,366.7],[731.5,368.9],[734.3,370.1],[737.2,367.8],[736.8,359.5],[731.1,359.9],[730.9,359.9]]]}},{"type":"Feature","properties":{"GEOID":"47185","NAME":"White","STATEFP":"47"},"geometry":{"type":"Polygon","coordinates":[[[791.7,365.9],[791.5,370.3],[793.1,371],[795.9,370.1],[799.4,370.3],[800,368.3],[799,366],[794.1,364],[791.7,365.9]]]}},{"type":"Feature","properties":{"GEOID":"47187","NAME":"Williamson","STATEFP":"47"},"geometry":{"type":"Polygon","coordinates":[[[773.5,368.9],[770.1,367.6],[765.2,367.9],[762.7,368],[762.5,370.2],[762.5,372.8],[771,375.4],[772.8,375.1],[774,373.1],[773.5,368.9]]]}},{"type":"Feature","properties":{"GEOID":"47189","NAME":"Wilson","STATEFP":"47"},"geometry":{"type":"Polygon","coordinates":[[[773.3,362.3],[775.1,365.6],[779,368],[782.3,368.4],[784.9,367.9],[783.7,365.1],[781.8,360.3],[778.9,359.3],[775.8,359.9],[773.3,362.3]]]}},{"type":"Feature","properties":{"GEOID":"48001","NAME":"Anderson","STATEFP":"48"},"geometry":{"type":"Polygon","coordinates":[[[607.7,469.5],[595.3,471.4],[596.7,476.5],[598.8,477.3],[600.6,480.5],[601.6,483.2],[603.3,482.3],[610.9,481],[607.4,475.1],[607.7,469.5]]]}},{"type":"Feature","properties":{"GEOID":"48003","NAME":"Andrews","STATEFP":"48"},"geometry":{"type":"Polygon","coordinates":[[[456.1,464.2],[461.3,464.6],[471.5,465.3],[473,465.4],[473.6,455.1],[456.8,454],[456.1,464.2]]]}},{"type":"Feature","properties":{"GEOID":"48005","NAME":"Angelina","STATEFP":"48"},"geometry":{"type":"Polygon","coordinates":[[[617.3,485.8],[618.5,487.2],[619.6,491.5],[625.3,493.5],[627.4,494],[634,492.4],[630,489.5],[625.3,484.6],[621.8,484.1],[619.1,482.5],[616.3,484.9],[617.3,485.8]]]}},{"type":"Feature","properties":{"GEOID":"48007","NAME":"Aransas","STATEFP":"48"},"geometry":{"type":"Polygon","coordinates":[[[579.9,557.9],[573,558.9],[575,560.9],[572.5,562.9],[570,563.5],[572.6,567.5],[575.8,569.9],[576.3,568.2],[579.3,564.8],[579,562.8],[579.9,557.9]]]}},{"type":"Feature","properties":{"GEOID":"48009","NAME":"Archer","STATEFP":"48"},"geometry":{"type":"Polygon","coordinates":[[[538.6,437.6],[549,437.9],[549.1,436.3],[549.2,427.5],[538.9,427.3],[538.6,437.6]]]}},{"type":"Feature","properties":{"GEOID":"48011","NAME":"Armstrong","STATEFP":"48"},"geometry":{"type":"Polygon","coordinates":[[[489,393.1],[488.2,403.4],[491.3,403.6],[498.6,403.9],[499.2,393.7],[489,393.1]]]}},{"type":"Feature","properties":{"GEOID":"48013","NAME":"Atascosa","STATEFP":"48"},"geometry":{"type":"Polygon","coordinates":[[[538.5,539.1],[538.3,549.4],[548,549.7],[547.9,550.5],[552.9,546.5],[551.1,544.3],[546.7,538.7],[538.6,535.3],[538.5,539.1]]]}},{"type":"Feature","properties":{"GEOID":"48015","NAME":"Austin","STATEFP":"48"},"geometry":{"type":"Polygon","coordinates":[[[584.7,519.4],[587.9,522.7],[589.6,522.9],[591.1,526.4],[592.8,527.2],[594.5,527.9],[595.7,525],[594.3,523],[593.4,516.9],[590.4,516.3],[583.7,517.5],[584.7,519.4]]]}},{"type":"Feature","properties":{"GEOID":"48017","NAME":"Bailey","STATEFP":"48"},"geometry":{"type":"Polygon","coordinates":[[[460.3,412.1],[459.4,423.3],[467.8,423.9],[468.6,412.4],[460.4,411.8],[460.3,412.1]]]}},{"type":"Feature","properties":{"GEOID":"48019","NAME":"Bandera","STATEFP":"48"},"geometry":{"type":"Polygon","coordinates":[[[526.5,526.1],[535.2,526.4],[536.4,527.9],[538.9,525],[539.5,524.3],[536.7,522.8],[531.5,519.9],[522.8,519.3],[522.6,525.9],[526.5,526.1]]]}},{"type":"Feature","properties":{"GEOID":"48021","NAME":"Bastrop","STATEFP":"48"},"geometry":{"type":"Polygon","coordinates":[[[568.6,508.5],[566,513.4],[562.8,516.7],[569.5,523.4],[575.5,517.2],[574.4,512.3],[569.3,508.9],[568.6,508.5]]]}},{"type":"Feature","properties":{"GEOID":"48023","NAME":"Baylor","STATEFP":"48"},"geometry":{"type":"Polygon","coordinates":[[[528.8,427],[528.7,429.3],[528.5,437.2],[538.6,437.6],[538.9,427.3],[528.8,427]]]}},{"type":"Feature","properties":{"GEOID":"48025","NAME":"Bee","STATEFP":"48"},"geometry":{"type":"Polygon","coordinates":[[[554.8,548.8],[553.1,549.4],[558.5,560.9],[563.7,562.1],[564.2,561.3],[567.8,556.1],[561.1,552.4],[559.5,549.5],[556.7,548.2],[554.8,548.8]]]}},{"type":"Feature","properties":{"GEOID":"48027","NAME":"Bell","STATEFP":"48"},"geometry":{"type":"Polygon","coordinates":[[[567.9,487.3],[558,493],[557.9,493.8],[559.5,497],[563.6,497.8],[569.8,500.7],[571,497.5],[574.8,495.3],[570.7,488.3],[567.9,487.3]]]}},{"type":"Feature","properties":{"GEOID":"48029","NAME":"Bexar","STATEFP":"48"},"geometry":{"type":"Polygon","coordinates":[[[538.9,525],[538.6,535.3],[546.7,538.7],[552.5,531.2],[549,527.5],[547.6,524.9],[542.2,523.8],[539.5,524.3],[538.9,525]]]}},{"type":"Feature","properties":{"GEOID":"48031","NAME":"Blanco","STATEFP":"48"},"geometry":{"type":"Polygon","coordinates":[[[543.8,506.1],[543.7,514.6],[547.1,519.4],[549.5,517.1],[552.2,509.7],[553.2,508.1],[548.7,506.6],[543.8,506.1]]]}},{"type":"Feature","properties":{"GEOID":"48033","NAME":"Borden","STATEFP":"48"},"geometry":{"type":"Polygon","coordinates":[[[484.5,445.5],[484,455.7],[494.1,456.4],[494.1,456.3],[494.7,446],[487.2,445.6],[484.5,445.5]]]}},{"type":"Feature","properties":{"GEOID":"48035","NAME":"Bosque","STATEFP":"48"},"geometry":{"type":"Polygon","coordinates":[[[564.3,466.4],[559.3,469.1],[556.5,470.7],[561.1,478.9],[562.6,478],[564.3,480.9],[570.9,477.3],[569.9,475.1],[566.8,470.9],[567.1,467.2],[564.3,466.4]]]}},{"type":"Feature","properties":{"GEOID":"48037","NAME":"Bowie","STATEFP":"48"},"geometry":{"type":"Polygon","coordinates":[[[634.5,434.5],[627.8,434.8],[625.9,432.6],[624.4,432.9],[620.8,431.1],[620.9,440],[622.8,441.4],[626.3,440.7],[631,441.9],[634.7,441.1],[634.5,434.5]]]}},{"type":"Feature","properties":{"GEOID":"48039","NAME":"Brazoria","STATEFP":"48"},"geometry":{"type":"Polygon","coordinates":[[[608.2,528.4],[607.4,531.7],[605.6,531.7],[604.8,534.3],[601.4,534.4],[599.5,535.9],[599,536.6],[601.2,542.8],[603.5,543.1],[606.8,547.5],[609.7,546.2],[615.1,541.2],[615.1,540.5],[615.8,537.2],[612.1,531],[612.4,528.9],[608.2,528.4]]]}},{"type":"Feature","properties":{"GEOID":"48041","NAME":"Brazos","STATEFP":"48"},"geometry":{"type":"Polygon","coordinates":[[[584.9,502.2],[590.6,508.5],[590.3,509.6],[593.2,510.8],[594.2,508.8],[592.6,504.3],[593,499.2],[591.5,495.7],[589.5,496.9],[587.1,501],[584.9,502.2]]]}},{"type":"Feature","properties":{"GEOID":"48043","NAME":"Brewster","STATEFP":"48"},"geometry":{"type":"Polygon","coordinates":[[[462.6,512.7],[446,497],[438.2,502.4],[436.2,529.3],[437.5,531.3],[440.8,532.2],[444.1,535.6],[448.8,537.1],[454.4,530.7],[455.1,528.6],[459.4,521.3],[459.9,519.8],[464.9,519.4],[467.3,517.1],[462.6,512.7]]]}},{"type":"Feature","properties":{"GEOID":"48045","NAME":"Briscoe","STATEFP":"48"},"geometry":{"type":"Polygon","coordinates":[[[498.6,403.9],[491.3,403.6],[490.7,413.8],[499,414.3],[500.8,414.4],[501.4,404.1],[498.6,403.9]]]}},{"type":"Feature","properties":{"GEOID":"48047","NAME":"Brooks","STATEFP":"48"},"geometry":{"type":"Polygon","coordinates":[[[543.2,581.9],[544.3,586.8],[545.3,586.8],[545,593.1],[547.2,593.2],[554.3,593.4],[554.5,583.4],[553,582.2],[549.3,582.1],[543.2,581.9]]]}},{"type":"Feature","properties":{"GEOID":"48049","NAME":"Brown","STATEFP":"48"},"geometry":{"type":"Polygon","coordinates":[[[532.8,468.6],[532.2,483],[534.5,483.2],[536.5,482.7],[543.1,477.8],[538.2,468.8],[534.4,468.6],[532.8,468.6]]]}},{"type":"Feature","properties":{"GEOID":"48051","NAME":"Burleson","STATEFP":"48"},"geometry":{"type":"Polygon","coordinates":[[[576.8,505.4],[581,510.8],[583.3,511.6],[590.3,509.6],[590.6,508.5],[584.9,502.2],[583.8,501.4],[576.8,505.4]]]}},{"type":"Feature","properties":{"GEOID":"48053","NAME":"Burnet","STATEFP":"48"},"geometry":{"type":"Polygon","coordinates":[[[547,496.3],[548,498.1],[547.4,502.8],[548.7,506.6],[553.2,508.1],[554.9,503.5],[556.7,499.7],[559.5,497],[557.9,493.8],[547.2,493.7],[547,496.3]]]}},{"type":"Feature","properties":{"GEOID":"48055","NAME":"Caldwell","STATEFP":"48"},"geometry":{"type":"Polygon","coordinates":[[[561.5,517.7],[558.1,521.5],[560.8,525.5],[562.9,526.5],[563.6,527],[569.4,523.4],[569.5,523.4],[562.8,516.7],[561.5,517.7]]]}},{"type":"Feature","properties":{"GEOID":"48057","NAME":"Calhoun","STATEFP":"48"},"geometry":{"type":"Polygon","coordinates":[[[583,548.7],[578.7,550.5],[577.9,553.5],[580.2,555.9],[579.9,557.9],[579,562.8],[579.3,564.8],[583.5,561.4],[588.1,558.9],[589.7,549.6],[583,548.7]]]}},{"type":"Feature","properties":{"GEOID":"48059","NAME":"Callahan","STATEFP":"48"},"geometry":{"type":"Polygon","coordinates":[[[534.8,458.3],[525,458],[524.6,458],[524.2,468.2],[532.8,468.6],[534.4,468.6],[534.8,458.3]]]}},{"type":"Feature","properties":{"GEOID":"48061","NAME":"Cameron","STATEFP":"48"},"geometry":{"type":"Polygon","coordinates":[[[571.5,602.3],[566.9,602.3],[563.8,604.8],[556.7,603.5],[556.6,610],[560.7,611],[563.8,614.4],[567,615.5],[569.1,613],[573,612.5],[571.5,602.3]]]}},{"type":"Feature","properties":{"GEOID":"48063","NAME":"Camp","STATEFP":"48"},"geometry":{"type":"Polygon","coordinates":[[[619.6,448.2],[617.4,446.1],[613.5,447],[613,447.5],[613,450.1],[621.5,450],[619.6,448.2]]]}},{"type":"Feature","properties":{"GEOID":"48065","NAME":"Carson","STATEFP":"48"},"geometry":{"type":"Polygon","coordinates":[[[489,393.1],[499.2,393.7],[499.8,383.4],[499.8,383.2],[489.6,382.7],[489.6,382.8],[489,393.1]]]}},{"type":"Feature","properties":{"GEOID":"48067","NAME":"Cass","STATEFP":"48"},"geometry":{"type":"Polygon","coordinates":[[[622.8,441.4],[622.9,450.6],[634.9,450.3],[634.8,447.1],[634.7,441.1],[631,441.9],[626.3,440.7],[622.8,441.4]]]}},{"type":"Feature","properties":{"GEOID":"48069","NAME":"Castro","STATEFP":"48"},"geometry":{"type":"Polygon","coordinates":[[[471.1,402.3],[470.3,412.5],[478.7,413.1],[480.5,413.2],[481.2,402.9],[477.9,402.7],[471.1,402.3]]]}},{"type":"Feature","properties":{"GEOID":"48071","NAME":"Chambers","STATEFP":"48"},"geometry":{"type":"Polygon","coordinates":[[[617.2,521.2],[618.7,522.5],[618.5,525.8],[616.8,526.3],[616.5,528.9],[618.6,530.3],[629.7,527.7],[629.8,530],[630.1,529.9],[629.9,520.9],[628.2,520.9],[617.2,521.2]]]}},{"type":"Feature","properties":{"GEOID":"48073","NAME":"Cherokee","STATEFP":"48"},"geometry":{"type":"Polygon","coordinates":[[[607.7,469.5],[607.4,475.1],[610.9,481],[613.4,481.6],[616.3,484.9],[619.1,482.5],[617,478.6],[617.5,475],[616.6,475],[616.5,468.1],[607.1,468.3],[607.7,469.5]]]}},{"type":"Feature","properties":{"GEOID":"48075","NAME":"Childress","STATEFP":"48"},"geometry":{"type":"Polygon","coordinates":[[[511.5,404.6],[511,414.9],[519.1,415.3],[519.4,409.4],[519.5,405],[511.5,404.6]]]}},{"type":"Feature","properties":{"GEOID":"48077","NAME":"Clay","STATEFP":"48"},"geometry":{"type":"Polygon","coordinates":[[[549.4,421.7],[549.2,427.5],[549.1,436.3],[557.7,436.5],[557.9,426.5],[558.6,424.1],[555.9,423.8],[554.9,420.4],[550.6,420],[549.4,421.7]]]}},{"type":"Feature","properties":{"GEOID":"48079","NAME":"Cochran","STATEFP":"48"},"geometry":{"type":"Polygon","coordinates":[[[458.5,433.6],[467.5,434.3],[467.8,423.9],[459.4,423.3],[458.9,429.3],[458.5,433.6]]]}},{"type":"Feature","properties":{"GEOID":"48081","NAME":"Coke","STATEFP":"48"},"geometry":{"type":"Polygon","coordinates":[[[500,476.2],[511.8,476.9],[512.2,467.7],[503.7,467.2],[500.6,467],[500,476.2]]]}},{"type":"Feature","properties":{"GEOID":"48083","NAME":"Coleman","STATEFP":"48"},"geometry":{"type":"Polygon","coordinates":[[[522.5,468.1],[521.9,480],[524.2,482.1],[530.2,483.7],[532.2,483],[532.8,468.6],[524.2,468.2],[522.5,468.1]]]}},{"type":"Feature","properties":{"GEOID":"48085","NAME":"Collin","STATEFP":"48"},"geometry":{"type":"Polygon","coordinates":[[[580.1,438.3],[579.8,448.1],[586.2,448.3],[590.5,448.3],[590.6,439.6],[588.8,438.5],[580.1,438.3]]]}},{"type":"Feature","properties":{"GEOID":"48087","NAME":"Collingsworth","STATEFP":"48"},"geometry":{"type":"Polygon","coordinates":[[[509.7,394.2],[509.1,404.5],[511.5,404.6],[519.5,405],[519.8,398.3],[519.9,394.7],[509.7,394.2]]]}},{"type":"Feature","properties":{"GEOID":"48089","NAME":"Colorado","STATEFP":"48"},"geometry":{"type":"Polygon","coordinates":[[[578.5,527.1],[580.1,528.4],[584.8,534.1],[582.8,535.8],[583.2,536.2],[589.2,532.5],[590.1,530],[592.8,527.2],[591.1,526.4],[589.6,522.9],[587.9,522.7],[584.7,519.4],[578.5,527.1]]]}},{"type":"Feature","properties":{"GEOID":"48091","NAME":"Comal","STATEFP":"48"},"geometry":{"type":"Polygon","coordinates":[[[542.2,523.8],[547.6,524.9],[549,527.5],[553.6,525.5],[555.5,523.9],[554.9,521.7],[549.5,517.1],[547.1,519.4],[542.2,523.8]]]}},{"type":"Feature","properties":{"GEOID":"48093","NAME":"Comanche","STATEFP":"48"},"geometry":{"type":"Polygon","coordinates":[[[545.8,464.7],[538.2,468.8],[543.1,477.8],[547.1,478.3],[553.4,474.7],[552.4,472.9],[550,472.3],[545.8,464.7]]]}},{"type":"Feature","properties":{"GEOID":"48095","NAME":"Concho","STATEFP":"48"},"geometry":{"type":"Polygon","coordinates":[[[514.1,479.6],[513.6,491.2],[523.9,491.6],[524.2,482.1],[521.9,480],[514.1,479.6]]]}},{"type":"Feature","properties":{"GEOID":"48097","NAME":"Cooke","STATEFP":"48"},"geometry":{"type":"Polygon","coordinates":[[[578,425.4],[575,430.5],[573.9,430.7],[572,427.3],[569.6,428.4],[567.5,426],[567.3,437.4],[569.3,437.5],[577.9,438],[578,425.4]]]}},{"type":"Feature","properties":{"GEOID":"48099","NAME":"Coryell","STATEFP":"48"},"geometry":{"type":"Polygon","coordinates":[[[561.1,478.9],[552.7,483.6],[558,493],[567.9,487.3],[564.3,480.9],[562.6,478],[561.1,478.9]]]}},{"type":"Feature","properties":{"GEOID":"48101","NAME":"Cottle","STATEFP":"48"},"geometry":{"type":"Polygon","coordinates":[[[509.1,414.8],[508.5,426.1],[517.7,426.5],[518.1,417.2],[519,417.3],[519.1,415.3],[511,414.9],[509.1,414.8]]]}},{"type":"Feature","properties":{"GEOID":"48103","NAME":"Crane","STATEFP":"48"},"geometry":{"type":"Polygon","coordinates":[[[461.2,474.9],[460.6,483.3],[462.6,482.6],[467.2,486.1],[467.9,488.7],[469.6,488.8],[470.2,475.5],[461.2,474.9]]]}},{"type":"Feature","properties":{"GEOID":"48105","NAME":"Crockett","STATEFP":"48"},"geometry":{"type":"Polygon","coordinates":[[[479.4,508.3],[495.6,509.2],[496.1,499.4],[496.5,490.5],[490.2,490.2],[480.2,489.6],[469.6,488.8],[467.9,488.7],[469.7,490],[475.8,491.6],[477.9,493.5],[479.7,499.7],[481.7,500.2],[482,502.2],[479.9,505.2],[481.5,506.7],[479.4,508.3]]]}},{"type":"Feature","properties":{"GEOID":"48107","NAME":"Crosby","STATEFP":"48"},"geometry":{"type":"Polygon","coordinates":[[[498.4,425.6],[488.2,425.1],[487.8,435.4],[497.9,435.9],[498.4,425.6]]]}},{"type":"Feature","properties":{"GEOID":"48109","NAME":"Culberson","STATEFP":"48"},"geometry":{"type":"Polygon","coordinates":[[[419.1,463.2],[417.7,480.9],[416.2,494.5],[433.5,485.6],[436.9,464.8],[420.5,463.3],[419.1,463.2]]]}},{"type":"Feature","properties":{"GEOID":"48111","NAME":"Dallam","STATEFP":"48"},"geometry":{"type":"Polygon","coordinates":[[[465,360.2],[464.2,360.2],[463.5,370.7],[480,371.8],[480.7,361.3],[465,360.2]]]}},{"type":"Feature","properties":{"GEOID":"48113","NAME":"Dallas","STATEFP":"48"},"geometry":{"type":"Polygon","coordinates":[[[585.9,458.6],[586.1,452.3],[586.2,448.3],[579.8,448.1],[576.1,448],[575.8,458.4],[585.9,458.6]]]}},{"type":"Feature","properties":{"GEOID":"48115","NAME":"Dawson","STATEFP":"48"},"geometry":{"type":"Polygon","coordinates":[[[484.5,445.5],[477,445],[474.4,444.9],[473.8,455.2],[484,455.7],[484.5,445.5]]]}},{"type":"Feature","properties":{"GEOID":"48117","NAME":"Deaf Smith","STATEFP":"48"},"geometry":{"type":"Polygon","coordinates":[[[471.1,402.3],[477.9,402.7],[478.6,392.4],[461.9,391.3],[461.5,396.7],[461.1,401.6],[471.1,402.3]]]}},{"type":"Feature","properties":{"GEOID":"48119","NAME":"Delta","STATEFP":"48"},"geometry":{"type":"Polygon","coordinates":[[[609.9,438.9],[603.8,436.4],[599.1,437],[599.1,438.2],[599.1,442.7],[604.6,439.4],[609.9,438.9]]]}},{"type":"Feature","properties":{"GEOID":"48121","NAME":"Denton","STATEFP":"48"},"geometry":{"type":"Polygon","coordinates":[[[569.3,437.5],[568.9,447.9],[576.1,448],[579.8,448.1],[580.1,438.3],[577.9,438],[569.3,437.5]]]}},{"type":"Feature","properties":{"GEOID":"48123","NAME":"DeWitt","STATEFP":"48"},"geometry":{"type":"Polygon","coordinates":[[[569.4,545],[576.2,539.5],[570.9,532.8],[563.1,539.2],[560.1,541.5],[563.8,546.1],[567.1,543.6],[569.4,545]]]}},{"type":"Feature","properties":{"GEOID":"48125","NAME":"Dickens","STATEFP":"48"},"geometry":{"type":"Polygon","coordinates":[[[498.4,425.6],[497.9,435.9],[508.1,436.4],[508.5,426.1],[498.4,425.6]]]}},{"type":"Feature","properties":{"GEOID":"48127","NAME":"Dimmit","STATEFP":"48"},"geometry":{"type":"Polygon","coordinates":[[[525.7,549.2],[511.1,548.4],[510.7,558.9],[525.6,559.4],[526,549.2],[525.7,549.2]]]}},{"type":"Feature","properties":{"GEOID":"48129","NAME":"Donley","STATEFP":"48"},"geometry":{"type":"Polygon","coordinates":[[[501.4,404.1],[509.1,404.5],[509.7,394.2],[499.2,393.7],[498.6,403.9],[501.4,404.1]]]}},{"type":"Feature","properties":{"GEOID":"48131","NAME":"Duval","STATEFP":"48"},"geometry":{"type":"Polygon","coordinates":[[[537.9,563.2],[537.5,579.6],[542.6,579.7],[543.2,581.9],[549.3,582.1],[549.7,563.5],[547.6,563.5],[537.9,563.2]]]}},{"type":"Feature","properties":{"GEOID":"48133","NAME":"Eastland","STATEFP":"48"},"geometry":{"type":"Polygon","coordinates":[[[545.4,458.7],[535.2,458.4],[534.8,458.3],[534.4,468.6],[538.2,468.8],[545.8,464.7],[547.3,463.8],[547.4,458.8],[545.4,458.7]]]}},{"type":"Feature","properties":{"GEOID":"48135","NAME":"Ector","STATEFP":"48"},"geometry":{"type":"Polygon","coordinates":[[[471.5,465.3],[461.3,464.6],[460.6,474.8],[461.2,474.9],[470.2,475.5],[470.8,475.6],[471.5,465.3]]]}},{"type":"Feature","properties":{"GEOID":"48137","NAME":"Edwards","STATEFP":"48"},"geometry":{"type":"Polygon","coordinates":[[[512.7,509.9],[500.9,509.4],[500.1,525],[512.1,525.6],[514.1,525.7],[513.6,524],[515.5,514.9],[519.8,515.3],[520.1,510.2],[512.7,509.9]]]}},{"type":"Feature","properties":{"GEOID":"48139","NAME":"Ellis","STATEFP":"48"},"geometry":{"type":"Polygon","coordinates":[[[585.9,458.6],[575.8,458.4],[574.9,458.4],[574.8,465.1],[577.7,470.2],[578.5,469.7],[588.8,463.7],[587.4,463],[585.9,458.6]]]}},{"type":"Feature","properties":{"GEOID":"48141","NAME":"El Paso","STATEFP":"48"},"geometry":{"type":"Polygon","coordinates":[[[390.3,460.2],[385.5,459.7],[384.8,462.8],[386.7,465],[389.5,466.5],[392.1,472.7],[396.3,475.4],[397.8,461],[390.3,460.2]]]}},{"type":"Feature","properties":{"GEOID":"48143","NAME":"Erath","STATEFP":"48"},"geometry":{"type":"Polygon","coordinates":[[[547.4,458.8],[547.3,463.8],[545.8,464.7],[550,472.3],[552.4,472.9],[556.5,470.7],[559.3,469.1],[557.8,465.6],[555.5,459],[547.4,458.8]]]}},{"type":"Feature","properties":{"GEOID":"48145","NAME":"Falls","STATEFP":"48"},"geometry":{"type":"Polygon","coordinates":[[[580.3,482.7],[570.7,488.3],[574.8,495.3],[579.7,492.5],[584.4,489.8],[580.3,482.7]]]}},{"type":"Feature","properties":{"GEOID":"48147","NAME":"Fannin","STATEFP":"48"},"geometry":{"type":"Polygon","coordinates":[[[589,430.7],[588.8,438.5],[590.6,439.6],[599.1,438.2],[599.1,437],[599.3,428.1],[593.5,428.1],[592.9,429.9],[589,430.7]]]}},{"type":"Feature","properties":{"GEOID":"48149","NAME":"Fayette","STATEFP":"48"},"geometry":{"type":"Polygon","coordinates":[[[575.5,517.2],[569.5,523.4],[569.4,523.4],[573,527.2],[578.5,527.1],[584.7,519.4],[583.7,517.5],[582.4,515],[580.2,514.7],[575.5,517.2]]]}},{"type":"Feature","properties":{"GEOID":"48151","NAME":"Fisher","STATEFP":"48"},"geometry":{"type":"Polygon","coordinates":[[[514.9,447.1],[507.5,446.7],[504.9,446.5],[504.3,456.9],[514.4,457.4],[514.9,447.1]]]}},{"type":"Feature","properties":{"GEOID":"48153","NAME":"Floyd","STATEFP":"48"},"geometry":{"type":"Polygon","coordinates":[[[488.9,413.7],[488.2,425.1],[498.4,425.6],[499,414.3],[490.7,413.8],[488.9,413.7]]]}},{"type":"Feature","properties":{"GEOID":"48155","NAME":"Foard","STATEFP":"48"},"geometry":{"type":"Polygon","coordinates":[[[518.7,426.5],[524.5,427],[527.5,427.9],[528.7,429.3],[528.8,427],[529,421],[527.1,421.5],[523.3,420.6],[519,417.3],[518.1,417.2],[517.7,426.5],[518.7,426.5]]]}},{"type":"Feature","properties":{"GEOID":"48157","NAME":"Fort Bend","STATEFP":"48"},"geometry":{"type":"Polygon","coordinates":[[[595.7,525],[594.5,527.9],[595.1,530.9],[597.4,534.1],[599.5,535.9],[601.4,534.4],[604.8,534.3],[605.6,531.7],[607.4,531.7],[608.2,528.4],[599.9,523.5],[595.7,525]]]}},{"type":"Feature","properties":{"GEOID":"48159","NAME":"Franklin","STATEFP":"48"},"geometry":{"type":"Polygon","coordinates":[[[609.9,438.9],[610,448.7],[613,447.5],[613.5,447],[613.5,438.6],[609.9,438.9]]]}},{"type":"Feature","properties":{"GEOID":"48161","NAME":"Freestone","STATEFP":"48"},"geometry":{"type":"Polygon","coordinates":[[[586.5,476.3],[591.6,485.3],[600.6,480.5],[598.8,477.3],[596.7,476.5],[595.3,471.4],[595.3,471.2],[586.5,476.3]]]}},{"type":"Feature","properties":{"GEOID":"48163","NAME":"Frio","STATEFP":"48"},"geometry":{"type":"Polygon","coordinates":[[[538.5,539.1],[526,538.6],[525.7,549.2],[526,549.2],[538.3,549.4],[538.5,539.1]]]}},{"type":"Feature","properties":{"GEOID":"48165","NAME":"Gaines","STATEFP":"48"},"geometry":{"type":"Polygon","coordinates":[[[466.8,444.4],[457.6,443.7],[456.8,454],[473.6,455.1],[473.8,455.2],[474.4,444.9],[466.8,444.4]]]}},{"type":"Feature","properties":{"GEOID":"48167","NAME":"Galveston","STATEFP":"48"},"geometry":{"type":"Polygon","coordinates":[[[612.4,528.9],[612.1,531],[615.8,537.2],[615.1,540.5],[623.8,535.2],[624.1,532.9],[629.8,530],[629.7,527.7],[618.6,530.3],[616.5,528.9],[613.8,530.2],[612.4,528.9]]]}},{"type":"Feature","properties":{"GEOID":"48169","NAME":"Garza","STATEFP":"48"},"geometry":{"type":"Polygon","coordinates":[[[497.9,435.9],[487.8,435.4],[487.2,445.6],[494.7,446],[497.3,446],[497.9,435.9]]]}},{"type":"Feature","properties":{"GEOID":"48171","NAME":"Gillespie","STATEFP":"48"},"geometry":{"type":"Polygon","coordinates":[[[543.8,506.1],[536.3,505.9],[529.4,505.7],[529.3,510.7],[529.2,514.2],[536.9,514.4],[543.7,514.6],[543.8,506.1]]]}},{"type":"Feature","properties":{"GEOID":"48173","NAME":"Glasscock","STATEFP":"48"},"geometry":{"type":"Polygon","coordinates":[[[481.6,466],[481,476.2],[491.1,476.8],[491.8,466.5],[483.2,466],[481.6,466]]]}},{"type":"Feature","properties":{"GEOID":"48175","NAME":"Goliad","STATEFP":"48"},"geometry":{"type":"Polygon","coordinates":[[[569.4,545],[567.1,543.6],[563.8,546.1],[559.5,549.5],[561.1,552.4],[567.8,556.1],[572.3,552.3],[572.4,547.1],[571.4,545.3],[569.4,545]]]}},{"type":"Feature","properties":{"GEOID":"48177","NAME":"Gonzales","STATEFP":"48"},"geometry":{"type":"Polygon","coordinates":[[[562.9,526.5],[558.5,532.8],[560.8,536.5],[563.1,539.2],[570.9,532.8],[571.7,528.3],[573,527.2],[569.4,523.4],[563.6,527],[562.9,526.5]]]}},{"type":"Feature","properties":{"GEOID":"48179","NAME":"Gray","STATEFP":"48"},"geometry":{"type":"Polygon","coordinates":[[[499.2,393.7],[509.7,394.2],[510.1,383.9],[499.8,383.4],[499.2,393.7]]]}},{"type":"Feature","properties":{"GEOID":"48181","NAME":"Grayson","STATEFP":"48"},"geometry":{"type":"Polygon","coordinates":[[[578,425.4],[577.9,438],[580.1,438.3],[588.8,438.5],[589,430.7],[586.6,429.6],[584.9,426.7],[582.9,427.8],[579.5,427.7],[578.2,425.3],[578,425.4]]]}},{"type":"Feature","properties":{"GEOID":"48183","NAME":"Gregg","STATEFP":"48"},"geometry":{"type":"Polygon","coordinates":[[[616.4,458.7],[616.5,462.6],[623.3,462.6],[624.5,462],[622.1,461.4],[622,455.9],[616.4,458.7]]]}},{"type":"Feature","properties":{"GEOID":"48185","NAME":"Grimes","STATEFP":"48"},"geometry":{"type":"Polygon","coordinates":[[[593,499.2],[592.6,504.3],[594.2,508.8],[593.2,510.8],[594.5,513.3],[600.3,512.8],[599.8,503.8],[599.1,498.3],[593,499.2]]]}},{"type":"Feature","properties":{"GEOID":"48187","NAME":"Guadalupe","STATEFP":"48"},"geometry":{"type":"Polygon","coordinates":[[[558.1,521.5],[555.5,523.9],[553.6,525.5],[549,527.5],[552.5,531.2],[552.7,532.7],[558.5,532.8],[562.9,526.5],[560.8,525.5],[558.1,521.5]]]}},{"type":"Feature","properties":{"GEOID":"48189","NAME":"Hale","STATEFP":"48"},"geometry":{"type":"Polygon","coordinates":[[[478.7,413.1],[478.1,424.6],[488.2,425.1],[488.9,413.7],[480.5,413.2],[478.7,413.1]]]}},{"type":"Feature","properties":{"GEOID":"48191","NAME":"Hall","STATEFP":"48"},"geometry":{"type":"Polygon","coordinates":[[[501.4,404.1],[500.8,414.4],[509.1,414.8],[511,414.9],[511.5,404.6],[509.1,404.5],[501.4,404.1]]]}},{"type":"Feature","properties":{"GEOID":"48193","NAME":"Hamilton","STATEFP":"48"},"geometry":{"type":"Polygon","coordinates":[[[552.4,472.9],[553.4,474.7],[547.1,478.3],[550.8,484.7],[552.7,483.6],[561.1,478.9],[556.5,470.7],[552.4,472.9]]]}},{"type":"Feature","properties":{"GEOID":"48195","NAME":"Hansford","STATEFP":"48"},"geometry":{"type":"Polygon","coordinates":[[[490.8,362],[490.2,372.5],[500.3,373],[500.9,362.5],[490.8,362]]]}},{"type":"Feature","properties":{"GEOID":"48197","NAME":"Hardeman","STATEFP":"48"},"geometry":{"type":"Polygon","coordinates":[[[519,417.3],[523.3,420.6],[527.1,421.5],[529,421],[529.3,413.7],[525,413.9],[522.3,410.8],[519.4,409.4],[519.1,415.3],[519,417.3]]]}},{"type":"Feature","properties":{"GEOID":"48199","NAME":"Hardin","STATEFP":"48"},"geometry":{"type":"Polygon","coordinates":[[[635.4,505.8],[625.8,506],[622.1,506.9],[625,515.7],[628,515.7],[631.1,515.5],[632.9,513.8],[634.7,514.4],[634.6,512.5],[634.6,508],[635.4,505.8]]]}},{"type":"Feature","properties":{"GEOID":"48201","NAME":"Harris","STATEFP":"48"},"geometry":{"type":"Polygon","coordinates":[[[600.4,516.4],[597.2,514.7],[599.9,523.5],[608.2,528.4],[612.4,528.9],[613.8,530.2],[616.5,528.9],[616.8,526.3],[618.5,525.8],[618.7,522.5],[617.2,521.2],[614.7,514.6],[611.4,517.8],[608.1,515.8],[604.5,515.4],[600.4,516.4]]]}},{"type":"Feature","properties":{"GEOID":"48203","NAME":"Harrison","STATEFP":"48"},"geometry":{"type":"Polygon","coordinates":[[[622,455.9],[622.1,461.4],[624.5,462],[626.2,462],[629,463.5],[635.1,461.8],[635,454.8],[630.2,453.6],[625.8,454.9],[621.9,452.6],[622,455.9]]]}},{"type":"Feature","properties":{"GEOID":"48205","NAME":"Hartley","STATEFP":"48"},"geometry":{"type":"Polygon","coordinates":[[[462.9,378.1],[462.7,380.9],[479.4,381.9],[480,371.8],[463.5,370.7],[462.9,378.1]]]}},{"type":"Feature","properties":{"GEOID":"48207","NAME":"Haskell","STATEFP":"48"},"geometry":{"type":"Polygon","coordinates":[[[518.3,436.9],[518,447.2],[525.4,447.6],[528.1,447.7],[528.5,437.2],[518.3,436.9]]]}},{"type":"Feature","properties":{"GEOID":"48209","NAME":"Hays","STATEFP":"48"},"geometry":{"type":"Polygon","coordinates":[[[549.5,517.1],[554.9,521.7],[555.5,523.9],[558.1,521.5],[561.5,517.7],[552.2,509.7],[549.5,517.1]]]}},{"type":"Feature","properties":{"GEOID":"48211","NAME":"Hemphill","STATEFP":"48"},"geometry":{"type":"Polygon","coordinates":[[[510.6,373.5],[510.1,383.9],[520.4,384.3],[520.6,378.1],[520.8,374],[510.6,373.5]]]}},{"type":"Feature","properties":{"GEOID":"48213","NAME":"Henderson","STATEFP":"48"},"geometry":{"type":"Polygon","coordinates":[[[607.3,463.1],[594.9,463.1],[587.4,463],[588.8,463.7],[591.7,465.6],[595.3,471.2],[595.3,471.4],[607.7,469.5],[607.1,468.3],[606.5,465.9],[607.3,463.1]]]}},{"type":"Feature","properties":{"GEOID":"48215","NAME":"Hidalgo","STATEFP":"48"},"geometry":{"type":"Polygon","coordinates":[[[541.2,605.3],[543.9,606.1],[549.4,610.2],[552.8,610.6],[556.6,610],[556.7,603.5],[556.8,601.6],[553.7,601.1],[554.8,597.4],[554.3,593.4],[547.2,593.2],[541.2,605.3]]]}},{"type":"Feature","properties":{"GEOID":"48217","NAME":"Hill","STATEFP":"48"},"geometry":{"type":"Polygon","coordinates":[[[567.1,467.2],[566.8,470.9],[569.9,475.1],[570.9,477.3],[575.7,474.6],[577.7,478.3],[582,475.8],[578.5,469.7],[577.7,470.2],[574.8,465.1],[567.1,467.2]]]}},{"type":"Feature","properties":{"GEOID":"48219","NAME":"Hockley","STATEFP":"48"},"geometry":{"type":"Polygon","coordinates":[[[467.8,423.9],[467.5,434.3],[477.6,434.9],[478.1,424.6],[467.8,423.9]]]}},{"type":"Feature","properties":{"GEOID":"48221","NAME":"Hood","STATEFP":"48"},"geometry":{"type":"Polygon","coordinates":[[[564.4,458.1],[555.5,457.9],[555.5,459],[557.8,465.6],[561,463.7],[564.3,463.7],[564.4,458.1]]]}},{"type":"Feature","properties":{"GEOID":"48223","NAME":"Hopkins","STATEFP":"48"},"geometry":{"type":"Polygon","coordinates":[[[609.9,438.9],[604.6,439.4],[599.1,442.7],[599.1,448.4],[602.9,448.8],[610,448.7],[609.9,438.9]]]}},{"type":"Feature","properties":{"GEOID":"48225","NAME":"Houston","STATEFP":"48"},"geometry":{"type":"Polygon","coordinates":[[[601.6,483.2],[603.3,487.3],[601.9,488.7],[601.1,492.8],[603.3,493.2],[604.1,496.7],[607.7,493.7],[617.3,485.8],[616.3,484.9],[613.4,481.6],[610.9,481],[603.3,482.3],[601.6,483.2]]]}},{"type":"Feature","properties":{"GEOID":"48227","NAME":"Howard","STATEFP":"48"},"geometry":{"type":"Polygon","coordinates":[[[484,455.7],[483.2,466],[491.8,466.5],[493.4,466.6],[494.1,456.4],[484,455.7]]]}},{"type":"Feature","properties":{"GEOID":"48229","NAME":"Hudspeth","STATEFP":"48"},"geometry":{"type":"Polygon","coordinates":[[[397.8,461],[396.3,475.4],[400.2,481],[402.6,482.5],[404.1,485.6],[407.2,489.2],[410.5,490.6],[414.9,495.2],[416.2,494.5],[417.7,480.9],[419.1,463.2],[397.8,461]]]}},{"type":"Feature","properties":{"GEOID":"48231","NAME":"Hunt","STATEFP":"48"},"geometry":{"type":"Polygon","coordinates":[[[590.6,439.6],[590.5,448.3],[590.5,451.6],[594.9,451.7],[597.7,451.7],[597.4,448.4],[599.1,448.4],[599.1,442.7],[599.1,438.2],[590.6,439.6]]]}},{"type":"Feature","properties":{"GEOID":"48233","NAME":"Hutchinson","STATEFP":"48"},"geometry":{"type":"Polygon","coordinates":[[[490.2,372.5],[489.6,382.7],[499.8,383.2],[500.3,373],[490.2,372.5]]]}},{"type":"Feature","properties":{"GEOID":"48235","NAME":"Irion","STATEFP":"48"},"geometry":{"type":"Polygon","coordinates":[[[491,479.7],[490.2,490.2],[496.5,490.5],[502,490.7],[502.4,480.4],[491,479.7]]]}},{"type":"Feature","properties":{"GEOID":"48237","NAME":"Jack","STATEFP":"48"},"geometry":{"type":"Polygon","coordinates":[[[549,437.9],[548.7,447.1],[556,447.4],[558.6,447.5],[558.9,437.3],[557.7,436.5],[549.1,436.3],[549,437.9]]]}},{"type":"Feature","properties":{"GEOID":"48239","NAME":"Jackson","STATEFP":"48"},"geometry":{"type":"Polygon","coordinates":[[[582.8,535.8],[577,540.4],[579.1,541.4],[580,543.9],[583,548.7],[589.7,549.6],[590,542.9],[583.2,536.2],[582.8,535.8]]]}},{"type":"Feature","properties":{"GEOID":"48241","NAME":"Jasper","STATEFP":"48"},"geometry":{"type":"Polygon","coordinates":[[[627.4,494],[631.6,494.3],[634.3,502.1],[635.8,503.2],[635.4,505.8],[634.6,508],[634.6,512.5],[639,512.4],[639.4,495.8],[638.4,490.9],[635.8,491.5],[634,492.4],[627.4,494]]]}},{"type":"Feature","properties":{"GEOID":"48243","NAME":"Jeff Davis","STATEFP":"48"},"geometry":{"type":"Polygon","coordinates":[[[414.9,495.2],[436.2,502.2],[438.2,502.4],[446,497],[443.3,494.4],[433.5,485.6],[416.2,494.5],[414.9,495.2]]]}},{"type":"Feature","properties":{"GEOID":"48245","NAME":"Jefferson","STATEFP":"48"},"geometry":{"type":"Polygon","coordinates":[[[634.7,514.4],[632.9,513.8],[631.1,515.5],[628,515.7],[628.2,520.9],[629.9,520.9],[630.1,529.9],[636.7,527],[641.2,527.5],[638.8,522.4],[640.2,521.2],[640,518.6],[636.5,517.5],[634.7,514.4]]]}},{"type":"Feature","properties":{"GEOID":"48247","NAME":"Jim Hogg","STATEFP":"48"},"geometry":{"type":"Polygon","coordinates":[[[534.1,581.5],[533.8,592.8],[545,593.1],[545.3,586.8],[544.3,586.8],[543.2,581.9],[542.6,579.7],[537.5,579.6],[537.4,581.6],[534.1,581.5]]]}},{"type":"Feature","properties":{"GEOID":"48249","NAME":"Jim Wells","STATEFP":"48"},"geometry":{"type":"Polygon","coordinates":[[[549.7,563.5],[549.3,582.1],[553,582.2],[553.2,573.5],[555.6,573.5],[555.9,567.7],[558.8,565.2],[557.1,563.7],[549.7,563.5]]]}},{"type":"Feature","properties":{"GEOID":"48251","NAME":"Johnson","STATEFP":"48"},"geometry":{"type":"Polygon","coordinates":[[[574.9,458.4],[565.7,458.1],[564.4,458.1],[564.3,463.7],[564.3,466.4],[567.1,467.2],[574.8,465.1],[574.9,458.4]]]}},{"type":"Feature","properties":{"GEOID":"48253","NAME":"Jones","STATEFP":"48"},"geometry":{"type":"Polygon","coordinates":[[[525.4,447.6],[518,447.2],[514.9,447.1],[514.4,457.4],[524.6,458],[525,458],[525.4,447.6]]]}},{"type":"Feature","properties":{"GEOID":"48255","NAME":"Karnes","STATEFP":"48"},"geometry":{"type":"Polygon","coordinates":[[[560.8,536.5],[551.1,544.3],[552.9,546.5],[554.8,548.8],[556.7,548.2],[559.5,549.5],[563.8,546.1],[560.1,541.5],[563.1,539.2],[560.8,536.5]]]}},{"type":"Feature","properties":{"GEOID":"48257","NAME":"Kaufman","STATEFP":"48"},"geometry":{"type":"Polygon","coordinates":[[[586.1,452.3],[585.9,458.6],[587.4,463],[594.9,463.1],[594.9,451.7],[590.5,451.6],[586.1,452.3]]]}},{"type":"Feature","properties":{"GEOID":"48259","NAME":"Kendall","STATEFP":"48"},"geometry":{"type":"Polygon","coordinates":[[[536.9,514.4],[536.7,522.8],[539.5,524.3],[542.2,523.8],[547.1,519.4],[543.7,514.6],[536.9,514.4]]]}},{"type":"Feature","properties":{"GEOID":"48261","NAME":"Kenedy","STATEFP":"48"},"geometry":{"type":"Polygon","coordinates":[[[554.5,583.4],[554.3,593.4],[554.8,597.4],[556.8,597.7],[570.3,597.9],[568.8,592.4],[568.4,588.3],[569.2,582.1],[558.1,582.1],[554.5,583.4]]]}},{"type":"Feature","properties":{"GEOID":"48263","NAME":"Kent","STATEFP":"48"},"geometry":{"type":"Polygon","coordinates":[[[497.9,435.9],[497.3,446],[504.9,446.5],[507.5,446.7],[508.1,436.4],[497.9,435.9]]]}},{"type":"Feature","properties":{"GEOID":"48265","NAME":"Kerr","STATEFP":"48"},"geometry":{"type":"Polygon","coordinates":[[[522.8,519.3],[531.5,519.9],[536.7,522.8],[536.9,514.4],[529.2,514.2],[529.3,510.7],[520.1,510.2],[519.8,515.3],[521.2,515.4],[521,519.3],[522.8,519.3]]]}},{"type":"Feature","properties":{"GEOID":"48267","NAME":"Kimble","STATEFP":"48"},"geometry":{"type":"Polygon","coordinates":[[[512.7,509.9],[520.1,510.2],[529.3,510.7],[529.4,505.7],[525.7,505.5],[525.9,500.6],[513.2,500.1],[512.7,509.9]]]}},{"type":"Feature","properties":{"GEOID":"48269","NAME":"King","STATEFP":"48"},"geometry":{"type":"Polygon","coordinates":[[[508.5,426.1],[508.1,436.4],[518.3,436.9],[518.7,426.5],[517.7,426.5],[508.5,426.1]]]}},{"type":"Feature","properties":{"GEOID":"48271","NAME":"Kinney","STATEFP":"48"},"geometry":{"type":"Polygon","coordinates":[[[497.7,533.9],[500.1,537.7],[511.6,538.2],[512.1,525.6],[500.1,525],[499.9,529.8],[497.7,533.9]]]}},{"type":"Feature","properties":{"GEOID":"48273","NAME":"Kleberg","STATEFP":"48"},"geometry":{"type":"Polygon","coordinates":[[[555.6,573.5],[553.2,573.5],[553,582.2],[554.5,583.4],[558.1,582.1],[569.2,582.1],[571.9,575.4],[557.7,575.4],[555.6,573.5]]]}},{"type":"Feature","properties":{"GEOID":"48275","NAME":"Knox","STATEFP":"48"},"geometry":{"type":"Polygon","coordinates":[[[518.7,426.5],[518.3,436.9],[528.5,437.2],[528.7,429.3],[527.5,427.9],[524.5,427],[518.7,426.5]]]}},{"type":"Feature","properties":{"GEOID":"48277","NAME":"Lamar","STATEFP":"48"},"geometry":{"type":"Polygon","coordinates":[[[599.3,428.1],[599.1,437],[603.8,436.4],[609.9,438.9],[609.8,427.1],[601,427.3],[599.3,428.1]]]}},{"type":"Feature","properties":{"GEOID":"48279","NAME":"Lamb","STATEFP":"48"},"geometry":{"type":"Polygon","coordinates":[[[468.6,412.4],[467.8,423.9],[478.1,424.6],[478.7,413.1],[470.3,412.5],[468.6,412.4]]]}},{"type":"Feature","properties":{"GEOID":"48281","NAME":"Lampasas","STATEFP":"48"},"geometry":{"type":"Polygon","coordinates":[[[550.8,484.7],[544.9,488.9],[547.2,493.7],[557.9,493.8],[558,493],[552.7,483.6],[550.8,484.7]]]}},{"type":"Feature","properties":{"GEOID":"48283","NAME":"La Salle","STATEFP":"48"},"geometry":{"type":"Polygon","coordinates":[[[525.6,559.4],[525.6,563.5],[537.9,563.2],[538.3,549.4],[526,549.2],[525.6,559.4]]]}},{"type":"Feature","properties":{"GEOID":"48285","NAME":"Lavaca","STATEFP":"48"},"geometry":{"type":"Polygon","coordinates":[[[570.9,532.8],[576.2,539.5],[577,540.4],[582.8,535.8],[584.8,534.1],[580.1,528.4],[578.5,527.1],[573,527.2],[571.7,528.3],[570.9,532.8]]]}},{"type":"Feature","properties":{"GEOID":"48287","NAME":"Lee","STATEFP":"48"},"geometry":{"type":"Polygon","coordinates":[[[569.3,508.9],[574.4,512.3],[575.5,517.2],[580.2,514.7],[583.3,511.6],[581,510.8],[576.8,505.4],[572.9,507.7],[569.3,508.9]]]}},{"type":"Feature","properties":{"GEOID":"48289","NAME":"Leon","STATEFP":"48"},"geometry":{"type":"Polygon","coordinates":[[[600.6,480.5],[591.6,485.3],[590,486.6],[589.8,488.3],[591.5,495.7],[596.9,492.9],[601.1,492.8],[601.9,488.7],[603.3,487.3],[601.6,483.2],[600.6,480.5]]]}},{"type":"Feature","properties":{"GEOID":"48291","NAME":"Liberty","STATEFP":"48"},"geometry":{"type":"Polygon","coordinates":[[[614.7,514.6],[617.2,521.2],[628.2,520.9],[628,515.7],[625,515.7],[622.1,506.9],[619.7,506.8],[613.3,510.4],[614.7,514.6]]]}},{"type":"Feature","properties":{"GEOID":"48293","NAME":"Limestone","STATEFP":"48"},"geometry":{"type":"Polygon","coordinates":[[[577.7,478.3],[580.3,482.7],[584.4,489.8],[590,486.6],[591.6,485.3],[586.5,476.3],[582,475.8],[577.7,478.3]]]}},{"type":"Feature","properties":{"GEOID":"48295","NAME":"Lipscomb","STATEFP":"48"},"geometry":{"type":"Polygon","coordinates":[[[521.2,363.5],[511,363],[510.5,373.5],[510.6,373.5],[520.8,374],[521.2,363.5]]]}},{"type":"Feature","properties":{"GEOID":"48297","NAME":"Live Oak","STATEFP":"48"},"geometry":{"type":"Polygon","coordinates":[[[547.9,550.5],[547.6,563.5],[549.7,563.5],[557.1,563.7],[558.5,560.9],[553.1,549.4],[554.8,548.8],[552.9,546.5],[547.9,550.5]]]}},{"type":"Feature","properties":{"GEOID":"48299","NAME":"Llano","STATEFP":"48"},"geometry":{"type":"Polygon","coordinates":[[[536.6,496],[536.3,505.9],[543.8,506.1],[548.7,506.6],[547.4,502.8],[548,498.1],[547,496.3],[536.6,496]]]}},{"type":"Feature","properties":{"GEOID":"48301","NAME":"Loving","STATEFP":"48"},"geometry":{"type":"Polygon","coordinates":[[[437.7,464.8],[444.4,473.6],[450,474.1],[450.7,465.9],[442.8,465.3],[437.7,464.8]]]}},{"type":"Feature","properties":{"GEOID":"48303","NAME":"Lubbock","STATEFP":"48"},"geometry":{"type":"Polygon","coordinates":[[[488.2,425.1],[478.1,424.6],[477.6,434.9],[487.8,435.4],[488.2,425.1]]]}},{"type":"Feature","properties":{"GEOID":"48305","NAME":"Lynn","STATEFP":"48"},"geometry":{"type":"Polygon","coordinates":[[[487.8,435.4],[477.6,434.9],[477,445],[484.5,445.5],[487.2,445.6],[487.8,435.4]]]}},{"type":"Feature","properties":{"GEOID":"48307","NAME":"McCulloch","STATEFP":"48"},"geometry":{"type":"Polygon","coordinates":[[[532.2,483],[530.2,483.7],[524.2,482.1],[523.9,491.6],[523.7,495.1],[526.1,495.2],[534,495.4],[534.5,483.2],[532.2,483]]]}},{"type":"Feature","properties":{"GEOID":"48309","NAME":"McLennan","STATEFP":"48"},"geometry":{"type":"Polygon","coordinates":[[[570.9,477.3],[564.3,480.9],[567.9,487.3],[570.7,488.3],[580.3,482.7],[577.7,478.3],[575.7,474.6],[570.9,477.3]]]}},{"type":"Feature","properties":{"GEOID":"48311","NAME":"McMullen","STATEFP":"48"},"geometry":{"type":"Polygon","coordinates":[[[538.3,549.4],[537.9,563.2],[547.6,563.5],[547.9,550.5],[548,549.7],[538.3,549.4]]]}},{"type":"Feature","properties":{"GEOID":"48313","NAME":"Madison","STATEFP":"48"},"geometry":{"type":"Polygon","coordinates":[[[601.1,492.8],[596.9,492.9],[591.5,495.7],[593,499.2],[599.1,498.3],[604.1,496.7],[603.3,493.2],[601.1,492.8]]]}},{"type":"Feature","properties":{"GEOID":"48315","NAME":"Marion","STATEFP":"48"},"geometry":{"type":"Polygon","coordinates":[[[621.9,452.6],[625.8,454.9],[630.2,453.6],[635,454.8],[634.9,450.3],[622.9,450.6],[621.8,450.6],[621.9,452.6]]]}},{"type":"Feature","properties":{"GEOID":"48317","NAME":"Martin","STATEFP":"48"},"geometry":{"type":"Polygon","coordinates":[[[483.2,466],[484,455.7],[473.8,455.2],[473.6,455.1],[473,465.4],[481.6,466],[483.2,466]]]}},{"type":"Feature","properties":{"GEOID":"48319","NAME":"Mason","STATEFP":"48"},"geometry":{"type":"Polygon","coordinates":[[[529.4,505.7],[536.3,505.9],[536.6,496],[534,495.4],[526.1,495.2],[525.9,500.6],[525.7,505.5],[529.4,505.7]]]}},{"type":"Feature","properties":{"GEOID":"48321","NAME":"Matagorda","STATEFP":"48"},"geometry":{"type":"Polygon","coordinates":[[[590,542.9],[589.7,549.6],[588.1,558.9],[592.6,554.8],[601.5,550.5],[606.8,547.5],[603.5,543.1],[601.2,542.8],[599,536.6],[597.1,538.6],[590,542.9]]]}},{"type":"Feature","properties":{"GEOID":"48323","NAME":"Maverick","STATEFP":"48"},"geometry":{"type":"Polygon","coordinates":[[[500.1,537.7],[500.7,542],[502.3,543.9],[503.1,547.7],[506.3,553.3],[507,556.8],[508.6,558.9],[510.7,558.9],[511.1,548.4],[511.6,538.2],[500.1,537.7]]]}},{"type":"Feature","properties":{"GEOID":"48325","NAME":"Medina","STATEFP":"48"},"geometry":{"type":"Polygon","coordinates":[[[526,538.6],[538.5,539.1],[538.6,535.3],[538.9,525],[536.4,527.9],[535.2,526.4],[526.5,526.1],[526,538.6]]]}},{"type":"Feature","properties":{"GEOID":"48327","NAME":"Menard","STATEFP":"48"},"geometry":{"type":"Polygon","coordinates":[[[523.9,491.6],[513.6,491.2],[513.2,500.1],[525.9,500.6],[526.1,495.2],[523.7,495.1],[523.9,491.6]]]}},{"type":"Feature","properties":{"GEOID":"48329","NAME":"Midland","STATEFP":"48"},"geometry":{"type":"Polygon","coordinates":[[[471.5,465.3],[470.8,475.6],[481,476.2],[481.6,466],[473,465.4],[471.5,465.3]]]}},{"type":"Feature","properties":{"GEOID":"48331","NAME":"Milam","STATEFP":"48"},"geometry":{"type":"Polygon","coordinates":[[[574.8,495.3],[571,497.5],[569.8,500.7],[570.7,501.1],[572.9,507.7],[576.8,505.4],[583.8,501.4],[583.4,499.3],[581.1,496.7],[579.7,492.5],[574.8,495.3]]]}},{"type":"Feature","properties":{"GEOID":"48333","NAME":"Mills","STATEFP":"48"},"geometry":{"type":"Polygon","coordinates":[[[536.5,482.7],[537,483.6],[542.3,484.7],[544.9,488.9],[550.8,484.7],[547.1,478.3],[543.1,477.8],[536.5,482.7]]]}},{"type":"Feature","properties":{"GEOID":"48335","NAME":"Mitchell","STATEFP":"48"},"geometry":{"type":"Polygon","coordinates":[[[504.3,456.9],[494.1,456.3],[494.1,456.4],[493.4,466.6],[500.6,467],[503.7,467.2],[504.3,456.9]]]}},{"type":"Feature","properties":{"GEOID":"48337","NAME":"Montague","STATEFP":"48"},"geometry":{"type":"Polygon","coordinates":[[[557.9,426.5],[557.7,436.5],[558.9,437.3],[567.3,437.4],[567.5,426],[566,426.4],[564.1,424.2],[559.9,427.4],[557.9,426.5]]]}},{"type":"Feature","properties":{"GEOID":"48339","NAME":"Montgomery","STATEFP":"48"},"geometry":{"type":"Polygon","coordinates":[[[600.3,512.8],[600.4,516.4],[604.5,515.4],[608.1,515.8],[611.4,517.8],[614.7,514.6],[613.3,510.4],[610.4,509],[609.4,506.7],[604.5,506.6],[599.8,503.8],[600.3,512.8]]]}},{"type":"Feature","properties":{"GEOID":"48341","NAME":"Moore","STATEFP":"48"},"geometry":{"type":"Polygon","coordinates":[[[490.2,372.5],[480,371.8],[479.4,381.9],[479.3,382.1],[489.6,382.8],[489.6,382.7],[490.2,372.5]]]}},{"type":"Feature","properties":{"GEOID":"48343","NAME":"Morris","STATEFP":"48"},"geometry":{"type":"Polygon","coordinates":[[[619.7,439.2],[619.6,448.2],[621.5,450],[621.8,450.6],[622.9,450.6],[622.8,441.4],[620.9,440],[619.7,439.2]]]}},{"type":"Feature","properties":{"GEOID":"48345","NAME":"Motley","STATEFP":"48"},"geometry":{"type":"Polygon","coordinates":[[[499,414.3],[498.4,425.6],[508.5,426.1],[509.1,414.8],[500.8,414.4],[499,414.3]]]}},{"type":"Feature","properties":{"GEOID":"48347","NAME":"Nacogdoches","STATEFP":"48"},"geometry":{"type":"Polygon","coordinates":[[[617.5,475],[617,478.6],[619.1,482.5],[621.8,484.1],[625.3,484.6],[630,489.5],[630.1,480.9],[628.4,479.4],[627.2,474.9],[617.5,475]]]}},{"type":"Feature","properties":{"GEOID":"48349","NAME":"Navarro","STATEFP":"48"},"geometry":{"type":"Polygon","coordinates":[[[588.8,463.7],[578.5,469.7],[582,475.8],[586.5,476.3],[595.3,471.2],[591.7,465.6],[588.8,463.7]]]}},{"type":"Feature","properties":{"GEOID":"48351","NAME":"Newton","STATEFP":"48"},"geometry":{"type":"Polygon","coordinates":[[[638.4,490.9],[639.4,495.8],[639,512.4],[643,512.3],[642.2,508.6],[642.2,505.3],[644.3,502],[645.6,497.5],[646.2,493.5],[645.6,490.1],[644.6,490.3],[638.4,490.9]]]}},{"type":"Feature","properties":{"GEOID":"48353","NAME":"Nolan","STATEFP":"48"},"geometry":{"type":"Polygon","coordinates":[[[514.4,457.4],[504.3,456.9],[503.7,467.2],[512.2,467.7],[513.8,467.7],[514.4,457.4]]]}},{"type":"Feature","properties":{"GEOID":"48355","NAME":"Nueces","STATEFP":"48"},"geometry":{"type":"Polygon","coordinates":[[[558.8,565.2],[555.9,567.7],[555.6,573.5],[557.7,575.4],[571.9,575.4],[575.8,569.9],[572.6,567.5],[571.5,569.2],[568.4,568],[563.1,568.5],[558.8,565.2]]]}},{"type":"Feature","properties":{"GEOID":"48357","NAME":"Ochiltree","STATEFP":"48"},"geometry":{"type":"Polygon","coordinates":[[[500.3,373],[510.5,373.5],[511,363],[503.4,362.6],[500.9,362.5],[500.3,373]]]}},{"type":"Feature","properties":{"GEOID":"48359","NAME":"Oldham","STATEFP":"48"},"geometry":{"type":"Polygon","coordinates":[[[479.4,381.9],[462.7,380.9],[461.9,391.3],[478.6,392.4],[479.3,382.1],[479.4,381.9]]]}},{"type":"Feature","properties":{"GEOID":"48361","NAME":"Orange","STATEFP":"48"},"geometry":{"type":"Polygon","coordinates":[[[634.7,514.4],[636.5,517.5],[640,518.6],[640.2,521.2],[642.8,516.8],[643,512.3],[639,512.4],[634.6,512.5],[634.7,514.4]]]}},{"type":"Feature","properties":{"GEOID":"48363","NAME":"Palo Pinto","STATEFP":"48"},"geometry":{"type":"Polygon","coordinates":[[[545.7,448.3],[545.4,458.7],[547.4,458.8],[555.5,459],[555.5,457.9],[556,447.4],[548.7,447.1],[545.7,448.3]]]}},{"type":"Feature","properties":{"GEOID":"48365","NAME":"Panola","STATEFP":"48"},"geometry":{"type":"Polygon","coordinates":[[[626.2,462],[624.5,466.5],[624.2,471.9],[626,471.9],[635.9,471.6],[635.2,466.5],[635.1,461.8],[629,463.5],[626.2,462]]]}},{"type":"Feature","properties":{"GEOID":"48367","NAME":"Parker","STATEFP":"48"},"geometry":{"type":"Polygon","coordinates":[[[556,447.4],[555.5,457.9],[564.4,458.1],[565.7,458.1],[566,447.8],[558.6,447.5],[556,447.4]]]}},{"type":"Feature","properties":{"GEOID":"48369","NAME":"Parmer","STATEFP":"48"},"geometry":{"type":"Polygon","coordinates":[[[461.1,401.6],[460.4,411.8],[468.6,412.4],[470.3,412.5],[471.1,402.3],[461.1,401.6]]]}},{"type":"Feature","properties":{"GEOID":"48371","NAME":"Pecos","STATEFP":"48"},"geometry":{"type":"Polygon","coordinates":[[[455.9,481.1],[443.3,494.4],[446,497],[462.6,512.7],[463,507.3],[467.5,507.6],[468,500.2],[472.2,500.5],[472.3,499.1],[479.7,499.7],[477.9,493.5],[475.8,491.6],[469.7,490],[467.9,488.7],[467.2,486.1],[462.6,482.6],[460.6,483.3],[459.4,483.9],[455.9,481.1]]]}},{"type":"Feature","properties":{"GEOID":"48373","NAME":"Polk","STATEFP":"48"},"geometry":{"type":"Polygon","coordinates":[[[619.6,491.5],[617.7,493.9],[612.5,499.1],[613.6,501.7],[616.1,502.9],[619.7,506.8],[622.1,506.9],[625.8,506],[623.4,494.6],[625.3,493.5],[619.6,491.5]]]}},{"type":"Feature","properties":{"GEOID":"48375","NAME":"Potter","STATEFP":"48"},"geometry":{"type":"Polygon","coordinates":[[[478.6,392.4],[489,393.1],[489.6,382.8],[479.3,382.1],[478.6,392.4]]]}},{"type":"Feature","properties":{"GEOID":"48377","NAME":"Presidio","STATEFP":"48"},"geometry":{"type":"Polygon","coordinates":[[[414.9,495.2],[416.4,496.7],[416.8,501],[419.8,506.3],[419.1,509.3],[419.5,512.5],[421.7,516.8],[422.2,519.2],[425.5,522.3],[428.1,523.5],[428.7,525.5],[432.6,528.2],[436.2,529.3],[438.2,502.4],[436.2,502.2],[414.9,495.2]]]}},{"type":"Feature","properties":{"GEOID":"48379","NAME":"Rains","STATEFP":"48"},"geometry":{"type":"Polygon","coordinates":[[[597.7,451.7],[603.6,454.5],[602.9,448.8],[599.1,448.4],[597.4,448.4],[597.7,451.7]]]}},{"type":"Feature","properties":{"GEOID":"48381","NAME":"Randall","STATEFP":"48"},"geometry":{"type":"Polygon","coordinates":[[[478.6,392.4],[477.9,402.7],[481.2,402.9],[488.2,403.4],[489,393.1],[478.6,392.4]]]}},{"type":"Feature","properties":{"GEOID":"48383","NAME":"Reagan","STATEFP":"48"},"geometry":{"type":"Polygon","coordinates":[[[481,476.2],[480.2,489.6],[490.2,490.2],[491,479.7],[491,479],[491.1,476.8],[481,476.2]]]}},{"type":"Feature","properties":{"GEOID":"48385","NAME":"Real","STATEFP":"48"},"geometry":{"type":"Polygon","coordinates":[[[519.8,515.3],[515.5,514.9],[513.6,524],[514.1,525.7],[522.6,525.9],[522.8,519.3],[521,519.3],[521.2,515.4],[519.8,515.3]]]}},{"type":"Feature","properties":{"GEOID":"48387","NAME":"Red River","STATEFP":"48"},"geometry":{"type":"Polygon","coordinates":[[[609.8,427.1],[609.9,438.9],[613.5,438.6],[619.7,439.2],[620.9,440],[620.8,431.1],[618.5,430.2],[615.8,427.5],[612.8,425.7],[609.8,427.1]]]}},{"type":"Feature","properties":{"GEOID":"48389","NAME":"Reeves","STATEFP":"48"},"geometry":{"type":"Polygon","coordinates":[[[433.5,485.6],[443.3,494.4],[455.9,481.1],[452.5,480.9],[446.9,479],[446.4,474.4],[444.4,473.6],[437.7,464.8],[436.9,464.8],[433.5,485.6]]]}},{"type":"Feature","properties":{"GEOID":"48391","NAME":"Refugio","STATEFP":"48"},"geometry":{"type":"Polygon","coordinates":[[[567.8,556.1],[564.2,561.3],[568.8,562.3],[570,563.5],[572.5,562.9],[575,560.9],[573,558.9],[579.9,557.9],[580.2,555.9],[577.9,553.5],[572.3,552.3],[567.8,556.1]]]}},{"type":"Feature","properties":{"GEOID":"48393","NAME":"Roberts","STATEFP":"48"},"geometry":{"type":"Polygon","coordinates":[[[500.3,373],[499.8,383.2],[499.8,383.4],[510.1,383.9],[510.6,373.5],[510.5,373.5],[500.3,373]]]}},{"type":"Feature","properties":{"GEOID":"48395","NAME":"Robertson","STATEFP":"48"},"geometry":{"type":"Polygon","coordinates":[[[579.7,492.5],[581.1,496.7],[583.4,499.3],[583.8,501.4],[584.9,502.2],[587.1,501],[589.5,496.9],[591.5,495.7],[589.8,488.3],[590,486.6],[584.4,489.8],[579.7,492.5]]]}},{"type":"Feature","properties":{"GEOID":"48397","NAME":"Rockwall","STATEFP":"48"},"geometry":{"type":"Polygon","coordinates":[[[590.5,448.3],[586.2,448.3],[586.1,452.3],[590.5,451.6],[590.5,448.3]]]}},{"type":"Feature","properties":{"GEOID":"48399","NAME":"Runnels","STATEFP":"48"},"geometry":{"type":"Polygon","coordinates":[[[514.1,479.6],[521.9,480],[522.5,468.1],[513.8,467.7],[512.2,467.7],[511.8,476.9],[511.7,479.3],[514.1,479.6]]]}},{"type":"Feature","properties":{"GEOID":"48401","NAME":"Rusk","STATEFP":"48"},"geometry":{"type":"Polygon","coordinates":[[[616.5,462.6],[616.5,468.1],[616.6,475],[617.5,475],[627.2,474.9],[626,471.9],[624.2,471.9],[624.5,466.5],[626.2,462],[624.5,462],[623.3,462.6],[616.5,462.6]]]}},{"type":"Feature","properties":{"GEOID":"48403","NAME":"Sabine","STATEFP":"48"},"geometry":{"type":"Polygon","coordinates":[[[636.7,481.2],[635.6,485],[635.8,491.5],[638.4,490.9],[644.6,490.3],[642.8,487.2],[642.6,484.2],[639.7,480.8],[636.7,481.2]]]}},{"type":"Feature","properties":{"GEOID":"48405","NAME":"San Augustine","STATEFP":"48"},"geometry":{"type":"Polygon","coordinates":[[[628.4,479.4],[630.1,480.9],[630,489.5],[634,492.4],[635.8,491.5],[635.6,485],[636.7,481.2],[634.5,480.1],[628.4,479.4]]]}},{"type":"Feature","properties":{"GEOID":"48407","NAME":"San Jacinto","STATEFP":"48"},"geometry":{"type":"Polygon","coordinates":[[[609.9,498.3],[609.4,506.7],[610.4,509],[613.3,510.4],[619.7,506.8],[616.1,502.9],[613.6,501.7],[612.5,499.1],[609.9,498.3]]]}},{"type":"Feature","properties":{"GEOID":"48409","NAME":"San Patricio","STATEFP":"48"},"geometry":{"type":"Polygon","coordinates":[[[558.8,565.2],[563.1,568.5],[568.4,568],[571.5,569.2],[572.6,567.5],[570,563.5],[568.8,562.3],[564.2,561.3],[563.7,562.1],[558.5,560.9],[557.1,563.7],[558.8,565.2]]]}},{"type":"Feature","properties":{"GEOID":"48411","NAME":"San Saba","STATEFP":"48"},"geometry":{"type":"Polygon","coordinates":[[[534.5,483.2],[534,495.4],[536.6,496],[547,496.3],[547.2,493.7],[544.9,488.9],[542.3,484.7],[537,483.6],[536.5,482.7],[534.5,483.2]]]}},{"type":"Feature","properties":{"GEOID":"48413","NAME":"Schleicher","STATEFP":"48"},"geometry":{"type":"Polygon","coordinates":[[[513.6,491.2],[502,490.7],[496.5,490.5],[496.1,499.4],[513.2,500.1],[513.6,491.2]]]}},{"type":"Feature","properties":{"GEOID":"48415","NAME":"Scurry","STATEFP":"48"},"geometry":{"type":"Polygon","coordinates":[[[497.3,446],[494.7,446],[494.1,456.3],[504.3,456.9],[504.9,446.5],[497.3,446]]]}},{"type":"Feature","properties":{"GEOID":"48417","NAME":"Shackelford","STATEFP":"48"},"geometry":{"type":"Polygon","coordinates":[[[535.2,458.4],[535.5,447.9],[528.1,447.7],[525.4,447.6],[525,458],[534.8,458.3],[535.2,458.4]]]}},{"type":"Feature","properties":{"GEOID":"48419","NAME":"Shelby","STATEFP":"48"},"geometry":{"type":"Polygon","coordinates":[[[635.9,471.6],[626,471.9],[627.2,474.9],[628.4,479.4],[634.5,480.1],[636.7,481.2],[639.7,480.8],[640.4,478],[638.7,474.7],[635.9,471.6]]]}},{"type":"Feature","properties":{"GEOID":"48421","NAME":"Sherman","STATEFP":"48"},"geometry":{"type":"Polygon","coordinates":[[[490.8,362],[483.1,361.5],[480.7,361.3],[480,371.8],[490.2,372.5],[490.8,362]]]}},{"type":"Feature","properties":{"GEOID":"48423","NAME":"Smith","STATEFP":"48"},"geometry":{"type":"Polygon","coordinates":[[[607.3,463.1],[606.5,465.9],[607.1,468.3],[616.5,468.1],[616.5,462.6],[616.4,458.7],[613.1,458],[606,456.8],[604.4,455.3],[604.4,460.2],[607.3,463.1]]]}},{"type":"Feature","properties":{"GEOID":"48425","NAME":"Somervell","STATEFP":"48"},"geometry":{"type":"Polygon","coordinates":[[[557.8,465.6],[559.3,469.1],[564.3,466.4],[564.3,463.7],[561,463.7],[557.8,465.6]]]}},{"type":"Feature","properties":{"GEOID":"48427","NAME":"Starr","STATEFP":"48"},"geometry":{"type":"Polygon","coordinates":[[[529.1,597.6],[530.8,601.7],[534.7,602.9],[536.3,602.5],[539.6,605.8],[541.2,605.3],[547.2,593.2],[545,593.1],[533.8,592.8],[532.5,595.3],[529.1,597.6]]]}},{"type":"Feature","properties":{"GEOID":"48429","NAME":"Stephens","STATEFP":"48"},"geometry":{"type":"Polygon","coordinates":[[[535.5,447.9],[535.2,458.4],[545.4,458.7],[545.7,448.3],[538.3,448],[535.5,447.9]]]}},{"type":"Feature","properties":{"GEOID":"48431","NAME":"Sterling","STATEFP":"48"},"geometry":{"type":"Polygon","coordinates":[[[491.1,476.8],[491,479],[499.1,479.3],[500,476.2],[500.6,467],[493.4,466.6],[491.8,466.5],[491.1,476.8]]]}},{"type":"Feature","properties":{"GEOID":"48433","NAME":"Stonewall","STATEFP":"48"},"geometry":{"type":"Polygon","coordinates":[[[508.1,436.4],[507.5,446.7],[514.9,447.1],[518,447.2],[518.3,436.9],[508.1,436.4]]]}},{"type":"Feature","properties":{"GEOID":"48435","NAME":"Sutton","STATEFP":"48"},"geometry":{"type":"Polygon","coordinates":[[[513.2,500.1],[496.1,499.4],[495.6,509.2],[500.9,509.4],[512.7,509.9],[513.2,500.1]]]}},{"type":"Feature","properties":{"GEOID":"48437","NAME":"Swisher","STATEFP":"48"},"geometry":{"type":"Polygon","coordinates":[[[481.2,402.9],[480.5,413.2],[488.9,413.7],[490.7,413.8],[491.3,403.6],[488.2,403.4],[481.2,402.9]]]}},{"type":"Feature","properties":{"GEOID":"48439","NAME":"Tarrant","STATEFP":"48"},"geometry":{"type":"Polygon","coordinates":[[[576.1,448],[568.9,447.9],[566,447.8],[565.7,458.1],[574.9,458.4],[575.8,458.4],[576.1,448]]]}},{"type":"Feature","properties":{"GEOID":"48441","NAME":"Taylor","STATEFP":"48"},"geometry":{"type":"Polygon","coordinates":[[[524.6,458],[514.4,457.4],[513.8,467.7],[522.5,468.1],[524.2,468.2],[524.6,458]]]}},{"type":"Feature","properties":{"GEOID":"48443","NAME":"Terrell","STATEFP":"48"},"geometry":{"type":"Polygon","coordinates":[[[467.3,517.1],[471.4,519.4],[478.6,520.1],[479.4,508.3],[481.5,506.7],[479.9,505.2],[482,502.2],[481.7,500.2],[479.7,499.7],[472.3,499.1],[472.2,500.5],[468,500.2],[467.5,507.6],[463,507.3],[462.6,512.7],[467.3,517.1]]]}},{"type":"Feature","properties":{"GEOID":"48445","NAME":"Terry","STATEFP":"48"},"geometry":{"type":"Polygon","coordinates":[[[467.5,434.3],[466.8,444.4],[474.4,444.9],[477,445],[477.6,434.9],[467.5,434.3]]]}},{"type":"Feature","properties":{"GEOID":"48447","NAME":"Throckmorton","STATEFP":"48"},"geometry":{"type":"Polygon","coordinates":[[[528.1,447.7],[535.5,447.9],[538.3,448],[538.6,437.6],[528.5,437.2],[528.1,447.7]]]}},{"type":"Feature","properties":{"GEOID":"48449","NAME":"Titus","STATEFP":"48"},"geometry":{"type":"Polygon","coordinates":[[[613.5,447],[617.4,446.1],[619.6,448.2],[619.7,439.2],[613.5,438.6],[613.5,447]]]}},{"type":"Feature","properties":{"GEOID":"48451","NAME":"Tom Green","STATEFP":"48"},"geometry":{"type":"Polygon","coordinates":[[[511.8,476.9],[500,476.2],[499.1,479.3],[491,479],[491,479.7],[502.4,480.4],[502,490.7],[513.6,491.2],[514.1,479.6],[511.7,479.3],[511.8,476.9]]]}},{"type":"Feature","properties":{"GEOID":"48453","NAME":"Travis","STATEFP":"48"},"geometry":{"type":"Polygon","coordinates":[[[554.9,503.5],[553.2,508.1],[552.2,509.7],[561.5,517.7],[562.8,516.7],[566,513.4],[568.6,508.5],[564,506.5],[559.6,507.7],[556.8,503.4],[554.9,503.5]]]}},{"type":"Feature","properties":{"GEOID":"48455","NAME":"Trinity","STATEFP":"48"},"geometry":{"type":"Polygon","coordinates":[[[609.9,498.3],[612.5,499.1],[617.7,493.9],[619.6,491.5],[618.5,487.2],[617.3,485.8],[607.7,493.7],[607.8,496.5],[609.9,498.3]]]}},{"type":"Feature","properties":{"GEOID":"48457","NAME":"Tyler","STATEFP":"48"},"geometry":{"type":"Polygon","coordinates":[[[625.3,493.5],[623.4,494.6],[625.8,506],[635.4,505.8],[635.8,503.2],[634.3,502.1],[631.6,494.3],[627.4,494],[625.3,493.5]]]}},{"type":"Feature","properties":{"GEOID":"48459","NAME":"Upshur","STATEFP":"48"},"geometry":{"type":"Polygon","coordinates":[[[613,450.1],[613.1,458],[616.4,458.7],[622,455.9],[621.9,452.6],[621.8,450.6],[621.5,450],[613,450.1]]]}},{"type":"Feature","properties":{"GEOID":"48461","NAME":"Upton","STATEFP":"48"},"geometry":{"type":"Polygon","coordinates":[[[469.6,488.8],[480.2,489.6],[481,476.2],[470.8,475.6],[470.2,475.5],[469.6,488.8]]]}},{"type":"Feature","properties":{"GEOID":"48463","NAME":"Uvalde","STATEFP":"48"},"geometry":{"type":"Polygon","coordinates":[[[522.6,525.9],[514.1,525.7],[512.1,525.6],[511.6,538.2],[526,538.6],[526.5,526.1],[522.6,525.9]]]}},{"type":"Feature","properties":{"GEOID":"48465","NAME":"Val Verde","STATEFP":"48"},"geometry":{"type":"Polygon","coordinates":[[[478.6,520.1],[480.9,520.9],[484.9,520.3],[487.8,524],[488.5,526.5],[492.5,528.5],[493.6,530.8],[497.7,533.9],[499.9,529.8],[500.1,525],[500.9,509.4],[495.6,509.2],[479.4,508.3],[478.6,520.1]]]}},{"type":"Feature","properties":{"GEOID":"48467","NAME":"Van Zandt","STATEFP":"48"},"geometry":{"type":"Polygon","coordinates":[[[594.9,451.7],[594.9,463.1],[607.3,463.1],[604.4,460.2],[604.4,455.3],[603.6,454.5],[597.7,451.7],[594.9,451.7]]]}},{"type":"Feature","properties":{"GEOID":"48469","NAME":"Victoria","STATEFP":"48"},"geometry":{"type":"Polygon","coordinates":[[[576.2,539.5],[569.4,545],[571.4,545.3],[572.4,547.1],[572.3,552.3],[577.9,553.5],[578.7,550.5],[583,548.7],[580,543.9],[579.1,541.4],[577,540.4],[576.2,539.5]]]}},{"type":"Feature","properties":{"GEOID":"48471","NAME":"Walker","STATEFP":"48"},"geometry":{"type":"Polygon","coordinates":[[[604.1,496.7],[599.1,498.3],[599.8,503.8],[604.5,506.6],[609.4,506.7],[609.9,498.3],[607.8,496.5],[607.7,493.7],[604.1,496.7]]]}},{"type":"Feature","properties":{"GEOID":"48473","NAME":"Waller","STATEFP":"48"},"geometry":{"type":"Polygon","coordinates":[[[600.3,512.8],[594.5,513.3],[592.5,515.4],[593.4,516.9],[594.3,523],[595.7,525],[599.9,523.5],[597.2,514.7],[600.4,516.4],[600.3,512.8]]]}},{"type":"Feature","properties":{"GEOID":"48475","NAME":"Ward","STATEFP":"48"},"geometry":{"type":"Polygon","coordinates":[[[444.4,473.6],[446.4,474.4],[446.9,479],[452.5,480.9],[455.9,481.1],[459.4,483.9],[460.6,483.3],[461.2,474.9],[460.6,474.8],[450,474.1],[444.4,473.6]]]}},{"type":"Feature","properties":{"GEOID":"48477","NAME":"Washington","STATEFP":"48"},"geometry":{"type":"Polygon","coordinates":[[[590.3,509.6],[583.3,511.6],[580.2,514.7],[582.4,515],[583.7,517.5],[590.4,516.3],[593.4,516.9],[592.5,515.4],[594.5,513.3],[593.2,510.8],[590.3,509.6]]]}},{"type":"Feature","properties":{"GEOID":"48479","NAME":"Webb","STATEFP":"48"},"geometry":{"type":"Polygon","coordinates":[[[508.6,558.9],[511.2,560.2],[515,566.1],[515.3,568.6],[518.3,571.7],[520.8,572.4],[523.3,576.3],[522.6,579.5],[523.6,581.3],[534.1,581.5],[537.4,581.6],[537.5,579.6],[537.9,563.2],[525.6,563.5],[525.6,559.4],[510.7,558.9],[508.6,558.9]]]}},{"type":"Feature","properties":{"GEOID":"48481","NAME":"Wharton","STATEFP":"48"},"geometry":{"type":"Polygon","coordinates":[[[592.8,527.2],[590.1,530],[589.2,532.5],[583.2,536.2],[590,542.9],[597.1,538.6],[599,536.6],[599.5,535.9],[597.4,534.1],[595.1,530.9],[594.5,527.9],[592.8,527.2]]]}},{"type":"Feature","properties":{"GEOID":"48483","NAME":"Wheeler","STATEFP":"48"},"geometry":{"type":"Polygon","coordinates":[[[510.1,383.9],[509.7,394.2],[519.9,394.7],[520.2,389],[520.4,384.3],[510.1,383.9]]]}},{"type":"Feature","properties":{"GEOID":"48485","NAME":"Wichita","STATEFP":"48"},"geometry":{"type":"Polygon","coordinates":[[[549.2,427.5],[549.4,421.7],[548.2,422.2],[545.8,419.9],[544.3,420.4],[539.2,418.4],[538.9,427.3],[549.2,427.5]]]}},{"type":"Feature","properties":{"GEOID":"48487","NAME":"Wilbarger","STATEFP":"48"},"geometry":{"type":"Polygon","coordinates":[[[529,421],[528.8,427],[538.9,427.3],[539.2,418.4],[534.6,418.2],[534.4,415.2],[533.4,413.6],[529.3,413.7],[529,421]]]}},{"type":"Feature","properties":{"GEOID":"48489","NAME":"Willacy","STATEFP":"48"},"geometry":{"type":"Polygon","coordinates":[[[554.8,597.4],[553.7,601.1],[556.8,601.6],[556.7,603.5],[563.8,604.8],[566.9,602.3],[571.5,602.3],[570.3,597.9],[556.8,597.7],[554.8,597.4]]]}},{"type":"Feature","properties":{"GEOID":"48491","NAME":"Williamson","STATEFP":"48"},"geometry":{"type":"Polygon","coordinates":[[[559.5,497],[556.7,499.7],[554.9,503.5],[556.8,503.4],[559.6,507.7],[564,506.5],[568.6,508.5],[569.3,508.9],[572.9,507.7],[570.7,501.1],[569.8,500.7],[563.6,497.8],[559.5,497]]]}},{"type":"Feature","properties":{"GEOID":"48493","NAME":"Wilson","STATEFP":"48"},"geometry":{"type":"Polygon","coordinates":[[[552.5,531.2],[546.7,538.7],[551.1,544.3],[560.8,536.5],[558.5,532.8],[552.7,532.7],[552.5,531.2]]]}},{"type":"Feature","properties":{"GEOID":"48495","NAME":"Winkler","STATEFP":"48"},"geometry":{"type":"Polygon","coordinates":[[[450,474.1],[460.6,474.8],[461.3,464.6],[456.1,464.2],[455.9,466.3],[450.7,465.9],[450,474.1]]]}},{"type":"Feature","properties":{"GEOID":"48497","NAME":"Wise","STATEFP":"48"},"geometry":{"type":"Polygon","coordinates":[[[567.3,437.4],[558.9,437.3],[558.6,447.5],[566,447.8],[568.9,447.9],[569.3,437.5],[567.3,437.4]]]}},{"type":"Feature","properties":{"GEOID":"48499","NAME":"Wood","STATEFP":"48"},"geometry":{"type":"Polygon","coordinates":[[[610,448.7],[602.9,448.8],[603.6,454.5],[604.4,455.3],[606,456.8],[613.1,458],[613,450.1],[613,447.5],[610,448.7]]]}},{"type":"Feature","properties":{"GEOID":"48501","NAME":"Yoakum","STATEFP":"48"},"geometry":{"type":"Polygon","coordinates":[[[458.5,433.6],[457.6,443.7],[466.8,444.4],[467.5,434.3],[458.5,433.6]]]}},{"type":"Feature","properties":{"GEOID":"48503","NAME":"Young","STATEFP":"48"},"geometry":{"type":"Polygon","coordinates":[[[538.6,437.6],[538.3,448],[545.7,448.3],[548.7,447.1],[549,437.9],[538.6,437.6]]]}},{"type":"Feature","properties":{"GEOID":"48505","NAME":"Zapata","STATEFP":"48"},"geometry":{"type":"Polygon","coordinates":[[[523.6,581.3],[523.6,586.9],[527.2,591.2],[529.1,597.6],[532.5,595.3],[533.8,592.8],[534.1,581.5],[523.6,581.3]]]}},{"type":"Feature","properties":{"GEOID":"48507","NAME":"Zavala","STATEFP":"48"},"geometry":{"type":"Polygon","coordinates":[[[511.6,538.2],[511.1,548.4],[525.7,549.2],[526,538.6],[511.6,538.2]]]}},{"type":"Feature","properties":{"GEOID":"49001","NAME":"Beaver","STATEFP":"49"},"geometry":{"type":"Polygon","coordinates":[[[266.8,294.6],[295.2,299.8],[295.8,299.9],[298.5,295.9],[295.9,291.2],[296.2,289.8],[268.7,284.7],[266.8,294.6]]]}},{"type":"Feature","properties":{"GEOID":"49003","NAME":"Box Elder","STATEFP":"49"},"geometry":{"type":"Polygon","coordinates":[[[318.8,225],[317.4,221.6],[317,218.1],[317.9,215.6],[316.4,210.8],[302,208.3],[288,205.9],[284.1,205.1],[279.7,228.2],[301.3,232.2],[306.9,231.3],[312.4,226.1],[316,226.7],[318.8,225]]]}},{"type":"Feature","properties":{"GEOID":"49005","NAME":"Cache","STATEFP":"49"},"geometry":{"type":"Polygon","coordinates":[[[316.4,210.8],[317.9,215.6],[317,218.1],[317.4,221.6],[318.8,225],[321.4,226.6],[322.6,225.6],[325.3,226.2],[326.9,223.8],[327.7,220.4],[327.6,212.7],[317.2,211],[316.4,210.8]]]}},{"type":"Feature","properties":{"GEOID":"49007","NAME":"Carbon","STATEFP":"49"},"geometry":{"type":"Polygon","coordinates":[[[323.4,267.1],[325.5,273.1],[344.3,276],[346.3,268.2],[330.7,265.7],[323.8,264.6],[323.4,267.1]]]}},{"type":"Feature","properties":{"GEOID":"49009","NAME":"Daggett","STATEFP":"49"},"geometry":{"type":"Polygon","coordinates":[[[366.6,242.5],[350,240.2],[349.4,244.5],[349.8,244.7],[351.5,246],[360.1,245],[363.5,245.5],[363.7,249.7],[365.6,250.5],[366.6,242.5]]]}},{"type":"Feature","properties":{"GEOID":"49011","NAME":"Davis","STATEFP":"49"},"geometry":{"type":"Polygon","coordinates":[[[319.2,238.6],[318.2,236.2],[318.2,231.8],[312.5,230.5],[306.9,231.3],[309.7,239.2],[314.7,236.4],[315.4,238.9],[319.2,238.6]]]}},{"type":"Feature","properties":{"GEOID":"49013","NAME":"Duchesne","STATEFP":"49"},"geometry":{"type":"Polygon","coordinates":[[[330.7,265.7],[346.3,268.2],[349.8,244.7],[349.4,244.5],[344.9,243.4],[342.7,244.2],[336,244.1],[333.1,245.3],[330.4,263.6],[330.7,265.7]]]}},{"type":"Feature","properties":{"GEOID":"49015","NAME":"Emery","STATEFP":"49"},"geometry":{"type":"Polygon","coordinates":[[[323.4,267.1],[322.5,272.7],[321.5,272.5],[319.9,282.7],[317.8,294.9],[317.7,295.1],[340.9,298.7],[341.5,298.2],[340.8,292.6],[339.7,289.8],[340.4,285.9],[344.3,276],[325.5,273.1],[323.4,267.1]]]}},{"type":"Feature","properties":{"GEOID":"49017","NAME":"Garfield","STATEFP":"49"},"geometry":{"type":"Polygon","coordinates":[[[306.7,301.7],[295.8,299.9],[295.2,299.8],[294.3,305.9],[292.3,305.7],[289.9,307.1],[288.9,313.3],[304.3,316.1],[326.2,319.5],[329.2,317.4],[332.6,312.1],[335.3,312.5],[339.8,307.9],[341.4,307.2],[327.6,305.1],[306.7,301.7]]]}},{"type":"Feature","properties":{"GEOID":"49019","NAME":"Grand","STATEFP":"49"},"geometry":{"type":"Polygon","coordinates":[[[361.7,277.8],[360.6,278.5],[344.3,276],[340.4,285.9],[339.7,289.8],[340.8,292.6],[341.5,298.2],[340.9,298.7],[358.3,301.3],[361.3,280.9],[361.7,277.8]]]}},{"type":"Feature","properties":{"GEOID":"49021","NAME":"Iron","STATEFP":"49"},"geometry":{"type":"Polygon","coordinates":[[[264.3,307.2],[272.7,308.8],[274.5,311],[278.3,312.8],[284.8,313.6],[288.9,313.3],[289.9,307.1],[292.3,305.7],[294.3,305.9],[295.2,299.8],[266.8,294.6],[264.3,307.2]]]}},{"type":"Feature","properties":{"GEOID":"49023","NAME":"Juab","STATEFP":"49"},"geometry":{"type":"Polygon","coordinates":[[[273.1,262.1],[289.8,265],[305.6,267.8],[305.2,273.1],[308.2,274],[310.1,272.7],[313.2,273.2],[314.1,271.5],[315,266],[316.8,263.4],[314,259.8],[309.8,263],[309.7,260],[308.1,257.2],[304.8,259.2],[288.8,256.3],[274.7,253.7],[273.1,262.1]]]}},{"type":"Feature","properties":{"GEOID":"49025","NAME":"Kane","STATEFP":"49"},"geometry":{"type":"Polygon","coordinates":[[[284.8,313.6],[282.7,325.2],[289.4,326.4],[310.1,329.9],[314.8,328.2],[318.2,328.6],[320.2,327.3],[322.3,324.1],[323.7,323.9],[326.2,319.5],[304.3,316.1],[288.9,313.3],[284.8,313.6]]]}},{"type":"Feature","properties":{"GEOID":"49027","NAME":"Millard","STATEFP":"49"},"geometry":{"type":"Polygon","coordinates":[[[308.2,274],[305.2,273.1],[305.6,267.8],[289.8,265],[273.1,262.1],[269.1,282.3],[268.7,284.7],[296.2,289.8],[297.9,287.4],[300.4,288],[302.2,287.1],[302.7,283.8],[307.1,280.3],[308.2,274]]]}},{"type":"Feature","properties":{"GEOID":"49029","NAME":"Morgan","STATEFP":"49"},"geometry":{"type":"Polygon","coordinates":[[[318.2,231.8],[318.2,236.2],[319.2,238.6],[320.6,240.4],[322.6,241],[323.6,239.1],[324,234.6],[328.5,233.4],[329.4,232.4],[328.7,228.9],[326.6,227.9],[324.8,230.7],[318.2,231.8]]]}},{"type":"Feature","properties":{"GEOID":"49031","NAME":"Piute","STATEFP":"49"},"geometry":{"type":"Polygon","coordinates":[[[295.9,291.2],[298.5,295.9],[295.8,299.9],[306.7,301.7],[307.7,295.3],[309.4,293.7],[295.9,291.2]]]}},{"type":"Feature","properties":{"GEOID":"49033","NAME":"Rich","STATEFP":"49"},"geometry":{"type":"Polygon","coordinates":[[[327.6,212.7],[327.7,220.4],[326.9,223.8],[325.3,226.2],[326.6,227.9],[328.7,228.9],[329.4,232.4],[328.5,233.4],[332.7,231.5],[334,223.8],[335.5,213.9],[327.6,212.7]]]}},{"type":"Feature","properties":{"GEOID":"49035","NAME":"Salt Lake","STATEFP":"49"},"geometry":{"type":"Polygon","coordinates":[[[309.7,239.2],[310.5,243.4],[310,246.6],[313.8,248.2],[320.6,245.7],[321.4,245.1],[320.6,240.4],[319.2,238.6],[315.4,238.9],[314.7,236.4],[309.7,239.2]]]}},{"type":"Feature","properties":{"GEOID":"49037","NAME":"San Juan","STATEFP":"49"},"geometry":{"type":"Polygon","coordinates":[[[326.2,319.5],[323.7,323.9],[322.3,324.1],[320.2,327.3],[318.2,328.6],[314.8,328.2],[310.1,329.9],[322.3,331.8],[336.1,334],[353.7,336.6],[355.4,325.1],[356.7,315.8],[357.5,309.4],[358.3,301.3],[340.9,298.7],[340.4,301.4],[342.2,304.4],[341.4,307.2],[339.8,307.9],[335.3,312.5],[332.6,312.1],[329.2,317.4],[326.2,319.5]]]}},{"type":"Feature","properties":{"GEOID":"49039","NAME":"Sanpete","STATEFP":"49"},"geometry":{"type":"Polygon","coordinates":[[[316.8,263.4],[315,266],[314.1,271.5],[313.2,273.2],[310.1,272.7],[308.2,274],[307.1,280.3],[310,281],[319.9,282.7],[321.5,272.5],[322.5,272.7],[323.4,267.1],[323.8,264.6],[316.8,263.4]]]}},{"type":"Feature","properties":{"GEOID":"49041","NAME":"Sevier","STATEFP":"49"},"geometry":{"type":"Polygon","coordinates":[[[307.1,280.3],[302.7,283.8],[302.2,287.1],[300.4,288],[297.9,287.4],[296.2,289.8],[295.9,291.2],[309.4,293.7],[317.8,294.9],[319.9,282.7],[310,281],[307.1,280.3]]]}},{"type":"Feature","properties":{"GEOID":"49043","NAME":"Summit","STATEFP":"49"},"geometry":{"type":"Polygon","coordinates":[[[321.4,245.1],[324.6,245],[328.3,247.6],[331.5,247.1],[333.1,245.3],[336,244.1],[342.7,244.2],[344.9,243.4],[349.4,244.5],[350,240.2],[349.2,240.1],[331.8,237.4],[332.7,231.5],[328.5,233.4],[324,234.6],[323.6,239.1],[322.6,241],[320.6,240.4],[321.4,245.1]]]}},{"type":"Feature","properties":{"GEOID":"49045","NAME":"Tooele","STATEFP":"49"},"geometry":{"type":"Polygon","coordinates":[[[306.9,231.3],[301.3,232.2],[279.7,228.2],[275.6,248.7],[274.7,253.7],[288.8,256.3],[304.8,259.2],[308.1,257.2],[309.3,253.4],[308.9,250.1],[310,246.6],[310.5,243.4],[309.7,239.2],[306.9,231.3]]]}},{"type":"Feature","properties":{"GEOID":"49047","NAME":"Uintah","STATEFP":"49"},"geometry":{"type":"Polygon","coordinates":[[[365.6,250.5],[363.7,249.7],[363.5,245.5],[360.1,245],[351.5,246],[349.8,244.7],[346.3,268.2],[344.3,276],[360.6,278.5],[361.7,277.8],[362.3,274],[364.1,260.8],[365.6,250.5]]]}},{"type":"Feature","properties":{"GEOID":"49049","NAME":"Utah","STATEFP":"49"},"geometry":{"type":"Polygon","coordinates":[[[310,246.6],[308.9,250.1],[309.3,253.4],[308.1,257.2],[309.7,260],[309.8,263],[314,259.8],[316.8,263.4],[323.8,264.6],[330.7,265.7],[330.4,263.6],[327.2,262],[324.7,258.9],[325.5,256.3],[324.3,253.3],[322.4,252.9],[319.7,248.5],[320.6,245.7],[313.8,248.2],[310,246.6]]]}},{"type":"Feature","properties":{"GEOID":"49051","NAME":"Wasatch","STATEFP":"49"},"geometry":{"type":"Polygon","coordinates":[[[320.6,245.7],[319.7,248.5],[322.4,252.9],[324.3,253.3],[325.5,256.3],[324.7,258.9],[327.2,262],[330.4,263.6],[333.1,245.3],[331.5,247.1],[328.3,247.6],[324.6,245],[321.4,245.1],[320.6,245.7]]]}},{"type":"Feature","properties":{"GEOID":"49053","NAME":"Washington","STATEFP":"49"},"geometry":{"type":"Polygon","coordinates":[[[264.3,307.2],[261.6,321.3],[282.7,325.2],[284.8,313.6],[278.3,312.8],[274.5,311],[272.7,308.8],[264.3,307.2]]]}},{"type":"Feature","properties":{"GEOID":"49055","NAME":"Wayne","STATEFP":"49"},"geometry":{"type":"Polygon","coordinates":[[[317.8,294.9],[309.4,293.7],[307.7,295.3],[306.7,301.7],[327.6,305.1],[341.4,307.2],[342.2,304.4],[340.4,301.4],[340.9,298.7],[317.7,295.1],[317.8,294.9]]]}},{"type":"Feature","properties":{"GEOID":"49057","NAME":"Weber","STATEFP":"49"},"geometry":{"type":"Polygon","coordinates":[[[318.8,225],[316,226.7],[312.4,226.1],[306.9,231.3],[312.5,230.5],[318.2,231.8],[324.8,230.7],[326.6,227.9],[325.3,226.2],[322.6,225.6],[321.4,226.6],[318.8,225]]]}},{"type":"Feature","properties":{"GEOID":"50001","NAME":"Addison","STATEFP":"50"},"geometry":{"type":"Polygon","coordinates":[[[974.9,135.8],[974.1,137.7],[974.1,141.3],[976.4,146.5],[977,147.7],[978.9,145.2],[983.2,144.4],[985.2,140.6],[985.6,138.8],[982.5,138.6],[981.4,136.7],[980.3,133.7],[974.9,135.8]]]}},{"type":"Feature","properties":{"GEOID":"50003","NAME":"Bennington","STATEFP":"50"},"geometry":{"type":"Polygon","coordinates":[[[981.2,157.3],[983,165.9],[984.2,170.4],[988.3,169.5],[989.9,169.2],[988.9,164.8],[987.5,165.1],[986.6,160.7],[988.8,160.3],[988.8,156.9],[987.7,156],[981.2,157.3]]]}},{"type":"Feature","properties":{"GEOID":"50005","NAME":"Caledonia","STATEFP":"50"},"geometry":{"type":"Polygon","coordinates":[[[994.4,118.6],[991.7,119.8],[990.5,125.1],[988.4,124.6],[987.9,126.7],[991.8,127.6],[990.7,133.3],[996.3,133],[995.2,130.5],[996.3,128.6],[998.5,127.8],[996.4,126.1],[995.6,121.3],[994.4,118.6]]]}},{"type":"Feature","properties":{"GEOID":"50007","NAME":"Chittenden","STATEFP":"50"},"geometry":{"type":"Polygon","coordinates":[[[973.7,124.9],[974.1,126.6],[972.5,129.1],[972.9,129.4],[974.3,131.9],[974.9,135.8],[980.3,133.7],[981.4,136.7],[982.2,129.4],[979.2,125.8],[973.7,124.9]]]}},{"type":"Feature","properties":{"GEOID":"50009","NAME":"Essex","STATEFP":"50"},"geometry":{"type":"Polygon","coordinates":[[[993.6,113],[994.7,115.8],[994.4,118.6],[995.6,121.3],[996.4,126.1],[998.5,127.8],[999.4,126.1],[1001.6,123.6],[1001.5,120.1],[999.5,117.6],[1000.7,113.6],[1000,111.2],[993.6,113]]]}},{"type":"Feature","properties":{"GEOID":"50011","NAME":"Franklin","STATEFP":"50"},"geometry":{"type":"Polygon","coordinates":[[[972.7,118.1],[973.7,124.9],[979.2,125.8],[981.4,121.1],[984,121],[984.4,119.6],[983.1,115.7],[972.7,118.1]]]}},{"type":"Feature","properties":{"GEOID":"50013","NAME":"Grand Isle","STATEFP":"50"},"geometry":{"type":"Polygon","coordinates":[[[970.3,118.8],[971.6,123.5],[971.7,128],[972.5,129.1],[974.1,126.6],[973.7,124.9],[972.7,118.1],[970.3,118.8]]]}},{"type":"Feature","properties":{"GEOID":"50015","NAME":"Lamoille","STATEFP":"50"},"geometry":{"type":"Polygon","coordinates":[[[984,121],[981.4,121.1],[979.2,125.8],[982.2,129.4],[984.9,130],[987.4,128.8],[987.9,126.7],[988.4,124.6],[986.4,123.9],[986.9,121.6],[984,121]]]}},{"type":"Feature","properties":{"GEOID":"50017","NAME":"Orange","STATEFP":"50"},"geometry":{"type":"Polygon","coordinates":[[[990.7,133.3],[989.9,135.3],[987.4,135.2],[985.6,138.8],[985.2,140.6],[985.7,141.4],[995.9,142.5],[996.4,133],[996.3,133],[990.7,133.3]]]}},{"type":"Feature","properties":{"GEOID":"50019","NAME":"Orleans","STATEFP":"50"},"geometry":{"type":"Polygon","coordinates":[[[983.1,115.7],[984.4,119.6],[984,121],[986.9,121.6],[986.4,123.9],[988.4,124.6],[990.5,125.1],[991.7,119.8],[994.4,118.6],[994.7,115.8],[993.6,113],[983.1,115.7]]]}},{"type":"Feature","properties":{"GEOID":"50021","NAME":"Rutland","STATEFP":"50"},"geometry":{"type":"Polygon","coordinates":[[[977,147.7],[976.5,150.7],[978.7,150.4],[980.2,152.6],[981.2,157.3],[987.7,156],[989,154],[987.9,151.1],[988.3,146.6],[986.1,146.3],[986.2,144.1],[983.2,144.4],[978.9,145.2],[977,147.7]]]}},{"type":"Feature","properties":{"GEOID":"50023","NAME":"Washington","STATEFP":"50"},"geometry":{"type":"Polygon","coordinates":[[[987.9,126.7],[987.4,128.8],[984.9,130],[982.2,129.4],[981.4,136.7],[982.5,138.6],[985.6,138.8],[987.4,135.2],[989.9,135.3],[990.7,133.3],[991.8,127.6],[987.9,126.7]]]}},{"type":"Feature","properties":{"GEOID":"50025","NAME":"Windham","STATEFP":"50"},"geometry":{"type":"Polygon","coordinates":[[[988.8,156.9],[988.8,160.3],[986.6,160.7],[987.5,165.1],[988.9,164.8],[989.9,169.2],[997.8,167.5],[996,166],[996.1,161.9],[995.4,157.5],[995.3,155.8],[991.2,157.1],[988.8,156.9]]]}},{"type":"Feature","properties":{"GEOID":"50027","NAME":"Windsor","STATEFP":"50"},"geometry":{"type":"Polygon","coordinates":[[[983.2,144.4],[986.2,144.1],[986.1,146.3],[988.3,146.6],[987.9,151.1],[989,154],[987.7,156],[988.8,156.9],[991.2,157.1],[995.3,155.8],[994.3,147.6],[994.9,146.9],[995.9,142.5],[985.7,141.4],[985.2,140.6],[983.2,144.4]]]}},{"type":"Feature","properties":{"GEOID":"51001","NAME":"Accomack","STATEFP":"51"},"geometry":{"type":"Polygon","coordinates":[[[968.6,289.6],[965.8,292.2],[963.1,292.9],[961.1,292.2],[958.1,294.4],[960.2,299.2],[961.1,301.1],[961.5,302.1],[967,300.6],[968.3,302.5],[971.8,302.1],[972,298.2],[973.2,292.8],[975.2,291.7],[976.6,287],[968.6,289.6]]]}},{"type":"Feature","properties":{"GEOID":"51003","NAME":"Albemarle","STATEFP":"51"},"geometry":{"type":"Polygon","coordinates":[[[910.3,299.9],[915.2,306.6],[917.7,304.6],[920.1,299.1],[921.3,295.9],[918.2,295.2],[912.5,294],[911.3,295.9],[910.3,299.9]],[[916.1,299.5],[916.6,298.3],[917.3,298.7],[917.2,299.5],[916.1,299.5]]]}},{"type":"Feature","properties":{"GEOID":"51005","NAME":"Alleghany","STATEFP":"51"},"geometry":{"type":"Polygon","coordinates":[[[888.7,306.1],[887,308.2],[885.3,312.9],[886.9,314.1],[890.5,313.1],[893.6,308.8],[896.4,309.3],[896.4,306.6],[892,306.9],[888.7,306.1]],[[890.3,310.3],[890.4,309.4],[890.9,309.3],[890.8,310.2],[890.3,310.3]]]}},{"type":"Feature","properties":{"GEOID":"51007","NAME":"Amelia","STATEFP":"51"},"geometry":{"type":"Polygon","coordinates":[[[930.9,311.3],[928.3,310.1],[925.7,311.4],[924.2,313.7],[924.6,315.4],[933,316.3],[935.4,314.1],[933.4,314.4],[930.9,311.3]]]}},{"type":"Feature","properties":{"GEOID":"51009","NAME":"Amherst","STATEFP":"51"},"geometry":{"type":"Polygon","coordinates":[[[905.3,306.7],[903.7,307.2],[902.8,310.6],[901.3,311.9],[903.4,313.9],[906.5,314.7],[908.6,316],[909.6,315],[911.9,311.8],[909.6,309],[905.3,306.7]]]}},{"type":"Feature","properties":{"GEOID":"51011","NAME":"Appomattox","STATEFP":"51"},"geometry":{"type":"Polygon","coordinates":[[[911.9,311.8],[909.6,315],[912,318.2],[914.2,319.5],[916.6,318],[917.6,314.3],[912.7,311.4],[911.9,311.8]]]}},{"type":"Feature","properties":{"GEOID":"51013","NAME":"Arlington","STATEFP":"51"},"geometry":{"type":"Polygon","coordinates":[[[936.5,274.5],[937,274.8],[937.8,275.4],[939,275.3],[937.2,273.4],[936.5,274.5]]]}},{"type":"Feature","properties":{"GEOID":"51015","NAME":"Augusta","STATEFP":"51"},"geometry":{"type":"Polygon","coordinates":[[[898.5,301.1],[905.2,304.6],[908,304.4],[910.3,299.9],[911.3,295.9],[901.6,291.2],[900.3,293],[898.8,297.6],[897.6,299],[898.5,301.1]],[[908.3,299.8],[908.9,298.9],[909.7,299],[909.4,300.3],[908.3,299.8]],[[905.7,298.9],[905.1,297.5],[906.2,297],[906.6,298.3],[905.7,298.9]]]}},{"type":"Feature","properties":{"GEOID":"51017","NAME":"Bath","STATEFP":"51"},"geometry":{"type":"Polygon","coordinates":[[[888.7,306.1],[892,306.9],[896.4,306.6],[898.5,301.1],[897.6,299],[892.1,297.9],[890.6,299.9],[890,303.1],[888.7,306.1]]]}},{"type":"Feature","properties":{"GEOID":"51019","NAME":"Bedford","STATEFP":"51"},"geometry":{"type":"Polygon","coordinates":[[[900.5,314.1],[899.1,316.4],[897.2,316],[895,320.4],[895.4,322.4],[898.8,323.5],[900.8,325.9],[903.5,325.1],[905.6,317.5],[906.5,314.7],[903.4,313.9],[901.3,311.9],[900.5,314.1]]]}},{"type":"Feature","properties":{"GEOID":"51021","NAME":"Bland","STATEFP":"51"},"geometry":{"type":"Polygon","coordinates":[[[870,326.3],[869.7,329.8],[867,332.2],[868.2,333.4],[870.7,330.7],[872.9,331],[876.4,329.2],[877.2,327.3],[874.3,324.3],[870,326.3]]]}},{"type":"Feature","properties":{"GEOID":"51023","NAME":"Botetourt","STATEFP":"51"},"geometry":{"type":"Polygon","coordinates":[[[890.5,313.1],[891.9,315.3],[890.4,318.5],[895,320.4],[897.2,316],[899.1,316.4],[900.5,314.1],[896.6,311.7],[896.4,309.3],[893.6,308.8],[890.5,313.1]]]}},{"type":"Feature","properties":{"GEOID":"51025","NAME":"Brunswick","STATEFP":"51"},"geometry":{"type":"Polygon","coordinates":[[[930.7,326.8],[931.4,332.3],[934.1,331.8],[936.5,331.3],[937.8,326.9],[936.9,322.7],[934.6,321.3],[932.2,321.4],[930,321],[930.7,326.8]]]}},{"type":"Feature","properties":{"GEOID":"51027","NAME":"Buchanan","STATEFP":"51"},"geometry":{"type":"Polygon","coordinates":[[[849.8,327.9],[851.1,328.3],[853.7,333.4],[857.9,330.4],[860.6,327.7],[858.3,326.9],[855,322.8],[856.2,321.8],[855.3,321.3],[849.8,327.9]]]}},{"type":"Feature","properties":{"GEOID":"51029","NAME":"Buckingham","STATEFP":"51"},"geometry":{"type":"Polygon","coordinates":[[[912.7,311.4],[917.6,314.3],[920.2,315.2],[922.8,307.6],[922.7,306.2],[917.7,304.6],[915.2,306.6],[912.7,311.4]]]}},{"type":"Feature","properties":{"GEOID":"51031","NAME":"Campbell","STATEFP":"51"},"geometry":{"type":"Polygon","coordinates":[[[905.6,317.5],[903.5,325.1],[905.2,323.1],[909.9,323.8],[913.5,324.1],[914.2,319.5],[912,318.2],[909.6,315],[908.6,316],[905.6,317.5]]]}},{"type":"Feature","properties":{"GEOID":"51033","NAME":"Caroline","STATEFP":"51"},"geometry":{"type":"Polygon","coordinates":[[[936,290.3],[932.2,297.2],[938.5,300.8],[941,297.8],[942.7,295.7],[940.3,293.4],[941,291.6],[936.7,290.1],[936,290.3]]]}},{"type":"Feature","properties":{"GEOID":"51035","NAME":"Carroll","STATEFP":"51"},"geometry":{"type":"Polygon","coordinates":[[[880.3,333.2],[875,335.8],[877.5,338.7],[877.7,338.1],[878.5,338],[877.9,339.1],[879.7,341],[883.9,340.4],[886,336.4],[882.1,331.7],[880.3,333.2]]]}},{"type":"Feature","properties":{"GEOID":"51036","NAME":"Charles City","STATEFP":"51"},"geometry":{"type":"Polygon","coordinates":[[[942,311.4],[947.8,312],[949.6,312.3],[948.4,308.8],[943,307.1],[942.1,309.9],[942,311.4]]]}},{"type":"Feature","properties":{"GEOID":"51037","NAME":"Charlotte","STATEFP":"51"},"geometry":{"type":"Polygon","coordinates":[[[914.2,319.5],[913.5,324.1],[916.1,324.6],[918.5,327.1],[919.6,330.8],[921.6,325.7],[921.7,321.2],[916.6,319.1],[916.6,318],[914.2,319.5]]]}},{"type":"Feature","properties":{"GEOID":"51041","NAME":"Chesterfield","STATEFP":"51"},"geometry":{"type":"Polygon","coordinates":[[[933.9,307.2],[930.9,311.3],[933.4,314.4],[935.4,314.1],[939.3,314.3],[939.8,314],[939.7,313.3],[940.2,312.7],[940.6,312.7],[940.3,313.1],[940.4,313.6],[940,313.9],[940.4,313.7],[940.5,313.6],[940.9,311.8],[941.8,311.7],[942,311.4],[942.1,309.9],[938.7,309],[935.1,307.1],[933.9,307.2]]]}},{"type":"Feature","properties":{"GEOID":"51043","NAME":"Clarke","STATEFP":"51"},"geometry":{"type":"Polygon","coordinates":[[[919.5,268.9],[918.4,274.6],[921.3,275.4],[921.9,274.5],[923.7,271.2],[919.5,268.9]]]}},{"type":"Feature","properties":{"GEOID":"51045","NAME":"Craig","STATEFP":"51"},"geometry":{"type":"Polygon","coordinates":[[[883.1,319.7],[884.3,322.1],[887.3,321],[890.4,318.5],[891.9,315.3],[890.5,313.1],[886.9,314.1],[886,317.2],[883.1,319.7]]]}},{"type":"Feature","properties":{"GEOID":"51047","NAME":"Culpeper","STATEFP":"51"},"geometry":{"type":"Polygon","coordinates":[[[919.2,286.6],[922.2,289.1],[922.6,291.3],[925.6,289],[929.4,288.8],[930.9,288.3],[930.4,287.4],[928.6,287.7],[923.8,281.8],[920.3,286.6],[919.2,286.6]]]}},{"type":"Feature","properties":{"GEOID":"51049","NAME":"Cumberland","STATEFP":"51"},"geometry":{"type":"Polygon","coordinates":[[[922.7,306.2],[922.8,307.6],[920.2,315.2],[922.9,315.4],[924.2,313.7],[925.7,311.4],[925.9,306.4],[923.9,304.6],[922.7,306.2]]]}},{"type":"Feature","properties":{"GEOID":"51051","NAME":"Dickenson","STATEFP":"51"},"geometry":{"type":"Polygon","coordinates":[[[849.8,327.9],[845.7,330.7],[847.9,334.7],[850.7,335.6],[853.7,333.4],[851.1,328.3],[849.8,327.9]]]}},{"type":"Feature","properties":{"GEOID":"51053","NAME":"Dinwiddie","STATEFP":"51"},"geometry":{"type":"Polygon","coordinates":[[[939.3,314.3],[935.4,314.1],[933,316.3],[931.4,317.8],[932.2,321.4],[934.6,321.3],[936.9,322.7],[937.7,323],[941.2,319.5],[940.4,315.4],[939.3,314.3]]]}},{"type":"Feature","properties":{"GEOID":"51057","NAME":"Essex","STATEFP":"51"},"geometry":{"type":"Polygon","coordinates":[[[942.7,295.7],[943.8,297.9],[949.6,300],[950.8,298.6],[945.7,294.7],[944.5,292.6],[941.9,291.1],[941,291.6],[940.3,293.4],[942.7,295.7]]]}},{"type":"Feature","properties":{"GEOID":"51059","NAME":"Fairfax","STATEFP":"51"},"geometry":{"type":"Polygon","coordinates":[[[933,271.2],[930.2,276.9],[932.2,277.6],[932.4,278],[932.7,278.2],[932.8,278.5],[936.7,280.3],[936.9,281.4],[938.9,278.5],[939.3,276.5],[937.8,275.4],[937,274.8],[936.3,274.9],[936.5,274.5],[937.2,273.4],[933,271.2]],[[933.8,276],[934.3,275.5],[934.9,275.5],[935,276.1],[934.2,276.3],[933.8,276]]]}},{"type":"Feature","properties":{"GEOID":"51061","NAME":"Fauquier","STATEFP":"51"},"geometry":{"type":"Polygon","coordinates":[[[927.7,275.1],[921.9,274.5],[921.3,275.4],[919.5,278.5],[923.8,281.8],[928.6,287.7],[930.4,287.4],[931.6,283.6],[927.1,277.8],[927.7,275.1]]]}},{"type":"Feature","properties":{"GEOID":"51063","NAME":"Floyd","STATEFP":"51"},"geometry":{"type":"Polygon","coordinates":[[[889.7,326],[887,328.6],[883.5,330.2],[882.1,331.7],[886,336.4],[887.2,334],[889.6,331.9],[891,329.8],[890.6,325.7],[889.7,326]]]}},{"type":"Feature","properties":{"GEOID":"51065","NAME":"Fluvanna","STATEFP":"51"},"geometry":{"type":"Polygon","coordinates":[[[920.1,299.1],[917.7,304.6],[922.7,306.2],[923.9,304.6],[925,300.6],[920.1,299.1]]]}},{"type":"Feature","properties":{"GEOID":"51067","NAME":"Franklin","STATEFP":"51"},"geometry":{"type":"Polygon","coordinates":[[[890.6,325.7],[891,329.8],[889.6,331.9],[893.5,333.1],[894.1,332.1],[897.9,332.4],[900.7,330.4],[900.8,325.9],[898.8,323.5],[895.4,322.4],[893.6,324.8],[890.6,325.7]]]}},{"type":"Feature","properties":{"GEOID":"51069","NAME":"Frederick","STATEFP":"51"},"geometry":{"type":"Polygon","coordinates":[[[913,265.2],[913.6,267.8],[912.6,270.3],[913.3,272.4],[911.8,274.6],[911.3,275.4],[915.6,275.8],[918.4,274.6],[919.5,268.9],[915.4,266.6],[913,265.2]],[[916.9,271.4],[917.8,271.3],[917.6,272.2],[916.9,271.4]]]}},{"type":"Feature","properties":{"GEOID":"51071","NAME":"Giles","STATEFP":"51"},"geometry":{"type":"Polygon","coordinates":[[[883.1,319.7],[882.2,318.4],[877.9,321.8],[876,320.7],[876.5,322.6],[874.3,324.3],[877.2,327.3],[881.4,324.3],[884.3,322.1],[883.1,319.7]]]}},{"type":"Feature","properties":{"GEOID":"51073","NAME":"Gloucester","STATEFP":"51"},"geometry":{"type":"Polygon","coordinates":[[[951.7,306.8],[952.9,307.8],[956.1,310.3],[959.8,308.8],[956.6,306.1],[956.3,303.8],[951.9,302.6],[951.7,306.8]]]}},{"type":"Feature","properties":{"GEOID":"51075","NAME":"Goochland","STATEFP":"51"},"geometry":{"type":"Polygon","coordinates":[[[923.9,304.6],[925.9,306.4],[929.1,305.6],[933.9,307.2],[933.7,303.8],[930.6,303.8],[925,300.6],[923.9,304.6]]]}},{"type":"Feature","properties":{"GEOID":"51077","NAME":"Grayson","STATEFP":"51"},"geometry":{"type":"Polygon","coordinates":[[[870.1,342.2],[878.5,341.1],[879.7,341],[877.9,339.1],[877.5,338.7],[875,335.8],[871.1,337.5],[866.4,339.5],[865.2,341.4],[864.5,342.1],[864,342.8],[870.1,342.2]]]}},{"type":"Feature","properties":{"GEOID":"51079","NAME":"Greene","STATEFP":"51"},"geometry":{"type":"Polygon","coordinates":[[[912.5,294],[918.2,295.2],[919.3,292.8],[916.3,291.1],[915.5,288.7],[915.1,290],[912.5,294]]]}},{"type":"Feature","properties":{"GEOID":"51081","NAME":"Greensville","STATEFP":"51"},"geometry":{"type":"Polygon","coordinates":[[[936.9,322.7],[937.8,326.9],[936.5,331.3],[945.2,329.6],[943.9,329.3],[942,326.3],[939.9,323.4],[937.7,323],[936.9,322.7]],[[939.5,326.9],[940.5,326.4],[940.6,327.1],[939.8,327.5],[939.5,326.9]]]}},{"type":"Feature","properties":{"GEOID":"51083","NAME":"Halifax","STATEFP":"51"},"geometry":{"type":"Polygon","coordinates":[[[909.9,323.8],[909.7,336.3],[911.2,336.1],[917.5,334.9],[918.7,334.7],[919.6,330.8],[918.5,327.1],[916.1,324.6],[913.5,324.1],[909.9,323.8]]]}},{"type":"Feature","properties":{"GEOID":"51085","NAME":"Hanover","STATEFP":"51"},"geometry":{"type":"Polygon","coordinates":[[[933.7,303.8],[936.2,303.4],[938.8,305.5],[941.6,306.3],[943.3,303.8],[938.5,300.8],[932.2,297.2],[931.3,296.9],[930.6,303.8],[933.7,303.8]]]}},{"type":"Feature","properties":{"GEOID":"51087","NAME":"Henrico","STATEFP":"51"},"geometry":{"type":"Polygon","coordinates":[[[933.7,303.8],[933.9,307.2],[935.1,307.1],[937.5,305.5],[938.7,309],[942.1,309.9],[943,307.1],[941.6,306.3],[938.8,305.5],[936.2,303.4],[933.7,303.8]]]}},{"type":"Feature","properties":{"GEOID":"51089","NAME":"Henry","STATEFP":"51"},"geometry":{"type":"Polygon","coordinates":[[[893.5,333.1],[892.6,333.6],[894.3,339],[894.8,338.9],[900.6,337.9],[900.7,330.4],[897.9,332.4],[894.1,332.1],[893.5,333.1]],[[896.5,335.2],[896.9,334.4],[897.6,334.5],[897.4,335.6],[896.5,335.2]]]}},{"type":"Feature","properties":{"GEOID":"51091","NAME":"Highland","STATEFP":"51"},"geometry":{"type":"Polygon","coordinates":[[[892.1,297.9],[897.6,299],[898.8,297.6],[900.3,293],[897.1,292.4],[895.6,290.4],[893.5,289.8],[893.4,293.7],[892.1,297.9]]]}},{"type":"Feature","properties":{"GEOID":"51093","NAME":"Isle of Wight","STATEFP":"51"},"geometry":{"type":"Polygon","coordinates":[[[954.3,313],[953.5,315.5],[951.2,317.4],[952.3,319.5],[951.2,324.4],[951.8,325.7],[952,325.8],[957.4,318.1],[958.9,317.2],[954.8,314.3],[954.3,313]]]}},{"type":"Feature","properties":{"GEOID":"51095","NAME":"James City","STATEFP":"51"},"geometry":{"type":"Polygon","coordinates":[[[951,306.1],[948.4,308.8],[949.6,312.3],[954.3,313],[954.9,311.4],[953.1,310.5],[951.9,310.7],[952,309.8],[952.9,307.8],[951.7,306.8],[951,306.1]]]}},{"type":"Feature","properties":{"GEOID":"51097","NAME":"King and Queen","STATEFP":"51"},"geometry":{"type":"Polygon","coordinates":[[[941,297.8],[944.5,301.3],[946.5,301.6],[949.8,305.1],[951,306.1],[951.7,306.8],[951.9,302.6],[949.6,300],[943.8,297.9],[942.7,295.7],[941,297.8]]]}},{"type":"Feature","properties":{"GEOID":"51099","NAME":"King George","STATEFP":"51"},"geometry":{"type":"Polygon","coordinates":[[[942.5,288.2],[941.6,285.8],[937,287.6],[936.7,290.1],[941,291.6],[941.9,291.1],[942.5,288.2]]]}},{"type":"Feature","properties":{"GEOID":"51101","NAME":"King William","STATEFP":"51"},"geometry":{"type":"Polygon","coordinates":[[[938.5,300.8],[943.3,303.8],[949.8,305.1],[946.5,301.6],[944.5,301.3],[941,297.8],[938.5,300.8]]]}},{"type":"Feature","properties":{"GEOID":"51103","NAME":"Lancaster","STATEFP":"51"},"geometry":{"type":"Polygon","coordinates":[[[953.4,296.6],[950.8,298.6],[953.9,301.3],[957.1,301.7],[961.1,301.1],[960.2,299.2],[957.9,299.7],[955.1,296.6],[953.4,296.6]]]}},{"type":"Feature","properties":{"GEOID":"51105","NAME":"Lee","STATEFP":"51"},"geometry":{"type":"Polygon","coordinates":[[[840.7,338.9],[837.3,340.3],[835.4,343.3],[830.7,345.7],[826.9,347.7],[830.7,347.3],[839.7,346.2],[840.2,344.1],[843,340.8],[840.7,338.9]]]}},{"type":"Feature","properties":{"GEOID":"51107","NAME":"Loudoun","STATEFP":"51"},"geometry":{"type":"Polygon","coordinates":[[[933,271.2],[930.5,271.3],[929,269.9],[929.9,267.9],[927.5,266.3],[925.5,266.2],[924.8,266.5],[923.7,271.2],[921.9,274.5],[927.7,275.1],[930.2,276.9],[933,271.2]]]}},{"type":"Feature","properties":{"GEOID":"51109","NAME":"Louisa","STATEFP":"51"},"geometry":{"type":"Polygon","coordinates":[[[920.1,299.1],[925,300.6],[930.6,303.8],[931.3,296.9],[928.1,295.2],[926,295.3],[921.3,295.9],[920.1,299.1]]]}},{"type":"Feature","properties":{"GEOID":"51111","NAME":"Lunenburg","STATEFP":"51"},"geometry":{"type":"Polygon","coordinates":[[[925.3,319.5],[921.7,321.2],[921.6,325.7],[926.6,326.8],[930.7,326.8],[930,321],[926.8,320.8],[925.3,319.5]]]}},{"type":"Feature","properties":{"GEOID":"51113","NAME":"Madison","STATEFP":"51"},"geometry":{"type":"Polygon","coordinates":[[[916.8,284.7],[915.5,288.7],[916.3,291.1],[919.3,292.8],[920.7,293.6],[922.6,291.3],[922.2,289.1],[919.2,286.6],[916.8,284.7]]]}},{"type":"Feature","properties":{"GEOID":"51115","NAME":"Mathews","STATEFP":"51"},"geometry":{"type":"Polygon","coordinates":[[[956.3,303.8],[956.6,306.1],[959.8,308.8],[962.9,308.1],[961.5,302.1],[956.3,303.8]]]}},{"type":"Feature","properties":{"GEOID":"51117","NAME":"Mecklenburg","STATEFP":"51"},"geometry":{"type":"Polygon","coordinates":[[[930.7,326.8],[926.6,326.8],[921.6,325.7],[919.6,330.8],[918.7,334.7],[923.8,333.7],[926.2,333.3],[931.4,332.3],[930.7,326.8]]]}},{"type":"Feature","properties":{"GEOID":"51119","NAME":"Middlesex","STATEFP":"51"},"geometry":{"type":"Polygon","coordinates":[[[951.9,302.6],[956.3,303.8],[961.5,302.1],[961.1,301.1],[957.1,301.7],[953.9,301.3],[950.8,298.6],[949.6,300],[951.9,302.6]]]}},{"type":"Feature","properties":{"GEOID":"51121","NAME":"Montgomery","STATEFP":"51"},"geometry":{"type":"Polygon","coordinates":[[[881.4,324.3],[883.2,326.6],[882.4,327.8],[883.5,330.2],[887,328.6],[889.7,326],[887.3,321],[884.3,322.1],[881.4,324.3]]]}},{"type":"Feature","properties":{"GEOID":"51125","NAME":"Nelson","STATEFP":"51"},"geometry":{"type":"Polygon","coordinates":[[[910.3,299.9],[908,304.4],[905.2,304.6],[905.3,306.7],[909.6,309],[911.9,311.8],[912.7,311.4],[915.2,306.6],[910.3,299.9]]]}},{"type":"Feature","properties":{"GEOID":"51127","NAME":"New Kent","STATEFP":"51"},"geometry":{"type":"Polygon","coordinates":[[[943.3,303.8],[941.6,306.3],[943,307.1],[948.4,308.8],[951,306.1],[949.8,305.1],[943.3,303.8]]]}},{"type":"Feature","properties":{"GEOID":"51131","NAME":"Northampton","STATEFP":"51"},"geometry":{"type":"Polygon","coordinates":[[[961.5,302.1],[962.9,308.1],[963.3,310.2],[963.7,311.9],[964.1,313.7],[968.4,314],[970.5,308.9],[971.8,302.1],[968.3,302.5],[967,300.6],[961.5,302.1]]]}},{"type":"Feature","properties":{"GEOID":"51133","NAME":"Northumberland","STATEFP":"51"},"geometry":{"type":"Polygon","coordinates":[[[950.5,294.1],[953.4,296.6],[955.1,296.6],[957.9,299.7],[960.2,299.2],[958.1,294.4],[952.3,292.1],[950.5,294.1]]]}},{"type":"Feature","properties":{"GEOID":"51135","NAME":"Nottoway","STATEFP":"51"},"geometry":{"type":"Polygon","coordinates":[[[933,316.3],[924.6,315.4],[925.3,319.5],[926.8,320.8],[930,321],[932.2,321.4],[931.4,317.8],[933,316.3]]]}},{"type":"Feature","properties":{"GEOID":"51137","NAME":"Orange","STATEFP":"51"},"geometry":{"type":"Polygon","coordinates":[[[922.6,291.3],[920.7,293.6],[919.3,292.8],[918.2,295.2],[921.3,295.9],[926,295.3],[929.4,288.8],[925.6,289],[922.6,291.3]]]}},{"type":"Feature","properties":{"GEOID":"51139","NAME":"Page","STATEFP":"51"},"geometry":{"type":"Polygon","coordinates":[[[915,280.4],[912.6,282.9],[911.5,286.3],[911,288.7],[915.1,290],[915.5,288.7],[916.8,284.7],[917.2,281.5],[915,280.4]]]}},{"type":"Feature","properties":{"GEOID":"51141","NAME":"Patrick","STATEFP":"51"},"geometry":{"type":"Polygon","coordinates":[[[889.6,331.9],[887.2,334],[886,336.4],[883.9,340.4],[887.1,340],[894.3,339],[892.6,333.6],[893.5,333.1],[889.6,331.9]]]}},{"type":"Feature","properties":{"GEOID":"51143","NAME":"Pittsylvania","STATEFP":"51"},"geometry":{"type":"Polygon","coordinates":[[[905.1,337.2],[906,334.5],[907.4,336.7],[909.7,336.3],[909.9,323.8],[905.2,323.1],[903.5,325.1],[900.8,325.9],[900.7,330.4],[900.6,337.9],[904.3,337.3],[905.1,337.2]]]}},{"type":"Feature","properties":{"GEOID":"51145","NAME":"Powhatan","STATEFP":"51"},"geometry":{"type":"Polygon","coordinates":[[[933.9,307.2],[929.1,305.6],[925.9,306.4],[925.7,311.4],[928.3,310.1],[930.9,311.3],[933.9,307.2]]]}},{"type":"Feature","properties":{"GEOID":"51147","NAME":"Prince Edward","STATEFP":"51"},"geometry":{"type":"Polygon","coordinates":[[[917.6,314.3],[916.6,318],[916.6,319.1],[921.7,321.2],[925.3,319.5],[924.6,315.4],[924.2,313.7],[922.9,315.4],[920.2,315.2],[917.6,314.3]]]}},{"type":"Feature","properties":{"GEOID":"51149","NAME":"Prince George","STATEFP":"51"},"geometry":{"type":"Polygon","coordinates":[[[940.5,313.6],[940.4,315.4],[941.2,319.5],[945.1,315.9],[947.8,312],[942,311.4],[941.8,311.7],[942.2,312.4],[941.3,313],[940.9,311.8],[940.5,313.6]]]}},{"type":"Feature","properties":{"GEOID":"51153","NAME":"Prince William","STATEFP":"51"},"geometry":{"type":"Polygon","coordinates":[[[927.7,275.1],[927.1,277.8],[931.6,283.6],[932.4,282.6],[936.1,283.9],[936.9,281.4],[936.7,280.3],[932.8,278.5],[932.7,278.2],[932.4,278],[932.2,277.6],[930.2,276.9],[927.7,275.1]],[[931.9,278.3],[932.2,279.1],[931.4,279.3],[931.6,278.2],[932.6,278.1],[932.6,278.7],[931.9,278.3]]]}},{"type":"Feature","properties":{"GEOID":"51155","NAME":"Pulaski","STATEFP":"51"},"geometry":{"type":"Polygon","coordinates":[[[881.4,324.3],[877.2,327.3],[876.4,329.2],[880.3,333.2],[882.1,331.7],[883.5,330.2],[882.4,327.8],[882,327.2],[883.2,326.6],[881.4,324.3]]]}},{"type":"Feature","properties":{"GEOID":"51157","NAME":"Rappahannock","STATEFP":"51"},"geometry":{"type":"Polygon","coordinates":[[[919.5,278.5],[917.2,281.5],[916.8,284.7],[919.2,286.6],[920.3,286.6],[923.8,281.8],[919.5,278.5]]]}},{"type":"Feature","properties":{"GEOID":"51159","NAME":"Richmond","STATEFP":"51"},"geometry":{"type":"Polygon","coordinates":[[[944.5,292.6],[945.7,294.7],[950.8,298.6],[953.4,296.6],[950.5,294.1],[948.3,293.8],[945.4,291.3],[944.5,292.6]]]}},{"type":"Feature","properties":{"GEOID":"51161","NAME":"Roanoke","STATEFP":"51"},"geometry":{"type":"Polygon","coordinates":[[[895,320.4],[890.4,318.5],[887.3,321],[889.7,326],[890.6,325.7],[893.6,324.8],[895.4,322.4],[895,320.4]],[[891.8,321],[893.9,320.3],[893.6,323],[891.8,322.1],[890.6,321.8],[891.8,321]]]}},{"type":"Feature","properties":{"GEOID":"51163","NAME":"Rockbridge","STATEFP":"51"},"geometry":{"type":"Polygon","coordinates":[[[896.4,306.6],[896.4,309.3],[896.6,311.7],[900.5,314.1],[901.3,311.9],[902.8,310.6],[903.7,307.2],[905.3,306.7],[905.2,304.6],[898.5,301.1],[896.4,306.6]],[[900.1,308.1],[900.5,307.8],[900.9,307.9],[900.3,308.5],[900.1,308.1]],[[901.8,308.8],[902.7,308.6],[902.3,309.7],[901.8,308.8]]]}},{"type":"Feature","properties":{"GEOID":"51165","NAME":"Rockingham","STATEFP":"51"},"geometry":{"type":"Polygon","coordinates":[[[903.4,284],[901.6,291.2],[911.3,295.9],[912.5,294],[915.1,290],[911,288.7],[911.5,286.3],[906.7,283.3],[904.1,281.7],[903.4,284]],[[907.4,292.1],[907.5,290.5],[908.9,290.8],[907.4,292.1]]]}},{"type":"Feature","properties":{"GEOID":"51167","NAME":"Russell","STATEFP":"51"},"geometry":{"type":"Polygon","coordinates":[[[857.9,330.4],[853.7,333.4],[850.7,335.6],[849.5,338],[851.5,341.7],[858,337],[859.9,335.2],[860.8,334.4],[857.9,330.4]]]}},{"type":"Feature","properties":{"GEOID":"51169","NAME":"Scott","STATEFP":"51"},"geometry":{"type":"Polygon","coordinates":[[[843,340.8],[840.2,344.1],[839.7,346.2],[842.6,345.8],[846.7,345.2],[852.6,344.3],[851.5,341.7],[849.5,338],[845.6,338.5],[843,340.8]]]}},{"type":"Feature","properties":{"GEOID":"51171","NAME":"Shenandoah","STATEFP":"51"},"geometry":{"type":"Polygon","coordinates":[[[911.3,275.4],[909.4,278.9],[907.7,280.2],[906.7,283.3],[911.5,286.3],[912.6,282.9],[915,280.4],[916.1,277.2],[915.6,275.8],[911.3,275.4]]]}},{"type":"Feature","properties":{"GEOID":"51173","NAME":"Smyth","STATEFP":"51"},"geometry":{"type":"Polygon","coordinates":[[[859.9,335.2],[862.9,338.1],[865.2,341.4],[866.4,339.5],[871.1,337.5],[868.2,333.4],[867,332.2],[862.7,334.7],[860.8,334.4],[859.9,335.2]]]}},{"type":"Feature","properties":{"GEOID":"51175","NAME":"Southampton","STATEFP":"51"},"geometry":{"type":"Polygon","coordinates":[[[942,326.3],[943.9,329.3],[945.2,329.6],[947.6,329],[952.2,328.2],[952.1,328],[952,325.8],[951.8,325.7],[950.9,325.5],[951.2,324.4],[952.3,319.5],[951.2,317.4],[949.6,319],[942,326.3]]]}},{"type":"Feature","properties":{"GEOID":"51177","NAME":"Spotsylvania","STATEFP":"51"},"geometry":{"type":"Polygon","coordinates":[[[929.4,288.8],[926,295.3],[928.1,295.2],[931.3,296.9],[932.2,297.2],[936,290.3],[934.4,289.6],[932.8,289.4],[930.9,288.3],[929.4,288.8]]]}},{"type":"Feature","properties":{"GEOID":"51179","NAME":"Stafford","STATEFP":"51"},"geometry":{"type":"Polygon","coordinates":[[[931.6,283.6],[930.4,287.4],[930.9,288.3],[932.8,289.4],[933.9,288.9],[934.4,289.6],[936,290.3],[936.7,290.1],[937,287.6],[936.1,283.9],[932.4,282.6],[931.6,283.6]]]}},{"type":"Feature","properties":{"GEOID":"51181","NAME":"Surry","STATEFP":"51"},"geometry":{"type":"Polygon","coordinates":[[[947.8,312],[945.1,315.9],[948.5,316.7],[949.6,319],[951.2,317.4],[953.5,315.5],[954.3,313],[949.6,312.3],[947.8,312]]]}},{"type":"Feature","properties":{"GEOID":"51183","NAME":"Sussex","STATEFP":"51"},"geometry":{"type":"Polygon","coordinates":[[[949.6,319],[948.5,316.7],[945.1,315.9],[941.2,319.5],[937.7,323],[939.9,323.4],[942,326.3],[949.6,319]]]}},{"type":"Feature","properties":{"GEOID":"51185","NAME":"Tazewell","STATEFP":"51"},"geometry":{"type":"Polygon","coordinates":[[[860.6,327.7],[857.9,330.4],[860.8,334.4],[862.7,334.7],[867,332.2],[869.7,329.8],[870,326.3],[867.1,324.3],[864,327.9],[860.6,327.7]]]}},{"type":"Feature","properties":{"GEOID":"51187","NAME":"Warren","STATEFP":"51"},"geometry":{"type":"Polygon","coordinates":[[[915.6,275.8],[916.1,277.2],[915,280.4],[917.2,281.5],[919.5,278.5],[921.3,275.4],[918.4,274.6],[915.6,275.8]]]}},{"type":"Feature","properties":{"GEOID":"51191","NAME":"Washington","STATEFP":"51"},"geometry":{"type":"Polygon","coordinates":[[[855.6,342.6],[855.3,343.9],[861.2,342.6],[864.5,342.1],[865.2,341.4],[862.9,338.1],[859.9,335.2],[858,337],[851.5,341.7],[852.6,344.3],[853.5,344.2],[855.6,342.6]]]}},{"type":"Feature","properties":{"GEOID":"51193","NAME":"Westmoreland","STATEFP":"51"},"geometry":{"type":"Polygon","coordinates":[[[944.5,292.6],[945.4,291.3],[948.3,293.8],[950.5,294.1],[952.3,292.1],[950.1,289.8],[945.3,290.2],[942.5,288.2],[941.9,291.1],[944.5,292.6]]]}},{"type":"Feature","properties":{"GEOID":"51195","NAME":"Wise","STATEFP":"51"},"geometry":{"type":"Polygon","coordinates":[[[840.7,338.9],[843,340.8],[845.6,338.5],[849.5,338],[850.7,335.6],[847.9,334.7],[845.7,330.7],[845.5,330.9],[843,333.1],[842.8,335],[840.6,336.9],[840.7,338.9]],[[844.6,337.6],[845.1,336.8],[845.9,337.1],[844.6,337.6]]]}},{"type":"Feature","properties":{"GEOID":"51197","NAME":"Wythe","STATEFP":"51"},"geometry":{"type":"Polygon","coordinates":[[[876.4,329.2],[872.9,331],[870.7,330.7],[868.2,333.4],[871.1,337.5],[875,335.8],[880.3,333.2],[876.4,329.2]]]}},{"type":"Feature","properties":{"GEOID":"51199","NAME":"York","STATEFP":"51"},"geometry":{"type":"Polygon","coordinates":[[[954.9,311.4],[958.3,313.6],[959,313.1],[959.8,310.9],[963.3,310.2],[962.9,308.1],[959.8,308.8],[956.1,310.3],[952.9,307.8],[952,309.8],[953.1,310.5],[954.9,311.4]]]}},{"type":"Feature","properties":{"GEOID":"51510","NAME":"Alexandria","STATEFP":"51"},"geometry":{"type":"Polygon","coordinates":[[[937.8,275.4],[939.3,276.5],[939.3,276.4],[939,275.3],[937.8,275.4]]]}},{"type":"Feature","properties":{"GEOID":"51520","NAME":"Bristol","STATEFP":"51"},"geometry":{"type":"Polygon","coordinates":[[[855.6,342.6],[853.5,344.2],[855.3,343.9],[855.6,342.6]]]}},{"type":"Feature","properties":{"GEOID":"51530","NAME":"Buena Vista","STATEFP":"51"},"geometry":{"type":"Polygon","coordinates":[[[901.8,308.8],[902.3,309.7],[902.7,308.6],[901.8,308.8]]]}},{"type":"Feature","properties":{"GEOID":"51540","NAME":"Charlottesville","STATEFP":"51"},"geometry":{"type":"Polygon","coordinates":[[[916.1,299.5],[917.2,299.5],[917.3,298.7],[916.6,298.3],[916.1,299.5]]]}},{"type":"Feature","properties":{"GEOID":"51550","NAME":"Chesapeake","STATEFP":"51"},"geometry":{"type":"Polygon","coordinates":[[[959.7,318.8],[959.3,320.2],[959.9,326.4],[963.2,325.7],[966.7,325],[966.2,322.3],[963.4,318.7],[962.3,319.3],[959.7,318.8]]]}},{"type":"Feature","properties":{"GEOID":"51570","NAME":"Colonial Heights","STATEFP":"51"},"geometry":{"type":"Polygon","coordinates":[[[940,313.9],[940.4,313.6],[940.3,313.1],[940.6,312.7],[940.2,312.7],[939.7,313.3],[939.8,314],[940,313.9]]]}},{"type":"Feature","properties":{"GEOID":"51580","NAME":"Covington","STATEFP":"51"},"geometry":{"type":"Polygon","coordinates":[[[890.3,310.3],[890.8,310.2],[890.9,309.3],[890.4,309.4],[890.3,310.3]]]}},{"type":"Feature","properties":{"GEOID":"51590","NAME":"Danville","STATEFP":"51"},"geometry":{"type":"Polygon","coordinates":[[[907.4,336.7],[906,334.5],[905.1,337.2],[907.4,336.7]]]}},{"type":"Feature","properties":{"GEOID":"51595","NAME":"Emporia","STATEFP":"51"},"geometry":{"type":"Polygon","coordinates":[[[939.5,326.9],[939.8,327.5],[940.6,327.1],[940.5,326.4],[939.5,326.9]]]}},{"type":"Feature","properties":{"GEOID":"51600","NAME":"Fairfax","STATEFP":"51"},"geometry":{"type":"Polygon","coordinates":[[[933.8,276],[934.2,276.3],[935,276.1],[934.9,275.5],[934.3,275.5],[933.8,276]]]}},{"type":"Feature","properties":{"GEOID":"51610","NAME":"Falls Church","STATEFP":"51"},"geometry":{"type":"Polygon","coordinates":[[[936.5,274.5],[936.3,274.9],[937,274.8],[936.5,274.5]]]}},{"type":"Feature","properties":{"GEOID":"51620","NAME":"Franklin","STATEFP":"51"},"geometry":{"type":"Polygon","coordinates":[[[951.2,324.4],[950.9,325.5],[951.8,325.7],[951.2,324.4]]]}},{"type":"Feature","properties":{"GEOID":"51630","NAME":"Fredericksburg","STATEFP":"51"},"geometry":{"type":"Polygon","coordinates":[[[932.8,289.4],[934.4,289.6],[933.9,288.9],[932.8,289.4]]]}},{"type":"Feature","properties":{"GEOID":"51640","NAME":"Galax","STATEFP":"51"},"geometry":{"type":"Polygon","coordinates":[[[877.5,338.7],[877.9,339.1],[878.5,338],[877.7,338.1],[877.5,338.7]]]}},{"type":"Feature","properties":{"GEOID":"51650","NAME":"Hampton","STATEFP":"51"},"geometry":{"type":"Polygon","coordinates":[[[958.3,313.6],[960,316.7],[960.9,317.2],[964.1,313.7],[963.7,311.9],[959,313.1],[958.3,313.6]]]}},{"type":"Feature","properties":{"GEOID":"51660","NAME":"Harrisonburg","STATEFP":"51"},"geometry":{"type":"Polygon","coordinates":[[[907.4,292.1],[908.9,290.8],[907.5,290.5],[907.4,292.1]]]}},{"type":"Feature","properties":{"GEOID":"51670","NAME":"Hopewell","STATEFP":"51"},"geometry":{"type":"Polygon","coordinates":[[[940.9,311.8],[941.3,313],[942.2,312.4],[941.8,311.7],[940.9,311.8]]]}},{"type":"Feature","properties":{"GEOID":"51678","NAME":"Lexington","STATEFP":"51"},"geometry":{"type":"Polygon","coordinates":[[[900.1,308.1],[900.3,308.5],[900.9,307.9],[900.5,307.8],[900.1,308.1]]]}},{"type":"Feature","properties":{"GEOID":"51680","NAME":"Lynchburg","STATEFP":"51"},"geometry":{"type":"Polygon","coordinates":[[[906.5,314.7],[905.6,317.5],[908.6,316],[906.5,314.7]]]}},{"type":"Feature","properties":{"GEOID":"51683","NAME":"Manassas","STATEFP":"51"},"geometry":{"type":"Polygon","coordinates":[[[931.6,278.2],[931.4,279.3],[932.2,279.1],[931.9,278.3],[931.6,278.2]]]}},{"type":"Feature","properties":{"GEOID":"51685","NAME":"Manassas Park","STATEFP":"51"},"geometry":{"type":"Polygon","coordinates":[[[931.9,278.3],[932.6,278.7],[932.6,278.1],[931.6,278.2],[931.9,278.3]]]}},{"type":"Feature","properties":{"GEOID":"51690","NAME":"Martinsville","STATEFP":"51"},"geometry":{"type":"Polygon","coordinates":[[[896.5,335.2],[897.4,335.6],[897.6,334.5],[896.9,334.4],[896.5,335.2]]]}},{"type":"Feature","properties":{"GEOID":"51700","NAME":"Newport News","STATEFP":"51"},"geometry":{"type":"Polygon","coordinates":[[[954.3,313],[954.8,314.3],[958.9,317.2],[959.8,317.2],[960,316.7],[958.3,313.6],[954.9,311.4],[954.3,313]]]}},{"type":"Feature","properties":{"GEOID":"51710","NAME":"Norfolk","STATEFP":"51"},"geometry":{"type":"Polygon","coordinates":[[[960.9,317.2],[962.3,319.3],[963.4,318.7],[964.1,313.7],[960.9,317.2]]]}},{"type":"Feature","properties":{"GEOID":"51720","NAME":"Norton","STATEFP":"51"},"geometry":{"type":"Polygon","coordinates":[[[844.6,337.6],[845.9,337.1],[845.1,336.8],[844.6,337.6]]]}},{"type":"Feature","properties":{"GEOID":"51730","NAME":"Petersburg","STATEFP":"51"},"geometry":{"type":"Polygon","coordinates":[[[939.3,314.3],[940.4,315.4],[940.5,313.6],[940.4,313.7],[940,313.9],[939.8,314],[939.3,314.3]]]}},{"type":"Feature","properties":{"GEOID":"51735","NAME":"Poquoson","STATEFP":"51"},"geometry":{"type":"Polygon","coordinates":[[[963.3,310.2],[959.8,310.9],[959,313.1],[963.7,311.9],[963.3,310.2]]]}},{"type":"Feature","properties":{"GEOID":"51740","NAME":"Portsmouth","STATEFP":"51"},"geometry":{"type":"Polygon","coordinates":[[[959.8,317.2],[959.7,318.8],[962.3,319.3],[960.9,317.2],[960,316.7],[959.8,317.2]]]}},{"type":"Feature","properties":{"GEOID":"51750","NAME":"Radford","STATEFP":"51"},"geometry":{"type":"Polygon","coordinates":[[[883.2,326.6],[882,327.2],[882.4,327.8],[883.2,326.6]]]}},{"type":"Feature","properties":{"GEOID":"51760","NAME":"Richmond","STATEFP":"51"},"geometry":{"type":"Polygon","coordinates":[[[935.1,307.1],[938.7,309],[937.5,305.5],[935.1,307.1]]]}},{"type":"Feature","properties":{"GEOID":"51770","NAME":"Roanoke","STATEFP":"51"},"geometry":{"type":"Polygon","coordinates":[[[891.8,322.1],[893.6,323],[893.9,320.3],[891.8,321],[891.8,322.1]]]}},{"type":"Feature","properties":{"GEOID":"51775","NAME":"Salem","STATEFP":"51"},"geometry":{"type":"Polygon","coordinates":[[[891.8,321],[890.6,321.8],[891.8,322.1],[891.8,321]]]}},{"type":"Feature","properties":{"GEOID":"51790","NAME":"Staunton","STATEFP":"51"},"geometry":{"type":"Polygon","coordinates":[[[905.7,298.9],[906.6,298.3],[906.2,297],[905.1,297.5],[905.7,298.9]]]}},{"type":"Feature","properties":{"GEOID":"51800","NAME":"Suffolk","STATEFP":"51"},"geometry":{"type":"Polygon","coordinates":[[[952,325.8],[952.1,328],[959,326.6],[959.9,326.4],[959.3,320.2],[959.7,318.8],[959.8,317.2],[958.9,317.2],[957.4,318.1],[952,325.8]]]}},{"type":"Feature","properties":{"GEOID":"51810","NAME":"Virginia Beach","STATEFP":"51"},"geometry":{"type":"Polygon","coordinates":[[[963.4,318.7],[966.2,322.3],[966.7,325],[972.7,323.7],[968.4,315.3],[968.4,314],[964.1,313.7],[963.4,318.7]]]}},{"type":"Feature","properties":{"GEOID":"51820","NAME":"Waynesboro","STATEFP":"51"},"geometry":{"type":"Polygon","coordinates":[[[908.3,299.8],[909.4,300.3],[909.7,299],[908.9,298.9],[908.3,299.8]]]}},{"type":"Feature","properties":{"GEOID":"51830","NAME":"Williamsburg","STATEFP":"51"},"geometry":{"type":"Polygon","coordinates":[[[952,309.8],[951.9,310.7],[953.1,310.5],[952,309.8]]]}},{"type":"Feature","properties":{"GEOID":"51840","NAME":"Winchester","STATEFP":"51"},"geometry":{"type":"Polygon","coordinates":[[[916.9,271.4],[917.6,272.2],[917.8,271.3],[916.9,271.4]]]}},{"type":"Feature","properties":{"GEOID":"53001","NAME":"Adams","STATEFP":"53"},"geometry":{"type":"Polygon","coordinates":[[[229.9,66.2],[227.9,74.1],[221.8,72.6],[220.8,76.6],[239.1,81],[242.5,80.6],[244,77.9],[245.8,70.1],[229.9,66.2]]]}},{"type":"Feature","properties":{"GEOID":"53003","NAME":"Asotin","STATEFP":"53"},"geometry":{"type":"Polygon","coordinates":[[[253.2,91],[249.7,92.1],[248.3,98],[246.7,100.7],[255.7,102.8],[256.5,98.9],[256,92.5],[253.2,91]]]}},{"type":"Feature","properties":{"GEOID":"53005","NAME":"Benton","STATEFP":"53"},"geometry":{"type":"Polygon","coordinates":[[[219.1,77.6],[212.2,77],[208.9,90.4],[207.7,95.1],[211,95.4],[212.9,94.2],[215.1,95],[220.1,95.9],[222.7,94.9],[223.7,91.7],[222.9,90.3],[219.8,87.3],[221.1,81.9],[219.1,77.6]]]}},{"type":"Feature","properties":{"GEOID":"53007","NAME":"Chelan","STATEFP":"53"},"geometry":{"type":"Polygon","coordinates":[[[204.6,34.7],[205.3,38.1],[201,41],[199.5,42.9],[199.7,45.9],[198.6,50],[200.6,54.5],[207.9,60.6],[212.5,61.8],[212.5,59.3],[210.1,56.5],[213.3,51.8],[213.6,50.3],[217.1,50.4],[220,46.9],[217.3,46.2],[216.4,43.4],[210.6,33.9],[210.6,30.7],[208.3,29.7],[204.7,30.8],[204.6,34.7]]]}},{"type":"Feature","properties":{"GEOID":"53009","NAME":"Clallam","STATEFP":"53"},"geometry":{"type":"Polygon","coordinates":[[[145.2,27.6],[163.7,33.2],[172.1,36],[175.2,25.2],[170.3,25.3],[165.4,25.3],[158.8,21.6],[149,13.6],[147.2,15.8],[147.4,18.1],[145.2,20.4],[145.6,22.6],[144.6,25.4],[145.2,27.6]]]}},{"type":"Feature","properties":{"GEOID":"53011","NAME":"Clark","STATEFP":"53"},"geometry":{"type":"Polygon","coordinates":[[[161.5,82.1],[161,85],[160.5,86.6],[165.1,90.2],[168,91.4],[171.3,80],[169.4,81.6],[167.2,80.4],[163,80.6],[161.5,82.1]]]}},{"type":"Feature","properties":{"GEOID":"53013","NAME":"Columbia","STATEFP":"53"},"geometry":{"type":"Polygon","coordinates":[[[238,84.3],[236.2,91],[237.7,93.5],[239.7,94],[238.5,98.7],[238.8,98.8],[244.8,100.2],[246.4,92.4],[245.1,88.9],[243.1,88.4],[244.1,85],[238.7,85.3],[238.2,84.4],[238,84.3]]]}},{"type":"Feature","properties":{"GEOID":"53015","NAME":"Cowlitz","STATEFP":"53"},"geometry":{"type":"Polygon","coordinates":[[[156.9,72.9],[158.5,73],[161.1,76.3],[161.5,82.1],[163,80.6],[167.2,80.4],[169.4,81.6],[171.3,80],[173.5,72.5],[158.2,68.1],[156.9,72.9]]]}},{"type":"Feature","properties":{"GEOID":"53017","NAME":"Douglas","STATEFP":"53"},"geometry":{"type":"Polygon","coordinates":[[[220,46.9],[217.1,50.4],[213.6,50.3],[213.3,51.8],[210.1,56.5],[212.5,59.3],[212.5,61.8],[213.6,63.1],[214.2,60.8],[216.9,58.7],[222.3,60],[222.8,58],[226.2,56.8],[229.3,53.1],[229.8,51.1],[231.9,49.8],[233.8,50.3],[233.6,46],[232.2,45.5],[228.7,46.9],[227.4,45.9],[223.6,46.8],[223.7,44.6],[220.2,44.7],[220,46.9]]]}},{"type":"Feature","properties":{"GEOID":"53019","NAME":"Ferry","STATEFP":"53"},"geometry":{"type":"Polygon","coordinates":[[[241.8,27.4],[235.7,50.9],[237.3,52.6],[240.3,54],[243.3,54.2],[243.1,51],[245.9,50.8],[246,49.1],[248.4,46.5],[248.5,41.7],[251.1,37.9],[250.6,32.2],[251.5,29.7],[241.8,27.4]]]}},{"type":"Feature","properties":{"GEOID":"53021","NAME":"Franklin","STATEFP":"53"},"geometry":{"type":"Polygon","coordinates":[[[219.1,77.6],[221.1,81.9],[219.8,87.3],[222.9,90.3],[227.6,89.1],[230.6,86.8],[231.4,84.8],[234.1,83.3],[238,84.3],[238.2,84.4],[239.1,81],[220.8,76.6],[219.1,77.6]]]}},{"type":"Feature","properties":{"GEOID":"53023","NAME":"Garfield","STATEFP":"53"},"geometry":{"type":"Polygon","coordinates":[[[253.2,91],[253.2,89],[250.7,84.7],[246.3,83.8],[244.1,85],[243.1,88.4],[245.1,88.9],[246.4,92.4],[244.8,100.2],[246.7,100.7],[248.3,98],[249.7,92.1],[253.2,91]]]}},{"type":"Feature","properties":{"GEOID":"53025","NAME":"Grant","STATEFP":"53"},"geometry":{"type":"Polygon","coordinates":[[[233.8,50.3],[231.9,49.8],[229.8,51.1],[229.3,53.1],[226.2,56.8],[222.8,58],[222.3,60],[216.9,58.7],[214.2,60.8],[213.6,63.1],[212.2,66.3],[212.5,72.5],[211.3,74.2],[212.2,77],[219.1,77.6],[220.8,76.6],[221.8,72.6],[227.9,74.1],[229.9,66.2],[233.8,50.7],[233.8,50.3]]]}},{"type":"Feature","properties":{"GEOID":"53027","NAME":"Grays Harbor","STATEFP":"53"},"geometry":{"type":"Polygon","coordinates":[[[147.2,36.7],[146.3,39.8],[147.1,43.6],[146.9,47.3],[145.8,52],[146,54.4],[158.5,58.2],[161.8,59.2],[163.2,54.6],[163.1,52.4],[158.6,51.2],[161.2,41.3],[152.9,38.8],[147.2,36.7]]]}},{"type":"Feature","properties":{"GEOID":"53029","NAME":"Island","STATEFP":"53"},"geometry":{"type":"Polygon","coordinates":[[[176.7,25.1],[175.9,28],[178.3,32.3],[178,35.1],[179.8,39.2],[182.2,36.6],[182.4,28.5],[181.1,25.2],[178.9,24.9],[176.7,25.1]]]}},{"type":"Feature","properties":{"GEOID":"53031","NAME":"Jefferson","STATEFP":"53"},"geometry":{"type":"Polygon","coordinates":[[[175.2,25.2],[172.1,36],[163.7,33.2],[145.2,27.6],[147.3,34.5],[147.2,36.7],[152.9,38.8],[161.2,41.3],[161.8,39.4],[170.4,41.8],[173.4,41.1],[175.1,38.8],[177.5,37.4],[178,35.1],[178.3,32.3],[175.9,28],[176.7,25.1],[175.2,25.2]]]}},{"type":"Feature","properties":{"GEOID":"53033","NAME":"King","STATEFP":"53"},"geometry":{"type":"Polygon","coordinates":[[[179.4,40.3],[177.7,45.6],[175.4,48.2],[177.6,52.4],[180.6,53.3],[183.2,56.7],[185.4,56.7],[191.4,60.4],[192.7,59.6],[193.2,56.2],[191.8,53.6],[197.7,49.9],[198.6,50],[199.7,45.9],[179.4,40.3]]]}},{"type":"Feature","properties":{"GEOID":"53035","NAME":"Kitsap","STATEFP":"53"},"geometry":{"type":"Polygon","coordinates":[[[178,35.1],[177.5,37.4],[175.1,38.8],[173.4,41.1],[170.4,41.8],[172.1,44.4],[171.4,47.1],[175.4,48.2],[177.7,45.6],[179.4,40.3],[179.8,39.2],[178,35.1]]]}},{"type":"Feature","properties":{"GEOID":"53037","NAME":"Kittitas","STATEFP":"53"},"geometry":{"type":"Polygon","coordinates":[[[198.6,50],[197.7,49.9],[191.8,53.6],[193.2,56.2],[192.7,59.6],[191.4,60.4],[193.3,61],[195.8,65.9],[202,67.5],[201.4,69.5],[202.9,72],[211.3,74.2],[212.5,72.5],[212.2,66.3],[213.6,63.1],[212.5,61.8],[207.9,60.6],[200.6,54.5],[198.6,50]]]}},{"type":"Feature","properties":{"GEOID":"53039","NAME":"Klickitat","STATEFP":"53"},"geometry":{"type":"Polygon","coordinates":[[[208.9,90.4],[194.1,86.5],[182.7,83.4],[181.3,83],[179.7,88.9],[180.7,90.6],[181.8,91.6],[183.5,91.9],[187.2,94.2],[189.8,95.1],[194.6,94.1],[196.7,95.5],[201.6,96.2],[205.5,95.1],[207.7,95.1],[208.9,90.4]]]}},{"type":"Feature","properties":{"GEOID":"53041","NAME":"Lewis","STATEFP":"53"},"geometry":{"type":"Polygon","coordinates":[[[158.5,58.2],[156,67.5],[158.2,68.1],[173.5,72.5],[184.8,75.6],[186.8,76.1],[186.8,72.6],[189.1,69.1],[188.3,66.9],[183.6,65.6],[181.9,66.5],[176.5,64.1],[161.6,59.8],[161.8,59.2],[158.5,58.2]]]}},{"type":"Feature","properties":{"GEOID":"53043","NAME":"Lincoln","STATEFP":"53"},"geometry":{"type":"Polygon","coordinates":[[[243.3,54.2],[240.3,54],[237.3,52.6],[235.7,50.9],[233.8,50.7],[229.9,66.2],[245.8,70.1],[248,70.6],[251,57.7],[246.9,57.4],[245.6,53.6],[243.3,54.2]]]}},{"type":"Feature","properties":{"GEOID":"53045","NAME":"Mason","STATEFP":"53"},"geometry":{"type":"Polygon","coordinates":[[[169.7,51.7],[171.4,47.1],[172.1,44.4],[170.4,41.8],[161.8,39.4],[161.2,41.3],[158.6,51.2],[163.1,52.4],[169.7,51.7]]]}},{"type":"Feature","properties":{"GEOID":"53047","NAME":"Okanogan","STATEFP":"53"},"geometry":{"type":"Polygon","coordinates":[[[210.6,30.7],[210.6,33.9],[216.4,43.4],[217.3,46.2],[220,46.9],[220.2,44.7],[223.7,44.6],[223.6,46.8],[227.4,45.9],[228.7,46.9],[232.2,45.5],[233.6,46],[233.8,50.3],[233.8,50.7],[235.7,50.9],[241.8,27.4],[223.5,22.8],[211.2,19.5],[212.1,20.9],[210.6,27.6],[210.6,30.7]]]}},{"type":"Feature","properties":{"GEOID":"53049","NAME":"Pacific","STATEFP":"53"},"geometry":{"type":"Polygon","coordinates":[[[146,54.4],[144.2,62.9],[142.6,66.4],[146.9,68.4],[149.4,68.4],[150.2,65.7],[156,67.5],[158.5,58.2],[146,54.4]]]}},{"type":"Feature","properties":{"GEOID":"53051","NAME":"Pend Oreille","STATEFP":"53"},"geometry":{"type":"Polygon","coordinates":[[[263.2,32.4],[260.3,35.7],[260.4,40],[257.6,51.8],[258.1,54.1],[264.3,55.5],[268.5,37.3],[269.3,33.9],[263.2,32.4]]]}},{"type":"Feature","properties":{"GEOID":"53053","NAME":"Pierce","STATEFP":"53"},"geometry":{"type":"Polygon","coordinates":[[[169.7,51.7],[171.1,57.4],[172.7,60.5],[176.5,64.1],[181.9,66.5],[183.6,65.6],[188.3,66.9],[188.2,65],[191.4,60.4],[185.4,56.7],[183.2,56.7],[180.6,53.3],[177.6,52.4],[175.4,48.2],[171.4,47.1],[169.7,51.7]]]}},{"type":"Feature","properties":{"GEOID":"53055","NAME":"San Juan","STATEFP":"53"},"geometry":{"type":"Polygon","coordinates":[[[177.5,14.2],[177.1,15.6],[172.7,16.1],[172.5,19.5],[173.2,22.8],[170.3,25.3],[175.2,25.2],[176.7,25.1],[178.9,24.9],[179.7,20.4],[180.7,19.6],[180.1,16.4],[177.5,14.2]]]}},{"type":"Feature","properties":{"GEOID":"53057","NAME":"Skagit","STATEFP":"53"},"geometry":{"type":"Polygon","coordinates":[[[178.9,24.9],[181.1,25.2],[182.4,28.5],[204.6,34.7],[204.7,30.8],[208.3,29.7],[210.6,30.7],[210.6,27.6],[202.8,25.9],[180.7,19.6],[179.7,20.4],[178.9,24.9]]]}},{"type":"Feature","properties":{"GEOID":"53059","NAME":"Skamania","STATEFP":"53"},"geometry":{"type":"Polygon","coordinates":[[[171.3,80],[168,91.4],[173.9,90.6],[175,89.8],[180.7,90.6],[179.7,88.9],[181.3,83],[182.7,83.4],[184.8,75.6],[173.5,72.5],[171.3,80]]]}},{"type":"Feature","properties":{"GEOID":"53061","NAME":"Snohomish","STATEFP":"53"},"geometry":{"type":"Polygon","coordinates":[[[182.4,28.5],[182.2,36.6],[179.8,39.2],[179.4,40.3],[199.7,45.9],[199.5,42.9],[201,41],[205.3,38.1],[204.6,34.7],[182.4,28.5]]]}},{"type":"Feature","properties":{"GEOID":"53063","NAME":"Spokane","STATEFP":"53"},"geometry":{"type":"Polygon","coordinates":[[[258.1,54.1],[256.6,53.7],[255.3,59.4],[253.1,57.5],[251,57.7],[248,70.6],[260.3,73.4],[260.8,71],[263.9,57],[264.3,55.5],[258.1,54.1]]]}},{"type":"Feature","properties":{"GEOID":"53065","NAME":"Stevens","STATEFP":"53"},"geometry":{"type":"Polygon","coordinates":[[[251.5,29.7],[250.6,32.2],[251.1,37.9],[248.5,41.7],[248.4,46.5],[246,49.1],[245.9,50.8],[243.1,51],[243.3,54.2],[245.6,53.6],[246.9,57.4],[251,57.7],[253.1,57.5],[255.3,59.4],[256.6,53.7],[258.1,54.1],[257.6,51.8],[260.4,40],[260.3,35.7],[263.2,32.4],[251.5,29.7]]]}},{"type":"Feature","properties":{"GEOID":"53067","NAME":"Thurston","STATEFP":"53"},"geometry":{"type":"Polygon","coordinates":[[[163.1,52.4],[163.2,54.6],[161.8,59.2],[161.6,59.8],[176.5,64.1],[172.7,60.5],[171.1,57.4],[169.7,51.7],[163.1,52.4]]]}},{"type":"Feature","properties":{"GEOID":"53069","NAME":"Wahkiakum","STATEFP":"53"},"geometry":{"type":"Polygon","coordinates":[[[149.4,68.4],[153.3,69.5],[154.3,72.8],[156.9,72.9],[158.2,68.1],[156,67.5],[150.2,65.7],[149.4,68.4]]]}},{"type":"Feature","properties":{"GEOID":"53071","NAME":"Walla Walla","STATEFP":"53"},"geometry":{"type":"Polygon","coordinates":[[[238,84.3],[234.1,83.3],[231.4,84.8],[230.6,86.8],[227.6,89.1],[222.9,90.3],[223.7,91.7],[222.7,94.9],[238.5,98.7],[239.7,94],[237.7,93.5],[236.2,91],[238,84.3]]]}},{"type":"Feature","properties":{"GEOID":"53073","NAME":"Whatcom","STATEFP":"53"},"geometry":{"type":"Polygon","coordinates":[[[211.2,19.5],[197.4,15.8],[173.9,9],[177.5,14.2],[180.1,16.4],[180.7,19.6],[202.8,25.9],[210.6,27.6],[212.1,20.9],[211.2,19.5]]]}},{"type":"Feature","properties":{"GEOID":"53075","NAME":"Whitman","STATEFP":"53"},"geometry":{"type":"Polygon","coordinates":[[[245.8,70.1],[244,77.9],[242.5,80.6],[239.1,81],[238.2,84.4],[238.7,85.3],[244.1,85],[246.3,83.8],[250.7,84.7],[253.2,89],[253.2,91],[256,92.5],[256.6,89.8],[259.6,76.4],[260.3,73.4],[248,70.6],[245.8,70.1]]]}},{"type":"Feature","properties":{"GEOID":"53077","NAME":"Yakima","STATEFP":"53"},"geometry":{"type":"Polygon","coordinates":[[[188.3,66.9],[189.1,69.1],[186.8,72.6],[186.8,76.1],[184.8,75.6],[182.7,83.4],[194.1,86.5],[208.9,90.4],[212.2,77],[211.3,74.2],[202.9,72],[201.4,69.5],[202,67.5],[195.8,65.9],[193.3,61],[191.4,60.4],[188.2,65],[188.3,66.9]]]}},{"type":"Feature","properties":{"GEOID":"54001","NAME":"Barbour","STATEFP":"54"},"geometry":{"type":"Polygon","coordinates":[[[886.2,274.1],[881.6,276.2],[881,279.4],[884.7,281.3],[884.2,282.9],[887.5,281.7],[888.2,278.1],[888,275.4],[886.2,274.1]]]}},{"type":"Feature","properties":{"GEOID":"54003","NAME":"Berkeley","STATEFP":"54"},"geometry":{"type":"Polygon","coordinates":[[[922.1,262.8],[920.5,260.6],[918.1,260.6],[916.1,261.6],[915.4,266.6],[919.5,268.9],[922.1,262.8]]]}},{"type":"Feature","properties":{"GEOID":"54005","NAME":"Boone","STATEFP":"54"},"geometry":{"type":"Polygon","coordinates":[[[855.4,305.2],[853.8,306.8],[854.3,309.8],[857.3,311.5],[858.9,314.3],[861,314.4],[862.7,314.1],[861.2,311.1],[863.1,309.3],[862.4,307.7],[858.9,305.2],[855.4,305.2]]]}},{"type":"Feature","properties":{"GEOID":"54007","NAME":"Braxton","STATEFP":"54"},"geometry":{"type":"Polygon","coordinates":[[[875,285.4],[873.4,286.3],[868.9,290.9],[868.3,292.2],[871.6,295.5],[873.1,294.1],[875.7,294.4],[877.8,291.2],[878.3,288.9],[877.7,286.8],[875,285.4]]]}},{"type":"Feature","properties":{"GEOID":"54009","NAME":"Brooke","STATEFP":"54"},"geometry":{"type":"Polygon","coordinates":[[[868.9,250.6],[869.7,252.3],[868.8,255.7],[871.8,255.8],[870.9,250.2],[868.9,250.6]]]}},{"type":"Feature","properties":{"GEOID":"54011","NAME":"Cabell","STATEFP":"54"},"geometry":{"type":"Polygon","coordinates":[[[845.9,297.6],[845.7,300.9],[842.5,302.2],[847.5,305.9],[848.5,303.5],[851,301.9],[850.5,299.6],[847.1,297.2],[845.9,297.6]]]}},{"type":"Feature","properties":{"GEOID":"54013","NAME":"Calhoun","STATEFP":"54"},"geometry":{"type":"Polygon","coordinates":[[[864.6,284.1],[862.9,287.1],[867.5,293.7],[868.3,292.2],[868.9,290.9],[867,284.2],[864.6,284.1]]]}},{"type":"Feature","properties":{"GEOID":"54015","NAME":"Clay","STATEFP":"54"},"geometry":{"type":"Polygon","coordinates":[[[867.5,293.7],[865.9,295.9],[864.4,297.5],[866.1,302.2],[871.4,297.8],[871.6,295.5],[868.3,292.2],[867.5,293.7]]]}},{"type":"Feature","properties":{"GEOID":"54017","NAME":"Doddridge","STATEFP":"54"},"geometry":{"type":"Polygon","coordinates":[[[872.7,272.7],[868.5,277.1],[870.5,281.2],[872.1,281.3],[874.2,279.2],[873.6,276.5],[874.1,273],[872.7,272.7]]]}},{"type":"Feature","properties":{"GEOID":"54019","NAME":"Fayette","STATEFP":"54"},"geometry":{"type":"Polygon","coordinates":[[[864.5,309.6],[866.4,311.2],[870.5,310.9],[873,311.8],[875.3,310.3],[875.6,307.4],[873.1,305],[870.8,302.5],[869.2,303.4],[866.1,302.2],[864.7,304.8],[864.5,309.6]]]}},{"type":"Feature","properties":{"GEOID":"54021","NAME":"Gilmer","STATEFP":"54"},"geometry":{"type":"Polygon","coordinates":[[[867,284.2],[868.9,290.9],[873.4,286.3],[875,285.4],[872.6,283.3],[872.1,281.3],[870.5,281.2],[867,284.2]]]}},{"type":"Feature","properties":{"GEOID":"54023","NAME":"Grant","STATEFP":"54"},"geometry":{"type":"Polygon","coordinates":[[[902.8,272.6],[899.7,271.4],[897.2,271.5],[893.8,275],[893.9,275.2],[897.3,274.6],[897.2,280.2],[897.3,280.4],[901.8,283],[902.9,280.1],[901.6,277.6],[902.8,272.6]]]}},{"type":"Feature","properties":{"GEOID":"54025","NAME":"Greenbrier","STATEFP":"54"},"geometry":{"type":"Polygon","coordinates":[[[875.3,310.3],[878.5,313],[881.5,313.5],[885.3,312.9],[887,308.2],[888.7,306.1],[890,303.1],[884.5,304.5],[882.4,303.2],[882.1,300.6],[880.5,299.8],[876.3,305.1],[873.1,305],[875.6,307.4],[875.3,310.3]]]}},{"type":"Feature","properties":{"GEOID":"54027","NAME":"Hampshire","STATEFP":"54"},"geometry":{"type":"Polygon","coordinates":[[[907.2,264.6],[904.7,270],[902.8,272.6],[911.8,274.6],[913.3,272.4],[912.6,270.3],[913.6,267.8],[913,265.2],[910.6,264.5],[907.2,264.6]]]}},{"type":"Feature","properties":{"GEOID":"54029","NAME":"Hancock","STATEFP":"54"},"geometry":{"type":"Polygon","coordinates":[[[867.5,246.3],[869.2,248.7],[868.9,250.6],[870.9,250.2],[870.5,248.4],[869.9,244.6],[867.5,246.3]]]}},{"type":"Feature","properties":{"GEOID":"54031","NAME":"Hardy","STATEFP":"54"},"geometry":{"type":"Polygon","coordinates":[[[902.8,272.6],[901.6,277.6],[902.9,280.1],[901.8,283],[903.4,284],[904.1,281.7],[906.7,283.3],[907.7,280.2],[909.4,278.9],[911.3,275.4],[911.8,274.6],[902.8,272.6]]]}},{"type":"Feature","properties":{"GEOID":"54033","NAME":"Harrison","STATEFP":"54"},"geometry":{"type":"Polygon","coordinates":[[[874.1,273],[873.6,276.5],[874.2,279.2],[879.7,279.9],[881,279.4],[881.6,276.2],[880.4,272.8],[874.9,271.9],[874.1,273]]]}},{"type":"Feature","properties":{"GEOID":"54035","NAME":"Jackson","STATEFP":"54"},"geometry":{"type":"Polygon","coordinates":[[[853.9,284.2],[853.7,287.3],[851.7,289.7],[854.9,294],[856.4,295],[857.8,296.5],[859.6,294.9],[859,293.5],[858.9,287.7],[857.1,285.3],[853.9,284.2]]]}},{"type":"Feature","properties":{"GEOID":"54037","NAME":"Jefferson","STATEFP":"54"},"geometry":{"type":"Polygon","coordinates":[[[922.1,262.8],[919.5,268.9],[923.7,271.2],[924.8,266.5],[922.1,262.8]]]}},{"type":"Feature","properties":{"GEOID":"54039","NAME":"Kanawha","STATEFP":"54"},"geometry":{"type":"Polygon","coordinates":[[[853.5,302.7],[855.4,305.2],[858.9,305.2],[862.4,307.7],[863.1,309.3],[864.5,309.6],[864.7,304.8],[866.1,302.2],[864.4,297.5],[865.9,295.9],[860.9,296.2],[859.6,294.9],[857.8,296.5],[856.4,295],[856.5,298.9],[853.6,300.9],[853.5,302.7]]]}},{"type":"Feature","properties":{"GEOID":"54041","NAME":"Lewis","STATEFP":"54"},"geometry":{"type":"Polygon","coordinates":[[[872.1,281.3],[872.6,283.3],[875,285.4],[877.7,286.8],[878.3,288.9],[879.5,288.9],[879.1,285.5],[879.9,283.3],[879.7,279.9],[874.2,279.2],[872.1,281.3]]]}},{"type":"Feature","properties":{"GEOID":"54043","NAME":"Lincoln","STATEFP":"54"},"geometry":{"type":"Polygon","coordinates":[[[851,301.9],[848.5,303.5],[847.5,305.9],[847.4,307.9],[849.3,310.2],[847.7,312.7],[849.7,311.7],[854.3,309.8],[853.8,306.8],[855.4,305.2],[853.5,302.7],[851,301.9]]]}},{"type":"Feature","properties":{"GEOID":"54045","NAME":"Logan","STATEFP":"54"},"geometry":{"type":"Polygon","coordinates":[[[854.3,309.8],[849.7,311.7],[852.7,317.8],[857.9,318],[858.3,315.7],[861,314.4],[858.9,314.3],[857.3,311.5],[854.3,309.8]]]}},{"type":"Feature","properties":{"GEOID":"54047","NAME":"McDowell","STATEFP":"54"},"geometry":{"type":"Polygon","coordinates":[[[867.8,322.1],[861.1,320.8],[857.3,320.7],[856.2,321.8],[855,322.8],[858.3,326.9],[860.6,327.7],[864,327.9],[867.1,324.3],[867.8,322.1]]]}},{"type":"Feature","properties":{"GEOID":"54049","NAME":"Marion","STATEFP":"54"},"geometry":{"type":"Polygon","coordinates":[[[874.9,271.9],[880.4,272.8],[883.5,272.1],[884.8,270.6],[880.4,267.6],[876,267.7],[874.4,269.7],[874.9,271.9]]]}},{"type":"Feature","properties":{"GEOID":"54051","NAME":"Marshall","STATEFP":"54"},"geometry":{"type":"Polygon","coordinates":[[[868.4,259.4],[867.6,263.9],[867.9,267],[873.4,266],[872.5,260.4],[872.3,259.1],[868.4,259.4]]]}},{"type":"Feature","properties":{"GEOID":"54053","NAME":"Mason","STATEFP":"54"},"geometry":{"type":"Polygon","coordinates":[[[851.7,289.7],[849.4,286.4],[848,288.3],[846.4,292.7],[847.8,296.3],[847.1,297.2],[850.5,299.6],[849.8,296.5],[854.9,294],[851.7,289.7]]]}},{"type":"Feature","properties":{"GEOID":"54055","NAME":"Mercer","STATEFP":"54"},"geometry":{"type":"Polygon","coordinates":[[[867.8,322.1],[867.1,324.3],[870,326.3],[874.3,324.3],[876.5,322.6],[876,320.7],[871.1,317.7],[869.1,319.9],[867.8,322.1]]]}},{"type":"Feature","properties":{"GEOID":"54057","NAME":"Mineral","STATEFP":"54"},"geometry":{"type":"Polygon","coordinates":[[[907.2,264.6],[904.4,263.3],[902.3,267.8],[900.2,267.3],[897.2,271.5],[899.7,271.4],[902.8,272.6],[904.7,270],[907.2,264.6]]]}},{"type":"Feature","properties":{"GEOID":"54059","NAME":"Mingo","STATEFP":"54"},"geometry":{"type":"Polygon","coordinates":[[[847.9,317.5],[852.5,321.2],[855.3,321.3],[856.2,321.8],[857.3,320.7],[857.9,318],[852.7,317.8],[849.7,311.7],[847.7,312.7],[846.1,315],[847.9,317.5]]]}},{"type":"Feature","properties":{"GEOID":"54061","NAME":"Monongalia","STATEFP":"54"},"geometry":{"type":"Polygon","coordinates":[[[884.1,264.3],[875.2,265.8],[876,267.7],[880.4,267.6],[884.8,270.6],[885.7,270.9],[886.8,263.8],[884.1,264.3]]]}},{"type":"Feature","properties":{"GEOID":"54063","NAME":"Monroe","STATEFP":"54"},"geometry":{"type":"Polygon","coordinates":[[[878.5,313],[876,320.7],[877.9,321.8],[882.2,318.4],[883.1,319.7],[886,317.2],[886.9,314.1],[885.3,312.9],[881.5,313.5],[878.5,313]]]}},{"type":"Feature","properties":{"GEOID":"54065","NAME":"Morgan","STATEFP":"54"},"geometry":{"type":"Polygon","coordinates":[[[918.1,260.6],[915.1,259.3],[912.5,261.2],[910.6,264.5],[913,265.2],[915.4,266.6],[916.1,261.6],[918.1,260.6]]]}},{"type":"Feature","properties":{"GEOID":"54067","NAME":"Nicholas","STATEFP":"54"},"geometry":{"type":"Polygon","coordinates":[[[871.6,295.5],[871.4,297.8],[866.1,302.2],[869.2,303.4],[870.8,302.5],[873.1,305],[876.3,305.1],[880.5,299.8],[877.1,298.2],[875.7,294.4],[873.1,294.1],[871.6,295.5]]]}},{"type":"Feature","properties":{"GEOID":"54069","NAME":"Ohio","STATEFP":"54"},"geometry":{"type":"Polygon","coordinates":[[[868.4,259.4],[872.3,259.1],[871.8,255.8],[868.8,255.7],[868.5,256.4],[868.4,259.4]]]}},{"type":"Feature","properties":{"GEOID":"54071","NAME":"Pendleton","STATEFP":"54"},"geometry":{"type":"Polygon","coordinates":[[[893.5,289.8],[895.6,290.4],[897.1,292.4],[900.3,293],[901.6,291.2],[903.4,284],[901.8,283],[897.3,280.4],[895.5,281.3],[895.2,285],[893.6,288.1],[893.5,289.8]]]}},{"type":"Feature","properties":{"GEOID":"54073","NAME":"Pleasants","STATEFP":"54"},"geometry":{"type":"Polygon","coordinates":[[[863.7,273.9],[859.7,277.4],[862.3,278.7],[866.1,276.1],[863.7,273.9]]]}},{"type":"Feature","properties":{"GEOID":"54075","NAME":"Pocahontas","STATEFP":"54"},"geometry":{"type":"Polygon","coordinates":[[[883.5,296.4],[882.2,297.9],[882.1,300.6],[882.4,303.2],[884.5,304.5],[890,303.1],[890.6,299.9],[892.1,297.9],[893.4,293.7],[893.5,289.8],[893.6,288.1],[890.3,287.7],[889.8,291.5],[887.1,294.1],[885.5,294],[883.5,296.4]]]}},{"type":"Feature","properties":{"GEOID":"54077","NAME":"Preston","STATEFP":"54"},"geometry":{"type":"Polygon","coordinates":[[[886.8,263.8],[885.7,270.9],[886.2,274.1],[888,275.4],[890,274.1],[893.9,275.2],[893.8,275],[891.9,262.9],[886.8,263.8]]]}},{"type":"Feature","properties":{"GEOID":"54079","NAME":"Putnam","STATEFP":"54"},"geometry":{"type":"Polygon","coordinates":[[[854.9,294],[849.8,296.5],[850.5,299.6],[851,301.9],[853.5,302.7],[853.6,300.9],[856.5,298.9],[856.4,295],[854.9,294]]]}},{"type":"Feature","properties":{"GEOID":"54081","NAME":"Raleigh","STATEFP":"54"},"geometry":{"type":"Polygon","coordinates":[[[862.7,314.1],[864.5,314.8],[867.5,319.2],[869.1,319.9],[871.1,317.7],[874.2,314.5],[873,311.8],[870.5,310.9],[866.4,311.2],[864.5,309.6],[863.1,309.3],[861.2,311.1],[862.7,314.1]]]}},{"type":"Feature","properties":{"GEOID":"54083","NAME":"Randolph","STATEFP":"54"},"geometry":{"type":"Polygon","coordinates":[[[888.2,278.1],[887.5,281.7],[884.2,282.9],[884.3,287.7],[881.7,289.4],[884.1,293],[883.5,296.4],[885.5,294],[887.1,294.1],[889.8,291.5],[890.3,287.7],[893.6,288.1],[895.2,285],[895.5,281.3],[897.3,280.4],[897.2,280.2],[889.2,279.8],[888.2,278.1]]]}},{"type":"Feature","properties":{"GEOID":"54085","NAME":"Ritchie","STATEFP":"54"},"geometry":{"type":"Polygon","coordinates":[[[861.6,280.8],[863,284.2],[864.6,284.1],[867,284.2],[870.5,281.2],[868.5,277.1],[866.1,276.1],[862.3,278.7],[861.6,280.8]]]}},{"type":"Feature","properties":{"GEOID":"54087","NAME":"Roane","STATEFP":"54"},"geometry":{"type":"Polygon","coordinates":[[[862.9,287.1],[858.9,287.7],[859,293.5],[859.6,294.9],[860.9,296.2],[865.9,295.9],[867.5,293.7],[862.9,287.1]]]}},{"type":"Feature","properties":{"GEOID":"54089","NAME":"Summers","STATEFP":"54"},"geometry":{"type":"Polygon","coordinates":[[[873,311.8],[874.2,314.5],[871.1,317.7],[876,320.7],[878.5,313],[875.3,310.3],[873,311.8]]]}},{"type":"Feature","properties":{"GEOID":"54091","NAME":"Taylor","STATEFP":"54"},"geometry":{"type":"Polygon","coordinates":[[[884.8,270.6],[883.5,272.1],[880.4,272.8],[881.6,276.2],[886.2,274.1],[885.7,270.9],[884.8,270.6]]]}},{"type":"Feature","properties":{"GEOID":"54093","NAME":"Tucker","STATEFP":"54"},"geometry":{"type":"Polygon","coordinates":[[[888.2,278.1],[889.2,279.8],[897.2,280.2],[897.3,274.6],[893.9,275.2],[890,274.1],[888,275.4],[888.2,278.1]]]}},{"type":"Feature","properties":{"GEOID":"54095","NAME":"Tyler","STATEFP":"54"},"geometry":{"type":"Polygon","coordinates":[[[864.9,271.8],[863.7,273.9],[866.1,276.1],[868.5,277.1],[872.7,272.7],[870.9,272.4],[868.2,270.2],[866.3,269.9],[864.9,271.8]]]}},{"type":"Feature","properties":{"GEOID":"54097","NAME":"Upshur","STATEFP":"54"},"geometry":{"type":"Polygon","coordinates":[[[879.7,279.9],[879.9,283.3],[879.1,285.5],[879.5,288.9],[881.7,289.4],[884.3,287.7],[884.2,282.9],[884.7,281.3],[881,279.4],[879.7,279.9]]]}},{"type":"Feature","properties":{"GEOID":"54099","NAME":"Wayne","STATEFP":"54"},"geometry":{"type":"Polygon","coordinates":[[[840.9,302.2],[841.3,306.3],[841.1,309],[844.2,313.1],[846.1,315],[847.7,312.7],[849.3,310.2],[847.4,307.9],[847.5,305.9],[842.5,302.2],[840.9,302.2]]]}},{"type":"Feature","properties":{"GEOID":"54101","NAME":"Webster","STATEFP":"54"},"geometry":{"type":"Polygon","coordinates":[[[878.3,288.9],[877.8,291.2],[875.7,294.4],[877.1,298.2],[880.5,299.8],[882.1,300.6],[882.2,297.9],[883.5,296.4],[884.1,293],[881.7,289.4],[879.5,288.9],[878.3,288.9]]]}},{"type":"Feature","properties":{"GEOID":"54103","NAME":"Wetzel","STATEFP":"54"},"geometry":{"type":"Polygon","coordinates":[[[867.9,267],[866.3,269.9],[868.2,270.2],[870.9,272.4],[872.7,272.7],[874.1,273],[874.9,271.9],[874.4,269.7],[876,267.7],[875.2,265.8],[873.4,266],[867.9,267]]]}},{"type":"Feature","properties":{"GEOID":"54105","NAME":"Wirt","STATEFP":"54"},"geometry":{"type":"Polygon","coordinates":[[[861.6,280.8],[857.1,285.3],[858.9,287.7],[862.9,287.1],[864.6,284.1],[863,284.2],[861.6,280.8]]]}},{"type":"Feature","properties":{"GEOID":"54107","NAME":"Wood","STATEFP":"54"},"geometry":{"type":"Polygon","coordinates":[[[859.7,277.4],[857.9,276],[853.8,281.3],[853.4,282.2],[853.9,284.2],[857.1,285.3],[861.6,280.8],[862.3,278.7],[859.7,277.4]]]}},{"type":"Feature","properties":{"GEOID":"54109","NAME":"Wyoming","STATEFP":"54"},"geometry":{"type":"Polygon","coordinates":[[[857.9,318],[857.3,320.7],[861.1,320.8],[867.8,322.1],[869.1,319.9],[867.5,319.2],[864.5,314.8],[862.7,314.1],[861,314.4],[858.3,315.7],[857.9,318]]]}},{"type":"Feature","properties":{"GEOID":"55001","NAME":"Adams","STATEFP":"55"},"geometry":{"type":"Polygon","coordinates":[[[699,178.2],[697.2,182.1],[698.6,187.4],[702,192.4],[705.1,192.2],[704.6,184.2],[704.2,178],[702,178.1],[699,178.2]]]}},{"type":"Feature","properties":{"GEOID":"55003","NAME":"Ashland","STATEFP":"55"},"geometry":{"type":"Polygon","coordinates":[[[679,109.7],[681.6,117.1],[678.9,124.4],[679.4,134.4],[679.7,138.5],[683.7,138.3],[689.9,137.9],[689.6,133.9],[687.5,132],[685.4,132.1],[685,124.1],[686.3,119],[689.2,118.8],[691.5,112.9],[693.6,106.9],[682.3,107.2],[680.2,108.8],[679,109.7]]]}},{"type":"Feature","properties":{"GEOID":"55005","NAME":"Barron","STATEFP":"55"},"geometry":{"type":"Polygon","coordinates":[[[659.8,147.5],[660.2,157.6],[668.3,157.3],[670.3,155.2],[669.9,147.1],[661.8,147.4],[659.8,147.5]]]}},{"type":"Feature","properties":{"GEOID":"55007","NAME":"Bayfield","STATEFP":"55"},"geometry":{"type":"Polygon","coordinates":[[[679.4,134.4],[678.9,124.4],[681.6,117.1],[679,109.7],[668.4,117.7],[669.2,134.9],[679.4,134.4]]]}},{"type":"Feature","properties":{"GEOID":"55009","NAME":"Brown","STATEFP":"55"},"geometry":{"type":"Polygon","coordinates":[[[726.2,168.3],[727.2,168.2],[727.8,176.3],[730.3,176.1],[732.9,175.9],[734.8,173.7],[734.2,165.4],[734.1,165.5],[726.1,166.1],[726.2,168.3]]]}},{"type":"Feature","properties":{"GEOID":"55011","NAME":"Buffalo","STATEFP":"55"},"geometry":{"type":"Polygon","coordinates":[[[669.3,171.7],[662.9,172.2],[662.2,176.4],[664.9,178],[666.2,181.3],[671.4,185],[670.4,181.7],[671.7,179.8],[671.3,171.6],[669.3,171.7]]]}},{"type":"Feature","properties":{"GEOID":"55013","NAME":"Burnett","STATEFP":"55"},"geometry":{"type":"Polygon","coordinates":[[[657,135.4],[656.2,138.8],[650.4,141.9],[648.4,145.8],[647.7,147.8],[653.6,147.7],[653.6,145.6],[659.7,145.5],[659.8,147.5],[661.8,147.4],[661,135.3],[657,135.4]]]}},{"type":"Feature","properties":{"GEOID":"55015","NAME":"Calumet","STATEFP":"55"},"geometry":{"type":"Polygon","coordinates":[[[727.8,176.3],[724.2,176.5],[724.8,183.7],[729,184.5],[731,184.3],[730.3,176.1],[727.8,176.3]]]}},{"type":"Feature","properties":{"GEOID":"55017","NAME":"Chippewa","STATEFP":"55"},"geometry":{"type":"Polygon","coordinates":[[[668.3,157.3],[669,165.5],[681.1,164.9],[680.9,160.8],[680.5,154.7],[670.3,155.2],[668.3,157.3]]]}},{"type":"Feature","properties":{"GEOID":"55019","NAME":"Clark","STATEFP":"55"},"geometry":{"type":"Polygon","coordinates":[[[691.5,168.4],[691,160.2],[680.9,160.8],[681.1,164.9],[681.4,171.1],[683.6,173],[683.7,175],[691.8,174.5],[691.5,168.4]]]}},{"type":"Feature","properties":{"GEOID":"55021","NAME":"Columbia","STATEFP":"55"},"geometry":{"type":"Polygon","coordinates":[[[701.9,192.4],[705.2,194.2],[705.5,198.3],[703.6,200.5],[715.7,199.9],[715.2,191.7],[711.1,191.7],[705.1,192.2],[702,192.4],[701.9,192.4]]]}},{"type":"Feature","properties":{"GEOID":"55023","NAME":"Crawford","STATEFP":"55"},"geometry":{"type":"Polygon","coordinates":[[[678.1,199],[678.2,200.7],[680.8,202.8],[679,207],[679.5,209.2],[681,209],[687.6,204.4],[687.2,198.5],[678.1,199]]]}},{"type":"Feature","properties":{"GEOID":"55025","NAME":"Dane","STATEFP":"55"},"geometry":{"type":"Polygon","coordinates":[[[701.7,202.7],[702.2,210.9],[710.3,210.7],[716.4,210.2],[715.9,201.9],[715.7,199.9],[703.6,200.5],[701.7,202.7]]]}},{"type":"Feature","properties":{"GEOID":"55027","NAME":"Dodge","STATEFP":"55"},"geometry":{"type":"Polygon","coordinates":[[[715.2,191.7],[715.7,199.9],[715.9,201.9],[724,201.4],[726,201.2],[725.6,193],[725.4,190.9],[717.2,191.5],[715.2,191.7]]]}},{"type":"Feature","properties":{"GEOID":"55029","NAME":"Door","STATEFP":"55"},"geometry":{"type":"Polygon","coordinates":[[[743.1,147.3],[740.4,151.6],[739,152.6],[738.6,155.6],[736.9,157.4],[733.9,163.4],[734.1,165.5],[734.2,165.4],[750.5,164],[751,161.6],[751.6,159],[754.2,154],[758,150],[754.2,148.2],[749.2,145.9],[743.5,146.5],[743.1,147.3]]]}},{"type":"Feature","properties":{"GEOID":"55031","NAME":"Douglas","STATEFP":"55"},"geometry":{"type":"Polygon","coordinates":[[[664.5,120.1],[657.9,123.8],[656.6,123.5],[656.8,129.3],[657,135.4],[661,135.3],[669.2,134.9],[668.4,117.7],[664.5,120.1]]]}},{"type":"Feature","properties":{"GEOID":"55033","NAME":"Dunn","STATEFP":"55"},"geometry":{"type":"Polygon","coordinates":[[[660.2,157.6],[660.9,165.9],[661,169.9],[669.2,169.6],[669,165.5],[668.3,157.3],[660.2,157.6]]]}},{"type":"Feature","properties":{"GEOID":"55035","NAME":"Eau Claire","STATEFP":"55"},"geometry":{"type":"Polygon","coordinates":[[[669,165.5],[669.2,169.6],[669.3,171.7],[671.3,171.6],[677.4,171.3],[681.4,171.1],[681.1,164.9],[669,165.5]]]}},{"type":"Feature","properties":{"GEOID":"55037","NAME":"Florence","STATEFP":"55"},"geometry":{"type":"Polygon","coordinates":[[[716.3,135.3],[717,142.2],[721.1,141.8],[727.1,141.6],[727,140],[725.8,136.8],[719.2,135],[716.3,135.3]]]}},{"type":"Feature","properties":{"GEOID":"55039","NAME":"Fond du Lac","STATEFP":"55"},"geometry":{"type":"Polygon","coordinates":[[[716.8,185.4],[717.2,191.5],[725.4,190.9],[725.6,193],[729.7,192.7],[729,184.5],[724.8,183.7],[724.9,184.8],[716.8,185.4]]]}},{"type":"Feature","properties":{"GEOID":"55041","NAME":"Forest","STATEFP":"55"},"geometry":{"type":"Polygon","coordinates":[[[710.6,138.6],[711.3,148.7],[713.5,150.5],[717.6,150.2],[721.7,149.9],[721.1,141.8],[717,142.2],[716.3,135.3],[712.1,134.3],[712.3,136.4],[710.6,138.6]]]}},{"type":"Feature","properties":{"GEOID":"55043","NAME":"Grant","STATEFP":"55"},"geometry":{"type":"Polygon","coordinates":[[[679.5,209.2],[681.6,215],[684.3,216.3],[687.4,217],[688.9,220],[692.6,219.8],[692.2,212.6],[691.6,203.5],[687.6,204.4],[681,209],[679.5,209.2]]]}},{"type":"Feature","properties":{"GEOID":"55045","NAME":"Green","STATEFP":"55"},"geometry":{"type":"Polygon","coordinates":[[[702.3,212],[702.8,219.2],[710.3,218.9],[710.9,218.8],[710.3,210.7],[702.2,210.9],[702.3,212]]]}},{"type":"Feature","properties":{"GEOID":"55047","NAME":"Green Lake","STATEFP":"55"},"geometry":{"type":"Polygon","coordinates":[[[711.8,183.6],[712,186.1],[710.9,189],[711.1,191.7],[715.2,191.7],[717.2,191.5],[716.8,185.4],[716.6,183.3],[711.8,183.6]]]}},{"type":"Feature","properties":{"GEOID":"55049","NAME":"Iowa","STATEFP":"55"},"geometry":{"type":"Polygon","coordinates":[[[695.7,204.1],[691.6,203.5],[692.2,212.6],[702.3,212],[702.2,210.9],[701.7,202.7],[695.7,204.1]]]}},{"type":"Feature","properties":{"GEOID":"55051","NAME":"Iron","STATEFP":"55"},"geometry":{"type":"Polygon","coordinates":[[[689.2,118.8],[686.3,119],[685,124.1],[685.4,132.1],[687.5,132],[689.6,133.9],[689.9,137.9],[694.1,137.7],[696,137.5],[695.5,130.1],[692.3,129.4],[690.5,125.7],[687.2,124.3],[689.2,118.8]]]}},{"type":"Feature","properties":{"GEOID":"55053","NAME":"Jackson","STATEFP":"55"},"geometry":{"type":"Polygon","coordinates":[[[677.4,171.3],[678.2,183.4],[681.2,183.5],[682.3,181.4],[692.3,180.9],[692.1,178.7],[691.8,174.5],[683.7,175],[683.6,173],[681.4,171.1],[677.4,171.3]]]}},{"type":"Feature","properties":{"GEOID":"55055","NAME":"Jefferson","STATEFP":"55"},"geometry":{"type":"Polygon","coordinates":[[[715.9,201.9],[716.4,210.2],[720.5,210],[724.5,209.7],[724,201.4],[715.9,201.9]]]}},{"type":"Feature","properties":{"GEOID":"55057","NAME":"Juneau","STATEFP":"55"},"geometry":{"type":"Polygon","coordinates":[[[692.3,180.9],[692.9,190.8],[693,193],[701.9,192.4],[702,192.4],[698.6,187.4],[697.2,182.1],[699,178.2],[692.1,178.7],[692.3,180.9]]]}},{"type":"Feature","properties":{"GEOID":"55059","NAME":"Kenosha","STATEFP":"55"},"geometry":{"type":"Polygon","coordinates":[[[750.6,211.7],[730.9,213.3],[729,214.8],[729.2,217.6],[731.1,217.4],[751.4,215.7],[750.6,211.7]]]}},{"type":"Feature","properties":{"GEOID":"55061","NAME":"Kewaunee","STATEFP":"55"},"geometry":{"type":"Polygon","coordinates":[[[734.2,165.4],[734.8,173.7],[748.9,172.3],[749.7,167.7],[750.5,164],[734.2,165.4]]]}},{"type":"Feature","properties":{"GEOID":"55063","NAME":"La Crosse","STATEFP":"55"},"geometry":{"type":"Polygon","coordinates":[[[673.7,185.9],[676.3,189],[676.9,191.9],[682.7,191.6],[682.3,183.4],[681.2,183.5],[678.2,183.4],[675.6,183.9],[673.7,185.9]]]}},{"type":"Feature","properties":{"GEOID":"55065","NAME":"Lafayette","STATEFP":"55"},"geometry":{"type":"Polygon","coordinates":[[[692.2,212.6],[692.6,219.8],[701.3,219.3],[702.8,219.2],[702.3,212],[692.2,212.6]]]}},{"type":"Feature","properties":{"GEOID":"55067","NAME":"Langlade","STATEFP":"55"},"geometry":{"type":"Polygon","coordinates":[[[705.1,149.1],[705.6,157.2],[709,157],[709.1,159.1],[713.2,158.8],[713,156.7],[718.7,156.3],[717.6,150.2],[713.5,150.5],[711.3,148.7],[705.1,149.1]]]}},{"type":"Feature","properties":{"GEOID":"55069","NAME":"Lincoln","STATEFP":"55"},"geometry":{"type":"Polygon","coordinates":[[[694.7,147.7],[695,151.7],[695.4,157.9],[705.6,157.2],[705.1,149.1],[704.9,147],[694.7,147.7]]]}},{"type":"Feature","properties":{"GEOID":"55071","NAME":"Manitowoc","STATEFP":"55"},"geometry":{"type":"Polygon","coordinates":[[[730.3,176.1],[731,184.3],[747.3,182.8],[748.1,175.9],[748.9,172.3],[734.8,173.7],[732.9,175.9],[730.3,176.1]]]}},{"type":"Feature","properties":{"GEOID":"55073","NAME":"Marathon","STATEFP":"55"},"geometry":{"type":"Polygon","coordinates":[[[691,160.2],[691.5,168.4],[699.3,167.9],[709.7,167.3],[709.1,159.1],[709,157],[705.6,157.2],[695.4,157.9],[692.8,158],[691,160.2]]]}},{"type":"Feature","properties":{"GEOID":"55075","NAME":"Marinette","STATEFP":"55"},"geometry":{"type":"Polygon","coordinates":[[[721.7,149.9],[723.7,149.8],[724,153.9],[726,153.8],[727.5,157.8],[733.5,158.1],[733.9,163.4],[736.9,157.4],[738.6,155.6],[734.9,155.2],[733.5,153.7],[734.7,149.7],[730.7,149.5],[732,143.8],[730.6,141.1],[727,140],[727.1,141.6],[721.1,141.8],[721.7,149.9]]]}},{"type":"Feature","properties":{"GEOID":"55077","NAME":"Marquette","STATEFP":"55"},"geometry":{"type":"Polygon","coordinates":[[[704.6,184.2],[705.1,192.2],[711.1,191.7],[710.9,189],[712,186.1],[711.8,183.6],[704.6,184.2]]]}},{"type":"Feature","properties":{"GEOID":"55078","NAME":"Menominee","STATEFP":"55"},"geometry":{"type":"Polygon","coordinates":[[[718.7,156.3],[713,156.7],[713.2,158.8],[713.3,160.8],[717.4,160.5],[717.5,162.6],[721.7,162.3],[721.3,156.1],[718.7,156.3]]]}},{"type":"Feature","properties":{"GEOID":"55079","NAME":"Milwaukee","STATEFP":"55"},"geometry":{"type":"Polygon","coordinates":[[[748.1,199.4],[732,200.8],[732.6,209],[749.7,207.5],[748.5,201.1],[748.1,199.4]]]}},{"type":"Feature","properties":{"GEOID":"55081","NAME":"Monroe","STATEFP":"55"},"geometry":{"type":"Polygon","coordinates":[[[681.2,183.5],[682.3,183.4],[682.7,191.6],[692.9,190.8],[692.3,180.9],[682.3,181.4],[681.2,183.5]]]}},{"type":"Feature","properties":{"GEOID":"55083","NAME":"Oconto","STATEFP":"55"},"geometry":{"type":"Polygon","coordinates":[[[717.6,150.2],[718.7,156.3],[721.3,156.1],[721.7,162.3],[725.7,162],[726.1,166.1],[734.1,165.5],[733.9,163.4],[733.5,158.1],[727.5,157.8],[726,153.8],[724,153.9],[723.7,149.8],[721.7,149.9],[717.6,150.2]]]}},{"type":"Feature","properties":{"GEOID":"55085","NAME":"Oneida","STATEFP":"55"},"geometry":{"type":"Polygon","coordinates":[[[694.7,147.7],[704.9,147],[705.1,149.1],[711.3,148.7],[710.6,138.6],[694.2,139.6],[694.7,147.7]]]}},{"type":"Feature","properties":{"GEOID":"55087","NAME":"Outagamie","STATEFP":"55"},"geometry":{"type":"Polygon","coordinates":[[[727.8,176.3],[727.2,168.2],[726.2,168.3],[720.2,168.6],[718,168.8],[718.6,177],[724.2,176.5],[727.8,176.3]]]}},{"type":"Feature","properties":{"GEOID":"55089","NAME":"Ozaukee","STATEFP":"55"},"geometry":{"type":"Polygon","coordinates":[[[731.7,192.5],[732,200.8],[748.1,199.4],[747.1,192.8],[747.1,191.2],[731.7,192.5]]]}},{"type":"Feature","properties":{"GEOID":"55091","NAME":"Pepin","STATEFP":"55"},"geometry":{"type":"Polygon","coordinates":[[[669.2,169.6],[661,169.9],[661.2,173.3],[658.2,173.4],[659.5,175.4],[662.2,176.4],[662.9,172.2],[669.3,171.7],[669.2,169.6]]]}},{"type":"Feature","properties":{"GEOID":"55093","NAME":"Pierce","STATEFP":"55"},"geometry":{"type":"Polygon","coordinates":[[[651,169.6],[653,171.9],[658.2,173.4],[661.2,173.3],[661,169.9],[660.9,165.9],[650.3,166.1],[649.8,168.9],[651,169.6]]]}},{"type":"Feature","properties":{"GEOID":"55095","NAME":"Polk","STATEFP":"55"},"geometry":{"type":"Polygon","coordinates":[[[647.7,147.8],[651.9,152.4],[650.3,155.9],[650.2,158],[660.2,157.6],[659.8,147.5],[659.7,145.5],[653.6,145.6],[653.6,147.7],[647.7,147.8]]]}},{"type":"Feature","properties":{"GEOID":"55097","NAME":"Portage","STATEFP":"55"},"geometry":{"type":"Polygon","coordinates":[[[699.3,167.9],[699.6,172],[701.6,171.9],[702,178.1],[704.2,178],[710.4,177.6],[709.7,167.3],[699.3,167.9]]]}},{"type":"Feature","properties":{"GEOID":"55099","NAME":"Price","STATEFP":"55"},"geometry":{"type":"Polygon","coordinates":[[[683.7,138.3],[684.1,146.3],[684.5,152.5],[695,151.7],[694.7,147.7],[694.2,139.6],[694.1,137.7],[689.9,137.9],[683.7,138.3]]]}},{"type":"Feature","properties":{"GEOID":"55101","NAME":"Racine","STATEFP":"55"},"geometry":{"type":"Polygon","coordinates":[[[728.5,209.4],[729,214.8],[730.9,213.3],[750.6,211.7],[750.1,209.3],[749.7,207.5],[732.6,209],[728.5,209.4]]]}},{"type":"Feature","properties":{"GEOID":"55103","NAME":"Richland","STATEFP":"55"},"geometry":{"type":"Polygon","coordinates":[[[687.2,198.5],[687.6,204.4],[691.6,203.5],[695.7,204.1],[695.2,194.9],[693.1,195],[687,195.4],[687.2,198.5]]]}},{"type":"Feature","properties":{"GEOID":"55105","NAME":"Rock","STATEFP":"55"},"geometry":{"type":"Polygon","coordinates":[[[710.3,210.7],[710.9,218.8],[718.3,218.4],[721.1,218.3],[720.5,210],[716.4,210.2],[710.3,210.7]]]}},{"type":"Feature","properties":{"GEOID":"55107","NAME":"Rusk","STATEFP":"55"},"geometry":{"type":"Polygon","coordinates":[[[684.1,146.3],[669.9,147.1],[670.3,155.2],[680.5,154.7],[680.4,152.6],[684.5,152.5],[684.1,146.3]]]}},{"type":"Feature","properties":{"GEOID":"55109","NAME":"St. Croix","STATEFP":"55"},"geometry":{"type":"Polygon","coordinates":[[[650.2,158],[650.3,166.1],[660.9,165.9],[660.2,157.6],[650.2,158]]]}},{"type":"Feature","properties":{"GEOID":"55111","NAME":"Sauk","STATEFP":"55"},"geometry":{"type":"Polygon","coordinates":[[[693.1,195],[695.2,194.9],[695.7,204.1],[701.7,202.7],[703.6,200.5],[705.5,198.3],[705.2,194.2],[701.9,192.4],[693,193],[693.1,195]]]}},{"type":"Feature","properties":{"GEOID":"55113","NAME":"Sawyer","STATEFP":"55"},"geometry":{"type":"Polygon","coordinates":[[[669.2,134.9],[669.9,147.1],[684.1,146.3],[683.7,138.3],[679.7,138.5],[679.4,134.4],[669.2,134.9]]]}},{"type":"Feature","properties":{"GEOID":"55115","NAME":"Shawano","STATEFP":"55"},"geometry":{"type":"Polygon","coordinates":[[[709.1,159.1],[709.7,167.3],[720.1,166.6],[720.2,168.6],[726.2,168.3],[726.1,166.1],[725.7,162],[721.7,162.3],[717.5,162.6],[717.4,160.5],[713.3,160.8],[713.2,158.8],[709.1,159.1]]]}},{"type":"Feature","properties":{"GEOID":"55117","NAME":"Sheboygan","STATEFP":"55"},"geometry":{"type":"Polygon","coordinates":[[[729,184.5],[729.7,192.7],[731.7,192.5],[747.1,191.2],[747.2,184.6],[747.3,182.8],[731,184.3],[729,184.5]]]}},{"type":"Feature","properties":{"GEOID":"55119","NAME":"Taylor","STATEFP":"55"},"geometry":{"type":"Polygon","coordinates":[[[680.5,154.7],[680.9,160.8],[691,160.2],[692.8,158],[695.4,157.9],[695,151.7],[684.5,152.5],[680.4,152.6],[680.5,154.7]]]}},{"type":"Feature","properties":{"GEOID":"55121","NAME":"Trempealeau","STATEFP":"55"},"geometry":{"type":"Polygon","coordinates":[[[671.3,171.6],[671.7,179.8],[670.4,181.7],[671.4,185],[673.7,185.9],[675.6,183.9],[678.2,183.4],[677.4,171.3],[671.3,171.6]]]}},{"type":"Feature","properties":{"GEOID":"55123","NAME":"Vernon","STATEFP":"55"},"geometry":{"type":"Polygon","coordinates":[[[682.7,191.6],[676.9,191.9],[677.8,197.1],[678.1,199],[687.2,198.5],[687,195.4],[693.1,195],[693,193],[692.9,190.8],[682.7,191.6]]]}},{"type":"Feature","properties":{"GEOID":"55125","NAME":"Vilas","STATEFP":"55"},"geometry":{"type":"Polygon","coordinates":[[[695.5,130.1],[696,137.5],[694.1,137.7],[694.2,139.6],[710.6,138.6],[712.3,136.4],[712.1,134.3],[711.2,133.8],[709.4,132.9],[695.5,130.1]]]}},{"type":"Feature","properties":{"GEOID":"55127","NAME":"Walworth","STATEFP":"55"},"geometry":{"type":"Polygon","coordinates":[[[724.5,209.7],[720.5,210],[721.1,218.3],[722.3,218.2],[729.2,217.6],[729,214.8],[728.5,209.4],[724.5,209.7]]]}},{"type":"Feature","properties":{"GEOID":"55129","NAME":"Washburn","STATEFP":"55"},"geometry":{"type":"Polygon","coordinates":[[[661,135.3],[661.8,147.4],[669.9,147.1],[669.2,134.9],[661,135.3]]]}},{"type":"Feature","properties":{"GEOID":"55131","NAME":"Washington","STATEFP":"55"},"geometry":{"type":"Polygon","coordinates":[[[725.6,193],[726,201.2],[732,200.8],[731.7,192.5],[729.7,192.7],[725.6,193]]]}},{"type":"Feature","properties":{"GEOID":"55133","NAME":"Waukesha","STATEFP":"55"},"geometry":{"type":"Polygon","coordinates":[[[724,201.4],[724.5,209.7],[728.5,209.4],[732.6,209],[732,200.8],[726,201.2],[724,201.4]]]}},{"type":"Feature","properties":{"GEOID":"55135","NAME":"Waupaca","STATEFP":"55"},"geometry":{"type":"Polygon","coordinates":[[[709.7,167.3],[710.4,177.6],[716.1,177.2],[718.6,177],[718,168.8],[720.2,168.6],[720.1,166.6],[709.7,167.3]]]}},{"type":"Feature","properties":{"GEOID":"55137","NAME":"Waushara","STATEFP":"55"},"geometry":{"type":"Polygon","coordinates":[[[704.2,178],[704.6,184.2],[711.8,183.6],[716.6,183.3],[716.1,177.2],[710.4,177.6],[704.2,178]]]}},{"type":"Feature","properties":{"GEOID":"55139","NAME":"Winnebago","STATEFP":"55"},"geometry":{"type":"Polygon","coordinates":[[[724.2,176.5],[718.6,177],[716.1,177.2],[716.6,183.3],[716.8,185.4],[724.9,184.8],[724.8,183.7],[724.2,176.5]]]}},{"type":"Feature","properties":{"GEOID":"55141","NAME":"Wood","STATEFP":"55"},"geometry":{"type":"Polygon","coordinates":[[[691.5,168.4],[691.8,174.5],[692.1,178.7],[699,178.2],[702,178.1],[701.6,171.9],[699.6,172],[699.3,167.9],[691.5,168.4]]]}},{"type":"Feature","properties":{"GEOID":"56001","NAME":"Albany","STATEFP":"56"},"geometry":{"type":"Polygon","coordinates":[[[422.4,215.2],[419.9,239.6],[415.4,239.2],[414.5,248.5],[416.8,248.8],[432.8,250.4],[434.3,234.9],[436,216.6],[434.1,219.8],[430,219],[431.3,216.2],[422.4,215.2]]]}},{"type":"Feature","properties":{"GEOID":"56003","NAME":"Big Horn","STATEFP":"56"},"geometry":{"type":"Polygon","coordinates":[[[386.7,149.9],[386.7,152.9],[385.3,169.5],[408.7,172.5],[409.2,168.8],[408.6,165.8],[406.1,162.8],[403.8,160],[400.4,158.4],[399.1,156.2],[398.4,151.4],[392.8,150.7],[386.7,149.9]]]}},{"type":"Feature","properties":{"GEOID":"56005","NAME":"Campbell","STATEFP":"56"},"geometry":{"type":"Polygon","coordinates":[[[428.8,165.3],[426,190.3],[441.9,191.8],[443.4,175.9],[445.3,156.6],[429.6,155.2],[428.8,165.3]]]}},{"type":"Feature","properties":{"GEOID":"56007","NAME":"Carbon","STATEFP":"56"},"geometry":{"type":"Polygon","coordinates":[[[422.4,215.2],[412.4,214.1],[397.5,212.3],[397,216.4],[396.8,220.5],[395.5,230.6],[388.2,229.6],[386.5,245.1],[397,246.4],[405.1,247.4],[414.5,248.5],[415.4,239.2],[419.9,239.6],[422.4,215.2]]]}},{"type":"Feature","properties":{"GEOID":"56009","NAME":"Converse","STATEFP":"56"},"geometry":{"type":"Polygon","coordinates":[[[422.4,215.2],[431.3,216.2],[430,219],[434.1,219.8],[436,216.6],[436.3,212.5],[443.1,213.1],[445,192.1],[441.9,191.8],[426,190.3],[425,190.2],[422.4,215.2]]]}},{"type":"Feature","properties":{"GEOID":"56011","NAME":"Crook","STATEFP":"56"},"geometry":{"type":"Polygon","coordinates":[[[445.3,156.6],[443.4,175.9],[460.7,177.4],[461.4,168.2],[462.2,158.2],[446,156.7],[445.3,156.6]]]}},{"type":"Feature","properties":{"GEOID":"56013","NAME":"Fremont","STATEFP":"56"},"geometry":{"type":"Polygon","coordinates":[[[357.7,182.4],[362.7,183.1],[363.1,187.9],[364.6,194.2],[367.5,196.2],[369.5,200.8],[371.7,202.8],[370.8,212.9],[397,216.4],[397.5,212.3],[398.1,204.1],[398.9,204.2],[400.6,188],[400.3,187.3],[399.3,187.1],[399.2,187.8],[386.6,186.5],[380.8,184],[377.1,181.4],[373.1,180.9],[373.3,179],[371.3,176],[369.6,173],[368,172],[363.3,175.1],[362.3,171.5],[359.6,169.7],[357.7,182.4]]]}},{"type":"Feature","properties":{"GEOID":"56015","NAME":"Goshen","STATEFP":"56"},"geometry":{"type":"Polygon","coordinates":[[[447.2,213.4],[445.2,236],[445,238.1],[455.5,239],[455.7,235.9],[456.3,228.7],[457.6,214.3],[447.2,213.4]]]}},{"type":"Feature","properties":{"GEOID":"56017","NAME":"Hot Springs","STATEFP":"56"},"geometry":{"type":"Polygon","coordinates":[[[371.3,176],[373.3,179],[373.1,180.9],[377.1,181.4],[380.8,184],[386.6,186.5],[399.2,187.8],[399.3,187.1],[399.7,183.7],[398,181.4],[393.9,180.9],[394.2,178.9],[390.5,178.5],[386.5,175.9],[385,171.5],[380.9,171],[380.7,173.1],[378.4,174.8],[375.3,174.4],[375,176.4],[371.3,176]]]}},{"type":"Feature","properties":{"GEOID":"56019","NAME":"Johnson","STATEFP":"56"},"geometry":{"type":"Polygon","coordinates":[[[408.7,172.5],[407.5,188.1],[416.2,189.3],[425,190.2],[426,190.3],[428.8,165.3],[421.8,164.7],[406.1,162.8],[408.6,165.8],[409.2,168.8],[408.7,172.5]]]}},{"type":"Feature","properties":{"GEOID":"56021","NAME":"Laramie","STATEFP":"56"},"geometry":{"type":"Polygon","coordinates":[[[455.5,239],[445,238.1],[445.2,236],[434.3,234.9],[432.8,250.4],[438.7,251],[454.3,252.3],[455.1,243.1],[455.5,239]]]}},{"type":"Feature","properties":{"GEOID":"56023","NAME":"Lincoln","STATEFP":"56"},"geometry":{"type":"Polygon","coordinates":[[[337.4,202],[335.5,213.9],[334,223.8],[351.2,226.5],[353.5,210.3],[345.2,208.8],[345,204.7],[348,186.4],[344,185.7],[344.3,183.9],[340.4,183.2],[339.4,190.2],[337.4,202]]]}},{"type":"Feature","properties":{"GEOID":"56025","NAME":"Natrona","STATEFP":"56"},"geometry":{"type":"Polygon","coordinates":[[[397.5,212.3],[412.4,214.1],[422.4,215.2],[425,190.2],[416.2,189.3],[407.5,188.1],[400.3,187.3],[400.6,188],[398.9,204.2],[398.1,204.1],[397.5,212.3]]]}},{"type":"Feature","properties":{"GEOID":"56027","NAME":"Niobrara","STATEFP":"56"},"geometry":{"type":"Polygon","coordinates":[[[459.3,193.3],[445,192.1],[443.1,213.1],[447.2,213.4],[457.6,214.3],[458.3,205.1],[459.3,193.9],[459.3,193.3]]]}},{"type":"Feature","properties":{"GEOID":"56029","NAME":"Park","STATEFP":"56"},"geometry":{"type":"Polygon","coordinates":[[[367.2,147.1],[352.3,145.1],[346.7,144],[345.3,151.8],[351.7,152.8],[351.4,154.7],[356.2,155.4],[357.6,157.3],[357,159.2],[359,162.8],[359.6,169.7],[362.3,171.5],[363.3,175.1],[368,172],[369.6,173],[371.3,176],[375,176.4],[375.3,174.4],[378.4,174.8],[380.7,173.1],[380.9,171],[385,171.5],[385.3,169.5],[386.7,152.9],[386.7,149.9],[367.2,147.1]]]}},{"type":"Feature","properties":{"GEOID":"56031","NAME":"Platte","STATEFP":"56"},"geometry":{"type":"Polygon","coordinates":[[[436,216.6],[434.3,234.9],[445.2,236],[447.2,213.4],[443.1,213.1],[436.3,212.5],[436,216.6]]]}},{"type":"Feature","properties":{"GEOID":"56033","NAME":"Sheridan","STATEFP":"56"},"geometry":{"type":"Polygon","coordinates":[[[406.1,162.8],[421.8,164.7],[428.8,165.3],[429.6,155.2],[425.6,154.7],[412.1,153.1],[398.4,151.4],[399.1,156.2],[400.4,158.4],[403.8,160],[406.1,162.8]]]}},{"type":"Feature","properties":{"GEOID":"56035","NAME":"Sublette","STATEFP":"56"},"geometry":{"type":"Polygon","coordinates":[[[348,186.4],[345,204.7],[345.2,208.8],[353.5,210.3],[370.8,212.9],[371.7,202.8],[369.5,200.8],[367.5,196.2],[364.6,194.2],[363.1,187.9],[362.7,183.1],[357.7,182.4],[357.3,184.4],[352.5,183.6],[352.2,185.7],[348.2,185],[348,186.4]]]}},{"type":"Feature","properties":{"GEOID":"56037","NAME":"Sweetwater","STATEFP":"56"},"geometry":{"type":"Polygon","coordinates":[[[351.2,226.5],[349.2,240.1],[350,240.2],[366.6,242.5],[386.5,245.1],[388.2,229.6],[395.5,230.6],[396.8,220.5],[397,216.4],[370.8,212.9],[353.5,210.3],[351.2,226.5]]]}},{"type":"Feature","properties":{"GEOID":"56039","NAME":"Teton","STATEFP":"56"},"geometry":{"type":"Polygon","coordinates":[[[344.6,156.1],[342.9,167.7],[341.1,178.9],[340.4,183.2],[344.3,183.9],[344,185.7],[348,186.4],[348.2,185],[352.2,185.7],[352.5,183.6],[357.3,184.4],[357.7,182.4],[359.6,169.7],[359,162.8],[357,159.2],[357.6,157.3],[356.2,155.4],[351.4,154.7],[351.7,152.8],[345.3,151.8],[344.6,156.1]]]}},{"type":"Feature","properties":{"GEOID":"56041","NAME":"Uinta","STATEFP":"56"},"geometry":{"type":"Polygon","coordinates":[[[332.7,231.5],[331.8,237.4],[349.2,240.1],[351.2,226.5],[334,223.8],[332.7,231.5]]]}},{"type":"Feature","properties":{"GEOID":"56043","NAME":"Washakie","STATEFP":"56"},"geometry":{"type":"Polygon","coordinates":[[[385,171.5],[386.5,175.9],[390.5,178.5],[394.2,178.9],[393.9,180.9],[398,181.4],[399.7,183.7],[399.3,187.1],[400.3,187.3],[407.5,188.1],[408.7,172.5],[385.3,169.5],[385,171.5]]]}},{"type":"Feature","properties":{"GEOID":"56045","NAME":"Weston","STATEFP":"56"},"geometry":{"type":"Polygon","coordinates":[[[443.4,175.9],[441.9,191.8],[445,192.1],[459.3,193.3],[460,185.1],[460.6,178.3],[460.7,177.4],[443.4,175.9]]]}}]}
