{"type":"FeatureCollection","frame":{"width":1152,"height":748.8,"y":"down"},"note":"Congressional districts, 119th Congress (435 + DC delegate; CD \"00\" = at-large, \"98\" = DC). Census cartographic boundary file 1:500k, 2024 vintage, simplified by mapshaper, same composite Albers and frame as us-albers.geojson.","features":[{"type":"Feature","properties":{"GEOID":"0101","STATEFP":"01","CD":"01","st":"AL","label_x":771.4,"label_y":485.5},"geometry":{"type":"MultiPolygon","coordinates":[[[[752.3,506.9],[754.8,506.2],[756.1,506.1],[756.6,506.2],[757.3,506],[756.4,505.4],[756,506],[754.3,506.3],[752.3,506.9]]],[[[749.4,494],[750.6,503.7],[751.7,502.8],[752.5,503.2],[754.8,503.5],[754.8,504.6],[756,504.1],[756.4,503.1],[756.3,499.9],[756.5,498.4],[757.9,495.7],[759.6,496.4],[760.2,499],[759.7,500.3],[760.4,502],[761.9,502.6],[762.5,503.6],[763.9,504.5],[762.9,506],[765.7,505.2],[768.5,504.3],[768.7,503.2],[769.5,503],[770.1,501.2],[771.2,500.5],[769.8,499.5],[769.5,498.4],[770,497.5],[770.3,495.9],[770,494.8],[767.3,493.5],[766.8,492.5],[765.8,491.8],[765,490.8],[765.7,488.4],[765.4,487.6],[774.6,486.8],[787.1,485.7],[794.8,484.9],[797.5,484.6],[807.5,483.4],[812.6,482.8],[817.5,482.2],[816.5,479.8],[815.1,478.6],[815,477.2],[814.5,476.3],[814.9,475.6],[814.7,473.9],[814.8,471.5],[815.2,469.7],[814.7,467.9],[813.1,466.3],[812.9,464.7],[812.5,464.5],[811.4,465.4],[811.3,466.3],[807.3,466.7],[807.6,468.7],[800.1,469.5],[793.1,470.3],[793.3,472.2],[792.3,472.5],[792.5,474.6],[791.2,474.7],[790.8,474.4],[790.6,472.7],[789.5,473.8],[789,473.8],[788.2,472.9],[782.2,473.6],[782.4,475.7],[782.9,475.6],[783.3,477.2],[782.6,478],[783,481.4],[781.7,481.5],[781.6,479.9],[767.1,481.3],[765.7,482.2],[764.1,481.9],[762.5,480.7],[761.4,481],[760.1,482.2],[759.5,483.3],[757.2,484.2],[756.6,484.9],[753.1,485.2],[753.8,485.7],[754,486.7],[753.2,487.5],[754.1,488.9],[753.9,490.3],[754.6,490.8],[753.6,492.9],[754.4,492.8],[755.5,493.6],[757.3,493.4],[757.9,495.4],[757.2,495.6],[756.4,496.8],[754,498.3],[753.9,497.1],[753.3,496.8],[753.4,495.8],[752.7,494.9],[749.4,494]]]]}},{"type":"Feature","properties":{"GEOID":"0102","STATEFP":"01","CD":"02","st":"AL","label_x":777.2,"label_y":472.5},"geometry":{"type":"Polygon","coordinates":[[[746.7,472.7],[748.1,483.2],[749.4,494],[752.7,494.9],[753.4,495.8],[753.3,496.8],[753.9,497.1],[754,498.3],[756.4,496.8],[757.2,495.6],[757.9,495.4],[757.3,493.4],[755.5,493.6],[754.4,492.8],[753.6,492.9],[754.6,490.8],[753.9,490.3],[754.1,488.9],[753.2,487.5],[754,486.7],[753.8,485.7],[753.1,485.2],[756.6,484.9],[757.2,484.2],[759.5,483.3],[760.1,482.2],[761.4,481],[762.5,480.7],[764.1,481.9],[765.7,482.2],[767.1,481.3],[781.6,479.9],[781.7,481.5],[783,481.4],[782.6,478],[783.3,477.2],[782.9,475.6],[782.4,475.7],[782.2,473.6],[788.2,472.9],[789,473.8],[789.5,473.8],[790.6,472.7],[790.8,474.4],[791.2,474.7],[792.5,474.6],[792.3,472.5],[793.3,472.2],[793.1,470.3],[800.1,469.5],[807.6,468.7],[807.3,466.7],[811.3,466.3],[811.4,465.4],[812.5,464.5],[812.9,464.7],[812.4,462.5],[813.7,458.7],[813.7,456.9],[813.2,455.9],[814.1,454.6],[815.6,453.6],[816,452.6],[815.3,451.7],[813.9,451.3],[814.1,448.4],[813.7,448.3],[813.4,447],[813.4,446.9],[812.2,447.1],[812.3,447.9],[807,448.6],[807.2,450],[805.1,450.2],[804.8,448.2],[803.8,448.3],[800.3,447],[800.2,446.7],[797.5,447],[797.8,449],[796,449.2],[796,450.3],[794.6,450.4],[793.1,451.6],[791.7,451.5],[789.9,450.9],[789.1,449.9],[787.8,450.7],[787.7,451.4],[786.1,451.8],[785,452.7],[784.4,454],[784.6,455.2],[786.3,456.1],[787.1,462.7],[777.1,463.8],[777.4,466.8],[772.4,467.4],[771.1,467.4],[765.6,468],[765,468.4],[765.2,469.9],[764.5,470.3],[764.6,472],[762.8,472.1],[762,472.6],[761.6,473.9],[760.7,474.4],[759.8,474.1],[759.4,474.8],[758.2,475.8],[756.9,475.8],[755.6,475.2],[754.6,474.3],[754.2,472],[746.7,472.7]]]}},{"type":"Feature","properties":{"GEOID":"0103","STATEFP":"01","CD":"03","st":"AL","label_x":792.7,"label_y":425.1},"geometry":{"type":"Polygon","coordinates":[[[798.1,400.7],[797,401.8],[797,402.8],[796.1,404.7],[795.4,405.3],[793.7,407.5],[792.4,408],[792.6,409],[787.5,409.6],[785.7,410.3],[784,412.3],[783.5,413.6],[783.9,416.1],[783.8,417.2],[782.6,418.7],[779.4,419.9],[779.4,420.7],[780.1,420.7],[780.6,421.7],[780.7,423.4],[780.3,424.1],[780.4,425.5],[781.8,425.7],[781.9,426.7],[783.9,426.5],[784.2,429.2],[784.7,429.5],[784.8,431.3],[783,432.8],[782.7,434.8],[784,434.4],[785.2,434.4],[786.8,435.7],[792.1,435.1],[793,443.3],[795.5,443.1],[795.1,445],[795.6,445.6],[795.6,446.7],[796,449.2],[797.8,449],[797.5,447],[800.2,446.7],[800.3,447],[803.8,448.3],[804.8,448.2],[805.1,450.2],[807.2,450],[807,448.6],[812.3,447.9],[812.2,447.1],[813.4,446.9],[811.9,445.4],[811,444],[809.9,441.3],[809.3,440.2],[809.5,439.3],[808.8,438.9],[807.2,433.4],[804.8,424.8],[802.1,415.1],[799.4,405.2],[798.1,400.7]]]}},{"type":"Feature","properties":{"GEOID":"0104","STATEFP":"01","CD":"04","st":"AL","label_x":765.6,"label_y":416.7},"geometry":{"type":"Polygon","coordinates":[[[745.6,394.6],[746.6,396.2],[747.8,396.9],[747.6,403.3],[747.3,417.4],[747,429.2],[753.4,428.9],[755.5,428.7],[756.3,437.4],[756.7,440.6],[759,440.4],[760.3,440],[761.5,438.3],[761.5,436.7],[760.8,435.8],[761.9,435.2],[763.4,435.2],[763.4,434.4],[764.7,433.4],[764.1,432.5],[764.1,431.3],[764.5,430.2],[765.4,428.6],[766.3,428.6],[767.3,427.3],[768.1,425.4],[769.8,424.9],[770.7,423.4],[770.8,421.4],[771.8,421],[773.3,419.5],[775.8,419.3],[778,420.6],[779.4,420.7],[779.4,419.9],[782.6,418.7],[783.8,417.2],[783.9,416.1],[783.5,413.6],[784,412.3],[785.7,410.3],[787.5,409.6],[792.6,409],[792.4,408],[793.7,407.5],[795.4,405.3],[796.1,404.7],[797,402.8],[797,401.8],[798.1,400.7],[795.9,393],[795.1,393.7],[794.7,395.6],[794.1,395.9],[792.6,398.9],[788.8,402.8],[787.7,403],[786.9,402.2],[785.9,401.8],[785.7,400.3],[782.8,400.7],[782.7,402],[782.4,402.7],[781.4,402.6],[780.7,403.6],[779.9,403.8],[778.7,403.4],[778.1,402.5],[778,406.5],[778.1,408],[768.3,408.8],[768,409.2],[764.3,409.5],[759.9,409.8],[759.3,403.6],[759.7,403.1],[760,401.6],[760.7,401.5],[760.8,399.9],[760.8,397.9],[759.4,397.6],[759.5,396.3],[760.4,394.6],[760.4,393.1],[756.9,393.4],[749.7,394],[745.5,394.3],[745.6,394.6]]]}},{"type":"Feature","properties":{"GEOID":"0105","STATEFP":"01","CD":"05","st":"AL","label_x":776.1,"label_y":400.1},"geometry":{"type":"Polygon","coordinates":[[[760.4,393.1],[760.4,394.6],[759.5,396.3],[759.4,397.6],[760.8,397.9],[760.8,399.9],[760.7,401.5],[760,401.6],[759.7,403.1],[759.3,403.6],[759.9,409.8],[764.3,409.5],[768,409.2],[768.3,408.8],[778.1,408],[778,406.5],[778.1,402.5],[778.7,403.4],[779.9,403.8],[780.7,403.6],[781.4,402.6],[782.4,402.7],[782.7,402],[782.8,400.7],[785.7,400.3],[785.9,401.8],[786.9,402.2],[787.7,403],[788.8,402.8],[792.6,398.9],[794.1,395.9],[794.7,395.6],[795.1,393.7],[795.9,393],[795.1,390.1],[790.9,390.5],[780,391.5],[771.2,392.4],[760.4,393.1]]]}},{"type":"Feature","properties":{"GEOID":"0106","STATEFP":"01","CD":"06","st":"AL","label_x":780.5,"label_y":436.3},"geometry":{"type":"Polygon","coordinates":[[[770.7,423.4],[772.3,422.8],[772.8,424.1],[773.9,423.8],[774,424.5],[775.8,424.3],[777,423.7],[777.7,424],[778.5,424.9],[778,426],[776.9,427.2],[775.9,427.7],[775.1,429.6],[775.7,430.3],[775.5,431.4],[774.5,431.5],[773.8,432.9],[772.8,433.7],[770.9,433.9],[770.5,434.5],[769.5,434.3],[768.7,435.3],[768.8,436.8],[767.2,436.9],[766.7,437.9],[766.7,440],[764.7,440.2],[765,443.2],[767,443.1],[767.1,444.1],[773,443.4],[773.4,447.5],[775.3,447.3],[775.9,449.5],[775.8,450.2],[777.2,452.5],[777.4,453.3],[778.2,454.3],[778.6,453.4],[779.9,453],[780.1,454],[780.8,454.1],[781.2,453],[782,453.5],[783.4,453.6],[784.4,454],[785,452.7],[786.1,451.8],[787.7,451.4],[787.8,450.7],[789.1,449.9],[789.9,450.9],[791.7,451.5],[793.1,451.6],[794.6,450.4],[796,450.3],[796,449.2],[795.6,446.7],[795.6,445.6],[795.1,445],[795.5,443.1],[793,443.3],[792.1,435.1],[786.8,435.7],[785.2,434.4],[784,434.4],[782.7,434.8],[783,432.8],[784.8,431.3],[784.7,429.5],[784.2,429.2],[783.9,426.5],[781.9,426.7],[781.8,425.7],[780.4,425.5],[780.3,424.1],[780.7,423.4],[780.6,421.7],[780.1,420.7],[779.4,420.7],[778,420.6],[775.8,419.3],[773.3,419.5],[771.8,421],[770.8,421.4],[770.7,423.4]]]}},{"type":"Feature","properties":{"GEOID":"0107","STATEFP":"01","CD":"07","st":"AL","label_x":761.2,"label_y":449.1},"geometry":{"type":"Polygon","coordinates":[[[746.2,468.1],[746.7,472.7],[754.2,472],[754.6,474.3],[755.6,475.2],[756.9,475.8],[758.2,475.8],[759.4,474.8],[759.8,474.1],[760.7,474.4],[761.6,473.9],[762,472.6],[762.8,472.1],[764.6,472],[764.5,470.3],[765.2,469.9],[765,468.4],[765.6,468],[771.1,467.4],[772.4,467.4],[777.4,466.8],[777.1,463.8],[787.1,462.7],[786.3,456.1],[784.6,455.2],[784.4,454],[783.4,453.6],[782,453.5],[781.2,453],[780.8,454.1],[780.1,454],[779.9,453],[778.6,453.4],[778.2,454.3],[777.4,453.3],[777.2,452.5],[775.8,450.2],[775.9,449.5],[775.3,447.3],[773.4,447.5],[773,443.4],[767.1,444.1],[767,443.1],[765,443.2],[764.7,440.2],[766.7,440],[766.7,437.9],[767.2,436.9],[768.8,436.8],[768.7,435.3],[769.5,434.3],[770.5,434.5],[770.9,433.9],[772.8,433.7],[773.8,432.9],[774.5,431.5],[775.5,431.4],[775.7,430.3],[775.1,429.6],[775.9,427.7],[776.9,427.2],[778,426],[778.5,424.9],[777.7,424],[777,423.7],[775.8,424.3],[774,424.5],[773.9,423.8],[772.8,424.1],[772.3,422.8],[770.7,423.4],[769.8,424.9],[768.1,425.4],[767.3,427.3],[766.3,428.6],[765.4,428.6],[764.5,430.2],[764.1,431.3],[764.1,432.5],[764.7,433.4],[763.4,434.4],[763.4,435.2],[761.9,435.2],[760.8,435.8],[761.5,436.7],[761.5,438.3],[760.3,440],[759,440.4],[756.7,440.6],[756.3,437.4],[755.5,428.7],[753.4,428.9],[747,429.2],[746.9,435],[746.6,448.7],[746.5,454.9],[746.2,468.1]]]}},{"type":"Feature","properties":{"GEOID":"0200","STATEFP":"02","CD":"00","st":"AK","label_x":243,"label_y":611.1},"geometry":{"type":"MultiPolygon","coordinates":[[[[335,652.2],[335.3,652.5],[335.6,652.2],[335.7,651.9],[335.2,651.8],[335,652.2]]],[[[337.7,664.2],[338,664.6],[338.5,664.8],[338.8,665.2],[339,665],[338.8,664.7],[338.7,664.2],[338.1,663.9],[337.7,664.2]]],[[[332.9,653.3],[333,653.5],[333.6,653.6],[334.1,654],[334.7,653.6],[334.9,653.3],[334.6,652.7],[334.8,652.4],[334.4,652],[334,652],[333.8,652.2],[333.2,652.3],[333,652.6],[332.9,653.3]]],[[[333.6,655.4],[334,655.5],[333.8,655],[333.6,655.4]]],[[[333.3,660.3],[333.7,660.6],[334.1,660.5],[334,659.9],[333.6,659.8],[333.3,660.3]]],[[[332.8,661.2],[333.1,661.2],[333.6,661],[333.5,660.6],[333,660.4],[333.1,660.7],[332.8,661.2]]],[[[332.8,662.4],[333.3,662.7],[333.3,662.2],[333.6,661.6],[333.9,661.4],[333.7,661.1],[333.1,661.4],[332.8,661.7],[333,661.8],[332.8,662.4]]],[[[330.7,657.5],[331.3,657.6],[331.6,657.4],[331.6,657.1],[332,657.1],[332.3,657.3],[332.9,657.4],[333.2,658],[332.5,658.3],[332.5,658.1],[332,658.1],[331.7,658.3],[331.6,658.7],[332,659],[332.6,659.1],[332.7,659],[332.6,658.5],[332.9,658.6],[333.1,658.4],[333.4,658.5],[333.2,659.2],[333.6,659.6],[334,659.7],[334.6,659.3],[334.9,659.7],[334.8,660.3],[335.2,660.4],[335.4,660.7],[334.7,661.1],[334.6,661.4],[333.8,662],[334.1,662.7],[334.4,662.6],[334.7,662.7],[335,662.5],[335.5,663],[335.4,663.5],[335.9,663.9],[336.2,664.5],[336.6,664.6],[337.2,665.2],[337.7,665.4],[338.2,666],[338.8,665.8],[338.6,665.2],[338.3,664.8],[337.3,664.3],[337,663.9],[336.9,663.6],[336.5,663.5],[336.3,662.9],[335.8,662.3],[336.4,662.1],[336.5,662.4],[336.8,662.4],[336.8,662.7],[337.1,662.9],[337.1,663.4],[337.8,663.5],[338,663.2],[337.9,662.7],[337.7,662.6],[337.9,662.2],[338.1,662],[338.5,662.4],[338.5,663.5],[339.1,663.9],[339.6,663.7],[340,663.9],[340.1,664.3],[339.7,664.3],[339.7,664.6],[340.2,664.6],[340.4,664.8],[341.3,665],[341.9,664.6],[341.8,664.2],[342,663.9],[341.7,663.4],[341.5,662.6],[341,662.1],[340.6,662.6],[340.5,662.3],[340.7,662.1],[340.6,661.8],[340.9,661.4],[340.7,661.2],[340.8,660.9],[340.5,660.3],[340.3,660.2],[340.2,660.9],[339.8,660.8],[340.1,660.4],[339.6,659.8],[339.2,659.7],[338.8,659.3],[338.3,659.1],[338,658.9],[337.4,659.2],[337.3,658.4],[337.7,658.7],[339.3,659],[338.9,658.6],[338.2,658.3],[337.9,657.8],[337.5,657.7],[337.3,657.3],[337,657.1],[337,656.9],[336.1,656.1],[334.8,655.5],[334.4,655.7],[333.9,655.5],[333.7,655.7],[333.4,655.5],[333.5,654.6],[333.2,654.1],[332.5,653.6],[331.8,653.8],[331.5,654],[330.5,654],[330.4,654.5],[330.8,655.1],[331.4,655.6],[331,656],[331,656.2],[330.7,657.5]]],[[[331.9,661.5],[332.2,661.2],[332.6,661.3],[332.7,660.4],[332.3,660.4],[332,660.5],[332,661.2],[331.9,661.5]]],[[[330.2,658.1],[330.4,658.3],[330.7,658.4],[330.7,658],[330.4,657.7],[330.2,658.1]]],[[[328.3,658.6],[328.7,658.8],[328.8,659.2],[329.4,658.3],[329.3,658.2],[329,658.4],[328.8,658.3],[328.3,658.6]]],[[[325.9,651.3],[326.2,651.9],[326.2,652.2],[326.7,652.7],[327,652.8],[327.1,653.3],[327.5,653.4],[328.1,653.9],[328,654.1],[327.6,654.1],[327.7,654.5],[327.6,655],[328.2,656.3],[328.4,656.4],[328.3,656.8],[328.6,656.8],[328.5,657.1],[329,657],[329,656.4],[328.8,655.7],[329,655.7],[329.2,656.1],[329.3,656.5],[329.5,656.7],[329.7,656.6],[329.6,656],[329.4,655.7],[329.7,655.4],[329.6,655],[329.7,654.6],[329.1,653.8],[329.2,653.4],[329,653.1],[329,652.6],[329.5,652.6],[329.7,652.4],[330.2,653.4],[330.7,653.3],[331.1,652.8],[331.5,652.8],[331.8,652.6],[332.1,652.7],[332.4,652.4],[332.2,652],[333.7,651.8],[334,651.6],[334.2,651.1],[334.6,650.7],[334.3,650.5],[334.1,650.2],[333.4,650],[333.2,649.7],[332.9,649.5],[332.4,649.5],[331.7,648.6],[331.3,648.3],[330.7,648.3],[330.2,648.4],[329.9,648.6],[328.9,648.5],[327.6,648.5],[327.1,648.9],[327.1,649.3],[327.8,649.7],[328,650],[328.2,650.4],[328.7,650.6],[328.3,651.3],[328.1,651],[327.7,650.9],[327.3,650.2],[326.8,650],[326.6,650.5],[327,650.6],[327,650.9],[326.3,650.6],[326,650.8],[325.9,651.3]]],[[[319.9,639.9],[320.1,640.3],[320.6,641.2],[320.8,641.3],[321.2,641.8],[321.4,642.2],[321.7,642.7],[322,643.3],[322.3,643.8],[322.4,644.6],[322.9,645.5],[323.3,645.8],[323.7,646.5],[324.3,647],[323.9,648.5],[324.2,649.2],[324.6,649.9],[324.9,650],[325.5,649.2],[325.7,648.4],[326,648.4],[326.1,648.1],[326,647.7],[326.2,647.5],[325.8,647],[326.4,646.9],[326.8,646.7],[327,646.4],[326.8,646],[326.4,645.7],[326.5,645.3],[326.1,644.9],[326.1,644.6],[325.1,643.9],[324.1,642.9],[323.7,642.4],[323.9,641.7],[324.3,642.1],[324.5,642.7],[325.1,643.1],[325.7,643.9],[326.7,644.6],[326.6,644.3],[326.1,643.9],[325.7,643],[325.1,642.4],[325.1,642.3],[324.4,641.8],[324.4,641.5],[323.8,641.2],[323.7,640.5],[323.2,640.8],[322.7,640.8],[322.2,640.8],[321.6,641.2],[321.3,640.7],[320.8,640.2],[320.4,640.2],[320.1,639.7],[319.9,639.9]]],[[[320.3,649.6],[320.6,649.9],[320.7,649.3],[320.4,649.4],[320.3,649.6]]],[[[319.2,648.8],[319.5,649.1],[320.3,649.4],[320.9,649.2],[320.8,650],[321,650.1],[321,650.4],[321.3,650.7],[321.6,650.8],[321.7,651],[321.4,651.3],[321.6,651.7],[321.6,652.8],[322.4,653.6],[322.6,653.4],[322.9,653.7],[323.2,653.8],[323.7,654.3],[324.1,654.9],[325.1,656.1],[325.3,656.1],[325.8,656.7],[326.3,656.4],[326.2,656.2],[326.2,655.8],[325.8,654.5],[325.5,654],[325.7,653.9],[325.5,653.2],[325.2,652.5],[324.8,651.8],[324.7,651.7],[324.5,651.2],[324.2,650.8],[324.1,650.4],[323.4,649.1],[323.1,648.9],[323.1,648.6],[322.6,648.6],[322.4,648.1],[322.8,648.1],[323,647.8],[322.8,647.5],[322.4,647.3],[322,647.5],[321.2,647.4],[320.9,647.2],[320.6,647.3],[320.4,646.9],[319.8,646.9],[319.5,647.4],[319.7,647.9],[319.2,648.8]]],[[[316.8,640.8],[317,641],[317.6,640.9],[317.2,640.6],[316.8,640.8]]],[[[318.7,650.1],[319,650.2],[319,650.4],[319.4,650.4],[319.4,650.8],[319.2,651.1],[319.3,651.9],[319.9,651.6],[320.2,651.4],[320.3,650.8],[320.3,650.4],[320.5,650.3],[320.6,649.9],[320.2,649.6],[320.2,650],[319.8,649.8],[320,649.5],[319.4,649.1],[318.9,648.9],[318.6,649.1],[318.8,649.8],[318.7,650.1]]],[[[315.2,642],[315.3,642.1],[315.7,641.9],[315.6,641.5],[315.2,642]]],[[[314,644.4],[314.1,644.8],[314.2,645.2],[314.6,645.4],[314.7,645.6],[315.3,645.8],[315.7,646.4],[315.9,646.2],[316.3,646.4],[316.1,646.9],[316.4,647.5],[317,647.6],[317.3,648],[317.7,648.1],[318.4,648.7],[319.1,648.7],[319.5,648.1],[319.5,647.6],[319.3,647.4],[319,646.1],[319.5,646.4],[320.1,646.5],[321.3,647],[321.5,647.2],[321.8,647.2],[322.4,647],[322.3,646.8],[322.5,646.6],[322.3,646],[321.9,645.5],[321.5,644.7],[321.2,644.9],[321.1,644.5],[321.3,644.3],[320.8,644],[320.4,643.9],[320,643.5],[320.9,643.7],[321.2,643.3],[321.1,642.9],[320.8,642.5],[320.1,642.4],[320,642.3],[319.3,642.4],[318.7,642.2],[318.4,642.3],[318.2,643.6],[317.9,643.2],[318.2,642.5],[318,642],[317,641.8],[316.8,641.5],[316.6,641.6],[316,642.5],[315.8,642.3],[315.4,642.4],[315.1,643.1],[314.9,642.8],[314.7,643.1],[314.3,643.6],[314,643.9],[314,644.4]]],[[[277.6,637],[278.1,636.3],[278.3,636],[278.9,635.2],[278.5,635.4],[277.7,636.5],[277.6,637]]],[[[269.9,632.4],[270.3,632.5],[270.8,632.2],[271.9,631.4],[271.9,631.1],[271.3,631.3],[271.2,631.5],[270.6,631.9],[270,632],[269.9,632.4]]],[[[268.3,633.3],[268.4,633.6],[268.7,633.7],[268.8,633.5],[269.2,633.6],[268.6,634.1],[269,634.4],[269.4,633.9],[270,633.5],[270.3,633.5],[270.5,633.2],[271,633.1],[270.9,632.7],[270.7,632.6],[270,632.8],[269.8,632.7],[269.8,632.4],[269.4,632.5],[269,632.3],[268.7,632.4],[268.3,633.3]]],[[[267.6,629.7],[268,629.7],[268,629.4],[267.8,629.2],[267.6,629.7]]],[[[265.5,629.4],[266.2,629.6],[266.3,629.3],[266,629.2],[265.5,629.4]]],[[[265.3,634.6],[265.5,634.9],[266,634.4],[265.6,634.4],[265.3,634.6]]],[[[263.9,638.7],[264.2,638.9],[265,638.3],[265.2,638],[265.6,638.1],[265.9,637.8],[265.9,637.5],[265.6,637.3],[266.1,636.9],[266.1,636.3],[266.6,635.4],[267.5,634.5],[267.7,634.1],[267,633.8],[266.9,633.5],[266.4,633.8],[266.4,634.3],[266.5,634.7],[266.2,635],[265.7,636],[265.3,636.4],[265.1,636.7],[264.8,636.9],[264,638.3],[263.9,638.7]]],[[[263.4,634.9],[263.5,635.1],[264.1,635.1],[264,635.3],[264.4,635.6],[264.5,634.8],[264.3,634.7],[264.6,634.2],[264.8,633.8],[264.5,633.5],[264.7,633.3],[264.6,633.1],[264.7,632.7],[264.2,632.7],[264.2,633.2],[263.9,633.2],[263.6,634.5],[263.4,634.9]]],[[[262.9,631],[263,631.3],[263.5,631.4],[263.6,631.2],[263.1,630.8],[262.9,631]]],[[[263.3,637.4],[263.4,637.5],[264,636.9],[264.2,636.4],[264,636.2],[263.7,636.6],[263.3,637.4]]],[[[262.6,634.4],[262.8,634.7],[263.2,634.6],[263.3,633.9],[263,633.9],[262.6,634.4]]],[[[262.9,637],[263.9,636.1],[263.8,635.8],[263.2,636.1],[263,636.6],[262.9,637]]],[[[252.4,643.4],[252.6,643.6],[253,643.1],[253,642.7],[252.7,642.5],[252.6,642.9],[252.4,643.4]]],[[[248,652.8],[248.3,652.9],[248.4,652.3],[248.2,652.3],[248,652.8]]],[[[246.6,635.1],[247.1,634.9],[247,634.7],[247.4,634.1],[247.6,633.9],[247.2,633.7],[247.1,634],[247.1,634.4],[246.9,634.9],[246.6,635.1]]],[[[245.8,647],[246.1,647],[246.3,646.8],[246.1,646.6],[245.8,647]]],[[[245.3,655.2],[245.8,655.5],[245.8,655.1],[245.6,654.9],[245.3,655.2]]],[[[243.8,654.9],[244.2,655.2],[244.3,654.8],[243.8,654.9]]],[[[241.4,654.1],[241.6,654.3],[241.9,654.2],[242.6,654.5],[243,654.7],[243.7,654.8],[243.8,654.6],[244.1,654.6],[244.3,654.2],[244.7,654.1],[245,653.6],[245.5,653.5],[246,653.6],[246.4,653.4],[246.1,652.5],[246.5,652.6],[246.6,653.1],[247.2,653.2],[247.6,652.4],[247.6,651.7],[247.3,652.1],[247.1,652],[247.1,651.4],[246.9,651.3],[246.5,651.4],[246.2,651],[245.9,651.6],[245.4,651.6],[245.4,651.2],[245.2,651],[245.4,650.7],[245.7,650.5],[246,649.7],[245.9,649.3],[245.5,649.3],[245.2,649.6],[244.9,649.4],[244.7,649.7],[244.6,650.1],[244.6,650.6],[244,651.2],[244.1,651.7],[243.9,652],[243.6,651.7],[243.5,652.2],[242.9,652.1],[242.7,652.4],[243.1,652.8],[242.9,653],[242.4,652.8],[242.2,653.3],[241.9,653.4],[241.7,653.8],[241.4,654.1]]],[[[240.6,643.2],[240.9,643.7],[241.5,643.5],[241.6,643.2],[241.3,642.9],[240.6,643.2]]],[[[238.1,665.5],[238.3,665.4],[238.7,665.5],[238.7,665.2],[238.2,665.3],[238.1,665.5]]],[[[237.2,666.7],[237.3,667],[237.8,667.1],[238.1,666.9],[238.3,667],[239,667],[239.3,666.8],[239.4,666.5],[238.7,666.6],[238.4,666],[237.8,666.1],[237.4,666.3],[237.2,666.7]]],[[[235.2,667.6],[235.5,667.8],[235.9,667.3],[236.7,666.9],[237,666.6],[237,666.3],[236.7,666.2],[236.3,666.3],[235.7,666.8],[235.2,667.6]]],[[[235.3,660],[235.5,660.3],[235.6,660.6],[236.2,660.8],[236.5,661.4],[236.5,662.3],[236.5,662.9],[237,663.2],[237.4,663.6],[237.5,664.1],[237.8,663.9],[238.3,663.2],[238.5,663.1],[238.9,662.4],[239.4,662.2],[239,662.9],[238.9,663.2],[239.5,663.4],[238.9,663.7],[238.8,664],[238.5,664.1],[238.2,664.7],[238.2,665],[238.7,664.8],[238.9,665],[239.3,664.8],[239.5,664.4],[240.2,664.1],[240,663.8],[240.3,663.5],[240.6,663.4],[240.9,662.9],[240.3,662.5],[240.3,662.2],[240.7,662.1],[241.1,662.3],[241.2,661.9],[242,661.1],[242,661.4],[241.6,661.9],[241.7,662.1],[241.5,662.4],[241.9,662.5],[241.9,662.9],[242.3,662.8],[242.4,662.5],[242.4,662.2],[242.8,662.1],[243.2,661.8],[243.7,661.8],[243.9,661.6],[243.5,661.3],[243.2,661.5],[242.8,661.4],[243,661.1],[243.5,660.7],[243.2,660.4],[242.8,660.5],[242.8,660.2],[243.3,660],[243.7,660.2],[243.8,660.4],[244.1,660.6],[244.4,660.3],[244.6,660.5],[244.9,660.2],[245,659.7],[244.9,659.5],[244.5,659.3],[244.3,659.1],[243.6,658.9],[243.8,658.6],[244.1,658.8],[244.4,658.7],[244.6,659],[244.9,658.9],[245.3,659.1],[246.2,659.3],[246.4,658.5],[247,657.9],[246.9,657.6],[246.6,657.7],[246.3,657.5],[245.6,657.9],[245.5,656.6],[246,656.2],[245.7,655.9],[245.5,655.4],[245.3,655.3],[244.8,655.4],[244.5,655.6],[244.4,656.1],[244.1,655.8],[243.9,656],[243.9,656.7],[243.6,656.6],[243.6,656.1],[243.8,655.6],[244.1,655.4],[243.8,655.2],[242.9,654.9],[242.7,655],[242.3,654.9],[242,655],[242.8,655.7],[241.8,655.4],[241.7,655.2],[241.2,654.9],[240.9,654.9],[240.9,655.2],[241.2,655.6],[241.8,655.8],[241.9,656.2],[241.1,655.9],[241.1,656.5],[240.9,656.5],[240.7,656],[240.3,655.6],[240,655.5],[239.1,656.2],[239.2,657.1],[239.4,657.1],[240.3,657.4],[240,657.5],[239.4,657.5],[239.4,657.7],[239.7,658],[239.2,658.5],[238.9,658.4],[238.9,657.5],[237.8,657.4],[237.3,657.6],[236.9,658.1],[236.6,658.1],[236.5,658.4],[236,658.7],[235.9,659.1],[235.6,659.3],[235.7,659.6],[235.5,659.9],[235.3,660]]],[[[230.7,672.5],[230.8,672.9],[231.5,673],[231.6,672.8],[231.5,672.3],[231.6,671.9],[231.3,671.9],[231,672.3],[230.7,672.5]]],[[[226.1,670.6],[226.5,670.7],[226.7,670.5],[226.5,670.2],[226.1,670.6]]],[[[223.7,666.3],[224.5,666.5],[224.8,666],[224,666],[223.7,666.3]]],[[[221,667.8],[221.3,668.1],[221.3,667.6],[221,667.8]]],[[[213.5,679.2],[213.6,679.5],[214,679.4],[214.1,679],[213.6,679],[213.5,679.2]]],[[[212.9,678.2],[213.3,678.4],[213,678.6],[213.1,678.8],[213.6,678.6],[213.4,678.2],[213.5,677.9],[213.1,677.9],[212.9,678.2]]],[[[212.2,679.8],[212.3,680.3],[212.6,680.1],[212.3,679.8],[212.2,679.8]]],[[[212.1,677.3],[212.1,677.7],[212.5,677.9],[212.9,677.2],[212.9,676.9],[212.6,676.9],[212.3,677.2],[212.1,677.3]]],[[[209.1,678.8],[209.8,678.5],[209.9,678.2],[210.2,678.1],[210.8,677.6],[211.1,677.4],[211.4,676.9],[211,677],[211.1,676.3],[211.3,676.3],[211.2,675.8],[210.7,676.4],[210.4,676.4],[210.2,676.9],[209.9,676.9],[209.6,677.2],[209.9,677.3],[209.7,677.6],[209.8,678],[209.6,678.5],[209.3,678.5],[209.1,678.8]]],[[[209.1,674.5],[209.2,674.8],[209.6,674.6],[210,675],[210,674.4],[209.8,674.4],[209.6,674.2],[209.1,674.5]]],[[[208.2,675.3],[208.4,675.5],[208.8,675.6],[209.1,675.8],[209.2,675.5],[209.1,675],[208.7,675.2],[208.3,675],[208.2,675.3]]],[[[206.6,675.1],[206.7,675.3],[206.6,676],[206.9,676.5],[207,676.2],[207.8,676.7],[208.2,676.5],[208.3,676.3],[208.1,675.8],[208,675.6],[208,675.2],[208.3,675],[208.1,674.7],[207.5,675.3],[207.7,674.7],[207.3,674.5],[207,674.6],[206.6,675.1]]],[[[208.5,648.1],[208.6,648.4],[208.9,648.5],[209.3,648.3],[209.9,647.1],[210.3,646.6],[210.1,646.6],[209.5,646.9],[209.3,646.9],[208.7,647.2],[208.5,648.1]]],[[[203.8,675.8],[204.2,676.2],[204.3,675.8],[204,675.6],[203.8,675.8]]],[[[202.6,675.6],[202.9,675.7],[203.2,675.7],[203.4,675.3],[202.8,675.3],[202.6,675.6]]],[[[201.6,676],[202.1,676.4],[202.2,676.8],[202.8,676.5],[202,675.7],[201.6,676]]],[[[198.9,677.5],[198.9,677.9],[199.3,678.3],[199.8,677.9],[199.8,677.3],[199.5,677.1],[199.1,677.4],[198.9,677.5]]],[[[206.9,606.3],[207.2,606.7],[207.9,606.8],[208.3,606.4],[208.2,606.1],[207.5,606],[206.9,606.3]]],[[[196.3,681.3],[196.6,681.7],[196.9,681.6],[197.7,681.8],[197.7,681.5],[196.7,680.8],[196.5,680.9],[196.3,681.3]]],[[[197.6,612.6],[197.5,612.9],[197.7,613.2],[198,613.2],[198,612.7],[197.6,612.6]]],[[[186.6,678.6],[186.6,679],[186.9,679.9],[187.3,680.2],[187.8,680.3],[188.7,680.2],[189.4,679.8],[189.5,679.3],[190.1,679],[190.7,678.9],[192,678.9],[193.1,679.3],[193.5,679],[193.9,679],[194,678.5],[194.4,678.4],[194.6,678.8],[195,678.9],[195.5,679.2],[195.5,678.7],[195.2,678.3],[194.9,678.4],[194.5,678.3],[194.3,678],[194.2,677.5],[194.3,677.1],[194.2,676.6],[193.8,676],[193.8,675.8],[193.2,675.8],[192.7,675.6],[192.1,675.6],[191.8,675.9],[191.2,676.1],[190.9,676],[190.2,676.4],[189.9,676.5],[189.5,676.1],[188.9,676.4],[188.8,676.7],[188.2,677.5],[187.8,678.1],[187.3,678.2],[186.6,678.6]]],[[[194.8,627.5],[194.9,627.7],[195.3,627.6],[194.9,627.2],[194.8,627.5]]],[[[184.6,682.2],[185.5,682.7],[185.9,682.7],[186.1,682.4],[185.1,682.1],[184.6,682.2]]],[[[183.4,682.2],[184.3,682.5],[184.4,682.3],[183.9,682.2],[183.4,682.2]]],[[[182.6,680.7],[183.1,681.6],[183.4,681.5],[183.5,681.1],[183.2,680.8],[183.2,680.5],[182.7,680.5],[182.6,680.7]]],[[[180.4,681.3],[180.6,681.7],[180.6,682],[181.2,681.9],[181.6,682.1],[182.4,681.9],[182.2,681.7],[182.2,681.3],[181.6,681],[181.7,680.8],[181.2,680.6],[180.6,680.9],[180.4,681.3]]],[[[179.8,682.3],[179.8,682.5],[180.3,682.6],[180.3,682.4],[179.8,682.3]]],[[[179,683.8],[179,684.2],[179.5,684.4],[179.8,684.1],[179.9,683.7],[179,683.8]]],[[[184.1,630.8],[184.5,631.5],[184.5,632.1],[184.8,632.2],[185.2,632.9],[185.4,632.9],[186,633.3],[186.4,633.9],[186.8,634.1],[187,634.4],[187.7,634.5],[188.2,634.9],[188.5,635.5],[189,635.4],[188.8,635],[189.7,634.7],[190,634.7],[190.5,634.6],[190.7,634.7],[191.2,634.7],[191.3,634.3],[191.1,634],[191.2,633.7],[191,633.3],[191.2,632.9],[191,632.5],[191.3,632.2],[191.1,631.8],[191.4,631.5],[190.7,630.9],[190.1,631.1],[189.5,630.3],[189,630.3],[188.7,630.5],[188.3,630.1],[187.9,630.3],[187.8,630.7],[187.2,630.5],[186.8,630.7],[186.8,631],[186.6,631.3],[186.2,631.1],[184.8,630.7],[184.3,630.9],[184.1,630.8]]],[[[170.8,686.2],[171,686.5],[171.8,686.9],[171.9,686.6],[172.4,686.8],[172.7,686.5],[173.4,686.6],[173.5,686.3],[173.9,686.2],[174.4,686],[174.7,686.1],[174.9,685.9],[175.2,685.9],[175.7,686.2],[176.2,686.2],[176.5,685.7],[176.8,685.9],[177.1,685.4],[177.3,685.5],[177.5,684.9],[178.1,684.9],[178.2,684.8],[178.9,684.7],[178.8,683.8],[178.2,684],[178.1,684.2],[177.7,684.1],[178.2,683.7],[178.5,683.6],[179,683.1],[179.5,683.1],[179.5,682.4],[179.1,682.5],[178.7,682.5],[178.5,682.8],[177.6,682.9],[177.6,682.4],[177.9,682],[177.6,681.7],[177.2,681.6],[176.7,681.8],[176.5,681.7],[175.5,682],[175.3,682.4],[175,682.5],[175,682.7],[175.3,682.8],[175.3,683.1],[175.6,683.4],[176,683.5],[176.7,683.9],[176.5,684.1],[176.1,684.3],[176,683.9],[175.5,683.8],[175.2,684],[175.4,684.4],[175.1,684.5],[174.9,684.3],[174.6,684.5],[174.6,685],[174.4,685.6],[173.8,685.4],[173.5,685.5],[173.4,685.8],[172.9,685.5],[172.6,685.9],[171.6,685.7],[171.3,686],[170.8,686.2]]],[[[191,586.2],[191,586.8],[191.7,587.3],[192.1,587.7],[192.4,588.2],[193,588.7],[194.1,589.1],[194.8,589.6],[195.3,589.8],[195.9,589.8],[196.2,590.1],[196.3,590.4],[195.8,590.8],[195.8,591.2],[195.4,591.5],[194.9,591.6],[194.5,591.4],[194.3,591.6],[194.7,592],[194.8,592.3],[194.7,592.6],[195.2,593],[195.4,593.4],[195.5,593.8],[195.4,594.2],[195.2,594.3],[195.1,594.7],[195.2,595.6],[195.7,596.2],[197,596.7],[197.6,596.9],[199.2,597.8],[199.8,598.1],[200.4,598.1],[202.1,597.5],[202.9,597.5],[203.5,597.7],[203.9,597.6],[204.9,597.8],[205.6,598.3],[206,598.8],[206.2,599.4],[206.4,599.3],[206.6,598.9],[206.3,598.3],[206.1,598.2],[205.8,597.8],[206.2,597.5],[206.2,597.3],[206.9,597.9],[206.9,598.2],[207.2,598.3],[207.4,598.7],[207.4,599],[207.5,599.5],[207.4,599.9],[207.7,599.9],[208.1,599.8],[208.2,599.1],[208.6,598.6],[209.7,598],[210,597.5],[210.8,597.5],[211.2,597.1],[212,597],[212.4,597.2],[212.9,597.1],[213,596.8],[213.6,596.2],[214,596.4],[214.6,597],[214.9,597.8],[214.8,598.6],[214.4,598.9],[213.9,599.5],[213.2,599.4],[212.6,599.1],[212.3,599.3],[212.3,600],[212.5,600],[213,600.5],[213.7,601.6],[213.9,601.9],[213.8,602.9],[213.9,603.7],[214,604.1],[214.2,605.1],[214.2,605.4],[214,605.9],[213.3,606.7],[212.8,607.2],[212.6,607.7],[211.9,607.8],[210.9,607.9],[210.5,607.7],[210.1,607.9],[209.4,607.7],[209.2,607.2],[208.3,606.8],[208.4,607.3],[208,607.6],[207.8,608],[207.1,608.9],[206.7,609.3],[206.1,609.3],[206,609.8],[205.5,610.1],[205.1,610.4],[204.2,610.5],[204,610.5],[203.8,610],[203.4,609.6],[203.2,609.5],[202.8,608.9],[202.3,608.7],[201.7,608.2],[200.7,608.2],[200.3,608.4],[199.5,609],[199.6,609.7],[199.5,609.9],[199.1,609.8],[198.9,609.9],[198.5,610.4],[198,611.6],[198,612.8],[198.1,613.3],[197.8,613.6],[197.4,613.7],[197,613.6],[196.4,614],[195.3,615.2],[194.3,616.2],[194.2,616.2],[193.6,617.2],[193.6,617.6],[193.7,618.4],[193.9,618.8],[192.9,618.9],[192.7,618.8],[192,618.8],[192,618.9],[192.2,619.6],[193,620.1],[191.9,620.2],[191.5,620.2],[191.3,620.5],[191.4,621.1],[192.2,621],[192.7,621.3],[192.8,621.6],[192.7,621.9],[192.1,622.1],[192.1,622.9],[193.2,623.5],[192.9,623.9],[192.9,624.9],[193.1,625.1],[193.7,625.2],[194.2,624.5],[194.7,625.4],[195.1,625.7],[195,626.1],[194.7,625.9],[194.3,626.2],[194.4,626.6],[195.1,627],[195.4,627.5],[195.3,627.7],[194.8,627.9],[194.7,628.2],[194.9,628.4],[194.2,628.9],[193.3,629.4],[193,629.3],[192.8,629.5],[192.9,629.9],[193.3,630.1],[193.6,630.1],[194.2,629.8],[194.6,629.9],[194.4,630.4],[193.8,630.7],[194.2,631.3],[194.8,632],[195.5,632.2],[195.5,632.5],[196.1,633.2],[196,633.3],[196.3,634.1],[197,634.6],[197.3,635],[196.8,635.3],[197,636.2],[197.7,636.6],[198.8,636.8],[199.8,636.9],[200.9,636.8],[201.4,636.7],[202.3,636.3],[202.8,636.1],[203,635.8],[203.4,636],[203.7,636],[204,635.6],[204.1,634.8],[204.3,634.4],[204.6,634.5],[204.8,635],[205.1,635.5],[205.2,636.1],[205.5,636.4],[205.4,636.7],[205.6,637.2],[205.9,637.8],[206,638.3],[206.2,638.6],[206.1,639.1],[206.7,640.4],[206.2,640.6],[205.9,641.1],[205.5,641.2],[205,642.1],[205.2,643.1],[205.5,643.8],[205.8,644.6],[205.8,645.4],[205.8,646],[205.3,646.9],[205.1,647.2],[204.7,646.9],[204.1,647],[204,647.2],[204.3,647.4],[204.7,647.3],[205.4,647.4],[205.5,647.7],[205.5,648.1],[205.9,648.1],[206.1,647.8],[206.4,647.8],[206.6,647.6],[207.3,647.4],[207.4,646.9],[207.8,646.5],[208.4,646.4],[209.1,646],[209.6,645.8],[209.8,646.1],[210.1,645.7],[211.2,644.9],[211.9,644.5],[212.2,644.9],[212.3,645.2],[212.1,645.4],[212.3,645.7],[212.7,646.1],[213.3,646.2],[213.3,646.6],[213.7,647.1],[214.1,646.9],[214.1,646.6],[214.5,646],[214.8,645.8],[215.1,646.2],[214.8,646.6],[215.4,646.9],[215.7,647.3],[216,647.8],[217,650.3],[217.7,650.6],[218.2,650.4],[218.6,649.8],[218.4,649.7],[218.1,648.7],[218,648.1],[218.4,647.5],[218.4,647.2],[218.7,646.7],[219.2,646.4],[219.2,646.2],[219.6,645.7],[219.6,645.5],[220,645.4],[220.1,645.2],[220.4,645.4],[219.8,645.7],[219.6,646.8],[219.4,647.3],[220.1,647.8],[220.3,648],[220.3,648.5],[220.8,649],[221.3,648.9],[222.3,648.5],[223,648.1],[223.6,648],[224.2,647.7],[224.6,647.4],[224.9,647.4],[225.7,647.1],[226,646.3],[226.2,646.5],[226.1,646.9],[226,647.1],[226.1,647.5],[225.7,648],[225.6,648.5],[224.8,649.2],[224.5,649.7],[224,650.1],[223.6,651],[223.5,652],[223.9,652.5],[223.9,652.9],[223.4,652.9],[223.2,653.3],[223.1,654],[222.8,655.8],[222.5,656.6],[222.5,657.4],[222.9,657.4],[223,658.2],[222.7,658.4],[222.5,657.8],[222.1,657.9],[221.4,658.5],[221.1,658.9],[220.7,659.4],[220.2,659.5],[219.6,659.9],[219.3,660.2],[218.5,661.2],[217.9,662],[217.7,662.7],[217.7,663.1],[217.9,663.4],[217.8,663.8],[217.3,663.9],[216.7,663.6],[216.5,663.4],[214.9,664.3],[214.4,664.5],[213.7,665],[212.4,665.5],[211.8,666],[211.2,666.5],[210.8,666.6],[210.4,667],[209.8,667.4],[209.6,667.7],[208.9,669.2],[208.5,669.8],[208.7,669.9],[208.9,670.4],[209.2,670.5],[209.7,671],[209.5,671.6],[209.2,671.5],[208.8,670.8],[208.1,670.8],[207.6,670.5],[207.5,671.2],[208,671.8],[207.4,671.6],[207.3,671.8],[206.8,671.1],[206.6,670.9],[206.6,670.6],[206.4,670.5],[206.4,670.1],[207,669.9],[207.1,669.5],[206.3,669.9],[205.7,669.7],[205.3,669.4],[203.9,669.7],[203.3,669.8],[202.8,669.9],[202.1,670.5],[201.5,670.6],[201,671],[200.4,671.4],[199.8,672.1],[199.1,672.8],[199,673.3],[199.1,673.7],[198.7,673.9],[198.4,673.7],[197.9,674.2],[197.6,674.1],[197,674.5],[197.3,674.6],[197.1,675.1],[196.1,675],[195.5,675.1],[194.9,675.5],[195,675.9],[194.9,676.6],[194.7,676.7],[194.6,677.3],[194.3,677.4],[194.4,677.8],[195.1,677.7],[195.2,677.5],[196.1,677],[196,676.7],[195.6,676.3],[195.3,676.2],[195.5,675.6],[196.1,675.6],[196.3,675.9],[196.6,676.3],[196.5,676.5],[196.8,677.1],[197.3,677.2],[197.6,677.1],[197.8,676.7],[198.3,677],[198.3,676.6],[198.2,675.8],[198.4,675.6],[198.2,675.1],[197.8,674.8],[198.2,674.3],[198.8,674.8],[198.9,675.8],[198.7,675.9],[198.7,676.3],[199.1,676.6],[199.6,676.6],[199.8,676.8],[200.1,676.5],[200.1,676],[200.5,675.8],[200.5,676.1],[200.8,676.5],[201.3,676.3],[201.3,675.9],[201.2,675.7],[201.1,675.2],[201.5,675.4],[201.8,675.4],[201.9,675],[202.8,674],[202.9,673],[203.4,672.4],[203.7,672.2],[204.5,672.3],[204.5,672.6],[204.2,673.1],[203.9,673.4],[203.9,673.6],[203.7,674.4],[203.9,674.5],[204.4,674.3],[204.5,674.6],[204.9,674.6],[206.1,674.1],[206.4,673.5],[206.6,673.4],[207,673.6],[207,674],[207.7,674],[207.7,673.4],[208,673.1],[208.2,673.6],[208.3,673.9],[208.6,673.9],[208.6,673.6],[209.1,673],[208.9,672.7],[209,672.5],[209.6,672.8],[210.3,672.6],[210.3,672.3],[210.8,672.2],[210.8,671.9],[210.9,671.6],[211.7,671.7],[211.9,671.2],[212.3,671.2],[212.7,671.5],[212.7,671.7],[212.5,672.2],[212.6,672.4],[212.4,672.9],[212.8,673.1],[213,673],[213,672.5],[213.3,672.1],[213.3,671.4],[213.2,671.2],[213.4,670.9],[213.5,671.6],[213.8,671.8],[213.8,671.3],[214.1,671.2],[214.8,671],[214.9,671.1],[215.4,670.9],[216.1,670.9],[216.5,670.2],[216.6,670.4],[217.4,670.2],[217.3,669.5],[217.8,669.3],[217.7,670.1],[218.1,670.4],[218.5,670.4],[218.6,669.8],[218.4,669.3],[218.8,669.3],[219.3,668.9],[219.1,668.6],[219.5,668.3],[219,667.8],[218.4,667.7],[218.2,667.4],[218.7,666.8],[219.1,666.5],[219.8,666.8],[220,666.8],[220.2,666.3],[220.5,666.4],[221.1,666.7],[221.4,666.5],[221.4,666],[220.8,665.9],[220.1,666.2],[220.1,666],[220.6,665.6],[220.9,665.6],[221,665.4],[221.7,665.1],[221.9,665.1],[222.2,665.6],[223,665.6],[223.2,665.5],[223.1,665.2],[222.7,664.9],[223,664.4],[223.5,664.4],[223.2,663.9],[223.6,663.6],[224.3,664.4],[224.6,664.3],[224.7,663.9],[224.9,663.9],[225.2,663.5],[225.5,663.3],[225.6,663],[225.8,662.9],[226.2,663.4],[226.3,662.9],[226.6,662.3],[226.8,662.6],[227.3,662.8],[227.2,662.3],[227.5,662.3],[227.9,661.8],[228.2,661.5],[228.4,661.2],[228.1,660.9],[228.4,660.6],[228.5,660.3],[228.3,660],[227.6,660.3],[227.5,660],[227.9,659.8],[228.5,659.2],[229,659],[229.2,658.8],[229.5,659.1],[229.8,659.2],[229.8,658.1],[230.3,658.4],[230.6,658.2],[231.1,658.3],[231.2,657.6],[231.8,657.4],[231.6,657],[231.7,656.4],[232,656.3],[232.3,656.6],[232.6,656.7],[232.8,656.9],[233.1,656.8],[232.9,656.3],[233.2,656],[234.1,655.6],[234.2,655.4],[233.9,655],[234.2,655],[234.3,654.7],[234.8,654.4],[235.6,654.5],[235.7,654.2],[236.3,654.4],[236.5,654.1],[236.7,653.8],[236.9,653.4],[237.3,653.9],[237.4,653.3],[237.6,653],[237.9,653.1],[238.1,653],[238.2,652.7],[237.9,652.5],[238,652.2],[237.5,652.4],[237.4,652.2],[238,651.7],[238.4,651.7],[238.8,651.5],[238.6,651.2],[238.5,650.6],[239.1,650.5],[239.3,649.6],[239.8,649.6],[240.6,649.4],[240.7,648.9],[241.2,648.7],[241.4,648.4],[241.5,647.8],[241.7,647.3],[241.5,647],[241,646.3],[240.9,646.5],[240.5,646.3],[240.1,645.7],[239.7,645.7],[239.4,645.9],[238.6,645.7],[238.3,646.1],[238,645.8],[238.1,645.3],[237.7,645.3],[237.9,644.9],[238.2,644.7],[238.4,643.8],[238.7,643.6],[238.4,643.3],[239,643.2],[239.2,642.9],[240,642.7],[240.1,642.5],[239.8,642],[240,641.8],[240.6,641.8],[240.7,641.5],[240.4,641],[240.9,641.1],[241.1,640.4],[241.4,640.3],[241.4,640.8],[241.6,641.2],[242.3,640.9],[242.8,640.5],[243,639.6],[242.6,639.4],[242.4,639.6],[242.1,639.3],[242.8,639],[243.7,639],[244.2,638.7],[244.3,638.3],[244.6,637.9],[244.7,637.4],[244.3,637],[244.2,636.7],[243.9,636.4],[244,636],[244.5,636.2],[245.4,635.5],[245.5,635.1],[246,634.7],[245.7,634.5],[245.6,634.1],[245.8,633.5],[246.5,633],[246.6,632.6],[247,632],[248.1,631.8],[247.7,631],[247.8,630.7],[248.3,630],[248.8,629.5],[249.4,629.5],[249.6,629.3],[250.1,629.2],[250.6,628.1],[252.5,627],[252.8,627.4],[253.8,627.2],[254.4,627.2],[254.7,627.3],[255,627.1],[255,626.5],[255.1,626.1],[255.3,626],[255.5,625.5],[255.9,625.2],[256.9,624.9],[257.4,625.2],[257,625.3],[256.8,625.5],[256.1,626],[255.8,626.1],[255.7,626.4],[255.4,626.6],[255,627.6],[254.6,627.7],[254.4,628.1],[254.8,628.2],[255.3,628.5],[255.8,629.1],[256.3,629.3],[256.8,629.3],[257.4,629.7],[258,629.5],[258.4,629.8],[258.8,630.2],[258.2,630],[257.1,630],[256.5,629.7],[255.7,629.5],[255.4,629.5],[255,630.1],[254.7,630.3],[254.1,630.2],[253.6,629.6],[253.4,629.2],[253.2,629.1],[252.3,629.7],[250.8,631.1],[250.4,631.3],[250,631.4],[249.8,631.6],[249.3,631.9],[249.6,633],[249.9,633.3],[249.8,634.6],[249.5,634.9],[249.5,635.8],[249.4,636.1],[249,636.7],[248.6,637.1],[248.2,637.8],[248.1,638.6],[247.9,638.9],[247.6,639.8],[247.9,640.3],[248.6,640.8],[249.3,640.9],[249.5,640.6],[249.9,640.5],[250.4,640],[250.9,639.6],[251.2,639.8],[250.8,640.3],[250.8,640.5],[250.5,640.8],[250.5,641.1],[249.5,641.7],[249.3,642.1],[249,642.3],[248.6,642.2],[247.7,642.7],[247.7,643.2],[247.4,643.4],[247.3,643.6],[247.3,644.1],[247.8,644.5],[248.3,644.5],[248.3,644.9],[248.9,644.8],[249,644.5],[249.6,644],[250.2,644.4],[250.3,644.2],[250.8,644.4],[251,644.2],[251.2,643.6],[251.7,644.1],[251.9,643.8],[251.8,643.5],[252.1,643.1],[252.4,642.9],[252.5,642.5],[252.8,642.6],[253.1,642.3],[253.1,641.9],[252.7,641.5],[253,641.4],[253.5,642.2],[253.8,641.3],[254.3,641.1],[254,641.7],[253.8,642.4],[254.3,642.3],[254.2,641.9],[254.5,641.9],[254.7,641.3],[255,641.2],[255.1,640.4],[255.3,640.5],[255.7,640.3],[255.9,639.7],[256.4,640],[256.2,638.7],[256.4,638.6],[256.7,638.1],[256.7,638.7],[257,638.7],[257.1,638.3],[257.4,638],[257.8,637.4],[257.5,637.1],[257.6,636.5],[257.8,636.4],[257.9,636.7],[258.2,638.1],[258.4,638],[258.7,637.1],[259.2,636.9],[258.9,637.6],[259.4,637.7],[259.7,637.5],[260,637.9],[260.5,637.6],[260.8,637.8],[261,637.8],[261.3,637.4],[261.8,637.5],[261.9,637.2],[261.8,636.9],[261.9,636.4],[261.8,636.2],[261.9,635.7],[262.2,635.8],[262.2,636.3],[262.5,636.4],[262.4,636.7],[262.8,636.8],[263.1,636.1],[263.2,635.4],[262.7,635.1],[262.6,635.3],[262.1,634.9],[262.4,634.5],[262.6,634.2],[263.4,633.3],[263.1,633.1],[263.3,632.8],[262.8,632.3],[262.5,632.2],[262.4,632.5],[261.9,633.1],[261.7,632.7],[262.1,632.2],[262.6,631.5],[262.5,630.9],[262.3,630.8],[261.8,630.8],[261.6,631.4],[261.3,630.7],[260.9,630.8],[260.6,631.1],[260.5,631.4],[260.3,631.3],[260.8,630.7],[260.5,630.3],[261.2,630.3],[261.6,629.9],[261.8,629.2],[262,628.9],[262,628.2],[262.5,628.6],[262.7,628.3],[262.7,628],[263.4,626.7],[263.7,626.6],[264,626.8],[263.5,627.2],[263.1,627.8],[262.9,628.6],[262.4,629.5],[262.3,630.4],[262.8,630.5],[263.4,630.1],[263.8,630.2],[263.9,629.9],[263.7,629.7],[263.9,629.5],[264.5,629.8],[264.5,629.5],[264.3,628.9],[264.4,628.4],[264.8,628.9],[265,629],[265,629.4],[265.4,629.4],[265.5,629.1],[266.1,628.6],[266.4,628.2],[266.1,627.2],[266.4,627.4],[266.6,627.7],[266.8,628.4],[266.6,628.8],[266.9,628.9],[267.2,628.6],[267.5,627.9],[267.9,627.7],[268.2,627.2],[269.4,626.9],[269.7,627.3],[268.1,627.5],[267.9,628.5],[267.8,628.8],[268.1,629.3],[268.3,629.2],[268.8,629.7],[269.5,629.5],[269.6,629.8],[268.9,630.1],[268.5,630.1],[268.3,630.5],[268.5,630.8],[269,630.7],[269.4,630.6],[269.6,630.1],[269.8,630.4],[270,630.1],[270.4,630.1],[270.1,630.8],[270.5,631],[271.1,630.4],[271,630.8],[271.7,630.7],[272,630.8],[272.4,630.7],[272.3,631.2],[272,631.7],[271.5,632],[271.4,632.2],[271.7,632.4],[272.5,632.2],[272.9,632.2],[273.3,632.6],[274.5,633.2],[275,633.1],[275,632.5],[275.2,632.2],[275.6,632],[275.7,631.8],[276,631.7],[275.6,633],[275.6,633.2],[276.3,633.1],[275.9,633.7],[276.6,633.7],[277.3,633.9],[278.4,633.8],[279.5,634.4],[279.9,634.9],[280.3,635],[281.3,634.4],[283.3,633.9],[284.2,633.5],[285,633.4],[285.7,633.3],[286.1,633.4],[286.7,633.4],[288.4,633.5],[289.1,633.7],[289.7,633.6],[290.4,633.1],[290.5,632.9],[290.1,632.6],[290.1,632.1],[290.3,631.9],[290.4,632.3],[290.8,632.4],[290.8,632.8],[291,633.1],[290.9,633.6],[290.6,633.7],[290.4,634.1],[292.5,634.7],[292.9,634.9],[293.8,634.9],[295.3,634.8],[295.6,634.6],[295.8,634.3],[297.2,633.2],[297.2,632.9],[297.3,632.4],[297.7,632.1],[297.6,631.7],[297.8,631.4],[298.1,631.6],[298,632.2],[297.7,632.5],[297.8,632.9],[298.3,633.7],[298.6,633.9],[298.4,634.5],[298.3,635],[298,634.9],[297.7,635.5],[297.5,635.7],[298.6,636.2],[300,636.7],[301.2,637],[301.9,637.2],[303.3,637.8],[304.5,638],[305,638.1],[305.8,638.6],[306.5,639.1],[306.8,639.9],[307.4,640.2],[308,640.6],[308.1,640.9],[309.2,641.3],[309.5,641.5],[310.7,642],[311.1,642.2],[311.3,641.9],[311.9,642],[311.9,642.3],[312.5,642.6],[312.8,642.6],[313.1,643.1],[313.5,643],[313.5,642.6],[313.1,642],[313.8,642.2],[314.2,642.1],[314.1,641.6],[314.5,641.4],[314.6,641.9],[315,641.5],[315.3,641.4],[315.4,641],[314.9,640.1],[314.2,639.6],[314.2,639.4],[313.6,639.1],[313.3,638.8],[312.6,638.7],[312.4,638.6],[312.6,638.2],[312.3,638],[311.9,638.1],[311.5,637.9],[310.3,638],[310.6,637.8],[310.4,637.3],[309.9,637],[309.9,636.7],[310.7,637.3],[311.9,637.6],[311.8,637.4],[312.2,637.3],[312.5,637.7],[312.7,638],[313,638],[313.8,638.3],[314.1,638],[314.1,637.3],[314.8,638.4],[315.1,638.4],[315.4,638.9],[315.3,639.5],[315.6,639.8],[315.4,640.2],[316,640.6],[315.9,640.9],[316.9,640.5],[317.1,640.2],[317.7,640.5],[317.8,640.1],[318.3,640.7],[318.8,641.3],[319.2,641.2],[319.5,641.4],[319.9,641.3],[319.6,640.9],[319.8,640.5],[319,639.1],[318.5,638.3],[318.6,638.1],[318.2,637.6],[318,637.4],[317.8,636.9],[317,635.9],[316.8,635.6],[316.6,634.6],[316.3,634.5],[316,634.1],[316,633.7],[316.5,634.2],[316.6,634.1],[316.3,633.7],[316,633.6],[315.9,633.2],[316,633],[315.9,632.7],[315.8,631.8],[316,631.8],[316.2,633.2],[316.7,633.6],[317.3,634.5],[317.6,635.1],[317.8,635.7],[318.2,636.4],[318.6,636.9],[319.1,636.6],[319.2,637.2],[319.1,637.5],[319.4,637.9],[320.3,638.6],[320.9,639.5],[321.3,639.4],[321.4,639.9],[321.2,640.1],[321.8,640.5],[322.3,640.4],[323.2,640.4],[323.7,640.2],[323.8,639.8],[323.5,639.5],[323.8,639],[323.7,638.4],[324.2,639],[323.8,639.5],[324.1,639.9],[324,640.2],[324.4,641.1],[325.2,641.6],[325.6,641.6],[325.6,641.9],[326,642.2],[326.6,642.8],[327.2,642.7],[327.6,642.9],[327.9,643],[328.5,643.3],[328.7,643.3],[329.2,643.5],[329.1,643.7],[328.3,643.5],[327.7,643.4],[327.4,643.3],[327,643.4],[327.2,644.2],[327.5,644.4],[328,644.5],[328.1,645.1],[328.5,645.4],[328.7,645.9],[329.2,646],[329.5,645.9],[329.8,646.1],[328.8,646.6],[328.6,646.8],[328.9,647],[329,647.4],[329.2,647.6],[330,647.7],[330.4,647.5],[330.5,647.7],[331,647.6],[331.3,647.7],[331.7,647.7],[332.2,647.9],[331.8,648.1],[332.3,648.6],[332.6,648.7],[332.9,649],[333.7,649.3],[334.2,649.4],[334.4,650.4],[334.8,650.5],[335.3,650.4],[335.6,650.9],[336.4,651.2],[336.7,651.6],[336.4,651.7],[336.2,651.4],[335.5,651.3],[336,651.9],[336,652.6],[335.7,652.4],[335.3,652.6],[335.2,653],[335.3,653.5],[334.9,653.6],[334.8,653.9],[335,654.2],[335,654.4],[335.6,655.2],[335.8,654.7],[336.2,654.7],[336.5,655],[336.7,655.5],[337.1,655.6],[337.1,656],[337.3,656.2],[337.5,655.5],[338.1,655.2],[337.8,654.7],[337.3,654.2],[337.8,653.8],[337.3,653.5],[337.5,653.4],[337.9,653.7],[338,653.5],[338,653.1],[338.3,652.9],[338.5,652.5],[338.8,652.7],[338.2,653.1],[338.4,654],[338.7,654.4],[338.7,654.7],[338.4,654.9],[338.4,655.2],[338.6,655.5],[338.5,655.8],[338.7,656.1],[338.2,656.3],[338.4,656.8],[338.3,657.2],[338.8,658],[339.2,658.2],[339.6,658.2],[340,658.4],[340,657.9],[339.9,657.6],[340.2,656.8],[340,656.4],[340,655.5],[339.2,655.4],[339.9,655.1],[340.4,654.4],[340.5,654.7],[341,655.1],[340.2,655.3],[340.6,655.8],[340.4,656.2],[340.7,656.5],[340.7,656.9],[341.1,657.2],[341.1,657.8],[340.7,658.5],[340.9,659.6],[341.3,660.2],[341.9,660.9],[342,659.5],[342.2,659.2],[342.9,659.3],[343.4,659.3],[343.6,659],[343.6,658.5],[343.3,658.2],[343.6,658],[343.8,658.2],[343.8,658.9],[343.6,659.4],[344.2,659.6],[344.7,658.8],[344.5,657.9],[344.7,657.6],[344.4,657.1],[344.2,656.3],[344.2,655.8],[343.8,655.2],[343.3,654.8],[343,654.4],[341.8,653.6],[341.9,653.3],[342.2,652.7],[342.3,652.8],[342,653.4],[342.2,653.6],[342.8,653.9],[343.4,654.5],[343.6,654.6],[344.2,655.1],[344.2,655.2],[344.7,656.3],[344.8,656.6],[344.8,657.1],[345.1,657.5],[345.4,658.1],[345.2,658.3],[345,658.8],[344.7,659.4],[345,659.9],[345.5,660],[345.6,660.7],[346.1,661],[346.1,661.4],[346.5,662.2],[347,662.3],[347.3,661.8],[347.7,662.3],[348.2,661.6],[348.8,660.3],[349,659.7],[349.1,658.9],[349.1,658.7],[349.1,657.8],[349.4,656.9],[349,656.5],[348.6,655.7],[348.3,655.4],[347.9,654.8],[347.6,654],[347.4,653.8],[347.2,653.4],[347.4,652.9],[347.4,652.1],[347.2,651.3],[346.4,650.6],[345.9,651],[345,651],[344.5,650.2],[343.7,650.3],[342.8,649.8],[341.4,649.9],[340.9,649.7],[339.3,649.4],[338.7,649.1],[337.6,649.6],[337.2,648.8],[336.9,648.5],[336.9,648],[335.6,647.8],[335.5,646.4],[334,646.5],[334.2,645.4],[333.4,644.5],[332.2,643.6],[331.4,642.8],[330.8,642.2],[330,641.3],[328.7,640.4],[327.9,639.3],[326.9,638.5],[326.1,637.8],[326.3,637.4],[325.4,636.9],[324.5,636.4],[323.7,635.6],[323.1,635.5],[321.7,635.1],[321.2,634.7],[321.2,634.4],[320.8,634.3],[320.7,633.8],[320.1,633.2],[319.8,633.3],[319.2,633],[319,632.6],[317.8,632.6],[317.4,632.2],[317.5,631.8],[316.9,631.6],[317.1,631.2],[316.9,630.5],[316.4,630.1],[316.2,630.1],[315.7,629.6],[315.2,629.5],[314.6,629.1],[313,630.7],[312.1,631.2],[311.5,631.7],[312,631.9],[312.1,632.1],[312,632.7],[311.7,632.9],[311.3,632.9],[311.7,634.3],[311.5,635.4],[310.5,635.7],[310.4,635.9],[309.1,637.4],[308.5,638.4],[308.2,638.5],[308.1,637.8],[307.7,636.9],[307.2,635.9],[304,633.9],[302,632.6],[301.7,632.3],[301.4,631.6],[301,631.5],[299.9,631.2],[299.1,630.6],[299.2,628.6],[299.1,628.3],[296.7,629],[295.8,630.5],[293.7,629.9],[293.6,630.7],[292.5,630.5],[291.5,630.4],[290.7,626.2],[290,622.8],[289.4,619.8],[288.4,614.6],[287.5,610],[287,607.7],[285.5,600.3],[284,592.4],[283.4,589.6],[282.4,584.4],[281.5,580],[279.9,571.7],[279.3,568.6],[278.3,563.7],[277.7,560.9],[277.1,557.7],[276.5,554.8],[275.9,554.7],[275.8,555.1],[275.5,555.2],[275.2,554.6],[274.7,554.3],[274.2,554.1],[273.5,553.9],[272.9,553.7],[272.4,553.4],[271.8,553.2],[271.8,553],[270.9,552.6],[270.2,552.4],[269.3,551.9],[268.9,552.3],[268.6,552.1],[268,552.4],[266.7,553.1],[266.6,553.3],[266.1,553.4],[265.7,554],[265.1,554],[264.9,554.2],[264.1,554.1],[263.3,553.8],[263.2,553.6],[262.8,553.5],[262,552.9],[261.8,553.2],[260.8,552.9],[260.1,553],[259.7,553.1],[259.2,553.1],[258.8,553.4],[258.3,553.4],[257.9,553.1],[257.7,553.2],[257.2,553.1],[256.5,553.1],[256,552.4],[255.5,552.2],[255.3,552.6],[255.1,552.3],[254.8,552.5],[254.5,552.4],[254.5,552.1],[254.1,551.8],[253.5,551.8],[253.1,551.7],[252.7,551.4],[251.6,551],[251.3,551.2],[250.5,551.2],[249.8,551.9],[249.6,551.8],[249.1,552.1],[248.9,551.7],[248.6,551.5],[247.9,551.7],[247.4,551.7],[246.9,552.4],[246.6,552.5],[246.5,552.3],[245.7,552],[244.8,552.1],[244.7,551.7],[244.9,551.6],[245.2,551.2],[244.5,551],[244.3,551.2],[243.8,551.2],[243.2,551.1],[243.3,551],[243.1,550],[243.3,549.8],[243.5,549.3],[243.8,549.1],[243.7,548.9],[242.7,548.5],[242.2,548.5],[242,548.7],[241.8,548.4],[241.5,548.3],[240.9,548.2],[240.5,548.4],[240.1,548.5],[239.5,548.5],[239,548.6],[238.8,549],[238.3,549.4],[238.1,549],[237.9,548.9],[237.2,548.9],[237.1,548],[237.3,547.6],[236.7,547],[235.9,546.3],[235.7,546.7],[235.4,546.9],[235.4,547.4],[235.1,547.6],[234.6,548],[234.7,548.7],[234.4,548.9],[234.1,548.8],[233.6,548.9],[233.3,547.9],[234.1,547.6],[234.1,547.4],[234.6,547],[234.7,546.7],[234.5,546.2],[234.1,545.9],[233.5,546],[233.2,545.5],[231.9,545],[231.9,544.6],[231.2,545.1],[230.7,545.7],[229.8,547.1],[229.2,547.7],[228.4,548.3],[227.6,548.6],[226.8,548.6],[225.9,548.8],[225.1,548.7],[224.9,548.9],[224.4,548.9],[224,548.7],[224,548.5],[224.4,548.5],[224.4,548.2],[224.1,548.2],[223.1,548.6],[222.7,549],[221.8,549.9],[221.4,550.3],[220.4,551.1],[219.7,551.6],[218.8,551.9],[218.2,552.1],[217.7,552.1],[216.5,551.7],[215.1,552.6],[214.6,553.1],[213.9,554.2],[212.9,555.3],[212.7,555.5],[212.2,556.8],[211.9,558.5],[211.6,559.3],[211.1,559.9],[210.7,560.3],[210.4,560.7],[210,561.1],[209.5,561.3],[209.2,561.6],[208.2,562],[204.9,562.1],[204.1,562],[202.2,561.4],[202.1,562.1],[201.7,564],[201.4,564.3],[201.3,564.7],[201.1,565],[199.6,565.3],[200.3,565.6],[200.8,565.9],[201.2,566.3],[201.7,567],[201.8,567.5],[202.1,567.8],[202.7,568.1],[203.6,568.8],[204.8,570.4],[205.7,571.6],[206.7,572.5],[207.1,573.4],[207.4,574.5],[207.6,575.9],[207.4,576.8],[207.7,577.1],[208.3,577.3],[209.8,578],[210.1,577.9],[210.6,577.9],[210.9,578.3],[211.4,578.3],[211.5,578.6],[212.1,578.6],[212.5,578.4],[213.5,578.3],[214.4,578.9],[214.5,579.3],[214.1,579.2],[213.5,579.7],[213.4,580.1],[213.2,580.2],[213.2,580.6],[213,581],[213.6,581.9],[213.9,582.2],[214,582.5],[214.4,582.8],[215,582.7],[215,582.4],[215.4,581.9],[215.9,581.9],[216.4,581.8],[216.7,582],[216.8,582.4],[217.3,582.6],[217.5,582.3],[217.9,582.4],[218.3,583],[218.3,583.3],[218.2,584.3],[217.3,584.3],[217.1,584.4],[216.3,584.3],[216.1,584],[215.7,583.7],[215.4,583.1],[214.9,582.8],[214.6,583.2],[214,583.4],[213.7,583.4],[213.1,582.8],[212.7,582.3],[212.6,582],[212.3,581.5],[212.4,581],[212.6,580.8],[212.6,580.4],[212.4,580.3],[212,579.6],[211.9,579],[211.5,579.1],[210.9,579.2],[210.8,579.6],[211,580.2],[211,580.6],[211.8,580.9],[212.1,581.2],[212.2,581.8],[212.6,582.1],[212.8,582.6],[212.8,583.2],[212.6,584],[213.3,583.7],[213.8,583.7],[214.4,584],[215.1,584.4],[215.5,585.2],[215.4,585.7],[215.1,585.7],[215.2,585.3],[214.8,585.4],[214.4,585.3],[214.3,584.9],[213.9,584.9],[213.7,585],[212.9,586.5],[212.2,587.1],[212.3,586.7],[211.9,586.3],[211.5,586.1],[211.2,586.3],[210.7,586.4],[210.5,586.2],[209.9,586.2],[209.5,585.7],[208.1,585.8],[207.4,585.5],[207,585.5],[206.5,585.6],[206.1,585.4],[205.9,585],[205.8,584.4],[205.5,584.5],[205.3,584.2],[205.8,584.2],[206.2,583.7],[206,583.3],[206.3,582.6],[206.6,582.3],[206.8,581.9],[206.7,581.3],[206.4,581.1],[204.7,581],[203.4,581.2],[202.1,581.5],[200.4,582],[199.3,582.4],[198.1,582.9],[196.8,583.5],[194.9,584.4],[193.8,585],[193.2,585.3],[191.6,585.7],[191.2,585.9],[191,586.2]]],[[[163.7,688.8],[164.1,688.8],[165.6,688.3],[165.7,688.1],[166.4,688],[166.7,687.7],[167.4,687.6],[168,687],[168.2,686.6],[168.6,686.3],[169.4,686.2],[170.9,685.6],[171,685.1],[171.3,684.9],[171.4,684.6],[170.9,684.4],[170.4,684],[170.1,684],[169.3,684.1],[168.7,684.4],[168.3,684.7],[168.3,685.1],[168,685.5],[168.3,685.6],[168.3,686.1],[167.3,686],[167,685.7],[165.9,686.5],[165.8,686.8],[165.9,687],[165.7,687.4],[165.3,687.6],[165.3,688],[164.9,688.1],[164.5,688.5],[163.7,688.8]]],[[[160.9,686.7],[161.2,687],[161.4,686.6],[161.4,686.4],[161,686.4],[160.9,686.7]]],[[[167.8,657.6],[168,657.9],[168.3,658],[168.4,658.4],[168.6,658.5],[169.1,658],[168.7,657.9],[167.8,657.6]]],[[[159.4,687.6],[159.4,687.8],[159.7,688.1],[160.1,687.9],[160.6,688.2],[161,688.1],[161.1,687.7],[160.8,687.5],[160.2,687.5],[160,687.6],[159.6,687.5],[159.4,687.6]]],[[[159,687],[159.3,687.4],[159.5,687.3],[159.5,687],[159.2,686.8],[159,687]]],[[[158.4,688.3],[158.9,688.4],[159.1,688.1],[158.8,687.9],[158.5,687.8],[158.4,688.3]]],[[[166.1,652.5],[166.8,652.9],[167.2,652.8],[167.5,652.3],[167.1,652.3],[166.8,652.2],[166.2,652.3],[166.1,652.5]]],[[[154.8,688.8],[155,689],[155.7,688.6],[156,688.7],[156.3,688.5],[156.4,688.2],[156,687.9],[155.6,688],[155.4,688.2],[155.1,688.2],[154.8,688.8]]],[[[152.3,688.8],[152.6,689.1],[152.9,688.8],[152.8,688.5],[152.3,688.8]]],[[[173.9,600.4],[173.9,600.8],[174.1,601.5],[174.9,602.2],[175.6,602],[175.7,601.8],[176.4,601.6],[177.2,601.9],[178.2,602.6],[178.6,603.1],[178.8,603.5],[178.9,604.2],[179.7,604.7],[180.2,605.3],[180.3,605.6],[180.4,606.4],[180.3,606.5],[180.7,606.9],[180.9,606.6],[181.2,606.6],[181.1,606.2],[181.3,605.8],[182,605.5],[182.1,605.4],[182.7,605.3],[183.1,605.4],[183.6,605.6],[183.9,605.8],[184.3,605.6],[184.6,605.3],[184.8,604.7],[184.4,604.6],[184.2,604.3],[183.6,604.1],[182.8,603.9],[182.1,603.6],[181.6,602.9],[180.9,602.6],[180.3,602],[180.4,601.3],[179.8,600.3],[179.2,600],[178.9,600.2],[178.5,600.1],[177.4,600.6],[176.9,600.4],[175.9,599.7],[175.3,599.3],[175.1,598.8],[175.2,598.4],[174.9,598.1],[174.9,598.6],[174.7,599.1],[174.2,599.7],[173.9,600.4]]],[[[145.4,688.7],[145.5,688.8],[146.2,688.9],[147.1,688.8],[147.2,688.5],[146.9,688.3],[146.8,688],[146.5,688],[145.9,688.1],[145.4,688.7]]],[[[162.6,622.9],[163,623.2],[163.6,624.4],[164,624.9],[164.4,624.9],[165.3,625.2],[165,624.6],[164.4,624.4],[164.1,624.2],[163.6,623.6],[163.3,623.1],[163.1,622.3],[162.8,622.6],[162.6,622.9]]],[[[138.2,687.7],[138.5,688],[138.6,688.5],[139,688.7],[139.9,688.9],[140.3,689.1],[140.4,689.3],[140.8,689.2],[141.3,689.4],[141.5,689.4],[142.4,689.6],[143.1,689.5],[142.4,689.2],[141.5,689],[140.8,688.7],[140.5,688.2],[139.6,688.1],[139.4,688.2],[138.9,688.1],[138.7,687.9],[138.2,687.7]]],[[[131.7,686.5],[132.2,686.9],[133.2,687.2],[133.5,687],[133.9,687.1],[134.4,687.3],[134.6,687.6],[134.9,687.4],[135.3,687.5],[135.9,687.5],[136.1,687.8],[136.4,687.5],[136.8,687.3],[137,687.6],[137.3,687.7],[138,687.6],[137.8,687.2],[137.8,686.7],[138.4,687],[138.9,686.4],[139,686],[138.4,685.3],[137.4,685.4],[137.2,685.8],[136.8,685.6],[136.7,685.8],[137.1,686.1],[137.6,686.3],[137.6,686.5],[137,686.7],[136.7,686.5],[136.4,686.5],[135.5,686.9],[134.7,686.9],[133.9,686.6],[133.5,686.8],[133.3,686.6],[132.9,686.8],[132.8,686.6],[131.7,686.5]]],[[[127.6,686.3],[128.2,686.9],[128.2,686.3],[127.6,686.3]]],[[[127.6,684.8],[127.5,685.3],[128.3,685.7],[128.2,685.4],[128.5,685.2],[128.4,684.7],[128,684.5],[127.6,684.8]]],[[[126.8,686.6],[127.1,686.9],[127.3,687],[127.9,686.8],[127.4,686.5],[127.3,686.3],[126.8,686.6]]],[[[122.6,686.8],[122.7,687.2],[123.1,686.9],[123.5,686.7],[123.5,687],[123.8,687.1],[124,686.9],[124.8,687],[125.4,686.8],[126.2,687.1],[126.5,686.9],[126.7,686.2],[126.1,686],[125.8,686.1],[125.3,686],[125,685.6],[125.2,685.3],[125.5,685.3],[125.7,684.7],[125.6,684.6],[125.1,684.9],[124.6,684.6],[124.3,684.8],[124.4,685.2],[124.1,685.6],[123.8,685.7],[123.5,685.6],[123.6,686],[123.5,686.3],[122.8,686.5],[122.6,686.8]]],[[[119.4,684.9],[119.5,685.1],[119.8,685.1],[120.3,685.4],[120.7,685.3],[121.1,685.3],[121.4,685.9],[121.8,685.9],[122.1,685.9],[122.4,685.4],[122.5,685],[122.9,684.9],[123.1,684.5],[123,684.3],[122.5,684.1],[122.1,685],[121.6,685.1],[120.8,685],[120.3,685.1],[119.8,684.8],[119.4,684.9]]],[[[117.4,682.7],[117.4,682.9],[117.8,683.4],[117.9,683.7],[118.1,683.7],[118.3,684],[118.2,684.4],[117.6,684.3],[117.4,684.6],[117.9,684.9],[118.2,684.8],[118.7,684.8],[118.8,684.5],[119.2,684.1],[119.6,684.1],[119.4,683.7],[119.1,683.8],[118.8,683.4],[118.9,683.3],[118.7,682.8],[118,682.6],[117.6,682.5],[117.4,682.7]]],[[[114,682.2],[114.2,682.6],[114.4,682.7],[114.6,682.5],[114.5,682],[114.2,682],[114,682.2]]],[[[111.1,685.5],[111,685.9],[111.2,686],[111.5,685.6],[111.1,685.5]]],[[[106.8,677.5],[106.6,677.8],[106.7,678.2],[107.1,678.6],[107.7,678.6],[108.1,678.2],[107.8,677.6],[107.4,677.5],[107.1,677.6],[106.8,677.5]]],[[[101.6,678.4],[101.9,678.9],[102.2,679.2],[102.5,679.3],[102.9,679.8],[103.1,680.6],[103.6,681.5],[103.8,681.8],[104.3,681.9],[104.5,681.7],[103.8,681.3],[103.8,680.8],[103.3,680.3],[103.1,679.8],[102.9,679.4],[102.9,679.1],[102.5,678.8],[102.2,678.6],[101.8,678.3],[101.6,678.4]]],[[[101.9,675.4],[101.9,676.2],[102.1,676.2],[102.5,676],[102.4,675.7],[101.9,675.4]]],[[[100.5,674.3],[100.5,674.7],[100.8,674.7],[100.9,674.5],[100.5,674.3]]],[[[95.8,673.4],[96.1,674],[96.5,673.7],[96.9,673.6],[97.6,674.1],[97.7,673.5],[98.1,673.4],[98.4,673.1],[98.7,673],[98.5,672.5],[98.3,672.5],[97.7,673],[97.5,673.3],[96.7,673.2],[96.3,673.5],[95.8,673.4]]],[[[80.2,661],[80.6,661.4],[81.2,661.5],[81.3,662],[81.6,662.2],[82,661.3],[82.4,661.2],[81.8,660.9],[81.1,661.1],[80.8,660.8],[80.2,661]]],[[[78.3,655],[78.4,655.3],[79,655.5],[79.4,656.1],[79.2,656.5],[79.2,656.9],[79.6,657.3],[80.1,657.3],[80.6,657.7],[80.8,657.7],[81.4,657.4],[81.6,657.8],[82.1,658],[82.2,657.9],[81.9,657],[81.6,656.8],[81.4,656.1],[79.8,655.1],[79.3,654.9],[78.3,655]]],[[[343.6,662],[344.5,662.4],[344.9,662.1],[345.1,661.7],[344.8,661.6],[344.6,661.3],[344.2,661.3],[343.9,661.7],[343.7,661.7],[343.6,662]]],[[[342.7,661.4],[343,661.7],[343.3,661.2],[343.4,661.4],[343.9,661.3],[344,661],[343.8,660.6],[343.8,660.4],[343.3,659.7],[343.1,659.7],[342.6,659.5],[342.3,659.8],[342.7,660.3],[342.7,660.7],[342.8,661],[342.7,661.4]]],[[[340.1,655.1],[340.7,655],[340.3,654.6],[340.1,655.1]]],[[[338.1,654.1],[338.4,654.6],[338.5,654.3],[338.3,653.9],[338.1,654.1]]]]}},{"type":"Feature","properties":{"GEOID":"0401","STATEFP":"04","CD":"01","st":"AZ","label_x":291.2,"label_y":405.8},"geometry":{"type":"Polygon","coordinates":[[[287.5,397.5],[287,400.5],[286.4,400.4],[286.1,402.1],[286.5,403.5],[285.7,405.1],[284,404.8],[284.1,405.6],[283.6,408.8],[285.1,409.9],[285.5,411],[287.9,411.8],[288.6,411.2],[290.3,411.1],[291.4,411.3],[293,411.2],[292.9,411.9],[295.3,412.3],[303.6,413.7],[303.7,413.4],[302.4,408.4],[300.5,409.5],[300,409.3],[299.2,407.8],[299,406.8],[298.1,406],[298.7,404.3],[298.2,402.8],[298.4,402],[297.7,401.5],[298.1,400.4],[297.1,399.8],[292.6,399.1],[287.5,397.5]]]}},{"type":"Feature","properties":{"GEOID":"0402","STATEFP":"04","CD":"02","st":"AZ","label_x":306.8,"label_y":375.5},"geometry":{"type":"Polygon","coordinates":[[[284,325.5],[283.4,329.4],[287.5,330.2],[287,331.2],[286.9,332.3],[286.2,333.7],[286.2,335.6],[285.2,337],[285.6,338.4],[285.2,338.8],[285.2,340.3],[284,341.3],[283.2,341.1],[282.4,341.8],[279.5,342.7],[278,342.9],[277.6,342.7],[274.8,343.9],[273.7,344],[272.9,345.4],[271.3,344.9],[270.3,346.1],[270.6,348.1],[270.1,349.1],[270.4,349.7],[269.4,352],[268.5,352.7],[266.2,351.9],[264.7,349.7],[264.2,350.2],[263.4,348.8],[263.1,347.4],[262.1,345.8],[261.8,344.4],[260.7,344],[260.3,343],[259.1,349.3],[258.3,349.6],[256.1,351],[257,351.6],[257.7,353.3],[258.5,353.9],[258.8,354.8],[259.5,354.5],[259.8,353.1],[260.6,353.6],[262.9,357.9],[267.9,358.8],[268.3,358.8],[266.7,367.8],[264.3,380.6],[261.9,393.7],[273.1,395.7],[278.9,398.6],[281.6,400],[282.5,399.4],[282.5,398.8],[284.3,397.3],[284.4,396.5],[287.5,397.5],[292.6,399.1],[297.1,399.8],[298.1,400.4],[297.7,401.5],[298.4,402],[298.2,402.8],[298.7,404.3],[298.1,406],[299,406.8],[299.2,407.8],[300,409.3],[300.5,409.5],[302.4,408.4],[303.7,413.4],[303.6,413.7],[295.3,412.3],[294.9,414.7],[296,416.2],[293.9,416.2],[293.9,417.7],[294.3,419.1],[293.8,420.4],[289.9,419.8],[290.3,417.8],[286.3,417.1],[286.6,415.1],[282,414.3],[281.7,413.9],[280.4,411.7],[279.7,411.7],[279,411.6],[278.5,414.7],[280.5,415.1],[279.4,421],[279.5,421.3],[282.4,421.7],[282,424.1],[285.3,424.9],[286.8,424.3],[288,424.8],[289.7,425.1],[289.7,425.8],[292.2,426.9],[292.6,426.6],[295.2,427.1],[294.9,429.1],[296.9,429.4],[296.9,428.8],[298.7,429.1],[298.8,429.5],[303,430.2],[312.7,431.7],[313.4,426.6],[314.6,426.4],[316.7,427.1],[317.7,427.2],[319.4,428.2],[320,429.8],[320.7,430.4],[322.2,420.4],[322.3,421.1],[323.8,422.4],[324.2,423.9],[325.7,424.3],[327.1,426.7],[328.8,428.3],[330.2,428.4],[330.9,427.7],[331.7,427.8],[332.3,427.3],[334.2,413.8],[334.6,413],[335.4,412.6],[336.9,412.6],[337.5,411.3],[343.3,412.1],[345.3,397.8],[347.1,384.4],[347.8,379.4],[348.9,371.5],[350.9,357.3],[352.2,347.6],[353.7,336.6],[338.4,334.4],[327.4,332.7],[326.9,332.5],[316.5,330.9],[310.1,329.9],[301.7,328.5],[292.7,327],[284,325.5]]]}},{"type":"Feature","properties":{"GEOID":"0403","STATEFP":"04","CD":"03","st":"AZ","label_x":282.6,"label_y":411.4},"geometry":{"type":"Polygon","coordinates":[[[281.6,408.3],[281.5,409],[280.2,408.8],[279.3,409],[280.1,409.1],[280.9,410.6],[279.9,410.4],[279.7,411.7],[280.4,411.7],[281.7,413.9],[283,414.1],[284,413.9],[285.2,413.1],[285.5,411],[285.1,409.9],[283.6,408.8],[281.6,408.3]]]}},{"type":"Feature","properties":{"GEOID":"0404","STATEFP":"04","CD":"04","st":"AZ","label_x":286.4,"label_y":413.4},"geometry":{"type":"Polygon","coordinates":[[[281.7,413.9],[282,414.3],[286.6,415.1],[287.9,415.5],[288.1,414.2],[288,413.2],[290.9,413.7],[292,412.6],[291.4,411.3],[290.3,411.1],[288.6,411.2],[287.9,411.8],[285.5,411],[285.2,413.1],[284,413.9],[283,414.1],[281.7,413.9]]]}},{"type":"Feature","properties":{"GEOID":"0405","STATEFP":"04","CD":"05","st":"AZ","label_x":291.1,"label_y":415.9},"geometry":{"type":"Polygon","coordinates":[[[291.4,411.3],[292,412.6],[290.9,413.7],[288,413.2],[288.1,414.2],[287.9,415.5],[286.6,415.1],[286.3,417.1],[290.3,417.8],[289.9,419.8],[293.8,420.4],[294.3,419.1],[293.9,417.7],[293.9,416.2],[296,416.2],[294.9,414.7],[295.3,412.3],[292.9,411.9],[293,411.2],[291.4,411.3]]]}},{"type":"Feature","properties":{"GEOID":"0406","STATEFP":"04","CD":"06","st":"AZ","label_x":318.7,"label_y":439.9},"geometry":{"type":"Polygon","coordinates":[[[343.3,412.1],[337.5,411.3],[336.9,412.6],[335.4,412.6],[334.6,413],[334.2,413.8],[332.3,427.3],[331.7,427.8],[330.9,427.7],[330.2,428.4],[328.8,428.3],[327.1,426.7],[325.7,424.3],[324.2,423.9],[323.8,422.4],[322.3,421.1],[322.2,420.4],[320.7,430.4],[320,429.8],[319.4,428.2],[317.7,427.2],[316.7,427.1],[314.6,426.4],[313.4,426.6],[312.7,431.7],[303,430.2],[298.8,429.5],[298.7,429.1],[296.9,428.8],[296.9,429.4],[294.9,429.1],[295.2,427.1],[292.6,426.6],[292.2,426.9],[289.7,425.8],[289.7,425.1],[288,424.8],[286.8,424.3],[285.3,424.9],[285.9,425],[286.1,426.1],[287.4,426.3],[287.8,427.9],[287.7,429.6],[288.5,430.1],[288.4,430.8],[291.7,431.3],[292.3,432.2],[291.8,434.8],[294.1,435.2],[294.8,436.5],[294.6,437.9],[295.6,438],[295.9,438.7],[297.8,438.7],[297.6,439.4],[298.2,440.5],[299.4,440.5],[301.5,442],[301.7,443.1],[303.2,443.4],[303.5,444.1],[301.6,443.7],[301.4,445.1],[302.4,445.1],[301.7,449.3],[299.9,449.6],[299.5,450.4],[298.3,450.7],[298.4,451.4],[297.2,453.2],[296.9,454.2],[300.9,454.7],[308.9,455.9],[308.3,458.6],[307.8,462],[308.7,464.4],[310.9,464.9],[311.7,465.5],[312.5,464.9],[311.9,464.1],[314.3,464.4],[314.4,465.1],[315.9,465.4],[316,464.3],[316.7,464.4],[316.8,463.4],[315.9,463.2],[316.1,461.3],[320.1,461.9],[320.6,462.7],[320.4,464.7],[324.1,465.2],[323.9,464.5],[326.8,464.9],[327.3,466.8],[326.6,468],[335.3,469.3],[336.3,462.2],[337.8,451.6],[338.9,443.7],[340,435.5],[341.6,424.5],[343.3,412.1]]]}},{"type":"Feature","properties":{"GEOID":"0407","STATEFP":"04","CD":"07","st":"AZ","label_x":273.9,"label_y":438.4},"geometry":{"type":"Polygon","coordinates":[[[229.5,418.3],[228.3,419.9],[227.3,420.3],[227.4,421.6],[226.7,423.1],[236.8,429.2],[245.9,434.7],[257.3,441.5],[262,444.2],[273.4,450.8],[282.2,455.9],[295.1,463.3],[307.3,465.2],[316.4,466.6],[326.6,468],[327.3,466.8],[326.8,464.9],[323.9,464.5],[324.1,465.2],[320.4,464.7],[320.6,462.7],[320.1,461.9],[316.1,461.3],[315.9,463.2],[316.8,463.4],[316.7,464.4],[316,464.3],[315.9,465.4],[314.4,465.1],[314.3,464.4],[311.9,464.1],[312.5,464.9],[311.7,465.5],[310.9,464.9],[308.7,464.4],[307.8,462],[308.3,458.6],[308.9,455.9],[300.9,454.7],[296.9,454.2],[297.2,453.2],[298.4,451.4],[298.3,450.7],[299.5,450.4],[299.9,449.6],[301.7,449.3],[302.4,445.1],[301.4,445.1],[301.6,443.7],[303.5,444.1],[303.2,443.4],[301.7,443.1],[301.5,442],[299.4,440.5],[298.2,440.5],[297.6,439.4],[297.8,438.7],[295.9,438.7],[295.6,438],[294.6,437.9],[294.8,436.5],[294.1,435.2],[291.8,434.8],[292.3,432.2],[291.7,431.3],[288.4,430.8],[288.5,430.1],[287.7,429.6],[287.8,427.9],[287.4,426.3],[286.1,426.1],[285.9,425],[285.3,424.9],[282,424.1],[282.4,421.7],[279.5,421.3],[279.4,421],[280.5,415.1],[278.5,414.7],[279,411.6],[279.7,411.7],[279.9,410.4],[280.9,410.6],[280.1,409.1],[279.3,409],[278.8,408.9],[278.2,410.4],[277.2,415.9],[275.2,415.6],[274.7,414.8],[274.3,416.8],[271.7,416.3],[271.6,416.7],[267.8,416],[268.2,414],[264.4,413.3],[261.6,415.3],[260.6,415.4],[257.7,416.4],[256.6,422.3],[251.1,421.3],[248.9,421.8],[248.3,422.5],[245.5,422.7],[243.8,422.4],[242.3,422.8],[240.8,422.9],[236.1,422],[232.5,421.1],[231.8,422.7],[230.5,422.5],[230.8,420.8],[229.8,420.6],[230.3,419.6],[231.1,419.5],[232.1,418.7],[232.8,418.9],[233.4,418.1],[231.5,418.5],[230.2,418],[229.5,418.3]]]}},{"type":"Feature","properties":{"GEOID":"0408","STATEFP":"04","CD":"08","st":"AZ","label_x":282.9,"label_y":403.1},"geometry":{"type":"Polygon","coordinates":[[[278.9,398.6],[278.4,400.8],[277.9,401.8],[278.9,402],[278.8,402.6],[280,403.5],[280.1,404.1],[278.2,404.2],[277.1,405.1],[280,405.6],[279.7,407.7],[281.3,407.9],[281.6,408.3],[283.6,408.8],[284.1,405.6],[284,404.8],[285.7,405.1],[286.5,403.5],[286.1,402.1],[286.4,400.4],[287,400.5],[287.5,397.5],[284.4,396.5],[284.3,397.3],[282.5,398.8],[282.5,399.4],[281.6,400],[278.9,398.6]]]}},{"type":"Feature","properties":{"GEOID":"0409","STATEFP":"04","CD":"09","st":"AZ","label_x":254.3,"label_y":372.2},"geometry":{"type":"Polygon","coordinates":[[[261.6,321.3],[260.2,328.6],[259,335.8],[258.1,340.1],[257.6,340.4],[255.4,343.7],[253.8,343.6],[251.9,340.1],[250.4,340.3],[249.3,339.5],[247,339.2],[245.9,339.8],[244.9,339.7],[244.6,340.6],[244.2,342.7],[244.6,344.5],[245.2,345.3],[244.3,345.7],[244.1,347.1],[243.7,348.9],[244,349.5],[243.7,350.4],[244.2,351.5],[244,352],[243.7,353.3],[243.2,354],[243.3,355.6],[243.7,356.2],[243.9,358.3],[243.7,362.2],[243.3,362.9],[241.9,363.3],[242.6,364.1],[241.8,365.1],[241.7,365.7],[241.2,368.8],[241.8,369.7],[242.2,371.4],[243.4,373],[243.6,375.8],[244.3,377.6],[243.9,379.2],[244.7,379.5],[246.5,382],[247.4,382.5],[247.9,383.7],[247.8,384.7],[247.1,384.9],[245.1,386.3],[244.5,386.3],[243.6,386.9],[241.7,387.3],[241.3,387.7],[240.9,389.1],[238.6,391],[239,392.3],[238.4,392.7],[238.3,396.5],[237.8,396.6],[237.1,399.7],[236.4,400.1],[234.8,401.6],[234.5,402.2],[232.6,402.5],[232.8,404],[232,404.7],[232.9,405.7],[232.4,408.2],[231.5,409.6],[232,411.1],[233.2,411.7],[233.9,411.5],[235,412.2],[235.4,414.8],[235,416.3],[233.5,417.3],[233.4,418.1],[232.8,418.9],[232.1,418.7],[231.1,419.5],[230.3,419.6],[229.8,420.6],[230.8,420.8],[230.5,422.5],[231.8,422.7],[232.5,421.1],[236.1,422],[240.8,422.9],[242.3,422.8],[243.8,422.4],[245.5,422.7],[248.3,422.5],[248.9,421.8],[251.1,421.3],[256.6,422.3],[257.7,416.4],[260.6,415.4],[261.6,415.3],[264.4,413.3],[268.2,414],[267.8,416],[271.6,416.7],[271.7,416.3],[274.3,416.8],[274.7,414.8],[275.2,415.6],[277.2,415.9],[278.2,410.4],[278.8,408.9],[279.3,409],[280.2,408.8],[281.5,409],[281.6,408.3],[281.3,407.9],[279.7,407.7],[280,405.6],[277.1,405.1],[278.2,404.2],[280.1,404.1],[280,403.5],[278.8,402.6],[278.9,402],[277.9,401.8],[278.4,400.8],[278.9,398.6],[273.1,395.7],[261.9,393.7],[264.3,380.6],[266.7,367.8],[268.3,358.8],[267.9,358.8],[262.9,357.9],[260.6,353.6],[259.8,353.1],[259.5,354.5],[258.8,354.8],[258.5,353.9],[257.7,353.3],[257,351.6],[256.1,351],[258.3,349.6],[259.1,349.3],[260.3,343],[260.7,344],[261.8,344.4],[262.1,345.8],[263.1,347.4],[263.4,348.8],[264.2,350.2],[264.7,349.7],[266.2,351.9],[268.5,352.7],[269.4,352],[270.4,349.7],[270.1,349.1],[270.6,348.1],[270.3,346.1],[271.3,344.9],[272.9,345.4],[273.7,344],[274.8,343.9],[277.6,342.7],[278,342.9],[279.5,342.7],[282.4,341.8],[283.2,341.1],[284,341.3],[285.2,340.3],[285.2,338.8],[285.6,338.4],[285.2,337],[286.2,335.6],[286.2,333.7],[286.9,332.3],[287,331.2],[287.5,330.2],[283.4,329.4],[284,325.5],[275.9,324],[269.4,322.8],[261.6,321.3]]]}},{"type":"Feature","properties":{"GEOID":"0501","STATEFP":"05","CD":"01","st":"AR","label_x":686.5,"label_y":404},"geometry":{"type":"Polygon","coordinates":[[[647.2,364.4],[647.2,364.8],[647.3,373.3],[654,373.3],[654.2,374.3],[654.2,382.5],[656.9,382.5],[660.3,382.5],[660.2,380.7],[664.3,380.6],[664.3,382.4],[670.3,382.3],[675.9,382.2],[676.2,382],[676.4,386.2],[680.4,386.1],[680.4,388.2],[684.9,388],[684.6,388.8],[683.5,389.6],[683.9,392.2],[684.6,393.4],[684,393.8],[683.4,396.4],[680.8,396.5],[680.9,398],[679.8,398],[679.5,397.5],[678.5,397.3],[676.7,398.1],[675.4,398.3],[672.5,397.3],[670.6,397.5],[670.6,398.8],[671.6,398.8],[671.7,402.7],[670.2,403.3],[670.1,404.3],[669,405],[670.2,405.9],[670,407.7],[670.5,408.5],[670.2,409.2],[671.1,410],[670.7,411.1],[679.2,411],[679.3,416.9],[682.6,416.9],[683.2,418.9],[684.4,419],[684.5,420.1],[683.9,420.8],[683,420],[681.4,420],[681.3,419.3],[679.6,418.3],[679.1,418.3],[678.8,420.2],[674.8,420.4],[674.9,423.1],[674.4,423.2],[674.6,427.5],[680.7,427.3],[684.9,427.3],[685.2,439.4],[685.5,445.6],[691.3,445.4],[692.1,444.5],[692.1,443.9],[690.5,442.9],[691.5,442.4],[692.7,442.2],[692.8,441.4],[692.3,440.2],[693.3,439.4],[692.6,439],[691.7,439.1],[691.4,438.4],[691.3,436.5],[690,436],[691.3,435.4],[690.7,434.8],[689.4,435.2],[690.3,433.5],[689.6,433],[689.5,432.1],[690.5,432.1],[691.2,431.5],[691.1,430.7],[689.6,430],[689.6,429],[690.6,428.8],[692,429.9],[693.1,429.3],[692.5,428.5],[691.4,428.8],[690.8,428.2],[691,427],[693.6,427.2],[693.8,426.6],[692.6,426.1],[692.1,424.8],[693.2,423.3],[691.6,422.6],[693,421.7],[693.4,422.5],[694.1,422.2],[693.5,421.3],[695.3,421],[695.7,419.7],[694.2,419.1],[694,418.5],[694.9,417.7],[695.9,418.3],[696.7,417.2],[695.3,417.3],[694.3,416.5],[696.2,416.4],[696.2,415.1],[697.5,415.1],[698,414.1],[697.4,413.3],[700.3,412.1],[700.9,411.1],[700.6,410],[700.8,409.1],[701.5,408],[700.4,406.7],[701.8,406.3],[702.7,405.3],[702.6,404.5],[703,403.7],[702.4,402.4],[702.8,401.7],[702.1,400.8],[703.2,400.6],[703.8,401.5],[704.9,400.7],[705.6,400.6],[706.7,399.4],[706.6,398.5],[705.3,397.4],[705.5,396.4],[707.2,396.6],[707.7,395.9],[707.7,394.5],[708.3,394],[709.5,394.2],[709.7,393.4],[709,393.1],[709.4,391.8],[709,391.2],[707.9,391.1],[707.8,390],[708.7,389.9],[709.1,388],[708.1,386.7],[708.5,385.8],[709.2,386],[709.7,387.3],[710.5,386.8],[709.5,384.8],[709.6,384.1],[710.6,383.7],[711.2,384.5],[712.1,384.2],[711.5,383.7],[711.3,382.8],[713,381.8],[712,381.5],[711,380.5],[710.9,379.8],[711.9,378.9],[713.2,379.2],[713.9,378.8],[713.8,378.1],[715.2,377.7],[715.7,376.8],[714.3,376.4],[714.3,375.6],[715.2,375.2],[716,375.9],[716.6,375.6],[716.4,374.6],[715.2,373.9],[714.8,373],[702.6,373.9],[704,371],[704.8,370.6],[705.3,369.2],[706.7,368.1],[707.7,367],[707.9,364.4],[706.6,363.7],[706.1,361.8],[695.6,362.3],[682.6,363],[680.2,363.1],[671.7,363.5],[664.9,363.8],[657,364.1],[647.2,364.4]]]}},{"type":"Feature","properties":{"GEOID":"0502","STATEFP":"05","CD":"02","st":"AR","label_x":667.4,"label_y":396.9},"geometry":{"type":"Polygon","coordinates":[[[656.9,382.5],[657,386.6],[656.3,386.6],[656.5,395.5],[655.1,395.7],[653.3,397.6],[652.1,398.9],[651.8,398.9],[648.1,402.8],[648.4,403.2],[648.5,405.2],[654.6,405.1],[654.6,407.1],[654.5,408.3],[656.5,408.3],[656.5,409.3],[657.8,409.3],[658.2,409.9],[658.2,411.3],[659.2,411.3],[659.2,412],[660.3,412],[660.3,413.3],[661.5,413.3],[662.1,412.3],[665.7,412.3],[665.7,411.2],[668.7,411.2],[668.7,409.1],[666.7,409.1],[666.3,406.9],[667.1,406.8],[667.7,406.2],[668.7,406.4],[670,407.7],[670.2,405.9],[669,405],[670.1,404.3],[670.2,403.3],[671.7,402.7],[671.6,398.8],[670.6,398.8],[670.6,397.5],[672.5,397.3],[675.4,398.3],[676.7,398.1],[678.5,397.3],[679.5,397.5],[679.8,398],[680.9,398],[680.8,396.5],[683.4,396.4],[684,393.8],[684.6,393.4],[683.9,392.2],[683.5,389.6],[684.6,388.8],[684.9,388],[680.4,388.2],[680.4,386.1],[676.4,386.2],[676.2,382],[675.9,382.2],[670.3,382.3],[664.3,382.4],[664.3,380.6],[660.2,380.7],[660.3,382.5],[656.9,382.5]]]}},{"type":"Feature","properties":{"GEOID":"0503","STATEFP":"05","CD":"03","st":"AR","label_x":634,"label_y":380.5},"geometry":{"type":"Polygon","coordinates":[[[622.3,364.9],[623,369.6],[624.3,378.3],[626.3,391.1],[626.2,394.5],[627.8,395],[627.8,396.5],[630.1,396.5],[631.2,396.9],[634,396.9],[634,395.1],[633,395.1],[633,389.7],[633.9,386.6],[632.9,386.6],[632.9,384.5],[634.6,384.6],[635,382.9],[636,382.9],[636,381.8],[643.4,381.9],[643.2,379.1],[643.9,377.4],[644.6,377],[644.6,374.4],[643.9,374.4],[643.9,373.3],[647.3,373.3],[647.2,364.8],[647.2,364.4],[631.8,364.7],[622.3,364.9]]]}},{"type":"Feature","properties":{"GEOID":"0504","STATEFP":"05","CD":"04","st":"AR","label_x":642.1,"label_y":410.5},"geometry":{"type":"Polygon","coordinates":[[[626.2,394.5],[626,409],[626,421.6],[625.9,432.6],[626.6,432.7],[627,433.7],[627.8,434.7],[630.3,433.8],[631.2,434.3],[631.8,433.5],[632.5,434.2],[633.8,433.9],[634.5,434.5],[634.8,447.1],[645.7,446.8],[653.9,446.6],[659.3,446.5],[673.6,446.1],[685.5,445.6],[685.2,439.4],[684.9,427.3],[680.7,427.3],[674.6,427.5],[674.4,423.2],[674.9,423.1],[674.8,420.4],[678.8,420.2],[679.1,418.3],[679.6,418.3],[681.3,419.3],[681.4,420],[683,420],[683.9,420.8],[684.5,420.1],[684.4,419],[683.2,418.9],[682.6,416.9],[679.3,416.9],[679.2,411],[670.7,411.1],[671.1,410],[670.2,409.2],[670.5,408.5],[670,407.7],[668.7,406.4],[667.7,406.2],[667.1,406.8],[666.3,406.9],[666.7,409.1],[668.7,409.1],[668.7,411.2],[665.7,411.2],[665.7,412.3],[662.1,412.3],[661.5,413.3],[660.3,413.3],[660.3,412],[659.2,412],[659.2,411.3],[658.2,411.3],[658.2,409.9],[657.8,409.3],[656.5,409.3],[656.5,408.3],[654.5,408.3],[654.6,407.1],[654.6,405.1],[648.5,405.2],[648.4,403.2],[648.1,402.8],[651.8,398.9],[652.1,398.9],[653.3,397.6],[655.1,395.7],[656.5,395.5],[656.3,386.6],[657,386.6],[656.9,382.5],[654.2,382.5],[654.2,374.3],[654,373.3],[647.3,373.3],[643.9,373.3],[643.9,374.4],[644.6,374.4],[644.6,377],[643.9,377.4],[643.2,379.1],[643.4,381.9],[636,381.8],[636,382.9],[635,382.9],[634.6,384.6],[632.9,384.5],[632.9,386.6],[633.9,386.6],[633,389.7],[633,395.1],[634,395.1],[634,396.9],[631.2,396.9],[630.1,396.5],[627.8,396.5],[627.8,395],[626.2,394.5]]]}},{"type":"Feature","properties":{"GEOID":"0601","STATEFP":"06","CD":"01","st":"CA","label_x":148.5,"label_y":207.6},"geometry":{"type":"Polygon","coordinates":[[[124,165.8],[122.5,167.8],[119.7,168.7],[119.4,172],[118.8,173.2],[117.9,174],[118,175],[118.6,175.6],[118.5,177],[118.7,177.5],[117.4,179.1],[120,179.9],[120.4,180.4],[120.2,183.2],[119.9,183.4],[120.5,185.7],[121.1,185.6],[122.2,186.9],[122.4,188.2],[124.2,188.6],[125.3,189.7],[125.4,190.8],[126.7,191],[127.4,191.5],[127.9,190.9],[127.7,189.8],[127.1,189.4],[127.2,188.7],[128.2,187.4],[129.1,187],[130.5,187.4],[132.3,186.8],[132.7,186.2],[133.6,186.1],[135.4,184.9],[136.6,185.9],[135.7,188.3],[135.6,189.4],[136.3,190],[135.8,191.5],[134.8,191.5],[134.1,193.1],[132.6,193.6],[132.1,195.3],[130.5,196.7],[130.4,197.6],[129,198.4],[128.1,199.4],[128.5,200.9],[127.9,202.1],[126.6,202.6],[126.1,203.2],[123.5,204],[120.4,205.9],[120.1,207.2],[121.2,208.2],[121.1,209.7],[120.5,210.6],[120.7,211.8],[120.1,214.1],[120.4,214.9],[120.1,216.1],[119.6,216.2],[119,217.6],[119.1,218.7],[118.7,219.9],[119.2,221],[118.5,224],[121.1,224.7],[120.3,227.7],[119.5,229.7],[118.7,230.6],[118.8,231.3],[119.7,232.5],[121.5,234.1],[122.5,234.3],[122.8,235.9],[122.3,236.1],[122.1,237.7],[122.6,238.9],[122.7,240.4],[123.7,241.6],[132.5,244.1],[132.6,245.3],[134,246.1],[133.7,247.4],[134.6,248.9],[135.6,248.5],[135.4,249.6],[137.5,250.2],[137.9,249.8],[139,245.9],[139.9,246.1],[140.4,244.5],[141.3,244],[142.6,243.8],[143.6,241.8],[141,241],[140.4,242],[139.8,241.8],[140.4,239.8],[139.3,240],[138.4,239.9],[139.6,236.6],[142.6,236.7],[143.4,236.3],[144.3,235.1],[144.6,234.2],[145.5,233.1],[148.3,233.6],[148.5,233],[149.9,232.6],[149.8,231.7],[149.1,231.4],[147.9,228],[147.1,226.7],[146.7,225.1],[145.9,224.5],[146.7,221.2],[147.5,220.5],[148,219.3],[147.8,218.1],[148,217.2],[149,216.7],[149.8,214.7],[149.3,213.9],[147.9,213.3],[148.2,211.7],[148,211],[155.5,213],[154.3,217.4],[155.1,218.4],[156.1,218.7],[156.2,219.4],[157.2,219.5],[157.5,218.6],[159,218.1],[159.8,217.4],[161.7,218.1],[162.9,218.9],[164.5,221.3],[164.6,222.2],[165.9,223.9],[167.5,224.5],[168,225.2],[167.7,226.9],[168.9,229],[167.8,233],[166.8,234.1],[169.1,234.7],[169.5,234.4],[170.9,229.1],[174.2,216.6],[176.3,208],[178.1,200.9],[180.7,190.9],[183,182.3],[177.4,180.9],[165.7,177.8],[160.3,176.3],[150.4,173.3],[143.1,171.1],[137.4,169.6],[131.9,168.1],[130.2,167.4],[126.8,166.7],[124,165.8]]]}},{"type":"Feature","properties":{"GEOID":"0602","STATEFP":"06","CD":"02","st":"CA","label_x":111.8,"label_y":214.5},"geometry":{"type":"Polygon","coordinates":[[[112.4,162.3],[112.1,163.7],[111.2,165.7],[110.1,167.1],[111.4,168.4],[111.3,170.4],[111.4,173.2],[111,175.8],[108.8,180.3],[107.6,182],[106.9,183.6],[107.3,184.9],[105.5,188],[100.8,193],[99.1,195.3],[98.3,196.5],[98.5,197.9],[98.4,199.8],[97.8,200.9],[98.6,202.6],[99.6,204],[99.8,204.8],[101,205.8],[101.2,206.8],[101,207.6],[101.6,208.2],[102.7,211.1],[102.8,212.3],[103.5,213.2],[103.2,216],[103.6,216.8],[103.1,218.9],[103.1,220.1],[101.5,222.3],[100.7,224.4],[100.9,225],[100.6,228.2],[100.9,229.1],[101,231.7],[100.8,232.6],[99.7,233.8],[99.7,234.9],[100.4,236.8],[101.7,238.9],[102,239.8],[103,241.2],[103.9,244.6],[106.8,248.4],[107.2,250.8],[106.9,251.6],[107.9,252.6],[108.3,253.9],[108,255.9],[107.5,257],[105.8,259.2],[107.3,259],[108.3,259.4],[109.2,260.4],[109.5,261.7],[110.6,263.3],[111.7,263.5],[112.9,265.4],[114.1,266],[114.9,264.5],[114.6,263.8],[114.8,262.8],[115.6,262],[115,261.5],[115.6,260.4],[115.6,259.4],[115.1,258.1],[115.1,255.8],[114.1,254.4],[112.4,253.3],[112.9,250.4],[113.9,250.4],[114.7,250],[115.7,250.1],[115.7,251],[116.6,251.9],[117.4,250.8],[117.5,249.8],[116.4,248.5],[116.2,247.5],[117.1,245.9],[116.9,245.1],[116.2,244.7],[115.6,242.2],[114.6,240.5],[113.6,239.3],[112.9,239.1],[112.7,237.9],[112.9,236.7],[111.8,235.8],[111.5,234.5],[112.5,232.2],[113,232.4],[114,231.2],[114.5,229.2],[114.1,226.9],[114.9,224.8],[115.7,224.7],[117.2,225.2],[118.1,225.1],[118.5,224],[119.2,221],[118.7,219.9],[119.1,218.7],[119,217.6],[119.6,216.2],[120.1,216.1],[120.4,214.9],[120.1,214.1],[120.7,211.8],[120.5,210.6],[121.1,209.7],[121.2,208.2],[120.1,207.2],[120.4,205.9],[123.5,204],[126.1,203.2],[126.6,202.6],[127.9,202.1],[128.5,200.9],[128.1,199.4],[129,198.4],[130.4,197.6],[130.5,196.7],[132.1,195.3],[132.6,193.6],[134.1,193.1],[134.8,191.5],[135.8,191.5],[136.3,190],[135.6,189.4],[135.7,188.3],[136.6,185.9],[135.4,184.9],[133.6,186.1],[132.7,186.2],[132.3,186.8],[130.5,187.4],[129.1,187],[128.2,187.4],[127.2,188.7],[127.1,189.4],[127.7,189.8],[127.9,190.9],[127.4,191.5],[126.7,191],[125.4,190.8],[125.3,189.7],[124.2,188.6],[122.4,188.2],[122.2,186.9],[121.1,185.6],[120.5,185.7],[119.9,183.4],[120.2,183.2],[120.4,180.4],[120,179.9],[117.4,179.1],[118.7,177.5],[118.5,177],[118.6,175.6],[118,175],[117.9,174],[118.8,173.2],[119.4,172],[119.7,168.7],[122.5,167.8],[124,165.8],[121.6,165.2],[118.9,164.4],[112.4,162.3]]]}},{"type":"Feature","properties":{"GEOID":"0603","STATEFP":"06","CD":"03","st":"CA","label_x":177.1,"label_y":277.2},"geometry":{"type":"Polygon","coordinates":[[[169.5,234.4],[169.1,234.7],[166.8,234.1],[167.8,233],[168.9,229],[167.7,226.9],[168,225.2],[167.5,224.5],[165.9,223.9],[164.6,222.2],[164.5,221.3],[162.9,218.9],[161.7,218.1],[159.8,217.4],[159,218.1],[157.5,218.6],[157.2,219.5],[156.2,219.4],[156.1,218.7],[155.1,218.4],[154.3,217.4],[155.5,213],[148,211],[148.2,211.7],[147.9,213.3],[149.3,213.9],[149.8,214.7],[149,216.7],[148,217.2],[147.8,218.1],[148,219.3],[147.5,220.5],[146.7,221.2],[145.9,224.5],[146.7,225.1],[147.1,226.7],[147.9,228],[149.1,231.4],[149.8,231.7],[149.9,232.6],[148.5,233],[148.3,233.6],[145.5,233.1],[144.6,234.2],[144.3,235.1],[143.4,236.3],[142.6,236.7],[139.6,236.6],[138.4,239.9],[139.3,240],[140.4,239.8],[139.8,241.8],[140.4,242],[141,241],[143.6,241.8],[142.6,243.8],[141.3,244],[140.4,244.5],[139.9,246.1],[139,245.9],[137.9,249.8],[137.5,250.2],[141.6,251.7],[141.4,252.6],[141.7,255.4],[142.9,256.9],[144.1,256.7],[143.8,252.3],[143.6,251.9],[145.1,249.8],[145.6,249.7],[147.5,250.7],[149.3,252.6],[150.9,253],[150.3,254.6],[151.5,255],[151.2,256],[151.9,256.5],[151.8,258.8],[152.2,259.7],[155.1,259.9],[157.7,259.9],[158.6,259.4],[159.2,258.6],[160.6,258.7],[161.5,257.3],[162.1,257.6],[160.6,263.4],[161,263.3],[163.4,266.4],[166.1,265.6],[167,266],[166.8,267],[167.6,268.1],[167.2,269],[167.7,269.8],[167.1,271],[167.7,272.3],[169.5,273.5],[169.6,274.3],[170.6,274.3],[171.4,275],[171.8,276.6],[171.2,277.8],[171.3,278.4],[172.5,279.7],[172.4,282.1],[171.5,282.7],[170.9,283.6],[173.4,284.1],[174.2,285.5],[174.6,288.4],[176.1,289.2],[176.8,291.2],[177.9,291.2],[178.2,292.6],[177.5,293.4],[177.2,294.6],[177.9,295.4],[178.4,295.2],[179,297],[178.5,297.3],[178.3,299.1],[178.5,299.8],[179.6,300.2],[179.9,300.8],[181,301.5],[182,303.5],[182.4,306.9],[182.2,307.9],[181.6,308],[181.6,310.2],[181.4,311.4],[181.7,313.1],[182.3,313.8],[181.9,314.8],[182.6,315.9],[182.2,316.7],[184.1,321],[183.3,322],[183.4,323.7],[184,324.8],[183.5,325.5],[183.6,328.6],[184,329.3],[183.9,331.5],[183.3,332.1],[182.8,333.8],[184.4,334],[189.8,335.2],[194.7,336.4],[202.9,338.3],[214.8,340.9],[224.9,343.1],[226.6,343.1],[223.7,338.7],[216,327.1],[211.1,319.9],[206.9,313.6],[201.6,305.6],[196.8,298.5],[194.5,295],[189.2,287.1],[184.8,280.4],[179.5,272.5],[174.3,264.7],[165.2,251],[167.1,243.2],[169.5,234.4]]]}},{"type":"Feature","properties":{"GEOID":"0604","STATEFP":"06","CD":"04","st":"CA","label_x":122.4,"label_y":243.2},"geometry":{"type":"Polygon","coordinates":[[[118.5,224],[118.1,225.1],[117.2,225.2],[115.7,224.7],[114.9,224.8],[114.1,226.9],[114.5,229.2],[114,231.2],[113,232.4],[112.5,232.2],[111.5,234.5],[111.8,235.8],[112.9,236.7],[112.7,237.9],[112.9,239.1],[113.6,239.3],[114.6,240.5],[115.6,242.2],[116.2,244.7],[116.9,245.1],[117.1,245.9],[116.2,247.5],[116.4,248.5],[117.5,249.8],[117.4,250.8],[116.6,251.9],[115.7,251],[115.7,250.1],[114.7,250],[113.9,250.4],[112.9,250.4],[112.4,253.3],[114.1,254.4],[115.1,255.8],[115.1,258.1],[115.6,259.4],[116.8,259],[117.6,259.2],[117.5,258.8],[121.3,259.9],[121.1,259],[122.3,256.3],[126.8,257.5],[127.2,256.6],[128.4,256.9],[128.2,259.3],[127.1,260],[126.3,263.2],[126.6,263.5],[127.7,264.1],[129.3,263.9],[130.3,262.3],[131,261.7],[132.2,259.6],[134.5,258.5],[134.8,257.5],[134.1,256.3],[134.5,254.1],[134.9,252.7],[135.4,252.8],[134.6,250.5],[135.4,249.6],[135.6,248.5],[134.6,248.9],[133.7,247.4],[134,246.1],[132.6,245.3],[132.5,244.1],[123.7,241.6],[122.7,240.4],[122.6,238.9],[122.1,237.7],[122.3,236.1],[122.8,235.9],[122.5,234.3],[121.5,234.1],[119.7,232.5],[118.8,231.3],[118.7,230.6],[119.5,229.7],[120.3,227.7],[121.1,224.7],[118.5,224]]]}},{"type":"Feature","properties":{"GEOID":"0605","STATEFP":"06","CD":"05","st":"CA","label_x":156.6,"label_y":280},"geometry":{"type":"Polygon","coordinates":[[[181.6,310.2],[181.6,308],[182.2,307.9],[182.4,306.9],[182,303.5],[181,301.5],[179.9,300.8],[179.6,300.2],[178.5,299.8],[178.3,299.1],[178.5,297.3],[179,297],[178.4,295.2],[177.9,295.4],[177.2,294.6],[177.5,293.4],[178.2,292.6],[177.9,291.2],[176.8,291.2],[176.1,289.2],[174.6,288.4],[174.2,285.5],[173.4,284.1],[170.9,283.6],[171.5,282.7],[172.4,282.1],[172.5,279.7],[171.3,278.4],[171.2,277.8],[171.8,276.6],[171.4,275],[170.6,274.3],[169.6,274.3],[169.5,273.5],[167.7,272.3],[167.1,271],[167.7,269.8],[167.2,269],[167.6,268.1],[166.8,267],[167,266],[166.1,265.6],[163.4,266.4],[161,263.3],[160.6,263.4],[162.1,257.6],[161.5,257.3],[160.6,258.7],[159.2,258.6],[158.6,259.4],[157.7,259.9],[155.1,259.9],[152.2,259.7],[151.8,258.8],[151.9,256.5],[151.2,256],[151.5,255],[150.3,254.6],[150.9,253],[149.3,252.6],[147.5,250.7],[145.6,249.7],[145.1,249.8],[143.6,251.9],[143.8,252.3],[144.1,256.7],[144.1,257.5],[142.8,262.3],[143.1,267.6],[146.6,274.8],[144.2,274.5],[143.1,274.2],[141.6,274.4],[141.2,275.7],[140.3,275],[137.8,275],[137.8,276.1],[138.6,276.3],[138.4,277.2],[139.5,277.9],[140.4,277.5],[141.1,277.8],[140.5,280.4],[141.5,282.4],[150.2,280.6],[151,285.5],[150.9,286.5],[152.2,290.8],[153,291.4],[153.5,292.5],[152.5,292.6],[150.2,292.2],[150.4,293.1],[151.7,292.9],[153.3,295.1],[154.7,295.6],[155.3,296.1],[155,297.1],[156.1,297.9],[155,298.4],[154.6,300.2],[154.2,300.8],[154.9,301.3],[155.2,302.2],[156.4,302.1],[157.3,302],[157.9,299.4],[157.9,298.9],[159,298.1],[160.4,298.1],[160.9,297.2],[161.5,297.5],[163,297.1],[162.8,300.2],[164,299.9],[164.3,300.4],[165.3,300.6],[165.7,301.2],[166.4,300.6],[167.4,302.3],[168.6,303.2],[168.3,303.9],[169.4,305.1],[169.8,306.9],[169,307.6],[169.2,309.4],[169.8,309.5],[170.3,307.6],[178,309.5],[181.6,310.2]]]}},{"type":"Feature","properties":{"GEOID":"0606","STATEFP":"06","CD":"06","st":"CA","label_x":139.7,"label_y":254.3},"geometry":{"type":"Polygon","coordinates":[[[135.4,249.6],[134.6,250.5],[135.4,252.8],[136.7,253.3],[138.9,255.3],[140.4,256.1],[140.3,256.6],[141.4,257.2],[142.9,256.9],[141.7,255.4],[141.4,252.6],[141.6,251.7],[137.5,250.2],[135.4,249.6]]]}},{"type":"Feature","properties":{"GEOID":"0607","STATEFP":"06","CD":"07","st":"CA","label_x":138.5,"label_y":259.1},"geometry":{"type":"Polygon","coordinates":[[[126.6,263.5],[126.9,264.6],[128.3,265.1],[129.3,264.9],[130.3,263.9],[131.8,264.3],[131.9,263.7],[132.9,263.3],[133.3,262.3],[134.7,261.1],[135.6,262],[136.8,262.4],[138.3,262.2],[140,262.6],[142.2,262.1],[142.8,262.3],[144.1,257.5],[144.1,256.7],[142.9,256.9],[141.4,257.2],[140.3,256.6],[140.4,256.1],[138.9,255.3],[136.7,253.3],[135.4,252.8],[134.9,252.7],[134.5,254.1],[134.1,256.3],[134.8,257.5],[134.5,258.5],[132.2,259.6],[131,261.7],[130.3,262.3],[129.3,263.9],[127.7,264.1],[126.6,263.5]]]}},{"type":"Feature","properties":{"GEOID":"0608","STATEFP":"06","CD":"08","st":"CA","label_x":123,"label_y":261.3},"geometry":{"type":"Polygon","coordinates":[[[117.6,259.2],[119,260.6],[119.4,261.9],[118.9,262.5],[116.2,263.2],[116,263.9],[116.6,264.8],[117.5,265.2],[118.3,265.2],[118.9,266.1],[119.9,264.3],[121.2,264],[121.6,263.5],[122.9,264.1],[123.4,263.7],[125.4,264.8],[126.3,265.7],[127.9,265.8],[128.3,265.1],[126.9,264.6],[126.6,263.5],[126.3,263.2],[127.1,260],[128.2,259.3],[128.4,256.9],[127.2,256.6],[126.8,257.5],[122.3,256.3],[121.1,259],[121.3,259.9],[117.5,258.8],[117.6,259.2]]]}},{"type":"Feature","properties":{"GEOID":"0609","STATEFP":"06","CD":"09","st":"CA","label_x":136.1,"label_y":268.2},"geometry":{"type":"Polygon","coordinates":[[[131.8,264.3],[131,267.1],[130.2,267.7],[129,267.6],[128.7,268.7],[129.4,269.6],[131,270.2],[130.4,270.8],[129.7,273.4],[130.8,274],[131.1,274.8],[132.3,273.9],[132.9,274],[134.4,273.2],[133.5,271.8],[134.9,271.8],[135.6,272.5],[134.9,273.2],[136.9,275],[137.8,275],[140.3,275],[141.2,275.7],[141.6,274.4],[143.1,274.2],[144.2,274.5],[146.6,274.8],[143.1,267.6],[142.8,262.3],[142.2,262.1],[140,262.6],[138.3,262.2],[136.8,262.4],[135.6,262],[134.7,261.1],[133.3,262.3],[132.9,263.3],[131.9,263.7],[131.8,264.3]]]}},{"type":"Feature","properties":{"GEOID":"0610","STATEFP":"06","CD":"10","st":"CA","label_x":124.6,"label_y":268.2},"geometry":{"type":"Polygon","coordinates":[[[128.3,265.1],[127.9,265.8],[126.3,265.7],[125.4,264.8],[123.4,263.7],[122.9,264.1],[121.6,263.5],[121.2,264],[119.9,264.3],[118.9,266.1],[119.4,267.7],[121.6,268.8],[121.9,270.1],[123.5,271.7],[124.8,272.1],[124.7,271],[130.4,270.8],[131,270.2],[129.4,269.6],[128.7,268.7],[129,267.6],[130.2,267.7],[131,267.1],[131.8,264.3],[130.3,263.9],[129.3,264.9],[128.3,265.1]]]}},{"type":"Feature","properties":{"GEOID":"0611","STATEFP":"06","CD":"11","st":"CA","label_x":114.2,"label_y":267.6},"geometry":{"type":"Polygon","coordinates":[[[114.9,269.1],[115.6,268.8],[115.2,266.7],[114.2,266.6],[113.2,266.8],[112.9,268.6],[114.3,268.4],[114.9,269.1]]]}},{"type":"Feature","properties":{"GEOID":"0612","STATEFP":"06","CD":"12","st":"CA","label_x":118.5,"label_y":268.4},"geometry":{"type":"Polygon","coordinates":[[[117.5,265.2],[117.4,266.9],[116.7,267.9],[117.8,268.9],[117.5,269.4],[118.7,271.2],[120,269.9],[119.9,268.9],[119.4,267.7],[118.9,266.1],[118.3,265.2],[117.5,265.2]]]}},{"type":"Feature","properties":{"GEOID":"0613","STATEFP":"06","CD":"13","st":"CA","label_x":144.2,"label_y":296.6},"geometry":{"type":"Polygon","coordinates":[[[129.7,273.4],[128.7,277.1],[129.6,277.8],[129.8,278.9],[129.5,280.2],[130.3,281.3],[129.9,281.9],[129.9,283.1],[128.9,283.5],[128.7,284.3],[129.1,285.1],[129,286.7],[130.1,286.3],[130.4,286.8],[132,287.5],[132.2,288.3],[131.5,288.9],[132,289.6],[131,290.4],[130.8,291.4],[131.2,292.2],[131.7,295.3],[135,298.2],[139.3,305.9],[138.5,309.5],[137.2,309.5],[136.5,310.9],[137.2,312.3],[136.2,313],[136.2,314.3],[138.7,317.4],[139.3,318.6],[140.6,319],[141.1,320.6],[149.2,316],[149.7,314.3],[150.5,310.9],[154.3,311.8],[155.8,311.6],[156,311.9],[158.1,310.7],[156.1,310.2],[156.3,308.8],[154.8,308.4],[155.2,306.8],[153.3,306.3],[152.7,304.4],[153.1,303.4],[152.3,303.2],[152.9,301],[154.2,300.8],[154.6,300.2],[155,298.4],[156.1,297.9],[155,297.1],[155.3,296.1],[154.7,295.6],[153.3,295.1],[151.7,292.9],[150.4,293.1],[150.2,292.2],[152.5,292.6],[153.5,292.5],[153,291.4],[152.2,290.8],[150.9,286.5],[151,285.5],[150.2,280.6],[141.5,282.4],[140.5,280.4],[141.1,277.8],[140.4,277.5],[139.5,277.9],[138.4,277.2],[138.6,276.3],[137.8,276.1],[137.8,275],[136.9,275],[134.9,273.2],[135.6,272.5],[134.9,271.8],[133.5,271.8],[134.4,273.2],[132.9,274],[132.3,273.9],[131.1,274.8],[130.8,274],[129.7,273.4]]]}},{"type":"Feature","properties":{"GEOID":"0614","STATEFP":"06","CD":"14","st":"CA","label_x":124.1,"label_y":273.2},"geometry":{"type":"Polygon","coordinates":[[[119.4,267.7],[119.9,268.9],[120,269.9],[118.7,271.2],[118.5,273.1],[118.6,275],[120.2,274.2],[120.5,274.9],[122.2,275.5],[122.8,276],[123,276.9],[129.8,278.9],[129.6,277.8],[128.7,277.1],[129.7,273.4],[130.4,270.8],[124.7,271],[124.8,272.1],[123.5,271.7],[121.9,270.1],[121.6,268.8],[119.4,267.7]]]}},{"type":"Feature","properties":{"GEOID":"0615","STATEFP":"06","CD":"15","st":"CA","label_x":114.7,"label_y":272.4},"geometry":{"type":"Polygon","coordinates":[[[112.9,268.6],[112.8,269.6],[114.3,273],[114.4,273.8],[115.2,274.5],[115.3,275.5],[116.1,275.9],[117,275.4],[118.3,276],[117.1,273.9],[116.3,272.8],[114.7,271.9],[114.9,269.1],[114.3,268.4],[112.9,268.6]]]}},{"type":"Feature","properties":{"GEOID":"0616","STATEFP":"06","CD":"16","st":"CA","label_x":115.8,"label_y":276.9},"geometry":{"type":"Polygon","coordinates":[[[112.8,269.6],[111.9,271.2],[111.4,272.8],[112.3,273.7],[112.2,275.1],[112.5,277],[111.4,279.5],[111.3,280.7],[111.9,281.5],[112,282.8],[112.8,283.3],[112.8,281.4],[114.2,281.7],[114.4,281.1],[116,281.6],[117,281.4],[117.8,282.3],[117.9,283.3],[118.8,284],[120.6,282.5],[121.2,281.7],[122.2,281.8],[122.8,280.6],[121.3,280.8],[120.4,280.3],[120,280.7],[118.4,280.3],[118.2,279.4],[119.4,277.4],[119.1,276.8],[118.3,276],[117,275.4],[116.1,275.9],[115.3,275.5],[115.2,274.5],[114.4,273.8],[114.3,273],[112.8,269.6]]]}},{"type":"Feature","properties":{"GEOID":"0617","STATEFP":"06","CD":"17","st":"CA","label_x":121.1,"label_y":277.7},"geometry":{"type":"Polygon","coordinates":[[[118.6,275],[119.5,275.7],[119.1,276.8],[119.4,277.4],[118.2,279.4],[118.4,280.3],[120,280.7],[120.4,280.3],[121.4,279.5],[122,279.8],[123.8,279.1],[123.1,278.1],[123,276.9],[122.8,276],[122.2,275.5],[120.5,274.9],[120.2,274.2],[118.6,275]]]}},{"type":"Feature","properties":{"GEOID":"0618","STATEFP":"06","CD":"18","st":"CA","label_x":129.4,"label_y":300.1},"geometry":{"type":"Polygon","coordinates":[[[123,276.9],[123.1,278.1],[123.8,279.1],[122,279.8],[121.4,279.5],[120.4,280.3],[121.3,280.8],[122.8,280.6],[123.7,280.9],[123.8,281.9],[123.3,283.3],[124.4,284.3],[124.9,284],[125.9,285],[124.2,285.6],[124.6,287.2],[124.4,288.5],[123.9,288.9],[120.8,288.9],[120.4,290],[121.2,290.9],[121.1,292.3],[122.6,292.8],[123,294.4],[120.4,294.7],[120.2,296.5],[121.2,296.8],[122.5,298],[121.5,298.3],[122.6,299.5],[122.9,300.6],[122.3,301],[122.5,302],[120.9,302.7],[120.7,304.4],[119.8,307.6],[120.3,308.3],[119.7,309.4],[120.8,311.5],[120.8,312.6],[121.8,312.8],[122.6,313.6],[123.5,315.2],[123.8,316.4],[124.6,317],[125.1,318.5],[125.8,319.3],[133.5,321.4],[142.2,323.7],[141.8,322.2],[142.2,321.6],[141.8,320.8],[141.1,320.6],[140.6,319],[139.3,318.6],[138.7,317.4],[136.2,314.3],[136.2,313],[137.2,312.3],[136.5,310.9],[137.2,309.5],[138.5,309.5],[139.3,305.9],[135,298.2],[131.7,295.3],[131.2,292.2],[130.8,291.4],[131,290.4],[132,289.6],[131.5,288.9],[132.2,288.3],[132,287.5],[130.4,286.8],[130.1,286.3],[129,286.7],[129.1,285.1],[128.7,284.3],[128.9,283.5],[129.9,283.1],[129.9,281.9],[130.3,281.3],[129.5,280.2],[129.8,278.9],[123,276.9]]]}},{"type":"Feature","properties":{"GEOID":"0619","STATEFP":"06","CD":"19","st":"CA","label_x":118.3,"label_y":306.1},"geometry":{"type":"Polygon","coordinates":[[[122.8,280.6],[122.2,281.8],[121.2,281.7],[120.6,282.5],[118.8,284],[117.9,283.3],[117.8,282.3],[117,281.4],[116,281.6],[114.4,281.1],[114.2,281.7],[112.8,281.4],[112.8,283.3],[113.5,285.5],[115.1,287.7],[115.8,288.1],[116.7,288],[117.5,288.5],[118.4,288.1],[119.4,289.5],[119.9,292.8],[118.8,295.1],[117.9,296.4],[116.9,297],[116.3,296],[115.1,297.2],[115.7,297.7],[115.6,298.5],[115,299.2],[115.2,300.8],[115,302.8],[114.7,303.6],[115.5,305.2],[117.3,307.1],[118.4,309.2],[118.8,311.7],[119.9,312.4],[120.1,313.4],[120,315.3],[121.7,318.4],[121.6,320.1],[122.3,321.5],[123.9,322.6],[124.5,324.9],[125.8,327.4],[126.1,327.5],[127.1,328.1],[128.2,326.6],[129.5,327.2],[130.7,328.4],[130.9,329.1],[132.1,329.3],[133.8,329.9],[135.5,330.2],[136.5,329.7],[137.3,330.2],[138,330.1],[139.3,330.9],[140.4,330.7],[141.3,332.1],[143.3,331.5],[143.3,330.8],[143,330.4],[143.6,328.4],[141.6,327.8],[142.6,323.8],[142.2,323.7],[133.5,321.4],[125.8,319.3],[125.1,318.5],[124.6,317],[123.8,316.4],[123.5,315.2],[122.6,313.6],[121.8,312.8],[120.8,312.6],[120.8,311.5],[119.7,309.4],[120.3,308.3],[119.8,307.6],[120.7,304.4],[120.9,302.7],[122.5,302],[122.3,301],[122.9,300.6],[122.6,299.5],[121.5,298.3],[122.5,298],[121.2,296.8],[120.2,296.5],[120.4,294.7],[123,294.4],[122.6,292.8],[121.1,292.3],[121.2,290.9],[120.4,290],[120.8,288.9],[123.9,288.9],[124.4,288.5],[124.6,287.2],[124.2,285.6],[125.9,285],[124.9,284],[124.4,284.3],[123.3,283.3],[123.8,281.9],[123.7,280.9],[122.8,280.6]]]}},{"type":"Feature","properties":{"GEOID":"0620","STATEFP":"06","CD":"20","st":"CA","label_x":175.1,"label_y":327},"geometry":{"type":"Polygon","coordinates":[[[158.1,310.7],[156,311.9],[155.8,311.6],[154.3,311.8],[150.5,310.9],[149.7,314.3],[152,314.8],[151.9,315.2],[153.8,315.7],[154.4,313.6],[154.9,313.5],[156.7,313.8],[156.6,314.2],[158.9,314.8],[159,316],[160.4,315.9],[160.7,317.4],[160.5,318.2],[162.7,318.6],[162.4,319.6],[164.6,320.2],[164.9,318.9],[165.9,319.1],[166.2,320.6],[166.7,320.7],[166.4,322],[167,323.6],[167.8,323.8],[167.2,325.3],[165.1,333.7],[165.6,334],[165.1,336.3],[165.2,337.3],[164.1,337.8],[164,339.7],[165.6,341],[166.3,342],[165.9,343.9],[164.9,343.6],[163.7,344.8],[163.2,347.2],[161.9,346.9],[161,347.3],[161,343.6],[161.1,342],[160.4,340.4],[160.6,339.5],[161.8,339],[162.3,337],[161.1,337],[157.9,336.2],[157.4,338.4],[154.8,337.6],[154.1,337.8],[152.8,337.1],[151.5,336.8],[150.8,336.9],[148.6,336.5],[147.1,335.8],[146.6,337.7],[149.2,338.4],[148.7,340.4],[150.8,340.8],[150.1,342.9],[151.5,343.2],[151.7,343.6],[150.7,347.6],[151.3,347.8],[152.4,348.1],[152.3,348.7],[154.2,349.2],[154.8,349.7],[154.5,350.7],[159.4,352],[159.3,352.5],[161.1,353],[161.8,352.4],[167.5,353.8],[179.3,356.5],[184.6,357.7],[185.5,353.9],[179.7,351.9],[178,351.5],[177.9,350.1],[176.2,349.6],[174.5,350.1],[174.2,349.7],[174.5,348.5],[176.9,347.6],[178.5,346.7],[180,345.2],[183.1,344],[184.6,343.9],[186.2,343.4],[187.5,343.7],[188.1,342.9],[189,338.6],[189.5,338],[189.3,337.3],[189.8,335.2],[184.4,334],[182.8,333.8],[183.3,332.1],[183.9,331.5],[184,329.3],[183.6,328.6],[183.5,325.5],[184,324.8],[183.4,323.7],[183.3,322],[184.1,321],[182.2,316.7],[182.6,315.9],[181.9,314.8],[182.3,313.8],[181.7,313.1],[181.4,311.4],[181.6,310.2],[178,309.5],[170.3,307.6],[169.8,309.5],[169.2,309.4],[169,307.6],[169.8,306.9],[169.4,305.1],[168.3,303.9],[168.6,303.2],[167.4,302.3],[166.4,300.6],[165.7,301.2],[165.3,300.6],[164.3,300.4],[164,299.9],[162.8,300.2],[163,297.1],[161.5,297.5],[160.9,297.2],[160.4,298.1],[159,298.1],[157.9,298.9],[157.9,299.4],[157.3,302],[156.4,302.1],[157.5,303.3],[158,304.3],[157.5,305.9],[158.8,306.3],[159.3,305],[160.3,305.2],[160.4,306.1],[161.7,306],[162.7,306.5],[163.5,307.8],[166.3,308.6],[165.7,309.1],[164.3,311.6],[165.2,312.1],[165.4,313.9],[166,313.6],[167.2,313.8],[167.6,314.6],[167.6,315.8],[168,316.2],[167.7,317.3],[166.2,317],[164.6,317.7],[163,317.3],[162.6,315.8],[161.3,315.1],[159.4,315],[159.4,313.2],[158.4,312.9],[158.9,310.9],[158.1,310.7]]]}},{"type":"Feature","properties":{"GEOID":"0621","STATEFP":"06","CD":"21","st":"CA","label_x":160.8,"label_y":309.6},"geometry":{"type":"Polygon","coordinates":[[[154.2,300.8],[152.9,301],[152.3,303.2],[153.1,303.4],[152.7,304.4],[153.3,306.3],[155.2,306.8],[154.8,308.4],[156.3,308.8],[156.1,310.2],[158.1,310.7],[158.9,310.9],[158.4,312.9],[159.4,313.2],[159.4,315],[161.3,315.1],[162.6,315.8],[163,317.3],[164.6,317.7],[166.2,317],[167.7,317.3],[168,316.2],[167.6,315.8],[167.6,314.6],[167.2,313.8],[166,313.6],[165.4,313.9],[165.2,312.1],[164.3,311.6],[165.7,309.1],[166.3,308.6],[163.5,307.8],[162.7,306.5],[161.7,306],[160.4,306.1],[160.3,305.2],[159.3,305],[158.8,306.3],[157.5,305.9],[158,304.3],[157.5,303.3],[156.4,302.1],[155.2,302.2],[154.9,301.3],[154.2,300.8]]]}},{"type":"Feature","properties":{"GEOID":"0622","STATEFP":"06","CD":"22","st":"CA","label_x":154.5,"label_y":330.6},"geometry":{"type":"Polygon","coordinates":[[[141.1,320.6],[141.8,320.8],[142.2,321.6],[141.8,322.2],[142.2,323.7],[142.6,323.8],[141.6,327.8],[143.6,328.4],[143,330.4],[143.3,330.8],[144.3,332.1],[144.2,332.8],[146.3,333.4],[145.8,335.4],[147.1,335.8],[148.6,336.5],[150.8,336.9],[151.5,336.8],[152.8,337.1],[154.1,337.8],[154.8,337.6],[157.4,338.4],[157.9,336.2],[161.1,337],[162.3,337],[161.8,339],[160.6,339.5],[160.4,340.4],[161.1,342],[161,343.6],[161,347.3],[161.9,346.9],[163.2,347.2],[163.7,344.8],[164.9,343.6],[165.9,343.9],[166.3,342],[165.6,341],[164,339.7],[164.1,337.8],[165.2,337.3],[165.1,336.3],[165.6,334],[165.1,333.7],[167.2,325.3],[167.8,323.8],[167,323.6],[166.4,322],[166.7,320.7],[166.2,320.6],[165.9,319.1],[164.9,318.9],[164.6,320.2],[162.4,319.6],[162.7,318.6],[160.5,318.2],[160.7,317.4],[160.4,315.9],[159,316],[158.9,314.8],[156.6,314.2],[156.7,313.8],[154.9,313.5],[154.4,313.6],[153.8,315.7],[151.9,315.2],[152,314.8],[149.7,314.3],[149.2,316],[141.1,320.6]]]}},{"type":"Feature","properties":{"GEOID":"0623","STATEFP":"06","CD":"23","st":"CA","label_x":207.7,"label_y":360.9},"geometry":{"type":"Polygon","coordinates":[[[189.8,335.2],[189.3,337.3],[189.5,338],[189,338.6],[188.1,342.9],[187.5,343.7],[186.2,343.4],[184.6,343.9],[183.1,344],[180,345.2],[178.5,346.7],[176.9,347.6],[174.5,348.5],[174.2,349.7],[174.5,350.1],[176.2,349.6],[177.9,350.1],[178,351.5],[179.7,351.9],[185.5,353.9],[184.6,357.7],[179.3,356.5],[178.7,358.9],[179.4,359],[178.5,362.8],[178.1,363.9],[177.6,363.9],[176.8,365.4],[178,365.9],[181.7,366.7],[182.4,367.9],[185,368.5],[185.6,369],[184.8,370],[185.2,370.7],[184.8,371.5],[185.4,372.2],[186.8,373.4],[187.2,373.5],[188.4,374.9],[189.2,375.2],[190.3,376.4],[190.7,377.4],[189.9,377.6],[187.8,376.8],[186.7,377.1],[186.7,377.7],[187.9,378.3],[193.5,379.6],[193.7,378.9],[205.6,381.6],[211.6,382.8],[224.3,385.5],[224.5,384.5],[227.9,385.2],[227.9,384.2],[228.5,383.7],[230.8,377.7],[230.4,377.5],[231.4,375.9],[231,375],[229.8,374.2],[230.7,373.4],[230.1,372.4],[229.9,371.3],[231.2,371.3],[233.3,371.5],[233.4,370.4],[234.3,368.2],[233.1,368.1],[233.2,366.2],[234.7,366.4],[235.4,363.4],[235.9,363.3],[237,358.6],[232.2,351.4],[226.6,343.1],[224.9,343.1],[214.8,340.9],[202.9,338.3],[194.7,336.4],[189.8,335.2]]]}},{"type":"Feature","properties":{"GEOID":"0624","STATEFP":"06","CD":"24","st":"CA","label_x":139.8,"label_y":345.9},"geometry":{"type":"MultiPolygon","coordinates":[[[[139.4,384.3],[139.7,385.5],[141,386.3],[141.4,385.4],[140.3,384.4],[139.4,384.3]]],[[[137.3,364.7],[138.1,365.6],[137.9,366.8],[138.8,367.6],[140.7,368],[141.8,367.7],[143.2,368],[144.1,367.8],[144.7,367.1],[143.5,366.6],[142.8,367.2],[141.6,366.8],[140.5,365.6],[139.3,365.4],[138.7,364.8],[137.3,364.7]]],[[[130.9,364.5],[131.3,365],[131.8,366.6],[132.7,367.6],[134.2,367.5],[135.2,367.1],[135.4,366.2],[134.4,364.9],[133.2,364.5],[132.5,364.8],[130.9,364.5]]],[[[127.3,362.8],[129,363.7],[129.8,363.8],[129.2,362.3],[127.3,362.8]]],[[[143.3,330.8],[143.3,331.5],[141.3,332.1],[140.4,330.7],[139.3,330.9],[138,330.1],[137.3,330.2],[136.5,329.7],[135.5,330.2],[133.8,329.9],[132.1,329.3],[130.9,329.1],[130.7,328.4],[129.5,327.2],[128.2,326.6],[127.1,328.1],[126.1,327.5],[126.6,328],[127.4,328.2],[127.9,329.4],[127.7,330.7],[126.4,332.8],[126.9,334],[128,335],[129.6,335.6],[130.4,336.4],[130.5,337.4],[129.7,339.7],[128.5,341.9],[129.3,342.9],[129.2,343.5],[128.3,345.1],[128.6,346.7],[127,349.4],[129.1,351.3],[129.4,353.2],[133.1,353.7],[136.2,354.4],[138.2,355.2],[139.5,356.1],[140.3,357],[141.9,357.2],[143,358],[144.2,357.8],[146.2,358.3],[147.9,359.8],[148.9,361.4],[150.7,363.1],[150.7,363.9],[151.8,364.1],[153.2,363.5],[153.4,362.6],[153.2,361.3],[151.4,361.9],[150.7,361.9],[151.1,360.6],[152.1,360.3],[152.7,358.7],[152.1,358.4],[150.4,358.8],[149.6,359.8],[148.2,359.3],[148.7,358],[151.3,347.8],[150.7,347.6],[151.7,343.6],[151.5,343.2],[150.1,342.9],[150.8,340.8],[148.7,340.4],[149.2,338.4],[146.6,337.7],[147.1,335.8],[145.8,335.4],[146.3,333.4],[144.2,332.8],[144.3,332.1],[143.3,330.8]]]]}},{"type":"Feature","properties":{"GEOID":"0625","STATEFP":"06","CD":"25","st":"CA","label_x":222.7,"label_y":388.2},"geometry":{"type":"Polygon","coordinates":[[[193.5,379.6],[193.2,380.6],[192,380.3],[191.8,381.1],[192.5,381.8],[191.5,382.4],[191.1,383.1],[190.1,383.4],[190.4,384.5],[189.6,384.7],[188.8,386],[190.6,386.2],[192.2,386],[194.4,386.5],[195.3,385.4],[196.2,384.9],[195.2,384.3],[195.5,383.1],[196.9,383.2],[196.9,382.5],[198.7,382.8],[198.6,383.6],[200.4,383.2],[201.1,384.5],[200.9,385.7],[201.2,386.9],[202.2,385.9],[203.9,387.7],[204.6,388.7],[204.5,389.8],[205.1,390.2],[204.7,391.9],[203.1,391.2],[203.2,390.5],[201.8,390.2],[201.4,391.2],[199.4,391.5],[199.3,390.7],[198.3,390.5],[197.1,391.6],[193.8,390.9],[193.4,392.6],[194.6,392.3],[196.6,392.6],[196.4,394.2],[204.5,396],[206.7,396.5],[205,404.6],[204.6,404.5],[202.3,415.1],[214.9,416.6],[229.5,418.3],[230.2,418],[231.5,418.5],[233.4,418.1],[233.5,417.3],[235,416.3],[235.4,414.8],[235,412.2],[233.9,411.5],[233.2,411.7],[232,411.1],[231.5,409.6],[232.4,408.2],[232.9,405.7],[232,404.7],[232.8,404],[232.6,402.5],[234.5,402.2],[234.8,401.6],[236.4,400.1],[237.1,399.7],[237.8,396.6],[238.3,396.5],[238.4,392.7],[239,392.3],[238.6,391],[240.9,389.1],[241.3,387.7],[241.7,387.3],[243.6,386.9],[244.5,386.3],[245.1,386.3],[247.1,384.9],[247.8,384.7],[247.9,383.7],[247.4,382.5],[246.5,382],[244.7,379.5],[243.9,379.2],[244.3,377.6],[243.6,375.8],[243.4,373],[242.2,371.4],[241.8,369.7],[241.2,368.8],[241.7,365.7],[237,358.6],[235.9,363.3],[235.4,363.4],[234.7,366.4],[233.2,366.2],[233.1,368.1],[234.3,368.2],[233.4,370.4],[233.3,371.5],[231.2,371.3],[229.9,371.3],[230.1,372.4],[230.7,373.4],[229.8,374.2],[231,375],[231.4,375.9],[230.4,377.5],[230.8,377.7],[228.5,383.7],[227.9,384.2],[227.9,385.2],[224.5,384.5],[224.3,385.5],[211.6,382.8],[205.6,381.6],[193.7,378.9],[193.5,379.6]]]}},{"type":"Feature","properties":{"GEOID":"0626","STATEFP":"06","CD":"26","st":"CA","label_x":157.3,"label_y":358.8},"geometry":{"type":"Polygon","coordinates":[[[151.3,347.8],[148.7,358],[148.2,359.3],[149.6,359.8],[150.4,358.8],[152.1,358.4],[152.7,358.7],[152.1,360.3],[151.1,360.6],[150.7,361.9],[151.4,361.9],[153.2,361.3],[153.4,362.6],[153.2,363.5],[151.8,364.1],[150.7,363.9],[151.2,366.2],[152.5,367.6],[153.4,367.8],[155.7,369.7],[155.9,369.1],[157.8,368.3],[159.8,368.4],[160.3,368.9],[161.7,369.4],[161.6,368.6],[161.9,366.9],[162.8,366],[162.9,365.5],[161.1,353],[159.3,352.5],[159.4,352],[154.5,350.7],[154.8,349.7],[154.2,349.2],[152.3,348.7],[152.4,348.1],[151.3,347.8]]]}},{"type":"Feature","properties":{"GEOID":"0627","STATEFP":"06","CD":"27","st":"CA","label_x":170.6,"label_y":360.9},"geometry":{"type":"Polygon","coordinates":[[[179.3,356.5],[167.5,353.8],[161.8,352.4],[161.1,353],[162.9,365.5],[162.8,366],[163.4,366],[165.8,367],[166.1,366.3],[165.8,365.3],[167.6,365.5],[168.1,363.5],[169.2,363.7],[170,364.7],[170.8,364.2],[171.9,364.5],[171.8,365.5],[172.6,365.8],[173.5,365.4],[173.9,364.6],[175.1,363.4],[176.1,363.6],[176.1,365.1],[176.8,365.4],[177.6,363.9],[178.1,363.9],[178.5,362.8],[179.4,359],[178.7,358.9],[179.3,356.5]]]}},{"type":"Feature","properties":{"GEOID":"0628","STATEFP":"06","CD":"28","st":"CA","label_x":173.9,"label_y":368.9},"geometry":{"type":"Polygon","coordinates":[[[171.8,365.5],[171.3,367.5],[170.2,367.9],[169.8,368.8],[170.5,370.1],[170.6,371],[170.7,372.2],[170.3,373.3],[170.7,373.7],[172.3,373.4],[173.5,372.5],[173.7,371.4],[174.6,371.4],[175,369.7],[177,370.1],[177.6,369.7],[178.3,368],[179.3,368.3],[179.5,369.7],[179.2,371],[178,370.8],[176.2,372.2],[177,372.4],[178.3,372.2],[178.8,373],[178.6,373.7],[179.2,374.5],[179.7,373.6],[181.2,374.3],[181.2,373.7],[182.7,373.9],[182.8,373.3],[184.8,373.4],[185.4,372.2],[184.8,371.5],[185.2,370.7],[184.8,370],[185.6,369],[185,368.5],[182.4,367.9],[181.7,366.7],[178,365.9],[176.8,365.4],[176.1,365.1],[176.1,363.6],[175.1,363.4],[173.9,364.6],[173.5,365.4],[172.6,365.8],[171.8,365.5]]]}},{"type":"Feature","properties":{"GEOID":"0629","STATEFP":"06","CD":"29","st":"CA","label_x":167.6,"label_y":366.6},"geometry":{"type":"Polygon","coordinates":[[[165.8,367],[165.6,367.9],[164.4,367.6],[164.2,368.4],[165.4,368.7],[166.4,369.3],[167.2,370.2],[167.6,368.7],[167.1,367.2],[167.8,366.9],[169.2,367.2],[169.2,366.1],[170,364.7],[169.2,363.7],[168.1,363.5],[167.6,365.5],[165.8,365.3],[166.1,366.3],[165.8,367]]]}},{"type":"Feature","properties":{"GEOID":"0630","STATEFP":"06","CD":"30","st":"CA","label_x":168.7,"label_y":368.3},"geometry":{"type":"Polygon","coordinates":[[[170,364.7],[169.2,366.1],[169.2,367.2],[167.8,366.9],[167.1,367.2],[167.6,368.7],[167.2,370.2],[166.3,371.2],[166.5,372],[167.5,372.4],[167.9,371.8],[168.8,372.4],[169.8,370.7],[170.6,371],[170.5,370.1],[169.8,368.8],[170.2,367.9],[171.3,367.5],[171.8,365.5],[171.9,364.5],[170.8,364.2],[170,364.7]]]}},{"type":"Feature","properties":{"GEOID":"0631","STATEFP":"06","CD":"31","st":"CA","label_x":175.1,"label_y":371.8},"geometry":{"type":"Polygon","coordinates":[[[178.6,373.7],[178.8,373],[178.3,372.2],[177,372.4],[176.2,372.2],[178,370.8],[179.2,371],[179.5,369.7],[179.3,368.3],[178.3,368],[177.6,369.7],[177,370.1],[175,369.7],[174.6,371.4],[173.7,371.4],[173.5,372.5],[172.3,373.4],[174.9,375.7],[175.5,375.7],[175.6,374.6],[176.9,374.4],[177.6,374.3],[178.6,373.7]]]}},{"type":"Feature","properties":{"GEOID":"0632","STATEFP":"06","CD":"32","st":"CA","label_x":158.3,"label_y":369},"geometry":{"type":"Polygon","coordinates":[[[162.8,366],[161.9,366.9],[161.6,368.6],[161.7,369.4],[160.3,368.9],[159.8,368.4],[157.8,368.3],[155.9,369.1],[155.7,369.7],[157.3,370.4],[158.1,371.4],[158.6,371],[161,371.2],[163.2,371.7],[163.7,372.2],[164.7,372.1],[165.8,371],[166.3,371.2],[167.2,370.2],[166.4,369.3],[165.4,368.7],[164.2,368.4],[164.4,367.6],[165.6,367.9],[165.8,367],[163.4,366],[162.8,366]]]}},{"type":"Feature","properties":{"GEOID":"0633","STATEFP":"06","CD":"33","st":"CA","label_x":186.6,"label_y":375.1},"geometry":{"type":"Polygon","coordinates":[[[185.4,372.2],[184.8,373.4],[182.8,373.3],[182.7,373.9],[181.2,373.7],[181.2,374.3],[185.1,375.2],[184.4,376.5],[184.8,376.9],[185.2,377.4],[186.7,377.7],[186.7,377.1],[187.8,376.8],[189.9,377.6],[190.7,377.4],[190.3,376.4],[189.2,375.2],[188.4,374.9],[187.2,373.5],[186.8,373.4],[185.4,372.2]]]}},{"type":"Feature","properties":{"GEOID":"0634","STATEFP":"06","CD":"34","st":"CA","label_x":169.4,"label_y":372.8},"geometry":{"type":"Polygon","coordinates":[[[167.5,372.4],[169,373.2],[168.8,373.7],[170.9,374.3],[170.7,373.7],[170.3,373.3],[170.7,372.2],[170.6,371],[169.8,370.7],[168.8,372.4],[167.9,371.8],[167.5,372.4]]]}},{"type":"Feature","properties":{"GEOID":"0635","STATEFP":"06","CD":"35","st":"CA","label_x":180.2,"label_y":376.4},"geometry":{"type":"Polygon","coordinates":[[[176.9,374.4],[177.8,375.6],[178.5,376.2],[178.7,377.1],[179.8,379],[180.8,377.8],[181.6,378],[181.9,376.3],[184.8,376.9],[184.4,376.5],[185.1,375.2],[181.2,374.3],[179.7,373.6],[179.2,374.5],[178.6,373.7],[177.6,374.3],[176.9,374.4]]]}},{"type":"Feature","properties":{"GEOID":"0636","STATEFP":"06","CD":"36","st":"CA","label_x":164.9,"label_y":372.5},"geometry":{"type":"MultiPolygon","coordinates":[[[[166.4,377.9],[165.7,377.5],[165.9,376.4],[165.7,375],[164.7,374.7],[165,377.1],[164.1,378.2],[164.1,379.2],[165.5,380],[166,379.5],[166.4,377.9]]],[[[166.3,371.2],[165.8,371],[164.7,372.1],[163.7,372.2],[164.6,374.2],[165.8,373.9],[165.4,372.9],[166.5,372],[166.3,371.2]]]]}},{"type":"Feature","properties":{"GEOID":"0637","STATEFP":"06","CD":"37","st":"CA","label_x":167.3,"label_y":373.4},"geometry":{"type":"Polygon","coordinates":[[[166.5,372],[165.4,372.9],[165.8,373.9],[166.8,374],[168.2,375],[168.8,373.7],[169,373.2],[167.5,372.4],[166.5,372]]]}},{"type":"Feature","properties":{"GEOID":"0638","STATEFP":"06","CD":"38","st":"CA","label_x":172.6,"label_y":375.4},"geometry":{"type":"Polygon","coordinates":[[[170.7,373.7],[170.9,374.3],[170.6,375.2],[171.1,375.9],[170.6,377.2],[171.9,377.5],[175.5,376.9],[176.9,377.2],[176.9,376.5],[177.8,375.6],[176.9,374.4],[175.6,374.6],[175.5,375.7],[174.9,375.7],[172.3,373.4],[170.7,373.7]]]}},{"type":"Feature","properties":{"GEOID":"0639","STATEFP":"06","CD":"39","st":"CA","label_x":187,"label_y":380.8},"geometry":{"type":"Polygon","coordinates":[[[181.6,378],[182.4,378.6],[182.1,379.8],[184.3,380.4],[185.3,382],[185.3,383.4],[184.8,384.7],[186.1,385],[187.2,384.5],[188,383.3],[187.6,381.8],[188.3,381.2],[189.4,381.2],[189.2,379.7],[187.9,379.4],[187.9,378.3],[186.7,377.7],[185.2,377.4],[184.8,376.9],[181.9,376.3],[181.6,378]]]}},{"type":"Feature","properties":{"GEOID":"0640","STATEFP":"06","CD":"40","st":"CA","label_x":178.4,"label_y":381.9},"geometry":{"type":"Polygon","coordinates":[[[175.5,376.9],[175.6,378.8],[174.8,378.9],[175.3,379.3],[174.8,380.9],[175.2,381.1],[174.6,382.5],[175.5,382.5],[176.7,381.5],[177.4,382.3],[176.9,383],[177.7,383.8],[175.8,385.6],[176.1,386.7],[177.3,386.8],[177.9,386.1],[179.3,387.8],[180.5,387.5],[181.4,386.6],[182.6,385.5],[181.6,384.2],[180.5,383.8],[180.7,382.7],[180,382.2],[178.9,379.8],[179.8,379.8],[179.8,379],[178.7,377.1],[178.5,376.2],[177.8,375.6],[176.9,376.5],[176.9,377.2],[175.5,376.9]]]}},{"type":"Feature","properties":{"GEOID":"0641","STATEFP":"06","CD":"41","st":"CA","label_x":198.6,"label_y":384.8},"geometry":{"type":"Polygon","coordinates":[[[179.8,379],[179.8,379.8],[178.9,379.8],[180,382.2],[180.7,382.7],[180.5,383.8],[181.6,384.2],[182.6,385.5],[181.4,386.6],[182.1,386.4],[182.6,387.2],[182.3,388.1],[183.1,388.3],[183.5,387.4],[185.3,388.1],[186.9,387.6],[187.8,388.9],[188.5,388.7],[189.6,389.4],[190.3,388.9],[190.9,389.9],[190.7,390.8],[192.3,391.2],[192.6,390.9],[193.8,390.9],[197.1,391.6],[198.3,390.5],[199.3,390.7],[199.4,391.5],[201.4,391.2],[201.8,390.2],[203.2,390.5],[203.1,391.2],[204.7,391.9],[205.1,390.2],[204.5,389.8],[204.6,388.7],[203.9,387.7],[202.2,385.9],[201.2,386.9],[200.9,385.7],[201.1,384.5],[200.4,383.2],[198.6,383.6],[198.7,382.8],[196.9,382.5],[196.9,383.2],[195.5,383.1],[195.2,384.3],[196.2,384.9],[195.3,385.4],[194.4,386.5],[192.2,386],[190.6,386.2],[188.8,386],[189.6,384.7],[190.4,384.5],[190.1,383.4],[191.1,383.1],[191.5,382.4],[192.5,381.8],[191.8,381.1],[192,380.3],[193.2,380.6],[193.5,379.6],[187.9,378.3],[187.9,379.4],[189.2,379.7],[189.4,381.2],[188.3,381.2],[187.6,381.8],[188,383.3],[187.2,384.5],[186.1,385],[184.8,384.7],[185.3,383.4],[185.3,382],[184.3,380.4],[182.1,379.8],[182.4,378.6],[181.6,378],[180.8,377.8],[179.8,379]]]}},{"type":"Feature","properties":{"GEOID":"0642","STATEFP":"06","CD":"42","st":"CA","label_x":161.8,"label_y":387.4},"geometry":{"type":"MultiPolygon","coordinates":[[[[168.8,373.7],[168.2,375],[168.7,375.2],[170.1,375.5],[170.2,377.5],[170,378.4],[168.8,378.4],[167.3,379.4],[167.3,379.9],[168.1,380.3],[168.6,379.7],[169.7,380.5],[170.3,379.6],[170.9,379],[170.5,377.9],[170.6,377.2],[171.1,375.9],[170.6,375.2],[170.9,374.3],[168.8,373.7]]],[[[159,384.3],[159.5,385.5],[160.8,386.2],[160.5,387.8],[161.2,388.8],[162.4,389],[163.3,389.7],[163.8,389],[162.8,386.9],[161.7,386.2],[160.1,384.7],[159,384.3]]],[[[156.4,394.5],[156.9,397.6],[157.4,399.1],[158.5,400.7],[159.8,400.1],[158.1,397.6],[157,394.6],[156.4,394.5]]]]}},{"type":"Feature","properties":{"GEOID":"0643","STATEFP":"06","CD":"43","st":"CA","label_x":167.2,"label_y":375.8},"geometry":{"type":"Polygon","coordinates":[[[165.8,373.9],[164.6,374.2],[164.7,374.7],[165.7,375],[165.9,376.4],[165.7,377.5],[166.4,377.9],[166.7,376.8],[168.5,377.1],[168.7,375.2],[168.2,375],[166.8,374],[165.8,373.9]]]}},{"type":"Feature","properties":{"GEOID":"0644","STATEFP":"06","CD":"44","st":"CA","label_x":168.3,"label_y":377.7},"geometry":{"type":"Polygon","coordinates":[[[166.4,377.9],[166,379.5],[165.5,380],[166.2,380.5],[167.3,379.9],[167.3,379.4],[168.8,378.4],[170,378.4],[170.2,377.5],[170.1,375.5],[168.7,375.2],[168.5,377.1],[166.7,376.8],[166.4,377.9]]]}},{"type":"Feature","properties":{"GEOID":"0645","STATEFP":"06","CD":"45","st":"CA","label_x":171.8,"label_y":379.8},"geometry":{"type":"Polygon","coordinates":[[[170.6,377.2],[170.5,377.9],[170.9,379],[170.3,379.6],[171.3,379.9],[171.1,380.6],[172.2,381.4],[171.9,382.4],[172.7,382.5],[173.2,382],[172.9,381.5],[174.1,380.4],[173.3,379.9],[172.1,379.7],[172.8,378.9],[172.9,378],[174.9,378.5],[174.8,378.9],[175.6,378.8],[175.5,376.9],[171.9,377.5],[170.6,377.2]]]}},{"type":"Feature","properties":{"GEOID":"0646","STATEFP":"06","CD":"46","st":"CA","label_x":174.4,"label_y":380.1},"geometry":{"type":"Polygon","coordinates":[[[174.8,378.9],[174.9,378.5],[172.9,378],[172.8,378.9],[172.1,379.7],[173.3,379.9],[174.1,380.4],[172.9,381.5],[173.2,382],[174.6,382.5],[175.2,381.1],[174.8,380.9],[175.3,379.3],[174.8,378.9]]]}},{"type":"Feature","properties":{"GEOID":"0647","STATEFP":"06","CD":"47","st":"CA","label_x":174.5,"label_y":383.4},"geometry":{"type":"Polygon","coordinates":[[[170.3,379.6],[169.7,380.5],[170.1,380.9],[171.4,383],[172.5,384.4],[173.5,385],[174.9,386.6],[175.4,387.7],[176.1,386.7],[175.8,385.6],[177.7,383.8],[176.9,383],[177.4,382.3],[176.7,381.5],[175.5,382.5],[174.6,382.5],[173.2,382],[172.7,382.5],[171.9,382.4],[172.2,381.4],[171.1,380.6],[171.3,379.9],[170.3,379.6]]]}},{"type":"Feature","properties":{"GEOID":"0648","STATEFP":"06","CD":"48","st":"CA","label_x":196.9,"label_y":400.1},"geometry":{"type":"Polygon","coordinates":[[[180.5,387.5],[179.9,388.6],[182.7,389.3],[182.5,389.6],[184.7,391.1],[184.2,392.1],[183.6,394.1],[183.7,395.3],[184.4,395.8],[185.3,396],[185.6,397.4],[185.3,397.9],[185.6,399.4],[186.9,399.2],[187.7,399.4],[188,400.8],[186.5,401.2],[185.7,402.5],[185.3,403.9],[186.7,403.8],[186.7,404.7],[185.7,406.1],[187.2,407.2],[187.4,407.9],[185.9,407.6],[185.7,408.2],[186.8,408.9],[186.2,409.5],[185,409.9],[186.5,410.5],[186.3,412.4],[187.5,413.3],[202.3,415.1],[204.6,404.5],[205,404.6],[206.7,396.5],[204.5,396],[196.4,394.2],[196.6,392.6],[194.6,392.3],[193.4,392.6],[193.8,390.9],[192.6,390.9],[192.3,391.2],[190.7,390.8],[190.9,389.9],[190.3,388.9],[189.6,389.4],[188.5,388.7],[187.8,388.9],[186.9,387.6],[185.3,388.1],[183.5,387.4],[183.1,388.3],[182.3,388.1],[182.6,387.2],[182.1,386.4],[181.4,386.6],[180.5,387.5]]]}},{"type":"Feature","properties":{"GEOID":"0649","STATEFP":"06","CD":"49","st":"CA","label_x":181.8,"label_y":394.7},"geometry":{"type":"Polygon","coordinates":[[[176.1,386.7],[175.4,387.7],[175.8,388.8],[176.4,388.9],[177.3,390.1],[177.6,390.9],[179.1,392.6],[181.2,397.7],[181.7,400.9],[181.7,402.8],[182.3,401.1],[183.7,399.7],[183.3,398.5],[184.4,397],[184.4,395.8],[183.7,395.3],[183.6,394.1],[184.2,392.1],[184.7,391.1],[182.5,389.6],[182.7,389.3],[179.9,388.6],[180.5,387.5],[179.3,387.8],[177.9,386.1],[177.3,386.8],[176.1,386.7]]]}},{"type":"Feature","properties":{"GEOID":"0650","STATEFP":"06","CD":"50","st":"CA","label_x":182.7,"label_y":403.2},"geometry":{"type":"Polygon","coordinates":[[[181.7,402.8],[181.5,404.3],[180.7,405.4],[181,405.9],[180.6,407.7],[180.6,409.2],[181.7,408.9],[182.2,409.5],[182.3,411.5],[182.6,411.1],[182.8,409.4],[183.3,408.5],[183.3,407.6],[181.7,407],[181.6,405.5],[182.6,405],[182.4,403.7],[185.7,402.5],[186.5,401.2],[188,400.8],[187.7,399.4],[186.9,399.2],[185.6,399.4],[185.3,397.9],[185.6,397.4],[185.3,396],[184.4,395.8],[184.4,397],[183.3,398.5],[183.7,399.7],[182.3,401.1],[181.7,402.8]]]}},{"type":"Feature","properties":{"GEOID":"0651","STATEFP":"06","CD":"51","st":"CA","label_x":184,"label_y":406.6},"geometry":{"type":"Polygon","coordinates":[[[185.7,402.5],[182.4,403.7],[182.6,405],[181.6,405.5],[181.7,407],[183.3,407.6],[184.3,407.7],[185,409.9],[186.2,409.5],[186.8,408.9],[185.7,408.2],[185.9,407.6],[187.4,407.9],[187.2,407.2],[185.7,406.1],[186.7,404.7],[186.7,403.8],[185.3,403.9],[185.7,402.5]]]}},{"type":"Feature","properties":{"GEOID":"0652","STATEFP":"06","CD":"52","st":"CA","label_x":184.2,"label_y":410.2},"geometry":{"type":"Polygon","coordinates":[[[183.3,407.6],[183.3,408.5],[182.8,409.4],[182.6,411.1],[182.3,411.5],[182.2,412.7],[187.5,413.3],[186.3,412.4],[186.5,410.5],[185,409.9],[184.3,407.7],[183.3,407.6]]]}},{"type":"Feature","properties":{"GEOID":"0801","STATEFP":"08","CD":"01","st":"CO","label_x":435.7,"label_y":280.2},"geometry":{"type":"Polygon","coordinates":[[[434,279.3],[433.5,283.4],[434,282.6],[435.2,282.3],[435.9,282.7],[437.5,280.1],[439.7,280.3],[439.3,279],[441.8,279.2],[442,278.1],[441.6,277.2],[440,277.3],[439.9,278.5],[438.8,278.5],[438.7,279.5],[434,279.3]]]}},{"type":"Feature","properties":{"GEOID":"0802","STATEFP":"08","CD":"02","st":"CO","label_x":416.9,"label_y":267.1},"geometry":{"type":"Polygon","coordinates":[[[397,246.4],[395.9,255.9],[394.9,255.8],[394.7,257.1],[393.7,257],[393.1,261.9],[392.6,264.5],[399.8,265.3],[399,272.5],[397.6,272.3],[396.8,279.3],[397.7,278.7],[400.6,279.7],[401.2,279.1],[402.6,280.1],[403.3,279.3],[404.1,280.1],[404.2,281.1],[402.8,281.5],[402.9,283],[403.8,284.2],[404.7,284],[406.1,285],[406.9,286.7],[408.4,286.9],[408.9,286.5],[409.7,287.2],[411,287.4],[412,286.8],[414.3,287.1],[415,287.7],[417,286.5],[419.7,283.9],[419.6,283.2],[423.9,283.6],[427.3,284],[428,277.5],[430.8,277.1],[431,276],[432.6,276.2],[433.2,275.6],[434.4,275.3],[434.5,274.3],[435.3,274.4],[435.9,273.4],[436,272.6],[434.9,272.3],[435.7,271.3],[435.9,269.8],[435.3,269.4],[435,268.2],[434.2,268.1],[434.1,266.2],[434.5,266],[433.9,265.4],[433.9,263.9],[434.8,263.3],[436.6,263.5],[437.6,262.5],[437.7,260.8],[436.8,260.7],[436.9,259],[435.7,258.7],[435.9,255.5],[436.6,256.2],[437.4,256.1],[438.5,253.2],[438.7,251],[424.9,249.6],[416.3,248.7],[412.1,248.2],[405.1,247.4],[397,246.4]]]}},{"type":"Feature","properties":{"GEOID":"0803","STATEFP":"08","CD":"03","st":"CO","label_x":382.2,"label_y":295.7},"geometry":{"type":"Polygon","coordinates":[[[366.6,242.5],[365.4,251.5],[364.8,255.6],[363,269],[361.7,277.8],[360.5,286.6],[359.7,292.5],[359.1,296.1],[357.6,306.5],[357.6,309.2],[355.5,324.1],[355,327.7],[353.7,336.6],[368.4,338.5],[378.4,339.8],[387.9,340.9],[393.9,341.6],[394,341.8],[406.4,343.1],[417,344.2],[426.5,345.2],[428.7,345.4],[441,346.5],[457.1,347.8],[464.3,348.3],[465,339.3],[465.2,339.3],[465.6,333.1],[459.6,332.6],[460,328.4],[460.8,317.9],[458.8,317.8],[458.6,320],[456.6,319.8],[456.5,321.2],[452.5,320.9],[451.9,320.5],[450.7,320.5],[449.7,319.8],[448.5,319.7],[449.3,310.9],[445.3,310.6],[433.2,309.5],[432.6,315.7],[430.6,315.5],[429.8,323.6],[429.6,322.9],[428.8,322.8],[427.9,320.9],[426.5,322.1],[425.7,323.4],[425,322.5],[423.1,323.5],[422.1,323.3],[421.1,321.8],[420.3,321.4],[419.6,318.9],[419.2,318.3],[418.8,316.5],[417.2,314.6],[417,313.8],[415.8,312.9],[415.4,311.8],[413,308.9],[412.3,309.7],[409.2,309.4],[407.6,307],[407.8,305.7],[407.3,304],[406.5,303.6],[406.4,302.8],[406.9,301.9],[407.2,299.6],[407.5,299.6],[408.9,298.4],[408.1,297.3],[407.3,297.1],[406.5,297.4],[405.5,296.1],[405.1,295.3],[404.4,295.3],[404.8,293],[406.7,290.6],[407.1,288.9],[406.8,288.2],[408.3,287.8],[408.4,286.9],[406.9,286.7],[406.1,285],[404.7,284],[403.8,284.2],[402.9,283],[402.8,281.5],[404.2,281.1],[404.1,280.1],[403.3,279.3],[402.6,280.1],[401.2,279.1],[400.6,279.7],[397.7,278.7],[396.8,279.3],[397.6,272.3],[399,272.5],[399.8,265.3],[392.6,264.5],[393.1,261.9],[393.7,257],[394.7,257.1],[394.9,255.8],[395.9,255.9],[397,246.4],[391.6,245.8],[380.6,244.4],[366.6,242.5]]]}},{"type":"Feature","properties":{"GEOID":"0804","STATEFP":"08","CD":"04","st":"CO","label_x":465.9,"label_y":301.1},"geometry":{"type":"Polygon","coordinates":[[[433.1,285],[432.8,286.2],[431.8,286.7],[431.9,287.6],[431,288.1],[431,289.2],[429.8,291.3],[429,292.2],[427.5,294.4],[432.9,294.9],[441.6,295.7],[441.5,297.8],[444,298.1],[444.6,299.1],[444.5,300.2],[445.2,300.2],[445,301.9],[445.3,302.6],[445.1,304.3],[445.8,304.4],[445.3,310.6],[449.3,310.9],[448.5,319.7],[449.7,319.8],[450.7,320.5],[451.9,320.5],[452.5,320.9],[456.5,321.2],[456.6,319.8],[458.6,320],[458.8,317.8],[460.8,317.9],[460,328.4],[459.6,332.6],[465.6,333.1],[465.2,339.3],[465,339.3],[464.3,348.3],[465.8,348.4],[471.5,348.9],[483.7,349.8],[484.7,333.5],[485.2,324.9],[485.8,315.2],[486.4,306.7],[487.1,295.1],[487.6,287],[488.1,278.5],[488.6,270.6],[489.6,254.9],[475.2,253.9],[464.1,253.1],[454.3,252.3],[443.4,251.3],[438.7,251],[438.5,253.2],[437.4,256.1],[436.6,256.2],[435.9,255.5],[435.7,258.7],[436.9,259],[436.8,260.7],[437.7,260.8],[437.6,262.5],[436.6,263.5],[434.8,263.3],[433.9,263.9],[433.9,265.4],[434.5,266],[436.5,266.2],[436.5,264.9],[438,265],[439.2,264.2],[439.5,262.7],[442.6,263],[442.6,263.3],[445.3,263.6],[445,265.8],[446.1,266.5],[444.5,267.7],[444.4,268.7],[443.1,268.6],[442.8,272.3],[440.9,274.6],[441.8,275],[441.6,277.2],[442,278.1],[441.8,279.2],[444.2,279.4],[444.1,280.8],[444.3,281.5],[442,281.2],[441.5,282.4],[439.6,282.7],[439.7,283.7],[440.8,284.1],[440.2,285.6],[438.5,285.1],[433.6,284.6],[433.1,285]]]}},{"type":"Feature","properties":{"GEOID":"0805","STATEFP":"08","CD":"05","st":"CO","label_x":439,"label_y":302.8},"geometry":{"type":"Polygon","coordinates":[[[432.9,294.9],[432.8,297.3],[432.4,301.1],[431.7,301],[431.4,302.7],[433.8,302.9],[433.2,309.5],[445.3,310.6],[445.8,304.4],[445.1,304.3],[445.3,302.6],[445,301.9],[445.2,300.2],[444.5,300.2],[444.6,299.1],[444,298.1],[441.5,297.8],[441.6,295.7],[432.9,294.9]]]}},{"type":"Feature","properties":{"GEOID":"0806","STATEFP":"08","CD":"06","st":"CO","label_x":439,"label_y":281.9},"geometry":{"type":"Polygon","coordinates":[[[433.5,283.4],[431.7,283.8],[432.4,285.2],[433.1,285],[433.6,284.6],[438.5,285.1],[440.2,285.6],[440.8,284.1],[439.7,283.7],[439.6,282.7],[441.5,282.4],[442,281.2],[444.3,281.5],[444.1,280.8],[444.2,279.4],[441.8,279.2],[439.3,279],[439.7,280.3],[437.5,280.1],[435.9,282.7],[435.2,282.3],[434,282.6],[433.5,283.4]]]}},{"type":"Feature","properties":{"GEOID":"0807","STATEFP":"08","CD":"07","st":"CO","label_x":420.4,"label_y":299},"geometry":{"type":"Polygon","coordinates":[[[408.4,286.9],[408.3,287.8],[406.8,288.2],[407.1,288.9],[406.7,290.6],[404.8,293],[404.4,295.3],[405.1,295.3],[405.5,296.1],[406.5,297.4],[407.3,297.1],[408.1,297.3],[408.9,298.4],[407.5,299.6],[407.2,299.6],[406.9,301.9],[406.4,302.8],[406.5,303.6],[407.3,304],[407.8,305.7],[407.6,307],[409.2,309.4],[412.3,309.7],[413,308.9],[415.4,311.8],[415.8,312.9],[417,313.8],[417.2,314.6],[418.8,316.5],[419.2,318.3],[419.6,318.9],[420.3,321.4],[421.1,321.8],[422.1,323.3],[423.1,323.5],[425,322.5],[425.7,323.4],[426.5,322.1],[427.9,320.9],[428.8,322.8],[429.6,322.9],[429.8,323.6],[430.6,315.5],[432.6,315.7],[433.2,309.5],[433.8,302.9],[431.4,302.7],[431.7,301],[432.4,301.1],[432.8,297.3],[432.9,294.9],[427.5,294.4],[429,292.2],[429.8,291.3],[431,289.2],[431,288.1],[431.9,287.6],[431.8,286.7],[432.8,286.2],[433.1,285],[432.4,285.2],[431.7,283.8],[433.5,283.4],[434,279.3],[434.3,276.4],[435,276.3],[435.1,274.8],[436.1,274.5],[435.9,273.4],[435.3,274.4],[434.5,274.3],[434.4,275.3],[433.2,275.6],[432.6,276.2],[431,276],[430.8,277.1],[428,277.5],[427.3,284],[423.9,283.6],[419.6,283.2],[419.7,283.9],[417,286.5],[415,287.7],[414.3,287.1],[412,286.8],[411,287.4],[409.7,287.2],[408.9,286.5],[408.4,286.9]]]}},{"type":"Feature","properties":{"GEOID":"0808","STATEFP":"08","CD":"08","st":"CO","label_x":439.4,"label_y":270.6},"geometry":{"type":"Polygon","coordinates":[[[434.5,266],[434.1,266.2],[434.2,268.1],[435,268.2],[435.3,269.4],[435.9,269.8],[435.7,271.3],[434.9,272.3],[436,272.6],[435.9,273.4],[436.1,274.5],[435.1,274.8],[435,276.3],[434.3,276.4],[434,279.3],[438.7,279.5],[438.8,278.5],[439.9,278.5],[440,277.3],[441.6,277.2],[441.8,275],[440.9,274.6],[442.8,272.3],[443.1,268.6],[444.4,268.7],[444.5,267.7],[446.1,266.5],[445,265.8],[445.3,263.6],[442.6,263.3],[442.6,263],[439.5,262.7],[439.2,264.2],[438,265],[436.5,264.9],[436.5,266.2],[434.5,266]]]}},{"type":"Feature","properties":{"GEOID":"0901","STATEFP":"09","CD":"01","st":"CT","label_x":1000.1,"label_y":190.4},"geometry":{"type":"Polygon","coordinates":[[[990.5,186],[990.6,192.1],[992.3,191.1],[992.6,191.4],[994.8,190.7],[994.5,188.6],[994.9,187.9],[997.3,187.4],[997.3,189.6],[997.8,191.4],[998.4,191.5],[999.1,193.4],[996.8,194],[996.2,192.4],[994.5,193.1],[995.2,194.7],[995.9,194.4],[996.3,196.4],[999.5,195.1],[999.7,195.9],[1001.2,195.1],[1002.9,194.8],[1002.6,192.7],[1001.2,193.3],[1001.1,192.5],[1002.3,191.9],[1001.3,190.9],[1003.4,190],[1002.8,188.5],[1001.8,187.7],[1001.4,185.7],[998,186.4],[998,185.8],[996.7,185.5],[995.8,184.8],[990.5,186]]]}},{"type":"Feature","properties":{"GEOID":"0902","STATEFP":"09","CD":"02","st":"CT","label_x":1008.9,"label_y":191.4},"geometry":{"type":"Polygon","coordinates":[[[996.7,185.5],[998,185.8],[998,186.4],[1001.4,185.7],[1001.8,187.7],[1002.8,188.5],[1003.4,190],[1001.3,190.9],[1002.3,191.9],[1001.1,192.5],[1001.2,193.3],[1002.6,192.7],[1002.9,194.8],[1003.2,195.8],[1001.9,196.4],[1002.1,197.2],[1001.6,198.1],[1002.1,200],[1003.1,200.8],[1002.9,201.9],[1004.4,201.5],[1004.9,201.8],[1006.3,200.7],[1007.5,200.8],[1009.5,199.8],[1010.7,198.5],[1011.6,198.8],[1014.1,197.5],[1015.8,196.9],[1016.2,197.2],[1016.6,196.5],[1015.9,195.1],[1016.6,194.7],[1015.4,189.1],[1013.1,181.1],[1012.2,181],[1007.3,182.1],[997.8,184.3],[996.9,184.7],[996.7,185.5]]]}},{"type":"Feature","properties":{"GEOID":"0903","STATEFP":"09","CD":"03","st":"CT","label_x":998.6,"label_y":200.5},"geometry":{"type":"Polygon","coordinates":[[[994,198.6],[994.6,199.1],[994.6,200.3],[994,201.6],[994.5,202],[994.1,202.9],[994.8,204.6],[994.5,205.1],[994.8,206.5],[995.5,206.6],[996.5,204.8],[997.1,204.8],[998.2,203.1],[999.2,203.4],[1001.1,202.3],[1001.6,202.4],[1002.9,201.9],[1003.1,200.8],[1002.1,200],[1001.6,198.1],[1002.1,197.2],[1001.9,196.4],[1003.2,195.8],[1002.9,194.8],[1001.2,195.1],[999.7,195.9],[1000.1,196.9],[998.3,197.2],[997.9,198.7],[996.7,198.6],[996.8,197.5],[995,197],[994,198],[994,198.6]]]}},{"type":"Feature","properties":{"GEOID":"0904","STATEFP":"09","CD":"04","st":"CT","label_x":991.5,"label_y":205.8},"geometry":{"type":"Polygon","coordinates":[[[987.1,203],[987.5,204.9],[989.1,206.6],[985.5,210.2],[986,210.7],[987.2,211.9],[987.3,212.5],[990.2,210],[990.8,210],[991.2,209.2],[992.9,207.7],[993.4,207.8],[994.2,206.7],[994.8,206.5],[994.5,205.1],[994.8,204.6],[994.1,202.9],[994.5,202],[994,201.6],[994.6,200.3],[994.6,199.1],[994,198.6],[993.1,198.9],[993.2,199.8],[992.6,200.6],[992.9,201.6],[991.1,203.5],[990.6,202.8],[988.7,203.9],[987.8,202.9],[987.1,203]]]}},{"type":"Feature","properties":{"GEOID":"0905","STATEFP":"09","CD":"05","st":"CT","label_x":990.9,"label_y":194.9},"geometry":{"type":"Polygon","coordinates":[[[986.2,197.4],[987.1,203],[987.8,202.9],[988.7,203.9],[990.6,202.8],[991.1,203.5],[992.9,201.6],[992.6,200.6],[993.2,199.8],[993.1,198.9],[994,198.6],[994,198],[995,197],[996.8,197.5],[996.7,198.6],[997.9,198.7],[998.3,197.2],[1000.1,196.9],[999.7,195.9],[999.5,195.1],[996.3,196.4],[995.9,194.4],[995.2,194.7],[994.5,193.1],[996.2,192.4],[996.8,194],[999.1,193.4],[998.4,191.5],[997.8,191.4],[997.3,189.6],[997.3,187.4],[994.9,187.9],[994.5,188.6],[994.8,190.7],[992.6,191.4],[992.3,191.1],[990.6,192.1],[990.5,186],[984.4,187.3],[986.2,197.4]]]}},{"type":"Feature","properties":{"GEOID":"1000","STATEFP":"10","CD":"00","st":"DE","label_x":963.5,"label_y":262.4},"geometry":{"type":"Polygon","coordinates":[[[957,250.2],[957.3,251.6],[960.5,262.9],[963,272.1],[965,279],[970.6,278],[976.6,276.7],[975.2,271.9],[974.3,269.4],[972.2,269],[969.6,267],[969.2,265.8],[968.4,264.7],[967.3,264],[966.5,261.9],[966.5,260.6],[966,259.3],[965.2,258.3],[964.1,257.7],[962.9,256.3],[961.6,255],[961.7,253],[960.7,252.4],[960.9,251],[961.3,250.8],[961.9,249.1],[962.3,247.4],[963,246.8],[961.5,246.5],[959.8,246.7],[958.1,248],[957,250.2]]]}},{"type":"Feature","properties":{"GEOID":"1198","STATEFP":"11","CD":"98","st":"DC","label_x":939.7,"label_y":274.5},"geometry":{"type":"Polygon","coordinates":[[[937.2,273.4],[938.3,274],[939.2,275],[939.3,276.4],[941.2,273.6],[939.2,272.2],[938.4,271.7],[937.2,273.4]]]}},{"type":"Feature","properties":{"GEOID":"1201","STATEFP":"12","CD":"01","st":"FL","label_x":782.4,"label_y":494.2},"geometry":{"type":"Polygon","coordinates":[[[794.8,484.9],[787.1,485.7],[774.6,486.8],[765.4,487.6],[765.7,488.4],[765,490.8],[765.8,491.8],[766.8,492.5],[767.3,493.5],[770,494.8],[770.3,495.9],[770,497.5],[769.5,498.4],[769.8,499.5],[771.2,500.5],[770.1,501.2],[769.5,503],[768.7,503.2],[768.5,504.3],[772.6,503],[773.5,503],[775.8,502.5],[779.8,501.2],[784.1,500.2],[786.4,499.9],[791.7,499.9],[795.5,500.5],[795.4,499.4],[795.8,498.1],[796.6,496.7],[796,492.9],[795,491.1],[795.5,487.9],[794.9,486.5],[794.8,484.9]]]}},{"type":"Feature","properties":{"GEOID":"1202","STATEFP":"12","CD":"02","st":"FL","label_x":825.2,"label_y":497.4},"geometry":{"type":"MultiPolygon","coordinates":[[[[816.6,513.6],[818.3,514.5],[819.3,514.4],[819.5,513.4],[818.7,513.1],[816.6,513.6]]],[[[794.8,484.9],[794.9,486.5],[795.5,487.9],[795,491.1],[796,492.9],[796.6,496.7],[795.8,498.1],[795.4,499.4],[795.5,500.5],[797.4,500.9],[800.4,501.9],[804.1,503.7],[805.8,504.9],[808,505.8],[810,507.4],[812.2,508],[813.1,508.8],[814.7,511],[814.7,513.6],[816,513.5],[818.5,512.5],[820.7,512.4],[821.4,512],[822.5,510.4],[823.4,510.4],[823.3,511.5],[827.7,508.4],[829.9,506.6],[831.5,505.9],[832.2,506.5],[833.8,506.4],[833.8,505.3],[833.2,504.3],[833.6,503.1],[835.4,501.7],[836.7,501.5],[837.1,501.8],[838.9,500.9],[839.7,500.8],[841.9,502.1],[844.8,503.1],[847.2,504.1],[848.1,504.8],[848.7,505.8],[849.4,506.3],[849.4,507.1],[850.6,508.3],[851.6,508.5],[851.9,509],[853.4,509.3],[854.2,509.3],[854.6,508.5],[854.5,507.4],[854.9,506.5],[854.8,505.5],[854.1,505.6],[853.5,504.1],[852.8,498.5],[854.4,498.3],[854.2,495.4],[855,495.1],[855.5,493.8],[855.3,493],[855.8,491.4],[855,491.3],[854.2,489.1],[853.2,486.6],[852.5,486.5],[843.7,487.1],[837.3,487.5],[827.6,488.2],[821,488.7],[819.8,487.2],[819.3,486.3],[819.1,484.9],[818,483.7],[817.5,482.2],[812.6,482.8],[807.5,483.4],[797.5,484.6],[794.8,484.9]]]]}},{"type":"Feature","properties":{"GEOID":"1203","STATEFP":"12","CD":"03","st":"FL","label_x":867.2,"label_y":504.2},"geometry":{"type":"Polygon","coordinates":[[[853.4,509.3],[854.2,512.6],[856.1,513.7],[856.8,514.4],[858.1,514.5],[859.1,516.1],[859.6,517.3],[861.5,518],[861.5,519.1],[862.3,520.8],[863,520.5],[863.4,519.7],[866.8,519.6],[867.6,520.4],[867.4,521.5],[868.5,521.8],[868.8,523.2],[870.1,522],[871.8,522.4],[873.3,521.3],[874.4,521],[875.7,521.7],[876.8,521.8],[878.1,522.6],[881.9,522.1],[880.3,519.4],[880.1,518.5],[882.3,517.9],[882.4,516],[880.9,516],[880.4,515.6],[880.1,513.4],[880.7,511.6],[880.6,511],[881.7,510.7],[880.9,505.4],[880.9,504.3],[880.8,503.6],[879.5,495.2],[878.6,489.3],[877.5,489.3],[876.2,489.7],[875.2,488.3],[875.2,486.9],[874.2,485.8],[874.6,485],[870.5,485.3],[864.8,485.7],[852.5,486.5],[853.2,486.6],[854.2,489.1],[855,491.3],[855.8,491.4],[855.3,493],[855.5,493.8],[855,495.1],[854.2,495.4],[854.4,498.3],[852.8,498.5],[853.5,504.1],[854.1,505.6],[854.8,505.5],[854.9,506.5],[854.5,507.4],[854.6,508.5],[854.2,509.3],[853.4,509.3]]]}},{"type":"Feature","properties":{"GEOID":"1204","STATEFP":"12","CD":"04","st":"FL","label_x":882.8,"label_y":490.8},"geometry":{"type":"Polygon","coordinates":[[[889.5,479.4],[888.6,479.1],[887.2,479.7],[885.3,479.3],[883.9,479.4],[882,478.6],[880.5,478.6],[880.2,478.1],[878.8,478.4],[878.7,479.4],[877.5,480.1],[877.6,482.5],[878.6,483.8],[878.9,486.6],[878.6,487.6],[878.6,489.3],[879.5,495.2],[880.8,503.6],[880.9,504.3],[881.6,503.6],[883,503.3],[883.4,502.1],[884.4,501.8],[885.2,500.8],[889.8,499.9],[889.1,498.3],[889.1,497.5],[887.1,496],[886.9,493.8],[886.5,492.6],[887.1,491.3],[886.4,490.3],[886.6,489.1],[887.7,488.5],[887.5,487.9],[888.5,487.3],[891.3,486.4],[891,484.6],[890.4,483.6],[890,481.9],[889.9,479.5],[889.5,479.4]]]}},{"type":"Feature","properties":{"GEOID":"1205","STATEFP":"12","CD":"05","st":"FL","label_x":890.3,"label_y":493.2},"geometry":{"type":"Polygon","coordinates":[[[891.3,486.4],[888.5,487.3],[887.5,487.9],[887.7,488.5],[886.6,489.1],[886.4,490.3],[887.1,491.3],[886.5,492.6],[886.9,493.8],[887.1,496],[889.1,497.5],[889.1,498.3],[889.8,499.9],[893.6,498.9],[894,499.7],[894.8,499.8],[896,499],[896.4,499.5],[895.8,497.6],[894.9,496.2],[891.3,486.4]]]}},{"type":"Feature","properties":{"GEOID":"1206","STATEFP":"12","CD":"06","st":"FL","label_x":892.1,"label_y":512.2},"geometry":{"type":"Polygon","coordinates":[[[880.9,504.3],[880.9,505.4],[881.7,510.7],[880.6,511],[880.7,511.6],[880.1,513.4],[880.4,515.6],[880.9,516],[882.4,516],[882.3,517.9],[880.1,518.5],[880.3,519.4],[881.9,522.1],[885.4,521.6],[885.7,523.3],[888.9,522.9],[890,523.8],[891,523.7],[891.5,524.7],[893.4,524.5],[894,523.9],[896.8,523.3],[897.7,521.7],[898,519.3],[899.1,519.2],[899.9,518],[901,517.5],[903,517.6],[902.6,515.5],[903.3,515],[903.2,514.2],[904.6,514],[904.1,512.9],[902.6,510.7],[899.4,505.3],[896.7,500.5],[896.4,499.5],[896,499],[894.8,499.8],[894,499.7],[893.6,498.9],[889.8,499.9],[885.2,500.8],[884.4,501.8],[883.4,502.1],[883,503.3],[881.6,503.6],[880.9,504.3]]]}},{"type":"Feature","properties":{"GEOID":"1207","STATEFP":"12","CD":"07","st":"FL","label_x":904,"label_y":520.4},"geometry":{"type":"Polygon","coordinates":[[[896.8,523.3],[897,525.1],[896.4,525.7],[896.7,527.4],[899.3,527],[899.4,527.7],[904.8,526.8],[906.9,526.4],[906.2,522.4],[911,521.6],[905.5,514.9],[904.1,512.9],[904.6,514],[903.2,514.2],[903.3,515],[902.6,515.5],[903,517.6],[901,517.5],[899.9,518],[899.1,519.2],[898,519.3],[897.7,521.7],[896.8,523.3]]]}},{"type":"Feature","properties":{"GEOID":"1208","STATEFP":"12","CD":"08","st":"FL","label_x":913.6,"label_y":536.1},"geometry":{"type":"Polygon","coordinates":[[[904.8,526.8],[904.4,528.4],[905.2,529.1],[905.5,530.5],[907.2,530.2],[908.1,531.4],[910,532.3],[910.9,538.3],[910.8,538.4],[911.8,544.4],[912.4,548.6],[914.3,548.2],[914.6,550.2],[916.7,549.9],[924.1,548.7],[922.1,544.6],[918,538.9],[917.1,537.3],[916,534.9],[915.4,532.6],[915.3,530],[916.5,528.6],[915.5,527],[915,525.8],[913.9,524.8],[911,521.6],[906.2,522.4],[906.9,526.4],[904.8,526.8]]]}},{"type":"Feature","properties":{"GEOID":"1209","STATEFP":"12","CD":"09","st":"FL","label_x":904,"label_y":539.5},"geometry":{"type":"Polygon","coordinates":[[[897.1,532.7],[896.2,534.4],[893.3,534.9],[893.9,537],[894.7,536.9],[896.5,537.2],[896.9,537.8],[897.1,539.1],[896.9,539.9],[897.7,541.8],[899.2,541.4],[899.7,542.1],[900.7,542.5],[902.3,543.6],[902.8,545],[904.6,545.4],[906.3,547.7],[906.8,549.4],[912.4,548.6],[911.8,544.4],[910.8,538.4],[910.9,538.3],[910,532.3],[908.1,531.4],[907.2,530.2],[905.5,530.5],[902,531.1],[901.5,529.8],[900.3,529.8],[898.4,530.2],[898.5,532],[897.1,532.7]]]}},{"type":"Feature","properties":{"GEOID":"1210","STATEFP":"12","CD":"10","st":"FL","label_x":900.8,"label_y":529.7},"geometry":{"type":"Polygon","coordinates":[[[896.7,527.4],[895.9,528.1],[896.3,529.6],[896.2,531.4],[897,531.9],[897.1,532.7],[898.5,532],[898.4,530.2],[900.3,529.8],[901.5,529.8],[902,531.1],[905.5,530.5],[905.2,529.1],[904.4,528.4],[904.8,526.8],[899.4,527.7],[899.3,527],[896.7,527.4]]]}},{"type":"Feature","properties":{"GEOID":"1211","STATEFP":"12","CD":"11","st":"FL","label_x":888.5,"label_y":530.4},"geometry":{"type":"Polygon","coordinates":[[[878.1,522.6],[879.1,524],[881.2,525.5],[881.6,526.2],[880.2,528.1],[879.9,529.6],[881.5,531.3],[883,531.3],[884.1,532.1],[884.9,532],[885.7,538.1],[887.7,540.1],[887.9,540.9],[889,540],[890.2,540],[890.8,539.4],[892.1,539.1],[893.7,538],[894.7,536.9],[893.9,537],[893.3,534.9],[896.2,534.4],[897.1,532.7],[897,531.9],[896.2,531.4],[896.3,529.6],[895.9,528.1],[896.7,527.4],[896.4,525.7],[897,525.1],[896.8,523.3],[894,523.9],[893.4,524.5],[891.5,524.7],[891,523.7],[890,523.8],[888.9,522.9],[885.7,523.3],[885.4,521.6],[881.9,522.1],[878.1,522.6]]]}},{"type":"Feature","properties":{"GEOID":"1212","STATEFP":"12","CD":"12","st":"FL","label_x":877.7,"label_y":531.5},"geometry":{"type":"Polygon","coordinates":[[[868.8,523.2],[870.6,525],[869.9,525.9],[869.8,527],[870.9,527.7],[870.6,529.2],[872,530.3],[871.6,530.8],[872.2,531.7],[872.5,533.4],[872.2,533.7],[872.5,535.9],[871.6,538.6],[871.4,540.9],[870.8,542.3],[873.7,541.9],[876.1,541.5],[877,540.8],[878.8,540.8],[879.4,539.5],[880.3,539.3],[881,538.4],[881,537.2],[883.3,536.8],[883.7,537.5],[885.7,538.1],[884.9,532],[884.1,532.1],[883,531.3],[881.5,531.3],[879.9,529.6],[880.2,528.1],[881.6,526.2],[881.2,525.5],[879.1,524],[878.1,522.6],[876.8,521.8],[875.7,521.7],[874.4,521],[873.3,521.3],[871.8,522.4],[870.1,522],[868.8,523.2]]]}},{"type":"Feature","properties":{"GEOID":"1213","STATEFP":"12","CD":"13","st":"FL","label_x":871.9,"label_y":547.4},"geometry":{"type":"Polygon","coordinates":[[[870.8,542.3],[871.3,543.4],[871.3,546.1],[870.7,547.2],[870.5,549.1],[871.2,550.5],[872.1,551.1],[873.5,552.9],[874.7,552.9],[874.2,549.7],[874.4,548.4],[874.1,547.9],[873.1,547.6],[873.8,545.8],[874.3,545.4],[873.7,541.9],[870.8,542.3]]]}},{"type":"Feature","properties":{"GEOID":"1214","STATEFP":"12","CD":"14","st":"FL","label_x":875.1,"label_y":550.3},"geometry":{"type":"MultiPolygon","coordinates":[[[[873.7,541.9],[874.3,545.4],[875.4,546.1],[876.4,546.3],[876.9,546.9],[877.2,549.2],[878.1,548.6],[877.9,547.3],[879.5,547.5],[880.2,549.2],[878.8,551.7],[878.1,552.3],[877.5,553.8],[878.9,552.9],[880.5,550.1],[880.3,548.2],[881,548.1],[880.6,546.2],[880.5,544.7],[879.4,544.4],[877.2,544.6],[876.4,544.1],[876,542.5],[876.1,541.5],[873.7,541.9]]],[[[874.7,552.9],[875.7,552.1],[875.6,550.7],[876.2,549.9],[875.9,549],[874.9,548],[874.1,547.9],[874.4,548.4],[874.2,549.7],[874.7,552.9]]]]}},{"type":"Feature","properties":{"GEOID":"1215","STATEFP":"12","CD":"15","st":"FL","label_x":882.2,"label_y":541.9},"geometry":{"type":"Polygon","coordinates":[[[876.1,541.5],[876,542.5],[876.4,544.1],[877.2,544.6],[879.4,544.4],[880.5,544.7],[880.6,546.2],[881.4,546.3],[886.1,545.6],[886.9,545.8],[887.9,545.3],[888.7,544.2],[888.4,542.2],[887.9,540.9],[887.7,540.1],[885.7,538.1],[883.7,537.5],[883.3,536.8],[881,537.2],[881,538.4],[880.3,539.3],[879.4,539.5],[878.8,540.8],[877,540.8],[876.1,541.5]]]}},{"type":"Feature","properties":{"GEOID":"1216","STATEFP":"12","CD":"16","st":"FL","label_x":882.7,"label_y":554.3},"geometry":{"type":"Polygon","coordinates":[[[877.5,553.8],[877.1,554.9],[876.5,555.3],[876.1,556.8],[874.8,557.9],[875.3,559.1],[876.5,560],[884.6,558.9],[885.2,563],[889.3,562.4],[888,553.4],[886.9,545.8],[886.1,545.6],[881.4,546.3],[880.6,546.2],[881,548.1],[880.3,548.2],[880.5,550.1],[878.9,552.9],[877.5,553.8]]]}},{"type":"Feature","properties":{"GEOID":"1217","STATEFP":"12","CD":"17","st":"FL","label_x":891.4,"label_y":567.7},"geometry":{"type":"Polygon","coordinates":[[[876.5,560],[878.3,561.8],[878.5,562.5],[879.5,563.3],[880.7,565.2],[881.7,567],[884.4,570.5],[886.2,572.7],[887.8,572.9],[888.9,572.3],[888.5,570.8],[887.7,569.4],[888.5,569.2],[888.9,568.5],[889.8,569.8],[890.6,570.3],[890.7,572.5],[893.4,572.1],[894.8,574.5],[895.6,573.7],[897.4,574.9],[899.2,574.8],[899.4,576],[900.9,576.3],[901.9,576.2],[901.3,572.3],[900.2,564.8],[891.4,566.1],[889.9,566.4],[889.3,562.4],[885.2,563],[884.6,558.9],[876.5,560]]]}},{"type":"Feature","properties":{"GEOID":"1218","STATEFP":"12","CD":"18","st":"FL","label_x":903.1,"label_y":556.7},"geometry":{"type":"Polygon","coordinates":[[[889.3,562.4],[889.9,566.4],[891.4,566.1],[900.2,564.8],[901.3,572.3],[901.9,576.2],[902,576.8],[904.8,577.1],[905.1,578.6],[908.5,578],[909.2,581.9],[917.3,580.4],[915.9,572.4],[914.6,564.4],[918.4,559.9],[916.7,549.9],[914.6,550.2],[914.3,548.2],[912.4,548.6],[906.8,549.4],[906.3,547.7],[904.6,545.4],[902.8,545],[902.3,543.6],[900.7,542.5],[899.7,542.1],[899.2,541.4],[897.7,541.8],[896.9,539.9],[897.1,539.1],[896.9,537.8],[896.5,537.2],[894.7,536.9],[893.7,538],[892.1,539.1],[890.8,539.4],[890.2,540],[889,540],[887.9,540.9],[888.4,542.2],[888.7,544.2],[887.9,545.3],[886.9,545.8],[888,553.4],[889.3,562.4]]]}},{"type":"Feature","properties":{"GEOID":"1219","STATEFP":"12","CD":"19","st":"FL","label_x":897.9,"label_y":582.3},"geometry":{"type":"MultiPolygon","coordinates":[[[[890.7,572.5],[890.4,575],[889.6,574.3],[888.5,574.9],[889.4,575.6],[890.1,577.6],[890.7,578.6],[892.7,577.7],[892.7,578.9],[893.6,579],[895,579.9],[896.1,580.9],[897.1,582.7],[898.5,587.3],[901.7,592.4],[902.6,591],[901.8,590.1],[900.9,589.9],[900.7,587.6],[899.7,586.7],[899.5,584.3],[898.9,581.9],[900.7,581.6],[900.3,579.3],[902.4,578.9],[902,576.8],[901.9,576.2],[900.9,576.3],[899.4,576],[899.2,574.8],[897.4,574.9],[895.6,573.7],[894.8,574.5],[893.4,572.1],[890.7,572.5]]],[[[887.8,576.8],[889.4,579.8],[891.1,580.6],[891.2,579.8],[889.4,579.3],[887.8,576.8]]],[[[886.2,572.7],[886.8,573.2],[887.8,572.9],[886.2,572.7]]]]}},{"type":"Feature","properties":{"GEOID":"1220","STATEFP":"12","CD":"20","st":"FL","label_x":923.3,"label_y":574.3},"geometry":{"type":"Polygon","coordinates":[[[914.6,564.4],[915.9,572.4],[917.3,580.4],[918.5,586.8],[922.6,586.2],[922.7,586.7],[927.7,585.8],[927,581.5],[929.1,581.7],[929.9,580.7],[931.5,581.7],[932.9,581.5],[932.8,580.1],[933.3,578.6],[933.5,576.1],[933.1,576.2],[932.9,577.8],[931.9,578.7],[929.7,579.1],[929.2,576.2],[930.2,576.4],[930.4,575.3],[930.4,573.3],[929.8,571.7],[928.6,570.5],[927.4,569.9],[926.6,568.9],[932.7,568],[932.8,565.8],[932.8,565],[931.9,565.1],[932,567.4],[929.9,567.7],[929.5,567.2],[927.5,567.5],[927.6,568.1],[926.5,568.3],[926.4,567.6],[925.1,566.5],[921.5,564],[921,563.3],[914.6,564.4]]]}},{"type":"Feature","properties":{"GEOID":"1221","STATEFP":"12","CD":"21","st":"FL","label_x":923.6,"label_y":557.6},"geometry":{"type":"Polygon","coordinates":[[[916.7,549.9],[918.4,559.9],[914.6,564.4],[921,563.3],[921.5,564],[925.1,566.5],[926.4,567.6],[926.5,568.3],[927.6,568.1],[927.5,567.5],[929.5,567.2],[929.9,567.7],[932,567.4],[931.9,565.1],[932.8,565],[932.8,565.8],[933.1,565.7],[932.5,563.8],[930.9,560.3],[927.9,555.3],[926,552.2],[924.1,548.7],[916.7,549.9]]]}},{"type":"Feature","properties":{"GEOID":"1222","STATEFP":"12","CD":"22","st":"FL","label_x":931.5,"label_y":571.1},"geometry":{"type":"Polygon","coordinates":[[[932.8,565.8],[932.7,568],[926.6,568.9],[927.4,569.9],[928.6,570.5],[929.8,571.7],[930.4,573.3],[930.4,575.3],[931.1,575.2],[931.6,574.5],[933.1,574.3],[933.9,573.6],[933.7,569.6],[933.1,565.7],[932.8,565.8]]]}},{"type":"Feature","properties":{"GEOID":"1223","STATEFP":"12","CD":"23","st":"FL","label_x":931.2,"label_y":577},"geometry":{"type":"Polygon","coordinates":[[[930.4,575.3],[930.2,576.4],[929.2,576.2],[929.7,579.1],[931.9,578.7],[932.9,577.8],[933.1,576.2],[933.5,576.1],[933.3,578.6],[932.8,580.1],[932.9,581.5],[934.2,581.5],[934.1,577.7],[933.9,573.6],[933.1,574.3],[931.6,574.5],[931.1,575.2],[930.4,575.3]]]}},{"type":"Feature","properties":{"GEOID":"1224","STATEFP":"12","CD":"24","st":"FL","label_x":932.9,"label_y":585.8},"geometry":{"type":"Polygon","coordinates":[[[931.1,585],[931.1,586.7],[932.2,587.1],[932.3,588.4],[933.3,588.9],[934.8,589.4],[935,588],[934.4,584.3],[933.4,584],[931,584.4],[931.1,585]]]}},{"type":"Feature","properties":{"GEOID":"1225","STATEFP":"12","CD":"25","st":"FL","label_x":930.8,"label_y":582.8},"geometry":{"type":"Polygon","coordinates":[[[932.9,581.5],[931.5,581.7],[929.9,580.7],[929.1,581.7],[927,581.5],[927.7,585.8],[930.8,585.3],[931.1,585],[931,584.4],[933.4,584],[934.4,584.3],[934.2,581.5],[932.9,581.5]]]}},{"type":"Feature","properties":{"GEOID":"1226","STATEFP":"12","CD":"26","st":"FL","label_x":908.8,"label_y":584.6},"geometry":{"type":"Polygon","coordinates":[[[902,576.8],[902.4,578.9],[900.3,579.3],[900.7,581.6],[898.9,581.9],[899.5,584.3],[899.7,586.7],[900.7,587.6],[900.9,589.9],[901.8,590.1],[902.6,591],[904.1,591.7],[905,591.8],[906.5,592.8],[919.1,590.8],[920.3,591.6],[928.9,590.3],[928.9,589.7],[930.2,589.6],[933.3,588.9],[932.3,588.4],[932.2,587.1],[931.1,586.7],[931.1,585],[930.8,585.3],[927.7,585.8],[922.7,586.7],[922.6,586.2],[918.5,586.8],[917.3,580.4],[909.2,581.9],[908.5,578],[905.1,578.6],[904.8,577.1],[902,576.8]]]}},{"type":"Feature","properties":{"GEOID":"1227","STATEFP":"12","CD":"27","st":"FL","label_x":931.2,"label_y":591.9},"geometry":{"type":"Polygon","coordinates":[[[930.2,589.6],[929.7,590.8],[930.1,593],[930.9,594.7],[931.7,595.1],[932.9,590.4],[933.4,589.9],[934.8,589.4],[933.3,588.9],[930.2,589.6]]]}},{"type":"Feature","properties":{"GEOID":"1228","STATEFP":"12","CD":"28","st":"FL","label_x":922.8,"label_y":598.5},"geometry":{"type":"MultiPolygon","coordinates":[[[[906.5,592.8],[908.5,593.2],[908.6,593.8],[910.7,594.9],[911.4,596.5],[912,596.6],[912.4,597.4],[913.1,598.1],[913.1,598.8],[914.1,599.5],[914.8,600.9],[915.4,601.4],[915.6,602.3],[915,602.8],[914.9,605.2],[915.8,606.6],[917.2,607.3],[921,606.1],[921.6,605.2],[924.7,605.1],[927.5,603.4],[930,603],[930.6,603.5],[930.4,604.8],[931.8,605.1],[932.5,603.9],[932.6,602.9],[934,599.3],[932.3,601.1],[932.7,601.9],[932.4,602.7],[931.4,603.2],[931.2,601.3],[931.6,600.1],[932.2,599.8],[932.7,598.8],[932.2,598.3],[931.6,595.9],[931.7,595.1],[930.9,594.7],[930.1,593],[929.7,590.8],[930.2,589.6],[928.9,589.7],[928.9,590.3],[920.3,591.6],[919.1,590.8],[906.5,592.8]]],[[[903.6,622.7],[906.3,622.1],[909.8,619.9],[909.8,619.3],[912,619.2],[912.3,619.7],[914.3,618.6],[913.6,617.6],[912.5,616.8],[912.2,616],[910.6,615.4],[909.5,616.1],[909.2,617],[908.2,617],[907.8,617.7],[906.1,618.8],[904.5,620.1],[904.3,620.6],[905.3,621.1],[904.7,621.8],[903.9,622],[903.6,622.7]]]]}},{"type":"Feature","properties":{"GEOID":"1301","STATEFP":"13","CD":"01","st":"GA","label_x":877.1,"label_y":464.4},"geometry":{"type":"Polygon","coordinates":[[[865.6,453],[866,456],[864.3,456.3],[864.8,460.2],[862.7,460.4],[863.1,463.1],[863.7,463],[864,465.1],[863.4,465.2],[864,469.7],[862.6,469.9],[862.9,471.1],[865.6,475.6],[866.5,475.9],[867.2,476.7],[867.8,476.6],[868.2,479.6],[869.3,479.8],[870.1,484.6],[870.5,485.3],[874.6,485],[874.2,485.8],[875.2,486.9],[875.2,488.3],[876.2,489.7],[877.5,489.3],[878.6,489.3],[878.6,487.6],[878.9,486.6],[878.6,483.8],[877.6,482.5],[877.5,480.1],[878.7,479.4],[878.8,478.4],[880.2,478.1],[880.5,478.6],[882,478.6],[883.9,479.4],[885.3,479.3],[887.2,479.7],[888.6,479.1],[889.5,479.4],[889.1,478.7],[889.1,477.1],[889.7,474.8],[889.5,473.5],[887.6,473.1],[888.9,472.2],[889.1,470.8],[888.8,469.7],[889.5,469],[890,467.7],[890.8,467.1],[891,465.9],[890.2,463.6],[890.6,463.2],[891.9,459.8],[890.7,459.7],[890.3,460.5],[889.6,460],[889.9,459.4],[892.1,458.5],[892.5,457],[892.1,454.9],[893.6,452.5],[892.8,452.2],[893.3,451],[894.3,451.3],[895.4,449.9],[895.4,449.2],[896.7,447.8],[895.3,446.8],[893.2,445.6],[892.6,446.2],[891,445.7],[890.5,443.7],[889.7,442.8],[890.1,441.3],[889.6,440.3],[888.7,439.7],[888.1,440.5],[887.1,440.8],[885.7,440.7],[885.7,441.4],[884.7,441.5],[883.7,442.4],[884.2,443.7],[880.7,445.5],[877.8,446.8],[878.4,447.8],[879.2,448.1],[878.5,449.2],[877.4,450.2],[876.3,451.9],[876.6,452.6],[875.5,455.3],[874.7,455.8],[872.3,454.5],[872.2,454],[869.8,453.7],[868.4,453.2],[866.8,453.5],[865.6,453]]]}},{"type":"Feature","properties":{"GEOID":"1302","STATEFP":"13","CD":"02","st":"GA","label_x":824.1,"label_y":461.3},"geometry":{"type":"Polygon","coordinates":[[[813.4,447],[813.7,448.3],[814.1,448.4],[813.9,451.3],[815.3,451.7],[816,452.6],[815.6,453.6],[814.1,454.6],[813.2,455.9],[813.7,456.9],[813.7,458.7],[812.4,462.5],[812.9,464.7],[813.1,466.3],[814.7,467.9],[815.2,469.7],[814.8,471.5],[814.7,473.9],[814.9,475.6],[814.5,476.3],[815,477.2],[815.1,478.6],[816.5,479.8],[817.5,482.2],[818,483.7],[819.1,484.9],[819.3,486.3],[819.8,487.2],[821,488.7],[827.6,488.2],[837.3,487.5],[843.7,487.1],[842.7,478.3],[837.3,478.9],[835.7,464.6],[834.9,463.3],[835.5,461.8],[835.5,460.8],[836.4,459.5],[836.4,458],[835.2,455.6],[842.2,454.8],[841.4,448.7],[836.7,449.3],[836.4,445.8],[837.2,445.5],[837,444.3],[838,444],[838.5,443.3],[838.4,441.2],[839.6,441.3],[841.1,442],[841.9,441.5],[841.1,439.9],[840.2,439.7],[840.6,438.1],[841.9,436.4],[842.1,435.9],[840.4,434.8],[839.8,434.6],[838.2,435.5],[837.1,435.8],[836.2,436.7],[834.1,436.3],[829.6,436.9],[828.6,440.5],[827.9,439.9],[825.6,439.4],[824.6,439],[824,437.9],[823.1,438.1],[822.2,437],[820.9,438],[818.5,438.7],[819.2,444.5],[815,445],[814.9,444.4],[813.5,444.6],[814,446.1],[813.4,447]]]}},{"type":"Feature","properties":{"GEOID":"1303","STATEFP":"13","CD":"03","st":"GA","label_x":818.5,"label_y":431},"geometry":{"type":"Polygon","coordinates":[[[802.1,415.1],[804.8,424.8],[807.2,433.4],[808.8,438.9],[809.5,439.3],[809.3,440.2],[809.9,441.3],[811,444],[811.9,445.4],[813.4,446.9],[813.4,447],[814,446.1],[813.5,444.6],[814.9,444.4],[815,445],[819.2,444.5],[818.5,438.7],[820.9,438],[822.2,437],[823.1,438.1],[824,437.9],[824.6,439],[825.6,439.4],[827.9,439.9],[828.6,440.5],[829.6,436.9],[829.4,434.9],[830.7,434.8],[830.9,434.4],[830.2,428.4],[828.6,428.6],[828.4,427.4],[829,426.6],[827.7,426.1],[827.7,425.5],[825.8,425.8],[825.7,424.9],[826.8,423.5],[826.3,422.9],[825,423.5],[823.4,423.7],[823.6,425.6],[823,425.7],[822.5,423.8],[822.4,422.6],[822,423.2],[819.2,422.3],[815.9,422.8],[814.2,422.7],[813.8,422.2],[814.4,420.9],[815,420.4],[814.9,418.2],[814.4,417.9],[814.4,416.4],[812.3,416.9],[809.1,416.4],[808.9,414.3],[805.5,414.6],[802.1,415.1]]]}},{"type":"Feature","properties":{"GEOID":"1304","STATEFP":"13","CD":"04","st":"GA","label_x":825.7,"label_y":414.4},"geometry":{"type":"Polygon","coordinates":[[[822.1,412.1],[822.2,413.2],[823,413.9],[824.3,413.8],[824.5,416.3],[823.8,416.7],[823.8,418.3],[825.8,417.9],[826,418.3],[827.5,418.8],[828.3,416.1],[828.9,415.4],[827.8,415],[826,413.4],[825.8,412.3],[826.9,411.7],[827.5,410.7],[826.2,409.1],[823.8,410.2],[823.3,411.3],[822.2,411.1],[822.1,412.1]]]}},{"type":"Feature","properties":{"GEOID":"1305","STATEFP":"13","CD":"05","st":"GA","label_x":821.7,"label_y":417.5},"geometry":{"type":"Polygon","coordinates":[[[822.2,413.2],[822.4,414.5],[820.5,415.5],[819.7,416.7],[819.6,418.3],[820.2,419.4],[820.8,419.4],[821.1,421.2],[822,422.5],[822.4,422.6],[822.7,421.3],[823.4,420.9],[824.1,419.9],[823.4,418.6],[823.8,418.3],[823.8,416.7],[824.5,416.3],[824.3,413.8],[823,413.9],[822.2,413.2]]]}},{"type":"Feature","properties":{"GEOID":"1306","STATEFP":"13","CD":"06","st":"GA","label_x":817,"label_y":417.3},"geometry":{"type":"Polygon","coordinates":[[[814.4,416.4],[814.4,417.9],[814.9,418.2],[815,420.4],[814.4,420.9],[813.8,422.2],[814.2,422.7],[815.9,422.8],[819.2,422.3],[822,423.2],[822.4,422.6],[822,422.5],[821.1,421.2],[820.8,419.4],[820.2,419.4],[819.6,418.3],[819.7,416.7],[820.5,415.5],[822.4,414.5],[822.2,413.2],[822.1,412.1],[821,412.3],[820.4,413],[817.4,413.1],[816.5,413.5],[814.9,413.6],[815.2,416.3],[814.4,416.4]]]}},{"type":"Feature","properties":{"GEOID":"1307","STATEFP":"13","CD":"07","st":"GA","label_x":824.9,"label_y":402.2},"geometry":{"type":"Polygon","coordinates":[[[820.3,397.2],[821.1,399.4],[822.3,399.2],[822.5,401.3],[819.6,401.6],[819.7,403.2],[819.5,404.1],[820.4,405.6],[819.9,406],[820.4,409.3],[821.4,410.7],[821.3,411.4],[820.4,413],[821,412.3],[822.1,412.1],[822.2,411.1],[823.3,411.3],[823.8,410.2],[826.2,409.1],[826.5,406.3],[826.9,405.8],[830.1,406.7],[830.6,406.4],[830.7,404.7],[829.6,404.7],[830.4,402.8],[829.5,401],[830,400.5],[828.5,398.9],[830.1,397.5],[829.5,396.3],[829.1,394.3],[829.2,392.3],[827.6,392],[826.8,392.7],[826.7,393.6],[826,394.6],[824.2,394.3],[823.6,394.8],[823.2,395.9],[822,396.2],[822,396.9],[820.6,396.7],[820.3,397.2]]]}},{"type":"Feature","properties":{"GEOID":"1308","STATEFP":"13","CD":"08","st":"GA","label_x":850.2,"label_y":457.2},"geometry":{"type":"Polygon","coordinates":[[[830.2,428.4],[830.9,434.4],[830.7,434.8],[829.4,434.9],[829.6,436.9],[834.1,436.3],[836.2,436.7],[837.1,435.8],[838.2,435.5],[839.8,434.6],[840.4,434.8],[842.1,435.9],[841.9,436.4],[840.6,438.1],[840.2,439.7],[841.1,439.9],[841.9,441.5],[841.1,442],[839.6,441.3],[838.4,441.2],[838.5,443.3],[838,444],[837,444.3],[837.2,445.5],[836.4,445.8],[836.7,449.3],[841.4,448.7],[842.2,454.8],[835.2,455.6],[836.4,458],[836.4,459.5],[835.5,460.8],[835.5,461.8],[834.9,463.3],[835.7,464.6],[837.3,478.9],[842.7,478.3],[843.7,487.1],[852.5,486.5],[864.8,485.7],[870.5,485.3],[870.1,484.6],[869.3,479.8],[868.2,479.6],[867.8,476.6],[867.2,476.7],[866.5,475.9],[865.6,475.6],[862.9,471.1],[862.6,469.9],[864,469.7],[863.4,465.2],[864,465.1],[863.7,463],[863.1,463.1],[862.7,460.4],[864.8,460.2],[864.3,456.3],[866,456],[865.6,453],[863,453.6],[862.6,454.2],[861.5,454.7],[860.4,454],[859.6,452.9],[858.4,452.7],[858,452.2],[856.2,451.7],[855.5,450.7],[856.2,449.2],[855.9,448.9],[854,450.4],[848,440.8],[851.3,438.2],[852.8,437.2],[852.9,436.1],[852,434],[851,433.9],[849.8,432],[850.1,430.9],[849.7,430],[849.8,428.7],[848.9,429.6],[848.5,428.9],[848.7,427.2],[846.7,426.8],[844.8,426.8],[844.1,427.4],[841.9,427.3],[834.8,429.5],[834.5,428.5],[833.4,428],[830.2,428.4]]]}},{"type":"Feature","properties":{"GEOID":"1309","STATEFP":"13","CD":"09","st":"GA","label_x":834.6,"label_y":397.5},"geometry":{"type":"Polygon","coordinates":[[[813.8,387.8],[814.2,390.9],[815,391.6],[814.1,392.8],[813.9,394],[814.3,397.4],[814.5,398.2],[819.9,397.6],[820.3,397.2],[820.6,396.7],[822,396.9],[822,396.2],[823.2,395.9],[823.6,394.8],[824.2,394.3],[826,394.6],[826.7,393.6],[826.8,392.7],[827.6,392],[829.2,392.3],[829.1,394.3],[829.5,396.3],[830.1,397.5],[828.5,398.9],[830,400.5],[829.5,401],[830.4,402.8],[829.6,404.7],[830.7,404.7],[830.6,406.4],[830.1,406.7],[826.9,405.8],[826.5,406.3],[826.2,409.1],[827.5,410.7],[828.5,410.3],[829.8,411.1],[830.6,410.7],[830,409.8],[830.2,409.1],[831.2,408.9],[831.7,406.1],[832.4,407],[833.2,407.5],[835,407.5],[836.9,407.8],[837.6,409.2],[840.3,406.9],[840.6,405.2],[840.3,404.1],[839.5,403.4],[840.3,402.9],[840.5,401.7],[839.2,400.5],[839.2,397],[842.9,396.3],[844.1,394.7],[842.7,393.6],[841.4,393.3],[840.9,392.8],[839.2,391.8],[838.8,390.7],[839.1,389.4],[840.2,387.9],[840.4,387.1],[841.1,387],[841.7,385.9],[842.7,385.4],[842.5,383.9],[838.5,384.5],[832.9,385.4],[832.9,385.5],[819.5,387.1],[813.8,387.8]]]}},{"type":"Feature","properties":{"GEOID":"1310","STATEFP":"13","CD":"10","st":"GA","label_x":841.6,"label_y":412.2},"geometry":{"type":"Polygon","coordinates":[[[826.3,422.9],[826.8,423.5],[825.7,424.9],[825.8,425.8],[827.7,425.5],[827.7,426.1],[829,426.6],[828.4,427.4],[828.6,428.6],[830.2,428.4],[833.4,428],[834.5,428.5],[834.8,429.5],[841.9,427.3],[844.1,427.4],[844.8,426.8],[846.7,426.8],[848.7,427.2],[848.5,428.9],[848.9,429.6],[849.8,428.7],[850.6,428.6],[851.3,427.8],[852.8,426.9],[853.2,425.5],[855,423.9],[854.4,423.5],[853.8,421.6],[852.1,419.2],[852.9,417.8],[854.2,417.8],[854.7,417.1],[855.1,415.2],[853.8,415.3],[852.5,414.6],[851.1,415.3],[849.9,413.6],[851.3,413.1],[851.2,412.6],[852.2,411.8],[853.5,409.5],[853.2,409.1],[852.3,407.1],[854.5,406.3],[856.3,406.9],[855.5,405.2],[853.6,403.1],[852.8,402.8],[852.1,401.4],[851.9,400.5],[851.1,399.5],[850.7,398.5],[849.8,398],[848.9,395.9],[848.1,395.4],[846.4,395.8],[844.9,395.5],[844.1,394.7],[842.9,396.3],[839.2,397],[839.2,400.5],[840.5,401.7],[840.3,402.9],[839.5,403.4],[840.3,404.1],[840.6,405.2],[840.3,406.9],[837.6,409.2],[836.9,407.8],[835,407.5],[833.2,407.5],[832.4,407],[831.7,406.1],[831.2,408.9],[830.2,409.1],[830,409.8],[830.6,410.7],[831.9,411.7],[829.6,414.6],[831,415.4],[831,417.7],[831.9,417.9],[832.8,417.5],[833.4,418.5],[833.3,419.5],[832.1,420.6],[830.2,420.2],[829,420.6],[827.3,420.9],[827.3,421.9],[825.9,422.3],[826.3,422.9]]]}},{"type":"Feature","properties":{"GEOID":"1311","STATEFP":"13","CD":"11","st":"GA","label_x":814,"label_y":404.8},"geometry":{"type":"Polygon","coordinates":[[[814.3,397.4],[813.4,397.4],[813.1,396.7],[811.9,397.1],[810.3,397.2],[806.7,397.6],[806.6,399.3],[806.1,399.4],[806.6,402.7],[808.2,402.7],[807.9,403.8],[808.3,407],[807.9,407],[808.2,410.1],[814.2,409.4],[816.1,409.3],[816.8,410.7],[816.3,411.6],[817.4,413.1],[820.4,413],[821.3,411.4],[821.4,410.7],[820.4,409.3],[819.9,406],[820.4,405.6],[819.5,404.1],[819.7,403.2],[819.6,401.6],[822.5,401.3],[822.3,399.2],[821.1,399.4],[820.3,397.2],[819.9,397.6],[814.5,398.2],[814.3,397.4]]]}},{"type":"Feature","properties":{"GEOID":"1312","STATEFP":"13","CD":"12","st":"GA","label_x":866.2,"label_y":431},"geometry":{"type":"Polygon","coordinates":[[[849.8,428.7],[849.7,430],[850.1,430.9],[849.8,432],[851,433.9],[852,434],[852.9,436.1],[852.8,437.2],[851.3,438.2],[848,440.8],[854,450.4],[855.9,448.9],[856.2,449.2],[855.5,450.7],[856.2,451.7],[858,452.2],[858.4,452.7],[859.6,452.9],[860.4,454],[861.5,454.7],[862.6,454.2],[863,453.6],[865.6,453],[866.8,453.5],[868.4,453.2],[869.8,453.7],[872.2,454],[872.3,454.5],[874.7,455.8],[875.5,455.3],[876.6,452.6],[876.3,451.9],[877.4,450.2],[878.5,449.2],[879.2,448.1],[878.4,447.8],[877.8,446.8],[880.7,445.5],[884.2,443.7],[883.7,442.4],[884.7,441.5],[885.7,441.4],[885.7,440.7],[887.1,440.8],[888.1,440.5],[888.7,439.7],[888.1,438.8],[888,437.7],[886.1,435.9],[885.3,435.9],[883.8,435.3],[883.2,434.6],[883.5,434.1],[882.9,433],[882.8,431.5],[882.4,431.1],[882.3,429.8],[881.1,429],[880.4,427.6],[880.4,426],[878.9,425.3],[877.7,424.3],[875.8,424.1],[874.6,423.3],[874.3,421.9],[873.5,422.1],[872.5,421.4],[872.5,420.6],[872,420],[870.9,419.6],[870.3,419],[870.7,417.2],[870.3,416.6],[869.1,416.3],[868.4,415.3],[867.7,414.6],[865.9,414.3],[864.5,413.5],[864.4,412.8],[863.6,412],[863.1,410.8],[862,410.2],[861,409.2],[859.3,408.6],[857.4,407.2],[856.3,406.9],[854.5,406.3],[852.3,407.1],[853.2,409.1],[853.5,409.5],[852.2,411.8],[851.2,412.6],[851.3,413.1],[849.9,413.6],[851.1,415.3],[852.5,414.6],[853.8,415.3],[855.1,415.2],[854.7,417.1],[854.2,417.8],[852.9,417.8],[852.1,419.2],[853.8,421.6],[854.4,423.5],[855,423.9],[853.2,425.5],[852.8,426.9],[851.3,427.8],[850.6,428.6],[849.8,428.7]]]}},{"type":"Feature","properties":{"GEOID":"1313","STATEFP":"13","CD":"13","st":"GA","label_x":830.4,"label_y":418.1},"geometry":{"type":"Polygon","coordinates":[[[822.4,422.6],[822.5,423.8],[823,425.7],[823.6,425.6],[823.4,423.7],[825,423.5],[826.3,422.9],[825.9,422.3],[827.3,421.9],[827.3,420.9],[829,420.6],[830.2,420.2],[832.1,420.6],[833.3,419.5],[833.4,418.5],[832.8,417.5],[831.9,417.9],[831,417.7],[831,415.4],[829.6,414.6],[831.9,411.7],[830.6,410.7],[829.8,411.1],[828.5,410.3],[827.5,410.7],[826.9,411.7],[825.8,412.3],[826,413.4],[827.8,415],[828.9,415.4],[828.3,416.1],[827.5,418.8],[826,418.3],[825.8,417.9],[823.8,418.3],[823.4,418.6],[824.1,419.9],[823.4,420.9],[822.7,421.3],[822.4,422.6]]]}},{"type":"Feature","properties":{"GEOID":"1314","STATEFP":"13","CD":"14","st":"GA","label_x":802.4,"label_y":401.7},"geometry":{"type":"Polygon","coordinates":[[[795.1,390.1],[795.9,393],[798.1,400.7],[799.4,405.2],[802.1,415.1],[805.5,414.6],[808.9,414.3],[809.1,416.4],[812.3,416.9],[814.4,416.4],[815.2,416.3],[814.9,413.6],[816.5,413.5],[817.4,413.1],[816.3,411.6],[816.8,410.7],[816.1,409.3],[814.2,409.4],[808.2,410.1],[807.9,407],[808.3,407],[807.9,403.8],[808.2,402.7],[806.6,402.7],[806.1,399.4],[806.6,399.3],[806.7,397.6],[810.3,397.2],[811.9,397.1],[813.1,396.7],[813.4,397.4],[814.3,397.4],[813.9,394],[814.1,392.8],[815,391.6],[814.2,390.9],[813.8,387.8],[807.8,388.6],[797.6,389.8],[795.1,390.1]]]}},{"type":"Feature","properties":{"GEOID":"1501","STATEFP":"15","CD":"01","st":"HI","label_x":429.7,"label_y":681.4},"geometry":{"type":"Polygon","coordinates":[[[435.9,682.9],[434.7,682.8],[432.9,682.2],[431.7,680.4],[431,679.9],[430.3,678.5],[428.3,678.8],[427.6,678.7],[427.6,680.5],[426.2,682.5],[426.3,683.2],[428.6,682.8],[429.3,683.1],[430.7,683],[432.7,684.2],[434.4,683.5],[434.6,684.1],[435.9,682.9]]]}},{"type":"Feature","properties":{"GEOID":"1502","STATEFP":"15","CD":"02","st":"HI","label_x":484.9,"label_y":723},"geometry":{"type":"MultiPolygon","coordinates":[[[[471.2,719.7],[473.1,722.7],[473.7,725.2],[474.7,727.2],[475.1,728.7],[474.4,734.1],[475.3,736],[477,736.6],[480.3,738.6],[481.5,737.5],[481.7,736.9],[482.6,735.6],[482.5,734.9],[483.7,733.6],[484.8,733.3],[485.6,732.4],[487.1,731.7],[488.3,730.6],[489,730.4],[490.6,730.7],[492,730.3],[493.3,729.4],[495.5,728.5],[498.8,725.5],[499,724.3],[497,723.4],[495.2,721.6],[495.3,720.6],[494.7,719.5],[492.8,719.5],[492.9,717.2],[492.7,716.5],[490.8,714.6],[488.5,712.9],[485,711.2],[482.4,710.4],[481.6,710.6],[480.2,709.6],[478.6,708.7],[478.5,708.3],[476.1,707.2],[475.1,707.4],[474.6,708.9],[474.9,710.5],[476.4,712.8],[476.2,714],[475.6,714.3],[474.3,716.8],[473.1,717],[471.4,718.8],[471.2,719.7]]],[[[457,692.1],[457.5,693.4],[458.7,694.7],[460.5,695.4],[461.2,694.9],[462.2,695.3],[462.5,696.6],[462.7,699.4],[464.2,700.1],[465.8,699.9],[468.2,698.8],[469.4,699],[470,698.5],[471.4,698.2],[472.8,696.6],[472.4,695],[470.1,694.3],[469.5,693.4],[468.7,693.3],[467.1,691.7],[465.3,691.4],[463.9,692.1],[461.8,692.5],[460,689.9],[459.4,689.5],[457.7,690.3],[457,692.1]]],[[[456.9,701.2],[457.4,701.7],[459.9,701.4],[460.5,700],[459.8,699.4],[457.4,700.5],[456.9,701.2]]],[[[448.9,692.5],[449.2,693.2],[450.1,693.7],[450.4,695.1],[451.1,696.4],[452.7,696.4],[454,695.6],[454.6,694.3],[452.9,692.4],[452.2,692.1],[450.6,691.8],[449.5,692],[448.9,692.5]]],[[[443.5,687.7],[444.7,688.1],[447,688.1],[448.2,687.8],[453.1,689.1],[454.7,688.6],[456.1,687.5],[456.6,686.8],[456,686.1],[454.6,686.1],[453.2,686.4],[451.5,686.2],[451.1,685.2],[450.3,686],[446.1,685.4],[445,685.1],[444.7,686],[443.8,686.8],[443.5,687.7]]],[[[435.9,682.9],[434.9,682.4],[434.7,681.3],[431.8,679.5],[431.6,677.4],[430.7,676.6],[430,675.1],[428.9,673.6],[428,673.8],[425.5,676.5],[422.1,676.7],[423.1,677.6],[423.1,678.9],[425.1,681.4],[425.7,683.1],[426.3,683.2],[426.2,682.5],[427.6,680.5],[427.6,678.7],[428.3,678.8],[430.3,678.5],[431,679.9],[431.7,680.4],[432.9,682.2],[434.7,682.8],[435.9,682.9]]],[[[388.8,665.9],[389.4,667.1],[391.4,667.7],[392.8,669],[396.3,669.7],[398.3,668.3],[398.9,667.6],[398.9,665.5],[399.7,664.3],[399.7,663.3],[398.7,661.8],[397.3,661.4],[395.5,661.3],[394.8,661.7],[393.4,661.4],[391.7,662.6],[390.1,663.4],[389.8,664.3],[388.9,665.1],[388.8,665.9]]],[[[378.7,670],[379,671.3],[379.6,671.6],[380.6,669.6],[382.5,669],[382.3,668.2],[383,666.7],[381.7,666.7],[381.4,667.6],[380,668.2],[379.1,669],[378.7,670]]]]}},{"type":"Feature","properties":{"GEOID":"1601","STATEFP":"16","CD":"01","st":"ID","label_x":275.2,"label_y":117.8},"geometry":{"type":"Polygon","coordinates":[[[255.7,102.8],[256.2,103.9],[256.1,104.7],[257,106.3],[257,107.1],[258.3,107.6],[258.7,108.6],[259.8,108.9],[260.5,110.1],[260.3,111.1],[261.1,113.1],[260.6,113.9],[259,115.3],[258.8,116.3],[258.2,116.6],[256.2,119.1],[256,120.1],[255.3,120.9],[254.3,123.1],[253.3,123.9],[252.9,124.7],[251.9,125.3],[251.5,126.2],[251.6,127.3],[251.1,128.4],[250.2,129],[249.2,130.5],[247.2,131],[246,132.7],[244.6,135.2],[242.9,136.4],[242.8,137.7],[242.2,138.3],[242.7,139.9],[242,140.9],[242.6,141.7],[243.8,141.5],[244.4,142.8],[245.8,142.8],[245.6,143.9],[246.3,144.2],[246.7,145],[245.8,146.1],[244.9,146.4],[244.8,147.3],[245.3,148.1],[245,148.9],[244,150.3],[243.7,151.3],[242.7,152.1],[242.7,152.6],[240.1,164],[236.5,179.9],[233.3,194.3],[244.5,196.9],[251.7,198.5],[262.4,200.7],[267.1,201.7],[268.3,195.9],[270.8,183.8],[263.7,182.3],[264.1,180.4],[264.7,178.6],[263.3,178],[262,177.9],[261.8,177.4],[260.5,177.5],[259.2,177.3],[259,176.4],[256.3,175.4],[255.8,176.3],[254.8,175.2],[254.1,175],[253.5,173.7],[252.5,173.2],[252.7,172.1],[251.8,171.5],[256.6,172.5],[257.9,166.7],[255.8,162.7],[255.7,161.9],[254.4,161.3],[254.1,160.8],[252.6,160.5],[253.2,157.8],[255.1,156.4],[255.2,155.7],[258.9,161.6],[261.5,161.6],[262.5,160.8],[264.1,160.6],[265.5,159.4],[265.9,158.3],[267.5,157.8],[267.6,156.9],[268.4,156.2],[270.6,155.9],[272.1,155.9],[274.6,152.7],[274.9,153.9],[274.8,155.3],[275.8,156.5],[277.1,156.6],[277.6,155.9],[276.7,154.8],[276.6,154],[277.3,153],[277,152.4],[277.5,151.7],[276.2,150.9],[275.4,150.1],[275.7,148.3],[275.2,148.2],[274,146.9],[274.9,145.6],[275.7,143.9],[275.6,142.8],[275,142.4],[274.9,140.9],[275.4,140.3],[277.5,139.8],[278.2,138.4],[279.3,137.4],[280.1,137.9],[280.3,138.8],[281.8,138.7],[282.1,138.2],[284,137.4],[285.7,135.9],[286.1,133.8],[286.4,133.1],[286.9,129.7],[288.3,127.9],[289.7,126.7],[288.8,125.4],[288.3,124],[287.3,122.9],[287.7,121.1],[289.5,122.5],[290.2,121.5],[291.5,120.8],[292.2,119.8],[291.9,119.1],[293.1,118.4],[293.2,117.2],[292.5,115.8],[293.7,114.4],[295.8,113.9],[295.4,112.5],[295.9,111.6],[295,111.1],[294.9,109.6],[295.7,108.7],[294.8,107.9],[295.1,107],[296.2,107],[296.4,105.4],[297.5,103.4],[297.6,102.2],[298.6,101],[298.5,99.6],[299.2,99.6],[299.7,97.7],[300.4,96.5],[299.9,95.9],[298.8,95.9],[298,96.4],[296.8,95.8],[295.7,95.8],[295.4,94.7],[295.8,94.1],[295.3,93.3],[293.7,94],[293.2,93.5],[293.8,92.5],[292.9,91.8],[292.5,90.9],[291.6,90.5],[291.7,88.8],[291,86.9],[290.3,86.5],[290.2,85.4],[289.4,84.2],[289.4,83.4],[288,82],[287.3,79.3],[284.2,77.7],[284.1,76.5],[281.5,73.7],[282.4,73.5],[282.4,71.9],[281.9,71.1],[283.2,70.3],[282.7,68.8],[283.1,68],[281.8,66.3],[281.8,64.8],[280.8,63.6],[279.4,60.4],[281.8,48.9],[284.4,37.1],[276.8,35.5],[269.3,33.9],[266,48.1],[264.7,53.7],[263.2,60.2],[261.4,68.4],[259.2,78.2],[256,92.5],[255.3,94.2],[256.2,95.7],[256.3,97.3],[256,97.9],[256.5,99],[255.6,100.2],[255.7,102.8]]]}},{"type":"Feature","properties":{"GEOID":"1602","STATEFP":"16","CD":"02","st":"ID","label_x":300.1,"label_y":164.7},"geometry":{"type":"Polygon","coordinates":[[[291.5,120.8],[290.2,121.5],[289.5,122.5],[287.7,121.1],[287.3,122.9],[288.3,124],[288.8,125.4],[289.7,126.7],[288.3,127.9],[286.9,129.7],[286.4,133.1],[286.1,133.8],[285.7,135.9],[284,137.4],[282.1,138.2],[281.8,138.7],[280.3,138.8],[280.1,137.9],[279.3,137.4],[278.2,138.4],[277.5,139.8],[275.4,140.3],[274.9,140.9],[275,142.4],[275.6,142.8],[275.7,143.9],[274.9,145.6],[274,146.9],[275.2,148.2],[275.7,148.3],[275.4,150.1],[276.2,150.9],[277.5,151.7],[277,152.4],[277.3,153],[276.6,154],[276.7,154.8],[277.6,155.9],[277.1,156.6],[275.8,156.5],[274.8,155.3],[274.9,153.9],[274.6,152.7],[272.1,155.9],[270.6,155.9],[268.4,156.2],[267.6,156.9],[267.5,157.8],[265.9,158.3],[265.5,159.4],[264.1,160.6],[262.5,160.8],[261.5,161.6],[258.9,161.6],[255.2,155.7],[255.1,156.4],[253.2,157.8],[252.6,160.5],[254.1,160.8],[254.4,161.3],[255.7,161.9],[255.8,162.7],[257.9,166.7],[256.6,172.5],[251.8,171.5],[252.7,172.1],[252.5,173.2],[253.5,173.7],[254.1,175],[254.8,175.2],[255.8,176.3],[256.3,175.4],[259,176.4],[259.2,177.3],[260.5,177.5],[261.8,177.4],[262,177.9],[263.3,178],[264.7,178.6],[264.1,180.4],[263.7,182.3],[270.8,183.8],[268.3,195.9],[267.1,201.7],[271.1,202.3],[274.6,203.2],[284.1,205.1],[286.5,205.7],[292.9,206.8],[305.8,209],[316.2,210.7],[316.5,210.9],[328.1,212.8],[335.5,213.9],[337.4,202.2],[338.3,197.1],[340,185.9],[341.1,178.9],[343,166.8],[344.7,156.2],[344.6,156.1],[343.4,155.4],[342.9,153.7],[342.1,153.4],[342.4,152.3],[340.9,149.4],[338.2,149.8],[338.4,150.6],[337.3,151.9],[337.1,153.2],[336.1,152.7],[335.6,153],[334.2,152.5],[332,153.3],[331.4,151.9],[330.1,151.9],[329.5,152.3],[328.7,151.9],[327.4,152.3],[326.1,151.8],[325.5,150.9],[324.6,150.6],[323.3,151.2],[323.1,152.2],[322.4,153.2],[319,151.5],[318,151.5],[317.2,150.9],[316.1,151.2],[314.8,152.4],[315.1,153.6],[314.5,153.9],[313.7,152.8],[312.2,151.2],[312.1,148.5],[311.5,147.6],[312,147.2],[312.1,145.8],[311.8,144.5],[310.7,142.9],[309.8,141.9],[308.1,142.5],[308,141.7],[307,141],[306.6,140.3],[306.2,138.4],[307.1,138.1],[307.4,135.8],[305.7,133.8],[305.7,132.5],[304.4,130.4],[304.6,130],[303.9,128.7],[304.3,127.2],[303.7,126.8],[303.7,125.6],[304.2,124.3],[303.2,124],[304.1,122.7],[304,122.2],[302.4,120.5],[302.3,119.6],[301.4,119.3],[300.9,120.1],[299.9,120.8],[299.5,121.4],[298.5,122.2],[296.5,122.6],[295.8,123.5],[294.7,123.8],[294.4,123],[293.6,121.9],[292.2,120.6],[291.5,120.8]]]}},{"type":"Feature","properties":{"GEOID":"1701","STATEFP":"17","CD":"01","st":"IL","label_x":738.1,"label_y":240.6},"geometry":{"type":"Polygon","coordinates":[[[732.1,241.9],[732.8,248],[737.2,247.6],[738,248.4],[739.1,248.8],[740,248.6],[739.9,247.3],[740.9,247.2],[740.7,245.1],[739.9,244.8],[739.8,243.8],[740.5,243.7],[740.1,239.6],[740.9,239.6],[740.8,238.5],[741.4,238.1],[742.7,236.2],[742.6,235.1],[743.7,234.2],[743.1,233.7],[742.9,232.5],[742.6,231.7],[742.6,233.4],[742.1,234],[741.3,233.9],[740.8,234.7],[741.6,235.1],[740.5,237.4],[740.3,238.9],[738.9,239],[737.8,238.1],[737.7,236.6],[735.6,236.8],[735.1,237.5],[735.1,238.4],[735.9,238.7],[736.4,243.5],[734.3,243.7],[734.1,241.6],[732.1,241.9]]]}},{"type":"Feature","properties":{"GEOID":"1702","STATEFP":"17","CD":"02","st":"IL","label_x":736.5,"label_y":252.6},"geometry":{"type":"Polygon","coordinates":[[[732.8,248],[733,250.1],[727,250.7],[727.3,254.6],[726.5,255.9],[726.8,256.8],[727.4,256.8],[727.8,261],[728.1,262.3],[730.1,262.1],[730.3,264.2],[731.8,264.1],[732.4,265.6],[732.5,267.1],[730.5,267.3],[730.7,269.4],[734.7,269],[734.8,269.7],[737.5,269.5],[737.4,268.8],[740.1,268.5],[740,270.6],[740.4,274],[742.7,273.7],[743.2,275.1],[745.9,274.8],[746.2,274.1],[747.7,273.9],[747.5,271.8],[746.9,263.6],[746.2,256.2],[745.4,247.8],[744.3,235],[744.1,234],[742.9,232.5],[743.1,233.7],[743.7,234.2],[742.6,235.1],[742.7,236.2],[741.4,238.1],[740.8,238.5],[740.9,239.6],[740.1,239.6],[740.5,243.7],[739.8,243.8],[739.9,244.8],[740.7,245.1],[740.9,247.2],[739.9,247.3],[740,248.6],[739.1,248.8],[738,248.4],[737.2,247.6],[732.8,248]]]}},{"type":"Feature","properties":{"GEOID":"1703","STATEFP":"17","CD":"03","st":"IL","label_x":735.4,"label_y":230.8},"geometry":{"type":"Polygon","coordinates":[[[737.3,228.7],[737.2,228.1],[735.8,228.4],[736.1,230],[733.6,231.2],[732.5,230.9],[732.3,229.4],[731.3,228],[730.8,227.8],[731.2,232.2],[731.3,233.5],[732.9,233.1],[733.9,233.3],[734,232.1],[737,230.3],[738.1,230.2],[738.7,230.7],[741.1,230.5],[740.6,228.9],[739.2,229.6],[737,229.7],[737.3,228.7]]]}},{"type":"Feature","properties":{"GEOID":"1704","STATEFP":"17","CD":"04","st":"IL","label_x":740.2,"label_y":232.3},"geometry":{"type":"Polygon","coordinates":[[[737,230.3],[736.8,232],[736.4,232.5],[736.8,233.9],[738.4,233.7],[739.9,233.8],[739.5,234.8],[740.8,234.7],[741.3,233.9],[742,232.9],[741.9,231.6],[740.3,232.1],[739.1,231.7],[738,232.5],[737.2,232.6],[737.1,231.5],[738.5,231.2],[738.7,230.7],[738.1,230.2],[737,230.3]]]}},{"type":"Feature","properties":{"GEOID":"1705","STATEFP":"17","CD":"05","st":"IL","label_x":736.8,"label_y":227.4},"geometry":{"type":"Polygon","coordinates":[[[731,225.5],[731.2,227],[732.1,226.5],[733,226.5],[733.2,227.4],[734.3,227.3],[734.9,226.3],[735.5,227.6],[737.4,227.5],[737.3,228.7],[737,229.7],[739.2,229.6],[740.6,228.9],[741.1,230.5],[742.4,230.7],[741.8,229.3],[741.1,228.5],[738.2,228.3],[738.1,227],[736.4,226.8],[735.6,226.1],[735,224.2],[733.4,224],[731.6,224.3],[731.7,225.5],[731,225.5]]]}},{"type":"Feature","properties":{"GEOID":"1706","STATEFP":"17","CD":"06","st":"IL","label_x":737.5,"label_y":234.7},"geometry":{"type":"Polygon","coordinates":[[[733.9,233.3],[734.4,234.2],[735.2,234.1],[735.8,235.2],[737.5,235.2],[737.7,236.6],[737.8,238.1],[738.9,239],[740.3,238.9],[740.5,237.4],[741.6,235.1],[740.8,234.7],[739.5,234.8],[739.9,233.8],[738.4,233.7],[736.8,233.9],[736.4,232.5],[736.8,232],[737,230.3],[734,232.1],[733.9,233.3]]]}},{"type":"Feature","properties":{"GEOID":"1707","STATEFP":"17","CD":"07","st":"IL","label_x":737.7,"label_y":232.3},"geometry":{"type":"Polygon","coordinates":[[[738.7,230.7],[738.5,231.2],[737.1,231.5],[737.2,232.6],[738,232.5],[739.1,231.7],[740.3,232.1],[741.9,231.6],[742,232.9],[741.3,233.9],[742.1,234],[742.6,233.4],[742.6,231.7],[742.4,230.7],[741.1,230.5],[738.7,230.7]]]}},{"type":"Feature","properties":{"GEOID":"1708","STATEFP":"17","CD":"08","st":"IL","label_x":734,"label_y":229},"geometry":{"type":"Polygon","coordinates":[[[729,225.7],[727.7,225.8],[727,226.4],[727.2,227.9],[728.8,227.8],[729.1,231.3],[730.6,231.2],[730.3,232.4],[731.2,232.2],[730.8,227.8],[731.3,228],[732.3,229.4],[732.5,230.9],[733.6,231.2],[736.1,230],[735.8,228.4],[737.2,228.1],[737.3,228.7],[737.4,227.5],[735.5,227.6],[734.9,226.3],[734.3,227.3],[733.2,227.4],[733,226.5],[732.1,226.5],[731.2,227],[731,225.5],[729,225.7]]]}},{"type":"Feature","properties":{"GEOID":"1709","STATEFP":"17","CD":"09","st":"IL","label_x":738.7,"label_y":225.9},"geometry":{"type":"Polygon","coordinates":[[[733.2,222.8],[731.9,222.8],[731.6,223.4],[728.9,223.6],[729,225.7],[731,225.5],[731.7,225.5],[731.6,224.3],[733.4,224],[735,224.2],[735.6,226.1],[736.4,226.8],[738.1,227],[738.2,228.3],[741.1,228.5],[741.8,229.3],[740.7,226.4],[739.3,226.6],[739.2,225.6],[737.6,226.1],[736.5,226.1],[735.9,225.5],[735.7,224.2],[734.9,223.1],[733.7,222.6],[733.2,222.8]]]}},{"type":"Feature","properties":{"GEOID":"1710","STATEFP":"17","CD":"10","st":"IL","label_x":735.5,"label_y":222.1},"geometry":{"type":"Polygon","coordinates":[[[726.4,217.8],[726.6,220.7],[728.1,220.6],[729.2,221.5],[729.6,220.8],[732.7,221.2],[733.2,222.8],[733.7,222.6],[734.9,223.1],[735.7,224.2],[735.9,225.5],[736.5,226.1],[737.6,226.1],[739.2,225.6],[739.3,226.6],[740.7,226.4],[739.8,225.6],[738.5,223.6],[737.7,221.5],[738.1,219.3],[737.9,216.9],[732.5,217.3],[726.4,217.8]]]}},{"type":"Feature","properties":{"GEOID":"1711","STATEFP":"17","CD":"11","st":"IL","label_x":726.6,"label_y":229.1},"geometry":{"type":"Polygon","coordinates":[[[726.6,220.7],[726,221.8],[720.6,222.2],[720,223.4],[720.3,226.4],[720.9,226.3],[721.1,228.4],[722.9,228.2],[723.6,228.9],[725,229.2],[725.4,234.2],[729.3,233.8],[729.4,235.4],[731.4,234.8],[731.5,235.7],[733.4,235.5],[734,237.2],[735.6,236.8],[737.7,236.6],[737.5,235.2],[735.8,235.2],[735.2,234.1],[734.4,234.2],[733.9,233.3],[732.9,233.1],[731.3,233.5],[731.2,232.2],[730.3,232.4],[730.6,231.2],[729.1,231.3],[728.8,227.8],[727.2,227.9],[727,226.4],[727.7,225.8],[729,225.7],[728.9,223.6],[731.6,223.4],[731.9,222.8],[733.2,222.8],[732.7,221.2],[729.6,220.8],[729.2,221.5],[728.1,220.6],[726.6,220.7]]]}},{"type":"Feature","properties":{"GEOID":"1712","STATEFP":"17","CD":"12","st":"IL","label_x":723.2,"label_y":316.3},"geometry":{"type":"Polygon","coordinates":[[[699.9,317.2],[699.5,318.4],[699.5,319.7],[699.9,321.3],[701.5,322.6],[702.1,323.6],[703.4,324.5],[704.2,324.7],[705,325.7],[705.6,325.7],[706.7,326.8],[707.9,326.6],[707.3,327.9],[707.8,328.7],[708.7,329],[709.7,328.1],[710.7,329.1],[711.7,329.3],[714.2,331.5],[714.8,332.3],[716.2,332.9],[716.2,333.9],[717,334.9],[716.3,335.3],[716.4,336.4],[718.3,339.6],[718.2,340.8],[717.2,341.2],[716.7,342.3],[717.9,343.1],[717.9,344.3],[718.9,346],[719.7,346.9],[719.7,348],[721.4,349],[722,348.4],[721.2,347.7],[721.9,347.2],[723.1,348.4],[723.3,349.1],[724.4,349],[723.4,347.8],[723.6,346.9],[724.7,345.4],[725.1,344.4],[725.9,343.5],[726.9,342.9],[728,343],[730.1,343.7],[731.6,344.6],[733.9,345.2],[734.6,345.9],[735.6,346.2],[736.7,345.9],[737.3,344],[736.7,342.8],[735.5,341.5],[735.3,341],[735.9,338.5],[737,337.5],[738,338],[739.3,336.7],[743,335.9],[743.1,334.6],[741.8,333.6],[741.2,331.5],[741.7,330.4],[742.8,329.6],[743.3,328.1],[741.9,326],[743.4,325.8],[742.9,324.4],[743.3,323.9],[742.8,322.6],[743.9,321.7],[742.9,321],[744.2,320.2],[744.7,319.2],[743.6,318.7],[743.8,316.7],[745.8,316.5],[745.9,315.3],[747.3,313.2],[747.7,311.5],[748.4,310.8],[748.4,310],[749.1,308.9],[749.4,306.9],[750.6,306.4],[751,303.9],[750.4,303.2],[749.9,301.6],[750.3,300.5],[750,299.6],[749.1,299.3],[749.1,297.6],[747.3,295.9],[748.7,293.8],[748,292.8],[748.2,291.1],[749.2,290.7],[748.9,287.7],[746.1,287.7],[741.2,288.2],[740.7,283.4],[739,283.7],[739,284.3],[737.6,284.5],[737.9,287.9],[737.5,288.1],[737.4,289.7],[736.1,289.8],[736,288.6],[734.4,288.7],[734.1,290],[732.1,290.1],[732.5,295.3],[726.5,295.7],[727,302.9],[729.1,302.7],[729.2,304.8],[721.2,305.4],[721.3,307.5],[719.4,307.5],[712.9,307.9],[713.1,310],[706.1,310.4],[706,311.7],[707.1,311.9],[707.3,314],[707.1,314.5],[705.3,314.6],[705.1,313.5],[704.1,313],[703.3,313.6],[702.6,313.7],[702,314.8],[701.1,314],[700.7,316.2],[699.9,317.2]]]}},{"type":"Feature","properties":{"GEOID":"1713","STATEFP":"17","CD":"13","st":"IL","label_x":705.9,"label_y":292},"geometry":{"type":"Polygon","coordinates":[[[701.2,313.7],[701.1,314],[702,314.8],[702.6,313.7],[703.3,313.6],[704.1,313],[705.1,313.5],[705.3,314.6],[707.1,314.5],[707.3,314],[707.1,311.9],[706,311.7],[706.1,310.4],[706.9,308.4],[706.6,302.3],[710.7,302],[710.1,293.8],[709.8,289.6],[712.8,289.4],[712.6,286.6],[713.6,286.5],[713.6,285.5],[714.5,285.5],[714.7,284],[716.1,283.5],[717.3,282.3],[718.7,282],[720.1,282.3],[722,279.6],[722.5,280.3],[722.1,281],[723.2,281.4],[724,280.5],[726.4,280.6],[728.8,280.5],[728.7,279.8],[732.4,279.5],[732.3,277.4],[733.2,277.3],[733.2,276.3],[735.2,276.1],[735.1,275.1],[737.1,274.9],[736.9,272.9],[735.9,272.9],[735.5,272.3],[733.8,272.4],[733.6,273.1],[730.9,273.3],[731.1,275.4],[726.1,275.8],[726.2,277.9],[719.1,278.5],[719.2,279.6],[715.2,279.9],[715.2,280.9],[713.2,281],[713.3,283.1],[711.2,283.2],[711.3,282.2],[710.2,282.3],[709.9,281.3],[709.1,281.3],[709.2,284.1],[709.5,285.5],[707.5,285.6],[707.8,289.7],[701.7,290.2],[702.3,298.4],[702.6,302.5],[703.1,302.5],[703,304.1],[701.8,304.1],[701.9,305.2],[703.4,306],[703.4,307.1],[702.6,307.9],[701.8,309.4],[702.4,310.5],[702.3,312],[701.2,313.7]]]}},{"type":"Feature","properties":{"GEOID":"1714","STATEFP":"17","CD":"14","st":"IL","label_x":726.9,"label_y":239},"geometry":{"type":"Polygon","coordinates":[[[722.9,228.2],[723.1,230.3],[719.2,230.6],[719.8,238.9],[715.8,239.2],[716.1,242.3],[712.1,242.6],[712.5,248],[713.3,248.1],[714.1,249.7],[716.7,249.5],[716.6,248.8],[718.6,248.5],[718.5,247.3],[722.6,246.9],[722.7,245.5],[725.8,246.2],[726.5,246.1],[726.1,242.5],[732.1,241.9],[734.1,241.6],[734.3,243.7],[736.4,243.5],[735.9,238.7],[735.1,238.4],[735.1,237.5],[735.6,236.8],[734,237.2],[733.4,235.5],[731.5,235.7],[731.4,234.8],[729.4,235.4],[729.3,233.8],[725.4,234.2],[725,229.2],[723.6,228.9],[722.9,228.2]]]}},{"type":"Feature","properties":{"GEOID":"1715","STATEFP":"17","CD":"15","st":"IL","label_x":698,"label_y":278.9},"geometry":{"type":"Polygon","coordinates":[[[677.9,271.1],[677.2,272],[676.5,274.6],[676.6,277.1],[677,279.3],[678.4,282.1],[678,283],[678.4,283.9],[679.6,285.1],[679.6,286.4],[681.3,287.9],[682,288.7],[683,289.2],[683.8,290.6],[684.6,290.7],[685.5,292.3],[686.7,293.4],[689.6,295.2],[691.7,297.2],[692.2,299.4],[692.7,301],[692.2,301.8],[693,303.3],[693.3,304.6],[694.1,305.7],[695.5,305.9],[697.1,303.6],[698.4,303.8],[699.7,304.5],[700.8,304.5],[701.9,305.2],[701.8,304.1],[703,304.1],[703.1,302.5],[702.6,302.5],[702.3,298.4],[701.7,290.2],[707.8,289.7],[707.5,285.6],[709.5,285.5],[709.2,284.1],[709.1,281.3],[709.9,281.3],[710.2,282.3],[711.3,282.2],[711.2,283.2],[713.3,283.1],[713.2,281],[715.2,280.9],[715.2,279.9],[719.2,279.6],[719.1,278.5],[726.2,277.9],[726.1,275.8],[731.1,275.4],[730.9,273.3],[733.6,273.1],[733.8,272.4],[735.5,272.3],[735.9,272.9],[736.9,272.9],[737.1,274.9],[735.1,275.1],[735.2,276.1],[733.2,276.3],[733.2,277.3],[732.3,277.4],[732.4,279.5],[728.7,279.8],[728.8,280.5],[726.4,280.6],[724,280.5],[723.2,281.4],[722.1,281],[722.5,280.3],[722,279.6],[720.1,282.3],[718.7,282],[717.3,282.3],[716.1,283.5],[714.7,284],[714.5,285.5],[713.6,285.5],[713.6,286.5],[712.6,286.6],[712.8,289.4],[709.8,289.6],[710.1,293.8],[710.7,302],[706.6,302.3],[706.9,308.4],[706.1,310.4],[713.1,310],[712.9,307.9],[719.4,307.5],[721.3,307.5],[721.2,305.4],[729.2,304.8],[729.1,302.7],[727,302.9],[726.5,295.7],[732.5,295.3],[732.1,290.1],[734.1,290],[734.4,288.7],[736,288.6],[736.1,289.8],[737.4,289.7],[737.5,288.1],[737.9,287.9],[737.6,284.5],[739,284.3],[739,283.7],[740.7,283.4],[741.2,288.2],[746.1,287.7],[748.9,287.7],[747.7,273.9],[746.2,274.1],[745.9,274.8],[743.2,275.1],[742.7,273.7],[740.4,274],[740,270.6],[740.1,268.5],[737.4,268.8],[737.5,269.5],[734.8,269.7],[734.7,269],[730.7,269.4],[730.7,270],[720.5,270.8],[716.4,271.1],[716.3,270.1],[708.3,270.8],[708.1,268],[706.1,268.2],[704.7,267.9],[697.3,268.3],[692.1,268.6],[690.5,268.8],[691,267.9],[691,266.5],[695,266.4],[694.6,258.1],[690.5,258.3],[690.2,250],[690,248],[682.9,248.2],[682.3,250.4],[683.7,252.1],[684.6,252.3],[685.4,253.7],[685.6,255.2],[685.4,257.8],[684.8,258.2],[683.1,260.6],[683.3,261.3],[682.8,264],[681.8,264.8],[680.7,264.8],[678.9,265.6],[678,267.2],[678.7,267.9],[678.7,270.8],[677.9,271.1]]]}},{"type":"Feature","properties":{"GEOID":"1716","STATEFP":"17","CD":"16","st":"IL","label_x":704.1,"label_y":243.9},"geometry":{"type":"Polygon","coordinates":[[[688.9,220],[688.7,220.7],[690.2,221.5],[690.5,222.1],[692,222.9],[693.1,224.2],[692.9,225.3],[693.6,226.5],[695,227.1],[701.8,226.6],[701.5,222.5],[708.6,222],[708.7,223],[710.7,222.8],[710.7,223.9],[715,223.8],[715.6,223.5],[716,222.6],[717.9,222.5],[717.8,225.2],[716.3,225.4],[715.7,224.7],[714.8,225.6],[705.8,226.3],[706.3,232.7],[707.3,232.6],[707.8,240.8],[698.1,241.4],[698,242.5],[696.1,243.1],[695.9,244.8],[694.5,244.7],[694,245.2],[694.3,251.9],[700.3,251.6],[700.2,249.6],[702.4,249.4],[702.2,247.4],[704.3,247.3],[704.3,251.3],[702.3,251.5],[702.8,259.7],[705.7,259.7],[705.8,261.1],[706.3,261.6],[708.1,261.5],[709.4,259.8],[710.5,260.3],[710.6,261.5],[709.6,262.5],[708.9,264],[709.3,266.9],[712.4,266.7],[712.9,268.1],[716.9,267.6],[716.9,266.9],[718,266.8],[719.7,266],[719.6,265.2],[721.7,264.8],[721.9,265.8],[721.5,266.7],[720.1,266.6],[720.5,270.8],[730.7,270],[730.7,269.4],[730.5,267.3],[732.5,267.1],[732.4,265.6],[731.8,264.1],[730.3,264.2],[730.1,262.1],[728.1,262.3],[727.8,261],[727.4,256.8],[726.8,256.8],[726.5,255.9],[727.3,254.6],[727,250.7],[733,250.1],[732.8,248],[732.1,241.9],[726.1,242.5],[726.5,246.1],[725.8,246.2],[722.7,245.5],[722.6,246.9],[718.5,247.3],[718.6,248.5],[716.6,248.8],[716.7,249.5],[714.1,249.7],[713.3,248.1],[712.5,248],[712.1,242.6],[716.1,242.3],[715.8,239.2],[719.8,238.9],[719.2,230.6],[723.1,230.3],[722.9,228.2],[721.1,228.4],[720.9,226.3],[720.3,226.4],[720,223.4],[720.6,222.2],[726,221.8],[726.6,220.7],[726.4,217.8],[720.9,218.3],[716.1,218.6],[700.8,219.4],[698.7,219.4],[692.6,219.8],[688.9,220]]]}},{"type":"Feature","properties":{"GEOID":"1717","STATEFP":"17","CD":"17","st":"IL","label_x":688.6,"label_y":246.8},"geometry":{"type":"Polygon","coordinates":[[[695,227.1],[696.9,228],[697.7,228.8],[697.8,230.6],[698.3,231.4],[698,232.5],[698.2,233.7],[697.8,236.2],[696.2,237.2],[695.6,238],[695.7,238.9],[695.3,240.1],[695.4,241.5],[694.2,242.1],[693.4,243.1],[692,243.1],[691.1,243.6],[690.1,244.8],[688.7,245.1],[686.5,245.2],[685.3,246],[684.5,245.7],[683.3,246.4],[682.9,248.2],[690,248],[690.2,250],[690.5,258.3],[694.6,258.1],[695,266.4],[691,266.5],[691,267.9],[690.5,268.8],[692.1,268.6],[697.3,268.3],[704.7,267.9],[706.1,268.2],[708.1,268],[708.3,270.8],[716.3,270.1],[716.4,271.1],[720.5,270.8],[720.1,266.6],[721.5,266.7],[721.9,265.8],[721.7,264.8],[719.6,265.2],[719.7,266],[718,266.8],[716.9,266.9],[716.9,267.6],[712.9,268.1],[712.4,266.7],[709.3,266.9],[708.9,264],[709.6,262.5],[710.6,261.5],[710.5,260.3],[709.4,259.8],[708.1,261.5],[706.3,261.6],[705.8,261.1],[705.7,259.7],[702.8,259.7],[702.3,251.5],[704.3,251.3],[704.3,247.3],[702.2,247.4],[702.4,249.4],[700.2,249.6],[700.3,251.6],[694.3,251.9],[694,245.2],[694.5,244.7],[695.9,244.8],[696.1,243.1],[698,242.5],[698.1,241.4],[707.8,240.8],[707.3,232.6],[706.3,232.7],[705.8,226.3],[714.8,225.6],[715.7,224.7],[716.3,225.4],[717.8,225.2],[717.9,222.5],[716,222.6],[715.6,223.5],[715,223.8],[710.7,223.9],[710.7,222.8],[708.7,223],[708.6,222],[701.5,222.5],[701.8,226.6],[695,227.1]]]}},{"type":"Feature","properties":{"GEOID":"1801","STATEFP":"18","CD":"01","st":"IN","label_x":750.1,"label_y":241.4},"geometry":{"type":"Polygon","coordinates":[[[744.3,235],[745.4,247.8],[746.9,247.5],[747.4,247.7],[748.9,247],[750.6,245.7],[751.1,244.9],[752.1,244.3],[753.4,244.6],[755.1,245.6],[755.7,245.1],[755.1,238.5],[758.7,238.2],[759,237.4],[758.6,232.4],[756.4,232.6],[754.8,233.9],[751.9,235.6],[749.8,236.5],[748.6,236.7],[746.4,236.3],[746.1,235.2],[745.2,235.7],[744.3,235]]]}},{"type":"Feature","properties":{"GEOID":"1802","STATEFP":"18","CD":"02","st":"IN","label_x":766.9,"label_y":246.7},"geometry":{"type":"Polygon","coordinates":[[[755.7,245.1],[756.5,252.8],[764.6,252],[764.8,254.1],[766.6,253.9],[767,255.3],[768.3,255.4],[768.5,257.5],[767.6,258],[767.6,260],[776.1,259.1],[775.9,257],[779.9,256.6],[778.9,248.3],[778.2,248.4],[777.7,244.3],[776.3,244.5],[775.6,238.4],[777.6,238.1],[776.6,230.6],[768.5,231.4],[758.6,232.4],[759,237.4],[758.7,238.2],[755.1,238.5],[755.7,245.1]]]}},{"type":"Feature","properties":{"GEOID":"1803","STATEFP":"18","CD":"03","st":"IN","label_x":785.8,"label_y":246.4},"geometry":{"type":"Polygon","coordinates":[[[776.6,230.6],[777.6,238.1],[775.6,238.4],[776.3,244.5],[777.7,244.3],[778.2,248.4],[778.9,248.3],[779.9,256.6],[783.2,256.2],[784,262.6],[788,262.2],[788.6,266.9],[792.1,266.7],[792.7,267.1],[793.3,266.5],[795.9,266],[795.4,262],[794.6,255.1],[792.9,240.8],[791.6,230.3],[791.5,228.8],[788.6,229.2],[776.6,230.6]]]}},{"type":"Feature","properties":{"GEOID":"1804","STATEFP":"18","CD":"04","st":"IN","label_x":758.7,"label_y":267},"geometry":{"type":"Polygon","coordinates":[[[745.4,247.8],[746.2,256.2],[746.9,263.6],[747.5,271.8],[748.3,272.2],[749.8,272.1],[749.9,270.8],[753.2,270.4],[753.4,271.9],[753.1,272.2],[753.5,273.5],[755.6,273.7],[756,277.7],[757.4,277.6],[758.2,286.9],[765.1,286.3],[765.4,289.2],[768.4,289.1],[772.2,288.6],[771.6,281.8],[770.2,281.9],[770,279.9],[769.5,275],[771,274.8],[769.8,263.6],[769.2,263],[767.4,263.2],[767.1,260.1],[767.6,260],[767.6,258],[768.5,257.5],[768.3,255.4],[767,255.3],[766.6,253.9],[764.8,254.1],[764.6,252],[756.5,252.8],[755.7,245.1],[755.1,245.6],[753.4,244.6],[752.1,244.3],[751.1,244.9],[750.6,245.7],[748.9,247],[747.4,247.7],[746.9,247.5],[745.4,247.8]]]}},{"type":"Feature","properties":{"GEOID":"1805","STATEFP":"18","CD":"05","st":"IN","label_x":779.2,"label_y":265.3},"geometry":{"type":"Polygon","coordinates":[[[767.6,260],[767.1,260.1],[767.4,263.2],[769.2,263],[769.8,263.6],[771,274.8],[776.4,274.2],[777.7,273.7],[782.8,273.1],[782.5,270],[788.9,269.3],[788.6,266.9],[788,262.2],[784,262.6],[783.2,256.2],[779.9,256.6],[775.9,257],[776.1,259.1],[767.6,260]]]}},{"type":"Feature","properties":{"GEOID":"1806","STATEFP":"18","CD":"06","st":"IN","label_x":785.3,"label_y":279.4},"geometry":{"type":"Polygon","coordinates":[[[770,279.9],[770.2,281.9],[771.6,281.8],[772.2,288.6],[775.2,288.3],[775.8,292.8],[779.3,292.3],[780.9,292.8],[782.9,292.5],[782.4,287.4],[783.4,287.3],[783.1,284.8],[789.1,284.2],[788.9,282.5],[792,282.1],[797.5,281.5],[796.7,274.7],[795.9,266],[793.3,266.5],[792.7,267.1],[792.1,266.7],[788.6,266.9],[788.9,269.3],[782.5,270],[782.8,273.1],[777.7,273.7],[776.4,274.2],[776.3,275.6],[776.7,279],[770,279.9]]]}},{"type":"Feature","properties":{"GEOID":"1807","STATEFP":"18","CD":"07","st":"IN","label_x":773.1,"label_y":277.3},"geometry":{"type":"Polygon","coordinates":[[[771,274.8],[769.5,275],[770,279.9],[776.7,279],[776.3,275.6],[776.4,274.2],[771,274.8]]]}},{"type":"Feature","properties":{"GEOID":"1808","STATEFP":"18","CD":"08","st":"IN","label_x":757.5,"label_y":299.5},"geometry":{"type":"Polygon","coordinates":[[[748.9,287.7],[749.2,290.7],[748.2,291.1],[748,292.8],[748.7,293.8],[747.3,295.9],[749.1,297.6],[749.1,299.3],[750,299.6],[750.3,300.5],[749.9,301.6],[750.4,303.2],[751,303.9],[750.6,306.4],[749.4,306.9],[749.1,308.9],[748.4,310],[748.4,310.8],[747.7,311.5],[747.3,313.2],[745.9,315.3],[745.8,316.5],[743.8,316.7],[743.6,318.7],[744.7,319.2],[744.2,320.2],[742.9,321],[743.9,321.7],[742.8,322.6],[743.3,323.9],[742.9,324.4],[743.4,325.8],[741.9,326],[743.3,328.1],[744.9,328.5],[745.5,327.7],[744.8,325.8],[745.3,324.9],[745.9,325],[746.8,326],[748,325.5],[749.8,325.2],[749.8,326.8],[750.9,326.7],[751.3,325.4],[750.4,324.5],[751.4,323.9],[752.6,324.7],[753.9,323.7],[754.8,323.8],[756.4,324.6],[758.1,325.6],[759.1,325.7],[759.9,326.9],[760.9,326.5],[761.2,324.2],[762.3,323.3],[763.3,323.1],[764.4,321.7],[765.6,321.5],[766.5,323.3],[767.7,323.2],[769.5,324.1],[769.5,322.8],[770.5,322.8],[770.5,319.8],[771.7,319.5],[771.9,318.6],[772.9,317.4],[773.6,317.5],[773.6,316.2],[774.5,315],[774.5,313.3],[774.2,312.3],[774.5,310.7],[773.4,310.4],[772.8,304.2],[766,304.9],[765.3,297.7],[764.4,289.6],[765.4,289.2],[765.1,286.3],[758.2,286.9],[757.4,277.6],[756,277.7],[755.6,273.7],[753.5,273.5],[753.1,272.2],[753.4,271.9],[753.2,270.4],[749.9,270.8],[749.8,272.1],[748.3,272.2],[747.5,271.8],[747.7,273.9],[748.9,287.7]]]}},{"type":"Feature","properties":{"GEOID":"1809","STATEFP":"18","CD":"09","st":"IN","label_x":780.5,"label_y":300.2},"geometry":{"type":"Polygon","coordinates":[[[765.4,289.2],[764.4,289.6],[765.3,297.7],[766,304.9],[772.8,304.2],[773.4,310.4],[774.5,310.7],[774.2,312.3],[774.5,313.3],[774.5,315],[773.6,316.2],[774.5,316.6],[775.1,319],[776.8,319.9],[777.7,319.7],[779.6,320],[781,319.6],[781.4,319.2],[781.6,317.5],[781.4,315.5],[782.4,313.9],[782.4,313.2],[783.3,312.6],[784.2,313],[785.6,311.5],[785.7,310.1],[786,309],[786.5,308.4],[788,307.8],[788.5,306.7],[789.3,306.1],[789.3,305.4],[788.7,304.3],[788.3,302.7],[788.5,301.5],[790.8,301],[791.9,301.1],[792.6,301.8],[794,301.6],[796.4,299.4],[797.5,299.3],[798.3,298.8],[799.6,298.7],[799.3,297.6],[799.8,297],[799.6,296.4],[798.3,296.3],[798.2,295.6],[798.7,294.9],[798.6,294.2],[797.4,292.8],[798.6,291.4],[797.5,281.5],[792,282.1],[788.9,282.5],[789.1,284.2],[783.1,284.8],[783.4,287.3],[782.4,287.4],[782.9,292.5],[780.9,292.8],[779.3,292.3],[775.8,292.8],[775.2,288.3],[772.2,288.6],[768.4,289.1],[765.4,289.2]]]}},{"type":"Feature","properties":{"GEOID":"1901","STATEFP":"19","CD":"01","st":"IA","label_x":659.1,"label_y":247.3},"geometry":{"type":"Polygon","coordinates":[[[642.6,237.3],[642.8,243.5],[643.1,243.5],[643.2,246.1],[641.7,245.7],[635.1,245.8],[635.3,254.1],[641,254],[649.5,253.7],[657.6,253.4],[663.6,253.1],[664,261],[664.2,266.5],[672.2,265.8],[673.1,267.2],[674.1,267.4],[674.3,268.3],[675.3,269.3],[675.9,269.3],[676,270.4],[676.8,271.1],[677.9,271.1],[678.7,270.8],[678.7,267.9],[678,267.2],[678.9,265.6],[680.7,264.8],[681.8,264.8],[682.8,264],[683.3,261.3],[683.1,260.6],[684.8,258.2],[685.4,257.8],[685.6,255.2],[685.4,253.7],[684.6,252.3],[683.7,252.1],[682.3,250.4],[682.9,248.2],[683.3,246.4],[684.5,245.7],[685.3,246],[686.5,245.2],[688.7,245.1],[690.1,244.8],[691.1,243.6],[692,243.1],[693.4,243.1],[694.2,242.1],[695.4,241.5],[695.3,240.1],[695.7,238.9],[695.6,238],[696.2,237.2],[697.8,236.2],[698.2,233.7],[698,232.5],[698.3,231.4],[697.8,230.6],[697.7,228.8],[696.9,228],[695,227.1],[693.6,226.5],[692.9,225.3],[693.1,224.2],[692,222.9],[688.7,223],[688.8,225.1],[676.7,225.7],[677.2,236],[667.7,236.4],[660.9,236.7],[661.3,245],[653.2,245.3],[653,243.1],[652.8,237],[642.6,237.3]]]}},{"type":"Feature","properties":{"GEOID":"1902","STATEFP":"19","CD":"02","st":"IA","label_x":664.6,"label_y":221.2},"geometry":{"type":"Polygon","coordinates":[[[639,198.6],[639.3,212.6],[647.5,212.4],[647.7,220.7],[639.5,220.9],[639.6,223],[640.2,222.9],[640.4,229.1],[646.3,229],[652.5,228.7],[652.8,237],[653,243.1],[653.2,245.3],[661.3,245],[660.9,236.7],[667.7,236.4],[677.2,236],[676.7,225.7],[688.8,225.1],[688.7,223],[692,222.9],[690.5,222.1],[690.2,221.5],[688.7,220.7],[688.9,220],[688.8,219.3],[687.4,217],[683.3,216.1],[681.6,215],[680.5,211.6],[679.7,211],[679.7,209.8],[679.1,208],[678.9,205.9],[679.8,204.1],[680.8,202.8],[679.5,201.2],[678.2,200.7],[678.3,199.6],[677.6,198.1],[677.8,197.1],[665.3,197.7],[655.1,198.1],[648.7,198.4],[639,198.6]]]}},{"type":"Feature","properties":{"GEOID":"1903","STATEFP":"19","CD":"03","st":"IA","label_x":623.2,"label_y":249.7},"geometry":{"type":"Polygon","coordinates":[[[642.6,237.3],[628.4,237.6],[628.2,229.4],[620.2,229.5],[620.3,237.7],[618.3,237.8],[618.3,243.9],[619.1,243.9],[619.1,246.3],[611.2,246.3],[611.2,254.5],[607.2,254.5],[607.3,264.8],[607.5,264.8],[607.5,268.3],[614.3,268.3],[623.2,268.3],[630.5,268.1],[639.9,267.7],[645,267.6],[653.9,267.1],[664.2,266.5],[664,261],[663.6,253.1],[657.6,253.4],[649.5,253.7],[641,254],[635.3,254.1],[635.1,245.8],[641.7,245.7],[643.2,246.1],[643.1,243.5],[642.8,243.5],[642.6,237.3]]]}},{"type":"Feature","properties":{"GEOID":"1904","STATEFP":"19","CD":"04","st":"IA","label_x":605.9,"label_y":232.8},"geometry":{"type":"Polygon","coordinates":[[[588.6,199.2],[586.2,199.2],[586.2,200.7],[587.4,201.7],[587.4,203.6],[586.4,204.2],[586.6,205.3],[588.1,205.7],[588.4,207.4],[588.8,208.3],[588.6,209.2],[587.6,210.4],[587.1,212.8],[587.3,213.6],[586.9,214.8],[585.4,216.6],[585.6,217.8],[587.1,219.1],[588.1,221.5],[588.1,223.1],[588.7,223],[589.5,223.2],[589.8,224.1],[589.2,224.9],[589.3,226.7],[590,227.3],[590.7,229.2],[590.2,229.6],[590.3,230.7],[591.7,232.1],[591.6,233.6],[592.2,233.7],[593.2,235.2],[594.1,235.3],[593.5,237],[594.3,238.1],[594.5,238.9],[595.1,239.3],[594.3,241.9],[594.7,243],[594.4,243.6],[594.9,244.5],[594.8,245.7],[595.4,246.3],[596.5,246.2],[596.3,247.2],[597.5,247.4],[597.5,249],[597.1,250.1],[598.3,250.8],[597.6,251.7],[597.9,252.7],[597.7,253.8],[598.7,253.9],[598.4,254.9],[598.8,256.3],[598.8,258.4],[599.4,259],[599.2,259.8],[599.7,261.1],[599.1,261.6],[599.3,263.5],[598.4,264.3],[598.4,265],[599.2,266],[600.1,266.4],[600.8,267.6],[600.5,268.2],[607.5,268.3],[607.5,264.8],[607.3,264.8],[607.2,254.5],[611.2,254.5],[611.2,246.3],[619.1,246.3],[619.1,243.9],[618.3,243.9],[618.3,237.8],[620.3,237.7],[620.2,229.5],[628.2,229.4],[628.4,237.6],[642.6,237.3],[652.8,237],[652.5,228.7],[646.3,229],[640.4,229.1],[640.2,222.9],[639.6,223],[639.5,220.9],[647.7,220.7],[647.5,212.4],[639.3,212.6],[639,198.6],[626,198.9],[614.9,199.1],[606,199.2],[596.7,199.2],[588.6,199.2]]]}},{"type":"Feature","properties":{"GEOID":"2001","STATEFP":"20","CD":"01","st":"KS","label_x":528.4,"label_y":318.8},"geometry":{"type":"Polygon","coordinates":[[[488.1,278.5],[487.6,287],[487.1,295.1],[486.4,306.7],[485.8,315.2],[485.2,324.9],[484.7,333.5],[483.7,349.8],[497.8,350.5],[508.1,351],[519.6,351.5],[530.3,352],[530.5,344.8],[530.4,342.9],[530.7,332.4],[530.5,332.4],[530.8,324.1],[538.9,324.4],[539.7,324.2],[540.9,323],[540.9,322.4],[551,322.7],[550.8,333.1],[550.8,335.2],[554.5,335.3],[565,335.5],[565,333.4],[565.1,325.1],[571.2,325.2],[571.3,314.9],[579.4,315],[579.5,310.1],[580.2,310.2],[580.2,308.8],[579.5,308.8],[579.5,306.2],[578.9,306.5],[579,300.5],[581,300.5],[580.9,303.6],[582.9,303.6],[583.6,304],[587.3,304],[587.3,304.7],[589.3,304.7],[589.3,301.7],[590.1,302.1],[590.5,301.4],[591.9,300.9],[593.2,301.3],[594.8,301.2],[595.7,302.7],[595.7,300.6],[603.8,300.6],[603.7,304.2],[605.8,304.4],[606.9,304.1],[608.4,305],[608.4,307.1],[609.6,307.6],[611.2,307.2],[611.2,302.7],[611.2,295.8],[604.1,295.8],[604.1,293.3],[601.4,292.3],[592.1,292.3],[592.1,282],[577.6,281.9],[563.4,281.7],[553.5,281.5],[539.6,281.1],[528.1,280.7],[516.4,280.1],[508,279.7],[499.5,279.2],[488.1,278.5]]]}},{"type":"Feature","properties":{"GEOID":"2002","STATEFP":"20","CD":"02","st":"KS","label_x":588.3,"label_y":317.5},"geometry":{"type":"Polygon","coordinates":[[[592.1,282],[592.1,292.3],[601.4,292.3],[604.1,293.3],[604.1,295.8],[611.2,295.8],[611.2,302.7],[611.2,307.2],[609.6,307.6],[608.4,307.1],[608.4,305],[606.9,304.1],[605.8,304.4],[603.7,304.2],[603.8,300.6],[595.7,300.6],[595.7,302.7],[594.8,301.2],[593.2,301.3],[591.9,300.9],[590.5,301.4],[590.1,302.1],[589.3,301.7],[589.3,304.7],[587.3,304.7],[587.3,304],[583.6,304],[582.9,303.6],[580.9,303.6],[581,300.5],[579,300.5],[578.9,306.5],[579.5,306.2],[579.5,308.8],[580.2,308.8],[580.2,310.2],[579.5,310.1],[579.4,315],[571.3,314.9],[571.2,325.2],[575.2,325.2],[575.2,327.3],[580.9,327.4],[589.8,327.4],[589.8,325.4],[597.1,325.4],[597.1,333.7],[597,344],[597,353.2],[607.4,353.2],[622.1,353],[622,344.4],[621.9,334.7],[621.9,330.6],[621.8,320.1],[613.5,320.2],[613.3,323.3],[613.3,328.5],[605.2,328.6],[605.2,323.3],[605.4,323.3],[605.3,313.8],[605.5,311.9],[613.6,311.9],[613.5,306.1],[614.1,305.7],[615.5,306],[616.2,305.9],[616.2,302.9],[617.8,303.2],[620.3,303.2],[620.9,303.8],[621.6,303.5],[621.7,301.8],[621,302],[620.1,301.3],[619.3,301.6],[618.3,300.7],[617.7,300.7],[617.2,299.3],[616.3,298.5],[615.8,296.5],[614.6,295.1],[613.8,294.8],[613.5,294],[612.5,293],[612.4,292.1],[613.4,291.9],[613.4,290.9],[613.9,289.9],[614.9,289.2],[615.1,288],[615.7,286.9],[616.5,286.5],[616.3,285.9],[615.3,285.4],[615,284.3],[614,284.4],[613.6,285.2],[612.8,285.3],[610.6,284.2],[608.8,282],[598.5,282],[592.1,282]]]}},{"type":"Feature","properties":{"GEOID":"2003","STATEFP":"20","CD":"03","st":"KS","label_x":613.5,"label_y":317},"geometry":{"type":"Polygon","coordinates":[[[621.6,303.5],[620.9,303.8],[620.3,303.2],[617.8,303.2],[616.2,302.9],[616.2,305.9],[615.5,306],[614.1,305.7],[613.5,306.1],[613.6,311.9],[605.5,311.9],[605.3,313.8],[605.4,323.3],[605.2,323.3],[605.2,328.6],[613.3,328.5],[613.3,323.3],[613.5,320.2],[621.8,320.1],[621.7,309.2],[621.6,303.5]]]}},{"type":"Feature","properties":{"GEOID":"2004","STATEFP":"20","CD":"04","st":"KS","label_x":563.8,"label_y":339.2},"geometry":{"type":"Polygon","coordinates":[[[571.2,325.2],[565.1,325.1],[565,333.4],[565,335.5],[554.5,335.3],[550.8,335.2],[550.8,333.1],[551,322.7],[540.9,322.4],[540.9,323],[539.7,324.2],[538.9,324.4],[530.8,324.1],[530.5,332.4],[530.7,332.4],[530.4,342.9],[530.5,344.8],[530.3,352],[539.9,352.3],[552.4,352.7],[566.4,353],[577.1,353.1],[587,353.2],[596.3,353.2],[597,353.2],[597,344],[597.1,333.7],[597.1,325.4],[589.8,325.4],[589.8,327.4],[580.9,327.4],[575.2,327.3],[575.2,325.2],[571.2,325.2]]]}},{"type":"Feature","properties":{"GEOID":"2101","STATEFP":"21","CD":"01","st":"KY","label_x":798.9,"label_y":334.9},"geometry":{"type":"MultiPolygon","coordinates":[[[[724.4,349],[725,349.4],[724.8,351.2],[723.9,353.2],[725.1,353.9],[724.1,354.3],[723.6,355.4],[724.5,356.5],[723.8,357.4],[723.3,358.9],[722.8,359],[721.4,357.5],[720.5,358],[719.9,360.8],[722.1,360.5],[725.5,360.3],[740.2,359.2],[745.4,358.9],[745.7,357.8],[744.8,354.6],[748.9,354.6],[748.9,355.4],[757.1,354.5],[762.7,353.9],[772.5,352.7],[773,353.1],[774,352.6],[777.3,352.3],[782.9,352.2],[786.7,352],[793.1,351.4],[798.5,350.6],[802.6,350.3],[802.2,350.2],[801.6,348.6],[801.7,347.1],[800.3,344.8],[802.1,343.2],[802.2,342.3],[803,342.4],[804.2,341],[802.7,340],[802.6,338.4],[805.6,335.1],[805.7,333.6],[805.3,332.3],[803.8,331.7],[802.7,331],[802.4,330],[802.4,328.1],[804.6,326.8],[805.7,325.7],[804.6,324.3],[803,324],[802.7,324.3],[798.8,325.4],[798.8,321.2],[797.8,320.3],[797.2,319.1],[797.6,318.2],[799,317.5],[799.6,315.4],[800.2,315.3],[800.5,314.2],[802.9,312.6],[802.1,308.9],[801.2,309.4],[800.4,309],[799.4,309.2],[798.3,309.9],[797.7,311.3],[797.8,313.7],[797.6,314.8],[796.7,317],[795.4,318.4],[795.9,320.8],[793.4,322.4],[793.1,323.5],[792.5,323.7],[791.7,325],[791,326.1],[790,329.4],[790.5,331],[790.1,331.8],[789.1,331.6],[789.2,332.4],[791.3,333.8],[794.1,337.6],[793.6,338.2],[791.1,339.9],[789.1,339.7],[787.9,338.5],[786.9,338.9],[786.4,339.7],[786.8,340.3],[787.8,346.6],[786.6,347.2],[783.7,349.9],[782.6,349],[781.5,347],[779.6,345.3],[775.6,349.5],[775.6,348.7],[772.2,348.5],[771.5,347.3],[770.7,347.6],[770.1,348.4],[769.2,347.2],[769.6,345.3],[770.1,344.7],[766.8,343.7],[764.3,343.5],[761.7,344.4],[759.3,344.7],[759.3,344.2],[758,343.1],[757.5,342],[757.9,341.2],[756.3,339.9],[757.7,337.1],[757.4,336.3],[756.6,335.8],[756.2,333],[755.4,332],[754.1,332],[753.4,331.3],[753.8,330.4],[754.9,330],[755.1,328.8],[757,327.8],[756.2,326.5],[756.4,324.6],[754.8,323.8],[753.9,323.7],[752.6,324.7],[751.4,323.9],[750.4,324.5],[751.3,325.4],[750.9,326.7],[749.8,326.8],[749.8,325.2],[748,325.5],[746.8,326],[745.9,325],[745.3,324.9],[744.8,325.8],[745.5,327.7],[744.9,328.5],[743.3,328.1],[742.8,329.6],[741.7,330.4],[741.2,331.5],[741.8,333.6],[743.1,334.6],[743,335.9],[739.3,336.7],[738,338],[737,337.5],[735.9,338.5],[735.3,341],[735.5,341.5],[736.7,342.8],[737.3,344],[736.7,345.9],[735.6,346.2],[734.6,345.9],[733.9,345.2],[731.6,344.6],[730.1,343.7],[728,343],[726.9,342.9],[725.9,343.5],[725.1,344.4],[724.7,345.4],[723.6,346.9],[723.4,347.8],[724.4,349]]],[[[718.6,360.9],[718.9,360.1],[718.5,359.2],[717.2,359.1],[716.9,359.9],[717.6,361],[718.6,360.9]]]]}},{"type":"Feature","properties":{"GEOID":"2102","STATEFP":"21","CD":"02","st":"KY","label_x":772.1,"label_y":330.7},"geometry":{"type":"Polygon","coordinates":[[[756.4,324.6],[756.2,326.5],[757,327.8],[755.1,328.8],[754.9,330],[753.8,330.4],[753.4,331.3],[754.1,332],[755.4,332],[756.2,333],[756.6,335.8],[757.4,336.3],[757.7,337.1],[756.3,339.9],[757.9,341.2],[757.5,342],[758,343.1],[759.3,344.2],[759.3,344.7],[761.7,344.4],[764.3,343.5],[766.8,343.7],[770.1,344.7],[769.6,345.3],[769.2,347.2],[770.1,348.4],[770.7,347.6],[771.5,347.3],[772.2,348.5],[775.6,348.7],[775.6,349.5],[779.6,345.3],[781.5,347],[782.6,349],[783.7,349.9],[786.6,347.2],[787.8,346.6],[786.8,340.3],[786.4,339.7],[786.9,338.9],[787.9,338.5],[789.1,339.7],[791.1,339.9],[793.6,338.2],[794.1,337.6],[791.3,333.8],[789.2,332.4],[789.1,331.6],[790.1,331.8],[790.5,331],[790,329.4],[791,326.1],[791.7,325],[791.2,325.1],[790.6,324.3],[791.1,323.1],[789.6,322.4],[787.9,321.1],[788.5,320.6],[789.5,319],[789,318.5],[789.6,316.5],[790.2,316.2],[790.3,312.4],[788.9,312],[788.5,312.5],[788.6,314.6],[787.4,315.8],[787.8,317.2],[785.1,317.2],[782.2,318.6],[781,319.6],[779.6,320],[777.7,319.7],[776.8,319.9],[775.1,319],[774.5,316.6],[773.6,316.2],[773.6,317.5],[772.9,317.4],[771.9,318.6],[771.7,319.5],[770.5,319.8],[770.5,322.8],[769.5,322.8],[769.5,324.1],[767.7,323.2],[766.5,323.3],[765.6,321.5],[764.4,321.7],[763.3,323.1],[762.3,323.3],[761.2,324.2],[760.9,326.5],[759.9,326.9],[759.1,325.7],[758.1,325.6],[756.4,324.6]]]}},{"type":"Feature","properties":{"GEOID":"2103","STATEFP":"21","CD":"03","st":"KY","label_x":784.9,"label_y":315.1},"geometry":{"type":"Polygon","coordinates":[[[781,319.6],[782.2,318.6],[785.1,317.2],[787.8,317.2],[787.4,315.8],[788.6,314.6],[788.5,312.5],[788.9,312],[785.7,310.1],[785.6,311.5],[784.2,313],[783.3,312.6],[782.4,313.2],[782.4,313.9],[781.4,315.5],[781.6,317.5],[781.4,319.2],[781,319.6]]]}},{"type":"Feature","properties":{"GEOID":"2104","STATEFP":"21","CD":"04","st":"KY","label_x":795.8,"label_y":307.5},"geometry":{"type":"Polygon","coordinates":[[[798.6,291.4],[797.4,292.8],[798.6,294.2],[798.7,294.9],[798.2,295.6],[798.3,296.3],[799.6,296.4],[799.8,297],[799.3,297.6],[799.6,298.7],[798.3,298.8],[797.5,299.3],[796.4,299.4],[794,301.6],[792.6,301.8],[791.9,301.1],[790.8,301],[788.5,301.5],[788.3,302.7],[788.7,304.3],[789.3,305.4],[789.3,306.1],[788.5,306.7],[788,307.8],[786.5,308.4],[786,309],[785.7,310.1],[788.9,312],[790.3,312.4],[790.2,316.2],[789.6,316.5],[789,318.5],[789.5,319],[788.5,320.6],[787.9,321.1],[789.6,322.4],[791.1,323.1],[790.6,324.3],[791.2,325.1],[791.7,325],[792.5,323.7],[793.1,323.5],[793.4,322.4],[795.9,320.8],[795.4,318.4],[796.7,317],[797.6,314.8],[797.8,313.7],[797.7,311.3],[798.3,309.9],[799.4,309.2],[800.4,309],[801.2,309.4],[802.1,308.9],[804,306.8],[805,305.2],[805.8,306.6],[806.9,307.2],[807.3,308.5],[808.2,309.8],[808.9,309.9],[810.6,308.9],[812,307.3],[813.4,305],[815.2,305.4],[816.5,303.8],[817.9,304.5],[821.6,302.4],[822.6,303.1],[823,304.5],[824.8,304.8],[825.5,305.3],[826.1,304.9],[827.4,306.5],[828.7,306.7],[830.9,305.5],[832.4,304.3],[835.2,303.6],[837,303.9],[837.7,302.4],[839.3,300.4],[838.1,299.4],[836.7,299.4],[835.7,298.8],[834.9,295.7],[834.4,295.1],[832.9,296],[832,296.2],[831.7,296.9],[830.9,297.5],[830.1,299],[828.4,299],[827.7,299.9],[826.2,298.6],[824.3,298.4],[823.2,297.9],[821.4,298.7],[820.7,300],[818.8,299.6],[818.5,298.7],[817.4,298.2],[816.9,297.4],[814.7,297],[813.1,297.6],[810.4,297.1],[810,296.6],[809.8,295.1],[808.6,293.7],[807.8,292.2],[805.8,291.6],[805.6,290.8],[804.8,290.2],[804.2,291],[802.1,291.6],[800.5,290.5],[799.7,290.3],[798.6,291.4]]]}},{"type":"Feature","properties":{"GEOID":"2105","STATEFP":"21","CD":"05","st":"KY","label_x":835.9,"label_y":325.5},"geometry":{"type":"Polygon","coordinates":[[[805.7,325.7],[804.6,326.8],[802.4,328.1],[802.4,330],[802.7,331],[803.8,331.7],[805.3,332.3],[805.7,333.6],[805.6,335.1],[802.6,338.4],[802.7,340],[804.2,341],[803,342.4],[802.2,342.3],[802.1,343.2],[800.3,344.8],[801.7,347.1],[801.6,348.6],[802.2,350.2],[802.6,350.3],[805.1,350.3],[810.7,349.8],[816,349.3],[821.1,348.7],[826.7,348.2],[826.9,347.7],[829.3,345.8],[831.4,345.5],[832,345],[835.4,343.3],[836.4,343],[836.4,342.1],[837.3,340.2],[839.2,339.9],[840.7,338.9],[841,337.4],[840.6,336.9],[841.4,336.1],[842.1,335.9],[843.1,334.6],[842.9,333.1],[846.6,330],[849.2,328.7],[849.8,327.9],[855.3,321.3],[853.6,321.6],[851.7,320.5],[851.1,319.8],[849.3,319.2],[847.9,317.5],[847.7,316.5],[846.5,315.8],[845.8,314.3],[844.2,313.5],[844.7,312.1],[843.8,311.9],[842.9,310.3],[841.1,309],[841.4,308.1],[841.8,305.9],[841.5,304.4],[841.1,304],[840.9,302.2],[840.4,301],[839.3,300.4],[837.7,302.4],[837,303.9],[835.2,303.6],[832.4,304.3],[830.9,305.5],[828.7,306.7],[827.4,306.5],[826.1,304.9],[825.5,305.3],[824.7,306.2],[824.8,308],[823.1,310.1],[822.5,310.5],[821.2,309.2],[819.3,310.5],[819.2,311.4],[820.1,311.5],[820.5,312.2],[821.5,312.4],[822.1,314.4],[821.4,314.8],[820.9,315.7],[821.6,317.4],[823.9,318.8],[822.9,321.6],[822.1,321.7],[820.9,323.1],[820.8,323.7],[819.8,326.1],[818.6,325.3],[817.1,325.9],[814.8,326.4],[814.4,327.3],[813.3,327.6],[811.6,327.2],[811.3,328.8],[809.5,328.5],[805.8,326],[805.7,325.7]]]}},{"type":"Feature","properties":{"GEOID":"2106","STATEFP":"21","CD":"06","st":"KY","label_x":810.2,"label_y":315.5},"geometry":{"type":"Polygon","coordinates":[[[802.1,308.9],[802.9,312.6],[800.5,314.2],[800.2,315.3],[799.6,315.4],[799,317.5],[797.6,318.2],[797.2,319.1],[797.8,320.3],[798.8,321.2],[798.8,325.4],[802.7,324.3],[803,324],[804.6,324.3],[805.7,325.7],[805.8,326],[809.5,328.5],[811.3,328.8],[811.6,327.2],[813.3,327.6],[814.4,327.3],[814.8,326.4],[817.1,325.9],[818.6,325.3],[819.8,326.1],[820.8,323.7],[820.9,323.1],[822.1,321.7],[822.9,321.6],[823.9,318.8],[821.6,317.4],[820.9,315.7],[821.4,314.8],[822.1,314.4],[821.5,312.4],[820.5,312.2],[820.1,311.5],[819.2,311.4],[819.3,310.5],[821.2,309.2],[822.5,310.5],[823.1,310.1],[824.8,308],[824.7,306.2],[825.5,305.3],[824.8,304.8],[823,304.5],[822.6,303.1],[821.6,302.4],[817.9,304.5],[816.5,303.8],[815.2,305.4],[813.4,305],[812,307.3],[810.6,308.9],[808.9,309.9],[808.2,309.8],[807.3,308.5],[806.9,307.2],[805.8,306.6],[805,305.2],[804,306.8],[802.1,308.9]]]}},{"type":"Feature","properties":{"GEOID":"2201","STATEFP":"22","CD":"01","st":"LA","label_x":725.1,"label_y":518.5},"geometry":{"type":"MultiPolygon","coordinates":[[[[732,512.4],[732.7,512.8],[735.2,512.8],[734.4,512],[734.2,510.8],[732.7,511.6],[732,512.4]]],[[[699.5,509.1],[699.9,509.6],[700,511.1],[700.7,511.8],[703,512.3],[705.4,511.6],[705.5,510.3],[707.1,510.8],[708,509.9],[708.4,508.8],[712.1,508.2],[715.1,509.4],[715.2,510.5],[711.8,511.6],[711.4,512.3],[710.3,513.3],[709,515.1],[710.1,515.4],[711.2,516.5],[713.6,515.4],[714.4,516.7],[716.8,515.4],[717.1,514],[718.4,513.8],[720.2,512.7],[721,513.3],[720.3,514],[719.6,516.1],[720.3,516.1],[720.8,517.5],[719.1,516.9],[718.3,518.2],[717.5,518.8],[717.8,519.8],[716.7,519.9],[716.7,518.3],[715.5,518.7],[715.4,519.5],[714.5,522.2],[712,522.3],[711.4,520.8],[710.2,520.5],[709.4,519.9],[708.3,520.5],[706.5,521.7],[706.3,522.2],[705,522.2],[703.4,521.9],[703.4,522.8],[704.7,523.4],[705.8,524.7],[706.5,524.9],[707.6,525.7],[709.1,527.6],[711.7,530],[712,531.5],[711.6,532.4],[712,531.7],[713.4,532.2],[714.7,535.1],[715.4,536.4],[716.1,535.9],[718.9,533.7],[717.7,532.6],[717.5,532.1],[718.2,531.3],[719.1,531.6],[718.9,530.4],[719.6,529.4],[719.5,528.7],[720.1,528],[720.1,527.2],[721.7,527.6],[722.8,526.8],[722.7,528],[724.3,528.7],[727.6,528.5],[726,529.3],[724.6,529.6],[724,530.2],[727.1,530.8],[727.9,531.7],[730.4,532.4],[732.3,534.4],[733.3,534.2],[733.8,532.5],[734.8,533.1],[734.1,535.8],[733.6,535.9],[733.1,537.2],[732.6,538],[732.5,538.9],[734.8,535.9],[736.1,535.5],[736.2,536.5],[737.4,536.4],[737.6,535.3],[739.2,534.7],[739.7,533.6],[738.5,533.6],[738.8,532.8],[740.1,532.6],[739.8,531.7],[738.9,532.3],[737.9,532.2],[737.9,531],[737.4,530.1],[736,529],[735.4,529.9],[734.7,528.9],[733.8,528.5],[733.2,528.9],[732.2,528.2],[730.4,528],[729,528.4],[728.9,527.2],[728.2,526.4],[726.8,525.9],[726,525.1],[725.9,523],[728,522.1],[728.8,522.2],[728.9,521],[730.9,521],[730.7,520],[731.3,518.8],[732.5,518.8],[731.5,517.6],[732.8,517.2],[732.7,516.1],[734.2,515.3],[734.5,514.4],[733.4,514],[732.7,515.6],[731.7,516.4],[731.4,515.2],[730.5,514.8],[730.2,513.1],[729.1,512.3],[729,513.1],[727.2,514.4],[727.5,515],[727.1,517],[726.3,517.4],[724.9,517.3],[724,516.5],[723.9,515.7],[722.4,516],[721.9,515.5],[721.5,514.5],[722.3,513.4],[723.3,513.3],[724.2,512.7],[726.1,510.5],[726.8,510.6],[728,509.6],[727.1,509.9],[726.1,508.9],[725.4,507.4],[725.7,506.3],[725.1,505.9],[724.5,504.8],[724.4,503.7],[722.6,502.3],[721.4,500.3],[720.9,498.9],[717.8,499.1],[712.4,498.3],[712.9,501],[713,503.2],[710.2,503.2],[709.5,502],[708.8,504],[704.3,504.4],[704.4,505.8],[702.4,507],[703.4,507.9],[703.5,508.7],[701.8,509.2],[700.9,508.2],[699.5,509.1]]]]}},{"type":"Feature","properties":{"GEOID":"2202","STATEFP":"22","CD":"02","st":"LA","label_x":700,"label_y":514.4},"geometry":{"type":"Polygon","coordinates":[[[683.5,504.9],[684.8,506.1],[685.1,506.8],[685.3,509.2],[686.6,510.8],[687.7,510.8],[688.5,512],[688.7,514],[690.3,513.9],[690.8,515],[692.7,514.8],[693.7,515.4],[693,516.2],[693.7,518],[694.7,519.7],[695.8,519.8],[696.7,520.6],[696.5,522.2],[696.6,524.3],[697.1,524.7],[699,521.8],[700,519.8],[701.1,520.1],[700.9,521.1],[701.8,521.4],[702.4,520.9],[702.3,519.5],[700.8,518.8],[700.7,518],[702.8,517.8],[704.9,518],[707.9,517.9],[709.1,518.9],[709.4,519.9],[710.2,520.5],[711.4,520.8],[712,522.3],[714.5,522.2],[715.4,519.5],[715.5,518.7],[716.7,518.3],[716.7,519.9],[717.8,519.8],[717.5,518.8],[718.3,518.2],[719.1,516.9],[720.8,517.5],[720.3,516.1],[719.6,516.1],[720.3,514],[721,513.3],[720.2,512.7],[718.4,513.8],[717.1,514],[716.8,515.4],[714.4,516.7],[713.6,515.4],[711.2,516.5],[710.1,515.4],[709,515.1],[710.3,513.3],[711.4,512.3],[711.8,511.6],[715.2,510.5],[715.1,509.4],[712.1,508.2],[708.4,508.8],[708,509.9],[707.1,510.8],[705.5,510.3],[705.4,511.6],[703,512.3],[700.7,511.8],[700,511.1],[699.9,509.6],[699.5,509.1],[698.1,509.2],[697.6,508.2],[697.3,508.5],[695,508.5],[691.6,508.6],[688.5,505.2],[687.9,504.7],[683.5,504.9]]]}},{"type":"Feature","properties":{"GEOID":"2203","STATEFP":"22","CD":"03","st":"LA","label_x":659.7,"label_y":521.2},"geometry":{"type":"MultiPolygon","coordinates":[[[[677.7,526.8],[678.5,527.4],[680.9,528.4],[681.6,528.9],[683.2,528.6],[683.2,527.8],[684.2,527],[682.7,526.2],[680.3,525.3],[679.5,525.9],[678.7,525.9],[677.7,526.8]]],[[[642.8,516.8],[641.5,518.3],[640.9,519.9],[640.2,521.3],[638.8,522.4],[639.3,523.5],[640.6,525.3],[642.6,524.2],[643.8,523.9],[648.1,523.3],[650.6,523.4],[652.6,523],[654.1,523.1],[658.4,524.2],[663.1,526.3],[665,526.9],[668.8,527.5],[671.8,528.1],[673.1,527.8],[675.4,526.7],[676.1,526],[675.5,524.9],[676.1,524],[674.8,524],[674.1,523.5],[675.5,522.5],[675.8,523.1],[677.4,522],[680.5,520.6],[681.5,520.7],[681.1,521.9],[681.2,523.6],[682.8,522.6],[684,522.8],[685.8,522.6],[686,523.1],[685.9,525.2],[687.4,525],[688.3,527.4],[689.7,527],[690.2,527.6],[691.7,527.6],[692,528.2],[693.5,528.4],[694.5,529.3],[694.5,530.2],[696.4,531.5],[696.7,532.3],[696.6,533.6],[695.8,533.5],[695.7,532.3],[695.1,532.4],[694.2,531.2],[693.6,531.1],[693.1,532.4],[692.3,532.6],[693.3,533.6],[694.8,534.2],[696.6,534.3],[698,535.1],[699.1,535.2],[700.1,534.9],[701.4,535.9],[702.5,537.4],[705.1,535.8],[705.7,536],[706,534.9],[706.5,534.9],[707.2,533.8],[707.7,532.5],[708.8,531.7],[709.9,531.9],[710.6,530.5],[711.5,531.4],[711.6,532.4],[712,531.5],[711.7,530],[709.1,527.6],[707.6,525.7],[706.5,524.9],[705.8,524.7],[704.7,523.4],[703.4,522.8],[703.4,521.9],[705,522.2],[706.3,522.2],[706.5,521.7],[708.3,520.5],[709.4,519.9],[709.1,518.9],[707.9,517.9],[704.9,518],[702.8,517.8],[700.7,518],[700.8,518.8],[702.3,519.5],[702.4,520.9],[701.8,521.4],[700.9,521.1],[701.1,520.1],[700,519.8],[699,521.8],[697.1,524.7],[696.6,524.3],[696.5,522.2],[696.7,520.6],[695.8,519.8],[694.7,519.7],[693.7,518],[693,516.2],[693.7,515.4],[692.7,514.8],[690.8,515],[690.3,513.9],[688.7,514],[688.5,512],[687.7,510.8],[686.6,510.8],[685.3,509.2],[685.1,506.8],[684.8,506.1],[683.5,504.9],[682.4,504.9],[683.7,507.1],[681.3,507.4],[680.2,506.9],[678.8,507.5],[678.5,508.4],[678.7,510.3],[678.2,510.7],[678.6,511.8],[675.8,511],[675.9,509],[674.7,510],[674,508.8],[673.9,506.7],[672.5,506.8],[672.5,505.8],[667.5,506],[664.7,505.9],[661.8,506],[661.8,507.2],[655.9,507.3],[654.6,507.7],[654.6,508.8],[656.6,508.7],[656.7,510.4],[654.8,510.7],[651.2,510.9],[651.3,512.2],[650.8,512.7],[649.8,512.8],[649.8,513.5],[651.1,513.5],[652.4,515.2],[653.8,513.6],[653.9,516.5],[642.8,516.8]]]]}},{"type":"Feature","properties":{"GEOID":"2204","STATEFP":"22","CD":"04","st":"LA","label_x":644.9,"label_y":481.5},"geometry":{"type":"Polygon","coordinates":[[[634.8,447.1],[635,454.8],[635.3,471.1],[635.8,471.3],[636.7,472.9],[638.3,473.5],[638.7,475.2],[639.8,476.3],[639.6,476.9],[640.4,478],[639.8,478.9],[640,479.7],[639.6,480.5],[640,481.4],[640.8,482.2],[641.5,482.1],[641.9,483],[641.4,483.5],[642.6,484.1],[643.1,485.3],[643.1,486.5],[642.8,487.2],[644.2,489],[644.6,490.3],[645.6,490],[645.9,491.7],[645.6,492.6],[646.3,492.9],[645.9,494.2],[645.3,495],[646.1,495.4],[646.2,496.2],[645.3,497.2],[645.8,498.3],[644.7,500.4],[644.5,501.6],[643.2,502.9],[643.4,504],[642.7,504.2],[642.3,505.5],[643,507.7],[642.1,508.7],[641.8,509.9],[642.2,510.9],[643,511.2],[643,512.3],[642.8,513.1],[643.3,514.4],[642.7,515.8],[642.8,516.8],[653.9,516.5],[653.8,513.6],[652.4,515.2],[651.1,513.5],[649.8,513.5],[649.8,512.8],[650.8,512.7],[651.3,512.2],[651.2,510.9],[654.8,510.7],[656.7,510.4],[656.6,508.7],[654.6,508.8],[654.6,507.7],[655.9,507.3],[661.8,507.2],[661.8,506],[664.7,505.9],[667.5,506],[668.3,504.7],[672.1,504.4],[672.1,503.7],[673.1,503.7],[673.2,501.6],[673.8,501.2],[673.7,499],[672.9,498.4],[672.8,497.1],[671.3,495.1],[671.3,494.4],[670.3,494.5],[669.4,493.8],[668.1,492],[668.8,491.4],[668,487.9],[666.9,488.3],[666.9,487.3],[666.1,486.4],[664.4,486.6],[662.4,486],[662,485.2],[661.3,485.7],[658.7,485.7],[658.3,486.4],[656.9,486.1],[656.7,485.6],[651.8,485.7],[651.7,481.6],[649.6,481.6],[649.5,477.5],[647.5,477.5],[647.4,474.5],[642,474.6],[641.6,473.6],[640.7,473.4],[640.9,472.3],[640.5,471.6],[639.4,471.9],[639.6,470.4],[640.2,469.4],[641.3,469.7],[640.5,468.1],[639.9,468.1],[639.7,465.6],[641,465.7],[641.5,465.4],[640.8,463.8],[640.3,464.2],[638.8,464.4],[638.4,463.2],[639.3,463.2],[639.6,461.7],[638.3,461.2],[638.4,460.4],[637.2,460.6],[637,459.8],[637.8,459.1],[638.9,459.6],[639.4,458.6],[638.9,458.2],[638.9,456.8],[639.7,457.1],[641,458.8],[640.7,460.3],[641.2,460.7],[640.4,462.4],[641.6,463.5],[642.6,463.4],[643.5,464.2],[644.1,466],[645.5,466.7],[645.6,467.9],[645.2,468.4],[646.4,469.4],[647.3,471.1],[648,471.1],[649,472.3],[649.2,473.2],[650.5,473.4],[651.1,472.8],[651.3,471.3],[653.6,471.3],[652.9,470.4],[653.3,469.5],[652.9,468.2],[652.2,467.2],[657.2,467],[657.9,468.4],[658.3,470.2],[658.4,471.9],[658,474],[657.2,473.9],[657.2,475.6],[656.9,475.8],[657,478.1],[658.2,478.5],[658.1,479.3],[660.2,479.9],[661.2,480.8],[662.5,482.3],[662.6,484.3],[663.4,484.7],[672.5,482.3],[671.1,482],[670.3,480.7],[670.2,479.7],[669,479.1],[668.8,477.2],[669.3,475.9],[668.9,474.8],[669.4,474.4],[669.8,472.5],[669.5,463.5],[675,463.3],[675.3,462.8],[675.5,460.9],[672.8,460.3],[669,460.5],[668.5,458.8],[667.2,457.9],[670.4,457.7],[670.5,458.2],[672,458.1],[671.9,457.3],[673.9,457.2],[673.9,456.4],[674.7,455.9],[675.2,454.4],[676.6,454.3],[675.8,453.2],[674.2,453],[673.9,451.9],[674,450.1],[673.5,449.5],[673.4,447.3],[673.6,446.1],[659.3,446.5],[653.9,446.6],[645.7,446.8],[634.8,447.1]]]}},{"type":"Feature","properties":{"GEOID":"2205","STATEFP":"22","CD":"05","st":"LA","label_x":678.6,"label_y":477.4},"geometry":{"type":"Polygon","coordinates":[[[673.6,446.1],[673.4,447.3],[673.5,449.5],[674,450.1],[673.9,451.9],[674.2,453],[675.8,453.2],[676.6,454.3],[675.2,454.4],[674.7,455.9],[673.9,456.4],[673.9,457.2],[671.9,457.3],[672,458.1],[670.5,458.2],[670.4,457.7],[667.2,457.9],[668.5,458.8],[669,460.5],[672.8,460.3],[675.5,460.9],[675.3,462.8],[675,463.3],[669.5,463.5],[669.8,472.5],[669.4,474.4],[668.9,474.8],[669.3,475.9],[668.8,477.2],[669,479.1],[670.2,479.7],[670.3,480.7],[671.1,482],[672.5,482.3],[673.1,482.8],[673.5,484],[675,485.3],[674.1,486.3],[671.9,486],[672.1,490.5],[672.3,491.8],[673.2,493],[675,493],[676.2,491.1],[676.5,491.5],[678.4,491.6],[679.8,492.8],[680.8,492.4],[681.3,493.5],[682,492.7],[683.7,493],[684.2,494.7],[683.9,496.4],[684.7,496.8],[686.8,496.2],[686.4,497.9],[685.5,498.3],[686.2,499.3],[688.3,499.1],[689.7,498.5],[690.3,499.3],[690.7,500.7],[692.3,499.6],[696.3,499.2],[695.8,499.9],[695.5,501.3],[695.7,501.7],[695.6,503.2],[696.3,504.2],[696.8,504],[697.6,505.1],[697.5,506.3],[696.4,506.2],[696,505.6],[695.1,505.6],[693.7,506.2],[694.7,507.4],[697.6,508.2],[698.1,509.2],[699.5,509.1],[700.9,508.2],[701.8,509.2],[703.5,508.7],[703.4,507.9],[702.4,507],[704.4,505.8],[704.3,504.4],[708.8,504],[709.5,502],[710.2,503.2],[713,503.2],[712.9,501],[712.4,498.3],[717.8,499.1],[720.9,498.9],[720.9,496.6],[721.8,495],[721.9,493.4],[722.6,490.8],[713.9,491.4],[706.2,491.9],[695.7,492.5],[684.5,493],[685.7,492.1],[685.6,491.3],[684.3,490.3],[685,488.4],[683.8,487.5],[683.9,486.7],[685.2,486.8],[686.3,486.5],[686.4,485.5],[685.6,484.8],[685,483.6],[685.5,482.8],[686.3,484.2],[687.1,483.6],[686.2,482.5],[686.1,480.4],[687.4,480.2],[688.2,479.4],[687.9,478.8],[686.6,479.1],[686,478.5],[686.3,477.7],[687.9,478.5],[688.4,477.7],[688.3,476.1],[688.9,475.2],[690.6,475.2],[690.4,474.5],[688.8,474.9],[689.1,472.9],[690.7,472.4],[691.9,471.2],[692.1,470],[693.5,469.3],[694.3,468.6],[693.8,467.8],[694.1,467.1],[694.9,466.6],[695.6,465.1],[694.6,465.2],[693.5,466.1],[692.4,465.9],[692.3,464.4],[694.8,463.2],[695.9,463.9],[695.9,461.9],[697.1,461.6],[697.1,460.8],[695.7,460.6],[695.3,460.2],[695.9,458.6],[694.7,458.7],[693.4,458.2],[692.9,457.2],[693.3,456],[694.4,455.3],[694.1,454.6],[692.8,455.2],[692,453.9],[693.7,452.4],[693.7,451.8],[691.6,451.4],[691.6,449.9],[691.9,449.2],[693.3,448],[693.4,447.1],[692.9,446],[691.9,445.9],[692.1,447.1],[691.6,447.8],[690.5,447.4],[690.7,446.4],[691.3,445.4],[685.5,445.6],[673.6,446.1]]]}},{"type":"Feature","properties":{"GEOID":"2206","STATEFP":"22","CD":"06","st":"LA","label_x":657.4,"label_y":484.5},"geometry":{"type":"Polygon","coordinates":[[[672.5,482.3],[663.4,484.7],[662.6,484.3],[662.5,482.3],[661.2,480.8],[660.2,479.9],[658.1,479.3],[658.2,478.5],[657,478.1],[656.9,475.8],[657.2,475.6],[657.2,473.9],[658,474],[658.4,471.9],[658.3,470.2],[657.9,468.4],[657.2,467],[652.2,467.2],[652.9,468.2],[653.3,469.5],[652.9,470.4],[653.6,471.3],[651.3,471.3],[651.1,472.8],[650.5,473.4],[649.2,473.2],[649,472.3],[648,471.1],[647.3,471.1],[646.4,469.4],[645.2,468.4],[645.6,467.9],[645.5,466.7],[644.1,466],[643.5,464.2],[642.6,463.4],[641.6,463.5],[640.4,462.4],[641.2,460.7],[640.7,460.3],[641,458.8],[639.7,457.1],[638.9,456.8],[638.9,458.2],[639.4,458.6],[638.9,459.6],[637.8,459.1],[637,459.8],[637.2,460.6],[638.4,460.4],[638.3,461.2],[639.6,461.7],[639.3,463.2],[638.4,463.2],[638.8,464.4],[640.3,464.2],[640.8,463.8],[641.5,465.4],[641,465.7],[639.7,465.6],[639.9,468.1],[640.5,468.1],[641.3,469.7],[640.2,469.4],[639.6,470.4],[639.4,471.9],[640.5,471.6],[640.9,472.3],[640.7,473.4],[641.6,473.6],[642,474.6],[647.4,474.5],[647.5,477.5],[649.5,477.5],[649.6,481.6],[651.7,481.6],[651.8,485.7],[656.7,485.6],[656.9,486.1],[658.3,486.4],[658.7,485.7],[661.3,485.7],[662,485.2],[662.4,486],[664.4,486.6],[666.1,486.4],[666.9,487.3],[666.9,488.3],[668,487.9],[668.8,491.4],[668.1,492],[669.4,493.8],[670.3,494.5],[671.3,494.4],[671.3,495.1],[672.8,497.1],[672.9,498.4],[673.7,499],[673.8,501.2],[673.2,501.6],[673.1,503.7],[672.1,503.7],[672.1,504.4],[668.3,504.7],[667.5,506],[672.5,505.8],[672.5,506.8],[673.9,506.7],[674,508.8],[674.7,510],[675.9,509],[675.8,511],[678.6,511.8],[678.2,510.7],[678.7,510.3],[678.5,508.4],[678.8,507.5],[680.2,506.9],[681.3,507.4],[683.7,507.1],[682.4,504.9],[683.5,504.9],[687.9,504.7],[688.5,505.2],[691.6,508.6],[695,508.5],[697.3,508.5],[697.6,508.2],[694.7,507.4],[693.7,506.2],[695.1,505.6],[696,505.6],[696.4,506.2],[697.5,506.3],[697.6,505.1],[696.8,504],[696.3,504.2],[695.6,503.2],[695.7,501.7],[695.5,501.3],[695.8,499.9],[696.3,499.2],[692.3,499.6],[690.7,500.7],[690.3,499.3],[689.7,498.5],[688.3,499.1],[686.2,499.3],[685.5,498.3],[686.4,497.9],[686.8,496.2],[684.7,496.8],[683.9,496.4],[684.2,494.7],[683.7,493],[682,492.7],[681.3,493.5],[680.8,492.4],[679.8,492.8],[678.4,491.6],[676.5,491.5],[676.2,491.1],[675,493],[673.2,493],[672.3,491.8],[672.1,490.5],[671.9,486],[674.1,486.3],[675,485.3],[673.5,484],[673.1,482.8],[672.5,482.3]]]}},{"type":"Feature","properties":{"GEOID":"2301","STATEFP":"23","CD":"01","st":"ME","label_x":1027.4,"label_y":130.6},"geometry":{"type":"MultiPolygon","coordinates":[[[[1051.7,119.7],[1053,120],[1052.8,119.1],[1051.7,119.7]]],[[[1047.7,120.4],[1048.3,120.7],[1048.8,121.6],[1049.7,121.3],[1050,120.1],[1049.2,119.4],[1047.7,120.4]]],[[[1047,120.1],[1048.6,118.7],[1048.1,118.1],[1047.2,119.2],[1047,120.1]]],[[[1015.8,136.8],[1017.4,141.8],[1017.9,142.1],[1018,143.7],[1018.4,144.7],[1018.1,145.4],[1018.9,146.9],[1019.9,147.2],[1020.7,148.2],[1022,148.7],[1022.5,151.2],[1025,152.2],[1025.4,151.8],[1026.1,147.9],[1025.6,147.4],[1025.7,145.9],[1026.3,144.9],[1027.8,144],[1027.5,143.5],[1028.2,142],[1027.5,140.8],[1027.7,140],[1028.9,138.8],[1030.2,138.4],[1029.6,137.1],[1028.5,135.9],[1029.1,134.4],[1029,133.6],[1030.9,131.6],[1031.2,130.9],[1032.3,130.9],[1031.8,133],[1032.3,133.4],[1033.1,132.2],[1034.1,132.1],[1035.1,133.3],[1036.3,132.3],[1036.3,131.7],[1037.4,129.7],[1038,129],[1039,129.3],[1039.7,129],[1040,127.4],[1039.9,125.6],[1041,124.8],[1042.9,125.5],[1043.9,125.2],[1044.1,124.1],[1045.5,121.5],[1044.7,121.5],[1044.5,119.8],[1044.8,117.5],[1043.2,117.7],[1040.1,116],[1039.2,117.6],[1036.4,117.6],[1036.6,114.5],[1037.5,114.5],[1037.3,112.4],[1036.5,112.4],[1036.3,110.3],[1035.2,110.5],[1034.3,108.9],[1032.1,110],[1032.3,110.7],[1033.4,111.5],[1033.3,112.7],[1032.4,113.5],[1031.9,114.7],[1032.6,114.8],[1032.6,117.8],[1034.4,117.7],[1034.6,120.9],[1033.1,121.3],[1033.5,123.1],[1031.9,123.1],[1032.4,122],[1032.3,121.2],[1029.9,121.3],[1030,123.5],[1029.3,124.1],[1029.7,124.8],[1029.8,128],[1030.2,128.3],[1029.3,130.3],[1027.6,129.6],[1025.2,128.2],[1024.8,129.6],[1024.1,129.7],[1022.1,129],[1021.7,129.9],[1020.7,129.6],[1020.2,129],[1020.3,127.5],[1019.4,126.5],[1016.7,129.6],[1019.2,131.7],[1019,133.6],[1018.4,134.5],[1018.8,135.6],[1017.4,135.9],[1016.8,136.6],[1015.8,136.8]]]]}},{"type":"Feature","properties":{"GEOID":"2302","STATEFP":"23","CD":"02","st":"ME","label_x":1041.8,"label_y":90},"geometry":{"type":"MultiPolygon","coordinates":[[[[1053.9,117.1],[1055.2,117.6],[1055.8,116.5],[1054.5,116],[1053.9,117.1]]],[[[1049.7,116.6],[1050.5,118],[1051.6,117.7],[1052.5,116.2],[1050.5,115.2],[1049.7,116.6]]],[[[1044.8,117.5],[1045.5,115.4],[1045.3,114.7],[1044.2,113.4],[1045.5,112.3],[1046.6,111.8],[1047.5,113.6],[1047.6,115.1],[1048.9,114.2],[1049.9,114.8],[1050.9,114.7],[1052.5,115.3],[1052.9,114.8],[1051.9,113.9],[1051.9,112.8],[1051.2,112],[1052.8,110.9],[1052.2,109.3],[1053,109.4],[1053.3,110.9],[1053.9,110.2],[1054.6,111],[1054.1,111.6],[1054.1,113.5],[1054.8,114.4],[1056.5,114.5],[1056.7,114],[1055.9,113.2],[1057.5,112.7],[1057.9,111.2],[1057.3,110.4],[1056.1,109.6],[1055.4,109.8],[1055.1,108.9],[1056.2,108.1],[1057.1,108.4],[1058,108.1],[1058.5,109.6],[1059.2,109.7],[1060.7,109.4],[1060.9,108.2],[1061.9,107.3],[1062.1,106.2],[1061.8,105.7],[1064.3,104.6],[1066.4,104],[1066,103.4],[1066.1,101.8],[1068.5,101.8],[1068.9,100.5],[1068.2,99.6],[1069.3,98.8],[1069.6,99.8],[1070.7,99.4],[1071.6,99.6],[1072.1,98.2],[1073.9,94.8],[1073.3,94.1],[1073,92.5],[1072,92.2],[1070.6,90.4],[1069.6,88.7],[1068.5,87.8],[1067.4,88.1],[1066.2,87.9],[1066.1,89.3],[1065.6,89.5],[1063.1,87.5],[1062.7,86.8],[1062.9,85],[1062.6,84],[1061.7,83.5],[1060.9,82.4],[1061.2,81.5],[1061.9,81.4],[1061.2,79.7],[1058.3,80],[1055.9,79.3],[1054.7,79.4],[1053.9,76.5],[1054.5,75.9],[1053.3,74.8],[1053.9,73.7],[1053.2,73.3],[1050.9,65.8],[1048.6,58.6],[1045.4,48.1],[1043.6,47.6],[1042,46],[1038.5,44.6],[1038.1,44.1],[1036.8,43.9],[1035.1,44.1],[1034.4,44.7],[1034.7,46],[1033.2,46.2],[1031.7,46.9],[1031.5,48],[1029.9,48.5],[1027.3,50.7],[1024.8,49.9],[1023.8,47],[1023.8,46.1],[1021.3,45.8],[1020.6,45.9],[1017.5,55],[1013.5,66.6],[1014.4,73.1],[1013.9,73.4],[1013.3,74.8],[1012.5,75.7],[1012.3,78.7],[1012,79.2],[1013.2,80.1],[1012.7,81.4],[1012.7,83.2],[1013.3,84.4],[1014.4,84.6],[1014.2,86.4],[1013.4,87.1],[1012.6,88.7],[1013.3,89.7],[1013.3,90.4],[1012.3,91],[1010.8,93.3],[1010.1,94],[1009.7,95.2],[1009.7,97],[1011,97.7],[1011.7,98.5],[1011.4,99.3],[1010.4,99.2],[1009,98.6],[1008.5,99.5],[1009,99.9],[1009.3,101.2],[1008.6,103.5],[1007.7,102.6],[1007.6,101.9],[1006.9,101.4],[1005.8,102.4],[1005,102.8],[1009.8,117.3],[1012.4,125.7],[1015.8,136.8],[1016.8,136.6],[1017.4,135.9],[1018.8,135.6],[1018.4,134.5],[1019,133.6],[1019.2,131.7],[1016.7,129.6],[1019.4,126.5],[1020.3,127.5],[1020.2,129],[1020.7,129.6],[1021.7,129.9],[1022.1,129],[1024.1,129.7],[1024.8,129.6],[1025.2,128.2],[1027.6,129.6],[1029.3,130.3],[1030.2,128.3],[1029.8,128],[1029.7,124.8],[1029.3,124.1],[1030,123.5],[1029.9,121.3],[1032.3,121.2],[1032.4,122],[1031.9,123.1],[1033.5,123.1],[1033.1,121.3],[1034.6,120.9],[1034.4,117.7],[1032.6,117.8],[1032.6,114.8],[1031.9,114.7],[1032.4,113.5],[1033.3,112.7],[1033.4,111.5],[1032.3,110.7],[1032.1,110],[1034.3,108.9],[1035.2,110.5],[1036.3,110.3],[1036.5,112.4],[1037.3,112.4],[1037.5,114.5],[1036.6,114.5],[1036.4,117.6],[1039.2,117.6],[1040.1,116],[1043.2,117.7],[1044.8,117.5]]]]}},{"type":"Feature","properties":{"GEOID":"2401","STATEFP":"24","CD":"01","st":"MD","label_x":958.4,"label_y":271.5},"geometry":{"type":"MultiPolygon","coordinates":[[[[962.1,292],[962.1,290.7],[961.5,290.1],[960.9,290.3],[961.2,292.2],[962.1,292]]],[[[941,253.6],[942.2,255.8],[943.2,256.5],[943.5,258.2],[945,258.6],[944.8,259.6],[946.4,259.7],[947.5,260.6],[949,261.2],[948.6,259.9],[949.4,259.9],[950.1,261.4],[951.5,259.9],[953.1,257.7],[953.2,257],[952.2,256.8],[952.5,255.6],[954.1,254.7],[954.6,254.7],[954.5,256.9],[955,257.5],[954.3,258.5],[954.6,259.4],[953,259.5],[952,261],[952.2,261.4],[951.6,262.6],[951.2,265.3],[951.8,265.6],[952.4,267.2],[953.3,265.7],[953.9,265.8],[953.5,267.6],[953.9,268.3],[953.4,269.1],[951.1,269],[950.7,270.5],[951.1,272.6],[951.6,272.1],[951.2,271],[952.3,270.1],[953.4,269.8],[954.2,273],[952.4,272.8],[952,274.8],[954,275.3],[955.3,275.9],[956.7,276.9],[957.1,276.7],[958.3,277.5],[956.9,277.8],[955.5,277],[955.1,277.5],[953.8,277.8],[953.8,278.8],[954.8,279.7],[954.6,280.4],[953.4,281],[955.5,283.4],[956.7,283.3],[957.3,284.2],[958.2,284.4],[959.8,285.5],[959.9,284.5],[959.4,284],[959.8,282.5],[960.4,282.3],[960.8,283.3],[960.1,283.7],[960.8,284.6],[961.4,283.9],[961.7,282.6],[962.3,282.8],[962,284.5],[963.9,285],[963.2,285.7],[961.9,286.3],[961.8,287.6],[962.3,287.8],[963.2,287],[964.1,287.3],[963.6,288.6],[965.1,288.7],[963.9,290.5],[964.1,292.4],[965.1,291.9],[965.8,290.7],[967,290.3],[968.3,290.3],[968.6,289.6],[975.3,287.3],[975.8,285.5],[976.3,280.2],[976.6,279.8],[976.6,276.7],[970.6,278],[965,279],[963,272.1],[960.5,262.9],[957.3,251.6],[957,250.2],[950.9,251.5],[941,253.6]]]]}},{"type":"Feature","properties":{"GEOID":"2402","STATEFP":"24","CD":"02","st":"MD","label_x":939.1,"label_y":259.1},"geometry":{"type":"Polygon","coordinates":[[[931.8,255.4],[930.9,258.2],[932.8,258.7],[934.9,260.4],[934.7,261.8],[935.8,262.3],[936.1,261.3],[937.5,261.5],[937.5,263],[939.5,262.8],[940.2,263.5],[941.2,263.4],[941.4,264.5],[942.8,265.1],[941.8,261.9],[943,261.6],[943.9,262.4],[944.2,261.3],[945.6,261],[946.2,262.5],[947.4,262.9],[947.7,263.4],[948.3,263.5],[949,261.2],[947.5,260.6],[946.4,259.7],[944.8,259.6],[945,258.6],[943.5,258.2],[943.2,256.5],[942.2,255.8],[941,253.6],[935.7,254.7],[931.8,255.4]]]}},{"type":"Feature","properties":{"GEOID":"2403","STATEFP":"24","CD":"03","st":"MD","label_x":943.1,"label_y":266.4},"geometry":{"type":"Polygon","coordinates":[[[934.7,261.8],[934.2,264.2],[935.1,265.1],[935.5,265.6],[936.4,265.7],[937.9,266.6],[938.3,267.5],[939,267.9],[940.5,268],[941.4,268.4],[942.7,267.4],[944.2,267.9],[945,268.6],[944.7,269.2],[946.5,270.8],[948.2,271.4],[949.1,270.8],[948.5,269.9],[949.8,268.9],[948.8,268.1],[949,267.5],[948.5,266.3],[946.6,265.5],[946.4,264.9],[945.5,265.1],[944.7,264.5],[943.7,265.1],[942.8,265.1],[941.4,264.5],[941.2,263.4],[940.2,263.5],[939.5,262.8],[937.5,263],[937.5,261.5],[936.1,261.3],[935.8,262.3],[934.7,261.8]]]}},{"type":"Feature","properties":{"GEOID":"2404","STATEFP":"24","CD":"04","st":"MD","label_x":941.2,"label_y":272.9},"geometry":{"type":"Polygon","coordinates":[[[939.5,277.4],[939.7,278.4],[940.4,278.5],[942.4,277.2],[941.7,275.6],[942.4,273.9],[942.2,272.1],[943.4,271.8],[942.6,270.8],[943.1,269.7],[941.7,269.2],[941.4,268.4],[940.5,268],[939,267.9],[939.4,269.8],[939.8,270],[939.2,272.2],[941.2,273.6],[939.3,276.4],[939.5,277.4]]]}},{"type":"Feature","properties":{"GEOID":"2405","STATEFP":"24","CD":"05","st":"MD","label_x":944.1,"label_y":279},"geometry":{"type":"Polygon","coordinates":[[[938.5,280.4],[937.2,282.5],[936.6,284.4],[937.5,286.7],[938.4,287],[941.4,284.4],[942.8,286.6],[944.1,287.6],[945.3,288.1],[946.1,288],[947.2,288.6],[947.4,287.9],[950.1,288.2],[951.3,289.4],[952.6,290],[953.3,289.4],[954.2,290],[955.4,288.9],[953.8,287.3],[953.2,285.2],[952.7,285],[953,283.4],[950.6,281.6],[950,280.6],[949.6,278.5],[948.9,277.2],[948.8,276.1],[948.2,275.7],[948.9,273.9],[948.4,273.1],[948.7,272.2],[948.2,271.4],[946.5,270.8],[944.7,269.2],[945,268.6],[944.2,267.9],[942.7,267.4],[941.4,268.4],[941.7,269.2],[943.1,269.7],[942.6,270.8],[943.4,271.8],[942.2,272.1],[942.4,273.9],[941.7,275.6],[942.4,277.2],[940.4,278.5],[939.7,278.4],[939.5,277.4],[938.2,279.5],[938.5,280.4]]]}},{"type":"Feature","properties":{"GEOID":"2406","STATEFP":"24","CD":"06","st":"MD","label_x":897.9,"label_y":265.4},"geometry":{"type":"Polygon","coordinates":[[[891.9,262.9],[892.6,267.4],[893.8,275],[894.9,274.3],[895.5,273.1],[898.1,270.4],[899.9,267.5],[900.8,267.4],[902.3,267.8],[902.5,266.7],[903.4,265.6],[904,263.9],[905,263.8],[906.6,264.5],[907.8,264.4],[908.9,264.7],[910.6,264.4],[911.4,263.5],[910.6,263.1],[911,261.8],[912.2,261.2],[913.8,261.4],[913.9,260.9],[915.1,259.3],[916.9,259.6],[918.3,260.9],[919.7,261],[920.5,260.2],[921.4,260.2],[921.5,261.2],[920.9,261.4],[921.8,262.8],[922.7,262.8],[923,263.8],[923.7,264.2],[924.1,266.3],[924.8,266.5],[925.6,266.2],[926.7,266.5],[927.6,266.3],[928.2,267.1],[929.9,267.8],[929,269.9],[930.5,271.3],[932.7,271.2],[932.5,269.5],[932.9,269.1],[934.8,269.8],[935.4,269],[934.5,267.9],[934.4,267],[935,266.1],[935.1,265.1],[934.2,264.2],[934.7,261.8],[934.9,260.4],[932.8,258.7],[930.9,258.2],[931.8,255.4],[922.9,257.2],[916.3,258.4],[903.7,260.8],[891.9,262.9]]]}},{"type":"Feature","properties":{"GEOID":"2407","STATEFP":"24","CD":"07","st":"MD","label_x":944.9,"label_y":263.1},"geometry":{"type":"Polygon","coordinates":[[[947.7,263.4],[947.4,262.9],[946.2,262.5],[945.6,261],[944.2,261.3],[943.9,262.4],[943,261.6],[941.8,261.9],[942.8,265.1],[943.7,265.1],[944.7,264.5],[945.5,265.1],[946.4,264.9],[948.1,264.6],[947.7,263.4]]]}},{"type":"Feature","properties":{"GEOID":"2408","STATEFP":"24","CD":"08","st":"MD","label_x":937.3,"label_y":269.3},"geometry":{"type":"Polygon","coordinates":[[[935.1,265.1],[935,266.1],[934.4,267],[934.5,267.9],[935.4,269],[934.8,269.8],[932.9,269.1],[932.5,269.5],[932.7,271.2],[933,271.2],[934.6,271.8],[935.3,272.9],[936,272.8],[937.2,273.4],[938.4,271.7],[939.2,272.2],[939.8,270],[939.4,269.8],[939,267.9],[938.3,267.5],[937.9,266.6],[936.4,265.7],[935.5,265.6],[935.1,265.1]]]}},{"type":"Feature","properties":{"GEOID":"2501","STATEFP":"25","CD":"01","st":"MA","label_x":1004.8,"label_y":178},"geometry":{"type":"Polygon","coordinates":[[[984.2,170.4],[983.8,186.6],[984.2,187.4],[984.4,187.3],[990.5,186],[995.8,184.8],[996.7,185.5],[996.9,184.7],[997.8,184.3],[1007.3,182.1],[1012.2,181],[1011.3,179.9],[1012.3,179.1],[1011.8,177.9],[1010.4,177.3],[1009.7,177.6],[1008.5,174.9],[1007.2,175.3],[1005.5,174.4],[1004.8,175.9],[1003.4,176.5],[1002.9,175.3],[1001,176.2],[999.8,176.2],[1000.1,177.1],[998.1,177.8],[997.4,178.4],[995.7,178.8],[994.5,179.8],[994,177.9],[992.9,178.2],[992,176.2],[993,175.8],[992.3,174.8],[991.8,173.2],[992.2,173],[992.3,171.1],[991.7,171],[991,168.9],[984.2,170.4]]]}},{"type":"Feature","properties":{"GEOID":"2502","STATEFP":"25","CD":"02","st":"MA","label_x":1004.6,"label_y":173.5},"geometry":{"type":"Polygon","coordinates":[[[991,168.9],[991.7,171],[992.3,171.1],[992.2,173],[991.8,173.2],[992.3,174.8],[993,175.8],[992,176.2],[992.9,178.2],[994,177.9],[994.5,179.8],[995.7,178.8],[997.4,178.4],[998.1,177.8],[1000.1,177.1],[999.8,176.2],[1001,176.2],[1002.9,175.3],[1003.4,176.5],[1004.8,175.9],[1005.5,174.4],[1007.2,175.3],[1008.5,174.9],[1009.7,177.6],[1010.4,177.3],[1011.8,177.9],[1012.3,179.1],[1011.3,179.9],[1012.2,181],[1013.1,181.1],[1016.3,180.2],[1016.6,180.1],[1015.9,177.6],[1016.1,176.2],[1016.9,175.7],[1017.7,176.9],[1019.5,176.3],[1018.7,175.5],[1018,173.7],[1016.5,173.3],[1016.4,172.4],[1014.9,173.3],[1013,171.9],[1012.1,171.6],[1011.4,168.7],[1010.6,167.9],[1010.1,168.6],[1009.2,168.9],[1009.4,169.7],[1008.1,169.8],[1007.6,170.2],[1006,169.4],[1004.8,168.2],[1004.1,168.3],[1003.7,166.2],[997.8,167.5],[991,168.9]]]}},{"type":"Feature","properties":{"GEOID":"2503","STATEFP":"25","CD":"03","st":"MA","label_x":1012.2,"label_y":165.9},"geometry":{"type":"Polygon","coordinates":[[[1003.7,166.2],[1004.1,168.3],[1004.8,168.2],[1006,169.4],[1007.6,170.2],[1008.1,169.8],[1009.4,169.7],[1009.2,168.9],[1010.1,168.6],[1010.6,167.9],[1011.4,168.7],[1012.1,171.6],[1013,171.9],[1014.9,173.3],[1016.4,172.4],[1016.1,169.5],[1017.9,170],[1018.9,168.4],[1018.3,168.2],[1018.3,167.2],[1019.3,165.5],[1018.1,164.8],[1018,164],[1020.1,162.7],[1020.1,161.5],[1021.1,161.3],[1021.6,159.2],[1020.6,159],[1019.6,159.6],[1018.6,160.5],[1019,161.7],[1017.9,161.9],[1017.4,163.1],[1009.8,164.9],[1003.7,166.2]]]}},{"type":"Feature","properties":{"GEOID":"2504","STATEFP":"25","CD":"04","st":"MA","label_x":1020.9,"label_y":178.7},"geometry":{"type":"Polygon","coordinates":[[[1018,173.7],[1018.7,175.5],[1019.5,176.3],[1017.7,176.9],[1016.9,175.7],[1016.1,176.2],[1015.9,177.6],[1016.6,180.1],[1020.1,179],[1020.8,181.9],[1021.5,181.6],[1021.8,183.4],[1022.4,184.2],[1023.7,184.6],[1024.6,185.4],[1025.3,186.1],[1026.4,186.1],[1026.7,187.4],[1026.6,185.3],[1027.4,185.2],[1029.6,182.7],[1029.4,181.2],[1028.7,180.1],[1025.7,179.2],[1025.5,178.3],[1024,178.4],[1023.4,177.1],[1023.8,176],[1022.7,175],[1022,175.7],[1021.9,176.4],[1020.9,176.4],[1021.1,172.7],[1022.6,170.9],[1021.6,170.3],[1020.1,170.8],[1020.1,171.8],[1019.5,173.5],[1018.4,173.3],[1018,173.7]]]}},{"type":"Feature","properties":{"GEOID":"2505","STATEFP":"25","CD":"05","st":"MA","label_x":1018.9,"label_y":170.1},"geometry":{"type":"Polygon","coordinates":[[[1016.4,172.4],[1016.5,173.3],[1018,173.7],[1018.4,173.3],[1019.5,173.5],[1020.1,171.8],[1020.1,170.8],[1021.6,170.3],[1022.1,169.3],[1023.1,168.3],[1024.4,168.7],[1024.3,169.4],[1024.9,169.5],[1024.9,169.4],[1024.2,168.4],[1024.4,167.5],[1023.7,167.9],[1021.1,166.2],[1020.8,167.4],[1020.2,168],[1019.6,167.6],[1018.9,168.4],[1017.9,170],[1016.1,169.5],[1016.4,172.4]]]}},{"type":"Feature","properties":{"GEOID":"2506","STATEFP":"25","CD":"06","st":"MA","label_x":1024.4,"label_y":162.6},"geometry":{"type":"Polygon","coordinates":[[[1020.6,159],[1021.6,159.2],[1021.1,161.3],[1020.1,161.5],[1020.1,162.7],[1018,164],[1018.1,164.8],[1019.3,165.5],[1018.3,167.2],[1018.3,168.2],[1018.9,168.4],[1019.6,167.6],[1020.2,168],[1020.8,167.4],[1021.1,166.2],[1023.7,167.9],[1024.4,167.5],[1025.5,166.7],[1026.1,165.8],[1025.6,164.7],[1027.9,163.4],[1029,162.4],[1029.3,161.5],[1028.4,160.3],[1027.7,161.4],[1026.1,160.9],[1025,159],[1024.3,157],[1023.8,157.4],[1022.3,157.2],[1020.8,158.3],[1020.6,159]]]}},{"type":"Feature","properties":{"GEOID":"2507","STATEFP":"25","CD":"07","st":"MA","label_x":1023.1,"label_y":171.6},"geometry":{"type":"Polygon","coordinates":[[[1021.6,170.3],[1022.6,170.9],[1022.4,172.3],[1023,173.1],[1025.1,174.8],[1025.1,173.6],[1023.6,172.7],[1023.8,170.9],[1023.4,169.5],[1024.3,169.4],[1024.4,168.7],[1023.1,168.3],[1022.1,169.3],[1021.6,170.3]]]}},{"type":"Feature","properties":{"GEOID":"2508","STATEFP":"25","CD":"08","st":"MA","label_x":1022.4,"label_y":173.8},"geometry":{"type":"Polygon","coordinates":[[[1022.6,170.9],[1021.1,172.7],[1020.9,176.4],[1021.9,176.4],[1022,175.7],[1022.7,175],[1023.8,176],[1023.4,177.1],[1024,178.4],[1025.5,178.3],[1028.1,176.7],[1026.7,174],[1028.3,172.4],[1027.6,171.6],[1027.9,170.9],[1027,171.6],[1026.3,171.2],[1025.8,172],[1024.1,171.1],[1024.3,170],[1023.4,169.5],[1023.8,170.9],[1023.6,172.7],[1025.1,173.6],[1025.1,174.8],[1023,173.1],[1022.4,172.3],[1022.6,170.9]]]}},{"type":"Feature","properties":{"GEOID":"2509","STATEFP":"25","CD":"09","st":"MA","label_x":1032.7,"label_y":180.5},"geometry":{"type":"MultiPolygon","coordinates":[[[[1044,190.5],[1046.2,191],[1048,190.6],[1048.6,190.2],[1048.7,189.4],[1047.1,187.6],[1046.9,188.8],[1046.5,189.5],[1044,190.5]]],[[[1033.3,191.9],[1034.2,192.5],[1035.9,191.3],[1039.9,190],[1039.5,188.5],[1038.6,189.2],[1037.9,189],[1037.3,187.9],[1036.5,187.8],[1035.1,189.3],[1034.5,191.5],[1033.3,191.9]]],[[[1026.7,187.4],[1027.6,189.8],[1029,189.4],[1030.5,187.8],[1030.1,186.3],[1031,185.7],[1032.1,185.5],[1033.3,183.3],[1034,182.7],[1034.9,184.1],[1035.2,185.6],[1035.1,186.9],[1037.9,185.7],[1038.5,184.2],[1040.4,183.2],[1041.6,182.8],[1042.3,182.1],[1046.6,180.1],[1046.2,178.7],[1045.3,176.4],[1043.9,174.2],[1042.7,172.9],[1041,172.1],[1039.7,172.1],[1038.9,172.8],[1039.7,173.4],[1040.4,172.4],[1041.6,172.8],[1042.4,174.8],[1043.8,175.3],[1044.5,177.5],[1044.3,178.1],[1042.9,179.2],[1041.4,180],[1041,181],[1039.5,181.5],[1038.3,180.9],[1037,180.8],[1035.5,179.9],[1035.4,178.8],[1034.7,177.4],[1033.9,177],[1032.8,177.3],[1031.7,176.7],[1031.6,176.1],[1032.3,175.1],[1032.1,174.1],[1030.2,172.2],[1030.1,171.8],[1029,171],[1027.9,170.9],[1027.6,171.6],[1028.3,172.4],[1026.7,174],[1028.1,176.7],[1025.5,178.3],[1025.7,179.2],[1028.7,180.1],[1029.4,181.2],[1029.6,182.7],[1027.4,185.2],[1026.6,185.3],[1026.7,187.4]]]]}},{"type":"Feature","properties":{"GEOID":"2601","STATEFP":"26","CD":"01","st":"MI","label_x":742.9,"label_y":127.6},"geometry":{"type":"MultiPolygon","coordinates":[[[[794.8,128.2],[796.5,129],[799.2,128.4],[799.5,128.8],[800.8,128.8],[801.5,127.1],[800.2,126.4],[800.1,125.8],[798.6,124.7],[797.1,124.9],[798,125.9],[796.6,126.8],[796,127.8],[795.3,126.9],[794.8,128.2]]],[[[783.7,133.4],[785.4,135],[786.8,135.3],[787.7,133.9],[785.1,133.3],[783.7,133.4]]],[[[767.3,140.3],[768.5,140.9],[769.5,139.9],[768.9,136.5],[768.3,136.7],[767.5,138.4],[767.3,140.3]]],[[[761.3,151.9],[761.5,152.8],[762.6,153.8],[762.7,151.8],[761.6,151.4],[761.3,151.9]]],[[[800.6,176.5],[801.3,174.5],[802.8,174.4],[804.5,172.6],[805.4,172.1],[805.7,171.2],[805.6,168.3],[806.2,167.1],[807.4,167.2],[808.4,165.4],[808.9,165.2],[808.7,162.7],[808.7,160.4],[808.4,159.2],[808.7,156.3],[808.3,155.8],[808.1,154.2],[807.5,152.6],[806.6,152.4],[805.5,151.7],[804.7,150.1],[804.9,148.7],[805.7,148.1],[806.9,148.5],[806.7,146.8],[805.7,145.8],[804.9,144.7],[805.2,143.6],[803.9,142.6],[802.3,141.9],[801.8,142.2],[799.5,141.3],[797.7,141],[795.8,139.7],[794.8,139.6],[793.4,139.9],[792.2,139.2],[792,138.4],[790.4,136.8],[788.4,136.4],[787.1,136.8],[786,136.9],[784.3,135.8],[780.8,134.3],[780.4,135.4],[778.4,135.4],[778.2,136.5],[777.2,138],[776.3,138.7],[775.7,140.1],[776.4,142.1],[777.5,143.1],[779.4,143.2],[779.6,143.9],[777.6,144.8],[776,144.7],[774.9,145.1],[773.9,146.4],[773.4,146.3],[772.4,147.6],[772.3,149.5],[772.9,151.3],[773,153.9],[772.9,155.6],[771.9,158.4],[771.5,158.7],[771.2,160.1],[770.3,159.9],[770.5,158.5],[771.4,157.5],[771.4,154.3],[770.7,154.8],[770.5,156.2],[770.8,157.2],[770.1,158.6],[769.9,159.8],[769.2,159.7],[768.9,157.1],[769.4,155.8],[768.6,155],[769.3,153.8],[769.5,152.8],[768.8,151.4],[768,151],[767.7,152.3],[766.8,153.3],[766.3,154.4],[766,155.9],[765,156.3],[763.9,155.7],[763.3,157.2],[761.8,157.4],[762,159.4],[761.8,161.3],[759.6,162.3],[759.2,163.4],[760.1,165.6],[760,166.8],[764.2,166.4],[768,166],[768.1,168.1],[775.2,167.3],[775.9,173.4],[788.1,172.1],[795.5,171.2],[796,175],[798,174.8],[798.3,176.8],[800.6,176.5]]],[[[747.4,120.1],[747.6,120.9],[748.4,121.8],[748.8,120.2],[748.3,119.7],[747.4,120.1]]],[[[703.8,92.7],[705.4,93.7],[708.3,92.3],[707.8,91.5],[710.1,90],[712.9,88.7],[714.4,87.4],[714.4,86.7],[716.6,84.7],[714.6,84.7],[712.8,85.8],[712.7,86.2],[709.3,88.6],[707.8,89.3],[705,91.1],[703.8,92.7]]],[[[687.2,124.3],[687.6,125.1],[688.9,124.9],[689.7,125.7],[690.5,125.7],[692.3,128.9],[692.3,129.4],[702.7,131.6],[709.4,132.9],[714.7,135.4],[715.4,135.1],[717.5,135.9],[718.3,135.2],[719.2,135],[720.8,135.9],[721.3,135.5],[722.8,136.3],[725.2,136.4],[726.1,136.9],[726.5,138.1],[725.7,139.1],[726.4,139.9],[727,140],[730,140.3],[731.2,141.3],[731.1,142.4],[732,143.8],[731.7,145.3],[731.9,146.2],[731.7,147.1],[730.9,147.8],[731.2,148.4],[730.7,149.5],[732.9,149.7],[733.8,148.6],[734.7,149.7],[733.9,151.6],[733.5,153.7],[734.5,154.4],[734.9,155.2],[736.1,155.4],[735.8,154.1],[736.8,153],[738.1,150.6],[738.8,148.7],[739.8,147.1],[740.7,143.8],[741.9,141.4],[742.9,140.8],[743.5,139.6],[743.4,137.8],[744.2,137.3],[744.8,139],[744.8,140.2],[745.4,140.6],[747.1,139.6],[747.6,137.8],[748,137.4],[747.8,136.2],[749.8,136.6],[751,135.1],[751.7,135.2],[751.9,136],[751.2,137.8],[749.9,139.3],[749.4,140.9],[750.5,141.7],[750.8,140.7],[751.3,140.5],[751.5,139.3],[752.1,138.5],[753.7,138],[753.8,137.3],[754.7,137.2],[755.2,135.6],[755.2,134.4],[755.9,133.5],[757.1,132.9],[759.3,132.6],[761.6,133.1],[762,132.3],[763.3,131.8],[765.3,132.1],[765.9,131.9],[766.7,130.2],[767.8,128.7],[769.3,128.3],[771,128.4],[772.1,128.9],[774.3,129],[776.5,129.7],[779.8,132.6],[780.9,133.1],[781.7,132.8],[781.1,131.4],[781,130.2],[781.6,129.6],[781.5,128.4],[782,128],[782.9,128.4],[783.9,128.4],[784.2,129.1],[785.7,128.6],[787.2,129.6],[788.2,129.6],[789.1,128.9],[791,128.5],[792.7,128.9],[794.2,128.5],[794.6,128],[793.8,127],[793.1,127.2],[791.4,125.9],[792,124.8],[791,124.6],[789.9,124],[788.8,124.5],[787.8,123.7],[789.3,122.5],[790.4,122.5],[789.2,118.4],[789.5,116.4],[789.2,115.8],[787.6,115.9],[787.2,116.7],[785.8,116.7],[784.6,117.1],[782.8,119.1],[782,119.4],[781.2,117.8],[780.4,117.9],[779,118.8],[777.9,119.1],[777.5,118.6],[775,118.7],[774.3,118],[774.6,117.2],[774.4,116.4],[774.2,113.7],[774.5,111.9],[773.2,112.3],[771.9,112.3],[770.4,112.8],[766.6,115],[761.9,115.4],[760.5,115.3],[757.2,116.5],[756.3,116.2],[753.1,118.8],[751.7,119.6],[750.1,121],[748.9,123.1],[747.7,122.6],[746.8,121.7],[745.9,122.8],[744.9,122.9],[743.8,122.3],[743.1,121],[741.5,121.4],[740.9,121.9],[737.8,122.3],[736.3,121.4],[736.3,120.6],[734.3,118.9],[733.9,118],[732.8,117.1],[732.5,116.1],[731.9,115.3],[730.3,115.1],[730,114.2],[727.4,113.4],[725.8,113.6],[724.6,113.4],[722.8,113.9],[723.3,112.4],[721.8,113.4],[720.8,114.4],[719,116.8],[718.1,116.1],[718.1,114.7],[718.4,112.7],[719.6,111.4],[719.8,110.1],[720.6,109.5],[720.8,108.6],[721.5,108.3],[721.4,107.4],[722.5,106.6],[724.1,104.5],[725.9,103.3],[725.5,102.3],[727.1,102],[727.8,102.2],[728.9,101.6],[729.2,100.8],[727.8,100.1],[726.6,100.3],[725.6,100.1],[724,100.4],[721.8,101],[718,103.4],[717,105.2],[715.8,106.5],[714.6,107],[713,108.7],[711.1,110.2],[710.2,112.3],[709.7,112.7],[707.2,113.2],[705.9,115],[703,116.8],[701.4,117],[699.8,117.6],[698.8,117.3],[697,117.8],[696.1,118.4],[695,119.8],[693.3,121.4],[691.2,122.2],[688.9,123.4],[688.5,123.3],[687.2,124.3]]]]}},{"type":"Feature","properties":{"GEOID":"2602","STATEFP":"26","CD":"02","st":"MI","label_x":776.1,"label_y":189.9},"geometry":{"type":"Polygon","coordinates":[[[760,166.8],[759.8,170.9],[759.4,171.8],[757.9,176],[756.4,178],[757.4,180],[758.2,182.6],[758.3,183.9],[758,185.3],[757,187],[757,188.4],[758.6,191.4],[759.5,193.9],[760.8,196.4],[761.2,196.8],[762.5,196.5],[763.3,196],[764.7,197.4],[768.7,197],[768.9,199],[773,198.6],[777,198.2],[777.8,204.3],[775.8,204.6],[776,206.6],[776.9,214.8],[785.1,213.8],[784.8,211.8],[785.8,211.7],[785.6,210],[786.6,209.5],[786.1,205.4],[788.1,205.2],[787.2,197],[795.1,196],[795.1,195.8],[794.1,187.9],[792.1,188.1],[791.4,182],[793.4,181.8],[793.1,179.4],[796.5,179],[796,175],[795.5,171.2],[788.1,172.1],[775.9,173.4],[775.2,167.3],[768.1,168.1],[768,166],[764.2,166.4],[760,166.8]]]}},{"type":"Feature","properties":{"GEOID":"2603","STATEFP":"26","CD":"03","st":"MI","label_x":770.2,"label_y":200.7},"geometry":{"type":"Polygon","coordinates":[[[760.8,196.4],[762.5,199.3],[763.6,202],[764,203.7],[769.4,203.2],[769.9,202.8],[771.6,203.7],[771.9,207],[776,206.6],[775.8,204.6],[777.8,204.3],[777,198.2],[773,198.6],[768.9,199],[768.7,197],[764.7,197.4],[763.3,196],[762.5,196.5],[761.2,196.8],[760.8,196.4]]]}},{"type":"Feature","properties":{"GEOID":"2604","STATEFP":"26","CD":"04","st":"MI","label_x":770.8,"label_y":214.3},"geometry":{"type":"Polygon","coordinates":[[[760.9,225.5],[762.4,225],[762.4,224.6],[774.1,223.4],[773.8,221.4],[781.9,220.5],[781.6,218.4],[785.7,217.9],[785.2,213.8],[785.1,213.8],[776.9,214.8],[776,206.6],[771.9,207],[771.6,203.7],[769.9,202.8],[769.4,203.2],[764,203.7],[764.4,205.8],[764.8,209.2],[764.6,210.9],[764.8,211.9],[764.6,215.3],[764.1,217.6],[763.4,220.2],[761.5,223.6],[760.9,225.5]]]}},{"type":"Feature","properties":{"GEOID":"2605","STATEFP":"26","CD":"05","st":"MI","label_x":795.2,"label_y":222.2},"geometry":{"type":"Polygon","coordinates":[[[756.4,232.6],[758.6,232.4],[768.5,231.4],[776.6,230.6],[788.6,229.2],[791.5,228.8],[791.6,230.3],[799.3,229.2],[808,227.7],[815,226.5],[815,224.6],[815.8,223.2],[816.4,222.8],[816.7,221.5],[817.6,221.3],[817.7,220.4],[818.4,219.8],[818.2,218.7],[816.6,217.7],[814.4,218.1],[804.3,219.7],[802.2,220.1],[801.2,211.8],[797.2,212.4],[785.2,213.8],[785.7,217.9],[781.6,218.4],[781.9,220.5],[773.8,221.4],[774.1,223.4],[762.4,224.6],[762.4,225],[760.9,225.5],[760.2,227.9],[759.6,229.2],[758.7,230.5],[756.4,232.6]]]}},{"type":"Feature","properties":{"GEOID":"2606","STATEFP":"26","CD":"06","st":"MI","label_x":807.7,"label_y":214.1},"geometry":{"type":"Polygon","coordinates":[[[801.2,211.8],[802.2,220.1],[804.3,219.7],[814.4,218.1],[816.6,217.7],[818.2,218.7],[818.4,217.8],[819.4,217.4],[819.5,216.6],[819.1,214.8],[818.7,215.2],[814.1,216],[813.7,213.5],[813.1,209.9],[812.8,207.9],[812,208.7],[810.9,208.9],[811.1,210.3],[804.4,211.4],[801.2,211.8]]]}},{"type":"Feature","properties":{"GEOID":"2607","STATEFP":"26","CD":"07","st":"MI","label_x":798,"label_y":204},"geometry":{"type":"Polygon","coordinates":[[[795.1,195.8],[795.1,196],[787.2,197],[788.1,205.2],[786.1,205.4],[786.6,209.5],[785.6,210],[785.8,211.7],[784.8,211.8],[785.1,213.8],[785.2,213.8],[797.2,212.4],[801.2,211.8],[804.4,211.4],[811.1,210.3],[810.9,208.9],[810.5,206.9],[808.4,206.6],[807.7,202.4],[804.2,202.9],[803.6,202.2],[802.6,194.8],[795.1,195.8]]]}},{"type":"Feature","properties":{"GEOID":"2608","STATEFP":"26","CD":"08","st":"MI","label_x":800.1,"label_y":189.5},"geometry":{"type":"Polygon","coordinates":[[[796,175],[796.5,179],[793.1,179.4],[793.4,181.8],[791.4,182],[792.1,188.1],[794.1,187.9],[795.1,195.8],[802.6,194.8],[803.6,202.2],[804.2,202.9],[807.7,202.4],[807.4,200.4],[811.4,199.7],[810.2,191.6],[807.7,192],[807.4,191],[806.1,191.1],[805.1,183.6],[804.4,183],[802.2,182.6],[801.2,182],[800.2,180.1],[800.6,179.7],[800.6,176.5],[798.3,176.8],[798,174.8],[796,175]]]}},{"type":"Feature","properties":{"GEOID":"2609","STATEFP":"26","CD":"09","st":"MI","label_x":815.6,"label_y":187},"geometry":{"type":"Polygon","coordinates":[[[805.1,183.6],[806.1,191.1],[807.4,191],[807.7,192],[810.2,191.6],[811.4,199.7],[807.4,200.4],[807.7,202.4],[808.4,206.6],[810.5,206.9],[810.1,204.3],[810.3,204.1],[816,203.1],[820.1,202.4],[820.3,203.8],[821.4,204.3],[823.1,204],[824.9,202.3],[826,202.5],[825.4,203.9],[825.9,205.1],[827,205.4],[828.1,203.9],[828.2,202.5],[828.6,200.1],[828.2,199],[828.2,196.2],[828.8,194.9],[828.4,194],[827.1,192.2],[826.1,189.4],[825.2,184.6],[824,182.1],[823.5,180.7],[822.7,176.6],[821.7,174.7],[820,172.1],[818.5,171.2],[816.5,170.6],[814.9,171.4],[814.2,172.5],[811.2,173.6],[810.4,175.8],[809.5,176.7],[809.5,177.5],[808.1,180.6],[807.6,180.2],[805.6,183.5],[805.1,183.6]]]}},{"type":"Feature","properties":{"GEOID":"2610","STATEFP":"26","CD":"10","st":"MI","label_x":820.9,"label_y":205.5},"geometry":{"type":"Polygon","coordinates":[[[816,203.1],[816.4,205.1],[818.4,204.8],[819.1,208.9],[822.7,208.3],[822.4,206.6],[822.8,205.7],[823.9,205.3],[823.1,204],[821.4,204.3],[820.3,203.8],[820.1,202.4],[816,203.1]]]}},{"type":"Feature","properties":{"GEOID":"2611","STATEFP":"26","CD":"11","st":"MI","label_x":814.5,"label_y":206},"geometry":{"type":"Polygon","coordinates":[[[816,203.1],[810.3,204.1],[810.1,204.3],[810.5,206.9],[810.9,208.9],[812,208.7],[812.8,207.9],[813.1,209.9],[815.1,209.6],[814.8,207.6],[816.8,207.2],[817.1,209.3],[818,209.1],[819.1,208.9],[818.4,204.8],[816.4,205.1],[816,203.1]]]}},{"type":"Feature","properties":{"GEOID":"2612","STATEFP":"26","CD":"12","st":"MI","label_x":815.6,"label_y":210.6},"geometry":{"type":"Polygon","coordinates":[[[813.1,209.9],[813.7,213.5],[817.1,213.1],[817.6,212.6],[818.6,212.5],[818,211.2],[818,209.1],[817.1,209.3],[816.8,207.2],[814.8,207.6],[815.1,209.6],[813.1,209.9]]]}},{"type":"Feature","properties":{"GEOID":"2613","STATEFP":"26","CD":"13","st":"MI","label_x":819.1,"label_y":212.2},"geometry":{"type":"Polygon","coordinates":[[[813.7,213.5],[814.1,216],[818.7,215.2],[819.1,214.8],[819.3,212.7],[819.9,211.9],[821.6,211.1],[822.6,209.6],[822.7,208.3],[819.1,208.9],[818,209.1],[818,211.2],[818.6,212.5],[817.6,212.6],[817.1,213.1],[813.7,213.5]]]}},{"type":"Feature","properties":{"GEOID":"2701","STATEFP":"27","CD":"01","st":"MN","label_x":643.9,"label_y":184.5},"geometry":{"type":"Polygon","coordinates":[[[588.7,190.9],[588.6,199.2],[596.7,199.2],[606,199.2],[614.9,199.1],[626,198.9],[639,198.6],[648.7,198.4],[655.1,198.1],[665.3,197.7],[677.8,197.1],[677.3,196],[677.5,195.2],[676.8,194.5],[676.7,192.2],[677,190.7],[676.3,189],[674.8,187],[673.4,185.5],[671,185],[669.9,184.2],[668.8,182.9],[666.9,182],[665.9,181.1],[664.9,178.1],[662.7,176.5],[659.9,175.8],[658.9,175],[658.2,173.5],[657.6,173.1],[656.1,173.2],[653,171.9],[652.9,171.3],[651,169.6],[651.1,171.6],[650.1,171.6],[650.2,173.7],[648,173.7],[647.7,174.5],[646,174.5],[646.1,176.5],[644.8,177.9],[640,178.1],[640.1,182.2],[634,182.3],[634,181.3],[629.7,181.4],[629.9,180.5],[630.7,179.8],[630.6,178.4],[631.1,176.2],[620.7,176.5],[616.7,176.5],[615.4,175.5],[615.4,179.3],[617.5,180.2],[617.7,184.7],[615.6,184.7],[615.7,190.9],[610.3,190.9],[600.6,191],[588.7,190.9]]]}},{"type":"Feature","properties":{"GEOID":"2702","STATEFP":"27","CD":"02","st":"MN","label_x":640.9,"label_y":173.3},"geometry":{"type":"Polygon","coordinates":[[[631.1,176.2],[630.6,178.4],[630.7,179.8],[629.9,180.5],[629.7,181.4],[634,181.3],[634,182.3],[640.1,182.2],[640,178.1],[644.8,177.9],[646.1,176.5],[646,174.5],[647.7,174.5],[648,173.7],[650.2,173.7],[650.1,171.6],[651.1,171.6],[651,169.6],[649.7,168.8],[650.4,166.6],[650.3,166.1],[648.7,166.2],[648.7,165.5],[646.1,165.6],[645.5,164.9],[644.3,165],[643.5,165.7],[643.1,166.4],[642.3,167.6],[640.1,168.3],[639.1,167.7],[637.8,167.9],[636.8,168.2],[636,169.5],[636.2,170.2],[635.3,170.6],[633.8,171.8],[633,172],[631.7,172.9],[631.4,174.3],[631.8,174.8],[631.1,176.2]]]}},{"type":"Feature","properties":{"GEOID":"2703","STATEFP":"27","CD":"03","st":"MN","label_x":636.6,"label_y":163.4},"geometry":{"type":"Polygon","coordinates":[[[641.8,160.2],[641.8,158.2],[639.2,158.1],[637.5,157.5],[636.3,158.4],[635.6,158.4],[635.7,159.9],[634.8,160],[634.2,161.3],[633.5,162],[633.6,165.9],[637.7,165.8],[637.8,167.9],[639.1,167.7],[640.1,168.3],[642.3,167.6],[643.1,166.4],[641.1,166.4],[641.1,165.8],[639.7,164.8],[639.6,161.7],[640.4,161.1],[641.6,161.1],[641.8,160.2]]]}},{"type":"Feature","properties":{"GEOID":"2704","STATEFP":"27","CD":"04","st":"MN","label_x":646.6,"label_y":162.9},"geometry":{"type":"Polygon","coordinates":[[[642.5,160.2],[642.5,162],[642.8,162.1],[643.1,165.3],[643.5,165.7],[644.3,165],[645.5,164.9],[646.1,165.6],[648.7,165.5],[648.7,166.2],[650.3,166.1],[650.5,164.4],[650.2,163.6],[650.2,162.2],[649.7,161.1],[648.6,161.1],[648.5,160],[645.9,160.1],[642.5,160.2]]]}},{"type":"Feature","properties":{"GEOID":"2705","STATEFP":"27","CD":"05","st":"MN","label_x":641.3,"label_y":163.4},"geometry":{"type":"Polygon","coordinates":[[[641.8,160.2],[641.6,161.1],[640.4,161.1],[639.6,161.7],[639.7,164.8],[641.1,165.8],[641.1,166.4],[643.1,166.4],[643.5,165.7],[643.1,165.3],[642.8,162.1],[642.5,162],[642.5,160.2],[641.8,160.2]]]}},{"type":"Feature","properties":{"GEOID":"2706","STATEFP":"27","CD":"06","st":"MN","label_x":631.2,"label_y":157.8},"geometry":{"type":"Polygon","coordinates":[[[633.2,144],[623.5,144.2],[624.8,145.3],[625,146.1],[625.9,147],[625,147.7],[624.2,149.7],[621,149.8],[621.1,151.9],[623.1,151.8],[623.1,153.5],[625.2,153.5],[625.8,154],[625.8,155.2],[625.2,155.2],[625.4,159.6],[625.4,164],[629.5,164],[629.7,170.1],[631.7,170.1],[631.7,171.1],[633.7,171.1],[633.8,171.8],[635.3,170.6],[636.2,170.2],[636,169.5],[636.8,168.2],[637.8,167.9],[637.7,165.8],[633.6,165.9],[633.5,162],[634.2,161.3],[634.8,160],[635.7,159.9],[635.6,158.4],[636.3,158.4],[637.5,157.5],[639.2,158.1],[641.8,158.2],[641.8,160.2],[642.5,160.2],[645.9,160.1],[645.7,153.4],[637.6,153.5],[637.5,150.1],[633.4,150.2],[633.2,144]]]}},{"type":"Feature","properties":{"GEOID":"2707","STATEFP":"27","CD":"07","st":"MN","label_x":600.6,"label_y":130.4},"geometry":{"type":"Polygon","coordinates":[[[577.1,70],[577,71.3],[577.7,72.5],[578.4,76.2],[579,77.5],[578.8,78.7],[578.3,79.4],[578.1,82.1],[578.5,82.6],[578,84.4],[578.5,85.5],[578.3,86.1],[578.2,90],[579.2,92.1],[579.6,94.6],[580.1,95.3],[580.1,96.4],[580.7,98],[581.4,98.8],[581.4,99.5],[582.6,102.5],[582.7,105.1],[582.5,107.1],[583,109.6],[582.7,110.4],[583.1,112.7],[583.2,115.7],[582.9,116.5],[583.5,118.5],[583.7,119.8],[583.4,122],[583.8,122.2],[583.4,124.9],[584.2,126.7],[584.2,127.3],[584.6,129.9],[585.5,131.5],[586.6,132.5],[586.7,135.9],[587.3,138.3],[586.9,139.6],[587.1,141.8],[586.8,144.4],[585.6,146.2],[582.5,148.6],[582.2,149.5],[583.7,151.5],[584.3,153],[585.1,154.1],[586.1,154.2],[588.3,155.4],[588.8,156.8],[588.8,170.8],[588.7,182.7],[588.7,190.9],[600.6,191],[610.3,190.9],[615.7,190.9],[615.6,184.7],[617.7,184.7],[617.5,180.2],[615.4,179.3],[615.4,175.5],[616.7,176.5],[620.7,176.5],[631.1,176.2],[631.8,174.8],[631.4,174.3],[631.7,172.9],[633,172],[633.8,171.8],[633.7,171.1],[631.7,171.1],[631.7,170.1],[629.7,170.1],[629.5,164],[625.4,164],[625.4,159.6],[625.2,155.2],[625.8,155.2],[625.8,154],[625.2,153.5],[623.1,153.5],[623.1,151.8],[621.1,151.9],[621,149.8],[624.2,149.7],[625,147.7],[625.9,147],[625,146.1],[624.8,145.3],[623.5,144.2],[633.2,144],[633,140.3],[632.3,140.3],[632.2,136.2],[623,136.4],[622.7,134.5],[623.5,133.7],[623.2,133],[622,132.3],[620.3,133],[618.8,132.4],[618.1,131.7],[617.2,131.9],[616.3,130.9],[616.2,125.4],[616,121.3],[618.1,121.3],[618,115.9],[615.9,117],[615.9,115.2],[613.8,115.2],[613.9,117.3],[603.5,117.4],[595.3,117.4],[595.3,105.2],[603.5,105.1],[603.5,101.1],[603.1,101.1],[603,93],[602.9,93],[602.8,84.9],[602.6,84.2],[602.6,80.9],[606.7,80.8],[606.7,76.8],[610.7,76.8],[610.6,72],[609.9,72.6],[608.4,72.9],[607.5,72.5],[607,71.6],[607,70.2],[593.1,70.2],[585.9,70.1],[577.1,70]]]}},{"type":"Feature","properties":{"GEOID":"2708","STATEFP":"27","CD":"08","st":"MN","label_x":632.7,"label_y":111.3},"geometry":{"type":"Polygon","coordinates":[[[607,70.2],[607,71.6],[607.5,72.5],[608.4,72.9],[609.9,72.6],[610.6,72],[610.7,76.8],[606.7,76.8],[606.7,80.8],[602.6,80.9],[602.6,84.2],[602.8,84.9],[602.9,93],[603,93],[603.1,101.1],[603.5,101.1],[603.5,105.1],[595.3,105.2],[595.3,117.4],[603.5,117.4],[613.9,117.3],[613.8,115.2],[615.9,115.2],[615.9,117],[618,115.9],[618.1,121.3],[616,121.3],[616.2,125.4],[616.3,130.9],[617.2,131.9],[618.1,131.7],[618.8,132.4],[620.3,133],[622,132.3],[623.2,133],[623.5,133.7],[622.7,134.5],[623,136.4],[632.2,136.2],[632.3,140.3],[633,140.3],[633.2,144],[633.4,150.2],[637.5,150.1],[637.6,153.5],[645.7,153.4],[645.9,160.1],[648.5,160],[648.6,161.1],[649.7,161.1],[650.5,160.3],[650.1,156],[651.1,154.9],[651.8,153.5],[651.9,152.4],[650.5,150.8],[649.7,149.6],[648.8,149.7],[647.8,149.4],[647.7,147.9],[648,146.1],[649.3,144.9],[650.5,141.8],[651.6,140.9],[653,140.4],[653.5,139.6],[654.4,139.8],[655.1,138.6],[656.1,138.8],[656.6,137.6],[657.1,137.4],[656.6,123.5],[657.9,123.8],[658.9,122.2],[659.8,121.4],[661.1,122.4],[659.7,120.5],[660.5,119.7],[663.7,117.1],[664.6,116.7],[665.8,115.2],[666.8,114.4],[667.8,113.1],[669.3,112.2],[671,110.3],[671.6,109.4],[672.8,108.3],[674.1,106.1],[676.1,104],[678.7,101.5],[680.7,99.8],[683.7,97.9],[686.7,96.7],[688.1,96],[689.2,95.8],[692.5,94.4],[693.3,93.5],[695.3,92.8],[696.1,92.1],[697.8,90.2],[696,89.7],[694.9,89.9],[693.5,90.6],[691.9,89.8],[691.3,88.5],[689.6,88],[686.8,88.3],[685.6,88.7],[682.9,88.7],[682.5,88.2],[681.5,88.6],[679.6,88.9],[678.4,87.2],[678.2,85.7],[677.5,85.5],[676,86.2],[675.2,87],[674.4,87.2],[671.9,89.6],[670,90.1],[669.1,90.6],[668.1,90.2],[666.9,90.8],[666.8,89.6],[664.5,89.3],[664.7,88.6],[664.4,87.3],[662,87.2],[661.5,86.5],[659.7,85.9],[659.7,84.6],[658.4,83.9],[657.1,83.8],[656.4,84.2],[655.1,84.3],[655,85.6],[655.3,86.6],[654,87.2],[653.2,85.5],[652.3,84.2],[652.4,83.1],[651.6,82],[649.2,82.4],[648.3,81.8],[648.5,81],[649.5,80.9],[649.5,79.9],[648,80],[643.9,78.2],[640.9,78.3],[640.4,77.8],[638.2,78.3],[638.1,78.6],[636.4,79.1],[636.3,80.2],[633.6,80.9],[631.2,81],[631,79.8],[630.4,78.4],[627.8,78.1],[624,78],[623.7,76.9],[621.3,76.7],[621,77.1],[619.4,76.9],[618.6,76.6],[616.9,75.1],[616.7,74.1],[617,72.7],[615.9,67.7],[615.6,67.2],[614.7,63.2],[614.2,62.5],[612.6,61.5],[611,61.9],[609.6,61.2],[609.6,70.1],[607,70.2]]]}},{"type":"Feature","properties":{"GEOID":"2801","STATEFP":"28","CD":"01","st":"MS","label_x":734.8,"label_y":422},"geometry":{"type":"Polygon","coordinates":[[[705.3,397.4],[706.6,398.5],[706.7,399.4],[705.6,400.6],[707.6,400.5],[707.8,403.7],[707.2,404.3],[707.6,405.6],[707.2,406.9],[707.9,407.7],[717.2,407.2],[717.8,415.7],[721.9,415.5],[722.7,426.5],[723.1,432.7],[724.2,433.3],[724.4,436.7],[727.1,436.6],[727.4,440.7],[729.4,440.6],[729.3,438.5],[731.3,438.3],[731.2,436.3],[734,436],[733.7,431.9],[733.7,431],[732.2,430.8],[732.1,429.6],[739.2,429],[739.8,435.6],[746.9,435],[747,429.2],[747.3,417.4],[747.6,403.3],[747.8,396.9],[746.6,396.2],[745.6,394.6],[736.4,395.3],[727.3,396],[716.8,396.7],[705.3,397.4]]]}},{"type":"Feature","properties":{"GEOID":"2802","STATEFP":"28","CD":"02","st":"MS","label_x":710.5,"label_y":446.8},"geometry":{"type":"Polygon","coordinates":[[[691.3,445.4],[690.7,446.4],[690.5,447.4],[691.6,447.8],[692.1,447.1],[691.9,445.9],[692.9,446],[693.4,447.1],[693.3,448],[691.9,449.2],[691.6,449.9],[691.6,451.4],[693.7,451.8],[693.7,452.4],[692,453.9],[692.8,455.2],[694.1,454.6],[694.4,455.3],[693.3,456],[692.9,457.2],[693.4,458.2],[694.7,458.7],[695.9,458.6],[695.3,460.2],[695.7,460.6],[697.1,460.8],[697.1,461.6],[695.9,461.9],[695.9,463.9],[694.8,463.2],[692.3,464.4],[692.4,465.9],[693.5,466.1],[694.6,465.2],[695.6,465.1],[694.9,466.6],[694.1,467.1],[693.8,467.8],[694.3,468.6],[693.5,469.3],[692.1,470],[691.9,471.2],[690.7,472.4],[689.1,472.9],[688.8,474.9],[690.4,474.5],[690.6,475.2],[688.9,475.2],[688.3,476.1],[688.4,477.7],[687.9,478.5],[686.3,477.7],[686,478.5],[686.6,479.1],[687.9,478.8],[688.2,479.4],[687.4,480.2],[686.1,480.4],[686.2,482.5],[687.1,483.6],[686.3,484.2],[685.5,482.8],[685,483.6],[685.6,484.8],[686.4,485.5],[686.3,486.5],[685.2,486.8],[683.9,486.7],[683.8,487.5],[685,488.4],[684.3,490.3],[685.6,491.3],[685.7,492.1],[684.5,493],[695.7,492.5],[706.2,491.9],[705.7,483.7],[704,483.8],[703.6,477.6],[701.6,477.8],[701.4,475.7],[710.6,475.1],[712.4,474.3],[713.8,473.3],[713.2,472.9],[713.3,471.3],[712.4,469.6],[711.3,468.3],[710.7,465.6],[710.6,464],[711.8,463.2],[711.3,462.1],[711.7,461.2],[711.7,459.7],[712.7,458.5],[710.3,458.6],[710.2,456.6],[706.1,456.8],[706,454.8],[706.9,454.7],[707.6,454],[708.8,455.3],[711.6,454.6],[712.2,454.9],[715,454.5],[715.5,455.4],[716.3,455.5],[718,453.6],[719.3,453.3],[720.2,453.8],[728.3,453.3],[727.8,446.2],[727.4,440.7],[727.1,436.6],[724.4,436.7],[724.2,433.3],[723.1,432.7],[722.7,426.5],[721.9,415.5],[717.8,415.7],[717.2,407.2],[707.9,407.7],[707.2,406.9],[707.6,405.6],[707.2,404.3],[707.8,403.7],[707.6,400.5],[705.6,400.6],[704.9,400.7],[703.8,401.5],[703.2,400.6],[702.1,400.8],[702.8,401.7],[702.4,402.4],[703,403.7],[702.6,404.5],[702.7,405.3],[701.8,406.3],[700.4,406.7],[701.5,408],[700.8,409.1],[700.6,410],[700.9,411.1],[700.3,412.1],[697.4,413.3],[698,414.1],[697.5,415.1],[696.2,415.1],[696.2,416.4],[694.3,416.5],[695.3,417.3],[696.7,417.2],[695.9,418.3],[694.9,417.7],[694,418.5],[694.2,419.1],[695.7,419.7],[695.3,421],[693.5,421.3],[694.1,422.2],[693.4,422.5],[693,421.7],[691.6,422.6],[693.2,423.3],[692.1,424.8],[692.6,426.1],[693.8,426.6],[693.6,427.2],[691,427],[690.8,428.2],[691.4,428.8],[692.5,428.5],[693.1,429.3],[692,429.9],[690.6,428.8],[689.6,429],[689.6,430],[691.1,430.7],[691.2,431.5],[690.5,432.1],[689.5,432.1],[689.6,433],[690.3,433.5],[689.4,435.2],[690.7,434.8],[691.3,435.4],[690,436],[691.3,436.5],[691.4,438.4],[691.7,439.1],[692.6,439],[693.3,439.4],[692.3,440.2],[692.8,441.4],[692.7,442.2],[691.5,442.4],[690.5,442.9],[692.1,443.9],[692.1,444.5],[691.3,445.4]]]}},{"type":"Feature","properties":{"GEOID":"2803","STATEFP":"28","CD":"03","st":"MS","label_x":729,"label_y":460.5},"geometry":{"type":"Polygon","coordinates":[[[727.4,440.7],[727.8,446.2],[728.3,453.3],[720.2,453.8],[719.3,453.3],[718,453.6],[716.3,455.5],[715.5,455.4],[715,454.5],[712.2,454.9],[711.6,454.6],[708.8,455.3],[707.6,454],[706.9,454.7],[706,454.8],[706.1,456.8],[710.2,456.6],[710.3,458.6],[712.7,458.5],[711.7,459.7],[711.7,461.2],[711.3,462.1],[711.8,463.2],[710.6,464],[710.7,465.6],[711.3,468.3],[712.4,469.6],[713.3,471.3],[713.2,472.9],[713.8,473.3],[712.4,474.3],[710.6,475.1],[701.4,475.7],[701.6,477.8],[703.6,477.6],[704,483.8],[705.7,483.7],[706.2,491.9],[713.9,491.4],[722.6,490.8],[724.1,490.7],[723.4,480.6],[728.5,480.2],[727.9,471.7],[730.6,471.3],[730.7,472.1],[732.2,472.1],[732.2,472.5],[733.7,473],[734.3,471.9],[735.7,471.8],[737.1,471.4],[737,470.4],[740.5,469.9],[743.3,469.2],[746.2,468.1],[746.5,454.9],[746.6,448.7],[746.9,435],[739.8,435.6],[739.2,429],[732.1,429.6],[732.2,430.8],[733.7,431],[733.7,431.9],[734,436],[731.2,436.3],[731.3,438.3],[729.3,438.5],[729.4,440.6],[727.4,440.7]]]}},{"type":"Feature","properties":{"GEOID":"2804","STATEFP":"28","CD":"04","st":"MS","label_x":736.2,"label_y":487},"geometry":{"type":"Polygon","coordinates":[[[720.9,498.9],[721.4,500.3],[722.6,502.3],[724.4,503.7],[724.5,504.8],[725.1,505.9],[725.7,506.3],[725.4,507.4],[726.1,508.9],[727.1,509.9],[728,509.6],[728.6,509.8],[730.1,508.5],[730.2,507.9],[731.8,506.7],[731.3,505.1],[732,505],[733,505.7],[733,506.6],[736.8,504.8],[739.9,504],[742.2,503.8],[743.5,504.8],[744.5,504.8],[745.2,504.3],[748,504.6],[748.5,505],[749.5,504.7],[749.5,504.1],[750.6,503.7],[749.4,494],[748.1,483.2],[746.7,472.7],[746.2,468.1],[743.3,469.2],[740.5,469.9],[737,470.4],[737.1,471.4],[735.7,471.8],[734.3,471.9],[733.7,473],[732.2,472.5],[732.2,472.1],[730.7,472.1],[730.6,471.3],[727.9,471.7],[728.5,480.2],[723.4,480.6],[724.1,490.7],[722.6,490.8],[721.9,493.4],[721.8,495],[720.9,496.6],[720.9,498.9]]]}},{"type":"Feature","properties":{"GEOID":"2901","STATEFP":"29","CD":"01","st":"MO","label_x":699.6,"label_y":309.5},"geometry":{"type":"Polygon","coordinates":[[[696.8,308.4],[697.4,309.5],[696.9,310.4],[698,311.2],[699.2,310.9],[699,312.8],[700,312.3],[701.2,313.7],[702.3,312],[702.4,310.5],[701.8,309.4],[702.6,307.9],[703.4,307.1],[702.6,306.6],[701.9,306.8],[700,305.3],[699.3,305.5],[699.1,306.5],[698.6,307],[697.5,306.9],[696.8,308.4]]]}},{"type":"Feature","properties":{"GEOID":"2902","STATEFP":"29","CD":"02","st":"MO","label_x":687.8,"label_y":315.1},"geometry":{"type":"Polygon","coordinates":[[[696.8,308.4],[696,309.2],[695.9,310.3],[693.6,310.5],[692.9,308.8],[692.8,307.8],[691.8,308],[691.5,308.6],[690.3,307.8],[689.1,307.9],[687,307.4],[685.3,307.8],[684,307.8],[683.1,307.3],[679.7,307.4],[679.8,310.6],[680.8,310.8],[681.3,319.6],[681.4,322.6],[692.1,322],[692.6,317],[692.7,315.4],[693.3,315.6],[695.2,314.8],[696.6,314.7],[698.6,314.6],[698.6,315.8],[699.6,315.6],[699.9,317.2],[700.7,316.2],[701.1,314],[701.2,313.7],[700,312.3],[699,312.8],[699.2,310.9],[698,311.2],[696.9,310.4],[697.4,309.5],[696.8,308.4]]]}},{"type":"Feature","properties":{"GEOID":"2903","STATEFP":"29","CD":"03","st":"MO","label_x":669.3,"label_y":317.6},"geometry":{"type":"Polygon","coordinates":[[[666.9,302.8],[666.3,305.4],[663.9,305.4],[663.5,305.7],[661.9,305.6],[660.5,304.9],[658.9,305],[658.3,305.4],[655.9,305.1],[654.6,305.5],[653.7,305.3],[652.4,304.4],[652,303.3],[650,305.6],[650,312.2],[654,312.3],[654,314.4],[658,318.2],[658,320.1],[657,320.2],[657,323.2],[655.9,323.4],[655.6,325.1],[656.3,325.1],[656.9,325.9],[658.4,325],[659.4,326.1],[659.4,326.8],[660.5,327.8],[669.6,327.7],[670.6,327.7],[671.8,326.6],[676.7,326.4],[676.6,324],[678.5,323.9],[678.9,332.6],[682.9,332.4],[683,334.5],[686,334.4],[686,333.4],[691,333.2],[695.2,333],[694.9,324.9],[696.7,324.1],[697.2,322.9],[696.9,322.2],[696.6,314.7],[695.2,314.8],[693.3,315.6],[692.7,315.4],[692.6,317],[692.1,322],[681.4,322.6],[681.3,319.6],[680.8,310.8],[679.8,310.6],[679.7,307.4],[683.1,307.3],[684,307.8],[685.3,307.8],[687,307.4],[689.1,307.9],[690.3,307.8],[691.5,308.6],[691.8,308],[692.8,307.8],[692.9,308.8],[693.6,310.5],[695.9,310.3],[696,309.2],[696.8,308.4],[697.5,306.9],[698.6,307],[699.1,306.5],[699.3,305.5],[700,305.3],[701.9,306.8],[702.6,306.6],[703.4,307.1],[703.4,306],[701.9,305.2],[700.8,304.5],[699.7,304.5],[698.4,303.8],[697.1,303.6],[695.5,305.9],[694.1,305.7],[693.3,304.6],[692.2,305.3],[691.2,305],[690.6,306.1],[688.5,306],[688,306.4],[685.2,306.5],[685.2,305.1],[683.8,305.2],[683.7,303.8],[682.3,303.8],[682.2,300.3],[675.5,300.4],[675.5,302.6],[666.9,302.8]]]}},{"type":"Feature","properties":{"GEOID":"2904","STATEFP":"29","CD":"04","st":"MO","label_x":639.4,"label_y":321.7},"geometry":{"type":"Polygon","coordinates":[[[621.8,320.1],[621.9,330.6],[621.9,334.7],[622,344.4],[632,344.6],[632,346],[640.5,346],[640.5,342.5],[650.7,342.5],[650.7,346],[652.1,346.1],[652.7,346.8],[653.3,346.4],[658.1,346.4],[657.8,345.9],[657.8,340.7],[665.8,340.6],[665.8,337.5],[669.8,337.4],[669.6,327.7],[660.5,327.8],[659.4,326.8],[659.4,326.1],[658.4,325],[656.9,325.9],[656.3,325.1],[655.6,325.1],[655.9,323.4],[657,323.2],[657,320.2],[658,320.1],[658,318.2],[654,314.4],[654,312.3],[650,312.2],[650,305.6],[652,303.3],[652.4,304.4],[653.7,305.3],[654.6,305.5],[655.9,305.1],[658.3,305.4],[658.9,305],[660.5,304.9],[661.9,305.6],[663.5,305.7],[663.9,305.4],[666.3,305.4],[666.9,302.8],[666.8,298.6],[660.9,298.7],[654.4,296.6],[653.5,299.1],[652.4,299.6],[652.2,298.9],[651.4,298.2],[651.3,297.5],[650.2,297.5],[649.3,297],[649,296],[648,296],[647.6,295.4],[646.6,297.2],[645.6,297.7],[644.6,297.8],[644.6,299.2],[643.4,299.7],[643.3,299],[641.7,298.9],[641.6,300],[640.5,300],[640.1,299.5],[638.9,299.4],[638,300.3],[636.5,300.6],[635.5,300.2],[634.4,301],[632.1,300.9],[632.2,301.7],[631.5,302.2],[630.7,302],[630.7,303.3],[629,303.2],[629,303.9],[627.8,303.9],[627,303.3],[627.1,304.9],[627.7,305],[627.7,306.9],[627.9,307.5],[627.7,309.4],[621.7,309.2],[621.8,320.1]]]}},{"type":"Feature","properties":{"GEOID":"2905","STATEFP":"29","CD":"05","st":"MO","label_x":624.4,"label_y":304.2},"geometry":{"type":"Polygon","coordinates":[[[621.6,303.5],[621.7,309.2],[627.7,309.4],[627.9,307.5],[627.7,306.9],[627.7,305],[627.1,304.9],[627,303.3],[626.9,302.3],[625.6,302.5],[624.9,302.1],[624.2,302.7],[623.9,300.6],[623.6,300.3],[623.6,298],[621.7,297.7],[621.7,301.8],[621.6,303.5]]]}},{"type":"Feature","properties":{"GEOID":"2906","STATEFP":"29","CD":"06","st":"MO","label_x":648,"label_y":286.1},"geometry":{"type":"Polygon","coordinates":[[[600.5,268.2],[600.7,269.6],[601.7,269.5],[601.8,270.9],[603.3,274.6],[604.3,275.6],[605.7,276.3],[605.7,277.7],[607.1,279],[606.7,280.6],[608.8,282],[610.6,284.2],[612.8,285.3],[613.6,285.2],[614,284.4],[615,284.3],[615.3,285.4],[616.3,285.9],[616.5,286.5],[615.7,286.9],[615.1,288],[614.9,289.2],[613.9,289.9],[613.4,290.9],[613.4,291.9],[612.4,292.1],[612.5,293],[613.5,294],[613.8,294.8],[614.6,295.1],[615.8,296.5],[616.3,298.5],[617.2,299.3],[617.7,300.7],[618.3,300.7],[619.3,301.6],[620.1,301.3],[621,302],[621.7,301.8],[621.7,297.7],[623.6,298],[623.6,300.3],[623.9,300.6],[624.2,302.7],[624.9,302.1],[625.6,302.5],[626.9,302.3],[627,303.3],[627.8,303.9],[629,303.9],[629,303.2],[630.7,303.3],[630.7,302],[631.5,302.2],[632.2,301.7],[632.1,300.9],[634.4,301],[635.5,300.2],[636.5,300.6],[638,300.3],[638.9,299.4],[640.1,299.5],[640.5,300],[641.6,300],[641.7,298.9],[643.3,299],[643.4,299.7],[644.6,299.2],[644.6,297.8],[645.6,297.7],[646.6,297.2],[647.6,295.4],[648,296],[649,296],[649.3,297],[650.2,297.5],[651.3,297.5],[651.4,298.2],[652.2,298.9],[652.4,299.6],[653.5,299.1],[654.4,296.6],[660.9,298.7],[666.8,298.6],[666.9,302.8],[675.5,302.6],[675.5,300.4],[682.2,300.3],[682.3,303.8],[683.7,303.8],[683.8,305.2],[685.2,305.1],[685.2,306.5],[688,306.4],[688.5,306],[690.6,306.1],[691.2,305],[692.2,305.3],[693.3,304.6],[693,303.3],[692.2,301.8],[692.7,301],[692.2,299.4],[691.7,297.2],[689.6,295.2],[686.7,293.4],[685.5,292.3],[684.6,290.7],[683.8,290.6],[683,289.2],[682,288.7],[681.3,287.9],[679.6,286.4],[679.6,285.1],[678.4,283.9],[678,283],[678.4,282.1],[677,279.3],[676.6,277.1],[676.5,274.6],[677.2,272],[677.9,271.1],[676.8,271.1],[676,270.4],[675.9,269.3],[675.3,269.3],[674.3,268.3],[674.1,267.4],[673.1,267.2],[672.2,265.8],[664.2,266.5],[653.9,267.1],[645,267.6],[639.9,267.7],[630.5,268.1],[623.2,268.3],[614.3,268.3],[607.5,268.3],[600.5,268.2]]]}},{"type":"Feature","properties":{"GEOID":"2907","STATEFP":"29","CD":"07","st":"MO","label_x":638.2,"label_y":354.9},"geometry":{"type":"Polygon","coordinates":[[[622.1,353],[622.3,364.9],[631.8,364.7],[647.2,364.4],[657,364.1],[656.9,356.8],[654.2,356.8],[654.1,350.6],[658.1,350.5],[658.1,346.4],[653.3,346.4],[652.7,346.8],[652.1,346.1],[650.7,346],[650.7,342.5],[640.5,342.5],[640.5,346],[632,346],[632,344.6],[622,344.4],[622.1,353]]]}},{"type":"Feature","properties":{"GEOID":"2908","STATEFP":"29","CD":"08","st":"MO","label_x":687.9,"label_y":343.7},"geometry":{"type":"Polygon","coordinates":[[[658.1,346.4],[658.1,350.5],[654.1,350.6],[654.2,356.8],[656.9,356.8],[657,364.1],[664.9,363.8],[671.7,363.5],[680.2,363.1],[682.6,363],[695.6,362.3],[706.1,361.8],[706.6,363.7],[707.9,364.4],[707.7,367],[706.7,368.1],[705.3,369.2],[704.8,370.6],[704,371],[702.6,373.9],[714.8,373],[715.6,372.1],[715.6,371],[717.2,369.8],[716.9,368.8],[715.2,367.6],[715.1,367],[717.1,367.2],[718.1,366.4],[716.6,365.5],[716.5,364.8],[718,364.7],[718.4,363.9],[717.7,362.8],[718,361.4],[717.6,361],[716.9,359.9],[717.2,359.1],[718.5,359.2],[718.9,360.1],[718.6,360.9],[719.1,361.9],[719.9,360.8],[720.5,358],[721.4,357.5],[722.8,359],[723.3,358.9],[723.8,357.4],[724.5,356.5],[723.6,355.4],[724.1,354.3],[725.1,353.9],[723.9,353.2],[724.8,351.2],[725,349.4],[724.4,349],[723.3,349.1],[723.1,348.4],[721.9,347.2],[721.2,347.7],[722,348.4],[721.4,349],[719.7,348],[719.7,346.9],[718.9,346],[717.9,344.3],[717.9,343.1],[716.7,342.3],[717.2,341.2],[718.2,340.8],[718.3,339.6],[716.4,336.4],[716.3,335.3],[717,334.9],[716.2,333.9],[716.2,332.9],[714.8,332.3],[714.2,331.5],[711.7,329.3],[710.7,329.1],[709.7,328.1],[708.7,329],[707.8,328.7],[707.3,327.9],[707.9,326.6],[706.7,326.8],[705.6,325.7],[705,325.7],[704.2,324.7],[703.4,324.5],[702.1,323.6],[701.5,322.6],[699.9,321.3],[699.5,319.7],[699.5,318.4],[699.9,317.2],[699.6,315.6],[698.6,315.8],[698.6,314.6],[696.6,314.7],[696.9,322.2],[697.2,322.9],[696.7,324.1],[694.9,324.9],[695.2,333],[691,333.2],[686,333.4],[686,334.4],[683,334.5],[682.9,332.4],[678.9,332.6],[678.5,323.9],[676.6,324],[676.7,326.4],[671.8,326.6],[670.6,327.7],[669.6,327.7],[669.8,337.4],[665.8,337.5],[665.8,340.6],[657.8,340.7],[657.8,345.9],[658.1,346.4]]]}},{"type":"Feature","properties":{"GEOID":"3001","STATEFP":"30","CD":"01","st":"MT","label_x":312.9,"label_y":96.6},"geometry":{"type":"Polygon","coordinates":[[[284.4,37.1],[281.8,48.9],[279.4,60.4],[280.8,63.6],[281.8,64.8],[281.8,66.3],[283.1,68],[282.7,68.8],[283.2,70.3],[281.9,71.1],[282.4,71.9],[282.4,73.5],[281.5,73.7],[284.1,76.5],[284.2,77.7],[287.3,79.3],[288,82],[289.4,83.4],[289.4,84.2],[290.2,85.4],[290.3,86.5],[291,86.9],[291.7,88.8],[291.6,90.5],[292.5,90.9],[292.9,91.8],[293.8,92.5],[293.2,93.5],[293.7,94],[295.3,93.3],[295.8,94.1],[295.4,94.7],[295.7,95.8],[296.8,95.8],[298,96.4],[298.8,95.9],[299.9,95.9],[300.4,96.5],[299.7,97.7],[299.2,99.6],[298.5,99.6],[298.6,101],[297.6,102.2],[297.5,103.4],[296.4,105.4],[296.2,107],[295.1,107],[294.8,107.9],[295.7,108.7],[294.9,109.6],[295,111.1],[295.9,111.6],[295.4,112.5],[295.8,113.9],[293.7,114.4],[292.5,115.8],[293.2,117.2],[293.1,118.4],[291.9,119.1],[292.2,119.8],[291.5,120.8],[292.2,120.6],[293.6,121.9],[294.4,123],[294.7,123.8],[295.8,123.5],[296.5,122.6],[298.5,122.2],[299.5,121.4],[299.9,120.8],[300.9,120.1],[301.4,119.3],[302.3,119.6],[302.4,120.5],[304,122.2],[304.1,122.7],[303.2,124],[304.2,124.3],[303.7,125.6],[303.7,126.8],[304.3,127.2],[303.9,128.7],[304.6,130],[304.4,130.4],[305.7,132.5],[305.7,133.8],[307.4,135.8],[307.1,138.1],[306.2,138.4],[306.6,140.3],[307,141],[308,141.7],[308.1,142.5],[309.8,141.9],[310.7,142.9],[311.8,144.5],[312.1,145.8],[312,147.2],[311.5,147.6],[312.1,148.5],[312.2,151.2],[313.7,152.8],[314.5,153.9],[315.1,153.6],[314.8,152.4],[316.1,151.2],[317.2,150.9],[318,151.5],[319,151.5],[322.4,153.2],[323.1,152.2],[323.3,151.2],[324.6,150.6],[325.5,150.9],[326.1,151.8],[327.4,152.3],[328.7,151.9],[329.5,152.3],[330.1,151.9],[331.4,151.9],[332,153.3],[334.2,152.5],[335.6,153],[336.1,152.7],[337.1,153.2],[337.3,151.9],[338.4,150.6],[338.2,149.8],[340.9,149.4],[342.4,152.3],[342.1,153.4],[342.9,153.7],[343.4,155.4],[344.6,156.1],[346.5,144],[346.7,144],[347.5,139.9],[348.1,135.9],[350.1,136.2],[350.7,132.1],[351.7,132.3],[352,130.8],[353,130.9],[353.7,126.4],[354.2,123.7],[355,118.1],[355.3,117],[349.3,116],[346.2,115.6],[345.9,117.1],[344.5,118.4],[344.3,119.9],[343.6,119.9],[342.9,121.1],[341.3,121.5],[339.8,123.1],[338.9,123.8],[335.8,122.5],[335.6,121.8],[334,121.4],[332.6,121.6],[332.4,122.4],[331.4,123.5],[330.9,123.6],[329.8,122.4],[327.8,121],[327.4,120.4],[327.9,119.7],[327.7,118.7],[327.9,116.3],[327.4,115.7],[327.8,114.8],[327.1,113.6],[327.3,113],[326.3,112.5],[326.3,111.3],[326.9,110.6],[326.9,109.8],[327.7,109.1],[329.1,108.9],[330,108.2],[330.8,108.4],[331.6,107.7],[332,105.6],[332.1,104.1],[332.6,103.4],[332.4,102.2],[330.9,101.9],[331.1,100.9],[329.1,100.6],[329.7,97.5],[325.5,96.8],[326.9,88.8],[322.8,88],[324,80.9],[323.2,80.7],[323.5,78.9],[323.2,78.3],[323.7,76.7],[323.3,75.3],[323.9,74.8],[324.8,74.8],[325.4,73.6],[325.6,71.8],[325.4,71],[326.5,70.9],[327.2,70.4],[328.3,70.8],[328.8,70],[328.3,68.1],[327.7,67.7],[327.6,66.3],[330.4,66.7],[339.2,68.3],[339.4,66.8],[341.7,65.9],[342.9,66.4],[343.1,64.9],[341.9,63.6],[338.9,63.1],[339.2,62.4],[340.4,61.6],[341.1,60.6],[341.8,60.6],[342.1,58.5],[343.4,50.6],[343.7,48.6],[331.1,46.4],[320.6,44.5],[310.1,42.4],[297.3,39.9],[284.4,37.1]]]}},{"type":"Feature","properties":{"GEOID":"3002","STATEFP":"30","CD":"02","st":"MT","label_x":399.9,"label_y":103.4},"geometry":{"type":"Polygon","coordinates":[[[343.7,48.6],[343.4,50.6],[342.1,58.5],[341.8,60.6],[341.1,60.6],[340.4,61.6],[339.2,62.4],[338.9,63.1],[341.9,63.6],[343.1,64.9],[342.9,66.4],[341.7,65.9],[339.4,66.8],[339.2,68.3],[330.4,66.7],[327.6,66.3],[327.7,67.7],[328.3,68.1],[328.8,70],[328.3,70.8],[327.2,70.4],[326.5,70.9],[325.4,71],[325.6,71.8],[325.4,73.6],[324.8,74.8],[323.9,74.8],[323.3,75.3],[323.7,76.7],[323.2,78.3],[323.5,78.9],[323.2,80.7],[324,80.9],[322.8,88],[326.9,88.8],[325.5,96.8],[329.7,97.5],[329.1,100.6],[331.1,100.9],[330.9,101.9],[332.4,102.2],[332.6,103.4],[332.1,104.1],[332,105.6],[331.6,107.7],[330.8,108.4],[330,108.2],[329.1,108.9],[327.7,109.1],[326.9,109.8],[326.9,110.6],[326.3,111.3],[326.3,112.5],[327.3,113],[327.1,113.6],[327.8,114.8],[327.4,115.7],[327.9,116.3],[327.7,118.7],[327.9,119.7],[327.4,120.4],[327.8,121],[329.8,122.4],[330.9,123.6],[331.4,123.5],[332.4,122.4],[332.6,121.6],[334,121.4],[335.6,121.8],[335.8,122.5],[338.9,123.8],[339.8,123.1],[341.3,121.5],[342.9,121.1],[343.6,119.9],[344.3,119.9],[344.5,118.4],[345.9,117.1],[346.2,115.6],[349.3,116],[355.3,117],[355,118.1],[354.2,123.7],[353.7,126.4],[353,130.9],[352,130.8],[351.7,132.3],[350.7,132.1],[350.1,136.2],[348.1,135.9],[347.5,139.9],[346.7,144],[350.9,144.7],[352.3,145.1],[356.5,145.7],[357.2,145.7],[360.9,146.3],[362.2,146.3],[367.9,147.2],[378.7,148.7],[379,148.8],[388.4,150.1],[396.8,151.2],[411.4,153],[412.1,153.1],[420.6,154.1],[431.2,155.3],[431.5,155.2],[443.8,156.4],[452.7,157.3],[462.2,158.2],[462.5,158.2],[463.3,149.4],[464.3,136],[465.5,122.8],[466.1,115.3],[467.1,103.3],[467.9,93.9],[468.9,82.1],[469.5,74.1],[470.3,64.8],[457.4,63.7],[449.9,63],[439.1,61.9],[426.9,60.5],[417.4,59.4],[409.2,58.4],[401.1,57.3],[393.2,56.3],[380.5,54.5],[375,53.7],[362.1,51.7],[354.4,50.5],[343.7,48.6]]]}},{"type":"Feature","properties":{"GEOID":"3101","STATEFP":"31","CD":"01","st":"NE","label_x":574.5,"label_y":251.4},"geometry":{"type":"Polygon","coordinates":[[[590.6,249],[590.6,248],[589.9,248],[588.9,247],[588.6,245.9],[588.6,240.8],[586.7,240.7],[586.7,232.5],[575.9,232.4],[564.5,232.3],[564.3,245.6],[566.5,245.6],[566.4,248.7],[568.3,248.8],[568.6,250.2],[568.6,252.5],[568.9,254.3],[572.3,254.3],[572.1,265.3],[580.2,265.4],[580.1,269.6],[588.1,269.6],[588.1,263.5],[599.3,263.5],[599.1,261.6],[599.7,261.1],[599.2,259.8],[599.4,259],[598.8,258.4],[598.8,256.3],[598.4,254.9],[598.7,253.9],[597.7,253.8],[593.6,253.9],[593.6,255.2],[596.3,255.3],[596.3,256.9],[595.4,256.8],[594.4,257.2],[593.8,257.9],[592.7,258.5],[590.7,257.3],[590.2,258],[588.2,258],[588.2,257.3],[580.3,257.2],[580.5,247.5],[582,247.9],[583.3,247.7],[583.9,248.1],[586.4,248.1],[587.8,249],[590.6,249]]]}},{"type":"Feature","properties":{"GEOID":"3102","STATEFP":"31","CD":"02","st":"NE","label_x":589.1,"label_y":253.3},"geometry":{"type":"Polygon","coordinates":[[[590.6,249],[587.8,249],[586.4,248.1],[583.9,248.1],[583.3,247.7],[582,247.9],[580.5,247.5],[580.3,257.2],[588.2,257.3],[588.2,258],[590.2,258],[590.7,257.3],[592.7,258.5],[593.8,257.9],[594.4,257.2],[595.4,256.8],[596.3,256.9],[596.3,255.3],[593.6,255.2],[593.6,253.9],[597.7,253.8],[597.9,252.7],[597.6,251.7],[598.3,250.8],[597.1,250.1],[597.5,249],[590.6,249]]]}},{"type":"Feature","properties":{"GEOID":"3103","STATEFP":"31","CD":"03","st":"NE","label_x":509.7,"label_y":244.1},"geometry":{"type":"Polygon","coordinates":[[[458.3,205.1],[457.3,216.9],[456.1,231.4],[455.2,242.5],[454.3,252.3],[464.1,253.1],[475.2,253.9],[489.6,254.9],[488.6,270.6],[488.1,278.5],[499.5,279.2],[508,279.7],[516.4,280.1],[528.1,280.7],[539.6,281.1],[553.5,281.5],[563.4,281.7],[577.6,281.9],[592.1,282],[598.5,282],[608.8,282],[606.7,280.6],[607.1,279],[605.7,277.7],[605.7,276.3],[604.3,275.6],[603.3,274.6],[601.8,270.9],[601.7,269.5],[600.7,269.6],[600.5,268.2],[600.8,267.6],[600.1,266.4],[599.2,266],[598.4,265],[598.4,264.3],[599.3,263.5],[588.1,263.5],[588.1,269.6],[580.1,269.6],[580.2,265.4],[572.1,265.3],[572.3,254.3],[568.9,254.3],[568.6,252.5],[568.6,250.2],[568.3,248.8],[566.4,248.7],[566.5,245.6],[564.3,245.6],[564.5,232.3],[575.9,232.4],[586.7,232.5],[586.7,240.7],[588.6,240.8],[588.6,245.9],[588.9,247],[589.9,248],[590.6,248],[590.6,249],[597.5,249],[597.5,247.4],[596.3,247.2],[596.5,246.2],[595.4,246.3],[594.8,245.7],[594.9,244.5],[594.4,243.6],[594.7,243],[594.3,241.9],[595.1,239.3],[594.5,238.9],[594.3,238.1],[593.5,237],[594.1,235.3],[593.2,235.2],[592.2,233.7],[591.6,233.6],[591.7,232.1],[590.3,230.7],[590.2,229.6],[590.7,229.2],[590,227.3],[589.3,226.7],[589.2,224.9],[589.8,224.1],[589.5,223.2],[588.7,223],[587.7,223.2],[586.7,222.3],[585.5,222.5],[585.3,221.6],[584.1,220.2],[584.5,219.2],[582.5,218.7],[582.5,217.9],[580.7,217.2],[580.2,217.6],[579.5,216.6],[576.9,216.3],[576.6,215.7],[575.5,215.4],[575.4,214.5],[573.9,214],[573,214.3],[572,214],[571.6,214.5],[570.5,214.2],[569.5,214.4],[568.8,214.1],[567.4,214.5],[565.8,214.3],[564.6,213.8],[563.9,215],[562.8,216.1],[561.3,216.2],[559.7,214.8],[557.5,213.5],[554,211.7],[553.5,210.5],[546.6,210.3],[536.8,210],[529.1,209.7],[516.9,209.1],[510.6,208.8],[499.9,208.2],[496,207.9],[485.1,207.2],[474.1,206.4],[465.8,205.8],[458.3,205.1]]]}},{"type":"Feature","properties":{"GEOID":"3201","STATEFP":"32","CD":"01","st":"NV","label_x":239.7,"label_y":343.6},"geometry":{"type":"Polygon","coordinates":[[[236.9,337.3],[236.6,338.7],[237.7,339],[237.4,340.6],[236,341.3],[235.2,342.7],[233.7,349.9],[244,352],[244.2,351.5],[243.7,350.4],[244,349.5],[243.7,348.9],[244.1,347.1],[244.3,345.7],[245.2,345.3],[244.6,344.5],[244.2,342.7],[244.6,340.6],[242.5,338.5],[240.4,339.1],[240.7,336.5],[239.2,336.1],[237.9,336.2],[236.9,337.3]]]}},{"type":"Feature","properties":{"GEOID":"3202","STATEFP":"32","CD":"02","st":"NV","label_x":224.6,"label_y":231.8},"geometry":{"type":"Polygon","coordinates":[[[169.5,234.4],[167.1,243.2],[165.2,251],[174.3,264.7],[174.6,263.5],[175.3,264.1],[176,262.8],[175.5,260.2],[175.8,258.9],[177.7,258.9],[179.4,258.4],[181.1,259],[181.7,258.8],[182.2,256.7],[184.6,254.2],[183.4,253.6],[183.3,252.6],[181.5,252],[181.9,251.2],[182.9,251.4],[183.6,249.2],[184.7,250.4],[186,250.7],[186.5,252.2],[187.4,252.4],[187.3,253.1],[191.2,254.1],[191.7,254.9],[192.6,255.1],[192.4,256],[203.2,258.6],[204.9,258.5],[213.1,258.7],[223.4,261.1],[232.5,263.1],[238.3,264.3],[243,269.2],[252.1,278.9],[255.1,279.5],[256,281.8],[257.2,281.8],[258,282.3],[258.8,280.2],[269.1,282.3],[270.6,274.6],[272.7,264.1],[275.1,251.5],[276.9,242.2],[279.7,228.2],[281.9,216.8],[284.1,205.1],[274.6,203.2],[271.1,202.3],[267.1,201.7],[262.4,200.7],[251.7,198.5],[244.5,196.9],[233.3,194.3],[223.1,192.1],[213.4,189.8],[204.9,187.9],[196.3,185.7],[185,182.8],[183,182.3],[180.7,190.9],[178.1,200.9],[176.3,208],[174.2,216.6],[170.9,229.1],[169.5,234.4]]]}},{"type":"Feature","properties":{"GEOID":"3203","STATEFP":"32","CD":"03","st":"NV","label_x":231.7,"label_y":346.5},"geometry":{"type":"Polygon","coordinates":[[[236.9,337.3],[235.7,336.9],[236,335],[235.6,334],[234.7,333.8],[234.9,332.4],[233.1,332.7],[232.6,335.1],[233,336.3],[232.3,336.5],[231,335.4],[229.4,336.4],[229.6,335],[227.9,334.8],[225.7,335.2],[224.5,335.1],[223.7,338.7],[226.6,343.1],[232.2,351.4],[237,358.6],[241.7,365.7],[241.8,365.1],[242.6,364.1],[241.9,363.3],[243.3,362.9],[243.7,362.2],[243.9,358.3],[243.7,356.2],[243.3,355.6],[243.2,354],[243.7,353.3],[244,352],[233.7,349.9],[235.2,342.7],[236,341.3],[237.4,340.6],[237.7,339],[236.6,338.7],[236.9,337.3]]]}},{"type":"Feature","properties":{"GEOID":"3204","STATEFP":"32","CD":"04","st":"NV","label_x":231,"label_y":296.7},"geometry":{"type":"Polygon","coordinates":[[[269.1,282.3],[258.8,280.2],[258,282.3],[257.2,281.8],[256,281.8],[255.1,279.5],[252.1,278.9],[243,269.2],[238.3,264.3],[232.5,263.1],[223.4,261.1],[213.1,258.7],[204.9,258.5],[203.2,258.6],[192.4,256],[192.6,255.1],[191.7,254.9],[191.2,254.1],[187.3,253.1],[187.4,252.4],[186.5,252.2],[186,250.7],[184.7,250.4],[183.6,249.2],[182.9,251.4],[181.9,251.2],[181.5,252],[183.3,252.6],[183.4,253.6],[184.6,254.2],[182.2,256.7],[181.7,258.8],[181.1,259],[179.4,258.4],[177.7,258.9],[175.8,258.9],[175.5,260.2],[176,262.8],[175.3,264.1],[174.6,263.5],[174.3,264.7],[179.5,272.5],[184.8,280.4],[189.2,287.1],[194.5,295],[196.8,298.5],[201.6,305.6],[206.9,313.6],[211.1,319.9],[216,327.1],[223.7,338.7],[224.5,335.1],[225.7,335.2],[227.9,334.8],[229.6,335],[229.4,336.4],[231,335.4],[232.3,336.5],[233,336.3],[232.6,335.1],[233.1,332.7],[234.9,332.4],[234.7,333.8],[235.6,334],[236,335],[235.7,336.9],[236.9,337.3],[237.9,336.2],[239.2,336.1],[240.7,336.5],[240.4,339.1],[242.5,338.5],[244.6,340.6],[244.9,339.7],[245.9,339.8],[247,339.2],[249.3,339.5],[250.4,340.3],[251.9,340.1],[253.8,343.6],[255.4,343.7],[257.6,340.4],[258.1,340.1],[259,335.8],[260.2,328.6],[261.6,321.3],[264.2,307.5],[265.3,302.1],[267.3,291.9],[269.1,282.3]]]}},{"type":"Feature","properties":{"GEOID":"3301","STATEFP":"33","CD":"01","st":"NH","label_x":1012.3,"label_y":144.2},"geometry":{"type":"Polygon","coordinates":[[[1012.4,125.7],[1012.2,126.9],[1011.3,127.2],[1011.9,129.7],[1010.1,129.8],[1008.5,130.3],[1007.5,129.9],[1007,130.2],[1007.9,132.1],[1007.9,133.3],[1011.6,132.2],[1012.2,133.6],[1011.3,134.8],[1009,135.8],[1010.2,138.5],[1007,139.8],[1008.3,141.1],[1005.5,145.7],[1006.2,146.4],[1006.9,146.5],[1007.5,147.5],[1008.6,147],[1014.8,149.4],[1014.7,149.7],[1017.1,150.9],[1017,152.5],[1016.4,154.1],[1012,154.2],[1011.5,155.6],[1009.5,156.5],[1010.7,159],[1011.5,159.8],[1012.6,161.7],[1013.9,161.7],[1013.2,160.1],[1013.8,159.4],[1014.4,160.8],[1015.6,160.1],[1019,158.7],[1019.6,159.6],[1020.6,159],[1020.8,158.3],[1022.3,157.2],[1023.8,157.4],[1024.3,157],[1024.2,156.2],[1025,152.2],[1022.5,151.2],[1022,148.7],[1020.7,148.2],[1019.9,147.2],[1018.9,146.9],[1018.1,145.4],[1018.4,144.7],[1018,143.7],[1017.9,142.1],[1017.4,141.8],[1015.8,136.8],[1012.4,125.7]]]}},{"type":"Feature","properties":{"GEOID":"3302","STATEFP":"33","CD":"02","st":"NH","label_x":1003.4,"label_y":135.3},"geometry":{"type":"Polygon","coordinates":[[[1000,111.2],[999.6,111.9],[1000.7,113.5],[1000.2,114.7],[1000.1,116.7],[999.5,117.7],[1000.8,119.6],[1001.5,120.1],[1001.9,121.5],[1001.8,123.1],[1000.2,125.9],[999,126.4],[998.9,127.5],[998,128.2],[996.3,128.6],[995.2,130.5],[995.8,131.2],[995.7,132.4],[996.4,133.1],[996.9,134.5],[996.1,137],[996.6,137.8],[995.7,140.5],[996.1,141.7],[995.6,143.2],[994.7,144.4],[994.8,147],[994.3,147.6],[994.2,149.2],[994.6,149.6],[994.9,152.7],[995.5,153.8],[995.1,155.2],[995.4,157.9],[996.1,159.1],[995.8,160.1],[996.4,160.9],[996.1,161.9],[995.2,162.7],[995.6,163.4],[995.4,165],[996,166],[997.3,166.9],[997.8,167.5],[1003.7,166.2],[1009.8,164.9],[1017.4,163.1],[1017.9,161.9],[1019,161.7],[1018.6,160.5],[1019.6,159.6],[1019,158.7],[1015.6,160.1],[1014.4,160.8],[1013.8,159.4],[1013.2,160.1],[1013.9,161.7],[1012.6,161.7],[1011.5,159.8],[1010.7,159],[1009.5,156.5],[1011.5,155.6],[1012,154.2],[1016.4,154.1],[1017,152.5],[1017.1,150.9],[1014.7,149.7],[1014.8,149.4],[1008.6,147],[1007.5,147.5],[1006.9,146.5],[1006.2,146.4],[1005.5,145.7],[1008.3,141.1],[1007,139.8],[1010.2,138.5],[1009,135.8],[1011.3,134.8],[1012.2,133.6],[1011.6,132.2],[1007.9,133.3],[1007.9,132.1],[1007,130.2],[1007.5,129.9],[1008.5,130.3],[1010.1,129.8],[1011.9,129.7],[1011.3,127.2],[1012.2,126.9],[1012.4,125.7],[1009.8,117.3],[1005,102.8],[1004.5,104.4],[1003,104.6],[1001.8,103.7],[1000.6,105.6],[1000.1,109.4],[999.7,109.9],[1000,111.2]]]}},{"type":"Feature","properties":{"GEOID":"3401","STATEFP":"34","CD":"01","st":"NJ","label_x":970.2,"label_y":245.5},"geometry":{"type":"Polygon","coordinates":[[[965.6,245.1],[965.7,246.2],[967,247.1],[968.4,247.8],[969.2,248.5],[970.1,248.3],[973.1,250.1],[975.4,245.9],[973.6,244.9],[972.2,245.1],[971.2,243],[968.8,240.4],[967.3,242.5],[967.6,243.1],[965.6,245.1]]]}},{"type":"Feature","properties":{"GEOID":"3402","STATEFP":"34","CD":"02","st":"NJ","label_x":972.6,"label_y":251.7},"geometry":{"type":"Polygon","coordinates":[[[961.5,251.4],[961.6,251.9],[962.6,252.5],[962.4,253.4],[962.7,255.3],[964.1,255.5],[965.8,257],[966.9,257.1],[967.4,257.9],[968.6,257.9],[968.9,258.4],[970.3,259],[970.6,259.8],[973,259],[975.7,259.7],[975.8,261.4],[975.4,263.6],[975.4,265.1],[976.1,265.2],[977.5,264.3],[978.3,262.9],[978.5,262.1],[979.2,260.3],[979,260],[980,256.7],[980.9,255.1],[982.9,253.3],[984,251.1],[984.4,249.2],[985,247.9],[986.4,242.7],[986,239],[985.5,238.4],[984.6,239.1],[984.5,240.3],[986,239.9],[986.1,241.8],[984.9,241.7],[983.5,242.3],[982,242],[980.5,242.5],[981.2,243.5],[982.2,247.6],[982.1,248.2],[980.9,249],[979.9,248.7],[979.3,248.2],[977.3,247.9],[976.7,246.5],[975.4,245.9],[973.1,250.1],[970.1,248.3],[969.2,248.5],[968.4,247.8],[967,247.1],[965.7,246.2],[965.6,245.1],[964.4,245.5],[963.1,246.9],[962.5,247.9],[962.5,249.2],[961.5,251.4]]]}},{"type":"Feature","properties":{"GEOID":"3403","STATEFP":"34","CD":"03","st":"NJ","label_x":974.4,"label_y":237.6},"geometry":{"type":"Polygon","coordinates":[[[968.8,240.4],[971.2,243],[972.2,245.1],[973.6,244.9],[975.4,245.9],[976.7,246.5],[977.3,247.9],[979.3,248.2],[979.9,248.7],[980.9,249],[982.1,248.2],[982.2,247.6],[981.2,243.5],[980.5,242.5],[976.8,237.1],[977.2,236.7],[979.7,233.1],[981,233],[981.5,231.5],[981.1,229.7],[982.5,229.8],[982.2,227.4],[980.1,228.6],[978.6,231.1],[978.5,231.8],[977.5,232.7],[977,232.3],[975.7,232.2],[975.1,233.4],[974.2,233.7],[972.5,231.3],[972,233.2],[972.8,234],[972.7,235.5],[973.4,236.2],[972.5,237],[971.9,237],[971.4,238.2],[969.6,239.5],[968.8,240.4]]]}},{"type":"Feature","properties":{"GEOID":"3404","STATEFP":"34","CD":"04","st":"NJ","label_x":981.9,"label_y":235.3},"geometry":{"type":"Polygon","coordinates":[[[982.2,227.4],[982.5,229.8],[981.1,229.7],[981.5,231.5],[981,233],[979.7,233.1],[977.2,236.7],[976.8,237.1],[980.5,242.5],[982,242],[983.5,242.3],[984.9,241.7],[986.1,241.8],[986,239.9],[984.5,240.3],[984.6,239.1],[985.5,238.4],[986,239],[985.6,234],[985.6,232.2],[985.1,232.6],[984.3,232.3],[985.4,231.2],[984.2,229.6],[983.5,229.2],[983.8,227.3],[982.2,227.4]]]}},{"type":"Feature","properties":{"GEOID":"3405","STATEFP":"34","CD":"05","st":"NJ","label_x":973.5,"label_y":212.8},"geometry":{"type":"Polygon","coordinates":[[[965.3,212.4],[967.1,215.4],[968,215.6],[967.8,216.6],[968.8,217.2],[969.5,216.1],[969.4,214.1],[969.8,213.4],[971.9,214.4],[972.5,214.6],[973.4,214.1],[974.6,214.9],[976.2,214.7],[976.8,213.1],[978.3,213.6],[978.2,214.9],[979.1,214.9],[979.4,215.9],[981,216],[980.9,216.7],[982.7,217.5],[983,216.9],[983.2,216],[983.2,215.2],[983.2,213.2],[983.1,213.3],[976.6,211.2],[967.6,208.1],[966.6,208.6],[965.5,210.5],[965.3,212.4]]]}},{"type":"Feature","properties":{"GEOID":"3406","STATEFP":"34","CD":"06","st":"NJ","label_x":984.5,"label_y":228.2},"geometry":{"type":"Polygon","coordinates":[[[976.7,224.4],[974.8,225.9],[976.3,227.5],[977.3,227.2],[978.1,227.8],[978.9,227.5],[980.1,228.6],[982.2,227.4],[983.8,227.3],[983.5,229.2],[984.2,229.6],[985.4,231.2],[984.3,232.3],[985.1,232.6],[985.6,232.2],[985.6,229.7],[985,227.2],[983.7,227.2],[982,226.7],[981.1,227.3],[979.8,227],[979.4,226.5],[979.4,225],[980,224.5],[980.1,223.8],[978.6,224.2],[978.3,223.8],[976.7,224.4]]]}},{"type":"Feature","properties":{"GEOID":"3407","STATEFP":"34","CD":"07","st":"NJ","label_x":968.6,"label_y":222.2},"geometry":{"type":"Polygon","coordinates":[[[962.3,218.7],[963.9,220.7],[963.4,222.8],[962.4,223.4],[962.3,225.5],[962.8,227.4],[963.4,228.3],[964,227.9],[965.4,228.4],[966.2,231.2],[967.9,231.4],[968.6,232.6],[970.1,232.1],[969.7,231.4],[970.8,231],[970.5,230.3],[971.5,229.9],[972.6,228.5],[971.7,227],[973.6,225.9],[975.3,225],[975.8,223.9],[976.7,224.4],[978.3,223.8],[978.6,224.2],[980.1,223.8],[979.9,222.8],[979.6,222.7],[978.7,223.3],[977.5,223],[977.8,221.4],[976.6,221.1],[974.2,222.6],[973.4,221.9],[973.1,220.3],[972.5,220.1],[971.6,220.6],[971.2,220],[972.2,218.4],[971.7,218.2],[970.6,217.1],[971.9,214.4],[969.8,213.4],[969.4,214.1],[969.5,216.1],[968.8,217.2],[967.8,216.6],[968,215.6],[967.1,215.4],[965.3,212.4],[964.8,214.1],[963.9,215],[963.5,216.7],[962,218.3],[962.3,218.7]]]}},{"type":"Feature","properties":{"GEOID":"3408","STATEFP":"34","CD":"08","st":"NJ","label_x":981,"label_y":219.9},"geometry":{"type":"MultiPolygon","coordinates":[[[[979.4,219.7],[980.2,220.6],[980.8,220.6],[981.1,220.6],[981.2,221],[981.7,221.6],[982.5,220.1],[982.5,219.6],[982.8,218.2],[981.9,218],[981.6,219.2],[980,219.3],[979.4,219.7]]],[[[980.7,221.6],[979.6,221.6],[979.6,222.7],[979.9,222.8],[980.7,221.6]]]]}},{"type":"Feature","properties":{"GEOID":"3409","STATEFP":"34","CD":"09","st":"NJ","label_x":979.8,"label_y":216.3},"geometry":{"type":"Polygon","coordinates":[[[983,216.9],[982.7,217.5],[980.9,216.7],[981,216],[979.4,215.9],[979.1,214.9],[978.2,214.9],[978.3,213.6],[976.8,213.1],[976.2,214.7],[976.6,215.2],[978.2,215.6],[978.9,216.6],[978.8,217.7],[980.1,218.3],[980,219.3],[981.6,219.2],[981.9,218],[982.8,218.2],[982.9,217.7],[983,216.9]]]}},{"type":"Feature","properties":{"GEOID":"3410","STATEFP":"34","CD":"10","st":"NJ","label_x":979.7,"label_y":220.9},"geometry":{"type":"Polygon","coordinates":[[[977.8,221.4],[977.5,223],[978.7,223.3],[979.6,222.7],[979.6,221.6],[980.7,221.6],[980.8,220.6],[980.2,220.6],[979.4,219.7],[978.4,219.1],[977.9,218.1],[977.4,220.4],[978.7,220.3],[978.5,221.2],[977.8,221.4]]]}},{"type":"Feature","properties":{"GEOID":"3411","STATEFP":"34","CD":"11","st":"NJ","label_x":974.9,"label_y":218.7},"geometry":{"type":"Polygon","coordinates":[[[971.9,214.4],[970.6,217.1],[971.7,218.2],[972.2,218.4],[971.2,220],[971.6,220.6],[972.5,220.1],[973.1,220.3],[973.4,221.9],[974.2,222.6],[976.6,221.1],[977.8,221.4],[978.5,221.2],[978.7,220.3],[977.4,220.4],[977.9,218.1],[978.4,219.1],[979.4,219.7],[980,219.3],[980.1,218.3],[978.8,217.7],[978.9,216.6],[978.2,215.6],[976.6,215.2],[976.2,214.7],[974.6,214.9],[973.4,214.1],[972.5,214.6],[971.9,214.4]]]}},{"type":"Feature","properties":{"GEOID":"3412","STATEFP":"34","CD":"12","st":"NJ","label_x":975.9,"label_y":229.2},"geometry":{"type":"Polygon","coordinates":[[[968.6,232.6],[970.1,233.3],[970.8,234.3],[972.2,234.8],[972.7,235.5],[972.8,234],[972,233.2],[972.5,231.3],[974.2,233.7],[975.1,233.4],[975.7,232.2],[977,232.3],[977.5,232.7],[978.5,231.8],[978.6,231.1],[980.1,228.6],[978.9,227.5],[978.1,227.8],[977.3,227.2],[976.3,227.5],[974.8,225.9],[976.7,224.4],[975.8,223.9],[975.3,225],[973.6,225.9],[971.7,227],[972.6,228.5],[971.5,229.9],[970.5,230.3],[970.8,231],[969.7,231.4],[970.1,232.1],[968.6,232.6]]]}},{"type":"Feature","properties":{"GEOID":"3501","STATEFP":"35","CD":"01","st":"NM","label_x":423.8,"label_y":409.9},"geometry":{"type":"Polygon","coordinates":[[[421.9,436.4],[422.3,432.5],[422.8,431.1],[423.9,431.2],[426.6,430.8],[428.5,431],[429.3,430],[430.8,430.1],[433.1,427.3],[434.1,426.7],[436.6,425.8],[440.3,425.6],[442.8,425.7],[445.2,424.5],[446.2,425.2],[446.4,422.4],[444,422.3],[444.5,416.1],[442.5,415.9],[442.8,411.7],[443.5,403.6],[440,403.3],[440.7,395],[441.3,388.9],[431.7,388],[419.2,386.8],[418.8,390.9],[404.7,389.5],[405.9,387.2],[402.5,386.9],[402.8,384.9],[401.6,384.2],[401.1,384.4],[401.6,379.6],[400.2,379],[399.5,379.2],[399.3,381.2],[398.5,381.4],[396.9,381.1],[396.4,381.6],[395.2,381.7],[394,380.5],[393.1,380.6],[392.2,381.1],[389.6,380.9],[389.6,381.8],[388.5,381.6],[387.2,382.2],[387.4,383.4],[391.9,383.9],[392.4,385],[391.7,386.1],[393.3,388.5],[392.4,390.4],[397.8,391],[397.6,392.1],[397,392.7],[396,392.6],[395.8,394],[391.9,393.6],[391.7,392.1],[391.1,392.1],[391.1,393.4],[390.4,394.9],[390.1,396.9],[393,401.7],[395,402.8],[395.8,402.9],[395.3,407.1],[404.7,408.1],[403.7,418.3],[401.2,418.1],[400.8,422.2],[396.6,421.5],[394.6,421.3],[393.9,427.6],[402.5,428.6],[402.1,432.6],[404.9,432.9],[405.6,432.7],[406.4,434],[406.5,435.4],[407.6,435.8],[408.9,437.2],[410.4,437.8],[410.3,438.5],[413.6,438.9],[413.9,435.8],[417.9,436.2],[421.9,436.4]]]}},{"type":"Feature","properties":{"GEOID":"3502","STATEFP":"35","CD":"02","st":"NM","label_x":367.7,"label_y":426},"geometry":{"type":"Polygon","coordinates":[[[343.3,412.1],[341.6,424.5],[340,435.5],[338.9,443.7],[337.8,451.6],[336.3,462.2],[335.3,469.3],[342.1,470.2],[352.1,471.5],[353.4,461],[364.7,462.4],[377.3,463.9],[386.7,465],[385.8,464.2],[384.8,462.8],[385.5,459.7],[387.5,459.9],[395.2,460.7],[408.1,462.1],[420.8,463.3],[430.8,464.2],[442.8,465.3],[455.9,466.3],[456.1,464.2],[457.2,449.2],[456,449.8],[451.5,449.5],[451.6,447.7],[442.5,447],[442.9,442.4],[437.1,441.9],[436.8,442.3],[436,445.7],[434.3,445.8],[432.7,446.4],[431.1,445.7],[429.5,445.6],[428.7,445.9],[427.7,445],[427,445],[427.4,442.9],[428.1,442.2],[428.5,441.2],[421.5,440.6],[421.9,436.4],[417.9,436.2],[413.9,435.8],[413.6,438.9],[410.3,438.5],[410.4,437.8],[408.9,437.2],[407.6,435.8],[406.5,435.4],[406.4,434],[405.6,432.7],[404.9,432.9],[402.1,432.6],[402.5,428.6],[393.9,427.6],[394.6,421.3],[396.6,421.5],[400.8,422.2],[401.2,418.1],[403.7,418.3],[404.7,408.1],[395.3,407.1],[395.8,402.9],[395,402.8],[393,401.7],[390.1,396.9],[390.4,394.9],[391.1,393.4],[391.1,392.1],[391.7,392.1],[391.9,393.6],[395.8,394],[396,392.6],[397,392.7],[397.6,392.1],[397.8,391],[392.4,390.4],[393.3,388.5],[391.7,386.1],[392.4,385],[391.9,383.9],[387.4,383.4],[383,382.8],[382.4,380.7],[375,379.8],[375.2,378.8],[373.2,378.6],[373,379.6],[358.7,377.7],[357.8,377.9],[357.2,381.9],[356.6,382.2],[355.4,381.7],[353.4,381.9],[352.8,382.9],[351.7,382.1],[351.6,379.8],[347.8,379.4],[347.1,384.4],[345.3,397.8],[343.3,412.1]]]}},{"type":"Feature","properties":{"GEOID":"3503","STATEFP":"35","CD":"03","st":"NM","label_x":451.3,"label_y":393.2},"geometry":{"type":"Polygon","coordinates":[[[353.7,336.6],[352.2,347.6],[350.9,357.3],[348.9,371.5],[347.8,379.4],[351.6,379.8],[351.7,382.1],[352.8,382.9],[353.4,381.9],[355.4,381.7],[356.6,382.2],[357.2,381.9],[357.8,377.9],[358.7,377.7],[373,379.6],[373.2,378.6],[375.2,378.8],[375,379.8],[382.4,380.7],[383,382.8],[387.4,383.4],[387.2,382.2],[388.5,381.6],[389.6,381.8],[389.6,380.9],[392.2,381.1],[393.1,380.6],[394,380.5],[395.2,381.7],[396.4,381.6],[396.9,381.1],[398.5,381.4],[399.3,381.2],[399.5,379.2],[400.2,379],[401.6,379.6],[401.1,384.4],[401.6,384.2],[402.8,384.9],[402.5,386.9],[405.9,387.2],[404.7,389.5],[418.8,390.9],[419.2,386.8],[431.7,388],[441.3,388.9],[440.7,395],[440,403.3],[443.5,403.6],[442.8,411.7],[442.5,415.9],[444.5,416.1],[444,422.3],[446.4,422.4],[446.2,425.2],[445.2,424.5],[442.8,425.7],[440.3,425.6],[436.6,425.8],[434.1,426.7],[433.1,427.3],[430.8,430.1],[429.3,430],[428.5,431],[426.6,430.8],[423.9,431.2],[422.8,431.1],[422.3,432.5],[421.9,436.4],[421.5,440.6],[428.5,441.2],[428.1,442.2],[427.4,442.9],[427,445],[427.7,445],[428.7,445.9],[429.5,445.6],[431.1,445.7],[432.7,446.4],[434.3,445.8],[436,445.7],[436.8,442.3],[437.1,441.9],[442.9,442.4],[442.5,447],[451.6,447.7],[451.5,449.5],[456,449.8],[457.2,449.2],[457.6,442.7],[458.5,433.6],[459.8,419.1],[460.5,410.3],[461.1,401.6],[461.9,391.3],[462.7,380.9],[463.5,370.7],[464.2,360.2],[465,360.2],[465.8,348.4],[464.3,348.3],[457.1,347.8],[441,346.5],[428.7,345.4],[426.5,345.2],[417,344.2],[406.4,343.1],[394,341.8],[393.9,341.6],[387.9,340.9],[378.4,339.8],[368.4,338.5],[353.7,336.6]]]}},{"type":"Feature","properties":{"GEOID":"3601","STATEFP":"36","CD":"01","st":"NY","label_x":1005.7,"label_y":209.6},"geometry":{"type":"Polygon","coordinates":[[[992.4,213.3],[992.5,214.1],[991.8,215.5],[992.4,217],[994.7,215.7],[994.6,215.2],[995.6,214.5],[997.5,213.9],[997.6,214.4],[1000.9,213],[1001.4,212.5],[1002.3,212.7],[1003.3,214.4],[1008.5,210.8],[1009.7,209.9],[1013.9,206.3],[1017.5,203.4],[1016.8,202.7],[1015.9,203.3],[1015.2,204.7],[1014.1,205.7],[1012.6,204.6],[1012.2,205.2],[1011.3,205.2],[1009.7,204.5],[1008.8,203.5],[1008.3,204.6],[1007.6,205.1],[1007.2,206],[1005.7,207.7],[1004.9,208.3],[1002.6,209.3],[997.8,210.5],[996.7,210.5],[996.4,211.7],[995.2,212.6],[993.9,212.4],[992.9,212.7],[992.4,213.3]]]}},{"type":"Feature","properties":{"GEOID":"3602","STATEFP":"36","CD":"02","st":"NY","label_x":997.3,"label_y":216.3},"geometry":{"type":"Polygon","coordinates":[[[991.9,218.3],[992.5,220.8],[995,219.3],[995.4,219.5],[997.1,218.8],[1000.2,216.9],[1003.3,214.4],[1002.3,212.7],[1001.4,212.5],[1000.9,213],[997.6,214.4],[997.5,213.9],[995.6,214.5],[994.6,215.2],[994.7,215.7],[992.4,217],[991.9,218.3]]]}},{"type":"Feature","properties":{"GEOID":"3603","STATEFP":"36","CD":"03","st":"NY","label_x":989.4,"label_y":216.3},"geometry":{"type":"Polygon","coordinates":[[[986,217.3],[985.6,218],[986.8,218],[987.1,218.9],[987.6,218.9],[990.1,217.6],[991.9,218.3],[992.4,217],[991.8,215.5],[992.5,214.1],[992.4,213.3],[990.5,212.7],[990.6,214.4],[989.9,214.5],[989.3,213.8],[988.1,214.5],[988.2,215.5],[987,215.4],[986,217.3]]]}},{"type":"Feature","properties":{"GEOID":"3604","STATEFP":"36","CD":"04","st":"NY","label_x":990,"label_y":219.7},"geometry":{"type":"Polygon","coordinates":[[[987.6,218.9],[988,220.4],[987.4,221.2],[987.9,222],[991.1,221.6],[992.5,220.8],[991.9,218.3],[990.1,217.6],[987.6,218.9]]]}},{"type":"Feature","properties":{"GEOID":"3605","STATEFP":"36","CD":"05","st":"NY","label_x":986.8,"label_y":220.9},"geometry":{"type":"Polygon","coordinates":[[[985.8,222.9],[987.9,222],[987.4,221.2],[988,220.4],[987.6,218.9],[987.1,218.9],[985.5,219.7],[985.6,220.6],[986.3,221.5],[985.8,222.9]]]}},{"type":"Feature","properties":{"GEOID":"3606","STATEFP":"36","CD":"06","st":"NY","label_x":985.7,"label_y":218.9},"geometry":{"type":"Polygon","coordinates":[[[984.3,218.8],[984.6,219.8],[985.5,219.7],[987.1,218.9],[986.8,218],[985.6,218],[985.3,218.7],[984.3,218.8]]]}},{"type":"Feature","properties":{"GEOID":"3607","STATEFP":"36","CD":"07","st":"NY","label_x":984,"label_y":219.3},"geometry":{"type":"Polygon","coordinates":[[[983.5,219.8],[983.5,220.7],[984.1,220.3],[985.6,220.6],[985.5,219.7],[984.6,219.8],[984.3,218.8],[983.7,218.7],[983.5,219.8]]]}},{"type":"Feature","properties":{"GEOID":"3608","STATEFP":"36","CD":"08","st":"NY","label_x":985.2,"label_y":222.2},"geometry":{"type":"Polygon","coordinates":[[[983.7,223.2],[985.8,222.9],[986.3,221.5],[985.6,220.6],[984.1,220.3],[983.5,220.7],[983.8,220.8],[984.7,221.5],[984,222.8],[983.7,223.2]]]}},{"type":"Feature","properties":{"GEOID":"3609","STATEFP":"36","CD":"09","st":"NY","label_x":984,"label_y":221.9},"geometry":{"type":"Polygon","coordinates":[[[983.5,222.2],[984,222.8],[984.7,221.5],[983.8,220.8],[983.5,222.2]]]}},{"type":"Feature","properties":{"GEOID":"3610","STATEFP":"36","CD":"10","st":"NY","label_x":983.3,"label_y":221.1},"geometry":{"type":"Polygon","coordinates":[[[982.7,222.1],[983.5,222.2],[983.8,220.8],[983.5,220.7],[983.5,219.8],[982.5,219.6],[982.5,220.1],[983.1,221.4],[982.7,222.1]]]}},{"type":"Feature","properties":{"GEOID":"3611","STATEFP":"36","CD":"11","st":"NY","label_x":981.1,"label_y":224},"geometry":{"type":"MultiPolygon","coordinates":[[[[982.7,222.1],[983.7,223.2],[984,222.8],[983.5,222.2],[982.7,222.1]]],[[[979.6,226],[979.9,226.2],[981.9,224.5],[982.6,222.9],[981.9,222],[979.9,222.9],[980.2,223.6],[980.1,224.7],[979.6,225.1],[979.6,226]]]]}},{"type":"Feature","properties":{"GEOID":"3612","STATEFP":"36","CD":"12","st":"NY","label_x":983.1,"label_y":219.1},"geometry":{"type":"Polygon","coordinates":[[[982.8,218.2],[982.5,219.6],[983.5,219.8],[983.7,218.7],[983.7,218.4],[982.9,217.7],[982.8,218.2]]]}},{"type":"Feature","properties":{"GEOID":"3613","STATEFP":"36","CD":"13","st":"NY","label_x":983.2,"label_y":217.4},"geometry":{"type":"Polygon","coordinates":[[[983,216.9],[982.9,217.7],[983.7,218.4],[983.6,217.7],[983.4,217.2],[984.2,216.1],[983.2,216],[983,216.9]]]}},{"type":"Feature","properties":{"GEOID":"3614","STATEFP":"36","CD":"14","st":"NY","label_x":985,"label_y":217},"geometry":{"type":"Polygon","coordinates":[[[983.7,218.7],[984.3,218.8],[985.3,218.7],[985.6,218],[986,217.3],[985.5,216.7],[985.6,215.4],[985,216],[983.6,217.7],[983.7,218.4],[983.7,218.7]]]}},{"type":"Feature","properties":{"GEOID":"3615","STATEFP":"36","CD":"15","st":"NY","label_x":984.2,"label_y":216.6},"geometry":{"type":"Polygon","coordinates":[[[983.2,215.2],[983.2,216],[984.2,216.1],[983.4,217.2],[983.6,217.7],[985,216],[984.4,215.3],[983.2,215.2]]]}},{"type":"Feature","properties":{"GEOID":"3616","STATEFP":"36","CD":"16","st":"NY","label_x":985.2,"label_y":213.3},"geometry":{"type":"Polygon","coordinates":[[[983.2,213.2],[983.2,215.2],[984.4,215.3],[985,216],[985.6,215.4],[987.1,213.5],[987.3,212.5],[987.2,211.9],[986,210.7],[984.8,211.1],[983.5,211],[982.8,211.5],[983.2,213.2]]]}},{"type":"Feature","properties":{"GEOID":"3617","STATEFP":"36","CD":"17","st":"NY","label_x":984,"label_y":205.5},"geometry":{"type":"Polygon","coordinates":[[[986.2,197.4],[982.9,198.6],[981.1,198.2],[980.7,198.9],[981.1,201.6],[979.9,202.1],[979.3,203.4],[980.1,204.3],[980,206],[976.6,211.2],[983.1,213.3],[983.2,213.2],[982.8,211.5],[983.5,211],[984.8,211.1],[986,210.7],[985.5,210.2],[989.1,206.6],[987.5,204.9],[987.1,203],[986.2,197.4]]]}},{"type":"Feature","properties":{"GEOID":"3618","STATEFP":"36","CD":"18","st":"NY","label_x":977.4,"label_y":198.7},"geometry":{"type":"Polygon","coordinates":[[[984.2,187.4],[983.8,187.5],[984.1,189.1],[980.8,189.2],[977.1,188.3],[976.6,187.2],[975,186.5],[974.3,186.8],[974.2,188.6],[970.8,189],[971.4,191.1],[972.7,191.2],[974,190.4],[975.5,192.3],[976,193.5],[976.1,194.8],[975.1,195.7],[974.4,197],[973.9,197],[974.1,199.3],[975.5,199.4],[976.1,200.7],[973.8,200.6],[973.5,200.1],[972.4,201.2],[971.5,201.8],[970.4,203.9],[965.9,205.2],[966.2,206.8],[967.6,208.1],[976.6,211.2],[980,206],[980.1,204.3],[979.3,203.4],[979.9,202.1],[981.1,201.6],[980.7,198.9],[981.1,198.2],[982.9,198.6],[986.2,197.4],[984.4,187.3],[984.2,187.4]]]}},{"type":"Feature","properties":{"GEOID":"3619","STATEFP":"36","CD":"19","st":"NY","label_x":951.1,"label_y":187.7},"geometry":{"type":"Polygon","coordinates":[[[927.6,186.1],[928.7,187.2],[927.5,188],[928.4,191.6],[928.8,194],[932.6,193.4],[933.6,193.6],[933.4,192.3],[934.5,192.1],[936.3,192.2],[936.1,190.6],[935,189.8],[937.8,189.1],[939.5,193.1],[939.1,194.3],[940.2,198.6],[946.4,197.3],[950.8,196.3],[952.9,195.8],[954,196.8],[954.6,196.9],[955.2,198.4],[956.3,198.2],[957.9,198.5],[958.5,199.1],[958.4,200.1],[959.4,200.4],[960.2,203.4],[959.8,203.8],[961.8,205.8],[962,206.4],[963.3,206.3],[963.8,207],[966.2,206.8],[965.9,205.2],[970.4,203.9],[971.5,201.8],[972.4,201.2],[973.5,200.1],[973.8,200.6],[976.1,200.7],[975.5,199.4],[974.1,199.3],[973.9,197],[974.4,197],[975.1,195.7],[976.1,194.8],[976,193.5],[975.5,192.3],[974,190.4],[972.7,191.2],[971.4,191.1],[970.8,189],[974.2,188.6],[974.3,186.8],[975,186.5],[976.6,187.2],[977.1,188.3],[980.8,189.2],[984.1,189.1],[983.8,187.5],[984.2,187.4],[983.8,186.6],[984.2,170.4],[983.5,169.2],[983.5,168.4],[978.2,170.5],[977.8,171.4],[978,173.1],[978.7,172.8],[978.7,174.4],[977.1,174.5],[976.7,175.7],[977.1,177.3],[977.1,179],[969.5,182.1],[969.3,183.3],[968.2,183.7],[967.5,183.4],[966.5,184.1],[963.2,183.2],[961.2,181.4],[962,178.6],[960.7,175.8],[960.6,174],[956.4,173.2],[956.3,175],[952.6,173.9],[952.2,175.1],[951,175.5],[950.9,174.9],[950.4,175.1],[950.7,177.3],[950.2,178.4],[947.9,178.8],[940.3,181],[940.7,182.6],[937.6,183.4],[938.2,185.8],[937.3,185.7],[934.8,186.4],[934.4,184.7],[931.2,185.5],[931.1,185.3],[927.6,186.1]]]}},{"type":"Feature","properties":{"GEOID":"3620","STATEFP":"36","CD":"20","st":"NY","label_x":972.3,"label_y":172.1},"geometry":{"type":"Polygon","coordinates":[[[983,165.9],[977.1,167.4],[976.9,166.7],[977.2,165.6],[974.7,166.1],[975.5,163.8],[975.1,162.8],[973.5,163.4],[973.5,164.5],[968.3,166.4],[969,168.3],[965.8,169],[966.3,171.1],[967.5,173.4],[967.5,175.2],[969.3,174.7],[969.5,175.8],[968.9,178.2],[969.4,180],[969.2,181.9],[969.5,182.1],[977.1,179],[977.1,177.3],[976.7,175.7],[977.1,174.5],[978.7,174.4],[978.7,172.8],[978,173.1],[977.8,171.4],[978.2,170.5],[983.5,168.4],[983,165.9]]]}},{"type":"Feature","properties":{"GEOID":"3621","STATEFP":"36","CD":"21","st":"NY","label_x":957.6,"label_y":151.5},"geometry":{"type":"Polygon","coordinates":[[[932.4,142.1],[936.7,143.7],[936.4,145],[935.4,146.2],[934.8,148],[933.3,147.5],[934.2,150.7],[934.6,151.8],[936.6,150.1],[937.9,150.2],[938.8,151.2],[936.7,153.9],[935.3,154],[935.6,156.2],[936.7,156],[937.8,159.6],[938.8,163.3],[937.7,163.2],[937.3,167.1],[937.8,167.2],[938.2,171],[940.1,170.3],[941.2,170.5],[942.3,171.3],[943.3,170.5],[944.5,170.2],[943.8,169.5],[947.2,168.5],[949,169.7],[949.3,169.2],[950.5,169.3],[949.9,171],[951,174.9],[950.9,174.9],[951,175.5],[952.2,175.1],[952.6,173.9],[956.3,175],[956.4,173.2],[960.6,174],[960.7,175.8],[962,178.6],[961.2,181.4],[963.2,183.2],[966.5,184.1],[967.5,183.4],[968.2,183.7],[969.3,183.3],[969.5,182.1],[969.2,181.9],[969.4,180],[968.9,178.2],[969.5,175.8],[969.3,174.7],[967.5,175.2],[967.5,173.4],[966.3,171.1],[965.8,169],[969,168.3],[968.3,166.4],[973.5,164.5],[973.5,163.4],[975.1,162.8],[975.5,163.8],[974.7,166.1],[977.2,165.6],[976.9,166.7],[977.1,167.4],[983,165.9],[981.5,158.6],[980.1,152.4],[978.7,150.4],[977.7,150.6],[977.4,152.1],[976.8,151.8],[976.5,150.7],[977.1,147.2],[976.1,146.2],[976.1,144.9],[975.2,143.7],[974.7,141.6],[974.1,141.3],[974.1,137.8],[974.9,136.3],[974.9,135.5],[974,133.4],[974.3,131.9],[974,130.8],[971.7,128],[971.7,126],[971.4,125],[971.6,123.5],[970.6,122.7],[970.8,120.7],[970.3,118.8],[965.5,120.1],[961.7,121.1],[957.4,122.3],[954.3,123],[948.6,124.2],[947.9,124.5],[946.2,124.3],[945,125.4],[944,125.6],[942.8,127.2],[941.7,128.2],[940.5,128.9],[939.3,130.2],[933.4,139.2],[932.9,140.4],[932.9,141.3],[932.4,142.1]]]}},{"type":"Feature","properties":{"GEOID":"3622","STATEFP":"36","CD":"22","st":"NY","label_x":939.1,"label_y":177.7},"geometry":{"type":"Polygon","coordinates":[[[938.2,171],[937.5,171],[933,169.9],[932.3,171.1],[930.8,170.8],[927.9,171.5],[928.6,174.3],[928.2,174.5],[928.7,176.4],[927.4,176.8],[927.7,178.1],[927.2,178.2],[927.6,179.6],[925.2,180.1],[925.8,181.6],[925.6,182.5],[926,183.9],[927.1,185.1],[927.6,186.1],[931.1,185.3],[931.2,185.5],[934.4,184.7],[934.8,186.4],[937.3,185.7],[938.2,185.8],[937.6,183.4],[940.7,182.6],[940.3,181],[947.9,178.8],[950.2,178.4],[950.7,177.3],[950.4,175.1],[950.9,174.9],[951,174.9],[949.9,171],[950.5,169.3],[949.3,169.2],[949,169.7],[947.2,168.5],[943.8,169.5],[944.5,170.2],[943.3,170.5],[942.3,171.3],[941.2,170.5],[940.1,170.3],[938.2,171]]]}},{"type":"Feature","properties":{"GEOID":"3623","STATEFP":"36","CD":"23","st":"NY","label_x":912.7,"label_y":195.4},"geometry":{"type":"Polygon","coordinates":[[[876.6,204.3],[877.7,210.6],[880.3,210.2],[892.9,207.9],[903.2,206],[910.7,204.6],[922.8,202.2],[926.2,201.4],[936.1,199.4],[940.2,198.6],[939.1,194.3],[939.5,193.1],[937.8,189.1],[935,189.8],[936.1,190.6],[936.3,192.2],[934.5,192.1],[933.4,192.3],[933.6,193.6],[932.6,193.4],[928.8,194],[928.4,191.6],[923.4,192.9],[921.3,193],[920.7,190.4],[919.9,191.6],[918.9,191.9],[918,193.8],[916.9,194],[916.1,194.7],[915.2,194.9],[915.1,194.1],[913.2,193.1],[911.8,194.6],[910.7,194.8],[910.5,193.2],[908.5,193.5],[908.3,192.5],[901.8,193.7],[897.7,194.5],[896.5,188.4],[896.1,188.5],[895.8,186.5],[896.2,186.4],[895.2,181.3],[893.2,181.6],[892.7,182],[892.2,180.3],[890.7,180.6],[890.1,181.1],[888.9,181.4],[889,182.7],[889.6,182.9],[891.3,182],[892.5,188.4],[889.7,189.1],[889.9,189.6],[889,190.9],[887,192.3],[886.9,193.5],[886.3,194.3],[885.9,195.8],[885.4,196],[883.2,197.5],[881.9,198.9],[881.3,200.1],[877.8,203.4],[876.6,204.3]]]}},{"type":"Feature","properties":{"GEOID":"3624","STATEFP":"36","CD":"24","st":"NY","label_x":931,"label_y":168.6},"geometry":{"type":"Polygon","coordinates":[[[901.9,173.4],[900,173.5],[898.8,173.8],[893.5,174.7],[891.2,175.5],[887.7,177.3],[884.5,179.2],[885.1,182.1],[888.9,181.4],[890.1,181.1],[890.7,180.6],[892.2,180.3],[892.7,182],[893.2,181.6],[895.2,181.3],[896.2,186.4],[895.8,186.5],[896.1,188.5],[896.5,188.4],[897.7,194.5],[901.8,193.7],[908.3,192.5],[908.5,193.5],[910.5,193.2],[910.7,194.8],[911.8,194.6],[913.2,193.1],[915.1,194.1],[915.2,194.9],[916.1,194.7],[916.9,194],[918,193.8],[918.9,191.9],[919.9,191.6],[920.7,190.4],[921.3,193],[923.4,192.9],[928.4,191.6],[927.5,188],[928.7,187.2],[927.6,186.1],[927.1,185.1],[926,183.9],[925.6,182.5],[925.8,181.6],[925.2,180.1],[927.6,179.6],[927.2,178.2],[927.7,178.1],[927.4,176.8],[928.7,176.4],[928.2,174.5],[928.6,174.3],[927.9,171.5],[930.8,170.8],[932.3,171.1],[933,169.9],[937.5,171],[938.2,171],[937.8,167.2],[937.3,167.1],[937.7,163.2],[938.8,163.3],[937.8,159.6],[936.7,156],[935.6,156.2],[935.3,154],[936.7,153.9],[938.8,151.2],[937.9,150.2],[936.6,150.1],[934.6,151.8],[934.2,150.7],[933.3,147.5],[934.8,148],[935.4,146.2],[936.4,145],[936.7,143.7],[932.4,142.1],[930.9,143.9],[930.4,143.9],[929,145.4],[928.1,146],[928.2,147],[927.1,148.1],[926,148.4],[925.5,150.8],[925.8,151.4],[926.9,151.6],[927,152.5],[928.3,153.3],[928.6,152.2],[927.5,151.6],[929,151],[929.6,152.3],[929,153.4],[930.3,153.9],[930.5,154.7],[929.4,155.8],[928.4,155.6],[927.9,156.3],[929.1,157],[929.8,158.4],[930.5,160.4],[930.8,162.5],[930.5,163.6],[929.7,164.2],[927.6,164.4],[926.6,165.8],[924.5,167.7],[923.7,169.5],[922.2,170.7],[920.6,171.3],[919.8,172.1],[918.3,172.4],[917.1,172.2],[914.5,173],[912.6,173.4],[914.4,181.8],[913.4,182.4],[912.7,182.4],[912.4,181.5],[908.2,182.2],[908,181.2],[905,181.8],[904.9,180.7],[904.1,180.8],[904.4,178.4],[902.9,178.8],[901.9,173.4]]]}},{"type":"Feature","properties":{"GEOID":"3625","STATEFP":"36","CD":"25","st":"NY","label_x":907.9,"label_y":176.6},"geometry":{"type":"Polygon","coordinates":[[[901.9,173.4],[902.9,178.8],[904.4,178.4],[904.1,180.8],[904.9,180.7],[905,181.8],[908,181.2],[908.2,182.2],[912.4,181.5],[912.7,182.4],[913.4,182.4],[914.4,181.8],[912.6,173.4],[910.2,174.8],[909.4,174.8],[905.9,173.2],[905.3,173.3],[901.9,173.4]]]}},{"type":"Feature","properties":{"GEOID":"3626","STATEFP":"36","CD":"26","st":"NY","label_x":889,"label_y":185},"geometry":{"type":"Polygon","coordinates":[[[885.1,182.1],[885,183.4],[886.1,183.5],[886.1,184.7],[886.4,185.4],[887.9,185.8],[888.5,187],[889.6,188.3],[889.7,189.1],[892.5,188.4],[891.3,182],[889.6,182.9],[889,182.7],[888.9,181.4],[885.1,182.1]]]}},{"type":"Feature","properties":{"GEOID":"3701","STATEFP":"37","CD":"01","st":"NC","label_x":951.1,"label_y":345.4},"geometry":{"type":"Polygon","coordinates":[[[923.8,333.7],[923.2,334.6],[923.2,336],[923.5,337.8],[922.1,338.4],[922,339.8],[922.8,340.4],[924,340.4],[924.4,342.3],[926,342.5],[926.6,340.6],[927.3,340.5],[927.8,339.7],[930,339.7],[931.1,339.5],[931.7,340.3],[932.5,340],[933.6,340.1],[931.5,346.9],[930.7,349.9],[931,351],[932.1,351.8],[932.9,352.1],[934.1,354.5],[935.3,354.7],[934.3,358.9],[934.6,360.5],[932.3,361.8],[932.1,362.5],[933.5,363.7],[936.9,364.3],[937.9,363.6],[938.8,364],[940.6,363.9],[941.4,363.3],[942.8,363.8],[943.3,364.6],[943.8,366.6],[944.1,366.9],[946.3,364.9],[947.6,362.2],[946.9,360.7],[947.9,360.8],[948.6,360.2],[948.2,358.9],[948.1,357.4],[947.2,356.6],[946,354.2],[944.9,354],[943.8,353.4],[941.8,351.8],[944.7,348.6],[945.3,347.5],[946.2,347.2],[946.7,346.5],[949.5,347],[950.3,347.5],[955.1,349],[957.3,347.1],[957.5,347.4],[963,346.2],[968.2,345.5],[968.1,347.5],[969.7,347.4],[970.5,344.7],[971.6,345.3],[972.5,345.2],[972,344.1],[971.7,342],[971.3,340.9],[971.8,339.1],[971.4,338.1],[970.6,337.7],[968.6,338.1],[966.6,339.1],[966,340],[965.2,340.2],[964.4,339.3],[961.7,340.8],[959.8,341.4],[958.6,340.9],[959.1,340.2],[957.8,338.4],[957,336.8],[956.8,335.3],[957.5,334.8],[957.6,336.6],[959,338.9],[960,338.4],[960.9,339.3],[962.2,339.1],[963.1,338.5],[964.3,336],[965.1,335.4],[967.3,335.9],[968,335.1],[969.7,334.3],[969.2,333],[968.5,332.8],[967,330.9],[968.4,331.4],[969.5,332],[970.5,333],[971.5,332.5],[971.2,331.3],[972.1,331.4],[973.4,333],[973.5,333.8],[975.1,334.8],[974.8,333.8],[973.8,332.5],[971.3,328.4],[970.1,327],[969.3,327],[968.4,325.6],[971.2,325.7],[971.6,326.6],[972.5,326.9],[974,330.8],[974.3,331.2],[974.7,331],[973.3,328.3],[971.4,324],[965.4,325.3],[954.1,327.6],[952.2,328.2],[948.7,328.9],[941.9,330.2],[931.4,332.3],[923.8,333.7]]]}},{"type":"Feature","properties":{"GEOID":"3702","STATEFP":"37","CD":"02","st":"NC","label_x":924.8,"label_y":350.8},"geometry":{"type":"Polygon","coordinates":[[[921.6,347],[921.5,348.2],[920.9,349.3],[920,349.3],[919.8,350.7],[920.4,351.1],[920.1,352.6],[921.9,354],[925.7,355],[927,353.5],[927.8,352.1],[928.9,351.7],[929.6,351],[929.7,349.7],[928.8,350],[926.3,349.2],[926.4,347.1],[924.5,347.3],[923.9,348.9],[923,349.4],[923,348.3],[922.2,346.9],[921.6,347]]]}},{"type":"Feature","properties":{"GEOID":"3703","STATEFP":"37","CD":"03","st":"NC","label_x":957,"label_y":358.6},"geometry":{"type":"MultiPolygon","coordinates":[[[[977.1,337.7],[978.7,339.1],[978.7,340],[979.8,340],[979.2,338.5],[977.7,337.5],[977.1,337.7]]],[[[980.7,354.7],[982.1,353.9],[983.7,353.2],[983.2,352.7],[981.8,354],[980.7,354.7]]],[[[974.3,331.2],[974.8,331.3],[975.7,332.9],[976.4,335.3],[978.4,336.7],[979.2,337.4],[979.2,338.3],[980.3,338.7],[977.9,335.4],[976.3,333.5],[974.7,331],[974.3,331.2]]],[[[971.2,365.3],[972.6,363.5],[975.1,359.8],[974.8,359.7],[973.2,362.2],[972.8,363.1],[971.2,365.3]]],[[[929.5,363.6],[929.1,365.2],[929.7,366.2],[930.4,366.5],[930.3,368.4],[928.9,368.6],[928.7,369.6],[928.1,369.8],[927.9,371.3],[928.6,371.5],[929.9,372.6],[930.5,373.5],[931.4,374],[932.7,375.3],[933.5,376.5],[934.8,377.5],[935.1,378.4],[936.3,379.1],[937.6,376.1],[938.2,374.9],[940.1,374.3],[940.5,374.6],[946.4,373.4],[949.5,378.6],[950.7,379.3],[954.2,376.1],[955.2,374.5],[957.2,372.1],[957.7,372.3],[961.2,370.3],[962.1,370],[966.2,369.4],[966.3,367.7],[967.1,368.7],[968.4,368.9],[968.2,368.2],[968.9,367.7],[969.1,366.7],[970.8,364.7],[971.7,362.9],[972,361.4],[969.6,361],[970.8,362.3],[969.7,362.6],[969,363.3],[968.2,360.8],[967.6,360.5],[967.3,362.2],[966.1,362.7],[965.9,363.3],[964.9,363.2],[963.6,364.3],[962.8,365.4],[961.7,365],[961.1,365.2],[959.2,364.7],[958.2,364.1],[958.5,362.8],[961.4,364.3],[962.3,364],[963.3,363.1],[965.5,360.4],[965.9,358.2],[966.4,356.6],[965.8,355.3],[963.5,354.9],[962.8,355.1],[961.4,354.6],[959.8,354.5],[958.8,353.9],[957.2,353.6],[956.5,354.1],[956,353],[960.2,353.6],[961.3,353.3],[964,353.7],[963.1,352.3],[963.1,351.6],[962.2,351.1],[962.8,350.3],[964,350.3],[963.7,351.3],[963.9,352.2],[965.2,353.2],[966.5,352.9],[967.3,354],[970,353.6],[971.7,353.1],[972.1,353.2],[973.1,352.2],[973.3,351.2],[974.2,350.3],[974.8,348.1],[975.4,347.1],[976.5,346.3],[977.3,346.2],[978.5,344.8],[977.3,343.7],[978.2,342.8],[977.8,342],[977.4,340],[976.9,339],[975.4,337.5],[974.2,337.3],[972.9,338],[973.5,338.4],[972.5,339.8],[972.9,340.9],[972.7,341.6],[973.1,342.5],[973.2,344.4],[972.5,345.2],[971.6,345.3],[970.5,344.7],[969.7,347.4],[968.1,347.5],[968.2,345.5],[963,346.2],[957.5,347.4],[957.3,347.1],[955.1,349],[950.3,347.5],[949.5,347],[946.7,346.5],[946.2,347.2],[945.3,347.5],[944.7,348.6],[941.8,351.8],[943.8,353.4],[944.9,354],[946,354.2],[947.2,356.6],[948.1,357.4],[948.2,358.9],[948.6,360.2],[947.9,360.8],[946.9,360.7],[947.6,362.2],[946.3,364.9],[944.1,366.9],[943.8,366.6],[943.3,364.6],[942.8,363.8],[941.4,363.3],[940.6,363.9],[938.8,364],[937.9,363.6],[936.9,364.3],[933.5,363.7],[932.1,362.5],[930.5,363.3],[929.5,363.6]]]]}},{"type":"Feature","properties":{"GEOID":"3704","STATEFP":"37","CD":"04","st":"NC","label_x":915.6,"label_y":350},"geometry":{"type":"Polygon","coordinates":[[[910.2,343.4],[911.5,351.1],[912.3,352.7],[910.2,353.1],[910.1,354.4],[911.7,354.6],[912.8,355.5],[912.6,356.6],[913.8,357.1],[914.2,356.4],[915.4,356.5],[915.9,355.9],[915.2,354.9],[916.6,354.5],[916.5,353.2],[918.4,351.6],[917.8,357.3],[919.4,357.7],[922.2,358.2],[920.8,355.7],[921.9,354],[920.1,352.6],[920.4,351.1],[919.8,350.7],[920,349.3],[920.9,349.3],[921.5,348.2],[921.6,347],[920.5,346.7],[920.4,345.8],[919.3,345.4],[918.7,342.1],[910.2,343.4]]]}},{"type":"Feature","properties":{"GEOID":"3705","STATEFP":"37","CD":"05","st":"NC","label_x":870.9,"label_y":349.4},"geometry":{"type":"Polygon","coordinates":[[[860.6,350.5],[861.2,351],[861,352.1],[861.6,352.7],[862.7,353],[863.2,354.3],[864.8,355.1],[863.8,357.8],[865,358.5],[866,359.6],[868.2,360.4],[869.2,361.4],[871.2,360.9],[872.8,361.1],[873.1,360.4],[874.8,359.6],[876.8,359],[877.6,360.1],[878.5,358],[878.8,355.6],[878.7,354.7],[878.1,353.6],[879,353.1],[880.8,352.9],[880.3,348.7],[881.4,348.1],[883.6,347.3],[884.3,347.6],[884.9,346.9],[886.1,346.5],[886.5,347.1],[888,346.8],[893.7,345.9],[895.8,345.6],[896.2,349],[896.6,348.4],[897.7,348.5],[898,349.2],[899.8,348.9],[900.6,349.2],[899.8,350.4],[899.9,350.7],[902.3,350.9],[903,349.6],[902.4,348.6],[902.5,347.7],[902.3,346.4],[901.5,346.2],[900.9,346.9],[899.2,347.1],[898.9,345.2],[905.2,344.4],[905.1,344.2],[904.3,337.3],[900.6,337.9],[889.8,339.7],[882.2,340.5],[879.7,341],[870.9,342],[869.7,342.2],[864,342.8],[863.6,344.1],[864.1,345.6],[863.5,347],[864.1,348.5],[862.7,348.5],[861.6,349.2],[860.6,350.5]]]}},{"type":"Feature","properties":{"GEOID":"3706","STATEFP":"37","CD":"06","st":"NC","label_x":890.9,"label_y":355.3},"geometry":{"type":"Polygon","coordinates":[[[884.7,365.5],[885.6,367.5],[885.4,367.9],[886.4,368.6],[887.1,367.2],[888.5,367.7],[889,366.6],[888.7,364.9],[891.5,364.5],[898.1,363.3],[896.9,353.5],[898.3,353.3],[898.5,352.4],[898.3,351.6],[898.5,350.7],[899.8,350.4],[900.6,349.2],[899.8,348.9],[898,349.2],[897.7,348.5],[896.6,348.4],[896.2,349],[895.8,345.6],[893.7,345.9],[894.3,347.8],[894.2,349.3],[893.6,349.9],[893.5,351.1],[892.5,351.9],[890.4,351.6],[888.8,351.9],[884.3,352.5],[884.8,357.1],[884.3,361.6],[885.4,364.5],[885.6,365.4],[884.7,365.5]]]}},{"type":"Feature","properties":{"GEOID":"3707","STATEFP":"37","CD":"07","st":"NC","label_x":936.4,"label_y":379.9},"geometry":{"type":"Polygon","coordinates":[[[917.7,375.5],[918.9,376.5],[918.9,377.3],[919.8,377.9],[920.1,378.6],[921.2,379.1],[922.8,378.7],[922.3,381.3],[921.8,381.6],[922.1,382.7],[921.2,383.4],[920.6,385],[920.6,385.8],[921.6,386.8],[921,387.5],[933.7,396.6],[936.7,394.9],[939.2,394.2],[941.7,393.8],[943.7,393.9],[945,394.8],[944.9,393.5],[945.6,389.1],[946.1,386.9],[946.8,385],[948,382.7],[949.7,380.4],[950.7,379.3],[949.5,378.6],[946.4,373.4],[940.5,374.6],[940.1,374.3],[938.2,374.9],[937.6,376.1],[936.3,379.1],[935.1,378.4],[934.8,377.5],[933.5,376.5],[932.7,375.3],[931.4,374],[930.5,373.5],[929.9,372.6],[928.6,371.5],[927.9,371.3],[928.1,369.8],[928.7,369.6],[928.9,368.6],[930.3,368.4],[930.4,366.5],[929.7,366.2],[929.1,365.2],[929.5,363.6],[928.7,363.7],[927.6,362.6],[926.9,363.2],[926.4,364.5],[923,364.7],[920.6,366.2],[921.3,366.8],[921.1,367.7],[921.7,368.8],[921.1,369.9],[921.5,370.6],[920.3,371],[919.2,371.8],[919.8,372.7],[917.7,375.5]]]}},{"type":"Feature","properties":{"GEOID":"3708","STATEFP":"37","CD":"08","st":"NC","label_x":899.9,"label_y":375.1},"geometry":{"type":"Polygon","coordinates":[[[886.4,368.6],[887,368.9],[887.8,370.7],[889.2,371.3],[887.3,372.6],[887.6,374.1],[886.6,374.6],[885.5,374.4],[885.7,375.6],[886.2,376],[885.5,377.5],[886.9,378.8],[887,381.6],[891.5,380.9],[904.6,379],[908.3,378.4],[915.4,383.4],[921,387.5],[921.6,386.8],[920.6,385.8],[920.6,385],[921.2,383.4],[922.1,382.7],[921.8,381.6],[922.3,381.3],[922.8,378.7],[921.2,379.1],[920.1,378.6],[919.8,377.9],[918.9,377.3],[918.9,376.5],[917.7,375.5],[917.4,376.1],[914.4,376.5],[914.5,376],[913.6,373.8],[911,371.8],[909.4,372],[908.9,370.6],[907.1,369.2],[906.6,368.1],[906.1,368],[903.7,362.2],[898.1,363.3],[891.5,364.5],[888.7,364.9],[889,366.6],[888.5,367.7],[887.1,367.2],[886.4,368.6]]]}},{"type":"Feature","properties":{"GEOID":"3709","STATEFP":"37","CD":"09","st":"NC","label_x":905.2,"label_y":360},"geometry":{"type":"Polygon","coordinates":[[[899.8,350.4],[898.5,350.7],[898.3,351.6],[898.5,352.4],[898.3,353.3],[896.9,353.5],[898.1,363.3],[903.7,362.2],[906.1,368],[906.6,368.1],[907.1,369.2],[908.9,370.6],[909.4,372],[911,371.8],[913.6,373.8],[914.5,376],[914.4,376.5],[917.4,376.1],[917.7,375.5],[919.8,372.7],[919.2,371.8],[920.3,371],[921.5,370.6],[921.1,369.9],[921.7,368.8],[921.1,367.7],[921.3,366.8],[920.6,366.2],[917.7,367.4],[916.5,367.1],[916.2,366.5],[915,366.1],[915.5,365],[913.6,364.2],[913.5,363.7],[911.7,361.9],[911.5,360.7],[914.2,359.2],[915,357.5],[915.8,357.4],[916.8,357.8],[917,358.5],[918.7,359.3],[919.4,357.7],[917.8,357.3],[918.4,351.6],[916.5,353.2],[916.6,354.5],[915.2,354.9],[915.9,355.9],[915.4,356.5],[914.2,356.4],[913.8,357.1],[912.6,356.6],[912.8,355.5],[911.7,354.6],[910.1,354.4],[910.2,353.1],[912.3,352.7],[911.5,351.1],[910.2,343.4],[905.1,344.2],[905.2,344.4],[898.9,345.2],[899.2,347.1],[900.9,346.9],[901.5,346.2],[902.3,346.4],[902.5,347.7],[902.4,348.6],[903,349.6],[902.3,350.9],[899.9,350.7],[899.8,350.4]]]}},{"type":"Feature","properties":{"GEOID":"3710","STATEFP":"37","CD":"10","st":"NC","label_x":881.7,"label_y":357.6},"geometry":{"type":"Polygon","coordinates":[[[872.8,361.1],[871.9,363.4],[870.7,365.2],[870.3,366.4],[872.4,369.5],[881.9,368.5],[881.7,366.4],[882.3,365.7],[884.7,365.5],[885.6,365.4],[885.4,364.5],[884.3,361.6],[884.8,357.1],[884.3,352.5],[888.8,351.9],[890.4,351.6],[892.5,351.9],[893.5,351.1],[893.6,349.9],[894.2,349.3],[894.3,347.8],[893.7,345.9],[888,346.8],[886.5,347.1],[886.1,346.5],[884.9,346.9],[884.3,347.6],[883.6,347.3],[881.4,348.1],[880.3,348.7],[880.8,352.9],[879,353.1],[878.1,353.6],[878.7,354.7],[878.8,355.6],[878.5,358],[877.6,360.1],[876.8,359],[874.8,359.6],[873.1,360.4],[872.8,361.1]]]}},{"type":"Feature","properties":{"GEOID":"3711","STATEFP":"37","CD":"11","st":"NC","label_x":848.5,"label_y":368.8},"geometry":{"type":"Polygon","coordinates":[[[825,375.1],[824.1,376.5],[824.4,377.4],[823.9,378],[824.3,379.1],[823.8,379.9],[822.8,380.5],[821.1,380.9],[820.6,380.3],[819.4,381.5],[819.5,387.1],[832.9,385.5],[832.9,385.4],[838.5,384.5],[842.5,383.9],[848.4,381],[848.9,381.4],[850.2,380.2],[852.8,378.6],[853.6,378.4],[855.4,376.9],[855.9,377.7],[857,377.3],[858.2,375.1],[858.9,374.6],[859.9,374.7],[860.9,374.3],[860.3,373.6],[860.6,372.7],[859.3,371.8],[857.1,372.3],[856.7,371.3],[857.4,370.6],[857.6,369.3],[858.9,369.2],[861,368.5],[861.6,368],[862.4,368.5],[863.5,367.9],[864.6,367.7],[864.9,366.9],[863.5,363.7],[861,361.9],[862,360.9],[862.2,359.9],[861.3,358.2],[862,357.2],[862.6,357.6],[863.8,357.8],[864.8,355.1],[863.2,354.3],[862.7,353],[861.6,352.7],[861,352.1],[861.2,351],[860.6,350.5],[859.1,354.7],[857.3,355.3],[856.8,354.4],[855.7,354.3],[855,355.1],[854.2,355.1],[853.1,355.7],[852.2,356.6],[851.4,358.5],[849.9,359.8],[848.8,359.9],[848.7,358.2],[848,357.6],[847.1,358.2],[845.4,359.9],[845.5,360.7],[844.9,361.3],[844.3,360.9],[843.2,361.7],[843.7,362.7],[843.5,363.6],[842.3,365.4],[840.6,365.3],[839.1,366.1],[838.8,366.9],[837.7,367.2],[837.6,367.9],[836.6,369],[834.2,370.4],[833.4,371.7],[831.4,371.6],[830.3,371.9],[828.2,372.4],[827.3,373.4],[826.3,373.7],[825.9,374.7],[825,375.1]]]}},{"type":"Feature","properties":{"GEOID":"3712","STATEFP":"37","CD":"12","st":"NC","label_x":885.2,"label_y":372},"geometry":{"type":"Polygon","coordinates":[[[885.4,367.9],[884.6,368.8],[883.8,369],[882.5,370],[881.8,370.9],[882.2,371.4],[882.6,373.4],[883.3,373.8],[882.8,374.7],[884.5,375.3],[884.6,376.2],[885.7,375.6],[885.5,374.4],[886.6,374.6],[887.6,374.1],[887.3,372.6],[889.2,371.3],[887.8,370.7],[887,368.9],[886.4,368.6],[885.4,367.9]]]}},{"type":"Feature","properties":{"GEOID":"3713","STATEFP":"37","CD":"13","st":"NC","label_x":930.2,"label_y":350.5},"geometry":{"type":"Polygon","coordinates":[[[904.3,337.3],[905.1,344.2],[910.2,343.4],[918.7,342.1],[919.3,345.4],[920.4,345.8],[920.5,346.7],[921.6,347],[922.2,346.9],[923,348.3],[923,349.4],[923.9,348.9],[924.5,347.3],[926.4,347.1],[926.3,349.2],[928.8,350],[929.7,349.7],[929.6,351],[928.9,351.7],[927.8,352.1],[927,353.5],[925.7,355],[921.9,354],[920.8,355.7],[922.2,358.2],[919.4,357.7],[918.7,359.3],[917,358.5],[916.8,357.8],[915.8,357.4],[915,357.5],[914.2,359.2],[911.5,360.7],[911.7,361.9],[913.5,363.7],[913.6,364.2],[915.5,365],[915,366.1],[916.2,366.5],[916.5,367.1],[917.7,367.4],[920.6,366.2],[923,364.7],[926.4,364.5],[926.9,363.2],[927.6,362.6],[928.7,363.7],[929.5,363.6],[930.5,363.3],[932.1,362.5],[932.3,361.8],[934.6,360.5],[934.3,358.9],[935.3,354.7],[934.1,354.5],[932.9,352.1],[932.1,351.8],[931,351],[930.7,349.9],[931.5,346.9],[933.6,340.1],[932.5,340],[931.7,340.3],[931.1,339.5],[930,339.7],[927.8,339.7],[927.3,340.5],[926.6,340.6],[926,342.5],[924.4,342.3],[924,340.4],[922.8,340.4],[922,339.8],[922.1,338.4],[923.5,337.8],[923.2,336],[923.2,334.6],[923.8,333.7],[914.3,335.5],[904.3,337.3]]]}},{"type":"Feature","properties":{"GEOID":"3714","STATEFP":"37","CD":"14","st":"NC","label_x":867.8,"label_y":367.2},"geometry":{"type":"Polygon","coordinates":[[[863.8,357.8],[862.6,357.6],[862,357.2],[861.3,358.2],[862.2,359.9],[862,360.9],[861,361.9],[863.5,363.7],[864.9,366.9],[864.6,367.7],[863.5,367.9],[862.4,368.5],[861.6,368],[861,368.5],[858.9,369.2],[857.6,369.3],[857.4,370.6],[856.7,371.3],[857.1,372.3],[859.3,371.8],[860.6,372.7],[860.3,373.6],[860.9,374.3],[859.9,374.7],[858.9,374.6],[858.2,375.1],[857,377.3],[857.7,377],[860.9,376.7],[868.3,375.9],[877.3,375],[881.1,374.6],[881.5,375.4],[881.1,376.1],[881.6,377.1],[883.3,375.3],[885.5,377.5],[886.2,376],[885.7,375.6],[884.6,376.2],[884.5,375.3],[882.8,374.7],[883.3,373.8],[882.6,373.4],[882.2,371.4],[881.8,370.9],[882.5,370],[883.8,369],[884.6,368.8],[885.4,367.9],[885.6,367.5],[884.7,365.5],[882.3,365.7],[881.7,366.4],[881.9,368.5],[872.4,369.5],[870.3,366.4],[870.7,365.2],[871.9,363.4],[872.8,361.1],[871.2,360.9],[869.2,361.4],[868.2,360.4],[866,359.6],[865,358.5],[863.8,357.8]]]}},{"type":"Feature","properties":{"GEOID":"3800","STATEFP":"38","CD":"00","st":"ND","label_x":524.9,"label_y":102.9},"geometry":{"type":"Polygon","coordinates":[[[470.3,64.8],[469.5,74.1],[468.9,82.1],[467.9,93.9],[467.1,103.3],[466.1,115.3],[465.5,122.8],[464.3,136],[472.3,136.6],[482.8,137.4],[494.9,138.3],[507.4,139.1],[515.3,139.5],[527.9,140.1],[534.8,140.5],[545.6,140.9],[556.7,141.3],[567.2,141.5],[577.5,141.7],[587.1,141.8],[586.9,139.6],[587.3,138.3],[586.7,135.9],[586.6,132.5],[585.5,131.5],[584.6,129.9],[584.2,127.3],[584.2,126.7],[583.4,124.9],[583.8,122.2],[583.4,122],[583.7,119.8],[583.5,118.5],[582.9,116.5],[583.2,115.7],[583.1,112.7],[582.7,110.4],[583,109.6],[582.5,107.1],[582.7,105.1],[582.6,102.5],[581.4,99.5],[581.4,98.8],[580.7,98],[580.1,96.4],[580.1,95.3],[579.6,94.6],[579.2,92.1],[578.2,90],[578.3,86.1],[578.5,85.5],[578,84.4],[578.5,82.6],[578.1,82.1],[578.3,79.4],[578.8,78.7],[579,77.5],[578.4,76.2],[577.7,72.5],[577,71.3],[577.1,70],[569.9,69.9],[561.8,69.8],[553.5,69.5],[543.4,69.2],[535,68.9],[524.6,68.5],[516,68],[506.1,67.5],[499,67],[491.8,66.5],[480.8,65.7],[470.3,64.8]]]}},{"type":"Feature","properties":{"GEOID":"3901","STATEFP":"39","CD":"01","st":"OH","label_x":809.4,"label_y":282.9},"geometry":{"type":"Polygon","coordinates":[[[805.4,279],[806.1,279.9],[806.5,286],[805.9,286.8],[804.8,286.9],[804.8,287.9],[804.2,288.4],[802.6,288.5],[802.4,290.6],[800.5,290.5],[802.1,291.6],[804.2,291],[804.8,290.2],[805.6,290.8],[805.8,291.6],[807.8,292.2],[807.8,288.6],[808.1,287.9],[807.3,287.5],[808.2,286.2],[812.8,286.1],[812.4,278.6],[806.8,278.8],[805.4,279]]]}},{"type":"Feature","properties":{"GEOID":"3902","STATEFP":"39","CD":"02","st":"OH","label_x":830.9,"label_y":286.4},"geometry":{"type":"Polygon","coordinates":[[[812.4,278.6],[812.8,286.1],[808.2,286.2],[807.3,287.5],[808.1,287.9],[807.8,288.6],[807.8,292.2],[808.6,293.7],[809.8,295.1],[810,296.6],[810.4,297.1],[813.1,297.6],[814.7,297],[816.9,297.4],[817.4,298.2],[818.5,298.7],[818.8,299.6],[820.7,300],[821.4,298.7],[823.2,297.9],[824.3,298.4],[826.2,298.6],[827.7,299.9],[828.4,299],[830.1,299],[830.9,297.5],[831.7,296.9],[832,296.2],[832.9,296],[834.4,295.1],[834.9,295.7],[835.7,298.8],[836.7,299.4],[838.1,299.4],[839.3,300.4],[840.4,301],[840.9,302.2],[842.1,302.4],[844.3,301.3],[845.7,300.9],[845.9,299.7],[845.9,297.7],[846.1,297.3],[847.7,297.1],[847.8,296.3],[847.3,295.1],[847.4,294.4],[846.4,292.5],[847.6,291.2],[847.4,289.9],[848.1,287.9],[848.9,286.6],[849.7,286.5],[850.1,287.2],[850.9,287.2],[851.7,288.3],[851.3,289.2],[852.1,289.7],[852.7,288.3],[853.7,287.3],[853.8,286.1],[852.8,285.2],[853.9,284.2],[853.4,282.2],[848.1,282.7],[844.1,283],[844,280.9],[843.3,280.9],[843,276.7],[845,276.6],[844.9,274.4],[843,274.6],[842.9,273.9],[840.8,274.1],[840.7,272.7],[838.6,272.8],[838.7,274.2],[836.5,274.4],[836.6,275.5],[834.6,275.6],[834.7,276],[832.7,276.1],[832.2,270.5],[824.7,271.2],[825.2,278.2],[823.8,281.7],[823.5,280.7],[822.5,279.8],[821.4,280],[821.1,280.5],[819.8,281.3],[819.6,278.2],[817.9,278.3],[812.4,278.6]]]}},{"type":"Feature","properties":{"GEOID":"3903","STATEFP":"39","CD":"03","st":"OH","label_x":829.6,"label_y":265.1},"geometry":{"type":"Polygon","coordinates":[[[826.9,263.1],[826.5,264],[826.9,266.2],[827.5,266.8],[828.6,266.8],[829.3,267.8],[831,267.8],[832,267.3],[832.5,266.2],[832.3,262.6],[830.1,262.8],[826.9,263.1]]]}},{"type":"Feature","properties":{"GEOID":"3904","STATEFP":"39","CD":"04","st":"OH","label_x":817.2,"label_y":253.3},"geometry":{"type":"Polygon","coordinates":[[[839.5,239.1],[834.8,239.8],[835.1,241.4],[830,242.1],[830.9,248.8],[828.6,249.1],[826.9,249.5],[820.8,250.4],[820.7,249.7],[818.7,250],[818.5,248.3],[818.8,247.9],[810.3,249],[810,246.6],[808,246.9],[808.1,247.2],[806.1,247.5],[806.2,248.5],[802.1,249.1],[802.3,250.1],[801.3,250.2],[801.7,253.3],[800.6,253.4],[801.6,261.1],[801.9,261.1],[802,261.8],[804.7,261.4],[805.3,260.7],[806.1,261.5],[807.4,261.6],[808.4,260.7],[809.6,261.1],[809.9,267.6],[819.2,267.1],[819.2,264.7],[825.1,264.1],[825,263.2],[826.9,263.1],[830.1,262.8],[828.9,262.6],[828.5,257.6],[833.6,257.2],[833.2,253],[832.9,252.4],[837.7,251.7],[840.3,250.9],[840.2,250.3],[840,248.5],[841.6,248.3],[840.9,243.2],[840.5,240.7],[839.7,240.8],[839.5,239.1]]]}},{"type":"Feature","properties":{"GEOID":"3905","STATEFP":"39","CD":"05","st":"OH","label_x":811.8,"label_y":244.4},"geometry":{"type":"Polygon","coordinates":[[[792.9,240.8],[794.6,255.1],[795.4,262],[801.9,261.1],[801.6,261.1],[800.6,253.4],[801.7,253.3],[801.3,250.2],[802.3,250.1],[802.1,249.1],[806.2,248.5],[806.1,247.5],[808.1,247.2],[808,246.9],[810,246.6],[810.3,249],[818.8,247.9],[818.5,248.3],[818.7,250],[820.7,249.7],[820.8,250.4],[826.9,249.5],[828.6,249.1],[830.9,248.8],[830,242.1],[835.1,241.4],[834.8,239.8],[839.5,239.1],[839.3,237.4],[840.9,237.2],[840.7,235.7],[842.4,235.4],[842.2,233.7],[843.9,233.4],[843.6,231.6],[842,231.9],[841.5,228.3],[840.7,228.1],[838,229.6],[836.8,230.6],[835.2,231],[835.7,234.4],[827,235.5],[827.2,236.3],[817.1,237.7],[816.3,231.6],[814.4,231.8],[814.5,232.7],[812.4,233],[811.3,232.8],[809.8,234.3],[808.5,235],[808.3,233.3],[800.3,234.3],[800.5,235.7],[802.4,235.4],[803.2,241.6],[801.2,241.8],[801.1,240.8],[799.1,241.1],[799,240],[792.9,240.8]]]}},{"type":"Feature","properties":{"GEOID":"3906","STATEFP":"39","CD":"06","st":"OH","label_x":862.8,"label_y":257},"geometry":{"type":"Polygon","coordinates":[[[850,247],[850.1,247.8],[852.5,247.1],[852.7,248.8],[853.5,250.5],[853.4,251],[852.2,251.3],[852.3,252.5],[854.3,253.4],[856.3,253.4],[856.8,254],[857.8,253.9],[857.9,254.6],[856.8,254.7],[857.2,257.8],[859.2,257.6],[859.9,262.6],[857.2,263.1],[857.3,263.8],[856,264],[856,264.7],[854,264.9],[854.2,266.3],[852.1,266.5],[852.4,268.6],[853.4,268.4],[853.7,270.5],[854.7,270.4],[854.9,272.2],[853.1,272.4],[852.7,273.5],[853.2,275],[851.1,275],[850.9,276.1],[851.2,279.2],[852,280.2],[853.7,280],[853.8,281.3],[854.4,280.9],[854.5,279.8],[856.4,279.6],[856.4,277.9],[857.9,276],[858.9,276.4],[859.2,277.1],[860.1,277.2],[861.3,276],[862.2,275.9],[862.7,274.8],[863.5,274.3],[864,273.2],[865.1,271.5],[866.5,269.7],[867.4,269.4],[867.5,267.7],[867.9,267],[867.2,266.3],[867.7,265.1],[867.5,264.1],[868,263.5],[867.7,262.2],[868.6,260.8],[868.4,259],[868.5,256.4],[869,254.6],[869.5,253.7],[869.7,252.3],[869.1,249.6],[869.1,248.5],[868.4,247.3],[867.6,246.5],[868.1,245.3],[869,245.3],[869.9,244.6],[869.1,239.6],[868,233],[859.6,234.4],[860.2,237.8],[855,238.6],[855.4,242.8],[855.2,243.4],[854.1,244.1],[853.4,242.9],[852.2,243],[851.7,244.6],[852,245.2],[849.8,245.4],[850,247]]]}},{"type":"Feature","properties":{"GEOID":"3907","STATEFP":"39","CD":"07","st":"OH","label_x":843.8,"label_y":239.3},"geometry":{"type":"Polygon","coordinates":[[[839.5,239.1],[839.7,240.8],[840.5,240.7],[840.9,243.2],[841.6,248.3],[840,248.5],[840.2,250.3],[846.7,249.3],[846.8,248.1],[847.6,247.4],[850,247],[849.8,245.4],[848.9,239.5],[848.2,239.6],[847.2,232.9],[849.3,232.5],[848.5,230.9],[852,230.4],[851.8,228.6],[850.1,228.9],[850.2,230.1],[848.9,230.2],[847.8,229.5],[843.7,229.7],[844.2,229],[843.8,228.3],[843.4,228.5],[841.5,228.3],[842,231.9],[843.6,231.6],[843.9,233.4],[842.2,233.7],[842.4,235.4],[840.7,235.7],[840.9,237.2],[839.3,237.4],[839.5,239.1]]]}},{"type":"Feature","properties":{"GEOID":"3908","STATEFP":"39","CD":"08","st":"OH","label_x":800,"label_y":276.8},"geometry":{"type":"Polygon","coordinates":[[[797.5,281.5],[798.6,291.4],[799.7,290.3],[800.5,290.5],[802.4,290.6],[802.6,288.5],[804.2,288.4],[804.8,287.9],[804.8,286.9],[805.9,286.8],[806.5,286],[806.1,279.9],[805.4,279],[803.3,279.2],[802.3,271.5],[806,271],[805.8,269.2],[805.4,268.6],[805.1,266.9],[802.8,267.2],[802,261.8],[801.9,261.1],[795.4,262],[795.9,266],[796.7,274.7],[797.5,281.5]]]}},{"type":"Feature","properties":{"GEOID":"3909","STATEFP":"39","CD":"09","st":"OH","label_x":826.1,"label_y":233.8},"geometry":{"type":"Polygon","coordinates":[[[791.6,230.3],[792.9,240.8],[799,240],[799.1,241.1],[801.1,240.8],[801.2,241.8],[803.2,241.6],[802.4,235.4],[800.5,235.7],[800.3,234.3],[808.3,233.3],[808.5,235],[809.8,234.3],[811.3,232.8],[812.4,233],[814.5,232.7],[814.4,231.8],[816.3,231.6],[817.1,237.7],[827.2,236.3],[827,235.5],[835.7,234.4],[835.2,231],[833,232.5],[830.8,231.9],[829.2,230.7],[827.8,231.7],[826.9,231.2],[825.2,232.7],[823.7,232.4],[824.3,231.1],[825.7,230.9],[826.3,230.5],[828.3,230],[828.3,229.3],[827.2,229.5],[826.2,228.5],[825.5,230.2],[824,230.3],[822.7,229.6],[822,228.8],[819.5,228.3],[817.1,226.9],[816.9,227.4],[814.7,227.4],[815,226.5],[808,227.7],[799.3,229.2],[791.6,230.3]]]}},{"type":"Feature","properties":{"GEOID":"3910","STATEFP":"39","CD":"10","st":"OH","label_x":810.3,"label_y":275.7},"geometry":{"type":"Polygon","coordinates":[[[806,271],[802.3,271.5],[803.3,279.2],[805.4,279],[806.8,278.8],[812.4,278.6],[817.9,278.3],[817.6,273],[816.3,273],[816.2,269.1],[813.8,268.6],[813.5,269.5],[812.2,270.9],[812.2,272.1],[810.2,272.1],[810.1,271.5],[808.2,271.5],[808.1,270.7],[806,271]]]}},{"type":"Feature","properties":{"GEOID":"3911","STATEFP":"39","CD":"11","st":"OH","label_x":849,"label_y":227},"geometry":{"type":"Polygon","coordinates":[[[843.8,228.3],[844.2,229],[843.7,229.7],[847.8,229.5],[848.9,230.2],[850.2,230.1],[850.1,228.9],[851.8,228.6],[851.3,225.2],[849.6,225.5],[849.3,224],[847.7,226],[845.4,228.1],[843.8,228.3]]]}},{"type":"Feature","properties":{"GEOID":"3912","STATEFP":"39","CD":"12","st":"OH","label_x":843.3,"label_y":265.5},"geometry":{"type":"Polygon","coordinates":[[[840.2,250.3],[840.3,250.9],[837.7,251.7],[832.9,252.4],[833.2,253],[833.6,257.2],[828.5,257.6],[828.9,262.6],[830.1,262.8],[832.3,262.6],[832.5,266.2],[832,267.3],[832.4,267.7],[832.5,269.8],[832.2,270.5],[832.7,276.1],[834.7,276],[834.6,275.6],[836.6,275.5],[836.5,274.4],[838.7,274.2],[838.6,272.8],[840.7,272.7],[840.8,274.1],[842.9,273.9],[843,274.6],[844.9,274.4],[845,276.6],[843,276.7],[843.3,280.9],[844,280.9],[844.1,283],[848.1,282.7],[853.4,282.2],[853.8,281.3],[853.7,280],[852,280.2],[851.2,279.2],[850.9,276.1],[851.1,275],[853.2,275],[852.7,273.5],[853.1,272.4],[854.9,272.2],[854.7,270.4],[853.7,270.5],[853.4,268.4],[852.4,268.6],[852.1,266.5],[854.2,266.3],[854,264.9],[856,264.7],[856,264],[857.3,263.8],[857.2,263.1],[859.9,262.6],[859.2,257.6],[857.2,257.8],[856.8,254.7],[857.9,254.6],[857.8,253.9],[856.8,254],[856.3,253.4],[854.3,253.4],[852.3,252.5],[852.2,251.3],[853.4,251],[853.5,250.5],[852.7,248.8],[852.5,247.1],[850.1,247.8],[850,247],[847.6,247.4],[846.8,248.1],[846.7,249.3],[840.2,250.3]]]}},{"type":"Feature","properties":{"GEOID":"3913","STATEFP":"39","CD":"13","st":"OH","label_x":850.6,"label_y":237.9},"geometry":{"type":"Polygon","coordinates":[[[852,230.4],[848.5,230.9],[849.3,232.5],[847.2,232.9],[848.2,239.6],[848.9,239.5],[849.8,245.4],[852,245.2],[851.7,244.6],[852.2,243],[853.4,242.9],[854.1,244.1],[855.2,243.4],[855.4,242.8],[855,238.6],[853.6,238.6],[853.1,237.1],[852,230.4]]]}},{"type":"Feature","properties":{"GEOID":"3914","STATEFP":"39","CD":"14","st":"OH","label_x":859.3,"label_y":227.3},"geometry":{"type":"Polygon","coordinates":[[[849.3,224],[849.6,225.5],[851.3,225.2],[851.8,228.6],[852,230.4],[853.1,237.1],[853.6,238.6],[855,238.6],[860.2,237.8],[859.6,234.4],[868,233],[866.9,226],[864.8,213.3],[860.7,215.6],[858.6,216.9],[856.9,217.6],[854.9,218.9],[853.4,220.1],[852.4,220.5],[850.8,222],[849.3,224]]]}},{"type":"Feature","properties":{"GEOID":"3915","STATEFP":"39","CD":"15","st":"OH","label_x":820.5,"label_y":271.3},"geometry":{"type":"Polygon","coordinates":[[[802,261.8],[802.8,267.2],[805.1,266.9],[805.4,268.6],[805.8,269.2],[806,271],[808.1,270.7],[808.2,271.5],[810.1,271.5],[810.2,272.1],[812.2,272.1],[812.2,270.9],[813.5,269.5],[813.8,268.6],[816.2,269.1],[816.3,273],[817.6,273],[817.9,278.3],[819.6,278.2],[819.8,281.3],[821.1,280.5],[821.4,280],[822.5,279.8],[823.5,280.7],[823.8,281.7],[825.2,278.2],[824.7,271.2],[832.2,270.5],[832.5,269.8],[832.4,267.7],[832,267.3],[831,267.8],[829.3,267.8],[828.6,266.8],[827.5,266.8],[826.9,266.2],[826.5,264],[826.9,263.1],[825,263.2],[825.1,264.1],[819.2,264.7],[819.2,267.1],[809.9,267.6],[809.6,261.1],[808.4,260.7],[807.4,261.6],[806.1,261.5],[805.3,260.7],[804.7,261.4],[802,261.8]]]}},{"type":"Feature","properties":{"GEOID":"4001","STATEFP":"40","CD":"01","st":"OK","label_x":597.8,"label_y":374.5},"geometry":{"type":"Polygon","coordinates":[[[596.3,366.9],[596.3,373.1],[590.7,373.1],[590.7,375.1],[591.4,375.1],[591.4,376.4],[594.1,377.9],[593.7,379.3],[593.8,380.3],[603,380.3],[603.2,381.9],[604.2,382.5],[604.6,381.9],[606.3,381.5],[607.7,381.5],[607.7,379.6],[606.2,379.1],[605.9,377.9],[604.7,377],[605.4,375.7],[604.5,373.8],[603.6,373],[601.5,373.1],[600.9,372],[600.9,370.7],[600.6,369.5],[599.9,369.3],[599.9,367.6],[600.2,366.9],[596.3,366.9]]]}},{"type":"Feature","properties":{"GEOID":"4002","STATEFP":"40","CD":"02","st":"OK","label_x":607.1,"label_y":392.8},"geometry":{"type":"Polygon","coordinates":[[[587,402.7],[588,402.9],[588.6,402.1],[588.5,408.2],[586.5,408.2],[586.5,412.3],[579.4,412.2],[579.3,416.3],[578.3,416.3],[578.3,420.1],[577.6,420.1],[577.5,423.9],[578.2,423.9],[578.2,425.3],[578.9,425.8],[579,426.6],[579.5,427.7],[580.2,427.2],[580.9,427.3],[581.6,428.4],[582.9,427.8],[583.3,426.3],[584.8,427.2],[584.2,428],[585.2,428.5],[586.1,428.5],[586.6,429.6],[588.1,429.5],[589.8,431.6],[590.3,431.1],[590.6,429.8],[591.9,430.2],[592.9,429.9],[593.5,428.1],[594.4,427.9],[595.4,428.1],[597.5,427.5],[597.8,427],[599.4,428.1],[600.2,427.5],[601.2,427.5],[603,426.4],[603.6,426.4],[604.2,425.6],[605,425.9],[605.4,427.1],[607.2,427.4],[608.8,427.4],[610.4,427.1],[610.9,426.7],[610.9,425.7],[611.6,425.1],[614.6,426.5],[614.9,427.4],[615.9,427.7],[618.3,430.1],[620.7,430.6],[621,431.4],[624,431.7],[624.6,432.8],[625.9,432.6],[626,421.6],[626,409],[626.2,394.5],[626.3,391.1],[624.3,378.3],[623,369.6],[622.3,364.9],[622.1,353],[607.4,353.2],[597,353.2],[596.3,353.2],[596.3,366.9],[600.2,366.9],[599.9,367.6],[599.9,369.3],[600.6,369.5],[600.9,370.7],[600.9,372],[601.5,373.1],[603.6,373],[604.5,373.8],[605.4,375.7],[604.7,377],[605.9,377.9],[606.2,379.1],[607.7,379.6],[607.7,381.5],[606.3,381.5],[604.6,381.9],[604.2,382.5],[603.2,381.9],[603,380.3],[593.8,380.3],[592.7,380.3],[592.7,385.5],[584.6,385.4],[584.5,391],[586.1,390.8],[588,389.5],[587.9,397.8],[587,397.8],[587,402.7]]]}},{"type":"Feature","properties":{"GEOID":"4003","STATEFP":"40","CD":"03","st":"OK","label_x":542.5,"label_y":382.2},"geometry":{"type":"Polygon","coordinates":[[[465.8,348.4],[465,360.2],[473.1,360.8],[487,361.7],[500.9,362.5],[511.5,363.1],[521.3,363.5],[520.8,374.3],[520.5,381.3],[520.1,391.9],[519.8,398.3],[519.3,409.4],[520.4,409],[521.5,409.7],[523.9,412.9],[525,413.9],[526.9,414.1],[527.3,413.1],[528.8,413.3],[530.8,414.1],[531.2,412.3],[532.8,413.3],[534.4,415.2],[533.9,413.1],[534.8,410.4],[535.5,409.3],[536.7,409.2],[536.7,408.2],[538.6,408.3],[538.6,409.3],[542,409.4],[542.1,403.2],[556.2,403.6],[556.4,391.2],[557.8,391.2],[559.1,392],[560.7,391.7],[561.2,392.3],[562.6,392.1],[563.2,392.6],[564.5,392.4],[564.5,391.4],[569.2,391.5],[569.2,390.4],[568.6,390.4],[568.6,389.3],[567.2,389.5],[567.2,388.7],[565.9,388.7],[564.3,389.7],[562.8,389.6],[561.5,389.3],[561.6,383.1],[564.6,383.1],[564.7,379.9],[567.6,378.9],[568.4,379.2],[569.7,378.3],[569.5,377.4],[570.7,377.1],[571.3,376.5],[572.2,377.4],[573.6,378.1],[574.8,378.2],[584.6,378.3],[584.6,385.4],[592.7,385.5],[592.7,380.3],[593.8,380.3],[593.7,379.3],[594.1,377.9],[591.4,376.4],[591.4,375.1],[590.7,375.1],[590.7,373.1],[596.3,373.1],[596.3,366.9],[596.3,353.2],[587,353.2],[577.1,353.1],[566.4,353],[552.4,352.7],[539.9,352.3],[530.3,352],[519.6,351.5],[508.1,351],[497.8,350.5],[483.7,349.8],[471.5,348.9],[465.8,348.4]]]}},{"type":"Feature","properties":{"GEOID":"4004","STATEFP":"40","CD":"04","st":"OK","label_x":560.8,"label_y":409.9},"geometry":{"type":"Polygon","coordinates":[[[568.6,389.3],[568.6,390.4],[569.2,390.4],[569.2,391.5],[564.5,391.4],[564.5,392.4],[563.2,392.6],[562.6,392.1],[561.2,392.3],[560.7,391.7],[559.1,392],[557.8,391.2],[556.4,391.2],[556.2,403.6],[542.1,403.2],[542,409.4],[538.6,409.3],[538.6,408.3],[536.7,408.2],[536.7,409.2],[535.5,409.3],[534.8,410.4],[533.9,413.1],[534.4,415.2],[534.7,418.2],[537.5,418.6],[538.3,418.2],[539.3,418.4],[539.8,419.1],[542.1,419.8],[542.8,420.3],[544.2,420.4],[545.1,419.7],[546,419.8],[548.2,422.2],[549.6,421.6],[550,420.6],[550.6,420],[551.8,420.5],[553.1,420.6],[554.3,421.1],[555.5,420.2],[555.9,420.9],[555.3,421.8],[556,422.8],[556,423.8],[557.2,424],[558.1,423.7],[558.6,424.2],[558.1,426.7],[560.1,427.5],[562.7,425.5],[563.9,424.2],[565.5,425.1],[565.3,425.9],[566.2,426.4],[567.5,426],[568.2,426.6],[567.9,427.8],[568.6,428.3],[569.7,428.3],[571,426.8],[571.7,427.5],[572.2,426.5],[572.8,426.1],[573.4,426.7],[573.7,427.7],[572.9,428.8],[573.5,430.3],[574.4,430.8],[575,430.6],[575.1,428.9],[576,428.5],[577.2,426.7],[577,425.8],[578,425.4],[578.2,425.3],[578.2,423.9],[577.5,423.9],[577.6,420.1],[578.3,420.1],[578.3,416.3],[579.3,416.3],[579.4,412.2],[586.5,412.3],[586.5,408.2],[588.5,408.2],[588.6,402.1],[588,402.9],[587,402.7],[586.2,403.7],[585.3,402.5],[584,402.9],[582.5,403.9],[581.9,402.9],[581.2,402.9],[580.6,401.8],[579.4,402.3],[578.6,401.3],[576.9,402.7],[575.5,402.1],[574.5,402.2],[574.6,391.5],[570.9,391.5],[570.9,389.1],[569.3,388.7],[568.6,389.3]]]}},{"type":"Feature","properties":{"GEOID":"4005","STATEFP":"40","CD":"05","st":"OK","label_x":577.7,"label_y":390.3},"geometry":{"type":"Polygon","coordinates":[[[584.6,385.4],[584.6,378.3],[574.8,378.2],[573.6,378.1],[572.2,377.4],[571.3,376.5],[570.7,377.1],[569.5,377.4],[569.7,378.3],[568.4,379.2],[567.6,378.9],[564.7,379.9],[564.6,383.1],[561.6,383.1],[561.5,389.3],[562.8,389.6],[564.3,389.7],[565.9,388.7],[567.2,388.7],[567.2,389.5],[568.6,389.3],[569.3,388.7],[570.9,389.1],[570.9,391.5],[574.6,391.5],[574.5,402.2],[575.5,402.1],[576.9,402.7],[578.6,401.3],[579.4,402.3],[580.6,401.8],[581.2,402.9],[581.9,402.9],[582.5,403.9],[584,402.9],[585.3,402.5],[586.2,403.7],[587,402.7],[587,397.8],[587.9,397.8],[588,389.5],[586.1,390.8],[584.5,391],[584.6,385.4]]]}},{"type":"Feature","properties":{"GEOID":"4101","STATEFP":"41","CD":"01","st":"OR","label_x":151.4,"label_y":82.4},"geometry":{"type":"Polygon","coordinates":[[[152.2,69.4],[150.8,70],[149,70.2],[148.6,69.4],[147.4,69.6],[146.7,70.2],[145.2,68.4],[144.9,69.4],[144.9,71.8],[144.2,73.9],[143.1,74.3],[143.2,75.3],[142.3,78.2],[142.4,79.5],[141.9,81.2],[141,83.5],[140.1,85.2],[140.1,86.1],[139.2,87.8],[139.2,88.6],[137.9,92.4],[136.7,94.5],[141.2,95.9],[141.4,95.2],[140.5,94.9],[141.4,91.7],[146.5,93.3],[147.9,88.4],[153.2,89.9],[153.3,90.7],[154.6,91],[155.4,92.7],[157.1,92.7],[157.6,92.1],[158.1,90.6],[159,90.7],[159.5,91.5],[160.8,91.4],[161.6,90.8],[160.1,88.2],[159.9,87.3],[160.6,86.6],[161.1,84.8],[161,83],[161.6,81.7],[161.5,80.6],[161.7,79.5],[161.2,77.6],[161.1,76.3],[158.5,73],[157.7,72.7],[155.6,73.2],[154.2,72.7],[153.5,71.7],[153.9,70.6],[153.3,69.5],[152.2,69.4]]]}},{"type":"Feature","properties":{"GEOID":"4102","STATEFP":"41","CD":"02","st":"OR","label_x":185.4,"label_y":143.3},"geometry":{"type":"Polygon","coordinates":[[[161.5,132.1],[160.8,133.5],[160.8,134.5],[160.1,135.9],[159.4,136.4],[157.2,137.1],[156.6,137.8],[156.8,138.5],[156.4,139.7],[150.2,138],[146.4,136.9],[146.9,135.1],[144.4,134.4],[143.3,135.7],[142.2,136.2],[141.4,138.3],[142.1,139.1],[141.3,139.6],[139.8,139.2],[137.8,140.1],[135.9,139.6],[134.5,139.8],[134.1,141.4],[133.4,142],[132.8,141.2],[131.7,140.6],[130.2,141],[129,141],[128.2,141.8],[126.8,142.6],[125.5,142.4],[124.5,145.6],[125.8,147.2],[123.1,149.9],[122.8,150.7],[121.2,152.6],[119.4,152.1],[117.9,155.1],[120.1,155.9],[120.7,158],[120.9,159.4],[120.1,160.5],[119.2,161],[119.5,162.3],[118.7,163.1],[118.9,164.4],[121.6,165.2],[124,165.8],[126.8,166.7],[130.2,167.4],[131.9,168.1],[137.4,169.6],[143.1,171.1],[150.4,173.3],[160.3,176.3],[165.7,177.8],[177.4,180.9],[183,182.3],[185,182.8],[196.3,185.7],[204.9,187.9],[213.4,189.8],[223.1,192.1],[233.3,194.3],[236.5,179.9],[240.1,164],[242.7,152.6],[242.7,152.1],[243.7,151.3],[244,150.3],[245,148.9],[245.3,148.1],[244.8,147.3],[244.9,146.4],[245.8,146.1],[246.7,145],[246.3,144.2],[245.6,143.9],[245.8,142.8],[244.4,142.8],[243.8,141.5],[242.6,141.7],[242,140.9],[242.7,139.9],[242.2,138.3],[242.8,137.7],[242.9,136.4],[244.6,135.2],[246,132.7],[247.2,131],[249.2,130.5],[250.2,129],[251.1,128.4],[251.6,127.3],[251.5,126.2],[251.9,125.3],[252.9,124.7],[253.3,123.9],[254.3,123.1],[255.3,120.9],[256,120.1],[256.2,119.1],[258.2,116.6],[258.8,116.3],[259,115.3],[260.6,113.9],[261.1,113.1],[260.3,111.1],[260.5,110.1],[259.8,108.9],[258.7,108.6],[258.3,107.6],[257,107.1],[257,106.3],[256.1,104.7],[256.2,103.9],[255.7,102.8],[246.8,100.7],[236.4,98.2],[222.7,94.9],[222.2,95.3],[220.1,95.9],[218.9,95.7],[218,95.2],[216.2,95.2],[213.6,94.8],[212.9,94.3],[212,94.5],[211,95.4],[208.8,95.1],[206.1,94.9],[204.2,95.4],[202.4,95.5],[201.6,96.2],[198.3,96],[196.7,95.5],[196.1,94.4],[194.9,93.9],[193.9,94.4],[191,94.7],[190.2,95.2],[189.5,94.7],[187.2,94.3],[186.2,94.9],[185.3,94.8],[185.2,93.2],[183.5,91.9],[181.8,91.6],[180.7,95.6],[180,95.4],[178.4,101.4],[175,100.4],[174.8,101.1],[173.8,101.4],[173.8,103],[172.9,105.3],[171.6,105.7],[171.8,108],[169.8,112.5],[169.2,115.1],[167.7,117.2],[167.3,118.7],[168.6,119.2],[169.5,119.2],[169.9,120.1],[179.1,122.7],[178,126.6],[177.8,127.8],[176.6,127.7],[175.3,128.9],[174.8,129],[174.5,130.8],[173,130.8],[172.2,132.5],[171.2,133.1],[170.3,134.3],[169.9,133.3],[169,133],[167.5,133.4],[166.4,132.9],[164.3,132.5],[162.5,132.8],[161.5,132.1]]]}},{"type":"Feature","properties":{"GEOID":"4103","STATEFP":"41","CD":"03","st":"OR","label_x":172.4,"label_y":94},"geometry":{"type":"Polygon","coordinates":[[[160.6,86.6],[159.9,87.3],[160.1,88.2],[161.6,90.8],[160.8,91.4],[162.5,91.5],[163,93.7],[164.3,94.2],[164.7,95.1],[164.7,96.3],[165.3,98.4],[166.6,99.4],[168,99.8],[168.7,99.7],[169.7,100.3],[170.1,99],[171.4,99.2],[172.1,100.5],[173.3,101],[174.8,101.1],[175,100.4],[178.4,101.4],[180,95.4],[180.7,95.6],[181.8,91.6],[180.7,90.6],[177.1,90.4],[176,89.7],[175,89.8],[174.1,90.5],[170.6,91.2],[169.2,91],[168,91.4],[166.7,91],[166.1,90.2],[165.1,90.2],[164.6,89.7],[161.7,87.9],[160.6,86.6]]]}},{"type":"Feature","properties":{"GEOID":"4104","STATEFP":"41","CD":"04","st":"OR","label_x":142.4,"label_y":129.7},"geometry":{"type":"Polygon","coordinates":[[[136.7,94.5],[135.3,97.7],[133.9,99.8],[133.8,101.3],[133.2,103],[131.7,106.4],[131.3,108],[129.7,111.6],[128.4,115.1],[125.6,121.6],[122.9,126.9],[121.1,129.4],[119.4,131.2],[118.3,131.8],[118.4,132.7],[115.7,137.8],[114.6,139.4],[112.5,141.7],[112.7,142.2],[112.6,143.9],[113.2,144.4],[113.6,146.4],[113.4,148.4],[111.7,151.3],[110.8,155.6],[111.2,157.5],[110.8,158.9],[111.3,160.7],[112.4,162.3],[118.9,164.4],[118.7,163.1],[119.5,162.3],[119.2,161],[120.1,160.5],[120.9,159.4],[120.7,158],[120.1,155.9],[117.9,155.1],[119.4,152.1],[121.2,152.6],[122.8,150.7],[123.1,149.9],[125.8,147.2],[124.5,145.6],[125.5,142.4],[126.8,142.6],[128.2,141.8],[129,141],[130.2,141],[131.7,140.6],[132.8,141.2],[133.4,142],[134.1,141.4],[134.5,139.8],[135.9,139.6],[137.8,140.1],[139.8,139.2],[141.3,139.6],[142.1,139.1],[141.4,138.3],[142.2,136.2],[143.3,135.7],[144.4,134.4],[146.9,135.1],[146.4,136.9],[150.2,138],[156.4,139.7],[156.8,138.5],[156.6,137.8],[157.2,137.1],[159.4,136.4],[160.1,135.9],[160.8,134.5],[160.8,133.5],[161.5,132.1],[161.7,130.9],[162.7,130],[163.7,130.2],[164.2,129.1],[166.4,126.6],[167.1,123.7],[167,122.7],[163.3,121.7],[158.4,120.4],[157.3,120.9],[155.4,120.3],[153.3,119],[153.3,118.6],[151.6,117.5],[149.9,117.1],[149.1,117.5],[148.7,118.9],[144.5,117.6],[144.9,117.1],[144.5,113.3],[145.4,112.1],[145.5,111.3],[146.7,108.3],[147.4,107.7],[149,107.7],[148.2,106],[139.3,103.3],[139.1,102.8],[141.2,95.9],[136.7,94.5]]]}},{"type":"Feature","properties":{"GEOID":"4105","STATEFP":"41","CD":"05","st":"OR","label_x":157.2,"label_y":112.9},"geometry":{"type":"Polygon","coordinates":[[[148.2,106],[149,107.7],[147.4,107.7],[146.7,108.3],[145.5,111.3],[145.4,112.1],[144.5,113.3],[144.9,117.1],[144.5,117.6],[148.7,118.9],[149.1,117.5],[149.9,117.1],[151.6,117.5],[153.3,118.6],[153.3,119],[155.4,120.3],[157.3,120.9],[158.4,120.4],[163.3,121.7],[167,122.7],[167.1,123.7],[166.4,126.6],[164.2,129.1],[163.7,130.2],[162.7,130],[161.7,130.9],[161.5,132.1],[162.5,132.8],[164.3,132.5],[166.4,132.9],[167.5,133.4],[169,133],[169.9,133.3],[170.3,134.3],[171.2,133.1],[172.2,132.5],[173,130.8],[174.5,130.8],[174.8,129],[175.3,128.9],[176.6,127.7],[177.8,127.8],[178,126.6],[179.1,122.7],[169.9,120.1],[169.5,119.2],[168.6,119.2],[167.3,118.7],[167.7,117.2],[169.2,115.1],[169.8,112.5],[171.8,108],[171.6,105.7],[172.9,105.3],[173.8,103],[173.8,101.4],[174.8,101.1],[173.3,101],[172.1,100.5],[171.4,99.2],[170.1,99],[169.7,100.3],[168.7,99.7],[168,99.8],[166.6,99.4],[165.3,98.4],[164.7,96.3],[164.7,95.1],[164.3,94.2],[163,93.7],[162.5,91.5],[160.8,91.4],[159.5,91.5],[159.5,92.7],[159,93.1],[158.6,94.3],[158.8,95],[158.1,96.3],[156.9,97],[155.9,98.2],[153.9,99.1],[153,99.9],[153.2,100.4],[152.6,102.7],[153.8,104.5],[153.7,105.8],[151.7,107.1],[150.3,107.3],[150.1,106.1],[148.7,105.3],[148.2,106]]]}},{"type":"Feature","properties":{"GEOID":"4106","STATEFP":"41","CD":"06","st":"OR","label_x":148.5,"label_y":97.6},"geometry":{"type":"Polygon","coordinates":[[[159.5,91.5],[159,90.7],[158.1,90.6],[157.6,92.1],[157.1,92.7],[155.4,92.7],[154.6,91],[153.3,90.7],[153.2,89.9],[147.9,88.4],[146.5,93.3],[141.4,91.7],[140.5,94.9],[141.4,95.2],[141.2,95.9],[139.1,102.8],[139.3,103.3],[148.2,106],[148.7,105.3],[150.1,106.1],[150.3,107.3],[151.7,107.1],[153.7,105.8],[153.8,104.5],[152.6,102.7],[153.2,100.4],[153,99.9],[153.9,99.1],[155.9,98.2],[156.9,97],[158.1,96.3],[158.8,95],[158.6,94.3],[159,93.1],[159.5,92.7],[159.5,91.5]]]}},{"type":"Feature","properties":{"GEOID":"4201","STATEFP":"42","CD":"01","st":"PA","label_x":963.9,"label_y":233.5},"geometry":{"type":"Polygon","coordinates":[[[957.8,232.4],[957.4,233.7],[958,234.2],[962.9,236],[964.8,237],[966,237.3],[966.5,236.6],[968.4,237.5],[969.4,237.8],[969.6,239.5],[971.4,238.2],[971.9,237],[972.5,237],[973.4,236.2],[972.7,235.5],[972.2,234.8],[970.8,234.3],[970.1,233.3],[968.6,232.6],[967.9,231.4],[966.2,231.2],[965.4,228.4],[964,227.9],[963.4,228.3],[962.8,227.4],[961.9,228.2],[959.7,231],[958.8,232.9],[957.8,232.4]]]}},{"type":"Feature","properties":{"GEOID":"4202","STATEFP":"42","CD":"02","st":"PA","label_x":967.8,"label_y":240.1},"geometry":{"type":"Polygon","coordinates":[[[966.6,239.8],[966.8,242.6],[967.3,242.5],[968.8,240.4],[969.6,239.5],[969.4,237.8],[968.4,237.5],[967.3,239.5],[966.6,239.8]]]}},{"type":"Feature","properties":{"GEOID":"4203","STATEFP":"42","CD":"03","st":"PA","label_x":966.1,"label_y":241.5},"geometry":{"type":"Polygon","coordinates":[[[965.2,241.7],[964.6,242.3],[966.3,243.3],[967.6,243.1],[967.3,242.5],[966.8,242.6],[966.6,239.8],[965,239.4],[964.5,240.5],[965.7,241.2],[965.2,241.7]]]}},{"type":"Feature","properties":{"GEOID":"4204","STATEFP":"42","CD":"04","st":"PA","label_x":957.6,"label_y":235.7},"geometry":{"type":"Polygon","coordinates":[[[953,229.8],[950,230.6],[951.2,231.2],[950.2,231.9],[950,234.2],[948.6,236.3],[949.7,237.1],[950.5,235.9],[953.2,235.5],[953.7,236.2],[953.5,237.1],[954.6,237.7],[956.2,237.8],[957.7,237.5],[958.6,238],[959.4,239.3],[961,240.4],[961.7,240.2],[962.6,238.7],[963.2,239],[963.2,240.6],[965.2,241.7],[965.7,241.2],[964.5,240.5],[965,239.4],[966.6,239.8],[967.3,239.5],[968.4,237.5],[966.5,236.6],[966,237.3],[964.8,237],[962.9,236],[958,234.2],[957.4,233.7],[957.8,232.4],[953,229.8]]]}},{"type":"Feature","properties":{"GEOID":"4205","STATEFP":"42","CD":"05","st":"PA","label_x":963.6,"label_y":242.9},"geometry":{"type":"Polygon","coordinates":[[[961.7,240.2],[962.2,240.8],[961.8,242.7],[960.5,244],[960.3,244.9],[959.6,245.9],[959.8,246.7],[961.5,246.5],[963,246.8],[963.1,246.9],[964.4,245.5],[965.6,245.1],[967.6,243.1],[966.3,243.3],[964.6,242.3],[965.2,241.7],[963.2,240.6],[963.2,239],[962.6,238.7],[961.7,240.2]]]}},{"type":"Feature","properties":{"GEOID":"4206","STATEFP":"42","CD":"06","st":"PA","label_x":956.8,"label_y":243.7},"geometry":{"type":"Polygon","coordinates":[[[948.9,238.4],[953.4,240.8],[952.3,241.8],[952.8,243.4],[952.2,245.6],[952.6,247],[951.9,250.3],[950.9,251.5],[957,250.2],[958.1,248],[959.8,246.7],[959.6,245.9],[960.3,244.9],[960.5,244],[961.8,242.7],[962.2,240.8],[961.7,240.2],[961,240.4],[959.4,239.3],[958.6,238],[957.7,237.5],[956.2,237.8],[954.6,237.7],[953.5,237.1],[953.7,236.2],[953.2,235.5],[950.5,235.9],[949.7,237.1],[948.9,238.4]]]}},{"type":"Feature","properties":{"GEOID":"4207","STATEFP":"42","CD":"07","st":"PA","label_x":955.5,"label_y":224.3},"geometry":{"type":"Polygon","coordinates":[[[947.4,223.3],[949.8,225.2],[952.4,226.6],[950.4,228.4],[953,229.8],[957.8,232.4],[958.8,232.9],[959.7,231],[961.9,228.2],[962.8,227.4],[962.3,225.5],[962.4,223.4],[963.4,222.8],[963.9,220.7],[962.3,218.7],[960.8,220.1],[960.7,220.8],[959.8,221.9],[959.3,221.3],[957.3,221.6],[955.7,219.7],[953.8,218.1],[952,217],[951.6,217.1],[950.5,218.7],[951.5,220.1],[947.4,223.3]]]}},{"type":"Feature","properties":{"GEOID":"4208","STATEFP":"42","CD":"08","st":"PA","label_x":957,"label_y":209.6},"geometry":{"type":"Polygon","coordinates":[[[950.8,196.3],[953,204.5],[948.5,205.4],[947.7,208.5],[948.3,208.8],[947.7,210.8],[944.9,212.4],[944,213.3],[945.9,214.1],[944.4,215.8],[945.5,217.9],[946.2,217.4],[947.7,219],[946.4,220],[946.7,221.1],[946.4,222.1],[945.1,222.7],[945.4,223.5],[946.9,223.7],[947.4,223.3],[951.5,220.1],[950.5,218.7],[951.6,217.1],[952,217],[953.8,218.1],[955.7,219.7],[957.3,221.6],[959.3,221.3],[959.8,221.9],[960.7,220.8],[960.8,220.1],[962.3,218.7],[962,218.3],[963.5,216.7],[963.9,215],[964.8,214.1],[965.3,212.4],[965.5,210.5],[966.6,208.6],[967.6,208.1],[966.2,206.8],[963.8,207],[963.3,206.3],[962,206.4],[961.8,205.8],[959.8,203.8],[960.2,203.4],[959.4,200.4],[958.4,200.1],[958.5,199.1],[957.9,198.5],[956.3,198.2],[955.2,198.4],[954.6,196.9],[954,196.8],[952.9,195.8],[950.8,196.3]]]}},{"type":"Feature","properties":{"GEOID":"4209","STATEFP":"42","CD":"09","st":"PA","label_x":937.6,"label_y":219.2},"geometry":{"type":"Polygon","coordinates":[[[926.2,201.4],[929,210.6],[930.1,210.6],[931.3,213.2],[930.4,213.4],[930.8,215.2],[929.3,216.7],[928.1,216.8],[928.3,218],[927.3,218.2],[927.7,219.4],[930.5,220.9],[931.2,222.3],[931.8,222.8],[931.8,225.2],[932.6,226.4],[933.7,227],[933.2,228.8],[933.4,230.9],[933.2,231.8],[932.4,233.1],[932.3,233.4],[932.8,233.7],[933.8,233.1],[936.4,231.8],[939.8,233.6],[937.7,236],[941,242],[943.1,240.6],[945.2,239.7],[947.7,237.8],[948.9,238.4],[949.7,237.1],[948.6,236.3],[950,234.2],[950.2,231.9],[951.2,231.2],[950,230.6],[953,229.8],[950.4,228.4],[952.4,226.6],[949.8,225.2],[947.4,223.3],[946.9,223.7],[945.4,223.5],[945.1,222.7],[946.4,222.1],[946.7,221.1],[946.4,220],[947.7,219],[946.2,217.4],[945.5,217.9],[944.4,215.8],[945.9,214.1],[944,213.3],[944.9,212.4],[947.7,210.8],[948.3,208.8],[947.7,208.5],[948.5,205.4],[953,204.5],[950.8,196.3],[946.4,197.3],[940.2,198.6],[936.1,199.4],[926.2,201.4]]]}},{"type":"Feature","properties":{"GEOID":"4210","STATEFP":"42","CD":"10","st":"PA","label_x":936.4,"label_y":241.2},"geometry":{"type":"Polygon","coordinates":[[[932.3,233.4],[931.8,234.9],[932.2,236.1],[933,237.2],[932.3,238.3],[932,239.3],[932.7,239.9],[933.8,239.6],[934.3,240.2],[933.3,240.9],[931.3,241.5],[927.4,243],[927.4,244.1],[926.9,245],[925.5,245.7],[926.4,246.4],[926.5,247.9],[928.1,249.3],[931,248.1],[931.6,247],[933,247.7],[934,247.9],[935.3,249.5],[936.3,248.9],[936.8,250.5],[937.8,250.3],[938.6,249.3],[939.2,249.2],[941.2,247.4],[940.1,246.2],[939.9,245.5],[938.7,244.4],[939,243.5],[941,242],[937.7,236],[939.8,233.6],[936.4,231.8],[933.8,233.1],[932.8,233.7],[932.3,233.4]]]}},{"type":"Feature","properties":{"GEOID":"4211","STATEFP":"42","CD":"11","st":"PA","label_x":946.2,"label_y":245.9},"geometry":{"type":"Polygon","coordinates":[[[935.3,249.5],[935.1,250.4],[935.8,251.3],[935.2,252.1],[935.7,254.7],[941,253.6],[950.9,251.5],[951.9,250.3],[952.6,247],[952.2,245.6],[952.8,243.4],[952.3,241.8],[953.4,240.8],[948.9,238.4],[947.7,237.8],[945.2,239.7],[943.1,240.6],[941,242],[939,243.5],[938.7,244.4],[939.9,245.5],[940.1,246.2],[941.2,247.4],[939.2,249.2],[938.6,249.3],[937.8,250.3],[936.8,250.5],[936.3,248.9],[935.3,249.5]]]}},{"type":"Feature","properties":{"GEOID":"4212","STATEFP":"42","CD":"12","st":"PA","label_x":883.2,"label_y":248.7},"geometry":{"type":"Polygon","coordinates":[[[883.5,244.5],[882.8,244.8],[883.6,246.4],[882.4,248],[881.6,247.5],[881.6,246.2],[880.4,246.5],[879.3,246.4],[878.7,246.9],[879,248.8],[880,249.3],[879.2,249.9],[878.2,249.8],[878.3,251],[882,251.8],[881.4,252.9],[883,253],[884.6,251.9],[885.8,251.9],[886.3,252.4],[887.3,251],[887.1,249.7],[887.5,248.7],[887.3,247.2],[886.4,245.9],[884,244.4],[883.5,244.5]]]}},{"type":"Feature","properties":{"GEOID":"4213","STATEFP":"42","CD":"13","st":"PA","label_x":912.1,"label_y":245.3},"geometry":{"type":"Polygon","coordinates":[[[899.6,237.4],[898.5,243.4],[897.6,247],[897,248.6],[898.1,249.6],[899.4,248.2],[900.2,248.8],[904.2,248.1],[903.5,252.4],[903.1,252.8],[904.2,258.2],[903.7,260.8],[916.3,258.4],[922.9,257.2],[931.8,255.4],[935.7,254.7],[935.2,252.1],[935.8,251.3],[935.1,250.4],[935.3,249.5],[934,247.9],[933,247.7],[931.6,247],[931,248.1],[928.1,249.3],[926.5,247.9],[926.4,246.4],[925.5,245.7],[926.9,245],[927.4,244.1],[927.4,243],[931.3,241.5],[933.3,240.9],[934.3,240.2],[933.8,239.6],[932.7,239.9],[932,239.3],[932.3,238.3],[933,237.2],[932.2,236.1],[931.8,234.9],[932.3,233.4],[932.4,233.1],[931.3,233.3],[930.5,232.6],[928.5,233],[924.9,233.1],[924.2,229.8],[922.9,230.5],[918.6,234],[917.6,234.1],[916.5,233.7],[914.7,235.3],[911.2,234.8],[907.6,235.7],[907.5,235.9],[899.6,237.4]]]}},{"type":"Feature","properties":{"GEOID":"4214","STATEFP":"42","CD":"14","st":"PA","label_x":895.5,"label_y":250.9},"geometry":{"type":"Polygon","coordinates":[[[870.5,248.4],[871.8,255.8],[873.4,266],[885.3,264.1],[891.9,262.9],[903.7,260.8],[904.2,258.2],[903.1,252.8],[903.5,252.4],[904.2,248.1],[900.2,248.8],[899.4,248.2],[898.1,249.6],[897,248.6],[897.6,247],[898.5,243.4],[899.6,237.4],[894.2,237.5],[894,236.1],[893.1,235.8],[891.9,236],[892.2,237.5],[889.1,243.9],[888.4,244.2],[887,243.5],[886.3,242.3],[885.2,241.4],[884.2,241.4],[884,243],[883.2,243.7],[883.5,244.5],[884,244.4],[886.4,245.9],[887.3,247.2],[887.5,248.7],[887.1,249.7],[887.3,251],[886.3,252.4],[885.8,251.9],[884.6,251.9],[883,253],[881.4,252.9],[882,251.8],[878.3,251],[877,250.8],[873.3,247.9],[870.5,248.4]]]}},{"type":"Feature","properties":{"GEOID":"4215","STATEFP":"42","CD":"15","st":"PA","label_x":905.2,"label_y":222.8},"geometry":{"type":"Polygon","coordinates":[[[880.3,210.2],[881.8,219.1],[878,219.6],[877.5,221.4],[878.3,221.6],[878.7,223.1],[880.4,222.8],[880.6,223.9],[879.2,224.9],[880,226.4],[878.7,226.5],[878,227.7],[878.5,230.3],[882.3,229.7],[884.2,241.4],[885.2,241.4],[886.3,242.3],[887,243.5],[888.4,244.2],[889.1,243.9],[892.2,237.5],[891.9,236],[893.1,235.8],[894,236.1],[894.2,237.5],[899.6,237.4],[907.5,235.9],[907.6,235.7],[911.2,234.8],[914.7,235.3],[916.5,233.7],[917.6,234.1],[918.6,234],[922.9,230.5],[924.2,229.8],[924.9,233.1],[928.5,233],[930.5,232.6],[931.3,233.3],[932.4,233.1],[933.2,231.8],[933.4,230.9],[933.2,228.8],[933.7,227],[932.6,226.4],[931.8,225.2],[931.8,222.8],[931.2,222.3],[930.5,220.9],[927.7,219.4],[927.3,218.2],[928.3,218],[928.1,216.8],[929.3,216.7],[930.8,215.2],[930.4,213.4],[931.3,213.2],[930.1,210.6],[929,210.6],[926.2,201.4],[922.8,202.2],[910.7,204.6],[903.2,206],[892.9,207.9],[880.3,210.2]]]}},{"type":"Feature","properties":{"GEOID":"4216","STATEFP":"42","CD":"16","st":"PA","label_x":873.5,"label_y":223.5},"geometry":{"type":"Polygon","coordinates":[[[868,233],[869.1,239.6],[875.4,238.5],[876.3,242.7],[884.2,241.4],[882.3,229.7],[878.5,230.3],[878,227.7],[878.7,226.5],[880,226.4],[879.2,224.9],[880.6,223.9],[880.4,222.8],[878.7,223.1],[878.3,221.6],[877.5,221.4],[878,219.6],[881.8,219.1],[880.3,210.2],[877.7,210.6],[876.6,204.3],[874.8,205.5],[872,208.1],[871.4,207.5],[870.7,208.2],[870.5,209],[867.8,211.4],[864.8,213.3],[866.9,226],[868,233]]]}},{"type":"Feature","properties":{"GEOID":"4217","STATEFP":"42","CD":"17","st":"PA","label_x":876.5,"label_y":244.7},"geometry":{"type":"Polygon","coordinates":[[[869.9,244.6],[870.5,248.4],[873.3,247.9],[877,250.8],[878.3,251],[878.2,249.8],[879.2,249.9],[880,249.3],[879,248.8],[878.7,246.9],[879.3,246.4],[880.4,246.5],[881.6,246.2],[881.6,247.5],[882.4,248],[883.6,246.4],[882.8,244.8],[883.5,244.5],[883.2,243.7],[884,243],[884.2,241.4],[876.3,242.7],[875.4,238.5],[869.1,239.6],[869.9,244.6]]]}},{"type":"Feature","properties":{"GEOID":"4401","STATEFP":"44","CD":"01","st":"RI","label_x":1025.7,"label_y":188.5},"geometry":{"type":"MultiPolygon","coordinates":[[[[1025.3,186.1],[1025.2,186.6],[1024.3,187.6],[1024,190.2],[1024.4,191.1],[1025.5,190.6],[1025.4,189.4],[1026.5,190.4],[1027.6,189.8],[1026.7,187.4],[1026.4,186.1],[1025.3,186.1]]],[[[1016.3,180.2],[1017.8,183.6],[1019,183],[1020.2,183.2],[1020.6,184.6],[1021.5,184.4],[1022.6,185.6],[1023.5,185.9],[1023.5,186.9],[1024.4,186.7],[1024.6,185.4],[1023.7,184.6],[1022.4,184.2],[1021.8,183.4],[1021.5,181.6],[1020.8,181.9],[1020.1,179],[1016.6,180.1],[1016.3,180.2]]]]}},{"type":"Feature","properties":{"GEOID":"4402","STATEFP":"44","CD":"02","st":"RI","label_x":1018.6,"label_y":188.1},"geometry":{"type":"Polygon","coordinates":[[[1016.2,197.2],[1018.5,196.3],[1020,195.1],[1021.4,194.4],[1022.2,194.3],[1022.4,192.8],[1022.7,191.7],[1022.4,190.2],[1021.8,189.7],[1022.3,189],[1021.8,187.3],[1022.3,186.1],[1021.5,184.4],[1020.6,184.6],[1020.2,183.2],[1019,183],[1017.8,183.6],[1016.3,180.2],[1013.1,181.1],[1015.4,189.1],[1016.6,194.7],[1015.9,195.1],[1016.6,196.5],[1016.2,197.2]]]}},{"type":"Feature","properties":{"GEOID":"4501","STATEFP":"45","CD":"01","st":"SC","label_x":912.1,"label_y":418.7},"geometry":{"type":"MultiPolygon","coordinates":[[[[914.4,413.3],[913,413.1],[911.8,412],[910.5,411.6],[909.9,410.8],[908,409.8],[905.7,410],[904.9,410.4],[904.7,411.5],[903.6,411.9],[903.2,415.3],[902.2,416.4],[901.3,416.7],[902.1,417.9],[902.9,418.2],[902.3,419.2],[904.5,420.4],[902.3,421.3],[901.4,422.4],[901.8,422.7],[905.2,424],[905.6,423.2],[906.5,423.3],[907.1,424],[907.7,423.1],[906.1,422],[906.4,421.5],[907.5,422.1],[908.2,421.7],[909.5,423.9],[910.5,423.9],[911.7,425.5],[911.8,426.3],[912.4,426.1],[913.2,426.7],[915.4,425.1],[915.8,424],[917.8,422.3],[916.9,421.3],[917.6,419.7],[918.2,419.1],[919.3,419.5],[921.6,419.1],[921.9,417.2],[922.9,416.3],[922.4,415.7],[921.3,415.7],[919.2,414.7],[917.3,414.1],[916.7,413.7],[914.4,413.3]]],[[[911.7,426.8],[910.2,427],[908.2,426.8],[907.7,427.1],[907.2,428.6],[905.9,429.7],[906,430.3],[905.3,431.2],[902.4,430.6],[901.3,431],[899.4,429.3],[898.7,429],[896.8,429.5],[897,430.3],[898.2,431],[897.9,431.4],[896.2,431.3],[895.6,431.5],[894.2,431.2],[893.7,432.2],[894.7,433.6],[894.7,435.2],[895.3,436],[895,437.5],[895.3,438.5],[894.4,439.4],[891.9,439.1],[892.5,440.4],[892.8,441.6],[892.4,442.4],[892.9,443.4],[893.6,443.6],[894.3,444.6],[894.9,444.7],[895.7,445.7],[898.2,443.8],[899.3,442],[898.9,441.3],[897.2,440.6],[898.2,439.5],[899.5,440.1],[900.1,440.8],[903.1,438.8],[903.4,437.1],[902,435.6],[902.6,434.5],[903.4,435.2],[904.3,434.4],[904.9,434.7],[906.5,432.9],[907.9,432.2],[908.6,431.4],[910.1,430.7],[910.9,430.7],[911.3,429.8],[912.8,428.5],[912.7,426.9],[911.7,426.8]]]]}},{"type":"Feature","properties":{"GEOID":"4502","STATEFP":"45","CD":"02","st":"SC","label_x":880.3,"label_y":409.1},"geometry":{"type":"Polygon","coordinates":[[[868.4,415.3],[869.1,416.3],[870.3,416.6],[870.7,417.2],[870.3,419],[870.9,419.6],[872,420],[872.5,420.6],[872.5,421.4],[873.5,422.1],[874.3,421.9],[874.6,423.3],[875.8,424.1],[877.7,424.3],[878.8,422.6],[882.5,423.3],[884,423],[885.5,422.3],[884.9,421.6],[884.3,416.1],[885.2,415.6],[887.1,416.2],[887.6,416.6],[889.8,417.3],[890.8,418],[891.2,416.9],[890.8,415.7],[891.1,414.6],[889.1,413.4],[889.5,412.4],[890.3,411.3],[889.8,409.9],[889.2,410.3],[888.3,410],[886.5,408.3],[888,407.3],[887.8,406.4],[886.1,406.4],[886,404.5],[886.4,403.6],[885.2,401.5],[884.2,401.1],[883.6,400.4],[884.6,399.7],[884.8,397.9],[886.7,397],[887.3,399],[886.2,400.8],[886.8,402.2],[887.5,402.3],[888,401.5],[890.7,400.5],[891.8,400.2],[891.7,399.3],[893.4,398.8],[892.8,397.9],[891.3,398.9],[888.1,396.6],[888.5,394.5],[886,395.3],[883.8,396.3],[881.9,396.7],[882.2,397.8],[880,396.8],[879.3,396.7],[878.4,398.3],[877.8,398.4],[877.4,399.6],[878.5,400.7],[876.9,401],[875.7,405.9],[868.4,415.3]]]}},{"type":"Feature","properties":{"GEOID":"4503","STATEFP":"45","CD":"03","st":"SC","label_x":864.3,"label_y":398.2},"geometry":{"type":"Polygon","coordinates":[[[842.5,383.9],[842.7,385.4],[841.7,385.9],[841.1,387],[840.4,387.1],[840.2,387.9],[839.1,389.4],[838.8,390.7],[839.2,391.8],[840.9,392.8],[841.4,393.3],[842.7,393.6],[844.1,394.7],[844.9,395.5],[846.4,395.8],[848.1,395.4],[848.9,395.9],[849.8,398],[850.7,398.5],[851.1,399.5],[851.9,400.5],[852.1,401.4],[852.8,402.8],[853.6,403.1],[855.5,405.2],[856.3,406.9],[857.4,407.2],[859.3,408.6],[861,409.2],[862,410.2],[863.1,410.8],[863.6,412],[864.4,412.8],[864.5,413.5],[865.9,414.3],[867.7,414.6],[868.4,415.3],[875.7,405.9],[876.9,401],[878.5,400.7],[877.4,399.6],[877.8,398.4],[878.4,398.3],[879.3,396.7],[878,394.8],[876.5,392],[876.3,391.1],[875.2,391.3],[874.3,392.6],[873.9,391.9],[871.9,390.8],[867.8,390],[866.7,389.9],[865.7,389],[864.7,388.8],[863.3,388.1],[862.8,387.1],[862.3,387.1],[861.1,386.1],[860.3,386.6],[859.9,387.4],[860.5,388.2],[859.3,388.7],[856.5,388.4],[855.7,387.7],[854.9,386.5],[854.7,384.9],[853.8,383.8],[853.3,382.3],[852.3,382],[852.1,380.8],[851.1,381.3],[848.9,381.4],[848.4,381],[842.5,383.9]]]}},{"type":"Feature","properties":{"GEOID":"4504","STATEFP":"45","CD":"04","st":"SC","label_x":861.2,"label_y":383},"geometry":{"type":"Polygon","coordinates":[[[848.9,381.4],[851.1,381.3],[852.1,380.8],[852.3,382],[853.3,382.3],[853.8,383.8],[854.7,384.9],[854.9,386.5],[855.7,387.7],[856.5,388.4],[859.3,388.7],[860.5,388.2],[859.9,387.4],[860.3,386.6],[861.1,386.1],[862.3,387.1],[862.8,387.1],[863.3,388.1],[864.7,388.8],[865.7,389],[866.7,389.9],[867.8,390],[868.1,387.7],[868.3,384.1],[869.3,382.1],[868.5,381.8],[867.8,381],[866.3,380.3],[865.7,381],[864.3,380.4],[863,379.5],[862.5,379.9],[860.9,377.7],[860.9,376.7],[857.7,377],[857,377.3],[855.9,377.7],[855.4,376.9],[853.6,378.4],[852.8,378.6],[850.2,380.2],[848.9,381.4]]]}},{"type":"Feature","properties":{"GEOID":"4505","STATEFP":"45","CD":"05","st":"SC","label_x":887.9,"label_y":391.4},"geometry":{"type":"Polygon","coordinates":[[[860.9,376.7],[860.9,377.7],[862.5,379.9],[863,379.5],[864.3,380.4],[865.7,381],[866.3,380.3],[867.8,381],[868.5,381.8],[869.3,382.1],[868.3,384.1],[868.1,387.7],[867.8,390],[871.9,390.8],[873.9,391.9],[874.3,392.6],[875.2,391.3],[876.3,391.1],[876.5,392],[878,394.8],[879.3,396.7],[880,396.8],[882.2,397.8],[881.9,396.7],[883.8,396.3],[886,395.3],[888.5,394.5],[888.1,396.6],[891.3,398.9],[892.8,397.9],[893.4,398.8],[893.7,399.2],[893.1,400.3],[893.6,400.9],[893.5,402.1],[894.8,405.3],[894.3,406.3],[895.3,407.4],[896.5,408.2],[897.3,406.4],[899,406.1],[898.5,404.8],[898.9,403.9],[899.1,402],[898.6,400.9],[899.3,400.6],[900.3,401.1],[900.9,400.5],[901.7,398.7],[902.1,399.9],[904,398.2],[904.8,398.1],[905.2,397.1],[903.6,396.4],[901.7,394.9],[902.4,394],[901.7,392],[900.1,391],[899.4,391.4],[898.5,390.7],[898.4,389.9],[897.6,389.3],[897.2,387.6],[896.1,386.6],[895.7,385.6],[894.6,384.6],[894.6,384.2],[893.3,383.3],[891.5,380.9],[887,381.6],[886.9,378.8],[885.5,377.5],[883.3,375.3],[881.6,377.1],[881.1,376.1],[881.5,375.4],[881.1,374.6],[877.3,375],[868.3,375.9],[860.9,376.7]]]}},{"type":"Feature","properties":{"GEOID":"4506","STATEFP":"45","CD":"06","st":"SC","label_x":893.5,"label_y":421.8},"geometry":{"type":"Polygon","coordinates":[[[893.4,398.8],[891.7,399.3],[891.8,400.2],[890.7,400.5],[888,401.5],[887.5,402.3],[886.8,402.2],[886.2,400.8],[887.3,399],[886.7,397],[884.8,397.9],[884.6,399.7],[883.6,400.4],[884.2,401.1],[885.2,401.5],[886.4,403.6],[886,404.5],[886.1,406.4],[887.8,406.4],[888,407.3],[886.5,408.3],[888.3,410],[889.2,410.3],[889.8,409.9],[890.3,411.3],[889.5,412.4],[889.1,413.4],[891.1,414.6],[890.8,415.7],[891.2,416.9],[890.8,418],[889.8,417.3],[887.6,416.6],[887.1,416.2],[885.2,415.6],[884.3,416.1],[884.9,421.6],[885.5,422.3],[884,423],[882.5,423.3],[878.8,422.6],[877.7,424.3],[878.9,425.3],[880.4,426],[880.4,427.6],[881.1,429],[882.3,429.8],[882.4,431.1],[882.8,431.5],[882.9,433],[883.5,434.1],[883.2,434.6],[883.8,435.3],[885.3,435.9],[886.1,435.9],[888,437.7],[888.1,438.8],[888.7,439.7],[889.6,440.3],[890.1,441.3],[889.7,442.8],[890.5,443.7],[891,445.7],[892.6,446.2],[893.2,445.6],[895.3,446.8],[895.7,445.7],[894.9,444.7],[894.3,444.6],[893.6,443.6],[892.9,443.4],[892.4,442.4],[892.8,441.6],[892.5,440.4],[891.9,439.1],[894.4,439.4],[895.3,438.5],[895,437.5],[895.3,436],[894.7,435.2],[894.7,433.6],[893.7,432.2],[894.2,431.2],[895.6,431.5],[896.2,431.3],[897.9,431.4],[898.2,431],[897,430.3],[896.8,429.5],[898.7,429],[899.4,429.3],[901.3,431],[902.4,430.6],[905.3,431.2],[906,430.3],[905.9,429.7],[907.2,428.6],[907.7,427.1],[908.2,426.8],[910.2,427],[911.7,426.8],[911.8,426.3],[911.7,425.5],[910.5,423.9],[909.5,423.9],[908.2,421.7],[907.5,422.1],[906.4,421.5],[906.1,422],[907.7,423.1],[907.1,424],[906.5,423.3],[905.6,423.2],[905.2,424],[901.8,422.7],[901.4,422.4],[902.3,421.3],[904.5,420.4],[902.3,419.2],[902.9,418.2],[902.1,417.9],[901.3,416.7],[902.2,416.4],[903.2,415.3],[903.6,411.9],[904.7,411.5],[904.9,410.4],[905.7,410],[908,409.8],[909.9,410.8],[910.5,411.6],[911.8,412],[913,413.1],[914.4,413.3],[914.2,412.6],[914.9,411.6],[915.5,409.8],[916.3,408.4],[917,407.7],[917.9,406.3],[917.7,405.8],[917.9,403.5],[918.9,401.7],[919.1,400.6],[917.9,400.4],[916.9,401.4],[915.9,401.8],[913.1,401.5],[914,400.6],[912,398.7],[910.6,399.4],[910.6,399.8],[908.4,400.5],[906.9,400.7],[906.1,399.4],[907.5,398.1],[905.2,397.1],[904.8,398.1],[904,398.2],[902.1,399.9],[901.7,398.7],[900.9,400.5],[900.3,401.1],[899.3,400.6],[898.6,400.9],[899.1,402],[898.9,403.9],[898.5,404.8],[899,406.1],[897.3,406.4],[896.5,408.2],[895.3,407.4],[894.3,406.3],[894.8,405.3],[893.5,402.1],[893.6,400.9],[893.1,400.3],[893.7,399.2],[893.4,398.8]]]}},{"type":"Feature","properties":{"GEOID":"4507","STATEFP":"45","CD":"07","st":"SC","label_x":919.2,"label_y":397.5},"geometry":{"type":"Polygon","coordinates":[[[891.5,380.9],[893.3,383.3],[894.6,384.2],[894.6,384.6],[895.7,385.6],[896.1,386.6],[897.2,387.6],[897.6,389.3],[898.4,389.9],[898.5,390.7],[899.4,391.4],[900.1,391],[901.7,392],[902.4,394],[901.7,394.9],[903.6,396.4],[905.2,397.1],[907.5,398.1],[906.1,399.4],[906.9,400.7],[908.4,400.5],[910.6,399.8],[910.6,399.4],[912,398.7],[914,400.6],[913.1,401.5],[915.9,401.8],[916.9,401.4],[917.9,400.4],[919.1,400.6],[918.9,401.7],[917.9,403.5],[917.7,405.8],[917.9,406.3],[917,407.7],[916.3,408.4],[915.5,409.8],[914.9,411.6],[914.2,412.6],[914.4,413.3],[916.7,413.7],[917.3,414.1],[919.2,414.7],[921.3,415.7],[922.4,415.7],[922.9,416.3],[924.2,414.8],[924.4,413.8],[924.1,412.8],[924.3,409.8],[925,407.1],[925.9,405.8],[927.2,403],[929.4,399.8],[931.6,397.9],[933.7,396.6],[921,387.5],[915.4,383.4],[908.3,378.4],[904.6,379],[891.5,380.9]]]}},{"type":"Feature","properties":{"GEOID":"4600","STATEFP":"46","CD":"00","st":"SD","label_x":524.6,"label_y":180.7},"geometry":{"type":"Polygon","coordinates":[[[462.2,158.2],[461.6,166.7],[460.6,178.6],[460,185.2],[459.1,195.8],[458.3,205.1],[465.8,205.8],[474.1,206.4],[485.1,207.2],[496,207.9],[499.9,208.2],[510.6,208.8],[516.9,209.1],[529.1,209.7],[536.8,210],[546.6,210.3],[553.5,210.5],[554,211.7],[557.5,213.5],[559.7,214.8],[561.3,216.2],[562.8,216.1],[563.9,215],[564.6,213.8],[565.8,214.3],[567.4,214.5],[568.8,214.1],[569.5,214.4],[570.5,214.2],[571.6,214.5],[572,214],[573,214.3],[573.9,214],[575.4,214.5],[575.5,215.4],[576.6,215.7],[576.9,216.3],[579.5,216.6],[580.2,217.6],[580.7,217.2],[582.5,217.9],[582.5,218.7],[584.5,219.2],[584.1,220.2],[585.3,221.6],[585.5,222.5],[586.7,222.3],[587.7,223.2],[588.7,223],[588.1,223.1],[588.1,221.5],[587.1,219.1],[585.6,217.8],[585.4,216.6],[586.9,214.8],[587.3,213.6],[587.1,212.8],[587.6,210.4],[588.6,209.2],[588.8,208.3],[588.4,207.4],[588.1,205.7],[586.6,205.3],[586.4,204.2],[587.4,203.6],[587.4,201.7],[586.2,200.7],[586.2,199.2],[588.6,199.2],[588.7,190.9],[588.7,182.7],[588.8,170.8],[588.8,156.8],[588.3,155.4],[586.1,154.2],[585.1,154.1],[584.3,153],[583.7,151.5],[582.2,149.5],[582.5,148.6],[585.6,146.2],[586.8,144.4],[587.1,141.8],[577.5,141.7],[567.2,141.5],[556.7,141.3],[545.6,140.9],[534.8,140.5],[527.9,140.1],[515.3,139.5],[507.4,139.1],[494.9,138.3],[482.8,137.4],[472.3,136.6],[464.3,136],[463.3,149.4],[462.5,158.2],[462.2,158.2]]]}},{"type":"Feature","properties":{"GEOID":"4701","STATEFP":"47","CD":"01","st":"TN","label_x":842.1,"label_y":357},"geometry":{"type":"Polygon","coordinates":[[[830.7,347.3],[832.2,348.6],[833.1,350.9],[834.5,351.8],[834.9,351.6],[835.7,354],[834.8,354.6],[833.8,354.4],[832.9,355.3],[832.7,356.2],[831.8,357.4],[830.4,357.3],[828.8,359.3],[829.4,359.8],[828.6,361.1],[829.2,362.4],[826.8,364.8],[829,368.7],[829.9,369.1],[830.3,371.9],[831.4,371.6],[833.4,371.7],[834.2,370.4],[836.6,369],[837.6,367.9],[837.7,367.2],[838.8,366.9],[839.1,366.1],[840.6,365.3],[842.3,365.4],[843.5,363.6],[843.7,362.7],[843.2,361.7],[844.3,360.9],[844.9,361.3],[845.5,360.7],[845.4,359.9],[847.1,358.2],[848,357.6],[848.7,358.2],[848.8,359.9],[849.9,359.8],[851.4,358.5],[852.2,356.6],[853.1,355.7],[854.2,355.1],[855,355.1],[855.7,354.3],[856.8,354.4],[857.3,355.3],[859.1,354.7],[860.6,350.5],[861.6,349.2],[862.7,348.5],[864.1,348.5],[863.5,347],[864.1,345.6],[863.6,344.1],[864,342.8],[864.5,342.1],[859.4,342.8],[859.2,343.3],[849.4,344.8],[841.5,345.9],[834.6,346.8],[830.7,347.3]]]}},{"type":"Feature","properties":{"GEOID":"4702","STATEFP":"47","CD":"02","st":"TN","label_x":824.7,"label_y":361.2},"geometry":{"type":"Polygon","coordinates":[[[813.4,371.6],[814,372.2],[815,371.5],[818,371.4],[819.1,372.2],[820.1,372],[821.1,372.7],[822.1,372.8],[822.5,373.6],[824.1,373.2],[823.9,374],[825.2,374.7],[825,375.1],[825.9,374.7],[826.3,373.7],[827.3,373.4],[828.2,372.4],[830.3,371.9],[829.9,369.1],[829,368.7],[826.8,364.8],[829.2,362.4],[828.6,361.1],[829.4,359.8],[828.8,359.3],[830.4,357.3],[831.8,357.4],[832.7,356.2],[832.9,355.3],[833.8,354.4],[834.8,354.6],[835.7,354],[834.9,351.6],[834.5,351.8],[833.1,350.9],[832.2,348.6],[830.7,347.3],[826.9,347.7],[826.7,348.2],[821.1,348.7],[816,349.3],[816.3,351.1],[815.1,351.4],[814.7,352.5],[814.9,353.3],[815.6,354],[816.7,354],[817.4,354.7],[818.4,354.3],[819.1,353.6],[819.6,356],[821.6,356.2],[823.1,358.1],[820.7,361.2],[821.4,361.9],[819.9,363.3],[819,363.2],[818.6,364.4],[817.6,365.8],[816.8,366],[816.8,367.2],[813.4,371.6]]]}},{"type":"Feature","properties":{"GEOID":"4703","STATEFP":"47","CD":"03","st":"TN","label_x":816.6,"label_y":371.6},"geometry":{"type":"Polygon","coordinates":[[[808.4,368.5],[810.7,370.8],[811.8,370.8],[812,372.4],[810.4,375.5],[808.9,377.7],[808.3,379.9],[807.2,381.4],[806.6,381.3],[806.1,380],[805.2,378.8],[803.3,377.9],[802.2,378.1],[801.1,381.5],[798.8,385.8],[798.8,386.8],[799.5,387.1],[799.2,388.2],[797.6,389.8],[807.8,388.6],[813.8,387.8],[819.5,387.1],[819.4,381.5],[820.6,380.3],[821.1,380.9],[822.8,380.5],[823.8,379.9],[824.3,379.1],[823.9,378],[824.4,377.4],[824.1,376.5],[825,375.1],[825.2,374.7],[823.9,374],[824.1,373.2],[822.5,373.6],[822.1,372.8],[821.1,372.7],[820.1,372],[819.1,372.2],[818,371.4],[815,371.5],[814,372.2],[813.4,371.6],[816.8,367.2],[816.8,366],[817.6,365.8],[818.6,364.4],[819,363.2],[819.9,363.3],[821.4,361.9],[820.7,361.2],[823.1,358.1],[821.6,356.2],[819.6,356],[819.1,353.6],[818.4,354.3],[817.4,354.7],[816.7,354],[815.6,354],[814.9,353.3],[813.9,353.6],[813.1,354.6],[811.1,354.5],[809,355.1],[807.9,355.7],[806.9,357.2],[805.6,357.7],[804.9,359.8],[805.2,361],[805.9,361.4],[806.8,362.5],[809.1,364.4],[810.1,366.3],[809.4,367.6],[808.4,368.5]]]}},{"type":"Feature","properties":{"GEOID":"4704","STATEFP":"47","CD":"04","st":"TN","label_x":787.8,"label_y":379.4},"geometry":{"type":"Polygon","coordinates":[[[756.7,384.1],[757.1,389.7],[756.9,390.1],[757.1,392.1],[756.9,393.4],[760.4,393.1],[771.2,392.4],[780,391.5],[790.9,390.5],[795.1,390.1],[797.6,389.8],[799.2,388.2],[799.5,387.1],[798.8,386.8],[798.8,385.8],[801.1,381.5],[802.2,378.1],[803.3,377.9],[805.2,378.8],[806.1,380],[806.6,381.3],[807.2,381.4],[808.3,379.9],[808.9,377.7],[810.4,375.5],[812,372.4],[811.8,370.8],[810.7,370.8],[808.4,368.5],[806.7,369.8],[804,370.9],[803.7,370.4],[799.7,371],[799.6,372],[797,376],[796.4,376.5],[794.6,377.1],[793.7,375.2],[793.2,372.2],[792.6,371.8],[792.3,370.6],[790.1,370],[787.9,370.3],[787.1,371],[786,373.2],[786.2,374.8],[785,375.5],[783.2,375.2],[781.9,374.4],[782.1,372.9],[782.1,370.3],[782.3,368.4],[781.9,368.3],[779,368],[777.8,367.1],[775.1,365.6],[774.4,367.1],[773.5,367.9],[773.5,370.3],[774.1,371.6],[774,373.1],[773.1,373.2],[772.5,374.2],[772.6,375],[773.8,375.8],[773.8,380.2],[774,381.6],[775.3,384],[773.6,384.9],[772.7,386],[771.2,385.9],[771.1,385.2],[769.7,384.8],[769,382.8],[768.4,382.5],[767.2,382.7],[765.2,381.9],[763.2,382.7],[761.3,382.3],[759,382.4],[759,383.3],[756.7,384.1]]]}},{"type":"Feature","properties":{"GEOID":"4705","STATEFP":"47","CD":"05","st":"TN","label_x":770.6,"label_y":373.6},"geometry":{"type":"Polygon","coordinates":[[[770.7,365.8],[769.3,365.2],[768.1,365.5],[766.5,366.6],[765.4,367.1],[765.1,367.8],[765.5,369.2],[766.6,369.4],[767,370.3],[768.2,370.3],[768.1,369.5],[769.3,369.1],[770,369.3],[769.8,371.9],[769.1,372.2],[768.1,374],[767.4,374.2],[762.5,372.8],[762.5,375.8],[762.1,376.4],[761.1,376.8],[759.2,378.4],[758.4,378.7],[755.6,378.3],[754.7,379.3],[754.9,380.3],[754.3,380.7],[754.3,381.7],[755.2,382.4],[756.7,384.1],[759,383.3],[759,382.4],[761.3,382.3],[763.2,382.7],[765.2,381.9],[767.2,382.7],[768.4,382.5],[769,382.8],[769.7,384.8],[771.1,385.2],[771.2,385.9],[772.7,386],[773.6,384.9],[775.3,384],[774,381.6],[773.8,380.2],[773.8,375.8],[772.6,375],[772.5,374.2],[773.1,373.2],[774,373.1],[774.1,371.6],[773.5,370.3],[773.5,367.9],[774.4,367.1],[775.1,365.6],[777.8,367.1],[779,368],[781.9,368.3],[781.8,367.7],[781.1,366.2],[781.3,365],[779.4,362.9],[779,361.7],[776.6,361.5],[775.6,362.5],[774.6,361.9],[773,362.4],[772.6,364.1],[773.3,364.9],[773.2,366.1],[772.3,366.4],[770.7,365.8]]]}},{"type":"Feature","properties":{"GEOID":"4706","STATEFP":"47","CD":"06","st":"TN","label_x":794,"label_y":363.5},"geometry":{"type":"Polygon","coordinates":[[[773,353.1],[771.9,355.5],[771.7,357.1],[771,358.4],[770,358.7],[770.1,359.9],[769.7,360.6],[770.7,361.6],[770.3,362.5],[770,364.3],[771.1,364.5],[770.7,365.8],[772.3,366.4],[773.2,366.1],[773.3,364.9],[772.6,364.1],[773,362.4],[774.6,361.9],[775.6,362.5],[776.6,361.5],[779,361.7],[779.4,362.9],[781.3,365],[781.1,366.2],[781.8,367.7],[781.9,368.3],[782.3,368.4],[782.1,370.3],[782.1,372.9],[781.9,374.4],[783.2,375.2],[785,375.5],[786.2,374.8],[786,373.2],[787.1,371],[787.9,370.3],[790.1,370],[792.3,370.6],[792.6,371.8],[793.2,372.2],[793.7,375.2],[794.6,377.1],[796.4,376.5],[797,376],[799.6,372],[799.7,371],[803.7,370.4],[804,370.9],[806.7,369.8],[808.4,368.5],[809.4,367.6],[810.1,366.3],[809.1,364.4],[806.8,362.5],[805.9,361.4],[805.2,361],[804.9,359.8],[805.6,357.7],[806.9,357.2],[807.9,355.7],[809,355.1],[811.1,354.5],[813.1,354.6],[813.9,353.6],[814.9,353.3],[814.7,352.5],[815.1,351.4],[816.3,351.1],[816,349.3],[810.7,349.8],[805.1,350.3],[802.6,350.3],[798.5,350.6],[793.1,351.4],[786.7,352],[782.9,352.2],[777.3,352.3],[774,352.6],[773,353.1]]]}},{"type":"Feature","properties":{"GEOID":"4707","STATEFP":"47","CD":"07","st":"TN","label_x":753,"label_y":373.4},"geometry":{"type":"Polygon","coordinates":[[[745.4,358.9],[745.5,360.3],[746.9,362.1],[745.1,362.2],[744.9,363.4],[745.4,364.5],[744.9,365.5],[745.9,367],[745.5,367.5],[745.8,369.3],[744.3,369.7],[744.4,370.6],[743.4,371.3],[743.6,374.5],[744.4,374.5],[744.6,380.1],[743.8,382.1],[743.9,384.6],[745.1,385.4],[746.3,385.3],[747.4,384.4],[748.2,384.9],[748.6,385.9],[748.5,386.7],[749.2,387.2],[749.7,394],[756.9,393.4],[757.1,392.1],[756.9,390.1],[757.1,389.7],[756.7,384.1],[755.2,382.4],[754.3,381.7],[754.3,380.7],[754.9,380.3],[754.7,379.3],[755.6,378.3],[758.4,378.7],[759.2,378.4],[761.1,376.8],[762.1,376.4],[762.5,375.8],[762.5,372.8],[767.4,374.2],[768.1,374],[769.1,372.2],[769.8,371.9],[770,369.3],[769.3,369.1],[768.1,369.5],[768.2,370.3],[767,370.3],[766.6,369.4],[765.5,369.2],[765.1,367.8],[765.4,367.1],[766.5,366.6],[768.1,365.5],[769.3,365.2],[770.7,365.8],[771.1,364.5],[770,364.3],[770.3,362.5],[770.7,361.6],[769.7,360.6],[770.1,359.9],[770,358.7],[771,358.4],[771.7,357.1],[771.9,355.5],[773,353.1],[772.5,352.7],[762.7,353.9],[757.1,354.5],[748.9,355.4],[748.9,354.6],[744.8,354.6],[745.7,357.8],[745.4,358.9]]]}},{"type":"Feature","properties":{"GEOID":"4708","STATEFP":"47","CD":"08","st":"TN","label_x":729.5,"label_y":377.9},"geometry":{"type":"Polygon","coordinates":[[[714.8,373],[715.2,373.9],[716.4,374.6],[716.6,375.6],[716,375.9],[715.2,375.2],[714.3,375.6],[714.3,376.4],[715.7,376.8],[715.2,377.7],[713.8,378.1],[713.9,378.8],[713.2,379.2],[711.9,378.9],[710.9,379.8],[711,380.5],[712,381.5],[713,381.8],[711.3,382.8],[711.5,383.7],[712.1,384.2],[712.7,383],[715,381.4],[717.7,381.4],[716.9,383.6],[713.7,387.2],[714,388.1],[713.6,388.9],[713.6,390.3],[715.4,390],[713.3,392],[716.4,391.8],[717.1,392.1],[717.1,393.9],[715.6,394.2],[714,393.9],[713.3,393.3],[712.5,393.4],[712.4,394.1],[713.8,394.4],[714,395],[715.1,395.2],[715.8,395.9],[716.8,395.9],[716.8,396.7],[727.3,396],[736.4,395.3],[745.6,394.6],[745.5,394.3],[749.7,394],[749.2,387.2],[748.5,386.7],[748.6,385.9],[748.2,384.9],[747.4,384.4],[746.3,385.3],[745.1,385.4],[743.9,384.6],[743.8,382.1],[744.6,380.1],[744.4,374.5],[743.6,374.5],[743.4,371.3],[744.4,370.6],[744.3,369.7],[745.8,369.3],[745.5,367.5],[745.9,367],[744.9,365.5],[745.4,364.5],[744.9,363.4],[745.1,362.2],[746.9,362.1],[745.5,360.3],[745.4,358.9],[740.2,359.2],[725.5,360.3],[722.1,360.5],[719.9,360.8],[719.1,361.9],[718.6,360.9],[717.6,361],[718,361.4],[717.7,362.8],[718.4,363.9],[718,364.7],[716.5,364.8],[716.6,365.5],[718.1,366.4],[717.1,367.2],[715.1,367],[715.2,367.6],[716.9,368.8],[717.2,369.8],[715.6,371],[715.6,372.1],[714.8,373]]]}},{"type":"Feature","properties":{"GEOID":"4709","STATEFP":"47","CD":"09","st":"TN","label_x":711.2,"label_y":389.4},"geometry":{"type":"Polygon","coordinates":[[[712.1,384.2],[711.2,384.5],[710.6,383.7],[709.6,384.1],[709.5,384.8],[710.5,386.8],[709.7,387.3],[709.2,386],[708.5,385.8],[708.1,386.7],[709.1,388],[708.7,389.9],[707.8,390],[707.9,391.1],[709,391.2],[709.4,391.8],[709,393.1],[709.7,393.4],[709.5,394.2],[708.3,394],[707.7,394.5],[707.7,395.9],[707.2,396.6],[705.5,396.4],[705.3,397.4],[716.8,396.7],[716.8,395.9],[715.8,395.9],[715.1,395.2],[714,395],[713.8,394.4],[712.4,394.1],[712.5,393.4],[713.3,393.3],[714,393.9],[715.6,394.2],[717.1,393.9],[717.1,392.1],[716.4,391.8],[713.3,392],[715.4,390],[713.6,390.3],[713.6,388.9],[714,388.1],[713.7,387.2],[716.9,383.6],[717.7,381.4],[715,381.4],[712.7,383],[712.1,384.2]]]}},{"type":"Feature","properties":{"GEOID":"4801","STATEFP":"48","CD":"01","st":"TX","label_x":620.7,"label_y":462.1},"geometry":{"type":"Polygon","coordinates":[[[610,448.7],[612.6,448.7],[613,450.1],[621.5,450],[621.9,452],[622,455.9],[620.1,455.8],[619.6,454.6],[617.9,453.1],[617.9,451],[615.9,451.1],[615.3,452.2],[615.6,453.9],[615,454.9],[613.1,455.8],[613.1,458],[612.9,458.6],[611.4,458.2],[609.6,457.2],[608.6,457.3],[606.8,457.2],[604.4,455.3],[604.4,460.2],[605.2,460.9],[607.3,463.3],[607.3,464.4],[606.6,466.2],[607,466.7],[606.7,467.9],[607.1,468.3],[616.5,468.1],[616.6,475],[617.5,475],[627.2,474.9],[627.6,475.4],[628,478.2],[628.5,479.7],[629,479.8],[630.2,481.3],[630.4,482.7],[630,483.5],[630.3,485],[629.9,485.3],[630.2,487.5],[629.7,489],[630.8,490],[632.1,490.6],[632.7,491.5],[634,492.4],[635.7,491.9],[635.8,491.5],[638.4,490.9],[644.6,490.3],[644.2,489],[642.8,487.2],[643.1,486.5],[643.1,485.3],[642.6,484.1],[641.4,483.5],[641.9,483],[641.5,482.1],[640.8,482.2],[640,481.4],[639.6,480.5],[640,479.7],[639.8,478.9],[640.4,478],[639.6,476.9],[639.8,476.3],[638.7,475.2],[638.3,473.5],[636.7,472.9],[635.8,471.3],[635.3,471.1],[635,454.8],[634.8,447.1],[634.5,434.5],[633.8,433.9],[632.5,434.2],[631.8,433.5],[631.2,434.3],[631.2,435.8],[632,436.9],[631.4,438],[630.4,438.3],[627.3,437.7],[627.6,436.5],[626.3,436.5],[623.5,435.5],[622.6,435.4],[621.2,434.7],[617,433.9],[615.3,433.4],[613.6,433.3],[612,432.8],[610.5,432.1],[609.8,432.2],[609.9,440.8],[610,448.7]]]}},{"type":"Feature","properties":{"GEOID":"4802","STATEFP":"48","CD":"02","st":"TX","label_x":611,"label_y":516.5},"geometry":{"type":"Polygon","coordinates":[[[613.3,510.4],[612.1,510.8],[610.2,510.7],[610.6,513.1],[608.6,511.3],[607.4,512],[607.4,513],[605.1,513.5],[604.5,514.5],[604.6,515.4],[606.4,515.3],[606.7,517.6],[606.1,518.1],[606.6,518.8],[607.3,517.7],[608.9,517.6],[610.7,518.1],[611.3,518.5],[612.4,518.5],[612.8,519.8],[612.7,521.1],[613,521.5],[613.9,522.1],[613.8,523.8],[615.4,523.3],[616.7,523.7],[616.7,522.2],[616.2,522.2],[616.1,519.9],[617.1,519.1],[616.1,518.6],[613.3,510.4]]]}},{"type":"Feature","properties":{"GEOID":"4803","STATEFP":"48","CD":"03","st":"TX","label_x":590.5,"label_y":443.5},"geometry":{"type":"Polygon","coordinates":[[[586.2,448.3],[590.5,448.3],[591,449.9],[593.8,450],[596.4,449.6],[597,449.9],[597.4,448.4],[599.1,448.4],[599.1,438.2],[588.8,439.8],[588.8,438.5],[582.1,438.3],[583,441],[580.8,440.9],[580.5,442.7],[582,442.7],[582,444.3],[580.6,444.2],[580.6,445.5],[581.2,445.5],[581.2,446.6],[580.2,446.3],[580.1,447.2],[580.9,447.5],[581.9,447.2],[581.9,446],[582.9,446.1],[583,446.8],[584.3,448.2],[586.2,448.3]]]}},{"type":"Feature","properties":{"GEOID":"4804","STATEFP":"48","CD":"04","st":"TX","label_x":604.5,"label_y":439.2},"geometry":{"type":"Polygon","coordinates":[[[578,425.4],[577.9,438],[580.1,438.3],[579.9,442.6],[579,442.6],[579.1,444],[579.9,444.2],[579.8,447.6],[579.8,448.1],[581.5,448.2],[582.3,447.7],[583,446.8],[582.9,446.1],[581.9,446],[581.9,447.2],[580.9,447.5],[580.1,447.2],[580.2,446.3],[581.2,446.6],[581.2,445.5],[580.6,445.5],[580.6,444.2],[582,444.3],[582,442.7],[580.5,442.7],[580.8,440.9],[583,441],[582.1,438.3],[588.8,438.5],[588.8,439.8],[599.1,438.2],[599.1,448.4],[597.4,448.4],[597,449.9],[596.4,449.6],[593.8,450],[591,449.9],[590.5,448.3],[586.2,448.3],[586.1,452.3],[590.5,452.3],[590.5,451.6],[597.7,451.7],[598,452.4],[599.4,453.3],[600.4,453.2],[603.5,454.4],[602.9,448.8],[610,448.7],[609.9,440.8],[609.8,432.2],[610.5,432.1],[612,432.8],[613.6,433.3],[615.3,433.4],[617,433.9],[621.2,434.7],[622.6,435.4],[623.5,435.5],[626.3,436.5],[627.6,436.5],[627.3,437.7],[630.4,438.3],[631.4,438],[632,436.9],[631.2,435.8],[631.2,434.3],[630.3,433.8],[627.8,434.7],[627,433.7],[626.6,432.7],[625.9,432.6],[624.6,432.8],[624,431.7],[621,431.4],[620.7,430.6],[618.3,430.1],[615.9,427.7],[614.9,427.4],[614.6,426.5],[611.6,425.1],[610.9,425.7],[610.9,426.7],[610.4,427.1],[608.8,427.4],[607.2,427.4],[605.4,427.1],[605,425.9],[604.2,425.6],[603.6,426.4],[603,426.4],[601.2,427.5],[600.2,427.5],[599.4,428.1],[597.8,427],[597.5,427.5],[595.4,428.1],[594.4,427.9],[593.5,428.1],[592.9,429.9],[591.9,430.2],[590.6,429.8],[590.3,431.1],[589.8,431.6],[588.1,429.5],[586.6,429.6],[586.1,428.5],[585.2,428.5],[584.2,428],[584.8,427.2],[583.3,426.3],[582.9,427.8],[581.6,428.4],[580.9,427.3],[580.2,427.2],[579.5,427.7],[579,426.6],[578.9,425.8],[578.2,425.3],[578,425.4]]]}},{"type":"Feature","properties":{"GEOID":"4805","STATEFP":"48","CD":"05","st":"TX","label_x":595.4,"label_y":459.6},"geometry":{"type":"Polygon","coordinates":[[[584.3,448.2],[583.3,449],[583.4,451.8],[583.1,452.6],[584.9,453.9],[585,454.9],[584.7,457.2],[585.3,458.4],[585.9,458.6],[586.4,459.1],[586.3,460.1],[586.9,461.2],[587.7,461.8],[587.4,463],[587.9,463.6],[588.6,463.6],[590.5,464.5],[590.7,465.3],[591.8,465.9],[593.5,467.9],[594.1,467.8],[594,469.3],[595.1,469.5],[595.3,471.4],[600.5,470.6],[607.7,469.5],[607.1,468.3],[606.7,467.9],[607,466.7],[606.6,466.2],[607.3,464.4],[607.3,463.3],[605.2,460.9],[604.4,460.2],[604.4,455.3],[606.8,457.2],[608.6,457.3],[609.6,457.2],[611.4,458.2],[612.9,458.6],[613.1,458],[613.1,455.8],[615,454.9],[615.6,453.9],[615.3,452.2],[615.9,451.1],[617.9,451],[617.9,453.1],[619.6,454.6],[620.1,455.8],[622,455.9],[621.9,452],[621.5,450],[613,450.1],[612.6,448.7],[610,448.7],[602.9,448.8],[603.5,454.4],[600.4,453.2],[599.4,453.3],[598,452.4],[597.7,451.7],[590.5,451.6],[590.5,452.3],[586.1,452.3],[586.2,448.3],[584.3,448.2]]]}},{"type":"Feature","properties":{"GEOID":"4806","STATEFP":"48","CD":"06","st":"TX","label_x":580,"label_y":467.5},"geometry":{"type":"Polygon","coordinates":[[[567.1,467.2],[566.6,468.2],[567.1,469.2],[566.7,469.9],[566.8,470.9],[568.1,471.1],[568.9,471.9],[567.7,472.9],[568.5,473.4],[569.9,475.1],[570.9,475.3],[569.9,476.3],[570.9,477.3],[575.7,474.6],[577.7,478.3],[582,475.8],[586.5,476.3],[586.8,476.9],[588,476.6],[589.7,477.6],[589.9,478.8],[590.7,479.9],[591.4,479.7],[595.3,479.9],[596.1,480.4],[597.3,479.7],[597.3,479.3],[600.4,480.2],[601,481],[601.6,479.7],[602.2,480.6],[602,482],[601.3,482.1],[601.6,483.2],[603.4,482.6],[603.3,482.3],[610.9,481],[612.2,481.6],[612.8,481.2],[613.5,482.3],[614.4,482.8],[614.4,483.9],[616.3,484.9],[619.1,482.5],[618.1,481.5],[617.3,479.8],[616.9,477.5],[617.5,476.8],[617.2,476.2],[617.5,475],[616.6,475],[616.5,468.1],[607.1,468.3],[607.7,469.5],[600.5,470.6],[595.3,471.4],[595.1,469.5],[594,469.3],[594.1,467.8],[593.5,467.9],[591.8,465.9],[590.7,465.3],[590.5,464.5],[588.6,463.6],[587.9,463.6],[587.4,463],[587.7,461.8],[586.9,461.2],[586.3,460.1],[586.4,459.1],[585.9,458.6],[575.6,458.4],[575,455.1],[575.4,454],[576.7,453.9],[576.8,453],[578.1,453],[578.9,451.3],[578.4,450.3],[577.5,450.3],[577.2,451.2],[576,453],[574.7,453.9],[574.4,454.7],[575.1,456.3],[573.8,456.9],[573.1,458.4],[572,458.3],[571.4,459.3],[571.8,460.2],[570.8,460.6],[570.6,462.9],[571.2,463.9],[570.6,464.3],[571.2,466],[567.1,467],[567.1,467.2]]]}},{"type":"Feature","properties":{"GEOID":"4807","STATEFP":"48","CD":"07","st":"TX","label_x":603.1,"label_y":526.3},"geometry":{"type":"Polygon","coordinates":[[[602.7,525.3],[601,525.6],[602.4,527.1],[601.4,528.9],[602.5,529.4],[602.7,528.8],[603.8,528.8],[603.8,526.9],[604.6,526.5],[604.5,525.9],[606.7,525.3],[606.7,526.1],[608.4,525.6],[608.8,525],[608.4,523.6],[607.5,523.7],[608.4,524.6],[606.6,524.7],[605,524],[604.2,524.1],[602.7,525.3]]]}},{"type":"Feature","properties":{"GEOID":"4808","STATEFP":"48","CD":"08","st":"TX","label_x":608.4,"label_y":508.7},"geometry":{"type":"Polygon","coordinates":[[[599.7,503.1],[600.3,510.6],[600.4,516.4],[599.7,516.6],[597.2,514.7],[599.8,523.2],[601.4,522.9],[601.8,523.6],[603.6,523.6],[603.5,521.3],[604.1,520.5],[602.5,519.2],[601.1,519.8],[600.8,518.5],[600.8,517],[601.4,516.4],[603.4,516],[604.6,515.4],[604.5,514.5],[605.1,513.5],[607.4,513],[607.4,512],[608.6,511.3],[610.6,513.1],[610.2,510.7],[612.1,510.8],[613.3,510.4],[620.1,506.9],[621.2,506.9],[626,506.8],[623.4,494.6],[625.3,493.5],[624.1,492.8],[623.4,492.9],[621.7,492.4],[619.7,491.5],[617.7,494],[612.5,499.1],[611.9,498.7],[611.9,497.7],[611.4,497.2],[610.2,497.4],[609.9,498.3],[609.7,501.2],[608.4,501.4],[607.9,501.9],[606.2,502],[605.2,502.4],[604.2,502.1],[601.4,502.5],[599.7,503.1]]]}},{"type":"Feature","properties":{"GEOID":"4809","STATEFP":"48","CD":"09","st":"TX","label_x":607.9,"label_y":527.4},"geometry":{"type":"Polygon","coordinates":[[[608.8,525],[608.4,525.6],[606.7,526.1],[606.7,525.3],[604.5,525.9],[604.6,526.5],[604.9,528.4],[605.8,528.3],[606.1,530],[608.4,530.3],[609.3,529.7],[610.1,529.5],[609.7,528.6],[610.8,528],[611.4,526.9],[610.9,525.6],[610.1,525.7],[608.9,525.7],[608.8,525]]]}},{"type":"Feature","properties":{"GEOID":"4810","STATEFP":"48","CD":"10","st":"TX","label_x":583.8,"label_y":514.2},"geometry":{"type":"Polygon","coordinates":[[[553.2,508.1],[552.2,509.7],[555.5,512.5],[557.6,511],[557.8,510.2],[560.3,510.6],[560,509.6],[558.8,508.9],[558.2,509.5],[557.7,508.3],[558.7,508],[559.8,506.8],[560.7,506.5],[561.5,507.5],[563.5,508.4],[563.9,508.2],[565.6,509],[566.1,510.4],[564.8,512.3],[566,513.3],[566.2,513.9],[568.2,514.5],[569.4,516.1],[570.1,515.9],[572.6,517.6],[572.5,519.1],[572,520.8],[569.4,523.4],[573.2,526.8],[572.9,527.2],[578.6,527.1],[579.3,528.4],[580.1,528.4],[584.8,534.1],[582.8,535.8],[583.2,536.2],[589.2,532.5],[590.1,530],[592.8,527.2],[594.1,527.4],[594.5,527.9],[595.9,527.9],[596.1,525.9],[595.7,525],[597,524.9],[599.9,523.5],[599.8,523.2],[597.2,514.7],[599.7,516.6],[600.4,516.4],[600.3,510.6],[599.7,503.1],[599.1,498.3],[600.7,497.9],[602.2,497.2],[603.3,497.5],[603.6,496.8],[602.8,495.3],[603.7,494.2],[603.3,493.2],[601.9,493.2],[601.1,492.8],[596.9,492.9],[595.4,493.5],[592.9,495.2],[591.1,495.9],[589.6,496.9],[588.5,498.2],[587.1,501],[584.9,502.2],[583.8,501.4],[572.9,507.7],[569.3,508.9],[568.6,508.5],[568,509.6],[566.7,509.4],[565.8,508.8],[565.5,508],[564,507.4],[563.6,507.9],[562.6,507.6],[562.2,506.2],[561,506],[559.6,506.4],[558.9,507],[558.1,505.1],[556.8,503.4],[556.1,503.8],[554.9,503.5],[553.3,506.6],[553.8,507.1],[553.2,508.1]]]}},{"type":"Feature","properties":{"GEOID":"4811","STATEFP":"48","CD":"11","st":"TX","label_x":522.6,"label_y":487.5},"geometry":{"type":"Polygon","coordinates":[[[461.3,464.6],[460.6,474.8],[469.9,475.5],[481,476.2],[491.1,476.8],[490.2,490.2],[502,490.7],[513.6,491.2],[513.2,500.1],[512.7,509.9],[520.1,510.2],[529.3,510.7],[529.4,505.7],[535.5,505.9],[540.6,506],[547.5,506.1],[548.7,506.6],[548.7,504.9],[547.8,503.9],[547.4,502.8],[547.5,501.5],[548.4,500.4],[547.3,500.2],[548,498.1],[547,497.5],[547.2,493.7],[557.9,493.8],[559.5,497],[561.5,497.4],[562.1,495.3],[562.9,495],[563.5,493.6],[562.6,492.8],[563.1,491.8],[562.2,491.4],[561.1,492.1],[560.1,491.8],[558,493],[552.7,483.6],[550.8,484.7],[547.1,478.3],[546.6,477.4],[543.1,477.8],[538.2,468.8],[524.2,468.2],[510.4,467.6],[504.4,467.3],[497.1,466.8],[485.9,466.2],[477.8,465.7],[461.3,464.6]]]}},{"type":"Feature","properties":{"GEOID":"4812","STATEFP":"48","CD":"12","st":"TX","label_x":559.6,"label_y":452.8},"geometry":{"type":"Polygon","coordinates":[[[558.6,447.5],[556,447.4],[555.6,456],[556.9,454.9],[559.2,454],[561.2,454.3],[562.6,455.1],[563.1,455.7],[564.5,456.4],[565,456.1],[564.9,454.7],[563.8,454.9],[563.5,454.1],[563.4,452.7],[565.9,452.9],[565.7,458.1],[569.4,458.3],[569.7,456.8],[569.7,455.6],[569.3,455.2],[570.6,453.2],[569.4,453.2],[568.8,452],[569.8,451.4],[570.9,452.2],[571.6,453.2],[573.2,452.6],[572,451.5],[571.2,451.5],[571,450],[570.4,450],[570.6,448.3],[570.3,447.9],[558.6,447.5]]]}},{"type":"Feature","properties":{"GEOID":"4813","STATEFP":"48","CD":"13","st":"TX","label_x":498.6,"label_y":402.7},"geometry":{"type":"Polygon","coordinates":[[[465,360.2],[464.2,360.2],[463.5,370.7],[462.7,380.9],[461.9,391.3],[461.1,401.6],[474,402.5],[481.2,402.9],[491.3,403.6],[490.7,413.8],[499,414.3],[498.5,422.7],[497.9,435.9],[513.1,436.6],[518.3,436.9],[529.2,437.3],[538.6,437.6],[542.6,437.8],[549,437.9],[549.1,436.3],[557.7,436.5],[557.7,437.3],[558.9,437.3],[558.7,445.2],[559.8,444.8],[560.5,443.2],[561.5,442.4],[562.2,442.7],[562.8,442.2],[565.6,442],[569.1,441.9],[569.1,442.5],[573.6,442.6],[574.3,443.6],[575,443.9],[576.4,443.6],[576,441.7],[574.6,441],[574.1,440.1],[572.9,440.1],[572.6,439.5],[572.5,437.7],[567.3,437.4],[567.5,426],[566.2,426.4],[565.3,425.9],[565.5,425.1],[563.9,424.2],[562.7,425.5],[560.1,427.5],[558.1,426.7],[558.6,424.2],[558.1,423.7],[557.2,424],[556,423.8],[556,422.8],[555.3,421.8],[555.9,420.9],[555.5,420.2],[554.3,421.1],[553.1,420.6],[551.8,420.5],[550.6,420],[550,420.6],[549.6,421.6],[548.2,422.2],[546,419.8],[545.1,419.7],[544.2,420.4],[542.8,420.3],[542.1,419.8],[539.8,419.1],[539.3,418.4],[538.3,418.2],[537.5,418.6],[534.7,418.2],[534.4,415.2],[532.8,413.3],[531.2,412.3],[530.8,414.1],[528.8,413.3],[527.3,413.1],[526.9,414.1],[525,413.9],[523.9,412.9],[521.5,409.7],[520.4,409],[519.3,409.4],[519.8,398.3],[520.1,391.9],[520.5,381.3],[520.8,374.3],[521.3,363.5],[511.5,363.1],[500.9,362.5],[487,361.7],[473.1,360.8],[465,360.2]]]}},{"type":"Feature","properties":{"GEOID":"4814","STATEFP":"48","CD":"14","st":"TX","label_x":607.5,"label_y":537.5},"geometry":{"type":"MultiPolygon","coordinates":[[[[627.7,528.7],[627.1,529.8],[625.9,529.4],[625,530.5],[623.5,530.7],[623,531.6],[621.7,532.7],[622.4,533.2],[622.9,532.4],[624.5,531.2],[627.3,529.8],[635.4,526.1],[637.3,525.6],[640.6,525.6],[640.6,525.3],[639.3,523.5],[638.8,522.4],[640.2,521.3],[640.9,519.9],[641.5,518.3],[642.8,516.8],[642.7,515.8],[643.3,514.4],[642.8,513.1],[643,512.3],[634.6,512.5],[634.8,514.7],[635.6,515.4],[634.8,516.3],[634.1,516],[632.8,516.4],[633.3,517.7],[633,518.6],[632.1,520],[631.7,519.9],[630.6,520.9],[629.9,520.9],[630.1,527.4],[629,527.7],[628.7,528.5],[627.7,528.7]]],[[[614.5,539.8],[621.2,535.2],[621.1,534.6],[619.5,535.1],[618.1,536.7],[615,539.2],[614.5,539.8]]],[[[612.4,528.9],[612.1,531],[613,532.5],[611.3,532.7],[609.5,533.7],[608.2,533.7],[607.6,534.4],[606,534.1],[603.9,535.1],[601.4,534.4],[600.5,534.8],[599,536.6],[599.6,537.2],[599.6,539.7],[600.4,539.9],[601,541],[601.2,542.8],[602.6,542.7],[603.5,543.1],[603.8,544.3],[605.1,545.3],[605.3,546],[606.6,546.1],[608,545.3],[609.1,545],[610.9,543.4],[611.8,542.5],[614.4,540.3],[613.5,539.1],[613.9,537.7],[615,537.8],[616.2,537],[617.5,535.3],[619.7,533.3],[619.1,531.7],[617.9,530.9],[618.7,530.3],[617,529.7],[616.5,529.1],[615.6,528.8],[614.7,530],[613.5,530.3],[612.4,528.9]]]]}},{"type":"Feature","properties":{"GEOID":"4815","STATEFP":"48","CD":"15","st":"TX","label_x":553.5,"label_y":566.4},"geometry":{"type":"Polygon","coordinates":[[[553.6,525.5],[553.9,525.9],[554.9,528.3],[553.9,528.9],[554.4,530.2],[553.8,531.3],[552.5,531.2],[546.7,538.7],[551.2,544.4],[552.9,546.5],[547.9,550.5],[547.6,563.5],[549.7,563.5],[549.4,576.5],[549.3,582.1],[542.9,581.9],[543.8,582.6],[543.8,584.8],[544.3,584.8],[544.3,586.8],[545.3,586.8],[545,593.1],[547.2,593.2],[544.8,598.2],[541.2,605.3],[543,606.5],[543.9,606.1],[545.5,607.8],[546.5,607.9],[546.8,608.7],[547.9,608.8],[548.3,609.8],[549.9,609.8],[550.7,610.1],[552,610],[552.3,607.9],[551.4,606.8],[550.8,607.5],[550.5,608.8],[549.8,608.7],[550.5,604.5],[551.6,604.7],[553.5,604.7],[553.5,603.8],[555.1,604.1],[555.3,603.3],[556.7,603.5],[556.7,601.6],[553.7,601.1],[554.2,599.1],[554.8,597.4],[554.2,597.3],[554.5,582.2],[553,582.2],[553.2,573.5],[555.6,573.5],[555.9,570.2],[555.9,567.7],[558.8,565.2],[558.7,564.1],[557.4,564.1],[556.8,563.6],[556.6,562.4],[558.7,560.8],[553.1,549.4],[556.7,548.2],[557.3,548.8],[559.5,549.5],[563.8,546.1],[560.1,541.5],[563.1,539.2],[558.2,533.4],[562.9,526.5],[560.8,525.5],[560,524.1],[558.7,522.9],[558.8,522.2],[558.1,521.5],[556.6,522.7],[555.5,523.9],[553.6,525.5]]]}},{"type":"Feature","properties":{"GEOID":"4816","STATEFP":"48","CD":"16","st":"TX","label_x":389.2,"label_y":464.6},"geometry":{"type":"Polygon","coordinates":[[[387.5,459.9],[385.5,459.7],[384.8,462.8],[385.8,464.2],[386.7,465],[387.4,465.9],[388.2,465.6],[389.5,466.5],[390.2,468],[390.7,467.9],[391.8,469.6],[393.2,469.1],[393.1,467.4],[393.3,464.9],[390.9,464.2],[389,464.2],[389.1,463.6],[390.2,462],[388.8,461.6],[387.6,461.9],[387.5,459.9]]]}},{"type":"Feature","properties":{"GEOID":"4817","STATEFP":"48","CD":"17","st":"TX","label_x":596.1,"label_y":491.9},"geometry":{"type":"Polygon","coordinates":[[[562.2,506.2],[562.6,507.6],[563.6,507.9],[564,507.4],[565.5,508],[565.8,508.8],[566.7,509.4],[568,509.6],[568.6,508.5],[569.3,508.9],[572.9,507.7],[583.8,501.4],[584.9,502.2],[587.1,501],[588.5,498.2],[589.6,496.9],[591.1,495.9],[592.9,495.2],[595.4,493.5],[596.9,492.9],[601.1,492.8],[601.9,493.2],[603.3,493.2],[603.7,494.2],[602.8,495.3],[603.6,496.8],[603.3,497.5],[602.2,497.2],[600.7,497.9],[599.1,498.3],[599.7,503.1],[601.4,502.5],[604.2,502.1],[605.2,502.4],[606.2,502],[607.9,501.9],[608.4,501.4],[609.7,501.2],[609.9,498.3],[610.2,497.4],[611.4,497.2],[611.9,497.7],[611.9,498.7],[612.5,499.1],[617.7,494],[619.7,491.5],[621.7,492.4],[623.4,492.9],[624.1,492.8],[625.3,493.5],[627.4,494],[634,492.4],[632.7,491.5],[632.1,490.6],[630.8,490],[629.7,489],[630.2,487.5],[629.9,485.3],[630.3,485],[630,483.5],[630.4,482.7],[630.2,481.3],[629,479.8],[628.5,479.7],[628,478.2],[627.6,475.4],[627.2,474.9],[617.5,475],[617.2,476.2],[617.5,476.8],[616.9,477.5],[617.3,479.8],[618.1,481.5],[619.1,482.5],[616.3,484.9],[614.4,483.9],[614.4,482.8],[613.5,482.3],[612.8,481.2],[612.2,481.6],[610.9,481],[603.3,482.3],[603.4,482.6],[601.6,483.2],[601.3,482.1],[602,482],[602.2,480.6],[601.6,479.7],[601,481],[600.4,480.2],[597.3,479.3],[597.3,479.7],[596.1,480.4],[595.3,479.9],[591.4,479.7],[590.7,479.9],[589.9,478.8],[589.7,477.6],[588,476.6],[586.8,476.9],[586.5,476.3],[582,475.8],[577.7,478.3],[575.7,474.6],[570.9,477.3],[564.3,480.9],[567.9,487.3],[569.4,489.1],[570.7,488.3],[574.8,495.3],[571,497.5],[569.8,500.7],[570.7,501.1],[571.7,504.1],[568.8,504.8],[568.4,505.4],[567.5,505.9],[566.3,505.3],[565.4,505.5],[565.2,506.2],[563.2,506.3],[562.2,506.2]]]}},{"type":"Feature","properties":{"GEOID":"4818","STATEFP":"48","CD":"18","st":"TX","label_x":607.1,"label_y":521.9},"geometry":{"type":"Polygon","coordinates":[[[606.6,518.8],[604.8,520.1],[606.1,520.3],[605.9,522.5],[606.3,523.2],[607.5,523.7],[608.4,523.6],[608.8,525],[608.9,525.7],[610.1,525.7],[609.8,524.6],[611.1,523.1],[612.1,522.6],[611.8,520.4],[610.5,521.1],[609.7,523.5],[608.9,522.4],[608.4,522.3],[608.2,521.2],[607,520.6],[607.3,519.4],[608.7,519.8],[610.7,519.9],[612.7,520.3],[612.7,521.1],[613,521.5],[612.7,521.1],[612.8,519.8],[612.4,518.5],[611.3,518.5],[610.7,518.1],[608.9,517.6],[607.3,517.7],[606.6,518.8]]]}},{"type":"Feature","properties":{"GEOID":"4819","STATEFP":"48","CD":"19","st":"TX","label_x":478.2,"label_y":434.8},"geometry":{"type":"Polygon","coordinates":[[[461.1,401.6],[460.5,410.3],[459.8,419.1],[458.5,433.6],[457.6,442.7],[457.2,449.2],[456.1,464.2],[461.3,464.6],[477.8,465.7],[485.9,466.2],[497.1,466.8],[504.4,467.3],[510.4,467.6],[524.2,468.2],[524.5,459.8],[528,460.7],[528,459.5],[529.2,458.1],[535.2,458.4],[535.5,447.9],[538.3,448],[538.6,437.6],[529.2,437.3],[518.3,436.9],[513.1,436.6],[497.9,435.9],[498.5,422.7],[499,414.3],[490.7,413.8],[491.3,403.6],[481.2,402.9],[474,402.5],[461.1,401.6]]]}},{"type":"Feature","properties":{"GEOID":"4820","STATEFP":"48","CD":"20","st":"TX","label_x":542.3,"label_y":530.2},"geometry":{"type":"Polygon","coordinates":[[[544,528.5],[542.9,526.7],[541.7,528.3],[541.6,529.1],[540,528.6],[539.3,529.8],[539.8,530.4],[540.5,532.4],[542.9,531.7],[544,532.3],[543.4,532.9],[542.7,532.4],[542,532.8],[542.7,533.9],[544.9,533.9],[545.2,532.1],[544.2,531.9],[544.2,530.6],[545.3,530],[545.5,529.2],[544.4,529.2],[544,528.5]]]}},{"type":"Feature","properties":{"GEOID":"4821","STATEFP":"48","CD":"21","st":"TX","label_x":536.4,"label_y":518},"geometry":{"type":"Polygon","coordinates":[[[520.1,510.2],[519.8,515.3],[516.5,515.2],[515.5,514.9],[515,516.3],[514.7,519.3],[514,520.6],[514.3,521.7],[513.6,524],[514.1,525.7],[526.8,526.1],[535.2,526.4],[535.2,527.8],[536.4,527.9],[539.5,524.3],[540.3,524.4],[541.9,523.7],[543.1,523.9],[544.3,523.7],[546.4,524.2],[546,526.1],[545.3,525.8],[545,527.1],[544,528.5],[544.4,529.2],[545.5,529.2],[545.3,530],[545.6,531],[546.8,530.7],[546.6,528.8],[548.2,528],[548.7,527.5],[550.3,526.6],[552.3,525.9],[553.4,525.2],[556.1,521.6],[557.1,520.6],[558.1,519],[558,517.1],[559.4,515.9],[557.1,513.9],[557.4,513.4],[559.2,511.9],[558.4,511.1],[557.6,511],[555.5,512.5],[552.2,509.7],[553.2,508.1],[548.7,506.6],[547.5,506.1],[540.6,506],[535.5,505.9],[529.4,505.7],[529.3,510.7],[520.1,510.2]]]}},{"type":"Feature","properties":{"GEOID":"4822","STATEFP":"48","CD":"22","st":"TX","label_x":592.5,"label_y":538.5},"geometry":{"type":"Polygon","coordinates":[[[583.2,536.2],[590,542.9],[589.7,550.4],[588.5,556.3],[590.7,554.6],[594.6,552.4],[598.6,550.7],[601.1,549.4],[606.6,546.1],[605.3,546],[605.1,545.3],[603.8,544.3],[603.5,543.1],[602.6,542.7],[601.2,542.8],[601,541],[600.4,539.9],[599.6,539.7],[599.6,537.2],[599,536.6],[600.5,534.8],[601.4,534.4],[603.9,535.1],[606,534.1],[607.6,534.4],[608.2,533.7],[609.5,533.7],[611.3,532.7],[613,532.5],[612.1,531],[612.4,528.9],[611.7,529],[611.5,528.1],[610.8,528],[609.7,528.6],[610.1,529.5],[609.3,529.7],[608.4,530.3],[606.1,530],[605.8,528.3],[604.9,528.4],[604.6,526.5],[603.8,526.9],[603.8,528.8],[602.7,528.8],[602.5,529.4],[601.4,528.9],[602.4,527.1],[601,525.6],[602.7,525.3],[601.9,524.8],[601.8,523.6],[601.4,522.9],[599.8,523.2],[599.9,523.5],[597,524.9],[595.7,525],[596.1,525.9],[595.9,527.9],[594.5,527.9],[594.1,527.4],[592.8,527.2],[590.1,530],[589.2,532.5],[583.2,536.2]]]}},{"type":"Feature","properties":{"GEOID":"4823","STATEFP":"48","CD":"23","st":"TX","label_x":469.7,"label_y":511.8},"geometry":{"type":"Polygon","coordinates":[[[387.5,459.9],[387.6,461.9],[388.8,461.6],[390.2,462],[389.1,463.6],[389,464.2],[390.9,464.2],[393.3,464.9],[393.1,467.4],[393.2,469.1],[391.8,469.6],[390.7,467.9],[390.2,468],[390.7,469.1],[391,470.7],[391.7,471.3],[392.1,472.7],[393.6,474.2],[394.7,475],[396.1,475.3],[397.1,476],[397.4,477.3],[398.6,478],[400.2,481],[402.6,482.5],[403.3,483.3],[404.1,485.6],[405.2,486.3],[405.4,486.9],[406.8,488],[407,489.2],[409,490],[409.6,490.8],[410.5,490.6],[411.5,491.9],[412.3,492.1],[412.7,492.9],[413.6,493.9],[414.4,493.8],[415,495.7],[416.4,496.7],[416.8,498.2],[416.8,501],[417.7,501.8],[418.6,503.3],[419.8,506.3],[419.5,507.3],[419.6,508.6],[419.1,509.3],[419.5,511],[419.5,512.6],[420.6,514.2],[421.7,516.8],[421.7,518.3],[422.1,519.2],[424.4,521],[425.5,522.3],[427.1,522.6],[428.1,523.5],[428.7,525.5],[429.9,526.1],[430.4,526.9],[431.6,527.8],[433.6,528.6],[436.4,529.2],[437.5,531.3],[437.8,531.3],[440.1,532.3],[440.9,532.2],[443.5,535.2],[446.5,536.4],[448.8,537.1],[450,535.9],[450.5,534.6],[451.4,534.3],[452.3,532.6],[454.9,531.9],[454.4,530.7],[455.1,528.6],[455.9,528.6],[456.2,527.7],[456.2,526.6],[456.8,524.8],[458.3,523.1],[458.3,522.3],[459.2,521.4],[459.5,520.3],[462,519.6],[462.5,519.9],[463.8,519.1],[465.4,519.7],[465.8,519.3],[466.9,517.3],[467.7,517.2],[469.3,518.1],[469.9,518],[470.5,518.8],[472.2,519.6],[474.2,519.1],[476.1,519.7],[477.8,519.6],[479.6,520.6],[480.9,520.9],[482.6,520],[483.3,520],[483.9,520.8],[484.9,521.2],[485.8,520.8],[485.9,522.1],[486.4,523],[487.8,524],[487.5,525.3],[489,525.8],[488.5,526.5],[490.3,527.1],[490.7,528],[492.5,528.5],[493.6,530.8],[494.7,531.2],[495.9,532.2],[496,532.9],[497.7,533.7],[498.8,536.3],[500,537.3],[500.5,540],[500.3,541],[502.3,543.9],[502.5,545],[503.1,545.9],[503.2,547.8],[504.2,548.3],[504.2,549],[505.1,549.6],[504.8,550.4],[506.3,553.3],[506,553.9],[507.1,556],[507,556.8],[507.7,557.8],[508.4,558],[508.6,558.9],[515.6,559.1],[525.6,559.4],[525.6,563.5],[537.9,563.2],[538,558.7],[538.3,549.4],[538.5,541.1],[538.6,535.3],[545.2,538.1],[545.5,535.5],[544.9,534.5],[544.9,533.9],[542.7,533.9],[542,532.8],[542.7,532.4],[543.4,532.9],[544,532.3],[542.9,531.7],[540.5,532.4],[539.8,530.4],[539.3,529.8],[540,528.6],[541.6,529.1],[541.7,528.3],[542.9,526.7],[544,528.5],[545,527.1],[545.3,525.8],[546,526.1],[546.4,524.2],[544.3,523.7],[543.1,523.9],[541.9,523.7],[540.3,524.4],[539.5,524.3],[536.4,527.9],[535.2,527.8],[535.2,526.4],[526.8,526.1],[514.1,525.7],[513.6,524],[514.3,521.7],[514,520.6],[514.7,519.3],[515,516.3],[515.5,514.9],[516.5,515.2],[519.8,515.3],[520.1,510.2],[512.7,509.9],[513.2,500.1],[513.6,491.2],[502,490.7],[490.2,490.2],[491.1,476.8],[481,476.2],[469.9,475.5],[460.6,474.8],[461.3,464.6],[456.1,464.2],[455.9,466.3],[442.8,465.3],[430.8,464.2],[420.8,463.3],[408.1,462.1],[395.2,460.7],[387.5,459.9]]]}},{"type":"Feature","properties":{"GEOID":"4824","STATEFP":"48","CD":"24","st":"TX","label_x":573.9,"label_y":450.2},"geometry":{"type":"Polygon","coordinates":[[[570.6,448.3],[570.4,450],[571,450],[571.2,451.5],[572,451.5],[573.2,452.6],[574.7,452.3],[576.2,451.6],[576.9,450.3],[576.8,449.1],[577.8,449.1],[579.5,449.8],[579.5,451.1],[580.9,452],[581.4,450.6],[581.2,449.3],[579.5,449.6],[579.4,448.5],[577.9,448.1],[570.8,447.9],[570.6,448.3]]]}},{"type":"Feature","properties":{"GEOID":"4825","STATEFP":"48","CD":"25","st":"TX","label_x":550.5,"label_y":457.6},"geometry":{"type":"Polygon","coordinates":[[[538.6,437.6],[538.3,448],[535.5,447.9],[535.2,458.4],[529.2,458.1],[528,459.5],[528,460.7],[524.5,459.8],[524.2,468.2],[538.2,468.8],[543.1,477.8],[546.6,477.4],[547.1,478.3],[553.4,474.7],[552.4,472.9],[559.3,469.1],[564,466.3],[564.6,466.4],[565.2,467.7],[566.1,468.1],[567.1,467.2],[567.1,467],[571.2,466],[570.6,464.3],[571.2,463.9],[570.6,462.9],[570.8,460.6],[571.8,460.2],[571.4,459.3],[572,458.3],[573.1,458.4],[573.8,456.9],[575.1,456.3],[574.4,454.7],[574.7,453.9],[576,453],[574.6,452.7],[573.7,453.1],[573.1,454.1],[572,454.9],[571.6,456.5],[570.3,457],[570.3,455.6],[569.7,455.6],[569.7,456.8],[569.4,458.3],[565.7,458.1],[565.9,452.9],[563.4,452.7],[563.5,454.1],[563.8,454.9],[564.9,454.7],[565,456.1],[564.5,456.4],[563.1,455.7],[562.6,455.1],[561.2,454.3],[559.2,454],[556.9,454.9],[555.6,456],[556,447.4],[558.6,447.5],[558.7,445.2],[558.9,437.3],[557.7,437.3],[557.7,436.5],[549.1,436.3],[549,437.9],[542.6,437.8],[538.6,437.6]]]}},{"type":"Feature","properties":{"GEOID":"4826","STATEFP":"48","CD":"26","st":"TX","label_x":572.7,"label_y":434.1},"geometry":{"type":"Polygon","coordinates":[[[558.7,445.2],[558.6,447.5],[570.3,447.9],[570.6,448.3],[570.8,447.9],[577.9,448.1],[579.8,447.6],[579.9,444.2],[579.1,444],[579,442.6],[579.9,442.6],[580.1,438.3],[577.9,438],[578,425.4],[577,425.8],[577.2,426.7],[576,428.5],[575.1,428.9],[575,430.6],[574.4,430.8],[573.5,430.3],[572.9,428.8],[573.7,427.7],[573.4,426.7],[572.8,426.1],[572.2,426.5],[571.7,427.5],[571,426.8],[569.7,428.3],[568.6,428.3],[567.9,427.8],[568.2,426.6],[567.5,426],[567.3,437.4],[572.5,437.7],[572.6,439.5],[572.9,440.1],[574.1,440.1],[574.6,441],[576,441.7],[576.4,443.6],[575,443.9],[574.3,443.6],[573.6,442.6],[569.1,442.5],[569.1,441.9],[565.6,442],[562.8,442.2],[562.2,442.7],[561.5,442.4],[560.5,443.2],[559.8,444.8],[558.7,445.2]]]}},{"type":"Feature","properties":{"GEOID":"4827","STATEFP":"48","CD":"27","st":"TX","label_x":576.2,"label_y":544.5},"geometry":{"type":"MultiPolygon","coordinates":[[[[572.8,569],[574.1,568.9],[574.4,568.1],[573.3,568],[572.8,569]]],[[[570.7,575.1],[572.2,572.4],[574.3,569.4],[572.8,569.3],[571.3,573.3],[570.3,573.8],[569.7,575.1],[570.7,575.1]]],[[[558.1,521.5],[558.8,522.2],[558.7,522.9],[560,524.1],[560.8,525.5],[562.9,526.5],[558.2,533.4],[563.1,539.2],[560.1,541.5],[563.8,546.1],[559.5,549.5],[557.3,548.8],[556.7,548.2],[553.1,549.4],[558.7,560.8],[556.6,562.4],[556.8,563.6],[557.4,564.1],[558.7,564.1],[558.8,565.2],[555.9,567.7],[555.9,570.2],[555.6,573.5],[556.7,573.9],[557.7,575.4],[568.5,575.5],[570,572.4],[568.2,571.7],[567.2,570.3],[567.4,568.9],[565.7,569.3],[564.7,568.6],[565.1,567.9],[566,568.2],[568.4,567.9],[570.2,568.1],[570.8,569.4],[571.4,569.4],[574.6,564.6],[574.7,563.5],[573.4,563.5],[572.6,564.7],[570.8,563.5],[572.5,562],[574.9,560.9],[575.2,561.8],[575.9,562.4],[576.9,562.4],[578.7,561.1],[580,559.7],[579.5,558.6],[579.9,557.8],[579.7,556.8],[578.5,555.8],[578.9,555.2],[580,556],[581.7,555.9],[581.7,557.2],[582.1,558],[583.4,558],[584.2,557.2],[586.9,555.6],[587.2,557.4],[585.4,557.8],[583.8,558.5],[582.6,560.1],[581.4,560.9],[579.7,561],[579.2,561.5],[579.4,562.5],[578.8,562.8],[578.1,562.2],[577.1,563.3],[576.2,564.9],[575.8,566.2],[576.3,566.4],[578.6,563.9],[580.7,562.1],[583.2,560.2],[584.7,559.2],[587.1,558],[588.5,556.3],[589.7,550.4],[590,542.9],[583.2,536.2],[582.8,535.8],[584.8,534.1],[580.1,528.4],[579.3,528.4],[578.6,527.1],[572.9,527.2],[573.2,526.8],[569.4,523.4],[572,520.8],[572.5,519.1],[572.6,517.6],[570.1,515.9],[569.4,516.1],[568.2,514.5],[566.2,513.9],[566,513.3],[563.6,515.9],[560.4,518.5],[559.8,519.5],[557.7,520.9],[558.1,521.5]]]]}},{"type":"Feature","properties":{"GEOID":"4828","STATEFP":"48","CD":"28","st":"TX","label_x":532.1,"label_y":565.5},"geometry":{"type":"Polygon","coordinates":[[[508.6,558.9],[509.7,559.6],[511.2,560.2],[511.8,561.6],[512.5,562.1],[513,563.8],[514.2,564.2],[514.1,564.8],[514.9,566.3],[515.2,568.4],[516,569.3],[517.4,570.1],[518.3,571.7],[519.4,571.9],[520,572.7],[520.8,572.4],[522,573.2],[522.7,574.2],[522.2,575.7],[523.3,576.3],[522.6,579.5],[522.7,581.1],[523.9,581.6],[524.1,583.3],[523.6,586.9],[524.2,587.1],[525,588.1],[524.7,588.8],[525.8,589.3],[525.9,590.3],[527.2,591.2],[527.7,592.5],[527.7,593.5],[528.3,594],[528.5,595.6],[528.9,596.5],[529.1,598.4],[529.9,598.7],[530.6,599.9],[530.2,601],[530.8,601.7],[531.7,601.4],[532.3,601.9],[534.7,602.9],[536.2,602.6],[537,603.4],[537.7,603.5],[538.4,604.5],[539.8,605.8],[541.2,605.3],[544.8,598.2],[547.2,593.2],[545,593.1],[545.3,586.8],[544.3,586.8],[544.3,584.8],[543.8,584.8],[543.8,582.6],[542.9,581.9],[549.3,582.1],[549.4,576.5],[549.7,563.5],[547.6,563.5],[547.9,550.5],[552.9,546.5],[551.2,544.4],[546.7,538.7],[552.5,531.2],[553.8,531.3],[554.4,530.2],[553.9,528.9],[554.9,528.3],[553.9,525.9],[553.6,525.5],[549,527.5],[548.2,528.4],[549.4,529.6],[550.3,529.3],[550.7,530],[547.3,531.2],[545.5,531.4],[545.2,532.1],[544.9,533.9],[544.9,534.5],[545.5,535.5],[545.2,538.1],[538.6,535.3],[538.5,541.1],[538.3,549.4],[538,558.7],[537.9,563.2],[525.6,563.5],[525.6,559.4],[515.6,559.1],[508.6,558.9]]]}},{"type":"Feature","properties":{"GEOID":"4829","STATEFP":"48","CD":"29","st":"TX","label_x":612.2,"label_y":523.7},"geometry":{"type":"Polygon","coordinates":[[[613,521.5],[612.7,521.1],[612.7,520.3],[610.7,519.9],[608.7,519.8],[607.3,519.4],[607,520.6],[608.2,521.2],[608.4,522.3],[608.9,522.4],[609.7,523.5],[610.5,521.1],[611.8,520.4],[612.1,522.6],[611.1,523.1],[609.8,524.6],[610.1,525.7],[610.9,525.6],[611.4,526.9],[610.8,528],[611.5,528.1],[612.2,527.7],[612.9,526],[613.3,525.7],[613.3,524.4],[613.8,523.8],[613.9,522.1],[613,521.5]]]}},{"type":"Feature","properties":{"GEOID":"4830","STATEFP":"48","CD":"30","st":"TX","label_x":579.4,"label_y":454.8},"geometry":{"type":"Polygon","coordinates":[[[575,455.1],[575.6,458.4],[585.9,458.6],[585.3,458.4],[584.7,457.2],[585,454.9],[583.6,454.9],[583.4,454.1],[582.6,453.1],[581.1,452.7],[580.9,452],[579.5,451.1],[579.2,452.2],[580.4,453.5],[580.3,454.7],[578.9,454.8],[577.8,454.4],[575.4,454.7],[575,455.1]]]}},{"type":"Feature","properties":{"GEOID":"4831","STATEFP":"48","CD":"31","st":"TX","label_x":560.6,"label_y":486},"geometry":{"type":"Polygon","coordinates":[[[567.1,467.2],[566.1,468.1],[565.2,467.7],[564.6,466.4],[564,466.3],[559.3,469.1],[552.4,472.9],[553.4,474.7],[547.1,478.3],[550.8,484.7],[552.7,483.6],[558,493],[560.1,491.8],[561.1,492.1],[562.2,491.4],[563.1,491.8],[562.6,492.8],[563.5,493.6],[562.9,495],[562.1,495.3],[561.5,497.4],[559.5,497],[557.9,493.8],[547.2,493.7],[547,497.5],[548,498.1],[547.3,500.2],[548.4,500.4],[547.5,501.5],[547.4,502.8],[547.8,503.9],[548.7,504.9],[548.7,506.6],[553.2,508.1],[553.8,507.1],[553.3,506.6],[554.9,503.5],[556.1,503.8],[556.8,503.4],[558.1,505.1],[558.9,507],[559.6,506.4],[561,506],[562.2,506.2],[563.2,506.3],[565.2,506.2],[565.4,505.5],[566.3,505.3],[567.5,505.9],[568.4,505.4],[568.8,504.8],[571.7,504.1],[570.7,501.1],[569.8,500.7],[571,497.5],[574.8,495.3],[570.7,488.3],[569.4,489.1],[567.9,487.3],[564.3,480.9],[570.9,477.3],[569.9,476.3],[570.9,475.3],[569.9,475.1],[568.5,473.4],[567.7,472.9],[568.9,471.9],[568.1,471.1],[566.8,470.9],[566.7,469.9],[567.1,469.2],[566.6,468.2],[567.1,467.2]]]}},{"type":"Feature","properties":{"GEOID":"4832","STATEFP":"48","CD":"32","st":"TX","label_x":582.3,"label_y":451.2},"geometry":{"type":"Polygon","coordinates":[[[579.8,447.6],[577.9,448.1],[579.4,448.5],[579.5,449.6],[581.2,449.3],[581.4,450.6],[580.9,452],[581.1,452.7],[582.6,453.1],[583.4,454.1],[583.6,454.9],[585,454.9],[584.9,453.9],[583.1,452.6],[583.4,451.8],[583.3,449],[584.3,448.2],[583,446.8],[582.3,447.7],[581.5,448.2],[579.8,448.1],[579.8,447.6]]]}},{"type":"Feature","properties":{"GEOID":"4833","STATEFP":"48","CD":"33","st":"TX","label_x":578.4,"label_y":453.1},"geometry":{"type":"Polygon","coordinates":[[[573.2,452.6],[571.6,453.2],[570.9,452.2],[569.8,451.4],[568.8,452],[569.4,453.2],[570.6,453.2],[569.3,455.2],[569.7,455.6],[570.3,455.6],[570.3,457],[571.6,456.5],[572,454.9],[573.1,454.1],[573.7,453.1],[574.6,452.7],[576,453],[577.2,451.2],[577.5,450.3],[578.4,450.3],[578.9,451.3],[578.1,453],[576.8,453],[576.7,453.9],[575.4,454],[575,455.1],[575.4,454.7],[577.8,454.4],[578.9,454.8],[580.3,454.7],[580.4,453.5],[579.2,452.2],[579.5,451.1],[579.5,449.8],[577.8,449.1],[576.8,449.1],[576.9,450.3],[576.2,451.6],[574.7,452.3],[573.2,452.6]]]}},{"type":"Feature","properties":{"GEOID":"4834","STATEFP":"48","CD":"34","st":"TX","label_x":559.7,"label_y":594.3},"geometry":{"type":"MultiPolygon","coordinates":[[[[569.7,575.1],[569,576.7],[568.3,579.2],[567.7,580.2],[567.2,582.8],[567.3,583.7],[566.9,585.7],[567.1,586.6],[566.8,591.6],[566.9,592.8],[568.2,596.8],[568,594.3],[567.5,591.7],[567.3,589.5],[567.3,586.2],[567.8,582.9],[568.6,579.9],[569.6,577.5],[570.7,575.1],[569.7,575.1]]],[[[555.6,573.5],[553.2,573.5],[553,582.2],[554.5,582.2],[554.2,597.3],[554.8,597.4],[554.2,599.1],[553.7,601.1],[556.7,601.6],[556.7,603.5],[555.3,603.3],[555.1,604.1],[553.5,603.8],[553.5,604.7],[551.6,604.7],[550.5,604.5],[549.8,608.7],[550.5,608.8],[550.8,607.5],[551.4,606.8],[552.3,607.9],[552,610],[552.8,610.6],[553.6,610.1],[554.3,610.4],[556,610.1],[556.8,610.4],[557.9,610.3],[558.4,611],[560,611],[561.2,611.6],[562.5,613.2],[563.3,613.3],[563.8,614.4],[565.1,614.5],[565.5,615.3],[567,615.5],[567.1,614.1],[570.2,612.8],[571.8,612.9],[571.7,611],[570.8,610.8],[570.6,610],[569,609.7],[568.3,606.6],[569.1,605.3],[568.7,605],[567,600.6],[566.2,599.3],[565.3,595.6],[565,593],[565.4,592.1],[565.8,588.8],[566.1,585.1],[566,584.7],[566.4,582.5],[566.1,582.4],[564.1,583.2],[562,582.8],[560.7,580.7],[562.5,581.8],[564.8,579.8],[565.1,581.6],[566.6,581],[567.6,579],[567.6,578.2],[568.5,575.5],[557.7,575.4],[556.7,573.9],[555.6,573.5]]]]}},{"type":"Feature","properties":{"GEOID":"4835","STATEFP":"48","CD":"35","st":"TX","label_x":558.2,"label_y":520.1},"geometry":{"type":"Polygon","coordinates":[[[545.3,530],[544.2,530.6],[544.2,531.9],[545.2,532.1],[545.5,531.4],[547.3,531.2],[550.7,530],[550.3,529.3],[549.4,529.6],[548.2,528.4],[549,527.5],[553.6,525.5],[555.5,523.9],[556.6,522.7],[558.1,521.5],[557.7,520.9],[559.8,519.5],[560.4,518.5],[563.6,515.9],[566,513.3],[564.8,512.3],[566.1,510.4],[565.6,509],[563.9,508.2],[563.5,508.4],[562.3,510],[562,511.4],[561.3,511.5],[561.1,512.5],[559.9,514.5],[559.4,515.9],[558,517.1],[558.1,519],[557.1,520.6],[556.1,521.6],[553.4,525.2],[552.3,525.9],[550.3,526.6],[548.7,527.5],[548.2,528],[546.6,528.8],[546.8,530.7],[545.6,531],[545.3,530]]]}},{"type":"Feature","properties":{"GEOID":"4836","STATEFP":"48","CD":"36","st":"TX","label_x":627.8,"label_y":510.2},"geometry":{"type":"Polygon","coordinates":[[[611.5,528.1],[611.7,529],[612.4,528.9],[613.5,530.3],[614.7,530],[615.6,528.8],[616.5,529.1],[617.2,527.8],[616.5,527.1],[617.2,526],[618,525.5],[618.5,526.5],[619.5,526.1],[619.9,525],[620.6,524.1],[622.3,523.3],[623,524],[623.2,525.6],[623,526.9],[621.7,529.6],[626.2,528.4],[626.7,529.1],[627.7,528.7],[628.7,528.5],[629,527.7],[630.1,527.4],[629.9,520.9],[630.6,520.9],[631.7,519.9],[632.1,520],[633,518.6],[633.3,517.7],[632.8,516.4],[634.1,516],[634.8,516.3],[635.6,515.4],[634.8,514.7],[634.6,512.5],[643,512.3],[643,511.2],[642.2,510.9],[641.8,509.9],[642.1,508.7],[643,507.7],[642.3,505.5],[642.7,504.2],[643.4,504],[643.2,502.9],[644.5,501.6],[644.7,500.4],[645.8,498.3],[645.3,497.2],[646.2,496.2],[646.1,495.4],[645.3,495],[645.9,494.2],[646.3,492.9],[645.6,492.6],[645.9,491.7],[645.6,490],[644.6,490.3],[638.4,490.9],[635.8,491.5],[635.7,491.9],[634,492.4],[627.4,494],[625.3,493.5],[623.4,494.6],[626,506.8],[621.2,506.9],[620.1,506.9],[613.3,510.4],[616.1,518.6],[617.1,519.1],[616.1,519.9],[616.2,522.2],[616.7,522.2],[616.7,523.7],[615.4,523.3],[613.8,523.8],[613.3,524.4],[613.3,525.7],[612.9,526],[612.2,527.7],[611.5,528.1]]]}},{"type":"Feature","properties":{"GEOID":"4837","STATEFP":"48","CD":"37","st":"TX","label_x":560.3,"label_y":511.3},"geometry":{"type":"Polygon","coordinates":[[[557.6,511],[558.4,511.1],[559.2,511.9],[557.4,513.4],[557.1,513.9],[559.4,515.9],[559.9,514.5],[561.1,512.5],[561.3,511.5],[562,511.4],[562.3,510],[563.5,508.4],[561.5,507.5],[560.7,506.5],[559.8,506.8],[558.7,508],[557.7,508.3],[558.2,509.5],[558.8,508.9],[560,509.6],[560.3,510.6],[557.8,510.2],[557.6,511]]]}},{"type":"Feature","properties":{"GEOID":"4838","STATEFP":"48","CD":"38","st":"TX","label_x":605,"label_y":520.4},"geometry":{"type":"Polygon","coordinates":[[[604.6,515.4],[603.4,516],[601.4,516.4],[600.8,517],[600.8,518.5],[601.1,519.8],[602.5,519.2],[604.1,520.5],[603.5,521.3],[603.6,523.6],[601.8,523.6],[601.9,524.8],[602.7,525.3],[604.2,524.1],[605,524],[606.6,524.7],[608.4,524.6],[607.5,523.7],[606.3,523.2],[605.9,522.5],[606.1,520.3],[604.8,520.1],[606.6,518.8],[606.1,518.1],[606.7,517.6],[606.4,515.3],[604.6,515.4]]]}},{"type":"Feature","properties":{"GEOID":"4901","STATEFP":"49","CD":"01","st":"UT","label_x":306.9,"label_y":226},"geometry":{"type":"Polygon","coordinates":[[[284.1,205.1],[281.9,216.8],[279.7,228.2],[296.7,231.4],[301.3,232.2],[307.7,231.2],[313.3,232.2],[313.6,233.5],[314.3,234.7],[315,235],[317.2,235],[317.2,236.8],[317.6,237.8],[317.1,238.9],[315.8,239.4],[316.1,240.8],[317,240.9],[316.9,242.4],[318.2,242.1],[320.9,242.5],[322.1,243.5],[323.8,243.6],[324,242.4],[324.7,240.8],[326.2,241.3],[328.4,241.3],[330.6,241.2],[332.5,241.4],[333.6,240.7],[335,238.8],[334.8,237.9],[331.8,237.4],[334,223.8],[335.5,213.9],[328.1,212.8],[316.5,210.9],[316.2,210.7],[305.8,209],[292.9,206.8],[286.5,205.7],[284.1,205.1]]]}},{"type":"Feature","properties":{"GEOID":"4902","STATEFP":"49","CD":"02","st":"UT","label_x":288.8,"label_y":277.4},"geometry":{"type":"Polygon","coordinates":[[[269.1,282.3],[267.3,291.9],[265.3,302.1],[264.2,307.5],[261.6,321.3],[269.4,322.8],[275.9,324],[284,325.5],[292.7,327],[301.7,328.5],[310.1,329.9],[311.9,329.9],[312.3,329.3],[313.1,329.8],[315,328.2],[318.1,328.6],[318.8,328.4],[321.1,325.6],[321.1,324.8],[321.6,323.4],[322.5,324.2],[323.7,323.8],[324.3,322.6],[324.6,320.7],[325.5,320.9],[325.8,320],[327.2,318.9],[327.3,318.2],[329.2,317.4],[329.6,316.2],[330.5,315.5],[330.9,313.9],[331.7,312.9],[331.8,312.2],[332.7,312.1],[335.3,312.5],[335.7,311.2],[337.1,310.1],[338.2,310.3],[338.5,309.5],[339.7,308],[340.1,308.2],[341.4,307.4],[342.4,305.4],[341.5,303.8],[341.4,302.7],[340.4,301.4],[341,300.8],[340.9,298.7],[326.3,296.5],[317.7,295.1],[318.5,291.1],[319.9,282.7],[310,281],[310.1,280.8],[307.1,280.3],[308.2,274],[307.2,273.4],[305.2,273.1],[305.9,268.5],[305.6,267.8],[303.1,267.3],[304.4,265.4],[306.3,264.2],[307,263.1],[308.2,263.3],[309,262.4],[309.2,260.9],[309.7,260],[309.1,259.3],[309.1,258.3],[308.1,257.2],[309,255],[308.6,254.4],[309.3,253.4],[308.9,252],[308.9,250.1],[309.4,249.6],[309.2,248.5],[309.3,246.6],[310.1,246.5],[309.9,245.4],[310.5,243.4],[310.4,242.7],[313.1,243.1],[313.5,242],[316.3,242.3],[316.9,242.4],[317,240.9],[316.1,240.8],[315.8,239.4],[317.1,238.9],[317.6,237.8],[317.2,236.8],[317.2,235],[315,235],[314.3,234.7],[313.6,233.5],[313.3,232.2],[307.7,231.2],[301.3,232.2],[296.7,231.4],[279.7,228.2],[276.9,242.2],[275.1,251.5],[272.7,264.1],[270.6,274.6],[269.1,282.3]]]}},{"type":"Feature","properties":{"GEOID":"4903","STATEFP":"49","CD":"03","st":"UT","label_x":339.5,"label_y":288.8},"geometry":{"type":"Polygon","coordinates":[[[316.3,242.3],[316,243.9],[315.3,243.8],[315.1,246.8],[314.5,247.7],[316.2,249.9],[316.5,250.7],[316.3,252.1],[316.9,252.8],[316.5,255.1],[320.7,255.7],[320.7,254],[320.3,253.2],[321.9,252.6],[324.5,253.4],[325.1,254.5],[324.9,254.9],[325.5,256.3],[325.4,257.4],[324.7,258.9],[325.4,259.2],[327,263],[331,263.7],[330.7,265.7],[323.8,264.6],[322.5,272.7],[321.5,272.5],[319.9,282.7],[318.5,291.1],[317.7,295.1],[326.3,296.5],[340.9,298.7],[341,300.8],[340.4,301.4],[341.4,302.7],[341.5,303.8],[342.4,305.4],[341.4,307.4],[340.1,308.2],[339.7,308],[338.5,309.5],[338.2,310.3],[337.1,310.1],[335.7,311.2],[335.3,312.5],[332.7,312.1],[331.8,312.2],[331.7,312.9],[330.9,313.9],[330.5,315.5],[329.6,316.2],[329.2,317.4],[327.3,318.2],[327.2,318.9],[325.8,320],[325.5,320.9],[324.6,320.7],[324.3,322.6],[323.7,323.8],[322.5,324.2],[321.6,323.4],[321.1,324.8],[321.1,325.6],[318.8,328.4],[318.1,328.6],[315,328.2],[313.1,329.8],[312.3,329.3],[311.9,329.9],[310.1,329.9],[316.5,330.9],[326.9,332.5],[327.4,332.7],[338.4,334.4],[353.7,336.6],[355,327.7],[355.5,324.1],[357.6,309.2],[357.6,306.5],[359.1,296.1],[359.7,292.5],[360.5,286.6],[361.7,277.8],[363,269],[364.8,255.6],[365.4,251.5],[366.6,242.5],[358.2,241.4],[347.9,239.9],[341.3,239],[334.8,237.9],[335,238.8],[333.6,240.7],[332.5,241.4],[330.6,241.2],[328.4,241.3],[326.2,241.3],[324.7,240.8],[324,242.4],[323.8,243.6],[322.1,243.5],[320.9,242.5],[318.2,242.1],[316.9,242.4],[316.3,242.3]]]}},{"type":"Feature","properties":{"GEOID":"4904","STATEFP":"49","CD":"04","st":"UT","label_x":317.8,"label_y":261.7},"geometry":{"type":"Polygon","coordinates":[[[316.3,242.3],[313.5,242],[313.1,243.1],[310.4,242.7],[310.5,243.4],[309.9,245.4],[310.1,246.5],[309.3,246.6],[309.2,248.5],[309.4,249.6],[308.9,250.1],[308.9,252],[309.3,253.4],[308.6,254.4],[309,255],[308.1,257.2],[309.1,258.3],[309.1,259.3],[309.7,260],[309.2,260.9],[309,262.4],[308.2,263.3],[307,263.1],[306.3,264.2],[304.4,265.4],[303.1,267.3],[305.6,267.8],[305.9,268.5],[305.2,273.1],[307.2,273.4],[308.2,274],[307.1,280.3],[310.1,280.8],[310,281],[319.9,282.7],[321.5,272.5],[322.5,272.7],[323.8,264.6],[330.7,265.7],[331,263.7],[327,263],[325.4,259.2],[324.7,258.9],[325.4,257.4],[325.5,256.3],[324.9,254.9],[325.1,254.5],[324.5,253.4],[321.9,252.6],[320.3,253.2],[320.7,254],[320.7,255.7],[316.5,255.1],[316.9,252.8],[316.3,252.1],[316.5,250.7],[316.2,249.9],[314.5,247.7],[315.1,246.8],[315.3,243.8],[316,243.9],[316.3,242.3]]]}},{"type":"Feature","properties":{"GEOID":"5000","STATEFP":"50","CD":"00","st":"VT","label_x":985,"label_y":140.9},"geometry":{"type":"Polygon","coordinates":[[[970.3,118.8],[970.8,120.7],[970.6,122.7],[971.6,123.5],[971.4,125],[971.7,126],[971.7,128],[974,130.8],[974.3,131.9],[974,133.4],[974.9,135.5],[974.9,136.3],[974.1,137.8],[974.1,141.3],[974.7,141.6],[975.2,143.7],[976.1,144.9],[976.1,146.2],[977.1,147.2],[976.5,150.7],[976.8,151.8],[977.4,152.1],[977.7,150.6],[978.7,150.4],[980.1,152.4],[981.5,158.6],[983,165.9],[983.5,168.4],[983.5,169.2],[984.2,170.4],[991,168.9],[997.8,167.5],[997.3,166.9],[996,166],[995.4,165],[995.6,163.4],[995.2,162.7],[996.1,161.9],[996.4,160.9],[995.8,160.1],[996.1,159.1],[995.4,157.9],[995.1,155.2],[995.5,153.8],[994.9,152.7],[994.6,149.6],[994.2,149.2],[994.3,147.6],[994.8,147],[994.7,144.4],[995.6,143.2],[996.1,141.7],[995.7,140.5],[996.6,137.8],[996.1,137],[996.9,134.5],[996.4,133.1],[995.7,132.4],[995.8,131.2],[995.2,130.5],[996.3,128.6],[998,128.2],[998.9,127.5],[999,126.4],[1000.2,125.9],[1001.8,123.1],[1001.9,121.5],[1001.5,120.1],[1000.8,119.6],[999.5,117.7],[1000.1,116.7],[1000.2,114.7],[1000.7,113.5],[999.6,111.9],[1000,111.2],[993.4,113.1],[987,114.8],[982.5,115.7],[978.3,116.7],[970.3,118.8]]]}},{"type":"Feature","properties":{"GEOID":"5101","STATEFP":"51","CD":"01","st":"VA","label_x":944.9,"label_y":301.4},"geometry":{"type":"Polygon","coordinates":[[[937.3,300.7],[936.2,301.6],[934.8,301.8],[933.1,302.9],[933.7,303.8],[933.6,305.4],[934.6,306.7],[933.8,307.4],[931.8,310.1],[931.8,310.9],[930.6,311.4],[930.8,312.5],[933.4,314.4],[934,313.6],[934.9,313.5],[935.4,314.1],[936,313.8],[937.1,314.1],[936.5,312.6],[935.4,312.3],[935.9,311.1],[935.1,310.2],[936,308.3],[935.8,306.6],[936.4,305.9],[935.7,305.1],[936.5,304.3],[940.3,306],[941.7,306.2],[943.3,307.4],[944.7,308],[946.4,308.3],[947.6,308.1],[949.1,309],[949.5,311.4],[949.7,311.8],[951.2,311.8],[952,312.5],[953,311.6],[953.8,311.5],[954.8,312.5],[955.4,311.1],[957.9,313.5],[958.8,313.5],[960.8,312.7],[960.4,312.1],[959,311.9],[958.4,310.8],[957.1,310.9],[956.3,310.5],[957.8,309.5],[958.8,309.3],[956.9,307.3],[957.2,306.2],[958.6,306.8],[959.5,307.6],[960.4,306.3],[959.4,303.9],[958.6,304.1],[957.7,303.6],[957.9,302.1],[956.1,302.1],[955.9,301.5],[954.2,301.9],[952.8,300.9],[952.4,299.7],[951.9,299.2],[950.8,299.1],[950,297.7],[951.5,297.9],[952.3,298.4],[953.4,299.7],[953.8,300.8],[954.5,301.1],[955.4,300.8],[957.3,301.1],[957.9,299.2],[957.1,296.2],[957.9,296.2],[958.1,294.3],[955.9,293.4],[953.3,292.9],[952.4,292.2],[951.8,291.2],[950.4,290.6],[950.1,289.8],[948.6,289.8],[948,290.6],[947.3,289.9],[945.9,290.3],[943.4,289.5],[943.2,288.5],[942.5,288.2],[941.7,288.8],[942,290.5],[941.8,291.2],[941,291.6],[941.1,292.3],[940.3,293.4],[941.3,294.6],[942.1,294.7],[942.7,295.6],[941.2,295.8],[940.7,296.5],[941,297.7],[939.9,297.9],[939.8,298.5],[938,301.2],[937.3,300.7]]]}},{"type":"Feature","properties":{"GEOID":"5102","STATEFP":"51","CD":"02","st":"VA","label_x":959.8,"label_y":321.4},"geometry":{"type":"MultiPolygon","coordinates":[[[[968.3,290.3],[966.9,291.9],[968.1,292.2],[967.5,294.9],[966.9,294.5],[966.2,295.1],[966.8,295.7],[966.2,296.4],[966,297.6],[965.3,299.3],[965,300.8],[965,304.4],[965.4,304.7],[964.9,306.4],[965,308.2],[965.5,309.4],[966.4,310.4],[966.7,311.3],[968,310.9],[969.1,308.9],[969.1,306.7],[969.6,305.9],[970.5,302.8],[970,301.9],[970.4,301.4],[971.2,299.3],[970.7,298.5],[970.7,296.5],[971.4,294],[971.8,292.8],[973,290.9],[974.1,290.9],[975.3,287.3],[968.6,289.6],[968.3,290.3]]],[[[953.8,313.4],[953.5,315.5],[951.4,317.2],[948.8,319.7],[948.8,320.6],[949.8,321.7],[950,322.8],[949.2,322.7],[948.7,323.3],[948.5,327.5],[949.5,328.4],[948.7,328.9],[952.2,328.2],[954.1,327.6],[965.4,325.3],[971.4,324],[970.6,322.2],[968.9,319.4],[967.2,315.9],[966.3,315.9],[965.6,316.6],[963.9,316.4],[963.7,317.5],[964.2,318.1],[963.4,318.9],[964.1,320.1],[963.4,321],[960.5,320.6],[959.7,320.7],[959.3,320.2],[959.8,318],[958.4,317.9],[958.1,317],[955.9,315.7],[954.8,315.7],[954.2,315.3],[954.2,314.1],[953.8,313.4]]]]}},{"type":"Feature","properties":{"GEOID":"5103","STATEFP":"51","CD":"03","st":"VA","label_x":958.3,"label_y":313.9},"geometry":{"type":"MultiPolygon","coordinates":[[[[959.8,318],[959.3,320.2],[959.7,320.7],[960.5,320.6],[963.4,321],[964.1,320.1],[963.4,318.9],[964.2,318.1],[963.7,317.5],[963.9,316.4],[961.5,316],[960.7,317.3],[959.8,318]]],[[[954.8,312.5],[954.7,313.5],[956,314.3],[958.1,315.2],[959.4,316.5],[960.5,315.1],[961.2,315],[961.4,313.1],[960.8,312.7],[958.8,313.5],[957.9,313.5],[955.4,311.1],[954.8,312.5]]]]}},{"type":"Feature","properties":{"GEOID":"5104","STATEFP":"51","CD":"04","st":"VA","label_x":940.7,"label_y":318.8},"geometry":{"type":"Polygon","coordinates":[[[935.4,314.1],[933.9,316.1],[931.4,317.8],[932.2,321.1],[930.8,321.7],[930,321],[930.9,328.4],[931.4,332.3],[941.9,330.2],[948.7,328.9],[949.5,328.4],[948.5,327.5],[948.7,323.3],[949.2,322.7],[950,322.8],[949.8,321.7],[948.8,320.6],[948.8,319.7],[951.4,317.2],[953.5,315.5],[953.8,313.4],[953,313.4],[950.8,312.4],[949.3,312.9],[948.9,312.1],[949.5,311.4],[949.1,309],[947.6,308.1],[946.4,308.3],[944.7,308],[943.3,307.4],[941.7,306.2],[940.3,306],[936.5,304.3],[935.7,305.1],[936.4,305.9],[935.8,306.6],[936,308.3],[935.1,310.2],[935.9,311.1],[935.4,312.3],[936.5,312.6],[937.1,314.1],[936,313.8],[935.4,314.1]]]}},{"type":"Feature","properties":{"GEOID":"5105","STATEFP":"51","CD":"05","st":"VA","label_x":918.2,"label_y":316.9},"geometry":{"type":"Polygon","coordinates":[[[901.3,311.9],[902.4,312.4],[903.4,314],[903.7,314.9],[902.7,315.2],[904.3,317.8],[903.3,318.4],[903.2,319.8],[904.8,320.4],[903.5,325.1],[902.8,325],[902.9,326.3],[901.7,325.7],[900.8,325.9],[900.7,326.9],[900.6,337.9],[904.3,337.3],[914.3,335.5],[923.8,333.7],[931.4,332.3],[930.9,328.4],[930,321],[930.8,321.7],[932.2,321.1],[931.4,317.8],[933.9,316.1],[935.4,314.1],[934.9,313.5],[934,313.6],[933.4,314.4],[930.8,312.5],[930.6,311.4],[931.8,310.9],[931.8,310.1],[933.8,307.4],[934.6,306.7],[933.6,305.4],[933.7,303.8],[933.1,302.9],[934.8,301.8],[936.2,301.6],[937.3,300.7],[936.2,298.7],[935.6,299.1],[933.6,297.7],[932.9,297.8],[931.6,297],[930.8,296.9],[928.2,295.3],[926.7,295.2],[925.5,295.4],[923.2,295],[922,295.8],[921.3,295.9],[918.7,295.2],[913.9,294.3],[913.9,294.7],[911.6,295.3],[911.3,295.7],[910.9,297.9],[911.3,298.9],[909.6,301.4],[909.6,302.4],[908.9,302.8],[908,304.4],[906.3,304],[905.4,304.7],[905.6,305.4],[905.4,306.8],[904.2,306.7],[903.2,308.4],[902.8,310.6],[901.3,311.9]]]}},{"type":"Feature","properties":{"GEOID":"5106","STATEFP":"51","CD":"06","st":"VA","label_x":902.4,"label_y":294.9},"geometry":{"type":"Polygon","coordinates":[[[903.4,284],[903,285.5],[903.2,286.5],[902.5,286.8],[902.2,288.5],[901.7,290],[901.7,290.8],[900.8,292.6],[900.3,293],[897.1,292.4],[895.6,290.4],[893.5,289.8],[893,292.7],[893.4,293.7],[892.7,295.7],[891.7,297],[892.2,297.7],[891.3,298.7],[890.6,299.9],[890,301.5],[890.4,302],[889.5,304.9],[887,308.2],[886.3,309.9],[886.2,310.7],[885.3,312.9],[886,313.9],[886.9,314.1],[888.5,314.6],[890.2,312.8],[890.5,313.6],[891.9,315.3],[891.3,316.2],[890.8,317.9],[889.2,319.7],[888.3,319.9],[887.3,321],[887.5,321.7],[889,323.3],[889.4,322.6],[890.7,321.8],[892,322.5],[892.4,322.3],[893.4,323.1],[892.7,324.4],[893.6,324.8],[894.7,323.6],[895.4,322.3],[895,321.5],[895.1,320.2],[895.9,319.3],[895.3,318.1],[896.2,317.4],[897.2,316],[897.8,315.7],[899.1,316.4],[900.4,314.2],[901.4,313.2],[901.3,311.9],[902.8,310.6],[903.2,308.4],[904.2,306.7],[905.4,306.8],[905.6,305.4],[905.4,304.7],[906.3,304],[908,304.4],[908.9,302.8],[909.6,302.4],[909.6,301.4],[911.3,298.9],[910.9,297.9],[911.3,295.7],[911.6,295.3],[912.3,294.6],[912.7,293.6],[913.5,293.1],[915,290.4],[915.6,287.4],[916.4,286.4],[916.2,285.9],[916.8,284.7],[917.1,284.1],[916.6,283],[916.7,282.1],[917.8,281.4],[918.9,280.4],[919,279.4],[919.6,278.3],[920.4,277.8],[920.3,277.2],[921.9,274.3],[923.3,272.6],[923.7,271.2],[916.9,267.5],[913,265.2],[913.6,267.8],[913.4,268.7],[912.6,270.3],[912.6,271.8],[913.3,272.4],[910.9,276.1],[911.3,276.3],[910.7,277.8],[909.8,277.8],[909.4,278.9],[908.4,279.1],[907.7,280.2],[906.7,283.3],[904.1,281.7],[903.4,284]]]}},{"type":"Feature","properties":{"GEOID":"5107","STATEFP":"51","CD":"07","st":"VA","label_x":928.5,"label_y":289.6},"geometry":{"type":"Polygon","coordinates":[[[916.8,284.7],[916.2,285.9],[916.4,286.4],[915.6,287.4],[915,290.4],[913.5,293.1],[912.7,293.6],[912.3,294.6],[911.6,295.3],[913.9,294.7],[913.9,294.3],[918.7,295.2],[921.3,295.9],[922,295.8],[923.2,295],[925.5,295.4],[926.7,295.2],[928.2,295.3],[930.8,296.9],[931.6,297],[932.9,297.8],[933.6,297.7],[935.6,299.1],[936.2,298.7],[937.3,300.7],[938,301.2],[939.8,298.5],[939.9,297.9],[941,297.7],[940.7,296.5],[941.2,295.8],[942.7,295.6],[942.1,294.7],[941.3,294.6],[940.3,293.4],[941.1,292.3],[941,291.6],[941.8,291.2],[942,290.5],[941.7,288.8],[942.5,288.2],[941.8,287.5],[941.6,285.8],[940.9,285.6],[940.5,286.4],[939.6,286.6],[939.2,287.2],[937.9,287.8],[937.2,287.8],[935.8,285.5],[935.9,284.2],[936.5,282.5],[936.3,282.1],[936.7,280.4],[936.5,280.1],[936.4,280],[934.5,279.2],[933.9,280.3],[932.8,280.9],[932.9,281.6],[931.6,281.6],[931,282.3],[931.6,283.6],[930.2,286.1],[930.4,287.4],[929.4,287.2],[928.6,287.7],[926.8,285.3],[925.3,284.2],[925.3,283.2],[924.3,281.7],[923.8,281.7],[921.4,284.6],[920.3,286.6],[919.2,286.6],[916.8,284.7]]]}},{"type":"Feature","properties":{"GEOID":"5108","STATEFP":"51","CD":"08","st":"VA","label_x":937.8,"label_y":276.6},"geometry":{"type":"Polygon","coordinates":[[[936.4,280],[936.5,280.1],[937.2,281],[938.5,280.4],[938.2,279.5],[939.5,277.4],[939.3,276.4],[939.2,275],[938.3,274],[937.2,273.4],[936,272.8],[935.6,273.7],[935.9,276.4],[936.4,276.9],[937.7,276.9],[937.3,278.5],[936.4,280]]]}},{"type":"Feature","properties":{"GEOID":"5109","STATEFP":"51","CD":"09","st":"VA","label_x":874.3,"label_y":329.4},"geometry":{"type":"Polygon","coordinates":[[[855.3,321.3],[849.8,327.9],[849.2,328.7],[846.6,330],[842.9,333.1],[843.1,334.6],[842.1,335.9],[841.4,336.1],[840.6,336.9],[841,337.4],[840.7,338.9],[839.2,339.9],[837.3,340.2],[836.4,342.1],[836.4,343],[835.4,343.3],[832,345],[831.4,345.5],[829.3,345.8],[826.9,347.7],[830.7,347.3],[834.6,346.8],[841.5,345.9],[849.4,344.8],[859.2,343.3],[859.4,342.8],[864.5,342.1],[864,342.8],[869.7,342.2],[870.9,342],[879.7,341],[882.2,340.5],[889.8,339.7],[900.6,337.9],[900.7,326.9],[900.8,325.9],[901.7,325.7],[902.9,326.3],[902.8,325],[903.5,325.1],[904.8,320.4],[903.2,319.8],[903.3,318.4],[904.3,317.8],[902.7,315.2],[903.7,314.9],[903.4,314],[902.4,312.4],[901.3,311.9],[901.4,313.2],[900.4,314.2],[899.1,316.4],[897.8,315.7],[897.2,316],[896.2,317.4],[895.3,318.1],[895.9,319.3],[895.1,320.2],[895,321.5],[895.4,322.3],[894.7,323.6],[893.6,324.8],[892.7,324.4],[893.4,323.1],[892.4,322.3],[892,322.5],[890.7,321.8],[889.4,322.6],[889,323.3],[887.5,321.7],[887.3,321],[888.3,319.9],[889.2,319.7],[890.8,317.9],[891.3,316.2],[891.9,315.3],[890.5,313.6],[890.2,312.8],[888.5,314.6],[886.9,314.1],[886.4,315],[885.2,316],[886,317.2],[883.1,319.7],[882.2,318.4],[881.5,318.8],[879,321.1],[877.9,321.8],[877.5,321.3],[876.1,320.8],[875.8,321.8],[876.5,322.6],[874.9,324.1],[874.3,324],[871.9,325],[870,326.3],[868.1,325.1],[867.1,324.3],[866,326],[864,327.9],[861.8,328.4],[860.6,327.7],[860,326.9],[858.3,326.9],[858.2,326.4],[856.9,325.6],[856,323.4],[855,322.8],[855.9,321.9],[855.3,321.3]]]}},{"type":"Feature","properties":{"GEOID":"5110","STATEFP":"51","CD":"10","st":"VA","label_x":926,"label_y":276.9},"geometry":{"type":"Polygon","coordinates":[[[923.7,271.2],[923.3,272.6],[921.9,274.3],[920.3,277.2],[920.4,277.8],[919.6,278.3],[919,279.4],[918.9,280.4],[917.8,281.4],[916.7,282.1],[916.6,283],[917.1,284.1],[916.8,284.7],[919.2,286.6],[920.3,286.6],[921.4,284.6],[923.8,281.7],[924.3,281.7],[925.3,283.2],[925.3,284.2],[926.8,285.3],[928.6,287.7],[929.4,287.2],[930.4,287.4],[930.2,286.1],[931.6,283.6],[931,282.3],[931.6,281.6],[932.9,281.6],[932.8,280.9],[933.9,280.3],[934.5,279.2],[934.5,277.5],[933.7,277.7],[932.8,276.5],[932.5,277.5],[931.8,277.4],[931.2,276],[930.7,275.8],[933,271.2],[932.7,271.2],[930.5,271.3],[929,269.9],[929.9,267.8],[928.2,267.1],[927.6,266.3],[926.7,266.5],[925.6,266.2],[924.8,266.5],[924.4,267.2],[923.7,271.2]]]}},{"type":"Feature","properties":{"GEOID":"5111","STATEFP":"51","CD":"11","st":"VA","label_x":933.5,"label_y":274.8},"geometry":{"type":"Polygon","coordinates":[[[933,271.2],[930.7,275.8],[931.2,276],[931.8,277.4],[932.5,277.5],[932.8,276.5],[933.7,277.7],[934.5,277.5],[934.5,279.2],[936.4,280],[937.3,278.5],[937.7,276.9],[936.4,276.9],[935.9,276.4],[935.6,273.7],[936,272.8],[935.3,272.9],[934.6,271.8],[933,271.2]]]}},{"type":"Feature","properties":{"GEOID":"5301","STATEFP":"53","CD":"01","st":"WA","label_x":185.2,"label_y":39.3},"geometry":{"type":"Polygon","coordinates":[[[185.6,32.1],[185.5,33.6],[185,35.3],[185.4,36.1],[184.5,36.9],[183.8,38.7],[182.8,38.5],[182.4,39.8],[181.1,40.8],[181.9,41],[181.6,41.8],[181.9,43.6],[181,44.7],[183,45.2],[183.5,45.7],[183.9,45.1],[184.3,43.2],[183.9,42.6],[184.3,41.7],[186.1,42.2],[186.5,41],[187.7,40.1],[188,38.4],[187.3,38],[187.8,35.3],[187.3,35.2],[187.2,33.8],[186.7,33.5],[187.2,32.3],[185.6,32.1]]]}},{"type":"Feature","properties":{"GEOID":"5302","STATEFP":"53","CD":"02","st":"WA","label_x":196.9,"label_y":25.7},"geometry":{"type":"MultiPolygon","coordinates":[[[[181.2,17.7],[182,19.8],[182.4,19.5],[181.5,17.5],[181.2,17.7]]],[[[177.2,28.7],[177.9,29.7],[178.1,30.8],[179.1,31],[179,32.1],[178.6,32.9],[178.5,34],[179.2,35],[180.1,35.3],[180.2,36.8],[180.9,37.6],[181.8,36.7],[182,34.8],[181,34],[180.6,32.9],[179.6,33.7],[179.7,30.5],[179.3,29.5],[179.9,27.9],[181.2,28.5],[181.7,28],[180.6,26.6],[181.1,25.8],[179.9,25.3],[179.5,26.3],[178.4,27.2],[177.2,28.7]]],[[[211.2,19.5],[203.7,17.5],[197.5,15.9],[192.3,14.3],[182.4,11.4],[181.2,12.2],[182.1,13.1],[181.2,13.9],[181.9,14.9],[181.9,16.1],[183.1,17.5],[184.3,17.5],[184.7,18.4],[184.1,18.9],[184,20.1],[184.8,21.9],[184.2,22.5],[183.4,22.3],[183.3,24.6],[182.3,24.4],[182.2,23.6],[181.4,22.8],[180.4,23.4],[180.1,25.2],[181.7,25.2],[181.7,26.5],[182.4,26.8],[183.3,28.1],[183.6,29],[183,29.8],[182.1,29.1],[181,29.3],[180.5,30.7],[180.5,32],[181.6,32.3],[181.4,30.9],[182.4,30],[183.2,30.8],[182.7,32.6],[182.9,33.5],[184.3,35.8],[183.8,36.8],[182.5,37],[181.3,39.2],[180.2,39.8],[180,40.5],[181.1,40.8],[182.4,39.8],[182.8,38.5],[183.8,38.7],[184.5,36.9],[185.4,36.1],[185,35.3],[185.5,33.6],[185.6,32.1],[185.5,31.3],[184.7,29.2],[197.8,32.9],[204.6,34.7],[203.7,33.9],[204.3,33.4],[204.4,32],[204.7,30.8],[205.3,30.1],[206.6,30.4],[208.3,29.7],[209.2,30.9],[210.6,30.7],[211.1,29.7],[210,29.3],[209.9,28.2],[212,27],[212.2,26.2],[211.6,24.8],[212.1,23],[211.7,22.6],[212.1,20.9],[211.3,21],[210.5,20.1],[211.2,19.5]]],[[[176.1,22.3],[177.2,24.1],[178,24],[178.2,21.8],[177.5,20.8],[177,20.8],[176.1,22.3]]],[[[175.8,19.5],[176.3,20.7],[177.3,20],[175.8,19.5]]],[[[175.8,18.6],[176.6,18.5],[176.9,19.7],[177.8,20.1],[178.6,19.6],[179.1,19.8],[180.4,19.1],[178.7,17.4],[178.1,17.2],[176.3,18.1],[175.8,18.6]]],[[[173,18.6],[173.4,19.2],[173.2,20.2],[173.4,21.1],[174.6,22.3],[175.2,22.2],[175.8,20.8],[174.7,18.4],[173.5,18.1],[173,18.6]]]]}},{"type":"Feature","properties":{"GEOID":"5303","STATEFP":"53","CD":"03","st":"WA","label_x":172.7,"label_y":73.1},"geometry":{"type":"Polygon","coordinates":[[[147.2,54.8],[146.9,55.9],[148.2,57.2],[148.6,56.9],[150.2,57.2],[148.1,59.5],[148.7,61.2],[148.5,62],[146.6,62.6],[146.6,64.8],[145.7,64.5],[146.2,61.8],[146.9,59.9],[146.5,58.6],[145.8,61.7],[145.1,64.1],[144,66.5],[145.2,65.9],[145.7,66.2],[146.4,68],[146.9,68.3],[148.5,67.6],[150.1,67.6],[150.3,68.6],[152.2,69.4],[153.3,69.5],[153.9,70.6],[153.5,71.7],[154.2,72.7],[155.6,73.2],[157.7,72.7],[158.5,73],[161.1,76.3],[161.2,77.6],[161.7,79.5],[161.5,80.6],[161.6,81.7],[161,83],[161.1,84.8],[160.6,86.6],[161.7,87.9],[164.6,89.7],[165.1,90.2],[166.1,90.2],[166.7,91],[168,91.4],[169.2,91],[170.6,91.2],[174.1,90.5],[175,89.8],[176,89.7],[177.1,90.4],[180.7,90.6],[180.7,89.5],[179.7,88.9],[181.3,83],[182.7,83.4],[184.8,75.6],[186.8,76.1],[187.1,75.7],[186.8,72.6],[188.5,70.6],[189.3,68.6],[188.4,68],[188.3,66.9],[183.6,65.6],[182.1,66.5],[180,65.5],[176.9,64.4],[175.5,63.8],[175,62.9],[175.4,62.2],[172.7,60.5],[172.9,59.5],[172,58.7],[170.2,58.4],[169.6,59.2],[168.2,59.4],[167,59],[166.3,59.3],[164.6,59.3],[163.8,58.9],[163.4,58.1],[162.1,58.2],[161.8,59.2],[151,56],[147.2,54.8]]]}},{"type":"Feature","properties":{"GEOID":"5304","STATEFP":"53","CD":"04","st":"WA","label_x":221.2,"label_y":57.1},"geometry":{"type":"Polygon","coordinates":[[[188.3,66.9],[188.4,68],[189.3,68.6],[188.5,70.6],[186.8,72.6],[187.1,75.7],[186.8,76.1],[184.8,75.6],[182.7,83.4],[181.3,83],[179.7,88.9],[180.7,89.5],[180.7,90.6],[181.8,91.6],[183.5,91.9],[185.2,93.2],[185.3,94.8],[186.2,94.9],[187.2,94.3],[189.5,94.7],[190.2,95.2],[191,94.7],[193.9,94.4],[194.9,93.9],[196.1,94.4],[196.7,95.5],[198.3,96],[201.6,96.2],[202.4,95.5],[204.2,95.4],[206.1,94.9],[208.8,95.1],[211,95.4],[212,94.5],[212.9,94.3],[213.6,94.8],[216.2,95.2],[218,95.2],[218.9,95.7],[220.1,95.9],[222.2,95.3],[222.7,94.9],[223.5,94.4],[223.8,93.4],[223.7,92],[222.9,90.3],[224.2,89.5],[226.1,89.6],[226.9,89],[224.9,88.6],[224.3,88],[222.3,87.7],[222.7,85.9],[222.2,85.4],[221,85.1],[220.8,83.9],[221.1,81.9],[219.9,80.1],[219.6,78.3],[220.5,77.9],[220.8,76.6],[225.3,77.7],[224.7,76.9],[225.5,73.5],[227.9,74.1],[229.9,66.2],[233.7,51],[235.9,50.8],[238.8,39],[238.4,38.9],[239.3,35.1],[239.8,35.2],[241.8,27.4],[232.8,25.1],[224,22.9],[211.2,19.5],[210.5,20.1],[211.3,21],[212.1,20.9],[211.7,22.6],[212.1,23],[211.6,24.8],[212.2,26.2],[212,27],[209.9,28.2],[210,29.3],[211.1,29.7],[210.6,30.7],[211.2,31.4],[210.6,33.9],[211.7,34.7],[211.2,35.9],[212.3,36.4],[212.6,37.5],[213.6,38.4],[214.1,39.6],[213.6,40.5],[215.3,42.7],[216.4,43.4],[216.2,44],[217,44.9],[217.3,46.2],[220,46.9],[220.1,47.3],[219,48],[218.7,48.9],[218,49.1],[217.1,50.4],[215.4,50.4],[214.9,50],[213.9,50.1],[213.2,50.8],[213.3,51.8],[212.4,52.8],[212.3,53.6],[211,54.7],[210.2,56.1],[210.2,58],[212.5,59.3],[213.1,60.2],[212.4,61.9],[212.5,62.6],[213.6,63.3],[213.1,65.2],[212.2,66.3],[212.5,67.2],[212.4,68.2],[212.6,69.5],[212.1,71.4],[212.5,72.5],[211.3,74.2],[202.9,72],[203.4,70],[201.4,69.5],[202,67.5],[195.8,65.9],[195.3,63.8],[192.9,60.8],[191.4,60.7],[190.4,62.3],[189.7,62.5],[189.4,63.6],[188.4,63.9],[188.2,65],[188.3,66.9]]]}},{"type":"Feature","properties":{"GEOID":"5305","STATEFP":"53","CD":"05","st":"WA","label_x":246.6,"label_y":63.2},"geometry":{"type":"Polygon","coordinates":[[[241.8,27.4],[239.8,35.2],[239.3,35.1],[238.4,38.9],[238.8,39],[235.9,50.8],[233.7,51],[229.9,66.2],[227.9,74.1],[225.5,73.5],[224.7,76.9],[225.3,77.7],[220.8,76.6],[220.5,77.9],[219.6,78.3],[219.9,80.1],[221.1,81.9],[220.8,83.9],[221,85.1],[222.2,85.4],[222.7,85.9],[222.3,87.7],[224.3,88],[224.9,88.6],[226.9,89],[226.1,89.6],[224.2,89.5],[222.9,90.3],[223.7,92],[223.8,93.4],[223.5,94.4],[222.7,94.9],[236.4,98.2],[246.8,100.7],[255.7,102.8],[255.6,100.2],[256.5,99],[256,97.9],[256.3,97.3],[256.2,95.7],[255.3,94.2],[256,92.5],[259.2,78.2],[261.4,68.4],[263.2,60.2],[264.7,53.7],[266,48.1],[269.3,33.9],[260.5,31.8],[251.5,29.7],[241.8,27.4]]]}},{"type":"Feature","properties":{"GEOID":"5306","STATEFP":"53","CD":"06","st":"WA","label_x":162.1,"label_y":37.8},"geometry":{"type":"MultiPolygon","coordinates":[[[[174.1,51.7],[174.9,52],[174.5,53.3],[175.3,53.5],[175.6,52.7],[176.5,52.5],[177.6,52.9],[178.2,52.6],[177.7,52.3],[176.7,50.6],[176,51.9],[174.9,50.2],[174.1,51.7]]],[[[176.3,42.2],[176.1,43.6],[177.3,44],[177.8,41.9],[177.2,41],[176.3,42.2]]],[[[168.9,52.1],[169.8,50.5],[170.3,52.5],[171.4,51.5],[171.2,50.1],[172,49],[173,49],[172.2,50.2],[173.2,50.7],[173.7,51.4],[174.5,50.9],[174.3,50],[175.2,48.9],[175.9,46.8],[176.8,46],[176.1,45.5],[176.4,44.7],[176.1,44.1],[175.8,42.4],[176.4,41.5],[177.6,40.5],[178.4,40.8],[178.9,36.9],[177.9,36.4],[177.9,37.5],[175.7,38.7],[174.2,40.2],[173.8,41.4],[171,41.7],[168.5,43.6],[168.4,44],[166.4,45.9],[167.5,47.2],[165.7,46.9],[165.5,46.6],[167.1,44.4],[168,43.7],[169.5,42.1],[172,40.3],[172.2,39.3],[173,38.4],[174.2,38.1],[173.2,40],[174.3,39.5],[174.9,38.2],[175.4,38.2],[176.9,37.4],[176.7,36.1],[176.9,35.2],[176.4,34.3],[177.3,33.9],[177.5,31.8],[176.9,31.9],[176.2,33.2],[175.8,31.7],[176.8,31.3],[176.7,30.7],[175.6,30.5],[174.7,30.9],[174.4,32.3],[173.7,31.6],[174.1,31],[172.1,30.7],[172,29.8],[170.8,28.4],[169.3,29.1],[166.5,28.2],[164.8,26.9],[164.1,27.1],[162.5,25.8],[160,25.4],[157.4,24.1],[156.4,22.7],[154.9,21.2],[153.1,20.1],[150.9,17.4],[149.6,16.5],[148.4,16.3],[149.2,17.8],[147.8,19.6],[147.9,20.3],[147,21],[147.2,22.6],[146.8,23.5],[146.6,25.3],[146.5,27.3],[146.8,28.1],[148.1,29.9],[148.2,31.2],[148.6,31.9],[148.5,35.9],[147.7,40],[147.6,41.2],[147.9,42.5],[148.5,43.1],[148.4,44.8],[148,47.7],[147,51.4],[147.8,51.2],[147.9,49.4],[148.5,49.1],[149.9,49.8],[150.1,51.1],[152.1,52],[151.8,52.5],[149.8,52.4],[147.9,53.2],[147.2,54.8],[151,56],[161.8,59.2],[162.1,58.2],[163.2,54.6],[162.5,54.4],[163.1,52.4],[165,53],[166.1,52.5],[166.6,51.8],[168.2,51.7],[168.9,52.1]]]]}},{"type":"Feature","properties":{"GEOID":"5307","STATEFP":"53","CD":"07","st":"WA","label_x":179.7,"label_y":44.8},"geometry":{"type":"MultiPolygon","coordinates":[[[[180,40.5],[180,41.6],[178.7,43],[179.7,44.5],[178.3,44.9],[178.3,46.3],[178.6,49.1],[179.5,47.3],[179.8,45.6],[181,44.7],[181.9,43.6],[181.6,41.8],[181.9,41],[181.1,40.8],[180,40.5]]],[[[175.3,49.3],[176.3,50],[177.1,48.8],[177.2,46.7],[176.1,47.3],[175.3,49.3]]]]}},{"type":"Feature","properties":{"GEOID":"5308","STATEFP":"53","CD":"08","st":"WA","label_x":196.8,"label_y":51.5},"geometry":{"type":"Polygon","coordinates":[[[179.3,52.9],[179.2,53.8],[178.7,54.4],[177.9,56.7],[177.2,56.2],[176.3,56.7],[174.7,56.2],[172.6,57.5],[172,58.7],[172.9,59.5],[172.7,60.5],[175.4,62.2],[175,62.9],[175.5,63.8],[176.9,64.4],[180,65.5],[182.1,66.5],[183.6,65.6],[188.3,66.9],[188.2,65],[188.4,63.9],[189.4,63.6],[189.7,62.5],[190.4,62.3],[191.4,60.7],[192.9,60.8],[195.3,63.8],[195.8,65.9],[202,67.5],[201.4,69.5],[203.4,70],[202.9,72],[211.3,74.2],[212.5,72.5],[212.1,71.4],[212.6,69.5],[212.4,68.2],[212.5,67.2],[212.2,66.3],[213.1,65.2],[213.6,63.3],[212.5,62.6],[212.4,61.9],[213.1,60.2],[212.5,59.3],[210.2,58],[210.2,56.1],[211,54.7],[212.3,53.6],[212.4,52.8],[213.3,51.8],[213.2,50.8],[213.9,50.1],[214.9,50],[215.4,50.4],[217.1,50.4],[218,49.1],[218.7,48.9],[219,48],[220.1,47.3],[220,46.9],[217.3,46.2],[217,44.9],[216.2,44],[216.4,43.4],[215.3,42.7],[213.6,40.5],[214.1,39.6],[213.6,38.4],[212.6,37.5],[212.3,36.4],[211.2,35.9],[211.7,34.7],[210.6,33.9],[211.2,31.4],[210.6,30.7],[209.2,30.9],[208.3,29.7],[206.6,30.4],[205.3,30.1],[204.7,30.8],[204.4,32],[204.3,33.4],[203.7,33.9],[204.6,34.7],[197.8,32.9],[184.7,29.2],[185.5,31.3],[185.6,32.1],[187.2,32.3],[186.7,33.5],[187.2,33.8],[187.3,35.2],[187.8,35.3],[187.3,38],[188,38.4],[187.7,40.1],[186.5,41],[186.1,42.2],[184.3,41.7],[183.9,42.6],[184.3,43.2],[183.9,45.1],[183.5,45.7],[183.1,47],[182.5,47.1],[181.8,48.4],[182,49.3],[181.3,49.6],[180.7,51.1],[179.3,52.9]]]}},{"type":"Feature","properties":{"GEOID":"5309","STATEFP":"53","CD":"09","st":"WA","label_x":180.3,"label_y":48.8},"geometry":{"type":"Polygon","coordinates":[[[178.6,49.1],[178.4,50.4],[176.7,50.6],[177.7,52.3],[178.2,52.6],[179.3,52.9],[180.7,51.1],[181.3,49.6],[182,49.3],[181.8,48.4],[182.5,47.1],[183.1,47],[183.5,45.7],[183,45.2],[181,44.7],[179.8,45.6],[179.5,47.3],[178.6,49.1]]]}},{"type":"Feature","properties":{"GEOID":"5310","STATEFP":"53","CD":"10","st":"WA","label_x":170.6,"label_y":55.4},"geometry":{"type":"Polygon","coordinates":[[[168.9,52.1],[168.2,51.7],[166.6,51.8],[166.1,52.5],[165,53],[163.1,52.4],[162.5,54.4],[163.2,54.6],[162.1,58.2],[163.4,58.1],[163.8,58.9],[164.6,59.3],[166.3,59.3],[167,59],[168.2,59.4],[169.6,59.2],[170.2,58.4],[172,58.7],[172.6,57.5],[174.7,56.2],[176.3,56.7],[177.2,56.2],[177.9,56.7],[178.7,54.4],[179.2,53.8],[179.3,52.9],[178.2,52.6],[177.6,52.9],[176.5,52.5],[175.6,52.7],[175.3,53.5],[174.5,53.3],[174.9,52],[174.1,51.7],[173.1,53.1],[171.2,54.5],[169.8,53.3],[169.8,52.7],[168.9,52.1]]]}},{"type":"Feature","properties":{"GEOID":"5401","STATEFP":"54","CD":"01","st":"WV","label_x":865.6,"label_y":304.7},"geometry":{"type":"Polygon","coordinates":[[[840.9,302.2],[841.1,304],[841.5,304.4],[841.8,305.9],[841.4,308.1],[841.1,309],[842.9,310.3],[843.8,311.9],[844.7,312.1],[844.2,313.5],[845.8,314.3],[846.5,315.8],[847.7,316.5],[847.9,317.5],[849.3,319.2],[851.1,319.8],[851.7,320.5],[853.6,321.6],[855.3,321.3],[855.9,321.9],[855,322.8],[856,323.4],[856.9,325.6],[858.2,326.4],[858.3,326.9],[860,326.9],[860.6,327.7],[861.8,328.4],[864,327.9],[866,326],[867.1,324.3],[868.1,325.1],[870,326.3],[871.9,325],[874.3,324],[874.9,324.1],[876.5,322.6],[875.8,321.8],[876.1,320.8],[877.5,321.3],[877.9,321.8],[879,321.1],[881.5,318.8],[882.2,318.4],[883.1,319.7],[886,317.2],[885.2,316],[886.4,315],[886.9,314.1],[886,313.9],[885.3,312.9],[886.2,310.7],[886.3,309.9],[887,308.2],[889.5,304.9],[890.4,302],[890,301.5],[890.6,299.9],[891.3,298.7],[892.2,297.7],[891.7,297],[892.7,295.7],[893.4,293.7],[893,292.7],[893.5,289.8],[895.6,290.4],[897.1,292.4],[900.3,293],[900.8,292.6],[901.7,290.8],[901.7,290],[902.2,288.5],[902.5,286.8],[903.2,286.5],[903,285.5],[903.4,284],[897.3,280.4],[897.1,281.2],[895.5,281.3],[895.2,282.4],[894.4,283.7],[895.2,285],[894,287.4],[892.9,287.6],[892.3,288.3],[890.6,286.8],[890,289.3],[889.8,291.5],[887.2,294.1],[885.5,294],[883.5,296.4],[884.1,293],[881.7,289.4],[881.3,289.7],[880.2,288.7],[878.6,289.1],[877.7,286.8],[876.7,286.2],[875.6,286.4],[875.2,285.6],[872.6,283.3],[872.1,281.3],[870.6,281.5],[868.9,283.1],[867.6,284.1],[866.2,284.3],[865.1,283.6],[863,284.2],[862.5,282.6],[861.3,281.9],[859.5,282.3],[857.1,285.3],[853.9,284.2],[852.8,285.2],[853.8,286.1],[853.7,287.3],[852.7,288.3],[852.1,289.7],[851.3,289.2],[851.7,288.3],[850.9,287.2],[850.1,287.2],[849.7,286.5],[848.9,286.6],[848.1,287.9],[847.4,289.9],[847.6,291.2],[846.4,292.5],[847.4,294.4],[847.3,295.1],[847.8,296.3],[847.7,297.1],[846.1,297.3],[845.9,297.7],[845.9,299.7],[845.7,300.9],[844.3,301.3],[842.1,302.4],[840.9,302.2]]]}},{"type":"Feature","properties":{"GEOID":"5402","STATEFP":"54","CD":"02","st":"WV","label_x":879.4,"label_y":270.8},"geometry":{"type":"Polygon","coordinates":[[[853.4,282.2],[853.9,284.2],[857.1,285.3],[859.5,282.3],[861.3,281.9],[862.5,282.6],[863,284.2],[865.1,283.6],[866.2,284.3],[867.6,284.1],[868.9,283.1],[870.6,281.5],[872.1,281.3],[872.6,283.3],[875.2,285.6],[875.6,286.4],[876.7,286.2],[877.7,286.8],[878.6,289.1],[880.2,288.7],[881.3,289.7],[881.7,289.4],[884.1,293],[883.5,296.4],[885.5,294],[887.2,294.1],[889.8,291.5],[890,289.3],[890.6,286.8],[892.3,288.3],[892.9,287.6],[894,287.4],[895.2,285],[894.4,283.7],[895.2,282.4],[895.5,281.3],[897.1,281.2],[897.3,280.4],[903.4,284],[904.1,281.7],[906.7,283.3],[907.7,280.2],[908.4,279.1],[909.4,278.9],[909.8,277.8],[910.7,277.8],[911.3,276.3],[910.9,276.1],[913.3,272.4],[912.6,271.8],[912.6,270.3],[913.4,268.7],[913.6,267.8],[913,265.2],[916.9,267.5],[923.7,271.2],[924.4,267.2],[924.8,266.5],[924.1,266.3],[923.7,264.2],[923,263.8],[922.7,262.8],[921.8,262.8],[920.9,261.4],[921.5,261.2],[921.4,260.2],[920.5,260.2],[919.7,261],[918.3,260.9],[916.9,259.6],[915.1,259.3],[913.9,260.9],[913.8,261.4],[912.2,261.2],[911,261.8],[910.6,263.1],[911.4,263.5],[910.6,264.4],[908.9,264.7],[907.8,264.4],[906.6,264.5],[905,263.8],[904,263.9],[903.4,265.6],[902.5,266.7],[902.3,267.8],[900.8,267.4],[899.9,267.5],[898.1,270.4],[895.5,273.1],[894.9,274.3],[893.8,275],[892.6,267.4],[891.9,262.9],[885.3,264.1],[873.4,266],[871.8,255.8],[870.5,248.4],[869.9,244.6],[869,245.3],[868.1,245.3],[867.6,246.5],[868.4,247.3],[869.1,248.5],[869.1,249.6],[869.7,252.3],[869.5,253.7],[869,254.6],[868.5,256.4],[868.4,259],[868.6,260.8],[867.7,262.2],[868,263.5],[867.5,264.1],[867.7,265.1],[867.2,266.3],[867.9,267],[867.5,267.7],[867.4,269.4],[866.5,269.7],[865.1,271.5],[864,273.2],[863.5,274.3],[862.7,274.8],[862.2,275.9],[861.3,276],[860.1,277.2],[859.2,277.1],[858.9,276.4],[857.9,276],[856.4,277.9],[856.4,279.6],[854.5,279.8],[854.4,280.9],[853.8,281.3],[853.4,282.2]]]}},{"type":"Feature","properties":{"GEOID":"5501","STATEFP":"55","CD":"01","st":"WI","label_x":727.1,"label_y":211.9},"geometry":{"type":"Polygon","coordinates":[[[716.4,210.2],[716.6,212.3],[715.5,213.1],[715.6,215.2],[716.2,215.9],[717.3,215.5],[717.6,217.2],[715.9,217.2],[716.1,218.6],[720.9,218.3],[726.4,217.8],[732.5,217.3],[737.9,216.9],[737.4,213.6],[738.1,210],[736.8,208.9],[736.4,208],[736.2,205.9],[735.8,205.4],[735.5,206.7],[734.5,206.8],[734.1,206.5],[732.4,206.5],[732.6,209],[728.5,209.4],[728.6,211.4],[726.7,211.6],[726.5,209.5],[720.6,210],[716.4,210.2]]]}},{"type":"Feature","properties":{"GEOID":"5502","STATEFP":"55","CD":"02","st":"WI","label_x":704,"label_y":207.1},"geometry":{"type":"Polygon","coordinates":[[[701.9,192.4],[697.1,192.7],[697.3,196.5],[696.4,196.1],[696.1,197.1],[695.3,196.9],[695.7,204],[694,203.2],[691.6,203.5],[692.3,213.3],[692.6,219.8],[698.7,219.4],[700.8,219.4],[716.1,218.6],[715.9,217.2],[717.6,217.2],[717.3,215.5],[716.2,215.9],[715.6,215.2],[715.5,213.1],[716.6,212.3],[716.4,210.2],[715.7,199.9],[709.7,200.4],[709.7,200.1],[703.6,200.5],[703.6,199.9],[704.2,198.9],[705.5,198.3],[705.2,194.2],[703,194],[701.9,192.4]]]}},{"type":"Feature","properties":{"GEOID":"5503","STATEFP":"55","CD":"03","st":"WI","label_x":690.2,"label_y":188},"geometry":{"type":"Polygon","coordinates":[[[650.3,166.1],[650.4,166.6],[649.7,168.8],[651,169.6],[652.9,171.3],[653,171.9],[656.1,173.2],[657.6,173.1],[658.2,173.5],[658.9,175],[659.9,175.8],[662.7,176.5],[664.9,178.1],[665.9,181.1],[666.9,182],[668.8,182.9],[669.9,184.2],[671,185],[673.4,185.5],[674.8,187],[676.3,189],[677,190.7],[676.7,192.2],[676.8,194.5],[677.5,195.2],[677.3,196],[677.8,197.1],[677.6,198.1],[678.3,199.6],[678.2,200.7],[679.5,201.2],[680.8,202.8],[679.8,204.1],[678.9,205.9],[679.1,208],[679.7,209.8],[679.7,211],[680.5,211.6],[681.6,215],[683.3,216.1],[687.4,217],[688.8,219.3],[688.9,220],[692.6,219.8],[692.3,213.3],[691.6,203.5],[694,203.2],[695.7,204],[695.3,196.9],[696.1,197.1],[696.4,196.1],[697.3,196.5],[697.1,192.7],[701.9,192.4],[705.1,192.2],[704.7,186.5],[704.2,178],[710.4,177.6],[709.7,167.3],[705.3,167.5],[697.3,168],[697.7,174.2],[695.8,174.3],[696,178.4],[699,178.2],[698.8,180.5],[698,180.2],[698,181.3],[697.2,182.1],[697.7,184],[698.4,184.6],[698.7,185.9],[697.5,186.4],[697.2,185.9],[696,186.1],[695.4,187],[694.7,186.7],[694.6,184.8],[690.4,185],[689.1,184.1],[688.5,185.1],[688.1,178.9],[687.8,174.8],[683.7,175],[683,174.8],[681.6,175.1],[679.6,175.3],[679.4,171.2],[681.4,171.1],[681,162.9],[678,163],[678.1,165.1],[676,165.2],[675.9,163],[674.5,162.7],[673.4,162.8],[672.7,163.3],[670.9,163.4],[670.8,161.3],[668.8,161.5],[668.7,159.3],[668.3,157.3],[660.2,157.6],[660.3,159.7],[660.6,159.7],[660.9,165.9],[656.9,165.9],[650.3,166.1]]]}},{"type":"Feature","properties":{"GEOID":"5504","STATEFP":"55","CD":"04","st":"WI","label_x":733.8,"label_y":203.7},"geometry":{"type":"Polygon","coordinates":[[[732,200.8],[732.3,204.6],[732.9,204.7],[732.9,205.9],[734.4,205.8],[734.5,206.8],[735.5,206.7],[735.8,205.4],[735.2,204.1],[735.7,203.4],[734.9,202],[734.9,200.6],[732,200.8]]]}},{"type":"Feature","properties":{"GEOID":"5505","STATEFP":"55","CD":"05","st":"WI","label_x":724,"label_y":202.7},"geometry":{"type":"Polygon","coordinates":[[[715.7,199.9],[716.4,210.2],[720.6,210],[726.5,209.5],[726.7,211.6],[728.6,211.4],[728.5,209.4],[732.6,209],[732.4,206.5],[734.1,206.5],[734.5,206.8],[734.4,205.8],[732.9,205.9],[732.9,204.7],[732.3,204.6],[732,200.8],[731.7,196.7],[732.1,196.6],[731.7,192.5],[723.6,193.2],[724.9,195.1],[719.6,195.5],[718.9,195],[718.5,196],[717.5,195.6],[715.5,195.8],[715.7,199.9]]]}},{"type":"Feature","properties":{"GEOID":"5506","STATEFP":"55","CD":"06","st":"WI","label_x":721,"label_y":187.7},"geometry":{"type":"Polygon","coordinates":[[[710.4,177.6],[704.2,178],[704.7,186.5],[705.1,192.2],[701.9,192.4],[703,194],[705.2,194.2],[705.5,198.3],[704.2,198.9],[703.6,199.9],[703.6,200.5],[709.7,200.1],[709.7,200.4],[715.7,199.9],[715.5,195.8],[717.5,195.6],[718.5,196],[718.9,195],[719.6,195.5],[724.9,195.1],[723.6,193.2],[731.7,192.5],[732.1,196.6],[731.7,196.7],[732,200.8],[734.9,200.6],[734.5,199.2],[734.9,195.9],[735.9,194],[735.9,191.7],[737.2,188.6],[737.1,186.8],[736.5,185.8],[736.2,184.1],[736.8,180.8],[737.2,180],[737.2,178.8],[738.6,177.7],[739.2,176.8],[739.3,175.6],[738.5,173.3],[732.7,173.8],[732.9,175.9],[730.3,176.1],[730.8,182.2],[729,182.4],[728.9,181.9],[724.7,182.2],[724.2,176.5],[721.5,176.7],[721.6,177.8],[720.5,178.9],[718.7,178.3],[718.1,177],[710.4,177.6]]]}},{"type":"Feature","properties":{"GEOID":"5507","STATEFP":"55","CD":"07","st":"WI","label_x":684.4,"label_y":151.6},"geometry":{"type":"MultiPolygon","coordinates":[[[[682.9,116.2],[683.1,116.6],[684.6,116.1],[684.8,115],[683.1,115.8],[682.9,116.2]]],[[[680.8,119.6],[681.2,120.3],[682.7,118.6],[684.3,117.9],[683.5,117.3],[681.7,119.2],[680.8,119.6]]],[[[661.1,122.4],[659.8,121.4],[658.9,122.2],[657.9,123.8],[656.6,123.5],[657.1,137.4],[656.6,137.6],[656.1,138.8],[655.1,138.6],[654.4,139.8],[653.5,139.6],[653,140.4],[651.6,140.9],[650.5,141.8],[649.3,144.9],[648,146.1],[647.7,147.9],[647.8,149.4],[648.8,149.7],[649.7,149.6],[650.5,150.8],[651.9,152.4],[651.8,153.5],[651.1,154.9],[650.1,156],[650.5,160.3],[649.7,161.1],[650.2,162.2],[650.2,163.6],[650.5,164.4],[650.3,166.1],[656.9,165.9],[660.9,165.9],[660.6,159.7],[660.3,159.7],[660.2,157.6],[668.3,157.3],[668.7,159.3],[668.8,161.5],[670.8,161.3],[670.9,163.4],[672.7,163.3],[673.4,162.8],[674.5,162.7],[675.9,163],[676,165.2],[678.1,165.1],[678,163],[681,162.9],[681.4,171.1],[679.4,171.2],[679.6,175.3],[681.6,175.1],[683,174.8],[683.7,175],[687.8,174.8],[688.1,178.9],[688.5,185.1],[689.1,184.1],[690.4,185],[694.6,184.8],[694.7,186.7],[695.4,187],[696,186.1],[697.2,185.9],[697.5,186.4],[698.7,185.9],[698.4,184.6],[697.7,184],[697.2,182.1],[698,181.3],[698,180.2],[698.8,180.5],[699,178.2],[696,178.4],[695.8,174.3],[697.7,174.2],[697.3,168],[705.3,167.5],[709.7,167.3],[709.1,159.1],[713.2,158.8],[713,156.7],[718.7,156.3],[718.5,154.3],[717.8,154.3],[717.6,150.2],[721.7,149.9],[721.1,141.8],[727.1,141.6],[727,140],[726.4,139.9],[725.7,139.1],[726.5,138.1],[726.1,136.9],[725.2,136.4],[722.8,136.3],[721.3,135.5],[720.8,135.9],[719.2,135],[718.3,135.2],[717.5,135.9],[715.4,135.1],[714.7,135.4],[709.4,132.9],[702.7,131.6],[692.3,129.4],[692.3,128.9],[690.5,125.7],[689.7,125.7],[688.9,124.9],[687.6,125.1],[687.2,124.3],[685.7,123.9],[685.2,124.1],[682.3,122.3],[681,123.3],[679.2,124.4],[678.5,124],[679,122.6],[679.9,121.6],[679.3,120.3],[680.8,118.2],[681,117.3],[680.6,116.1],[679.4,115.5],[678.4,116.2],[677.8,116],[675.8,118],[673.2,118.7],[671.9,119.3],[671.4,119.9],[669.2,120.8],[668.2,120.9],[664.7,122.5],[662.3,122.9],[661.1,122.4]]]]}},{"type":"Feature","properties":{"GEOID":"5508","STATEFP":"55","CD":"08","st":"WI","label_x":720.7,"label_y":161.1},"geometry":{"type":"MultiPolygon","coordinates":[[[[746.1,148.4],[746.6,148.9],[747.6,148.6],[747.8,147.1],[746.1,146.9],[746.1,148.4]]],[[[709.7,167.3],[710.4,177.6],[718.1,177],[718.7,178.3],[720.5,178.9],[721.6,177.8],[721.5,176.7],[724.2,176.5],[724.7,182.2],[728.9,181.9],[729,182.4],[730.8,182.2],[730.3,176.1],[732.9,175.9],[732.7,173.8],[738.5,173.3],[738.8,172.2],[739.1,168.9],[739.7,166.7],[740.3,165.8],[741,163.8],[741.3,162.2],[742.1,160.6],[743,160],[743.4,158.7],[743,157.8],[743.8,156.6],[743.9,155.3],[744.9,153.9],[745,151.4],[745.9,151.6],[745.5,149.7],[743.7,150.9],[743.3,152.5],[741.8,153.1],[741.6,155.1],[740.7,156.3],[739.6,159.6],[738.1,160.8],[736.3,161.4],[734.7,164.3],[734.8,164.9],[734.1,166.3],[732.7,166.9],[731.6,169],[730.9,169.2],[729.8,168.6],[730.4,164.7],[731.1,163.6],[731.6,162.1],[732.5,160.4],[732.7,159],[735.7,158],[735.6,156.6],[736.1,155.4],[734.9,155.2],[734.5,154.4],[733.5,153.7],[733.9,151.6],[734.7,149.7],[733.8,148.6],[732.9,149.7],[730.7,149.5],[731.2,148.4],[730.9,147.8],[731.7,147.1],[731.9,146.2],[731.7,145.3],[732,143.8],[731.1,142.4],[731.2,141.3],[730,140.3],[727,140],[727.1,141.6],[721.1,141.8],[721.7,149.9],[717.6,150.2],[717.8,154.3],[718.5,154.3],[718.7,156.3],[713,156.7],[713.2,158.8],[709.1,159.1],[709.7,167.3]]]]}},{"type":"Feature","properties":{"GEOID":"5600","STATEFP":"56","CD":"00","st":"WY","label_x":398.3,"label_y":199.6},"geometry":{"type":"Polygon","coordinates":[[[346.7,144],[346.5,144],[344.6,156.1],[344.7,156.2],[343,166.8],[341.1,178.9],[340,185.9],[338.3,197.1],[337.4,202.2],[335.5,213.9],[334,223.8],[331.8,237.4],[334.8,237.9],[341.3,239],[347.9,239.9],[358.2,241.4],[366.6,242.5],[380.6,244.4],[391.6,245.8],[397,246.4],[405.1,247.4],[412.1,248.2],[416.3,248.7],[424.9,249.6],[438.7,251],[443.4,251.3],[454.3,252.3],[455.2,242.5],[456.1,231.4],[457.3,216.9],[458.3,205.1],[459.1,195.8],[460,185.2],[460.6,178.6],[461.6,166.7],[462.2,158.2],[452.7,157.3],[443.8,156.4],[431.5,155.2],[431.2,155.3],[420.6,154.1],[412.1,153.1],[411.4,153],[396.8,151.2],[388.4,150.1],[379,148.8],[378.7,148.7],[367.9,147.2],[362.2,146.3],[360.9,146.3],[357.2,145.7],[356.5,145.7],[352.3,145.1],[350.9,144.7],[346.7,144]]]}}]}
