year,state,state_num,district,stcd,dem_votes,rep_votes,n_dem,n_rep,dv,uncontested,top_two,la_primary,runoff_mixed
2004,Alabama,1,1,101,93938,161067,1,1,36.84,0,0,0,0
2004,Alabama,1,2,102,70562,177086,1,1,28.49,0,0,0,0
2004,Alabama,1,3,103,95240,150411,1,1,38.77,0,0,0,0
2004,Alabama,1,4,104,64278,191110,1,1,25.17,0,0,0,0
2004,Alabama,1,5,105,200999,74145,1,1,73.05,0,0,0,0
2004,Alabama,1,6,106,0,264819,0,1,,1,0,0,0
2004,Alabama,1,7,107,183408,61019,1,1,75.04,0,0,0,0
2004,Alaska,2,1,201,67074,213216,1,1,23.93,0,0,0,0
2004,Arizona,3,1,301,91776,148315,1,1,38.23,0,0,0,0
2004,Arizona,3,2,302,107406,165260,1,1,39.39,0,0,0,0
2004,Arizona,3,3,303,0,181012,0,1,,1,0,0,0
2004,Arizona,3,4,304,77150,28238,1,1,73.21,0,0,0,0
2004,Arizona,3,5,305,102363,159455,1,1,39.1,0,0,0,0
2004,Arizona,3,6,306,0,202882,0,1,,1,0,0,0
2004,Arizona,3,7,307,108868,59066,1,1,64.83,0,0,0,0
2004,Arizona,3,8,308,109963,183363,1,1,37.49,0,0,0,0
2004,Arkansas,4,1,401,162388,81556,1,1,66.57,0,0,0,0
2004,Arkansas,4,2,402,160834,115655,1,1,58.17,0,0,0,0
2004,Arkansas,4,3,403,103158,160629,1,1,39.11,0,0,0,0
2004,Arkansas,4,4,404,0,0,0,0,,1,0,0,0
2004,California,5,1,501,189366,79970,1,1,70.31,0,0,0,0
2004,California,5,2,502,90310,182119,1,1,33.15,0,0,0,0
2004,California,5,3,503,100025,177738,1,1,36.01,0,0,0,0
2004,California,5,4,504,117443,221926,1,1,34.61,0,0,0,0
2004,California,5,5,505,138004,45120,1,1,75.36,0,0,0,0
2004,California,5,6,506,226423,85244,1,1,72.65,0,0,0,0
2004,California,5,7,507,166831,52446,1,1,76.08,0,0,0,0
2004,California,5,8,508,224017,31074,1,1,87.82,0,0,0,0
2004,California,5,9,509,215630,31278,1,1,87.33,0,0,0,0
2004,California,5,10,510,182750,95349,1,1,65.71,0,0,0,0
2004,California,5,11,511,103587,163582,1,1,38.77,0,0,0,0
2004,California,5,12,512,171852,52593,1,1,76.57,0,0,0,0
2004,California,5,13,513,144605,48439,1,1,74.91,0,0,0,0
2004,California,5,14,514,182712,69564,1,1,72.43,0,0,0,0
2004,California,5,15,515,154385,59953,1,1,72.03,0,0,0,0
2004,California,5,16,516,129222,47992,1,1,72.92,0,0,0,0
2004,California,5,17,517,148958,65117,1,1,69.58,0,0,0,0
2004,California,5,18,518,103732,49973,1,1,67.49,0,0,0,0
2004,California,5,19,519,64047,155354,1,1,29.19,0,0,0,0
2004,California,5,20,520,61005,53231,1,1,53.4,0,0,0,0
2004,California,5,21,521,51594,140721,1,1,26.83,0,0,0,0
2004,California,5,22,522,0,209384,0,1,,1,0,0,0
2004,California,5,23,523,153980,83926,1,1,64.72,0,0,0,0
2004,California,5,24,524,96397,178660,1,1,35.05,0,0,0,0
2004,California,5,25,525,80395,145575,1,1,35.58,0,0,0,0
2004,California,5,26,526,107522,134596,1,1,44.41,0,0,0,0
2004,California,5,27,527,125296,66946,1,1,65.18,0,0,0,0
2004,California,5,28,528,115303,37868,1,1,75.28,0,0,0,0
2004,California,5,29,529,133670,62871,1,1,68.01,0,0,0,0
2004,California,5,30,530,216682,87465,1,1,71.24,0,0,0,0
2004,California,5,31,531,89363,22048,1,1,80.21,0,0,0,0
2004,California,5,32,532,119144,0,1,0,,1,0,0,0
2004,California,5,33,533,166801,0,1,0,,1,0,0,0
2004,California,5,34,534,82282,28175,1,1,74.49,0,0,0,0
2004,California,5,35,535,125949,23591,1,1,84.22,0,0,0,0
2004,California,5,36,536,151208,81666,1,1,64.93,0,0,0,0
2004,California,5,37,537,118823,31960,1,1,78.8,0,0,0,0
2004,California,5,38,538,116851,0,1,0,,1,0,0,0
2004,California,5,39,539,100132,64832,1,1,60.7,0,0,0,0
2004,California,5,40,540,69684,147617,1,1,32.07,0,0,0,0
2004,California,5,41,541,0,181605,0,1,,1,0,0,0
2004,California,5,42,542,78393,167632,1,1,31.86,0,0,0,0
2004,California,5,43,543,86830,44004,1,1,66.37,0,0,0,0
2004,California,5,44,544,78796,138768,1,1,36.22,0,0,0,0
2004,California,5,45,545,76967,153523,1,1,33.39,0,0,0,0
2004,California,5,46,546,90129,171318,1,1,34.47,0,0,0,0
2004,California,5,47,547,65684,43099,1,1,60.38,0,0,0,0
2004,California,5,48,548,93525,189004,1,1,33.1,0,0,0,0
2004,California,5,49,549,79057,141658,1,1,35.82,0,0,0,0
2004,California,5,50,550,105590,169025,1,1,38.45,0,0,0,0
2004,California,5,51,551,111441,63526,1,1,63.69,0,0,0,0
2004,California,5,52,552,74857,187799,1,1,28.5,0,0,0,0
2004,California,5,53,553,146449,63897,1,1,69.62,0,0,0,0
2004,Colorado,6,1,601,177077,58659,1,1,75.12,0,0,0,0
2004,Colorado,6,2,602,207900,94160,1,1,68.83,0,0,0,0
2004,Colorado,6,3,603,153500,141376,1,1,52.06,0,0,0,0
2004,Colorado,6,4,604,136812,155958,1,1,46.73,0,0,0,0
2004,Colorado,6,5,605,74098,193333,1,1,27.71,0,0,0,0
2004,Colorado,6,6,606,139870,212778,1,1,39.66,0,0,0,0
2004,Colorado,6,7,607,106026,135571,1,1,43.89,0,0,0,0
2004,Connecticut,7,1,701,198802,73601,1,1,72.98,0,0,0,0
2004,Connecticut,7,2,702,140536,166412,1,1,45.78,0,0,0,0
2004,Connecticut,7,3,703,200638,69160,1,1,74.37,0,0,0,0
2004,Connecticut,7,4,704,138333,152493,1,1,47.57,0,0,0,0
2004,Connecticut,7,5,705,107438,168268,1,1,38.97,0,0,0,0
2004,Delaware,8,1,801,105716,245978,1,1,30.06,0,0,0,0
2004,Florida,9,1,901,72506,236604,1,1,23.46,0,0,0,0
2004,Florida,9,2,902,201577,125399,1,1,61.65,0,0,0,0
2004,Florida,9,3,903,172833,0,1,0,,1,0,0,0
2004,Florida,9,4,904,0,256157,0,1,,1,0,0,0
2004,Florida,9,5,905,124140,240315,1,1,34.06,0,0,0,0
2004,Florida,9,6,906,116680,211137,1,1,35.59,0,0,0,0
2004,Florida,9,7,907,0,0,0,0,,1,0,0,0
2004,Florida,9,8,908,112343,172232,1,1,39.48,0,0,0,0
2004,Florida,9,9,909,0,284035,0,1,,1,0,0,0
2004,Florida,9,10,910,91658,207175,1,1,30.67,0,0,0,0
2004,Florida,9,11,911,191780,0,1,0,,1,0,0,0
2004,Florida,9,12,912,96965,179204,1,1,35.11,0,0,0,0
2004,Florida,9,13,913,153961,190477,1,1,44.7,0,0,0,0
2004,Florida,9,14,914,108672,226662,1,1,32.41,0,0,0,0
2004,Florida,9,15,915,111538,210388,1,1,34.65,0,0,0,0
2004,Florida,9,16,916,101247,215563,1,1,31.96,0,0,0,0
2004,Florida,9,17,917,178690,0,1,0,,1,0,0,0
2004,Florida,9,18,918,78281,143647,1,1,35.27,0,0,0,0
2004,Florida,9,19,919,0,0,0,0,,1,0,0,0
2004,Florida,9,20,920,191195,81213,1,1,70.19,0,0,0,0
2004,Florida,9,21,921,0,146507,0,1,,1,0,0,0
2004,Florida,9,22,922,108258,192581,1,1,35.99,0,0,0,0
2004,Florida,9,23,923,0,0,0,0,,1,0,0,0
2004,Florida,9,24,924,0,0,0,0,,1,0,0,0
2004,Florida,9,25,925,0,0,0,0,,1,0,0,0
2004,Georgia,10,1,1001,0,188347,0,1,,1,0,0,0
2004,Georgia,10,2,1002,129984,64645,1,1,66.79,0,0,0,0
2004,Georgia,10,3,1003,136273,80435,1,1,62.88,0,0,0,0
2004,Georgia,10,4,1004,157461,89509,1,1,63.76,0,0,0,0
2004,Georgia,10,5,1005,201773,0,1,0,,1,0,0,0
2004,Georgia,10,6,1006,0,267542,0,1,,1,0,0,0
2004,Georgia,10,7,1007,0,258982,0,1,,1,0,0,0
2004,Georgia,10,8,1008,73632,227524,1,1,24.45,0,0,0,0
2004,Georgia,10,9,1009,68462,197869,1,1,25.71,0,0,0,0
2004,Georgia,10,10,1010,0,219136,0,1,,1,0,0,0
2004,Georgia,10,11,1011,89591,120696,1,1,42.6,0,0,0,0
2004,Georgia,10,12,1012,113036,105132,1,1,51.81,0,0,0,0
2004,Georgia,10,13,1013,170657,0,1,0,,1,0,0,0
2004,Hawaii,11,1,1101,128567,69371,1,1,64.95,0,0,0,0
2004,Hawaii,11,2,1102,133317,79072,1,1,62.77,0,0,0,0
2004,Idaho,12,1,1201,90927,207662,1,1,30.45,0,0,0,0
2004,Idaho,12,2,1202,80133,193704,1,1,29.26,0,0,0,0
2004,Illinois,13,1,1301,212109,37840,1,1,84.86,0,0,0,0
2004,Illinois,13,2,1302,207535,0,1,0,,1,0,0,0
2004,Illinois,13,3,1303,167034,57845,1,1,74.28,0,0,0,0
2004,Illinois,13,4,1304,104761,15536,1,1,87.09,0,0,0,0
2004,Illinois,13,5,1305,158400,49530,1,1,76.18,0,0,0,0
2004,Illinois,13,6,1306,110470,139627,1,1,44.17,0,0,0,0
2004,Illinois,13,7,1307,221133,35603,1,1,86.13,0,0,0,0
2004,Illinois,13,8,1308,139792,130601,1,1,51.7,0,0,0,0
2004,Illinois,13,9,1309,175282,56135,1,1,75.74,0,0,0,0
2004,Illinois,13,10,1310,99218,177493,1,1,35.86,0,0,0,0
2004,Illinois,13,11,1311,121903,173057,1,1,41.33,0,0,0,0
2004,Illinois,13,12,1312,198962,82677,1,1,70.64,0,0,0,0
2004,Illinois,13,13,1313,107836,200472,1,1,34.98,0,0,0,0
2004,Illinois,13,14,1314,87590,191618,1,1,31.37,0,0,0,0
2004,Illinois,13,15,1315,113625,178114,1,1,38.95,0,0,0,0
2004,Illinois,13,16,1316,91452,204350,1,1,30.92,0,0,0,0
2004,Illinois,13,17,1317,172320,111680,1,1,60.68,0,0,0,0
2004,Illinois,13,18,1318,91548,216047,1,1,29.76,0,0,0,0
2004,Illinois,13,19,1319,94303,213451,1,1,30.64,0,0,0,0
2004,Indiana,14,1,1401,178406,82858,1,1,68.29,0,0,0,0
2004,Indiana,14,2,1402,115513,140496,1,1,45.12,0,0,0,0
2004,Indiana,14,3,1403,76232,171389,1,1,30.79,0,0,0,0
2004,Indiana,14,4,1404,77574,190445,1,1,28.94,0,0,0,0
2004,Indiana,14,5,1405,82637,228718,1,1,26.54,0,0,0,0
2004,Indiana,14,6,1406,85123,182529,1,1,31.8,0,0,0,0
2004,Indiana,14,7,1407,121303,97491,1,1,55.44,0,0,0,0
2004,Indiana,14,8,1408,121522,145576,1,1,45.5,0,0,0,0
2004,Indiana,14,9,1409,140772,142197,1,1,49.75,0,0,0,0
2004,Iowa,15,1,1501,125490,159993,1,1,43.96,0,0,0,0
2004,Iowa,15,2,1502,117405,176684,1,1,39.92,0,0,0,0
2004,Iowa,15,3,1503,168007,136099,1,1,55.25,0,0,0,0
2004,Iowa,15,4,1504,116121,181294,1,1,39.04,0,0,0,0
2004,Iowa,15,5,1505,97597,168583,1,1,36.67,0,0,0,0
2004,Kansas,16,1,1601,0,239776,0,1,,1,0,0,0
2004,Kansas,16,2,1602,121532,165325,1,1,42.37,0,0,0,0
2004,Kansas,16,3,1603,184050,145542,1,1,55.84,0,0,0,0
2004,Kansas,16,4,1604,81388,173151,1,1,31.97,0,0,0,0
2004,Kentucky,17,1,1701,85229,175972,1,1,32.63,0,0,0,0
2004,Kentucky,17,2,1702,87585,185394,1,1,32.08,0,0,0,0
2004,Kentucky,17,3,1703,124040,197736,1,1,38.55,0,0,0,0
2004,Kentucky,17,4,1704,129876,160982,1,1,44.65,0,0,0,0
2004,Kentucky,17,5,1705,0,177579,0,1,,1,0,0,0
2004,Kentucky,17,6,1706,175355,119716,1,1,59.43,0,0,0,0
2004,Louisiana,18,1,1801,54214,233683,4,2,18.83,0,0,1,0
2004,Louisiana,18,2,1802,173510,46097,1,1,79.01,0,0,1,0
2004,Louisiana,18,3,1803,57611,57042,1,1,50.25,0,0,1,0
2004,Louisiana,18,4,1804,0,0,0,0,,1,0,1,0
2004,Louisiana,18,5,1805,58591,179466,1,2,24.61,0,0,1,0
2004,Louisiana,18,6,1806,72763,189106,2,1,27.79,0,0,1,0
2004,Louisiana,18,7,1807,61493,75039,1,1,45.04,0,0,1,0
2004,Maine,19,1,1901,219077,147663,1,1,59.74,0,0,0,0
2004,Maine,19,2,1902,199303,135547,1,1,59.52,0,0,0,0
2004,Maryland,20,1,2001,77872,245149,1,1,24.11,0,0,0,0
2004,Maryland,20,2,2002,164751,75812,1,1,68.49,0,0,0,0
2004,Maryland,20,3,2003,182066,97008,1,1,65.24,0,0,0,0
2004,Maryland,20,4,2004,196809,52907,1,1,78.81,0,0,0,0
2004,Maryland,20,5,2005,204867,87189,1,1,70.15,0,0,0,0
2004,Maryland,20,6,2006,90108,206076,1,1,30.42,0,0,0,0
2004,Maryland,20,7,2007,179189,60102,1,1,74.88,0,0,0,0
2004,Maryland,20,8,2008,215129,71989,1,1,74.93,0,0,0,0
2004,Massachusetts,21,1,2101,229465,0,1,0,,1,0,0,0
2004,Massachusetts,21,2,2102,217682,0,1,0,,1,0,0,0
2004,Massachusetts,21,3,2103,192036,80197,1,1,70.54,0,0,0,0
2004,Massachusetts,21,4,2104,219260,0,1,0,,1,0,0,0
2004,Massachusetts,21,5,2105,179652,88232,1,1,67.06,0,0,0,0
2004,Massachusetts,21,6,2106,213458,91597,1,1,69.97,0,0,0,0
2004,Massachusetts,21,7,2107,202399,60334,1,1,77.04,0,0,0,0
2004,Massachusetts,21,8,2108,165852,0,1,0,,1,0,0,0
2004,Massachusetts,21,9,2109,218167,0,1,0,,1,0,0,0
2004,Massachusetts,21,10,2110,222013,114879,1,1,65.9,0,0,0,0
2004,Michigan,22,1,2201,211571,105706,1,1,66.68,0,0,0,0
2004,Michigan,22,2,2202,94040,225343,1,1,29.44,0,0,0,0
2004,Michigan,22,3,2203,101395,214465,1,1,32.1,0,0,0,0
2004,Michigan,22,4,2204,110885,205274,1,1,35.07,0,0,0,0
2004,Michigan,22,5,2205,208163,96934,1,1,68.23,0,0,0,0
2004,Michigan,22,6,2206,97978,197425,1,1,33.17,0,0,0,0
2004,Michigan,22,7,2207,109527,176053,1,1,38.35,0,0,0,0
2004,Michigan,22,8,2208,125619,207925,1,1,37.66,0,0,0,0
2004,Michigan,22,9,2209,134764,199210,1,1,40.35,0,0,0,0
2004,Michigan,22,10,2210,98029,227720,1,1,30.09,0,0,0,0
2004,Michigan,22,11,2211,134301,186431,1,1,41.87,0,0,0,0
2004,Michigan,22,12,2212,210827,88256,1,1,70.49,0,0,0,0
2004,Michigan,22,13,2213,173246,40935,1,1,80.89,0,0,0,0
2004,Michigan,22,14,2214,213681,35089,1,1,85.9,0,0,0,0
2004,Michigan,22,15,2215,218409,81828,1,1,72.75,0,0,0,0
2004,Minnesota,23,1,2301,115088,193132,1,1,37.34,0,0,0,0
2004,Minnesota,23,2,2302,147527,206313,1,1,41.69,0,0,0,0
2004,Minnesota,23,3,2303,126665,231871,1,1,35.33,0,0,0,0
2004,Minnesota,23,4,2304,182387,105467,1,1,63.36,0,0,0,0
2004,Minnesota,23,5,2305,218434,76600,1,1,74.04,0,0,0,0
2004,Minnesota,23,6,2306,173309,203669,1,1,45.97,0,0,0,0
2004,Minnesota,23,7,2307,207628,106349,1,1,66.13,0,0,0,0
2004,Minnesota,23,8,2308,228586,112693,1,1,66.98,0,0,0,0
2004,Mississippi,24,1,2401,0,219328,0,1,,1,0,0,0
2004,Mississippi,24,2,2402,154626,107647,1,1,58.96,0,0,0,0
2004,Mississippi,24,3,2403,0,234874,0,1,,1,0,0,0
2004,Mississippi,24,4,2404,179979,96740,1,1,65.04,0,0,0,0
2004,Missouri,25,1,2501,213658,64791,1,1,76.73,0,0,0,0
2004,Missouri,25,2,2502,115366,228725,1,1,33.53,0,0,0,0
2004,Missouri,25,3,2503,146894,125422,1,1,53.94,0,0,0,0
2004,Missouri,25,4,2504,190800,93334,1,1,67.15,0,0,0,0
2004,Missouri,25,5,2505,161727,123431,1,1,56.71,0,0,0,0
2004,Missouri,25,6,2506,106987,196516,1,1,35.25,0,0,0,0
2004,Missouri,25,7,2507,84356,210080,1,1,28.65,0,0,0,0
2004,Missouri,25,8,2508,71543,194039,1,1,26.94,0,0,0,0
2004,Missouri,25,9,2509,101343,193429,1,1,34.38,0,0,0,0
2004,Montana,26,1,2601,145606,286076,1,1,33.73,0,0,0,0
2004,Nebraska,27,1,2701,113971,143756,1,1,44.22,0,0,0,0
2004,Nebraska,27,2,2702,90292,152608,1,1,37.17,0,0,0,0
2004,Nebraska,27,3,2703,26434,218751,1,1,10.78,0,0,0,0
2004,Nevada,28,1,2801,133569,63005,1,1,67.95,0,0,0,0
2004,Nevada,28,2,2802,79978,195466,1,1,29.04,0,0,0,0
2004,Nevada,28,3,2803,120365,162240,1,1,42.59,0,0,0,0
2004,New Hampshire,29,1,2901,118226,204836,1,1,36.6,0,0,0,0
2004,New Hampshire,29,2,2902,125280,191188,1,1,39.59,0,0,0,0
2004,New Jersey,30,1,3001,201163,66109,1,1,75.27,0,0,0,0
2004,New Jersey,30,2,3002,86792,172779,1,1,33.44,0,0,0,0
2004,New Jersey,30,3,3003,107034,195938,1,1,35.33,0,0,0,0
2004,New Jersey,30,4,3004,92826,192671,1,1,32.51,0,0,0,0
2004,New Jersey,30,5,3005,122259,171220,1,1,41.66,0,0,0,0
2004,New Jersey,30,6,3006,153981,70942,1,1,68.46,0,0,0,0
2004,New Jersey,30,7,3007,119081,162597,1,1,42.28,0,0,0,0
2004,New Jersey,30,8,3008,152001,62747,1,1,70.78,0,0,0,0
2004,New Jersey,30,9,3009,146038,68564,1,1,68.05,0,0,0,0
2004,New Jersey,30,10,3010,155697,0,1,0,,1,0,0,0
2004,New Jersey,30,11,3011,91811,200915,1,1,31.36,0,0,0,0
2004,New Jersey,30,12,3012,171691,115014,1,1,59.88,0,0,0,0
2004,New Jersey,30,13,3013,121018,35288,1,1,77.42,0,0,0,0
2004,New Mexico,31,1,3101,123339,147372,1,1,45.56,0,0,0,0
2004,New Mexico,31,2,3102,86292,130498,1,1,39.8,0,0,0,0
2004,New Mexico,31,3,3103,175269,79935,1,1,68.68,0,0,0,0
2004,New York,32,1,3201,156354,121855,1,1,56.2,0,0,0,0
2004,New York,32,2,3202,161593,80950,1,1,66.62,0,0,0,0
2004,New York,32,3,3203,100737,171259,1,1,37.04,0,0,0,0
2004,New York,32,4,3204,159969,94141,1,1,62.95,0,0,0,0
2004,New York,32,5,3205,119726,46867,1,1,71.87,0,0,0,0
2004,New York,32,6,3206,129688,0,1,0,,1,0,0,0
2004,New York,32,7,3207,104275,24548,1,1,80.94,0,0,0,0
2004,New York,32,8,3208,162082,39240,1,1,80.51,0,0,0,0
2004,New York,32,9,3209,113025,45451,1,1,71.32,0,0,0,0
2004,New York,32,10,3210,136113,11099,1,1,92.46,0,0,0,0
2004,New York,32,11,3211,144999,0,1,0,,1,0,0,0
2004,New York,32,12,3212,107796,17166,1,1,86.26,0,0,0,0
2004,New York,32,13,3213,78500,112934,1,1,41.01,0,0,0,0
2004,New York,32,14,3214,186688,43623,1,1,81.06,0,0,0,0
2004,New York,32,15,3215,161351,12355,1,1,92.89,0,0,0,0
2004,New York,32,16,3216,111638,5610,1,1,95.22,0,0,0,0
2004,New York,32,17,3217,140530,40524,1,1,77.62,0,0,0,0
2004,New York,32,18,3218,170715,73975,1,1,69.77,0,0,0,0
2004,New York,32,19,3219,87429,175401,1,1,33.26,0,0,0,0
2004,New York,32,20,3220,96630,188753,1,1,33.86,0,0,0,0
2004,New York,32,21,3221,194033,80121,1,1,70.78,0,0,0,0
2004,New York,32,22,3222,167489,81881,1,1,67.16,0,0,0,0
2004,New York,32,23,3223,66448,160079,1,1,29.33,0,0,0,0
2004,New York,32,24,3224,85140,143000,1,1,37.32,0,0,0,0
2004,New York,32,25,3225,0,189063,0,1,,1,0,0,0
2004,New York,32,26,3226,125613,157466,1,1,44.37,0,0,0,0
2004,New York,32,27,3227,143332,139558,1,1,50.67,0,0,0,0
2004,New York,32,28,3228,159655,54543,1,1,74.54,0,0,0,0
2004,New York,32,29,3229,110241,136883,1,1,44.61,0,0,0,0
2004,North Carolina,33,1,3301,137667,77508,1,1,63.98,0,0,0,0
2004,North Carolina,33,2,3302,145079,87811,1,1,62.3,0,0,0,0
2004,North Carolina,33,3,3303,71227,171863,1,1,29.3,0,0,0,0
2004,North Carolina,33,4,3304,217441,121717,1,1,64.11,0,0,0,0
2004,North Carolina,33,5,3305,117271,167546,1,1,41.17,0,0,0,0
2004,North Carolina,33,6,3306,76153,207470,1,1,26.85,0,0,0,0
2004,North Carolina,33,7,3307,180382,66084,1,1,73.19,0,0,0,0
2004,North Carolina,33,8,3308,100101,125070,1,1,44.46,0,0,0,0
2004,North Carolina,33,9,3309,89318,210783,1,1,29.76,0,0,0,0
2004,North Carolina,33,10,3310,88233,157884,1,1,35.85,0,0,0,0
2004,North Carolina,33,11,3311,131188,159709,1,1,45.1,0,0,0,0
2004,North Carolina,33,12,3312,154908,76898,1,1,66.83,0,0,0,0
2004,North Carolina,33,13,3313,160896,112788,1,1,58.79,0,0,0,0
2004,North Dakota,34,1,3401,185130,125684,1,1,59.56,0,0,0,0
2004,Ohio,35,1,3501,116235,173430,1,1,40.13,0,0,0,0
2004,Ohio,35,2,3502,89598,227102,1,1,28.29,0,0,0,0
2004,Ohio,35,3,3503,119448,197290,1,1,37.71,0,0,0,0
2004,Ohio,35,4,3504,118538,167807,1,1,41.4,0,0,0,0
2004,Ohio,35,5,3505,96656,196649,1,1,32.95,0,0,0,0
2004,Ohio,35,6,3506,223842,0,1,0,,1,0,0,0
2004,Ohio,35,7,3507,100617,186534,1,1,35.04,0,0,0,0
2004,Ohio,35,8,3508,90574,201675,1,1,30.99,0,0,0,0
2004,Ohio,35,9,3509,205149,95983,1,1,68.13,0,0,0,0
2004,Ohio,35,10,3510,172406,96463,1,1,64.12,0,0,0,0
2004,Ohio,35,11,3511,222371,0,1,0,,1,0,0,0
2004,Ohio,35,12,3512,122109,198912,1,1,38.04,0,0,0,0
2004,Ohio,35,13,3513,201004,97090,1,1,67.43,0,0,0,0
2004,Ohio,35,14,3514,119714,201652,1,1,37.25,0,0,0,0
2004,Ohio,35,15,3515,110915,166520,1,1,39.98,0,0,0,0
2004,Ohio,35,16,3516,101817,202544,1,1,33.45,0,0,0,0
2004,Ohio,35,17,3517,212800,62871,1,1,77.19,0,0,0,0
2004,Ohio,35,18,3518,90820,177600,1,1,33.84,0,0,0,0
2004,Oklahoma,36,1,3601,116731,187145,1,1,38.41,0,0,0,0
2004,Oklahoma,36,2,3602,179579,92963,1,1,65.89,0,0,0,0
2004,Oklahoma,36,3,3603,0,215510,0,1,,1,0,0,0
2004,Oklahoma,36,4,3604,0,198985,0,1,,1,0,0,0
2004,Oklahoma,36,5,3605,92719,180430,1,1,33.94,0,0,0,0
2004,Oregon,37,1,3701,203771,135164,1,1,60.12,0,0,0,0
2004,Oregon,37,2,3702,88914,248461,1,1,26.35,0,0,0,0
2004,Oregon,37,3,3703,245559,82045,1,1,74.96,0,0,0,0
2004,Oregon,37,4,3704,228611,140882,1,1,61.87,0,0,0,0
2004,Oregon,37,5,3705,184833,154993,1,1,54.39,0,0,0,0
2004,Pennsylvania,38,1,3801,214462,33266,1,1,86.57,0,0,0,0
2004,Pennsylvania,38,2,3802,253226,34411,1,1,88.04,0,0,0,0
2004,Pennsylvania,38,3,3803,110684,166580,1,1,39.92,0,0,0,0
2004,Pennsylvania,38,4,3804,116303,204329,1,1,36.27,0,0,0,0
2004,Pennsylvania,38,5,3805,0,192852,0,1,,1,0,0,0
2004,Pennsylvania,38,6,3806,153977,160348,1,1,48.99,0,0,0,0
2004,Pennsylvania,38,7,3807,134932,196556,1,1,40.7,0,0,0,0
2004,Pennsylvania,38,8,3808,143427,183229,1,1,43.91,0,0,0,0
2004,Pennsylvania,38,9,3809,80787,184320,1,1,30.47,0,0,0,0
2004,Pennsylvania,38,10,3810,0,191967,0,1,,1,0,0,0
2004,Pennsylvania,38,11,3811,171147,0,1,0,,1,0,0,0
2004,Pennsylvania,38,12,3812,204504,0,1,0,,1,0,0,0
2004,Pennsylvania,38,13,3813,171763,127205,1,1,57.45,0,0,0,0
2004,Pennsylvania,38,14,3814,220139,0,1,0,,1,0,0,0
2004,Pennsylvania,38,15,3815,114646,170634,1,1,40.19,0,0,0,0
2004,Pennsylvania,38,16,3816,98410,183620,1,1,34.89,0,0,0,0
2004,Pennsylvania,38,17,3817,172412,113592,1,1,60.28,0,0,0,0
2004,Pennsylvania,38,18,3818,117420,197894,1,1,37.24,0,0,0,0
2004,Pennsylvania,38,19,3819,0,224274,0,1,,1,0,0,0
2004,Rhode Island,39,1,3901,124923,69819,1,1,64.15,0,0,0,0
2004,Rhode Island,39,2,3902,154392,43139,1,1,78.16,0,0,0,0
2004,South Carolina,40,1,4001,0,186448,0,1,,1,0,0,0
2004,South Carolina,40,2,4002,93249,181862,1,1,33.9,0,0,0,0
2004,South Carolina,40,3,4003,0,191052,0,1,,1,0,0,0
2004,South Carolina,40,4,4004,78376,188795,1,1,29.34,0,0,0,0
2004,South Carolina,40,5,4005,152867,89568,1,1,63.05,0,0,0,0
2004,South Carolina,40,6,4006,161987,79600,1,1,67.05,0,0,0,0
2004,South Dakota,41,1,4101,207837,178823,1,1,53.75,0,0,0,0
2004,Tennessee,42,1,4201,56361,172543,1,1,24.62,0,0,0,0
2004,Tennessee,42,2,4202,52155,215795,1,1,19.46,0,0,0,0
2004,Tennessee,42,3,4203,84295,166154,1,1,33.66,0,0,0,0
2004,Tennessee,42,4,4204,138459,109993,1,1,55.73,0,0,0,0
2004,Tennessee,42,5,4205,168970,74978,1,1,69.26,0,0,0,0
2004,Tennessee,42,6,4206,167448,87523,1,1,65.67,0,0,0,0
2004,Tennessee,42,7,4207,0,232404,0,1,,1,0,0,0
2004,Tennessee,42,8,4208,173623,59853,1,1,74.36,0,0,0,0
2004,Tennessee,42,9,4209,190648,41578,1,1,82.1,0,0,0,0
2004,Texas,43,1,4301,96281,157068,1,1,38.0,0,0,0,0
2004,Texas,43,2,4302,108156,139951,1,1,43.59,0,0,0,0
2004,Texas,43,3,4303,0,180099,0,1,,1,0,0,0
2004,Texas,43,4,4304,81585,182866,1,1,30.85,0,0,0,0
2004,Texas,43,5,4305,75911,148816,1,1,33.78,0,0,0,0
2004,Texas,43,6,4306,83609,168767,1,1,33.13,0,0,0,0
2004,Texas,43,7,4307,91126,175440,1,1,34.19,0,0,0,0
2004,Texas,43,8,4308,77324,179599,1,1,30.1,0,0,0,0
2004,Texas,43,9,4309,114462,42132,1,1,73.09,0,0,0,0
2004,Texas,43,10,4310,0,182113,0,1,,1,0,0,0
2004,Texas,43,11,4311,50339,177291,1,1,22.11,0,0,0,0
2004,Texas,43,12,4312,66316,173222,1,1,27.68,0,0,0,0
2004,Texas,43,13,4313,0,189448,0,1,,1,0,0,0
2004,Texas,43,14,4314,0,173668,0,1,,1,0,0,0
2004,Texas,43,15,4315,96089,67917,1,1,58.59,0,0,0,0
2004,Texas,43,16,4316,108577,49972,1,1,68.48,0,0,0,0
2004,Texas,43,17,4317,125309,116049,1,1,51.92,0,0,0,0
2004,Texas,43,18,4318,136018,0,1,0,,1,0,0,0
2004,Texas,43,19,4319,93531,136459,1,1,40.67,0,0,0,0
2004,Texas,43,20,4320,112480,54976,1,1,67.17,0,0,0,0
2004,Texas,43,21,4321,121129,209774,1,1,36.61,0,0,0,0
2004,Texas,43,22,4322,112034,150386,1,1,42.69,0,0,0,0
2004,Texas,43,23,4323,72480,170716,1,1,29.8,0,0,0,0
2004,Texas,43,24,4324,82599,154435,1,1,34.85,0,0,0,0
2004,Texas,43,25,4325,108309,49252,1,1,68.74,0,0,0,0
2004,Texas,43,26,4326,89809,180519,1,1,33.22,0,0,0,0
2004,Texas,43,27,4327,112081,61955,1,1,64.4,0,0,0,0
2004,Texas,43,28,4328,106323,69538,1,1,60.46,0,0,0,0
2004,Texas,43,29,4329,78256,0,1,0,,1,0,0,0
2004,Texas,43,30,4330,144513,0,1,0,,1,0,0,0
2004,Texas,43,31,4331,80292,160247,1,1,33.38,0,0,0,0
2004,Texas,43,32,4332,89030,109859,1,1,44.76,0,0,0,0
2004,Utah,44,1,4401,85630,199615,1,1,30.02,0,0,0,0
2004,Utah,44,2,4402,187250,147778,1,1,55.89,0,0,0,0
2004,Utah,44,3,4403,88748,173010,1,1,33.9,0,0,0,0
2004,Vermont,45,1,4501,21684,74271,1,1,22.6,0,0,0,0
2004,Virginia,46,1,4601,0,225071,0,1,,1,0,0,0
2004,Virginia,46,2,4602,108180,132946,1,1,44.86,0,0,0,0
2004,Virginia,46,3,4603,159373,70194,1,1,69.42,0,0,0,0
2004,Virginia,46,4,4604,100413,182444,1,1,35.5,0,0,0,0
2004,Virginia,46,5,4605,98237,172431,1,1,36.29,0,0,0,0
2004,Virginia,46,6,4606,0,206560,0,1,,1,0,0,0
2004,Virginia,46,7,4607,0,230765,0,1,,1,0,0,0
2004,Virginia,46,8,4608,171986,106231,1,1,61.82,0,0,0,0
2004,Virginia,46,9,4609,150039,98499,1,1,60.37,0,0,0,0
2004,Virginia,46,10,4610,116654,205982,1,1,36.16,0,0,0,0
2004,Virginia,46,11,4611,118305,186299,1,1,38.84,0,0,0,0
2004,Washington,47,1,4701,204121,117850,1,1,63.4,0,0,0,0
2004,Washington,47,2,4702,202383,106333,1,1,65.56,0,0,0,0
2004,Washington,47,3,4703,193626,119027,1,1,61.93,0,0,0,0
2004,Washington,47,4,4704,92486,154627,1,1,37.43,0,0,0,0
2004,Washington,47,5,4705,121333,179600,1,1,40.32,0,0,0,0
2004,Washington,47,6,4706,202919,91228,1,1,68.99,0,0,0,0
2004,Washington,47,7,4707,272302,65226,1,1,80.68,0,0,0,0
2004,Washington,47,8,4708,157148,173298,1,1,47.56,0,0,0,0
2004,Washington,47,9,4709,162433,88304,1,1,64.78,0,0,0,0
2004,West Virginia,48,1,4801,166583,79196,1,1,67.78,0,0,0,0
2004,West Virginia,48,2,4802,106131,147676,1,1,41.82,0,0,0,0
2004,West Virginia,48,3,4803,142682,76170,1,1,65.2,0,0,0,0
2004,Wisconsin,49,1,4901,116250,233372,1,1,33.25,0,0,0,0
2004,Wisconsin,49,2,4902,251637,145810,1,1,63.31,0,0,0,0
2004,Wisconsin,49,3,4903,204856,157866,1,1,56.48,0,0,0,0
2004,Wisconsin,49,4,4904,212382,85928,1,1,71.2,0,0,0,0
2004,Wisconsin,49,5,4905,129384,271153,1,1,32.3,0,0,0,0
2004,Wisconsin,49,6,4906,107209,238620,1,1,31.0,0,0,0,0
2004,Wisconsin,49,7,4907,241306,0,1,0,,1,0,0,0
2004,Wisconsin,49,8,4908,105513,248070,1,1,29.84,0,0,0,0
2004,Wyoming,50,1,5001,99989,132107,1,1,43.08,0,0,0,0
2006,Alabama,1,1,101,52770,112944,1,1,31.84,0,0,0,0
2006,Alabama,1,2,102,54450,124302,1,1,30.46,0,0,0,0
2006,Alabama,1,3,103,63559,98257,1,1,39.28,0,0,0,0
2006,Alabama,1,4,104,54382,128484,1,1,29.74,0,0,0,0
2006,Alabama,1,5,105,143015,0,1,0,,1,0,0,0
2006,Alabama,1,6,106,0,163514,0,1,,1,0,0,0
2006,Alabama,1,7,107,133870,0,1,0,,1,0,0,0
2006,Alaska,2,1,201,93879,132743,1,1,41.43,0,0,0,0
2006,Arizona,3,1,301,88691,105646,1,1,45.64,0,0,0,0
2006,Arizona,3,2,302,89671,135150,1,1,39.89,0,0,0,0
2006,Arizona,3,3,303,72586,112519,1,1,39.21,0,0,0,0
2006,Arizona,3,4,304,56464,18627,1,1,75.19,0,0,0,0
2006,Arizona,3,5,305,101838,93815,1,1,52.05,0,0,0,0
2006,Arizona,3,6,306,0,152201,0,1,,1,0,0,0
2006,Arizona,3,7,307,80354,46498,1,1,63.34,0,0,0,0
2006,Arizona,3,8,308,137655,106790,1,1,56.31,0,0,0,0
2006,Arkansas,4,1,401,127577,56611,1,1,69.26,0,0,0,0
2006,Arkansas,4,2,402,124871,81432,1,1,60.53,0,0,0,0
2006,Arkansas,4,3,403,75885,125039,1,1,37.77,0,0,0,0
2006,Arkansas,4,4,404,128236,43360,1,1,74.73,0,0,0,0
2006,California,5,1,501,144409,63194,1,1,69.56,0,0,0,0
2006,California,5,2,502,68234,134911,1,1,33.59,0,0,0,0
2006,California,5,3,503,86318,135709,1,1,38.88,0,0,0,0
2006,California,5,4,504,126999,135818,1,1,48.32,0,0,0,0
2006,California,5,5,505,105676,35106,1,1,75.06,0,0,0,0
2006,California,5,6,506,173190,64405,1,1,72.89,0,0,0,0
2006,California,5,7,507,118000,0,1,0,,1,0,0,0
2006,California,5,8,508,148435,19800,1,1,88.23,0,0,0,0
2006,California,5,9,509,167245,20786,1,1,88.95,0,0,0,0
2006,California,5,10,510,130859,66069,1,1,66.45,0,0,0,0
2006,California,5,11,511,109868,96396,1,1,53.27,0,0,0,0
2006,California,5,12,512,138650,43674,1,1,76.05,0,0,0,0
2006,California,5,13,513,110756,37141,1,1,74.89,0,0,0,0
2006,California,5,14,514,141153,48097,1,1,74.59,0,0,0,0
2006,California,5,15,515,115532,44186,1,1,72.33,0,0,0,0
2006,California,5,16,516,98929,37130,1,1,72.71,0,0,0,0
2006,California,5,17,517,120750,35932,1,1,77.07,0,0,0,0
2006,California,5,18,518,71182,37531,1,1,65.48,0,0,0,0
2006,California,5,19,519,71748,110246,1,1,39.42,0,0,0,0
2006,California,5,20,520,61120,0,1,0,,1,0,0,0
2006,California,5,21,521,42718,95214,1,1,30.97,0,0,0,0
2006,California,5,22,522,55226,133278,1,1,29.3,0,0,0,0
2006,California,5,23,523,114661,61272,1,1,65.17,0,0,0,0
2006,California,5,24,524,79461,129812,1,1,37.97,0,0,0,0
2006,California,5,25,525,55913,93987,1,1,37.3,0,0,0,0
2006,California,5,26,526,67878,102028,1,1,39.95,0,0,0,0
2006,California,5,27,527,92650,42074,1,1,68.77,0,0,0,0
2006,California,5,28,528,79866,20629,1,1,79.47,0,0,0,0
2006,California,5,29,529,91014,39321,1,1,69.83,0,0,0,0
2006,California,5,30,530,151284,55904,1,1,73.02,0,0,0,0
2006,California,5,31,531,64952,0,1,0,,1,0,0,0
2006,California,5,32,532,76059,0,1,0,,1,0,0,0
2006,California,5,33,533,113715,0,1,0,,1,0,0,0
2006,California,5,34,534,57459,17359,1,1,76.8,0,0,0,0
2006,California,5,35,535,82498,0,1,0,,1,0,0,0
2006,California,5,36,536,105323,53068,1,1,66.5,0,0,0,0
2006,California,5,37,537,80716,0,1,0,,1,0,0,0
2006,California,5,38,538,75181,24620,1,1,75.33,0,0,0,0
2006,California,5,39,539,72149,37384,1,1,65.87,0,0,0,0
2006,California,5,40,540,46418,100995,1,1,31.49,0,0,0,0
2006,California,5,41,541,54235,109761,1,1,33.07,0,0,0,0
2006,California,5,42,542,0,129720,0,1,,1,0,0,0
2006,California,5,43,543,52791,29069,1,1,64.49,0,0,0,0
2006,California,5,44,544,55275,89555,1,1,38.17,0,0,0,0
2006,California,5,45,545,64613,99638,1,1,39.34,0,0,0,0
2006,California,5,46,546,71573,116176,1,1,38.12,0,0,0,0
2006,California,5,47,547,47134,28485,1,1,62.33,0,0,0,0
2006,California,5,48,548,74647,120130,1,1,38.32,0,0,0,0
2006,California,5,49,549,52227,98831,1,1,34.57,0,0,0,0
2006,California,5,50,550,96612,118018,1,1,45.01,0,0,0,0
2006,California,5,51,551,78114,34931,1,1,69.1,0,0,0,0
2006,California,5,52,552,61208,123696,1,1,33.1,0,0,0,0
2006,California,5,53,553,97541,43312,1,1,69.25,0,0,0,0
2006,Colorado,6,1,601,129446,0,1,0,,1,0,0,0
2006,Colorado,6,2,602,157850,65481,1,1,70.68,0,0,0,0
2006,Colorado,6,3,603,146488,86930,1,1,62.76,0,0,0,0
2006,Colorado,6,4,604,103748,109732,1,1,48.6,0,0,0,0
2006,Colorado,6,5,605,83431,123264,1,1,40.36,0,0,0,0
2006,Colorado,6,6,606,108007,158806,1,1,40.48,0,0,0,0
2006,Colorado,6,7,607,103918,79571,1,1,56.63,0,0,0,0
2006,Connecticut,7,1,701,154539,53010,1,1,74.46,0,0,0,0
2006,Connecticut,7,2,702,121248,121165,1,1,50.02,0,0,0,0
2006,Connecticut,7,3,703,150436,44386,1,1,77.22,0,0,0,0
2006,Connecticut,7,4,704,99450,106510,1,1,48.29,0,0,0,0
2006,Connecticut,7,5,705,0,94824,0,1,,1,0,0,0
2006,Delaware,8,1,801,97565,143897,1,1,40.41,0,0,0,0
2006,Florida,9,1,901,62340,135786,1,1,31.46,0,0,0,0
2006,Florida,9,2,902,0,0,0,0,,1,0,0,0
2006,Florida,9,3,903,0,0,0,0,,1,0,0,0
2006,Florida,9,4,904,61704,141759,1,1,30.33,0,0,0,0
2006,Florida,9,5,905,108959,162421,1,1,40.15,0,0,0,0
2006,Florida,9,6,906,91528,136601,1,1,40.12,0,0,0,0
2006,Florida,9,7,907,87584,149656,1,1,36.92,0,0,0,0
2006,Florida,9,8,908,82526,95258,1,1,46.42,0,0,0,0
2006,Florida,9,9,909,96978,123016,1,1,44.08,0,0,0,0
2006,Florida,9,10,910,67950,131488,1,1,34.07,0,0,0,0
2006,Florida,9,11,911,97470,42454,1,1,69.66,0,0,0,0
2006,Florida,9,12,912,0,124452,0,1,,1,0,0,0
2006,Florida,9,13,913,118940,119309,1,1,49.92,0,0,0,0
2006,Florida,9,14,914,83920,151615,1,1,35.63,0,0,0,0
2006,Florida,9,15,915,97834,125965,1,1,43.72,0,0,0,0
2006,Florida,9,16,916,115832,111415,1,1,50.97,0,0,0,0
2006,Florida,9,17,917,90663,0,1,0,,1,0,0,0
2006,Florida,9,18,918,48499,79631,1,1,37.85,0,0,0,0
2006,Florida,9,19,919,0,0,0,0,,1,0,0,0
2006,Florida,9,20,920,0,0,0,0,,1,0,0,0
2006,Florida,9,21,921,45522,66784,1,1,40.53,0,0,0,0
2006,Florida,9,22,922,108688,100663,1,1,51.92,0,0,0,0
2006,Florida,9,23,923,0,0,0,0,,1,0,0,0
2006,Florida,9,24,924,89863,123795,1,1,42.06,0,0,0,0
2006,Florida,9,25,925,43168,60765,1,1,41.53,0,0,0,0
2006,Georgia,10,1,1001,43668,94961,1,1,31.5,0,0,0,0
2006,Georgia,10,2,1002,88662,41967,1,1,67.87,0,0,0,0
2006,Georgia,10,3,1003,62371,130428,1,1,32.35,0,0,0,0
2006,Georgia,10,4,1004,106352,34778,1,1,75.36,0,0,0,0
2006,Georgia,10,5,1005,122380,0,1,0,,1,0,0,0
2006,Georgia,10,6,1006,55294,144958,1,1,27.61,0,0,0,0
2006,Georgia,10,7,1007,53553,130561,1,1,29.09,0,0,0,0
2006,Georgia,10,8,1008,80660,78908,1,1,50.55,0,0,0,0
2006,Georgia,10,9,1009,39240,128685,1,1,23.37,0,0,0,0
2006,Georgia,10,10,1010,57032,117721,1,1,32.64,0,0,0,0
2006,Georgia,10,11,1011,48261,118524,1,1,28.94,0,0,0,0
2006,Georgia,10,12,1012,71651,70787,1,1,50.3,0,0,0,0
2006,Georgia,10,13,1013,103019,45770,1,1,69.24,0,0,0,0
2006,Hawaii,11,1,1101,112904,49890,1,1,69.35,0,0,0,0
2006,Hawaii,11,2,1102,106906,68244,1,1,61.04,0,0,0,0
2006,Idaho,12,1,1201,103935,115843,1,1,47.29,0,0,0,0
2006,Idaho,12,2,1202,73441,132262,1,1,35.7,0,0,0,0
2006,Illinois,13,1,1301,146623,27804,1,1,84.06,0,0,0,0
2006,Illinois,13,2,1302,146347,20395,1,1,87.77,0,0,0,0
2006,Illinois,13,3,1303,127768,37954,1,1,77.1,0,0,0,0
2006,Illinois,13,4,1304,69910,11532,1,1,85.84,0,0,0,0
2006,Illinois,13,5,1305,114319,32250,1,1,78.0,0,0,0,0
2006,Illinois,13,6,1306,86572,91382,1,1,48.65,0,0,0,0
2006,Illinois,13,7,1307,143071,21939,1,1,86.7,0,0,0,0
2006,Illinois,13,8,1308,93355,80720,1,1,53.63,0,0,0,0
2006,Illinois,13,9,1309,122852,41858,1,1,74.59,0,0,0,0
2006,Illinois,13,10,1310,94278,107929,1,1,46.62,0,0,0,0
2006,Illinois,13,11,1311,88846,109009,1,1,44.9,0,0,0,0
2006,Illinois,13,12,1312,157284,0,1,0,,1,0,0,0
2006,Illinois,13,13,1313,85507,119720,1,1,41.66,0,0,0,0
2006,Illinois,13,14,1314,79274,117870,1,1,40.21,0,0,0,0
2006,Illinois,13,15,1315,86025,116810,1,1,42.41,0,0,0,0
2006,Illinois,13,16,1316,63462,125508,1,1,33.58,0,0,0,0
2006,Illinois,13,17,1317,115025,86161,1,1,57.17,0,0,0,0
2006,Illinois,13,18,1318,73052,150194,1,1,32.72,0,0,0,0
2006,Illinois,13,19,1319,92861,143491,1,1,39.29,0,0,0,0
2006,Indiana,14,1,1401,104195,40146,1,1,72.19,0,0,0,0
2006,Indiana,14,2,1402,103561,88300,1,1,53.98,0,0,0,0
2006,Indiana,14,3,1403,80357,95421,1,1,45.72,0,0,0,0
2006,Indiana,14,4,1404,66986,111057,1,1,37.62,0,0,0,0
2006,Indiana,14,5,1405,64362,133118,1,1,32.59,0,0,0,0
2006,Indiana,14,6,1406,76812,115266,1,1,39.99,0,0,0,0
2006,Indiana,14,7,1407,74750,64304,1,1,53.76,0,0,0,0
2006,Indiana,14,8,1408,131019,83704,1,1,61.02,0,0,0,0
2006,Indiana,14,9,1409,110454,100469,1,1,52.37,0,0,0,0
2006,Iowa,15,1,1501,114322,89729,1,1,56.03,0,0,0,0
2006,Iowa,15,2,1502,107683,101707,1,1,51.43,0,0,0,0
2006,Iowa,15,3,1503,115769,103722,1,1,52.74,0,0,0,0
2006,Iowa,15,4,1504,90982,121650,1,1,42.79,0,0,0,0
2006,Iowa,15,5,1505,64181,105580,1,1,37.81,0,0,0,0
2006,Kansas,16,1,1601,39781,156728,1,1,20.24,0,0,0,0
2006,Kansas,16,2,1602,114139,106329,1,1,51.77,0,0,0,0
2006,Kansas,16,3,1603,153105,79824,1,1,65.73,0,0,0,0
2006,Kansas,16,4,1604,62166,116386,1,1,34.82,0,0,0,0
2006,Kentucky,17,1,1701,83865,123618,1,1,40.42,0,0,0,0
2006,Kentucky,17,2,1702,95415,118548,1,1,44.59,0,0,0,0
2006,Kentucky,17,3,1703,122489,116568,1,1,51.24,0,0,0,0
2006,Kentucky,17,4,1704,88822,105845,1,1,45.63,0,0,0,0
2006,Kentucky,17,5,1705,52367,147201,1,1,26.24,0,0,0,0
2006,Kentucky,17,6,1706,158765,0,1,0,,1,0,0,0
2006,Louisiana,18,1,1801,15944,130508,2,1,10.89,0,0,1,1
2006,Louisiana,18,2,1802,93211,13928,9,3,87.0,0,0,1,1
2006,Louisiana,18,3,1803,79213,54950,2,1,59.04,0,0,1,1
2006,Louisiana,18,4,1804,40545,93727,2,2,30.2,0,0,1,1
2006,Louisiana,18,5,1805,33233,78211,1,1,29.82,0,0,1,1
2006,Louisiana,18,6,1806,0,94658,0,1,,1,0,1,1
2006,Louisiana,18,7,1807,47133,113720,1,1,29.3,0,0,1,1
2006,Maine,19,1,1901,170949,88009,1,1,66.01,0,0,0,0
2006,Maine,19,2,1902,179772,75156,1,1,70.52,0,0,0,0
2006,Maryland,20,1,2001,83738,185177,1,1,31.14,0,0,0,0
2006,Maryland,20,2,2002,135818,60195,1,1,69.29,0,0,0,0
2006,Maryland,20,3,2003,150142,79174,1,1,65.47,0,0,0,0
2006,Maryland,20,4,2004,141897,32792,1,1,81.23,0,0,0,0
2006,Maryland,20,5,2005,168114,0,1,0,,1,0,0,0
2006,Maryland,20,6,2006,92030,141200,1,1,39.46,0,0,0,0
2006,Maryland,20,7,2007,158830,0,1,0,,1,0,0,0
2006,Maryland,20,8,2008,168872,48324,1,1,77.75,0,0,0,0
2006,Massachusetts,21,1,2101,158057,0,1,0,,1,0,0,0
2006,Massachusetts,21,2,2102,164939,0,1,0,,1,0,0,0
2006,Massachusetts,21,3,2103,166973,0,1,0,,1,0,0,0
2006,Massachusetts,21,4,2104,176513,0,1,0,,1,0,0,0
2006,Massachusetts,21,5,2105,159120,0,1,0,,1,0,0,0
2006,Massachusetts,21,6,2106,168056,72997,1,1,69.72,0,0,0,0
2006,Massachusetts,21,7,2107,171902,0,1,0,,1,0,0,0
2006,Massachusetts,21,8,2108,125515,0,1,0,,1,0,0,0
2006,Massachusetts,21,9,2109,169420,47114,1,1,78.24,0,0,0,0
2006,Massachusetts,21,10,2110,171812,78439,1,1,68.66,0,0,0,0
2006,Michigan,22,1,2201,180448,72753,1,1,71.27,0,0,0,0
2006,Michigan,22,2,2202,86950,183006,1,1,32.21,0,0,0,0
2006,Michigan,22,3,2203,93846,171212,1,1,35.41,0,0,0,0
2006,Michigan,22,4,2204,100260,160041,1,1,38.52,0,0,0,0
2006,Michigan,22,5,2205,176171,60967,1,1,74.29,0,0,0,0
2006,Michigan,22,6,2206,88978,142125,1,1,38.5,0,0,0,0
2006,Michigan,22,7,2207,112665,122348,1,1,47.94,0,0,0,0
2006,Michigan,22,8,2208,122107,157237,1,1,43.71,0,0,0,0
2006,Michigan,22,9,2209,127620,142390,1,1,47.26,0,0,0,0
2006,Michigan,22,10,2210,84689,179072,1,1,32.11,0,0,0,0
2006,Michigan,22,11,2211,114248,143658,1,1,44.3,0,0,0,0
2006,Michigan,22,12,2212,168494,62689,1,1,72.88,0,0,0,0
2006,Michigan,22,13,2213,126308,0,1,0,,1,0,0,0
2006,Michigan,22,14,2214,158755,27367,1,1,85.3,0,0,0,0
2006,Michigan,22,15,2215,181946,0,1,0,,1,0,0,0
2006,Minnesota,23,1,2301,141556,126486,1,1,52.81,0,0,0,0
2006,Minnesota,23,2,2302,116343,163269,1,1,41.61,0,0,0,0
2006,Minnesota,23,3,2303,99588,184333,1,1,35.08,0,0,0,0
2006,Minnesota,23,4,2304,172096,74797,1,1,69.7,0,0,0,0
2006,Minnesota,23,5,2305,136060,52263,1,1,72.25,0,0,0,0
2006,Minnesota,23,6,2306,127144,151248,1,1,45.67,0,0,0,0
2006,Minnesota,23,7,2307,179164,74557,1,1,70.61,0,0,0,0
2006,Minnesota,23,8,2308,180670,97683,1,1,64.91,0,0,0,0
2006,Mississippi,24,1,2401,49174,95098,1,1,34.08,0,0,0,0
2006,Mississippi,24,2,2402,100160,55672,1,1,64.27,0,0,0,0
2006,Mississippi,24,3,2403,0,125421,0,1,,1,0,0,0
2006,Mississippi,24,4,2404,110996,28117,1,1,79.79,0,0,0,0
2006,Missouri,25,1,2501,141574,47893,1,1,74.72,0,0,0,0
2006,Missouri,25,2,2502,105242,176452,1,1,37.36,0,0,0,0
2006,Missouri,25,3,2503,145219,70189,1,1,67.42,0,0,0,0
2006,Missouri,25,4,2504,159303,69254,1,1,69.7,0,0,0,0
2006,Missouri,25,5,2505,136149,68456,1,1,66.54,0,0,0,0
2006,Missouri,25,6,2506,87477,150882,1,1,36.7,0,0,0,0
2006,Missouri,25,7,2507,72592,160942,1,1,31.08,0,0,0,0
2006,Missouri,25,8,2508,57557,156164,1,1,26.93,0,0,0,0
2006,Missouri,25,9,2509,87145,149114,1,1,36.89,0,0,0,0
2006,Montana,26,1,2601,158916,239124,1,1,39.92,0,0,0,0
2006,Nebraska,27,1,2701,86360,121015,1,1,41.64,0,0,0,0
2006,Nebraska,27,2,2702,82504,99475,1,1,45.34,0,0,0,0
2006,Nebraska,27,3,2703,93046,113687,1,1,45.01,0,0,0,0
2006,Nevada,28,1,2801,85025,40917,1,1,67.51,0,0,0,0
2006,Nevada,28,2,2802,104593,117168,1,1,47.16,0,0,0,0
2006,Nevada,28,3,2803,98261,102232,1,1,49.01,0,0,0,0
2006,New Hampshire,29,1,2901,100691,95527,1,1,51.32,0,0,0,0
2006,New Hampshire,29,2,2902,108743,94088,1,1,53.61,0,0,0,0
2006,New Jersey,30,1,3001,140110,0,1,0,,1,0,0,0
2006,New Jersey,30,2,3002,64277,111245,1,1,36.62,0,0,0,0
2006,New Jersey,30,3,3003,86113,122559,1,1,41.27,0,0,0,0
2006,New Jersey,30,4,3004,62905,124482,1,1,33.57,0,0,0,0
2006,New Jersey,30,5,3005,89503,112142,1,1,44.39,0,0,0,0
2006,New Jersey,30,6,3006,98615,43539,1,1,69.37,0,0,0,0
2006,New Jersey,30,7,3007,95454,98399,1,1,49.24,0,0,0,0
2006,New Jersey,30,8,3008,97568,39053,1,1,71.42,0,0,0,0
2006,New Jersey,30,9,3009,105853,40879,1,1,72.14,0,0,0,0
2006,New Jersey,30,10,3010,90264,0,1,0,,1,0,0,0
2006,New Jersey,30,11,3011,74414,126085,1,1,37.11,0,0,0,0
2006,New Jersey,30,12,3012,125468,65509,1,1,65.7,0,0,0,0
2006,New Jersey,30,13,3013,77238,19284,1,1,80.02,0,0,0,0
2006,New Mexico,31,1,3101,105125,105986,1,1,49.8,0,0,0,0
2006,New Mexico,31,2,3102,63119,92620,1,1,40.53,0,0,0,0
2006,New Mexico,31,3,3103,144880,49219,1,1,74.64,0,0,0,0
2006,New York,32,1,3201,104360,63328,1,1,62.23,0,0,0,0
2006,New York,32,2,3202,105276,44212,1,1,70.42,0,0,0,0
2006,New York,32,3,3203,79843,101787,1,1,43.96,0,0,0,0
2006,New York,32,4,3204,101861,55050,1,1,64.92,0,0,0,0
2006,New York,32,5,3205,77190,0,1,0,,1,0,0,0
2006,New York,32,6,3206,69405,0,1,0,,1,0,0,0
2006,New York,32,7,3207,63997,12220,1,1,83.97,0,0,0,0
2006,New York,32,8,3208,108536,17413,1,1,86.17,0,0,0,0
2006,New York,32,9,3209,71762,0,1,0,,1,0,0,0
2006,New York,32,10,3210,72171,4666,1,1,93.93,0,0,0,0
2006,New York,32,11,3211,88334,7447,1,1,92.22,0,0,0,0
2006,New York,32,12,3212,62847,7182,1,1,89.74,0,0,0,0
2006,New York,32,13,3213,45131,59334,1,1,43.2,0,0,0,0
2006,New York,32,14,3214,119582,0,1,0,,1,0,0,0
2006,New York,32,15,3215,103916,6592,1,1,94.03,0,0,0,0
2006,New York,32,16,3216,56124,2759,1,1,95.31,0,0,0,0
2006,New York,32,17,3217,93614,28842,1,1,76.45,0,0,0,0
2006,New York,32,18,3218,124256,51450,1,1,70.72,0,0,0,0
2006,New York,32,19,3219,100119,95359,1,1,51.22,0,0,0,0
2006,New York,32,20,3220,125168,110554,1,1,53.1,0,0,0,0
2006,New York,32,21,3221,167604,46752,1,1,78.19,0,0,0,0
2006,New York,32,22,3222,121683,0,1,0,,1,0,0,0
2006,New York,32,23,3223,62318,106781,1,1,36.85,0,0,0,0
2006,New York,32,24,3224,109686,91504,1,1,54.52,0,0,0,0
2006,New York,32,25,3225,107108,110525,1,1,49.21,0,0,0,0
2006,New York,32,26,3226,100914,109257,1,1,48.02,0,0,0,0
2006,New York,32,27,3227,140027,36614,1,1,79.27,0,0,0,0
2006,New York,32,28,3228,111386,40844,1,1,73.17,0,0,0,0
2006,New York,32,29,3229,100044,106077,1,1,48.54,0,0,0,0
2006,North Carolina,33,1,3301,82510,0,1,0,,1,0,0,0
2006,North Carolina,33,2,3302,85993,43271,1,1,66.53,0,0,0,0
2006,North Carolina,33,3,3303,45458,99519,1,1,31.36,0,0,0,0
2006,North Carolina,33,4,3304,127340,68599,1,1,64.99,0,0,0,0
2006,North Carolina,33,5,3305,72061,96138,1,1,42.84,0,0,0,0
2006,North Carolina,33,6,3306,44661,108433,1,1,29.17,0,0,0,0
2006,North Carolina,33,7,3307,101787,38033,1,1,72.8,0,0,0,0
2006,North Carolina,33,8,3308,60597,60926,1,1,49.86,0,0,0,0
2006,North Carolina,33,9,3309,53437,106206,1,1,33.47,0,0,0,0
2006,North Carolina,33,10,3310,58214,94179,1,1,38.2,0,0,0,0
2006,North Carolina,33,11,3311,124972,107342,1,1,53.79,0,0,0,0
2006,North Carolina,33,12,3312,71345,35127,1,1,67.01,0,0,0,0
2006,North Carolina,33,13,3313,98540,56120,1,1,63.71,0,0,0,0
2006,North Dakota,34,1,3401,142934,74687,1,1,65.68,0,0,0,0
2006,Ohio,35,1,3501,96584,105680,1,1,47.75,0,0,0,0
2006,Ohio,35,2,3502,117595,120112,1,1,49.47,0,0,0,0
2006,Ohio,35,3,3503,90650,127978,1,1,41.46,0,0,0,0
2006,Ohio,35,4,3504,86678,129958,1,1,40.01,0,0,0,0
2006,Ohio,35,5,3505,98544,129813,1,1,43.15,0,0,0,0
2006,Ohio,35,6,3506,135628,82848,1,1,62.08,0,0,0,0
2006,Ohio,35,7,3507,89579,137899,1,1,39.38,0,0,0,0
2006,Ohio,35,8,3508,77640,136863,1,1,36.2,0,0,0,0
2006,Ohio,35,9,3509,153880,55119,1,1,73.63,0,0,0,0
2006,Ohio,35,10,3510,138393,69996,1,1,66.41,0,0,0,0
2006,Ohio,35,11,3511,146799,29125,1,1,83.44,0,0,0,0
2006,Ohio,35,12,3512,108746,145943,1,1,42.7,0,0,0,0
2006,Ohio,35,13,3513,135639,85922,1,1,61.22,0,0,0,0
2006,Ohio,35,14,3514,97753,144069,1,1,40.42,0,0,0,0
2006,Ohio,35,15,3515,109659,110714,1,1,49.76,0,0,0,0
2006,Ohio,35,16,3516,97955,137167,1,1,41.66,0,0,0,0
2006,Ohio,35,17,3517,170369,41925,1,1,80.25,0,0,0,0
2006,Ohio,35,18,3518,129646,79259,1,1,62.06,0,0,0,0
2006,Oklahoma,36,1,3601,56724,116920,1,1,32.67,0,0,0,0
2006,Oklahoma,36,2,3602,122347,45861,1,1,72.74,0,0,0,0
2006,Oklahoma,36,3,3603,61749,128042,1,1,32.54,0,0,0,0
2006,Oklahoma,36,4,3604,64775,118266,1,1,35.39,0,0,0,0
2006,Oklahoma,36,5,3605,67293,108936,1,1,38.18,0,0,0,0
2006,Oregon,37,1,3701,169409,90904,1,1,65.08,0,0,0,0
2006,Oregon,37,2,3702,82484,181529,1,1,31.24,0,0,0,0
2006,Oregon,37,3,3703,186380,59529,1,1,75.79,0,0,0,0
2006,Oregon,37,4,3704,180607,109105,1,1,62.34,0,0,0,0
2006,Oregon,37,5,3705,146973,116424,1,1,55.8,0,0,0,0
2006,Pennsylvania,38,1,3801,137987,0,1,0,,1,0,0,0
2006,Pennsylvania,38,2,3802,165867,17291,1,1,90.56,0,0,0,0
2006,Pennsylvania,38,3,3803,85110,108525,1,1,43.95,0,0,0,0
2006,Pennsylvania,38,4,3804,131847,122049,1,1,51.93,0,0,0,0
2006,Pennsylvania,38,5,3805,76456,115126,1,1,39.91,0,0,0,0
2006,Pennsylvania,38,6,3806,117892,121047,1,1,49.34,0,0,0,0
2006,Pennsylvania,38,7,3807,147898,114426,1,1,56.38,0,0,0,0
2006,Pennsylvania,38,8,3808,125656,124138,1,1,50.3,0,0,0,0
2006,Pennsylvania,38,9,3809,79610,121069,1,1,39.67,0,0,0,0
2006,Pennsylvania,38,10,3810,110115,97862,1,1,52.95,0,0,0,0
2006,Pennsylvania,38,11,3811,134340,51033,1,1,72.47,0,0,0,0
2006,Pennsylvania,38,12,3812,123472,79612,1,1,60.8,0,0,0,0
2006,Pennsylvania,38,13,3813,147368,75492,1,1,66.13,0,0,0,0
2006,Pennsylvania,38,14,3814,161075,0,1,0,,1,0,0,0
2006,Pennsylvania,38,15,3815,86186,106153,1,1,44.81,0,0,0,0
2006,Pennsylvania,38,16,3816,80915,115741,1,1,41.15,0,0,0,0
2006,Pennsylvania,38,17,3817,137253,75455,1,1,64.53,0,0,0,0
2006,Pennsylvania,38,18,3818,105419,144632,1,1,42.16,0,0,0,0
2006,Pennsylvania,38,19,3819,74625,142512,1,1,34.37,0,0,0,0
2006,Rhode Island,39,1,3901,124634,41836,1,1,74.87,0,0,0,0
2006,Rhode Island,39,2,3902,140315,0,1,0,,1,0,0,0
2006,South Carolina,40,1,4001,0,115766,0,1,,1,0,0,0
2006,South Carolina,40,2,4002,76090,127811,1,1,37.32,0,0,0,0
2006,South Carolina,40,3,4003,0,111882,0,1,,1,0,0,0
2006,South Carolina,40,4,4004,57490,115553,1,1,33.22,0,0,0,0
2006,South Carolina,40,5,4005,99669,75422,1,1,56.92,0,0,0,0
2006,South Carolina,40,6,4006,100213,53181,1,1,65.33,0,0,0,0
2006,South Dakota,41,1,4101,230468,97864,1,1,70.19,0,0,0,0
2006,Tennessee,42,1,4201,65538,108336,1,1,37.69,0,0,0,0
2006,Tennessee,42,2,4202,45025,157095,1,1,22.28,0,0,0,0
2006,Tennessee,42,3,4203,68324,130791,1,1,34.31,0,0,0,0
2006,Tennessee,42,4,4204,123666,62449,1,1,66.45,0,0,0,0
2006,Tennessee,42,5,4205,122919,49702,1,1,71.21,0,0,0,0
2006,Tennessee,42,6,4206,129069,60392,1,1,68.12,0,0,0,0
2006,Tennessee,42,7,4207,73369,152288,1,1,32.51,0,0,0,0
2006,Tennessee,42,8,4208,129610,47492,1,1,73.18,0,0,0,0
2006,Tennessee,42,9,4209,103341,31002,1,1,76.92,0,0,0,0
2006,Texas,43,1,4301,46303,104099,1,1,30.79,0,0,0,0
2006,Texas,43,2,4302,45080,90490,1,1,33.25,0,0,0,0
2006,Texas,43,3,4303,49529,88690,1,1,35.83,0,0,0,0
2006,Texas,43,4,4304,55278,106495,1,1,34.17,0,0,0,0
2006,Texas,43,5,4305,50983,88478,1,1,36.56,0,0,0,0
2006,Texas,43,6,4306,56369,91927,1,1,38.01,0,0,0,0
2006,Texas,43,7,4307,64514,99318,1,1,39.38,0,0,0,0
2006,Texas,43,8,4308,51393,105665,1,1,32.72,0,0,0,0
2006,Texas,43,9,4309,60253,0,1,0,,1,0,0,0
2006,Texas,43,10,4310,71415,97726,1,1,42.22,0,0,0,0
2006,Texas,43,11,4311,0,107268,0,1,,1,0,0,0
2006,Texas,43,12,4312,45676,98371,1,1,31.71,0,0,0,0
2006,Texas,43,13,4313,33460,108107,1,1,23.64,0,0,0,0
2006,Texas,43,14,4314,62429,94380,1,1,39.81,0,0,0,0
2006,Texas,43,15,4315,43236,26751,1,2,61.78,0,0,0,0
2006,Texas,43,16,4316,61116,0,1,0,,1,0,0,0
2006,Texas,43,17,4317,92478,64142,1,1,59.05,0,0,0,0
2006,Texas,43,18,4318,65936,16448,1,1,80.03,0,0,0,0
2006,Texas,43,19,4319,41676,94785,1,1,30.54,0,0,0,0
2006,Texas,43,20,4320,68348,0,1,0,,1,0,0,0
2006,Texas,43,21,4321,68312,122486,2,1,35.8,0,0,0,0
2006,Texas,43,22,4322,76775,100497,1,4,43.31,0,0,0,0
2006,Texas,43,23,4323,98539,92392,6,1,51.61,0,0,0,0
2006,Texas,43,24,4324,52075,83835,1,1,38.32,0,0,0,0
2006,Texas,43,25,4325,109911,42975,1,1,71.89,0,0,0,0
2006,Texas,43,26,4326,58271,94219,1,1,38.21,0,0,0,0
2006,Texas,43,27,4327,62058,42538,1,1,59.33,0,0,0,0
2006,Texas,43,28,4328,68372,0,2,0,,0,1,0,0
2006,Texas,43,29,4329,37174,12347,1,1,75.07,0,0,0,0
2006,Texas,43,30,4330,81348,17850,1,1,82.01,0,0,0,0
2006,Texas,43,31,4331,60293,90869,1,1,39.89,0,0,0,0
2006,Texas,43,32,4332,52269,71461,1,1,42.24,0,0,0,0
2006,Utah,44,1,4401,57922,112546,1,1,33.98,0,0,0,0
2006,Utah,44,2,4402,133231,84234,1,1,61.27,0,0,0,0
2006,Utah,44,3,4403,53330,95455,1,1,35.84,0,0,0,0
2006,Vermont,45,1,4501,139815,117023,1,1,54.44,0,0,0,0
2006,Virginia,46,1,4601,81083,143889,1,1,36.04,0,0,0,0
2006,Virginia,46,2,4602,83901,88777,1,1,48.59,0,0,0,0
2006,Virginia,46,3,4603,133546,0,1,0,,1,0,0,0
2006,Virginia,46,4,4604,0,150967,0,1,,1,0,0,0
2006,Virginia,46,5,4605,84682,125370,1,1,40.31,0,0,0,0
2006,Virginia,46,6,4606,0,153187,0,1,,1,0,0,0
2006,Virginia,46,7,4607,88206,163706,1,1,35.01,0,0,0,0
2006,Virginia,46,8,4608,144700,66639,1,1,68.47,0,0,0,0
2006,Virginia,46,9,4609,129705,61574,1,1,67.81,0,0,0,0
2006,Virginia,46,10,4610,98769,138213,1,1,41.68,0,0,0,0
2006,Virginia,46,11,4611,102511,130468,1,1,44.0,0,0,0,0
2006,Washington,47,1,4701,163832,78105,1,1,67.72,0,0,0,0
2006,Washington,47,2,4702,157064,87730,1,1,64.16,0,0,0,0
2006,Washington,47,3,4703,147065,85915,1,1,63.12,0,0,0,0
2006,Washington,47,4,4704,77054,115246,1,1,40.07,0,0,0,0
2006,Washington,47,5,4705,104357,134967,1,1,43.6,0,0,0,0
2006,Washington,47,6,4706,158202,65883,1,1,70.6,0,0,0,0
2006,Washington,47,7,4707,195462,38715,1,1,83.47,0,0,0,0
2006,Washington,47,8,4708,122021,129362,1,1,48.54,0,0,0,0
2006,Washington,47,9,4709,119038,62082,1,1,65.72,0,0,0,0
2006,West Virginia,48,1,4801,100939,55963,1,1,64.33,0,0,0,0
2006,West Virginia,48,2,4802,70470,94110,1,1,42.82,0,0,0,0
2006,West Virginia,48,3,4803,92413,40820,1,1,69.36,0,0,0,0
2006,Wisconsin,49,1,4901,95761,161320,1,1,37.25,0,0,0,0
2006,Wisconsin,49,2,4902,191414,113015,1,1,62.88,0,0,0,0
2006,Wisconsin,49,3,4903,163322,88523,1,1,64.85,0,0,0,0
2006,Wisconsin,49,4,4904,136735,54486,1,1,71.51,0,0,0,0
2006,Wisconsin,49,5,4905,112451,194669,1,1,36.61,0,0,0,0
2006,Wisconsin,49,6,4906,0,201367,0,1,,1,0,0,0
2006,Wisconsin,49,7,4907,161903,91069,1,1,64.0,0,0,0,0
2006,Wisconsin,49,8,4908,141570,135622,1,1,51.07,0,0,0,0
2006,Wyoming,50,1,5001,92324,93336,1,1,49.73,0,0,0,0
2008,Alabama,1,1,101,0,210660,0,1,,1,0,0,0
2008,Alabama,1,2,102,144368,142578,1,1,50.31,0,0,0,0
2008,Alabama,1,3,103,121080,142708,1,1,45.9,0,0,0,0
2008,Alabama,1,4,104,66077,196741,1,1,25.14,0,0,0,0
2008,Alabama,1,5,105,158324,147314,1,1,51.8,0,0,0,0
2008,Alabama,1,6,106,0,280902,0,1,,1,0,0,0
2008,Alabama,1,7,107,228518,0,1,0,,1,0,0,0
2008,Alaska,2,1,201,142560,158939,1,1,47.28,0,0,0,0
2008,Arizona,3,1,301,155791,109924,1,1,58.63,0,0,0,0
2008,Arizona,3,2,302,125611,200914,1,1,38.47,0,0,0,0
2008,Arizona,3,3,303,115759,148800,1,1,43.76,0,0,0,0
2008,Arizona,3,4,304,89721,26435,1,1,77.24,0,0,0,0
2008,Arizona,3,5,305,149033,122165,1,1,54.95,0,0,0,0
2008,Arizona,3,6,306,115457,208582,1,1,35.63,0,0,0,0
2008,Arizona,3,7,307,124304,64425,1,1,65.86,0,0,0,0
2008,Arizona,3,8,308,179629,140553,1,1,56.1,0,0,0,0
2008,Arkansas,4,1,401,0,0,0,0,,1,0,0,0
2008,Arkansas,4,2,402,212303,0,1,0,,1,0,0,0
2008,Arkansas,4,3,403,0,215196,0,1,,1,0,0,0
2008,Arkansas,4,4,404,203178,0,1,0,,1,0,0,0
2008,California,5,1,501,197812,67853,1,1,74.46,0,0,0,0
2008,California,5,2,502,118878,163459,1,1,42.11,0,0,0,0
2008,California,5,3,503,137971,155424,1,1,47.03,0,0,0,0
2008,California,5,4,504,183990,185790,1,1,49.76,0,0,0,0
2008,California,5,5,505,164242,46002,1,1,78.12,0,0,0,0
2008,California,5,6,506,229672,77073,1,1,74.87,0,0,0,0
2008,California,5,7,507,170962,51166,1,1,76.97,0,0,0,0
2008,California,5,8,508,204996,27614,1,1,88.13,0,0,0,0
2008,California,5,9,509,238915,26917,1,1,89.87,0,0,0,0
2008,California,5,10,510,192226,91877,1,1,67.66,0,0,0,0
2008,California,5,11,511,164500,133104,1,1,55.27,0,0,0,0
2008,California,5,12,512,200442,49258,1,1,80.27,0,0,0,0
2008,California,5,13,513,166829,51447,1,1,76.43,0,0,0,0
2008,California,5,14,514,190301,60610,1,1,75.84,0,0,0,0
2008,California,5,15,515,170977,55489,1,1,75.5,0,0,0,0
2008,California,5,16,516,146481,49399,1,1,74.78,0,0,0,0
2008,California,5,17,517,168907,59037,1,1,74.1,0,0,0,0
2008,California,5,18,518,130192,0,1,0,,1,0,0,0
2008,California,5,19,519,0,179245,0,1,,1,0,0,0
2008,California,5,20,520,93023,32118,1,1,74.33,0,0,0,0
2008,California,5,21,521,66317,143498,1,1,31.61,0,0,0,0
2008,California,5,22,522,0,224549,0,1,,1,0,0,0
2008,California,5,23,523,171403,80385,1,1,68.07,0,0,0,0
2008,California,5,24,524,125560,174492,1,1,41.85,0,0,0,0
2008,California,5,25,525,105929,144660,1,1,42.27,0,0,0,0
2008,California,5,26,526,108039,140615,1,1,43.45,0,0,0,0
2008,California,5,27,527,145812,52852,1,1,73.4,0,0,0,0
2008,California,5,28,528,137471,0,1,0,,1,0,0,0
2008,California,5,29,529,146198,56727,1,1,72.05,0,0,0,0
2008,California,5,30,530,242792,0,1,0,,1,0,0,0
2008,California,5,31,531,110955,0,1,0,,1,0,0,0
2008,California,5,32,532,130142,0,1,0,,1,0,0,0
2008,California,5,33,533,186924,26536,1,1,87.57,0,0,0,0
2008,California,5,34,534,98503,29266,1,1,77.09,0,0,0,0
2008,California,5,35,535,150778,24169,1,1,86.18,0,0,0,0
2008,California,5,36,536,171948,78543,1,1,68.64,0,0,0,0
2008,California,5,37,537,131342,0,1,0,,1,0,0,0
2008,California,5,38,538,130211,0,1,0,,1,0,0,0
2008,California,5,39,539,125289,54533,1,1,69.67,0,0,0,0
2008,California,5,40,540,86772,144923,1,1,37.45,0,0,0,0
2008,California,5,41,541,99214,159486,1,1,38.35,0,0,0,0
2008,California,5,42,542,104909,158404,1,1,39.84,0,0,0,0
2008,California,5,43,543,108259,48312,1,1,69.14,0,0,0,0
2008,California,5,44,544,123890,129937,1,1,48.81,0,0,0,0
2008,California,5,45,545,111026,155166,1,1,41.71,0,0,0,0
2008,California,5,46,546,122891,149818,1,1,45.06,0,0,0,0
2008,California,5,47,547,85878,31432,1,1,73.21,0,0,0,0
2008,California,5,48,548,125537,171658,1,1,42.24,0,0,0,0
2008,California,5,49,549,90138,140300,1,1,39.12,0,0,0,0
2008,California,5,50,550,141635,157502,1,1,47.35,0,0,0,0
2008,California,5,51,551,148281,49345,1,1,75.03,0,0,0,0
2008,California,5,52,552,111051,160724,1,1,40.86,0,0,0,0
2008,California,5,53,553,161315,64658,1,1,71.39,0,0,0,0
2008,Colorado,6,1,601,203755,67345,1,1,75.16,0,0,0,0
2008,Colorado,6,2,602,215571,116591,1,1,64.9,0,0,0,0
2008,Colorado,6,3,603,203455,126762,1,1,61.61,0,0,0,0
2008,Colorado,6,4,604,187347,146028,1,1,56.2,0,0,0,0
2008,Colorado,6,5,605,113025,183178,1,1,38.16,0,0,0,0
2008,Colorado,6,6,606,162639,250877,1,1,39.33,0,0,0,0
2008,Colorado,6,7,607,173931,100055,1,1,63.48,0,0,0,0
2008,Connecticut,7,1,701,211493,76860,1,1,73.35,0,0,0,0
2008,Connecticut,7,2,702,212148,104574,1,1,66.98,0,0,0,0
2008,Connecticut,7,3,703,230172,58583,1,1,79.71,0,0,0,0
2008,Connecticut,7,4,704,158475,146854,1,1,51.9,0,0,0,0
2008,Connecticut,7,5,705,179327,117914,1,1,60.33,0,0,0,0
2008,Delaware,8,1,801,146434,235437,1,1,38.35,0,0,0,0
2008,Florida,9,1,901,98797,232559,1,1,29.82,0,0,0,0
2008,Florida,9,2,902,216804,133404,1,1,61.91,0,0,0,0
2008,Florida,9,3,903,0,0,0,0,,1,0,0,0
2008,Florida,9,4,904,119330,224112,1,1,34.75,0,0,0,0
2008,Florida,9,5,905,168446,265186,1,1,38.85,0,0,0,0
2008,Florida,9,6,906,146655,228302,1,1,39.11,0,0,0,0
2008,Florida,9,7,907,146292,238721,1,1,38.0,0,0,0,0
2008,Florida,9,8,908,172854,159490,1,1,52.01,0,0,0,0
2008,Florida,9,9,909,126346,216591,1,1,36.84,0,0,0,0
2008,Florida,9,10,910,118430,182781,1,1,39.32,0,0,0,0
2008,Florida,9,11,911,184106,72825,1,1,71.66,0,0,0,0
2008,Florida,9,12,912,137465,185698,1,1,42.54,0,0,0,0
2008,Florida,9,13,913,137967,204382,1,1,40.3,0,0,0,0
2008,Florida,9,14,914,93590,224602,1,1,29.41,0,0,0,0
2008,Florida,9,15,915,151951,192151,1,1,44.16,0,0,0,0
2008,Florida,9,16,916,139373,209874,1,1,39.91,0,0,0,0
2008,Florida,9,17,917,0,0,0,0,,1,0,0,0
2008,Florida,9,18,918,102372,140617,1,1,42.13,0,0,0,0
2008,Florida,9,19,919,202465,83357,1,1,70.84,0,0,0,0
2008,Florida,9,20,920,202832,0,1,0,,1,0,0,0
2008,Florida,9,21,921,99776,137226,1,1,42.1,0,0,0,0
2008,Florida,9,22,922,169041,140104,1,1,54.68,0,0,0,0
2008,Florida,9,23,923,172835,37431,1,1,82.2,0,0,0,0
2008,Florida,9,24,924,211284,151863,1,1,58.18,0,0,0,0
2008,Florida,9,25,925,115820,130891,1,1,46.95,0,0,0,0
2008,Georgia,10,1,1001,83444,165890,1,1,33.47,0,0,0,0
2008,Georgia,10,2,1002,158435,71351,1,1,68.95,0,0,0,0
2008,Georgia,10,3,1003,117522,225055,1,1,34.31,0,0,0,0
2008,Georgia,10,4,1004,224494,0,1,0,,1,0,0,0
2008,Georgia,10,5,1005,231368,0,1,0,,1,0,0,0
2008,Georgia,10,6,1006,106551,231520,1,1,31.52,0,0,0,0
2008,Georgia,10,7,1007,128159,209354,1,1,37.97,0,0,0,0
2008,Georgia,10,8,1008,157241,117446,1,1,57.24,0,0,0,0
2008,Georgia,10,9,1009,70537,217493,1,1,24.49,0,0,0,0
2008,Georgia,10,10,1010,114638,177265,1,1,39.27,0,0,0,0
2008,Georgia,10,11,1011,95220,204082,1,1,31.81,0,0,0,0
2008,Georgia,10,12,1012,164562,84773,1,1,66.0,0,0,0,0
2008,Georgia,10,13,1013,205919,92320,1,1,69.04,0,0,0,0
2008,Hawaii,11,1,1101,154208,38115,1,1,80.18,0,0,0,0
2008,Hawaii,11,2,1102,165748,44425,1,1,78.86,0,0,0,0
2008,Idaho,12,1,1201,175898,171687,1,1,50.61,0,0,0,0
2008,Idaho,12,2,1202,83878,205777,1,1,28.96,0,0,0,0
2008,Illinois,13,1,1301,233036,38361,1,1,85.87,0,0,0,0
2008,Illinois,13,2,1302,251052,29721,1,1,89.41,0,0,0,0
2008,Illinois,13,3,1303,172581,50336,1,1,77.42,0,0,0,0
2008,Illinois,13,4,1304,112529,16024,1,1,87.54,0,0,0,0
2008,Illinois,13,5,1305,170728,50881,1,1,77.04,0,0,0,0
2008,Illinois,13,6,1306,109007,147906,1,1,42.43,0,0,0,0
2008,Illinois,13,7,1307,235343,41474,1,1,85.02,0,0,0,0
2008,Illinois,13,8,1308,179444,116081,1,1,60.72,0,0,0,0
2008,Illinois,13,9,1309,181948,53593,1,1,77.25,0,0,0,0
2008,Illinois,13,10,1310,138176,153082,1,1,47.44,0,0,0,0
2008,Illinois,13,11,1311,185652,109608,1,1,62.88,0,0,0,0
2008,Illinois,13,12,1312,212891,74382,1,1,74.11,0,0,0,0
2008,Illinois,13,13,1313,147430,180888,1,1,44.9,0,0,0,0
2008,Illinois,13,14,1314,185404,135653,1,1,57.75,0,0,0,0
2008,Illinois,13,15,1315,104393,187121,1,1,35.81,0,0,0,0
2008,Illinois,13,16,1316,112648,190039,1,1,37.22,0,0,0,0
2008,Illinois,13,17,1317,220961,0,1,0,,1,0,0,0
2008,Illinois,13,18,1318,117642,182589,1,1,39.18,0,0,0,0
2008,Illinois,13,19,1319,105338,203434,1,1,34.12,0,0,0,0
2008,Indiana,14,1,1401,199954,76647,1,1,72.29,0,0,0,0
2008,Indiana,14,2,1402,187416,84455,1,1,68.94,0,0,0,0
2008,Indiana,14,3,1403,112309,155693,1,1,41.91,0,0,0,0
2008,Indiana,14,4,1404,129038,192526,1,1,40.13,0,0,0,0
2008,Indiana,14,5,1405,123357,234705,1,1,34.45,0,0,0,0
2008,Indiana,14,6,1406,94265,180608,1,1,34.29,0,0,0,0
2008,Indiana,14,7,1407,172650,92645,1,1,65.08,0,0,0,0
2008,Indiana,14,8,1408,188693,102769,1,1,64.74,0,0,0,0
2008,Indiana,14,9,1409,181281,120529,1,1,60.06,0,0,0,0
2008,Iowa,15,1,1501,186991,102439,1,1,64.61,0,0,0,0
2008,Iowa,15,2,1502,175218,118778,1,1,59.6,0,0,0,0
2008,Iowa,15,3,1503,176904,132136,1,1,57.24,0,0,0,0
2008,Iowa,15,4,1504,120746,185458,1,1,39.43,0,0,0,0
2008,Iowa,15,5,1505,99601,159430,1,1,38.45,0,0,0,0
2008,Kansas,16,1,1601,34771,214549,1,1,13.95,0,0,0,0
2008,Kansas,16,2,1602,142013,155532,1,1,47.73,0,0,0,0
2008,Kansas,16,3,1603,202541,142307,1,1,58.73,0,0,0,0
2008,Kansas,16,4,1604,90706,177617,1,1,33.8,0,0,0,0
2008,Kentucky,17,1,1701,98674,178107,1,1,35.65,0,0,0,0
2008,Kentucky,17,2,1702,143379,158936,1,1,47.43,0,0,0,0
2008,Kentucky,17,3,1703,203843,139527,1,1,59.37,0,0,0,0
2008,Kentucky,17,4,1704,111549,190210,1,1,36.97,0,0,0,0
2008,Kentucky,17,5,1705,0,177024,0,1,,1,0,0,0
2008,Kentucky,17,6,1706,203764,111378,1,1,64.66,0,0,0,0
2008,Louisiana,18,1,1801,98839,189168,1,1,34.32,0,0,1,1
2008,Louisiana,18,2,1802,131318,33132,1,1,79.85,0,0,1,1
2008,Louisiana,18,3,1803,0,0,0,0,,1,0,1,1
2008,Louisiana,18,4,1804,144151,44501,1,1,76.41,0,0,1,1
2008,Louisiana,18,5,1805,0,0,0,0,,1,0,1,1
2008,Louisiana,18,6,1806,125886,150332,1,1,45.57,0,0,1,1
2008,Louisiana,18,7,1807,98280,177173,1,1,35.68,0,0,1,1
2008,Maine,19,1,1901,205629,168930,1,1,54.9,0,0,0,0
2008,Maine,19,2,1902,226274,109268,1,1,67.44,0,0,0,0
2008,Maryland,20,1,2001,177065,174213,1,1,50.41,0,0,0,0
2008,Maryland,20,2,2002,198578,68561,1,1,74.34,0,0,0,0
2008,Maryland,20,3,2003,203711,87971,1,1,69.84,0,0,0,0
2008,Maryland,20,4,2004,258704,38739,1,1,86.98,0,0,0,0
2008,Maryland,20,5,2005,253854,82631,1,1,75.44,0,0,0,0
2008,Maryland,20,6,2006,128207,190926,1,1,40.17,0,0,0,0
2008,Maryland,20,7,2007,227379,53147,1,1,81.05,0,0,0,0
2008,Maryland,20,8,2008,229740,66351,1,1,77.59,0,0,0,0
2008,Massachusetts,21,1,2101,215696,80067,1,1,72.93,0,0,0,0
2008,Massachusetts,21,2,2102,234369,0,1,0,,1,0,0,0
2008,Massachusetts,21,3,2103,227619,0,1,0,,1,0,0,0
2008,Massachusetts,21,4,2104,203032,75571,1,1,72.88,0,0,0,0
2008,Massachusetts,21,5,2105,225947,0,1,0,,1,0,0,0
2008,Massachusetts,21,6,2106,226216,94845,1,1,70.46,0,0,0,0
2008,Massachusetts,21,7,2107,212304,67978,1,1,75.75,0,0,0,0
2008,Massachusetts,21,8,2108,185530,0,1,0,,1,0,0,0
2008,Massachusetts,21,9,2109,242166,0,1,0,,1,0,0,0
2008,Massachusetts,21,10,2110,272899,0,1,0,,1,0,0,0
2008,Michigan,22,1,2201,213216,107340,1,1,66.51,0,0,0,0
2008,Michigan,22,2,2202,119506,214100,1,1,35.82,0,0,0,0
2008,Michigan,22,3,2203,117961,203799,1,1,36.66,0,0,0,0
2008,Michigan,22,4,2204,117665,204259,1,1,36.55,0,0,0,0
2008,Michigan,22,5,2205,221841,85017,1,1,72.29,0,0,0,0
2008,Michigan,22,6,2206,123257,188157,1,1,39.58,0,0,0,0
2008,Michigan,22,7,2207,157213,149781,1,1,51.21,0,0,0,0
2008,Michigan,22,8,2208,145491,204408,1,1,41.58,0,0,0,0
2008,Michigan,22,9,2209,183311,150035,1,1,54.99,0,0,0,0
2008,Michigan,22,10,2210,108354,230471,1,1,31.98,0,0,0,0
2008,Michigan,22,11,2211,156625,177461,1,1,46.88,0,0,0,0
2008,Michigan,22,12,2212,225094,74565,1,1,75.12,0,0,0,0
2008,Michigan,22,13,2213,167481,43098,1,1,79.53,0,0,0,0
2008,Michigan,22,14,2214,227841,0,1,0,,1,0,0,0
2008,Michigan,22,15,2215,231784,81802,1,1,73.91,0,0,0,0
2008,Minnesota,23,1,2301,207753,109453,1,1,65.49,0,0,0,0
2008,Minnesota,23,2,2302,164093,220924,1,1,42.62,0,0,0,0
2008,Minnesota,23,3,2303,150787,178932,1,1,45.73,0,0,0,0
2008,Minnesota,23,4,2304,216267,98936,1,1,68.61,0,0,0,0
2008,Minnesota,23,5,2305,228776,71020,1,1,76.31,0,0,0,0
2008,Minnesota,23,6,2306,175786,187817,1,1,48.35,0,0,0,0
2008,Minnesota,23,7,2307,227187,87062,1,1,72.3,0,0,0,0
2008,Minnesota,23,8,2308,241831,114871,1,1,67.8,0,0,0,0
2008,Mississippi,24,1,2401,185959,149818,1,1,55.38,0,0,0,0
2008,Mississippi,24,2,2402,201606,90364,1,1,69.05,0,0,0,0
2008,Mississippi,24,3,2403,127698,213171,1,1,37.46,0,0,0,0
2008,Mississippi,24,4,2404,216542,73977,1,1,74.54,0,0,0,0
2008,Missouri,25,1,2501,242570,0,1,0,,1,0,0,0
2008,Missouri,25,2,2502,132068,232276,1,1,36.25,0,0,0,0
2008,Missouri,25,3,2503,202470,92759,1,1,68.58,0,0,0,0
2008,Missouri,25,4,2504,200009,103446,1,1,65.91,0,0,0,0
2008,Missouri,25,5,2505,197249,109166,1,1,64.37,0,0,0,0
2008,Missouri,25,6,2506,121894,196526,1,1,38.28,0,0,0,0
2008,Missouri,25,7,2507,91010,219016,1,1,29.36,0,0,0,0
2008,Missouri,25,8,2508,72790,198798,1,1,26.8,0,0,0,0
2008,Missouri,25,9,2509,152956,161031,1,1,48.71,0,0,0,0
2008,Montana,26,1,2601,155930,308470,1,1,33.58,0,0,0,0
2008,Nebraska,27,1,2701,77897,184923,1,1,29.64,0,0,0,0
2008,Nebraska,27,2,2702,131901,142473,1,1,48.07,0,0,0,0
2008,Nebraska,27,3,2703,55087,183117,1,1,23.13,0,0,0,0
2008,Nevada,28,1,2801,154860,64837,1,1,70.49,0,0,0,0
2008,Nevada,28,2,2802,136548,170771,1,1,44.43,0,0,0,0
2008,Nevada,28,3,2803,165912,147940,1,1,52.86,0,0,0,0
2008,New Hampshire,29,1,2901,176435,156338,1,1,53.02,0,0,0,0
2008,New Hampshire,29,2,2902,188332,138222,1,1,57.67,0,0,0,0
2008,New Jersey,30,1,3001,206453,74001,1,1,73.61,0,0,0,0
2008,New Jersey,30,2,3002,110990,167701,1,1,39.83,0,0,0,0
2008,New Jersey,30,3,3003,166390,153122,1,1,52.08,0,0,0,0
2008,New Jersey,30,4,3004,100036,202972,1,1,33.01,0,0,0,0
2008,New Jersey,30,5,3005,131033,172653,1,1,43.15,0,0,0,0
2008,New Jersey,30,6,3006,164077,77469,1,1,67.93,0,0,0,0
2008,New Jersey,30,7,3007,124818,148461,1,1,45.67,0,0,0,0
2008,New Jersey,30,8,3008,159279,63107,1,1,71.62,0,0,0,0
2008,New Jersey,30,9,3009,151182,69503,1,1,68.51,0,0,0,0
2008,New Jersey,30,10,3010,169945,0,1,0,,1,0,0,0
2008,New Jersey,30,11,3011,113510,189696,1,1,37.44,0,0,0,0
2008,New Jersey,30,12,3012,193732,108400,1,1,64.12,0,0,0,0
2008,New Jersey,30,13,3013,120382,34735,1,1,77.61,0,0,0,0
2008,New Mexico,31,1,3101,166271,132485,1,1,55.65,0,0,0,0
2008,New Mexico,31,2,3102,129572,101980,1,1,55.96,0,0,0,0
2008,New Mexico,31,3,3103,161292,86618,1,1,65.06,0,0,0,0
2008,New York,32,1,3201,162083,115545,1,1,58.38,0,0,0,0
2008,New York,32,2,3202,161279,79641,1,1,66.94,0,0,0,0
2008,New York,32,3,3203,97525,172774,1,1,36.08,0,0,0,0
2008,New York,32,4,3204,164028,92242,1,1,64.01,0,0,0,0
2008,New York,32,5,3205,112724,43039,1,1,72.37,0,0,0,0
2008,New York,32,6,3206,141180,0,1,0,,1,0,0,0
2008,New York,32,7,3207,118459,21477,1,1,84.65,0,0,0,0
2008,New York,32,8,3208,160775,39062,1,1,80.45,0,0,0,0
2008,New York,32,9,3209,112205,0,1,0,,1,0,0,0
2008,New York,32,10,3210,155090,9565,1,1,94.19,0,0,0,0
2008,New York,32,11,3211,168562,11644,1,1,93.54,0,0,0,0
2008,New York,32,12,3212,123053,13748,1,1,89.95,0,0,0,0
2008,New York,32,13,3213,114219,62441,1,1,64.65,0,0,0,0
2008,New York,32,14,3214,183239,43385,1,1,80.86,0,0,0,0
2008,New York,32,15,3215,177151,15676,1,1,91.87,0,0,0,0
2008,New York,32,16,3216,127179,4488,1,1,96.59,0,0,0,0
2008,New York,32,17,3217,161594,40707,1,1,79.88,0,0,0,0
2008,New York,32,18,3218,174791,80498,1,1,68.47,0,0,0,0
2008,New York,32,19,3219,164859,116120,1,1,58.67,0,0,0,0
2008,New York,32,20,3220,193651,118031,1,1,62.13,0,0,0,0
2008,New York,32,21,3221,171286,96599,1,1,63.94,0,0,0,0
2008,New York,32,22,3222,168558,85126,1,1,66.44,0,0,0,0
2008,New York,32,23,3223,75871,143029,1,1,34.66,0,0,0,0
2008,New York,32,24,3224,130799,120880,1,1,51.97,0,0,0,0
2008,New York,32,25,3225,157375,120217,1,1,56.69,0,0,0,0
2008,New York,32,26,3226,109615,148607,1,1,42.45,0,0,0,0
2008,New York,32,27,3227,185713,56354,1,1,76.72,0,0,0,0
2008,New York,32,28,3228,172655,48690,1,1,78.0,0,0,0,0
2008,New York,32,29,3229,140529,135199,1,1,50.97,0,0,0,0
2008,North Carolina,33,1,3301,192765,81506,1,1,70.28,0,0,0,0
2008,North Carolina,33,2,3302,199730,93323,1,1,68.15,0,0,0,0
2008,North Carolina,33,3,3303,104364,201686,1,1,34.1,0,0,0,0
2008,North Carolina,33,4,3304,265751,153947,1,1,63.32,0,0,0,0
2008,North Carolina,33,5,3305,136103,190820,1,1,41.63,0,0,0,0
2008,North Carolina,33,6,3306,108873,221018,1,1,33.0,0,0,0,0
2008,North Carolina,33,7,3307,215383,97472,1,1,68.84,0,0,0,0
2008,North Carolina,33,8,3308,157185,126634,1,1,55.38,0,0,0,0
2008,North Carolina,33,9,3309,138719,241053,1,1,36.53,0,0,0,0
2008,North Carolina,33,10,3310,126699,171774,1,1,42.45,0,0,0,0
2008,North Carolina,33,11,3311,211112,122087,1,1,63.36,0,0,0,0
2008,North Carolina,33,12,3312,215908,85814,1,1,71.56,0,0,0,0
2008,North Carolina,33,13,3313,221379,114383,1,1,65.93,0,0,0,0
2008,North Dakota,34,1,3401,194577,119388,1,1,61.97,0,0,0,0
2008,Ohio,35,1,3501,155455,140683,1,1,52.49,0,0,0,0
2008,Ohio,35,2,3502,124213,148671,1,1,45.52,0,0,0,0
2008,Ohio,35,3,3503,115976,200204,1,1,36.68,0,0,0,0
2008,Ohio,35,4,3504,99499,186154,1,1,34.83,0,0,0,0
2008,Ohio,35,5,3505,105840,188905,1,1,35.91,0,0,0,0
2008,Ohio,35,6,3506,176330,92968,1,1,65.48,0,0,0,0
2008,Ohio,35,7,3507,125547,174915,1,1,41.78,0,0,0,0
2008,Ohio,35,8,3508,95510,202063,1,1,32.1,0,0,0,0
2008,Ohio,35,9,3509,222054,76512,1,1,74.37,0,0,0,0
2008,Ohio,35,10,3510,157268,107918,1,1,59.3,0,0,0,0
2008,Ohio,35,11,3511,212667,36708,1,1,85.28,0,0,0,0
2008,Ohio,35,12,3512,152234,197447,1,1,43.54,0,0,0,0
2008,Ohio,35,13,3513,192593,105050,1,1,64.71,0,0,0,0
2008,Ohio,35,14,3514,125214,188488,1,1,39.91,0,0,0,0
2008,Ohio,35,15,3515,139584,137272,1,1,50.42,0,0,0,0
2008,Ohio,35,16,3516,169044,136293,1,1,55.36,0,0,0,0
2008,Ohio,35,17,3517,218896,61216,1,1,78.15,0,0,0,0
2008,Ohio,35,18,3518,164187,110031,1,1,59.87,0,0,0,0
2008,Oklahoma,36,1,3601,98890,193404,1,1,33.83,0,0,0,0
2008,Oklahoma,36,2,3602,173757,72815,1,1,70.47,0,0,0,0
2008,Oklahoma,36,3,3603,62297,184306,1,1,25.26,0,0,0,0
2008,Oklahoma,36,4,3604,79674,180080,1,1,30.67,0,0,0,0
2008,Oklahoma,36,5,3605,88996,171925,1,1,34.11,0,0,0,0
2008,Oregon,37,1,3701,237567,0,1,0,,1,0,0,0
2008,Oregon,37,2,3702,87649,236560,1,1,27.03,0,0,0,0
2008,Oregon,37,3,3703,254235,71063,1,1,78.15,0,0,0,0
2008,Oregon,37,4,3704,275143,0,1,0,,1,0,0,0
2008,Oregon,37,5,3705,181577,128297,1,1,58.6,0,0,0,0
2008,Pennsylvania,38,1,3801,242799,24714,1,1,90.76,0,0,0,0
2008,Pennsylvania,38,2,3802,276870,34466,1,1,88.93,0,0,0,0
2008,Pennsylvania,38,3,3803,146846,139707,1,1,51.25,0,0,0,0
2008,Pennsylvania,38,4,3804,186536,147411,1,1,55.86,0,0,0,0
2008,Pennsylvania,38,5,3805,112509,155513,1,1,41.98,0,0,0,0
2008,Pennsylvania,38,6,3806,164952,179423,1,1,47.9,0,0,0,0
2008,Pennsylvania,38,7,3807,209955,142362,1,1,59.59,0,0,0,0
2008,Pennsylvania,38,8,3808,197869,145103,1,1,57.69,0,0,0,0
2008,Pennsylvania,38,9,3809,98735,174951,1,1,36.08,0,0,0,0
2008,Pennsylvania,38,10,3810,160837,124681,1,1,56.33,0,0,0,0
2008,Pennsylvania,38,11,3811,146379,137151,1,1,51.63,0,0,0,0
2008,Pennsylvania,38,12,3812,155268,113120,1,1,57.85,0,0,0,0
2008,Pennsylvania,38,13,3813,196868,108271,1,1,64.52,0,0,0,0
2008,Pennsylvania,38,14,3814,242326,0,1,0,,1,0,0,0
2008,Pennsylvania,38,15,3815,128333,181433,1,1,41.43,0,0,0,0
2008,Pennsylvania,38,16,3816,120193,170329,1,1,41.37,0,0,0,0
2008,Pennsylvania,38,17,3817,192699,109909,1,1,63.68,0,0,0,0
2008,Pennsylvania,38,18,3818,119661,213349,1,1,35.93,0,0,0,0
2008,Pennsylvania,38,19,3819,109533,218862,1,1,33.35,0,0,0,0
2008,Rhode Island,39,1,3901,145254,51340,1,1,73.89,0,0,0,0
2008,Rhode Island,39,2,3902,158416,67433,1,1,70.14,0,0,0,0
2008,South Carolina,40,1,4001,163724,177540,1,1,47.98,0,0,0,0
2008,South Carolina,40,2,4002,158627,184583,1,1,46.22,0,0,0,0
2008,South Carolina,40,3,4003,101724,186799,1,1,35.26,0,0,0,0
2008,South Carolina,40,4,4004,113291,184440,1,1,38.05,0,0,0,0
2008,South Carolina,40,5,4005,188785,113282,1,1,62.5,0,0,0,0
2008,South Carolina,40,6,4006,193378,93059,1,1,67.51,0,0,0,0
2008,South Dakota,41,1,4101,256041,122966,1,1,67.56,0,0,0,0
2008,Tennessee,42,1,4201,57525,168343,1,1,25.47,0,0,0,0
2008,Tennessee,42,2,4202,63639,227120,1,1,21.89,0,0,0,0
2008,Tennessee,42,3,4203,73059,184964,1,1,28.31,0,0,0,0
2008,Tennessee,42,4,4204,146776,94447,1,1,60.85,0,0,0,0
2008,Tennessee,42,5,4205,181467,85471,1,1,67.98,0,0,0,0
2008,Tennessee,42,6,4206,194264,0,1,0,,1,0,0,0
2008,Tennessee,42,7,4207,99549,217332,1,1,31.42,0,0,0,0
2008,Tennessee,42,8,4208,180465,0,1,0,,1,0,0,0
2008,Tennessee,42,9,4209,198798,0,1,0,,1,0,0,0
2008,Texas,43,1,4301,0,189012,0,1,,1,0,0,0
2008,Texas,43,2,4302,0,175101,0,1,,1,0,0,0
2008,Texas,43,3,4303,108693,170742,1,1,38.9,0,0,0,0
2008,Texas,43,4,4304,88067,206906,1,1,29.86,0,0,0,0
2008,Texas,43,5,4305,0,162894,0,1,,1,0,0,0
2008,Texas,43,6,4306,99919,174008,1,1,36.48,0,0,0,0
2008,Texas,43,7,4307,123242,162635,1,1,43.11,0,0,0,0
2008,Texas,43,8,4308,70758,207128,1,1,25.46,0,0,0,0
2008,Texas,43,9,4309,143868,0,1,0,,1,0,0,0
2008,Texas,43,10,4310,143719,179493,1,1,44.47,0,0,0,0
2008,Texas,43,11,4311,0,189625,0,1,,1,0,0,0
2008,Texas,43,12,4312,82250,181662,1,1,31.17,0,0,0,0
2008,Texas,43,13,4313,51841,180078,1,1,22.35,0,0,0,0
2008,Texas,43,14,4314,0,191293,0,1,,1,0,0,0
2008,Texas,43,15,4315,107578,52303,1,1,67.29,0,0,0,0
2008,Texas,43,16,4316,130375,0,1,0,,1,0,0,0
2008,Texas,43,17,4317,134592,115581,1,1,53.8,0,0,0,0
2008,Texas,43,18,4318,148617,39095,1,1,79.17,0,0,0,0
2008,Texas,43,19,4319,58030,168501,1,1,25.62,0,0,0,0
2008,Texas,43,20,4320,127298,44585,1,1,74.06,0,0,0,0
2008,Texas,43,21,4321,0,243471,0,1,,1,0,0,0
2008,Texas,43,22,4322,140160,161996,1,1,46.39,0,0,0,0
2008,Texas,43,23,4323,134090,100799,1,1,57.09,0,0,0,0
2008,Texas,43,24,4324,111089,151434,1,1,42.32,0,0,0,0
2008,Texas,43,25,4325,191755,88693,1,1,68.37,0,0,0,0
2008,Texas,43,26,4326,118167,195181,1,1,37.71,0,0,0,0
2008,Texas,43,27,4327,104864,69458,1,1,60.16,0,0,0,0
2008,Texas,43,28,4328,123494,52524,1,1,70.16,0,0,0,0
2008,Texas,43,29,4329,79718,25512,1,1,75.76,0,0,0,0
2008,Texas,43,30,4330,168249,32361,1,1,83.87,0,0,0,0
2008,Texas,43,31,4331,106559,175563,1,1,37.77,0,0,0,0
2008,Texas,43,32,4332,82406,116283,1,1,41.47,0,0,0,0
2008,Utah,44,1,4401,92469,196799,1,1,31.97,0,0,0,0
2008,Utah,44,2,4402,220666,120083,1,1,64.76,0,0,0,0
2008,Utah,44,3,4403,80626,187035,1,1,30.12,0,0,0,0
2008,Vermont,45,1,4501,248203,0,1,0,,1,0,0,0
2008,Virginia,46,1,4601,150432,203839,1,1,42.46,0,0,0,0
2008,Virginia,46,2,4602,141857,128486,1,1,52.47,0,0,0,0
2008,Virginia,46,3,4603,239911,0,1,0,,1,0,0,0
2008,Virginia,46,4,4604,135041,199075,1,1,40.42,0,0,0,0
2008,Virginia,46,5,4605,158810,158083,1,1,50.11,0,0,0,0
2008,Virginia,46,6,4606,114367,192350,1,1,37.29,0,0,0,0
2008,Virginia,46,7,4607,138123,233531,1,1,37.16,0,0,0,0
2008,Virginia,46,8,4608,222986,97425,1,1,69.59,0,0,0,0
2008,Virginia,46,9,4609,207306,0,1,0,,1,0,0,0
2008,Virginia,46,10,4610,147357,223140,1,1,39.77,0,0,0,0
2008,Virginia,46,11,4611,196598,154758,1,1,55.95,0,0,0,0
2008,Washington,47,1,4701,233780,111240,1,1,67.76,0,0,0,0
2008,Washington,47,2,4702,217416,131051,1,1,62.39,0,0,0,0
2008,Washington,47,3,4703,216701,121828,1,1,64.01,0,0,0,0
2008,Washington,47,4,4704,99430,169940,1,1,36.91,0,0,0,0
2008,Washington,47,5,4705,112382,211305,1,1,34.72,0,0,0,0
2008,Washington,47,6,4706,205991,102081,1,1,66.86,0,0,0,0
2008,Washington,47,7,4707,291963,57054,1,1,83.65,0,0,0,0
2008,Washington,47,8,4708,171358,191568,1,1,47.22,0,0,0,0
2008,Washington,47,9,4709,176295,93080,1,1,65.45,0,0,0,0
2008,West Virginia,48,1,4801,187734,0,1,0,,1,0,0,0
2008,West Virginia,48,2,4802,110819,147334,1,1,42.93,0,0,0,0
2008,West Virginia,48,3,4803,133522,66005,1,1,66.92,0,0,0,0
2008,Wisconsin,49,1,4901,125268,231009,1,1,35.16,0,0,0,0
2008,Wisconsin,49,2,4902,277914,122513,1,1,69.4,0,0,0,0
2008,Wisconsin,49,3,4903,225208,122760,1,1,64.72,0,0,0,0
2008,Wisconsin,49,4,4904,222728,0,1,0,,1,0,0,0
2008,Wisconsin,49,5,4905,0,275271,0,1,,1,0,0,0
2008,Wisconsin,49,6,4906,126090,221875,1,1,36.24,0,0,0,0
2008,Wisconsin,49,7,4907,212666,136938,1,1,60.83,0,0,0,0
2008,Wisconsin,49,8,4908,193662,164621,1,1,54.05,0,0,0,0
2008,Wyoming,50,1,5001,106758,131244,1,1,44.86,0,0,0,0
2010,Alabama,1,1,101,0,129063,0,1,,1,0,0,0
2010,Alabama,1,2,102,106865,111645,1,1,48.91,0,0,0,0
2010,Alabama,1,3,103,80204,117736,1,1,40.52,0,0,0,0
2010,Alabama,1,4,104,0,167714,0,1,,1,0,0,0
2010,Alabama,1,5,105,95192,131109,1,1,42.06,0,0,0,0
2010,Alabama,1,6,106,0,205288,0,1,,1,0,0,0
2010,Alabama,1,7,107,136696,51890,1,1,72.48,0,0,0,0
2010,Alaska,2,1,201,77606,175384,1,1,30.68,0,0,0,0
2010,Arizona,3,1,301,99233,112816,1,1,46.8,0,0,0,0
2010,Arizona,3,2,302,82891,173173,1,1,32.37,0,0,0,0
2010,Arizona,3,3,303,85610,108689,1,1,44.06,0,0,0,0
2010,Arizona,3,4,304,61524,25300,1,1,70.86,0,0,0,0
2010,Arizona,3,5,305,91749,110374,1,1,45.39,0,0,0,0
2010,Arizona,3,6,306,72615,165649,1,1,30.48,0,0,0,0
2010,Arizona,3,7,307,79935,70385,1,1,53.18,0,0,0,0
2010,Arizona,3,8,308,138280,134124,1,1,50.76,0,0,0,0
2010,Arkansas,4,1,401,78267,93224,1,1,45.64,0,0,0,0
2010,Arkansas,4,2,402,80687,122091,1,1,39.79,0,0,0,0
2010,Arkansas,4,3,403,56542,148581,1,1,27.56,0,0,0,0
2010,Arkansas,4,4,404,102479,71526,1,1,58.89,0,0,0,0
2010,California,5,1,501,147307,72803,1,1,66.92,0,0,0,0
2010,California,5,2,502,98092,130837,1,1,42.85,0,0,0,0
2010,California,5,3,503,113128,131169,1,1,46.31,0,0,0,0
2010,California,5,4,504,95653,186397,1,1,33.91,0,0,0,0
2010,California,5,5,505,124220,43577,1,1,74.03,0,0,0,0
2010,California,5,6,506,172216,77361,1,1,69.0,0,0,0,0
2010,California,5,7,507,122435,56764,1,1,68.32,0,0,0,0
2010,California,5,8,508,167957,31711,1,1,84.12,0,0,0,0
2010,California,5,9,509,180400,23054,1,1,88.67,0,0,0,0
2010,California,5,10,510,137578,88512,1,1,60.85,0,0,0,0
2010,California,5,11,511,115361,112703,1,1,50.58,0,0,0,0
2010,California,5,12,512,152044,44475,1,1,77.37,0,0,0,0
2010,California,5,13,513,118278,45575,1,1,72.19,0,0,0,0
2010,California,5,14,514,151217,60917,1,1,71.28,0,0,0,0
2010,California,5,15,515,126147,60468,1,1,67.6,0,0,0,0
2010,California,5,16,516,105841,37913,1,1,73.63,0,0,0,0
2010,California,5,17,517,118734,53176,1,1,69.07,0,0,0,0
2010,California,5,18,518,72853,51716,1,1,58.48,0,0,0,0
2010,California,5,19,519,69912,128394,1,1,35.25,0,0,0,0
2010,California,5,20,520,46247,43197,1,1,51.7,0,0,0,0
2010,California,5,21,521,0,135979,0,1,,1,0,0,0
2010,California,5,22,522,0,173490,0,1,,1,0,0,0
2010,California,5,23,523,111768,72744,1,1,60.57,0,0,0,0
2010,California,5,24,524,96279,144055,1,1,40.06,0,0,0,0
2010,California,5,25,525,73028,118308,1,1,38.17,0,0,0,0
2010,California,5,26,526,76093,112774,1,1,40.29,0,0,0,0
2010,California,5,27,527,102927,55056,1,1,65.15,0,0,0,0
2010,California,5,28,528,88385,28493,1,1,75.62,0,0,0,0
2010,California,5,29,529,104374,51534,1,1,66.95,0,0,0,0
2010,California,5,30,530,153663,75948,1,1,66.92,0,0,0,0
2010,California,5,31,531,76363,14740,1,1,83.82,0,0,0,0
2010,California,5,32,532,77759,31697,1,1,71.04,0,0,0,0
2010,California,5,33,533,131990,21342,1,1,86.08,0,0,0,0
2010,California,5,34,534,69382,20457,1,1,77.23,0,0,0,0
2010,California,5,35,535,98131,25561,1,1,79.33,0,0,0,0
2010,California,5,36,536,114489,66706,1,1,63.19,0,0,0,0
2010,California,5,37,537,85799,29159,1,1,74.64,0,0,0,0
2010,California,5,38,538,85459,30883,1,1,73.45,0,0,0,0
2010,California,5,39,539,81590,42037,1,1,66.0,0,0,0,0
2010,California,5,40,540,59400,119455,1,1,33.21,0,0,0,0
2010,California,5,41,541,74394,127857,1,1,36.78,0,0,0,0
2010,California,5,42,542,65122,127161,1,1,33.87,0,0,0,0
2010,California,5,43,543,70026,36890,1,1,65.5,0,0,0,0
2010,California,5,44,544,85784,107482,1,1,44.39,0,0,0,0
2010,California,5,45,545,87141,106472,1,1,45.01,0,0,0,0
2010,California,5,46,546,84940,139822,1,1,37.79,0,0,0,0
2010,California,5,47,547,50832,37679,1,1,57.43,0,0,0,0
2010,California,5,48,548,88465,145481,1,1,37.81,0,0,0,0
2010,California,5,49,549,59714,119088,1,1,33.4,0,0,0,0
2010,California,5,50,550,97818,142247,1,1,40.75,0,0,0,0
2010,California,5,51,551,86423,57488,1,1,60.05,0,0,0,0
2010,California,5,52,552,70870,139460,1,1,33.69,0,0,0,0
2010,California,5,53,553,104800,57230,1,1,64.68,0,0,0,0
2010,Colorado,6,1,601,140073,59747,1,1,70.1,0,0,0,0
2010,Colorado,6,2,602,148720,98171,1,1,60.24,0,0,0,0
2010,Colorado,6,3,603,118048,129257,1,1,47.73,0,0,0,0
2010,Colorado,6,4,604,109249,138634,1,1,44.07,0,0,0,0
2010,Colorado,6,5,605,68039,152829,1,1,30.81,0,0,0,0
2010,Colorado,6,6,606,104104,217368,1,1,32.38,0,0,0,0
2010,Colorado,6,7,607,112667,88026,1,1,56.14,0,0,0,0
2010,Connecticut,7,1,701,138440,84076,1,1,62.22,0,0,0,0
2010,Connecticut,7,2,702,147748,95671,1,1,60.7,0,0,0,0
2010,Connecticut,7,3,703,143565,74107,1,1,65.95,0,0,0,0
2010,Connecticut,7,4,704,115351,102030,1,1,53.06,0,0,0,0
2010,Connecticut,7,5,705,122879,104402,1,1,54.06,0,0,0,0
2010,Delaware,8,1,801,173543,125442,1,1,58.04,0,0,0,0
2010,Florida,9,1,901,0,170821,0,1,,1,0,0,0
2010,Florida,9,2,902,105211,136371,1,1,43.55,0,0,0,0
2010,Florida,9,3,903,94744,50932,1,1,65.04,0,0,0,0
2010,Florida,9,4,904,0,178238,0,1,,1,0,0,0
2010,Florida,9,5,905,100858,208815,1,1,32.57,0,0,0,0
2010,Florida,9,6,906,0,179349,0,1,,1,0,0,0
2010,Florida,9,7,907,83206,185470,1,1,30.97,0,0,0,0
2010,Florida,9,8,908,84167,123586,1,1,40.51,0,0,0,0
2010,Florida,9,9,909,66158,165433,1,1,28.57,0,0,0,0
2010,Florida,9,10,910,71313,137943,1,1,34.08,0,0,0,0
2010,Florida,9,11,911,91328,61817,1,1,59.63,0,0,0,0
2010,Florida,9,12,912,87769,102704,1,1,46.08,0,0,0,0
2010,Florida,9,13,913,83123,183811,1,1,31.14,0,0,0,0
2010,Florida,9,14,914,74525,188341,1,1,28.35,0,0,0,0
2010,Florida,9,15,915,85595,157079,1,1,35.27,0,0,0,0
2010,Florida,9,16,916,80327,162285,1,1,33.11,0,0,0,0
2010,Florida,9,17,917,106361,0,1,0,,1,0,0,0
2010,Florida,9,18,918,46235,102360,1,1,31.11,0,0,0,0
2010,Florida,9,19,919,132098,78733,1,1,62.66,0,0,0,0
2010,Florida,9,20,920,100787,63845,1,1,61.22,0,0,0,0
2010,Florida,9,21,921,0,0,0,0,,1,0,0,0
2010,Florida,9,22,922,99804,118890,1,1,45.64,0,0,0,0
2010,Florida,9,23,923,100066,26414,1,1,79.12,0,0,0,0
2010,Florida,9,24,924,98787,146129,1,1,40.34,0,0,0,0
2010,Florida,9,25,925,61138,74859,1,1,44.96,0,0,0,0
2010,Georgia,10,1,1001,46449,117270,1,1,28.37,0,0,0,0
2010,Georgia,10,2,1002,86520,81673,1,1,51.44,0,0,0,0
2010,Georgia,10,3,1003,73932,168304,1,1,30.52,0,0,0,0
2010,Georgia,10,4,1004,131760,44707,1,1,74.67,0,0,0,0
2010,Georgia,10,5,1005,130782,46622,1,1,73.72,0,0,0,0
2010,Georgia,10,6,1006,0,198100,0,1,,1,0,0,0
2010,Georgia,10,7,1007,78996,160898,1,1,32.93,0,0,0,0
2010,Georgia,10,8,1008,92250,102770,1,1,47.3,0,0,0,0
2010,Georgia,10,9,1009,0,173512,0,1,,1,0,0,0
2010,Georgia,10,10,1010,66905,138062,1,1,32.64,0,0,0,0
2010,Georgia,10,11,1011,0,163515,0,1,,1,0,0,0
2010,Georgia,10,12,1012,92459,70938,1,1,56.59,0,0,0,0
2010,Georgia,10,13,1013,140294,61771,1,1,69.43,0,0,0,0
2010,Hawaii,11,1,1101,94140,82723,1,1,53.23,0,0,0,0
2010,Hawaii,11,2,1102,132290,46404,1,1,74.03,0,0,0,0
2010,Idaho,12,1,1201,102135,126231,1,1,44.72,0,0,0,0
2010,Idaho,12,2,1202,48749,137468,1,1,26.18,0,0,0,0
2010,Illinois,13,1,1301,148170,29253,1,1,83.51,0,0,0,0
2010,Illinois,13,2,1302,150666,25883,1,1,85.34,0,0,0,0
2010,Illinois,13,3,1303,116120,40479,1,1,74.15,0,0,0,0
2010,Illinois,13,4,1304,63273,11711,1,1,84.38,0,0,0,0
2010,Illinois,13,5,1305,108360,38935,1,1,73.57,0,0,0,0
2010,Illinois,13,6,1306,65379,114456,1,1,36.35,0,0,0,0
2010,Illinois,13,7,1307,149846,29575,1,1,83.52,0,0,0,0
2010,Illinois,13,8,1308,97825,98115,1,1,49.93,0,0,0,0
2010,Illinois,13,9,1309,117553,55182,1,1,68.05,0,0,0,0
2010,Illinois,13,10,1310,105290,109941,1,1,48.92,0,0,0,0
2010,Illinois,13,11,1311,96019,129108,1,1,42.65,0,0,0,0
2010,Illinois,13,12,1312,121272,74046,1,1,62.09,0,0,0,0
2010,Illinois,13,13,1313,86281,152132,1,1,36.19,0,0,0,0
2010,Illinois,13,14,1314,98645,112369,1,1,46.75,0,0,0,0
2010,Illinois,13,15,1315,75948,136915,1,1,35.68,0,0,0,0
2010,Illinois,13,16,1316,66037,138299,1,1,32.32,0,0,0,0
2010,Illinois,13,17,1317,85454,104583,1,1,44.97,0,0,0,0
2010,Illinois,13,18,1318,57046,152868,1,1,27.18,0,0,0,0
2010,Illinois,13,19,1319,67132,166166,1,1,28.78,0,0,0,0
2010,Indiana,14,1,1401,99387,65558,1,1,60.25,0,0,0,0
2010,Indiana,14,2,1402,91341,88803,1,1,50.7,0,0,0,0
2010,Indiana,14,3,1403,61267,116140,1,1,34.53,0,0,0,0
2010,Indiana,14,4,1404,53167,138732,1,1,27.71,0,0,0,0
2010,Indiana,14,5,1405,60024,146899,1,1,29.01,0,0,0,0
2010,Indiana,14,6,1406,56647,126027,1,1,31.01,0,0,0,0
2010,Indiana,14,7,1407,86011,55213,1,1,60.9,0,0,0,0
2010,Indiana,14,8,1408,76265,117259,1,1,39.41,0,0,0,0
2010,Indiana,14,9,1409,95353,118040,1,1,44.68,0,0,0,0
2010,Iowa,15,1,1501,104428,100219,1,1,51.03,0,0,0,0
2010,Iowa,15,2,1502,115839,104319,1,1,52.62,0,0,0,0
2010,Iowa,15,3,1503,122147,111925,1,1,52.18,0,0,0,0
2010,Iowa,15,4,1504,74300,152588,1,1,32.75,0,0,0,0
2010,Iowa,15,5,1505,63160,128363,1,1,32.98,0,0,0,0
2010,Kansas,16,1,1601,44068,142281,1,1,23.65,0,0,0,0
2010,Kansas,16,2,1602,66588,130034,1,1,33.87,0,0,0,0
2010,Kansas,16,3,1603,90193,136246,1,1,39.83,0,0,0,0
2010,Kansas,16,4,1604,74143,119575,1,1,38.27,0,0,0,0
2010,Kentucky,17,1,1701,62090,153840,1,1,28.75,0,0,0,0
2010,Kentucky,17,2,1702,73749,155906,1,1,32.11,0,0,0,0
2010,Kentucky,17,3,1703,139940,112627,1,1,55.41,0,0,0,0
2010,Kentucky,17,4,1704,66694,151813,1,1,30.52,0,0,0,0
2010,Kentucky,17,5,1705,44034,151019,1,1,22.58,0,0,0,0
2010,Kentucky,17,6,1706,119812,119164,1,1,50.14,0,0,0,0
2010,Louisiana,18,1,1801,38416,157182,1,1,19.64,0,0,1,0
2010,Louisiana,18,2,1802,83705,43378,1,1,65.87,0,0,1,0
2010,Louisiana,18,3,1803,61914,108963,1,1,36.23,0,0,1,0
2010,Louisiana,18,4,1804,54609,105223,1,1,34.17,0,0,1,0
2010,Louisiana,18,5,1805,0,122033,0,1,,1,0,1,0
2010,Louisiana,18,6,1806,72577,138607,1,1,34.37,0,0,1,0
2010,Louisiana,18,7,1807,0,0,0,0,,1,0,1,0
2010,Maine,19,1,1901,169114,128501,1,1,56.82,0,0,0,0
2010,Maine,19,2,1902,147042,119669,1,1,55.13,0,0,0,0
2010,Maryland,20,1,2001,120400,155118,1,1,43.7,0,0,0,0
2010,Maryland,20,2,2002,134133,69523,1,1,65.86,0,0,0,0
2010,Maryland,20,3,2003,147448,86947,1,1,62.91,0,0,0,0
2010,Maryland,20,4,2004,160228,31467,1,1,83.58,0,0,0,0
2010,Maryland,20,5,2005,155110,83575,1,1,64.99,0,0,0,0
2010,Maryland,20,6,2006,80455,148820,1,1,35.09,0,0,0,0
2010,Maryland,20,7,2007,152669,46375,1,1,76.7,0,0,0,0
2010,Maryland,20,8,2008,153613,52421,1,1,74.56,0,0,0,0
2010,Massachusetts,21,1,2101,128011,74418,1,1,63.24,0,0,0,0
2010,Massachusetts,21,2,2102,122751,91209,1,1,57.37,0,0,0,0
2010,Massachusetts,21,3,2103,122708,85124,1,1,59.04,0,0,0,0
2010,Massachusetts,21,4,2104,126194,101517,1,1,55.42,0,0,0,0
2010,Massachusetts,21,5,2105,122858,94646,1,1,56.49,0,0,0,0
2010,Massachusetts,21,6,2106,142732,107930,1,1,56.94,0,0,0,0
2010,Massachusetts,21,7,2107,145696,73467,1,1,66.48,0,0,0,0
2010,Massachusetts,21,8,2108,134974,0,1,0,,1,0,0,0
2010,Massachusetts,21,9,2109,157071,59965,1,1,72.37,0,0,0,0
2010,Massachusetts,21,10,2110,132743,120029,1,1,52.51,0,0,0,0
2010,Michigan,22,1,2201,94824,120523,1,1,44.03,0,0,0,0
2010,Michigan,22,2,2202,72118,148864,1,1,32.64,0,0,0,0
2010,Michigan,22,3,2203,83953,133714,1,1,38.57,0,0,0,0
2010,Michigan,22,4,2204,68458,148531,1,1,31.55,0,0,0,0
2010,Michigan,22,5,2205,107286,89680,1,1,54.47,0,0,0,0
2010,Michigan,22,6,2206,66729,123142,1,1,35.14,0,0,0,0
2010,Michigan,22,7,2207,102402,113185,1,1,47.5,0,0,0,0
2010,Michigan,22,8,2208,84069,156931,1,1,34.88,0,0,0,0
2010,Michigan,22,9,2209,125730,119325,1,1,51.31,0,0,0,0
2010,Michigan,22,10,2210,58530,168364,1,1,25.8,0,0,0,0
2010,Michigan,22,11,2211,91710,141224,1,1,39.37,0,0,0,0
2010,Michigan,22,12,2212,124671,71372,1,1,63.59,0,0,0,0
2010,Michigan,22,13,2213,100885,23462,1,1,81.13,0,0,0,0
2010,Michigan,22,14,2214,115511,29902,1,1,79.44,0,0,0,0
2010,Michigan,22,15,2215,118336,83488,1,1,58.63,0,0,0,0
2010,Minnesota,23,1,2301,122365,109242,1,1,52.83,0,0,0,0
2010,Minnesota,23,2,2302,104809,181341,1,1,36.63,0,0,0,0
2010,Minnesota,23,3,2303,100240,161177,1,1,38.34,0,0,0,0
2010,Minnesota,23,4,2304,136746,80141,1,1,63.05,0,0,0,0
2010,Minnesota,23,5,2305,154833,55222,1,1,73.71,0,0,0,0
2010,Minnesota,23,6,2306,120846,159476,1,1,43.11,0,0,0,0
2010,Minnesota,23,7,2307,133096,90652,1,1,59.48,0,0,0,0
2010,Minnesota,23,8,2308,129091,133490,1,1,49.16,0,0,0,0
2010,Mississippi,24,1,2401,89388,121074,1,1,42.47,0,0,0,0
2010,Mississippi,24,2,2402,105327,64499,1,1,62.02,0,0,0,0
2010,Mississippi,24,3,2403,60737,132393,1,1,31.45,0,0,0,0
2010,Mississippi,24,4,2404,95243,105613,1,1,47.42,0,0,0,0
2010,Missouri,25,1,2501,135907,43649,1,1,75.69,0,0,0,0
2010,Missouri,25,2,2502,77467,180481,1,1,30.03,0,0,0,0
2010,Missouri,25,3,2503,99398,94757,1,1,51.2,0,0,0,0
2010,Missouri,25,4,2504,101532,113489,1,1,47.22,0,0,0,0
2010,Missouri,25,5,2505,102076,84578,1,1,54.69,0,0,0,0
2010,Missouri,25,6,2506,67762,154103,1,1,30.54,0,0,0,0
2010,Missouri,25,7,2507,67545,141010,1,1,32.39,0,0,0,0
2010,Missouri,25,8,2508,56377,128499,1,1,30.49,0,0,0,0
2010,Missouri,25,9,2509,0,162724,0,1,,1,0,0,0
2010,Montana,26,1,2601,121954,217696,1,1,35.91,0,0,0,0
2010,Nebraska,27,1,2701,47106,116871,1,1,28.73,0,0,0,0
2010,Nebraska,27,2,2702,60486,93840,1,1,39.19,0,0,0,0
2010,Nebraska,27,3,2703,29932,117275,1,1,20.33,0,0,0,0
2010,Nevada,28,1,2801,103246,58995,1,1,63.64,0,0,0,0
2010,Nevada,28,2,2802,87421,169458,1,1,34.03,0,0,0,0
2010,Nevada,28,3,2803,127168,128916,1,1,49.66,0,0,0,0
2010,New Hampshire,29,1,2901,95503,121655,1,1,43.98,0,0,0,0
2010,New Hampshire,29,2,2902,105060,108610,1,1,49.17,0,0,0,0
2010,New Jersey,30,1,3001,106334,58562,1,1,64.49,0,0,0,0
2010,New Jersey,30,2,3002,51690,109460,1,1,32.08,0,0,0,0
2010,New Jersey,30,3,3003,104252,110215,1,1,48.61,0,0,0,0
2010,New Jersey,30,4,3004,52118,129752,1,1,28.66,0,0,0,0
2010,New Jersey,30,5,3005,62634,124030,1,1,33.55,0,0,0,0
2010,New Jersey,30,6,3006,81933,65413,1,1,55.61,0,0,0,0
2010,New Jersey,30,7,3007,71902,105084,1,1,40.63,0,0,0,0
2010,New Jersey,30,8,3008,88478,51023,1,1,63.42,0,0,0,0
2010,New Jersey,30,9,3009,83564,52082,1,1,61.6,0,0,0,0
2010,New Jersey,30,10,3010,95299,14357,1,1,86.91,0,0,0,0
2010,New Jersey,30,11,3011,55472,122149,1,1,31.23,0,0,0,0
2010,New Jersey,30,12,3012,108214,93634,1,1,53.61,0,0,0,0
2010,New Jersey,30,13,3013,62840,19538,1,1,76.28,0,0,0,0
2010,New Mexico,31,1,3101,112010,104215,1,1,51.8,0,0,0,0
2010,New Mexico,31,2,3102,75708,94053,1,1,44.6,0,0,0,0
2010,New Mexico,31,3,3103,120048,90617,1,1,56.99,0,0,0,0
2010,New York,32,1,3201,98316,97723,1,1,50.15,0,0,0,0
2010,New York,32,2,3202,94594,72029,1,1,56.77,0,0,0,0
2010,New York,32,3,3203,51346,131674,1,1,28.05,0,0,0,0
2010,New York,32,4,3204,94483,81718,1,1,53.62,0,0,0,0
2010,New York,32,5,3205,72239,41493,1,1,63.52,0,0,0,0
2010,New York,32,6,3206,85096,11826,1,1,87.8,0,0,0,0
2010,New York,32,7,3207,71247,16145,1,1,81.53,0,0,0,0
2010,New York,32,8,3208,98839,31996,1,1,75.54,0,0,0,0
2010,New York,32,9,3209,67011,43129,1,1,60.84,0,0,0,0
2010,New York,32,10,3210,95485,7419,1,1,92.79,0,0,0,0
2010,New York,32,11,3211,104297,10858,1,1,90.57,0,0,0,0
2010,New York,32,12,3212,68624,0,1,0,,1,0,0,0
2010,New York,32,13,3213,60773,65024,1,1,48.31,0,0,0,0
2010,New York,32,14,3214,107327,32065,1,1,77.0,0,0,0,0
2010,New York,32,15,3215,91225,11754,1,1,88.59,0,0,0,0
2010,New York,32,16,3216,61642,2758,1,1,95.72,0,0,0,0
2010,New York,32,17,3217,95346,29792,1,1,76.19,0,0,0,0
2010,New York,32,18,3218,115619,70413,1,1,62.15,0,0,0,0
2010,New York,32,19,3219,98766,109956,1,1,47.32,0,0,0,0
2010,New York,32,20,3220,107075,130178,1,1,45.13,0,0,0,0
2010,New York,32,21,3221,124889,85752,1,1,59.29,0,0,0,0
2010,New York,32,22,3222,98661,88687,1,1,52.66,0,0,0,0
2010,New York,32,23,3223,82232,80237,1,1,50.61,0,0,0,0
2010,New York,32,24,3224,89809,101599,1,1,46.92,0,0,0,0
2010,New York,32,25,3225,103954,104602,1,1,49.84,0,0,0,0
2010,New York,32,26,3226,54307,151449,1,1,26.39,0,0,0,0
2010,New York,32,27,3227,119085,76320,1,1,60.94,0,0,0,0
2010,New York,32,28,3228,102514,55392,1,1,64.92,0,0,0,0
2010,New York,32,29,3229,0,112314,0,1,,1,0,0,0
2010,North Carolina,33,1,3301,103294,70867,1,1,59.31,0,0,0,0
2010,North Carolina,33,2,3302,92393,93876,1,1,49.6,0,0,0,0
2010,North Carolina,33,3,3303,51317,143225,1,1,26.38,0,0,0,0
2010,North Carolina,33,4,3304,155384,116448,1,1,57.16,0,0,0,0
2010,North Carolina,33,5,3305,72762,140525,1,1,34.11,0,0,0,0
2010,North Carolina,33,6,3306,51507,156252,1,1,24.79,0,0,0,0
2010,North Carolina,33,7,3307,113957,98328,1,1,53.68,0,0,0,0
2010,North Carolina,33,8,3308,88776,73129,1,1,54.83,0,0,0,0
2010,North Carolina,33,9,3309,71450,158790,1,1,31.03,0,0,0,0
2010,North Carolina,33,10,3310,52972,130813,1,1,28.82,0,0,0,0
2010,North Carolina,33,11,3311,131225,110246,1,1,54.34,0,0,0,0
2010,North Carolina,33,12,3312,103495,55315,1,1,65.17,0,0,0,0
2010,North Carolina,33,13,3313,116103,93099,1,1,55.5,0,0,0,0
2010,North Dakota,34,1,3401,106542,129802,1,1,45.08,0,0,0,0
2010,Ohio,35,1,3501,92672,103770,1,1,47.18,0,0,0,0
2010,Ohio,35,2,3502,82431,139027,1,1,37.22,0,0,0,0
2010,Ohio,35,3,3503,71455,152629,1,1,31.89,0,0,0,0
2010,Ohio,35,4,3504,50533,146029,1,1,25.71,0,0,0,0
2010,Ohio,35,5,3505,54919,140703,1,1,28.07,0,0,0,0
2010,Ohio,35,6,3506,92823,103170,1,1,47.36,0,0,0,0
2010,Ohio,35,7,3507,70400,135721,1,1,34.15,0,0,0,0
2010,Ohio,35,8,3508,65883,142731,1,1,31.58,0,0,0,0
2010,Ohio,35,9,3509,121819,83423,1,1,59.35,0,0,0,0
2010,Ohio,35,10,3510,101343,83809,1,1,54.74,0,0,0,0
2010,Ohio,35,11,3511,139693,28754,1,1,82.93,0,0,0,0
2010,Ohio,35,12,3512,110307,150163,1,1,42.35,0,0,0,0
2010,Ohio,35,13,3513,118806,94367,1,1,55.73,0,0,0,0
2010,Ohio,35,14,3514,72604,149878,1,1,32.63,0,0,0,0
2010,Ohio,35,15,3515,91077,119471,1,1,43.26,0,0,0,0
2010,Ohio,35,16,3516,90833,114652,1,1,44.2,0,0,0,0
2010,Ohio,35,17,3517,102758,57352,1,1,64.18,0,0,0,0
2010,Ohio,35,18,3518,80756,107426,1,1,42.91,0,0,0,0
2010,Oklahoma,36,1,3601,0,151173,0,1,,1,0,0,0
2010,Oklahoma,36,2,3602,108203,83226,1,1,56.52,0,0,0,0
2010,Oklahoma,36,3,3603,45689,161927,1,1,22.01,0,0,0,0
2010,Oklahoma,36,4,3604,0,0,0,0,,1,0,0,0
2010,Oklahoma,36,5,3605,68074,123236,1,1,35.58,0,0,0,0
2010,Oregon,37,1,3701,160357,122858,1,1,56.62,0,0,0,0
2010,Oregon,37,2,3702,72173,206245,1,1,25.92,0,0,0,0
2010,Oregon,37,3,3703,193104,67714,1,1,74.04,0,0,0,0
2010,Oregon,37,4,3704,162416,129877,1,1,55.57,0,0,0,0
2010,Oregon,37,5,3705,145319,130313,1,1,52.72,0,0,0,0
2010,Pennsylvania,38,1,3801,149944,0,1,0,,1,0,0,0
2010,Pennsylvania,38,2,3802,182800,21907,1,1,89.3,0,0,0,0
2010,Pennsylvania,38,3,3803,88924,111909,1,1,44.28,0,0,0,0
2010,Pennsylvania,38,4,3804,120827,116958,1,1,50.81,0,0,0,0
2010,Pennsylvania,38,5,3805,52375,127427,1,1,29.13,0,0,0,0
2010,Pennsylvania,38,6,3806,100493,133770,1,1,42.9,0,0,0,0
2010,Pennsylvania,38,7,3807,110314,137825,1,1,44.46,0,0,0,0
2010,Pennsylvania,38,8,3808,113547,130759,1,1,46.48,0,0,0,0
2010,Pennsylvania,38,9,3809,52322,141904,1,1,26.94,0,0,0,0
2010,Pennsylvania,38,10,3810,89846,110599,1,1,44.82,0,0,0,0
2010,Pennsylvania,38,11,3811,84618,102179,1,1,45.3,0,0,0,0
2010,Pennsylvania,38,12,3812,94056,91170,1,1,50.78,0,0,0,0
2010,Pennsylvania,38,13,3813,118710,91987,1,1,56.34,0,0,0,0
2010,Pennsylvania,38,14,3814,122073,49997,1,1,70.94,0,0,0,0
2010,Pennsylvania,38,15,3815,79766,109534,1,1,42.14,0,0,0,0
2010,Pennsylvania,38,16,3816,70994,134113,1,1,34.61,0,0,0,0
2010,Pennsylvania,38,17,3817,118486,95000,1,1,55.5,0,0,0,0
2010,Pennsylvania,38,18,3818,78558,161888,1,1,32.67,0,0,0,0
2010,Pennsylvania,38,19,3819,53549,165219,1,1,24.48,0,0,0,0
2010,Rhode Island,39,1,3901,81269,71542,1,1,53.18,0,0,0,0
2010,Rhode Island,39,2,3902,104442,55409,1,1,65.34,0,0,0,0
2010,South Carolina,40,1,4001,67008,152755,1,1,30.49,0,0,0,0
2010,South Carolina,40,2,4002,113625,138861,1,1,45.0,0,0,0,0
2010,South Carolina,40,3,4003,73095,126235,1,1,36.67,0,0,0,0
2010,South Carolina,40,4,4004,62438,137586,1,1,31.22,0,0,0,0
2010,South Carolina,40,5,4005,102296,125834,1,1,44.84,0,0,0,0
2010,South Carolina,40,6,4006,125459,72661,1,1,63.32,0,0,0,0
2010,South Dakota,41,1,4101,146589,153703,1,1,48.82,0,0,0,0
2010,Tennessee,42,1,4201,26045,123006,1,1,17.47,0,0,0,0
2010,Tennessee,42,2,4202,25400,141796,1,1,15.19,0,0,0,0
2010,Tennessee,42,3,4203,45387,92032,1,1,33.03,0,0,0,0
2010,Tennessee,42,4,4204,70254,103969,1,1,40.32,0,0,0,0
2010,Tennessee,42,5,4205,99162,74204,1,1,57.2,0,0,0,0
2010,Tennessee,42,6,4206,56145,128517,1,1,30.4,0,0,0,0
2010,Tennessee,42,7,4207,54347,158916,1,1,25.48,0,0,0,0
2010,Tennessee,42,8,4208,64960,98759,1,1,39.68,0,0,0,0
2010,Tennessee,42,9,4209,99827,33879,1,1,74.66,0,0,0,0
2010,Texas,43,1,4301,0,129398,0,1,,1,0,0,0
2010,Texas,43,2,4302,0,130020,0,1,,1,0,0,0
2010,Texas,43,3,4303,47848,101180,1,1,32.11,0,0,0,0
2010,Texas,43,4,4304,40975,136338,1,1,23.11,0,0,0,0
2010,Texas,43,5,4305,41649,106742,1,1,28.07,0,0,0,0
2010,Texas,43,6,4306,50717,107140,1,1,32.13,0,0,0,0
2010,Texas,43,7,4307,0,143655,0,1,,1,0,0,0
2010,Texas,43,8,4308,34694,161417,1,1,17.69,0,0,0,0
2010,Texas,43,9,4309,80107,24201,1,1,76.8,0,0,0,0
2010,Texas,43,10,4310,74086,144980,1,1,33.82,0,0,0,0
2010,Texas,43,11,4311,23989,125581,1,1,16.04,0,0,0,0
2010,Texas,43,12,4312,38434,109882,1,1,25.91,0,0,0,0
2010,Texas,43,13,4313,0,113201,0,1,,1,0,0,0
2010,Texas,43,14,4314,44431,140623,1,1,24.01,0,0,0,0
2010,Texas,43,15,4315,53546,39964,1,1,57.26,0,0,0,0
2010,Texas,43,16,4316,49301,31051,1,1,61.36,0,0,0,0
2010,Texas,43,17,4317,63138,106696,1,1,37.18,0,0,0,0
2010,Texas,43,18,4318,85108,33067,1,1,72.02,0,0,0,0
2010,Texas,43,19,4319,25984,106059,1,1,19.68,0,0,0,0
2010,Texas,43,20,4320,58645,31757,1,1,64.87,0,0,0,0
2010,Texas,43,21,4321,65927,162924,1,1,28.81,0,0,0,0
2010,Texas,43,22,4322,62082,140537,1,1,30.64,0,0,0,0
2010,Texas,43,23,4323,67348,74853,1,1,47.36,0,0,0,0
2010,Texas,43,24,4324,0,100078,0,1,,1,0,0,0
2010,Texas,43,25,4325,99967,84849,1,1,54.09,0,0,0,0
2010,Texas,43,26,4326,55385,120984,1,1,31.4,0,0,0,0
2010,Texas,43,27,4327,50179,50976,1,1,49.61,0,0,0,0
2010,Texas,43,28,4328,62773,46740,1,1,57.32,0,0,0,0
2010,Texas,43,29,4329,43257,22825,1,1,65.46,0,0,0,0
2010,Texas,43,30,4330,86322,24668,1,1,77.77,0,0,0,0
2010,Texas,43,31,4331,0,126384,0,1,,1,0,0,0
2010,Texas,43,32,4332,44258,79433,1,1,35.78,0,0,0,0
2010,Utah,44,1,4401,46765,135247,1,1,25.69,0,0,0,0
2010,Utah,44,2,4402,127151,116001,1,1,52.29,0,0,0,0
2010,Utah,44,3,4403,44320,139721,1,1,24.08,0,0,0,0
2010,Vermont,45,1,4501,154006,76403,1,1,66.84,0,0,0,0
2010,Virginia,46,1,4601,73824,135564,1,1,35.26,0,0,0,0
2010,Virginia,46,2,4602,70591,88340,1,1,44.42,0,0,0,0
2010,Virginia,46,3,4603,114754,44553,1,1,72.03,0,0,0,0
2010,Virginia,46,4,4604,74298,123659,1,1,37.53,0,0,0,0
2010,Virginia,46,5,4605,110562,119560,1,1,48.04,0,0,0,0
2010,Virginia,46,6,4606,0,127487,0,1,,1,0,0,0
2010,Virginia,46,7,4607,79616,138209,1,1,36.55,0,0,0,0
2010,Virginia,46,8,4608,116404,71145,1,1,62.07,0,0,0,0
2010,Virginia,46,9,4609,86743,95726,1,1,47.54,0,0,0,0
2010,Virginia,46,10,4610,72604,131116,1,1,35.64,0,0,0,0
2010,Virginia,46,11,4611,111720,110739,1,1,50.22,0,0,0,0
2010,Washington,47,1,4701,172642,126737,1,1,57.67,0,0,0,0
2010,Washington,47,2,4702,155241,148722,1,1,51.07,0,0,0,0
2010,Washington,47,3,4703,135654,152799,1,1,47.03,0,0,0,0
2010,Washington,47,4,4704,74973,156726,1,1,32.36,0,0,0,0
2010,Washington,47,5,4705,101146,177235,1,1,36.33,0,0,0,0
2010,Washington,47,6,4706,151873,109800,1,1,58.04,0,0,0,0
2010,Washington,47,7,4707,232649,0,1,0,,1,0,0,0
2010,Washington,47,8,4708,148581,161296,1,1,47.95,0,0,0,0
2010,Washington,47,9,4709,123743,101851,1,1,54.85,0,0,0,0
2010,West Virginia,48,1,4801,89220,90660,1,1,49.6,0,0,0,0
2010,West Virginia,48,2,4802,55001,126814,1,1,30.25,0,0,0,0
2010,West Virginia,48,3,4803,83636,65611,1,1,56.04,0,0,0,0
2010,Wisconsin,49,1,4901,79363,179819,1,1,30.62,0,0,0,0
2010,Wisconsin,49,2,4902,191164,118099,1,1,61.81,0,0,0,0
2010,Wisconsin,49,3,4903,126380,116838,1,1,51.96,0,0,0,0
2010,Wisconsin,49,4,4904,143559,61543,1,1,69.99,0,0,0,0
2010,Wisconsin,49,5,4905,90634,229642,1,1,28.3,0,0,0,0
2010,Wisconsin,49,6,4906,75926,183271,1,1,29.29,0,0,0,0
2010,Wisconsin,49,7,4907,113018,132551,1,1,46.02,0,0,0,0
2010,Wisconsin,49,8,4908,118646,143998,1,1,45.17,0,0,0,0
2010,Wyoming,50,1,5001,45768,131661,1,1,25.8,0,0,0,0
2012,Alabama,1,1,101,0,196374,0,1,,1,0,0,0
2012,Alabama,1,2,102,103092,180591,1,1,36.34,0,0,0,0
2012,Alabama,1,3,103,98141,175306,1,1,35.89,0,0,0,0
2012,Alabama,1,4,104,69706,199071,1,1,25.93,0,0,0,0
2012,Alabama,1,5,105,101772,189185,1,1,34.98,0,0,0,0
2012,Alabama,1,6,106,88267,219262,1,1,28.7,0,0,0,0
2012,Alabama,1,7,107,232520,73835,1,1,75.9,0,0,0,0
2012,Alaska,2,1,201,82927,185296,1,1,30.92,0,0,0,0
2012,Arizona,3,1,301,122774,113594,1,1,51.94,0,0,0,0
2012,Arizona,3,2,302,147338,144884,1,1,50.42,0,0,0,0
2012,Arizona,3,3,303,98468,62663,1,1,61.11,0,0,0,0
2012,Arizona,3,4,304,69154,162907,1,1,29.8,0,0,0,0
2012,Arizona,3,5,305,89589,183470,1,1,32.81,0,0,0,0
2012,Arizona,3,6,306,97666,179706,1,1,35.21,0,0,0,0
2012,Arizona,3,7,307,104489,0,1,0,,1,0,0,0
2012,Arizona,3,8,308,95635,172809,1,1,35.63,0,0,0,0
2012,Arizona,3,9,309,121881,111630,1,1,52.19,0,0,0,0
2012,Arkansas,4,1,401,96601,138800,1,1,41.04,0,0,0,0
2012,Arkansas,4,2,402,113156,158175,1,1,41.7,0,0,0,0
2012,Arkansas,4,3,403,0,186467,0,1,,1,0,0,0
2012,Arkansas,4,4,404,95013,154149,1,1,38.13,0,0,0,0
2012,California,5,1,501,125386,168827,1,1,42.62,0,0,0,0
2012,California,5,2,502,226216,91310,1,1,71.24,0,0,0,0
2012,California,5,3,503,126882,107086,1,1,54.23,0,0,0,0
2012,California,5,4,504,125885,197803,1,1,38.89,0,0,0,0
2012,California,5,5,505,202872,69545,1,1,74.47,0,0,0,0
2012,California,5,6,506,160667,53406,1,1,75.05,0,0,0,0
2012,California,5,7,507,141241,132050,1,1,51.68,0,0,0,0
2012,California,5,8,508,0,179644,0,2,,0,1,0,0
2012,California,5,9,509,118373,94704,1,1,55.55,0,0,0,0
2012,California,5,10,510,98934,110265,1,1,47.29,0,0,0,0
2012,California,5,11,511,200743,87136,1,1,69.73,0,0,0,0
2012,California,5,12,512,253709,44478,1,1,85.08,0,0,0,0
2012,California,5,13,513,250436,0,1,0,,1,0,0,0
2012,California,5,14,514,203828,54455,1,1,78.92,0,0,0,0
2012,California,5,15,515,231034,0,2,0,,0,1,0,0
2012,California,5,16,516,84649,62801,1,1,57.41,0,0,0,0
2012,California,5,17,517,159392,57336,1,1,73.54,0,0,0,0
2012,California,5,18,518,212831,89103,1,1,70.49,0,0,0,0
2012,California,5,19,519,162300,59313,1,1,73.24,0,0,0,0
2012,California,5,20,520,172996,60566,1,1,74.07,0,0,0,0
2012,California,5,21,521,49119,67164,1,1,42.24,0,0,0,0
2012,California,5,22,522,81555,132386,1,1,38.12,0,0,0,0
2012,California,5,23,523,0,158161,0,1,,1,0,0,0
2012,California,5,24,524,156749,127746,1,1,55.1,0,0,0,0
2012,California,5,25,525,106982,129593,1,1,45.22,0,0,0,0
2012,California,5,26,526,139072,124863,1,1,52.69,0,0,0,0
2012,California,5,27,527,154191,86817,1,1,63.98,0,0,0,0
2012,California,5,28,528,188703,58008,1,1,76.49,0,0,0,0
2012,California,5,29,529,111287,0,1,0,,1,0,0,0
2012,California,5,30,530,247851,0,2,0,,0,1,0,0
2012,California,5,31,531,0,161219,0,2,,0,1,0,0
2012,California,5,32,532,124903,65208,1,1,65.7,0,0,0,0
2012,California,5,33,533,171860,0,1,0,,1,0,0,0
2012,California,5,34,534,120367,20223,1,1,85.62,0,0,0,0
2012,California,5,35,535,142680,0,2,0,,0,1,0,0
2012,California,5,36,536,110189,97953,1,1,52.94,0,0,0,0
2012,California,5,37,537,207039,32541,1,1,86.42,0,0,0,0
2012,California,5,38,538,145280,69807,1,1,67.54,0,0,0,0
2012,California,5,39,539,106360,145607,1,1,42.21,0,0,0,0
2012,California,5,40,540,125553,0,2,0,,0,1,0,0
2012,California,5,41,541,103578,72074,1,1,58.97,0,0,0,0
2012,California,5,42,542,84702,130245,1,1,39.41,0,0,0,0
2012,California,5,43,543,200894,0,2,0,,0,1,0,0
2012,California,5,44,544,165898,0,2,0,,0,1,0,0
2012,California,5,45,545,121814,171417,1,1,41.54,0,0,0,0
2012,California,5,46,546,95694,54121,1,1,63.87,0,0,0,0
2012,California,5,47,547,130093,99919,1,1,56.56,0,0,0,0
2012,California,5,48,548,113358,177144,1,1,39.02,0,0,0,0
2012,California,5,49,549,114893,159725,1,1,41.84,0,0,0,0
2012,California,5,50,550,83455,174838,1,1,32.31,0,0,0,0
2012,California,5,51,551,113934,45464,1,1,71.48,0,0,0,0
2012,California,5,52,552,151451,144459,1,1,51.18,0,0,0,0
2012,California,5,53,553,164825,103482,1,1,61.43,0,0,0,0
2012,Colorado,6,1,601,237579,93217,1,1,71.82,0,0,0,0
2012,Colorado,6,2,602,234758,162639,1,1,59.07,0,0,0,0
2012,Colorado,6,3,603,142619,185291,1,1,43.49,0,0,0,0
2012,Colorado,6,4,604,125800,200006,1,1,38.61,0,0,0,0
2012,Colorado,6,5,605,0,199639,0,1,,1,0,0,0
2012,Colorado,6,6,606,156937,163938,1,1,48.91,0,0,0,0
2012,Colorado,6,7,607,182460,139066,1,1,56.75,0,0,0,0
2012,Connecticut,7,1,701,206973,82321,1,1,71.54,0,0,0,0
2012,Connecticut,7,2,702,204708,88103,1,1,69.91,0,0,0,0
2012,Connecticut,7,3,703,217573,73726,1,1,74.69,0,0,0,0
2012,Connecticut,7,4,704,175929,117503,1,1,59.96,0,0,0,0
2012,Connecticut,7,5,705,146098,138637,1,1,51.31,0,0,0,0
2012,Delaware,8,1,801,249933,129757,1,1,65.83,0,0,0,0
2012,Florida,9,1,901,92961,238440,1,1,28.05,0,0,0,0
2012,Florida,9,2,902,157634,175856,1,1,47.27,0,0,0,0
2012,Florida,9,3,903,102468,204331,1,1,33.4,0,0,0,0
2012,Florida,9,4,904,0,239988,0,1,,1,0,0,0
2012,Florida,9,5,905,190472,70700,1,1,72.93,0,0,0,0
2012,Florida,9,6,906,146489,195962,1,1,42.78,0,0,0,0
2012,Florida,9,7,907,130479,185518,1,1,41.29,0,0,0,0
2012,Florida,9,8,908,130870,205432,1,1,38.91,0,0,0,0
2012,Florida,9,9,909,164891,98856,1,1,62.52,0,0,0,0
2012,Florida,9,10,910,153574,164649,1,1,48.26,0,0,0,0
2012,Florida,9,11,911,120303,218360,1,1,35.52,0,0,0,0
2012,Florida,9,12,912,108770,209604,1,1,34.16,0,0,0,0
2012,Florida,9,13,913,139742,189605,1,1,42.43,0,0,0,0
2012,Florida,9,14,914,197121,83480,1,1,70.25,0,0,0,0
2012,Florida,9,15,915,0,0,0,0,,1,0,0,0
2012,Florida,9,16,916,161929,187147,1,1,46.39,0,0,0,0
2012,Florida,9,17,917,116766,165488,1,1,41.37,0,0,0,0
2012,Florida,9,18,918,166257,164353,1,1,50.29,0,0,0,0
2012,Florida,9,19,919,109746,189833,1,1,36.63,0,0,0,0
2012,Florida,9,20,920,214727,0,1,0,,1,0,0,0
2012,Florida,9,21,921,221263,0,1,0,,1,0,0,0
2012,Florida,9,22,922,171021,142050,1,1,54.63,0,0,0,0
2012,Florida,9,23,923,174205,98096,1,1,63.98,0,0,0,0
2012,Florida,9,24,924,0,0,0,0,,1,0,0,0
2012,Florida,9,25,925,0,151466,0,1,,1,0,0,0
2012,Florida,9,26,926,135694,108820,1,1,55.5,0,0,0,0
2012,Florida,9,27,927,85020,138488,1,1,38.04,0,0,0,0
2012,Georgia,10,1,1001,92399,157181,1,1,37.02,0,0,0,0
2012,Georgia,10,2,1002,162751,92410,1,1,63.78,0,0,0,0
2012,Georgia,10,3,1003,0,232380,0,1,,1,0,0,0
2012,Georgia,10,4,1004,208861,75041,1,1,73.57,0,0,0,0
2012,Georgia,10,5,1005,234330,43335,1,1,84.39,0,0,0,0
2012,Georgia,10,6,1006,104365,189669,1,1,35.49,0,0,0,0
2012,Georgia,10,7,1007,95377,156689,1,1,37.84,0,0,0,0
2012,Georgia,10,8,1008,0,197789,0,1,,1,0,0,0
2012,Georgia,10,9,1009,60052,192101,1,1,23.82,0,0,0,0
2012,Georgia,10,10,1010,0,211065,0,1,,1,0,0,0
2012,Georgia,10,11,1011,90353,196968,1,1,31.45,0,0,0,0
2012,Georgia,10,12,1012,139148,119973,1,1,53.7,0,0,0,0
2012,Georgia,10,13,1013,201988,79550,1,1,71.74,0,0,0,0
2012,Georgia,10,14,1014,59245,159947,1,1,27.03,0,0,0,0
2012,Hawaii,11,1,1101,116505,96824,1,1,54.61,0,0,0,0
2012,Hawaii,11,2,1102,168503,40707,1,1,80.54,0,0,0,0
2012,Idaho,12,1,1201,97450,199402,1,1,32.83,0,0,0,0
2012,Idaho,12,2,1202,110847,207412,1,1,34.83,0,0,0,0
2012,Illinois,13,1,1301,236854,83989,1,1,73.82,0,0,0,0
2012,Illinois,13,2,1302,188303,69115,1,1,73.15,0,0,0,0
2012,Illinois,13,3,1303,168738,77653,1,1,68.48,0,0,0,0
2012,Illinois,13,4,1304,133226,27279,1,1,83.0,0,0,0,0
2012,Illinois,13,5,1305,177729,77289,1,1,69.69,0,0,0,0
2012,Illinois,13,6,1306,132991,193138,1,1,40.78,0,0,0,0
2012,Illinois,13,7,1307,242439,31466,1,1,88.51,0,0,0,0
2012,Illinois,13,8,1308,123206,101860,1,1,54.74,0,0,0,0
2012,Illinois,13,9,1309,194869,98924,1,1,66.33,0,0,0,0
2012,Illinois,13,10,1310,133890,130564,1,1,50.63,0,0,0,0
2012,Illinois,13,11,1311,148928,105348,1,1,58.57,0,0,0,0
2012,Illinois,13,12,1312,157000,129902,1,1,54.72,0,0,0,0
2012,Illinois,13,13,1313,136032,137034,1,1,49.82,0,0,0,0
2012,Illinois,13,14,1314,124351,177603,1,1,41.18,0,0,0,0
2012,Illinois,13,15,1315,94162,205775,1,1,31.39,0,0,0,0
2012,Illinois,13,16,1316,112301,181789,1,1,38.19,0,0,0,0
2012,Illinois,13,17,1317,153519,134623,1,1,53.28,0,0,0,0
2012,Illinois,13,18,1318,85164,244467,1,1,25.84,0,0,0,0
2012,Indiana,14,1,1401,187743,91291,1,1,67.28,0,0,0,0
2012,Indiana,14,2,1402,130113,134033,1,1,49.26,0,0,0,0
2012,Indiana,14,3,1403,92363,187872,1,1,32.96,0,0,0,0
2012,Indiana,14,4,1404,93015,168688,1,1,35.54,0,0,0,0
2012,Indiana,14,5,1405,125347,194570,1,1,39.18,0,0,0,0
2012,Indiana,14,6,1406,96678,162613,1,1,37.29,0,0,0,0
2012,Indiana,14,7,1407,162122,95828,1,1,62.85,0,0,0,0
2012,Indiana,14,8,1408,122325,151533,1,1,44.67,0,0,0,0
2012,Indiana,14,9,1409,132848,165332,1,1,44.55,0,0,0,0
2012,Iowa,15,1,1501,222422,162465,1,1,57.79,0,0,0,0
2012,Iowa,15,2,1502,211863,161977,1,1,56.67,0,0,0,0
2012,Iowa,15,3,1503,168632,202000,1,1,45.5,0,0,0,0
2012,Iowa,15,4,1504,169470,200063,1,1,45.86,0,0,0,0
2012,Kansas,16,1,1601,0,211337,0,1,,1,0,0,0
2012,Kansas,16,2,1602,113735,167463,1,1,40.45,0,0,0,0
2012,Kansas,16,3,1603,0,201087,0,1,,1,0,0,0
2012,Kansas,16,4,1604,81770,161094,1,1,33.67,0,0,0,0
2012,Kentucky,17,1,1701,87199,199956,1,1,30.37,0,0,0,0
2012,Kentucky,17,2,1702,89541,181508,1,1,33.03,0,0,0,0
2012,Kentucky,17,3,1703,206385,111452,1,1,64.93,0,0,0,0
2012,Kentucky,17,4,1704,104734,186036,1,1,36.02,0,0,0,0
2012,Kentucky,17,5,1705,55447,195408,1,1,22.1,0,0,0,0
2012,Kentucky,17,6,1706,141438,153222,1,1,48.0,0,0,0,0
2012,Louisiana,18,1,1801,61703,218340,1,2,22.03,0,0,1,0
2012,Louisiana,18,2,1802,230417,50146,2,2,82.13,0,0,1,0
2012,Louisiana,18,3,1803,67070,240558,1,3,21.8,0,0,1,0
2012,Louisiana,18,4,1804,0,187894,0,1,,1,0,1,0
2012,Louisiana,18,5,1805,0,202536,0,1,,1,0,1,0
2012,Louisiana,18,6,1806,0,243553,0,1,,1,0,1,0
2012,Maine,19,1,1901,236363,128440,1,1,64.79,0,0,0,0
2012,Maine,19,2,1902,191456,137542,1,1,58.19,0,0,0,0
2012,Maryland,20,1,2001,92812,214204,1,1,30.23,0,0,0,0
2012,Maryland,20,2,2002,194088,92071,1,1,67.83,0,0,0,0
2012,Maryland,20,3,2003,213747,94549,1,1,69.33,0,0,0,0
2012,Maryland,20,4,2004,240385,64560,1,1,78.83,0,0,0,0
2012,Maryland,20,5,2005,238618,95271,1,1,71.47,0,0,0,0
2012,Maryland,20,6,2006,181921,117313,1,1,60.8,0,0,0,0
2012,Maryland,20,7,2007,247770,67405,1,1,78.61,0,0,0,0
2012,Maryland,20,8,2008,217531,113033,1,1,65.81,0,0,0,0
2012,Massachusetts,21,1,2101,261936,0,1,0,,1,0,0,0
2012,Massachusetts,21,2,2102,259257,0,1,0,,1,0,0,0
2012,Massachusetts,21,3,2103,212119,109372,1,1,65.98,0,0,0,0
2012,Massachusetts,21,4,2104,221303,129936,1,1,63.01,0,0,0,0
2012,Massachusetts,21,5,2105,257490,82944,1,1,75.64,0,0,0,0
2012,Massachusetts,21,6,2106,180942,176612,1,1,50.61,0,0,0,0
2012,Massachusetts,21,7,2107,210794,0,1,0,,1,0,0,0
2012,Massachusetts,21,8,2108,263999,82242,1,1,76.25,0,0,0,0
2012,Massachusetts,21,9,2109,212754,116531,1,1,64.61,0,0,0,0
2012,Michigan,22,1,2201,165179,167060,1,1,49.72,0,0,0,0
2012,Michigan,22,2,2202,108973,194653,1,1,35.89,0,0,0,0
2012,Michigan,22,3,2203,144108,171675,1,1,45.64,0,0,0,0
2012,Michigan,22,4,2204,104996,197386,1,1,34.72,0,0,0,0
2012,Michigan,22,5,2205,214531,103931,1,1,67.36,0,0,0,0
2012,Michigan,22,6,2206,136563,174955,1,1,43.84,0,0,0,0
2012,Michigan,22,7,2207,136849,169668,1,1,44.65,0,0,0,0
2012,Michigan,22,8,2208,128657,202217,1,1,38.88,0,0,0,0
2012,Michigan,22,9,2209,208846,114760,1,1,64.54,0,0,0,0
2012,Michigan,22,10,2210,97734,226075,1,1,30.18,0,0,0,0
2012,Michigan,22,11,2211,158879,181788,1,1,46.64,0,0,0,0
2012,Michigan,22,12,2212,216884,92472,1,1,70.11,0,0,0,0
2012,Michigan,22,13,2213,235336,38769,1,1,85.86,0,0,0,0
2012,Michigan,22,14,2214,270450,51395,1,1,84.03,0,0,0,0
2012,Minnesota,23,1,2301,193211,142164,1,1,57.61,0,0,0,0
2012,Minnesota,23,2,2302,164338,193587,1,1,45.91,0,0,0,0
2012,Minnesota,23,3,2303,159937,222335,1,1,41.84,0,0,0,0
2012,Minnesota,23,4,2304,216685,109659,1,1,66.4,0,0,0,0
2012,Minnesota,23,5,2305,262102,88753,1,1,74.7,0,0,0,0
2012,Minnesota,23,6,2306,174944,179240,1,1,49.39,0,0,0,0
2012,Minnesota,23,7,2307,197791,114151,1,1,63.41,0,0,0,0
2012,Minnesota,23,8,2308,191976,160520,1,1,54.46,0,0,0,0
2012,Mississippi,24,1,2401,114076,186760,1,1,37.92,0,0,0,0
2012,Mississippi,24,2,2402,214978,99160,1,1,68.43,0,0,0,0
2012,Mississippi,24,3,2403,0,234717,0,1,,1,0,0,0
2012,Mississippi,24,4,2404,82344,182998,1,1,31.03,0,0,0,0
2012,Missouri,25,1,2501,267927,60832,1,1,81.5,0,0,0,0
2012,Missouri,25,2,2502,146272,236971,1,1,38.17,0,0,0,0
2012,Missouri,25,3,2503,111189,214843,1,1,34.1,0,0,0,0
2012,Missouri,25,4,2504,113120,192237,1,1,37.05,0,0,0,0
2012,Missouri,25,5,2505,200290,122149,1,1,62.12,0,0,0,0
2012,Missouri,25,6,2506,108503,216906,1,1,33.34,0,0,0,0
2012,Missouri,25,7,2507,98498,203565,1,1,32.61,0,0,0,0
2012,Missouri,25,8,2508,73755,216083,1,1,25.45,0,0,0,0
2012,Montana,26,1,2601,204939,255468,1,1,44.51,0,0,0,0
2012,Nebraska,27,1,2701,81206,174889,1,1,31.71,0,0,0,0
2012,Nebraska,27,2,2702,129767,133964,1,1,49.2,0,0,0,0
2012,Nebraska,27,3,2703,65266,187423,1,1,25.83,0,0,0,0
2012,Nevada,28,1,2801,113967,56521,1,1,66.85,0,0,0,0
2012,Nevada,28,2,2802,102019,162213,1,1,38.61,0,0,0,0
2012,Nevada,28,3,2803,116823,137244,1,1,45.98,0,0,0,0
2012,Nevada,28,4,2804,120501,101261,1,1,54.34,0,0,0,0
2012,New Hampshire,29,1,2901,171650,158659,1,1,51.97,0,0,0,0
2012,New Hampshire,29,2,2902,169275,152977,1,1,52.53,0,0,0,0
2012,New Jersey,30,1,3001,210470,92459,1,1,69.48,0,0,0,0
2012,New Jersey,30,2,3002,116462,166677,1,1,41.13,0,0,0,0
2012,New Jersey,30,3,3003,145506,174253,1,1,45.5,0,0,0,0
2012,New Jersey,30,4,3004,107991,195145,1,1,35.62,0,0,0,0
2012,New Jersey,30,5,3005,130100,167501,1,1,43.72,0,0,0,0
2012,New Jersey,30,6,3006,151782,84360,1,1,64.28,0,0,0,0
2012,New Jersey,30,7,3007,123057,175662,1,1,41.19,0,0,0,0
2012,New Jersey,30,8,3008,130853,31763,1,1,80.47,0,0,0,0
2012,New Jersey,30,9,3009,162822,55091,1,1,74.72,0,0,0,0
2012,New Jersey,30,10,3010,201435,24271,1,1,89.25,0,0,0,0
2012,New Jersey,30,11,3011,123897,182237,1,1,40.47,0,0,0,0
2012,New Jersey,30,12,3012,189926,80906,1,1,70.13,0,0,0,0
2012,New Mexico,31,1,3101,162924,112473,1,1,59.16,0,0,0,0
2012,New Mexico,31,2,3102,92162,133180,1,1,40.9,0,0,0,0
2012,New Mexico,31,3,3103,167103,97616,1,1,63.12,0,0,0,0
2012,New York,32,1,3201,145198,131650,1,1,52.45,0,0,0,0
2012,New York,32,2,3202,99955,0,1,0,,1,0,0,0
2012,New York,32,3,3203,157602,0,1,0,,1,0,0,0
2012,New York,32,4,3204,163955,85693,1,1,65.67,0,0,0,0
2012,New York,32,5,3205,167835,17875,1,1,90.37,0,0,0,0
2012,New York,32,6,3206,111499,50845,1,1,68.68,0,0,0,0
2012,New York,32,7,3207,141322,0,1,0,,1,0,0,0
2012,New York,32,8,3208,184038,17650,1,1,91.25,0,0,0,0
2012,New York,32,9,3209,186141,24164,1,1,88.51,0,0,0,0
2012,New York,32,10,3210,165000,39311,1,1,80.76,0,0,0,0
2012,New York,32,11,3211,92428,103118,1,1,47.27,0,0,0,0
2012,New York,32,12,3212,193455,46692,1,1,80.56,0,0,0,0
2012,New York,32,13,3213,174789,12132,1,1,93.51,0,0,0,0
2012,New York,32,14,3214,120761,21755,1,1,84.74,0,0,0,0
2012,New York,32,15,3215,152661,4427,1,1,97.18,0,0,0,0
2012,New York,32,16,3216,179561,53935,1,1,76.9,0,0,0,0
2012,New York,32,17,3217,171417,91899,1,1,65.1,0,0,0,0
2012,New York,32,18,3218,143845,133049,1,1,51.95,0,0,0,0
2012,New York,32,19,3219,133567,149736,1,1,47.15,0,0,0,0
2012,New York,32,20,3220,203400,93778,1,1,68.44,0,0,0,0
2012,New York,32,21,3221,126631,121646,1,1,51.0,0,0,0,0
2012,New York,32,22,3222,102080,157941,1,1,39.26,0,0,0,0
2012,New York,32,23,3223,127535,137669,1,1,48.09,0,0,0,0
2012,New York,32,24,3224,143044,127054,1,1,52.96,0,0,0,0
2012,New York,32,25,3225,179810,133389,1,1,57.41,0,0,0,0
2012,New York,32,26,3226,212588,71666,1,1,74.79,0,0,0,0
2012,New York,32,27,3227,156219,161220,1,1,49.21,0,0,0,0
2012,North Carolina,33,1,3301,254644,77288,1,1,76.72,0,0,0,0
2012,North Carolina,33,2,3302,128973,174066,1,1,42.56,0,0,0,0
2012,North Carolina,33,3,3303,114314,195571,1,1,36.89,0,0,0,0
2012,North Carolina,33,4,3304,259534,88951,1,1,74.47,0,0,0,0
2012,North Carolina,33,5,3305,148252,200945,1,1,42.46,0,0,0,0
2012,North Carolina,33,6,3306,142467,222116,1,1,39.08,0,0,0,0
2012,North Carolina,33,7,3307,168695,168041,1,1,50.1,0,0,0,0
2012,North Carolina,33,8,3308,137139,160695,1,1,46.05,0,0,0,0
2012,North Carolina,33,9,3309,171503,194537,1,1,46.85,0,0,0,0
2012,North Carolina,33,10,3310,144023,190826,1,1,43.01,0,0,0,0
2012,North Carolina,33,11,3311,141107,190319,1,1,42.58,0,0,0,0
2012,North Carolina,33,12,3312,247591,63317,1,1,79.63,0,0,0,0
2012,North Carolina,33,13,3313,160115,210495,1,1,43.2,0,0,0,0
2012,North Dakota,34,1,3401,131870,173585,1,1,43.17,0,0,0,0
2012,Ohio,35,1,3501,131490,201907,1,1,39.44,0,0,0,0
2012,Ohio,35,2,3502,137077,194296,1,1,41.37,0,0,0,0
2012,Ohio,35,3,3503,201897,77901,1,1,72.16,0,0,0,0
2012,Ohio,35,4,3504,114214,182643,1,1,38.47,0,0,0,0
2012,Ohio,35,5,3505,137806,201514,1,1,40.61,0,0,0,0
2012,Ohio,35,6,3506,144444,164536,1,1,46.75,0,0,0,0
2012,Ohio,35,7,3507,137708,178104,1,1,43.6,0,0,0,0
2012,Ohio,35,8,3508,0,246378,0,1,,1,0,0,0
2012,Ohio,35,9,3509,217771,68668,1,1,76.03,0,0,0,0
2012,Ohio,35,10,3510,131097,208201,1,1,38.64,0,0,0,0
2012,Ohio,35,11,3511,258359,0,1,0,,1,0,0,0
2012,Ohio,35,12,3512,134605,233869,1,1,36.53,0,0,0,0
2012,Ohio,35,13,3513,235492,88120,1,1,72.77,0,0,0,0
2012,Ohio,35,14,3514,131637,183657,1,1,41.75,0,0,0,0
2012,Ohio,35,15,3515,128188,205274,1,1,38.44,0,0,0,0
2012,Ohio,35,16,3516,170600,185165,1,1,47.95,0,0,0,0
2012,Oklahoma,36,1,3601,91421,181084,1,1,33.55,0,0,0,0
2012,Oklahoma,36,2,3602,96081,143701,1,1,40.07,0,0,0,0
2012,Oklahoma,36,3,3603,53472,201744,1,1,20.95,0,0,0,0
2012,Oklahoma,36,4,3604,71846,176740,1,1,28.9,0,0,0,0
2012,Oklahoma,36,5,3605,97504,153603,1,1,38.83,0,0,0,0
2012,Oregon,37,1,3701,197845,109699,1,1,64.33,0,0,0,0
2012,Oregon,37,2,3702,0,228043,0,1,,1,0,0,0
2012,Oregon,37,3,3703,264979,70325,1,1,79.03,0,0,0,0
2012,Oregon,37,4,3704,212866,0,1,0,,1,0,0,0
2012,Oregon,37,5,3705,177229,139223,1,1,56.01,0,0,0,0
2012,Pennsylvania,38,1,3801,235394,41708,1,1,84.95,0,0,0,0
2012,Pennsylvania,38,2,3802,318176,33381,1,1,90.5,0,0,0,0
2012,Pennsylvania,38,3,3803,123933,165826,1,1,42.77,0,0,0,0
2012,Pennsylvania,38,4,3804,104643,181603,1,1,36.56,0,0,0,0
2012,Pennsylvania,38,5,3805,104725,177740,1,1,37.08,0,0,0,0
2012,Pennsylvania,38,6,3806,143803,191725,1,1,42.86,0,0,0,0
2012,Pennsylvania,38,7,3807,143509,209942,1,1,40.6,0,0,0,0
2012,Pennsylvania,38,8,3808,152859,199379,1,1,43.4,0,0,0,0
2012,Pennsylvania,38,9,3809,105128,169177,1,1,38.33,0,0,0,0
2012,Pennsylvania,38,10,3810,94227,179563,1,1,34.42,0,0,0,0
2012,Pennsylvania,38,11,3811,118231,166967,1,1,41.46,0,0,0,0
2012,Pennsylvania,38,12,3812,163589,175352,1,1,48.26,0,0,0,0
2012,Pennsylvania,38,13,3813,209901,93918,1,1,69.09,0,0,0,0
2012,Pennsylvania,38,14,3814,251932,75702,1,1,76.89,0,0,0,0
2012,Pennsylvania,38,15,3815,128764,168960,1,1,43.25,0,0,0,0
2012,Pennsylvania,38,16,3816,111185,156192,1,1,41.58,0,0,0,0
2012,Pennsylvania,38,17,3817,161393,106208,1,1,60.31,0,0,0,0
2012,Pennsylvania,38,18,3818,122146,216727,1,1,36.04,0,0,0,0
2012,Rhode Island,39,1,3901,108612,83737,1,1,56.47,0,0,0,0
2012,Rhode Island,39,2,3902,124067,78189,1,1,61.34,0,0,0,0
2012,South Carolina,40,1,4001,103557,179908,1,1,36.53,0,0,0,0
2012,South Carolina,40,2,4002,0,196116,0,1,,1,0,0,0
2012,South Carolina,40,3,4003,84735,169512,1,1,33.33,0,0,0,0
2012,South Carolina,40,4,4004,89964,173201,1,1,34.19,0,0,0,0
2012,South Carolina,40,5,4005,123443,154324,1,1,44.44,0,0,0,0
2012,South Carolina,40,6,4006,218717,0,1,0,,1,0,0,0
2012,South Carolina,40,7,4007,122389,153068,1,1,44.43,0,0,0,0
2012,South Dakota,41,1,4101,153789,207640,1,1,42.55,0,0,0,0
2012,Tennessee,42,1,4201,47663,182252,1,1,20.73,0,0,0,0
2012,Tennessee,42,2,4202,54522,196894,1,1,21.69,0,0,0,0
2012,Tennessee,42,3,4203,91094,157830,1,1,36.6,0,0,0,0
2012,Tennessee,42,4,4204,102022,128568,1,1,44.24,0,0,0,0
2012,Tennessee,42,5,4205,171621,86240,1,1,66.56,0,0,0,0
2012,Tennessee,42,6,4206,0,184383,0,1,,1,0,0,0
2012,Tennessee,42,7,4207,61679,182730,1,1,25.24,0,0,0,0
2012,Tennessee,42,8,4208,79490,190923,1,1,29.4,0,0,0,0
2012,Tennessee,42,9,4209,188422,59742,1,1,75.93,0,0,0,0
2012,Texas,43,1,4301,67222,178322,1,1,27.38,0,0,0,0
2012,Texas,43,2,4302,80512,159664,1,1,33.52,0,0,0,0
2012,Texas,43,3,4303,0,187180,0,1,,1,0,0,0
2012,Texas,43,4,4304,60214,182679,1,1,24.79,0,0,0,0
2012,Texas,43,5,4305,69178,134091,1,1,34.03,0,0,0,0
2012,Texas,43,6,4306,98053,145019,1,1,40.34,0,0,0,0
2012,Texas,43,7,4307,85553,142793,1,1,37.47,0,0,0,0
2012,Texas,43,8,4308,51051,194043,1,1,20.83,0,0,0,0
2012,Texas,43,9,4309,144075,36139,1,1,79.95,0,0,0,0
2012,Texas,43,10,4310,95710,159783,1,1,37.46,0,0,0,0
2012,Texas,43,11,4311,41970,177742,1,1,19.1,0,0,0,0
2012,Texas,43,12,4312,66080,175649,1,1,27.34,0,0,0,0
2012,Texas,43,13,4313,0,187775,0,1,,1,0,0,0
2012,Texas,43,14,4314,109697,131460,1,1,45.49,0,0,0,0
2012,Texas,43,15,4315,89296,54056,1,1,62.29,0,0,0,0
2012,Texas,43,16,4316,101403,51043,1,1,66.52,0,0,0,0
2012,Texas,43,17,4317,0,143284,0,1,,1,0,0,0
2012,Texas,43,18,4318,146223,44015,1,1,76.86,0,0,0,0
2012,Texas,43,19,4319,0,163239,0,1,,1,0,0,0
2012,Texas,43,20,4320,119032,62376,1,1,65.62,0,0,0,0
2012,Texas,43,21,4321,109326,187015,1,1,36.89,0,0,0,0
2012,Texas,43,22,4322,80203,160668,1,1,33.3,0,0,0,0
2012,Texas,43,23,4323,96676,87547,1,1,52.48,0,0,0,0
2012,Texas,43,24,4324,87645,148586,1,1,37.1,0,0,0,0
2012,Texas,43,25,4325,98827,154245,1,1,39.05,0,0,0,0
2012,Texas,43,26,4326,74237,176642,1,1,29.59,0,0,0,0
2012,Texas,43,27,4327,83395,120684,1,1,40.86,0,0,0,0
2012,Texas,43,28,4328,112456,49309,1,1,69.52,0,0,0,0
2012,Texas,43,29,4329,86053,0,1,0,,1,0,0,0
2012,Texas,43,30,4330,171059,41222,1,1,80.58,0,0,0,0
2012,Texas,43,31,4331,82977,145348,1,1,36.34,0,0,0,0
2012,Texas,43,32,4332,99288,146653,1,1,40.37,0,0,0,0
2012,Texas,43,33,4333,85114,30252,1,1,73.78,0,0,0,0
2012,Texas,43,34,4334,89606,52448,1,1,63.08,0,0,0,0
2012,Texas,43,35,4335,105626,52894,1,1,66.63,0,0,0,0
2012,Texas,43,36,4336,62143,165405,1,1,27.31,0,0,0,0
2012,Utah,44,1,4401,60611,175487,1,1,25.67,0,0,0,0
2012,Utah,44,2,4402,83176,154523,1,1,34.99,0,0,0,0
2012,Utah,44,3,4403,60719,198828,1,1,23.39,0,0,0,0
2012,Utah,44,4,4404,119803,119035,1,1,50.16,0,0,0,0
2012,Vermont,45,1,4501,208600,67543,1,1,75.54,0,0,0,0
2012,Virginia,46,1,4601,147036,200845,1,1,42.27,0,0,0,0
2012,Virginia,46,2,4602,142548,166231,1,1,46.17,0,0,0,0
2012,Virginia,46,3,4603,259199,58931,1,1,81.48,0,0,0,0
2012,Virginia,46,4,4604,150190,199292,1,1,42.98,0,0,0,0
2012,Virginia,46,5,4605,149214,193009,1,1,43.6,0,0,0,0
2012,Virginia,46,6,4606,111949,211278,1,1,34.63,0,0,0,0
2012,Virginia,46,7,4607,158012,222983,1,1,41.47,0,0,0,0
2012,Virginia,46,8,4608,226847,107370,1,1,67.87,0,0,0,0
2012,Virginia,46,9,4609,116400,184882,1,1,38.63,0,0,0,0
2012,Virginia,46,10,4610,142024,214038,1,1,39.89,0,0,0,0
2012,Virginia,46,11,4611,202606,117902,1,1,63.21,0,0,0,0
2012,Washington,47,1,4701,177025,151187,1,1,53.94,0,0,0,0
2012,Washington,47,2,4702,184826,117465,1,1,61.14,0,0,0,0
2012,Washington,47,3,4703,116438,177446,1,1,39.62,0,0,0,0
2012,Washington,47,4,4704,78940,154749,1,1,33.78,0,0,0,0
2012,Washington,47,5,4705,117512,191066,1,1,38.08,0,0,0,0
2012,Washington,47,6,4706,186661,129725,1,1,59.0,0,0,0,0
2012,Washington,47,7,4707,298368,76212,1,1,79.65,0,0,0,0
2012,Washington,47,8,4708,121886,180204,1,1,40.35,0,0,0,0
2012,Washington,47,9,4709,192034,76105,1,1,71.62,0,0,0,0
2012,Washington,47,10,4710,163036,115381,1,1,58.56,0,0,0,0
2012,West Virginia,48,1,4801,80342,133809,1,1,37.52,0,0,0,0
2012,West Virginia,48,2,4802,68560,158206,1,1,30.23,0,0,0,0
2012,West Virginia,48,3,4803,108199,92238,1,1,53.98,0,0,0,0
2012,Wisconsin,49,1,4901,158414,200423,1,1,44.15,0,0,0,0
2012,Wisconsin,49,2,4902,265422,124683,1,1,68.04,0,0,0,0
2012,Wisconsin,49,3,4903,217712,121713,1,1,64.14,0,0,0,0
2012,Wisconsin,49,4,4904,235257,80787,1,1,74.44,0,0,0,0
2012,Wisconsin,49,5,4905,118478,250335,1,1,32.12,0,0,0,0
2012,Wisconsin,49,6,4906,135921,223460,1,1,37.82,0,0,0,0
2012,Wisconsin,49,7,4907,157524,201720,1,1,43.85,0,0,0,0
2012,Wisconsin,49,8,4908,156287,198874,1,1,44.0,0,0,0,0
2012,Wyoming,50,1,5001,57573,166452,1,1,25.7,0,0,0,0
2014,Alabama,1,1,101,48278,103758,1,1,31.75,0,0,0,0
2014,Alabama,1,2,102,54692,113103,1,1,32.59,0,0,0,0
2014,Alabama,1,3,103,52816,103558,1,1,33.78,0,0,0,0
2014,Alabama,1,4,104,0,132831,0,1,,1,0,0,0
2014,Alabama,1,5,105,0,115338,0,1,,1,0,0,0
2014,Alabama,1,6,106,42291,135945,1,1,23.73,0,0,0,0
2014,Alabama,1,7,107,133687,0,1,0,,1,0,0,0
2014,Alaska,2,1,201,114602,142572,1,1,44.56,0,0,0,0
2014,Arizona,3,1,301,97391,87723,1,1,52.61,0,0,0,0
2014,Arizona,3,2,302,109543,109704,1,1,49.96,0,0,0,0
2014,Arizona,3,3,303,58192,46185,1,1,55.75,0,0,0,0
2014,Arizona,3,4,304,45179,122560,1,1,26.93,0,0,0,0
2014,Arizona,3,5,305,54596,124867,1,1,30.42,0,0,0,0
2014,Arizona,3,6,306,70198,129578,1,1,35.14,0,0,0,0
2014,Arizona,3,7,307,54235,0,1,0,,1,0,0,0
2014,Arizona,3,8,308,0,128710,0,1,,1,0,0,0
2014,Arizona,3,9,309,88609,67841,1,1,56.64,0,0,0,0
2014,Arkansas,4,1,401,63555,124139,1,1,33.86,0,0,0,0
2014,Arkansas,4,2,402,103477,123073,1,1,45.68,0,0,0,0
2014,Arkansas,4,3,403,0,151630,0,1,,1,0,0,0
2014,Arkansas,4,4,404,87742,110789,1,1,44.2,0,0,0,0
2014,California,5,1,501,84320,132052,1,1,38.97,0,0,0,0
2014,California,5,2,502,163124,54400,1,1,74.99,0,0,0,0
2014,California,5,3,503,79224,71036,1,1,52.72,0,0,0,0
2014,California,5,4,504,0,211134,0,2,,0,1,0,0
2014,California,5,5,505,129613,0,1,0,,1,0,0,0
2014,California,5,6,506,97008,36448,1,1,72.69,0,0,0,0
2014,California,5,7,507,92521,91066,1,1,50.4,0,0,0,0
2014,California,5,8,508,37056,77480,1,1,32.35,0,0,0,0
2014,California,5,9,509,63475,57729,1,1,52.37,0,0,0,0
2014,California,5,10,510,55123,70582,1,1,43.85,0,0,0,0
2014,California,5,11,511,117502,57160,1,1,67.27,0,0,0,0
2014,California,5,12,512,160067,32197,1,1,83.25,0,0,0,0
2014,California,5,13,513,168491,21940,1,1,88.48,0,0,0,0
2014,California,5,14,514,114389,34757,1,1,76.7,0,0,0,0
2014,California,5,15,515,99756,43150,1,1,69.81,0,0,0,0
2014,California,5,16,516,46277,44943,1,1,50.73,0,0,0,0
2014,California,5,17,517,134408,0,2,0,,0,1,0,0
2014,California,5,18,518,133060,63326,1,1,67.75,0,0,0,0
2014,California,5,19,519,127788,0,2,0,,0,1,0,0
2014,California,5,20,520,106034,0,1,0,,1,0,0,0
2014,California,5,21,521,33470,45907,1,1,42.17,0,0,0,0
2014,California,5,22,522,37289,96053,1,1,27.96,0,0,0,0
2014,California,5,23,523,33726,100317,1,1,25.16,0,0,0,0
2014,California,5,24,524,103228,95566,1,1,51.93,0,0,0,0
2014,California,5,25,525,0,114072,0,2,,0,1,0,0
2014,California,5,26,526,87176,82653,1,1,51.33,0,0,0,0
2014,California,5,27,527,75728,51852,1,1,59.36,0,0,0,0
2014,California,5,28,528,91996,0,1,0,,1,0,0,0
2014,California,5,29,529,50096,17045,1,1,74.61,0,0,0,0
2014,California,5,30,530,86568,45315,1,1,65.64,0,0,0,0
2014,California,5,31,531,51622,48162,1,1,51.73,0,0,0,0
2014,California,5,32,532,50353,34053,1,1,59.66,0,0,0,0
2014,California,5,33,533,108331,74700,1,1,59.19,0,0,0,0
2014,California,5,34,534,61621,0,2,0,,0,1,0,0
2014,California,5,35,535,62255,0,2,0,,0,1,0,0
2014,California,5,36,536,72682,61457,1,1,54.18,0,0,0,0
2014,California,5,37,537,96787,18051,1,1,84.28,0,0,0,0
2014,California,5,38,538,58192,40288,1,1,59.09,0,0,0,0
2014,California,5,39,539,41906,91319,1,1,31.46,0,0,0,0
2014,California,5,40,540,49379,0,2,0,,0,1,0,0
2014,California,5,41,541,46948,35936,1,1,56.64,0,0,0,0
2014,California,5,42,542,38850,74540,1,1,34.26,0,0,0,0
2014,California,5,43,543,69681,28521,1,1,70.96,0,0,0,0
2014,California,5,44,544,59670,0,1,0,,1,0,0,0
2014,California,5,45,545,56819,106083,1,1,34.88,0,0,0,0
2014,California,5,46,546,49738,33577,1,1,59.7,0,0,0,0
2014,California,5,47,547,69091,54309,1,1,55.99,0,0,0,0
2014,California,5,48,548,62713,112082,1,1,35.88,0,0,0,0
2014,California,5,49,549,64981,98161,1,1,39.83,0,0,0,0
2014,California,5,50,550,45302,111997,1,1,28.8,0,0,0,0
2014,California,5,51,551,56373,25577,1,1,68.79,0,0,0,0
2014,California,5,52,552,98826,92746,1,1,51.59,0,0,0,0
2014,California,5,53,553,87104,60940,1,1,58.84,0,0,0,0
2014,Colorado,6,1,601,183281,80682,1,1,69.43,0,0,0,0
2014,Colorado,6,2,602,196300,149645,1,1,56.74,0,0,0,0
2014,Colorado,6,3,603,100364,163011,1,1,38.11,0,0,0,0
2014,Colorado,6,4,604,83727,185292,1,1,31.12,0,0,0,0
2014,Colorado,6,5,605,105673,157182,1,1,40.2,0,0,0,0
2014,Colorado,6,6,606,118847,143467,1,1,45.31,0,0,0,0
2014,Colorado,6,7,607,148225,120918,1,1,55.07,0,0,0,0
2014,Connecticut,7,1,701,135825,78609,1,1,63.34,0,0,0,0
2014,Connecticut,7,2,702,141948,80837,1,1,63.72,0,0,0,0
2014,Connecticut,7,3,703,140485,69454,1,1,66.92,0,0,0,0
2014,Connecticut,7,4,704,106873,91922,1,1,53.76,0,0,0,0
2014,Connecticut,7,5,705,113564,97767,1,1,53.74,0,0,0,0
2014,Delaware,8,1,801,137251,85146,1,1,61.71,0,0,0,0
2014,Florida,9,1,901,54976,165086,1,1,24.98,0,0,0,0
2014,Florida,9,2,902,126096,123262,1,1,50.57,0,0,0,0
2014,Florida,9,3,903,73910,148691,1,1,33.2,0,0,0,0
2014,Florida,9,4,904,0,177887,0,1,,1,0,0,0
2014,Florida,9,5,905,112340,59237,1,1,65.47,0,0,0,0
2014,Florida,9,6,906,99563,166254,1,1,37.46,0,0,0,0
2014,Florida,9,7,907,73011,144474,1,1,33.57,0,0,0,0
2014,Florida,9,8,908,93724,180728,1,1,34.15,0,0,0,0
2014,Florida,9,9,909,93850,74963,1,1,55.59,0,0,0,0
2014,Florida,9,10,910,89426,143128,1,1,38.45,0,0,0,0
2014,Florida,9,11,911,90786,181508,1,1,33.34,0,0,0,0
2014,Florida,9,12,912,0,0,0,0,,1,0,0,0
2014,Florida,9,13,913,0,168172,0,1,,1,0,0,0
2014,Florida,9,14,914,0,0,0,0,,1,0,0,0
2014,Florida,9,15,915,84832,128750,1,1,39.72,0,0,0,0
2014,Florida,9,16,916,105483,169126,1,1,38.41,0,0,0,0
2014,Florida,9,17,917,82263,141493,1,1,36.76,0,0,0,0
2014,Florida,9,18,918,151478,101896,1,1,59.78,0,0,0,0
2014,Florida,9,19,919,80824,159354,1,1,33.65,0,0,0,0
2014,Florida,9,20,920,128498,28968,1,1,81.6,0,0,0,0
2014,Florida,9,21,921,153395,0,1,0,,1,0,0,0
2014,Florida,9,22,922,125404,90685,1,1,58.03,0,0,0,0
2014,Florida,9,23,923,103269,61519,1,1,62.67,0,0,0,0
2014,Florida,9,24,924,129192,15239,1,1,89.45,0,0,0,0
2014,Florida,9,25,925,0,0,0,0,,1,0,0,0
2014,Florida,9,26,926,78306,83031,1,1,48.54,0,0,0,0
2014,Florida,9,27,927,0,0,0,0,,1,0,0,0
2014,Georgia,10,1,1001,61175,95337,1,1,39.09,0,0,0,0
2014,Georgia,10,2,1002,96363,66537,1,1,59.15,0,0,0,0
2014,Georgia,10,3,1003,0,156277,0,1,,1,0,0,0
2014,Georgia,10,4,1004,161211,0,1,0,,1,0,0,0
2014,Georgia,10,5,1005,170326,0,1,0,,1,0,0,0
2014,Georgia,10,6,1006,71486,139018,1,1,33.96,0,0,0,0
2014,Georgia,10,7,1007,60112,113557,1,1,34.61,0,0,0,0
2014,Georgia,10,8,1008,0,129938,0,1,,1,0,0,0
2014,Georgia,10,9,1009,34988,146059,1,1,19.33,0,0,0,0
2014,Georgia,10,10,1010,65777,130703,1,1,33.48,0,0,0,0
2014,Georgia,10,11,1011,0,161532,0,1,,1,0,0,0
2014,Georgia,10,12,1012,75478,91336,1,1,45.25,0,0,0,0
2014,Georgia,10,13,1013,159445,0,1,0,,1,0,0,0
2014,Georgia,10,14,1014,0,118782,0,1,,1,0,0,0
2014,Hawaii,11,1,1101,93390,86454,1,1,51.93,0,0,0,0
2014,Hawaii,11,2,1102,142010,33630,1,1,80.85,0,0,0,0
2014,Idaho,12,1,1201,77277,143580,1,1,34.99,0,0,0,0
2014,Idaho,12,2,1202,82801,131492,1,1,38.64,0,0,0,0
2014,Illinois,13,1,1301,162268,59749,1,1,73.09,0,0,0,0
2014,Illinois,13,2,1302,160337,43799,1,1,78.54,0,0,0,0
2014,Illinois,13,3,1303,116764,64091,1,1,64.56,0,0,0,0
2014,Illinois,13,4,1304,79666,22278,1,1,78.15,0,0,0,0
2014,Illinois,13,5,1305,116364,56350,1,1,67.37,0,0,0,0
2014,Illinois,13,6,1306,78465,160287,1,1,32.86,0,0,0,0
2014,Illinois,13,7,1307,155110,27168,1,1,85.1,0,0,0,0
2014,Illinois,13,8,1308,84178,66878,1,1,55.73,0,0,0,0
2014,Illinois,13,9,1309,141000,72384,1,1,66.08,0,0,0,0
2014,Illinois,13,10,1310,91136,95992,1,1,48.7,0,0,0,0
2014,Illinois,13,11,1311,93436,81335,1,1,53.46,0,0,0,0
2014,Illinois,13,12,1312,87860,110038,1,1,44.4,0,0,0,0
2014,Illinois,13,13,1313,86935,123337,1,1,41.34,0,0,0,0
2014,Illinois,13,14,1314,76861,145369,1,1,34.59,0,0,0,0
2014,Illinois,13,15,1315,55652,166274,1,1,25.08,0,0,0,0
2014,Illinois,13,16,1316,63810,153388,1,1,29.38,0,0,0,0
2014,Illinois,13,17,1317,110560,88785,1,1,55.46,0,0,0,0
2014,Illinois,13,18,1318,62377,184363,1,1,25.28,0,0,0,0
2014,Indiana,14,1,1401,86579,51000,1,1,62.93,0,0,0,0
2014,Indiana,14,2,1402,55590,85583,1,1,39.38,0,0,0,0
2014,Indiana,14,3,1403,39771,97892,1,1,28.89,0,0,0,0
2014,Indiana,14,4,1404,47056,94998,1,1,33.13,0,0,0,0
2014,Indiana,14,5,1405,49756,105277,1,1,32.09,0,0,0,0
2014,Indiana,14,6,1406,45509,102187,1,1,30.81,0,0,0,0
2014,Indiana,14,7,1407,61443,46887,1,1,56.72,0,0,0,0
2014,Indiana,14,8,1408,61384,103344,1,1,37.26,0,0,0,0
2014,Indiana,14,9,1409,55016,101594,1,1,35.13,0,0,0,0
2014,Iowa,15,1,1501,141145,147762,1,1,48.85,0,0,0,0
2014,Iowa,15,2,1502,143431,129455,1,1,52.56,0,0,0,0
2014,Iowa,15,3,1503,119109,148814,1,1,44.46,0,0,0,0
2014,Iowa,15,4,1504,105504,169834,1,1,38.32,0,0,0,0
2014,Kansas,16,1,1601,65397,138764,1,1,32.03,0,0,0,0
2014,Kansas,16,2,1602,87153,128742,1,1,40.37,0,0,0,0
2014,Kansas,16,3,1603,89584,134493,1,1,39.98,0,0,0,0
2014,Kansas,16,4,1604,69396,138757,1,1,33.34,0,0,0,0
2014,Kentucky,17,1,1701,63596,173022,1,1,26.88,0,0,0,0
2014,Kentucky,17,2,1702,69898,156936,1,1,30.81,0,0,0,0
2014,Kentucky,17,3,1703,157056,87981,1,1,64.09,0,0,0,0
2014,Kentucky,17,4,1704,71694,150464,1,1,32.27,0,0,0,0
2014,Kentucky,17,5,1705,47617,171350,1,1,21.75,0,0,0,0
2014,Kentucky,17,6,1706,98290,147404,1,1,40.01,0,0,0,0
2014,Louisiana,18,1,1801,46047,189250,2,1,19.57,0,0,1,1
2014,Louisiana,18,2,1802,190006,0,2,0,,0,1,1,1
2014,Louisiana,18,3,1803,0,207926,0,2,,0,1,1,1
2014,Louisiana,18,4,1804,0,152683,0,1,,1,0,1,1
2014,Louisiana,18,5,1805,75006,247211,1,6,23.28,0,0,1,1
2014,Louisiana,18,6,1806,95127,234200,3,8,28.89,0,0,1,1
2014,Maine,19,1,1901,186674,94751,1,1,66.33,0,0,0,0
2014,Maine,19,2,1902,118568,133320,1,1,47.07,0,0,0,0
2014,Maryland,20,1,2001,73843,176342,1,1,29.52,0,0,0,0
2014,Maryland,20,2,2002,120412,70411,1,1,63.1,0,0,0,0
2014,Maryland,20,3,2003,128594,87029,1,1,59.64,0,0,0,0
2014,Maryland,20,4,2004,134628,54217,1,1,71.29,0,0,0,0
2014,Maryland,20,5,2005,144725,80752,1,1,64.19,0,0,0,0
2014,Maryland,20,6,2006,94704,91930,1,1,50.74,0,0,0,0
2014,Maryland,20,7,2007,144639,55860,1,1,72.14,0,0,0,0
2014,Maryland,20,8,2008,136722,87859,1,1,60.88,0,0,0,0
2014,Massachusetts,21,1,2101,167612,0,1,0,,1,0,0,0
2014,Massachusetts,21,2,2102,169640,0,1,0,,1,0,0,0
2014,Massachusetts,21,3,2103,139104,81638,1,1,63.02,0,0,0,0
2014,Massachusetts,21,4,2104,184158,0,1,0,,1,0,0,0
2014,Massachusetts,21,5,2105,182100,0,1,0,,1,0,0,0
2014,Massachusetts,21,6,2106,149638,111989,1,1,57.2,0,0,0,0
2014,Massachusetts,21,7,2107,142133,0,1,0,,1,0,0,0
2014,Massachusetts,21,8,2108,200644,0,1,0,,1,0,0,0
2014,Massachusetts,21,9,2109,140413,114971,1,1,54.98,0,0,0,0
2014,Michigan,22,1,2201,113263,130414,1,1,46.48,0,0,0,0
2014,Michigan,22,2,2202,70851,135568,1,1,34.32,0,0,0,0
2014,Michigan,22,3,2203,84720,125754,1,1,40.25,0,0,0,0
2014,Michigan,22,4,2204,85777,123962,1,1,40.9,0,0,0,0
2014,Michigan,22,5,2205,148182,69222,1,1,68.16,0,0,0,0
2014,Michigan,22,6,2206,84391,116801,1,1,41.95,0,0,0,0
2014,Michigan,22,7,2207,92083,119564,1,1,43.51,0,0,0,0
2014,Michigan,22,8,2208,102269,132739,1,1,43.52,0,0,0,0
2014,Michigan,22,9,2209,136342,81470,1,1,62.6,0,0,0,0
2014,Michigan,22,10,2210,67143,157069,1,1,29.95,0,0,0,0
2014,Michigan,22,11,2211,101681,140435,1,1,42.0,0,0,0,0
2014,Michigan,22,12,2212,134346,64716,1,1,67.49,0,0,0,0
2014,Michigan,22,13,2213,132710,27234,1,1,82.97,0,0,0,0
2014,Michigan,22,14,2214,165272,41801,1,1,79.81,0,0,0,0
2014,Minnesota,23,1,2301,122851,103536,1,1,54.27,0,0,0,0
2014,Minnesota,23,2,2302,95565,137778,1,1,40.95,0,0,0,0
2014,Minnesota,23,3,2303,101846,167515,1,1,37.81,0,0,0,0
2014,Minnesota,23,4,2304,147857,79492,1,1,65.04,0,0,0,0
2014,Minnesota,23,5,2305,167079,56577,1,1,74.7,0,0,0,0
2014,Minnesota,23,6,2306,90926,133328,1,1,40.55,0,0,0,0
2014,Minnesota,23,7,2307,130546,109955,1,1,54.28,0,0,0,0
2014,Minnesota,23,8,2308,129090,125358,1,1,50.73,0,0,0,0
2014,Mississippi,24,1,2401,43713,102622,1,1,29.87,0,0,0,0
2014,Mississippi,24,2,2402,100688,0,1,0,,1,0,0,0
2014,Mississippi,24,3,2403,47744,117771,1,1,28.85,0,0,0,0
2014,Mississippi,24,4,2404,37869,108776,1,1,25.82,0,0,0,0
2014,Missouri,25,1,2501,119315,35273,1,1,77.18,0,0,0,0
2014,Missouri,25,2,2502,75384,148191,1,1,33.72,0,0,0,0
2014,Missouri,25,3,2503,52021,130940,1,1,28.43,0,0,0,0
2014,Missouri,25,4,2504,46464,120014,1,1,27.91,0,0,0,0
2014,Missouri,25,5,2505,79256,69071,1,1,53.43,0,0,0,0
2014,Missouri,25,6,2506,55157,124616,1,1,30.68,0,0,0,0
2014,Missouri,25,7,2507,47282,104054,1,1,31.24,0,0,0,0
2014,Missouri,25,8,2508,38721,106124,1,1,26.73,0,0,0,0
2014,Montana,26,1,2601,148690,203871,1,1,42.17,0,0,0,0
2014,Nebraska,27,1,2701,55838,123219,1,1,31.18,0,0,0,0
2014,Nebraska,27,2,2702,83872,78157,1,1,51.76,0,0,0,0
2014,Nebraska,27,3,2703,45524,139440,1,1,24.61,0,0,0,0
2014,Nevada,28,1,2801,45643,30413,1,1,60.01,0,0,0,0
2014,Nevada,28,2,2802,52016,122402,1,1,29.82,0,0,0,0
2014,Nevada,28,3,2803,52644,88528,1,1,37.29,0,0,0,0
2014,Nevada,28,4,2804,59844,63466,1,1,48.53,0,0,0,0
2014,New Hampshire,29,1,2901,116769,125508,1,1,48.2,0,0,0,0
2014,New Hampshire,29,2,2902,130700,106871,1,1,55.02,0,0,0,0
2014,New Jersey,30,1,3001,93315,64073,1,1,59.29,0,0,0,0
2014,New Jersey,30,2,3002,66026,108875,1,1,37.75,0,0,0,0
2014,New Jersey,30,3,3003,82537,100471,1,1,45.1,0,0,0,0
2014,New Jersey,30,4,3004,54415,118826,1,1,31.41,0,0,0,0
2014,New Jersey,30,5,3005,81808,104678,1,1,43.87,0,0,0,0
2014,New Jersey,30,6,3006,72190,46891,1,1,60.62,0,0,0,0
2014,New Jersey,30,7,3007,68232,104287,1,1,39.55,0,0,0,0
2014,New Jersey,30,8,3008,61510,15141,1,1,80.25,0,0,0,0
2014,New Jersey,30,9,3009,82498,36246,1,1,69.48,0,0,0,0
2014,New Jersey,30,10,3010,95734,14154,1,1,87.12,0,0,0,0
2014,New Jersey,30,11,3011,65477,109455,1,1,37.43,0,0,0,0
2014,New Jersey,30,12,3012,90430,54168,1,1,62.54,0,0,0,0
2014,New Mexico,31,1,3101,105474,74558,1,1,58.59,0,0,0,0
2014,New Mexico,31,2,3102,52499,95209,1,1,35.54,0,0,0,0
2014,New Mexico,31,3,3103,113249,70775,1,1,61.54,0,0,0,0
2014,New York,32,1,3201,78722,94035,1,1,45.57,0,0,0,0
2014,New York,32,2,3202,41814,0,1,0,,1,0,0,0
2014,New York,32,3,3203,90032,74269,1,1,54.8,0,0,0,0
2014,New York,32,4,3204,89793,80127,1,1,52.84,0,0,0,0
2014,New York,32,5,3205,75712,0,1,0,,1,0,0,0
2014,New York,32,6,3206,55368,0,1,0,,1,0,0,0
2014,New York,32,7,3207,56593,5713,1,1,90.83,0,0,0,0
2014,New York,32,8,3208,77255,0,1,0,,1,0,0,0
2014,New York,32,9,3209,82659,0,1,0,,1,0,0,0
2014,New York,32,10,3210,89080,0,1,0,,1,0,0,0
2014,New York,32,11,3211,45244,58886,1,1,43.45,0,0,0,0
2014,New York,32,12,3212,90603,22731,1,1,79.94,0,0,0,0
2014,New York,32,13,3213,68396,0,1,0,,1,0,0,0
2014,New York,32,14,3214,50352,0,1,0,,1,0,0,0
2014,New York,32,15,3215,54906,0,1,0,,1,0,0,0
2014,New York,32,16,3216,99658,0,1,0,,1,0,0,0
2014,New York,32,17,3217,98150,75781,1,1,56.43,0,0,0,0
2014,New York,32,18,3218,88993,85660,1,1,50.95,0,0,0,0
2014,New York,32,19,3219,72470,131594,1,1,35.51,0,0,0,0
2014,New York,32,20,3220,125111,79104,1,1,61.26,0,0,0,0
2014,New York,32,21,3221,59063,96226,1,1,38.03,0,0,0,0
2014,New York,32,22,3222,0,129851,0,1,,1,0,0,0
2014,New York,32,23,3223,70242,113130,1,1,38.31,0,0,0,0
2014,New York,32,24,3224,80304,118474,1,1,40.4,0,0,0,0
2014,New York,32,25,3225,96803,95932,1,1,50.23,0,0,0,0
2014,New York,32,26,3226,113210,52909,1,1,68.15,0,0,0,0
2014,New York,32,27,3227,58911,144675,1,1,28.94,0,0,0,0
2014,North Carolina,33,1,3301,154333,55990,1,1,73.38,0,0,0,0
2014,North Carolina,33,2,3302,85479,122128,1,1,41.17,0,0,0,0
2014,North Carolina,33,3,3303,66182,139415,1,1,32.19,0,0,0,0
2014,North Carolina,33,4,3304,169946,57416,1,1,74.75,0,0,0,0
2014,North Carolina,33,5,3305,88973,139279,1,1,38.98,0,0,0,0
2014,North Carolina,33,6,3306,103758,147312,1,1,41.33,0,0,0,0
2014,North Carolina,33,7,3307,84054,134431,1,1,38.47,0,0,0,0
2014,North Carolina,33,8,3308,65854,121568,1,1,35.14,0,0,0,0
2014,North Carolina,33,9,3309,0,163080,0,1,,1,0,0,0
2014,North Carolina,33,10,3310,85292,133504,1,1,38.98,0,0,0,0
2014,North Carolina,33,11,3311,85342,144682,1,1,37.1,0,0,0,0
2014,North Carolina,33,12,3312,130096,42568,1,1,75.35,0,0,0,0
2014,North Carolina,33,13,3313,114718,153991,1,1,42.69,0,0,0,0
2014,North Dakota,34,1,3401,95678,138100,1,1,40.93,0,0,0,0
2014,Ohio,35,1,3501,72604,124779,1,1,36.78,0,0,0,0
2014,Ohio,35,2,3502,68453,132658,1,1,34.04,0,0,0,0
2014,Ohio,35,3,3503,91769,51475,1,1,64.06,0,0,0,0
2014,Ohio,35,4,3504,60165,125907,1,1,32.33,0,0,0,0
2014,Ohio,35,5,3505,58507,134449,1,1,30.32,0,0,0,0
2014,Ohio,35,6,3506,73561,111026,1,1,39.85,0,0,0,0
2014,Ohio,35,7,3507,0,143959,0,1,,1,0,0,0
2014,Ohio,35,8,3508,51534,126539,1,1,28.94,0,0,0,0
2014,Ohio,35,9,3509,108870,51704,1,1,67.8,0,0,0,0
2014,Ohio,35,10,3510,63249,130752,1,1,32.6,0,0,0,0
2014,Ohio,35,11,3511,137105,35461,1,1,79.45,0,0,0,0
2014,Ohio,35,12,3512,61360,150573,1,1,28.95,0,0,0,0
2014,Ohio,35,13,3513,120230,55233,1,1,68.52,0,0,0,0
2014,Ohio,35,14,3514,70856,135736,1,1,34.3,0,0,0,0
2014,Ohio,35,15,3515,66125,128496,1,1,33.98,0,0,0,0
2014,Ohio,35,16,3516,75199,132176,1,1,36.26,0,0,0,0
2014,Oklahoma,36,1,3601,0,0,0,0,,1,0,0,0
2014,Oklahoma,36,2,3602,38964,110925,1,1,26.0,0,0,0,0
2014,Oklahoma,36,3,3603,36270,133335,1,1,21.38,0,0,0,0
2014,Oklahoma,36,4,3604,40998,117721,1,1,25.83,0,0,0,0
2014,Oklahoma,36,5,3605,57790,95632,1,1,37.67,0,0,0,0
2014,Oregon,37,1,3701,160038,96245,1,1,62.45,0,0,0,0
2014,Oregon,37,2,3702,73785,202374,1,1,26.72,0,0,0,0
2014,Oregon,37,3,3703,211748,57424,1,1,78.67,0,0,0,0
2014,Oregon,37,4,3704,181624,116534,1,1,60.92,0,0,0,0
2014,Oregon,37,5,3705,150944,110332,1,1,57.77,0,0,0,0
2014,Pennsylvania,38,1,3801,131248,27193,1,1,82.84,0,0,0,0
2014,Pennsylvania,38,2,3802,181141,25397,1,1,87.7,0,0,0,0
2014,Pennsylvania,38,3,3803,73931,113859,1,1,39.37,0,0,0,0
2014,Pennsylvania,38,4,3804,50250,147090,1,1,25.46,0,0,0,0
2014,Pennsylvania,38,5,3805,65839,115018,1,1,36.4,0,0,0,0
2014,Pennsylvania,38,6,3806,92901,119643,1,1,43.71,0,0,0,0
2014,Pennsylvania,38,7,3807,89256,145869,1,1,37.96,0,0,0,0
2014,Pennsylvania,38,8,3808,84767,137731,1,1,38.1,0,0,0,0
2014,Pennsylvania,38,9,3809,63223,110094,1,1,36.48,0,0,0,0
2014,Pennsylvania,38,10,3810,44737,112851,1,1,28.39,0,0,0,0
2014,Pennsylvania,38,11,3811,62228,122464,1,1,33.69,0,0,0,0
2014,Pennsylvania,38,12,3812,87928,127993,1,1,40.72,0,0,0,0
2014,Pennsylvania,38,13,3813,123601,60549,1,1,67.12,0,0,0,0
2014,Pennsylvania,38,14,3814,148351,0,1,0,,1,0,0,0
2014,Pennsylvania,38,15,3815,0,128285,0,1,,1,0,0,0
2014,Pennsylvania,38,16,3816,74513,101722,1,1,42.28,0,0,0,0
2014,Pennsylvania,38,17,3817,93680,71371,1,1,56.76,0,0,0,0
2014,Pennsylvania,38,18,3818,0,166076,0,1,,1,0,0,0
2014,Rhode Island,39,1,3901,87060,58877,1,1,59.66,0,0,0,0
2014,Rhode Island,39,2,3902,105716,63844,1,1,62.35,0,0,0,0
2014,South Carolina,40,1,4001,0,119392,0,1,,1,0,0,0
2014,South Carolina,40,2,4002,68719,121649,1,1,36.1,0,0,0,0
2014,South Carolina,40,3,4003,47181,116741,1,1,28.78,0,0,0,0
2014,South Carolina,40,4,4004,0,126452,0,1,,1,0,0,0
2014,South Carolina,40,5,4005,71985,103078,1,1,41.12,0,0,0,0
2014,South Carolina,40,6,4006,125747,44311,1,1,73.94,0,0,0,0
2014,South Carolina,40,7,4007,68576,102833,1,1,40.01,0,0,0,0
2014,South Dakota,41,1,4101,92485,183834,1,1,33.47,0,0,0,0
2014,Tennessee,42,1,4201,0,115533,0,1,,1,0,0,0
2014,Tennessee,42,2,4202,37612,120883,1,1,23.73,0,0,0,0
2014,Tennessee,42,3,4203,53983,97344,1,1,35.67,0,0,0,0
2014,Tennessee,42,4,4204,51357,84815,1,1,37.71,0,0,0,0
2014,Tennessee,42,5,4205,96148,55078,1,1,63.58,0,0,0,0
2014,Tennessee,42,6,4206,37232,115231,1,1,24.42,0,0,0,0
2014,Tennessee,42,7,4207,42280,110534,1,1,27.67,0,0,0,0
2014,Tennessee,42,8,4208,42433,122255,1,1,25.77,0,0,0,0
2014,Tennessee,42,9,4209,87376,27173,1,1,76.28,0,0,0,0
2014,Texas,43,1,4301,33476,115084,1,1,22.53,0,0,0,0
2014,Texas,43,2,4302,44462,101936,1,1,30.37,0,0,0,0
2014,Texas,43,3,4303,0,113404,0,1,,1,0,0,0
2014,Texas,43,4,4304,0,115085,0,1,,1,0,0,0
2014,Texas,43,5,4305,0,88998,0,1,,1,0,0,0
2014,Texas,43,6,4306,55027,92334,1,1,37.34,0,0,0,0
2014,Texas,43,7,4307,49478,90606,1,1,35.32,0,0,0,0
2014,Texas,43,8,4308,0,125066,0,1,,1,0,0,0
2014,Texas,43,9,4309,78109,0,1,0,,1,0,0,0
2014,Texas,43,10,4310,60243,109726,1,1,35.44,0,0,0,0
2014,Texas,43,11,4311,0,107939,0,1,,1,0,0,0
2014,Texas,43,12,4312,41757,113186,1,1,26.95,0,0,0,0
2014,Texas,43,13,4313,16822,110842,1,1,13.18,0,0,0,0
2014,Texas,43,14,4314,52545,90116,1,1,36.83,0,0,0,0
2014,Texas,43,15,4315,48708,39016,1,1,55.52,0,0,0,0
2014,Texas,43,16,4316,49338,21324,1,1,69.82,0,0,0,0
2014,Texas,43,17,4317,43049,85807,1,1,33.41,0,0,0,0
2014,Texas,43,18,4318,76097,26249,1,1,74.35,0,0,0,0
2014,Texas,43,19,4319,21458,90160,1,1,19.22,0,0,0,0
2014,Texas,43,20,4320,66554,0,1,0,,1,0,0,0
2014,Texas,43,21,4321,0,135660,0,1,,1,0,0,0
2014,Texas,43,22,4322,47844,100861,1,1,32.17,0,0,0,0
2014,Texas,43,23,4323,55037,57459,1,1,48.92,0,0,0,0
2014,Texas,43,24,4324,46548,93712,1,1,33.19,0,0,0,0
2014,Texas,43,25,4325,64463,107120,1,1,37.57,0,0,0,0
2014,Texas,43,26,4326,0,116944,0,1,,1,0,0,0
2014,Texas,43,27,4327,44152,83342,1,1,34.63,0,0,0,0
2014,Texas,43,28,4328,62508,0,1,0,,1,0,0,0
2014,Texas,43,29,4329,41321,0,1,0,,1,0,0,0
2014,Texas,43,30,4330,93041,0,1,0,,1,0,0,0
2014,Texas,43,31,4331,45715,91607,1,1,33.29,0,0,0,0
2014,Texas,43,32,4332,55325,96495,1,1,36.44,0,0,0,0
2014,Texas,43,33,4333,43769,0,1,0,,1,0,0,0
2014,Texas,43,34,4334,47503,30811,1,1,60.66,0,0,0,0
2014,Texas,43,35,4335,60124,32040,1,1,65.24,0,0,0,0
2014,Texas,43,36,4336,29543,101663,1,1,22.52,0,0,0,0
2014,Utah,44,1,4401,36422,84231,1,1,30.19,0,0,0,0
2014,Utah,44,2,4402,47585,88915,1,1,34.86,0,0,0,0
2014,Utah,44,3,4403,32059,102952,1,1,23.75,0,0,0,0
2014,Utah,44,4,4404,67425,74936,1,1,47.36,0,0,0,0
2014,Vermont,45,1,4501,123349,59432,1,1,67.48,0,0,0,0
2014,Virginia,46,1,4601,72059,131861,1,1,35.34,0,0,0,0
2014,Virginia,46,2,4602,71178,101558,1,1,41.21,0,0,0,0
2014,Virginia,46,3,4603,139197,0,1,0,,1,0,0,0
2014,Virginia,46,4,4604,75270,120684,1,1,38.41,0,0,0,0
2014,Virginia,46,5,4605,73482,124735,1,1,37.07,0,0,0,0
2014,Virginia,46,6,4606,0,133898,0,1,,1,0,0,0
2014,Virginia,46,7,4607,89914,148026,1,1,37.79,0,0,0,0
2014,Virginia,46,8,4608,128102,63810,1,1,66.75,0,0,0,0
2014,Virginia,46,9,4609,0,117465,0,1,,1,0,0,0
2014,Virginia,46,10,4610,89957,125914,1,1,41.67,0,0,0,0
2014,Virginia,46,11,4611,106780,75796,1,1,58.49,0,0,0,0
2014,Washington,47,1,4701,124151,101428,1,1,55.04,0,0,0,0
2014,Washington,47,2,4702,122173,79518,1,1,60.57,0,0,0,0
2014,Washington,47,3,4703,78018,124796,1,1,38.47,0,0,0,0
2014,Washington,47,4,4704,0,153079,0,2,,0,1,0,0
2014,Washington,47,5,4705,87772,135470,1,1,39.32,0,0,0,0
2014,Washington,47,6,4706,141265,83025,1,1,62.98,0,0,0,0
2014,Washington,47,7,4707,203954,47921,1,1,80.97,0,0,0,0
2014,Washington,47,8,4708,73003,125741,1,1,36.73,0,0,0,0
2014,Washington,47,9,4709,118132,48662,1,1,70.83,0,0,0,0
2014,Washington,47,10,4710,99279,82213,1,1,54.7,0,0,0,0
2014,West Virginia,48,1,4801,52109,92491,1,1,36.04,0,0,0,0
2014,West Virginia,48,2,4802,67687,72619,1,1,48.24,0,0,0,0
2014,West Virginia,48,3,4803,62688,77713,1,1,44.65,0,0,0,0
2014,Wisconsin,49,1,4901,105552,182316,1,1,36.67,0,0,0,0
2014,Wisconsin,49,2,4902,224920,103619,1,1,68.46,0,0,0,0
2014,Wisconsin,49,3,4903,155368,119540,1,1,56.52,0,0,0,0
2014,Wisconsin,49,4,4904,179045,68490,1,1,72.33,0,0,0,0
2014,Wisconsin,49,5,4905,101190,231160,1,1,30.45,0,0,0,0
2014,Wisconsin,49,6,4906,122212,169767,1,1,41.86,0,0,0,0
2014,Wisconsin,49,7,4907,112949,169891,1,1,39.93,0,0,0,0
2014,Wisconsin,49,8,4908,101345,188553,1,1,34.96,0,0,0,0
2014,Wyoming,50,1,5001,37803,113038,1,1,25.06,0,0,0,0
2016,Alabama,1,1,101,0,208083,0,1,,1,0,0,0
2016,Alabama,1,2,102,112089,134886,1,1,45.38,0,0,0,0
2016,Alabama,1,3,103,94549,192164,1,1,32.98,0,0,0,0
2016,Alabama,1,4,104,0,235925,0,1,,1,0,0,0
2016,Alabama,1,5,105,102234,205647,1,1,33.21,0,0,0,0
2016,Alabama,1,6,106,83709,245313,1,1,25.44,0,0,0,0
2016,Alabama,1,7,107,229330,0,1,0,,1,0,0,0
2016,Alaska,2,1,201,111019,155088,1,1,41.72,0,0,0,0
2016,Arizona,3,1,301,142219,121745,1,1,53.88,0,0,0,0
2016,Arizona,3,2,302,135873,179806,1,1,43.04,0,0,0,0
2016,Arizona,3,3,303,148973,0,1,0,,1,0,0,0
2016,Arizona,3,4,304,81296,203487,1,1,28.55,0,0,0,0
2016,Arizona,3,5,305,114940,205184,1,1,35.9,0,0,0,0
2016,Arizona,3,6,306,122866,201578,1,1,37.87,0,0,0,0
2016,Arizona,3,7,307,119465,39286,1,1,75.25,0,0,0,0
2016,Arizona,3,8,308,0,204942,0,1,,1,0,0,0
2016,Arizona,3,9,309,169055,108350,1,1,60.94,0,0,0,0
2016,Arkansas,4,1,401,0,183866,0,1,,1,0,0,0
2016,Arkansas,4,2,402,111347,176472,1,1,38.69,0,0,0,0
2016,Arkansas,4,3,403,0,217192,0,1,,1,0,0,0
2016,Arkansas,4,4,404,0,182885,0,1,,1,0,0,0
2016,California,5,1,501,128588,185448,1,1,40.95,0,0,0,0
2016,California,5,2,502,254194,76572,1,1,76.85,0,0,0,0
2016,California,5,3,503,152513,104453,1,1,59.35,0,0,0,0
2016,California,5,4,504,130845,220133,1,1,37.28,0,0,0,0
2016,California,5,5,505,224526,67565,1,1,76.87,0,0,0,0
2016,California,5,6,506,177565,57848,1,1,75.43,0,0,0,0
2016,California,5,7,507,152133,145168,1,1,51.17,0,0,0,0
2016,California,5,8,508,83035,136972,1,1,37.74,0,0,0,0
2016,California,5,9,509,133163,98992,1,1,57.36,0,0,0,0
2016,California,5,10,510,116470,124671,1,1,48.3,0,0,0,0
2016,California,5,11,511,214868,83341,1,1,72.05,0,0,0,0
2016,California,5,12,512,274035,0,1,0,,1,0,0,0
2016,California,5,13,513,293117,29754,1,1,90.78,0,0,0,0
2016,California,5,14,514,231630,54817,1,1,80.86,0,0,0,0
2016,California,5,15,515,198578,70619,1,1,73.77,0,0,0,0
2016,California,5,16,516,97473,70483,1,1,58.03,0,0,0,0
2016,California,5,17,517,233192,0,2,0,,0,1,0,0
2016,California,5,18,518,230460,93470,1,1,71.15,0,0,0,0
2016,California,5,19,519,181802,64061,1,1,73.94,0,0,0,0
2016,California,5,20,520,180980,74811,1,1,70.75,0,0,0,0
2016,California,5,21,521,57282,75126,1,1,43.26,0,0,0,0
2016,California,5,22,522,76211,158755,1,1,32.43,0,0,0,0
2016,California,5,23,523,74468,167116,1,1,30.82,0,0,0,0
2016,California,5,24,524,166034,144780,1,1,53.42,0,0,0,0
2016,California,5,25,525,122406,138755,1,1,46.87,0,0,0,0
2016,California,5,26,526,169248,111059,1,1,60.38,0,0,0,0
2016,California,5,27,527,168977,81655,1,1,67.42,0,0,0,0
2016,California,5,28,528,210883,59526,1,1,77.99,0,0,0,0
2016,California,5,29,529,171824,0,2,0,,0,1,0,0
2016,California,5,30,530,205279,77325,1,1,72.64,0,0,0,0
2016,California,5,31,531,121070,94866,1,1,56.07,0,0,0,0
2016,California,5,32,532,186646,0,2,0,,0,1,0,0
2016,California,5,33,533,219397,110822,1,1,66.44,0,0,0,0
2016,California,5,34,534,159156,0,2,0,,0,1,0,0
2016,California,5,35,535,124044,47309,1,1,72.39,0,0,0,0
2016,California,5,36,536,144348,88269,1,1,62.05,0,0,0,0
2016,California,5,37,537,237272,0,2,0,,0,1,0,0
2016,California,5,38,538,163590,68524,1,1,70.48,0,0,0,0
2016,California,5,39,539,112679,150777,1,1,42.77,0,0,0,0
2016,California,5,40,540,106554,0,1,0,,1,0,0,0
2016,California,5,41,541,128164,69159,1,1,64.95,0,0,0,0
2016,California,5,42,542,104689,149547,1,1,41.18,0,0,0,0
2016,California,5,43,543,167017,52499,1,1,76.08,0,0,0,0
2016,California,5,44,544,178413,0,2,0,,0,1,0,0
2016,California,5,45,545,129231,182618,1,1,41.44,0,0,0,0
2016,California,5,46,546,164593,0,2,0,,0,1,0,0
2016,California,5,47,547,154759,88109,1,1,63.72,0,0,0,0
2016,California,5,48,548,127715,178701,1,1,41.68,0,0,0,0
2016,California,5,49,549,154267,155888,1,1,49.74,0,0,0,0
2016,California,5,50,550,103646,179937,1,1,36.55,0,0,0,0
2016,California,5,51,551,145162,54362,1,1,72.75,0,0,0,0
2016,California,5,52,552,181253,139403,1,1,56.53,0,0,0,0
2016,California,5,53,553,198988,97968,1,1,67.01,0,0,0,0
2016,Colorado,6,1,601,257254,105030,1,1,71.01,0,0,0,0
2016,Colorado,6,2,602,260175,170001,1,1,60.48,0,0,0,0
2016,Colorado,6,3,603,150914,204220,1,1,42.49,0,0,0,0
2016,Colorado,6,4,604,123642,248230,1,1,33.25,0,0,0,0
2016,Colorado,6,5,605,111676,225445,1,1,33.13,0,0,0,0
2016,Colorado,6,6,606,160372,191626,1,1,45.56,0,0,0,0
2016,Colorado,6,7,607,199758,144066,1,1,58.1,0,0,0,0
2016,Connecticut,7,1,701,200686,105674,1,1,65.51,0,0,0,0
2016,Connecticut,7,2,702,208818,111149,1,1,65.26,0,0,0,0
2016,Connecticut,7,3,703,213572,95786,1,1,69.04,0,0,0,0
2016,Connecticut,7,4,704,187811,125724,1,1,59.9,0,0,0,0
2016,Connecticut,7,5,705,179252,129801,1,1,58.0,0,0,0,0
2016,Delaware,8,1,801,233554,172301,1,1,57.55,0,0,0,0
2016,Florida,9,1,901,114079,255107,1,1,30.9,0,0,0,0
2016,Florida,9,2,902,102801,231163,1,1,30.78,0,0,0,0
2016,Florida,9,3,903,136338,193843,1,1,41.29,0,0,0,0
2016,Florida,9,4,904,113088,287509,1,1,28.23,0,0,0,0
2016,Florida,9,5,905,194549,108325,1,1,64.23,0,0,0,0
2016,Florida,9,6,906,151051,213519,1,1,41.43,0,0,0,0
2016,Florida,9,7,907,182039,171583,1,1,51.48,0,0,0,0
2016,Florida,9,8,908,127127,246483,1,1,34.03,0,0,0,0
2016,Florida,9,9,909,195311,144450,1,1,57.48,0,0,0,0
2016,Florida,9,10,910,198491,107498,1,1,64.87,0,0,0,0
2016,Florida,9,11,911,124713,258016,1,1,32.59,0,0,0,0
2016,Florida,9,12,912,116110,253559,1,1,31.41,0,0,0,0
2016,Florida,9,13,913,184693,171149,1,1,51.9,0,0,0,0
2016,Florida,9,14,914,195789,121088,1,1,61.79,0,0,0,0
2016,Florida,9,15,915,135475,182999,1,1,42.54,0,0,0,0
2016,Florida,9,16,916,155262,230654,1,1,40.23,0,0,0,0
2016,Florida,9,17,917,115974,209348,1,1,35.65,0,0,0,0
2016,Florida,9,18,918,161918,201488,1,1,44.56,0,0,0,0
2016,Florida,9,19,919,123812,239225,1,1,34.1,0,0,0,0
2016,Florida,9,20,920,222914,54646,1,1,80.31,0,0,0,0
2016,Florida,9,21,921,210606,118038,1,1,64.08,0,0,0,0
2016,Florida,9,22,922,199113,138737,1,1,58.94,0,0,0,0
2016,Florida,9,23,923,183225,130818,1,1,58.34,0,0,0,0
2016,Florida,9,24,924,0,0,0,0,,1,0,0,0
2016,Florida,9,25,925,95319,157921,1,1,37.64,0,0,0,0
2016,Florida,9,26,926,115493,148547,1,1,43.74,0,0,0,0
2016,Florida,9,27,927,129760,157917,1,1,45.11,0,0,0,0
2016,Georgia,10,1,1001,0,210243,0,1,,1,0,0,0
2016,Georgia,10,2,1002,148543,94056,1,1,61.23,0,0,0,0
2016,Georgia,10,3,1003,95969,207218,1,1,31.65,0,0,0,0
2016,Georgia,10,4,1004,220146,70593,1,1,75.72,0,0,0,0
2016,Georgia,10,5,1005,253781,46768,1,1,84.44,0,0,0,0
2016,Georgia,10,6,1006,124917,201088,1,1,38.32,0,0,0,0
2016,Georgia,10,7,1007,114220,174081,1,1,39.62,0,0,0,0
2016,Georgia,10,8,1008,83225,173983,1,1,32.36,0,0,0,0
2016,Georgia,10,9,1009,0,256535,0,1,,1,0,0,0
2016,Georgia,10,10,1010,0,243725,0,1,,1,0,0,0
2016,Georgia,10,11,1011,105383,217935,1,1,32.59,0,0,0,0
2016,Georgia,10,12,1012,99420,159492,1,1,38.4,0,0,0,0
2016,Georgia,10,13,1013,252833,0,1,0,,1,0,0,0
2016,Georgia,10,14,1014,0,216743,0,1,,1,0,0,0
2016,Hawaii,11,1,1101,145417,45958,1,1,75.99,0,0,0,0
2016,Hawaii,11,2,1102,170848,39668,1,1,81.16,0,0,0,0
2016,Idaho,12,1,1201,113052,242252,1,1,31.82,0,0,0,0
2016,Idaho,12,2,1202,95940,205292,1,1,31.85,0,0,0,0
2016,Illinois,13,1,1301,234037,81817,1,1,74.1,0,0,0,0
2016,Illinois,13,2,1302,235051,59471,1,1,79.81,0,0,0,0
2016,Illinois,13,3,1303,225320,0,1,0,,1,0,0,0
2016,Illinois,13,4,1304,171297,0,1,0,,1,0,0,0
2016,Illinois,13,5,1305,212842,86222,1,1,71.17,0,0,0,0
2016,Illinois,13,6,1306,143591,208555,1,1,40.78,0,0,0,0
2016,Illinois,13,7,1307,250584,46882,1,1,84.24,0,0,0,0
2016,Illinois,13,8,1308,144954,103617,1,1,58.31,0,0,0,0
2016,Illinois,13,9,1309,217306,109550,1,1,66.48,0,0,0,0
2016,Illinois,13,10,1310,150435,135535,1,1,52.61,0,0,0,0
2016,Illinois,13,11,1311,166578,108995,1,1,60.45,0,0,0,0
2016,Illinois,13,12,1312,124246,169976,1,1,42.23,0,0,0,0
2016,Illinois,13,13,1313,126811,187583,1,1,40.34,0,0,0,0
2016,Illinois,13,14,1314,137589,200508,1,1,40.7,0,0,0,0
2016,Illinois,13,15,1315,0,274554,0,1,,1,0,0,0
2016,Illinois,13,16,1316,0,259722,0,1,,1,0,0,0
2016,Illinois,13,17,1317,173125,113943,1,1,60.31,0,0,0,0
2016,Illinois,13,18,1318,96770,250506,1,1,27.87,0,0,0,0
2016,Indiana,14,1,1401,207515,0,1,0,,1,0,0,0
2016,Indiana,14,2,1402,102401,164355,1,1,38.39,0,0,0,0
2016,Indiana,14,3,1403,66023,201396,1,1,24.69,0,0,0,0
2016,Indiana,14,4,1404,91256,193412,1,1,32.06,0,0,0,0
2016,Indiana,14,5,1405,123849,221957,1,1,35.81,0,0,0,0
2016,Indiana,14,6,1406,79135,204920,1,1,27.86,0,0,0,0
2016,Indiana,14,7,1407,158739,94456,1,1,62.69,0,0,0,0
2016,Indiana,14,8,1408,93356,187702,1,1,33.22,0,0,0,0
2016,Indiana,14,9,1409,130627,174791,1,1,42.77,0,0,0,0
2016,Iowa,15,1,1501,177403,206903,1,1,46.16,0,0,0,0
2016,Iowa,15,2,1502,198571,170933,1,1,53.74,0,0,0,0
2016,Iowa,15,3,1503,155002,208598,1,1,42.63,0,0,0,0
2016,Iowa,15,4,1504,142993,226719,1,1,38.68,0,0,0,0
2016,Kansas,16,1,1601,0,169992,0,1,,1,0,0,0
2016,Kansas,16,2,1602,96840,181228,1,1,34.83,0,0,0,0
2016,Kansas,16,3,1603,139300,176022,1,1,44.18,0,0,0,0
2016,Kansas,16,4,1604,81495,166998,1,1,32.8,0,0,0,0
2016,Kentucky,17,1,1701,81710,216959,1,1,27.36,0,0,0,0
2016,Kentucky,17,2,1702,0,251825,0,1,,1,0,0,0
2016,Kentucky,17,3,1703,212401,122093,1,1,63.5,0,0,0,0
2016,Kentucky,17,4,1704,94065,233922,1,1,28.68,0,0,0,0
2016,Kentucky,17,5,1705,0,221242,0,1,,1,0,0,0
2016,Kentucky,17,6,1706,128728,202099,1,1,38.91,0,0,0,0
2016,Louisiana,18,1,1801,63785,243645,3,1,20.75,0,0,1,1
2016,Louisiana,18,2,1802,284269,0,3,0,,0,1,1,1
2016,Louisiana,18,3,1803,56215,220621,2,8,20.31,0,0,1,1
2016,Louisiana,18,4,1804,46579,216540,1,5,17.7,0,0,1,1
2016,Louisiana,18,5,1805,0,255662,0,2,,0,1,1,1
2016,Louisiana,18,6,1806,79202,241075,2,2,24.73,0,0,1,1
2016,Maine,19,1,1901,227546,164569,1,1,58.03,0,0,0,0
2016,Maine,19,2,1902,159081,192878,1,1,45.2,0,0,0,0
2016,Maryland,20,1,2001,103622,242574,1,1,29.93,0,0,0,0
2016,Maryland,20,2,2002,192183,102577,1,1,65.2,0,0,0,0
2016,Maryland,20,3,2003,214640,115048,1,1,65.1,0,0,0,0
2016,Maryland,20,4,2004,237501,68670,1,1,77.57,0,0,0,0
2016,Maryland,20,5,2005,242989,105931,1,1,69.64,0,0,0,0
2016,Maryland,20,6,2006,185770,133081,1,1,58.26,0,0,0,0
2016,Maryland,20,7,2007,238838,69556,1,1,77.45,0,0,0,0
2016,Maryland,20,8,2008,220657,124651,1,1,63.9,0,0,0,0
2016,Massachusetts,21,1,2101,235803,0,1,0,,1,0,0,0
2016,Massachusetts,21,2,2102,275487,0,1,0,,1,0,0,0
2016,Massachusetts,21,3,2103,236713,107519,1,1,68.77,0,0,0,0
2016,Massachusetts,21,4,2104,265823,113055,1,1,70.16,0,0,0,0
2016,Massachusetts,21,5,2105,285606,0,1,0,,1,0,0,0
2016,Massachusetts,21,6,2106,308923,0,1,0,,1,0,0,0
2016,Massachusetts,21,7,2107,253354,0,1,0,,1,0,0,0
2016,Massachusetts,21,8,2108,271019,102744,1,1,72.51,0,0,0,0
2016,Massachusetts,21,9,2109,211790,127803,1,1,62.37,0,0,0,0
2016,Michigan,22,1,2201,144334,197777,1,1,42.19,0,0,0,0
2016,Michigan,22,2,2202,110391,212508,1,1,34.19,0,0,0,0
2016,Michigan,22,3,2203,128400,203545,1,1,38.68,0,0,0,0
2016,Michigan,22,4,2204,101277,194572,1,1,34.23,0,0,0,0
2016,Michigan,22,5,2205,195279,112102,1,1,63.53,0,0,0,0
2016,Michigan,22,6,2206,119980,193259,1,1,38.3,0,0,0,0
2016,Michigan,22,7,2207,134010,184321,1,1,42.1,0,0,0,0
2016,Michigan,22,8,2208,143791,205629,1,1,41.15,0,0,0,0
2016,Michigan,22,9,2209,199661,128937,1,1,60.76,0,0,0,0
2016,Michigan,22,10,2210,110112,215132,1,1,33.86,0,0,0,0
2016,Michigan,22,11,2211,152461,200872,1,1,43.15,0,0,0,0
2016,Michigan,22,12,2212,211378,96104,1,1,68.74,0,0,0,0
2016,Michigan,22,13,2213,198771,40541,1,1,83.06,0,0,0,0
2016,Michigan,22,14,2214,244135,58103,1,1,80.78,0,0,0,0
2016,Minnesota,23,1,2301,169071,166524,1,1,50.38,0,0,0,0
2016,Minnesota,23,2,2302,167315,173970,1,1,49.03,0,0,0,0
2016,Minnesota,23,3,2303,169238,223075,1,1,43.14,0,0,0,0
2016,Minnesota,23,4,2304,203299,121033,1,1,62.68,0,0,0,0
2016,Minnesota,23,5,2305,249957,80660,1,1,75.6,0,0,0,0
2016,Minnesota,23,6,2306,123010,235385,1,1,34.32,0,0,0,0
2016,Minnesota,23,7,2307,173572,156944,1,1,52.52,0,0,0,0
2016,Minnesota,23,8,2308,179097,177088,1,1,50.28,0,0,0,0
2016,Mississippi,24,1,2401,83947,206455,1,1,28.91,0,0,0,0
2016,Mississippi,24,2,2402,192343,83542,1,1,69.72,0,0,0,0
2016,Mississippi,24,3,2403,96101,209490,1,1,31.45,0,0,0,0
2016,Mississippi,24,4,2404,77505,181323,1,1,29.94,0,0,0,0
2016,Missouri,25,1,2501,236993,62714,1,1,79.07,0,0,0,0
2016,Missouri,25,2,2502,155689,241954,1,1,39.15,0,0,0,0
2016,Missouri,25,3,2503,102891,249865,1,1,29.17,0,0,0,0
2016,Missouri,25,4,2504,92510,225348,1,1,29.1,0,0,0,0
2016,Missouri,25,5,2505,190766,123771,1,1,60.65,0,0,0,0
2016,Missouri,25,6,2506,99692,238388,1,1,29.49,0,0,0,0
2016,Missouri,25,7,2507,92756,228692,1,1,28.86,0,0,0,0
2016,Missouri,25,8,2508,70009,229792,1,1,23.35,0,0,0,0
2016,Montana,26,1,2601,205919,285358,1,1,41.92,0,0,0,0
2016,Nebraska,27,1,2701,83467,189771,1,1,30.55,0,0,0,0
2016,Nebraska,27,2,2702,137602,141066,1,1,49.38,0,0,0,0
2016,Nebraska,27,3,2703,0,226720,0,1,,1,0,0,0
2016,Nevada,28,1,2801,116537,54174,1,1,68.27,0,0,0,0
2016,Nevada,28,2,2802,115722,182676,1,1,38.78,0,0,0,0
2016,Nevada,28,3,2803,146869,142926,1,1,50.68,0,0,0,0
2016,Nevada,28,4,2804,128985,118328,1,1,52.15,0,0,0,0
2016,New Hampshire,29,1,2901,162080,157176,1,1,50.77,0,0,0,0
2016,New Hampshire,29,2,2902,174371,158825,1,1,52.33,0,0,0,0
2016,New Jersey,30,1,3001,183231,112388,1,1,61.98,0,0,0,0
2016,New Jersey,30,2,3002,110838,176338,1,1,38.6,0,0,0,0
2016,New Jersey,30,3,3003,127526,194596,1,1,39.59,0,0,0,0
2016,New Jersey,30,4,3004,111532,211992,1,1,34.47,0,0,0,0
2016,New Jersey,30,5,3005,172587,157690,1,1,52.26,0,0,0,0
2016,New Jersey,30,6,3006,167895,91908,1,1,64.62,0,0,0,0
2016,New Jersey,30,7,3007,148188,185850,1,1,44.36,0,0,0,0
2016,New Jersey,30,8,3008,134733,32337,1,1,80.64,0,0,0,0
2016,New Jersey,30,9,3009,162642,65376,1,1,71.33,0,0,0,0
2016,New Jersey,30,10,3010,190856,26450,1,1,87.83,0,0,0,0
2016,New Jersey,30,11,3011,130162,194299,1,1,40.12,0,0,0,0
2016,New Jersey,30,12,3012,181430,92407,1,1,66.25,0,0,0,0
2016,New Mexico,31,1,3101,181088,96879,1,1,65.15,0,0,0,0
2016,New Mexico,31,2,3102,85232,143515,1,1,37.26,0,0,0,0
2016,New Mexico,31,3,3103,170612,102730,1,1,62.42,0,0,0,0
2016,New York,32,1,3201,135278,188499,1,1,41.78,0,0,0,0
2016,New York,32,2,3202,110938,181506,1,1,37.93,0,0,0,0
2016,New York,32,3,3203,171775,152304,1,1,53.0,0,0,0,0
2016,New York,32,4,3204,186423,126438,1,1,59.59,0,0,0,0
2016,New York,32,5,3205,199815,30312,1,1,86.83,0,0,0,0
2016,New York,32,6,3206,136506,48645,1,1,73.73,0,0,0,0
2016,New York,32,7,3207,172146,17478,1,1,90.78,0,0,0,0
2016,New York,32,8,3208,214595,0,1,0,,1,0,0,0
2016,New York,32,9,3209,214189,0,1,0,,1,0,0,0
2016,New York,32,10,3210,192371,53014,1,1,78.4,0,0,0,0
2016,New York,32,11,3211,85257,142934,1,1,37.36,0,0,0,0
2016,New York,32,12,3212,244358,49398,1,1,83.18,0,0,0,0
2016,New York,32,13,3213,207194,16089,1,1,92.79,0,0,0,0
2016,New York,32,14,3214,147587,30545,1,1,82.85,0,0,0,0
2016,New York,32,15,3215,165688,6129,1,1,96.43,0,0,0,0
2016,New York,32,16,3216,209857,0,1,0,,1,0,0,0
2016,New York,32,17,3217,214530,0,1,0,,1,0,0,0
2016,New York,32,18,3218,162060,129369,1,1,55.61,0,0,0,0
2016,New York,32,19,3219,141224,166171,1,1,45.94,0,0,0,0
2016,New York,32,20,3220,213021,100738,1,1,67.89,0,0,0,0
2016,New York,32,21,3221,82161,177886,1,1,31.59,0,0,0,0
2016,New York,32,22,3222,114266,129444,1,1,46.89,0,0,0,0
2016,New York,32,23,3223,118584,161050,1,1,42.41,0,0,0,0
2016,New York,32,24,3224,119040,182761,1,1,39.44,0,0,0,0
2016,New York,32,25,3225,182950,142650,1,1,56.19,0,0,0,0
2016,New York,32,26,3226,215289,73377,1,1,74.58,0,0,0,0
2016,New York,32,27,3227,107832,220885,1,1,32.8,0,0,0,0
2016,North Carolina,33,1,3301,240661,101567,1,1,70.32,0,0,0,0
2016,North Carolina,33,2,3302,169082,221485,1,1,43.29,0,0,0,0
2016,North Carolina,33,3,3303,106170,217531,1,1,32.8,0,0,0,0
2016,North Carolina,33,4,3304,279380,130161,1,1,68.22,0,0,0,0
2016,North Carolina,33,5,3305,147887,207625,1,1,41.6,0,0,0,0
2016,North Carolina,33,6,3306,143167,207983,1,1,40.77,0,0,0,0
2016,North Carolina,33,7,3307,135905,211801,1,1,39.09,0,0,0,0
2016,North Carolina,33,8,3308,133182,189863,1,1,41.23,0,0,0,0
2016,North Carolina,33,9,3309,139041,193452,1,1,41.82,0,0,0,0
2016,North Carolina,33,10,3310,128919,220825,1,1,36.86,0,0,0,0
2016,North Carolina,33,11,3311,129103,230405,1,1,35.91,0,0,0,0
2016,North Carolina,33,12,3312,234115,115185,1,1,67.02,0,0,0,0
2016,North Carolina,33,13,3313,156049,199443,1,1,43.9,0,0,0,0
2016,North Dakota,34,1,3401,80377,233980,1,1,25.57,0,0,0,0
2016,Ohio,35,1,3501,144644,210014,1,1,40.78,0,0,0,0
2016,Ohio,35,2,3502,111694,221193,1,1,33.55,0,0,0,0
2016,Ohio,35,3,3503,199791,91560,1,1,68.57,0,0,0,0
2016,Ohio,35,4,3504,98981,210227,1,1,32.01,0,0,0,0
2016,Ohio,35,5,3505,100392,244599,1,1,29.1,0,0,0,0
2016,Ohio,35,6,3506,88780,213975,1,1,29.32,0,0,0,0
2016,Ohio,35,7,3507,89638,198221,1,1,31.14,0,0,0,0
2016,Ohio,35,8,3508,87794,223833,1,1,28.17,0,0,0,0
2016,Ohio,35,9,3509,193966,88427,1,1,68.69,0,0,0,0
2016,Ohio,35,10,3510,109981,215724,1,1,33.77,0,0,0,0
2016,Ohio,35,11,3511,242917,59769,1,1,80.25,0,0,0,0
2016,Ohio,35,12,3512,112638,251266,1,1,30.95,0,0,0,0
2016,Ohio,35,13,3513,208610,99377,1,1,67.73,0,0,0,0
2016,Ohio,35,14,3514,130907,219191,1,1,37.39,0,0,0,0
2016,Ohio,35,15,3515,113960,222847,1,1,33.84,0,0,0,0
2016,Ohio,35,16,3516,119830,225794,1,1,34.67,0,0,0,0
2016,Oklahoma,36,1,3601,0,0,0,0,,1,0,0,0
2016,Oklahoma,36,2,3602,62387,189839,1,1,24.73,0,0,0,0
2016,Oklahoma,36,3,3603,63090,227525,1,1,21.71,0,0,0,0
2016,Oklahoma,36,4,3604,76472,204143,1,1,27.25,0,0,0,0
2016,Oklahoma,36,5,3605,103273,160184,1,1,39.2,0,0,0,0
2016,Oregon,37,1,3701,225391,139756,1,1,61.73,0,0,0,0
2016,Oregon,37,2,3702,106640,272952,1,1,28.09,0,0,0,0
2016,Oregon,37,3,3703,274687,0,1,0,,1,0,0,0
2016,Oregon,37,4,3704,220628,157743,1,1,58.31,0,0,0,0
2016,Oregon,37,5,3705,199505,160443,1,1,55.43,0,0,0,0
2016,Pennsylvania,38,1,3801,245791,53219,1,1,82.2,0,0,0,0
2016,Pennsylvania,38,2,3802,322514,35131,1,1,90.18,0,0,0,0
2016,Pennsylvania,38,3,3803,0,244893,0,1,,1,0,0,0
2016,Pennsylvania,38,4,3804,113372,220628,1,1,33.94,0,0,0,0
2016,Pennsylvania,38,5,3805,101082,206761,1,1,32.84,0,0,0,0
2016,Pennsylvania,38,6,3806,155000,207469,1,1,42.76,0,0,0,0
2016,Pennsylvania,38,7,3807,153824,225678,1,1,40.53,0,0,0,0
2016,Pennsylvania,38,8,3808,173555,207263,1,1,45.57,0,0,0,0
2016,Pennsylvania,38,9,3809,107985,186580,1,1,36.66,0,0,0,0
2016,Pennsylvania,38,10,3810,89823,211282,1,1,29.83,0,0,0,0
2016,Pennsylvania,38,11,3811,113800,199421,1,1,36.33,0,0,0,0
2016,Pennsylvania,38,12,3812,137353,221851,1,1,38.24,0,0,0,0
2016,Pennsylvania,38,13,3813,239316,0,1,0,,1,0,0,0
2016,Pennsylvania,38,14,3814,255293,87999,1,1,74.37,0,0,0,0
2016,Pennsylvania,38,15,3815,124129,190618,1,1,39.44,0,0,0,0
2016,Pennsylvania,38,16,3816,134586,168669,1,1,44.38,0,0,0,0
2016,Pennsylvania,38,17,3817,157734,135430,1,1,53.8,0,0,0,0
2016,Pennsylvania,38,18,3818,0,293684,0,1,,1,0,0,0
2016,Rhode Island,39,1,3901,130534,71023,1,1,64.76,0,0,0,0
2016,Rhode Island,39,2,3902,133108,70301,1,1,65.44,0,0,0,0
2016,South Carolina,40,1,4001,119779,190410,1,1,38.61,0,0,0,0
2016,South Carolina,40,2,4002,109452,183746,1,1,37.33,0,0,0,0
2016,South Carolina,40,3,4003,72933,196325,1,1,27.09,0,0,0,0
2016,South Carolina,40,4,4004,91676,198648,1,1,31.58,0,0,0,0
2016,South Carolina,40,5,4005,105772,161669,1,1,39.55,0,0,0,0
2016,South Carolina,40,6,4006,177947,70099,1,1,71.74,0,0,0,0
2016,South Carolina,40,7,4007,112744,176468,1,1,38.98,0,0,0,0
2016,South Dakota,41,1,4101,132810,237163,1,1,35.9,0,0,0,0
2016,Tennessee,42,1,4201,39024,198293,1,1,16.44,0,0,0,0
2016,Tennessee,42,2,4202,68401,212455,1,1,24.35,0,0,0,0
2016,Tennessee,42,3,4203,76727,176613,1,1,30.29,0,0,0,0
2016,Tennessee,42,4,4204,89141,165796,1,1,34.97,0,0,0,0
2016,Tennessee,42,5,4205,171111,102433,1,1,62.55,0,0,0,0
2016,Tennessee,42,6,4206,61995,202234,1,1,23.46,0,0,0,0
2016,Tennessee,42,7,4207,65226,200407,1,1,24.55,0,0,0,0
2016,Tennessee,42,8,4208,70925,194386,1,1,26.73,0,0,0,0
2016,Tennessee,42,9,4209,171631,41123,1,1,80.67,0,0,0,0
2016,Texas,43,1,4301,62847,192434,1,1,24.62,0,0,0,0
2016,Texas,43,2,4302,100231,168692,1,1,37.27,0,0,0,0
2016,Texas,43,3,4303,109420,193684,1,1,36.1,0,0,0,0
2016,Texas,43,4,4304,0,216643,0,1,,1,0,0,0
2016,Texas,43,5,4305,0,155469,0,1,,1,0,0,0
2016,Texas,43,6,4306,106667,159444,1,1,40.08,0,0,0,0
2016,Texas,43,7,4307,111991,143542,1,1,43.83,0,0,0,0
2016,Texas,43,8,4308,0,236379,0,1,,1,0,0,0
2016,Texas,43,9,4309,152032,36491,1,1,80.64,0,0,0,0
2016,Texas,43,10,4310,120170,179221,1,1,40.14,0,0,0,0
2016,Texas,43,11,4311,0,201871,0,1,,1,0,0,0
2016,Texas,43,12,4312,76029,196482,1,1,27.9,0,0,0,0
2016,Texas,43,13,4313,0,199050,0,1,,1,0,0,0
2016,Texas,43,14,4314,99054,160631,1,1,38.14,0,0,0,0
2016,Texas,43,15,4315,101712,66877,1,1,60.33,0,0,0,0
2016,Texas,43,16,4316,150228,0,1,0,,1,0,0,0
2016,Texas,43,17,4317,86603,149417,1,1,36.69,0,0,0,0
2016,Texas,43,18,4318,150157,48306,1,1,75.66,0,0,0,0
2016,Texas,43,19,4319,0,176314,0,1,,1,0,0,0
2016,Texas,43,20,4320,149640,0,1,0,,1,0,0,0
2016,Texas,43,21,4321,129765,202967,1,1,39.0,0,0,0,0
2016,Texas,43,22,4322,123679,181864,1,1,40.48,0,0,0,0
2016,Texas,43,23,4323,107526,110577,1,1,49.3,0,0,0,0
2016,Texas,43,24,4324,108389,154845,1,1,41.18,0,0,0,0
2016,Texas,43,25,4325,117073,180988,1,1,39.28,0,0,0,0
2016,Texas,43,26,4326,94507,211730,1,1,30.86,0,0,0,0
2016,Texas,43,27,4327,88329,142251,1,1,38.31,0,0,0,0
2016,Texas,43,28,4328,122086,57740,1,1,67.89,0,0,0,0
2016,Texas,43,29,4329,95649,31646,1,1,75.14,0,0,0,0
2016,Texas,43,30,4330,170502,41518,1,1,80.42,0,0,0,0
2016,Texas,43,31,4331,103852,166060,1,1,38.48,0,0,0,0
2016,Texas,43,32,4332,0,162868,0,1,,1,0,0,0
2016,Texas,43,33,4333,93147,33222,1,1,73.71,0,0,0,0
2016,Texas,43,34,4334,104638,62323,1,1,62.67,0,0,0,0
2016,Texas,43,35,4335,124612,62384,1,1,66.64,0,0,0,0
2016,Texas,43,36,4336,0,193675,0,1,,1,0,0,0
2016,Utah,44,1,4401,73380,182925,1,1,28.63,0,0,0,0
2016,Utah,44,2,4402,93778,170524,1,1,35.48,0,0,0,0
2016,Utah,44,3,4403,75716,209589,1,1,26.54,0,0,0,0
2016,Utah,44,4,4404,113413,147597,1,1,43.45,0,0,0,0
2016,Vermont,45,1,4501,264414,0,1,0,,1,0,0,0
2016,Virginia,46,1,4601,140785,230213,1,1,37.95,0,0,0,0
2016,Virginia,46,2,4602,119440,190475,1,1,38.54,0,0,0,0
2016,Virginia,46,3,4603,208337,103289,1,1,66.85,0,0,0,0
2016,Virginia,46,4,4604,200136,145731,1,1,57.87,0,0,0,0
2016,Virginia,46,5,4605,148339,207758,1,1,41.66,0,0,0,0
2016,Virginia,46,6,4606,112170,225471,1,1,33.22,0,0,0,0
2016,Virginia,46,7,4607,160159,218057,1,1,42.35,0,0,0,0
2016,Virginia,46,8,4608,246653,98387,1,1,71.49,0,0,0,0
2016,Virginia,46,9,4609,87877,212838,1,1,29.22,0,0,0,0
2016,Virginia,46,10,4610,187712,210791,1,1,47.1,0,0,0,0
2016,Virginia,46,11,4611,247818,0,1,0,,1,0,0,0
2016,Washington,47,1,4701,193619,155779,1,1,55.42,0,0,0,0
2016,Washington,47,2,4702,208314,117094,1,1,64.02,0,0,0,0
2016,Washington,47,3,4703,119820,193457,1,1,38.25,0,0,0,0
2016,Washington,47,4,4704,0,229919,0,2,,0,1,0,0
2016,Washington,47,5,4705,130575,192959,1,1,40.36,0,0,0,0
2016,Washington,47,6,4706,201718,126116,1,1,61.53,0,0,0,0
2016,Washington,47,7,4707,378754,0,2,0,,0,1,0,0
2016,Washington,47,8,4708,127720,193145,1,1,39.8,0,0,0,0
2016,Washington,47,9,4709,205165,76317,1,1,72.89,0,0,0,0
2016,Washington,47,10,4710,170460,120104,1,1,58.67,0,0,0,0
2016,West Virginia,48,1,4801,73534,163469,1,1,31.03,0,0,0,0
2016,West Virginia,48,2,4802,101207,140807,1,1,41.82,0,0,0,0
2016,West Virginia,48,3,4803,49708,140741,1,1,26.1,0,0,0,0
2016,Wisconsin,49,1,4901,107003,230072,1,1,31.74,0,0,0,0
2016,Wisconsin,49,2,4902,273537,124044,1,1,68.8,0,0,0,0
2016,Wisconsin,49,3,4903,257401,0,1,0,,1,0,0,0
2016,Wisconsin,49,4,4904,220181,0,1,0,,1,0,0,0
2016,Wisconsin,49,5,4905,114477,260706,1,1,30.51,0,0,0,0
2016,Wisconsin,49,6,4906,133072,204147,1,1,39.46,0,0,0,0
2016,Wisconsin,49,7,4907,138643,223418,1,1,38.29,0,0,0,0
2016,Wisconsin,49,8,4908,135682,227892,1,1,37.32,0,0,0,0
2016,Wyoming,50,1,5001,75466,156176,1,1,32.58,0,0,0,0
2018,Alabama,1,1,101,89226,153228,1,1,36.8,0,0,0,0
2018,Alabama,1,2,102,86931,138879,1,1,38.5,0,0,0,0
2018,Alabama,1,3,103,83996,147770,1,1,36.24,0,0,0,0
2018,Alabama,1,4,104,46492,184255,1,1,20.15,0,0,0,0
2018,Alabama,1,5,105,101388,159063,1,1,38.93,0,0,0,0
2018,Alabama,1,6,106,85644,192542,1,1,30.79,0,0,0,0
2018,Alabama,1,7,107,185010,0,1,0,,1,0,0,0
2018,Alaska,2,1,201,131199,149779,1,1,46.69,0,0,0,0
2018,Arizona,3,1,301,143240,122784,1,1,53.84,0,0,0,0
2018,Arizona,3,2,302,161000,133083,1,1,54.75,0,0,0,0
2018,Arizona,3,3,303,114650,64868,1,1,63.87,0,0,0,0
2018,Arizona,3,4,304,84521,188842,1,1,30.92,0,0,0,0
2018,Arizona,3,5,305,127027,186037,1,1,40.58,0,0,0,0
2018,Arizona,3,6,306,140559,173140,1,1,44.81,0,0,0,0
2018,Arizona,3,7,307,113044,0,1,0,,1,0,0,0
2018,Arizona,3,8,308,135569,168835,1,1,44.54,0,0,0,0
2018,Arizona,3,9,309,159583,101662,1,1,61.09,0,0,0,0
2018,Arkansas,4,1,401,57907,138757,1,1,29.44,0,0,0,0
2018,Arkansas,4,2,402,116135,132125,1,1,46.78,0,0,0,0
2018,Arkansas,4,3,403,74952,148717,1,1,33.51,0,0,0,0
2018,Arkansas,4,4,404,63984,136740,1,1,31.88,0,0,0,0
2018,California,5,1,501,131548,160046,1,1,45.11,0,0,0,0
2018,California,5,2,502,243081,72576,1,1,77.01,0,0,0,0
2018,California,5,3,503,134875,97376,1,1,58.07,0,0,0,0
2018,California,5,4,504,156253,184401,1,1,45.87,0,0,0,0
2018,California,5,5,505,205860,0,1,0,,1,0,0,0
2018,California,5,6,506,201939,0,2,0,,0,1,0,0
2018,California,5,7,507,155016,126601,1,1,55.04,0,0,0,0
2018,California,5,8,508,0,170785,0,2,,0,1,0,0
2018,California,5,9,509,113414,87349,1,1,56.49,0,0,0,0
2018,California,5,10,510,115945,105955,1,1,52.25,0,0,0,0
2018,California,5,11,511,204369,71312,1,1,74.13,0,0,0,0
2018,California,5,12,512,275292,41780,1,1,86.82,0,0,0,0
2018,California,5,13,513,260580,0,1,0,,1,0,0,0
2018,California,5,14,514,211384,55439,1,1,79.22,0,0,0,0
2018,California,5,15,515,177989,65940,1,1,72.97,0,0,0,0
2018,California,5,16,516,82266,60693,1,1,57.55,0,0,0,0
2018,California,5,17,517,159105,52057,1,1,75.35,0,0,0,0
2018,California,5,18,518,225142,77096,1,1,74.49,0,0,0,0
2018,California,5,19,519,162496,57823,1,1,73.75,0,0,0,0
2018,California,5,20,520,183677,0,1,0,,1,0,0,0
2018,California,5,21,521,57239,56377,1,1,50.38,0,0,0,0
2018,California,5,22,522,105136,117243,1,1,47.28,0,0,0,0
2018,California,5,23,523,74661,131113,1,1,36.28,0,0,0,0
2018,California,5,24,524,166550,117881,1,1,58.56,0,0,0,0
2018,California,5,25,525,133209,111813,1,1,54.37,0,0,0,0
2018,California,5,26,526,158216,97210,1,1,61.94,0,0,0,0
2018,California,5,27,527,202636,0,2,0,,0,1,0,0
2018,California,5,28,528,196662,54272,1,1,78.37,0,0,0,0
2018,California,5,29,529,124697,29995,1,1,80.61,0,0,0,0
2018,California,5,30,530,191573,69420,1,1,73.4,0,0,0,0
2018,California,5,31,531,110143,77352,1,1,58.74,0,0,0,0
2018,California,5,32,532,121759,55272,1,1,68.78,0,0,0,0
2018,California,5,33,533,219091,93769,1,1,70.03,0,0,0,0
2018,California,5,34,534,110195,0,1,0,,1,0,0,0
2018,California,5,35,535,103420,45604,1,1,69.4,0,0,0,0
2018,California,5,36,536,122169,84839,1,1,59.02,0,0,0,0
2018,California,5,37,537,210555,25823,1,1,89.08,0,0,0,0
2018,California,5,38,538,139188,62968,1,1,68.85,0,0,0,0
2018,California,5,39,539,126002,118391,1,1,51.56,0,0,0,0
2018,California,5,40,540,93938,0,1,0,,1,0,0,0
2018,California,5,41,541,108227,58021,1,1,65.1,0,0,0,0
2018,California,5,42,542,100892,131040,1,1,43.5,0,0,0,0
2018,California,5,43,543,152272,43780,1,1,77.67,0,0,0,0
2018,California,5,44,544,143322,0,2,0,,0,1,0,0
2018,California,5,45,545,158906,146383,1,1,52.05,0,0,0,0
2018,California,5,46,546,102278,45638,1,1,69.15,0,0,0,0
2018,California,5,47,547,143354,77682,1,1,64.86,0,0,0,0
2018,California,5,48,548,157837,136899,1,1,53.55,0,0,0,0
2018,California,5,49,549,166453,128577,1,1,56.42,0,0,0,0
2018,California,5,50,550,125448,134362,1,1,48.28,0,0,0,0
2018,California,5,51,551,109527,44301,1,1,71.2,0,0,0,0
2018,California,5,52,552,188992,107015,1,1,63.85,0,0,0,0
2018,California,5,53,553,185667,83127,1,1,69.07,0,0,0,0
2018,Colorado,6,1,601,272886,85207,1,1,76.21,0,0,0,0
2018,Colorado,6,2,602,259608,144901,1,1,64.18,0,0,0,0
2018,Colorado,6,3,603,146426,173205,1,1,45.81,0,0,0,0
2018,Colorado,6,4,604,145544,224038,1,1,39.38,0,0,0,0
2018,Colorado,6,5,605,126848,184002,1,1,40.81,0,0,0,0
2018,Colorado,6,6,606,187639,148685,1,1,55.79,0,0,0,0
2018,Colorado,6,7,607,204260,119734,1,1,63.04,0,0,0,0
2018,Connecticut,7,1,701,175087,96024,1,1,64.58,0,0,0,0
2018,Connecticut,7,2,702,179731,102483,1,1,63.69,0,0,0,0
2018,Connecticut,7,3,703,174572,95667,1,1,64.6,0,0,0,0
2018,Connecticut,7,4,704,168726,106921,1,1,61.21,0,0,0,0
2018,Connecticut,7,5,705,151225,119426,1,1,55.87,0,0,0,0
2018,Delaware,8,1,801,227353,125384,1,1,64.45,0,0,0,0
2018,Florida,9,1,901,106199,216189,1,1,32.94,0,0,0,0
2018,Florida,9,2,902,96233,199335,1,1,32.56,0,0,0,0
2018,Florida,9,3,903,129880,176616,1,1,42.38,0,0,0,0
2018,Florida,9,4,904,123351,248420,1,1,33.18,0,0,0,0
2018,Florida,9,5,905,180527,89799,1,1,66.78,0,0,0,0
2018,Florida,9,6,906,145758,187891,1,1,43.69,0,0,0,0
2018,Florida,9,7,907,183113,134285,1,1,57.69,0,0,0,0
2018,Florida,9,8,908,142415,218112,1,1,39.5,0,0,0,0
2018,Florida,9,9,909,172172,124565,1,1,58.02,0,0,0,0
2018,Florida,9,10,910,0,0,0,0,,1,0,0,0
2018,Florida,9,11,911,128053,239395,1,1,34.85,0,0,0,0
2018,Florida,9,12,912,132844,194564,1,1,40.57,0,0,0,0
2018,Florida,9,13,913,182717,134254,1,1,57.64,0,0,0,0
2018,Florida,9,14,914,0,0,0,0,,1,0,0,0
2018,Florida,9,15,915,134132,151380,1,1,46.98,0,0,0,0
2018,Florida,9,16,916,164463,197483,1,1,45.44,0,0,0,0
2018,Florida,9,17,917,117194,193326,1,1,37.74,0,0,0,0
2018,Florida,9,18,918,156454,185905,1,1,45.7,0,0,0,0
2018,Florida,9,19,919,128106,211465,1,1,37.73,0,0,0,0
2018,Florida,9,20,920,202659,0,1,0,,1,0,0,0
2018,Florida,9,21,921,0,0,0,0,,1,0,0,0
2018,Florida,9,22,922,184634,113049,1,1,62.02,0,0,0,0
2018,Florida,9,23,923,161611,99446,1,1,61.91,0,0,0,0
2018,Florida,9,24,924,0,0,0,0,,1,0,0,0
2018,Florida,9,25,925,84173,128672,1,1,39.55,0,0,0,0
2018,Florida,9,26,926,119797,115678,1,1,50.87,0,0,0,0
2018,Florida,9,27,927,130743,115588,1,1,53.08,0,0,0,0
2018,Georgia,10,1,1001,105942,144741,1,1,42.26,0,0,0,0
2018,Georgia,10,2,1002,136699,92472,1,1,59.65,0,0,0,0
2018,Georgia,10,3,1003,101010,191996,1,1,34.47,0,0,0,0
2018,Georgia,10,4,1004,227717,61092,1,1,78.85,0,0,0,0
2018,Georgia,10,5,1005,275406,0,1,0,,1,0,0,0
2018,Georgia,10,6,1006,160139,156875,1,1,50.51,0,0,0,0
2018,Georgia,10,7,1007,140011,140430,1,1,49.93,0,0,0,0
2018,Georgia,10,8,1008,0,198152,0,1,,1,0,0,0
2018,Georgia,10,9,1009,57912,224661,1,1,20.49,0,0,0,0
2018,Georgia,10,10,1010,112339,190396,1,1,37.11,0,0,0,0
2018,Georgia,10,11,1011,118653,191887,1,1,38.21,0,0,0,0
2018,Georgia,10,12,1012,101503,148986,1,1,40.52,0,0,0,0
2018,Georgia,10,13,1013,223157,69760,1,1,76.18,0,0,0,0
2018,Georgia,10,14,1014,53981,175743,1,1,23.5,0,0,0,0
2018,Hawaii,11,1,1101,134650,42498,1,1,76.01,0,0,0,0
2018,Hawaii,11,2,1102,153271,44850,1,1,77.36,0,0,0,0
2018,Idaho,12,1,1201,96922,197719,1,1,32.89,0,0,0,0
2018,Idaho,12,2,1202,110381,170274,1,1,39.33,0,0,0,0
2018,Illinois,13,1,1301,189560,50960,1,1,78.81,0,0,0,0
2018,Illinois,13,2,1302,190684,44567,1,1,81.06,0,0,0,0
2018,Illinois,13,3,1303,163053,57885,1,1,73.8,0,0,0,0
2018,Illinois,13,4,1304,143895,22294,1,1,86.59,0,0,0,0
2018,Illinois,13,5,1305,213992,65134,1,1,76.67,0,0,0,0
2018,Illinois,13,6,1306,169001,146445,1,1,53.58,0,0,0,0
2018,Illinois,13,7,1307,215746,30497,1,1,87.62,0,0,0,0
2018,Illinois,13,8,1308,130054,67073,1,1,65.97,0,0,0,0
2018,Illinois,13,9,1309,213368,76983,1,1,73.49,0,0,0,0
2018,Illinois,13,10,1310,156540,82124,1,1,65.59,0,0,0,0
2018,Illinois,13,11,1311,145407,82358,1,1,63.84,0,0,0,0
2018,Illinois,13,12,1312,118724,134884,1,1,46.81,0,0,0,0
2018,Illinois,13,13,1313,134458,136516,1,1,49.62,0,0,0,0
2018,Illinois,13,14,1314,156035,141164,1,1,52.5,0,0,0,0
2018,Illinois,13,15,1315,74309,181294,1,1,29.07,0,0,0,0
2018,Illinois,13,16,1316,104569,151254,1,1,40.88,0,0,0,0
2018,Illinois,13,17,1317,142659,87090,1,1,62.09,0,0,0,0
2018,Illinois,13,18,1318,95486,195927,1,1,32.77,0,0,0,0
2018,Indiana,14,1,1401,159611,85594,1,1,65.09,0,0,0,0
2018,Indiana,14,2,1402,103363,125499,1,1,45.16,0,0,0,0
2018,Indiana,14,3,1403,86610,158927,1,1,35.27,0,0,0,0
2018,Indiana,14,4,1404,87824,156539,1,1,35.94,0,0,0,0
2018,Indiana,14,5,1405,137142,180035,1,1,43.24,0,0,0,0
2018,Indiana,14,6,1406,79430,154260,1,1,33.99,0,0,0,0
2018,Indiana,14,7,1407,141139,76457,1,1,64.86,0,0,0,0
2018,Indiana,14,8,1408,86895,157396,1,1,35.57,0,0,0,0
2018,Indiana,14,9,1409,118090,153271,1,1,43.52,0,0,0,0
2018,Iowa,15,1,1501,170342,153442,1,1,52.61,0,0,0,0
2018,Iowa,15,2,1502,171446,133287,1,1,56.26,0,0,0,0
2018,Iowa,15,3,1503,175642,167933,1,1,51.12,0,0,0,0
2018,Iowa,15,4,1504,147246,157676,1,1,48.29,0,0,0,0
2018,Kansas,16,1,1601,71558,153082,1,1,31.85,0,0,0,0
2018,Kansas,16,2,1602,123859,126098,1,1,49.55,0,0,0,0
2018,Kansas,16,3,1603,170518,139762,1,1,54.96,0,0,0,0
2018,Kansas,16,4,1604,98445,144248,1,1,40.56,0,0,0,0
2018,Kentucky,17,1,1701,78849,172167,1,1,31.41,0,0,0,0
2018,Kentucky,17,2,1702,79964,171700,1,1,31.77,0,0,0,0
2018,Kentucky,17,3,1703,173002,101930,1,1,62.93,0,0,0,0
2018,Kentucky,17,4,1704,90536,162946,1,1,35.72,0,0,0,0
2018,Kentucky,17,5,1705,45890,172093,1,1,21.05,0,0,0,0
2018,Kentucky,17,6,1706,144736,154468,1,1,48.37,0,0,0,0
2018,Louisiana,18,1,1801,71521,192555,3,1,27.08,0,0,1,1
2018,Louisiana,18,2,1802,190182,0,1,0,,1,0,1,1
2018,Louisiana,18,3,1803,74713,168263,4,2,30.75,0,0,1,1
2018,Louisiana,18,4,1804,72934,139326,1,1,34.36,0,0,1,1
2018,Louisiana,18,5,1805,67118,149018,1,1,31.05,0,0,1,1
2018,Louisiana,18,6,1806,76716,186553,2,1,29.14,0,0,1,1
2018,Maine,19,1,1901,201195,111188,1,1,64.41,0,0,0,0
2018,Maine,19,2,1902,142440,138931,1,1,50.62,0,0,0,0
2018,Maryland,20,1,2001,116631,183662,1,1,38.84,0,0,0,0
2018,Maryland,20,2,2002,167201,77782,1,1,68.25,0,0,0,0
2018,Maryland,20,3,2003,202407,82774,1,1,70.97,0,0,0,0
2018,Maryland,20,4,2004,209642,53327,1,1,79.72,0,0,0,0
2018,Maryland,20,5,2005,213796,82361,1,1,72.19,0,0,0,0
2018,Maryland,20,6,2006,163346,105209,1,1,60.82,0,0,0,0
2018,Maryland,20,7,2007,202345,56266,1,1,78.24,0,0,0,0
2018,Maryland,20,8,2008,217679,96525,1,1,69.28,0,0,0,0
2018,Massachusetts,21,1,2101,211790,0,1,0,,1,0,0,0
2018,Massachusetts,21,2,2102,191332,93391,1,1,67.2,0,0,0,0
2018,Massachusetts,21,3,2103,173175,93445,1,1,64.95,0,0,0,0
2018,Massachusetts,21,4,2104,245289,0,1,0,,1,0,0,0
2018,Massachusetts,21,5,2105,236243,74856,1,1,75.94,0,0,0,0
2018,Massachusetts,21,6,2106,217703,104798,1,1,67.5,0,0,0,0
2018,Massachusetts,21,7,2107,216557,0,1,0,,1,0,0,0
2018,Massachusetts,21,8,2108,259159,0,1,0,,1,0,0,0
2018,Massachusetts,21,9,2109,192347,131463,1,1,59.4,0,0,0,0
2018,Michigan,22,1,2201,145246,187251,1,1,43.68,0,0,0,0
2018,Michigan,22,2,2202,131254,168970,1,1,43.72,0,0,0,0
2018,Michigan,22,3,2203,134185,169107,1,1,44.24,0,0,0,0
2018,Michigan,22,4,2204,106540,178510,1,1,37.38,0,0,0,0
2018,Michigan,22,5,2205,164502,99265,1,1,62.37,0,0,0,0
2018,Michigan,22,6,2206,134082,147436,1,1,47.63,0,0,0,0
2018,Michigan,22,7,2207,136330,158730,1,1,46.2,0,0,0,0
2018,Michigan,22,8,2208,172880,159782,1,1,51.97,0,0,0,0
2018,Michigan,22,9,2209,181734,112123,1,1,61.84,0,0,0,0
2018,Michigan,22,10,2210,106061,182808,1,1,36.72,0,0,0,0
2018,Michigan,22,11,2211,181912,158463,1,1,53.44,0,0,0,0
2018,Michigan,22,12,2212,200588,85115,1,1,70.21,0,0,0,0
2018,Michigan,22,13,2213,165355,0,1,0,,1,0,0,0
2018,Michigan,22,14,2214,214334,45899,1,1,82.36,0,0,0,0
2018,Minnesota,23,1,2301,144885,146200,1,1,49.77,0,0,0,0
2018,Minnesota,23,2,2302,177958,159344,1,1,52.76,0,0,0,0
2018,Minnesota,23,3,2303,202404,160839,1,1,55.72,0,0,0,0
2018,Minnesota,23,4,2304,216865,97747,1,1,68.93,0,0,0,0
2018,Minnesota,23,5,2305,267703,74440,1,1,78.24,0,0,0,0
2018,Minnesota,23,6,2306,122332,192931,1,1,38.8,0,0,0,0
2018,Minnesota,23,7,2307,146672,134668,1,1,52.13,0,0,0,0
2018,Minnesota,23,8,2308,141950,159364,1,1,47.11,0,0,0,0
2018,Mississippi,24,1,2401,76601,158245,1,1,32.62,0,0,0,0
2018,Mississippi,24,2,2402,158921,0,1,0,,1,0,0,0
2018,Mississippi,24,3,2403,94461,160284,1,1,37.08,0,0,0,0
2018,Mississippi,24,4,2404,68787,152633,1,1,31.07,0,0,0,0
2018,Missouri,25,1,2501,219781,45867,1,1,82.73,0,0,0,0
2018,Missouri,25,2,2502,177611,192477,1,1,47.99,0,0,0,0
2018,Missouri,25,3,2503,106589,211243,1,1,33.54,0,0,0,0
2018,Missouri,25,4,2504,95968,190138,1,1,33.54,0,0,0,0
2018,Missouri,25,5,2505,175019,101069,1,1,63.39,0,0,0,0
2018,Missouri,25,6,2506,97660,199796,1,1,32.83,0,0,0,0
2018,Missouri,25,7,2507,89190,196343,1,1,31.24,0,0,0,0
2018,Missouri,25,8,2508,66151,194042,1,1,25.42,0,0,0,0
2018,Montana,26,1,2601,233284,256661,1,1,47.61,0,0,0,0
2018,Nebraska,27,1,2701,93069,141712,1,1,39.64,0,0,0,0
2018,Nebraska,27,2,2702,121770,126715,1,1,49.0,0,0,0,0
2018,Nebraska,27,3,2703,49654,163650,1,1,23.28,0,0,0,0
2018,Nevada,28,1,2801,100707,46978,1,1,68.19,0,0,0,0
2018,Nevada,28,2,2802,120102,167435,1,1,41.77,0,0,0,0
2018,Nevada,28,3,2803,148501,122566,1,1,54.78,0,0,0,0
2018,Nevada,28,4,2804,121962,102748,1,1,54.28,0,0,0,0
2018,New Hampshire,29,1,2901,155884,130996,1,1,54.34,0,0,0,0
2018,New Hampshire,29,2,2902,155358,117990,1,1,56.84,0,0,0,0
2018,New Jersey,30,1,3001,169628,87617,1,1,65.94,0,0,0,0
2018,New Jersey,30,2,3002,136685,116866,1,1,53.91,0,0,0,0
2018,New Jersey,30,3,3003,153473,149500,1,1,50.66,0,0,0,0
2018,New Jersey,30,4,3004,126766,163065,1,1,43.74,0,0,0,0
2018,New Jersey,30,5,3005,169546,128255,1,1,56.93,0,0,0,0
2018,New Jersey,30,6,3006,140752,80443,1,1,63.63,0,0,0,0
2018,New Jersey,30,7,3007,166985,150785,1,1,52.55,0,0,0,0
2018,New Jersey,30,8,3008,119881,28725,1,1,80.67,0,0,0,0
2018,New Jersey,30,9,3009,140832,57854,1,1,70.88,0,0,0,0
2018,New Jersey,30,10,3010,175253,20191,1,1,89.67,0,0,0,0
2018,New Jersey,30,11,3011,183684,136322,1,1,57.4,0,0,0,0
2018,New Jersey,30,12,3012,173334,79041,1,1,68.68,0,0,0,0
2018,New Mexico,31,1,3101,147336,90507,1,1,61.95,0,0,0,0
2018,New Mexico,31,2,3102,101489,97767,1,1,50.93,0,0,0,0
2018,New Mexico,31,3,3103,155201,76427,1,1,67.0,0,0,0,0
2018,New York,32,1,3201,127991,139027,1,1,47.93,0,0,0,0
2018,New York,32,2,3202,113074,128078,1,1,46.89,0,0,0,0
2018,New York,32,3,3203,157456,109514,1,1,58.98,0,0,0,0
2018,New York,32,4,3204,159535,100571,1,1,61.33,0,0,0,0
2018,New York,32,5,3205,160500,0,1,0,,1,0,0,0
2018,New York,32,6,3206,111646,0,1,0,,1,0,0,0
2018,New York,32,7,3207,146687,0,1,0,,1,0,0,0
2018,New York,32,8,3208,180376,0,1,0,,1,0,0,0
2018,New York,32,9,3209,181455,20901,1,1,89.67,0,0,0,0
2018,New York,32,10,3210,173095,37619,1,1,82.15,0,0,0,0
2018,New York,32,11,3211,101823,89441,1,1,53.24,0,0,0,0
2018,New York,32,12,3212,217430,30446,1,1,87.72,0,0,0,0
2018,New York,32,13,3213,180035,10268,1,1,94.6,0,0,0,0
2018,New York,32,14,3214,110318,19202,1,1,85.17,0,0,0,0
2018,New York,32,15,3215,124469,5205,1,1,95.99,0,0,0,0
2018,New York,32,16,3216,182044,0,1,0,,1,0,0,0
2018,New York,32,17,3217,170168,0,1,0,,1,0,0,0
2018,New York,32,18,3218,139564,112035,1,1,55.47,0,0,0,0
2018,New York,32,19,3219,147873,132873,1,1,52.67,0,0,0,0
2018,New York,32,20,3220,176811,89058,1,1,66.5,0,0,0,0
2018,New York,32,21,3221,99791,131981,1,1,43.06,0,0,0,0
2018,New York,32,22,3222,127715,123242,1,1,50.89,0,0,0,0
2018,New York,32,23,3223,109932,130323,1,1,45.76,0,0,0,0
2018,New York,32,24,3224,123226,136920,1,1,47.37,0,0,0,0
2018,New York,32,25,3225,159244,110736,1,1,58.98,0,0,0,0
2018,New York,32,26,3226,169166,61488,1,1,73.34,0,0,0,0
2018,New York,32,27,3227,139059,140146,1,1,49.81,0,0,0,0
2018,North Carolina,33,1,3301,190457,82218,1,1,69.85,0,0,0,0
2018,North Carolina,33,2,3302,151977,170072,1,1,47.19,0,0,0,0
2018,North Carolina,33,3,3303,0,187901,0,1,,1,0,0,0
2018,North Carolina,33,4,3304,247067,82052,1,1,75.07,0,0,0,0
2018,North Carolina,33,5,3305,120468,159917,1,1,42.97,0,0,0,0
2018,North Carolina,33,6,3306,123651,160709,1,1,43.48,0,0,0,0
2018,North Carolina,33,7,3307,120838,156809,1,1,43.52,0,0,0,0
2018,North Carolina,33,8,3308,114119,141402,1,1,44.66,0,0,0,0
2018,North Carolina,33,9,3309,0,0,0,0,,1,0,0,0
2018,North Carolina,33,10,3310,113259,164969,1,1,40.71,0,0,0,0
2018,North Carolina,33,11,3311,116508,178012,1,1,39.56,0,0,0,0
2018,North Carolina,33,12,3312,203974,75164,1,1,73.07,0,0,0,0
2018,North Carolina,33,13,3313,130402,147570,1,1,46.91,0,0,0,0
2018,North Dakota,34,1,3401,114377,193568,1,1,37.14,0,0,0,0
2018,Ohio,35,1,3501,141118,154409,1,1,47.75,0,0,0,0
2018,Ohio,35,2,3502,119333,166714,1,1,41.72,0,0,0,0
2018,Ohio,35,3,3503,181575,65040,1,1,73.63,0,0,0,0
2018,Ohio,35,4,3504,89412,167993,1,1,34.74,0,0,0,0
2018,Ohio,35,5,3505,99655,176569,1,1,36.08,0,0,0,0
2018,Ohio,35,6,3506,76716,172774,1,1,30.75,0,0,0,0
2018,Ohio,35,7,3507,107536,153117,1,1,41.26,0,0,0,0
2018,Ohio,35,8,3508,87281,173852,1,1,33.42,0,0,0,0
2018,Ohio,35,9,3509,157219,74670,1,1,67.8,0,0,0,0
2018,Ohio,35,10,3510,118785,157554,1,1,42.99,0,0,0,0
2018,Ohio,35,11,3511,206138,44486,1,1,82.25,0,0,0,0
2018,Ohio,35,12,3512,161251,175677,1,1,47.86,0,0,0,0
2018,Ohio,35,13,3513,153323,98047,1,1,60.99,0,0,0,0
2018,Ohio,35,14,3514,137549,169809,1,1,44.75,0,0,0,0
2018,Ohio,35,15,3515,116112,170593,1,1,40.5,0,0,0,0
2018,Ohio,35,16,3516,129681,170029,1,1,43.27,0,0,0,0
2018,Oklahoma,36,1,3601,103042,150129,1,1,40.7,0,0,0,0
2018,Oklahoma,36,2,3602,65021,140451,1,1,31.64,0,0,0,0
2018,Oklahoma,36,3,3603,61152,172913,1,1,26.13,0,0,0,0
2018,Oklahoma,36,4,3604,78088,149227,1,1,34.35,0,0,0,0
2018,Oklahoma,36,5,3605,121149,117811,1,1,50.7,0,0,0,0
2018,Oregon,37,1,3701,231198,116446,1,1,66.5,0,0,0,0
2018,Oregon,37,2,3702,145298,207597,1,1,41.17,0,0,0,0
2018,Oregon,37,3,3703,279019,76187,1,1,78.55,0,0,0,0
2018,Oregon,37,4,3704,208710,152414,1,1,57.79,0,0,0,0
2018,Oregon,37,5,3705,197187,149887,1,1,56.81,0,0,0,0
2018,Pennsylvania,38,1,3801,160745,169053,1,1,48.74,0,0,0,0
2018,Pennsylvania,38,2,3802,159600,42382,1,1,79.02,0,0,0,0
2018,Pennsylvania,38,3,3803,287610,20387,1,1,93.38,0,0,0,0
2018,Pennsylvania,38,4,3804,211524,121467,1,1,63.52,0,0,0,0
2018,Pennsylvania,38,5,3805,198639,106075,1,1,65.19,0,0,0,0
2018,Pennsylvania,38,6,3806,177704,124124,1,1,58.88,0,0,0,0
2018,Pennsylvania,38,7,3807,140813,114437,1,1,55.17,0,0,0,0
2018,Pennsylvania,38,8,3808,135603,112563,1,1,54.64,0,0,0,0
2018,Pennsylvania,38,9,3809,100204,148723,1,1,40.25,0,0,0,0
2018,Pennsylvania,38,10,3810,141668,149365,1,1,48.68,0,0,0,0
2018,Pennsylvania,38,11,3811,113876,163708,1,1,41.02,0,0,0,0
2018,Pennsylvania,38,12,3812,82825,161047,1,1,33.96,0,0,0,0
2018,Pennsylvania,38,13,3813,74733,178533,1,1,29.51,0,0,0,0
2018,Pennsylvania,38,14,3814,110051,151386,1,1,42.09,0,0,0,0
2018,Pennsylvania,38,15,3815,78327,165245,1,1,32.16,0,0,0,0
2018,Pennsylvania,38,16,3816,124109,135348,1,1,47.83,0,0,0,0
2018,Pennsylvania,38,17,3817,183162,142417,1,1,56.26,0,0,0,0
2018,Pennsylvania,38,18,3818,231472,0,1,0,,1,0,0,0
2018,Rhode Island,39,1,3901,116099,57567,1,1,66.85,0,0,0,0
2018,Rhode Island,39,2,3902,126476,72271,1,1,63.64,0,0,0,0
2018,South Carolina,40,1,4001,145455,141473,1,1,50.69,0,0,0,0
2018,South Carolina,40,2,4002,109199,144642,1,1,43.02,0,0,0,0
2018,South Carolina,40,3,4003,70046,153338,1,1,31.36,0,0,0,0
2018,South Carolina,40,4,4004,89182,145321,1,1,38.03,0,0,0,0
2018,South Carolina,40,5,4005,103129,141757,1,1,42.11,0,0,0,0
2018,South Carolina,40,6,4006,144765,58282,1,1,71.3,0,0,0,0
2018,South Carolina,40,7,4007,96564,142681,1,1,40.36,0,0,0,0
2018,South Dakota,41,1,4101,121033,202695,1,1,37.39,0,0,0,0
2018,Tennessee,42,1,4201,47138,172835,1,1,21.43,0,0,0,0
2018,Tennessee,42,2,4202,86668,172856,1,1,33.39,0,0,0,0
2018,Tennessee,42,3,4203,84731,156512,1,1,35.12,0,0,0,0
2018,Tennessee,42,4,4204,78065,147323,1,1,34.64,0,0,0,0
2018,Tennessee,42,5,4205,177923,84317,1,1,67.85,0,0,0,0
2018,Tennessee,42,6,4206,70370,172810,1,1,28.94,0,0,0,0
2018,Tennessee,42,7,4207,81661,170071,1,1,32.44,0,0,0,0
2018,Tennessee,42,8,4208,74755,168030,1,1,30.79,0,0,0,0
2018,Tennessee,42,9,4209,145139,34901,1,1,80.61,0,0,0,0
2018,Texas,43,1,4301,61263,168165,1,1,26.7,0,0,0,0
2018,Texas,43,2,4302,119992,139188,1,1,46.3,0,0,0,0
2018,Texas,43,3,4303,138234,169520,1,1,44.92,0,0,0,0
2018,Texas,43,4,4304,57400,188667,1,1,23.33,0,0,0,0
2018,Texas,43,5,4305,78666,130617,1,1,37.59,0,0,0,0
2018,Texas,43,6,4306,116350,135961,1,1,46.11,0,0,0,0
2018,Texas,43,7,4307,127959,115642,1,1,52.53,0,0,0,0
2018,Texas,43,8,4308,67930,200619,1,1,25.3,0,0,0,0
2018,Texas,43,9,4309,136256,0,1,0,,1,0,0,0
2018,Texas,43,10,4310,144034,157166,1,1,47.82,0,0,0,0
2018,Texas,43,11,4311,40631,176603,1,1,18.7,0,0,0,0
2018,Texas,43,12,4312,90994,172557,1,1,34.53,0,0,0,0
2018,Texas,43,13,4313,35083,169027,1,1,17.19,0,0,0,0
2018,Texas,43,14,4314,92212,138942,1,1,39.89,0,0,0,0
2018,Texas,43,15,4315,98333,63862,1,1,60.63,0,0,0,0
2018,Texas,43,16,4316,124437,49127,1,1,71.7,0,0,0,0
2018,Texas,43,17,4317,98070,134841,1,1,42.11,0,0,0,0
2018,Texas,43,18,4318,138704,38368,1,1,78.33,0,0,0,0
2018,Texas,43,19,4319,50039,151946,1,1,24.77,0,0,0,0
2018,Texas,43,20,4320,139038,0,1,0,,1,0,0,0
2018,Texas,43,21,4321,168421,177654,1,1,48.67,0,0,0,0
2018,Texas,43,22,4322,138153,152750,1,1,47.49,0,0,0,0
2018,Texas,43,23,4323,102359,103285,1,1,49.77,0,0,0,0
2018,Texas,43,24,4324,125231,133317,1,1,48.44,0,0,0,0
2018,Texas,43,25,4325,136385,163023,1,1,45.55,0,0,0,0
2018,Texas,43,26,4326,121938,185551,1,1,39.66,0,0,0,0
2018,Texas,43,27,4327,75929,125118,1,1,37.77,0,0,0,0
2018,Texas,43,28,4328,117494,0,1,0,,1,0,0,0
2018,Texas,43,29,4329,88188,28098,1,1,75.84,0,0,0,0
2018,Texas,43,30,4330,166784,0,1,0,,1,0,0,0
2018,Texas,43,31,4331,136362,144680,1,1,48.52,0,0,0,0
2018,Texas,43,32,4332,144067,126101,1,1,53.32,0,0,0,0
2018,Texas,43,33,4333,90805,26120,1,1,77.66,0,0,0,0
2018,Texas,43,34,4334,85825,57243,1,1,59.99,0,0,0,0
2018,Texas,43,35,4335,138278,50553,1,1,73.23,0,0,0,0
2018,Texas,43,36,4336,60908,161048,1,1,27.44,0,0,0,0
2018,Utah,44,1,4401,63308,156692,1,1,28.78,0,0,0,0
2018,Utah,44,2,4402,105051,151489,1,1,40.95,0,0,0,0
2018,Utah,44,3,4403,70686,174856,1,1,28.79,0,0,0,0
2018,Utah,44,4,4404,134964,134270,1,1,50.13,0,0,0,0
2018,Vermont,45,1,4501,188547,70705,1,1,72.73,0,0,0,0
2018,Virginia,46,1,4601,148464,183250,1,1,44.76,0,0,0,0
2018,Virginia,46,2,4602,139571,133458,1,1,51.12,0,0,0,0
2018,Virginia,46,3,4603,198615,0,1,0,,1,0,0,0
2018,Virginia,46,4,4604,187642,107706,1,1,63.53,0,0,0,0
2018,Virginia,46,5,4605,145040,165339,1,1,46.73,0,0,0,0
2018,Virginia,46,6,4606,113133,167957,1,1,40.25,0,0,0,0
2018,Virginia,46,7,4607,176079,169295,1,1,50.98,0,0,0,0
2018,Virginia,46,8,4608,247137,76899,1,1,76.27,0,0,0,0
2018,Virginia,46,9,4609,85833,160933,1,1,34.78,0,0,0,0
2018,Virginia,46,10,4610,206356,160841,1,1,56.2,0,0,0,0
2018,Virginia,46,11,4611,219191,83023,1,1,72.53,0,0,0,0
2018,Washington,47,1,4701,197209,135534,1,1,59.27,0,0,0,0
2018,Washington,47,2,4702,210187,0,1,0,,1,0,0,0
2018,Washington,47,3,4703,145407,161819,1,1,47.33,0,0,0,0
2018,Washington,47,4,4704,83785,141551,1,1,37.18,0,0,0,0
2018,Washington,47,5,4705,144925,175422,1,1,45.24,0,0,0,0
2018,Washington,47,6,4706,206409,116677,1,1,63.89,0,0,0,0
2018,Washington,47,7,4707,329800,64881,1,1,83.56,0,0,0,0
2018,Washington,47,8,4708,164089,0,1,0,,1,0,0,0
2018,Washington,47,9,4709,240567,0,2,0,,0,1,0,0
2018,Washington,47,10,4710,166215,103860,1,1,61.54,0,0,0,0
2018,West Virginia,48,1,4801,70217,127997,1,1,35.42,0,0,0,0
2018,West Virginia,48,2,4802,88011,110504,1,1,44.33,0,0,0,0
2018,West Virginia,48,3,4803,76340,98645,1,1,43.63,0,0,0,0
2018,Wisconsin,49,1,4901,137508,177492,1,1,43.65,0,0,0,0
2018,Wisconsin,49,2,4902,309116,0,1,0,,1,0,0,0
2018,Wisconsin,49,3,4903,187888,126980,1,1,59.67,0,0,0,0
2018,Wisconsin,49,4,4904,206487,59091,1,1,77.75,0,0,0,0
2018,Wisconsin,49,5,4905,138385,225619,1,1,38.02,0,0,0,0
2018,Wisconsin,49,6,4906,144536,180311,1,1,44.49,0,0,0,0
2018,Wisconsin,49,7,4907,124307,194061,1,1,39.05,0,0,0,0
2018,Wisconsin,49,8,4908,119265,209410,1,1,36.29,0,0,0,0
2018,Wyoming,50,1,5001,59903,127963,1,1,31.89,0,0,0,0
2020,Alabama,1,1,101,116949,211825,1,1,35.57,0,0,0,0
2020,Alabama,1,2,102,105286,197996,1,1,34.72,0,0,0,0
2020,Alabama,1,3,103,104595,217384,1,1,32.49,0,0,0,0
2020,Alabama,1,4,104,56237,261553,1,1,17.7,0,0,0,0
2020,Alabama,1,5,105,0,253094,0,1,,1,0,0,0
2020,Alabama,1,6,106,0,274160,0,1,,1,0,0,0
2020,Alabama,1,7,107,225742,0,1,0,,1,0,0,0
2020,Alaska,2,1,201,159856,192126,1,1,45.42,0,0,0,0
2020,Arizona,3,1,301,188469,176709,1,1,51.61,0,0,0,0
2020,Arizona,3,2,302,209945,170975,1,1,55.12,0,0,0,0
2020,Arizona,3,3,303,174243,95594,1,1,64.57,0,0,0,0
2020,Arizona,3,4,304,120484,278002,1,1,30.24,0,0,0,0
2020,Arizona,3,5,305,183171,262414,1,1,41.11,0,0,0,0
2020,Arizona,3,6,306,199644,217783,1,1,47.83,0,0,0,0
2020,Arizona,3,7,307,165452,50226,1,1,76.71,0,0,0,0
2020,Arizona,3,8,308,170816,251633,1,1,40.43,0,0,0,0
2020,Arizona,3,9,309,217094,135180,1,1,61.63,0,0,0,0
2020,Arkansas,4,1,401,0,237596,0,1,,1,0,0,0
2020,Arkansas,4,2,402,148410,184093,1,1,44.63,0,0,0,0
2020,Arkansas,4,3,403,106325,214960,1,1,33.09,0,0,0,0
2020,Arkansas,4,4,404,75750,191617,1,1,28.33,0,0,0,0
2020,California,5,1,501,154073,204190,1,1,43.01,0,0,0,0
2020,California,5,2,502,294435,94320,1,1,75.74,0,0,0,0
2020,California,5,3,503,176043,145945,1,1,54.67,0,0,0,0
2020,California,5,4,504,194731,247291,1,1,44.05,0,0,0,0
2020,California,5,5,505,271233,85227,1,1,76.09,0,0,0,0
2020,California,5,6,506,229648,83466,1,1,73.34,0,0,0,0
2020,California,5,7,507,217416,166549,1,1,56.62,0,0,0,0
2020,California,5,8,508,124400,158711,1,1,43.94,0,0,0,0
2020,California,5,9,509,174252,128358,1,1,57.58,0,0,0,0
2020,California,5,10,510,166865,135629,1,1,55.16,0,0,0,0
2020,California,5,11,511,271063,100293,1,1,72.99,0,0,0,0
2020,California,5,12,512,362950,0,2,0,,0,1,0,0
2020,California,5,13,513,327863,34955,1,1,90.37,0,0,0,0
2020,California,5,14,514,278300,72705,1,1,79.29,0,0,0,0
2020,California,5,15,515,242991,99710,1,1,70.9,0,0,0,0
2020,California,5,16,516,128690,88039,1,1,59.38,0,0,0,0
2020,California,5,17,517,212137,85199,1,1,71.35,0,0,0,0
2020,California,5,18,518,344139,0,2,0,,0,1,0,0
2020,California,5,19,519,224385,88642,1,1,71.68,0,0,0,0
2020,California,5,20,520,236896,71658,1,1,76.78,0,0,0,0
2020,California,5,21,521,84406,85928,1,1,49.55,0,0,0,0
2020,California,5,22,522,144251,170888,1,1,45.77,0,0,0,0
2020,California,5,23,523,115896,190222,1,1,37.86,0,0,0,0
2020,California,5,24,524,212564,149781,1,1,58.66,0,0,0,0
2020,California,5,25,525,169305,169638,1,1,49.95,0,0,0,0
2020,California,5,26,526,208856,135877,1,1,60.58,0,0,0,0
2020,California,5,27,527,221411,95907,1,1,69.78,0,0,0,0
2020,California,5,28,528,244271,91928,1,1,72.66,0,0,0,0
2020,California,5,29,529,210944,0,2,0,,0,1,0,0
2020,California,5,30,530,240038,105426,1,1,69.48,0,0,0,0
2020,California,5,31,531,175315,110735,1,1,61.29,0,0,0,0
2020,California,5,32,532,172942,86818,1,1,66.58,0,0,0,0
2020,California,5,33,533,257094,123334,1,1,67.58,0,0,0,0
2020,California,5,34,534,205346,0,2,0,,0,1,0,0
2020,California,5,35,535,169405,74941,1,1,69.33,0,0,0,0
2020,California,5,36,536,185151,121698,1,1,60.34,0,0,0,0
2020,California,5,37,537,254916,41705,1,1,85.94,0,0,0,0
2020,California,5,38,538,256206,0,2,0,,0,1,0,0
2020,California,5,39,539,169837,173946,1,1,49.4,0,0,0,0
2020,California,5,40,540,135572,50809,1,1,72.74,0,0,0,0
2020,California,5,41,541,168126,94447,1,1,64.03,0,0,0,0
2020,California,5,42,542,157773,210274,1,1,42.87,0,0,0,0
2020,California,5,43,543,199210,78688,1,1,71.68,0,0,0,0
2020,California,5,44,544,206036,0,2,0,,0,1,0,0
2020,California,5,45,545,221843,193096,1,1,53.46,0,0,0,0
2020,California,5,46,546,157803,71716,1,1,68.75,0,0,0,0
2020,California,5,47,547,197028,114371,1,1,63.27,0,0,0,0
2020,California,5,48,548,193362,201738,1,1,48.94,0,0,0,0
2020,California,5,49,549,205349,181157,1,1,53.13,0,0,0,0
2020,California,5,50,550,166869,195521,1,1,46.05,0,0,0,0
2020,California,5,51,551,165596,76841,1,1,68.3,0,0,0,0
2020,California,5,52,552,244145,152350,1,1,61.58,0,0,0,0
2020,California,5,53,553,334858,0,2,0,,0,1,0,0
2020,Colorado,6,1,601,331621,105955,1,1,75.79,0,0,0,0
2020,Colorado,6,2,602,316925,182547,1,1,63.45,0,0,0,0
2020,Colorado,6,3,603,194122,220634,1,1,46.8,0,0,0,0
2020,Colorado,6,4,604,173945,285606,1,1,37.85,0,0,0,0
2020,Colorado,6,5,605,161600,249013,1,1,39.36,0,0,0,0
2020,Colorado,6,6,606,250314,175192,1,1,58.83,0,0,0,0
2020,Colorado,6,7,607,250525,159301,1,1,61.13,0,0,0,0
2020,Connecticut,7,1,701,222668,122111,1,1,64.58,0,0,0,0
2020,Connecticut,7,2,702,218119,140356,1,1,60.85,0,0,0,0
2020,Connecticut,7,3,703,203265,137598,1,1,59.63,0,0,0,0
2020,Connecticut,7,4,704,224432,130627,1,1,63.21,0,0,0,0
2020,Connecticut,7,5,705,192484,151988,1,1,55.88,0,0,0,0
2020,Delaware,8,1,801,281382,196392,1,1,58.89,0,0,0,0
2020,Florida,9,1,901,149172,283352,1,1,34.49,0,0,0,0
2020,Florida,9,2,902,0,305337,0,1,,1,0,0,0
2020,Florida,9,3,903,167326,223075,1,1,42.86,0,0,0,0
2020,Florida,9,4,904,196423,308497,1,1,38.9,0,0,0,0
2020,Florida,9,5,905,219463,117510,1,1,65.13,0,0,0,0
2020,Florida,9,6,906,172305,265393,1,1,39.37,0,0,0,0
2020,Florida,9,7,907,224946,175750,1,1,56.14,0,0,0,0
2020,Florida,9,8,908,177695,282093,1,1,38.65,0,0,0,0
2020,Florida,9,9,909,240724,188889,1,1,56.03,0,0,0,0
2020,Florida,9,10,910,239434,136889,1,1,63.62,0,0,0,0
2020,Florida,9,11,911,158094,316979,1,1,33.28,0,0,0,0
2020,Florida,9,12,912,168194,284941,1,1,37.12,0,0,0,0
2020,Florida,9,13,913,215405,190713,1,1,53.04,0,0,0,0
2020,Florida,9,14,914,224240,147896,1,1,60.26,0,0,0,0
2020,Florida,9,15,915,174297,216374,1,1,44.61,0,0,0,0
2020,Florida,9,16,916,215683,269001,1,1,44.5,0,0,0,0
2020,Florida,9,17,917,140487,266514,1,1,34.52,0,0,0,0
2020,Florida,9,18,918,186674,253286,1,1,42.43,0,0,0,0
2020,Florida,9,19,919,172146,272440,1,1,38.72,0,0,0,0
2020,Florida,9,20,920,253661,68748,1,1,78.68,0,0,0,0
2020,Florida,9,21,921,237925,157612,1,1,60.15,0,0,0,0
2020,Florida,9,22,922,235764,166553,1,1,58.6,0,0,0,0
2020,Florida,9,23,923,221239,158874,1,1,58.2,0,0,0,0
2020,Florida,9,24,924,218825,59084,1,1,78.74,0,0,0,0
2020,Florida,9,25,925,0,0,0,0,,1,0,0,0
2020,Florida,9,26,926,165407,177223,1,1,48.28,0,0,0,0
2020,Florida,9,27,927,166758,176141,1,1,48.63,0,0,0,0
2020,Georgia,10,1,1001,135238,189457,1,1,41.65,0,0,0,0
2020,Georgia,10,2,1002,161397,111620,1,1,59.12,0,0,0,0
2020,Georgia,10,3,1003,129792,241526,1,1,34.95,0,0,0,0
2020,Georgia,10,4,1004,278906,69393,1,1,80.08,0,0,0,0
2020,Georgia,10,5,1005,301857,52646,1,1,85.15,0,0,0,0
2020,Georgia,10,6,1006,216775,180329,1,1,54.59,0,0,0,0
2020,Georgia,10,7,1007,190900,180564,1,1,51.39,0,0,0,0
2020,Georgia,10,8,1008,109264,198701,1,1,35.48,0,0,0,0
2020,Georgia,10,9,1009,79797,292750,1,1,21.42,0,0,0,0
2020,Georgia,10,10,1010,142636,235810,1,1,37.69,0,0,0,0
2020,Georgia,10,11,1011,160623,245259,1,1,39.57,0,0,0,0
2020,Georgia,10,12,1012,129061,181038,1,1,41.62,0,0,0,0
2020,Georgia,10,13,1013,279045,81476,1,1,77.4,0,0,0,0
2020,Georgia,10,14,1014,77798,229827,1,1,25.29,0,0,0,0
2020,Hawaii,11,1,1101,183245,71188,1,1,72.02,0,0,0,0
2020,Hawaii,11,2,1102,171517,84027,1,1,67.12,0,0,0,0
2020,Idaho,12,1,1201,131380,310736,1,1,29.72,0,0,0,0
2020,Idaho,12,2,1202,124151,250669,1,1,33.12,0,0,0,0
2020,Illinois,13,1,1301,239943,85027,1,1,73.84,0,0,0,0
2020,Illinois,13,2,1302,234896,63142,1,1,78.81,0,0,0,0
2020,Illinois,13,3,1303,172997,133851,1,1,56.38,0,0,0,0
2020,Illinois,13,4,1304,187219,35518,1,1,84.05,0,0,0,0
2020,Illinois,13,5,1305,255661,96200,1,1,72.66,0,0,0,0
2020,Illinois,13,6,1306,213777,183891,1,1,53.76,0,0,0,0
2020,Illinois,13,7,1307,249383,41390,1,1,85.77,0,0,0,0
2020,Illinois,13,8,1308,186251,0,1,0,,1,0,0,0
2020,Illinois,13,9,1309,262045,107125,1,1,70.98,0,0,0,0
2020,Illinois,13,10,1310,202402,114442,1,1,63.88,0,0,0,0
2020,Illinois,13,11,1311,194557,112807,1,1,63.3,0,0,0,0
2020,Illinois,13,12,1312,127577,194839,1,1,39.57,0,0,0,0
2020,Illinois,13,13,1313,151648,181373,1,1,45.54,0,0,0,0
2020,Illinois,13,14,1314,203209,197835,1,1,50.67,0,0,0,0
2020,Illinois,13,15,1315,88559,244947,1,1,26.55,0,0,0,0
2020,Illinois,13,16,1316,119313,218839,1,1,35.28,0,0,0,0
2020,Illinois,13,17,1317,156011,143863,1,1,52.03,0,0,0,0
2020,Illinois,13,18,1318,110039,261840,1,1,29.59,0,0,0,0
2020,Indiana,14,1,1401,185180,132247,1,1,58.34,0,0,0,0
2020,Indiana,14,2,1402,114967,183601,1,1,38.51,0,0,0,0
2020,Indiana,14,3,1403,104762,220989,1,1,32.16,0,0,0,0
2020,Indiana,14,4,1404,112984,225531,1,1,33.38,0,0,0,0
2020,Indiana,14,5,1405,191226,208212,1,1,47.87,0,0,0,0
2020,Indiana,14,6,1406,91103,225319,1,1,28.79,0,0,0,0
2020,Indiana,14,7,1407,176422,106146,1,1,62.44,0,0,0,0
2020,Indiana,14,8,1408,95691,214643,1,1,30.83,0,0,0,0
2020,Indiana,14,9,1409,122566,222057,1,1,35.57,0,0,0,0
2020,Iowa,15,1,1501,201347,212088,1,1,48.7,0,0,0,0
2020,Iowa,15,2,1502,196958,196964,1,1,50.0,0,0,0,0
2020,Iowa,15,3,1503,219205,212997,1,1,50.72,0,0,0,0
2020,Iowa,15,4,1504,144761,237369,1,1,37.88,0,0,0,0
2020,Kansas,16,1,1601,84393,208229,1,1,28.84,0,0,0,0
2020,Kansas,16,2,1602,136650,185464,1,1,42.42,0,0,0,0
2020,Kansas,16,3,1603,220049,178773,1,1,55.17,0,0,0,0
2020,Kansas,16,4,1604,116166,203432,1,1,36.35,0,0,0,0
2020,Kentucky,17,1,1701,82141,246329,1,1,25.01,0,0,0,0
2020,Kentucky,17,2,1702,94643,255735,1,1,27.01,0,0,0,0
2020,Kentucky,17,3,1703,230672,137425,1,1,62.67,0,0,0,0
2020,Kentucky,17,4,1704,125896,256613,1,1,32.91,0,0,0,0
2020,Kentucky,17,5,1705,47056,250914,1,1,15.79,0,0,0,0
2020,Kentucky,17,6,1706,155011,216948,1,1,41.67,0,0,0,0
2020,Louisiana,18,1,1801,94730,270330,1,1,25.95,0,0,1,1
2020,Louisiana,18,2,1802,235320,63140,2,2,78.84,0,0,1,1
2020,Louisiana,18,3,1803,100275,230480,2,1,30.32,0,0,1,1
2020,Louisiana,18,4,1804,101970,204608,2,2,33.26,0,0,1,1
2020,Louisiana,18,5,1805,99566,135524,4,5,42.35,0,0,1,1
2020,Louisiana,18,6,1806,95541,265706,1,1,26.45,0,0,1,1
2020,Maine,19,1,1901,271004,165008,1,1,62.16,0,0,0,0
2020,Maine,19,2,1902,197974,175228,1,1,53.05,0,0,0,0
2020,Maryland,20,1,2001,143877,250901,1,1,36.45,0,0,0,0
2020,Maryland,20,2,2002,224836,106355,1,1,67.89,0,0,0,0
2020,Maryland,20,3,2003,260358,112117,1,1,69.9,0,0,0,0
2020,Maryland,20,4,2004,282119,71671,1,1,79.74,0,0,0,0
2020,Maryland,20,5,2005,274210,123525,1,1,68.94,0,0,0,0
2020,Maryland,20,6,2006,215540,143599,1,1,60.02,0,0,0,0
2020,Maryland,20,7,2007,237084,92825,1,1,71.86,0,0,0,0
2020,Maryland,20,8,2008,274716,127157,1,1,68.36,0,0,0,0
2020,Massachusetts,21,1,2101,275376,0,1,0,,1,0,0,0
2020,Massachusetts,21,2,2102,249854,132220,1,1,65.39,0,0,0,0
2020,Massachusetts,21,3,2103,286896,0,1,0,,1,0,0,0
2020,Massachusetts,21,4,2104,251102,160474,1,1,61.01,0,0,0,0
2020,Massachusetts,21,5,2105,294427,101351,1,1,74.39,0,0,0,0
2020,Massachusetts,21,6,2106,286377,150695,1,1,65.52,0,0,0,0
2020,Massachusetts,21,7,2107,267362,0,1,0,,1,0,0,0
2020,Massachusetts,21,8,2108,310940,0,1,0,,1,0,0,0
2020,Massachusetts,21,9,2109,260262,154261,1,1,62.79,0,0,0,0
2020,Michigan,22,1,2201,153328,256581,1,1,37.41,0,0,0,0
2020,Michigan,22,2,2202,154122,238711,1,1,39.23,0,0,0,0
2020,Michigan,22,3,2203,189769,213649,1,1,47.04,0,0,0,0
2020,Michigan,22,4,2204,120802,242621,1,1,33.24,0,0,0,0
2020,Michigan,22,5,2205,196599,150772,1,1,56.6,0,0,0,0
2020,Michigan,22,6,2206,152085,211496,1,1,41.83,0,0,0,0
2020,Michigan,22,7,2207,159743,227524,1,1,41.25,0,0,0,0
2020,Michigan,22,8,2208,217922,202525,1,1,51.83,0,0,0,0
2020,Michigan,22,9,2209,230318,153296,1,1,60.04,0,0,0,0
2020,Michigan,22,10,2210,138179,271607,1,1,33.72,0,0,0,0
2020,Michigan,22,11,2211,226128,215405,1,1,51.21,0,0,0,0
2020,Michigan,22,12,2212,254957,117719,1,1,68.41,0,0,0,0
2020,Michigan,22,13,2213,223205,53311,1,1,80.72,0,0,0,0
2020,Michigan,22,14,2214,271370,62664,1,1,81.24,0,0,0,0
2020,Minnesota,23,1,2301,167890,179234,1,1,48.37,0,0,0,0
2020,Minnesota,23,2,2302,204534,194954,1,1,51.2,0,0,0,0
2020,Minnesota,23,3,2303,246666,196625,1,1,55.64,0,0,0,0
2020,Minnesota,23,4,2304,245813,112730,1,1,68.56,0,0,0,0
2020,Minnesota,23,5,2305,255924,102878,1,1,71.33,0,0,0,0
2020,Minnesota,23,6,2306,140853,270901,1,1,34.21,0,0,0,0
2020,Minnesota,23,7,2307,144840,194066,1,1,42.74,0,0,0,0
2020,Minnesota,23,8,2308,147853,223432,1,1,39.82,0,0,0,0
2020,Mississippi,24,1,2401,104008,228787,1,1,31.25,0,0,0,0
2020,Mississippi,24,2,2402,196224,101010,1,1,66.02,0,0,0,0
2020,Mississippi,24,3,2403,120782,221064,1,1,35.33,0,0,0,0
2020,Mississippi,24,4,2404,0,255971,0,1,,1,0,0,0
2020,Missouri,25,1,2501,249087,59940,1,1,80.6,0,0,0,0
2020,Missouri,25,2,2502,204540,233157,1,1,46.73,0,0,0,0
2020,Missouri,25,3,2503,116095,282866,1,1,29.1,0,0,0,0
2020,Missouri,25,4,2504,107635,245247,1,1,30.5,0,0,0,0
2020,Missouri,25,5,2505,207180,135934,1,1,60.38,0,0,0,0
2020,Missouri,25,6,2506,118926,258709,1,1,31.49,0,0,0,0
2020,Missouri,25,7,2507,98111,254318,1,1,27.84,0,0,0,0
2020,Missouri,25,8,2508,70561,253811,1,1,21.75,0,0,0,0
2020,Montana,26,1,2601,262340,339169,1,1,43.61,0,0,0,0
2020,Nebraska,27,1,2701,119622,189006,1,1,38.76,0,0,0,0
2020,Nebraska,27,2,2702,155706,171071,1,1,47.65,0,0,0,0
2020,Nebraska,27,3,2703,50690,225157,1,1,18.38,0,0,0,0
2020,Nevada,28,1,2801,137868,74490,1,1,64.92,0,0,0,0
2020,Nevada,28,2,2802,155780,216078,1,1,41.89,0,0,0,0
2020,Nevada,28,3,2803,203421,190975,1,1,51.58,0,0,0,0
2020,Nevada,28,4,2804,168457,152284,1,1,52.52,0,0,0,0
2020,New Hampshire,29,1,2901,205606,185159,1,1,52.62,0,0,0,0
2020,New Hampshire,29,2,2902,208289,168886,1,1,55.22,0,0,0,0
2020,New Jersey,30,1,3001,240567,144463,1,1,62.48,0,0,0,0
2020,New Jersey,30,2,3002,173849,195526,1,1,47.07,0,0,0,0
2020,New Jersey,30,3,3003,229840,196327,1,1,53.93,0,0,0,0
2020,New Jersey,30,4,3004,162420,254103,1,1,38.99,0,0,0,0
2020,New Jersey,30,5,3005,225175,193333,1,1,53.8,0,0,0,0
2020,New Jersey,30,6,3006,199648,126760,1,1,61.17,0,0,0,0
2020,New Jersey,30,7,3007,219629,214318,1,1,50.61,0,0,0,0
2020,New Jersey,30,8,3008,176758,58686,1,1,75.07,0,0,0,0
2020,New Jersey,30,9,3009,203674,98629,1,1,67.37,0,0,0,0
2020,New Jersey,30,10,3010,241522,40298,1,1,85.7,0,0,0,0
2020,New Jersey,30,11,3011,235163,206013,1,1,53.3,0,0,0,0
2020,New Jersey,30,12,3012,230883,114591,1,1,66.83,0,0,0,0
2020,New Mexico,31,1,3101,186953,134337,1,1,58.19,0,0,0,0
2020,New Mexico,31,2,3102,122546,142283,1,1,46.27,0,0,0,0
2020,New Mexico,31,3,3103,186282,131166,1,1,58.68,0,0,0,0
2020,New York,32,1,3201,157484,199763,1,1,44.08,0,0,0,0
2020,New York,32,2,3202,154123,177353,1,1,46.5,0,0,0,0
2020,New York,32,3,3203,208412,161907,1,1,56.28,0,0,0,0
2020,New York,32,4,3204,199762,153007,1,1,56.63,0,0,0,0
2020,New York,32,5,3205,229125,0,1,0,,1,0,0,0
2020,New York,32,6,3206,158862,73720,1,1,68.3,0,0,0,0
2020,New York,32,7,3207,191073,32520,1,1,85.46,0,0,0,0
2020,New York,32,8,3208,234933,42007,1,1,84.83,0,0,0,0
2020,New York,32,9,3209,230221,43950,1,1,83.97,0,0,0,0
2020,New York,32,10,3210,206310,66889,1,1,75.52,0,0,0,0
2020,New York,32,11,3211,137198,155608,1,1,46.86,0,0,0,0
2020,New York,32,12,3212,265172,53061,1,1,83.33,0,0,0,0
2020,New York,32,13,3213,231841,19829,1,1,92.12,0,0,0,0
2020,New York,32,14,3214,152661,58440,1,1,72.32,0,0,0,0
2020,New York,32,15,3215,169533,21221,1,1,88.88,0,0,0,0
2020,New York,32,16,3216,218471,0,1,0,,1,0,0,0
2020,New York,32,17,3217,197353,117307,1,1,62.72,0,0,0,0
2020,New York,32,18,3218,187169,145098,1,1,56.33,0,0,0,0
2020,New York,32,19,3219,191250,151475,1,1,55.8,0,0,0,0
2020,New York,32,20,3220,219705,139446,1,1,61.17,0,0,0,0
2020,New York,32,21,3221,131992,188649,1,1,41.17,0,0,0,0
2020,New York,32,22,3222,155989,156098,1,1,49.98,0,0,0,0
2020,New York,32,23,3223,129014,181060,1,1,41.61,0,0,0,0
2020,New York,32,24,3224,147638,182567,1,1,44.71,0,0,0,0
2020,New York,32,25,3225,206396,136198,1,1,60.25,0,0,0,0
2020,New York,32,26,3226,222619,91687,1,1,70.83,0,0,0,0
2020,New York,32,27,3227,149559,229044,1,1,39.5,0,0,0,0
2020,North Carolina,33,1,3301,188870,159748,1,1,54.18,0,0,0,0
2020,North Carolina,33,2,3302,311887,172544,1,1,64.38,0,0,0,0
2020,North Carolina,33,3,3303,132752,229800,1,1,36.62,0,0,0,0
2020,North Carolina,33,4,3304,332421,161298,1,1,67.33,0,0,0,0
2020,North Carolina,33,5,3305,119846,257843,1,1,31.73,0,0,0,0
2020,North Carolina,33,6,3306,253531,153598,1,1,62.27,0,0,0,0
2020,North Carolina,33,7,3307,179045,272443,1,1,39.66,0,0,0,0
2020,North Carolina,33,8,3308,177781,202774,1,1,46.72,0,0,0,0
2020,North Carolina,33,9,3309,179463,224661,1,1,44.41,0,0,0,0
2020,North Carolina,33,10,3310,128189,284095,1,1,31.09,0,0,0,0
2020,North Carolina,33,11,3311,190609,245351,1,1,43.72,0,0,0,0
2020,North Carolina,33,12,3312,341457,0,1,0,,1,0,0,0
2020,North Carolina,33,13,3313,124684,267181,1,1,31.82,0,0,0,0
2020,North Dakota,34,1,3401,97970,245229,1,1,28.55,0,0,0,0
2020,Ohio,35,1,3501,172022,199560,1,1,46.29,0,0,0,0
2020,Ohio,35,2,3502,146781,230430,1,1,38.91,0,0,0,0
2020,Ohio,35,3,3503,227420,93569,1,1,70.85,0,0,0,0
2020,Ohio,35,4,3504,101897,235875,1,1,30.17,0,0,0,0
2020,Ohio,35,5,3505,120962,257019,1,1,32.0,0,0,0,0
2020,Ohio,35,6,3506,85661,249130,1,1,25.59,0,0,0,0
2020,Ohio,35,7,3507,102271,236607,1,1,30.18,0,0,0,0
2020,Ohio,35,8,3508,110766,246277,1,1,31.02,0,0,0,0
2020,Ohio,35,9,3509,190328,111385,1,1,63.08,0,0,0,0
2020,Ohio,35,10,3510,151976,212972,1,1,41.64,0,0,0,0
2020,Ohio,35,11,3511,242098,60323,1,1,80.05,0,0,0,0
2020,Ohio,35,12,3512,182847,241790,1,1,43.06,0,0,0,0
2020,Ohio,35,13,3513,173631,148648,1,1,53.88,0,0,0,0
2020,Ohio,35,14,3514,158586,238864,1,1,39.9,0,0,0,0
2020,Ohio,35,15,3515,140183,243103,1,1,36.57,0,0,0,0
2020,Ohio,35,16,3516,144071,247335,1,1,36.81,0,0,0,0
2020,Oklahoma,36,1,3601,109641,213700,1,1,33.91,0,0,0,0
2020,Oklahoma,36,2,3602,63472,216511,1,1,22.67,0,0,0,0
2020,Oklahoma,36,3,3603,66501,242677,1,1,21.51,0,0,0,0
2020,Oklahoma,36,4,3604,90459,213096,1,1,29.8,0,0,0,0
2020,Oklahoma,36,5,3605,145658,158191,1,1,47.94,0,0,0,0
2020,Oregon,37,1,3701,297071,161928,1,1,64.72,0,0,0,0
2020,Oregon,37,2,3702,168881,273835,1,1,38.15,0,0,0,0
2020,Oregon,37,3,3703,343574,110570,1,1,75.65,0,0,0,0
2020,Oregon,37,4,3704,240950,216081,1,1,52.72,0,0,0,0
2020,Oregon,37,5,3705,234863,204372,1,1,53.47,0,0,0,0
2020,Pennsylvania,38,1,3801,191875,249804,1,1,43.44,0,0,0,0
2020,Pennsylvania,38,2,3802,198140,75022,1,1,72.54,0,0,0,0
2020,Pennsylvania,38,3,3803,341708,33671,1,1,91.03,0,0,0,0
2020,Pennsylvania,38,4,3804,264637,179926,1,1,59.53,0,0,0,0
2020,Pennsylvania,38,5,3805,255743,139552,1,1,64.7,0,0,0,0
2020,Pennsylvania,38,6,3806,226440,177526,1,1,56.05,0,0,0,0
2020,Pennsylvania,38,7,3807,195475,181407,1,1,51.87,0,0,0,0
2020,Pennsylvania,38,8,3808,178004,165783,1,1,51.78,0,0,0,0
2020,Pennsylvania,38,9,3809,118266,232988,1,1,33.67,0,0,0,0
2020,Pennsylvania,38,10,3810,182938,208896,1,1,46.69,0,0,0,0
2020,Pennsylvania,38,11,3811,141325,241915,1,1,36.88,0,0,0,0
2020,Pennsylvania,38,12,3812,99199,241035,1,1,29.16,0,0,0,0
2020,Pennsylvania,38,13,3813,96612,267789,1,1,26.51,0,0,0,0
2020,Pennsylvania,38,14,3814,131895,241688,1,1,35.31,0,0,0,0
2020,Pennsylvania,38,15,3815,92156,255058,1,1,26.54,0,0,0,0
2020,Pennsylvania,38,16,3816,143962,210088,1,1,40.66,0,0,0,0
2020,Pennsylvania,38,17,3817,222253,212284,1,1,51.15,0,0,0,0
2020,Pennsylvania,38,18,3818,266084,118163,1,1,69.25,0,0,0,0
2020,Rhode Island,39,1,3901,158550,0,1,0,,1,0,0,0
2020,Rhode Island,39,2,3902,154086,109894,1,1,58.37,0,0,0,0
2020,South Carolina,40,1,4001,210627,216042,1,1,49.37,0,0,0,0
2020,South Carolina,40,2,4002,155118,202715,1,1,43.35,0,0,0,0
2020,South Carolina,40,3,4003,95712,237544,1,1,28.72,0,0,0,0
2020,South Carolina,40,4,4004,133023,222126,1,1,37.46,0,0,0,0
2020,South Carolina,40,5,4005,145979,220006,1,1,39.89,0,0,0,0
2020,South Carolina,40,6,4006,197477,89258,1,1,68.87,0,0,0,0
2020,South Carolina,40,7,4007,138863,224993,1,1,38.16,0,0,0,0
2020,South Dakota,41,1,4101,0,321984,0,1,,1,0,0,0
2020,Tennessee,42,1,4201,68617,228181,1,1,23.12,0,0,0,0
2020,Tennessee,42,2,4202,109684,238907,1,1,31.46,0,0,0,0
2020,Tennessee,42,3,4203,97687,215571,1,1,31.18,0,0,0,0
2020,Tennessee,42,4,4204,111908,223802,1,1,33.33,0,0,0,0
2020,Tennessee,42,5,4205,252155,0,1,0,,1,0,0,0
2020,Tennessee,42,6,4206,83852,257572,1,1,24.56,0,0,0,0
2020,Tennessee,42,7,4207,95839,245188,1,1,28.1,0,0,0,0
2020,Tennessee,42,8,4208,97890,227216,1,1,30.11,0,0,0,0
2020,Tennessee,42,9,4209,187905,48818,1,1,79.38,0,0,0,0
2020,Texas,43,1,4301,83016,219726,1,1,27.42,0,0,0,0
2020,Texas,43,2,4302,148374,192828,1,1,43.49,0,0,0,0
2020,Texas,43,3,4303,179458,230512,1,1,43.77,0,0,0,0
2020,Texas,43,4,4304,76326,253837,1,1,23.12,0,0,0,0
2020,Texas,43,5,4305,100743,173836,1,1,36.69,0,0,0,0
2020,Texas,43,6,4306,149530,179507,1,1,45.44,0,0,0,0
2020,Texas,43,7,4307,159529,149054,1,1,51.7,0,0,0,0
2020,Texas,43,8,4308,97409,277327,1,1,25.99,0,0,0,0
2020,Texas,43,9,4309,172938,49575,1,1,77.72,0,0,0,0
2020,Texas,43,10,4310,187686,217216,1,1,46.35,0,0,0,0
2020,Texas,43,11,4311,53394,232568,1,1,18.67,0,0,0,0
2020,Texas,43,12,4312,121250,233853,1,1,34.15,0,0,0,0
2020,Texas,43,13,4313,50477,217124,1,1,18.86,0,0,0,0
2020,Texas,43,14,4314,118574,190541,1,1,38.36,0,0,0,0
2020,Texas,43,15,4315,115605,109017,1,1,51.47,0,0,0,0
2020,Texas,43,16,4316,154108,84006,1,1,64.72,0,0,0,0
2020,Texas,43,17,4317,125565,171390,1,1,42.28,0,0,0,0
2020,Texas,43,18,4318,180952,58033,1,1,75.72,0,0,0,0
2020,Texas,43,19,4319,60583,198198,1,1,23.41,0,0,0,0
2020,Texas,43,20,4320,175078,89628,1,1,66.14,0,0,0,0
2020,Texas,43,21,4321,205780,235740,1,1,46.61,0,0,0,0
2020,Texas,43,22,4322,181998,210259,1,1,46.4,0,0,0,0
2020,Texas,43,23,4323,137693,149395,1,1,47.96,0,0,0,0
2020,Texas,43,24,4324,163326,167910,1,1,49.31,0,0,0,0
2020,Texas,43,25,4325,165697,220088,1,1,42.95,0,0,0,0
2020,Texas,43,26,4326,161009,261963,1,1,38.07,0,0,0,0
2020,Texas,43,27,4327,95466,172305,1,1,35.65,0,0,0,0
2020,Texas,43,28,4328,137494,91925,1,1,59.93,0,0,0,0
2020,Texas,43,29,4329,111305,42840,1,1,72.21,0,0,0,0
2020,Texas,43,30,4330,204928,48685,1,1,80.8,0,0,0,0
2020,Texas,43,31,4331,176293,212695,1,1,45.32,0,0,0,0
2020,Texas,43,32,4332,178542,157867,1,1,53.07,0,0,0,0
2020,Texas,43,33,4333,105317,39638,1,1,72.65,0,0,0,0
2020,Texas,43,34,4334,111439,84119,1,1,56.99,0,0,0,0
2020,Texas,43,35,4335,176373,80795,1,1,68.58,0,0,0,0
2020,Texas,43,36,4336,73418,222712,1,1,24.79,0,0,0,0
2020,Utah,44,1,4401,104194,237988,1,1,30.45,0,0,0,0
2020,Utah,44,2,4402,129762,208997,1,1,38.31,0,0,0,0
2020,Utah,44,3,4403,96067,246674,1,1,28.03,0,0,0,0
2020,Utah,44,4,4404,175923,179688,1,1,49.47,0,0,0,0
2020,Vermont,45,1,4501,238827,95830,1,1,71.36,0,0,0,0
2020,Virginia,46,1,4601,186923,260614,1,1,41.77,0,0,0,0
2020,Virginia,46,2,4602,185733,174201,1,1,51.6,0,0,0,0
2020,Virginia,46,3,4603,233326,107299,1,1,68.5,0,0,0,0
2020,Virginia,46,4,4604,241142,149625,1,1,61.71,0,0,0,0
2020,Virginia,46,5,4605,190315,210988,1,1,47.42,0,0,0,0
2020,Virginia,46,6,4606,134729,246606,1,1,35.33,0,0,0,0
2020,Virginia,46,7,4607,230893,222623,1,1,50.91,0,0,0,0
2020,Virginia,46,8,4608,301454,95365,1,1,75.97,0,0,0,0
2020,Virginia,46,9,4609,0,271851,0,1,,1,0,0,0
2020,Virginia,46,10,4610,268734,206253,1,1,56.58,0,0,0,0
2020,Virginia,46,11,4611,280725,111380,1,1,71.59,0,0,0,0
2020,Washington,47,1,4701,249944,176407,1,1,58.62,0,0,0,0
2020,Washington,47,2,4702,255252,148384,1,1,63.24,0,0,0,0
2020,Washington,47,3,4703,181347,235579,1,1,43.5,0,0,0,0
2020,Washington,47,4,4704,102667,202108,1,1,33.69,0,0,0,0
2020,Washington,47,5,4705,155737,247815,1,1,38.59,0,0,0,0
2020,Washington,47,6,4706,247429,168783,1,1,59.45,0,0,0,0
2020,Washington,47,7,4707,387109,78240,1,1,83.19,0,0,0,0
2020,Washington,47,8,4708,213123,198423,1,1,51.79,0,0,0,0
2020,Washington,47,9,4709,258771,89697,1,1,74.26,0,0,0,0
2020,Washington,47,10,4710,288977,0,2,0,,0,1,0,0
2020,West Virginia,48,1,4801,81177,180488,1,1,31.02,0,0,0,0
2020,West Virginia,48,2,4802,100799,172195,1,1,36.92,0,0,0,0
2020,West Virginia,48,3,4803,64927,161585,1,1,28.66,0,0,0,0
2020,Wisconsin,49,1,4901,163170,238271,1,1,40.65,0,0,0,0
2020,Wisconsin,49,2,4902,318523,138306,1,1,69.72,0,0,0,0
2020,Wisconsin,49,3,4903,199870,189524,1,1,51.33,0,0,0,0
2020,Wisconsin,49,4,4904,232668,70769,1,1,76.68,0,0,0,0
2020,Wisconsin,49,5,4905,175902,265434,1,1,39.86,0,0,0,0
2020,Wisconsin,49,6,4906,164239,238874,1,1,40.74,0,0,0,0
2020,Wisconsin,49,7,4907,162741,252048,1,1,39.23,0,0,0,0
2020,Wisconsin,49,8,4908,149558,268173,1,1,35.8,0,0,0,0
2020,Wyoming,50,1,5001,66576,185732,1,1,26.39,0,0,0,0
2022,Alabama,1,1,101,0,140592,0,1,,1,0,0,0
2022,Alabama,1,2,102,58014,137460,1,1,29.68,0,0,0,0
2022,Alabama,1,3,103,47859,135602,1,1,26.09,0,0,0,0
2022,Alabama,1,4,104,26694,164655,1,1,13.95,0,0,0,0
2022,Alabama,1,5,105,62740,142435,1,1,30.58,0,0,0,0
2022,Alabama,1,6,106,0,154233,0,1,,1,0,0,0
2022,Alabama,1,7,107,123233,67416,1,1,64.64,0,0,0,0
2022,Alaska,2,1,201,128553,129379,1,2,49.84,0,0,0,0
2022,Arizona,3,1,301,179141,182336,1,1,49.56,0,0,0,0
2022,Arizona,3,2,302,149151,174169,1,1,46.13,0,0,0,0
2022,Arizona,3,3,303,108599,32475,1,1,76.98,0,0,0,0
2022,Arizona,3,4,304,148941,116521,1,1,56.11,0,0,0,0
2022,Arizona,3,5,305,120243,182464,1,1,39.72,0,0,0,0
2022,Arizona,3,6,306,171969,177201,1,1,49.25,0,0,0,0
2022,Arizona,3,7,307,126418,69444,1,1,64.54,0,0,0,0
2022,Arizona,3,8,308,0,197555,0,1,,1,0,0,0
2022,Arizona,3,9,309,0,192796,0,1,,1,0,0,0
2022,Arkansas,4,1,401,54598,153774,1,1,26.2,0,0,0,0
2022,Arkansas,4,2,402,86887,147975,1,1,36.99,0,0,0,0
2022,Arkansas,4,3,403,73541,142401,1,1,34.06,0,0,0,0
2022,Arkansas,4,4,404,56745,153850,1,1,26.95,0,0,0,0
2022,California,5,1,501,93386,152839,1,1,37.93,0,0,0,0
2022,California,5,2,502,229720,79029,1,1,74.4,0,0,0,0
2022,California,5,3,503,156761,181438,1,1,46.35,0,0,0,0
2022,California,5,4,504,176900,84007,1,1,67.8,0,0,0,0
2022,California,5,5,505,109506,173524,1,1,38.69,0,0,0,0
2022,California,5,6,506,121058,95325,1,1,55.95,0,0,0,0
2022,California,5,7,507,150618,70033,1,1,68.26,0,0,0,0
2022,California,5,8,508,145501,46634,1,1,75.73,0,0,0,0
2022,California,5,9,509,95598,78802,1,1,54.82,0,0,0,0
2022,California,5,10,510,198415,0,1,0,,1,0,0,0
2022,California,5,11,511,220848,42217,1,1,83.95,0,0,0,0
2022,California,5,12,512,217110,22859,1,1,90.47,0,0,0,0
2022,California,5,13,513,66496,67060,1,1,49.79,0,0,0,0
2022,California,5,14,514,137612,60852,1,1,69.34,0,0,0,0
2022,California,5,15,515,194874,0,2,0,,0,1,0,0
2022,California,5,16,516,241007,0,2,0,,0,1,0,0
2022,California,5,17,517,127853,52400,1,1,70.93,0,0,0,0
2022,California,5,18,518,99776,51737,1,1,65.85,0,0,0,0
2022,California,5,19,519,194494,88816,1,1,68.65,0,0,0,0
2022,California,5,20,520,74934,153847,1,1,32.75,0,0,0,0
2022,California,5,21,521,68074,57573,1,1,54.18,0,0,0,0
2022,California,5,22,522,49862,52994,1,1,48.48,0,0,0,0
2022,California,5,23,523,65908,103197,1,1,38.97,0,0,0,0
2022,California,5,24,524,159019,103533,1,1,60.57,0,0,0,0
2022,California,5,25,525,87641,65101,1,1,57.38,0,0,0,0
2022,California,5,26,526,134575,112214,1,1,54.53,0,0,0,0
2022,California,5,27,527,91892,104624,1,1,46.76,0,0,0,0
2022,California,5,28,528,150062,76495,1,1,66.24,0,0,0,0
2022,California,5,29,529,119435,0,2,0,,0,1,0,0
2022,California,5,30,530,211068,0,2,0,,0,1,0,0
2022,California,5,31,531,91472,62153,1,1,59.54,0,0,0,0
2022,California,5,32,532,167411,74618,1,1,69.17,0,0,0,0
2022,California,5,33,533,76588,56119,1,1,57.71,0,0,0,0
2022,California,5,34,534,121467,0,2,0,,0,1,0,0
2022,California,5,35,535,75121,55832,1,1,57.36,0,0,0,0
2022,California,5,36,536,194299,84264,1,1,69.75,0,0,0,0
2022,California,5,37,537,131880,0,2,0,,0,1,0,0
2022,California,5,38,538,101260,73051,1,1,58.09,0,0,0,0
2022,California,5,39,539,75896,55701,1,1,57.67,0,0,0,0
2022,California,5,40,540,122722,161589,1,1,43.16,0,0,0,0
2022,California,5,41,541,112769,123869,1,1,47.65,0,0,0,0
2022,California,5,42,542,99217,45903,1,1,68.37,0,0,0,0
2022,California,5,43,543,95462,27985,1,1,77.33,0,0,0,0
2022,California,5,44,544,100160,38554,1,1,72.21,0,0,0,0
2022,California,5,45,545,103466,113960,1,1,47.59,0,0,0,0
2022,California,5,46,546,78041,48257,1,1,61.79,0,0,0,0
2022,California,5,47,547,137374,128261,1,1,51.72,0,0,0,0
2022,California,5,48,548,101900,155171,1,1,39.64,0,0,0,0
2022,California,5,49,549,153541,138194,1,1,52.63,0,0,0,0
2022,California,5,50,550,168816,99819,1,1,62.84,0,0,0,0
2022,California,5,51,551,144186,88886,1,1,61.86,0,0,0,0
2022,California,5,52,552,100686,50330,1,1,66.67,0,0,0,0
2022,Colorado,6,1,601,226929,49530,1,1,82.08,0,0,0,0
2022,Colorado,6,2,602,244107,97700,1,1,71.42,0,0,0,0
2022,Colorado,6,3,603,163293,163839,1,1,49.92,0,0,0,0
2022,Colorado,6,4,604,129619,216024,1,1,37.5,0,0,0,0
2022,Colorado,6,5,605,111978,155528,1,1,41.86,0,0,0,0
2022,Colorado,6,6,606,170140,105084,1,1,61.82,0,0,0,0
2022,Colorado,6,7,607,204984,150510,1,1,57.66,0,0,0,0
2022,Colorado,6,8,608,114377,112745,1,1,50.36,0,0,0,0
2022,Connecticut,7,1,701,149556,91506,1,1,62.04,0,0,0,0
2022,Connecticut,7,2,702,165946,114506,1,1,59.17,0,0,0,0
2022,Connecticut,7,3,703,137924,98704,1,1,58.29,0,0,0,0
2022,Connecticut,7,4,704,140262,95822,1,1,59.41,0,0,0,0
2022,Connecticut,7,5,705,127838,125834,1,1,50.39,0,0,0,0
2022,Delaware,8,1,801,178416,138201,1,1,56.35,0,0,0,0
2022,Florida,9,1,901,93467,197349,1,1,32.14,0,0,0,0
2022,Florida,9,2,902,121153,180236,1,1,40.2,0,0,0,0
2022,Florida,9,3,903,103382,178101,1,1,36.73,0,0,0,0
2022,Florida,9,4,904,108402,165696,1,1,39.55,0,0,0,0
2022,Florida,9,5,905,0,0,0,0,,1,0,0,0
2022,Florida,9,6,906,0,226548,0,1,,1,0,0,0
2022,Florida,9,7,907,126079,177966,1,1,41.47,0,0,0,0
2022,Florida,9,8,908,120080,222128,1,1,35.09,0,0,0,0
2022,Florida,9,9,909,108541,93827,1,1,53.64,0,0,0,0
2022,Florida,9,10,910,117955,78844,1,1,59.94,0,0,0,0
2022,Florida,9,11,911,115647,205995,1,1,35.96,0,0,0,0
2022,Florida,9,12,912,95390,226601,1,1,29.63,0,0,0,0
2022,Florida,9,13,913,153876,181487,1,1,45.88,0,0,0,0
2022,Florida,9,14,914,149737,113427,1,1,56.9,0,0,0,0
2022,Florida,9,15,915,102835,145219,1,1,41.46,0,0,0,0
2022,Florida,9,16,916,115575,189762,1,1,37.85,0,0,0,0
2022,Florida,9,17,917,123798,222483,1,1,35.75,0,0,0,0
2022,Florida,9,18,918,0,167429,0,1,,1,0,0,0
2022,Florida,9,19,919,100226,213035,1,1,31.99,0,0,0,0
2022,Florida,9,20,920,136215,52151,1,1,72.31,0,0,0,0
2022,Florida,9,21,921,119891,208614,1,1,36.5,0,0,0,0
2022,Florida,9,22,922,150010,122194,1,1,55.11,0,0,0,0
2022,Florida,9,23,923,143951,130681,1,1,52.42,0,0,0,0
2022,Florida,9,24,924,133442,52449,1,1,71.79,0,0,0,0
2022,Florida,9,25,925,129113,105239,1,1,55.09,0,0,0,0
2022,Florida,9,26,926,58868,143240,1,1,29.13,0,0,0,0
2022,Florida,9,27,927,101404,136038,1,1,42.71,0,0,0,0
2022,Florida,9,28,928,76665,134457,1,1,36.31,0,0,0,0
2022,Georgia,10,1,1001,107837,156128,1,1,40.85,0,0,0,0
2022,Georgia,10,2,1002,132675,108665,1,1,54.97,0,0,0,0
2022,Georgia,10,3,1003,97057,213524,1,1,31.25,0,0,0,0
2022,Georgia,10,4,1004,216332,59302,1,1,78.49,0,0,0,0
2022,Georgia,10,5,1005,243687,51769,1,1,82.48,0,0,0,0
2022,Georgia,10,6,1006,125612,206886,1,1,37.78,0,0,0,0
2022,Georgia,10,7,1007,143063,91962,1,1,60.87,0,0,0,0
2022,Georgia,10,8,1008,81886,178700,1,1,31.42,0,0,0,0
2022,Georgia,10,9,1009,81318,212820,1,1,27.65,0,0,0,0
2022,Georgia,10,10,1010,109107,198523,1,1,35.47,0,0,0,0
2022,Georgia,10,11,1011,113571,190086,1,1,37.4,0,0,0,0
2022,Georgia,10,12,1012,107148,158047,1,1,40.4,0,0,0,0
2022,Georgia,10,13,1013,216388,48228,1,1,81.77,0,0,0,0
2022,Georgia,10,14,1014,88189,170162,1,1,34.14,0,0,0,0
2022,Hawaii,11,1,1101,143546,51217,1,1,73.7,0,0,0,0
2022,Hawaii,11,2,1102,128407,72874,1,1,63.79,0,0,0,0
2022,Idaho,12,1,1201,82261,222901,1,1,26.96,0,0,0,0
2022,Idaho,12,2,1202,98736,172450,1,1,36.41,0,0,0,0
2022,Illinois,13,1,1301,159142,78258,1,1,67.04,0,0,0,0
2022,Illinois,13,2,1302,140414,68761,1,1,67.13,0,0,0,0
2022,Illinois,13,3,1303,121764,55995,1,1,68.5,0,0,0,0
2022,Illinois,13,4,1304,91036,37352,1,1,70.91,0,0,0,0
2022,Illinois,13,5,1305,190999,79112,1,1,70.71,0,0,0,0
2022,Illinois,13,6,1306,150496,126351,1,1,54.36,0,0,0,0
2022,Illinois,13,7,1307,167650,0,1,0,,1,0,0,0
2022,Illinois,13,8,1308,117880,89335,1,1,56.89,0,0,0,0
2022,Illinois,13,9,1309,179615,70915,1,1,71.69,0,0,0,0
2022,Illinois,13,10,1310,152566,89599,1,1,63.0,0,0,0,0
2022,Illinois,13,11,1311,149172,115069,1,1,56.45,0,0,0,0
2022,Illinois,13,12,1312,72791,218379,1,1,25.0,0,0,0,0
2022,Illinois,13,13,1313,141788,108646,1,1,56.62,0,0,0,0
2022,Illinois,13,14,1314,128141,108451,1,1,54.16,0,0,0,0
2022,Illinois,13,15,1315,86396,213007,1,1,28.86,0,0,0,0
2022,Illinois,13,16,1316,100325,197621,1,1,33.67,0,0,0,0
2022,Illinois,13,17,1317,121186,111931,1,1,51.99,0,0,0,0
2022,Indiana,14,1,1401,112656,100542,1,1,52.84,0,0,0,0
2022,Indiana,14,2,1402,62891,125313,1,1,33.42,0,0,0,0
2022,Indiana,14,3,1403,60577,131579,1,1,31.52,0,0,0,0
2022,Indiana,14,4,1404,62834,134864,1,1,31.78,0,0,0,0
2022,Indiana,14,5,1405,93434,146575,1,1,38.93,0,0,0,0
2022,Indiana,14,6,1406,62838,130686,1,1,32.47,0,0,0,0
2022,Indiana,14,7,1407,117309,53631,1,1,68.63,0,0,0,0
2022,Indiana,14,8,1408,68109,141995,1,1,32.42,0,0,0,0
2022,Indiana,14,9,1409,75700,143166,1,1,34.59,0,0,0,0
2022,Iowa,15,1,1501,142173,162947,1,1,46.6,0,0,0,0
2022,Iowa,15,2,1502,145940,172181,1,1,45.88,0,0,0,0
2022,Iowa,15,3,1503,154117,156262,1,1,49.65,0,0,0,0
2022,Iowa,15,4,1504,84230,186467,1,1,31.12,0,0,0,0
2022,Kansas,16,1,1601,77092,161333,1,1,32.33,0,0,0,0
2022,Kansas,16,2,1602,98852,134506,1,1,42.36,0,0,0,0
2022,Kansas,16,3,1603,165527,128839,1,1,56.23,0,0,0,0
2022,Kansas,16,4,1604,83851,144889,1,1,36.66,0,0,0,0
2022,Kentucky,17,1,1701,61701,184157,1,1,25.1,0,0,0,0
2022,Kentucky,17,2,1702,66769,170487,1,1,28.14,0,0,0,0
2022,Kentucky,17,3,1703,160920,98637,1,1,62.0,0,0,0,0
2022,Kentucky,17,4,1704,79977,167541,1,1,32.31,0,0,0,0
2022,Kentucky,17,5,1705,38549,177712,1,1,17.83,0,0,0,0
2022,Kentucky,17,6,1706,83005,154762,1,1,34.91,0,0,0,0
2022,Louisiana,18,1,1801,61467,177670,1,1,25.7,0,0,1,1
2022,Louisiana,18,2,1802,158120,46927,1,1,77.11,0,0,1,1
2022,Louisiana,18,3,1803,44813,174864,2,4,20.4,0,0,1,1
2022,Louisiana,18,4,1804,0,0,0,0,,1,0,1,1
2022,Louisiana,18,5,1805,54532,169021,2,3,24.39,0,0,1,1
2022,Louisiana,18,6,1806,0,205219,0,2,,0,1,1,1
2022,Maine,19,1,1901,219753,129263,1,1,62.96,0,0,0,0
2022,Maine,19,2,1902,165136,146142,1,1,53.05,0,0,0,0
2022,Maryland,20,1,2001,126511,159673,1,1,44.21,0,0,0,0
2022,Maryland,20,2,2002,158998,109075,1,1,59.31,0,0,0,0
2022,Maryland,20,3,2003,175514,115801,1,1,60.25,0,0,0,0
2022,Maryland,20,4,2004,144168,15441,1,1,90.33,0,0,0,0
2022,Maryland,20,5,2005,182478,94000,1,1,66.0,0,0,0,0
2022,Maryland,20,6,2006,140295,115771,1,1,54.79,0,0,0,0
2022,Maryland,20,7,2007,151640,32737,1,1,82.24,0,0,0,0
2022,Maryland,20,8,2008,211842,47965,1,1,81.54,0,0,0,0
2022,Massachusetts,21,1,2101,157635,98386,1,1,61.57,0,0,0,0
2022,Massachusetts,21,2,2102,180639,91956,1,1,66.27,0,0,0,0
2022,Massachusetts,21,3,2103,154496,88585,1,1,63.56,0,0,0,0
2022,Massachusetts,21,4,2104,201882,0,1,0,,1,0,0,0
2022,Massachusetts,21,5,2105,203994,71491,1,1,74.05,0,0,0,0
2022,Massachusetts,21,6,2106,198119,110770,1,1,64.14,0,0,0,0
2022,Massachusetts,21,7,2107,151825,27129,1,1,84.84,0,0,0,0
2022,Massachusetts,21,8,2108,189987,82126,1,1,69.82,0,0,0,0
2022,Massachusetts,21,9,2109,197823,136347,1,1,59.2,0,0,0,0
2022,Michigan,22,1,2201,145403,233094,1,1,38.42,0,0,0,0
2022,Michigan,22,2,2202,116452,216222,1,1,35.0,0,0,0,0
2022,Michigan,22,3,2203,185989,142229,1,1,56.67,0,0,0,0
2022,Michigan,22,4,2204,143690,183936,1,1,43.86,0,0,0,0
2022,Michigan,22,5,2205,110946,198020,1,1,35.91,0,0,0,0
2022,Michigan,22,6,2206,241759,125167,1,1,65.89,0,0,0,0
2022,Michigan,22,7,2207,192809,172624,1,1,52.76,0,0,0,0
2022,Michigan,22,8,2208,178322,143850,1,1,55.35,0,0,0,0
2022,Michigan,22,9,2209,123702,238300,1,1,34.17,0,0,0,0
2022,Michigan,22,10,2210,157602,159202,1,1,49.75,0,0,0,0
2022,Michigan,22,11,2211,224537,141642,1,1,61.32,0,0,0,0
2022,Michigan,22,12,2212,196643,72888,1,1,72.96,0,0,0,0
2022,Michigan,22,13,2213,166650,56187,1,1,74.79,0,0,0,0
2022,Minnesota,23,1,2301,125457,159621,1,1,44.01,0,0,0,0
2022,Minnesota,23,2,2302,165583,148576,1,1,52.71,0,0,0,0
2022,Minnesota,23,3,2303,198883,134797,1,1,59.6,0,0,0,0
2022,Minnesota,23,4,2304,200055,95493,1,1,67.69,0,0,0,0
2022,Minnesota,23,5,2305,214224,70702,1,1,75.19,0,0,0,0
2022,Minnesota,23,6,2306,120852,198145,1,1,37.88,0,0,0,0
2022,Minnesota,23,7,2307,84455,204766,1,1,29.2,0,0,0,0
2022,Minnesota,23,8,2308,141009,188755,1,1,42.76,0,0,0,0
2022,Mississippi,24,1,2401,45238,122151,1,1,27.03,0,0,0,0
2022,Mississippi,24,2,2402,108285,71884,1,1,60.1,0,0,0,0
2022,Mississippi,24,3,2403,54803,132481,1,1,29.26,0,0,0,0
2022,Mississippi,24,4,2404,42876,127813,1,1,25.12,0,0,0,0
2022,Missouri,25,1,2501,160999,53767,1,1,74.96,0,0,0,0
2022,Missouri,25,2,2502,135895,173277,1,1,43.95,0,0,0,0
2022,Missouri,25,3,2503,96851,180746,1,1,34.89,0,0,0,0
2022,Missouri,25,4,2504,67069,181890,1,1,26.94,0,0,0,0
2022,Missouri,25,5,2505,140688,84008,1,1,62.61,0,0,0,0
2022,Missouri,25,6,2506,72253,184865,1,1,28.1,0,0,0,0
2022,Missouri,25,7,2507,67485,178592,1,1,27.42,0,0,0,0
2022,Missouri,25,8,2508,53738,186472,1,1,22.37,0,0,0,0
2022,Montana,26,1,2601,115265,123102,1,1,48.36,0,0,0,0
2022,Montana,26,2,2602,43480,121979,1,1,26.28,0,0,0,0
2022,Nebraska,27,1,2701,93929,129236,1,1,42.09,0,0,0,0
2022,Nebraska,27,2,2702,106807,112663,1,1,48.67,0,0,0,0
2022,Nebraska,27,3,2703,34836,172700,1,1,16.79,0,0,0,0
2022,Nevada,28,1,2801,115700,103115,1,1,52.88,0,0,0,0
2022,Nevada,28,2,2802,117371,185467,1,1,38.76,0,0,0,0
2022,Nevada,28,3,2803,131086,121083,1,1,51.98,0,0,0,0
2022,Nevada,28,4,2804,116617,105870,1,1,52.42,0,0,0,0
2022,New Hampshire,29,1,2901,167391,142229,1,1,54.06,0,0,0,0
2022,New Hampshire,29,2,2902,171636,135579,1,1,55.87,0,0,0,0
2022,New Jersey,30,1,3001,139559,78794,1,1,63.91,0,0,0,0
2022,New Jersey,30,2,3002,94522,139217,1,1,40.44,0,0,0,0
2022,New Jersey,30,3,3003,150498,118415,1,1,55.97,0,0,0,0
2022,New Jersey,30,4,3004,81233,173288,1,1,31.92,0,0,0,0
2022,New Jersey,30,5,3005,145559,117873,1,1,55.25,0,0,0,0
2022,New Jersey,30,6,3006,106238,75839,1,1,58.35,0,0,0,0
2022,New Jersey,30,7,3007,150701,159392,1,1,48.6,0,0,0,0
2022,New Jersey,30,8,3008,78382,24957,1,1,75.85,0,0,0,0
2022,New Jersey,30,9,3009,82457,65365,1,1,55.78,0,0,0,0
2022,New Jersey,30,10,3010,100710,25993,1,1,79.49,0,0,0,0
2022,New Jersey,30,11,3011,161436,109952,1,1,59.49,0,0,0,0
2022,New Jersey,30,12,3012,125127,71175,1,1,63.74,0,0,0,0
2022,New Mexico,31,1,3101,156462,124151,1,1,55.76,0,0,0,0
2022,New Mexico,31,2,3102,96986,95636,1,1,50.35,0,0,0,0
2022,New Mexico,31,3,3103,134217,96565,1,1,58.16,0,0,0,0
2022,New York,32,1,3201,141907,177040,1,1,44.49,0,0,0,0
2022,New York,32,2,3202,97774,151178,1,1,39.27,0,0,0,0
2022,New York,32,3,3203,125404,145824,1,1,46.24,0,0,0,0
2022,New York,32,4,3204,130871,140622,1,1,48.2,0,0,0,0
2022,New York,32,5,3205,104396,34407,1,1,75.21,0,0,0,0
2022,New York,32,6,3206,85049,47504,1,1,64.16,0,0,0,0
2022,New York,32,7,3207,119473,28597,1,1,80.69,0,0,0,0
2022,New York,32,8,3208,99079,39060,1,1,71.72,0,0,0,0
2022,New York,32,9,3209,116970,0,1,0,,1,0,0,0
2022,New York,32,10,3210,160582,29058,1,1,84.68,0,0,0,0
2022,New York,32,11,3211,71801,115992,1,1,38.23,0,0,0,0
2022,New York,32,12,3212,200890,43709,1,1,82.13,0,0,0,0
2022,New York,32,13,3213,116589,0,1,0,,1,0,0,0
2022,New York,32,14,3214,82453,31935,1,1,72.08,0,0,0,0
2022,New York,32,15,3215,76406,15882,1,1,82.79,0,0,0,0
2022,New York,32,16,3216,133567,74156,1,1,64.3,0,0,0,0
2022,New York,32,17,3217,141730,143550,1,1,49.68,0,0,0,0
2022,New York,32,18,3218,135245,131653,1,1,50.67,0,0,0,0
2022,New York,32,19,3219,141509,146004,1,1,49.22,0,0,0,0
2022,New York,32,20,3220,160420,130869,1,1,55.07,0,0,0,0
2022,New York,32,21,3221,112645,168579,1,1,40.06,0,0,0,0
2022,New York,32,22,3222,132913,135544,1,1,49.51,0,0,0,0
2022,New York,32,23,3223,104114,192694,1,1,35.08,0,0,0,0
2022,New York,32,24,3224,95028,182054,1,1,34.3,0,0,0,0
2022,New York,32,25,3225,152022,130190,1,1,53.87,0,0,0,0
2022,New York,32,26,3226,156883,88339,1,1,63.98,0,0,0,0
2022,North Carolina,33,1,3301,134996,122780,1,1,52.37,0,0,0,0
2022,North Carolina,33,2,3302,190714,104155,1,1,64.68,0,0,0,0
2022,North Carolina,33,3,3303,82378,166520,1,1,33.1,0,0,0,0
2022,North Carolina,33,4,3304,194983,96442,1,1,66.91,0,0,0,0
2022,North Carolina,33,5,3305,102269,175279,1,1,36.85,0,0,0,0
2022,North Carolina,33,6,3306,139553,116635,1,1,54.47,0,0,0,0
2022,North Carolina,33,7,3307,120222,164047,1,1,42.29,0,0,0,0
2022,North Carolina,33,8,3308,79192,183998,1,1,30.09,0,0,0,0
2022,North Carolina,33,9,3309,101202,131453,1,1,43.5,0,0,0,0
2022,North Carolina,33,10,3310,73174,194681,1,1,27.32,0,0,0,0
2022,North Carolina,33,11,3311,144165,174232,1,1,45.28,0,0,0,0
2022,North Carolina,33,12,3312,140494,83414,1,1,62.75,0,0,0,0
2022,North Carolina,33,13,3313,143090,134256,1,1,51.59,0,0,0,0
2022,North Carolina,33,14,3314,148738,109014,1,1,57.71,0,0,0,0
2022,North Dakota,34,1,3401,0,148399,0,1,,1,0,0,0
2022,Ohio,35,1,3501,156416,140058,1,1,52.76,0,0,0,0
2022,Ohio,35,2,3502,65745,192117,1,1,25.5,0,0,0,0
2022,Ohio,35,3,3503,182324,76455,1,1,70.46,0,0,0,0
2022,Ohio,35,4,3504,89383,200773,1,1,30.81,0,0,0,0
2022,Ohio,35,5,3505,92634,187303,1,1,33.09,0,0,0,0
2022,Ohio,35,6,3506,90500,189883,1,1,32.28,0,0,0,0
2022,Ohio,35,7,3507,135485,168002,1,1,44.64,0,0,0,0
2022,Ohio,35,8,3508,98629,180287,1,1,35.36,0,0,0,0
2022,Ohio,35,9,3509,150655,115362,1,1,56.63,0,0,0,0
2022,Ohio,35,10,3510,104634,168327,1,1,38.33,0,0,0,0
2022,Ohio,35,11,3511,167722,47988,1,1,77.75,0,0,0,0
2022,Ohio,35,12,3512,84893,191344,1,1,30.73,0,0,0,0
2022,Ohio,35,13,3513,149816,134593,1,1,52.68,0,0,0,0
2022,Ohio,35,14,3514,113639,183389,1,1,38.26,0,0,0,0
2022,Ohio,35,15,3515,108139,143112,1,1,43.04,0,0,0,0
2022,Oklahoma,36,1,3601,80974,142800,1,1,36.19,0,0,0,0
2022,Oklahoma,36,2,3602,54194,167843,1,1,24.41,0,0,0,0
2022,Oklahoma,36,3,3603,50354,147418,1,1,25.46,0,0,0,0
2022,Oklahoma,36,4,3604,74667,149879,1,1,33.25,0,0,0,0
2022,Oklahoma,36,5,3605,96799,152699,1,1,38.8,0,0,0,0
2022,Oregon,37,1,3701,210682,99042,1,1,68.02,0,0,0,0
2022,Oregon,37,2,3702,99882,208369,1,1,32.4,0,0,0,0
2022,Oregon,37,3,3703,212119,79766,1,1,72.67,0,0,0,0
2022,Oregon,37,4,3704,171372,146055,1,1,53.99,0,0,0,0
2022,Oregon,37,5,3705,171514,178813,1,1,48.96,0,0,0,0
2022,Oregon,37,6,3706,147156,139946,1,1,51.26,0,0,0,0
2022,Pennsylvania,38,1,3801,165809,201571,1,1,45.13,0,0,0,0
2022,Pennsylvania,38,2,3802,141229,45454,1,1,75.65,0,0,0,0
2022,Pennsylvania,38,3,3803,251115,0,1,0,,1,0,0,0
2022,Pennsylvania,38,4,3804,224799,141986,1,1,61.29,0,0,0,0
2022,Pennsylvania,38,5,3805,205128,110058,1,1,65.08,0,0,0,0
2022,Pennsylvania,38,6,3806,190386,136097,1,1,58.31,0,0,0,0
2022,Pennsylvania,38,7,3807,151364,145527,1,1,50.98,0,0,0,0
2022,Pennsylvania,38,8,3808,146956,139930,1,1,51.22,0,0,0,0
2022,Pennsylvania,38,9,3809,92622,209185,1,1,30.69,0,0,0,0
2022,Pennsylvania,38,10,3810,145215,169331,1,1,46.17,0,0,0,0
2022,Pennsylvania,38,11,3811,121835,194991,1,1,38.45,0,0,0,0
2022,Pennsylvania,38,12,3812,184674,143946,1,1,56.2,0,0,0,0
2022,Pennsylvania,38,13,3813,0,260345,0,1,,1,0,0,0
2022,Pennsylvania,38,14,3814,0,230865,0,1,,1,0,0,0
2022,Pennsylvania,38,15,3815,91729,213417,1,1,30.06,0,0,0,0
2022,Pennsylvania,38,16,3816,130443,190546,1,1,40.64,0,0,0,0
2022,Pennsylvania,38,17,3817,193615,169013,1,1,53.39,0,0,0,0
2022,Rhode Island,39,1,3901,100318,56055,1,1,64.15,0,0,0,0
2022,Rhode Island,39,2,3902,101432,93969,1,1,51.91,0,0,0,0
2022,South Carolina,40,1,4001,115796,153757,1,1,42.96,0,0,0,0
2022,South Carolina,40,2,4002,98081,147699,1,1,39.91,0,0,0,0
2022,South Carolina,40,3,4003,0,189971,0,1,,1,0,0,0
2022,South Carolina,40,4,4004,0,165607,0,1,,1,0,0,0
2022,South Carolina,40,5,4005,83299,154725,1,1,35.0,0,0,0,0
2022,South Carolina,40,6,4006,130923,79879,1,1,62.11,0,0,0,0
2022,South Carolina,40,7,4007,89030,164440,1,1,35.12,0,0,0,0
2022,South Dakota,41,1,4101,0,253821,0,1,,1,0,0,0
2022,Tennessee,42,1,4201,37049,147241,1,1,20.1,0,0,0,0
2022,Tennessee,42,2,4202,66673,141089,1,1,32.09,0,0,0,0
2022,Tennessee,42,3,4203,60334,136639,1,1,30.63,0,0,0,0
2022,Tennessee,42,4,4204,44648,122401,1,1,26.73,0,0,0,0
2022,Tennessee,42,5,4205,93648,123558,1,1,43.11,0,0,0,0
2022,Tennessee,42,6,4206,65675,129388,1,1,33.67,0,0,0,0
2022,Tennessee,42,7,4207,68973,108421,1,1,38.88,0,0,0,0
2022,Tennessee,42,8,4208,51102,155602,1,1,24.72,0,0,0,0
2022,Tennessee,42,9,4209,93800,35123,1,1,72.76,0,0,0,0
2022,Texas,43,1,4301,51438,183224,1,1,21.92,0,0,0,0
2022,Texas,43,2,4302,78496,151791,1,1,34.09,0,0,0,0
2022,Texas,43,3,4303,100121,164240,1,1,37.87,0,0,0,0
2022,Texas,43,4,4304,79179,170781,1,1,31.68,0,0,0,0
2022,Texas,43,5,4305,71930,135595,1,1,34.66,0,0,0,0
2022,Texas,43,6,4306,0,149321,0,1,,1,0,0,0
2022,Texas,43,7,4307,115994,65835,1,1,63.79,0,0,0,0
2022,Texas,43,8,4308,68715,153127,1,1,30.97,0,0,0,0
2022,Texas,43,9,4309,125446,38161,1,1,76.68,0,0,0,0
2022,Texas,43,10,4310,86404,159469,1,1,35.14,0,0,0,0
2022,Texas,43,11,4311,0,151066,0,1,,1,0,0,0
2022,Texas,43,12,4312,85026,152953,1,1,35.73,0,0,0,0
2022,Texas,43,13,4313,52910,161767,1,1,24.65,0,0,0,0
2022,Texas,43,14,4314,63606,149543,1,1,29.84,0,0,0,0
2022,Texas,43,15,4315,68097,80978,1,1,45.68,0,0,0,0
2022,Texas,43,16,4316,95510,54986,1,1,63.46,0,0,0,0
2022,Texas,43,17,4317,72801,144408,1,1,33.52,0,0,0,0
2022,Texas,43,18,4318,110511,40941,1,1,72.97,0,0,0,0
2022,Texas,43,19,4319,0,152321,0,1,,1,0,0,0
2022,Texas,43,20,4320,115352,53226,1,1,68.43,0,0,0,0
2022,Texas,43,21,4321,122655,207426,1,1,37.16,0,0,0,0
2022,Texas,43,22,4322,85653,150014,1,1,36.34,0,0,0,0
2022,Texas,43,23,4323,80947,116649,1,1,40.97,0,0,0,0
2022,Texas,43,24,4324,119878,177947,1,1,40.25,0,0,0,0
2022,Texas,43,25,4325,0,185270,0,1,,1,0,0,0
2022,Texas,43,26,4326,0,183639,0,1,,1,0,0,0
2022,Texas,43,27,4327,73611,133416,1,1,35.56,0,0,0,0
2022,Texas,43,28,4328,93803,71778,1,1,56.65,0,0,0,0
2022,Texas,43,29,4329,71837,28765,1,1,71.41,0,0,0,0
2022,Texas,43,30,4330,134876,39209,1,1,77.48,0,0,0,0
2022,Texas,43,31,4331,0,183185,0,1,,1,0,0,0
2022,Texas,43,32,4332,116005,61494,1,1,65.36,0,0,0,0
2022,Texas,43,33,4333,82081,29203,1,1,73.76,0,0,0,0
2022,Texas,43,34,4334,70896,59464,1,1,54.38,0,0,0,0
2022,Texas,43,35,4335,129599,48969,1,1,72.58,0,0,0,0
2022,Texas,43,36,4336,64016,145599,1,1,30.54,0,0,0,0
2022,Texas,43,37,4337,219358,59923,1,1,78.54,0,0,0,0
2022,Texas,43,38,4338,92302,163597,1,1,36.07,0,0,0,0
2022,Utah,44,1,4401,87986,178434,1,1,33.03,0,0,0,0
2022,Utah,44,2,4402,88224,154883,1,1,36.29,0,0,0,0
2022,Utah,44,3,4403,83687,182497,1,1,31.44,0,0,0,0
2022,Utah,44,4,4404,82181,155110,1,1,34.63,0,0,0,0
2022,Vermont,45,1,4501,176494,78397,1,1,69.24,0,0,0,0
2022,Virginia,46,1,4601,147229,191828,1,1,43.42,0,0,0,0
2022,Virginia,46,2,4602,143219,153328,1,1,48.3,0,0,0,0
2022,Virginia,46,3,4603,139659,67668,1,1,67.36,0,0,0,0
2022,Virginia,46,4,4604,159044,85503,1,1,65.04,0,0,0,0
2022,Virginia,46,5,4605,129996,177191,1,1,42.32,0,0,0,0
2022,Virginia,46,6,4606,95410,173352,1,1,35.5,0,0,0,0
2022,Virginia,46,7,4607,143357,130586,1,1,52.33,0,0,0,0
2022,Virginia,46,8,4608,197760,66589,1,1,74.81,0,0,0,0
2022,Virginia,46,9,4609,66027,182207,1,1,26.6,0,0,0,0
2022,Virginia,46,10,4610,157405,138163,1,1,53.26,0,0,0,0
2022,Virginia,46,11,4611,193190,95634,1,1,66.89,0,0,0,0
2022,Washington,47,1,4701,181992,104329,1,1,63.56,0,0,0,0
2022,Washington,47,2,4702,202980,134335,1,1,60.18,0,0,0,0
2022,Washington,47,3,4703,160314,157685,1,1,50.41,0,0,0,0
2022,Washington,47,4,4704,70710,150619,1,1,31.95,0,0,0,0
2022,Washington,47,5,4705,127585,188648,1,1,40.35,0,0,0,0
2022,Washington,47,6,4706,208710,138754,1,1,60.07,0,0,0,0
2022,Washington,47,7,4707,295998,49207,1,1,85.75,0,0,0,0
2022,Washington,47,8,4708,179003,155976,1,1,53.44,0,0,0,0
2022,Washington,47,9,4709,171746,67631,1,1,71.75,0,0,0,0
2022,Washington,47,10,4710,152544,114777,1,1,57.06,0,0,0,0
2022,West Virginia,48,1,4801,65428,151511,1,1,30.16,0,0,0,0
2022,West Virginia,48,2,4802,84278,160493,1,1,34.43,0,0,0,0
2022,Wisconsin,49,1,4901,135825,162610,1,1,45.51,0,0,0,0
2022,Wisconsin,49,2,4902,268740,101890,1,1,72.51,0,0,0,0
2022,Wisconsin,49,3,4903,152977,164743,1,1,48.15,0,0,0,0
2022,Wisconsin,49,4,4904,191955,57660,1,1,76.9,0,0,0,0
2022,Wisconsin,49,5,4905,134581,243741,1,1,35.57,0,0,0,0
2022,Wisconsin,49,6,4906,0,239231,0,1,,1,0,0,0
2022,Wisconsin,49,7,4907,128877,209224,1,1,38.12,0,0,0,0
2022,Wisconsin,49,8,4908,0,223981,0,1,,1,0,0,0
2022,Wyoming,50,1,5001,47250,132206,1,1,26.33,0,0,0,0
2024,Alabama,1,1,101,70929,258619,1,1,21.52,0,0,0,0
2024,Alabama,1,2,102,158041,131414,1,1,54.6,0,0,0,0
2024,Alabama,1,3,103,0,243848,0,1,,1,0,0,0
2024,Alabama,1,4,104,0,274498,0,1,,1,0,0,0
2024,Alabama,1,5,105,0,250322,0,1,,1,0,0,0
2024,Alabama,1,6,106,102504,243741,1,1,29.6,0,0,0,0
2024,Alabama,1,7,107,186723,106312,1,1,63.72,0,0,0,0
2024,Alaska,2,1,201,156245,159550,2,1,49.48,0,0,0,0
2024,Arizona,3,1,301,208966,225538,1,1,48.09,0,0,0,0
2024,Arizona,3,2,302,184963,221413,1,1,45.52,0,0,0,0
2024,Arizona,3,3,303,143336,53705,1,1,72.74,0,0,0,0
2024,Arizona,3,4,304,176428,152052,1,1,53.71,0,0,0,0
2024,Arizona,3,5,305,167680,255628,1,1,39.61,0,0,0,0
2024,Arizona,3,6,306,204774,215596,1,1,48.71,0,0,0,0
2024,Arizona,3,7,307,171954,99057,1,1,63.45,0,0,0,0
2024,Arizona,3,8,308,160344,208269,1,1,43.5,0,0,0,0
2024,Arizona,3,9,309,132640,249583,1,1,34.7,0,0,0,0
2024,Arkansas,4,1,401,64113,194711,1,1,24.77,0,0,0,0
2024,Arkansas,4,2,402,125777,180509,1,1,41.07,0,0,0,0
2024,Arkansas,4,3,403,95652,192101,1,1,33.24,0,0,0,0
2024,Arkansas,4,4,404,73207,197046,1,1,27.09,0,0,0,0
2024,California,5,1,501,110636,208592,1,1,34.66,0,0,0,0
2024,California,5,2,502,272883,106734,1,1,71.88,0,0,0,0
2024,California,5,3,503,188067,234246,1,1,44.53,0,0,0,0
2024,California,5,4,504,227730,114950,1,1,66.46,0,0,0,0
2024,California,5,5,505,140919,227643,1,1,38.23,0,0,0,0
2024,California,5,6,506,165408,121664,1,1,57.62,0,0,0,0
2024,California,5,7,507,197429,98341,1,1,66.75,0,0,0,0
2024,California,5,8,508,201962,71068,1,1,73.97,0,0,0,0
2024,California,5,9,509,130183,121174,1,1,51.79,0,0,0,0
2024,California,5,10,510,242325,122219,1,1,66.47,0,0,0,0
2024,California,5,11,511,274796,64315,1,1,81.03,0,0,0,0
2024,California,5,12,512,283025,0,2,0,,0,1,0,0
2024,California,5,13,513,105554,105367,1,1,50.04,0,0,0,0
2024,California,5,14,514,187263,89125,1,1,67.75,0,0,0,0
2024,California,5,15,515,211648,77896,1,1,73.1,0,0,0,0
2024,California,5,16,516,308476,0,2,0,,0,1,0,0
2024,California,5,17,517,172462,82415,1,1,67.66,0,0,0,0
2024,California,5,18,518,147674,80832,1,1,64.63,0,0,0,0
2024,California,5,19,519,252458,111862,1,1,69.3,0,0,0,0
2024,California,5,20,520,0,288788,0,2,,0,1,0,0
2024,California,5,21,521,102798,92733,1,1,52.57,0,0,0,0
2024,California,5,22,522,78023,89484,1,1,46.58,0,0,0,0
2024,California,5,23,523,105563,159286,1,1,39.86,0,0,0,0
2024,California,5,24,524,214724,127755,1,1,62.7,0,0,0,0
2024,California,5,25,525,137837,107194,1,1,56.25,0,0,0,0
2024,California,5,26,526,187393,146913,1,1,56.05,0,0,0,0
2024,California,5,27,527,154040,146050,1,1,51.33,0,0,0,0
2024,California,5,28,528,204489,110455,1,1,64.93,0,0,0,0
2024,California,5,29,529,146312,63374,1,1,69.78,0,0,0,0
2024,California,5,30,530,213100,98559,1,1,68.38,0,0,0,0
2024,California,5,31,531,148095,99856,1,1,59.73,0,0,0,0
2024,California,5,32,532,212934,108711,1,1,66.2,0,0,0,0
2024,California,5,33,533,137197,96078,1,1,58.81,0,0,0,0
2024,California,5,34,534,189414,0,2,0,,0,1,0,0
2024,California,5,35,535,136413,97142,1,1,58.41,0,0,0,0
2024,California,5,36,536,246002,111985,1,1,68.72,0,0,0,0
2024,California,5,37,537,160364,0,1,0,,1,0,0,0
2024,California,5,38,538,165110,110818,1,1,59.84,0,0,0,0
2024,California,5,39,539,130191,99469,1,1,56.69,0,0,0,0
2024,California,5,40,540,171637,211998,1,1,44.74,0,0,0,0
2024,California,5,41,541,171229,183216,1,1,48.31,0,0,0,0
2024,California,5,42,542,159153,74410,1,1,68.14,0,0,0,0
2024,California,5,43,543,160080,53152,1,1,75.07,0,0,0,0
2024,California,5,44,544,164765,66087,1,1,71.37,0,0,0,0
2024,California,5,45,545,158264,157611,1,1,50.1,0,0,0,0
2024,California,5,46,546,134013,77279,1,1,63.43,0,0,0,0
2024,California,5,47,547,181721,171554,1,1,51.44,0,0,0,0
2024,California,5,48,548,146665,213625,1,1,40.71,0,0,0,0
2024,California,5,49,549,197397,180950,1,1,52.17,0,0,0,0
2024,California,5,50,550,231836,128859,1,1,64.27,0,0,0,0
2024,California,5,51,551,198835,128749,1,1,60.7,0,0,0,0
2024,California,5,52,552,172217,87501,1,1,66.31,0,0,0,0
2024,Colorado,6,1,601,264606,74598,1,1,78.01,0,0,0,0
2024,Colorado,6,2,602,284994,120633,1,1,70.26,0,0,0,0
2024,Colorado,6,3,603,182147,201951,1,1,47.42,0,0,0,0
2024,Colorado,6,4,604,188249,240213,1,1,43.94,0,0,0,0
2024,Colorado,6,5,605,147972,197924,1,1,42.78,0,0,0,0
2024,Colorado,6,6,606,202686,132174,1,1,60.53,0,0,0,0
2024,Colorado,6,7,607,235688,175273,1,1,57.35,0,0,0,0
2024,Colorado,6,8,608,160871,163320,1,1,49.62,0,0,0,0
2024,Connecticut,7,1,701,208649,115065,1,1,64.45,0,0,0,0
2024,Connecticut,7,2,702,218162,157878,1,1,58.02,0,0,0,0
2024,Connecticut,7,3,703,193684,135113,1,1,58.91,0,0,0,0
2024,Connecticut,7,4,704,200791,122793,1,1,62.05,0,0,0,0
2024,Connecticut,7,5,705,180268,157258,1,1,53.41,0,0,0,0
2024,Delaware,8,1,801,287830,209606,1,1,57.86,0,0,0,0
2024,Florida,9,1,901,140980,274108,1,1,33.96,0,0,0,0
2024,Florida,9,2,902,154323,247957,1,1,38.36,0,0,0,0
2024,Florida,9,3,903,150283,241174,1,1,38.39,0,0,0,0
2024,Florida,9,4,904,165912,222364,1,1,42.73,0,0,0,0
2024,Florida,9,5,905,156570,267471,1,1,36.92,0,0,0,0
2024,Florida,9,6,906,143050,284414,1,1,33.46,0,0,0,0
2024,Florida,9,7,907,179917,233937,1,1,43.47,0,0,0,0
2024,Florida,9,8,908,170096,280352,1,1,37.76,0,0,0,0
2024,Florida,9,9,909,178785,138076,1,1,56.42,0,0,0,0
2024,Florida,9,10,910,181455,109460,1,1,62.37,0,0,0,0
2024,Florida,9,11,911,176726,269277,1,1,39.62,0,0,0,0
2024,Florida,9,12,912,124949,306487,1,1,28.96,0,0,0,0
2024,Florida,9,13,913,185930,225636,1,1,45.18,0,0,0,0
2024,Florida,9,14,914,199423,145643,1,1,57.79,0,0,0,0
2024,Florida,9,15,915,152361,195334,1,1,43.82,0,0,0,0
2024,Florida,9,16,916,168625,247516,1,1,40.52,0,0,0,0
2024,Florida,9,17,917,164566,291347,1,1,36.1,0,0,0,0
2024,Florida,9,18,918,119637,225170,1,1,34.7,0,0,0,0
2024,Florida,9,19,919,140038,275708,1,1,33.68,0,0,0,0
2024,Florida,9,20,920,0,0,0,0,,1,0,0,0
2024,Florida,9,21,921,171312,277435,1,1,38.18,0,0,0,0
2024,Florida,9,22,922,201608,165248,1,1,54.96,0,0,0,0
2024,Florida,9,23,923,196311,178006,1,1,52.45,0,0,0,0
2024,Florida,9,24,924,194874,90692,1,1,68.24,0,0,0,0
2024,Florida,9,25,925,186942,156208,1,1,54.48,0,0,0,0
2024,Florida,9,26,926,89072,217199,1,1,29.08,0,0,0,0
2024,Florida,9,27,927,130708,199159,1,1,39.62,0,0,0,0
2024,Florida,9,28,928,115280,210057,1,1,35.43,0,0,0,0
2024,Georgia,10,1,1001,135281,220576,1,1,38.02,0,0,0,0
2024,Georgia,10,2,1002,176028,136473,1,1,56.33,0,0,0,0
2024,Georgia,10,3,1003,138749,273036,1,1,33.69,0,0,0,0
2024,Georgia,10,4,1004,229290,74071,1,1,75.58,0,0,0,0
2024,Georgia,10,5,1005,294470,49221,1,1,85.68,0,0,0,0
2024,Georgia,10,6,1006,277027,93909,1,1,74.68,0,0,0,0
2024,Georgia,10,7,1007,149535,275907,1,1,35.15,0,0,0,0
2024,Georgia,10,8,1008,104434,231547,1,1,31.08,0,0,0,0
2024,Georgia,10,9,1009,121754,271062,1,1,31.0,0,0,0,0
2024,Georgia,10,10,1010,150274,256442,1,1,36.95,0,0,0,0
2024,Georgia,10,11,1011,131064,269849,1,1,32.69,0,0,0,0
2024,Georgia,10,12,1012,135417,205849,1,1,39.68,0,0,0,0
2024,Georgia,10,13,1013,256902,100730,1,1,71.83,0,0,0,0
2024,Georgia,10,14,1014,134759,243446,1,1,35.63,0,0,0,0
2024,Hawaii,11,1,1101,164237,64373,1,1,71.84,0,0,0,0
2024,Hawaii,11,2,1102,166251,75471,1,1,68.78,0,0,0,0
2024,Idaho,12,1,1201,118656,331049,1,1,26.39,0,0,0,0
2024,Idaho,12,2,1202,126229,250119,1,1,33.54,0,0,0,0
2024,Illinois,13,1,1301,208398,108064,1,1,65.85,0,0,0,0
2024,Illinois,13,2,1302,195777,94004,1,1,67.56,0,0,0,0
2024,Illinois,13,3,1303,174825,84987,1,1,67.29,0,0,0,0
2024,Illinois,13,4,1304,139343,56323,1,1,71.21,0,0,0,0
2024,Illinois,13,5,1305,251025,112931,1,1,68.97,0,0,0,0
2024,Illinois,13,6,1306,196647,166116,1,1,54.21,0,0,0,0
2024,Illinois,13,7,1307,222408,44598,1,1,83.3,0,0,0,0
2024,Illinois,13,8,1308,172920,130153,1,1,57.06,0,0,0,0
2024,Illinois,13,9,1309,231722,107106,1,1,68.39,0,0,0,0
2024,Illinois,13,10,1310,196358,131025,1,1,59.98,0,0,0,0
2024,Illinois,13,11,1311,199825,159630,1,1,55.59,0,0,0,0
2024,Illinois,13,12,1312,94875,272754,1,1,25.81,0,0,0,0
2024,Illinois,13,13,1313,191339,137917,1,1,58.11,0,0,0,0
2024,Illinois,13,14,1314,183446,149464,1,1,55.1,0,0,0,0
2024,Illinois,13,15,1315,0,308825,0,1,,1,0,0,0
2024,Illinois,13,16,1316,0,310925,0,1,,1,0,0,0
2024,Illinois,13,17,1317,170261,142567,1,1,54.43,0,0,0,0
2024,Indiana,14,1,1401,172467,145056,1,1,54.32,0,0,0,0
2024,Indiana,14,2,1402,101962,184848,1,1,35.55,0,0,0,0
2024,Indiana,14,3,1403,97871,202653,1,1,32.57,0,0,0,0
2024,Indiana,14,4,1404,100091,209794,1,1,32.3,0,0,0,0
2024,Indiana,14,5,1405,136554,203293,1,1,40.18,0,0,0,0
2024,Indiana,14,6,1406,99841,201357,1,1,33.15,0,0,0,0
2024,Indiana,14,7,1407,185987,78792,1,1,70.24,0,0,0,0
2024,Indiana,14,8,1408,95311,219941,1,1,30.23,0,0,0,0
2024,Indiana,14,9,1409,113400,222884,1,1,33.72,0,0,0,0
2024,Iowa,15,1,1501,206156,206955,1,1,49.9,0,0,0,0
2024,Iowa,15,2,1502,169740,233340,1,1,42.11,0,0,0,0
2024,Iowa,15,3,1503,197962,213746,1,1,48.08,0,0,0,0
2024,Iowa,15,4,1504,122175,250522,1,1,32.78,0,0,0,0
2024,Kansas,16,1,1601,93965,210493,1,1,30.86,0,0,0,0
2024,Kansas,16,2,1602,115685,172847,1,1,40.09,0,0,0,0
2024,Kansas,16,3,1603,209871,167570,1,1,55.6,0,0,0,0
2024,Kansas,16,4,1604,106632,198465,1,1,34.95,0,0,0,0
2024,Kentucky,17,1,1701,85524,252729,1,1,25.28,0,0,0,0
2024,Kentucky,17,2,1702,93029,252826,1,1,26.9,0,0,0,0
2024,Kentucky,17,3,1703,203100,124713,1,1,61.96,0,0,0,0
2024,Kentucky,17,4,1704,0,278386,0,1,,1,0,0,0
2024,Kentucky,17,5,1705,0,261407,0,1,,1,0,0,0
2024,Kentucky,17,6,1706,130345,222293,1,1,36.96,0,0,0,0
2024,Louisiana,18,1,1801,85911,265028,1,3,24.48,0,0,1,0
2024,Louisiana,18,2,1802,216491,88693,2,3,70.94,0,0,1,0
2024,Louisiana,18,3,1803,81157,239525,2,2,25.31,0,0,1,0
2024,Louisiana,18,4,1804,0,306248,0,2,,0,1,1,0
2024,Louisiana,18,5,1805,82981,236870,1,2,25.94,0,0,1,0
2024,Louisiana,18,6,1806,184296,111737,4,1,62.26,0,0,1,0
2024,Maine,19,1,1901,249798,154849,1,1,61.73,0,0,0,0
2024,Maine,19,2,1902,197151,194445,1,1,50.35,0,0,0,0
2024,Maryland,20,1,2001,154985,246356,1,1,38.62,0,0,0,0
2024,Maryland,20,2,2002,223797,152079,1,1,59.54,0,0,0,0
2024,Maryland,20,3,2003,236681,151186,1,1,61.02,0,0,0,0
2024,Maryland,20,4,2004,239596,30454,1,1,88.72,0,0,0,0
2024,Maryland,20,5,2005,283619,133985,1,1,67.92,0,0,0,0
2024,Maryland,20,6,2006,199788,175974,1,1,53.17,0,0,0,0
2024,Maryland,20,7,2007,232849,49799,1,1,82.38,0,0,0,0
2024,Maryland,20,8,2008,292101,77821,1,1,78.96,0,0,0,0
2024,Massachusetts,21,1,2101,223325,0,1,0,,1,0,0,0
2024,Massachusetts,21,2,2102,251441,0,1,0,,1,0,0,0
2024,Massachusetts,21,3,2103,264698,0,1,0,,1,0,0,0
2024,Massachusetts,21,4,2104,289347,0,1,0,,1,0,0,0
2024,Massachusetts,21,5,2105,286689,0,1,0,,1,0,0,0
2024,Massachusetts,21,6,2106,321186,0,1,0,,1,0,0,0
2024,Massachusetts,21,7,2107,232094,0,1,0,,1,0,0,0
2024,Massachusetts,21,8,2108,265432,110638,1,1,70.58,0,0,0,0
2024,Massachusetts,21,9,2109,251931,193822,1,1,56.52,0,0,0,0
2024,Michigan,22,1,2201,180937,282264,1,1,39.06,0,0,0,0
2024,Michigan,22,2,2202,135824,279167,1,1,32.73,0,0,0,0
2024,Michigan,22,3,2203,225510,183952,1,1,55.07,0,0,0,0
2024,Michigan,22,4,2204,184641,234489,1,1,44.05,0,0,0,0
2024,Michigan,22,5,2205,134282,269215,1,1,33.28,0,0,0,0
2024,Michigan,22,6,2206,281162,158658,1,1,63.93,0,0,0,0
2024,Michigan,22,7,2207,209959,226722,1,1,48.08,0,0,0,0
2024,Michigan,22,8,2208,217490,189317,1,1,53.46,0,0,0,0
2024,Michigan,22,9,2209,138138,312593,1,1,30.65,0,0,0,0
2024,Michigan,22,10,2210,191363,217437,1,1,46.81,0,0,0,0
2024,Michigan,22,11,2211,260780,177432,1,1,59.51,0,0,0,0
2024,Michigan,22,12,2212,253354,92490,1,1,73.26,0,0,0,0
2024,Michigan,22,13,2213,220788,78917,1,1,73.67,0,0,0,0
2024,Minnesota,23,1,2301,156375,220929,1,1,41.45,0,0,0,0
2024,Minnesota,23,2,2302,231751,175621,1,1,56.89,0,0,0,0
2024,Minnesota,23,3,2303,240209,170427,1,1,58.5,0,0,0,0
2024,Minnesota,23,4,2304,242802,117618,1,1,67.37,0,0,0,0
2024,Minnesota,23,5,2305,261066,86213,1,1,75.17,0,0,0,0
2024,Minnesota,23,6,2306,155836,260095,1,1,37.47,0,0,0,0
2024,Minnesota,23,7,2307,114979,275098,1,1,29.48,0,0,0,0
2024,Minnesota,23,8,2308,176724,244498,1,1,41.96,0,0,0,0
2024,Mississippi,24,1,2401,96697,223589,1,1,30.19,0,0,0,0
2024,Mississippi,24,2,2402,177885,108956,1,1,62.02,0,0,0,0
2024,Mississippi,24,3,2403,0,265159,0,1,,1,0,0,0
2024,Mississippi,24,4,2404,75771,215095,1,1,26.05,0,0,0,0
2024,Missouri,25,1,2501,233312,56453,1,1,80.52,0,0,0,0
2024,Missouri,25,2,2502,182056,233444,1,1,43.82,0,0,0,0
2024,Missouri,25,3,2503,138532,240620,1,1,36.54,0,0,0,0
2024,Missouri,25,4,2504,96568,259886,1,1,27.09,0,0,0,0
2024,Missouri,25,5,2505,199900,120957,1,1,62.3,0,0,0,0
2024,Missouri,25,6,2506,100999,265210,1,1,27.58,0,0,0,0
2024,Missouri,25,7,2507,96655,263231,1,1,26.86,0,0,0,0
2024,Missouri,25,8,2508,77649,271249,1,1,22.26,0,0,0,0
2024,Montana,26,1,2601,143783,168529,1,1,46.04,0,0,0,0
2024,Montana,26,2,2602,93713,181832,1,1,34.01,0,0,0,0
2024,Nebraska,27,1,2701,124498,187559,1,1,39.9,0,0,0,0
2024,Nebraska,27,2,2702,154369,160198,1,1,49.07,0,0,0,0
2024,Nebraska,27,3,2703,59287,243481,1,1,19.58,0,0,0,0
2024,Nevada,28,1,2801,167885,143650,1,1,53.89,0,0,0,0
2024,Nevada,28,2,2802,0,219919,0,1,,1,0,0,0
2024,Nevada,28,3,2803,191304,181084,1,1,51.37,0,0,0,0
2024,Nevada,28,4,2804,174926,148061,1,1,54.16,0,0,0,0
2024,New Hampshire,29,1,2901,218577,185936,1,1,54.03,0,0,0,0
2024,New Hampshire,29,2,2902,211641,187810,1,1,52.98,0,0,0,0
2024,New Jersey,30,1,3001,208808,144390,1,1,59.12,0,0,0,0
2024,New Jersey,30,2,3002,153117,215946,1,1,41.49,0,0,0,0
2024,New Jersey,30,3,3003,202034,169454,1,1,54.39,0,0,0,0
2024,New Jersey,30,4,3004,124803,265652,1,1,31.96,0,0,0,0
2024,New Jersey,30,5,3005,208359,165287,1,1,55.76,0,0,0,0
2024,New Jersey,30,6,3006,170275,122519,1,1,58.16,0,0,0,0
2024,New Jersey,30,7,3007,200025,223331,1,1,47.25,0,0,0,0
2024,New Jersey,30,8,3008,116434,68152,1,1,63.08,0,0,0,0
2024,New Jersey,30,9,3009,130514,117939,1,1,52.53,0,0,0,0
2024,New Jersey,30,10,3010,182020,54405,1,1,76.99,0,0,0,0
2024,New Jersey,30,11,3011,222583,164556,1,1,57.49,0,0,0,0
2024,New Jersey,30,12,3012,196871,117222,1,1,62.68,0,0,0,0
2024,New Mexico,31,1,3101,193203,149546,1,1,56.37,0,0,0,0
2024,New Mexico,31,2,3102,138177,127145,1,1,52.08,0,0,0,0
2024,New Mexico,31,3,3103,162342,126085,1,1,56.29,0,0,0,0
2024,New York,32,1,3201,181647,226285,1,1,44.53,0,0,0,0
2024,New York,32,2,3202,136371,202597,1,1,40.23,0,0,0,0
2024,New York,32,3,3203,185491,174693,1,1,51.5,0,0,0,0
2024,New York,32,4,3204,190569,183157,1,1,50.99,0,0,0,0
2024,New York,32,5,3205,168425,56689,1,1,74.82,0,0,0,0
2024,New York,32,6,3206,120205,74559,1,1,61.72,0,0,0,0
2024,New York,32,7,3207,172795,48435,1,1,78.11,0,0,0,0
2024,New York,32,8,3208,168036,54863,1,1,75.39,0,0,0,0
2024,New York,32,9,3209,173207,60064,1,1,74.25,0,0,0,0
2024,New York,32,10,3210,206206,37555,1,1,84.59,0,0,0,0
2024,New York,32,11,3211,93586,167099,1,1,35.9,0,0,0,0
2024,New York,32,12,3212,260165,62989,1,1,80.51,0,0,0,0
2024,New York,32,13,3213,181800,35822,1,1,83.54,0,0,0,0
2024,New York,32,14,3214,132714,59078,1,1,69.2,0,0,0,0
2024,New York,32,15,3215,130392,36010,1,1,78.36,0,0,0,0
2024,New York,32,16,3216,217668,86408,1,1,71.58,0,0,0,0
2024,New York,32,17,3217,173899,197845,1,1,46.78,0,0,0,0
2024,New York,32,18,3218,207106,155129,1,1,57.17,0,0,0,0
2024,New York,32,19,3219,192647,184290,1,1,51.11,0,0,0,0
2024,New York,32,20,3220,221997,141151,1,1,61.13,0,0,0,0
2024,New York,32,21,3221,132447,215996,1,1,38.01,0,0,0,0
2024,New York,32,22,3222,194450,161939,1,1,54.56,0,0,0,0
2024,New York,32,23,3223,128397,246969,1,1,34.21,0,0,0,0
2024,New York,32,24,3224,123317,235867,1,1,34.33,0,0,0,0
2024,New York,32,25,3225,219175,141195,1,1,60.82,0,0,0,0
2024,New York,32,26,3226,209131,111772,1,1,65.17,0,0,0,0
2024,North Carolina,33,1,3301,186341,180034,1,1,50.86,0,0,0,0
2024,North Carolina,33,2,3302,268662,128164,1,1,67.7,0,0,0,0
2024,North Carolina,33,3,3303,0,248276,0,1,,1,0,0,0
2024,North Carolina,33,4,3304,308064,112084,1,1,73.32,0,0,0,0
2024,North Carolina,33,5,3305,162390,238304,1,1,40.53,0,0,0,0
2024,North Carolina,33,6,3306,0,233303,0,1,,1,0,0,0
2024,North Carolina,33,7,3307,179512,254022,1,1,41.41,0,0,0,0
2024,North Carolina,33,8,3308,161709,238640,1,1,40.39,0,0,0,0
2024,North Carolina,33,9,3309,140852,210042,1,1,40.14,0,0,0,0
2024,North Carolina,33,10,3310,155383,233814,1,1,39.92,0,0,0,0
2024,North Carolina,33,11,3311,186977,245546,1,1,43.23,0,0,0,0
2024,North Carolina,33,12,3312,259627,91128,1,1,74.02,0,0,0,0
2024,North Carolina,33,13,3313,171835,243655,1,1,41.36,0,0,0,0
2024,North Carolina,33,14,3314,168269,232987,1,1,41.94,0,0,0,0
2024,North Dakota,34,1,3401,109231,249101,1,1,30.48,0,0,0,0
2024,Ohio,35,1,3501,213916,177993,1,1,54.58,0,0,0,0
2024,Ohio,35,2,3502,96401,268211,1,1,26.44,0,0,0,0
2024,Ohio,35,3,3503,242632,100355,1,1,70.74,0,0,0,0
2024,Ohio,35,4,3504,125905,273297,1,1,31.54,0,0,0,0
2024,Ohio,35,5,3505,123024,255633,1,1,32.49,0,0,0,0
2024,Ohio,35,6,3506,122515,245860,1,1,33.26,0,0,0,0
2024,Ohio,35,7,3507,144613,204494,1,1,41.42,0,0,0,0
2024,Ohio,35,8,3508,140625,237503,1,1,37.19,0,0,0,0
2024,Ohio,35,9,3509,181098,178716,1,1,50.33,0,0,0,0
2024,Ohio,35,10,3510,145420,213695,1,1,40.49,0,0,0,0
2024,Ohio,35,11,3511,236883,59394,1,1,79.95,0,0,0,0
2024,Ohio,35,12,3512,119738,260450,1,1,31.49,0,0,0,0
2024,Ohio,35,13,3513,197466,188924,1,1,51.11,0,0,0,0
2024,Ohio,35,14,3514,140431,243427,1,1,36.58,0,0,0,0
2024,Ohio,35,15,3515,151411,196338,1,1,43.54,0,0,0,0
2024,Oklahoma,36,1,3601,107903,188832,1,1,36.36,0,0,0,0
2024,Oklahoma,36,2,3602,68841,238123,1,1,22.43,0,0,0,0
2024,Oklahoma,36,3,3603,0,0,0,0,,1,0,0,0
2024,Oklahoma,36,4,3604,86641,199962,1,1,30.23,0,0,0,0
2024,Oklahoma,36,5,3605,134471,207636,1,1,39.31,0,0,0,0
2024,Oregon,37,1,3701,241556,98908,1,1,70.95,0,0,0,0
2024,Oregon,37,2,3702,115337,224601,1,1,33.93,0,0,0,0
2024,Oregon,37,3,3703,226405,84344,1,1,72.86,0,0,0,0
2024,Oregon,37,4,3704,195862,166430,1,1,54.06,0,0,0,0
2024,Oregon,37,5,3705,191365,180420,1,1,51.47,0,0,0,0
2024,Oregon,37,6,3706,180869,157634,1,1,53.43,0,0,0,0
2024,Pennsylvania,38,1,3801,202042,261390,1,1,43.6,0,0,0,0
2024,Pennsylvania,38,2,3802,193691,77355,1,1,71.46,0,0,0,0
2024,Pennsylvania,38,3,3803,340223,0,1,0,,1,0,0,0
2024,Pennsylvania,38,4,3804,269066,186457,1,1,59.07,0,0,0,0
2024,Pennsylvania,38,5,3805,267754,142355,1,1,65.29,0,0,0,0
2024,Pennsylvania,38,6,3806,235625,183638,1,1,56.2,0,0,0,0
2024,Pennsylvania,38,7,3807,199626,203688,1,1,49.5,0,0,0,0
2024,Pennsylvania,38,8,3808,189411,195663,1,1,49.19,0,0,0,0
2024,Pennsylvania,38,9,3809,115523,276212,1,1,29.49,0,0,0,0
2024,Pennsylvania,38,10,3810,200434,205567,1,1,49.37,0,0,0,0
2024,Pennsylvania,38,11,3811,149641,253672,1,1,37.1,0,0,0,0
2024,Pennsylvania,38,12,3812,234802,181426,1,1,56.41,0,0,0,0
2024,Pennsylvania,38,13,3813,104823,301460,1,1,25.8,0,0,0,0
2024,Pennsylvania,38,14,3814,134755,268380,1,1,33.43,0,0,0,0
2024,Pennsylvania,38,15,3815,111408,279027,1,1,28.53,0,0,0,0
2024,Pennsylvania,38,16,3816,146709,256923,1,1,36.35,0,0,0,0
2024,Pennsylvania,38,17,3817,242838,207900,1,1,53.88,0,0,0,0
2024,Rhode Island,39,1,3901,139352,70742,1,1,66.33,0,0,0,0
2024,Rhode Island,39,2,3902,153439,109381,1,1,58.38,0,0,0,0
2024,South Carolina,40,1,4001,162582,227502,1,1,41.68,0,0,0,0
2024,South Carolina,40,2,4002,142985,211514,1,1,40.33,0,0,0,0
2024,South Carolina,40,3,4003,87735,248451,1,1,26.1,0,0,0,0
2024,South Carolina,40,4,4004,128976,206916,1,1,38.4,0,0,0,0
2024,South Carolina,40,5,4005,130592,228260,1,1,36.39,0,0,0,0
2024,South Carolina,40,6,4006,182056,112360,1,1,61.84,0,0,0,0
2024,South Carolina,40,7,4007,129522,240326,1,1,35.02,0,0,0,0
2024,South Dakota,41,1,4101,117818,303630,1,1,27.96,0,0,0,0
2024,Tennessee,42,1,4201,64021,257825,1,1,19.89,0,0,0,0
2024,Tennessee,42,2,4202,111316,250782,1,1,30.74,0,0,0,0
2024,Tennessee,42,3,4203,102841,236519,1,1,30.3,0,0,0,0
2024,Tennessee,42,4,4204,83832,219133,1,1,27.67,0,0,0,0
2024,Tennessee,42,5,4205,142387,205075,1,1,40.98,0,0,0,0
2024,Tennessee,42,6,4206,106144,225543,1,1,32.0,0,0,0,0
2024,Tennessee,42,7,4207,122764,191992,1,1,39.0,0,0,0,0
2024,Tennessee,42,8,4208,85043,240411,1,1,26.13,0,0,0,0
2024,Tennessee,42,9,4209,159522,57411,1,1,73.54,0,0,0,0
2024,Texas,43,1,4301,0,258523,0,1,,1,0,0,0
2024,Texas,43,2,4302,112252,214631,1,1,34.34,0,0,0,0
2024,Texas,43,3,4303,142953,237794,1,1,37.55,0,0,0,0
2024,Texas,43,4,4304,111696,241603,1,1,31.62,0,0,0,0
2024,Texas,43,5,4305,107712,192185,1,1,35.92,0,0,0,0
2024,Texas,43,6,4306,98319,188119,1,1,34.32,0,0,0,0
2024,Texas,43,7,4307,149820,94651,1,1,61.28,0,0,0,0
2024,Texas,43,8,4308,108754,233423,1,1,31.78,0,0,0,0
2024,Texas,43,9,4309,184141,0,1,0,,1,0,0,0
2024,Texas,43,10,4310,118280,221229,1,1,34.84,0,0,0,0
2024,Texas,43,11,4311,0,211975,0,1,,1,0,0,0
2024,Texas,43,12,4312,124154,215564,1,1,36.55,0,0,0,0
2024,Texas,43,13,4313,0,240622,0,1,,1,0,0,0
2024,Texas,43,14,4314,95875,210320,1,1,31.31,0,0,0,0
2024,Texas,43,15,4315,95965,127804,1,1,42.89,0,0,0,0
2024,Texas,43,16,4316,131391,89281,1,1,59.54,0,0,0,0
2024,Texas,43,17,4317,97941,193101,1,1,33.65,0,0,0,0
2024,Texas,43,18,4318,151834,66810,1,1,69.44,0,0,0,0
2024,Texas,43,19,4319,0,214950,0,1,,1,0,0,0
2024,Texas,43,20,4320,157890,0,1,0,,1,0,0,0
2024,Texas,43,21,4321,153765,263744,1,1,36.83,0,0,0,0
2024,Texas,43,22,4322,127604,209285,1,1,37.88,0,0,0,0
2024,Texas,43,23,4323,109373,180720,1,1,37.7,0,0,0,0
2024,Texas,43,24,4324,149518,227108,1,1,39.7,0,0,0,0
2024,Texas,43,25,4325,0,263042,0,1,,1,0,0,0
2024,Texas,43,26,4326,138558,241096,1,1,36.5,0,0,0,0
2024,Texas,43,27,4327,94596,183980,1,1,33.96,0,0,0,0
2024,Texas,43,28,4328,125280,112018,1,1,52.79,0,0,0,0
2024,Texas,43,29,4329,99379,52830,1,1,65.29,0,0,0,0
2024,Texas,43,30,4330,197650,0,1,0,,1,0,0,0
2024,Texas,43,31,4331,126470,229087,1,1,35.57,0,0,0,0
2024,Texas,43,32,4332,140536,85941,1,1,62.05,0,0,0,0
2024,Texas,43,33,4333,114289,51864,1,1,68.79,0,0,0,0
2024,Texas,43,34,4334,102780,97603,1,1,51.29,0,0,0,0
2024,Texas,43,35,4335,170509,82610,1,1,67.36,0,0,0,0
2024,Texas,43,36,4336,91009,206009,1,1,30.64,0,0,0,0
2024,Texas,43,37,4337,252980,80366,1,1,75.89,0,0,0,0
2024,Texas,43,38,4338,127640,215030,1,1,37.25,0,0,0,0
2024,Utah,44,1,4401,117319,230975,1,1,33.68,0,0,0,0
2024,Utah,44,2,4402,121114,205234,1,1,37.11,0,0,0,0
2024,Utah,44,3,4403,122780,242496,1,1,33.61,0,0,0,0
2024,Utah,44,4,4404,109838,230627,1,1,32.26,0,0,0,0
2024,Vermont,45,1,4501,218398,0,1,0,,1,0,0,0
2024,Virginia,46,1,4601,208445,269657,1,1,43.6,0,0,0,0
2024,Virginia,46,2,4602,191666,207368,1,1,48.03,0,0,0,0
2024,Virginia,46,3,4603,219926,93801,1,1,70.1,0,0,0,0
2024,Virginia,46,4,4604,252885,121814,1,1,67.49,0,0,0,0
2024,Virginia,46,5,4605,184229,249564,1,1,42.47,0,0,0,0
2024,Virginia,46,6,4606,141612,256933,1,1,35.53,0,0,0,0
2024,Virginia,46,7,4607,203336,192847,1,1,51.32,0,0,0,0
2024,Virginia,46,8,4608,274593,94676,1,1,74.36,0,0,0,0
2024,Virginia,46,9,4609,109570,290645,1,1,27.38,0,0,0,0
2024,Virginia,46,10,4610,215131,196343,1,1,52.28,0,0,0,0
2024,Virginia,46,11,4611,273529,134802,1,1,66.99,0,0,0,0
2024,Washington,47,1,4701,227213,132538,1,1,63.16,0,0,0,0
2024,Washington,47,2,4702,263750,148167,1,1,64.03,0,0,0,0
2024,Washington,47,3,4703,215177,199054,1,1,51.95,0,0,0,0
2024,Washington,47,4,4704,0,289652,0,2,,0,1,0,0
2024,Washington,47,5,4705,156074,240619,1,1,39.34,0,0,0,0
2024,Washington,47,6,4706,239687,182182,1,1,56.82,0,0,0,0
2024,Washington,47,7,4707,352286,66220,1,1,84.18,0,0,0,0
2024,Washington,47,8,4708,224607,190675,1,1,54.09,0,0,0,0
2024,Washington,47,9,4709,273381,0,2,0,,0,1,0,0
2024,Washington,47,10,4710,203732,143492,1,1,58.67,0,0,0,0
2024,West Virginia,48,1,4801,90038,228491,1,1,28.27,0,0,0,0
2024,West Virginia,48,2,4802,110775,268190,1,1,29.23,0,0,0,0
2024,Wisconsin,49,1,4901,172402,212515,1,1,44.79,0,0,0,0
2024,Wisconsin,49,2,4902,320317,136357,1,1,70.14,0,0,0,0
2024,Wisconsin,49,3,4903,200808,212064,1,1,48.64,0,0,0,0
2024,Wisconsin,49,4,4904,249938,74921,1,1,76.94,0,0,0,0
2024,Wisconsin,49,5,4905,165653,300521,1,1,35.53,0,0,0,0
2024,Wisconsin,49,6,4906,159042,251889,1,1,38.7,0,0,0,0
2024,Wisconsin,49,7,4907,156524,273553,1,1,36.39,0,0,0,0
2024,Wisconsin,49,8,4908,178666,240040,1,1,42.67,0,0,0,0
2024,Wyoming,50,1,5001,60778,184680,1,1,24.76,0,0,0,0
