"lines","pres_year","district","state_abb","cd","stcd","dem_pct","rep_pct","dpres"
"2012-2021",2008,"AL-01","AL",1,101,38.5,60.9,38.73
"2012-2021",2008,"AL-02","AL",2,102,35,64.5,35.18
"2012-2021",2008,"AL-03","AL",3,103,36.6,62.6,36.9
"2012-2021",2008,"AL-04","AL",4,104,25.5,73.3,25.81
"2012-2021",2008,"AL-05","AL",5,105,36.3,62.6,36.7
"2012-2021",2008,"AL-06","AL",6,106,25,74.1,25.23
"2012-2021",2008,"AL-07","AL",7,107,71.5,28.1,71.79
"2012-2021",2008,"AK-AL","AK",1,201,38.1,59.7,38.96
"2012-2021",2008,"AZ-01","AZ",1,301,47.8,51,48.38
"2012-2021",2008,"AZ-02","AZ",2,302,48.9,49.8,49.54
"2012-2021",2008,"AZ-03","AZ",3,303,58.2,40.7,58.85
"2012-2021",2008,"AZ-04","AZ",4,304,34.4,64.2,34.89
"2012-2021",2008,"AZ-05","AZ",5,305,36.3,62.6,36.7
"2012-2021",2008,"AZ-06","AZ",6,306,41.2,57.7,41.66
"2012-2021",2008,"AZ-07","AZ",7,307,64.7,34.1,65.49
"2012-2021",2008,"AZ-08","AZ",8,308,38.4,60.6,38.79
"2012-2021",2008,"AZ-09","AZ",9,309,51.3,47.4,51.98
"2012-2021",2008,"AR-01","AR",1,401,39.2,58,40.33
"2012-2021",2008,"AR-02","AR",2,402,44.3,53.8,45.16
"2012-2021",2008,"AR-03","AR",3,403,33.9,63.7,34.73
"2012-2021",2008,"AR-04","AR",4,404,37.4,59.9,38.44
"2012-2021",2008,"CO-01","CO",1,601,70.9,27.6,71.98
"2012-2021",2008,"CO-02","CO",2,602,61.2,37.2,62.2
"2012-2021",2008,"CO-03","CO",3,603,48.4,49.9,49.24
"2012-2021",2008,"CO-04","CO",4,604,41.9,56.4,42.62
"2012-2021",2008,"CO-05","CO",5,605,39.7,58.8,40.3
"2012-2021",2008,"CO-06","CO",6,606,53.6,44.9,54.42
"2012-2021",2008,"CO-07","CO",7,607,57.4,40.7,58.51
"2012-2021",2008,"CT-01","CT",1,701,65.8,32.9,66.67
"2012-2021",2008,"CT-02","CT",2,702,58.6,40,59.43
"2012-2021",2008,"CT-03","CT",3,703,62.6,36.2,63.36
"2012-2021",2008,"CT-04","CT",4,704,59.6,39.7,60.02
"2012-2021",2008,"CT-05","CT",5,705,56.4,42.4,57.09
"2012-2021",2008,"DE-AL","DE",1,801,61.9,36.9,62.65
"2012-2021",2008,"GA-01","GA",1,1001,44.4,55,44.67
"2012-2021",2008,"GA-02","GA",2,1002,57.9,41.6,58.19
"2012-2021",2008,"GA-03","GA",3,1003,34,65.3,34.24
"2012-2021",2008,"GA-04","GA",4,1004,73.2,26.3,73.57
"2012-2021",2008,"GA-05","GA",5,1005,84.4,15,84.91
"2012-2021",2008,"GA-06","GA",6,1006,40.1,59,40.46
"2012-2021",2008,"GA-07","GA",7,1007,39.1,60.1,39.42
"2012-2021",2008,"GA-08","GA",8,1008,37.8,61.6,38.03
"2012-2021",2008,"GA-09","GA",9,1009,24.3,74.7,24.55
"2012-2021",2008,"GA-10","GA",10,1010,38.8,60.4,39.11
"2012-2021",2008,"GA-11","GA",11,1011,34.7,64.3,35.05
"2012-2021",2008,"GA-12","GA",12,1012,43.9,55.6,44.12
"2012-2021",2008,"GA-13","GA",13,1013,67.1,32.3,67.51
"2012-2021",2008,"GA-14","GA",14,1014,27.8,71,28.14
"2012-2021",2008,"HI-01","HI",1,1101,70.3,28.3,71.3
"2012-2021",2008,"HI-02","HI",2,1102,73.4,24.9,74.67
"2012-2021",2008,"ID-01","ID",1,1201,35.1,62.5,35.96
"2012-2021",2008,"ID-02","ID",2,1202,37.1,60.5,38.01
"2012-2021",2008,"IL-01","IL",1,1301,80.8,18.5,81.37
"2012-2021",2008,"IL-02","IL",2,1302,81.1,18.2,81.67
"2012-2021",2008,"IL-03","IL",3,1303,58.3,40.4,59.07
"2012-2021",2008,"IL-04","IL",4,1304,80.5,18.2,81.56
"2012-2021",2008,"IL-05","IL",5,1305,69.9,28.8,70.82
"2012-2021",2008,"IL-06","IL",6,1306,51.3,47.3,52.03
"2012-2021",2008,"IL-07","IL",7,1307,89.4,9.9,90.03
"2012-2021",2008,"IL-08","IL",8,1308,61.5,37.1,62.37
"2012-2021",2008,"IL-09","IL",9,1309,68.6,30.3,69.36
"2012-2021",2008,"IL-10","IL",10,1310,63,35.9,63.7
"2012-2021",2008,"IL-11","IL",11,1311,61.3,37.5,62.04
"2012-2021",2008,"IL-12","IL",12,1312,54.7,43.6,55.65
"2012-2021",2008,"IL-13","IL",13,1313,54.6,43.6,55.6
"2012-2021",2008,"IL-14","IL",14,1314,50.7,48,51.37
"2012-2021",2008,"IL-15","IL",15,1315,42.8,55.4,43.58
"2012-2021",2008,"IL-16","IL",16,1316,50,48.2,50.92
"2012-2021",2008,"IL-17","IL",17,1317,60,38.5,60.91
"2012-2021",2008,"IL-18","IL",18,1318,44.1,54.4,44.77
"2012-2021",2008,"IN-01","IN",1,1401,63.3,35.8,63.87
"2012-2021",2008,"IN-02","IN",2,1402,49.6,49.3,50.15
"2012-2021",2008,"IN-03","IN",3,1403,43,56,43.43
"2012-2021",2008,"IN-04","IN",4,1404,44.6,54.2,45.14
"2012-2021",2008,"IN-05","IN",5,1405,46.6,52.6,46.98
"2012-2021",2008,"IN-06","IN",6,1406,43.6,55,44.22
"2012-2021",2008,"IN-07","IN",7,1407,66.3,32.8,66.9
"2012-2021",2008,"IN-08","IN",8,1408,48.1,50.6,48.73
"2012-2021",2008,"IN-09","IN",9,1409,46.2,52.7,46.71
"2012-2021",2008,"IA-01","IA",1,1501,58.5,40.4,59.15
"2012-2021",2008,"IA-02","IA",2,1502,57.1,41.6,57.85
"2012-2021",2008,"IA-03","IA",3,1503,52.4,46.3,53.09
"2012-2021",2008,"IA-04","IA",4,1504,48.5,50.2,49.14
"2012-2021",2008,"KS-01","KS",1,1601,31,67.2,31.57
"2012-2021",2008,"KS-02","KS",2,1602,45.3,52.8,46.18
"2012-2021",2008,"KS-03","KS",3,1603,48.8,49.9,49.44
"2012-2021",2008,"KS-04","KS",4,1604,39.5,58.6,40.27
"2012-2021",2008,"KY-01","KY",1,1701,36.9,61.6,37.46
"2012-2021",2008,"KY-02","KY",2,1702,37.2,61.5,37.69
"2012-2021",2008,"KY-03","KY",3,1703,56.2,42.8,56.77
"2012-2021",2008,"KY-04","KY",4,1704,37,61.5,37.56
"2012-2021",2008,"KY-05","KY",5,1705,31.6,66.6,32.18
"2012-2021",2008,"KY-06","KY",6,1706,44.8,53.7,45.48
"2012-2021",2008,"LA-01","LA",1,1801,25.3,72.7,25.82
"2012-2021",2008,"LA-02","LA",2,1802,73.4,25.4,74.29
"2012-2021",2008,"LA-03","LA",3,1803,34.1,64.2,34.69
"2012-2021",2008,"LA-04","LA",4,1804,39.9,58.9,40.38
"2012-2021",2008,"LA-05","LA",5,1805,36.7,62,37.18
"2012-2021",2008,"LA-06","LA",6,1806,30.9,67.5,31.4
"2012-2021",2008,"ME-01","ME",1,1901,60.7,37.5,61.81
"2012-2021",2008,"ME-02","ME",2,1902,54.6,43.4,55.71
"2012-2021",2008,"MD-01","MD",1,2001,38.4,59.6,39.18
"2012-2021",2008,"MD-02","MD",2,2002,60.6,37.5,61.77
"2012-2021",2008,"MD-03","MD",3,2003,60.1,38,61.26
"2012-2021",2008,"MD-04","MD",4,2004,77.3,21.8,78
"2012-2021",2008,"MD-05","MD",5,2005,65.1,33.6,65.96
"2012-2021",2008,"MD-06","MD",6,2006,56.3,42,57.27
"2012-2021",2008,"MD-07","MD",7,2007,76.2,22.4,77.28
"2012-2021",2008,"MD-08","MD",8,2008,62.8,35.6,63.82
"2012-2021",2008,"MA-01","MA",1,2101,64.1,33.7,65.54
"2012-2021",2008,"MA-02","MA",2,2102,60.4,37.5,61.7
"2012-2021",2008,"MA-03","MA",3,2103,58.8,39.4,59.88
"2012-2021",2008,"MA-04","MA",4,2104,60.4,37.9,61.44
"2012-2021",2008,"MA-05","MA",5,2105,66.2,32.1,67.34
"2012-2021",2008,"MA-06","MA",6,2106,56.9,41.4,57.88
"2012-2021",2008,"MA-07","MA",7,2107,81.9,16.7,83.06
"2012-2021",2008,"MA-08","MA",8,2108,57.9,40.5,58.84
"2012-2021",2008,"MA-09","MA",9,2109,57.8,40.6,58.74
"2012-2021",2008,"MI-01","MI",1,2201,49.7,48.4,50.66
"2012-2021",2008,"MI-02","MI",2,2202,48,50.3,48.83
"2012-2021",2008,"MI-03","MI",3,2203,49.7,48.6,50.56
"2012-2021",2008,"MI-04","MI",4,2204,49.6,48.6,50.51
"2012-2021",2008,"MI-05","MI",5,2205,63,35.3,64.09
"2012-2021",2008,"MI-06","MI",6,2206,53.1,45.2,54.02
"2012-2021",2008,"MI-07","MI",7,2207,50.8,47.4,51.73
"2012-2021",2008,"MI-08","MI",8,2208,52,46.4,52.85
"2012-2021",2008,"MI-09","MI",9,2209,58.1,40.1,59.16
"2012-2021",2008,"MI-10","MI",10,2210,48,50,48.98
"2012-2021",2008,"MI-11","MI",11,2211,50.2,48.3,50.96
"2012-2021",2008,"MI-12","MI",12,2212,66.9,31.4,68.06
"2012-2021",2008,"MI-13","MI",13,2213,84.8,14.2,85.66
"2012-2021",2008,"MI-14","MI",14,2214,82.2,17.1,82.78
"2012-2021",2008,"MN-01","MN",1,2301,50.8,46.7,52.1
"2012-2021",2008,"MN-02","MN",2,2302,50.5,47.6,51.48
"2012-2021",2008,"MN-03","MN",3,2303,51,47.4,51.83
"2012-2021",2008,"MN-04","MN",4,2304,62.6,35.5,63.81
"2012-2021",2008,"MN-05","MN",5,2305,73.4,24.5,74.97
"2012-2021",2008,"MN-06","MN",6,2306,43.2,54.7,44.13
"2012-2021",2008,"MN-07","MN",7,2307,47.1,50.4,48.31
"2012-2021",2008,"MN-08","MN",8,2308,53.1,44.5,54.41
"2012-2021",2008,"MS-01","MS",1,2401,36.6,62.4,36.97
"2012-2021",2008,"MS-02","MS",2,2402,64.2,35.2,64.59
"2012-2021",2008,"MS-03","MS",3,2403,38.4,60.8,38.71
"2012-2021",2008,"MS-04","MS",4,2404,31.1,67.9,31.41
"2012-2021",2008,"MO-01","MO",1,2501,80.3,18.6,81.19
"2012-2021",2008,"MO-02","MO",2,2502,46.4,52.6,46.87
"2012-2021",2008,"MO-03","MO",3,2503,42.8,55.8,43.41
"2012-2021",2008,"MO-04","MO",4,2504,41.9,56.5,42.58
"2012-2021",2008,"MO-05","MO",5,2505,62,36.8,62.75
"2012-2021",2008,"MO-06","MO",6,2506,43.1,55.3,43.8
"2012-2021",2008,"MO-07","MO",7,2507,35.3,63.1,35.87
"2012-2021",2008,"MO-08","MO",8,2508,38.3,60,38.96
"2012-2021",2008,"MT-AL","MT",1,2601,47.3,49.5,48.86
"2012-2021",2008,"NE-01","NE",1,2701,44.2,54.3,44.87
"2012-2021",2008,"NE-02","NE",2,2702,50,48.8,50.61
"2012-2021",2008,"NE-03","NE",3,2703,31.1,67.1,31.67
"2012-2021",2008,"NV-01","NV",1,2801,64.5,33,66.15
"2012-2021",2008,"NV-02","NV",2,2802,49.4,48.2,50.61
"2012-2021",2008,"NV-03","NV",3,2803,53.5,44.6,54.54
"2012-2021",2008,"NV-04","NV",4,2804,56.4,41.4,57.67
"2012-2021",2008,"NH-01","NH",1,2901,52.8,46.4,53.23
"2012-2021",2008,"NH-02","NH",2,2902,56,43.1,56.51
"2012-2021",2008,"NJ-01","NJ",1,3001,64.7,34.2,65.42
"2012-2021",2008,"NJ-02","NJ",2,3002,53.2,45.5,53.9
"2012-2021",2008,"NJ-03","NJ",3,3003,51.1,47.7,51.72
"2012-2021",2008,"NJ-04","NJ",4,3004,45.3,53.6,45.8
"2012-2021",2008,"NJ-05","NJ",5,3005,48.5,50.5,48.99
"2012-2021",2008,"NJ-06","NJ",6,3006,58.4,40.5,59.05
"2012-2021",2008,"NJ-07","NJ",7,3007,47.2,51.6,47.77
"2012-2021",2008,"NJ-08","NJ",8,3008,73.2,26,73.79
"2012-2021",2008,"NJ-09","NJ",9,3009,64,35.2,64.52
"2012-2021",2008,"NJ-10","NJ",10,3010,84.9,14.6,85.33
"2012-2021",2008,"NJ-11","NJ",11,3011,47,52.1,47.43
"2012-2021",2008,"NJ-12","NJ",12,3012,65.7,33.3,66.36
"2012-2021",2008,"NM-01","NM",1,3101,59.7,39,60.49
"2012-2021",2008,"NM-02","NM",2,3102,48.4,50.2,49.09
"2012-2021",2008,"NM-03","NM",3,3103,61.2,37.5,62.01
"2012-2021",2008,"NY-01","NY",1,3201,51,48,51.52
"2012-2021",2008,"NY-02","NY",2,3202,51,48,51.52
"2012-2021",2008,"NY-03","NY",3,3203,54,46,54
"2012-2021",2008,"NY-04","NY",4,3204,55,44,55.56
"2012-2021",2008,"NY-05","NY",5,3205,86,14,86
"2012-2021",2008,"NY-06","NY",6,3206,63,36,63.64
"2012-2021",2008,"NY-07","NY",7,3207,84,15,84.85
"2012-2021",2008,"NY-08","NY",8,3208,86,14,86
"2012-2021",2008,"NY-09","NY",9,3209,84,15,84.85
"2012-2021",2008,"NY-10","NY",10,3210,76,23,76.77
"2012-2021",2008,"NY-11","NY",11,3211,48,51,48.48
"2012-2021",2008,"NY-12","NY",12,3212,80,19,80.81
"2012-2021",2008,"NY-13","NY",13,3213,93,6,93.94
"2012-2021",2008,"NY-14","NY",14,3214,76,23,76.77
"2012-2021",2008,"NY-15","NY",15,3215,95,5,95
"2012-2021",2008,"NY-16","NY",16,3216,73,26,73.74
"2012-2021",2008,"NY-17","NY",17,3217,58,41,58.59
"2012-2021",2008,"NY-18","NY",18,3218,52,47,52.53
"2012-2021",2008,"NY-19","NY",19,3219,53,45,54.08
"2012-2021",2008,"NY-20","NY",20,3220,58,40,59.18
"2012-2021",2008,"NY-21","NY",21,3221,52,47,52.53
"2012-2021",2008,"NY-22","NY",22,3222,49,49,50
"2012-2021",2008,"NY-23","NY",23,3223,50,49,50.51
"2012-2021",2008,"NY-24","NY",24,3224,56,42,57.14
"2012-2021",2008,"NY-25","NY",25,3225,59,40,59.6
"2012-2021",2008,"NY-26","NY",26,3226,63,35,64.29
"2012-2021",2008,"NY-27","NY",27,3227,44,54,44.9
"2012-2021",2008,"NC-01","NC",1,3301,56.6,43.1,56.77
"2012-2021",2008,"NC-02","NC",2,3302,58.7,40.7,59.05
"2012-2021",2008,"NC-03","NC",3,3303,42.5,57,42.71
"2012-2021",2008,"NC-04","NC",4,3304,64.6,34.8,64.99
"2012-2021",2008,"NC-05","NC",5,3305,37.6,61.6,37.9
"2012-2021",2008,"NC-06","NC",6,3306,59.7,39.8,60
"2012-2021",2008,"NC-07","NC",7,3307,43.7,55.8,43.92
"2012-2021",2008,"NC-08","NC",8,3308,48,51.5,48.24
"2012-2021",2008,"NC-09","NC",9,3309,45.8,53.7,46.03
"2012-2021",2008,"NC-10","NC",10,3310,36.9,62.3,37.2
"2012-2021",2008,"NC-11","NC",11,3311,45.8,53.4,46.17
"2012-2021",2008,"NC-12","NC",12,3312,67,32.5,67.34
"2012-2021",2008,"NC-13","NC",13,3313,37,62.2,37.3
"2012-2021",2008,"ND-AL","ND",1,3401,44.6,53.3,45.56
"2012-2021",2008,"OH-01","OH",1,3501,47.2,51.8,47.68
"2012-2021",2008,"OH-02","OH",2,3502,44.3,54.2,44.97
"2012-2021",2008,"OH-03","OH",3,3503,67.4,31.3,68.29
"2012-2021",2008,"OH-04","OH",4,3504,43.7,54.4,44.55
"2012-2021",2008,"OH-05","OH",5,3505,46,52.2,46.84
"2012-2021",2008,"OH-06","OH",6,3506,44.7,53.1,45.71
"2012-2021",2008,"OH-07","OH",7,3507,46.9,50.9,47.96
"2012-2021",2008,"OH-08","OH",8,3508,38.1,60.3,38.72
"2012-2021",2008,"OH-09","OH",9,3509,66.8,31.6,67.89
"2012-2021",2008,"OH-10","OH",10,3510,49.3,49.3,50
"2012-2021",2008,"OH-11","OH",11,3511,82,17.2,82.66
"2012-2021",2008,"OH-12","OH",12,3512,44.8,53.7,45.48
"2012-2021",2008,"OH-13","OH",13,3513,62.3,35.8,63.51
"2012-2021",2008,"OH-14","OH",14,3514,49.1,49.4,49.85
"2012-2021",2008,"OH-15","OH",15,3515,46.1,52.2,46.9
"2012-2021",2008,"OH-16","OH",16,3516,47.2,51.3,47.92
"2012-2021",2008,"OK-01","OK",1,3601,35.8,64.2,35.8
"2012-2021",2008,"OK-02","OK",2,3602,34.3,65.7,34.3
"2012-2021",2008,"OK-03","OK",3,3603,27.1,72.9,27.1
"2012-2021",2008,"OK-04","OK",4,3604,33.9,66.1,33.9
"2012-2021",2008,"OK-05","OK",5,3605,40.8,59.2,40.8
"2012-2021",2008,"OR-01","OR",1,3701,59.6,37.7,61.25
"2012-2021",2008,"OR-02","OR",2,3702,43.3,53.8,44.59
"2012-2021",2008,"OR-03","OR",3,3703,72.9,24.3,75
"2012-2021",2008,"OR-04","OR",4,3704,54.2,42.7,55.93
"2012-2021",2008,"OR-05","OR",5,3705,53,44.2,54.53
"2012-2021",2008,"RI-01","RI",1,3901,66.6,31.8,67.68
"2012-2021",2008,"RI-02","RI",2,3902,59.9,38.3,61
"2012-2021",2008,"SC-01","SC",1,4001,42.7,56.1,43.22
"2012-2021",2008,"SC-02","SC",2,4002,39.4,59.5,39.84
"2012-2021",2008,"SC-03","SC",3,4003,35.1,63.5,35.6
"2012-2021",2008,"SC-04","SC",4,4004,37.7,60.6,38.35
"2012-2021",2008,"SC-05","SC",5,4005,43.8,55,44.33
"2012-2021",2008,"SC-06","SC",6,4006,70.1,28.9,70.81
"2012-2021",2008,"SC-07","SC",7,4007,45.3,53.6,45.8
"2012-2021",2008,"SD-AL","SD",1,4101,44.7,53.2,45.66
"2012-2021",2008,"TN-01","TN",1,4201,28.6,69.9,29.04
"2012-2021",2008,"TN-02","TN",2,4202,34.5,64,35.03
"2012-2021",2008,"TN-03","TN",3,4203,37.3,61.3,37.83
"2012-2021",2008,"TN-04","TN",4,4204,35.8,62.6,36.38
"2012-2021",2008,"TN-05","TN",5,4205,57.5,41.3,58.2
"2012-2021",2008,"TN-06","TN",6,4206,33.5,64.9,34.04
"2012-2021",2008,"TN-07","TN",7,4207,36.3,62.4,36.78
"2012-2021",2008,"TN-08","TN",8,4208,34.9,64.1,35.25
"2012-2021",2008,"TN-09","TN",9,4209,77,22.5,77.39
"2012-2021",2008,"TX-01","TX",1,4301,30,69,30.3
"2012-2021",2008,"TX-02","TX",2,4302,37,62,37.37
"2012-2021",2008,"TX-03","TX",3,4303,37,61,37.76
"2012-2021",2008,"TX-04","TX",4,4304,29,70,29.29
"2012-2021",2008,"TX-05","TX",5,4305,37,62,37.37
"2012-2021",2008,"TX-06","TX",6,4306,42,57,42.42
"2012-2021",2008,"TX-07","TX",7,4307,40,59,40.4
"2012-2021",2008,"TX-08","TX",8,4308,26,73,26.26
"2012-2021",2008,"TX-09","TX",9,4309,76,23,76.77
"2012-2021",2008,"TX-10","TX",10,4310,43,56,43.43
"2012-2021",2008,"TX-11","TX",11,4311,23,76,23.23
"2012-2021",2008,"TX-12","TX",12,4312,35,64,35.35
"2012-2021",2008,"TX-13","TX",13,4313,22,77,22.22
"2012-2021",2008,"TX-14","TX",14,4314,42,57,42.42
"2012-2021",2008,"TX-15","TX",15,4315,57,42,57.58
"2012-2021",2008,"TX-16","TX",16,4316,64,35,64.65
"2012-2021",2008,"TX-17","TX",17,4317,41,58,41.41
"2012-2021",2008,"TX-18","TX",18,4318,77,23,77
"2012-2021",2008,"TX-19","TX",19,4319,28,71,28.28
"2012-2021",2008,"TX-20","TX",20,4320,58,41,58.59
"2012-2021",2008,"TX-21","TX",21,4321,42,56,42.86
"2012-2021",2008,"TX-22","TX",22,4322,39,60,39.39
"2012-2021",2008,"TX-23","TX",23,4323,50,49,50.51
"2012-2021",2008,"TX-24","TX",24,4324,41,58,41.41
"2012-2021",2008,"TX-25","TX",25,4325,43,56,43.43
"2012-2021",2008,"TX-26","TX",26,4326,35,64,35.35
"2012-2021",2008,"TX-27","TX",27,4327,40,59,40.4
"2012-2021",2008,"TX-28","TX",28,4328,58,41,58.59
"2012-2021",2008,"TX-29","TX",29,4329,62,37,62.63
"2012-2021",2008,"TX-30","TX",30,4330,78,21,78.79
"2012-2021",2008,"TX-31","TX",31,4331,43,56,43.43
"2012-2021",2008,"TX-32","TX",32,4332,44,55,44.44
"2012-2021",2008,"TX-33","TX",33,4333,69,31,69
"2012-2021",2008,"TX-34","TX",34,4334,60,39,60.61
"2012-2021",2008,"TX-35","TX",35,4335,63,35,64.29
"2012-2021",2008,"TX-36","TX",36,4336,30,69,30.3
"2012-2021",2008,"UT-01","UT",1,4401,29.4,67.7,30.28
"2012-2021",2008,"UT-02","UT",2,4402,38.4,58.5,39.63
"2012-2021",2008,"UT-03","UT",3,4403,29.5,67.5,30.41
"2012-2021",2008,"UT-04","UT",4,4404,40.9,56.1,42.16
"2012-2021",2008,"VT-AL","VT",1,4501,67.8,30.6,68.9
"2012-2021",2008,"WA-01","WA",1,4701,56.3,41.9,57.33
"2012-2021",2008,"WA-02","WA",2,4702,60.5,37.6,61.67
"2012-2021",2008,"WA-03","WA",3,4703,50.9,47.1,51.94
"2012-2021",2008,"WA-04","WA",4,4704,39.2,58.9,39.96
"2012-2021",2008,"WA-05","WA",5,4705,46.3,51.2,47.49
"2012-2021",2008,"WA-06","WA",6,4706,57,40.9,58.22
"2012-2021",2008,"WA-07","WA",7,4707,80.4,18,81.71
"2012-2021",2008,"WA-08","WA",8,4708,51.5,46.8,52.39
"2012-2021",2008,"WA-09","WA",9,4709,68.6,29.9,69.64
"2012-2021",2008,"WA-10","WA",10,4710,57.2,41,58.25
"2012-2021",2008,"WV-01","WV",1,4801,41.5,56.7,42.26
"2012-2021",2008,"WV-02","WV",2,4802,43.9,54.7,44.52
"2012-2021",2008,"WV-03","WV",3,4803,42.3,55.7,43.16
"2012-2021",2008,"WI-01","WI",1,4901,50.8,48.1,51.37
"2012-2021",2008,"WI-02","WI",2,4902,70.1,28.6,71.02
"2012-2021",2008,"WI-03","WI",3,4903,59.4,39.1,60.3
"2012-2021",2008,"WI-04","WI",4,4904,74.4,24.6,75.15
"2012-2021",2008,"WI-05","WI",5,4905,41.8,57.2,42.22
"2012-2021",2008,"WI-06","WI",6,4906,49.4,49.3,50.05
"2012-2021",2008,"WI-07","WI",7,4907,53.2,45.3,54.01
"2012-2021",2008,"WI-08","WI",8,4908,53.7,45,54.41
"2012-2021",2008,"WY-AL","WY",1,5001,32.7,65.2,33.4
"2012-2021",2012,"AL-01","AL",1,101,37.4,61.8,37.7
"2012-2021",2012,"AL-02","AL",2,102,36.4,62.9,36.66
"2012-2021",2012,"AL-03","AL",3,103,36.8,62.3,37.13
"2012-2021",2012,"AL-04","AL",4,104,24,74.8,24.29
"2012-2021",2012,"AL-05","AL",5,105,34.9,63.9,35.32
"2012-2021",2012,"AL-06","AL",6,106,24.7,74.3,24.95
"2012-2021",2012,"AL-07","AL",7,107,72.4,27.1,72.76
"2012-2021",2012,"AK-AL","AK",1,201,41.2,55.3,42.69
"2012-2021",2012,"AZ-01","AZ",1,301,47.9,50.4,48.73
"2012-2021",2012,"AZ-02","AZ",2,302,48.4,49.9,49.24
"2012-2021",2012,"AZ-03","AZ",3,303,61.4,36.9,62.46
"2012-2021",2012,"AZ-04","AZ",4,304,31,67.2,31.57
"2012-2021",2012,"AZ-05","AZ",5,305,34.6,63.8,35.16
"2012-2021",2012,"AZ-06","AZ",6,306,38.8,59.5,39.47
"2012-2021",2012,"AZ-07","AZ",7,307,71.7,26.5,73.01
"2012-2021",2012,"AZ-08","AZ",8,308,36.9,61.7,37.42
"2012-2021",2012,"AZ-09","AZ",9,309,51.1,46.6,52.3
"2012-2021",2012,"AR-01","AR",1,401,36.3,61,37.31
"2012-2021",2012,"AR-02","AR",2,402,42.9,54.7,43.95
"2012-2021",2012,"AR-03","AR",3,403,31.6,65.5,32.54
"2012-2021",2012,"AR-04","AR",4,404,35.9,61.8,36.75
"2012-2021",2012,"CA-01","CA",1,501,40.3,56.6,41.59
"2012-2021",2012,"CA-02","CA",2,502,69,27,71.88
"2012-2021",2012,"CA-03","CA",3,503,54.3,43.1,55.75
"2012-2021",2012,"CA-04","CA",4,504,39.5,57.9,40.55
"2012-2021",2012,"CA-05","CA",5,505,69.7,27.5,71.71
"2012-2021",2012,"CA-06","CA",6,506,69.1,28.3,70.94
"2012-2021",2012,"CA-07","CA",7,507,50.8,46.8,52.05
"2012-2021",2012,"CA-08","CA",8,508,41.7,55.6,42.86
"2012-2021",2012,"CA-09","CA",9,509,57.8,40.1,59.04
"2012-2021",2012,"CA-10","CA",10,510,50.6,47,51.84
"2012-2021",2012,"CA-11","CA",11,511,67.6,30,69.26
"2012-2021",2012,"CA-12","CA",12,512,84.1,12.5,87.06
"2012-2021",2012,"CA-13","CA",13,513,87.5,9,90.67
"2012-2021",2012,"CA-14","CA",14,514,74.2,23.6,75.87
"2012-2021",2012,"CA-15","CA",15,515,68,29.8,69.53
"2012-2021",2012,"CA-16","CA",16,516,58.6,39.4,59.8
"2012-2021",2012,"CA-17","CA",17,517,71.9,25.5,73.82
"2012-2021",2012,"CA-18","CA",18,518,68.2,28.9,70.24
"2012-2021",2012,"CA-19","CA",19,519,71.2,26.5,72.88
"2012-2021",2012,"CA-20","CA",20,520,70.9,26.2,73.02
"2012-2021",2012,"CA-21","CA",21,521,54.6,43.5,55.66
"2012-2021",2012,"CA-22","CA",22,522,41.6,56.6,42.36
"2012-2021",2012,"CA-23","CA",23,523,36.1,61.5,36.99
"2012-2021",2012,"CA-24","CA",24,524,54.1,43.1,55.66
"2012-2021",2012,"CA-25","CA",25,525,47.9,49.7,49.08
"2012-2021",2012,"CA-26","CA",26,526,54,43.7,55.27
"2012-2021",2012,"CA-27","CA",27,527,62.6,35,64.14
"2012-2021",2012,"CA-28","CA",28,528,70.3,26.5,72.62
"2012-2021",2012,"CA-29","CA",29,529,77,20.5,78.97
"2012-2021",2012,"CA-30","CA",30,530,65.3,32.1,67.04
"2012-2021",2012,"CA-31","CA",31,531,57.2,40.6,58.49
"2012-2021",2012,"CA-32","CA",32,532,65.2,32.5,66.73
"2012-2021",2012,"CA-33","CA",33,533,60.6,36.8,62.22
"2012-2021",2012,"CA-34","CA",34,534,83,14.1,85.48
"2012-2021",2012,"CA-35","CA",35,535,67.4,30.6,68.78
"2012-2021",2012,"CA-36","CA",36,536,50.7,47.5,51.63
"2012-2021",2012,"CA-37","CA",37,537,84.9,12.7,86.99
"2012-2021",2012,"CA-38","CA",38,538,64.9,33,66.29
"2012-2021",2012,"CA-39","CA",39,539,47.1,50.8,48.11
"2012-2021",2012,"CA-40","CA",40,540,81.5,16.5,83.16
"2012-2021",2012,"CA-41","CA",41,541,61.5,36.3,62.88
"2012-2021",2012,"CA-42","CA",42,542,41.4,56.5,42.29
"2012-2021",2012,"CA-43","CA",43,543,78,20,79.59
"2012-2021",2012,"CA-44","CA",44,544,84.7,13.6,86.16
"2012-2021",2012,"CA-45","CA",45,545,43,54.8,43.97
"2012-2021",2012,"CA-46","CA",46,546,61.4,36.2,62.91
"2012-2021",2012,"CA-47","CA",47,547,60,37.5,61.54
"2012-2021",2012,"CA-48","CA",48,548,43,54.7,44.01
"2012-2021",2012,"CA-49","CA",49,549,45.7,52.2,46.68
"2012-2021",2012,"CA-50","CA",50,550,37.6,60.4,38.37
"2012-2021",2012,"CA-51","CA",51,551,69.4,28.9,70.6
"2012-2021",2012,"CA-52","CA",52,552,52.1,45.7,53.27
"2012-2021",2012,"CA-53","CA",53,553,61.4,36.4,62.78
"2012-2021",2012,"CO-01","CO",1,601,69,28.8,70.55
"2012-2021",2012,"CO-02","CO",2,602,57.9,39.5,59.45
"2012-2021",2012,"CO-03","CO",3,603,45.8,51.8,46.93
"2012-2021",2012,"CO-04","CO",4,604,39.2,58.5,40.12
"2012-2021",2012,"CO-05","CO",5,605,38.3,59.1,39.32
"2012-2021",2012,"CO-06","CO",6,606,51.6,46.5,52.6
"2012-2021",2012,"CO-07","CO",7,607,56.1,41.3,57.6
"2012-2021",2012,"CT-01","CT",1,701,63.3,35.6,64
"2012-2021",2012,"CT-02","CT",2,702,55.9,42.6,56.75
"2012-2021",2012,"CT-03","CT",3,703,62.6,36.3,63.3
"2012-2021",2012,"CT-04","CT",4,704,55.1,44,55.6
"2012-2021",2012,"CT-05","CT",5,705,53.5,45.3,54.15
"2012-2021",2012,"DE-AL","DE",1,801,58.6,40,59.43
"2012-2021",2012,"GA-01","GA",1,1001,43,55.9,43.48
"2012-2021",2012,"GA-02","GA",2,1002,58.6,40.8,58.95
"2012-2021",2012,"GA-03","GA",3,1003,33,65.9,33.37
"2012-2021",2012,"GA-04","GA",4,1004,73.6,25.6,74.19
"2012-2021",2012,"GA-05","GA",5,1005,83.1,15.8,84.02
"2012-2021",2012,"GA-06","GA",6,1006,37.5,60.8,38.15
"2012-2021",2012,"GA-07","GA",7,1007,38.3,60.2,38.88
"2012-2021",2012,"GA-08","GA",8,1008,37.5,61.6,37.84
"2012-2021",2012,"GA-09","GA",9,1009,20.5,78.1,20.79
"2012-2021",2012,"GA-10","GA",10,1010,36.3,62.5,36.74
"2012-2021",2012,"GA-11","GA",11,1011,31.5,66.9,32.01
"2012-2021",2012,"GA-12","GA",12,1012,43.6,55.4,44.04
"2012-2021",2012,"GA-13","GA",13,1013,69.2,30,69.76
"2012-2021",2012,"GA-14","GA",14,1014,25.3,73.2,25.69
"2012-2021",2012,"HI-01","HI",1,1101,69.7,29,70.62
"2012-2021",2012,"HI-02","HI",2,1102,71.4,26.7,72.78
"2012-2021",2012,"ID-01","ID",1,1201,32.2,64.9,33.16
"2012-2021",2012,"ID-02","ID",2,1202,33.1,64.1,34.05
"2012-2021",2012,"IL-01","IL",1,1301,78.9,20.2,79.62
"2012-2021",2012,"IL-02","IL",2,1302,80.7,18.5,81.35
"2012-2021",2012,"IL-03","IL",3,1303,55.9,42.6,56.75
"2012-2021",2012,"IL-04","IL",4,1304,80.9,17.1,82.55
"2012-2021",2012,"IL-05","IL",5,1305,66,31.8,67.48
"2012-2021",2012,"IL-06","IL",6,1306,45.1,53.3,45.83
"2012-2021",2012,"IL-07","IL",7,1307,87.2,11.8,88.08
"2012-2021",2012,"IL-08","IL",8,1308,57.4,40.9,58.39
"2012-2021",2012,"IL-09","IL",9,1309,65,33.3,66.12
"2012-2021",2012,"IL-10","IL",10,1310,57.5,41.1,58.32
"2012-2021",2012,"IL-11","IL",11,1311,57.8,40.6,58.74
"2012-2021",2012,"IL-12","IL",12,1312,49.7,48.1,50.82
"2012-2021",2012,"IL-13","IL",13,1313,48.6,48.9,49.85
"2012-2021",2012,"IL-14","IL",14,1314,44.2,54.2,44.92
"2012-2021",2012,"IL-15","IL",15,1315,34.1,63.9,34.8
"2012-2021",2012,"IL-16","IL",16,1316,45.2,52.9,46.08
"2012-2021",2012,"IL-17","IL",17,1317,57.6,40.6,58.66
"2012-2021",2012,"IL-18","IL",18,1318,37.4,60.7,38.12
"2012-2021",2012,"IN-01","IN",1,1401,61.2,37.4,62.07
"2012-2021",2012,"IN-02","IN",2,1402,42.1,56.1,42.87
"2012-2021",2012,"IN-03","IN",3,1403,35.7,62.5,36.35
"2012-2021",2012,"IN-04","IN",4,1404,36.9,60.9,37.73
"2012-2021",2012,"IN-05","IN",5,1405,40.7,57.5,41.45
"2012-2021",2012,"IN-06","IN",6,1406,37.3,60.4,38.18
"2012-2021",2012,"IN-07","IN",7,1407,62.9,35.3,64.05
"2012-2021",2012,"IN-08","IN",8,1408,39.6,58.4,40.41
"2012-2021",2012,"IN-09","IN",9,1409,40.7,57.2,41.57
"2012-2021",2012,"IA-01","IA",1,1501,56.2,42.5,56.94
"2012-2021",2012,"IA-02","IA",2,1502,55.8,42.7,56.65
"2012-2021",2012,"IA-03","IA",3,1503,51.4,47.2,52.13
"2012-2021",2012,"IA-04","IA",4,1504,45.3,53.4,45.9
"2012-2021",2012,"KS-01","KS",1,1601,27.6,70.1,28.25
"2012-2021",2012,"KS-02","KS",2,1602,42.2,55.4,43.24
"2012-2021",2012,"KS-03","KS",3,1603,44.3,53.8,45.16
"2012-2021",2012,"KS-04","KS",4,1604,36.1,61.6,36.95
"2012-2021",2012,"KY-01","KY",1,1701,32.1,66.4,32.59
"2012-2021",2012,"KY-02","KY",2,1702,35.1,63.3,35.67
"2012-2021",2012,"KY-03","KY",3,1703,55.7,42.8,56.55
"2012-2021",2012,"KY-04","KY",4,1704,34.8,63.4,35.44
"2012-2021",2012,"KY-05","KY",5,1705,23.2,75,23.63
"2012-2021",2012,"KY-06","KY",6,1706,42.2,55.8,43.06
"2012-2021",2012,"LA-01","LA",1,1801,26.9,70.9,27.51
"2012-2021",2012,"LA-02","LA",2,1802,75.8,22.8,76.88
"2012-2021",2012,"LA-03","LA",3,1803,32.3,66.1,32.83
"2012-2021",2012,"LA-04","LA",4,1804,39.7,59,40.22
"2012-2021",2012,"LA-05","LA",5,1805,37.7,61,38.2
"2012-2021",2012,"LA-06","LA",6,1806,32,66.1,32.62
"2012-2021",2012,"ME-01","ME",1,1901,59.6,38.2,60.94
"2012-2021",2012,"ME-02","ME",2,1902,53,44.4,54.41
"2012-2021",2012,"MD-01","MD",1,2001,37.7,60.4,38.43
"2012-2021",2012,"MD-02","MD",2,2002,63.1,35,64.32
"2012-2021",2012,"MD-03","MD",3,2003,60.7,37.1,62.07
"2012-2021",2012,"MD-04","MD",4,2004,78.1,20.8,78.97
"2012-2021",2012,"MD-05","MD",5,2005,66.1,32.4,67.11
"2012-2021",2012,"MD-06","MD",6,2006,55.2,42.8,56.33
"2012-2021",2012,"MD-07","MD",7,2007,76.2,22.3,77.36
"2012-2021",2012,"MD-08","MD",8,2008,62,36,63.27
"2012-2021",2012,"MA-01","MA",1,2101,64,34.3,65.11
"2012-2021",2012,"MA-02","MA",2,2102,58.7,39.2,59.96
"2012-2021",2012,"MA-03","MA",3,2103,56.9,41.4,57.88
"2012-2021",2012,"MA-04","MA",4,2104,57.2,41.3,58.07
"2012-2021",2012,"MA-05","MA",5,2105,65.2,33.1,66.33
"2012-2021",2012,"MA-06","MA",6,2106,54.7,43.9,55.48
"2012-2021",2012,"MA-07","MA",7,2107,82.5,15.6,84.1
"2012-2021",2012,"MA-08","MA",8,2108,57.8,40.8,58.62
"2012-2021",2012,"MA-09","MA",9,2109,55.5,43.1,56.29
"2012-2021",2012,"MI-01","MI",1,2201,45.3,53.6,45.8
"2012-2021",2012,"MI-02","MI",2,2202,43.1,56,43.49
"2012-2021",2012,"MI-03","MI",3,2203,45.8,53.1,46.31
"2012-2021",2012,"MI-04","MI",4,2204,45.5,53.5,45.96
"2012-2021",2012,"MI-05","MI",5,2205,60.7,38.3,61.31
"2012-2021",2012,"MI-06","MI",6,2206,48.8,50.2,49.29
"2012-2021",2012,"MI-07","MI",7,2207,47.9,51,48.43
"2012-2021",2012,"MI-08","MI",8,2208,48,51.1,48.44
"2012-2021",2012,"MI-09","MI",9,2209,57.2,41.9,57.72
"2012-2021",2012,"MI-10","MI",10,2210,43.7,55.3,44.14
"2012-2021",2012,"MI-11","MI",11,2211,46.9,52.3,47.28
"2012-2021",2012,"MI-12","MI",12,2212,66.2,32.8,66.87
"2012-2021",2012,"MI-13","MI",13,2213,85.2,14.3,85.63
"2012-2021",2012,"MI-14","MI",14,2214,81,18.6,81.33
"2012-2021",2012,"MN-01","MN",1,2301,49.6,48.2,50.72
"2012-2021",2012,"MN-02","MN",2,2302,49.1,49,50.05
"2012-2021",2012,"MN-03","MN",3,2303,49.6,48.8,50.41
"2012-2021",2012,"MN-04","MN",4,2304,62.5,35.5,63.78
"2012-2021",2012,"MN-05","MN",5,2305,73.5,24,75.38
"2012-2021",2012,"MN-06","MN",6,2306,41.5,56.5,42.35
"2012-2021",2012,"MN-07","MN",7,2307,44.1,53.9,45
"2012-2021",2012,"MN-08","MN",8,2308,51.7,46.2,52.81
"2012-2021",2012,"MS-01","MS",1,2401,37,61.9,37.41
"2012-2021",2012,"MS-02","MS",2,2402,66.4,33,66.8
"2012-2021",2012,"MS-03","MS",3,2403,39.1,60,39.46
"2012-2021",2012,"MS-04","MS",4,2404,31.2,67.6,31.58
"2012-2021",2012,"MO-01","MO",1,2501,79.9,18.9,80.87
"2012-2021",2012,"MO-02","MO",2,2502,41.4,57.1,42.03
"2012-2021",2012,"MO-03","MO",3,2503,36.1,62,36.8
"2012-2021",2012,"MO-04","MO",4,2504,36.4,61.2,37.3
"2012-2021",2012,"MO-05","MO",5,2505,58.9,39.4,59.92
"2012-2021",2012,"MO-06","MO",6,2506,37.9,60,38.71
"2012-2021",2012,"MO-07","MO",7,2507,30.3,67.6,30.95
"2012-2021",2012,"MO-08","MO",8,2508,32,65.9,32.69
"2012-2021",2012,"MT-AL","MT",1,2601,41.7,55.4,42.95
"2012-2021",2012,"NE-01","NE",1,2701,40.8,57.5,41.51
"2012-2021",2012,"NE-02","NE",2,2702,45.7,52.8,46.4
"2012-2021",2012,"NE-03","NE",3,2703,27.8,70.2,28.37
"2012-2021",2012,"NV-01","NV",1,2801,65.6,32.4,66.94
"2012-2021",2012,"NV-02","NV",2,2802,44.8,52.9,45.85
"2012-2021",2012,"NV-03","NV",3,2803,49.5,48.7,50.41
"2012-2021",2012,"NV-04","NV",4,2804,54.4,43.7,55.45
"2012-2021",2012,"NH-01","NH",1,2901,50.2,48.6,50.81
"2012-2021",2012,"NH-02","NH",2,2902,54.2,44.5,54.91
"2012-2021",2012,"NJ-01","NJ",1,3001,65.1,33.8,65.82
"2012-2021",2012,"NJ-02","NJ",2,3002,53.5,45.4,54.1
"2012-2021",2012,"NJ-03","NJ",3,3003,51.8,47.2,52.32
"2012-2021",2012,"NJ-04","NJ",4,3004,44.7,54.2,45.2
"2012-2021",2012,"NJ-05","NJ",5,3005,47.9,50.9,48.48
"2012-2021",2012,"NJ-06","NJ",6,3006,61.4,37.4,62.15
"2012-2021",2012,"NJ-07","NJ",7,3007,46.3,52.5,46.86
"2012-2021",2012,"NJ-08","NJ",8,3008,78.3,20.8,79.01
"2012-2021",2012,"NJ-09","NJ",9,3009,68.4,30.8,68.95
"2012-2021",2012,"NJ-10","NJ",10,3010,87.9,11.5,88.43
"2012-2021",2012,"NJ-11","NJ",11,3011,46.6,52.4,47.07
"2012-2021",2012,"NJ-12","NJ",12,3012,66.5,32.4,67.24
"2012-2021",2012,"NM-01","NM",1,3101,55.3,39.6,58.27
"2012-2021",2012,"NM-02","NM",2,3102,44.9,51.7,46.48
"2012-2021",2012,"NM-03","NM",3,3103,57.5,38.7,59.77
"2012-2021",2012,"NY-01","NY",1,3201,49.6,49.1,50.25
"2012-2021",2012,"NY-02","NY",2,3202,51.6,47.2,52.23
"2012-2021",2012,"NY-03","NY",3,3203,50.8,48.2,51.31
"2012-2021",2012,"NY-04","NY",4,3204,56.3,42.8,56.81
"2012-2021",2012,"NY-05","NY",5,3205,90.6,9.1,90.87
"2012-2021",2012,"NY-06","NY",6,3206,67.8,31,68.62
"2012-2021",2012,"NY-07","NY",7,3207,88.4,10.3,89.56
"2012-2021",2012,"NY-08","NY",8,3208,89.3,10.1,89.84
"2012-2021",2012,"NY-09","NY",9,3209,85.3,13.8,86.07
"2012-2021",2012,"NY-10","NY",10,3210,73.6,25,74.65
"2012-2021",2012,"NY-11","NY",11,3211,51.6,47.3,52.17
"2012-2021",2012,"NY-12","NY",12,3212,76.9,21.5,78.15
"2012-2021",2012,"NY-13","NY",13,3213,94.6,4.6,95.36
"2012-2021",2012,"NY-14","NY",14,3214,80.7,18.3,81.52
"2012-2021",2012,"NY-15","NY",15,3215,96.7,3,96.99
"2012-2021",2012,"NY-16","NY",16,3216,73.7,25.5,74.29
"2012-2021",2012,"NY-17","NY",17,3217,57.1,41.8,57.74
"2012-2021",2012,"NY-18","NY",18,3218,51.4,47.1,52.18
"2012-2021",2012,"NY-19","NY",19,3219,52.1,45.9,53.16
"2012-2021",2012,"NY-20","NY",20,3220,59.2,38.8,60.41
"2012-2021",2012,"NY-21","NY",21,3221,52.2,46.1,53.1
"2012-2021",2012,"NY-22","NY",22,3222,48.8,49.2,49.8
"2012-2021",2012,"NY-23","NY",23,3223,48.4,49.6,49.39
"2012-2021",2012,"NY-24","NY",24,3224,57,41.1,58.1
"2012-2021",2012,"NY-25","NY",25,3225,58.8,39.4,59.88
"2012-2021",2012,"NY-26","NY",26,3226,63.9,34.3,65.07
"2012-2021",2012,"NY-27","NY",27,3227,42.9,55.3,43.69
"2012-2021",2012,"NC-01","NC",1,3301,57.1,42.4,57.39
"2012-2021",2012,"NC-02","NC",2,3302,57,41.7,57.75
"2012-2021",2012,"NC-03","NC",3,3303,40.5,58.6,40.87
"2012-2021",2012,"NC-04","NC",4,3304,63.2,35.7,63.9
"2012-2021",2012,"NC-05","NC",5,3305,35.6,63.1,36.07
"2012-2021",2012,"NC-06","NC",6,3306,58.4,40.7,58.93
"2012-2021",2012,"NC-07","NC",7,3307,41.9,57.2,42.28
"2012-2021",2012,"NC-08","NC",8,3308,47.3,51.8,47.73
"2012-2021",2012,"NC-09","NC",9,3309,44.2,54.9,44.6
"2012-2021",2012,"NC-10","NC",10,3310,34.1,64.9,34.44
"2012-2021",2012,"NC-11","NC",11,3311,43.5,55.2,44.07
"2012-2021",2012,"NC-12","NC",12,3312,66.5,32.6,67.1
"2012-2021",2012,"NC-13","NC",13,3313,34.3,64.7,34.65
"2012-2021",2012,"ND-AL","ND",1,3401,38.9,58.7,39.86
"2012-2021",2012,"OH-01","OH",1,3501,46.3,52.4,46.91
"2012-2021",2012,"OH-02","OH",2,3502,43.7,54.7,44.41
"2012-2021",2012,"OH-03","OH",3,3503,69.7,28.9,70.69
"2012-2021",2012,"OH-04","OH",4,3504,42,56,42.86
"2012-2021",2012,"OH-05","OH",5,3505,44.1,53.9,45
"2012-2021",2012,"OH-06","OH",6,3506,42.7,55.2,43.62
"2012-2021",2012,"OH-07","OH",7,3507,44.2,53.7,45.15
"2012-2021",2012,"OH-08","OH",8,3508,36.4,61.9,37.03
"2012-2021",2012,"OH-09","OH",9,3509,67.6,30.9,68.63
"2012-2021",2012,"OH-10","OH",10,3510,48.2,50.1,49.03
"2012-2021",2012,"OH-11","OH",11,3511,82.7,16.5,83.37
"2012-2021",2012,"OH-12","OH",12,3512,43.9,54.4,44.66
"2012-2021",2012,"OH-13","OH",13,3513,62.9,35.4,63.99
"2012-2021",2012,"OH-14","OH",14,3514,47.6,50.9,48.32
"2012-2021",2012,"OH-15","OH",15,3515,46.3,51.9,47.15
"2012-2021",2012,"OH-16","OH",16,3516,45.2,53.4,45.84
"2012-2021",2012,"OK-01","OK",1,3601,34.2,65.8,34.2
"2012-2021",2012,"OK-02","OK",2,3602,32.2,67.8,32.2
"2012-2021",2012,"OK-03","OK",3,3603,26.1,73.9,26.1
"2012-2021",2012,"OK-04","OK",4,3604,32.9,67.1,32.9
"2012-2021",2012,"OK-05","OK",5,3605,40.8,59.2,40.8
"2012-2021",2012,"OR-01","OR",1,3701,57.3,40,58.89
"2012-2021",2012,"OR-02","OR",2,3702,40.5,56.8,41.62
"2012-2021",2012,"OR-03","OR",3,3703,72,24.7,74.46
"2012-2021",2012,"OR-04","OR",4,3704,51.7,45,53.46
"2012-2021",2012,"OR-05","OR",5,3705,50.5,47.1,51.74
"2012-2021",2012,"PA-01","PA",1,3801,50.2,48.6,50.81
"2012-2021",2012,"PA-02","PA",2,3802,77.4,21.8,78.02
"2012-2021",2012,"PA-03","PA",3,3803,91.7,7.6,92.35
"2012-2021",2012,"PA-04","PA",4,3804,56.1,42.8,56.72
"2012-2021",2012,"PA-05","PA",5,3805,63.4,35.7,63.98
"2012-2021",2012,"PA-06","PA",6,3806,51,47.8,51.62
"2012-2021",2012,"PA-07","PA",7,3807,52.9,45.9,53.54
"2012-2021",2012,"PA-08","PA",8,3808,55.3,43.4,56.03
"2012-2021",2012,"PA-09","PA",9,3809,41.2,57.2,41.87
"2012-2021",2012,"PA-10","PA",10,3810,46,52.6,46.65
"2012-2021",2012,"PA-11","PA",11,3811,38,60.5,38.58
"2012-2021",2012,"PA-12","PA",12,3812,36.8,61.5,37.44
"2012-2021",2012,"PA-13","PA",13,3813,32.1,66.6,32.52
"2012-2021",2012,"PA-14","PA",14,3814,40.6,58.3,41.05
"2012-2021",2012,"PA-15","PA",15,3815,35.7,62.6,36.32
"2012-2021",2012,"PA-16","PA",16,3816,46.9,51.7,47.57
"2012-2021",2012,"PA-17","PA",17,3817,47.2,51.7,47.72
"2012-2021",2012,"PA-18","PA",18,3818,63.5,35.2,64.34
"2012-2021",2012,"RI-01","RI",1,3901,66.2,32.2,67.28
"2012-2021",2012,"RI-02","RI",2,3902,59.8,38.3,60.96
"2012-2021",2012,"SC-01","SC",1,4001,40.2,58.3,40.81
"2012-2021",2012,"SC-02","SC",2,4002,39.4,59.1,40
"2012-2021",2012,"SC-03","SC",3,4003,33.9,64.5,34.45
"2012-2021",2012,"SC-04","SC",4,4004,36.2,62.2,36.79
"2012-2021",2012,"SC-05","SC",5,4005,43.6,55.1,44.17
"2012-2021",2012,"SC-06","SC",6,4006,70.9,28.1,71.62
"2012-2021",2012,"SC-07","SC",7,4007,44.4,54.5,44.89
"2012-2021",2012,"SD-AL","SD",1,4101,39.9,57.9,40.8
"2012-2021",2012,"TN-01","TN",1,4201,25.7,72.7,26.12
"2012-2021",2012,"TN-02","TN",2,4202,30.9,67.3,31.47
"2012-2021",2012,"TN-03","TN",3,4203,35.1,63.3,35.67
"2012-2021",2012,"TN-04","TN",4,4204,33.1,65.3,33.64
"2012-2021",2012,"TN-05","TN",5,4205,55.9,42.5,56.81
"2012-2021",2012,"TN-06","TN",6,4206,29.5,69.1,29.92
"2012-2021",2012,"TN-07","TN",7,4207,32.9,65.7,33.37
"2012-2021",2012,"TN-08","TN",8,4208,32.9,66.1,33.23
"2012-2021",2012,"TN-09","TN",9,4209,78.4,20.9,78.95
"2012-2021",2012,"TX-01","TX",1,4301,27.5,71.6,27.75
"2012-2021",2012,"TX-02","TX",2,4302,35.6,62.9,36.14
"2012-2021",2012,"TX-03","TX",3,4303,34.2,64.3,34.72
"2012-2021",2012,"TX-04","TX",4,4304,24.8,74,25.1
"2012-2021",2012,"TX-05","TX",5,4305,34.4,64.5,34.78
"2012-2021",2012,"TX-06","TX",6,4306,40.8,57.9,41.34
"2012-2021",2012,"TX-07","TX",7,4307,38.6,59.9,39.19
"2012-2021",2012,"TX-08","TX",8,4308,21.7,77,21.99
"2012-2021",2012,"TX-09","TX",9,4309,78,21.1,78.71
"2012-2021",2012,"TX-10","TX",10,4310,38.8,59.1,39.63
"2012-2021",2012,"TX-11","TX",11,4311,19.6,79.2,19.84
"2012-2021",2012,"TX-12","TX",12,4312,31.7,66.8,32.18
"2012-2021",2012,"TX-13","TX",13,4313,18.5,80.2,18.74
"2012-2021",2012,"TX-14","TX",14,4314,39.5,59.3,39.98
"2012-2021",2012,"TX-15","TX",15,4315,57.4,41.5,58.04
"2012-2021",2012,"TX-16","TX",16,4316,64.2,34.5,65.05
"2012-2021",2012,"TX-17","TX",17,4317,37.7,60.4,38.43
"2012-2021",2012,"TX-18","TX",18,4318,76.1,22.8,76.95
"2012-2021",2012,"TX-19","TX",19,4319,25,73.6,25.35
"2012-2021",2012,"TX-20","TX",20,4320,58.9,39.7,59.74
"2012-2021",2012,"TX-21","TX",21,4321,37.9,59.8,38.79
"2012-2021",2012,"TX-22","TX",22,4322,36.7,62.1,37.15
"2012-2021",2012,"TX-23","TX",23,4323,48.1,50.7,48.68
"2012-2021",2012,"TX-24","TX",24,4324,38,60.4,38.62
"2012-2021",2012,"TX-25","TX",25,4325,37.8,59.9,38.69
"2012-2021",2012,"TX-26","TX",26,4326,30.7,67.6,31.23
"2012-2021",2012,"TX-27","TX",27,4327,38.2,60.5,38.7
"2012-2021",2012,"TX-28","TX",28,4328,60.3,38.7,60.91
"2012-2021",2012,"TX-29","TX",29,4329,65.9,33,66.63
"2012-2021",2012,"TX-30","TX",30,4330,79.6,19.6,80.24
"2012-2021",2012,"TX-31","TX",31,4331,38.3,59.6,39.12
"2012-2021",2012,"TX-32","TX",32,4332,41.5,57,42.13
"2012-2021",2012,"TX-33","TX",33,4333,72,27.1,72.65
"2012-2021",2012,"TX-34","TX",34,4334,60.8,38.3,61.35
"2012-2021",2012,"TX-35","TX",35,4335,63,34.6,64.55
"2012-2021",2012,"TX-36","TX",36,4336,25.7,73.2,25.99
"2012-2021",2012,"UT-01","UT",1,4401,20.4,77.4,20.86
"2012-2021",2012,"UT-02","UT",2,4402,29.2,68,30.04
"2012-2021",2012,"UT-03","UT",3,4403,19.5,78.3,19.94
"2012-2021",2012,"UT-04","UT",4,4404,30.2,67.2,31.01
"2012-2021",2012,"VT-AL","VT",1,4501,67,31.2,68.23
"2012-2021",2012,"VA-01","VA",1,4601,43.4,55.3,43.97
"2012-2021",2012,"VA-02","VA",2,4602,48.2,50.5,48.83
"2012-2021",2012,"VA-03","VA",3,4603,67.6,31.3,68.35
"2012-2021",2012,"VA-04","VA",4,4604,60.3,38.5,61.03
"2012-2021",2012,"VA-05","VA",5,4605,45.9,52.5,46.65
"2012-2021",2012,"VA-06","VA",6,4606,39.5,58.8,40.18
"2012-2021",2012,"VA-07","VA",7,4607,44.1,54.6,44.68
"2012-2021",2012,"VA-08","VA",8,4608,67.8,31,68.62
"2012-2021",2012,"VA-09","VA",9,4609,34.9,63.1,35.61
"2012-2021",2012,"VA-10","VA",10,4610,48.8,49.9,49.44
"2012-2021",2012,"VA-11","VA",11,4611,62.5,36.3,63.26
"2012-2021",2012,"WA-01","WA",1,4701,54.1,43.3,55.54
"2012-2021",2012,"WA-02","WA",2,4702,59.2,38,60.91
"2012-2021",2012,"WA-03","WA",3,4703,47.9,49.6,49.13
"2012-2021",2012,"WA-04","WA",4,4704,37.9,59.7,38.83
"2012-2021",2012,"WA-05","WA",5,4705,43.7,53.5,44.96
"2012-2021",2012,"WA-06","WA",6,4706,56.1,41.2,57.66
"2012-2021",2012,"WA-07","WA",7,4707,79.2,18.1,81.4
"2012-2021",2012,"WA-08","WA",8,4708,49.7,48.1,50.82
"2012-2021",2012,"WA-09","WA",9,4709,68.3,29.6,69.77
"2012-2021",2012,"WA-10","WA",10,4710,56.3,41.1,57.8
"2012-2021",2012,"WV-01","WV",1,4801,35.5,62.2,36.34
"2012-2021",2012,"WV-02","WV",2,4802,38,60,38.78
"2012-2021",2012,"WV-03","WV",3,4803,32.8,65,33.54
"2012-2021",2012,"WI-01","WI",1,4901,47.4,51.6,47.88
"2012-2021",2012,"WI-02","WI",2,4902,68.3,30.5,69.13
"2012-2021",2012,"WI-03","WI",3,4903,54.8,43.8,55.58
"2012-2021",2012,"WI-04","WI",4,4904,75.3,23.8,75.98
"2012-2021",2012,"WI-05","WI",5,4905,37.7,61.3,38.08
"2012-2021",2012,"WI-06","WI",6,4906,45.8,53.1,46.31
"2012-2021",2012,"WI-07","WI",7,4907,47.8,50.9,48.43
"2012-2021",2012,"WI-08","WI",8,4908,47.6,51.3,48.13
"2012-2021",2012,"WY-AL","WY",1,5001,28,69.2,28.81
"2012-2021",2016,"AL-01","AL",1,101,34.1,63.5,34.94
"2012-2021",2016,"AL-02","AL",2,102,33,64.9,33.71
"2012-2021",2016,"AL-03","AL",3,103,32.3,65.3,33.09
"2012-2021",2016,"AL-04","AL",4,104,17.4,80.4,17.79
"2012-2021",2016,"AL-05","AL",5,105,31.3,64.7,32.6
"2012-2021",2016,"AL-06","AL",6,106,26.1,70.8,26.93
"2012-2021",2016,"AL-07","AL",7,107,69.8,28.6,70.93
"2012-2021",2016,"AK-AL","AK",1,201,37.6,52.8,41.59
"2012-2021",2016,"AZ-01","AZ",1,301,46.6,47.7,49.42
"2012-2021",2016,"AZ-02","AZ",2,302,49.6,44.7,52.6
"2012-2021",2016,"AZ-03","AZ",3,303,62.4,32.5,65.75
"2012-2021",2016,"AZ-04","AZ",4,304,27.5,67.7,28.89
"2012-2021",2016,"AZ-05","AZ",5,305,36.5,57.6,38.79
"2012-2021",2016,"AZ-06","AZ",6,306,42.4,52.4,44.73
"2012-2021",2016,"AZ-07","AZ",7,307,71.8,22.6,76.06
"2012-2021",2016,"AZ-08","AZ",8,308,37,58.1,38.91
"2012-2021",2016,"AZ-09","AZ",9,309,54.7,38.4,58.75
"2012-2021",2016,"AR-01","AR",1,401,30.2,65,31.72
"2012-2021",2016,"AR-02","AR",2,402,41.7,52.4,44.31
"2012-2021",2016,"AR-03","AR",3,403,30.5,61.9,33.01
"2012-2021",2016,"AR-04","AR",4,404,31.3,64.2,32.77
"2012-2021",2016,"CA-01","CA",1,501,36.5,56.2,39.37
"2012-2021",2016,"CA-02","CA",2,502,69,23.3,74.76
"2012-2021",2016,"CA-03","CA",3,503,53,40.4,56.75
"2012-2021",2016,"CA-04","CA",4,504,39.3,54,42.12
"2012-2021",2016,"CA-05","CA",5,505,69.2,24.3,74.01
"2012-2021",2016,"CA-06","CA",6,506,69.2,24.4,73.93
"2012-2021",2016,"CA-07","CA",7,507,52.3,40.9,56.12
"2012-2021",2016,"CA-08","CA",8,508,39.6,54.7,41.99
"2012-2021",2016,"CA-09","CA",9,509,56.6,38,59.83
"2012-2021",2016,"CA-10","CA",10,510,48.5,45.5,51.6
"2012-2021",2016,"CA-11","CA",11,511,71.5,22.7,75.9
"2012-2021",2016,"CA-12","CA",12,512,86.2,8.7,90.83
"2012-2021",2016,"CA-13","CA",13,513,87.4,6.8,92.78
"2012-2021",2016,"CA-14","CA",14,514,76.9,18.2,80.86
"2012-2021",2016,"CA-15","CA",15,515,69.9,24.2,74.28
"2012-2021",2016,"CA-16","CA",16,516,58,36.4,61.44
"2012-2021",2016,"CA-17","CA",17,517,73.9,20.5,78.28
"2012-2021",2016,"CA-18","CA",18,518,73.4,20.2,78.42
"2012-2021",2016,"CA-19","CA",19,519,72.9,21.5,77.22
"2012-2021",2016,"CA-20","CA",20,520,70.4,23.2,75.21
"2012-2021",2016,"CA-21","CA",21,521,55.2,39.7,58.17
"2012-2021",2016,"CA-22","CA",22,522,42.6,52.1,44.98
"2012-2021",2016,"CA-23","CA",23,523,36.1,58.1,38.32
"2012-2021",2016,"CA-24","CA",24,524,56.7,36.5,60.84
"2012-2021",2016,"CA-25","CA",25,525,50.3,43.6,53.57
"2012-2021",2016,"CA-26","CA",26,526,57.9,36,61.66
"2012-2021",2016,"CA-27","CA",27,527,66,28.4,69.92
"2012-2021",2016,"CA-28","CA",28,528,72.1,22.3,76.38
"2012-2021",2016,"CA-29","CA",29,529,77.7,16.8,82.22
"2012-2021",2016,"CA-30","CA",30,530,69.1,25.7,72.89
"2012-2021",2016,"CA-31","CA",31,531,57.7,36.6,61.19
"2012-2021",2016,"CA-32","CA",32,532,66.6,27.7,70.63
"2012-2021",2016,"CA-33","CA",33,533,67.8,26.5,71.9
"2012-2021",2016,"CA-34","CA",34,534,83.6,10.7,88.65
"2012-2021",2016,"CA-35","CA",35,535,67.7,26.9,71.56
"2012-2021",2016,"CA-36","CA",36,536,52.2,43.4,54.6
"2012-2021",2016,"CA-37","CA",37,537,85.7,9.6,89.93
"2012-2021",2016,"CA-38","CA",38,538,67,27.4,70.97
"2012-2021",2016,"CA-39","CA",39,539,51.5,42.9,54.56
"2012-2021",2016,"CA-40","CA",40,540,82.2,12.8,86.53
"2012-2021",2016,"CA-41","CA",41,541,61,33.1,64.82
"2012-2021",2016,"CA-42","CA",42,542,41.4,53.4,43.67
"2012-2021",2016,"CA-43","CA",43,543,78.4,16.7,82.44
"2012-2021",2016,"CA-44","CA",44,544,83,12.3,87.09
"2012-2021",2016,"CA-45","CA",45,545,49.8,44.4,52.87
"2012-2021",2016,"CA-46","CA",46,546,66.3,27.9,70.38
"2012-2021",2016,"CA-47","CA",47,547,62.6,31,66.88
"2012-2021",2016,"CA-48","CA",48,548,47.9,46.2,50.9
"2012-2021",2016,"CA-49","CA",49,549,50.7,43.2,53.99
"2012-2021",2016,"CA-50","CA",50,550,39.6,54.6,42.04
"2012-2021",2016,"CA-51","CA",51,551,71.8,22.8,75.9
"2012-2021",2016,"CA-52","CA",52,552,58.1,35.6,62.01
"2012-2021",2016,"CA-53","CA",53,553,64.5,29.6,68.54
"2012-2021",2016,"CO-01","CO",1,601,69,23.2,74.84
"2012-2021",2016,"CO-02","CO",2,602,56.2,34.9,61.69
"2012-2021",2016,"CO-03","CO",3,603,40,52,43.48
"2012-2021",2016,"CO-04","CO",4,604,34.3,57.4,37.4
"2012-2021",2016,"CO-05","CO",5,605,33.2,57.2,36.73
"2012-2021",2016,"CO-06","CO",6,606,50.2,41.3,54.86
"2012-2021",2016,"CO-07","CO",7,607,51.4,39.4,56.61
"2012-2021",2016,"CT-01","CT",1,701,59.4,36.3,62.07
"2012-2021",2016,"CT-02","CT",2,702,48.7,45.8,51.53
"2012-2021",2016,"CT-03","CT",3,703,55.9,40.4,58.05
"2012-2021",2016,"CT-04","CT",4,704,59.6,36.6,61.95
"2012-2021",2016,"CT-05","CT",5,705,49.9,45.8,52.14
"2012-2021",2016,"DE-AL","DE",1,801,53.4,41.9,56.03
"2012-2021",2016,"FL-01","FL",1,901,28.2,67.5,29.47
"2012-2021",2016,"FL-02","FL",2,902,30.6,66.2,31.61
"2012-2021",2016,"FL-03","FL",3,903,40.2,56.2,41.7
"2012-2021",2016,"FL-04","FL",4,904,34.1,62.1,35.45
"2012-2021",2016,"FL-05","FL",5,905,61.3,35.9,63.07
"2012-2021",2016,"FL-06","FL",6,906,39.9,56.9,41.22
"2012-2021",2016,"FL-07","FL",7,907,51.4,44.1,53.82
"2012-2021",2016,"FL-08","FL",8,908,37.7,58.4,39.23
"2012-2021",2016,"FL-09","FL",9,909,54.8,41.9,56.67
"2012-2021",2016,"FL-10","FL",10,910,61.8,34.9,63.91
"2012-2021",2016,"FL-11","FL",11,911,32.5,64.8,33.4
"2012-2021",2016,"FL-12","FL",12,912,38.8,57.4,40.33
"2012-2021",2016,"FL-13","FL",13,913,49.6,46.4,51.67
"2012-2021",2016,"FL-14","FL",14,914,57.2,39,59.46
"2012-2021",2016,"FL-15","FL",15,915,43.1,53.1,44.8
"2012-2021",2016,"FL-16","FL",16,916,43,53.7,44.47
"2012-2021",2016,"FL-17","FL",17,917,35,62.2,36.01
"2012-2021",2016,"FL-18","FL",18,918,44.1,53.3,45.28
"2012-2021",2016,"FL-19","FL",19,919,37.5,59.6,38.62
"2012-2021",2016,"FL-20","FL",20,920,80.2,18.1,81.59
"2012-2021",2016,"FL-21","FL",21,921,58.6,39.1,59.98
"2012-2021",2016,"FL-22","FL",22,922,56.8,41,58.08
"2012-2021",2016,"FL-23","FL",23,923,61.9,35.8,63.36
"2012-2021",2016,"FL-24","FL",24,924,82.9,15.4,84.33
"2012-2021",2016,"FL-25","FL",25,925,47.9,49.7,49.08
"2012-2021",2016,"FL-26","FL",26,926,56.8,40.5,58.38
"2012-2021",2016,"FL-27","FL",27,927,58.5,38.9,60.06
"2012-2021",2016,"GA-01","GA",1,1001,40.9,56.4,42.03
"2012-2021",2016,"GA-02","GA",2,1002,55,43.3,55.95
"2012-2021",2016,"GA-03","GA",3,1003,32.8,64.3,33.78
"2012-2021",2016,"GA-04","GA",4,1004,75.3,22.2,77.23
"2012-2021",2016,"GA-05","GA",5,1005,85,11.9,87.72
"2012-2021",2016,"GA-06","GA",6,1006,46.8,48.3,49.21
"2012-2021",2016,"GA-07","GA",7,1007,44.8,51.1,46.72
"2012-2021",2016,"GA-08","GA",8,1008,34.4,63.3,35.21
"2012-2021",2016,"GA-09","GA",9,1009,19.3,77.8,19.88
"2012-2021",2016,"GA-10","GA",10,1010,35.8,61.3,36.87
"2012-2021",2016,"GA-11","GA",11,1011,35.3,60.3,36.92
"2012-2021",2016,"GA-12","GA",12,1012,40.7,56.9,41.7
"2012-2021",2016,"GA-13","GA",13,1013,71,26.6,72.75
"2012-2021",2016,"GA-14","GA",14,1014,22.1,75,22.76
"2012-2021",2016,"HI-01","HI",1,1101,63.1,30.5,67.41
"2012-2021",2016,"HI-02","HI",2,1102,61.4,29.6,67.47
"2012-2021",2016,"ID-01","ID",1,1201,25.4,63.7,28.51
"2012-2021",2016,"ID-02","ID",2,1202,29.8,54.5,35.35
"2012-2021",2016,"IL-01","IL",1,1301,75.4,21.4,77.89
"2012-2021",2016,"IL-02","IL",2,1302,78,19.1,80.33
"2012-2021",2016,"IL-03","IL",3,1303,55.2,39.9,58.04
"2012-2021",2016,"IL-04","IL",4,1304,82.1,13.2,86.15
"2012-2021",2016,"IL-05","IL",5,1305,70.5,23.9,74.68
"2012-2021",2016,"IL-06","IL",6,1306,50.2,43.2,53.75
"2012-2021",2016,"IL-07","IL",7,1307,87.4,9.2,90.48
"2012-2021",2016,"IL-08","IL",8,1308,58.1,36.4,61.48
"2012-2021",2016,"IL-09","IL",9,1309,70.1,24.9,73.79
"2012-2021",2016,"IL-10","IL",10,1310,62,32.6,65.54
"2012-2021",2016,"IL-11","IL",11,1311,58.9,35.4,62.46
"2012-2021",2016,"IL-12","IL",12,1312,40.2,55,42.23
"2012-2021",2016,"IL-13","IL",13,1313,44.2,49.7,47.07
"2012-2021",2016,"IL-14","IL",14,1314,44.8,48.7,47.91
"2012-2021",2016,"IL-15","IL",15,1315,24.5,70.7,25.74
"2012-2021",2016,"IL-16","IL",16,1316,38.3,55.5,40.83
"2012-2021",2016,"IL-17","IL",17,1317,46.7,47.4,49.63
"2012-2021",2016,"IL-18","IL",18,1318,33.3,60.6,35.46
"2012-2021",2016,"IN-01","IN",1,1401,54.1,41.5,56.59
"2012-2021",2016,"IN-02","IN",2,1402,36.1,59.3,37.84
"2012-2021",2016,"IN-03","IN",3,1403,30.1,65.1,31.62
"2012-2021",2016,"IN-04","IN",4,1404,30.2,64.3,31.96
"2012-2021",2016,"IN-05","IN",5,1405,41.3,53.1,43.75
"2012-2021",2016,"IN-06","IN",6,1406,27.4,67.7,28.81
"2012-2021",2016,"IN-07","IN",7,1407,59,36.2,61.97
"2012-2021",2016,"IN-08","IN",8,1408,30.9,64.6,32.36
"2012-2021",2016,"IN-09","IN",9,1409,34.2,61.1,35.89
"2012-2021",2016,"IA-01","IA",1,1501,45.2,48.7,48.14
"2012-2021",2016,"IA-02","IA",2,1502,45,49.1,47.82
"2012-2021",2016,"IA-03","IA",3,1503,45,48.5,48.13
"2012-2021",2016,"IA-04","IA",4,1504,33.5,60.9,35.49
"2012-2021",2016,"KS-01","KS",1,1601,24.3,69.3,25.96
"2012-2021",2016,"KS-02","KS",2,1602,37.4,55.8,40.13
"2012-2021",2016,"KS-03","KS",3,1603,47.2,46,50.64
"2012-2021",2016,"KS-04","KS",4,1604,33,60.2,35.41
"2012-2021",2016,"KY-01","KY",1,1701,23.9,72.4,24.82
"2012-2021",2016,"KY-02","KY",2,1702,27.6,67.5,29.02
"2012-2021",2016,"KY-03","KY",3,1703,54.9,39.9,57.91
"2012-2021",2016,"KY-04","KY",4,1704,29.3,65.2,31.01
"2012-2021",2016,"KY-05","KY",5,1705,17.5,79.6,18.02
"2012-2021",2016,"KY-06","KY",6,1706,39.4,54.7,41.87
"2012-2021",2016,"LA-01","LA",1,1801,26.7,68.7,27.99
"2012-2021",2016,"LA-02","LA",2,1802,74.6,22.2,77.07
"2012-2021",2016,"LA-03","LA",3,1803,29.2,67.3,30.26
"2012-2021",2016,"LA-04","LA",4,1804,36.6,60.6,37.65
"2012-2021",2016,"LA-05","LA",5,1805,34.1,63.5,34.94
"2012-2021",2016,"LA-06","LA",6,1806,31,64.8,32.36
"2012-2021",2016,"ME-01","ME",1,1901,54.1,39.3,57.92
"2012-2021",2016,"ME-02","ME",2,1902,41.1,51.4,44.43
"2012-2021",2016,"MD-01","MD",1,2001,33.4,62,35.01
"2012-2021",2016,"MD-02","MD",2,2002,60.1,35.7,62.73
"2012-2021",2016,"MD-03","MD",3,2003,62.8,32.3,66.04
"2012-2021",2016,"MD-04","MD",4,2004,77.2,19.7,79.67
"2012-2021",2016,"MD-05","MD",5,2005,64.1,32.1,66.63
"2012-2021",2016,"MD-06","MD",6,2006,55.3,40.2,57.91
"2012-2021",2016,"MD-07","MD",7,2007,75.8,20.2,78.96
"2012-2021",2016,"MD-08","MD",8,2008,65,30.6,67.99
"2012-2021",2016,"MA-01","MA",1,2101,57.2,36.5,61.05
"2012-2021",2016,"MA-02","MA",2,2102,56.2,36.8,60.43
"2012-2021",2016,"MA-03","MA",3,2103,58.2,35.4,62.18
"2012-2021",2016,"MA-04","MA",4,2104,59.2,35,62.85
"2012-2021",2016,"MA-05","MA",5,2105,69.3,25.7,72.95
"2012-2021",2016,"MA-06","MA",6,2106,56.1,38.2,59.49
"2012-2021",2016,"MA-07","MA",7,2107,84.1,11.9,87.6
"2012-2021",2016,"MA-08","MA",8,2108,60.4,34.4,63.71
"2012-2021",2016,"MA-09","MA",9,2109,52.5,41.8,55.67
"2012-2021",2016,"MI-01","MI",1,2201,36.6,57.9,38.73
"2012-2021",2016,"MI-02","MI",2,2202,38.2,55.8,40.64
"2012-2021",2016,"MI-03","MI",3,2203,42.2,51.6,44.99
"2012-2021",2016,"MI-04","MI",4,2204,34.7,59.5,36.84
"2012-2021",2016,"MI-05","MI",5,2205,49.7,45.5,52.21
"2012-2021",2016,"MI-06","MI",6,2206,42.9,51.3,45.54
"2012-2021",2016,"MI-07","MI",7,2207,38.7,55.7,41
"2012-2021",2016,"MI-08","MI",8,2208,43.9,50.6,46.46
"2012-2021",2016,"MI-09","MI",9,2209,51.5,43.7,54.1
"2012-2021",2016,"MI-10","MI",10,2210,31.6,63.8,33.12
"2012-2021",2016,"MI-11","MI",11,2211,45.3,49.7,47.68
"2012-2021",2016,"MI-12","MI",12,2212,60.8,34.5,63.8
"2012-2021",2016,"MI-13","MI",13,2213,78.8,18.1,81.32
"2012-2021",2016,"MI-14","MI",14,2214,79.2,18.3,81.23
"2012-2021",2016,"MN-01","MN",1,2301,38.4,53.3,41.88
"2012-2021",2016,"MN-02","MN",2,2302,45.3,46.5,49.35
"2012-2021",2016,"MN-03","MN",3,2303,50.8,41.4,55.1
"2012-2021",2016,"MN-04","MN",4,2304,61.5,30.6,66.78
"2012-2021",2016,"MN-05","MN",5,2305,73.7,18.5,79.93
"2012-2021",2016,"MN-06","MN",6,2306,33.2,58.9,36.05
"2012-2021",2016,"MN-07","MN",7,2307,31,61.8,33.41
"2012-2021",2016,"MN-08","MN",8,2308,38.6,54.2,41.59
"2012-2021",2016,"MS-01","MS",1,2401,32.4,65.4,33.13
"2012-2021",2016,"MS-02","MS",2,2402,63.6,35.1,64.44
"2012-2021",2016,"MS-03","MS",3,2403,36.8,61.3,37.51
"2012-2021",2016,"MS-04","MS",4,2404,28.2,69.4,28.89
"2012-2021",2016,"MO-01","MO",1,2501,77,18.8,80.38
"2012-2021",2016,"MO-02","MO",2,2502,42.3,52.6,44.57
"2012-2021",2016,"MO-03","MO",3,2503,28.1,67.1,29.52
"2012-2021",2016,"MO-04","MO",4,2504,29.3,65.3,30.97
"2012-2021",2016,"MO-05","MO",5,2505,54.1,40.6,57.13
"2012-2021",2016,"MO-06","MO",6,2506,31.7,63.1,33.44
"2012-2021",2016,"MO-07","MO",7,2507,24.7,70.4,25.97
"2012-2021",2016,"MO-08","MO",8,2508,21,75.4,21.78
"2012-2021",2016,"MT-AL","MT",1,2601,35.9,56.5,38.85
"2012-2021",2016,"NE-01","NE",1,2701,36.2,57.5,38.63
"2012-2021",2016,"NE-02","NE",2,2702,46,48.2,48.83
"2012-2021",2016,"NE-03","NE",3,2703,20,74.9,21.07
"2012-2021",2016,"NV-01","NV",1,2801,61.6,32.6,65.39
"2012-2021",2016,"NV-02","NV",2,2802,39.7,52,43.29
"2012-2021",2016,"NV-03","NV",3,2803,46.5,47.5,49.47
"2012-2021",2016,"NV-04","NV",4,2804,49.5,44.6,52.6
"2012-2021",2016,"NH-01","NH",1,2901,46.6,48.2,49.16
"2012-2021",2016,"NH-02","NH",2,2902,48.6,46.2,51.27
"2012-2021",2016,"NJ-01","NJ",1,3001,60.6,36.1,62.67
"2012-2021",2016,"NJ-02","NJ",2,3002,46,50.6,47.62
"2012-2021",2016,"NJ-03","NJ",3,3003,45.2,51.4,46.79
"2012-2021",2016,"NJ-04","NJ",4,3004,41,55.8,42.36
"2012-2021",2016,"NJ-05","NJ",5,3005,47.7,48.8,49.43
"2012-2021",2016,"NJ-06","NJ",6,3006,56.2,40.6,58.06
"2012-2021",2016,"NJ-07","NJ",7,3007,48.6,47.5,50.57
"2012-2021",2016,"NJ-08","NJ",8,3008,75.7,21.5,77.88
"2012-2021",2016,"NJ-09","NJ",9,3009,64.3,33.1,66.02
"2012-2021",2016,"NJ-10","NJ",10,3010,85.2,12.8,86.94
"2012-2021",2016,"NJ-11","NJ",11,3011,47.9,48.8,49.53
"2012-2021",2016,"NJ-12","NJ",12,3012,65,31.8,67.15
"2012-2021",2016,"NM-01","NM",1,3101,51.6,35.1,59.52
"2012-2021",2016,"NM-02","NM",2,3102,39.9,50.1,44.33
"2012-2021",2016,"NM-03","NM",3,3103,51.8,36.7,58.53
"2012-2021",2016,"NY-01","NY",1,3201,42.2,54.5,43.64
"2012-2021",2016,"NY-02","NY",2,3202,43.9,53,45.3
"2012-2021",2016,"NY-03","NY",3,3203,51.6,45.5,53.14
"2012-2021",2016,"NY-04","NY",4,3204,53.4,43.8,54.94
"2012-2021",2016,"NY-05","NY",5,3205,85.7,12.7,87.09
"2012-2021",2016,"NY-06","NY",6,3206,65.1,32.1,66.98
"2012-2021",2016,"NY-07","NY",7,3207,86.9,10.4,89.31
"2012-2021",2016,"NY-08","NY",8,3208,84.6,13.5,86.24
"2012-2021",2016,"NY-09","NY",9,3209,83.5,14.4,85.29
"2012-2021",2016,"NY-10","NY",10,3210,78.3,18.8,80.64
"2012-2021",2016,"NY-11","NY",11,3211,43.8,53.6,44.97
"2012-2021",2016,"NY-12","NY",12,3212,83.3,13.5,86.05
"2012-2021",2016,"NY-13","NY",13,3213,92.3,5.4,94.47
"2012-2021",2016,"NY-14","NY",14,3214,77.7,19.8,79.69
"2012-2021",2016,"NY-15","NY",15,3215,93.8,4.9,95.04
"2012-2021",2016,"NY-16","NY",16,3216,75.1,22.5,76.95
"2012-2021",2016,"NY-17","NY",17,3217,58.6,38.4,60.41
"2012-2021",2016,"NY-18","NY",18,3218,47.1,49,49.01
"2012-2021",2016,"NY-19","NY",19,3219,44,50.8,46.41
"2012-2021",2016,"NY-20","NY",20,3220,54,40.5,57.14
"2012-2021",2016,"NY-21","NY",21,3221,40,53.9,42.6
"2012-2021",2016,"NY-22","NY",22,3222,39.3,54.8,41.76
"2012-2021",2016,"NY-23","NY",23,3223,39.7,54.5,42.14
"2012-2021",2016,"NY-24","NY",24,3224,48.9,45.3,51.91
"2012-2021",2016,"NY-25","NY",25,3225,55.5,39.1,58.67
"2012-2021",2016,"NY-26","NY",26,3226,57.6,38,60.25
"2012-2021",2016,"NY-27","NY",27,3227,35.2,59.7,37.09
"2012-2021",2016,"NC-01","NC",1,3301,54.7,43.6,55.65
"2012-2021",2016,"NC-02","NC",2,3302,60.3,35.9,62.68
"2012-2021",2016,"NC-03","NC",3,3303,36.5,61,37.44
"2012-2021",2016,"NC-04","NC",4,3304,65.2,31.9,67.15
"2012-2021",2016,"NC-05","NC",5,3305,30.3,67.2,31.08
"2012-2021",2016,"NC-06","NC",6,3306,59.4,37.9,61.05
"2012-2021",2016,"NC-07","NC",7,3307,38.7,58.6,39.77
"2012-2021",2016,"NC-08","NC",8,3308,44.1,53.2,45.32
"2012-2021",2016,"NC-09","NC",9,3309,43.2,53.7,44.58
"2012-2021",2016,"NC-10","NC",10,3310,29.6,67.9,30.36
"2012-2021",2016,"NC-11","NC",11,3311,39.9,57.2,41.09
"2012-2021",2016,"NC-12","NC",12,3312,67.3,29.5,69.52
"2012-2021",2016,"NC-13","NC",13,3313,30.6,67,31.35
"2012-2021",2016,"ND-AL","ND",1,3401,27.7,64.1,30.17
"2012-2021",2016,"OH-01","OH",1,3501,44.6,51.2,46.56
"2012-2021",2016,"OH-02","OH",2,3502,39.7,55.8,41.57
"2012-2021",2016,"OH-03","OH",3,3503,67,28.6,70.08
"2012-2021",2016,"OH-04","OH",4,3504,30.7,64.3,32.32
"2012-2021",2016,"OH-05","OH",5,3505,34.6,59.7,36.69
"2012-2021",2016,"OH-06","OH",6,3506,26.7,69.3,27.81
"2012-2021",2016,"OH-07","OH",7,3507,32.8,62.5,34.42
"2012-2021",2016,"OH-08","OH",8,3508,30.6,65.1,31.97
"2012-2021",2016,"OH-09","OH",9,3509,58.7,36.5,61.66
"2012-2021",2016,"OH-10","OH",10,3510,44,51.3,46.17
"2012-2021",2016,"OH-11","OH",11,3511,80.5,17,82.56
"2012-2021",2016,"OH-12","OH",12,3512,41.9,53.2,44.06
"2012-2021",2016,"OH-13","OH",13,3513,51.1,44.6,53.4
"2012-2021",2016,"OH-14","OH",14,3514,42.1,53.6,43.99
"2012-2021",2016,"OH-15","OH",15,3515,39.9,55.3,41.91
"2012-2021",2016,"OH-16","OH",16,3516,39.5,56.1,41.32
"2012-2021",2016,"OK-01","OK",1,3601,32.7,61.4,34.75
"2012-2021",2016,"OK-02","OK",2,3602,22.8,72.9,23.82
"2012-2021",2016,"OK-03","OK",3,3603,20.9,73.6,22.12
"2012-2021",2016,"OK-04","OK",4,3604,28.3,65.7,30.11
"2012-2021",2016,"OK-05","OK",5,3605,39.8,53.2,42.8
"2012-2021",2016,"OR-01","OR",1,3701,57.3,34.5,62.42
"2012-2021",2016,"OR-02","OR",2,3702,36.4,56.5,39.18
"2012-2021",2016,"OR-03","OR",3,3703,70.7,22.5,75.86
"2012-2021",2016,"OR-04","OR",4,3704,46.1,46,50.05
"2012-2021",2016,"OR-05","OR",5,3705,48.3,44.1,52.27
"2012-2021",2016,"PA-01","PA",1,3801,49.1,47.1,51.04
"2012-2021",2016,"PA-02","PA",2,3802,72.9,24.9,74.54
"2012-2021",2016,"PA-03","PA",3,3803,90.9,7,92.85
"2012-2021",2016,"PA-04","PA",4,3804,57.8,38.5,60.02
"2012-2021",2016,"PA-05","PA",5,3805,62.6,34.4,64.54
"2012-2021",2016,"PA-06","PA",6,3806,52.6,43.3,54.85
"2012-2021",2016,"PA-07","PA",7,3807,48.7,47.6,50.57
"2012-2021",2016,"PA-08","PA",8,3808,43.7,53.3,45.05
"2012-2021",2016,"PA-09","PA",9,3809,31,65,32.29
"2012-2021",2016,"PA-10","PA",10,3810,43.4,52.3,45.35
"2012-2021",2016,"PA-11","PA",11,3811,34.7,60.5,36.45
"2012-2021",2016,"PA-12","PA",12,3812,29.7,66.1,31
"2012-2021",2016,"PA-13","PA",13,3813,25.5,71.2,26.37
"2012-2021",2016,"PA-14","PA",14,3814,33.9,62.9,35.02
"2012-2021",2016,"PA-15","PA",15,3815,26.5,69.8,27.52
"2012-2021",2016,"PA-16","PA",16,3816,37.9,57.9,39.56
"2012-2021",2016,"PA-17","PA",17,3817,46.8,49.4,48.65
"2012-2021",2016,"PA-18","PA",18,3818,62.1,34.6,64.22
"2012-2021",2016,"RI-01","RI",1,3901,60.5,34.9,63.42
"2012-2021",2016,"RI-02","RI",2,3902,51.1,44,53.73
"2012-2021",2016,"SC-01","SC",1,4001,40.4,53.5,43.02
"2012-2021",2016,"SC-02","SC",2,4002,38.6,56.3,40.67
"2012-2021",2016,"SC-03","SC",3,4003,29,67,30.21
"2012-2021",2016,"SC-04","SC",4,4004,34.5,60.2,36.43
"2012-2021",2016,"SC-05","SC",5,4005,38.8,57.3,40.37
"2012-2021",2016,"SC-06","SC",6,4006,66.8,30.3,68.8
"2012-2021",2016,"SC-07","SC",7,4007,39.1,58,40.27
"2012-2021",2016,"SD-AL","SD",1,4101,31.7,61.5,34.01
"2012-2021",2016,"TN-01","TN",1,4201,19.7,76.7,20.44
"2012-2021",2016,"TN-02","TN",2,4202,29.7,65.1,31.33
"2012-2021",2016,"TN-03","TN",3,4203,30.2,65.4,31.59
"2012-2021",2016,"TN-04","TN",4,4204,27.4,68.6,28.54
"2012-2021",2016,"TN-05","TN",5,4205,56.5,38.2,59.66
"2012-2021",2016,"TN-06","TN",6,4206,23.7,72.6,24.61
"2012-2021",2016,"TN-07","TN",7,4207,28.2,67.5,29.47
"2012-2021",2016,"TN-08","TN",8,4208,30.7,66.3,31.65
"2012-2021",2016,"TN-09","TN",9,4209,77.5,19.8,79.65
"2012-2021",2016,"TX-01","TX",1,4301,25.3,72.2,25.95
"2012-2021",2016,"TX-02","TX",2,4302,43.1,52.4,45.13
"2012-2021",2016,"TX-03","TX",3,4303,40.6,54.8,42.56
"2012-2021",2016,"TX-04","TX",4,4304,21.8,75.4,22.43
"2012-2021",2016,"TX-05","TX",5,4305,34.3,62.7,35.36
"2012-2021",2016,"TX-06","TX",6,4306,41.9,54.2,43.6
"2012-2021",2016,"TX-07","TX",7,4307,48.5,47.1,50.73
"2012-2021",2016,"TX-08","TX",8,4308,23.9,72.7,24.74
"2012-2021",2016,"TX-09","TX",9,4309,79.3,18,81.5
"2012-2021",2016,"TX-10","TX",10,4310,43.2,52.3,45.24
"2012-2021",2016,"TX-11","TX",11,4311,19.1,77.8,19.71
"2012-2021",2016,"TX-12","TX",12,4312,32.7,62.9,34.21
"2012-2021",2016,"TX-13","TX",13,4313,16.9,79.9,17.46
"2012-2021",2016,"TX-14","TX",14,4314,38.4,58.2,39.75
"2012-2021",2016,"TX-15","TX",15,4315,56.7,40,58.63
"2012-2021",2016,"TX-16","TX",16,4316,67.9,27.2,71.4
"2012-2021",2016,"TX-17","TX",17,4317,38.8,56.3,40.8
"2012-2021",2016,"TX-18","TX",18,4318,76.5,20,79.27
"2012-2021",2016,"TX-19","TX",19,4319,23.5,72.5,24.48
"2012-2021",2016,"TX-20","TX",20,4320,61,34.3,64.01
"2012-2021",2016,"TX-21","TX",21,4321,42.5,52.5,44.74
"2012-2021",2016,"TX-22","TX",22,4322,44.2,52.1,45.9
"2012-2021",2016,"TX-23","TX",23,4323,49.8,46.4,51.77
"2012-2021",2016,"TX-24","TX",24,4324,44.5,50.7,46.74
"2012-2021",2016,"TX-25","TX",25,4325,40.2,55.1,42.18
"2012-2021",2016,"TX-26","TX",26,4326,34.4,60.9,36.1
"2012-2021",2016,"TX-27","TX",27,4327,36.5,60.1,37.78
"2012-2021",2016,"TX-28","TX",28,4328,58.3,38.5,60.23
"2012-2021",2016,"TX-29","TX",29,4329,71.1,25.4,73.68
"2012-2021",2016,"TX-30","TX",30,4330,79.1,18.3,81.21
"2012-2021",2016,"TX-31","TX",31,4331,40.8,53.5,43.27
"2012-2021",2016,"TX-32","TX",32,4332,48.5,46.6,51
"2012-2021",2016,"TX-33","TX",33,4333,72.9,23.7,75.47
"2012-2021",2016,"TX-34","TX",34,4334,59.2,37.7,61.09
"2012-2021",2016,"TX-35","TX",35,4335,64.1,30.5,67.76
"2012-2021",2016,"TX-36","TX",36,4336,25.2,72,25.93
"2012-2021",2016,"UT-01","UT",1,4401,22.4,49.7,31.07
"2012-2021",2016,"UT-02","UT",2,4402,32,46,41.03
"2012-2021",2016,"UT-03","UT",3,4403,23.3,47.2,33.05
"2012-2021",2016,"UT-04","UT",4,4404,32.4,39.1,45.31
"2012-2021",2016,"VT-AL","VT",1,4501,56.7,30.3,65.17
"2012-2021",2016,"VA-01","VA",1,4601,41.2,53.6,43.46
"2012-2021",2016,"VA-02","VA",2,4602,45.4,48.8,48.2
"2012-2021",2016,"VA-03","VA",3,4603,63.6,31.9,66.6
"2012-2021",2016,"VA-04","VA",4,4604,58.7,37.1,61.27
"2012-2021",2016,"VA-05","VA",5,4605,42.3,53.4,44.2
"2012-2021",2016,"VA-06","VA",6,4606,34.9,59.7,36.89
"2012-2021",2016,"VA-07","VA",7,4607,44,50.5,46.56
"2012-2021",2016,"VA-08","VA",8,4608,73.5,20.9,77.86
"2012-2021",2016,"VA-09","VA",9,4609,27.3,68.8,28.41
"2012-2021",2016,"VA-10","VA",10,4610,52.2,42.2,55.3
"2012-2021",2016,"VA-11","VA",11,4611,66.9,27.5,70.87
"2012-2021",2016,"WA-01","WA",1,4701,54.1,37.8,58.87
"2012-2021",2016,"WA-02","WA",2,4702,56.9,34.8,62.05
"2012-2021",2016,"WA-03","WA",3,4703,42.5,49.9,46
"2012-2021",2016,"WA-04","WA",4,4704,35.1,57.9,37.74
"2012-2021",2016,"WA-05","WA",5,4705,39.1,52.2,42.83
"2012-2021",2016,"WA-06","WA",6,4706,51.8,39.5,56.74
"2012-2021",2016,"WA-07","WA",7,4707,82.1,12.2,87.06
"2012-2021",2016,"WA-08","WA",8,4708,47.7,44.7,51.62
"2012-2021",2016,"WA-09","WA",9,4709,70.5,23.3,75.16
"2012-2021",2016,"WA-10","WA",10,4710,51.3,39.9,56.25
"2012-2021",2016,"WV-01","WV",1,4801,26.4,68,27.97
"2012-2021",2016,"WV-02","WV",2,4802,29.4,65.8,30.88
"2012-2021",2016,"WV-03","WV",3,4803,23.3,72.5,24.32
"2012-2021",2016,"WI-01","WI",1,4901,42.3,52.6,44.57
"2012-2021",2016,"WI-02","WI",2,4902,65.8,29,69.41
"2012-2021",2016,"WI-03","WI",3,4903,44.8,49.3,47.61
"2012-2021",2016,"WI-04","WI",4,4904,74,21.8,77.24
"2012-2021",2016,"WI-05","WI",5,4905,37.3,57.4,39.39
"2012-2021",2016,"WI-06","WI",6,4906,38.8,55.7,41.06
"2012-2021",2016,"WI-07","WI",7,4907,37.3,57.7,39.26
"2012-2021",2016,"WI-08","WI",8,4908,38.6,56.2,40.72
"2012-2021",2016,"WY-AL","WY",1,5001,22.5,70.1,24.3
"2012-2021",2020,"AL-01","AL",1,101,35.3,63.7,35.66
"2012-2021",2020,"AL-02","AL",2,102,35.1,63.9,35.45
"2012-2021",2020,"AL-03","AL",3,103,33.7,65.3,34.04
"2012-2021",2020,"AL-04","AL",4,104,17.8,81.2,17.98
"2012-2021",2020,"AL-05","AL",5,105,35.7,62.7,36.28
"2012-2021",2020,"AL-06","AL",6,106,31.8,67,32.19
"2012-2021",2020,"AL-07","AL",7,107,70.8,28.5,71.3
"2012-2021",2020,"AK-AL","AK",1,201,43,53.1,44.75
"2012-2021",2020,"AZ-01","AZ",1,301,50.1,48.4,50.86
"2012-2021",2020,"AZ-02","AZ",2,302,54.5,43.9,55.39
"2012-2021",2020,"AZ-03","AZ",3,303,62.8,35.7,63.76
"2012-2021",2020,"AZ-04","AZ",4,304,30.6,68,31.03
"2012-2021",2020,"AZ-05","AZ",5,305,41.9,56.4,42.62
"2012-2021",2020,"AZ-06","AZ",6,306,47.3,51.4,47.92
"2012-2021",2020,"AZ-07","AZ",7,307,73.7,24.7,74.9
"2012-2021",2020,"AZ-08","AZ",8,308,41.4,57.3,41.95
"2012-2021",2020,"AZ-09","AZ",9,309,60.8,37.3,61.98
"2012-2021",2020,"AR-01","AR",1,401,27.9,69.1,28.76
"2012-2021",2020,"AR-02","AR",2,402,44.3,53.1,45.48
"2012-2021",2020,"AR-03","AR",3,403,35.2,61.9,36.25
"2012-2021",2020,"AR-04","AR",4,404,29.6,67.7,30.42
"2012-2021",2020,"CA-01","CA",1,501,41.1,56.4,42.15
"2012-2021",2020,"CA-02","CA",2,502,73.6,23.9,75.49
"2012-2021",2020,"CA-03","CA",3,503,54.9,42.7,56.25
"2012-2021",2020,"CA-04","CA",4,504,43.9,53.7,44.98
"2012-2021",2020,"CA-05","CA",5,505,72.4,25.3,74.1
"2012-2021",2020,"CA-06","CA",6,506,70.3,27.2,72.1
"2012-2021",2020,"CA-07","CA",7,507,55.6,41.9,57.03
"2012-2021",2020,"CA-08","CA",8,508,43.6,54,44.67
"2012-2021",2020,"CA-09","CA",9,509,57.9,39.9,59.2
"2012-2021",2020,"CA-10","CA",10,510,50.3,47.4,51.48
"2012-2021",2020,"CA-11","CA",11,511,74.3,23.6,75.89
"2012-2021",2020,"CA-12","CA",12,512,86.1,11.9,87.86
"2012-2021",2020,"CA-13","CA",13,513,88.9,9,90.81
"2012-2021",2020,"CA-14","CA",14,514,77.7,20.5,79.12
"2012-2021",2020,"CA-15","CA",15,515,71.5,26.4,73.03
"2012-2021",2020,"CA-16","CA",16,516,58.8,38.9,60.18
"2012-2021",2020,"CA-17","CA",17,517,72.5,25.5,73.98
"2012-2021",2020,"CA-18","CA",18,518,76.4,21.3,78.2
"2012-2021",2020,"CA-19","CA",19,519,70,27.9,71.5
"2012-2021",2020,"CA-20","CA",20,520,72.7,25,74.41
"2012-2021",2020,"CA-21","CA",21,521,54.4,43.5,55.57
"2012-2021",2020,"CA-22","CA",22,522,46.2,51.6,47.24
"2012-2021",2020,"CA-23","CA",23,523,40.5,57.1,41.5
"2012-2021",2020,"CA-24","CA",24,524,60.7,36.9,62.19
"2012-2021",2020,"CA-25","CA",25,525,54,43.9,55.16
"2012-2021",2020,"CA-26","CA",26,526,61.4,36.5,62.72
"2012-2021",2020,"CA-27","CA",27,527,67.2,30.8,68.57
"2012-2021",2020,"CA-28","CA",28,528,70.9,27.2,72.27
"2012-2021",2020,"CA-29","CA",29,529,74.1,23.7,75.77
"2012-2021",2020,"CA-30","CA",30,530,68.7,29.4,70.03
"2012-2021",2020,"CA-31","CA",31,531,58.8,38.9,60.18
"2012-2021",2020,"CA-32","CA",32,532,65.2,32.8,66.53
"2012-2021",2020,"CA-33","CA",33,533,69,29,70.41
"2012-2021",2020,"CA-34","CA",34,534,80.8,16.9,82.7
"2012-2021",2020,"CA-35","CA",35,535,65.1,32.6,66.63
"2012-2021",2020,"CA-36","CA",36,536,55.9,42.3,56.92
"2012-2021",2020,"CA-37","CA",37,537,84.3,13.8,85.93
"2012-2021",2020,"CA-38","CA",38,538,65.6,32.3,67.01
"2012-2021",2020,"CA-39","CA",39,539,54.1,44,55.15
"2012-2021",2020,"CA-40","CA",40,540,77.1,20.6,78.92
"2012-2021",2020,"CA-41","CA",41,541,61.7,36.1,63.09
"2012-2021",2020,"CA-42","CA",42,542,45.3,52.7,46.22
"2012-2021",2020,"CA-43","CA",43,543,76.9,20.9,78.63
"2012-2021",2020,"CA-44","CA",44,544,78.4,19.2,80.33
"2012-2021",2020,"CA-45","CA",45,545,54.6,43.3,55.77
"2012-2021",2020,"CA-46","CA",46,546,64.3,33.5,65.75
"2012-2021",2020,"CA-47","CA",47,547,62.4,35.3,63.87
"2012-2021",2020,"CA-48","CA",48,548,49.7,48.2,50.77
"2012-2021",2020,"CA-49","CA",49,549,55.2,42.5,56.5
"2012-2021",2020,"CA-50","CA",50,550,45,52.7,46.06
"2012-2021",2020,"CA-51","CA",51,551,66.9,30.9,68.4
"2012-2021",2020,"CA-52","CA",52,552,63.4,34.2,64.96
"2012-2021",2020,"CA-53","CA",53,553,67,30.9,68.44
"2012-2021",2020,"CO-01","CO",1,601,75.6,22.1,77.38
"2012-2021",2020,"CO-02","CO",2,602,63.7,33.6,65.47
"2012-2021",2020,"CO-03","CO",3,603,46.1,51.6,47.19
"2012-2021",2020,"CO-04","CO",4,604,40.8,56.6,41.89
"2012-2021",2020,"CO-05","CO",5,605,41.8,54.7,43.32
"2012-2021",2020,"CO-06","CO",6,606,58.2,39.2,59.75
"2012-2021",2020,"CO-07","CO",7,607,60,37.1,61.79
"2012-2021",2020,"CT-01","CT",1,701,63.3,35.3,64.2
"2012-2021",2020,"CT-02","CT",2,702,54.5,43.5,55.61
"2012-2021",2020,"CT-03","CT",3,703,59.9,38.8,60.69
"2012-2021",2020,"CT-04","CT",4,704,64.2,34.5,65.05
"2012-2021",2020,"CT-05","CT",5,705,54.6,43.9,55.43
"2012-2021",2020,"DE-AL","DE",1,801,58.8,39.8,59.63
"2012-2021",2020,"FL-01","FL",1,901,32.4,65.9,32.96
"2012-2021",2020,"FL-02","FL",2,902,32,67,32.32
"2012-2021",2020,"FL-03","FL",3,903,42.8,56,43.32
"2012-2021",2020,"FL-04","FL",4,904,38.9,59.9,39.37
"2012-2021",2020,"FL-05","FL",5,905,62.7,36.2,63.4
"2012-2021",2020,"FL-06","FL",6,906,40.8,58.3,41.17
"2012-2021",2020,"FL-07","FL",7,907,54.6,44.2,55.26
"2012-2021",2020,"FL-08","FL",8,908,40.6,58.3,41.05
"2012-2021",2020,"FL-09","FL",9,909,53,46.1,53.48
"2012-2021",2020,"FL-10","FL",10,910,62,37,62.63
"2012-2021",2020,"FL-11","FL",11,911,33.8,65.4,34.07
"2012-2021",2020,"FL-12","FL",12,912,41,57.9,41.46
"2012-2021",2020,"FL-13","FL",13,913,51.5,47.4,52.07
"2012-2021",2020,"FL-14","FL",14,914,57.2,41.6,57.89
"2012-2021",2020,"FL-15","FL",15,915,45.2,53.7,45.7
"2012-2021",2020,"FL-16","FL",16,916,45.5,53.6,45.91
"2012-2021",2020,"FL-17","FL",17,917,35.9,63.3,36.19
"2012-2021",2020,"FL-18","FL",18,918,45.5,53.9,45.77
"2012-2021",2020,"FL-19","FL",19,919,39.6,59.7,39.88
"2012-2021",2020,"FL-20","FL",20,920,77.3,22.1,77.77
"2012-2021",2020,"FL-21","FL",21,921,58.2,41.2,58.55
"2012-2021",2020,"FL-22","FL",22,922,57.1,42.3,57.44
"2012-2021",2020,"FL-23","FL",23,923,58.3,41.2,58.59
"2012-2021",2020,"FL-24","FL",24,924,75.4,24,75.86
"2012-2021",2020,"FL-25","FL",25,925,38.2,61.2,38.43
"2012-2021",2020,"FL-26","FL",26,926,46.9,52.5,47.18
"2012-2021",2020,"FL-27","FL",27,927,51.3,48.1,51.61
"2012-2021",2020,"GA-01","GA",1,1001,43.1,55.5,43.71
"2012-2021",2020,"GA-02","GA",2,1002,55.7,43.4,56.21
"2012-2021",2020,"GA-03","GA",3,1003,36.8,62,37.25
"2012-2021",2020,"GA-04","GA",4,1004,78.8,20.2,79.6
"2012-2021",2020,"GA-05","GA",5,1005,86.2,12.6,87.25
"2012-2021",2020,"GA-06","GA",6,1006,54.8,43.7,55.63
"2012-2021",2020,"GA-07","GA",7,1007,52.4,46.1,53.2
"2012-2021",2020,"GA-08","GA",8,1008,37,62,37.37
"2012-2021",2020,"GA-09","GA",9,1009,22.4,76.4,22.67
"2012-2021",2020,"GA-10","GA",10,1010,39.2,59.6,39.68
"2012-2021",2020,"GA-11","GA",11,1011,41.5,56.9,42.17
"2012-2021",2020,"GA-12","GA",12,1012,43,55.8,43.52
"2012-2021",2020,"GA-13","GA",13,1013,75.6,23.4,76.36
"2012-2021",2020,"GA-14","GA",14,1014,25.3,73.4,25.63
"2012-2021",2020,"HI-01","HI",1,1101,63.8,34.5,64.9
"2012-2021",2020,"HI-02","HI",2,1102,63.6,34,65.16
"2012-2021",2020,"ID-01","ID",1,1201,30.1,67.1,30.97
"2012-2021",2020,"ID-02","ID",2,1202,36.6,60.1,37.85
"2012-2021",2020,"IL-01","IL",1,1301,73.9,24.7,74.95
"2012-2021",2020,"IL-02","IL",2,1302,77.5,21.2,78.52
"2012-2021",2020,"IL-03","IL",3,1303,55.5,42.9,56.4
"2012-2021",2020,"IL-04","IL",4,1304,80.7,17.3,82.35
"2012-2021",2020,"IL-05","IL",5,1305,72.1,26,73.5
"2012-2021",2020,"IL-06","IL",6,1306,55.3,42.6,56.49
"2012-2021",2020,"IL-07","IL",7,1307,86.3,12.1,87.7
"2012-2021",2020,"IL-08","IL",8,1308,59.2,39,60.29
"2012-2021",2020,"IL-09","IL",9,1309,71,27.4,72.15
"2012-2021",2020,"IL-10","IL",10,1310,64.2,34,65.38
"2012-2021",2020,"IL-11","IL",11,1311,61.9,36.2,63.1
"2012-2021",2020,"IL-12","IL",12,1312,41.9,56.1,42.76
"2012-2021",2020,"IL-13","IL",13,1313,47,50.5,48.21
"2012-2021",2020,"IL-14","IL",14,1314,50.2,47.8,51.22
"2012-2021",2020,"IL-15","IL",15,1315,25.9,72.2,26.4
"2012-2021",2020,"IL-16","IL",16,1316,40.9,56.9,41.82
"2012-2021",2020,"IL-17","IL",17,1317,48.1,49.7,49.18
"2012-2021",2020,"IL-18","IL",18,1318,36.8,60.9,37.67
"2012-2021",2020,"IN-01","IN",1,1401,53.6,44.8,54.47
"2012-2021",2020,"IN-02","IN",2,1402,38.9,59.3,39.61
"2012-2021",2020,"IN-03","IN",3,1403,34,63.9,34.73
"2012-2021",2020,"IN-04","IN",4,1404,34,63.8,34.76
"2012-2021",2020,"IN-05","IN",5,1405,47.9,50.1,48.88
"2012-2021",2020,"IN-06","IN",6,1406,29.1,68.8,29.72
"2012-2021",2020,"IN-07","IN",7,1407,62.9,35.3,64.05
"2012-2021",2020,"IN-08","IN",8,1408,33.1,65.1,33.71
"2012-2021",2020,"IN-09","IN",9,1409,37.2,60.8,37.96
"2012-2021",2020,"IA-01","IA",1,1501,47.4,50.8,48.27
"2012-2021",2020,"IA-02","IA",2,1502,47.1,51.1,47.96
"2012-2021",2020,"IA-03","IA",3,1503,49,49.1,49.95
"2012-2021",2020,"IA-04","IA",4,1504,35.7,62.7,36.28
"2012-2021",2020,"KS-01","KS",1,1601,28.1,69.7,28.73
"2012-2021",2020,"KS-02","KS",2,1602,41.3,56.3,42.32
"2012-2021",2020,"KS-03","KS",3,1603,54.3,43.7,55.41
"2012-2021",2020,"KS-04","KS",4,1604,38,59.7,38.89
"2012-2021",2020,"KY-01","KY",1,1701,25.5,73.1,25.86
"2012-2021",2020,"KY-02","KY",2,1702,30.6,67.6,31.16
"2012-2021",2020,"KY-03","KY",3,1703,60,38.1,61.16
"2012-2021",2020,"KY-04","KY",4,1704,33.4,64.7,34.05
"2012-2021",2020,"KY-05","KY",5,1705,18.6,80.1,18.84
"2012-2021",2020,"KY-06","KY",6,1706,44.5,53.6,45.36
"2012-2021",2020,"LA-01","LA",1,1801,30.1,68,30.68
"2012-2021",2020,"LA-02","LA",2,1802,75.3,23,76.6
"2012-2021",2020,"LA-03","LA",3,1803,30.2,68.1,30.72
"2012-2021",2020,"LA-04","LA",4,1804,37,61.5,37.56
"2012-2021",2020,"LA-05","LA",5,1805,34.1,64.5,34.58
"2012-2021",2020,"LA-06","LA",6,1806,34.4,63.8,35.03
"2012-2021",2020,"ME-01","ME",1,1901,60.1,37,61.89
"2012-2021",2020,"ME-02","ME",2,1902,44.8,52.3,46.14
"2012-2021",2020,"MD-01","MD",1,2001,39.1,58.8,39.94
"2012-2021",2020,"MD-02","MD",2,2002,65.8,32.4,67.01
"2012-2021",2020,"MD-03","MD",3,2003,68.7,29.4,70.03
"2012-2021",2020,"MD-04","MD",4,2004,79.1,19.2,80.47
"2012-2021",2020,"MD-05","MD",5,2005,68.6,29.7,69.79
"2012-2021",2020,"MD-06","MD",6,2006,60.6,37.5,61.77
"2012-2021",2020,"MD-07","MD",7,2007,78.4,20,79.67
"2012-2021",2020,"MD-08","MD",8,2008,69.3,28.9,70.57
"2012-2021",2020,"MA-01","MA",1,2101,61.1,36.9,62.35
"2012-2021",2020,"MA-02","MA",2,2102,61.8,36,63.19
"2012-2021",2020,"MA-03","MA",3,2103,63.4,34.6,64.69
"2012-2021",2020,"MA-04","MA",4,2104,64.5,33.7,65.68
"2012-2021",2020,"MA-05","MA",5,2105,74.5,23.9,75.71
"2012-2021",2020,"MA-06","MA",6,2106,62.6,35.6,63.75
"2012-2021",2020,"MA-07","MA",7,2107,85.3,13.3,86.51
"2012-2021",2020,"MA-08","MA",8,2108,66.2,32.2,67.28
"2012-2021",2020,"MA-09","MA",9,2109,57.9,40.3,58.96
"2012-2021",2020,"MI-01","MI",1,2201,40.6,57.9,41.22
"2012-2021",2020,"MI-02","MI",2,2202,43.2,55,43.99
"2012-2021",2020,"MI-03","MI",3,2203,47.4,50.6,48.37
"2012-2021",2020,"MI-04","MI",4,2204,37.1,61.2,37.74
"2012-2021",2020,"MI-05","MI",5,2205,51.4,47.1,52.18
"2012-2021",2020,"MI-06","MI",6,2206,46.8,51.3,47.71
"2012-2021",2020,"MI-07","MI",7,2207,41.4,56.9,42.12
"2012-2021",2020,"MI-08","MI",8,2208,48.8,49.6,49.59
"2012-2021",2020,"MI-09","MI",9,2209,55.9,42.7,56.69
"2012-2021",2020,"MI-10","MI",10,2210,34.4,64.2,34.89
"2012-2021",2020,"MI-11","MI",11,2211,51.6,47.1,52.28
"2012-2021",2020,"MI-12","MI",12,2212,64.2,34.4,65.11
"2012-2021",2020,"MI-13","MI",13,2213,78.8,20,79.76
"2012-2021",2020,"MI-14","MI",14,2214,79.5,19.5,80.3
"2012-2021",2020,"MN-01","MN",1,2301,43.9,54,44.84
"2012-2021",2020,"MN-02","MN",2,2302,52.4,45.5,53.52
"2012-2021",2020,"MN-03","MN",3,2303,58.7,39.4,59.84
"2012-2021",2020,"MN-04","MN",4,2304,67.5,30.5,68.88
"2012-2021",2020,"MN-05","MN",5,2305,80.3,17.7,81.94
"2012-2021",2020,"MN-06","MN",6,2306,38.8,59,39.67
"2012-2021",2020,"MN-07","MN",7,2307,34.4,63.8,35.03
"2012-2021",2020,"MN-08","MN",8,2308,41.7,56.3,42.55
"2012-2021",2020,"MS-01","MS",1,2401,33.8,64.8,34.28
"2012-2021",2020,"MS-02","MS",2,2402,63.7,35.2,64.41
"2012-2021",2020,"MS-03","MS",3,2403,38.6,60.1,39.11
"2012-2021",2020,"MS-04","MS",4,2404,30.3,68.3,30.73
"2012-2021",2020,"MO-01","MO",1,2501,80.3,18.1,81.61
"2012-2021",2020,"MO-02","MO",2,2502,49.2,49.2,50
"2012-2021",2020,"MO-03","MO",3,2503,31.3,66.8,31.91
"2012-2021",2020,"MO-04","MO",4,2504,31.9,66,32.58
"2012-2021",2020,"MO-05","MO",5,2505,58.4,39.6,59.59
"2012-2021",2020,"MO-06","MO",6,2506,35,63.3,35.61
"2012-2021",2020,"MO-07","MO",7,2507,28.1,70,28.64
"2012-2021",2020,"MO-08","MO",8,2508,21.3,77.3,21.6
"2012-2021",2020,"MT-AL","MT",1,2601,40.6,56.9,41.64
"2012-2021",2020,"NE-01","NE",1,2701,41.3,56.3,42.32
"2012-2021",2020,"NE-02","NE",2,2702,52.2,45.7,53.32
"2012-2021",2020,"NE-03","NE",3,2703,22.4,75.6,22.86
"2012-2021",2020,"NV-01","NV",1,2801,61.5,36.4,62.82
"2012-2021",2020,"NV-02","NV",2,2802,43.6,53.6,44.86
"2012-2021",2020,"NV-03","NV",3,2803,49.1,48.9,50.1
"2012-2021",2020,"NV-04","NV",4,2804,50.9,47,51.99
"2012-2021",2020,"NH-01","NH",1,2901,52.2,46.2,53.05
"2012-2021",2020,"NH-02","NH",2,2902,53.5,44.8,54.43
"2012-2021",2020,"NJ-01","NJ",1,3001,62.1,36.6,62.92
"2012-2021",2020,"NJ-02","NJ",2,3002,47.9,50.8,48.53
"2012-2021",2020,"NJ-03","NJ",3,3003,49.2,49.4,49.9
"2012-2021",2020,"NJ-04","NJ",4,3004,44.1,54.6,44.68
"2012-2021",2020,"NJ-05","NJ",5,3005,51.9,46.7,52.64
"2012-2021",2020,"NJ-06","NJ",6,3006,57.2,41.5,57.95
"2012-2021",2020,"NJ-07","NJ",7,3007,54.2,44.3,55.03
"2012-2021",2020,"NJ-08","NJ",8,3008,71.8,27.2,72.53
"2012-2021",2020,"NJ-09","NJ",9,3009,62.2,36.8,62.83
"2012-2021",2020,"NJ-10","NJ",10,3010,84.2,15,84.88
"2012-2021",2020,"NJ-11","NJ",11,3011,52.7,46,53.39
"2012-2021",2020,"NJ-12","NJ",12,3012,67.3,31.4,68.19
"2012-2021",2020,"NM-01","NM",1,3101,60.2,37.4,61.68
"2012-2021",2020,"NM-02","NM",2,3102,43.1,54.9,43.98
"2012-2021",2020,"NM-03","NM",3,3103,57.7,40.1,59
"2012-2021",2020,"NY-01","NY",1,3201,47.3,51.5,47.87
"2012-2021",2020,"NY-02","NY",2,3202,47.4,51.4,47.98
"2012-2021",2020,"NY-03","NY",3,3203,54.7,44.3,55.25
"2012-2021",2020,"NY-04","NY",4,3204,55.6,43.4,56.16
"2012-2021",2020,"NY-05","NY",5,3205,83.3,16.2,83.72
"2012-2021",2020,"NY-06","NY",6,3206,61.8,37.4,62.3
"2012-2021",2020,"NY-07","NY",7,3207,81.8,17.3,82.54
"2012-2021",2020,"NY-08","NY",8,3208,82.9,16.5,83.4
"2012-2021",2020,"NY-09","NY",9,3209,81.4,17.8,82.06
"2012-2021",2020,"NY-10","NY",10,3210,76.1,22.9,76.87
"2012-2021",2020,"NY-11","NY",11,3211,44.3,54.8,44.7
"2012-2021",2020,"NY-12","NY",12,3212,84.1,14.8,85.04
"2012-2021",2020,"NY-13","NY",13,3213,88.1,11.1,88.81
"2012-2021",2020,"NY-14","NY",14,3214,73.3,25.9,73.89
"2012-2021",2020,"NY-15","NY",15,3215,86.4,13,86.92
"2012-2021",2020,"NY-16","NY",16,3216,75.3,23.8,75.98
"2012-2021",2020,"NY-17","NY",17,3217,59.6,39.4,60.2
"2012-2021",2020,"NY-18","NY",18,3218,51.8,46.8,52.54
"2012-2021",2020,"NY-19","NY",19,3219,49.8,48.3,50.76
"2012-2021",2020,"NY-20","NY",20,3220,59.3,38.7,60.51
"2012-2021",2020,"NY-21","NY",21,3221,43.8,54.2,44.69
"2012-2021",2020,"NY-22","NY",22,3222,43.2,54.7,44.13
"2012-2021",2020,"NY-23","NY",23,3223,43.3,54.5,44.27
"2012-2021",2020,"NY-24","NY",24,3224,53.4,44.4,54.6
"2012-2021",2020,"NY-25","NY",25,3225,60.1,37.8,61.39
"2012-2021",2020,"NY-26","NY",26,3226,62.6,35.6,63.75
"2012-2021",2020,"NY-27","NY",27,3227,41.1,56.8,41.98
"2012-2021",2020,"NC-01","NC",1,3301,53.9,45.3,54.33
"2012-2021",2020,"NC-02","NC",2,3302,64.3,34,65.41
"2012-2021",2020,"NC-03","NC",3,3303,37.7,60.9,38.24
"2012-2021",2020,"NC-04","NC",4,3304,66.6,32.2,67.41
"2012-2021",2020,"NC-05","NC",5,3305,31.6,67.4,31.92
"2012-2021",2020,"NC-06","NC",6,3306,61.6,37.2,62.35
"2012-2021",2020,"NC-07","NC",7,3307,40.7,58.1,41.19
"2012-2021",2020,"NC-08","NC",8,3308,46.1,52.5,46.75
"2012-2021",2020,"NC-09","NC",9,3309,45.5,53.4,46.01
"2012-2021",2020,"NC-10","NC",10,3310,31.2,67.7,31.55
"2012-2021",2020,"NC-11","NC",11,3311,43.3,55.4,43.87
"2012-2021",2020,"NC-12","NC",12,3312,70.1,28.5,71.1
"2012-2021",2020,"NC-13","NC",13,3313,31.8,67.1,32.15
"2012-2021",2020,"ND-AL","ND",1,3401,31.9,65.5,32.75
"2012-2021",2020,"OH-01","OH",1,3501,47.7,50.9,48.38
"2012-2021",2020,"OH-02","OH",2,3502,42.9,55.6,43.55
"2012-2021",2020,"OH-03","OH",3,3503,70,28.4,71.14
"2012-2021",2020,"OH-04","OH",4,3504,31.2,67.1,31.74
"2012-2021",2020,"OH-05","OH",5,3505,36.7,61.6,37.33
"2012-2021",2020,"OH-06","OH",6,3506,26.5,72.2,26.85
"2012-2021",2020,"OH-07","OH",7,3507,33.2,65.3,33.71
"2012-2021",2020,"OH-08","OH",8,3508,32.5,66,32.99
"2012-2021",2020,"OH-09","OH",9,3509,58.8,39.7,59.7
"2012-2021",2020,"OH-10","OH",10,3510,47,51.4,47.76
"2012-2021",2020,"OH-11","OH",11,3511,79.8,19.2,80.61
"2012-2021",2020,"OH-12","OH",12,3512,46.3,52.2,47.01
"2012-2021",2020,"OH-13","OH",13,3513,51,47.6,51.72
"2012-2021",2020,"OH-14","OH",14,3514,44.9,53.9,45.45
"2012-2021",2020,"OH-15","OH",15,3515,42.2,56.3,42.84
"2012-2021",2020,"OH-16","OH",16,3516,42.2,56.5,42.76
"2012-2021",2020,"OK-01","OK",1,3601,37.3,60.1,38.3
"2012-2021",2020,"OK-02","OK",2,3602,22.1,76.1,22.51
"2012-2021",2020,"OK-03","OK",3,3603,23.1,74.6,23.64
"2012-2021",2020,"OK-04","OK",4,3604,32,65.6,32.79
"2012-2021",2020,"OK-05","OK",5,3605,46,51.3,47.28
"2012-2021",2020,"OR-01","OR",1,3701,63.3,34,65.06
"2012-2021",2020,"OR-02","OR",2,3702,42.1,55.6,43.09
"2012-2021",2020,"OR-03","OR",3,3703,74.3,23.5,75.97
"2012-2021",2020,"OR-04","OR",4,3704,50.7,46.7,52.05
"2012-2021",2020,"OR-05","OR",5,3705,53.6,43.9,54.97
"2012-2021",2020,"PA-01","PA",1,3801,52.4,46.6,52.93
"2012-2021",2020,"PA-02","PA",2,3802,70.1,29.1,70.67
"2012-2021",2020,"PA-03","PA",3,3803,91.3,8.1,91.85
"2012-2021",2020,"PA-04","PA",4,3804,61.5,37.4,62.18
"2012-2021",2020,"PA-05","PA",5,3805,65.1,34,65.69
"2012-2021",2020,"PA-06","PA",6,3806,56.9,41.9,57.59
"2012-2021",2020,"PA-07","PA",7,3807,51.8,47,52.43
"2012-2021",2020,"PA-08","PA",8,3808,47.3,51.7,47.78
"2012-2021",2020,"PA-09","PA",9,3809,34.1,64.5,34.58
"2012-2021",2020,"PA-10","PA",10,3810,47.8,50.7,48.53
"2012-2021",2020,"PA-11","PA",11,3811,38.3,60.2,38.88
"2012-2021",2020,"PA-12","PA",12,3812,31.2,67.3,31.68
"2012-2021",2020,"PA-13","PA",13,3813,27.2,71.6,27.53
"2012-2021",2020,"PA-14","PA",14,3814,35.7,63.2,36.1
"2012-2021",2020,"PA-15","PA",15,3815,27.5,71.2,27.86
"2012-2021",2020,"PA-16","PA",16,3816,40,58.7,40.53
"2012-2021",2020,"PA-17","PA",17,3817,50.7,48,51.37
"2012-2021",2020,"PA-18","PA",18,3818,64.5,34.4,65.22
"2012-2021",2020,"RI-01","RI",1,3901,63.9,34.6,64.87
"2012-2021",2020,"RI-02","RI",2,3902,56,42.5,56.85
"2012-2021",2020,"SC-01","SC",1,4001,46.1,52.1,46.95
"2012-2021",2020,"SC-02","SC",2,4002,43.6,54.9,44.26
"2012-2021",2020,"SC-03","SC",3,4003,30.5,68.1,30.93
"2012-2021",2020,"SC-04","SC",4,4004,38.9,59.3,39.61
"2012-2021",2020,"SC-05","SC",5,4005,41,57.6,41.58
"2012-2021",2020,"SC-06","SC",6,4006,67,31.8,67.81
"2012-2021",2020,"SC-07","SC",7,4007,40.2,58.8,40.61
"2012-2021",2020,"SD-AL","SD",1,4101,35.6,61.8,36.55
"2012-2021",2020,"TN-01","TN",1,4201,22.1,76.2,22.48
"2012-2021",2020,"TN-02","TN",2,4202,34.5,63.6,35.17
"2012-2021",2020,"TN-03","TN",3,4203,32.9,65.3,33.5
"2012-2021",2020,"TN-04","TN",4,4204,30.7,67.5,31.26
"2012-2021",2020,"TN-05","TN",5,4205,60.3,36.7,62.16
"2012-2021",2020,"TN-06","TN",6,4206,25.6,72.7,26.04
"2012-2021",2020,"TN-07","TN",7,4207,31.3,66.9,31.87
"2012-2021",2020,"TN-08","TN",8,4208,33.2,65.4,33.67
"2012-2021",2020,"TN-09","TN",9,4209,78.5,19.8,79.86
"2012-2021",2020,"TX-01","TX",1,4301,27.2,71.6,27.53
"2012-2021",2020,"TX-02","TX",2,4302,48.6,49.9,49.34
"2012-2021",2020,"TX-03","TX",3,4303,48.7,49.8,49.44
"2012-2021",2020,"TX-04","TX",4,4304,24.4,74.4,24.7
"2012-2021",2020,"TX-05","TX",5,4305,37.9,60.9,38.36
"2012-2021",2020,"TX-06","TX",6,4306,47.8,50.8,48.48
"2012-2021",2020,"TX-07","TX",7,4307,53.6,45.1,54.31
"2012-2021",2020,"TX-08","TX",8,4308,28.1,70.6,28.47
"2012-2021",2020,"TX-09","TX",9,4309,75.7,23.3,76.46
"2012-2021",2020,"TX-10","TX",10,4310,48.4,50,49.19
"2012-2021",2020,"TX-11","TX",11,4311,19.7,79.1,19.94
"2012-2021",2020,"TX-12","TX",12,4312,37.9,60.5,38.52
"2012-2021",2020,"TX-13","TX",13,4313,19.4,79.2,19.68
"2012-2021",2020,"TX-14","TX",14,4314,39.6,59,40.16
"2012-2021",2020,"TX-15","TX",15,4315,50.4,48.5,50.96
"2012-2021",2020,"TX-16","TX",16,4316,66.4,32,67.48
"2012-2021",2020,"TX-17","TX",17,4317,43.6,54.6,44.4
"2012-2021",2020,"TX-18","TX",18,4318,75.7,23,76.7
"2012-2021",2020,"TX-19","TX",19,4319,26.3,72.2,26.7
"2012-2021",2020,"TX-20","TX",20,4320,63.7,34.7,64.74
"2012-2021",2020,"TX-21","TX",21,4321,47.9,50.6,48.63
"2012-2021",2020,"TX-22","TX",22,4322,48.9,49.8,49.54
"2012-2021",2020,"TX-23","TX",23,4323,48.5,50.3,49.09
"2012-2021",2020,"TX-24","TX",24,4324,51.9,46.5,52.74
"2012-2021",2020,"TX-25","TX",25,4325,44.4,54,45.12
"2012-2021",2020,"TX-26","TX",26,4326,42.1,56.3,42.78
"2012-2021",2020,"TX-27","TX",27,4327,37.5,61.2,37.99
"2012-2021",2020,"TX-28","TX",28,4328,51.6,47.2,52.23
"2012-2021",2020,"TX-29","TX",29,4329,65.9,32.9,66.7
"2012-2021",2020,"TX-30","TX",30,4330,79.8,18.9,80.85
"2012-2021",2020,"TX-31","TX",31,4331,47.6,50.4,48.57
"2012-2021",2020,"TX-32","TX",32,4332,54.4,44,55.28
"2012-2021",2020,"TX-33","TX",33,4333,73,25.6,74.04
"2012-2021",2020,"TX-34","TX",34,4334,51.5,47.5,52.02
"2012-2021",2020,"TX-35","TX",35,4335,67.7,30.5,68.94
"2012-2021",2020,"TX-36","TX",36,4336,26.9,71.9,27.23
"2012-2021",2020,"UT-01","UT",1,4401,31.6,64.2,32.99
"2012-2021",2020,"UT-02","UT",2,4402,40.2,56.1,41.74
"2012-2021",2020,"UT-03","UT",3,4403,35.2,60.3,36.86
"2012-2021",2020,"UT-04","UT",4,4404,43.3,52.4,45.25
"2012-2021",2020,"VT-AL","VT",1,4501,66.4,30.8,68.31
"2012-2021",2020,"VA-01","VA",1,4601,47,51.4,47.76
"2012-2021",2020,"VA-02","VA",2,4602,51.4,46.7,52.4
"2012-2021",2020,"VA-03","VA",3,4603,67.2,31.2,68.29
"2012-2021",2020,"VA-04","VA",4,4604,61.8,36.8,62.68
"2012-2021",2020,"VA-05","VA",5,4605,45.1,53.6,45.69
"2012-2021",2020,"VA-06","VA",6,4606,38.6,59.8,39.23
"2012-2021",2020,"VA-07","VA",7,4607,49.8,48.7,50.56
"2012-2021",2020,"VA-08","VA",8,4608,77.6,21.1,78.62
"2012-2021",2020,"VA-09","VA",9,4609,28.4,70.4,28.74
"2012-2021",2020,"VA-10","VA",10,4610,58.9,39.6,59.8
"2012-2021",2020,"VA-11","VA",11,4611,70.3,28.3,71.3
"2012-2021",2020,"WA-01","WA",1,4701,59.1,38.2,60.74
"2012-2021",2020,"WA-02","WA",2,4702,62.1,35.1,63.89
"2012-2021",2020,"WA-03","WA",3,4703,46.9,50.6,48.1
"2012-2021",2020,"WA-04","WA",4,4704,39.6,57.8,40.66
"2012-2021",2020,"WA-05","WA",5,4705,44,53,45.36
"2012-2021",2020,"WA-06","WA",6,4706,57.4,39.6,59.18
"2012-2021",2020,"WA-07","WA",7,4707,85.7,12.3,87.45
"2012-2021",2020,"WA-08","WA",8,4708,52,45.5,53.33
"2012-2021",2020,"WA-09","WA",9,4709,73.3,24.6,74.87
"2012-2021",2020,"WA-10","WA",10,4710,56.2,40.7,58
"2012-2021",2020,"WV-01","WV",1,4801,30.3,68,30.82
"2012-2021",2020,"WV-02","WV",2,4802,32.8,65.4,33.4
"2012-2021",2020,"WV-03","WV",3,4803,25.5,73.1,25.86
"2012-2021",2020,"WI-01","WI",1,4901,44.7,53.9,45.33
"2012-2021",2020,"WI-02","WI",2,4902,69.4,29.2,70.39
"2012-2021",2020,"WI-03","WI",3,4903,46.8,51.5,47.61
"2012-2021",2020,"WI-04","WI",4,4904,76.2,22.6,77.13
"2012-2021",2020,"WI-05","WI",5,4905,41.7,56.8,42.34
"2012-2021",2020,"WI-06","WI",6,4906,41.6,56.8,42.28
"2012-2021",2020,"WI-07","WI",7,4907,39.3,59.2,39.9
"2012-2021",2020,"WI-08","WI",8,4908,41.3,57.2,41.93
"2012-2021",2020,"WY-AL","WY",1,5001,26.7,70.4,27.5
"2022",2020,"AL-01","AL",1,101,35.3,63.6,35.69
"2022",2020,"AL-02","AL",2,102,34.8,64.2,35.15
"2022",2020,"AL-03","AL",3,103,32.5,66.6,32.8
"2022",2020,"AL-04","AL",4,104,18.6,80.4,18.79
"2022",2020,"AL-05","AL",5,105,35.6,62.7,36.22
"2022",2020,"AL-06","AL",6,106,34.4,64.4,34.82
"2022",2020,"AL-07","AL",7,107,65.6,33.6,66.13
"2022",2020,"AK-AL","AK",1,201,43,53.1,44.75
"2022",2020,"AZ-01","AZ",1,301,50.1,48.6,50.76
"2022",2020,"AZ-02","AZ",2,302,45.3,53.2,45.99
"2022",2020,"AZ-03","AZ",3,303,74.5,23.9,75.71
"2022",2020,"AZ-04","AZ",4,304,54.2,43.9,55.25
"2022",2020,"AZ-05","AZ",5,305,41,57.4,41.67
"2022",2020,"AZ-06","AZ",6,306,49.3,49.2,50.05
"2022",2020,"AZ-07","AZ",7,307,65.6,32.9,66.6
"2022",2020,"AZ-08","AZ",8,308,42.5,56.1,43.1
"2022",2020,"AZ-09","AZ",9,309,36.4,62.2,36.92
"2022",2020,"AR-01","AR",1,401,28.1,69,28.94
"2022",2020,"AR-02","AR",2,402,42.1,55.2,43.27
"2022",2020,"AR-03","AR",3,403,36.8,60.2,37.94
"2022",2020,"AR-04","AR",4,404,31,66.2,31.89
"2022",2020,"CA-01","CA",1,501,39.2,58.3,40.21
"2022",2020,"CA-02","CA",2,502,73.5,24,75.38
"2022",2020,"CA-03","CA",3,503,47.9,49.7,49.08
"2022",2020,"CA-04","CA",4,504,67.1,30.5,68.75
"2022",2020,"CA-05","CA",5,505,42.7,55,43.71
"2022",2020,"CA-06","CA",6,506,57.9,39.4,59.51
"2022",2020,"CA-07","CA",7,507,67.4,30.3,68.99
"2022",2020,"CA-08","CA",8,508,76,22,77.55
"2022",2020,"CA-09","CA",9,509,55.2,42.6,56.44
"2022",2020,"CA-10","CA",10,510,68.6,29.3,70.07
"2022",2020,"CA-11","CA",11,511,86.3,11.7,88.06
"2022",2020,"CA-12","CA",12,512,89.3,8.6,91.22
"2022",2020,"CA-13","CA",13,513,54.3,43.4,55.58
"2022",2020,"CA-14","CA",14,514,71.7,26.2,73.24
"2022",2020,"CA-15","CA",15,515,77.7,20.4,79.2
"2022",2020,"CA-16","CA",16,516,75.4,22.4,77.1
"2022",2020,"CA-17","CA",17,517,72.7,25.3,74.18
"2022",2020,"CA-18","CA",18,518,71,26.9,72.52
"2022",2020,"CA-19","CA",19,519,68.7,29.1,70.25
"2022",2020,"CA-20","CA",20,520,36.4,61.3,37.26
"2022",2020,"CA-21","CA",21,521,59.1,38.8,60.37
"2022",2020,"CA-22","CA",22,522,55.3,42.3,56.66
"2022",2020,"CA-23","CA",23,523,43.9,53.7,44.98
"2022",2020,"CA-24","CA",24,524,63.3,34.3,64.86
"2022",2020,"CA-25","CA",25,525,56.7,41.4,57.8
"2022",2020,"CA-26","CA",26,526,58.9,39,60.16
"2022",2020,"CA-27","CA",27,527,55.1,42.7,56.34
"2022",2020,"CA-28","CA",28,528,66.1,31.9,67.45
"2022",2020,"CA-29","CA",29,529,74.5,23.2,76.25
"2022",2020,"CA-30","CA",30,530,72.2,26,73.52
"2022",2020,"CA-31","CA",31,531,64.5,33.4,65.88
"2022",2020,"CA-32","CA",32,532,69.5,28.7,70.77
"2022",2020,"CA-33","CA",33,533,61.5,36.2,62.95
"2022",2020,"CA-34","CA",34,534,81,16.7,82.91
"2022",2020,"CA-35","CA",35,535,62.7,35.1,64.11
"2022",2020,"CA-36","CA",36,536,71,26.9,72.52
"2022",2020,"CA-37","CA",37,537,85.7,12.4,87.36
"2022",2020,"CA-38","CA",38,538,64.1,33.9,65.41
"2022",2020,"CA-39","CA",39,539,62,35.8,63.39
"2022",2020,"CA-40","CA",40,540,49.9,48,50.97
"2022",2020,"CA-41","CA",41,541,48.6,49.7,49.44
"2022",2020,"CA-42","CA",42,542,71.7,25.9,73.46
"2022",2020,"CA-43","CA",43,543,80.8,17,82.62
"2022",2020,"CA-44","CA",44,544,72.9,24.7,74.69
"2022",2020,"CA-45","CA",45,545,52.1,46,53.11
"2022",2020,"CA-46","CA",46,546,64.1,33.7,65.54
"2022",2020,"CA-47","CA",47,547,54.5,43.4,55.67
"2022",2020,"CA-48","CA",48,548,42.7,55,43.71
"2022",2020,"CA-49","CA",49,549,54.6,43.2,55.83
"2022",2020,"CA-50","CA",50,550,65.4,32.2,67.01
"2022",2020,"CA-51","CA",51,551,62.5,35.2,63.97
"2022",2020,"CA-52","CA",52,552,67.4,30.5,68.85
"2022",2020,"CO-01","CO",1,601,79.5,18.2,81.37
"2022",2020,"CO-02","CO",2,602,68.7,28.8,70.46
"2022",2020,"CO-03","CO",3,603,44.7,52.9,45.8
"2022",2020,"CO-04","CO",4,604,39.5,58,40.51
"2022",2020,"CO-05","CO",5,605,43.1,53.2,44.76
"2022",2020,"CO-06","CO",6,606,60.6,36.8,62.22
"2022",2020,"CO-07","CO",7,607,55.7,41.5,57.3
"2022",2020,"CO-08","CO",8,608,50.8,46.3,52.32
"2022",2020,"CT-01","CT",1,701,63.3,35.2,64.26
"2022",2020,"CT-02","CT",2,702,54.7,43.3,55.82
"2022",2020,"CT-03","CT",3,703,59.2,39.5,59.98
"2022",2020,"CT-04","CT",4,704,64.8,33.8,65.72
"2022",2020,"CT-05","CT",5,705,54.6,43.9,55.43
"2022",2020,"DE-AL","DE",1,801,58.8,39.8,59.63
"2022",2020,"FL-01","FL",1,901,33,65.3,33.57
"2022",2020,"FL-02","FL",2,902,44,55,44.44
"2022",2020,"FL-03","FL",3,903,42.4,56.5,42.87
"2022",2020,"FL-04","FL",4,904,46,52.7,46.61
"2022",2020,"FL-05","FL",5,905,41.5,57.3,42
"2022",2020,"FL-06","FL",6,906,37.7,61.4,38.04
"2022",2020,"FL-07","FL",7,907,46.7,52.2,47.22
"2022",2020,"FL-08","FL",8,908,40.6,58.3,41.05
"2022",2020,"FL-09","FL",9,909,58.2,40.8,58.79
"2022",2020,"FL-10","FL",10,910,65.3,33.5,66.09
"2022",2020,"FL-11","FL",11,911,44.1,55,44.5
"2022",2020,"FL-12","FL",12,912,35.1,63.9,35.45
"2022",2020,"FL-13","FL",13,913,46.1,52.9,46.57
"2022",2020,"FL-14","FL",14,914,59,39.8,59.72
"2022",2020,"FL-15","FL",15,915,47.9,51,48.43
"2022",2020,"FL-16","FL",16,916,45.1,54,45.51
"2022",2020,"FL-17","FL",17,917,41.6,57.6,41.94
"2022",2020,"FL-18","FL",18,918,38.1,60.9,38.48
"2022",2020,"FL-19","FL",19,919,39.1,60.2,39.38
"2022",2020,"FL-20","FL",20,920,75.9,23.5,76.36
"2022",2020,"FL-21","FL",21,921,45,54.4,45.27
"2022",2020,"FL-22","FL",22,922,58.5,40.9,58.85
"2022",2020,"FL-23","FL",23,923,56.3,43.1,56.64
"2022",2020,"FL-24","FL",24,924,74.3,25.2,74.67
"2022",2020,"FL-25","FL",25,925,59.7,39.7,60.06
"2022",2020,"FL-26","FL",26,926,40.6,58.9,40.8
"2022",2020,"FL-27","FL",27,927,49.6,49.9,49.85
"2022",2020,"FL-28","FL",28,928,46.5,52.9,46.78
"2022",2020,"GA-01","GA",1,1001,42.6,56,43.2
"2022",2020,"GA-02","GA",2,1002,54.7,44.4,55.2
"2022",2020,"GA-03","GA",3,1003,34.4,64.4,34.82
"2022",2020,"GA-04","GA",4,1004,78.3,20.6,79.17
"2022",2020,"GA-05","GA",5,1005,82.6,16.2,83.6
"2022",2020,"GA-06","GA",6,1006,41.8,56.7,42.44
"2022",2020,"GA-07","GA",7,1007,62.3,36.5,63.06
"2022",2020,"GA-08","GA",8,1008,35.7,63.3,36.06
"2022",2020,"GA-09","GA",9,1009,30.4,68.3,30.8
"2022",2020,"GA-10","GA",10,1010,37.7,61.1,38.16
"2022",2020,"GA-11","GA",11,1011,41.5,56.8,42.22
"2022",2020,"GA-12","GA",12,1012,44.3,54.5,44.84
"2022",2020,"GA-13","GA",13,1013,79.7,19.3,80.51
"2022",2020,"GA-14","GA",14,1014,30.7,68.1,31.07
"2022",2020,"HI-01","HI",1,1101,63.9,34.5,64.94
"2022",2020,"HI-02","HI",2,1102,63.6,34.1,65.1
"2022",2020,"ID-01","ID",1,1201,29.5,67.7,30.35
"2022",2020,"ID-02","ID",2,1202,36.9,59.8,38.16
"2022",2020,"IL-01","IL",1,1301,70.5,28.1,71.5
"2022",2020,"IL-02","IL",2,1302,69.3,29.3,70.28
"2022",2020,"IL-03","IL",3,1303,69.7,28.3,71.12
"2022",2020,"IL-04","IL",4,1304,72.3,25.9,73.63
"2022",2020,"IL-05","IL",5,1305,68.9,29.3,70.16
"2022",2020,"IL-06","IL",6,1306,54.5,43.6,55.56
"2022",2020,"IL-07","IL",7,1307,85.6,12.8,86.99
"2022",2020,"IL-08","IL",8,1308,56.8,41.4,57.84
"2022",2020,"IL-09","IL",9,1309,69.9,28.4,71.11
"2022",2020,"IL-10","IL",10,1310,62,36.1,63.2
"2022",2020,"IL-11","IL",11,1311,56.6,41.3,57.81
"2022",2020,"IL-12","IL",12,1312,27.7,70.5,28.21
"2022",2020,"IL-13","IL",13,1313,54.4,43.2,55.74
"2022",2020,"IL-14","IL",14,1314,54.7,43.3,55.82
"2022",2020,"IL-15","IL",15,1315,29.6,68.3,30.23
"2022",2020,"IL-16","IL",16,1316,38.1,59.6,39
"2022",2020,"IL-17","IL",17,1317,52.7,44.9,54
"2022",2020,"IN-01","IN",1,1401,53.4,45,54.27
"2022",2020,"IN-02","IN",2,1402,37.8,60.4,38.49
"2022",2020,"IN-03","IN",3,1403,34,63.9,34.73
"2022",2020,"IN-04","IN",4,1404,34.3,63.4,35.11
"2022",2020,"IN-05","IN",5,1405,41,57,41.84
"2022",2020,"IN-06","IN",6,1406,33,64.9,33.71
"2022",2020,"IN-07","IN",7,1407,70.3,27.9,71.59
"2022",2020,"IN-08","IN",8,1408,32.7,65.5,33.3
"2022",2020,"IN-09","IN",9,1409,35.4,62.7,36.09
"2022",2020,"IA-01","IA",1,1501,47.6,50.5,48.52
"2022",2020,"IA-02","IA",2,1502,46.9,51.3,47.76
"2022",2020,"IA-03","IA",3,1503,48.9,49.3,49.8
"2022",2020,"IA-04","IA",4,1504,36.2,62.2,36.79
"2022",2020,"KS-01","KS",1,1601,34.1,63.7,34.87
"2022",2020,"KS-02","KS",2,1602,40.7,57,41.66
"2022",2020,"KS-03","KS",3,1603,51.2,46.7,52.3
"2022",2020,"KS-04","KS",4,1604,38,59.7,38.89
"2022",2020,"KY-01","KY",1,1701,27.9,70.6,28.32
"2022",2020,"KY-02","KY",2,1702,30.8,67.5,31.33
"2022",2020,"KY-03","KY",3,1703,60.2,37.9,61.37
"2022",2020,"KY-04","KY",4,1704,32.8,65.4,33.4
"2022",2020,"KY-05","KY",5,1705,19.7,79.1,19.94
"2022",2020,"KY-06","KY",6,1706,43.5,54.5,44.39
"2022",2020,"LA-01","LA",1,1801,29.6,68.5,30.17
"2022",2020,"LA-02","LA",2,1802,75.4,22.9,76.7
"2022",2020,"LA-03","LA",3,1803,30.3,68,30.82
"2022",2020,"LA-04","LA",4,1804,37.2,61.3,37.77
"2022",2020,"LA-05","LA",5,1805,34.4,64.1,34.92
"2022",2020,"LA-06","LA",6,1806,33.9,64.3,34.52
"2022",2020,"ME-01","ME",1,1901,60,37.2,61.73
"2022",2020,"ME-02","ME",2,1902,45.5,51.6,46.86
"2022",2020,"MD-01","MD",1,2001,41.7,56.3,42.55
"2022",2020,"MD-02","MD",2,2002,59.4,38.6,60.61
"2022",2020,"MD-03","MD",3,2003,61.7,36.2,63.02
"2022",2020,"MD-04","MD",4,2004,89.6,8.7,91.15
"2022",2020,"MD-05","MD",5,2005,67.4,30.9,68.57
"2022",2020,"MD-06","MD",6,2006,53.9,44.1,55
"2022",2020,"MD-07","MD",7,2007,81,17.5,82.23
"2022",2020,"MD-08","MD",8,2008,80.5,17.9,81.81
"2022",2020,"MA-01","MA",1,2101,59.8,38.2,61.02
"2022",2020,"MA-02","MA",2,2102,64.3,33.5,65.75
"2022",2020,"MA-03","MA",3,2103,62.7,35.3,63.98
"2022",2020,"MA-04","MA",4,2104,63.3,34.8,64.53
"2022",2020,"MA-05","MA",5,2105,74.8,23.6,76.02
"2022",2020,"MA-06","MA",6,2106,62.9,35.3,64.05
"2022",2020,"MA-07","MA",7,2107,85.5,13.1,86.71
"2022",2020,"MA-08","MA",8,2108,66.9,31.4,68.06
"2022",2020,"MA-09","MA",9,2109,58.2,40,59.27
"2022",2020,"MI-01","MI",1,2201,39.3,59.1,39.94
"2022",2020,"MI-02","MI",2,2202,35,63.2,35.64
"2022",2020,"MI-03","MI",3,2203,53.3,44.8,54.33
"2022",2020,"MI-04","MI",4,2204,47.1,51.1,47.96
"2022",2020,"MI-05","MI",5,2205,37.1,61.2,37.74
"2022",2020,"MI-06","MI",6,2206,62.7,36,63.53
"2022",2020,"MI-07","MI",7,2207,49.4,48.9,50.25
"2022",2020,"MI-08","MI",8,2208,50.3,48.2,51.07
"2022",2020,"MI-09","MI",9,2209,34.6,64,35.09
"2022",2020,"MI-10","MI",10,2210,48.8,49.8,49.49
"2022",2020,"MI-11","MI",11,2211,59.3,39.4,60.08
"2022",2020,"MI-12","MI",12,2212,73.7,25.2,74.52
"2022",2020,"MI-13","MI",13,2213,74.2,24.6,75.1
"2022",2020,"MN-01","MN",1,2301,44.3,53.5,45.3
"2022",2020,"MN-02","MN",2,2302,52.5,45.4,53.63
"2022",2020,"MN-03","MN",3,2303,59.5,38.5,60.71
"2022",2020,"MN-04","MN",4,2304,67.8,30.2,69.18
"2022",2020,"MN-05","MN",5,2305,80.6,17.4,82.24
"2022",2020,"MN-06","MN",6,2306,40.1,57.7,41
"2022",2020,"MN-07","MN",7,2307,32.5,65.7,33.1
"2022",2020,"MN-08","MN",8,2308,43.4,54.7,44.24
"2022",2020,"MS-01","MS",1,2401,33.4,65.1,33.91
"2022",2020,"MS-02","MS",2,2402,62.5,36.4,63.2
"2022",2020,"MS-03","MS",3,2403,37.2,61.5,37.69
"2022",2020,"MS-04","MS",4,2404,30.3,68.2,30.76
"2022",2020,"MO-01","MO",1,2501,78.4,20,79.67
"2022",2020,"MO-02","MO",2,2502,45.3,53,46.08
"2022",2020,"MO-03","MO",3,2503,35.9,62.2,36.6
"2022",2020,"MO-04","MO",4,2504,29.3,68.7,29.9
"2022",2020,"MO-05","MO",5,2505,62.2,35.9,63.4
"2022",2020,"MO-06","MO",6,2506,30.6,67.7,31.13
"2022",2020,"MO-07","MO",7,2507,28.4,69.8,28.92
"2022",2020,"MO-08","MO",8,2508,23.6,75,23.94
"2022",2020,"MT-01","MT",1,2601,45.3,52.2,46.46
"2022",2020,"MT-02","MT",2,2602,35.3,62.2,36.21
"2022",2020,"NE-01","NE",1,2701,43.3,54.3,44.36
"2022",2020,"NE-02","NE",2,2702,52.2,45.8,53.27
"2022",2020,"NE-03","NE",3,2703,23.1,74.9,23.57
"2022",2020,"NV-01","NV",1,2801,53.2,44.7,54.34
"2022",2020,"NV-02","NV",2,2802,43.1,54.1,44.34
"2022",2020,"NV-03","NV",3,2803,52.4,45.7,53.41
"2022",2020,"NV-04","NV",4,2804,53,44.8,54.19
"2022",2020,"NH-01","NH",1,2901,52.2,46.2,53.05
"2022",2020,"NH-02","NH",2,2902,53.6,44.7,54.53
"2022",2020,"NJ-01","NJ",1,3001,61.5,37.1,62.37
"2022",2020,"NJ-02","NJ",2,3002,46.9,51.8,47.52
"2022",2020,"NJ-03","NJ",3,3003,56.3,42.3,57.1
"2022",2020,"NJ-04","NJ",4,3004,38.1,60.6,38.6
"2022",2020,"NJ-05","NJ",5,3005,55.6,43.2,56.28
"2022",2020,"NJ-06","NJ",6,3006,59,39.7,59.78
"2022",2020,"NJ-07","NJ",7,3007,51.1,47.3,51.93
"2022",2020,"NJ-08","NJ",8,3008,72.1,26.8,72.9
"2022",2020,"NJ-09","NJ",9,3009,58.9,40,59.56
"2022",2020,"NJ-10","NJ",10,3010,80.6,18.6,81.25
"2022",2020,"NJ-11","NJ",11,3011,57.8,40.9,58.56
"2022",2020,"NJ-12","NJ",12,3012,66.6,32.1,67.48
"2022",2020,"NM-01","NM",1,3101,55.9,41.5,57.39
"2022",2020,"NM-02","NM",2,3102,51.9,46.1,52.96
"2022",2020,"NM-03","NM",3,3103,54.4,43.6,55.51
"2022",2020,"NY-01","NY",1,3201,49.5,49.3,50.1
"2022",2020,"NY-02","NY",2,3202,48.7,50.2,49.24
"2022",2020,"NY-03","NY",3,3203,53.6,45.4,54.14
"2022",2020,"NY-04","NY",4,3204,56.8,42.2,57.37
"2022",2020,"NY-05","NY",5,3205,80.9,18.5,81.39
"2022",2020,"NY-06","NY",6,3206,64.7,34.4,65.29
"2022",2020,"NY-07","NY",7,3207,80.8,18.2,81.62
"2022",2020,"NY-08","NY",8,3208,76.3,23.1,76.76
"2022",2020,"NY-09","NY",9,3209,75.4,23.9,75.93
"2022",2020,"NY-10","NY",10,3210,85.1,13.9,85.96
"2022",2020,"NY-11","NY",11,3211,45.7,53.4,46.12
"2022",2020,"NY-12","NY",12,3212,85.2,13.8,86.06
"2022",2020,"NY-13","NY",13,3213,88.1,11.1,88.81
"2022",2020,"NY-14","NY",14,3214,77.9,21.3,78.53
"2022",2020,"NY-15","NY",15,3215,84.7,14.7,85.21
"2022",2020,"NY-16","NY",16,3216,71.4,27.7,72.05
"2022",2020,"NY-17","NY",17,3217,54.5,44.4,55.11
"2022",2020,"NY-18","NY",18,3218,53.4,45,54.27
"2022",2020,"NY-19","NY",19,3219,51.3,46.7,52.35
"2022",2020,"NY-20","NY",20,3220,58.6,39.4,59.8
"2022",2020,"NY-21","NY",21,3221,42.8,55.2,43.67
"2022",2020,"NY-22","NY",22,3222,52.6,45.2,53.78
"2022",2020,"NY-23","NY",23,3223,40.4,57.6,41.22
"2022",2020,"NY-24","NY",24,3224,40.3,57.5,41.21
"2022",2020,"NY-25","NY",25,3225,58.8,39.1,60.06
"2022",2020,"NY-26","NY",26,3226,60.8,37.4,61.91
"2022",2020,"NC-01","NC",1,3301,53.2,45.9,53.68
"2022",2020,"NC-02","NC",2,3302,63.6,34.8,64.63
"2022",2020,"NC-03","NC",3,3303,36.7,62,37.18
"2022",2020,"NC-04","NC",4,3304,66.9,31.9,67.71
"2022",2020,"NC-05","NC",5,3305,38.8,60.1,39.23
"2022",2020,"NC-06","NC",6,3306,55.6,43.2,56.28
"2022",2020,"NC-07","NC",7,3307,43.1,55.8,43.58
"2022",2020,"NC-08","NC",8,3308,32.4,66.5,32.76
"2022",2020,"NC-09","NC",9,3309,45.3,53.3,45.94
"2022",2020,"NC-10","NC",10,3310,29.7,69.2,30.03
"2022",2020,"NC-11","NC",11,3311,44.3,54.4,44.88
"2022",2020,"NC-12","NC",12,3312,64.4,34.2,65.31
"2022",2020,"NC-13","NC",13,3313,50.1,48.4,50.86
"2022",2020,"NC-14","NC",14,3314,57.5,41.1,58.32
"2022",2020,"ND-AL","ND",1,3401,31.9,65.5,32.75
"2022",2020,"OH-01","OH",1,3501,53.5,45,54.31
"2022",2020,"OH-02","OH",2,3502,26.7,72,27.05
"2022",2020,"OH-03","OH",3,3503,71.1,27.4,72.18
"2022",2020,"OH-04","OH",4,3504,31.4,67.1,31.88
"2022",2020,"OH-05","OH",5,3505,35.8,62.6,36.38
"2022",2020,"OH-06","OH",6,3506,35,63.7,35.46
"2022",2020,"OH-07","OH",7,3507,44.8,54,45.34
"2022",2020,"OH-08","OH",8,3508,38.3,60.3,38.84
"2022",2020,"OH-09","OH",9,3509,47.7,50.6,48.52
"2022",2020,"OH-10","OH",10,3510,47.4,50.9,48.22
"2022",2020,"OH-11","OH",11,3511,78.3,20.7,79.09
"2022",2020,"OH-12","OH",12,3512,33.8,64.7,34.31
"2022",2020,"OH-13","OH",13,3513,50.7,47.9,51.42
"2022",2020,"OH-14","OH",14,3514,41.9,56.8,42.45
"2022",2020,"OH-15","OH",15,3515,45.8,52.6,46.54
"2022",2020,"OK-01","OK",1,3601,38,59.4,39.01
"2022",2020,"OK-02","OK",2,3602,22.4,75.8,22.81
"2022",2020,"OK-03","OK",3,3603,26.5,71.2,27.12
"2022",2020,"OK-04","OK",4,3604,33,64.6,33.81
"2022",2020,"OK-05","OK",5,3605,40.3,57.1,41.38
"2022",2020,"OR-01","OR",1,3701,68.4,29.1,70.15
"2022",2020,"OR-02","OR",2,3702,36.6,61.1,37.46
"2022",2020,"OR-03","OR",3,3703,72.5,25.2,74.21
"2022",2020,"OR-04","OR",4,3704,55.1,42.3,56.57
"2022",2020,"OR-05","OR",5,3705,53.2,44.4,54.51
"2022",2020,"OR-06","OR",6,3706,55.2,42.1,56.73
"2022",2020,"PA-01","PA",1,3801,51.8,47.2,52.32
"2022",2020,"PA-02","PA",2,3802,71,28.3,71.5
"2022",2020,"PA-03","PA",3,3803,90.2,9.3,90.65
"2022",2020,"PA-04","PA",4,3804,58.9,40,59.56
"2022",2020,"PA-05","PA",5,3805,65.7,33.4,66.3
"2022",2020,"PA-06","PA",6,3806,56.8,42,57.49
"2022",2020,"PA-07","PA",7,3807,49.7,49.1,50.3
"2022",2020,"PA-08","PA",8,3808,48,50.9,48.53
"2022",2020,"PA-09","PA",9,3809,31,67.5,31.47
"2022",2020,"PA-10","PA",10,3810,47.2,51.3,47.92
"2022",2020,"PA-11","PA",11,3811,38.6,59.9,39.19
"2022",2020,"PA-12","PA",12,3812,59.4,39.5,60.06
"2022",2020,"PA-13","PA",13,3813,26.8,72,27.13
"2022",2020,"PA-14","PA",14,3814,33.7,65.2,34.07
"2022",2020,"PA-15","PA",15,3815,30.8,67.8,31.24
"2022",2020,"PA-16","PA",16,3816,39,59.7,39.51
"2022",2020,"PA-17","PA",17,3817,52.3,46.5,52.94
"2022",2020,"RI-01","RI",1,3901,63.8,34.7,64.77
"2022",2020,"RI-02","RI",2,3902,56.1,42.4,56.95
"2022",2020,"SC-01","SC",1,4001,44.9,53.5,45.63
"2022",2020,"SC-02","SC",2,4002,43.9,54.5,44.61
"2022",2020,"SC-03","SC",3,4003,30.6,68,31.03
"2022",2020,"SC-04","SC",4,4004,39.8,58.4,40.53
"2022",2020,"SC-05","SC",5,4005,40.2,58.4,40.77
"2022",2020,"SC-06","SC",6,4006,65.3,33.2,66.29
"2022",2020,"SC-07","SC",7,4007,40.2,58.8,40.61
"2022",2020,"SD-AL","SD",1,4101,35.6,61.8,36.55
"2022",2020,"TN-01","TN",1,4201,22,76.3,22.38
"2022",2020,"TN-02","TN",2,4202,34.4,63.7,35.07
"2022",2020,"TN-03","TN",3,4203,33.1,65,33.74
"2022",2020,"TN-04","TN",4,4204,30.2,67.9,30.78
"2022",2020,"TN-05","TN",5,4205,43.2,54.5,44.22
"2022",2020,"TN-06","TN",6,4206,34.5,63.6,35.17
"2022",2020,"TN-07","TN",7,4207,41.3,56.4,42.27
"2022",2020,"TN-08","TN",8,4208,30.6,67.9,31.07
"2022",2020,"TN-09","TN",9,4209,73.3,25.1,74.49
"2022",2020,"TX-01","TX",1,4301,26.5,72.4,26.79
"2022",2020,"TX-02","TX",2,4302,37.9,60.7,38.44
"2022",2020,"TX-03","TX",3,4303,42,56.4,42.68
"2022",2020,"TX-04","TX",4,4304,36.4,62.4,36.84
"2022",2020,"TX-05","TX",5,4305,38.2,60.6,38.66
"2022",2020,"TX-06","TX",6,4306,37.4,61.3,37.89
"2022",2020,"TX-07","TX",7,4307,64.2,34.5,65.05
"2022",2020,"TX-08","TX",8,4308,35.8,63,36.23
"2022",2020,"TX-09","TX",9,4309,76.2,22.8,76.97
"2022",2020,"TX-10","TX",10,4310,39.8,58.6,40.45
"2022",2020,"TX-11","TX",11,4311,29.1,69.5,29.51
"2022",2020,"TX-12","TX",12,4312,40.1,58.3,40.75
"2022",2020,"TX-13","TX",13,4313,26.5,72,26.9
"2022",2020,"TX-14","TX",14,4314,35,63.6,35.5
"2022",2020,"TX-15","TX",15,4315,48.1,51,48.54
"2022",2020,"TX-16","TX",16,4316,67,31.5,68.02
"2022",2020,"TX-17","TX",17,4317,38,60.5,38.58
"2022",2020,"TX-18","TX",18,4318,73.6,25.1,74.57
"2022",2020,"TX-19","TX",19,4319,26.2,72.4,26.57
"2022",2020,"TX-20","TX",20,4320,65.8,32.7,66.8
"2022",2020,"TX-21","TX",21,4321,39.4,59.1,40
"2022",2020,"TX-22","TX",22,4322,41.3,57.4,41.84
"2022",2020,"TX-23","TX",23,4323,45.8,52.9,46.4
"2022",2020,"TX-24","TX",24,4324,43,55.4,43.7
"2022",2020,"TX-25","TX",25,4325,33.8,64.9,34.25
"2022",2020,"TX-26","TX",26,4326,40,58.6,40.57
"2022",2020,"TX-27","TX",27,4327,38.1,60.6,38.6
"2022",2020,"TX-28","TX",28,4328,52.9,45.9,53.54
"2022",2020,"TX-29","TX",29,4329,67.8,31,68.62
"2022",2020,"TX-30","TX",30,4330,77.8,21,78.74
"2022",2020,"TX-31","TX",31,4331,39,59.2,39.71
"2022",2020,"TX-32","TX",32,4332,65.7,32.7,66.77
"2022",2020,"TX-33","TX",33,4333,74.2,24.4,75.25
"2022",2020,"TX-34","TX",34,4334,57.3,41.8,57.82
"2022",2020,"TX-35","TX",35,4335,71.7,26.5,73.01
"2022",2020,"TX-36","TX",36,4336,33.6,65.2,34.01
"2022",2020,"TX-37","TX",37,4337,75.5,22.7,76.88
"2022",2020,"TX-38","TX",38,4338,40.2,58.4,40.77
"2022",2020,"UT-01","UT",1,4401,37.9,57.8,39.6
"2022",2020,"UT-02","UT",2,4402,39.5,56.7,41.06
"2022",2020,"UT-03","UT",3,4403,38.3,57.5,39.98
"2022",2020,"UT-04","UT",4,4404,34.8,60.7,36.44
"2022",2020,"VT-AL","VT",1,4501,66.4,30.8,68.31
"2022",2020,"VA-01","VA",1,4601,46.2,52.3,46.9
"2022",2020,"VA-02","VA",2,4602,50.1,48.2,50.97
"2022",2020,"VA-03","VA",3,4603,68.3,30,69.48
"2022",2020,"VA-04","VA",4,4604,67.2,31.5,68.09
"2022",2020,"VA-05","VA",5,4605,45.2,53.4,45.84
"2022",2020,"VA-06","VA",6,4606,38.4,60,39.02
"2022",2020,"VA-07","VA",7,4607,52.6,45.8,53.46
"2022",2020,"VA-08","VA",8,4608,77.4,21.3,78.42
"2022",2020,"VA-09","VA",9,4609,28.5,70.3,28.85
"2022",2020,"VA-10","VA",10,4610,58.3,40.2,59.19
"2022",2020,"VA-11","VA",11,4611,70,28.7,70.92
"2022",2020,"WA-01","WA",1,4701,64,33.3,65.78
"2022",2020,"WA-02","WA",2,4702,60.1,37.2,61.77
"2022",2020,"WA-03","WA",3,4703,46.6,50.8,47.84
"2022",2020,"WA-04","WA",4,4704,40.3,57.2,41.33
"2022",2020,"WA-05","WA",5,4705,43.5,53.5,44.85
"2022",2020,"WA-06","WA",6,4706,57.1,39.9,58.87
"2022",2020,"WA-07","WA",7,4707,86.8,11.3,88.48
"2022",2020,"WA-08","WA",8,4708,52,45.3,53.44
"2022",2020,"WA-09","WA",9,4709,71.5,26.3,73.11
"2022",2020,"WA-10","WA",10,4710,57.3,39.6,59.13
"2022",2020,"WV-01","WV",1,4801,28.8,69.7,29.24
"2022",2020,"WV-02","WV",2,4802,30.6,67.6,31.16
"2022",2020,"WI-01","WI",1,4901,48.3,50.3,48.99
"2022",2020,"WI-02","WI",2,4902,70.2,28.4,71.2
"2022",2020,"WI-03","WI",3,4903,46.8,51.5,47.61
"2022",2020,"WI-04","WI",4,4904,75.9,22.8,76.9
"2022",2020,"WI-05","WI",5,4905,37.9,60.8,38.4
"2022",2020,"WI-06","WI",6,4906,41.4,57,42.07
"2022",2020,"WI-07","WI",7,4907,39.3,59.2,39.9
"2022",2020,"WI-08","WI",8,4908,41.5,57,42.13
"2022",2020,"WY-AL","WY",1,5001,26.7,70.4,27.5
"2024",2020,"AL-01","AL",1,101,24,75,24.24
"2024",2020,"AL-02","AL",2,102,56,43,56.57
"2024",2020,"AL-03","AL",3,103,29,70,29.29
"2024",2020,"AL-04","AL",4,104,18,81,18.18
"2024",2020,"AL-05","AL",5,105,36,63,36.36
"2024",2020,"AL-06","AL",6,106,30,68,30.61
"2024",2020,"AL-07","AL",7,107,64,35,64.65
"2024",2020,"AK-AL","AK",1,201,43,53,44.79
"2024",2020,"AZ-01","AZ",1,301,50,49,50.51
"2024",2020,"AZ-02","AZ",2,302,45,53,45.92
"2024",2020,"AZ-03","AZ",3,303,75,24,75.76
"2024",2020,"AZ-04","AZ",4,304,54,44,55.1
"2024",2020,"AZ-05","AZ",5,305,41,57,41.84
"2024",2020,"AZ-06","AZ",6,306,49.3,49.2,50.05
"2024",2020,"AZ-07","AZ",7,307,66,33,66.67
"2024",2020,"AZ-08","AZ",8,308,43,56,43.43
"2024",2020,"AZ-09","AZ",9,309,36,62,36.73
"2024",2020,"AR-01","AR",1,401,28,69,28.87
"2024",2020,"AR-02","AR",2,402,42,55,43.3
"2024",2020,"AR-03","AR",3,403,37,60,38.14
"2024",2020,"AR-04","AR",4,404,31,66,31.96
"2024",2020,"CA-01","CA",1,501,39,58,40.21
"2024",2020,"CA-02","CA",2,502,74,24,75.51
"2024",2020,"CA-03","CA",3,503,48,50,48.98
"2024",2020,"CA-04","CA",4,504,67,30,69.07
"2024",2020,"CA-05","CA",5,505,43,55,43.88
"2024",2020,"CA-06","CA",6,506,58,39,59.79
"2024",2020,"CA-07","CA",7,507,67,30,69.07
"2024",2020,"CA-08","CA",8,508,76,22,77.55
"2024",2020,"CA-09","CA",9,509,55,43,56.12
"2024",2020,"CA-10","CA",10,510,69,29,70.41
"2024",2020,"CA-11","CA",11,511,86,12,87.76
"2024",2020,"CA-12","CA",12,512,89,9,90.82
"2024",2020,"CA-13","CA",13,513,54,43,55.67
"2024",2020,"CA-14","CA",14,514,72,26,73.47
"2024",2020,"CA-15","CA",15,515,78,20,79.59
"2024",2020,"CA-16","CA",16,516,75,22,77.32
"2024",2020,"CA-17","CA",17,517,73,25,74.49
"2024",2020,"CA-18","CA",18,518,71,27,72.45
"2024",2020,"CA-19","CA",19,519,69,29,70.41
"2024",2020,"CA-20","CA",20,520,36,61,37.11
"2024",2020,"CA-21","CA",21,521,59,39,60.2
"2024",2020,"CA-22","CA",22,522,55,42,56.7
"2024",2020,"CA-23","CA",23,523,44,54,44.9
"2024",2020,"CA-24","CA",24,524,63,34,64.95
"2024",2020,"CA-25","CA",25,525,57,41,58.16
"2024",2020,"CA-26","CA",26,526,59,39,60.2
"2024",2020,"CA-27","CA",27,527,55,43,56.12
"2024",2020,"CA-28","CA",28,528,66,32,67.35
"2024",2020,"CA-29","CA",29,529,75,23,76.53
"2024",2020,"CA-30","CA",30,530,72,26,73.47
"2024",2020,"CA-31","CA",31,531,64,33,65.98
"2024",2020,"CA-32","CA",32,532,69,29,70.41
"2024",2020,"CA-33","CA",33,533,62,36,63.27
"2024",2020,"CA-34","CA",34,534,81,17,82.65
"2024",2020,"CA-35","CA",35,535,63,35,64.29
"2024",2020,"CA-36","CA",36,536,71,27,72.45
"2024",2020,"CA-37","CA",37,537,86,12,87.76
"2024",2020,"CA-38","CA",38,538,64,34,65.31
"2024",2020,"CA-39","CA",39,539,62,36,63.27
"2024",2020,"CA-40","CA",40,540,50,48,51.02
"2024",2020,"CA-41","CA",41,541,49,50,49.49
"2024",2020,"CA-42","CA",42,542,72,26,73.47
"2024",2020,"CA-43","CA",43,543,81,17,82.65
"2024",2020,"CA-44","CA",44,544,73,25,74.49
"2024",2020,"CA-45","CA",45,545,52,46,53.06
"2024",2020,"CA-46","CA",46,546,64,34,65.31
"2024",2020,"CA-47","CA",47,547,54,43,55.67
"2024",2020,"CA-48","CA",48,548,43,55,43.88
"2024",2020,"CA-49","CA",49,549,55,43,56.12
"2024",2020,"CA-50","CA",50,550,65,32,67.01
"2024",2020,"CA-51","CA",51,551,62,35,63.92
"2024",2020,"CA-52","CA",52,552,67,31,68.37
"2024",2020,"CO-01","CO",1,601,80,18,81.63
"2024",2020,"CO-02","CO",2,602,69,29,70.41
"2024",2020,"CO-03","CO",3,603,45,53,45.92
"2024",2020,"CO-04","CO",4,604,39,58,40.21
"2024",2020,"CO-05","CO",5,605,43,53,44.79
"2024",2020,"CO-06","CO",6,606,61,37,62.24
"2024",2020,"CO-07","CO",7,607,56,42,57.14
"2024",2020,"CO-08","CO",8,608,51,46,52.58
"2024",2020,"CT-01","CT",1,701,63,35,64.29
"2024",2020,"CT-02","CT",2,702,55,43,56.12
"2024",2020,"CT-03","CT",3,703,59,40,59.6
"2024",2020,"CT-04","CT",4,704,65,34,65.66
"2024",2020,"CT-05","CT",5,705,55,44,55.56
"2024",2020,"DE-AL","DE",1,801,59,40,59.6
"2024",2020,"FL-01","FL",1,901,33,65,33.67
"2024",2020,"FL-02","FL",2,902,44,55,44.44
"2024",2020,"FL-03","FL",3,903,42,57,42.42
"2024",2020,"FL-04","FL",4,904,46,53,46.46
"2024",2020,"FL-05","FL",5,905,41,57,41.84
"2024",2020,"FL-06","FL",6,906,38,61,38.38
"2024",2020,"FL-07","FL",7,907,47,52,47.47
"2024",2020,"FL-08","FL",8,908,41,58,41.41
"2024",2020,"FL-09","FL",9,909,58,41,58.59
"2024",2020,"FL-10","FL",10,910,65,34,65.66
"2024",2020,"FL-11","FL",11,911,44,55,44.44
"2024",2020,"FL-12","FL",12,912,35,64,35.35
"2024",2020,"FL-13","FL",13,913,46,53,46.46
"2024",2020,"FL-14","FL",14,914,59,40,59.6
"2024",2020,"FL-15","FL",15,915,48,51,48.48
"2024",2020,"FL-16","FL",16,916,45,54,45.45
"2024",2020,"FL-17","FL",17,917,42,58,42
"2024",2020,"FL-18","FL",18,918,38,61,38.38
"2024",2020,"FL-19","FL",19,919,39,60,39.39
"2024",2020,"FL-20","FL",20,920,76,24,76
"2024",2020,"FL-21","FL",21,921,45,54,45.45
"2024",2020,"FL-22","FL",22,922,58,41,58.59
"2024",2020,"FL-23","FL",23,923,56,43,56.57
"2024",2020,"FL-24","FL",24,924,74,25,74.75
"2024",2020,"FL-25","FL",25,925,60,40,60
"2024",2020,"FL-26","FL",26,926,41,59,41
"2024",2020,"FL-27","FL",27,927,49.6,49.9,49.85
"2024",2020,"FL-28","FL",28,928,47,53,47
"2024",2020,"GA-01","GA",1,1001,43,56,43.43
"2024",2020,"GA-02","GA",2,1002,55,44,55.56
"2024",2020,"GA-03","GA",3,1003,34,64,34.69
"2024",2020,"GA-04","GA",4,1004,78,21,78.79
"2024",2020,"GA-05","GA",5,1005,86,13,86.87
"2024",2020,"GA-06","GA",6,1006,74,25,74.75
"2024",2020,"GA-07","GA",7,1007,40,59,40.4
"2024",2020,"GA-08","GA",8,1008,36,63,36.36
"2024",2020,"GA-09","GA",9,1009,33,65,33.67
"2024",2020,"GA-10","GA",10,1010,39,60,39.39
"2024",2020,"GA-11","GA",11,1011,38,60,38.78
"2024",2020,"GA-12","GA",12,1012,44,54,44.9
"2024",2020,"GA-13","GA",13,1013,70,29,70.71
"2024",2020,"GA-14","GA",14,1014,31,68,31.31
"2024",2020,"HI-01","HI",1,1101,64,34,65.31
"2024",2020,"HI-02","HI",2,1102,64,34,65.31
"2024",2020,"ID-01","ID",1,1201,30,68,30.61
"2024",2020,"ID-02","ID",2,1202,37,60,38.14
"2024",2020,"IL-01","IL",1,1301,70,28,71.43
"2024",2020,"IL-02","IL",2,1302,69,29,70.41
"2024",2020,"IL-03","IL",3,1303,70,28,71.43
"2024",2020,"IL-04","IL",4,1304,72,26,73.47
"2024",2020,"IL-05","IL",5,1305,69,29,70.41
"2024",2020,"IL-06","IL",6,1306,55,44,55.56
"2024",2020,"IL-07","IL",7,1307,86,13,86.87
"2024",2020,"IL-08","IL",8,1308,57,41,58.16
"2024",2020,"IL-09","IL",9,1309,70,28,71.43
"2024",2020,"IL-10","IL",10,1310,62,36,63.27
"2024",2020,"IL-11","IL",11,1311,57,41,58.16
"2024",2020,"IL-12","IL",12,1312,28,71,28.28
"2024",2020,"IL-13","IL",13,1313,54,43,55.67
"2024",2020,"IL-14","IL",14,1314,55,43,56.12
"2024",2020,"IL-15","IL",15,1315,30,68,30.61
"2024",2020,"IL-16","IL",16,1316,38,60,38.78
"2024",2020,"IL-17","IL",17,1317,53,45,54.08
"2024",2020,"IN-01","IN",1,1401,53,45,54.08
"2024",2020,"IN-02","IN",2,1402,38,60,38.78
"2024",2020,"IN-03","IN",3,1403,34,64,34.69
"2024",2020,"IN-04","IN",4,1404,34,63,35.05
"2024",2020,"IN-05","IN",5,1405,41,57,41.84
"2024",2020,"IN-06","IN",6,1406,33,65,33.67
"2024",2020,"IN-07","IN",7,1407,70,28,71.43
"2024",2020,"IN-08","IN",8,1408,33,65,33.67
"2024",2020,"IN-09","IN",9,1409,35,63,35.71
"2024",2020,"IA-01","IA",1,1501,48,51,48.48
"2024",2020,"IA-02","IA",2,1502,47,51,47.96
"2024",2020,"IA-03","IA",3,1503,48.9,49.3,49.8
"2024",2020,"IA-04","IA",4,1504,36,62,36.73
"2024",2020,"KS-01","KS",1,1601,34,64,34.69
"2024",2020,"KS-02","KS",2,1602,41,57,41.84
"2024",2020,"KS-03","KS",3,1603,51,47,52.04
"2024",2020,"KS-04","KS",4,1604,38,60,38.78
"2024",2020,"KY-01","KY",1,1701,28,71,28.28
"2024",2020,"KY-02","KY",2,1702,31,68,31.31
"2024",2020,"KY-03","KY",3,1703,60,38,61.22
"2024",2020,"KY-04","KY",4,1704,33,65,33.67
"2024",2020,"KY-05","KY",5,1705,20,79,20.2
"2024",2020,"KY-06","KY",6,1706,44,54,44.9
"2024",2020,"LA-01","LA",1,1801,30,68,30.61
"2024",2020,"LA-02","LA",2,1802,67,31,68.37
"2024",2020,"LA-03","LA",3,1803,28,70,28.57
"2024",2020,"LA-04","LA",4,1804,25,74,25.25
"2024",2020,"LA-05","LA",5,1805,32,66,32.65
"2024",2020,"LA-06","LA",6,1806,59,39,60.2
"2024",2020,"ME-01","ME",1,1901,60,37,61.86
"2024",2020,"ME-02","ME",2,1902,45,52,46.39
"2024",2020,"MD-01","MD",1,2001,42,56,42.86
"2024",2020,"MD-02","MD",2,2002,59,39,60.2
"2024",2020,"MD-03","MD",3,2003,62,36,63.27
"2024",2020,"MD-04","MD",4,2004,90,9,90.91
"2024",2020,"MD-05","MD",5,2005,67,31,68.37
"2024",2020,"MD-06","MD",6,2006,54,44,55.1
"2024",2020,"MD-07","MD",7,2007,81,17,82.65
"2024",2020,"MD-08","MD",8,2008,81,18,81.82
"2024",2020,"MA-01","MA",1,2101,60,38,61.22
"2024",2020,"MA-02","MA",2,2102,64,33,65.98
"2024",2020,"MA-03","MA",3,2103,63,35,64.29
"2024",2020,"MA-04","MA",4,2104,63,35,64.29
"2024",2020,"MA-05","MA",5,2105,75,24,75.76
"2024",2020,"MA-06","MA",6,2106,63,35,64.29
"2024",2020,"MA-07","MA",7,2107,86,13,86.87
"2024",2020,"MA-08","MA",8,2108,67,31,68.37
"2024",2020,"MA-09","MA",9,2109,58,40,59.18
"2024",2020,"MI-01","MI",1,2201,39,59,39.8
"2024",2020,"MI-02","MI",2,2202,35,63,35.71
"2024",2020,"MI-03","MI",3,2203,53,45,54.08
"2024",2020,"MI-04","MI",4,2204,47,51,47.96
"2024",2020,"MI-05","MI",5,2205,37,61,37.76
"2024",2020,"MI-06","MI",6,2206,63,36,63.64
"2024",2020,"MI-07","MI",7,2207,49.4,48.9,50.25
"2024",2020,"MI-08","MI",8,2208,50,48,51.02
"2024",2020,"MI-09","MI",9,2209,35,64,35.35
"2024",2020,"MI-10","MI",10,2210,49,50,49.49
"2024",2020,"MI-11","MI",11,2211,59,39,60.2
"2024",2020,"MI-12","MI",12,2212,74,25,74.75
"2024",2020,"MI-13","MI",13,2213,74,25,74.75
"2024",2020,"MN-01","MN",1,2301,44,54,44.9
"2024",2020,"MN-02","MN",2,2302,53,45,54.08
"2024",2020,"MN-03","MN",3,2303,60,39,60.61
"2024",2020,"MN-04","MN",4,2304,68,30,69.39
"2024",2020,"MN-05","MN",5,2305,81,17,82.65
"2024",2020,"MN-06","MN",6,2306,40,58,40.82
"2024",2020,"MN-07","MN",7,2307,32,66,32.65
"2024",2020,"MN-08","MN",8,2308,43,55,43.88
"2024",2020,"MS-01","MS",1,2401,33,65,33.67
"2024",2020,"MS-02","MS",2,2402,62,36,63.27
"2024",2020,"MS-03","MS",3,2403,37,62,37.37
"2024",2020,"MS-04","MS",4,2404,30,68,30.61
"2024",2020,"MO-01","MO",1,2501,78,20,79.59
"2024",2020,"MO-02","MO",2,2502,45,53,45.92
"2024",2020,"MO-03","MO",3,2503,36,62,36.73
"2024",2020,"MO-04","MO",4,2504,29,69,29.59
"2024",2020,"MO-05","MO",5,2505,62,36,63.27
"2024",2020,"MO-06","MO",6,2506,31,68,31.31
"2024",2020,"MO-07","MO",7,2507,28,70,28.57
"2024",2020,"MO-08","MO",8,2508,24,75,24.24
"2024",2020,"MT-01","MT",1,2601,45,52,46.39
"2024",2020,"MT-02","MT",2,2602,35,62,36.08
"2024",2020,"NE-01","NE",1,2701,43,54,44.33
"2024",2020,"NE-02","NE",2,2702,52,46,53.06
"2024",2020,"NE-03","NE",3,2703,23,75,23.47
"2024",2020,"NV-01","NV",1,2801,53,45,54.08
"2024",2020,"NV-02","NV",2,2802,43,54,44.33
"2024",2020,"NV-03","NV",3,2803,52,46,53.06
"2024",2020,"NV-04","NV",4,2804,53,45,54.08
"2024",2020,"NH-01","NH",1,2901,52,46,53.06
"2024",2020,"NH-02","NH",2,2902,54,45,54.55
"2024",2020,"NJ-01","NJ",1,3001,62,37,62.63
"2024",2020,"NJ-02","NJ",2,3002,47,52,47.47
"2024",2020,"NJ-03","NJ",3,3003,56,42,57.14
"2024",2020,"NJ-04","NJ",4,3004,38,61,38.38
"2024",2020,"NJ-05","NJ",5,3005,56,43,56.57
"2024",2020,"NJ-06","NJ",6,3006,59,40,59.6
"2024",2020,"NJ-07","NJ",7,3007,51,47,52.04
"2024",2020,"NJ-08","NJ",8,3008,72,27,72.73
"2024",2020,"NJ-09","NJ",9,3009,59,40,59.6
"2024",2020,"NJ-10","NJ",10,3010,81,19,81
"2024",2020,"NJ-11","NJ",11,3011,58,41,58.59
"2024",2020,"NJ-12","NJ",12,3012,67,32,67.68
"2024",2020,"NM-01","NM",1,3101,56,42,57.14
"2024",2020,"NM-02","NM",2,3102,52,46,53.06
"2024",2020,"NM-03","NM",3,3103,54,44,55.1
"2024",2020,"NY-01","NY",1,3201,49,50,49.49
"2024",2020,"NY-02","NY",2,3202,48,51,48.48
"2024",2020,"NY-03","NY",3,3203,55,44,55.56
"2024",2020,"NY-04","NY",4,3204,57,42,57.58
"2024",2020,"NY-05","NY",5,3205,81,19,81
"2024",2020,"NY-06","NY",6,3206,64,35,64.65
"2024",2020,"NY-07","NY",7,3207,80,19,80.81
"2024",2020,"NY-08","NY",8,3208,77,22,77.78
"2024",2020,"NY-09","NY",9,3209,76,24,76
"2024",2020,"NY-10","NY",10,3210,85,14,85.86
"2024",2020,"NY-11","NY",11,3211,46,53,46.46
"2024",2020,"NY-12","NY",12,3212,85,14,85.86
"2024",2020,"NY-13","NY",13,3213,88,11,88.89
"2024",2020,"NY-14","NY",14,3214,77,22,77.78
"2024",2020,"NY-15","NY",15,3215,85,14,85.86
"2024",2020,"NY-16","NY",16,3216,72,27,72.73
"2024",2020,"NY-17","NY",17,3217,54,44,55.1
"2024",2020,"NY-18","NY",18,3218,54,45,54.55
"2024",2020,"NY-19","NY",19,3219,51,47,52.04
"2024",2020,"NY-20","NY",20,3220,59,39,60.2
"2024",2020,"NY-21","NY",21,3221,41,57,41.84
"2024",2020,"NY-22","NY",22,3222,55,43,56.12
"2024",2020,"NY-23","NY",23,3223,40,58,40.82
"2024",2020,"NY-24","NY",24,3224,39,59,39.8
"2024",2020,"NY-25","NY",25,3225,59,39,60.2
"2024",2020,"NY-26","NY",26,3226,62,37,62.63
"2024",2020,"NC-01","NC",1,3301,50,49,50.51
"2024",2020,"NC-02","NC",2,3302,67,32,67.68
"2024",2020,"NC-03","NC",3,3303,41,58,41.41
"2024",2020,"NC-04","NC",4,3304,72,26,73.47
"2024",2020,"NC-05","NC",5,3305,42,57,42.42
"2024",2020,"NC-06","NC",6,3306,41,58,41.41
"2024",2020,"NC-07","NC",7,3307,44,55,44.44
"2024",2020,"NC-08","NC",8,3308,41,58,41.41
"2024",2020,"NC-09","NC",9,3309,42,56,42.86
"2024",2020,"NC-10","NC",10,3310,41,57,41.84
"2024",2020,"NC-11","NC",11,3311,44,55,44.44
"2024",2020,"NC-12","NC",12,3312,74,24,75.51
"2024",2020,"NC-13","NC",13,3313,41,58,41.41
"2024",2020,"NC-14","NC",14,3314,41,58,41.41
"2024",2020,"ND-AL","ND",1,3401,32,65,32.99
"2024",2020,"OH-01","OH",1,3501,53,45,54.08
"2024",2020,"OH-02","OH",2,3502,27,72,27.27
"2024",2020,"OH-03","OH",3,3503,71,27,72.45
"2024",2020,"OH-04","OH",4,3504,31,67,31.63
"2024",2020,"OH-05","OH",5,3505,36,63,36.36
"2024",2020,"OH-06","OH",6,3506,35,64,35.35
"2024",2020,"OH-07","OH",7,3507,45,54,45.45
"2024",2020,"OH-08","OH",8,3508,38,60,38.78
"2024",2020,"OH-09","OH",9,3509,48,51,48.48
"2024",2020,"OH-10","OH",10,3510,47,51,47.96
"2024",2020,"OH-11","OH",11,3511,78,21,78.79
"2024",2020,"OH-12","OH",12,3512,34,65,34.34
"2024",2020,"OH-13","OH",13,3513,51,48,51.52
"2024",2020,"OH-14","OH",14,3514,42,57,42.42
"2024",2020,"OH-15","OH",15,3515,46,53,46.46
"2024",2020,"OK-01","OK",1,3601,38,59,39.18
"2024",2020,"OK-02","OK",2,3602,22,76,22.45
"2024",2020,"OK-03","OK",3,3603,27,71,27.55
"2024",2020,"OK-04","OK",4,3604,33,65,33.67
"2024",2020,"OK-05","OK",5,3605,40,57,41.24
"2024",2020,"OR-01","OR",1,3701,68,29,70.1
"2024",2020,"OR-02","OR",2,3702,37,61,37.76
"2024",2020,"OR-03","OR",3,3703,73,25,74.49
"2024",2020,"OR-04","OR",4,3704,55,42,56.7
"2024",2020,"OR-05","OR",5,3705,53,44,54.64
"2024",2020,"OR-06","OR",6,3706,55,42,56.7
"2024",2020,"PA-01","PA",1,3801,52,47,52.53
"2024",2020,"PA-02","PA",2,3802,71,28,71.72
"2024",2020,"PA-03","PA",3,3803,90,9,90.91
"2024",2020,"PA-04","PA",4,3804,59,40,59.6
"2024",2020,"PA-05","PA",5,3805,66,33,66.67
"2024",2020,"PA-06","PA",6,3806,57,42,57.58
"2024",2020,"PA-07","PA",7,3807,50,49,50.51
"2024",2020,"PA-08","PA",8,3808,48,51,48.48
"2024",2020,"PA-09","PA",9,3809,31,68,31.31
"2024",2020,"PA-10","PA",10,3810,47,51,47.96
"2024",2020,"PA-11","PA",11,3811,39,60,39.39
"2024",2020,"PA-12","PA",12,3812,59,39,60.2
"2024",2020,"PA-13","PA",13,3813,27,72,27.27
"2024",2020,"PA-14","PA",14,3814,34,65,34.34
"2024",2020,"PA-15","PA",15,3815,31,68,31.31
"2024",2020,"PA-16","PA",16,3816,39,60,39.39
"2024",2020,"PA-17","PA",17,3817,52,46,53.06
"2024",2020,"RI-01","RI",1,3901,64,35,64.65
"2024",2020,"RI-02","RI",2,3902,56,42,57.14
"2024",2020,"SC-01","SC",1,4001,45,53,45.92
"2024",2020,"SC-02","SC",2,4002,44,55,44.44
"2024",2020,"SC-03","SC",3,4003,31,68,31.31
"2024",2020,"SC-04","SC",4,4004,40,58,40.82
"2024",2020,"SC-05","SC",5,4005,40,58,40.82
"2024",2020,"SC-06","SC",6,4006,65,33,66.33
"2024",2020,"SC-07","SC",7,4007,40,59,40.4
"2024",2020,"SD-AL","SD",1,4101,36,62,36.73
"2024",2020,"TN-01","TN",1,4201,22,76,22.45
"2024",2020,"TN-02","TN",2,4202,34,64,34.69
"2024",2020,"TN-03","TN",3,4203,33,65,33.67
"2024",2020,"TN-04","TN",4,4204,30,68,30.61
"2024",2020,"TN-05","TN",5,4205,43,55,43.88
"2024",2020,"TN-06","TN",6,4206,34,64,34.69
"2024",2020,"TN-07","TN",7,4207,41,56,42.27
"2024",2020,"TN-08","TN",8,4208,31,68,31.31
"2024",2020,"TN-09","TN",9,4209,73,25,74.49
"2024",2020,"TX-01","TX",1,4301,26,72,26.53
"2024",2020,"TX-02","TX",2,4302,38,61,38.38
"2024",2020,"TX-03","TX",3,4303,42,56,42.86
"2024",2020,"TX-04","TX",4,4304,36,62,36.73
"2024",2020,"TX-05","TX",5,4305,38,61,38.38
"2024",2020,"TX-06","TX",6,4306,37,61,37.76
"2024",2020,"TX-07","TX",7,4307,64,34,65.31
"2024",2020,"TX-08","TX",8,4308,36,63,36.36
"2024",2020,"TX-09","TX",9,4309,76,23,76.77
"2024",2020,"TX-10","TX",10,4310,40,59,40.4
"2024",2020,"TX-11","TX",11,4311,29,69,29.59
"2024",2020,"TX-12","TX",12,4312,40,58,40.82
"2024",2020,"TX-13","TX",13,4313,26,72,26.53
"2024",2020,"TX-14","TX",14,4314,35,64,35.35
"2024",2020,"TX-15","TX",15,4315,48,51,48.48
"2024",2020,"TX-16","TX",16,4316,67,32,67.68
"2024",2020,"TX-17","TX",17,4317,38,61,38.38
"2024",2020,"TX-18","TX",18,4318,74,25,74.75
"2024",2020,"TX-19","TX",19,4319,26,72,26.53
"2024",2020,"TX-20","TX",20,4320,66,33,66.67
"2024",2020,"TX-21","TX",21,4321,39,59,39.8
"2024",2020,"TX-22","TX",22,4322,41,57,41.84
"2024",2020,"TX-23","TX",23,4323,46,53,46.46
"2024",2020,"TX-24","TX",24,4324,43,55,43.88
"2024",2020,"TX-25","TX",25,4325,34,65,34.34
"2024",2020,"TX-26","TX",26,4326,40,59,40.4
"2024",2020,"TX-27","TX",27,4327,38,61,38.38
"2024",2020,"TX-28","TX",28,4328,53,46,53.54
"2024",2020,"TX-29","TX",29,4329,68,31,68.69
"2024",2020,"TX-30","TX",30,4330,78,21,78.79
"2024",2020,"TX-31","TX",31,4331,39,59,39.8
"2024",2020,"TX-32","TX",32,4332,66,33,66.67
"2024",2020,"TX-33","TX",33,4333,74,24,75.51
"2024",2020,"TX-34","TX",34,4334,57,42,57.58
"2024",2020,"TX-35","TX",35,4335,72,26,73.47
"2024",2020,"TX-36","TX",36,4336,34,65,34.34
"2024",2020,"TX-37","TX",37,4337,75,23,76.53
"2024",2020,"TX-38","TX",38,4338,40,58,40.82
"2024",2020,"UT-01","UT",1,4401,38,58,39.58
"2024",2020,"UT-02","UT",2,4402,40,57,41.24
"2024",2020,"UT-03","UT",3,4403,38,57,40
"2024",2020,"UT-04","UT",4,4404,35,61,36.46
"2024",2020,"VT-AL","VT",1,4501,66,31,68.04
"2024",2020,"VA-01","VA",1,4601,46,52,46.94
"2024",2020,"VA-02","VA",2,4602,50,48,51.02
"2024",2020,"VA-03","VA",3,4603,68,30,69.39
"2024",2020,"VA-04","VA",4,4604,67,32,67.68
"2024",2020,"VA-05","VA",5,4605,45,53,45.92
"2024",2020,"VA-06","VA",6,4606,38,60,38.78
"2024",2020,"VA-07","VA",7,4607,53,46,53.54
"2024",2020,"VA-08","VA",8,4608,77,21,78.57
"2024",2020,"VA-09","VA",9,4609,28,70,28.57
"2024",2020,"VA-10","VA",10,4610,58,40,59.18
"2024",2020,"VA-11","VA",11,4611,70,29,70.71
"2024",2020,"WA-01","WA",1,4701,64,33,65.98
"2024",2020,"WA-02","WA",2,4702,60,37,61.86
"2024",2020,"WA-03","WA",3,4703,47,51,47.96
"2024",2020,"WA-04","WA",4,4704,40,57,41.24
"2024",2020,"WA-05","WA",5,4705,44,54,44.9
"2024",2020,"WA-06","WA",6,4706,57,40,58.76
"2024",2020,"WA-07","WA",7,4707,87,11,88.78
"2024",2020,"WA-08","WA",8,4708,52,45,53.61
"2024",2020,"WA-09","WA",9,4709,72,26,73.47
"2024",2020,"WA-10","WA",10,4710,57,40,58.76
"2024",2020,"WV-01","WV",1,4801,29,70,29.29
"2024",2020,"WV-02","WV",2,4802,31,68,31.31
"2024",2020,"WI-01","WI",1,4901,48,50,48.98
"2024",2020,"WI-02","WI",2,4902,70,28,71.43
"2024",2020,"WI-03","WI",3,4903,47,51,47.96
"2024",2020,"WI-04","WI",4,4904,76,23,76.77
"2024",2020,"WI-05","WI",5,4905,38,61,38.38
"2024",2020,"WI-06","WI",6,4906,41,57,41.84
"2024",2020,"WI-07","WI",7,4907,39,59,39.8
"2024",2020,"WI-08","WI",8,4908,41,57,41.84
"2024",2020,"WY-AL","WY",1,5001,27,70,27.84
"2024",2024,"AL-01","AL",1,101,22,77,22.22
"2024",2024,"AL-02","AL",2,102,54,45,54.55
"2024",2024,"AL-03","AL",3,103,26,73,26.26
"2024",2024,"AL-04","AL",4,104,16,83,16.16
"2024",2024,"AL-05","AL",5,105,35,64,35.35
"2024",2024,"AL-06","AL",6,106,30,69,30.3
"2024",2024,"AL-07","AL",7,107,61,38,61.62
"2024",2024,"AK-AL","AK",1,201,41,55,42.71
"2024",2024,"AZ-01","AZ",1,301,48,51,48.48
"2024",2024,"AZ-02","AZ",2,302,42,57,42.42
"2024",2024,"AZ-03","AZ",3,303,69,29,70.41
"2024",2024,"AZ-04","AZ",4,304,53,46,53.54
"2024",2024,"AZ-05","AZ",5,305,39,59,39.8
"2024",2024,"AZ-06","AZ",6,306,49,50,49.49
"2024",2024,"AZ-07","AZ",7,307,60,38,61.22
"2024",2024,"AZ-08","AZ",8,308,41,58,41.41
"2024",2024,"AZ-09","AZ",9,309,34,65,34.34
"2024",2024,"AR-01","AR",1,401,26,72,26.53
"2024",2024,"AR-02","AR",2,402,41,57,41.84
"2024",2024,"AR-03","AR",3,403,36,61,37.11
"2024",2024,"AR-04","AR",4,404,29,69,29.59
"2024",2024,"CA-01","CA",1,501,36,61,37.11
"2024",2024,"CA-02","CA",2,502,71,26,73.2
"2024",2024,"CA-03","CA",3,503,47,50,48.45
"2024",2024,"CA-04","CA",4,504,64,33,65.98
"2024",2024,"CA-05","CA",5,505,40,58,40.82
"2024",2024,"CA-06","CA",6,506,55,41,57.29
"2024",2024,"CA-07","CA",7,507,63,33,65.62
"2024",2024,"CA-08","CA",8,508,70,27,72.16
"2024",2024,"CA-09","CA",9,509,48,49,49.48
"2024",2024,"CA-10","CA",10,510,65,31,67.71
"2024",2024,"CA-11","CA",11,511,82,14,85.42
"2024",2024,"CA-12","CA",12,512,85,11,88.54
"2024",2024,"CA-13","CA",13,513,46,51,47.42
"2024",2024,"CA-14","CA",14,514,66,30,68.75
"2024",2024,"CA-15","CA",15,515,72,24,75
"2024",2024,"CA-16","CA",16,516,72,24,75
"2024",2024,"CA-17","CA",17,517,67,29,69.79
"2024",2024,"CA-18","CA",18,518,63,34,64.95
"2024",2024,"CA-19","CA",19,519,65,31,67.71
"2024",2024,"CA-20","CA",20,520,34,64,34.69
"2024",2024,"CA-21","CA",21,521,51,47,52.04
"2024",2024,"CA-22","CA",22,522,46,52,46.94
"2024",2024,"CA-23","CA",23,523,40,57,41.24
"2024",2024,"CA-24","CA",24,524,61,36,62.89
"2024",2024,"CA-25","CA",25,525,50,48,51.02
"2024",2024,"CA-26","CA",26,526,55,42,56.7
"2024",2024,"CA-27","CA",27,527,50,47,51.55
"2024",2024,"CA-28","CA",28,528,62,35,63.92
"2024",2024,"CA-29","CA",29,529,66,31,68.04
"2024",2024,"CA-30","CA",30,530,69,28,71.13
"2024",2024,"CA-31","CA",31,531,57,40,58.76
"2024",2024,"CA-32","CA",32,532,64,33,65.98
"2024",2024,"CA-33","CA",33,533,53,44,54.64
"2024",2024,"CA-34","CA",34,534,73,22,76.84
"2024",2024,"CA-35","CA",35,535,54,43,55.67
"2024",2024,"CA-36","CA",36,536,68,29,70.1
"2024",2024,"CA-37","CA",37,537,79,18,81.44
"2024",2024,"CA-38","CA",38,538,56,40,58.33
"2024",2024,"CA-39","CA",39,539,53,44,54.64
"2024",2024,"CA-40","CA",40,540,47,49,48.96
"2024",2024,"CA-41","CA",41,541,46,52,46.94
"2024",2024,"CA-42","CA",42,542,64,32,66.67
"2024",2024,"CA-43","CA",43,543,73,24,75.26
"2024",2024,"CA-44","CA",44,544,65,32,67.01
"2024",2024,"CA-45","CA",45,545,49,48,50.52
"2024",2024,"CA-46","CA",46,546,57,40,58.76
"2024",2024,"CA-47","CA",47,547,50,46,52.08
"2024",2024,"CA-48","CA",48,548,41,56,42.27
"2024",2024,"CA-49","CA",49,549,52,45,53.61
"2024",2024,"CA-50","CA",50,550,63,34,64.95
"2024",2024,"CA-51","CA",51,551,60,37,61.86
"2024",2024,"CA-52","CA",52,552,59,38,60.82
"2024",2024,"CO-01","CO",1,601,77,21,78.57
"2024",2024,"CO-02","CO",2,602,69,29,70.41
"2024",2024,"CO-03","CO",3,603,44,54,44.9
"2024",2024,"CO-04","CO",4,604,40,58,40.82
"2024",2024,"CO-05","CO",5,605,44,53,45.36
"2024",2024,"CO-06","CO",6,606,58,39,59.79
"2024",2024,"CO-07","CO",7,607,56,41,57.73
"2024",2024,"CO-08","CO",8,608,48,50,48.98
"2024",2024,"CT-01","CT",1,701,61,38,61.62
"2024",2024,"CT-02","CT",2,702,53,45,54.08
"2024",2024,"CT-03","CT",3,703,56,42,57.14
"2024",2024,"CT-04","CT",4,704,61,38,61.62
"2024",2024,"CT-05","CT",5,705,52,46,53.06
"2024",2024,"DE-AL","DE",1,801,57,42,57.58
"2024",2024,"FL-01","FL",1,901,31,68,31.31
"2024",2024,"FL-02","FL",2,902,41,59,41
"2024",2024,"FL-03","FL",3,903,39,60,39.39
"2024",2024,"FL-04","FL",4,904,44,55,44.44
"2024",2024,"FL-05","FL",5,905,39,60,39.39
"2024",2024,"FL-06","FL",6,906,35,65,35
"2024",2024,"FL-07","FL",7,907,43,56,43.43
"2024",2024,"FL-08","FL",8,908,38,61,38.38
"2024",2024,"FL-09","FL",9,909,51,48,51.52
"2024",2024,"FL-10","FL",10,910,61,38,61.62
"2024",2024,"FL-11","FL",11,911,41,58,41.41
"2024",2024,"FL-12","FL",12,912,32,67,32.32
"2024",2024,"FL-13","FL",13,913,44,55,44.44
"2024",2024,"FL-14","FL",14,914,53,46,53.54
"2024",2024,"FL-15","FL",15,915,44,55,44.44
"2024",2024,"FL-16","FL",16,916,42,57,42.42
"2024",2024,"FL-17","FL",17,917,38,62,38
"2024",2024,"FL-18","FL",18,918,35,64,35.35
"2024",2024,"FL-19","FL",19,919,35,64,35.35
"2024",2024,"FL-20","FL",20,920,69,30,69.7
"2024",2024,"FL-21","FL",21,921,41,58,41.41
"2024",2024,"FL-22","FL",22,922,52,47,52.53
"2024",2024,"FL-23","FL",23,923,51,49,51
"2024",2024,"FL-24","FL",24,924,65,35,65
"2024",2024,"FL-25","FL",25,925,52,47,52.53
"2024",2024,"FL-26","FL",26,926,32,67,32.32
"2024",2024,"FL-27","FL",27,927,42,57,42.42
"2024",2024,"FL-28","FL",28,928,37,62,37.37
"2024",2024,"GA-01","GA",1,1001,42,58,42
"2024",2024,"GA-02","GA",2,1002,54,46,54
"2024",2024,"GA-03","GA",3,1003,35,65,35
"2024",2024,"GA-04","GA",4,1004,76,23,76.77
"2024",2024,"GA-05","GA",5,1005,85,14,85.86
"2024",2024,"GA-06","GA",6,1006,75,25,75
"2024",2024,"GA-07","GA",7,1007,38,60,38.78
"2024",2024,"GA-08","GA",8,1008,34,65,34.34
"2024",2024,"GA-09","GA",9,1009,33,67,33
"2024",2024,"GA-10","GA",10,1010,39,60,39.39
"2024",2024,"GA-11","GA",11,1011,38,61,38.38
"2024",2024,"GA-12","GA",12,1012,43,57,43
"2024",2024,"GA-13","GA",13,1013,71,28,71.72
"2024",2024,"GA-14","GA",14,1014,31,68,31.31
"2024",2024,"HI-01","HI",1,1101,62,37,62.63
"2024",2024,"HI-02","HI",2,1102,60,38,61.22
"2024",2024,"ID-01","ID",1,1201,26,71,26.8
"2024",2024,"ID-02","ID",2,1202,35,62,36.08
"2024",2024,"IL-01","IL",1,1301,65,33,66.33
"2024",2024,"IL-02","IL",2,1302,66,33,66.67
"2024",2024,"IL-03","IL",3,1303,65,34,65.66
"2024",2024,"IL-04","IL",4,1304,63,35,64.29
"2024",2024,"IL-05","IL",5,1305,68,31,68.69
"2024",2024,"IL-06","IL",6,1306,52,47,52.53
"2024",2024,"IL-07","IL",7,1307,82,17,82.83
"2024",2024,"IL-08","IL",8,1308,53,46,53.54
"2024",2024,"IL-09","IL",9,1309,68,31,68.69
"2024",2024,"IL-10","IL",10,1310,60,38,61.22
"2024",2024,"IL-11","IL",11,1311,55,44,55.56
"2024",2024,"IL-12","IL",12,1312,28,71,28.28
"2024",2024,"IL-13","IL",13,1313,54,44,55.1
"2024",2024,"IL-14","IL",14,1314,52,47,52.53
"2024",2024,"IL-15","IL",15,1315,29,69,29.59
"2024",2024,"IL-16","IL",16,1316,38,61,38.38
"2024",2024,"IL-17","IL",17,1317,52,47,52.53
"2024",2024,"IN-01","IN",1,1401,49.4,49,50.2
"2024",2024,"IN-02","IN",2,1402,36,62,36.73
"2024",2024,"IN-03","IN",3,1403,34,65,34.34
"2024",2024,"IN-04","IN",4,1404,34,64,34.69
"2024",2024,"IN-05","IN",5,1405,41,57,41.84
"2024",2024,"IN-06","IN",6,1406,33,65,33.67
"2024",2024,"IN-07","IN",7,1407,70,28,71.43
"2024",2024,"IN-08","IN",8,1408,31,67,31.63
"2024",2024,"IN-09","IN",9,1409,34,64,34.69
"2024",2024,"IA-01","IA",1,1501,45,54,45.45
"2024",2024,"IA-02","IA",2,1502,44,54,44.9
"2024",2024,"IA-03","IA",3,1503,47,52,47.47
"2024",2024,"IA-04","IA",4,1504,34,65,34.34
"2024",2024,"KS-01","KS",1,1601,33,65,33.67
"2024",2024,"KS-02","KS",2,1602,39,59,39.8
"2024",2024,"KS-03","KS",3,1603,51,47,52.04
"2024",2024,"KS-04","KS",4,1604,37,61,37.76
"2024",2024,"KY-01","KY",1,1701,26,73,26.26
"2024",2024,"KY-02","KY",2,1702,29,70,29.29
"2024",2024,"KY-03","KY",3,1703,59,40,59.6
"2024",2024,"KY-04","KY",4,1704,31,67,31.63
"2024",2024,"KY-05","KY",5,1705,17,81,17.35
"2024",2024,"KY-06","KY",6,1706,42,57,42.42
"2024",2024,"LA-01","LA",1,1801,30,68,30.61
"2024",2024,"LA-02","LA",2,1802,65,33,66.33
"2024",2024,"LA-03","LA",3,1803,27,72,27.27
"2024",2024,"LA-04","LA",4,1804,23,75,23.47
"2024",2024,"LA-05","LA",5,1805,31,67,31.63
"2024",2024,"LA-06","LA",6,1806,57,42,57.58
"2024",2024,"ME-01","ME",1,1901,60,38,61.22
"2024",2024,"ME-02","ME",2,1902,44,54,44.9
"2024",2024,"MD-01","MD",1,2001,40,57,41.24
"2024",2024,"MD-02","MD",2,2002,58,40,59.18
"2024",2024,"MD-03","MD",3,2003,60,37,61.86
"2024",2024,"MD-04","MD",4,2004,85,12,87.63
"2024",2024,"MD-05","MD",5,2005,66,32,67.35
"2024",2024,"MD-06","MD",6,2006,52,46,53.06
"2024",2024,"MD-07","MD",7,2007,78,19,80.41
"2024",2024,"MD-08","MD",8,2008,77,20,79.38
"2024",2024,"MA-01","MA",1,2101,56,42,57.14
"2024",2024,"MA-02","MA",2,2102,61,37,62.24
"2024",2024,"MA-03","MA",3,2103,58,39,59.79
"2024",2024,"MA-04","MA",4,2104,59,39,60.2
"2024",2024,"MA-05","MA",5,2105,71,26,73.2
"2024",2024,"MA-06","MA",6,2106,59,39,60.2
"2024",2024,"MA-07","MA",7,2107,80,17,82.47
"2024",2024,"MA-08","MA",8,2108,62,36,63.27
"2024",2024,"MA-09","MA",9,2109,55,44,55.56
"2024",2024,"MI-01","MI",1,2201,39,60,39.39
"2024",2024,"MI-02","MI",2,2202,34,64,34.69
"2024",2024,"MI-03","MI",3,2203,53,45,54.08
"2024",2024,"MI-04","MI",4,2204,46,52,46.94
"2024",2024,"MI-05","MI",5,2205,36,63,36.36
"2024",2024,"MI-06","MI",6,2206,60,37,61.86
"2024",2024,"MI-07","MI",7,2207,49,50,49.49
"2024",2024,"MI-08","MI",8,2208,48,50,48.98
"2024",2024,"MI-09","MI",9,2209,33,65,33.67
"2024",2024,"MI-10","MI",10,2210,46,52,46.94
"2024",2024,"MI-11","MI",11,2211,57,41,58.16
"2024",2024,"MI-12","MI",12,2212,67,29,69.79
"2024",2024,"MI-13","MI",13,2213,69,28,71.13
"2024",2024,"MN-01","MN",1,2301,43,55,43.88
"2024",2024,"MN-02","MN",2,2302,52,46,53.06
"2024",2024,"MN-03","MN",3,2303,60,38,61.22
"2024",2024,"MN-04","MN",4,2304,67,31,68.37
"2024",2024,"MN-05","MN",5,2305,80,18,81.63
"2024",2024,"MN-06","MN",6,2306,39,59,39.8
"2024",2024,"MN-07","MN",7,2307,31,67,31.63
"2024",2024,"MN-08","MN",8,2308,42,56,42.86
"2024",2024,"MS-01","MS",1,2401,31,68,31.31
"2024",2024,"MS-02","MS",2,2402,60,39,60.61
"2024",2024,"MS-03","MS",3,2403,35,64,35.35
"2024",2024,"MS-04","MS",4,2404,28,71,28.28
"2024",2024,"MO-01","MO",1,2501,78,21,78.79
"2024",2024,"MO-02","MO",2,2502,45,53,45.92
"2024",2024,"MO-03","MO",3,2503,36,63,36.36
"2024",2024,"MO-04","MO",4,2504,28,71,28.28
"2024",2024,"MO-05","MO",5,2505,61,38,61.62
"2024",2024,"MO-06","MO",6,2506,30,69,30.3
"2024",2024,"MO-07","MO",7,2507,28,71,28.28
"2024",2024,"MO-08","MO",8,2508,22,77,22.22
"2024",2024,"MT-01","MT",1,2601,43,54,44.33
"2024",2024,"MT-02","MT",2,2602,34,63,35.05
"2024",2024,"NE-01","NE",1,2701,43,56,43.43
"2024",2024,"NE-02","NE",2,2702,52,47,52.53
"2024",2024,"NE-03","NE",3,2703,23,76,23.23
"2024",2024,"NV-01","NV",1,2801,50,48,51.02
"2024",2024,"NV-02","NV",2,2802,42,56,42.86
"2024",2024,"NV-03","NV",3,2803,49,50,49.49
"2024",2024,"NV-04","NV",4,2804,50,48,51.02
"2024",2024,"NH-01","NH",1,2901,51,49,51
"2024",2024,"NH-02","NH",2,2902,51,48,51.52
"2024",2024,"NJ-01","NJ",1,3001,59,40,59.6
"2024",2024,"NJ-02","NJ",2,3002,43,56,43.43
"2024",2024,"NJ-03","NJ",3,3003,53,45,54.08
"2024",2024,"NJ-04","NJ",4,3004,34,64,34.69
"2024",2024,"NJ-05","NJ",5,3005,50,48,51.02
"2024",2024,"NJ-06","NJ",6,3006,52,46,53.06
"2024",2024,"NJ-07","NJ",7,3007,48,50,48.98
"2024",2024,"NJ-08","NJ",8,3008,61,37,62.24
"2024",2024,"NJ-09","NJ",9,3009,48,49,49.48
"2024",2024,"NJ-10","NJ",10,3010,75,24,75.76
"2024",2024,"NJ-11","NJ",11,3011,53,45,54.08
"2024",2024,"NJ-12","NJ",12,3012,61,37,62.24
"2024",2024,"NM-01","NM",1,3101,55,42,56.7
"2024",2024,"NM-02","NM",2,3102,48,50,48.98
"2024",2024,"NM-03","NM",3,3103,52,46,53.06
"2024",2024,"NY-01","NY",1,3201,44,54,44.9
"2024",2024,"NY-02","NY",2,3202,43,56,43.43
"2024",2024,"NY-03","NY",3,3203,47,51,47.96
"2024",2024,"NY-04","NY",4,3204,50,49,50.51
"2024",2024,"NY-05","NY",5,3205,70,28,71.43
"2024",2024,"NY-06","NY",6,3206,52,46,53.06
"2024",2024,"NY-07","NY",7,3207,72,26,73.47
"2024",2024,"NY-08","NY",8,3208,71,27,72.45
"2024",2024,"NY-09","NY",9,3209,69,29,70.41
"2024",2024,"NY-10","NY",10,3210,79,19,80.61
"2024",2024,"NY-11","NY",11,3211,37,61,37.76
"2024",2024,"NY-12","NY",12,3212,81,17,82.65
"2024",2024,"NY-13","NY",13,3213,79,20,79.8
"2024",2024,"NY-14","NY",14,3214,65,33,66.33
"2024",2024,"NY-15","NY",15,3215,74,25,74.75
"2024",2024,"NY-16","NY",16,3216,66,33,66.67
"2024",2024,"NY-17","NY",17,3217,50,49,50.51
"2024",2024,"NY-18","NY",18,3218,51,48,51.52
"2024",2024,"NY-19","NY",19,3219,50,49,50.51
"2024",2024,"NY-20","NY",20,3220,56,42,57.14
"2024",2024,"NY-21","NY",21,3221,39,60,39.39
"2024",2024,"NY-22","NY",22,3222,54,46,54
"2024",2024,"NY-23","NY",23,3223,39,60,39.39
"2024",2024,"NY-24","NY",24,3224,38,61,38.38
"2024",2024,"NY-25","NY",25,3225,59,40,59.6
"2024",2024,"NY-26","NY",26,3226,59,40,59.6
"2024",2024,"NC-01","NC",1,3301,48,51,48.48
"2024",2024,"NC-02","NC",2,3302,66,32,67.35
"2024",2024,"NC-03","NC",3,3303,39,60,39.39
"2024",2024,"NC-04","NC",4,3304,72,27,72.73
"2024",2024,"NC-05","NC",5,3305,41,58,41.41
"2024",2024,"NC-06","NC",6,3306,41,58,41.41
"2024",2024,"NC-07","NC",7,3307,43,56,43.43
"2024",2024,"NC-08","NC",8,3308,40,59,40.4
"2024",2024,"NC-09","NC",9,3309,42,57,42.42
"2024",2024,"NC-10","NC",10,3310,41,58,41.41
"2024",2024,"NC-11","NC",11,3311,45,54,45.45
"2024",2024,"NC-12","NC",12,3312,72,26,73.47
"2024",2024,"NC-13","NC",13,3313,41,58,41.41
"2024",2024,"NC-14","NC",14,3314,42,57,42.42
"2024",2024,"ND-AL","ND",1,3401,31,68,31.31
"2024",2024,"OH-01","OH",1,3501,53,46,53.54
"2024",2024,"OH-02","OH",2,3502,26,73,26.26
"2024",2024,"OH-03","OH",3,3503,70,29,70.71
"2024",2024,"OH-04","OH",4,3504,31,68,31.31
"2024",2024,"OH-05","OH",5,3505,35,64,35.35
"2024",2024,"OH-06","OH",6,3506,33,66,33.33
"2024",2024,"OH-07","OH",7,3507,44,55,44.44
"2024",2024,"OH-08","OH",8,3508,38,61,38.38
"2024",2024,"OH-09","OH",9,3509,46,53,46.46
"2024",2024,"OH-10","OH",10,3510,47,52,47.47
"2024",2024,"OH-11","OH",11,3511,77,22,77.78
"2024",2024,"OH-12","OH",12,3512,33,66,33.33
"2024",2024,"OH-13","OH",13,3513,49.569,49.523,50.02
"2024",2024,"OH-14","OH",14,3514,41,59,41
"2024",2024,"OH-15","OH",15,3515,45,54,45.45
"2024",2024,"OK-01","OK",1,3601,38,60,38.78
"2024",2024,"OK-02","OK",2,3602,21,77,21.43
"2024",2024,"OK-03","OK",3,3603,26,72,26.53
"2024",2024,"OK-04","OK",4,3604,32,66,32.65
"2024",2024,"OK-05","OK",5,3605,40,58,40.82
"2024",2024,"OR-01","OR",1,3701,67,29,69.79
"2024",2024,"OR-02","OR",2,3702,35,62,36.08
"2024",2024,"OR-03","OR",3,3703,71,25,73.96
"2024",2024,"OR-04","OR",4,3704,54,42,56.25
"2024",2024,"OR-05","OR",5,3705,53,44,54.64
"2024",2024,"OR-06","OR",6,3706,54,43,55.67
"2024",2024,"PA-01","PA",1,3801,49.7,49.4,50.15
"2024",2024,"PA-02","PA",2,3802,67,32,67.68
"2024",2024,"PA-03","PA",3,3803,88,11,88.89
"2024",2024,"PA-04","PA",4,3804,57,42,57.58
"2024",2024,"PA-05","PA",5,3805,64,35,64.65
"2024",2024,"PA-06","PA",6,3806,55,44,55.56
"2024",2024,"PA-07","PA",7,3807,48,51,48.48
"2024",2024,"PA-08","PA",8,3808,45,54,45.45
"2024",2024,"PA-09","PA",9,3809,31,69,31
"2024",2024,"PA-10","PA",10,3810,47,52,47.47
"2024",2024,"PA-11","PA",11,3811,39,60,39.39
"2024",2024,"PA-12","PA",12,3812,59,40,59.6
"2024",2024,"PA-13","PA",13,3813,27,72,27.27
"2024",2024,"PA-14","PA",14,3814,33,66,33.33
"2024",2024,"PA-15","PA",15,3815,31,69,31
"2024",2024,"PA-16","PA",16,3816,38,61,38.38
"2024",2024,"PA-17","PA",17,3817,52,47,52.53
"2024",2024,"RI-01","RI",1,3901,60,38,61.22
"2024",2024,"RI-02","RI",2,3902,52,46,53.06
"2024",2024,"SC-01","SC",1,4001,43,56,43.43
"2024",2024,"SC-02","SC",2,4002,42,56,42.86
"2024",2024,"SC-03","SC",3,4003,28,71,28.28
"2024",2024,"SC-04","SC",4,4004,37,61,37.76
"2024",2024,"SC-05","SC",5,4005,38,61,38.38
"2024",2024,"SC-06","SC",6,4006,61,38,61.62
"2024",2024,"SC-07","SC",7,4007,36,63,36.36
"2024",2024,"SD-AL","SD",1,4101,34,63,35.05
"2024",2024,"TN-01","TN",1,4201,21,78,21.21
"2024",2024,"TN-02","TN",2,4202,32,66,32.65
"2024",2024,"TN-03","TN",3,4203,31,67,31.63
"2024",2024,"TN-04","TN",4,4204,28,71,28.28
"2024",2024,"TN-05","TN",5,4205,40,58,40.82
"2024",2024,"TN-06","TN",6,4206,32,67,32.32
"2024",2024,"TN-07","TN",7,4207,38,60,38.78
"2024",2024,"TN-08","TN",8,4208,29,70,29.29
"2024",2024,"TN-09","TN",9,4209,71,27,72.45
"2024",2024,"TX-01","TX",1,4301,24,75,24.24
"2024",2024,"TX-02","TX",2,4302,38,61,38.38
"2024",2024,"TX-03","TX",3,4303,39,59,39.8
"2024",2024,"TX-04","TX",4,4304,33,66,33.33
"2024",2024,"TX-05","TX",5,4305,36,63,36.36
"2024",2024,"TX-06","TX",6,4306,35,64,35.35
"2024",2024,"TX-07","TX",7,4307,59,38,60.82
"2024",2024,"TX-08","TX",8,4308,32,66,32.65
"2024",2024,"TX-09","TX",9,4309,71,27,72.45
"2024",2024,"TX-10","TX",10,4310,37,62,37.37
"2024",2024,"TX-11","TX",11,4311,27,72,27.27
"2024",2024,"TX-12","TX",12,4312,38,61,38.38
"2024",2024,"TX-13","TX",13,4313,26,73,26.26
"2024",2024,"TX-14","TX",14,4314,32,67,32.32
"2024",2024,"TX-15","TX",15,4315,41,59,41
"2024",2024,"TX-16","TX",16,4316,57,41,58.16
"2024",2024,"TX-17","TX",17,4317,35,64,35.35
"2024",2024,"TX-18","TX",18,4318,69,29,70.41
"2024",2024,"TX-19","TX",19,4319,24,75,24.24
"2024",2024,"TX-20","TX",20,4320,60,39,60.61
"2024",2024,"TX-21","TX",21,4321,38,61,38.38
"2024",2024,"TX-22","TX",22,4322,39,59,39.8
"2024",2024,"TX-23","TX",23,4323,42,57,42.42
"2024",2024,"TX-24","TX",24,4324,41,57,41.84
"2024",2024,"TX-25","TX",25,4325,31,68,31.31
"2024",2024,"TX-26","TX",26,4326,38,61,38.38
"2024",2024,"TX-27","TX",27,4327,35,64,35.35
"2024",2024,"TX-28","TX",28,4328,46,53,46.46
"2024",2024,"TX-29","TX",29,4329,60,39,60.61
"2024",2024,"TX-30","TX",30,4330,73,26,73.74
"2024",2024,"TX-31","TX",31,4331,38,61,38.38
"2024",2024,"TX-32","TX",32,4332,61,37,62.24
"2024",2024,"TX-33","TX",33,4333,66,32,67.35
"2024",2024,"TX-34","TX",34,4334,47,52,47.47
"2024",2024,"TX-35","TX",35,4335,66,32,67.35
"2024",2024,"TX-36","TX",36,4336,31,68,31.31
"2024",2024,"TX-37","TX",37,4337,74,24,75.51
"2024",2024,"TX-38","TX",38,4338,39,59,39.8
"2024",2024,"UT-01","UT",1,4401,38,59,39.18
"2024",2024,"UT-02","UT",2,4402,39,59,39.8
"2024",2024,"UT-03","UT",3,4403,39,58,40.21
"2024",2024,"UT-04","UT",4,4404,35,62,36.08
"2024",2024,"VT-AL","VT",1,4501,64,33,65.98
"2024",2024,"VA-01","VA",1,4601,47,52,47.47
"2024",2024,"VA-02","VA",2,4602,49.3,49.5,49.9
"2024",2024,"VA-03","VA",3,4603,67,32,67.68
"2024",2024,"VA-04","VA",4,4604,66,33,66.67
"2024",2024,"VA-05","VA",5,4605,43,56,43.43
"2024",2024,"VA-06","VA",6,4606,37,61,37.76
"2024",2024,"VA-07","VA",7,4607,51,48,51.52
"2024",2024,"VA-08","VA",8,4608,74,24,75.51
"2024",2024,"VA-09","VA",9,4609,28,72,28
"2024",2024,"VA-10","VA",10,4610,53,45,54.08
"2024",2024,"VA-11","VA",11,4611,66,31,68.04
"2024",2024,"WA-01","WA",1,4701,63,34,64.95
"2024",2024,"WA-02","WA",2,4702,60,37,61.86
"2024",2024,"WA-03","WA",3,4703,47,50,48.45
"2024",2024,"WA-04","WA",4,4704,38,59,39.18
"2024",2024,"WA-05","WA",5,4705,43,54,44.33
"2024",2024,"WA-06","WA",6,4706,58,39,59.79
"2024",2024,"WA-07","WA",7,4707,86,11,88.66
"2024",2024,"WA-08","WA",8,4708,51,46,52.58
"2024",2024,"WA-09","WA",9,4709,69,28,71.13
"2024",2024,"WA-10","WA",10,4710,57,39,59.38
"2024",2024,"WV-01","WV",1,4801,27,71,27.55
"2024",2024,"WV-02","WV",2,4802,29,69,29.59
"2024",2024,"WI-01","WI",1,4901,47,52,47.47
"2024",2024,"WI-02","WI",2,4902,69,29,70.41
"2024",2024,"WI-03","WI",3,4903,46,53,46.46
"2024",2024,"WI-04","WI",4,4904,75,23,76.53
"2024",2024,"WI-05","WI",5,4905,38,60,38.78
"2024",2024,"WI-06","WI",6,4906,41,58,41.41
"2024",2024,"WI-07","WI",7,4907,38,61,38.38
"2024",2024,"WI-08","WI",8,4908,41,57,41.84
"2024",2024,"WY-AL","WY",1,5001,26,72,26.53
