"from_2020","to_2024","weight"
"APPLING|1B","APPLING|1B",0.999964
"APPLING|1B","APPLING|1C",3.6e-05
"APPLING|1C","APPLING|1C",0.998247
"APPLING|1C","APPLING|2",0.001728
"APPLING|1C","APPLING|1B",1.5e-05
"APPLING|1C","APPLING|5A",1.1e-05
"APPLING|2","APPLING|2",0.995957
"APPLING|2","APPLING|1C",0.003177
"APPLING|2","APPLING|3C",0.000865
"APPLING|3A1","APPLING|3A1",1
"APPLING|3C","APPLING|3C",0.999858
"APPLING|3C","APPLING|5A",0.000136
"APPLING|3C","APPLING|2",4e-06
"APPLING|3C","APPLING|4D",1e-06
"APPLING|4B","APPLING|4B",1
"APPLING|4D","APPLING|4D",0.999799
"APPLING|4D","APPLING|5A",8.6e-05
"APPLING|4D","APPLING|4B",5.8e-05
"APPLING|4D","APPLING|3C",4.2e-05
"APPLING|4D","APPLING|5B",1.6e-05
"APPLING|5A","APPLING|5A",0.999962
"APPLING|5A","APPLING|3C",2.9e-05
"APPLING|5A","APPLING|4D",8e-06
"APPLING|5B","APPLING|5B",0.999984
"APPLING|5B","APPLING|5A",1.2e-05
"APPLING|5B","APPLING|4D",3e-06
"ATKINSON|AXSON","ATKINSON|AXSON",0.999913
"ATKINSON|AXSON","ATKINSON|PEARSON COUNTY",8.7e-05
"ATKINSON|PEARSON CITY","ATKINSON|PEARSON CITY",1
"ATKINSON|PEARSON COUNTY","ATKINSON|PEARSON COUNTY",1
"ATKINSON|WILLACOOCHEE","ATKINSON|WILLACOOCHEE",0.999963
"ATKINSON|WILLACOOCHEE","ATKINSON|PEARSON COUNTY",3.7e-05
"BACON|DOUGLAS","BACON|DOUGLAS",1
"BAKER|ANNA","BAKER|ANNA",1
"BAKER|ELMODEL","BAKER|ELMODEL",0.41511
"BAKER|ELMODEL","BAKER|ANNA",0.320528
"BAKER|ELMODEL","BAKER|MILFORD",0.264289
"BAKER|ELMODEL","BAKER|HOGGARDS MILL",7.3e-05
"BAKER|HOGGARDS MILL","BAKER|HOGGARDS MILL",0.842624
"BAKER|HOGGARDS MILL","BAKER|ANNA",0.157376
"BAKER|MILFORD","BAKER|MILFORD",0.847817
"BAKER|MILFORD","BAKER|ANNA",0.152138
"BAKER|MILFORD","BAKER|ELMODEL",4.5e-05
"BAKER|NEWTON","BAKER|MILFORD",0.685073
"BAKER|NEWTON","BAKER|ELMODEL",0.166321
"BAKER|NEWTON","BAKER|HOGGARDS MILL",0.084768
"BAKER|NEWTON","BAKER|NEWTON",0.063838
"BALDWIN|BODDIE","BALDWIN|BODDIE",0.944488
"BALDWIN|BODDIE","BALDWIN|NORTH MILLEDGEVILLE",0.0209
"BALDWIN|BODDIE","BALDWIN|WEST THOMAS",0.019777
"BALDWIN|BODDIE","BALDWIN|CITY HALL ANNEX",0.014778
"BALDWIN|BODDIE","BALDWIN|EAST BALDWIN",5.7e-05
"BALDWIN|CITY HALL ANNEX","BALDWIN|CITY HALL ANNEX",0.990613
"BALDWIN|CITY HALL ANNEX","BALDWIN|BODDIE",0.00896
"BALDWIN|CITY HALL ANNEX","BALDWIN|EAST HARDWICK",0.000427
"BALDWIN|COOPERS","BALDWIN|COOPERS",1
"BALDWIN|COURTHOUSE","BALDWIN|COURTHOUSE",0.50332
"BALDWIN|COURTHOUSE","BALDWIN|CITY HALL ANNEX",0.402435
"BALDWIN|COURTHOUSE","BALDWIN|WEST THOMAS",0.094239
"BALDWIN|COURTHOUSE","BALDWIN|EAST HARDWICK",5e-06
"BALDWIN|EAST BALDWIN","BALDWIN|EAST BALDWIN",0.999474
"BALDWIN|EAST BALDWIN","BALDWIN|NORTH BALDWIN",0.000524
"BALDWIN|EAST BALDWIN","BALDWIN|NORTH MILLEDGEVILLE",2e-06
"BALDWIN|EAST HARDWICK","BALDWIN|EAST HARDWICK",0.999717
"BALDWIN|EAST HARDWICK","BALDWIN|CITY HALL ANNEX",0.000282
"BALDWIN|FIRE DEPT","BALDWIN|WEST THOMAS",0.842216
"BALDWIN|FIRE DEPT","BALDWIN|NORTH MILLEDGEVILLE",0.157782
"BALDWIN|FIRE DEPT","BALDWIN|BODDIE",1e-06
"BALDWIN|MERIWEATHER","BALDWIN|MERIWETHER",1
"BALDWIN|NORTH BALDWIN","BALDWIN|NORTH BALDWIN",0.999755
"BALDWIN|NORTH BALDWIN","BALDWIN|NORTH MILLEDGEVILLE",0.000179
"BALDWIN|NORTH BALDWIN","BALDWIN|BODDIE",6.6e-05
"BALDWIN|NORTH MILLEDGEVILLE","BALDWIN|NORTH MILLEDGEVILLE",0.741627
"BALDWIN|NORTH MILLEDGEVILLE","BALDWIN|BODDIE",0.237936
"BALDWIN|NORTH MILLEDGEVILLE","BALDWIN|EAST BALDWIN",0.020164
"BALDWIN|NORTH MILLEDGEVILLE","BALDWIN|NORTH BALDWIN",0.000273
"BALDWIN|SCOTTSBORO","BALDWIN|SCOTTSBORO",0.999998
"BALDWIN|SCOTTSBORO","BALDWIN|CITY HALL ANNEX",2e-06
"BALDWIN|SOUTH MILLEDGEVILLE","BALDWIN|SOUTH MILLEDGEVILLE",0.901983
"BALDWIN|SOUTH MILLEDGEVILLE","BALDWIN|NORTH MILLEDGEVILLE",0.044956
"BALDWIN|SOUTH MILLEDGEVILLE","BALDWIN|WEST THOMAS",0.035052
"BALDWIN|SOUTH MILLEDGEVILLE","BALDWIN|COURTHOUSE",0.016092
"BALDWIN|SOUTH MILLEDGEVILLE","BALDWIN|NORTH BALDWIN",0.001917
"BALDWIN|WEST BALDWIN","BALDWIN|WEST BALDWIN",1
"BALDWIN|WEST HARDWICK","BALDWIN|WEST HARDWICK",0.999999
"BANKS|ANDERSON","BANKS|ANDERSON",0.99924
"BANKS|ANDERSON","JACKSON|NORTH JACKSON",0.000758
"BANKS|ANDERSON","BANKS|BUSHVILLE",1e-06
"BANKS|BALDWIN","BANKS|BALDWIN",0.999783
"BANKS|BALDWIN","HABERSHAM|MUD CREEK",0.000216
"BANKS|BERLIN","BANKS|BERLIN",1
"BANKS|BUSHVILLE","BANKS|BUSHVILLE",0.999125
"BANKS|BUSHVILLE","JACKSON|NORTH JACKSON",0.000633
"BANKS|BUSHVILLE","BANKS|HOMER",0.000208
"BANKS|BUSHVILLE","BANKS|ANDERSON",2.4e-05
"BANKS|BUSHVILLE","BANKS|WILMONTS",1.1e-05
"BANKS|COLUMBIA","BANKS|COLUMBIA",0.999657
"BANKS|COLUMBIA","FRANKLIN|WEST FRANKLIN",0.000281
"BANKS|COLUMBIA","STEPHENS|STEPHENS COUNTY 1",6.1e-05
"BANKS|DAVIDS","BANKS|DAVIDS",0.997729
"BANKS|DAVIDS","FRANKLIN|SOUTHWEST FRANKLIN",0.001034
"BANKS|DAVIDS","MADISON|ILA",0.000791
"BANKS|DAVIDS","JACKSON|NORTH JACKSON",0.000446
"BANKS|GOLDEN HILL","BANKS|GOLDEN HILL",0.998966
"BANKS|GOLDEN HILL","HABERSHAM|MUD CREEK",0.000985
"BANKS|GOLDEN HILL","BANKS|POPLAR SPRINGS",2.7e-05
"BANKS|GOLDEN HILL","HALL|LULA",2.2e-05
"BANKS|GROVE RIVER","BANKS|GROVE RIVER",0.997663
"BANKS|GROVE RIVER","JACKSON|NORTH JACKSON",0.001844
"BANKS|GROVE RIVER","HALL|GILLSVILLE",0.000494
"BANKS|HOLLINGSWORTH","BANKS|HOLLINGSWORTH",0.999896
"BANKS|HOLLINGSWORTH","BANKS|BERLIN",0.000104
"BANKS|HOMER","BANKS|HOMER",0.999878
"BANKS|HOMER","BANKS|BUSHVILLE",9.9e-05
"BANKS|HOMER","BANKS|WILMONTS",2.3e-05
"BANKS|POPLAR SPRINGS","BANKS|POPLAR SPRINGS",0.999103
"BANKS|POPLAR SPRINGS","HALL|LULA",0.000897
"BANKS|WASHINGTON","BANKS|WASHINGTON",0.999341
"BANKS|WASHINGTON","BANKS|HOLLINGSWORTH",0.000624
"BANKS|WASHINGTON","BANKS|BERLIN",3.5e-05
"BANKS|WILMONTS","BANKS|WILMONTS",0.998655
"BANKS|WILMONTS","BANKS|BERLIN",0.000894
"BANKS|WILMONTS","FRANKLIN|WEST FRANKLIN",0.000397
"BANKS|WILMONTS","BANKS|BUSHVILLE",5.3e-05
"BARROW|01","BARROW|1",0.999868
"BARROW|01","BARROW|16",0.000132
"BARROW|02","BARROW|2",0.999052
"BARROW|02","BARROW|13",0.000947
"BARROW|03","BARROW|3",0.999666
"BARROW|03","GWINNETT|HARBINS B",0.000333
"BARROW|04","BARROW|4",0.999558
"BARROW|04","GWINNETT|HARBINS B",0.000386
"BARROW|04","BARROW|13",5.6e-05
"BARROW|05","BARROW|5",1
"BARROW|08","BARROW|8",1
"BARROW|13","BARROW|13",0.999989
"BARROW|13","BARROW|16",1.1e-05
"BARROW|16","BARROW|16",0.71567
"BARROW|16","BARROW|13",0.21589
"BARROW|16","BARROW|1",0.06844
"BARTOW|ADAIRSVILLE","BARTOW|ADAIRSVILLE",0.987443
"BARTOW|ADAIRSVILLE","GORDON|LILY POND",0.012218
"BARTOW|ADAIRSVILLE","GORDON|PLAINVILLE",0.000339
"BARTOW|ALLATOONA","BARTOW|ALLATOONA",0.99847
"BARTOW|ALLATOONA","COBB|ACWORTH 1B",0.000888
"BARTOW|ALLATOONA","COBB|NORTH COBB 01",0.000639
"BARTOW|ALLATOONA","CHEROKEE|CLARK CREEK",3e-06
"BARTOW|CARTERSVILLE EAST","BARTOW|CARTERSVILLE EAST",0.972407
"BARTOW|CARTERSVILLE EAST","BARTOW|ZENA DRIVE",0.016658
"BARTOW|CARTERSVILLE EAST","BARTOW|WHITE",0.00527
"BARTOW|CARTERSVILLE EAST","BARTOW|CENTER",0.003389
"BARTOW|CARTERSVILLE EAST","BARTOW|CASSVILLE",0.001847
"BARTOW|CARTERSVILLE EAST","BARTOW|CARTERSVILLE WEST",0.000429
"BARTOW|CARTERSVILLE WEST","BARTOW|CARTERSVILLE WEST",0.963303
"BARTOW|CARTERSVILLE WEST","BARTOW|WOODLAND",0.021405
"BARTOW|CARTERSVILLE WEST","BARTOW|EMERSON",0.008921
"BARTOW|CARTERSVILLE WEST","BARTOW|MISSION ROAD",0.004506
"BARTOW|CARTERSVILLE WEST","BARTOW|ZENA DRIVE",0.001809
"BARTOW|CARTERSVILLE WEST","BARTOW|CARTERSVILLE EAST",5.6e-05
"BARTOW|CASSVILLE","BARTOW|CASSVILLE",0.993381
"BARTOW|CASSVILLE","BARTOW|CARTERSVILLE EAST",0.005242
"BARTOW|CASSVILLE","BARTOW|HAMILTON CROSSING",0.00096
"BARTOW|CASSVILLE","BARTOW|MISSION ROAD",0.000417
"BARTOW|CENTER","BARTOW|CENTER",0.998426
"BARTOW|CENTER","BARTOW|CARTERSVILLE EAST",0.001573
"BARTOW|EMERSON","BARTOW|EMERSON",0.996057
"BARTOW|EMERSON","BARTOW|CARTERSVILLE WEST",0.001703
"BARTOW|EMERSON","BARTOW|WOODLAND",0.001558
"BARTOW|EMERSON","BARTOW|MISSION ROAD",0.000682
"BARTOW|EUHARLEE","BARTOW|EUHARLEE",0.999905
"BARTOW|EUHARLEE","BARTOW|TAYLORSVILLE",9.1e-05
"BARTOW|EUHARLEE","BARTOW|MISSION ROAD",3e-06
"BARTOW|FOLSOM","BARTOW|FOLSOM",1
"BARTOW|HAMILTON CROSSING","BARTOW|HAMILTON CROSSING",0.99892
"BARTOW|HAMILTON CROSSING","BARTOW|ADAIRSVILLE",0.000493
"BARTOW|HAMILTON CROSSING","BARTOW|MISSION ROAD",0.000438
"BARTOW|HAMILTON CROSSING","BARTOW|CASSVILLE",0.000147
"BARTOW|HAMILTON CROSSING","BARTOW|WHITE",2e-06
"BARTOW|KINGSTON","BARTOW|KINGSTON",0.999952
"BARTOW|KINGSTON","BARTOW|MISSION ROAD",3.4e-05
"BARTOW|KINGSTON","BARTOW|EUHARLEE",1.3e-05
"BARTOW|MISSION ROAD","BARTOW|MISSION ROAD",0.989124
"BARTOW|MISSION ROAD","BARTOW|CARTERSVILLE WEST",0.01005
"BARTOW|MISSION ROAD","BARTOW|ZENA DRIVE",0.000544
"BARTOW|MISSION ROAD","BARTOW|HAMILTON CROSSING",0.00015
"BARTOW|MISSION ROAD","BARTOW|EMERSON",0.000111
"BARTOW|MISSION ROAD","BARTOW|EUHARLEE",1.5e-05
"BARTOW|MISSION ROAD","BARTOW|WOODLAND",6e-06
"BARTOW|PINE LOG","BARTOW|PINE LOG",1
"BARTOW|TAYLORSVILLE","BARTOW|TAYLORSVILLE",0.999942
"BARTOW|TAYLORSVILLE","BARTOW|WOODLAND",5.7e-05
"BARTOW|WHITE","BARTOW|WHITE",0.996867
"BARTOW|WHITE","BARTOW|CARTERSVILLE EAST",0.003061
"BARTOW|WHITE","BARTOW|HAMILTON CROSSING",7.2e-05
"BARTOW|WOODLAND","BARTOW|WOODLAND",0.981089
"BARTOW|WOODLAND","BARTOW|CARTERSVILLE WEST",0.018648
"BARTOW|WOODLAND","BARTOW|TAYLORSVILLE",0.000263
"BARTOW|ZENA DRIVE","BARTOW|ZENA DRIVE",0.983769
"BARTOW|ZENA DRIVE","BARTOW|CARTERSVILLE EAST",0.011068
"BARTOW|ZENA DRIVE","BARTOW|CARTERSVILLE WEST",0.00513
"BARTOW|ZENA DRIVE","BARTOW|CENTER",2.4e-05
"BARTOW|ZENA DRIVE","BARTOW|EMERSON",6e-06
"BARTOW|ZENA DRIVE","BARTOW|CASSVILLE",2e-06
"BARTOW|ZENA DRIVE","BARTOW|WHITE",2e-06
"BEN HILL|EAST","BEN HILL|EAST",1
"BEN HILL|WEST","BEN HILL|EAST",1
"BERRIEN|ALAPAHA","BERRIEN|ALAPAHA",1
"BERRIEN|ENIGMA","BERRIEN|ENIGMA",0.999979
"BERRIEN|ENIGMA","BERRIEN|ALAPAHA",2.1e-05
"BERRIEN|NASHVILLE","BERRIEN|NASHVILLE",1
"BERRIEN|RAY CITY","BERRIEN|RAY CITY",1
"BERRIEN|WEST BERRIEN","BERRIEN|WEST BERRIEN",0.999999
"BIBB|EAST MACON 1","BIBB|EAST MACON 1",0.999708
"BIBB|EAST MACON 1","BIBB|EAST MACON 2",0.000185
"BIBB|EAST MACON 1","BIBB|EAST MACON 5",0.000107
"BIBB|EAST MACON 2","BIBB|EAST MACON 2",0.9997
"BIBB|EAST MACON 2","BIBB|EAST MACON 1",0.000184
"BIBB|EAST MACON 2","BIBB|EAST MACON 4",0.000115
"BIBB|EAST MACON 3","BIBB|EAST MACON 3",0.999979
"BIBB|EAST MACON 3","BIBB|EAST MACON 1",2.1e-05
"BIBB|EAST MACON 4","BIBB|EAST MACON 4",0.999921
"BIBB|EAST MACON 4","BIBB|EAST MACON 2",7.9e-05
"BIBB|EAST MACON 5","BIBB|EAST MACON 5",1
"BIBB|GODFREY 1","BIBB|GODFREY 1",0.999989
"BIBB|GODFREY 1","BIBB|GODFREY 2",9e-06
"BIBB|GODFREY 1","BIBB|VINEVILLE 1",2e-06
"BIBB|GODFREY 2","BIBB|GODFREY 2",0.999999
"BIBB|GODFREY 3","BIBB|GODFREY 3",0.997326
"BIBB|GODFREY 3","BIBB|HAZZARD 1",0.002674
"BIBB|GODFREY 4","BIBB|GODFREY 4",1
"BIBB|GODFREY 5","BIBB|GODFREY 5",0.999994
"BIBB|GODFREY 5","BIBB|GODFREY 3",5e-06
"BIBB|HAZZARD 1","BIBB|HAZZARD 1",0.997022
"BIBB|HAZZARD 1","BIBB|GODFREY 3",0.002397
"BIBB|HAZZARD 1","BIBB|GODFREY 5",0.000581
"BIBB|HAZZARD 2","BIBB|HAZZARD 2",0.999999
"BIBB|HAZZARD 3","BIBB|HAZZARD 3",0.999313
"BIBB|HAZZARD 3","BIBB|GODFREY 1",0.000612
"BIBB|HAZZARD 3","BIBB|VINEVILLE 4",7.5e-05
"BIBB|HAZZARD 4","BIBB|HAZZARD 4",0.967352
"BIBB|HAZZARD 4","MONROE|BURGAYS",0.027571
"BIBB|HAZZARD 4","MONROE|KELSEYS",0.005036
"BIBB|HAZZARD 4","BIBB|HOWARD 2",4.1e-05
"BIBB|HOWARD 1","BIBB|HOWARD 1",0.999864
"BIBB|HOWARD 1","BIBB|HAZZARD 4",0.000114
"BIBB|HOWARD 1","MONROE|BURGAYS",2.1e-05
"BIBB|HOWARD 2","BIBB|HOWARD 2",0.983512
"BIBB|HOWARD 2","BIBB|HOWARD 1",0.011604
"BIBB|HOWARD 2","MONROE|BURGAYS",0.004863
"BIBB|HOWARD 2","BIBB|HOWARD 3",9e-06
"BIBB|HOWARD 2","BIBB|HOWARD 6",8e-06
"BIBB|HOWARD 2","BIBB|HOWARD 7",4e-06
"BIBB|HOWARD 3","BIBB|HOWARD 3",0.999962
"BIBB|HOWARD 3","BIBB|HOWARD 2",3.8e-05
"BIBB|HOWARD 4","BIBB|HOWARD 4",0.999904
"BIBB|HOWARD 4","BIBB|VINEVILLE 5",9.6e-05
"BIBB|HOWARD 5","BIBB|HOWARD 5",0.999967
"BIBB|HOWARD 5","BIBB|HOWARD 7",3.3e-05
"BIBB|HOWARD 6","BIBB|HOWARD 6",0.999235
"BIBB|HOWARD 6","BIBB|HOWARD 2",0.000504
"BIBB|HOWARD 6","BIBB|HOWARD 1",0.000188
"BIBB|HOWARD 6","BIBB|VINEVILLE 5",5.8e-05
"BIBB|HOWARD 6","BIBB|HOWARD 7",1.4e-05
"BIBB|HOWARD 7","BIBB|HOWARD 7",0.999902
"BIBB|HOWARD 7","BIBB|HOWARD 5",9.7e-05
"BIBB|HOWARD 7","BIBB|HOWARD 6",2e-06
"BIBB|RUTLAND 1","BIBB|RUTLAND 1",0.999521
"BIBB|RUTLAND 1","BIBB|RUTLAND 2",0.000433
"BIBB|RUTLAND 1","BIBB|GODFREY 5",3.7e-05
"BIBB|RUTLAND 1","BIBB|WARRIOR 2",9e-06
"BIBB|RUTLAND 2","BIBB|RUTLAND 2",1
"BIBB|VINEVILLE 1","BIBB|VINEVILLE 1",0.998171
"BIBB|VINEVILLE 1","BIBB|VINEVILLE 2",0.00139
"BIBB|VINEVILLE 1","BIBB|GODFREY 1",0.000439
"BIBB|VINEVILLE 2","BIBB|VINEVILLE 2",0.999558
"BIBB|VINEVILLE 2","BIBB|VINEVILLE 1",0.000442
"BIBB|VINEVILLE 3","BIBB|VINEVILLE 3",0.999676
"BIBB|VINEVILLE 3","BIBB|GODFREY 1",0.000286
"BIBB|VINEVILLE 3","BIBB|VINEVILLE 6",3.8e-05
"BIBB|VINEVILLE 4","BIBB|VINEVILLE 4",0.999988
"BIBB|VINEVILLE 4","BIBB|HAZZARD 3",1.1e-05
"BIBB|VINEVILLE 5","BIBB|VINEVILLE 5",0.999661
"BIBB|VINEVILLE 5","BIBB|VINEVILLE 6",0.000338
"BIBB|VINEVILLE 6","BIBB|VINEVILLE 6",0.999933
"BIBB|VINEVILLE 6","BIBB|VINEVILLE 2",5.5e-05
"BIBB|VINEVILLE 6","BIBB|VINEVILLE 1",1.2e-05
"BIBB|WARRIOR 1","BIBB|WARRIOR 1",0.998596
"BIBB|WARRIOR 1","MONROE|KELSEYS",0.001404
"BIBB|WARRIOR 2","BIBB|WARRIOR 2",0.995121
"BIBB|WARRIOR 2","BIBB|GODFREY 5",0.002761
"BIBB|WARRIOR 2","BIBB|HAZZARD 3",0.002118
"BLECKLEY|1","BLECKLEY|1",1
"BRANTLEY|HOBOKEN","BRANTLEY|HOBOKEN",1
"BRANTLEY|NAHUNTA","BRANTLEY|NAHUNTA",1
"BRANTLEY|WAYNESVILLE","BRANTLEY|WAYNESVILLE",0.999955
"BRANTLEY|WAYNESVILLE","GLYNN|MAR",3e-05
"BRANTLEY|WAYNESVILLE","BRANTLEY|NAHUNTA",8e-06
"BRANTLEY|WAYNESVILLE","CAMDEN|TARBORO",7e-06
"BROOKS|BARWICK","BROOKS|BARWICK",1
"BROOKS|BRIGGS","BROOKS|BRIGGS",0.999786
"BROOKS|BRIGGS","BROOKS|QUITMAN",0.000214
"BROOKS|DIXIE","BROOKS|DIXIE",1
"BROOKS|MORVEN","BROOKS|MORVEN",1
"BROOKS|NANKIN","BROOKS|NANKIN",1
"BROOKS|PAVO","BROOKS|PAVO",1
"BROOKS|QUITMAN","BROOKS|QUITMAN",1
"BRYAN|BLACK CREEK","BRYAN|OLIVE BRANCH BAPTIST CHURCH",0.574933
"BRYAN|BLACK CREEK","BRYAN|LANIER",0.424954
"BRYAN|BLACK CREEK","NA|NA",0.000113
"BRYAN|DANIELSIDING","BRYAN|DANIEL SIDING",0.997037
"BRYAN|DANIELSIDING","BRYAN|NEW BEGINNINGS",0.002474
"BRYAN|DANIELSIDING","BRYAN|SPIRIT OF PEACE LUTHERAN CHURCH",0.000392
"BRYAN|DANIELSIDING","BRYAN|FIRST BAPTIST CHURCH",4.8e-05
"BRYAN|DANIELSIDING","BRYAN|DEVAUL HENDERSON PARK GYM",4.8e-05
"BRYAN|ELLABELL","BRYAN|OLIVE BRANCH BAPTIST CHURCH",0.999999
"BRYAN|HWY 144 EAST","BRYAN|NEW BEGINNINGS",0.796347
"BRYAN|HWY 144 EAST","BRYAN|DEVAUL HENDERSON PARK GYM",0.177359
"BRYAN|HWY 144 EAST","BRYAN|TIMBER TRAIL",0.022616
"BRYAN|HWY 144 EAST","BRYAN|SPIRIT OF PEACE LUTHERAN CHURCH",0.003585
"BRYAN|HWY 144 EAST","BRYAN|WETLANDS CENTER",9.3e-05
"BRYAN|J.F.GREGORY PARK","BRYAN|WETLANDS CENTER",0.999796
"BRYAN|J.F.GREGORY PARK","BRYAN|NEW BEGINNINGS",0.000164
"BRYAN|J.F.GREGORY PARK","BRYAN|FIRST BAPTIST CHURCH",4e-05
"BRYAN|KELLER","BRYAN|SPIRIT OF PEACE LUTHERAN CHURCH",0.999972
"BRYAN|KELLER","BRYAN|NEW BEGINNINGS",2.7e-05
"BRYAN|PEMBROKE","BRYAN|HARN COMMUNITY CENTER",0.99959
"BRYAN|PEMBROKE","NA|NA",0.00041
"BRYAN|PUBLIC SAFETY COMPX","BRYAN|DEVAUL HENDERSON PARK GYM",0.999219
"BRYAN|PUBLIC SAFETY COMPX","BRYAN|DANIEL SIDING",0.000638
"BRYAN|PUBLIC SAFETY COMPX","BRYAN|FIRST BAPTIST CHURCH",0.000101
"BRYAN|PUBLIC SAFETY COMPX","BRYAN|TIMBER TRAIL",4.3e-05
"BRYAN|RH RECREATION COMPX","BRYAN|FIRST BAPTIST CHURCH",0.680972
"BRYAN|RH RECREATION COMPX","BRYAN|TIMBER TRAIL",0.318123
"BRYAN|RH RECREATION COMPX","BRYAN|WETLANDS CENTER",0.000904
"BRYAN|RH RECREATION COMPX","BRYAN|DEVAUL HENDERSON PARK GYM",1e-06
"BRYAN|WAYS STATION","BRYAN|FIRST BAPTIST CHURCH",0.997709
"BRYAN|WAYS STATION","NA|NA",0.002061
"BRYAN|WAYS STATION","BRYAN|WETLANDS CENTER",0.000228
"BRYAN|WAYS STATION","BRYAN|DANIEL SIDING",2e-06
"BULLOCH|BAY","BULLOCH|BAY",0.999999
"BULLOCH|BAY","BULLOCH|BROOKLET",1e-06
"BULLOCH|BLITCH","BULLOCH|BLITCH",0.999298
"BULLOCH|BLITCH","BULLOCH|PORTAL",0.000702
"BULLOCH|BROOKLET","BULLOCH|BROOKLET",1
"BULLOCH|CHURCH","BULLOCH|CHURCH",0.998818
"BULLOCH|CHURCH","BULLOCH|HAGIN",0.001065
"BULLOCH|CHURCH","BULLOCH|PORTAL",1e-04
"BULLOCH|CHURCH","BULLOCH|STATESBORO",1.6e-05
"BULLOCH|EMIT","BULLOCH|EMIT",0.999948
"BULLOCH|EMIT","BULLOCH|FAIR",2e-05
"BULLOCH|EMIT","BULLOCH|NEVILS",1.8e-05
"BULLOCH|EMIT","BULLOCH|BROOKLET",1.4e-05
"BULLOCH|FAIR","BULLOCH|FAIR",0.999156
"BULLOCH|FAIR","BULLOCH|PITTMAN PARK",0.000543
"BULLOCH|FAIR","BULLOCH|EMIT",0.000181
"BULLOCH|FAIR","BULLOCH|STATESBORO",0.000105
"BULLOCH|FAIR","BULLOCH|BROOKLET",1.6e-05
"BULLOCH|HAGIN","BULLOCH|HAGIN",0.999973
"BULLOCH|HAGIN","BULLOCH|CHURCH",2.7e-05
"BULLOCH|LEEFIELD","BULLOCH|LEEFIELD",0.999999
"BULLOCH|LOCKHART","BULLOCH|LOCKHART",0.999998
"BULLOCH|LOCKHART","BULLOCH|BLITCH",1e-06
"BULLOCH|NEVILS","BULLOCH|NEVILS",1
"BULLOCH|PITTMAN PARK","BULLOCH|PITTMAN PARK",0.999774
"BULLOCH|PITTMAN PARK","BULLOCH|FAIR",0.000223
"BULLOCH|PITTMAN PARK","BULLOCH|STATESBORO",2e-06
"BULLOCH|PORTAL","BULLOCH|PORTAL",0.999896
"BULLOCH|PORTAL","BULLOCH|STATESBORO",0.000103
"BULLOCH|REGISTER","BULLOCH|REGISTER",0.999629
"BULLOCH|REGISTER","BULLOCH|STATESBORO",0.000371
"BULLOCH|SINKHOLE","BULLOCH|SINKHOLE",0.999888
"BULLOCH|SINKHOLE","BULLOCH|REGISTER",0.000112
"BULLOCH|STATESBORO","BULLOCH|STATESBORO",0.999436
"BULLOCH|STATESBORO","BULLOCH|CHURCH",0.000492
"BULLOCH|STATESBORO","BULLOCH|FAIR",5.1e-05
"BULLOCH|STATESBORO","BULLOCH|REGISTER",1.6e-05
"BULLOCH|STATESBORO","BULLOCH|PORTAL",4e-06
"BULLOCH|STILSON","BULLOCH|STILSON",1
"BURKE|ALEXANDER","BURKE|ALEXANDER",0.999997
"BURKE|ALEXANDER","JENKINS|PERKINS",2e-06
"BURKE|BLAKENEY","BURKE|BLAKENEY",1
"BURKE|FOUR POINTS","BURKE|FOUR POINTS",0.999997
"BURKE|FOUR POINTS","BURKE|KEYSVILLE",3e-06
"BURKE|GIRARD","BURKE|GIRARD",1
"BURKE|GOUGH","BURKE|GOUGH",1
"BURKE|GREENSCUT","BURKE|GREENSCUT",1
"BURKE|KEYSVILLE","BURKE|KEYSVILLE",0.999999
"BURKE|MIDVILLE","BURKE|MIDVILLE",1
"BURKE|MUNNERLYN","BURKE|MUNNERLYN",0.999999
"BURKE|MUNNERLYN","JENKINS|PERKINS",1e-06
"BURKE|NORTH WAYNESBORO","BURKE|NORTH WAYNESBORO",0.999937
"BURKE|NORTH WAYNESBORO","BURKE|ST. CLAIR",6.3e-05
"BURKE|SARDIS","BURKE|SARDIS",1
"BURKE|SCOTTS CROSSROADS","BURKE|SCOTTS CROSSROADS",1
"BURKE|SOUTH WAYNESBORO","BURKE|SOUTH WAYNESBORO",1
"BURKE|ST. CLAIR","BURKE|ST. CLAIR",1
"BURKE|TELFAIR","BURKE|TELFAIR",1
"BURKE|VIDETTE","BURKE|VIDETTE",1
"BUTTS|BUTTS COUNTY ADMIN BLDG","BUTTS|BUTTS COUNTY ADMINISTRATION JUDICIAL CENTER",1
"CALHOUN|ARLINGTON","CALHOUN|ARLINGTON",0.999704
"CALHOUN|ARLINGTON","CALHOUN|EDISON-ARLINGTON",0.000296
"CALHOUN|EDISON","CALHOUN|EDISON",0.999203
"CALHOUN|EDISON","CALHOUN|EDISON-ARLINGTON",0.000797
"CALHOUN|EDISON-ARLINGTON","CALHOUN|EDISON-ARLINGTON",1
"CALHOUN|LEARY","CALHOUN|LEARY",1
"CALHOUN|MORGAN","CALHOUN|MORGAN",1
"CAMDEN|BROWNTOWN","CAMDEN|WEST KINGSLAND",1
"CAMDEN|EAST KINGSLAND","CAMDEN|EAST KINGSLAND",0.999912
"CAMDEN|EAST KINGSLAND","CAMDEN|ST. MARYS",8.5e-05
"CAMDEN|EAST KINGSLAND","CAMDEN|HISTORIC KINGSLAND",3e-06
"CAMDEN|HARRIETTS BLUFF","CAMDEN|HARRIETTS BLUFF",1
"CAMDEN|KINGSLAND","CAMDEN|HISTORIC KINGSLAND",1
"CAMDEN|MUSH BLUFF","CAMDEN|ST. MARYS",0.622978
"CAMDEN|MUSH BLUFF","CAMDEN|NORTH ST MARYS",0.377021
"CAMDEN|NORTH KINGSLAND","CAMDEN|HISTORIC KINGSLAND",0.999996
"CAMDEN|NORTH KINGSLAND","CAMDEN|HARRIETTS BLUFF",3e-06
"CAMDEN|NORTH ST MARYS","CAMDEN|NORTH ST MARYS",0.999273
"CAMDEN|NORTH ST MARYS","CAMDEN|HARRIETTS BLUFF",0.00072
"CAMDEN|NORTH ST MARYS","CAMDEN|SOUTH ST MARYS",7e-06
"CAMDEN|SOUTH ST MARYS","CAMDEN|SOUTH ST MARYS",0.99993
"CAMDEN|SOUTH ST MARYS","CAMDEN|NORTH ST MARYS",7e-05
"CAMDEN|ST. MARYS","CAMDEN|ST. MARYS",1
"CAMDEN|TARBORO","CAMDEN|TARBORO",0.999836
"CAMDEN|TARBORO","GLYNN|MAR",9.2e-05
"CAMDEN|TARBORO","CHARLTON|WINOKUR",7.2e-05
"CAMDEN|WAVERLY","CAMDEN|WAVERLY",0.999912
"CAMDEN|WAVERLY","GLYNN|MAR",6.8e-05
"CAMDEN|WAVERLY","GLYNN|JI",1.9e-05
"CAMDEN|WEST KINGSLAND","CAMDEN|WEST KINGSLAND",0.827716
"CAMDEN|WEST KINGSLAND","CAMDEN|HISTORIC KINGSLAND",0.172284
"CAMDEN|WEST SAINT MARYS","CAMDEN|WEST SAINT MARYS",1
"CAMDEN|WOODBINE","CAMDEN|WOODBINE",1
"CANDLER|JACK STRICKLAND COMMUNITY CENTER","CANDLER|JACK STRICKLAND COMMUNITY CENTER",1
"CARROLL|BETHANY","CARROLL|BETHANY",0.996793
"CARROLL|BETHANY","CARROLL|LAKESHORE",0.003203
"CARROLL|BETHANY","CARROLL|MIDWAY",4e-06
"CARROLL|BONNER","CARROLL|BONNER",0.999858
"CARROLL|BONNER","CARROLL|BETHANY",0.000142
"CARROLL|BOWDON","CARROLL|BOWDON",1
"CARROLL|BOWDON JUNCTION","CARROLL|MT HOLLY",0.997973
"CARROLL|BOWDON JUNCTION","CARROLL|CENTER POINT",0.001698
"CARROLL|BOWDON JUNCTION","CARROLL|CARROLL EMC",0.000329
"CARROLL|BURSON CENTER","CARROLL|CARROLL EMC",0.996717
"CARROLL|BURSON CENTER","CARROLL|LAKESHORE",0.002879
"CARROLL|BURSON CENTER","CARROLL|MT HOLLY",0.000387
"CARROLL|BURSON CENTER","CARROLL|CATHERINE HARDY",1.7e-05
"CARROLL|BURWELL","CARROLL|SHILOH",0.998756
"CARROLL|BURWELL","CARROLL|OLD CAMP",0.001232
"CARROLL|BURWELL","CARROLL|TYUS",1.2e-05
"CARROLL|CENTER POINT","CARROLL|CENTER POINT",0.9847
"CARROLL|CENTER POINT","CARROLL|TEMPLE CITY",0.014841
"CARROLL|CENTER POINT","CARROLL|MT HOLLY",0.000405
"CARROLL|CENTER POINT","CARROLL|MIDWAY",5.4e-05
"CARROLL|CLEM","CARROLL|CLEM",0.993566
"CARROLL|CLEM","CARROLL|WHITESBURG",0.002246
"CARROLL|CLEM","CARROLL|TABERNACLE",0.002075
"CARROLL|CLEM","CARROLL|MARS HILL",0.00154
"CARROLL|CLEM","CARROLL|OAK GROVE",0.000393
"CARROLL|CLEM","CARROLL|ROOPVILLE",0.000179
"CARROLL|COUNTY ADMIN BLDG","CARROLL|NEVA LOMASON",0.996771
"CARROLL|COUNTY ADMIN BLDG","CARROLL|LAKESHORE",0.003212
"CARROLL|COUNTY ADMIN BLDG","CARROLL|CATHERINE HARDY",1.7e-05
"CARROLL|FAIRFIELD","CARROLL|FAIRFIELD",0.999995
"CARROLL|FAIRFIELD","CARROLL|MARS HILL",5e-06
"CARROLL|HULETT","CARROLL|MARS HILL",0.998187
"CARROLL|HULETT","CARROLL|MIDWAY",0.001244
"CARROLL|HULETT","CARROLL|CLEM",0.000516
"CARROLL|HULETT","CARROLL|WHITESBURG",5.3e-05
"CARROLL|KANSAS","CARROLL|KANSAS",1
"CARROLL|LAKESHORE REC CENTER","CARROLL|LAKESHORE",0.984404
"CARROLL|LAKESHORE REC CENTER","CARROLL|CARROLL EMC",0.014013
"CARROLL|LAKESHORE REC CENTER","CARROLL|NEVA LOMASON",0.00158
"CARROLL|LAKESHORE REC CENTER","CARROLL|BETHANY",2e-06
"CARROLL|MT ZION","CARROLL|MT ZION",0.995246
"CARROLL|MT ZION","CARROLL|MT HOLLY",0.004738
"CARROLL|MT ZION","CARROLL|CATHERINE HARDY",1.6e-05
"CARROLL|OAK GROVE","CARROLL|OAK GROVE",0.992324
"CARROLL|OAK GROVE","CARROLL|TABERNACLE",0.007675
"CARROLL|OLD CAMP CHURCH","CARROLL|OLD CAMP",0.997366
"CARROLL|OLD CAMP CHURCH","CARROLL|TYUS",0.001161
"CARROLL|OLD CAMP CHURCH","CARROLL|SHILOH",0.000793
"CARROLL|OLD CAMP CHURCH","CARROLL|UWG",0.000679
"CARROLL|OLD CAMP CHURCH","CARROLL|ROOPVILLE",1e-06
"CARROLL|ROOPVILLE","CARROLL|ROOPVILLE",0.999388
"CARROLL|ROOPVILLE","CARROLL|CLEM",0.000284
"CARROLL|ROOPVILLE","CARROLL|OLD CAMP",0.000277
"CARROLL|ROOPVILLE","CARROLL|OAK GROVE",3.8e-05
"CARROLL|ROOPVILLE","CARROLL|TYUS",1.4e-05
"CARROLL|SANDHILL","CARROLL|MIDWAY",0.964342
"CARROLL|SANDHILL","CARROLL|FAIRFIELD",0.024283
"CARROLL|SANDHILL","CARROLL|VR SPORTS COMPLEX",0.011044
"CARROLL|SANDHILL","CARROLL|CENTER POINT",0.00021
"CARROLL|SANDHILL","CARROLL|BETHANY",0.000121
"CARROLL|TABERNACLE CHURCH","CARROLL|TABERNACLE",0.998408
"CARROLL|TABERNACLE CHURCH","CARROLL|OAK GROVE",0.001576
"CARROLL|TABERNACLE CHURCH","CARROLL|BONNER",1.5e-05
"CARROLL|TEMPLE CITY","CARROLL|TEMPLE CITY",0.999983
"CARROLL|TEMPLE CITY","CARROLL|TEMPLE COUNTY",1.7e-05
"CARROLL|TEMPLE COUNTY","CARROLL|TEMPLE COUNTY",0.985434
"CARROLL|TEMPLE COUNTY","CARROLL|TEMPLE CITY",0.009927
"CARROLL|TEMPLE COUNTY","CARROLL|VR GOLD DUST",0.003139
"CARROLL|TEMPLE COUNTY","CARROLL|VR SPORTS COMPLEX",0.001434
"CARROLL|TEMPLE COUNTY","CARROLL|VR POWELL PARK",6.7e-05
"CARROLL|TYUS","CARROLL|TYUS",0.999297
"CARROLL|TYUS","CARROLL|OLD CAMP",0.000649
"CARROLL|TYUS","CARROLL|ROOPVILLE",5.4e-05
"CARROLL|UNIVERSITY OF W. GA","CARROLL|UWG",0.998822
"CARROLL|UNIVERSITY OF W. GA","CARROLL|OLD CAMP",0.001176
"CARROLL|UNIVERSITY OF W. GA","CARROLL|CATHERINE HARDY",2e-06
"CARROLL|V R COUNTY NORTH","CARROLL|VR GOLD DUST",0.995604
"CARROLL|V R COUNTY NORTH","CARROLL|VR POWELL PARK",0.002432
"CARROLL|V R COUNTY NORTH","DOUGLAS|MIRROR LAKE ELEMENTA",0.001599
"CARROLL|V R COUNTY NORTH","CARROLL|TEMPLE COUNTY",0.000364
"CARROLL|V R COUNTY SOUTH","CARROLL|VR SPORTS COMPLEX",0.97079
"CARROLL|V R COUNTY SOUTH","CARROLL|TEMPLE COUNTY",0.017725
"CARROLL|V R COUNTY SOUTH","CARROLL|VR POWELL PARK",0.010131
"CARROLL|V R COUNTY SOUTH","CARROLL|FAIRFIELD",0.001328
"CARROLL|V R COUNTY SOUTH","CARROLL|MIDWAY",2.5e-05
"CARROLL|VILLA RICA CITY","CARROLL|VR POWELL PARK",0.991759
"CARROLL|VILLA RICA CITY","DOUGLAS|MIRROR LAKE ELEMENTA",0.003855
"CARROLL|VILLA RICA CITY","CARROLL|VR SPORTS COMPLEX",0.003363
"CARROLL|VILLA RICA CITY","CARROLL|VR GOLD DUST",0.001022
"CARROLL|WEST CARROLLTON","CARROLL|CATHERINE HARDY",0.998271
"CARROLL|WEST CARROLLTON","CARROLL|UWG",0.001003
"CARROLL|WEST CARROLLTON","CARROLL|CARROLL EMC",0.000421
"CARROLL|WEST CARROLLTON","CARROLL|MT HOLLY",0.000131
"CARROLL|WEST CARROLLTON","CARROLL|MT ZION",8.8e-05
"CARROLL|WEST CARROLLTON","CARROLL|NEVA LOMASON",8.5e-05
"CARROLL|WHITESBURG","CARROLL|WHITESBURG",0.99952
"CARROLL|WHITESBURG","CARROLL|CLEM",0.000448
"CARROLL|WHITESBURG","CARROLL|MARS HILL",3.2e-05
"CATOOSA|BLACKSTOCK","CATOOSA|BLACKSTOCK",0.999983
"CATOOSA|BLACKSTOCK","CATOOSA|RINGGOLD",1.1e-05
"CATOOSA|BLACKSTOCK","WHITFIELD|TH",6e-06
"CATOOSA|BOYNTON","CATOOSA|BOYNTON",0.999966
"CATOOSA|BOYNTON","CATOOSA|WESTSIDE",3.3e-05
"CATOOSA|CATOOSA KEITH","CATOOSA|CATOOSA KEITH",1
"CATOOSA|CHAMBERS","CATOOSA|CHAMBERS",1
"CATOOSA|FT OGLETHORPE","CATOOSA|FT OGLETHORPE",0.999999
"CATOOSA|GRAYSVILLE","CATOOSA|GRAYSVILLE",0.99691
"CATOOSA|GRAYSVILLE","CATOOSA|WESTSIDE",0.00309
"CATOOSA|LAKEVIEW","CATOOSA|LAKEVIEW",0.999999
"CATOOSA|POPLAR SPRINGS","CATOOSA|POPLAR SPRINGS",0.999999
"CATOOSA|POPLAR SPRINGS","CATOOSA|RINGGOLD",1e-06
"CATOOSA|RINGGOLD","CATOOSA|RINGGOLD",0.999998
"CATOOSA|RINGGOLD","CATOOSA|POPLAR SPRINGS",2e-06
"CATOOSA|WESTSIDE","CATOOSA|WESTSIDE",0.999965
"CATOOSA|WESTSIDE","CATOOSA|BOYNTON",2.5e-05
"CATOOSA|WESTSIDE","CATOOSA|FT OGLETHORPE",1e-05
"CATOOSA|WOODSTATION","CATOOSA|WOODSTATION",0.999983
"CATOOSA|WOODSTATION","CATOOSA|POPLAR SPRINGS",1.7e-05
"CHARLTON|AMERICAN LEGION","CHARLTON|FOLKSTON",1
"CHARLTON|FOLKSTON","CHARLTON|FOLKSTON",0.964494
"CHARLTON|FOLKSTON","CHARLTON|HOMELAND",0.035506
"CHARLTON|FOLKSTON FIRE","CHARLTON|FOLKSTON",0.849981
"CHARLTON|FOLKSTON FIRE","CHARLTON|HOMELAND",0.150019
"CHARLTON|GA BEND","CHARLTON|GA BEND",1
"CHARLTON|HOMELAND","CHARLTON|HOMELAND",0.749744
"CHARLTON|HOMELAND","CHARLTON|FOLKSTON",0.250256
"CHARLTON|RACEPOND","CHARLTON|RACEPOND",1
"CHARLTON|ST. GEORGE","CHARLTON|ST. GEORGE",1
"CHARLTON|WINOKUR","CHARLTON|WINOKUR",0.99997
"CHARLTON|WINOKUR","CHARLTON|RACEPOND",3e-05
"CHATHAM|ALDERSGATE YOUTH CENTER","CHATHAM|NEW GENERATIONS CATHEDRAL",0.998178
"CHATHAM|ALDERSGATE YOUTH CENTER","CHATHAM|SAVANNAH HIGH SCHOOL",0.001822
"CHATHAM|BAMBOO FARMS","CHATHAM|COASTAL GA BOTANICAL GARDENS",0.999714
"CHATHAM|BAMBOO FARMS","CHATHAM|PROGRESSIVE REC CTR",0.000201
"CHATHAM|BAMBOO FARMS","CHATHAM|COMPASSION CHRISTIAN, HENDERSON",7.8e-05
"CHATHAM|BAMBOO FARMS","CHATHAM|GEORGETOWN ELEMENTARY",7e-06
"CHATHAM|BARTLETT MIDDLE SCHOOL","CHATHAM|IMMANUEL BAPTIST CHURCH",0.995187
"CHATHAM|BARTLETT MIDDLE SCHOOL","CHATHAM|WHITE BLUFF PRESBYTERIAN CHURCH",0.00246
"CHATHAM|BARTLETT MIDDLE SCHOOL","CHATHAM|THE LIGHT CHURCH",0.002335
"CHATHAM|BARTLETT MIDDLE SCHOOL","CHATHAM|LARGO-TIBET ELEMENTA",1.8e-05
"CHATHAM|BEACH HIGH SCHOOL","CHATHAM|BEACH HIGH SCHOOL",0.997426
"CHATHAM|BEACH HIGH SCHOOL","CHATHAM|BUTLER ELEMENTARY SC",0.001154
"CHATHAM|BEACH HIGH SCHOOL","CHATHAM|TOMPKINS RECREATION CENTER",0.000747
"CHATHAM|BEACH HIGH SCHOOL","CHATHAM|SILK HOPE BAPTIST CHURCH",0.000574
"CHATHAM|BEACH HIGH SCHOOL","CHATHAM|SEED CHURCH",9.9e-05
"CHATHAM|BIBLE BAPTIST CHURCH","CHATHAM|BIBLE BAPTIST CHURCH",0.996335
"CHATHAM|BIBLE BAPTIST CHURCH","CHATHAM|THUNDERBOLT MUN COMP",0.001605
"CHATHAM|BIBLE BAPTIST CHURCH","CHATHAM|COASTAL CATHEDRAL MISSION CAMPUS",0.001045
"CHATHAM|BIBLE BAPTIST CHURCH","CHATHAM|NEW GENERATIONS CATHEDRAL",0.000743
"CHATHAM|BIBLE BAPTIST CHURCH","CHATHAM|NEW COV 7 DAY ADV CH",0.000272
"CHATHAM|BLACKSHEAR COMMUNITY CENTER","CHATHAM|RIVER POINTE",0.997963
"CHATHAM|BLACKSHEAR COMMUNITY CENTER","CHATHAM|CHRIST COMMUNITY CHURCH AT MORNINGSIDE",0.00203
"CHATHAM|BLACKSHEAR COMMUNITY CENTER","CHATHAM|ELI WHITNEY COMPLEX",7e-06
"CHATHAM|BLOOMINGDALE COMMUNITY CENTER","CHATHAM|BLOOMINGDALE COMMUNITY CENTER",0.997907
"CHATHAM|BLOOMINGDALE COMMUNITY CENTER","CHATHAM|ROTHWELL BAPTIST CHURCH",0.000985
"CHATHAM|BLOOMINGDALE COMMUNITY CENTER","CHATHAM|POOLER RECREATION CENTER GYMNASIUM",0.000913
"CHATHAM|BLOOMINGDALE COMMUNITY CENTER","CHATHAM|1ST BAPTIST CHURCH OF POOLER",0.000157
"CHATHAM|BLOOMINGDALE COMMUNITY CENTER","CHATHAM|SAVANNAH FIRE STATION #14",1.9e-05
"CHATHAM|BLOOMINGDALE COMMUNITY CENTER","CHATHAM|WEST CHATHAM BAPTIST CHURCH",1.8e-05
"CHATHAM|BUTLER ELEMENTARY SC","CHATHAM|BUTLER ELEMENTARY SC",0.999499
"CHATHAM|BUTLER ELEMENTARY SC","CHATHAM|BEACH HIGH SCHOOL",0.000501
"CHATHAM|BUTLER PRESBYTERIAN CHURCH ED BLDG","CHATHAM|BUTLER PRESBYTERIAN CHURCH ED BLDG",1
"CHATHAM|CARVER HEIGHTS COMM","CHATHAM|CARVER HEIGHTS COMM",0.999994
"CHATHAM|CARVER HEIGHTS COMM","CHATHAM|RALPH MARK GILBERT CIVIL RIGHTS MUSEUM",5e-06
"CHATHAM|CENTRAL CHURCH OF CHRIST","CHATHAM|CENTRAL CHURCH OF CHRIST",0.999999
"CHATHAM|CENTRAL CHURCH OF CHRIST","CHATHAM|IMMANUEL BAPTIST CHURCH",1e-06
"CHATHAM|CHRIST COMMUNITY CHURCH AT MORNINGSIDE","CHATHAM|CHRIST COMMUNITY CHURCH AT MORNINGSIDE",0.996217
"CHATHAM|CHRIST COMMUNITY CHURCH AT MORNINGSIDE","CHATHAM|RIVER POINTE",0.003523
"CHATHAM|CHRIST COMMUNITY CHURCH AT MORNINGSIDE","CHATHAM|SALVATION ARMY",0.000259
"CHATHAM|CHRIST MEMORIAL BAPTIST CHURCH","CHATHAM|CHRIST MEMORIAL BAPTIST CHURCH",0.992444
"CHATHAM|CHRIST MEMORIAL BAPTIST CHURCH","CHATHAM|TRINITY LUTHERAN CHURCH",0.006668
"CHATHAM|CHRIST MEMORIAL BAPTIST CHURCH","CHATHAM|SEED CHURCH",0.000668
"CHATHAM|CHRIST MEMORIAL BAPTIST CHURCH","CHATHAM|LARGO-TIBET ELEMENTA",0.00022
"CHATHAM|CIVIC CENTER","CHATHAM|RALPH MARK GILBERT CIVIL RIGHTS MUSEUM",0.997141
"CHATHAM|CIVIC CENTER","CHATHAM|RESURRECTION OF OUR LORD CATHOLIC CHURCH",0.002857
"CHATHAM|CIVIC CENTER","CHATHAM|CARVER HEIGHTS COMM",3e-06
"CHATHAM|COASTAL CATHEDRAL","CHATHAM|COASTAL CATHEDRAL",0.900324
"CHATHAM|COASTAL CATHEDRAL","CHATHAM|POOLER RECREATION CENTER GYMNASIUM",0.098727
"CHATHAM|COASTAL CATHEDRAL","CHATHAM|PROGRESSIVE REC CTR",0.000588
"CHATHAM|COASTAL CATHEDRAL","CHATHAM|SOUTHSIDE FIRE TRAINING CENTER",0.000319
"CHATHAM|COASTAL CATHEDRAL","CHATHAM|COMPASSION CHRISTIAN, HENDERSON",4.2e-05
"CHATHAM|COKESBURY METHODIST CHURCH","CHATHAM|THE CONNEXION CHURCH",0.993247
"CHATHAM|COKESBURY METHODIST CHURCH","CHATHAM|GRACE UNITED METHODIST CHURCH",0.006753
"CHATHAM|COMPASSION CHRISTIAN CHURCH","CHATHAM|ST. LUKE UNITED METHODIST CHURCH",0.999308
"CHATHAM|COMPASSION CHRISTIAN CHURCH","CHATHAM|ST. THOMAS EPISCOPAL CHURCH",0.000689
"CHATHAM|COMPASSION CHRISTIAN CHURCH","CHATHAM|OGLETHORPE CHARTER ACADEMY",2e-06
"CHATHAM|COURTYARD BY MARRIOTT","CHATHAM|SAVANNAH FIRST SEVENTH DAY ADVENTIST CHURCH",0.678561
"CHATHAM|COURTYARD BY MARRIOTT","CHATHAM|SAVANNAH FIRE STATION #14",0.196859
"CHATHAM|COURTYARD BY MARRIOTT","CHATHAM|GEORGIA TECH, SAVANNAH CAMPUS",0.119494
"CHATHAM|COURTYARD BY MARRIOTT","CHATHAM|LAKE SHORE COMMUNITY CENTER",0.002726
"CHATHAM|COURTYARD BY MARRIOTT","CHATHAM|ROTHWELL BAPTIST CHURCH",0.001089
"CHATHAM|COURTYARD BY MARRIOTT","CHATHAM|PB EDWARDS GYMNASIUM",0.000893
"CHATHAM|COURTYARD BY MARRIOTT","CHATHAM|MIGHTY 8TH MUSEUM",0.000367
"CHATHAM|COURTYARD BY MARRIOTT","CHATHAM|BLOOMINGDALE COMMUNITY CENTER",1.1e-05
"CHATHAM|CRUSADER COMMUNITY CENTER","CHATHAM|CRUSADER COMMUNITY CENTER",0.999838
"CHATHAM|CRUSADER COMMUNITY CENTER","CHATHAM|TRINITY LUTHERAN CHURCH",0.000161
"CHATHAM|ELI WHITNEY COMPLEX","CHATHAM|ELI WHITNEY COMPLEX",0.882342
"CHATHAM|ELI WHITNEY COMPLEX","CHATHAM|ELI WHITNEY COMPLEX",0.110056
"CHATHAM|ELI WHITNEY COMPLEX","NA|NA",0.007333
"CHATHAM|ELI WHITNEY COMPLEX","CHATHAM|ISLANDS CHRISTIAN CH",0.000133
"CHATHAM|ELI WHITNEY COMPLEX","CHATHAM|SAVANNAH HIGH SCHOOL",9.3e-05
"CHATHAM|ELI WHITNEY COMPLEX","CHATHAM|CHRIST COMMUNITY CHURCH AT MORNINGSIDE",4.3e-05
"CHATHAM|FELLOWSHIP OF LOVE COMMUNITY CHURCH","CHATHAM|FELLOWSHIP OF LOVE COMMUNITY CHURCH",0.784555
"CHATHAM|FELLOWSHIP OF LOVE COMMUNITY CHURCH","CHATHAM|HOLY SPIRIT LUTHERAN CHURCH",0.215445
"CHATHAM|FERGUSON AVE BAPTIST","CHATHAM|FERGUSON AVE BAPTIST",0.998839
"CHATHAM|FERGUSON AVE BAPTIST","CHATHAM|WINDSOR FOREST BAPTIST CHURCH SCHOOL",0.001149
"CHATHAM|FERGUSON AVE BAPTIST","CHATHAM|ST. LUKE UNITED METHODIST CHURCH",7e-06
"CHATHAM|FERGUSON AVE BAPTIST","CHATHAM|SKIDAWAY COMMUNITY CHURCH",5e-06
"CHATHAM|FIRST AFRICAN BAPTIST CHURCH","CHATHAM|FIRST AFRICAN BAPTIST CHURCH",0.990181
"CHATHAM|FIRST AFRICAN BAPTIST CHURCH","CHATHAM|SAVANNAH HIGH SCHOOL",0.009819
"CHATHAM|FIRST BAPTIST CH GARDEN CITY","CHATHAM|COOPER CENTER",0.997474
"CHATHAM|FIRST BAPTIST CH GARDEN CITY","CHATHAM|FIRST BAPTIST CHURCH OF GARDEN CITY",0.001898
"CHATHAM|FIRST BAPTIST CH GARDEN CITY","CHATHAM|PB EDWARDS GYMNASIUM",0.000612
"CHATHAM|FIRST BAPTIST CH GARDEN CITY","CHATHAM|RESURRECTION OF OUR LORD CATHOLIC CHURCH",1.5e-05
"CHATHAM|FIRST BAPTIST CHURCH OF THE ISLAND","CHATHAM|FIRST BAPTIST CHURCH OF THE ISLAND",0.999997
"CHATHAM|FIRST BAPTIST CHURCH OF THE ISLAND","CHATHAM|WILMINGTON ISLAND UNITED METHODIST CHURCH",3e-06
"CHATHAM|FIRST PRESBYTERIAN CHURCH","CHATHAM|FIRST PRESBYTERIAN CHURCH",1
"CHATHAM|FRANK MURRAY COMMUNITY CENTER","CHATHAM|ISLANDS HIGH SCHOOL ANNEX",0.999987
"CHATHAM|FRANK MURRAY COMMUNITY CENTER","CHATHAM|ISLANDS CHRISTIAN CH",1.3e-05
"CHATHAM|GARDEN CITY SENIOR CENTER","CHATHAM|FIRST BAPTIST CHURCH OF GARDEN CITY",0.992533
"CHATHAM|GARDEN CITY SENIOR CENTER","CHATHAM|PB EDWARDS GYMNASIUM",0.006887
"CHATHAM|GARDEN CITY SENIOR CENTER","CHATHAM|COOPER CENTER",0.00058
"CHATHAM|GRACE UNITED METHODIST CHURCH","CHATHAM|GRACE UNITED METHODIST CHURCH",0.997972
"CHATHAM|GRACE UNITED METHODIST CHURCH","CHATHAM|THE SANCTUARY",0.00155
"CHATHAM|GRACE UNITED METHODIST CHURCH","CHATHAM|THE CONNEXION CHURCH",0.000474
"CHATHAM|GRACE UNITED METHODIST CHURCH","CHATHAM|IMMANUEL BAPTIST CHURCH",3e-06
"CHATHAM|GRACE UNITED METHODIST CHURCH","CHATHAM|THE LIGHT CHURCH",2e-06
"CHATHAM|GUARD HOUSE COMM CTR","CHATHAM|BURKE DAY PUBLIC SAFETY BLDG",0.999946
"CHATHAM|GUARD HOUSE COMM CTR","NA|NA",3.9e-05
"CHATHAM|GUARD HOUSE COMM CTR","CHATHAM|TYBEE OLD SCHOOL CAFE",1.5e-05
"CHATHAM|HELLENIC CENTER","CHATHAM|HELLENIC CENTER",0.999997
"CHATHAM|HELLENIC CENTER","CHATHAM|WEST BROAD STREET YMCA",3e-06
"CHATHAM|HOLY SPIRIT LUTHERAN CHURCH","CHATHAM|HOLY SPIRIT LUTHERAN CHURCH",0.999999
"CHATHAM|HOLY SPIRIT LUTHERAN CHURCH","CHATHAM|WILLIAMS COURT APTS",1e-06
"CHATHAM|IMMANUEL BAPTIST CHURCH","CHATHAM|IMMANUEL BAPTIST CHURCH",0.999992
"CHATHAM|IMMANUEL BAPTIST CHURCH","CHATHAM|CENTRAL CHURCH OF CHRIST",7e-06
"CHATHAM|ISLANDS CHRISTIAN CH","CHATHAM|ISLANDS CHRISTIAN CH",0.999709
"CHATHAM|ISLANDS CHRISTIAN CH","CHATHAM|ISLE OF HOPE BAPTIST",2e-04
"CHATHAM|ISLANDS CHRISTIAN CH","CHATHAM|THUNDERBOLT MUN COMP",9e-05
"CHATHAM|ISLANDS CHRISTIAN CH","CHATHAM|ISLANDS HIGH SCHOOL ANNEX",1e-06
"CHATHAM|ISLE OF HOPE BAPTIST","CHATHAM|ISLE OF HOPE BAPTIST",0.987328
"CHATHAM|ISLE OF HOPE BAPTIST","CHATHAM|ISLANDS CHRISTIAN CH",0.012672
"CHATHAM|J E A","CHATHAM|J E A",1
"CHATHAM|JENKINS HIGH SCHOOL","CHATHAM|THE CONNEXION CHURCH",0.998314
"CHATHAM|JENKINS HIGH SCHOOL","CHATHAM|COASTAL CATHEDRAL MISSION CAMPUS",0.001686
"CHATHAM|LAKE SHORE COMMUNITY CENTER","CHATHAM|LAKE SHORE COMMUNITY CENTER",0.996
"CHATHAM|LAKE SHORE COMMUNITY CENTER","CHATHAM|SAVANNAH FIRE STATION #14",0.00204
"CHATHAM|LAKE SHORE COMMUNITY CENTER","CHATHAM|PB EDWARDS GYMNASIUM",0.001783
"CHATHAM|LAKE SHORE COMMUNITY CENTER","CHATHAM|RICE CREEK SCHOOL",0.000177
"CHATHAM|LARGO-TIBET ELEMENTA","CHATHAM|LARGO-TIBET ELEMENTA",0.995841
"CHATHAM|LARGO-TIBET ELEMENTA","CHATHAM|SEED CHURCH",0.001727
"CHATHAM|LARGO-TIBET ELEMENTA","CHATHAM|IMMANUEL BAPTIST CHURCH",0.001546
"CHATHAM|LARGO-TIBET ELEMENTA","CHATHAM|CHRIST MEMORIAL BAPTIST CHURCH",0.000876
"CHATHAM|LARGO-TIBET ELEMENTA","CHATHAM|SAVANNAH PRIMITIVE BAPTIST CHURCH",1.1e-05
"CHATHAM|LIBERTY CITY COMMUNITY CENTER","CHATHAM|LIBERTY CITY COMMUNITY CENTER",0.999998
"CHATHAM|LIBERTY CITY COMMUNITY CENTER","CHATHAM|BEACH HIGH SCHOOL",1e-06
"CHATHAM|LIGHTHOUSE BAPTIST CHURCH","CHATHAM|LIGHTHOUSE BAPTIST CHURCH",0.999994
"CHATHAM|LIGHTHOUSE BAPTIST CHURCH","CHATHAM|SAINT FRANCIS EPISCOPAL CHURCH",6e-06
"CHATHAM|MIGHTY EIGHTH MUSEUM","CHATHAM|MIGHTY 8TH MUSEUM",0.997017
"CHATHAM|MIGHTY EIGHTH MUSEUM","CHATHAM|ROTHWELL BAPTIST CHURCH",0.001877
"CHATHAM|MIGHTY EIGHTH MUSEUM","CHATHAM|SAVANNAH FIRST SEVENTH DAY ADVENTIST CHURCH",0.001104
"CHATHAM|MOSES JACKSON CENTER","CHATHAM|MOSES JACKSON CENTER",0.999996
"CHATHAM|MOSES JACKSON CENTER","CHATHAM|RESURRECTION OF OUR LORD CATHOLIC CHURCH",4e-06
"CHATHAM|NEW COV 7 DAY ADV CH","CHATHAM|NEW COV 7 DAY ADV CH",0.999045
"CHATHAM|NEW COV 7 DAY ADV CH","CHATHAM|OGLETHORPE CHARTER ACADEMY",0.000702
"CHATHAM|NEW COV 7 DAY ADV CH","CHATHAM|THUNDERBOLT MUN COMP",0.000191
"CHATHAM|NEW COV 7 DAY ADV CH","CHATHAM|BIBLE BAPTIST CHURCH",6.3e-05
"CHATHAM|OGLETHORPE CHARTER ACADEMY","CHATHAM|OGLETHORPE CHARTER ACADEMY",0.998688
"CHATHAM|OGLETHORPE CHARTER ACADEMY","CHATHAM|NEW COV 7 DAY ADV CH",0.0013
"CHATHAM|OGLETHORPE CHARTER ACADEMY","CHATHAM|GRACE UNITED METHODIST CHURCH",1e-05
"CHATHAM|OLD COURTHOUSE","CHATHAM|RALPH MARK GILBERT CIVIL RIGHTS MUSEUM",0.999566
"CHATHAM|OLD COURTHOUSE","CHATHAM|ELI WHITNEY COMPLEX",0.000398
"CHATHAM|OLD COURTHOUSE","CHATHAM|RIVER POINTE",3.6e-05
"CHATHAM|PB EDWARDS GYMNASIUM","CHATHAM|PB EDWARDS GYMNASIUM",0.98698
"CHATHAM|PB EDWARDS GYMNASIUM","CHATHAM|LAKE SHORE COMMUNITY CENTER",0.008693
"CHATHAM|PB EDWARDS GYMNASIUM","CHATHAM|FIRST BAPTIST CHURCH OF GARDEN CITY",0.002976
"CHATHAM|PB EDWARDS GYMNASIUM","CHATHAM|SAVANNAH FIRST SEVENTH DAY ADVENTIST CHURCH",0.001252
"CHATHAM|PB EDWARDS GYMNASIUM","CHATHAM|COOPER CENTER",9.8e-05
"CHATHAM|POOLER CITY HALL","CHATHAM|1ST BAPTIST CHURCH OF POOLER",0.926874
"CHATHAM|POOLER CITY HALL","CHATHAM|ROTHWELL BAPTIST CHURCH",0.072634
"CHATHAM|POOLER CITY HALL","CHATHAM|BLOOMINGDALE COMMUNITY CENTER",0.000491
"CHATHAM|POOLER CITY HALL","CHATHAM|WEST CHATHAM BAPTIST CHURCH",1e-06
"CHATHAM|POOLER RECREATION CENTER GYMNASIUM","CHATHAM|POOLER RECREATION CENTER GYMNASIUM",0.443985
"CHATHAM|POOLER RECREATION CENTER GYMNASIUM","CHATHAM|WEST CHATHAM BAPTIST CHURCH",0.338283
"CHATHAM|POOLER RECREATION CENTER GYMNASIUM","CHATHAM|POOLER RECREATION CENTER GYMNASIUM",0.215544
"CHATHAM|POOLER RECREATION CENTER GYMNASIUM","CHATHAM|BLOOMINGDALE COMMUNITY CENTER",0.000846
"CHATHAM|POOLER RECREATION CENTER GYMNASIUM","CHATHAM|POOLER RECREATION CENTER GYMNASIUM",0.000659
"CHATHAM|POOLER RECREATION CENTER GYMNASIUM","CHATHAM|COMPASSION CHRISTIAN, HENDERSON",0.000482
"CHATHAM|POOLER RECREATION CENTER GYMNASIUM","CHATHAM|BLOOMINGDALE COMMUNITY CENTER",7.9e-05
"CHATHAM|POOLER RECREATION CENTER GYMNASIUM","CHATHAM|POOLER RECREATION CENTER GYMNASIUM",5.1e-05
"CHATHAM|POOLER RECREATION CENTER GYMNASIUM","CHATHAM|COASTAL CATHEDRAL",3.9e-05
"CHATHAM|POOLER RECREATION CENTER GYMNASIUM","CHATHAM|1ST BAPTIST CHURCH OF POOLER",2.5e-05
"CHATHAM|POOLER RECREATION CENTER GYMNASIUM","CHATHAM|WEST CHATHAM BAPTIST CHURCH",8e-06
"CHATHAM|PROGRESSIVE REC CTR","CHATHAM|PROGRESSIVE REC CTR",0.999611
"CHATHAM|PROGRESSIVE REC CTR","CHATHAM|COASTAL GA BOTANICAL GARDENS",0.000326
"CHATHAM|PROGRESSIVE REC CTR","CHATHAM|GEORGETOWN ELEMENTARY",6.2e-05
"CHATHAM|RESURRECTION OF OUR LORD CATHOLIC CHURCH","CHATHAM|RESURRECTION OF OUR LORD CATHOLIC CHURCH",1
"CHATHAM|RICE CREEK SCHOOL","CHATHAM|RICE CREEK SCHOOL",0.999005
"CHATHAM|RICE CREEK SCHOOL","CHATHAM|LAKE SHORE COMMUNITY CENTER",0.000995
"CHATHAM|ROTHWELL BAPTIST CHURCH","CHATHAM|ROTHWELL BAPTIST CHURCH",0.993494
"CHATHAM|ROTHWELL BAPTIST CHURCH","CHATHAM|SAVANNAH FIRST SEVENTH DAY ADVENTIST CHURCH",0.004198
"CHATHAM|ROTHWELL BAPTIST CHURCH","CHATHAM|MIGHTY 8TH MUSEUM",0.001385
"CHATHAM|ROTHWELL BAPTIST CHURCH","CHATHAM|BLOOMINGDALE COMMUNITY CENTER",0.000922
"CHATHAM|SAINT FRANCIS EPISCOPAL CHURCH","CHATHAM|SAINT FRANCIS EPISCOPAL CHURCH",0.999577
"CHATHAM|SAINT FRANCIS EPISCOPAL CHURCH","CHATHAM|LIGHTHOUSE BAPTIST CHURCH",0.000416
"CHATHAM|SAINT FRANCIS EPISCOPAL CHURCH","NA|NA",6e-06
"CHATHAM|SALVATION ARMY","CHATHAM|SALVATION ARMY",0.99975
"CHATHAM|SALVATION ARMY","CHATHAM|COASTAL CATHEDRAL MISSION CAMPUS",0.000249
"CHATHAM|SAVANNAH CHRISTIAN S","CHATHAM|SILK HOPE BAPTIST CHURCH",0.999694
"CHATHAM|SAVANNAH CHRISTIAN S","CHATHAM|COASTAL CATHEDRAL",0.000192
"CHATHAM|SAVANNAH CHRISTIAN S","CHATHAM|BEACH HIGH SCHOOL",0.000107
"CHATHAM|SAVANNAH CHRISTIAN S","CHATHAM|SOUTHSIDE FIRE TRAINING CENTER",7e-06
"CHATHAM|SAVANNAH HIGH SCHOOL","CHATHAM|SAVANNAH HIGH SCHOOL",0.98042
"CHATHAM|SAVANNAH HIGH SCHOOL","CHATHAM|ELI WHITNEY COMPLEX",0.012226
"CHATHAM|SAVANNAH HIGH SCHOOL","CHATHAM|ISLANDS CHRISTIAN CH",0.002669
"CHATHAM|SAVANNAH HIGH SCHOOL","CHATHAM|THUNDERBOLT MUN COMP",0.002605
"CHATHAM|SAVANNAH HIGH SCHOOL","CHATHAM|NEW GENERATIONS CATHEDRAL",0.002052
"CHATHAM|SAVANNAH HIGH SCHOOL","CHATHAM|FIRST AFRICAN BAPTIST CHURCH",2.8e-05
"CHATHAM|SAVANNAH HOLY CHURCH OF GOD","CHATHAM|COMPASSION CHRISTIAN, HENDERSON",0.998287
"CHATHAM|SAVANNAH HOLY CHURCH OF GOD","CHATHAM|COASTAL GA BOTANICAL GARDENS",0.001593
"CHATHAM|SAVANNAH HOLY CHURCH OF GOD","CHATHAM|COASTAL CATHEDRAL",0.000111
"CHATHAM|SAVANNAH HOLY CHURCH OF GOD","CHATHAM|PROGRESSIVE REC CTR",8e-06
"CHATHAM|SAVANNAH PRIMITIVE BAPTIST CHURCH","CHATHAM|SAVANNAH PRIMITIVE BAPTIST CHURCH",0.999968
"CHATHAM|SAVANNAH PRIMITIVE BAPTIST CHURCH","CHATHAM|CHRIST MEMORIAL BAPTIST CHURCH",1.5e-05
"CHATHAM|SAVANNAH PRIMITIVE BAPTIST CHURCH","CHATHAM|LARGO-TIBET ELEMENTA",1.4e-05
"CHATHAM|SAVANNAH PRIMITIVE BAPTIST CHURCH","CHATHAM|ELKS LODGE",3e-06
"CHATHAM|SEED CHURCH","CHATHAM|SEED CHURCH",0.998831
"CHATHAM|SEED CHURCH","CHATHAM|IMMANUEL BAPTIST CHURCH",0.000737
"CHATHAM|SEED CHURCH","CHATHAM|LIBERTY CITY COMMUNITY CENTER",0.000272
"CHATHAM|SEED CHURCH","CHATHAM|LARGO-TIBET ELEMENTA",0.000122
"CHATHAM|SEED CHURCH","CHATHAM|CHRIST MEMORIAL BAPTIST CHURCH",1.9e-05
"CHATHAM|SEED CHURCH","CHATHAM|JONESVILLE BAPTIST CHURCH",1.5e-05
"CHATHAM|SEED CHURCH","CHATHAM|SILK HOPE BAPTIST CHURCH",4e-06
"CHATHAM|SENIOR CITIZEN CENTER","CHATHAM|BUTLER PRESBYTERIAN CHURCH ED BLDG",0.999997
"CHATHAM|SENIOR CITIZEN CENTER","CHATHAM|WILLIAMS COURT APTS",3e-06
"CHATHAM|SILK HOPE BAPTIST CHURCH","CHATHAM|SILK HOPE BAPTIST CHURCH",0.999868
"CHATHAM|SILK HOPE BAPTIST CHURCH","CHATHAM|SEED CHURCH",0.000131
"CHATHAM|SKID IS PRES CHURCH","CHATHAM|SKIDAWAY COMMUNITY CHURCH",0.997253
"CHATHAM|SKID IS PRES CHURCH","CHATHAM|WINDSOR FOREST BAPTIST CHURCH SCHOOL",0.0024
"CHATHAM|SKID IS PRES CHURCH","CHATHAM|GEORGETOWN ELEMENTARY",0.000215
"CHATHAM|SKID IS PRES CHURCH","CHATHAM|SKIDAWAY ISLAND METHODIST CHURCH",0.000131
"CHATHAM|SKIDAWAY ISLAND BAPTIST","CHATHAM|SKIDAWAY ISLAND METHODIST CHURCH",0.999154
"CHATHAM|SKIDAWAY ISLAND BAPTIST","CHATHAM|ST PETERS EPISCOPAL",0.000845
"CHATHAM|SKIDAWAY ISLAND STAT","CHATHAM|SKIDAWAY ISLAND METHODIST CHURCH",0.998766
"CHATHAM|SKIDAWAY ISLAND STAT","CHATHAM|SKIDAWAY COMMUNITY CHURCH",0.000762
"CHATHAM|SKIDAWAY ISLAND STAT","CHATHAM|ST PETERS EPISCOPAL",0.000368
"CHATHAM|SKIDAWAY ISLAND STAT","CHATHAM|ST. THOMAS EPISCOPAL CHURCH",0.000104
"CHATHAM|SOUTHSIDE BAPTIST CH","CHATHAM|SOUTHSIDE BAPTIST CH",0.999996
"CHATHAM|SOUTHSIDE BAPTIST CH","CHATHAM|GRACE UNITED METHODIST CHURCH",4e-06
"CHATHAM|SOUTHSIDE FIRE TRAINING CENTER","CHATHAM|SOUTHSIDE FIRE TRAINING CENTER",0.998811
"CHATHAM|SOUTHSIDE FIRE TRAINING CENTER","CHATHAM|SILK HOPE BAPTIST CHURCH",0.001095
"CHATHAM|SOUTHSIDE FIRE TRAINING CENTER","CHATHAM|POOLER RECREATION CENTER GYMNASIUM",8.8e-05
"CHATHAM|SOUTHSIDE FIRE TRAINING CENTER","CHATHAM|COASTAL CATHEDRAL",5e-06
"CHATHAM|ST PETERS EPISCOPAL","CHATHAM|ST PETERS EPISCOPAL",0.999569
"CHATHAM|ST PETERS EPISCOPAL","CHATHAM|ISLANDS CHRISTIAN CH",0.000369
"CHATHAM|ST PETERS EPISCOPAL","CHATHAM|SKIDAWAY ISLAND METHODIST CHURCH",6.2e-05
"CHATHAM|ST. THOMAS EPISCOPAL CHURCH","CHATHAM|ST. THOMAS EPISCOPAL CHURCH",0.999051
"CHATHAM|ST. THOMAS EPISCOPAL CHURCH","CHATHAM|SKIDAWAY COMMUNITY CHURCH",5e-04
"CHATHAM|ST. THOMAS EPISCOPAL CHURCH","CHATHAM|SKIDAWAY ISLAND METHODIST CHURCH",0.000449
"CHATHAM|STATION 1","CHATHAM|ELKS LODGE",0.993156
"CHATHAM|STATION 1","CHATHAM|TRINITY LUTHERAN CHURCH",0.004263
"CHATHAM|STATION 1","CHATHAM|WINDSOR HALL",0.002306
"CHATHAM|STATION 1","CHATHAM|CHRIST MEMORIAL BAPTIST CHURCH",0.000275
"CHATHAM|STATION 3","CHATHAM|GEORGETOWN ELEMENTARY",0.998772
"CHATHAM|STATION 3","CHATHAM|WINDSOR FOREST BAPTIST CHURCH SCHOOL",0.000449
"CHATHAM|STATION 3","CHATHAM|SKIDAWAY COMMUNITY CHURCH",0.000441
"CHATHAM|STATION 3","CHATHAM|TRINITY LUTHERAN CHURCH",0.000317
"CHATHAM|STATION 3","CHATHAM|CRUSADER COMMUNITY CENTER",2.1e-05
"CHATHAM|STILLWELL TOWERS","CHATHAM|COASTAL CATHEDRAL MISSION CAMPUS",0.999623
"CHATHAM|STILLWELL TOWERS","CHATHAM|SALVATION ARMY",0.000239
"CHATHAM|STILLWELL TOWERS","CHATHAM|BIBLE BAPTIST CHURCH",7.8e-05
"CHATHAM|STILLWELL TOWERS","CHATHAM|THE CONNEXION CHURCH",5.3e-05
"CHATHAM|STILLWELL TOWERS","CHATHAM|J E A",7e-06
"CHATHAM|TATUMVILLE COMMUNITY CENTER","CHATHAM|JONESVILLE BAPTIST CHURCH",0.999267
"CHATHAM|TATUMVILLE COMMUNITY CENTER","CHATHAM|SEED CHURCH",0.000559
"CHATHAM|TATUMVILLE COMMUNITY CENTER","CHATHAM|LIBERTY CITY COMMUNITY CENTER",0.000173
"CHATHAM|TEMPLE MICKVE ISRAEL","CHATHAM|TEMPLE MICKVE ISRAEL",1
"CHATHAM|THE LIGHT CHURCH","CHATHAM|THE LIGHT CHURCH",0.981359
"CHATHAM|THE LIGHT CHURCH","CHATHAM|THE SANCTUARY",0.018053
"CHATHAM|THE LIGHT CHURCH","CHATHAM|WHITE BLUFF PRESBYTERIAN CHURCH",0.000582
"CHATHAM|THE LIGHT CHURCH","CHATHAM|IMMANUEL BAPTIST CHURCH",5e-06
"CHATHAM|THE LIGHT CHURCH","CHATHAM|GRACE UNITED METHODIST CHURCH",1e-06
"CHATHAM|THE SANCTUARY","CHATHAM|THE SANCTUARY",0.993621
"CHATHAM|THE SANCTUARY","CHATHAM|THE LIGHT CHURCH",0.004349
"CHATHAM|THE SANCTUARY","CHATHAM|WHITE BLUFF PRESBYTERIAN CHURCH",0.001471
"CHATHAM|THE SANCTUARY","CHATHAM|ST. LUKE UNITED METHODIST CHURCH",0.000538
"CHATHAM|THE SANCTUARY","CHATHAM|FERGUSON AVE BAPTIST",1.3e-05
"CHATHAM|THE SANCTUARY","CHATHAM|GRACE UNITED METHODIST CHURCH",8e-06
"CHATHAM|THUNDERBOLT MUN COMP","CHATHAM|THUNDERBOLT MUN COMP",0.9916
"CHATHAM|THUNDERBOLT MUN COMP","CHATHAM|ISLANDS CHRISTIAN CH",0.006761
"CHATHAM|THUNDERBOLT MUN COMP","CHATHAM|SAVANNAH HIGH SCHOOL",0.001563
"CHATHAM|THUNDERBOLT MUN COMP","CHATHAM|BIBLE BAPTIST CHURCH",7.6e-05
"CHATHAM|TOMPKINS RECREATION CENTER","CHATHAM|TOMPKINS RECREATION CENTER",0.999936
"CHATHAM|TOMPKINS RECREATION CENTER","CHATHAM|CARVER HEIGHTS COMM",4.5e-05
"CHATHAM|TOMPKINS RECREATION CENTER","CHATHAM|BEACH HIGH SCHOOL",1.7e-05
"CHATHAM|TOMPKINS RECREATION CENTER","CHATHAM|WEST BROAD STREET YMCA",2e-06
"CHATHAM|TRINITY LUTHERAN CHURCH","CHATHAM|TRINITY LUTHERAN CHURCH",0.998343
"CHATHAM|TRINITY LUTHERAN CHURCH","CHATHAM|GEORGETOWN ELEMENTARY",0.001004
"CHATHAM|TRINITY LUTHERAN CHURCH","CHATHAM|CRUSADER COMMUNITY CENTER",0.000653
"CHATHAM|TYBEE IS SCH CAFE","CHATHAM|TYBEE OLD SCHOOL CAFE",0.996476
"CHATHAM|TYBEE IS SCH CAFE","CHATHAM|BURKE DAY PUBLIC SAFETY BLDG",0.003524
"CHATHAM|W W LAW CENTER","CHATHAM|W W LAW CENTER",1
"CHATHAM|WEST BROAD STREET YMCA","CHATHAM|WEST BROAD STREET YMCA",0.999956
"CHATHAM|WEST BROAD STREET YMCA","CHATHAM|TOMPKINS RECREATION CENTER",4.4e-05
"CHATHAM|WHITE BLUFF PRESBYTERIAN CHURCH","CHATHAM|WHITE BLUFF PRESBYTERIAN CHURCH",0.993145
"CHATHAM|WHITE BLUFF PRESBYTERIAN CHURCH","CHATHAM|THE SANCTUARY",0.00362
"CHATHAM|WHITE BLUFF PRESBYTERIAN CHURCH","CHATHAM|FERGUSON AVE BAPTIST",0.001947
"CHATHAM|WHITE BLUFF PRESBYTERIAN CHURCH","CHATHAM|THE LIGHT CHURCH",0.001114
"CHATHAM|WHITE BLUFF PRESBYTERIAN CHURCH","CHATHAM|WINDSOR FOREST BAPTIST CHURCH SCHOOL",0.000166
"CHATHAM|WHITE BLUFF PRESBYTERIAN CHURCH","CHATHAM|ELKS LODGE",6e-06
"CHATHAM|WHITE BLUFF PRESBYTERIAN CHURCH","CHATHAM|LARGO-TIBET ELEMENTA",1e-06
"CHATHAM|WILLIAMS COURT APTS","CHATHAM|WILLIAMS COURT APTS",0.999996
"CHATHAM|WILLIAMS COURT APTS","CHATHAM|WEST BROAD STREET YMCA",2e-06
"CHATHAM|WILLIAMS COURT APTS","CHATHAM|HELLENIC CENTER",2e-06
"CHATHAM|WILMINGTON ISLAND PRESBYTERIAN CHURCH","CHATHAM|WILMINGTON ISLAND PRESBYTERIAN CHURCH",0.999465
"CHATHAM|WILMINGTON ISLAND PRESBYTERIAN CHURCH","CHATHAM|WILMINGTON ISLAND UNITED METHODIST CHURCH",0.000535
"CHATHAM|WILMINGTON ISLAND UNITED METHODIST CHURCH","CHATHAM|WILMINGTON ISLAND UNITED METHODIST CHURCH",0.999397
"CHATHAM|WILMINGTON ISLAND UNITED METHODIST CHURCH","CHATHAM|WILMINGTON ISLAND PRESBYTERIAN CHURCH",0.000602
"CHATHAM|WINDSOR FOREST BAPTIST CHURCH SCHOOL","CHATHAM|WINDSOR FOREST BAPTIST CHURCH SCHOOL",0.981872
"CHATHAM|WINDSOR FOREST BAPTIST CHURCH SCHOOL","CHATHAM|SKIDAWAY COMMUNITY CHURCH",0.010068
"CHATHAM|WINDSOR FOREST BAPTIST CHURCH SCHOOL","CHATHAM|FERGUSON AVE BAPTIST",0.00423
"CHATHAM|WINDSOR FOREST BAPTIST CHURCH SCHOOL","CHATHAM|GEORGETOWN ELEMENTARY",0.003508
"CHATHAM|WINDSOR FOREST BAPTIST CHURCH SCHOOL","CHATHAM|WHITE BLUFF PRESBYTERIAN CHURCH",0.000321
"CHATHAM|WINDSOR HALL","CHATHAM|WINDSOR HALL",0.997435
"CHATHAM|WINDSOR HALL","CHATHAM|ELKS LODGE",0.002564
"CHATHAM|WOODLAWN BAPTIST CHURCH","CHATHAM|WOODLAWN BAPTIST CHURCH",0.999717
"CHATHAM|WOODLAWN BAPTIST CHURCH","CHATHAM|SAVANNAH FIRST SEVENTH DAY ADVENTIST CHURCH",0.000281
"CHATHAM|WOODLAWN BAPTIST CHURCH","CHATHAM|1ST BAPTIST CHURCH OF POOLER",1e-06
"CHATHAM|WOODVILLE-TOMPKINS TECHNICAL INST","CHATHAM|RESURRECTION OF OUR LORD CATHOLIC CHURCH",0.994114
"CHATHAM|WOODVILLE-TOMPKINS TECHNICAL INST","CHATHAM|RALPH MARK GILBERT CIVIL RIGHTS MUSEUM",0.005825
"CHATHAM|WOODVILLE-TOMPKINS TECHNICAL INST","CHATHAM|WOODLAWN BAPTIST CHURCH",6.1e-05
"CHATTAHOOCHEE|ACTIVITY CENTER","CHATTAHOOCHEE|ACTIVITY CENTER",0.999848
"CHATTAHOOCHEE|ACTIVITY CENTER","NA|NA",0.000147
"CHATTAHOOCHEE|ACTIVITY CENTER","STEWART|RICHLAND",5e-06
"CHATTOOGA|ALPINE","CHATTOOGA|MENLO",1
"CHATTOOGA|CLOUDLAND-TELOGA","CHATTOOGA|MENLO",0.644578
"CHATTOOGA|CLOUDLAND-TELOGA","CHATTOOGA|TRION",0.355146
"CHATTOOGA|CLOUDLAND-TELOGA","WALKER|WALNUT GROVE",0.000276
"CHATTOOGA|COLDWATER","CHATTOOGA|LYERLY",1
"CHATTOOGA|DIRTSELLER","CHATTOOGA|LYERLY",1
"CHATTOOGA|DIRTTOWN","CHATTOOGA|DIRTTOWN",1
"CHATTOOGA|HAYWOOD","CHATTOOGA|HAYWOOD",1
"CHATTOOGA|LYERLY","CHATTOOGA|LYERLY",1
"CHATTOOGA|PENNVILLE","CHATTOOGA|TRION",0.999999
"CHATTOOGA|SEMINOLE","CHATTOOGA|LYERLY",1
"CHATTOOGA|SUBLIGNA","CHATTOOGA|SUBLIGNA",1
"CHATTOOGA|SUMMERVILLE","CHATTOOGA|SUMMERVILLE",0.999997
"CHATTOOGA|SUMMERVILLE","CHATTOOGA|MENLO",2e-06
"CHATTOOGA|TRION","CHATTOOGA|TRION",0.999998
"CHATTOOGA|TRION","CHATTOOGA|SUMMERVILLE",2e-06
"CHEROKEE|AIR ACRES","CHEROKEE|AIR ACRES",0.99659
"CHEROKEE|AIR ACRES","CHEROKEE|LICKSKILLET",0.001745
"CHEROKEE|AIR ACRES","CHEROKEE|WOODLANDS",0.001664
"CHEROKEE|ARNOLD MILL","CHEROKEE|ARNOLD MILL",0.998679
"CHEROKEE|ARNOLD MILL","CHEROKEE|LICKSKILLET",0.000812
"CHEROKEE|ARNOLD MILL","CHEROKEE|MOUNTAIN ROAD",0.000234
"CHEROKEE|ARNOLD MILL","CHEROKEE|TOONIGH",0.000226
"CHEROKEE|ARNOLD MILL","CHEROKEE|LITTLE RIVER",2.5e-05
"CHEROKEE|ARNOLD MILL","CHEROKEE|AIR ACRES",1.7e-05
"CHEROKEE|ARNOLD MILL","CHEROKEE|BRADSHAW",7e-06
"CHEROKEE|AVERY","CHEROKEE|AVERY",0.999939
"CHEROKEE|AVERY","CHEROKEE|UNION HILL",3.9e-05
"CHEROKEE|AVERY","CHEROKEE|UNIVETER",2.2e-05
"CHEROKEE|BALL GROUND","CHEROKEE|BALL GROUND",0.999979
"CHEROKEE|BALL GROUND","CHEROKEE|CONNS CREEK",1.5e-05
"CHEROKEE|BALL GROUND","CHEROKEE|AIRPORT",6e-06
"CHEROKEE|BASCOMB","CHEROKEE|BASCOMB",0.999999
"CHEROKEE|BELLS","CHEROKEE|CLARK CREEK",0.989254
"CHEROKEE|BELLS","COBB|WADE GREEN 02",0.004084
"CHEROKEE|BELLS","COBB|ACWORTH 1B",0.003069
"CHEROKEE|BELLS","CHEROKEE|OAK GROVE",0.001163
"CHEROKEE|BELLS","COBB|ACWORTH 1C",0.000926
"CHEROKEE|BELLS","CHEROKEE|BELLS",0.000671
"CHEROKEE|BELLS","COBB|NORTH COBB 01",0.000554
"CHEROKEE|BELLS","COBB|BAKER 01",0.000278
"CHEROKEE|BOOTH","CHEROKEE|BOOTH",0.998161
"CHEROKEE|BOOTH","CHEROKEE|DEER RUN",0.001713
"CHEROKEE|BOOTH","CHEROKEE|ROSECREEK",9.9e-05
"CHEROKEE|BOOTH","CHEROKEE|DIXIE",2.7e-05
"CHEROKEE|BRADSHAW","CHEROKEE|BRADSHAW",0.99532
"CHEROKEE|BRADSHAW","CHEROKEE|ARNOLD MILL",0.003463
"CHEROKEE|BRADSHAW","CHEROKEE|TOONIGH",0.001112
"CHEROKEE|BRADSHAW","CHEROKEE|MOUNTAIN ROAD",0.000105
"CHEROKEE|BRIDGEMILL","CHEROKEE|BRIDGEMILL",0.999969
"CHEROKEE|BRIDGEMILL","CHEROKEE|LIBERTY",3.1e-05
"CHEROKEE|CANTON","CHEROKEE|HICKORY LOG",0.999542
"CHEROKEE|CANTON","CHEROKEE|AIRPORT",0.00037
"CHEROKEE|CANTON","CHEROKEE|R M MOORE",7.6e-05
"CHEROKEE|CANTON","CHEROKEE|RIVER GREEN",1.3e-05
"CHEROKEE|CARMEL","CHEROKEE|CARMEL",0.995909
"CHEROKEE|CARMEL","CHEROKEE|DIXIE",0.001752
"CHEROKEE|CARMEL","CHEROKEE|ROSECREEK",0.001502
"CHEROKEE|CARMEL","CHEROKEE|BOOTH",0.000837
"CHEROKEE|CLAYTON","CHEROKEE|AIRPORT",0.999796
"CHEROKEE|CLAYTON","CHEROKEE|HICKORY LOG",0.000103
"CHEROKEE|CLAYTON","CHEROKEE|R M MOORE",6.4e-05
"CHEROKEE|CLAYTON","CHEROKEE|BALL GROUND",3.7e-05
"CHEROKEE|CONNS CREEK","CHEROKEE|CONNS CREEK",0.999958
"CHEROKEE|CONNS CREEK","CHEROKEE|BALL GROUND",4.1e-05
"CHEROKEE|DEER RUN","CHEROKEE|DEER RUN",0.998576
"CHEROKEE|DEER RUN","CHEROKEE|DIXIE",0.001365
"CHEROKEE|DEER RUN","CHEROKEE|BOOTH",6e-05
"CHEROKEE|DIXIE","CHEROKEE|DIXIE",0.99793
"CHEROKEE|DIXIE","CHEROKEE|BOOTH",0.001015
"CHEROKEE|DIXIE","CHEROKEE|CARMEL",0.000764
"CHEROKEE|DIXIE","CHEROKEE|DEER RUN",0.000291
"CHEROKEE|FREEHOME","CHEROKEE|FREE HOME",0.999232
"CHEROKEE|FREEHOME","FORSYTH|41 GRASSLAND",0.000589
"CHEROKEE|FREEHOME","FORSYTH|10 MIDWAY",0.000179
"CHEROKEE|HICKORY FLAT","CHEROKEE|HICKORY FLAT",0.999497
"CHEROKEE|HICKORY FLAT","CHEROKEE|AVERY",0.000315
"CHEROKEE|HICKORY FLAT","CHEROKEE|MOUNTAIN ROAD",0.000114
"CHEROKEE|HICKORY FLAT","CHEROKEE|UNIVETER",5.2e-05
"CHEROKEE|HICKORY FLAT","CHEROKEE|WILDCAT",1.7e-05
"CHEROKEE|HICKORY FLAT","CHEROKEE|HOLLY SPRINGS",5e-06
"CHEROKEE|HIGHTOWER","CHEROKEE|HIGHTOWER",0.999944
"CHEROKEE|HIGHTOWER","CHEROKEE|MACEDONIA",4.5e-05
"CHEROKEE|HIGHTOWER","CHEROKEE|UNIVETER",1.2e-05
"CHEROKEE|HILLSIDE","CHEROKEE|HILLSIDE",0.999762
"CHEROKEE|HILLSIDE","CHEROKEE|ROSECREEK",0.000238
"CHEROKEE|HOLLY SPRINGS","CHEROKEE|HOLLY SPRINGS",0.99951
"CHEROKEE|HOLLY SPRINGS","CHEROKEE|HICKORY FLAT",0.00042
"CHEROKEE|HOLLY SPRINGS","CHEROKEE|TOONIGH",6.5e-05
"CHEROKEE|HOLLY SPRINGS","CHEROKEE|WILDCAT",6e-06
"CHEROKEE|KELLOGG","CHEROKEE|BELLS",0.999776
"CHEROKEE|KELLOGG","CHEROKEE|CLARK CREEK",0.000173
"CHEROKEE|KELLOGG","CHEROKEE|OAK GROVE",5.1e-05
"CHEROKEE|LIBERTY","CHEROKEE|LIBERTY",0.999999
"CHEROKEE|LITTLE RIVER","CHEROKEE|LITTLE RIVER",0.998766
"CHEROKEE|LITTLE RIVER","CHEROKEE|ARNOLD MILL",0.001134
"CHEROKEE|LITTLE RIVER","CHEROKEE|WOODLANDS",8.5e-05
"CHEROKEE|LITTLE RIVER","CHEROKEE|AIR ACRES",1.4e-05
"CHEROKEE|MACEDONIA","CHEROKEE|MACEDONIA",0.999956
"CHEROKEE|MACEDONIA","CHEROKEE|UNIVETER",4.4e-05
"CHEROKEE|MOUNTAIN ROAD","CHEROKEE|MOUNTAIN ROAD",0.999979
"CHEROKEE|MOUNTAIN ROAD","CHEROKEE|ARNOLD MILL",2.1e-05
"CHEROKEE|NEESE","CHEROKEE|LICKSKILLET",0.999303
"CHEROKEE|NEESE","CHEROKEE|AIR ACRES",0.000548
"CHEROKEE|NEESE","CHEROKEE|ARNOLD MILL",0.000148
"CHEROKEE|OAK GROVE","CHEROKEE|OAK GROVE",0.999515
"CHEROKEE|OAK GROVE","CHEROKEE|CLARK CREEK",0.000418
"CHEROKEE|OAK GROVE","CHEROKEE|BELLS",6.8e-05
"CHEROKEE|R M MOORE","CHEROKEE|R M MOORE",0.99995
"CHEROKEE|R M MOORE","CHEROKEE|HICKORY LOG",2.6e-05
"CHEROKEE|R M MOORE","CHEROKEE|AIRPORT",2.3e-05
"CHEROKEE|R T JONES","CHEROKEE|CANTON",0.999648
"CHEROKEE|R T JONES","CHEROKEE|UNIVETER",0.000306
"CHEROKEE|R T JONES","CHEROKEE|RIVER GREEN",4.5e-05
"CHEROKEE|ROSECREEK","CHEROKEE|ROSECREEK",0.998444
"CHEROKEE|ROSECREEK","CHEROKEE|BOOTH",0.001229
"CHEROKEE|ROSECREEK","CHEROKEE|CARMEL",0.000326
"CHEROKEE|SALACOA","CHEROKEE|SALACOA",1
"CHEROKEE|SIXES","CHEROKEE|SIXES",0.999451
"CHEROKEE|SIXES","CHEROKEE|LIBERTY",0.000549
"CHEROKEE|SUTALLEE","CHEROKEE|SUTALLEE",1
"CHEROKEE|TEASLEY","CHEROKEE|RIVER GREEN",0.999531
"CHEROKEE|TEASLEY","CHEROKEE|HICKORY LOG",0.000449
"CHEROKEE|TEASLEY","CHEROKEE|LIBERTY",2e-05
"CHEROKEE|TOONIGH","CHEROKEE|TOONIGH",0.991333
"CHEROKEE|TOONIGH","CHEROKEE|ARNOLD MILL",0.008659
"CHEROKEE|TOONIGH","CHEROKEE|HOLLY SPRINGS",8e-06
"CHEROKEE|UNION HILL","CHEROKEE|UNION HILL",0.999958
"CHEROKEE|UNION HILL","FULTON|ML02A",2.2e-05
"CHEROKEE|UNION HILL","CHEROKEE|MACEDONIA",2e-05
"CHEROKEE|UNIVETER","CHEROKEE|UNIVETER",0.999272
"CHEROKEE|UNIVETER","CHEROKEE|CANTON",0.000432
"CHEROKEE|UNIVETER","CHEROKEE|HIGHTOWER",0.000192
"CHEROKEE|UNIVETER","CHEROKEE|MACEDONIA",6.9e-05
"CHEROKEE|UNIVETER","CHEROKEE|HICKORY FLAT",3.4e-05
"CHEROKEE|VICTORIA","CHEROKEE|VICTORIA",0.999846
"CHEROKEE|VICTORIA","CHEROKEE|BASCOMB",0.000154
"CHEROKEE|WALESKA","CHEROKEE|WALESKA",1
"CHEROKEE|WILDCAT","CHEROKEE|WILDCAT",0.999937
"CHEROKEE|WILDCAT","CHEROKEE|HICKORY FLAT",6.1e-05
"CHEROKEE|WILDCAT","CHEROKEE|HOLLY SPRINGS",2e-06
"CHEROKEE|WOODLANDS","CHEROKEE|WOODLANDS",0.99999
"CHEROKEE|WOODLANDS","CHEROKEE|AIR ACRES",9e-06
"CHEROKEE|WOODSTOCK","CHEROKEE|WOODSTOCK",1
"CLARKE|1A","CLARKE|1A",0.936673
"CLARKE|1A","CLARKE|2B",0.039181
"CLARKE|1A","CLARKE|4A",0.024133
"CLARKE|1A","CLARKE|2A",1.4e-05
"CLARKE|1B","CLARKE|1B",0.508776
"CLARKE|1B","CLARKE|4A",0.426619
"CLARKE|1B","CLARKE|1D",0.054216
"CLARKE|1B","CLARKE|1A",0.010388
"CLARKE|1B","OGLETHORPE|BEAVERDAM",1e-06
"CLARKE|1C","CLARKE|1C",0.818686
"CLARKE|1C","CLARKE|1D",0.18114
"CLARKE|1C","CLARKE|8C",0.000174
"CLARKE|1D","CLARKE|1D",0.814995
"CLARKE|1D","CLARKE|1B",0.148111
"CLARKE|1D","CLARKE|1C",0.036892
"CLARKE|1D","OGLETHORPE|CRAWFORD",2e-06
"CLARKE|2A","CLARKE|2A",0.915607
"CLARKE|2A","CLARKE|2B",0.083319
"CLARKE|2A","CLARKE|1A",0.000992
"CLARKE|2A","CLARKE|5D",8.2e-05
"CLARKE|2B","CLARKE|2B",0.47552
"CLARKE|2B","CLARKE|2C",0.44311
"CLARKE|2B","CLARKE|3B",0.071501
"CLARKE|2B","CLARKE|4A",0.007092
"CLARKE|2B","CLARKE|1A",0.002704
"CLARKE|2B","CLARKE|7C",7.4e-05
"CLARKE|3A","CLARKE|7B",0.53125
"CLARKE|3A","CLARKE|3A",0.278708
"CLARKE|3A","CLARKE|5A",0.156565
"CLARKE|3A","CLARKE|5C",0.033477
"CLARKE|3B","CLARKE|3B",0.712282
"CLARKE|3B","CLARKE|3A",0.133564
"CLARKE|3B","CLARKE|2B",0.132524
"CLARKE|3B","CLARKE|5C",0.017134
"CLARKE|3B","CLARKE|5D",0.002967
"CLARKE|3B","CLARKE|2A",0.001529
"CLARKE|4A","CLARKE|4A",0.53648
"CLARKE|4A","CLARKE|8A",0.274948
"CLARKE|4A","CLARKE|7C",0.179004
"CLARKE|4A","CLARKE|2C",0.009566
"CLARKE|4B","CLARKE|7C",0.550142
"CLARKE|4B","CLARKE|3B",0.223616
"CLARKE|4B","CLARKE|4B",0.177751
"CLARKE|4B","CLARKE|8A",0.027009
"CLARKE|4B","CLARKE|3A",0.01828
"CLARKE|4B","CLARKE|8C",0.003201
"CLARKE|5A","CLARKE|5B",0.517863
"CLARKE|5A","CLARKE|5A",0.310186
"CLARKE|5A","CLARKE|5C",0.154128
"CLARKE|5A","CLARKE|7B",0.012615
"CLARKE|5A","CLARKE|5D",0.005208
"CLARKE|5B","CLARKE|6A",0.439935
"CLARKE|5B","CLARKE|5D",0.322805
"CLARKE|5B","CLARKE|5B",0.23726
"CLARKE|5C","CLARKE|5C",0.881729
"CLARKE|5C","CLARKE|3A",0.051128
"CLARKE|5C","CLARKE|5D",0.040859
"CLARKE|5C","CLARKE|7B",0.026283
"CLARKE|5D","CLARKE|5D",0.999902
"CLARKE|5D","CLARKE|2A",9.8e-05
"CLARKE|6A","CLARKE|6A",0.769613
"CLARKE|6A","CLARKE|6B",0.229282
"CLARKE|6A","CLARKE|6C",0.000702
"CLARKE|6A","OCONEE|MARSWOOD HALL",0.000232
"CLARKE|6A","CLARKE|5A",0.000169
"CLARKE|6A","OCONEE|BOGART",1e-06
"CLARKE|6B","CLARKE|6A",0.655806
"CLARKE|6B","CLARKE|6B",0.234103
"CLARKE|6B","CLARKE|5A",0.107633
"CLARKE|6B","CLARKE|6C",0.002198
"CLARKE|6B","CLARKE|5B",0.00026
"CLARKE|6C","CLARKE|6C",0.999778
"CLARKE|6C","CLARKE|7A",0.000197
"CLARKE|6C","CLARKE|6B",2.5e-05
"CLARKE|6D","CLARKE|5A",0.52696
"CLARKE|6D","CLARKE|6C",0.473008
"CLARKE|6D","CLARKE|6B",3.3e-05
"CLARKE|7A","CLARKE|7A",0.925919
"CLARKE|7A","CLARKE|4B",0.071141
"CLARKE|7A","CLARKE|6C",0.00294
"CLARKE|7B","CLARKE|7B",0.716838
"CLARKE|7B","CLARKE|3A",0.187009
"CLARKE|7B","CLARKE|7A",0.095988
"CLARKE|7B","CLARKE|7C",0.000166
"CLARKE|7C","CLARKE|4B",0.565766
"CLARKE|7C","CLARKE|1C",0.275139
"CLARKE|7C","CLARKE|7A",0.07252
"CLARKE|7C","CLARKE|8C",0.038655
"CLARKE|7C","CLARKE|7C",0.027176
"CLARKE|7C","CLARKE|7B",0.016505
"CLARKE|7C","CLARKE|3A",0.004239
"CLARKE|8A","CLARKE|8B",0.513232
"CLARKE|8A","CLARKE|1B",0.486555
"CLARKE|8A","CLARKE|4A",0.00021
"CLARKE|8A","CLARKE|8A",3e-06
"CLARKE|8B","CLARKE|8C",0.507123
"CLARKE|8B","CLARKE|1D",0.244176
"CLARKE|8B","CLARKE|8B",0.186444
"CLARKE|8B","CLARKE|1B",0.062241
"CLARKE|8B","CLARKE|1C",1.7e-05
"CLARKE|8C","CLARKE|8C",0.586414
"CLARKE|8C","CLARKE|8A",0.370474
"CLARKE|8C","CLARKE|1C",0.040869
"CLARKE|8C","CLARKE|7C",0.002211
"CLARKE|8C","CLARKE|4A",3.2e-05
"CLAY|BLUFFTON","CLAY|BLUFFTON",0.999165
"CLAY|BLUFFTON","CLAY|ZETTO",0.000835
"CLAY|COURT HOUSE","CLAY|COURT HOUSE",0.999021
"CLAY|COURT HOUSE","CLAY|OLD HEAD START",0.000979
"CLAY|DAYS CROSS ROAD","CLAY|DAYS CROSS ROAD",1
"CLAY|OLD HEAD START","CLAY|OLD HEAD START",0.999917
"CLAY|OLD HEAD START","CLAY|COURT HOUSE",8.3e-05
"CLAY|ZETTO","CLAY|ZETTO",0.999943
"CLAY|ZETTO","CLAY|BLUFFTON",4.5e-05
"CLAY|ZETTO","CLAY|COURT HOUSE",1.2e-05
"CLAYTON|ELLENWOOD 1","CLAYTON|ELLENWOOD 1",0.998534
"CLAYTON|ELLENWOOD 1","CLAYTON|ELLENWOOD 2",0.001192
"CLAYTON|ELLENWOOD 1","CLAYTON|MORROW 1",0.000274
"CLAYTON|ELLENWOOD 2","CLAYTON|ELLENWOOD 2",0.999972
"CLAYTON|ELLENWOOD 2","CLAYTON|MORROW 1",2.4e-05
"CLAYTON|ELLENWOOD 2","DEKALB|CEDAR GROVE SOUTH",3e-06
"CLAYTON|FOREST PARK 1","CLAYTON|FOREST PARK 1",0.999047
"CLAYTON|FOREST PARK 1","CLAYTON|FOREST PARK 2",0.00067
"CLAYTON|FOREST PARK 1","CLAYTON|OAK 1",0.000125
"CLAYTON|FOREST PARK 1","CLAYTON|FOREST PARK 3",9e-05
"CLAYTON|FOREST PARK 1","CLAYTON|MORROW 1",6.6e-05
"CLAYTON|FOREST PARK 2","CLAYTON|FOREST PARK 2",0.999812
"CLAYTON|FOREST PARK 2","CLAYTON|MORROW 1",0.000186
"CLAYTON|FOREST PARK 2","FULTON|12M",2e-06
"CLAYTON|FOREST PARK 3","CLAYTON|FOREST PARK 3",0.99928
"CLAYTON|FOREST PARK 3","CLAYTON|FOREST PARK 1",0.00062
"CLAYTON|FOREST PARK 3","CLAYTON|FOREST PARK 5",1e-04
"CLAYTON|FOREST PARK 4","CLAYTON|FOREST PARK 4",0.998414
"CLAYTON|FOREST PARK 4","CLAYTON|LAKE CITY",0.001243
"CLAYTON|FOREST PARK 4","CLAYTON|FOREST PARK 1",0.000328
"CLAYTON|FOREST PARK 4","CLAYTON|FOREST PARK 3",1e-05
"CLAYTON|FOREST PARK 4","CLAYTON|MORROW 1",6e-06
"CLAYTON|FOREST PARK 5","CLAYTON|FOREST PARK 5",0.997827
"CLAYTON|FOREST PARK 5","CLAYTON|FOREST PARK 3",0.001949
"CLAYTON|FOREST PARK 5","CLAYTON|RIVERDALE 7",0.000225
"CLAYTON|FOREST PARK 6","CLAYTON|FOREST PARK 6",0.999999
"CLAYTON|JONESBORO 1","CLAYTON|JONESBORO 1",0.999673
"CLAYTON|JONESBORO 1","CLAYTON|RIVERDALE 2",0.000325
"CLAYTON|JONESBORO 10","CLAYTON|JONESBORO 10",0.998058
"CLAYTON|JONESBORO 10","CLAYTON|JONESBORO 9",0.001108
"CLAYTON|JONESBORO 10","CLAYTON|JONESBORO 21",0.000712
"CLAYTON|JONESBORO 10","CLAYTON|JONESBORO 3",0.000122
"CLAYTON|JONESBORO 11","CLAYTON|JONESBORO 11",0.560396
"CLAYTON|JONESBORO 11","CLAYTON|JONESBORO 22",0.433735
"CLAYTON|JONESBORO 11","HENRY|RED OAK",0.005289
"CLAYTON|JONESBORO 11","CLAYTON|JONESBORO 8",0.000223
"CLAYTON|JONESBORO 11","CLAYTON|JONESBORO 6",0.00019
"CLAYTON|JONESBORO 11","CLAYTON|JONESBORO 18",0.000167
"CLAYTON|JONESBORO 12","CLAYTON|JONESBORO 12",0.999675
"CLAYTON|JONESBORO 12","CLAYTON|RIVERDALE 2",0.000325
"CLAYTON|JONESBORO 13","CLAYTON|JONESBORO 13",0.995445
"CLAYTON|JONESBORO 13","CLAYTON|LOVEJOY 1",0.001796
"CLAYTON|JONESBORO 13","CLAYTON|JONESBORO 21",0.001276
"CLAYTON|JONESBORO 13","CLAYTON|JONESBORO 19",0.001048
"CLAYTON|JONESBORO 13","CLAYTON|LOVEJOY 4",0.000435
"CLAYTON|JONESBORO 14","CLAYTON|JONESBORO 14",0.999896
"CLAYTON|JONESBORO 14","CLAYTON|LOVEJOY 1",6.6e-05
"CLAYTON|JONESBORO 14","CLAYTON|JONESBORO 6",3.7e-05
"CLAYTON|JONESBORO 15","CLAYTON|JONESBORO 15",0.999757
"CLAYTON|JONESBORO 15","CLAYTON|RIVERDALE 6",0.000161
"CLAYTON|JONESBORO 15","CLAYTON|FOREST PARK 6",8e-05
"CLAYTON|JONESBORO 16","CLAYTON|JONESBORO 16",0.999985
"CLAYTON|JONESBORO 16","CLAYTON|JONESBORO 2",9e-06
"CLAYTON|JONESBORO 16","CLAYTON|RIVERDALE 5",5e-06
"CLAYTON|JONESBORO 16","CLAYTON|RIVERDALE 9",2e-06
"CLAYTON|JONESBORO 17","CLAYTON|JONESBORO 17",0.992959
"CLAYTON|JONESBORO 17","CLAYTON|JONESBORO 19",0.007035
"CLAYTON|JONESBORO 17","CLAYTON|JONESBORO 20",6e-06
"CLAYTON|JONESBORO 18","CLAYTON|JONESBORO 18",0.999252
"CLAYTON|JONESBORO 18","CLAYTON|MORROW 2",0.000332
"CLAYTON|JONESBORO 18","CLAYTON|MORROW 4",0.000273
"CLAYTON|JONESBORO 18","CLAYTON|JONESBORO 11",8.4e-05
"CLAYTON|JONESBORO 18","CLAYTON|JONESBORO 3",3.6e-05
"CLAYTON|JONESBORO 18","CLAYTON|JONESBORO 4",2e-05
"CLAYTON|JONESBORO 18","CLAYTON|JONESBORO 15",2e-06
"CLAYTON|JONESBORO 19","CLAYTON|JONESBORO 19",0.970588
"CLAYTON|JONESBORO 19","CLAYTON|JONESBORO 1",0.029412
"CLAYTON|JONESBORO 2","CLAYTON|JONESBORO 20",0.702968
"CLAYTON|JONESBORO 2","CLAYTON|JONESBORO 2",0.296986
"CLAYTON|JONESBORO 2","CLAYTON|RIVERDALE 12",4.4e-05
"CLAYTON|JONESBORO 2","CLAYTON|JONESBORO 16",1e-06
"CLAYTON|JONESBORO 3","CLAYTON|JONESBORO 21",0.622554
"CLAYTON|JONESBORO 3","CLAYTON|JONESBORO 3",0.375847
"CLAYTON|JONESBORO 3","CLAYTON|JONESBORO 18",0.001243
"CLAYTON|JONESBORO 3","CLAYTON|JONESBORO 10",0.000263
"CLAYTON|JONESBORO 3","CLAYTON|JONESBORO 4",8.9e-05
"CLAYTON|JONESBORO 3","CLAYTON|JONESBORO 13",4e-06
"CLAYTON|JONESBORO 4","CLAYTON|JONESBORO 4",0.999743
"CLAYTON|JONESBORO 4","CLAYTON|JONESBORO 15",0.000254
"CLAYTON|JONESBORO 4","CLAYTON|JONESBORO 9",2e-06
"CLAYTON|JONESBORO 5","CLAYTON|JONESBORO 5",0.999999
"CLAYTON|JONESBORO 6","CLAYTON|JONESBORO 6",0.994612
"CLAYTON|JONESBORO 6","HENRY|RED OAK",0.003818
"CLAYTON|JONESBORO 6","CLAYTON|JONESBORO 22",0.001548
"CLAYTON|JONESBORO 6","CLAYTON|JONESBORO 14",1.5e-05
"CLAYTON|JONESBORO 6","CLAYTON|JONESBORO 11",8e-06
"CLAYTON|JONESBORO 7","CLAYTON|JONESBORO 7",0.998582
"CLAYTON|JONESBORO 7","CLAYTON|JONESBORO 11",0.000569
"CLAYTON|JONESBORO 7","CLAYTON|MORROW 4",0.000472
"CLAYTON|JONESBORO 7","CLAYTON|JONESBORO 18",3e-04
"CLAYTON|JONESBORO 7","CLAYTON|JONESBORO 22",7.6e-05
"CLAYTON|JONESBORO 8","CLAYTON|JONESBORO 8",1
"CLAYTON|JONESBORO 9","CLAYTON|JONESBORO 9",0.999478
"CLAYTON|JONESBORO 9","CLAYTON|JONESBORO 4",0.000521
"CLAYTON|LAKE CITY","CLAYTON|LAKE CITY",0.988379
"CLAYTON|LAKE CITY","CLAYTON|MORROW 1",0.011113
"CLAYTON|LAKE CITY","CLAYTON|ELLENWOOD 1",0.000502
"CLAYTON|LAKE CITY","CLAYTON|MORROW 11",6e-06
"CLAYTON|LOVEJOY 1","CLAYTON|LOVEJOY 1",0.998724
"CLAYTON|LOVEJOY 1","CLAYTON|JONESBORO 13",0.000633
"CLAYTON|LOVEJOY 1","CLAYTON|JONESBORO 14",0.00054
"CLAYTON|LOVEJOY 1","CLAYTON|JONESBORO 21",7.7e-05
"CLAYTON|LOVEJOY 1","CLAYTON|JONESBORO 3",2.7e-05
"CLAYTON|LOVEJOY 2","CLAYTON|LOVEJOY 2",0.999753
"CLAYTON|LOVEJOY 2","CLAYTON|LOVEJOY 5",0.000213
"CLAYTON|LOVEJOY 2","CLAYTON|LOVEJOY 1",3.4e-05
"CLAYTON|LOVEJOY 3","CLAYTON|LOVEJOY 3",0.999302
"CLAYTON|LOVEJOY 3","CLAYTON|LOVEJOY 6",0.000599
"CLAYTON|LOVEJOY 3","CLAYTON|LOVEJOY 4",9.1e-05
"CLAYTON|LOVEJOY 3","CLAYTON|JONESBORO 13",7e-06
"CLAYTON|LOVEJOY 4","CLAYTON|LOVEJOY 4",0.733561
"CLAYTON|LOVEJOY 4","CLAYTON|LOVEJOY 8",0.266299
"CLAYTON|LOVEJOY 4","CLAYTON|LOVEJOY 5",0.000102
"CLAYTON|LOVEJOY 4","CLAYTON|JONESBORO 13",3.7e-05
"CLAYTON|LOVEJOY 5","CLAYTON|LOVEJOY 5",0.996916
"CLAYTON|LOVEJOY 5","CLAYTON|JONESBORO 13",0.001557
"CLAYTON|LOVEJOY 5","CLAYTON|LOVEJOY 4",0.00112
"CLAYTON|LOVEJOY 5","CLAYTON|LOVEJOY 2",0.000216
"CLAYTON|LOVEJOY 5","CLAYTON|LOVEJOY 8",0.000189
"CLAYTON|LOVEJOY 6","CLAYTON|LOVEJOY 6",0.923434
"CLAYTON|LOVEJOY 6","CLAYTON|LOVEJOY 3",0.076008
"CLAYTON|LOVEJOY 6","CLAYTON|PANHANDLE 2",0.000442
"CLAYTON|LOVEJOY 6","CLAYTON|LOVEJOY 2",0.000116
"CLAYTON|LOVEJOY 7","CLAYTON|LOVEJOY 7",0.995994
"CLAYTON|LOVEJOY 7","CLAYTON|LOVEJOY 6",0.004001
"CLAYTON|LOVEJOY 7","CLAYTON|LOVEJOY 2",5e-06
"CLAYTON|MORROW 1","CLAYTON|MORROW 1",0.99952
"CLAYTON|MORROW 1","CLAYTON|LAKE CITY",0.000337
"CLAYTON|MORROW 1","CLAYTON|ELLENWOOD 1",9e-05
"CLAYTON|MORROW 1","DEKALB|BOULDERCREST ROAD",4.7e-05
"CLAYTON|MORROW 1","DEKALB|CEDAR GROVE SOUTH",5e-06
"CLAYTON|MORROW 10","CLAYTON|MORROW 10",0.99846
"CLAYTON|MORROW 10","CLAYTON|MORROW 5",0.001539
"CLAYTON|MORROW 10","HENRY|LIGHTHOUSE",2e-06
"CLAYTON|MORROW 11","CLAYTON|MORROW 11",0.998222
"CLAYTON|MORROW 11","CLAYTON|ELLENWOOD 1",0.001377
"CLAYTON|MORROW 11","CLAYTON|MORROW 5",0.000398
"CLAYTON|MORROW 11","CLAYTON|LAKE CITY",4e-06
"CLAYTON|MORROW 2","CLAYTON|MORROW 2",0.999803
"CLAYTON|MORROW 2","CLAYTON|LAKE CITY",0.00019
"CLAYTON|MORROW 2","CLAYTON|JONESBORO 18",3e-06
"CLAYTON|MORROW 2","CLAYTON|JONESBORO 15",2e-06
"CLAYTON|MORROW 2","CLAYTON|FOREST PARK 4",1e-06
"CLAYTON|MORROW 3","CLAYTON|MORROW 3",0.99956
"CLAYTON|MORROW 3","CLAYTON|LAKE CITY",0.000246
"CLAYTON|MORROW 3","CLAYTON|MORROW 11",0.000193
"CLAYTON|MORROW 4","CLAYTON|MORROW 4",0.999408
"CLAYTON|MORROW 4","CLAYTON|JONESBORO 7",0.000589
"CLAYTON|MORROW 4","CLAYTON|MORROW 6",1e-06
"CLAYTON|MORROW 5","CLAYTON|MORROW 5",0.999264
"CLAYTON|MORROW 5","CLAYTON|ELLENWOOD 1",0.000735
"CLAYTON|MORROW 6","CLAYTON|MORROW 6",0.999825
"CLAYTON|MORROW 6","CLAYTON|MORROW 8",0.000173
"CLAYTON|MORROW 6","CLAYTON|MORROW 4",2e-06
"CLAYTON|MORROW 7","CLAYTON|MORROW 7",0.998633
"CLAYTON|MORROW 7","CLAYTON|MORROW 3",0.001366
"CLAYTON|MORROW 8","CLAYTON|MORROW 8",0.99902
"CLAYTON|MORROW 8","CLAYTON|MORROW 6",0.00098
"CLAYTON|MORROW 9","CLAYTON|MORROW 9",0.999997
"CLAYTON|MORROW 9","CLAYTON|MORROW 4",3e-06
"CLAYTON|OAK 1","CLAYTON|OAK 1",0.999904
"CLAYTON|OAK 1","CLAYTON|OAK 4",7.7e-05
"CLAYTON|OAK 1","CLAYTON|FOREST PARK 1",1.6e-05
"CLAYTON|OAK 1","CLAYTON|RIVERDALE 1",1e-06
"CLAYTON|OAK 2","CLAYTON|OAK 2",0.999558
"CLAYTON|OAK 2","CLAYTON|OAK 1",0.000393
"CLAYTON|OAK 2","CLAYTON|OAK 3",4.3e-05
"CLAYTON|OAK 2","CLAYTON|OAK 4",6e-06
"CLAYTON|OAK 3","CLAYTON|OAK 3",0.998169
"CLAYTON|OAK 3","CLAYTON|RIVERDALE 10",0.001827
"CLAYTON|OAK 3","CLAYTON|FOREST PARK 3",3e-06
"CLAYTON|OAK 4","CLAYTON|OAK 4",0.567682
"CLAYTON|OAK 4","CLAYTON|OAK 6",0.430905
"CLAYTON|OAK 4","CLAYTON|OAK 3",0.000755
"CLAYTON|OAK 4","CLAYTON|RIVERDALE 10",0.000513
"CLAYTON|OAK 4","CLAYTON|OAK 2",0.000128
"CLAYTON|OAK 4","CLAYTON|RIVERDALE 1",1.3e-05
"CLAYTON|OAK 4","CLAYTON|OAK 1",4e-06
"CLAYTON|OAK5","CLAYTON|OAK5",0.837595
"CLAYTON|OAK5","CLAYTON|OAK 3",0.161743
"CLAYTON|OAK5","CLAYTON|RIVERDALE 10",0.000662
"CLAYTON|PANHANDLE 1","CLAYTON|PANHANDLE 1",0.997322
"CLAYTON|PANHANDLE 1","FAYETTE|FLINT",0.002676
"CLAYTON|PANHANDLE 1","FAYETTE|MURPHY",2e-06
"CLAYTON|PANHANDLE 2","CLAYTON|PANHANDLE 2",0.999995
"CLAYTON|PANHANDLE 2","CLAYTON|LOVEJOY 6",5e-06
"CLAYTON|RIVERDALE 1","CLAYTON|RIVERDALE 1",0.998868
"CLAYTON|RIVERDALE 1","CLAYTON|RIVERDALE 11",0.000815
"CLAYTON|RIVERDALE 1","CLAYTON|OAK 6",0.000286
"CLAYTON|RIVERDALE 1","CLAYTON|OAK 1",2.6e-05
"CLAYTON|RIVERDALE 1","CLAYTON|RIVERDALE 8",4e-06
"CLAYTON|RIVERDALE 10","CLAYTON|RIVERDALE 10",0.999743
"CLAYTON|RIVERDALE 10","CLAYTON|OAK 3",0.00021
"CLAYTON|RIVERDALE 10","CLAYTON|OAK5",4.4e-05
"CLAYTON|RIVERDALE 10","CLAYTON|OAK 6",2e-06
"CLAYTON|RIVERDALE 11","CLAYTON|RIVERDALE 11",0.999317
"CLAYTON|RIVERDALE 11","CLAYTON|RIVERDALE 1",0.000679
"CLAYTON|RIVERDALE 11","FULTON|SC27",3e-06
"CLAYTON|RIVERDALE 12","CLAYTON|RIVERDALE 12",0.999717
"CLAYTON|RIVERDALE 12","CLAYTON|RIVERDALE 3",0.000169
"CLAYTON|RIVERDALE 12","CLAYTON|RIVERDALE 2",0.000114
"CLAYTON|RIVERDALE 2","CLAYTON|RIVERDALE 2",0.999514
"CLAYTON|RIVERDALE 2","CLAYTON|RIVERDALE 12",0.000485
"CLAYTON|RIVERDALE 3","CLAYTON|RIVERDALE 3",0.992638
"CLAYTON|RIVERDALE 3","CLAYTON|RIVERDALE 8",0.00506
"CLAYTON|RIVERDALE 3","CLAYTON|RIVERDALE 10",0.001207
"CLAYTON|RIVERDALE 3","CLAYTON|RIVERDALE 1",0.000893
"CLAYTON|RIVERDALE 3","CLAYTON|RIVERDALE 12",0.000194
"CLAYTON|RIVERDALE 3","CLAYTON|OAK 6",8e-06
"CLAYTON|RIVERDALE 4","CLAYTON|RIVERDALE 4",0.999923
"CLAYTON|RIVERDALE 4","CLAYTON|RIVERDALE 7",6.5e-05
"CLAYTON|RIVERDALE 4","CLAYTON|RIVERDALE 9",1.2e-05
"CLAYTON|RIVERDALE 5","CLAYTON|RIVERDALE 5",0.982007
"CLAYTON|RIVERDALE 5","CLAYTON|RIVERDALE 9",0.017992
"CLAYTON|RIVERDALE 6","CLAYTON|RIVERDALE 6",0.997376
"CLAYTON|RIVERDALE 6","CLAYTON|FOREST PARK 5",0.001749
"CLAYTON|RIVERDALE 6","CLAYTON|JONESBORO 15",0.000844
"CLAYTON|RIVERDALE 6","CLAYTON|RIVERDALE 7",3.1e-05
"CLAYTON|RIVERDALE 7","CLAYTON|RIVERDALE 7",0.998745
"CLAYTON|RIVERDALE 7","CLAYTON|RIVERDALE 6",0.000955
"CLAYTON|RIVERDALE 7","CLAYTON|FOREST PARK 5",0.000293
"CLAYTON|RIVERDALE 7","CLAYTON|RIVERDALE 4",5e-06
"CLAYTON|RIVERDALE 7","CLAYTON|OAK5",2e-06
"CLAYTON|RIVERDALE 8","CLAYTON|RIVERDALE 8",0.923016
"CLAYTON|RIVERDALE 8","CLAYTON|RIVERDALE 1",0.045352
"CLAYTON|RIVERDALE 8","CLAYTON|RIVERDALE 12",0.016527
"CLAYTON|RIVERDALE 8","CLAYTON|RIVERDALE 3",0.015098
"CLAYTON|RIVERDALE 8","CLAYTON|RIVERDALE 11",7e-06
"CLAYTON|RIVERDALE 9","CLAYTON|RIVERDALE 9",0.999542
"CLAYTON|RIVERDALE 9","CLAYTON|RIVERDALE 12",0.000437
"CLAYTON|RIVERDALE 9","CLAYTON|RIVERDALE 4",2e-05
"CLINCH|ARABIA","CLINCH|ARABIA",1
"CLINCH|ARGYLE","CLINCH|ARGYLE",0.999999
"CLINCH|ARGYLE","CLINCH|HOMERVILLE",1e-06
"CLINCH|DUPONT","CLINCH|DUPONT",1
"CLINCH|FARGO","CLINCH|FARGO",0.999914
"CLINCH|FARGO","CLINCH|HOMERVILLE",8.6e-05
"CLINCH|HOMERVILLE","CLINCH|HOMERVILLE",0.999973
"CLINCH|HOMERVILLE","CLINCH|FARGO",2.7e-05
"COBB|ACWORTH 1A","COBB|ACWORTH 1A",0.975081
"COBB|ACWORTH 1A","COBB|NORTH COBB 01",0.017429
"COBB|ACWORTH 1A","COBB|MARS HILL 01",0.004485
"COBB|ACWORTH 1A","COBB|MARS HILL 02",0.001137
"COBB|ACWORTH 1A","COBB|ACWORTH 1C",0.001101
"COBB|ACWORTH 1A","COBB|MCCLURE 01",0.00076
"COBB|ACWORTH 1A","COBB|ACWORTH 1B",6e-06
"COBB|ACWORTH 1B","COBB|ACWORTH 1B",0.989563
"COBB|ACWORTH 1B","COBB|NORTH COBB 01",0.005587
"COBB|ACWORTH 1B","COBB|MARS HILL 01",0.00409
"COBB|ACWORTH 1B","COBB|ACWORTH 1C",0.000556
"COBB|ACWORTH 1B","COBB|BAKER 01",0.000205
"COBB|ACWORTH 1C","COBB|ACWORTH 1C",0.934989
"COBB|ACWORTH 1C","COBB|NORTH COBB 01",0.042344
"COBB|ACWORTH 1C","COBB|BAKER 01",0.019293
"COBB|ACWORTH 1C","COBB|KENNESAW 2A",0.001532
"COBB|ACWORTH 1C","COBB|ACWORTH 1A",0.000962
"COBB|ACWORTH 1C","COBB|ACWORTH 1B",0.000855
"COBB|ACWORTH 1C","COBB|KENNESAW 5A",2.6e-05
"COBB|ADDISON 01","COBB|ADDISON 01",1
"COBB|AUSTELL 1A","COBB|AUSTELL 1B",0.563921
"COBB|AUSTELL 1A","COBB|AUSTELL 1A",0.396077
"COBB|AUSTELL 1A","COBB|MABLETON 5B",0.014037
"COBB|AUSTELL 1A","COBB|CLARKDALE 02",0.01182
"COBB|AUSTELL 1A","COBB|CLARKDALE 01",0.011271
"COBB|AUSTELL 1A","COBB|POWDER SPRINGS 3A",0.00206
"COBB|AUSTELL 1A","DOUGLAS|ATLANTA WEST PENTECOSTAL",0.000704
"COBB|AUSTELL 1A","COBB|MABLETON 5A",0.000109
"COBB|BAKER 01","COBB|BAKER 01",0.976186
"COBB|BAKER 01","COBB|ACWORTH 1C",0.012657
"COBB|BAKER 01","COBB|KENNESAW 5A",0.007287
"COBB|BAKER 01","COBB|KENNESAW 3A",0.003212
"COBB|BAKER 01","COBB|WADE GREEN 02",0.000555
"COBB|BAKER 01","COBB|ACWORTH 1B",0.000104
"COBB|BELLS FERRY 02","COBB|BELLS FERRY 02",0.999999
"COBB|BELLS FERRY 03","COBB|BELLS FERRY 03",0.999675
"COBB|BELLS FERRY 03","CHEROKEE|WOODSTOCK",0.000324
"COBB|BELLS FERRY 04","COBB|BELLS FERRY 04",0.999775
"COBB|BELLS FERRY 04","CHEROKEE|CARMEL",0.000224
"COBB|BIG SHANTY 01","COBB|BIG SHANTY 01",0.981912
"COBB|BIG SHANTY 01","COBB|KENNESAW 1A",0.009611
"COBB|BIG SHANTY 01","COBB|KENNESAW 3A",0.008046
"COBB|BIG SHANTY 01","COBB|ELIZABETH 01",0.000384
"COBB|BIG SHANTY 01","COBB|CHALKER 01",4.8e-05
"COBB|BIG SHANTY 02","COBB|BIG SHANTY 02",0.997533
"COBB|BIG SHANTY 02","COBB|BELLS FERRY 04",0.002246
"COBB|BIG SHANTY 02","COBB|PITNER 01",0.000199
"COBB|BIG SHANTY 02","COBB|KENNESAW 1A",2.2e-05
"COBB|BIRNEY 01","COBB|BIRNEY 01",1
"COBB|BIRNEY 02","COBB|MABLETON 6B",0.61978
"COBB|BIRNEY 02","COBB|MABLETON 4A",0.208236
"COBB|BIRNEY 02","COBB|BIRNEY 01",0.171984
"COBB|BLACKWELL 01","COBB|BLACKWELL 01",1
"COBB|BRYANT 01","COBB|MABLETON 1B",0.761131
"COBB|BRYANT 01","COBB|MABLETON 1A",0.238865
"COBB|BRYANT 01","COBB|MABLETON 3A",4e-06
"COBB|BRYANT 02","COBB|MABLETON 1B",0.75811
"COBB|BRYANT 02","COBB|MABLETON 2B",0.241865
"COBB|BRYANT 02","DOUGLAS|LITHIA SPRINGS HIGH SCHOOL",2.5e-05
"COBB|CHALKER 01","COBB|CHALKER 01",0.998732
"COBB|CHALKER 01","COBB|PALMER 01",0.000888
"COBB|CHALKER 01","COBB|EAST PIEDMONT 01",0.000378
"COBB|CHALKER 01","COBB|BIG SHANTY 01",2e-06
"COBB|CHATTAHOOCHEE 01","COBB|CHATTAHOOCHEE 01",0.998783
"COBB|CHATTAHOOCHEE 01","COBB|VININGS 01",0.001056
"COBB|CHATTAHOOCHEE 01","COBB|SOPE CREEK 02",0.000161
"COBB|CHEATHAM HILL 02","COBB|CHEATHAM HILL 02",0.982914
"COBB|CHEATHAM HILL 02","COBB|MARIETTA 4C",0.011414
"COBB|CHEATHAM HILL 02","COBB|MARIETTA 2A",0.003195
"COBB|CHEATHAM HILL 02","COBB|MARIETTA 4A",0.002475
"COBB|CHEATHAM HILL 02","COBB|PINE MOUNTAIN 02",2e-06
"COBB|CHEATHAM HILL 03","COBB|CHEATHAM HILL 03",0.99557
"COBB|CHEATHAM HILL 03","COBB|KEMP 02",0.001801
"COBB|CHEATHAM HILL 03","COBB|OREGON 03",0.001419
"COBB|CHEATHAM HILL 03","COBB|FAIR OAKS 02",0.000799
"COBB|CHEATHAM HILL 03","COBB|DOWELL 01",0.000339
"COBB|CHEATHAM HILL 03","COBB|MARIETTA 2A",7.3e-05
"COBB|CHESTNUT RIDGE 01","COBB|CHESTNUT RIDGE 01",0.99866
"COBB|CHESTNUT RIDGE 01","COBB|ROSWELL 02",0.00134
"COBB|CLARKDALE 01","COBB|CLARKDALE 01",0.940853
"COBB|CLARKDALE 01","COBB|POWDER SPRINGS 2A",0.031608
"COBB|CLARKDALE 01","COBB|AUSTELL 1B",0.012913
"COBB|CLARKDALE 01","COBB|AUSTELL 1A",0.007835
"COBB|CLARKDALE 01","COBB|POWDER SPRINGS 3A",0.006791
"COBB|CLARKDALE 02","COBB|CLARKDALE 02",0.908078
"COBB|CLARKDALE 02","COBB|AUSTELL 1B",0.044483
"COBB|CLARKDALE 02","COBB|POWDER SPRINGS 3A",0.038363
"COBB|CLARKDALE 02","COBB|CLARKDALE 01",0.007849
"COBB|CLARKDALE 02","COBB|POWDER SPRINGS 1A",0.000891
"COBB|CLARKDALE 02","COBB|AUSTELL 1A",0.000336
"COBB|COOPER 01","COBB|CLARKDALE 01",0.443707
"COBB|COOPER 01","COBB|MABLETON 6A",0.315214
"COBB|COOPER 01","COBB|MABLETON 5A",0.227047
"COBB|COOPER 01","COBB|MCEACHERN 01",0.007194
"COBB|COOPER 01","COBB|POWDER SPRINGS 2A",0.006604
"COBB|COOPER 01","COBB|AUSTELL 1A",0.000234
"COBB|DAVIS 01","COBB|DAVIS 01",0.999989
"COBB|DAVIS 01","CHEROKEE|LITTLE RIVER",1.1e-05
"COBB|DICKERSON 01","COBB|DICKERSON 01",1
"COBB|DOBBINS 01","COBB|DOBBINS 01",0.987409
"COBB|DOBBINS 01","COBB|OREGON 03",0.004744
"COBB|DOBBINS 01","COBB|MARIETTA 1A",0.00253
"COBB|DOBBINS 01","COBB|SMYRNA 3A",0.002056
"COBB|DOBBINS 01","COBB|SMYRNA 5A",0.001434
"COBB|DOBBINS 01","COBB|MARIETTA 7A",0.001037
"COBB|DOBBINS 01","COBB|SMYRNA 1A",0.000791
"COBB|DOBBINS 02","COBB|DOBBINS 02",0.841432
"COBB|DOBBINS 02","COBB|SMYRNA 3A",0.072664
"COBB|DOBBINS 02","COBB|SMYRNA 1A",0.046224
"COBB|DOBBINS 02","COBB|MARIETTA 7A",0.020295
"COBB|DOBBINS 02","COBB|SMYRNA 2A",0.01851
"COBB|DOBBINS 02","COBB|VININGS 02",0.000665
"COBB|DOBBINS 02","COBB|VININGS 01",0.000209
"COBB|DODGEN 01","COBB|DODGEN 01",0.999646
"COBB|DODGEN 01","COBB|SEWELL MILL 01",0.000354
"COBB|DOWELL 01","COBB|DOWELL 01",0.993024
"COBB|DOWELL 01","COBB|OREGON 04",0.006975
"COBB|DOWELL 01","COBB|OREGON 05",1e-06
"COBB|DURHAM 01","COBB|DURHAM 01",0.999148
"COBB|DURHAM 01","COBB|FORD 01",0.000661
"COBB|DURHAM 01","COBB|FREY 01",0.000154
"COBB|DURHAM 01","COBB|MARS HILL 01",3.7e-05
"COBB|EAST PIEDMONT 01","COBB|EAST PIEDMONT 01",0.854047
"COBB|EAST PIEDMONT 01","COBB|MARIETTA 5B",0.142078
"COBB|EAST PIEDMONT 01","COBB|CHALKER 01",0.003569
"COBB|EAST PIEDMONT 01","COBB|ELIZABETH 02",0.000307
"COBB|EASTSIDE 01","COBB|EASTSIDE 01",0.999999
"COBB|EASTSIDE 01","COBB|FULLERS PARK 01",1e-06
"COBB|EASTSIDE 02","COBB|EASTSIDE 02",0.999847
"COBB|EASTSIDE 02","COBB|MARIETTA 6A",0.000138
"COBB|EASTSIDE 02","COBB|SOPE CREEK 02",1.4e-05
"COBB|EASTSIDE 02","COBB|SOPE CREEK 01",1e-06
"COBB|ELIZABETH 01","COBB|ELIZABETH 01",0.944232
"COBB|ELIZABETH 01","COBB|CHEATHAM HILL 02",0.048888
"COBB|ELIZABETH 01","COBB|MARIETTA 4B",0.003545
"COBB|ELIZABETH 01","COBB|MARIETTA 5B",0.002444
"COBB|ELIZABETH 01","COBB|MARIETTA 4A",0.000848
"COBB|ELIZABETH 01","COBB|BIG SHANTY 01",4e-05
"COBB|ELIZABETH 01","COBB|PINE MOUNTAIN 02",4e-06
"COBB|ELIZABETH 02","COBB|ELIZABETH 02",0.997818
"COBB|ELIZABETH 02","COBB|MARIETTA 6B",0.002049
"COBB|ELIZABETH 02","COBB|ELIZABETH 03",0.000133
"COBB|ELIZABETH 03","COBB|ELIZABETH 03",0.99489
"COBB|ELIZABETH 03","COBB|ELIZABETH 05",0.002866
"COBB|ELIZABETH 03","COBB|MARIETTA 6B",0.001804
"COBB|ELIZABETH 03","COBB|SEWELL MILL 01",0.00044
"COBB|ELIZABETH 04","COBB|ELIZABETH 04",0.950639
"COBB|ELIZABETH 04","COBB|MARIETTA 6B",0.035553
"COBB|ELIZABETH 04","COBB|MARIETTA 6A",0.012345
"COBB|ELIZABETH 04","COBB|SEWELL MILL 01",0.00054
"COBB|ELIZABETH 04","COBB|MARIETTA 5B",5e-04
"COBB|ELIZABETH 04","COBB|SEWELL MILL 03",0.000423
"COBB|ELIZABETH 05","COBB|ELIZABETH 05",0.999999
"COBB|ELIZABETH 05","COBB|ELIZABETH 03",1e-06
"COBB|FAIR OAKS 02","COBB|FAIR OAKS 02",0.998785
"COBB|FAIR OAKS 02","COBB|OREGON 03",0.001214
"COBB|FAIR OAKS 04","COBB|FAIR OAKS 04",0.983918
"COBB|FAIR OAKS 04","COBB|SMYRNA 5A",0.011809
"COBB|FAIR OAKS 04","COBB|DOBBINS 01",0.004266
"COBB|FAIR OAKS 04","COBB|NORTON PARK 01",7e-06
"COBB|FORD 01","COBB|FORD 01",0.999789
"COBB|FORD 01","COBB|DURHAM 01",0.000197
"COBB|FORD 01","PAULDING|RUSSOM ELEMENTARY SCHOOL",1.4e-05
"COBB|FREY 01","COBB|FREY 01",0.999908
"COBB|FREY 01","COBB|MCCLURE 01",7.4e-05
"COBB|FREY 01","COBB|LOST MOUNTAIN 04",1.7e-05
"COBB|FREY 01","COBB|ACWORTH 1A",1e-06
"COBB|FULLERS PARK 01","COBB|FULLERS PARK 01",0.999886
"COBB|FULLERS PARK 01","COBB|EASTSIDE 01",0.000108
"COBB|FULLERS PARK 01","COBB|SEWELL MILL 01",3e-06
"COBB|FULLERS PARK 01","COBB|DODGEN 01",2e-06
"COBB|GARRISON MILL 01","COBB|GARRISON MILL 01",0.998674
"COBB|GARRISON MILL 01","COBB|POST OAK 01",0.000791
"COBB|GARRISON MILL 01","COBB|POPE 01",0.000534
"COBB|GRITTERS 01","COBB|GRITTERS 01",0.999551
"COBB|GRITTERS 01","COBB|ELIZABETH 03",0.000449
"COBB|HARMONY-LELAND 01","COBB|MABLETON 3B",0.39614
"COBB|HARMONY-LELAND 01","COBB|MABLETON 2A",0.309126
"COBB|HARMONY-LELAND 01","COBB|MABLETON 3C",0.294732
"COBB|HARMONY-LELAND 01","COBB|MABLETON 4C",1e-06
"COBB|HARRISON 01","COBB|HARRISON 01",0.999507
"COBB|HARRISON 01","COBB|LOST MOUNTAIN 04",0.000346
"COBB|HARRISON 01","COBB|KEMP 03",0.000146
"COBB|HAYES 01","COBB|HAYES 01",0.949054
"COBB|HAYES 01","COBB|KENNESAW 2A",0.050552
"COBB|HAYES 01","COBB|PINE MOUNTAIN 01",0.00039
"COBB|HAYES 01","COBB|MARS HILL 02",3e-06
"COBB|HIGHTOWER 01","COBB|HIGHTOWER 01",0.999733
"COBB|HIGHTOWER 01","COBB|SHALLOWFORD FALLS 01",0.000267
"COBB|KELL 01","COBB|KELL 01",0.969952
"COBB|KELL 01","COBB|NICHOLSON 01",0.030046
"COBB|KELL 01","CHEROKEE|LICKSKILLET",3e-06
"COBB|KEMP 01","COBB|KEMP 01",0.999248
"COBB|KEMP 01","COBB|HARRISON 01",0.000752
"COBB|KEMP 02","COBB|KEMP 02",0.999722
"COBB|KEMP 02","COBB|CHEATHAM HILL 03",0.000148
"COBB|KEMP 02","COBB|DOWELL 01",0.00013
"COBB|KEMP 03","COBB|KEMP 03",0.999857
"COBB|KEMP 03","COBB|LOST MOUNTAIN 01",0.000115
"COBB|KEMP 03","COBB|HARRISON 01",1.7e-05
"COBB|KEMP 03","COBB|KEMP 01",9e-06
"COBB|KEMP 03","COBB|LOST MOUNTAIN 02",1e-06
"COBB|KENNESAW 1A","COBB|KENNESAW 1A",0.970731
"COBB|KENNESAW 1A","COBB|BIG SHANTY 01",0.011079
"COBB|KENNESAW 1A","COBB|BIG SHANTY 02",0.010551
"COBB|KENNESAW 1A","COBB|CHALKER 01",0.007635
"COBB|KENNESAW 1A","COBB|KENNESAW 3A",5e-06
"COBB|KENNESAW 2A","COBB|KENNESAW 2A",0.988983
"COBB|KENNESAW 2A","COBB|HAYES 01",0.007842
"COBB|KENNESAW 2A","COBB|MARS HILL 02",0.002143
"COBB|KENNESAW 2A","COBB|PINE MOUNTAIN 01",0.001033
"COBB|KENNESAW 3A","COBB|KENNESAW 3A",0.975748
"COBB|KENNESAW 3A","COBB|PINE MOUNTAIN 02",0.01656
"COBB|KENNESAW 3A","COBB|BIG SHANTY 01",0.005487
"COBB|KENNESAW 3A","COBB|BAKER 01",0.002043
"COBB|KENNESAW 3A","COBB|KENNESAW 1A",0.000157
"COBB|KENNESAW 3A","COBB|KENNESAW 4A",4e-06
"COBB|KENNESAW 3A","COBB|KENNESAW 2A",1e-06
"COBB|KENNESAW 4A","COBB|KENNESAW 4A",0.996763
"COBB|KENNESAW 4A","COBB|NORTH COBB 01",0.003237
"COBB|KENNESAW 5A","COBB|KENNESAW 5A",0.888948
"COBB|KENNESAW 5A","COBB|KENNESAW 4A",0.08752
"COBB|KENNESAW 5A","COBB|NORTH COBB 01",0.015906
"COBB|KENNESAW 5A","COBB|ACWORTH 1C",0.004506
"COBB|KENNESAW 5A","COBB|BAKER 01",0.003121
"COBB|LASSITER 01","COBB|LASSITER 01",0.998242
"COBB|LASSITER 01","COBB|MABRY 01",0.001066
"COBB|LASSITER 01","COBB|SIMPSON 01",0.00069
"COBB|LASSITER 01","COBB|ROCKY MOUNT 01",2e-06
"COBB|LINDLEY 01","COBB|MABLETON 4C",0.727049
"COBB|LINDLEY 01","COBB|SMYRNA 7A",0.137996
"COBB|LINDLEY 01","COBB|NICKAJACK 01",0.134952
"COBB|LINDLEY 01","COBB|MABLETON 4B",3e-06
"COBB|LOST MOUNTAIN 01","COBB|LOST MOUNTAIN 01",0.998832
"COBB|LOST MOUNTAIN 01","COBB|MACLAND 01",0.00074
"COBB|LOST MOUNTAIN 01","COBB|LOST MOUNTAIN 03",0.000217
"COBB|LOST MOUNTAIN 01","COBB|MCEACHERN 01",0.000212
"COBB|LOST MOUNTAIN 02","COBB|LOST MOUNTAIN 02",0.999944
"COBB|LOST MOUNTAIN 02","COBB|LOST MOUNTAIN 04",5.6e-05
"COBB|LOST MOUNTAIN 03","COBB|LOST MOUNTAIN 03",0.996239
"COBB|LOST MOUNTAIN 03","PAULDING|EAST PAULDING MIDDLE SCHOOL",0.002477
"COBB|LOST MOUNTAIN 03","PAULDING|TABERNACLE BAPTIST CHURCH",0.001271
"COBB|LOST MOUNTAIN 03","COBB|LOST MOUNTAIN 01",9e-06
"COBB|LOST MOUNTAIN 03","COBB|KEMP 03",4e-06
"COBB|LOST MOUNTAIN 04","COBB|LOST MOUNTAIN 04",0.999943
"COBB|LOST MOUNTAIN 04","COBB|HARRISON 01",5.4e-05
"COBB|LOST MOUNTAIN 04","COBB|FREY 01",1e-06
"COBB|MABLETON 01","COBB|MABLETON 5B",0.618203
"COBB|MABLETON 01","COBB|MABLETON 5A",0.348486
"COBB|MABLETON 01","COBB|MABLETON 4A",0.020849
"COBB|MABLETON 01","COBB|AUSTELL 1A",0.012462
"COBB|MABLETON 02","COBB|MABLETON 5B",0.534517
"COBB|MABLETON 02","COBB|MABLETON 3A",0.426007
"COBB|MABLETON 02","COBB|AUSTELL 1A",0.039474
"COBB|MABLETON 02","COBB|MABLETON 3B",1e-06
"COBB|MABLETON 03","COBB|MABLETON 4B",0.925991
"COBB|MABLETON 03","COBB|MABLETON 4C",0.070991
"COBB|MABLETON 03","COBB|SMYRNA 7A",0.003017
"COBB|MABLETON 03","COBB|MABLETON 4A",1e-06
"COBB|MABLETON 04","COBB|MABLETON 4A",0.979338
"COBB|MABLETON 04","COBB|SMYRNA 7A",0.01217
"COBB|MABLETON 04","COBB|SMYRNA 4A",0.008294
"COBB|MABLETON 04","COBB|MABLETON 6B",0.000199
"COBB|MABRY 01","COBB|MABRY 01",0.998609
"COBB|MABRY 01","COBB|POST OAK 01",0.00139
"COBB|MABRY 01","COBB|LASSITER 01",1e-06
"COBB|MACLAND 01","COBB|MACLAND 01",0.998868
"COBB|MACLAND 01","COBB|POWDER SPRINGS 2A",0.001132
"COBB|MARIETTA 1A","COBB|MARIETTA 1A",0.97133
"COBB|MARIETTA 1A","COBB|OREGON 03",0.018187
"COBB|MARIETTA 1A","COBB|DOBBINS 01",0.008324
"COBB|MARIETTA 1A","COBB|MARIETTA 7A",0.001733
"COBB|MARIETTA 1A","COBB|MARIETTA 3B",0.000255
"COBB|MARIETTA 1A","COBB|MARIETTA 5A",0.00017
"COBB|MARIETTA 2A","COBB|MARIETTA 2A",0.993717
"COBB|MARIETTA 2A","COBB|CHEATHAM HILL 02",0.005603
"COBB|MARIETTA 2A","COBB|CHEATHAM HILL 03",0.000505
"COBB|MARIETTA 2A","COBB|OREGON 03",0.000175
"COBB|MARIETTA 2B","COBB|MARIETTA 2B",0.987181
"COBB|MARIETTA 2B","COBB|OREGON 03",0.012503
"COBB|MARIETTA 2B","COBB|MARIETTA 2A",0.000168
"COBB|MARIETTA 2B","COBB|CHEATHAM HILL 03",0.000148
"COBB|MARIETTA 3A","COBB|MARIETTA 3A",0.999995
"COBB|MARIETTA 3A","COBB|MARIETTA 4A",4e-06
"COBB|MARIETTA 3B","COBB|MARIETTA 3B",0.988766
"COBB|MARIETTA 3B","COBB|OREGON 03",0.006881
"COBB|MARIETTA 3B","COBB|MARIETTA 2B",0.002211
"COBB|MARIETTA 3B","COBB|MARIETTA 1A",0.002142
"COBB|MARIETTA 4A","COBB|MARIETTA 4A",0.99961
"COBB|MARIETTA 4A","COBB|MARIETTA 3A",0.00035
"COBB|MARIETTA 4A","COBB|CHEATHAM HILL 02",3e-05
"COBB|MARIETTA 4A","COBB|MARIETTA 4B",7e-06
"COBB|MARIETTA 4A","COBB|ELIZABETH 01",3e-06
"COBB|MARIETTA 4B","COBB|MARIETTA 4B",0.991766
"COBB|MARIETTA 4B","COBB|ELIZABETH 01",0.006575
"COBB|MARIETTA 4B","COBB|MARIETTA 3A",0.001003
"COBB|MARIETTA 4B","COBB|MARIETTA 5B",0.000591
"COBB|MARIETTA 4B","COBB|MARIETTA 4A",6.5e-05
"COBB|MARIETTA 4C","COBB|MARIETTA 4C",0.996273
"COBB|MARIETTA 4C","COBB|PINE MOUNTAIN 02",0.002618
"COBB|MARIETTA 4C","COBB|CHEATHAM HILL 02",0.001107
"COBB|MARIETTA 4C","COBB|PINE MOUNTAIN 01",2e-06
"COBB|MARIETTA 5A","COBB|MARIETTA 5A",0.992774
"COBB|MARIETTA 5A","COBB|SEWELL MILL 03",0.003864
"COBB|MARIETTA 5A","COBB|MARIETTA 7A",0.001882
"COBB|MARIETTA 5A","COBB|MARIETTA 3A",0.000904
"COBB|MARIETTA 5A","COBB|MARIETTA 1A",0.000572
"COBB|MARIETTA 5A","COBB|MARIETTA 5B",5e-06
"COBB|MARIETTA 5B","COBB|MARIETTA 5B",0.996022
"COBB|MARIETTA 5B","COBB|ELIZABETH 01",0.001747
"COBB|MARIETTA 5B","COBB|ELIZABETH 04",0.001619
"COBB|MARIETTA 5B","COBB|MARIETTA 4B",0.000459
"COBB|MARIETTA 5B","COBB|MARIETTA 6B",0.000145
"COBB|MARIETTA 5B","COBB|EAST PIEDMONT 01",9e-06
"COBB|MARIETTA 6A","COBB|MARIETTA 6A",0.985796
"COBB|MARIETTA 6A","COBB|SEWELL MILL 03",0.007751
"COBB|MARIETTA 6A","COBB|ELIZABETH 04",0.004307
"COBB|MARIETTA 6A","COBB|MARIETTA 5A",0.001391
"COBB|MARIETTA 6A","COBB|POWERS FERRY 01",0.000462
"COBB|MARIETTA 6A","COBB|MARIETTA 7A",0.000206
"COBB|MARIETTA 6A","COBB|TERRELL MILL 01",8.6e-05
"COBB|MARIETTA 6A","COBB|EASTSIDE 02",1e-06
"COBB|MARIETTA 6B","COBB|MARIETTA 6B",0.989213
"COBB|MARIETTA 6B","COBB|ELIZABETH 04",0.008409
"COBB|MARIETTA 6B","COBB|ELIZABETH 02",0.002234
"COBB|MARIETTA 6B","COBB|MARIETTA 6A",0.000138
"COBB|MARIETTA 6B","COBB|ELIZABETH 03",5e-06
"COBB|MARIETTA 7A","COBB|MARIETTA 7A",0.99382
"COBB|MARIETTA 7A","COBB|DOBBINS 02",0.003013
"COBB|MARIETTA 7A","COBB|POWERS FERRY 01",0.001906
"COBB|MARIETTA 7A","COBB|SEWELL MILL 03",0.000994
"COBB|MARIETTA 7A","COBB|TERRELL MILL 01",0.000171
"COBB|MARIETTA 7A","COBB|SMYRNA 1A",6.5e-05
"COBB|MARIETTA 7A","COBB|MARIETTA 6A",2.5e-05
"COBB|MARIETTA 7A","COBB|DOBBINS 01",6e-06
"COBB|MARS HILL 01","COBB|MARS HILL 01",0.91683
"COBB|MARS HILL 01","COBB|ACWORTH 1A",0.076768
"COBB|MARS HILL 01","COBB|ACWORTH 1B",0.006363
"COBB|MARS HILL 01","COBB|DURHAM 01",3.9e-05
"COBB|MARS HILL 02","COBB|MARS HILL 02",0.964576
"COBB|MARS HILL 02","COBB|ACWORTH 1A",0.015211
"COBB|MARS HILL 02","COBB|KENNESAW 2A",0.014328
"COBB|MARS HILL 02","COBB|HAYES 01",0.005885
"COBB|MCCLESKEY 01","COBB|MCCLESKEY 01",1
"COBB|MCCLURE 01","COBB|MCCLURE 01",0.979886
"COBB|MCCLURE 01","COBB|HAYES 01",0.012081
"COBB|MCCLURE 01","COBB|ACWORTH 1A",0.008006
"COBB|MCCLURE 01","COBB|MARS HILL 02",2.2e-05
"COBB|MCCLURE 01","COBB|FREY 01",5e-06
"COBB|MCEACHERN 01","COBB|MCEACHERN 01",0.980263
"COBB|MCEACHERN 01","COBB|POWDER SPRINGS 1A",0.018395
"COBB|MCEACHERN 01","COBB|POWDER SPRINGS 2A",0.001054
"COBB|MCEACHERN 01","COBB|POWDER SPRINGS 3A",0.000284
"COBB|MCEACHERN 01","PAULDING|THE EVENT'S PLACE",2e-06
"COBB|MCEACHERN 01","PAULDING|TABERNACLE BAPTIST CHURCH",2e-06
"COBB|MT BETHEL 01","COBB|MT BETHEL 01",0.999999
"COBB|MT BETHEL 03","COBB|MT BETHEL 03",0.999207
"COBB|MT BETHEL 03","COBB|SOPE CREEK 03",0.000718
"COBB|MT BETHEL 03","COBB|MT BETHEL 01",4.2e-05
"COBB|MT BETHEL 03","COBB|MT BETHEL 04",3.4e-05
"COBB|MT BETHEL 04","COBB|MT BETHEL 04",0.998916
"COBB|MT BETHEL 04","COBB|MT BETHEL 03",0.001084
"COBB|MURDOCK 01","COBB|MURDOCK 01",1
"COBB|NICHOLSON 01","COBB|NICHOLSON 01",0.99994
"COBB|NICHOLSON 01","COBB|KELL 01",5.9e-05
"COBB|NICKAJACK 01","COBB|NICKAJACK 01",0.991864
"COBB|NICKAJACK 01","COBB|SMYRNA 7A",0.00463
"COBB|NICKAJACK 01","COBB|SMYRNA 4A",0.00276
"COBB|NICKAJACK 01","COBB|SMYRNA 6A",0.000698
"COBB|NICKAJACK 01","COBB|VININGS 03",4.8e-05
"COBB|NORTH COBB 01","COBB|NORTH COBB 01",0.856116
"COBB|NORTH COBB 01","COBB|ACWORTH 1A",0.057005
"COBB|NORTH COBB 01","COBB|ACWORTH 1C",0.032051
"COBB|NORTH COBB 01","COBB|KENNESAW 4A",0.029201
"COBB|NORTH COBB 01","COBB|ACWORTH 1B",0.022921
"COBB|NORTH COBB 01","COBB|KENNESAW 2A",0.001328
"COBB|NORTH COBB 01","COBB|KENNESAW 5A",0.001202
"COBB|NORTH COBB 01","COBB|BAKER 01",0.000175
"COBB|NORTON PARK 01","COBB|NORTON PARK 01",0.884162
"COBB|NORTON PARK 01","COBB|SMYRNA 4A",0.046489
"COBB|NORTON PARK 01","COBB|SMYRNA 3B",0.023173
"COBB|NORTON PARK 01","COBB|SMYRNA 5A",0.021873
"COBB|NORTON PARK 01","COBB|MABLETON 6B",0.012884
"COBB|NORTON PARK 01","COBB|BIRNEY 01",0.005752
"COBB|NORTON PARK 01","COBB|MABLETON 4A",0.005665
"COBB|NORTON PARK 01","COBB|FAIR OAKS 04",1e-06
"COBB|OAKDALE 01","COBB|OAKDALE 01",0.913312
"COBB|OAKDALE 01","COBB|SMYRNA 6A",0.046439
"COBB|OAKDALE 01","COBB|SMYRNA 4A",0.029849
"COBB|OAKDALE 01","COBB|SMYRNA 7A",0.00889
"COBB|OAKDALE 01","COBB|NICKAJACK 01",0.001509
"COBB|OREGON 01","COBB|OREGON 01",1
"COBB|OREGON 02","COBB|OREGON 02",0.887084
"COBB|OREGON 02","COBB|MABLETON 6A",0.10881
"COBB|OREGON 02","COBB|BIRNEY 01",0.003506
"COBB|OREGON 02","COBB|MABLETON 6B",0.000591
"COBB|OREGON 02","COBB|FAIR OAKS 02",6e-06
"COBB|OREGON 02","COBB|OREGON 04",2e-06
"COBB|OREGON 03","COBB|OREGON 03",0.982076
"COBB|OREGON 03","COBB|CHEATHAM HILL 03",0.009619
"COBB|OREGON 03","COBB|MARIETTA 2A",0.002303
"COBB|OREGON 03","COBB|FAIR OAKS 04",0.001853
"COBB|OREGON 03","COBB|MARIETTA 3B",0.00155
"COBB|OREGON 03","COBB|MARIETTA 2B",0.001169
"COBB|OREGON 03","COBB|FAIR OAKS 02",0.000894
"COBB|OREGON 03","COBB|DOBBINS 01",0.000331
"COBB|OREGON 03","COBB|MARIETTA 1A",0.000204
"COBB|OREGON 04","COBB|OREGON 04",0.99503
"COBB|OREGON 04","COBB|CLARKDALE 01",0.002776
"COBB|OREGON 04","COBB|FAIR OAKS 02",0.001426
"COBB|OREGON 04","COBB|OREGON 02",0.000765
"COBB|OREGON 04","COBB|MACLAND 01",3e-06
"COBB|OREGON 05","COBB|OREGON 05",0.994558
"COBB|OREGON 05","COBB|MACLAND 01",0.004754
"COBB|OREGON 05","COBB|OREGON 04",0.000687
"COBB|PALMER 01","COBB|PALMER 01",0.997756
"COBB|PALMER 01","COBB|BELLS FERRY 04",0.00207
"COBB|PALMER 01","COBB|BIG SHANTY 02",0.000174
"COBB|PALMER 01","COBB|CHALKER 01",1e-06
"COBB|PEBBLEBROOK 01","COBB|MABLETON 1A",0.511868
"COBB|PEBBLEBROOK 01","COBB|MABLETON 3A",0.48813
"COBB|PEBBLEBROOK 01","DOUGLAS|ATLANTA WEST PENTECOSTAL",2e-06
"COBB|PINE MOUNTAIN 01","COBB|PINE MOUNTAIN 01",0.990425
"COBB|PINE MOUNTAIN 01","COBB|KENNESAW 2A",0.004964
"COBB|PINE MOUNTAIN 01","COBB|MARIETTA 4C",0.004397
"COBB|PINE MOUNTAIN 01","COBB|HAYES 01",0.000209
"COBB|PINE MOUNTAIN 01","COBB|LOST MOUNTAIN 04",3e-06
"COBB|PINE MOUNTAIN 01","COBB|HARRISON 01",1e-06
"COBB|PINE MOUNTAIN 02","COBB|PINE MOUNTAIN 02",0.968804
"COBB|PINE MOUNTAIN 02","COBB|MARIETTA 4C",0.025309
"COBB|PINE MOUNTAIN 02","COBB|KENNESAW 3A",0.005619
"COBB|PINE MOUNTAIN 02","COBB|ELIZABETH 01",0.000267
"COBB|PITNER 01","COBB|PITNER 01",0.985086
"COBB|PITNER 01","COBB|BIG SHANTY 02",0.014612
"COBB|PITNER 01","COBB|BELLS FERRY 04",0.000299
"COBB|PITNER 01","CHEROKEE|CLARK CREEK",3e-06
"COBB|POPE 01","COBB|POPE 01",0.998855
"COBB|POPE 01","COBB|SHALLOWFORD FALLS 01",0.000629
"COBB|POPE 01","COBB|GARRISON MILL 01",0.000516
"COBB|POST OAK 01","COBB|POST OAK 01",0.999819
"COBB|POST OAK 01","COBB|WILLEO 01",0.000172
"COBB|POST OAK 01","COBB|GARRISON MILL 01",8e-06
"COBB|POWDER SPRINGS 1A","COBB|POWDER SPRINGS 1A",0.995402
"COBB|POWDER SPRINGS 1A","COBB|SWEETWATER 01",0.00194
"COBB|POWDER SPRINGS 1A","COBB|MCEACHERN 01",0.001799
"COBB|POWDER SPRINGS 1A","COBB|POWDER SPRINGS 3A",0.000499
"COBB|POWDER SPRINGS 1A","COBB|CLARKDALE 02",0.000317
"COBB|POWDER SPRINGS 1A","COBB|AUSTELL 1B",4.3e-05
"COBB|POWDER SPRINGS 2A","COBB|POWDER SPRINGS 2A",0.994041
"COBB|POWDER SPRINGS 2A","COBB|CLARKDALE 01",0.005277
"COBB|POWDER SPRINGS 2A","COBB|MCEACHERN 01",0.000608
"COBB|POWDER SPRINGS 2A","COBB|MACLAND 01",6.2e-05
"COBB|POWDER SPRINGS 2A","COBB|POWDER SPRINGS 3A",1.1e-05
"COBB|POWDER SPRINGS 3A","COBB|POWDER SPRINGS 3A",0.997063
"COBB|POWDER SPRINGS 3A","COBB|MCEACHERN 01",0.001561
"COBB|POWDER SPRINGS 3A","COBB|MACLAND 01",0.000617
"COBB|POWDER SPRINGS 3A","COBB|POWDER SPRINGS 2A",0.000511
"COBB|POWDER SPRINGS 3A","COBB|POWDER SPRINGS 1A",0.000247
"COBB|POWERS FERRY 01","COBB|POWERS FERRY 01",0.984545
"COBB|POWERS FERRY 01","COBB|MARIETTA 6A",0.009018
"COBB|POWERS FERRY 01","COBB|MARIETTA 7A",0.006437
"COBB|RIVERSIDE 01","COBB|MABLETON 2A",1
"COBB|ROCKY MOUNT 01","COBB|ROCKY MOUNT 01",0.999999
"COBB|ROSWELL 01","COBB|ROSWELL 01",0.999999
"COBB|ROSWELL 02","COBB|ROSWELL 02",0.999997
"COBB|ROSWELL 02","COBB|CHESTNUT RIDGE 01",2e-06
"COBB|SANDY PLAINS 01","COBB|SANDY PLAINS 01",0.999996
"COBB|SEWELL MILL 01","COBB|SEWELL MILL 01",0.999601
"COBB|SEWELL MILL 01","COBB|SEWELL MILL 03",0.000215
"COBB|SEWELL MILL 01","COBB|ELIZABETH 04",0.000182
"COBB|SEWELL MILL 03","COBB|SEWELL MILL 03",0.996628
"COBB|SEWELL MILL 03","COBB|MARIETTA 6A",0.001889
"COBB|SEWELL MILL 03","COBB|MARIETTA 5A",0.001482
"COBB|SHALLOWFORD FALLS 01","COBB|SHALLOWFORD FALLS 01",0.999997
"COBB|SHALLOWFORD FALLS 01","COBB|GARRISON MILL 01",2e-06
"COBB|SIMPSON 01","COBB|SIMPSON 01",1
"COBB|SMYRNA 1A","COBB|SMYRNA 1A",0.924719
"COBB|SMYRNA 1A","COBB|DOBBINS 02",0.03976
"COBB|SMYRNA 1A","COBB|VININGS 02",0.035518
"COBB|SMYRNA 1A","COBB|SMYRNA 2A",2e-06
"COBB|SMYRNA 2A","COBB|SMYRNA 2A",0.792352
"COBB|SMYRNA 2A","COBB|SMYRNA 1A",0.19737
"COBB|SMYRNA 2A","COBB|MARIETTA 7A",0.009793
"COBB|SMYRNA 2A","COBB|DOBBINS 02",0.000486
"COBB|SMYRNA 3A","COBB|SMYRNA 3A",0.73937
"COBB|SMYRNA 3A","COBB|SMYRNA 2A",0.203402
"COBB|SMYRNA 3A","COBB|SMYRNA 5A",0.038826
"COBB|SMYRNA 3A","COBB|DOBBINS 01",0.011654
"COBB|SMYRNA 3A","COBB|DOBBINS 02",0.006748
"COBB|SMYRNA 3B","COBB|SMYRNA 3B",0.844285
"COBB|SMYRNA 3B","COBB|SMYRNA 4A",0.078332
"COBB|SMYRNA 3B","COBB|SMYRNA 5A",0.056019
"COBB|SMYRNA 3B","COBB|NORTON PARK 01",0.021364
"COBB|SMYRNA 4A","COBB|SMYRNA 4A",0.819051
"COBB|SMYRNA 4A","COBB|SMYRNA 6A",0.102942
"COBB|SMYRNA 4A","COBB|SMYRNA 3B",0.051804
"COBB|SMYRNA 4A","COBB|OAKDALE 01",0.01381
"COBB|SMYRNA 4A","COBB|NORTON PARK 01",0.00586
"COBB|SMYRNA 4A","COBB|BIRNEY 01",0.00429
"COBB|SMYRNA 4A","COBB|MABLETON 6B",0.00219
"COBB|SMYRNA 4A","COBB|MABLETON 4A",5.2e-05
"COBB|SMYRNA 5A","COBB|SMYRNA 5A",0.967407
"COBB|SMYRNA 5A","COBB|NORTON PARK 01",0.025701
"COBB|SMYRNA 5A","COBB|DOBBINS 01",0.003759
"COBB|SMYRNA 5A","COBB|FAIR OAKS 04",0.003133
"COBB|SMYRNA 6A","COBB|SMYRNA 6A",0.895533
"COBB|SMYRNA 6A","COBB|SMYRNA 1A",0.080448
"COBB|SMYRNA 6A","COBB|OAKDALE 01",0.022341
"COBB|SMYRNA 6A","COBB|NICKAJACK 01",0.001677
"COBB|SMYRNA 7A","COBB|SMYRNA 7A",0.861999
"COBB|SMYRNA 7A","COBB|SMYRNA 4A",0.090016
"COBB|SMYRNA 7A","COBB|MABLETON 4C",0.013747
"COBB|SMYRNA 7A","COBB|NICKAJACK 01",0.009777
"COBB|SMYRNA 7A","COBB|OAKDALE 01",0.009445
"COBB|SMYRNA 7A","COBB|MABLETON 4A",0.00933
"COBB|SMYRNA 7A","COBB|MABLETON 4B",0.005685
"COBB|SOPE CREEK 01","COBB|SOPE CREEK 01",0.998786
"COBB|SOPE CREEK 01","COBB|MT BETHEL 04",0.000692
"COBB|SOPE CREEK 01","COBB|EASTSIDE 01",0.000521
"COBB|SOPE CREEK 01","COBB|SEWELL MILL 03",1e-06
"COBB|SOPE CREEK 02","COBB|SOPE CREEK 02",0.987191
"COBB|SOPE CREEK 02","COBB|SOPE CREEK 03",0.012502
"COBB|SOPE CREEK 02","COBB|CHATTAHOOCHEE 01",0.000306
"COBB|SOPE CREEK 03","COBB|SOPE CREEK 03",0.998099
"COBB|SOPE CREEK 03","COBB|SOPE CREEK 02",0.001632
"COBB|SOPE CREEK 03","COBB|MT BETHEL 03",0.000269
"COBB|SWEETWATER 01","COBB|SWEETWATER 01",0.98929
"COBB|SWEETWATER 01","COBB|POWDER SPRINGS 1A",0.01071
"COBB|SWEETWATER 02","COBB|MABLETON 6A",0.485563
"COBB|SWEETWATER 02","COBB|MABLETON 6B",0.413043
"COBB|SWEETWATER 02","COBB|MABLETON 5A",0.10139
"COBB|SWEETWATER 02","COBB|MABLETON 4A",3e-06
"COBB|SWEETWATER 02","COBB|OREGON 02",1e-06
"COBB|TERRELL MILL 01","COBB|TERRELL MILL 01",0.997491
"COBB|TERRELL MILL 01","COBB|MARIETTA 7A",0.001402
"COBB|TERRELL MILL 01","COBB|MARIETTA 6A",0.000481
"COBB|TERRELL MILL 01","COBB|SOPE CREEK 02",0.000348
"COBB|TERRELL MILL 01","COBB|EASTSIDE 02",0.000278
"COBB|TIMBER RIDGE 01","COBB|TIMBER RIDGE 01",1
"COBB|VAUGHAN 01","COBB|VAUGHAN 01",0.999992
"COBB|VAUGHAN 01","PAULDING|EAST PAULDING MIDDLE SCHOOL",8e-06
"COBB|VININGS 01","COBB|VININGS 01",0.999179
"COBB|VININGS 01","COBB|CHATTAHOOCHEE 01",0.000809
"COBB|VININGS 01","FULTON|08A",7e-06
"COBB|VININGS 01","COBB|DOBBINS 02",5e-06
"COBB|VININGS 02","COBB|VININGS 02",0.997141
"COBB|VININGS 02","COBB|SMYRNA 1A",0.002859
"COBB|VININGS 03","COBB|VININGS 03",0.992173
"COBB|VININGS 03","COBB|NICKAJACK 01",0.007574
"COBB|VININGS 03","COBB|VININGS 02",0.000253
"COBB|VININGS 04","COBB|VININGS 04",0.99938
"COBB|VININGS 04","COBB|VININGS 02",0.00062
"COBB|WADE GREEN 02","COBB|WADE GREEN 01",0.545374
"COBB|WADE GREEN 02","COBB|WADE GREEN 02",0.435904
"COBB|WADE GREEN 02","CHEROKEE|CLARK CREEK",0.014726
"COBB|WADE GREEN 02","COBB|PITNER 01",0.003219
"COBB|WADE GREEN 02","COBB|KENNESAW 3A",0.000777
"COBB|WILLEO 01","COBB|WILLEO 01",0.941788
"COBB|WILLEO 01","COBB|SHALLOWFORD FALLS 01",0.055594
"COBB|WILLEO 01","COBB|POST OAK 01",0.002617
"COFFEE|AMBROSE","COFFEE|AMBROSE",0.999973
"COFFEE|AMBROSE","COFFEE|DOUGLAS",2.2e-05
"COFFEE|AMBROSE","COFFEE|BROXTON",5e-06
"COFFEE|BRIDGETOWN","COFFEE|BRIDGETOWN",0.999999
"COFFEE|BRIDGETOWN","COFFEE|DOUGLAS",1e-06
"COFFEE|BROXTON","COFFEE|BROXTON",1
"COFFEE|DOUGLAS","COFFEE|DOUGLAS",0.999998
"COFFEE|DOUGLAS","ATKINSON|AXSON",2e-06
"COFFEE|NICHOLLS","COFFEE|NICHOLLS",0.999948
"COFFEE|NICHOLLS","COFFEE|DOUGLAS",5.1e-05
"COFFEE|WEST GREEN","COFFEE|WEST GREEN",1
"COLQUITT|AUTREYVILLE","COLQUITT|AUTREYVILLE",0.999954
"COLQUITT|AUTREYVILLE","COLQUITT|HOPEWELL",4.6e-05
"COLQUITT|BRIDGECREEK","COLQUITT|BRIDGECREEK",0.999988
"COLQUITT|BRIDGECREEK","COLQUITT|FUNSTON",1.1e-05
"COLQUITT|CROSLAND","COLQUITT|CROSLAND",1
"COLQUITT|DOERUN","COLQUITT|DOERUN",0.99998
"COLQUITT|DOERUN","COLQUITT|MILLCREEK",1.9e-05
"COLQUITT|FUNSTON","COLQUITT|FUNSTON",0.999935
"COLQUITT|FUNSTON","COLQUITT|MILLCREEK",6.5e-05
"COLQUITT|HAMILTON","COLQUITT|HAMILTON",1
"COLQUITT|HARTSFIELD","COLQUITT|HARTSFIELD",1
"COLQUITT|HOPEWELL","COLQUITT|HOPEWELL",1
"COLQUITT|LEE","COLQUITT|LEE",0.999921
"COLQUITT|LEE","COLQUITT|WARRIOR",7.5e-05
"COLQUITT|LEE","COLQUITT|MOULTRIE",4e-06
"COLQUITT|MILLCREEK","COLQUITT|MILLCREEK",0.99992
"COLQUITT|MILLCREEK","COLQUITT|DOERUN",8e-05
"COLQUITT|MONK","COLQUITT|MONK",0.999999
"COLQUITT|MOULTRIE","COLQUITT|MOULTRIE",0.998201
"COLQUITT|MOULTRIE","COLQUITT|BRIDGECREEK",0.001538
"COLQUITT|MOULTRIE","COLQUITT|LEE",0.000155
"COLQUITT|MOULTRIE","COLQUITT|AUTREYVILLE",0.000106
"COLQUITT|MURPHY","COLQUITT|MURPHY",0.999999
"COLQUITT|NORMAN PARK","COLQUITT|NORMAN PARK",0.999999
"COLQUITT|NORMAN PARK","COLQUITT|MONK",1e-06
"COLQUITT|ROBINSON","COLQUITT|ROBINSON",1
"COLQUITT|SHAW","COLQUITT|SHAW",0.999964
"COLQUITT|SHAW","COLQUITT|MONK",3.6e-05
"COLQUITT|THIGPEN","COLQUITT|THIGPEN",1
"COLQUITT|TYTY","COLQUITT|TYTY",0.999998
"COLQUITT|WARRIOR","COLQUITT|WARRIOR",1
"COLUMBIA|ABILENE BAPTIST","COLUMBIA|ABILENE BAPTIST CHURCH",1
"COLUMBIA|AUGUSTA CHRISTIAN","COLUMBIA|AUGUSTA CHRISTIAN SCHOOL",0.999985
"COLUMBIA|AUGUSTA CHRISTIAN","RICHMOND|707",1.4e-05
"COLUMBIA|BELAIR BAPTIST CHURCH","COLUMBIA|BELAIR BAPTIST CHURCH",0.976554
"COLUMBIA|BELAIR BAPTIST CHURCH","COLUMBIA|G A APOSTOLIC CHURCH",0.016048
"COLUMBIA|BELAIR BAPTIST CHURCH","COLUMBIA|BLANCHARD PARK",0.005769
"COLUMBIA|BELAIR BAPTIST CHURCH","COLUMBIA|WOODLAWN BAPT CHURCH",0.001629
"COLUMBIA|BESSIE THOMAS CENTER","COLUMBIA|SECOND MOUNT MORIAH BAPTIST CHURCH",0.654677
"COLUMBIA|BESSIE THOMAS CENTER","COLUMBIA|THE FORMER EUCHEE CREEK LIBRARY",0.336397
"COLUMBIA|BESSIE THOMAS CENTER","COLUMBIA|KIOKEE BAPTIST CHURCH",0.008831
"COLUMBIA|BESSIE THOMAS CENTER","COLUMBIA|HARLEM BRANCH LIBRARY",9.5e-05
"COLUMBIA|BLANCHARD PARK","COLUMBIA|BLANCHARD PARK",0.999181
"COLUMBIA|BLANCHARD PARK","COLUMBIA|G A APOSTOLIC CHURCH",0.000817
"COLUMBIA|BLANCHARD PARK","COLUMBIA|BELAIR BAPTIST CHURCH",1e-06
"COLUMBIA|BLUERIDGE ELEMENTARY","COLUMBIA|CCBOE - SUPPORT COMPLEX",0.999013
"COLUMBIA|BLUERIDGE ELEMENTARY","COLUMBIA|AUGUSTA CHRISTIAN SCHOOL",0.000952
"COLUMBIA|BLUERIDGE ELEMENTARY","COLUMBIA|SAVANNAH RAPIDS PAVILION",3.3e-05
"COLUMBIA|BLUERIDGE ELEMENTARY","COLUMBIA|CHRIST THE KING LUTHERAN CHURCH",2e-06
"COLUMBIA|CHRIST CHURCH, PRESBYTERIAN","COLUMBIA|CHRIST CHURCH, PRESBYTERIAN",0.981945
"COLUMBIA|CHRIST CHURCH, PRESBYTERIAN","COLUMBIA|WESLEY METHODIST CHURCH",0.017627
"COLUMBIA|CHRIST CHURCH, PRESBYTERIAN","COLUMBIA|GOSPEL WATER BRANCH BAPT. CHURCH",0.000223
"COLUMBIA|CHRIST CHURCH, PRESBYTERIAN","COLUMBIA|JOURNEY COMM. CHURCH",0.000205
"COLUMBIA|CHRIST SANCTIFIED","COLUMBIA|CHRIST SANCTIFIED CHURCH",0.999275
"COLUMBIA|CHRIST SANCTIFIED","COLUMBIA|TRINITY BAPTIST CHURCH",0.000641
"COLUMBIA|CHRIST SANCTIFIED","COLUMBIA|HARVEST POINTE FELLOWSHIP",8.3e-05
"COLUMBIA|CHRIST THE KING CH","COLUMBIA|CHRIST THE KING LUTHERAN CHURCH",0.95269
"COLUMBIA|CHRIST THE KING CH","COLUMBIA|COL CTY MAIN LIBRARY",0.047309
"COLUMBIA|CHURCH OF OUR SAVIOR","COLUMBIA|CHURCH OF OUR SAVIOR",0.999997
"COLUMBIA|CHURCH OF OUR SAVIOR","COLUMBIA|HARVEST POINTE FELLOWSHIP",1e-06
"COLUMBIA|CHURCH OF OUR SAVIOR","COLUMBIA|ABILENE BAPTIST CHURCH",1e-06
"COLUMBIA|COL CTY BOARD OF EDU","COLUMBIA|COL CTY BOARD OF EDU",0.999844
"COLUMBIA|COL CTY BOARD OF EDU","COLUMBIA|JOURNEY COMM. CHURCH",0.000156
"COLUMBIA|COL CTY MAIN LIBRARY","COLUMBIA|COL CTY MAIN LIBRARY",0.998301
"COLUMBIA|COL CTY MAIN LIBRARY","COLUMBIA|WESLEY METHODIST CHURCH",0.000676
"COLUMBIA|COL CTY MAIN LIBRARY","COLUMBIA|CCBOE - SUPPORT COMPLEX",0.000591
"COLUMBIA|COL CTY MAIN LIBRARY","COLUMBIA|CHRIST THE KING LUTHERAN CHURCH",0.00043
"COLUMBIA|DAMASCUS BAPT CHURCH","COLUMBIA|DAMASCUS BAPTIST CHURCH",0.999875
"COLUMBIA|DAMASCUS BAPT CHURCH","COLUMBIA|EUBANK/BLANCHARD CTR",0.000125
"COLUMBIA|EUBANK/BLANCHARD CTR","COLUMBIA|EUBANK/BLANCHARD CTR",0.732095
"COLUMBIA|EUBANK/BLANCHARD CTR","COLUMBIA|KIOKEE BAPTIST CHURCH",0.267631
"COLUMBIA|EUBANK/BLANCHARD CTR","MCDUFFIE|NORTH MCDUFFIE",0.00027
"COLUMBIA|EUBANK/BLANCHARD CTR","COLUMBIA|DAMASCUS BAPTIST CHURCH",4e-06
"COLUMBIA|G A APOSTOLIC CHURCH","COLUMBIA|G A APOSTOLIC CHURCH",0.999267
"COLUMBIA|G A APOSTOLIC CHURCH","COLUMBIA|BLANCHARD PARK",0.000682
"COLUMBIA|G A APOSTOLIC CHURCH","COLUMBIA|GROVETOWN BRANCH LIBRARY",5.2e-05
"COLUMBIA|GENESIS CHURCH","COLUMBIA|ACS - FURYS FERRY RD CAMPUS",0.99693
"COLUMBIA|GENESIS CHURCH","COLUMBIA|AUGUSTA CHRISTIAN SCHOOL",0.00307
"COLUMBIA|GOLD CROSS EMS","COLUMBIA|HARVEST POINTE FELLOWSHIP",0.993968
"COLUMBIA|GOLD CROSS EMS","COLUMBIA|COLUMBIA CO. FIRE  HDQTR.",0.004733
"COLUMBIA|GOLD CROSS EMS","COLUMBIA|WEST ACRES BAPTIST CHURCH",0.001287
"COLUMBIA|GOLD CROSS EMS","COLUMBIA|CHRIST SANCTIFIED CHURCH",1.1e-05
"COLUMBIA|GOSPEL WATER BRANCH","COLUMBIA|GOSPEL WATER BRANCH BAPT. CHURCH",0.979939
"COLUMBIA|GOSPEL WATER BRANCH","COLUMBIA|STEVENS CREEK CHURCH",0.019754
"COLUMBIA|GOSPEL WATER BRANCH","COLUMBIA|WESLEY METHODIST CHURCH",0.000305
"COLUMBIA|GOSPEL WATER BRANCH","COLUMBIA|CHRIST CHURCH, PRESBYTERIAN",2e-06
"COLUMBIA|GRACE BAPTIST CHURCH","COLUMBIA|GRACE BAPTIST CHURCH",0.999573
"COLUMBIA|GRACE BAPTIST CHURCH","COLUMBIA|JOURNEY COMM. CHURCH",0.000427
"COLUMBIA|GREENBRIER HIGH","COLUMBIA|GRACE BAPTIST CHURCH",0.998893
"COLUMBIA|GREENBRIER HIGH","COLUMBIA|JOURNEY COMM. CHURCH",0.001047
"COLUMBIA|GREENBRIER HIGH","COLUMBIA|SECOND MT. CARMEL BAPTIST CHURCH",5.7e-05
"COLUMBIA|GREENBRIER HIGH","COLUMBIA|COL CTY BOARD OF EDU",3e-06
"COLUMBIA|GROVE FIRST BAPTIST CHURCH","COLUMBIA|GROVETOWN BRANCH LIBRARY",0.683213
"COLUMBIA|GROVE FIRST BAPTIST CHURCH","COLUMBIA|THE FORMER EUCHEE CREEK LIBRARY",0.312827
"COLUMBIA|GROVE FIRST BAPTIST CHURCH","COLUMBIA|NEW LIFE CHURCH",0.003779
"COLUMBIA|GROVE FIRST BAPTIST CHURCH","COLUMBIA|GROVETOWN DEPT OF PUBLIC SAFETY STATION #2",0.000181
"COLUMBIA|GROVETOWN DEPT OF PUBLIC SAFETY STATION #2","COLUMBIA|LIBERTY PARK - GROVETOWN",0.465071
"COLUMBIA|GROVETOWN DEPT OF PUBLIC SAFETY STATION #2","COLUMBIA|GROVETOWN DEPT OF PUBLIC SAFETY STATION #2",0.341358
"COLUMBIA|GROVETOWN DEPT OF PUBLIC SAFETY STATION #2","COLUMBIA|THE FORMER EUCHEE CREEK LIBRARY",0.193571
"COLUMBIA|GROVETOWN METHODIST","COLUMBIA|GROVETOWN METHODIST CHURCH",0.748987
"COLUMBIA|GROVETOWN METHODIST","COLUMBIA|G A APOSTOLIC CHURCH",0.227477
"COLUMBIA|GROVETOWN METHODIST","COLUMBIA|GROVETOWN BRANCH LIBRARY",0.015336
"COLUMBIA|GROVETOWN METHODIST","COLUMBIA|LIBERTY PARK - GROVETOWN",0.007901
"COLUMBIA|GROVETOWN METHODIST","RICHMOND|310",0.000298
"COLUMBIA|HARLEM BRANCH LIBRARY","COLUMBIA|HARLEM BRANCH LIBRARY",0.807274
"COLUMBIA|HARLEM BRANCH LIBRARY","COLUMBIA|THE FORMER EUCHEE CREEK LIBRARY",0.144765
"COLUMBIA|HARLEM BRANCH LIBRARY","COLUMBIA|LIBERTY PARK - GROVETOWN",0.047879
"COLUMBIA|HARLEM BRANCH LIBRARY","COLUMBIA|SECOND MOUNT MORIAH BAPTIST CHURCH",8.2e-05
"COLUMBIA|HARLEM SENIOR CENTER","COLUMBIA|HARLEM SENIOR CENTER",1
"COLUMBIA|JOURNEY COMM. CHURCH","COLUMBIA|JOURNEY COMM. CHURCH",0.999303
"COLUMBIA|JOURNEY COMM. CHURCH","COLUMBIA|WESLEY METHODIST CHURCH",0.000676
"COLUMBIA|JOURNEY COMM. CHURCH","COLUMBIA|GRACE BAPTIST CHURCH",1.1e-05
"COLUMBIA|JOURNEY COMM. CHURCH","COLUMBIA|CHRIST CHURCH, PRESBYTERIAN",1e-05
"COLUMBIA|KIOKEE BAPT CHURCH","COLUMBIA|KIOKEE BAPTIST CHURCH",0.999703
"COLUMBIA|KIOKEE BAPT CHURCH","MCDUFFIE|NORTH MCDUFFIE",0.000121
"COLUMBIA|KIOKEE BAPT CHURCH","COLUMBIA|COLUMBIA COUNTY HEALTH DEPARTMENT",9.3e-05
"COLUMBIA|KIOKEE BAPT CHURCH","MCDUFFIE|WHITE OAK",8.3e-05
"COLUMBIA|LAKESIDE MIDDLE","COLUMBIA|CCBOE - SUPPORT COMPLEX",1
"COLUMBIA|LEWIS METHODIST","COLUMBIA|LEWIS METHODIST CHURCH",0.998953
"COLUMBIA|LEWIS METHODIST","COLUMBIA|TRINITY BAPTIST CHURCH",0.001006
"COLUMBIA|LEWIS METHODIST","COLUMBIA|CHRIST SANCTIFIED CHURCH",3.6e-05
"COLUMBIA|LEWIS METHODIST","COLUMBIA|WOODLAWN BAPT CHURCH",5e-06
"COLUMBIA|LIBERTY PARK - GROVETOWN","COLUMBIA|LIBERTY PARK - GROVETOWN",0.97704
"COLUMBIA|LIBERTY PARK - GROVETOWN","COLUMBIA|GROVETOWN BRANCH LIBRARY",0.022537
"COLUMBIA|LIBERTY PARK - GROVETOWN","COLUMBIA|GROVETOWN METHODIST CHURCH",0.000422
"COLUMBIA|MARTINEZ BAPTIST","COLUMBIA|MARTINEZ BAPTIST CHURCH",0.999999
"COLUMBIA|MARTINEZ BAPTIST","COLUMBIA|COLUMBIA CO. FIRE  HDQTR.",1e-06
"COLUMBIA|MARVIN METHODIST","COLUMBIA|WESTMINSTER PRESBYTERIAN CHURCH",0.980226
"COLUMBIA|MARVIN METHODIST","COLUMBIA|ABILENE BAPTIST CHURCH",0.017765
"COLUMBIA|MARVIN METHODIST","COLUMBIA|G A APOSTOLIC CHURCH",0.001946
"COLUMBIA|MARVIN METHODIST","COLUMBIA|TRINITY BAPTIST CHURCH",6.3e-05
"COLUMBIA|MTZ COL FIRE HDQTR.","COLUMBIA|COLUMBIA CO. FIRE  HDQTR.",0.999977
"COLUMBIA|MTZ COL FIRE HDQTR.","COLUMBIA|HARVEST POINTE FELLOWSHIP",1.8e-05
"COLUMBIA|MTZ COL FIRE HDQTR.","COLUMBIA|MARTINEZ BAPTIST CHURCH",5e-06
"COLUMBIA|NEW LIFE CHURCH","COLUMBIA|COLUMBIA COUNTY HEALTH DEPARTMENT",0.578902
"COLUMBIA|NEW LIFE CHURCH","COLUMBIA|NEW LIFE CHURCH",0.292036
"COLUMBIA|NEW LIFE CHURCH","COLUMBIA|MACEDONIA CHURCH OF GROVETOWN",0.129062
"COLUMBIA|PARKWAY BAPTIST CHURCH","COLUMBIA|PARKWAY ELEMENTARY SCHOOL",0.659482
"COLUMBIA|PARKWAY BAPTIST CHURCH","COLUMBIA|PARKWAY BAPTIST CHURCH",0.340463
"COLUMBIA|PARKWAY BAPTIST CHURCH","COLUMBIA|PATRIOTS PARK",5.4e-05
"COLUMBIA|PATRIOTS PARK","COLUMBIA|PATRIOTS PARK",0.527374
"COLUMBIA|PATRIOTS PARK","COLUMBIA|LEWIS METHODIST CHURCH",0.249452
"COLUMBIA|PATRIOTS PARK","COLUMBIA|STEVENS CREEK CHURCH - GROVETOWN",0.223009
"COLUMBIA|PATRIOTS PARK","COLUMBIA|COLUMBIA COUNTY HEALTH DEPARTMENT",0.000165
"COLUMBIA|PHILADELPHIA CHURCH","COLUMBIA|THE FORMER EUCHEE CREEK LIBRARY",0.933657
"COLUMBIA|PHILADELPHIA CHURCH","COLUMBIA|HARLEM BRANCH LIBRARY",0.049475
"COLUMBIA|PHILADELPHIA CHURCH","COLUMBIA|LIBERTY PARK - GROVETOWN",0.011707
"COLUMBIA|PHILADELPHIA CHURCH","COLUMBIA|COLUMBIA COUNTY HEALTH DEPARTMENT",0.005161
"COLUMBIA|RIVERVIEW CHURCH","COLUMBIA|JOURNEY COMM. CHURCH",0.999726
"COLUMBIA|RIVERVIEW CHURCH","COLUMBIA|GRACE BAPTIST CHURCH",0.000274
"COLUMBIA|SAVANNAH RAPIDS PAVILION","COLUMBIA|SAVANNAH RAPIDS PAVILION",1
"COLUMBIA|SECOND MOUNT MORIAH BAPTIST CHURCH","COLUMBIA|SECOND MOUNT MORIAH BAPTIST CHURCH",0.919599
"COLUMBIA|SECOND MOUNT MORIAH BAPTIST CHURCH","COLUMBIA|HARLEM BRANCH LIBRARY",0.080398
"COLUMBIA|SECOND MOUNT MORIAH BAPTIST CHURCH","COLUMBIA|THE FORMER EUCHEE CREEK LIBRARY",3e-06
"COLUMBIA|SECOND MT. CARMEL BAPTIST CHURCH","COLUMBIA|SECOND MT. CARMEL BAPTIST CHURCH",0.999991
"COLUMBIA|SECOND MT. CARMEL BAPTIST CHURCH","COLUMBIA|GRACE BAPTIST CHURCH",8e-06
"COLUMBIA|SECOND MT. CARMEL BAPTIST CHURCH","COLUMBIA|EUBANK/BLANCHARD CTR",1e-06
"COLUMBIA|STEVENS CREEK CHURCH","COLUMBIA|STEVENS CREEK CHURCH",0.999999
"COLUMBIA|TRINITY BAPT CHURCH","COLUMBIA|TRINITY BAPTIST CHURCH",0.999626
"COLUMBIA|TRINITY BAPT CHURCH","COLUMBIA|WESTMINSTER PRESBYTERIAN CHURCH",0.000373
"COLUMBIA|WESLEY METHODIST","COLUMBIA|WESLEY METHODIST CHURCH",0.907167
"COLUMBIA|WESLEY METHODIST","COLUMBIA|COL CTY MAIN LIBRARY",0.05218
"COLUMBIA|WESLEY METHODIST","COLUMBIA|CHRIST CHURCH, PRESBYTERIAN",0.040653
"COLUMBIA|WEST ACRES BAPTIST","COLUMBIA|WEST ACRES BAPTIST CHURCH",0.999355
"COLUMBIA|WEST ACRES BAPTIST","COLUMBIA|COL CTY BOARD OF EDU",0.000642
"COLUMBIA|WEST ACRES BAPTIST","COLUMBIA|COL CTY MAIN LIBRARY",2e-06
"COLUMBIA|WESTSIDE BAPT CHURCH","COLUMBIA|ABILENE BAPTIST CHURCH",0.999272
"COLUMBIA|WESTSIDE BAPT CHURCH","COLUMBIA|WESTMINSTER PRESBYTERIAN CHURCH",0.000727
"COLUMBIA|WOODLAWN BAPT CHURCH","COLUMBIA|WOODLAWN BAPT CHURCH",0.990518
"COLUMBIA|WOODLAWN BAPT CHURCH","COLUMBIA|G A APOSTOLIC CHURCH",0.008953
"COLUMBIA|WOODLAWN BAPT CHURCH","COLUMBIA|BELAIR BAPTIST CHURCH",0.000331
"COLUMBIA|WOODLAWN BAPT CHURCH","COLUMBIA|LEWIS METHODIST CHURCH",0.000197
"COOK|CECIL","COOK|CECIL",0.999921
"COOK|CECIL","COOK|DELLE BEAMGUARD",5.3e-05
"COOK|CECIL","COOK|NEW LIFE BAPTIST CH.",2.6e-05
"COOK|DELLE BEAMGUARD","COOK|DELLE BEAMGUARD",0.999977
"COOK|DELLE BEAMGUARD","COOK|CECIL",2.3e-05
"COOK|ELM PINE","COOK|ELM PINE",0.99992
"COOK|ELM PINE","COOK|RIVERBEND",7.5e-05
"COOK|ELM PINE","COOK|CECIL",5e-06
"COOK|LENOX","COOK|LENOX",1
"COOK|MASSEE","COOK|MASSEE",0.999669
"COOK|MASSEE","COOK|RIVERBEND",0.000331
"COOK|NEW LIFE BAPTIST CH.","COOK|NEW LIFE BAPTIST CH.",1
"COOK|RIVERBEND","COOK|RIVERBEND",0.999877
"COOK|RIVERBEND","COOK|MASSEE",7.2e-05
"COOK|RIVERBEND","COOK|ELM PINE",2.6e-05
"COOK|RIVERBEND","COOK|SPARKS",1.5e-05
"COOK|RIVERBEND","COOK|LENOX",1e-05
"COOK|SPARKS","COOK|SPARKS",0.999857
"COOK|SPARKS","COOK|RIVERBEND",0.000143
"COWETA|CANNONGATE","COWETA|CANNONGATE",0.996597
"COWETA|CANNONGATE","FAYETTE|KEDRON",0.0034
"COWETA|CANNONGATE","COWETA|THOMAS CROSSROADS",3e-06
"COWETA|CEDAR CREEK","COWETA|MADRAS",0.999391
"COWETA|CEDAR CREEK","COWETA|NORTHSIDE",0.000608
"COWETA|CENTRAL","COWETA|CENTRAL",0.999999
"COWETA|COWETA CENTRAL LIBRARY","COWETA|COWETA CENTRAL LIBRARY",0.998642
"COWETA|COWETA CENTRAL LIBRARY","COWETA|THOMAS CROSSROADS",0.001261
"COWETA|COWETA CENTRAL LIBRARY","COWETA|SHARPSBURG",9.7e-05
"COWETA|DRESDEN","COWETA|DRESDEN",0.989322
"COWETA|DRESDEN","COWETA|PINE ROAD",0.005451
"COWETA|DRESDEN","COWETA|WELCOME",0.005224
"COWETA|DRESDEN","HEARD|COOKSVILLE - CORINTH",2e-06
"COWETA|EXPO CENTER","COWETA|EXPO CENTER",0.999987
"COWETA|EXPO CENTER","COWETA|WESTSIDE",1e-05
"COWETA|EXPO CENTER","COWETA|GREENTOP",3e-06
"COWETA|FISCHER ROAD","COWETA|CANNONGATE",0.999998
"COWETA|FISCHER ROAD","COWETA|MADRAS",1e-06
"COWETA|GRANTVILLE","COWETA|GRANTVILLE",0.999999
"COWETA|GREENTOP","COWETA|GREENTOP",0.999816
"COWETA|GREENTOP","COWETA|EXPO CENTER",0.000127
"COWETA|GREENTOP","COWETA|MADRAS",5.4e-05
"COWETA|GREENTOP","COWETA|NORTHSIDE",2e-06
"COWETA|HARALSON","COWETA|HARALSON",0.999913
"COWETA|HARALSON","COWETA|TURIN",8.6e-05
"COWETA|MADRAS","COWETA|MADRAS",1
"COWETA|MORELAND","COWETA|MORELAND",0.995604
"COWETA|MORELAND","MERIWETHER|LUTHERSVILLE",0.004394
"COWETA|MORELAND","COWETA|TURIN",2e-06
"COWETA|NEWNAN","COWETA|NEWNAN",0.999998
"COWETA|NEWNAN","COWETA|WESTSIDE",1e-06
"COWETA|NORTHSIDE","COWETA|NORTHSIDE",0.979658
"COWETA|NORTHSIDE","COWETA|MADRAS",0.020341
"COWETA|PANTHER CREEK","COWETA|PANTHER CREEK",0.999892
"COWETA|PANTHER CREEK","COWETA|WELCOME",0.000108
"COWETA|PINE ROAD","COWETA|PINE ROAD",0.99948
"COWETA|PINE ROAD","COWETA|SMOKEY ROAD",0.00052
"COWETA|RAYMOND","COWETA|RAYMOND",0.999999
"COWETA|SENOIA","COWETA|SENOIA",0.998272
"COWETA|SENOIA","FAYETTE|WILLOWBEND",0.001602
"COWETA|SENOIA","FAYETTE|RISING STAR",0.000126
"COWETA|SHARPSBURG","COWETA|SHARPSBURG",0.995359
"COWETA|SHARPSBURG","FAYETTE|WILLOWBEND",0.004255
"COWETA|SHARPSBURG","COWETA|COWETA CENTRAL LIBRARY",0.000216
"COWETA|SHARPSBURG","COWETA|THOMAS CROSSROADS",0.000101
"COWETA|SHARPSBURG","COWETA|TURIN",6.8e-05
"COWETA|SMOKEY ROAD","COWETA|SMOKEY ROAD",0.993634
"COWETA|SMOKEY ROAD","COWETA|PINE ROAD",0.006366
"COWETA|THE NEWNAN CENTRE","COWETA|THE NEWNAN CENTRE",0.998762
"COWETA|THE NEWNAN CENTRE","COWETA|GREENTOP",0.001106
"COWETA|THE NEWNAN CENTRE","COWETA|SHARPSBURG",0.000114
"COWETA|THE NEWNAN CENTRE","COWETA|WHITE OAK",1.8e-05
"COWETA|THOMAS CROSSROADS","COWETA|THOMAS CROSSROADS",0.991171
"COWETA|THOMAS CROSSROADS","FAYETTE|KEDRON",0.008425
"COWETA|THOMAS CROSSROADS","COWETA|CANNONGATE",0.000218
"COWETA|THOMAS CROSSROADS","COWETA|COWETA CENTRAL LIBRARY",0.000106
"COWETA|THOMAS CROSSROADS","COWETA|SHARPSBURG",8e-05
"COWETA|TURIN","COWETA|TURIN",0.981422
"COWETA|TURIN","COWETA|SHARPSBURG",0.018477
"COWETA|TURIN","COWETA|MORELAND",7e-05
"COWETA|TURIN","COWETA|HARALSON",3.1e-05
"COWETA|WELCOME","COWETA|WELCOME",0.990229
"COWETA|WELCOME","COWETA|DRESDEN",0.009449
"COWETA|WELCOME","COWETA|PINE ROAD",0.000197
"COWETA|WELCOME","COWETA|PANTHER CREEK",0.000125
"COWETA|WESTSIDE","COWETA|WESTSIDE",1
"COWETA|WHITE OAK","COWETA|WHITE OAK",0.999797
"COWETA|WHITE OAK","COWETA|THE NEWNAN CENTRE",0.000203
"CRAWFORD|DISTRICT 1A","CRAWFORD|DISTRICT 1",0.852212
"CRAWFORD|DISTRICT 1A","CRAWFORD|DISTRICT 3",0.096062
"CRAWFORD|DISTRICT 1A","CRAWFORD|DISTRICT 5",0.051726
"CRAWFORD|DISTRICT 1B","CRAWFORD|DISTRICT 1",0.825365
"CRAWFORD|DISTRICT 1B","CRAWFORD|DISTRICT 2",0.174634
"CRAWFORD|DISTRICT 2","CRAWFORD|DISTRICT 2",0.550593
"CRAWFORD|DISTRICT 2","CRAWFORD|DISTRICT 1",0.449407
"CRAWFORD|DISTRICT 3","CRAWFORD|DISTRICT 3",0.754158
"CRAWFORD|DISTRICT 3","CRAWFORD|DISTRICT 4",0.116354
"CRAWFORD|DISTRICT 3","CRAWFORD|DISTRICT 1",0.077047
"CRAWFORD|DISTRICT 3","CRAWFORD|DISTRICT 2",0.052441
"CRAWFORD|DISTRICT 4","CRAWFORD|DISTRICT 4",0.704189
"CRAWFORD|DISTRICT 4","CRAWFORD|DISTRICT 3",0.163702
"CRAWFORD|DISTRICT 4","CRAWFORD|DISTRICT 2",0.132109
"CRAWFORD|DISTRICT 5","CRAWFORD|DISTRICT 5",0.87839
"CRAWFORD|DISTRICT 5","CRAWFORD|DISTRICT 4",0.121609
"CRISP|ARABI","CRISP|ARABI",1
"CRISP|CONEY","CRISP|CONEY",0.999725
"CRISP|CONEY","CRISP|JAMESTOWN",0.000169
"CRISP|CONEY","DOOLY|VIENNA",0.000106
"CRISP|CORDELE","CRISP|CORDELE",0.999995
"CRISP|CORDELE","DOOLY|VIENNA",5e-06
"CRISP|JAMESTOWN","CRISP|JAMESTOWN",0.999955
"CRISP|JAMESTOWN","CRISP|ARABI",4.5e-05
"CRISP|LISTONIA","CRISP|LISTONIA",1
"DADE|DAVIS","DADE|DAVIS",1
"DADE|NEW HOME","DADE|NEW HOME",1
"DADE|NEW SALEM","DADE|NEW SALEM",1
"DADE|NORTH DADE","DADE|NORTH DADE",0.998485
"DADE|NORTH DADE","DADE|TRENTON",0.001504
"DADE|NORTH DADE","DADE|NEW HOME",1.1e-05
"DADE|SOUTH DADE","DADE|SOUTH DADE",1
"DADE|TRENTON","DADE|TRENTON",1
"DADE|WEST BROW","DADE|WEST BROW",0.999998
"DADE|WEST BROW","DADE|NORTH DADE",2e-06
"DAWSON|CENTRAL","DAWSON|CENTRAL",0.660576
"DAWSON|CENTRAL","DAWSON|SOUTH",0.213408
"DAWSON|CENTRAL","DAWSON|EAST",0.126015
"DAWSON|EAST","DAWSON|EAST",0.546093
"DAWSON|EAST","DAWSON|SOUTH",0.453907
"DAWSON|WEST","DAWSON|WEST",0.999998
"DAWSON|WEST","PICKENS|SHARPTOP",2e-06
"DECATUR|ATTAPULGUS","DECATUR|ATTAPULGUS",1
"DECATUR|BAINBRIDGE-COLISEUM","DECATUR|KIRBO CENTER",0.967588
"DECATUR|BAINBRIDGE-COLISEUM","DECATUR|BAINBRIDGE-COLISEUM",0.031406
"DECATUR|BAINBRIDGE-COLISEUM","DECATUR|WEST BAINBRIDGE",0.001006
"DECATUR|BDGE-FAIRGROUNDS","DECATUR|BDGE-FAIRGROUNDS",0.999539
"DECATUR|BDGE-FAIRGROUNDS","DECATUR|WEST BAINBRIDGE",0.00027
"DECATUR|BDGE-FAIRGROUNDS","DECATUR|CLIMAX",0.00019
"DECATUR|BRINSON","DECATUR|BRINSON",1
"DECATUR|CLIMAX","DECATUR|CLIMAX",0.999901
"DECATUR|CLIMAX","DECATUR|ATTAPULGUS",9.9e-05
"DECATUR|KENDRICK","DECATUR|KENDRICK",0.988732
"DECATUR|KENDRICK","DECATUR|RECOVERY",0.010941
"DECATUR|KENDRICK","DECATUR|KIRBO CENTER",0.000326
"DECATUR|KENDRICK","DECATUR|WEST BAINBRIDGE",1e-06
"DECATUR|MT. PLEASANT","DECATUR|MT. PLEASANT",0.999779
"DECATUR|MT. PLEASANT","DECATUR|BDGE-FAIRGROUNDS",0.000221
"DECATUR|RECOVERY","DECATUR|RECOVERY",0.999893
"DECATUR|RECOVERY","DECATUR|KENDRICK",0.000107
"DECATUR|WEST BAINBRIDGE","DECATUR|WEST BAINBRIDGE",0.999961
"DECATUR|WEST BAINBRIDGE","DECATUR|KIRBO CENTER",3.9e-05
"DEKALB|ALLGOOD ELEM","DEKALB|ALLGOOD ELEM",0.995194
"DEKALB|ALLGOOD ELEM","DEKALB|PINE LAKE (PIN)",0.004805
"DEKALB|ASHFORD DUNWOODY RD (BHAVN)","DEKALB|ASHFORD DUNWOODY RD (BHAVN)",0.996622
"DEKALB|ASHFORD DUNWOODY RD (BHAVN)","FULTON|SS14",0.003378
"DEKALB|ASHFORD PARK ELEM (BHAVN)","DEKALB|ASHFORD PARK ELEM (BHAVN)",0.997514
"DEKALB|ASHFORD PARK ELEM (BHAVN)","DEKALB|CHAMBLEE (CHA)",0.002485
"DEKALB|ASHFORD PARKSIDE (BHAVN)","DEKALB|ASHFORD PARKSIDE (BHAVN)",0.999669
"DEKALB|ASHFORD PARKSIDE (BHAVN)","DEKALB|MONTGOMERY ELEM  (BHAVN)",0.000321
"DEKALB|ASHFORD PARKSIDE (BHAVN)","FULTON|SS12",1e-05
"DEKALB|AUSTIN (DUN)","DEKALB|AUSTIN (DUN)",0.996726
"DEKALB|AUSTIN (DUN)","FULTON|SS20",0.002476
"DEKALB|AUSTIN (DUN)","DEKALB|DUNWOODY LIBRARY (DUN)",0.000798
"DEKALB|AUSTIN DRIVE","DEKALB|AUSTIN DRIVE",1
"DEKALB|AVONDALE (AVO)","DEKALB|AVONDALE (AVO)",0.974941
"DEKALB|AVONDALE (AVO)","DEKALB|MIDWAY",0.014778
"DEKALB|AVONDALE (AVO)","DEKALB|COVINGTON",0.005441
"DEKALB|AVONDALE (AVO)","DEKALB|AVONDALE HIGH",0.002426
"DEKALB|AVONDALE (AVO)","DEKALB|NORTH DECATUR",0.002413
"DEKALB|AVONDALE HIGH","DEKALB|AVONDALE HIGH",0.928681
"DEKALB|AVONDALE HIGH","DEKALB|WINNONA PARK  (DEC)",0.035021
"DEKALB|AVONDALE HIGH","DEKALB|AVONDALE (AVO)",0.026904
"DEKALB|AVONDALE HIGH","DEKALB|KNOLLWOOD",0.007
"DEKALB|AVONDALE HIGH","DEKALB|GLENNWOOD (DEC)",0.002393
"DEKALB|BETHUNE MIDDLE","DEKALB|BETHUNE MIDDLE",0.999989
"DEKALB|BETHUNE MIDDLE","DEKALB|WESLEY CHAPEL LIBRARY",1.1e-05
"DEKALB|BOULDERCREST ROAD","DEKALB|BOULDERCREST ROAD",0.999815
"DEKALB|BOULDERCREST ROAD","DEKALB|CEDAR GROVE ELEM",0.000118
"DEKALB|BOULDERCREST ROAD","DEKALB|CEDAR GROVE SOUTH",6.7e-05
"DEKALB|BOULEVARD (ATL)","DEKALB|BOULEVARD (ATL)",0.997755
"DEKALB|BOULEVARD (ATL)","DEKALB|OAKHURST (DEC)",0.001666
"DEKALB|BOULEVARD (ATL)","DEKALB|COAN RECREATION CENTER (ATL)",0.00037
"DEKALB|BOULEVARD (ATL)","DEKALB|FERNBANK ELEM",0.000145
"DEKALB|BOULEVARD (ATL)","DEKALB|EAST LAKE (ATL)",6e-05
"DEKALB|BOULEVARD (ATL)","DEKALB|METROPOLITAN (ATL)",3e-06
"DEKALB|BRIAR VISTA ELEM","DEKALB|BRIAR VISTA ELEM",0.999
"DEKALB|BRIAR VISTA ELEM","DEKALB|LAVISTA ROAD",0.000912
"DEKALB|BRIAR VISTA ELEM","DEKALB|JOHNSON ESTATES (ATL)",8.5e-05
"DEKALB|BRIAR VISTA ELEM","DEKALB|LAVISTA",2e-06
"DEKALB|BRIARCLIFF","DEKALB|BRIARCLIFF",0.99518
"DEKALB|BRIARCLIFF","DEKALB|WOODWARD (BHAVN)",0.004818
"DEKALB|BRIARCLIFF","DEKALB|MONTCLAIR ELEM",2e-06
"DEKALB|BRIARLAKE ELEM","DEKALB|BRIARLAKE ELEM",0.955333
"DEKALB|BRIARLAKE ELEM","DEKALB|MONTREAL",0.042206
"DEKALB|BRIARLAKE ELEM","DEKALB|MIDVALE ROAD",0.002461
"DEKALB|BRIARWOOD (BHAVN)","DEKALB|BRIARWOOD (BHAVN)",0.999476
"DEKALB|BRIARWOOD (BHAVN)","DEKALB|CROSS KEYS HIGH (BHAVN)",0.000524
"DEKALB|BROCKETT (TUC)","DEKALB|BROCKETT (TUC)",0.97759
"DEKALB|BROCKETT (TUC)","DEKALB|BROCKETT ELEM (TUC)",0.02241
"DEKALB|BROCKETT ELEM (TUC)","DEKALB|BROCKETT ELEM (TUC)",0.995013
"DEKALB|BROCKETT ELEM (TUC)","DEKALB|IDLEWOOD ELEM (TUC)",0.004986
"DEKALB|BROOKHAVEN (BHAVN)","DEKALB|BROOKHAVEN (BHAVN)",0.968075
"DEKALB|BROOKHAVEN (BHAVN)","DEKALB|SILVER LAKE (BHAVN)",0.031908
"DEKALB|BROOKHAVEN (BHAVN)","DEKALB|CROSS KEYS HIGH (BHAVN)",1.7e-05
"DEKALB|BROWNS MILL ELEM","DEKALB|BROWNS MILL ELEM",1
"DEKALB|BURGESS ELEM (ATL)","DEKALB|BURGESS ELEM (ATL)",0.93882
"DEKALB|BURGESS ELEM (ATL)","DEKALB|MCNAIR HIGH",0.045918
"DEKALB|BURGESS ELEM (ATL)","DEKALB|PINEY GROVE",0.009406
"DEKALB|BURGESS ELEM (ATL)","DEKALB|GRESHAM ROAD",0.004272
"DEKALB|BURGESS ELEM (ATL)","DEKALB|METROPOLITAN (ATL)",0.001548
"DEKALB|BURGESS ELEM (ATL)","FULTON|01B",3.7e-05
"DEKALB|CANBY LANE ELEM","DEKALB|CANBY LANE ELEM",0.983744
"DEKALB|CANBY LANE ELEM","DEKALB|RAINBOW ELEM",0.015577
"DEKALB|CANBY LANE ELEM","DEKALB|SNAPFINGER ELEM",0.000679
"DEKALB|CANDLER","DEKALB|CANDLER",0.995854
"DEKALB|CANDLER","DEKALB|WINNONA PARK  (DEC)",0.002607
"DEKALB|CANDLER","DEKALB|KNOLLWOOD",0.000892
"DEKALB|CANDLER","DEKALB|EAST LAKE (ATL)",0.000646
"DEKALB|CANDLER","DEKALB|MCNAIR",1e-06
"DEKALB|CANDLER PARK (ATL)","DEKALB|CANDLER PARK (ATL)",0.993551
"DEKALB|CANDLER PARK (ATL)","DEKALB|FERNBANK ELEM",0.006449
"DEKALB|CANDLER-MURPHEY CANDLER ELEM","DEKALB|CANDLER-MURPHEY CANDLER ELEM",0.99995
"DEKALB|CANDLER-MURPHEY CANDLER ELEM","DEKALB|STONECREST LIBRARY (STC)",5e-05
"DEKALB|CEDAR GROVE ELEM","DEKALB|CEDAR GROVE ELEM",0.999567
"DEKALB|CEDAR GROVE ELEM","DEKALB|CEDAR GROVE SOUTH",0.000301
"DEKALB|CEDAR GROVE ELEM","DEKALB|OAK VIEW ELEM",0.000131
"DEKALB|CEDAR GROVE MIDDLE","DEKALB|CEDAR GROVE MIDDLE",0.999999
"DEKALB|CEDAR GROVE SOUTH","DEKALB|CEDAR GROVE SOUTH",0.997576
"DEKALB|CEDAR GROVE SOUTH","DEKALB|CEDAR GROVE ELEM",0.00222
"DEKALB|CEDAR GROVE SOUTH","DEKALB|BOULDERCREST ROAD",0.000196
"DEKALB|CEDAR GROVE SOUTH","CLAYTON|ELLENWOOD 2",8e-06
"DEKALB|CHAMBLEE (CHA)","DEKALB|CHAMBLEE (CHA)",0.994404
"DEKALB|CHAMBLEE (CHA)","DEKALB|ASHFORD PARK ELEM (BHAVN)",0.005327
"DEKALB|CHAMBLEE (CHA)","DEKALB|DORAVILLE NORTH (DOR)",0.000137
"DEKALB|CHAMBLEE (CHA)","DEKALB|DRESDEN ELEM (CHA)",0.000132
"DEKALB|CHAMBLEE 2 (CHA)","DEKALB|CHAMBLEE 2 (CHA)",0.973854
"DEKALB|CHAMBLEE 2 (CHA)","DEKALB|ASHFORD DUNWOODY RD (BHAVN)",0.014449
"DEKALB|CHAMBLEE 2 (CHA)","DEKALB|ASHFORD PARKSIDE (BHAVN)",0.00977
"DEKALB|CHAMBLEE 2 (CHA)","DEKALB|KITTREDGE ELEM (BHAVN)",0.001689
"DEKALB|CHAMBLEE 2 (CHA)","DEKALB|HUNTLEY HILLS ELEM (CHA)",0.000238
"DEKALB|CHAPEL HILL ELEM","DEKALB|CHAPEL HILL ELEM",0.999999
"DEKALB|CHESNUT ELEM (DUN)","DEKALB|CHESNUT ELEM (DUN)",0.987271
"DEKALB|CHESNUT ELEM (DUN)","DEKALB|DORAVILLE NORTH (DOR)",0.012728
"DEKALB|CLAIREMONT EAST (DEC)","DEKALB|CLAIREMONT EAST (DEC)",0.984486
"DEKALB|CLAIREMONT EAST (DEC)","DEKALB|SCOTT",0.013001
"DEKALB|CLAIREMONT EAST (DEC)","DEKALB|FERNBANK ELEM",0.002513
"DEKALB|CLAIREMONT WEST (DEC)","DEKALB|CLAIREMONT WEST (DEC)",0.989749
"DEKALB|CLAIREMONT WEST (DEC)","DEKALB|NORTH DECATUR",0.0065
"DEKALB|CLAIREMONT WEST (DEC)","DEKALB|SCOTT",0.003751
"DEKALB|CLAIRMONT ROAD","DEKALB|CLAIRMONT ROAD",0.979344
"DEKALB|CLAIRMONT ROAD","DEKALB|MEDLOCK",0.010406
"DEKALB|CLAIRMONT ROAD","DEKALB|LAVISTA ROAD",0.01025
"DEKALB|CLARKSTON (CLA)","DEKALB|CLARKSTON (CLA)",0.915728
"DEKALB|CLARKSTON (CLA)","DEKALB|JOLLY ELEM",0.074442
"DEKALB|CLARKSTON (CLA)","DEKALB|BROCKETT (TUC)",0.004376
"DEKALB|CLARKSTON (CLA)","DEKALB|MONTREAL",0.003807
"DEKALB|CLARKSTON (CLA)","DEKALB|IDLEWOOD ELEM (TUC)",0.001647
"DEKALB|CLARKSTON COMMUNITY CENTER (CLA)","DEKALB|CLARKSTON COMMUNITY CENTER (CLA)",0.995671
"DEKALB|CLARKSTON COMMUNITY CENTER (CLA)","DEKALB|JOLLY ELEM",0.004021
"DEKALB|CLARKSTON COMMUNITY CENTER (CLA)","DEKALB|MCLENDON",0.000239
"DEKALB|CLARKSTON COMMUNITY CENTER (CLA)","DEKALB|INDIAN CREEK",6.9e-05
"DEKALB|CLIFTON","DEKALB|CLIFTON",0.972528
"DEKALB|CLIFTON","DEKALB|CEDAR GROVE MIDDLE",0.027468
"DEKALB|CLIFTON","DEKALB|MEADOWVIEW",4e-06
"DEKALB|COAN RECREATION CENTER (ATL)","DEKALB|COAN RECREATION CENTER (ATL)",0.999972
"DEKALB|COAN RECREATION CENTER (ATL)","DEKALB|BOULEVARD (ATL)",2.7e-05
"DEKALB|COAN RECREATION CENTER (ATL)","FULTON|05A2",1e-06
"DEKALB|COLUMBIA DRIVE","DEKALB|COLUMBIA DRIVE",1
"DEKALB|COLUMBIA ELEM","DEKALB|COLUMBIA ELEM",0.968023
"DEKALB|COLUMBIA ELEM","DEKALB|COLUMBIA MIDDLE",0.031976
"DEKALB|COLUMBIA MIDDLE","DEKALB|COLUMBIA MIDDLE",1
"DEKALB|CORALWOOD","DEKALB|CORALWOOD",1
"DEKALB|COVINGTON","DEKALB|COVINGTON",0.931253
"DEKALB|COVINGTON","DEKALB|AVONDALE (AVO)",0.065163
"DEKALB|COVINGTON","DEKALB|COVINGTON HWY",0.003584
"DEKALB|COVINGTON HWY","DEKALB|COVINGTON HWY",1
"DEKALB|CROSS KEYS HIGH (BHAVN)","DEKALB|CROSS KEYS HIGH (BHAVN)",0.941112
"DEKALB|CROSS KEYS HIGH (BHAVN)","DEKALB|WOODWARD (BHAVN)",0.05846
"DEKALB|CROSS KEYS HIGH (BHAVN)","FULTON|07M",0.000402
"DEKALB|CROSS KEYS HIGH (BHAVN)","DEKALB|BRIARWOOD (BHAVN)",2.5e-05
"DEKALB|CROSSROADS","DEKALB|CROSSROADS",1
"DEKALB|DECATUR (DEC)","DEKALB|DECATUR (DEC)",0.996253
"DEKALB|DECATUR (DEC)","DEKALB|EAST LAKE (ATL)",0.003703
"DEKALB|DECATUR (DEC)","DEKALB|OAKHURST (DEC)",3.6e-05
"DEKALB|DECATUR (DEC)","DEKALB|BOULEVARD (ATL)",7e-06
"DEKALB|DORAVILLE NORTH (DOR)","DEKALB|DORAVILLE NORTH (DOR)",0.985664
"DEKALB|DORAVILLE NORTH (DOR)","DEKALB|OAKCLIFF ELEM",0.008271
"DEKALB|DORAVILLE NORTH (DOR)","DEKALB|CHAMBLEE (CHA)",0.004147
"DEKALB|DORAVILLE NORTH (DOR)","DEKALB|NORTH PEACHTREE (DUN)",0.001087
"DEKALB|DORAVILLE NORTH (DOR)","DEKALB|CHESNUT ELEM (DUN)",0.000811
"DEKALB|DORAVILLE NORTH (DOR)","DEKALB|HUNTLEY HILLS ELEM (CHA)",1.8e-05
"DEKALB|DORAVILLE SOUTH (DOR)","DEKALB|DORAVILLE SOUTH (DOR)",0.985424
"DEKALB|DORAVILLE SOUTH (DOR)","DEKALB|OAKCLIFF ELEM",0.01447
"DEKALB|DORAVILLE SOUTH (DOR)","DEKALB|DORAVILLE NORTH (DOR)",0.000106
"DEKALB|DRESDEN ELEM (CHA)","DEKALB|DRESDEN ELEM (CHA)",0.999847
"DEKALB|DRESDEN ELEM (CHA)","DEKALB|CHAMBLEE (CHA)",0.000152
"DEKALB|DRUID HILLS HIGH","DEKALB|DRUID HILLS HIGH",0.985266
"DEKALB|DRUID HILLS HIGH","DEKALB|SCOTT",0.010864
"DEKALB|DRUID HILLS HIGH","DEKALB|CLAIREMONT EAST (DEC)",0.003865
"DEKALB|DRUID HILLS HIGH","DEKALB|EMORY SOUTH",4e-06
"DEKALB|DRUID HILLS HIGH","DEKALB|EMORY ROAD",2e-06
"DEKALB|DUNAIRE ELEM","DEKALB|DUNAIRE ELEM",0.99841
"DEKALB|DUNAIRE ELEM","DEKALB|ROWLAND ELEM",0.001589
"DEKALB|DUNAIRE ELEM","DEKALB|ALLGOOD ELEM",1e-06
"DEKALB|DUNWOODY (DUN)","DEKALB|DUNWOODY (DUN)",0.993999
"DEKALB|DUNWOODY (DUN)","DEKALB|MOUNT VERNON WEST (DUN)",0.002534
"DEKALB|DUNWOODY (DUN)","DEKALB|GEORGETOWN SQ (DUN)",0.001803
"DEKALB|DUNWOODY (DUN)","DEKALB|DUNWOODY LIBRARY (DUN)",0.001663
"DEKALB|DUNWOODY (DUN)","FULTON|SS08F",2e-06
"DEKALB|DUNWOODY 2 (DUN)","DEKALB|DUNWOODY 2 (DUN)",1
"DEKALB|DUNWOODY LIBRARY (DUN)","DEKALB|DUNWOODY LIBRARY (DUN)",0.999945
"DEKALB|DUNWOODY LIBRARY (DUN)","DEKALB|AUSTIN (DUN)",5.4e-05
"DEKALB|EAST LAKE (ATL)","DEKALB|EAST LAKE (ATL)",0.980833
"DEKALB|EAST LAKE (ATL)","DEKALB|TERRY MILL",0.008092
"DEKALB|EAST LAKE (ATL)","DEKALB|CANDLER",0.004476
"DEKALB|EAST LAKE (ATL)","DEKALB|MCNAIR",0.003094
"DEKALB|EAST LAKE (ATL)","DEKALB|MCNAIR ACADEMY",0.001471
"DEKALB|EAST LAKE (ATL)","DEKALB|WINNONA PARK  (DEC)",0.00089
"DEKALB|EAST LAKE (ATL)","DEKALB|PINEY GROVE",0.000651
"DEKALB|EAST LAKE (ATL)","DEKALB|DECATUR (DEC)",0.000405
"DEKALB|EAST LAKE (ATL)","DEKALB|BOULEVARD (ATL)",8.9e-05
"DEKALB|EMBRY HILLS","DEKALB|EMBRY HILLS",0.875805
"DEKALB|EMBRY HILLS","DEKALB|TUCKER LIBRARY",0.114675
"DEKALB|EMBRY HILLS","DEKALB|LIVSEY ELEM",0.00952
"DEKALB|EMORY ROAD","DEKALB|EMORY ROAD",0.992088
"DEKALB|EMORY ROAD","DEKALB|DRUID HILLS HIGH",0.007754
"DEKALB|EMORY ROAD","DEKALB|MEDLOCK",0.000131
"DEKALB|EMORY ROAD","DEKALB|SCOTT",2.7e-05
"DEKALB|EMORY SOUTH","DEKALB|EMORY SOUTH",0.929909
"DEKALB|EMORY SOUTH","DEKALB|JOHNSON ESTATES (ATL)",0.065155
"DEKALB|EMORY SOUTH","DEKALB|LIN-MARY LIN ELEM (ATL)",0.004932
"DEKALB|EMORY SOUTH","FULTON|06D1",3e-06
"DEKALB|EVANSDALE ELEM","DEKALB|EVANSDALE ELEM",0.98604
"DEKALB|EVANSDALE ELEM","DEKALB|WARREN TECH",0.01355
"DEKALB|EVANSDALE ELEM","DEKALB|MIDVALE ELEM",0.000402
"DEKALB|EVANSDALE ELEM","DEKALB|MIDVALE ROAD",7e-06
"DEKALB|EVANSDALE ELEM","DEKALB|LIVSEY ELEM",1e-06
"DEKALB|FAIRINGTON ELEM","DEKALB|FAIRINGTON ELEM",0.997807
"DEKALB|FAIRINGTON ELEM","DEKALB|MILLER GROVE ROAD",0.001383
"DEKALB|FAIRINGTON ELEM","DEKALB|WOODROW ROAD",0.000809
"DEKALB|FERNBANK ELEM","DEKALB|FERNBANK ELEM",0.979022
"DEKALB|FERNBANK ELEM","DEKALB|CANDLER PARK (ATL)",0.010097
"DEKALB|FERNBANK ELEM","DEKALB|LIN-MARY LIN ELEM (ATL)",0.004524
"DEKALB|FERNBANK ELEM","DEKALB|CLAIREMONT EAST (DEC)",0.003123
"DEKALB|FERNBANK ELEM","DEKALB|SCOTT",0.001425
"DEKALB|FERNBANK ELEM","DEKALB|OAKHURST (DEC)",0.000927
"DEKALB|FERNBANK ELEM","DEKALB|PONCE DE LEON (DEC)",0.000881
"DEKALB|FLAKES MILL FIRE STATION","DEKALB|FLAKES MILL",0.999996
"DEKALB|FLAKES MILL FIRE STATION","HENRY|SHAKERAG",4e-06
"DEKALB|FLAT ROCK ELEM","DEKALB|FLAT ROCK ELEM",0.99998
"DEKALB|FLAT ROCK ELEM","DEKALB|SALEM MIDDLE",2e-05
"DEKALB|FLAT SHOALS","DEKALB|FLAT SHOALS",0.945177
"DEKALB|FLAT SHOALS","DEKALB|COLUMBIA MIDDLE",0.031739
"DEKALB|FLAT SHOALS","DEKALB|CEDAR GROVE MIDDLE",0.02308
"DEKALB|FLAT SHOALS","DEKALB|FLAT SHOALS ELEM",4e-06
"DEKALB|FLAT SHOALS ELEM","DEKALB|FLAT SHOALS ELEM",0.999388
"DEKALB|FLAT SHOALS ELEM","DEKALB|COLUMBIA MIDDLE",0.000612
"DEKALB|FLAT SHOALS LIBRARY","DEKALB|FLAT SHOALS LIBRARY",1
"DEKALB|FLAT SHOALS PARKWAY","DEKALB|FLAT SHOALS PARKWAY",0.99999
"DEKALB|FLAT SHOALS PARKWAY","DEKALB|CHAPEL HILL ELEM",7e-06
"DEKALB|FLAT SHOALS PARKWAY","DEKALB|MATHIS-BOB MATHIS ELEM",2e-06
"DEKALB|FREEDOM MIDDLE","DEKALB|FREEDOM MIDDLE",0.999999
"DEKALB|GEORGETOWN SQ (DUN)","DEKALB|GEORGETOWN SQ (DUN)",0.993097
"DEKALB|GEORGETOWN SQ (DUN)","DEKALB|DUNWOODY (DUN)",0.005757
"DEKALB|GEORGETOWN SQ (DUN)","FULTON|SS08A",0.001112
"DEKALB|GEORGETOWN SQ (DUN)","DEKALB|MONTGOMERY ELEM  (BHAVN)",2.1e-05
"DEKALB|GEORGETOWN SQ (DUN)","FULTON|SS12",9e-06
"DEKALB|GEORGETOWN SQ (DUN)","FULTON|SS08D",4e-06
"DEKALB|GLENHAVEN","DEKALB|GLENHAVEN",0.999996
"DEKALB|GLENHAVEN","DEKALB|ROWLAND ELEM",3e-06
"DEKALB|GLENHAVEN","DEKALB|GLENWOOD ROAD",2e-06
"DEKALB|GLENNWOOD (DEC)","DEKALB|GLENNWOOD (DEC)",0.988457
"DEKALB|GLENNWOOD (DEC)","DEKALB|AVONDALE HIGH",0.007541
"DEKALB|GLENNWOOD (DEC)","DEKALB|WINNONA PARK  (DEC)",0.002463
"DEKALB|GLENNWOOD (DEC)","DEKALB|NORTH DECATUR",0.00122
"DEKALB|GLENNWOOD (DEC)","DEKALB|AVONDALE (AVO)",0.000316
"DEKALB|GLENNWOOD (DEC)","DEKALB|DECATUR (DEC)",2e-06
"DEKALB|GLENWOOD ROAD","DEKALB|GLENWOOD ROAD",1
"DEKALB|GRESHAM ROAD","DEKALB|GRESHAM ROAD",0.998968
"DEKALB|GRESHAM ROAD","DEKALB|BURGESS ELEM (ATL)",0.001026
"DEKALB|GRESHAM ROAD","DEKALB|MCNAIR HIGH",5e-06
"DEKALB|HAMBRICK ELEM","DEKALB|HAMBRICK ELEM",0.988237
"DEKALB|HAMBRICK ELEM","DEKALB|MEMORIAL SOUTH",0.006193
"DEKALB|HAMBRICK ELEM","DEKALB|ROCKBRIDGE ELEM",0.005569
"DEKALB|HARRIS-MARGARET HARRIS ED","DEKALB|HARRIS-MARGARET HARRIS ED",0.951786
"DEKALB|HARRIS-MARGARET HARRIS ED","DEKALB|WOODWARD (BHAVN)",0.04419
"DEKALB|HARRIS-MARGARET HARRIS ED","DEKALB|BRIARCLIFF",0.003988
"DEKALB|HARRIS-MARGARET HARRIS ED","DEKALB|LAVISTA",3.6e-05
"DEKALB|HAWTHORNE ELEM","DEKALB|HAWTHORNE ELEM",0.925688
"DEKALB|HAWTHORNE ELEM","DEKALB|LAKESIDE HIGH",0.042803
"DEKALB|HAWTHORNE ELEM","DEKALB|DRESDEN ELEM (CHA)",0.031453
"DEKALB|HAWTHORNE ELEM","DEKALB|WARREN TECH",5.6e-05
"DEKALB|HENDERSON MILL","DEKALB|HENDERSON MILL",0.999999
"DEKALB|HUGH HOWELL","DEKALB|HUGH HOWELL",0.98774
"DEKALB|HUGH HOWELL","DEKALB|BROCKETT ELEM (TUC)",0.01226
"DEKALB|HUNTLEY HILLS ELEM (CHA)","DEKALB|HUNTLEY HILLS ELEM (CHA)",0.996072
"DEKALB|HUNTLEY HILLS ELEM (CHA)","DEKALB|DORAVILLE NORTH (DOR)",0.003928
"DEKALB|IDLEWOOD ELEM (TUC)","DEKALB|IDLEWOOD ELEM (TUC)",0.995736
"DEKALB|IDLEWOOD ELEM (TUC)","DEKALB|CLARKSTON (CLA)",0.004256
"DEKALB|IDLEWOOD ELEM (TUC)","DEKALB|STN MTN MIDDLE",8e-06
"DEKALB|INDIAN CREEK","DEKALB|INDIAN CREEK",0.988388
"DEKALB|INDIAN CREEK","DEKALB|CLARKSTON COMMUNITY CENTER (CLA)",0.01161
"DEKALB|INDIAN CREEK","DEKALB|SHAW-ROBERT SHAW ELEM",2e-06
"DEKALB|JOHNSON ESTATES (ATL)","DEKALB|JOHNSON ESTATES (ATL)",0.969601
"DEKALB|JOHNSON ESTATES (ATL)","DEKALB|EMORY SOUTH",0.024691
"DEKALB|JOHNSON ESTATES (ATL)","DEKALB|BRIAR VISTA ELEM",0.005707
"DEKALB|JOLLY ELEM","DEKALB|JOLLY ELEM",0.986297
"DEKALB|JOLLY ELEM","DEKALB|CLARKSTON COMMUNITY CENTER (CLA)",0.010314
"DEKALB|JOLLY ELEM","DEKALB|MEMORIAL SOUTH",0.003313
"DEKALB|JOLLY ELEM","DEKALB|IDLEWOOD ELEM (TUC)",7.4e-05
"DEKALB|JOLLY ELEM","DEKALB|CLARKSTON (CLA)",2e-06
"DEKALB|KELLEY CHAPEL ROAD","DEKALB|KELLEY CHAPEL ROAD",1
"DEKALB|KELLEY LAKE ELEM","DEKALB|KELLEY LAKE ELEM",0.987003
"DEKALB|KELLEY LAKE ELEM","DEKALB|FLAT SHOALS ELEM",0.012551
"DEKALB|KELLEY LAKE ELEM","DEKALB|COLUMBIA ELEM",0.00037
"DEKALB|KELLEY LAKE ELEM","DEKALB|COLUMBIA MIDDLE",7.5e-05
"DEKALB|KINGSLEY ELEM (DUN)","DEKALB|KINGSLEY ELEM (DUN)",1
"DEKALB|KITTREDGE ELEM (BHAVN)","DEKALB|KITTREDGE ELEM (BHAVN)",0.999999
"DEKALB|KNOLLWOOD","DEKALB|KNOLLWOOD",0.999999
"DEKALB|LAKESIDE HIGH","DEKALB|LAKESIDE HIGH",0.999998
"DEKALB|LAKESIDE HIGH","DEKALB|HAWTHORNE ELEM",2e-06
"DEKALB|LAVISTA","DEKALB|LAVISTA",0.979655
"DEKALB|LAVISTA","DEKALB|WOODWARD (BHAVN)",0.020342
"DEKALB|LAVISTA","DEKALB|BRIAR VISTA ELEM",3e-06
"DEKALB|LAVISTA ROAD","DEKALB|LAVISTA ROAD",0.910084
"DEKALB|LAVISTA ROAD","DEKALB|EMORY ROAD",0.089788
"DEKALB|LAVISTA ROAD","DEKALB|CLAIRMONT ROAD",0.000117
"DEKALB|LAVISTA ROAD","DEKALB|BRIAR VISTA ELEM",9e-06
"DEKALB|LAVISTA ROAD","DEKALB|BRIARCLIFF",2e-06
"DEKALB|LIN-MARY LIN ELEM (ATL)","DEKALB|LIN-MARY LIN ELEM (ATL)",0.979384
"DEKALB|LIN-MARY LIN ELEM (ATL)","DEKALB|FERNBANK ELEM",0.012134
"DEKALB|LIN-MARY LIN ELEM (ATL)","DEKALB|EMORY SOUTH",0.008481
"DEKALB|LITHONIA (LIT)","DEKALB|LITHONIA (LIT)",0.969153
"DEKALB|LITHONIA (LIT)","DEKALB|STONEVIEW ELEM",0.023404
"DEKALB|LITHONIA (LIT)","DEKALB|ROCK CHAPEL ROAD",0.007381
"DEKALB|LITHONIA (LIT)","DEKALB|PRINCETON ELEM",6.1e-05
"DEKALB|LITHONIA HIGH","DEKALB|LITHONIA HIGH",0.999896
"DEKALB|LITHONIA HIGH","DEKALB|MILLER GROVE HIGH",0.000104
"DEKALB|LIVSEY ELEM","DEKALB|LIVSEY ELEM",0.973985
"DEKALB|LIVSEY ELEM","DEKALB|TUCKER LIBRARY",0.020121
"DEKALB|LIVSEY ELEM","DEKALB|MIDVALE ELEM",0.005894
"DEKALB|MARBUT ELEM","DEKALB|MARBUT ELEM",1
"DEKALB|MATHIS-BOB MATHIS ELEM","DEKALB|MATHIS-BOB MATHIS ELEM",1
"DEKALB|MCLENDON","DEKALB|MCLENDON",0.993283
"DEKALB|MCLENDON","DEKALB|CLARKSTON COMMUNITY CENTER (CLA)",0.004205
"DEKALB|MCLENDON","DEKALB|MONTREAL",0.002512
"DEKALB|MCNAIR","DEKALB|MCNAIR",0.986444
"DEKALB|MCNAIR","DEKALB|EAST LAKE (ATL)",0.008479
"DEKALB|MCNAIR","DEKALB|FLAT SHOALS ELEM",0.005046
"DEKALB|MCNAIR","DEKALB|MCNAIR ACADEMY",3.1e-05
"DEKALB|MCNAIR ACADEMY","DEKALB|MCNAIR ACADEMY",0.981801
"DEKALB|MCNAIR ACADEMY","DEKALB|EAST LAKE (ATL)",0.018169
"DEKALB|MCNAIR ACADEMY","DEKALB|MCNAIR",2.9e-05
"DEKALB|MCNAIR ACADEMY","DEKALB|TERRY MILL",1e-06
"DEKALB|MCNAIR HIGH","DEKALB|MCNAIR HIGH",0.997179
"DEKALB|MCNAIR HIGH","DEKALB|BURGESS ELEM (ATL)",0.002808
"DEKALB|MCNAIR HIGH","FULTON|01B",1.2e-05
"DEKALB|MCNAIR HIGH","FULTON|01P",2e-06
"DEKALB|MCWILLIAMS","DEKALB|MCWILLIAMS",0.998173
"DEKALB|MCWILLIAMS","DEKALB|SNAPFINGER ROAD S",0.001827
"DEKALB|MEADOWVIEW","DEKALB|MEADOWVIEW",0.99306
"DEKALB|MEADOWVIEW","DEKALB|BOULDERCREST ROAD",0.003681
"DEKALB|MEADOWVIEW","DEKALB|GRESHAM ROAD",0.003257
"DEKALB|MEADOWVIEW","FULTON|01P",2e-06
"DEKALB|MEDLOCK","DEKALB|MEDLOCK",0.999992
"DEKALB|MEDLOCK","DEKALB|SCOTT",5e-06
"DEKALB|MEDLOCK","DEKALB|CLAIRMONT ROAD",2e-06
"DEKALB|MEMORIAL SOUTH","DEKALB|MEMORIAL SOUTH",0.999998
"DEKALB|MEMORIAL SOUTH","DEKALB|INDIAN CREEK",1e-06
"DEKALB|METROPOLITAN (ATL)","DEKALB|METROPOLITAN (ATL)",0.999222
"DEKALB|METROPOLITAN (ATL)","DEKALB|PINEY GROVE",0.000662
"DEKALB|METROPOLITAN (ATL)","DEKALB|COAN RECREATION CENTER (ATL)",0.000115
"DEKALB|MIDVALE ELEM","DEKALB|MIDVALE ELEM",0.999434
"DEKALB|MIDVALE ELEM","DEKALB|EVANSDALE ELEM",0.000536
"DEKALB|MIDVALE ELEM","DEKALB|LIVSEY ELEM",3e-05
"DEKALB|MIDVALE ROAD","DEKALB|MIDVALE ROAD",0.751622
"DEKALB|MIDVALE ROAD","DEKALB|MONTREAL",0.137472
"DEKALB|MIDVALE ROAD","DEKALB|TUCKER",0.110905
"DEKALB|MIDVALE ROAD","DEKALB|HENDERSON MILL",1e-06
"DEKALB|MIDWAY","DEKALB|MIDWAY",0.997269
"DEKALB|MIDWAY","DEKALB|AVONDALE (AVO)",0.00273
"DEKALB|MILLER GROVE","DEKALB|MILLER GROVE",0.994713
"DEKALB|MILLER GROVE","DEKALB|MCWILLIAMS",0.005286
"DEKALB|MILLER GROVE HIGH","DEKALB|MILLER GROVE HIGH",0.990628
"DEKALB|MILLER GROVE HIGH","DEKALB|WOODROW ROAD",0.009371
"DEKALB|MILLER GROVE ROAD","DEKALB|MILLER GROVE ROAD",0.998838
"DEKALB|MILLER GROVE ROAD","DEKALB|FAIRINGTON ELEM",0.001161
"DEKALB|MILLER-ELDRIDGE L MILLER ELEM","DEKALB|MILLER-ELDRIDGE L MILLER ELEM",1
"DEKALB|MONTCLAIR ELEM","DEKALB|MONTCLAIR ELEM",0.999
"DEKALB|MONTCLAIR ELEM","DEKALB|BRIARCLIFF",0.000988
"DEKALB|MONTCLAIR ELEM","DEKALB|BRIARWOOD (BHAVN)",8e-06
"DEKALB|MONTCLAIR ELEM","DEKALB|SKYLAND (BHAVN)",3e-06
"DEKALB|MONTGOMERY ELEM  (BHAVN)","DEKALB|MONTGOMERY ELEM  (BHAVN)",0.999933
"DEKALB|MONTGOMERY ELEM  (BHAVN)","DEKALB|GEORGETOWN SQ (DUN)",5.8e-05
"DEKALB|MONTGOMERY ELEM  (BHAVN)","FULTON|SS12",9e-06
"DEKALB|MONTREAL","DEKALB|MONTREAL",0.999942
"DEKALB|MONTREAL","DEKALB|MIDVALE ROAD",5.3e-05
"DEKALB|MONTREAL","DEKALB|NORTHLAKE",5e-06
"DEKALB|MOUNT VERNON EAST (DUN)","DEKALB|MOUNT VERNON EAST (DUN)",1
"DEKALB|MOUNT VERNON WEST (DUN)","DEKALB|MOUNT VERNON WEST (DUN)",0.989434
"DEKALB|MOUNT VERNON WEST (DUN)","DEKALB|DUNWOODY LIBRARY (DUN)",0.009287
"DEKALB|MOUNT VERNON WEST (DUN)","DEKALB|DUNWOODY (DUN)",0.001279
"DEKALB|NARVIE J HARRIS ELEM","DEKALB|NARVIE J HARRIS ELEM",0.998099
"DEKALB|NARVIE J HARRIS ELEM","DEKALB|SNAPFINGER ROAD",0.001489
"DEKALB|NARVIE J HARRIS ELEM","DEKALB|CEDAR GROVE SOUTH",0.000207
"DEKALB|NARVIE J HARRIS ELEM","DEKALB|OAK VIEW ELEM",0.000205
"DEKALB|NORTH DECATUR","DEKALB|NORTH DECATUR",0.955498
"DEKALB|NORTH DECATUR","DEKALB|GLENNWOOD (DEC)",0.012216
"DEKALB|NORTH DECATUR","DEKALB|AVONDALE (AVO)",0.011351
"DEKALB|NORTH DECATUR","DEKALB|CLARKSTON COMMUNITY CENTER (CLA)",0.007529
"DEKALB|NORTH DECATUR","DEKALB|MCLENDON",0.00684
"DEKALB|NORTH DECATUR","DEKALB|CLAIREMONT WEST (DEC)",0.006566
"DEKALB|NORTH HAIRSTON","DEKALB|NORTH HAIRSTON",1
"DEKALB|NORTH PEACHTREE (DUN)","DEKALB|NORTH PEACHTREE (DUN)",0.999999
"DEKALB|NORTHLAKE","DEKALB|NORTHLAKE",0.99981
"DEKALB|NORTHLAKE","DEKALB|MONTREAL",0.00019
"DEKALB|OAK GROVE ELEM","DEKALB|OAK GROVE ELEM",0.982093
"DEKALB|OAK GROVE ELEM","DEKALB|DRESDEN ELEM (CHA)",0.012689
"DEKALB|OAK GROVE ELEM","DEKALB|LAKESIDE HIGH",0.005219
"DEKALB|OAK VIEW ELEM","DEKALB|OAK VIEW ELEM",1
"DEKALB|OAKCLIFF ELEM","DEKALB|OAKCLIFF ELEM",0.924676
"DEKALB|OAKCLIFF ELEM","DEKALB|DORAVILLE NORTH (DOR)",0.046467
"DEKALB|OAKCLIFF ELEM","DEKALB|DORAVILLE SOUTH (DOR)",0.010657
"DEKALB|OAKCLIFF ELEM","DEKALB|PLEASANTDALE ROAD",0.008711
"DEKALB|OAKCLIFF ELEM","DEKALB|WARREN TECH",0.005145
"DEKALB|OAKCLIFF ELEM","DEKALB|EVANSDALE ELEM",0.004344
"DEKALB|OAKHURST (DEC)","DEKALB|OAKHURST (DEC)",0.998479
"DEKALB|OAKHURST (DEC)","DEKALB|BOULEVARD (ATL)",0.000845
"DEKALB|OAKHURST (DEC)","DEKALB|FERNBANK ELEM",0.000407
"DEKALB|OAKHURST (DEC)","DEKALB|DECATUR (DEC)",0.000256
"DEKALB|OAKHURST (DEC)","DEKALB|PONCE DE LEON (DEC)",1.3e-05
"DEKALB|PANOLA","DEKALB|PANOLA",0.999523
"DEKALB|PANOLA","DEKALB|REDAN MIDDLE",0.000477
"DEKALB|PANOLA ROAD","DEKALB|PANOLA ROAD",0.991446
"DEKALB|PANOLA ROAD","DEKALB|FAIRINGTON ELEM",0.006543
"DEKALB|PANOLA ROAD","DEKALB|WOODROW ROAD",0.002008
"DEKALB|PANOLA ROAD","DEKALB|MILLER GROVE",3e-06
"DEKALB|PANOLA WAY ELEM","DEKALB|PANOLA WAY ELEM",0.976132
"DEKALB|PANOLA WAY ELEM","DEKALB|MILLER GROVE",0.023868
"DEKALB|PEACHCREST","DEKALB|PEACHCREST",0.999997
"DEKALB|PEACHCREST","DEKALB|MIDWAY",2e-06
"DEKALB|PEACHTREE MIDDLE","DEKALB|PEACHTREE MIDDLE (DUN)",1
"DEKALB|PINE LAKE","DEKALB|PINE LAKE (PIN)",0.933472
"DEKALB|PINE LAKE","DEKALB|ROCKBRIDGE ELEM",0.043718
"DEKALB|PINE LAKE","DEKALB|ALLGOOD ELEM",0.022811
"DEKALB|PINEY GROVE","DEKALB|PINEY GROVE",0.870437
"DEKALB|PINEY GROVE","DEKALB|EAST LAKE (ATL)",0.059665
"DEKALB|PINEY GROVE","DEKALB|BURGESS ELEM (ATL)",0.047724
"DEKALB|PINEY GROVE","DEKALB|GRESHAM ROAD",0.022171
"DEKALB|PINEY GROVE","DEKALB|TERRY MILL",2e-06
"DEKALB|PLEASANTDALE ROAD","DEKALB|PLEASANTDALE ROAD",0.999999
"DEKALB|PONCE DE LEON (DEC)","DEKALB|PONCE DE LEON (DEC)",0.980239
"DEKALB|PONCE DE LEON (DEC)","DEKALB|FERNBANK ELEM",0.019761
"DEKALB|PRINCETON ELEM","DEKALB|PRINCETON ELEM",0.997717
"DEKALB|PRINCETON ELEM","DEKALB|LITHONIA (LIT)",0.001386
"DEKALB|PRINCETON ELEM","DEKALB|REDAN-TROTTI LIBRARY",0.000893
"DEKALB|PRINCETON ELEM","DEKALB|ROCK CHAPEL ELEM",2e-06
"DEKALB|RAINBOW ELEM","DEKALB|RAINBOW ELEM",1
"DEKALB|REDAN ELEM","DEKALB|REDAN ELEM",0.999992
"DEKALB|REDAN ELEM","DEKALB|STEPHENSON MIDDLE",8e-06
"DEKALB|REDAN MIDDLE","DEKALB|REDAN MIDDLE",1
"DEKALB|REDAN ROAD","DEKALB|REDAN ROAD",1
"DEKALB|REDAN-TROTTI LIBRARY","DEKALB|REDAN-TROTTI LIBRARY",1
"DEKALB|REHOBOTH","DEKALB|REHOBOTH",0.966483
"DEKALB|REHOBOTH","DEKALB|MONTREAL",0.033514
"DEKALB|REHOBOTH","DEKALB|MCLENDON",3e-06
"DEKALB|ROCK CHAPEL ELEM","DEKALB|ROCK CHAPEL ELEM",0.994594
"DEKALB|ROCK CHAPEL ELEM","DEKALB|ROCK CHAPEL ROAD",0.003288
"DEKALB|ROCK CHAPEL ELEM","DEKALB|ROCKBRIDGE ROAD",0.001968
"DEKALB|ROCK CHAPEL ELEM","DEKALB|SOUTH DESHON",0.000134
"DEKALB|ROCK CHAPEL ELEM","DEKALB|PRINCETON ELEM",1.6e-05
"DEKALB|ROCK CHAPEL ROAD","DEKALB|ROCK CHAPEL ROAD",0.998721
"DEKALB|ROCK CHAPEL ROAD","DEKALB|LITHONIA (LIT)",0.000803
"DEKALB|ROCK CHAPEL ROAD","DEKALB|STONEVIEW ELEM",0.00047
"DEKALB|ROCK CHAPEL ROAD","GWINNETT|ROCKBRIDGE G",5e-06
"DEKALB|ROCKBRIDGE ELEM","DEKALB|ROCKBRIDGE ELEM",0.971543
"DEKALB|ROCKBRIDGE ELEM","DEKALB|STONE MILL ELEM",0.017815
"DEKALB|ROCKBRIDGE ELEM","DEKALB|STONE MTN CHAMPION (STO)",0.008487
"DEKALB|ROCKBRIDGE ELEM","DEKALB|PINE LAKE (PIN)",0.002155
"DEKALB|ROCKBRIDGE ROAD","DEKALB|ROCKBRIDGE ROAD",0.999888
"DEKALB|ROCKBRIDGE ROAD","DEKALB|WYNBROOKE ELEM",9.1e-05
"DEKALB|ROCKBRIDGE ROAD","GWINNETT|GARNERS D",2.1e-05
"DEKALB|ROWLAND ELEM","DEKALB|ROWLAND ELEM",0.999999
"DEKALB|ROWLAND ELEM","DEKALB|COVINGTON",1e-06
"DEKALB|ROWLAND ROAD","DEKALB|ROWLAND ROAD",0.997665
"DEKALB|ROWLAND ROAD","DEKALB|SOUTH HAIRSTON",0.002233
"DEKALB|ROWLAND ROAD","DEKALB|ROWLAND ELEM",0.000101
"DEKALB|SAGAMORE HILLS ELEM","DEKALB|SAGAMORE HILLS ELEM",0.999996
"DEKALB|SAGAMORE HILLS ELEM","DEKALB|OAK GROVE ELEM",2e-06
"DEKALB|SAGAMORE HILLS ELEM","DEKALB|BRIARCLIFF",1e-06
"DEKALB|SAGAMORE HILLS ELEM","DEKALB|LAKESIDE HIGH",1e-06
"DEKALB|SALEM MIDDLE","DEKALB|SALEM MIDDLE",0.993546
"DEKALB|SALEM MIDDLE","DEKALB|FLAT ROCK ELEM",0.005097
"DEKALB|SALEM MIDDLE","DEKALB|WOODROW ROAD",0.001357
"DEKALB|SCOTT","DEKALB|SCOTT",0.978515
"DEKALB|SCOTT","DEKALB|CLAIREMONT WEST (DEC)",0.012753
"DEKALB|SCOTT","DEKALB|MEDLOCK",0.007491
"DEKALB|SCOTT","DEKALB|CLAIREMONT EAST (DEC)",0.001241
"DEKALB|SHADOW ROCK ELEM","DEKALB|SHADOW ROCK ELEM",0.999602
"DEKALB|SHADOW ROCK ELEM","DEKALB|STEPHENSON HIGH",0.000398
"DEKALB|SHAMROCK","DEKALB|SHAMROCK",1
"DEKALB|SHAW-ROBERT SHAW ELEM","DEKALB|SHAW-ROBERT SHAW ELEM",0.846134
"DEKALB|SHAW-ROBERT SHAW ELEM","DEKALB|CLARKSTON COMMUNITY CENTER (CLA)",0.153844
"DEKALB|SHAW-ROBERT SHAW ELEM","DEKALB|AVONDALE (AVO)",2.1e-05
"DEKALB|SILVER LAKE","DEKALB|SILVER LAKE (BHAVN)",0.997267
"DEKALB|SILVER LAKE","FULTON|07B",0.002733
"DEKALB|SKYLAND","DEKALB|SKYLAND (BHAVN)",1
"DEKALB|SMOKE RISE","DEKALB|SMOKE RISE",0.983776
"DEKALB|SMOKE RISE","GWINNETT|BERKSHIRE N",0.007325
"DEKALB|SMOKE RISE","GWINNETT|BERKSHIRE G",0.005638
"DEKALB|SMOKE RISE","GWINNETT|GARNERS F",0.00291
"DEKALB|SMOKE RISE","DEKALB|STONE MOUNTAIN ELEM",0.00035
"DEKALB|SNAPFINGER ELEM","DEKALB|SNAPFINGER ELEM",0.989878
"DEKALB|SNAPFINGER ELEM","DEKALB|RAINBOW ELEM",0.010122
"DEKALB|SNAPFINGER ROAD","DEKALB|SNAPFINGER ROAD",0.998002
"DEKALB|SNAPFINGER ROAD","DEKALB|FLAKES MILL",0.001989
"DEKALB|SNAPFINGER ROAD","DEKALB|NARVIE J HARRIS ELEM",9e-06
"DEKALB|SNAPFINGER ROAD N","DEKALB|SNAPFINGER ROAD N",1
"DEKALB|SNAPFINGER ROAD S","DEKALB|SNAPFINGER ROAD S",0.998306
"DEKALB|SNAPFINGER ROAD S","DEKALB|WESLEY CHAPEL LIBRARY",0.001693
"DEKALB|SOUTH DESHON","DEKALB|SOUTH DESHON",1
"DEKALB|SOUTH HAIRSTON","DEKALB|SOUTH HAIRSTON",0.991406
"DEKALB|SOUTH HAIRSTON","DEKALB|SHADOW ROCK ELEM",0.008594
"DEKALB|STEPHENSON HIGH","DEKALB|STEPHENSON HIGH",0.999989
"DEKALB|STEPHENSON HIGH","DEKALB|STONE MOUNTAIN ELEM",1.1e-05
"DEKALB|STEPHENSON MIDDLE","DEKALB|STEPHENSON MIDDLE",1
"DEKALB|STONE MILL ELEM","DEKALB|STONE MILL ELEM",0.874767
"DEKALB|STONE MILL ELEM","DEKALB|STN MTN MIDDLE",0.112096
"DEKALB|STONE MILL ELEM","DEKALB|STONE MTN CHAMPION (STO)",0.010602
"DEKALB|STONE MILL ELEM","DEKALB|STONE MTN   (STO)",0.001136
"DEKALB|STONE MILL ELEM","DEKALB|STONE MOUNTAIN ELEM",0.001122
"DEKALB|STONE MILL ELEM","DEKALB|ROCKBRIDGE ELEM",0.000277
"DEKALB|STONE MOUNTAIN ELEM","DEKALB|STONE MOUNTAIN ELEM",0.994562
"DEKALB|STONE MOUNTAIN ELEM","DEKALB|STONE MTN CHAMPION (STO)",0.002923
"DEKALB|STONE MOUNTAIN ELEM","DEKALB|STONE MTN   (STO)",0.001426
"DEKALB|STONE MOUNTAIN ELEM","DEKALB|HUGH HOWELL",0.000485
"DEKALB|STONE MOUNTAIN ELEM","DEKALB|STN MTN MIDDLE",0.000284
"DEKALB|STONE MOUNTAIN ELEM","DEKALB|SMOKE RISE",0.000207
"DEKALB|STONE MOUNTAIN ELEM","DEKALB|WYNBROOKE ELEM",0.000113
"DEKALB|STONE MTN","DEKALB|STONE MTN   (STO)",0.934394
"DEKALB|STONE MTN","DEKALB|STONE MOUNTAIN ELEM",0.053946
"DEKALB|STONE MTN","DEKALB|STONE MILL ELEM",0.01166
"DEKALB|STONE MTN CHAMPION","DEKALB|STONE MTN CHAMPION (STO)",0.939167
"DEKALB|STONE MTN CHAMPION","DEKALB|STONE MOUNTAIN ELEM",0.031583
"DEKALB|STONE MTN CHAMPION","DEKALB|ROCKBRIDGE ELEM",0.015613
"DEKALB|STONE MTN CHAMPION","DEKALB|STONE MILL ELEM",0.013635
"DEKALB|STONE MTN CHAMPION","DEKALB|STONE MTN   (STO)",2e-06
"DEKALB|STONE MTN MIDDLE","DEKALB|STN MTN MIDDLE",0.998698
"DEKALB|STONE MTN MIDDLE","DEKALB|STONE MOUNTAIN ELEM",0.001302
"DEKALB|STONECREST LIBRARY","DEKALB|STONECREST LIBRARY (STC)",0.99941
"DEKALB|STONECREST LIBRARY","DEKALB|CANDLER-MURPHEY CANDLER ELEM",0.000551
"DEKALB|STONECREST LIBRARY","DEKALB|WOODROW ROAD",3.9e-05
"DEKALB|STONEVIEW ELEM","DEKALB|STONEVIEW ELEM",0.981766
"DEKALB|STONEVIEW ELEM","DEKALB|STONECREST LIBRARY (STC)",0.008394
"DEKALB|STONEVIEW ELEM","DEKALB|LITHONIA (LIT)",0.00526
"DEKALB|STONEVIEW ELEM","DEKALB|WOODROW ROAD",0.00457
"DEKALB|STONEVIEW ELEM","ROCKDALE|LA",1e-05
"DEKALB|TERRY MILL","DEKALB|TERRY MILL",0.979795
"DEKALB|TERRY MILL","DEKALB|EAST LAKE (ATL)",0.020204
"DEKALB|TILLY MILL ROAD (DUN)","DEKALB|TILLY MILL ROAD (DUN)",1
"DEKALB|TONEY ELEM","DEKALB|TONEY ELEM",1
"DEKALB|TUCKER","DEKALB|TUCKER",0.995945
"DEKALB|TUCKER","DEKALB|MIDVALE ROAD",0.002166
"DEKALB|TUCKER","GWINNETT|BERKSHIRE B",0.00189
"DEKALB|TUCKER LIBRARY","DEKALB|TUCKER LIBRARY",0.979174
"DEKALB|TUCKER LIBRARY","GWINNETT|BERKSHIRE B",0.012854
"DEKALB|TUCKER LIBRARY","GWINNETT|PINCKNEYVILLE O",0.00573
"DEKALB|TUCKER LIBRARY","DEKALB|LIVSEY ELEM",0.002242
"DEKALB|VALLEY BROOK","DEKALB|VALLEY BROOK",1
"DEKALB|WADSWORTH","DEKALB|WADSWORTH",1
"DEKALB|WARREN TECH","DEKALB|WARREN TECH",0.992973
"DEKALB|WARREN TECH","DEKALB|OAKCLIFF ELEM",0.007027
"DEKALB|WESLEY CHAPEL LIBRARY","DEKALB|WESLEY CHAPEL LIBRARY",0.999072
"DEKALB|WESLEY CHAPEL LIBRARY","DEKALB|SNAPFINGER ROAD S",0.00065
"DEKALB|WESLEY CHAPEL LIBRARY","DEKALB|BETHUNE MIDDLE",0.000276
"DEKALB|WESLEY CHAPEL LIBRARY","DEKALB|CHAPEL HILL ELEM",2e-06
"DEKALB|WHITE OAK","DEKALB|WHITE OAK",1
"DEKALB|WINNONA PARK","DEKALB|WINNONA PARK  (DEC)",0.982365
"DEKALB|WINNONA PARK","DEKALB|GLENNWOOD (DEC)",0.008917
"DEKALB|WINNONA PARK","DEKALB|AVONDALE HIGH",0.008529
"DEKALB|WINNONA PARK","DEKALB|CANDLER",0.00015
"DEKALB|WINNONA PARK","DEKALB|EAST LAKE (ATL)",3.9e-05
"DEKALB|WINTERS CHAPEL","DEKALB|WINTERS CHAPEL (DUN)",0.995699
"DEKALB|WINTERS CHAPEL","GWINNETT|PINCKNEYVILLE U",0.004298
"DEKALB|WINTERS CHAPEL","GWINNETT|PINCKNEYVILLE E",3e-06
"DEKALB|WOODRIDGE ELEM","DEKALB|WOODRIDGE ELEM",1
"DEKALB|WOODROW ROAD","DEKALB|WOODROW ROAD",0.999279
"DEKALB|WOODROW ROAD","DEKALB|SALEM MIDDLE",0.00054
"DEKALB|WOODROW ROAD","DEKALB|STONECREST LIBRARY (STC)",0.000181
"DEKALB|WOODWARD (BHAVN)","DEKALB|WOODWARD (BHAVN)",0.82633
"DEKALB|WOODWARD (BHAVN)","DEKALB|CROSS KEYS HIGH (BHAVN)",0.13263
"DEKALB|WOODWARD (BHAVN)","DEKALB|HARRIS-MARGARET HARRIS ED",0.023415
"DEKALB|WOODWARD (BHAVN)","DEKALB|LAVISTA",0.013876
"DEKALB|WOODWARD (BHAVN)","FULTON|07M",0.002614
"DEKALB|WOODWARD (BHAVN)","FULTON|07E",0.001135
"DEKALB|WYNBROOKE ELEM","DEKALB|WYNBROOKE ELEM",0.999779
"DEKALB|WYNBROOKE ELEM","DEKALB|ROCKBRIDGE ROAD",0.000216
"DEKALB|WYNBROOKE ELEM","GWINNETT|GARNERS D",3e-06
"DEKALB|WYNBROOKE ELEM","DEKALB|STEPHENSON MIDDLE",1e-06
"DEKALB|YOUNG ROAD","DEKALB|YOUNG ROAD",1
"DODGE|CHAUN","DODGE|CHAUN",1
"DODGE|CLARK","DODGE|CLARK",1
"DODGE|EDDIN","DODGE|EDDIN",0.999995
"DODGE|EDDIN","DODGE|LEE",2e-06
"DODGE|EDDIN","DODGE|RAWLI",2e-06
"DODGE|EMPIR","DODGE|EMPIR",0.999997
"DODGE|EMPIR","DODGE|YONKE",3e-06
"DODGE|JAYBI","DODGE|JAYBI",1
"DODGE|JONES","DODGE|JONES",0.999999
"DODGE|LEE","DODGE|LEE",0.99997
"DODGE|LEE","DODGE|MITCH",1.6e-05
"DODGE|LEE","DODGE|RAWLI",1.4e-05
"DODGE|MCCRA","DODGE|MCCRA",0.999691
"DODGE|MCCRA","DODGE|CHAUN",0.000309
"DODGE|MILAN","DODGE|MILAN",1
"DODGE|MITCH","DODGE|MITCH",0.999868
"DODGE|MITCH","WILCOX|ABBEVILLE NORTH #2",0.000113
"DODGE|MITCH","DODGE|LEE",1.9e-05
"DODGE|MULLI","DODGE|MULLI",0.999986
"DODGE|MULLI","DODGE|YONKE",1.4e-05
"DODGE|PLAIN","DODGE|PLAIN",1
"DODGE|PONDT","DODGE|PONDT",0.999986
"DODGE|PONDT","DODGE|VILUL",1.4e-05
"DODGE|RAWLI","DODGE|RAWLI",1
"DODGE|VILUL","DODGE|VILUL",0.99953
"DODGE|VILUL","DODGE|MCCRA",0.000429
"DODGE|VILUL","DODGE|LEE",4.1e-05
"DODGE|YONKE","DODGE|YONKE",0.999751
"DODGE|YONKE","DODGE|MULLI",0.000249
"DOOLY|BYROMVILLE","DOOLY|BYROMVILLE",0.99975
"DOOLY|BYROMVILLE","SUMTER|ANDERSONVILLE",0.000201
"DOOLY|BYROMVILLE","DOOLY|LILLY",2.3e-05
"DOOLY|BYROMVILLE","DOOLY|UNADILLA",1.3e-05
"DOOLY|BYROMVILLE","MACON|MONTEZUMA #5",1.2e-05
"DOOLY|LILLY","DOOLY|LILLY",0.998972
"DOOLY|LILLY","SUMTER|BROWNS MILL",0.000974
"DOOLY|LILLY","DOOLY|VIENNA",3.4e-05
"DOOLY|LILLY","DOOLY|PINEHURST",1.3e-05
"DOOLY|LILLY","SUMTER|ANDERSONVILLE",5e-06
"DOOLY|LILLY","DOOLY|BYROMVILLE",3e-06
"DOOLY|PINEHURST","DOOLY|PINEHURST",0.999998
"DOOLY|PINEHURST","DOOLY|LILLY",2e-06
"DOOLY|UNADILLA","DOOLY|UNADILLA",0.999995
"DOOLY|UNADILLA","PULASKI|COURTHOUSE ANNEX",4e-06
"DOOLY|VIENNA","DOOLY|VIENNA",1
"DOUGHERTY|1ST CHRISTIAN CHURCH","DOUGHERTY|WESTOVER HIGH SCHOOL",0.999999
"DOUGHERTY|1ST CHRISTIAN CHURCH","DOUGHERTY|SHERWOOD ELEMENTARY SCHOOL",1e-06
"DOUGHERTY|2ND MT ZION CHURCH","DOUGHERTY|SECOND MT ZION CHURCH",1
"DOUGHERTY|ALBANY MIDDLE SCHOOL","DOUGHERTY|ALBANY MIDDLE SCHOOL",1
"DOUGHERTY|ALICE COACHMAN ELEM","DOUGHERTY|ALICE COACHMAN ELEMENTARY",0.999998
"DOUGHERTY|ALICE COACHMAN ELEM","DOUGHERTY|WESTTOWN ELEMENTARY",2e-06
"DOUGHERTY|BILL MILLER CENTER","DOUGHERTY|BILL MILLER COMMUNITY CENTER",0.994598
"DOUGHERTY|BILL MILLER CENTER","DOUGHERTY|MT ZION CENTER",0.005366
"DOUGHERTY|BILL MILLER CENTER","DOUGHERTY|RADIUM MIDDLE SCHOOL",3.6e-05
"DOUGHERTY|CARVER TEEN CENTER","DOUGHERTY|1ST MOUNT OLIVE",1
"DOUGHERTY|CHRIST CHURCH","DOUGHERTY|CHRIST METHODIST CHURCH",0.999999
"DOUGHERTY|COVENANT CHURCH","DOUGHERTY|COVENANT CHURCH",1
"DOUGHERTY|DARTON COLLEGE","DOUGHERTY|ASU WEST CAMPUS",1
"DOUGHERTY|GREENBRIAR CHURCH","DOUGHERTY|GREENBRIAR CHURCH",0.993229
"DOUGHERTY|GREENBRIAR CHURCH","LEE|#6 FIRST BAPTIST",0.006744
"DOUGHERTY|GREENBRIAR CHURCH","DOUGHERTY|SHERWOOD ELEMENTARY SCHOOL",2.6e-05
"DOUGHERTY|GREENBRIAR CHURCH","DOUGHERTY|CHRIST METHODIST CHURCH",1e-06
"DOUGHERTY|INTERNATIONAL STUDIE","DOUGHERTY|INTERNATIONAL STUDIES ELEMENTARY",0.99993
"DOUGHERTY|INTERNATIONAL STUDIE","DOUGHERTY|TURNER ELEMENTARY",7e-05
"DOUGHERTY|JACKSON HEIGHTS ELEM","DOUGHERTY|ROBERT H. HARVEY ELEMENTARY SCHOOL",1
"DOUGHERTY|LAMAR REESE ELEM SCH","DOUGHERTY|LAMAR REESE ELEMENTARY",0.999883
"DOUGHERTY|LAMAR REESE ELEM SCH","DOUGHERTY|RADIUM MIDDLE SCHOOL",0.000116
"DOUGHERTY|LITMAN CATHEDRAL","DOUGHERTY|LITMAN CATHEDRAL",1
"DOUGHERTY|LOVETT HALL","DOUGHERTY|ASU EAST CAMPUS-LOVETT HALL",0.995738
"DOUGHERTY|LOVETT HALL","DOUGHERTY|MT ZION CENTER",0.004262
"DOUGHERTY|MERRY ACRES MIDDLE","DOUGHERTY|MERRY ACRES MIDDLE SCHOOL",1
"DOUGHERTY|MT ZION CENTER","DOUGHERTY|MT ZION CENTER",0.999307
"DOUGHERTY|MT ZION CENTER","DOUGHERTY|ASU EAST CAMPUS-LOVETT HALL",0.000692
"DOUGHERTY|PALMYRA METH CHURCH","DOUGHERTY|ALBANY HIGH SCHOOL",0.999999
"DOUGHERTY|PALMYRA METH CHURCH","LEE|#10 REDBONE",1e-06
"DOUGHERTY|PHOEBE EAST","DOUGHERTY|TURNER ELEMENTARY",0.996134
"DOUGHERTY|PHOEBE EAST","DOUGHERTY|INTERNATIONAL STUDIES ELEMENTARY",0.003866
"DOUGHERTY|PHOEBE HEALTHWORKS","DOUGHERTY|ALBANY HIGH SCHOOL",1
"DOUGHERTY|PINE BLUFF BAPT CHUR","DOUGHERTY|PINE BLUFF BAPTIST CHURCH",0.999719
"DOUGHERTY|PINE BLUFF BAPT CHUR","DOUGHERTY|TURNER ELEMENTARY",0.000281
"DOUGHERTY|PUTNEY 1ST BAPT CHUR","DOUGHERTY|PUTNEY 1ST BAPTIST CHURCH",0.99569
"DOUGHERTY|PUTNEY 1ST BAPT CHUR","DOUGHERTY|RADIUM MIDDLE SCHOOL",0.00431
"DOUGHERTY|RADIUM MIDDLE SCHOOL","DOUGHERTY|RADIUM MIDDLE SCHOOL",0.998524
"DOUGHERTY|RADIUM MIDDLE SCHOOL","DOUGHERTY|LAMAR REESE ELEMENTARY",0.001008
"DOUGHERTY|RADIUM MIDDLE SCHOOL","DOUGHERTY|MT ZION CENTER",0.000468
"DOUGHERTY|SHERWOOD ELEM SCHOOL","DOUGHERTY|SHERWOOD ELEMENTARY SCHOOL",0.985817
"DOUGHERTY|SHERWOOD ELEM SCHOOL","LEE|#7 SDA CHURCH",0.014157
"DOUGHERTY|SHERWOOD ELEM SCHOOL","DOUGHERTY|GREENBRIAR CHURCH",2.6e-05
"DOUGHERTY|SHILOH BAPTIST CHURC","DOUGHERTY|SHILOH BAPTIST CHURCH",1
"DOUGHERTY|TURNER ELEM SCHOOL","DOUGHERTY|TURNER ELEMENTARY",1
"DOUGHERTY|WESTOVER HIGH SCHOOL","DOUGHERTY|WESTOVER HIGH SCHOOL",1
"DOUGHERTY|WESTTOWN ELEM SCHOOL","DOUGHERTY|WESTTOWN ELEMENTARY",0.999999
"DOUGLAS|ARBOR STATION","DOUGLAS|ARBOR STATION",0.999816
"DOUGLAS|ARBOR STATION","DOUGLAS|LUTHERAN CHURCH - GS",0.000179
"DOUGLAS|ARBOR STATION","DOUGLAS|OLD COURTHOUSE",4e-06
"DOUGLAS|ATLANTA WEST PENTECOSTAL","DOUGLAS|ATLANTA WEST PENTECOSTAL",0.995793
"DOUGLAS|ATLANTA WEST PENTECOSTAL","COBB|AUSTELL 1A",0.004192
"DOUGLAS|ATLANTA WEST PENTECOSTAL","DOUGLAS|FIRST BAPTIST LITHIA SPRINGS",1.3e-05
"DOUGLAS|ATLANTA WEST PENTECOSTAL","COBB|AUSTELL 1B",1e-06
"DOUGLAS|BEULAH BAPTIST CHURCH","DOUGLAS|BEULAH BAPTIST CHURCH",0.999996
"DOUGLAS|BEULAH BAPTIST CHURCH","COBB|CLARKDALE 02",2e-06
"DOUGLAS|BEULAH BAPTIST CHURCH","PAULDING|DOBBINS MIDDLE SCHOOL",1e-06
"DOUGLAS|BOUNDARY WATERS","DOUGLAS|BOUNDARY WATERS",0.999953
"DOUGLAS|BOUNDARY WATERS","DOUGLAS|CHAPEL HILL HIGH SCHOOL",4.6e-05
"DOUGLAS|BRIGHT STAR","DOUGLAS|ELIZABETH BAPTIST CHURCH",0.999958
"DOUGLAS|BRIGHT STAR","DOUGLAS|PRAYS MILL GYM",4e-05
"DOUGLAS|BRIGHT STAR","DOUGLAS|WINSTON",3e-06
"DOUGLAS|CHAPEL HILL","DOUGLAS|CHAPEL HILL",0.997634
"DOUGLAS|CHAPEL HILL","DOUGLAS|CHAPEL HILL HIGH SCHOOL",0.002177
"DOUGLAS|CHAPEL HILL","DOUGLAS|FACTORY SHOALS",0.000188
"DOUGLAS|CHESTNUT LOG","DOUGLAS|CHESTNUT LOG",0.999965
"DOUGLAS|CHESTNUT LOG","DOUGLAS|FACTORY SHOALS",2.4e-05
"DOUGLAS|CHESTNUT LOG","DOUGLAS|ST THERESA'S CATHOLIC CHURCH",7e-06
"DOUGLAS|CHESTNUT LOG","DOUGLAS|LUTHERAN CHURCH - GS",4e-06
"DOUGLAS|CHURCH AT CHAPEL HILL","DOUGLAS|CHAPEL HILL HIGH SCHOOL",0.997198
"DOUGLAS|CHURCH AT CHAPEL HILL","DOUGLAS|BOUNDARY WATERS",0.001343
"DOUGLAS|CHURCH AT CHAPEL HILL","DOUGLAS|PRAYS MILL GYM",0.001022
"DOUGLAS|CHURCH AT CHAPEL HILL","DOUGLAS|CHAPEL HILL",0.000437
"DOUGLAS|DEER LICK","DOUGLAS|DEER LICK",0.999998
"DOUGLAS|DEER LICK","DOUGLAS|BEULAH BAPTIST CHURCH",2e-06
"DOUGLAS|DOG RIVER LIBRARY","DOUGLAS|DOG RIVER LIBRARY",0.999046
"DOUGLAS|DOG RIVER LIBRARY","DOUGLAS|PRAYS MILL GYM",0.000954
"DOUGLAS|DORSETT SHOALS","DOUGLAS|DORSETT SHOALS",0.999623
"DOUGLAS|DORSETT SHOALS","DOUGLAS|PRAYS MILL GYM",0.00037
"DOUGLAS|DORSETT SHOALS","DOUGLAS|CHAPEL HILL",6e-06
"DOUGLAS|EPHESUS BAPTIST CHUR","DOUGLAS|EPHESUS BAPTIST CHUR",0.999577
"DOUGLAS|EPHESUS BAPTIST CHUR","DOUGLAS|PRAYS MILL GYM",0.000423
"DOUGLAS|FACTORY SHOALS","DOUGLAS|FACTORY SHOALS",0.997873
"DOUGLAS|FACTORY SHOALS","DOUGLAS|LITHIA SPRINGS HIGH SCHOOL",0.001729
"DOUGLAS|FACTORY SHOALS","DOUGLAS|CHAPEL HILL",0.000397
"DOUGLAS|FIRST BAPTIST DOUGLASVILLE","DOUGLAS|ST THERESA'S CATHOLIC CHURCH",0.998009
"DOUGLAS|FIRST BAPTIST DOUGLASVILLE","DOUGLAS|LUTHERAN CHURCH - GS",0.001858
"DOUGLAS|FIRST BAPTIST DOUGLASVILLE","DOUGLAS|ARBOR STATION",0.000128
"DOUGLAS|FIRST BAPTIST DOUGLASVILLE","DOUGLAS|OLD COURTHOUSE",3e-06
"DOUGLAS|FIRST BAPTIST DOUGLASVILLE","DOUGLAS|CHESTNUT LOG",2e-06
"DOUGLAS|FIRST BAPTIST LITHIA SPRINGS","DOUGLAS|FIRST BAPTIST LITHIA SPRINGS",0.999994
"DOUGLAS|FIRST BAPTIST LITHIA SPRINGS","COBB|AUSTELL 1B",5e-06
"DOUGLAS|FIRST BAPTIST LITHIA SPRINGS","COBB|CLARKDALE 02",1e-06
"DOUGLAS|GOLDEN METHODIST CH","DOUGLAS|GOLDEN METHODIST CH",0.999984
"DOUGLAS|GOLDEN METHODIST CH","DOUGLAS|WINSTON",1.6e-05
"DOUGLAS|LITHIA SPRINGS HIGH SCHOOL","DOUGLAS|LITHIA SPRINGS HIGH SCHOOL",0.999157
"DOUGLAS|LITHIA SPRINGS HIGH SCHOOL","DOUGLAS|FACTORY SHOALS",0.000842
"DOUGLAS|LUTHERAN CHURCH - GS","DOUGLAS|LUTHERAN CHURCH - GS",0.997258
"DOUGLAS|LUTHERAN CHURCH - GS","DOUGLAS|CHESTNUT LOG",0.002087
"DOUGLAS|LUTHERAN CHURCH - GS","DOUGLAS|CHAPEL HILL",0.000607
"DOUGLAS|LUTHERAN CHURCH - GS","DOUGLAS|ARBOR STATION",4.7e-05
"DOUGLAS|MIRROR LAKE ELEMENTA","DOUGLAS|MIRROR LAKE ELEMENTA",0.999999
"DOUGLAS|OLD COURTHOUSE","DOUGLAS|OLD COURTHOUSE",0.999999
"DOUGLAS|PRAYS MILL GYM","DOUGLAS|PRAYS MILL GYM",0.99203
"DOUGLAS|PRAYS MILL GYM","DOUGLAS|DOG RIVER LIBRARY",0.005611
"DOUGLAS|PRAYS MILL GYM","DOUGLAS|EPHESUS BAPTIST CHUR",0.001137
"DOUGLAS|PRAYS MILL GYM","DOUGLAS|CHAPEL HILL HIGH SCHOOL",0.000997
"DOUGLAS|PRAYS MILL GYM","DOUGLAS|DORSETT SHOALS",2e-04
"DOUGLAS|PRAYS MILL GYM","DOUGLAS|ELIZABETH BAPTIST CHURCH",2.4e-05
"DOUGLAS|ST JULIANS EPISCOPAL","DOUGLAS|ST JULIANS EPISCOPAL",0.999788
"DOUGLAS|ST JULIANS EPISCOPAL","DOUGLAS|CHAPEL HILL",0.000177
"DOUGLAS|ST JULIANS EPISCOPAL","DOUGLAS|ARBOR STATION",3.5e-05
"DOUGLAS|STEWART","DOUGLAS|STEWART",0.999999
"DOUGLAS|TURNER","DOUGLAS|TURNER",0.999889
"DOUGLAS|TURNER","DOUGLAS|FIRST BAPTIST LITHIA SPRINGS",0.00011
"DOUGLAS|TURNER","COBB|CLARKDALE 02",1e-06
"DOUGLAS|WINSTON","DOUGLAS|WINSTON",0.999986
"DOUGLAS|WINSTON","DOUGLAS|GOLDEN METHODIST CH",1.2e-05
"DOUGLAS|WINSTON","PAULDING|DOBBINS MIDDLE SCHOOL",2e-06
"EARLY|ARLINGTON","EARLY|ARLINGTON",1
"EARLY|BLAKELY","EARLY|BLAKELY",1
"EARLY|CEDAR SPRINGS","EARLY|CEDAR SPRINGS",1
"EARLY|CUBA","EARLY|CUBA",0.999999
"EARLY|CUBA","EARLY|BLAKELY",1e-06
"EARLY|URQUHART","EARLY|URQUHART",1
"ECHOLS|STATENVILLE","ECHOLS|STATENVILLE",1
"EFFINGHAM|1A","EFFINGHAM|1A",1
"EFFINGHAM|1B","EFFINGHAM|1B",0.836656
"EFFINGHAM|1B","EFFINGHAM|1C",0.084857
"EFFINGHAM|1B","EFFINGHAM|1A",0.078487
"EFFINGHAM|1C","EFFINGHAM|1C",1
"EFFINGHAM|1D","EFFINGHAM|1D",1
"EFFINGHAM|2A","EFFINGHAM|2A",0.774531
"EFFINGHAM|2A","EFFINGHAM|2D",0.225463
"EFFINGHAM|2A","EFFINGHAM|2B",5e-06
"EFFINGHAM|2B","EFFINGHAM|2B",0.854526
"EFFINGHAM|2B","EFFINGHAM|2C",0.145446
"EFFINGHAM|2B","EFFINGHAM|2D",2.8e-05
"EFFINGHAM|2C","EFFINGHAM|4B",0.387061
"EFFINGHAM|2C","EFFINGHAM|2C",0.314655
"EFFINGHAM|2C","EFFINGHAM|2D",0.298284
"EFFINGHAM|3A","EFFINGHAM|3A",0.981103
"EFFINGHAM|3A","EFFINGHAM|3C",0.018774
"EFFINGHAM|3A","BULLOCH|LEEFIELD",0.000117
"EFFINGHAM|3A","EFFINGHAM|3D",6e-06
"EFFINGHAM|3B","EFFINGHAM|3B",1
"EFFINGHAM|3C","EFFINGHAM|3B",0.561375
"EFFINGHAM|3C","EFFINGHAM|3C",0.417625
"EFFINGHAM|3C","EFFINGHAM|4A",0.020999
"EFFINGHAM|3D","EFFINGHAM|3D",0.865038
"EFFINGHAM|3D","EFFINGHAM|3C",0.134667
"EFFINGHAM|3D","EFFINGHAM|3A",0.000295
"EFFINGHAM|4A","EFFINGHAM|4A",0.906841
"EFFINGHAM|4A","EFFINGHAM|5A",0.093156
"EFFINGHAM|4A","EFFINGHAM|4C",2e-06
"EFFINGHAM|4B","EFFINGHAM|4C",0.598857
"EFFINGHAM|4B","EFFINGHAM|4B",0.388321
"EFFINGHAM|4B","EFFINGHAM|3C",0.012809
"EFFINGHAM|4B","EFFINGHAM|4A",1.4e-05
"EFFINGHAM|4C","EFFINGHAM|3E",0.487782
"EFFINGHAM|4C","EFFINGHAM|4C",0.349437
"EFFINGHAM|4C","EFFINGHAM|1A",0.123123
"EFFINGHAM|4C","EFFINGHAM|1B",0.039659
"EFFINGHAM|5A","EFFINGHAM|5B",0.61731
"EFFINGHAM|5A","EFFINGHAM|5A",0.382682
"EFFINGHAM|5A","EFFINGHAM|4B",4e-06
"EFFINGHAM|5A","EFFINGHAM|5D",3e-06
"EFFINGHAM|5B","EFFINGHAM|5C",0.423677
"EFFINGHAM|5B","EFFINGHAM|5B",0.32174
"EFFINGHAM|5B","EFFINGHAM|5D",0.254583
"EFFINGHAM|5C","EFFINGHAM|5D",0.999945
"EFFINGHAM|5C","EFFINGHAM|2B",4.7e-05
"EFFINGHAM|5C","EFFINGHAM|5C",7e-06
"ELBERT|CENTERVILLE","ELBERT|CENTERVILLE",0.999706
"ELBERT|CENTERVILLE","ELBERT|MOSS-RUCKERSVILLE",0.000197
"ELBERT|CENTERVILLE","ELBERT|PIKE",6.9e-05
"ELBERT|CENTERVILLE","ELBERT|ELBERTON",2.8e-05
"ELBERT|ELBERTON","ELBERT|ELBERTON",0.999229
"ELBERT|ELBERTON","ELBERT|PIKE",0.000767
"ELBERT|ELBERTON","ELBERT|CENTERVILLE",4e-06
"ELBERT|ELIAM","ELBERT|ELIAM",1
"ELBERT|GAINES","ELBERT|GAINES",1
"ELBERT|GOSHEN","ELBERT|GOSHEN",0.999999
"ELBERT|LONGSTREET","ELBERT|LONGSTREET",0.99968
"ELBERT|LONGSTREET","ELBERT|MOSS-RUCKERSVILLE",0.00032
"ELBERT|MOSS-RUCKERSVILLE","ELBERT|MOSS-RUCKERSVILLE",0.999999
"ELBERT|PETERSBURG","ELBERT|PETERSBURG",1
"ELBERT|PIKE","ELBERT|PIKE",0.99974
"ELBERT|PIKE","ELBERT|CENTERVILLE",0.000175
"ELBERT|PIKE","ELBERT|ELBERTON",8.5e-05
"ELBERT|WEBBSBORO","ELBERT|WEBBSBORO",1
"ELBERT|WYCHE","ELBERT|WYCHE",0.999999
"EMANUEL|ADRIAN","EMANUEL|ADRIAN",0.999985
"EMANUEL|ADRIAN","EMANUEL|SWAINSBORO",1e-05
"EMANUEL|ADRIAN","EMANUEL|BLUNDALE",5e-06
"EMANUEL|BLUNDALE","EMANUEL|BLUNDALE",0.999942
"EMANUEL|BLUNDALE","EMANUEL|CROSS-GREEN",4.9e-05
"EMANUEL|BLUNDALE","EMANUEL|SWAINSBORO",9e-06
"EMANUEL|CANOOCHEE","EMANUEL|CANOOCHEE",0.999942
"EMANUEL|CANOOCHEE","EMANUEL|SUMMERTOWN",3.1e-05
"EMANUEL|CANOOCHEE","EMANUEL|TWIN CITY",2.7e-05
"EMANUEL|CROSS-GREEN","EMANUEL|CROSS-GREEN",0.999999
"EMANUEL|GARFIELD","EMANUEL|GARFIELD",1
"EMANUEL|NUNEZ","EMANUEL|NUNEZ",0.999599
"EMANUEL|NUNEZ","EMANUEL|SWAINSBORO",0.000272
"EMANUEL|NUNEZ","EMANUEL|STILLMORE",0.000129
"EMANUEL|OAK PARK","EMANUEL|OAK PARK",0.999999
"EMANUEL|OAK PARK","TREUTLEN|ANNEX",1e-06
"EMANUEL|STILLMORE","EMANUEL|STILLMORE",0.998648
"EMANUEL|STILLMORE","EMANUEL|NUNEZ",0.001351
"EMANUEL|SUMMERTOWN","EMANUEL|SUMMERTOWN",0.999999
"EMANUEL|SWAINSBORO","EMANUEL|SWAINSBORO",0.999963
"EMANUEL|SWAINSBORO","EMANUEL|NUNEZ",2.8e-05
"EMANUEL|SWAINSBORO","EMANUEL|BLUNDALE",9e-06
"EMANUEL|TWIN CITY","EMANUEL|TWIN CITY",0.999987
"EMANUEL|TWIN CITY","EMANUEL|CANOOCHEE",1.3e-05
"EVANS|VETERANS COMM CTR","EVANS|VETERAN'S COMM CTR",1
"FANNIN|COLWELL","FANNIN|COLWELL",0.999903
"FANNIN|COLWELL","GILMER|BOARDTOWN",9.7e-05
"FANNIN|FAIRPLAY","FANNIN|FAIRPLAY",1
"FANNIN|FLINTHILL","FANNIN|FLINTHILL",0.996497
"FANNIN|FLINTHILL","FANNIN|HOTHOUSE",0.003115
"FANNIN|FLINTHILL","FANNIN|MINERAL BLUFF",0.000234
"FANNIN|FLINTHILL","FANNIN|SUGAR CREEK",0.000145
"FANNIN|FLINTHILL","FANNIN|MOBILE",9e-06
"FANNIN|HEMPTOWN","FANNIN|HEMPTOWN",0.999999
"FANNIN|HOTHOUSE","FANNIN|HOTHOUSE",0.991771
"FANNIN|HOTHOUSE","FANNIN|FLINTHILL",0.007798
"FANNIN|HOTHOUSE","FANNIN|MINERAL BLUFF",0.000431
"FANNIN|MINERAL BLUFF","FANNIN|MINERAL BLUFF",0.999351
"FANNIN|MINERAL BLUFF","FANNIN|TOCCOA",0.00057
"FANNIN|MINERAL BLUFF","FANNIN|SUGAR CREEK",7.9e-05
"FANNIN|MOBILE","FANNIN|MOBILE",0.999813
"FANNIN|MOBILE","FANNIN|FLINTHILL",0.000186
"FANNIN|MORGANTON","FANNIN|MORGANTON",1
"FANNIN|NOONTOOTLA","FANNIN|NOONTOOTLA",1
"FANNIN|SKENIAH","FANNIN|SKENIAH",1
"FANNIN|SUGAR CREEK","FANNIN|SUGAR CREEK",0.995193
"FANNIN|SUGAR CREEK","GILMER|CHERRY LOG",0.001705
"FANNIN|SUGAR CREEK","GILMER|BOARDTOWN",0.00132
"FANNIN|SUGAR CREEK","FANNIN|MINERAL BLUFF",0.001267
"FANNIN|SUGAR CREEK","FANNIN|TOCCOA",0.000408
"FANNIN|SUGAR CREEK","FANNIN|FLINTHILL",0.000107
"FANNIN|TOCCOA","FANNIN|TOCCOA",0.999759
"FANNIN|TOCCOA","GILMER|CHERRY LOG",0.000131
"FANNIN|TOCCOA","FANNIN|SUGAR CREEK",6e-05
"FANNIN|TOCCOA","FANNIN|MINERAL BLUFF",4.9e-05
"FAYETTE|ABERDEEN","FAYETTE|ABERDEEN",0.999199
"FAYETTE|ABERDEEN","FAYETTE|MCINTOSH",0.000801
"FAYETTE|ANTIOCH","FAYETTE|ANTIOCH",0.999334
"FAYETTE|ANTIOCH","FAYETTE|WOOLSEY",0.000553
"FAYETTE|ANTIOCH","FAYETTE|MURPHY",0.000112
"FAYETTE|BANKS","FAYETTE|BANKS",0.99888
"FAYETTE|BANKS","FAYETTE|FLINT",0.001095
"FAYETTE|BANKS","FAYETTE|OAK RIDGE",1.7e-05
"FAYETTE|BANKS","FAYETTE|EUROPE",6e-06
"FAYETTE|BANKS","FAYETTE|MORNING CREEK",1e-06
"FAYETTE|BLACKROCK","FAYETTE|BLACKROCK",0.997965
"FAYETTE|BLACKROCK","FAYETTE|MORNING CREEK",0.002033
"FAYETTE|BLACKROCK","FAYETTE|FAYETTEVILLE WEST",2e-06
"FAYETTE|BRAELINN","FAYETTE|BRAELINN",0.999786
"FAYETTE|BRAELINN","FAYETTE|WHITEWATER",0.000191
"FAYETTE|BRAELINN","FAYETTE|FLAT CREEK",2e-05
"FAYETTE|BRAELINN","FAYETTE|RISING STAR",3e-06
"FAYETTE|BROOKS","FAYETTE|BROOKS",0.999919
"FAYETTE|BROOKS","FAYETTE|WOOLSEY",8e-05
"FAYETTE|CAMP CREEK","FAYETTE|CAMP CREEK",0.985268
"FAYETTE|CAMP CREEK","FAYETTE|WHITEWATER",0.011694
"FAYETTE|CAMP CREEK","FAYETTE|FLAT CREEK",0.002782
"FAYETTE|CAMP CREEK","FAYETTE|WINDGATE",0.000256
"FAYETTE|DOGWOOD","FAYETTE|DOGWOOD",0.999271
"FAYETTE|DOGWOOD","FAYETTE|MORNING CREEK",0.000727
"FAYETTE|EUROPE","FAYETTE|EUROPE",0.999935
"FAYETTE|EUROPE","FAYETTE|OAK RIDGE",3e-05
"FAYETTE|EUROPE","FAYETTE|BANKS",2.5e-05
"FAYETTE|EUROPE","FULTON|SC211",8e-06
"FAYETTE|EUROPE","CLAYTON|RIVERDALE 8",1e-06
"FAYETTE|FAYETTEVILLE EAST","FAYETTE|FAYETTEVILLE EAST",0.999993
"FAYETTE|FAYETTEVILLE EAST","FAYETTE|BLACKROCK",3e-06
"FAYETTE|FAYETTEVILLE EAST","FAYETTE|BANKS",3e-06
"FAYETTE|FAYETTEVILLE WEST","FAYETTE|FAYETTEVILLE WEST",0.999835
"FAYETTE|FAYETTEVILLE WEST","FAYETTE|MORNING CREEK",0.000163
"FAYETTE|FAYETTEVILLE WEST","FAYETTE|BLACKROCK",1e-06
"FAYETTE|FIELDING RIDGE","FAYETTE|FIELDING RIDGE",0.992988
"FAYETTE|FIELDING RIDGE","FAYETTE|RAREOVER",0.007012
"FAYETTE|FLAT CREEK","FAYETTE|FLAT CREEK",1
"FAYETTE|FLINT","FAYETTE|FLINT",0.999375
"FAYETTE|FLINT","CLAYTON|PANHANDLE 1",4e-04
"FAYETTE|FLINT","FAYETTE|BANKS",0.000225
"FAYETTE|HARPS CROSSING","FAYETTE|HARPS CROSSING",0.999937
"FAYETTE|HARPS CROSSING","FAYETTE|ANTIOCH",6.2e-05
"FAYETTE|HOPEFUL","FAYETTE|HOPEFUL",0.999706
"FAYETTE|HOPEFUL","FAYETTE|SANDY CREEK",0.000206
"FAYETTE|HOPEFUL","FAYETTE|OAK RIDGE",8.3e-05
"FAYETTE|HOPEFUL","FAYETTE|KENWOOD",4e-06
"FAYETTE|HOPEFUL","FULTON|SC212",2e-06
"FAYETTE|JEFF DAVIS","FAYETTE|JEFF DAVIS",0.997598
"FAYETTE|JEFF DAVIS","FAYETTE|MURPHY",0.002402
"FAYETTE|KEDRON","FAYETTE|KEDRON",0.994028
"FAYETTE|KEDRON","FAYETTE|RAREOVER",0.002498
"FAYETTE|KEDRON","COWETA|CANNONGATE",0.001782
"FAYETTE|KEDRON","FAYETTE|WILLOWBEND",0.001692
"FAYETTE|KENWOOD","FAYETTE|KENWOOD",0.998444
"FAYETTE|KENWOOD","FAYETTE|HOPEFUL",0.001438
"FAYETTE|KENWOOD","FAYETTE|OAK RIDGE",0.000118
"FAYETTE|MCINTOSH","FAYETTE|MCINTOSH",0.989558
"FAYETTE|MCINTOSH","FAYETTE|DOGWOOD",0.010442
"FAYETTE|MORNING CREEK","FAYETTE|MORNING CREEK",0.999303
"FAYETTE|MORNING CREEK","FAYETTE|OAK RIDGE",0.000327
"FAYETTE|MORNING CREEK","FAYETTE|DOGWOOD",0.000301
"FAYETTE|MORNING CREEK","FAYETTE|BLACKROCK",6.9e-05
"FAYETTE|MURPHY","FAYETTE|MURPHY",0.999535
"FAYETTE|MURPHY","FAYETTE|ANTIOCH",0.000418
"FAYETTE|MURPHY","FAYETTE|FLINT",4.3e-05
"FAYETTE|MURPHY","CLAYTON|PANHANDLE 1",3e-06
"FAYETTE|MURPHY","FAYETTE|JEFF DAVIS",2e-06
"FAYETTE|OAK GROVE","FAYETTE|OAK GROVE",0.997702
"FAYETTE|OAK GROVE","FAYETTE|BRAELINN",0.001514
"FAYETTE|OAK GROVE","FAYETTE|FLAT CREEK",0.000785
"FAYETTE|OAK RIDGE","FAYETTE|OAK RIDGE",0.999811
"FAYETTE|OAK RIDGE","FAYETTE|MORNING CREEK",0.00013
"FAYETTE|OAK RIDGE","FAYETTE|EUROPE",3.6e-05
"FAYETTE|OAK RIDGE","FAYETTE|SANDY CREEK",2.1e-05
"FAYETTE|OAK RIDGE","FAYETTE|HOPEFUL",2e-06
"FAYETTE|RAREOVER","FAYETTE|RAREOVER",0.998115
"FAYETTE|RAREOVER","FAYETTE|FIELDING RIDGE",0.001137
"FAYETTE|RAREOVER","FAYETTE|KEDRON",0.000748
"FAYETTE|RISING STAR","FAYETTE|RISING STAR",0.999661
"FAYETTE|RISING STAR","COWETA|SENOIA",0.000279
"FAYETTE|RISING STAR","FAYETTE|BRAELINN",3.7e-05
"FAYETTE|RISING STAR","FAYETTE|WILLOWBEND",2.2e-05
"FAYETTE|RISING STAR","FAYETTE|STARRSMILL",1e-06
"FAYETTE|SANDY CREEK","FAYETTE|SANDY CREEK",0.999956
"FAYETTE|SANDY CREEK","FAYETTE|HOPEFUL",4.3e-05
"FAYETTE|SHAKERAG EAST","FAYETTE|SHAKERAG EAST",0.999414
"FAYETTE|SHAKERAG EAST","FAYETTE|SHAKERAG WEST",0.000536
"FAYETTE|SHAKERAG EAST","FAYETTE|WINDGATE",4.4e-05
"FAYETTE|SHAKERAG EAST","FAYETTE|DOGWOOD",5e-06
"FAYETTE|SHAKERAG EAST","FAYETTE|MCINTOSH",1e-06
"FAYETTE|SHAKERAG WEST","FAYETTE|SHAKERAG WEST",0.999577
"FAYETTE|SHAKERAG WEST","FAYETTE|SHAKERAG EAST",0.000392
"FAYETTE|SHAKERAG WEST","FAYETTE|FLAT CREEK",2.8e-05
"FAYETTE|SHAKERAG WEST","FAYETTE|WINDGATE",2e-06
"FAYETTE|SPRING HILL","FAYETTE|SPRING HILL",0.999268
"FAYETTE|SPRING HILL","FAYETTE|WILLOW POND",0.00066
"FAYETTE|SPRING HILL","FAYETTE|WHITEWATER",7.2e-05
"FAYETTE|STARRSMILL","FAYETTE|STARRSMILL",0.998935
"FAYETTE|STARRSMILL","FAYETTE|RISING STAR",0.000999
"FAYETTE|STARRSMILL","FAYETTE|BROOKS",6.6e-05
"FAYETTE|WHITEWATER","FAYETTE|WHITEWATER",0.999088
"FAYETTE|WHITEWATER","FAYETTE|CAMP CREEK",0.00067
"FAYETTE|WHITEWATER","FAYETTE|SPRING HILL",0.000176
"FAYETTE|WHITEWATER","FAYETTE|BRAELINN",6.6e-05
"FAYETTE|WILLOW POND","FAYETTE|WILLOW POND",0.999831
"FAYETTE|WILLOW POND","FAYETTE|SPRING HILL",0.000166
"FAYETTE|WILLOW POND","FAYETTE|DOGWOOD",3e-06
"FAYETTE|WILLOWBEND","FAYETTE|WILLOWBEND",0.996275
"FAYETTE|WILLOWBEND","COWETA|SENOIA",0.001799
"FAYETTE|WILLOWBEND","COWETA|SHARPSBURG",0.001794
"FAYETTE|WILLOWBEND","FAYETTE|SHAKERAG WEST",0.000132
"FAYETTE|WINDGATE","FAYETTE|WINDGATE",0.993559
"FAYETTE|WINDGATE","FAYETTE|SHAKERAG WEST",0.006436
"FAYETTE|WINDGATE","FAYETTE|FLAT CREEK",5e-06
"FAYETTE|WOOLSEY","FAYETTE|WOOLSEY",0.999991
"FAYETTE|WOOLSEY","SPALDING|13",7e-06
"FAYETTE|WOOLSEY","FAYETTE|ANTIOCH",2e-06
"FLOYD|ALTO PARK","FLOYD|ALTO PARK",0.971141
"FLOYD|ALTO PARK","FLOYD|SOUTH ROME",0.028154
"FLOYD|ALTO PARK","FLOYD|TOWN ROME",0.000705
"FLOYD|ARMUCHEE","FLOYD|NEW ARMUCHEE",0.927972
"FLOYD|ARMUCHEE","FLOYD|GLENWOOD",0.071998
"FLOYD|ARMUCHEE","FLOYD|GARDEN LAKES",3e-05
"FLOYD|BARKERS","FLOYD|SOUTH FLOYD",1
"FLOYD|CAVE SPRING","FLOYD|CAVE SPRING",1
"FLOYD|CHULIO","FLOYD|CHULIO",0.935354
"FLOYD|CHULIO","FLOYD|EAST ROME",0.064643
"FLOYD|CHULIO","FLOYD|NORTH ROME",3e-06
"FLOYD|EAST LINDALE","FLOYD|EAST ROME",0.678874
"FLOYD|EAST LINDALE","FLOYD|LINDALE",0.321126
"FLOYD|EAST ROME","FLOYD|EAST ROME",0.991552
"FLOYD|EAST ROME","FLOYD|LINDALE",0.006887
"FLOYD|EAST ROME","FLOYD|SOUTH ROME",0.00121
"FLOYD|EAST ROME","FLOYD|NORTH ROME",0.000351
"FLOYD|ETOWAH","FLOYD|ETOWAH",0.89608
"FLOYD|ETOWAH","FLOYD|NORTH ROME",0.10392
"FLOYD|EVERETT SPRINGS","FLOYD|EVERETT SPRINGS",1
"FLOYD|FLOYD SPRINGS","FLOYD|FLOYD SPRINGS",1
"FLOYD|FOSTER'S MILL","FLOYD|FOSTER'S MILL",1
"FLOYD|GARDEN LAKES","FLOYD|GARDEN LAKES",0.999777
"FLOYD|GARDEN LAKES","FLOYD|GLENWOOD",0.000154
"FLOYD|GARDEN LAKES","FLOYD|TOWN ROME",6e-05
"FLOYD|GARDEN LAKES","FLOYD|NEW ARMUCHEE",9e-06
"FLOYD|GLENWOOD","FLOYD|GLENWOOD",0.999428
"FLOYD|GLENWOOD","FLOYD|GARDEN LAKES",0.000571
"FLOYD|HOWELL","FLOYD|HOWELL",1
"FLOYD|MT ALTO NORTH","FLOYD|TOWN ROME",0.596358
"FLOYD|MT ALTO NORTH","FLOYD|GARDEN LAKES",0.403642
"FLOYD|MT ALTO SOUTH","FLOYD|ALTO PARK",0.623869
"FLOYD|MT ALTO SOUTH","FLOYD|SOUTH ROME",0.376095
"FLOYD|MT ALTO SOUTH","FLOYD|TOWN ROME",3.6e-05
"FLOYD|NORTH CAROLINA","FLOYD|COOSA (NORTH CAROLINA)",0.999992
"FLOYD|NORTH CAROLINA","FLOYD|GARDEN LAKES",8e-06
"FLOYD|NORTH ROME","FLOYD|NORTH ROME",0.999999
"FLOYD|RIVERSIDE","FLOYD|NORTH ROME",0.999909
"FLOYD|RIVERSIDE","FLOYD|SHANNON",9.1e-05
"FLOYD|SOUTH ROME","FLOYD|SOUTH ROME",0.993355
"FLOYD|SOUTH ROME","FLOYD|SOUTH FLOYD",0.006564
"FLOYD|SOUTH ROME","FLOYD|EAST ROME",8.1e-05
"FLOYD|TEXAS VALLEY","FLOYD|NEW ARMUCHEE",1
"FLOYD|TOWN ROME","FLOYD|TOWN ROME",0.519888
"FLOYD|TOWN ROME","FLOYD|GLENWOOD",0.4776
"FLOYD|TOWN ROME","FLOYD|GARDEN LAKES",0.002398
"FLOYD|TOWN ROME","FLOYD|ALTO PARK",0.000112
"FLOYD|TOWN ROME","FLOYD|SOUTH ROME",1e-06
"FLOYD|VANNS VALLEY","FLOYD|SOUTH FLOYD",0.998858
"FLOYD|VANNS VALLEY","FLOYD|SOUTH ROME",0.001142
"FLOYD|WATTERS","FLOYD|SHANNON",0.999999
"FLOYD|WEST LINDALE","FLOYD|LINDALE",0.992712
"FLOYD|WEST LINDALE","FLOYD|EAST ROME",0.005043
"FLOYD|WEST LINDALE","FLOYD|SOUTH ROME",0.002245
"FORSYTH|01 BIG CREEK","FORSYTH|01 BIG CREEK",0.772048
"FORSYTH|01 BIG CREEK","FORSYTH|38 DAVES CREEK",0.221127
"FORSYTH|01 BIG CREEK","FORSYTH|34 FOWLER",0.003034
"FORSYTH|01 BIG CREEK","FORSYTH|21 SOUTH FORSYTH",0.00181
"FORSYTH|01 BIG CREEK","FORSYTH|41 GRASSLAND",0.001032
"FORSYTH|01 BIG CREEK","FORSYTH|02 BRANDYWINE",0.000858
"FORSYTH|01 BIG CREEK","FULTON|JC04C",7.2e-05
"FORSYTH|01 BIG CREEK","FORSYTH|35 JOHNS CREEK",1.7e-05
"FORSYTH|01 BIG CREEK","FULTON|AP05",3e-06
"FORSYTH|02 BRANDYWINE","FORSYTH|02 BRANDYWINE",0.999349
"FORSYTH|02 BRANDYWINE","FORSYTH|41 GRASSLAND",0.000651
"FORSYTH|03 BROWNS BRIDGE","FORSYTH|50 BROWNS BRIDGE",0.481399
"FORSYTH|03 BROWNS BRIDGE","FORSYTH|44 LANIER",0.271337
"FORSYTH|03 BROWNS BRIDGE","FORSYTH|07 CUMMING",0.191957
"FORSYTH|03 BROWNS BRIDGE","FORSYTH|16 OTWELL",0.043027
"FORSYTH|03 BROWNS BRIDGE","FORSYTH|42 KEITH BRIDGE",0.01228
"FORSYTH|04 CHESTATEE","FORSYTH|42 KEITH BRIDGE",0.45159
"FORSYTH|04 CHESTATEE","FORSYTH|04 CHESTATEE",0.32213
"FORSYTH|04 CHESTATEE","FORSYTH|50 BROWNS BRIDGE",0.226277
"FORSYTH|04 CHESTATEE","FORSYTH|06 CROSSROADS",3e-06
"FORSYTH|05 COAL MOUNTAIN","FORSYTH|05 COAL MOUNTAIN",0.402415
"FORSYTH|05 COAL MOUNTAIN","FORSYTH|16 OTWELL",0.388522
"FORSYTH|05 COAL MOUNTAIN","FORSYTH|50 BROWNS BRIDGE",0.146087
"FORSYTH|05 COAL MOUNTAIN","FORSYTH|06 CROSSROADS",0.061472
"FORSYTH|05 COAL MOUNTAIN","FORSYTH|45 MOUNTAINSIDE",0.000932
"FORSYTH|05 COAL MOUNTAIN","FORSYTH|51 MATT",0.000572
"FORSYTH|06 CROSSROADS","FORSYTH|06 CROSSROADS",0.751796
"FORSYTH|06 CROSSROADS","FORSYTH|42 KEITH BRIDGE",0.133969
"FORSYTH|06 CROSSROADS","FORSYTH|04 CHESTATEE",0.096391
"FORSYTH|06 CROSSROADS","FORSYTH|50 BROWNS BRIDGE",0.016892
"FORSYTH|06 CROSSROADS","FORSYTH|05 COAL MOUNTAIN",0.00095
"FORSYTH|07 CUMMING","FORSYTH|07 CUMMING",0.955667
"FORSYTH|07 CUMMING","FORSYTH|16 OTWELL",0.042143
"FORSYTH|07 CUMMING","FORSYTH|43 LAKELAND",0.001581
"FORSYTH|07 CUMMING","FORSYTH|38 DAVES CREEK",0.000391
"FORSYTH|07 CUMMING","FORSYTH|08 MASHBURN",0.000218
"FORSYTH|08 MASHBURN","FORSYTH|08 MASHBURN",0.729044
"FORSYTH|08 MASHBURN","FORSYTH|47 RIVERCLUB",0.253596
"FORSYTH|08 MASHBURN","FORSYTH|07 CUMMING",0.015538
"FORSYTH|08 MASHBURN","FORSYTH|38 DAVES CREEK",0.001822
"FORSYTH|10 MIDWAY","FORSYTH|10 MIDWAY",0.623178
"FORSYTH|10 MIDWAY","FORSYTH|46 SAWMILL BRANCH",0.370358
"FORSYTH|10 MIDWAY","FORSYTH|43 LAKELAND",0.003574
"FORSYTH|10 MIDWAY","FORSYTH|45 MOUNTAINSIDE",0.002376
"FORSYTH|10 MIDWAY","FORSYTH|49 CHEATAM CREEK",0.00049
"FORSYTH|10 MIDWAY","FORSYTH|34 FOWLER",2.2e-05
"FORSYTH|15 HEARDSVILLE","FORSYTH|15 HEARDSVILLE",0.730079
"FORSYTH|15 HEARDSVILLE","FORSYTH|51 MATT",0.151336
"FORSYTH|15 HEARDSVILLE","FORSYTH|40 WEST FORSYTH",0.11813
"FORSYTH|15 HEARDSVILLE","FORSYTH|45 MOUNTAINSIDE",0.00032
"FORSYTH|15 HEARDSVILLE","FORSYTH|16 OTWELL",0.000135
"FORSYTH|16 OTWELL","FORSYTH|16 OTWELL",0.562435
"FORSYTH|16 OTWELL","FORSYTH|45 MOUNTAINSIDE",0.286015
"FORSYTH|16 OTWELL","FORSYTH|43 LAKELAND",0.100985
"FORSYTH|16 OTWELL","FORSYTH|07 CUMMING",0.030484
"FORSYTH|16 OTWELL","FORSYTH|08 MASHBURN",0.019746
"FORSYTH|16 OTWELL","FORSYTH|46 SAWMILL BRANCH",0.000335
"FORSYTH|19 OLD ATLANTA","FORSYTH|19 OLD ATLANTA",0.993747
"FORSYTH|19 OLD ATLANTA","FULTON|JC01A",0.005088
"FORSYTH|19 OLD ATLANTA","FORSYTH|36 NICHOLS",0.0011
"FORSYTH|19 OLD ATLANTA","FORSYTH|35 JOHNS CREEK",6.3e-05
"FORSYTH|21 SOUTH FORSYTH","FORSYTH|21 SOUTH FORSYTH",0.366336
"FORSYTH|21 SOUTH FORSYTH","FORSYTH|38 DAVES CREEK",0.345682
"FORSYTH|21 SOUTH FORSYTH","FORSYTH|39 MATHIS",0.287731
"FORSYTH|21 SOUTH FORSYTH","FORSYTH|01 BIG CREEK",0.000157
"FORSYTH|21 SOUTH FORSYTH","FORSYTH|36 NICHOLS",7.3e-05
"FORSYTH|21 SOUTH FORSYTH","FORSYTH|25 WINDERMERE",1.4e-05
"FORSYTH|21 SOUTH FORSYTH","FORSYTH|35 JOHNS CREEK",6e-06
"FORSYTH|25 WINDERMERE","FORSYTH|25 WINDERMERE",0.54041
"FORSYTH|25 WINDERMERE","FORSYTH|38 DAVES CREEK",0.435026
"FORSYTH|25 WINDERMERE","FORSYTH|07 CUMMING",0.021987
"FORSYTH|25 WINDERMERE","FORSYTH|43 LAKELAND",0.001668
"FORSYTH|25 WINDERMERE","FORSYTH|08 MASHBURN",0.000897
"FORSYTH|25 WINDERMERE","FORSYTH|34 FOWLER",1.3e-05
"FORSYTH|27 CONCORD","FORSYTH|51 MATT",0.763422
"FORSYTH|27 CONCORD","FORSYTH|05 COAL MOUNTAIN",0.175767
"FORSYTH|27 CONCORD","FORSYTH|06 CROSSROADS",0.060809
"FORSYTH|27 CONCORD","FORSYTH|15 HEARDSVILLE",2e-06
"FORSYTH|29 POLO","FORSYTH|34 FOWLER",0.477438
"FORSYTH|29 POLO","FORSYTH|43 LAKELAND",0.343045
"FORSYTH|29 POLO","FORSYTH|10 MIDWAY",0.166838
"FORSYTH|29 POLO","FORSYTH|07 CUMMING",0.012673
"FORSYTH|29 POLO","FORSYTH|41 GRASSLAND",7e-06
"FORSYTH|34 FOWLER","FORSYTH|41 GRASSLAND",0.611792
"FORSYTH|34 FOWLER","FORSYTH|34 FOWLER",0.388102
"FORSYTH|34 FOWLER","FORSYTH|10 MIDWAY",0.000106
"FORSYTH|35 JOHNS CREEK","FORSYTH|35 JOHNS CREEK",0.820944
"FORSYTH|35 JOHNS CREEK","FORSYTH|39 MATHIS",0.174041
"FORSYTH|35 JOHNS CREEK","FULTON|JC02",0.002497
"FORSYTH|35 JOHNS CREEK","FULTON|JC01",0.001237
"FORSYTH|35 JOHNS CREEK","FULTON|JC04A",0.000717
"FORSYTH|35 JOHNS CREEK","FULTON|JC03B",0.000563
"FORSYTH|35 JOHNS CREEK","FULTON|JC01A",1e-06
"FORSYTH|36 NICHOLS","FORSYTH|36 NICHOLS",0.999699
"FORSYTH|36 NICHOLS","FORSYTH|39 MATHIS",0.00017
"FORSYTH|36 NICHOLS","FORSYTH|21 SOUTH FORSYTH",0.000131
"FORSYTH|37 SAWNEE","FORSYTH|45 MOUNTAINSIDE",0.43405
"FORSYTH|37 SAWNEE","FORSYTH|40 WEST FORSYTH",0.38205
"FORSYTH|37 SAWNEE","FORSYTH|49 CHEATAM CREEK",0.156684
"FORSYTH|37 SAWNEE","FORSYTH|10 MIDWAY",0.019886
"FORSYTH|37 SAWNEE","FORSYTH|16 OTWELL",0.00728
"FORSYTH|37 SAWNEE","FORSYTH|15 HEARDSVILLE",3.2e-05
"FORSYTH|37 SAWNEE","FORSYTH|46 SAWMILL BRANCH",1.2e-05
"FORSYTH|37 SAWNEE","CHEROKEE|FREE HOME",3e-06
"FORSYTH|37 SAWNEE","FORSYTH|07 CUMMING",2e-06
"FRANKLIN|CANON","FRANKLIN|CANON",0.999991
"FRANKLIN|CANON","FRANKLIN|CARNESVILLE",9e-06
"FRANKLIN|CARNESVILLE","FRANKLIN|CARNESVILLE",0.999946
"FRANKLIN|CARNESVILLE","FRANKLIN|SOUTHWEST FRANKLIN",3.1e-05
"FRANKLIN|CARNESVILLE","FRANKLIN|CANON",2.4e-05
"FRANKLIN|LAVONIA","FRANKLIN|LAVONIA",1
"FRANKLIN|NORTHEAST FRANKLIN","FRANKLIN|NORTHEAST FRANKLIN",0.999993
"FRANKLIN|NORTHEAST FRANKLIN","FRANKLIN|LAVONIA",6e-06
"FRANKLIN|ROYSTON","FRANKLIN|ROYSTON",0.999633
"FRANKLIN|ROYSTON","FRANKLIN|SOUTHWEST FRANKLIN",0.000366
"FRANKLIN|SOUTHWEST FRANKLIN","FRANKLIN|SOUTHWEST FRANKLIN",0.99987
"FRANKLIN|SOUTHWEST FRANKLIN","FRANKLIN|ROYSTON",4.9e-05
"FRANKLIN|SOUTHWEST FRANKLIN","BANKS|DAVIDS",4.7e-05
"FRANKLIN|SOUTHWEST FRANKLIN","FRANKLIN|CARNESVILLE",3.4e-05
"FRANKLIN|WEST FRANKLIN","FRANKLIN|WEST FRANKLIN",0.995472
"FRANKLIN|WEST FRANKLIN","BANKS|WASHINGTON",0.004398
"FRANKLIN|WEST FRANKLIN","BANKS|COLUMBIA",0.000118
"FRANKLIN|WEST FRANKLIN","BANKS|WILMONTS",1.2e-05
"FULTON|01A","FULTON|01A",0.999783
"FULTON|01A","FULTON|05A2",0.000212
"FULTON|01A","FULTON|05A1",3e-06
"FULTON|01A","FULTON|01E",2e-06
"FULTON|01B","FULTON|01B",0.999998
"FULTON|01B","FULTON|01T",1e-06
"FULTON|01C","FULTON|01C",0.997175
"FULTON|01C","FULTON|01S",0.002825
"FULTON|01D","FULTON|01D",0.999996
"FULTON|01D","FULTON|01F",3e-06
"FULTON|01E","FULTON|01E",0.999985
"FULTON|01E","FULTON|01C",1.3e-05
"FULTON|01E","FULTON|01G",2e-06
"FULTON|01F","FULTON|01F",0.999637
"FULTON|01F","FULTON|04V",0.000363
"FULTON|01G","FULTON|01G",1
"FULTON|01H","FULTON|01H",0.999856
"FULTON|01H","FULTON|05B",0.000139
"FULTON|01H","FULTON|04I",6e-06
"FULTON|01J","FULTON|01J",0.999999
"FULTON|01P","FULTON|01P",1
"FULTON|01R","FULTON|01R",0.999993
"FULTON|01R","FULTON|01T",7e-06
"FULTON|01S","FULTON|01S",1
"FULTON|01T","FULTON|01T",0.999996
"FULTON|01T","FULTON|01B",3e-06
"FULTON|02A","FULTON|02A",0.999935
"FULTON|02A","FULTON|06R",6.5e-05
"FULTON|02A1","FULTON|02A1",1
"FULTON|02B","FULTON|02B",0.999791
"FULTON|02B","FULTON|04F",0.000209
"FULTON|02C","FULTON|02C",1
"FULTON|02D","FULTON|02D",0.99998
"FULTON|02D","FULTON|02G",2e-05
"FULTON|02E","FULTON|02E",1
"FULTON|02F1","FULTON|02F1",0.999999
"FULTON|02F1","FULTON|06B",1e-06
"FULTON|02F2","FULTON|02F2",0.999987
"FULTON|02F2","FULTON|02J",1.3e-05
"FULTON|02G","FULTON|02G",0.99946
"FULTON|02G","FULTON|02D",0.00054
"FULTON|02J","FULTON|02J",1
"FULTON|02K","FULTON|02K",1
"FULTON|02L1","FULTON|02L1B",0.569556
"FULTON|02L1","FULTON|02L1",0.430444
"FULTON|02L1A","FULTON|02L1A",0.999985
"FULTON|02L1A","FULTON|02L1B",1.5e-05
"FULTON|02L2","FULTON|02L2",0.999987
"FULTON|02L2","FULTON|03I",1.3e-05
"FULTON|02S","FULTON|02S",0.998053
"FULTON|02S","FULTON|05K",0.001947
"FULTON|02W","FULTON|02W",0.996297
"FULTON|02W","FULTON|03F",0.003703
"FULTON|03A","FULTON|03A",1
"FULTON|03B","FULTON|03B",0.999997
"FULTON|03B","FULTON|03D",3e-06
"FULTON|03C","FULTON|03C",0.999081
"FULTON|03C","FULTON|03H",0.000917
"FULTON|03C","FULTON|03S",3e-06
"FULTON|03D","FULTON|03D",0.995589
"FULTON|03D","FULTON|03E",0.004411
"FULTON|03E","FULTON|03E",0.999959
"FULTON|03E","FULTON|03D",4.1e-05
"FULTON|03F","FULTON|03F",0.993177
"FULTON|03F","FULTON|06L2",0.00559
"FULTON|03F","FULTON|06L1",0.000964
"FULTON|03F","FULTON|02W",0.000269
"FULTON|03G","FULTON|03G",0.999992
"FULTON|03G","FULTON|03E",8e-06
"FULTON|03H","FULTON|03H",0.999998
"FULTON|03H","FULTON|09I",2e-06
"FULTON|03I","FULTON|03I",0.999999
"FULTON|03L","FULTON|03L",0.990151
"FULTON|03L","FULTON|03B",0.009849
"FULTON|03M","FULTON|03M",0.98
"FULTON|03M","FULTON|09G",0.016393
"FULTON|03M","FULTON|03L",0.003598
"FULTON|03M","NA|NA",5e-06
"FULTON|03M","FULTON|03N",4e-06
"FULTON|03N","FULTON|03N",0.999994
"FULTON|03N","FULTON|03M",5e-06
"FULTON|03P1A","FULTON|03P1A",1
"FULTON|03P2","FULTON|03P2",1
"FULTON|03S","FULTON|03S",0.996191
"FULTON|03S","FULTON|03H",0.003105
"FULTON|03S","FULTON|03C",0.000704
"FULTON|03T","FULTON|03T",0.99997
"FULTON|03T","FULTON|04I",2.6e-05
"FULTON|03T","FULTON|04J",4e-06
"FULTON|04A","FULTON|04A",1
"FULTON|04B","FULTON|04B",0.999983
"FULTON|04B","FULTON|04J",1e-05
"FULTON|04B","FULTON|04W",6e-06
"FULTON|04C","FULTON|04C",0.999948
"FULTON|04C","FULTON|04D",5e-05
"FULTON|04C","FULTON|10J",2e-06
"FULTON|04D","FULTON|04D",0.989685
"FULTON|04D","FULTON|04A",0.008767
"FULTON|04D","FULTON|04X2",0.001546
"FULTON|04D","FULTON|04C",1e-06
"FULTON|04F","FULTON|04F",0.999465
"FULTON|04F","FULTON|04I",0.000533
"FULTON|04F","FULTON|02B",1e-06
"FULTON|04G","FULTON|04G",0.999961
"FULTON|04G","FULTON|04K",3.9e-05
"FULTON|04I","FULTON|04I",1
"FULTON|04J","FULTON|04J",0.999977
"FULTON|04J","FULTON|03G",1.9e-05
"FULTON|04J","FULTON|03T",3e-06
"FULTON|04K","FULTON|04K",0.972993
"FULTON|04K","FULTON|12K",0.023767
"FULTON|04K","FULTON|04G",0.003233
"FULTON|04K","FULTON|04B",6e-06
"FULTON|04K","FULTON|04A",2e-06
"FULTON|04L","FULTON|04L",1
"FULTON|04M","FULTON|04M",0.996141
"FULTON|04M","FULTON|12L",0.003859
"FULTON|04S","FULTON|04S",1
"FULTON|04T","FULTON|04T",0.999996
"FULTON|04T","FULTON|04X1",4e-06
"FULTON|04V","FULTON|04V",0.999763
"FULTON|04V","FULTON|01F",0.000237
"FULTON|04W","FULTON|04W",0.999998
"FULTON|04W","FULTON|04J",2e-06
"FULTON|04X1","FULTON|04X1",0.999996
"FULTON|04X1","FULTON|10M",4e-06
"FULTON|04X2","FULTON|04X2",0.999995
"FULTON|04X2","FULTON|04D",5e-06
"FULTON|05A1","FULTON|05A1",0.999932
"FULTON|05A1","FULTON|01A",6.1e-05
"FULTON|05A1","FULTON|05A2",7e-06
"FULTON|05A2","FULTON|05A2",0.992791
"FULTON|05A2","FULTON|02G",0.004462
"FULTON|05A2","FULTON|02E",0.002737
"FULTON|05A2","DEKALB|METROPOLITAN (ATL)",1e-05
"FULTON|05B","FULTON|05B",0.998998
"FULTON|05B","FULTON|01H",0.001
"FULTON|05B","FULTON|05K",2e-06
"FULTON|05C","FULTON|05C",0.999821
"FULTON|05C","FULTON|05K",0.000179
"FULTON|05D","FULTON|05D",1
"FULTON|05F","FULTON|05F",0.998404
"FULTON|05F","FULTON|02C",0.001596
"FULTON|05J","FULTON|05J",1
"FULTON|05K","FULTON|05K",0.999995
"FULTON|05K","FULTON|02G",4e-06
"FULTON|05K","FULTON|02S",1e-06
"FULTON|06B","FULTON|06B",0.999995
"FULTON|06B","FULTON|06G",5e-06
"FULTON|06D","FULTON|06D",0.821675
"FULTON|06D","FULTON|06D2",0.178325
"FULTON|06D1","FULTON|06D1",0.995377
"FULTON|06D1","DEKALB|EMORY SOUTH",0.002364
"FULTON|06D1","DEKALB|LIN-MARY LIN ELEM (ATL)",0.002257
"FULTON|06D1","FULTON|06D2",2e-06
"FULTON|06D2","FULTON|06D2",1
"FULTON|06E","FULTON|06E",1
"FULTON|06F","FULTON|06F",0.970044
"FULTON|06F","DEKALB|LIN-MARY LIN ELEM (ATL)",0.029903
"FULTON|06F","FULTON|06D1",5.3e-05
"FULTON|06G","FULTON|06G",1
"FULTON|06I","FULTON|06I",0.999531
"FULTON|06I","DEKALB|WOODWARD (BHAVN)",0.000278
"FULTON|06I","FULTON|06D",0.000189
"FULTON|06I","FULTON|07N",2e-06
"FULTON|06J","FULTON|06J",0.999802
"FULTON|06J","FULTON|06G",0.000197
"FULTON|06L1","FULTON|06L1",1
"FULTON|06L2","FULTON|06L2",1
"FULTON|06N","FULTON|06N",0.999994
"FULTON|06N","FULTON|07J",5e-06
"FULTON|06N","FULTON|08L",1e-06
"FULTON|06Q","FULTON|06Q",1
"FULTON|06R","FULTON|06R",0.75035
"FULTON|06R","FULTON|06R1",0.249143
"FULTON|06R","FULTON|06L1",0.000499
"FULTON|06R","FULTON|02W",9e-06
"FULTON|07A","FULTON|07A",0.57399
"FULTON|07A","FULTON|07A1",0.426009
"FULTON|07B","FULTON|07B",0.998598
"FULTON|07B","DEKALB|SILVER LAKE (BHAVN)",0.001099
"FULTON|07B","FULTON|SS14",0.000254
"FULTON|07B","FULTON|07C",4.9e-05
"FULTON|07C","FULTON|07C",0.99771
"FULTON|07C","DEKALB|SILVER LAKE (BHAVN)",0.002248
"FULTON|07C","DEKALB|BROOKHAVEN (BHAVN)",4.2e-05
"FULTON|07D","FULTON|07D",0.637721
"FULTON|07D","FULTON|07D1",0.362278
"FULTON|07E","FULTON|07E",0.984446
"FULTON|07E","DEKALB|CROSS KEYS HIGH (BHAVN)",0.008625
"FULTON|07E","DEKALB|WOODWARD (BHAVN)",0.006929
"FULTON|07F","FULTON|07F1",0.692657
"FULTON|07F","FULTON|07F",0.307055
"FULTON|07F","FULTON|07D",0.000288
"FULTON|07H","FULTON|07H",1
"FULTON|07J","FULTON|07J",0.999998
"FULTON|07J","FULTON|08H",2e-06
"FULTON|07M","FULTON|07M",0.977755
"FULTON|07M","FULTON|07N",0.007332
"FULTON|07M","FULTON|07D",0.00688
"FULTON|07M","FULTON|07F",0.006466
"FULTON|07M","DEKALB|BROOKHAVEN (BHAVN)",0.000986
"FULTON|07M","DEKALB|CROSS KEYS HIGH (BHAVN)",0.000581
"FULTON|07N","FULTON|07N",0.999998
"FULTON|07N","FULTON|07M",2e-06
"FULTON|08A","FULTON|08A",0.999528
"FULTON|08A","COBB|CHATTAHOOCHEE 01",0.000472
"FULTON|08B","FULTON|08B",0.997952
"FULTON|08B","FULTON|SS09B",0.002036
"FULTON|08B","FULTON|SS09A",1e-05
"FULTON|08C","FULTON|08C1",0.739939
"FULTON|08C","FULTON|08C",0.26006
"FULTON|08D","FULTON|08D",0.999873
"FULTON|08D","FULTON|08A",0.000127
"FULTON|08E","FULTON|08E",0.999992
"FULTON|08E","FULTON|08N2",8e-06
"FULTON|08F1","FULTON|08F1",0.999999
"FULTON|08F1","FULTON|08H",1e-06
"FULTON|08G","FULTON|08G",1
"FULTON|08H","FULTON|08H",1
"FULTON|08J","FULTON|08J",0.999002
"FULTON|08J","FULTON|09N",0.000571
"FULTON|08J","FULTON|09H",0.000423
"FULTON|08J","FULTON|09F",3e-06
"FULTON|08J","FULTON|08K",2e-06
"FULTON|08K","FULTON|08K",0.999032
"FULTON|08K","FULTON|08P",0.000964
"FULTON|08K","FULTON|08J",4e-06
"FULTON|08L","FULTON|08L",0.999998
"FULTON|08L","FULTON|06N",2e-06
"FULTON|08M","FULTON|08M",0.999999
"FULTON|08M","FULTON|08F1",1e-06
"FULTON|08N1","FULTON|08N1",1
"FULTON|08N2","FULTON|08N2",0.99598
"FULTON|08N2","FULTON|08E",0.003986
"FULTON|08N2","FULTON|08N1",3.4e-05
"FULTON|08P","FULTON|08P",0.570749
"FULTON|08P","FULTON|08P1",0.429247
"FULTON|08P","FULTON|08K",3e-06
"FULTON|09A","FULTON|09A",0.778564
"FULTON|09A","NA|NA",0.221432
"FULTON|09A","FULTON|09F",3e-06
"FULTON|09B","FULTON|09B",0.998879
"FULTON|09B","FULTON|09K1",0.001111
"FULTON|09B","COBB|SMYRNA 7A",4e-06
"FULTON|09B","NA|NA",4e-06
"FULTON|09B","FULTON|FC02",2e-06
"FULTON|09C","FULTON|09C",0.985226
"FULTON|09C","FULTON|09B",0.014774
"FULTON|09D","FULTON|09D",1
"FULTON|09E","FULTON|09E",0.753774
"FULTON|09E","FULTON|09L",0.240902
"FULTON|09E","FULTON|09I",0.003501
"FULTON|09E","FULTON|09K",0.001823
"FULTON|09F","FULTON|09F",1
"FULTON|09G","FULTON|09N",0.792769
"FULTON|09G","FULTON|09G",0.20723
"FULTON|09H","FULTON|09H",0.999999
"FULTON|09I","FULTON|09I",0.997263
"FULTON|09I","FULTON|09E",0.002737
"FULTON|09K","FULTON|09K",0.976033
"FULTON|09K","FULTON|09K1",0.012727
"FULTON|09K","FULTON|09L",0.00471
"FULTON|09K","FULTON|09B",0.004648
"FULTON|09K","FULTON|09E",0.00188
"FULTON|09K1","FULTON|09K1",0.995514
"FULTON|09K1","FULTON|09B",0.004486
"FULTON|09M","FULTON|09M",1
"FULTON|10A","FULTON|10A",0.989947
"FULTON|10A","FULTON|SC14A",0.009156
"FULTON|10A","FULTON|SC32",0.000897
"FULTON|10B","FULTON|10B",0.838009
"FULTON|10B","FULTON|10B1",0.160345
"FULTON|10B","FULTON|SC30B",0.001646
"FULTON|10C","FULTON|10C",0.998448
"FULTON|10C","FULTON|10A",0.001551
"FULTON|10C","FULTON|10D2",1e-06
"FULTON|10D","FULTON|10D1",0.519543
"FULTON|10D","FULTON|10D2",0.390368
"FULTON|10D","FULTON|10D",0.090088
"FULTON|10D","FULTON|FC02",1e-06
"FULTON|10E","FULTON|10E",0.996867
"FULTON|10E","FULTON|10P",0.003133
"FULTON|10F","FULTON|10F",0.999944
"FULTON|10F","FULTON|03S",5.6e-05
"FULTON|10G","FULTON|10G",0.999256
"FULTON|10G","FULTON|10J",0.000744
"FULTON|10H1","FULTON|10H1",0.999783
"FULTON|10H1","FULTON|10H2",0.000119
"FULTON|10H1","FULTON|10F",9.8e-05
"FULTON|10H2","FULTON|10H2",0.999992
"FULTON|10H2","FULTON|10R",8e-06
"FULTON|10I","FULTON|10I",1
"FULTON|10J","FULTON|10J",0.999842
"FULTON|10J","FULTON|10G",0.000158
"FULTON|10K","FULTON|10K",0.999954
"FULTON|10K","FULTON|10G",2.5e-05
"FULTON|10K","FULTON|10J",2.1e-05
"FULTON|10M","FULTON|10M",1
"FULTON|10P","FULTON|10P",1
"FULTON|10R","FULTON|10R",0.999993
"FULTON|10R","FULTON|10H2",7e-06
"FULTON|11B","FULTON|11B",0.783763
"FULTON|11B","FULTON|11B2",0.19844
"FULTON|11B","FULTON|SC02",0.00812
"FULTON|11B","FULTON|SC01C",0.006103
"FULTON|11B","FULTON|SC02A",0.003574
"FULTON|11B1","FULTON|11B1",0.675402
"FULTON|11B1","FULTON|11B3",0.321674
"FULTON|11B1","FULTON|SC30B",0.002685
"FULTON|11B1","FULTON|11E1",0.000238
"FULTON|11C","FULTON|11C2",0.800161
"FULTON|11C","FULTON|11C3",0.138121
"FULTON|11C","FULTON|11C",0.043032
"FULTON|11C","NA|NA",0.008902
"FULTON|11C","FULTON|SC16B",0.003682
"FULTON|11C","FULTON|SC30A",0.003129
"FULTON|11C","FULTON|SC02",0.002968
"FULTON|11C","FULTON|10B1",2e-06
"FULTON|11E1","FULTON|11E1",0.995209
"FULTON|11E1","FULTON|SC18A",0.004781
"FULTON|11E1","FULTON|EP04B",6e-06
"FULTON|11E1","FULTON|11B3",4e-06
"FULTON|11E2","FULTON|11E2",0.999998
"FULTON|11E2","FULTON|11P",2e-06
"FULTON|11E3","FULTON|11E3",0.996157
"FULTON|11E3","FULTON|EP04B",0.003647
"FULTON|11E3","FULTON|EP04C",0.000196
"FULTON|11G","FULTON|11G",1
"FULTON|11H","FULTON|11H",1
"FULTON|11J","FULTON|11J",0.985228
"FULTON|11J","FULTON|11M1",0.010241
"FULTON|11J","FULTON|11N",0.004531
"FULTON|11K","FULTON|11K",1
"FULTON|11M","FULTON|11M",1
"FULTON|11M1","FULTON|11M1",1
"FULTON|11N","FULTON|11N",0.999406
"FULTON|11N","FULTON|SC30B",0.000593
"FULTON|11P","FULTON|11P",0.987655
"FULTON|11P","FULTON|11N",0.012345
"FULTON|11R","FULTON|11R",0.999999
"FULTON|12A","FULTON|12A",0.684885
"FULTON|12A","FULTON|12A1",0.315114
"FULTON|12A","FULTON|12D",1e-06
"FULTON|12A1","FULTON|12A1",0.997596
"FULTON|12A1","FULTON|12D",0.002403
"FULTON|12A1","FULTON|EP02E",2e-06
"FULTON|12D","FULTON|12D",0.999767
"FULTON|12D","FULTON|12A",0.000231
"FULTON|12D","FULTON|EP02E",2e-06
"FULTON|12E1","FULTON|12E1",0.999882
"FULTON|12E1","FULTON|12F",0.000118
"FULTON|12F","FULTON|12F",1
"FULTON|12G","FULTON|12G",0.999984
"FULTON|12G","FULTON|12D",1.3e-05
"FULTON|12G","FULTON|EP02B",3e-06
"FULTON|12H1","FULTON|12H1",1
"FULTON|12H2","FULTON|12H2",1
"FULTON|12I","FULTON|12I",1
"FULTON|12J","FULTON|12J",1
"FULTON|12K","FULTON|12K",0.999998
"FULTON|12K","FULTON|12N",2e-06
"FULTON|12L","FULTON|12L",1
"FULTON|12M","FULTON|12M",0.999992
"FULTON|12M","FULTON|12H2",6e-06
"FULTON|12M","CLAYTON|FOREST PARK 1",2e-06
"FULTON|12N","FULTON|12N",0.999999
"FULTON|12S","FULTON|12S",0.999996
"FULTON|12S","FULTON|12A",4e-06
"FULTON|AP01A","FULTON|AP01A",0.996342
"FULTON|AP01A","FULTON|AP14",0.00341
"FULTON|AP01A","FULTON|AP01D",0.000246
"FULTON|AP01A","FULTON|AP12A",1e-06
"FULTON|AP01B","FULTON|AP01B",0.999416
"FULTON|AP01B","FULTON|AP01A",0.000561
"FULTON|AP01B","FULTON|AP023",2.3e-05
"FULTON|AP01C","FULTON|AP01C",0.992183
"FULTON|AP01C","FULTON|JC16",0.007652
"FULTON|AP01C","FULTON|AP14A",0.00016
"FULTON|AP01C","FULTON|AP01A",5e-06
"FULTON|AP01D","FULTON|AP01D",0.997442
"FULTON|AP01D","FULTON|AP01A",0.002556
"FULTON|AP01D","FULTON|RW13",2e-06
"FULTON|AP021","FULTON|AP021",0.999998
"FULTON|AP022","FULTON|AP022",0.641014
"FULTON|AP022","FULTON|AP023",0.351769
"FULTON|AP022","FULTON|AP01B",0.004836
"FULTON|AP022","FULTON|AP02B",0.001652
"FULTON|AP022","FULTON|RW05",0.000728
"FULTON|AP02B","FULTON|AP02B",0.999996
"FULTON|AP02B","FULTON|RW05",3e-06
"FULTON|AP03","FULTON|AP03",1
"FULTON|AP04A","FULTON|AP04A",0.999553
"FULTON|AP04A","FULTON|ML01A",0.000447
"FULTON|AP04B","FULTON|AP04B",0.999998
"FULTON|AP04B","FULTON|AP04A",2e-06
"FULTON|AP05","FULTON|AP05",0.997437
"FULTON|AP05","FULTON|AP09B",0.002554
"FULTON|AP05","FULTON|JC04C",9e-06
"FULTON|AP06","FULTON|AP06",0.9995
"FULTON|AP06","FULTON|AP07C",0.000497
"FULTON|AP06","FULTON|AP021",3e-06
"FULTON|AP07A","FULTON|AP07A",0.999475
"FULTON|AP07A","FULTON|AP12D",0.000483
"FULTON|AP07A","FULTON|AP07B",4e-05
"FULTON|AP07A","FULTON|ML04",1e-06
"FULTON|AP07B","FULTON|AP07C",0.55709
"FULTON|AP07B","FULTON|AP07B",0.440562
"FULTON|AP07B","FULTON|AP06",0.001401
"FULTON|AP07B","FULTON|ML04",0.000514
"FULTON|AP07B","FULTON|AP12D",0.000423
"FULTON|AP07B","FULTON|AP07A",1.1e-05
"FULTON|AP09A","FULTON|AP09A",0.999676
"FULTON|AP09A","FULTON|JC04B",0.000238
"FULTON|AP09A","FULTON|AP14",7.9e-05
"FULTON|AP09A","FULTON|AP01A",5e-06
"FULTON|AP09A","FULTON|AP05",3e-06
"FULTON|AP09B","FULTON|AP09B",0.977653
"FULTON|AP09B","FULTON|AP05",0.020777
"FULTON|AP09B","FULTON|JC04C",0.001571
"FULTON|AP10","FULTON|AP10",1
"FULTON|AP12A","FULTON|AP12A",0.993587
"FULTON|AP12A","FULTON|AP09A",0.006413
"FULTON|AP12B","FULTON|AP12B",0.994964
"FULTON|AP12B","FULTON|ML06A",0.004988
"FULTON|AP12B","FULTON|AP12D",4.7e-05
"FULTON|AP12C","FULTON|AP12C",0.999997
"FULTON|AP12C","FULTON|AP07A",2e-06
"FULTON|AP14","FULTON|AP14A",0.926858
"FULTON|AP14","FULTON|AP14",0.068772
"FULTON|AP14","FULTON|AP01A",0.002016
"FULTON|AP14","FULTON|JC15",0.001258
"FULTON|AP14","FULTON|JC16",0.001067
"FULTON|AP14","FULTON|JC10",2.9e-05
"FULTON|CH01","FULTON|CH01",1
"FULTON|CH02","FULTON|CH02",0.987386
"FULTON|CH02","FULTON|CH03",0.00528
"FULTON|CH02","FULTON|SC04",0.005187
"FULTON|CH02","FULTON|CH01A",0.002147
"FULTON|CH03","FULTON|CH03",0.735614
"FULTON|CH03","FULTON|CH01",0.194392
"FULTON|CH03","FULTON|CH02A",0.069881
"FULTON|CH03","FULTON|SC04",0.000103
"FULTON|CH03","FULTON|PA01",1e-05
"FULTON|CH04A","FULTON|CH05",0.767626
"FULTON|CH04A","FULTON|CH04A",0.172862
"FULTON|CH04A","FULTON|CH05A",0.059511
"FULTON|CH05","FULTON|CH03",0.668579
"FULTON|CH05","FULTON|CH05",0.331421
"FULTON|CP011","FULTON|CP011",1
"FULTON|CP012","FULTON|CP012",0.994114
"FULTON|CP012","FULTON|EP03A",0.00346
"FULTON|CP012","FULTON|EP03C",0.001577
"FULTON|CP012","FULTON|EP03B",0.000841
"FULTON|CP012","FULTON|CP04B",8e-06
"FULTON|CP01B","FULTON|CP01B",1
"FULTON|CP02","FULTON|CP02",0.999055
"FULTON|CP02","FULTON|EP02C",0.000938
"FULTON|CP02","FULTON|CP011",4e-06
"FULTON|CP02","CLAYTON|OAK 1",2e-06
"FULTON|CP04A","FULTON|CP04A",0.601107
"FULTON|CP04A","FULTON|CP04B",0.398891
"FULTON|CP04A","FULTON|CP02",1e-06
"FULTON|CP04B","FULTON|CP04B",0.999919
"FULTON|CP04B","FULTON|CP07B",8.1e-05
"FULTON|CP051","FULTON|CP05C",0.941144
"FULTON|CP051","FULTON|CP051",0.045274
"FULTON|CP051","FULTON|SC19C",0.013578
"FULTON|CP051","FULTON|CP07A",4e-06
"FULTON|CP05B","FULTON|CP05B",0.995589
"FULTON|CP05B","FULTON|CP07B",0.004411
"FULTON|CP06A","FULTON|CP06A",0.961509
"FULTON|CP06A","FULTON|CP06B",0.027777
"FULTON|CP06A","FULTON|CP08A",0.010714
"FULTON|CP07B","FULTON|CP07B",0.991919
"FULTON|CP07B","FULTON|CP05B",0.00788
"FULTON|CP07B","FULTON|CP06A",0.000126
"FULTON|CP07B","FULTON|CP04B",7.5e-05
"FULTON|CP07C","FULTON|CP07C",1
"FULTON|CP07D","FULTON|CP07D",0.66722
"FULTON|CP07D","FULTON|CP07F",0.332771
"FULTON|CP07D","FULTON|CP07A",6e-06
"FULTON|CP07D","FULTON|CP07E",3e-06
"FULTON|CP07E","FULTON|CP07E",0.597322
"FULTON|CP07E","FULTON|CP07A",0.402676
"FULTON|CP07E","FULTON|CP07D",2e-06
"FULTON|CP07F","FULTON|CP07F",1
"FULTON|CP081","FULTON|CP081",0.942757
"FULTON|CP081","FULTON|SC10",0.057242
"FULTON|CP081","FULTON|CP084",1e-06
"FULTON|CP083","FULTON|CP083",0.975874
"FULTON|CP083","FULTON|SC10",0.012926
"FULTON|CP083","FULTON|SC27",0.011197
"FULTON|CP083","FULTON|CP08A",3e-06
"FULTON|CP084","FULTON|CP084",0.822219
"FULTON|CP084","FULTON|SC08B",0.126304
"FULTON|CP084","FULTON|SC08J",0.033801
"FULTON|CP084","FULTON|CP052",0.008067
"FULTON|CP084","FULTON|SC08D",0.004086
"FULTON|CP084","FULTON|SC10",0.002833
"FULTON|CP084","FULTON|SC17D",0.002674
"FULTON|CP084","FULTON|SC17C",1.4e-05
"FULTON|CP084","FULTON|SC08K",2e-06
"FULTON|CP08A","FULTON|CP08A",0.999999
"FULTON|EP01A","FULTON|EP01A",0.996236
"FULTON|EP01A","FULTON|EP03C",0.003433
"FULTON|EP01A","FULTON|EP02B",0.000319
"FULTON|EP01A","FULTON|EP02A",1.1e-05
"FULTON|EP01B","FULTON|EP01B",0.699927
"FULTON|EP01B","FULTON|EP01C",0.200605
"FULTON|EP01B","FULTON|BOWDEN SENIOR CENTER",0.099468
"FULTON|EP02A","FULTON|EP02A",0.999997
"FULTON|EP02A","FULTON|EP02B",3e-06
"FULTON|EP02B","FULTON|EP02B",0.99998
"FULTON|EP02B","FULTON|12D",2e-05
"FULTON|EP02C","FULTON|EP02C",1
"FULTON|EP02D","FULTON|EP02D",0.99824
"FULTON|EP02D","FULTON|EP02B",0.001714
"FULTON|EP02D","FULTON|EP01A",3.2e-05
"FULTON|EP02D","FULTON|EP02E",1.3e-05
"FULTON|EP02E","FULTON|EP02E",0.996187
"FULTON|EP02E","FULTON|EP02B",0.003808
"FULTON|EP02E","FULTON|12D",5e-06
"FULTON|EP03A","FULTON|EP03A",0.852024
"FULTON|EP03A","FULTON|EP03C",0.138885
"FULTON|EP03A","FULTON|EP03B",0.008042
"FULTON|EP03A","FULTON|EP03D",0.000996
"FULTON|EP03A","FULTON|EP01A",5.3e-05
"FULTON|EP03B","FULTON|EP03B",0.977068
"FULTON|EP03B","FULTON|EP03D",0.022932
"FULTON|EP04A","FULTON|EP04A",0.998319
"FULTON|EP04A","FULTON|EP04D",0.000968
"FULTON|EP04A","FULTON|SC19B",0.000508
"FULTON|EP04A","FULTON|EP04C",0.000205
"FULTON|EP04B","FULTON|EP04B",0.990623
"FULTON|EP04B","FULTON|SC19B",0.004278
"FULTON|EP04B","FULTON|SC19A",0.002592
"FULTON|EP04B","FULTON|SC18D",0.002316
"FULTON|EP04B","FULTON|SC18A",0.000184
"FULTON|EP04B","FULTON|EP04C",5e-06
"FULTON|EP04B","FULTON|11E3",1e-06
"FULTON|EP04C","FULTON|EP04D",0.629094
"FULTON|EP04C","FULTON|EP04C",0.370075
"FULTON|EP04C","FULTON|EP04B",0.000503
"FULTON|EP04C","FULTON|CP012",0.000326
"FULTON|FA01A","FULTON|FA01A",0.985931
"FULTON|FA01A","FULTON|SC07E",0.011621
"FULTON|FA01A","FULTON|SC07C",0.001822
"FULTON|FA01A","FULTON|UC02G",0.000572
"FULTON|FA01A","FULTON|SC07A",2.5e-05
"FULTON|FA01A","FULTON|FA01C",1.9e-05
"FULTON|FA01A","FULTON|FA01D",9e-06
"FULTON|FA01A","NA|NA",1e-06
"FULTON|FA01B","FULTON|FA01B",0.994079
"FULTON|FA01B","FULTON|SC07E",0.002925
"FULTON|FA01B","FULTON|SC07A",0.001617
"FULTON|FA01B","FULTON|SC212",0.000865
"FULTON|FA01B","FULTON|FA01C",3e-04
"FULTON|FA01B","FULTON|SC07C",0.000185
"FULTON|FA01B","FULTON|PA01",1.6e-05
"FULTON|FA01B","FULTON|FA01D",1.3e-05
"FULTON|FA01C","FULTON|FA01C",0.988004
"FULTON|FA01C","FULTON|SC212",0.011964
"FULTON|FA01C","FULTON|FA01B",3.2e-05
"FULTON|FA01D","FULTON|FA01D",0.982939
"FULTON|FA01D","FULTON|SC07A",0.012164
"FULTON|FA01D","COWETA|CANNONGATE",0.004752
"FULTON|FA01D","FULTON|PA01",0.000145
"FULTON|FC01","FULTON|SC31",0.999059
"FULTON|FC01","FULTON|SC33",0.000939
"FULTON|FC01","DOUGLAS|FACTORY SHOALS",2e-06
"FULTON|FC02","FULTON|SC32",0.598931
"FULTON|FC02","FULTON|FC02",0.353207
"FULTON|FC02","FULTON|SC14A",0.033799
"FULTON|FC02","NA|NA",0.012888
"FULTON|FC02","FULTON|SC33",0.000904
"FULTON|FC02","FULTON|10A",0.000149
"FULTON|FC02","FULTON|10D1",0.000122
"FULTON|FC03","FULTON|SC33",0.989694
"FULTON|FC03","FULTON|SC32",0.010296
"FULTON|FC03","FULTON|SC16B",5e-06
"FULTON|FC03","FULTON|SC31",4e-06
"FULTON|HP01","FULTON|HP01",0.999873
"FULTON|HP01","NA|NA",0.000127
"FULTON|JC01","FULTON|JC01",0.999387
"FULTON|JC01","FORSYTH|35 JOHNS CREEK",0.000421
"FULTON|JC01","FULTON|JC02",0.000175
"FULTON|JC01","FULTON|JC01A",1.7e-05
"FULTON|JC01A","FULTON|JC01A",0.999702
"FULTON|JC01A","FORSYTH|19 OLD ATLANTA",0.000293
"FULTON|JC01A","FULTON|JC01",5e-06
"FULTON|JC02","FULTON|JC02",0.999267
"FULTON|JC02","FULTON|JC01",0.000731
"FULTON|JC02","FORSYTH|35 JOHNS CREEK",2e-06
"FULTON|JC03A","FULTON|JC03A",1
"FULTON|JC03B","FULTON|JC03B",1
"FULTON|JC04A","FULTON|JC04A",0.988332
"FULTON|JC04A","FULTON|JC04C",0.011191
"FULTON|JC04A","FULTON|JC03B",0.000446
"FULTON|JC04A","FORSYTH|35 JOHNS CREEK",3.1e-05
"FULTON|JC04B","FULTON|JC04B",0.986691
"FULTON|JC04B","FULTON|JC10",0.012309
"FULTON|JC04B","FULTON|AP09A",0.000999
"FULTON|JC04B","FULTON|JC04C",2e-06
"FULTON|JC04C","FULTON|JC04C",0.99998
"FULTON|JC04C","FULTON|AP09B",1.4e-05
"FULTON|JC04C","FORSYTH|01 BIG CREEK",6e-06
"FULTON|JC05","FULTON|JC05",0.997652
"FULTON|JC05","FULTON|JC08",0.002342
"FULTON|JC05","FULTON|JC04B",5e-06
"FULTON|JC06","FULTON|JC06",0.993711
"FULTON|JC06","FULTON|JC07",0.006277
"FULTON|JC06","FULTON|JC02",6e-06
"FULTON|JC06","FULTON|JC01",6e-06
"FULTON|JC07","FULTON|JC07",0.99945
"FULTON|JC07","FULTON|JC09",0.000415
"FULTON|JC07","FULTON|JC11",0.000105
"FULTON|JC07","FULTON|JC02",3e-05
"FULTON|JC08","FULTON|JC08",0.999995
"FULTON|JC08","FULTON|JC09",5e-06
"FULTON|JC09","FULTON|JC09",0.999599
"FULTON|JC09","FULTON|JC11",0.000345
"FULTON|JC09","FULTON|JC07",5.7e-05
"FULTON|JC10","FULTON|JC10",0.999409
"FULTON|JC10","FULTON|JC04B",0.000316
"FULTON|JC10","FULTON|AP14A",0.000275
"FULTON|JC11","FULTON|JC11",0.992509
"FULTON|JC11","FULTON|JC07",0.003749
"FULTON|JC11","FULTON|JC09",0.003331
"FULTON|JC11","FULTON|JC12",0.000409
"FULTON|JC11","FULTON|JC10",1e-06
"FULTON|JC12","FULTON|JC12",0.999801
"FULTON|JC12","FULTON|JC06",0.000191
"FULTON|JC12","FULTON|JC11",9e-06
"FULTON|JC13A","FULTON|JC13A",0.999998
"FULTON|JC13A","FULTON|JC19A",2e-06
"FULTON|JC13B","FULTON|JC13B",1
"FULTON|JC14","FULTON|JC14",0.999989
"FULTON|JC14","FULTON|JC15",9e-06
"FULTON|JC14","FULTON|JC13A",2e-06
"FULTON|JC15","FULTON|JC15",0.999539
"FULTON|JC15","FULTON|AP14A",0.000461
"FULTON|JC16","FULTON|JC16",0.999562
"FULTON|JC16","FULTON|JC18",0.000216
"FULTON|JC16","FULTON|AP01C",0.000124
"FULTON|JC16","FULTON|AP14A",9.8e-05
"FULTON|JC18","FULTON|JC18",0.999232
"FULTON|JC18","FULTON|RW13",0.000765
"FULTON|JC18","FULTON|RW06",3e-06
"FULTON|JC19","FULTON|JC19A",0.711263
"FULTON|JC19","FULTON|JC19",0.288709
"FULTON|JC19","FULTON|JC13A",2.7e-05
"FULTON|JC19","NA|NA",1e-06
"FULTON|ML01A","FULTON|ML01A",0.999677
"FULTON|ML01A","FULTON|ML01B",0.000189
"FULTON|ML01A","FULTON|AP06",0.000134
"FULTON|ML01B","FULTON|ML01B",0.970015
"FULTON|ML01B","FULTON|ML01C",0.028222
"FULTON|ML01B","FULTON|ML01A",0.000885
"FULTON|ML01B","FULTON|AP04A",0.000878
"FULTON|ML02A","FULTON|ML02A",0.999996
"FULTON|ML02A","CHEROKEE|UNION HILL",4e-06
"FULTON|ML02B","FULTON|ML02B",0.999999
"FULTON|ML02B","FULTON|ML02A",1e-06
"FULTON|ML03","FULTON|ML03",0.999731
"FULTON|ML03","FULTON|ML04",0.000268
"FULTON|ML03A","FULTON|ML03A",0.99928
"FULTON|ML03A","FULTON|ML02B",0.00072
"FULTON|ML04","FULTON|ML04",0.999964
"FULTON|ML04","FULTON|ML03",2.6e-05
"FULTON|ML04","FULTON|AP07C",6e-06
"FULTON|ML04","FULTON|ML05",4e-06
"FULTON|ML05","FULTON|ML05",0.996819
"FULTON|ML05","FORSYTH|02 BRANDYWINE",0.002461
"FULTON|ML05","FULTON|ML04",0.000554
"FULTON|ML05","FULTON|ML06B",0.000136
"FULTON|ML05","FULTON|ML06A",3e-05
"FULTON|ML06A","FULTON|ML06A",0.996819
"FULTON|ML06A","FORSYTH|02 BRANDYWINE",0.002402
"FULTON|ML06A","FULTON|AP07A",0.000606
"FULTON|ML06A","FULTON|ML05",0.000168
"FULTON|ML06A","FULTON|ML06B",5e-06
"FULTON|ML06B","FULTON|ML06B",0.994342
"FULTON|ML06B","FORSYTH|02 BRANDYWINE",0.005025
"FULTON|ML06B","FULTON|ML06A",0.000556
"FULTON|ML06B","FULTON|ML05",7.7e-05
"FULTON|ML07A","FULTON|ML07A",0.999996
"FULTON|ML07A","FULTON|ML02A",4e-06
"FULTON|ML07B","FULTON|ML07B",0.987805
"FULTON|ML07B","FORSYTH|41 GRASSLAND",0.011051
"FULTON|ML07B","FULTON|ML05",0.00068
"FULTON|ML07B","FULTON|ML03",0.000463
"FULTON|MP01","FULTON|MP01",0.999999
"FULTON|PA01","FULTON|PA01",0.996809
"FULTON|PA01","FULTON|SC07A",0.003191
"FULTON|RW01","FULTON|RW01",0.999999
"FULTON|RW02","FULTON|RW02",0.999998
"FULTON|RW02","FULTON|RW10",1e-06
"FULTON|RW03","FULTON|RW03",0.338277
"FULTON|RW03","FULTON|RW03B",0.298179
"FULTON|RW03","FULTON|RW03C",0.250876
"FULTON|RW03","FULTON|RW03A",0.112433
"FULTON|RW03","FULTON|RW07A",0.000183
"FULTON|RW03","FULTON|RW11A",5.2e-05
"FULTON|RW04","FULTON|RW04",0.997012
"FULTON|RW04","FULTON|SS17",0.002988
"FULTON|RW05","FULTON|RW05",0.798987
"FULTON|RW05","FULTON|RW05A",0.201012
"FULTON|RW06","FULTON|RW06",0.998233
"FULTON|RW06","FULTON|RW22A",0.00098
"FULTON|RW06","FULTON|JC18",0.000786
"FULTON|RW07A","FULTON|RW07A",1
"FULTON|RW07B","FULTON|RW07B",1
"FULTON|RW08","FULTON|RW08",0.999995
"FULTON|RW08","FULTON|RW16",5e-06
"FULTON|RW09","FULTON|RW09",0.999969
"FULTON|RW09","FULTON|RW01",2.9e-05
"FULTON|RW09","FULTON|MP01",2e-06
"FULTON|RW09A","FULTON|RW09A",0.999997
"FULTON|RW09A","FULTON|ML01B",3e-06
"FULTON|RW10","FULTON|RW10",0.812967
"FULTON|RW10","FULTON|RW10A",0.187017
"FULTON|RW10","FULTON|RW02",1.5e-05
"FULTON|RW11A","FULTON|RW11A",0.977927
"FULTON|RW11A","FULTON|RW11B",0.022067
"FULTON|RW11A","FULTON|RW02",5e-06
"FULTON|RW11A","FULTON|RW03",1e-06
"FULTON|RW12","FULTON|RW12",0.999817
"FULTON|RW12","FULTON|RW12A",0.000179
"FULTON|RW12","FULTON|RW19",4e-06
"FULTON|RW12A","FULTON|RW12A",1
"FULTON|RW13","FULTON|RW13",0.998133
"FULTON|RW13","FULTON|JC16",0.00134
"FULTON|RW13","FULTON|JC18",0.000527
"FULTON|RW16","FULTON|RW16",1
"FULTON|RW17","FULTON|RW17",1
"FULTON|RW19","FULTON|RW19",0.999879
"FULTON|RW19","FULTON|AP04A",0.00012
"FULTON|RW19","FULTON|ML01A",1e-06
"FULTON|RW20","FULTON|RW20",0.998806
"FULTON|RW20","FULTON|RW21",0.00118
"FULTON|RW20","FULTON|SS01",1.4e-05
"FULTON|RW21","FULTON|RW21A",0.922422
"FULTON|RW21","FULTON|RW21",0.074696
"FULTON|RW21","FULTON|JC19",0.001515
"FULTON|RW21","NA|NA",0.000575
"FULTON|RW21","NA|NA",0.000508
"FULTON|RW21","FULTON|RW20",0.000283
"FULTON|RW22A","FULTON|RW22A",0.993418
"FULTON|RW22A","FULTON|JC18",0.003745
"FULTON|RW22A","FULTON|RW06",0.001372
"FULTON|RW22A","FULTON|JC19A",0.001274
"FULTON|RW22A","NA|NA",0.00019
"FULTON|SC01A","FULTON|SC01A",0.714322
"FULTON|SC01A","FULTON|SC31",0.285676
"FULTON|SC01A","FULTON|SC15",2e-06
"FULTON|SC01B","FULTON|SC01B",0.967781
"FULTON|SC01B","FULTON|SC01D",0.032216
"FULTON|SC01B","FULTON|SC16A",2e-06
"FULTON|SC01C","FULTON|SC01C",0.999089
"FULTON|SC01C","FULTON|11B",0.00091
"FULTON|SC02","FULTON|SC02",0.572143
"FULTON|SC02","FULTON|SC02A",0.42257
"FULTON|SC02","FULTON|11C3",0.004237
"FULTON|SC02","FULTON|11B2",0.000601
"FULTON|SC02","FULTON|11B",0.000274
"FULTON|SC02","FULTON|11C2",0.000174
"FULTON|SC02","FULTON|SC16B",1e-06
"FULTON|SC04","FULTON|SC04",0.938028
"FULTON|SC04","FULTON|CH02",0.061137
"FULTON|SC04","FULTON|SC13",0.000834
"FULTON|SC05A","FULTON|SC05A",0.928482
"FULTON|SC05A","NA|NA",0.029186
"FULTON|SC05A","FULTON|SC05E",0.017998
"FULTON|SC05A","FULTON|UC02A",0.010094
"FULTON|SC05A","FULTON|UC02F",0.009774
"FULTON|SC05A","FULTON|UC02G",0.004294
"FULTON|SC05A","FULTON|SC13A",0.00017
"FULTON|SC05A","FULTON|SC05D",2e-06
"FULTON|SC05B","FULTON|SC05C",0.511034
"FULTON|SC05B","FULTON|SC05B",0.300702
"FULTON|SC05B","FULTON|SC05H",0.13512
"FULTON|SC05B","FULTON|UC02B",0.053088
"FULTON|SC05B","FULTON|SC08C",5.3e-05
"FULTON|SC05D","FULTON|SC05D",0.617917
"FULTON|SC05D","FULTON|SC05G",0.382075
"FULTON|SC05D","FULTON|SC15A",4e-06
"FULTON|SC05D","FULTON|SC13",3e-06
"FULTON|SC05E","FULTON|SC05E",0.945751
"FULTON|SC05E","FULTON|SC05J",0.040851
"FULTON|SC05E","FULTON|UC02B",0.00727
"FULTON|SC05E","FULTON|UC02F",0.006124
"FULTON|SC05E","FULTON|SC05C",4e-06
"FULTON|SC07A","FULTON|SC07A",0.981644
"FULTON|SC07A","FULTON|PA01",0.012957
"FULTON|SC07A","FULTON|FA01D",0.003096
"FULTON|SC07A","FULTON|FA01B",0.001972
"FULTON|SC07A","FULTON|UC02G",0.000244
"FULTON|SC07A","FULTON|SC07D",4.9e-05
"FULTON|SC07A","FULTON|SC07E",2.7e-05
"FULTON|SC07A","FULTON|UC02F",8e-06
"FULTON|SC07A","FULTON|CH01",2e-06
"FULTON|SC07C","FULTON|SC07C",0.935084
"FULTON|SC07C","FULTON|UC02D",0.02816
"FULTON|SC07C","FULTON|FA01B",0.018464
"FULTON|SC07C","FULTON|FA01A",0.018176
"FULTON|SC07C","NA|NA",0.000115
"FULTON|SC07D","FULTON|SC07E",0.66058
"FULTON|SC07D","FULTON|SC07D",0.197701
"FULTON|SC07D","FULTON|SC07F",0.087591
"FULTON|SC07D","FULTON|UC02E",0.029293
"FULTON|SC07D","FULTON|UC02G",0.013539
"FULTON|SC07D","FULTON|FA01A",0.00755
"FULTON|SC07D","FULTON|FA01B",0.002752
"FULTON|SC07D","FULTON|UC02D",0.000563
"FULTON|SC07D","FULTON|UC02F",0.000431
"FULTON|SC08B","FULTON|SC08B",0.642428
"FULTON|SC08B","FULTON|SC08K",0.152484
"FULTON|SC08B","FULTON|SC08J",0.0597
"FULTON|SC08B","FULTON|SC08I",0.058254
"FULTON|SC08B","FULTON|CP084",0.051174
"FULTON|SC08B","FULTON|UC031",0.033066
"FULTON|SC08B","NA|NA",0.002644
"FULTON|SC08B","FULTON|UC01B",0.000159
"FULTON|SC08B","FULTON|UC01A",8.6e-05
"FULTON|SC08B","FULTON|SC17C",3e-06
"FULTON|SC08C","FULTON|SC08C",0.991791
"FULTON|SC08C","FULTON|UC01E",0.008199
"FULTON|SC08C","FULTON|SC05B",1e-05
"FULTON|SC08D","FULTON|SC08D",0.944315
"FULTON|SC08D","FULTON|UC01B",0.055684
"FULTON|SC08D","FULTON|SC08B",2e-06
"FULTON|SC08E","FULTON|SC08E",0.965294
"FULTON|SC08E","FULTON|UC01A",0.028817
"FULTON|SC08E","FULTON|UC031",0.005886
"FULTON|SC08E","FULTON|SC08B",2e-06
"FULTON|SC08E","FULTON|SC08I",1e-06
"FULTON|SC08F","FULTON|SC08F",0.93884
"FULTON|SC08F","NA|NA",0.045505
"FULTON|SC08F","FULTON|UC01D",0.015653
"FULTON|SC08G","FULTON|SC08G",0.967246
"FULTON|SC08G","FULTON|UC01A",0.031396
"FULTON|SC08G","NA|NA",0.001357
"FULTON|SC08H","FULTON|SC08H",0.979241
"FULTON|SC08H","FULTON|UC01D",0.017595
"FULTON|SC08H","FULTON|SC17B",0.003056
"FULTON|SC08H","FULTON|SC08B",0.000108
"FULTON|SC09A","FULTON|SC09A",1
"FULTON|SC09B","FULTON|SC09B",0.995085
"FULTON|SC09B","NA|NA",0.004797
"FULTON|SC09B","NA|NA",0.000108
"FULTON|SC09B","FULTON|SC08B",9e-06
"FULTON|SC09C","FULTON|SC09C",0.999982
"FULTON|SC09C","FULTON|SC09A",1.8e-05
"FULTON|SC10","FULTON|SC10",0.985538
"FULTON|SC10","FULTON|CP081",0.008087
"FULTON|SC10","FULTON|CP083",0.006375
"FULTON|SC11A","FULTON|SC11A",0.999973
"FULTON|SC11A","FULTON|SC09C",2.7e-05
"FULTON|SC11B","FULTON|SC11B",1
"FULTON|SC13","FULTON|SC13",0.825536
"FULTON|SC13","FULTON|SC13A",0.130486
"FULTON|SC13","FULTON|CH02",0.019817
"FULTON|SC13","FULTON|SC13B",0.019351
"FULTON|SC13","FULTON|UC02G",0.004727
"FULTON|SC13","FULTON|SC04",7.2e-05
"FULTON|SC13","FULTON|UC02E",1e-05
"FULTON|SC14A","FULTON|SC14A",0.802549
"FULTON|SC14A","FULTON|10A",0.167027
"FULTON|SC14A","FULTON|SC32",0.028507
"FULTON|SC14A","FULTON|11C2",0.001915
"FULTON|SC14A","FULTON|SC30A",3e-06
"FULTON|SC15","FULTON|SC15",1
"FULTON|SC15A","FULTON|SC15A",0.898677
"FULTON|SC15A","FULTON|SC15B",0.100784
"FULTON|SC15A","FULTON|SC15",0.000534
"FULTON|SC15A","FULTON|SC13",4e-06
"FULTON|SC15A","FULTON|SC31",2e-06
"FULTON|SC16A","FULTON|SC16A",0.533717
"FULTON|SC16A","FULTON|SC16B",0.461418
"FULTON|SC16A","FULTON|11C3",0.002727
"FULTON|SC16A","FULTON|SC33",0.002121
"FULTON|SC16A","FULTON|SC32",1.7e-05
"FULTON|SC17A","FULTON|SC17A",0.983869
"FULTON|SC17A","FULTON|UC01E",0.016131
"FULTON|SC17B","FULTON|SC17B",0.91885
"FULTON|SC17B","FULTON|UC01D",0.08115
"FULTON|SC17C","FULTON|SC17C",0.713653
"FULTON|SC17C","FULTON|SC17D",0.177786
"FULTON|SC17C","FULTON|CP084",0.106948
"FULTON|SC17C","FULTON|UC01D",0.000848
"FULTON|SC17C","FULTON|UC01E",0.000765
"FULTON|SC18A","FULTON|SC18A",0.999307
"FULTON|SC18A","FULTON|EP04B",0.000515
"FULTON|SC18A","FULTON|11E1",0.000176
"FULTON|SC18A","FULTON|SC01C",2e-06
"FULTON|SC18B","FULTON|SC18B",0.999892
"FULTON|SC18B","FULTON|SC20",0.000108
"FULTON|SC18C","FULTON|SC18C",0.720759
"FULTON|SC18C","FULTON|SC18D",0.27455
"FULTON|SC18C","FULTON|EP04B",0.004684
"FULTON|SC18C","FULTON|SC20",5e-06
"FULTON|SC18C","FULTON|SC18B",2e-06
"FULTON|SC19A","FULTON|SC19A",0.991833
"FULTON|SC19A","FULTON|EP04B",0.008164
"FULTON|SC19A","FULTON|SC17C",3e-06
"FULTON|SC19B","FULTON|SC19B",0.647032
"FULTON|SC19B","FULTON|SC19C",0.241793
"FULTON|SC19B","FULTON|CP052",0.0723
"FULTON|SC19B","FULTON|CP084",0.02557
"FULTON|SC19B","FULTON|SC08J",0.011707
"FULTON|SC19B","FULTON|EP04A",0.000853
"FULTON|SC19B","FULTON|EP04B",0.000699
"FULTON|SC19B","FULTON|CP05C",4.6e-05
"FULTON|SC20","FULTON|SC20",0.895816
"FULTON|SC20","FULTON|SC20A",0.104183
"FULTON|SC211","FULTON|SC211",0.986555
"FULTON|SC211","FULTON|UC031",0.008183
"FULTON|SC211","FULTON|UC035",0.003576
"FULTON|SC211","FULTON|UC032",0.000873
"FULTON|SC211","FULTON|SC212",0.000792
"FULTON|SC211","FAYETTE|EUROPE",1.5e-05
"FULTON|SC211","FAYETTE|HOPEFUL",3e-06
"FULTON|SC211","FULTON|SC23B",2e-06
"FULTON|SC212","FULTON|SC212",0.963909
"FULTON|SC212","FULTON|FA01C",0.031723
"FULTON|SC212","FULTON|FA01B",0.002688
"FULTON|SC212","FULTON|UC032",0.001584
"FULTON|SC212","FULTON|SC211",7e-05
"FULTON|SC212","FULTON|FA01A",1.8e-05
"FULTON|SC212","FULTON|SC07C",6e-06
"FULTON|SC212","FULTON|UC031",2e-06
"FULTON|SC23A","FULTON|SC23A",0.999967
"FULTON|SC23A","FULTON|SC23C",2.9e-05
"FULTON|SC23A","FULTON|SC27",3e-06
"FULTON|SC23B","FULTON|SC23B",0.999997
"FULTON|SC23B","FULTON|SC29A",3e-06
"FULTON|SC23C","FULTON|SC23C",0.864719
"FULTON|SC23C","FULTON|SC23D",0.135279
"FULTON|SC27","FULTON|SC27",0.989766
"FULTON|SC27","FULTON|CP083",0.010233
"FULTON|SC29A","FULTON|SC29A",0.63754
"FULTON|SC29A","FULTON|SC29C",0.35642
"FULTON|SC29A","FULTON|UC031",0.00604
"FULTON|SC30A","FULTON|SC30A",0.961741
"FULTON|SC30A","FULTON|11C2",0.038252
"FULTON|SC30A","FULTON|SC30B",3e-06
"FULTON|SC30A","FULTON|SC14A",2e-06
"FULTON|SC30A","FULTON|10A",2e-06
"FULTON|SC30B","FULTON|SC30B",0.769462
"FULTON|SC30B","FULTON|11C",0.152027
"FULTON|SC30B","FULTON|10B",0.056724
"FULTON|SC30B","FULTON|10C",0.017698
"FULTON|SC30B","FULTON|11C2",0.00308
"FULTON|SC30B","FULTON|10B1",0.000547
"FULTON|SC30B","FULTON|11B1",0.000258
"FULTON|SC30B","NA|NA",0.000203
"FULTON|SC30B","FULTON|10A",1e-06
"FULTON|SS01","FULTON|SS01",0.749668
"FULTON|SS01","FULTON|SS01A",0.243625
"FULTON|SS01","FULTON|RW21A",0.006436
"FULTON|SS01","DEKALB|WINTERS CHAPEL (DUN)",0.000245
"FULTON|SS01","FULTON|SS17",2.5e-05
"FULTON|SS02A","FULTON|SS02A",0.999977
"FULTON|SS02A","FULTON|SS02B",2.3e-05
"FULTON|SS02B","FULTON|SS02B",0.994509
"FULTON|SS02B","FULTON|SS02A",0.005486
"FULTON|SS02B","FULTON|SS03",4e-06
"FULTON|SS02B","FULTON|SS04",2e-06
"FULTON|SS03","FULTON|SS03A",0.563928
"FULTON|SS03","FULTON|SS03",0.436071
"FULTON|SS03","FULTON|SS06A",1e-06
"FULTON|SS04","FULTON|SS04",0.986101
"FULTON|SS04","FULTON|SS04A",0.013889
"FULTON|SS04","FULTON|SS03",5e-06
"FULTON|SS04","FULTON|SS02B",3e-06
"FULTON|SS05","FULTON|SS05",1
"FULTON|SS06","FULTON|SS06",0.740349
"FULTON|SS06","FULTON|SS06A",0.259651
"FULTON|SS07A","FULTON|SS07A",0.997573
"FULTON|SS07A","FULTON|SS08C",0.002427
"FULTON|SS07B","FULTON|SS07B",0.999778
"FULTON|SS07B","FULTON|SS08B",0.000222
"FULTON|SS07C","FULTON|SS07C",0.999976
"FULTON|SS07C","FULTON|SS08A",2e-05
"FULTON|SS07C","FULTON|SS11A",4e-06
"FULTON|SS08A","FULTON|SS08A",0.999314
"FULTON|SS08A","FULTON|SS12",0.000678
"FULTON|SS08A","FULTON|SS08D",5e-06
"FULTON|SS08A","FULTON|SS11A",4e-06
"FULTON|SS08B","FULTON|SS08B",0.999996
"FULTON|SS08B","FULTON|SS07B",4e-06
"FULTON|SS08C","FULTON|SS08C",0.61331
"FULTON|SS08C","FULTON|SS08E",0.386681
"FULTON|SS08C","FULTON|SS07A",7e-06
"FULTON|SS08C","FULTON|SS04",1e-06
"FULTON|SS08D","FULTON|SS08D",0.882964
"FULTON|SS08D","FULTON|SS08F",0.115252
"FULTON|SS08D","FULTON|SS29A",0.001783
"FULTON|SS09A","FULTON|SS09A",1
"FULTON|SS09B","FULTON|SS09B",0.999585
"FULTON|SS09B","FULTON|08B",0.000367
"FULTON|SS09B","FULTON|SS16",4.5e-05
"FULTON|SS09B","FULTON|SS06",2e-06
"FULTON|SS11A","FULTON|SS11A",0.999999
"FULTON|SS11A","FULTON|SS08A",1e-06
"FULTON|SS11B","FULTON|SS11B",0.999998
"FULTON|SS11B","FULTON|SS31",1e-06
"FULTON|SS11C","NA|NA",1
"FULTON|SS11D","FULTON|SS11D",0.999998
"FULTON|SS11D","FULTON|SS11B",2e-06
"FULTON|SS12","FULTON|SS12",0.997548
"FULTON|SS12","FULTON|SS08A",0.001585
"FULTON|SS12","DEKALB|ASHFORD PARKSIDE (BHAVN)",0.000432
"FULTON|SS12","DEKALB|ASHFORD DUNWOODY RD (BHAVN)",0.00043
"FULTON|SS12","FULTON|SS11A",2e-06
"FULTON|SS12","FULTON|SS13A",1e-06
"FULTON|SS12","DEKALB|MONTGOMERY ELEM  (BHAVN)",1e-06
"FULTON|SS13A","FULTON|SS13A",0.999655
"FULTON|SS13A","FULTON|SS14",0.000343
"FULTON|SS13A","FULTON|SS13B",2e-06
"FULTON|SS13B","FULTON|SS13B",0.988802
"FULTON|SS13B","FULTON|SS13A",0.011189
"FULTON|SS13B","FULTON|SS09B",9e-06
"FULTON|SS14","FULTON|SS14",0.999699
"FULTON|SS14","DEKALB|ASHFORD DUNWOODY RD (BHAVN)",0.000295
"FULTON|SS14","FULTON|07B",5e-06
"FULTON|SS14","FULTON|SS13A",2e-06
"FULTON|SS15A","FULTON|SS15C",0.547116
"FULTON|SS15A","FULTON|SS15A",0.452884
"FULTON|SS15B","FULTON|SS15B",0.999999
"FULTON|SS16","FULTON|SS16",1
"FULTON|SS17","FULTON|SS17",0.996599
"FULTON|SS17","FULTON|RW04",0.002734
"FULTON|SS17","DEKALB|AUSTIN (DUN)",0.000419
"FULTON|SS17","FULTON|SS01",0.000246
"FULTON|SS17","DEKALB|MOUNT VERNON EAST (DUN)",1e-06
"FULTON|SS18A","FULTON|SS18A",0.565609
"FULTON|SS18A","FULTON|SS18C",0.434391
"FULTON|SS18B","FULTON|SS18B",1
"FULTON|SS19A","FULTON|SS19A",0.999999
"FULTON|SS19B","FULTON|SS19B",0.999999
"FULTON|SS20","FULTON|SS20",0.993213
"FULTON|SS20","DEKALB|AUSTIN (DUN)",0.006774
"FULTON|SS20","FULTON|SS26",1.3e-05
"FULTON|SS22","FULTON|SS22",0.999868
"FULTON|SS22","FULTON|SS15A",7.2e-05
"FULTON|SS22","FULTON|SS15C",5.8e-05
"FULTON|SS26","FULTON|SS26",0.999994
"FULTON|SS26","FULTON|SS19B",4e-06
"FULTON|SS26","FULTON|SS20",2e-06
"FULTON|SS29A","FULTON|SS29C",0.850379
"FULTON|SS29A","FULTON|SS29A",0.149458
"FULTON|SS29A","FULTON|SS08F",8.7e-05
"FULTON|SS29A","FULTON|SS08D",7.4e-05
"FULTON|SS29A","FULTON|SS04",3e-06
"FULTON|SS31","FULTON|SS31",0.999434
"FULTON|SS31","FULTON|SS11B",0.000564
"FULTON|SS31","FULTON|SS06",2e-06
"FULTON|UC01A","FULTON|UC01A",0.981655
"FULTON|UC01A","FULTON|SC08B",0.009026
"FULTON|UC01A","FULTON|UC02D",0.003481
"FULTON|UC01A","FULTON|SC08E",0.002091
"FULTON|UC01A","FULTON|SC08H",0.001909
"FULTON|UC01A","FULTON|SC08G",0.001544
"FULTON|UC01A","NA|NA",0.000293
"FULTON|UC01B","FULTON|UC01B",0.97022
"FULTON|UC01B","FULTON|SC08D",0.026875
"FULTON|UC01B","FULTON|SC10",0.001677
"FULTON|UC01B","FULTON|SC08B",0.001227
"FULTON|UC01D","FULTON|UC01D",0.928807
"FULTON|UC01D","FULTON|SC17B",0.035762
"FULTON|UC01D","FULTON|SC08F",0.031878
"FULTON|UC01D","NA|NA",0.003443
"FULTON|UC01D","FULTON|SC08H",0.000106
"FULTON|UC01D","FULTON|UC01E",2e-06
"FULTON|UC01E","FULTON|UC01E",0.985367
"FULTON|UC01E","FULTON|SC17C",0.007489
"FULTON|UC01E","FULTON|SC17A",0.006706
"FULTON|UC01E","FULTON|SC08C",0.000435
"FULTON|UC01E","FULTON|SC05B",2e-06
"FULTON|UC02A","FULTON|UC02G",0.528686
"FULTON|UC02A","FULTON|UC02E",0.247681
"FULTON|UC02A","FULTON|UC02F",0.174266
"FULTON|UC02A","FULTON|SC07A",0.015007
"FULTON|UC02A","FULTON|UC02A",0.012189
"FULTON|UC02A","FULTON|SC07E",0.005473
"FULTON|UC02A","FULTON|SC07D",0.00391
"FULTON|UC02A","FULTON|SC13B",0.003512
"FULTON|UC02A","FULTON|SC13A",0.002579
"FULTON|UC02A","FULTON|SC07F",0.002493
"FULTON|UC02A","FULTON|SC05A",0.001401
"FULTON|UC02A","NA|NA",0.001223
"FULTON|UC02A","FULTON|SC05E",0.000943
"FULTON|UC02A","FULTON|SC13",0.000407
"FULTON|UC02A","FULTON|UC02C",0.000173
"FULTON|UC02A","FULTON|SC08G",5e-05
"FULTON|UC02A","FULTON|UC01A",7e-06
"FULTON|UC02B","FULTON|UC02B",0.976499
"FULTON|UC02B","FULTON|SC05J",0.013304
"FULTON|UC02B","FULTON|SC05H",0.004511
"FULTON|UC02B","FULTON|SC05B",0.002744
"FULTON|UC02B","FULTON|SC05E",0.002363
"FULTON|UC02B","NA|NA",0.000578
"FULTON|UC02C","FULTON|UC02D",0.949012
"FULTON|UC02C","FULTON|UC02C",0.048114
"FULTON|UC02C","FULTON|SC07C",0.001504
"FULTON|UC02C","FULTON|SC08H",0.000762
"FULTON|UC02C","FULTON|SC07E",0.000595
"FULTON|UC02C","FULTON|FA01A",1.1e-05
"FULTON|UC02C","FULTON|UC02G",1e-06
"FULTON|UC031","FULTON|UC031",0.963038
"FULTON|UC031","FULTON|SC29A",0.019779
"FULTON|UC031","FULTON|SC211",0.013571
"FULTON|UC031","FULTON|SC08E",0.002187
"FULTON|UC031","FULTON|UC035",0.000529
"FULTON|UC031","NA|NA",0.000465
"FULTON|UC031","FULTON|UC01A",0.000339
"FULTON|UC031","FULTON|SC08K",9.2e-05
"FULTON|UC032","FULTON|UC032",0.944919
"FULTON|UC032","FULTON|SC212",0.055079
"FULTON|UC032","FULTON|SC211",2e-06
"GILMER|BIG CREEK","GILMER|ROY ROAD",1
"GILMER|BOARDTOWN","GILMER|BOARDTOWN",0.999459
"GILMER|BOARDTOWN","FANNIN|SUGAR CREEK",0.000476
"GILMER|BOARDTOWN","GILMER|ELLIJAY NORTH",6.2e-05
"GILMER|BOARDTOWN","FANNIN|COLWELL",3e-06
"GILMER|CARTECAY","GILMER|CARTECAY",1
"GILMER|CHERRY LOG","GILMER|CHERRY LOG",0.989037
"GILMER|CHERRY LOG","FANNIN|SUGAR CREEK",0.006779
"GILMER|CHERRY LOG","FANNIN|TOCCOA",0.004184
"GILMER|EAST ELLIJAY","GILMER|EAST ELLIJAY",0.999034
"GILMER|EAST ELLIJAY","GILMER|TOWN CREEK",0.000612
"GILMER|EAST ELLIJAY","GILMER|ELLIJAY NORTHEAST",0.000275
"GILMER|EAST ELLIJAY","GILMER|YUKON",7.8e-05
"GILMER|EAST ELLIJAY","GILMER|ELLIJAY SOUTH",1e-06
"GILMER|ELLIJAY NORTH","GILMER|ELLIJAY NORTH",0.999027
"GILMER|ELLIJAY NORTH","GILMER|BOARDTOWN",0.000614
"GILMER|ELLIJAY NORTH","GILMER|ELLIJAY NORTHEAST",0.00035
"GILMER|ELLIJAY NORTH","GILMER|MOUNTAINTOWN",9e-06
"GILMER|ELLIJAY NORTHEAST","GILMER|ELLIJAY NORTHEAST",0.999948
"GILMER|ELLIJAY NORTHEAST","GILMER|EAST ELLIJAY",3.7e-05
"GILMER|ELLIJAY NORTHEAST","GILMER|ELLIJAY NORTH",1.5e-05
"GILMER|ELLIJAY SOUTH","GILMER|ELLIJAY SOUTH",0.99967
"GILMER|ELLIJAY SOUTH","GILMER|EAST ELLIJAY",0.000329
"GILMER|LEACHES","GILMER|LEACHES",1
"GILMER|MOUNTAINTOWN","GILMER|MOUNTAINTOWN",0.999995
"GILMER|MOUNTAINTOWN","GILMER|ELLIJAY NORTH",3e-06
"GILMER|MOUNTAINTOWN","MURRAY|TOWN",2e-06
"GILMER|TAILS CREEK","GILMER|TAILS CREEK",1
"GILMER|TOWN CREEK","GILMER|TOWN CREEK",0.999719
"GILMER|TOWN CREEK","GILMER|YUKON",0.000281
"GILMER|YUKON","GILMER|YUKON",0.999841
"GILMER|YUKON","GILMER|TOWN CREEK",0.000112
"GILMER|YUKON","GILMER|EAST ELLIJAY",4.6e-05
"GLASCOCK|EDGEHILL","GLASCOCK|EDGEHILL",1
"GLASCOCK|GIBSON","GLASCOCK|GIBSON",1
"GLASCOCK|MILL","GLASCOCK|MILL",0.999999
"GLASCOCK|MILL","JEFFERSON|AVERA",1e-06
"GLASCOCK|MITCHELL","GLASCOCK|MITCHELL",1
"GLYNN|BALLARD","GLYNN|BAL",0.905745
"GLYNN|BALLARD","GLYNN|THE",0.072935
"GLYNN|BALLARD","GLYNN|ARCO",0.021219
"GLYNN|BALLARD","GLYNN|CPM",9.6e-05
"GLYNN|BALLARD","GLYNN|HLD",3e-06
"GLYNN|BLYTHE ISLAND BAPTIST CHURCH","GLYNN|BLY",0.913078
"GLYNN|BLYTHE ISLAND BAPTIST CHURCH","GLYNN|ARCO",0.086395
"GLYNN|BLYTHE ISLAND BAPTIST CHURCH","GLYNN|COG",0.000408
"GLYNN|BLYTHE ISLAND BAPTIST CHURCH","GLYNN|BRK",0.000118
"GLYNN|BROOKMAN","GLYNN|BRK",0.909878
"GLYNN|BROOKMAN","GLYNN|MAR",0.090122
"GLYNN|C B GREER SCHOOL","GLYNN|NGLY",0.999998
"GLYNN|C B GREER SCHOOL","GLYNN|HLD",2e-06
"GLYNN|CAREER ACADEMY","GLYNN|CST",0.61865
"GLYNN|CAREER ACADEMY","GLYNN|NGLY",0.368023
"GLYNN|CAREER ACADEMY","GLYNN|BAL",0.013328
"GLYNN|CHRISTIAN RENEWAL","GLYNN|NSSI",0.99994
"GLYNN|CHRISTIAN RENEWAL","GLYNN|SSSI",5.3e-05
"GLYNN|CHRISTIAN RENEWAL","GLYNN|CSSI",7e-06
"GLYNN|COLLEGE PLACE","GLYNN|CPM",0.987808
"GLYNN|COLLEGE PLACE","GLYNN|ARCO",0.006689
"GLYNN|COLLEGE PLACE","GLYNN|THE",0.005286
"GLYNN|COLLEGE PLACE","GLYNN|UPP",0.000217
"GLYNN|FIRST BAPTIST","GLYNN|SSSI",0.94799
"GLYNN|FIRST BAPTIST","GLYNN|THE",0.051089
"GLYNN|FIRST BAPTIST","GLYNN|CSSI",0.000516
"GLYNN|FIRST BAPTIST","GLYNN|NSSI",0.000405
"GLYNN|HAMPTON RIVER","GLYNN|NSSI",0.649799
"GLYNN|HAMPTON RIVER","GLYNN|CSSI",0.350201
"GLYNN|HOWARD COFFIN PARK","GLYNN|HCP",0.983356
"GLYNN|HOWARD COFFIN PARK","GLYNN|SSSI",0.01246
"GLYNN|HOWARD COFFIN PARK","GLYNN|THE",0.003992
"GLYNN|HOWARD COFFIN PARK","GLYNN|ARCO",0.000137
"GLYNN|HOWARD COFFIN PARK","GLYNN|CPM",2.6e-05
"GLYNN|HOWARD COFFIN PARK","GLYNN|UPP",2.5e-05
"GLYNN|HOWARD COFFIN PARK","GLYNN|JI",3e-06
"GLYNN|JEKYLL ISLAND","GLYNN|JI",0.998942
"GLYNN|JEKYLL ISLAND","GLYNN|HCP",0.00099
"GLYNN|JEKYLL ISLAND","CAMDEN|WAVERLY",6.9e-05
"GLYNN|NORTHSIDE CHURCH","GLYNN|CST",0.999871
"GLYNN|NORTHSIDE CHURCH","GLYNN|THE",0.000126
"GLYNN|NORTHSIDE CHURCH","GLYNN|BAL",3e-06
"GLYNN|SATILLA MARSHES","GLYNN|MAR",0.99656
"GLYNN|SATILLA MARSHES","GLYNN|HCP",0.001676
"GLYNN|SATILLA MARSHES","CAMDEN|WAVERLY",0.001019
"GLYNN|SATILLA MARSHES","CAMDEN|TARBORO",0.000557
"GLYNN|SATILLA MARSHES","BRANTLEY|WAYNESVILLE",0.00017
"GLYNN|SATILLA MARSHES","GLYNN|ARCO",1.9e-05
"GLYNN|SE BAPTIST BLDG","GLYNN|HLD",0.993885
"GLYNN|SE BAPTIST BLDG","GLYNN|BAL",0.006115
"GLYNN|SELDEN PARK","GLYNN|ARCO",0.996975
"GLYNN|SELDEN PARK","GLYNN|HCP",0.002152
"GLYNN|SELDEN PARK","GLYNN|UPP",0.000873
"GLYNN|ST WILLIAM CHURCH","GLYNN|CSSI",0.999467
"GLYNN|ST WILLIAM CHURCH","GLYNN|SSSI",0.000533
"GLYNN|STERLING CH. OF GOD","GLYNN|HLD",0.999916
"GLYNN|STERLING CH. OF GOD","GLYNN|NGLY",8.3e-05
"GLYNN|STERLING ELEMENTARY","GLYNN|COG",0.860733
"GLYNN|STERLING ELEMENTARY","GLYNN|BRK",0.139239
"GLYNN|STERLING ELEMENTARY","GLYNN|BLY",1.2e-05
"GLYNN|STERLING ELEMENTARY","BRANTLEY|WAYNESVILLE",1.1e-05
"GLYNN|STERLING ELEMENTARY","GLYNN|NGLY",4e-06
"GLYNN|THE CHAPEL","GLYNN|THE",0.99421
"GLYNN|THE CHAPEL","GLYNN|CPM",0.004411
"GLYNN|THE CHAPEL","GLYNN|HCP",0.001231
"GLYNN|THE CHAPEL","GLYNN|CST",0.000149
"GLYNN|URBANA-PERRY PARKS","GLYNN|UPP",0.994839
"GLYNN|URBANA-PERRY PARKS","GLYNN|ARCO",0.005161
"GORDON|CALHOUN CITY","GORDON|CALHOUN CITY",0.915742
"GORDON|CALHOUN CITY","GORDON|GORDON COUNTY",0.053501
"GORDON|CALHOUN CITY","GORDON|LILY POND",0.029597
"GORDON|CALHOUN CITY","GORDON|RESACA",0.00116
"GORDON|FAIRMOUNT","GORDON|FAIRMOUNT",1
"GORDON|GORDON COUNTY","GORDON|GORDON COUNTY",0.959416
"GORDON|GORDON COUNTY","GORDON|CALHOUN CITY",0.03891
"GORDON|GORDON COUNTY","GORDON|RESACA",0.001658
"GORDON|GORDON COUNTY","GORDON|RED BUD",1.6e-05
"GORDON|LILY POND","GORDON|LILY POND",0.950943
"GORDON|LILY POND","GORDON|CALHOUN CITY",0.04723
"GORDON|LILY POND","BARTOW|ADAIRSVILLE",0.001828
"GORDON|OAKMAN","GORDON|OAKMAN",1
"GORDON|OOSTANAULA","GORDON|OOSTANAULA",1
"GORDON|PINE CHAPEL","GORDON|PINE CHAPEL",0.998165
"GORDON|PINE CHAPEL","GORDON|RED BUD",0.001775
"GORDON|PINE CHAPEL","GORDON|GORDON COUNTY",5.9e-05
"GORDON|PLAINVILLE","GORDON|PLAINVILLE",0.999714
"GORDON|PLAINVILLE","BARTOW|ADAIRSVILLE",0.000286
"GORDON|RED BUD","GORDON|RED BUD",0.999969
"GORDON|RED BUD","GORDON|SONORAVILLE",3.1e-05
"GORDON|RESACA","GORDON|RESACA",0.99365
"GORDON|RESACA","GORDON|GORDON COUNTY",0.006104
"GORDON|RESACA","GORDON|CALHOUN CITY",0.000239
"GORDON|RESACA","GORDON|PINE CHAPEL",7e-06
"GORDON|SONORAVILLE","GORDON|SONORAVILLE",1
"GORDON|SUGAR VALLEY","GORDON|SUGAR VALLEY",0.99998
"GORDON|SUGAR VALLEY","GORDON|GORDON COUNTY",1.9e-05
"GRADY|BLOWING CAVE","GRADY|BLOWING CAVE",0.999988
"GRADY|BLOWING CAVE","GRADY|SPENCE",1.2e-05
"GRADY|CAIRO 4TH DISTR","GRADY|CAIRO 4TH DISTR",0.998969
"GRADY|CAIRO 4TH DISTR","GRADY|SPRING HILL",0.000888
"GRADY|CAIRO 4TH DISTR","GRADY|MIDWAY",0.000124
"GRADY|CAIRO 4TH DISTR","GRADY|WHIGHAM",1.9e-05
"GRADY|CAIRO 5TH DISTR","GRADY|CAIRO 5TH DISTR",0.994361
"GRADY|CAIRO 5TH DISTR","GRADY|WOODLAND",0.003245
"GRADY|CAIRO 5TH DISTR","GRADY|MIDWAY",0.002362
"GRADY|CAIRO 5TH DISTR","GRADY|CAIRO 4TH DISTR",3.1e-05
"GRADY|DUNCANVILLE","GRADY|DUNCANVILLE",0.999323
"GRADY|DUNCANVILLE","GRADY|MIDWAY",0.000677
"GRADY|HIGDON","GRADY|HIGDON",1
"GRADY|LIMESINK","GRADY|LIMESINK",0.999964
"GRADY|LIMESINK","GRADY|SPRING HILL",3.6e-05
"GRADY|MIDWAY","GRADY|MIDWAY",0.997278
"GRADY|MIDWAY","GRADY|DUNCANVILLE",0.002621
"GRADY|MIDWAY","GRADY|CAIRO 5TH DISTR",5.6e-05
"GRADY|MIDWAY","GRADY|WOODLAND",4.3e-05
"GRADY|MIDWAY","GRADY|PINE PARK",1e-06
"GRADY|PINE PARK","GRADY|PINE PARK",0.999395
"GRADY|PINE PARK","GRADY|MIDWAY",0.000605
"GRADY|RAGAN","GRADY|RAGAN",0.99999
"GRADY|RAGAN","GRADY|MIDWAY",1e-05
"GRADY|SPENCE","GRADY|SPENCE",0.999996
"GRADY|SPENCE","GRADY|WOODLAND",3e-06
"GRADY|SPRING HILL","GRADY|SPRING HILL",0.999808
"GRADY|SPRING HILL","GRADY|LIMESINK",0.000164
"GRADY|SPRING HILL","GRADY|BLOWING CAVE",2.3e-05
"GRADY|SPRING HILL","GRADY|WHIGHAM",5e-06
"GRADY|WHIGHAM","GRADY|WHIGHAM",0.999723
"GRADY|WHIGHAM","GRADY|SPRING HILL",0.00027
"GRADY|WHIGHAM","GRADY|MIDWAY",7e-06
"GRADY|WOODLAND","GRADY|WOODLAND",0.999513
"GRADY|WOODLAND","GRADY|CAIRO 5TH DISTR",0.000293
"GRADY|WOODLAND","GRADY|SPENCE",0.000108
"GRADY|WOODLAND","GRADY|MIDWAY",8e-05
"GRADY|WOODLAND","GRADY|BLOWING CAVE",5e-06
"GREENE|GREENSBORO","GREENE|GREENSBORO",0.999976
"GREENE|GREENSBORO","GREENE|UNION POINT",2.4e-05
"GREENE|OLD SALEM","GREENE|OLD SALEM",0.999899
"GREENE|OLD SALEM","GREENE|GREENSBORO",9.1e-05
"GREENE|OLD SALEM","GREENE|SILOAM",1e-05
"GREENE|SILOAM","GREENE|SILOAM",0.999847
"GREENE|SILOAM","GREENE|UNION POINT",0.000148
"GREENE|SILOAM","GREENE|WHITE PLAINS",5e-06
"GREENE|UNION POINT","GREENE|UNION POINT",0.999999
"GREENE|WHITE PLAINS","GREENE|WHITE PLAINS",0.999992
"GREENE|WHITE PLAINS","GREENE|SILOAM",8e-06
"GWINNETT|BAYCREEK A","GWINNETT|BAYCREEK A",0.999955
"GWINNETT|BAYCREEK A","GWINNETT|BAYCREEK K",3.8e-05
"GWINNETT|BAYCREEK A","GWINNETT|BAYCREEK F",7e-06
"GWINNETT|BAYCREEK B","GWINNETT|BAYCREEK B",0.999396
"GWINNETT|BAYCREEK B","GWINNETT|BAYCREEK G",0.000335
"GWINNETT|BAYCREEK B","GWINNETT|BAYCREEK E",0.000269
"GWINNETT|BAYCREEK C","GWINNETT|BAYCREEK C",0.999979
"GWINNETT|BAYCREEK C","GWINNETT|BAYCREEK H",2.1e-05
"GWINNETT|BAYCREEK D","GWINNETT|BAYCREEK D",0.999944
"GWINNETT|BAYCREEK D","GWINNETT|BAYCREEK F",5.5e-05
"GWINNETT|BAYCREEK D","GWINNETT|BAYCREEK K",1e-06
"GWINNETT|BAYCREEK E","GWINNETT|BAYCREEK E",0.996945
"GWINNETT|BAYCREEK E","GWINNETT|BAYCREEK G",0.002867
"GWINNETT|BAYCREEK E","GWINNETT|BAYCREEK B",0.000184
"GWINNETT|BAYCREEK E","GWINNETT|BAYCREEK J",4e-06
"GWINNETT|BAYCREEK F","GWINNETT|BAYCREEK F",0.999126
"GWINNETT|BAYCREEK F","GWINNETT|BAYCREEK H",0.000712
"GWINNETT|BAYCREEK F","GWINNETT|BAYCREEK A",0.000108
"GWINNETT|BAYCREEK F","GWINNETT|BAYCREEK D",4.5e-05
"GWINNETT|BAYCREEK F","GWINNETT|BAYCREEK G",9e-06
"GWINNETT|BAYCREEK G","GWINNETT|BAYCREEK G",0.999972
"GWINNETT|BAYCREEK G","GWINNETT|BAYCREEK H",2.2e-05
"GWINNETT|BAYCREEK G","GWINNETT|BAYCREEK F",5e-06
"GWINNETT|BAYCREEK H","GWINNETT|BAYCREEK H",0.999425
"GWINNETT|BAYCREEK H","GWINNETT|BAYCREEK C",0.000529
"GWINNETT|BAYCREEK H","GWINNETT|BAYCREEK D",3.4e-05
"GWINNETT|BAYCREEK H","GWINNETT|BAYCREEK G",1.1e-05
"GWINNETT|BAYCREEK I","GWINNETT|BAYCREEK I",0.999612
"GWINNETT|BAYCREEK I","GWINNETT|BAYCREEK C",0.000384
"GWINNETT|BAYCREEK I","GWINNETT|BAYCREEK D",3e-06
"GWINNETT|BAYCREEK J","GWINNETT|BAYCREEK J",0.998622
"GWINNETT|BAYCREEK J","GWINNETT|BAYCREEK F",0.001237
"GWINNETT|BAYCREEK J","GWINNETT|BAYCREEK E",0.000141
"GWINNETT|BAYCREEK K","GWINNETT|BAYCREEK K",0.999754
"GWINNETT|BAYCREEK K","GWINNETT|BAYCREEK D",0.000153
"GWINNETT|BAYCREEK K","GWINNETT|BAYCREEK F",8.8e-05
"GWINNETT|BAYCREEK K","GWINNETT|LAWRENCEVILLE B",4e-06
"GWINNETT|BERKSHIRE A","GWINNETT|BERKSHIRE A",0.999579
"GWINNETT|BERKSHIRE A","GWINNETT|BERKSHIRE H",0.00042
"GWINNETT|BERKSHIRE B","GWINNETT|BERKSHIRE B",0.993366
"GWINNETT|BERKSHIRE B","DEKALB|TUCKER",0.003539
"GWINNETT|BERKSHIRE B","DEKALB|HUGH HOWELL",0.002071
"GWINNETT|BERKSHIRE B","DEKALB|TUCKER LIBRARY",0.000899
"GWINNETT|BERKSHIRE B","GWINNETT|BERKSHIRE H",0.000125
"GWINNETT|BERKSHIRE D","GWINNETT|BERKSHIRE D",0.999998
"GWINNETT|BERKSHIRE D","GWINNETT|BERKSHIRE M",2e-06
"GWINNETT|BERKSHIRE E","GWINNETT|BERKSHIRE E",1
"GWINNETT|BERKSHIRE F","GWINNETT|BERKSHIRE F",0.99927
"GWINNETT|BERKSHIRE F","GWINNETT|BERKSHIRE L",0.000723
"GWINNETT|BERKSHIRE F","GWINNETT|BERKSHIRE P",7e-06
"GWINNETT|BERKSHIRE G","GWINNETT|BERKSHIRE G",0.998759
"GWINNETT|BERKSHIRE G","DEKALB|SMOKE RISE",0.001241
"GWINNETT|BERKSHIRE H","GWINNETT|BERKSHIRE H",0.999965
"GWINNETT|BERKSHIRE H","GWINNETT|BERKSHIRE A",3.5e-05
"GWINNETT|BERKSHIRE J","GWINNETT|BERKSHIRE J",0.988513
"GWINNETT|BERKSHIRE J","GWINNETT|BERKSHIRE D",0.007888
"GWINNETT|BERKSHIRE J","GWINNETT|BERKSHIRE M",0.003598
"GWINNETT|BERKSHIRE L","GWINNETT|BERKSHIRE L",0.999979
"GWINNETT|BERKSHIRE L","GWINNETT|BERKSHIRE F",2.1e-05
"GWINNETT|BERKSHIRE M","GWINNETT|BERKSHIRE M",0.998738
"GWINNETT|BERKSHIRE M","GWINNETT|BERKSHIRE J",0.001262
"GWINNETT|BERKSHIRE N","GWINNETT|BERKSHIRE N",0.99375
"GWINNETT|BERKSHIRE N","DEKALB|HUGH HOWELL",0.003583
"GWINNETT|BERKSHIRE N","DEKALB|SMOKE RISE",0.002566
"GWINNETT|BERKSHIRE N","GWINNETT|BERKSHIRE G",0.000101
"GWINNETT|BERKSHIRE O","GWINNETT|BERKSHIRE O",0.999971
"GWINNETT|BERKSHIRE O","GWINNETT|CATES O",2.9e-05
"GWINNETT|BERKSHIRE P","GWINNETT|BERKSHIRE P",0.999884
"GWINNETT|BERKSHIRE P","GWINNETT|BERKSHIRE A",0.000116
"GWINNETT|BERKSHIRE Q","GWINNETT|BERKSHIRE Q",0.999072
"GWINNETT|BERKSHIRE Q","GWINNETT|BERKSHIRE A",0.000357
"GWINNETT|BERKSHIRE Q","GWINNETT|BERKSHIRE H",0.000357
"GWINNETT|BERKSHIRE Q","GWINNETT|BERKSHIRE B",0.000209
"GWINNETT|BERKSHIRE Q","GWINNETT|BERKSHIRE N",3e-06
"GWINNETT|BERKSHIRE Q","GWINNETT|BERKSHIRE E",1e-06
"GWINNETT|CATES A","GWINNETT|CATES A",0.995462
"GWINNETT|CATES A","GWINNETT|CATES L",0.004109
"GWINNETT|CATES A","GWINNETT|BAYCREEK A",0.00031
"GWINNETT|CATES A","GWINNETT|CATES H",0.00012
"GWINNETT|CATES B","GWINNETT|CATES B",0.999728
"GWINNETT|CATES B","GWINNETT|CATES O",0.00026
"GWINNETT|CATES B","GWINNETT|CATES I",1.2e-05
"GWINNETT|CATES C","GWINNETT|CATES C",0.993929
"GWINNETT|CATES C","GWINNETT|ROCKBRIDGE D",0.004904
"GWINNETT|CATES C","GWINNETT|CATES L",0.001065
"GWINNETT|CATES C","GWINNETT|CATES A",0.000102
"GWINNETT|CATES D","GWINNETT|CATES D",0.989671
"GWINNETT|CATES D","GWINNETT|CATES F",0.006847
"GWINNETT|CATES D","GWINNETT|ROCKBRIDGE B",0.002372
"GWINNETT|CATES D","GWINNETT|CATES H",0.001105
"GWINNETT|CATES D","GWINNETT|CATES E",4e-06
"GWINNETT|CATES E","GWINNETT|CATES E",0.999756
"GWINNETT|CATES E","GWINNETT|ROCKBRIDGE E",0.000178
"GWINNETT|CATES E","GWINNETT|CATES D",6.4e-05
"GWINNETT|CATES F","GWINNETT|CATES F",0.994878
"GWINNETT|CATES F","GWINNETT|CATES H",0.004053
"GWINNETT|CATES F","GWINNETT|CATES D",0.001066
"GWINNETT|CATES F","GWINNETT|CATES A",2e-06
"GWINNETT|CATES F","GWINNETT|CATES G",1e-06
"GWINNETT|CATES G","GWINNETT|CATES G",0.999775
"GWINNETT|CATES G","GWINNETT|CATES F",0.000224
"GWINNETT|CATES G","GWINNETT|CATES N",1e-06
"GWINNETT|CATES H","GWINNETT|CATES H",0.996663
"GWINNETT|CATES H","GWINNETT|ROCKBRIDGE C",0.002008
"GWINNETT|CATES H","GWINNETT|ROCKBRIDGE D",0.000669
"GWINNETT|CATES H","GWINNETT|ROCKBRIDGE B",0.000646
"GWINNETT|CATES H","GWINNETT|CATES A",1.4e-05
"GWINNETT|CATES I","GWINNETT|CATES I",0.999991
"GWINNETT|CATES I","GWINNETT|CATES M",9e-06
"GWINNETT|CATES J","GWINNETT|CATES J",0.996906
"GWINNETT|CATES J","GWINNETT|ROCKBRIDGE E",0.00244
"GWINNETT|CATES J","GWINNETT|GARNERS B",0.000646
"GWINNETT|CATES J","GWINNETT|BERKSHIRE O",4e-06
"GWINNETT|CATES J","GWINNETT|CATES E",4e-06
"GWINNETT|CATES K","GWINNETT|CATES K",1
"GWINNETT|CATES L","GWINNETT|CATES L",0.993905
"GWINNETT|CATES L","GWINNETT|CATES C",0.004239
"GWINNETT|CATES L","GWINNETT|CATES A",0.001856
"GWINNETT|CATES M","GWINNETT|CATES M",0.999999
"GWINNETT|CATES N","GWINNETT|CATES N",0.999998
"GWINNETT|CATES N","GWINNETT|CATES M",2e-06
"GWINNETT|CATES O","GWINNETT|CATES O",1
"GWINNETT|DACULA","GWINNETT|DACULA",0.99908
"GWINNETT|DACULA","GWINNETT|HARBINS A",0.000478
"GWINNETT|DACULA","GWINNETT|HARBINS B",0.000432
"GWINNETT|DACULA","GWINNETT|HOG MOUNTAIN B",1e-05
"GWINNETT|DULUTH A","GWINNETT|DULUTH A",0.99852
"GWINNETT|DULUTH A","GWINNETT|SUWANEE G",0.001476
"GWINNETT|DULUTH A","FULTON|JC01A",2e-06
"GWINNETT|DULUTH A","GWINNETT|DULUTH G",1e-06
"GWINNETT|DULUTH B","GWINNETT|DULUTH B",0.994687
"GWINNETT|DULUTH B","GWINNETT|DULUTH G",0.003848
"GWINNETT|DULUTH B","GWINNETT|DULUTH I",0.000964
"GWINNETT|DULUTH B","GWINNETT|DULUTH F",0.000459
"GWINNETT|DULUTH B","GWINNETT|DULUTH D",4.1e-05
"GWINNETT|DULUTH C","GWINNETT|DULUTH C",0.999655
"GWINNETT|DULUTH C","GWINNETT|DULUTH A",0.000273
"GWINNETT|DULUTH C","GWINNETT|DULUTH H",7.2e-05
"GWINNETT|DULUTH C","GWINNETT|PINCKNEYVILLE H",1e-06
"GWINNETT|DULUTH D","GWINNETT|DULUTH D",0.998532
"GWINNETT|DULUTH D","GWINNETT|DULUTH E",0.001281
"GWINNETT|DULUTH D","GWINNETT|PINCKNEYVILLE H",7.4e-05
"GWINNETT|DULUTH D","GWINNETT|DULUTH B",6.5e-05
"GWINNETT|DULUTH D","GWINNETT|PINCKNEYVILLE T",2.6e-05
"GWINNETT|DULUTH D","GWINNETT|DULUTH K",2e-05
"GWINNETT|DULUTH E","GWINNETT|DULUTH E",0.999223
"GWINNETT|DULUTH E","GWINNETT|PINCKNEYVILLE H",0.000753
"GWINNETT|DULUTH E","GWINNETT|DULUTH D",2.4e-05
"GWINNETT|DULUTH F","GWINNETT|DULUTH F",0.998583
"GWINNETT|DULUTH F","GWINNETT|SUWANEE C",0.001052
"GWINNETT|DULUTH F","GWINNETT|DULUTH K",0.000236
"GWINNETT|DULUTH F","GWINNETT|GOODWINS C",7.9e-05
"GWINNETT|DULUTH F","GWINNETT|DULUTH B",3.7e-05
"GWINNETT|DULUTH F","GWINNETT|DULUTH I",1.3e-05
"GWINNETT|DULUTH G","GWINNETT|DULUTH G",0.995259
"GWINNETT|DULUTH G","GWINNETT|DULUTH B",0.004501
"GWINNETT|DULUTH G","GWINNETT|DULUTH A",0.000134
"GWINNETT|DULUTH G","GWINNETT|DULUTH I",8e-05
"GWINNETT|DULUTH G","GWINNETT|DULUTH D",2.6e-05
"GWINNETT|DULUTH H","GWINNETT|DULUTH H",0.999636
"GWINNETT|DULUTH H","GWINNETT|DULUTH A",0.000338
"GWINNETT|DULUTH H","FULTON|JC06",2.6e-05
"GWINNETT|DULUTH I","GWINNETT|DULUTH I",0.999784
"GWINNETT|DULUTH I","GWINNETT|SUWANEE C",0.000142
"GWINNETT|DULUTH I","GWINNETT|DULUTH G",7.4e-05
"GWINNETT|DULUTH K","GWINNETT|DULUTH K",0.999904
"GWINNETT|DULUTH K","GWINNETT|DULUTH D",9.6e-05
"GWINNETT|DUNCANS A","GWINNETT|DUNCANS A",0.999068
"GWINNETT|DUNCANS A","GWINNETT|PUCKETTS D",0.000698
"GWINNETT|DUNCANS A","GWINNETT|DUNCANS B",0.000135
"GWINNETT|DUNCANS A","GWINNETT|DUNCANS D",8.1e-05
"GWINNETT|DUNCANS A","GWINNETT|ROCKYCREEK B",1.8e-05
"GWINNETT|DUNCANS B","GWINNETT|DUNCANS B",0.999794
"GWINNETT|DUNCANS B","GWINNETT|DUNCANS D",0.000206
"GWINNETT|DUNCANS C","GWINNETT|DUNCANS C",0.999998
"GWINNETT|DUNCANS C","GWINNETT|DUNCANS B",2e-06
"GWINNETT|DUNCANS D","GWINNETT|DUNCANS D",0.999863
"GWINNETT|DUNCANS D","GWINNETT|PUCKETTS D",0.000112
"GWINNETT|DUNCANS D","GWINNETT|DUNCANS A",2.3e-05
"GWINNETT|DUNCANS D","HALL|FRIENDSHIP I",1e-06
"GWINNETT|DUNCANS D","HALL|MORGAN I",1e-06
"GWINNETT|GARNERS A","GWINNETT|GARNERS A",0.999902
"GWINNETT|GARNERS A","GWINNETT|GARNERS B",9.7e-05
"GWINNETT|GARNERS B","GWINNETT|GARNERS B",0.999778
"GWINNETT|GARNERS B","GWINNETT|ROCKBRIDGE E",0.00017
"GWINNETT|GARNERS B","GWINNETT|GARNERS D",4.9e-05
"GWINNETT|GARNERS B","GWINNETT|GARNERS C",1e-06
"GWINNETT|GARNERS B","GWINNETT|CATES J",1e-06
"GWINNETT|GARNERS C","GWINNETT|GARNERS C",0.994083
"GWINNETT|GARNERS C","GWINNETT|GARNERS B",0.005717
"GWINNETT|GARNERS C","GWINNETT|GARNERS F",0.000199
"GWINNETT|GARNERS D","GWINNETT|GARNERS D",0.991711
"GWINNETT|GARNERS D","GWINNETT|ROCKBRIDGE G",0.007312
"GWINNETT|GARNERS D","GWINNETT|GARNERS B",0.000931
"GWINNETT|GARNERS D","GWINNETT|ROCKBRIDGE C",3.7e-05
"GWINNETT|GARNERS D","DEKALB|ROCKBRIDGE ROAD",8e-06
"GWINNETT|GARNERS F","GWINNETT|GARNERS F",0.997958
"GWINNETT|GARNERS F","DEKALB|SMOKE RISE",0.00113
"GWINNETT|GARNERS F","GWINNETT|GARNERS D",0.000498
"GWINNETT|GARNERS F","GWINNETT|GARNERS B",0.000382
"GWINNETT|GARNERS F","GWINNETT|GARNERS C",3.3e-05
"GWINNETT|GOODWINS A","GWINNETT|GOODWINS A",0.999983
"GWINNETT|GOODWINS A","GWINNETT|GOODWINS G",1.4e-05
"GWINNETT|GOODWINS A","GWINNETT|GOODWINS E",3e-06
"GWINNETT|GOODWINS B","GWINNETT|GOODWINS B",0.999867
"GWINNETT|GOODWINS B","GWINNETT|LAWRENCEVILLE K",0.00013
"GWINNETT|GOODWINS B","GWINNETT|GOODWINS D",3e-06
"GWINNETT|GOODWINS C","GWINNETT|GOODWINS C",0.999265
"GWINNETT|GOODWINS C","GWINNETT|GOODWINS E",0.000405
"GWINNETT|GOODWINS C","GWINNETT|DULUTH F",0.000238
"GWINNETT|GOODWINS C","GWINNETT|GOODWINS I",6.3e-05
"GWINNETT|GOODWINS C","GWINNETT|LAWRENCEVILLE I",1.5e-05
"GWINNETT|GOODWINS C","GWINNETT|SUWANEE C",9e-06
"GWINNETT|GOODWINS C","GWINNETT|GOODWINS G",5e-06
"GWINNETT|GOODWINS D","GWINNETT|GOODWINS D",0.998328
"GWINNETT|GOODWINS D","GWINNETT|GOODWINS B",0.000989
"GWINNETT|GOODWINS D","GWINNETT|LAWRENCEVILLE K",0.000461
"GWINNETT|GOODWINS D","GWINNETT|LAWRENCEVILLE H",0.000223
"GWINNETT|GOODWINS E","GWINNETT|GOODWINS E",0.997582
"GWINNETT|GOODWINS E","GWINNETT|GOODWINS C",0.00192
"GWINNETT|GOODWINS E","GWINNETT|GOODWINS H",0.000304
"GWINNETT|GOODWINS E","GWINNETT|SUWANEE C",0.000195
"GWINNETT|GOODWINS F","GWINNETT|GOODWINS F",0.999972
"GWINNETT|GOODWINS F","GWINNETT|HOG MOUNTAIN A",2.7e-05
"GWINNETT|GOODWINS G","GWINNETT|GOODWINS G",0.999933
"GWINNETT|GOODWINS G","GWINNETT|GOODWINS A",6.3e-05
"GWINNETT|GOODWINS G","GWINNETT|GOODWINS D",4e-06
"GWINNETT|GOODWINS H","GWINNETT|GOODWINS H",0.999868
"GWINNETT|GOODWINS H","GWINNETT|GOODWINS E",0.000132
"GWINNETT|GOODWINS I","GWINNETT|GOODWINS I",1
"GWINNETT|HARBINS A","GWINNETT|HARBINS A",0.999896
"GWINNETT|HARBINS A","GWINNETT|DACULA",7.5e-05
"GWINNETT|HARBINS A","GWINNETT|HARBINS C",2.9e-05
"GWINNETT|HARBINS B","GWINNETT|HARBINS B",0.999686
"GWINNETT|HARBINS B","GWINNETT|HARBINS A",0.000203
"GWINNETT|HARBINS B","BARROW|3",0.000104
"GWINNETT|HARBINS B","GWINNETT|DACULA",7e-06
"GWINNETT|HARBINS C","GWINNETT|HARBINS C",0.999999
"GWINNETT|HOG MOUNTAIN A","GWINNETT|HOG MOUNTAIN A",0.99946
"GWINNETT|HOG MOUNTAIN A","GWINNETT|SUGAR HILL A",0.000435
"GWINNETT|HOG MOUNTAIN A","GWINNETT|GOODWINS F",5.7e-05
"GWINNETT|HOG MOUNTAIN A","GWINNETT|HOG MOUNTAIN C",4.8e-05
"GWINNETT|HOG MOUNTAIN B","GWINNETT|HOG MOUNTAIN B",0.999679
"GWINNETT|HOG MOUNTAIN B","GWINNETT|HOG MOUNTAIN D",0.000285
"GWINNETT|HOG MOUNTAIN B","GWINNETT|DACULA",1.9e-05
"GWINNETT|HOG MOUNTAIN B","GWINNETT|LAWRENCEVILLE M",1.6e-05
"GWINNETT|HOG MOUNTAIN B","GWINNETT|LAWRENCEVILLE C",1e-06
"GWINNETT|HOG MOUNTAIN C","GWINNETT|HOG MOUNTAIN C",0.99949
"GWINNETT|HOG MOUNTAIN C","GWINNETT|PUCKETTS D",0.000268
"GWINNETT|HOG MOUNTAIN C","GWINNETT|PUCKETTS E",0.000236
"GWINNETT|HOG MOUNTAIN C","GWINNETT|HOG MOUNTAIN A",4e-06
"GWINNETT|HOG MOUNTAIN C","GWINNETT|HOG MOUNTAIN B",2e-06
"GWINNETT|HOG MOUNTAIN D","GWINNETT|HOG MOUNTAIN D",0.999999
"GWINNETT|LAWRENCEVILLE A","GWINNETT|LAWRENCEVILLE A",0.999699
"GWINNETT|LAWRENCEVILLE A","GWINNETT|LAWRENCEVILLE D",0.000149
"GWINNETT|LAWRENCEVILLE A","GWINNETT|LAWRENCEVILLE B",8.8e-05
"GWINNETT|LAWRENCEVILLE A","GWINNETT|LAWRENCEVILLE E",6.5e-05
"GWINNETT|LAWRENCEVILLE B","GWINNETT|LAWRENCEVILLE B",0.99977
"GWINNETT|LAWRENCEVILLE B","GWINNETT|BAYCREEK D",0.000188
"GWINNETT|LAWRENCEVILLE B","GWINNETT|BAYCREEK I",3.9e-05
"GWINNETT|LAWRENCEVILLE B","GWINNETT|LAWRENCEVILLE L",3e-06
"GWINNETT|LAWRENCEVILLE C","GWINNETT|LAWRENCEVILLE C",0.999994
"GWINNETT|LAWRENCEVILLE C","GWINNETT|HOG MOUNTAIN B",6e-06
"GWINNETT|LAWRENCEVILLE D","GWINNETT|LAWRENCEVILLE D",0.99681
"GWINNETT|LAWRENCEVILLE D","GWINNETT|LAWRENCEVILLE M",0.002709
"GWINNETT|LAWRENCEVILLE D","GWINNETT|LAWRENCEVILLE A",0.000238
"GWINNETT|LAWRENCEVILLE D","GWINNETT|LAWRENCEVILLE I",0.000119
"GWINNETT|LAWRENCEVILLE D","GWINNETT|LAWRENCEVILLE F",1e-04
"GWINNETT|LAWRENCEVILLE D","GWINNETT|MARTINS G",2.1e-05
"GWINNETT|LAWRENCEVILLE D","GWINNETT|LAWRENCEVILLE C",1e-06
"GWINNETT|LAWRENCEVILLE E","GWINNETT|LAWRENCEVILLE E",0.999372
"GWINNETT|LAWRENCEVILLE E","GWINNETT|LAWRENCEVILLE G",0.000312
"GWINNETT|LAWRENCEVILLE E","GWINNETT|LAWRENCEVILLE D",0.000272
"GWINNETT|LAWRENCEVILLE E","GWINNETT|LAWRENCEVILLE A",4.4e-05
"GWINNETT|LAWRENCEVILLE F","GWINNETT|LAWRENCEVILLE F",0.999903
"GWINNETT|LAWRENCEVILLE F","GWINNETT|LAWRENCEVILLE D",9.3e-05
"GWINNETT|LAWRENCEVILLE F","GWINNETT|BAYCREEK I",4e-06
"GWINNETT|LAWRENCEVILLE G","GWINNETT|LAWRENCEVILLE G",0.999964
"GWINNETT|LAWRENCEVILLE G","GWINNETT|MARTINS B",3.6e-05
"GWINNETT|LAWRENCEVILLE H","GWINNETT|LAWRENCEVILLE H",0.999811
"GWINNETT|LAWRENCEVILLE H","GWINNETT|LAWRENCEVILLE I",0.000189
"GWINNETT|LAWRENCEVILLE I","GWINNETT|LAWRENCEVILLE I",0.999538
"GWINNETT|LAWRENCEVILLE I","GWINNETT|LAWRENCEVILLE H",0.000422
"GWINNETT|LAWRENCEVILLE I","GWINNETT|LAWRENCEVILLE D",3.6e-05
"GWINNETT|LAWRENCEVILLE I","GWINNETT|LAWRENCEVILLE C",4e-06
"GWINNETT|LAWRENCEVILLE J","GWINNETT|LAWRENCEVILLE J",0.999999
"GWINNETT|LAWRENCEVILLE K","GWINNETT|LAWRENCEVILLE K",0.999998
"GWINNETT|LAWRENCEVILLE K","GWINNETT|GOODWINS B",1e-06
"GWINNETT|LAWRENCEVILLE L","GWINNETT|LAWRENCEVILLE L",0.999999
"GWINNETT|LAWRENCEVILLE M","GWINNETT|LAWRENCEVILLE M",0.996556
"GWINNETT|LAWRENCEVILLE M","GWINNETT|LAWRENCEVILLE D",0.003341
"GWINNETT|LAWRENCEVILLE M","GWINNETT|LAWRENCEVILLE C",0.000103
"GWINNETT|LAWRENCEVILLE N","GWINNETT|LAWRENCEVILLE N",0.981338
"GWINNETT|LAWRENCEVILLE N","GWINNETT|LAWRENCEVILLE G",0.01865
"GWINNETT|LAWRENCEVILLE N","GWINNETT|LAWRENCEVILLE E",1.2e-05
"GWINNETT|MARTINS A","GWINNETT|MARTINS A",0.999994
"GWINNETT|MARTINS A","GWINNETT|MARTINS J",3e-06
"GWINNETT|MARTINS A","GWINNETT|MARTINS B",1e-06
"GWINNETT|MARTINS A","GWINNETT|MARTINS G",1e-06
"GWINNETT|MARTINS B","GWINNETT|MARTINS B",0.99278
"GWINNETT|MARTINS B","GWINNETT|MARTINS G",0.007055
"GWINNETT|MARTINS B","GWINNETT|LAWRENCEVILLE G",0.000165
"GWINNETT|MARTINS C","GWINNETT|MARTINS C",0.999941
"GWINNETT|MARTINS C","GWINNETT|MARTINS I",5.9e-05
"GWINNETT|MARTINS D","GWINNETT|MARTINS D",0.998865
"GWINNETT|MARTINS D","GWINNETT|MARTINS F",0.00107
"GWINNETT|MARTINS D","GWINNETT|MARTINS E",6.4e-05
"GWINNETT|MARTINS E","GWINNETT|MARTINS E",0.997245
"GWINNETT|MARTINS E","GWINNETT|DULUTH F",0.001607
"GWINNETT|MARTINS E","GWINNETT|MARTINS F",0.001147
"GWINNETT|MARTINS F","GWINNETT|MARTINS F",0.999988
"GWINNETT|MARTINS F","GWINNETT|DULUTH K",1.2e-05
"GWINNETT|MARTINS G","GWINNETT|MARTINS G",0.999422
"GWINNETT|MARTINS G","GWINNETT|LAWRENCEVILLE D",0.000546
"GWINNETT|MARTINS G","GWINNETT|GOODWINS C",3.1e-05
"GWINNETT|MARTINS H","GWINNETT|MARTINS H",0.999878
"GWINNETT|MARTINS H","GWINNETT|MARTINS K",0.000107
"GWINNETT|MARTINS H","GWINNETT|MARTINS C",1.3e-05
"GWINNETT|MARTINS I","GWINNETT|MARTINS I",0.9998
"GWINNETT|MARTINS I","GWINNETT|MARTINS H",0.000199
"GWINNETT|MARTINS I","GWINNETT|MARTINS J",1e-06
"GWINNETT|MARTINS J","GWINNETT|MARTINS J",0.999996
"GWINNETT|MARTINS J","GWINNETT|DULUTH F",3e-06
"GWINNETT|MARTINS K","GWINNETT|MARTINS K",0.999999
"GWINNETT|PINCKNEYVILLE A1","GWINNETT|PINCKNEYVILLE A1",1
"GWINNETT|PINCKNEYVILLE B","GWINNETT|PINCKNEYVILLE B",0.999833
"GWINNETT|PINCKNEYVILLE B","GWINNETT|PINCKNEYVILLE V",0.000149
"GWINNETT|PINCKNEYVILLE B","GWINNETT|PINCKNEYVILLE J",1.8e-05
"GWINNETT|PINCKNEYVILLE C","GWINNETT|PINCKNEYVILLE C",1
"GWINNETT|PINCKNEYVILLE D","GWINNETT|PINCKNEYVILLE D",0.999935
"GWINNETT|PINCKNEYVILLE D","GWINNETT|PINCKNEYVILLE K",5.4e-05
"GWINNETT|PINCKNEYVILLE D","GWINNETT|PINKCNEYVILLE A",1.1e-05
"GWINNETT|PINCKNEYVILLE E","GWINNETT|PINCKNEYVILLE E",0.970631
"GWINNETT|PINCKNEYVILLE E","DEKALB|NORTH PEACHTREE (DUN)",0.015001
"GWINNETT|PINCKNEYVILLE E","DEKALB|WINTERS CHAPEL (DUN)",0.012376
"GWINNETT|PINCKNEYVILLE E","GWINNETT|PINCKNEYVILLE U",0.001466
"GWINNETT|PINCKNEYVILLE E","GWINNETT|PINCKNEYVILLE N",0.000526
"GWINNETT|PINCKNEYVILLE F","GWINNETT|PINCKNEYVILLE F",0.999938
"GWINNETT|PINCKNEYVILLE F","GWINNETT|PINCKNEYVILLE O",2.1e-05
"GWINNETT|PINCKNEYVILLE F","GWINNETT|PINCKNEYVILLE J",1.9e-05
"GWINNETT|PINCKNEYVILLE F","GWINNETT|PINCKNEYVILLE W",1.1e-05
"GWINNETT|PINCKNEYVILLE F","DEKALB|OAKCLIFF ELEM",1e-05
"GWINNETT|PINCKNEYVILLE H","GWINNETT|PINCKNEYVILLE H",0.999249
"GWINNETT|PINCKNEYVILLE H","GWINNETT|DULUTH C",0.000677
"GWINNETT|PINCKNEYVILLE H","GWINNETT|PINCKNEYVILLE X",7.3e-05
"GWINNETT|PINCKNEYVILLE H","GWINNETT|PINCKNEYVILLE C",1e-06
"GWINNETT|PINCKNEYVILLE I","GWINNETT|PINCKNEYVILLE I",0.998589
"GWINNETT|PINCKNEYVILLE I","GWINNETT|PINKCNEYVILLE A",0.001009
"GWINNETT|PINCKNEYVILLE I","GWINNETT|DULUTH K",4e-04
"GWINNETT|PINCKNEYVILLE J","GWINNETT|PINCKNEYVILLE J",0.99976
"GWINNETT|PINCKNEYVILLE J","GWINNETT|PINCKNEYVILLE F",0.000168
"GWINNETT|PINCKNEYVILLE J","GWINNETT|PINCKNEYVILLE W",7.1e-05
"GWINNETT|PINCKNEYVILLE K","GWINNETT|PINCKNEYVILLE K",0.999575
"GWINNETT|PINCKNEYVILLE K","GWINNETT|PINCKNEYVILLE Q",0.000235
"GWINNETT|PINCKNEYVILLE K","GWINNETT|PINCKNEYVILLE D",0.000189
"GWINNETT|PINCKNEYVILLE L","GWINNETT|PINCKNEYVILLE L",0.999998
"GWINNETT|PINCKNEYVILLE L","GWINNETT|PINCKNEYVILLE Z",2e-06
"GWINNETT|PINCKNEYVILLE M","GWINNETT|PINCKNEYVILLE M",1
"GWINNETT|PINCKNEYVILLE N","GWINNETT|PINCKNEYVILLE N",0.999724
"GWINNETT|PINCKNEYVILLE N","GWINNETT|PINCKNEYVILLE E",0.000159
"GWINNETT|PINCKNEYVILLE N","GWINNETT|PINCKNEYVILLE C",0.00011
"GWINNETT|PINCKNEYVILLE N","DEKALB|DORAVILLE NORTH (DOR)",4e-06
"GWINNETT|PINCKNEYVILLE N","GWINNETT|PINCKNEYVILLE H",1e-06
"GWINNETT|PINCKNEYVILLE O","GWINNETT|PINCKNEYVILLE O",0.995632
"GWINNETT|PINCKNEYVILLE O","DEKALB|TUCKER LIBRARY",0.003158
"GWINNETT|PINCKNEYVILLE O","GWINNETT|PINCKNEYVILLE J",0.001204
"GWINNETT|PINCKNEYVILLE O","DEKALB|PLEASANTDALE ROAD",5e-06
"GWINNETT|PINCKNEYVILLE P","GWINNETT|PINCKNEYVILLE P",0.999247
"GWINNETT|PINCKNEYVILLE P","GWINNETT|PINCKNEYVILLE C",0.000752
"GWINNETT|PINCKNEYVILLE Q","GWINNETT|PINCKNEYVILLE Q",0.993519
"GWINNETT|PINCKNEYVILLE Q","GWINNETT|MARTINS F",0.005233
"GWINNETT|PINCKNEYVILLE Q","GWINNETT|BERKSHIRE L",0.001219
"GWINNETT|PINCKNEYVILLE Q","GWINNETT|PINCKNEYVILLE K",3e-05
"GWINNETT|PINCKNEYVILLE S","GWINNETT|PINCKNEYVILLE S",0.999351
"GWINNETT|PINCKNEYVILLE S","GWINNETT|PINCKNEYVILLE T",0.000582
"GWINNETT|PINCKNEYVILLE S","GWINNETT|PINKCNEYVILLE A",6.5e-05
"GWINNETT|PINCKNEYVILLE S","GWINNETT|PINCKNEYVILLE I",2e-06
"GWINNETT|PINCKNEYVILLE T","GWINNETT|PINCKNEYVILLE T",0.997244
"GWINNETT|PINCKNEYVILLE T","GWINNETT|PINCKNEYVILLE H",0.002281
"GWINNETT|PINCKNEYVILLE T","GWINNETT|PINCKNEYVILLE S",0.000272
"GWINNETT|PINCKNEYVILLE T","GWINNETT|DULUTH K",0.000139
"GWINNETT|PINCKNEYVILLE T","GWINNETT|PINCKNEYVILLE I",6.5e-05
"GWINNETT|PINCKNEYVILLE U","GWINNETT|PINCKNEYVILLE U",0.977453
"GWINNETT|PINCKNEYVILLE U","DEKALB|WINTERS CHAPEL (DUN)",0.022547
"GWINNETT|PINCKNEYVILLE V","GWINNETT|PINCKNEYVILLE V",0.999776
"GWINNETT|PINCKNEYVILLE V","GWINNETT|PINCKNEYVILLE B",0.000224
"GWINNETT|PINCKNEYVILLE W","GWINNETT|PINCKNEYVILLE W",0.999717
"GWINNETT|PINCKNEYVILLE W","GWINNETT|PINCKNEYVILLE H",0.000151
"GWINNETT|PINCKNEYVILLE W","GWINNETT|PINCKNEYVILLE F",0.000129
"GWINNETT|PINCKNEYVILLE W","GWINNETT|PINKCNEYVILLE A",3e-06
"GWINNETT|PINCKNEYVILLE X","GWINNETT|PINCKNEYVILLE X",0.998148
"GWINNETT|PINCKNEYVILLE X","GWINNETT|PINCKNEYVILLE H",0.001849
"GWINNETT|PINCKNEYVILLE X","GWINNETT|PINCKNEYVILLE M",3e-06
"GWINNETT|PINCKNEYVILLE Y","GWINNETT|PINCKNEYVILLE Y",1
"GWINNETT|PINCKNEYVILLE Z","GWINNETT|PINCKNEYVILLE Z",1
"GWINNETT|PINKCNEYVILLE A","GWINNETT|PINKCNEYVILLE A",0.999985
"GWINNETT|PINKCNEYVILLE A","GWINNETT|PINCKNEYVILLE S",7e-06
"GWINNETT|PINKCNEYVILLE A","GWINNETT|PINCKNEYVILLE I",5e-06
"GWINNETT|PINKCNEYVILLE A","GWINNETT|PINCKNEYVILLE D",2e-06
"GWINNETT|PUCKETTS A","GWINNETT|PUCKETTS A",0.999986
"GWINNETT|PUCKETTS A","GWINNETT|PUCKETTS B",1.1e-05
"GWINNETT|PUCKETTS A","GWINNETT|SUGAR HILL D",3e-06
"GWINNETT|PUCKETTS B","GWINNETT|PUCKETTS B",0.999636
"GWINNETT|PUCKETTS B","GWINNETT|PUCKETTS E",0.000311
"GWINNETT|PUCKETTS B","GWINNETT|SUGAR HILL D",4.7e-05
"GWINNETT|PUCKETTS B","GWINNETT|PUCKETTS A",5e-06
"GWINNETT|PUCKETTS B","GWINNETT|SUGAR HILL A",2e-06
"GWINNETT|PUCKETTS C","GWINNETT|PUCKETTS C",0.999922
"GWINNETT|PUCKETTS C","GWINNETT|PUCKETTS A",7.7e-05
"GWINNETT|PUCKETTS C","GWINNETT|PUCKETTS D",1e-06
"GWINNETT|PUCKETTS D","GWINNETT|PUCKETTS D",0.999021
"GWINNETT|PUCKETTS D","GWINNETT|HOG MOUNTAIN C",0.000806
"GWINNETT|PUCKETTS D","GWINNETT|DUNCANS A",0.000173
"GWINNETT|PUCKETTS E","GWINNETT|PUCKETTS E",0.999513
"GWINNETT|PUCKETTS E","GWINNETT|SUGAR HILL A",0.000479
"GWINNETT|PUCKETTS E","GWINNETT|HOG MOUNTAIN C",3e-06
"GWINNETT|PUCKETTS E","GWINNETT|PUCKETTS B",3e-06
"GWINNETT|PUCKETTS E","GWINNETT|PUCKETTS D",1e-06
"GWINNETT|ROCKBRIDGE A","GWINNETT|ROCKBRIDGE A",0.999989
"GWINNETT|ROCKBRIDGE A","GWINNETT|ROCKBRIDGE C",1e-05
"GWINNETT|ROCKBRIDGE A","GWINNETT|ROCKBRIDGE G",1e-06
"GWINNETT|ROCKBRIDGE B","GWINNETT|ROCKBRIDGE B",0.999841
"GWINNETT|ROCKBRIDGE B","GWINNETT|CATES H",0.000159
"GWINNETT|ROCKBRIDGE C","GWINNETT|ROCKBRIDGE C",0.997924
"GWINNETT|ROCKBRIDGE C","GWINNETT|ROCKBRIDGE E",0.001281
"GWINNETT|ROCKBRIDGE C","GWINNETT|ROCKBRIDGE B",0.000401
"GWINNETT|ROCKBRIDGE C","GWINNETT|CATES H",0.000346
"GWINNETT|ROCKBRIDGE C","GWINNETT|ROCKBRIDGE D",2.8e-05
"GWINNETT|ROCKBRIDGE C","GWINNETT|ROCKBRIDGE A",1.9e-05
"GWINNETT|ROCKBRIDGE D","GWINNETT|ROCKBRIDGE D",0.998827
"GWINNETT|ROCKBRIDGE D","GWINNETT|CATES H",0.000697
"GWINNETT|ROCKBRIDGE D","GWINNETT|CATES C",0.000475
"GWINNETT|ROCKBRIDGE D","GWINNETT|ROCKBRIDGE C",1e-06
"GWINNETT|ROCKBRIDGE E","GWINNETT|ROCKBRIDGE E",0.999927
"GWINNETT|ROCKBRIDGE E","GWINNETT|ROCKBRIDGE C",6.2e-05
"GWINNETT|ROCKBRIDGE E","GWINNETT|ROCKBRIDGE B",1.1e-05
"GWINNETT|ROCKBRIDGE F","GWINNETT|ROCKBRIDGE F",0.999975
"GWINNETT|ROCKBRIDGE F","GWINNETT|ROCKBRIDGE G",2.5e-05
"GWINNETT|ROCKBRIDGE G","GWINNETT|ROCKBRIDGE G",0.990059
"GWINNETT|ROCKBRIDGE G","GWINNETT|ROCKBRIDGE A",0.007905
"GWINNETT|ROCKBRIDGE G","GWINNETT|ROCKBRIDGE F",0.001477
"GWINNETT|ROCKBRIDGE G","GWINNETT|ROCKBRIDGE C",0.000558
"GWINNETT|ROCKYCREEK A","GWINNETT|ROCKYCREEK A",0.999999
"GWINNETT|ROCKYCREEK B","GWINNETT|ROCKYCREEK B",0.999078
"GWINNETT|ROCKYCREEK B","GWINNETT|DUNCANS A",0.000903
"GWINNETT|ROCKYCREEK B","GWINNETT|HOG MOUNTAIN C",1.9e-05
"GWINNETT|ROCKYCREEK B","GWINNETT|HOG MOUNTAIN B",1e-06
"GWINNETT|ROCKYCREEK C","GWINNETT|ROCKYCREEK C",0.999999
"GWINNETT|SUGAR HILL A","GWINNETT|SUGAR HILL A",0.999258
"GWINNETT|SUGAR HILL A","GWINNETT|PUCKETTS B",0.000394
"GWINNETT|SUGAR HILL A","GWINNETT|SUWANEE F",0.000216
"GWINNETT|SUGAR HILL A","GWINNETT|PUCKETTS E",7.1e-05
"GWINNETT|SUGAR HILL A","GWINNETT|HOG MOUNTAIN A",5.6e-05
"GWINNETT|SUGAR HILL A","GWINNETT|SUGAR HILL E",5e-06
"GWINNETT|SUGAR HILL B","GWINNETT|SUGAR HILL B",0.999604
"GWINNETT|SUGAR HILL B","GWINNETT|SUGAR HILL C",0.000298
"GWINNETT|SUGAR HILL B","GWINNETT|SUGAR HILL D",4.9e-05
"GWINNETT|SUGAR HILL B","GWINNETT|SUWANEE D",4.7e-05
"GWINNETT|SUGAR HILL B","GWINNETT|SUGAR HILL G",2e-06
"GWINNETT|SUGAR HILL C","GWINNETT|SUGAR HILL C",0.999578
"GWINNETT|SUGAR HILL C","GWINNETT|SUGAR HILL B",0.000421
"GWINNETT|SUGAR HILL D","GWINNETT|SUGAR HILL D",0.998996
"GWINNETT|SUGAR HILL D","GWINNETT|SUGAR HILL A",0.000811
"GWINNETT|SUGAR HILL D","GWINNETT|PUCKETTS B",0.000166
"GWINNETT|SUGAR HILL D","GWINNETT|PUCKETTS A",2.5e-05
"GWINNETT|SUGAR HILL E","GWINNETT|SUGAR HILL E",0.995909
"GWINNETT|SUGAR HILL E","GWINNETT|SUGAR HILL A",0.003802
"GWINNETT|SUGAR HILL E","GWINNETT|SUWANEE A",0.000231
"GWINNETT|SUGAR HILL E","GWINNETT|SUWANEE B",5.8e-05
"GWINNETT|SUGAR HILL F","GWINNETT|SUGAR HILL F",0.999339
"GWINNETT|SUGAR HILL F","GWINNETT|SUGAR HILL G",0.000648
"GWINNETT|SUGAR HILL F","GWINNETT|SUWANEE E",1.3e-05
"GWINNETT|SUGAR HILL G","GWINNETT|SUGAR HILL G",0.999864
"GWINNETT|SUGAR HILL G","GWINNETT|SUWANEE D",8.4e-05
"GWINNETT|SUGAR HILL G","GWINNETT|SUGAR HILL B",3.5e-05
"GWINNETT|SUGAR HILL G","GWINNETT|SUGAR HILL F",1.7e-05
"GWINNETT|SUWANEE A","GWINNETT|SUWANEE A",0.999413
"GWINNETT|SUWANEE A","GWINNETT|SUGAR HILL E",0.000482
"GWINNETT|SUWANEE A","GWINNETT|SUWANEE H",7.9e-05
"GWINNETT|SUWANEE A","GWINNETT|SUWANEE G",2.5e-05
"GWINNETT|SUWANEE B","GWINNETT|SUWANEE B",0.997167
"GWINNETT|SUWANEE B","GWINNETT|SUWANEE C",0.002786
"GWINNETT|SUWANEE B","GWINNETT|SUGAR HILL E",4.4e-05
"GWINNETT|SUWANEE B","GWINNETT|SUWANEE A",4e-06
"GWINNETT|SUWANEE C","GWINNETT|SUWANEE C",0.999929
"GWINNETT|SUWANEE C","GWINNETT|DULUTH G",5.8e-05
"GWINNETT|SUWANEE C","GWINNETT|GOODWINS E",1.3e-05
"GWINNETT|SUWANEE D","GWINNETT|SUWANEE D",0.999492
"GWINNETT|SUWANEE D","GWINNETT|SUGAR HILL G",0.000304
"GWINNETT|SUWANEE D","GWINNETT|SUGAR HILL B",0.000203
"GWINNETT|SUWANEE E","GWINNETT|SUWANEE E",0.999859
"GWINNETT|SUWANEE E","GWINNETT|SUWANEE A",0.00014
"GWINNETT|SUWANEE F","GWINNETT|SUWANEE F",0.995316
"GWINNETT|SUWANEE F","GWINNETT|SUWANEE C",0.004004
"GWINNETT|SUWANEE F","GWINNETT|SUGAR HILL A",0.00068
"GWINNETT|SUWANEE G","GWINNETT|SUWANEE G",0.99858
"GWINNETT|SUWANEE G","GWINNETT|SUWANEE A",0.000785
"GWINNETT|SUWANEE G","GWINNETT|SUWANEE H",0.000473
"GWINNETT|SUWANEE G","GWINNETT|DULUTH A",0.000159
"GWINNETT|SUWANEE G","FULTON|JC01A",3e-06
"GWINNETT|SUWANEE H","GWINNETT|SUWANEE H",0.999177
"GWINNETT|SUWANEE H","GWINNETT|SUWANEE E",0.000737
"GWINNETT|SUWANEE H","GWINNETT|SUWANEE G",6.1e-05
"GWINNETT|SUWANEE H","GWINNETT|SUWANEE A",2.5e-05
"HABERSHAM|AMYS CREEK","HABERSHAM|AMYS CREEK",0.999812
"HABERSHAM|AMYS CREEK","HABERSHAM|HABERSHAM NORTH",0.000184
"HABERSHAM|AMYS CREEK","TOWNS|HIAWASSEE",4e-06
"HABERSHAM|CITY OF BALDWIN","HABERSHAM|HABERSHAM SOUTH",0.935699
"HABERSHAM|CITY OF BALDWIN","HABERSHAM|MUD CREEK",0.064299
"HABERSHAM|CITY OF BALDWIN","BANKS|BALDWIN",1e-06
"HABERSHAM|DEMOREST","HABERSHAM|HABERSHAM NORTH",0.698424
"HABERSHAM|DEMOREST","HABERSHAM|HABERSHAM SOUTH",0.212177
"HABERSHAM|DEMOREST","HABERSHAM|DEMOREST",0.089396
"HABERSHAM|DEMOREST","HABERSHAM|AMYS CREEK",3e-06
"HABERSHAM|HABERSHAM NORTH","HABERSHAM|HABERSHAM NORTH",0.999988
"HABERSHAM|HABERSHAM NORTH","HABERSHAM|AMYS CREEK",1.2e-05
"HABERSHAM|HABERSHAM SOUTH","HABERSHAM|HABERSHAM SOUTH",0.99456
"HABERSHAM|HABERSHAM SOUTH","HABERSHAM|TOWN OF MOUNT AIRY",0.003094
"HABERSHAM|HABERSHAM SOUTH","HABERSHAM|MUD CREEK",0.00234
"HABERSHAM|HABERSHAM SOUTH","HABERSHAM|HABERSHAM NORTH",7e-06
"HABERSHAM|MUD CREEK","HABERSHAM|MUD CREEK",0.995676
"HABERSHAM|MUD CREEK","HABERSHAM|HABERSHAM SOUTH",0.003814
"HABERSHAM|MUD CREEK","BANKS|GOLDEN HILL",0.000507
"HABERSHAM|MUD CREEK","BANKS|BALDWIN",2e-06
"HABERSHAM|TOWN OF MOUNT AIRY","HABERSHAM|TOWN OF MOUNT AIRY",0.891431
"HABERSHAM|TOWN OF MOUNT AIRY","HABERSHAM|HABERSHAM SOUTH",0.108569
"HALL|BARK CAMP","HALL|BARK CAMP",0.999991
"HALL|BARK CAMP","HALL|BIG HICKORY",9e-06
"HALL|BIG HICKORY","HALL|BIG HICKORY",1
"HALL|CANDLER","HALL|CANDLER",0.999705
"HALL|CANDLER","HALL|MORGAN II",0.000172
"HALL|CANDLER","HALL|TADMORE",0.000109
"HALL|CANDLER","HALL|GAINESVILLE IV",1.3e-05
"HALL|CHESTATEE","HALL|CHESTATEE",0.999875
"HALL|CHESTATEE","HALL|BARK CAMP",0.000125
"HALL|CHICOPEE","HALL|CHICOPEE",0.99985
"HALL|CHICOPEE","HALL|GAINESVILLE III",8.1e-05
"HALL|CHICOPEE","HALL|OAKWOOD I",6.9e-05
"HALL|CLERMONT","HALL|CLERMONT",0.998854
"HALL|CLERMONT","HALL|LULA",0.001146
"HALL|FLOWERY BRANCH I","HALL|FLOWERY BRANCH I",0.999725
"HALL|FLOWERY BRANCH I","HALL|FLOWERY BRANCH II",0.000275
"HALL|FLOWERY BRANCH II","HALL|FLOWERY BRANCH II",1
"HALL|FORK","HALL|FORK",0.99988
"HALL|FORK","HALL|CHESTATEE",0.00012
"HALL|FRIENDSHIP I","HALL|FRIENDSHIP I",0.999229
"HALL|FRIENDSHIP I","HALL|FRIENDSHIP II",0.000595
"HALL|FRIENDSHIP I","HALL|MORGAN I",0.000175
"HALL|FRIENDSHIP II","HALL|FRIENDSHIP II",0.999584
"HALL|FRIENDSHIP II","HALL|FRIENDSHIP I",0.000345
"HALL|FRIENDSHIP II","GWINNETT|PUCKETTS A",6.5e-05
"HALL|FRIENDSHIP II","HALL|ROBERTS",3e-06
"HALL|FRIENDSHIP II","GWINNETT|SUGAR HILL D",1e-06
"HALL|FRIENDSHIP II","GWINNETT|PUCKETTS C",1e-06
"HALL|FRIENDSHIP III","HALL|FRIENDSHIP III",0.999945
"HALL|FRIENDSHIP III","HALL|FRIENDSHIP IV",5.4e-05
"HALL|FRIENDSHIP IV","HALL|FRIENDSHIP IV",0.999995
"HALL|FRIENDSHIP IV","HALL|FRIENDSHIP III",5e-06
"HALL|GAINESVILLE I","HALL|GAINESVILLE I",0.999185
"HALL|GAINESVILLE I","HALL|GAINESVILLE IV",0.000472
"HALL|GAINESVILLE I","HALL|GLADE",0.000321
"HALL|GAINESVILLE I","HALL|GAINESVILLE V",2.2e-05
"HALL|GAINESVILLE II","HALL|GAINESVILLE II",0.998456
"HALL|GAINESVILLE II","HALL|TADMORE",0.000839
"HALL|GAINESVILLE II","HALL|GLADE",0.000376
"HALL|GAINESVILLE II","HALL|GAINESVILLE IV",0.000329
"HALL|GAINESVILLE III","HALL|GAINESVILLE III",0.999856
"HALL|GAINESVILLE III","HALL|GAINESVILLE IV",0.000144
"HALL|GAINESVILLE IV","HALL|GAINESVILLE IV",0.9987
"HALL|GAINESVILLE IV","HALL|GAINESVILLE III",0.000719
"HALL|GAINESVILLE IV","HALL|GAINESVILLE I",0.000373
"HALL|GAINESVILLE IV","HALL|GAINESVILLE II",0.000163
"HALL|GAINESVILLE IV","HALL|CANDLER",4.5e-05
"HALL|GAINESVILLE V","HALL|GAINESVILLE V",0.995555
"HALL|GAINESVILLE V","HALL|WHELCHEL",0.004419
"HALL|GAINESVILLE V","HALL|WEST WHELCHEL",2.1e-05
"HALL|GAINESVILLE V","HALL|GAINESVILLE I",4e-06
"HALL|GILLSVILLE","HALL|GILLSVILLE",0.997914
"HALL|GILLSVILLE","BANKS|GROVE RIVER",0.002083
"HALL|GILLSVILLE","HALL|TADMORE",3e-06
"HALL|GLADE","HALL|GLADE",0.999762
"HALL|GLADE","HALL|GAINESVILLE II",0.000136
"HALL|GLADE","HALL|LULA",5.6e-05
"HALL|GLADE","HALL|GAINESVILLE I",4.7e-05
"HALL|LULA","HALL|LULA",0.99924
"HALL|LULA","BANKS|POPLAR SPRINGS",0.000397
"HALL|LULA","HALL|CLERMONT",0.00022
"HALL|LULA","HALL|GLADE",6.6e-05
"HALL|LULA","HALL|GILLSVILLE",5.6e-05
"HALL|LULA","BANKS|GOLDEN HILL",1.9e-05
"HALL|LULA","HABERSHAM|MUD CREEK",1e-06
"HALL|MORGAN I","HALL|MORGAN I",0.999592
"HALL|MORGAN I","HALL|MORGAN II",0.000408
"HALL|MORGAN II","HALL|MORGAN II",0.999982
"HALL|MORGAN II","HALL|CANDLER",1.1e-05
"HALL|MORGAN II","HALL|MORGAN I",7e-06
"HALL|OAKWOOD I","HALL|OAKWOOD I",0.99833
"HALL|OAKWOOD I","HALL|CHICOPEE",0.001313
"HALL|OAKWOOD I","HALL|CANDLER",0.000356
"HALL|OAKWOOD II","HALL|OAKWOOD II",0.999786
"HALL|OAKWOOD II","HALL|WILSON",0.000143
"HALL|OAKWOOD II","HALL|OAKWOOD I",7.1e-05
"HALL|QUILLIANS","HALL|QUILLIANS",0.999584
"HALL|QUILLIANS","HALL|CLERMONT",0.000413
"HALL|QUILLIANS","LUMPKIN|DAHLONEGA",3e-06
"HALL|ROBERTS","HALL|ROBERTS",1
"HALL|TADMORE","HALL|TADMORE",0.9998
"HALL|TADMORE","HALL|GAINESVILLE II",0.000132
"HALL|TADMORE","HALL|CANDLER",6.8e-05
"HALL|WEST WHELCHEL","HALL|WEST WHELCHEL",0.999849
"HALL|WEST WHELCHEL","HALL|BARK CAMP",0.00012
"HALL|WEST WHELCHEL","HALL|GAINESVILLE V",3e-05
"HALL|WEST WHELCHEL","HALL|CHESTATEE",1e-06
"HALL|WHELCHEL","HALL|WHELCHEL",0.998045
"HALL|WHELCHEL","HALL|GLADE",0.001628
"HALL|WHELCHEL","HALL|GAINESVILLE I",0.00022
"HALL|WHELCHEL","HALL|GAINESVILLE V",0.000107
"HALL|WILSON","HALL|WILSON",0.999316
"HALL|WILSON","HALL|OAKWOOD II",0.000671
"HALL|WILSON","HALL|GAINESVILLE III",1.4e-05
"HANCOCK|COURTHOUSE","HANCOCK|COURTHOUSE",0.999987
"HANCOCK|COURTHOUSE","HANCOCK|ST. MARK",1.2e-05
"HANCOCK|DEVEREUX FIRE STATION","HANCOCK|DEVEREUX FIRE STATION",0.990269
"HANCOCK|DEVEREUX FIRE STATION","BALDWIN|EAST BALDWIN",0.009717
"HANCOCK|DEVEREUX FIRE STATION","HANCOCK|SECOND BEULAH",1.4e-05
"HANCOCK|MAYFIELD COMMUNITY CENTER","HANCOCK|MAYFIELD COMMUNITY CENTER",1
"HANCOCK|POWER OF GOD","HANCOCK|POWER OF GOD",1
"HANCOCK|SECOND BEULAH","HANCOCK|SECOND BEULAH",0.994716
"HANCOCK|SECOND BEULAH","BALDWIN|EAST BALDWIN",0.005283
"HANCOCK|SECOND DARRIEN","HANCOCK|SECOND DARRIEN",1
"HANCOCK|SPARTA 4C","HANCOCK|SPARTA 4C",0.999995
"HANCOCK|SPARTA 4C","HANCOCK|COURTHOUSE",5e-06
"HANCOCK|ST. MARK","HANCOCK|ST. MARK",1
"HANCOCK|WARREN CHAPEL","HANCOCK|WARREN CHAPEL",0.999969
"HANCOCK|WARREN CHAPEL","HANCOCK|POWER OF GOD",3.1e-05
"HANCOCK|YOUTH CENTER","HANCOCK|YOUTH CENTER",1
"HARALSON|BEREA-STEADMAN","HARALSON|BEREA-STEADMAN",1
"HARALSON|BREMEN","HARALSON|BREMEN",1
"HARALSON|BUCHANAN","HARALSON|BUCHANAN",1
"HARALSON|BUNCOMBE","HARALSON|BUNCOMBE",1
"HARALSON|CORINTH","HARALSON|CORINTH",1
"HARALSON|FELTON","HARALSON|FELTON",0.999999
"HARALSON|LITTLE CREEK","HARALSON|LITTLE CREEK",1
"HARALSON|MT VIEW","HARALSON|MT VIEW",1
"HARALSON|SEVENTH","HARALSON|SEVENTH",0.999818
"HARALSON|SEVENTH","HARALSON|BREMEN",0.000182
"HARALSON|TALLAPOOSA","HARALSON|TALLAPOOSA",0.999886
"HARALSON|TALLAPOOSA","HARALSON|BEREA-STEADMAN",0.000114
"HARALSON|TWENTIETH","HARALSON|TWENTIETH",0.999999
"HARALSON|WACO","HARALSON|WACO",0.999878
"HARALSON|WACO","HARALSON|BREMEN",0.000121
"HARRIS|CATAULA","HARRIS|CATAULA",0.999995
"HARRIS|CATAULA","MUSCOGEE|ST ANDREWS",5e-06
"HARRIS|ELLERSLIE","HARRIS|ELLERSLIE",1
"HARRIS|GOODMAN","HARRIS|GOODMAN",0.999949
"HARRIS|GOODMAN","HARRIS|PINE MOUNTAIN VALLEY",5.1e-05
"HARRIS|HAMILTON","HARRIS|HAMILTON",0.999137
"HARRIS|HAMILTON","HARRIS|WHITESVILLE",0.000608
"HARRIS|HAMILTON","HARRIS|WAVERLY HALL",0.000248
"HARRIS|HAMILTON","HARRIS|PINE MOUNTAIN VALLEY",7e-06
"HARRIS|LOWER 19TH","HARRIS|LOWER 19TH",0.99984
"HARRIS|LOWER 19TH","HARRIS|MULBERRY GROVE",0.00016
"HARRIS|MULBERRY GROVE","HARRIS|MULBERRY GROVE",0.999615
"HARRIS|MULBERRY GROVE","HARRIS|CATAULA",0.000383
"HARRIS|MULBERRY GROVE","HARRIS|HAMILTON",3e-06
"HARRIS|PINE MOUNTAIN VALLEY","HARRIS|PINE MOUNTAIN VALLEY",0.999991
"HARRIS|PINE MOUNTAIN VALLEY","HARRIS|GOODMAN",8e-06
"HARRIS|SKINNER","HARRIS|SKINNER",1
"HARRIS|UPPER 19TH","HARRIS|UPPER 19TH",0.99997
"HARRIS|UPPER 19TH","HARRIS|WHITESVILLE",3e-05
"HARRIS|VALLEY PLAINS","HARRIS|VALLEY PLAINS",1
"HARRIS|WAVERLY HALL","HARRIS|WAVERLY HALL",0.999538
"HARRIS|WAVERLY HALL","HARRIS|HAMILTON",0.000462
"HARRIS|WHITESVILLE","HARRIS|WHITESVILLE",0.999854
"HARRIS|WHITESVILLE","HARRIS|HAMILTON",0.000122
"HARRIS|WHITESVILLE","HARRIS|UPPER 19TH",2.4e-05
"HART|BIO","HART|BIO",0.99999
"HART|BIO","HART|COKESBURY",1e-05
"HART|BOWERSVILLE","HART|BOWERSVILLE",1
"HART|COKESBURY","HART|COKESBURY",0.999997
"HART|COKESBURY","HART|BIO",2e-06
"HART|GOLDMINE","HART|GOLDMINE",1
"HART|HARTWELL","HART|HARTWELL",1
"HART|REED CREEK","HART|REED CREEK",1
"HART|SHOAL CREEK","HART|SHOAL CREEK",1
"HEARD|CENTRALHATCHEE","HEARD|CENTRALHATCHEE",0.998037
"HEARD|CENTRALHATCHEE","HEARD|ENON GROVE",0.001885
"HEARD|CENTRALHATCHEE","HEARD|FRANKLIN",7.8e-05
"HEARD|COOKSVILLE - CORINTH","HEARD|COOKSVILLE - CORINTH",0.99972
"HEARD|COOKSVILLE - CORINTH","HEARD|FRANKLIN",0.00028
"HEARD|ENON GROVE","HEARD|ENON GROVE",0.99984
"HEARD|ENON GROVE","HEARD|CENTRALHATCHEE",0.00016
"HEARD|EPHESUS","HEARD|EPHESUS",0.999979
"HEARD|EPHESUS","HEARD|FRANKLIN",2.1e-05
"HEARD|FRANKLIN","HEARD|FRANKLIN",0.999847
"HEARD|FRANKLIN","HEARD|CENTRALHATCHEE",0.000104
"HEARD|FRANKLIN","HEARD|COOKSVILLE - CORINTH",4.9e-05
"HEARD|SOUTHWEST","HEARD|SOUTHWEST",0.993688
"HEARD|SOUTHWEST","HEARD|EPHESUS",0.006312
"HENRY|AUSTIN ROAD","HENRY|AUSTIN ROAD",0.999998
"HENRY|AUSTIN ROAD","HENRY|PLEASANT GROVE",2e-06
"HENRY|COTTON INDIAN","HENRY|COTTON INDIAN",0.999126
"HENRY|COTTON INDIAN","HENRY|STOCKBRIDGE EAST-WEST",0.000513
"HENRY|COTTON INDIAN","HENRY|PLEASANT GROVE",0.000181
"HENRY|COTTON INDIAN","HENRY|SWAN LAKE",0.000163
"HENRY|COTTON INDIAN","HENRY|STAGECOACH",1.5e-05
"HENRY|COTTON INDIAN","HENRY|HICKORY FLAT",2e-06
"HENRY|DUTCHTOWN","HENRY|DUTCHTOWN",0.996432
"HENRY|DUTCHTOWN","HENRY|PATES CREEK",0.002327
"HENRY|DUTCHTOWN","HENRY|FLIPPEN",0.000522
"HENRY|DUTCHTOWN","HENRY|WESLEY LAKES",0.000406
"HENRY|DUTCHTOWN","HENRY|LAKE HAVEN",0.000216
"HENRY|DUTCHTOWN","HENRY|MOUNT CARMEL",9.6e-05
"HENRY|EAST LAKE","HENRY|EAST LAKE",0.998615
"HENRY|EAST LAKE","HENRY|COTTON INDIAN",0.000898
"HENRY|EAST LAKE","HENRY|HICKORY FLAT",0.000311
"HENRY|EAST LAKE","HENRY|MCDONOUGH CENTRAL",9.3e-05
"HENRY|EAST LAKE","HENRY|LAKE HAVEN",7.6e-05
"HENRY|EAST LAKE","HENRY|MCDONOUGH",5e-06
"HENRY|EAST LAKE","HENRY|TIMBERRIDGE",1e-06
"HENRY|ELLENWOOD","HENRY|ELLENWOOD",1
"HENRY|FLIPPEN","HENRY|FLIPPEN",0.997564
"HENRY|FLIPPEN","HENRY|LAKE HAVEN",0.002171
"HENRY|FLIPPEN","HENRY|HICKORY FLAT",0.000247
"HENRY|FLIPPEN","HENRY|STOCKBRIDGE EAST-WEST",1.6e-05
"HENRY|FLIPPEN","HENRY|COTTON INDIAN",2e-06
"HENRY|GROVE PARK","HENRY|GROVE PARK",0.999984
"HENRY|GROVE PARK","HENRY|LOCUST GROVE",1.5e-05
"HENRY|HICKORY FLAT","HENRY|HICKORY FLAT",0.999832
"HENRY|HICKORY FLAT","HENRY|EAST LAKE",8.6e-05
"HENRY|HICKORY FLAT","HENRY|LAKE HAVEN",7.6e-05
"HENRY|HICKORY FLAT","HENRY|FLIPPEN",6e-06
"HENRY|KELLEYTOWN","HENRY|KELLEYTOWN",0.999998
"HENRY|KELLEYTOWN","HENRY|TIMBERRIDGE",1e-06
"HENRY|LAKE DOW","HENRY|LAKE DOW",0.999949
"HENRY|LAKE DOW","HENRY|SHILOH",5e-05
"HENRY|LAKE DOW","HENRY|MCDONOUGH",2e-06
"HENRY|LAKE HAVEN","HENRY|LAKE HAVEN",0.999806
"HENRY|LAKE HAVEN","HENRY|MCDONOUGH CENTRAL",0.000104
"HENRY|LAKE HAVEN","HENRY|EAST LAKE",8.6e-05
"HENRY|LAKE HAVEN","HENRY|DUTCHTOWN",2e-06
"HENRY|LAKE HAVEN","HENRY|HICKORY FLAT",2e-06
"HENRY|LIGHTHOUSE","HENRY|LIGHTHOUSE",0.991384
"HENRY|LIGHTHOUSE","CLAYTON|MORROW 10",0.008519
"HENRY|LIGHTHOUSE","HENRY|STAGECOACH",6.3e-05
"HENRY|LIGHTHOUSE","HENRY|STOCKBRIDGE CENTRAL-MERLE MANDERS",1.6e-05
"HENRY|LIGHTHOUSE","HENRY|SWAN LAKE",1.6e-05
"HENRY|LIGHTHOUSE","CLAYTON|MORROW 6",1e-06
"HENRY|LOCUST GROVE","HENRY|LOCUST GROVE",0.999945
"HENRY|LOCUST GROVE","SPALDING|21",2.4e-05
"HENRY|LOCUST GROVE","HENRY|UNITY GROVE",1.5e-05
"HENRY|LOCUST GROVE","HENRY|LOWES",1.2e-05
"HENRY|LOCUST GROVE","HENRY|GROVE PARK",5e-06
"HENRY|LOWES","HENRY|LOWES",0.999699
"HENRY|LOWES","HENRY|WESTSIDE",0.000122
"HENRY|LOWES","HENRY|UNITY GROVE",8.5e-05
"HENRY|LOWES","HENRY|SOUTH HAMPTON",5.5e-05
"HENRY|LOWES","HENRY|LOCUST GROVE",3.9e-05
"HENRY|MCDONOUGH","HENRY|MCDONOUGH",0.999423
"HENRY|MCDONOUGH","HENRY|EAST LAKE",0.000269
"HENRY|MCDONOUGH","HENRY|LAKE DOW",0.000167
"HENRY|MCDONOUGH","HENRY|MCDONOUGH CENTRAL",8.9e-05
"HENRY|MCDONOUGH","HENRY|SHILOH",5.1e-05
"HENRY|MCDONOUGH CENTRAL","HENRY|MCDONOUGH CENTRAL",0.992981
"HENRY|MCDONOUGH CENTRAL","HENRY|EAST LAKE",0.002788
"HENRY|MCDONOUGH CENTRAL","HENRY|WESLEY LAKES",0.002169
"HENRY|MCDONOUGH CENTRAL","HENRY|LAKE HAVEN",0.001143
"HENRY|MCDONOUGH CENTRAL","HENRY|MCDONOUGH",0.000752
"HENRY|MCDONOUGH CENTRAL","HENRY|SHILOH",0.000146
"HENRY|MCDONOUGH CENTRAL","HENRY|WESTSIDE",2.1e-05
"HENRY|MCMULLEN","HENRY|MCMULLEN",0.999951
"HENRY|MCMULLEN","HENRY|SANDY RIDGE",4.8e-05
"HENRY|MOUNT CARMEL","HENRY|MOUNT CARMEL",0.999487
"HENRY|MOUNT CARMEL","HENRY|DUTCHTOWN",0.000292
"HENRY|MOUNT CARMEL","HENRY|WESLEY LAKES",0.000148
"HENRY|MOUNT CARMEL","HENRY|PATES CREEK",7.2e-05
"HENRY|MT. BETHEL","HENRY|MT. BETHEL",1
"HENRY|NORTH HAMPTON","HENRY|NORTH HAMPTON",0.999996
"HENRY|NORTH HAMPTON","HENRY|SOUTH HAMPTON",3e-06
"HENRY|OAKLAND","HENRY|OAKLAND",0.996167
"HENRY|OAKLAND","HENRY|LOWES",0.00314
"HENRY|OAKLAND","HENRY|SOUTH HAMPTON",0.000523
"HENRY|OAKLAND","HENRY|WESTSIDE",0.000169
"HENRY|PATES CREEK","HENRY|PATES CREEK",0.999314
"HENRY|PATES CREEK","HENRY|FLIPPEN",0.000284
"HENRY|PATES CREEK","HENRY|DUTCHTOWN",0.00025
"HENRY|PATES CREEK","HENRY|STOCKBRIDGE EAST-WEST",0.000147
"HENRY|PATES CREEK","HENRY|MOUNT CARMEL",4e-06
"HENRY|PLEASANT GROVE","HENRY|PLEASANT GROVE",0.999833
"HENRY|PLEASANT GROVE","HENRY|COTTON INDIAN",0.000154
"HENRY|PLEASANT GROVE","ROCKDALE|LO",1.2e-05
"HENRY|RED OAK","HENRY|RED OAK",0.999827
"HENRY|RED OAK","HENRY|STOCKBRIDGE CENTRAL-MERLE MANDERS",0.000172
"HENRY|SANDY RIDGE","HENRY|SANDY RIDGE",0.999877
"HENRY|SANDY RIDGE","HENRY|TUSSAHAW",9.8e-05
"HENRY|SANDY RIDGE","HENRY|MT. BETHEL",2.4e-05
"HENRY|SHAKERAG","HENRY|SHAKERAG",0.999999
"HENRY|SHILOH","HENRY|SHILOH",0.999554
"HENRY|SHILOH","HENRY|UNITY GROVE",0.000262
"HENRY|SHILOH","HENRY|MCDONOUGH",0.000117
"HENRY|SHILOH","HENRY|LAKE DOW",6.5e-05
"HENRY|SHILOH","HENRY|WESTSIDE",1e-06
"HENRY|SOUTH HAMPTON","HENRY|SOUTH HAMPTON",0.999471
"HENRY|SOUTH HAMPTON","HENRY|OAKLAND",0.000492
"HENRY|SOUTH HAMPTON","HENRY|NORTH HAMPTON",3e-05
"HENRY|SOUTH HAMPTON","HENRY|LOWES",7e-06
"HENRY|STAGECOACH","HENRY|STAGECOACH",0.999559
"HENRY|STAGECOACH","HENRY|SWAN LAKE",0.000369
"HENRY|STAGECOACH","HENRY|LIGHTHOUSE",4.5e-05
"HENRY|STAGECOACH","HENRY|STOCKBRIDGE CENTRAL-MERLE MANDERS",1.8e-05
"HENRY|STAGECOACH","HENRY|COTTON INDIAN",7e-06
"HENRY|STAGECOACH","HENRY|STOCKBRIDGE EAST-WEST",2e-06
"HENRY|STOCKBRIDGE CENTRAL","HENRY|STOCKBRIDGE CENTRAL-MERLE MANDERS",0.999888
"HENRY|STOCKBRIDGE CENTRAL","HENRY|RED OAK",9.5e-05
"HENRY|STOCKBRIDGE CENTRAL","HENRY|STAGECOACH",1.1e-05
"HENRY|STOCKBRIDGE CENTRAL","HENRY|STOCKBRIDGE EAST-WEST",3e-06
"HENRY|STOCKBRIDGE CENTRAL","HENRY|LIGHTHOUSE",3e-06
"HENRY|STOCKBRIDGE EAST-WEST","HENRY|STOCKBRIDGE EAST-WEST",0.999906
"HENRY|STOCKBRIDGE EAST-WEST","HENRY|STOCKBRIDGE CENTRAL-MERLE MANDERS",5.9e-05
"HENRY|STOCKBRIDGE EAST-WEST","HENRY|FLIPPEN",1.8e-05
"HENRY|STOCKBRIDGE EAST-WEST","HENRY|STAGECOACH",1.3e-05
"HENRY|STOCKBRIDGE EAST-WEST","HENRY|COTTON INDIAN",2e-06
"HENRY|SWAN LAKE","HENRY|SWAN LAKE",0.999185
"HENRY|SWAN LAKE","HENRY|PLEASANT GROVE",0.000541
"HENRY|SWAN LAKE","HENRY|COTTON INDIAN",0.000207
"HENRY|SWAN LAKE","HENRY|STAGECOACH",6.5e-05
"HENRY|SWAN LAKE","HENRY|LIGHTHOUSE",2e-06
"HENRY|TIMBERRIDGE","HENRY|TIMBERRIDGE",1
"HENRY|TUSSAHAW","HENRY|TUSSAHAW",0.999817
"HENRY|TUSSAHAW","HENRY|SANDY RIDGE",0.000135
"HENRY|TUSSAHAW","HENRY|LAKE DOW",4.8e-05
"HENRY|UNITY GROVE","HENRY|UNITY GROVE",0.999319
"HENRY|UNITY GROVE","HENRY|GROVE PARK",0.000344
"HENRY|UNITY GROVE","HENRY|SHILOH",0.000312
"HENRY|UNITY GROVE","HENRY|LOCUST GROVE",1.9e-05
"HENRY|UNITY GROVE","HENRY|LOWES",7e-06
"HENRY|WESLEY LAKES","HENRY|WESLEY LAKES",0.999988
"HENRY|WESLEY LAKES","HENRY|WESTSIDE",8e-06
"HENRY|WESLEY LAKES","HENRY|MCDONOUGH CENTRAL",4e-06
"HENRY|WESTSIDE","HENRY|WESTSIDE",0.999924
"HENRY|WESTSIDE","HENRY|WESLEY LAKES",6.8e-05
"HENRY|WESTSIDE","HENRY|OAKLAND",8e-06
"HOUSTON|ANNX","HOUSTON|ANNX",0.998961
"HOUSTON|ANNX","HOUSTON|TMS",0.000529
"HOUSTON|ANNX","HOUSTON|TWPK",0.000509
"HOUSTON|BMS","HOUSTON|BMS",0.999973
"HOUSTON|BMS","HOUSTON|WELLSTON CENTER",1.9e-05
"HOUSTON|BMS","HOUSTON|VHS",7e-06
"HOUSTON|CENT","HOUSTON|CENT",0.999617
"HOUSTON|CENT","HOUSTON|HHPC",0.000379
"HOUSTON|CENT","HOUSTON|NORTH HOUSTON SPORT COMPLEX",3e-06
"HOUSTON|CGTC","HOUSTON|CGTC",0.99943
"HOUSTON|CGTC","HOUSTON|MCMS",0.000569
"HOUSTON|FMMS","HOUSTON|FMMS",0.999821
"HOUSTON|FMMS","HOUSTON|ANNX",0.000102
"HOUSTON|FMMS","HOUSTON|TWPK",7.5e-05
"HOUSTON|HAFS","HOUSTON|HAFS",0.999999
"HOUSTON|HCTC","HOUSTON|VFW",0.998922
"HOUSTON|HCTC","HOUSTON|ANNX",0.000999
"HOUSTON|HCTC","HOUSTON|TMS",7.8e-05
"HOUSTON|HEFS","HOUSTON|HEFS",0.999996
"HOUSTON|HEFS","HOUSTON|PEC",4e-06
"HOUSTON|HHPC","HOUSTON|HHPC",0.999927
"HOUSTON|HHPC","HOUSTON|WELLSTON CENTER",7.2e-05
"HOUSTON|MCMS","HOUSTON|MCMS",0.999302
"HOUSTON|MCMS","HOUSTON|FMMS",0.000691
"HOUSTON|MCMS","HOUSTON|PEC",6e-06
"HOUSTON|NSES","HOUSTON|NORTH HOUSTON SPORT COMPLEX",0.997399
"HOUSTON|NSES","PEACH|BYRON #2",0.001178
"HOUSTON|NSES","PEACH|BYRON #1",0.000693
"HOUSTON|NSES","HOUSTON|CENT",0.000593
"HOUSTON|NSES","HOUSTON|WELLSTON CENTER",0.000137
"HOUSTON|RECR","HOUSTON|WELLSTON CENTER",0.99965
"HOUSTON|RECR","HOUSTON|HHPC",0.000162
"HOUSTON|RECR","HOUSTON|BMS",0.000108
"HOUSTON|RECR","HOUSTON|NORTH HOUSTON SPORT COMPLEX",8e-05
"HOUSTON|ROZR","HOUSTON|PEC",0.555529
"HOUSTON|ROZR","HOUSTON|ROZR",0.444468
"HOUSTON|ROZR","HOUSTON|HEFS",2e-06
"HOUSTON|TMS","HOUSTON|TMS",0.999805
"HOUSTON|TMS","HOUSTON|CENT",0.000133
"HOUSTON|TMS","HOUSTON|ANNX",6.1e-05
"HOUSTON|TWPK","HOUSTON|TWPK",0.999932
"HOUSTON|TWPK","HOUSTON|ANNX",5.8e-05
"HOUSTON|TWPK","HOUSTON|VFW",8e-06
"HOUSTON|TWPK","HOUSTON|FMMS",1e-06
"HOUSTON|VHS","HOUSTON|VHS",0.999977
"HOUSTON|VHS","HOUSTON|CGTC",1.9e-05
"HOUSTON|VHS","HOUSTON|BMS",4e-06
"IRWIN|HOLT","IRWIN|OCILLA",1
"IRWIN|IRWINVILLE","IRWIN|IRWINVILLE",0.999996
"IRWIN|IRWINVILLE","IRWIN|OCILLA",4e-06
"IRWIN|OCILLA","IRWIN|OCILLA",1
"JACKSON|CENTRAL JACKSON","JACKSON|CENTRAL JACKSON",0.99995
"JACKSON|CENTRAL JACKSON","JACKSON|WEST JACKSON",4.1e-05
"JACKSON|CENTRAL JACKSON","JACKSON|SOUTH JACKSON",7e-06
"JACKSON|CENTRAL JACKSON","JACKSON|NORTH JACKSON",2e-06
"JACKSON|NORTH JACKSON","JACKSON|NORTH JACKSON",0.999187
"JACKSON|NORTH JACKSON","BANKS|ANDERSON",0.000334
"JACKSON|NORTH JACKSON","BANKS|BUSHVILLE",0.000278
"JACKSON|NORTH JACKSON","JACKSON|SOUTH JACKSON",0.000125
"JACKSON|NORTH JACKSON","BANKS|DAVIDS",5.6e-05
"JACKSON|NORTH JACKSON","JACKSON|CENTRAL JACKSON",1.6e-05
"JACKSON|NORTH JACKSON","HALL|GILLSVILLE",3e-06
"JACKSON|SOUTH JACKSON","JACKSON|SOUTH JACKSON",0.999908
"JACKSON|SOUTH JACKSON","JACKSON|NORTH JACKSON",9.1e-05
"JACKSON|WEST JACKSON","JACKSON|WEST JACKSON",1
"JASPER|MARTIN - BURNEY","JASPER|MARTIN & BURNEY",0.999887
"JASPER|MARTIN - BURNEY","JASPER|MONTICELLO",0.000111
"JASPER|MARTIN - BURNEY","JASPER|WYATT",1e-06
"JASPER|MONTICELLO","JASPER|MONTICELLO",1
"JASPER|WYATT","JASPER|WYATT",0.999968
"JASPER|WYATT","JASPER|MONTICELLO",3e-05
"JEFF DAVIS|ALTAMAHA 1","JEFF DAVIS|ALTAMAHA 1",1
"JEFF DAVIS|ALTAMAHA 2","JEFF DAVIS|ALTAMAHA 2",1
"JEFF DAVIS|BLACKBURN 1","JEFF DAVIS|BLACKBURN 1",1
"JEFF DAVIS|BLACKBURN 2","JEFF DAVIS|BLACKBURN 2",1
"JEFF DAVIS|HAZLEHURST","JEFF DAVIS|HAZLEHURST",1
"JEFF DAVIS|OCMULGEE 1","JEFF DAVIS|OCMULGEE 1",1
"JEFF DAVIS|OCMULGEE 2","JEFF DAVIS|OCMULGEE 2",1
"JEFF DAVIS|WHITEHEAD 1","JEFF DAVIS|WHITEHEAD 1",1
"JEFF DAVIS|WHITEHEAD 2","JEFF DAVIS|WHITEHEAD 2",1
"JEFFERSON|AVERA","JEFFERSON|AVERA",0.99853
"JEFFERSON|AVERA","JEFFERSON|STAPLETON CROSSROADS",0.00147
"JEFFERSON|BARTOW","JEFFERSON|BARTOW",1
"JEFFERSON|LOUISVILLE","JEFFERSON|LOUISVILLE",0.999946
"JEFFERSON|LOUISVILLE","JEFFERSON|WADLEY",5.2e-05
"JEFFERSON|LOUISVILLE","JEFFERSON|STAPLETON CROSSROADS",2e-06
"JEFFERSON|MATTHEWS","JEFFERSON|MATTHEWS",1
"JEFFERSON|STAPLETON","JEFFERSON|STAPLETON",0.999366
"JEFFERSON|STAPLETON","JEFFERSON|STAPLETON CROSSROADS",0.000612
"JEFFERSON|STAPLETON","JEFFERSON|WRENS",1.7e-05
"JEFFERSON|STAPLETON","GLASCOCK|MILL",5e-06
"JEFFERSON|STAPLETON CROSSROADS","JEFFERSON|STAPLETON CROSSROADS",0.998533
"JEFFERSON|STAPLETON CROSSROADS","JEFFERSON|AVERA",0.001195
"JEFFERSON|STAPLETON CROSSROADS","JEFFERSON|STAPLETON",0.000214
"JEFFERSON|STAPLETON CROSSROADS","JEFFERSON|LOUISVILLE",5.8e-05
"JEFFERSON|WADLEY","JEFFERSON|WADLEY",0.999987
"JEFFERSON|WADLEY","JEFFERSON|LOUISVILLE",1.3e-05
"JEFFERSON|WRENS","JEFFERSON|WRENS",1
"JENKINS|COURT HOUSE","JENKINS|COURT HOUSE",0.745854
"JENKINS|COURT HOUSE","JENKINS|PRIMARY SCHOOL",0.254146
"JENKINS|FOUR POINTS","JENKINS|FOUR POINTS",0.820307
"JENKINS|FOUR POINTS","JENKINS|PERKINS",0.179575
"JENKINS|FOUR POINTS","JENKINS|SENIOR CITIZENS CENTER",0.000118
"JENKINS|PERKINS","JENKINS|PERKINS",0.8593
"JENKINS|PERKINS","JENKINS|SENIOR CITIZENS CENTER",0.074298
"JENKINS|PERKINS","JENKINS|PRIMARY SCHOOL",0.063385
"JENKINS|PERKINS","JENKINS|COURT HOUSE",0.003017
"JENKINS|PRIMARY SCHOOL","JENKINS|PRIMARY SCHOOL",1
"JENKINS|SENIOR CITIZENS CENTER","JENKINS|SENIOR CITIZENS CENTER",0.994244
"JENKINS|SENIOR CITIZENS CENTER","JENKINS|COURT HOUSE",0.005655
"JENKINS|SENIOR CITIZENS CENTER","JENKINS|FOUR POINTS",0.000101
"JOHNSON|BRAY","JOHNSON|BRAY",1
"JOHNSON|KITE","JOHNSON|KITE",0.999928
"JOHNSON|KITE","JOHNSON|WRIGHTSVILLE",7.2e-05
"JOHNSON|SMITH","JOHNSON|SMITH",1
"JOHNSON|WRIGHTSVILLE","JOHNSON|WRIGHTSVILLE",0.999984
"JOHNSON|WRIGHTSVILLE","JOHNSON|KITE",1.6e-05
"JONES|BARRON","JONES|BARRON",1
"JONES|CLINTON","JONES|CLINTON",0.998377
"JONES|CLINTON","JONES|ETHRIDGE",0.001469
"JONES|CLINTON","JONES|HAWKINS",0.000154
"JONES|DAVIDSON","JONES|DAVIDSON",0.999999
"JONES|ETHRIDGE","JONES|ETHRIDGE",0.984697
"JONES|ETHRIDGE","JONES|CLINTON",0.012282
"JONES|ETHRIDGE","JONES|GRAY",0.003021
"JONES|FINNEY","JONES|FINNEY",0.999947
"JONES|FINNEY","JONES|BARRON",5.3e-05
"JONES|GRAY","JONES|GRAY",0.996681
"JONES|GRAY","JONES|ETHRIDGE",0.003318
"JONES|HAWKINS","JONES|ROBERTS",1
"JONES|POPE","JONES|POPE",1
"JONES|ROBERTS","JONES|HAWKINS",1
"JONES|SANDERS","JONES|SANDERS",1
"LAMAR|BARNESVILLE","LAMAR|BARNESVILLE",0.996398
"LAMAR|BARNESVILLE","LAMAR|1712ABC",0.003137
"LAMAR|BARNESVILLE","LAMAR|L C S C",0.000462
"LAMAR|BARNESVILLE","LAMAR|MILNER",3e-06
"LAMAR|CHAPPELL MILL V. FD","LAMAR|1712ABC",1
"LAMAR|L C S C","LAMAR|L C S C",0.999546
"LAMAR|L C S C","LAMAR|1712ABC",0.000415
"LAMAR|L C S C","LAMAR|BARNESVILLE",3.9e-05
"LAMAR|MILNER","LAMAR|MILNER",1
"LAMAR|REDBONE","LAMAR|1712ABC",1
"LAMAR|SENIOR CITIZEN BLDG","LAMAR|1712ABC",0.999652
"LAMAR|SENIOR CITIZEN BLDG","LAMAR|L C S C",0.000212
"LAMAR|SENIOR CITIZEN BLDG","LAMAR|BARNESVILLE",0.000135
"LANIER|LAKELAND","LANIER|LAKELAND",1
"LAURENS|BREWTON","LAURENS|BREWTON",1
"LAURENS|BUCKEYE","LAURENS|BUCKEYE",0.999995
"LAURENS|BUCKEYE","LAURENS|W T ADAMS FIRE STA #18",3e-06
"LAURENS|BUCKEYE","LAURENS|FIRE DEPT STA #5",1e-06
"LAURENS|BURCH","LAURENS|BURCH",0.999919
"LAURENS|BURCH","LAURENS|RURAL FIRE STA #17",3.4e-05
"LAURENS|BURCH","LAURENS|REEDY SPRINGS",3.3e-05
"LAURENS|BURCH","LAURENS|CADWELL",1.5e-05
"LAURENS|CADWELL","LAURENS|CADWELL",0.999924
"LAURENS|CADWELL","LAURENS|REEDY SPRINGS",7.6e-05
"LAURENS|CALHOUN PARK","LAURENS|CALHOUN PARK",0.995031
"LAURENS|CALHOUN PARK","LAURENS|SMITH",0.003849
"LAURENS|CALHOUN PARK","LAURENS|LCFS #10 (VALAMBROSIA)",0.001106
"LAURENS|CALHOUN PARK","LAURENS|FBC - FLC",1.4e-05
"LAURENS|DUDLEY","LAURENS|DUDLEY",1
"LAURENS|FBC - FLC","LAURENS|FBC - FLC",0.999988
"LAURENS|FBC - FLC","LAURENS|FIRE DEPT STA #5",6e-06
"LAURENS|FBC - FLC","LAURENS|CALHOUN PARK",5e-06
"LAURENS|FIRE DEPT STA #5","LAURENS|FIRE DEPT STA #5",0.999935
"LAURENS|FIRE DEPT STA #5","LAURENS|W T ADAMS FIRE STA #18",6.5e-05
"LAURENS|HAMPTON MILL","LAURENS|HAMPTON MILL",0.999996
"LAURENS|HAMPTON MILL","LAURENS|CADWELL",3e-06
"LAURENS|HARVARD","LAURENS|DUDLEY",1
"LAURENS|LCFS #10 (VALAMBROSIA)","LAURENS|LCFS #10 (VALAMBROSIA)",0.998863
"LAURENS|LCFS #10 (VALAMBROSIA)","LAURENS|SMITH",0.000734
"LAURENS|LCFS #10 (VALAMBROSIA)","LAURENS|CALHOUN PARK",0.000201
"LAURENS|LCFS #10 (VALAMBROSIA)","LAURENS|MINTER",0.000201
"LAURENS|MINTER","LAURENS|MINTER",0.999853
"LAURENS|MINTER","LAURENS|RURAL FIRE STA #17",8.6e-05
"LAURENS|MINTER","LAURENS|LCFS #10 (VALAMBROSIA)",6.1e-05
"LAURENS|REEDY SPRINGS","LAURENS|REEDY SPRINGS",0.999729
"LAURENS|REEDY SPRINGS","LAURENS|RURAL FIRE STA #17",0.00024
"LAURENS|REEDY SPRINGS","LAURENS|CADWELL",3.1e-05
"LAURENS|RURAL FIRE STA #17","LAURENS|RURAL FIRE STA #17",0.999766
"LAURENS|RURAL FIRE STA #17","LAURENS|MINTER",0.000233
"LAURENS|SMITH","LAURENS|SMITH",0.99963
"LAURENS|SMITH","LAURENS|LCFS #10 (VALAMBROSIA)",0.000311
"LAURENS|SMITH","LAURENS|FIRE DEPT STA #5",5.9e-05
"LAURENS|W T ADAMS FIRE STA #18","LAURENS|W T ADAMS FIRE STA #18",0.999927
"LAURENS|W T ADAMS FIRE STA #18","LAURENS|BUCKEYE",6.3e-05
"LAURENS|W T ADAMS FIRE STA #18","LAURENS|FIRE DEPT STA #5",9e-06
"LEE|#1 CHOKEE","LEE|#1 CHOKEE",0.999973
"LEE|#1 CHOKEE","LEE|#10 REDBONE",2.7e-05
"LEE|#10 REDBONE","LEE|#10 REDBONE",1
"LEE|#2 SMITHVILLE","LEE|#2 SMITHVILLE",1
"LEE|#3 CJC","LEE|#3 CJC",1
"LEE|#4 LEESBURG","LEE|#4 LEESBURG",0.99946
"LEE|#4 LEESBURG","LEE|#5 FRIENDSHIP BAPT.",0.000301
"LEE|#4 LEESBURG","LEE|#9 CENTURY FIRE STAT",0.000239
"LEE|#5 FRIENDSHIP BAPT.","LEE|#5 FRIENDSHIP BAPT.",0.999618
"LEE|#5 FRIENDSHIP BAPT.","LEE|#4 LEESBURG",0.000382
"LEE|#6 FIRST BAPTIST","LEE|#6 FIRST BAPTIST",0.999998
"LEE|#6 FIRST BAPTIST","DOUGHERTY|CHRIST METHODIST CHURCH",1e-06
"LEE|#7 SDA CHURCH","LEE|#7 SDA CHURCH",0.999991
"LEE|#7 SDA CHURCH","LEE|#6 FIRST BAPTIST",6e-06
"LEE|#7 SDA CHURCH","DOUGHERTY|SHERWOOD ELEMENTARY SCHOOL",3e-06
"LEE|#8 FLINT REFORMED BAPTIST","LEE|#8 FLINT REFORMED BAPTIST",0.999997
"LEE|#8 FLINT REFORMED BAPTIST","LEE|#9 CENTURY FIRE STAT",3e-06
"LEE|#9 CENTURY FIRE STAT","LEE|#9 CENTURY FIRE STAT",0.999987
"LEE|#9 CENTURY FIRE STAT","LEE|#8 FLINT REFORMED BAPTIST",8e-06
"LEE|#9 CENTURY FIRE STAT","LEE|#4 LEESBURG",5e-06
"LIBERTY|BUTTON GWINNETT","LIBERTY|GUM BRANCH",0.545764
"LIBERTY|BUTTON GWINNETT","LIBERTY|PERFORMING ARTS CENTER (PAC)",0.441707
"LIBERTY|BUTTON GWINNETT","LIBERTY|MEMORIAL DRIVE EAST",0.012526
"LIBERTY|BUTTON GWINNETT","LIBERTY|PROGRESSIVE CHURCH",1e-06
"LIBERTY|FLEMING EAST","LIBERTY|FLEMING EAST",0.654909
"LIBERTY|FLEMING EAST","LIBERTY|LIBERTY CO COMPLEX",0.345071
"LIBERTY|FLEMING EAST","LIBERTY|PERFORMING ARTS CENTER (PAC)",1.9e-05
"LIBERTY|FLEMING WEST","LIBERTY|PERFORMING ARTS CENTER (PAC)",0.993998
"LIBERTY|FLEMING WEST","LIBERTY|FLEMING EAST",0.006
"LIBERTY|FLEMING WEST","LIBERTY|LIBERTY CO COMPLEX",2e-06
"LIBERTY|GUM BRANCH","LIBERTY|GUM BRANCH",0.999901
"LIBERTY|GUM BRANCH","LIBERTY|VICTORY BAPTIST",6.5e-05
"LIBERTY|GUM BRANCH","LIBERTY|PROGRESSIVE CHURCH",3.3e-05
"LIBERTY|HINESVILLE","LIBERTY|HINESVILLE",0.928914
"LIBERTY|HINESVILLE","LIBERTY|MEMORIAL DRIVE EAST",0.068448
"LIBERTY|HINESVILLE","LIBERTY|PERFORMING ARTS CENTER (PAC)",0.002638
"LIBERTY|HINESVILLE LODGE 271","LIBERTY|PROGRESSIVE CHURCH",0.973457
"LIBERTY|HINESVILLE LODGE 271","LIBERTY|MEMORIAL DRIVE EAST",0.016444
"LIBERTY|HINESVILLE LODGE 271","LIBERTY|GUM BRANCH",0.010089
"LIBERTY|HINESVILLE LODGE 271","LIBERTY|LYMAN HALL SCHOOL",1e-05
"LIBERTY|LEWIS FRASIER SCHOOL","LIBERTY|PERFORMING ARTS CENTER (PAC)",0.487584
"LIBERTY|LEWIS FRASIER SCHOOL","LIBERTY|LEWIS FRASIER SCHOOL",0.336929
"LIBERTY|LEWIS FRASIER SCHOOL","LIBERTY|HINESVILLE",0.154833
"LIBERTY|LEWIS FRASIER SCHOOL","LIBERTY|MEMORIAL DRIVE EAST",0.020632
"LIBERTY|LEWIS FRASIER SCHOOL","LIBERTY|TOWN OF ALLENHURST",2.1e-05
"LIBERTY|LIBERTY COUNTY COMPLEX","LIBERTY|LIBERTY CO COMPLEX",0.940197
"LIBERTY|LIBERTY COUNTY COMPLEX","LIBERTY|FLEMING EAST",0.057219
"LIBERTY|LIBERTY COUNTY COMPLEX","LIBERTY|PERFORMING ARTS CENTER (PAC)",0.002564
"LIBERTY|LIBERTY COUNTY COMPLEX","LIBERTY|RICEBORO YOUTH CENTER",2e-05
"LIBERTY|LYMAN HALL SCHOOL","LIBERTY|LYMAN HALL SCHOOL",0.988727
"LIBERTY|LYMAN HALL SCHOOL","LIBERTY|MEMORIAL DRIVE EAST",0.011273
"LIBERTY|MEMORIAL DR. EAST","LIBERTY|MEMORIAL DRIVE EAST",0.531726
"LIBERTY|MEMORIAL DR. EAST","LIBERTY|LEWIS FRASIER SCHOOL",0.387852
"LIBERTY|MEMORIAL DR. EAST","LIBERTY|PROGRESSIVE CHURCH",0.054824
"LIBERTY|MEMORIAL DR. EAST","LIBERTY|HINESVILLE",0.025236
"LIBERTY|MEMORIAL DR. EAST","LIBERTY|TOWN OF ALLENHURST",0.00036
"LIBERTY|MEMORIAL DR. EAST","LIBERTY|LYMAN HALL SCHOOL",2e-06
"LIBERTY|RICEBORO YOUTH CENTER","LIBERTY|RICEBORO YOUTH CENTER",0.803332
"LIBERTY|RICEBORO YOUTH CENTER","LIBERTY|LIBERTY CO COMPLEX",0.188431
"LIBERTY|RICEBORO YOUTH CENTER","LIBERTY|VICTORY BAPTIST",0.008238
"LIBERTY|TOWN OF ALLENHURST","LIBERTY|VICTORY BAPTIST",0.557855
"LIBERTY|TOWN OF ALLENHURST","LIBERTY|PERFORMING ARTS CENTER (PAC)",0.277574
"LIBERTY|TOWN OF ALLENHURST","LIBERTY|TOWN OF ALLENHURST",0.162375
"LIBERTY|TOWN OF ALLENHURST","LIBERTY|LEWIS FRASIER SCHOOL",0.001618
"LIBERTY|TOWN OF ALLENHURST","LIBERTY|LYMAN HALL SCHOOL",0.000409
"LIBERTY|TOWN OF ALLENHURST","LIBERTY|RICEBORO YOUTH CENTER",0.000169
"LIBERTY|WALTHOURVILLE","LIBERTY|VICTORY BAPTIST",0.959806
"LIBERTY|WALTHOURVILLE","LIBERTY|LYMAN HALL SCHOOL",0.016873
"LIBERTY|WALTHOURVILLE","LIBERTY|TOWN OF ALLENHURST",0.014689
"LIBERTY|WALTHOURVILLE","LIBERTY|GUM BRANCH",0.008631
"LINCOLN|BETHANY CHURCH","LINCOLN|BETHANY CHURCH",1
"LINCOLN|FAITH TEMPLE OF LINC","LINCOLN|FAITH TEMPLE OF LINC",0.999998
"LINCOLN|FAITH TEMPLE OF LINC","MCDUFFIE|NORTH MCDUFFIE",2e-06
"LINCOLN|LINCOLN CENTER","LINCOLN|LINCOLN CENTER",0.99973
"LINCOLN|LINCOLN CENTER","LINCOLN|TABERNACLE",0.00027
"LINCOLN|LINCOLN CLUB HOUSE","LINCOLN|LINCOLN CLUB HOUSE",1
"LINCOLN|MARTINS CROSSROAD","LINCOLN|MARTINS CROSSROAD",1
"LINCOLN|MIDWAY","LINCOLN|MIDWAY",1
"LINCOLN|TABERNACLE","LINCOLN|TABERNACLE",0.999754
"LINCOLN|TABERNACLE","LINCOLN|LINCOLN CENTER",0.000246
"LONG|ALMA FLOURNOY","LONG|ALMA FLOURNOY",0.999954
"LONG|ALMA FLOURNOY","LONG|FAITH BAPTIST ANNEX",3.2e-05
"LONG|ALMA FLOURNOY","WAYNE|ALTAMAHA",1.3e-05
"LONG|BEARDS CREEK","LONG|BEARDS CREEK",1
"LONG|FAITH BAPTIST ANNEX","LONG|FAITH BAPTIST ANNEX",0.999782
"LONG|FAITH BAPTIST ANNEX","LONG|SOUTH LUDOWICI",0.000188
"LONG|FAITH BAPTIST ANNEX","LONG|ALMA FLOURNOY",2.7e-05
"LONG|FAITH BAPTIST ANNEX","WAYNE|ALTAMAHA",4e-06
"LONG|NORTH LUDOWICI","LONG|NORTH LUDOWICI",0.999994
"LONG|NORTH LUDOWICI","LONG|SOUTH LUDOWICI",6e-06
"LONG|RYE PATCH/OAK DALE","LONG|RYE PATCH/OAK DALE",0.999996
"LONG|RYE PATCH/OAK DALE","LIBERTY|GUM BRANCH",4e-06
"LONG|SOUTH LUDOWICI","LONG|SOUTH LUDOWICI",0.99988
"LONG|SOUTH LUDOWICI","LONG|FAITH BAPTIST ANNEX",0.000116
"LONG|SOUTH LUDOWICI","LONG|NORTH LUDOWICI",3e-06
"LONG|TIBET","LONG|TIBET",1
"LOWNDES|CLYATTVILLE","LOWNDES|RAINWATER",0.469885
"LOWNDES|CLYATTVILLE","LOWNDES|CLYAT COMM CTR",0.41239
"LOWNDES|CLYATTVILLE","LOWNDES|S LOWNDES",0.085497
"LOWNDES|CLYATTVILLE","LOWNDES|LAKE PARK",0.032228
"LOWNDES|DASHER","LOWNDES|LOWNDES CIVIC",0.489338
"LOWNDES|DASHER","LOWNDES|DASHER",0.349716
"LOWNDES|DASHER","LOWNDES|LAKE PARK",0.15753
"LOWNDES|DASHER","LOWNDES|RAINWATER",0.003416
"LOWNDES|HAHIRA TRAIN DEPOT","LOWNDES|TRAIN DEPOT",0.483226
"LOWNDES|HAHIRA TRAIN DEPOT","LOWNDES|HISTORICAL SOC",0.31997
"LOWNDES|HAHIRA TRAIN DEPOT","LOWNDES|HAH COMM",0.178526
"LOWNDES|HAHIRA TRAIN DEPOT","LOWNDES|RAINWATER",0.015839
"LOWNDES|HAHIRA TRAIN DEPOT","LOWNDES|TRINITY",0.002437
"LOWNDES|JAYCEE SHACK","LOWNDES|LOWNDES CIVIC",0.40625
"LOWNDES|JAYCEE SHACK","LOWNDES|NEW JERUSALEM",0.332887
"LOWNDES|JAYCEE SHACK","LOWNDES|JAYCEE",0.260863
"LOWNDES|MILDRED","LOWNDES|RAINWATER",0.437481
"LOWNDES|MILDRED","LOWNDES|LOWNDES CIVIC",0.409163
"LOWNDES|MILDRED","LOWNDES|MILDRED",0.153247
"LOWNDES|MILDRED","LOWNDES|MT CALVARY",0.000109
"LOWNDES|MT CALVARY","LOWNDES|LOWNDES CIVIC",0.942978
"LOWNDES|MT CALVARY","LOWNDES|MT CALVARY",0.05684
"LOWNDES|MT CALVARY","LOWNDES|MILDRED",0.000182
"LOWNDES|NAYLOR","LOWNDES|NAYLOR",1
"LOWNDES|NORTHGATE ASSEMBLY","LOWNDES|PINE GROVE",0.987183
"LOWNDES|NORTHGATE ASSEMBLY","LOWNDES|JAYCEE",0.012817
"LOWNDES|NORTHSIDE","LOWNDES|RAINWATER",0.519048
"LOWNDES|NORTHSIDE","LOWNDES|ELECTIONS OFFICE",0.292801
"LOWNDES|NORTHSIDE","LOWNDES|NEW JERUSALEM",0.088499
"LOWNDES|NORTHSIDE","LOWNDES|MT CALVARY",0.085284
"LOWNDES|NORTHSIDE","LOWNDES|TRINITY",0.014368
"LOWNDES|RAINWATER","LOWNDES|RAINWATER",0.999909
"LOWNDES|RAINWATER","LOWNDES|MT CALVARY",8.5e-05
"LOWNDES|RAINWATER","LOWNDES|ELECTIONS OFFICE",4e-06
"LOWNDES|RAINWATER","LOWNDES|DASHER",1e-06
"LOWNDES|S LOWNDES","LOWNDES|S LOWNDES",0.67126
"LOWNDES|S LOWNDES","LOWNDES|LAKE PARK",0.328739
"LOWNDES|TRINITY","LOWNDES|TRINITY",0.453042
"LOWNDES|TRINITY","LOWNDES|JAYCEE",0.312008
"LOWNDES|TRINITY","LOWNDES|RAINWATER",0.126124
"LOWNDES|TRINITY","LOWNDES|HAH COMM",0.052073
"LOWNDES|TRINITY","LOWNDES|NEW JERUSALEM",0.041768
"LOWNDES|TRINITY","LOWNDES|PINE GROVE",0.014985
"LOWNDES|VSU UC # 2","LOWNDES|VSU",1
"LUMPKIN|DAHLONEGA","LUMPKIN|DAHLONEGA",1
"MACON|IDEAL","MACON|IDEAL",0.99998
"MACON|IDEAL","MACON|MONTEZUMA #4",7e-06
"MACON|IDEAL","MACON|MARSHALLVILLE",7e-06
"MACON|IDEAL","MACON|OGLETHORPE",6e-06
"MACON|MARSHALLVILLE","MACON|MARSHALLVILLE",1
"MACON|MONTEZUMA #4","MACON|MONTEZUMA #4",0.99828
"MACON|MONTEZUMA #4","MACON|MONTEZUMA #5",0.00172
"MACON|MONTEZUMA #5","MACON|MONTEZUMA #5",0.999676
"MACON|MONTEZUMA #5","MACON|MONTEZUMA #4",0.000175
"MACON|MONTEZUMA #5","SUMTER|ANDERSONVILLE",0.000145
"MACON|MONTEZUMA #5","DOOLY|BYROMVILLE",4e-06
"MACON|OGLETHORPE","MACON|OGLETHORPE",1
"MADISON|COLBERT","MADISON|COLBERT",1
"MADISON|COLLINS","MADISON|COLLINS",0.999998
"MADISON|COLLINS","MADISON|DANIELSVILLE",2e-06
"MADISON|COMER","MADISON|COMER",1
"MADISON|DANIELSVILLE","MADISON|DANIELSVILLE",0.999991
"MADISON|DANIELSVILLE","MADISON|COLLINS",8e-06
"MADISON|FORK","MADISON|FORK",0.999998
"MADISON|FORK","ELBERT|WEBBSBORO",2e-06
"MADISON|HARRISON","MADISON|HARRISON",1
"MADISON|HULL","MADISON|HULL",0.999987
"MADISON|HULL","MADISON|DANIELSVILLE",1.1e-05
"MADISON|HULL","MADISON|COLBERT",2e-06
"MADISON|ILA","MADISON|ILA",0.998952
"MADISON|ILA","BANKS|DAVIDS",0.001048
"MADISON|MILL","MADISON|MILL",1
"MADISON|PAOLI","MADISON|PAOLI",1
"MADISON|PITTMAN","MADISON|PITTMAN",0.999999
"MADISON|PITTMAN","MADISON|DANIELSVILLE",1e-06
"MADISON|POCA","MADISON|POCA",1
"MARION|BRANTLEY","MARION|BRANTLEY",0.999991
"MARION|BRANTLEY","MARION|BUENA VISTA",9e-06
"MARION|BUENA VISTA","MARION|BUENA VISTA",0.99843
"MARION|BUENA VISTA","WEBSTER|PRESTON 1",0.00155
"MARION|BUENA VISTA","MARION|BRANTLEY",2e-05
"MARION|FORT PERRY","MARION|FORT PERRY",1
"MARION|PINEKNOT","MARION|PINEKNOT",1
"MARION|TAZEWELL","MARION|TAZEWELL",1
"MCDUFFIE|131","MCDUFFIE|CEDAR ROCK",1
"MCDUFFIE|132","MCDUFFIE|NORTH MCDUFFIE",0.999045
"MCDUFFIE|132","COLUMBIA|KIOKEE BAPTIST CHURCH",0.000955
"MCDUFFIE|133A","MCDUFFIE|FORT CREEK",1
"MCDUFFIE|133B","MCDUFFIE|DEARING",0.999475
"MCDUFFIE|133B","COLUMBIA|SECOND MOUNT MORIAH BAPTIST CHURCH",0.000419
"MCDUFFIE|133B","MCDUFFIE|FORT CREEK",0.000105
"MCDUFFIE|134","MCDUFFIE|CEDAR ROCK",0.999999
"MCDUFFIE|135","MCDUFFIE|SWEETWATER",0.99993
"MCDUFFIE|135","MCDUFFIE|DEPOT",7e-05
"MCDUFFIE|136","MCDUFFIE|DEPOT",0.99993
"MCDUFFIE|136","MCDUFFIE|SWEETWATER",7e-05
"MCDUFFIE|137","MCDUFFIE|WHITE OAK",0.976039
"MCDUFFIE|137","MCDUFFIE|DEPOT",0.02396
"MCDUFFIE|139","MCDUFFIE|WHITE OAK",1
"MCINTOSH|CRESCENT","MCINTOSH|CRESCENT",0.999999
"MCINTOSH|DARIEN","MCINTOSH|DARIEN",0.999936
"MCINTOSH|DARIEN","GLYNN|NGLY",3.2e-05
"MCINTOSH|DARIEN","MCINTOSH|NORTH DARIEN",2.3e-05
"MCINTOSH|DARIEN","MCINTOSH|CRESCENT",8e-06
"MCINTOSH|NORTH DARIEN","MCINTOSH|NORTH DARIEN",0.999998
"MCINTOSH|NORTH DARIEN","MCINTOSH|DARIEN",1e-06
"MCINTOSH|SAPELO ISLAND","MCINTOSH|SAPELO ISLAND",1
"MCINTOSH|SOUTH NEWPORT","MCINTOSH|SOUTH NEWPORT",1
"MCINTOSH|TOWNSEND","MCINTOSH|DARIEN",0.624516
"MCINTOSH|TOWNSEND","MCINTOSH|SOUTH NEWPORT",0.375482
"MCINTOSH|TOWNSEND","MCINTOSH|CRESCENT",2e-06
"MERIWETHER|2ND-WARM SPRINGS","MERIWETHER|2ND-WARM SPRINGS",0.999954
"MERIWETHER|2ND-WARM SPRINGS","MERIWETHER|8TH-GREENVILLE",2.9e-05
"MERIWETHER|2ND-WARM SPRINGS","MERIWETHER|GILL I",1.6e-05
"MERIWETHER|7TH-ODESSADALE","MERIWETHER|7TH-ODESSADALE",0.999994
"MERIWETHER|7TH-ODESSADALE","MERIWETHER|LONE OAK",6e-06
"MERIWETHER|8TH-GREENVILLE","MERIWETHER|8TH-GREENVILLE",0.999822
"MERIWETHER|8TH-GREENVILLE","MERIWETHER|MIDDLE 9TH-GAY",0.000126
"MERIWETHER|8TH-GREENVILLE","MERIWETHER|LUTHERSVILLE",2.8e-05
"MERIWETHER|8TH-GREENVILLE","MERIWETHER|THIRD-DURAND",9e-06
"MERIWETHER|8TH-GREENVILLE","MERIWETHER|RALEIGH",9e-06
"MERIWETHER|8TH-GREENVILLE","MERIWETHER|2ND-WARM SPRINGS",5e-06
"MERIWETHER|CHALYBEATE","MERIWETHER|CHALYBEATE",1
"MERIWETHER|COVE","MERIWETHER|COVE",1
"MERIWETHER|GILL I","MERIWETHER|GILL I",0.999793
"MERIWETHER|GILL I","MERIWETHER|2ND-WARM SPRINGS",0.000207
"MERIWETHER|GILL II","MERIWETHER|GILL II",1
"MERIWETHER|LONE OAK","MERIWETHER|LONE OAK",0.999976
"MERIWETHER|LONE OAK","MERIWETHER|7TH-ODESSADALE",2.4e-05
"MERIWETHER|LOWER 9TH-WOODBURY","MERIWETHER|LOWER 9TH-WOODBURY",1
"MERIWETHER|LUTHERSVILLE","MERIWETHER|LUTHERSVILLE",0.993333
"MERIWETHER|LUTHERSVILLE","COWETA|MORELAND",0.006595
"MERIWETHER|LUTHERSVILLE","MERIWETHER|8TH-GREENVILLE",6.3e-05
"MERIWETHER|LUTHERSVILLE","MERIWETHER|UPPER 9TH -ALVATON",9e-06
"MERIWETHER|MIDDLE 9TH-GAY","MERIWETHER|MIDDLE 9TH-GAY",1
"MERIWETHER|RALEIGH","MERIWETHER|RALEIGH",0.999953
"MERIWETHER|RALEIGH","MERIWETHER|2ND-WARM SPRINGS",3.9e-05
"MERIWETHER|RALEIGH","MERIWETHER|8TH-GREENVILLE",8e-06
"MERIWETHER|THIRD-DURAND","MERIWETHER|THIRD-DURAND",0.999996
"MERIWETHER|THIRD-DURAND","TROUP|ROSEMONT",3e-06
"MERIWETHER|THIRD-DURAND","MERIWETHER|8TH-GREENVILLE",2e-06
"MERIWETHER|UPPER 9TH -ALVATON","MERIWETHER|UPPER 9TH -ALVATON",0.999998
"MERIWETHER|UPPER 9TH -ALVATON","MERIWETHER|LUTHERSVILLE",2e-06
"MILLER|COLQUITT-MILLER","MILLER|COLQUITT-MILLER",1
"MITCHELL|BACONTON","MITCHELL|BACONTON",0.999995
"MITCHELL|BACONTON","MITCHELL|CAMILLA NORTH",5e-06
"MITCHELL|BRANCHVILLE","MITCHELL|BRANCHVILLE",0.999876
"MITCHELL|BRANCHVILLE","MITCHELL|CAMILLA SOUTH",0.000124
"MITCHELL|CAMILLA NORTH","MITCHELL|CAMILLA NORTH",0.999968
"MITCHELL|CAMILLA NORTH","MITCHELL|CAMILLA SOUTH",2.5e-05
"MITCHELL|CAMILLA NORTH","MITCHELL|BACONTON",6e-06
"MITCHELL|CAMILLA SOUTH","MITCHELL|CAMILLA SOUTH",0.999891
"MITCHELL|CAMILLA SOUTH","MITCHELL|BRANCHVILLE",4.6e-05
"MITCHELL|CAMILLA SOUTH","MITCHELL|COTTON",4.3e-05
"MITCHELL|CAMILLA SOUTH","MITCHELL|PELHAM",2e-05
"MITCHELL|COTTON","MITCHELL|COTTON",1
"MITCHELL|HINSONTON","MITCHELL|HINSONTON",1
"MITCHELL|HOPEFUL","MITCHELL|HOPEFUL",1
"MITCHELL|LESTER","MITCHELL|LESTER",1
"MITCHELL|PEBBLE CITY","MITCHELL|PEBBLE CITY",1
"MITCHELL|PELHAM","MITCHELL|PELHAM",0.999999
"MITCHELL|PELHAM","MITCHELL|CAMILLA SOUTH",1e-06
"MITCHELL|SALE CITY","MITCHELL|SALE CITY",1
"MONROE|BENTONS","MONROE|BENTONS",0.994571
"MONROE|BENTONS","BIBB|HOWARD 3",0.004555
"MONROE|BENTONS","MONROE|BURGAYS",0.000872
"MONROE|BENTONS","MONROE|MIDDLEBROOKS",2e-06
"MONROE|BRANTLEYS","MONROE|BRANTLEYS",0.994866
"MONROE|BRANTLEYS","MONROE|BURGAYS",0.005118
"MONROE|BRANTLEYS","MONROE|FORSYTH",1.6e-05
"MONROE|BURGAYS","MONROE|BURGAYS",0.985921
"MONROE|BURGAYS","BIBB|HOWARD 3",0.008319
"MONROE|BURGAYS","MONROE|BRANTLEYS",0.004133
"MONROE|BURGAYS","BIBB|HOWARD 2",0.00121
"MONROE|BURGAYS","MONROE|BENTONS",0.000418
"MONROE|CABANISS","MONROE|CABANISS",0.999952
"MONROE|CABANISS","MONROE|PROCTORS",4.8e-05
"MONROE|COX","MONROE|COX",0.999295
"MONROE|COX","MONROE|FORSYTH",0.000705
"MONROE|CULLODEN","MONROE|CULLODEN",0.999993
"MONROE|CULLODEN","MONROE|RUSSELLVILLE",7e-06
"MONROE|DILLARDS","MONROE|DILLARDS",0.999998
"MONROE|DILLARDS","MONROE|EVERS",1e-06
"MONROE|EVERS","MONROE|EVERS",0.999985
"MONROE|EVERS","MONROE|DILLARDS",1.4e-05
"MONROE|FORSYTH","MONROE|FORSYTH",0.999821
"MONROE|FORSYTH","MONROE|EVERS",0.000105
"MONROE|FORSYTH","MONROE|COX",7.4e-05
"MONROE|HIGH FALLS","MONROE|HIGH FALLS",0.999997
"MONROE|HIGH FALLS","LAMAR|1712ABC",3e-06
"MONROE|KELSEYS","MONROE|KELSEYS",0.970714
"MONROE|KELSEYS","MONROE|BURGAYS",0.029279
"MONROE|KELSEYS","MONROE|RUSSELLVILLE",6e-06
"MONROE|MIDDLEBROOKS","MONROE|MIDDLEBROOKS",1
"MONROE|PROCTORS","MONROE|PROCTORS",0.99999
"MONROE|PROCTORS","MONROE|CABANISS",9e-06
"MONROE|RUSSELLVILLE","MONROE|RUSSELLVILLE",0.99997
"MONROE|RUSSELLVILLE","MONROE|CULLODEN",3e-05
"MONTGOMERY|AILEY","MONTGOMERY|MOUNT VERNON PRECINCT",0.999296
"MONTGOMERY|AILEY","MONTGOMERY|HIGGSTON PRECINCT",0.000605
"MONTGOMERY|AILEY","MONTGOMERY|UVALDA PRECINCT",9.9e-05
"MONTGOMERY|ALSTON","MONTGOMERY|UVALDA PRECINCT",0.999903
"MONTGOMERY|ALSTON","MONTGOMERY|HIGGSTON PRECINCT",9.7e-05
"MONTGOMERY|HIGGSTON","MONTGOMERY|HIGGSTON PRECINCT",0.999906
"MONTGOMERY|HIGGSTON","MONTGOMERY|UVALDA PRECINCT",7.3e-05
"MONTGOMERY|HIGGSTON","MONTGOMERY|MOUNT VERNON PRECINCT",2.1e-05
"MONTGOMERY|KIBBEE","MONTGOMERY|HIGGSTON PRECINCT",1
"MONTGOMERY|MOUNT VERNON","MONTGOMERY|MOUNT VERNON PRECINCT",0.998492
"MONTGOMERY|MOUNT VERNON","MONTGOMERY|UVALDA PRECINCT",0.001505
"MONTGOMERY|MOUNT VERNON","WHEELER|GLENWOOD",3e-06
"MONTGOMERY|TARRYTOWN","MONTGOMERY|MOUNT VERNON PRECINCT",0.803946
"MONTGOMERY|TARRYTOWN","MONTGOMERY|HIGGSTON PRECINCT",0.196053
"MONTGOMERY|UVALDA","MONTGOMERY|UVALDA PRECINCT",0.999713
"MONTGOMERY|UVALDA","MONTGOMERY|MOUNT VERNON PRECINCT",0.000287
"MORGAN|1. NORTHEAST MORGAN","MORGAN|3.  GIBBS",0.408279
"MORGAN|1. NORTHEAST MORGAN","MORGAN|5.  BUCKHEAD",0.346965
"MORGAN|1. NORTHEAST MORGAN","MORGAN|1. REC DEPT",0.244065
"MORGAN|1. NORTHEAST MORGAN","MORGAN|4. DFACS",0.00069
"MORGAN|2. EAST MORGAN","MORGAN|5.  BUCKHEAD",0.999947
"MORGAN|2. EAST MORGAN","MORGAN|1. REC DEPT",5.3e-05
"MORGAN|3. BETH/SPRINGFIELD","MORGAN|5.  BUCKHEAD",0.650502
"MORGAN|3. BETH/SPRINGFIELD","MORGAN|4. DFACS",0.349498
"MORGAN|4. CENTRAL MORGAN","MORGAN|4. DFACS",0.737875
"MORGAN|4. CENTRAL MORGAN","MORGAN|2. CENTENNIAL",0.131792
"MORGAN|4. CENTRAL MORGAN","MORGAN|3.  GIBBS",0.112226
"MORGAN|4. CENTRAL MORGAN","MORGAN|1. REC DEPT",0.0181
"MORGAN|4. CENTRAL MORGAN","MORGAN|5.  BUCKHEAD",7e-06
"MORGAN|5. CLACKS CHAPEL","MORGAN|4. DFACS",0.999997
"MORGAN|5. CLACKS CHAPEL","MORGAN|2. CENTENNIAL",3e-06
"MORGAN|6. WEST MORGAN","MORGAN|2. CENTENNIAL",0.999913
"MORGAN|6. WEST MORGAN","MORGAN|3.  GIBBS",8.7e-05
"MORGAN|7. NORTH MORGAN","MORGAN|3.  GIBBS",0.999642
"MORGAN|7. NORTH MORGAN","MORGAN|2. CENTENNIAL",0.000358
"MURRAY|CARTERS-DOOLITTLE","MURRAY|CARTERS-DOOLITTLE",0.999994
"MURRAY|CARTERS-DOOLITTLE","GORDON|OAKMAN",6e-06
"MURRAY|MCDONALD","MURRAY|MCDONALD",0.999792
"MURRAY|MCDONALD","MURRAY|NORTH",0.000121
"MURRAY|MCDONALD","MURRAY|TOWN",8.6e-05
"MURRAY|NORTH","MURRAY|NORTH",0.999208
"MURRAY|NORTH","MURRAY|MCDONALD",0.000623
"MURRAY|NORTH","MURRAY|SHUCK PEN",0.000169
"MURRAY|SHUCK PEN","MURRAY|SHUCK PEN",0.999903
"MURRAY|SHUCK PEN","MURRAY|NORTH",9.4e-05
"MURRAY|SHUCK PEN","MURRAY|TOWN",3e-06
"MURRAY|SOUTHWEST","MURRAY|SOUTHWEST",1
"MURRAY|SPRING PLACE","MURRAY|SPRING PLACE",0.999624
"MURRAY|SPRING PLACE","MURRAY|TOWN",0.000374
"MURRAY|SPRING PLACE","MURRAY|SOUTHWEST",2e-06
"MURRAY|TOWN","MURRAY|TOWN",0.999016
"MURRAY|TOWN","MURRAY|SPRING PLACE",0.000835
"MURRAY|TOWN","MURRAY|MCDONALD",0.000126
"MURRAY|TOWN","MURRAY|CARTERS-DOOLITTLE",2.3e-05
"MUSCOGEE|BRITT DAVID","MUSCOGEE|BRITT DAVID",0.998159
"MUSCOGEE|BRITT DAVID","MUSCOGEE|ST. PETER",0.001205
"MUSCOGEE|BRITT DAVID","MUSCOGEE|MOON",0.000628
"MUSCOGEE|BRITT DAVID","MUSCOGEE|EPWORTH UMC",7e-06
"MUSCOGEE|CANAAN","MUSCOGEE|CANAAN",0.999861
"MUSCOGEE|CANAAN","MUSCOGEE|PSALMOND",0.000118
"MUSCOGEE|CANAAN","MUSCOGEE|CUNNINGHAM CENTER-GENTIAN",2.1e-05
"MUSCOGEE|CARVER/MACK","MUSCOGEE|COLUMBUS PUBLIC LIBRARY",0.999899
"MUSCOGEE|CARVER/MACK","MUSCOGEE|CUSSETA RD",5.7e-05
"MUSCOGEE|CARVER/MACK","MUSCOGEE|INC COLUMBUS/WYNNTON",4.4e-05
"MUSCOGEE|COLUMBUS TECH","MUSCOGEE|COLUMBUS TECH",0.999656
"MUSCOGEE|COLUMBUS TECH","MUSCOGEE|MARIANNA GALLOPS",0.000344
"MUSCOGEE|CORNERSTONE","MUSCOGEE|CHATTAHOOCHEE",0.999951
"MUSCOGEE|CORNERSTONE","MUSCOGEE|ST ANDREWS",4.9e-05
"MUSCOGEE|CUSSETA RD","MUSCOGEE|CUSSETA RD",0.996946
"MUSCOGEE|CUSSETA RD","MUSCOGEE|OUR LADY OF LOURDES",0.002455
"MUSCOGEE|CUSSETA RD","MUSCOGEE|FIRST AFRICAN",0.000444
"MUSCOGEE|CUSSETA RD","MUSCOGEE|COLUMBUS PUBLIC LIBRARY",9.5e-05
"MUSCOGEE|CUSSETA RD","MUSCOGEE|INC COLUMBUS/WYNNTON",6e-05
"MUSCOGEE|EDGEWOOD BAPTIST","MUSCOGEE|EDGEWOOD BAPTIST",0.999995
"MUSCOGEE|EDGEWOOD BAPTIST","MUSCOGEE|CUNNINGHAM CENTER-GENTIAN",3e-06
"MUSCOGEE|EDGEWOOD BAPTIST","MUSCOGEE|GATEWAY",1e-06
"MUSCOGEE|EPWORTH UMC","MUSCOGEE|EPWORTH UMC",0.999935
"MUSCOGEE|EPWORTH UMC","MUSCOGEE|CUNNINGHAM CENTER-GENTIAN",5.8e-05
"MUSCOGEE|EPWORTH UMC","MUSCOGEE|ST PAUL",6e-06
"MUSCOGEE|FAITH TABERNACLE","MUSCOGEE|FAITH TABERNACLE",1
"MUSCOGEE|FIRST AFRICAN","MUSCOGEE|FIRST AFRICAN",0.997877
"MUSCOGEE|FIRST AFRICAN","MUSCOGEE|OUR LADY OF LOURDES",0.0019
"MUSCOGEE|FIRST AFRICAN","MUSCOGEE|CUSSETA RD",0.000223
"MUSCOGEE|GENTIAN/REESE @LDS","MUSCOGEE|CUNNINGHAM CENTER-GENTIAN",0.99835
"MUSCOGEE|GENTIAN/REESE @LDS","MUSCOGEE|BRITT DAVID",0.001638
"MUSCOGEE|GENTIAN/REESE @LDS","MUSCOGEE|CANAAN",1.2e-05
"MUSCOGEE|HOLSEY/BUENA VISTA","MUSCOGEE|GATEWAY",0.999998
"MUSCOGEE|HOLSEY/BUENA VISTA","MUSCOGEE|CANAAN",1e-06
"MUSCOGEE|MARIANNA GALLOPS","MUSCOGEE|MARIANNA GALLOPS",0.99987
"MUSCOGEE|MARIANNA GALLOPS","MUSCOGEE|ST PAUL",0.00013
"MUSCOGEE|MOON/MORNINGSIDE","MUSCOGEE|MOON",0.999754
"MUSCOGEE|MOON/MORNINGSIDE","MUSCOGEE|ST ANDREWS",0.000245
"MUSCOGEE|MT PILGRIM","MUSCOGEE|NEW MT PILGRIM",0.993958
"MUSCOGEE|MT PILGRIM","NA|NA",0.003543
"MUSCOGEE|MT PILGRIM","MUSCOGEE|ST JOHN/SHIRLEY WINSTON",0.001819
"MUSCOGEE|MT PILGRIM","NA|NA",0.000679
"MUSCOGEE|OUR LADY OF LOURDES","MUSCOGEE|OUR LADY OF LOURDES",0.993744
"MUSCOGEE|OUR LADY OF LOURDES","NA|NA",0.005798
"MUSCOGEE|OUR LADY OF LOURDES","NA|NA",0.000166
"MUSCOGEE|OUR LADY OF LOURDES","NA|NA",0.000158
"MUSCOGEE|OUR LADY OF LOURDES","MUSCOGEE|CUSSETA RD",0.000132
"MUSCOGEE|OUR LADY OF LOURDES","NA|NA",2e-06
"MUSCOGEE|PSALMOND/MATHEWS","MUSCOGEE|PSALMOND",0.999922
"MUSCOGEE|PSALMOND/MATHEWS","NA|NA",6.8e-05
"MUSCOGEE|PSALMOND/MATHEWS","HARRIS|ELLERSLIE",9e-06
"MUSCOGEE|PSALMOND/MATHEWS","MUSCOGEE|CANAAN",1e-06
"MUSCOGEE|SALVATION ARMY","MUSCOGEE|SALVATION ARMY",0.999794
"MUSCOGEE|SALVATION ARMY","MUSCOGEE|ST ANDREWS",0.000206
"MUSCOGEE|ST ANDREWS/MIDLAND","MUSCOGEE|ST ANDREWS",0.999993
"MUSCOGEE|ST ANDREWS/MIDLAND","MUSCOGEE|MOON",6e-06
"MUSCOGEE|ST JOHN/BELVEDERE","MUSCOGEE|ST JOHN/SHIRLEY WINSTON",0.997923
"MUSCOGEE|ST JOHN/BELVEDERE","MUSCOGEE|NEW MT PILGRIM",0.002077
"MUSCOGEE|ST MARK/HEIFERHORN","MUSCOGEE|CENTRAL BAPTIST",1
"MUSCOGEE|ST PAUL/CLUBVIEW","MUSCOGEE|ST PAUL",0.999776
"MUSCOGEE|ST PAUL/CLUBVIEW","MUSCOGEE|CUNNINGHAM CENTER-GENTIAN",0.000199
"MUSCOGEE|ST PAUL/CLUBVIEW","MUSCOGEE|MARIANNA GALLOPS",2.6e-05
"MUSCOGEE|ST. PETER","MUSCOGEE|ST. PETER",0.999878
"MUSCOGEE|ST. PETER","MUSCOGEE|MOON",0.00012
"MUSCOGEE|ST. PETER","MUSCOGEE|CHATTAHOOCHEE",1e-06
"MUSCOGEE|WYNNBROOK","MUSCOGEE|WYNNBROOK",0.999982
"MUSCOGEE|WYNNBROOK","HARRIS|LOWER 19TH",1.8e-05
"MUSCOGEE|WYNNTON/BRITT","MUSCOGEE|INC COLUMBUS/WYNNTON",1
"NA|NA","NA|NA",0.374438
"NA|NA","NA|NA",0.244147
"NA|NA","NA|NA",0.15009
"NA|NA","NA|NA",0.14578
"NA|NA","NA|NA",0.036925
"NA|NA","NA|NA",0.017365
"NA|NA","NA|NA",0.013764
"NA|NA","NA|NA",0.005244
"NA|NA","NA|NA",0.004219
"NA|NA","NA|NA",0.003249
"NA|NA","FULTON|RW11B",0.000773
"NA|NA","NA|NA",0.000769
"NA|NA","NA|NA",0.000659
"NA|NA","FULTON|UC035",0.000536
"NA|NA","FULTON|CP07A",0.000381
"NA|NA","FULTON|CP052",0.000329
"NA|NA","FULTON|CP06B",0.000234
"NA|NA","NA|NA",0.000157
"NA|NA","FULTON|01I",0.000151
"NA|NA","FULTON|AP12D",0.000113
"NA|NA","FULTON|03P1B",8.6e-05
"NA|NA","NA|NA",7.1e-05
"NA|NA","NA|NA",6.1e-05
"NA|NA","BRYAN|FIRST BAPTIST CHURCH",5.7e-05
"NA|NA","FULTON|UC031",5.2e-05
"NA|NA","FULTON|SC08B",3.7e-05
"NA|NA","FULTON|CH01B",3.6e-05
"NA|NA","MUSCOGEE|NEW MT PILGRIM",3e-05
"NA|NA","NA|NA",2.8e-05
"NA|NA","CHATHAM|ELI WHITNEY COMPLEX",2.8e-05
"NA|NA","NA|NA",2.5e-05
"NA|NA","FULTON|SC09B",2e-05
"NA|NA","NA|NA",1.7e-05
"NA|NA","CHATTAHOOCHEE|ACTIVITY CENTER",1.6e-05
"NA|NA","NA|NA",1.5e-05
"NA|NA","NA|NA",1.5e-05
"NA|NA","MUSCOGEE|OUR LADY OF LOURDES",1.3e-05
"NA|NA","NA|NA",1.2e-05
"NA|NA","MUSCOGEE|GATEWAY",1.2e-05
"NA|NA","NA|NA",1.1e-05
"NA|NA","FULTON|SC211",6e-06
"NA|NA","NA|NA",6e-06
"NA|NA","FULTON|SC08J",4e-06
"NA|NA","FULTON|AP07A",3e-06
"NA|NA","FULTON|SS29B",3e-06
"NA|NA","FULTON|UC035",2e-06
"NA|NA","FULTON|SC29A",2e-06
"NA|NA","FULTON|UC01A",1e-06
"NA|NA","NA|NA",1e-06
"NEWTON|ALCOVY","NEWTON|04-ALCOVY",0.602807
"NEWTON|ALCOVY","NEWTON|17-OXFORD",0.396597
"NEWTON|ALCOVY","NEWTON|25-HUB",0.000596
"NEWTON|ALMON","NEWTON|03-ALMON",0.76278
"NEWTON|ALMON","NEWTON|23-FAIRVIEW",0.127782
"NEWTON|ALMON","NEWTON|20-STANSELLS",0.109437
"NEWTON|BEAVERDAM","NEWTON|13-BEAVERDAM",0.680244
"NEWTON|BEAVERDAM","NEWTON|02TOWN",0.270994
"NEWTON|BEAVERDAM","NEWTON|24-CROWELL",0.048762
"NEWTON|BREWERS","NEWTON|06-BREWERS",0.546863
"NEWTON|BREWERS","NEWTON|14-LEGUINN",0.453137
"NEWTON|BRICK STORE","NEWTON|07-BRICK STORE",1
"NEWTON|BUCK CREEK","NEWTON|19-BUCK CREEK",0.999999
"NEWTON|CEDAR SHOALS","NEWTON|20-STANSELLS",0.85419
"NEWTON|CEDAR SHOALS","NEWTON|13-BEAVERDAM",0.145558
"NEWTON|CEDAR SHOALS","NEWTON|09-LIVINGSTON",0.000252
"NEWTON|CITY POND","NEWTON|17-OXFORD",0.999758
"NEWTON|CITY POND","NEWTON|04-ALCOVY",0.000242
"NEWTON|COVINGTON MILLS","NEWTON|09-LIVINGSTON",0.638752
"NEWTON|COVINGTON MILLS","NEWTON|05-COV MILLS",0.360589
"NEWTON|COVINGTON MILLS","NEWTON|14-LEGUINN",0.000652
"NEWTON|COVINGTON MILLS","NEWTON|04-ALCOVY",7e-06
"NEWTON|CROWELL","NEWTON|20-STANSELLS",0.758928
"NEWTON|CROWELL","NEWTON|24-CROWELL",0.176168
"NEWTON|CROWELL","NEWTON|13-BEAVERDAM",0.064904
"NEWTON|DOWNS","NEWTON|10-DOWNS",0.694752
"NEWTON|DOWNS","NEWTON|18-ROCKY PLAINS",0.305212
"NEWTON|DOWNS","NEWTON|09-LIVINGSTON",3.6e-05
"NEWTON|FAIRVIEW","NEWTON|23-FAIRVIEW",0.570104
"NEWTON|FAIRVIEW","NEWTON|24-CROWELL",0.429894
"NEWTON|FAIRVIEW","ROCKDALE|FI",2e-06
"NEWTON|FAIRVIEW","NEWTON|02TOWN",1e-06
"NEWTON|GUM CREEK","NEWTON|12-GUM CREEK",0.999975
"NEWTON|GUM CREEK","ROCKDALE|OT",2.5e-05
"NEWTON|HUB","NEWTON|25-HUB",0.997323
"NEWTON|HUB","NEWTON|07-BRICK STORE",0.002676
"NEWTON|LEGUINN","NEWTON|14-LEGUINN",1
"NEWTON|LIVINGSTON","NEWTON|09-LIVINGSTON",0.99999
"NEWTON|LIVINGSTON","NEWTON|05-COV MILLS",7e-06
"NEWTON|LIVINGSTON","NEWTON|10-DOWNS",2e-06
"NEWTON|MANSFIELD","NEWTON|15-MANSFIELD",1
"NEWTON|NEWBORN","NEWTON|15-MANSFIELD",0.999743
"NEWTON|NEWBORN","NEWTON|25-HUB",0.000255
"NEWTON|NEWBORN","JASPER|WYATT",2e-06
"NEWTON|OXFORD","NEWTON|17-OXFORD",1
"NEWTON|ROCKY PLAINS","NEWTON|18-ROCKY PLAINS",0.602228
"NEWTON|ROCKY PLAINS","NEWTON|06-BREWERS",0.397772
"NEWTON|STANSELLS","NEWTON|02TOWN",0.642945
"NEWTON|STANSELLS","NEWTON|13-BEAVERDAM",0.356977
"NEWTON|STANSELLS","NEWTON|19-BUCK CREEK",7.7e-05
"NEWTON|TOWN","NEWTON|12-GUM CREEK",0.426314
"NEWTON|TOWN","NEWTON|05-COV MILLS",0.353477
"NEWTON|TOWN","NEWTON|20-STANSELLS",0.219568
"NEWTON|TOWN","NEWTON|09-LIVINGSTON",0.000635
"NEWTON|TOWN","NEWTON|17-OXFORD",5e-06
"OCONEE|ANTIOCH","OCONEE|COLHAM FERRY",1
"OCONEE|BISHOP","OCONEE|BISHOP",0.999751
"OCONEE|BISHOP","OCONEE|CITY HALL",0.000247
"OCONEE|BISHOP","OCONEE|CIVIC CENTER",2e-06
"OCONEE|BOGART","OCONEE|BOGART",0.999321
"OCONEE|BOGART","OCONEE|DARK CORNER",0.000679
"OCONEE|CITY HALL","OCONEE|CITY HALL",0.998111
"OCONEE|CITY HALL","OCONEE|CIVIC CENTER",0.001837
"OCONEE|CITY HALL","OCONEE|BISHOP",3.6e-05
"OCONEE|CITY HALL","OCONEE|COLHAM FERRY",1.7e-05
"OCONEE|CIVIC CENTER","OCONEE|CIVIC CENTER",1
"OCONEE|COLHAM FERRY","OCONEE|COLHAM FERRY",0.999825
"OCONEE|COLHAM FERRY","OCONEE|CITY HALL",0.000173
"OCONEE|COLHAM FERRY","OCONEE|BISHOP",1e-06
"OCONEE|DARK CORNER","OCONEE|DARK CORNER",0.999671
"OCONEE|DARK CORNER","OCONEE|BOGART",0.000316
"OCONEE|DARK CORNER","OCONEE|MARSWOOD HALL",1.3e-05
"OCONEE|EAST OCONEE","OCONEE|CIVIC CENTER",0.999688
"OCONEE|EAST OCONEE","OCONEE|CITY HALL",0.000194
"OCONEE|EAST OCONEE","OCONEE|MARSWOOD HALL",0.000118
"OCONEE|FARMINGTON","OCONEE|BISHOP",1
"OCONEE|HIGH SHOALS","OCONEE|NORTH OCONEE",0.999979
"OCONEE|HIGH SHOALS","OCONEE|DARK CORNER",2e-05
"OCONEE|MARSWOOD HALL","OCONEE|MARSWOOD HALL",0.998416
"OCONEE|MARSWOOD HALL","OCONEE|BOGART",0.000882
"OCONEE|MARSWOOD HALL","OCONEE|CIVIC CENTER",7e-04
"OCONEE|MARSWOOD HALL","OCONEE|DARK CORNER",2e-06
"OCONEE|NORTH OCONEE","OCONEE|NORTH OCONEE",0.999998
"OCONEE|NORTH OCONEE","OCONEE|DARK CORNER",2e-06
"OGLETHORPE|BEAVERDAM","OGLETHORPE|BEAVERDAM",0.999996
"OGLETHORPE|BEAVERDAM","MADISON|COLBERT",3e-06
"OGLETHORPE|CRAWFORD","OGLETHORPE|CRAWFORD",0.999759
"OGLETHORPE|CRAWFORD","OGLETHORPE|LEXINGTON",0.000133
"OGLETHORPE|CRAWFORD","OGLETHORPE|BEAVERDAM",0.000108
"OGLETHORPE|LEXINGTON","OGLETHORPE|LEXINGTON",0.99999
"OGLETHORPE|LEXINGTON","OGLETHORPE|CRAWFORD",1e-05
"PAULDING|BEULAHLAND BAPTIST CHURCH","PAULDING|CARL SCOGGINS MIDDLE SCHOOL",1
"PAULDING|BURNT HICKORY PARK","PAULDING|BURNT HICKORY PARK",0.625383
"PAULDING|BURNT HICKORY PARK","PAULDING|HIGH SHOALS BAPTIST CHURCH",0.186831
"PAULDING|BURNT HICKORY PARK","PAULDING|ACTIVATION CHURCH",0.157731
"PAULDING|BURNT HICKORY PARK","PAULDING|WATSON GOVERNMENT COMPLEX",0.025724
"PAULDING|BURNT HICKORY PARK","PAULDING|PAULDING COUNTY AIRPORT",0.004331
"PAULDING|CROSSROADS LIBRARY","PAULDING|CROSSROADS LIBRARY",0.546396
"PAULDING|CROSSROADS LIBRARY","PAULDING|RUSSOM ELEMENTARY SCHOOL",0.448642
"PAULDING|CROSSROADS LIBRARY","PAULDING|ACTIVATION CHURCH",0.004962
"PAULDING|DIANNE WRIGHT INNOVATION CENTER","PAULDING|SOUTH PAULDING MIDDLE SCHOOL",0.633966
"PAULDING|DIANNE WRIGHT INNOVATION CENTER","PAULDING|DIANNE WRIGHT INNOVATION CENTER",0.366034
"PAULDING|DOBBINS MIDDLE SCHOOL","PAULDING|DOBBINS MIDDLE SCHOOL",1
"PAULDING|LEGACY BAPTIST CHURCH","PAULDING|LEGACY BAPTIST CHURCH",0.874396
"PAULDING|LEGACY BAPTIST CHURCH","PAULDING|TABERNACLE BAPTIST CHURCH",0.125604
"PAULDING|MULBERRY ROCK PARK","PAULDING|CARL SCOGGINS MIDDLE SCHOOL",0.882917
"PAULDING|MULBERRY ROCK PARK","PAULDING|SOUTH PAULDING MIDDLE SCHOOL",0.117083
"PAULDING|NEBO ELEMENTARY SCHOOL","PAULDING|SOUTH PAULDING MIDDLE SCHOOL",0.47783
"PAULDING|NEBO ELEMENTARY SCHOOL","PAULDING|WHITE OAK PARK",0.340266
"PAULDING|NEBO ELEMENTARY SCHOOL","PAULDING|DIANNE WRIGHT INNOVATION CENTER",0.181889
"PAULDING|NEBO ELEMENTARY SCHOOL","PAULDING|POPLAR SPRINGS BAPTIST CHURCH",1.5e-05
"PAULDING|PAULDING COUNTY AIRPORT","PAULDING|YORKVILLE BAPTIST CHURCH",0.886567
"PAULDING|PAULDING COUNTY AIRPORT","PAULDING|PAULDING COUNTY AIRPORT",0.113433
"PAULDING|PAULDING SENIOR CENTER","PAULDING|PAULDING SENIOR CENTER",0.899947
"PAULDING|PAULDING SENIOR CENTER","PAULDING|SHELTON ELEMENTARY SCHOOL",0.100053
"PAULDING|PICKETTS MILL BAPTIST CHURCH","PAULDING|RUSSOM ELEMENTARY SCHOOL",0.540655
"PAULDING|PICKETTS MILL BAPTIST CHURCH","PAULDING|EAST PAULDING MIDDLE SCHOOL",0.459345
"PAULDING|POPLAR SPRINGS BAPTIST CHURCH","PAULDING|POPLAR SPRINGS BAPTIST CHURCH",0.869004
"PAULDING|POPLAR SPRINGS BAPTIST CHURCH","PAULDING|THE EVENT'S PLACE",0.130512
"PAULDING|POPLAR SPRINGS BAPTIST CHURCH","PAULDING|TABERNACLE BAPTIST CHURCH",0.00038
"PAULDING|POPLAR SPRINGS BAPTIST CHURCH","PAULDING|DIANNE WRIGHT INNOVATION CENTER",8.6e-05
"PAULDING|POPLAR SPRINGS BAPTIST CHURCH","PAULDING|WHITE OAK PARK",1.8e-05
"PAULDING|RUSSOM ELEMENTARY SCHOOL","PAULDING|RUSSOM ELEMENTARY SCHOOL",0.554621
"PAULDING|RUSSOM ELEMENTARY SCHOOL","PAULDING|SHELTON ELEMENTARY SCHOOL",0.307161
"PAULDING|RUSSOM ELEMENTARY SCHOOL","PAULDING|CROSSROADS LIBRARY",0.133814
"PAULDING|RUSSOM ELEMENTARY SCHOOL","PAULDING|ACTIVATION CHURCH",0.004267
"PAULDING|RUSSOM ELEMENTARY SCHOOL","PAULDING|EAST PAULDING MIDDLE SCHOOL",0.000137
"PAULDING|SHELTON ELEMENTARY SCHOOL","PAULDING|SHELTON ELEMENTARY SCHOOL",0.906452
"PAULDING|SHELTON ELEMENTARY SCHOOL","PAULDING|PAULDING SENIOR CENTER",0.093006
"PAULDING|SHELTON ELEMENTARY SCHOOL","PAULDING|RUSSOM ELEMENTARY SCHOOL",0.000541
"PAULDING|TAYLOR FARM PARK MEETING ROOM","PAULDING|TAYLOR FARM PARK",0.535058
"PAULDING|TAYLOR FARM PARK MEETING ROOM","PAULDING|DIANNE WRIGHT INNOVATION CENTER",0.464942
"PAULDING|THE EVENTS PLACE","PAULDING|TABERNACLE BAPTIST CHURCH",0.6173
"PAULDING|THE EVENTS PLACE","PAULDING|THE EVENT'S PLACE",0.380803
"PAULDING|THE EVENTS PLACE","PAULDING|POPLAR SPRINGS BAPTIST CHURCH",0.001897
"PAULDING|WATSON GOVT COMPLEX","PAULDING|WATSON GOVERNMENT COMPLEX",0.368856
"PAULDING|WATSON GOVT COMPLEX","PAULDING|PAULDING COUNTY AIRPORT",0.322126
"PAULDING|WATSON GOVT COMPLEX","PAULDING|CARL SCOGGINS MIDDLE SCHOOL",0.173227
"PAULDING|WATSON GOVT COMPLEX","PAULDING|PAULDING SENIOR CENTER",0.076253
"PAULDING|WATSON GOVT COMPLEX","PAULDING|LEGACY BAPTIST CHURCH",0.051568
"PAULDING|WATSON GOVT COMPLEX","PAULDING|WHITE OAK PARK",0.007962
"PAULDING|WATSON GOVT COMPLEX","PAULDING|HIGH SHOALS BAPTIST CHURCH",7e-06
"PAULDING|WEST RIDGE CHURCH","PAULDING|EAST PAULDING MIDDLE SCHOOL",0.691194
"PAULDING|WEST RIDGE CHURCH","PAULDING|TABERNACLE BAPTIST CHURCH",0.308644
"PAULDING|WEST RIDGE CHURCH","PAULDING|LEGACY BAPTIST CHURCH",0.000157
"PAULDING|WEST RIDGE CHURCH","COBB|MCEACHERN 01",3e-06
"PAULDING|WHITE OAK PARK","PAULDING|WHITE OAK PARK",0.965677
"PAULDING|WHITE OAK PARK","PAULDING|POPLAR SPRINGS BAPTIST CHURCH",0.032639
"PAULDING|WHITE OAK PARK","PAULDING|THE EVENT'S PLACE",0.001286
"PAULDING|WHITE OAK PARK","PAULDING|TABERNACLE BAPTIST CHURCH",0.000373
"PAULDING|WHITE OAK PARK","PAULDING|WATSON GOVERNMENT COMPLEX",2.4e-05
"PEACH|BYRON #1","PEACH|BYRON #1",0.999982
"PEACH|BYRON #1","PEACH|BYRON #2",1.6e-05
"PEACH|BYRON #1","CRAWFORD|DISTRICT 5",2e-06
"PEACH|BYRON #2","PEACH|BYRON #2",0.999998
"PEACH|CLAUDE","PEACH|CLAUDE",0.999998
"PEACH|FORT VALLEY #1","PEACH|FORT VALLEY #1",0.999998
"PEACH|FORT VALLEY #1","CRAWFORD|DISTRICT 1",2e-06
"PEACH|FORT VALLEY #2","PEACH|FORT VALLEY #2",0.999774
"PEACH|FORT VALLEY #2","PEACH|POWERSVILLE",0.000226
"PEACH|FORT VALLEY #3","PEACH|FORT VALLEY #3",1
"PEACH|POWERSVILLE","PEACH|POWERSVILLE",0.999999
"PEACH|POWERSVILLE","PEACH|FORT VALLEY #2",1e-06
"PICKENS|APPALACHIAN","PICKENS|APPALACHIAN",0.999232
"PICKENS|APPALACHIAN","PICKENS|TALKING ROCK",0.00044
"PICKENS|APPALACHIAN","PICKENS|SHARPTOP",0.000299
"PICKENS|APPALACHIAN","PICKENS|JASPER",2.6e-05
"PICKENS|APPALACHIAN","PICKENS|REFUGE",4e-06
"PICKENS|HILL","PICKENS|HILL CITY",0.999647
"PICKENS|HILL","PICKENS|REFUGE",0.000288
"PICKENS|HILL","PICKENS|JERUSALEM",6.5e-05
"PICKENS|HINTON","PICKENS|HINTON",0.999404
"PICKENS|HINTON","PICKENS|TALKING ROCK",0.000519
"PICKENS|HINTON","PICKENS|HILL CITY",7.6e-05
"PICKENS|JASPER","PICKENS|JASPER",0.999797
"PICKENS|JASPER","PICKENS|APPALACHIAN",0.000203
"PICKENS|JERUSALEM","PICKENS|JERUSALEM",0.999873
"PICKENS|JERUSALEM","PICKENS|HILL CITY",0.000123
"PICKENS|JERUSALEM","CHEROKEE|SALACOA",4e-06
"PICKENS|LUDVILLE","PICKENS|LUDVILLE",0.999993
"PICKENS|LUDVILLE","PICKENS|TALKING ROCK",7e-06
"PICKENS|NELSON","PICKENS|NELSON",0.999994
"PICKENS|NELSON","PICKENS|TATE",6e-06
"PICKENS|REFUGE","PICKENS|REFUGE",0.999802
"PICKENS|REFUGE","PICKENS|HILL CITY",0.000162
"PICKENS|REFUGE","PICKENS|APPALACHIAN",2.8e-05
"PICKENS|REFUGE","PICKENS|SHARPTOP",8e-06
"PICKENS|SHARPTOP","PICKENS|SHARPTOP",0.999933
"PICKENS|SHARPTOP","PICKENS|APPALACHIAN",2.5e-05
"PICKENS|SHARPTOP","PICKENS|YELLOW CREEK",2e-05
"PICKENS|SHARPTOP","PICKENS|REFUGE",1.5e-05
"PICKENS|SHARPTOP","PICKENS|TALKING ROCK",7e-06
"PICKENS|TALKING ROCK","PICKENS|TALKING ROCK",0.999801
"PICKENS|TALKING ROCK","PICKENS|APPALACHIAN",0.000124
"PICKENS|TALKING ROCK","PICKENS|HINTON",7e-05
"PICKENS|TALKING ROCK","PICKENS|SHARPTOP",5e-06
"PICKENS|TATE","PICKENS|TATE",0.999996
"PICKENS|TATE","PICKENS|HILL CITY",3e-06
"PICKENS|YELLOW CREEK","PICKENS|YELLOW CREEK",0.999995
"PICKENS|YELLOW CREEK","PICKENS|SHARPTOP",4e-06
"PIERCE|ALABAHA","PIERCE|ALABAHA",1
"PIERCE|BLACKSHEAR","PIERCE|BLACKSHEAR",0.687901
"PIERCE|BLACKSHEAR","PIERCE|ST JOHNS/BLACKSHEAR",0.220748
"PIERCE|BLACKSHEAR","PIERCE|ALABAHA",0.091352
"PIERCE|HACKLEBARNEY/CASON","PIERCE|HACKLEBARNEY/CASON",0.618483
"PIERCE|HACKLEBARNEY/CASON","PIERCE|SUNSET/SWEAT",0.38111
"PIERCE|HACKLEBARNEY/CASON","PIERCE|ALABAHA",0.000407
"PIERCE|MERSHON","PIERCE|MERSHON",0.999999
"PIERCE|MERSHON","PIERCE|PATTERSON",1e-06
"PIERCE|OTTER CREEK","PIERCE|OTTER CREEK",1
"PIERCE|PATTERSON","PIERCE|PATTERSON",0.733142
"PIERCE|PATTERSON","PIERCE|OTTER CREEK",0.266858
"PIERCE|ST JOHNS/BLACKSHEAR","PIERCE|ST JOHNS/BLACKSHEAR",0.8774
"PIERCE|ST JOHNS/BLACKSHEAR","PIERCE|BLACKSHEAR",0.121218
"PIERCE|ST JOHNS/BLACKSHEAR","PIERCE|OTTER CREEK",0.001382
"PIERCE|SUNSET/SWEAT","PIERCE|SUNSET/SWEAT",1
"PIKE|CONCORD","PIKE|CONCORD",0.999984
"PIKE|CONCORD","PIKE|HOLLONVILLE",1.6e-05
"PIKE|HOLLONVILLE","PIKE|HOLLONVILLE",0.99999
"PIKE|HOLLONVILLE","PIKE|CONCORD",1e-05
"PIKE|LIFSEY SPRINGS","PIKE|LIFSEY SPRINGS",0.99996
"PIKE|LIFSEY SPRINGS","PIKE|ZEBULON",3.7e-05
"PIKE|LIFSEY SPRINGS","PIKE|MOLENA",3e-06
"PIKE|MEANSVILLE","PIKE|MEANSVILLE",1
"PIKE|MOLENA","PIKE|MOLENA",0.999997
"PIKE|MOLENA","PIKE|LIFSEY SPRINGS",3e-06
"PIKE|SECOND DISTRICT","PIKE|SECOND DISTRICT",1
"PIKE|WILLIAMSON","PIKE|WILLIAMSON",1
"PIKE|ZEBULON","PIKE|ZEBULON",0.999973
"PIKE|ZEBULON","PIKE|LIFSEY SPRINGS",2.7e-05
"POLK|ARAGON","POLK|ARAGON",0.999972
"POLK|ARAGON","POLK|ROCKMART",2.8e-05
"POLK|BLOOMING GROVE","POLK|BLOOMING GROVE",0.998996
"POLK|BLOOMING GROVE","POLK|CEDARTOWN",0.001004
"POLK|CEDARTOWN","POLK|CEDARTOWN",0.998939
"POLK|CEDARTOWN","POLK|LAKE CREEK",0.000955
"POLK|CEDARTOWN","POLK|BLOOMING GROVE",0.000106
"POLK|FISH CREEK","POLK|FISH CREEK",0.999993
"POLK|FISH CREEK","POLK|LAKE CREEK",3e-06
"POLK|FISH CREEK","POLK|ARAGON",2e-06
"POLK|FISH CREEK","POLK|YOUNGS GROVE",1e-06
"POLK|LAKE CREEK","POLK|LAKE CREEK",0.995699
"POLK|LAKE CREEK","POLK|CEDARTOWN",0.004266
"POLK|LAKE CREEK","POLK|FISH CREEK",2e-05
"POLK|LAKE CREEK","POLK|ARAGON",1.5e-05
"POLK|ROCKMART","POLK|ROCKMART",0.999932
"POLK|ROCKMART","POLK|ARAGON",6.7e-05
"POLK|YOUNGS GROVE","POLK|YOUNGS GROVE",0.999985
"POLK|YOUNGS GROVE","POLK|ROCKMART",1.1e-05
"POLK|YOUNGS GROVE","HARALSON|MT VIEW",3e-06
"PULASKI|COURTHOUSE ANNEX","PULASKI|COURTHOUSE ANNEX",0.999953
"PULASKI|COURTHOUSE ANNEX","WILCOX|ABBEVILLE NORTH #2",4e-05
"PULASKI|COURTHOUSE ANNEX","DOOLY|UNADILLA",7e-06
"PUTNAM|101","PUTNAM|101",0.999998
"PUTNAM|101","PUTNAM|104",2e-06
"PUTNAM|104","PUTNAM|104",0.999769
"PUTNAM|104","PUTNAM|101",0.000229
"PUTNAM|104","PUTNAM|107",2e-06
"PUTNAM|105","PUTNAM|105",0.999952
"PUTNAM|105","PUTNAM|106",4.8e-05
"PUTNAM|106","PUTNAM|106",0.999999
"PUTNAM|107","PUTNAM|107",0.999989
"PUTNAM|107","PUTNAM|104",1.1e-05
"QUITMAN|GEORGETOWN","QUITMAN|GEORGETOWN",1
"QUITMAN|MORRIS","QUITMAN|MORRIS",1
"RABUN|RABUN COUNTY","RABUN|RABUN COUNTY",0.999986
"RABUN|RABUN COUNTY","TOWNS|HIAWASSEE",1.3e-05
"RANDOLPH|BENEVOLENCE","RANDOLPH|BENEVOLENCE",0.9995
"RANDOLPH|BENEVOLENCE","RANDOLPH|SPRINGVALE",5e-04
"RANDOLPH|COLEMAN","RANDOLPH|COLEMAN",0.999847
"RANDOLPH|COLEMAN","RANDOLPH|CUTHBERT/COURTHOUSE",0.000153
"RANDOLPH|CUTHBERT","RANDOLPH|CUTHBERT",0.999999
"RANDOLPH|CUTHBERT","RANDOLPH|CUTHBERT/COURTHOUSE",1e-06
"RANDOLPH|CUTHBERT/COURTHOUSE","RANDOLPH|CUTHBERT/COURTHOUSE",0.999998
"RANDOLPH|CUTHBERT/COURTHOUSE","RANDOLPH|COLEMAN",1e-06
"RANDOLPH|CUTHBERT/COURTHOUSE","RANDOLPH|CUTHBERT",1e-06
"RANDOLPH|SHELLMAN","RANDOLPH|SHELLMAN",0.999999
"RANDOLPH|SPRINGVALE","RANDOLPH|SPRINGVALE",0.999847
"RANDOLPH|SPRINGVALE","RANDOLPH|BENEVOLENCE",0.000149
"RANDOLPH|SPRINGVALE","STEWART|LUMPKIN",4e-06
"RICHMOND|101","RICHMOND|101",0.999972
"RICHMOND|101","RICHMOND|111",2.8e-05
"RICHMOND|102","RICHMOND|102",0.999957
"RICHMOND|102","RICHMOND|106",4.3e-05
"RICHMOND|103","RICHMOND|103",1
"RICHMOND|104","RICHMOND|104",1
"RICHMOND|105","RICHMOND|105",0.999998
"RICHMOND|105","RICHMOND|103",1e-06
"RICHMOND|106","RICHMOND|106",0.996609
"RICHMOND|106","RICHMOND|102",0.002113
"RICHMOND|106","RICHMOND|702",0.001138
"RICHMOND|106","RICHMOND|107",0.00014
"RICHMOND|107","RICHMOND|107",0.9936
"RICHMOND|107","RICHMOND|708",0.006084
"RICHMOND|107","RICHMOND|702",0.000269
"RICHMOND|107","RICHMOND|106",4.8e-05
"RICHMOND|108","RICHMOND|108",1
"RICHMOND|109","RICHMOND|109",0.639104
"RICHMOND|109","RICHMOND|112",0.360888
"RICHMOND|109","RICHMOND|104",8e-06
"RICHMOND|111","RICHMOND|111",0.999692
"RICHMOND|111","RICHMOND|105",0.000308
"RICHMOND|112","RICHMOND|112",1
"RICHMOND|114","RICHMOND|602",0.989844
"RICHMOND|114","RICHMOND|604",0.010156
"RICHMOND|115","RICHMOND|115",0.999929
"RICHMOND|115","RICHMOND|802",7.1e-05
"RICHMOND|201","RICHMOND|110",0.999797
"RICHMOND|201","RICHMOND|111",0.000202
"RICHMOND|201","RICHMOND|207",1e-06
"RICHMOND|202","RICHMOND|202",0.999997
"RICHMOND|202","RICHMOND|503",2e-06
"RICHMOND|203","RICHMOND|203",1
"RICHMOND|204","RICHMOND|204",0.999999
"RICHMOND|207","RICHMOND|207",0.999991
"RICHMOND|207","RICHMOND|110",6e-06
"RICHMOND|207","RICHMOND|208",3e-06
"RICHMOND|208","RICHMOND|208",0.989339
"RICHMOND|208","RICHMOND|503",0.010651
"RICHMOND|208","RICHMOND|207",1e-05
"RICHMOND|210","RICHMOND|210",0.999816
"RICHMOND|210","RICHMOND|303",0.000183
"RICHMOND|210","RICHMOND|302",1e-06
"RICHMOND|301","RICHMOND|301",0.762479
"RICHMOND|301","RICHMOND|304",0.23752
"RICHMOND|301","RICHMOND|507",1e-06
"RICHMOND|302","RICHMOND|302",0.999991
"RICHMOND|302","RICHMOND|210",8e-06
"RICHMOND|302","RICHMOND|303",1e-06
"RICHMOND|303","RICHMOND|303",0.999509
"RICHMOND|303","RICHMOND|302",0.00049
"RICHMOND|304","RICHMOND|101",1
"RICHMOND|305","RICHMOND|704",1
"RICHMOND|306","RICHMOND|306",0.998829
"RICHMOND|306","RICHMOND|308",0.00117
"RICHMOND|307","RICHMOND|307",1
"RICHMOND|308","RICHMOND|308",0.998125
"RICHMOND|308","RICHMOND|306",0.001852
"RICHMOND|308","RICHMOND|706",2.2e-05
"RICHMOND|309","RICHMOND|506",0.998464
"RICHMOND|309","RICHMOND|310",0.000805
"RICHMOND|309","RICHMOND|507",0.000392
"RICHMOND|309","RICHMOND|201",3e-04
"RICHMOND|309","RICHMOND|402",3.8e-05
"RICHMOND|310","RICHMOND|310",0.998001
"RICHMOND|310","RICHMOND|402",0.000918
"RICHMOND|310","COLUMBIA|G A APOSTOLIC CHURCH",0.000833
"RICHMOND|310","RICHMOND|803",0.000108
"RICHMOND|310","RICHMOND|506",7.7e-05
"RICHMOND|310","COLUMBIA|WESTMINSTER PRESBYTERIAN CHURCH",6.2e-05
"RICHMOND|401","RICHMOND|607",0.999999
"RICHMOND|402","RICHMOND|402",0.999827
"RICHMOND|402","RICHMOND|310",0.000109
"RICHMOND|402","RICHMOND|803",2.5e-05
"RICHMOND|402","RICHMOND|502",2.4e-05
"RICHMOND|402","RICHMOND|506",1.1e-05
"RICHMOND|402","RICHMOND|401",4e-06
"RICHMOND|404","RICHMOND|606",0.998557
"RICHMOND|404","RICHMOND|607",0.00143
"RICHMOND|404","RICHMOND|403",1.3e-05
"RICHMOND|405","RICHMOND|405",0.982051
"RICHMOND|405","RICHMOND|406",0.01765
"RICHMOND|405","RICHMOND|601",0.000298
"RICHMOND|406","RICHMOND|406",0.999997
"RICHMOND|406","RICHMOND|402",2e-06
"RICHMOND|501","RICHMOND|501",0.99963
"RICHMOND|501","RICHMOND|605",0.000194
"RICHMOND|501","RICHMOND|502",0.000166
"RICHMOND|501","RICHMOND|504",9e-06
"RICHMOND|502","RICHMOND|502",0.725573
"RICHMOND|502","RICHMOND|401",0.274251
"RICHMOND|502","RICHMOND|201",0.000124
"RICHMOND|502","RICHMOND|402",3.8e-05
"RICHMOND|502","RICHMOND|505",1.3e-05
"RICHMOND|503","RICHMOND|503",0.568449
"RICHMOND|503","RICHMOND|505",0.428203
"RICHMOND|503","RICHMOND|208",0.003083
"RICHMOND|503","RICHMOND|201",0.000167
"RICHMOND|503","RICHMOND|502",5.6e-05
"RICHMOND|503","RICHMOND|202",2.4e-05
"RICHMOND|503","RICHMOND|504",1.7e-05
"RICHMOND|504","RICHMOND|201",0.999989
"RICHMOND|504","RICHMOND|507",1e-05
"RICHMOND|506","RICHMOND|605",1
"RICHMOND|507","RICHMOND|507",0.999956
"RICHMOND|507","RICHMOND|506",4.4e-05
"RICHMOND|509","RICHMOND|403",0.993725
"RICHMOND|509","RICHMOND|501",0.003388
"RICHMOND|509","RICHMOND|502",0.001749
"RICHMOND|509","RICHMOND|607",0.001136
"RICHMOND|509","RICHMOND|606",1e-06
"RICHMOND|601","RICHMOND|601",0.999995
"RICHMOND|601","RICHMOND|607",5e-06
"RICHMOND|603","RICHMOND|504",0.997623
"RICHMOND|603","RICHMOND|202",0.002365
"RICHMOND|603","RICHMOND|501",6e-06
"RICHMOND|603","RICHMOND|605",4e-06
"RICHMOND|603","RICHMOND|503",1e-06
"RICHMOND|604","RICHMOND|604",0.993221
"RICHMOND|604","RICHMOND|608",0.004301
"RICHMOND|604","RICHMOND|806",0.001915
"RICHMOND|604","RICHMOND|104",0.000303
"RICHMOND|604","RICHMOND|602",0.000247
"RICHMOND|604","RICHMOND|805",1.3e-05
"RICHMOND|605","RICHMOND|605",0.998284
"RICHMOND|605","RICHMOND|604",0.001669
"RICHMOND|605","RICHMOND|504",3.3e-05
"RICHMOND|605","RICHMOND|501",9e-06
"RICHMOND|605","RICHMOND|602",5e-06
"RICHMOND|607","RICHMOND|607",0.999999
"RICHMOND|608","RICHMOND|806",0.879429
"RICHMOND|608","RICHMOND|608",0.116214
"RICHMOND|608","RICHMOND|604",0.003134
"RICHMOND|608","RICHMOND|804H",0.001196
"RICHMOND|608","RICHMOND|804",2.7e-05
"RICHMOND|701","RICHMOND|701",0.989043
"RICHMOND|701","RICHMOND|705",0.010221
"RICHMOND|701","RICHMOND|709",0.000735
"RICHMOND|702","RICHMOND|702",0.663931
"RICHMOND|702","RICHMOND|708",0.333702
"RICHMOND|702","RICHMOND|107",0.002014
"RICHMOND|702","RICHMOND|106",0.000352
"RICHMOND|703","RICHMOND|703",0.720582
"RICHMOND|703","RICHMOND|709",0.277863
"RICHMOND|703","RICHMOND|701",0.001379
"RICHMOND|703","RICHMOND|708",0.000173
"RICHMOND|703","RICHMOND|706",2e-06
"RICHMOND|705","RICHMOND|705",0.998877
"RICHMOND|705","RICHMOND|701",0.001122
"RICHMOND|706","RICHMOND|706",0.999208
"RICHMOND|706","RICHMOND|705",0.000741
"RICHMOND|706","RICHMOND|308",5.1e-05
"RICHMOND|707","RICHMOND|707",0.999497
"RICHMOND|707","RICHMOND|703",0.000502
"RICHMOND|708","RICHMOND|706",0.999998
"RICHMOND|708","RICHMOND|707",2e-06
"RICHMOND|709","RICHMOND|707",0.999326
"RICHMOND|709","RICHMOND|703",0.000674
"RICHMOND|801","RICHMOND|801",0.581005
"RICHMOND|801","RICHMOND|811",0.412122
"RICHMOND|801","RICHMOND|801B",0.004941
"RICHMOND|801","RICHMOND|803",0.001914
"RICHMOND|801","RICHMOND|804",1.8e-05
"RICHMOND|801B","RICHMOND|801B",0.988373
"RICHMOND|801B","RICHMOND|803",0.009097
"RICHMOND|801B","RICHMOND|811",0.001978
"RICHMOND|801B","RICHMOND|801",0.000553
"RICHMOND|802","RICHMOND|802",0.999896
"RICHMOND|802","RICHMOND|810",9.4e-05
"RICHMOND|802","RICHMOND|806",8e-06
"RICHMOND|802","RICHMOND|115",1e-06
"RICHMOND|803","RICHMOND|803",0.999911
"RICHMOND|803","RICHMOND|310",3.6e-05
"RICHMOND|803","RICHMOND|807",3.2e-05
"RICHMOND|803","RICHMOND|801",1.3e-05
"RICHMOND|803","RICHMOND|801B",7e-06
"RICHMOND|804","RICHMOND|804",0.992121
"RICHMOND|804","RICHMOND|804H",0.006982
"RICHMOND|804","RICHMOND|807",0.000894
"RICHMOND|804","RICHMOND|806",3e-06
"RICHMOND|804H","RICHMOND|804H",0.994985
"RICHMOND|804H","RICHMOND|804",0.003447
"RICHMOND|804H","RICHMOND|810",0.001567
"RICHMOND|805","RICHMOND|805",0.997506
"RICHMOND|805","RICHMOND|808",0.002325
"RICHMOND|805","RICHMOND|604",0.000168
"RICHMOND|806","RICHMOND|806",0.997124
"RICHMOND|806","RICHMOND|802",0.002793
"RICHMOND|806","RICHMOND|810",8.3e-05
"RICHMOND|807","RICHMOND|807",0.983372
"RICHMOND|807","RICHMOND|803",0.016627
"RICHMOND|808","RICHMOND|808",0.998786
"RICHMOND|808","RICHMOND|805",0.001214
"RICHMOND|809","RICHMOND|405",1
"RICHMOND|810","RICHMOND|810",0.980764
"RICHMOND|810","RICHMOND|804H",0.019179
"RICHMOND|810","RICHMOND|806",5.7e-05
"ROCKDALE|BA","ROCKDALE|BA",0.999971
"ROCKDALE|BA","ROCKDALE|HC",1.7e-05
"ROCKDALE|BA","ROCKDALE|MA",1.2e-05
"ROCKDALE|BT","ROCKDALE|BT",0.999907
"ROCKDALE|BT","ROCKDALE|MI",5.1e-05
"ROCKDALE|BT","ROCKDALE|HI",4.2e-05
"ROCKDALE|CO","ROCKDALE|CO",0.96081
"ROCKDALE|CO","ROCKDALE|LA",0.036311
"ROCKDALE|CO","ROCKDALE|MI",0.002761
"ROCKDALE|CO","ROCKDALE|OT",0.000118
"ROCKDALE|FI","ROCKDALE|FI",0.999967
"ROCKDALE|FI","ROCKDALE|MI",3.2e-05
"ROCKDALE|FS","ROCKDALE|FS",0.992744
"ROCKDALE|FS","ROCKDALE|OT",0.006923
"ROCKDALE|FS","ROCKDALE|SP",0.000333
"ROCKDALE|HC","ROCKDALE|HC",0.999386
"ROCKDALE|HC","ROCKDALE|ST",0.000614
"ROCKDALE|HI","ROCKDALE|HI",0.998669
"ROCKDALE|HI","ROCKDALE|OT",0.001199
"ROCKDALE|HI","ROCKDALE|BT",0.000132
"ROCKDALE|LA","ROCKDALE|LA",0.998308
"ROCKDALE|LA","ROCKDALE|CO",0.001691
"ROCKDALE|LO","ROCKDALE|LO",0.999986
"ROCKDALE|LO","HENRY|PLEASANT GROVE",1.4e-05
"ROCKDALE|MA","ROCKDALE|MA",0.999987
"ROCKDALE|MA","ROCKDALE|BA",1.1e-05
"ROCKDALE|MA","NEWTON|19-BUCK CREEK",1e-06
"ROCKDALE|MI","ROCKDALE|MI",0.993317
"ROCKDALE|MI","ROCKDALE|OT",0.006506
"ROCKDALE|MI","ROCKDALE|CO",0.000171
"ROCKDALE|MI","ROCKDALE|HI",5e-06
"ROCKDALE|MI","ROCKDALE|FI",1e-06
"ROCKDALE|OT","ROCKDALE|OT",0.988081
"ROCKDALE|OT","ROCKDALE|RO",0.007598
"ROCKDALE|OT","ROCKDALE|MI",0.002331
"ROCKDALE|OT","ROCKDALE|HI",0.001427
"ROCKDALE|OT","ROCKDALE|SP",0.000181
"ROCKDALE|OT","NEWTON|12-GUM CREEK",0.000179
"ROCKDALE|OT","ROCKDALE|FS",0.00012
"ROCKDALE|OT","ROCKDALE|FI",4.2e-05
"ROCKDALE|OT","ROCKDALE|SM",4e-05
"ROCKDALE|OT","ROCKDALE|BT",1e-06
"ROCKDALE|RO","ROCKDALE|RO",0.988266
"ROCKDALE|RO","ROCKDALE|SM",0.011268
"ROCKDALE|RO","ROCKDALE|OT",0.000462
"ROCKDALE|RO","DEKALB|STONECREST LIBRARY (STC)",3e-06
"ROCKDALE|SM","ROCKDALE|SM",0.999982
"ROCKDALE|SM","ROCKDALE|ST",1.6e-05
"ROCKDALE|SM","DEKALB|CANDLER-MURPHEY CANDLER ELEM",2e-06
"ROCKDALE|SP","ROCKDALE|SP",0.999914
"ROCKDALE|SP","ROCKDALE|OT",8.6e-05
"ROCKDALE|ST","ROCKDALE|ST",0.999905
"ROCKDALE|ST","ROCKDALE|HC",8.2e-05
"ROCKDALE|ST","ROCKDALE|SM",1.2e-05
"SCHLEY|PRECINCT ONE","SCHLEY|PRECINCT ONE",1
"SCREVEN|BAY BRANCH","SCREVEN|BAY BRANCH FIRE STATION 9",0.903734
"SCREVEN|BAY BRANCH","SCREVEN|HILTONIA TOWN HALL",0.056232
"SCREVEN|BAY BRANCH","SCREVEN|CAIL COMMUNITY CENTER",0.040017
"SCREVEN|BAY BRANCH","SCREVEN|JENK HILL FIRE STATION 2",1.5e-05
"SCREVEN|BAY BRANCH","JENKINS|SENIOR CITIZENS CENTER",1e-06
"SCREVEN|COOPERVILLE FIRE STATION","SCREVEN|JENK HILL FIRE STATION 2",0.520209
"SCREVEN|COOPERVILLE FIRE STATION","SCREVEN|PLANTERS ANNEX",0.245852
"SCREVEN|COOPERVILLE FIRE STATION","SCREVEN|FIRE STATION #10-ROBBINS BRANCH",0.233939
"SCREVEN|GREENHILL CHURCH","SCREVEN|FIRE STATION #10-ROBBINS BRANCH",0.999979
"SCREVEN|GREENHILL CHURCH","SCREVEN|JENK HILL FIRE STATION 2",1.1e-05
"SCREVEN|GREENHILL CHURCH","SCREVEN|PLANTERS ANNEX",1e-05
"SCREVEN|HILTONIA","SCREVEN|HILTONIA TOWN HALL",1
"SCREVEN|HUNTERS","SCREVEN|FIRE STATION #10-ROBBINS BRANCH",0.962814
"SCREVEN|HUNTERS","SCREVEN|JENK HILL FIRE STATION 2",0.037177
"SCREVEN|HUNTERS","SCREVEN|CAIL COMMUNITY CENTER",5e-06
"SCREVEN|HUNTERS","SCREVEN|PLANTERS ANNEX",3e-06
"SCREVEN|JACKSON FIRE STATION","SCREVEN|PLANTERS ANNEX",0.999999
"SCREVEN|JACKSON FIRE STATION","SCREVEN|FIRE STATION #10-ROBBINS BRANCH",1e-06
"SCREVEN|JENK HILL FIRE STA","SCREVEN|JENK HILL FIRE STATION 2",0.999662
"SCREVEN|JENK HILL FIRE STA","SCREVEN|CAIL COMMUNITY CENTER",0.000275
"SCREVEN|JENK HILL FIRE STA","SCREVEN|FIRE STATION #10-ROBBINS BRANCH",6.1e-05
"SCREVEN|JENK HILL FIRE STA","SCREVEN|BAY BRANCH FIRE STATION 9",2e-06
"SCREVEN|NEWINGTON","SCREVEN|PLANTERS ANNEX",0.839607
"SCREVEN|NEWINGTON","SCREVEN|FIRE STATION #10-ROBBINS BRANCH",0.160393
"SCREVEN|ROCKY FORD","SCREVEN|BAY BRANCH FIRE STATION 9",1
"SCREVEN|SCREVEN REC. DEPT.","SCREVEN|HILTONIA TOWN HALL",0.981051
"SCREVEN|SCREVEN REC. DEPT.","SCREVEN|CAIL COMMUNITY CENTER",0.018197
"SCREVEN|SCREVEN REC. DEPT.","SCREVEN|SENIOR CITIZENS CENTER",0.000752
"SCREVEN|SR CITIZENS CENTER","SCREVEN|SENIOR CITIZENS CENTER",0.756411
"SCREVEN|SR CITIZENS CENTER","SCREVEN|FIRE STATION #10-ROBBINS BRANCH",0.213803
"SCREVEN|SR CITIZENS CENTER","SCREVEN|HILTONIA TOWN HALL",0.029786
"SCREVEN|SYLVANIA","SCREVEN|CAIL COMMUNITY CENTER",0.93099
"SCREVEN|SYLVANIA","SCREVEN|SENIOR CITIZENS CENTER",0.058945
"SCREVEN|SYLVANIA","SCREVEN|HILTONIA TOWN HALL",0.009442
"SCREVEN|SYLVANIA","SCREVEN|JENK HILL FIRE STATION 2",0.000623
"SEMINOLE|PRECINCT 1","SEMINOLE|PRECINCT 1",0.999898
"SEMINOLE|PRECINCT 1","SEMINOLE|PRECINCT 5",8e-05
"SEMINOLE|PRECINCT 1","SEMINOLE|PRECINCT 4",2.1e-05
"SEMINOLE|PRECINCT 2","SEMINOLE|PRECINCT 2",0.999999
"SEMINOLE|PRECINCT 3","SEMINOLE|PRECINCT 3",1
"SEMINOLE|PRECINCT 4","SEMINOLE|PRECINCT 4",0.999936
"SEMINOLE|PRECINCT 4","SEMINOLE|PRECINCT 1",6.4e-05
"SEMINOLE|PRECINCT 5","SEMINOLE|PRECINCT 5",1
"SPALDING|01","SPALDING|1",0.997804
"SPALDING|01","SPALDING|16",0.001424
"SPALDING|01","SPALDING|6",0.000614
"SPALDING|01","SPALDING|2",0.000157
"SPALDING|02","SPALDING|2",0.999516
"SPALDING|02","SPALDING|16",0.000353
"SPALDING|02","SPALDING|9",0.00013
"SPALDING|03","SPALDING|3",0.999561
"SPALDING|03","SPALDING|11",0.000207
"SPALDING|03","SPALDING|9",0.000127
"SPALDING|03","SPALDING|7",0.000105
"SPALDING|05","SPALDING|5",0.99515
"SPALDING|05","SPALDING|19",0.004141
"SPALDING|05","SPALDING|10",0.000609
"SPALDING|05","SPALDING|1",6.5e-05
"SPALDING|05","SPALDING|16",3.3e-05
"SPALDING|05","SPALDING|6",1e-06
"SPALDING|06","SPALDING|6",0.956439
"SPALDING|06","SPALDING|1",0.042996
"SPALDING|06","SPALDING|8",0.00032
"SPALDING|06","SPALDING|7",0.000245
"SPALDING|07","SPALDING|7",0.999381
"SPALDING|07","SPALDING|11",0.000612
"SPALDING|07","SPALDING|3",6e-06
"SPALDING|07","SPALDING|6",1e-06
"SPALDING|08","SPALDING|8",0.993477
"SPALDING|08","SPALDING|6",0.006216
"SPALDING|08","SPALDING|7",0.000306
"SPALDING|08","PIKE|SECOND DISTRICT",1e-06
"SPALDING|09","SPALDING|9",0.999998
"SPALDING|09","BUTTS|BUTTS COUNTY ADMINISTRATION JUDICIAL CENTER",1e-06
"SPALDING|10","SPALDING|10",0.998947
"SPALDING|10","SPALDING|5",0.000857
"SPALDING|10","SPALDING|12",0.00019
"SPALDING|10","SPALDING|6",5e-06
"SPALDING|11","SPALDING|11",0.999345
"SPALDING|11","SPALDING|7",0.00048
"SPALDING|11","SPALDING|20",0.000137
"SPALDING|11","SPALDING|9",2.3e-05
"SPALDING|11","SPALDING|3",1.5e-05
"SPALDING|12","SPALDING|12",0.99992
"SPALDING|12","SPALDING|10",8e-05
"SPALDING|13","SPALDING|13",0.999873
"SPALDING|13","SPALDING|14",7.2e-05
"SPALDING|13","SPALDING|16",5.4e-05
"SPALDING|14","SPALDING|14",0.999989
"SPALDING|14","SPALDING|16",1e-05
"SPALDING|14","SPALDING|21",1e-06
"SPALDING|16","SPALDING|16",0.989835
"SPALDING|16","SPALDING|21",0.009648
"SPALDING|16","SPALDING|5",0.000298
"SPALDING|16","SPALDING|2",9.7e-05
"SPALDING|16","SPALDING|9",5.6e-05
"SPALDING|16","SPALDING|14",5.6e-05
"SPALDING|16","SPALDING|1",1.1e-05
"SPALDING|17","SPALDING|9",0.998239
"SPALDING|17","SPALDING|3",0.001506
"SPALDING|17","SPALDING|16",0.000123
"SPALDING|17","SPALDING|11",8.3e-05
"SPALDING|17","SPALDING|2",4.9e-05
"SPALDING|19","SPALDING|19",0.999038
"SPALDING|19","SPALDING|5",0.000564
"SPALDING|19","SPALDING|13",0.000349
"SPALDING|19","SPALDING|1",4.8e-05
"SPALDING|19","SPALDING|10",1e-06
"SPALDING|20","SPALDING|20",1
"SPALDING|21","SPALDING|21",0.999485
"SPALDING|21","SPALDING|9",0.000371
"SPALDING|21","SPALDING|14",6.6e-05
"SPALDING|21","SPALDING|16",5.6e-05
"SPALDING|21","HENRY|LOCUST GROVE",2.1e-05
"STEPHENS|SENIOR CENTER","STEPHENS|STEPHENS COUNTY 1",0.99836
"STEPHENS|SENIOR CENTER","BANKS|COLUMBIA",0.00164
"STEWART|LOUVALE","STEWART|LOUVALE",0.975577
"STEWART|LOUVALE","STEWART|LUMPKIN",0.02442
"STEWART|LOUVALE","STEWART|RICHLAND",3e-06
"STEWART|LUMPKIN","STEWART|LUMPKIN",0.999983
"STEWART|LUMPKIN","STEWART|RICHLAND",1.4e-05
"STEWART|LUMPKIN","STEWART|OMAHA",2e-06
"STEWART|OMAHA","STEWART|OMAHA",0.999543
"STEWART|OMAHA","STEWART|LUMPKIN",0.000457
"STEWART|RICHLAND","STEWART|RICHLAND",0.999992
"STEWART|RICHLAND","STEWART|LOUVALE",7e-06
"SUMTER|AG CENTER","SUMTER|AG CENTER",0.997843
"SUMTER|AG CENTER","SUMTER|REC DEPT",0.000883
"SUMTER|AG CENTER","SUMTER|REES PARK",0.000844
"SUMTER|AG CENTER","SUMTER|JROTC",0.000373
"SUMTER|AG CENTER","SUMTER|THOMPSON",3.5e-05
"SUMTER|AG CENTER","SUMTER|PLAINS",2e-05
"SUMTER|AIRPORT","SUMTER|AIRPORT",0.99693
"SUMTER|AIRPORT","SUMTER|JROTC",0.001835
"SUMTER|AIRPORT","SUMTER|REES PARK",0.001234
"SUMTER|ANDERSONVILLE","SUMTER|ANDERSONVILLE",0.997256
"SUMTER|ANDERSONVILLE","SUMTER|BROWNS MILL",0.001465
"SUMTER|ANDERSONVILLE","DOOLY|BYROMVILLE",0.000672
"SUMTER|ANDERSONVILLE","MACON|MONTEZUMA #5",0.000423
"SUMTER|ANDERSONVILLE","SUMTER|REES PARK",0.000124
"SUMTER|ANDERSONVILLE","DOOLY|LILLY",5.7e-05
"SUMTER|ANDERSONVILLE","SUMTER|AIRPORT",4e-06
"SUMTER|BROWNS MILL","SUMTER|BROWNS MILL",0.999184
"SUMTER|BROWNS MILL","DOOLY|LILLY",0.000816
"SUMTER|CONCORD","SUMTER|CONCORD",0.999999
"SUMTER|GSW CONF CENTER","SUMTER|JROTC",0.995427
"SUMTER|GSW CONF CENTER","SUMTER|AIRPORT",0.00371
"SUMTER|GSW CONF CENTER","SUMTER|AG CENTER",0.000512
"SUMTER|GSW CONF CENTER","SUMTER|REC DEPT",0.000351
"SUMTER|LESLIE","SUMTER|LESLIE",1
"SUMTER|PLAINS","SUMTER|PLAINS",0.999834
"SUMTER|PLAINS","SUMTER|AG CENTER",0.000166
"SUMTER|REC DEPT","SUMTER|REC DEPT",0.997203
"SUMTER|REC DEPT","SUMTER|AG CENTER",0.002763
"SUMTER|REC DEPT","SUMTER|REES PARK",3.3e-05
"SUMTER|REES PARK","SUMTER|REES PARK",0.985263
"SUMTER|REES PARK","SUMTER|ANDERSONVILLE",0.009085
"SUMTER|REES PARK","SUMTER|AIRPORT",0.004111
"SUMTER|REES PARK","SUMTER|AG CENTER",0.001541
"SUMTER|THOMSON","SUMTER|THOMPSON",0.99996
"SUMTER|THOMSON","SUMTER|PLAINS",4e-05
"TALBOT|BOX SPRINGS","TALBOT|BOX SPRINGS",0.999929
"TALBOT|BOX SPRINGS","TALBOT|GENEVA",7.1e-05
"TALBOT|FLINT HILL","TALBOT|FLINT HILL",1
"TALBOT|GENEVA","TALBOT|GENEVA",0.999994
"TALBOT|GENEVA","TALBOT|TALBOTTON",6e-06
"TALBOT|JUNCTION CITY","TALBOT|JUNCTION CITY",0.999992
"TALBOT|JUNCTION CITY","TALBOT|TALBOTTON",6e-06
"TALBOT|JUNCTION CITY","TALBOT|VALLEY",2e-06
"TALBOT|ONEAL","TALBOT|ONEAL",0.999985
"TALBOT|ONEAL","TALBOT|TALBOTTON",1e-05
"TALBOT|ONEAL","TALBOT|VALLEY",6e-06
"TALBOT|TALBOTTON","TALBOT|TALBOTTON",0.999917
"TALBOT|TALBOTTON","TALBOT|JUNCTION CITY",4e-05
"TALBOT|TALBOTTON","TALBOT|VALLEY",2.4e-05
"TALBOT|TALBOTTON","TALBOT|ONEAL",1.8e-05
"TALBOT|VALLEY","TALBOT|VALLEY",0.999803
"TALBOT|VALLEY","TALBOT|TALBOTTON",0.000103
"TALBOT|VALLEY","TALBOT|JUNCTION CITY",9e-05
"TALBOT|VALLEY","TALBOT|ONEAL",4e-06
"TALIAFERRO|CRAWFORDVILLE","TALIAFERRO|CRAWFORDVILLE",0.999998
"TALIAFERRO|CRAWFORDVILLE","HANCOCK|MAYFIELD COMMUNITY CENTER",2e-06
"TALIAFERRO|SHARON","TALIAFERRO|SHARON",1
"TATTNALL|COBBTOWN","TATTNALL|COBBTOWN",0.999996
"TATTNALL|COBBTOWN","TATTNALL|COLLINS",4e-06
"TATTNALL|COLLINS","TATTNALL|COLLINS",0.999971
"TATTNALL|COLLINS","TATTNALL|DISTRICT II",1.3e-05
"TATTNALL|COLLINS","TATTNALL|MANASSAS",1.3e-05
"TATTNALL|COLLINS","TOOMBS|15361 LYONS",3e-06
"TATTNALL|DISTRICT II","TATTNALL|DISTRICT II",0.999733
"TATTNALL|DISTRICT II","TATTNALL|COLLINS",0.000118
"TATTNALL|DISTRICT II","TATTNALL|DISTRICT IV",9.6e-05
"TATTNALL|DISTRICT II","TATTNALL|SHILOH",5.2e-05
"TATTNALL|DISTRICT IV","TATTNALL|DISTRICT IV",0.999978
"TATTNALL|DISTRICT IV","TATTNALL|EAST GLENNVILLE",1.8e-05
"TATTNALL|DISTRICT IV","TATTNALL|DISTRICT V",4e-06
"TATTNALL|DISTRICT V","TATTNALL|DISTRICT V",0.999988
"TATTNALL|DISTRICT V","TATTNALL|DISTRICT IV",1.1e-05
"TATTNALL|EAST GLENNVILLE","TATTNALL|EAST GLENNVILLE",0.999951
"TATTNALL|EAST GLENNVILLE","TATTNALL|DISTRICT IV",4.9e-05
"TATTNALL|MANASSAS","TATTNALL|MANASSAS",0.999957
"TATTNALL|MANASSAS","TATTNALL|COLLINS",4.3e-05
"TATTNALL|SHILOH","TATTNALL|SHILOH",0.999965
"TATTNALL|SHILOH","TATTNALL|DISTRICT II",3.5e-05
"TAYLOR|PRECINCT 1","TAYLOR|PRECINCT 1",0.998563
"TAYLOR|PRECINCT 1","TAYLOR|PRECINCT 5",0.001038
"TAYLOR|PRECINCT 1","TAYLOR|PRECINCT 6",0.000399
"TAYLOR|PRECINCT 5","TAYLOR|PRECINCT 5",0.999871
"TAYLOR|PRECINCT 5","TAYLOR|PRECINCT 6",0.000106
"TAYLOR|PRECINCT 5","TAYLOR|PRECINCT 1",2.2e-05
"TAYLOR|PRECINCT 6","TAYLOR|PRECINCT 6",0.999687
"TAYLOR|PRECINCT 6","TAYLOR|PRECINCT 5",0.00019
"TAYLOR|PRECINCT 6","TAYLOR|PRECINCT 1",0.000121
"TAYLOR|PRECINCT 6","TALBOT|JUNCTION CITY",3e-06
"TELFAIR|HELENA","TELFAIR|HELENA",0.999982
"TELFAIR|HELENA","TELFAIR|MCRAE",1.8e-05
"TELFAIR|JACKSONVILLE","TELFAIR|JACKSONVILLE",1
"TELFAIR|LUMBER-CITY","TELFAIR|LUMBER-CITY",1
"TELFAIR|MCRAE","TELFAIR|MCRAE",0.999888
"TELFAIR|MCRAE","TELFAIR|SCOTLAND",0.000109
"TELFAIR|MCRAE","TELFAIR|MILAN",3e-06
"TELFAIR|MILAN","TELFAIR|MILAN",0.999948
"TELFAIR|MILAN","TELFAIR|HELENA",3.6e-05
"TELFAIR|MILAN","TELFAIR|MCRAE",1.6e-05
"TELFAIR|SCOTLAND","TELFAIR|SCOTLAND",1
"TERRELL|BRONWOOD","TERRELL|BRONWOOD",0.999886
"TERRELL|BRONWOOD","TERRELL|GRAVES",0.000114
"TERRELL|DAWSON","TERRELL|DAWSON",0.999961
"TERRELL|DAWSON","TERRELL|SASSER",3.9e-05
"TERRELL|GRAVES","TERRELL|GRAVES",0.999998
"TERRELL|GRAVES","RANDOLPH|BENEVOLENCE",2e-06
"TERRELL|HEROD-DOVER","TERRELL|HEROD-DOVER",1
"TERRELL|PARROTT","TERRELL|PARROTT",0.999999
"TERRELL|SASSER","TERRELL|SASSER",0.999949
"TERRELL|SASSER","TERRELL|DAWSON",5.1e-05
"THOMAS|BARWICK","THOMAS|BARWICK",1
"THOMAS|BOSTON","THOMAS|BOSTON",0.999987
"THOMAS|BOSTON","THOMAS|METCALFE",1.3e-05
"THOMAS|CENTRAL","THOMAS|CENTRAL",0.998814
"THOMAS|CENTRAL","THOMAS|REMINGTON ESC",0.001186
"THOMAS|COOLIDGE","THOMAS|COOLIDGE/MERRILLVILLE",0.999995
"THOMAS|COOLIDGE","THOMAS|COOLIDGE/MERRILVILLE",5e-06
"THOMAS|DOUGLASS","THOMAS|DOUGLASS",0.999978
"THOMAS|DOUGLASS","THOMAS|HARPER",2.1e-05
"THOMAS|FIRE STATION #2","THOMAS|FIRE STATION #2",0.998597
"THOMAS|FIRE STATION #2","THOMAS|GATLIN CREEK",0.000544
"THOMAS|FIRE STATION #2","THOMAS|TC PUBLIC LIBRARY/JERGER",0.000492
"THOMAS|FIRE STATION #2","THOMAS|HARPER",0.000287
"THOMAS|FIRE STATION #2","THOMAS|RESOURCE CENTER",7e-05
"THOMAS|FIRE STATION #2","THOMAS|METCALFE",9e-06
"THOMAS|GATLIN CREEK","THOMAS|GATLIN CREEK",0.998775
"THOMAS|GATLIN CREEK","THOMAS|TC PUBLIC LIBRARY/JERGER",0.001008
"THOMAS|GATLIN CREEK","THOMAS|BOSTON",0.000106
"THOMAS|GATLIN CREEK","THOMAS|FIRE STATION #2",9.3e-05
"THOMAS|GATLIN CREEK","THOMAS|CENTRAL",1.7e-05
"THOMAS|GATLIN CREEK","THOMAS|METCALFE",1e-06
"THOMAS|HARPER","THOMAS|HARPER",0.994921
"THOMAS|HARPER","THOMAS|FIRE STATION #2",0.005051
"THOMAS|HARPER","THOMAS|RESOURCE CENTER",2.5e-05
"THOMAS|HARPER","THOMAS|DOUGLASS",3e-06
"THOMAS|LITTLE OCHLOCKNEE BAPTIST","THOMAS|LITTLE OCHLOCKNEE BAPTIST",0.999845
"THOMAS|LITTLE OCHLOCKNEE BAPTIST","THOMAS|NEW COVENANT",0.000153
"THOMAS|LITTLE OCHLOCKNEE BAPTIST","THOMAS|MEIGS",2e-06
"THOMAS|MEIGS","THOMAS|MEIGS",0.999989
"THOMAS|MEIGS","THOMAS|OCHLOCKNEE",1.1e-05
"THOMAS|MERRILVILLE","THOMAS|COOLIDGE/MERRILVILLE",1
"THOMAS|METCALFE","THOMAS|METCALFE",0.999173
"THOMAS|METCALFE","THOMAS|BOSTON",0.000764
"THOMAS|METCALFE","THOMAS|FIRE STATION #2",6.3e-05
"THOMAS|NEW COVENANT","THOMAS|NEW COVENANT",0.999065
"THOMAS|NEW COVENANT","THOMAS|TC PUBLIC LIBRARY/SCOTT",0.000457
"THOMAS|NEW COVENANT","THOMAS|OCHLOCKNEE",0.000325
"THOMAS|NEW COVENANT","THOMAS|LITTLE OCHLOCKNEE BAPTIST",0.000108
"THOMAS|NEW COVENANT","THOMAS|REMINGTON ESC",4.3e-05
"THOMAS|NEW COVENANT","THOMAS|CENTRAL",2e-06
"THOMAS|OCHLOCKNEE","THOMAS|OCHLOCKNEE",1
"THOMAS|PATTEN","THOMAS|PAVO/PATTEN",1
"THOMAS|PAVO","THOMAS|PAVO/PATTEN",1
"THOMAS|REMINGTON ESC","THOMAS|REMINGTON ESC",0.990252
"THOMAS|REMINGTON ESC","THOMAS|CENTRAL",0.007653
"THOMAS|REMINGTON ESC","THOMAS|NEW COVENANT",0.001811
"THOMAS|REMINGTON ESC","THOMAS|HARPER",0.000283
"THOMAS|RESOURCE CENTER","THOMAS|RESOURCE CENTER",0.994666
"THOMAS|RESOURCE CENTER","THOMAS|FIRE STATION #2",0.005333
"THOMAS|TC PUBLIC LIBRARY/JERGER","THOMAS|TC PUBLIC LIBRARY/JERGER",0.990595
"THOMAS|TC PUBLIC LIBRARY/JERGER","THOMAS|GATLIN CREEK",0.007377
"THOMAS|TC PUBLIC LIBRARY/JERGER","THOMAS|FIRE STATION #2",0.002024
"THOMAS|TC PUBLIC LIBRARY/JERGER","THOMAS|RESOURCE CENTER",2e-06
"THOMAS|TC PUBLIC LIBRARY/JERGER","THOMAS|REMINGTON ESC",2e-06
"THOMAS|TC PUBLIC LIBRARY/SCOTT","THOMAS|TC PUBLIC LIBRARY/SCOTT",0.986812
"THOMAS|TC PUBLIC LIBRARY/SCOTT","THOMAS|NEW COVENANT",0.01314
"THOMAS|TC PUBLIC LIBRARY/SCOTT","THOMAS|DOUGLASS",4.8e-05
"TIFT|BRIGHTON","TIFT|BRIGHTON",0.999974
"TIFT|BRIGHTON","TIFT|TIFTON LODGE",2.6e-05
"TIFT|BROOKFIELD","TIFT|BROOKFIELD",0.999341
"TIFT|BROOKFIELD","TIFT|MOTT-LITMAN GYM",0.000659
"TIFT|CHULA","TIFT|CHULA",0.999823
"TIFT|CHULA","TIFT|BRIGHTON",0.000177
"TIFT|DOCIA","TIFT|DOCIA",0.999717
"TIFT|DOCIA","TIFT|OMEGA",0.000282
"TIFT|ELDORADO","TIFT|ELDORADO",0.999967
"TIFT|ELDORADO","TIFT|MOTT-LITMAN GYM",3.3e-05
"TIFT|MOTT-LITMAN GYM","TIFT|MOTT-LITMAN GYM",0.999983
"TIFT|MOTT-LITMAN GYM","TIFT|TIFTON SOUTH",1e-05
"TIFT|MOTT-LITMAN GYM","TIFT|ELDORADO",6e-06
"TIFT|OMEGA","TIFT|OMEGA",0.999772
"TIFT|OMEGA","TIFT|DOCIA",0.000228
"TIFT|TIFTON LODGE","TIFT|TIFTON LODGE",0.999509
"TIFT|TIFTON LODGE","TIFT|BROOKFIELD",0.000417
"TIFT|TIFTON LODGE","TIFT|MOTT-LITMAN GYM",7.5e-05
"TIFT|TIFTON NORTHEAST","TIFT|TIFTON NORTHEAST",0.999291
"TIFT|TIFTON NORTHEAST","TIFT|TIFTON LODGE",0.000695
"TIFT|TIFTON NORTHEAST","TIFT|TIFTON NORTHWEST",1.4e-05
"TIFT|TIFTON NORTHWEST","TIFT|TIFTON NORTHWEST",0.999631
"TIFT|TIFTON NORTHWEST","TIFT|TIFTON LODGE",0.000183
"TIFT|TIFTON NORTHWEST","TIFT|CHULA",8.5e-05
"TIFT|TIFTON NORTHWEST","TIFT|TIFTON NORTHEAST",7.7e-05
"TIFT|TIFTON NORTHWEST","TIFT|TIFTON SOUTH",2.3e-05
"TIFT|TIFTON SOUTH","TIFT|TIFTON SOUTH",0.998614
"TIFT|TIFTON SOUTH","TIFT|ELDORADO",0.001065
"TIFT|TIFTON SOUTH","TIFT|TIFTON NORTHWEST",0.00032
"TIFT|TY TY","TIFT|TY TY",0.999711
"TIFT|TY TY","TIFT|CHULA",0.000284
"TIFT|TY TY","TIFT|DOCIA",5e-06
"TOOMBS|15361 LYONS","TOOMBS|15361 LYONS",0.999271
"TOOMBS|15361 LYONS","TOOMBS|513 V.P.D.",0.000631
"TOOMBS|15361 LYONS","TOOMBS|514 S.T.I.A.L.C.",9.8e-05
"TOOMBS|39 NEWBRANCH","TOOMBS|39 NEWBRANCH",1
"TOOMBS|43 CEDAR CROSSING","TOOMBS|43 CEDAR CROSSING",1
"TOOMBS|513 V.P.D.","TOOMBS|513 V.P.D.",0.999467
"TOOMBS|513 V.P.D.","TOOMBS|15361 LYONS",0.00052
"TOOMBS|513 V.P.D.","TOOMBS|39 NEWBRANCH",1.2e-05
"TOOMBS|514 S.T.I.A.L.C.","TOOMBS|514 S.T.I.A.L.C.",0.998031
"TOOMBS|514 S.T.I.A.L.C.","TOOMBS|15361 LYONS",0.001933
"TOOMBS|514 S.T.I.A.L.C.","TOOMBS|513 V.P.D.",1.9e-05
"TOOMBS|514 S.T.I.A.L.C.","MONTGOMERY|HIGGSTON PRECINCT",1.6e-05
"TOWNS|HIAWASSEE","TOWNS|HIAWASSEE",0.949416
"TOWNS|HIAWASSEE","TOWNS|YOUNG HARRIS",0.050465
"TOWNS|HIAWASSEE","UNION|TRACKROCK",0.000119
"TOWNS|MACEDONIA","TOWNS|HIAWASSEE",0.998446
"TOWNS|MACEDONIA","UNION|CHOESTOE",0.000465
"TOWNS|MACEDONIA","WHITE|ROBERTSTOWN/HELEN",0.000422
"TOWNS|MACEDONIA","HABERSHAM|AMYS CREEK",0.000238
"TOWNS|MACEDONIA","UNION|TRACKROCK",0.000232
"TOWNS|MACEDONIA","RABUN|RABUN COUNTY",0.000133
"TOWNS|MACEDONIA","WHITE|NACOOCHEE",6.4e-05
"TOWNS|YOUNG HARRIS","TOWNS|YOUNG HARRIS",0.996837
"TOWNS|YOUNG HARRIS","UNION|TRACKROCK",0.001738
"TOWNS|YOUNG HARRIS","UNION|GUMLOG",0.001344
"TOWNS|YOUNG HARRIS","UNION|BLAIRSVILLE",8e-05
"TOWNS|YOUNG HARRIS","TOWNS|HIAWASSEE",1e-06
"TREUTLEN|ANNEX","TREUTLEN|ANNEX",0.999984
"TREUTLEN|ANNEX","EMANUEL|OAK PARK",1.3e-05
"TREUTLEN|ANNEX","EMANUEL|ADRIAN",2e-06
"TREUTLEN|ANNEX","TREUTLEN|SOPERTON",1e-06
"TREUTLEN|SOPERTON","TREUTLEN|SOPERTON",0.999988
"TREUTLEN|SOPERTON","MONTGOMERY|MOUNT VERNON PRECINCT",1.2e-05
"TROUP|ADMINISTRATION BLDG","TROUP|ADMINISTRATION BLDG",0.994192
"TROUP|ADMINISTRATION BLDG","TROUP|LONG CANE",0.003784
"TROUP|ADMINISTRATION BLDG","TROUP|HOLLIS HAND",0.00157
"TROUP|ADMINISTRATION BLDG","TROUP|GRIGGS CENTER",0.000454
"TROUP|EAST VERNON","TROUP|EAST VERNON",0.999761
"TROUP|EAST VERNON","TROUP|HOLLIS HAND",0.000235
"TROUP|EAST VERNON","TROUP|LONG CANE",5e-06
"TROUP|GARDNER NEWMAN","TROUP|GARDNER NEWMAN",0.603791
"TROUP|GARDNER NEWMAN","TROUP|MOUNTVILLE",0.396133
"TROUP|GARDNER NEWMAN","TROUP|ROSEMONT",7.6e-05
"TROUP|GRAY HILL","TROUP|GRAY HILL",0.981635
"TROUP|GRAY HILL","TROUP|WEST POINT",0.011262
"TROUP|GRAY HILL","TROUP|ADMINISTRATION BLDG",0.006944
"TROUP|GRAY HILL","TROUP|ROSEMONT",0.000157
"TROUP|GRAY HILL","HARRIS|SKINNER",2e-06
"TROUP|GRIGGS CENTER","TROUP|GRIGGS CENTER",0.921232
"TROUP|GRIGGS CENTER","TROUP|HAMMETT RD",0.063267
"TROUP|GRIGGS CENTER","TROUP|ADMINISTRATION BLDG",0.015501
"TROUP|HAMMETT RD","TROUP|HAMMETT RD",0.999912
"TROUP|HAMMETT RD","TROUP|HOLLIS HAND",8.8e-05
"TROUP|HIGHLAND","TROUP|GRIGGS CENTER",0.632359
"TROUP|HIGHLAND","TROUP|ROSEMONT",0.336476
"TROUP|HIGHLAND","TROUP|GARDNER NEWMAN",0.021079
"TROUP|HIGHLAND","TROUP|HAMMETT RD",0.009971
"TROUP|HIGHLAND","TROUP|GRAY HILL",9.4e-05
"TROUP|HIGHLAND","TROUP|MOUNTVILLE",2.1e-05
"TROUP|HOGANSVILLE","TROUP|HOGANSVILLE",0.787266
"TROUP|HOGANSVILLE","TROUP|MOUNTVILLE",0.2127
"TROUP|HOGANSVILLE","TROUP|GARDNER NEWMAN",3.3e-05
"TROUP|HOLLIS HAND","TROUP|HOLLIS HAND",0.998288
"TROUP|HOLLIS HAND","TROUP|ADMINISTRATION BLDG",0.000883
"TROUP|HOLLIS HAND","TROUP|EAST VERNON",0.000688
"TROUP|HOLLIS HAND","TROUP|HAMMETT RD",0.000141
"TROUP|LONG CANE","TROUP|LONG CANE",0.789879
"TROUP|LONG CANE","TROUP|ADMINISTRATION BLDG",0.161838
"TROUP|LONG CANE","TROUP|WEST POINT",0.047875
"TROUP|LONG CANE","TROUP|GRAY HILL",0.000408
"TROUP|MCLENDON","TROUP|MCLENDON",0.99583
"TROUP|MCLENDON","TROUP|HOGANSVILLE",0.003108
"TROUP|MCLENDON","TROUP|HOLLIS HAND",0.001062
"TROUP|NORTHSIDE","TROUP|HOLLIS HAND",0.999709
"TROUP|NORTHSIDE","TROUP|HAMMETT RD",0.000291
"TROUP|ROSEMONT","TROUP|ROSEMONT",0.849417
"TROUP|ROSEMONT","TROUP|MOUNTVILLE",0.150576
"TROUP|ROSEMONT","TROUP|GRAY HILL",7e-06
"TROUP|WEST POINT","TROUP|WEST POINT",0.988808
"TROUP|WEST POINT","TROUP|GRAY HILL",0.011192
"TURNER|ASHBURN","TURNER|REBECCA",0.503237
"TURNER|ASHBURN","TURNER|SYCAMORE",0.456085
"TURNER|ASHBURN","TURNER|ASHBURN",0.040677
"TURNER|REBECCA","TURNER|REBECCA",1
"TURNER|SYCAMORE","TURNER|SYCAMORE",0.808408
"TURNER|SYCAMORE","TURNER|REBECCA",0.191592
"TWIGGS|DRY BRANCH","TWIGGS|DRY BRANCH",0.999958
"TWIGGS|DRY BRANCH","TWIGGS|JEFFERSONVILLE/WARE",3.7e-05
"TWIGGS|DRY BRANCH","TWIGGS|GOLDEN ISLES",5e-06
"TWIGGS|GOLDEN ISLES","TWIGGS|GOLDEN ISLES",0.999977
"TWIGGS|GOLDEN ISLES","TWIGGS|JEFFERSONVILLE/WARE",1.5e-05
"TWIGGS|GOLDEN ISLES","TWIGGS|SHADY GROVE/TARVERS",6e-06
"TWIGGS|GOLDEN ISLES","TWIGGS|DRY BRANCH",2e-06
"TWIGGS|HIGGSVILLE","TWIGGS|HIGGSVILLE",0.999997
"TWIGGS|HIGGSVILLE","TWIGGS|JEFFERSONVILLE/WARE",1e-06
"TWIGGS|HIGGSVILLE","TWIGGS|SHADY GROVE/TARVERS",1e-06
"TWIGGS|JEFFERSONVILLE/WARE","TWIGGS|JEFFERSONVILLE/WARE",0.999972
"TWIGGS|JEFFERSONVILLE/WARE","TWIGGS|HIGGSVILLE",1.3e-05
"TWIGGS|JEFFERSONVILLE/WARE","TWIGGS|DRY BRANCH",1.2e-05
"TWIGGS|JEFFERSONVILLE/WARE","TWIGGS|SHADY GROVE/TARVERS",2e-06
"TWIGGS|SHADY GROVE/TARVERS","TWIGGS|SHADY GROVE/TARVERS",0.999984
"TWIGGS|SHADY GROVE/TARVERS","TWIGGS|GOLDEN ISLES",1.3e-05
"TWIGGS|SHADY GROVE/TARVERS","TWIGGS|HIGGSVILLE",3e-06
"UNION|BLAIRSVILLE","UNION|BLAIRSVILLE",0.998433
"UNION|BLAIRSVILLE","UNION|TRACKROCK",0.001265
"UNION|BLAIRSVILLE","UNION|GUMLOG",0.000154
"UNION|BLAIRSVILLE","TOWNS|YOUNG HARRIS",8.3e-05
"UNION|BLAIRSVILLE","UNION|COOSA",6.3e-05
"UNION|BLAIRSVILLE","UNION|PAT COLWELL",2e-06
"UNION|CHOESTOE","UNION|CHOESTOE",0.99923
"UNION|CHOESTOE","UNION|OWLTOWN",0.000693
"UNION|CHOESTOE","TOWNS|HIAWASSEE",7.7e-05
"UNION|COOSA","UNION|COOSA",0.999925
"UNION|COOSA","UNION|OWLTOWN",6.8e-05
"UNION|COOSA","UNION|JONES CREEK",6e-06
"UNION|DOOLEY","UNION|DOOLEY",0.997773
"UNION|DOOLEY","UNION|IVY LOG",0.002226
"UNION|GUMLOG","UNION|GUMLOG",0.999115
"UNION|GUMLOG","TOWNS|YOUNG HARRIS",0.000733
"UNION|GUMLOG","UNION|IVY LOG",0.000151
"UNION|IVY LOG","UNION|IVY LOG",0.99983
"UNION|IVY LOG","UNION|GUMLOG",0.000164
"UNION|IVY LOG","UNION|DOOLEY",6e-06
"UNION|JONES CREEK","UNION|JONES CREEK",0.999149
"UNION|JONES CREEK","UNION|PAT COLWELL",0.000503
"UNION|JONES CREEK","UNION|COOSA",0.000348
"UNION|OWLTOWN","UNION|OWLTOWN",0.999572
"UNION|OWLTOWN","UNION|CHOESTOE",0.000313
"UNION|OWLTOWN","UNION|TRACKROCK",0.000105
"UNION|OWLTOWN","UNION|COOSA",9e-06
"UNION|PAT COLWELL","UNION|PAT COLWELL",0.999117
"UNION|PAT COLWELL","UNION|COOSA",0.000878
"UNION|PAT COLWELL","UNION|BLAIRSVILLE",4e-06
"UNION|SUCHES","UNION|SUCHES",0.999848
"UNION|SUCHES","LUMPKIN|DAHLONEGA",0.000152
"UNION|TRACKROCK","UNION|TRACKROCK",0.99684
"UNION|TRACKROCK","TOWNS|YOUNG HARRIS",0.002567
"UNION|TRACKROCK","TOWNS|HIAWASSEE",0.000335
"UNION|TRACKROCK","UNION|OWLTOWN",0.00016
"UNION|TRACKROCK","UNION|BLAIRSVILLE",9.2e-05
"UNION|TRACKROCK","UNION|CHOESTOE",5e-06
"UPSON|REDBONE","UPSON|REDBONE",1
"UPSON|SALEM","UPSON|SALEM",1
"UPSON|TOWN","UPSON|TOWN",1
"UPSON|YATESVILLE","UPSON|YATESVILLE",1
"WALKER|ARMUCHEE VALLEY","WALKER|ARMUCHEE VALLEY",0.999996
"WALKER|ARMUCHEE VALLEY","GORDON|SUGAR VALLEY",3e-06
"WALKER|CHATTANOOGA VALLEY","WALKER|CHATTANOOGA VALLEY",0.998479
"WALKER|CHATTANOOGA VALLEY","WALKER|MOUNTAIN",0.001463
"WALKER|CHATTANOOGA VALLEY","WALKER|CHICKAMAUGA",5.7e-05
"WALKER|CHICKAMAUGA","WALKER|CHICKAMAUGA",0.999997
"WALKER|CHICKAMAUGA","WALKER|CHATTANOOGA VALLEY",3e-06
"WALKER|FAIRVIEW","WALKER|FAIRVIEW",1
"WALKER|FAIRYLAND","WALKER|FAIRYLAND",0.999999
"WALKER|KENSINGTON","WALKER|KENSINGTON",1
"WALKER|LA FAYETTE","WALKER|LA FAYETTE",0.999909
"WALKER|LA FAYETTE","WALKER|ROCK SPRING",9.1e-05
"WALKER|MOUNTAIN","WALKER|MOUNTAIN",0.999983
"WALKER|MOUNTAIN","WALKER|CHATTANOOGA VALLEY",1.5e-05
"WALKER|MOUNTAIN","DADE|NEW SALEM",2e-06
"WALKER|ROCK SPRING","WALKER|ROCK SPRING",0.999945
"WALKER|ROCK SPRING","WALKER|LA FAYETTE",5.4e-05
"WALKER|ROSSVILLE","WALKER|ROSSVILLE",0.999998
"WALKER|ROSSVILLE","CATOOSA|LAKEVIEW",2e-06
"WALKER|WALNUT GROVE","WALKER|WALNUT GROVE",0.955314
"WALKER|WALNUT GROVE","WALKER|LA FAYETTE",0.044643
"WALKER|WALNUT GROVE","WALKER|ROCK SPRING",4.2e-05
"WALKER|WALNUT GROVE","WALKER|KENSINGTON",1e-06
"WALTON|BAY CREEK","WALTON|BAY CREEK",0.999689
"WALTON|BAY CREEK","WALTON|BETWEEN",0.000282
"WALTON|BAY CREEK","WALTON|LOGANVILLE CENTRAL",2.9e-05
"WALTON|BETWEEN","WALTON|BETWEEN",0.999633
"WALTON|BETWEEN","WALTON|W MONROE",0.000295
"WALTON|BETWEEN","WALTON|CENTRAL MONROE",4.8e-05
"WALTON|BETWEEN","WALTON|BAY CREEK",2.3e-05
"WALTON|BLASINGAME","WALTON|BLASINGAME",0.999611
"WALTON|BLASINGAME","WALTON|SOCIAL CIRCLE",0.00034
"WALTON|BLASINGAME","WALTON|WHATLEY",4.9e-05
"WALTON|BOLD SPRINGS","WALTON|BOLD SPRINGS",1
"WALTON|BROKEN ARROW","WALTON|BROKEN ARROW",0.999987
"WALTON|BROKEN ARROW","WALTON|TARA",7e-06
"WALTON|BROKEN ARROW","WALTON|WALNUT GROVE",6e-06
"WALTON|E MONROE","WALTON|CENTRAL MONROE",1
"WALTON|GOOD HOPE","WALTON|GOOD HOPE",1
"WALTON|GRATIS","WALTON|GRATIS",0.99998
"WALTON|GRATIS","WALTON|CENTRAL MONROE",1.4e-05
"WALTON|GRATIS","WALTON|MOUNTAIN",6e-06
"WALTON|JERSEY","WALTON|JERSEY",0.999016
"WALTON|JERSEY","WALTON|SOCIAL CIRCLE",0.000694
"WALTON|JERSEY","WALTON|WHATLEY",0.00029
"WALTON|LOGANVILLE NORTH","WALTON|LOGANVILLE CENTRAL",0.999544
"WALTON|LOGANVILLE NORTH","WALTON|TARA",0.000453
"WALTON|LOGANVILLE NORTH","WALTON|BAY CREEK",2e-06
"WALTON|LOGANVILLE SOUTH","WALTON|LOGANVILLE CENTRAL",0.99992
"WALTON|LOGANVILLE SOUTH","WALTON|WEST WALTON",7.9e-05
"WALTON|MOUNTAIN","WALTON|MOUNTAIN",0.999991
"WALTON|MOUNTAIN","WALTON|GRATIS",9e-06
"WALTON|NORTH MONROE","WALTON|CENTRAL MONROE",0.999153
"WALTON|NORTH MONROE","WALTON|SOUTH MONROE",0.000634
"WALTON|NORTH MONROE","WALTON|BETWEEN",0.000158
"WALTON|NORTH MONROE","WALTON|W MONROE",5.4e-05
"WALTON|SOCIAL CIRCLE","WALTON|SOCIAL CIRCLE",0.999427
"WALTON|SOCIAL CIRCLE","WALTON|JERSEY",0.000528
"WALTON|SOCIAL CIRCLE","WALTON|BLASINGAME",2.9e-05
"WALTON|SOCIAL CIRCLE","WALTON|WHATLEY",1.5e-05
"WALTON|SOUTH MONROE","WALTON|SOUTH MONROE",0.997935
"WALTON|SOUTH MONROE","WALTON|W MONROE",0.001989
"WALTON|SOUTH MONROE","WALTON|CENTRAL MONROE",7.6e-05
"WALTON|TARA","WALTON|TARA",0.999685
"WALTON|TARA","WALTON|LOGANVILLE CENTRAL",0.000313
"WALTON|TARA","WALTON|BROKEN ARROW",2e-06
"WALTON|W MONROE","WALTON|W MONROE",0.996571
"WALTON|W MONROE","WALTON|SOUTH MONROE",0.00329
"WALTON|W MONROE","WALTON|WHATLEY",8.4e-05
"WALTON|W MONROE","WALTON|CENTRAL MONROE",5.3e-05
"WALTON|W MONROE","WALTON|BETWEEN",2e-06
"WALTON|WALKER PARK","WALTON|WALKER PARK",1
"WALTON|WALNUT GROVE","WALTON|WALNUT GROVE",0.997298
"WALTON|WALNUT GROVE","WALTON|BROKEN ARROW",0.002702
"WALTON|WEST WALTON","WALTON|WEST WALTON",0.999605
"WALTON|WEST WALTON","WALTON|BROKEN ARROW",0.00038
"WALTON|WEST WALTON","WALTON|LOGANVILLE CENTRAL",1.5e-05
"WALTON|WHATLEY","WALTON|WHATLEY",0.999342
"WALTON|WHATLEY","WALTON|JERSEY",0.000583
"WALTON|WHATLEY","WALTON|BLASINGAME",6.7e-05
"WALTON|WHATLEY","WALTON|W MONROE",8e-06
"WARE|100","WARE|100 - CITY AUDITORIUM",0.999654
"WARE|100","WARE|300 - WARE BOE TRANSPORTATION",0.000346
"WARE|200A","WARE|200A - MEMORIAL STADIUM",0.99034
"WARE|200A","WARE|200C - SECOND BAPTIST CHURCH",0.009648
"WARE|200A","WARE|100 - CITY AUDITORIUM",1.2e-05
"WARE|200B","WARE|100 - CITY AUDITORIUM",0.641658
"WARE|200B","WARE|200B - CITY AUDITORIUM",0.35421
"WARE|200B","WARE|304 - WARE BOE LEARNING CENTER",0.002372
"WARE|200B","WARE|200C - SECOND BAPTIST CHURCH",0.001421
"WARE|200B","WARE|400 - SECOND BAPTIST CHURCH",0.000339
"WARE|300","WARE|300 - WARE BOE TRANSPORTATION",0.996955
"WARE|300","WARE|200C - SECOND BAPTIST CHURCH",0.0014
"WARE|300","WARE|304 - WARE BOE LEARNING CENTER",0.001234
"WARE|300","WARE|100 - CITY AUDITORIUM",0.000317
"WARE|300","WARE|406 - JAMESTOWN BAPTIST CHURCH",5e-05
"WARE|300","WARE|409 - WARESBORO CHURCH OF GOD",4.4e-05
"WARE|400","WARE|400 - SECOND BAPTIST CHURCH",0.919235
"WARE|400","WARE|200C - SECOND BAPTIST CHURCH",0.080473
"WARE|400","WARE|200B - CITY AUDITORIUM",0.000244
"WARE|400","WARE|200A - MEMORIAL STADIUM",4.9e-05
"WARE|404","WARE|404 - BICKLEY UM CHURCH",0.999814
"WARE|404","WARE|405 - HAYWOOD BAPTIST CHURCH",0.000186
"WARE|405","WARE|405 - HAYWOOD BAPTIST CHURCH",0.999941
"WARE|405","WARE|404 - BICKLEY UM CHURCH",5.9e-05
"WARE|406","WARE|406 - JAMESTOWN BAPTIST CHURCH",0.999899
"WARE|406","WARE|409 - WARESBORO CHURCH OF GOD",1e-04
"WARE|407","WARE|407 - MANOR COMMUNITY CENTER",1
"WARE|408","WARE|408 - MILLWOOD BAPTIST CHURCH",0.999987
"WARE|408","WARE|409 - WARESBORO CHURCH OF GOD",1.3e-05
"WARE|409","WARE|409 - WARESBORO CHURCH OF GOD",0.999862
"WARE|409","WARE|406 - JAMESTOWN BAPTIST CHURCH",0.000118
"WARE|409","WARE|407 - MANOR COMMUNITY CENTER",1e-05
"WARE|409","WARE|408 - MILLWOOD BAPTIST CHURCH",7e-06
"WARE|409","WARE|300 - WARE BOE TRANSPORTATION",3e-06
"WARE|EMERSON PARK BAPTIST CHURCH","WARE|304 - WARE BOE LEARNING CENTER",0.999716
"WARE|EMERSON PARK BAPTIST CHURCH","WARE|100 - CITY AUDITORIUM",0.000283
"WARREN|WARRENTON","WARREN|WARRENTON",1
"WASHINGTON|DAVISBORO","WASHINGTON|DAVISBORO",0.999964
"WASHINGTON|DAVISBORO","WASHINGTON|WARTHEN",3.6e-05
"WASHINGTON|DEEPSTEP","WASHINGTON|DEEPSTEP",0.999553
"WASHINGTON|DEEPSTEP","WASHINGTON|OCONEE",0.000398
"WASHINGTON|DEEPSTEP","WASHINGTON|SANDERSVILLE",4.9e-05
"WASHINGTON|HARRISON","WASHINGTON|HARRISON",1
"WASHINGTON|OCONEE","WASHINGTON|OCONEE",0.999623
"WASHINGTON|OCONEE","WASHINGTON|DEEPSTEP",0.000375
"WASHINGTON|OCONEE","WASHINGTON|SANDERSVILLE",2e-06
"WASHINGTON|RIDDLEVILLE","WASHINGTON|RIDDLEVILLE",1
"WASHINGTON|SANDERSVILLE","WASHINGTON|SANDERSVILLE",0.999774
"WASHINGTON|SANDERSVILLE","WASHINGTON|DEEPSTEP",0.000129
"WASHINGTON|SANDERSVILLE","WASHINGTON|WARTHEN",7.9e-05
"WASHINGTON|SANDERSVILLE","WASHINGTON|OCONEE",1.5e-05
"WASHINGTON|SANDERSVILLE","WASHINGTON|DAVISBORO",3e-06
"WASHINGTON|TENNILLE","WASHINGTON|TENNILLE",1
"WASHINGTON|WARTHEN","WASHINGTON|WARTHEN",0.999956
"WASHINGTON|WARTHEN","WASHINGTON|SANDERSVILLE",4.3e-05
"WAYNE|ALTAMAHA","WAYNE|ALTAMAHA",0.998306
"WAYNE|ALTAMAHA","WAYNE|PINE STREET",0.001608
"WAYNE|ALTAMAHA","WAYNE|VFW",8.6e-05
"WAYNE|EMPIRE","WAYNE|EMPIRE",1
"WAYNE|GARDI","WAYNE|GARDI",0.999431
"WAYNE|GARDI","GLYNN|COG",0.000569
"WAYNE|MADRAY SPRINGS","WAYNE|MADRAY SPRINGS",1
"WAYNE|ODUM","WAYNE|ODUM",0.999999
"WAYNE|OGLETHORPE","WAYNE|OGLETHORPE",0.999957
"WAYNE|OGLETHORPE","WAYNE|VFW",4.3e-05
"WAYNE|PINE STREET","WAYNE|PINE STREET",0.998072
"WAYNE|PINE STREET","WAYNE|REC CENTER",0.001928
"WAYNE|REC CENTER","WAYNE|REC CENTER",0.989842
"WAYNE|REC CENTER","WAYNE|PINE STREET",0.010158
"WAYNE|RED HILL","WAYNE|RED HILL",0.996012
"WAYNE|RED HILL","WAYNE|UNITY",0.003954
"WAYNE|RED HILL","WAYNE|ODUM",3.4e-05
"WAYNE|SCREVEN","WAYNE|SCREVEN",1
"WAYNE|UNITY","WAYNE|UNITY",0.997474
"WAYNE|UNITY","WAYNE|RED HILL",0.002349
"WAYNE|UNITY","WAYNE|VFW",0.000162
"WAYNE|UNITY","WAYNE|EMPIRE",1.1e-05
"WAYNE|UNITY","WAYNE|REC CENTER",3e-06
"WAYNE|VFW","WAYNE|VFW",0.996066
"WAYNE|VFW","WAYNE|UNITY",0.003314
"WAYNE|VFW","WAYNE|ALTAMAHA",0.00057
"WAYNE|VFW","WAYNE|OGLETHORPE",4.9e-05
"WEBSTER|PRESTON 1","WEBSTER|PRESTON 1",0.999999
"WHEELER|ALAMO","WHEELER|ALAMO",0.999707
"WHEELER|ALAMO","WHEELER|GLENWOOD",0.000293
"WHEELER|GLENWOOD","WHEELER|GLENWOOD",0.999983
"WHEELER|GLENWOOD","WHEELER|ALAMO",1.6e-05
"WHITE|BLUE CREEK","WHITE|BLUE CREEK",0.999953
"WHITE|BLUE CREEK","WHITE|NACOOCHEE",2.7e-05
"WHITE|BLUE CREEK","WHITE|WHITE CREEK",2e-05
"WHITE|BLUE RIDGE","WHITE|BLUE RIDGE",1
"WHITE|HELEN","WHITE|ROBERTSTOWN/HELEN",1
"WHITE|MOSSY CREEK","WHITE|MOSSY CREEK",0.999998
"WHITE|MOSSY CREEK","WHITE|MT YONAH",2e-06
"WHITE|MT YONAH","WHITE|MT YONAH",0.99995
"WHITE|MT YONAH","WHITE|MOSSY CREEK",4.8e-05
"WHITE|MT YONAH","WHITE|WHITE CREEK",2e-06
"WHITE|NACOOCHEE","WHITE|NACOOCHEE",0.999949
"WHITE|NACOOCHEE","WHITE|BLUE CREEK",4.1e-05
"WHITE|NACOOCHEE","WHITE|ROBERTSTOWN/HELEN",1e-05
"WHITE|ROBERTSTOWN","WHITE|ROBERTSTOWN/HELEN",0.999968
"WHITE|ROBERTSTOWN","TOWNS|HIAWASSEE",3.2e-05
"WHITE|SHOAL CREEK","WHITE|SHOAL CREEK",1
"WHITE|TESNATEE","WHITE|TESNATEE",0.999999
"WHITE|TOWN CREEK","WHITE|TOWN CREEK",0.999999
"WHITE|WHITE CREEK","WHITE|WHITE CREEK",0.999834
"WHITE|WHITE CREEK","WHITE|MT YONAH",0.000115
"WHITE|WHITE CREEK","WHITE|BLUE CREEK",5.1e-05
"WHITFIELD|1A","WHITFIELD|1A",0.999384
"WHITFIELD|1A","WHITFIELD|2A",0.000445
"WHITFIELD|1A","WHITFIELD|5A",0.00017
"WHITFIELD|2A","WHITFIELD|2A",0.9989
"WHITFIELD|2A","WHITFIELD|MC",0.000984
"WHITFIELD|2A","WHITFIELD|WS",0.000113
"WHITFIELD|2A","WHITFIELD|1A",3e-06
"WHITFIELD|3A","WHITFIELD|3A",1
"WHITFIELD|4A","WHITFIELD|4A",0.999952
"WHITFIELD|4A","WHITFIELD|DG",4.8e-05
"WHITFIELD|5A","WHITFIELD|5A",0.996484
"WHITFIELD|5A","WHITFIELD|1A",0.0019
"WHITFIELD|5A","WHITFIELD|ES",0.001052
"WHITFIELD|5A","WHITFIELD|GL",0.000563
"WHITFIELD|6A","WHITFIELD|6A",0.992846
"WHITFIELD|6A","WHITFIELD|3A",0.00715
"WHITFIELD|6A","WHITFIELD|5A",3e-06
"WHITFIELD|AN","WHITFIELD|AN",0.98944
"WHITFIELD|AN","WHITFIELD|DG",0.004846
"WHITFIELD|AN","WHITFIELD|TI",0.004684
"WHITFIELD|AN","WHITFIELD|4A",0.00093
"WHITFIELD|AN","WHITFIELD|FI",1e-04
"WHITFIELD|CA","WHITFIELD|CA",0.999968
"WHITFIELD|CA","WHITFIELD|DG",3.2e-05
"WHITFIELD|CO","WHITFIELD|CO",1
"WHITFIELD|DG","WHITFIELD|DG",0.999063
"WHITFIELD|DG","WHITFIELD|4A",0.000937
"WHITFIELD|ES","WHITFIELD|ES",0.997448
"WHITFIELD|ES","WHITFIELD|FI",0.001929
"WHITFIELD|ES","WHITFIELD|NI",0.000623
"WHITFIELD|FI","WHITFIELD|FI",0.999762
"WHITFIELD|FI","WHITFIELD|AN",0.000238
"WHITFIELD|GL","WHITFIELD|GL",0.999997
"WHITFIELD|GL","WHITFIELD|5A",3e-06
"WHITFIELD|LT","WHITFIELD|LT",0.999681
"WHITFIELD|LT","WHITFIELD|NI",0.000319
"WHITFIELD|MC","WHITFIELD|MC",0.999309
"WHITFIELD|MC","WHITFIELD|2A",0.00069
"WHITFIELD|NI","WHITFIELD|NI",0.999938
"WHITFIELD|NI","WHITFIELD|ES",3.6e-05
"WHITFIELD|NI","WHITFIELD|GL",1.8e-05
"WHITFIELD|NI","WHITFIELD|LT",9e-06
"WHITFIELD|PG","WHITFIELD|PG",0.999999
"WHITFIELD|TH","WHITFIELD|TH",0.999999
"WHITFIELD|TI","WHITFIELD|TI",0.99835
"WHITFIELD|TI","WHITFIELD|CA",0.000756
"WHITFIELD|TI","WHITFIELD|AN",0.000669
"WHITFIELD|TI","WHITFIELD|DG",0.000224
"WHITFIELD|TR","WHITFIELD|TR",1
"WHITFIELD|UT","WHITFIELD|UT",0.999997
"WHITFIELD|UT","WHITFIELD|LT",3e-06
"WHITFIELD|VA","WHITFIELD|VA",0.999992
"WHITFIELD|VA","WHITFIELD|TH",8e-06
"WHITFIELD|WS","WHITFIELD|WS",0.997457
"WHITFIELD|WS","WHITFIELD|TR",0.002522
"WHITFIELD|WS","WHITFIELD|2A",2e-05
"WILCOX|ABBEVILLE NORTH #2","WILCOX|ABBEVILLE NORTH #2",0.999254
"WILCOX|ABBEVILLE NORTH #2","PULASKI|COURTHOUSE ANNEX",0.000306
"WILCOX|ABBEVILLE NORTH #2","WILCOX|ABBEVILLE SOUTH #5",0.000202
"WILCOX|ABBEVILLE NORTH #2","DODGE|MITCH",0.000182
"WILCOX|ABBEVILLE NORTH #2","WILCOX|ROCHELLE SOUTH #4",5.5e-05
"WILCOX|ABBEVILLE SOUTH #5","WILCOX|ABBEVILLE SOUTH #5",1
"WILCOX|PINEVIEW #2","WILCOX|PINEVIEW #2",1
"WILCOX|PITTS #3","WILCOX|PITTS #3",1
"WILCOX|ROCHELLE NORTH #1","WILCOX|ROCHELLE NORTH #1",1
"WILCOX|ROCHELLE SOUTH #4","WILCOX|ROCHELLE SOUTH #4",1
"WILKES|COURTHOUSE","WILKES|COURTHOUSE",0.999975
"WILKES|COURTHOUSE","WILKES|EDWARD B POPE CENTER",1.7e-05
"WILKES|COURTHOUSE","WILKES|YOUNG FARMER'S BLDG",7e-06
"WILKES|COURTHOUSE","WILKES|SENIOR CITIZEN CENTE",1e-06
"WILKES|EDWARD B POPE CENTER","WILKES|EDWARD B POPE CENTER",0.99992
"WILKES|EDWARD B POPE CENTER","WILKES|SENIOR CITIZEN CENTE",7.6e-05
"WILKES|EDWARD B POPE CENTER","WILKES|COURTHOUSE",4e-06
"WILKES|METASVILLE FIRE STA","WILKES|METASVILLE FIRE STA",0.999998
"WILKES|METASVILLE FIRE STA","LINCOLN|MIDWAY",2e-06
"WILKES|RAYLE CITY HALL","WILKES|RAYLE CITY HALL",1
"WILKES|SENIOR CITIZEN CENTE","WILKES|SENIOR CITIZEN CENTE",0.999998
"WILKES|SENIOR CITIZEN CENTE","WILKES|COURTHOUSE",2e-06
"WILKES|TIGNALL SCH LUNCH RM","WILKES|TIGNALL SCH LUNCH RM",1
"WILKES|YOUNG FARMERS BLDG","WILKES|YOUNG FARMER'S BLDG",0.999991
"WILKES|YOUNG FARMERS BLDG","WILKES|COURTHOUSE",5e-06
"WILKES|YOUNG FARMERS BLDG","WILKES|SENIOR CITIZEN CENTE",4e-06
"WILKINSON|BLOODWORTH","WILKINSON|BLOODWORTH",0.999997
"WILKINSON|BLOODWORTH","WILKINSON|IVEY",3e-06
"WILKINSON|GRIFFIN","WILKINSON|GRIFFIN",1
"WILKINSON|HIGH HILL","WILKINSON|HIGH HILL",0.999999
"WILKINSON|HIGH HILL","WILKINSON|IRWINTON",1e-06
"WILKINSON|IRWINTON","WILKINSON|IRWINTON",0.999818
"WILKINSON|IRWINTON","WILKINSON|HIGH HILL",0.000175
"WILKINSON|IRWINTON","WILKINSON|LORD",7e-06
"WILKINSON|IVEY","WILKINSON|IVEY",0.999788
"WILKINSON|IVEY","WILKINSON|RAMAH",0.000208
"WILKINSON|IVEY","WILKINSON|BLOODWORTH",4e-06
"WILKINSON|LORD","WILKINSON|LORD",1
"WILKINSON|MIDWAY","WILKINSON|MIDWAY",1
"WILKINSON|RAMAH","WILKINSON|RAMAH",0.999682
"WILKINSON|RAMAH","WILKINSON|IRWINTON",0.000318
"WILKINSON|TURKEY CREEK","WILKINSON|TURKEY CREEK",0.999927
"WILKINSON|TURKEY CREEK","WILKINSON|HIGH HILL",7.3e-05
"WORTH|BRIDGEBORO","WORTH|BRIDGEBORO",0.572781
"WORTH|BRIDGEBORO","WORTH|MINTON",0.389712
"WORTH|BRIDGEBORO","WORTH|COUNTY LINE",0.037506
"WORTH|COUNTY LINE","WORTH|COUNTY LINE",0.999991
"WORTH|COUNTY LINE","WORTH|SYLVESTER",9e-06
"WORTH|DOLES","WORTH|DOLES",0.840634
"WORTH|DOLES","WORTH|SYLVESTER EAST",0.159366
"WORTH|ISABELLA","WORTH|ISABELLA",0.565632
"WORTH|ISABELLA","WORTH|DOLES",0.24635
"WORTH|ISABELLA","WORTH|SYLVESTER EAST",0.162716
"WORTH|ISABELLA","WORTH|SYLVESTER",0.025289
"WORTH|ISABELLA","WORTH|RED ROCK",1.4e-05
"WORTH|MINTON","WORTH|MINTON",0.839439
"WORTH|MINTON","WORTH|SCOOTERVILLE",0.160561
"WORTH|OAKFIELD","WORTH|WARWICK",0.768843
"WORTH|OAKFIELD","WORTH|DOLES",0.20605
"WORTH|OAKFIELD","WORTH|RED ROCK",0.025107
"WORTH|PINEY WOODS","WORTH|SYLVESTER",1
"WORTH|POULAN","WORTH|MINTON",0.449633
"WORTH|POULAN","WORTH|POULAN",0.436992
"WORTH|POULAN","WORTH|SUMNER",0.110277
"WORTH|POULAN","WORTH|SCOOTERVILLE",0.003083
"WORTH|POULAN","WORTH|SYLVESTER",1.5e-05
"WORTH|RED ROCK","WORTH|RED ROCK",0.980568
"WORTH|RED ROCK","WORTH|WARWICK",0.019432
"WORTH|SCOOTERVILLE","WORTH|SCOOTERVILLE",0.999999
"WORTH|SHINGLER","WORTH|POULAN",0.394836
"WORTH|SHINGLER","WORTH|SUMNER",0.302805
"WORTH|SHINGLER","WORTH|SYLVESTER EAST",0.302359
"WORTH|SUMNER","WORTH|SUMNER",0.909477
"WORTH|SUMNER","WORTH|POULAN",0.090523
"WORTH|SYLVESTER","WORTH|SYLVESTER",0.659671
"WORTH|SYLVESTER","WORTH|MINTON",0.340013
"WORTH|SYLVESTER","WORTH|COUNTY LINE",0.000315
"WORTH|SYLVESTER EAST","WORTH|SYLVESTER EAST",0.643798
"WORTH|SYLVESTER EAST","WORTH|POULAN",0.283691
"WORTH|SYLVESTER EAST","WORTH|SYLVESTER",0.072512
"WORTH|WARWICK","WORTH|WARWICK",0.79949
"WORTH|WARWICK","WORTH|DOLES",0.20051
