"yr","name","part","x","y"
2020,"35 JOHNS CREEK",1,8.24,4.814
2020,"35 JOHNS CREEK",1,8.214,4.791
2020,"35 JOHNS CREEK",1,7.955,4.323
2020,"35 JOHNS CREEK",1,7.914,4.254
2020,"35 JOHNS CREEK",1,7.903,4.238
2020,"35 JOHNS CREEK",1,7.66,3.886
2020,"35 JOHNS CREEK",1,7.449,3.746
2020,"35 JOHNS CREEK",1,7.085,3.639
2020,"35 JOHNS CREEK",1,7.213,3.489
2020,"35 JOHNS CREEK",1,7.215,3.488
2020,"35 JOHNS CREEK",1,7.233,3.468
2020,"35 JOHNS CREEK",1,7.234,3.467
2020,"35 JOHNS CREEK",1,7.236,3.465
2020,"35 JOHNS CREEK",1,7.258,3.444
2020,"35 JOHNS CREEK",1,7.401,3.362
2020,"35 JOHNS CREEK",1,7.442,3.328
2020,"35 JOHNS CREEK",1,7.491,3.236
2020,"35 JOHNS CREEK",1,7.498,3.208
2020,"35 JOHNS CREEK",1,7.511,3.137
2020,"35 JOHNS CREEK",1,7.518,3.076
2020,"35 JOHNS CREEK",1,7.753,2.668
2020,"35 JOHNS CREEK",1,7.762,2.655
2020,"35 JOHNS CREEK",1,7.79,2.613
2020,"35 JOHNS CREEK",1,7.791,2.611
2020,"35 JOHNS CREEK",1,7.794,2.608
2020,"35 JOHNS CREEK",1,7.798,2.602
2020,"35 JOHNS CREEK",1,7.804,2.593
2020,"35 JOHNS CREEK",1,7.812,2.581
2020,"35 JOHNS CREEK",1,7.818,2.573
2020,"35 JOHNS CREEK",1,7.822,2.567
2020,"35 JOHNS CREEK",1,7.833,2.551
2020,"35 JOHNS CREEK",1,7.834,2.55
2020,"35 JOHNS CREEK",1,7.857,2.517
2020,"35 JOHNS CREEK",1,7.858,2.515
2020,"35 JOHNS CREEK",1,7.866,2.503
2020,"35 JOHNS CREEK",1,7.878,2.486
2020,"35 JOHNS CREEK",1,7.88,2.484
2020,"35 JOHNS CREEK",1,7.904,2.449
2020,"35 JOHNS CREEK",1,7.905,2.447
2020,"35 JOHNS CREEK",1,7.91,2.44
2020,"35 JOHNS CREEK",1,7.924,2.42
2020,"35 JOHNS CREEK",1,7.97,2.353
2020,"35 JOHNS CREEK",1,8.074,1.915
2020,"35 JOHNS CREEK",1,8.849,1.822
2020,"35 JOHNS CREEK",1,9.54,1.603
2020,"35 JOHNS CREEK",1,9.649,1.542
2020,"35 JOHNS CREEK",1,9.894,1.203
2020,"35 JOHNS CREEK",1,10.671,0.809
2020,"35 JOHNS CREEK",1,10.676,0.807
2020,"35 JOHNS CREEK",1,10.882,0.691
2020,"35 JOHNS CREEK",1,10.909,0.674
2020,"35 JOHNS CREEK",1,10.944,0.653
2020,"35 JOHNS CREEK",1,10.973,0.635
2020,"35 JOHNS CREEK",1,10.984,0.628
2020,"35 JOHNS CREEK",1,10.999,0.619
2020,"35 JOHNS CREEK",1,11.009,0.613
2020,"35 JOHNS CREEK",1,11.017,0.608
2020,"35 JOHNS CREEK",1,11.024,0.604
2020,"35 JOHNS CREEK",1,11.031,0.599
2020,"35 JOHNS CREEK",1,11.498,0.355
2020,"35 JOHNS CREEK",1,11.841,0.435
2020,"35 JOHNS CREEK",1,12.099,0.58
2020,"35 JOHNS CREEK",1,12.14,0.602
2020,"35 JOHNS CREEK",1,12.18,0.622
2020,"35 JOHNS CREEK",1,12.243,0.64
2020,"35 JOHNS CREEK",1,12.352,0.635
2020,"35 JOHNS CREEK",1,12.375,0.629
2020,"35 JOHNS CREEK",1,12.395,0.621
2020,"35 JOHNS CREEK",1,12.443,0.599
2020,"35 JOHNS CREEK",1,12.493,0.571
2020,"35 JOHNS CREEK",1,12.501,0.586
2020,"35 JOHNS CREEK",1,12.509,0.614
2020,"35 JOHNS CREEK",1,12.636,0.836
2020,"35 JOHNS CREEK",1,12.689,0.906
2020,"35 JOHNS CREEK",1,12.763,1.271
2020,"35 JOHNS CREEK",1,12.52,1.634
2020,"35 JOHNS CREEK",1,12.393,1.845
2020,"35 JOHNS CREEK",1,12.579,2.223
2020,"35 JOHNS CREEK",1,12.607,2.262
2020,"35 JOHNS CREEK",1,12.62,2.28
2020,"35 JOHNS CREEK",1,12.809,3.322
2020,"35 JOHNS CREEK",1,12.787,3.352
2020,"35 JOHNS CREEK",1,12.579,3.536
2020,"35 JOHNS CREEK",1,12.559,3.559
2020,"35 JOHNS CREEK",1,12.475,3.696
2020,"35 JOHNS CREEK",1,12.458,3.735
2020,"35 JOHNS CREEK",1,12.422,3.825
2020,"35 JOHNS CREEK",1,12.382,3.916
2020,"35 JOHNS CREEK",1,12.362,3.966
2020,"35 JOHNS CREEK",1,12.341,4.012
2020,"35 JOHNS CREEK",1,12.061,4.576
2020,"35 JOHNS CREEK",1,11.15,4.482
2020,"35 JOHNS CREEK",1,10.751,4.27
2020,"35 JOHNS CREEK",1,10.331,4.217
2020,"35 JOHNS CREEK",1,10.285,4.186
2020,"35 JOHNS CREEK",1,9.758,3.671
2020,"35 JOHNS CREEK",1,9.72,3.648
2020,"35 JOHNS CREEK",1,9.65,3.608
2020,"35 JOHNS CREEK",1,8.785,4.448
2020,"35 JOHNS CREEK",1,8.24,4.814
2020,"04 CHESTATEE",1,18.162,23.775
2020,"04 CHESTATEE",1,18.697,23.441
2020,"04 CHESTATEE",1,18.662,23.257
2020,"04 CHESTATEE",1,19.067,22.865
2020,"04 CHESTATEE",1,19.327,22.807
2020,"04 CHESTATEE",1,19.384,22.392
2020,"04 CHESTATEE",1,19.709,22.156
2020,"04 CHESTATEE",1,19.976,22.194
2020,"04 CHESTATEE",1,20.187,21.968
2020,"04 CHESTATEE",1,20.254,21.953
2020,"04 CHESTATEE",1,20.72,21.854
2020,"04 CHESTATEE",1,21.309,22.042
2020,"04 CHESTATEE",1,21.885,21.898
2020,"04 CHESTATEE",1,22.127,21.926
2020,"04 CHESTATEE",1,23.379,22.473
2020,"04 CHESTATEE",1,24.242,22.548
2020,"04 CHESTATEE",1,25.19,22.408
2020,"04 CHESTATEE",1,25.858,22.459
2020,"04 CHESTATEE",1,25.858,22.955
2020,"04 CHESTATEE",1,26.122,23.019
2020,"04 CHESTATEE",1,26.448,23.343
2020,"04 CHESTATEE",1,26.6,23.093
2020,"04 CHESTATEE",1,27.277,23.594
2020,"04 CHESTATEE",1,27.7,23.644
2020,"04 CHESTATEE",1,27.866,24.093
2020,"04 CHESTATEE",1,28.319,23.902
2020,"04 CHESTATEE",1,28.548,23.81
2020,"04 CHESTATEE",1,28.197,24.457
2020,"04 CHESTATEE",1,28.264,24.625
2020,"04 CHESTATEE",1,28.281,24.649
2020,"04 CHESTATEE",1,29.233,25.294
2020,"04 CHESTATEE",1,29.669,25.414
2020,"04 CHESTATEE",1,30.164,25.727
2020,"04 CHESTATEE",1,30.629,25.85
2020,"04 CHESTATEE",1,30.767,26.506
2020,"04 CHESTATEE",1,30.48,27.014
2020,"04 CHESTATEE",1,30.145,27.022
2020,"04 CHESTATEE",1,30.252,26.608
2020,"04 CHESTATEE",1,29.974,26.569
2020,"04 CHESTATEE",1,29.878,27.207
2020,"04 CHESTATEE",1,29.749,27.523
2020,"04 CHESTATEE",1,30.177,27.738
2020,"04 CHESTATEE",1,30.129,27.945
2020,"04 CHESTATEE",1,29.665,28.046
2020,"04 CHESTATEE",1,29.37,27.818
2020,"04 CHESTATEE",1,29.454,27.398
2020,"04 CHESTATEE",1,29.259,27.217
2020,"04 CHESTATEE",1,28.775,27.81
2020,"04 CHESTATEE",1,29.127,28.224
2020,"04 CHESTATEE",1,28.961,28.732
2020,"04 CHESTATEE",1,28.442,29.438
2020,"04 CHESTATEE",1,28.104,29.254
2020,"04 CHESTATEE",1,27.261,28.965
2020,"04 CHESTATEE",1,25.825,28.282
2020,"04 CHESTATEE",1,24.853,27.728
2020,"04 CHESTATEE",1,24.829,27.716
2020,"04 CHESTATEE",1,24.768,27.688
2020,"04 CHESTATEE",1,24.309,27.476
2020,"04 CHESTATEE",1,24.251,27.449
2020,"04 CHESTATEE",1,23.905,27.288
2020,"04 CHESTATEE",1,22.736,26.925
2020,"04 CHESTATEE",1,21.885,26.864
2020,"04 CHESTATEE",1,21.268,26.479
2020,"04 CHESTATEE",1,20.693,26.286
2020,"04 CHESTATEE",1,20.045,25.984
2020,"04 CHESTATEE",1,19.736,25.731
2020,"04 CHESTATEE",1,19.329,24.798
2020,"04 CHESTATEE",1,19.213,24.662
2020,"04 CHESTATEE",1,19.054,24.518
2020,"04 CHESTATEE",1,18.856,24.335
2020,"04 CHESTATEE",1,18.79,24.271
2020,"04 CHESTATEE",1,18.715,24.203
2020,"04 CHESTATEE",1,18.644,24.132
2020,"04 CHESTATEE",1,18.575,24.071
2020,"04 CHESTATEE",1,18.162,23.775
2020,"36 NICHOLS",1,10.5,8.29
2020,"36 NICHOLS",1,10.347,8.009
2020,"36 NICHOLS",1,10.099,7.595
2020,"36 NICHOLS",1,10.216,6.905
2020,"36 NICHOLS",1,10.616,6.412
2020,"36 NICHOLS",1,10.768,6.324
2020,"36 NICHOLS",1,10.925,6.218
2020,"36 NICHOLS",1,11.385,5.91
2020,"36 NICHOLS",1,11.604,5.702
2020,"36 NICHOLS",1,11.761,5.541
2020,"36 NICHOLS",1,11.994,5.507
2020,"36 NICHOLS",1,12.127,5.434
2020,"36 NICHOLS",1,12.802,5.724
2020,"36 NICHOLS",1,13.34,5.554
2020,"36 NICHOLS",1,13.373,5.558
2020,"36 NICHOLS",1,13.406,5.557
2020,"36 NICHOLS",1,13.51,5.556
2020,"36 NICHOLS",1,13.74,5.411
2020,"36 NICHOLS",1,14.157,5.471
2020,"36 NICHOLS",1,14.382,5.281
2020,"36 NICHOLS",1,15.037,5.895
2020,"36 NICHOLS",1,15.146,6.177
2020,"36 NICHOLS",1,15.069,6.752
2020,"36 NICHOLS",1,15.059,6.864
2020,"36 NICHOLS",1,15.104,7.342
2020,"36 NICHOLS",1,15.436,7.647
2020,"36 NICHOLS",1,15.448,8.032
2020,"36 NICHOLS",1,15.392,8.304
2020,"36 NICHOLS",1,14.777,8.284
2020,"36 NICHOLS",1,14.285,8.614
2020,"36 NICHOLS",1,14.041,8.291
2020,"36 NICHOLS",1,13.737,8.351
2020,"36 NICHOLS",1,13.77,8.721
2020,"36 NICHOLS",1,13.627,8.875
2020,"36 NICHOLS",1,13.157,8.922
2020,"36 NICHOLS",1,12.418,8.397
2020,"36 NICHOLS",1,11.777,7.697
2020,"36 NICHOLS",1,11.486,7.774
2020,"36 NICHOLS",1,11.073,8.09
2020,"36 NICHOLS",1,10.954,7.934
2020,"36 NICHOLS",1,10.5,8.29
2020,"19 OLD ATLANTA",1,12.809,3.322
2020,"19 OLD ATLANTA",1,12.62,2.28
2020,"19 OLD ATLANTA",1,12.607,2.262
2020,"19 OLD ATLANTA",1,12.579,2.223
2020,"19 OLD ATLANTA",1,12.393,1.845
2020,"19 OLD ATLANTA",1,12.52,1.634
2020,"19 OLD ATLANTA",1,12.763,1.271
2020,"19 OLD ATLANTA",1,12.689,0.906
2020,"19 OLD ATLANTA",1,12.636,0.836
2020,"19 OLD ATLANTA",1,12.509,0.614
2020,"19 OLD ATLANTA",1,12.501,0.586
2020,"19 OLD ATLANTA",1,12.493,0.571
2020,"19 OLD ATLANTA",1,12.782,0.379
2020,"19 OLD ATLANTA",1,13.434,0.128
2020,"19 OLD ATLANTA",1,13.895,0.006
2020,"19 OLD ATLANTA",1,15.459,0
2020,"19 OLD ATLANTA",1,15.658,0.026
2020,"19 OLD ATLANTA",1,15.369,0.308
2020,"19 OLD ATLANTA",1,14.859,0.45
2020,"19 OLD ATLANTA",1,14.623,0.707
2020,"19 OLD ATLANTA",1,14.388,1.27
2020,"19 OLD ATLANTA",1,14.365,1.307
2020,"19 OLD ATLANTA",1,14.135,1.52
2020,"19 OLD ATLANTA",1,14.099,1.543
2020,"19 OLD ATLANTA",1,13.828,1.567
2020,"19 OLD ATLANTA",1,13.82,1.567
2020,"19 OLD ATLANTA",1,13.776,1.572
2020,"19 OLD ATLANTA",1,13.772,1.575
2020,"19 OLD ATLANTA",1,13.833,2.197
2020,"19 OLD ATLANTA",1,14.127,2.821
2020,"19 OLD ATLANTA",1,14.08,3.937
2020,"19 OLD ATLANTA",1,14.4,4.628
2020,"19 OLD ATLANTA",1,14.343,5.161
2020,"19 OLD ATLANTA",1,14.344,5.165
2020,"19 OLD ATLANTA",1,14.382,5.281
2020,"19 OLD ATLANTA",1,14.157,5.471
2020,"19 OLD ATLANTA",1,13.74,5.411
2020,"19 OLD ATLANTA",1,13.51,5.556
2020,"19 OLD ATLANTA",1,13.406,5.557
2020,"19 OLD ATLANTA",1,13.373,5.558
2020,"19 OLD ATLANTA",1,13.34,5.554
2020,"19 OLD ATLANTA",1,12.802,5.724
2020,"19 OLD ATLANTA",1,12.127,5.434
2020,"19 OLD ATLANTA",1,11.994,5.507
2020,"19 OLD ATLANTA",1,11.761,5.541
2020,"19 OLD ATLANTA",1,11.789,5.499
2020,"19 OLD ATLANTA",1,11.809,5.46
2020,"19 OLD ATLANTA",1,11.892,5.305
2020,"19 OLD ATLANTA",1,11.967,5.025
2020,"19 OLD ATLANTA",1,11.975,4.862
2020,"19 OLD ATLANTA",1,11.977,4.823
2020,"19 OLD ATLANTA",1,12.061,4.576
2020,"19 OLD ATLANTA",1,12.341,4.012
2020,"19 OLD ATLANTA",1,12.362,3.966
2020,"19 OLD ATLANTA",1,12.382,3.916
2020,"19 OLD ATLANTA",1,12.422,3.825
2020,"19 OLD ATLANTA",1,12.458,3.735
2020,"19 OLD ATLANTA",1,12.475,3.696
2020,"19 OLD ATLANTA",1,12.559,3.559
2020,"19 OLD ATLANTA",1,12.579,3.536
2020,"19 OLD ATLANTA",1,12.787,3.352
2020,"19 OLD ATLANTA",1,12.809,3.322
2020,"02 BRANDYWINE",1,1.198,9.941
2020,"02 BRANDYWINE",1,0.509,9.863
2020,"02 BRANDYWINE",1,0.596,6.131
2020,"02 BRANDYWINE",1,0.598,6.129
2020,"02 BRANDYWINE",1,0.601,6.128
2020,"02 BRANDYWINE",1,0.606,6.124
2020,"02 BRANDYWINE",1,0.609,6.122
2020,"02 BRANDYWINE",1,0.617,6.117
2020,"02 BRANDYWINE",1,0.621,6.115
2020,"02 BRANDYWINE",1,0.624,6.113
2020,"02 BRANDYWINE",1,0.626,6.112
2020,"02 BRANDYWINE",1,0.77,6.063
2020,"02 BRANDYWINE",1,0.782,6.059
2020,"02 BRANDYWINE",1,0.819,6.045
2020,"02 BRANDYWINE",1,0.829,6.042
2020,"02 BRANDYWINE",1,0.942,5.96
2020,"02 BRANDYWINE",1,0.962,5.933
2020,"02 BRANDYWINE",1,0.963,5.931
2020,"02 BRANDYWINE",1,0.974,5.913
2020,"02 BRANDYWINE",1,0.976,5.91
2020,"02 BRANDYWINE",1,1.006,5.811
2020,"02 BRANDYWINE",1,1.008,5.805
2020,"02 BRANDYWINE",1,1.017,5.771
2020,"02 BRANDYWINE",1,1.017,5.769
2020,"02 BRANDYWINE",1,1.021,5.749
2020,"02 BRANDYWINE",1,1.026,5.722
2020,"02 BRANDYWINE",1,1.03,5.706
2020,"02 BRANDYWINE",1,1.031,5.699
2020,"02 BRANDYWINE",1,1.032,5.695
2020,"02 BRANDYWINE",1,1.032,5.692
2020,"02 BRANDYWINE",1,1.035,5.677
2020,"02 BRANDYWINE",1,1.037,5.666
2020,"02 BRANDYWINE",1,1.041,5.647
2020,"02 BRANDYWINE",1,1.043,5.638
2020,"02 BRANDYWINE",1,1.044,5.631
2020,"02 BRANDYWINE",1,1.049,5.608
2020,"02 BRANDYWINE",1,1.05,5.601
2020,"02 BRANDYWINE",1,1.057,5.565
2020,"02 BRANDYWINE",1,1.085,5.575
2020,"02 BRANDYWINE",1,1.107,5.58
2020,"02 BRANDYWINE",1,1.119,5.583
2020,"02 BRANDYWINE",1,1.132,5.585
2020,"02 BRANDYWINE",1,1.134,5.585
2020,"02 BRANDYWINE",1,1.157,5.588
2020,"02 BRANDYWINE",1,1.158,5.588
2020,"02 BRANDYWINE",1,1.161,5.588
2020,"02 BRANDYWINE",1,1.163,5.588
2020,"02 BRANDYWINE",1,1.179,5.59
2020,"02 BRANDYWINE",1,1.194,5.592
2020,"02 BRANDYWINE",1,1.207,5.594
2020,"02 BRANDYWINE",1,1.212,5.595
2020,"02 BRANDYWINE",1,1.238,5.598
2020,"02 BRANDYWINE",1,1.256,5.6
2020,"02 BRANDYWINE",1,1.262,5.601
2020,"02 BRANDYWINE",1,1.27,5.602
2020,"02 BRANDYWINE",1,1.274,5.603
2020,"02 BRANDYWINE",1,1.286,5.604
2020,"02 BRANDYWINE",1,1.289,5.605
2020,"02 BRANDYWINE",1,1.339,5.611
2020,"02 BRANDYWINE",1,1.342,5.611
2020,"02 BRANDYWINE",1,1.416,5.612
2020,"02 BRANDYWINE",1,1.904,5.436
2020,"02 BRANDYWINE",1,1.919,5.429
2020,"02 BRANDYWINE",1,1.939,5.416
2020,"02 BRANDYWINE",1,1.957,5.407
2020,"02 BRANDYWINE",1,2.555,5.951
2020,"02 BRANDYWINE",1,2.932,6.215
2020,"02 BRANDYWINE",1,3.912,6.791
2020,"02 BRANDYWINE",1,3.887,6.999
2020,"02 BRANDYWINE",1,3.783,7.817
2020,"02 BRANDYWINE",1,3.56,8.302
2020,"02 BRANDYWINE",1,3.169,8.537
2020,"02 BRANDYWINE",1,3.136,8.55
2020,"02 BRANDYWINE",1,2.744,8.57
2020,"02 BRANDYWINE",1,2.293,8.923
2020,"02 BRANDYWINE",1,2.275,8.936
2020,"02 BRANDYWINE",1,1.769,8.987
2020,"02 BRANDYWINE",1,1.448,9.123
2020,"02 BRANDYWINE",1,1.404,9.614
2020,"02 BRANDYWINE",1,1.198,9.941
2020,"34 FOWLER",1,0.343,16.32
2020,"34 FOWLER",1,0.509,9.863
2020,"34 FOWLER",1,1.198,9.941
2020,"34 FOWLER",1,1.404,9.614
2020,"34 FOWLER",1,1.448,9.123
2020,"34 FOWLER",1,1.769,8.987
2020,"34 FOWLER",1,2.275,8.936
2020,"34 FOWLER",1,2.293,8.923
2020,"34 FOWLER",1,2.744,8.57
2020,"34 FOWLER",1,3.136,8.55
2020,"34 FOWLER",1,3.169,8.537
2020,"34 FOWLER",1,3.56,8.302
2020,"34 FOWLER",1,3.783,7.817
2020,"34 FOWLER",1,3.887,6.999
2020,"34 FOWLER",1,3.912,6.791
2020,"34 FOWLER",1,4.155,7.057
2020,"34 FOWLER",1,4.999,8.48
2020,"34 FOWLER",1,5.566,9.412
2020,"34 FOWLER",1,5.886,9.717
2020,"34 FOWLER",1,6.537,10.256
2020,"34 FOWLER",1,7.294,11.182
2020,"34 FOWLER",1,7.531,11.39
2020,"34 FOWLER",1,7.692,11.48
2020,"34 FOWLER",1,8.367,11.706
2020,"34 FOWLER",1,8.304,12.014
2020,"34 FOWLER",1,7.385,12.036
2020,"34 FOWLER",1,6.511,11.807
2020,"34 FOWLER",1,6.178,11.434
2020,"34 FOWLER",1,5.344,11.254
2020,"34 FOWLER",1,4.705,11.411
2020,"34 FOWLER",1,4.178,11.39
2020,"34 FOWLER",1,3.43,11.491
2020,"34 FOWLER",1,2.598,11.7
2020,"34 FOWLER",1,2.582,11.693
2020,"34 FOWLER",1,2.549,11.681
2020,"34 FOWLER",1,2.52,11.669
2020,"34 FOWLER",1,2.515,11.703
2020,"34 FOWLER",1,2.566,12.26
2020,"34 FOWLER",1,2.682,12.618
2020,"34 FOWLER",1,2.707,12.648
2020,"34 FOWLER",1,3.134,13.064
2020,"34 FOWLER",1,2.582,13.831
2020,"34 FOWLER",1,2.305,13.88
2020,"34 FOWLER",1,2.278,13.872
2020,"34 FOWLER",1,1.939,13.842
2020,"34 FOWLER",1,1.6,14.314
2020,"34 FOWLER",1,1.004,14.67
2020,"34 FOWLER",1,0.705,15.275
2020,"34 FOWLER",1,0.66,15.434
2020,"34 FOWLER",1,0.52,16.212
2020,"34 FOWLER",1,0.343,16.32
2020,"01 BIG CREEK",1,8.24,4.814
2020,"01 BIG CREEK",1,8.18,4.983
2020,"01 BIG CREEK",1,8.197,5.536
2020,"01 BIG CREEK",1,8.181,5.821
2020,"01 BIG CREEK",1,8.178,6.273
2020,"01 BIG CREEK",1,8.179,6.471
2020,"01 BIG CREEK",1,8.176,6.667
2020,"01 BIG CREEK",1,8.175,6.747
2020,"01 BIG CREEK",1,8.176,6.998
2020,"01 BIG CREEK",1,8.214,7.139
2020,"01 BIG CREEK",1,8.273,7.206
2020,"01 BIG CREEK",1,8.341,7.28
2020,"01 BIG CREEK",1,8.409,7.354
2020,"01 BIG CREEK",1,8.505,7.469
2020,"01 BIG CREEK",1,8.554,7.552
2020,"01 BIG CREEK",1,8.639,7.852
2020,"01 BIG CREEK",1,8.671,8.018
2020,"01 BIG CREEK",1,8.667,8.139
2020,"01 BIG CREEK",1,8.59,8.514
2020,"01 BIG CREEK",1,8.583,8.545
2020,"01 BIG CREEK",1,8.568,8.617
2020,"01 BIG CREEK",1,8.556,8.672
2020,"01 BIG CREEK",1,8.546,8.72
2020,"01 BIG CREEK",1,8.381,9.296
2020,"01 BIG CREEK",1,8.452,10.241
2020,"01 BIG CREEK",1,8.302,11.115
2020,"01 BIG CREEK",1,8.333,11.463
2020,"01 BIG CREEK",1,8.364,11.642
2020,"01 BIG CREEK",1,8.367,11.706
2020,"01 BIG CREEK",1,7.692,11.48
2020,"01 BIG CREEK",1,7.531,11.39
2020,"01 BIG CREEK",1,7.294,11.182
2020,"01 BIG CREEK",1,6.537,10.256
2020,"01 BIG CREEK",1,5.886,9.717
2020,"01 BIG CREEK",1,5.566,9.412
2020,"01 BIG CREEK",1,4.999,8.48
2020,"01 BIG CREEK",1,4.155,7.057
2020,"01 BIG CREEK",1,3.912,6.791
2020,"01 BIG CREEK",1,2.932,6.215
2020,"01 BIG CREEK",1,2.555,5.951
2020,"01 BIG CREEK",1,1.957,5.407
2020,"01 BIG CREEK",1,1.968,5.402
2020,"01 BIG CREEK",1,2.072,5.347
2020,"01 BIG CREEK",1,2.075,5.345
2020,"01 BIG CREEK",1,2.078,5.343
2020,"01 BIG CREEK",1,2.085,5.34
2020,"01 BIG CREEK",1,2.109,5.328
2020,"01 BIG CREEK",1,2.123,5.32
2020,"01 BIG CREEK",1,2.143,5.312
2020,"01 BIG CREEK",1,2.154,5.307
2020,"01 BIG CREEK",1,2.162,5.304
2020,"01 BIG CREEK",1,2.184,5.297
2020,"01 BIG CREEK",1,2.228,5.287
2020,"01 BIG CREEK",1,2.244,5.284
2020,"01 BIG CREEK",1,2.271,5.283
2020,"01 BIG CREEK",1,2.295,5.281
2020,"01 BIG CREEK",1,2.661,5.284
2020,"01 BIG CREEK",1,2.663,5.284
2020,"01 BIG CREEK",1,2.828,5.207
2020,"01 BIG CREEK",1,2.832,5.2
2020,"01 BIG CREEK",1,2.835,5.192
2020,"01 BIG CREEK",1,2.846,5.172
2020,"01 BIG CREEK",1,2.847,5.17
2020,"01 BIG CREEK",1,2.853,5.159
2020,"01 BIG CREEK",1,2.86,5.148
2020,"01 BIG CREEK",1,2.862,5.143
2020,"01 BIG CREEK",1,2.87,5.129
2020,"01 BIG CREEK",1,2.881,5.109
2020,"01 BIG CREEK",1,2.888,5.097
2020,"01 BIG CREEK",1,2.891,5.091
2020,"01 BIG CREEK",1,2.893,5.088
2020,"01 BIG CREEK",1,2.898,5.078
2020,"01 BIG CREEK",1,2.901,5.073
2020,"01 BIG CREEK",1,2.903,5.07
2020,"01 BIG CREEK",1,2.907,5.062
2020,"01 BIG CREEK",1,2.912,5.054
2020,"01 BIG CREEK",1,2.916,5.046
2020,"01 BIG CREEK",1,2.921,5.037
2020,"01 BIG CREEK",1,2.924,5.033
2020,"01 BIG CREEK",1,2.943,5.002
2020,"01 BIG CREEK",1,2.95,4.992
2020,"01 BIG CREEK",1,2.965,4.972
2020,"01 BIG CREEK",1,2.966,4.971
2020,"01 BIG CREEK",1,2.968,4.969
2020,"01 BIG CREEK",1,2.969,4.968
2020,"01 BIG CREEK",1,2.985,4.951
2020,"01 BIG CREEK",1,3.005,4.93
2020,"01 BIG CREEK",1,3.015,4.921
2020,"01 BIG CREEK",1,3.045,4.897
2020,"01 BIG CREEK",1,3.047,4.895
2020,"01 BIG CREEK",1,3.05,4.893
2020,"01 BIG CREEK",1,3.058,4.887
2020,"01 BIG CREEK",1,3.101,4.856
2020,"01 BIG CREEK",1,3.102,4.855
2020,"01 BIG CREEK",1,3.166,4.811
2020,"01 BIG CREEK",1,3.185,4.8
2020,"01 BIG CREEK",1,3.191,4.797
2020,"01 BIG CREEK",1,3.195,4.796
2020,"01 BIG CREEK",1,3.205,4.791
2020,"01 BIG CREEK",1,3.226,4.783
2020,"01 BIG CREEK",1,3.312,4.769
2020,"01 BIG CREEK",1,3.324,4.769
2020,"01 BIG CREEK",1,3.376,4.776
2020,"01 BIG CREEK",1,3.397,4.78
2020,"01 BIG CREEK",1,3.459,4.805
2020,"01 BIG CREEK",1,3.469,4.809
2020,"01 BIG CREEK",1,3.47,4.809
2020,"01 BIG CREEK",1,3.472,4.81
2020,"01 BIG CREEK",1,3.475,4.811
2020,"01 BIG CREEK",1,3.511,4.827
2020,"01 BIG CREEK",1,3.536,4.838
2020,"01 BIG CREEK",1,3.724,4.919
2020,"01 BIG CREEK",1,3.739,4.927
2020,"01 BIG CREEK",1,3.786,4.959
2020,"01 BIG CREEK",1,3.804,4.977
2020,"01 BIG CREEK",1,3.923,5.112
2020,"01 BIG CREEK",1,3.931,5.12
2020,"01 BIG CREEK",1,3.945,5.132
2020,"01 BIG CREEK",1,3.961,5.146
2020,"01 BIG CREEK",1,3.977,5.159
2020,"01 BIG CREEK",1,4.021,5.184
2020,"01 BIG CREEK",1,4.031,5.189
2020,"01 BIG CREEK",1,4.039,5.193
2020,"01 BIG CREEK",1,4.043,5.194
2020,"01 BIG CREEK",1,4.068,5.203
2020,"01 BIG CREEK",1,4.081,5.208
2020,"01 BIG CREEK",1,4.196,5.22
2020,"01 BIG CREEK",1,4.199,5.22
2020,"01 BIG CREEK",1,4.201,5.22
2020,"01 BIG CREEK",1,4.205,5.22
2020,"01 BIG CREEK",1,4.226,5.219
2020,"01 BIG CREEK",1,4.229,5.219
2020,"01 BIG CREEK",1,4.438,5.199
2020,"01 BIG CREEK",1,4.599,5.155
2020,"01 BIG CREEK",1,4.622,5.148
2020,"01 BIG CREEK",1,4.624,5.148
2020,"01 BIG CREEK",1,4.706,5.125
2020,"01 BIG CREEK",1,4.712,5.123
2020,"01 BIG CREEK",1,4.79,5.096
2020,"01 BIG CREEK",1,4.795,5.094
2020,"01 BIG CREEK",1,4.812,5.084
2020,"01 BIG CREEK",1,4.841,5.068
2020,"01 BIG CREEK",1,4.846,5.065
2020,"01 BIG CREEK",1,4.852,5.06
2020,"01 BIG CREEK",1,4.872,5.046
2020,"01 BIG CREEK",1,4.88,5.04
2020,"01 BIG CREEK",1,4.919,5.005
2020,"01 BIG CREEK",1,4.926,4.999
2020,"01 BIG CREEK",1,4.936,4.987
2020,"01 BIG CREEK",1,4.946,4.976
2020,"01 BIG CREEK",1,4.986,4.918
2020,"01 BIG CREEK",1,4.99,4.91
2020,"01 BIG CREEK",1,5.035,4.821
2020,"01 BIG CREEK",1,5.087,4.715
2020,"01 BIG CREEK",1,5.108,4.672
2020,"01 BIG CREEK",1,5.109,4.671
2020,"01 BIG CREEK",1,5.136,4.616
2020,"01 BIG CREEK",1,5.139,4.61
2020,"01 BIG CREEK",1,5.165,4.567
2020,"01 BIG CREEK",1,5.228,4.503
2020,"01 BIG CREEK",1,5.255,4.485
2020,"01 BIG CREEK",1,5.27,4.474
2020,"01 BIG CREEK",1,5.324,4.436
2020,"01 BIG CREEK",1,5.332,4.429
2020,"01 BIG CREEK",1,5.337,4.425
2020,"01 BIG CREEK",1,5.344,4.419
2020,"01 BIG CREEK",1,5.349,4.414
2020,"01 BIG CREEK",1,5.357,4.405
2020,"01 BIG CREEK",1,5.387,4.367
2020,"01 BIG CREEK",1,5.389,4.364
2020,"01 BIG CREEK",1,5.436,4.284
2020,"01 BIG CREEK",1,5.437,4.282
2020,"01 BIG CREEK",1,5.452,4.257
2020,"01 BIG CREEK",1,5.458,4.249
2020,"01 BIG CREEK",1,5.495,4.208
2020,"01 BIG CREEK",1,5.507,4.197
2020,"01 BIG CREEK",1,5.552,4.167
2020,"01 BIG CREEK",1,5.902,4.124
2020,"01 BIG CREEK",1,5.908,4.126
2020,"01 BIG CREEK",1,6.003,4.132
2020,"01 BIG CREEK",1,6.015,4.131
2020,"01 BIG CREEK",1,6.03,4.13
2020,"01 BIG CREEK",1,6.034,4.13
2020,"01 BIG CREEK",1,6.055,4.127
2020,"01 BIG CREEK",1,6.057,4.127
2020,"01 BIG CREEK",1,6.06,4.126
2020,"01 BIG CREEK",1,6.12,4.108
2020,"01 BIG CREEK",1,6.136,4.103
2020,"01 BIG CREEK",1,6.138,4.102
2020,"01 BIG CREEK",1,6.14,4.101
2020,"01 BIG CREEK",1,6.165,4.09
2020,"01 BIG CREEK",1,6.186,4.079
2020,"01 BIG CREEK",1,6.333,4.007
2020,"01 BIG CREEK",1,6.336,4.006
2020,"01 BIG CREEK",1,6.345,4.001
2020,"01 BIG CREEK",1,6.393,3.978
2020,"01 BIG CREEK",1,6.395,3.977
2020,"01 BIG CREEK",1,6.41,3.97
2020,"01 BIG CREEK",1,6.431,3.96
2020,"01 BIG CREEK",1,6.506,3.923
2020,"01 BIG CREEK",1,6.508,3.922
2020,"01 BIG CREEK",1,6.536,3.91
2020,"01 BIG CREEK",1,6.541,3.907
2020,"01 BIG CREEK",1,6.543,3.906
2020,"01 BIG CREEK",1,6.557,3.9
2020,"01 BIG CREEK",1,6.571,3.894
2020,"01 BIG CREEK",1,6.587,3.886
2020,"01 BIG CREEK",1,6.609,3.876
2020,"01 BIG CREEK",1,6.649,3.859
2020,"01 BIG CREEK",1,6.669,3.85
2020,"01 BIG CREEK",1,6.696,3.838
2020,"01 BIG CREEK",1,6.715,3.832
2020,"01 BIG CREEK",1,6.742,3.825
2020,"01 BIG CREEK",1,6.761,3.819
2020,"01 BIG CREEK",1,6.802,3.809
2020,"01 BIG CREEK",1,6.886,3.785
2020,"01 BIG CREEK",1,6.911,3.776
2020,"01 BIG CREEK",1,6.926,3.768
2020,"01 BIG CREEK",1,6.937,3.763
2020,"01 BIG CREEK",1,7.035,3.686
2020,"01 BIG CREEK",1,7.052,3.67
2020,"01 BIG CREEK",1,7.085,3.639
2020,"01 BIG CREEK",1,7.449,3.746
2020,"01 BIG CREEK",1,7.66,3.886
2020,"01 BIG CREEK",1,7.903,4.238
2020,"01 BIG CREEK",1,7.914,4.254
2020,"01 BIG CREEK",1,7.955,4.323
2020,"01 BIG CREEK",1,8.214,4.791
2020,"01 BIG CREEK",1,8.24,4.814
2020,"21 SOUTH FORSYTH",1,10.5,8.29
2020,"21 SOUTH FORSYTH",1,10.675,8.622
2020,"21 SOUTH FORSYTH",1,10.567,9.152
2020,"21 SOUTH FORSYTH",1,10.564,9.24
2020,"21 SOUTH FORSYTH",1,10.72,9.789
2020,"21 SOUTH FORSYTH",1,10.717,9.941
2020,"21 SOUTH FORSYTH",1,10.706,10.198
2020,"21 SOUTH FORSYTH",1,10.647,10.805
2020,"21 SOUTH FORSYTH",1,10.335,11.018
2020,"21 SOUTH FORSYTH",1,10.072,10.915
2020,"21 SOUTH FORSYTH",1,9.193,10.931
2020,"21 SOUTH FORSYTH",1,8.622,11.388
2020,"21 SOUTH FORSYTH",1,8.333,11.463
2020,"21 SOUTH FORSYTH",1,8.302,11.115
2020,"21 SOUTH FORSYTH",1,8.452,10.241
2020,"21 SOUTH FORSYTH",1,8.381,9.296
2020,"21 SOUTH FORSYTH",1,8.546,8.72
2020,"21 SOUTH FORSYTH",1,8.556,8.672
2020,"21 SOUTH FORSYTH",1,8.568,8.617
2020,"21 SOUTH FORSYTH",1,8.583,8.545
2020,"21 SOUTH FORSYTH",1,8.59,8.514
2020,"21 SOUTH FORSYTH",1,8.667,8.139
2020,"21 SOUTH FORSYTH",1,8.671,8.018
2020,"21 SOUTH FORSYTH",1,8.639,7.852
2020,"21 SOUTH FORSYTH",1,8.554,7.552
2020,"21 SOUTH FORSYTH",1,8.505,7.469
2020,"21 SOUTH FORSYTH",1,8.409,7.354
2020,"21 SOUTH FORSYTH",1,8.341,7.28
2020,"21 SOUTH FORSYTH",1,8.273,7.206
2020,"21 SOUTH FORSYTH",1,8.214,7.139
2020,"21 SOUTH FORSYTH",1,8.176,6.998
2020,"21 SOUTH FORSYTH",1,8.175,6.747
2020,"21 SOUTH FORSYTH",1,8.176,6.667
2020,"21 SOUTH FORSYTH",1,8.179,6.471
2020,"21 SOUTH FORSYTH",1,8.178,6.273
2020,"21 SOUTH FORSYTH",1,8.181,5.821
2020,"21 SOUTH FORSYTH",1,8.197,5.536
2020,"21 SOUTH FORSYTH",1,8.18,4.983
2020,"21 SOUTH FORSYTH",1,8.24,4.814
2020,"21 SOUTH FORSYTH",1,8.785,4.448
2020,"21 SOUTH FORSYTH",1,9.65,3.608
2020,"21 SOUTH FORSYTH",1,9.72,3.648
2020,"21 SOUTH FORSYTH",1,9.758,3.671
2020,"21 SOUTH FORSYTH",1,10.285,4.186
2020,"21 SOUTH FORSYTH",1,10.331,4.217
2020,"21 SOUTH FORSYTH",1,10.751,4.27
2020,"21 SOUTH FORSYTH",1,11.15,4.482
2020,"21 SOUTH FORSYTH",1,12.061,4.576
2020,"21 SOUTH FORSYTH",1,11.977,4.823
2020,"21 SOUTH FORSYTH",1,11.975,4.862
2020,"21 SOUTH FORSYTH",1,11.967,5.025
2020,"21 SOUTH FORSYTH",1,11.892,5.305
2020,"21 SOUTH FORSYTH",1,11.809,5.46
2020,"21 SOUTH FORSYTH",1,11.789,5.499
2020,"21 SOUTH FORSYTH",1,11.761,5.541
2020,"21 SOUTH FORSYTH",1,11.604,5.702
2020,"21 SOUTH FORSYTH",1,11.385,5.91
2020,"21 SOUTH FORSYTH",1,10.925,6.218
2020,"21 SOUTH FORSYTH",1,10.768,6.324
2020,"21 SOUTH FORSYTH",1,10.616,6.412
2020,"21 SOUTH FORSYTH",1,10.216,6.905
2020,"21 SOUTH FORSYTH",1,10.099,7.595
2020,"21 SOUTH FORSYTH",1,10.347,8.009
2020,"21 SOUTH FORSYTH",1,10.5,8.29
2020,"29 POLO",1,10.957,13.853
2020,"29 POLO",1,11.028,14.072
2020,"29 POLO",1,11.404,14.46
2020,"29 POLO",1,11.771,14.42
2020,"29 POLO",1,11.613,14.555
2020,"29 POLO",1,11.718,14.73
2020,"29 POLO",1,11.647,14.809
2020,"29 POLO",1,11.577,14.8
2020,"29 POLO",1,11.549,14.778
2020,"29 POLO",1,11.486,14.726
2020,"29 POLO",1,11.259,14.888
2020,"29 POLO",1,11.183,15.12
2020,"29 POLO",1,10.872,14.948
2020,"29 POLO",1,10.663,14.417
2020,"29 POLO",1,10.106,14.188
2020,"29 POLO",1,9.337,15.106
2020,"29 POLO",1,8.679,15.075
2020,"29 POLO",1,8.357,14.878
2020,"29 POLO",1,8.127,14.962
2020,"29 POLO",1,7.867,14.813
2020,"29 POLO",1,7.491,14.598
2020,"29 POLO",1,7.399,14.5
2020,"29 POLO",1,7.016,14.636
2020,"29 POLO",1,6.451,14.113
2020,"29 POLO",1,6.443,14.145
2020,"29 POLO",1,6.376,14.454
2020,"29 POLO",1,6.061,14.924
2020,"29 POLO",1,6.062,15.565
2020,"29 POLO",1,6.058,15.631
2020,"29 POLO",1,6.031,16.01
2020,"29 POLO",1,5.401,15.96
2020,"29 POLO",1,5.082,15.554
2020,"29 POLO",1,5.045,15.547
2020,"29 POLO",1,4.691,15.389
2020,"29 POLO",1,4.284,14.999
2020,"29 POLO",1,4.169,14.619
2020,"29 POLO",1,4.187,14.449
2020,"29 POLO",1,4.181,14.396
2020,"29 POLO",1,4.167,14.343
2020,"29 POLO",1,3.579,13.497
2020,"29 POLO",1,3.134,13.064
2020,"29 POLO",1,2.707,12.648
2020,"29 POLO",1,2.682,12.618
2020,"29 POLO",1,2.566,12.26
2020,"29 POLO",1,2.515,11.703
2020,"29 POLO",1,2.52,11.669
2020,"29 POLO",1,2.549,11.681
2020,"29 POLO",1,2.582,11.693
2020,"29 POLO",1,2.598,11.7
2020,"29 POLO",1,3.43,11.491
2020,"29 POLO",1,4.178,11.39
2020,"29 POLO",1,4.705,11.411
2020,"29 POLO",1,5.344,11.254
2020,"29 POLO",1,6.178,11.434
2020,"29 POLO",1,6.511,11.807
2020,"29 POLO",1,7.385,12.036
2020,"29 POLO",1,8.304,12.014
2020,"29 POLO",1,8.367,11.706
2020,"29 POLO",1,8.412,11.722
2020,"29 POLO",1,8.436,11.731
2020,"29 POLO",1,8.487,11.753
2020,"29 POLO",1,8.596,11.82
2020,"29 POLO",1,8.735,11.946
2020,"29 POLO",1,9.354,12.745
2020,"29 POLO",1,9.471,12.904
2020,"29 POLO",1,9.783,13.305
2020,"29 POLO",1,9.949,13.477
2020,"29 POLO",1,10.053,13.567
2020,"29 POLO",1,10.055,13.568
2020,"29 POLO",1,10.187,13.662
2020,"29 POLO",1,11.006,14.1
2020,"29 POLO",1,10.957,13.853
2020,"10 MIDWAY",1,6.756,18.735
2020,"10 MIDWAY",1,6.281,17.826
2020,"10 MIDWAY",1,5.931,17.528
2020,"10 MIDWAY",1,5.869,17.779
2020,"10 MIDWAY",1,5.859,17.802
2020,"10 MIDWAY",1,5.849,17.828
2020,"10 MIDWAY",1,5.627,17.851
2020,"10 MIDWAY",1,5.586,17.826
2020,"10 MIDWAY",1,5.517,17.776
2020,"10 MIDWAY",1,5.462,17.737
2020,"10 MIDWAY",1,5.446,17.724
2020,"10 MIDWAY",1,5.079,17.7
2020,"10 MIDWAY",1,4.763,17.675
2020,"10 MIDWAY",1,4.678,17.681
2020,"10 MIDWAY",1,4.12,17.487
2020,"10 MIDWAY",1,3.912,17.194
2020,"10 MIDWAY",1,3.431,17.223
2020,"10 MIDWAY",1,3.346,17.211
2020,"10 MIDWAY",1,2.54,17.312
2020,"10 MIDWAY",1,2.512,17.337
2020,"10 MIDWAY",1,2.406,17.4
2020,"10 MIDWAY",1,2.378,17.411
2020,"10 MIDWAY",1,2.36,17.417
2020,"10 MIDWAY",1,1.768,17.247
2020,"10 MIDWAY",1,1.692,17.227
2020,"10 MIDWAY",1,1.256,17.201
2020,"10 MIDWAY",1,0.695,17.004
2020,"10 MIDWAY",1,0.456,16.967
2020,"10 MIDWAY",1,0.359,16.969
2020,"10 MIDWAY",1,0.316,16.985
2020,"10 MIDWAY",1,0.305,16.981
2020,"10 MIDWAY",1,0.326,16.964
2020,"10 MIDWAY",1,0.343,16.32
2020,"10 MIDWAY",1,0.52,16.212
2020,"10 MIDWAY",1,0.66,15.434
2020,"10 MIDWAY",1,0.705,15.275
2020,"10 MIDWAY",1,1.004,14.67
2020,"10 MIDWAY",1,1.6,14.314
2020,"10 MIDWAY",1,1.939,13.842
2020,"10 MIDWAY",1,2.278,13.872
2020,"10 MIDWAY",1,2.305,13.88
2020,"10 MIDWAY",1,2.582,13.831
2020,"10 MIDWAY",1,3.134,13.064
2020,"10 MIDWAY",1,3.579,13.497
2020,"10 MIDWAY",1,4.167,14.343
2020,"10 MIDWAY",1,4.181,14.396
2020,"10 MIDWAY",1,4.187,14.449
2020,"10 MIDWAY",1,4.169,14.619
2020,"10 MIDWAY",1,4.284,14.999
2020,"10 MIDWAY",1,4.691,15.389
2020,"10 MIDWAY",1,5.045,15.547
2020,"10 MIDWAY",1,5.082,15.554
2020,"10 MIDWAY",1,5.401,15.96
2020,"10 MIDWAY",1,6.031,16.01
2020,"10 MIDWAY",1,6.058,15.631
2020,"10 MIDWAY",1,6.062,15.565
2020,"10 MIDWAY",1,6.061,14.924
2020,"10 MIDWAY",1,6.376,14.454
2020,"10 MIDWAY",1,6.443,14.145
2020,"10 MIDWAY",1,6.451,14.113
2020,"10 MIDWAY",1,7.016,14.636
2020,"10 MIDWAY",1,7.399,14.5
2020,"10 MIDWAY",1,7.491,14.598
2020,"10 MIDWAY",1,7.867,14.813
2020,"10 MIDWAY",1,8.127,14.962
2020,"10 MIDWAY",1,8.357,14.878
2020,"10 MIDWAY",1,8.679,15.075
2020,"10 MIDWAY",1,9.337,15.106
2020,"10 MIDWAY",1,8.945,15.231
2020,"10 MIDWAY",1,8.645,15.647
2020,"10 MIDWAY",1,8.266,16.255
2020,"10 MIDWAY",1,8.654,16.493
2020,"10 MIDWAY",1,8.682,16.49
2020,"10 MIDWAY",1,9.115,16.666
2020,"10 MIDWAY",1,9.083,16.956
2020,"10 MIDWAY",1,8.795,17.011
2020,"10 MIDWAY",1,8.518,17.861
2020,"10 MIDWAY",1,8.352,17.942
2020,"10 MIDWAY",1,7.601,18.111
2020,"10 MIDWAY",1,7.355,18.363
2020,"10 MIDWAY",1,6.768,18.721
2020,"10 MIDWAY",1,6.756,18.735
2020,"15 HEARDSVILLE",1,0.237,20.284
2020,"15 HEARDSVILLE",1,0.778,20.756
2020,"15 HEARDSVILLE",1,0.864,20.952
2020,"15 HEARDSVILLE",1,1.988,21.633
2020,"15 HEARDSVILLE",1,2.064,21.896
2020,"15 HEARDSVILLE",1,2.539,21.98
2020,"15 HEARDSVILLE",1,2.87,22.194
2020,"15 HEARDSVILLE",1,3.312,22.288
2020,"15 HEARDSVILLE",1,3.743,21.928
2020,"15 HEARDSVILLE",1,4.192,22.157
2020,"15 HEARDSVILLE",1,4.706,21.925
2020,"15 HEARDSVILLE",1,5.076,21.925
2020,"15 HEARDSVILLE",1,5.511,22.27
2020,"15 HEARDSVILLE",1,5.854,22.416
2020,"15 HEARDSVILLE",1,6.051,23.066
2020,"15 HEARDSVILLE",1,6.706,23.414
2020,"15 HEARDSVILLE",1,7.061,23.589
2020,"15 HEARDSVILLE",1,7.124,23.628
2020,"15 HEARDSVILLE",1,7.653,23.733
2020,"15 HEARDSVILLE",1,7.742,23.828
2020,"15 HEARDSVILLE",1,7.826,23.93
2020,"15 HEARDSVILLE",1,7.79,24.739
2020,"15 HEARDSVILLE",1,7.885,25.103
2020,"15 HEARDSVILLE",1,7.936,25.243
2020,"15 HEARDSVILLE",1,7.945,25.336
2020,"15 HEARDSVILLE",1,7.96,25.376
2020,"15 HEARDSVILLE",1,8.105,25.495
2020,"15 HEARDSVILLE",1,8.249,25.657
2020,"15 HEARDSVILLE",1,8.401,25.778
2020,"15 HEARDSVILLE",1,8.368,26.052
2020,"15 HEARDSVILLE",1,8.34,26.107
2020,"15 HEARDSVILLE",1,8.81,26.995
2020,"15 HEARDSVILLE",1,8.776,27.314
2020,"15 HEARDSVILLE",1,8.341,27.509
2020,"15 HEARDSVILLE",1,7.647,27.317
2020,"15 HEARDSVILLE",1,6.28,27.714
2020,"15 HEARDSVILLE",1,5.693,27.629
2020,"15 HEARDSVILLE",1,5.16,27.927
2020,"15 HEARDSVILLE",1,4.03,28.082
2020,"15 HEARDSVILLE",1,3.218,27.585
2020,"15 HEARDSVILLE",1,2.185,27.17
2020,"15 HEARDSVILLE",1,1.741,27.058
2020,"15 HEARDSVILLE",1,1.514,27.156
2020,"15 HEARDSVILLE",1,0.944,27.185
2020,"15 HEARDSVILLE",1,0.078,26.714
2020,"15 HEARDSVILLE",1,0.148,23.792
2020,"15 HEARDSVILLE",1,0.237,20.284
2020,"37 SAWNEE",1,0.305,16.981
2020,"37 SAWNEE",1,0.316,16.985
2020,"37 SAWNEE",1,0.359,16.969
2020,"37 SAWNEE",1,0.456,16.967
2020,"37 SAWNEE",1,0.695,17.004
2020,"37 SAWNEE",1,1.256,17.201
2020,"37 SAWNEE",1,1.692,17.227
2020,"37 SAWNEE",1,1.768,17.247
2020,"37 SAWNEE",1,2.36,17.417
2020,"37 SAWNEE",1,2.378,17.411
2020,"37 SAWNEE",1,2.406,17.4
2020,"37 SAWNEE",1,2.512,17.337
2020,"37 SAWNEE",1,2.54,17.312
2020,"37 SAWNEE",1,3.346,17.211
2020,"37 SAWNEE",1,3.431,17.223
2020,"37 SAWNEE",1,3.912,17.194
2020,"37 SAWNEE",1,4.12,17.487
2020,"37 SAWNEE",1,4.678,17.681
2020,"37 SAWNEE",1,4.763,17.675
2020,"37 SAWNEE",1,5.079,17.7
2020,"37 SAWNEE",1,5.446,17.724
2020,"37 SAWNEE",1,5.462,17.737
2020,"37 SAWNEE",1,5.517,17.776
2020,"37 SAWNEE",1,5.586,17.826
2020,"37 SAWNEE",1,5.627,17.851
2020,"37 SAWNEE",1,5.849,17.828
2020,"37 SAWNEE",1,5.859,17.802
2020,"37 SAWNEE",1,5.869,17.779
2020,"37 SAWNEE",1,5.931,17.528
2020,"37 SAWNEE",1,6.281,17.826
2020,"37 SAWNEE",1,6.756,18.735
2020,"37 SAWNEE",1,6.768,18.721
2020,"37 SAWNEE",1,7.355,18.363
2020,"37 SAWNEE",1,7.601,18.111
2020,"37 SAWNEE",1,8.352,17.942
2020,"37 SAWNEE",1,8.375,18.48
2020,"37 SAWNEE",1,8.486,18.935
2020,"37 SAWNEE",1,8.689,19.151
2020,"37 SAWNEE",1,8.974,19.117
2020,"37 SAWNEE",1,9.136,18.942
2020,"37 SAWNEE",1,9.766,18.909
2020,"37 SAWNEE",1,9.846,18.954
2020,"37 SAWNEE",1,9.849,18.958
2020,"37 SAWNEE",1,9.835,18.969
2020,"37 SAWNEE",1,9.825,18.986
2020,"37 SAWNEE",1,9.689,19.162
2020,"37 SAWNEE",1,9.169,19.421
2020,"37 SAWNEE",1,8.815,19.478
2020,"37 SAWNEE",1,8.555,19.897
2020,"37 SAWNEE",1,8.366,20.359
2020,"37 SAWNEE",1,8.322,21.057
2020,"37 SAWNEE",1,8.359,21.607
2020,"37 SAWNEE",1,8.282,22.915
2020,"37 SAWNEE",1,7.826,23.93
2020,"37 SAWNEE",1,7.742,23.828
2020,"37 SAWNEE",1,7.653,23.733
2020,"37 SAWNEE",1,7.124,23.628
2020,"37 SAWNEE",1,7.061,23.589
2020,"37 SAWNEE",1,6.706,23.414
2020,"37 SAWNEE",1,6.051,23.066
2020,"37 SAWNEE",1,5.854,22.416
2020,"37 SAWNEE",1,5.511,22.27
2020,"37 SAWNEE",1,5.076,21.925
2020,"37 SAWNEE",1,4.706,21.925
2020,"37 SAWNEE",1,4.192,22.157
2020,"37 SAWNEE",1,3.743,21.928
2020,"37 SAWNEE",1,3.312,22.288
2020,"37 SAWNEE",1,2.87,22.194
2020,"37 SAWNEE",1,2.539,21.98
2020,"37 SAWNEE",1,2.064,21.896
2020,"37 SAWNEE",1,1.988,21.633
2020,"37 SAWNEE",1,0.864,20.952
2020,"37 SAWNEE",1,0.778,20.756
2020,"37 SAWNEE",1,0.237,20.284
2020,"37 SAWNEE",1,0.288,18.425
2020,"37 SAWNEE",1,0.31,17.597
2020,"37 SAWNEE",1,0.301,17.11
2020,"37 SAWNEE",1,0.305,16.988
2020,"37 SAWNEE",1,0.305,16.981
2020,"27 CONCORD",1,6.157,31.307
2020,"27 CONCORD",1,0,31.164
2020,"27 CONCORD",1,0.03,29.215
2020,"27 CONCORD",1,0.037,28.764
2020,"27 CONCORD",1,0.078,26.714
2020,"27 CONCORD",1,0.944,27.185
2020,"27 CONCORD",1,1.514,27.156
2020,"27 CONCORD",1,1.741,27.058
2020,"27 CONCORD",1,2.185,27.17
2020,"27 CONCORD",1,3.218,27.585
2020,"27 CONCORD",1,4.03,28.082
2020,"27 CONCORD",1,5.16,27.927
2020,"27 CONCORD",1,5.693,27.629
2020,"27 CONCORD",1,6.28,27.714
2020,"27 CONCORD",1,7.647,27.317
2020,"27 CONCORD",1,8.341,27.509
2020,"27 CONCORD",1,8.776,27.314
2020,"27 CONCORD",1,9.045,27.264
2020,"27 CONCORD",1,9.516,27.421
2020,"27 CONCORD",1,9.76,27.39
2020,"27 CONCORD",1,10.537,27.033
2020,"27 CONCORD",1,11.149,26.841
2020,"27 CONCORD",1,11.245,26.797
2020,"27 CONCORD",1,11.298,26.762
2020,"27 CONCORD",1,11.919,26.328
2020,"27 CONCORD",1,12.113,26.035
2020,"27 CONCORD",1,12.622,26.56
2020,"27 CONCORD",1,12.969,27.143
2020,"27 CONCORD",1,13.631,27.211
2020,"27 CONCORD",1,13.754,27.349
2020,"27 CONCORD",1,14.047,27.168
2020,"27 CONCORD",1,14.597,27.203
2020,"27 CONCORD",1,14.954,27.106
2020,"27 CONCORD",1,15.709,27.336
2020,"27 CONCORD",1,16.038,27.227
2020,"27 CONCORD",1,16.474,27.172
2020,"27 CONCORD",1,16.715,27.474
2020,"27 CONCORD",1,16.912,28.41
2020,"27 CONCORD",1,17.402,28.385
2020,"27 CONCORD",1,17.579,28.64
2020,"27 CONCORD",1,18.429,30.768
2020,"27 CONCORD",1,18.569,31.509
2020,"27 CONCORD",1,18.561,31.547
2020,"27 CONCORD",1,18.54,31.6
2020,"27 CONCORD",1,18.472,31.597
2020,"27 CONCORD",1,17.631,31.576
2020,"27 CONCORD",1,13.895,31.486
2020,"27 CONCORD",1,13.18,31.469
2020,"27 CONCORD",1,8.495,31.36
2020,"27 CONCORD",1,7.519,31.338
2020,"27 CONCORD",1,6.616,31.316
2020,"27 CONCORD",1,6.157,31.307
2020,"25 WINDERMERE",1,10.5,8.29
2020,"25 WINDERMERE",1,10.954,7.934
2020,"25 WINDERMERE",1,11.073,8.09
2020,"25 WINDERMERE",1,11.486,7.774
2020,"25 WINDERMERE",1,11.777,7.697
2020,"25 WINDERMERE",1,12.418,8.397
2020,"25 WINDERMERE",1,13.157,8.922
2020,"25 WINDERMERE",1,13.627,8.875
2020,"25 WINDERMERE",1,13.77,8.721
2020,"25 WINDERMERE",1,13.737,8.351
2020,"25 WINDERMERE",1,14.041,8.291
2020,"25 WINDERMERE",1,14.285,8.614
2020,"25 WINDERMERE",1,14.777,8.284
2020,"25 WINDERMERE",1,15.392,8.304
2020,"25 WINDERMERE",1,15.448,8.032
2020,"25 WINDERMERE",1,15.776,8.284
2020,"25 WINDERMERE",1,15.799,8.338
2020,"25 WINDERMERE",1,15.815,8.384
2020,"25 WINDERMERE",1,15.817,8.391
2020,"25 WINDERMERE",1,15.821,8.413
2020,"25 WINDERMERE",1,15.61,8.597
2020,"25 WINDERMERE",1,15.536,8.662
2020,"25 WINDERMERE",1,15.203,9.361
2020,"25 WINDERMERE",1,14.828,9.803
2020,"25 WINDERMERE",1,14.821,9.811
2020,"25 WINDERMERE",1,14.685,10.221
2020,"25 WINDERMERE",1,14.698,10.887
2020,"25 WINDERMERE",1,14.684,10.985
2020,"25 WINDERMERE",1,14.487,11.522
2020,"25 WINDERMERE",1,14.177,11.905
2020,"25 WINDERMERE",1,14.077,12.004
2020,"25 WINDERMERE",1,13.989,12.08
2020,"25 WINDERMERE",1,13.932,12.124
2020,"25 WINDERMERE",1,13.391,12.509
2020,"25 WINDERMERE",1,12.728,13.249
2020,"25 WINDERMERE",1,12.61,13.29
2020,"25 WINDERMERE",1,11.869,13.351
2020,"25 WINDERMERE",1,11.761,13.393
2020,"25 WINDERMERE",1,11.429,13.54
2020,"25 WINDERMERE",1,10.889,13.596
2020,"25 WINDERMERE",1,10.887,13.713
2020,"25 WINDERMERE",1,10.957,13.853
2020,"25 WINDERMERE",1,11.006,14.1
2020,"25 WINDERMERE",1,10.187,13.662
2020,"25 WINDERMERE",1,10.055,13.568
2020,"25 WINDERMERE",1,10.053,13.567
2020,"25 WINDERMERE",1,9.949,13.477
2020,"25 WINDERMERE",1,9.783,13.305
2020,"25 WINDERMERE",1,9.471,12.904
2020,"25 WINDERMERE",1,9.354,12.745
2020,"25 WINDERMERE",1,8.735,11.946
2020,"25 WINDERMERE",1,8.596,11.82
2020,"25 WINDERMERE",1,8.487,11.753
2020,"25 WINDERMERE",1,8.436,11.731
2020,"25 WINDERMERE",1,8.412,11.722
2020,"25 WINDERMERE",1,8.367,11.706
2020,"25 WINDERMERE",1,8.364,11.642
2020,"25 WINDERMERE",1,8.333,11.463
2020,"25 WINDERMERE",1,8.622,11.388
2020,"25 WINDERMERE",1,9.193,10.931
2020,"25 WINDERMERE",1,10.072,10.915
2020,"25 WINDERMERE",1,10.335,11.018
2020,"25 WINDERMERE",1,10.647,10.805
2020,"25 WINDERMERE",1,10.706,10.198
2020,"25 WINDERMERE",1,10.717,9.941
2020,"25 WINDERMERE",1,10.72,9.789
2020,"25 WINDERMERE",1,10.564,9.24
2020,"25 WINDERMERE",1,10.567,9.152
2020,"25 WINDERMERE",1,10.675,8.622
2020,"25 WINDERMERE",1,10.5,8.29
2020,"07 CUMMING",1,15.059,17.134
2020,"07 CUMMING",1,15.276,17.71
2020,"07 CUMMING",1,14.961,18.204
2020,"07 CUMMING",1,14.458,18.466
2020,"07 CUMMING",1,14.199,18.988
2020,"07 CUMMING",1,14.713,19.825
2020,"07 CUMMING",1,14.673,19.826
2020,"07 CUMMING",1,14.473,19.865
2020,"07 CUMMING",1,14.481,20.053
2020,"07 CUMMING",1,14.446,20.47
2020,"07 CUMMING",1,14.417,20.519
2020,"07 CUMMING",1,13.976,20.832
2020,"07 CUMMING",1,13.649,21.482
2020,"07 CUMMING",1,13.383,21.619
2020,"07 CUMMING",1,12.788,20.667
2020,"07 CUMMING",1,12.774,20.642
2020,"07 CUMMING",1,12.769,20.63
2020,"07 CUMMING",1,12.745,20.555
2020,"07 CUMMING",1,12.657,20.194
2020,"07 CUMMING",1,12.64,20.152
2020,"07 CUMMING",1,12.619,20.139
2020,"07 CUMMING",1,12.389,20.156
2020,"07 CUMMING",1,11.559,20.008
2020,"07 CUMMING",1,11.561,19.879
2020,"07 CUMMING",1,11.571,19.853
2020,"07 CUMMING",1,11.587,19.826
2020,"07 CUMMING",1,11.617,19.783
2020,"07 CUMMING",1,12.038,19.72
2020,"07 CUMMING",1,12.044,19.391
2020,"07 CUMMING",1,11.747,19.384
2020,"07 CUMMING",1,11.51,19.061
2020,"07 CUMMING",1,11.127,19.381
2020,"07 CUMMING",1,10.907,19.448
2020,"07 CUMMING",1,10.865,19.447
2020,"07 CUMMING",1,10.444,19.339
2020,"07 CUMMING",1,10.361,19.339
2020,"07 CUMMING",1,9.918,19.274
2020,"07 CUMMING",1,9.825,18.986
2020,"07 CUMMING",1,9.835,18.969
2020,"07 CUMMING",1,9.849,18.958
2020,"07 CUMMING",1,9.94,18.788
2020,"07 CUMMING",1,10.456,18.916
2020,"07 CUMMING",1,11.476,18.948
2020,"07 CUMMING",1,11.48,18.823
2020,"07 CUMMING",1,10.771,18.744
2020,"07 CUMMING",1,10.04,18.36
2020,"07 CUMMING",1,9.673,18.304
2020,"07 CUMMING",1,9.702,17.614
2020,"07 CUMMING",1,9.692,17.583
2020,"07 CUMMING",1,9.681,17.14
2020,"07 CUMMING",1,9.689,17.062
2020,"07 CUMMING",1,9.709,16.845
2020,"07 CUMMING",1,9.673,16.795
2020,"07 CUMMING",1,9.717,16.2
2020,"07 CUMMING",1,9.717,16.181
2020,"07 CUMMING",1,9.943,15.778
2020,"07 CUMMING",1,10.1,15.998
2020,"07 CUMMING",1,10.177,15.666
2020,"07 CUMMING",1,10.178,15.614
2020,"07 CUMMING",1,10.183,15.308
2020,"07 CUMMING",1,10.648,15.273
2020,"07 CUMMING",1,11.2,15.256
2020,"07 CUMMING",1,11.183,15.12
2020,"07 CUMMING",1,11.259,14.888
2020,"07 CUMMING",1,11.486,14.726
2020,"07 CUMMING",1,11.549,14.778
2020,"07 CUMMING",1,11.577,14.8
2020,"07 CUMMING",1,11.647,14.809
2020,"07 CUMMING",1,11.718,14.73
2020,"07 CUMMING",1,11.613,14.555
2020,"07 CUMMING",1,11.771,14.42
2020,"07 CUMMING",1,11.404,14.46
2020,"07 CUMMING",1,11.028,14.072
2020,"07 CUMMING",1,10.957,13.853
2020,"07 CUMMING",1,10.887,13.713
2020,"07 CUMMING",1,10.889,13.596
2020,"07 CUMMING",1,11.429,13.54
2020,"07 CUMMING",1,11.536,13.574
2020,"07 CUMMING",1,11.587,13.696
2020,"07 CUMMING",1,11.587,13.722
2020,"07 CUMMING",1,11.533,14.269
2020,"07 CUMMING",1,11.831,14.294
2020,"07 CUMMING",1,11.853,14.346
2020,"07 CUMMING",1,11.908,14.295
2020,"07 CUMMING",1,11.949,14.258
2020,"07 CUMMING",1,12.007,14.205
2020,"07 CUMMING",1,12.159,14.057
2020,"07 CUMMING",1,12.168,14.071
2020,"07 CUMMING",1,12.452,14.327
2020,"07 CUMMING",1,12.592,14.536
2020,"07 CUMMING",1,12.618,14.537
2020,"07 CUMMING",1,12.803,14.601
2020,"07 CUMMING",1,12.847,14.716
2020,"07 CUMMING",1,12.763,14.813
2020,"07 CUMMING",1,13.019,15.071
2020,"07 CUMMING",1,13.031,15.579
2020,"07 CUMMING",1,13.122,15.611
2020,"07 CUMMING",1,13.178,15.63
2020,"07 CUMMING",1,13.364,15.623
2020,"07 CUMMING",1,13.433,15.651
2020,"07 CUMMING",1,13.496,15.776
2020,"07 CUMMING",1,13.771,15.779
2020,"07 CUMMING",1,13.866,15.748
2020,"07 CUMMING",1,13.941,15.681
2020,"07 CUMMING",1,14.241,15.571
2020,"07 CUMMING",1,14.256,15.764
2020,"07 CUMMING",1,14.487,15.798
2020,"07 CUMMING",1,14.772,16.002
2020,"07 CUMMING",1,14.958,15.975
2020,"07 CUMMING",1,15.192,16.415
2020,"07 CUMMING",1,15.231,16.879
2020,"07 CUMMING",1,15.239,16.969
2020,"07 CUMMING",1,14.842,16.884
2020,"07 CUMMING",1,14.861,16.582
2020,"07 CUMMING",1,14.4,16.539
2020,"07 CUMMING",1,14.625,16.904
2020,"07 CUMMING",1,14.386,17.004
2020,"07 CUMMING",1,14.607,17.33
2020,"07 CUMMING",1,15.059,17.134
2020,"08 MASHBURN",1,12.847,14.716
2020,"08 MASHBURN",1,12.803,14.601
2020,"08 MASHBURN",1,12.618,14.537
2020,"08 MASHBURN",1,12.592,14.536
2020,"08 MASHBURN",1,12.452,14.327
2020,"08 MASHBURN",1,12.168,14.071
2020,"08 MASHBURN",1,12.159,14.057
2020,"08 MASHBURN",1,12.007,14.205
2020,"08 MASHBURN",1,11.949,14.258
2020,"08 MASHBURN",1,11.908,14.295
2020,"08 MASHBURN",1,11.853,14.346
2020,"08 MASHBURN",1,11.831,14.294
2020,"08 MASHBURN",1,11.533,14.269
2020,"08 MASHBURN",1,11.587,13.722
2020,"08 MASHBURN",1,11.587,13.696
2020,"08 MASHBURN",1,11.536,13.574
2020,"08 MASHBURN",1,11.429,13.54
2020,"08 MASHBURN",1,11.761,13.393
2020,"08 MASHBURN",1,11.869,13.351
2020,"08 MASHBURN",1,12.61,13.29
2020,"08 MASHBURN",1,12.728,13.249
2020,"08 MASHBURN",1,13.391,12.509
2020,"08 MASHBURN",1,13.932,12.124
2020,"08 MASHBURN",1,13.989,12.08
2020,"08 MASHBURN",1,14.077,12.004
2020,"08 MASHBURN",1,14.177,11.905
2020,"08 MASHBURN",1,14.487,11.522
2020,"08 MASHBURN",1,14.684,10.985
2020,"08 MASHBURN",1,14.698,10.887
2020,"08 MASHBURN",1,14.685,10.221
2020,"08 MASHBURN",1,14.821,9.811
2020,"08 MASHBURN",1,14.828,9.803
2020,"08 MASHBURN",1,15.203,9.361
2020,"08 MASHBURN",1,15.536,8.662
2020,"08 MASHBURN",1,15.61,8.597
2020,"08 MASHBURN",1,15.821,8.413
2020,"08 MASHBURN",1,15.673,9.013
2020,"08 MASHBURN",1,16.023,9.431
2020,"08 MASHBURN",1,16.491,10.224
2020,"08 MASHBURN",1,16.503,10.253
2020,"08 MASHBURN",1,16.388,10.658
2020,"08 MASHBURN",1,16.481,10.935
2020,"08 MASHBURN",1,16.997,11.707
2020,"08 MASHBURN",1,17.274,11.953
2020,"08 MASHBURN",1,17.332,12.472
2020,"08 MASHBURN",1,17.35,12.506
2020,"08 MASHBURN",1,17.661,12.731
2020,"08 MASHBURN",1,18.538,13.145
2020,"08 MASHBURN",1,18.539,13.146
2020,"08 MASHBURN",1,18.542,13.151
2020,"08 MASHBURN",1,18.555,13.174
2020,"08 MASHBURN",1,17.834,13.956
2020,"08 MASHBURN",1,17.559,14.517
2020,"08 MASHBURN",1,17.514,15.146
2020,"08 MASHBURN",1,17.145,15.416
2020,"08 MASHBURN",1,16.923,15.905
2020,"08 MASHBURN",1,16.617,16.282
2020,"08 MASHBURN",1,15.718,16.74
2020,"08 MASHBURN",1,15.27,15.888
2020,"08 MASHBURN",1,14.736,15.825
2020,"08 MASHBURN",1,14.178,15.47
2020,"08 MASHBURN",1,13.69,15.678
2020,"08 MASHBURN",1,13.366,15.555
2020,"08 MASHBURN",1,13.249,15.557
2020,"08 MASHBURN",1,13.209,15.597
2020,"08 MASHBURN",1,13.122,15.611
2020,"08 MASHBURN",1,13.031,15.579
2020,"08 MASHBURN",1,13.019,15.071
2020,"08 MASHBURN",1,12.763,14.813
2020,"08 MASHBURN",1,12.847,14.716
2020,"06 CROSSROADS",1,27.837,31.654
2020,"06 CROSSROADS",1,27.704,31.826
2020,"06 CROSSROADS",1,26.778,31.808
2020,"06 CROSSROADS",1,26.66,31.804
2020,"06 CROSSROADS",1,23.945,31.744
2020,"06 CROSSROADS",1,19.531,31.623
2020,"06 CROSSROADS",1,18.6,31.601
2020,"06 CROSSROADS",1,18.54,31.6
2020,"06 CROSSROADS",1,18.561,31.547
2020,"06 CROSSROADS",1,18.569,31.509
2020,"06 CROSSROADS",1,18.429,30.768
2020,"06 CROSSROADS",1,17.579,28.64
2020,"06 CROSSROADS",1,17.402,28.385
2020,"06 CROSSROADS",1,17.078,27.776
2020,"06 CROSSROADS",1,16.896,25.91
2020,"06 CROSSROADS",1,16.882,25.761
2020,"06 CROSSROADS",1,16.867,25.522
2020,"06 CROSSROADS",1,16.846,25.236
2020,"06 CROSSROADS",1,16.619,24.579
2020,"06 CROSSROADS",1,16.657,24.536
2020,"06 CROSSROADS",1,16.903,24.265
2020,"06 CROSSROADS",1,17.027,24.171
2020,"06 CROSSROADS",1,17.526,23.327
2020,"06 CROSSROADS",1,18.162,23.775
2020,"06 CROSSROADS",1,18.575,24.071
2020,"06 CROSSROADS",1,18.644,24.132
2020,"06 CROSSROADS",1,18.715,24.203
2020,"06 CROSSROADS",1,18.79,24.271
2020,"06 CROSSROADS",1,18.856,24.335
2020,"06 CROSSROADS",1,19.054,24.518
2020,"06 CROSSROADS",1,19.213,24.662
2020,"06 CROSSROADS",1,19.329,24.798
2020,"06 CROSSROADS",1,19.736,25.731
2020,"06 CROSSROADS",1,20.045,25.984
2020,"06 CROSSROADS",1,20.693,26.286
2020,"06 CROSSROADS",1,21.268,26.479
2020,"06 CROSSROADS",1,21.885,26.864
2020,"06 CROSSROADS",1,22.736,26.925
2020,"06 CROSSROADS",1,23.905,27.288
2020,"06 CROSSROADS",1,24.251,27.449
2020,"06 CROSSROADS",1,24.309,27.476
2020,"06 CROSSROADS",1,24.768,27.688
2020,"06 CROSSROADS",1,24.829,27.716
2020,"06 CROSSROADS",1,24.853,27.728
2020,"06 CROSSROADS",1,25.825,28.282
2020,"06 CROSSROADS",1,27.261,28.965
2020,"06 CROSSROADS",1,28.104,29.254
2020,"06 CROSSROADS",1,28.442,29.438
2020,"06 CROSSROADS",1,28.175,29.771
2020,"06 CROSSROADS",1,28.137,29.836
2020,"06 CROSSROADS",1,28.233,30.435
2020,"06 CROSSROADS",1,28.35,30.643
2020,"06 CROSSROADS",1,28.714,30.722
2020,"06 CROSSROADS",1,28.742,31.379
2020,"06 CROSSROADS",1,28.719,31.395
2020,"06 CROSSROADS",1,27.922,31.619
2020,"06 CROSSROADS",1,27.837,31.654
2020,"16 OTWELL",1,13.122,15.611
2020,"16 OTWELL",1,13.209,15.597
2020,"16 OTWELL",1,13.249,15.557
2020,"16 OTWELL",1,13.366,15.555
2020,"16 OTWELL",1,13.69,15.678
2020,"16 OTWELL",1,14.178,15.47
2020,"16 OTWELL",1,14.736,15.825
2020,"16 OTWELL",1,15.27,15.888
2020,"16 OTWELL",1,15.718,16.74
2020,"16 OTWELL",1,15.059,17.134
2020,"16 OTWELL",1,14.607,17.33
2020,"16 OTWELL",1,14.386,17.004
2020,"16 OTWELL",1,14.625,16.904
2020,"16 OTWELL",1,14.4,16.539
2020,"16 OTWELL",1,14.861,16.582
2020,"16 OTWELL",1,14.842,16.884
2020,"16 OTWELL",1,15.239,16.969
2020,"16 OTWELL",1,15.231,16.879
2020,"16 OTWELL",1,15.192,16.415
2020,"16 OTWELL",1,14.958,15.975
2020,"16 OTWELL",1,14.772,16.002
2020,"16 OTWELL",1,14.487,15.798
2020,"16 OTWELL",1,14.256,15.764
2020,"16 OTWELL",1,14.241,15.571
2020,"16 OTWELL",1,13.941,15.681
2020,"16 OTWELL",1,13.866,15.748
2020,"16 OTWELL",1,13.771,15.779
2020,"16 OTWELL",1,13.496,15.776
2020,"16 OTWELL",1,13.433,15.651
2020,"16 OTWELL",1,13.364,15.623
2020,"16 OTWELL",1,13.178,15.63
2020,"16 OTWELL",1,13.122,15.611
2020,"16 OTWELL",2,10.04,18.36
2020,"16 OTWELL",2,10.771,18.744
2020,"16 OTWELL",2,11.48,18.823
2020,"16 OTWELL",2,11.476,18.948
2020,"16 OTWELL",2,10.456,18.916
2020,"16 OTWELL",2,9.94,18.788
2020,"16 OTWELL",2,9.849,18.958
2020,"16 OTWELL",2,9.846,18.954
2020,"16 OTWELL",2,9.766,18.909
2020,"16 OTWELL",2,9.136,18.942
2020,"16 OTWELL",2,8.974,19.117
2020,"16 OTWELL",2,8.689,19.151
2020,"16 OTWELL",2,8.486,18.935
2020,"16 OTWELL",2,8.375,18.48
2020,"16 OTWELL",2,8.352,17.942
2020,"16 OTWELL",2,8.518,17.861
2020,"16 OTWELL",2,8.795,17.011
2020,"16 OTWELL",2,9.083,16.956
2020,"16 OTWELL",2,9.115,16.666
2020,"16 OTWELL",2,8.682,16.49
2020,"16 OTWELL",2,8.654,16.493
2020,"16 OTWELL",2,8.266,16.255
2020,"16 OTWELL",2,8.645,15.647
2020,"16 OTWELL",2,8.945,15.231
2020,"16 OTWELL",2,9.337,15.106
2020,"16 OTWELL",2,10.106,14.188
2020,"16 OTWELL",2,10.663,14.417
2020,"16 OTWELL",2,10.872,14.948
2020,"16 OTWELL",2,11.183,15.12
2020,"16 OTWELL",2,11.2,15.256
2020,"16 OTWELL",2,10.648,15.273
2020,"16 OTWELL",2,10.183,15.308
2020,"16 OTWELL",2,10.178,15.614
2020,"16 OTWELL",2,10.177,15.666
2020,"16 OTWELL",2,10.1,15.998
2020,"16 OTWELL",2,9.943,15.778
2020,"16 OTWELL",2,9.717,16.181
2020,"16 OTWELL",2,9.717,16.2
2020,"16 OTWELL",2,9.673,16.795
2020,"16 OTWELL",2,9.709,16.845
2020,"16 OTWELL",2,9.689,17.062
2020,"16 OTWELL",2,9.681,17.14
2020,"16 OTWELL",2,9.692,17.583
2020,"16 OTWELL",2,9.702,17.614
2020,"16 OTWELL",2,9.673,18.304
2020,"16 OTWELL",2,10.04,18.36
2020,"16 OTWELL",3,7.826,23.93
2020,"16 OTWELL",3,8.282,22.915
2020,"16 OTWELL",3,8.359,21.607
2020,"16 OTWELL",3,8.322,21.057
2020,"16 OTWELL",3,8.366,20.359
2020,"16 OTWELL",3,8.555,19.897
2020,"16 OTWELL",3,8.815,19.478
2020,"16 OTWELL",3,9.169,19.421
2020,"16 OTWELL",3,9.689,19.162
2020,"16 OTWELL",3,9.825,18.986
2020,"16 OTWELL",3,9.918,19.274
2020,"16 OTWELL",3,10.361,19.339
2020,"16 OTWELL",3,10.444,19.339
2020,"16 OTWELL",3,10.865,19.447
2020,"16 OTWELL",3,10.907,19.448
2020,"16 OTWELL",3,11.127,19.381
2020,"16 OTWELL",3,11.51,19.061
2020,"16 OTWELL",3,11.747,19.384
2020,"16 OTWELL",3,12.044,19.391
2020,"16 OTWELL",3,12.038,19.72
2020,"16 OTWELL",3,11.617,19.783
2020,"16 OTWELL",3,11.587,19.826
2020,"16 OTWELL",3,11.571,19.853
2020,"16 OTWELL",3,11.561,19.879
2020,"16 OTWELL",3,11.559,20.008
2020,"16 OTWELL",3,12.389,20.156
2020,"16 OTWELL",3,12.619,20.139
2020,"16 OTWELL",3,12.64,20.152
2020,"16 OTWELL",3,12.657,20.194
2020,"16 OTWELL",3,12.745,20.555
2020,"16 OTWELL",3,12.769,20.63
2020,"16 OTWELL",3,12.774,20.642
2020,"16 OTWELL",3,12.788,20.667
2020,"16 OTWELL",3,13.383,21.619
2020,"16 OTWELL",3,13.586,21.935
2020,"16 OTWELL",3,14.094,22.338
2020,"16 OTWELL",3,14.304,22.687
2020,"16 OTWELL",3,14.273,23.263
2020,"16 OTWELL",3,13.494,23.465
2020,"16 OTWELL",3,13.155,23.46
2020,"16 OTWELL",3,13.133,23.458
2020,"16 OTWELL",3,12.862,23.372
2020,"16 OTWELL",3,11.174,22.697
2020,"16 OTWELL",3,11.159,23.315
2020,"16 OTWELL",3,11.478,23.478
2020,"16 OTWELL",3,11.035,23.768
2020,"16 OTWELL",3,10.542,23.741
2020,"16 OTWELL",3,10.25,24.288
2020,"16 OTWELL",3,9.945,24.598
2020,"16 OTWELL",3,9.885,24.901
2020,"16 OTWELL",3,9.452,24.872
2020,"16 OTWELL",3,9.236,25.038
2020,"16 OTWELL",3,9.092,25.253
2020,"16 OTWELL",3,9.058,25.292
2020,"16 OTWELL",3,8.971,25.379
2020,"16 OTWELL",3,8.758,25.562
2020,"16 OTWELL",3,8.615,25.654
2020,"16 OTWELL",3,8.528,25.671
2020,"16 OTWELL",3,8.46,25.7
2020,"16 OTWELL",3,8.401,25.778
2020,"16 OTWELL",3,8.249,25.657
2020,"16 OTWELL",3,8.105,25.495
2020,"16 OTWELL",3,7.96,25.376
2020,"16 OTWELL",3,7.945,25.336
2020,"16 OTWELL",3,7.936,25.243
2020,"16 OTWELL",3,7.885,25.103
2020,"16 OTWELL",3,7.79,24.739
2020,"16 OTWELL",3,7.826,23.93
2020,"05 COAL MOUNTAIN",1,14.304,22.687
2020,"05 COAL MOUNTAIN",1,14.592,22.83
2020,"05 COAL MOUNTAIN",1,14.814,22.447
2020,"05 COAL MOUNTAIN",1,14.795,22.229
2020,"05 COAL MOUNTAIN",1,15.298,22.34
2020,"05 COAL MOUNTAIN",1,15.39,22.361
2020,"05 COAL MOUNTAIN",1,15.444,22.373
2020,"05 COAL MOUNTAIN",1,15.582,22.4
2020,"05 COAL MOUNTAIN",1,15.769,22.448
2020,"05 COAL MOUNTAIN",1,16.041,22.531
2020,"05 COAL MOUNTAIN",1,16.562,22.703
2020,"05 COAL MOUNTAIN",1,17.526,23.327
2020,"05 COAL MOUNTAIN",1,17.027,24.171
2020,"05 COAL MOUNTAIN",1,16.903,24.265
2020,"05 COAL MOUNTAIN",1,16.657,24.536
2020,"05 COAL MOUNTAIN",1,16.619,24.579
2020,"05 COAL MOUNTAIN",1,16.846,25.236
2020,"05 COAL MOUNTAIN",1,16.867,25.522
2020,"05 COAL MOUNTAIN",1,16.882,25.761
2020,"05 COAL MOUNTAIN",1,16.896,25.91
2020,"05 COAL MOUNTAIN",1,17.078,27.776
2020,"05 COAL MOUNTAIN",1,17.402,28.385
2020,"05 COAL MOUNTAIN",1,16.912,28.41
2020,"05 COAL MOUNTAIN",1,16.715,27.474
2020,"05 COAL MOUNTAIN",1,16.474,27.172
2020,"05 COAL MOUNTAIN",1,16.038,27.227
2020,"05 COAL MOUNTAIN",1,15.709,27.336
2020,"05 COAL MOUNTAIN",1,14.954,27.106
2020,"05 COAL MOUNTAIN",1,14.597,27.203
2020,"05 COAL MOUNTAIN",1,14.047,27.168
2020,"05 COAL MOUNTAIN",1,13.754,27.349
2020,"05 COAL MOUNTAIN",1,13.631,27.211
2020,"05 COAL MOUNTAIN",1,12.969,27.143
2020,"05 COAL MOUNTAIN",1,12.622,26.56
2020,"05 COAL MOUNTAIN",1,12.113,26.035
2020,"05 COAL MOUNTAIN",1,11.919,26.328
2020,"05 COAL MOUNTAIN",1,11.298,26.762
2020,"05 COAL MOUNTAIN",1,11.245,26.797
2020,"05 COAL MOUNTAIN",1,11.149,26.841
2020,"05 COAL MOUNTAIN",1,10.537,27.033
2020,"05 COAL MOUNTAIN",1,9.76,27.39
2020,"05 COAL MOUNTAIN",1,9.516,27.421
2020,"05 COAL MOUNTAIN",1,9.045,27.264
2020,"05 COAL MOUNTAIN",1,8.776,27.314
2020,"05 COAL MOUNTAIN",1,8.81,26.995
2020,"05 COAL MOUNTAIN",1,8.34,26.107
2020,"05 COAL MOUNTAIN",1,8.368,26.052
2020,"05 COAL MOUNTAIN",1,8.401,25.778
2020,"05 COAL MOUNTAIN",1,8.46,25.7
2020,"05 COAL MOUNTAIN",1,8.528,25.671
2020,"05 COAL MOUNTAIN",1,8.615,25.654
2020,"05 COAL MOUNTAIN",1,8.758,25.562
2020,"05 COAL MOUNTAIN",1,8.971,25.379
2020,"05 COAL MOUNTAIN",1,9.058,25.292
2020,"05 COAL MOUNTAIN",1,9.092,25.253
2020,"05 COAL MOUNTAIN",1,9.236,25.038
2020,"05 COAL MOUNTAIN",1,9.452,24.872
2020,"05 COAL MOUNTAIN",1,9.885,24.901
2020,"05 COAL MOUNTAIN",1,9.945,24.598
2020,"05 COAL MOUNTAIN",1,10.25,24.288
2020,"05 COAL MOUNTAIN",1,10.542,23.741
2020,"05 COAL MOUNTAIN",1,11.035,23.768
2020,"05 COAL MOUNTAIN",1,11.478,23.478
2020,"05 COAL MOUNTAIN",1,11.159,23.315
2020,"05 COAL MOUNTAIN",1,11.174,22.697
2020,"05 COAL MOUNTAIN",1,12.862,23.372
2020,"05 COAL MOUNTAIN",1,13.133,23.458
2020,"05 COAL MOUNTAIN",1,13.155,23.46
2020,"05 COAL MOUNTAIN",1,13.494,23.465
2020,"05 COAL MOUNTAIN",1,14.273,23.263
2020,"05 COAL MOUNTAIN",1,14.304,22.687
2020,"03 BROWNS BRIDGE",1,22.248,16.127
2020,"03 BROWNS BRIDGE",1,22.958,15.827
2020,"03 BROWNS BRIDGE",1,23.566,15.96
2020,"03 BROWNS BRIDGE",1,23.831,16.304
2020,"03 BROWNS BRIDGE",1,24.201,16.345
2020,"03 BROWNS BRIDGE",1,24.606,16.16
2020,"03 BROWNS BRIDGE",1,25.215,16.398
2020,"03 BROWNS BRIDGE",1,25.526,16.803
2020,"03 BROWNS BRIDGE",1,25.775,17.316
2020,"03 BROWNS BRIDGE",1,25.997,18.139
2020,"03 BROWNS BRIDGE",1,26.172,18.44
2020,"03 BROWNS BRIDGE",1,26.708,18.489
2020,"03 BROWNS BRIDGE",1,27.201,18.7
2020,"03 BROWNS BRIDGE",1,27.216,18.724
2020,"03 BROWNS BRIDGE",1,27.397,19.19
2020,"03 BROWNS BRIDGE",1,27.29,19.399
2020,"03 BROWNS BRIDGE",1,26.859,19.446
2020,"03 BROWNS BRIDGE",1,26.655,19.799
2020,"03 BROWNS BRIDGE",1,26.682,20.014
2020,"03 BROWNS BRIDGE",1,27.009,20.256
2020,"03 BROWNS BRIDGE",1,27.675,20.571
2020,"03 BROWNS BRIDGE",1,28.268,21.124
2020,"03 BROWNS BRIDGE",1,28.657,21.363
2020,"03 BROWNS BRIDGE",1,28.759,21.761
2020,"03 BROWNS BRIDGE",1,28.53,22.534
2020,"03 BROWNS BRIDGE",1,28.312,22.778
2020,"03 BROWNS BRIDGE",1,28.307,23.137
2020,"03 BROWNS BRIDGE",1,28.548,23.81
2020,"03 BROWNS BRIDGE",1,28.319,23.902
2020,"03 BROWNS BRIDGE",1,27.866,24.093
2020,"03 BROWNS BRIDGE",1,27.7,23.644
2020,"03 BROWNS BRIDGE",1,27.277,23.594
2020,"03 BROWNS BRIDGE",1,26.6,23.093
2020,"03 BROWNS BRIDGE",1,26.448,23.343
2020,"03 BROWNS BRIDGE",1,26.122,23.019
2020,"03 BROWNS BRIDGE",1,25.858,22.955
2020,"03 BROWNS BRIDGE",1,25.858,22.459
2020,"03 BROWNS BRIDGE",1,25.19,22.408
2020,"03 BROWNS BRIDGE",1,24.242,22.548
2020,"03 BROWNS BRIDGE",1,23.379,22.473
2020,"03 BROWNS BRIDGE",1,22.127,21.926
2020,"03 BROWNS BRIDGE",1,21.885,21.898
2020,"03 BROWNS BRIDGE",1,21.309,22.042
2020,"03 BROWNS BRIDGE",1,20.72,21.854
2020,"03 BROWNS BRIDGE",1,20.254,21.953
2020,"03 BROWNS BRIDGE",1,20.187,21.968
2020,"03 BROWNS BRIDGE",1,19.976,22.194
2020,"03 BROWNS BRIDGE",1,19.709,22.156
2020,"03 BROWNS BRIDGE",1,19.384,22.392
2020,"03 BROWNS BRIDGE",1,19.327,22.807
2020,"03 BROWNS BRIDGE",1,19.067,22.865
2020,"03 BROWNS BRIDGE",1,18.662,23.257
2020,"03 BROWNS BRIDGE",1,18.697,23.441
2020,"03 BROWNS BRIDGE",1,18.162,23.775
2020,"03 BROWNS BRIDGE",1,17.526,23.327
2020,"03 BROWNS BRIDGE",1,16.562,22.703
2020,"03 BROWNS BRIDGE",1,16.041,22.531
2020,"03 BROWNS BRIDGE",1,15.769,22.448
2020,"03 BROWNS BRIDGE",1,15.582,22.4
2020,"03 BROWNS BRIDGE",1,15.444,22.373
2020,"03 BROWNS BRIDGE",1,15.39,22.361
2020,"03 BROWNS BRIDGE",1,15.298,22.34
2020,"03 BROWNS BRIDGE",1,14.795,22.229
2020,"03 BROWNS BRIDGE",1,14.814,22.447
2020,"03 BROWNS BRIDGE",1,14.592,22.83
2020,"03 BROWNS BRIDGE",1,14.304,22.687
2020,"03 BROWNS BRIDGE",1,14.094,22.338
2020,"03 BROWNS BRIDGE",1,13.586,21.935
2020,"03 BROWNS BRIDGE",1,13.383,21.619
2020,"03 BROWNS BRIDGE",1,13.649,21.482
2020,"03 BROWNS BRIDGE",1,13.976,20.832
2020,"03 BROWNS BRIDGE",1,14.417,20.519
2020,"03 BROWNS BRIDGE",1,14.446,20.47
2020,"03 BROWNS BRIDGE",1,14.481,20.053
2020,"03 BROWNS BRIDGE",1,14.473,19.865
2020,"03 BROWNS BRIDGE",1,14.673,19.826
2020,"03 BROWNS BRIDGE",1,14.713,19.825
2020,"03 BROWNS BRIDGE",1,14.199,18.988
2020,"03 BROWNS BRIDGE",1,14.458,18.466
2020,"03 BROWNS BRIDGE",1,14.961,18.204
2020,"03 BROWNS BRIDGE",1,15.276,17.71
2020,"03 BROWNS BRIDGE",1,15.059,17.134
2020,"03 BROWNS BRIDGE",1,15.718,16.74
2020,"03 BROWNS BRIDGE",1,16.617,16.282
2020,"03 BROWNS BRIDGE",1,16.923,15.905
2020,"03 BROWNS BRIDGE",1,17.145,15.416
2020,"03 BROWNS BRIDGE",1,17.514,15.146
2020,"03 BROWNS BRIDGE",1,17.559,14.517
2020,"03 BROWNS BRIDGE",1,17.834,13.956
2020,"03 BROWNS BRIDGE",1,18.555,13.174
2020,"03 BROWNS BRIDGE",1,18.787,13.965
2020,"03 BROWNS BRIDGE",1,18.804,14.645
2020,"03 BROWNS BRIDGE",1,18.933,14.832
2020,"03 BROWNS BRIDGE",1,19.267,15.113
2020,"03 BROWNS BRIDGE",1,19.686,15.713
2020,"03 BROWNS BRIDGE",1,20.402,16.022
2020,"03 BROWNS BRIDGE",1,21.377,16.239
2020,"03 BROWNS BRIDGE",1,22.016,16.215
2020,"03 BROWNS BRIDGE",1,22.248,16.127
2024,"35 JOHNS CREEK",1,12.579,2.223
2024,"35 JOHNS CREEK",1,12.01,2.562
2024,"35 JOHNS CREEK",1,12.146,3.253
2024,"35 JOHNS CREEK",1,11.055,3.228
2024,"35 JOHNS CREEK",1,10.778,3.315
2024,"35 JOHNS CREEK",1,10.751,4.27
2024,"35 JOHNS CREEK",1,10.331,4.217
2024,"35 JOHNS CREEK",1,10.285,4.186
2024,"35 JOHNS CREEK",1,9.758,3.671
2024,"35 JOHNS CREEK",1,9.72,3.648
2024,"35 JOHNS CREEK",1,9.65,3.608
2024,"35 JOHNS CREEK",1,8.828,4.392
2024,"35 JOHNS CREEK",1,8.224,4.799
2024,"35 JOHNS CREEK",1,8.214,4.791
2024,"35 JOHNS CREEK",1,7.955,4.323
2024,"35 JOHNS CREEK",1,7.914,4.254
2024,"35 JOHNS CREEK",1,7.903,4.238
2024,"35 JOHNS CREEK",1,7.66,3.886
2024,"35 JOHNS CREEK",1,7.449,3.746
2024,"35 JOHNS CREEK",1,7.085,3.639
2024,"35 JOHNS CREEK",1,7.213,3.489
2024,"35 JOHNS CREEK",1,7.215,3.488
2024,"35 JOHNS CREEK",1,7.233,3.468
2024,"35 JOHNS CREEK",1,7.234,3.467
2024,"35 JOHNS CREEK",1,7.236,3.465
2024,"35 JOHNS CREEK",1,7.258,3.444
2024,"35 JOHNS CREEK",1,7.401,3.362
2024,"35 JOHNS CREEK",1,7.442,3.328
2024,"35 JOHNS CREEK",1,7.491,3.236
2024,"35 JOHNS CREEK",1,7.498,3.208
2024,"35 JOHNS CREEK",1,7.511,3.137
2024,"35 JOHNS CREEK",1,7.518,3.076
2024,"35 JOHNS CREEK",1,7.753,2.668
2024,"35 JOHNS CREEK",1,7.762,2.655
2024,"35 JOHNS CREEK",1,7.79,2.613
2024,"35 JOHNS CREEK",1,7.791,2.611
2024,"35 JOHNS CREEK",1,7.794,2.608
2024,"35 JOHNS CREEK",1,7.798,2.602
2024,"35 JOHNS CREEK",1,7.804,2.593
2024,"35 JOHNS CREEK",1,7.812,2.581
2024,"35 JOHNS CREEK",1,7.818,2.573
2024,"35 JOHNS CREEK",1,7.822,2.567
2024,"35 JOHNS CREEK",1,7.833,2.551
2024,"35 JOHNS CREEK",1,7.834,2.55
2024,"35 JOHNS CREEK",1,7.857,2.517
2024,"35 JOHNS CREEK",1,7.858,2.515
2024,"35 JOHNS CREEK",1,7.866,2.503
2024,"35 JOHNS CREEK",1,7.878,2.486
2024,"35 JOHNS CREEK",1,7.88,2.484
2024,"35 JOHNS CREEK",1,7.904,2.449
2024,"35 JOHNS CREEK",1,7.905,2.447
2024,"35 JOHNS CREEK",1,7.91,2.44
2024,"35 JOHNS CREEK",1,7.924,2.42
2024,"35 JOHNS CREEK",1,7.97,2.353
2024,"35 JOHNS CREEK",1,8.315,1.903
2024,"35 JOHNS CREEK",1,8.773,1.845
2024,"35 JOHNS CREEK",1,9.093,1.763
2024,"35 JOHNS CREEK",1,9.606,1.59
2024,"35 JOHNS CREEK",1,9.72,1.477
2024,"35 JOHNS CREEK",1,9.814,1.316
2024,"35 JOHNS CREEK",1,9.942,1.187
2024,"35 JOHNS CREEK",1,10.671,0.809
2024,"35 JOHNS CREEK",1,10.676,0.807
2024,"35 JOHNS CREEK",1,10.882,0.691
2024,"35 JOHNS CREEK",1,10.909,0.674
2024,"35 JOHNS CREEK",1,10.944,0.653
2024,"35 JOHNS CREEK",1,10.973,0.635
2024,"35 JOHNS CREEK",1,10.984,0.628
2024,"35 JOHNS CREEK",1,10.999,0.619
2024,"35 JOHNS CREEK",1,11.009,0.613
2024,"35 JOHNS CREEK",1,11.017,0.608
2024,"35 JOHNS CREEK",1,11.024,0.604
2024,"35 JOHNS CREEK",1,11.031,0.599
2024,"35 JOHNS CREEK",1,11.452,0.401
2024,"35 JOHNS CREEK",1,11.818,0.44
2024,"35 JOHNS CREEK",1,12.116,0.59
2024,"35 JOHNS CREEK",1,12.154,0.606
2024,"35 JOHNS CREEK",1,12.24,0.628
2024,"35 JOHNS CREEK",1,12.299,0.634
2024,"35 JOHNS CREEK",1,12.331,0.634
2024,"35 JOHNS CREEK",1,12.364,0.631
2024,"35 JOHNS CREEK",1,12.386,0.629
2024,"35 JOHNS CREEK",1,12.451,0.612
2024,"35 JOHNS CREEK",1,12.503,0.593
2024,"35 JOHNS CREEK",1,12.509,0.614
2024,"35 JOHNS CREEK",1,12.636,0.836
2024,"35 JOHNS CREEK",1,12.689,0.906
2024,"35 JOHNS CREEK",1,12.763,1.271
2024,"35 JOHNS CREEK",1,12.52,1.634
2024,"35 JOHNS CREEK",1,12.393,1.845
2024,"35 JOHNS CREEK",1,12.579,2.223
2024,"02 BRANDYWINE",1,3.916,6.778
2024,"02 BRANDYWINE",1,3.912,6.791
2024,"02 BRANDYWINE",1,3.887,6.999
2024,"02 BRANDYWINE",1,3.783,7.817
2024,"02 BRANDYWINE",1,3.56,8.302
2024,"02 BRANDYWINE",1,3.169,8.537
2024,"02 BRANDYWINE",1,3.136,8.55
2024,"02 BRANDYWINE",1,2.744,8.57
2024,"02 BRANDYWINE",1,2.293,8.923
2024,"02 BRANDYWINE",1,2.275,8.936
2024,"02 BRANDYWINE",1,1.769,8.987
2024,"02 BRANDYWINE",1,1.448,9.123
2024,"02 BRANDYWINE",1,1.404,9.614
2024,"02 BRANDYWINE",1,1.198,9.941
2024,"02 BRANDYWINE",1,0.509,9.863
2024,"02 BRANDYWINE",1,0.499,9.864
2024,"02 BRANDYWINE",1,0.596,6.131
2024,"02 BRANDYWINE",1,0.598,6.129
2024,"02 BRANDYWINE",1,0.601,6.128
2024,"02 BRANDYWINE",1,0.606,6.124
2024,"02 BRANDYWINE",1,0.609,6.122
2024,"02 BRANDYWINE",1,0.617,6.117
2024,"02 BRANDYWINE",1,0.621,6.115
2024,"02 BRANDYWINE",1,0.624,6.113
2024,"02 BRANDYWINE",1,0.626,6.112
2024,"02 BRANDYWINE",1,0.77,6.063
2024,"02 BRANDYWINE",1,0.782,6.059
2024,"02 BRANDYWINE",1,0.819,6.045
2024,"02 BRANDYWINE",1,0.829,6.042
2024,"02 BRANDYWINE",1,0.942,5.96
2024,"02 BRANDYWINE",1,0.962,5.933
2024,"02 BRANDYWINE",1,0.963,5.931
2024,"02 BRANDYWINE",1,0.974,5.913
2024,"02 BRANDYWINE",1,0.976,5.91
2024,"02 BRANDYWINE",1,1.006,5.811
2024,"02 BRANDYWINE",1,1.008,5.805
2024,"02 BRANDYWINE",1,1.017,5.771
2024,"02 BRANDYWINE",1,1.017,5.769
2024,"02 BRANDYWINE",1,1.021,5.749
2024,"02 BRANDYWINE",1,1.026,5.722
2024,"02 BRANDYWINE",1,1.03,5.706
2024,"02 BRANDYWINE",1,1.031,5.699
2024,"02 BRANDYWINE",1,1.032,5.695
2024,"02 BRANDYWINE",1,1.032,5.692
2024,"02 BRANDYWINE",1,1.035,5.677
2024,"02 BRANDYWINE",1,1.037,5.666
2024,"02 BRANDYWINE",1,1.041,5.647
2024,"02 BRANDYWINE",1,1.043,5.638
2024,"02 BRANDYWINE",1,1.044,5.631
2024,"02 BRANDYWINE",1,1.049,5.608
2024,"02 BRANDYWINE",1,1.05,5.601
2024,"02 BRANDYWINE",1,1.057,5.565
2024,"02 BRANDYWINE",1,1.085,5.575
2024,"02 BRANDYWINE",1,1.107,5.58
2024,"02 BRANDYWINE",1,1.119,5.583
2024,"02 BRANDYWINE",1,1.132,5.585
2024,"02 BRANDYWINE",1,1.134,5.585
2024,"02 BRANDYWINE",1,1.157,5.588
2024,"02 BRANDYWINE",1,1.158,5.588
2024,"02 BRANDYWINE",1,1.161,5.588
2024,"02 BRANDYWINE",1,1.163,5.588
2024,"02 BRANDYWINE",1,1.179,5.59
2024,"02 BRANDYWINE",1,1.194,5.592
2024,"02 BRANDYWINE",1,1.207,5.594
2024,"02 BRANDYWINE",1,1.212,5.595
2024,"02 BRANDYWINE",1,1.238,5.598
2024,"02 BRANDYWINE",1,1.256,5.6
2024,"02 BRANDYWINE",1,1.262,5.601
2024,"02 BRANDYWINE",1,1.27,5.602
2024,"02 BRANDYWINE",1,1.274,5.603
2024,"02 BRANDYWINE",1,1.286,5.604
2024,"02 BRANDYWINE",1,1.289,5.605
2024,"02 BRANDYWINE",1,1.339,5.611
2024,"02 BRANDYWINE",1,1.342,5.611
2024,"02 BRANDYWINE",1,1.416,5.612
2024,"02 BRANDYWINE",1,1.904,5.436
2024,"02 BRANDYWINE",1,1.919,5.429
2024,"02 BRANDYWINE",1,1.939,5.416
2024,"02 BRANDYWINE",1,1.957,5.407
2024,"02 BRANDYWINE",1,1.968,5.402
2024,"02 BRANDYWINE",1,2.833,6.14
2024,"02 BRANDYWINE",1,3.916,6.778
2024,"41 GRASSLAND",1,5.002,8.464
2024,"41 GRASSLAND",1,4.999,8.48
2024,"41 GRASSLAND",1,4.967,8.642
2024,"41 GRASSLAND",1,5.189,9.154
2024,"41 GRASSLAND",1,4.614,9.164
2024,"41 GRASSLAND",1,4.487,9.068
2024,"41 GRASSLAND",1,3.83,9.051
2024,"41 GRASSLAND",1,3.554,8.781
2024,"41 GRASSLAND",1,3.254,9.127
2024,"41 GRASSLAND",1,2.78,10.029
2024,"41 GRASSLAND",1,2.951,10.625
2024,"41 GRASSLAND",1,2.533,11.674
2024,"41 GRASSLAND",1,2.52,11.669
2024,"41 GRASSLAND",1,2.515,11.703
2024,"41 GRASSLAND",1,2.566,12.26
2024,"41 GRASSLAND",1,2.682,12.618
2024,"41 GRASSLAND",1,2.707,12.648
2024,"41 GRASSLAND",1,3.134,13.064
2024,"41 GRASSLAND",1,2.582,13.831
2024,"41 GRASSLAND",1,2.305,13.88
2024,"41 GRASSLAND",1,2.278,13.872
2024,"41 GRASSLAND",1,1.939,13.842
2024,"41 GRASSLAND",1,1.6,14.314
2024,"41 GRASSLAND",1,1.004,14.67
2024,"41 GRASSLAND",1,0.705,15.275
2024,"41 GRASSLAND",1,0.66,15.434
2024,"41 GRASSLAND",1,0.52,16.212
2024,"41 GRASSLAND",1,0.343,16.32
2024,"41 GRASSLAND",1,0.328,16.325
2024,"41 GRASSLAND",1,0.399,12.991
2024,"41 GRASSLAND",1,0.499,9.864
2024,"41 GRASSLAND",1,0.509,9.863
2024,"41 GRASSLAND",1,1.198,9.941
2024,"41 GRASSLAND",1,1.404,9.614
2024,"41 GRASSLAND",1,1.448,9.123
2024,"41 GRASSLAND",1,1.769,8.987
2024,"41 GRASSLAND",1,2.275,8.936
2024,"41 GRASSLAND",1,2.293,8.923
2024,"41 GRASSLAND",1,2.744,8.57
2024,"41 GRASSLAND",1,3.136,8.55
2024,"41 GRASSLAND",1,3.169,8.537
2024,"41 GRASSLAND",1,3.56,8.302
2024,"41 GRASSLAND",1,3.783,7.817
2024,"41 GRASSLAND",1,3.887,6.999
2024,"41 GRASSLAND",1,3.912,6.791
2024,"41 GRASSLAND",1,3.916,6.778
2024,"41 GRASSLAND",1,4.166,7.052
2024,"41 GRASSLAND",1,5.002,8.464
2024,"10 MIDWAY",1,0.328,16.325
2024,"10 MIDWAY",1,0.343,16.32
2024,"10 MIDWAY",1,0.52,16.212
2024,"10 MIDWAY",1,0.66,15.434
2024,"10 MIDWAY",1,0.705,15.275
2024,"10 MIDWAY",1,1.004,14.67
2024,"10 MIDWAY",1,1.6,14.314
2024,"10 MIDWAY",1,1.939,13.842
2024,"10 MIDWAY",1,2.278,13.872
2024,"10 MIDWAY",1,2.305,13.88
2024,"10 MIDWAY",1,2.582,13.831
2024,"10 MIDWAY",1,3.134,13.064
2024,"10 MIDWAY",1,2.707,12.648
2024,"10 MIDWAY",1,2.682,12.618
2024,"10 MIDWAY",1,2.566,12.26
2024,"10 MIDWAY",1,2.515,11.703
2024,"10 MIDWAY",1,2.52,11.669
2024,"10 MIDWAY",1,2.533,11.674
2024,"10 MIDWAY",1,2.549,11.681
2024,"10 MIDWAY",1,2.582,11.693
2024,"10 MIDWAY",1,2.598,11.7
2024,"10 MIDWAY",1,3.43,11.491
2024,"10 MIDWAY",1,4.178,11.39
2024,"10 MIDWAY",1,4.022,12.089
2024,"10 MIDWAY",1,4.13,12.474
2024,"10 MIDWAY",1,4.322,12.675
2024,"10 MIDWAY",1,4.918,12.859
2024,"10 MIDWAY",1,4.914,13.437
2024,"10 MIDWAY",1,4.695,13.83
2024,"10 MIDWAY",1,4.167,14.343
2024,"10 MIDWAY",1,4.181,14.396
2024,"10 MIDWAY",1,4.187,14.449
2024,"10 MIDWAY",1,4.169,14.619
2024,"10 MIDWAY",1,4.284,14.999
2024,"10 MIDWAY",1,4.691,15.389
2024,"10 MIDWAY",1,5.045,15.547
2024,"10 MIDWAY",1,5.082,15.554
2024,"10 MIDWAY",1,5.401,15.96
2024,"10 MIDWAY",1,6.031,16.01
2024,"10 MIDWAY",1,6.045,16.541
2024,"10 MIDWAY",1,5.931,17.528
2024,"10 MIDWAY",1,5.869,17.779
2024,"10 MIDWAY",1,5.859,17.802
2024,"10 MIDWAY",1,5.849,17.828
2024,"10 MIDWAY",1,5.627,17.851
2024,"10 MIDWAY",1,5.586,17.826
2024,"10 MIDWAY",1,5.517,17.776
2024,"10 MIDWAY",1,5.462,17.737
2024,"10 MIDWAY",1,5.446,17.724
2024,"10 MIDWAY",1,5.079,17.7
2024,"10 MIDWAY",1,4.763,17.675
2024,"10 MIDWAY",1,4.678,17.681
2024,"10 MIDWAY",1,4.12,17.487
2024,"10 MIDWAY",1,3.912,17.194
2024,"10 MIDWAY",1,3.431,17.223
2024,"10 MIDWAY",1,3.346,17.211
2024,"10 MIDWAY",1,2.54,17.312
2024,"10 MIDWAY",1,2.512,17.337
2024,"10 MIDWAY",1,2.406,17.4
2024,"10 MIDWAY",1,2.378,17.411
2024,"10 MIDWAY",1,2.36,17.417
2024,"10 MIDWAY",1,1.768,17.247
2024,"10 MIDWAY",1,1.692,17.227
2024,"10 MIDWAY",1,1.256,17.201
2024,"10 MIDWAY",1,0.751,17.923
2024,"10 MIDWAY",1,0.288,18.425
2024,"10 MIDWAY",1,0.31,17.597
2024,"10 MIDWAY",1,0.302,17.165
2024,"10 MIDWAY",1,0.296,17.085
2024,"10 MIDWAY",1,0.303,17.029
2024,"10 MIDWAY",1,0.309,16.987
2024,"10 MIDWAY",1,0.31,16.981
2024,"10 MIDWAY",1,0.31,16.977
2024,"10 MIDWAY",1,0.312,16.964
2024,"10 MIDWAY",1,0.328,16.325
2024,"01 BIG CREEK",1,1.968,5.402
2024,"01 BIG CREEK",1,2.072,5.347
2024,"01 BIG CREEK",1,2.075,5.345
2024,"01 BIG CREEK",1,2.078,5.343
2024,"01 BIG CREEK",1,2.085,5.34
2024,"01 BIG CREEK",1,2.109,5.328
2024,"01 BIG CREEK",1,2.123,5.32
2024,"01 BIG CREEK",1,2.143,5.312
2024,"01 BIG CREEK",1,2.154,5.307
2024,"01 BIG CREEK",1,2.162,5.304
2024,"01 BIG CREEK",1,2.184,5.297
2024,"01 BIG CREEK",1,2.228,5.287
2024,"01 BIG CREEK",1,2.244,5.284
2024,"01 BIG CREEK",1,2.271,5.283
2024,"01 BIG CREEK",1,2.295,5.281
2024,"01 BIG CREEK",1,2.661,5.284
2024,"01 BIG CREEK",1,2.663,5.284
2024,"01 BIG CREEK",1,2.828,5.207
2024,"01 BIG CREEK",1,2.832,5.2
2024,"01 BIG CREEK",1,2.835,5.192
2024,"01 BIG CREEK",1,2.846,5.172
2024,"01 BIG CREEK",1,2.847,5.17
2024,"01 BIG CREEK",1,2.853,5.159
2024,"01 BIG CREEK",1,2.86,5.148
2024,"01 BIG CREEK",1,2.862,5.143
2024,"01 BIG CREEK",1,2.87,5.129
2024,"01 BIG CREEK",1,2.881,5.109
2024,"01 BIG CREEK",1,2.888,5.097
2024,"01 BIG CREEK",1,2.891,5.091
2024,"01 BIG CREEK",1,2.893,5.088
2024,"01 BIG CREEK",1,2.898,5.078
2024,"01 BIG CREEK",1,2.901,5.073
2024,"01 BIG CREEK",1,2.903,5.07
2024,"01 BIG CREEK",1,2.907,5.062
2024,"01 BIG CREEK",1,2.912,5.054
2024,"01 BIG CREEK",1,2.916,5.046
2024,"01 BIG CREEK",1,2.921,5.037
2024,"01 BIG CREEK",1,2.924,5.033
2024,"01 BIG CREEK",1,2.943,5.002
2024,"01 BIG CREEK",1,2.95,4.992
2024,"01 BIG CREEK",1,2.965,4.972
2024,"01 BIG CREEK",1,2.966,4.971
2024,"01 BIG CREEK",1,2.968,4.969
2024,"01 BIG CREEK",1,2.969,4.968
2024,"01 BIG CREEK",1,2.985,4.951
2024,"01 BIG CREEK",1,3.005,4.93
2024,"01 BIG CREEK",1,3.015,4.921
2024,"01 BIG CREEK",1,3.045,4.897
2024,"01 BIG CREEK",1,3.047,4.895
2024,"01 BIG CREEK",1,3.05,4.893
2024,"01 BIG CREEK",1,3.058,4.887
2024,"01 BIG CREEK",1,3.101,4.856
2024,"01 BIG CREEK",1,3.102,4.855
2024,"01 BIG CREEK",1,3.166,4.811
2024,"01 BIG CREEK",1,3.185,4.8
2024,"01 BIG CREEK",1,3.191,4.797
2024,"01 BIG CREEK",1,3.195,4.796
2024,"01 BIG CREEK",1,3.205,4.791
2024,"01 BIG CREEK",1,3.226,4.783
2024,"01 BIG CREEK",1,3.312,4.769
2024,"01 BIG CREEK",1,3.324,4.769
2024,"01 BIG CREEK",1,3.376,4.776
2024,"01 BIG CREEK",1,3.397,4.78
2024,"01 BIG CREEK",1,3.459,4.805
2024,"01 BIG CREEK",1,3.469,4.809
2024,"01 BIG CREEK",1,3.47,4.809
2024,"01 BIG CREEK",1,3.472,4.81
2024,"01 BIG CREEK",1,3.475,4.811
2024,"01 BIG CREEK",1,3.511,4.827
2024,"01 BIG CREEK",1,3.536,4.838
2024,"01 BIG CREEK",1,3.724,4.919
2024,"01 BIG CREEK",1,3.739,4.927
2024,"01 BIG CREEK",1,3.786,4.959
2024,"01 BIG CREEK",1,3.804,4.977
2024,"01 BIG CREEK",1,3.923,5.112
2024,"01 BIG CREEK",1,3.931,5.12
2024,"01 BIG CREEK",1,3.945,5.132
2024,"01 BIG CREEK",1,3.961,5.146
2024,"01 BIG CREEK",1,3.977,5.159
2024,"01 BIG CREEK",1,4.021,5.184
2024,"01 BIG CREEK",1,4.031,5.189
2024,"01 BIG CREEK",1,4.039,5.193
2024,"01 BIG CREEK",1,4.043,5.194
2024,"01 BIG CREEK",1,4.068,5.203
2024,"01 BIG CREEK",1,4.081,5.208
2024,"01 BIG CREEK",1,4.196,5.22
2024,"01 BIG CREEK",1,4.199,5.22
2024,"01 BIG CREEK",1,4.201,5.22
2024,"01 BIG CREEK",1,4.205,5.22
2024,"01 BIG CREEK",1,4.226,5.219
2024,"01 BIG CREEK",1,4.229,5.219
2024,"01 BIG CREEK",1,4.438,5.199
2024,"01 BIG CREEK",1,4.599,5.155
2024,"01 BIG CREEK",1,4.622,5.148
2024,"01 BIG CREEK",1,4.624,5.148
2024,"01 BIG CREEK",1,4.706,5.125
2024,"01 BIG CREEK",1,4.712,5.123
2024,"01 BIG CREEK",1,4.79,5.096
2024,"01 BIG CREEK",1,4.795,5.094
2024,"01 BIG CREEK",1,4.812,5.084
2024,"01 BIG CREEK",1,4.841,5.068
2024,"01 BIG CREEK",1,4.846,5.065
2024,"01 BIG CREEK",1,4.852,5.06
2024,"01 BIG CREEK",1,4.872,5.046
2024,"01 BIG CREEK",1,4.88,5.04
2024,"01 BIG CREEK",1,4.919,5.005
2024,"01 BIG CREEK",1,4.926,4.999
2024,"01 BIG CREEK",1,4.936,4.987
2024,"01 BIG CREEK",1,4.946,4.976
2024,"01 BIG CREEK",1,4.986,4.918
2024,"01 BIG CREEK",1,4.99,4.91
2024,"01 BIG CREEK",1,5.035,4.821
2024,"01 BIG CREEK",1,5.087,4.715
2024,"01 BIG CREEK",1,5.108,4.672
2024,"01 BIG CREEK",1,5.109,4.671
2024,"01 BIG CREEK",1,5.136,4.616
2024,"01 BIG CREEK",1,5.139,4.61
2024,"01 BIG CREEK",1,5.165,4.567
2024,"01 BIG CREEK",1,5.228,4.503
2024,"01 BIG CREEK",1,5.255,4.485
2024,"01 BIG CREEK",1,5.27,4.474
2024,"01 BIG CREEK",1,5.324,4.436
2024,"01 BIG CREEK",1,5.332,4.429
2024,"01 BIG CREEK",1,5.337,4.425
2024,"01 BIG CREEK",1,5.344,4.419
2024,"01 BIG CREEK",1,5.349,4.414
2024,"01 BIG CREEK",1,5.357,4.405
2024,"01 BIG CREEK",1,5.387,4.367
2024,"01 BIG CREEK",1,5.389,4.364
2024,"01 BIG CREEK",1,5.436,4.284
2024,"01 BIG CREEK",1,5.437,4.282
2024,"01 BIG CREEK",1,5.452,4.257
2024,"01 BIG CREEK",1,5.458,4.249
2024,"01 BIG CREEK",1,5.495,4.208
2024,"01 BIG CREEK",1,5.507,4.197
2024,"01 BIG CREEK",1,5.552,4.167
2024,"01 BIG CREEK",1,5.902,4.124
2024,"01 BIG CREEK",1,5.908,4.126
2024,"01 BIG CREEK",1,6.003,4.132
2024,"01 BIG CREEK",1,6.015,4.131
2024,"01 BIG CREEK",1,6.03,4.13
2024,"01 BIG CREEK",1,6.034,4.13
2024,"01 BIG CREEK",1,6.055,4.127
2024,"01 BIG CREEK",1,6.057,4.127
2024,"01 BIG CREEK",1,6.06,4.126
2024,"01 BIG CREEK",1,6.12,4.108
2024,"01 BIG CREEK",1,6.136,4.103
2024,"01 BIG CREEK",1,6.138,4.102
2024,"01 BIG CREEK",1,6.14,4.101
2024,"01 BIG CREEK",1,6.165,4.09
2024,"01 BIG CREEK",1,6.186,4.079
2024,"01 BIG CREEK",1,6.333,4.007
2024,"01 BIG CREEK",1,6.336,4.006
2024,"01 BIG CREEK",1,6.345,4.001
2024,"01 BIG CREEK",1,6.393,3.978
2024,"01 BIG CREEK",1,6.395,3.977
2024,"01 BIG CREEK",1,6.41,3.97
2024,"01 BIG CREEK",1,6.431,3.96
2024,"01 BIG CREEK",1,6.506,3.923
2024,"01 BIG CREEK",1,6.508,3.922
2024,"01 BIG CREEK",1,6.536,3.91
2024,"01 BIG CREEK",1,6.541,3.907
2024,"01 BIG CREEK",1,6.543,3.906
2024,"01 BIG CREEK",1,6.557,3.9
2024,"01 BIG CREEK",1,6.571,3.894
2024,"01 BIG CREEK",1,6.587,3.886
2024,"01 BIG CREEK",1,6.609,3.876
2024,"01 BIG CREEK",1,6.649,3.859
2024,"01 BIG CREEK",1,6.669,3.85
2024,"01 BIG CREEK",1,6.696,3.838
2024,"01 BIG CREEK",1,6.715,3.832
2024,"01 BIG CREEK",1,6.742,3.825
2024,"01 BIG CREEK",1,6.761,3.819
2024,"01 BIG CREEK",1,6.802,3.809
2024,"01 BIG CREEK",1,6.886,3.785
2024,"01 BIG CREEK",1,6.911,3.776
2024,"01 BIG CREEK",1,6.926,3.768
2024,"01 BIG CREEK",1,6.937,3.763
2024,"01 BIG CREEK",1,7.035,3.686
2024,"01 BIG CREEK",1,7.052,3.67
2024,"01 BIG CREEK",1,7.085,3.639
2024,"01 BIG CREEK",1,7.449,3.746
2024,"01 BIG CREEK",1,7.66,3.886
2024,"01 BIG CREEK",1,7.903,4.238
2024,"01 BIG CREEK",1,7.914,4.254
2024,"01 BIG CREEK",1,7.955,4.323
2024,"01 BIG CREEK",1,8.214,4.791
2024,"01 BIG CREEK",1,8.224,4.799
2024,"01 BIG CREEK",1,8.186,4.857
2024,"01 BIG CREEK",1,8.161,4.921
2024,"01 BIG CREEK",1,8.149,5.031
2024,"01 BIG CREEK",1,8.176,5.596
2024,"01 BIG CREEK",1,8.173,6.346
2024,"01 BIG CREEK",1,8.173,6.583
2024,"01 BIG CREEK",1,8.178,6.787
2024,"01 BIG CREEK",1,8.177,6.933
2024,"01 BIG CREEK",1,8.206,7.099
2024,"01 BIG CREEK",1,8.224,7.14
2024,"01 BIG CREEK",1,8.246,7.184
2024,"01 BIG CREEK",1,8.3,7.266
2024,"01 BIG CREEK",1,8.453,7.428
2024,"01 BIG CREEK",1,8.544,7.577
2024,"01 BIG CREEK",1,8.664,8.04
2024,"01 BIG CREEK",1,8.662,8.16
2024,"01 BIG CREEK",1,8.583,8.536
2024,"01 BIG CREEK",1,8.374,9.226
2024,"01 BIG CREEK",1,7.939,9.292
2024,"01 BIG CREEK",1,7.519,9.227
2024,"01 BIG CREEK",1,7.272,9.309
2024,"01 BIG CREEK",1,6.973,9.183
2024,"01 BIG CREEK",1,6.863,8.852
2024,"01 BIG CREEK",1,6.305,8.571
2024,"01 BIG CREEK",1,6.182,8.264
2024,"01 BIG CREEK",1,5.935,8.069
2024,"01 BIG CREEK",1,5.106,8.014
2024,"01 BIG CREEK",1,5.002,8.464
2024,"01 BIG CREEK",1,4.166,7.052
2024,"01 BIG CREEK",1,3.916,6.778
2024,"01 BIG CREEK",1,2.833,6.14
2024,"01 BIG CREEK",1,1.968,5.402
2024,"21 SOUTH FORSYTH",1,10.413,6.586
2024,"21 SOUTH FORSYTH",1,10.216,6.905
2024,"21 SOUTH FORSYTH",1,10.099,7.595
2024,"21 SOUTH FORSYTH",1,10.347,8.009
2024,"21 SOUTH FORSYTH",1,10.5,8.29
2024,"21 SOUTH FORSYTH",1,10.277,8.424
2024,"21 SOUTH FORSYTH",1,9.734,8.413
2024,"21 SOUTH FORSYTH",1,9.384,8.277
2024,"21 SOUTH FORSYTH",1,9.224,8.417
2024,"21 SOUTH FORSYTH",1,8.859,8.521
2024,"21 SOUTH FORSYTH",1,8.762,8.504
2024,"21 SOUTH FORSYTH",1,8.675,8.553
2024,"21 SOUTH FORSYTH",1,8.644,8.556
2024,"21 SOUTH FORSYTH",1,8.602,8.541
2024,"21 SOUTH FORSYTH",1,8.583,8.536
2024,"21 SOUTH FORSYTH",1,8.662,8.16
2024,"21 SOUTH FORSYTH",1,8.664,8.04
2024,"21 SOUTH FORSYTH",1,8.544,7.577
2024,"21 SOUTH FORSYTH",1,8.453,7.428
2024,"21 SOUTH FORSYTH",1,8.3,7.266
2024,"21 SOUTH FORSYTH",1,8.246,7.184
2024,"21 SOUTH FORSYTH",1,8.224,7.14
2024,"21 SOUTH FORSYTH",1,8.206,7.099
2024,"21 SOUTH FORSYTH",1,8.177,6.933
2024,"21 SOUTH FORSYTH",1,8.178,6.787
2024,"21 SOUTH FORSYTH",1,8.173,6.583
2024,"21 SOUTH FORSYTH",1,8.173,6.346
2024,"21 SOUTH FORSYTH",1,8.176,5.596
2024,"21 SOUTH FORSYTH",1,8.149,5.031
2024,"21 SOUTH FORSYTH",1,8.161,4.921
2024,"21 SOUTH FORSYTH",1,8.186,4.857
2024,"21 SOUTH FORSYTH",1,8.224,4.799
2024,"21 SOUTH FORSYTH",1,8.24,4.814
2024,"21 SOUTH FORSYTH",1,8.666,5.162
2024,"21 SOUTH FORSYTH",1,9.041,4.874
2024,"21 SOUTH FORSYTH",1,9.456,4.812
2024,"21 SOUTH FORSYTH",1,9.646,4.953
2024,"21 SOUTH FORSYTH",1,10.11,6.047
2024,"21 SOUTH FORSYTH",1,10.413,6.586
2024,"34 FOWLER",1,6.451,14.113
2024,"34 FOWLER",1,6.443,14.145
2024,"34 FOWLER",1,6.376,14.454
2024,"34 FOWLER",1,6.061,14.924
2024,"34 FOWLER",1,6.062,15.565
2024,"34 FOWLER",1,6.058,15.631
2024,"34 FOWLER",1,6.031,16.01
2024,"34 FOWLER",1,5.401,15.96
2024,"34 FOWLER",1,5.082,15.554
2024,"34 FOWLER",1,5.045,15.547
2024,"34 FOWLER",1,4.691,15.389
2024,"34 FOWLER",1,4.284,14.999
2024,"34 FOWLER",1,4.169,14.619
2024,"34 FOWLER",1,4.187,14.449
2024,"34 FOWLER",1,4.181,14.396
2024,"34 FOWLER",1,4.167,14.343
2024,"34 FOWLER",1,4.695,13.83
2024,"34 FOWLER",1,4.914,13.437
2024,"34 FOWLER",1,4.918,12.859
2024,"34 FOWLER",1,4.322,12.675
2024,"34 FOWLER",1,4.13,12.474
2024,"34 FOWLER",1,4.022,12.089
2024,"34 FOWLER",1,4.178,11.39
2024,"34 FOWLER",1,3.43,11.491
2024,"34 FOWLER",1,2.598,11.7
2024,"34 FOWLER",1,2.582,11.693
2024,"34 FOWLER",1,2.549,11.681
2024,"34 FOWLER",1,2.533,11.674
2024,"34 FOWLER",1,2.951,10.625
2024,"34 FOWLER",1,2.78,10.029
2024,"34 FOWLER",1,3.254,9.127
2024,"34 FOWLER",1,3.554,8.781
2024,"34 FOWLER",1,3.83,9.051
2024,"34 FOWLER",1,4.487,9.068
2024,"34 FOWLER",1,4.614,9.164
2024,"34 FOWLER",1,5.189,9.154
2024,"34 FOWLER",1,4.967,8.642
2024,"34 FOWLER",1,4.999,8.48
2024,"34 FOWLER",1,5.002,8.464
2024,"34 FOWLER",1,5.466,9.238
2024,"34 FOWLER",1,5.686,9.524
2024,"34 FOWLER",1,6.654,10.346
2024,"34 FOWLER",1,7.387,11.258
2024,"34 FOWLER",1,7.622,11.428
2024,"34 FOWLER",1,7.809,11.51
2024,"34 FOWLER",1,7.922,11.544
2024,"34 FOWLER",1,8.046,11.585
2024,"34 FOWLER",1,8.206,11.636
2024,"34 FOWLER",1,8.366,11.687
2024,"34 FOWLER",1,8.384,11.694
2024,"34 FOWLER",1,8.383,11.712
2024,"34 FOWLER",1,8.382,11.721
2024,"34 FOWLER",1,8.373,11.808
2024,"34 FOWLER",1,8.368,11.843
2024,"34 FOWLER",1,8.313,12.016
2024,"34 FOWLER",1,7.917,12.6
2024,"34 FOWLER",1,7.74,12.994
2024,"34 FOWLER",1,7.213,13.237
2024,"34 FOWLER",1,6.57,13.782
2024,"34 FOWLER",1,6.451,14.113
2024,"46 SAWMILL BRANCH",1,6.451,14.113
2024,"46 SAWMILL BRANCH",1,7.016,14.636
2024,"46 SAWMILL BRANCH",1,7.399,14.5
2024,"46 SAWMILL BRANCH",1,7.491,14.598
2024,"46 SAWMILL BRANCH",1,7.867,14.813
2024,"46 SAWMILL BRANCH",1,8.128,15.006
2024,"46 SAWMILL BRANCH",1,8.408,15.093
2024,"46 SAWMILL BRANCH",1,9.337,15.106
2024,"46 SAWMILL BRANCH",1,8.945,15.231
2024,"46 SAWMILL BRANCH",1,8.645,15.647
2024,"46 SAWMILL BRANCH",1,8.266,16.255
2024,"46 SAWMILL BRANCH",1,8.654,16.493
2024,"46 SAWMILL BRANCH",1,8.682,16.49
2024,"46 SAWMILL BRANCH",1,9.115,16.666
2024,"46 SAWMILL BRANCH",1,9.083,16.956
2024,"46 SAWMILL BRANCH",1,8.795,17.011
2024,"46 SAWMILL BRANCH",1,8.518,17.861
2024,"46 SAWMILL BRANCH",1,8.352,17.942
2024,"46 SAWMILL BRANCH",1,7.601,18.111
2024,"46 SAWMILL BRANCH",1,7.355,18.363
2024,"46 SAWMILL BRANCH",1,6.921,18.47
2024,"46 SAWMILL BRANCH",1,6.768,18.721
2024,"46 SAWMILL BRANCH",1,6.756,18.735
2024,"46 SAWMILL BRANCH",1,6.281,17.826
2024,"46 SAWMILL BRANCH",1,5.931,17.528
2024,"46 SAWMILL BRANCH",1,6.045,16.541
2024,"46 SAWMILL BRANCH",1,6.031,16.01
2024,"46 SAWMILL BRANCH",1,6.058,15.631
2024,"46 SAWMILL BRANCH",1,6.062,15.565
2024,"46 SAWMILL BRANCH",1,6.061,14.924
2024,"46 SAWMILL BRANCH",1,6.376,14.454
2024,"46 SAWMILL BRANCH",1,6.443,14.145
2024,"46 SAWMILL BRANCH",1,6.451,14.113
2024,"38 DAVES CREEK",1,10.5,8.29
2024,"38 DAVES CREEK",1,10.675,8.622
2024,"38 DAVES CREEK",1,10.567,9.152
2024,"38 DAVES CREEK",1,10.564,9.24
2024,"38 DAVES CREEK",1,10.72,9.789
2024,"38 DAVES CREEK",1,10.717,9.941
2024,"38 DAVES CREEK",1,10.706,10.198
2024,"38 DAVES CREEK",1,10.665,10.854
2024,"38 DAVES CREEK",1,10.973,10.885
2024,"38 DAVES CREEK",1,11.78,10.705
2024,"38 DAVES CREEK",1,12.391,10.645
2024,"38 DAVES CREEK",1,12.604,10.522
2024,"38 DAVES CREEK",1,13.147,11.443
2024,"38 DAVES CREEK",1,13.172,12.093
2024,"38 DAVES CREEK",1,13.523,12.385
2024,"38 DAVES CREEK",1,13.164,12.712
2024,"38 DAVES CREEK",1,12.728,13.249
2024,"38 DAVES CREEK",1,12.61,13.29
2024,"38 DAVES CREEK",1,12.321,13.355
2024,"38 DAVES CREEK",1,11.869,13.351
2024,"38 DAVES CREEK",1,11.761,13.393
2024,"38 DAVES CREEK",1,11.587,13.722
2024,"38 DAVES CREEK",1,11.587,13.696
2024,"38 DAVES CREEK",1,11.451,13.56
2024,"38 DAVES CREEK",1,11.061,13.618
2024,"38 DAVES CREEK",1,10.887,13.713
2024,"38 DAVES CREEK",1,10.634,13.641
2024,"38 DAVES CREEK",1,10.449,13.097
2024,"38 DAVES CREEK",1,10.235,13.262
2024,"38 DAVES CREEK",1,9.751,13.241
2024,"38 DAVES CREEK",1,8.781,11.98
2024,"38 DAVES CREEK",1,8.646,11.841
2024,"38 DAVES CREEK",1,8.384,11.694
2024,"38 DAVES CREEK",1,8.366,11.687
2024,"38 DAVES CREEK",1,8.206,11.636
2024,"38 DAVES CREEK",1,8.046,11.585
2024,"38 DAVES CREEK",1,7.922,11.544
2024,"38 DAVES CREEK",1,7.809,11.51
2024,"38 DAVES CREEK",1,7.622,11.428
2024,"38 DAVES CREEK",1,7.387,11.258
2024,"38 DAVES CREEK",1,6.654,10.346
2024,"38 DAVES CREEK",1,5.686,9.524
2024,"38 DAVES CREEK",1,5.466,9.238
2024,"38 DAVES CREEK",1,5.002,8.464
2024,"38 DAVES CREEK",1,5.106,8.014
2024,"38 DAVES CREEK",1,5.935,8.069
2024,"38 DAVES CREEK",1,6.182,8.264
2024,"38 DAVES CREEK",1,6.305,8.571
2024,"38 DAVES CREEK",1,6.863,8.852
2024,"38 DAVES CREEK",1,6.973,9.183
2024,"38 DAVES CREEK",1,7.272,9.309
2024,"38 DAVES CREEK",1,7.519,9.227
2024,"38 DAVES CREEK",1,7.939,9.292
2024,"38 DAVES CREEK",1,8.374,9.226
2024,"38 DAVES CREEK",1,8.583,8.536
2024,"38 DAVES CREEK",1,8.602,8.541
2024,"38 DAVES CREEK",1,8.644,8.556
2024,"38 DAVES CREEK",1,8.675,8.553
2024,"38 DAVES CREEK",1,8.762,8.504
2024,"38 DAVES CREEK",1,8.859,8.521
2024,"38 DAVES CREEK",1,9.224,8.417
2024,"38 DAVES CREEK",1,9.384,8.277
2024,"38 DAVES CREEK",1,9.734,8.413
2024,"38 DAVES CREEK",1,10.277,8.424
2024,"38 DAVES CREEK",1,10.5,8.29
2024,"43 LAKELAND",1,8.384,11.694
2024,"43 LAKELAND",1,8.646,11.841
2024,"43 LAKELAND",1,8.781,11.98
2024,"43 LAKELAND",1,9.751,13.241
2024,"43 LAKELAND",1,9.716,13.24
2024,"43 LAKELAND",1,9.607,13.238
2024,"43 LAKELAND",1,9.645,13.662
2024,"43 LAKELAND",1,10.03,13.682
2024,"43 LAKELAND",1,10.158,13.662
2024,"43 LAKELAND",1,10.205,13.658
2024,"43 LAKELAND",1,11.006,14.1
2024,"43 LAKELAND",1,11.316,14.372
2024,"43 LAKELAND",1,11.475,14.657
2024,"43 LAKELAND",1,11.503,14.717
2024,"43 LAKELAND",1,11.636,14.99
2024,"43 LAKELAND",1,11.374,14.841
2024,"43 LAKELAND",1,11.2,15.256
2024,"43 LAKELAND",1,10.648,15.273
2024,"43 LAKELAND",1,10.21,14.943
2024,"43 LAKELAND",1,10.183,15.308
2024,"43 LAKELAND",1,10.178,15.614
2024,"43 LAKELAND",1,10.177,15.666
2024,"43 LAKELAND",1,10.1,15.998
2024,"43 LAKELAND",1,9.943,15.778
2024,"43 LAKELAND",1,9.717,16.181
2024,"43 LAKELAND",1,9.717,16.2
2024,"43 LAKELAND",1,9.673,16.795
2024,"43 LAKELAND",1,9.709,16.845
2024,"43 LAKELAND",1,9.629,16.84
2024,"43 LAKELAND",1,9.083,16.956
2024,"43 LAKELAND",1,9.115,16.666
2024,"43 LAKELAND",1,8.682,16.49
2024,"43 LAKELAND",1,8.654,16.493
2024,"43 LAKELAND",1,8.266,16.255
2024,"43 LAKELAND",1,8.645,15.647
2024,"43 LAKELAND",1,8.945,15.231
2024,"43 LAKELAND",1,9.337,15.106
2024,"43 LAKELAND",1,8.408,15.093
2024,"43 LAKELAND",1,8.128,15.006
2024,"43 LAKELAND",1,7.867,14.813
2024,"43 LAKELAND",1,7.491,14.598
2024,"43 LAKELAND",1,7.399,14.5
2024,"43 LAKELAND",1,7.016,14.636
2024,"43 LAKELAND",1,6.451,14.113
2024,"43 LAKELAND",1,6.57,13.782
2024,"43 LAKELAND",1,7.213,13.237
2024,"43 LAKELAND",1,7.74,12.994
2024,"43 LAKELAND",1,7.917,12.6
2024,"43 LAKELAND",1,8.313,12.016
2024,"43 LAKELAND",1,8.368,11.843
2024,"43 LAKELAND",1,8.373,11.808
2024,"43 LAKELAND",1,8.382,11.721
2024,"43 LAKELAND",1,8.383,11.712
2024,"43 LAKELAND",1,8.384,11.694
2024,"40 WEST FORSYTH",1,2.539,21.98
2024,"40 WEST FORSYTH",1,2.064,21.896
2024,"40 WEST FORSYTH",1,2.001,22.495
2024,"40 WEST FORSYTH",1,2.025,23.103
2024,"40 WEST FORSYTH",1,2.144,23.533
2024,"40 WEST FORSYTH",1,1.976,23.67
2024,"40 WEST FORSYTH",1,1.385,23.689
2024,"40 WEST FORSYTH",1,0.982,23.838
2024,"40 WEST FORSYTH",1,0.668,23.737
2024,"40 WEST FORSYTH",1,0.148,23.792
2024,"40 WEST FORSYTH",1,0.237,20.284
2024,"40 WEST FORSYTH",1,0.288,18.425
2024,"40 WEST FORSYTH",1,0.751,17.923
2024,"40 WEST FORSYTH",1,1.256,17.201
2024,"40 WEST FORSYTH",1,1.692,17.227
2024,"40 WEST FORSYTH",1,1.768,17.247
2024,"40 WEST FORSYTH",1,2.36,17.417
2024,"40 WEST FORSYTH",1,2.378,17.411
2024,"40 WEST FORSYTH",1,2.406,17.4
2024,"40 WEST FORSYTH",1,2.512,17.337
2024,"40 WEST FORSYTH",1,2.54,17.312
2024,"40 WEST FORSYTH",1,3.346,17.211
2024,"40 WEST FORSYTH",1,3.431,17.223
2024,"40 WEST FORSYTH",1,3.912,17.194
2024,"40 WEST FORSYTH",1,4.12,17.487
2024,"40 WEST FORSYTH",1,4.678,17.681
2024,"40 WEST FORSYTH",1,4.763,17.675
2024,"40 WEST FORSYTH",1,5.079,17.7
2024,"40 WEST FORSYTH",1,4.732,17.983
2024,"40 WEST FORSYTH",1,4.096,18.882
2024,"40 WEST FORSYTH",1,3.765,19.778
2024,"40 WEST FORSYTH",1,4.352,19.791
2024,"40 WEST FORSYTH",1,4.271,20.078
2024,"40 WEST FORSYTH",1,4.326,20.587
2024,"40 WEST FORSYTH",1,3.151,20.533
2024,"40 WEST FORSYTH",1,2.961,21.236
2024,"40 WEST FORSYTH",1,2.539,21.98
2024,"15 HEARDSVILLE",1,0.078,26.714
2024,"15 HEARDSVILLE",1,0.148,23.792
2024,"15 HEARDSVILLE",1,0.668,23.737
2024,"15 HEARDSVILLE",1,0.982,23.838
2024,"15 HEARDSVILLE",1,1.385,23.689
2024,"15 HEARDSVILLE",1,1.976,23.67
2024,"15 HEARDSVILLE",1,2.144,23.533
2024,"15 HEARDSVILLE",1,2.025,23.103
2024,"15 HEARDSVILLE",1,2.001,22.495
2024,"15 HEARDSVILLE",1,2.064,21.896
2024,"15 HEARDSVILLE",1,2.539,21.98
2024,"15 HEARDSVILLE",1,2.87,22.194
2024,"15 HEARDSVILLE",1,3.312,22.288
2024,"15 HEARDSVILLE",1,3.743,21.928
2024,"15 HEARDSVILLE",1,4.192,22.157
2024,"15 HEARDSVILLE",1,4.706,21.925
2024,"15 HEARDSVILLE",1,5.076,21.925
2024,"15 HEARDSVILLE",1,5.511,22.27
2024,"15 HEARDSVILLE",1,5.854,22.416
2024,"15 HEARDSVILLE",1,6.051,23.066
2024,"15 HEARDSVILLE",1,6.706,23.414
2024,"15 HEARDSVILLE",1,7.061,23.589
2024,"15 HEARDSVILLE",1,7.124,23.628
2024,"15 HEARDSVILLE",1,7.653,23.733
2024,"15 HEARDSVILLE",1,7.742,23.828
2024,"15 HEARDSVILLE",1,7.826,23.93
2024,"15 HEARDSVILLE",1,7.79,24.739
2024,"15 HEARDSVILLE",1,7.885,25.103
2024,"15 HEARDSVILLE",1,7.948,25.359
2024,"15 HEARDSVILLE",1,7.97,25.394
2024,"15 HEARDSVILLE",1,7.999,25.427
2024,"15 HEARDSVILLE",1,8.107,25.505
2024,"15 HEARDSVILLE",1,8.334,25.753
2024,"15 HEARDSVILLE",1,8.377,25.841
2024,"15 HEARDSVILLE",1,8.283,25.966
2024,"15 HEARDSVILLE",1,7.528,26.409
2024,"15 HEARDSVILLE",1,7.467,25.99
2024,"15 HEARDSVILLE",1,7.288,25.828
2024,"15 HEARDSVILLE",1,6.715,26.067
2024,"15 HEARDSVILLE",1,6.539,26.322
2024,"15 HEARDSVILLE",1,6.422,26.926
2024,"15 HEARDSVILLE",1,5.772,26.785
2024,"15 HEARDSVILLE",1,5.63,26.579
2024,"15 HEARDSVILLE",1,5.155,26.466
2024,"15 HEARDSVILLE",1,4.142,26.739
2024,"15 HEARDSVILLE",1,3.805,26.883
2024,"15 HEARDSVILLE",1,3.428,26.819
2024,"15 HEARDSVILLE",1,3.454,27.432
2024,"15 HEARDSVILLE",1,3.218,27.585
2024,"15 HEARDSVILLE",1,2.185,27.17
2024,"15 HEARDSVILLE",1,1.741,27.058
2024,"15 HEARDSVILLE",1,1.514,27.156
2024,"15 HEARDSVILLE",1,0.944,27.185
2024,"15 HEARDSVILLE",1,0.078,26.714
2024,"49 CHEATAM CREEK",1,6.756,18.735
2024,"49 CHEATAM CREEK",1,6.449,19.016
2024,"49 CHEATAM CREEK",1,6.16,19.992
2024,"49 CHEATAM CREEK",1,6.123,20.702
2024,"49 CHEATAM CREEK",1,5.294,20.442
2024,"49 CHEATAM CREEK",1,4.326,20.587
2024,"49 CHEATAM CREEK",1,4.271,20.078
2024,"49 CHEATAM CREEK",1,4.352,19.791
2024,"49 CHEATAM CREEK",1,3.765,19.778
2024,"49 CHEATAM CREEK",1,4.096,18.882
2024,"49 CHEATAM CREEK",1,4.732,17.983
2024,"49 CHEATAM CREEK",1,5.079,17.7
2024,"49 CHEATAM CREEK",1,5.446,17.724
2024,"49 CHEATAM CREEK",1,5.462,17.737
2024,"49 CHEATAM CREEK",1,5.517,17.776
2024,"49 CHEATAM CREEK",1,5.586,17.826
2024,"49 CHEATAM CREEK",1,5.627,17.851
2024,"49 CHEATAM CREEK",1,5.849,17.828
2024,"49 CHEATAM CREEK",1,5.859,17.802
2024,"49 CHEATAM CREEK",1,5.869,17.779
2024,"49 CHEATAM CREEK",1,5.931,17.528
2024,"49 CHEATAM CREEK",1,6.281,17.826
2024,"49 CHEATAM CREEK",1,6.756,18.735
2024,"45 MOUNTAINSIDE",1,8.377,25.841
2024,"45 MOUNTAINSIDE",1,8.334,25.753
2024,"45 MOUNTAINSIDE",1,8.107,25.505
2024,"45 MOUNTAINSIDE",1,7.999,25.427
2024,"45 MOUNTAINSIDE",1,7.97,25.394
2024,"45 MOUNTAINSIDE",1,7.948,25.359
2024,"45 MOUNTAINSIDE",1,7.885,25.103
2024,"45 MOUNTAINSIDE",1,7.79,24.739
2024,"45 MOUNTAINSIDE",1,7.826,23.93
2024,"45 MOUNTAINSIDE",1,7.742,23.828
2024,"45 MOUNTAINSIDE",1,7.653,23.733
2024,"45 MOUNTAINSIDE",1,7.124,23.628
2024,"45 MOUNTAINSIDE",1,7.061,23.589
2024,"45 MOUNTAINSIDE",1,6.706,23.414
2024,"45 MOUNTAINSIDE",1,6.051,23.066
2024,"45 MOUNTAINSIDE",1,5.854,22.416
2024,"45 MOUNTAINSIDE",1,5.511,22.27
2024,"45 MOUNTAINSIDE",1,5.076,21.925
2024,"45 MOUNTAINSIDE",1,4.706,21.925
2024,"45 MOUNTAINSIDE",1,4.192,22.157
2024,"45 MOUNTAINSIDE",1,3.743,21.928
2024,"45 MOUNTAINSIDE",1,3.312,22.288
2024,"45 MOUNTAINSIDE",1,2.87,22.194
2024,"45 MOUNTAINSIDE",1,2.539,21.98
2024,"45 MOUNTAINSIDE",1,2.961,21.236
2024,"45 MOUNTAINSIDE",1,3.151,20.533
2024,"45 MOUNTAINSIDE",1,4.326,20.587
2024,"45 MOUNTAINSIDE",1,5.294,20.442
2024,"45 MOUNTAINSIDE",1,6.123,20.702
2024,"45 MOUNTAINSIDE",1,6.16,19.992
2024,"45 MOUNTAINSIDE",1,6.449,19.016
2024,"45 MOUNTAINSIDE",1,6.756,18.735
2024,"45 MOUNTAINSIDE",1,6.768,18.721
2024,"45 MOUNTAINSIDE",1,6.921,18.47
2024,"45 MOUNTAINSIDE",1,7.355,18.363
2024,"45 MOUNTAINSIDE",1,7.601,18.111
2024,"45 MOUNTAINSIDE",1,8.352,17.942
2024,"45 MOUNTAINSIDE",1,8.375,18.48
2024,"45 MOUNTAINSIDE",1,8.486,18.935
2024,"45 MOUNTAINSIDE",1,8.689,19.151
2024,"45 MOUNTAINSIDE",1,8.974,19.117
2024,"45 MOUNTAINSIDE",1,9.169,19.421
2024,"45 MOUNTAINSIDE",1,8.791,19.477
2024,"45 MOUNTAINSIDE",1,8.555,19.897
2024,"45 MOUNTAINSIDE",1,8.366,20.359
2024,"45 MOUNTAINSIDE",1,8.433,21.061
2024,"45 MOUNTAINSIDE",1,8.778,21.075
2024,"45 MOUNTAINSIDE",1,8.772,21.309
2024,"45 MOUNTAINSIDE",1,8.405,21.475
2024,"45 MOUNTAINSIDE",1,8.759,21.694
2024,"45 MOUNTAINSIDE",1,9.635,21.884
2024,"45 MOUNTAINSIDE",1,10.585,22.34
2024,"45 MOUNTAINSIDE",1,11.174,22.697
2024,"45 MOUNTAINSIDE",1,11.159,23.315
2024,"45 MOUNTAINSIDE",1,11.478,23.478
2024,"45 MOUNTAINSIDE",1,11.035,23.768
2024,"45 MOUNTAINSIDE",1,10.542,23.741
2024,"45 MOUNTAINSIDE",1,10.25,24.288
2024,"45 MOUNTAINSIDE",1,9.945,24.598
2024,"45 MOUNTAINSIDE",1,9.885,24.901
2024,"45 MOUNTAINSIDE",1,9.469,24.834
2024,"45 MOUNTAINSIDE",1,9.243,24.968
2024,"45 MOUNTAINSIDE",1,9.208,25.045
2024,"45 MOUNTAINSIDE",1,9.13,25.158
2024,"45 MOUNTAINSIDE",1,9.091,25.222
2024,"45 MOUNTAINSIDE",1,9.047,25.286
2024,"45 MOUNTAINSIDE",1,9.016,25.334
2024,"45 MOUNTAINSIDE",1,8.976,25.367
2024,"45 MOUNTAINSIDE",1,8.899,25.435
2024,"45 MOUNTAINSIDE",1,8.709,25.59
2024,"45 MOUNTAINSIDE",1,8.528,25.671
2024,"45 MOUNTAINSIDE",1,8.46,25.7
2024,"45 MOUNTAINSIDE",1,8.401,25.778
2024,"45 MOUNTAINSIDE",1,8.377,25.841
2024,"51 MATT",1,0.078,26.714
2024,"51 MATT",1,0.944,27.185
2024,"51 MATT",1,1.514,27.156
2024,"51 MATT",1,1.741,27.058
2024,"51 MATT",1,2.185,27.17
2024,"51 MATT",1,3.218,27.585
2024,"51 MATT",1,3.454,27.432
2024,"51 MATT",1,3.428,26.819
2024,"51 MATT",1,3.805,26.883
2024,"51 MATT",1,4.142,26.739
2024,"51 MATT",1,5.155,26.466
2024,"51 MATT",1,5.63,26.579
2024,"51 MATT",1,5.772,26.785
2024,"51 MATT",1,6.422,26.926
2024,"51 MATT",1,6.539,26.322
2024,"51 MATT",1,6.715,26.067
2024,"51 MATT",1,7.288,25.828
2024,"51 MATT",1,7.467,25.99
2024,"51 MATT",1,7.528,26.409
2024,"51 MATT",1,8.283,25.966
2024,"51 MATT",1,8.377,25.841
2024,"51 MATT",1,8.368,26.052
2024,"51 MATT",1,8.34,26.107
2024,"51 MATT",1,8.81,26.995
2024,"51 MATT",1,9.045,27.264
2024,"51 MATT",1,9.516,27.421
2024,"51 MATT",1,9.76,27.39
2024,"51 MATT",1,10.537,27.033
2024,"51 MATT",1,11.149,26.841
2024,"51 MATT",1,11.312,27.1
2024,"51 MATT",1,12.371,27.297
2024,"51 MATT",1,13.08,27.728
2024,"51 MATT",1,13.754,27.349
2024,"51 MATT",1,14.047,27.168
2024,"51 MATT",1,14.597,27.203
2024,"51 MATT",1,14.688,27.574
2024,"51 MATT",1,14.537,27.998
2024,"51 MATT",1,14.147,28.63
2024,"51 MATT",1,13.943,29.396
2024,"51 MATT",1,13.957,30.103
2024,"51 MATT",1,14.09,30.39
2024,"51 MATT",1,14.149,30.93
2024,"51 MATT",1,13.84,31.282
2024,"51 MATT",1,13.18,31.469
2024,"51 MATT",1,8.495,31.36
2024,"51 MATT",1,7.519,31.338
2024,"51 MATT",1,6.616,31.316
2024,"51 MATT",1,6.157,31.307
2024,"51 MATT",1,0,31.164
2024,"51 MATT",1,0.03,29.215
2024,"51 MATT",1,0.037,28.764
2024,"51 MATT",1,0.078,26.714
2024,"19 OLD ATLANTA",1,14.382,5.281
2024,"19 OLD ATLANTA",1,14.157,5.471
2024,"19 OLD ATLANTA",1,13.74,5.411
2024,"19 OLD ATLANTA",1,13.51,5.556
2024,"19 OLD ATLANTA",1,13.406,5.557
2024,"19 OLD ATLANTA",1,13.373,5.558
2024,"19 OLD ATLANTA",1,13.34,5.554
2024,"19 OLD ATLANTA",1,12.802,5.724
2024,"19 OLD ATLANTA",1,12.127,5.434
2024,"19 OLD ATLANTA",1,11.994,5.507
2024,"19 OLD ATLANTA",1,11.861,5.449
2024,"19 OLD ATLANTA",1,11.839,5.434
2024,"19 OLD ATLANTA",1,11.827,5.427
2024,"19 OLD ATLANTA",1,11.892,5.305
2024,"19 OLD ATLANTA",1,11.967,5.025
2024,"19 OLD ATLANTA",1,11.975,4.862
2024,"19 OLD ATLANTA",1,11.977,4.823
2024,"19 OLD ATLANTA",1,12.061,4.576
2024,"19 OLD ATLANTA",1,12.341,4.012
2024,"19 OLD ATLANTA",1,12.362,3.966
2024,"19 OLD ATLANTA",1,12.382,3.916
2024,"19 OLD ATLANTA",1,12.422,3.825
2024,"19 OLD ATLANTA",1,12.458,3.735
2024,"19 OLD ATLANTA",1,12.475,3.696
2024,"19 OLD ATLANTA",1,12.559,3.559
2024,"19 OLD ATLANTA",1,12.579,3.536
2024,"19 OLD ATLANTA",1,12.787,3.352
2024,"19 OLD ATLANTA",1,12.809,3.322
2024,"19 OLD ATLANTA",1,12.62,2.28
2024,"19 OLD ATLANTA",1,12.607,2.262
2024,"19 OLD ATLANTA",1,12.579,2.223
2024,"19 OLD ATLANTA",1,12.393,1.845
2024,"19 OLD ATLANTA",1,12.52,1.634
2024,"19 OLD ATLANTA",1,12.763,1.271
2024,"19 OLD ATLANTA",1,12.689,0.906
2024,"19 OLD ATLANTA",1,12.636,0.836
2024,"19 OLD ATLANTA",1,12.509,0.614
2024,"19 OLD ATLANTA",1,12.503,0.593
2024,"19 OLD ATLANTA",1,12.537,0.575
2024,"19 OLD ATLANTA",1,12.563,0.558
2024,"19 OLD ATLANTA",1,12.778,0.407
2024,"19 OLD ATLANTA",1,13.434,0.128
2024,"19 OLD ATLANTA",1,14.169,0.008
2024,"19 OLD ATLANTA",1,15.658,0.026
2024,"19 OLD ATLANTA",1,15.369,0.308
2024,"19 OLD ATLANTA",1,14.859,0.45
2024,"19 OLD ATLANTA",1,14.623,0.707
2024,"19 OLD ATLANTA",1,14.388,1.27
2024,"19 OLD ATLANTA",1,14.365,1.307
2024,"19 OLD ATLANTA",1,14.135,1.52
2024,"19 OLD ATLANTA",1,14.099,1.543
2024,"19 OLD ATLANTA",1,13.828,1.567
2024,"19 OLD ATLANTA",1,13.82,1.567
2024,"19 OLD ATLANTA",1,13.776,1.572
2024,"19 OLD ATLANTA",1,13.772,1.575
2024,"19 OLD ATLANTA",1,13.833,2.197
2024,"19 OLD ATLANTA",1,14.127,2.821
2024,"19 OLD ATLANTA",1,14.08,3.937
2024,"19 OLD ATLANTA",1,14.4,4.628
2024,"19 OLD ATLANTA",1,14.343,5.161
2024,"19 OLD ATLANTA",1,14.344,5.165
2024,"19 OLD ATLANTA",1,14.382,5.281
2024,"39 MATHIS",1,11.827,5.427
2024,"39 MATHIS",1,11.809,5.46
2024,"39 MATHIS",1,11.789,5.499
2024,"39 MATHIS",1,11.761,5.541
2024,"39 MATHIS",1,11.604,5.702
2024,"39 MATHIS",1,11.385,5.91
2024,"39 MATHIS",1,10.925,6.218
2024,"39 MATHIS",1,10.768,6.324
2024,"39 MATHIS",1,10.616,6.412
2024,"39 MATHIS",1,10.413,6.586
2024,"39 MATHIS",1,10.11,6.047
2024,"39 MATHIS",1,9.646,4.953
2024,"39 MATHIS",1,9.456,4.812
2024,"39 MATHIS",1,9.041,4.874
2024,"39 MATHIS",1,8.666,5.162
2024,"39 MATHIS",1,8.24,4.814
2024,"39 MATHIS",1,8.224,4.799
2024,"39 MATHIS",1,8.828,4.392
2024,"39 MATHIS",1,9.65,3.608
2024,"39 MATHIS",1,9.72,3.648
2024,"39 MATHIS",1,9.758,3.671
2024,"39 MATHIS",1,10.285,4.186
2024,"39 MATHIS",1,10.331,4.217
2024,"39 MATHIS",1,10.751,4.27
2024,"39 MATHIS",1,10.778,3.315
2024,"39 MATHIS",1,11.055,3.228
2024,"39 MATHIS",1,12.146,3.253
2024,"39 MATHIS",1,12.01,2.562
2024,"39 MATHIS",1,12.579,2.223
2024,"39 MATHIS",1,12.607,2.262
2024,"39 MATHIS",1,12.62,2.28
2024,"39 MATHIS",1,12.809,3.322
2024,"39 MATHIS",1,12.787,3.352
2024,"39 MATHIS",1,12.579,3.536
2024,"39 MATHIS",1,12.559,3.559
2024,"39 MATHIS",1,12.475,3.696
2024,"39 MATHIS",1,12.458,3.735
2024,"39 MATHIS",1,12.422,3.825
2024,"39 MATHIS",1,12.382,3.916
2024,"39 MATHIS",1,12.362,3.966
2024,"39 MATHIS",1,12.341,4.012
2024,"39 MATHIS",1,12.061,4.576
2024,"39 MATHIS",1,11.977,4.823
2024,"39 MATHIS",1,11.975,4.862
2024,"39 MATHIS",1,11.967,5.025
2024,"39 MATHIS",1,11.892,5.305
2024,"39 MATHIS",1,11.827,5.427
2024,"36 NICHOLS",1,14.382,5.281
2024,"36 NICHOLS",1,15.037,5.895
2024,"36 NICHOLS",1,15.146,6.177
2024,"36 NICHOLS",1,15.069,6.752
2024,"36 NICHOLS",1,15.059,6.864
2024,"36 NICHOLS",1,15.104,7.342
2024,"36 NICHOLS",1,15.436,7.647
2024,"36 NICHOLS",1,15.448,8.032
2024,"36 NICHOLS",1,15.392,8.304
2024,"36 NICHOLS",1,14.777,8.284
2024,"36 NICHOLS",1,14.285,8.614
2024,"36 NICHOLS",1,14.041,8.291
2024,"36 NICHOLS",1,13.737,8.351
2024,"36 NICHOLS",1,13.77,8.721
2024,"36 NICHOLS",1,13.627,8.875
2024,"36 NICHOLS",1,13.157,8.922
2024,"36 NICHOLS",1,12.418,8.397
2024,"36 NICHOLS",1,11.777,7.697
2024,"36 NICHOLS",1,11.486,7.774
2024,"36 NICHOLS",1,11.073,8.09
2024,"36 NICHOLS",1,10.954,7.934
2024,"36 NICHOLS",1,10.5,8.29
2024,"36 NICHOLS",1,10.347,8.009
2024,"36 NICHOLS",1,10.099,7.595
2024,"36 NICHOLS",1,10.216,6.905
2024,"36 NICHOLS",1,10.413,6.586
2024,"36 NICHOLS",1,10.616,6.412
2024,"36 NICHOLS",1,10.768,6.324
2024,"36 NICHOLS",1,10.925,6.218
2024,"36 NICHOLS",1,11.385,5.91
2024,"36 NICHOLS",1,11.604,5.702
2024,"36 NICHOLS",1,11.761,5.541
2024,"36 NICHOLS",1,11.789,5.499
2024,"36 NICHOLS",1,11.809,5.46
2024,"36 NICHOLS",1,11.827,5.427
2024,"36 NICHOLS",1,11.839,5.434
2024,"36 NICHOLS",1,11.861,5.449
2024,"36 NICHOLS",1,11.994,5.507
2024,"36 NICHOLS",1,12.127,5.434
2024,"36 NICHOLS",1,12.802,5.724
2024,"36 NICHOLS",1,13.34,5.554
2024,"36 NICHOLS",1,13.373,5.558
2024,"36 NICHOLS",1,13.406,5.557
2024,"36 NICHOLS",1,13.51,5.556
2024,"36 NICHOLS",1,13.74,5.411
2024,"36 NICHOLS",1,14.157,5.471
2024,"36 NICHOLS",1,14.382,5.281
2024,"25 WINDERMERE",1,10.5,8.29
2024,"25 WINDERMERE",1,10.954,7.934
2024,"25 WINDERMERE",1,11.073,8.09
2024,"25 WINDERMERE",1,11.486,7.774
2024,"25 WINDERMERE",1,11.777,7.697
2024,"25 WINDERMERE",1,12.418,8.397
2024,"25 WINDERMERE",1,13.157,8.922
2024,"25 WINDERMERE",1,13.627,8.875
2024,"25 WINDERMERE",1,13.77,8.721
2024,"25 WINDERMERE",1,13.737,8.351
2024,"25 WINDERMERE",1,14.041,8.291
2024,"25 WINDERMERE",1,14.285,8.614
2024,"25 WINDERMERE",1,14.777,8.284
2024,"25 WINDERMERE",1,15.392,8.304
2024,"25 WINDERMERE",1,15.448,8.032
2024,"25 WINDERMERE",1,15.776,8.284
2024,"25 WINDERMERE",1,15.799,8.338
2024,"25 WINDERMERE",1,15.815,8.384
2024,"25 WINDERMERE",1,15.817,8.391
2024,"25 WINDERMERE",1,15.821,8.413
2024,"25 WINDERMERE",1,15.61,8.597
2024,"25 WINDERMERE",1,15.536,8.662
2024,"25 WINDERMERE",1,15.203,9.361
2024,"25 WINDERMERE",1,14.828,9.803
2024,"25 WINDERMERE",1,14.821,9.811
2024,"25 WINDERMERE",1,14.685,10.221
2024,"25 WINDERMERE",1,14.698,10.887
2024,"25 WINDERMERE",1,14.694,10.918
2024,"25 WINDERMERE",1,14.684,10.985
2024,"25 WINDERMERE",1,14.487,11.522
2024,"25 WINDERMERE",1,14.177,11.905
2024,"25 WINDERMERE",1,14.077,12.004
2024,"25 WINDERMERE",1,13.989,12.08
2024,"25 WINDERMERE",1,13.932,12.124
2024,"25 WINDERMERE",1,13.523,12.385
2024,"25 WINDERMERE",1,13.172,12.093
2024,"25 WINDERMERE",1,13.147,11.443
2024,"25 WINDERMERE",1,12.604,10.522
2024,"25 WINDERMERE",1,12.391,10.645
2024,"25 WINDERMERE",1,11.78,10.705
2024,"25 WINDERMERE",1,10.973,10.885
2024,"25 WINDERMERE",1,10.665,10.854
2024,"25 WINDERMERE",1,10.706,10.198
2024,"25 WINDERMERE",1,10.717,9.941
2024,"25 WINDERMERE",1,10.72,9.789
2024,"25 WINDERMERE",1,10.564,9.24
2024,"25 WINDERMERE",1,10.567,9.152
2024,"25 WINDERMERE",1,10.675,8.622
2024,"25 WINDERMERE",1,10.5,8.29
2024,"47 RIVERCLUB",1,15.821,8.413
2024,"47 RIVERCLUB",1,15.673,9.013
2024,"47 RIVERCLUB",1,16.023,9.431
2024,"47 RIVERCLUB",1,16.491,10.224
2024,"47 RIVERCLUB",1,16.503,10.253
2024,"47 RIVERCLUB",1,16.388,10.658
2024,"47 RIVERCLUB",1,16.481,10.935
2024,"47 RIVERCLUB",1,16.997,11.707
2024,"47 RIVERCLUB",1,17.274,11.953
2024,"47 RIVERCLUB",1,16.937,11.766
2024,"47 RIVERCLUB",1,16.71,12.683
2024,"47 RIVERCLUB",1,15.978,13.343
2024,"47 RIVERCLUB",1,15.415,13.559
2024,"47 RIVERCLUB",1,15.623,12.843
2024,"47 RIVERCLUB",1,15.232,12.156
2024,"47 RIVERCLUB",1,14.877,11.146
2024,"47 RIVERCLUB",1,14.777,10.984
2024,"47 RIVERCLUB",1,14.76,10.925
2024,"47 RIVERCLUB",1,14.694,10.918
2024,"47 RIVERCLUB",1,14.698,10.887
2024,"47 RIVERCLUB",1,14.685,10.221
2024,"47 RIVERCLUB",1,14.821,9.811
2024,"47 RIVERCLUB",1,14.828,9.803
2024,"47 RIVERCLUB",1,15.203,9.361
2024,"47 RIVERCLUB",1,15.536,8.662
2024,"47 RIVERCLUB",1,15.61,8.597
2024,"47 RIVERCLUB",1,15.821,8.413
2024,"07 CUMMING",1,12.321,13.355
2024,"07 CUMMING",1,12.195,13.738
2024,"07 CUMMING",1,11.772,13.731
2024,"07 CUMMING",1,11.686,13.948
2024,"07 CUMMING",1,11.771,14.198
2024,"07 CUMMING",1,11.916,14.251
2024,"07 CUMMING",1,11.896,14.281
2024,"07 CUMMING",1,11.917,14.288
2024,"07 CUMMING",1,11.937,14.295
2024,"07 CUMMING",1,12.168,14.071
2024,"07 CUMMING",1,12.452,14.327
2024,"07 CUMMING",1,12.592,14.536
2024,"07 CUMMING",1,12.618,14.537
2024,"07 CUMMING",1,12.803,14.601
2024,"07 CUMMING",1,12.847,14.716
2024,"07 CUMMING",1,12.763,14.813
2024,"07 CUMMING",1,13.019,15.071
2024,"07 CUMMING",1,13.031,15.579
2024,"07 CUMMING",1,13.091,15.585
2024,"07 CUMMING",1,13.156,15.605
2024,"07 CUMMING",1,13.158,15.606
2024,"07 CUMMING",1,13.159,15.607
2024,"07 CUMMING",1,13.163,15.61
2024,"07 CUMMING",1,13.166,15.613
2024,"07 CUMMING",1,13.174,15.618
2024,"07 CUMMING",1,13.2,15.621
2024,"07 CUMMING",1,13.36,15.604
2024,"07 CUMMING",1,13.583,15.747
2024,"07 CUMMING",1,13.848,15.748
2024,"07 CUMMING",1,14.031,15.563
2024,"07 CUMMING",1,14.245,15.554
2024,"07 CUMMING",1,14.334,15.69
2024,"07 CUMMING",1,14.799,15.993
2024,"07 CUMMING",1,14.989,15.944
2024,"07 CUMMING",1,15.21,16.429
2024,"07 CUMMING",1,15.231,16.879
2024,"07 CUMMING",1,15.239,16.969
2024,"07 CUMMING",1,15.718,16.74
2024,"07 CUMMING",1,16.617,16.282
2024,"07 CUMMING",1,16.923,15.905
2024,"07 CUMMING",1,17.145,15.416
2024,"07 CUMMING",1,17.514,15.146
2024,"07 CUMMING",1,17.559,14.517
2024,"07 CUMMING",1,17.834,13.956
2024,"07 CUMMING",1,18.555,13.174
2024,"07 CUMMING",1,18.787,13.965
2024,"07 CUMMING",1,18.804,14.645
2024,"07 CUMMING",1,18.933,14.832
2024,"07 CUMMING",1,18.728,16.25
2024,"07 CUMMING",1,18.871,17.225
2024,"07 CUMMING",1,18.164,18.667
2024,"07 CUMMING",1,17.844,19.129
2024,"07 CUMMING",1,17.596,19.803
2024,"07 CUMMING",1,17.322,20.038
2024,"07 CUMMING",1,16.756,20.161
2024,"07 CUMMING",1,16.257,20.181
2024,"07 CUMMING",1,15.713,20.151
2024,"07 CUMMING",1,15.18,19.878
2024,"07 CUMMING",1,14.728,19.825
2024,"07 CUMMING",1,14.713,19.825
2024,"07 CUMMING",1,14.673,19.826
2024,"07 CUMMING",1,14.473,19.865
2024,"07 CUMMING",1,14.481,20.053
2024,"07 CUMMING",1,14.43,20.477
2024,"07 CUMMING",1,14.039,20.264
2024,"07 CUMMING",1,13.756,20.161
2024,"07 CUMMING",1,13.751,20.466
2024,"07 CUMMING",1,13.537,20.643
2024,"07 CUMMING",1,12.788,20.667
2024,"07 CUMMING",1,12.774,20.642
2024,"07 CUMMING",1,12.769,20.63
2024,"07 CUMMING",1,12.745,20.555
2024,"07 CUMMING",1,12.657,20.194
2024,"07 CUMMING",1,12.64,20.152
2024,"07 CUMMING",1,12.619,20.139
2024,"07 CUMMING",1,12.389,20.156
2024,"07 CUMMING",1,11.559,20.008
2024,"07 CUMMING",1,11.547,20.012
2024,"07 CUMMING",1,11.562,19.851
2024,"07 CUMMING",1,11.609,19.787
2024,"07 CUMMING",1,11.619,19.787
2024,"07 CUMMING",1,11.653,19.788
2024,"07 CUMMING",1,11.718,19.79
2024,"07 CUMMING",1,11.9,19.796
2024,"07 CUMMING",1,12.037,19.8
2024,"07 CUMMING",1,12.038,19.72
2024,"07 CUMMING",1,12.044,19.391
2024,"07 CUMMING",1,11.747,19.384
2024,"07 CUMMING",1,11.51,19.061
2024,"07 CUMMING",1,11.127,19.381
2024,"07 CUMMING",1,10.907,19.448
2024,"07 CUMMING",1,10.865,19.447
2024,"07 CUMMING",1,10.444,19.339
2024,"07 CUMMING",1,10.361,19.339
2024,"07 CUMMING",1,9.918,19.274
2024,"07 CUMMING",1,9.865,18.98
2024,"07 CUMMING",1,9.855,18.969
2024,"07 CUMMING",1,9.837,18.96
2024,"07 CUMMING",1,9.842,18.951
2024,"07 CUMMING",1,9.867,18.9
2024,"07 CUMMING",1,9.896,18.855
2024,"07 CUMMING",1,10.028,18.61
2024,"07 CUMMING",1,10.111,18.464
2024,"07 CUMMING",1,10.04,18.36
2024,"07 CUMMING",1,9.673,18.304
2024,"07 CUMMING",1,9.702,17.614
2024,"07 CUMMING",1,9.692,17.583
2024,"07 CUMMING",1,9.681,17.14
2024,"07 CUMMING",1,9.689,17.062
2024,"07 CUMMING",1,9.629,16.84
2024,"07 CUMMING",1,9.709,16.845
2024,"07 CUMMING",1,9.673,16.795
2024,"07 CUMMING",1,9.717,16.2
2024,"07 CUMMING",1,9.717,16.181
2024,"07 CUMMING",1,9.943,15.778
2024,"07 CUMMING",1,10.1,15.998
2024,"07 CUMMING",1,10.177,15.666
2024,"07 CUMMING",1,10.178,15.614
2024,"07 CUMMING",1,10.183,15.308
2024,"07 CUMMING",1,10.21,14.943
2024,"07 CUMMING",1,10.648,15.273
2024,"07 CUMMING",1,11.2,15.256
2024,"07 CUMMING",1,11.374,14.841
2024,"07 CUMMING",1,11.636,14.99
2024,"07 CUMMING",1,11.503,14.717
2024,"07 CUMMING",1,11.475,14.657
2024,"07 CUMMING",1,11.316,14.372
2024,"07 CUMMING",1,11.006,14.1
2024,"07 CUMMING",1,10.205,13.658
2024,"07 CUMMING",1,10.158,13.662
2024,"07 CUMMING",1,10.03,13.682
2024,"07 CUMMING",1,9.645,13.662
2024,"07 CUMMING",1,9.607,13.238
2024,"07 CUMMING",1,9.716,13.24
2024,"07 CUMMING",1,9.751,13.241
2024,"07 CUMMING",1,10.235,13.262
2024,"07 CUMMING",1,10.449,13.097
2024,"07 CUMMING",1,10.634,13.641
2024,"07 CUMMING",1,10.887,13.713
2024,"07 CUMMING",1,11.061,13.618
2024,"07 CUMMING",1,11.451,13.56
2024,"07 CUMMING",1,11.587,13.696
2024,"07 CUMMING",1,11.587,13.722
2024,"07 CUMMING",1,11.761,13.393
2024,"07 CUMMING",1,11.869,13.351
2024,"07 CUMMING",1,12.321,13.355
2024,"08 MASHBURN",1,14.694,10.918
2024,"08 MASHBURN",1,14.76,10.925
2024,"08 MASHBURN",1,14.777,10.984
2024,"08 MASHBURN",1,14.877,11.146
2024,"08 MASHBURN",1,15.232,12.156
2024,"08 MASHBURN",1,15.623,12.843
2024,"08 MASHBURN",1,15.415,13.559
2024,"08 MASHBURN",1,15.978,13.343
2024,"08 MASHBURN",1,16.71,12.683
2024,"08 MASHBURN",1,16.937,11.766
2024,"08 MASHBURN",1,17.274,11.953
2024,"08 MASHBURN",1,17.332,12.472
2024,"08 MASHBURN",1,17.35,12.506
2024,"08 MASHBURN",1,17.661,12.731
2024,"08 MASHBURN",1,18.538,13.145
2024,"08 MASHBURN",1,18.539,13.146
2024,"08 MASHBURN",1,18.542,13.151
2024,"08 MASHBURN",1,18.555,13.174
2024,"08 MASHBURN",1,17.834,13.956
2024,"08 MASHBURN",1,17.559,14.517
2024,"08 MASHBURN",1,17.514,15.146
2024,"08 MASHBURN",1,17.145,15.416
2024,"08 MASHBURN",1,16.923,15.905
2024,"08 MASHBURN",1,16.617,16.282
2024,"08 MASHBURN",1,15.718,16.74
2024,"08 MASHBURN",1,15.239,16.969
2024,"08 MASHBURN",1,15.231,16.879
2024,"08 MASHBURN",1,15.21,16.429
2024,"08 MASHBURN",1,14.989,15.944
2024,"08 MASHBURN",1,14.799,15.993
2024,"08 MASHBURN",1,14.334,15.69
2024,"08 MASHBURN",1,14.245,15.554
2024,"08 MASHBURN",1,14.031,15.563
2024,"08 MASHBURN",1,13.848,15.748
2024,"08 MASHBURN",1,13.583,15.747
2024,"08 MASHBURN",1,13.36,15.604
2024,"08 MASHBURN",1,13.2,15.621
2024,"08 MASHBURN",1,13.174,15.618
2024,"08 MASHBURN",1,13.166,15.613
2024,"08 MASHBURN",1,13.163,15.61
2024,"08 MASHBURN",1,13.159,15.607
2024,"08 MASHBURN",1,13.158,15.606
2024,"08 MASHBURN",1,13.156,15.605
2024,"08 MASHBURN",1,13.091,15.585
2024,"08 MASHBURN",1,13.031,15.579
2024,"08 MASHBURN",1,13.019,15.071
2024,"08 MASHBURN",1,12.763,14.813
2024,"08 MASHBURN",1,12.847,14.716
2024,"08 MASHBURN",1,12.803,14.601
2024,"08 MASHBURN",1,12.618,14.537
2024,"08 MASHBURN",1,12.592,14.536
2024,"08 MASHBURN",1,12.452,14.327
2024,"08 MASHBURN",1,12.168,14.071
2024,"08 MASHBURN",1,11.937,14.295
2024,"08 MASHBURN",1,11.917,14.288
2024,"08 MASHBURN",1,11.896,14.281
2024,"08 MASHBURN",1,11.916,14.251
2024,"08 MASHBURN",1,11.771,14.198
2024,"08 MASHBURN",1,11.686,13.948
2024,"08 MASHBURN",1,11.772,13.731
2024,"08 MASHBURN",1,12.195,13.738
2024,"08 MASHBURN",1,12.321,13.355
2024,"08 MASHBURN",1,12.61,13.29
2024,"08 MASHBURN",1,12.728,13.249
2024,"08 MASHBURN",1,13.164,12.712
2024,"08 MASHBURN",1,13.523,12.385
2024,"08 MASHBURN",1,13.932,12.124
2024,"08 MASHBURN",1,13.989,12.08
2024,"08 MASHBURN",1,14.077,12.004
2024,"08 MASHBURN",1,14.177,11.905
2024,"08 MASHBURN",1,14.487,11.522
2024,"08 MASHBURN",1,14.684,10.985
2024,"08 MASHBURN",1,14.694,10.918
2024,"16 OTWELL",1,8.377,25.841
2024,"16 OTWELL",1,8.401,25.778
2024,"16 OTWELL",1,8.46,25.7
2024,"16 OTWELL",1,8.528,25.671
2024,"16 OTWELL",1,8.709,25.59
2024,"16 OTWELL",1,8.899,25.435
2024,"16 OTWELL",1,8.976,25.367
2024,"16 OTWELL",1,9.016,25.334
2024,"16 OTWELL",1,9.047,25.286
2024,"16 OTWELL",1,9.091,25.222
2024,"16 OTWELL",1,9.13,25.158
2024,"16 OTWELL",1,9.208,25.045
2024,"16 OTWELL",1,9.243,24.968
2024,"16 OTWELL",1,9.469,24.834
2024,"16 OTWELL",1,9.885,24.901
2024,"16 OTWELL",1,9.945,24.598
2024,"16 OTWELL",1,10.25,24.288
2024,"16 OTWELL",1,10.542,23.741
2024,"16 OTWELL",1,11.035,23.768
2024,"16 OTWELL",1,11.478,23.478
2024,"16 OTWELL",1,11.159,23.315
2024,"16 OTWELL",1,11.174,22.697
2024,"16 OTWELL",1,10.585,22.34
2024,"16 OTWELL",1,9.635,21.884
2024,"16 OTWELL",1,8.759,21.694
2024,"16 OTWELL",1,8.405,21.475
2024,"16 OTWELL",1,8.772,21.309
2024,"16 OTWELL",1,8.778,21.075
2024,"16 OTWELL",1,8.433,21.061
2024,"16 OTWELL",1,8.366,20.359
2024,"16 OTWELL",1,8.555,19.897
2024,"16 OTWELL",1,8.791,19.477
2024,"16 OTWELL",1,9.169,19.421
2024,"16 OTWELL",1,8.974,19.117
2024,"16 OTWELL",1,8.689,19.151
2024,"16 OTWELL",1,8.486,18.935
2024,"16 OTWELL",1,8.375,18.48
2024,"16 OTWELL",1,8.352,17.942
2024,"16 OTWELL",1,8.518,17.861
2024,"16 OTWELL",1,8.795,17.011
2024,"16 OTWELL",1,9.083,16.956
2024,"16 OTWELL",1,9.629,16.84
2024,"16 OTWELL",1,9.689,17.062
2024,"16 OTWELL",1,9.681,17.14
2024,"16 OTWELL",1,9.692,17.583
2024,"16 OTWELL",1,9.702,17.614
2024,"16 OTWELL",1,9.673,18.304
2024,"16 OTWELL",1,10.04,18.36
2024,"16 OTWELL",1,10.111,18.464
2024,"16 OTWELL",1,10.028,18.61
2024,"16 OTWELL",1,9.896,18.855
2024,"16 OTWELL",1,9.867,18.9
2024,"16 OTWELL",1,9.842,18.951
2024,"16 OTWELL",1,9.837,18.96
2024,"16 OTWELL",1,9.855,18.969
2024,"16 OTWELL",1,9.865,18.98
2024,"16 OTWELL",1,9.918,19.274
2024,"16 OTWELL",1,10.361,19.339
2024,"16 OTWELL",1,10.444,19.339
2024,"16 OTWELL",1,10.865,19.447
2024,"16 OTWELL",1,10.907,19.448
2024,"16 OTWELL",1,11.127,19.381
2024,"16 OTWELL",1,11.51,19.061
2024,"16 OTWELL",1,11.747,19.384
2024,"16 OTWELL",1,12.044,19.391
2024,"16 OTWELL",1,12.038,19.72
2024,"16 OTWELL",1,12.037,19.8
2024,"16 OTWELL",1,11.9,19.796
2024,"16 OTWELL",1,11.718,19.79
2024,"16 OTWELL",1,11.653,19.788
2024,"16 OTWELL",1,11.619,19.787
2024,"16 OTWELL",1,11.609,19.787
2024,"16 OTWELL",1,11.562,19.851
2024,"16 OTWELL",1,11.547,20.012
2024,"16 OTWELL",1,11.559,20.008
2024,"16 OTWELL",1,12.389,20.156
2024,"16 OTWELL",1,12.619,20.139
2024,"16 OTWELL",1,12.64,20.152
2024,"16 OTWELL",1,12.657,20.194
2024,"16 OTWELL",1,12.745,20.555
2024,"16 OTWELL",1,12.769,20.63
2024,"16 OTWELL",1,12.774,20.642
2024,"16 OTWELL",1,12.788,20.667
2024,"16 OTWELL",1,13.537,20.643
2024,"16 OTWELL",1,13.751,20.466
2024,"16 OTWELL",1,13.756,20.161
2024,"16 OTWELL",1,14.039,20.264
2024,"16 OTWELL",1,14.43,20.477
2024,"16 OTWELL",1,14.481,20.053
2024,"16 OTWELL",1,14.473,19.865
2024,"16 OTWELL",1,14.673,19.826
2024,"16 OTWELL",1,14.713,19.825
2024,"16 OTWELL",1,14.728,19.825
2024,"16 OTWELL",1,15.069,20.98
2024,"16 OTWELL",1,15.454,21.056
2024,"16 OTWELL",1,15.929,21.877
2024,"16 OTWELL",1,15.775,22.135
2024,"16 OTWELL",1,16.041,22.531
2024,"16 OTWELL",1,15.769,22.448
2024,"16 OTWELL",1,15.582,22.4
2024,"16 OTWELL",1,15.444,22.373
2024,"16 OTWELL",1,15.39,22.361
2024,"16 OTWELL",1,15.298,22.34
2024,"16 OTWELL",1,14.795,22.229
2024,"16 OTWELL",1,14.814,22.447
2024,"16 OTWELL",1,14.592,22.83
2024,"16 OTWELL",1,14.304,22.687
2024,"16 OTWELL",1,14.273,23.263
2024,"16 OTWELL",1,13.494,23.465
2024,"16 OTWELL",1,13.155,23.46
2024,"16 OTWELL",1,13.133,23.458
2024,"16 OTWELL",1,12.862,23.372
2024,"16 OTWELL",1,12.667,23.956
2024,"16 OTWELL",1,12.686,24.625
2024,"16 OTWELL",1,13.013,24.72
2024,"16 OTWELL",1,13.389,24.988
2024,"16 OTWELL",1,13.122,25.303
2024,"16 OTWELL",1,12.113,26.035
2024,"16 OTWELL",1,11.919,26.328
2024,"16 OTWELL",1,11.298,26.762
2024,"16 OTWELL",1,11.245,26.797
2024,"16 OTWELL",1,11.149,26.841
2024,"16 OTWELL",1,10.537,27.033
2024,"16 OTWELL",1,9.76,27.39
2024,"16 OTWELL",1,9.516,27.421
2024,"16 OTWELL",1,9.045,27.264
2024,"16 OTWELL",1,8.81,26.995
2024,"16 OTWELL",1,8.34,26.107
2024,"16 OTWELL",1,8.368,26.052
2024,"16 OTWELL",1,8.377,25.841
2024,"05 COAL MOUNTAIN",1,14.273,23.263
2024,"05 COAL MOUNTAIN",1,14.675,24.522
2024,"05 COAL MOUNTAIN",1,15.262,24.274
2024,"05 COAL MOUNTAIN",1,15.615,23.879
2024,"05 COAL MOUNTAIN",1,15.997,23.647
2024,"05 COAL MOUNTAIN",1,16.667,24.525
2024,"05 COAL MOUNTAIN",1,16.705,24.586
2024,"05 COAL MOUNTAIN",1,16.774,24.73
2024,"05 COAL MOUNTAIN",1,16.841,24.967
2024,"05 COAL MOUNTAIN",1,16.924,25.751
2024,"05 COAL MOUNTAIN",1,16.896,25.745
2024,"05 COAL MOUNTAIN",1,16.841,25.744
2024,"05 COAL MOUNTAIN",1,16.809,25.905
2024,"05 COAL MOUNTAIN",1,16.086,25.887
2024,"05 COAL MOUNTAIN",1,15.782,26.26
2024,"05 COAL MOUNTAIN",1,15.777,26.842
2024,"05 COAL MOUNTAIN",1,16.038,27.227
2024,"05 COAL MOUNTAIN",1,16.279,27.523
2024,"05 COAL MOUNTAIN",1,16.424,28.108
2024,"05 COAL MOUNTAIN",1,16.372,29.002
2024,"05 COAL MOUNTAIN",1,16.837,30.119
2024,"05 COAL MOUNTAIN",1,17.073,30.413
2024,"05 COAL MOUNTAIN",1,17.631,31.576
2024,"05 COAL MOUNTAIN",1,13.895,31.486
2024,"05 COAL MOUNTAIN",1,13.18,31.469
2024,"05 COAL MOUNTAIN",1,13.84,31.282
2024,"05 COAL MOUNTAIN",1,14.149,30.93
2024,"05 COAL MOUNTAIN",1,14.09,30.39
2024,"05 COAL MOUNTAIN",1,13.957,30.103
2024,"05 COAL MOUNTAIN",1,13.943,29.396
2024,"05 COAL MOUNTAIN",1,14.147,28.63
2024,"05 COAL MOUNTAIN",1,14.537,27.998
2024,"05 COAL MOUNTAIN",1,14.688,27.574
2024,"05 COAL MOUNTAIN",1,14.597,27.203
2024,"05 COAL MOUNTAIN",1,14.047,27.168
2024,"05 COAL MOUNTAIN",1,13.754,27.349
2024,"05 COAL MOUNTAIN",1,13.08,27.728
2024,"05 COAL MOUNTAIN",1,12.371,27.297
2024,"05 COAL MOUNTAIN",1,11.312,27.1
2024,"05 COAL MOUNTAIN",1,11.149,26.841
2024,"05 COAL MOUNTAIN",1,11.245,26.797
2024,"05 COAL MOUNTAIN",1,11.298,26.762
2024,"05 COAL MOUNTAIN",1,11.919,26.328
2024,"05 COAL MOUNTAIN",1,12.113,26.035
2024,"05 COAL MOUNTAIN",1,13.122,25.303
2024,"05 COAL MOUNTAIN",1,13.389,24.988
2024,"05 COAL MOUNTAIN",1,13.013,24.72
2024,"05 COAL MOUNTAIN",1,12.686,24.625
2024,"05 COAL MOUNTAIN",1,12.667,23.956
2024,"05 COAL MOUNTAIN",1,12.862,23.372
2024,"05 COAL MOUNTAIN",1,13.133,23.458
2024,"05 COAL MOUNTAIN",1,13.155,23.46
2024,"05 COAL MOUNTAIN",1,13.494,23.465
2024,"05 COAL MOUNTAIN",1,14.273,23.263
2024,"44 LANIER",1,18.933,14.832
2024,"44 LANIER",1,19.267,15.113
2024,"44 LANIER",1,19.686,15.713
2024,"44 LANIER",1,20.402,16.022
2024,"44 LANIER",1,21.377,16.239
2024,"44 LANIER",1,22.016,16.215
2024,"44 LANIER",1,22.248,16.127
2024,"44 LANIER",1,22.563,17.845
2024,"44 LANIER",1,22.248,19.077
2024,"44 LANIER",1,21.784,19.716
2024,"44 LANIER",1,21.805,19.997
2024,"44 LANIER",1,21.64,20.369
2024,"44 LANIER",1,21.321,20.641
2024,"44 LANIER",1,20.905,20.711
2024,"44 LANIER",1,20.481,21.078
2024,"44 LANIER",1,20.329,21.327
2024,"44 LANIER",1,20.254,21.953
2024,"44 LANIER",1,20.187,21.968
2024,"44 LANIER",1,19.701,22.07
2024,"44 LANIER",1,19.288,21.989
2024,"44 LANIER",1,18.459,22.177
2024,"44 LANIER",1,18.566,21.486
2024,"44 LANIER",1,18.33,21.333
2024,"44 LANIER",1,17.903,21.517
2024,"44 LANIER",1,17.61,21.273
2024,"44 LANIER",1,17.171,21.272
2024,"44 LANIER",1,17.071,21.006
2024,"44 LANIER",1,16.496,20.9
2024,"44 LANIER",1,16.187,20.595
2024,"44 LANIER",1,16.257,20.181
2024,"44 LANIER",1,16.756,20.161
2024,"44 LANIER",1,17.322,20.038
2024,"44 LANIER",1,17.596,19.803
2024,"44 LANIER",1,17.844,19.129
2024,"44 LANIER",1,18.164,18.667
2024,"44 LANIER",1,18.871,17.225
2024,"44 LANIER",1,18.728,16.25
2024,"44 LANIER",1,18.933,14.832
2024,"50 BROWNS BRIDGE",1,14.728,19.825
2024,"50 BROWNS BRIDGE",1,15.18,19.878
2024,"50 BROWNS BRIDGE",1,15.713,20.151
2024,"50 BROWNS BRIDGE",1,16.257,20.181
2024,"50 BROWNS BRIDGE",1,16.187,20.595
2024,"50 BROWNS BRIDGE",1,16.496,20.9
2024,"50 BROWNS BRIDGE",1,17.071,21.006
2024,"50 BROWNS BRIDGE",1,17.171,21.272
2024,"50 BROWNS BRIDGE",1,17.61,21.273
2024,"50 BROWNS BRIDGE",1,17.903,21.517
2024,"50 BROWNS BRIDGE",1,18.33,21.333
2024,"50 BROWNS BRIDGE",1,18.566,21.486
2024,"50 BROWNS BRIDGE",1,18.459,22.177
2024,"50 BROWNS BRIDGE",1,19.288,21.989
2024,"50 BROWNS BRIDGE",1,19.701,22.07
2024,"50 BROWNS BRIDGE",1,20.187,21.968
2024,"50 BROWNS BRIDGE",1,20.254,21.953
2024,"50 BROWNS BRIDGE",1,20.329,21.327
2024,"50 BROWNS BRIDGE",1,20.481,21.078
2024,"50 BROWNS BRIDGE",1,20.905,20.711
2024,"50 BROWNS BRIDGE",1,21.321,20.641
2024,"50 BROWNS BRIDGE",1,21.64,20.369
2024,"50 BROWNS BRIDGE",1,21.805,19.997
2024,"50 BROWNS BRIDGE",1,21.784,19.716
2024,"50 BROWNS BRIDGE",1,22.248,19.077
2024,"50 BROWNS BRIDGE",1,22.563,17.845
2024,"50 BROWNS BRIDGE",1,22.248,16.127
2024,"50 BROWNS BRIDGE",1,22.958,15.827
2024,"50 BROWNS BRIDGE",1,23.566,15.96
2024,"50 BROWNS BRIDGE",1,23.831,16.304
2024,"50 BROWNS BRIDGE",1,24.201,16.345
2024,"50 BROWNS BRIDGE",1,24.606,16.16
2024,"50 BROWNS BRIDGE",1,25.215,16.398
2024,"50 BROWNS BRIDGE",1,25.526,16.803
2024,"50 BROWNS BRIDGE",1,25.775,17.316
2024,"50 BROWNS BRIDGE",1,25.997,18.139
2024,"50 BROWNS BRIDGE",1,26.172,18.44
2024,"50 BROWNS BRIDGE",1,26.708,18.489
2024,"50 BROWNS BRIDGE",1,27.201,18.7
2024,"50 BROWNS BRIDGE",1,27.216,18.724
2024,"50 BROWNS BRIDGE",1,27.397,19.19
2024,"50 BROWNS BRIDGE",1,27.29,19.399
2024,"50 BROWNS BRIDGE",1,26.859,19.446
2024,"50 BROWNS BRIDGE",1,26.655,19.799
2024,"50 BROWNS BRIDGE",1,26.682,20.014
2024,"50 BROWNS BRIDGE",1,27.009,20.256
2024,"50 BROWNS BRIDGE",1,27.675,20.571
2024,"50 BROWNS BRIDGE",1,28.268,21.124
2024,"50 BROWNS BRIDGE",1,28.657,21.363
2024,"50 BROWNS BRIDGE",1,28.759,21.761
2024,"50 BROWNS BRIDGE",1,28.53,22.534
2024,"50 BROWNS BRIDGE",1,28.312,22.778
2024,"50 BROWNS BRIDGE",1,28.307,23.137
2024,"50 BROWNS BRIDGE",1,28.548,23.81
2024,"50 BROWNS BRIDGE",1,28.319,23.902
2024,"50 BROWNS BRIDGE",1,28.038,23.935
2024,"50 BROWNS BRIDGE",1,27.189,23.155
2024,"50 BROWNS BRIDGE",1,26.995,22.643
2024,"50 BROWNS BRIDGE",1,26.538,22.463
2024,"50 BROWNS BRIDGE",1,25.858,22.459
2024,"50 BROWNS BRIDGE",1,25.19,22.408
2024,"50 BROWNS BRIDGE",1,25.019,22.896
2024,"50 BROWNS BRIDGE",1,25.748,23.863
2024,"50 BROWNS BRIDGE",1,25.326,24.246
2024,"50 BROWNS BRIDGE",1,24.757,24.294
2024,"50 BROWNS BRIDGE",1,23.795,24.029
2024,"50 BROWNS BRIDGE",1,23.036,24.043
2024,"50 BROWNS BRIDGE",1,22.883,24.293
2024,"50 BROWNS BRIDGE",1,22.438,24.384
2024,"50 BROWNS BRIDGE",1,22.202,24.659
2024,"50 BROWNS BRIDGE",1,21.841,24.773
2024,"50 BROWNS BRIDGE",1,21.74,24.456
2024,"50 BROWNS BRIDGE",1,21.964,23.958
2024,"50 BROWNS BRIDGE",1,21.889,23.189
2024,"50 BROWNS BRIDGE",1,21.794,22.96
2024,"50 BROWNS BRIDGE",1,21.349,23.355
2024,"50 BROWNS BRIDGE",1,20.693,23.722
2024,"50 BROWNS BRIDGE",1,20.357,23.718
2024,"50 BROWNS BRIDGE",1,19.954,23.91
2024,"50 BROWNS BRIDGE",1,19.347,23.838
2024,"50 BROWNS BRIDGE",1,18.886,23.994
2024,"50 BROWNS BRIDGE",1,18.85,24.205
2024,"50 BROWNS BRIDGE",1,18.812,24.256
2024,"50 BROWNS BRIDGE",1,18.795,24.275
2024,"50 BROWNS BRIDGE",1,18.766,24.304
2024,"50 BROWNS BRIDGE",1,18.711,24.332
2024,"50 BROWNS BRIDGE",1,18.661,24.342
2024,"50 BROWNS BRIDGE",1,17.666,24.261
2024,"50 BROWNS BRIDGE",1,17.246,24.287
2024,"50 BROWNS BRIDGE",1,17.027,24.171
2024,"50 BROWNS BRIDGE",1,16.893,24.27
2024,"50 BROWNS BRIDGE",1,16.667,24.525
2024,"50 BROWNS BRIDGE",1,15.997,23.647
2024,"50 BROWNS BRIDGE",1,15.615,23.879
2024,"50 BROWNS BRIDGE",1,15.262,24.274
2024,"50 BROWNS BRIDGE",1,14.675,24.522
2024,"50 BROWNS BRIDGE",1,14.273,23.263
2024,"50 BROWNS BRIDGE",1,14.304,22.687
2024,"50 BROWNS BRIDGE",1,14.592,22.83
2024,"50 BROWNS BRIDGE",1,14.814,22.447
2024,"50 BROWNS BRIDGE",1,14.795,22.229
2024,"50 BROWNS BRIDGE",1,15.298,22.34
2024,"50 BROWNS BRIDGE",1,15.39,22.361
2024,"50 BROWNS BRIDGE",1,15.444,22.373
2024,"50 BROWNS BRIDGE",1,15.582,22.4
2024,"50 BROWNS BRIDGE",1,15.769,22.448
2024,"50 BROWNS BRIDGE",1,16.041,22.531
2024,"50 BROWNS BRIDGE",1,15.775,22.135
2024,"50 BROWNS BRIDGE",1,15.929,21.877
2024,"50 BROWNS BRIDGE",1,15.454,21.056
2024,"50 BROWNS BRIDGE",1,15.069,20.98
2024,"50 BROWNS BRIDGE",1,14.728,19.825
2024,"04 CHESTATEE",1,18.795,24.275
2024,"04 CHESTATEE",1,18.812,24.256
2024,"04 CHESTATEE",1,18.85,24.205
2024,"04 CHESTATEE",1,18.886,23.994
2024,"04 CHESTATEE",1,19.347,23.838
2024,"04 CHESTATEE",1,19.954,23.91
2024,"04 CHESTATEE",1,20.357,23.718
2024,"04 CHESTATEE",1,20.693,23.722
2024,"04 CHESTATEE",1,21.349,23.355
2024,"04 CHESTATEE",1,21.794,22.96
2024,"04 CHESTATEE",1,21.889,23.189
2024,"04 CHESTATEE",1,21.964,23.958
2024,"04 CHESTATEE",1,21.74,24.456
2024,"04 CHESTATEE",1,21.841,24.773
2024,"04 CHESTATEE",1,22.202,24.659
2024,"04 CHESTATEE",1,22.438,24.384
2024,"04 CHESTATEE",1,22.883,24.293
2024,"04 CHESTATEE",1,23.036,24.043
2024,"04 CHESTATEE",1,23.795,24.029
2024,"04 CHESTATEE",1,24.757,24.294
2024,"04 CHESTATEE",1,25.326,24.246
2024,"04 CHESTATEE",1,25.042,24.816
2024,"04 CHESTATEE",1,25.242,25.248
2024,"04 CHESTATEE",1,25.073,25.516
2024,"04 CHESTATEE",1,25.17,25.873
2024,"04 CHESTATEE",1,24.971,26.68
2024,"04 CHESTATEE",1,25.107,27.114
2024,"04 CHESTATEE",1,24.975,27.649
2024,"04 CHESTATEE",1,24.853,27.728
2024,"04 CHESTATEE",1,24.829,27.716
2024,"04 CHESTATEE",1,24.768,27.688
2024,"04 CHESTATEE",1,24.309,27.476
2024,"04 CHESTATEE",1,24.251,27.449
2024,"04 CHESTATEE",1,23.905,27.288
2024,"04 CHESTATEE",1,23.859,27.54
2024,"04 CHESTATEE",1,23.528,28.116
2024,"04 CHESTATEE",1,23.099,28.508
2024,"04 CHESTATEE",1,22.333,28.504
2024,"04 CHESTATEE",1,21.979,28.639
2024,"04 CHESTATEE",1,21.504,28.595
2024,"04 CHESTATEE",1,21.172,28.745
2024,"04 CHESTATEE",1,21.235,28.296
2024,"04 CHESTATEE",1,21.117,27.659
2024,"04 CHESTATEE",1,20.889,27.477
2024,"04 CHESTATEE",1,20.904,27.021
2024,"04 CHESTATEE",1,20.783,26.832
2024,"04 CHESTATEE",1,20.437,26.786
2024,"04 CHESTATEE",1,20.256,27.004
2024,"04 CHESTATEE",1,19.812,26.781
2024,"04 CHESTATEE",1,20.079,26.094
2024,"04 CHESTATEE",1,20.045,25.984
2024,"04 CHESTATEE",1,19.736,25.731
2024,"04 CHESTATEE",1,19.329,24.798
2024,"04 CHESTATEE",1,19.213,24.662
2024,"04 CHESTATEE",1,19.054,24.518
2024,"04 CHESTATEE",1,18.856,24.335
2024,"04 CHESTATEE",1,18.795,24.275
2024,"06 CROSSROADS",1,23.528,28.116
2024,"06 CROSSROADS",1,23.564,28.88
2024,"06 CROSSROADS",1,23.87,29.111
2024,"06 CROSSROADS",1,24.5,29.165
2024,"06 CROSSROADS",1,25.123,29.483
2024,"06 CROSSROADS",1,25.566,29.87
2024,"06 CROSSROADS",1,25.869,29.917
2024,"06 CROSSROADS",1,26.112,30.186
2024,"06 CROSSROADS",1,26.409,30.002
2024,"06 CROSSROADS",1,26.682,30.167
2024,"06 CROSSROADS",1,27.369,30.37
2024,"06 CROSSROADS",1,27.658,30.297
2024,"06 CROSSROADS",1,27.806,30.734
2024,"06 CROSSROADS",1,28.233,30.435
2024,"06 CROSSROADS",1,28.35,30.643
2024,"06 CROSSROADS",1,28.714,30.722
2024,"06 CROSSROADS",1,28.742,31.379
2024,"06 CROSSROADS",1,28.719,31.395
2024,"06 CROSSROADS",1,27.922,31.619
2024,"06 CROSSROADS",1,27.837,31.654
2024,"06 CROSSROADS",1,27.704,31.826
2024,"06 CROSSROADS",1,26.778,31.808
2024,"06 CROSSROADS",1,26.66,31.804
2024,"06 CROSSROADS",1,23.945,31.744
2024,"06 CROSSROADS",1,19.531,31.623
2024,"06 CROSSROADS",1,18.6,31.601
2024,"06 CROSSROADS",1,18.595,31.601
2024,"06 CROSSROADS",1,18.472,31.597
2024,"06 CROSSROADS",1,17.631,31.576
2024,"06 CROSSROADS",1,17.073,30.413
2024,"06 CROSSROADS",1,16.837,30.119
2024,"06 CROSSROADS",1,16.372,29.002
2024,"06 CROSSROADS",1,16.424,28.108
2024,"06 CROSSROADS",1,16.279,27.523
2024,"06 CROSSROADS",1,16.038,27.227
2024,"06 CROSSROADS",1,15.777,26.842
2024,"06 CROSSROADS",1,15.782,26.26
2024,"06 CROSSROADS",1,16.086,25.887
2024,"06 CROSSROADS",1,16.809,25.905
2024,"06 CROSSROADS",1,16.841,25.744
2024,"06 CROSSROADS",1,16.896,25.745
2024,"06 CROSSROADS",1,16.924,25.751
2024,"06 CROSSROADS",1,16.841,24.967
2024,"06 CROSSROADS",1,16.774,24.73
2024,"06 CROSSROADS",1,16.705,24.586
2024,"06 CROSSROADS",1,16.667,24.525
2024,"06 CROSSROADS",1,16.893,24.27
2024,"06 CROSSROADS",1,17.027,24.171
2024,"06 CROSSROADS",1,17.246,24.287
2024,"06 CROSSROADS",1,17.666,24.261
2024,"06 CROSSROADS",1,18.661,24.342
2024,"06 CROSSROADS",1,18.711,24.332
2024,"06 CROSSROADS",1,18.766,24.304
2024,"06 CROSSROADS",1,18.795,24.275
2024,"06 CROSSROADS",1,18.856,24.335
2024,"06 CROSSROADS",1,19.054,24.518
2024,"06 CROSSROADS",1,19.213,24.662
2024,"06 CROSSROADS",1,19.329,24.798
2024,"06 CROSSROADS",1,19.736,25.731
2024,"06 CROSSROADS",1,20.045,25.984
2024,"06 CROSSROADS",1,20.079,26.094
2024,"06 CROSSROADS",1,19.812,26.781
2024,"06 CROSSROADS",1,20.256,27.004
2024,"06 CROSSROADS",1,20.437,26.786
2024,"06 CROSSROADS",1,20.783,26.832
2024,"06 CROSSROADS",1,20.904,27.021
2024,"06 CROSSROADS",1,20.889,27.477
2024,"06 CROSSROADS",1,21.117,27.659
2024,"06 CROSSROADS",1,21.235,28.296
2024,"06 CROSSROADS",1,21.172,28.745
2024,"06 CROSSROADS",1,21.504,28.595
2024,"06 CROSSROADS",1,21.979,28.639
2024,"06 CROSSROADS",1,22.333,28.504
2024,"06 CROSSROADS",1,23.099,28.508
2024,"06 CROSSROADS",1,23.528,28.116
2024,"42 KEITH BRIDGE",1,28.548,23.81
2024,"42 KEITH BRIDGE",1,28.197,24.457
2024,"42 KEITH BRIDGE",1,28.264,24.625
2024,"42 KEITH BRIDGE",1,28.281,24.649
2024,"42 KEITH BRIDGE",1,29.233,25.294
2024,"42 KEITH BRIDGE",1,29.669,25.414
2024,"42 KEITH BRIDGE",1,30.164,25.727
2024,"42 KEITH BRIDGE",1,30.629,25.85
2024,"42 KEITH BRIDGE",1,30.767,26.506
2024,"42 KEITH BRIDGE",1,30.48,27.014
2024,"42 KEITH BRIDGE",1,30.145,27.022
2024,"42 KEITH BRIDGE",1,30.252,26.608
2024,"42 KEITH BRIDGE",1,29.974,26.569
2024,"42 KEITH BRIDGE",1,29.878,27.207
2024,"42 KEITH BRIDGE",1,29.749,27.523
2024,"42 KEITH BRIDGE",1,30.177,27.738
2024,"42 KEITH BRIDGE",1,30.129,27.945
2024,"42 KEITH BRIDGE",1,29.665,28.046
2024,"42 KEITH BRIDGE",1,29.37,27.818
2024,"42 KEITH BRIDGE",1,29.454,27.398
2024,"42 KEITH BRIDGE",1,29.259,27.217
2024,"42 KEITH BRIDGE",1,28.775,27.81
2024,"42 KEITH BRIDGE",1,29.127,28.224
2024,"42 KEITH BRIDGE",1,28.961,28.732
2024,"42 KEITH BRIDGE",1,28.442,29.438
2024,"42 KEITH BRIDGE",1,28.175,29.771
2024,"42 KEITH BRIDGE",1,28.137,29.836
2024,"42 KEITH BRIDGE",1,28.233,30.435
2024,"42 KEITH BRIDGE",1,27.806,30.734
2024,"42 KEITH BRIDGE",1,27.658,30.297
2024,"42 KEITH BRIDGE",1,27.369,30.37
2024,"42 KEITH BRIDGE",1,26.682,30.167
2024,"42 KEITH BRIDGE",1,26.409,30.002
2024,"42 KEITH BRIDGE",1,26.112,30.186
2024,"42 KEITH BRIDGE",1,25.869,29.917
2024,"42 KEITH BRIDGE",1,25.566,29.87
2024,"42 KEITH BRIDGE",1,25.123,29.483
2024,"42 KEITH BRIDGE",1,24.5,29.165
2024,"42 KEITH BRIDGE",1,23.87,29.111
2024,"42 KEITH BRIDGE",1,23.564,28.88
2024,"42 KEITH BRIDGE",1,23.528,28.116
2024,"42 KEITH BRIDGE",1,23.859,27.54
2024,"42 KEITH BRIDGE",1,23.905,27.288
2024,"42 KEITH BRIDGE",1,24.251,27.449
2024,"42 KEITH BRIDGE",1,24.309,27.476
2024,"42 KEITH BRIDGE",1,24.768,27.688
2024,"42 KEITH BRIDGE",1,24.829,27.716
2024,"42 KEITH BRIDGE",1,24.853,27.728
2024,"42 KEITH BRIDGE",1,24.975,27.649
2024,"42 KEITH BRIDGE",1,25.107,27.114
2024,"42 KEITH BRIDGE",1,24.971,26.68
2024,"42 KEITH BRIDGE",1,25.17,25.873
2024,"42 KEITH BRIDGE",1,25.073,25.516
2024,"42 KEITH BRIDGE",1,25.242,25.248
2024,"42 KEITH BRIDGE",1,25.042,24.816
2024,"42 KEITH BRIDGE",1,25.326,24.246
2024,"42 KEITH BRIDGE",1,25.748,23.863
2024,"42 KEITH BRIDGE",1,25.019,22.896
2024,"42 KEITH BRIDGE",1,25.19,22.408
2024,"42 KEITH BRIDGE",1,25.858,22.459
2024,"42 KEITH BRIDGE",1,26.538,22.463
2024,"42 KEITH BRIDGE",1,26.995,22.643
2024,"42 KEITH BRIDGE",1,27.189,23.155
2024,"42 KEITH BRIDGE",1,28.038,23.935
2024,"42 KEITH BRIDGE",1,28.319,23.902
2024,"42 KEITH BRIDGE",1,28.548,23.81
