county,precinct,registered,ballots_cast,Joseph R. Biden,Donald J. Trump,Jo Jorgensen,total,dem_two_party_pct
Appling,1B,1309,995,116,870,7,993,11.76
Appling,1C,848,642,44,594,2,640,6.9
Appling,2,2251,1457,908,531,9,1448,63.1
Appling,3A1,793,611,20,587,4,611,3.29
Appling,3C,1566,1140,288,843,4,1135,25.46
Appling,4B,866,673,23,647,2,672,3.43
Appling,4D,1493,1182,130,1048,1,1179,11.04
Appling,5A,1147,821,118,697,5,820,14.48
Appling,5B,1126,846,132,709,2,843,15.7
Atkinson,Axson,742,527,45,479,3,527,8.59
Atkinson,Pearson City,944,570,329,229,6,564,58.96
Atkinson,Pearson County,1802,1202,160,1026,11,1197,13.49
Atkinson,Willacoochee,1311,873,291,566,10,867,33.96
Bacon,Douglas,6720,4680,625,4018,25,4668,13.46
Baker,Anna,166,124,31,93,0,124,25.0
Baker,Elmodel,401,290,148,141,0,289,51.21
Baker,Hoggards Mill,351,234,111,120,3,234,48.05
Baker,Milford,270,207,69,137,0,206,33.5
Baker,Newton,1070,704,293,406,3,702,41.92
Baldwin,Boddie,1381,694,547,134,6,687,80.32
Baldwin,City Hall Annex,957,493,331,153,6,490,68.39
Baldwin,Coopers,1574,1119,320,784,10,1114,28.99
Baldwin,Courthouse,506,291,169,113,6,288,59.93
Baldwin,East Baldwin,3826,2782,1159,1581,28,2768,42.3
Baldwin,East Hardwick,1313,675,520,140,12,672,78.79
Baldwin,Fire Dept,1481,938,711,212,10,933,77.03
Baldwin,Meriweather,2832,2234,831,1366,26,2223,37.82
Baldwin,North Baldwin,3515,2745,810,1891,24,2725,29.99
Baldwin,North Milledgeville,2211,1682,859,793,22,1674,52.0
Baldwin,Scottsboro,1101,712,275,426,8,709,39.23
Baldwin,South Milledgeville,1259,779,583,179,9,771,76.51
Baldwin,West Baldwin,1862,1355,604,731,19,1354,45.24
Baldwin,West Hardwick,2903,1854,1421,400,22,1843,78.03
Banks,Anderson,1533,1019,100,901,12,1013,9.99
Banks,Baldwin,876,639,103,528,6,637,16.32
Banks,Berlin,415,295,29,266,0,295,9.83
Banks,Bushville,816,513,42,468,3,513,8.24
Banks,Columbia,363,279,20,258,0,278,7.19
Banks,Davids,1977,1290,166,1107,11,1284,13.04
Banks,Golden Hill,1008,626,80,538,7,625,12.94
Banks,Grove River,600,425,33,387,4,424,7.86
Banks,Hollingsworth,667,489,53,432,3,488,10.93
Banks,Homer,1544,1073,108,957,6,1071,10.14
Banks,Poplar Springs,1775,1255,113,1121,15,1249,9.16
Banks,Washington,704,498,53,438,4,495,10.79
Banks,Wilmonts,620,429,32,394,3,429,7.51
Barrow,01 Bethlehem Community Center,3359,2336,560,1728,40,2328,24.48
Barrow,02 Bethlehem Church - 211,6784,5091,966,4033,72,5071,19.32
Barrow,03 Hmong New Hope Alliance Church ,6364,4136,943,3098,74,4115,23.34
Barrow,04 Covenant Life Sanctuary ,4012,2589,624,1904,54,2582,24.68
Barrow,05 Fire Station 1 (Statham),8336,6039,1743,4198,70,6011,29.34
Barrow,08 First Baptist Church Winder,7009,4998,1114,3784,86,4984,22.74
Barrow,13 Winder Community Center,9393,5835,2036,3664,108,5808,35.72
Barrow,16 The Church at Winder,10348,7047,2467,4395,160,7022,35.95
Bartow,Adairsville,6995,4819,908,3819,73,4800,19.21
Bartow,Allatoona,4729,2736,696,1997,31,2724,25.84
Bartow,Cartersville East,6805,4427,1527,2810,65,4402,35.21
Bartow,Cartersville West,8129,5894,1776,4030,61,5867,30.59
Bartow,Cassville,4588,3343,1019,2259,53,3331,31.09
Bartow,Center,4007,2940,568,2312,48,2928,19.72
Bartow,Emerson,3122,2039,414,1582,29,2025,20.74
Bartow,Euharlee,5322,3790,853,2859,69,3781,22.98
Bartow,Folsom,1448,1020,113,897,8,1018,11.19
Bartow,Hamilton Crossing,6598,4220,921,3228,45,4194,22.2
Bartow,Kingston,2674,1885,305,1550,27,1882,16.44
Bartow,Mission Road,4012,2816,711,2070,25,2806,25.57
Bartow,Pine Log,2132,1588,189,1369,25,1583,12.13
Bartow,Taylorsville,2829,2098,206,1861,25,2092,9.97
Bartow,White,2723,1961,275,1648,32,1955,14.3
Bartow,Woodland,1865,1287,297,961,21,1279,23.61
Bartow,Zena Drive,6431,3815,1314,2422,64,3800,35.17
Ben Hill,East,3956,2464,1182,1249,20,2451,48.62
Ben Hill,West,5898,4127,1210,2861,38,4109,29.72
Berrien,Alapaha,1140,834,206,622,5,833,24.88
Berrien,Enigma,1111,730,86,636,6,728,11.91
Berrien,Nashville,6079,4120,694,3393,25,4112,16.98
Berrien,Ray City,1946,1300,216,1062,12,1290,16.9
Berrien,West Berrien,999,782,67,706,7,780,8.67
Bibb,East Macon 1,2108,993,929,47,11,987,95.18
Bibb,East Macon 2,3932,2369,2169,157,27,2353,93.25
Bibb,East Macon 3,3494,2165,1563,570,23,2156,73.28
Bibb,East Macon 4,2280,1415,1309,95,9,1413,93.23
Bibb,East Macon 5,2552,1663,1264,379,16,1659,76.93
Bibb,Godfrey 1,6283,3360,2987,326,29,3342,90.16
Bibb,Godfrey 2,2158,905,795,98,8,901,89.03
Bibb,Godfrey 3,3292,1731,1543,175,8,1726,89.81
Bibb,Godfrey 4,2231,977,826,139,7,972,85.6
Bibb,Godfrey 5,4761,2672,2328,301,30,2659,88.55
Bibb,Hazzard 1,3377,1936,1676,232,21,1929,87.84
Bibb,Hazzard 2,4173,2865,1606,1215,34,2855,56.93
Bibb,Hazzard 3,7068,4542,3284,1201,31,4516,73.22
Bibb,Hazzard 4,4745,3789,1618,2112,37,3767,43.38
Bibb,Howard 1,3436,2759,992,1727,21,2740,36.48
Bibb,Howard 2,3394,2714,929,1734,35,2698,34.89
Bibb,Howard 3,6397,4708,2233,2397,55,4685,48.23
Bibb,Howard 4,1711,1240,625,577,22,1224,52.0
Bibb,Howard 5,2272,1473,917,535,14,1466,63.15
Bibb,Howard 6,2213,1643,736,878,18,1632,45.6
Bibb,Howard 7,2897,2325,851,1421,31,2303,37.46
Bibb,Rutland 1,5704,4388,1784,2559,28,4371,41.08
Bibb,Rutland 2,3409,2485,863,1590,26,2479,35.18
Bibb,Vineville 1,3572,2235,1509,670,37,2216,69.25
Bibb,Vineville 2,2067,1262,939,291,21,1251,76.34
Bibb,Vineville 3,3127,1779,1601,153,19,1773,91.28
Bibb,Vineville 4,4097,2361,2042,283,23,2348,87.83
Bibb,Vineville 5,2359,1772,818,913,30,1761,47.26
Bibb,Vineville 6,3021,2173,1180,937,39,2156,55.74
Bibb,Warrior 1,2617,1995,675,1300,16,1991,34.18
Bibb,Warrior 2,3232,2475,877,1573,23,2473,35.8
Bleckley,Fairground,0,5731,1311,4328,67,5706,23.25
Brantley,Hoboken,3394,2394,164,2210,17,2391,6.91
Brantley,Nahunta,4208,2816,268,2522,17,2807,9.61
Brantley,Waynesville,4286,2556,267,2259,22,2548,10.57
Brooks,Barwick,350,248,67,181,0,248,27.02
Brooks,Briggs,2317,1485,315,1148,15,1478,21.53
Brooks,Dixie,1066,765,395,363,4,762,52.11
Brooks,Morven,1962,1341,399,925,10,1334,30.14
Brooks,Nankin,735,510,86,421,2,509,16.96
Brooks,Pavo,607,439,122,314,2,438,27.98
Brooks,Quitman,4117,2340,1406,908,17,2331,60.76
Bryan,Black Creek,2995,1872,393,1442,21,1856,21.42
Bryan,Danielsiding,2291,1682,435,1213,29,1677,26.4
Bryan,Ellabell,2341,1626,302,1300,17,1619,18.85
Bryan,Hwy 144 East,5365,4015,1393,2528,71,3992,35.53
Bryan,JF Gregory Park,2885,2275,573,1654,35,2262,25.73
Bryan,Keller,4270,3290,1017,2205,43,3265,31.56
Bryan,Pembroke,2653,1731,567,1111,32,1710,33.79
Bryan,Public Safety Complex,2570,1621,635,937,41,1613,40.39
Bryan,RH Rec Complex,3264,2082,888,1137,47,2072,43.85
Bryan,Ways Station,1974,1280,536,717,21,1274,42.78
Bulloch,Bay,1610,1204,203,987,12,1202,17.06
Bulloch,Blitch,1947,1547,398,1129,12,1539,26.06
Bulloch,Brooklet,3351,2492,565,1880,35,2480,23.11
Bulloch,Church,5793,3812,1988,1737,63,3788,53.37
Bulloch,Emit,3360,2436,757,1620,49,2426,31.85
Bulloch,Fair,6335,4365,1705,2559,75,4339,39.99
Bulloch,Hagin,2403,1672,575,1079,14,1668,34.76
Bulloch,Leefield,1000,756,112,630,13,755,15.09
Bulloch,Lockhart,720,543,150,385,3,538,28.04
Bulloch,Nevils,1299,921,169,740,12,921,18.59
Bulloch,Pittman Park,5279,2813,1725,992,75,2792,63.49
Bulloch,Portal,1735,1164,309,839,10,1158,26.92
Bulloch,Register,969,641,217,411,10,638,34.55
Bulloch,Sinkhole,488,361,60,298,2,360,16.76
Bulloch,Statesboro,6312,4059,2074,1907,59,4040,52.1
Bulloch,Stilson,2137,1443,236,1193,11,1440,16.52
Burke,Alexander,389,276,113,158,1,272,41.7
Burke,Blakeney,681,407,237,165,1,403,58.96
Burke,Four Points,2558,1615,503,1086,10,1599,31.66
Burke,Girard,733,478,242,232,3,477,51.05
Burke,Gough,434,311,189,116,2,307,61.97
Burke,Greenscut,1036,688,271,412,4,687,39.68
Burke,Keysville,476,265,141,119,3,263,54.23
Burke,Midville,492,307,181,122,2,305,59.74
Burke,Munnerlyn,299,199,81,116,2,199,41.12
Burke,North Waynesboro,2949,1794,1296,482,9,1787,72.89
Burke,Sardis,1049,658,257,392,4,653,39.6
Burke,Scotts Crossroads,294,193,128,63,0,191,67.02
Burke,South Waynesboro,3290,2328,1007,1281,26,2314,44.01
Burke,St Clair,442,317,143,173,0,316,45.25
Burke,Telfair,1121,707,315,378,6,699,45.45
Burke,Vidette,313,215,105,105,2,212,50.0
Butts,Butts County Admin Bldg,17154,11827,3274,8406,91,11771,28.03
Calhoun,Arlington,684,473,348,121,2,471,74.2
Calhoun,Edison,523,310,243,64,1,308,79.15
Calhoun,Edison-Arlington,594,398,234,161,1,396,59.24
Calhoun,Leary,721,525,291,227,5,523,56.18
Calhoun,Morgan,662,498,144,350,2,496,29.15
Camden,Browntown,698,473,74,384,14,472,16.16
Camden,East Kingsland,6866,4550,1604,2825,100,4529,36.22
Camden,Harrietts Bluff,1834,1404,299,1075,25,1399,21.76
Camden,Kingsland,2274,1282,485,763,29,1277,38.86
Camden,Mush Bluff,2816,2004,639,1308,44,1991,32.82
Camden,North Kingsland,2599,1601,804,747,38,1589,51.84
Camden,North St Marys,2095,982,387,555,36,978,41.08
Camden,South St Marys,2139,1582,546,1013,21,1580,35.02
Camden,St Marys,3218,2138,845,1222,61,2128,40.88
Camden,Tarboro,979,691,192,490,7,689,28.15
Camden,Waverly,1530,1245,347,886,9,1242,28.14
Camden,West Kingsland,2782,1894,497,1355,39,1891,26.84
Camden,West St Marys,3147,2538,708,1786,33,2527,28.39
Camden,Woodbine,1973,1400,540,842,14,1396,39.07
Candler,Jack Strickland Comm Center,6300,4444,1269,3133,29,4431,28.83
Carroll,Bethany,4779,2709,1066,1585,50,2701,40.21
Carroll,Bonner,3736,2407,1035,1327,36,2398,43.82
Carroll,Bowdon,3289,2005,493,1483,19,1995,24.95
Carroll,Bowdon Junction,1547,973,227,738,6,971,23.52
Carroll,Burson Center,1466,985,337,638,9,984,34.56
Carroll,Burwell,1564,1091,188,886,11,1085,17.5
Carroll,Center Point,1775,1366,163,1188,10,1361,12.07
Carroll,Clem,3695,2760,617,2095,33,2745,22.75
Carroll,County Admin Bldg,2620,1789,739,994,42,1775,42.64
Carroll,Fairfield,3867,2969,782,2151,26,2959,26.66
Carroll,Hulett,2408,1745,309,1401,30,1740,18.07
Carroll,Kansas,1165,863,68,787,6,861,7.95
Carroll,Lakeshore Rec Center,1671,1049,440,590,15,1045,42.72
Carroll,Mt Zion,2641,1766,293,1452,15,1760,16.79
Carroll,Oak Grove,1668,1123,254,847,19,1120,23.07
Carroll,Old Camp Church,2297,1683,437,1216,24,1677,26.44
Carroll,Roopville,3200,2233,334,1865,29,2228,15.19
Carroll,Sandhill,4459,2860,765,2053,33,2851,27.15
Carroll,Tabernacle Church,1628,1148,407,708,25,1140,36.5
Carroll,Temple City,3700,2347,774,1527,32,2333,33.64
Carroll,Temple County,4354,2702,506,2154,38,2698,19.02
Carroll,Tyus,1920,1368,188,1168,9,1365,13.86
Carroll,University of W GA,2164,1297,596,667,25,1288,47.19
Carroll,V R County North,5472,3447,1030,2358,51,3439,30.4
Carroll,V R County South,2942,1932,417,1490,19,1926,21.87
Carroll,Villa Rica City,7250,4315,2140,2067,84,4291,50.87
Carroll,West Carrollton,4380,2286,1429,802,46,2277,64.05
Carroll,Whitesburg,2190,1471,204,1239,18,1461,14.14
Catoosa,Blackstock,1952,1320,208,1088,19,1315,16.05
Catoosa,Boynton,6027,4590,996,3501,70,4567,22.15
Catoosa,Catoosa Keith,2611,1906,329,1532,39,1900,17.68
Catoosa,Chambers,2552,2036,351,1641,34,2026,17.62
Catoosa,Ft Oglethorpe,4054,2740,701,1989,33,2723,26.06
Catoosa,Graysville,4501,3164,658,2439,51,3148,21.25
Catoosa,Lakeview,3572,2183,485,1654,36,2175,22.67
Catoosa,Poplar Springs,4191,3067,582,2433,43,3058,19.3
Catoosa,Ringgold,7414,5524,1327,4080,82,5489,24.54
Catoosa,Westside,5895,3942,902,2958,57,3917,23.37
Catoosa,Woodstation,2946,2284,393,1852,30,2275,17.51
Charlton,American Legion,748,595,54,535,6,595,9.17
Charlton,Folkston,2420,1585,844,711,22,1577,54.28
Charlton,Folkston Fire,767,554,60,486,8,554,10.99
Charlton,GA Bend,509,355,21,332,2,355,5.95
Charlton,Homeland,864,605,64,538,3,605,10.63
Charlton,Racepond,266,215,20,194,1,215,9.35
Charlton,St George,661,442,22,418,1,441,5.0
Charlton,Winokur,317,225,18,205,1,224,8.07
Chatham,1-01C First Presbyterian Church,3187,2594,1597,952,32,2581,62.65
Chatham,1-05C JEA Building,2106,1589,949,595,32,1576,61.46
Chatham,1-06C Central Church of Christ,2035,1601,704,854,29,1587,45.19
Chatham,1-08C Grace United Methodist Church,1667,1231,587,628,10,1225,48.31
Chatham,1-09C Immanuel Baptist Church,739,451,265,181,5,451,59.42
Chatham,1-10C St Thomas Episcopal Church,1101,949,300,626,17,943,32.4
Chatham,1-12C Isle of Hope Baptist,1909,1657,544,1080,16,1640,33.5
Chatham,1-13C The Sanctuary,1396,1022,414,589,14,1017,41.28
Chatham,1-14C Compassion Christian Church,1718,1298,488,785,19,1292,38.33
Chatham,1-16C Ferguson Ave Baptist,2905,2126,589,1497,24,2110,28.24
Chatham,1-17C Islands Christian Church,3136,2576,860,1666,35,2561,34.05
Chatham,2-02C Blackshear Community Center,1714,897,713,161,21,895,81.58
Chatham,2-03C W W Law Center,1609,850,707,115,25,847,86.01
Chatham,2-04C Fellowship of Love Church,3178,1811,1647,129,23,1799,92.74
Chatham,2-05C Holy Spirit Lutheran Church,2079,1286,1123,135,22,1280,89.27
Chatham,2-06C Eli Whitney Complex,759,407,335,65,7,407,83.75
Chatham,2-07C Christ Community Church,2808,1601,1347,220,22,1589,85.96
Chatham,2-09C Salvation Army,3342,2038,1742,256,27,2025,87.19
Chatham,2-11C Stillwell Towers,1900,1020,839,163,12,1014,83.73
Chatham,2-12C Williams Court Apts,1683,976,823,123,26,972,87.0
Chatham,3-01C Old Courthouse,458,304,176,122,4,302,59.06
Chatham,3-02C Temple Mickve Israel,1598,1145,709,410,13,1132,63.36
Chatham,3-03C Savannah High School,1185,613,537,64,8,609,89.35
Chatham,3-04C First African Baptist Church,1558,875,798,63,10,871,92.68
Chatham,3-05C Aldersgate Youth Center,2107,1212,884,300,21,1205,74.66
Chatham,3-08C Jenkins High School,1210,796,565,217,10,792,72.25
Chatham,3-09C Cokesbury Methodist,664,536,222,296,12,530,42.86
Chatham,3-10C Bible Baptist Church,2640,1616,1369,220,20,1609,86.15
Chatham,3-11C Southside Baptist Church,1481,883,707,162,12,881,81.36
Chatham,3-12C Thunderbolt Muni Complex,1678,1184,629,528,18,1175,54.36
Chatham,3-13C New Cov 7 Day Adv Ch,2303,1390,845,525,14,1384,61.68
Chatham,3-14C Oglethorpe Charter Academy,2381,1546,1186,344,6,1536,77.52
Chatham,3-15C Eli Whitney Complex,816,653,361,278,8,647,56.49
Chatham,4-02C Frank Murray Comm Center,2472,1719,647,1044,26,1717,38.26
Chatham,4-04C Lighthouse Baptist Church,2470,1865,608,1222,23,1853,33.22
Chatham,4-05C St Francis Episcopal Church,2244,1770,601,1125,36,1762,34.82
Chatham,4-06C First Baptist of the Island,2252,1798,531,1226,28,1785,30.22
Chatham,4-07C Wilmington Island UMC,3370,2516,907,1568,28,2503,36.65
Chatham,4-08C Wilmington Island Pres Church,2678,2220,669,1497,35,2201,30.89
Chatham,4-10C Guard House Comm Ctr,1469,1170,471,674,17,1162,41.14
Chatham,4-11C Tybee Island School Cafe,1640,1279,489,772,10,1271,38.78
Chatham,4-12C St Peters Episcopal,2294,2004,618,1353,16,1987,31.35
Chatham,4-13C Skidaway Island Pres Church,2469,2155,739,1375,19,2133,34.96
Chatham,4-14C Skidaway Island Baptist,1744,1527,554,948,9,1511,36.88
Chatham,4-15C Skidaway Island State Park,0,1599,572,992,11,1575,36.57
Chatham,5-01C Bartlett Middle School,1063,625,456,155,10,621,74.63
Chatham,5-02C Senior Citizens Center,783,412,350,51,10,411,87.28
Chatham,5-03C Butler Presbyterian Church,1078,581,550,22,5,577,96.15
Chatham,5-05C Liberty City Comm Ctr,2574,1668,1593,54,9,1656,96.72
Chatham,5-06C Seed Church,2598,1281,1054,197,23,1274,84.25
Chatham,5-07C Station 1,1856,1079,791,261,16,1068,75.19
Chatham,5-08C Savannah Primitive BC,1848,1141,817,304,16,1137,72.88
Chatham,5-10C Tatumville Community Center,3507,2052,1910,102,26,2038,94.93
Chatham,5-11C Largo-Tibet Elementary,3019,1762,1332,398,22,1752,76.99
Chatham,6-01C White Bluff Presbyterian,1919,1196,754,402,24,1180,65.22
Chatham,6-02C Windsor Forest Baptist,2290,1810,771,996,32,1799,43.63
Chatham,6-03C Crusader Comm Center,2736,1977,1170,772,25,1967,60.25
Chatham,6-05C Windsor Hall,1993,1269,790,436,32,1258,64.44
Chatham,6-06C The Light Church,1543,940,474,442,18,934,51.75
Chatham,6-08C Christ Memorial Baptist Church,2194,1265,912,334,16,1262,73.19
Chatham,6-09C Trinity Lutheran Church,3319,2293,1261,977,35,2273,56.34
Chatham,6-10C Station 3,4184,2999,1557,1367,60,2984,53.25
Chatham,6-11C Bamboo Farms,5149,3151,2091,994,50,3135,67.78
Chatham,7-01C Garden City Senior Ctr,1542,918,408,496,10,914,45.13
Chatham,7-03C PB Edwards Gym,1290,772,244,510,14,768,32.36
Chatham,7-04C Lake Shore Comm Ctr,3067,1937,1464,441,22,1927,76.85
Chatham,7-05C Woodlawn Baptist Church,1305,755,433,311,9,753,58.2
Chatham,7-06C Pooler City Hall,3555,2172,1087,1030,38,2155,51.35
Chatham,7-07C Rothwell Baptist Church,3932,2663,1036,1581,36,2653,39.59
Chatham,7-08C Bloomingdale Comm Ctr,2733,1777,366,1387,19,1772,20.88
Chatham,7-09C Savannah Holy C of G,2823,1719,979,705,26,1710,58.14
Chatham,7-10C Progressive Rec Center,4288,2622,1652,900,58,2610,64.73
Chatham,7-11C Seventh Day Adv Church,6469,4077,2508,1464,84,4056,63.14
Chatham,7-12C Pooler Church,3334,2356,1369,933,49,2351,59.47
Chatham,7-13C Southside Fire Trng Ctr,2513,2103,775,1289,27,2091,37.55
Chatham,7-14C Coastal Cathedral,7572,5092,3374,1629,70,5073,67.44
Chatham,7-15C Rice Creek School,2564,1554,974,546,30,1550,64.08
Chatham,7-16C Pooler Recreation Center Gymnasium,3701,2719,1231,1437,38,2706,46.14
Chatham,8-01C Civic Center,850,337,267,64,6,337,80.66
Chatham,8-02C Hellenic Center,1709,1025,827,172,19,1018,82.78
Chatham,8-03C Silk Hope Baptist Church,831,475,164,304,5,473,35.04
Chatham,8-05C W Broad St YMCA,1543,691,639,36,12,687,94.67
Chatham,8-06C Tompkins Rec Center,1055,543,509,26,7,542,95.14
Chatham,8-07C Woodville-Tompkins TI,630,341,320,17,1,338,94.96
Chatham,8-08C Resur of Our Lord Church,1704,912,867,36,7,910,96.01
Chatham,8-09C Moses Jackson Center,1362,712,672,23,11,706,96.69
Chatham,8-10C Carver Heights Comm Ctr,1784,1017,989,14,7,1010,98.6
Chatham,8-11C Butler Elementary,1386,964,938,17,6,961,98.22
Chatham,8-12C Beach High School,1310,660,526,114,12,652,82.19
Chatham,8-13C Savannah Christian,1022,419,140,268,9,417,34.31
Chatham,8-15C Garden City Rec Center,1622,828,745,78,0,823,90.52
Chatham,8-16C Royal Cinemas and IMAX,3087,2194,1151,1000,36,2187,53.51
Chattahoochee,Activity Center,0,1594,667,880,35,1582,43.12
Chattooga,Alpine,872,670,109,551,3,663,16.52
Chattooga,Cloudland,378,300,70,225,3,298,23.73
Chattooga,Coldwater,248,197,62,131,2,195,32.12
Chattooga,Dirtseller,186,132,19,113,0,132,14.39
Chattooga,Dirttown,897,722,114,598,8,720,16.01
Chattooga,Haywood,169,116,15,100,1,116,13.04
Chattooga,Lyerly,934,669,108,537,21,666,16.74
Chattooga,Pennville,588,361,51,305,3,359,14.33
Chattooga,Seminole,138,106,10,94,2,106,9.62
Chattooga,Subligna,489,385,37,348,0,385,9.61
Chattooga,Summerville,5155,3556,845,2643,49,3537,24.23
Chattooga,Teloga,593,463,46,412,2,460,10.04
Chattooga,Trion,3496,2427,368,2007,38,2413,15.49
Cherokee,Air Acres,3050,2521,943,1512,47,2502,38.41
Cherokee,Arnold Mill,4884,3991,1099,2796,72,3967,28.22
Cherokee,Avery,3592,2935,580,2302,39,2921,20.12
Cherokee,Ball Ground,4065,3099,489,2549,52,3090,16.1
Cherokee,Bascomb,4115,3209,981,2158,57,3196,31.25
Cherokee,Bells,5906,4183,1816,2262,88,4166,44.53
Cherokee,Booth,3899,3135,1009,2049,57,3115,33.0
Cherokee,Bradshaw,4491,3712,958,2674,61,3693,26.38
Cherokee,Bridgemill,5113,4194,1123,2996,52,4171,27.26
Cherokee,Canton,8213,5798,1894,3814,70,5778,33.18
Cherokee,Carmel,4581,3109,1316,1723,52,3091,43.3
Cherokee,Clayton,4906,3740,790,2864,74,3728,21.62
Cherokee,Conns Creek,895,686,64,616,6,686,9.41
Cherokee,Deer Run,3035,2386,836,1488,45,2369,35.97
Cherokee,Dixie,5733,4026,1607,2313,88,4008,40.99
Cherokee,Freehome,5790,4715,1016,3596,78,4690,22.03
Cherokee,Hickory Flat,7334,5946,1813,4012,91,5916,31.12
Cherokee,Hightower,3483,2795,438,2308,42,2788,15.95
Cherokee,Hillside,3155,2576,735,1799,31,2565,29.01
Cherokee,Holly Springs,3262,2231,579,1579,60,2218,26.83
Cherokee,Kellogg,5482,3738,1268,2380,79,3727,34.76
Cherokee,Liberty,8350,6026,1996,3870,128,5994,34.03
Cherokee,Little River,7480,6023,2310,3584,93,5987,39.19
Cherokee,Macedonia,4853,3983,889,3016,48,3953,22.77
Cherokee,Mountain Road,3078,2463,653,1755,46,2454,27.12
Cherokee,Neese,7642,5617,2179,3295,104,5578,39.81
Cherokee,Oak Grove,3749,2669,770,1847,43,2660,29.42
Cherokee,R M Moore,3468,2623,332,2237,47,2616,12.92
Cherokee,R T Jones,2525,1567,513,1021,28,1562,33.44
Cherokee,Rosecreek,3748,2968,922,1971,60,2953,31.87
Cherokee,Salacoa,727,530,69,454,5,528,13.19
Cherokee,Sixes,3101,2545,708,1787,38,2533,28.38
Cherokee,Sutallee,2540,2054,324,1696,24,2044,16.04
Cherokee,Teasley,7981,6120,1663,4326,98,6087,27.77
Cherokee,Toonigh,6641,5138,1599,3429,85,5113,31.8
Cherokee,Union Hill,4207,3468,712,2693,48,3453,20.91
Cherokee,Univeter,5434,4107,863,3167,58,4088,21.41
Cherokee,Victoria,3132,2329,599,1677,44,2320,26.32
Cherokee,Waleska,2875,2262,524,1709,20,2253,23.47
Cherokee,Wildcat,3215,2417,613,1756,40,2409,25.88
Cherokee,Woodlands,3456,2696,1078,1553,53,2684,40.97
Cherokee,Woodstock,7345,5209,2124,2954,98,5176,41.83
Clarke,1A,3017,1959,1202,714,28,1944,62.73
Clarke,1B,3645,2549,1689,807,38,2534,67.67
Clarke,1C,2242,1854,1244,561,32,1837,68.92
Clarke,1D,2830,2328,1464,811,33,2308,64.35
Clarke,2A,4341,2368,1864,460,31,2355,80.21
Clarke,2B,5136,2717,2334,327,36,2697,87.71
Clarke,3A,2938,1525,1309,178,23,1510,88.03
Clarke,3B,4122,2320,1842,430,36,2308,81.07
Clarke,4A,2072,1333,967,319,29,1315,75.19
Clarke,4B,4096,2794,1972,735,60,2767,72.85
Clarke,5A,3007,2378,1654,665,33,2352,71.32
Clarke,5B,3030,2181,1538,600,25,2163,71.94
Clarke,5C,2053,1616,1422,157,19,1598,90.06
Clarke,5D,3087,1904,1427,430,36,1893,76.84
Clarke,6A,3780,2721,1453,1211,40,2704,54.54
Clarke,6B,3865,2752,1760,921,47,2728,65.65
Clarke,6C,3129,2310,1367,882,43,2292,60.78
Clarke,6D,1701,1319,979,311,19,1309,75.89
Clarke,7A,2968,2199,1374,782,29,2185,63.73
Clarke,7B,3166,2239,1397,773,47,2217,64.38
Clarke,7C,2733,2078,1344,665,42,2051,66.9
Clarke,8A,3319,2202,1543,601,43,2187,71.97
Clarke,8B,2317,1576,1098,431,20,1549,71.81
Clarke,8C,3910,2551,1805,675,50,2530,72.78
Clay,Bluffton,383,272,91,173,4,268,34.47
Clay,Court House,390,254,199,53,0,252,78.97
Clay,Days Cross Road,461,350,150,200,0,350,42.86
Clay,Old Head Start,453,312,179,130,1,310,57.93
Clay,Zetto,366,256,171,81,2,254,67.86
Clayton,Ellenwood 1,3020,2184,2038,120,14,2172,94.44
Clayton,Ellenwood 2,3273,2335,2135,168,21,2324,92.71
Clayton,Forest Park 1,3566,1583,1227,314,24,1565,79.62
Clayton,Forest Park 2,2821,1487,1195,271,18,1484,81.51
Clayton,Forest Park 3,2845,1368,1069,275,14,1358,79.54
Clayton,Forest Park 4,1783,1023,655,347,16,1018,65.37
Clayton,Forest Park 5,3924,1914,1507,383,13,1903,79.74
Clayton,Forest Park 6,1463,841,519,303,9,831,63.14
Clayton,Jonesboro 1,3244,1996,1793,169,24,1986,91.39
Clayton,Jonesboro 10,3398,1635,1397,209,24,1630,86.99
Clayton,Jonesboro 11,3863,2621,2059,524,21,2604,79.71
Clayton,Jonesboro 12,3067,1738,1575,142,14,1731,91.73
Clayton,Jonesboro 13,2140,1452,1219,216,9,1444,84.95
Clayton,Jonesboro 14,4116,3016,2149,829,29,3007,72.16
Clayton,Jonesboro 15,2872,1322,1154,144,16,1314,88.91
Clayton,Jonesboro 16,2560,1366,1133,203,21,1357,84.81
Clayton,Jonesboro 17,3359,1730,1560,150,14,1724,91.23
Clayton,Jonesboro 18,3301,1900,1621,253,12,1886,86.5
Clayton,Jonesboro 19,3299,1897,1678,181,23,1882,90.26
Clayton,Jonesboro 2,4345,2587,2385,155,25,2565,93.9
Clayton,Jonesboro 3,4107,2671,2178,460,16,2654,82.56
Clayton,Jonesboro 4,2574,1202,974,208,15,1197,82.4
Clayton,Jonesboro 5,2064,1348,1023,306,13,1342,76.98
Clayton,Jonesboro 6,2574,2014,1101,874,23,1998,55.75
Clayton,Jonesboro 7,3174,2026,1618,379,17,2014,81.02
Clayton,Jonesboro 8,3947,1963,1761,178,14,1953,90.82
Clayton,Jonesboro 9,1759,795,622,154,12,788,80.15
Clayton,Lake City,3217,1715,1443,248,13,1704,85.33
Clayton,Lovejoy 1,4061,2643,2249,352,24,2625,86.47
Clayton,Lovejoy 2,3611,2065,1771,266,19,2056,86.94
Clayton,Lovejoy 3,1666,1283,1064,196,9,1269,84.44
Clayton,Lovejoy 4,4149,2714,2429,253,28,2710,90.57
Clayton,Lovejoy 5,3451,2002,1800,179,11,1990,90.96
Clayton,Lovejoy 6,3708,2362,2087,249,18,2354,89.34
Clayton,Lovejoy 7,2779,1471,1201,255,11,1467,82.49
Clayton,Morrow 1,3328,1703,1478,202,17,1697,87.98
Clayton,Morrow 10,2342,1446,1183,247,12,1442,82.73
Clayton,Morrow 11,2295,1364,1179,167,11,1357,87.59
Clayton,Morrow 2,2081,1286,789,468,10,1267,62.77
Clayton,Morrow 3,2407,1475,1064,390,15,1469,73.18
Clayton,Morrow 4,2112,1172,892,260,14,1166,77.43
Clayton,Morrow 5,3056,2184,1906,241,23,2170,88.78
Clayton,Morrow 6,3030,1952,1597,335,15,1947,82.66
Clayton,Morrow 7,2142,1168,928,218,16,1162,80.98
Clayton,Morrow 8,3185,2099,1888,173,24,2085,91.61
Clayton,Morrow 9,1509,875,718,139,13,870,83.78
Clayton,Oak 1,2635,1430,1332,76,14,1422,94.6
Clayton,Oak 2,1974,972,885,78,9,972,91.9
Clayton,Oak 3,2731,1456,1364,65,12,1441,95.45
Clayton,Oak 4,4233,2198,2031,137,16,2184,93.68
Clayton,Oak 5,1795,719,657,53,5,715,92.54
Clayton,Panhandle 1,2895,2075,1817,228,17,2062,88.85
Clayton,Panhandle 2,3382,2377,1852,490,19,2361,79.08
Clayton,Riverdale 1,2330,1581,1440,124,9,1573,92.07
Clayton,Riverdale 10,3176,1403,1321,59,14,1394,95.72
Clayton,Riverdale 11,1881,1193,1101,71,10,1182,93.94
Clayton,Riverdale 12,3065,1905,1694,175,21,1890,90.64
Clayton,Riverdale 2,3431,1927,1772,124,20,1916,93.46
Clayton,Riverdale 3,3650,2211,2033,145,19,2197,93.34
Clayton,Riverdale 4,4362,2316,2058,225,22,2305,90.14
Clayton,Riverdale 5,2970,1743,1552,163,16,1731,90.5
Clayton,Riverdale 6,3661,1623,1357,235,22,1614,85.24
Clayton,Riverdale 7,3020,1357,1122,213,17,1352,84.04
Clayton,Riverdale 8,2895,1944,1722,205,12,1939,89.36
Clayton,Riverdale 9,2653,1562,1355,194,7,1556,87.48
Clinch,Arabia,108,81,12,68,1,81,15.0
Clinch,Argyle,367,262,39,220,0,259,15.06
Clinch,Dupont,338,240,54,184,0,238,22.69
Clinch,Fargo,270,192,22,169,1,192,11.52
Clinch,Homerville,3262,2101,620,1464,10,2094,29.75
Cobb,Acworth 1A,5458,4030,2037,1919,48,4004,51.49
Cobb,Acworth 1B,5214,3700,1682,1941,55,3678,46.43
Cobb,Acworth 1C,5110,3497,2249,1183,59,3491,65.53
Cobb,Addison 01,2444,1968,990,930,36,1956,51.56
Cobb,Austell 1A,5329,3346,2683,638,17,3338,80.79
Cobb,Baker 01,4773,3385,1984,1319,65,3368,60.07
Cobb,Bells Ferry 02,3127,2328,1127,1127,51,2305,50.0
Cobb,Bells Ferry 03,2436,1696,871,768,42,1681,53.14
Cobb,Bells Ferry 04,3646,2710,1180,1446,67,2693,44.94
Cobb,Big Shanty 01,2385,1619,747,827,30,1604,47.46
Cobb,Big Shanty 02,3236,2509,1229,1231,38,2498,49.96
Cobb,Birney 01,2727,1830,1152,641,28,1821,64.25
Cobb,Birney 02,3894,2949,1970,929,27,2926,67.95
Cobb,Blackwell 01,2698,2077,1113,908,42,2063,55.07
Cobb,Bryant 01,2142,1494,1377,101,10,1488,93.17
Cobb,Bryant 02,6209,3110,2816,244,31,3091,92.03
Cobb,Chalker 01,6065,3907,2467,1349,67,3883,64.65
Cobb,Chattahoochee 01,5969,3960,2860,986,77,3923,74.36
Cobb,Cheatham Hill 02,3085,2534,1062,1408,45,2515,43.0
Cobb,Cheatham Hill 03,4029,3329,1645,1599,50,3294,50.71
Cobb,Chestnut Ridge 01,3162,2722,1215,1446,40,2701,45.66
Cobb,Clarkdale 01,1937,1264,764,478,16,1258,61.51
Cobb,Clarkdale 02,5372,3686,2596,1030,41,3667,71.59
Cobb,Cooper 01,5252,3352,2611,694,28,3333,79.0
Cobb,Davis 01,2093,1713,807,857,40,1704,48.5
Cobb,Dickerson 01,2828,2419,1149,1209,34,2392,48.73
Cobb,Dobbins 01,3024,1441,1043,366,26,1435,74.02
Cobb,Dobbins 02,3984,2465,1796,611,43,2450,74.62
Cobb,Dodgen 01,2100,1789,810,921,41,1772,46.79
Cobb,Dowell 01,3197,2530,1385,1071,54,2510,56.39
Cobb,Durham 01,4256,3533,1179,2283,53,3515,34.06
Cobb,East Piedmont 01,2627,1900,1077,782,27,1886,57.93
Cobb,Eastside 01,3040,2594,1200,1335,34,2569,47.34
Cobb,Eastside 02,4074,3401,1601,1698,73,3372,48.53
Cobb,Elizabeth 01,4065,2501,1721,722,38,2481,70.45
Cobb,Elizabeth 02,2434,1923,864,1022,26,1912,45.81
Cobb,Elizabeth 03,2767,2291,1014,1226,40,2280,45.27
Cobb,Elizabeth 04,3011,2088,1317,715,37,2069,64.81
Cobb,Elizabeth 05,2884,2321,1168,1103,32,2303,51.43
Cobb,Fair Oaks 02,5779,3560,2551,956,32,3539,72.74
Cobb,Fair Oaks 04,5322,2744,1825,856,38,2719,68.07
Cobb,Ford 01,3161,2584,866,1664,34,2564,34.23
Cobb,Frey 01,2582,2055,732,1287,26,2045,36.26
Cobb,Fullers Park 01,3452,2879,1374,1436,38,2848,48.9
Cobb,Garrison Mill 01,2872,2367,1105,1211,37,2353,47.71
Cobb,Gritters 01,4033,3033,1359,1578,73,3010,46.27
Cobb,Harmony-Leland 01,6394,4595,3817,705,44,4566,84.41
Cobb,Harrison 01,3122,2545,816,1665,47,2528,32.89
Cobb,Hayes 01,4111,3296,1216,2014,49,3279,37.65
Cobb,Hightower 01,4262,3600,1640,1858,78,3576,46.88
Cobb,Kell 01,2006,1592,690,853,44,1587,44.72
Cobb,Kemp 01,1960,1611,546,1023,28,1597,34.8
Cobb,Kemp 02,4049,3267,1429,1765,58,3252,44.74
Cobb,Kemp 03,3955,3273,1005,2187,55,3247,31.48
Cobb,Kennesaw 1A,2499,1679,876,750,42,1668,53.87
Cobb,Kennesaw 2A,3944,2768,1379,1329,44,2752,50.92
Cobb,Kennesaw 3A,6477,4331,2665,1554,86,4305,63.17
Cobb,Kennesaw 4A,3783,2717,1396,1251,52,2699,52.74
Cobb,Kennesaw 5A,5855,4532,2509,1936,63,4508,56.45
Cobb,Lassiter 01,3647,3021,1316,1613,68,2997,44.93
Cobb,Lindley 01,4797,3788,2942,769,58,3769,79.28
Cobb,Lost Mountain 01,3604,3035,1259,1711,40,3010,42.39
Cobb,Lost Mountain 02,4121,3597,1227,2305,48,3580,34.74
Cobb,Lost Mountain 03,5387,4408,1735,2588,67,4390,40.13
Cobb,Lost Mountain 04,2629,2150,794,1313,27,2134,37.68
Cobb,Mableton 01,5127,3622,2498,1045,51,3594,70.51
Cobb,Mableton 02,3330,1983,1416,534,19,1969,72.62
Cobb,Mableton 03,3010,2186,1247,890,30,2167,58.35
Cobb,Mableton 04,1581,1289,710,549,23,1282,56.39
Cobb,Mabry 01,1656,1412,538,833,26,1397,39.24
Cobb,Macland 01,4213,2984,2183,759,30,2972,74.2
Cobb,Marietta 1A,4468,2413,1624,706,57,2387,69.7
Cobb,Marietta 2A,2059,1756,755,943,39,1737,44.46
Cobb,Marietta 2B,4447,3146,1921,1145,57,3123,62.65
Cobb,Marietta 3A,4388,3272,1735,1455,55,3245,54.39
Cobb,Marietta 3B,2218,1379,1119,241,8,1368,82.28
Cobb,Marietta 4A,1956,1711,568,1080,39,1687,34.47
Cobb,Marietta 4B,2056,1565,831,683,35,1549,54.89
Cobb,Marietta 4C,2781,2297,950,1294,34,2278,42.34
Cobb,Marietta 5A,3324,2110,1479,589,34,2102,71.52
Cobb,Marietta 5B,3084,1669,1240,385,29,1654,76.31
Cobb,Marietta 6A,2647,1580,1184,374,17,1575,75.99
Cobb,Marietta 6B,2910,2325,1283,970,51,2304,56.95
Cobb,Marietta 7A,3745,1860,1461,359,32,1852,80.27
Cobb,Mars Hill 01,3633,2785,743,1983,47,2773,27.26
Cobb,Mars Hill 02,2916,2133,943,1119,59,2121,45.73
Cobb,McCleskey 01,1736,1459,609,810,28,1447,42.92
Cobb,McClure 01,3290,2640,991,1593,51,2635,38.35
Cobb,McEachern 01,3549,2720,1636,1053,18,2707,60.84
Cobb,Mt Bethel 01,4125,3488,1626,1760,64,3450,48.02
Cobb,Mt Bethel 03,3294,2701,1344,1299,38,2681,50.85
Cobb,Mt Bethel 04,2981,2468,1094,1305,42,2441,45.6
Cobb,Murdock 01,4059,3414,1598,1722,62,3382,48.13
Cobb,Nicholson 01,2455,1867,843,969,44,1856,46.52
Cobb,Nickajack 01,4889,3552,2706,781,43,3530,77.6
Cobb,North Cobb 01,2317,1704,864,796,34,1694,52.05
Cobb,Norton Park 01,4922,3225,1980,1142,75,3197,63.42
Cobb,Oakdale 01,3944,3091,1891,1130,43,3064,62.6
Cobb,Oregon 01,1614,1365,567,767,19,1353,42.5
Cobb,Oregon 02,5671,3880,2812,989,56,3857,73.98
Cobb,Oregon 03,5713,3210,2274,868,48,3190,72.37
Cobb,Oregon 04,4673,3269,2325,895,30,3250,72.2
Cobb,Oregon 05,3846,3111,1835,1217,38,3090,60.12
Cobb,Palmer 01,2760,2061,859,1138,57,2054,43.01
Cobb,Pebblebrook 01,5218,3361,2673,629,38,3340,80.95
Cobb,Pine Mountain 01,3491,2879,1041,1779,41,2861,36.91
Cobb,Pine Mountain 02,3127,2660,859,1750,29,2638,32.92
Cobb,Pitner 01,2814,2144,966,1111,51,2128,46.51
Cobb,Pope 01,3153,2596,1173,1349,53,2575,46.51
Cobb,Post Oak 01,3660,3030,1289,1680,47,3016,43.42
Cobb,Powders Springs 1A,4755,3657,2592,987,45,3624,72.42
Cobb,Powders Springs 2A,3536,2322,1806,463,36,2305,79.59
Cobb,Powders Springs 3A,3991,2750,1972,731,33,2736,72.96
Cobb,Powers Ferry 01,3504,2582,1287,1213,62,2562,51.48
Cobb,Riverside 01,2133,1137,997,119,14,1130,89.34
Cobb,Rocky Mount 01,3390,2742,1234,1441,46,2721,46.13
Cobb,Roswell 01,5374,4622,2141,2387,61,4589,47.28
Cobb,Roswell 02,3701,3147,1518,1545,54,3117,49.56
Cobb,Sandy Plains 01,2933,2383,1192,1117,53,2362,51.62
Cobb,Sewell Mill 01,3493,2872,1481,1334,36,2851,52.61
Cobb,Sewell Mill 03,4759,3198,1859,1249,58,3166,59.81
Cobb,Shallowford Falls 01,3387,2866,1294,1487,55,2836,46.53
Cobb,Simpson 01,1868,1529,756,738,22,1516,50.6
Cobb,Smyrna 1A,4152,2539,1931,554,37,2522,77.71
Cobb,Smyrna 2A,5539,3737,2791,849,67,3707,76.68
Cobb,Smyrna 3A,4573,3227,2208,925,63,3196,70.48
Cobb,Smyrna 3B,2496,1964,1166,750,38,1954,60.86
Cobb,Smyrna 4A,5842,4806,2815,1853,93,4761,60.3
Cobb,Smyrna 5A,4319,2894,2006,811,56,2873,71.21
Cobb,Smyrna 6A,5936,4647,2808,1706,95,4609,62.21
Cobb,Smyrna 7A,6378,5267,3785,1367,73,5225,73.47
Cobb,Sope Creek 01,2163,1855,835,970,37,1842,46.26
Cobb,Sope Creek 02,4729,3702,1963,1632,68,3663,54.6
Cobb,Sope Creek 03,2886,2335,1089,1213,21,2323,47.31
Cobb,Sweetwater 01,3235,2352,1439,867,40,2346,62.4
Cobb,Sweetwater 02,3367,2002,1517,444,28,1989,77.36
Cobb,Terrell Mill 01,5816,3604,2477,1030,62,3569,70.63
Cobb,Timber Ridge 01,2448,2091,1016,1025,34,2075,49.78
Cobb,Vaughan 01,3146,2579,877,1630,59,2566,34.98
Cobb,Vinings 01,3260,2362,1598,700,40,2338,69.54
Cobb,Vinings 02,6400,4506,2962,1441,74,4477,67.27
Cobb,Vinings 03,4407,3298,2236,1002,32,3270,69.05
Cobb,Vinings 04,3405,2692,1350,1296,29,2675,51.02
Cobb,Wade Green 02,4718,3559,1859,1605,70,3534,53.67
Cobb,Willeo 01,2836,2416,1079,1270,45,2394,45.93
Coffee,Ambrose,2053,1380,264,1104,6,1374,19.3
Coffee,Bridgetown,344,254,60,190,3,253,24.0
Coffee,Broxton,2398,1600,378,1200,11,1589,23.95
Coffee,Douglas,17243,10128,3485,6510,91,10086,34.87
Coffee,Nicholls,2115,1263,288,963,10,1261,23.02
Coffee,West Green,961,652,36,611,4,651,5.56
Colquitt,Autreyville,1512,957,202,746,8,956,21.31
Colquitt,Bridgecreek,1191,903,99,795,2,896,11.07
Colquitt,Crosland,289,189,51,137,0,188,27.13
Colquitt,Doerun,619,440,140,294,3,437,32.26
Colquitt,Funston,1030,732,107,613,10,730,14.86
Colquitt,Hamilton,784,571,55,512,4,571,9.7
Colquitt,Hartsfield,408,320,27,291,2,320,8.49
Colquitt,Hopewell,1670,1175,187,971,14,1172,16.15
Colquitt,Lee,1094,671,108,558,3,669,16.22
Colquitt,Millcreek,422,311,27,281,2,310,8.77
Colquitt,Monk,1555,1067,170,888,6,1064,16.07
Colquitt,Moultrie,4809,3013,1169,1799,28,2996,39.39
Colquitt,Murphy,973,778,96,676,6,778,12.44
Colquitt,Norman Park,2586,1616,372,1226,15,1613,23.28
Colquitt,Robinson,860,579,93,480,3,576,16.23
Colquitt,Shaw,3487,1600,1152,429,9,1590,72.87
Colquitt,Thigpen,251,176,17,159,0,176,9.66
Colquitt,Tyty,543,363,31,328,3,362,8.64
Colquitt,Warrior,971,680,84,594,1,679,12.39
Columbia,Abilene Baptist,2046,1448,464,963,17,1444,32.52
Columbia,Augusta Christian,2179,1640,605,1003,24,1632,37.62
Columbia,Belair Baptist Church,2440,1830,677,1109,36,1822,37.91
Columbia,Bessie Thomas Center,799,629,88,531,10,629,14.22
Columbia,Blanchard Park,2026,1421,596,796,19,1411,42.82
Columbia,Blue Ridge Elementary,2301,1680,618,1018,31,1667,37.78
Columbia,Christ Church Presbyterian,2081,1678,499,1138,28,1665,30.48
Columbia,Christ Sanctified,2521,1876,570,1268,31,1869,31.01
Columbia,Christ The King Luth Church,2148,1771,565,1186,15,1766,32.27
Columbia,Church of Our Savior,2310,1666,649,984,25,1658,39.74
Columbia,Col Cty Bd of Edu,2143,1661,570,1068,16,1654,34.8
Columbia,Col Cty Main Library,2106,1580,559,1003,14,1576,35.79
Columbia,Damascus Baptist Church,1023,828,99,720,5,824,12.09
Columbia,Eubank-Blanchard Center,1576,1236,277,947,11,1235,22.63
Columbia,G A Apostolic Church,1701,1233,471,737,21,1229,38.99
Columbia,Genesis Church,1830,1443,478,937,22,1437,33.78
Columbia,Gold Cross EMS,1889,1412,378,1007,19,1404,27.29
Columbia,Gospel Water Branch,2096,1697,654,1012,18,1684,39.26
Columbia,Grace Baptist Church,3558,2756,1171,1526,50,2747,43.42
Columbia,Greenbrier High,3369,2731,793,1871,46,2710,29.77
Columbia,Grove First Baptist Church,2954,1987,1163,782,35,1980,59.79
Columbia,Grovetown Methodist Church,2736,1688,1051,607,28,1686,63.39
Columbia,Grovetown Public Safety Station 2,3696,2522,1423,1021,63,2507,58.22
Columbia,Harlem Branch Library,2642,1902,460,1405,28,1893,24.66
Columbia,Harlem Senior Center,1819,1393,540,827,24,1391,39.5
Columbia,Journey Comm Church,1268,1069,238,808,15,1061,22.75
Columbia,Kiokee Baptist Church,2541,2107,295,1782,23,2100,14.2
Columbia,Lakeside Middle,1923,1384,512,825,35,1372,38.29
Columbia,Lewis Methodist Church,3737,2910,1116,1721,57,2894,39.34
Columbia,Liberty Park-Grovetown,3410,2260,1149,1064,39,2252,51.92
Columbia,Martinez Baptist,1962,1329,528,767,28,1323,40.77
Columbia,Marvin Methodist,1937,1396,532,832,27,1391,39.0
Columbia,Mtz Col Fire Hdqtr,1291,851,321,507,19,847,38.77
Columbia,New Life Church,4438,3225,1692,1433,85,3210,54.14
Columbia,Parkway Baptist Church,4596,3671,1269,2324,60,3653,35.32
Columbia,Patriots Park,4046,3075,1148,1834,71,3053,38.5
Columbia,Philadelphia Church,2355,1735,739,935,55,1729,44.15
Columbia,Riverview Church,1320,1084,378,683,17,1078,35.63
Columbia,Savannah Rapids Pavilion,1549,1400,380,998,12,1390,27.58
Columbia,Second Mt Carmel Baptist Church,731,560,284,268,4,556,51.45
Columbia,Second Mt Moriah Baptist Church,1027,801,159,623,17,799,20.33
Columbia,Stevens Creek Church,2760,2323,736,1543,25,2304,32.29
Columbia,Trinity Baptist Church,2836,2093,573,1483,28,2084,27.87
Columbia,Wesley Methodist,2434,1921,578,1304,29,1911,30.71
Columbia,West Acres Baptist,2424,1832,570,1232,20,1822,31.63
Columbia,Westside Baptist Church,1516,1221,346,855,17,1218,28.81
Columbia,Woodlawn Baptist Church,1290,1018,275,726,11,1012,27.47
Cook,Cecil,1899,1175,514,637,15,1166,44.66
Cook,Delle Beamguard,2446,1678,404,1249,19,1672,24.44
Cook,Elm Pine,531,282,260,17,5,282,93.86
Cook,Lenox,1275,893,180,702,8,890,20.41
Cook,Massee,919,645,119,521,5,645,18.59
Cook,New Life Baptist Church,1233,888,113,761,11,885,12.93
Cook,Riverbend,1280,935,127,799,7,933,13.71
Cook,Sparks,1049,562,342,214,6,562,61.51
Coweta,Cannongate,3653,2955,689,2188,58,2935,23.95
Coweta,Cedar Creek,5330,4353,1025,3258,51,4334,23.93
Coweta,Central,4395,2485,1559,868,44,2471,64.24
Coweta,Coweta Central Library,1723,1390,327,1038,17,1382,23.96
Coweta,Dresden,839,643,119,513,8,640,18.83
Coweta,Expo Center,1974,1545,478,1028,26,1532,31.74
Coweta,Fischer Road,4328,3446,951,2423,46,3420,28.19
Coweta,Grantville,2572,1776,524,1219,25,1768,30.06
Coweta,Greentop,2846,2061,795,1227,29,2051,39.32
Coweta,Haralson,2339,1814,322,1465,26,1813,18.02
Coweta,Madras,4462,3575,1225,2282,53,3560,34.93
Coweta,Moreland,2758,2216,420,1768,21,2209,19.2
Coweta,Newnan,3478,2205,1317,846,25,2188,60.89
Coweta,Newnan Centre,20465,15209,6428,8479,227,15134,43.12
Coweta,Northside,2285,1772,602,1119,34,1755,34.98
Coweta,Panther Creek,3028,2189,516,1644,25,2185,23.89
Coweta,Pine Road,2095,1559,263,1276,16,1555,17.09
Coweta,Raymond,2492,1941,394,1524,15,1933,20.54
Coweta,Senoia,5838,4686,1183,3423,62,4668,25.68
Coweta,Sharpsburg,4526,3580,713,2795,52,3560,20.32
Coweta,Smokey Road,2559,1744,769,949,20,1738,44.76
Coweta,Thomas Crossroads,4962,3915,904,2945,49,3898,23.49
Coweta,Turin,4477,3648,764,2807,50,3621,21.39
Coweta,Welcome,3212,2378,494,1849,32,2375,21.08
Coweta,Westside,838,543,343,189,7,539,64.47
Coweta,White Oak,4636,3554,1086,2379,70,3535,31.34
Crawford,District 1A,516,332,138,190,2,330,42.07
Crawford,District 1B,1025,727,411,308,3,722,57.16
Crawford,District 2,1659,1244,535,691,14,1240,43.64
Crawford,District 3,1738,1249,184,1043,16,1243,15.0
Crawford,District 4,1805,1303,161,1125,11,1297,12.52
Crawford,District 5,1769,1273,186,1071,13,1270,14.8
Crisp,Arabi,785,573,112,459,1,572,19.61
Crisp,Coney,859,718,88,624,3,715,12.36
Crisp,Cordele,8897,5223,2649,2488,56,5193,51.57
Crisp,Jamestown,1196,949,108,832,3,943,11.49
Crisp,Listonia,817,616,29,584,3,616,4.73
Dade,Davis,2012,1344,108,1216,15,1339,8.16
Dade,New Home,711,481,60,414,6,480,12.66
Dade,New Salem,1255,942,198,729,11,938,21.36
Dade,North Dade,1903,1254,283,946,18,1247,23.03
Dade,South Dade,969,665,121,533,8,662,18.5
Dade,Trenton,3573,1935,300,1599,29,1928,15.8
Dade,West Brow,1237,858,191,629,20,840,23.29
Dawson,Central,9891,7158,849,6203,80,7132,12.04
Dawson,East,8915,6812,1133,5561,93,6787,16.93
Dawson,West,2723,2176,504,1634,24,2162,23.57
DeKalb,Allgood Elem,2858,1948,1718,201,12,1931,89.53
DeKalb,Ashford Dunwoody Rd,2966,2520,1469,987,37,2493,59.81
DeKalb,Ashford Park Elem,2432,2024,1075,890,39,2004,54.71
DeKalb,Ashford Parkside,3664,2826,1715,1048,33,2796,62.07
DeKalb,Austin,2538,2230,1077,1104,31,2212,49.38
DeKalb,Austin Drive,2536,1411,1280,97,21,1398,92.96
DeKalb,Avondale,2906,2562,1970,538,41,2549,78.55
DeKalb,Avondale High,3151,2523,2197,278,37,2512,88.77
DeKalb,Bethune Middle,4838,2870,2698,138,17,2853,95.13
DeKalb,Bouldercrest Road,2004,1362,1289,57,8,1354,95.77
DeKalb,Boulevard,4675,3657,3341,256,44,3641,92.88
DeKalb,Briar Vista Elem,2965,2274,1784,447,33,2264,79.96
DeKalb,Briarcliff,3122,2377,1573,745,30,2348,67.86
DeKalb,Briarlake Elem,1752,1507,994,476,24,1494,67.62
DeKalb,Briarwood,2428,1820,1160,615,30,1805,65.35
DeKalb,Brockett,2681,1966,1361,565,30,1956,70.66
DeKalb,Brockett Elem,2752,1984,1387,549,28,1964,71.64
DeKalb,Brookhaven,3444,2814,1631,1112,50,2793,59.46
DeKalb,Browns Mill Elem,3829,2797,2660,107,17,2784,96.13
DeKalb,Burgess Elem,3493,2653,2432,180,24,2636,93.11
DeKalb,Canby Lane Elem,2004,1279,1191,64,14,1269,94.9
DeKalb,Candler,3537,2017,1845,136,21,2002,93.13
DeKalb,Candler Park,4018,3483,3123,300,39,3462,91.24
DeKalb,Candler-Murphey Candler Elem,3712,2531,2320,181,17,2518,92.76
DeKalb,Cedar Grove Elem,4097,2678,2532,96,34,2662,96.35
DeKalb,Cedar Grove Middle,1896,948,884,51,5,940,94.55
DeKalb,Cedar Grove South,3962,2739,2586,105,29,2720,96.1
DeKalb,Chamblee,2231,1665,1124,495,33,1652,69.43
DeKalb,Chamblee 2,3137,2542,1652,831,37,2520,66.53
DeKalb,Chapel Hill Elem,3349,2281,2161,79,20,2260,96.47
DeKalb,Chesnut Elem,2363,1708,1262,420,16,1698,75.03
DeKalb,Clairemont East,3226,2753,2370,332,36,2738,87.71
DeKalb,Clairemont West,3264,2816,2404,363,28,2795,86.88
DeKalb,Clairmont Road,3223,2403,1918,455,20,2393,80.83
DeKalb,Clarkston,3878,1993,1750,195,25,1970,89.97
DeKalb,Clarkston Community Center,2495,1443,1202,213,15,1430,84.95
DeKalb,Clifton,1731,1059,1000,48,7,1055,95.42
DeKalb,Coan Recreation Center,4230,2996,2680,236,47,2963,91.91
DeKalb,Columbia Drive,2526,1362,1280,61,10,1351,95.45
DeKalb,Columbia Elem,1794,773,730,28,7,765,96.31
DeKalb,Columbia Middle,2178,1169,1102,57,5,1164,95.08
DeKalb,Coralwood,3153,2719,1961,699,39,2699,73.72
DeKalb,Covington,2376,1336,1157,143,25,1325,89.0
DeKalb,Covington Hwy,995,238,220,12,4,236,94.83
DeKalb,Cross Keys High,2260,1633,1107,479,41,1627,69.8
DeKalb,Crossroads,2898,1857,1738,91,17,1846,95.02
DeKalb,Decatur,1937,1639,1480,137,12,1629,91.53
DeKalb,Doraville North,3065,1908,1398,473,25,1896,74.72
DeKalb,Doraville South,1255,847,589,240,12,841,71.05
DeKalb,Dresden Elem,5141,3403,2466,866,50,3382,74.01
DeKalb,Druid Hills High,2725,1749,1431,285,18,1734,83.39
DeKalb,Dunaire Elem,2268,1416,1215,178,11,1404,87.22
DeKalb,Dunwoody,3003,2248,1497,705,31,2233,67.98
DeKalb,Dunwoody 2,2044,1777,936,794,27,1757,54.1
DeKalb,Dunwoody Library,2570,2248,1129,1071,26,2226,51.32
DeKalb,East Lake,4139,3024,2679,260,54,2993,91.15
DeKalb,Embry Hills,1721,1389,917,434,26,1377,67.88
DeKalb,Emory Road,2290,1364,1206,148,5,1359,89.07
DeKalb,Emory South,3241,2525,2031,436,42,2509,82.33
DeKalb,Evansdale Elem,3441,2546,1723,759,40,2522,69.42
DeKalb,Fairington Elem,5455,2834,2692,103,20,2815,96.31
DeKalb,Fernbank Elem,2125,1896,1523,340,26,1889,81.75
DeKalb,Flakes Mill Fire Station,2103,1385,1292,71,11,1374,94.79
DeKalb,Flat Rock Elem,3142,2225,2098,95,15,2208,95.67
DeKalb,Flat Shoals,2649,1375,1300,56,8,1364,95.87
DeKalb,Flat Shoals Elem,2409,1335,1276,45,9,1330,96.59
DeKalb,Flat Shoals Library,2788,1469,1391,55,16,1462,96.2
DeKalb,Flat Shoals Parkway,3449,2394,2283,77,20,2380,96.74
DeKalb,Freedom Middle,3227,1901,1683,193,13,1889,89.71
DeKalb,Georgetown Sq,4155,2898,1939,893,45,2877,68.47
DeKalb,Glenhaven,1880,1147,999,123,12,1134,89.04
DeKalb,Glennwood,2715,2032,1764,227,28,2019,88.6
DeKalb,Glenwood Road,2293,1245,1122,101,14,1237,91.74
DeKalb,Gresham Road,3601,2335,2181,115,28,2324,94.99
DeKalb,Hambrick Elem,3776,2358,1947,374,22,2343,83.89
DeKalb,Harris-Margaret Harris ED,1462,1084,896,168,15,1079,84.21
DeKalb,Harris-Narvie J Harris Elem,4031,2676,2537,91,26,2654,96.54
DeKalb,Hawthorne Elem,3884,2714,2034,624,40,2698,76.52
DeKalb,Henderson Mill,3104,2409,1671,687,41,2399,70.87
DeKalb,Hugh Howell,1773,1460,910,516,27,1453,63.81
DeKalb,Huntley Hills Elem,3508,2483,1819,595,49,2463,75.35
DeKalb,Idlewood Elem,2472,1668,1307,332,13,1652,79.74
DeKalb,Indian Creek,2318,1255,1005,215,21,1241,82.38
DeKalb,Johnson Estates,1600,1416,1122,269,22,1413,80.66
DeKalb,Jolly Elem,3679,2216,1753,427,22,2202,80.41
DeKalb,Kelley Chapel Road,1337,954,897,41,5,943,95.63
DeKalb,Kelley Lake Elem,3015,1737,1627,78,17,1722,95.43
DeKalb,Kingsley Elem,2490,2155,1043,1067,26,2136,49.43
DeKalb,Kittredge Elem,2161,1857,1079,734,32,1845,59.51
DeKalb,Knollwood,2546,1520,1387,105,15,1507,92.96
DeKalb,Lakeside High,3216,2656,1765,819,49,2633,68.3
DeKalb,Lavista,3223,2183,1626,514,26,2166,75.98
DeKalb,Lavista Road,2223,1753,1275,432,22,1729,74.69
DeKalb,Lin-Mary Lin Elem,3009,2461,2100,310,33,2443,87.14
DeKalb,Lithonia,1730,924,828,74,15,917,91.8
DeKalb,Lithonia High,3610,2073,1955,80,25,2060,96.07
DeKalb,Livsey Elem,1350,1139,719,391,16,1126,64.77
DeKalb,Marbut Elem,4234,2495,2377,81,21,2479,96.7
DeKalb,Mathis-Bob Mathis Elem,2789,1975,1852,90,11,1953,95.37
DeKalb,McLendon,3607,2516,2025,423,43,2491,82.72
DeKalb,McNair,2794,1743,1623,80,20,1723,95.3
DeKalb,McNair Academy,1900,1290,1213,53,14,1280,95.81
DeKalb,McNair High,4160,2882,2667,163,34,2864,94.24
DeKalb,McWilliams,2517,1755,1673,63,14,1750,96.37
DeKalb,Meadowview,3511,2101,1959,102,22,2083,95.05
DeKalb,Medlock,2208,1816,1471,308,26,1805,82.69
DeKalb,Memorial South,3138,1517,1346,150,10,1506,89.97
DeKalb,Metropolitan,3405,2526,2304,161,43,2508,93.47
DeKalb,Midvale Elem,2747,2350,1333,963,31,2327,58.06
DeKalb,Midvale Road,1832,1300,1060,210,16,1286,83.46
DeKalb,Midway,3139,1723,1553,133,25,1711,92.11
DeKalb,Miller Grove,4747,2551,2424,96,17,2537,96.19
DeKalb,Miller Grove High,3470,1802,1700,70,19,1789,96.05
DeKalb,Miller Grove Road,2151,1499,1404,75,11,1490,94.93
DeKalb,Miller-Eldridge L Miller Elem,3455,2104,1928,143,18,2089,93.1
DeKalb,Montclair Elem,2194,1253,1067,168,13,1248,86.4
DeKalb,Montgomery Elem,2446,2089,1256,783,35,2074,61.6
DeKalb,Montreal,2586,1861,1459,375,20,1854,79.55
DeKalb,Mount Vernon East,2651,2285,1124,1108,33,2265,50.36
DeKalb,Mount Vernon West,2303,1934,1084,802,35,1921,57.48
DeKalb,North Decatur,2166,1459,1245,191,16,1452,86.7
DeKalb,North Hairston,2329,1417,1242,158,13,1413,88.71
DeKalb,North Peachtree,1916,1222,851,345,22,1218,71.15
DeKalb,Northlake,1509,1272,909,323,28,1260,73.78
DeKalb,Oak Grove Elem,2253,1901,1341,525,24,1890,71.86
DeKalb,Oak View Elem,5011,2967,2849,88,15,2952,97.0
DeKalb,Oakcliff Elem,2125,1308,913,377,13,1303,70.78
DeKalb,Oakhurst,2398,2078,1904,134,34,2072,93.42
DeKalb,Panola,1586,1003,928,62,7,997,93.74
DeKalb,Panola Road,2884,1866,1791,52,11,1854,97.18
DeKalb,Panola Way Elem,2252,1189,1114,51,15,1180,95.62
DeKalb,Peachcrest,2458,1367,1218,121,17,1356,90.96
DeKalb,Peachtree Middle,3502,2495,1803,653,25,2481,73.41
DeKalb,Pine Lake,632,485,425,49,4,478,89.66
DeKalb,Piney Grove,2018,1123,1042,62,11,1115,94.38
DeKalb,Pleasantdale Road,4538,2523,2068,394,42,2504,84.0
DeKalb,Ponce de Leon,3766,2960,2640,276,24,2940,90.53
DeKalb,Princeton Elem,2376,1560,1469,73,5,1547,95.27
DeKalb,Rainbow Elem,3768,2449,2302,118,10,2430,95.12
DeKalb,Redan Elem,3020,2045,1942,83,9,2034,95.9
DeKalb,Redan Middle,2496,1649,1535,86,17,1638,94.69
DeKalb,Redan Road,2932,1747,1620,93,18,1731,94.57
DeKalb,Redan-Trotti Library,3990,2423,2296,89,25,2410,96.27
DeKalb,Rehoboth,1813,1479,1028,424,22,1474,70.8
DeKalb,Rock Chapel Elem,2910,1931,1819,92,13,1924,95.19
DeKalb,Rock Chapel Road,4178,2894,2636,231,12,2879,91.94
DeKalb,Rockbridge Elem,3595,1947,1754,166,13,1933,91.35
DeKalb,Rockbridge Road,3965,2892,2715,144,18,2877,94.96
DeKalb,Rowland Elem,3765,1947,1780,138,20,1938,92.81
DeKalb,Rowland Road,2080,1309,1182,112,8,1302,91.34
DeKalb,Sagamore Hills Elem,2925,2564,1801,710,35,2546,71.72
DeKalb,Salem Middle,3519,2566,2436,95,21,2552,96.25
DeKalb,Scott,2805,2141,1783,313,36,2132,85.07
DeKalb,Shadow Rock Elem,4347,3051,2853,156,16,3025,94.82
DeKalb,Shamrock,1600,1350,1029,299,10,1338,77.48
DeKalb,Shaw-Robert Shaw Elem,2892,1853,1647,171,22,1840,90.59
DeKalb,Silver Lake,4979,3784,2173,1522,52,3747,58.81
DeKalb,Skyland,2100,1687,990,650,29,1669,60.37
DeKalb,Smoke Rise,2108,1769,1058,672,22,1752,61.16
DeKalb,Snapfinger Elem,1894,1352,1269,63,10,1342,95.27
DeKalb,Snapfinger Road,4872,3653,3499,116,16,3631,96.79
DeKalb,Snapfinger Road N,2705,1485,1395,69,8,1472,95.29
DeKalb,Snapfinger Road S,1960,1382,1300,62,13,1375,95.45
DeKalb,South Deshon,3470,2277,2156,95,15,2266,95.78
DeKalb,South Hairston,3814,2211,2064,106,17,2187,95.12
DeKalb,Stephenson High,3555,2409,2219,159,19,2397,93.31
DeKalb,Stephenson Middle,3822,2621,2431,154,14,2599,94.04
DeKalb,Stone Mill Elem,3714,1604,1445,133,18,1596,91.57
DeKalb,Stone Mountain Elem,2338,1595,1185,384,10,1579,75.53
DeKalb,Stone Mtn,1711,1001,801,183,9,993,81.4
DeKalb,Stone Mtn Champion,3098,1719,1502,184,23,1709,89.09
DeKalb,Stone Mtn Middle,3247,1369,1208,131,20,1359,90.22
DeKalb,Stonecrest Library,3720,2414,2285,102,13,2400,95.73
DeKalb,Stoneview Elem,1988,985,904,71,7,982,92.72
DeKalb,Terry Mill,2808,1908,1777,96,17,1890,94.87
DeKalb,Tilly Mill Road,1552,1312,674,609,15,1298,52.53
DeKalb,Toney Elem,1729,1042,984,43,6,1033,95.81
DeKalb,Tucker,2932,2167,1521,609,22,2152,71.41
DeKalb,Tucker Library,3506,2804,1750,987,52,2789,63.94
DeKalb,Valley Brook,1037,808,643,152,11,806,80.88
DeKalb,Wadsworth,3159,1931,1825,82,15,1922,95.7
DeKalb,Warren Tech,1364,939,665,248,11,924,72.84
DeKalb,Wesley Chapel Library,2922,2121,2029,73,13,2115,96.53
DeKalb,White Oak,2951,1544,1461,62,10,1533,95.93
DeKalb,Winnona Park,2020,1709,1518,162,22,1702,90.36
DeKalb,Winters Chapel,1434,1212,652,532,19,1203,55.07
DeKalb,Woodridge Elem,3851,2283,2113,140,19,2272,93.79
DeKalb,Woodrow Road,3493,1963,1805,124,15,1944,93.57
DeKalb,Woodward,3193,2374,1779,542,33,2354,76.65
DeKalb,Wynbrooke Elem,3496,2583,2394,162,11,2567,93.66
DeKalb,Young Road,1951,1372,1289,57,16,1362,95.77
Decatur,Attapulgus,1812,1275,795,462,9,1266,63.25
Decatur,BDGE-Fairgrounds,3308,2138,1099,1009,20,2128,52.13
Decatur,Bainbridge-Coliseum,5641,3998,1601,2345,37,3983,40.57
Decatur,Brinson,836,619,122,492,5,619,19.87
Decatur,Climax,975,765,200,558,5,763,26.39
Decatur,Kendrick,566,413,98,315,0,413,23.73
Decatur,Mt Pleasant,564,451,55,392,1,448,12.3
Decatur,Recovery,678,505,115,388,1,504,22.86
Decatur,West Bainbridge,2238,1505,695,797,11,1503,46.58
Dodge,Chauncey,412,308,58,248,2,308,18.95
Dodge,Clark,111,73,3,70,0,73,4.11
Dodge,Eddin,1037,780,235,540,1,776,30.32
Dodge,Empire,456,324,29,289,5,323,9.12
Dodge,Jaybird,212,149,46,102,0,148,31.08
Dodge,Jones,436,323,45,275,3,323,14.06
Dodge,Lee,4816,3198,1194,1962,25,3181,37.83
Dodge,McCranie,293,230,39,190,1,230,17.03
Dodge,Milan,332,233,41,189,1,231,17.83
Dodge,Mitchell,333,278,55,220,3,278,20.0
Dodge,Mullis,505,368,75,290,2,367,20.55
Dodge,Plainfield,454,340,38,299,2,339,11.28
Dodge,Pondtown,689,516,116,398,2,516,22.57
Dodge,Rawlins,923,650,163,480,6,649,25.35
Dodge,Vilula,170,144,10,133,1,144,6.99
Dodge,Yonker,260,184,24,158,2,184,13.19
Dooly,Byromville,609,453,215,230,3,448,48.31
Dooly,Lilly,536,358,179,174,3,356,50.71
Dooly,Pinehurst,474,387,100,282,4,386,26.18
Dooly,Unadilla,1634,1092,532,547,8,1087,49.3
Dooly,Vienna,2696,1835,885,926,17,1828,48.87
Dougherty,1st Christian Church,1505,1100,472,606,10,1088,43.78
Dougherty,2nd Mt Zion Church,1465,1009,450,549,8,1007,45.05
Dougherty,Albany Middle School,1963,945,871,63,4,938,93.25
Dougherty,Alice Coachman Elementary,750,518,494,16,4,514,96.86
Dougherty,Bill Miller Center,2404,1121,989,117,7,1113,89.42
Dougherty,Carver Teen Center,1667,657,623,21,4,648,96.74
Dougherty,Christ Church,1879,1513,583,914,6,1503,38.94
Dougherty,Covenant Church,2334,1440,759,655,18,1432,53.68
Dougherty,Darton College,4289,2572,2043,502,18,2563,80.28
Dougherty,Greenbriar Church,3885,2956,1531,1394,18,2943,52.34
Dougherty,International Studies,1042,673,485,185,2,672,72.39
Dougherty,Jackson Heights Elementary,2549,1150,1101,32,8,1141,97.18
Dougherty,Lamar Reese Elementary,1098,688,637,44,7,688,93.54
Dougherty,Litman Cathedral,1486,699,656,32,9,697,95.35
Dougherty,Lovett Hall,1174,407,392,12,2,406,97.03
Dougherty,Merry Acres Middle,2432,1623,775,816,21,1612,48.71
Dougherty,Mt Zion Center,3638,1834,1762,49,12,1823,97.29
Dougherty,Palmyra Methodist,2761,1607,776,804,18,1598,49.11
Dougherty,Phoebe East,2965,1418,1223,183,7,1413,86.98
Dougherty,Phoebe Healthworks,1574,652,512,125,8,645,80.38
Dougherty,Pine Bluff Baptist Church,2221,1346,878,457,8,1343,65.77
Dougherty,Putney 1st Baptist Church,2819,1784,909,856,13,1778,51.5
Dougherty,Radium Middle School,693,418,290,119,5,414,70.9
Dougherty,Sherwood Elementary,3205,1963,1208,722,23,1953,62.59
Dougherty,Shiloh Baptist Church,1510,716,663,42,7,712,94.04
Dougherty,Turner Elementary,1205,277,257,16,1,274,94.14
Dougherty,Westover High School,3394,2485,1433,1020,23,2476,58.42
Dougherty,Westtown Elementary,3265,1932,1805,103,9,1917,94.6
Douglas,Arbor Station,2990,1955,1336,579,29,1944,69.77
Douglas,Atlanta West Pentecostal,4076,2170,1889,253,15,2157,88.19
Douglas,Beulah Baptist Church,3500,2366,1197,1131,24,2352,51.42
Douglas,Boundary Waters,4220,2932,2496,384,28,2908,86.67
Douglas,Bright Star,2703,1842,802,1008,29,1839,44.31
Douglas,Chapel Hill,4016,2915,2098,767,31,2896,73.23
Douglas,Chestnut Log,5177,2793,2065,677,38,2780,75.31
Douglas,Church At Chapel Hill,6353,4688,3250,1370,45,4665,70.35
Douglas,Deer Lick,3042,1879,1107,749,16,1872,59.64
Douglas,Dog River Library,4915,3953,1051,2838,48,3937,27.02
Douglas,Dorsett Shoals,3901,2516,1116,1342,42,2500,45.4
Douglas,Ephesus Baptist Church,3930,3094,754,2282,44,3080,24.84
Douglas,Factory Shoals,4359,3162,2347,770,31,3148,75.3
Douglas,First Baptist Douglasville,2478,1905,1143,729,20,1892,61.06
Douglas,First Baptist Lithia Springs,1966,1300,679,581,32,1292,53.89
Douglas,Golden Methodist Church,5634,3508,2960,497,35,3492,85.62
Douglas,Lithia Springs High School,6033,4062,3331,674,38,4043,83.17
Douglas,Lutheran Church-GS,4149,3114,2009,1056,38,3103,65.55
Douglas,Mirror Lake Elementary,6745,4623,2571,1969,68,4608,56.63
Douglas,Old Courthouse,5675,3332,2249,1014,46,3309,68.92
Douglas,Prays Mill Gym,5459,3953,1702,2182,48,3932,43.82
Douglas,St Julians Episcopal,2253,1528,749,751,24,1524,49.93
Douglas,Stewart,3208,2004,1699,279,16,1994,85.89
Douglas,Turner,3847,2555,1466,1040,36,2542,58.5
Douglas,Winston,1911,1298,743,529,16,1288,58.41
Early,Arlington,911,672,369,294,3,666,55.66
Early,Blakely,3445,2312,1452,833,14,2299,63.54
Early,Cedar Springs,1114,835,191,641,1,833,22.96
Early,Cuba,1180,862,316,535,7,858,37.13
Early,Urquhart,670,536,109,419,3,531,20.64
Echols,Statenville,2156,1449,167,1256,18,1441,11.74
Effingham,1A,1965,1499,317,1168,12,1497,21.35
Effingham,1B,3005,2134,350,1753,27,2130,16.64
Effingham,1C,1446,1018,210,782,23,1015,21.17
Effingham,1D,2031,1457,202,1230,20,1452,14.11
Effingham,2A,3038,2295,510,1723,56,2289,22.84
Effingham,2B,3010,2113,549,1522,35,2106,26.51
Effingham,2C,4621,3409,931,2418,47,3396,27.8
Effingham,3A,1398,1034,184,840,8,1032,17.97
Effingham,3B,1553,1158,414,722,16,1152,36.44
Effingham,3C,2060,1469,334,1109,17,1460,23.15
Effingham,3D,3125,2251,608,1606,30,2244,27.46
Effingham,4A,3726,2596,596,1933,56,2585,23.57
Effingham,4B,1888,1278,419,847,9,1275,33.1
Effingham,4C,2837,1971,313,1602,47,1962,16.34
Effingham,5A,2924,2034,445,1551,32,2028,22.29
Effingham,5B,3962,2720,970,1707,36,2713,36.23
Effingham,5C,1684,1241,368,845,21,1234,30.34
Elbert,Centerville,1011,764,154,604,5,763,20.32
Elbert,Elberton,3798,2624,1263,1326,22,2611,48.78
Elbert,Eliam,748,620,144,469,3,616,23.49
Elbert,Gaines,570,439,55,371,9,435,12.91
Elbert,Goshen,1612,1222,248,962,5,1215,20.5
Elbert,Longstreet,622,477,122,347,3,472,26.01
Elbert,Moss-Ruckersville,468,356,83,271,1,355,23.45
Elbert,Petersburg,377,303,55,247,0,302,18.21
Elbert,Pike,1596,1214,441,756,11,1208,36.84
Elbert,Webbsboro,408,328,77,243,5,325,24.06
Elbert,Wyche,1095,871,237,630,2,869,27.34
Emanuel,Adrian,827,569,74,489,3,566,13.14
Emanuel,Blundale,756,581,29,549,3,581,5.02
Emanuel,Canoochee,681,510,101,399,4,504,20.2
Emanuel,Cross-Green,241,185,117,65,3,185,64.29
Emanuel,Garfield,489,377,77,294,6,377,20.75
Emanuel,Nunez,384,279,52,222,4,278,18.98
Emanuel,Oak Park,686,493,34,456,3,493,6.94
Emanuel,Stillmore,608,401,128,270,3,401,32.16
Emanuel,Summertown,504,374,86,287,0,373,23.06
Emanuel,Swainsboro,6988,4643,1786,2790,28,4604,39.03
Emanuel,Twin City,1551,1143,400,730,9,1139,35.4
Evans,Veterans Community Center,6135,4261,1324,2888,35,4247,31.43
Fannin,Colwell,1105,870,150,711,4,865,17.42
Fannin,Fairplay,1262,913,169,726,13,908,18.88
Fannin,Flinthill,3202,2147,299,1824,14,2137,14.08
Fannin,Hemptown,1336,986,181,791,12,984,18.62
Fannin,Hothouse,1290,960,169,784,5,958,17.73
Fannin,Mineral Bluff,1817,1395,212,1168,11,1391,15.36
Fannin,Mobile,1160,843,124,711,4,839,14.85
Fannin,Morganton,2067,1544,267,1265,10,1542,17.43
Fannin,Noontootla,839,667,138,524,1,663,20.85
Fannin,Skeniah,331,271,59,211,0,270,21.85
Fannin,Sugar Creek,2437,1805,332,1450,16,1798,18.63
Fannin,Toccoa,3553,2501,471,2004,20,2495,19.03
Fayette,Aberdeen,1805,1401,488,886,19,1393,35.52
Fayette,Antioch,1956,1508,596,870,25,1491,40.65
Fayette,Banks,1624,1229,643,567,12,1222,53.14
Fayette,Blackrock,2699,2111,1490,598,13,2101,71.36
Fayette,Braelinn,1876,1534,387,1114,21,1522,25.78
Fayette,Brooks,2567,2159,343,1793,19,2155,16.06
Fayette,Camp Creek,1895,1539,489,1021,23,1533,32.38
Fayette,Dogwood,3092,2549,970,1519,31,2520,38.97
Fayette,Europe,3310,2572,2211,323,26,2560,87.25
Fayette,Fayetteville East,2147,1516,915,568,26,1509,61.7
Fayette,Fayetteville West,2362,1748,984,732,24,1740,57.34
Fayette,Fielding Ridge,3497,2849,1105,1677,46,2828,39.72
Fayette,Flat Creek,2117,1544,621,879,34,1534,41.4
Fayette,Flint,1732,1331,825,478,22,1325,63.32
Fayette,Harps Crossing,1646,1301,478,803,15,1296,37.31
Fayette,Hopeful,2309,1727,1070,628,22,1720,63.02
Fayette,Jeff Davis,2876,1988,1299,664,15,1978,66.17
Fayette,Kedron,4862,3803,1731,1991,65,3787,46.51
Fayette,Kenwood,1014,795,625,155,11,791,80.13
Fayette,McIntosh,3323,2664,1007,1620,28,2655,38.33
Fayette,Morning Creek,3059,2378,1415,920,25,2360,60.6
Fayette,Murphy,3224,2531,1290,1189,36,2515,52.04
Fayette,Oak Grove,1344,1072,412,640,17,1069,39.16
Fayette,Oak Ridge,2225,1708,1038,643,13,1694,61.75
Fayette,Rareover,3045,2423,824,1528,48,2400,35.03
Fayette,Rising Star,3833,3464,1068,2320,47,3435,31.52
Fayette,Sandy Creek,4848,3657,2252,1338,40,3630,62.73
Fayette,Shakerag East,1689,1273,471,775,20,1266,37.8
Fayette,Shakerag West,1236,1081,417,634,21,1072,39.68
Fayette,Spring Hill,3299,2569,1453,1083,24,2560,57.29
Fayette,Starrsmill,3572,2586,653,1885,34,2572,25.73
Fayette,Whitewater,3564,2951,997,1899,40,2936,34.43
Fayette,Willow Pond,3100,2396,1188,1166,34,2388,50.47
Fayette,Willowbend,2007,1556,554,967,27,1548,36.42
Fayette,Windgate,1011,816,280,496,33,809,36.08
Fayette,Woolsey,2542,2092,476,1583,20,2079,23.12
Floyd,Alto Park,3360,2487,679,1764,31,2474,27.79
Floyd,Armuchee,1269,954,155,791,6,952,16.38
Floyd,Barkers,2355,1792,223,1543,15,1781,12.63
Floyd,Cave Spring,1617,1144,242,883,15,1140,21.51
Floyd,Chulio,1155,872,140,721,7,868,16.26
Floyd,East Lindale,3398,2416,565,1801,38,2404,23.88
Floyd,East Rome,4238,2654,1282,1303,48,2633,49.59
Floyd,Etowah,4946,3821,795,2964,37,3796,21.15
Floyd,Everett Springs,421,337,55,280,2,337,16.42
Floyd,Floyd Springs,1666,1330,150,1154,18,1322,11.5
Floyd,Fosters Mill,971,726,83,631,10,724,11.62
Floyd,Garden Lakes,2261,1500,450,1029,12,1491,30.43
Floyd,Glenwood,3635,2433,562,1823,35,2420,23.56
Floyd,Howell,1492,1098,120,971,6,1097,11.0
Floyd,Mt Alto North,5096,3247,1476,1704,51,3231,46.42
Floyd,Mt Alto South,3923,2593,1118,1426,34,2578,43.95
Floyd,North Carolina,1865,1204,216,977,8,1201,18.11
Floyd,North Rome,3369,2163,1037,1088,21,2146,48.8
Floyd,Riverside,826,565,146,405,10,561,26.5
Floyd,South Rome,1600,861,638,204,12,854,75.77
Floyd,Texas Valley,762,637,87,541,6,634,13.85
Floyd,Town Rome,3034,1980,883,1035,38,1956,46.04
Floyd,Vanns Valley,896,552,107,436,5,548,19.71
Floyd,Watters,3566,2572,397,2138,26,2561,15.66
Floyd,West Lindale,2929,1945,402,1511,26,1939,21.01
Forsyth,01 Big Creek,11222,9139,3871,5095,126,9092,43.17
Forsyth,02 Brandywine,4500,3295,1820,1404,59,3283,56.45
Forsyth,03 Browns Bridge,10740,8154,1850,6123,147,8120,23.2
Forsyth,04 Chestatee,6776,5167,889,4154,96,5139,17.63
Forsyth,05 Coal Mountain,7852,6057,1577,4346,111,6034,26.63
Forsyth,06 Crossroads,7061,5182,1082,3981,91,5154,21.37
Forsyth,07 Cumming,6281,4418,1332,2989,79,4400,30.83
Forsyth,08 Mashburn,8296,6749,1949,4633,128,6710,29.61
Forsyth,10 Midway,11631,9711,3141,6381,145,9667,32.99
Forsyth,15 Heardsville,8091,6417,1499,4801,91,6391,23.79
Forsyth,16 Otwell,6333,4890,1270,3520,82,4872,26.51
Forsyth,19 Old Atlanta,3739,3034,1169,1811,29,3009,39.23
Forsyth,21 South Forsyth,8318,6843,2297,4434,73,6804,34.13
Forsyth,25 Windermere,9714,7960,3233,4599,89,7921,41.28
Forsyth,27 Concord,9858,7856,1741,5939,136,7816,22.67
Forsyth,29 Polo,11222,8876,3281,5441,119,8841,37.62
Forsyth,34 Fowler,4965,3954,1648,2227,57,3932,42.53
Forsyth,35 Johns Creek,8444,6827,3167,3539,80,6786,47.23
Forsyth,36 Nichols,6989,5822,2379,3306,97,5782,41.85
Forsyth,37 Sawnee,11952,9594,3008,6399,145,9552,31.98
Franklin,Canon,1244,929,110,805,10,925,12.02
Franklin,Carnesville,2382,1782,193,1570,13,1776,10.95
Franklin,Lavonia,2355,1608,382,1199,15,1596,24.16
Franklin,Northeast Franklin,2935,2094,325,1750,14,2089,15.66
Franklin,Royston,2034,1439,282,1130,19,1431,19.97
Franklin,Southwest Franklin,2432,1761,173,1563,21,1757,9.97
Franklin,West Franklin,1764,1202,128,1052,11,1191,10.85
Fulton,01A,3694,2870,2579,247,25,2851,91.26
Fulton,01B,4327,3348,2984,301,42,3327,90.84
Fulton,01C,1908,786,717,49,13,779,93.6
Fulton,01D,754,478,435,34,3,472,92.75
Fulton,01E,3720,2778,2435,287,37,2759,89.46
Fulton,01F,1593,528,481,34,6,521,93.4
Fulton,01G,2312,1273,1159,87,17,1263,93.02
Fulton,01H,896,431,405,16,4,425,96.2
Fulton,01I,1,1,0,1,0,1,0.0
Fulton,01J,2848,1394,1287,72,18,1377,94.7
Fulton,01P,1444,644,603,28,7,638,95.56
Fulton,01R,1550,525,468,37,12,517,92.67
Fulton,01S,2118,998,928,56,10,994,94.31
Fulton,01T,1799,899,808,67,11,886,92.34
Fulton,02A,4884,3721,2975,666,54,3695,81.71
Fulton,02A1,733,456,354,88,8,450,80.09
Fulton,02B,4020,1446,1242,168,21,1431,88.09
Fulton,02C,2034,1337,1175,138,11,1324,89.49
Fulton,02D,5539,3750,3200,478,46,3724,87.0
Fulton,02E,2009,1628,1463,143,16,1622,91.1
Fulton,02F1,3221,2420,2092,280,37,2409,88.2
Fulton,02F2,851,508,432,65,7,504,86.92
Fulton,02G,3895,2932,2523,349,44,2916,87.85
Fulton,02J,2273,1628,1412,163,33,1608,89.65
Fulton,02K,1461,1078,924,135,14,1073,87.25
Fulton,02L1,5546,4190,3440,668,60,4168,83.74
Fulton,02L1A,1477,850,724,115,8,847,86.29
Fulton,02L2,2249,1550,1314,222,10,1546,85.55
Fulton,02S,790,505,450,43,9,502,91.28
Fulton,02W,978,660,544,104,7,655,83.95
Fulton,03A,2230,831,777,41,7,825,94.99
Fulton,03B,777,238,213,16,3,232,93.01
Fulton,03C,1879,775,728,27,11,766,96.42
Fulton,03D,1235,468,433,29,1,463,93.72
Fulton,03E,2894,1125,1024,71,15,1110,93.52
Fulton,03F,2328,1512,1253,242,8,1503,83.81
Fulton,03G,1033,293,272,14,3,289,95.1
Fulton,03H,1091,430,388,33,2,423,92.16
Fulton,03I,1607,670,559,89,16,664,86.27
Fulton,03L,748,225,206,16,2,224,92.79
Fulton,03M,965,561,455,88,10,553,83.79
Fulton,03N,2804,939,870,48,15,933,94.77
Fulton,03P1A,4404,2490,2118,313,40,2471,87.12
Fulton,03P2,23,7,7,0,0,7,100.0
Fulton,03S,908,429,408,20,0,428,95.33
Fulton,03T,1742,843,781,44,11,836,94.67
Fulton,04A,1554,617,580,20,9,609,96.67
Fulton,04B,2948,806,758,33,7,798,95.83
Fulton,04C,150,52,51,1,0,52,98.08
Fulton,04D,1736,865,812,33,12,857,96.09
Fulton,04F,2786,1286,1145,114,16,1275,90.95
Fulton,04G,1025,413,388,19,4,411,95.33
Fulton,04I,4604,861,769,71,9,849,91.55
Fulton,04J,1617,200,183,9,4,196,95.31
Fulton,04K,2736,1370,1273,67,12,1352,95.0
Fulton,04L,2014,1001,929,60,6,995,93.93
Fulton,04M,979,350,328,15,3,346,95.63
Fulton,04S,2541,1269,1198,48,14,1260,96.15
Fulton,04T,1297,695,643,40,7,690,94.14
Fulton,04V,3573,1387,1288,69,14,1371,94.92
Fulton,04W,3365,228,225,2,1,228,99.12
Fulton,04X1,2283,1111,1035,61,5,1101,94.43
Fulton,04X2,846,424,380,30,10,420,92.68
Fulton,05A1,2936,2232,1973,208,31,2212,90.46
Fulton,05A2,3343,2441,2185,217,26,2428,90.97
Fulton,05B,2171,1136,1055,68,8,1131,93.94
Fulton,05C,135,45,38,5,1,44,88.37
Fulton,05D,541,95,85,6,2,93,93.41
Fulton,05F,248,143,130,13,0,143,90.91
Fulton,05J,684,486,422,48,12,482,89.79
Fulton,05K,2826,1247,1097,119,22,1238,90.21
Fulton,06B,1889,1481,1231,224,15,1470,84.6
Fulton,06D,6160,5391,4397,897,60,5354,83.06
Fulton,06D1,2539,1506,1178,299,17,1494,79.76
Fulton,06D2,850,501,380,108,10,498,77.87
Fulton,06E,2344,1640,1337,269,22,1628,83.25
Fulton,06F,2841,2080,1726,306,34,2066,84.94
Fulton,06G,588,432,355,65,9,429,84.52
Fulton,06I,4072,2535,2142,329,44,2515,86.69
Fulton,06J,2770,2264,1894,329,30,2253,85.2
Fulton,06L1,991,807,628,162,10,800,79.49
Fulton,06L2,726,582,410,159,9,578,72.06
Fulton,06N,1770,1203,808,351,21,1180,69.72
Fulton,06Q,571,349,324,22,2,348,93.64
Fulton,06R,2015,1383,1092,261,13,1366,80.71
Fulton,07A,7691,5477,3341,2030,66,5437,62.2
Fulton,07B,2952,2498,1154,1280,29,2463,47.41
Fulton,07C,4512,3263,1945,1266,26,3237,60.57
Fulton,07D,4879,3309,2020,1211,38,3269,62.52
Fulton,07E,2247,1735,1192,510,22,1724,70.04
Fulton,07F,3790,2905,1790,1054,35,2879,62.94
Fulton,07H,2060,1676,1025,621,12,1658,62.27
Fulton,07J,3041,2305,1537,707,28,2272,68.49
Fulton,07M,2401,1515,1039,452,20,1511,69.68
Fulton,07N,2139,1334,1081,228,15,1324,82.58
Fulton,08A,3084,2415,1306,1070,26,2402,54.97
Fulton,08B,3498,2818,1444,1298,48,2790,52.66
Fulton,08C,1500,1224,506,691,5,1202,42.27
Fulton,08D,1073,900,363,517,9,889,41.25
Fulton,08E,2568,2211,1085,1079,21,2185,50.14
Fulton,08F1,2187,1897,891,956,21,1868,48.24
Fulton,08G,3086,2065,1265,737,31,2033,63.19
Fulton,08H,2556,2123,1099,971,12,2082,53.09
Fulton,08J,3344,2668,1630,955,47,2632,63.06
Fulton,08K,1049,845,570,247,19,836,69.77
Fulton,08L,4505,3315,2310,914,71,3295,71.65
Fulton,08M,2295,1821,839,942,21,1802,47.11
Fulton,08N1,824,679,338,318,15,671,51.52
Fulton,08N2,1616,1235,756,452,11,1219,62.58
Fulton,08P,1887,1162,946,186,17,1149,83.57
Fulton,09A,3856,2781,2098,595,63,2756,77.91
Fulton,09B,464,186,175,7,2,184,96.15
Fulton,09C,3353,1703,1601,67,21,1689,95.98
Fulton,09D,2299,1024,949,48,9,1006,95.19
Fulton,09E,3261,1671,1514,123,21,1658,92.49
Fulton,09F,3917,3006,1917,1029,41,2987,65.07
Fulton,09G,3943,2846,2228,538,52,2818,80.55
Fulton,09H,1185,724,624,75,14,713,89.27
Fulton,09I,1397,614,563,35,7,605,94.15
Fulton,09K,4002,1731,1598,87,27,1712,94.84
Fulton,09K1,1518,494,453,32,4,489,93.4
Fulton,09M,2578,1940,1591,279,34,1904,85.08
Fulton,10A,3186,1822,1724,72,14,1810,95.99
Fulton,10B,3965,2732,2592,96,19,2707,96.43
Fulton,10C,2598,1217,1153,52,11,1216,95.68
Fulton,10D,4968,2287,2117,121,24,2262,94.59
Fulton,10E,1084,608,569,31,2,602,94.83
Fulton,10F,1208,683,638,31,8,677,95.37
Fulton,10G,1332,893,844,38,6,888,95.69
Fulton,10H1,439,283,269,8,4,281,97.11
Fulton,10H2,2623,1152,1083,50,6,1139,95.59
Fulton,10I,331,274,264,10,0,274,96.35
Fulton,10J,1238,513,479,24,6,509,95.23
Fulton,10K,1614,1040,972,47,13,1032,95.39
Fulton,10M,2880,1642,1531,70,21,1622,95.63
Fulton,10P,1607,766,720,31,4,755,95.87
Fulton,10R,928,414,385,22,5,412,94.59
Fulton,11B,4395,2668,2557,77,11,2645,97.08
Fulton,11B1,894,418,392,24,1,417,94.23
Fulton,11C,3149,2172,2095,53,16,2164,97.53
Fulton,11E1,1340,737,688,37,5,730,94.9
Fulton,11E2,1003,611,581,24,3,608,96.03
Fulton,11E3,3605,2079,1988,64,13,2065,96.88
Fulton,11G,2556,1023,957,51,8,1016,94.94
Fulton,11H,753,405,372,26,5,403,93.47
Fulton,11J,2092,1116,1068,36,10,1114,96.74
Fulton,11K,2045,1233,1158,53,13,1224,95.62
Fulton,11M,1380,1080,1037,31,2,1070,97.1
Fulton,11M1,2190,790,733,39,10,782,94.95
Fulton,11N,2431,1538,1440,70,12,1522,95.36
Fulton,11P,2095,1142,1088,39,8,1135,96.54
Fulton,11R,2253,859,809,37,8,854,95.63
Fulton,12A,4971,2909,2663,179,36,2878,93.7
Fulton,12A1,690,405,371,20,11,402,94.88
Fulton,12D,1408,628,586,30,9,625,95.13
Fulton,12E1,1906,744,671,64,3,738,91.29
Fulton,12F,1229,532,496,29,6,531,94.48
Fulton,12G,885,460,431,25,0,456,94.52
Fulton,12H1,1170,389,346,32,6,384,91.53
Fulton,12H2,2998,1452,1389,43,11,1443,97.0
Fulton,12I,1079,526,491,22,6,519,95.71
Fulton,12J,3154,1428,1327,78,15,1420,94.45
Fulton,12K,3620,1663,1512,105,24,1641,93.51
Fulton,12L,774,290,268,18,1,287,93.71
Fulton,12M,2990,1403,1312,69,16,1397,95.0
Fulton,12N,1134,434,402,18,5,425,95.71
Fulton,12S,2079,1050,996,40,9,1045,96.14
Fulton,AP01A,5236,4139,2195,1864,50,4109,54.08
Fulton,AP01B,1281,918,486,400,21,907,54.85
Fulton,AP01C,2409,1905,978,879,37,1894,52.67
Fulton,AP01D,1015,695,392,278,19,689,58.51
Fulton,AP021,3408,2611,1291,1266,38,2595,50.49
Fulton,AP022,2507,1807,1000,778,18,1796,56.24
Fulton,AP02B,677,491,280,203,6,489,57.97
Fulton,AP03,775,433,325,101,4,430,76.29
Fulton,AP04A,1760,1461,658,764,30,1452,46.27
Fulton,AP04B,473,404,193,205,5,403,48.49
Fulton,AP05,4776,3842,1927,1857,38,3822,50.92
Fulton,AP06,1967,1615,694,888,20,1602,43.87
Fulton,AP07A,3910,2895,1464,1370,37,2871,51.66
Fulton,AP07B,1882,1545,768,755,11,1534,50.43
Fulton,AP09A,4437,3504,1933,1508,45,3486,56.18
Fulton,AP09B,925,710,453,238,15,706,65.56
Fulton,AP10,992,834,343,476,14,833,41.88
Fulton,AP12A,746,512,320,185,6,511,63.37
Fulton,AP12B,947,619,406,201,9,616,66.89
Fulton,AP12C,2367,1773,792,955,14,1761,45.33
Fulton,AP14,3232,2631,1419,1161,36,2616,55.0
Fulton,CH01,376,216,150,61,4,215,71.09
Fulton,CH02,338,250,96,151,3,250,38.87
Fulton,CH03,410,310,98,208,3,309,32.03
Fulton,CH04A,825,676,345,321,7,673,51.8
Fulton,CH05,429,334,90,240,3,333,27.27
Fulton,CP011,1353,778,610,143,18,771,81.01
Fulton,CP012,1469,955,786,143,14,943,84.61
Fulton,CP01B,422,261,188,64,6,258,74.6
Fulton,CP02,1208,685,586,80,13,679,87.99
Fulton,CP04A,13,4,2,2,0,4,50.0
Fulton,CP04B,38,19,16,3,0,19,84.21
Fulton,CP051,1756,979,921,43,7,971,95.54
Fulton,CP05B,153,78,72,5,0,77,93.51
Fulton,CP06A,732,237,214,14,6,234,93.86
Fulton,CP07B,7,4,3,1,0,4,75.0
Fulton,CP07C,323,74,71,1,1,73,98.61
Fulton,CP07D,790,243,225,11,5,241,95.34
Fulton,CP07E,127,42,41,1,0,42,97.62
Fulton,CP07F,266,66,61,3,0,64,95.31
Fulton,CP081,373,116,106,7,1,114,93.81
Fulton,CP083,240,37,36,0,1,37,100.0
Fulton,CP084,1,0,0,0,0,0,
Fulton,CP08A,756,184,177,6,1,184,96.72
Fulton,EP01A,2978,1667,1462,168,20,1650,89.69
Fulton,EP01B,3473,1776,1591,146,18,1755,91.59
Fulton,EP02A,2407,1120,1042,70,2,1114,93.71
Fulton,EP02B,1679,1164,982,154,13,1149,86.44
Fulton,EP02C,522,316,261,48,5,314,84.47
Fulton,EP02D,420,248,233,12,1,246,95.1
Fulton,EP02E,1668,768,697,52,14,763,93.06
Fulton,EP03A,4925,2900,2674,178,24,2876,93.76
Fulton,EP03B,1547,1100,1020,61,7,1088,94.36
Fulton,EP04A,5020,2710,2550,104,21,2675,96.08
Fulton,EP04B,2624,1566,1490,57,8,1555,96.32
Fulton,EP04C,1318,461,441,16,1,458,96.5
Fulton,FA01A,4032,2562,2223,300,18,2541,88.11
Fulton,FA01B,5860,3469,3087,345,23,3455,89.95
Fulton,FA01C,769,487,445,32,9,486,93.29
Fulton,FA01D,321,178,159,16,1,176,90.86
Fulton,FC01,325,186,175,10,1,186,94.59
Fulton,FC02,585,62,46,14,0,60,76.67
Fulton,FC03,17,17,16,1,0,17,94.12
Fulton,HP01,3824,2232,1622,556,26,2204,74.47
Fulton,JC01,4128,3488,2238,1197,27,3462,65.15
Fulton,JC01A,1738,1052,664,376,4,1044,63.85
Fulton,JC02,3001,2232,1306,897,17,2220,59.28
Fulton,JC03A,594,489,283,198,5,486,58.84
Fulton,JC03B,1616,1251,777,445,21,1243,63.58
Fulton,JC04A,3177,2631,1522,1070,20,2612,58.72
Fulton,JC04B,334,232,149,80,1,230,65.07
Fulton,JC04C,1251,983,596,361,21,978,62.28
Fulton,JC05,2350,1798,1054,700,29,1783,60.09
Fulton,JC06,2840,2096,1094,967,23,2084,53.08
Fulton,JC07,4670,3609,2145,1403,38,3586,60.46
Fulton,JC08,2931,2329,1267,1013,28,2308,55.57
Fulton,JC09,3250,2425,1426,947,31,2404,60.09
Fulton,JC10,2641,2006,1246,725,27,1998,63.22
Fulton,JC11,3497,2731,1314,1364,33,2711,49.07
Fulton,JC12,2832,2281,907,1328,26,2261,40.58
Fulton,JC13A,2317,1861,768,1067,13,1848,41.85
Fulton,JC13B,282,236,76,156,3,235,32.76
Fulton,JC14,2608,2121,1042,1040,21,2103,50.05
Fulton,JC15,959,709,430,266,10,706,61.78
Fulton,JC16,2707,2134,1108,976,27,2111,53.17
Fulton,JC18,2857,2347,1146,1151,34,2331,49.89
Fulton,JC19,4174,3233,1794,1362,59,3215,56.84
Fulton,ML01A,2795,2362,1078,1236,38,2352,46.59
Fulton,ML01B,708,561,206,346,7,559,37.32
Fulton,ML02A,2580,2122,679,1397,28,2104,32.71
Fulton,ML02B,1914,1566,568,960,26,1554,37.17
Fulton,ML03,3718,3069,1114,1902,35,3051,36.94
Fulton,ML03A,301,214,64,146,1,211,30.48
Fulton,ML04,3322,2699,1075,1576,29,2680,40.55
Fulton,ML05,4843,3716,1869,1794,32,3695,51.02
Fulton,ML06A,2181,1408,939,446,18,1403,67.8
Fulton,ML06B,3119,2244,1431,774,28,2233,64.9
Fulton,ML07A,836,661,235,411,9,655,36.38
Fulton,ML07B,1675,1344,476,841,15,1332,36.14
Fulton,MP01,472,377,189,180,7,376,51.22
Fulton,PA01,3006,1843,1393,411,26,1830,77.22
Fulton,RW01,5010,4278,1928,2276,50,4254,45.86
Fulton,RW02,4061,3353,1737,1523,70,3330,53.28
Fulton,RW03,5041,3463,2038,1347,44,3429,60.21
Fulton,RW04,1861,1566,883,650,20,1553,57.6
Fulton,RW05,2910,1873,1220,615,28,1863,66.49
Fulton,RW06,3071,2330,1335,934,43,2312,58.84
Fulton,RW07A,1773,920,754,145,15,914,83.87
Fulton,RW07B,449,288,203,74,9,286,73.29
Fulton,RW08,2429,1870,823,1008,26,1857,44.95
Fulton,RW09,4450,3961,1641,2229,52,3922,42.4
Fulton,RW09A,1892,1318,491,802,19,1312,37.97
Fulton,RW10,3653,3022,1347,1599,55,3001,45.72
Fulton,RW11A,2865,2090,1154,900,26,2080,56.18
Fulton,RW12,3899,3659,1723,1849,49,3621,48.24
Fulton,RW12A,2458,1574,724,818,22,1564,46.95
Fulton,RW13,3764,2998,1583,1329,57,2969,54.36
Fulton,RW16,2101,1692,804,856,25,1685,48.43
Fulton,RW17,3100,2182,1351,765,53,2169,63.85
Fulton,RW19,2147,1789,801,950,30,1781,45.75
Fulton,RW20,2701,2211,1119,1045,29,2193,51.71
Fulton,RW21,3362,2670,1186,1420,41,2647,45.51
Fulton,RW22A,4788,3207,2040,1100,50,3190,64.97
Fulton,SC01A,41,53,50,3,0,53,94.34
Fulton,SC01B,2088,1625,1557,49,7,1613,96.95
Fulton,SC01C,2249,1682,1599,60,11,1670,96.38
Fulton,SC02,1426,1081,1031,33,5,1069,96.9
Fulton,SC04,1080,748,527,208,7,742,71.7
Fulton,SC05A,721,482,458,16,3,477,96.62
Fulton,SC05B,3646,2567,2443,93,16,2552,96.33
Fulton,SC05D,2808,1930,1829,80,9,1918,95.81
Fulton,SC05E,688,482,399,74,3,476,84.36
Fulton,SC07A,4506,3440,3028,365,26,3419,89.24
Fulton,SC07C,41,13,11,1,1,13,91.67
Fulton,SC07D,2038,1125,1060,48,10,1118,95.67
Fulton,SC08B,4096,2607,2442,124,20,2586,95.17
Fulton,SC08C,91,71,71,0,0,71,100.0
Fulton,SC08D,605,363,345,11,5,361,96.91
Fulton,SC08E,724,441,413,17,9,439,96.05
Fulton,SC08F,793,440,420,14,4,438,96.77
Fulton,SC08G,14,3,3,0,0,3,100.0
Fulton,SC08H,1,0,0,0,0,0,
Fulton,SC09A,1865,1004,943,46,9,998,95.35
Fulton,SC09B,1920,1267,1202,46,11,1259,96.31
Fulton,SC09C,1852,1071,998,54,12,1064,94.87
Fulton,SC10,1912,828,768,49,5,822,94.0
Fulton,SC11A,1656,1011,960,44,5,1009,95.62
Fulton,SC11B,1691,1026,959,51,8,1018,94.95
Fulton,SC13,2895,2042,1904,115,11,2030,94.3
Fulton,SC14A,1030,517,474,32,6,512,93.68
Fulton,SC15,4522,3266,3049,176,18,3243,94.54
Fulton,SC15A,2482,1597,1546,40,3,1589,97.48
Fulton,SC16A,5175,3744,3600,108,17,3725,97.09
Fulton,SC17A,60,44,43,1,0,44,97.73
Fulton,SC17B,10,5,4,1,0,5,80.0
Fulton,SC17C,1293,795,732,45,8,785,94.21
Fulton,SC18A,570,398,380,13,3,396,96.69
Fulton,SC18B,915,688,654,24,3,681,96.46
Fulton,SC18C,2100,1587,1507,72,5,1584,95.44
Fulton,SC19A,213,145,134,7,1,142,95.04
Fulton,SC19B,1628,843,786,37,8,831,95.5
Fulton,SC20,2562,2048,1964,55,14,2033,97.28
Fulton,SC211,1828,1289,1212,62,9,1283,95.13
Fulton,SC212,4244,2758,2537,176,32,2745,93.51
Fulton,SC23A,3854,2208,2085,90,17,2192,95.86
Fulton,SC23B,557,359,334,22,2,358,93.82
Fulton,SC23C,2606,1556,1467,68,7,1542,95.57
Fulton,SC27,2361,1424,1342,62,10,1414,95.58
Fulton,SC29A,3154,1882,1776,74,16,1866,96.0
Fulton,SC30A,157,122,114,7,1,122,94.21
Fulton,SC30B,1110,606,575,22,6,603,96.31
Fulton,SS01,4846,3926,1807,2038,51,3896,47.0
Fulton,SS02A,1206,922,564,331,20,915,63.02
Fulton,SS02B,1318,934,684,231,14,929,74.75
Fulton,SS03,1577,1247,741,473,20,1234,61.04
Fulton,SS04,3763,2746,1799,895,36,2730,66.78
Fulton,SS05,1853,1596,864,692,24,1580,55.53
Fulton,SS06,1667,1435,776,625,16,1417,55.39
Fulton,SS07A,1254,1013,527,471,8,1006,52.81
Fulton,SS07B,793,574,370,195,4,569,65.49
Fulton,SS07C,809,545,299,230,10,539,56.52
Fulton,SS08A,1891,1328,911,381,26,1318,70.51
Fulton,SS08B,696,564,308,252,3,563,55.0
Fulton,SS08C,716,507,345,152,7,504,69.42
Fulton,SS08D,1555,1048,717,310,16,1043,69.81
Fulton,SS09A,3193,2631,1300,1273,34,2607,50.52
Fulton,SS09B,3611,2995,1545,1399,25,2969,52.48
Fulton,SS11A,4026,2802,1785,936,47,2768,65.6
Fulton,SS11B,1412,902,655,235,10,900,73.6
Fulton,SS11C,361,200,161,33,5,199,82.99
Fulton,SS11D,397,326,172,145,8,325,54.26
Fulton,SS12,2897,2281,1302,942,20,2264,58.02
Fulton,SS13A,2103,1541,855,653,22,1530,56.7
Fulton,SS13B,1278,929,541,368,14,923,59.52
Fulton,SS14,1412,1186,500,665,12,1177,42.92
Fulton,SS15A,2756,1539,1273,238,18,1529,84.25
Fulton,SS15B,1730,1133,756,344,26,1126,68.73
Fulton,SS16,2116,1783,905,833,32,1770,52.07
Fulton,SS17,3686,2759,1471,1253,24,2748,54.0
Fulton,SS18A,657,553,297,247,7,551,54.6
Fulton,SS18B,241,202,100,99,1,200,50.25
Fulton,SS19A,3299,2075,1530,494,40,2064,75.59
Fulton,SS19B,2342,1711,1222,443,28,1693,73.39
Fulton,SS20,2404,1543,1059,449,23,1531,70.23
Fulton,SS22,2834,1804,1082,691,19,1792,61.03
Fulton,SS26,3824,2229,1791,382,41,2214,82.42
Fulton,SS29A,2842,2089,1316,729,25,2070,64.35
Fulton,SS31,1703,1307,777,504,18,1299,60.66
Fulton,UC01A,4234,2009,1859,120,18,1997,93.94
Fulton,UC01B,428,233,216,13,2,231,94.32
Fulton,UC01D,6,0,0,0,0,0,
Fulton,UC01E,512,397,374,19,2,395,95.17
Fulton,UC02A,5609,3865,3648,181,20,3849,95.27
Fulton,UC02B,32,20,15,5,0,20,75.0
Fulton,UC02C,3614,1639,1493,119,17,1629,92.62
Fulton,UC031,2745,1512,1223,265,17,1505,82.19
Fulton,UC032,393,272,230,37,3,270,86.14
Gilmer,Big Creek,1479,1139,205,917,16,1138,18.27
Gilmer,Boardtown,1391,1170,221,937,9,1167,19.08
Gilmer,Cartecay,1598,1238,170,1055,10,1235,13.88
Gilmer,Cherry Log,926,739,171,556,6,733,23.52
Gilmer,East Ellijay,1655,1253,227,1013,9,1249,18.31
Gilmer,Ellijay North,1810,1285,215,1050,17,1282,17.0
Gilmer,Ellijay Northeast,1851,1389,270,1102,14,1386,19.68
Gilmer,Ellijay South,3172,2289,504,1763,15,2282,22.23
Gilmer,Leaches,2939,2172,392,1748,27,2167,18.32
Gilmer,Mountaintown,1139,870,136,715,9,860,15.98
Gilmer,Tails Creek,1782,1218,164,1036,13,1213,13.67
Gilmer,Town Creek,1234,857,119,726,12,857,14.08
Gilmer,Yukon,1288,957,138,811,7,956,14.54
Glascock,Edgehill,136,120,11,109,0,120,9.17
Glascock,Gibson,677,506,58,442,5,505,11.6
Glascock,Mill,778,597,38,554,2,594,6.42
Glascock,Mitchell,448,348,48,298,1,347,13.87
Glynn,Ballard,3286,2020,694,1289,29,2012,35.0
Glynn,Blythe Island Baptist,2529,1821,334,1462,17,1813,18.6
Glynn,Brookman,3460,2421,665,1725,24,2414,27.82
Glynn,C B Greer School,3288,2293,725,1530,29,2284,32.15
Glynn,Career Academy,2960,2039,579,1412,39,2030,29.08
Glynn,Christian Renewal,3699,3103,967,2089,22,3078,31.64
Glynn,College Place UMC,2367,1434,857,553,18,1428,60.78
Glynn,First Baptist,4316,3468,1090,2312,38,3440,32.04
Glynn,Hampton River,2823,2398,697,1665,26,2388,29.51
Glynn,Howard Coffin Park,3320,1840,1160,639,32,1831,64.48
Glynn,Jekyll Island,774,628,277,343,4,624,44.68
Glynn,Northside Baptist,3313,2022,1193,787,30,2010,60.25
Glynn,SE Baptist Bldg,2109,1314,382,908,20,1310,29.61
Glynn,Satilla Marshes,2824,2084,615,1427,30,2072,30.12
Glynn,Selden Park,1439,663,465,194,4,663,70.56
Glynn,St William Catholic Church,4333,3589,1122,2399,42,3563,31.87
Glynn,Sterling Church of God,3925,2592,835,1725,27,2587,32.62
Glynn,Sterling Elementary,4578,3051,736,2280,21,3037,24.4
Glynn,The Chapel,2971,1652,943,688,12,1643,57.82
Glynn,Urbana-Perry Parks,3638,1770,1543,189,25,1757,89.09
Gordon,Calhoun City,9532,6047,1702,4233,89,6024,28.68
Gordon,Fairmount,1991,1387,148,1215,17,1380,10.86
Gordon,Gordon County,6423,4043,769,3227,25,4021,19.24
Gordon,Lily Pond,1914,1319,203,1097,11,1311,15.62
Gordon,Oakman,1439,911,116,790,4,910,12.8
Gordon,Oostanaula,667,499,93,403,3,499,18.75
Gordon,Pine Chapel,1071,736,84,644,7,735,11.54
Gordon,Plainville,2044,1332,197,1118,11,1326,14.98
Gordon,Red Bud,2965,2067,332,1703,21,2056,16.31
Gordon,Resaca,1532,981,127,838,13,978,13.16
Gordon,Sonoraville,5380,3786,497,3246,38,3781,13.28
Gordon,Sugar Valley,1471,1014,116,891,5,1012,11.52
Grady,Blowing Cave,916,622,104,513,2,619,16.86
Grady,Cairo 4th District,2532,1584,1269,298,7,1574,80.98
Grady,Cairo 5th District,2606,1741,740,985,9,1734,42.9
Grady,Duncanville,470,362,119,242,1,362,32.96
Grady,Higdon,854,623,201,418,4,623,32.47
Grady,Limesink,320,244,46,196,1,243,19.01
Grady,Midway,1412,1004,230,764,7,1001,23.14
Grady,Pine Park,1003,682,212,464,5,681,31.36
Grady,Ragan,475,367,103,261,1,365,28.3
Grady,Spence,758,538,62,473,3,538,11.59
Grady,Spring Hill,561,432,54,374,4,432,12.62
Grady,Whigham,1226,839,195,640,3,838,23.35
Grady,Woodland,2309,1703,284,1406,7,1697,16.8
Greene,Greensboro,3999,2834,1501,1287,28,2816,53.84
Greene,Old Salem,6961,6202,1421,4689,50,6160,23.26
Greene,Siloam,991,709,368,338,2,708,52.12
Greene,Union Point,1873,1305,673,614,9,1296,52.29
Greene,White Plains,347,267,125,140,2,267,47.17
Gwinnett,BAYCREEK A,2720,2149,1041,1062,36,2139,49.5
Gwinnett,BAYCREEK B,5969,4246,2998,1179,46,4223,71.77
Gwinnett,BAYCREEK C,6499,4883,3086,1710,53,4849,64.35
Gwinnett,BAYCREEK D,4609,3471,1922,1481,52,3455,56.48
Gwinnett,BAYCREEK E,3265,2302,1425,839,28,2292,62.94
Gwinnett,BAYCREEK F,4608,3427,2353,1003,56,3412,70.11
Gwinnett,BAYCREEK G,6241,4624,3216,1332,43,4591,70.71
Gwinnett,BAYCREEK H,6811,5338,3025,2229,56,5310,57.58
Gwinnett,BAYCREEK I,5899,4127,2639,1408,55,4102,65.21
Gwinnett,BAYCREEK J,4567,3280,2274,960,25,3259,70.32
Gwinnett,BAYCREEK K,3824,2909,1697,1166,41,2904,59.27
Gwinnett,BERKSHIRE A,2555,1591,1033,529,16,1578,66.13
Gwinnett,BERKSHIRE B,5338,3652,2589,1008,42,3639,71.98
Gwinnett,BERKSHIRE D,2945,2264,1293,895,49,2237,59.1
Gwinnett,BERKSHIRE E,1997,1592,767,789,24,1580,49.29
Gwinnett,BERKSHIRE F,2254,1473,873,564,28,1465,60.75
Gwinnett,BERKSHIRE G,2419,1927,1008,876,31,1915,53.5
Gwinnett,BERKSHIRE H,1987,1228,768,447,10,1225,63.21
Gwinnett,BERKSHIRE J,2731,2183,1150,990,22,2162,53.74
Gwinnett,BERKSHIRE L,3265,2114,1514,551,37,2102,73.32
Gwinnett,BERKSHIRE M,1864,1437,734,671,17,1422,52.24
Gwinnett,BERKSHIRE N,3128,2506,1275,1169,33,2477,52.17
Gwinnett,BERKSHIRE O,2589,1991,963,984,23,1970,49.46
Gwinnett,BERKSHIRE P,1476,905,561,321,17,899,63.61
Gwinnett,BERKSHIRE Q,1802,1305,652,626,19,1297,51.02
Gwinnett,CATES A,2387,1759,762,949,36,1747,44.54
Gwinnett,CATES B,1587,1200,531,639,25,1195,45.38
Gwinnett,CATES C,2903,2111,1398,671,29,2098,67.57
Gwinnett,CATES D,3755,2846,1637,1167,30,2834,58.38
Gwinnett,CATES E,2942,2395,1287,1041,45,2373,55.28
Gwinnett,CATES F,1787,1429,652,750,18,1420,46.5
Gwinnett,CATES G,2875,2379,1133,1209,25,2367,48.38
Gwinnett,CATES H,3924,2533,1779,710,22,2511,71.47
Gwinnett,CATES I,3537,2790,1606,1123,41,2770,58.85
Gwinnett,CATES J,3478,2597,1592,953,42,2587,62.55
Gwinnett,CATES K,2810,2152,1138,970,26,2134,53.98
Gwinnett,CATES L,4185,3022,1840,1126,43,3009,62.04
Gwinnett,CATES M,3988,3246,1647,1533,46,3226,51.79
Gwinnett,CATES N,2567,2008,831,1128,31,1990,42.42
Gwinnett,CATES O,1434,1131,589,521,9,1119,53.06
Gwinnett,DACULA,4777,3438,1976,1391,50,3417,58.69
Gwinnett,DULUTH A,5042,3878,2301,1479,68,3848,60.87
Gwinnett,DULUTH B,3551,2499,1312,1145,32,2489,53.4
Gwinnett,DULUTH C,2229,1611,887,680,31,1598,56.6
Gwinnett,DULUTH D,5077,3340,2076,1204,39,3319,63.29
Gwinnett,DULUTH E,4814,3404,2372,965,42,3379,71.08
Gwinnett,DULUTH F,6161,3811,2872,868,47,3787,76.79
Gwinnett,DULUTH G,3067,2333,1146,1137,43,2326,50.2
Gwinnett,DULUTH H,2813,2116,1167,894,37,2098,56.62
Gwinnett,DULUTH I,5105,3853,1986,1825,22,3833,52.11
Gwinnett,DULUTH K,2786,1476,1116,318,26,1460,77.82
Gwinnett,DUNCANS A,4729,3820,1435,2326,39,3800,38.15
Gwinnett,DUNCANS B,5387,4290,1560,2641,73,4274,37.13
Gwinnett,DUNCANS C,3040,2515,891,1570,40,2501,36.2
Gwinnett,DUNCANS D,7153,5542,2054,3387,68,5509,37.75
Gwinnett,GARNERS A,3520,2792,1396,1321,51,2768,51.38
Gwinnett,GARNERS B,3178,2325,1549,742,16,2307,67.61
Gwinnett,GARNERS C,2030,1449,855,560,25,1440,60.42
Gwinnett,GARNERS D,3490,2391,1807,537,30,2374,77.09
Gwinnett,GARNERS F,1796,1373,746,604,18,1368,55.26
Gwinnett,GOODWINS A,3921,2776,1622,1101,36,2759,59.57
Gwinnett,GOODWINS B,3960,2996,1443,1478,59,2980,49.4
Gwinnett,GOODWINS C,5804,3884,2609,1217,43,3869,68.19
Gwinnett,GOODWINS D,4406,3086,1658,1355,52,3065,55.03
Gwinnett,GOODWINS E,5491,3966,2190,1682,73,3945,56.56
Gwinnett,GOODWINS F,3212,2249,1325,877,37,2239,60.17
Gwinnett,GOODWINS G,2661,1766,1231,502,23,1756,71.03
Gwinnett,GOODWINS H,2796,2044,1143,850,36,2029,57.35
Gwinnett,GOODWINS I,2501,1959,1033,877,32,1942,54.08
Gwinnett,HARBINS A,7182,5294,2782,2405,80,5267,53.63
Gwinnett,HARBINS B,4845,3513,1533,1919,42,3494,44.41
Gwinnett,HARBINS C,2850,2264,1069,1160,23,2252,47.96
Gwinnett,HOG MOUNTAIN A,5011,3513,2110,1326,51,3487,61.41
Gwinnett,HOG MOUNTAIN B,4583,3562,1622,1883,36,3541,46.28
Gwinnett,HOG MOUNTAIN C,4292,3071,1442,1566,48,3056,47.94
Gwinnett,HOG MOUNTAIN D,3179,2301,1058,1192,31,2281,47.02
Gwinnett,LAWRENCEVILLE A,3635,2289,1313,941,25,2279,58.25
Gwinnett,LAWRENCEVILLE B,5097,3540,2428,1056,30,3514,69.69
Gwinnett,LAWRENCEVILLE C,3037,2210,982,1174,42,2198,45.55
Gwinnett,LAWRENCEVILLE D,5012,2779,2101,621,37,2759,77.19
Gwinnett,LAWRENCEVILLE E,2355,1684,860,793,19,1672,52.03
Gwinnett,LAWRENCEVILLE F,4061,2806,2077,681,34,2792,75.31
Gwinnett,LAWRENCEVILLE G,3046,2053,1457,563,20,2040,72.13
Gwinnett,LAWRENCEVILLE H,4296,3198,1692,1429,52,3173,54.21
Gwinnett,LAWRENCEVILLE I,3312,2198,1368,774,41,2183,63.87
Gwinnett,LAWRENCEVILLE J,2249,1544,1054,467,14,1535,69.3
Gwinnett,LAWRENCEVILLE K,3282,2516,1327,1139,39,2505,53.81
Gwinnett,LAWRENCEVILLE L,4802,3514,2201,1258,34,3493,63.63
Gwinnett,LAWRENCEVILLE M,7255,4845,3651,1114,58,4823,76.62
Gwinnett,LAWRENCEVILLE N,2573,1636,994,609,27,1630,62.01
Gwinnett,MARTINS A,3303,2061,1521,516,19,2056,74.67
Gwinnett,MARTINS B,3001,1983,1301,654,18,1973,66.55
Gwinnett,MARTINS C,2549,1805,1092,682,26,1800,61.56
Gwinnett,MARTINS D,2402,1380,1023,342,9,1374,74.95
Gwinnett,MARTINS E,6193,3297,2766,474,41,3281,85.37
Gwinnett,MARTINS F,2570,1524,1076,421,18,1515,71.88
Gwinnett,MARTINS G,2425,1532,1065,437,23,1525,70.91
Gwinnett,MARTINS H,5037,3383,2161,1171,35,3367,64.86
Gwinnett,MARTINS I,4078,2530,1719,766,31,2516,69.18
Gwinnett,MARTINS J,3923,2504,1948,514,28,2490,79.12
Gwinnett,MARTINS K,5352,3633,2690,892,35,3617,75.1
Gwinnett,PINCKNEYVILLE A,2791,1671,1283,362,12,1657,77.99
Gwinnett,PINCKNEYVILLE A1,2694,2335,1041,1228,36,2305,45.88
Gwinnett,PINCKNEYVILLE B,3485,2014,1447,532,17,1996,73.12
Gwinnett,PINCKNEYVILLE C,2082,1678,889,741,19,1649,54.54
Gwinnett,PINCKNEYVILLE D,2264,1281,935,327,15,1277,74.09
Gwinnett,PINCKNEYVILLE E,2184,1324,1017,277,20,1314,78.59
Gwinnett,PINCKNEYVILLE F,2546,1549,1065,452,27,1544,70.2
Gwinnett,PINCKNEYVILLE H,4536,3531,1980,1485,42,3507,57.14
Gwinnett,PINCKNEYVILLE I,2635,1617,1154,434,20,1608,72.67
Gwinnett,PINCKNEYVILLE J,2613,1489,1200,265,15,1480,81.91
Gwinnett,PINCKNEYVILLE K,3754,2220,1694,489,23,2206,77.6
Gwinnett,PINCKNEYVILLE L,2330,2050,898,1089,38,2025,45.19
Gwinnett,PINCKNEYVILLE M,2673,2277,950,1265,37,2252,42.89
Gwinnett,PINCKNEYVILLE N,3819,2357,1922,383,37,2342,83.38
Gwinnett,PINCKNEYVILLE O,3359,1980,1461,480,26,1967,75.27
Gwinnett,PINCKNEYVILLE P,2185,1662,972,649,26,1647,59.96
Gwinnett,PINCKNEYVILLE Q,1915,1147,939,192,10,1141,83.02
Gwinnett,PINCKNEYVILLE S,3374,2218,1418,751,37,2206,65.38
Gwinnett,PINCKNEYVILLE T,3201,2117,1257,802,45,2104,61.05
Gwinnett,PINCKNEYVILLE U,2090,1506,955,528,12,1495,64.4
Gwinnett,PINCKNEYVILLE V,1706,1114,665,420,19,1104,61.29
Gwinnett,PINCKNEYVILLE W,4253,2867,1711,1069,54,2834,61.55
Gwinnett,PINCKNEYVILLE X,3412,2694,1509,1130,35,2674,57.18
Gwinnett,PINCKNEYVILLE Y,3272,1791,1393,371,13,1777,78.97
Gwinnett,PINCKNEYVILLE Z,1898,1638,722,873,28,1623,45.27
Gwinnett,PUCKETTS A,5692,4514,1562,2851,81,4494,35.4
Gwinnett,PUCKETTS B,3096,2385,957,1391,23,2371,40.76
Gwinnett,PUCKETTS C,3367,2438,1014,1383,28,2425,42.3
Gwinnett,PUCKETTS D,3622,2730,1147,1531,37,2715,42.83
Gwinnett,PUCKETTS E,5660,3926,2112,1754,42,3908,54.63
Gwinnett,ROCKBRIDGE A,3987,2793,2202,539,26,2767,80.34
Gwinnett,ROCKBRIDGE B,4177,2769,2082,642,25,2749,76.43
Gwinnett,ROCKBRIDGE C,5125,3776,3055,664,28,3747,82.15
Gwinnett,ROCKBRIDGE D,3642,2703,2008,648,30,2686,75.6
Gwinnett,ROCKBRIDGE E,4638,2993,2311,620,40,2971,78.85
Gwinnett,ROCKBRIDGE F,5795,4161,3370,747,25,4142,81.86
Gwinnett,ROCKBRIDGE G,5799,4017,3251,712,35,3998,82.03
Gwinnett,ROCKYCREEK A,5939,4506,2139,2277,66,4482,48.44
Gwinnett,ROCKYCREEK B,5061,3769,1758,1911,71,3740,47.91
Gwinnett,ROCKYCREEK C,4806,3719,1793,1836,58,3687,49.41
Gwinnett,SUGAR HILL A,4654,3056,1389,1598,47,3034,46.5
Gwinnett,SUGAR HILL B,5596,4034,1854,2087,74,4015,47.04
Gwinnett,SUGAR HILL C,5085,3909,1595,2225,69,3889,41.75
Gwinnett,SUGAR HILL D,4624,3307,1439,1796,61,3296,44.48
Gwinnett,SUGAR HILL E,3589,2679,1238,1373,52,2663,47.41
Gwinnett,SUGAR HILL F,4112,3019,1379,1568,53,3000,46.79
Gwinnett,SUGAR HILL G,2814,2249,891,1316,32,2239,40.37
Gwinnett,SUWANEE A,1737,1260,680,549,26,1255,55.33
Gwinnett,SUWANEE B,4656,3630,1818,1725,59,3602,51.31
Gwinnett,SUWANEE C,5675,4121,2190,1859,55,4104,54.09
Gwinnett,SUWANEE D,4732,3848,1627,2150,53,3830,43.08
Gwinnett,SUWANEE E,4256,3452,1541,1832,50,3423,45.69
Gwinnett,SUWANEE F,3966,2990,1550,1375,41,2966,52.99
Gwinnett,SUWANEE G,3904,2974,1676,1233,50,2959,57.61
Gwinnett,SUWANEE H,3785,3138,1203,1876,44,3123,39.07
Habersham,Amys Creek,1557,1271,250,1006,8,1264,19.9
Habersham,City of Baldwin,1252,724,190,523,10,723,26.65
Habersham,Demorest,4963,3669,522,3098,37,3657,14.42
Habersham,Habersham North,9096,7058,1177,5752,93,7022,16.99
Habersham,Habersham South,6171,4191,858,3267,52,4177,20.8
Habersham,Mud Creek,4435,3079,455,2588,23,3066,14.95
Habersham,Town of Mt Airy,790,524,111,403,9,523,21.6
Hall,Bark Camp,0,4278,799,3391,68,4258,19.07
Hall,Big Hickory,0,3061,407,2602,33,3042,13.53
Hall,Candler,0,3953,1178,2695,57,3930,30.42
Hall,Chestatee,0,2930,598,2273,48,2919,20.83
Hall,Chicopee,0,2258,987,1219,41,2247,44.74
Hall,Clermont,0,2753,281,2428,38,2747,10.37
Hall,Flowery Branch I,0,3289,801,2424,53,3278,24.84
Hall,Flowery Branch II,0,2487,693,1732,51,2476,28.58
Hall,Fork,0,2640,549,2054,28,2631,21.09
Hall,Friendship I,0,7017,1834,5056,94,6984,26.62
Hall,Friendship II,0,2459,585,1825,36,2446,24.27
Hall,Friendship III,0,3357,900,2390,51,3341,27.36
Hall,Friendship IV,0,2849,842,1957,30,2829,30.08
Hall,Gainesville I,0,2796,1018,1691,53,2762,37.58
Hall,Gainesville II,0,1692,1400,269,17,1686,83.88
Hall,Gainesville III,0,2543,1264,1217,52,2533,50.95
Hall,Gainesville IV,0,1760,753,952,37,1742,44.16
Hall,Gainesville V,0,944,362,547,24,933,39.82
Hall,Gillsville,0,895,130,755,8,893,14.69
Hall,Glade,0,2528,600,1870,48,2518,24.29
Hall,Lula,0,2450,353,2067,17,2437,14.59
Hall,Morgan I,0,3048,572,2419,45,3036,19.12
Hall,Morgan II,0,3474,1005,2398,55,3458,29.53
Hall,Oakwood I,0,1707,690,978,28,1696,41.37
Hall,Oakwood II,0,3072,720,2300,42,3062,23.84
Hall,Quillians,0,2237,259,1924,34,2217,11.86
Hall,Roberts,0,4250,1025,3154,57,4236,24.53
Hall,Tadmore,0,3556,1688,1787,43,3518,48.58
Hall,West Whelchel,0,3208,761,2369,55,3185,24.31
Hall,Whelchel,0,3265,690,2514,38,3242,21.54
Hall,Wilson,0,4267,1287,2913,41,4241,30.64
Hancock,Courthouse,931,624,470,146,5,621,76.3
Hancock,Devereux Fire Station,1006,796,382,408,3,793,48.35
Hancock,Mayfield Community Center,356,234,197,37,0,234,84.19
Hancock,Power of God,731,483,381,96,5,482,79.87
Hancock,Second Beulah,472,363,315,48,0,363,86.78
Hancock,Second Darrien,364,291,192,93,2,287,67.37
Hancock,Sparta 4C,148,113,84,26,2,112,76.36
Hancock,St Mark,576,378,315,60,2,377,84.0
Hancock,Warren Chapel,268,220,88,130,1,219,40.37
Hancock,Youth Center,975,681,561,115,1,677,82.99
Haralson,Berea-Steadman,665,475,38,434,2,474,8.05
Haralson,Bremen,6622,4628,760,3798,52,4610,16.67
Haralson,Buchanan,2365,1655,183,1452,14,1649,11.19
Haralson,Buncombe,1075,708,62,637,5,704,8.87
Haralson,Corinth,1682,1155,90,1050,13,1153,7.89
Haralson,Felton,304,221,12,209,0,221,5.43
Haralson,Little Creek,699,541,36,500,3,539,6.72
Haralson,Mt View,330,249,18,231,0,249,7.23
Haralson,Seventh,1932,1287,168,1104,11,1283,13.21
Haralson,Tallapoosa,3072,2042,300,1715,20,2035,14.89
Haralson,Twentieth,738,541,46,493,1,540,8.53
Haralson,Waco,1183,794,79,708,4,791,10.04
Harris,Cataula,2898,2315,580,1696,28,2304,25.48
Harris,Ellerslie,4211,3401,1018,2326,36,3380,30.44
Harris,Goodman,1649,1203,452,730,12,1194,38.24
Harris,Hamilton,2739,2102,718,1342,30,2090,34.85
Harris,Lower 19th,2570,2053,458,1556,23,2037,22.74
Harris,Mulberry Grove,2908,2311,424,1842,27,2293,18.71
Harris,Pine Mountain Valley,1121,865,149,704,6,859,17.47
Harris,Skinner,894,694,255,429,6,690,37.28
Harris,Upper 19th,1628,1310,210,1082,10,1302,16.25
Harris,Valley Plains,785,604,179,422,2,603,29.78
Harris,Waverly Hall,2853,2145,731,1392,17,2140,34.43
Harris,Whitesville,1370,1107,283,798,18,1099,26.18
Hart,Bio,1374,1083,269,802,6,1077,25.12
Hart,Bowersville,1395,1006,180,816,9,1005,18.07
Hart,Cokesbury,1162,851,345,499,5,849,40.88
Hart,Goldmine,1901,1404,272,1118,10,1400,19.57
Hart,Hartwell,6451,4789,1451,3258,45,4754,30.81
Hart,Reed Creek,2990,2388,453,1912,17,2382,19.15
Hart,Shoal Creek,1656,1267,187,1059,14,1260,15.01
Heard,Centralhatchee,1767,1325,186,1122,11,1319,14.22
Heard,Cooksville-Corinth,700,427,37,384,4,425,8.79
Heard,Enon Grove,1156,738,83,644,8,735,11.42
Heard,Ephesus,1321,946,82,852,7,941,8.78
Heard,Franklin,2178,1494,331,1139,20,1490,22.52
Heard,Southwest,640,481,105,375,1,481,21.88
Henry,Austin Road,3374,2548,1733,773,36,2542,69.15
Henry,Cotton Indian,4785,3332,1958,1324,35,3317,59.66
Henry,Dutchtown,2751,2046,1068,947,22,2037,53.0
Henry,East Lake,3389,2736,863,1838,27,2728,31.95
Henry,Ellenwood,4275,3208,2685,491,15,3191,84.54
Henry,Flippen,4430,3427,2443,948,23,3414,72.04
Henry,Grove Park,4079,2778,1263,1471,34,2768,46.2
Henry,Hickory Flat,5122,3913,2636,1221,35,3892,68.34
Henry,Kelleytown,3452,2795,1111,1633,40,2784,40.49
Henry,Lake Dow,5049,3854,1589,2217,31,3837,41.75
Henry,Lake Haven,4260,3123,1483,1584,40,3107,48.35
Henry,Lighthouse,3693,2718,1755,918,30,2703,65.66
Henry,Locust Grove,6978,4879,3274,1504,66,4844,68.52
Henry,Lowes,9878,6846,4666,2064,74,6804,69.33
Henry,McDonough,2838,1999,1451,522,17,1990,73.54
Henry,McDonough Central,4250,3047,1828,1166,29,3023,61.06
Henry,McMullen,3719,2928,969,1898,51,2918,33.8
Henry,Mt Bethel,3535,2680,784,1855,32,2671,29.71
Henry,Mt Carmel,5335,4032,3201,782,31,4014,80.37
Henry,North Hampton,7156,4935,2956,1887,67,4910,61.04
Henry,Oakland,4508,3330,1819,1460,36,3315,55.47
Henry,Pates Creek,5214,3649,2194,1416,25,3635,60.78
Henry,Pleasant Grove,4135,3220,1589,1579,33,3201,50.16
Henry,Red Oak,5610,4090,3420,618,32,4070,84.7
Henry,Sandy Ridge,4875,3646,926,2666,37,3629,25.78
Henry,Shakerag,4047,2948,2567,347,16,2930,88.09
Henry,Shiloh,4077,2635,1891,702,26,2619,72.93
Henry,South Hampton,5476,3858,2074,1715,43,3832,54.74
Henry,Stagecoach,3546,2417,1453,931,19,2403,60.95
Henry,Stockbridge Central,4416,2759,2034,679,34,2747,74.97
Henry,Stockbridge East-West,6541,4391,3662,667,30,4359,84.59
Henry,Swan Lake,3642,2567,1213,1299,40,2552,48.29
Henry,Timberridge,2096,1667,684,956,15,1655,41.71
Henry,Tussahaw,3409,2580,423,2112,38,2573,16.69
Henry,Unity Grove,4850,3688,1150,2486,38,3674,31.63
Henry,Wesley Lakes,6144,4269,3288,916,38,4242,78.21
Henry,Westside,6971,3839,3173,595,44,3812,84.21
Houston,ANNX,4512,3480,1221,2180,60,3461,35.9
Houston,BMS,9536,7641,2685,4812,125,7622,35.81
Houston,CENT,7795,5582,2353,3130,79,5562,42.91
Houston,CGTC,4860,3679,1374,2236,53,3663,38.06
Houston,FMMS,8767,6553,2983,3439,98,6520,46.45
Houston,HAFS,1805,1393,299,1083,7,1389,21.64
Houston,HCTC,6361,4021,2022,1909,63,3994,51.44
Houston,HEFS,1372,1049,361,675,11,1047,34.85
Houston,HHPC,9610,6054,3109,2821,93,6023,52.43
Houston,MCMS,9181,7045,2713,4203,102,7018,39.23
Houston,NSES,2441,1823,676,1120,18,1814,37.64
Houston,RECR,9277,5060,3878,1087,65,5030,78.11
Houston,ROZR,13802,10034,3554,6314,113,9981,36.02
Houston,TMS,5286,3658,2098,1493,50,3641,58.42
Houston,TWPK,4415,3273,1328,1868,59,3255,41.55
Houston,VHS,6295,4821,1578,3164,61,4803,33.28
Irwin,Holt,675,537,97,430,3,530,18.41
Irwin,Irwinville,1796,1277,104,1160,10,1274,8.23
Irwin,Ocilla,3642,2375,807,1544,13,2364,34.33
Jackson,Central Jackson,16263,11816,2429,9157,171,11757,20.96
Jackson,North Jackson,12699,8726,1664,6920,116,8700,19.38
Jackson,South Jackson,8012,5553,1266,4181,73,5520,23.24
Jackson,West Jackson,14977,11735,2283,9239,171,11693,19.81
Jasper,Martin-Burney,3976,2944,311,2597,29,2937,10.69
Jasper,Monticello,4516,3366,1171,2161,20,3352,35.14
Jasper,Wyatt,1940,1359,279,1064,12,1355,20.77
Jeff Davis,Altamaha 1,703,523,68,447,6,521,13.2
Jeff Davis,Altamaha 2,1249,962,43,913,5,961,4.5
Jeff Davis,Blackburn 1,870,499,111,381,5,497,22.56
Jeff Davis,Blackburn 2,722,522,24,493,3,520,4.64
Jeff Davis,Hazlehurst,1406,828,408,406,10,824,50.12
Jeff Davis,Ocmulgee 1,1399,963,127,821,11,959,13.4
Jeff Davis,Ocmulgee 2,499,352,66,280,5,351,19.08
Jeff Davis,Whitehead 1,988,658,152,503,3,658,23.21
Jeff Davis,Whitehead 2,642,481,29,451,0,480,6.04
Jefferson,Avera,388,283,50,232,0,282,17.73
Jefferson,Bartow,531,359,169,184,3,356,47.88
Jefferson,Louisville,3899,2636,1534,1078,13,2625,58.73
Jefferson,Matthews,621,462,137,322,3,462,29.85
Jefferson,Stapleton,678,457,172,280,3,455,38.05
Jefferson,Stapleton Crossroads,441,312,117,188,3,308,38.36
Jefferson,Wadley,1906,1243,854,371,7,1232,69.71
Jefferson,Wrens,2870,1930,1028,882,12,1922,53.82
Jenkins,Court House,1039,669,369,292,6,667,55.82
Jenkins,Four Points,1058,736,245,488,2,735,33.42
Jenkins,Perkins,1021,715,162,548,5,715,22.82
Jenkins,Primary School,974,628,376,242,9,627,60.84
Jenkins,Senior Citizens Center,974,713,114,591,6,711,16.17
Johnson,Bray,790,624,156,460,5,621,25.32
Johnson,Kite,912,677,53,617,4,674,7.91
Johnson,Smith,796,584,61,522,0,583,10.46
Johnson,Wrightsville,3113,2229,952,1251,19,2222,43.21
Jones,Barron,0,1035,276,742,5,1023,27.11
Jones,Clinton,0,1800,468,1316,11,1795,26.23
Jones,Davidson,0,1160,190,960,7,1157,16.52
Jones,Ethridge,0,1278,442,823,9,1274,34.94
Jones,Finney,0,2025,545,1441,24,2010,27.44
Jones,Gray,0,2105,511,1575,15,2101,24.5
Jones,Hawkins,0,2274,1377,868,19,2264,61.34
Jones,Pope,0,1380,445,921,8,1374,32.58
Jones,Roberts,0,1827,604,1204,14,1822,33.41
Jones,Sanders,0,147,30,115,1,146,20.69
Lamar,Barnesville,2546,1522,1013,482,19,1514,67.76
Lamar,Chappell Mill V FD,1577,1204,207,975,16,1198,17.51
Lamar,L C S C,2808,2037,466,1546,19,2031,23.16
Lamar,Milner,3948,2935,527,2368,27,2922,18.2
Lamar,Redbone,623,475,80,389,4,473,17.06
Lamar,Senior Citizen Bldg,1337,904,322,570,9,901,36.1
Lanier,Lakeland,5462,3591,1019,2509,48,3576,28.88
Laurens,Brewton,1739,1179,244,926,8,1178,20.85
Laurens,Buckeye,1047,737,329,397,6,732,45.32
Laurens,Burch,422,321,69,249,2,320,21.7
Laurens,Cadwell,749,561,78,479,2,559,14.0
Laurens,Calhoun Park,6053,3343,2447,849,27,3323,74.24
Laurens,Dudley,1121,935,169,761,1,931,18.17
Laurens,FBC-FLC,4180,3103,1142,1912,33,3087,37.39
Laurens,Fire Dept Sta 5,3672,2875,756,2090,17,2863,26.56
Laurens,Hampton Mill,1772,1365,188,1167,8,1363,13.87
Laurens,Harvard,406,288,124,161,1,286,43.51
Laurens,LCFS 10 Valambrosia,2080,1444,547,883,5,1435,38.25
Laurens,Minter,937,688,44,632,7,683,6.51
Laurens,Reedy Springs,894,693,104,583,5,692,15.14
Laurens,Rural Fire Sta 17,2344,1612,398,1199,13,1610,24.92
Laurens,Smith,3374,1993,931,1040,16,1987,47.23
Laurens,W T Adams Fire Sta 18,2090,1685,503,1165,12,1680,30.16
Lee,CJC,614,495,65,425,3,493,13.27
Lee,Century Fire Station,3162,2306,777,1495,24,2296,34.2
Lee,Chokee,475,352,160,189,0,349,45.85
Lee,First Baptist,3921,3135,941,2152,26,3119,30.42
Lee,Flint Reformed Baptist,2621,1793,461,1308,19,1788,26.06
Lee,Friendship Baptist,1376,999,177,808,9,994,17.97
Lee,Leesburg,3313,2259,674,1558,24,2256,30.2
Lee,Redbone,4841,3506,725,2749,28,3502,20.87
Lee,SDA Church,1576,1242,308,916,14,1238,25.16
Lee,Smithville,998,682,270,407,2,679,39.88
Liberty,Button Gwinnett,2304,561,317,221,21,559,58.92
Liberty,Fleming East,3239,2201,633,1536,24,2193,29.18
Liberty,Fleming West,505,355,255,94,5,354,73.07
Liberty,Gum Branch,3193,1814,884,902,22,1808,49.5
Liberty,Hinesville,1984,1193,653,521,14,1188,55.62
Liberty,Hinesville Lodge 271,2646,1589,1110,440,32,1582,71.61
Liberty,Lewis Frasier School,4317,2915,1818,1034,47,2899,63.74
Liberty,Liberty County Complex,4379,3052,1612,1388,38,3038,53.73
Liberty,Lyman Hall School,4542,2479,1820,612,42,2474,74.84
Liberty,Memorial Dr East,1976,1080,830,219,26,1075,79.12
Liberty,Riceboro Youth Center,1083,800,629,161,7,797,79.62
Liberty,Town of Allenhurst,2398,1641,1218,395,22,1635,75.51
Liberty,Walthourville,3016,1798,1320,436,31,1787,75.17
Lincoln,Bethany Church,575,417,72,340,5,417,17.48
Lincoln,Faith Temple of Lincoln,489,363,128,232,2,362,35.56
Lincoln,Lincoln Center,1489,1137,262,859,12,1133,23.37
Lincoln,Lincoln Club House,799,582,348,230,1,579,60.21
Lincoln,Martins Crossroad,1234,983,185,785,9,979,19.07
Lincoln,Midway,587,437,130,303,2,435,30.02
Lincoln,Tabernacle,1003,748,310,430,5,745,41.89
Long,Alma Flournoy,298,211,33,174,3,210,15.94
Long,Beards Creek,1539,866,336,516,12,864,39.44
Long,Faith Baptist Annex,909,502,119,372,8,499,24.24
Long,North Ludowici,2281,1182,526,627,26,1179,45.62
Long,Rye Patch/Oak Dale,3131,1696,601,1060,31,1692,36.18
Long,South Ludowici,1392,670,329,328,9,666,50.08
Long,Tibet,920,547,89,451,6,546,16.48
Lowndes,Clyattville,4755,2990,806,2146,29,2981,27.3
Lowndes,Dasher,4255,2931,493,2415,20,2928,16.95
Lowndes,Hahira Train Depot,5526,3983,854,3073,42,3969,21.75
Lowndes,Jaycee Shack,6273,3454,2741,653,43,3437,80.76
Lowndes,Mildred,4283,2158,1835,303,9,2147,85.83
Lowndes,Mt Calvary,4447,1749,1572,148,17,1737,91.4
Lowndes,Naylor,1291,955,329,614,7,950,34.89
Lowndes,Northgate Assembly,1997,922,376,526,15,917,41.69
Lowndes,Northside,17467,11017,4717,6096,150,10963,43.62
Lowndes,Rainwater,9877,6592,2395,4096,74,6565,36.9
Lowndes,S Lowndes,3967,2809,624,2154,24,2802,22.46
Lowndes,Trinity,10900,6862,3270,3453,115,6838,48.64
Lowndes,VSU UC # 2,318,121,105,14,2,121,88.24
Lumpkin,Dahlonega,22407,15605,3126,12163,242,15531,20.45
Macon,Ideal,1399,951,409,535,6,950,43.33
Macon,Marshallville,1344,917,544,360,5,909,60.18
Macon,Montezuma #4,1597,1064,713,344,6,1063,67.46
Macon,Montezuma #5,1357,876,680,191,1,872,78.07
Macon,Oglethorpe,1294,872,511,353,4,868,59.14
Madison,Colbert,3342,2408,702,1664,33,2399,29.67
Madison,Collins,647,467,57,403,6,466,12.39
Madison,Comer,1441,1097,364,716,11,1091,33.7
Madison,Danielsville,3003,2174,354,1784,28,2166,16.56
Madison,Fork,566,408,130,273,4,407,32.26
Madison,Harrison,610,486,34,445,7,486,7.1
Madison,Hull,4376,3000,990,1950,42,2982,33.67
Madison,Ila,1746,1187,168,1001,14,1183,14.37
Madison,Mill,1646,1258,178,1060,17,1255,14.38
Madison,Paoli,267,220,27,191,1,219,12.39
Madison,Pittman,1949,1455,292,1135,23,1450,20.46
Madison,Poca,1127,833,115,704,14,833,14.04
Marion,Brantley,396,313,47,262,2,311,15.21
Marion,Buena Vista,2343,1807,1046,730,20,1796,58.9
Marion,Fort Perry,883,589,105,476,5,586,18.07
Marion,Pineknot,971,679,67,600,7,674,10.04
Marion,Tazewell,320,258,46,207,4,257,18.18
McDuffie,131,1172,753,583,157,7,747,78.78
McDuffie,132,1507,1176,138,1025,11,1174,11.87
McDuffie,133A,1278,857,257,590,4,851,30.34
McDuffie,133B,1959,1413,327,1058,23,1408,23.61
McDuffie,134,1908,1357,813,511,23,1347,61.4
McDuffie,135,3089,2191,718,1442,21,2181,33.24
McDuffie,136,1940,1082,895,171,10,1076,83.96
McDuffie,137,1202,955,176,766,10,952,18.68
McDuffie,139,978,725,261,449,9,719,36.76
McIntosh,Crescent,1982,1389,868,501,16,1385,63.4
McIntosh,Darien,2441,1717,654,1041,11,1706,38.58
McIntosh,North Darien,2157,1501,528,943,22,1493,35.89
McIntosh,Sapelo Island,53,42,32,10,0,42,76.19
McIntosh,South Newport,2095,1650,414,1213,19,1646,25.45
McIntosh,Townsend,564,426,116,308,0,424,27.36
Meriwether,Alvaton,1528,1108,377,723,6,1106,34.27
Meriwether,Chalybeate,451,359,48,307,3,358,13.52
Meriwether,Cove,202,163,11,151,1,163,6.79
Meriwether,Durand,730,534,173,357,2,532,32.64
Meriwether,Gay,411,300,75,217,5,297,25.68
Meriwether,Gill I,1662,1196,422,761,9,1192,35.67
Meriwether,Gill II,1000,675,519,146,5,670,78.05
Meriwether,Greenville,2009,1360,667,676,7,1350,49.66
Meriwether,Lone Oak,1263,914,409,492,11,912,45.39
Meriwether,Luthersville,2760,1886,687,1186,5,1878,36.68
Meriwether,Odessadale,296,232,93,138,0,231,40.26
Meriwether,Raleigh,501,384,68,311,4,383,17.94
Meriwether,Warm Springs,1161,838,279,546,7,832,33.82
Meriwether,Woodbury,1363,975,459,513,1,973,47.22
Miller,Colquitt-Miller,3912,2853,749,2066,20,2835,26.61
Mitchell,Baconton,1129,741,331,400,8,739,45.28
Mitchell,Branchville,599,471,82,385,3,470,17.56
Mitchell,Camilla North,1996,1259,1000,248,2,1250,80.13
Mitchell,Camilla South,3475,2383,1171,1197,7,2375,49.45
Mitchell,Cotton,399,317,28,288,0,316,8.86
Mitchell,Hinsonton,134,112,13,99,0,112,11.61
Mitchell,Hopeful,350,255,40,213,0,253,15.81
Mitchell,Lester,1357,872,166,704,2,872,19.08
Mitchell,Pebble City,162,129,21,107,1,129,16.41
Mitchell,Pelham,3489,2174,1080,1080,10,2170,50.0
Mitchell,Sale City,384,278,63,214,0,277,22.74
Monroe,Bentons,2297,1881,402,1458,18,1878,21.61
Monroe,Brantleys,1123,944,136,796,11,943,14.59
Monroe,Burgays,2268,1915,366,1523,15,1904,19.38
Monroe,Cabaniss,800,576,152,415,6,573,26.81
Monroe,Cox,718,562,130,428,3,561,23.3
Monroe,Culloden,454,331,113,214,3,330,34.56
Monroe,Dillards,996,705,135,558,9,702,19.48
Monroe,Evers,2127,1633,332,1274,17,1623,20.67
Monroe,Forsyth,4640,3113,1732,1334,31,3097,56.49
Monroe,High Falls,1994,1295,212,1069,9,1290,16.55
Monroe,Kelseys,722,553,245,305,0,550,44.55
Monroe,Middlebrooks,1319,996,168,810,15,993,17.18
Monroe,Proctors,1214,814,200,600,11,811,25.0
Monroe,Russellville,466,337,61,276,0,337,18.1
Montgomery,Ailey,431,341,95,244,2,341,28.02
Montgomery,Alston,472,376,48,325,1,374,12.87
Montgomery,Higgston,1340,998,217,769,9,995,22.01
Montgomery,Kibbee,532,410,35,369,4,408,8.66
Montgomery,Mount Vernon,1444,966,408,545,9,962,42.81
Montgomery,Tarrytown,333,263,16,247,0,263,6.08
Montgomery,Uvalda,911,626,160,461,2,623,25.76
Morgan,Beth/Springfield,862,702,137,553,7,697,19.86
Morgan,Central Morgan,2761,2194,628,1543,12,2183,28.93
Morgan,Clacks Chapel,709,605,94,502,7,603,15.77
Morgan,East Morgan,2228,1844,395,1412,25,1832,21.86
Morgan,North Morgan,2690,2104,475,1602,22,2099,22.87
Morgan,Northeast Morgan,2919,2184,1205,936,30,2171,56.28
Morgan,West Morgan,2655,2132,421,1682,19,2122,20.02
Murray,Carters-Doolittle,2045,1402,157,1227,11,1395,11.34
Murray,McDonald,2524,1713,238,1453,18,1709,14.07
Murray,North,2123,1532,164,1358,8,1530,10.78
Murray,Shuck Pen,2940,2034,341,1677,13,2031,16.9
Murray,Southwest,3215,2001,227,1757,12,1996,11.44
Murray,Spring Place,3671,2573,473,2068,23,2564,18.61
Murray,Town,5766,4184,702,3403,59,4164,17.1
Muscogee,Britt David,2747,1797,723,1031,32,1786,41.22
Muscogee,Canaan,7078,4016,3286,664,47,3997,83.19
Muscogee,Carver/Mack,4374,2377,2227,122,21,2370,94.81
Muscogee,Columbus Tech,4464,2159,1000,1118,25,2143,47.21
Muscogee,Cornerstone,6684,4578,1841,2640,79,4560,41.08
Muscogee,Cusseta Rd,6169,2819,2589,188,21,2798,93.23
Muscogee,Edgewood Baptist,3235,2025,1365,641,16,2022,68.05
Muscogee,Epworth UMC,4512,2562,1183,1320,49,2552,47.26
Muscogee,Faith Tabernacle,4461,2826,2567,227,17,2811,91.88
Muscogee,First African,1955,935,668,238,20,926,73.73
Muscogee,Gentian/Reese,5612,3596,1865,1670,46,3581,52.76
Muscogee,Holsey/Buena Vista,7613,4501,3896,553,39,4488,87.57
Muscogee,Marianna Gallops,3095,1422,1014,382,17,1413,72.64
Muscogee,Moon/Morningside,5415,3653,1434,2146,49,3629,40.06
Muscogee,Mt Pilgrim,6022,3724,3465,212,30,3707,94.23
Muscogee,Our Lady of Lourdes,10204,4496,3537,864,70,4471,80.37
Muscogee,Psalmond/Mathews,7331,5630,2692,2837,78,5607,48.69
Muscogee,Salvation Army,3192,2158,1129,994,22,2145,53.18
Muscogee,St Andrews/Midland,7959,5727,2605,3024,68,5697,46.28
Muscogee,St John/Belvedere,5341,3385,3124,230,16,3370,93.14
Muscogee,St Mark/Heiferhorn,6492,5015,1676,3243,61,4980,34.07
Muscogee,St Paul/Clubview,5677,4078,1785,2190,66,4041,44.91
Muscogee,St Peter,3265,2304,908,1346,34,2288,40.28
Muscogee,Wynnbrook,2692,2210,722,1453,18,2193,33.2
Muscogee,Wynnton/Britt,5289,2984,2228,716,24,2968,75.68
Newton,Alcovy,4620,3408,1655,1687,51,3393,49.52
Newton,Almon,5009,3516,2705,763,28,3496,78.0
Newton,Beaverdam,5428,3635,2872,710,31,3613,80.18
Newton,Brewers,3538,2551,676,1845,25,2546,26.81
Newton,Brick Store,2623,2048,564,1441,29,2034,28.13
Newton,Buck Creek,4839,3272,1835,1395,31,3261,56.81
Newton,Cedar Shoals,2838,1770,980,759,21,1760,56.35
Newton,City Pond,1833,1065,642,398,21,1061,61.73
Newton,Covington Mills,3111,2071,1085,946,23,2054,53.42
Newton,Crowell,4977,3179,2743,399,21,3163,87.3
Newton,Downs,6215,4403,2374,1954,54,4382,54.85
Newton,Fairview,2953,1828,1573,233,12,1818,87.1
Newton,Gum Creek,4135,3228,943,2244,25,3212,29.59
Newton,Hub,2374,1938,340,1560,31,1931,17.89
Newton,Leguinn,2177,1649,401,1227,16,1644,24.63
Newton,Livingston,4593,2985,2094,837,35,2966,71.44
Newton,Mansfield,1524,1226,145,1066,11,1222,11.97
Newton,Newborn,784,619,109,494,13,616,18.08
Newton,Oxford,2418,1820,586,1204,20,1810,32.74
Newton,Rocky Plains,3658,2443,1105,1297,30,2432,46.0
Newton,Stansells,4969,3262,2416,805,23,3244,75.01
Newton,Town,4378,2591,1951,605,25,2581,76.33
Oconee,Antioch,1397,1173,280,874,12,1166,24.26
Oconee,Bishop,1938,1639,517,1086,25,1628,32.25
Oconee,Bogart,2384,1905,557,1299,27,1883,30.01
Oconee,City Hall,3910,3259,1303,1854,75,3232,41.27
Oconee,Civic Center,4396,3699,1338,2268,54,3660,37.1
Oconee,Colham Ferry,1847,1632,494,1101,21,1616,30.97
Oconee,Dark Corner,3541,3043,666,2309,42,3017,22.39
Oconee,East Oconee,2647,2143,857,1217,39,2113,41.32
Oconee,Farmington,737,603,174,421,5,600,29.24
Oconee,High Shoals,1939,1699,483,1177,30,1690,29.1
Oconee,Marswood Hall,4091,3522,1211,2217,65,3493,35.33
Oconee,North Oconee,1244,1082,282,772,16,1070,26.76
Oglethorpe,Beaverdam,3509,2633,746,1835,39,2620,28.9
Oglethorpe,Crawford,3044,2220,710,1467,31,2208,32.61
Oglethorpe,Lexington,4291,3315,980,2291,32,3303,29.96
Paulding,Beulahland Baptist Church,2547,1875,397,1449,24,1870,21.51
Paulding,Burnt Hickory Park,6242,5026,905,4036,66,5007,18.32
Paulding,Crossroads Library,3662,3153,891,2206,42,3139,28.77
Paulding,D Wright Innovation Ctr,7137,5152,1957,3116,58,5131,38.58
Paulding,Dobbins Middle School,8081,5962,2965,2889,72,5926,50.65
Paulding,Events Place,4923,3557,2226,1281,40,3547,63.47
Paulding,Legacy Bapt Church,4443,3137,1223,1852,48,3123,39.77
Paulding,Mulberry Rock Park,5911,4461,787,3626,36,4449,17.83
Paulding,Nebo Elem School,10070,7234,1958,5133,121,7212,27.61
Paulding,Paulding County Airport,4132,2967,691,2210,57,2958,23.82
Paulding,Paulding Sr Center,5972,4482,1636,2760,72,4468,37.22
Paulding,Picketts Mill Baptist Church,2748,2214,651,1526,29,2206,29.9
Paulding,Poplar Sprgs Bapt Church,4825,3409,1843,1516,34,3393,54.87
Paulding,Russom Elementary,8243,6813,2229,4469,90,6788,33.28
Paulding,Shelton Elementary,5095,4052,1464,2537,37,4038,36.59
Paulding,Taylor Farm Park,2761,2010,745,1242,15,2002,37.49
Paulding,Watson Govt Cmplx,10774,7400,3000,4233,126,7359,41.48
Paulding,West Ridge Church,11546,8672,2658,5856,123,8637,31.22
Paulding,White Oak Park,5833,4137,1478,2588,66,4132,36.35
Peach,Byron 1,2636,2039,600,1408,26,2034,29.88
Peach,Byron 2,5028,3725,1370,2299,43,3712,37.34
Peach,Claude,908,685,133,541,9,683,19.73
Peach,Fort Valley 1,2669,1778,1079,681,13,1773,61.31
Peach,Fort Valley 2,2670,1633,1055,564,11,1630,65.16
Peach,Fort Valley 3,2720,1686,1399,266,13,1678,84.02
Peach,Powersville,1365,1039,284,743,8,1035,27.65
Pickens,Appalachian,1933,1393,231,1136,21,1388,16.9
Pickens,Hill,2042,1534,241,1259,32,1532,16.07
Pickens,Hinton,825,568,59,491,16,566,10.73
Pickens,Jasper,2517,1603,337,1240,16,1593,21.37
Pickens,Jerusalem,1145,860,101,755,3,859,11.8
Pickens,Ludville,721,489,38,442,6,486,7.92
Pickens,Nelson,1474,1041,151,866,19,1036,14.85
Pickens,Refuge,2490,1766,238,1499,20,1757,13.7
Pickens,Sharptop,2616,2106,474,1586,36,2096,23.01
Pickens,Talking Rock,1781,1230,131,1086,10,1227,10.76
Pickens,Tate,2651,1906,224,1654,27,1905,11.93
Pickens,Yellow Creek,3571,2679,583,2061,27,2671,22.05
Pierce,Alabaha,918,665,55,602,3,660,8.37
Pierce,Blackshear,3207,2216,226,1969,14,2209,10.3
Pierce,Hacklebarney-Cason,3524,2398,478,1898,15,2391,20.12
Pierce,Mershon,478,362,25,337,0,362,6.91
Pierce,Otter Creek,1397,1023,80,935,6,1021,7.88
Pierce,Patterson,1311,957,131,821,3,955,13.76
Pierce,St Johns-Blackshear,1611,1222,101,1113,8,1222,8.32
Pierce,Sunset-Sweat,271,228,4,224,0,228,1.75
Pike,Concord,0,1140,246,881,6,1133,21.83
Pike,Hollonville,0,1402,113,1277,8,1398,8.13
Pike,Lifsey Springs,0,885,104,771,7,882,11.89
Pike,Meansville,0,1023,103,907,8,1018,10.2
Pike,Molena,0,1173,181,980,11,1172,15.59
Pike,Second District,0,2061,243,1799,13,2055,11.9
Pike,Williamson,0,1424,160,1244,16,1420,11.4
Pike,Zebulon,0,1645,355,1268,19,1642,21.87
Polk,Aragon,3224,2335,386,1926,20,2332,16.7
Polk,Blooming Grove,1659,1166,187,966,10,1163,16.22
Polk,Cedartown,6205,4173,1331,2783,42,4156,32.35
Polk,Fish Creek,2566,1897,294,1584,17,1895,15.65
Polk,Lake Creek,2828,2222,306,1901,8,2215,13.86
Polk,Rockmart,5746,4222,989,3178,41,4208,23.73
Polk,Youngs Grove,1961,1433,165,1251,14,1430,11.65
Pulaski,Courthouse Annex,5687,4081,1217,2805,37,4059,30.26
Putnam,101,3264,2239,991,1216,23,2230,44.9
Putnam,104,3380,2364,1148,1181,18,2347,49.29
Putnam,105,3734,3069,558,2472,21,3051,18.42
Putnam,106,1332,1020,160,843,10,1013,15.95
Putnam,107,4293,3225,591,2579,44,3214,18.64
Quitman,Georgetown,1454,1047,467,565,5,1037,45.25
Quitman,Morris,93,69,30,39,0,69,43.48
Rabun,Rabun County,13072,9632,1984,7474,110,9568,20.98
Randolph,Benevolence,354,257,77,179,1,257,30.08
Randolph,Coleman,229,173,80,90,2,172,47.06
Randolph,Cuthbert,323,242,225,11,1,237,95.34
Randolph,Cuthbert-Courthouse,2253,1533,833,690,6,1529,54.69
Randolph,Shellman,929,693,331,358,1,690,48.04
Randolph,Springvale,253,189,125,63,1,189,66.49
Richmond,101,896,661,355,294,8,657,54.7
Richmond,102,1278,664,483,160,8,651,75.12
Richmond,103,1428,791,752,26,2,780,96.66
Richmond,104,2976,1677,1540,109,17,1666,93.39
Richmond,105,832,552,511,34,5,550,93.76
Richmond,106,1182,520,384,125,9,518,75.44
Richmond,107,1800,1304,697,578,20,1295,54.67
Richmond,108,517,337,287,40,7,334,87.77
Richmond,109,1052,636,515,98,18,631,84.01
Richmond,111,1578,898,704,184,8,896,79.28
Richmond,112,882,546,336,202,6,544,62.45
Richmond,114,856,451,385,56,2,443,87.3
Richmond,115,1332,262,146,108,8,262,57.48
Richmond,201,581,795,749,34,10,793,95.66
Richmond,202,4492,2563,1790,727,32,2549,71.12
Richmond,203,991,548,526,11,6,543,97.95
Richmond,204,1578,1105,563,510,28,1101,52.47
Richmond,207,2705,1391,1221,151,11,1383,88.99
Richmond,208,2651,1452,1192,241,16,1449,83.18
Richmond,210,1507,984,823,149,8,980,84.67
Richmond,301,2409,1957,761,1154,30,1945,39.74
Richmond,302,1032,618,470,135,8,613,77.69
Richmond,303,1417,1168,359,779,20,1158,31.55
Richmond,304,365,278,112,158,5,275,41.48
Richmond,305,428,390,101,276,5,382,26.79
Richmond,306,3934,2604,1681,867,43,2591,65.97
Richmond,307,1642,1221,472,702,25,1199,40.2
Richmond,308,622,397,235,152,8,395,60.72
Richmond,309,3340,2478,2135,307,26,2468,87.43
Richmond,310,5163,3608,2736,801,53,3590,77.35
Richmond,401,2093,1537,1424,94,9,1527,93.81
Richmond,402,3311,1730,1495,189,34,1718,88.78
Richmond,404,1748,1186,1030,142,10,1182,87.88
Richmond,405,4424,3214,2917,264,20,3201,91.7
Richmond,406,3221,2368,2130,205,23,2358,91.22
Richmond,501,3549,2148,1861,269,11,2141,87.37
Richmond,502,4138,2578,2296,249,26,2571,90.22
Richmond,503,4021,2469,2061,363,27,2451,85.02
Richmond,504,2339,1275,909,336,20,1265,73.01
Richmond,506,416,236,162,69,1,232,70.13
Richmond,507,968,648,487,147,12,646,76.81
Richmond,509,2172,1463,1248,197,9,1454,86.37
Richmond,601,3988,2256,1693,523,35,2251,76.4
Richmond,603,3570,2272,1181,1038,32,2251,53.22
Richmond,604,1811,1056,724,313,12,1049,69.82
Richmond,605,3880,2300,1508,755,31,2294,66.64
Richmond,607,1812,1244,1145,80,10,1235,93.47
Richmond,608,1472,1031,420,590,19,1029,41.58
Richmond,701,2403,1844,710,1087,32,1829,39.51
Richmond,702,1943,1419,530,852,31,1413,38.35
Richmond,703,4644,2903,1647,1189,47,2883,58.07
Richmond,705,2276,1698,732,928,18,1678,44.1
Richmond,706,3315,2489,972,1451,49,2472,40.12
Richmond,707,2122,1386,858,506,14,1378,62.9
Richmond,708,305,235,73,161,0,234,31.2
Richmond,709,576,414,211,194,7,412,52.1
Richmond,801,523,368,114,248,1,363,31.49
Richmond,801B,523,372,92,276,1,369,25.0
Richmond,802,3251,2103,729,1344,24,2097,35.17
Richmond,803,252,113,77,32,2,111,70.64
Richmond,804,2096,1388,808,567,9,1384,58.76
Richmond,804H,2863,1940,900,1001,27,1928,47.34
Richmond,805,798,550,379,166,3,548,69.54
Richmond,806,1212,835,329,495,9,833,39.93
Richmond,807,1578,944,698,232,11,941,75.05
Richmond,808,2366,1709,832,843,24,1699,49.67
Richmond,809,879,638,586,45,4,635,92.87
Richmond,810,425,315,135,173,5,313,43.83
Rockdale,BA,4803,3530,2204,1274,34,3512,63.37
Rockdale,BT,4007,2754,1099,1600,38,2737,40.72
Rockdale,CO,3862,2202,1714,453,23,2190,79.1
Rockdale,FI,6328,4348,3672,609,33,4314,85.77
Rockdale,FS,4038,2794,2198,571,18,2787,79.38
Rockdale,HC,2411,1760,968,762,20,1750,55.95
Rockdale,HI,3515,2474,1611,835,16,2462,65.86
Rockdale,LA,2001,1237,855,351,22,1228,70.9
Rockdale,LO,3943,3044,1798,1200,21,3019,59.97
Rockdale,MA,3180,2236,1226,962,35,2223,56.03
Rockdale,MI,4226,2656,2054,557,31,2642,78.67
Rockdale,OT,6135,3706,3107,553,28,3688,84.89
Rockdale,RO,4633,3209,2339,834,28,3201,73.72
Rockdale,SM,4308,3146,2326,763,33,3122,75.3
Rockdale,SP,4781,3405,2600,759,26,3385,77.4
Rockdale,ST,3334,2441,1473,929,24,2426,61.32
Schley,Precinct One,2882,2284,462,1800,13,2275,20.42
Screven,Bay Branch,0,716,102,606,4,712,14.41
Screven,Cooperville Fire Station,0,186,128,57,1,186,69.19
Screven,Greenhill Church,0,634,146,479,5,630,23.36
Screven,Hiltonia,0,620,286,327,4,617,46.66
Screven,Hunters,0,360,128,228,2,358,35.96
Screven,Jackson Fire Station,0,296,84,209,1,294,28.67
Screven,Jenk Hill Fire Sta,0,799,402,386,8,796,51.02
Screven,Newington,0,764,253,506,2,761,33.33
Screven,Rocky Ford,0,383,86,293,3,382,22.69
Screven,Screven Rec Dept,0,288,154,128,4,286,54.61
Screven,Sr Citizens Center,0,794,519,264,6,789,66.28
Screven,Sylvania,0,821,373,433,11,817,46.28
Seminole,Precinct 1,1292,881,215,659,5,879,24.6
Seminole,Precinct 2,1122,755,257,492,2,751,34.31
Seminole,Precinct 3,1174,632,530,89,5,624,85.62
Seminole,Precinct 4,1121,778,155,619,3,777,20.03
Seminole,Precinct 5,1227,855,97,752,4,853,11.43
Spalding,01,2260,1026,859,152,6,1017,84.97
Spalding,02,1956,977,844,116,7,967,87.92
Spalding,03,2774,2141,575,1516,29,2120,27.5
Spalding,05,3715,2090,1190,875,18,2083,57.63
Spalding,06,2438,1265,952,292,11,1255,76.53
Spalding,07,1705,1318,327,964,23,1314,25.33
Spalding,08,1789,1321,362,939,16,1317,27.82
Spalding,09,1950,1327,206,1106,13,1325,15.7
Spalding,10,1981,1461,537,910,12,1459,37.11
Spalding,11,2506,1840,615,1195,19,1829,33.98
Spalding,12,2163,1613,279,1306,23,1608,17.6
Spalding,13,2586,1711,249,1445,10,1704,14.7
Spalding,14,1985,1195,364,817,12,1193,30.82
Spalding,16,4596,2635,1755,849,18,2622,67.4
Spalding,17,2011,1167,397,755,9,1161,34.46
Spalding,19,2664,1887,537,1334,14,1885,28.7
Spalding,20,2190,1501,238,1252,9,1499,15.97
Spalding,21,4716,3775,1498,2234,26,3758,40.14
Stephens,Senior Center,0,11949,2385,9368,132,11885,20.29
Stewart,Louvale,286,210,125,83,1,209,60.1
Stewart,Lumpkin,1134,782,478,292,5,775,62.08
Stewart,Omaha,217,159,78,81,0,159,49.06
Stewart,Richland,1256,855,501,345,1,847,59.22
Sumter,Agri-Center,2059,1454,577,862,14,1453,40.1
Sumter,Airport,1767,1356,614,728,6,1348,45.75
Sumter,Andersonville,434,362,87,268,6,361,24.51
Sumter,Browns Mill,929,690,219,465,2,686,32.02
Sumter,Concord,376,301,41,260,0,301,13.62
Sumter,GSW Conf Center,3044,2105,975,1091,26,2092,47.19
Sumter,Leslie,1687,1200,416,770,9,1195,35.08
Sumter,Plains,1061,783,379,397,5,781,48.84
Sumter,Rec Dept,2667,1755,1437,296,14,1747,82.92
Sumter,Reese Park,3064,1746,1357,368,12,1737,78.67
Sumter,Thompson,712,449,216,227,6,449,48.76
Talbot,Box Springs,469,347,144,200,1,345,41.86
Talbot,Flint Hill,1048,831,488,330,6,824,59.66
Talbot,Geneva,482,378,217,158,2,377,57.87
Talbot,Junction City,437,325,203,120,1,324,62.85
Talbot,ONeal,555,449,256,189,2,447,57.53
Talbot,Talbotton,884,646,517,123,4,644,80.78
Talbot,Valley,688,568,289,272,0,561,51.52
Taliaferro,Crawfordville,992,745,447,289,3,739,60.73
Taliaferro,Sharon,253,189,114,71,4,189,61.62
Tattnall,Cobbtown,761,541,99,436,4,539,18.5
Tattnall,Collins,1482,1016,227,783,3,1013,22.48
Tattnall,District II,2500,1621,532,1073,10,1615,33.15
Tattnall,District IV,2497,1749,512,1221,12,1745,29.54
Tattnall,District V,1062,722,93,620,6,719,13.04
Tattnall,East Glennville,2506,1806,365,1405,28,1798,20.62
Tattnall,Manassas,265,198,51,145,2,198,26.02
Tattnall,Shiloh,1111,558,182,370,4,556,32.97
Taylor,Precinct 1,1108,687,555,119,7,681,82.34
Taylor,Precinct 5,2219,1637,252,1364,11,1627,15.59
Taylor,Precinct 6,2073,1535,580,935,16,1531,38.28
Telfair,Helena,969,662,216,438,4,658,33.03
Telfair,Jacksonville,628,451,95,351,1,447,21.3
Telfair,Lumber-City,963,729,334,386,6,726,46.39
Telfair,McRae,2337,1624,715,893,9,1617,44.47
Telfair,Milan,802,635,73,558,1,632,11.57
Telfair,Scotland,333,253,54,199,0,253,21.34
Terrell,Bronwood,885,602,281,315,3,599,47.15
Terrell,Dawson,3043,1903,1434,439,19,1892,76.56
Terrell,Graves,598,439,146,289,1,436,33.56
Terrell,Herod-Dover,301,212,91,118,2,211,43.54
Terrell,Parrott,412,321,114,206,1,321,35.62
Terrell,Sasser,1355,960,310,637,10,957,32.73
Thomas,Barwick,630,489,103,380,3,486,21.33
Thomas,Boston,1632,1151,546,592,10,1148,47.98
Thomas,Central,3523,2603,850,1719,24,2593,33.09
Thomas,Coolidge,983,734,162,561,7,730,22.41
Thomas,Douglass,2448,1495,1211,263,12,1486,82.16
Thomas,Fire Station #2,1404,1133,324,798,6,1128,28.88
Thomas,Gatlin Creek,2069,1582,408,1157,15,1580,26.07
Thomas,Harper,2001,1320,999,300,12,1311,76.91
Thomas,Jerger,1898,1483,580,883,16,1479,39.64
Thomas,LIttle Ochlocknee Baptist Church,1132,919,182,730,4,916,19.96
Thomas,Meigs,864,591,239,344,4,587,40.99
Thomas,Merrillville,701,505,133,368,2,503,26.55
Thomas,Metcalfe,299,229,64,163,0,227,28.19
Thomas,New Covenant,2155,1592,412,1160,18,1590,26.21
Thomas,Ochlocknee,1175,839,149,684,3,836,17.89
Thomas,Patten,397,310,58,251,1,310,18.77
Thomas,Pavo,673,495,90,401,2,493,18.33
Thomas,Remington Esc,2190,1635,635,973,19,1627,39.49
Thomas,Resource Center,1363,894,811,71,6,888,91.95
Thomas,Scott,2491,1947,752,1156,27,1935,39.41
Tift,Brighton,2219,1808,304,1480,18,1802,17.04
Tift,Brookfield,1501,1057,162,882,13,1057,15.52
Tift,Chula,1314,1070,158,899,8,1065,14.95
Tift,Docia,1056,851,90,756,4,850,10.64
Tift,Eldorado,1262,895,111,771,6,888,12.59
Tift,Mott-Litman Gym,2889,1467,1174,272,15,1461,81.19
Tift,Omega,864,546,129,403,11,543,24.25
Tift,Tifton Lodge,3091,2074,701,1344,19,2064,34.28
Tift,Tifton Northeast,3332,2154,818,1291,32,2141,38.79
Tift,Tifton Northwest,3334,2362,685,1637,32,2354,29.5
Tift,Tifton South,2366,1212,783,409,15,1207,65.69
Tift,Ty Ty,1221,855,207,640,4,851,24.44
Toombs,15361 Lyons,0,2278,597,1656,14,2267,26.5
Toombs,39 Newbranch,0,1067,109,946,7,1062,10.33
Toombs,43 Cedar Crossing,0,993,72,908,12,992,7.35
Toombs,513 VPD,0,4044,1271,2709,46,4026,31.93
Toombs,514 STIALC,0,2581,890,1653,24,2567,35.0
Towns,Hiawassee,3542,2708,523,2162,11,2696,19.48
Towns,Macedonia,3828,2821,477,2299,24,2800,17.18
Towns,Young Harris,3323,2487,550,1923,10,2483,22.24
Treutlen,Annex,0,1445,133,1300,7,1440,9.28
Treutlen,Soperton,0,1650,819,801,17,1637,50.56
Troup,Administration Bldg,3907,2105,1423,645,24,2092,68.81
Troup,East Vernon,3117,2434,443,1958,25,2426,18.45
Troup,Gardner Newman,2876,2115,886,1195,26,2107,42.58
Troup,Gray Hill,1878,1370,357,991,19,1367,26.48
Troup,Griggs Center,2457,1266,1153,94,14,1261,92.46
Troup,Hammett Rd,4354,2775,1709,1025,30,2764,62.51
Troup,Highland,1686,1127,605,511,7,1123,54.21
Troup,Hogansville,3806,2710,857,1817,28,2702,32.05
Troup,Hollis Hand,3554,2777,707,1997,46,2750,26.15
Troup,Long Cane,3249,2437,626,1772,27,2425,26.11
Troup,McClendon,3533,2801,629,2132,27,2788,22.78
Troup,Northside,2600,1855,791,1042,15,1848,43.15
Troup,Rosemont,3893,3103,561,2515,24,3100,18.24
Troup,West Point,2054,1309,831,449,16,1296,64.92
Turner,Ashburn,3509,2283,1217,1025,27,2269,54.28
Turner,Rebecca,464,337,45,289,2,336,13.47
Turner,Sycamore,1609,1189,148,1035,4,1187,12.51
Twiggs,Dry Branch,1550,980,190,781,6,977,19.57
Twiggs,Golden Isles,1692,1180,687,484,9,1180,58.67
Twiggs,Higgsville,758,567,151,410,1,562,26.92
Twiggs,Jeffersonville/Ware,1464,1121,710,401,7,1118,63.91
Twiggs,Shady Grove/Tarvers,840,610,306,294,7,607,51.0
Union,Blairsville,2435,1896,355,1518,12,1885,18.95
Union,Choestoe,1377,1121,199,908,10,1117,17.98
Union,Coosa,2294,1860,268,1575,11,1854,14.54
Union,Dooley,1531,1233,260,950,13,1223,21.49
Union,Gumlog,2143,1724,277,1429,11,1717,16.24
Union,Ivy Log,2008,1691,267,1400,15,1682,16.02
Union,Jones Creek,1945,1634,276,1342,5,1623,17.06
Union,Owltown,1517,1240,258,962,10,1230,21.15
Union,Pat Colwell,2230,1872,368,1488,9,1865,19.83
Union,Suches,611,478,93,381,2,476,19.62
Union,Trackrock,1110,896,180,698,10,888,20.5
Upson,Redbone,8219,6048,1280,4717,40,6037,21.34
Upson,Salem,370,312,266,44,2,312,85.81
Upson,Town,8239,5551,2405,3064,50,5519,43.98
Upson,Yatesville,1347,1039,250,783,4,1037,24.2
Walker,Armuchee Valley,1453,1063,164,885,10,1059,15.63
Walker,Chattanooga Valley,6325,4535,996,3442,66,4504,22.44
Walker,Chickamauga,6890,5015,846,4089,61,4996,17.14
Walker,Fairview,3101,1902,418,1449,25,1892,22.39
Walker,Fairyland,1265,963,321,593,22,936,35.12
Walker,Kensington,1347,970,199,751,15,965,20.95
Walker,La Fayette,6547,4240,832,3325,70,4227,20.01
Walker,Mountain,1254,917,178,714,13,905,19.96
Walker,Rock Spring,6275,4606,700,3831,53,4584,15.45
Walker,Rossville,6255,3721,943,2710,55,3708,25.81
Walker,Walnut Grove,2212,1582,172,1385,21,1578,11.05
Walton,Bay Creek,3401,2608,498,2064,37,2599,19.44
Walton,Between,4925,3935,763,3113,44,3920,19.69
Walton,Blasingame,1115,929,107,816,6,929,11.59
Walton,Bold Springs,4653,3763,738,2969,40,3747,19.91
Walton,Broken Arrow,4380,3270,605,2616,39,3260,18.78
Walton,E Monroe,4119,2345,922,1388,24,2334,39.91
Walton,Good Hope,2149,1686,239,1425,15,1679,14.36
Walton,Gratis,1243,1040,131,896,11,1038,12.76
Walton,Jersey,1970,1594,155,1412,24,1591,9.89
Walton,Loganville North,5225,3622,993,2559,50,3602,27.96
Walton,Loganville South,3768,2682,830,1797,38,2665,31.59
Walton,Mountain,1657,1220,182,1026,10,1218,15.07
Walton,North Monroe,4818,2861,1512,1311,31,2854,53.56
Walton,Social Circle,4604,3332,928,2347,40,3315,28.34
Walton,South Monroe,3910,2582,755,1779,36,2570,29.79
Walton,Tara,4050,3055,1382,1633,27,3042,45.84
Walton,W Monroe,2027,1610,313,1276,14,1603,19.7
Walton,Walker Park,3858,2880,499,2348,26,2873,17.53
Walton,Walnut Grove,2661,1951,295,1629,18,1942,15.33
Walton,West Walton,4219,3314,703,2564,34,3301,21.52
Walton,Whatley,1254,1015,132,874,7,1013,13.12
Ware,100,4740,2503,2001,479,12,2492,80.69
Ware,200A,2730,1672,574,1062,30,1666,35.09
Ware,200B,976,511,290,206,7,503,58.47
Ware,300,4061,2746,630,2087,19,2736,23.19
Ware,304,1269,799,113,679,6,798,14.27
Ware,400,3538,2600,364,2212,16,2592,14.13
Ware,404,373,291,24,263,1,288,8.36
Ware,405,636,480,23,454,2,479,4.82
Ware,406,1659,1193,104,1067,17,1188,8.88
Ware,407,505,362,17,339,2,358,4.78
Ware,408,523,379,19,359,1,379,5.03
Ware,409,984,717,52,658,3,713,7.32
Warren,Warrenton,3785,2663,1469,1166,16,2651,55.75
Washington,Davisboro,814,611,254,354,2,610,41.78
Washington,Deepstep,554,431,111,312,4,427,26.24
Washington,Harrison,1005,758,252,494,9,755,33.78
Washington,Oconee,581,441,208,227,2,437,47.82
Washington,Riddleville,561,434,149,281,3,433,34.65
Washington,Sandersville,6221,4485,2486,1942,35,4463,56.14
Washington,Tennille,2512,1766,1024,726,9,1759,58.51
Washington,Warthen,742,580,246,327,2,575,42.93
Wayne,Altamaha,2857,1802,408,1379,10,1797,22.83
Wayne,Empire,1106,881,73,795,9,877,8.41
Wayne,Gardi,1123,822,78,737,5,820,9.57
Wayne,Madray Springs,1176,915,64,845,3,912,7.04
Wayne,Odum,1260,999,89,906,2,997,8.94
Wayne,Oglethorpe,1741,1271,168,1092,10,1270,13.33
Wayne,Pine Street,1140,744,337,395,8,740,46.04
Wayne,Rec Center,1766,1263,282,960,17,1259,22.71
Wayne,Red Hill,1036,704,130,565,8,703,18.71
Wayne,Screven,1849,1392,195,1190,7,1392,14.08
Wayne,Unity,1905,1349,363,967,18,1348,27.29
Wayne,VFW,1145,668,500,156,7,663,76.22
Webster,Preston 1,1705,1400,639,748,3,1390,46.07
Wheeler,Alamo,0,1376,452,906,10,1368,33.28
Wheeler,Glenwood,0,922,237,677,3,917,25.93
White,Blue Creek,2352,1805,359,1412,25,1796,20.27
White,Blue Ridge,929,658,89,559,7,655,13.73
White,Helen,609,421,112,307,2,421,26.73
White,Mossy Creek,3164,2265,253,1977,30,2260,11.35
White,Mt Yonah,4468,3155,544,2549,42,3135,17.59
White,Nacoochee,1552,1248,365,866,10,1241,29.65
White,Robertstown,407,318,69,245,3,317,21.97
White,Shoal Creek,2538,1677,181,1464,20,1665,11.0
White,Tesnatee,1231,920,158,743,10,911,17.54
White,Town Creek,1593,1142,169,948,20,1137,15.13
White,White Creek,1779,1288,112,1152,14,1278,8.86
Whitfield,1A,2533,1364,689,651,19,1359,51.42
Whitfield,2A,3090,2181,678,1451,29,2158,31.85
Whitfield,3A,2221,1578,559,974,27,1560,36.46
Whitfield,4A,2586,1915,710,1169,23,1902,37.79
Whitfield,5A,2238,1151,782,346,17,1145,69.33
Whitfield,6A,1690,840,565,259,12,836,68.57
Whitfield,AN,2474,1333,618,693,12,1323,47.14
Whitfield,CA,1953,1232,240,980,8,1228,19.67
Whitfield,CO,1431,1032,177,844,9,1030,17.34
Whitfield,DG,3295,2288,698,1542,36,2276,31.16
Whitfield,ES,1702,980,343,618,14,975,35.69
Whitfield,FI,2146,1401,395,983,21,1399,28.66
Whitfield,GL,2510,1642,616,1004,14,1634,38.02
Whitfield,LT,1148,878,111,758,7,876,12.77
Whitfield,MC,1659,1246,164,1061,15,1240,13.39
Whitfield,NI,2456,1727,278,1430,15,1723,16.28
Whitfield,PG,4721,3331,911,2376,29,3316,27.72
Whitfield,TH,3836,2667,546,2072,38,2656,20.86
Whitfield,TI,775,515,76,430,7,513,15.02
Whitfield,TR,1335,1053,132,900,17,1049,12.79
Whitfield,UT,1053,799,104,683,7,794,13.21
Whitfield,VA,5250,3827,838,2919,48,3805,22.31
Whitfield,WS,2647,1956,440,1493,16,1949,22.76
Wilcox,Abbeville North 2,441,384,109,272,2,383,28.61
Wilcox,Abbeville South 5,1123,710,149,554,3,706,21.19
Wilcox,Pineview 2,630,461,194,264,2,460,42.36
Wilcox,Pitts 3,876,643,76,563,1,640,11.89
Wilcox,Rochelle North 1,558,334,235,92,3,330,71.87
Wilcox,Rochelle South 4,1033,763,99,658,5,762,13.08
Wilkes,Courthouse,1001,761,255,498,6,759,33.86
Wilkes,Edward B Pope Center,1017,685,484,192,6,682,71.6
Wilkes,Metasville Fire Sta,610,462,132,328,2,462,28.7
Wilkes,Rayle City Hall,570,421,136,275,6,417,33.09
Wilkes,Senior Citizen Center,1552,1082,677,389,10,1076,63.51
Wilkes,Tignal Sch Lunch Rm,896,702,260,431,7,698,37.63
Wilkes,Young Farmers Bldg,1173,940,216,710,9,935,23.33
Wilkinson,Bloodworth,434,353,36,315,2,353,10.26
Wilkinson,Griffin,184,158,31,125,1,157,19.87
Wilkinson,High Hill,173,139,27,110,0,137,19.71
Wilkinson,Irwinton,875,660,360,295,3,658,54.96
Wilkinson,Ivey,960,649,89,549,10,648,13.95
Wilkinson,Lord,735,558,233,317,6,556,42.36
Wilkinson,Midway,938,661,534,121,0,655,81.53
Wilkinson,Ramah,1709,1264,667,585,6,1258,53.27
Wilkinson,Turkey Creek,462,350,98,247,3,348,28.41
Worth,Bridgeboro,1286,832,134,689,7,830,16.28
Worth,County Line,887,499,83,415,0,498,16.67
Worth,Doles,449,317,30,284,2,316,9.55
Worth,Isabella,1424,1016,126,879,10,1015,12.54
Worth,Minton,543,413,29,383,0,412,7.04
Worth,Oakfield,229,155,47,104,1,152,31.13
Worth,Piney Woods,336,212,83,127,0,210,39.52
Worth,Poulan,887,599,112,485,2,599,18.76
Worth,Red Rock,1287,743,152,585,6,743,20.62
Worth,Scooterville,603,409,28,380,1,409,6.86
Worth,Shingler,554,422,45,375,1,421,10.71
Worth,Sumner,871,577,113,462,2,577,19.65
Worth,Sylvester,3006,1687,1045,616,15,1676,62.91
Worth,Sylvester East,1406,947,225,709,9,943,24.09
Worth,Warwick,701,487,143,337,4,484,29.79
