"SUMLVL","LEVEL","S203_GEOID","ST","CNTY","NAMELSAD","LANGUAGE","VACIT","MVACIT","VACLEP","MVACLEP","ILLIT","MILLIT","LEPPCT","MLEPPCT","ILLRAT","MILLRAT","FLAG10","FLAG5","FLAG_EDU","FLAG_AIAN","FLAG_ANRC","FLAG_COV"
"040","State","0400000US06","06","000","California","Total Population",25490000,0,NA,NA,NA,NA,NA,NA,NA,NA,0,0,0,0,0,0
"040","State","0400000US06","06","000","California","Hispanic",7593000,14960,1467000,5825,230500,2154,5.8,0,15.7,0.1,0,1,1,0,0,1
"040","State","0400000US12","12","000","Florida","Total Population",14990000,0,NA,NA,NA,NA,NA,NA,NA,NA,0,0,0,0,0,0
"040","State","0400000US12","12","000","Florida","Hispanic",2982000,9462,895200,5571,62920,1203,6,0,7,0.1,0,1,1,0,0,1
"040","State","0400000US48","48","000","Texas","Total Population",18180000,0,NA,NA,NA,NA,NA,NA,NA,NA,0,0,0,0,0,0
"040","State","0400000US48","48","000","Texas","Hispanic",5429000,11050,1026000,5723,130800,1671,5.6,0,12.7,0.2,0,1,1,0,0,1
"050","County","0500000US02013","02","013","Aleutians East Borough","Total Population",2242,0,NA,NA,NA,NA,NA,NA,NA,NA,0,0,0,0,0,0
"050","County","0500000US02013","02","013","Aleutians East Borough","Yup'ik alone or in combination",NA,NA,NA,NA,NA,NA,NA,NA,NA,NA,0,0,0,0,1,1
"050","County","0500000US02016","02","016","Aleutians West Census Area","Total Population",3381,0,NA,NA,NA,NA,NA,NA,NA,NA,0,0,0,0,0,0
"050","County","0500000US02016","02","016","Aleutians West Census Area","Filipino alone or in combination",857,51,178,27,9,5,5.3,0.8,5.1,2.6,0,1,1,0,0,1
"050","County","0500000US02050","02","050","Bethel Census Area","Total Population",11530,0,NA,NA,NA,NA,NA,NA,NA,NA,0,0,0,0,0,0
"050","County","0500000US02050","02","050","Bethel Census Area","Yup'ik alone or in combination",8563,111,1559,172,162,19,13.5,1.5,10.4,1.5,0,1,1,1,1,1
"050","County","0500000US02060","02","060","Bristol Bay Borough","Total Population",682,0,NA,NA,NA,NA,NA,NA,NA,NA,0,0,0,0,0,0
"050","County","0500000US02060","02","060","Bristol Bay Borough","Yup'ik alone or in combination",91,15,3,1,0,0,0.4,0.1,0,2.7,0,0,0,0,1,1
"050","County","0500000US02070","02","070","Dillingham Census Area","Total Population",3394,0,NA,NA,NA,NA,NA,NA,NA,NA,0,0,0,0,0,0
"050","County","0500000US02070","02","070","Dillingham Census Area","Yup'ik alone or in combination",2411,54,235,20,54,9,6.9,0.6,23,4.1,0,1,1,1,1,1
"050","County","0500000US02122","02","122","Kenai Peninsula Borough","Total Population",44500,0,NA,NA,NA,NA,NA,NA,NA,NA,0,0,0,0,0,0
"050","County","0500000US02122","02","122","Kenai Peninsula Borough","Yup'ik alone or in combination",478,83,17,5,1,0,0,0,5.9,2.3,0,0,1,0,1,1
"050","County","0500000US02150","02","150","Kodiak Island Borough","Total Population",8661,0,NA,NA,NA,NA,NA,NA,NA,NA,0,0,0,0,0,0
"050","County","0500000US02150","02","150","Kodiak Island Borough","Yup'ik alone or in combination",70,27,5,4,0,0,0.1,0,0,3.2,0,0,0,0,1,1
"050","County","0500000US02150","02","150","Kodiak Island Borough","Filipino alone or in combination",1232,92,618,72,57,22,7.1,0.8,9.2,3.4,0,1,1,0,0,1
"050","County","0500000US02158","02","158","Kusilvak Census Area","Total Population",4880,0,NA,NA,NA,NA,NA,NA,NA,NA,0,0,0,0,0,0
"050","County","0500000US02158","02","158","Kusilvak Census Area","Yup'ik alone or in combination",3829,72,304,23,43,7,6.2,0.5,14.1,2,0,1,1,1,1,1
"050","County","0500000US02164","02","164","Lake and Peninsula Borough","Total Population",1047,0,NA,NA,NA,NA,NA,NA,NA,NA,0,0,0,0,0,0
"050","County","0500000US02164","02","164","Lake and Peninsula Borough","Aleut alone or in combination",423,119,9,6,2,2,0.9,0.5,22.2,10.5,0,0,1,1,0,1
"050","County","0500000US02164","02","164","Lake and Peninsula Borough","Yup'ik alone or in combination",149,28,6,2,0,0,0.6,0.1,0,4.9,0,0,0,1,1,1
"050","County","0500000US02180","02","180","Nome Census Area","Total Population",6390,0,NA,NA,NA,NA,NA,NA,NA,NA,0,0,0,0,0,0
"050","County","0500000US02180","02","180","Nome Census Area","Yup'ik alone or in combination",1568,67,167,20,8,3,2.6,0.3,4.8,1.7,0,0,1,1,0,1
"050","County","0500000US02185","02","185","North Slope Borough","Total Population",6964,0,NA,NA,NA,NA,NA,NA,NA,NA,0,0,0,0,0,0
"050","County","0500000US02185","02","185","North Slope Borough","Inupiat alone or in combination",2882,915,319,112,16,9,4.6,1.6,5,2.7,0,0,1,1,1,1
"050","County","0500000US02188","02","188","Northwest Arctic Borough","Total Population",4945,0,NA,NA,NA,NA,NA,NA,NA,NA,0,0,0,0,0,0
"050","County","0500000US02188","02","188","Northwest Arctic Borough","Inupiat alone or in combination",3837,1214,190,64,16,11,3.8,1.3,8.4,5.1,0,0,1,1,0,1
"050","County","0500000US02290","02","290","Yukon-Koyukuk Census Area","Total Population",3851,0,NA,NA,NA,NA,NA,NA,NA,NA,0,0,0,0,0,0
"050","County","0500000US02290","02","290","Yukon-Koyukuk Census Area","Inupiat alone or in combination",53,21,2,1,0,0,0.1,0,0,7.6,0,0,0,0,1,1
"050","County","0500000US04001","04","001","Apache County","Total Population",51470,0,NA,NA,NA,NA,NA,NA,NA,NA,0,0,0,0,0,0
"050","County","0500000US04001","04","001","Apache County","Navajo alone or in combination",36370,218,9537,213,1495,93,18.5,0.4,15.7,0.9,0,1,1,1,0,1
"050","County","0500000US04001","04","001","Apache County","Pueblo alone or in combination",107,32,3,1,0,0,0,0,0,1.5,0,0,0,1,0,1
"050","County","0500000US04005","04","005","Coconino County","Total Population",108600,0,NA,NA,NA,NA,NA,NA,NA,NA,0,0,0,0,0,0
"050","County","0500000US04005","04","005","Coconino County","Hopi alone or in combination",2013,300,156,58,4,2,0.1,0.1,2.6,1.1,0,0,1,1,0,1
"050","County","0500000US04005","04","005","Coconino County","Navajo alone or in combination",23110,425,3428,156,771,75,3.2,0.1,22.5,1.9,0,0,1,1,0,1
"050","County","0500000US04005","04","005","Coconino County","Paiute alone or in combination",54,25,1,1,0,0,0,0,0,5.6,0,0,0,1,0,1
"050","County","0500000US04007","04","007","Gila County","Total Population",41950,0,NA,NA,NA,NA,NA,NA,NA,NA,0,0,0,0,0,0
"050","County","0500000US04007","04","007","Gila County","Apache alone or in combination",4913,184,559,85,29,15,1.3,0.2,5.2,2.6,0,0,1,1,0,1
"050","County","0500000US04009","04","009","Graham County","Total Population",27020,0,NA,NA,NA,NA,NA,NA,NA,NA,0,0,0,0,0,0
"050","County","0500000US04009","04","009","Graham County","Apache alone or in combination",2965,107,252,45,6,3,0.9,0.2,2.4,1,0,0,1,1,0,1
"050","County","0500000US04013","04","013","Maricopa County","Total Population",2934000,0,NA,NA,NA,NA,NA,NA,NA,NA,0,0,0,0,0,0
"050","County","0500000US04013","04","013","Maricopa County","Hispanic",644800,1778,81890,1162,10040,421,2.8,0,12.3,0.5,1,0,1,0,0,1
"050","County","0500000US04015","04","015","Mohave County","Total Population",165700,0,NA,NA,NA,NA,NA,NA,NA,NA,0,0,0,0,0,0
"050","County","0500000US04015","04","015","Mohave County","Paiute alone or in combination",144,31,13,19,2,2,0,0,15.4,5.6,0,0,1,1,0,1
"050","County","0500000US04017","04","017","Navajo County","Total Population",78210,0,NA,NA,NA,NA,NA,NA,NA,NA,0,0,0,0,0,0
"050","County","0500000US04017","04","017","Navajo County","Hopi alone or in combination",5113,275,815,101,19,8,1,0.1,2.3,1.1,0,0,1,1,0,1
"050","County","0500000US04017","04","017","Navajo County","Navajo alone or in combination",19930,362,4554,164,848,68,5.8,0.2,18.6,1.3,0,1,1,1,0,1
"050","County","0500000US04019","04","019","Pima County","Total Population",746500,0,NA,NA,NA,NA,NA,NA,NA,NA,0,0,0,0,0,0
"050","County","0500000US04019","04","019","Pima County","Hispanic",222300,800,27240,639,2491,207,3.6,0.1,9.1,0.7,1,0,1,0,0,1
"050","County","0500000US04021","04","021","Pinal County","Total Population",312500,0,NA,NA,NA,NA,NA,NA,NA,NA,0,0,0,0,0,0
"050","County","0500000US04021","04","021","Pinal County","Apache alone or in combination",587,233,12,6,1,1,0,0,8.3,1.7,0,0,1,1,0,1
"050","County","0500000US04023","04","023","Santa Cruz County","Total Population",27520,0,NA,NA,NA,NA,NA,NA,NA,NA,0,0,0,0,0,0
"050","County","0500000US04023","04","023","Santa Cruz County","Hispanic",20990,291,6031,290,542,89,21.9,1.1,9,1.4,0,1,1,0,0,1
"050","County","0500000US04027","04","027","Yuma County","Total Population",127400,0,NA,NA,NA,NA,NA,NA,NA,NA,0,0,0,0,0,0
"050","County","0500000US04027","04","027","Yuma County","Hispanic",66360,578,15310,484,1996,185,12,0.4,13,1.1,1,1,1,0,0,1
"050","County","0500000US06001","06","001","Alameda County","Total Population",1084000,0,NA,NA,NA,NA,NA,NA,NA,NA,0,0,0,0,0,0
"050","County","0500000US06001","06","001","Alameda County","Hispanic",183000,910,29330,604,3479,230,2.7,0.1,11.9,0.7,1,0,1,0,0,1
"050","County","0500000US06001","06","001","Alameda County","Chinese (including Taiwanese) alone or in combination",126300,1540,50270,871,4593,242,4.6,0.1,9.1,0.5,1,0,1,0,0,1
"050","County","0500000US06001","06","001","Alameda County","Filipino alone or in combination",71190,1562,11290,439,402,71,1,0,3.6,0.6,1,0,1,0,0,1
"050","County","0500000US06001","06","001","Alameda County","Vietnamese alone or in combination",27630,1094,12380,576,1420,148,1.1,0.1,11.5,1.1,1,0,1,0,0,1
"050","County","0500000US06011","06","011","Colusa County","Total Population",12370,0,NA,NA,NA,NA,NA,NA,NA,NA,0,0,0,0,0,0
"050","County","0500000US06011","06","011","Colusa County","Hispanic",5244,163,1438,127,312,56,11.6,1,21.7,3.5,0,1,1,0,0,1
"050","County","0500000US06013","06","013","Contra Costa County","Total Population",761000,0,NA,NA,NA,NA,NA,NA,NA,NA,0,0,0,0,0,0
"050","County","0500000US06013","06","013","Contra Costa County","Hispanic",137300,906,25780,638,3018,235,3.4,0.1,11.7,0.9,1,0,1,0,0,1
"050","County","0500000US06013","06","013","Contra Costa County","Chinese (including Taiwanese) alone or in combination",39630,982,11360,437,781,105,1.5,0.1,6.9,0.9,1,0,1,0,0,1
"050","County","0500000US06019","06","019","Fresno County","Total Population",588900,0,NA,NA,NA,NA,NA,NA,NA,NA,0,0,0,0,0,0
"050","County","0500000US06019","06","019","Fresno County","Hispanic",249000,1039,38130,741,6640,324,6.5,0.1,17.4,0.8,1,1,1,0,0,1
"050","County","0500000US06021","06","021","Glenn County","Total Population",17300,0,NA,NA,NA,NA,NA,NA,NA,NA,0,0,0,0,0,0
"050","County","0500000US06021","06","021","Glenn County","Hispanic",4762,169,971,110,264,53,5.6,0.6,27.2,4.7,0,1,1,0,0,1
"050","County","0500000US06025","06","025","Imperial County","Total Population",103900,0,NA,NA,NA,NA,NA,NA,NA,NA,0,0,0,0,0,0
"050","County","0500000US06025","06","025","Imperial County","Hispanic",81100,556,26760,578,3620,234,25.8,0.6,13.5,0.8,1,1,1,0,0,1
"050","County","0500000US06029","06","029","Kern County","Total Population",521900,0,NA,NA,NA,NA,NA,NA,NA,NA,0,0,0,0,0,0
"050","County","0500000US06029","06","029","Kern County","Hispanic",211600,1089,37760,761,5877,315,7.2,0.1,15.6,0.8,1,1,1,0,0,1
"050","County","0500000US06031","06","031","Kings County","Total Population",93190,0,NA,NA,NA,NA,NA,NA,NA,NA,0,0,0,0,0,0
"050","County","0500000US06031","06","031","Kings County","Hispanic",39970,376,9773,319,1312,126,10.5,0.3,13.4,1.2,0,1,1,0,0,1
"050","County","0500000US06037","06","037","Los Angeles County","Total Population",6319000,0,NA,NA,NA,NA,NA,NA,NA,NA,0,0,0,0,0,0
"050","County","0500000US06037","06","037","Los Angeles County","Hispanic",2452000,3268,554700,2489,98100,1138,8.8,0,17.7,0.2,1,1,1,0,0,1
"050","County","0500000US06037","06","037","Los Angeles County","Cambodian alone or in combination",25970,865,11130,470,4518,264,0.2,0,40.6,1.7,1,0,1,0,0,1
"050","County","0500000US06037","06","037","Los Angeles County","Chinese (including Taiwanese) alone or in combination",328000,2382,141500,1421,17350,464,2.2,0,12.3,0.3,1,0,1,0,0,1
"050","County","0500000US06037","06","037","Los Angeles County","Filipino alone or in combination",266500,2617,49680,838,1999,155,0.8,0,4,0.3,1,0,1,0,0,1
"050","County","0500000US06037","06","037","Los Angeles County","Korean alone or in combination",136800,1876,61860,1087,1917,158,1,0,3.1,0.3,1,0,1,0,0,1
"050","County","0500000US06037","06","037","Los Angeles County","Vietnamese alone or in combination",81200,1528,40240,891,7306,304,0.6,0,18.2,0.6,1,0,1,0,0,1
"050","County","0500000US06039","06","039","Madera County","Total Population",91910,0,NA,NA,NA,NA,NA,NA,NA,NA,0,0,0,0,0,0
"050","County","0500000US06039","06","039","Madera County","Hispanic",38710,490,6770,331,1163,136,7.4,0.4,17.2,1.8,0,1,1,0,0,1
"050","County","0500000US06047","06","047","Merced County","Total Population",150200,0,NA,NA,NA,NA,NA,NA,NA,NA,0,0,0,0,0,0
"050","County","0500000US06047","06","047","Merced County","Hispanic",69140,627,14190,450,2557,201,9.4,0.3,18,1.3,1,1,1,0,0,1
"050","County","0500000US06053","06","053","Monterey County","Total Population",231900,0,NA,NA,NA,NA,NA,NA,NA,NA,0,0,0,0,0,0
"050","County","0500000US06053","06","053","Monterey County","Hispanic",88750,807,16450,481,3024,213,7.1,0.2,18.4,1.2,1,1,1,0,0,1
"050","County","0500000US06055","06","055","Napa County","Total Population",95560,0,NA,NA,NA,NA,NA,NA,NA,NA,0,0,0,0,0,0
"050","County","0500000US06055","06","055","Napa County","Hispanic",20860,335,5749,265,1005,115,6,0.3,17.5,1.8,0,1,1,0,0,1
"050","County","0500000US06059","06","059","Orange County","Total Population",2060000,0,NA,NA,NA,NA,NA,NA,NA,NA,0,0,0,0,0,0
"050","County","0500000US06059","06","059","Orange County","Hispanic",507900,1599,88030,1121,13800,457,4.3,0.1,15.7,0.5,1,0,1,0,0,1
"050","County","0500000US06059","06","059","Orange County","Chinese (including Taiwanese) alone or in combination",83530,1630,25480,701,1444,143,1.2,0,5.7,0.5,1,0,1,0,0,1
"050","County","0500000US06059","06","059","Orange County","Korean alone or in combination",55450,1180,22590,653,616,94,1.1,0,2.7,0.4,1,0,1,0,0,1
"050","County","0500000US06059","06","059","Orange County","Vietnamese alone or in combination",155400,2151,84640,1359,9403,363,4.1,0.1,11.1,0.4,1,0,1,0,0,1
"050","County","0500000US06065","06","065","Riverside County","Total Population",1556000,0,NA,NA,NA,NA,NA,NA,NA,NA,0,0,0,0,0,0
"050","County","0500000US06065","06","065","Riverside County","Hispanic",611500,1567,122300,1320,16210,516,7.9,0.1,13.3,0.4,1,1,1,0,0,1
"050","County","0500000US06067","06","067","Sacramento County","Total Population",1042000,0,NA,NA,NA,NA,NA,NA,NA,NA,0,0,0,0,0,0
"050","County","0500000US06067","06","067","Sacramento County","Hispanic",186300,806,23230,577,3095,221,2.2,0.1,13.3,0.9,1,0,1,0,0,1
"050","County","0500000US06067","06","067","Sacramento County","Chinese (including Taiwanese) alone or in combination",38890,959,15310,523,2956,203,1.5,0.1,19.3,1.2,1,0,1,0,0,1
"050","County","0500000US06067","06","067","Sacramento County","Vietnamese alone or in combination",21100,879,10670,513,1820,169,1,0,17.1,1.3,1,0,1,0,0,1
"050","County","0500000US06069","06","069","San Benito County","Total Population",38330,0,NA,NA,NA,NA,NA,NA,NA,NA,0,0,0,0,0,0
"050","County","0500000US06069","06","069","San Benito County","Hispanic",19080,258,3048,197,618,89,8,0.5,20.3,2.7,0,1,1,0,0,1
"050","County","0500000US06071","06","071","San Bernardino County","Total Population",1364000,0,NA,NA,NA,NA,NA,NA,NA,NA,0,0,0,0,0,0
"050","County","0500000US06071","06","071","San Bernardino County","Hispanic",614700,1512,96890,1233,12520,460,7.1,0.1,12.9,0.4,1,1,1,0,0,1
"050","County","0500000US06073","06","073","San Diego County","Total Population",2266000,0,NA,NA,NA,NA,NA,NA,NA,NA,0,0,0,0,0,0
"050","County","0500000US06073","06","073","San Diego County","Hispanic",588300,1607,103400,1241,14540,484,4.6,0.1,14.1,0.4,1,0,1,0,0,1
"050","County","0500000US06073","06","073","San Diego County","Chinese (including Taiwanese) alone or in combination",49490,1149,13020,484,1386,148,0.6,0,10.6,1.1,1,0,1,0,0,1
"050","County","0500000US06073","06","073","San Diego County","Filipino alone or in combination",135700,1808,22980,625,1199,135,1,0,5.2,0.6,1,0,1,0,0,1
"050","County","0500000US06073","06","073","San Diego County","Vietnamese alone or in combination",39970,1098,19290,658,2731,208,0.9,0,14.2,1,1,0,1,0,0,1
"050","County","0500000US06075","06","075","San Francisco County","Total Population",652400,0,NA,NA,NA,NA,NA,NA,NA,NA,0,0,0,0,0,0
"050","County","0500000US06075","06","075","San Francisco County","Hispanic",78580,584,12770,449,1578,158,2,0.1,12.4,1.2,1,0,1,0,0,1
"050","County","0500000US06075","06","075","San Francisco County","Chinese (including Taiwanese) alone or in combination",148200,1653,70290,1083,11500,421,10.8,0.2,16.4,0.5,1,1,1,0,0,1
"050","County","0500000US06077","06","077","San Joaquin County","Total Population",459000,0,NA,NA,NA,NA,NA,NA,NA,NA,0,0,0,0,0,0
"050","County","0500000US06077","06","077","San Joaquin County","Hispanic",145000,772,22990,552,3830,239,5,0.1,16.7,1,1,1,1,0,0,1
"050","County","0500000US06081","06","081","San Mateo County","Total Population",501500,0,NA,NA,NA,NA,NA,NA,NA,NA,0,0,0,0,0,0
"050","County","0500000US06081","06","081","San Mateo County","Hispanic",89380,736,18650,535,2547,202,3.7,0.1,13.7,1,1,0,1,0,0,1
"050","County","0500000US06081","06","081","San Mateo County","Chinese (including Taiwanese) alone or in combination",66360,1034,20390,527,1784,154,4.1,0.1,8.8,0.7,1,0,1,0,0,1
"050","County","0500000US06081","06","081","San Mateo County","Filipino alone or in combination",55710,1055,11170,416,293,62,2.2,0.1,2.6,0.5,1,0,1,0,0,1
"050","County","0500000US06083","06","083","Santa Barbara County","Total Population",281900,0,NA,NA,NA,NA,NA,NA,NA,NA,0,0,0,0,0,0
"050","County","0500000US06083","06","083","Santa Barbara County","Hispanic",85090,749,15300,475,2758,211,5.4,0.2,18,1.2,1,1,1,0,0,1
"050","County","0500000US06085","06","085","Santa Clara County","Total Population",1175000,0,NA,NA,NA,NA,NA,NA,NA,NA,0,0,0,0,0,0
"050","County","0500000US06085","06","085","Santa Clara County","Hispanic",243200,1021,38770,743,5575,296,3.3,0.1,14.4,0.7,1,0,1,0,0,1
"050","County","0500000US06085","06","085","Santa Clara County","Chinese (including Taiwanese) alone or in combination",124300,1626,42630,814,2940,189,3.6,0.1,6.9,0.4,1,0,1,0,0,1
"050","County","0500000US06085","06","085","Santa Clara County","Filipino alone or in combination",73220,1813,14770,529,736,96,1.3,0,5,0.6,1,0,1,0,0,1
"050","County","0500000US06085","06","085","Santa Clara County","Vietnamese alone or in combination",100700,1729,57530,1136,6172,284,4.9,0.1,10.7,0.4,1,0,1,0,0,1
"050","County","0500000US06097","06","097","Sonoma County","Total Population",357300,0,NA,NA,NA,NA,NA,NA,NA,NA,0,0,0,0,0,0
"050","County","0500000US06097","06","097","Sonoma County","Hispanic",58250,629,12300,445,2160,199,3.4,0.1,17.6,1.5,1,0,1,0,0,1
"050","County","0500000US06099","06","099","Stanislaus County","Total Population",339400,0,NA,NA,NA,NA,NA,NA,NA,NA,0,0,0,0,0,0
"050","County","0500000US06099","06","099","Stanislaus County","Hispanic",119000,772,21050,563,3321,230,6.2,0.2,15.8,1,1,1,1,0,0,1
"050","County","0500000US06107","06","107","Tulare County","Total Population",256900,0,NA,NA,NA,NA,NA,NA,NA,NA,0,0,0,0,0,0
"050","County","0500000US06107","06","107","Tulare County","Hispanic",131300,817,36290,688,4520,259,14.1,0.3,12.5,0.7,1,1,1,0,0,1
"050","County","0500000US06111","06","111","Ventura County","Total Population",563200,0,NA,NA,NA,NA,NA,NA,NA,NA,0,0,0,0,0,0
"050","County","0500000US06111","06","111","Ventura County","Hispanic",180600,880,35370,688,5131,276,6.3,0.1,14.5,0.7,1,1,1,0,0,1
"050","County","0500000US08001","08","001","Adams County","Total Population",323000,0,NA,NA,NA,NA,NA,NA,NA,NA,0,0,0,0,0,0
"050","County","0500000US08001","08","001","Adams County","Hispanic",94110,728,10340,429,1111,139,3.2,0.1,10.7,1.3,1,0,1,0,0,1
"050","County","0500000US08003","08","003","Alamosa County","Total Population",11370,0,NA,NA,NA,NA,NA,NA,NA,NA,0,0,0,0,0,0
"050","County","0500000US08003","08","003","Alamosa County","Hispanic",4588,94,654,84,43,14,5.8,0.7,6.6,2,0,1,1,0,0,1
"050","County","0500000US08021","08","021","Conejos County","Total Population",5900,0,NA,NA,NA,NA,NA,NA,NA,NA,0,0,0,0,0,0
"050","County","0500000US08021","08","021","Conejos County","Hispanic",3178,20,304,38,10,4,5.2,0.6,3.3,1.3,0,1,1,0,0,1
"050","County","0500000US08023","08","023","Costilla County","Total Population",2861,0,NA,NA,NA,NA,NA,NA,NA,NA,0,0,0,0,0,0
"050","County","0500000US08023","08","023","Costilla County","Hispanic",1601,38,295,41,21,7,10.3,1.4,7.1,2.3,0,1,1,0,0,1
"050","County","0500000US08031","08","031","Denver County","Total Population",505900,0,NA,NA,NA,NA,NA,NA,NA,NA,0,0,0,0,0,0
"050","County","0500000US08031","08","031","Denver County","Hispanic",103600,756,12280,487,1509,167,2.4,0.1,12.3,1.3,1,0,1,0,0,1
"050","County","0500000US08067","08","067","La Plata County","Total Population",44420,0,NA,NA,NA,NA,NA,NA,NA,NA,0,0,0,0,0,0
"050","County","0500000US08067","08","067","La Plata County","Ute alone or in combination",822,85,22,21,1,1,0,0,4.5,3.5,0,0,1,1,0,1
"050","County","0500000US08083","08","083","Montezuma County","Total Population",19950,0,NA,NA,NA,NA,NA,NA,NA,NA,0,0,0,0,0,0
"050","County","0500000US08083","08","083","Montezuma County","Ute alone or in combination",890,118,76,27,5,3,0.4,0.1,6.6,3.6,0,0,1,1,0,1
"050","County","0500000US08109","08","109","Saguache County","Total Population",4779,0,NA,NA,NA,NA,NA,NA,NA,NA,0,0,0,0,0,0
"050","County","0500000US08109","08","109","Saguache County","Hispanic",1442,40,251,38,16,6,5.3,0.8,6.4,2.2,0,1,1,0,0,1
"050","County","0500000US12011","12","011","Broward County","Total Population",1277000,0,NA,NA,NA,NA,NA,NA,NA,NA,0,0,0,0,0,0
"050","County","0500000US12011","12","011","Broward County","Hispanic",327400,1302,93800,1204,5287,327,7.3,0.1,5.6,0.3,1,1,1,0,0,1
"050","County","0500000US12021","12","021","Collier County","Total Population",259900,0,NA,NA,NA,NA,NA,NA,NA,NA,0,0,0,0,0,0
"050","County","0500000US12021","12","021","Collier County","Hispanic",40760,663,12210,499,1052,151,4.7,0.2,8.6,1.2,1,0,1,0,0,1
"050","County","0500000US12027","12","027","DeSoto County","Total Population",25900,0,NA,NA,NA,NA,NA,NA,NA,NA,0,0,0,0,0,0
"050","County","0500000US12027","12","027","DeSoto County","Hispanic",5079,204,1670,162,177,52,6.4,0.6,10.6,2.9,0,1,1,0,0,1
"050","County","0500000US12043","12","043","Glades County","Total Population",10440,0,NA,NA,NA,NA,NA,NA,NA,NA,0,0,0,0,0,0
"050","County","0500000US12043","12","043","Glades County","Seminole alone or in combination",270,31,13,11,2,2,0.1,0.1,15.4,4,0,0,1,1,0,1
"050","County","0500000US12049","12","049","Hardee County","Total Population",18390,0,NA,NA,NA,NA,NA,NA,NA,NA,0,0,0,0,0,0
"050","County","0500000US12049","12","049","Hardee County","Hispanic",6133,140,1763,145,198,48,9.6,0.8,11.2,2.6,0,1,1,0,0,1
"050","County","0500000US12051","12","051","Hendry County","Total Population",22900,0,NA,NA,NA,NA,NA,NA,NA,NA,0,0,0,0,0,0
"050","County","0500000US12051","12","051","Hendry County","Hispanic",8801,309,2480,216,333,81,10.8,1,13.4,3.1,0,1,1,0,0,1
"050","County","0500000US12057","12","057","Hillsborough County","Total Population",989700,0,NA,NA,NA,NA,NA,NA,NA,NA,0,0,0,0,0,0
"050","County","0500000US12057","12","057","Hillsborough County","Hispanic",225100,1005,56940,911,4168,277,5.8,0.1,7.3,0.5,1,1,1,0,0,1
"050","County","0500000US12071","12","071","Lee County","Total Population",548200,0,NA,NA,NA,NA,NA,NA,NA,NA,0,0,0,0,0,0
"050","County","0500000US12071","12","071","Lee County","Hispanic",74480,724,21170,602,1564,179,3.9,0.1,7.4,0.8,1,0,1,0,0,1
"050","County","0500000US12086","12","086","Miami-Dade County","Total Population",1592000,0,NA,NA,NA,NA,NA,NA,NA,NA,0,0,0,0,0,0
"050","County","0500000US12086","12","086","Miami-Dade County","Hispanic",1029000,2430,406300,2341,29820,746,25.5,0.2,7.3,0.2,1,1,1,0,0,1
"050","County","0500000US12095","12","095","Orange County","Total Population",922700,0,NA,NA,NA,NA,NA,NA,NA,NA,0,0,0,0,0,0
"050","County","0500000US12095","12","095","Orange County","Hispanic",255700,1044,72320,1133,4337,320,7.8,0.1,6,0.4,1,1,1,0,0,1
"050","County","0500000US12097","12","097","Osceola County","Total Population",234000,0,NA,NA,NA,NA,NA,NA,NA,NA,0,0,0,0,0,0
"050","County","0500000US12097","12","097","Osceola County","Hispanic",117400,723,38530,918,1808,223,16.5,0.4,4.7,0.6,1,1,1,0,0,1
"050","County","0500000US12099","12","099","Palm Beach County","Total Population",1027000,0,NA,NA,NA,NA,NA,NA,NA,NA,0,0,0,0,0,0
"050","County","0500000US12099","12","099","Palm Beach County","Hispanic",159500,1009,43810,813,3959,270,4.3,0.1,9,0.6,1,0,1,0,0,1
"050","County","0500000US12103","12","103","Pinellas County","Total Population",762400,0,NA,NA,NA,NA,NA,NA,NA,NA,0,0,0,0,0,0
"050","County","0500000US12103","12","103","Pinellas County","Hispanic",54800,431,10580,395,625,97,1.4,0.1,5.9,0.9,1,0,1,0,0,1
"050","County","0500000US12105","12","105","Polk County","Total Population",499700,0,NA,NA,NA,NA,NA,NA,NA,NA,0,0,0,0,0,0
"050","County","0500000US12105","12","105","Polk County","Hispanic",85390,573,23040,611,1924,195,4.6,0.1,8.4,0.8,1,0,1,0,0,1
"050","County","0500000US12117","12","117","Seminole County","Total Population",341500,0,NA,NA,NA,NA,NA,NA,NA,NA,0,0,0,0,0,0
"050","County","0500000US12117","12","117","Seminole County","Hispanic",64200,402,12110,456,647,107,3.5,0.1,5.3,0.9,1,0,1,0,0,1
"050","County","0500000US13135","13","135","Gwinnett County","Total Population",548900,0,NA,NA,NA,NA,NA,NA,NA,NA,0,0,0,0,0,0
"050","County","0500000US13135","13","135","Gwinnett County","Hispanic",55620,886,14250,570,1191,164,2.6,0.1,8.4,1.1,1,0,1,0,0,1
"050","County","0500000US15003","15","003","Honolulu County","Total Population",705800,0,NA,NA,NA,NA,NA,NA,NA,NA,0,0,0,0,0,0
"050","County","0500000US15003","15","003","Honolulu County","Chinese (including Taiwanese) alone or in combination",109600,1599,13450,406,1679,135,1.9,0.1,12.5,0.9,1,0,1,0,0,1
"050","County","0500000US15003","15","003","Honolulu County","Filipino alone or in combination",156200,1869,27900,625,1946,151,4,0.1,7,0.5,1,0,1,0,0,1
"050","County","0500000US15009","15","009","Maui County","Total Population",117000,0,NA,NA,NA,NA,NA,NA,NA,NA,0,0,0,0,0,0
"050","County","0500000US15009","15","009","Maui County","Filipino alone or in combination",29340,698,6552,315,407,76,5.6,0.3,6.2,1.1,0,1,1,0,0,1
"050","County","0500000US16033","16","033","Clark County","Total Population",389,0,NA,NA,NA,NA,NA,NA,NA,NA,0,0,0,0,0,0
"050","County","0500000US16033","16","033","Clark County","Hispanic",61,23,20,8,4,2,5.1,2.2,20,7.7,0,1,1,0,0,1
"050","County","0500000US16035","16","035","Clearwater County","Total Population",7202,0,NA,NA,NA,NA,NA,NA,NA,NA,0,0,0,0,0,0
"050","County","0500000US16035","16","035","Clearwater County","All other American Indian tribes alone or in combination",88,24,1,1,0,0,0,0,0,10.5,0,0,0,1,0,1
"050","County","0500000US16049","16","049","Idaho County","Total Population",13130,0,NA,NA,NA,NA,NA,NA,NA,NA,0,0,0,0,0,0
"050","County","0500000US16049","16","049","Idaho County","All other American Indian tribes alone or in combination",166,36,32,14,1,1,0.2,0.1,3.1,3.9,0,0,1,1,0,1
"050","County","0500000US16061","16","061","Lewis County","Total Population",2934,0,NA,NA,NA,NA,NA,NA,NA,NA,0,0,0,0,0,0
"050","County","0500000US16061","16","061","Lewis County","All other American Indian tribes alone or in combination",147,20,10,6,0,1,0.3,0.2,0,5.1,0,0,0,1,0,1
"050","County","0500000US16069","16","069","Nez Perce County","Total Population",31510,0,NA,NA,NA,NA,NA,NA,NA,NA,0,0,0,0,0,0
"050","County","0500000US16069","16","069","Nez Perce County","All other American Indian tribes alone or in combination",1363,74,31,12,1,1,0.1,0,3.2,3,0,0,1,1,0,1
"050","County","0500000US17031","17","031","Cook County","Total Population",3541000,0,NA,NA,NA,NA,NA,NA,NA,NA,0,0,0,0,0,0
"050","County","0500000US17031","17","031","Cook County","Hispanic",625500,1803,140300,1405,17340,536,4,0,12.4,0.4,1,0,1,0,0,1
"050","County","0500000US17031","17","031","Cook County","Asian Indian (including Sikh) alone or in combination",62650,1334,13670,495,857,112,0.4,0,6.3,0.8,1,0,1,0,0,1
"050","County","0500000US17031","17","031","Cook County","Chinese (including Taiwanese) alone or in combination",48080,1009,18210,547,2116,167,0.5,0,11.6,0.9,1,0,1,0,0,1
"050","County","0500000US17043","17","043","DuPage County","Total Population",650000,0,NA,NA,NA,NA,NA,NA,NA,NA,0,0,0,0,0,0
"050","County","0500000US17043","17","043","DuPage County","Hispanic",61280,531,11730,387,1228,135,1.8,0.1,10.5,1.1,1,0,1,0,0,1
"050","County","0500000US17089","17","089","Kane County","Total Population",345200,0,NA,NA,NA,NA,NA,NA,NA,NA,0,0,0,0,0,0
"050","County","0500000US17089","17","089","Kane County","Hispanic",68250,674,15710,498,2682,215,4.5,0.1,17.1,1.3,1,0,1,0,0,1
"050","County","0500000US17097","17","097","Lake County","Total Population",469600,0,NA,NA,NA,NA,NA,NA,NA,NA,0,0,0,0,0,0
"050","County","0500000US17097","17","097","Lake County","Hispanic",61140,625,13300,422,1745,162,2.8,0.1,13.1,1.1,1,0,1,0,0,1
"050","County","0500000US17197","17","197","Will County","Total Population",479700,0,NA,NA,NA,NA,NA,NA,NA,NA,0,0,0,0,0,0
"050","County","0500000US17197","17","197","Will County","Hispanic",55210,513,11820,385,1032,122,2.5,0.1,8.7,1,1,0,1,0,0,1
"050","County","0500000US20055","20","055","Finney County","Total Population",20800,0,NA,NA,NA,NA,NA,NA,NA,NA,0,0,0,0,0,0
"050","County","0500000US20055","20","055","Finney County","Hispanic",7553,192,1953,154,349,67,9.4,0.8,17.9,3.2,0,1,1,0,0,1
"050","County","0500000US20057","20","057","Ford County","Total Population",17700,0,NA,NA,NA,NA,NA,NA,NA,NA,0,0,0,0,0,0
"050","County","0500000US20057","20","057","Ford County","Hispanic",5902,237,1333,150,187,55,7.5,0.9,14,3.8,0,1,1,0,0,1
"050","County","0500000US20067","20","067","Grant County","Total Population",4406,0,NA,NA,NA,NA,NA,NA,NA,NA,0,0,0,0,0,0
"050","County","0500000US20067","20","067","Grant County","Hispanic",1499,102,246,65,32,19,5.6,1.5,13,6.8,0,1,1,0,0,1
"050","County","0500000US20081","20","081","Haskell County","Total Population",2428,0,NA,NA,NA,NA,NA,NA,NA,NA,0,0,0,0,0,0
"050","County","0500000US20081","20","081","Haskell County","Hispanic",552,35,163,29,39,14,6.7,1.2,23.9,7.5,0,1,1,0,0,1
"050","County","0500000US20175","20","175","Seward County","Total Population",10960,0,NA,NA,NA,NA,NA,NA,NA,NA,0,0,0,0,0,0
"050","County","0500000US20175","20","175","Seward County","Hispanic",4619,185,1629,145,342,72,14.9,1.4,21,4,0,1,1,0,0,1
"050","County","0500000US20189","20","189","Stevens County","Total Population",3149,0,NA,NA,NA,NA,NA,NA,NA,NA,0,0,0,0,0,0
"050","County","0500000US20189","20","189","Stevens County","Hispanic",631,66,158,38,27,14,5,1.2,17.1,7.6,0,1,1,0,0,1
"050","County","0500000US24031","24","031","Montgomery County","Total Population",662700,0,NA,NA,NA,NA,NA,NA,NA,NA,0,0,0,0,0,0
"050","County","0500000US24031","24","031","Montgomery County","Hispanic",79850,784,20480,561,2242,202,3.1,0.1,10.9,0.9,1,0,1,0,0,1
"050","County","0500000US24033","24","033","Prince George's County","Total Population",599100,0,NA,NA,NA,NA,NA,NA,NA,NA,0,0,0,0,0,0
"050","County","0500000US24033","24","033","Prince George's County","Hispanic",43680,655,13580,435,1683,156,2.3,0.1,12.4,1.1,1,0,1,0,0,1
"050","County","0500000US27055","27","055","Houston County","Total Population",14560,0,NA,NA,NA,NA,NA,NA,NA,NA,0,0,0,0,0,0
"050","County","0500000US27055","27","055","Houston County","All other American Indian tribes alone or in combination",NA,NA,NA,NA,NA,NA,NA,NA,NA,NA,0,0,0,1,0,1
"050","County","0500000US27123","27","123","Ramsey County","Total Population",384300,0,NA,NA,NA,NA,NA,NA,NA,NA,0,0,0,0,0,0
"050","County","0500000US27123","27","123","Ramsey County","Hmong alone or in combination",24030,794,10650,446,3644,230,2.8,0.1,34.2,1.6,1,0,1,0,0,1
"050","County","0500000US28007","28","007","Attala County","Total Population",13690,0,NA,NA,NA,NA,NA,NA,NA,NA,0,0,0,0,0,0
"050","County","0500000US28007","28","007","Attala County","Choctaw alone or in combination",146,59,4,2,0,0,0,0,0,2,0,0,0,1,0,1
"050","County","0500000US28015","28","015","Carroll County","Total Population",8129,0,NA,NA,NA,NA,NA,NA,NA,NA,0,0,0,0,0,0
"050","County","0500000US28015","28","015","Carroll County","Choctaw alone or in combination",NA,NA,NA,NA,NA,NA,NA,NA,NA,NA,0,0,0,1,0,1
"050","County","0500000US28059","28","059","Jackson County","Total Population",106500,0,NA,NA,NA,NA,NA,NA,NA,NA,0,0,0,0,0,0
"050","County","0500000US28059","28","059","Jackson County","Choctaw alone or in combination",193,70,4,2,0,0,0,0,0,2,0,0,0,1,0,1
"050","County","0500000US28067","28","067","Jones County","Total Population",49550,0,NA,NA,NA,NA,NA,NA,NA,NA,0,0,0,0,0,0
"050","County","0500000US28067","28","067","Jones County","Choctaw alone or in combination",108,61,3,2,0,0,0,0,0,2,0,0,0,1,0,1
"050","County","0500000US28069","28","069","Kemper County","Total Population",8055,0,NA,NA,NA,NA,NA,NA,NA,NA,0,0,0,0,0,0
"050","County","0500000US28069","28","069","Kemper County","Choctaw alone or in combination",270,1,9,7,1,1,0.1,0.1,11.1,2,0,0,1,1,0,1
"050","County","0500000US28079","28","079","Leake County","Total Population",16440,0,NA,NA,NA,NA,NA,NA,NA,NA,0,0,0,0,0,0
"050","County","0500000US28079","28","079","Leake County","Choctaw alone or in combination",886,20,103,45,7,4,0.6,0.3,6.8,2,0,0,1,1,0,1
"050","County","0500000US28099","28","099","Neshoba County","Total Population",20890,0,NA,NA,NA,NA,NA,NA,NA,NA,0,0,0,0,0,0
"050","County","0500000US28099","28","099","Neshoba County","Choctaw alone or in combination",3030,116,194,50,14,5,0.9,0.2,7.2,2,0,0,1,1,0,1
"050","County","0500000US28101","28","101","Newton County","Total Population",15840,0,NA,NA,NA,NA,NA,NA,NA,NA,0,0,0,0,0,0
"050","County","0500000US28101","28","101","Newton County","Choctaw alone or in combination",663,21,78,55,5,4,0.5,0.3,6.4,2,0,0,1,1,0,1
"050","County","0500000US28103","28","103","Noxubee County","Total Population",7956,0,NA,NA,NA,NA,NA,NA,NA,NA,0,0,0,0,0,0
"050","County","0500000US28103","28","103","Noxubee County","Choctaw alone or in combination",NA,NA,NA,NA,NA,NA,NA,NA,NA,NA,0,0,0,1,0,1
"050","County","0500000US28123","28","123","Scott County","Total Population",19310,0,NA,NA,NA,NA,NA,NA,NA,NA,0,0,0,0,0,0
"050","County","0500000US28123","28","123","Scott County","Choctaw alone or in combination",92,71,3,2,0,0,0,0,0,2,0,0,0,1,0,1
"050","County","0500000US28159","28","159","Winston County","Total Population",14100,0,NA,NA,NA,NA,NA,NA,NA,NA,0,0,0,0,0,0
"050","County","0500000US28159","28","159","Winston County","Choctaw alone or in combination",197,40,15,9,1,1,0.1,0.1,6.7,2,0,0,1,1,0,1
"050","County","0500000US31037","31","037","Colfax County","Total Population",5424,0,NA,NA,NA,NA,NA,NA,NA,NA,0,0,0,0,0,0
"050","County","0500000US31037","31","037","Colfax County","Hispanic",868,118,595,98,110,39,11,1.8,18.5,5.9,0,1,1,0,0,1
"050","County","0500000US31043","31","043","Dakota County","Total Population",11750,0,NA,NA,NA,NA,NA,NA,NA,NA,0,0,0,0,0,0
"050","County","0500000US31043","31","043","Dakota County","Hispanic",2576,153,1082,128,111,41,9.2,1.1,10.3,3.5,0,1,1,0,0,1
"050","County","0500000US31047","31","047","Dawson County","Total Population",14790,0,NA,NA,NA,NA,NA,NA,NA,NA,0,0,0,0,0,0
"050","County","0500000US31047","31","047","Dawson County","Hispanic",3185,132,1205,118,205,52,8.1,0.8,17,3.9,0,1,1,0,0,1
"050","County","0500000US32003","32","003","Clark County","Total Population",1444000,0,NA,NA,NA,NA,NA,NA,NA,NA,0,0,0,0,0,0
"050","County","0500000US32003","32","003","Clark County","Hispanic",303100,1316,59350,908,5920,303,4.1,0.1,10,0.5,1,0,1,0,0,1
"050","County","0500000US32003","32","003","Clark County","Filipino alone or in combination",90820,1399,13740,471,524,87,1,0,3.8,0.6,1,0,1,0,0,1
"050","County","0500000US32023","32","023","Nye County","Total Population",35220,0,NA,NA,NA,NA,NA,NA,NA,NA,0,0,0,0,0,0
"050","County","0500000US32023","32","023","Nye County","Shoshone alone or in combination",287,60,7,8,2,3,0,0,28.6,28.3,0,0,1,1,0,1
"050","County","0500000US34003","34","003","Bergen County","Total Population",637900,0,NA,NA,NA,NA,NA,NA,NA,NA,0,0,0,0,0,0
"050","County","0500000US34003","34","003","Bergen County","Hispanic",106400,663,23740,587,1289,142,3.7,0.1,5.4,0.6,1,0,1,0,0,1
"050","County","0500000US34003","34","003","Bergen County","Korean alone or in combination",31410,822,14420,512,322,65,2.3,0.1,2.2,0.4,1,0,1,0,0,1
"050","County","0500000US34007","34","007","Camden County","Total Population",370200,0,NA,NA,NA,NA,NA,NA,NA,NA,0,0,0,0,0,0
"050","County","0500000US34007","34","007","Camden County","Hispanic",44960,411,12620,426,1712,173,3.4,0.1,13.6,1.3,1,0,1,0,0,1
"050","County","0500000US34011","34","011","Cumberland County","Total Population",106800,0,NA,NA,NA,NA,NA,NA,NA,NA,0,0,0,0,0,0
"050","County","0500000US34011","34","011","Cumberland County","Hispanic",22870,306,7243,296,908,112,6.8,0.3,12.5,1.5,0,1,1,0,0,1
"050","County","0500000US34013","34","013","Essex County","Total Population",517000,0,NA,NA,NA,NA,NA,NA,NA,NA,0,0,0,0,0,0
"050","County","0500000US34013","34","013","Essex County","Hispanic",91220,681,28200,624,2400,201,5.5,0.1,8.5,0.7,1,1,1,0,0,1
"050","County","0500000US34017","34","017","Hudson County","Total Population",394000,0,NA,NA,NA,NA,NA,NA,NA,NA,0,0,0,0,0,0
"050","County","0500000US34017","34","017","Hudson County","Hispanic",147700,927,49030,814,4667,287,12.4,0.2,9.5,0.6,1,1,1,0,0,1
"050","County","0500000US34023","34","023","Middlesex County","Total Population",541600,0,NA,NA,NA,NA,NA,NA,NA,NA,0,0,0,0,0,0
"050","County","0500000US34023","34","023","Middlesex County","Hispanic",91080,633,23070,562,1925,173,4.3,0.1,8.3,0.7,1,0,1,0,0,1
"050","County","0500000US34023","34","023","Middlesex County","Asian Indian (including Sikh) alone or in combination",53620,813,12090,390,406,69,2.2,0.1,3.4,0.6,1,0,1,0,0,1
"050","County","0500000US34031","34","031","Passaic County","Total Population",321800,0,NA,NA,NA,NA,NA,NA,NA,NA,0,0,0,0,0,0
"050","County","0500000US34031","34","031","Passaic County","Hispanic",102000,756,34380,687,3560,243,10.7,0.2,10.4,0.7,1,1,1,0,0,1
"050","County","0500000US34039","34","039","Union County","Total Population",352400,0,NA,NA,NA,NA,NA,NA,NA,NA,0,0,0,0,0,0
"050","County","0500000US34039","34","039","Union County","Hispanic",78980,719,27850,636,2136,188,7.9,0.2,7.7,0.7,1,1,1,0,0,1
"050","County","0500000US35001","35","001","Bernalillo County","Total Population",492400,0,NA,NA,NA,NA,NA,NA,NA,NA,0,0,0,0,0,0
"050","County","0500000US35001","35","001","Bernalillo County","Hispanic",216500,673,17570,558,1390,150,3.6,0.1,7.9,0.8,1,0,1,0,0,1
"050","County","0500000US35001","35","001","Bernalillo County","Navajo alone or in combination",14140,528,666,103,78,29,0.1,0,11.7,4,0,0,1,1,0,1
"050","County","0500000US35003","35","003","Catron County","Total Population",2936,0,NA,NA,NA,NA,NA,NA,NA,NA,0,0,0,0,0,0
"050","County","0500000US35003","35","003","Catron County","Pueblo alone or in combination",NA,NA,NA,NA,NA,NA,NA,NA,NA,NA,0,0,0,1,0,1
"050","County","0500000US35005","35","005","Chaves County","Total Population",43590,0,NA,NA,NA,NA,NA,NA,NA,NA,0,0,0,0,0,0
"050","County","0500000US35005","35","005","Chaves County","Hispanic",21180,221,2718,200,388,68,6.2,0.5,14.3,2.3,0,1,1,0,0,1
"050","County","0500000US35006","35","006","Cibola County","Total Population",20070,0,NA,NA,NA,NA,NA,NA,NA,NA,0,0,0,0,0,0
"050","County","0500000US35006","35","006","Cibola County","Navajo alone or in combination",2767,149,434,49,90,20,2.2,0.2,20.7,4,0,0,1,1,0,1
"050","County","0500000US35006","35","006","Cibola County","Pueblo alone or in combination",5198,181,174,46,2,1,0.9,0.2,1.1,0.4,0,0,0,1,0,1
"050","County","0500000US35013","35","013","Doña Ana County","Total Population",142000,0,NA,NA,NA,NA,NA,NA,NA,NA,0,0,0,0,0,0
"050","County","0500000US35013","35","013","Doña Ana County","Hispanic",86670,524,13890,478,1861,181,9.8,0.3,13.4,1.2,1,1,1,0,0,1
"050","County","0500000US35019","35","019","Guadalupe County","Total Population",3475,0,NA,NA,NA,NA,NA,NA,NA,NA,0,0,0,0,0,0
"050","County","0500000US35019","35","019","Guadalupe County","Hispanic",2444,132,448,64,23,9,12.9,1.9,5.1,1.9,0,1,1,0,0,1
"050","County","0500000US35023","35","023","Hidalgo County","Total Population",3174,0,NA,NA,NA,NA,NA,NA,NA,NA,0,0,0,0,0,0
"050","County","0500000US35023","35","023","Hidalgo County","Hispanic",1704,31,172,33,16,6,5.4,1,9.3,3.1,0,1,1,0,0,1
"050","County","0500000US35025","35","025","Lea County","Total Population",41410,0,NA,NA,NA,NA,NA,NA,NA,NA,0,0,0,0,0,0
"050","County","0500000US35025","35","025","Lea County","Hispanic",18920,293,2398,189,393,69,5.8,0.5,16.4,2.6,0,1,1,0,0,1
"050","County","0500000US35029","35","029","Luna County","Total Population",15070,0,NA,NA,NA,NA,NA,NA,NA,NA,0,0,0,0,0,0
"050","County","0500000US35029","35","029","Luna County","Hispanic",8390,171,1395,135,265,54,9.3,0.9,19,3.5,0,1,1,0,0,1
"050","County","0500000US35031","35","031","McKinley County","Total Population",50650,0,NA,NA,NA,NA,NA,NA,NA,NA,0,0,0,0,0,0
"050","County","0500000US35031","35","031","McKinley County","Navajo alone or in combination",31990,351,3297,129,865,65,6.5,0.3,26.2,1.7,0,1,1,1,0,1
"050","County","0500000US35031","35","031","McKinley County","Pueblo alone or in combination",7322,336,2151,214,36,19,4.2,0.4,1.7,0.9,0,0,1,1,0,1
"050","County","0500000US35033","35","033","Mora County","Total Population",3995,0,NA,NA,NA,NA,NA,NA,NA,NA,0,0,0,0,0,0
"050","County","0500000US35033","35","033","Mora County","Hispanic",3115,156,296,59,13,6,7.4,1.5,4.4,1.8,0,1,1,0,0,1
"050","County","0500000US35039","35","039","Rio Arriba County","Total Population",29180,0,NA,NA,NA,NA,NA,NA,NA,NA,0,0,0,0,0,0
"050","County","0500000US35039","35","039","Rio Arriba County","Navajo alone or in combination",664,138,104,37,15,9,0.4,0.1,14.4,6.3,0,0,1,1,0,1
"050","County","0500000US35043","35","043","Sandoval County","Total Population",106700,0,NA,NA,NA,NA,NA,NA,NA,NA,0,0,0,0,0,0
"050","County","0500000US35043","35","043","Sandoval County","Navajo alone or in combination",2724,189,356,47,47,14,0.3,0,13.2,3.4,0,0,1,1,0,1
"050","County","0500000US35045","35","045","San Juan County","Total Population",90230,0,NA,NA,NA,NA,NA,NA,NA,NA,0,0,0,0,0,0
"050","County","0500000US35045","35","045","San Juan County","Navajo alone or in combination",34350,271,4677,169,744,69,5.2,0.2,15.9,1.4,0,1,1,1,0,1
"050","County","0500000US35045","35","045","San Juan County","Ute alone or in combination",204,98,13,9,1,1,0,0,7.7,3.5,0,0,1,1,0,1
"050","County","0500000US35047","35","047","San Miguel County","Total Population",21830,0,NA,NA,NA,NA,NA,NA,NA,NA,0,0,0,0,0,0
"050","County","0500000US35047","35","047","San Miguel County","Hispanic",16660,89,2180,180,82,26,10,0.8,3.8,1.2,0,1,1,0,0,1
"050","County","0500000US35053","35","053","Socorro County","Total Population",12310,0,NA,NA,NA,NA,NA,NA,NA,NA,0,0,0,0,0,0
"050","County","0500000US35053","35","053","Socorro County","Hispanic",5759,77,790,109,52,18,6.4,0.9,6.6,2.1,0,1,1,0,0,1
"050","County","0500000US35053","35","053","Socorro County","Navajo alone or in combination",1192,108,468,71,70,25,3.8,0.6,15,4.7,0,0,1,1,0,1
"050","County","0500000US35055","35","055","Taos County","Total Population",25800,0,NA,NA,NA,NA,NA,NA,NA,NA,0,0,0,0,0,0
"050","County","0500000US35055","35","055","Taos County","Hispanic",13670,81,1846,133,103,25,7.2,0.5,5.6,1.3,0,1,1,0,0,1
"050","County","0500000US36005","36","005","Bronx County","Total Population",849400,0,NA,NA,NA,NA,NA,NA,NA,NA,0,0,0,0,0,0
"050","County","0500000US36005","36","005","Bronx County","Hispanic",431700,1448,136100,1398,16410,553,16,0.2,12.1,0.4,1,1,1,0,0,1
"050","County","0500000US36047","36","047","Kings County","Total Population",1657000,0,NA,NA,NA,NA,NA,NA,NA,NA,0,0,0,0,0,0
"050","County","0500000US36047","36","047","Kings County","Hispanic",269900,1041,70090,944,8502,354,4.2,0.1,12.1,0.5,1,0,1,0,0,1
"050","County","0500000US36047","36","047","Kings County","Chinese (including Taiwanese) alone or in combination",116400,1092,66850,831,9200,316,4,0.1,13.8,0.4,1,0,1,0,0,1
"050","County","0500000US36055","36","055","Monroe County","Total Population",563900,0,NA,NA,NA,NA,NA,NA,NA,NA,0,0,0,0,0,0
"050","County","0500000US36055","36","055","Monroe County","Hispanic",39660,207,11150,332,928,104,2,0.1,8.3,0.9,1,0,1,0,0,1
"050","County","0500000US36059","36","059","Nassau County","Total Population",966000,0,NA,NA,NA,NA,NA,NA,NA,NA,0,0,0,0,0,0
"050","County","0500000US36059","36","059","Nassau County","Hispanic",112800,763,28800,644,2847,218,3,0.1,9.9,0.7,1,0,1,0,0,1
"050","County","0500000US36061","36","061","New York County","Total Population",1177000,0,NA,NA,NA,NA,NA,NA,NA,NA,0,0,0,0,0,0
"050","County","0500000US36061","36","061","New York County","Hispanic",261800,1206,76060,1183,10000,489,6.5,0.1,13.1,0.6,1,1,1,0,0,1
"050","County","0500000US36061","36","061","New York County","Chinese (including Taiwanese) alone or in combination",69020,1186,28390,749,4666,308,2.4,0.1,16.4,1,1,0,1,0,0,1
"050","County","0500000US36081","36","081","Queens County","Total Population",1399000,0,NA,NA,NA,NA,NA,NA,NA,NA,0,0,0,0,0,0
"050","County","0500000US36081","36","081","Queens County","Hispanic",320900,1259,103300,1113,8202,349,7.4,0.1,7.9,0.3,1,1,1,0,0,1
"050","County","0500000US36081","36","081","Queens County","Asian Indian (including Sikh) alone or in combination",83940,1558,19610,554,1535,133,1.4,0,7.8,0.6,1,0,1,0,0,1
"050","County","0500000US36081","36","081","Queens County","Bangladeshi alone or in combination",21180,977,11150,672,382,92,0.8,0,3.4,0.8,1,0,1,0,0,1
"050","County","0500000US36081","36","081","Queens County","Chinese (including Taiwanese) alone or in combination",123000,1429,69290,1024,6880,302,5,0.1,9.9,0.4,1,0,1,0,0,1
"050","County","0500000US36081","36","081","Queens County","Korean alone or in combination",29090,839,16450,568,661,94,1.2,0,4,0.5,1,0,1,0,0,1
"050","County","0500000US36103","36","103","Suffolk County","Total Population",1074000,0,NA,NA,NA,NA,NA,NA,NA,NA,0,0,0,0,0,0
"050","County","0500000US36103","36","103","Suffolk County","Hispanic",138600,890,29510,679,3273,240,2.7,0.1,11.1,0.8,1,0,1,0,0,1
"050","County","0500000US36119","36","119","Westchester County","Total Population",653900,0,NA,NA,NA,NA,NA,NA,NA,NA,0,0,0,0,0,0
"050","County","0500000US36119","36","119","Westchester County","Hispanic",115000,827,31180,668,2744,221,4.8,0.1,8.8,0.7,1,0,1,0,0,1
"050","County","0500000US39035","39","035","Cuyahoga County","Total Population",953200,0,NA,NA,NA,NA,NA,NA,NA,NA,0,0,0,0,0,0
"050","County","0500000US39035","39","035","Cuyahoga County","Hispanic",45270,249,11420,343,904,107,1.2,0,7.9,0.9,1,0,1,0,0,1
"050","County","0500000US40139","40","139","Texas County","Total Population",10700,0,NA,NA,NA,NA,NA,NA,NA,NA,0,0,0,0,0,0
"050","County","0500000US40139","40","139","Texas County","Hispanic",2441,144,608,81,92,28,5.7,0.8,15.1,4.1,0,1,1,0,0,1
"050","County","0500000US42011","42","011","Berks County","Total Population",310100,0,NA,NA,NA,NA,NA,NA,NA,NA,0,0,0,0,0,0
"050","County","0500000US42011","42","011","Berks County","Hispanic",45550,370,14650,417,1519,150,4.7,0.1,10.4,1,1,0,1,0,0,1
"050","County","0500000US42077","42","077","Lehigh County","Total Population",266000,0,NA,NA,NA,NA,NA,NA,NA,NA,0,0,0,0,0,0
"050","County","0500000US42077","42","077","Lehigh County","Hispanic",49430,383,16570,472,1405,148,6.2,0.2,8.5,0.9,1,1,1,0,0,1
"050","County","0500000US42101","42","101","Philadelphia County","Total Population",1137000,0,NA,NA,NA,NA,NA,NA,NA,NA,0,0,0,0,0,0
"050","County","0500000US42101","42","101","Philadelphia County","Hispanic",131100,665,38660,780,4354,297,3.4,0.1,11.3,0.7,1,0,1,0,0,1
"050","County","0500000US42101","42","101","Philadelphia County","Chinese (including Taiwanese) alone or in combination",21250,753,10150,450,1826,167,0.9,0,18,1.5,1,0,1,0,0,1
"050","County","0500000US48003","48","003","Andrews County","Total Population",10530,0,NA,NA,NA,NA,NA,NA,NA,NA,0,0,0,0,0,0
"050","County","0500000US48003","48","003","Andrews County","Hispanic",4814,169,649,105,167,51,6.2,1,25.7,6.7,0,1,1,0,0,1
"050","County","0500000US48013","48","013","Atascosa County","Total Population",33660,0,NA,NA,NA,NA,NA,NA,NA,NA,0,0,0,0,0,0
"050","County","0500000US48013","48","013","Atascosa County","Hispanic",20000,198,3313,233,348,77,9.8,0.7,10.5,2.2,0,1,1,0,0,1
"050","County","0500000US48017","48","017","Bailey County","Total Population",4383,0,NA,NA,NA,NA,NA,NA,NA,NA,0,0,0,0,0,0
"050","County","0500000US48017","48","017","Bailey County","Hispanic",2272,127,571,92,62,24,13,2.2,10.9,4,0,1,1,0,0,1
"050","County","0500000US48025","48","025","Bee County","Total Population",25100,0,NA,NA,NA,NA,NA,NA,NA,NA,0,0,0,0,0,0
"050","County","0500000US48025","48","025","Bee County","Hispanic",13470,76,1362,120,171,39,5.4,0.5,12.6,2.7,0,1,1,0,0,1
"050","County","0500000US48029","48","029","Bexar County","Total Population",1312000,0,NA,NA,NA,NA,NA,NA,NA,NA,0,0,0,0,0,0
"050","County","0500000US48029","48","029","Bexar County","Hispanic",724100,1306,89010,1171,10340,431,6.8,0.1,11.6,0.5,1,1,1,0,0,1
"050","County","0500000US48043","48","043","Brewster County","Total Population",7159,0,NA,NA,NA,NA,NA,NA,NA,NA,0,0,0,0,0,0
"050","County","0500000US48043","48","043","Brewster County","Hispanic",2895,51,437,66,41,16,6.1,0.9,9.4,3.3,0,1,1,0,0,1
"050","County","0500000US48047","48","047","Brooks County","Total Population",4653,0,NA,NA,NA,NA,NA,NA,NA,NA,0,0,0,0,0,0
"050","County","0500000US48047","48","047","Brooks County","Hispanic",4280,192,514,78,63,23,11,1.8,12.3,4,0,1,1,0,0,1
"050","County","0500000US48055","48","055","Caldwell County","Total Population",28760,0,NA,NA,NA,NA,NA,NA,NA,NA,0,0,0,0,0,0
"050","County","0500000US48055","48","055","Caldwell County","Hispanic",12170,193,1998,157,199,49,6.9,0.6,10,2.3,0,1,1,0,0,1
"050","County","0500000US48061","48","061","Cameron County","Total Population",231100,0,NA,NA,NA,NA,NA,NA,NA,NA,0,0,0,0,0,0
"050","County","0500000US48061","48","061","Cameron County","Hispanic",196900,882,38730,750,7009,333,16.8,0.3,18.1,0.8,1,1,1,0,0,1
"050","County","0500000US48069","48","069","Castro County","Total Population",4512,0,NA,NA,NA,NA,NA,NA,NA,NA,0,0,0,0,0,0
"050","County","0500000US48069","48","069","Castro County","Hispanic",2395,89,285,52,50,18,6.3,1.2,17.5,5.6,0,1,1,0,0,1
"050","County","0500000US48079","48","079","Cochran County","Total Population",1831,0,NA,NA,NA,NA,NA,NA,NA,NA,0,0,0,0,0,0
"050","County","0500000US48079","48","079","Cochran County","Hispanic",916,27,136,22,37,11,7.4,1.2,27.2,6.7,0,1,1,0,0,1
"050","County","0500000US48095","48","095","Concho County","Total Population",1944,0,NA,NA,NA,NA,NA,NA,NA,NA,0,0,0,0,0,0
"050","County","0500000US48095","48","095","Concho County","Hispanic",505,55,177,31,59,16,9.1,1.6,33.3,7.1,0,1,1,0,0,1
"050","County","0500000US48103","48","103","Crane County","Total Population",2933,0,NA,NA,NA,NA,NA,NA,NA,NA,0,0,0,0,0,0
"050","County","0500000US48103","48","103","Crane County","Hispanic",1658,60,211,41,45,17,7.2,1.4,21.3,6.9,0,1,1,0,0,1
"050","County","0500000US48105","48","105","Crockett County","Total Population",2470,0,NA,NA,NA,NA,NA,NA,NA,NA,0,0,0,0,0,0
"050","County","0500000US48105","48","105","Crockett County","Hispanic",1423,131,124,42,21,12,5,1.7,16.9,8,0,1,1,0,0,1
"050","County","0500000US48107","48","107","Crosby County","Total Population",4151,0,NA,NA,NA,NA,NA,NA,NA,NA,0,0,0,0,0,0
"050","County","0500000US48107","48","107","Crosby County","Hispanic",2056,27,305,41,62,17,7.3,1,20.3,4.9,0,1,1,0,0,1
"050","County","0500000US48109","48","109","Culberson County","Total Population",1472,0,NA,NA,NA,NA,NA,NA,NA,NA,0,0,0,0,0,0
"050","County","0500000US48109","48","109","Culberson County","Hispanic",1117,107,518,67,44,15,35.2,5.3,8.5,2.7,0,1,1,0,0,1
"050","County","0500000US48111","48","111","Dallam County","Total Population",3931,0,NA,NA,NA,NA,NA,NA,NA,NA,0,0,0,0,0,0
"050","County","0500000US48111","48","111","Dallam County","Hispanic",1071,88,255,52,50,19,6.5,1.4,19.6,6.5,0,1,1,0,0,1
"050","County","0500000US48113","48","113","Dallas County","Total Population",1507000,0,NA,NA,NA,NA,NA,NA,NA,NA,0,0,0,0,0,0
"050","County","0500000US48113","48","113","Dallas County","Hispanic",359500,1785,89950,1203,10510,437,6,0.1,11.7,0.5,1,1,1,0,0,1
"050","County","0500000US48113","48","113","Dallas County","Vietnamese alone or in combination",20630,889,10190,525,1961,191,0.7,0,19.2,1.6,1,0,1,0,0,1
"050","County","0500000US48115","48","115","Dawson County","Total Population",9121,0,NA,NA,NA,NA,NA,NA,NA,NA,0,0,0,0,0,0
"050","County","0500000US48115","48","115","Dawson County","Hispanic",4735,58,686,78,205,42,7.5,0.9,29.9,5.1,0,1,1,0,0,1
"050","County","0500000US48117","48","117","Deaf Smith County","Total Population",10560,0,NA,NA,NA,NA,NA,NA,NA,NA,0,0,0,0,0,0
"050","County","0500000US48117","48","117","Deaf Smith County","Hispanic",6456,165,772,101,204,50,7.3,1,26.4,5.7,0,1,1,0,0,1
"050","County","0500000US48121","48","121","Denton County","Total Population",561200,0,NA,NA,NA,NA,NA,NA,NA,NA,0,0,0,0,0,0
"050","County","0500000US48121","48","121","Denton County","Hispanic",75800,650,10760,428,988,133,1.9,0.1,9.2,1.2,1,0,1,0,0,1
"050","County","0500000US48127","48","127","Dimmit County","Total Population",6995,0,NA,NA,NA,NA,NA,NA,NA,NA,0,0,0,0,0,0
"050","County","0500000US48127","48","127","Dimmit County","Hispanic",5935,80,1039,123,233,56,14.9,1.8,22.4,4.8,0,1,1,0,0,1
"050","County","0500000US48131","48","131","Duval County","Total Population",8072,0,NA,NA,NA,NA,NA,NA,NA,NA,0,0,0,0,0,0
"050","County","0500000US48131","48","131","Duval County","Hispanic",7075,69,1047,115,117,36,13,1.4,11.2,3.2,0,1,1,0,0,1
"050","County","0500000US48135","48","135","Ector County","Total Population",98660,0,NA,NA,NA,NA,NA,NA,NA,NA,0,0,0,0,0,0
"050","County","0500000US48135","48","135","Ector County","Hispanic",51510,463,8018,388,1167,158,8.1,0.4,14.6,1.8,0,1,1,0,0,1
"050","County","0500000US48137","48","137","Edwards County","Total Population",1611,0,NA,NA,NA,NA,NA,NA,NA,NA,0,0,0,0,0,0
"050","County","0500000US48137","48","137","Edwards County","Hispanic",830,98,94,29,25,12,5.8,1.9,26.6,9.4,0,1,1,0,0,1
"050","County","0500000US48141","48","141","El Paso County","Total Population",506400,0,NA,NA,NA,NA,NA,NA,NA,NA,0,0,0,0,0,0
"050","County","0500000US48141","48","141","El Paso County","Hispanic",396800,1155,124000,1281,10670,431,24.5,0.3,8.6,0.3,1,1,1,0,0,1
"050","County","0500000US48153","48","153","Floyd County","Total Population",3862,0,NA,NA,NA,NA,NA,NA,NA,NA,0,0,0,0,0,0
"050","County","0500000US48153","48","153","Floyd County","Hispanic",1867,49,210,38,71,20,5.4,1,33.8,7.6,0,1,1,0,0,1
"050","County","0500000US48157","48","157","Fort Bend County","Total Population",466200,0,NA,NA,NA,NA,NA,NA,NA,NA,0,0,0,0,0,0
"050","County","0500000US48157","48","157","Fort Bend County","Hispanic",90580,849,14720,589,1820,209,3.2,0.1,12.4,1.3,1,0,1,0,0,1
"050","County","0500000US48163","48","163","Frio County","Total Population",12650,0,NA,NA,NA,NA,NA,NA,NA,NA,0,0,0,0,0,0
"050","County","0500000US48163","48","163","Frio County","Hispanic",9410,182,1223,138,265,61,9.7,1.1,21.7,4.3,0,1,1,0,0,1
"050","County","0500000US48165","48","165","Gaines County","Total Population",10490,0,NA,NA,NA,NA,NA,NA,NA,NA,0,0,0,0,0,0
"050","County","0500000US48165","48","165","Gaines County","Hispanic",4133,131,854,107,102,34,8.1,1.1,11.9,3.7,0,1,1,0,0,1
"050","County","0500000US48169","48","169","Garza County","Total Population",3146,0,NA,NA,NA,NA,NA,NA,NA,NA,0,0,0,0,0,0
"050","County","0500000US48169","48","169","Garza County","Hispanic",760,77,205,38,54,17,6.5,1.2,26.3,6.6,0,1,1,0,0,1
"050","County","0500000US48177","48","177","Gonzales County","Total Population",13290,0,NA,NA,NA,NA,NA,NA,NA,NA,0,0,0,0,0,0
"050","County","0500000US48177","48","177","Gonzales County","Hispanic",5024,117,689,79,148,36,5.2,0.6,21.5,4.6,0,1,1,0,0,1
"050","County","0500000US48189","48","189","Hale County","Total Population",22280,0,NA,NA,NA,NA,NA,NA,NA,NA,0,0,0,0,0,0
"050","County","0500000US48189","48","189","Hale County","Hispanic",11230,148,1118,112,291,57,5,0.5,26,4.3,0,1,1,0,0,1
"050","County","0500000US48195","48","195","Hansford County","Total Population",2900,0,NA,NA,NA,NA,NA,NA,NA,NA,0,0,0,0,0,0
"050","County","0500000US48195","48","195","Hansford County","Hispanic",679,69,259,47,94,26,8.9,1.6,36.3,8.1,0,1,1,0,0,1
"050","County","0500000US48201","48","201","Harris County","Total Population",2706000,0,NA,NA,NA,NA,NA,NA,NA,NA,0,0,0,0,0,0
"050","County","0500000US48201","48","201","Harris County","Hispanic",809100,2712,195600,1941,24620,742,7.2,0.1,12.6,0.4,1,1,1,0,0,1
"050","County","0500000US48201","48","201","Harris County","Chinese (including Taiwanese) alone or in combination",36190,1001,12420,506,1158,135,0.5,0,9.3,1,1,0,1,0,0,1
"050","County","0500000US48201","48","201","Harris County","Vietnamese alone or in combination",67980,1597,33660,981,4667,318,1.2,0,13.9,0.9,1,0,1,0,0,1
"050","County","0500000US48215","48","215","Hidalgo County","Total Population",420900,0,NA,NA,NA,NA,NA,NA,NA,NA,0,0,0,0,0,0
"050","County","0500000US48215","48","215","Hidalgo County","Hispanic",369900,1541,89210,1298,14100,546,21.2,0.3,15.8,0.6,1,1,1,0,0,1
"050","County","0500000US48219","48","219","Hockley County","Total Population",15930,0,NA,NA,NA,NA,NA,NA,NA,NA,0,0,0,0,0,0
"050","County","0500000US48219","48","219","Hockley County","Hispanic",6341,94,932,86,316,52,5.8,0.5,33.9,4.6,0,1,1,0,0,1
"050","County","0500000US48229","48","229","Hudspeth County","Total Population",2003,0,NA,NA,NA,NA,NA,NA,NA,NA,0,0,0,0,0,0
"050","County","0500000US48229","48","229","Hudspeth County","Hispanic",1328,91,674,76,95,28,33.6,4.7,14.1,3.8,0,1,1,0,0,1
"050","County","0500000US48243","48","243","Jeff Davis County","Total Population",1683,0,NA,NA,NA,NA,NA,NA,NA,NA,0,0,0,0,0,0
"050","County","0500000US48243","48","243","Jeff Davis County","Hispanic",368,77,130,39,13,7,7.7,2.4,10,4.4,0,1,1,0,0,1
"050","County","0500000US48247","48","247","Jim Hogg County","Total Population",3427,0,NA,NA,NA,NA,NA,NA,NA,NA,0,0,0,0,0,0
"050","County","0500000US48247","48","247","Jim Hogg County","Hispanic",3114,150,602,80,83,26,17.6,2.4,13.8,4,0,1,1,0,0,1
"050","County","0500000US48249","48","249","Jim Wells County","Total Population",28200,0,NA,NA,NA,NA,NA,NA,NA,NA,0,0,0,0,0,0
"050","County","0500000US48249","48","249","Jim Wells County","Hispanic",22050,144,2616,218,495,92,9.3,0.8,18.9,3.2,0,1,1,0,0,1
"050","County","0500000US48255","48","255","Karnes County","Total Population",11150,0,NA,NA,NA,NA,NA,NA,NA,NA,0,0,0,0,0,0
"050","County","0500000US48255","48","255","Karnes County","Hispanic",5186,98,696,77,130,32,6.2,0.7,18.7,4.1,0,1,1,0,0,1
"050","County","0500000US48261","48","261","Kenedy County","Total Population",364,0,NA,NA,NA,NA,NA,NA,NA,NA,0,0,0,0,0,0
"050","County","0500000US48261","48","261","Kenedy County","Hispanic",312,74,150,42,29,13,41.2,14.7,19.3,6.9,0,1,1,0,0,1
"050","County","0500000US48271","48","271","Kinney County","Total Population",2864,0,NA,NA,NA,NA,NA,NA,NA,NA,0,0,0,0,0,0
"050","County","0500000US48271","48","271","Kinney County","Hispanic",1459,129,278,60,32,14,9.7,2.1,11.5,4.5,0,1,1,0,0,1
"050","County","0500000US48273","48","273","Kleberg County","Total Population",22390,0,NA,NA,NA,NA,NA,NA,NA,NA,0,0,0,0,0,0
"050","County","0500000US48273","48","273","Kleberg County","Hispanic",15850,108,1780,162,173,49,8,0.7,9.7,2.6,0,1,1,0,0,1
"050","County","0500000US48275","48","275","Knox County","Total Population",2498,0,NA,NA,NA,NA,NA,NA,NA,NA,0,0,0,0,0,0
"050","County","0500000US48275","48","275","Knox County","Hispanic",627,30,126,23,31,10,5,0.9,24.6,6.7,0,1,1,0,0,1
"050","County","0500000US48279","48","279","Lamb County","Total Population",8666,0,NA,NA,NA,NA,NA,NA,NA,NA,0,0,0,0,0,0
"050","County","0500000US48279","48","279","Lamb County","Hispanic",4011,74,593,62,142,30,6.8,0.7,23.9,4.4,0,1,1,0,0,1
"050","County","0500000US48283","48","283","La Salle County","Total Population",5402,0,NA,NA,NA,NA,NA,NA,NA,NA,0,0,0,0,0,0
"050","County","0500000US48283","48","283","La Salle County","Hispanic",4307,221,653,99,74,28,12.1,1.9,11.3,3.9,0,1,1,0,0,1
"050","County","0500000US48297","48","297","Live Oak County","Total Population",9104,0,NA,NA,NA,NA,NA,NA,NA,NA,0,0,0,0,0,0
"050","County","0500000US48297","48","297","Live Oak County","Hispanic",3008,71,589,68,149,34,6.5,0.8,25.3,5,0,1,1,0,0,1
"050","County","0500000US48305","48","305","Lynn County","Total Population",4054,0,NA,NA,NA,NA,NA,NA,NA,NA,0,0,0,0,0,0
"050","County","0500000US48305","48","305","Lynn County","Hispanic",1751,27,240,34,62,16,5.9,0.8,25.8,5.8,0,1,1,0,0,1
"050","County","0500000US48317","48","317","Martin County","Total Population",3761,0,NA,NA,NA,NA,NA,NA,NA,NA,0,0,0,0,0,0
"050","County","0500000US48317","48","317","Martin County","Hispanic",1539,101,219,48,39,16,5.8,1.3,17.8,6.3,0,1,1,0,0,1
"050","County","0500000US48323","48","323","Maverick County","Total Population",29220,0,NA,NA,NA,NA,NA,NA,NA,NA,0,0,0,0,0,0
"050","County","0500000US48323","48","323","Maverick County","Hispanic",27740,421,8134,387,1081,157,27.8,1.5,13.3,1.8,0,1,1,0,0,1
"050","County","0500000US48323","48","323","Maverick County","All other American Indian tribes alone or in combination",198,73,39,18,24,12,0.1,0.1,61.5,13.2,0,0,1,1,0,1
"050","County","0500000US48325","48","325","Medina County","Total Population",37450,0,NA,NA,NA,NA,NA,NA,NA,NA,0,0,0,0,0,0
"050","County","0500000US48325","48","325","Medina County","Hispanic",17880,135,2385,193,226,57,6.4,0.5,9.5,2.3,0,1,1,0,0,1
"050","County","0500000US48327","48","327","Menard County","Total Population",1747,0,NA,NA,NA,NA,NA,NA,NA,NA,0,0,0,0,0,0
"050","County","0500000US48327","48","327","Menard County","Hispanic",614,65,132,33,28,12,7.6,1.9,21.2,7.3,0,1,1,0,0,1
"050","County","0500000US48341","48","341","Moore County","Total Population",10850,0,NA,NA,NA,NA,NA,NA,NA,NA,0,0,0,0,0,0
"050","County","0500000US48341","48","341","Moore County","Hispanic",4456,178,815,106,131,38,7.5,1,16.1,4.2,0,1,1,0,0,1
"050","County","0500000US48355","48","355","Nueces County","Total Population",253800,0,NA,NA,NA,NA,NA,NA,NA,NA,0,0,0,0,0,0
"050","County","0500000US48355","48","355","Nueces County","Hispanic",151200,477,15390,479,2280,197,6.1,0.2,14.8,1.2,1,1,1,0,0,1
"050","County","0500000US48357","48","357","Ochiltree County","Total Population",5606,0,NA,NA,NA,NA,NA,NA,NA,NA,0,0,0,0,0,0
"050","County","0500000US48357","48","357","Ochiltree County","Hispanic",1957,111,430,69,52,20,7.7,1.3,12.1,4.3,0,1,1,0,0,1
"050","County","0500000US48369","48","369","Parmer County","Total Population",5500,0,NA,NA,NA,NA,NA,NA,NA,NA,0,0,0,0,0,0
"050","County","0500000US48369","48","369","Parmer County","Hispanic",2828,94,486,64,91,25,8.8,1.2,18.7,4.6,0,1,1,0,0,1
"050","County","0500000US48371","48","371","Pecos County","Total Population",10630,0,NA,NA,NA,NA,NA,NA,NA,NA,0,0,0,0,0,0
"050","County","0500000US48371","48","371","Pecos County","Hispanic",6498,115,1185,116,347,62,11.1,1.1,29.3,4.5,0,1,1,0,0,1
"050","County","0500000US48373","48","373","Polk County","Total Population",36970,0,NA,NA,NA,NA,NA,NA,NA,NA,0,0,0,0,0,0
"050","County","0500000US48373","48","373","Polk County","All other American Indian tribes alone or in combination",483,52,25,8,0,1,0.1,0,0,2.5,0,0,0,1,0,1
"050","County","0500000US48377","48","377","Presidio County","Total Population",3282,0,NA,NA,NA,NA,NA,NA,NA,NA,0,0,0,0,0,0
"050","County","0500000US48377","48","377","Presidio County","Hispanic",2385,166,773,118,238,63,23.6,4,30.8,6.8,0,1,1,0,0,1
"050","County","0500000US48383","48","383","Reagan County","Total Population",2132,0,NA,NA,NA,NA,NA,NA,NA,NA,0,0,0,0,0,0
"050","County","0500000US48383","48","383","Reagan County","Hispanic",1214,82,259,47,28,12,12.1,2.3,10.8,4.2,0,1,1,0,0,1
"050","County","0500000US48389","48","389","Reeves County","Total Population",9704,0,NA,NA,NA,NA,NA,NA,NA,NA,0,0,0,0,0,0
"050","County","0500000US48389","48","389","Reeves County","Hispanic",6465,138,1154,108,231,48,11.9,1.2,20,3.7,0,1,1,0,0,1
"050","County","0500000US48409","48","409","San Patricio County","Total Population",46800,0,NA,NA,NA,NA,NA,NA,NA,NA,0,0,0,0,0,0
"050","County","0500000US48409","48","409","San Patricio County","Hispanic",24830,155,2654,183,568,86,5.7,0.4,21.4,2.9,0,1,1,0,0,1
"050","County","0500000US48413","48","413","Schleicher County","Total Population",1998,0,NA,NA,NA,NA,NA,NA,NA,NA,0,0,0,0,0,0
"050","County","0500000US48413","48","413","Schleicher County","Hispanic",925,36,118,28,16,8,5.9,1.4,13.6,5.8,0,1,1,0,0,1
"050","County","0500000US48421","48","421","Sherman County","Total Population",2016,0,NA,NA,NA,NA,NA,NA,NA,NA,0,0,0,0,0,0
"050","County","0500000US48421","48","421","Sherman County","Hispanic",541,46,113,25,18,8,5.6,1.3,15.9,5.8,0,1,1,0,0,1
"050","County","0500000US48427","48","427","Starr County","Total Population",30500,0,NA,NA,NA,NA,NA,NA,NA,NA,0,0,0,0,0,0
"050","County","0500000US48427","48","427","Starr County","Hispanic",30210,389,10800,363,1660,158,35.4,1.3,15.4,1.4,1,1,1,0,0,1
"050","County","0500000US48431","48","431","Sterling County","Total Population",751,0,NA,NA,NA,NA,NA,NA,NA,NA,0,0,0,0,0,0
"050","County","0500000US48431","48","431","Sterling County","Hispanic",310,46,40,15,7,4,5.3,2,17.5,7.1,0,1,1,0,0,1
"050","County","0500000US48435","48","435","Sutton County","Total Population",2526,0,NA,NA,NA,NA,NA,NA,NA,NA,0,0,0,0,0,0
"050","County","0500000US48435","48","435","Sutton County","Hispanic",1453,100,154,35,21,10,6.1,1.4,13.6,5.6,0,1,1,0,0,1
"050","County","0500000US48439","48","439","Tarrant County","Total Population",1326000,0,NA,NA,NA,NA,NA,NA,NA,NA,0,0,0,0,0,0
"050","County","0500000US48439","48","439","Tarrant County","Hispanic",256100,1279,47270,905,5475,330,3.6,0.1,11.6,0.7,1,0,1,0,0,1
"050","County","0500000US48439","48","439","Tarrant County","Vietnamese alone or in combination",22830,947,12190,591,1663,177,0.9,0,13.6,1.3,1,0,1,0,0,1
"050","County","0500000US48443","48","443","Terrell County","Total Population",750,0,NA,NA,NA,NA,NA,NA,NA,NA,0,0,0,0,0,0
"050","County","0500000US48443","48","443","Terrell County","Hispanic",413,94,64,23,12,6,8.5,3.3,18.8,7.5,0,1,1,0,0,1
"050","County","0500000US48445","48","445","Terry County","Total Population",8197,0,NA,NA,NA,NA,NA,NA,NA,NA,0,0,0,0,0,0
"050","County","0500000US48445","48","445","Terry County","Hispanic",3921,80,609,73,211,43,7.4,0.9,34.6,5.8,0,1,1,0,0,1
"050","County","0500000US48449","48","449","Titus County","Total Population",18810,0,NA,NA,NA,NA,NA,NA,NA,NA,0,0,0,0,0,0
"050","County","0500000US48449","48","449","Titus County","Hispanic",4339,169,1015,109,92,30,5.4,0.6,9.1,2.8,0,1,1,0,0,1
"050","County","0500000US48453","48","453","Travis County","Total Population",826600,0,NA,NA,NA,NA,NA,NA,NA,NA,0,0,0,0,0,0
"050","County","0500000US48453","48","453","Travis County","Hispanic",203200,1103,25640,718,3188,263,3.1,0.1,12.4,1,1,0,1,0,0,1
"050","County","0500000US48463","48","463","Uvalde County","Total Population",17820,0,NA,NA,NA,NA,NA,NA,NA,NA,0,0,0,0,0,0
"050","County","0500000US48463","48","463","Uvalde County","Hispanic",11760,181,2085,198,319,74,11.7,1.1,15.3,3.3,0,1,1,0,0,1
"050","County","0500000US48465","48","465","Val Verde County","Total Population",29360,0,NA,NA,NA,NA,NA,NA,NA,NA,0,0,0,0,0,0
"050","County","0500000US48465","48","465","Val Verde County","Hispanic",22420,272,3989,240,806,112,13.6,0.8,20.2,2.6,0,1,1,0,0,1
"050","County","0500000US48475","48","475","Ward County","Total Population",7923,0,NA,NA,NA,NA,NA,NA,NA,NA,0,0,0,0,0,0
"050","County","0500000US48475","48","475","Ward County","Hispanic",3767,66,570,69,134,32,7.2,0.9,23.5,4.9,0,1,1,0,0,1
"050","County","0500000US48479","48","479","Webb County","Total Population",136700,0,NA,NA,NA,NA,NA,NA,NA,NA,0,0,0,0,0,0
"050","County","0500000US48479","48","479","Webb County","Hispanic",128000,704,40280,694,3812,241,29.5,0.6,9.5,0.6,1,1,1,0,0,1
"050","County","0500000US48489","48","489","Willacy County","Total Population",14570,0,NA,NA,NA,NA,NA,NA,NA,NA,0,0,0,0,0,0
"050","County","0500000US48489","48","489","Willacy County","Hispanic",12430,141,2664,168,596,81,18.3,1.2,22.4,2.7,0,1,1,0,0,1
"050","County","0500000US48495","48","495","Winkler County","Total Population",4875,0,NA,NA,NA,NA,NA,NA,NA,NA,0,0,0,0,0,0
"050","County","0500000US48495","48","495","Winkler County","Hispanic",2551,83,313,59,56,21,6.4,1.2,17.9,6,0,1,1,0,0,1
"050","County","0500000US48501","48","501","Yoakum County","Total Population",4261,0,NA,NA,NA,NA,NA,NA,NA,NA,0,0,0,0,0,0
"050","County","0500000US48501","48","501","Yoakum County","Hispanic",2268,125,448,79,145,42,10.5,2,32.4,7.6,0,1,1,0,0,1
"050","County","0500000US48505","48","505","Zapata County","Total Population",6985,0,NA,NA,NA,NA,NA,NA,NA,NA,0,0,0,0,0,0
"050","County","0500000US48505","48","505","Zapata County","Hispanic",6358,199,2093,183,162,50,30,3.2,7.7,2.2,0,1,1,0,0,1
"050","County","0500000US48507","48","507","Zavala County","Total Population",7915,0,NA,NA,NA,NA,NA,NA,NA,NA,0,0,0,0,0,0
"050","County","0500000US48507","48","507","Zavala County","Hispanic",7377,104,1194,148,137,46,15.1,1.9,11.5,3.5,0,1,1,0,0,1
"050","County","0500000US49035","49","035","Salt Lake County","Total Population",740800,0,NA,NA,NA,NA,NA,NA,NA,NA,0,0,0,0,0,0
"050","County","0500000US49035","49","035","Salt Lake County","Hispanic",79910,804,10940,444,1530,164,1.5,0.1,14,1.4,1,0,1,0,0,1
"050","County","0500000US49037","49","037","San Juan County","Total Population",10480,0,NA,NA,NA,NA,NA,NA,NA,NA,0,0,0,0,0,0
"050","County","0500000US49037","49","037","San Juan County","Navajo alone or in combination",4932,52,953,61,178,27,9.1,0.6,18.7,2.6,0,1,1,1,0,1
"050","County","0500000US49037","49","037","San Juan County","Ute alone or in combination",116,32,20,17,1,2,0.2,0.2,5,7.8,0,0,1,1,0,1
"050","County","0500000US51059","51","059","Fairfax County","Total Population",735100,0,NA,NA,NA,NA,NA,NA,NA,NA,0,0,0,0,0,0
"050","County","0500000US51059","51","059","Fairfax County","Hispanic",72630,762,18310,536,1530,160,2.5,0.1,8.4,0.8,1,0,1,0,0,1
"050","County","0500000US51059","51","059","Fairfax County","Vietnamese alone or in combination",23840,922,10700,495,945,111,1.5,0.1,8.8,0.9,1,0,1,0,0,1
"050","County","0500000US51153","51","153","Prince William County","Total Population",287700,0,NA,NA,NA,NA,NA,NA,NA,NA,0,0,0,0,0,0
"050","County","0500000US51153","51","153","Prince William County","Hispanic",41790,597,11740,470,1263,154,4.1,0.2,10.8,1.2,1,0,1,0,0,1
"050","County","0500000US51683","51","683","Manassas city","Total Population",24050,0,NA,NA,NA,NA,NA,NA,NA,NA,0,0,0,0,0,0
"050","County","0500000US51683","51","683","Manassas city","Hispanic",4388,234,1301,165,70,28,5.4,0.7,5.4,2.1,0,1,1,0,0,1
"050","County","0500000US51685","51","685","Manassas Park city","Total Population",9613,0,NA,NA,NA,NA,NA,NA,NA,NA,0,0,0,0,0,0
"050","County","0500000US51685","51","685","Manassas Park city","Hispanic",2125,166,552,98,55,23,5.7,1,10,3.8,0,1,1,0,0,1
"050","County","0500000US53001","53","001","Adams County","Total Population",9314,0,NA,NA,NA,NA,NA,NA,NA,NA,0,0,0,0,0,0
"050","County","0500000US53001","53","001","Adams County","Hispanic",3828,166,924,108,99,28,9.9,1.2,10.7,2.9,0,1,1,0,0,1
"050","County","0500000US53021","53","021","Franklin County","Total Population",47820,0,NA,NA,NA,NA,NA,NA,NA,NA,0,0,0,0,0,0
"050","County","0500000US53021","53","021","Franklin County","Hispanic",15770,400,3934,274,808,122,8.2,0.6,20.5,2.8,0,1,1,0,0,1
"050","County","0500000US53033","53","033","King County","Total Population",1507000,0,NA,NA,NA,NA,NA,NA,NA,NA,0,0,0,0,0,0
"050","County","0500000US53033","53","033","King County","Hispanic",86610,779,10930,423,1242,143,0.7,0,11.4,1.2,1,0,1,0,0,1
"050","County","0500000US53033","53","033","King County","Chinese (including Taiwanese) alone or in combination",66510,1162,19200,562,2062,177,1.3,0,10.7,0.9,1,0,1,0,0,1
"050","County","0500000US53033","53","033","King County","Vietnamese alone or in combination",34250,976,16060,586,1979,176,1.1,0,12.3,1,1,0,1,0,0,1
"050","County","0500000US53077","53","077","Yakima County","Total Population",145200,0,NA,NA,NA,NA,NA,NA,NA,NA,0,0,0,0,0,0
"050","County","0500000US53077","53","077","Yakima County","Hispanic",45610,518,9083,356,1851,164,6.3,0.2,20.4,1.6,0,1,1,0,0,1
"060","MCD","0600000US0900008070","09","000","Bridgeport town","Total Population",88420,0,NA,NA,NA,NA,NA,NA,NA,NA,0,0,0,0,0,0
"060","MCD","0600000US0900008070","09","000","Bridgeport town","Hispanic",30060,725,10490,418,1390,144,11.9,0.5,13.3,1.3,1,1,1,0,0,1
"060","MCD","0600000US0900022630","09","000","East Hartford town","Total Population",34440,0,NA,NA,NA,NA,NA,NA,NA,NA,0,0,0,0,0,0
"060","MCD","0600000US0900022630","09","000","East Hartford town","Hispanic",10650,473,2939,248,237,54,8.5,0.7,8.1,1.7,0,1,1,0,0,1
"060","MCD","0600000US0900037070","09","000","Hartford town","Total Population",80590,0,NA,NA,NA,NA,NA,NA,NA,NA,0,0,0,0,0,0
"060","MCD","0600000US0900037070","09","000","Hartford town","Hispanic",33270,683,11620,415,1639,154,14.4,0.5,14.1,1.2,1,1,1,0,0,1
"060","MCD","0600000US0900046520","09","000","Meriden town","Total Population",45090,0,NA,NA,NA,NA,NA,NA,NA,NA,0,0,0,0,0,0
"060","MCD","0600000US0900046520","09","000","Meriden town","Hispanic",11180,497,3294,241,261,52,7.3,0.5,7.9,1.5,0,1,1,0,0,1
"060","MCD","0600000US0900050440","09","000","New Britain town","Total Population",49480,0,NA,NA,NA,NA,NA,NA,NA,NA,0,0,0,0,0,0
"060","MCD","0600000US0900050440","09","000","New Britain town","Hispanic",18950,524,5740,307,570,90,11.6,0.6,9.9,1.5,0,1,1,0,0,1
"060","MCD","0600000US0900052070","09","000","New Haven town","Total Population",86190,0,NA,NA,NA,NA,NA,NA,NA,NA,0,0,0,0,0,0
"060","MCD","0600000US0900052070","09","000","New Haven town","Hispanic",20780,685,6360,362,480,84,7.4,0.4,7.5,1.3,0,1,1,0,0,1
"060","MCD","0600000US0900052350","09","000","New London town","Total Population",19220,0,NA,NA,NA,NA,NA,NA,NA,NA,0,0,0,0,0,0
"060","MCD","0600000US0900052350","09","000","New London town","Hispanic",4604,264,1466,151,115,30,7.6,0.8,7.8,1.9,0,1,1,0,0,1
"060","MCD","0600000US0900056060","09","000","Norwalk town","Total Population",58440,0,NA,NA,NA,NA,NA,NA,NA,NA,0,0,0,0,0,0
"060","MCD","0600000US0900056060","09","000","Norwalk town","Hispanic",9651,474,3457,270,323,66,5.9,0.5,9.3,1.7,0,1,1,0,0,1
"060","MCD","0600000US0900080070","09","000","Waterbury town","Total Population",73690,0,NA,NA,NA,NA,NA,NA,NA,NA,0,0,0,0,0,0
"060","MCD","0600000US0900080070","09","000","Waterbury town","Hispanic",22860,603,6815,346,820,112,9.2,0.5,12,1.5,0,1,1,0,0,1
"060","MCD","0600000US0900086790","09","000","Windham town","Total Population",18070,0,NA,NA,NA,NA,NA,NA,NA,NA,0,0,0,0,0,0
"060","MCD","0600000US0900086790","09","000","Windham town","Hispanic",5616,236,1894,171,164,39,10.5,1,8.7,1.9,0,1,1,0,0,1
"060","MCD","0600000US2500007000","25","000","Boston city","Total Population",483400,0,NA,NA,NA,NA,NA,NA,NA,NA,0,0,0,0,0,0
"060","MCD","0600000US2500007000","25","000","Boston city","Hispanic",70050,815,22650,584,2517,202,4.7,0.1,11.1,0.8,1,0,1,0,0,1
"060","MCD","0600000US2500013205","25","000","Chelsea city","Total Population",18410,0,NA,NA,NA,NA,NA,NA,NA,NA,0,0,0,0,0,0
"060","MCD","0600000US2500013205","25","000","Chelsea city","Hispanic",8664,372,3611,260,648,105,19.6,1.5,17.9,2.6,0,1,1,0,0,1
"060","MCD","0600000US2500014395","25","000","Clinton town","Total Population",10170,0,NA,NA,NA,NA,NA,NA,NA,NA,0,0,0,0,0,0
"060","MCD","0600000US2500014395","25","000","Clinton town","Hispanic",1606,154,559,91,60,19,5.5,0.9,10.7,2.9,0,1,1,0,0,1
"060","MCD","0600000US2500021990","25","000","Everett city","Total Population",25430,0,NA,NA,NA,NA,NA,NA,NA,NA,0,0,0,0,0,0
"060","MCD","0600000US2500021990","25","000","Everett city","Hispanic",4650,353,1496,198,187,49,5.9,0.8,12.5,2.9,0,1,1,0,0,1
"060","MCD","0600000US2500023875","25","000","Fitchburg city","Total Population",29890,0,NA,NA,NA,NA,NA,NA,NA,NA,0,0,0,0,0,0
"060","MCD","0600000US2500023875","25","000","Fitchburg city","Hispanic",6575,366,1590,171,166,40,5.3,0.6,10.4,2.3,0,1,1,0,0,1
"060","MCD","0600000US2500030840","25","000","Holyoke city","Total Population",29810,0,NA,NA,NA,NA,NA,NA,NA,NA,0,0,0,0,0,0
"060","MCD","0600000US2500030840","25","000","Holyoke city","Hispanic",14230,375,4991,263,600,88,16.7,0.9,12,1.6,0,1,1,0,0,1
"060","MCD","0600000US2500034550","25","000","Lawrence city","Total Population",44780,0,NA,NA,NA,NA,NA,NA,NA,NA,0,0,0,0,0,0
"060","MCD","0600000US2500034550","25","000","Lawrence city","Hispanic",32420,586,14070,455,2226,195,31.4,1.1,15.8,1.3,1,1,1,0,0,1
"060","MCD","0600000US2500035075","25","000","Leominster city","Total Population",30580,0,NA,NA,NA,NA,NA,NA,NA,NA,0,0,0,0,0,0
"060","MCD","0600000US2500035075","25","000","Leominster city","Hispanic",4577,392,1591,201,124,36,5.2,0.7,7.8,2,0,1,1,0,0,1
"060","MCD","0600000US2500037000","25","000","Lowell city","Total Population",73750,0,NA,NA,NA,NA,NA,NA,NA,NA,0,0,0,0,0,0
"060","MCD","0600000US2500037000","25","000","Lowell city","Hispanic",11420,517,3724,261,456,80,5,0.4,12.2,1.9,0,1,1,0,0,1
"060","MCD","0600000US2500037000","25","000","Lowell city","Cambodian alone or in combination",8915,508,3957,294,1089,140,5.4,0.4,27.5,2.8,0,1,1,0,0,1
"060","MCD","0600000US2500037490","25","000","Lynn city","Total Population",53810,0,NA,NA,NA,NA,NA,NA,NA,NA,0,0,0,0,0,0
"060","MCD","0600000US2500037490","25","000","Lynn city","Hispanic",13950,492,5043,311,548,91,9.4,0.6,10.9,1.7,0,1,1,0,0,1
"060","MCD","0600000US2500037875","25","000","Malden city","Total Population",36250,0,NA,NA,NA,NA,NA,NA,NA,NA,0,0,0,0,0,0
"060","MCD","0600000US2500037875","25","000","Malden city","Chinese (including Taiwanese) alone or in combination",3947,358,2677,275,255,70,7.4,0.8,9.5,2.4,0,1,1,0,0,1
"060","MCD","0600000US2500040710","25","000","Methuen Town city","Total Population",36560,0,NA,NA,NA,NA,NA,NA,NA,NA,0,0,0,0,0,0
"060","MCD","0600000US2500040710","25","000","Methuen Town city","Hispanic",8317,479,2364,232,192,47,6.5,0.6,8.1,1.8,0,1,1,0,0,1
"060","MCD","0600000US2500055745","25","000","Quincy city","Total Population",66980,0,NA,NA,NA,NA,NA,NA,NA,NA,0,0,0,0,0,0
"060","MCD","0600000US2500055745","25","000","Quincy city","Chinese (including Taiwanese) alone or in combination",10060,535,6108,377,782,116,9.1,0.6,12.8,1.7,0,1,1,0,0,1
"060","MCD","0600000US2500056000","25","000","Randolph Town city","Total Population",24180,0,NA,NA,NA,NA,NA,NA,NA,NA,0,0,0,0,0,0
"060","MCD","0600000US2500056000","25","000","Randolph Town city","Vietnamese alone or in combination",1892,264,1344,207,181,55,5.6,0.9,13.5,3.5,0,1,1,0,0,1
"060","MCD","0600000US2500056585","25","000","Revere city","Total Population",32300,0,NA,NA,NA,NA,NA,NA,NA,NA,0,0,0,0,0,0
"060","MCD","0600000US2500056585","25","000","Revere city","Hispanic",6943,464,2568,252,213,52,8,0.8,8.3,1.9,0,1,1,0,0,1
"060","MCD","0600000US2500059105","25","000","Salem city","Total Population",34280,0,NA,NA,NA,NA,NA,NA,NA,NA,0,0,0,0,0,0
"060","MCD","0600000US2500059105","25","000","Salem city","Hispanic",4964,374,1857,205,167,41,5.4,0.6,9,2,0,1,1,0,0,1
"060","MCD","0600000US2500063345","25","000","Southbridge Town city","Total Population",12820,0,NA,NA,NA,NA,NA,NA,NA,NA,0,0,0,0,0,0
"060","MCD","0600000US2500063345","25","000","Southbridge Town city","Hispanic",3341,225,1179,132,139,35,9.2,1,11.8,2.6,0,1,1,0,0,1
"060","MCD","0600000US2500067000","25","000","Springfield city","Total Population",109300,0,NA,NA,NA,NA,NA,NA,NA,NA,0,0,0,0,0,0
"060","MCD","0600000US2500067000","25","000","Springfield city","Hispanic",43840,589,13540,468,1506,159,12.4,0.4,11.1,1.1,1,1,1,0,0,1
"060","MCD","0600000US2500082000","25","000","Worcester city","Total Population",133400,0,NA,NA,NA,NA,NA,NA,NA,NA,0,0,0,0,0,0
"060","MCD","0600000US2500082000","25","000","Worcester city","Hispanic",24700,615,8541,380,634,91,6.4,0.3,7.4,1,0,1,1,0,0,1
"060","MCD","0600000US2600016720","26","000","Clyde township","Total Population",1504,0,NA,NA,NA,NA,NA,NA,NA,NA,0,0,0,0,0,0
"060","MCD","0600000US2600016720","26","000","Clyde township","Hispanic",298,52,112,28,20,9,7.4,1.9,17.9,7.2,0,1,1,0,0,1
"060","MCD","0600000US2600018560","26","000","Covert township","Total Population",2116,0,NA,NA,NA,NA,NA,NA,NA,NA,0,0,0,0,0,0
"060","MCD","0600000US2600018560","26","000","Covert township","Hispanic",369,61,138,35,30,13,6.5,1.7,21.7,8.1,0,1,1,0,0,1
"060","MCD","0600000US2600027740","26","000","Fennville city","Total Population",1166,0,NA,NA,NA,NA,NA,NA,NA,NA,0,0,0,0,0,0
"060","MCD","0600000US2600027740","26","000","Fennville city","Hispanic",363,68,65,22,7,4,5.6,2,10.8,5.8,0,1,1,0,0,1
"060","MCD","0600000US2600036280","26","000","Hamtramck city","Total Population",11250,0,NA,NA,NA,NA,NA,NA,NA,NA,0,0,0,0,0,0
"060","MCD","0600000US2600036280","26","000","Hamtramck city","Bangladeshi alone or in combination",1261,173,900,150,77,23,8,1.3,8.6,2.3,0,1,1,0,0,1
"060","MCD","0600000US4400014140","44","000","Central Falls city","Total Population",10050,0,NA,NA,NA,NA,NA,NA,NA,NA,0,0,0,0,0,0
"060","MCD","0600000US4400014140","44","000","Central Falls city","Hispanic",5498,297,1944,183,210,51,19.3,2,10.8,2.4,0,1,1,0,0,1
"060","MCD","0600000US4400054640","44","000","Pawtucket city","Total Population",50170,0,NA,NA,NA,NA,NA,NA,NA,NA,0,0,0,0,0,0
"060","MCD","0600000US4400054640","44","000","Pawtucket city","Hispanic",9637,411,3020,231,242,52,6,0.5,8,1.6,0,1,1,0,0,1
"060","MCD","0600000US4400059000","44","000","Providence city","Total Population",115200,0,NA,NA,NA,NA,NA,NA,NA,NA,0,0,0,0,0,0
"060","MCD","0600000US4400059000","44","000","Providence city","Hispanic",37830,719,14710,524,1388,159,12.8,0.5,9.4,1,1,1,1,0,0,1
"060","MCD","0600000US5500000100","55","000","Abbotsford city","Total Population",1324,0,NA,NA,NA,NA,NA,NA,NA,NA,0,0,0,0,0,0
"060","MCD","0600000US5500000100","55","000","Abbotsford city","Hispanic",120,31,70,21,6,4,5.3,1.6,8.6,4.6,0,1,1,0,0,1
"060","MCD","0600000US5500000350","55","000","Adams town","Total Population",1097,0,NA,NA,NA,NA,NA,NA,NA,NA,0,0,0,0,0,0
"060","MCD","0600000US5500000350","55","000","Adams town","All other American Indian tribes alone or in combination",15,9,0,0,0,0,0,0,NA,NA,0,0,0,1,0,1
"060","MCD","0600000US5500000900","55","000","Albion town","Total Population",917,0,NA,NA,NA,NA,NA,NA,NA,NA,0,0,0,0,0,0
"060","MCD","0600000US5500000900","55","000","Albion town","All other American Indian tribes alone or in combination",NA,NA,NA,NA,NA,NA,NA,NA,NA,NA,0,0,0,1,0,1
"060","MCD","0600000US5500002500","55","000","Arcadia city","Total Population",1507,0,NA,NA,NA,NA,NA,NA,NA,NA,0,0,0,0,0,0
"060","MCD","0600000US5500002500","55","000","Arcadia city","Hispanic",159,28,88,19,6,4,5.8,1.3,6.8,4,0,1,1,0,0,1
"060","MCD","0600000US5500004575","55","000","Bangor town","Total Population",414,0,NA,NA,NA,NA,NA,NA,NA,NA,0,0,0,0,0,0
"060","MCD","0600000US5500004575","55","000","Bangor town","All other American Indian tribes alone or in combination",NA,NA,NA,NA,NA,NA,NA,NA,NA,NA,0,0,0,1,0,1
"060","MCD","0600000US5500007625","55","000","Birnamwood town","Total Population",623,0,NA,NA,NA,NA,NA,NA,NA,NA,0,0,0,0,0,0
"060","MCD","0600000US5500007625","55","000","Birnamwood town","All other American Indian tribes alone or in combination",30,8,0,0,0,0,0,0.1,NA,NA,0,0,0,1,0,1
"060","MCD","0600000US5500007900","55","000","Black River Falls city","Total Population",2805,0,NA,NA,NA,NA,NA,NA,NA,NA,0,0,0,0,0,0
"060","MCD","0600000US5500007900","55","000","Black River Falls city","All other American Indian tribes alone or in combination",69,31,1,1,0,0,0,0,0,10.9,0,0,0,1,0,1
"060","MCD","0600000US5500009900","55","000","Brockway town","Total Population",2209,0,NA,NA,NA,NA,NA,NA,NA,NA,0,0,0,0,0,0
"060","MCD","0600000US5500009900","55","000","Brockway town","All other American Indian tribes alone or in combination",301,42,2,2,0,0,0.1,0.1,0,8.9,0,0,0,1,0,1
"060","MCD","0600000US5500011625","55","000","Byron town","Total Population",899,0,NA,NA,NA,NA,NA,NA,NA,NA,0,0,0,0,0,0
"060","MCD","0600000US5500011625","55","000","Byron town","All other American Indian tribes alone or in combination",74,23,19,9,0,1,2.1,1,0,3.7,0,0,0,1,0,1
"060","MCD","0600000US5500017525","55","000","Cranmoor town","Total Population",127,0,NA,NA,NA,NA,NA,NA,NA,NA,0,0,0,0,0,0
"060","MCD","0600000US5500017525","55","000","Cranmoor town","All other American Indian tribes alone or in combination",11,9,0,1,0,0,0,0.5,NA,NA,0,0,0,1,0,1
"060","MCD","0600000US5500018125","55","000","Curtiss village","Total Population",75,0,NA,NA,NA,NA,NA,NA,NA,NA,0,0,0,0,0,0
"060","MCD","0600000US5500018125","55","000","Curtiss village","Hispanic",23,8,14,6,4,2,18.7,8.2,28.6,11.6,0,1,1,0,0,1
"060","MCD","0600000US5500019550","55","000","Dellona town","Total Population",1270,0,NA,NA,NA,NA,NA,NA,NA,NA,0,0,0,0,0,0
"060","MCD","0600000US5500019550","55","000","Dellona town","All other American Indian tribes alone or in combination",89,18,7,4,0,0,0.6,0.3,0,4.7,0,0,0,1,0,1
"060","MCD","0600000US5500019675","55","000","Delton town","Total Population",1948,0,NA,NA,NA,NA,NA,NA,NA,NA,0,0,0,0,0,0
"060","MCD","0600000US5500019675","55","000","Delton town","All other American Indian tribes alone or in combination",192,40,1,2,0,0,0.1,0.1,0,9.8,0,0,0,1,0,1
"060","MCD","0600000US5500020025","55","000","Dewhurst town","Total Population",277,0,NA,NA,NA,NA,NA,NA,NA,NA,0,0,0,0,0,0
"060","MCD","0600000US5500020025","55","000","Dewhurst town","All other American Indian tribes alone or in combination",16,11,0,0,0,0,0,0.1,NA,NA,0,0,0,1,0,1
"060","MCD","0600000US5500022250","55","000","Eaton town","Total Population",459,0,NA,NA,NA,NA,NA,NA,NA,NA,0,0,0,0,0,0
"060","MCD","0600000US5500022250","55","000","Eaton town","All other American Indian tribes alone or in combination",NA,NA,NA,NA,NA,NA,NA,NA,NA,NA,0,0,0,1,0,1
"060","MCD","0600000US5500023100","55","000","Elderon town","Total Population",430,0,NA,NA,NA,NA,NA,NA,NA,NA,0,0,0,0,0,0
"060","MCD","0600000US5500023100","55","000","Elderon town","All other American Indian tribes alone or in combination",NA,NA,NA,NA,NA,NA,NA,NA,NA,NA,0,0,0,1,0,1
"060","MCD","0600000US5500025725","55","000","Ferryville village","Total Population",149,0,NA,NA,NA,NA,NA,NA,NA,NA,0,0,0,0,0,0
"060","MCD","0600000US5500025725","55","000","Ferryville village","All other American Indian tribes alone or in combination",NA,NA,NA,NA,NA,NA,NA,NA,NA,NA,0,0,0,1,0,1
"060","MCD","0600000US5500027450","55","000","Franzen town","Total Population",331,0,NA,NA,NA,NA,NA,NA,NA,NA,0,0,0,0,0,0
"060","MCD","0600000US5500027450","55","000","Franzen town","All other American Indian tribes alone or in combination",NA,NA,NA,NA,NA,NA,NA,NA,NA,NA,0,0,0,1,0,1
"060","MCD","0600000US5500027700","55","000","Freeman town","Total Population",569,0,NA,NA,NA,NA,NA,NA,NA,NA,0,0,0,0,0,0
"060","MCD","0600000US5500027700","55","000","Freeman town","All other American Indian tribes alone or in combination",NA,NA,NA,NA,NA,NA,NA,NA,NA,NA,0,0,0,1,0,1
"060","MCD","0600000US5500027950","55","000","Friendship village","Total Population",485,0,NA,NA,NA,NA,NA,NA,NA,NA,0,0,0,0,0,0
"060","MCD","0600000US5500027950","55","000","Friendship village","All other American Indian tribes alone or in combination",NA,NA,NA,NA,NA,NA,NA,NA,NA,NA,0,0,0,1,0,1
"060","MCD","0600000US5500028825","55","000","Germania town","Total Population",281,0,NA,NA,NA,NA,NA,NA,NA,NA,0,0,0,0,0,0
"060","MCD","0600000US5500028825","55","000","Germania town","All other American Indian tribes alone or in combination",NA,NA,NA,NA,NA,NA,NA,NA,NA,NA,0,0,0,1,0,1
"060","MCD","0600000US5500028850","55","000","Germantown town","Total Population",1211,0,NA,NA,NA,NA,NA,NA,NA,NA,0,0,0,0,0,0
"060","MCD","0600000US5500028850","55","000","Germantown town","All other American Indian tribes alone or in combination",NA,NA,NA,NA,NA,NA,NA,NA,NA,NA,0,0,0,1,0,1
"060","MCD","0600000US5500031225","55","000","Greenfield town","Total Population",510,0,NA,NA,NA,NA,NA,NA,NA,NA,0,0,0,0,0,0
"060","MCD","0600000US5500031225","55","000","Greenfield town","All other American Indian tribes alone or in combination",NA,NA,NA,NA,NA,NA,NA,NA,NA,NA,0,0,0,1,0,1
"060","MCD","0600000US5500035350","55","000","Holland town","Total Population",2676,0,NA,NA,NA,NA,NA,NA,NA,NA,0,0,0,0,0,0
"060","MCD","0600000US5500035350","55","000","Holland town","All other American Indian tribes alone or in combination",NA,NA,NA,NA,NA,NA,NA,NA,NA,NA,0,0,0,1,0,1
"060","MCD","0600000US5500040325","55","000","Komensky town","Total Population",330,0,NA,NA,NA,NA,NA,NA,NA,NA,0,0,0,0,0,0
"060","MCD","0600000US5500040325","55","000","Komensky town","All other American Indian tribes alone or in combination",139,25,3,2,0,0,0.9,0.6,0,6.6,0,0,0,1,0,1
"060","MCD","0600000US5500041000","55","000","La Grange town","Total Population",1441,0,NA,NA,NA,NA,NA,NA,NA,NA,0,0,0,0,0,0
"060","MCD","0600000US5500041000","55","000","La Grange town","All other American Indian tribes alone or in combination",39,14,3,3,0,0,0.2,0.2,0,6.4,0,0,0,1,0,1
"060","MCD","0600000US5500043300","55","000","Lemonweir town","Total Population",1212,0,NA,NA,NA,NA,NA,NA,NA,NA,0,0,0,0,0,0
"060","MCD","0600000US5500043300","55","000","Lemonweir town","All other American Indian tribes alone or in combination",25,12,0,0,0,0,0,0,NA,NA,0,0,0,1,0,1
"060","MCD","0600000US5500043475","55","000","Leon town","Total Population",751,0,NA,NA,NA,NA,NA,NA,NA,NA,0,0,0,0,0,0
"060","MCD","0600000US5500043475","55","000","Leon town","All other American Indian tribes alone or in combination",NA,NA,NA,NA,NA,NA,NA,NA,NA,NA,0,0,0,1,0,1
"060","MCD","0600000US5500043700","55","000","Levis town","Total Population",378,0,NA,NA,NA,NA,NA,NA,NA,NA,0,0,0,0,0,0
"060","MCD","0600000US5500043700","55","000","Levis town","All other American Indian tribes alone or in combination",NA,NA,NA,NA,NA,NA,NA,NA,NA,NA,0,0,0,1,0,1
"060","MCD","0600000US5500046525","55","000","Lyndon town","Total Population",937,0,NA,NA,NA,NA,NA,NA,NA,NA,0,0,0,0,0,0
"060","MCD","0600000US5500046525","55","000","Lyndon town","All other American Indian tribes alone or in combination",67,17,1,2,0,0,0.1,0.2,0,8.2,0,0,0,1,0,1
"060","MCD","0600000US5500048000","55","000","Madison city","Total Population",195900,0,NA,NA,NA,NA,NA,NA,NA,NA,0,0,0,0,0,0
"060","MCD","0600000US5500048000","55","000","Madison city","All other American Indian tribes alone or in combination",165,47,2,3,0,0,0,0,0,10.7,0,0,0,1,0,1
"060","MCD","0600000US5500048425","55","000","Manchester town","Total Population",669,0,NA,NA,NA,NA,NA,NA,NA,NA,0,0,0,0,0,0
"060","MCD","0600000US5500048425","55","000","Manchester town","All other American Indian tribes alone or in combination",26,11,1,1,0,0,0.1,0.2,0,7,0,0,0,1,0,1
"060","MCD","0600000US5500050275","55","000","Mead town","Total Population",241,0,NA,NA,NA,NA,NA,NA,NA,NA,0,0,0,0,0,0
"060","MCD","0600000US5500050275","55","000","Mead town","All other American Indian tribes alone or in combination",NA,NA,NA,NA,NA,NA,NA,NA,NA,NA,0,0,0,1,0,1
"060","MCD","0600000US5500052050","55","000","Millston town","Total Population",117,0,NA,NA,NA,NA,NA,NA,NA,NA,0,0,0,0,0,0
"060","MCD","0600000US5500052050","55","000","Millston town","All other American Indian tribes alone or in combination",NA,NA,NA,NA,NA,NA,NA,NA,NA,NA,0,0,0,1,0,1
"060","MCD","0600000US5500053000","55","000","Milwaukee city","Total Population",405600,0,NA,NA,NA,NA,NA,NA,NA,NA,0,0,0,0,0,0
"060","MCD","0600000US5500053000","55","000","Milwaukee city","Hispanic",48210,622,10510,358,923,108,2.6,0.1,8.8,1,1,0,1,0,0,1
"060","MCD","0600000US5500058875","55","000","Oakdale town","Total Population",608,0,NA,NA,NA,NA,NA,NA,NA,NA,0,0,0,0,0,0
"060","MCD","0600000US5500058875","55","000","Oakdale town","All other American Indian tribes alone or in combination",NA,NA,NA,NA,NA,NA,NA,NA,NA,NA,0,0,0,1,0,1
"060","MCD","0600000US5500059950","55","000","Onalaska town","Total Population",4160,0,NA,NA,NA,NA,NA,NA,NA,NA,0,0,0,0,0,0
"060","MCD","0600000US5500059950","55","000","Onalaska town","All other American Indian tribes alone or in combination",NA,NA,NA,NA,NA,NA,NA,NA,NA,NA,0,0,0,1,0,1
"060","MCD","0600000US5500064200","55","000","Port Edwards town","Total Population",852,0,NA,NA,NA,NA,NA,NA,NA,NA,0,0,0,0,0,0
"060","MCD","0600000US5500064200","55","000","Port Edwards town","All other American Indian tribes alone or in combination",25,9,0,0,0,0,0,0,NA,NA,0,0,0,1,0,1
"060","MCD","0600000US5500065450","55","000","Preston town","Total Population",1143,0,NA,NA,NA,NA,NA,NA,NA,NA,0,0,0,0,0,0
"060","MCD","0600000US5500065450","55","000","Preston town","All other American Indian tribes alone or in combination",NA,NA,NA,NA,NA,NA,NA,NA,NA,NA,0,0,0,1,0,1
"060","MCD","0600000US5500066950","55","000","Reid town","Total Population",962,0,NA,NA,NA,NA,NA,NA,NA,NA,0,0,0,0,0,0
"060","MCD","0600000US5500066950","55","000","Reid town","All other American Indian tribes alone or in combination",NA,NA,NA,NA,NA,NA,NA,NA,NA,NA,0,0,0,1,0,1
"060","MCD","0600000US5500072575","55","000","Seneca town","Total Population",893,0,NA,NA,NA,NA,NA,NA,NA,NA,0,0,0,0,0,0
"060","MCD","0600000US5500072575","55","000","Seneca town","All other American Indian tribes alone or in combination",57,22,1,2,0,0,0.1,0.2,0,7.2,0,0,0,1,0,1
"060","MCD","0600000US5500072625","55","000","Seven Mile Creek town","Total Population",247,0,NA,NA,NA,NA,NA,NA,NA,NA,0,0,0,0,0,0
"060","MCD","0600000US5500072625","55","000","Seven Mile Creek town","All other American Indian tribes alone or in combination",NA,NA,NA,NA,NA,NA,NA,NA,NA,NA,0,0,0,1,0,1
"060","MCD","0600000US5500072875","55","000","Sharon village","Total Population",1118,0,NA,NA,NA,NA,NA,NA,NA,NA,0,0,0,0,0,0
"060","MCD","0600000US5500072875","55","000","Sharon village","Hispanic",185,39,60,19,5,3,5.4,1.7,8.3,5,0,1,1,0,0,1
"060","MCD","0600000US5500076725","55","000","Stark town","Total Population",253,0,NA,NA,NA,NA,NA,NA,NA,NA,0,0,0,0,0,0
"060","MCD","0600000US5500076725","55","000","Stark town","All other American Indian tribes alone or in combination",NA,NA,NA,NA,NA,NA,NA,NA,NA,NA,0,0,0,1,0,1
"060","MCD","0600000US5500078525","55","000","Sumpter town","Total Population",528,0,NA,NA,NA,NA,NA,NA,NA,NA,0,0,0,0,0,0
"060","MCD","0600000US5500078525","55","000","Sumpter town","All other American Indian tribes alone or in combination",NA,NA,NA,NA,NA,NA,NA,NA,NA,NA,0,0,0,1,0,1
"060","MCD","0600000US5500085875","55","000","West Milwaukee village","Total Population",2958,0,NA,NA,NA,NA,NA,NA,NA,NA,0,0,0,0,0,0
"060","MCD","0600000US5500085875","55","000","West Milwaukee village","Hispanic",579,111,183,55,22,13,6.2,1.9,12,6.4,0,1,1,0,0,1
"060","MCD","0600000US5500086900","55","000","Whitestown town","Total Population",351,0,NA,NA,NA,NA,NA,NA,NA,NA,0,0,0,0,0,0
"060","MCD","0600000US5500086900","55","000","Whitestown town","All other American Indian tribes alone or in combination",NA,NA,NA,NA,NA,NA,NA,NA,NA,NA,0,0,0,1,0,1
"060","MCD","0600000US5500087400","55","000","Wilson town","Total Population",336,0,NA,NA,NA,NA,NA,NA,NA,NA,0,0,0,0,0,0
"060","MCD","0600000US5500087400","55","000","Wilson town","All other American Indian tribes alone or in combination",NA,NA,NA,NA,NA,NA,NA,NA,NA,NA,0,0,0,1,0,1
"060","MCD","0600000US5500088325","55","000","Wittenberg village","Total Population",822,0,NA,NA,NA,NA,NA,NA,NA,NA,0,0,0,0,0,0
"060","MCD","0600000US5500088325","55","000","Wittenberg village","All other American Indian tribes alone or in combination",31,16,0,1,0,0,0,0.1,NA,NA,0,0,0,1,0,1
"060","MCD","0600000US5500088350","55","000","Wittenberg town","Total Population",681,0,NA,NA,NA,NA,NA,NA,NA,NA,0,0,0,0,0,0
"060","MCD","0600000US5500088350","55","000","Wittenberg town","All other American Indian tribes alone or in combination",13,5,0,0,0,0,0,0,NA,NA,0,0,0,1,0,1
"230","ANRC","2300000US0203950","02","000","Arctic Slope Alaska Native Regional Corporation","American Indian alone or in combination",3513,0,NA,NA,NA,NA,NA,NA,NA,NA,0,0,0,0,0,0
"230","ANRC","2300000US0203950","02","000","Arctic Slope Alaska Native Regional Corporation","Inupiat alone or in combination",2883,84,318,47,17,8,9.1,1.3,5.3,2.5,0,1,1,0,1,0
"230","ANRC","2300000US0209040","02","000","Bristol Bay Alaska Native Regional Corporation","American Indian alone or in combination",3620,0,NA,NA,NA,NA,NA,NA,NA,NA,0,0,0,0,0,0
"230","ANRC","2300000US0209040","02","000","Bristol Bay Alaska Native Regional Corporation","Yup'ik alone or in combination",2645,57,246,21,57,8,6.8,0.6,23.2,3.9,0,1,1,0,1,0
"230","ANRC","2300000US0209800","02","000","Calista Alaska Native Regional Corporation","American Indian alone or in combination",14300,0,NA,NA,NA,NA,NA,NA,NA,NA,0,0,0,0,0,0
"230","ANRC","2300000US0209800","02","000","Calista Alaska Native Regional Corporation","Yup'ik alone or in combination",12390,131,1851,171,201,19,12.9,1.2,10.9,1.3,0,1,1,0,1,0
"231","ANRC/County","2300000US0209040","02","013","Bristol Bay Alaska Native Regional Corporation","American Indian alone or in combination",3620,0,NA,NA,NA,NA,NA,NA,NA,NA,0,0,0,0,0,0
"231","ANRC/County","2300000US0209040","02","013","Bristol Bay Alaska Native Regional Corporation","Yup'ik alone or in combination",2645,57,246,21,57,8,6.8,0.6,23.2,3.9,0,1,1,0,1,0
"231","ANRC/County","2300000US0209800","02","050","Calista Alaska Native Regional Corporation","American Indian alone or in combination",14300,0,NA,NA,NA,NA,NA,NA,NA,NA,0,0,0,0,0,0
"231","ANRC/County","2300000US0209800","02","050","Calista Alaska Native Regional Corporation","Yup'ik alone or in combination",12390,131,1851,171,201,19,12.9,1.2,10.9,1.3,0,1,1,0,1,0
"231","ANRC/County","2300000US0209040","02","060","Bristol Bay Alaska Native Regional Corporation","American Indian alone or in combination",3620,0,NA,NA,NA,NA,NA,NA,NA,NA,0,0,0,0,0,0
"231","ANRC/County","2300000US0209040","02","060","Bristol Bay Alaska Native Regional Corporation","Yup'ik alone or in combination",2645,57,246,21,57,8,6.8,0.6,23.2,3.9,0,1,1,0,1,0
"231","ANRC/County","2300000US0209040","02","070","Bristol Bay Alaska Native Regional Corporation","American Indian alone or in combination",3620,0,NA,NA,NA,NA,NA,NA,NA,NA,0,0,0,0,0,0
"231","ANRC/County","2300000US0209040","02","070","Bristol Bay Alaska Native Regional Corporation","Yup'ik alone or in combination",2645,57,246,21,57,8,6.8,0.6,23.2,3.9,0,1,1,0,1,0
"231","ANRC/County","2300000US0209040","02","122","Bristol Bay Alaska Native Regional Corporation","American Indian alone or in combination",3620,0,NA,NA,NA,NA,NA,NA,NA,NA,0,0,0,0,0,0
"231","ANRC/County","2300000US0209040","02","122","Bristol Bay Alaska Native Regional Corporation","Yup'ik alone or in combination",2645,57,246,21,57,8,6.8,0.6,23.2,3.9,0,1,1,0,1,0
"231","ANRC/County","2300000US0209040","02","150","Bristol Bay Alaska Native Regional Corporation","American Indian alone or in combination",3620,0,NA,NA,NA,NA,NA,NA,NA,NA,0,0,0,0,0,0
"231","ANRC/County","2300000US0209040","02","150","Bristol Bay Alaska Native Regional Corporation","Yup'ik alone or in combination",2645,57,246,21,57,8,6.8,0.6,23.2,3.9,0,1,1,0,1,0
"231","ANRC/County","2300000US0209800","02","158","Calista Alaska Native Regional Corporation","American Indian alone or in combination",14300,0,NA,NA,NA,NA,NA,NA,NA,NA,0,0,0,0,0,0
"231","ANRC/County","2300000US0209800","02","158","Calista Alaska Native Regional Corporation","Yup'ik alone or in combination",12390,131,1851,171,201,19,12.9,1.2,10.9,1.3,0,1,1,0,1,0
"231","ANRC/County","2300000US0209040","02","164","Bristol Bay Alaska Native Regional Corporation","American Indian alone or in combination",3620,0,NA,NA,NA,NA,NA,NA,NA,NA,0,0,0,0,0,0
"231","ANRC/County","2300000US0209040","02","164","Bristol Bay Alaska Native Regional Corporation","Yup'ik alone or in combination",2645,57,246,21,57,8,6.8,0.6,23.2,3.9,0,1,1,0,1,0
"231","ANRC/County","2300000US0203950","02","185","Arctic Slope Alaska Native Regional Corporation","American Indian alone or in combination",3513,0,NA,NA,NA,NA,NA,NA,NA,NA,0,0,0,0,0,0
"231","ANRC/County","2300000US0203950","02","185","Arctic Slope Alaska Native Regional Corporation","Inupiat alone or in combination",2883,84,318,47,17,8,9.1,1.3,5.3,2.5,0,1,1,0,1,0
"231","ANRC/County","2300000US0203950","02","290","Arctic Slope Alaska Native Regional Corporation","American Indian alone or in combination",3513,0,NA,NA,NA,NA,NA,NA,NA,NA,0,0,0,0,0,0
"231","ANRC/County","2300000US0203950","02","290","Arctic Slope Alaska Native Regional Corporation","Inupiat alone or in combination",2883,84,318,47,17,8,9.1,1.3,5.3,2.5,0,1,1,0,1,0
"250","AIAN","2500000US0050","00","000","Alabama-Coushatta Reservation and Off-Reservation Trust Land","American Indian alone or in combination",388,0,NA,NA,NA,NA,NA,NA,NA,NA,0,0,0,0,0,0
"250","AIAN","2500000US0050","00","000","Alabama-Coushatta Reservation and Off-Reservation Trust Land","All other American Indian tribes alone or in combination",361,45,26,13,1,1,6.7,3.3,3.8,2,0,1,1,1,0,0
"250","AIAN","2500000US0360","00","000","Brighton Reservation","American Indian alone or in combination",294,0,NA,NA,NA,NA,NA,NA,NA,NA,0,0,0,0,0,0
"250","AIAN","2500000US0360","00","000","Brighton Reservation","Seminole alone or in combination",256,28,16,10,2,2,5.4,3.2,12.5,8.5,0,1,1,1,0,0
"250","AIAN","2500000US0975","00","000","Duckwater Reservation","American Indian alone or in combination",237,0,NA,NA,NA,NA,NA,NA,NA,NA,0,0,0,0,0,0
"250","AIAN","2500000US0975","00","000","Duckwater Reservation","Shoshone alone or in combination",212,49,13,10,2,3,5.5,4.2,15.4,22.9,0,1,1,1,0,0
"250","AIAN","2500000US1450","00","000","Ho-Chunk Nation Reservation and Off-Reservation Trust Land","American Indian alone or in combination",840,0,NA,NA,NA,NA,NA,NA,NA,NA,0,0,0,0,0,0
"250","AIAN","2500000US1450","00","000","Ho-Chunk Nation Reservation and Off-Reservation Trust Land","All other American Indian tribes alone or in combination",714,54,44,18,2,1,5.2,2.2,4.5,2,0,1,1,1,0,0
"250","AIAN","2500000US1505","00","000","Hopi Reservation and Off-Reservation Trust Land","American Indian alone or in combination",6412,0,NA,NA,NA,NA,NA,NA,NA,NA,0,0,0,0,0,0
"250","AIAN","2500000US1505","00","000","Hopi Reservation and Off-Reservation Trust Land","Hopi alone or in combination",5597,263,914,115,18,9,14.3,1.8,2,1,0,1,1,1,0,0
"250","AIAN","2500000US1720","00","000","Kaibab Indian Reservation","American Indian alone or in combination",164,0,NA,NA,NA,NA,NA,NA,NA,NA,0,0,0,0,0,0
"250","AIAN","2500000US1720","00","000","Kaibab Indian Reservation","Paiute alone or in combination",128,30,23,21,1,1,14,13.1,4.3,5.4,0,1,1,1,0,0
"250","AIAN","2500000US1775","00","000","Kickapoo (TX) Reservation and Off-Reservation Trust Land","American Indian alone or in combination",196,0,NA,NA,NA,NA,NA,NA,NA,NA,0,0,0,0,0,0
"250","AIAN","2500000US1775","00","000","Kickapoo (TX) Reservation and Off-Reservation Trust Land","All other American Indian tribes alone or in combination",196,77,40,19,2,2,20.4,9.6,5,2,0,1,1,1,0,0
"250","AIAN","2500000US2300","00","000","Mississippi Choctaw Reservation and Off-Reservation Trust Land","American Indian alone or in combination",4587,0,NA,NA,NA,NA,NA,NA,NA,NA,0,0,0,0,0,0
"250","AIAN","2500000US2300","00","000","Mississippi Choctaw Reservation and Off-Reservation Trust Land","Choctaw alone or in combination",4453,179,455,104,49,23,9.9,2.3,10.8,5.2,0,1,1,1,0,0
"250","AIAN","2500000US2430","00","000","Navajo Nation Reservation and Off-Reservation Trust Land","American Indian alone or in combination",119700,0,NA,NA,NA,NA,NA,NA,NA,NA,0,0,0,0,0,0
"250","AIAN","2500000US2430","00","000","Navajo Nation Reservation and Off-Reservation Trust Land","Navajo alone or in combination",116900,1024,24410,398,4737,140,20.4,0.3,19.4,0.6,0,1,1,1,0,0
"250","AIAN","2500000US2445","00","000","Nez Perce Reservation","American Indian alone or in combination",2131,0,NA,NA,NA,NA,NA,NA,NA,NA,0,0,0,0,0,0
"250","AIAN","2500000US2445","00","000","Nez Perce Reservation","All other American Indian tribes alone or in combination",1516,85,120,35,6,3,5.6,1.6,5,2,0,1,1,1,0,0
"250","AIAN","2500000US3355","00","000","San Carlos Reservation","American Indian alone or in combination",6571,0,NA,NA,NA,NA,NA,NA,NA,NA,0,0,0,0,0,0
"250","AIAN","2500000US3355","00","000","San Carlos Reservation","Apache alone or in combination",6175,203,737,92,40,19,11.2,1.4,5.4,2.4,0,1,1,1,0,0
"250","AIAN","2500000US4470","00","000","Ute Mountain Reservation and Off-Reservation Trust Land","American Indian alone or in combination",1025,0,NA,NA,NA,NA,NA,NA,NA,NA,0,0,0,0,0,0
"250","AIAN","2500000US4470","00","000","Ute Mountain Reservation and Off-Reservation Trust Land","Ute alone or in combination",933,108,117,33,15,7,11.4,3.2,12.8,6.2,0,1,1,1,0,0
"250","AIAN","2500000US4785","00","000","Zuni Reservation and Off-Reservation Trust Land","American Indian alone or in combination",6229,0,NA,NA,NA,NA,NA,NA,NA,NA,0,0,0,0,0,0
"250","AIAN","2500000US4785","00","000","Zuni Reservation and Off-Reservation Trust Land","Pueblo alone or in combination",6015,293,2089,212,42,21,33.5,3.4,2,1,0,1,1,1,0,0
"250","AIAN","2500000US6020","00","000","Akiachak ANVSA","American Indian alone or in combination",341,0,NA,NA,NA,NA,NA,NA,NA,NA,0,0,0,0,0,0
"250","AIAN","2500000US6020","00","000","Akiachak ANVSA","Yup'ik alone or in combination",286,27,21,5,3,1,6.2,1.5,14.3,2.7,0,1,1,1,0,0
"250","AIAN","2500000US6045","00","000","Aleknagik ANVSA","American Indian alone or in combination",115,0,NA,NA,NA,NA,NA,NA,NA,NA,0,0,0,0,0,0
"250","AIAN","2500000US6045","00","000","Aleknagik ANVSA","Yup'ik alone or in combination",108,15,7,2,1,0,6.1,1.7,14.3,0.9,0,1,1,1,0,0
"250","AIAN","2500000US6065","00","000","Algaaciq ANVSA","American Indian alone or in combination",356,0,NA,NA,NA,NA,NA,NA,NA,NA,0,0,0,0,0,0
"250","AIAN","2500000US6065","00","000","Algaaciq ANVSA","Yup'ik alone or in combination",349,30,31,8,4,1,8.7,2.1,12.9,1.4,0,1,1,1,0,0
"250","AIAN","2500000US6095","00","000","Andreafsky ANVSA","American Indian alone or in combination",95,0,NA,NA,NA,NA,NA,NA,NA,NA,0,0,0,0,0,0
"250","AIAN","2500000US6095","00","000","Andreafsky ANVSA","Yup'ik alone or in combination",88,12,16,5,2,1,16.8,5.7,12.5,1.4,0,1,1,1,0,0
"250","AIAN","2500000US6105","00","000","Aniak ANVSA","American Indian alone or in combination",284,0,NA,NA,NA,NA,NA,NA,NA,NA,0,0,0,0,0,0
"250","AIAN","2500000US6105","00","000","Aniak ANVSA","Yup'ik alone or in combination",222,27,17,8,2,1,6,2.9,11.8,3.1,0,1,1,1,0,0
"250","AIAN","2500000US6160","00","000","Atmautluak ANVSA","American Indian alone or in combination",112,0,NA,NA,NA,NA,NA,NA,NA,NA,0,0,0,0,0,0
"250","AIAN","2500000US6160","00","000","Atmautluak ANVSA","Yup'ik alone or in combination",112,13,24,7,3,1,21.4,6.2,12.5,1.4,0,1,1,1,0,0
"250","AIAN","2500000US6175","00","000","Barrow ANVSA","American Indian alone or in combination",1882,0,NA,NA,NA,NA,NA,NA,NA,NA,0,0,0,0,0,0
"250","AIAN","2500000US6175","00","000","Barrow ANVSA","Inupiat alone or in combination",1622,121,221,43,3,4,11.7,2.3,1.4,2,0,1,1,1,0,0
"250","AIAN","2500000US6275","00","000","Chefornak ANVSA","American Indian alone or in combination",297,0,NA,NA,NA,NA,NA,NA,NA,NA,0,0,0,0,0,0
"250","AIAN","2500000US6275","00","000","Chefornak ANVSA","Yup'ik alone or in combination",251,32,58,12,20,6,19.5,4.2,34.5,7.8,0,1,1,1,0,0
"250","AIAN","2500000US6335","00","000","Chuathbaluk ANVSA","American Indian alone or in combination",71,0,NA,NA,NA,NA,NA,NA,NA,NA,0,0,0,0,0,0
"250","AIAN","2500000US6335","00","000","Chuathbaluk ANVSA","Yup'ik alone or in combination",67,13,5,1,1,0,7,1.9,20,1.2,0,1,1,1,0,0
"250","AIAN","2500000US6390","00","000","Crooked Creek ANVSA","American Indian alone or in combination",53,0,NA,NA,NA,NA,NA,NA,NA,NA,0,0,0,0,0,0
"250","AIAN","2500000US6390","00","000","Crooked Creek ANVSA","Yup'ik alone or in combination",51,9,4,1,1,0,7.5,2.1,25,1.2,0,1,1,1,0,0
"250","AIAN","2500000US6440","00","000","Eek ANVSA","American Indian alone or in combination",324,0,NA,NA,NA,NA,NA,NA,NA,NA,0,0,0,0,0,0
"250","AIAN","2500000US6440","00","000","Eek ANVSA","Yup'ik alone or in combination",317,22,89,12,7,1,27.5,3.6,7.9,1.2,0,1,1,1,0,0
"250","AIAN","2500000US6480","00","000","Emmonak ANVSA","American Indian alone or in combination",529,0,NA,NA,NA,NA,NA,NA,NA,NA,0,0,0,0,0,0
"250","AIAN","2500000US6480","00","000","Emmonak ANVSA","Yup'ik alone or in combination",485,30,40,7,8,2,7.6,1.3,20,2.3,0,1,1,1,0,0
"250","AIAN","2500000US6530","00","000","Gambell ANVSA","American Indian alone or in combination",385,0,NA,NA,NA,NA,NA,NA,NA,NA,0,0,0,0,0,0
"250","AIAN","2500000US6530","00","000","Gambell ANVSA","Yup'ik alone or in combination",379,32,78,15,3,1,20.3,3.9,3.8,1,0,1,1,1,0,0
"250","AIAN","2500000US6545","00","000","Goodnews Bay ANVSA","American Indian alone or in combination",105,0,NA,NA,NA,NA,NA,NA,NA,NA,0,0,0,0,0,0
"250","AIAN","2500000US6545","00","000","Goodnews Bay ANVSA","Yup'ik alone or in combination",84,13,14,4,2,1,13.3,3.7,14.3,2.6,0,1,1,1,0,0
"250","AIAN","2500000US6595","00","000","Hooper Bay ANVSA","American Indian alone or in combination",539,0,NA,NA,NA,NA,NA,NA,NA,NA,0,0,0,0,0,0
"250","AIAN","2500000US6595","00","000","Hooper Bay ANVSA","Yup'ik alone or in combination",478,44,67,13,4,1,12.4,2.5,6,1.6,0,1,1,1,0,0
"250","AIAN","2500000US6620","00","000","Igiugig ANVSA","American Indian alone or in combination",41,0,NA,NA,NA,NA,NA,NA,NA,NA,0,0,0,0,0,0
"250","AIAN","2500000US6620","00","000","Igiugig ANVSA","Aleut alone or in combination",28,10,4,3,4,3,9.8,7,100,24.2,0,1,1,1,0,0
"250","AIAN","2500000US6685","00","000","Kalskag ANVSA","American Indian alone or in combination",128,0,NA,NA,NA,NA,NA,NA,NA,NA,0,0,0,0,0,0
"250","AIAN","2500000US6685","00","000","Kalskag ANVSA","Yup'ik alone or in combination",117,13,8,2,1,0,6.3,1.7,12.5,3.3,0,1,1,1,0,0
"250","AIAN","2500000US6710","00","000","Kasigluk ANVSA","American Indian alone or in combination",321,0,NA,NA,NA,NA,NA,NA,NA,NA,0,0,0,0,0,0
"250","AIAN","2500000US6710","00","000","Kasigluk ANVSA","Yup'ik alone or in combination",313,27,77,13,5,1,24,3.9,6.5,1.3,0,1,1,1,0,0
"250","AIAN","2500000US6750","00","000","Kipnuk ANVSA","American Indian alone or in combination",314,0,NA,NA,NA,NA,NA,NA,NA,NA,0,0,0,0,0,0
"250","AIAN","2500000US6750","00","000","Kipnuk ANVSA","Yup'ik alone or in combination",307,29,78,11,8,1,24.8,3.4,10.3,1.1,0,1,1,1,0,0
"250","AIAN","2500000US6810","00","000","Kongiganak ANVSA","American Indian alone or in combination",276,0,NA,NA,NA,NA,NA,NA,NA,NA,0,0,0,0,0,0
"250","AIAN","2500000US6810","00","000","Kongiganak ANVSA","Yup'ik alone or in combination",274,29,38,8,3,1,13.8,3.1,7.9,1.3,0,1,1,1,0,0
"250","AIAN","2500000US6815","00","000","Kotlik ANVSA","American Indian alone or in combination",497,0,NA,NA,NA,NA,NA,NA,NA,NA,0,0,0,0,0,0
"250","AIAN","2500000US6815","00","000","Kotlik ANVSA","Yup'ik alone or in combination",469,30,25,5,3,1,5,1.1,12,2.4,0,1,1,1,0,0
"250","AIAN","2500000US6835","00","000","Kwethluk ANVSA","American Indian alone or in combination",391,0,NA,NA,NA,NA,NA,NA,NA,NA,0,0,0,0,0,0
"250","AIAN","2500000US6835","00","000","Kwethluk ANVSA","Yup'ik alone or in combination",349,30,52,9,5,1,13.3,2.4,9.6,1.2,0,1,1,1,0,0
"250","AIAN","2500000US6840","00","000","Kwigillingok ANVSA","American Indian alone or in combination",224,0,NA,NA,NA,NA,NA,NA,NA,NA,0,0,0,0,0,0
"250","AIAN","2500000US6840","00","000","Kwigillingok ANVSA","Yup'ik alone or in combination",220,18,35,7,3,1,15.6,3.2,8.6,1.2,0,1,1,1,0,0
"250","AIAN","2500000US6845","00","000","Kwinhagak ANVSA","American Indian alone or in combination",424,0,NA,NA,NA,NA,NA,NA,NA,NA,0,0,0,0,0,0
"250","AIAN","2500000US6845","00","000","Kwinhagak ANVSA","Yup'ik alone or in combination",400,29,130,17,8,2,30.7,4,6.2,2,0,1,1,1,0,0
"250","AIAN","2500000US6865","00","000","Levelock ANVSA","American Indian alone or in combination",52,0,NA,NA,NA,NA,NA,NA,NA,NA,0,0,0,0,0,0
"250","AIAN","2500000US6865","00","000","Levelock ANVSA","Yup'ik alone or in combination",49,11,4,1,1,0,7.7,2.2,25,5.1,0,1,1,1,0,0
"250","AIAN","2500000US6890","00","000","Lower Kalskag ANVSA","American Indian alone or in combination",155,0,NA,NA,NA,NA,NA,NA,NA,NA,0,0,0,0,0,0
"250","AIAN","2500000US6890","00","000","Lower Kalskag ANVSA","Yup'ik alone or in combination",141,16,18,5,2,1,11.6,3,11.1,1.5,0,1,1,1,0,0
"250","AIAN","2500000US6905","00","000","Manokotak ANVSA","American Indian alone or in combination",404,0,NA,NA,NA,NA,NA,NA,NA,NA,0,0,0,0,0,0
"250","AIAN","2500000US6905","00","000","Manokotak ANVSA","Yup'ik alone or in combination",397,28,64,9,7,1,15.8,2.3,10.9,1.3,0,1,1,1,0,0
"250","AIAN","2500000US6910","00","000","Marshall ANVSA","American Indian alone or in combination",159,0,NA,NA,NA,NA,NA,NA,NA,NA,0,0,0,0,0,0
"250","AIAN","2500000US6910","00","000","Marshall ANVSA","Yup'ik alone or in combination",157,21,14,4,2,1,8.8,2.5,14.3,1.9,0,1,1,1,0,0
"250","AIAN","2500000US6935","00","000","Mekoryuk ANVSA","American Indian alone or in combination",178,0,NA,NA,NA,NA,NA,NA,NA,NA,0,0,0,0,0,0
"250","AIAN","2500000US6935","00","000","Mekoryuk ANVSA","Yup'ik alone or in combination",99,14,12,4,1,0,6.7,2.1,8.3,1.5,0,1,1,1,0,0
"250","AIAN","2500000US6975","00","000","Mountain Village ANVSA","American Indian alone or in combination",413,0,NA,NA,NA,NA,NA,NA,NA,NA,0,0,0,0,0,0
"250","AIAN","2500000US6975","00","000","Mountain Village ANVSA","Yup'ik alone or in combination",331,35,21,5,3,1,5.1,1.3,14.3,1.7,0,1,1,1,0,0
"250","AIAN","2500000US7010","00","000","Napakiak ANVSA","American Indian alone or in combination",257,0,NA,NA,NA,NA,NA,NA,NA,NA,0,0,0,0,0,0
"250","AIAN","2500000US7010","00","000","Napakiak ANVSA","Yup'ik alone or in combination",252,23,26,6,6,2,10.1,2.2,23.1,4.6,0,1,1,1,0,0
"250","AIAN","2500000US7020","00","000","Napaskiak ANVSA","American Indian alone or in combination",187,0,NA,NA,NA,NA,NA,NA,NA,NA,0,0,0,0,0,0
"250","AIAN","2500000US7020","00","000","Napaskiak ANVSA","Yup'ik alone or in combination",143,17,21,6,2,1,11.2,2.9,9.5,2.2,0,1,1,1,0,0
"250","AIAN","2500000US7035","00","000","Newhalen ANVSA","American Indian alone or in combination",85,0,NA,NA,NA,NA,NA,NA,NA,NA,0,0,0,0,0,0
"250","AIAN","2500000US7035","00","000","Newhalen ANVSA","Yup'ik alone or in combination",55,12,6,3,1,0,7.1,3.2,16.7,1.3,0,1,1,1,0,0
"250","AIAN","2500000US7040","00","000","New Koliganek ANVSA","American Indian alone or in combination",128,0,NA,NA,NA,NA,NA,NA,NA,NA,0,0,0,0,0,0
"250","AIAN","2500000US7040","00","000","New Koliganek ANVSA","Yup'ik alone or in combination",119,15,19,4,3,1,14.8,3.3,15.8,2.1,0,1,1,1,0,0
"250","AIAN","2500000US7050","00","000","New Stuyahok ANVSA","American Indian alone or in combination",299,0,NA,NA,NA,NA,NA,NA,NA,NA,0,0,0,0,0,0
"250","AIAN","2500000US7050","00","000","New Stuyahok ANVSA","Yup'ik alone or in combination",288,18,46,7,8,1,15.4,2.2,17.4,1.8,0,1,1,1,0,0
"250","AIAN","2500000US7055","00","000","Newtok ANVSA","American Indian alone or in combination",184,0,NA,NA,NA,NA,NA,NA,NA,NA,0,0,0,0,0,0
"250","AIAN","2500000US7055","00","000","Newtok ANVSA","Yup'ik alone or in combination",180,17,67,10,8,2,36.4,5.7,11.9,1.6,0,1,1,1,0,0
"250","AIAN","2500000US7065","00","000","Nightmute ANVSA","American Indian alone or in combination",115,0,NA,NA,NA,NA,NA,NA,NA,NA,0,0,0,0,0,0
"250","AIAN","2500000US7065","00","000","Nightmute ANVSA","Yup'ik alone or in combination",73,14,26,7,7,2,22.6,5.9,26.9,3.3,0,1,1,1,0,0
"250","AIAN","2500000US7110","00","000","Noorvik ANVSA","American Indian alone or in combination",334,0,NA,NA,NA,NA,NA,NA,NA,NA,0,0,0,0,0,0
"250","AIAN","2500000US7110","00","000","Noorvik ANVSA","Inupiat alone or in combination",329,26,17,5,1,0,5.1,1.4,5.9,1.1,0,1,1,1,0,0
"250","AIAN","2500000US7125","00","000","Nuiqsut ANVSA","American Indian alone or in combination",229,0,NA,NA,NA,NA,NA,NA,NA,NA,0,0,0,0,0,0
"250","AIAN","2500000US7125","00","000","Nuiqsut ANVSA","Inupiat alone or in combination",213,31,26,8,1,1,11.4,3.4,3.8,2.2,0,1,1,1,0,0
"250","AIAN","2500000US7133","00","000","Nunam Iqua ANVSA","American Indian alone or in combination",86,0,NA,NA,NA,NA,NA,NA,NA,NA,0,0,0,0,0,0
"250","AIAN","2500000US7133","00","000","Nunam Iqua ANVSA","Yup'ik alone or in combination",86,14,6,2,1,0,7,2.1,16.7,1.2,0,1,1,1,0,0
"250","AIAN","2500000US7175","00","000","Oscarville ANVSA","American Indian alone or in combination",51,0,NA,NA,NA,NA,NA,NA,NA,NA,0,0,0,0,0,0
"250","AIAN","2500000US7175","00","000","Oscarville ANVSA","Yup'ik alone or in combination",47,9,6,2,1,0,11.8,3,16.7,5.7,0,1,1,1,0,0
"250","AIAN","2500000US7230","00","000","Pilot Station ANVSA","American Indian alone or in combination",325,0,NA,NA,NA,NA,NA,NA,NA,NA,0,0,0,0,0,0
"250","AIAN","2500000US7230","00","000","Pilot Station ANVSA","Yup'ik alone or in combination",279,28,19,5,3,1,5.8,1.4,15.8,1.7,0,1,1,1,0,0
"250","AIAN","2500000US7235","00","000","Pitkas Point ANVSA","American Indian alone or in combination",90,0,NA,NA,NA,NA,NA,NA,NA,NA,0,0,0,0,0,0
"250","AIAN","2500000US7235","00","000","Pitkas Point ANVSA","Yup'ik alone or in combination",88,13,8,2,1,0,8.9,2.2,12.5,1,0,1,1,1,0,0
"250","AIAN","2500000US7250","00","000","Point Hope ANVSA","American Indian alone or in combination",317,0,NA,NA,NA,NA,NA,NA,NA,NA,0,0,0,0,0,0
"250","AIAN","2500000US7250","00","000","Point Hope ANVSA","Inupiat alone or in combination",303,39,16,5,1,1,5,1.7,6.3,4.2,0,1,1,1,0,0
"250","AIAN","2500000US7375","00","000","St. Michael ANVSA","American Indian alone or in combination",218,0,NA,NA,NA,NA,NA,NA,NA,NA,0,0,0,0,0,0
"250","AIAN","2500000US7375","00","000","St. Michael ANVSA","Yup'ik alone or in combination",185,18,14,4,2,0,6.4,1.8,14.3,1.3,0,1,1,1,0,0
"250","AIAN","2500000US7415","00","000","Savoonga ANVSA","American Indian alone or in combination",551,0,NA,NA,NA,NA,NA,NA,NA,NA,0,0,0,0,0,0
"250","AIAN","2500000US7415","00","000","Savoonga ANVSA","Yup'ik alone or in combination",531,38,65,11,5,1,11.8,2,7.7,1.3,0,1,1,1,0,0
"250","AIAN","2500000US7425","00","000","Scammon Bay ANVSA","American Indian alone or in combination",292,0,NA,NA,NA,NA,NA,NA,NA,NA,0,0,0,0,0,0
"250","AIAN","2500000US7425","00","000","Scammon Bay ANVSA","Yup'ik alone or in combination",280,24,36,7,4,1,12.3,2.2,11.1,1.1,0,1,1,1,0,0
"250","AIAN","2500000US7430","00","000","Selawik ANVSA","American Indian alone or in combination",411,0,NA,NA,NA,NA,NA,NA,NA,NA,0,0,0,0,0,0
"250","AIAN","2500000US7430","00","000","Selawik ANVSA","Inupiat alone or in combination",402,40,33,9,1,0,8,2.3,3,1,0,1,1,1,0,0
"250","AIAN","2500000US7510","00","000","Stebbins ANVSA","American Indian alone or in combination",313,0,NA,NA,NA,NA,NA,NA,NA,NA,0,0,0,0,0,0
"250","AIAN","2500000US7510","00","000","Stebbins ANVSA","Yup'ik alone or in combination",310,25,19,5,2,1,6.1,1.7,10.5,1.1,0,1,1,1,0,0
"250","AIAN","2500000US7605","00","000","Togiak ANVSA","American Indian alone or in combination",456,0,NA,NA,NA,NA,NA,NA,NA,NA,0,0,0,0,0,0
"250","AIAN","2500000US7605","00","000","Togiak ANVSA","Yup'ik alone or in combination",446,31,38,8,14,4,8.3,1.9,36.8,6.5,0,1,1,1,0,0
"250","AIAN","2500000US7625","00","000","Toksook Bay ANVSA","American Indian alone or in combination",315,0,NA,NA,NA,NA,NA,NA,NA,NA,0,0,0,0,0,0
"250","AIAN","2500000US7625","00","000","Toksook Bay ANVSA","Yup'ik alone or in combination",255,25,48,11,10,3,15.2,3.4,20.8,2.3,0,1,1,1,0,0
"250","AIAN","2500000US7630","00","000","Tuluksak ANVSA","American Indian alone or in combination",164,0,NA,NA,NA,NA,NA,NA,NA,NA,0,0,0,0,0,0
"250","AIAN","2500000US7630","00","000","Tuluksak ANVSA","Yup'ik alone or in combination",160,25,18,12,2,1,11,7.1,11.1,1.3,0,1,1,1,0,0
"250","AIAN","2500000US7640","00","000","Tuntutuliak ANVSA","American Indian alone or in combination",366,0,NA,NA,NA,NA,NA,NA,NA,NA,0,0,0,0,0,0
"250","AIAN","2500000US7640","00","000","Tuntutuliak ANVSA","Yup'ik alone or in combination",362,27,80,10,14,3,21.9,2.7,17.5,3.4,0,1,1,1,0,0
"250","AIAN","2500000US7645","00","000","Tununak ANVSA","American Indian alone or in combination",240,0,NA,NA,NA,NA,NA,NA,NA,NA,0,0,0,0,0,0
"250","AIAN","2500000US7645","00","000","Tununak ANVSA","Yup'ik alone or in combination",169,20,49,9,5,1,20.4,3.9,10.2,1.4,0,1,1,1,0,0
"250","AIAN","2500000US7650","00","000","Twin Hills ANVSA","American Indian alone or in combination",43,0,NA,NA,NA,NA,NA,NA,NA,NA,0,0,0,0,0,0
"250","AIAN","2500000US7650","00","000","Twin Hills ANVSA","Yup'ik alone or in combination",41,10,6,2,1,1,14,5,16.7,6.7,0,1,1,1,0,0
"250","AIAN","2500000US7735","00","000","Wainwright ANVSA","American Indian alone or in combination",283,0,NA,NA,NA,NA,NA,NA,NA,NA,0,0,0,0,0,0
"250","AIAN","2500000US7735","00","000","Wainwright ANVSA","Inupiat alone or in combination",266,30,33,10,1,0,11.7,3.7,3,1.1,0,1,1,1,0,0
"270","AIAN/County","2500000US6020","02","050","Akiachak ANVSA","American Indian alone or in combination",341,0,NA,NA,NA,NA,NA,NA,NA,NA,0,0,0,0,0,0
"270","AIAN/County","2500000US6020","02","050","Akiachak ANVSA","Yup'ik alone or in combination",286,27,21,5,3,1,6.2,1.5,14.3,2.7,0,1,1,1,0,0
"270","AIAN/County","2500000US6105","02","050","Aniak ANVSA","American Indian alone or in combination",284,0,NA,NA,NA,NA,NA,NA,NA,NA,0,0,0,0,0,0
"270","AIAN/County","2500000US6105","02","050","Aniak ANVSA","Yup'ik alone or in combination",222,27,17,8,2,1,6,2.9,11.8,3.1,0,1,1,1,0,0
"270","AIAN/County","2500000US6160","02","050","Atmautluak ANVSA","American Indian alone or in combination",112,0,NA,NA,NA,NA,NA,NA,NA,NA,0,0,0,0,0,0
"270","AIAN/County","2500000US6160","02","050","Atmautluak ANVSA","Yup'ik alone or in combination",112,13,24,7,3,1,21.4,6.2,12.5,1.4,0,1,1,1,0,0
"270","AIAN/County","2500000US6275","02","050","Chefornak ANVSA","American Indian alone or in combination",297,0,NA,NA,NA,NA,NA,NA,NA,NA,0,0,0,0,0,0
"270","AIAN/County","2500000US6275","02","050","Chefornak ANVSA","Yup'ik alone or in combination",251,32,58,12,20,6,19.5,4.2,34.5,7.8,0,1,1,1,0,0
"270","AIAN/County","2500000US6335","02","050","Chuathbaluk ANVSA","American Indian alone or in combination",71,0,NA,NA,NA,NA,NA,NA,NA,NA,0,0,0,0,0,0
"270","AIAN/County","2500000US6335","02","050","Chuathbaluk ANVSA","Yup'ik alone or in combination",67,13,5,1,1,0,7,1.9,20,1.2,0,1,1,1,0,0
"270","AIAN/County","2500000US6390","02","050","Crooked Creek ANVSA","American Indian alone or in combination",53,0,NA,NA,NA,NA,NA,NA,NA,NA,0,0,0,0,0,0
"270","AIAN/County","2500000US6390","02","050","Crooked Creek ANVSA","Yup'ik alone or in combination",51,9,4,1,1,0,7.5,2.1,25,1.2,0,1,1,1,0,0
"270","AIAN/County","2500000US6440","02","050","Eek ANVSA","American Indian alone or in combination",324,0,NA,NA,NA,NA,NA,NA,NA,NA,0,0,0,0,0,0
"270","AIAN/County","2500000US6440","02","050","Eek ANVSA","Yup'ik alone or in combination",317,22,89,12,7,1,27.5,3.6,7.9,1.2,0,1,1,1,0,0
"270","AIAN/County","2500000US6545","02","050","Goodnews Bay ANVSA","American Indian alone or in combination",105,0,NA,NA,NA,NA,NA,NA,NA,NA,0,0,0,0,0,0
"270","AIAN/County","2500000US6545","02","050","Goodnews Bay ANVSA","Yup'ik alone or in combination",84,13,14,4,2,1,13.3,3.7,14.3,2.6,0,1,1,1,0,0
"270","AIAN/County","2500000US6685","02","050","Kalskag ANVSA","American Indian alone or in combination",128,0,NA,NA,NA,NA,NA,NA,NA,NA,0,0,0,0,0,0
"270","AIAN/County","2500000US6685","02","050","Kalskag ANVSA","Yup'ik alone or in combination",117,13,8,2,1,0,6.3,1.7,12.5,3.3,0,1,1,1,0,0
"270","AIAN/County","2500000US6710","02","050","Kasigluk ANVSA","American Indian alone or in combination",321,0,NA,NA,NA,NA,NA,NA,NA,NA,0,0,0,0,0,0
"270","AIAN/County","2500000US6710","02","050","Kasigluk ANVSA","Yup'ik alone or in combination",313,27,77,13,5,1,24,3.9,6.5,1.3,0,1,1,1,0,0
"270","AIAN/County","2500000US6750","02","050","Kipnuk ANVSA","American Indian alone or in combination",314,0,NA,NA,NA,NA,NA,NA,NA,NA,0,0,0,0,0,0
"270","AIAN/County","2500000US6750","02","050","Kipnuk ANVSA","Yup'ik alone or in combination",307,29,78,11,8,1,24.8,3.4,10.3,1.1,0,1,1,1,0,0
"270","AIAN/County","2500000US6810","02","050","Kongiganak ANVSA","American Indian alone or in combination",276,0,NA,NA,NA,NA,NA,NA,NA,NA,0,0,0,0,0,0
"270","AIAN/County","2500000US6810","02","050","Kongiganak ANVSA","Yup'ik alone or in combination",274,29,38,8,3,1,13.8,3.1,7.9,1.3,0,1,1,1,0,0
"270","AIAN/County","2500000US6835","02","050","Kwethluk ANVSA","American Indian alone or in combination",391,0,NA,NA,NA,NA,NA,NA,NA,NA,0,0,0,0,0,0
"270","AIAN/County","2500000US6835","02","050","Kwethluk ANVSA","Yup'ik alone or in combination",349,30,52,9,5,1,13.3,2.4,9.6,1.2,0,1,1,1,0,0
"270","AIAN/County","2500000US6840","02","050","Kwigillingok ANVSA","American Indian alone or in combination",224,0,NA,NA,NA,NA,NA,NA,NA,NA,0,0,0,0,0,0
"270","AIAN/County","2500000US6840","02","050","Kwigillingok ANVSA","Yup'ik alone or in combination",220,18,35,7,3,1,15.6,3.2,8.6,1.2,0,1,1,1,0,0
"270","AIAN/County","2500000US6845","02","050","Kwinhagak ANVSA","American Indian alone or in combination",424,0,NA,NA,NA,NA,NA,NA,NA,NA,0,0,0,0,0,0
"270","AIAN/County","2500000US6845","02","050","Kwinhagak ANVSA","Yup'ik alone or in combination",400,29,130,17,8,2,30.7,4,6.2,2,0,1,1,1,0,0
"270","AIAN/County","2500000US6890","02","050","Lower Kalskag ANVSA","American Indian alone or in combination",155,0,NA,NA,NA,NA,NA,NA,NA,NA,0,0,0,0,0,0
"270","AIAN/County","2500000US6890","02","050","Lower Kalskag ANVSA","Yup'ik alone or in combination",141,16,18,5,2,1,11.6,3,11.1,1.5,0,1,1,1,0,0
"270","AIAN/County","2500000US6935","02","050","Mekoryuk ANVSA","American Indian alone or in combination",178,0,NA,NA,NA,NA,NA,NA,NA,NA,0,0,0,0,0,0
"270","AIAN/County","2500000US6935","02","050","Mekoryuk ANVSA","Yup'ik alone or in combination",99,14,12,4,1,0,6.7,2.1,8.3,1.5,0,1,1,1,0,0
"270","AIAN/County","2500000US7010","02","050","Napakiak ANVSA","American Indian alone or in combination",257,0,NA,NA,NA,NA,NA,NA,NA,NA,0,0,0,0,0,0
"270","AIAN/County","2500000US7010","02","050","Napakiak ANVSA","Yup'ik alone or in combination",252,23,26,6,6,2,10.1,2.2,23.1,4.6,0,1,1,1,0,0
"270","AIAN/County","2500000US7020","02","050","Napaskiak ANVSA","American Indian alone or in combination",187,0,NA,NA,NA,NA,NA,NA,NA,NA,0,0,0,0,0,0
"270","AIAN/County","2500000US7020","02","050","Napaskiak ANVSA","Yup'ik alone or in combination",143,17,21,6,2,1,11.2,2.9,9.5,2.2,0,1,1,1,0,0
"270","AIAN/County","2500000US7055","02","050","Newtok ANVSA","American Indian alone or in combination",184,0,NA,NA,NA,NA,NA,NA,NA,NA,0,0,0,0,0,0
"270","AIAN/County","2500000US7055","02","050","Newtok ANVSA","Yup'ik alone or in combination",180,17,67,10,8,2,36.4,5.7,11.9,1.6,0,1,1,1,0,0
"270","AIAN/County","2500000US7065","02","050","Nightmute ANVSA","American Indian alone or in combination",115,0,NA,NA,NA,NA,NA,NA,NA,NA,0,0,0,0,0,0
"270","AIAN/County","2500000US7065","02","050","Nightmute ANVSA","Yup'ik alone or in combination",73,14,26,7,7,2,22.6,5.9,26.9,3.3,0,1,1,1,0,0
"270","AIAN/County","2500000US7175","02","050","Oscarville ANVSA","American Indian alone or in combination",51,0,NA,NA,NA,NA,NA,NA,NA,NA,0,0,0,0,0,0
"270","AIAN/County","2500000US7175","02","050","Oscarville ANVSA","Yup'ik alone or in combination",47,9,6,2,1,0,11.8,3,16.7,5.7,0,1,1,1,0,0
"270","AIAN/County","2500000US7625","02","050","Toksook Bay ANVSA","American Indian alone or in combination",315,0,NA,NA,NA,NA,NA,NA,NA,NA,0,0,0,0,0,0
"270","AIAN/County","2500000US7625","02","050","Toksook Bay ANVSA","Yup'ik alone or in combination",255,25,48,11,10,3,15.2,3.4,20.8,2.3,0,1,1,1,0,0
"270","AIAN/County","2500000US7630","02","050","Tuluksak ANVSA","American Indian alone or in combination",164,0,NA,NA,NA,NA,NA,NA,NA,NA,0,0,0,0,0,0
"270","AIAN/County","2500000US7630","02","050","Tuluksak ANVSA","Yup'ik alone or in combination",160,25,18,12,2,1,11,7.1,11.1,1.3,0,1,1,1,0,0
"270","AIAN/County","2500000US7640","02","050","Tuntutuliak ANVSA","American Indian alone or in combination",366,0,NA,NA,NA,NA,NA,NA,NA,NA,0,0,0,0,0,0
"270","AIAN/County","2500000US7640","02","050","Tuntutuliak ANVSA","Yup'ik alone or in combination",362,27,80,10,14,3,21.9,2.7,17.5,3.4,0,1,1,1,0,0
"270","AIAN/County","2500000US7645","02","050","Tununak ANVSA","American Indian alone or in combination",240,0,NA,NA,NA,NA,NA,NA,NA,NA,0,0,0,0,0,0
"270","AIAN/County","2500000US7645","02","050","Tununak ANVSA","Yup'ik alone or in combination",169,20,49,9,5,1,20.4,3.9,10.2,1.4,0,1,1,1,0,0
"270","AIAN/County","2500000US6045","02","070","Aleknagik ANVSA","American Indian alone or in combination",115,0,NA,NA,NA,NA,NA,NA,NA,NA,0,0,0,0,0,0
"270","AIAN/County","2500000US6045","02","070","Aleknagik ANVSA","Yup'ik alone or in combination",108,15,7,2,1,0,6.1,1.7,14.3,0.9,0,1,1,1,0,0
"270","AIAN/County","2500000US6905","02","070","Manokotak ANVSA","American Indian alone or in combination",404,0,NA,NA,NA,NA,NA,NA,NA,NA,0,0,0,0,0,0
"270","AIAN/County","2500000US6905","02","070","Manokotak ANVSA","Yup'ik alone or in combination",397,28,64,9,7,1,15.8,2.3,10.9,1.3,0,1,1,1,0,0
"270","AIAN/County","2500000US7040","02","070","New Koliganek ANVSA","American Indian alone or in combination",128,0,NA,NA,NA,NA,NA,NA,NA,NA,0,0,0,0,0,0
"270","AIAN/County","2500000US7040","02","070","New Koliganek ANVSA","Yup'ik alone or in combination",119,15,19,4,3,1,14.8,3.3,15.8,2.1,0,1,1,1,0,0
"270","AIAN/County","2500000US7050","02","070","New Stuyahok ANVSA","American Indian alone or in combination",299,0,NA,NA,NA,NA,NA,NA,NA,NA,0,0,0,0,0,0
"270","AIAN/County","2500000US7050","02","070","New Stuyahok ANVSA","Yup'ik alone or in combination",288,18,46,7,8,1,15.4,2.2,17.4,1.8,0,1,1,1,0,0
"270","AIAN/County","2500000US7605","02","070","Togiak ANVSA","American Indian alone or in combination",456,0,NA,NA,NA,NA,NA,NA,NA,NA,0,0,0,0,0,0
"270","AIAN/County","2500000US7605","02","070","Togiak ANVSA","Yup'ik alone or in combination",446,31,38,8,14,4,8.3,1.9,36.8,6.5,0,1,1,1,0,0
"270","AIAN/County","2500000US7650","02","070","Twin Hills ANVSA","American Indian alone or in combination",43,0,NA,NA,NA,NA,NA,NA,NA,NA,0,0,0,0,0,0
"270","AIAN/County","2500000US7650","02","070","Twin Hills ANVSA","Yup'ik alone or in combination",41,10,6,2,1,1,14,5,16.7,6.7,0,1,1,1,0,0
"270","AIAN/County","2500000US6065","02","158","Algaaciq ANVSA","American Indian alone or in combination",356,0,NA,NA,NA,NA,NA,NA,NA,NA,0,0,0,0,0,0
"270","AIAN/County","2500000US6065","02","158","Algaaciq ANVSA","Yup'ik alone or in combination",349,30,31,8,4,1,8.7,2.1,12.9,1.4,0,1,1,1,0,0
"270","AIAN/County","2500000US6095","02","158","Andreafsky ANVSA","American Indian alone or in combination",95,0,NA,NA,NA,NA,NA,NA,NA,NA,0,0,0,0,0,0
"270","AIAN/County","2500000US6095","02","158","Andreafsky ANVSA","Yup'ik alone or in combination",88,12,16,5,2,1,16.8,5.7,12.5,1.4,0,1,1,1,0,0
"270","AIAN/County","2500000US6480","02","158","Emmonak ANVSA","American Indian alone or in combination",529,0,NA,NA,NA,NA,NA,NA,NA,NA,0,0,0,0,0,0
"270","AIAN/County","2500000US6480","02","158","Emmonak ANVSA","Yup'ik alone or in combination",485,30,40,7,8,2,7.6,1.3,20,2.3,0,1,1,1,0,0
"270","AIAN/County","2500000US6595","02","158","Hooper Bay ANVSA","American Indian alone or in combination",539,0,NA,NA,NA,NA,NA,NA,NA,NA,0,0,0,0,0,0
"270","AIAN/County","2500000US6595","02","158","Hooper Bay ANVSA","Yup'ik alone or in combination",478,44,67,13,4,1,12.4,2.5,6,1.6,0,1,1,1,0,0
"270","AIAN/County","2500000US6815","02","158","Kotlik ANVSA","American Indian alone or in combination",497,0,NA,NA,NA,NA,NA,NA,NA,NA,0,0,0,0,0,0
"270","AIAN/County","2500000US6815","02","158","Kotlik ANVSA","Yup'ik alone or in combination",469,30,25,5,3,1,5,1.1,12,2.4,0,1,1,1,0,0
"270","AIAN/County","2500000US6910","02","158","Marshall ANVSA","American Indian alone or in combination",159,0,NA,NA,NA,NA,NA,NA,NA,NA,0,0,0,0,0,0
"270","AIAN/County","2500000US6910","02","158","Marshall ANVSA","Yup'ik alone or in combination",157,21,14,4,2,1,8.8,2.5,14.3,1.9,0,1,1,1,0,0
"270","AIAN/County","2500000US6975","02","158","Mountain Village ANVSA","American Indian alone or in combination",413,0,NA,NA,NA,NA,NA,NA,NA,NA,0,0,0,0,0,0
"270","AIAN/County","2500000US6975","02","158","Mountain Village ANVSA","Yup'ik alone or in combination",331,35,21,5,3,1,5.1,1.3,14.3,1.7,0,1,1,1,0,0
"270","AIAN/County","2500000US7133","02","158","Nunam Iqua ANVSA","American Indian alone or in combination",86,0,NA,NA,NA,NA,NA,NA,NA,NA,0,0,0,0,0,0
"270","AIAN/County","2500000US7133","02","158","Nunam Iqua ANVSA","Yup'ik alone or in combination",86,14,6,2,1,0,7,2.1,16.7,1.2,0,1,1,1,0,0
"270","AIAN/County","2500000US7230","02","158","Pilot Station ANVSA","American Indian alone or in combination",325,0,NA,NA,NA,NA,NA,NA,NA,NA,0,0,0,0,0,0
"270","AIAN/County","2500000US7230","02","158","Pilot Station ANVSA","Yup'ik alone or in combination",279,28,19,5,3,1,5.8,1.4,15.8,1.7,0,1,1,1,0,0
"270","AIAN/County","2500000US7235","02","158","Pitkas Point ANVSA","American Indian alone or in combination",90,0,NA,NA,NA,NA,NA,NA,NA,NA,0,0,0,0,0,0
"270","AIAN/County","2500000US7235","02","158","Pitkas Point ANVSA","Yup'ik alone or in combination",88,13,8,2,1,0,8.9,2.2,12.5,1,0,1,1,1,0,0
"270","AIAN/County","2500000US7425","02","158","Scammon Bay ANVSA","American Indian alone or in combination",292,0,NA,NA,NA,NA,NA,NA,NA,NA,0,0,0,0,0,0
"270","AIAN/County","2500000US7425","02","158","Scammon Bay ANVSA","Yup'ik alone or in combination",280,24,36,7,4,1,12.3,2.2,11.1,1.1,0,1,1,1,0,0
"270","AIAN/County","2500000US6620","02","164","Igiugig ANVSA","American Indian alone or in combination",41,0,NA,NA,NA,NA,NA,NA,NA,NA,0,0,0,0,0,0
"270","AIAN/County","2500000US6620","02","164","Igiugig ANVSA","Aleut alone or in combination",28,10,4,3,4,3,9.8,7,100,24.2,0,1,1,1,0,0
"270","AIAN/County","2500000US6865","02","164","Levelock ANVSA","American Indian alone or in combination",52,0,NA,NA,NA,NA,NA,NA,NA,NA,0,0,0,0,0,0
"270","AIAN/County","2500000US6865","02","164","Levelock ANVSA","Yup'ik alone or in combination",49,11,4,1,1,0,7.7,2.2,25,5.1,0,1,1,1,0,0
"270","AIAN/County","2500000US7035","02","164","Newhalen ANVSA","American Indian alone or in combination",85,0,NA,NA,NA,NA,NA,NA,NA,NA,0,0,0,0,0,0
"270","AIAN/County","2500000US7035","02","164","Newhalen ANVSA","Yup'ik alone or in combination",55,12,6,3,1,0,7.1,3.2,16.7,1.3,0,1,1,1,0,0
"270","AIAN/County","2500000US6530","02","180","Gambell ANVSA","American Indian alone or in combination",385,0,NA,NA,NA,NA,NA,NA,NA,NA,0,0,0,0,0,0
"270","AIAN/County","2500000US6530","02","180","Gambell ANVSA","Yup'ik alone or in combination",379,32,78,15,3,1,20.3,3.9,3.8,1,0,1,1,1,0,0
"270","AIAN/County","2500000US7375","02","180","St. Michael ANVSA","American Indian alone or in combination",218,0,NA,NA,NA,NA,NA,NA,NA,NA,0,0,0,0,0,0
"270","AIAN/County","2500000US7375","02","180","St. Michael ANVSA","Yup'ik alone or in combination",185,18,14,4,2,0,6.4,1.8,14.3,1.3,0,1,1,1,0,0
"270","AIAN/County","2500000US7415","02","180","Savoonga ANVSA","American Indian alone or in combination",551,0,NA,NA,NA,NA,NA,NA,NA,NA,0,0,0,0,0,0
"270","AIAN/County","2500000US7415","02","180","Savoonga ANVSA","Yup'ik alone or in combination",531,38,65,11,5,1,11.8,2,7.7,1.3,0,1,1,1,0,0
"270","AIAN/County","2500000US7510","02","180","Stebbins ANVSA","American Indian alone or in combination",313,0,NA,NA,NA,NA,NA,NA,NA,NA,0,0,0,0,0,0
"270","AIAN/County","2500000US7510","02","180","Stebbins ANVSA","Yup'ik alone or in combination",310,25,19,5,2,1,6.1,1.7,10.5,1.1,0,1,1,1,0,0
"270","AIAN/County","2500000US6175","02","185","Barrow ANVSA","American Indian alone or in combination",1882,0,NA,NA,NA,NA,NA,NA,NA,NA,0,0,0,0,0,0
"270","AIAN/County","2500000US6175","02","185","Barrow ANVSA","Inupiat alone or in combination",1622,121,221,43,3,4,11.7,2.3,1.4,2,0,1,1,1,0,0
"270","AIAN/County","2500000US7125","02","185","Nuiqsut ANVSA","American Indian alone or in combination",229,0,NA,NA,NA,NA,NA,NA,NA,NA,0,0,0,0,0,0
"270","AIAN/County","2500000US7125","02","185","Nuiqsut ANVSA","Inupiat alone or in combination",213,31,26,8,1,1,11.4,3.4,3.8,2.2,0,1,1,1,0,0
"270","AIAN/County","2500000US7250","02","185","Point Hope ANVSA","American Indian alone or in combination",317,0,NA,NA,NA,NA,NA,NA,NA,NA,0,0,0,0,0,0
"270","AIAN/County","2500000US7250","02","185","Point Hope ANVSA","Inupiat alone or in combination",303,39,16,5,1,1,5,1.7,6.3,4.2,0,1,1,1,0,0
"270","AIAN/County","2500000US7735","02","185","Wainwright ANVSA","American Indian alone or in combination",283,0,NA,NA,NA,NA,NA,NA,NA,NA,0,0,0,0,0,0
"270","AIAN/County","2500000US7735","02","185","Wainwright ANVSA","Inupiat alone or in combination",266,30,33,10,1,0,11.7,3.7,3,1.1,0,1,1,1,0,0
"270","AIAN/County","2500000US7110","02","188","Noorvik ANVSA","American Indian alone or in combination",334,0,NA,NA,NA,NA,NA,NA,NA,NA,0,0,0,0,0,0
"270","AIAN/County","2500000US7110","02","188","Noorvik ANVSA","Inupiat alone or in combination",329,26,17,5,1,0,5.1,1.4,5.9,1.1,0,1,1,1,0,0
"270","AIAN/County","2500000US7430","02","188","Selawik ANVSA","American Indian alone or in combination",411,0,NA,NA,NA,NA,NA,NA,NA,NA,0,0,0,0,0,0
"270","AIAN/County","2500000US7430","02","188","Selawik ANVSA","Inupiat alone or in combination",402,40,33,9,1,0,8,2.3,3,1,0,1,1,1,0,0
"270","AIAN/County","2500000US2430","04","001","Navajo Nation Reservation and Off-Reservation Trust Land","American Indian alone or in combination",119700,0,NA,NA,NA,NA,NA,NA,NA,NA,0,0,0,0,0,0
"270","AIAN/County","2500000US2430","04","001","Navajo Nation Reservation and Off-Reservation Trust Land","Navajo alone or in combination",116900,1024,24410,398,4737,140,20.4,0.3,19.4,0.6,0,1,1,1,0,0
"270","AIAN/County","2500000US4785","04","001","Zuni Reservation and Off-Reservation Trust Land","American Indian alone or in combination",6229,0,NA,NA,NA,NA,NA,NA,NA,NA,0,0,0,0,0,0
"270","AIAN/County","2500000US4785","04","001","Zuni Reservation and Off-Reservation Trust Land","Pueblo alone or in combination",6015,293,2089,212,42,21,33.5,3.4,2,1,0,1,1,1,0,0
"270","AIAN/County","2500000US1505","04","005","Hopi Reservation and Off-Reservation Trust Land","American Indian alone or in combination",6412,0,NA,NA,NA,NA,NA,NA,NA,NA,0,0,0,0,0,0
"270","AIAN/County","2500000US1505","04","005","Hopi Reservation and Off-Reservation Trust Land","Hopi alone or in combination",5597,263,914,115,18,9,14.3,1.8,2,1,0,1,1,1,0,0
"270","AIAN/County","2500000US1720","04","005","Kaibab Indian Reservation","American Indian alone or in combination",164,0,NA,NA,NA,NA,NA,NA,NA,NA,0,0,0,0,0,0
"270","AIAN/County","2500000US1720","04","005","Kaibab Indian Reservation","Paiute alone or in combination",128,30,23,21,1,1,14,13.1,4.3,5.4,0,1,1,1,0,0
"270","AIAN/County","2500000US2430","04","005","Navajo Nation Reservation and Off-Reservation Trust Land","American Indian alone or in combination",119700,0,NA,NA,NA,NA,NA,NA,NA,NA,0,0,0,0,0,0
"270","AIAN/County","2500000US2430","04","005","Navajo Nation Reservation and Off-Reservation Trust Land","Navajo alone or in combination",116900,1024,24410,398,4737,140,20.4,0.3,19.4,0.6,0,1,1,1,0,0
"270","AIAN/County","2500000US3355","04","007","San Carlos Reservation","American Indian alone or in combination",6571,0,NA,NA,NA,NA,NA,NA,NA,NA,0,0,0,0,0,0
"270","AIAN/County","2500000US3355","04","007","San Carlos Reservation","Apache alone or in combination",6175,203,737,92,40,19,11.2,1.4,5.4,2.4,0,1,1,1,0,0
"270","AIAN/County","2500000US3355","04","009","San Carlos Reservation","American Indian alone or in combination",6571,0,NA,NA,NA,NA,NA,NA,NA,NA,0,0,0,0,0,0
"270","AIAN/County","2500000US3355","04","009","San Carlos Reservation","Apache alone or in combination",6175,203,737,92,40,19,11.2,1.4,5.4,2.4,0,1,1,1,0,0
"270","AIAN/County","2500000US1720","04","015","Kaibab Indian Reservation","American Indian alone or in combination",164,0,NA,NA,NA,NA,NA,NA,NA,NA,0,0,0,0,0,0
"270","AIAN/County","2500000US1720","04","015","Kaibab Indian Reservation","Paiute alone or in combination",128,30,23,21,1,1,14,13.1,4.3,5.4,0,1,1,1,0,0
"270","AIAN/County","2500000US1505","04","017","Hopi Reservation and Off-Reservation Trust Land","American Indian alone or in combination",6412,0,NA,NA,NA,NA,NA,NA,NA,NA,0,0,0,0,0,0
"270","AIAN/County","2500000US1505","04","017","Hopi Reservation and Off-Reservation Trust Land","Hopi alone or in combination",5597,263,914,115,18,9,14.3,1.8,2,1,0,1,1,1,0,0
"270","AIAN/County","2500000US2430","04","017","Navajo Nation Reservation and Off-Reservation Trust Land","American Indian alone or in combination",119700,0,NA,NA,NA,NA,NA,NA,NA,NA,0,0,0,0,0,0
"270","AIAN/County","2500000US2430","04","017","Navajo Nation Reservation and Off-Reservation Trust Land","Navajo alone or in combination",116900,1024,24410,398,4737,140,20.4,0.3,19.4,0.6,0,1,1,1,0,0
"270","AIAN/County","2500000US3355","04","021","San Carlos Reservation","American Indian alone or in combination",6571,0,NA,NA,NA,NA,NA,NA,NA,NA,0,0,0,0,0,0
"270","AIAN/County","2500000US3355","04","021","San Carlos Reservation","Apache alone or in combination",6175,203,737,92,40,19,11.2,1.4,5.4,2.4,0,1,1,1,0,0
"270","AIAN/County","2500000US4470","08","067","Ute Mountain Reservation and Off-Reservation Trust Land","American Indian alone or in combination",1025,0,NA,NA,NA,NA,NA,NA,NA,NA,0,0,0,0,0,0
"270","AIAN/County","2500000US4470","08","067","Ute Mountain Reservation and Off-Reservation Trust Land","Ute alone or in combination",933,108,117,33,15,7,11.4,3.2,12.8,6.2,0,1,1,1,0,0
"270","AIAN/County","2500000US4470","08","083","Ute Mountain Reservation and Off-Reservation Trust Land","American Indian alone or in combination",1025,0,NA,NA,NA,NA,NA,NA,NA,NA,0,0,0,0,0,0
"270","AIAN/County","2500000US4470","08","083","Ute Mountain Reservation and Off-Reservation Trust Land","Ute alone or in combination",933,108,117,33,15,7,11.4,3.2,12.8,6.2,0,1,1,1,0,0
"270","AIAN/County","2500000US0360","12","043","Brighton Reservation","American Indian alone or in combination",294,0,NA,NA,NA,NA,NA,NA,NA,NA,0,0,0,0,0,0
"270","AIAN/County","2500000US0360","12","043","Brighton Reservation","Seminole alone or in combination",256,28,16,10,2,2,5.4,3.2,12.5,8.5,0,1,1,1,0,0
"270","AIAN/County","2500000US2445","16","035","Nez Perce Reservation","American Indian alone or in combination",2131,0,NA,NA,NA,NA,NA,NA,NA,NA,0,0,0,0,0,0
"270","AIAN/County","2500000US2445","16","035","Nez Perce Reservation","All other American Indian tribes alone or in combination",1516,85,120,35,6,3,5.6,1.6,5,2,0,1,1,1,0,0
"270","AIAN/County","2500000US2445","16","049","Nez Perce Reservation","American Indian alone or in combination",2131,0,NA,NA,NA,NA,NA,NA,NA,NA,0,0,0,0,0,0
"270","AIAN/County","2500000US2445","16","049","Nez Perce Reservation","All other American Indian tribes alone or in combination",1516,85,120,35,6,3,5.6,1.6,5,2,0,1,1,1,0,0
"270","AIAN/County","2500000US2445","16","061","Nez Perce Reservation","American Indian alone or in combination",2131,0,NA,NA,NA,NA,NA,NA,NA,NA,0,0,0,0,0,0
"270","AIAN/County","2500000US2445","16","061","Nez Perce Reservation","All other American Indian tribes alone or in combination",1516,85,120,35,6,3,5.6,1.6,5,2,0,1,1,1,0,0
"270","AIAN/County","2500000US2445","16","069","Nez Perce Reservation","American Indian alone or in combination",2131,0,NA,NA,NA,NA,NA,NA,NA,NA,0,0,0,0,0,0
"270","AIAN/County","2500000US2445","16","069","Nez Perce Reservation","All other American Indian tribes alone or in combination",1516,85,120,35,6,3,5.6,1.6,5,2,0,1,1,1,0,0
"270","AIAN/County","2500000US1450","27","055","Ho-Chunk Nation Reservation and Off-Reservation Trust Land","American Indian alone or in combination",840,0,NA,NA,NA,NA,NA,NA,NA,NA,0,0,0,0,0,0
"270","AIAN/County","2500000US1450","27","055","Ho-Chunk Nation Reservation and Off-Reservation Trust Land","All other American Indian tribes alone or in combination",714,54,44,18,2,1,5.2,2.2,4.5,2,0,1,1,1,0,0
"270","AIAN/County","2500000US2300","28","007","Mississippi Choctaw Reservation and Off-Reservation Trust Land","American Indian alone or in combination",4587,0,NA,NA,NA,NA,NA,NA,NA,NA,0,0,0,0,0,0
"270","AIAN/County","2500000US2300","28","007","Mississippi Choctaw Reservation and Off-Reservation Trust Land","Choctaw alone or in combination",4453,179,455,104,49,23,9.9,2.3,10.8,5.2,0,1,1,1,0,0
"270","AIAN/County","2500000US2300","28","015","Mississippi Choctaw Reservation and Off-Reservation Trust Land","American Indian alone or in combination",4587,0,NA,NA,NA,NA,NA,NA,NA,NA,0,0,0,0,0,0
"270","AIAN/County","2500000US2300","28","015","Mississippi Choctaw Reservation and Off-Reservation Trust Land","Choctaw alone or in combination",4453,179,455,104,49,23,9.9,2.3,10.8,5.2,0,1,1,1,0,0
"270","AIAN/County","2500000US2300","28","059","Mississippi Choctaw Reservation and Off-Reservation Trust Land","American Indian alone or in combination",4587,0,NA,NA,NA,NA,NA,NA,NA,NA,0,0,0,0,0,0
"270","AIAN/County","2500000US2300","28","059","Mississippi Choctaw Reservation and Off-Reservation Trust Land","Choctaw alone or in combination",4453,179,455,104,49,23,9.9,2.3,10.8,5.2,0,1,1,1,0,0
"270","AIAN/County","2500000US2300","28","067","Mississippi Choctaw Reservation and Off-Reservation Trust Land","American Indian alone or in combination",4587,0,NA,NA,NA,NA,NA,NA,NA,NA,0,0,0,0,0,0
"270","AIAN/County","2500000US2300","28","067","Mississippi Choctaw Reservation and Off-Reservation Trust Land","Choctaw alone or in combination",4453,179,455,104,49,23,9.9,2.3,10.8,5.2,0,1,1,1,0,0
"270","AIAN/County","2500000US2300","28","069","Mississippi Choctaw Reservation and Off-Reservation Trust Land","American Indian alone or in combination",4587,0,NA,NA,NA,NA,NA,NA,NA,NA,0,0,0,0,0,0
"270","AIAN/County","2500000US2300","28","069","Mississippi Choctaw Reservation and Off-Reservation Trust Land","Choctaw alone or in combination",4453,179,455,104,49,23,9.9,2.3,10.8,5.2,0,1,1,1,0,0
"270","AIAN/County","2500000US2300","28","079","Mississippi Choctaw Reservation and Off-Reservation Trust Land","American Indian alone or in combination",4587,0,NA,NA,NA,NA,NA,NA,NA,NA,0,0,0,0,0,0
"270","AIAN/County","2500000US2300","28","079","Mississippi Choctaw Reservation and Off-Reservation Trust Land","Choctaw alone or in combination",4453,179,455,104,49,23,9.9,2.3,10.8,5.2,0,1,1,1,0,0
"270","AIAN/County","2500000US2300","28","099","Mississippi Choctaw Reservation and Off-Reservation Trust Land","American Indian alone or in combination",4587,0,NA,NA,NA,NA,NA,NA,NA,NA,0,0,0,0,0,0
"270","AIAN/County","2500000US2300","28","099","Mississippi Choctaw Reservation and Off-Reservation Trust Land","Choctaw alone or in combination",4453,179,455,104,49,23,9.9,2.3,10.8,5.2,0,1,1,1,0,0
"270","AIAN/County","2500000US2300","28","101","Mississippi Choctaw Reservation and Off-Reservation Trust Land","American Indian alone or in combination",4587,0,NA,NA,NA,NA,NA,NA,NA,NA,0,0,0,0,0,0
"270","AIAN/County","2500000US2300","28","101","Mississippi Choctaw Reservation and Off-Reservation Trust Land","Choctaw alone or in combination",4453,179,455,104,49,23,9.9,2.3,10.8,5.2,0,1,1,1,0,0
"270","AIAN/County","2500000US2300","28","103","Mississippi Choctaw Reservation and Off-Reservation Trust Land","American Indian alone or in combination",4587,0,NA,NA,NA,NA,NA,NA,NA,NA,0,0,0,0,0,0
"270","AIAN/County","2500000US2300","28","103","Mississippi Choctaw Reservation and Off-Reservation Trust Land","Choctaw alone or in combination",4453,179,455,104,49,23,9.9,2.3,10.8,5.2,0,1,1,1,0,0
"270","AIAN/County","2500000US2300","28","123","Mississippi Choctaw Reservation and Off-Reservation Trust Land","American Indian alone or in combination",4587,0,NA,NA,NA,NA,NA,NA,NA,NA,0,0,0,0,0,0
"270","AIAN/County","2500000US2300","28","123","Mississippi Choctaw Reservation and Off-Reservation Trust Land","Choctaw alone or in combination",4453,179,455,104,49,23,9.9,2.3,10.8,5.2,0,1,1,1,0,0
"270","AIAN/County","2500000US2300","28","159","Mississippi Choctaw Reservation and Off-Reservation Trust Land","American Indian alone or in combination",4587,0,NA,NA,NA,NA,NA,NA,NA,NA,0,0,0,0,0,0
"270","AIAN/County","2500000US2300","28","159","Mississippi Choctaw Reservation and Off-Reservation Trust Land","Choctaw alone or in combination",4453,179,455,104,49,23,9.9,2.3,10.8,5.2,0,1,1,1,0,0
"270","AIAN/County","2500000US0975","32","023","Duckwater Reservation","American Indian alone or in combination",237,0,NA,NA,NA,NA,NA,NA,NA,NA,0,0,0,0,0,0
"270","AIAN/County","2500000US0975","32","023","Duckwater Reservation","Shoshone alone or in combination",212,49,13,10,2,3,5.5,4.2,15.4,22.9,0,1,1,1,0,0
"270","AIAN/County","2500000US2430","35","001","Navajo Nation Reservation and Off-Reservation Trust Land","American Indian alone or in combination",119700,0,NA,NA,NA,NA,NA,NA,NA,NA,0,0,0,0,0,0
"270","AIAN/County","2500000US2430","35","001","Navajo Nation Reservation and Off-Reservation Trust Land","Navajo alone or in combination",116900,1024,24410,398,4737,140,20.4,0.3,19.4,0.6,0,1,1,1,0,0
"270","AIAN/County","2500000US4785","35","003","Zuni Reservation and Off-Reservation Trust Land","American Indian alone or in combination",6229,0,NA,NA,NA,NA,NA,NA,NA,NA,0,0,0,0,0,0
"270","AIAN/County","2500000US4785","35","003","Zuni Reservation and Off-Reservation Trust Land","Pueblo alone or in combination",6015,293,2089,212,42,21,33.5,3.4,2,1,0,1,1,1,0,0
"270","AIAN/County","2500000US2430","35","006","Navajo Nation Reservation and Off-Reservation Trust Land","American Indian alone or in combination",119700,0,NA,NA,NA,NA,NA,NA,NA,NA,0,0,0,0,0,0
"270","AIAN/County","2500000US2430","35","006","Navajo Nation Reservation and Off-Reservation Trust Land","Navajo alone or in combination",116900,1024,24410,398,4737,140,20.4,0.3,19.4,0.6,0,1,1,1,0,0
"270","AIAN/County","2500000US4785","35","006","Zuni Reservation and Off-Reservation Trust Land","American Indian alone or in combination",6229,0,NA,NA,NA,NA,NA,NA,NA,NA,0,0,0,0,0,0
"270","AIAN/County","2500000US4785","35","006","Zuni Reservation and Off-Reservation Trust Land","Pueblo alone or in combination",6015,293,2089,212,42,21,33.5,3.4,2,1,0,1,1,1,0,0
"270","AIAN/County","2500000US2430","35","031","Navajo Nation Reservation and Off-Reservation Trust Land","American Indian alone or in combination",119700,0,NA,NA,NA,NA,NA,NA,NA,NA,0,0,0,0,0,0
"270","AIAN/County","2500000US2430","35","031","Navajo Nation Reservation and Off-Reservation Trust Land","Navajo alone or in combination",116900,1024,24410,398,4737,140,20.4,0.3,19.4,0.6,0,1,1,1,0,0
"270","AIAN/County","2500000US4785","35","031","Zuni Reservation and Off-Reservation Trust Land","American Indian alone or in combination",6229,0,NA,NA,NA,NA,NA,NA,NA,NA,0,0,0,0,0,0
"270","AIAN/County","2500000US4785","35","031","Zuni Reservation and Off-Reservation Trust Land","Pueblo alone or in combination",6015,293,2089,212,42,21,33.5,3.4,2,1,0,1,1,1,0,0
"270","AIAN/County","2500000US2430","35","039","Navajo Nation Reservation and Off-Reservation Trust Land","American Indian alone or in combination",119700,0,NA,NA,NA,NA,NA,NA,NA,NA,0,0,0,0,0,0
"270","AIAN/County","2500000US2430","35","039","Navajo Nation Reservation and Off-Reservation Trust Land","Navajo alone or in combination",116900,1024,24410,398,4737,140,20.4,0.3,19.4,0.6,0,1,1,1,0,0
"270","AIAN/County","2500000US2430","35","043","Navajo Nation Reservation and Off-Reservation Trust Land","American Indian alone or in combination",119700,0,NA,NA,NA,NA,NA,NA,NA,NA,0,0,0,0,0,0
"270","AIAN/County","2500000US2430","35","043","Navajo Nation Reservation and Off-Reservation Trust Land","Navajo alone or in combination",116900,1024,24410,398,4737,140,20.4,0.3,19.4,0.6,0,1,1,1,0,0
"270","AIAN/County","2500000US2430","35","045","Navajo Nation Reservation and Off-Reservation Trust Land","American Indian alone or in combination",119700,0,NA,NA,NA,NA,NA,NA,NA,NA,0,0,0,0,0,0
"270","AIAN/County","2500000US2430","35","045","Navajo Nation Reservation and Off-Reservation Trust Land","Navajo alone or in combination",116900,1024,24410,398,4737,140,20.4,0.3,19.4,0.6,0,1,1,1,0,0
"270","AIAN/County","2500000US4470","35","045","Ute Mountain Reservation and Off-Reservation Trust Land","American Indian alone or in combination",1025,0,NA,NA,NA,NA,NA,NA,NA,NA,0,0,0,0,0,0
"270","AIAN/County","2500000US4470","35","045","Ute Mountain Reservation and Off-Reservation Trust Land","Ute alone or in combination",933,108,117,33,15,7,11.4,3.2,12.8,6.2,0,1,1,1,0,0
"270","AIAN/County","2500000US2430","35","053","Navajo Nation Reservation and Off-Reservation Trust Land","American Indian alone or in combination",119700,0,NA,NA,NA,NA,NA,NA,NA,NA,0,0,0,0,0,0
"270","AIAN/County","2500000US2430","35","053","Navajo Nation Reservation and Off-Reservation Trust Land","Navajo alone or in combination",116900,1024,24410,398,4737,140,20.4,0.3,19.4,0.6,0,1,1,1,0,0
"270","AIAN/County","2500000US1775","48","323","Kickapoo (TX) Reservation and Off-Reservation Trust Land","American Indian alone or in combination",196,0,NA,NA,NA,NA,NA,NA,NA,NA,0,0,0,0,0,0
"270","AIAN/County","2500000US1775","48","323","Kickapoo (TX) Reservation and Off-Reservation Trust Land","All other American Indian tribes alone or in combination",196,77,40,19,2,2,20.4,9.6,5,2,0,1,1,1,0,0
"270","AIAN/County","2500000US0050","48","373","Alabama-Coushatta Reservation and Off-Reservation Trust Land","American Indian alone or in combination",388,0,NA,NA,NA,NA,NA,NA,NA,NA,0,0,0,0,0,0
"270","AIAN/County","2500000US0050","48","373","Alabama-Coushatta Reservation and Off-Reservation Trust Land","All other American Indian tribes alone or in combination",361,45,26,13,1,1,6.7,3.3,3.8,2,0,1,1,1,0,0
"270","AIAN/County","2500000US2430","49","037","Navajo Nation Reservation and Off-Reservation Trust Land","American Indian alone or in combination",119700,0,NA,NA,NA,NA,NA,NA,NA,NA,0,0,0,0,0,0
"270","AIAN/County","2500000US2430","49","037","Navajo Nation Reservation and Off-Reservation Trust Land","Navajo alone or in combination",116900,1024,24410,398,4737,140,20.4,0.3,19.4,0.6,0,1,1,1,0,0
"270","AIAN/County","2500000US4470","49","037","Ute Mountain Reservation and Off-Reservation Trust Land","American Indian alone or in combination",1025,0,NA,NA,NA,NA,NA,NA,NA,NA,0,0,0,0,0,0
"270","AIAN/County","2500000US4470","49","037","Ute Mountain Reservation and Off-Reservation Trust Land","Ute alone or in combination",933,108,117,33,15,7,11.4,3.2,12.8,6.2,0,1,1,1,0,0
"271","AIAN/MCD","2500000US1450","55","000","Ho-Chunk Nation Reservation and Off-Reservation Trust Land","American Indian alone or in combination",840,0,NA,NA,NA,NA,NA,NA,NA,NA,0,0,0,0,0,0
"271","AIAN/MCD","2500000US1450","55","000","Ho-Chunk Nation Reservation and Off-Reservation Trust Land","All other American Indian tribes alone or in combination",714,54,44,18,2,1,5.2,2.2,4.5,2,0,1,1,1,0,0
"271","AIAN/MCD","2500000US1450","55","000","Ho-Chunk Nation Reservation and Off-Reservation Trust Land","American Indian alone or in combination",840,0,NA,NA,NA,NA,NA,NA,NA,NA,0,0,0,0,0,0
"271","AIAN/MCD","2500000US1450","55","000","Ho-Chunk Nation Reservation and Off-Reservation Trust Land","All other American Indian tribes alone or in combination",714,54,44,18,2,1,5.2,2.2,4.5,2,0,1,1,1,0,0
"271","AIAN/MCD","2500000US1450","55","000","Ho-Chunk Nation Reservation and Off-Reservation Trust Land","American Indian alone or in combination",840,0,NA,NA,NA,NA,NA,NA,NA,NA,0,0,0,0,0,0
"271","AIAN/MCD","2500000US1450","55","000","Ho-Chunk Nation Reservation and Off-Reservation Trust Land","All other American Indian tribes alone or in combination",714,54,44,18,2,1,5.2,2.2,4.5,2,0,1,1,1,0,0
"271","AIAN/MCD","2500000US1450","55","000","Ho-Chunk Nation Reservation and Off-Reservation Trust Land","American Indian alone or in combination",840,0,NA,NA,NA,NA,NA,NA,NA,NA,0,0,0,0,0,0
"271","AIAN/MCD","2500000US1450","55","000","Ho-Chunk Nation Reservation and Off-Reservation Trust Land","All other American Indian tribes alone or in combination",714,54,44,18,2,1,5.2,2.2,4.5,2,0,1,1,1,0,0
"271","AIAN/MCD","2500000US1450","55","000","Ho-Chunk Nation Reservation and Off-Reservation Trust Land","American Indian alone or in combination",840,0,NA,NA,NA,NA,NA,NA,NA,NA,0,0,0,0,0,0
"271","AIAN/MCD","2500000US1450","55","000","Ho-Chunk Nation Reservation and Off-Reservation Trust Land","All other American Indian tribes alone or in combination",714,54,44,18,2,1,5.2,2.2,4.5,2,0,1,1,1,0,0
"271","AIAN/MCD","2500000US1450","55","000","Ho-Chunk Nation Reservation and Off-Reservation Trust Land","American Indian alone or in combination",840,0,NA,NA,NA,NA,NA,NA,NA,NA,0,0,0,0,0,0
"271","AIAN/MCD","2500000US1450","55","000","Ho-Chunk Nation Reservation and Off-Reservation Trust Land","All other American Indian tribes alone or in combination",714,54,44,18,2,1,5.2,2.2,4.5,2,0,1,1,1,0,0
"271","AIAN/MCD","2500000US1450","55","000","Ho-Chunk Nation Reservation and Off-Reservation Trust Land","American Indian alone or in combination",840,0,NA,NA,NA,NA,NA,NA,NA,NA,0,0,0,0,0,0
"271","AIAN/MCD","2500000US1450","55","000","Ho-Chunk Nation Reservation and Off-Reservation Trust Land","All other American Indian tribes alone or in combination",714,54,44,18,2,1,5.2,2.2,4.5,2,0,1,1,1,0,0
"271","AIAN/MCD","2500000US1450","55","000","Ho-Chunk Nation Reservation and Off-Reservation Trust Land","American Indian alone or in combination",840,0,NA,NA,NA,NA,NA,NA,NA,NA,0,0,0,0,0,0
"271","AIAN/MCD","2500000US1450","55","000","Ho-Chunk Nation Reservation and Off-Reservation Trust Land","All other American Indian tribes alone or in combination",714,54,44,18,2,1,5.2,2.2,4.5,2,0,1,1,1,0,0
"271","AIAN/MCD","2500000US1450","55","000","Ho-Chunk Nation Reservation and Off-Reservation Trust Land","American Indian alone or in combination",840,0,NA,NA,NA,NA,NA,NA,NA,NA,0,0,0,0,0,0
"271","AIAN/MCD","2500000US1450","55","000","Ho-Chunk Nation Reservation and Off-Reservation Trust Land","All other American Indian tribes alone or in combination",714,54,44,18,2,1,5.2,2.2,4.5,2,0,1,1,1,0,0
"271","AIAN/MCD","2500000US1450","55","000","Ho-Chunk Nation Reservation and Off-Reservation Trust Land","American Indian alone or in combination",840,0,NA,NA,NA,NA,NA,NA,NA,NA,0,0,0,0,0,0
"271","AIAN/MCD","2500000US1450","55","000","Ho-Chunk Nation Reservation and Off-Reservation Trust Land","All other American Indian tribes alone or in combination",714,54,44,18,2,1,5.2,2.2,4.5,2,0,1,1,1,0,0
"271","AIAN/MCD","2500000US1450","55","000","Ho-Chunk Nation Reservation and Off-Reservation Trust Land","American Indian alone or in combination",840,0,NA,NA,NA,NA,NA,NA,NA,NA,0,0,0,0,0,0
"271","AIAN/MCD","2500000US1450","55","000","Ho-Chunk Nation Reservation and Off-Reservation Trust Land","All other American Indian tribes alone or in combination",714,54,44,18,2,1,5.2,2.2,4.5,2,0,1,1,1,0,0
"271","AIAN/MCD","2500000US1450","55","000","Ho-Chunk Nation Reservation and Off-Reservation Trust Land","American Indian alone or in combination",840,0,NA,NA,NA,NA,NA,NA,NA,NA,0,0,0,0,0,0
"271","AIAN/MCD","2500000US1450","55","000","Ho-Chunk Nation Reservation and Off-Reservation Trust Land","All other American Indian tribes alone or in combination",714,54,44,18,2,1,5.2,2.2,4.5,2,0,1,1,1,0,0
"271","AIAN/MCD","2500000US1450","55","000","Ho-Chunk Nation Reservation and Off-Reservation Trust Land","American Indian alone or in combination",840,0,NA,NA,NA,NA,NA,NA,NA,NA,0,0,0,0,0,0
"271","AIAN/MCD","2500000US1450","55","000","Ho-Chunk Nation Reservation and Off-Reservation Trust Land","All other American Indian tribes alone or in combination",714,54,44,18,2,1,5.2,2.2,4.5,2,0,1,1,1,0,0
"271","AIAN/MCD","2500000US1450","55","000","Ho-Chunk Nation Reservation and Off-Reservation Trust Land","American Indian alone or in combination",840,0,NA,NA,NA,NA,NA,NA,NA,NA,0,0,0,0,0,0
"271","AIAN/MCD","2500000US1450","55","000","Ho-Chunk Nation Reservation and Off-Reservation Trust Land","All other American Indian tribes alone or in combination",714,54,44,18,2,1,5.2,2.2,4.5,2,0,1,1,1,0,0
"271","AIAN/MCD","2500000US1450","55","000","Ho-Chunk Nation Reservation and Off-Reservation Trust Land","American Indian alone or in combination",840,0,NA,NA,NA,NA,NA,NA,NA,NA,0,0,0,0,0,0
"271","AIAN/MCD","2500000US1450","55","000","Ho-Chunk Nation Reservation and Off-Reservation Trust Land","All other American Indian tribes alone or in combination",714,54,44,18,2,1,5.2,2.2,4.5,2,0,1,1,1,0,0
"271","AIAN/MCD","2500000US1450","55","000","Ho-Chunk Nation Reservation and Off-Reservation Trust Land","American Indian alone or in combination",840,0,NA,NA,NA,NA,NA,NA,NA,NA,0,0,0,0,0,0
"271","AIAN/MCD","2500000US1450","55","000","Ho-Chunk Nation Reservation and Off-Reservation Trust Land","All other American Indian tribes alone or in combination",714,54,44,18,2,1,5.2,2.2,4.5,2,0,1,1,1,0,0
"271","AIAN/MCD","2500000US1450","55","000","Ho-Chunk Nation Reservation and Off-Reservation Trust Land","American Indian alone or in combination",840,0,NA,NA,NA,NA,NA,NA,NA,NA,0,0,0,0,0,0
"271","AIAN/MCD","2500000US1450","55","000","Ho-Chunk Nation Reservation and Off-Reservation Trust Land","All other American Indian tribes alone or in combination",714,54,44,18,2,1,5.2,2.2,4.5,2,0,1,1,1,0,0
"271","AIAN/MCD","2500000US1450","55","000","Ho-Chunk Nation Reservation and Off-Reservation Trust Land","American Indian alone or in combination",840,0,NA,NA,NA,NA,NA,NA,NA,NA,0,0,0,0,0,0
"271","AIAN/MCD","2500000US1450","55","000","Ho-Chunk Nation Reservation and Off-Reservation Trust Land","All other American Indian tribes alone or in combination",714,54,44,18,2,1,5.2,2.2,4.5,2,0,1,1,1,0,0
"271","AIAN/MCD","2500000US1450","55","000","Ho-Chunk Nation Reservation and Off-Reservation Trust Land","American Indian alone or in combination",840,0,NA,NA,NA,NA,NA,NA,NA,NA,0,0,0,0,0,0
"271","AIAN/MCD","2500000US1450","55","000","Ho-Chunk Nation Reservation and Off-Reservation Trust Land","All other American Indian tribes alone or in combination",714,54,44,18,2,1,5.2,2.2,4.5,2,0,1,1,1,0,0
"271","AIAN/MCD","2500000US1450","55","000","Ho-Chunk Nation Reservation and Off-Reservation Trust Land","American Indian alone or in combination",840,0,NA,NA,NA,NA,NA,NA,NA,NA,0,0,0,0,0,0
"271","AIAN/MCD","2500000US1450","55","000","Ho-Chunk Nation Reservation and Off-Reservation Trust Land","All other American Indian tribes alone or in combination",714,54,44,18,2,1,5.2,2.2,4.5,2,0,1,1,1,0,0
"271","AIAN/MCD","2500000US1450","55","000","Ho-Chunk Nation Reservation and Off-Reservation Trust Land","American Indian alone or in combination",840,0,NA,NA,NA,NA,NA,NA,NA,NA,0,0,0,0,0,0
"271","AIAN/MCD","2500000US1450","55","000","Ho-Chunk Nation Reservation and Off-Reservation Trust Land","All other American Indian tribes alone or in combination",714,54,44,18,2,1,5.2,2.2,4.5,2,0,1,1,1,0,0
"271","AIAN/MCD","2500000US1450","55","000","Ho-Chunk Nation Reservation and Off-Reservation Trust Land","American Indian alone or in combination",840,0,NA,NA,NA,NA,NA,NA,NA,NA,0,0,0,0,0,0
"271","AIAN/MCD","2500000US1450","55","000","Ho-Chunk Nation Reservation and Off-Reservation Trust Land","All other American Indian tribes alone or in combination",714,54,44,18,2,1,5.2,2.2,4.5,2,0,1,1,1,0,0
"271","AIAN/MCD","2500000US1450","55","000","Ho-Chunk Nation Reservation and Off-Reservation Trust Land","American Indian alone or in combination",840,0,NA,NA,NA,NA,NA,NA,NA,NA,0,0,0,0,0,0
"271","AIAN/MCD","2500000US1450","55","000","Ho-Chunk Nation Reservation and Off-Reservation Trust Land","All other American Indian tribes alone or in combination",714,54,44,18,2,1,5.2,2.2,4.5,2,0,1,1,1,0,0
"271","AIAN/MCD","2500000US1450","55","000","Ho-Chunk Nation Reservation and Off-Reservation Trust Land","American Indian alone or in combination",840,0,NA,NA,NA,NA,NA,NA,NA,NA,0,0,0,0,0,0
"271","AIAN/MCD","2500000US1450","55","000","Ho-Chunk Nation Reservation and Off-Reservation Trust Land","All other American Indian tribes alone or in combination",714,54,44,18,2,1,5.2,2.2,4.5,2,0,1,1,1,0,0
"271","AIAN/MCD","2500000US1450","55","000","Ho-Chunk Nation Reservation and Off-Reservation Trust Land","American Indian alone or in combination",840,0,NA,NA,NA,NA,NA,NA,NA,NA,0,0,0,0,0,0
"271","AIAN/MCD","2500000US1450","55","000","Ho-Chunk Nation Reservation and Off-Reservation Trust Land","All other American Indian tribes alone or in combination",714,54,44,18,2,1,5.2,2.2,4.5,2,0,1,1,1,0,0
"271","AIAN/MCD","2500000US1450","55","000","Ho-Chunk Nation Reservation and Off-Reservation Trust Land","American Indian alone or in combination",840,0,NA,NA,NA,NA,NA,NA,NA,NA,0,0,0,0,0,0
"271","AIAN/MCD","2500000US1450","55","000","Ho-Chunk Nation Reservation and Off-Reservation Trust Land","All other American Indian tribes alone or in combination",714,54,44,18,2,1,5.2,2.2,4.5,2,0,1,1,1,0,0
"271","AIAN/MCD","2500000US1450","55","000","Ho-Chunk Nation Reservation and Off-Reservation Trust Land","American Indian alone or in combination",840,0,NA,NA,NA,NA,NA,NA,NA,NA,0,0,0,0,0,0
"271","AIAN/MCD","2500000US1450","55","000","Ho-Chunk Nation Reservation and Off-Reservation Trust Land","All other American Indian tribes alone or in combination",714,54,44,18,2,1,5.2,2.2,4.5,2,0,1,1,1,0,0
"271","AIAN/MCD","2500000US1450","55","000","Ho-Chunk Nation Reservation and Off-Reservation Trust Land","American Indian alone or in combination",840,0,NA,NA,NA,NA,NA,NA,NA,NA,0,0,0,0,0,0
"271","AIAN/MCD","2500000US1450","55","000","Ho-Chunk Nation Reservation and Off-Reservation Trust Land","All other American Indian tribes alone or in combination",714,54,44,18,2,1,5.2,2.2,4.5,2,0,1,1,1,0,0
"271","AIAN/MCD","2500000US1450","55","000","Ho-Chunk Nation Reservation and Off-Reservation Trust Land","American Indian alone or in combination",840,0,NA,NA,NA,NA,NA,NA,NA,NA,0,0,0,0,0,0
"271","AIAN/MCD","2500000US1450","55","000","Ho-Chunk Nation Reservation and Off-Reservation Trust Land","All other American Indian tribes alone or in combination",714,54,44,18,2,1,5.2,2.2,4.5,2,0,1,1,1,0,0
"271","AIAN/MCD","2500000US1450","55","000","Ho-Chunk Nation Reservation and Off-Reservation Trust Land","American Indian alone or in combination",840,0,NA,NA,NA,NA,NA,NA,NA,NA,0,0,0,0,0,0
"271","AIAN/MCD","2500000US1450","55","000","Ho-Chunk Nation Reservation and Off-Reservation Trust Land","All other American Indian tribes alone or in combination",714,54,44,18,2,1,5.2,2.2,4.5,2,0,1,1,1,0,0
"271","AIAN/MCD","2500000US1450","55","000","Ho-Chunk Nation Reservation and Off-Reservation Trust Land","American Indian alone or in combination",840,0,NA,NA,NA,NA,NA,NA,NA,NA,0,0,0,0,0,0
"271","AIAN/MCD","2500000US1450","55","000","Ho-Chunk Nation Reservation and Off-Reservation Trust Land","All other American Indian tribes alone or in combination",714,54,44,18,2,1,5.2,2.2,4.5,2,0,1,1,1,0,0
"271","AIAN/MCD","2500000US1450","55","000","Ho-Chunk Nation Reservation and Off-Reservation Trust Land","American Indian alone or in combination",840,0,NA,NA,NA,NA,NA,NA,NA,NA,0,0,0,0,0,0
"271","AIAN/MCD","2500000US1450","55","000","Ho-Chunk Nation Reservation and Off-Reservation Trust Land","All other American Indian tribes alone or in combination",714,54,44,18,2,1,5.2,2.2,4.5,2,0,1,1,1,0,0
"271","AIAN/MCD","2500000US1450","55","000","Ho-Chunk Nation Reservation and Off-Reservation Trust Land","American Indian alone or in combination",840,0,NA,NA,NA,NA,NA,NA,NA,NA,0,0,0,0,0,0
"271","AIAN/MCD","2500000US1450","55","000","Ho-Chunk Nation Reservation and Off-Reservation Trust Land","All other American Indian tribes alone or in combination",714,54,44,18,2,1,5.2,2.2,4.5,2,0,1,1,1,0,0
"271","AIAN/MCD","2500000US1450","55","000","Ho-Chunk Nation Reservation and Off-Reservation Trust Land","American Indian alone or in combination",840,0,NA,NA,NA,NA,NA,NA,NA,NA,0,0,0,0,0,0
"271","AIAN/MCD","2500000US1450","55","000","Ho-Chunk Nation Reservation and Off-Reservation Trust Land","All other American Indian tribes alone or in combination",714,54,44,18,2,1,5.2,2.2,4.5,2,0,1,1,1,0,0
"271","AIAN/MCD","2500000US1450","55","000","Ho-Chunk Nation Reservation and Off-Reservation Trust Land","American Indian alone or in combination",840,0,NA,NA,NA,NA,NA,NA,NA,NA,0,0,0,0,0,0
"271","AIAN/MCD","2500000US1450","55","000","Ho-Chunk Nation Reservation and Off-Reservation Trust Land","All other American Indian tribes alone or in combination",714,54,44,18,2,1,5.2,2.2,4.5,2,0,1,1,1,0,0
"271","AIAN/MCD","2500000US1450","55","000","Ho-Chunk Nation Reservation and Off-Reservation Trust Land","American Indian alone or in combination",840,0,NA,NA,NA,NA,NA,NA,NA,NA,0,0,0,0,0,0
"271","AIAN/MCD","2500000US1450","55","000","Ho-Chunk Nation Reservation and Off-Reservation Trust Land","All other American Indian tribes alone or in combination",714,54,44,18,2,1,5.2,2.2,4.5,2,0,1,1,1,0,0
"271","AIAN/MCD","2500000US1450","55","000","Ho-Chunk Nation Reservation and Off-Reservation Trust Land","American Indian alone or in combination",840,0,NA,NA,NA,NA,NA,NA,NA,NA,0,0,0,0,0,0
"271","AIAN/MCD","2500000US1450","55","000","Ho-Chunk Nation Reservation and Off-Reservation Trust Land","All other American Indian tribes alone or in combination",714,54,44,18,2,1,5.2,2.2,4.5,2,0,1,1,1,0,0
"271","AIAN/MCD","2500000US1450","55","000","Ho-Chunk Nation Reservation and Off-Reservation Trust Land","American Indian alone or in combination",840,0,NA,NA,NA,NA,NA,NA,NA,NA,0,0,0,0,0,0
"271","AIAN/MCD","2500000US1450","55","000","Ho-Chunk Nation Reservation and Off-Reservation Trust Land","All other American Indian tribes alone or in combination",714,54,44,18,2,1,5.2,2.2,4.5,2,0,1,1,1,0,0
"271","AIAN/MCD","2500000US1450","55","000","Ho-Chunk Nation Reservation and Off-Reservation Trust Land","American Indian alone or in combination",840,0,NA,NA,NA,NA,NA,NA,NA,NA,0,0,0,0,0,0
"271","AIAN/MCD","2500000US1450","55","000","Ho-Chunk Nation Reservation and Off-Reservation Trust Land","All other American Indian tribes alone or in combination",714,54,44,18,2,1,5.2,2.2,4.5,2,0,1,1,1,0,0
"271","AIAN/MCD","2500000US1450","55","000","Ho-Chunk Nation Reservation and Off-Reservation Trust Land","American Indian alone or in combination",840,0,NA,NA,NA,NA,NA,NA,NA,NA,0,0,0,0,0,0
"271","AIAN/MCD","2500000US1450","55","000","Ho-Chunk Nation Reservation and Off-Reservation Trust Land","All other American Indian tribes alone or in combination",714,54,44,18,2,1,5.2,2.2,4.5,2,0,1,1,1,0,0
"271","AIAN/MCD","2500000US1450","55","000","Ho-Chunk Nation Reservation and Off-Reservation Trust Land","American Indian alone or in combination",840,0,NA,NA,NA,NA,NA,NA,NA,NA,0,0,0,0,0,0
"271","AIAN/MCD","2500000US1450","55","000","Ho-Chunk Nation Reservation and Off-Reservation Trust Land","All other American Indian tribes alone or in combination",714,54,44,18,2,1,5.2,2.2,4.5,2,0,1,1,1,0,0
"271","AIAN/MCD","2500000US1450","55","000","Ho-Chunk Nation Reservation and Off-Reservation Trust Land","American Indian alone or in combination",840,0,NA,NA,NA,NA,NA,NA,NA,NA,0,0,0,0,0,0
"271","AIAN/MCD","2500000US1450","55","000","Ho-Chunk Nation Reservation and Off-Reservation Trust Land","All other American Indian tribes alone or in combination",714,54,44,18,2,1,5.2,2.2,4.5,2,0,1,1,1,0,0
"271","AIAN/MCD","2500000US1450","55","000","Ho-Chunk Nation Reservation and Off-Reservation Trust Land","American Indian alone or in combination",840,0,NA,NA,NA,NA,NA,NA,NA,NA,0,0,0,0,0,0
"271","AIAN/MCD","2500000US1450","55","000","Ho-Chunk Nation Reservation and Off-Reservation Trust Land","All other American Indian tribes alone or in combination",714,54,44,18,2,1,5.2,2.2,4.5,2,0,1,1,1,0,0
"271","AIAN/MCD","2500000US1450","55","000","Ho-Chunk Nation Reservation and Off-Reservation Trust Land","American Indian alone or in combination",840,0,NA,NA,NA,NA,NA,NA,NA,NA,0,0,0,0,0,0
"271","AIAN/MCD","2500000US1450","55","000","Ho-Chunk Nation Reservation and Off-Reservation Trust Land","All other American Indian tribes alone or in combination",714,54,44,18,2,1,5.2,2.2,4.5,2,0,1,1,1,0,0
