"fips","county","state","pop","white","black","api","aian","twoplus","hispanic"
"01001","Autauga County","Alabama",61464,0.709342,0.212775,0.014236,0.00406742,0.0194748,0.0401048
"01003","Baldwin County","Alabama",261608,0.81749,0.0831091,0.012297,0.00650974,0.0190399,0.0615539
"01005","Barbour County","Alabama",24358,0.448641,0.46145,0.00714344,0.00414648,0.0138763,0.0647426
"01007","Bibb County","Alabama",22258,0.73012,0.210037,0.0029203,0.00476233,0.0163986,0.0357624
"01009","Blount County","Alabama",60163,0.850323,0.0191646,0.00430497,0.00477037,0.0139454,0.107491
"01011","Bullock County","Alabama",9901,0.221695,0.695384,0.00303,0.002828,0.0101,0.0669629
"01013","Butler County","Alabama",18256,0.502629,0.447195,0.0132011,0.00460123,0.0130368,0.0193361
"01015","Calhoun County","Alabama",116427,0.690673,0.222491,0.00975719,0.0038479,0.0227181,0.0505123
"01017","Chambers County","Alabama",33813,0.543134,0.386626,0.00807382,0.00260255,0.0130127,0.0465501
"01019","Cherokee County","Alabama",26138,0.906764,0.0419695,0.00462928,0.00681001,0.0190527,0.0207744
"01021","Chilton County","Alabama",47262,0.7699,0.0985993,0.00469722,0.00363929,0.0147476,0.108417
"01023","Choctaw County","Alabama",12052,0.568951,0.401095,0.00381679,0.00248921,0.0101228,0.0135247
"01025","Clarke County","Alabama",22142,0.515446,0.447611,0.00465179,0.00591636,0.0121037,0.0142715
"01027","Clay County","Alabama",14239,0.797739,0.135333,0.00400309,0.0056886,0.0221223,0.0351148
"01029","Cleburne County","Alabama",15905,0.923357,0.0291103,0.00358378,0.00402389,0.0172273,0.0226973
"01031","Coffee County","Alabama",56358,0.673551,0.161556,0.018418,0.0100429,0.0307853,0.105646
"01033","Colbert County","Alabama",58785,0.767662,0.15504,0.00942417,0.00590287,0.0215701,0.0404015
"01035","Conecuh County","Alabama",11109,0.502295,0.438383,0.00540103,0.00612116,0.0165631,0.0312359
"01037","Coosa County","Alabama",10291,0.663881,0.2818,0.00272082,0.00651054,0.0171023,0.0279856
"01039","Covington County","Alabama",37748,0.824653,0.121781,0.00598707,0.00664936,0.0188619,0.0220674
"01041","Crenshaw County","Alabama",13114,0.695135,0.231737,0.0121244,0.00739668,0.0228001,0.0308068
"01043","Cullman County","Alabama",92604,0.905944,0.0128936,0.00777504,0.00559371,0.0136495,0.0541445
"01045","Dale County","Alabama",50067,0.662073,0.209379,0.0168175,0.00699063,0.0309186,0.0738211
"01047","Dallas County","Alabama",35545,0.262906,0.704009,0.00796174,0.002532,0.01055,0.0120411
"01049","DeKalb County","Alabama",73122,0.766418,0.0156041,0.00464976,0.0122808,0.0216077,0.17944
"01051","Elmore County","Alabama",91042,0.716823,0.217131,0.00800729,0.00384438,0.0174315,0.0367633
"01053","Escambia County","Alabama",36630,0.604395,0.306607,0.0036855,0.0347802,0.0251979,0.0253344
"01055","Etowah County","Alabama",103207,0.761266,0.148856,0.00906915,0.0042439,0.0189038,0.0576608
"01057","Fayette County","Alabama",15863,0.83887,0.11095,0.00504318,0.00384543,0.0176511,0.0236399
"01059","Franklin County","Alabama",31874,0.71883,0.0365502,0.00417268,0.00505114,0.0159064,0.219489
"01061","Geneva County","Alabama",27259,0.814006,0.0878242,0.00491581,0.00924465,0.0255695,0.0584394
"01063","Greene County","Alabama",7127,0.184229,0.787989,0.00336748,0.00308685,0.0110846,0.0102427
"01065","Hale County","Alabama",15116,0.393226,0.574028,0.00403546,0.00258005,0.0105848,0.0155464
"01067","Henry County","Alabama",18141,0.713632,0.232402,0.00589824,0.00490601,0.0190177,0.0241442
"01069","Houston County","Alabama",109366,0.636459,0.271995,0.0131851,0.0041512,0.022603,0.0516065
"01071","Jackson County","Alabama",53780,0.878393,0.0323354,0.00673113,0.0130532,0.0288583,0.0406285
"01073","Jefferson County","Alabama",664744,0.476934,0.427604,0.0203522,0.00190901,0.014377,0.0588241
"01075","Lamar County","Alabama",13543,0.852396,0.103744,0.00118142,0.00287972,0.0184597,0.0213394
"01077","Lauderdale County","Alabama",97502,0.829993,0.0993621,0.0111177,0.00410248,0.0185637,0.0368608
"01079","Lawrence County","Alabama",33567,0.755921,0.0992046,0.00312807,0.0543987,0.0496619,0.0376858
"01081","Lee County","Alabama",187847,0.652973,0.221798,0.0481722,0.00249139,0.0179987,0.0565673
"01083","Limestone County","Alabama",118942,0.722697,0.145188,0.0252308,0.00549007,0.0230953,0.0782987
"01085","Lowndes County","Alabama",9485,0.255456,0.711123,0.00432261,0.00337375,0.00843437,0.0172905
"01087","Macon County","Alabama",18159,0.173027,0.778567,0.00616774,0.00275346,0.0126659,0.0268187
"01089","Madison County","Alabama",423355,0.618431,0.246183,0.0291174,0.00604457,0.0278324,0.0723908
"01091","Marengo County","Alabama",18512,0.437068,0.513343,0.00356525,0.00237684,0.0101016,0.0335458
"01093","Marion County","Alabama",29323,0.898237,0.0425604,0.00426287,0.00446748,0.0151076,0.0353647
"01095","Marshall County","Alabama",102156,0.756373,0.0285935,0.008859,0.00600063,0.0160343,0.18414
"01097","Mobile County","Alabama",412339,0.548372,0.364465,0.0229738,0.00891499,0.0183223,0.0369526
"01099","Monroe County","Alabama",19057,0.534659,0.408196,0.00697906,0.0143254,0.0200451,0.0157947
"01101","Montgomery County","Alabama",225894,0.287285,0.603947,0.0390891,0.00199651,0.0145511,0.0531311
"01103","Morgan County","Alabama",126084,0.720528,0.127098,0.00778053,0.00797088,0.0232623,0.113361
"01105","Perry County","Alabama",7719,0.27944,0.686488,0.00660707,0.00297966,0.00971628,0.0147688
"01107","Pickens County","Alabama",18508,0.526205,0.385725,0.00351199,0.00307975,0.0129674,0.0685109
"01109","Pike County","Alabama",33124,0.546733,0.376555,0.0235781,0.00630962,0.0179024,0.0289216
"01111","Randolph County","Alabama",23067,0.760654,0.177223,0.00710972,0.00459531,0.0179911,0.0324273
"01113","Russell County","Alabama",58837,0.439621,0.454578,0.00853205,0.00431701,0.0269728,0.0659789
"01117","Shelby County","Alabama",235969,0.730943,0.146265,0.0255796,0.00260627,0.0152096,0.079396
"01115","St. Clair County","Alabama",96927,0.824301,0.114179,0.0092647,0.0031467,0.0169715,0.0321376
"01119","Sumter County","Alabama",11607,0.264065,0.690704,0.0168002,0.00180925,0.0120617,0.0145602
"01121","Talladega County","Alabama",81375,0.619318,0.324154,0.00720123,0.00330568,0.0200184,0.0260031
"01123","Tallapoosa County","Alabama",40699,0.682105,0.264134,0.0057741,0.00341532,0.0132436,0.0313276
"01125","Tuscaloosa County","Alabama",241212,0.58585,0.321862,0.0193481,0.00195264,0.0128227,0.0581646
"01127","Walker County","Alabama",65260,0.868342,0.0621667,0.00520993,0.00409133,0.0171621,0.0430279
"01129","Washington County","Alabama",15018,0.656812,0.22493,0.00965508,0.0761753,0.0198429,0.0125849
"01131","Wilcox County","Alabama",9865,0.27704,0.689002,0.00253421,0.00283832,0.0146984,0.0138875
"01133","Winston County","Alabama",23869,0.916922,0.0126105,0.00444091,0.00708031,0.0169676,0.0419791
"02013","Aleutians East Borough","Alaska",3632,0.110683,0.0881057,0.437225,0.121145,0.0429515,0.19989
"02016","Aleutians West Census Area","Alaska",5424,0.257375,0.0840708,0.412426,0.0671091,0.0400074,0.139012
"02020","Anchorage Municipality","Alaska",289600,0.543646,0.0507528,0.138539,0.0879834,0.0801347,0.0989434
"02050","Bethel Census Area","Alaska",18237,0.0788507,0.0103635,0.0138729,0.837528,0.0427154,0.0166694
"02060","Bristol Bay Borough","Alaska",884,0.410633,0.010181,0.0282805,0.263575,0.204751,0.0825792
"02063","Chugach Census Area","Alaska",6604,0.663234,0.0215021,0.0775288,0.106753,0.0667777,0.0642035
"02066","Copper River Census Area","Alaska",2631,0.648043,0.0121627,0.0330673,0.185861,0.0889396,0.031927
"02068","Denali Borough","Alaska",1621,0.728563,0.0481184,0.0623072,0.0678593,0.0555213,0.0376311
"02070","Dillingham Census Area","Alaska",4642,0.149289,0.00775528,0.0116329,0.703791,0.0833692,0.044162
"02090","Fairbanks North Star Borough","Alaska",94951,0.676633,0.0458026,0.0405894,0.0773241,0.0675822,0.0920685
"02100","Haines Borough","Alaska",2104,0.748099,0.00855513,0.023289,0.0879278,0.09173,0.0403992
"02105","Hoonah-Angoon Census Area","Alaska",2312,0.460208,0.0229239,0.0151384,0.33737,0.0968858,0.067474
"02110","Juneau City and Borough","Alaska",31572,0.62755,0.0131446,0.0880527,0.108165,0.0891296,0.0739579
"02122","Kenai Peninsula Borough","Alaska",61259,0.786791,0.00822736,0.0214662,0.0775233,0.0587342,0.0472584
"02130","Ketchikan Gateway Borough","Alaska",13677,0.613804,0.0104555,0.0969511,0.130292,0.0897127,0.0587848
"02150","Kodiak Island Borough","Alaska",12654,0.463727,0.0121701,0.255018,0.108424,0.0714399,0.0892208
"02158","Kusilvak Census Area","Alaska",7946,0.0255474,0.00390133,0.00654417,0.926881,0.030959,0.00616662
"02164","Lake and Peninsula Borough","Alaska",1315,0.225856,0.0121673,0.0357414,0.565019,0.126996,0.0342205
"02170","Matanuska-Susitna Borough","Alaska",117613,0.767551,0.0129578,0.0221744,0.0646357,0.0747196,0.0579613
"02180","Nome Census Area","Alaska",9836,0.127898,0.0113867,0.0219601,0.742782,0.0717771,0.0241968
"02185","North Slope Borough","Alaska",10663,0.315015,0.0195067,0.0717434,0.487761,0.0509238,0.0550502
"02188","Northwest Arctic Borough","Alaska",7134,0.0850855,0.0120549,0.0138772,0.798991,0.0627979,0.0271937
"02195","Petersburg Borough","Alaska",3436,0.675204,0.0212456,0.0826542,0.0977881,0.0672293,0.0558789
"02198","Prince of Wales-Hyder Census Area","Alaska",5746,0.439958,0.00852767,0.020536,0.396624,0.0911939,0.0431605
"02220","Sitka City and Borough","Alaska",8355,0.605027,0.0134051,0.0888091,0.136326,0.0852184,0.0712148
"02230","Skagway Municipality","Alaska",1119,0.758713,0.0223414,0.0384272,0.051832,0.0536193,0.075067
"02240","Southeast Fairbanks Census Area","Alaska",7313,0.726378,0.0207849,0.0373308,0.103241,0.0481335,0.0641324
"02275","Wrangell City and Borough","Alaska",2064,0.605136,0.0125969,0.0397287,0.160368,0.133721,0.0484496
"02282","Yakutat City and Borough","Alaska",690,0.369565,0.0289855,0.0695652,0.331884,0.136232,0.0637681
"02290","Yukon-Koyukuk Census Area","Alaska",5099,0.214944,0.00941361,0.0286331,0.658364,0.0625613,0.0260835
"04001","Apache County","Arizona",64800,0.194198,0.00699074,0.00884259,0.705787,0.0153395,0.0688426
"04003","Cochise County","Arizona",125773,0.548623,0.0370668,0.0239797,0.00845173,0.0263173,0.355561
"04005","Coconino County","Arizona",145161,0.529281,0.0127031,0.0231605,0.249743,0.0261158,0.158996
"04007","Gila County","Arizona",54073,0.619163,0.00676863,0.00898785,0.16609,0.0132044,0.185786
"04009","Graham County","Arizona",40242,0.527558,0.0159038,0.0076537,0.114408,0.0129715,0.321505
"04011","Greenlee County","Arizona",9410,0.439107,0.0198725,0.0155154,0.0376196,0.0165781,0.471307
"04012","La Paz County","Arizona",16992,0.569444,0.0104167,0.0190678,0.112288,0.0264242,0.262359
"04013","Maricopa County","Arizona",4673096,0.520824,0.0623614,0.0547834,0.0171077,0.0257827,0.319141
"04015","Mohave County","Arizona",226479,0.748127,0.0137894,0.0162002,0.0200813,0.0207127,0.18109
"04017","Navajo County","Arizona",109516,0.434713,0.00886628,0.0090763,0.414533,0.0187461,0.114066
"04019","Pima County","Arizona",1080149,0.505559,0.0391566,0.0377902,0.0246198,0.0224451,0.370429
"04021","Pinal County","Arizona",513862,0.544329,0.0600667,0.0238332,0.0384656,0.024853,0.308452
"04023","Santa Cruz County","Arizona",50508,0.155203,0.00619704,0.00758296,0.00382118,0.00536549,0.82183
"04025","Yavapai County","Arizona",252013,0.780698,0.00849559,0.0151699,0.0139755,0.0193046,0.162357
"04027","Yuma County","Arizona",220310,0.28528,0.0181608,0.0136263,0.00968181,0.012378,0.660873
"05001","Arkansas County","Arkansas",16050,0.670343,0.251526,0.00922118,0.00342679,0.0199377,0.0455452
"05003","Ashley County","Arkansas",17984,0.671986,0.237489,0.00278025,0.00455961,0.0162923,0.0668928
"05005","Baxter County","Arkansas",43007,0.930616,0.00588276,0.00753366,0.00788244,0.0159974,0.0320878
"05007","Benton County","Arkansas",321566,0.689156,0.0208262,0.0598042,0.0133907,0.0254815,0.191342
"05009","Boone County","Arkansas",38636,0.924009,0.00546123,0.00748007,0.0083342,0.0198002,0.0349156
"05011","Bradley County","Arkansas",9935,0.533971,0.276699,0.00473075,0.00372421,0.0149975,0.165878
"05013","Calhoun County","Arkansas",4690,0.729638,0.203625,0.00341151,0.00490405,0.0268657,0.0315565
"05015","Carroll County","Arkansas",28968,0.754867,0.00783623,0.0436344,0.0100801,0.0227838,0.160798
"05017","Chicot County","Arkansas",9272,0.391178,0.517148,0.00808887,0.00280414,0.013805,0.0669758
"05019","Clark County","Arkansas",20920,0.676052,0.226291,0.0119503,0.00525813,0.0188337,0.0616157
"05021","Clay County","Arkansas",14112,0.935941,0.00921202,0.00283447,0.00588152,0.0203373,0.0257937
"05023","Cleburne County","Arkansas",25646,0.93071,0.00674569,0.00483506,0.00705763,0.0198082,0.030843
"05025","Cleveland County","Arkansas",7367,0.832632,0.105742,0.0105878,0.00515814,0.017782,0.0280983
"05027","Columbia County","Arkansas",22024,0.582274,0.351117,0.010534,0.0044951,0.0156193,0.0359608
"05029","Conway County","Arkansas",21422,0.795817,0.111287,0.00798245,0.00863598,0.0241807,0.052096
"05031","Craighead County","Arkansas",115852,0.710346,0.185573,0.0140783,0.00309878,0.0208024,0.0661016
"05033","Crawford County","Arkansas",62258,0.8109,0.0183109,0.0185036,0.024286,0.032542,0.0954576
"05035","Crittenden County","Arkansas",46633,0.379409,0.558167,0.00735531,0.00310939,0.015504,0.0364549
"05037","Cross County","Arkansas",16194,0.720267,0.226257,0.0096332,0.00382858,0.0152526,0.0247623
"05039","Dallas County","Arkansas",6076,0.51975,0.398288,0.00658328,0.00674786,0.0230415,0.0455892
"05041","Desha County","Arkansas",10321,0.425056,0.466815,0.0109486,0.00406937,0.0150179,0.0780932
"05043","Drew County","Arkansas",16935,0.647239,0.26897,0.00903454,0.00436965,0.01677,0.0536168
"05045","Faulkner County","Arkansas",131611,0.77084,0.125787,0.0136387,0.00521233,0.0241773,0.0603445
"05047","Franklin County","Arkansas",17586,0.902764,0.00966678,0.0150119,0.0161492,0.0201296,0.0362789
"05049","Fulton County","Arkansas",12546,0.928105,0.0105213,0.00446357,0.00908656,0.023912,0.023912
"05051","Garland County","Arkansas",99902,0.79619,0.0832916,0.00980961,0.0060159,0.0243639,0.0803287
"05053","Grant County","Arkansas",18546,0.90812,0.0326216,0.00652432,0.00425968,0.0161221,0.032352
"05055","Greene County","Arkansas",46928,0.904258,0.025358,0.0108464,0.00479458,0.0155344,0.039209
"05057","Hempstead County","Arkansas",19105,0.512431,0.291651,0.00607171,0.00591468,0.025072,0.158859
"05059","Hot Spring County","Arkansas",33313,0.811575,0.110407,0.00576352,0.00588359,0.0223036,0.0440669
"05061","Howard County","Arkansas",12387,0.629127,0.20021,0.00984904,0.0103334,0.0190522,0.131428
"05063","Independence County","Arkansas",38345,0.851428,0.0230017,0.0100926,0.00513757,0.0197157,0.0906246
"05065","Izard County","Arkansas",14291,0.911273,0.0295291,0.00482821,0.00727731,0.0140648,0.0330278
"05067","Jackson County","Arkansas",16673,0.752654,0.176993,0.00755713,0.00791699,0.0190728,0.0358064
"05069","Jefferson County","Arkansas",63672,0.369142,0.571193,0.0114022,0.00391067,0.0139936,0.0303587
"05071","Johnson County","Arkansas",26172,0.767423,0.0168501,0.0405395,0.00932294,0.0226196,0.143245
"05073","Lafayette County","Arkansas",6015,0.585869,0.339318,0.0081463,0.00532003,0.0179551,0.0433915
"05075","Lawrence County","Arkansas",16305,0.931432,0.0145354,0.00429316,0.00631708,0.0183379,0.0250843
"05077","Lee County","Arkansas",8104,0.400543,0.537636,0.00703356,0.00616979,0.0148075,0.0338105
"05079","Lincoln County","Arkansas",12868,0.618589,0.302844,0.00567299,0.00435188,0.014843,0.0536991
"05081","Little River County","Arkansas",11626,0.716498,0.188457,0.00653707,0.0156546,0.0267504,0.0461036
"05083","Logan County","Arkansas",21457,0.896724,0.0137018,0.0209722,0.0110453,0.0187351,0.0388218
"05085","Lonoke County","Arkansas",76389,0.833104,0.0673134,0.0113629,0.0061789,0.0238516,0.058189
"05087","Madison County","Arkansas",17865,0.866275,0.00593339,0.0202631,0.0144976,0.0191436,0.0738875
"05089","Marion County","Arkansas",17593,0.926846,0.00699142,0.00767351,0.00909453,0.0198374,0.0295572
"05091","Miller County","Arkansas",41958,0.657824,0.26057,0.00643501,0.00743601,0.0217837,0.0459507
"05093","Mississippi County","Arkansas",38095,0.569524,0.352933,0.00614254,0.00307127,0.0160914,0.0522378
"05095","Monroe County","Arkansas",6415,0.523461,0.403429,0.008106,0.00592362,0.0277475,0.0313328
"05097","Montgomery County","Arkansas",8510,0.886604,0.00834313,0.0145711,0.0137485,0.0227967,0.0539365
"05099","Nevada County","Arkansas",8004,0.622189,0.295352,0.00549725,0.0029985,0.0208646,0.0530985
"05101","Newton County","Arkansas",7026,0.92969,0.00555081,0.00540848,0.0146598,0.0283234,0.0163678
"05103","Ouachita County","Arkansas",21684,0.537216,0.401171,0.00484228,0.00401217,0.0245803,0.0281775
"05105","Perry County","Arkansas",10251,0.901961,0.0238026,0.00351185,0.00858453,0.0222417,0.0398985
"05107","Phillips County","Arkansas",14661,0.332788,0.610872,0.0124821,0.00381966,0.0149376,0.0251006
"05109","Pike County","Arkansas",10027,0.847412,0.0361025,0.00738007,0.00857684,0.0210432,0.0794854
"05111","Poinsett County","Arkansas",22300,0.840987,0.0871749,0.00381166,0.00381166,0.0246637,0.0395516
"05113","Polk County","Arkansas",19434,0.865133,0.00694659,0.0104456,0.0197077,0.0251106,0.0726562
"05115","Pope County","Arkansas",64829,0.807771,0.0318222,0.0130343,0.00715729,0.0216724,0.118543
"05117","Prairie County","Arkansas",7935,0.847133,0.101827,0.00189036,0.00441084,0.0155009,0.0292376
"05119","Pulaski County","Arkansas",401209,0.485091,0.379299,0.0253235,0.00287381,0.0219362,0.0854766
"05121","Randolph County","Arkansas",19040,0.88855,0.0139181,0.0392857,0.00672269,0.0233193,0.0282038
"05125","Saline County","Arkansas",131252,0.782594,0.103061,0.0144379,0.00447993,0.0175388,0.0778883
"05127","Scott County","Arkansas",9837,0.828098,0.0114872,0.0286673,0.021348,0.027854,0.0825455
"05129","Searcy County","Arkansas",7836,0.926365,0.00829505,0.00446656,0.0140378,0.0246299,0.0222052
"05131","Sebastian County","Arkansas",130035,0.663475,0.0656516,0.0464644,0.0205176,0.0360441,0.167847
"05133","Sevier County","Arkansas",15735,0.530219,0.0369241,0.0244677,0.0214172,0.0243406,0.362631
"05135","Sharp County","Arkansas",18130,0.920629,0.013348,0.00672918,0.0102592,0.0210149,0.0280199
"05123","St. Francis County","Arkansas",21822,0.394327,0.532673,0.00650719,0.00600312,0.0166346,0.0438548
"05137","Stone County","Arkansas",12785,0.933516,0.00696128,0.00555338,0.0100117,0.0188502,0.0251075
"05139","Union County","Arkansas",37008,0.59398,0.326659,0.00894401,0.00343169,0.0164019,0.0505837
"05141","Van Buren County","Arkansas",16152,0.918772,0.00792472,0.00693413,0.0089153,0.02105,0.0364042
"05143","Washington County","Arkansas",266184,0.675168,0.037429,0.0576368,0.011075,0.0271654,0.191525
"05145","White County","Arkansas",79091,0.863904,0.0464022,0.0084839,0.00590459,0.0221896,0.053116
"05147","Woodruff County","Arkansas",5808,0.699036,0.24053,0.00447658,0.00378788,0.02927,0.0228994
"05149","Yell County","Arkansas",20134,0.722807,0.0183769,0.0162909,0.00809576,0.0149995,0.21943
"06001","Alameda County","California",1649060,0.270657,0.0938686,0.354763,0.00235164,0.042842,0.235517
"06003","Alpine County","California",1099,0.618744,0.010919,0.0209281,0.181984,0.0363967,0.131028
"06005","Amador County","California",42026,0.738971,0.0283396,0.01994,0.0135154,0.0286013,0.170632
"06007","Butte County","California",208334,0.656268,0.0181055,0.0591358,0.0150624,0.0418943,0.209534
"06009","Calaveras County","California",46505,0.762993,0.00931083,0.0229223,0.0119987,0.0360606,0.156714
"06011","Colusa County","California",22074,0.301984,0.00996648,0.017396,0.0137266,0.0151309,0.641796
"06013","Contra Costa County","California",1172607,0.376488,0.0833536,0.211141,0.00259848,0.0440565,0.282362
"06015","Del Norte County","California",27009,0.607538,0.0312859,0.0320264,0.0748639,0.0427635,0.211522
"06017","El Dorado County","California",192823,0.738755,0.0093661,0.0579028,0.00725017,0.035919,0.150807
"06019","Fresno County","California",1024125,0.257559,0.0461086,0.116573,0.00557061,0.0207846,0.553404
"06021","Glenn County","California",28304,0.4605,0.00784341,0.0263567,0.0168881,0.0217637,0.466648
"06023","Humboldt County","California",132380,0.705907,0.0124566,0.0323992,0.0510802,0.0517752,0.146382
"06025","Imperial County","California",181724,0.0862187,0.0220664,0.0129592,0.00678501,0.00561841,0.866352
"06027","Inyo County","California",18485,0.583987,0.00968353,0.0194212,0.109656,0.0272113,0.250041
"06029","Kern County","California",922529,0.292376,0.0500104,0.0538986,0.00550335,0.0201067,0.578105
"06031","Kings County","California",154913,0.272191,0.060137,0.0401709,0.00854673,0.0232453,0.595709
"06033","Lake County","California",67764,0.638746,0.0180184,0.016587,0.0258397,0.0366714,0.264137
"06035","Lassen County","California",28340,0.627558,0.0614679,0.0254058,0.0266408,0.0355328,0.223394
"06037","Los Angeles County","California",9757179,0.24954,0.0779436,0.159014,0.00187216,0.0239596,0.48767
"06039","Madera County","California",165432,0.295022,0.0295771,0.0288396,0.00978045,0.0169556,0.619826
"06041","Marin County","California",256400,0.663136,0.0253783,0.070468,0.00187207,0.0351755,0.20397
"06043","Mariposa County","California",17048,0.745542,0.013198,0.0214688,0.0236978,0.0334937,0.1626
"06045","Mendocino County","California",89175,0.609408,0.00761424,0.0251752,0.0378918,0.0291449,0.290765
"06047","Merced County","California",296774,0.224666,0.0285166,0.0777258,0.00389522,0.0191425,0.646054
"06049","Modoc County","California",8491,0.736073,0.0113061,0.014957,0.0327405,0.037687,0.167236
"06051","Mono County","California",12991,0.64283,0.00885228,0.0236317,0.0181664,0.0232469,0.283273
"06053","Monterey County","California",436251,0.26366,0.0218154,0.0606852,0.0026636,0.0225856,0.62859
"06055","Napa County","California",132727,0.484144,0.0197774,0.0947057,0.00354864,0.0253528,0.372471
"06057","Nevada County","California",102195,0.824258,0.00651695,0.0186017,0.0076129,0.0297373,0.113274
"06059","Orange County","California",3170435,0.366872,0.0174162,0.240511,0.00189564,0.0303132,0.342992
"06061","Placer County","California",433822,0.659794,0.0210709,0.106959,0.00517263,0.0440711,0.162933
"06063","Plumas County","California",18834,0.817511,0.00976957,0.0116279,0.0206541,0.0344059,0.106032
"06065","Riverside County","California",2529933,0.30239,0.063642,0.07921,0.00449459,0.0254995,0.524764
"06067","Sacramento County","California",1611231,0.40171,0.0941491,0.198562,0.00459711,0.0551522,0.245829
"06069","San Benito County","California",69159,0.277361,0.0129412,0.0528348,0.00348472,0.0192744,0.634104
"06071","San Bernardino County","California",2214281,0.237383,0.0794578,0.092397,0.00365762,0.0227663,0.564338
"06073","San Diego County","California",3298799,0.424116,0.0463681,0.135091,0.00406663,0.0378889,0.352469
"06075","San Francisco County","California",827526,0.370289,0.0499598,0.369765,0.00206519,0.0400809,0.16784
"06077","San Joaquin County","California",816108,0.257282,0.0691367,0.203404,0.00407544,0.0360393,0.430062
"06079","San Luis Obispo County","California",281843,0.652761,0.0140894,0.0420837,0.00455218,0.028122,0.258392
"06081","San Mateo County","California",742893,0.345786,0.0214674,0.342598,0.00139993,0.0388468,0.249901
"06083","Santa Barbara County","California",444500,0.402711,0.016243,0.0589786,0.00392351,0.0251699,0.492974
"06085","Santa Clara County","California",1926325,0.264874,0.0236938,0.42953,0.00195917,0.0322183,0.247724
"06087","Santa Cruz County","California",262406,0.545365,0.0101217,0.0526512,0.00394427,0.0324459,0.355472
"06089","Shasta County","California",181121,0.758902,0.0117932,0.0387034,0.0225043,0.0416075,0.12649
"06091","Sierra County","California",3113,0.813685,0.00353357,0.00995824,0.0218439,0.0279473,0.123032
"06093","Siskiyou County","California",42498,0.735188,0.0125418,0.0221893,0.0394136,0.0482611,0.142407
"06095","Solano County","California",455101,0.324862,0.128563,0.178242,0.0039266,0.0553591,0.309048
"06097","Sonoma County","California",485375,0.581596,0.0170672,0.0529632,0.00665671,0.0315694,0.310148
"06099","Stanislaus County","California",556972,0.351976,0.0276531,0.0702639,0.00473453,0.0298758,0.515496
"06101","Sutter County","California",98545,0.402395,0.0206099,0.190735,0.00858491,0.0390989,0.338576
"06103","Tehama County","California",64451,0.619773,0.00861119,0.0155622,0.0176568,0.0305659,0.307831
"06105","Trinity County","California",15642,0.805588,0.00677663,0.0294719,0.0402122,0.0504411,0.0675105
"06107","Tulare County","California",483546,0.251083,0.0139801,0.0362447,0.00669016,0.0147763,0.677226
"06109","Tuolumne County","California",53893,0.776557,0.017609,0.0171265,0.0152896,0.0291318,0.144286
"06111","Ventura County","California",835427,0.416966,0.0182422,0.0818168,0.00284525,0.0267995,0.45333
"06113","Yolo County","California",225251,0.415687,0.0273739,0.171187,0.00455936,0.0476002,0.333592
"06115","Yuba County","California",87469,0.473916,0.0452846,0.0913009,0.0130789,0.0514811,0.324938
"08001","Adams County","Colorado",542973,0.446282,0.038838,0.0486028,0.00554908,0.0237544,0.436974
"08003","Alamosa County","Colorado",16689,0.452094,0.0136018,0.0109054,0.0144406,0.0192342,0.489724
"08005","Arapahoe County","Colorado",666918,0.54694,0.112449,0.0724662,0.00407546,0.0356266,0.228443
"08007","Archuleta County","Colorado",14112,0.774306,0.00722789,0.00836168,0.0165108,0.0202664,0.173328
"08009","Baca County","Colorado",3367,0.825661,0.010692,0.00504901,0.018414,0.029997,0.110187
"08011","Bent County","Colorado",5779,0.560997,0.0693892,0.0143623,0.0143623,0.0122859,0.328604
"08013","Boulder County","Colorado",330262,0.753759,0.0111548,0.055998,0.00396655,0.0252497,0.149872
"08014","Broomfield County","Colorado",78323,0.728036,0.0158957,0.0795424,0.00417502,0.0243479,0.148003
"08015","Chaffee County","Colorado",20780,0.847594,0.0172281,0.00991338,0.0103465,0.0144851,0.100433
"08017","Cheyenne County","Colorado",1712,0.810164,0.0140187,0.021028,0.0110981,0.0186916,0.125
"08019","Clear Creek County","Colorado",9076,0.863156,0.0110181,0.0125606,0.00848391,0.0221463,0.0826355
"08021","Conejos County","Colorado",7549,0.464432,0.00834548,0.00675586,0.0100676,0.0148364,0.495562
"08023","Costilla County","Colorado",3686,0.386327,0.0255019,0.0165491,0.0208899,0.0189908,0.531742
"08025","Crowley County","Colorado",5600,0.549821,0.106429,0.0135714,0.0176786,0.0141071,0.298393
"08027","Custer County","Colorado",5553,0.904376,0.00936431,0.00432199,0.00864398,0.0187286,0.0545651
"08029","Delta County","Colorado",32215,0.808288,0.00611516,0.0102126,0.00744995,0.0167934,0.151141
"08031","Denver County","Colorado",729019,0.545894,0.0923145,0.0467121,0.00488327,0.0276248,0.282572
"08033","Dolores County","Colorado",2467,0.837454,0.0178354,0.00648561,0.0283745,0.0247264,0.0851236
"08035","Douglas County","Colorado",393995,0.772599,0.0189317,0.0712979,0.00312441,0.0268227,0.107225
"08037","Eagle County","Colorado",54330,0.647911,0.0101969,0.0152218,0.00340512,0.0140806,0.309185
"08041","El Paso County","Colorado",752772,0.658194,0.0613864,0.0366804,0.00585171,0.0423063,0.195581
"08039","Elbert County","Colorado",29382,0.841502,0.0136818,0.0126948,0.00663672,0.0211694,0.104316
"08043","Fremont County","Colorado",50093,0.783722,0.0400854,0.0094624,0.0127363,0.0157507,0.138243
"08045","Garfield County","Colorado",63167,0.627274,0.00753558,0.00967277,0.004591,0.0139946,0.336932
"08047","Gilpin County","Colorado",5963,0.846889,0.0149254,0.0197887,0.00989435,0.0357203,0.0727822
"08049","Grand County","Colorado",16154,0.850192,0.0126904,0.0100904,0.00532376,0.0151665,0.106537
"08051","Gunnison County","Colorado",17310,0.853726,0.0073368,0.0103408,0.00710572,0.0164067,0.105084
"08053","Hinsdale County","Colorado",747,0.888889,0.00669344,0.00803213,0.0120482,0.021419,0.0629183
"08055","Huerfano County","Colorado",6988,0.645106,0.00958786,0.00915856,0.0130223,0.0190326,0.304093
"08057","Jackson County","Colorado",1273,0.828751,0.00471328,0.00471328,0.0125687,0.0102121,0.139042
"08059","Jefferson County","Colorado",578533,0.758876,0.0137866,0.0347793,0.00503515,0.0215718,0.165951
"08061","Kiowa County","Colorado",1392,0.864224,0.00862069,0.00502874,0.00574713,0.0193966,0.0969828
"08063","Kit Carson County","Colorado",7080,0.739124,0.00974576,0.00918079,0.00649718,0.0189266,0.216525
"08067","La Plata County","Colorado",56823,0.782465,0.00571951,0.00865847,0.0539746,0.0182497,0.130933
"08065","Lake County","Colorado",7369,0.610395,0.00800651,0.0101778,0.0101778,0.0162844,0.344959
"08069","Larimer County","Colorado",374574,0.797146,0.0120617,0.0278904,0.00453048,0.0245666,0.133805
"08071","Las Animas County","Colorado",14518,0.544083,0.0208018,0.0192864,0.0144648,0.0161179,0.385246
"08073","Lincoln County","Colorado",5598,0.738478,0.0543051,0.0148267,0.0119686,0.0196499,0.160772
"08075","Logan County","Colorado",20755,0.749651,0.0324741,0.00978078,0.010118,0.0141653,0.183811
"08077","Mesa County","Colorado",161260,0.795479,0.00763984,0.0122225,0.00626938,0.0189136,0.159475
"08079","Mineral County","Colorado",933,0.903537,0.00750268,0.00428725,0.00428725,0.0182208,0.0621651
"08081","Moffat County","Colorado",13142,0.780703,0.00852229,0.00776138,0.00859839,0.0180338,0.176381
"08083","Montezuma County","Colorado",26841,0.709735,0.0104691,0.0123319,0.116277,0.0224284,0.128758
"08085","Montrose County","Colorado",44806,0.742088,0.00578048,0.00888274,0.00707495,0.0156675,0.220506
"08087","Morgan County","Colorado",30300,0.531815,0.0355776,0.00881188,0.00471947,0.0122112,0.406865
"08089","Otero County","Colorado",17991,0.528486,0.0107832,0.00944917,0.00772609,0.0161192,0.427436
"08091","Ouray County","Colorado",5197,0.887435,0.00481047,0.0123148,0.00654224,0.0163556,0.0725419
"08093","Park County","Colorado",18316,0.867547,0.00944529,0.0104826,0.00824416,0.0236951,0.0805853
"08095","Phillips County","Colorado",4488,0.684938,0.00713012,0.00646168,0.00534759,0.0122549,0.283868
"08097","Pitkin County","Colorado",16643,0.833684,0.0103347,0.0209097,0.00234333,0.0139999,0.118729
"08099","Prowers County","Colorado",11957,0.540855,0.00953416,0.00535251,0.00844693,0.0149703,0.420841
"08101","Pueblo County","Colorado",169866,0.514276,0.0216582,0.0115385,0.00704084,0.018856,0.42663
"08103","Rio Blanco County","Colorado",6607,0.834418,0.0128651,0.00771909,0.0104435,0.0225518,0.112002
"08105","Rio Grande County","Colorado",11132,0.548239,0.00916277,0.00449156,0.0128458,0.0130255,0.412235
"08107","Routt County","Colorado",25243,0.864319,0.0111714,0.0104187,0.00273343,0.0133502,0.0980074
"08109","Saguache County","Colorado",6670,0.573163,0.0103448,0.0101949,0.0161919,0.0205397,0.369565
"08111","San Juan County","Colorado",821,0.807552,0.00243605,0.00609013,0.00852619,0.0219245,0.153471
"08113","San Miguel County","Colorado",7819,0.829646,0.00741783,0.0135567,0.00818519,0.016882,0.124313
"08115","Sedgwick County","Colorado",2257,0.786442,0.00753212,0.0101905,0.00443066,0.0243686,0.167036
"08117","Summit County","Colorado",30882,0.770287,0.0145716,0.021566,0.00284956,0.0131792,0.177547
"08119","Teller County","Colorado",24862,0.858941,0.017215,0.0108197,0.00836618,0.0230472,0.0816105
"08121","Washington County","Colorado",4771,0.823098,0.0142528,0.00775519,0.00398239,0.0213792,0.129533
"08123","Weld County","Colorado",369745,0.617896,0.0155161,0.0232187,0.00483577,0.018483,0.32005
"08125","Yuma County","Colorado",10048,0.648288,0.00417994,0.00378185,0.00388137,0.00925557,0.330613
"09110","Capitol Planning Region","Connecticut",991508,0.600853,0.126732,0.0671331,0.00176398,0.0204255,0.183092
"09120","Greater Bridgeport Planning Region","Connecticut",335666,0.522808,0.130585,0.0543695,0.00135253,0.0153218,0.275563
"09130","Lower Connecticut River Valley Planning Region","Connecticut",177540,0.801487,0.0537231,0.0352371,0.00222485,0.0207052,0.0866227
"09140","Naugatuck Valley Planning Region","Connecticut",462220,0.596086,0.12448,0.0442019,0.00180217,0.0191554,0.214275
"09150","Northeastern Connecticut Planning Region","Connecticut",97701,0.874648,0.021443,0.0169497,0.00444212,0.023183,0.0593341
"09160","Northwest Hills Planning Region","Connecticut",114101,0.821605,0.0337683,0.0265379,0.00197194,0.0168623,0.0992542
"09170","South Central Connecticut Planning Region","Connecticut",576718,0.580512,0.139602,0.0517463,0.00176516,0.0213744,0.205
"09180","Southeastern Connecticut Planning Region","Connecticut",282602,0.708785,0.0559515,0.0406225,0.00736371,0.0306898,0.156588
"09190","Western Connecticut Planning Region","Connecticut",637013,0.599492,0.102062,0.0622421,0.00145366,0.0169369,0.217813
"10001","Kent County","Delaware",192690,0.554922,0.291432,0.0259536,0.00512222,0.037345,0.085225
"10003","New Castle County","Delaware",588093,0.517411,0.261284,0.0685436,0.00194357,0.0256949,0.125123
"10005","Sussex County","Delaware",271134,0.732243,0.106925,0.0149631,0.00361814,0.0212515,0.120999
"11001","District of Columbia","District of Columbia",702250,0.374445,0.416507,0.0533984,0.00197223,0.0277536,0.125924
"12001","Alachua County","Florida",291782,0.577904,0.192133,0.0687637,0.00229281,0.0268351,0.132071
"12003","Baker County","Florida",29325,0.787621,0.128696,0.00941176,0.00446718,0.0217903,0.0480136
"12005","Bay County","Florida",199718,0.715689,0.116364,0.0250754,0.0056029,0.0317347,0.105534
"12007","Bradford County","Florida",28075,0.741407,0.171719,0.00715939,0.00495102,0.019911,0.0548531
"12009","Brevard County","Florida",658447,0.703975,0.104623,0.029237,0.00320299,0.0258943,0.133068
"12011","Broward County","Florida",2037472,0.31387,0.282199,0.04051,0.00187536,0.017508,0.344038
"12013","Calhoun County","Florida",13278,0.773385,0.119822,0.00986594,0.0129538,0.0256816,0.0582919
"12015","Charlotte County","Florida",212122,0.816054,0.0577215,0.0170421,0.0027767,0.0153025,0.0911032
"12017","Citrus County","Florida",170174,0.851246,0.0310388,0.0164655,0.00367859,0.018011,0.0795597
"12019","Clay County","Florida",236760,0.675317,0.134791,0.0339373,0.00380977,0.0302458,0.1219
"12021","Collier County","Florida",416233,0.607453,0.0668063,0.0172692,0.00187155,0.0101554,0.296445
"12023","Columbia County","Florida",73977,0.702543,0.16812,0.0127202,0.00506914,0.0219122,0.089636
"12027","DeSoto County","Florida",36744,0.546838,0.122605,0.00606902,0.00307533,0.0123013,0.309112
"12029","Dixie County","Florida",17614,0.828489,0.0866924,0.00590439,0.00573408,0.0214602,0.0517202
"12031","Duval County","Florida",1055159,0.487137,0.292328,0.0540023,0.00300713,0.0280479,0.135478
"12033","Escambia County","Florida",331275,0.625529,0.219455,0.0358071,0.00723568,0.0356833,0.0762901
"12035","Flagler County","Florida",136744,0.726869,0.0956532,0.0275405,0.00285936,0.02033,0.126748
"12037","Franklin County","Florida",12979,0.804376,0.101626,0.00508514,0.00485399,0.0218815,0.0621774
"12039","Gadsden County","Florida",44151,0.316097,0.525854,0.00674956,0.00267265,0.0117551,0.136871
"12041","Gilchrist County","Florida",20233,0.842189,0.0373153,0.00598033,0.00395394,0.0200168,0.0905451
"12043","Glades County","Florida",13132,0.539141,0.13844,0.00799574,0.0312214,0.0135547,0.269647
"12045","Gulf County","Florida",15876,0.770786,0.134669,0.00642479,0.00648778,0.0248173,0.0568153
"12047","Hamilton County","Florida",14334,0.542975,0.2988,0.007395,0.00788335,0.0204409,0.122506
"12049","Hardee County","Florida",26068,0.4616,0.0749578,0.0137333,0.00379776,0.0164953,0.429415
"12051","Hendry County","Florida",46130,0.272686,0.0986993,0.0133969,0.0109473,0.00843269,0.595838
"12053","Hernando County","Florida",218150,0.713697,0.0581206,0.0159523,0.00316296,0.0205868,0.18848
"12055","Highlands County","Florida",109778,0.62733,0.100111,0.0162328,0.00442712,0.0151943,0.236705
"12057","Hillsborough County","Florida",1581426,0.445325,0.161753,0.0517773,0.00217335,0.0227737,0.316197
"12059","Holmes County","Florida",19876,0.852485,0.0624874,0.00825116,0.0107164,0.0254075,0.040652
"12061","Indian River County","Florida",172139,0.728324,0.0867439,0.0188278,0.00230628,0.0161381,0.14766
"12063","Jackson County","Florida",49980,0.646679,0.256443,0.00788315,0.00726291,0.0219488,0.0597839
"12065","Jefferson County","Florida",15921,0.614974,0.298222,0.0074744,0.0037058,0.0185918,0.0570316
"12067","Lafayette County","Florida",8640,0.720602,0.135069,0.00405093,0.00416667,0.0181713,0.11794
"12069","Lake County","Florida",444204,0.631347,0.115719,0.0275662,0.0030414,0.0193132,0.203013
"12071","Lee County","Florida",860959,0.609681,0.0833733,0.0191612,0.00206398,0.0144304,0.271291
"12073","Leon County","Florida",300488,0.532441,0.311477,0.042411,0.00248928,0.0247597,0.0864228
"12075","Levy County","Florida",47765,0.762609,0.0893332,0.009463,0.00521302,0.0202031,0.113179
"12077","Liberty County","Florida",7955,0.707354,0.178253,0.00490258,0.010308,0.0202388,0.0789441
"12079","Madison County","Florida",18364,0.556251,0.351285,0.00533653,0.00664343,0.0163908,0.0640928
"12081","Manatee County","Florida",458352,0.679999,0.081985,0.0269051,0.00197883,0.0174582,0.191674
"12083","Marion County","Florida",428905,0.640538,0.123622,0.0204917,0.00325713,0.0183724,0.193719
"12085","Martin County","Florida",165666,0.747625,0.0498594,0.0161952,0.00225152,0.0137988,0.17027
"12086","Miami-Dade County","Florida",2838461,0.135219,0.13652,0.0169039,0.000905068,0.00748187,0.70297
"12087","Monroe County","Florida",80908,0.637341,0.0684728,0.0157463,0.00344836,0.0150047,0.259987
"12089","Nassau County","Florida",104376,0.838449,0.0634054,0.0129819,0.00334368,0.0174944,0.0643251
"12091","Okaloosa County","Florida",220483,0.697482,0.0965698,0.0354993,0.00533374,0.0416449,0.12347
"12093","Okeechobee County","Florida",42369,0.61578,0.0771319,0.0098657,0.00996011,0.0135712,0.273691
"12095","Orange County","Florida",1533646,0.372423,0.195764,0.0603249,0.00199655,0.020002,0.349489
"12097","Osceola County","Florida",468058,0.266232,0.106442,0.0330237,0.0020318,0.0156647,0.576606
"12099","Palm Beach County","Florida",1582055,0.503732,0.190562,0.0320305,0.00167251,0.0155962,0.256408
"12101","Pasco County","Florida",659114,0.655808,0.0713109,0.0435372,0.00262777,0.0227851,0.203931
"12103","Pinellas County","Florida",965870,0.717393,0.100563,0.0396575,0.00230052,0.0217969,0.118289
"12105","Polk County","Florida",852878,0.486877,0.152229,0.0212867,0.00263813,0.0189476,0.318021
"12107","Putnam County","Florida",77301,0.699823,0.151266,0.00836988,0.00464418,0.0182274,0.11767
"12113","Santa Rosa County","Florida",207653,0.795346,0.0628115,0.0251862,0.00709356,0.0351066,0.0744559
"12115","Sarasota County","Florida",476604,0.803537,0.0417747,0.0228701,0.0018464,0.0149264,0.115045
"12117","Seminole County","Florida",494605,0.539194,0.121345,0.0598356,0.00225635,0.0233297,0.254039
"12109","St. Johns County","Florida",334928,0.776436,0.0524531,0.0502586,0.00222734,0.0211926,0.0974329
"12111","St. Lucie County","Florida",390670,0.497614,0.227443,0.0202242,0.00207336,0.0196176,0.233028
"12119","Sumter County","Florida",154693,0.83687,0.0666093,0.0131939,0.00267627,0.00976127,0.0708888
"12121","Suwannee County","Florida",47536,0.721832,0.119299,0.0075101,0.00429148,0.020069,0.126998
"12123","Taylor County","Florida",21843,0.720505,0.191549,0.00810328,0.00924781,0.02344,0.0471547
"12125","Union County","Florida",15738,0.706062,0.202948,0.00724361,0.00387597,0.0209048,0.0589656
"12127","Volusia County","Florida",602772,0.671133,0.108066,0.0222091,0.00278381,0.0203593,0.175449
"12129","Wakulla County","Florida",37115,0.771602,0.136818,0.0088374,0.00608918,0.0230635,0.0535902
"12131","Walton County","Florida",89666,0.8145,0.0470635,0.0150893,0.00607811,0.0235206,0.0937479
"12133","Washington County","Florida",26503,0.768668,0.135079,0.0104894,0.0126023,0.0290533,0.0441082
"13001","Appling County","Georgia",18669,0.668649,0.186245,0.00840966,0.00214259,0.0181584,0.116396
"13003","Atkinson County","Georgia",8435,0.518435,0.151512,0.00723177,0.00497925,0.0215768,0.296266
"13005","Bacon County","Georgia",11045,0.710457,0.168493,0.0105025,0.00126754,0.0193753,0.0899049
"13007","Baker County","Georgia",2732,0.492679,0.396413,0.0164714,0.00585652,0.0204978,0.068082
"13009","Baldwin County","Georgia",43644,0.517368,0.416735,0.0176886,0.0019934,0.0153515,0.0308633
"13011","Banks County","Georgia",20318,0.844817,0.0341077,0.017423,0.00295305,0.0188011,0.0818978
"13013","Barrow County","Georgia",96294,0.598158,0.157829,0.0461296,0.00218082,0.0214863,0.174216
"13015","Bartow County","Georgia",117508,0.733048,0.115158,0.0144075,0.00311468,0.0216751,0.112597
"13017","Ben Hill County","Georgia",16945,0.530894,0.365949,0.00843907,0.0044851,0.0152847,0.0749484
"13019","Berrien County","Georgia",18666,0.783349,0.117593,0.0105004,0.00460731,0.0167685,0.067181
"13021","Bibb County","Georgia",157056,0.340923,0.565365,0.0232083,0.00205659,0.0165864,0.0518605
"13023","Bleckley County","Georgia",12626,0.681134,0.247743,0.0125139,0.00142563,0.017662,0.0395216
"13025","Brantley County","Georgia",18795,0.899654,0.0440011,0.00409683,0.0047353,0.0189412,0.0285714
"13027","Brooks County","Georgia",16344,0.544787,0.345509,0.0145619,0.00409936,0.0148678,0.0761747
"13029","Bryan County","Georgia",51105,0.694824,0.150005,0.031856,0.00277859,0.0311124,0.0894237
"13031","Bulloch County","Georgia",85454,0.620182,0.286786,0.0153299,0.00282023,0.0216374,0.053245
"13033","Burke County","Georgia",24472,0.482347,0.449575,0.00780484,0.00478097,0.0176937,0.0377983
"13035","Butts County","Georgia",27127,0.639842,0.284698,0.00704096,0.00298595,0.020828,0.044605
"13037","Calhoun County","Georgia",5441,0.332843,0.613306,0.0112112,0.00165411,0.0126815,0.0283036
"13039","Camden County","Georgia",59099,0.688556,0.176653,0.0176145,0.00461937,0.0308635,0.0816934
"13043","Candler County","Georgia",11130,0.593621,0.250045,0.00799641,0.00188679,0.017071,0.12938
"13045","Carroll County","Georgia",129911,0.664424,0.202085,0.0118312,0.00266336,0.0248247,0.0941722
"13047","Catoosa County","Georgia",68940,0.876327,0.0350885,0.0177546,0.00398898,0.0214824,0.0453583
"13049","Charlton County","Georgia",13021,0.554259,0.249981,0.00921588,0.0144382,0.0246525,0.147454
"13051","Chatham County","Georgia",307336,0.458134,0.393986,0.0354368,0.00206614,0.0218556,0.088522
"13053","Chattahoochee County","Georgia",8548,0.555569,0.178638,0.0367337,0.00924193,0.0355639,0.184254
"13055","Chattooga County","Georgia",25306,0.811823,0.0951158,0.00675729,0.00304276,0.0196001,0.0636608
"13057","Cherokee County","Georgia",293513,0.739395,0.0779114,0.0318078,0.00201695,0.0202478,0.128621
"13059","Clarke County","Georgia",129995,0.546875,0.262825,0.0426863,0.00157698,0.02037,0.125666
"13061","Clay County","Georgia",2815,0.366963,0.57833,0.0184725,0.0035524,0.0127886,0.0198934
"13063","Clayton County","Georgia",297703,0.0757601,0.701488,0.0519209,0.0015586,0.0201174,0.149155
"13065","Clinch County","Georgia",6871,0.639936,0.265027,0.00698588,0.00640373,0.0245961,0.0570514
"13067","Cobb County","Georgia",787538,0.476192,0.278916,0.0609786,0.00153516,0.0244268,0.157952
"13069","Coffee County","Georgia",43851,0.547673,0.276231,0.00816401,0.00298739,0.0168525,0.148092
"13071","Colquitt County","Georgia",46977,0.517551,0.227218,0.00949401,0.00240543,0.0123039,0.231028
"13073","Columbia County","Georgia",167472,0.624134,0.207521,0.0515609,0.00315874,0.0311634,0.0824615
"13075","Cook County","Georgia",17984,0.604259,0.274133,0.00900801,0.00400356,0.0197398,0.0888568
"13077","Coweta County","Georgia",158233,0.663591,0.199396,0.0251907,0.00248368,0.0215252,0.0878135
"13079","Crawford County","Georgia",12349,0.71852,0.205766,0.00728804,0.00510163,0.0202446,0.0430804
"13081","Crisp County","Georgia",19468,0.480224,0.451048,0.00975961,0.00282515,0.01654,0.0396035
"13083","Dade County","Georgia",16068,0.916293,0.0169903,0.01058,0.00522778,0.0178616,0.0330471
"13085","Dawson County","Georgia",33748,0.846272,0.0218976,0.0290091,0.00355577,0.0157343,0.0835309
"13087","Decatur County","Georgia",29391,0.478684,0.423021,0.00615835,0.00275595,0.0131673,0.0762138
"13089","DeKalb County","Georgia",770307,0.285151,0.516206,0.0674809,0.00132155,0.021594,0.108246
"13091","Dodge County","Georgia",19630,0.633367,0.298981,0.00585838,0.00285278,0.017728,0.0412124
"13093","Dooly County","Georgia",11186,0.416235,0.465314,0.00893975,0.00259253,0.0121581,0.0947613
"13095","Dougherty County","Georgia",82418,0.220389,0.716215,0.00907569,0.00222039,0.014293,0.0378073
"13097","Douglas County","Georgia",151887,0.288636,0.533699,0.0176644,0.00248869,0.0253017,0.13221
"13099","Early County","Georgia",10444,0.429912,0.521256,0.0076599,0.00459594,0.0148411,0.021735
"13101","Echols County","Georgia",3698,0.575987,0.0616549,0.0124392,0.0132504,0.0267712,0.309897
"13103","Effingham County","Georgia",73148,0.723738,0.161891,0.0141357,0.00298026,0.0225433,0.0747115
"13105","Elbert County","Georgia",20152,0.630806,0.272678,0.0132989,0.00233227,0.0162763,0.064609
"13107","Emanuel County","Georgia",23224,0.58164,0.342447,0.00783672,0.00305718,0.0133052,0.0517137
"13109","Evans County","Georgia",10869,0.550005,0.292943,0.00855644,0.00220811,0.0163769,0.129911
"13111","Fannin County","Georgia",25854,0.926394,0.00955365,0.00773575,0.00409995,0.01493,0.0372863
"13113","Fayette County","Georgia",125107,0.55343,0.273038,0.0558402,0.00224608,0.0228045,0.0926407
"13115","Floyd County","Georgia",101390,0.683766,0.143693,0.0165697,0.0026334,0.0204951,0.132843
"13117","Forsyth County","Georgia",280096,0.593664,0.0459628,0.237347,0.00218854,0.0189614,0.101876
"13119","Franklin County","Georgia",25208,0.801095,0.0940574,0.0235639,0.00241987,0.0202713,0.0585925
"13121","Fulton County","Georgia",1090354,0.369215,0.43772,0.0865508,0.00128399,0.0216609,0.0835692
"13123","Gilmer County","Georgia",33327,0.836139,0.0102619,0.00792151,0.00402076,0.0124224,0.129235
"13125","Glascock County","Georgia",3008,0.862035,0.0854388,0.00398936,0.00731383,0.0196144,0.021609
"13127","Glynn County","Georgia",86540,0.625168,0.252138,0.0192512,0.00300439,0.0178646,0.0825745
"13129","Gordon County","Georgia",60765,0.748375,0.0452563,0.0157821,0.00278121,0.0183165,0.169489
"13131","Grady County","Georgia",26271,0.554109,0.277606,0.00639488,0.00612843,0.0138556,0.141906
"13133","Greene County","Georgia",21091,0.614148,0.280688,0.0130387,0.00260775,0.0142241,0.0752928
"13135","Gwinnett County","Georgia",1003869,0.290952,0.291318,0.14665,0.00144939,0.0244833,0.245148
"13137","Habersham County","Georgia",49665,0.74779,0.0377731,0.0239001,0.002537,0.0170945,0.170905
"13139","Hall County","Georgia",221745,0.572495,0.0799387,0.028853,0.00170466,0.0147331,0.302275
"13141","Hancock County","Georgia",8683,0.288264,0.672579,0.0109409,0.00357019,0.0105954,0.0140504
"13143","Haralson County","Georgia",32404,0.888255,0.0518455,0.0091964,0.00320948,0.0215714,0.0259227
"13145","Harris County","Georgia",36929,0.739879,0.165913,0.0148122,0.0038723,0.0217444,0.0537789
"13147","Hart County","Georgia",28052,0.742906,0.174283,0.0139384,0.00206759,0.0178597,0.0489448
"13149","Heard County","Georgia",12119,0.840746,0.0940672,0.00519845,0.00429078,0.0235993,0.0320984
"13151","Henry County","Georgia",259315,0.289339,0.560862,0.0350076,0.0020747,0.0249542,0.087762
"13153","Houston County","Georgia",174897,0.502604,0.350772,0.0332024,0.00263584,0.0298747,0.0809105
"13155","Irwin County","Georgia",9155,0.662152,0.23681,0.00851993,0.00196614,0.016166,0.0743856
"13157","Jackson County","Georgia",93825,0.727919,0.0903491,0.032049,0.00192912,0.0187477,0.129006
"13159","Jasper County","Georgia",17219,0.756664,0.163366,0.00505256,0.00342645,0.0170161,0.0544747
"13161","Jeff Davis County","Georgia",15119,0.675309,0.149481,0.00767247,0.0028441,0.018189,0.146504
"13163","Jefferson County","Georgia",15019,0.433384,0.501964,0.00592583,0.00246355,0.0149144,0.0413476
"13165","Jenkins County","Georgia",8836,0.507469,0.416252,0.0121096,0.0033952,0.0157311,0.045043
"13167","Johnson County","Georgia",9178,0.615276,0.346808,0.00533885,0.00228808,0.0144912,0.0157986
"13169","Jones County","Georgia",29047,0.688057,0.259717,0.00654112,0.003064,0.0164905,0.0261301
"13171","Lamar County","Georgia",20690,0.666119,0.264766,0.00811986,0.00212663,0.0206863,0.0381827
"13173","Lanier County","Georgia",10464,0.638284,0.228211,0.0128058,0.00516055,0.0287653,0.0867737
"13175","Laurens County","Georgia",50287,0.559409,0.373178,0.0107582,0.00232665,0.0164456,0.0378826
"13177","Lee County","Georgia",34073,0.648725,0.267396,0.0289966,0.00331641,0.015232,0.0363338
"13179","Liberty County","Georgia",68607,0.363345,0.430044,0.0285394,0.00419782,0.0412349,0.13264
"13181","Lincoln County","Georgia",8049,0.693378,0.258169,0.00559076,0.00385141,0.0204994,0.0185116
"13183","Long County","Georgia",20439,0.518665,0.28382,0.0151671,0.00621361,0.0389452,0.137189
"13185","Lowndes County","Georgia",122082,0.503334,0.373642,0.0205845,0.00276044,0.0229764,0.0767025
"13187","Lumpkin County","Georgia",36016,0.88594,0.0194358,0.0101622,0.00555309,0.0166315,0.0622779
"13193","Macon County","Georgia",11831,0.333784,0.582622,0.0154678,0.00236666,0.0114107,0.0543487
"13195","Madison County","Georgia",32771,0.771261,0.101828,0.0211773,0.00286839,0.0187971,0.0840682
"13197","Marion County","Georgia",7635,0.579437,0.284217,0.0205632,0.00798952,0.0222659,0.0855272
"13189","McDuffie County","Georgia",21764,0.532577,0.399513,0.00634075,0.00326227,0.0187925,0.0395148
"13191","McIntosh County","Georgia",11800,0.639915,0.299068,0.00661017,0.00466102,0.0200847,0.029661
"13199","Meriwether County","Georgia",21439,0.581417,0.350996,0.00769625,0.00447782,0.0196838,0.0357293
"13201","Miller County","Georgia",5824,0.656078,0.276442,0.00652473,0.00377747,0.020261,0.0369162
"13205","Mitchell County","Georgia",20329,0.460623,0.456983,0.00757538,0.00383688,0.0143637,0.0566186
"13207","Monroe County","Georgia",31437,0.722047,0.216051,0.012024,0.00257658,0.0154913,0.0318097
"13209","Montgomery County","Georgia",8566,0.637287,0.253444,0.00828858,0.00221807,0.0159935,0.0827691
"13211","Morgan County","Georgia",21940,0.734913,0.195305,0.00875114,0.00259799,0.0165907,0.0418414
"13213","Murray County","Georgia",41316,0.793978,0.011884,0.00626876,0.00304967,0.0128038,0.172016
"13215","Muscogee County","Georgia",201830,0.365213,0.481291,0.0318089,0.00310657,0.0286627,0.0899173
"13217","Newton County","Georgia",124010,0.367099,0.514483,0.0159987,0.00226595,0.0214983,0.0786549
"13219","Oconee County","Georgia",44751,0.826261,0.0459655,0.0525351,0.00149717,0.014927,0.0588143
"13221","Oglethorpe County","Georgia",16172,0.724277,0.157433,0.0155207,0.00358645,0.0232501,0.0759337
"13223","Paulding County","Georgia",188549,0.587784,0.265788,0.0194644,0.0020313,0.0265554,0.0983776
"13225","Peach County","Georgia",29213,0.426351,0.442269,0.0111594,0.00290966,0.0198542,0.0974566
"13227","Pickens County","Georgia",36580,0.912329,0.0143248,0.00768179,0.00420995,0.015965,0.0454893
"13229","Pierce County","Georgia",20669,0.821133,0.089119,0.0076443,0.00459626,0.021046,0.0564614
"13231","Pike County","Georgia",20669,0.861774,0.0832164,0.00624123,0.00275775,0.0188688,0.0271421
"13233","Polk County","Georgia",44610,0.703026,0.119704,0.0066577,0.00266756,0.0203318,0.147613
"13235","Pulaski County","Georgia",10180,0.603733,0.312967,0.0127701,0.00392927,0.0185658,0.0480354
"13237","Putnam County","Georgia",23383,0.645854,0.251294,0.0075696,0.00175341,0.0147971,0.0787324
"13239","Quitman County","Georgia",2323,0.492036,0.451141,0.00172191,0.00559621,0.0210934,0.0284115
"13241","Rabun County","Georgia",17711,0.863588,0.0128734,0.0129298,0.00423466,0.0155835,0.090791
"13243","Randolph County","Georgia",6085,0.356779,0.596056,0.00706656,0.00180772,0.0133114,0.0249795
"13245","Richmond County","Georgia",206303,0.309501,0.581451,0.0191272,0.00278232,0.0265677,0.0605711
"13247","Rockdale County","Georgia",97610,0.22008,0.619691,0.0191374,0.00252023,0.0228665,0.115705
"13249","Schley County","Georgia",4503,0.723074,0.194093,0.00977126,0.00111037,0.0195425,0.0524095
"13251","Screven County","Georgia",14325,0.561396,0.380244,0.00642234,0.0034904,0.017452,0.0309948
"13253","Seminole County","Georgia",9274,0.617533,0.318094,0.00884192,0.00204874,0.01887,0.0346129
"13255","Spalding County","Georgia",70292,0.523217,0.371863,0.0120497,0.00267456,0.0209839,0.0692113
"13257","Stephens County","Georgia",27498,0.809259,0.104371,0.0104008,0.0033457,0.0260019,0.0466216
"13259","Stewart County","Georgia",4809,0.261177,0.429819,0.0482429,0.00499064,0.018507,0.237263
"13261","Sumter County","Georgia",28972,0.381092,0.522366,0.0158774,0.0027958,0.0128055,0.0650628
"13263","Talbot County","Georgia",5755,0.416334,0.516421,0.00608167,0.00573414,0.0201564,0.0352737
"13265","Taliaferro County","Georgia",1620,0.374074,0.520988,0.0160494,0.00123457,0.0314815,0.0561728
"13267","Tattnall County","Georgia",24275,0.581504,0.280206,0.00737384,0.00280124,0.0157364,0.112379
"13269","Taylor County","Georgia",7783,0.59116,0.341771,0.0122061,0.00179879,0.0154182,0.0376462
"13271","Telfair County","Georgia",11000,0.512091,0.333364,0.00745455,0.00190909,0.0144545,0.130727
"13273","Terrell County","Georgia",8698,0.372155,0.571741,0.00551851,0.00413888,0.0137963,0.0326512
"13275","Thomas County","Georgia",46054,0.570374,0.357493,0.0103791,0.0039736,0.0149824,0.0427976
"13277","Tift County","Georgia",41708,0.523976,0.306967,0.0152728,0.00184617,0.015081,0.136856
"13279","Toombs County","Georgia",27488,0.578798,0.263097,0.00971333,0.00251019,0.0157887,0.130093
"13281","Towns County","Georgia",13184,0.932266,0.0108465,0.00887439,0.00288228,0.012591,0.0325394
"13283","Treutlen County","Georgia",6420,0.628505,0.309657,0.00700935,0.00311526,0.0224299,0.0292835
"13285","Troup County","Georgia",71513,0.53484,0.362955,0.0264288,0.00260093,0.0197027,0.0534728
"13287","Turner County","Georgia",9023,0.530533,0.387787,0.00942037,0.00354649,0.0159592,0.0527541
"13289","Twiggs County","Georgia",7728,0.546066,0.395704,0.00517598,0.00491718,0.0231625,0.0249741
"13291","Union County","Georgia",27601,0.922249,0.0115938,0.00720988,0.00387667,0.0130068,0.0420637
"13293","Upson County","Georgia",28358,0.664892,0.2771,0.00751111,0.00260949,0.0191128,0.0287749
"13295","Walker County","Georgia",69340,0.887785,0.0480531,0.0101096,0.0032593,0.0192385,0.0315547
"13297","Walton County","Georgia",109792,0.660913,0.219269,0.0208121,0.00252295,0.0190633,0.0774191
"13299","Ware County","Georgia",36222,0.603721,0.301971,0.0118712,0.00369941,0.0211474,0.0575893
"13301","Warren County","Georgia",5148,0.395493,0.554002,0.00874126,0.002331,0.0207848,0.018648
"13303","Washington County","Georgia",19834,0.416255,0.535595,0.00524352,0.0013613,0.0153776,0.0261672
"13305","Wayne County","Georgia",32132,0.697996,0.193296,0.0169613,0.00398357,0.0212561,0.0665069
"13307","Webster County","Georgia",2315,0.508855,0.396544,0.00734341,0.00302376,0.0185745,0.0656587
"13309","Wheeler County","Georgia",7076,0.570379,0.360938,0.00381572,0.00113058,0.0173827,0.0463539
"13311","White County","Georgia",29668,0.904105,0.0211002,0.0069098,0.00471889,0.0174599,0.0457058
"13313","Whitfield County","Georgia",105070,0.54596,0.0368421,0.0179214,0.0019606,0.0128486,0.384467
"13315","Wilcox County","Georgia",8904,0.586366,0.343104,0.00920934,0.00224618,0.0183064,0.0407682
"13317","Wilkes County","Georgia",9567,0.524407,0.383715,0.00982544,0.00250862,0.0269677,0.0525766
"13319","Wilkinson County","Georgia",8667,0.56894,0.365294,0.00519211,0.00484597,0.0190377,0.0366909
"13321","Worth County","Georgia",20262,0.656993,0.287188,0.00799526,0.00320798,0.0165828,0.0280328
"15001","Hawaii County","Hawaii",209790,0.308165,0.00845131,0.314534,0.00330807,0.244654,0.120888
"15003","Honolulu County","Hawaii",998747,0.173763,0.0249673,0.510662,0.00189037,0.191842,0.0968754
"15005","Kalawao County","Hawaii",81,0.246914,0,0.419753,0,0.123457,0.209877
"15007","Kauai County","Hawaii",73840,0.287202,0.00700163,0.375108,0.00251896,0.219271,0.108898
"15009","Maui County","Hawaii",163688,0.295257,0.00755706,0.379539,0.00303626,0.206332,0.108279
"16001","Ada County","Idaho",535799,0.814477,0.0147649,0.0346846,0.00477604,0.0271874,0.10411
"16003","Adams County","Idaho",4998,0.883954,0.00260104,0.0134054,0.0106042,0.0322129,0.0572229
"16005","Bannock County","Idaho",91010,0.810702,0.00979013,0.021591,0.0274475,0.0240084,0.106461
"16007","Bear Lake County","Idaho",6779,0.929488,0.00383537,0.005163,0.00752323,0.0140139,0.0399764
"16009","Benewah County","Idaho",10529,0.846994,0.00607845,0.00607845,0.0594548,0.0389401,0.0424542
"16011","Bingham County","Idaho",50889,0.744287,0.00394977,0.00839081,0.0457859,0.0155633,0.182024
"16013","Blaine County","Idaho",25261,0.740311,0.00372115,0.0100946,0.00316694,0.012549,0.230157
"16015","Boise County","Idaho",8581,0.880084,0.011071,0.0168978,0.00908985,0.0264538,0.0564037
"16017","Bonner County","Idaho",53955,0.907905,0.00337318,0.0108053,0.00771013,0.0237049,0.0465017
"16019","Bonneville County","Idaho",133644,0.803979,0.00644249,0.0131394,0.0058364,0.0187663,0.151836
"16021","Boundary County","Idaho",14040,0.863248,0.00648148,0.031339,0.014245,0.0238604,0.0608262
"16023","Butte County","Idaho",2735,0.885192,0.0047532,0.00511883,0.00731261,0.0226691,0.0749543
"16025","Camas County","Idaho",1247,0.853248,0.0032077,0.00400962,0.010425,0.0304731,0.0986367
"16027","Canyon County","Idaho",266892,0.681909,0.00859524,0.0139045,0.00564648,0.0240322,0.265913
"16029","Caribou County","Idaho",7239,0.910209,0.0037298,0.00676889,0.00483492,0.0149192,0.0595386
"16031","Cassia County","Idaho",25976,0.655182,0.00419618,0.00708346,0.00604404,0.012704,0.314791
"16033","Clark County","Idaho",794,0.59068,0.0239295,0.00755668,0.00881612,0.0239295,0.345088
"16035","Clearwater County","Idaho",9151,0.881434,0.00644738,0.0108185,0.0219648,0.0251339,0.0542017
"16037","Custer County","Idaho",4597,0.908854,0.00413313,0.00500326,0.00957146,0.0204481,0.0519904
"16039","Elmore County","Idaho",29729,0.702614,0.0260015,0.0379427,0.00948569,0.0347136,0.189243
"16041","Franklin County","Idaho",15638,0.894104,0.00428444,0.0039647,0.00517969,0.013237,0.0792301
"16043","Fremont County","Idaho",14399,0.837419,0.00423641,0.00888951,0.00708383,0.0103479,0.132023
"16045","Gem County","Idaho",21857,0.850803,0.00338564,0.0122158,0.00768632,0.0215949,0.104314
"16047","Gooding County","Idaho",16189,0.639694,0.00413861,0.00796837,0.00735067,0.0139601,0.326889
"16049","Idaho County","Idaho",17912,0.898671,0.00513622,0.00759268,0.0228339,0.0224989,0.0432671
"16051","Jefferson County","Idaho",34854,0.857319,0.00246744,0.0061399,0.00542262,0.0146038,0.114047
"16053","Jerome County","Idaho",26056,0.56463,0.00422168,0.00502763,0.00602548,0.0111299,0.408965
"16055","Kootenai County","Idaho",188323,0.886137,0.00440732,0.0129936,0.0100519,0.0255465,0.0608635
"16057","Latah County","Idaho",42180,0.87193,0.00910384,0.0293978,0.0068753,0.0296586,0.0530346
"16059","Lemhi County","Idaho",8397,0.923187,0.00369179,0.00416816,0.00893176,0.0147672,0.0452543
"16061","Lewis County","Idaho",3728,0.831813,0.00751073,0.0166309,0.0544528,0.041309,0.0482833
"16063","Lincoln County","Idaho",5556,0.633729,0.00449964,0.0062995,0.00917927,0.0188985,0.327394
"16065","Madison County","Idaho",55549,0.845056,0.0118814,0.0215665,0.00374444,0.0197483,0.0980036
"16067","Minidoka County","Idaho",22691,0.591292,0.00493588,0.00608171,0.00678683,0.0127804,0.378123
"16069","Nez Perce County","Idaho",42847,0.86069,0.00536794,0.0118795,0.0488249,0.0258128,0.0474246
"16071","Oneida County","Idaho",4976,0.921825,0.00582797,0.0062299,0.00422026,0.0158762,0.0460209
"16073","Owyhee County","Idaho",12748,0.698776,0.00572639,0.00651083,0.0225918,0.0175714,0.248823
"16075","Payette County","Idaho",27662,0.76672,0.00480804,0.00896537,0.00889307,0.0235341,0.18708
"16077","Power County","Idaho",8381,0.598019,0.0047727,0.00572724,0.019926,0.0174204,0.354134
"16079","Shoshone County","Idaho",14074,0.899247,0.00746057,0.00675004,0.0156317,0.0262186,0.0446923
"16081","Teton County","Idaho",12932,0.794927,0.00332509,0.00881534,0.00347974,0.0122178,0.177235
"16083","Twin Falls County","Idaho",96509,0.757805,0.00998871,0.0178843,0.00563678,0.0179569,0.190728
"16085","Valley County","Idaho",12777,0.904359,0.00406981,0.00790483,0.00618299,0.0165923,0.0608907
"16087","Washington County","Idaho",11539,0.773117,0.00641303,0.00935956,0.00979288,0.0228789,0.178438
"17001","Adams County","Illinois",64109,0.902791,0.0409147,0.00924987,0.0019966,0.0224461,0.0226021
"17003","Alexander County","Illinois",4594,0.629081,0.304528,0.00522421,0.00609491,0.0300392,0.0250327
"17005","Bond County","Illinois",16576,0.863598,0.0654561,0.00729971,0.00464527,0.0175555,0.0414455
"17007","Boone County","Illinois",53313,0.669405,0.0264101,0.0141804,0.00172566,0.0165438,0.271735
"17009","Brown County","Illinois",6307,0.742984,0.188204,0.00348819,0.00221976,0.00697638,0.0561281
"17011","Bureau County","Illinois",32486,0.854953,0.0104045,0.0104045,0.00267808,0.0124669,0.109093
"17013","Calhoun County","Illinois",4224,0.955492,0.00899621,0.00402462,0.00331439,0.00899621,0.0191761
"17015","Carroll County","Illinois",15444,0.881961,0.0369723,0.00887076,0.00343175,0.0131443,0.0556203
"17017","Cass County","Illinois",12713,0.67427,0.0509714,0.0127429,0.00157319,0.0114056,0.249036
"17019","Champaign County","Illinois",212374,0.615541,0.138614,0.128189,0.0017893,0.0302344,0.085632
"17021","Christian County","Illinois",33247,0.917105,0.0275814,0.006948,0.00216561,0.0114898,0.0347099
"17023","Clark County","Illinois",15076,0.950053,0.0105466,0.00537278,0.00252056,0.0112099,0.0202972
"17025","Clay County","Illinois",12821,0.947586,0.00678574,0.00865767,0.00241791,0.0118555,0.0226971
"17027","Clinton County","Illinois",37087,0.900019,0.0311969,0.00763071,0.00234584,0.0130774,0.0457303
"17029","Coles County","Illinois",46423,0.880232,0.0436206,0.0125369,0.00217565,0.0198393,0.0415958
"17031","Cook County","Illinois",5182617,0.401906,0.219523,0.0871849,0.0011583,0.0177013,0.272527
"17033","Crawford County","Illinois",18388,0.899717,0.0482924,0.00663476,0.00282793,0.0134871,0.0290407
"17035","Cumberland County","Illinois",10305,0.952838,0.00815138,0.00824842,0.00271713,0.0117419,0.0163028
"17039","De Witt County","Illinois",15319,0.925321,0.0116196,0.00600561,0.00248058,0.016646,0.0379268
"17037","DeKalb County","Illinois",101335,0.702906,0.0893275,0.029289,0.00170721,0.0206839,0.156086
"17041","Douglas County","Illinois",19824,0.875454,0.00958434,0.0090799,0.00242131,0.0122579,0.0912026
"17043","DuPage County","Illinois",937142,0.619269,0.0517979,0.141991,0.00102012,0.0190451,0.166877
"17045","Edgar County","Illinois",16398,0.952311,0.0106111,0.00463471,0.00225637,0.0122576,0.017929
"17047","Edwards County","Illinois",5984,0.950535,0.0068516,0.00635027,0.00300802,0.0155414,0.0177139
"17049","Effingham County","Illinois",34602,0.943963,0.00612681,0.00760072,0.0010982,0.00991272,0.0312988
"17051","Fayette County","Illinois",21157,0.880796,0.0681098,0.00387579,0.00288321,0.0114383,0.0328969
"17053","Ford County","Illinois",13451,0.895249,0.014274,0.00617054,0.00230466,0.0170248,0.0649766
"17055","Franklin County","Illinois",37033,0.945103,0.00872195,0.00572462,0.00280831,0.0147706,0.0228715
"17057","Fulton County","Illinois",32510,0.915318,0.0382651,0.00375269,0.0029837,0.0124885,0.0271916
"17059","Gallatin County","Illinois",4690,0.944563,0.0113006,0.00298507,0.00341151,0.0187633,0.0189765
"17061","Greene County","Illinois",11417,0.96514,0.00788298,0.00315319,0.00245248,0.00840851,0.0129631
"17063","Grundy County","Illinois",53835,0.82099,0.0237764,0.0105136,0.00170893,0.0131884,0.129823
"17065","Hamilton County","Illinois",7818,0.952545,0.00677923,0.00793042,0.00268611,0.0135585,0.0165004
"17067","Hancock County","Illinois",17008,0.941498,0.0102893,0.00452728,0.00270461,0.0117004,0.0292803
"17069","Hardin County","Illinois",3550,0.925634,0.016338,0.0056338,0.0101408,0.0194366,0.0228169
"17071","Henderson County","Illinois",6048,0.941799,0.00777116,0.00661376,0.00363757,0.0168651,0.0233135
"17073","Henry County","Illinois",48177,0.884281,0.0196152,0.0053345,0.00155676,0.0158167,0.073396
"17075","Iroquois County","Illinois",26067,0.874362,0.0138489,0.00648329,0.00230176,0.0136188,0.089385
"17077","Jackson County","Illinois",53199,0.718886,0.149439,0.04517,0.0035527,0.0294366,0.053516
"17079","Jasper County","Illinois",9092,0.962275,0.00593929,0.00340959,0.00197976,0.00857897,0.0178179
"17081","Jefferson County","Illinois",36107,0.851109,0.0808707,0.0114105,0.00293572,0.0237627,0.0299111
"17083","Jersey County","Illinois",21150,0.943262,0.0101655,0.00950355,0.00293144,0.0165485,0.0175887
"17085","Jo Daviess County","Illinois",21528,0.922009,0.00831475,0.00738573,0.0019045,0.0155611,0.0448253
"17087","Johnson County","Illinois",13320,0.809009,0.12545,0.00277778,0.00285285,0.0117868,0.0481231
"17089","Kane County","Illinois",520997,0.540667,0.0527585,0.0509696,0.00129367,0.0147467,0.339564
"17091","Kankakee County","Illinois",106410,0.68237,0.146979,0.0107885,0.00176675,0.0197726,0.138323
"17093","Kendall County","Illinois",143171,0.604571,0.0915129,0.0464549,0.00124327,0.0202904,0.235928
"17095","Knox County","Illinois",48716,0.798711,0.0878767,0.0142458,0.00215535,0.0286354,0.0683759
"17097","Lake County","Illinois",718604,0.558337,0.0677675,0.0975767,0.00149735,0.0180962,0.256726
"17099","LaSalle County","Illinois",108390,0.826275,0.0270412,0.0110435,0.00193745,0.014005,0.119697
"17101","Lawrence County","Illinois",14801,0.839065,0.100466,0.00614823,0.00317546,0.0108101,0.0403351
"17103","Lee County","Illinois",33544,0.834546,0.0556284,0.00888385,0.00253399,0.0142798,0.0841283
"17105","Livingston County","Illinois",35375,0.872594,0.0386431,0.00723675,0.00175265,0.0153781,0.0643958
"17107","Logan County","Illinois",27518,0.859256,0.0748238,0.00781307,0.00221673,0.0178429,0.0380478
"17115","Macon County","Illinois",100737,0.72998,0.185801,0.0152278,0.0021442,0.0360344,0.0308129
"17117","Macoupin County","Illinois",43895,0.949858,0.0139196,0.00476136,0.0030983,0.0132134,0.0151498
"17119","Madison County","Illinois",263017,0.820894,0.0958911,0.0115392,0.00241049,0.0233521,0.0459134
"17121","Marion County","Illinois",36437,0.901227,0.0440486,0.00655927,0.00354036,0.0211324,0.0234926
"17123","Marshall County","Illinois",11552,0.925467,0.0109072,0.00562673,0.00268352,0.0146295,0.0406856
"17125","Mason County","Illinois",12543,0.946823,0.00821175,0.00821175,0.00350793,0.0137128,0.0195328
"17127","Massac County","Illinois",13627,0.869964,0.062156,0.00579731,0.00623762,0.0257577,0.0300873
"17109","McDonough County","Illinois",26662,0.855525,0.0591479,0.0269672,0.0034131,0.0186033,0.0363439
"17111","McHenry County","Illinois",315959,0.760523,0.0187746,0.0347134,0.00146222,0.0149513,0.169576
"17113","McLean County","Illinois",172069,0.757591,0.0906497,0.0561519,0.00199339,0.0250074,0.0686062
"17129","Menard County","Illinois",11963,0.943074,0.0117863,0.00451392,0.00267491,0.0178885,0.0200619
"17131","Mercer County","Illinois",15292,0.933037,0.00941669,0.0051661,0.00183102,0.0128172,0.0377321
"17133","Monroe County","Illinois",34969,0.953216,0.00609111,0.00649146,0.00203037,0.0110955,0.0210758
"17135","Montgomery County","Illinois",27615,0.921347,0.0382401,0.00597501,0.00228137,0.00952381,0.0226326
"17137","Morgan County","Illinois",32618,0.868753,0.0661904,0.00861488,0.00242198,0.0215525,0.0324667
"17139","Moultrie County","Illinois",14365,0.953428,0.00939784,0.00396798,0.00285416,0.0116951,0.0186565
"17141","Ogle County","Illinois",51345,0.837706,0.0126205,0.00592073,0.0022008,0.0136333,0.127919
"17143","Peoria County","Illinois",179630,0.659879,0.193208,0.0481601,0.00262206,0.0307577,0.0653733
"17145","Perry County","Illinois",20272,0.848609,0.0835635,0.00695541,0.00320639,0.0178078,0.0398579
"17147","Piatt County","Illinois",16628,0.949302,0.0109454,0.00631465,0.00210488,0.0136517,0.017681
"17149","Pike County","Illinois",14258,0.949712,0.010801,0.00462898,0.00238463,0.00904755,0.0234254
"17151","Pope County","Illinois",3703,0.915474,0.031596,0.00594113,0.00729139,0.0197137,0.0199838
"17153","Pulaski County","Illinois",4879,0.631072,0.28428,0.00532896,0.00799344,0.0303341,0.040992
"17155","Putnam County","Illinois",5633,0.900763,0.00710101,0.00550328,0.00159773,0.0140245,0.0710101
"17157","Randolph County","Illinois",29903,0.851152,0.0802261,0.0111694,0.0023409,0.0138113,0.0413002
"17159","Richland County","Illinois",15362,0.941544,0.0106757,0.00820206,0.0029944,0.0148418,0.021742
"17161","Rock Island County","Illinois",142731,0.667444,0.123533,0.0309113,0.0019267,0.0290617,0.147123
"17165","Saline County","Illinois",22826,0.912731,0.0313677,0.0072286,0.00468764,0.0205029,0.023482
"17167","Sangamon County","Illinois",194345,0.770439,0.140868,0.0264838,0.00191412,0.0279915,0.0323034
"17169","Schuyler County","Illinois",6750,0.899259,0.0531852,0.0042963,0.00251852,0.008,0.0327407
"17171","Scott County","Illinois",4880,0.951844,0.00778689,0.00922131,0.00307377,0.0151639,0.0129098
"17173","Shelby County","Illinois",20542,0.961494,0.00696135,0.00462467,0.00223931,0.0102716,0.0144095
"17163","St. Clair County","Illinois",251149,0.597211,0.301658,0.0187339,0.00260005,0.0269959,0.0528013
"17175","Stark County","Illinois",5272,0.921093,0.0155539,0.00701821,0.00189681,0.017261,0.0371775
"17177","Stephenson County","Illinois",43088,0.792912,0.098264,0.00993316,0.00197271,0.0350678,0.0618502
"17179","Tazewell County","Illinois",129821,0.923656,0.0181635,0.0102603,0.00244182,0.0162069,0.0292711
"17181","Union County","Illinois",16886,0.888251,0.0234514,0.00550752,0.00420467,0.0163449,0.0622409
"17183","Vermilion County","Illinois",71106,0.764802,0.139594,0.00843811,0.00188451,0.0259612,0.0593199
"17185","Wabash County","Illinois",10979,0.926769,0.0127516,0.0157574,0.00173058,0.0143,0.0286911
"17187","Warren County","Illinois",16217,0.808966,0.0306469,0.0234939,0.00332984,0.0181908,0.115373
"17189","Washington County","Illinois",13535,0.950425,0.0127078,0.00487625,0.00184706,0.0131511,0.016993
"17191","Wayne County","Illinois",15928,0.939101,0.00929181,0.00860121,0.00175791,0.0100452,0.0312029
"17193","White County","Illinois",13395,0.95252,0.00783875,0.00522583,0.00373274,0.0114968,0.0191863
"17195","Whiteside County","Illinois",54657,0.819712,0.0169054,0.0076294,0.00201255,0.0152405,0.1385
"17197","Will County","Illinois",708583,0.579289,0.123424,0.0723246,0.0012405,0.0173078,0.206415
"17199","Williamson County","Illinois",67064,0.876834,0.0509961,0.0165663,0.0034892,0.0209949,0.0311195
"17201","Winnebago County","Illinois",283790,0.632933,0.139209,0.0317277,0.00191339,0.0282286,0.165989
"17203","Woodford County","Illinois",38290,0.942727,0.00953252,0.00825281,0.00242883,0.0135545,0.0235048
"18001","Adams County","Indiana",36584,0.926307,0.00729827,0.00385414,0.00256943,0.0097037,0.0502679
"18003","Allen County","Indiana",399295,0.695957,0.114662,0.0605542,0.0022715,0.0314554,0.0951001
"18005","Bartholomew County","Indiana",84741,0.780472,0.024982,0.0762087,0.00214772,0.0197897,0.0963996
"18007","Benton County","Indiana",8853,0.887157,0.0110697,0.00372755,0.00237208,0.0181859,0.0774879
"18009","Blackford County","Indiana",11816,0.933649,0.00922478,0.00643196,0.00363913,0.0198883,0.0271666
"18011","Boone County","Indiana",78773,0.845264,0.0401534,0.0458787,0.0016884,0.0191436,0.0478717
"18013","Brown County","Indiana",15650,0.943003,0.00837061,0.00837061,0.00408946,0.0157827,0.0203834
"18015","Carroll County","Indiana",20747,0.928954,0.00756736,0.00231359,0.00236179,0.00968815,0.0491155
"18017","Cass County","Indiana",37559,0.742991,0.0238026,0.0190633,0.00418009,0.0145904,0.195373
"18019","Clark County","Indiana",127479,0.794382,0.0875909,0.0145279,0.00237686,0.0276516,0.0734709
"18021","Clay County","Indiana",26424,0.946034,0.00919619,0.00370875,0.00302755,0.0168029,0.0212307
"18023","Clinton County","Indiana",32895,0.769387,0.00960632,0.00495516,0.00215838,0.00966712,0.204226
"18025","Crawford County","Indiana",10523,0.951155,0.00845766,0.00342108,0.00503659,0.0139694,0.0179607
"18027","Daviess County","Indiana",34097,0.882394,0.0254568,0.0042819,0.00228759,0.0182714,0.067308
"18029","Dearborn County","Indiana",51435,0.953164,0.00863225,0.00575484,0.00198309,0.0141927,0.016273
"18031","Decatur County","Indiana",26421,0.938231,0.00700201,0.0140419,0.00196813,0.011998,0.026759
"18033","DeKalb County","Indiana",44330,0.936792,0.00694789,0.00667719,0.00268441,0.0129935,0.0339048
"18035","Delaware County","Indiana",112951,0.846048,0.073315,0.0169543,0.00229303,0.0270206,0.0343689
"18037","Dubois County","Indiana",43629,0.8658,0.0077013,0.0104518,0.00169612,0.00754086,0.10681
"18039","Elkhart County","Indiana",207436,0.697873,0.0537515,0.0127124,0.00217416,0.0220212,0.211468
"18041","Fayette County","Indiana",23335,0.948447,0.0139276,0.00398543,0.00201414,0.0135847,0.0180416
"18043","Floyd County","Indiana",81931,0.852473,0.0582319,0.0137067,0.00292929,0.0257778,0.0468809
"18045","Fountain County","Indiana",16833,0.936494,0.00784174,0.0049902,0.00320798,0.0139607,0.0335056
"18047","Franklin County","Indiana",23136,0.96352,0.00453838,0.00790975,0.00207469,0.00860131,0.0133558
"18049","Fulton County","Indiana",20004,0.907718,0.00944811,0.00704859,0.00544891,0.0130974,0.0572386
"18051","Gibson County","Indiana",33038,0.914311,0.0249712,0.00759731,0.00242145,0.0238211,0.0268781
"18053","Grant County","Indiana",66458,0.821,0.075401,0.0116013,0.00349093,0.0285293,0.0599777
"18055","Greene County","Indiana",31219,0.951376,0.00426023,0.0055415,0.00339537,0.0120119,0.0234152
"18057","Hamilton County","Indiana",379704,0.783842,0.0531045,0.0779528,0.00136685,0.0222647,0.0614689
"18059","Hancock County","Indiana",88810,0.865274,0.0534399,0.0171377,0.00252224,0.0193334,0.0422925
"18061","Harrison County","Indiana",39978,0.940392,0.0087298,0.00695382,0.00240132,0.0144329,0.0270899
"18063","Hendricks County","Indiana",190629,0.747294,0.13146,0.038672,0.00197766,0.0227353,0.0578611
"18065","Henry County","Indiana",49081,0.922536,0.0289114,0.00535849,0.00211895,0.0159125,0.0251625
"18067","Howard County","Indiana",84082,0.825646,0.0797079,0.0139388,0.0036512,0.0313503,0.0457054
"18069","Huntington County","Indiana",36944,0.928405,0.010367,0.00809333,0.00492638,0.0128302,0.0353779
"18071","Jackson County","Indiana",47420,0.783172,0.0121257,0.0359131,0.00208773,0.0105441,0.156158
"18073","Jasper County","Indiana",33387,0.892773,0.00664929,0.00458262,0.00242609,0.0116213,0.0819481
"18075","Jay County","Indiana",20164,0.926156,0.00609998,0.00436421,0.00247967,0.0149276,0.045973
"18077","Jefferson County","Indiana",32921,0.915069,0.019319,0.0121807,0.00273382,0.0148234,0.0358738
"18079","Jennings County","Indiana",27634,0.930014,0.00861258,0.00492147,0.00293117,0.0151625,0.0383585
"18081","Johnson County","Indiana",170614,0.823408,0.0387073,0.0684176,0.00212175,0.0198401,0.0475049
"18083","Knox County","Indiana",35872,0.89864,0.0342328,0.0134367,0.00295495,0.01812,0.032616
"18085","Kosciusko County","Indiana",80669,0.856512,0.0109955,0.0159293,0.00244208,0.0137847,0.100336
"18087","LaGrange County","Indiana",41122,0.935363,0.00522834,0.00384223,0.00201838,0.00710082,0.0464472
"18089","Lake County","Indiana",502955,0.514263,0.232253,0.0183217,0.00134207,0.0174151,0.216405
"18091","LaPorte County","Indiana",111348,0.774392,0.110078,0.00663685,0.00266731,0.025344,0.0808816
"18093","Lawrence County","Indiana",45192,0.946384,0.00670473,0.0065277,0.00416003,0.0133652,0.022858
"18095","Madison County","Indiana",134222,0.822063,0.0863346,0.0087467,0.00251822,0.0209653,0.0593718
"18097","Marion County","Indiana",981628,0.486739,0.292697,0.0452697,0.0015515,0.0293726,0.144369
"18099","Marshall County","Indiana",46464,0.843987,0.00748967,0.00649966,0.00219525,0.0137526,0.126076
"18101","Martin County","Indiana",9864,0.954684,0.00658962,0.00689376,0.00314274,0.0116586,0.0170316
"18103","Miami County","Indiana",35613,0.874737,0.0512453,0.00513857,0.00797462,0.021172,0.0397327
"18105","Monroe County","Indiana",140702,0.803869,0.0384074,0.077227,0.00227431,0.0274552,0.0507669
"18107","Montgomery County","Indiana",38633,0.899956,0.0119328,0.00859369,0.00261435,0.0143918,0.0625113
"18109","Morgan County","Indiana",73825,0.933261,0.0179208,0.0079106,0.00269556,0.012936,0.025276
"18111","Newton County","Indiana",14131,0.871276,0.0116057,0.00544901,0.00410445,0.0112519,0.0963131
"18113","Noble County","Indiana",47811,0.851415,0.0102278,0.00631654,0.00271904,0.0127795,0.116542
"18115","Ohio County","Indiana",5996,0.954636,0.00933956,0.00316878,0.00250167,0.013509,0.0168446
"18117","Orange County","Indiana",19824,0.941031,0.0161421,0.00448951,0.00337974,0.0146287,0.0203289
"18119","Owen County","Indiana",21851,0.947966,0.00741385,0.00668162,0.00388998,0.0163379,0.0177109
"18121","Parke County","Indiana",16508,0.944088,0.0213836,0.00290768,0.00430094,0.0105403,0.0167797
"18123","Perry County","Indiana",19320,0.922567,0.0334369,0.0108696,0.00253623,0.0113872,0.0192029
"18125","Pike County","Indiana",12116,0.953533,0.00775834,0.00544734,0.00272367,0.0123803,0.0181578
"18127","Porter County","Indiana",175860,0.795934,0.0479017,0.015501,0.00202434,0.0158876,0.122751
"18129","Posey County","Indiana",25067,0.948259,0.0118881,0.00714086,0.00263294,0.0140823,0.0159971
"18131","Pulaski County","Indiana",12421,0.915627,0.0090975,0.0082119,0.00491104,0.0126399,0.0495129
"18133","Putnam County","Indiana",37804,0.905169,0.0367421,0.0137023,0.00322717,0.0163475,0.0248122
"18135","Randolph County","Indiana",24337,0.910301,0.0079714,0.00468423,0.00382134,0.0140938,0.0591281
"18137","Ripley County","Indiana",29214,0.949682,0.00571644,0.00756487,0.00256726,0.0126309,0.0218388
"18139","Rush County","Indiana",16759,0.948147,0.0101438,0.00459455,0.00304314,0.0122919,0.0217793
"18143","Scott County","Indiana",24751,0.939194,0.00763606,0.00864612,0.00250495,0.0115147,0.0305038
"18145","Shelby County","Indiana",45654,0.893394,0.0175669,0.0140623,0.0028037,0.0136461,0.0585272
"18147","Spencer County","Indiana",20192,0.931854,0.00931062,0.00485341,0.0032191,0.0116878,0.0390749
"18141","St. Joseph County","Indiana",273744,0.688161,0.133939,0.0301997,0.00290783,0.0321395,0.112653
"18149","Starke County","Indiana",23463,0.924136,0.00635042,0.0052423,0.00370797,0.0115501,0.0490133
"18151","Steuben County","Indiana",34862,0.921318,0.00866273,0.00768745,0.00261029,0.0119041,0.0478171
"18153","Sullivan County","Indiana",20768,0.910921,0.0497881,0.00284091,0.00303351,0.0134341,0.0199827
"18155","Switzerland County","Indiana",9988,0.953644,0.0111133,0.00460553,0.00370445,0.0117141,0.0152183
"18157","Tippecanoe County","Indiana",191650,0.711072,0.0639134,0.0920324,0.00180016,0.024216,0.106966
"18159","Tipton County","Indiana",15324,0.932002,0.00828765,0.00743931,0.00241451,0.0144871,0.0353694
"18161","Union County","Indiana",6884,0.946979,0.0123475,0.00421267,0.00232423,0.0187391,0.015398
"18163","Vanderburgh County","Indiana",180387,0.804088,0.103466,0.0181499,0.00199571,0.0307727,0.0415274
"18165","Vermillion County","Indiana",15516,0.952758,0.0077984,0.00341583,0.00354473,0.0146301,0.0178525
"18167","Vigo County","Indiana",106166,0.844498,0.0684117,0.0234821,0.00349453,0.0261948,0.0339186
"18169","Wabash County","Indiana",30777,0.928875,0.00994249,0.00591351,0.00636839,0.0137115,0.0351886
"18171","Warren County","Indiana",8451,0.945214,0.00414152,0.00674476,0.00414152,0.0138445,0.0259141
"18173","Warrick County","Indiana",66339,0.900149,0.0219629,0.0292287,0.00221589,0.0181643,0.028279
"18175","Washington County","Indiana",28345,0.956218,0.00723232,0.00342212,0.00254013,0.0132651,0.0173223
"18177","Wayne County","Indiana",66410,0.85847,0.0490739,0.0126638,0.00243939,0.0344075,0.0429453
"18179","Wells County","Indiana",28798,0.922842,0.010591,0.00666713,0.00246545,0.0128481,0.0445864
"18181","White County","Indiana",24833,0.850159,0.00765111,0.00660412,0.00314098,0.0123223,0.120122
"18183","Whitley County","Indiana",34885,0.939344,0.00593378,0.00544647,0.00303856,0.0153361,0.0309015
"19001","Adair County","Iowa",7431,0.929619,0.00968914,0.00578657,0.00349886,0.0130534,0.0383528
"19003","Adams County","Iowa",3606,0.944537,0.010538,0.00721021,0.00499168,0.00915141,0.0235718
"19005","Allamakee County","Iowa",14184,0.86654,0.0156514,0.00789622,0.0035956,0.00838973,0.0979272
"19007","Appanoose County","Iowa",12106,0.937221,0.00743433,0.0119775,0.00421279,0.0159425,0.0232116
"19009","Audubon County","Iowa",5562,0.938691,0.00737145,0.00665228,0.00323625,0.0109673,0.0330816
"19011","Benton County","Iowa",25799,0.948331,0.00876003,0.00581418,0.00286833,0.0124423,0.0217838
"19013","Black Hawk County","Iowa",132348,0.774307,0.100002,0.0390637,0.00210808,0.027745,0.0567746
"19015","Boone County","Iowa",26729,0.933219,0.0135808,0.00606083,0.00340454,0.0127203,0.031015
"19017","Bremer County","Iowa",25328,0.937342,0.0131475,0.0118446,0.00150032,0.0137397,0.0224258
"19019","Buchanan County","Iowa",20733,0.948247,0.0103699,0.00573964,0.00173636,0.0121063,0.021801
"19021","Buena Vista County","Iowa",20816,0.507542,0.0341564,0.135809,0.00163336,0.0133551,0.307504
"19023","Butler County","Iowa",14156,0.945677,0.00402656,0.0170246,0.00176604,0.0121503,0.0193558
"19025","Calhoun County","Iowa",9711,0.917722,0.0262589,0.00566368,0.00483987,0.0142107,0.0313047
"19027","Carroll County","Iowa",20407,0.925124,0.0146518,0.00690939,0.00196011,0.00984956,0.0415054
"19029","Cass County","Iowa",13024,0.927135,0.00591216,0.0236486,0.00253378,0.0109029,0.0298679
"19031","Cedar County","Iowa",18231,0.933959,0.00976359,0.00883111,0.00208436,0.0138775,0.0314848
"19033","Cerro Gordo County","Iowa",42493,0.877274,0.0192502,0.0236745,0.00284753,0.0182383,0.0587156
"19035","Cherokee County","Iowa",11658,0.894922,0.014668,0.0120089,0.00360268,0.00977869,0.0650197
"19037","Chickasaw County","Iowa",11719,0.919276,0.00631453,0.00392525,0.00119464,0.0094718,0.0598174
"19039","Clarke County","Iowa",9524,0.781709,0.0128097,0.0133347,0.00304494,0.0124948,0.176606
"19041","Clay County","Iowa",16474,0.911072,0.00965157,0.00819473,0.00303509,0.0147505,0.0532961
"19043","Clayton County","Iowa",16931,0.949737,0.00809167,0.00389817,0.00153564,0.0115764,0.0251609
"19045","Clinton County","Iowa",46015,0.894556,0.0320548,0.00734543,0.00306422,0.0247311,0.0382484
"19047","Crawford County","Iowa",16378,0.609965,0.0299792,0.023385,0.00341922,0.00830382,0.324948
"19049","Dallas County","Iowa",115343,0.813651,0.0397423,0.0531718,0.00180332,0.0180505,0.0735805
"19051","Davis County","Iowa",9193,0.944741,0.00195801,0.00435114,0.00369847,0.0103339,0.0349179
"19053","Decatur County","Iowa",7656,0.906087,0.0211599,0.0114943,0.00483281,0.0141066,0.0423197
"19055","Delaware County","Iowa",17609,0.955875,0.0110739,0.00357772,0.00141973,0.00851837,0.0195355
"19057","Des Moines County","Iowa",38411,0.847361,0.0635755,0.0180677,0.00291583,0.0275442,0.0405353
"19059","Dickinson County","Iowa",18158,0.934024,0.00809561,0.013713,0.00209274,0.0112898,0.0307853
"19061","Dubuque County","Iowa",99242,0.88396,0.0367385,0.0230749,0.00193466,0.0177848,0.0365067
"19063","Emmet County","Iowa",9162,0.857127,0.0113512,0.00818599,0.00403842,0.0125518,0.106745
"19065","Fayette County","Iowa",19152,0.922045,0.0145677,0.0127924,0.00245405,0.01368,0.0344612
"19067","Floyd County","Iowa",15008,0.900053,0.0239206,0.0172575,0.0019323,0.0147255,0.0421109
"19069","Franklin County","Iowa",10024,0.797087,0.00897845,0.00648444,0.00219473,0.0109737,0.174282
"19071","Fremont County","Iowa",6494,0.926548,0.0103172,0.00477364,0.00538959,0.0163228,0.0366492
"19073","Greene County","Iowa",8662,0.923459,0.00727315,0.00750404,0.00496421,0.0150081,0.0417917
"19075","Grundy County","Iowa",12405,0.947037,0.00709391,0.00620717,0.0025796,0.0132205,0.0238613
"19077","Guthrie County","Iowa",10774,0.926118,0.00835344,0.00956005,0.00361983,0.0154075,0.0369408
"19079","Hamilton County","Iowa",14856,0.836699,0.0094238,0.0259828,0.00269251,0.0157512,0.109451
"19081","Hancock County","Iowa",10616,0.908534,0.00857197,0.00772419,0.00169555,0.0119631,0.0615109
"19083","Hardin County","Iowa",16464,0.892068,0.0159135,0.0116011,0.00315841,0.0129373,0.0643222
"19085","Harrison County","Iowa",14626,0.949268,0.0057432,0.00519623,0.00280323,0.0110078,0.0259811
"19087","Henry County","Iowa",19361,0.873922,0.0258768,0.0200403,0.00284076,0.0191622,0.0581582
"19089","Howard County","Iowa",9360,0.934722,0.00844017,0.00438034,0.00235043,0.0106838,0.0394231
"19091","Humboldt County","Iowa",9617,0.900905,0.00935843,0.00499116,0.00218363,0.0127899,0.0697723
"19093","Ida County","Iowa",6810,0.923054,0.00748899,0.0092511,0.00220264,0.0138032,0.0441997
"19095","Iowa County","Iowa",16423,0.937222,0.00712416,0.00669792,0.00170493,0.0105949,0.0366559
"19097","Jackson County","Iowa",19390,0.941671,0.00861269,0.0177927,0.00237236,0.0124291,0.0171222
"19099","Jasper County","Iowa",38107,0.916288,0.025927,0.00740022,0.00346393,0.0127273,0.0341932
"19101","Jefferson County","Iowa",15781,0.823142,0.0271846,0.0864964,0.00367531,0.0190736,0.0404284
"19103","Johnson County","Iowa",160080,0.749594,0.0891929,0.0646364,0.00189905,0.0261307,0.068547
"19105","Jones County","Iowa",21116,0.921481,0.0303561,0.00549346,0.00407274,0.0089032,0.0296931
"19107","Keokuk County","Iowa",9855,0.946423,0.00811771,0.00304414,0.00172501,0.0155251,0.0251649
"19109","Kossuth County","Iowa",14408,0.920947,0.00895336,0.00652415,0.00152693,0.0132565,0.0487923
"19111","Lee County","Iowa",32376,0.904775,0.0270262,0.00704225,0.00277984,0.0223314,0.0360452
"19113","Linn County","Iowa",231762,0.820566,0.0726176,0.0297115,0.00184241,0.0309714,0.0442911
"19115","Louisa County","Iowa",10630,0.771402,0.0172154,0.0299153,0.00376294,0.00931326,0.168391
"19117","Lucas County","Iowa",8758,0.943024,0.00536652,0.00639415,0.00239781,0.010048,0.03277
"19119","Lyon County","Iowa",12378,0.925513,0.00452416,0.00945225,0.00290839,0.0129262,0.044676
"19121","Madison County","Iowa",17161,0.948488,0.00501136,0.00844939,0.00273877,0.0108385,0.0244741
"19123","Mahaska County","Iowa",22034,0.914087,0.0201053,0.0231007,0.0029046,0.0123446,0.0274576
"19125","Marion County","Iowa",34048,0.935238,0.00954535,0.0160362,0.00185033,0.0135397,0.0237899
"19127","Marshall County","Iowa",40392,0.645078,0.0255496,0.0469152,0.0048772,0.0161171,0.261463
"19129","Mills County","Iowa",14717,0.923354,0.00794999,0.00536794,0.0047564,0.0147449,0.0438269
"19131","Mitchell County","Iowa",10632,0.943096,0.00790068,0.00761851,0.00150489,0.00686606,0.0330135
"19133","Monona County","Iowa",8429,0.923241,0.00735556,0.00367778,0.0195753,0.0149484,0.0312018
"19135","Monroe County","Iowa",7373,0.945205,0.00935847,0.00515394,0.00298386,0.0131561,0.0241421
"19137","Montgomery County","Iowa",10063,0.923184,0.00894365,0.00486932,0.00566431,0.0126205,0.0447183
"19139","Muscatine County","Iowa",42132,0.74879,0.0269629,0.0103484,0.00289566,0.0137425,0.197261
"19141","O'Brien County","Iowa",14260,0.865217,0.0171809,0.0119916,0.0029453,0.0178121,0.0848527
"19143","Osceola County","Iowa",6036,0.837475,0.0104374,0.019715,0.00447316,0.0130881,0.114811
"19145","Page County","Iowa",15038,0.902846,0.0258678,0.0123687,0.00565235,0.0170235,0.0362415
"19147","Palo Alto County","Iowa",8809,0.916109,0.0143036,0.0114655,0.00454081,0.0123737,0.0412079
"19149","Plymouth County","Iowa",25825,0.870745,0.0249758,0.0163795,0.00418199,0.0122749,0.0714424
"19151","Pocahontas County","Iowa",7006,0.870968,0.011276,0.0304025,0.00342564,0.0176991,0.0662289
"19153","Polk County","Iowa",516185,0.726714,0.0799248,0.0553619,0.00139485,0.0250937,0.11151
"19155","Pottawattamie County","Iowa",93529,0.844241,0.0191812,0.0118573,0.00470442,0.0195127,0.100504
"19157","Poweshiek County","Iowa",18454,0.905766,0.015498,0.0193454,0.00298038,0.0156064,0.0408042
"19159","Ringgold County","Iowa",4608,0.940104,0.00694444,0.0106337,0.00260417,0.0112847,0.0284288
"19161","Sac County","Iowa",9533,0.911675,0.00618903,0.0187769,0.00230777,0.00954579,0.0515053
"19163","Scott County","Iowa",175601,0.772484,0.0823401,0.0342253,0.0018394,0.0310021,0.0781089
"19165","Shelby County","Iowa",11821,0.908806,0.0088825,0.00516031,0.00389138,0.016919,0.0563404
"19167","Sioux County","Iowa",36554,0.82136,0.00642884,0.00965695,0.00210647,0.00760519,0.152842
"19169","Story County","Iowa",102498,0.816074,0.029825,0.0809869,0.00186345,0.0176199,0.0536303
"19171","Tama County","Iowa",16738,0.779185,0.00991755,0.00603417,0.0569961,0.024077,0.12379
"19173","Taylor County","Iowa",5825,0.884807,0.00360515,0.00497854,0.00240343,0.0147639,0.0894421
"19175","Union County","Iowa",11955,0.915684,0.0148892,0.00786282,0.00326223,0.0115433,0.0467587
"19177","Van Buren County","Iowa",7217,0.958986,0.00304836,0.00609672,0.00166274,0.0113621,0.0188444
"19179","Wapello County","Iowa",35681,0.732715,0.0421233,0.054707,0.00283064,0.0162551,0.151369
"19181","Warren County","Iowa",56343,0.919564,0.0118205,0.0104361,0.00232504,0.0135243,0.04233
"19183","Washington County","Iowa",22631,0.88529,0.0101189,0.00702576,0.00194424,0.0113119,0.0843091
"19185","Wayne County","Iowa",6622,0.952733,0.00649351,0.00573845,0.00226518,0.013138,0.0196315
"19187","Webster County","Iowa",36909,0.832019,0.0438917,0.0165542,0.00365764,0.024005,0.0798721
"19189","Winnebago County","Iowa",10383,0.89242,0.0156024,0.0113647,0.00231147,0.0172397,0.0610614
"19191","Winneshiek County","Iowa",19723,0.936369,0.00867008,0.0118643,0.00091264,0.00973483,0.0324494
"19193","Woodbury County","Iowa",107257,0.658064,0.0570965,0.0394939,0.0148708,0.0252944,0.20518
"19195","Worth County","Iowa",7307,0.925414,0.00971671,0.0105378,0.00287396,0.0131381,0.0383194
"19197","Wright County","Iowa",12729,0.747506,0.00927017,0.0058135,0.00329955,0.0117841,0.222327
"20001","Allen County","Kansas",12425,0.884427,0.0208451,0.0104628,0.0094165,0.0291348,0.0457143
"20003","Anderson County","Kansas",7908,0.918816,0.012519,0.00847243,0.00935761,0.022003,0.0288316
"20005","Atchison County","Kansas",16249,0.874515,0.0406794,0.00744661,0.00738507,0.0289249,0.0410487
"20007","Barber County","Kansas",4070,0.907125,0.00958231,0.00663391,0.0117936,0.0203931,0.0444717
"20009","Barton County","Kansas",24835,0.790417,0.0132474,0.00358365,0.0058788,0.0162271,0.170646
"20011","Bourbon County","Kansas",14424,0.890183,0.0296728,0.0119246,0.00922074,0.025305,0.0336938
"20013","Brown County","Kansas",9142,0.825421,0.0168453,0.00907898,0.0651936,0.0308466,0.0526143
"20015","Butler County","Kansas",69158,0.858585,0.0226293,0.022022,0.00808294,0.0248561,0.0638249
"20017","Chase County","Kansas",2507,0.852014,0.0191464,0.0071799,0.00678101,0.0235341,0.0913442
"20019","Chautauqua County","Kansas",3339,0.819407,0.015274,0.00269542,0.0518119,0.0578017,0.0530099
"20021","Cherokee County","Kansas",19133,0.859562,0.0119688,0.0107667,0.0444259,0.042492,0.0307845
"20023","Cheyenne County","Kansas",2646,0.8613,0.00831444,0.0128496,0.00604686,0.010582,0.100907
"20025","Clark County","Kansas",1873,0.80299,0.00533903,0.0170849,0.00907635,0.0288308,0.136679
"20027","Clay County","Kansas",7969,0.909022,0.0176936,0.00715272,0.00527042,0.0205797,0.0402811
"20029","Cloud County","Kansas",8723,0.904161,0.0154763,0.0128396,0.00619053,0.0175398,0.0437923
"20031","Coffey County","Kansas",8301,0.902903,0.00915552,0.00734851,0.0125286,0.0191543,0.0489098
"20033","Comanche County","Kansas",1694,0.886068,0.00767414,0.00295159,0.00413223,0.0188902,0.0802834
"20035","Cowley County","Kansas",34186,0.773299,0.0269409,0.0246885,0.0169368,0.0301,0.128035
"20037","Crawford County","Kansas",38904,0.83192,0.019561,0.0235451,0.00989615,0.0306909,0.0843872
"20039","Decatur County","Kansas",2716,0.891016,0.0121502,0.00220913,0.00883652,0.0202504,0.0655376
"20041","Dickinson County","Kansas",18621,0.884593,0.0126202,0.0076258,0.00724988,0.0259922,0.0619193
"20043","Doniphan County","Kansas",7575,0.87736,0.0311551,0.00580858,0.0135974,0.029571,0.0425083
"20045","Douglas County","Kansas",121989,0.764471,0.0437089,0.054841,0.0213708,0.0414382,0.0741706
"20047","Edwards County","Kansas",2731,0.696814,0.0113512,0.00292933,0.0106188,0.0256316,0.252655
"20049","Elk County","Kansas",2436,0.876847,0.00410509,0.00738916,0.0197044,0.045156,0.046798
"20051","Ellis County","Kansas",29007,0.871859,0.0159272,0.016858,0.00348192,0.0162375,0.0756369
"20053","Ellsworth County","Kansas",6316,0.847688,0.0611146,0.00664978,0.00854972,0.0145662,0.0614313
"20055","Finney County","Kansas",38354,0.355686,0.0435939,0.0362153,0.00396308,0.0120457,0.548496
"20057","Ford County","Kansas",34072,0.337521,0.0249472,0.0135008,0.00457854,0.00909838,0.610355
"20059","Franklin County","Kansas",26273,0.895254,0.0139307,0.00586153,0.00647052,0.0266814,0.0518022
"20061","Geary County","Kansas",35459,0.556784,0.154093,0.0403565,0.00939113,0.05316,0.186215
"20063","Gove County","Kansas",2658,0.927013,0.00714823,0.00978179,0.00150489,0.00940557,0.0451467
"20065","Graham County","Kansas",2370,0.872152,0.0337553,0.0160338,0.00590717,0.02827,0.0438819
"20067","Grant County","Kansas",7097,0.423982,0.00690433,0.00774975,0.00436804,0.0126814,0.544314
"20069","Gray County","Kansas",5730,0.788133,0.00820244,0.00680628,0.0034904,0.013438,0.17993
"20071","Greeley County","Kansas",1152,0.779514,0.00520833,0.00434028,0.0078125,0.0104167,0.192708
"20073","Greenwood County","Kansas",5871,0.904957,0.00868677,0.00323625,0.0141373,0.0269119,0.0420712
"20075","Hamilton County","Kansas",2488,0.502412,0.00723473,0.00482315,0.0104502,0.0148714,0.460209
"20077","Harper County","Kansas",5413,0.863477,0.00886754,0.00480325,0.0134861,0.0229078,0.0864585
"20079","Harvey County","Kansas",33642,0.817609,0.0157244,0.0109684,0.00683669,0.0247904,0.124071
"20081","Haskell County","Kansas",3591,0.640212,0.00417711,0.00696185,0.00501253,0.0147591,0.328878
"20083","Hodgeman County","Kansas",1673,0.836222,0.0239091,0.035266,0.00537956,0.019725,0.0794979
"20085","Jackson County","Kansas",13525,0.818189,0.0102033,0.00879852,0.0641035,0.0295009,0.0692052
"20087","Jefferson County","Kansas",18332,0.918558,0.00889156,0.00458215,0.00954615,0.0202378,0.0381846
"20089","Jewell County","Kansas",2899,0.93446,0.00586409,0.0051742,0.00724388,0.0113832,0.0358744
"20091","Johnson County","Kansas",632276,0.764026,0.0514775,0.0577659,0.00251631,0.0258669,0.0983479
"20093","Kearny County","Kansas",3808,0.58666,0.0105042,0.00630252,0.0144433,0.0175945,0.364496
"20095","Kingman County","Kansas",6946,0.916931,0.00676648,0.00647855,0.00921394,0.0181399,0.0424705
"20097","Kiowa County","Kansas",2436,0.84647,0.0168309,0.0455665,0.0119048,0.023399,0.0558292
"20099","Labette County","Kansas",19692,0.83958,0.0387975,0.00477351,0.0199066,0.0438757,0.0530672
"20101","Lane County","Kansas",1482,0.82861,0.0101215,0.00539811,0.011471,0.0242915,0.120108
"20103","Leavenworth County","Kansas",84670,0.783713,0.0795559,0.0160978,0.00700366,0.0323491,0.0812803
"20105","Lincoln County","Kansas",2928,0.905738,0.0105874,0.00580601,0.00580601,0.0181011,0.0539617
"20107","Linn County","Kansas",9841,0.916777,0.0124987,0.00589371,0.00853572,0.0205264,0.0357687
"20109","Logan County","Kansas",2694,0.859688,0.00927988,0.0103935,0.00705271,0.0226429,0.0909428
"20111","Lyon County","Kansas",32520,0.667774,0.0197417,0.0234317,0.00590406,0.0230935,0.260055
"20115","Marion County","Kansas",11670,0.908997,0.0107112,0.00719794,0.00771208,0.0188518,0.0465296
"20117","Marshall County","Kansas",9950,0.932261,0.00673367,0.0039196,0.00572864,0.018794,0.0325628
"20113","McPherson County","Kansas",30334,0.887915,0.0202413,0.0089998,0.00478011,0.0195161,0.0585482
"20119","Meade County","Kansas",3892,0.731501,0.0267215,0.00899281,0.0107914,0.0113052,0.210689
"20121","Miami County","Kansas",35737,0.906176,0.0117805,0.00993368,0.00640792,0.0207628,0.0449394
"20123","Mitchell County","Kansas",5803,0.929519,0.00448044,0.00792693,0.00551439,0.0148199,0.0377391
"20125","Montgomery County","Kansas",30459,0.778095,0.0458321,0.0110641,0.0298762,0.0488526,0.0862799
"20127","Morris County","Kansas",5279,0.908316,0.0070089,0.0117446,0.00644061,0.0219739,0.044516
"20129","Morton County","Kansas",2485,0.671227,0.01167,0.0144869,0.016499,0.0201207,0.265996
"20131","Nemaha County","Kansas",10062,0.938978,0.00864639,0.00318028,0.0067581,0.0142119,0.028225
"20133","Neosho County","Kansas",15552,0.882973,0.0153678,0.00778035,0.00996656,0.0209619,0.0629501
"20135","Ness County","Kansas",2617,0.830722,0.00878869,0.0022927,0.00611387,0.0141383,0.137944
"20137","Norton County","Kansas",5335,0.858669,0.0389878,0.0138707,0.00393627,0.022493,0.0620431
"20139","Osage County","Kansas",15737,0.92489,0.00845142,0.00425748,0.00654508,0.0189363,0.0369194
"20141","Osborne County","Kansas",3353,0.915598,0.00715777,0.0104384,0.00954369,0.0205786,0.0366836
"20143","Ottawa County","Kansas",5853,0.926021,0.0141808,0.00392961,0.00495472,0.0136682,0.0372459
"20145","Pawnee County","Kansas",6012,0.800898,0.0632069,0.00632069,0.00848303,0.0226214,0.0984697
"20147","Phillips County","Kansas",4733,0.919501,0.00549334,0.0120431,0.00654976,0.0198606,0.0365519
"20149","Pottawatomie County","Kansas",26876,0.881753,0.0134693,0.0116461,0.00595327,0.0233666,0.0638116
"20151","Pratt County","Kansas",9137,0.85411,0.0176207,0.00963117,0.00591004,0.0194812,0.0932472
"20153","Rawlins County","Kansas",2432,0.874589,0.00740132,0.00863487,0.00534539,0.0213816,0.082648
"20155","Reno County","Kansas",61417,0.821092,0.02978,0.00936223,0.00612208,0.0243092,0.109335
"20157","Republic County","Kansas",4613,0.931715,0.00867115,0.00650336,0.00455235,0.0140906,0.0344678
"20159","Rice County","Kansas",9284,0.795993,0.0165877,0.0115252,0.00700129,0.0242352,0.144657
"20161","Riley County","Kansas",72557,0.74274,0.0645699,0.0532547,0.00503053,0.0340698,0.100335
"20163","Rooks County","Kansas",4748,0.911542,0.0179023,0.00947767,0.00526537,0.0195872,0.0362258
"20165","Rush County","Kansas",2810,0.909253,0.00818505,0.00427046,0.00782918,0.0135231,0.0569395
"20167","Russell County","Kansas",6620,0.897432,0.0152568,0.0070997,0.0113293,0.023565,0.0453172
"20169","Saline County","Kansas",53459,0.772704,0.0357844,0.0234198,0.00478872,0.0297424,0.13356
"20171","Scott County","Kansas",4914,0.744811,0.00691901,0.00976801,0.00590151,0.013838,0.218763
"20173","Sedgwick County","Kansas",536081,0.651181,0.0868787,0.0462896,0.00751192,0.0357017,0.172437
"20175","Seward County","Kansas",21276,0.242339,0.0252397,0.0261327,0.00324309,0.0144764,0.688569
"20177","Shawnee County","Kansas",177942,0.716897,0.0762383,0.0165054,0.0088512,0.0381135,0.143395
"20179","Sheridan County","Kansas",2397,0.902378,0.00750939,0.00292032,0.00542345,0.022111,0.0596579
"20181","Sherman County","Kansas",5796,0.822464,0.0113872,0.00793651,0.00431332,0.0203589,0.13354
"20183","Smith County","Kansas",3541,0.926574,0.00621293,0.00508331,0.00649534,0.0242869,0.0313471
"20185","Stafford County","Kansas",3901,0.820302,0.0069213,0.0046142,0.0092284,0.0207639,0.13817
"20187","Stanton County","Kansas",2071,0.43409,0.00965717,0.00193143,0.0120715,0.0352487,0.507001
"20189","Stevens County","Kansas",5035,0.562066,0.00854022,0.00973188,0.00953327,0.011718,0.398411
"20191","Sumner County","Kansas",22336,0.878492,0.0130283,0.00684993,0.0106554,0.0262804,0.0646938
"20193","Thomas County","Kansas",7802,0.868111,0.0112792,0.00897206,0.00563958,0.0138426,0.0921559
"20195","Trego County","Kansas",2774,0.925739,0.00576784,0.0122567,0.00504686,0.0155011,0.0356885
"20197","Wabaunsee County","Kansas",7112,0.896654,0.00871766,0.00745219,0.00970191,0.0251687,0.052306
"20199","Wallace County","Kansas",1472,0.881114,0.013587,0.00203804,0.00611413,0.0169837,0.080163
"20201","Washington County","Kansas",5572,0.915111,0.005743,0.0086145,0.00161522,0.019921,0.048995
"20203","Wichita County","Kansas",2072,0.649131,0.0125483,0.00530888,0.003861,0.0106178,0.318533
"20205","Wilson County","Kansas",8398,0.900929,0.00785901,0.00619195,0.0121457,0.0286973,0.0441772
"20207","Woodson County","Kansas",3111,0.923497,0.00675024,0.00192864,0.0112504,0.0253938,0.0311797
"20209","Wyandotte County","Kansas",169418,0.361355,0.194035,0.0604717,0.0039193,0.0249855,0.355234
"21001","Adair County","Kentucky",19239,0.908103,0.0248973,0.00691304,0.00358646,0.0182962,0.0382036
"21003","Allen County","Kentucky",22037,0.93157,0.0140673,0.00394791,0.00267732,0.0162454,0.0314925
"21005","Anderson County","Kentucky",24883,0.918016,0.0225857,0.00735442,0.00208978,0.0190492,0.0309046
"21007","Ballard County","Kentucky",7626,0.91188,0.0368476,0.00576974,0.00222922,0.0255704,0.0177026
"21009","Barren County","Kentucky",45609,0.880703,0.0386985,0.0119932,0.0022364,0.0186586,0.0477099
"21011","Bath County","Kentucky",12951,0.946491,0.0136669,0.00555942,0.00154428,0.0131264,0.0196124
"21013","Bell County","Kentucky",23051,0.928333,0.0291094,0.00520585,0.0029066,0.0219079,0.0125374
"21015","Boone County","Kentucky",144135,0.821001,0.057238,0.0341,0.00242828,0.0226246,0.062608
"21017","Bourbon County","Kentucky",20333,0.833522,0.0528205,0.00452466,0.00216397,0.0244922,0.0824768
"21019","Boyd County","Kentucky",47777,0.922829,0.0289888,0.00669778,0.00345354,0.0164305,0.0216004
"21021","Boyle County","Kentucky",31394,0.834172,0.0777537,0.0142702,0.0025164,0.0241447,0.0471428
"21023","Bracken County","Kentucky",8497,0.954455,0.0092974,0.00200071,0.00341297,0.0144757,0.0163587
"21025","Breathitt County","Kentucky",12804,0.960481,0.00749766,0.00718525,0.00164011,0.00984067,0.0133552
"21027","Breckinridge County","Kentucky",21221,0.929362,0.0238443,0.00438245,0.00391122,0.0192734,0.0192262
"21029","Bullitt County","Kentucky",85802,0.905433,0.0219925,0.0103844,0.00286707,0.0174588,0.0418638
"21031","Butler County","Kentucky",12551,0.910764,0.00852522,0.0044618,0.00199187,0.0137041,0.0605529
"21033","Caldwell County","Kentucky",12611,0.897074,0.0527317,0.00555071,0.00245817,0.0227579,0.0194275
"21035","Calloway County","Kentucky",38975,0.8722,0.0436947,0.0201924,0.00330981,0.019628,0.040975
"21037","Campbell County","Kentucky",94008,0.90955,0.0290507,0.013552,0.00144669,0.0187324,0.0276679
"21039","Carlisle County","Kentucky",4777,0.904752,0.0173749,0.00439606,0.00481474,0.0272137,0.0414486
"21041","Carroll County","Kentucky",11111,0.868599,0.0187202,0.00648006,0.00315003,0.0223202,0.0807308
"21043","Carter County","Kentucky",26098,0.96402,0.0073952,0.00302705,0.00279715,0.0098475,0.0129129
"21045","Casey County","Kentucky",15948,0.928957,0.0119137,0.00351141,0.00294708,0.0155505,0.0371206
"21047","Christian County","Kentucky",71006,0.636918,0.209757,0.0211531,0.00412641,0.0346872,0.0933583
"21049","Clark County","Kentucky",37673,0.880445,0.0461073,0.00865341,0.00241552,0.0192711,0.0431078
"21051","Clay County","Kentucky",19592,0.923285,0.038332,0.00219477,0.00209269,0.009902,0.0241935
"21053","Clinton County","Kentucky",9183,0.92497,0.00860285,0.00631602,0.00272242,0.0158989,0.0414897
"21055","Crittenden County","Kentucky",8982,0.941104,0.0140281,0.00634603,0.00400802,0.0158094,0.0187041
"21057","Cumberland County","Kentucky",6047,0.919299,0.032082,0.00248057,0.00132297,0.0201753,0.0246403
"21059","Daviess County","Kentucky",104457,0.849737,0.0504035,0.0274371,0.00119666,0.0244598,0.0467657
"21061","Edmonson County","Kentucky",12635,0.940799,0.0154333,0.004907,0.004907,0.013613,0.0203403
"21063","Elliott County","Kentucky",7263,0.920419,0.0446097,0.00357979,0.002616,0.0112901,0.0174859
"21065","Estill County","Kentucky",14002,0.95872,0.00571347,0.0015712,0.00307099,0.0112841,0.0196401
"21067","Fayette County","Kentucky",329437,0.655279,0.160122,0.0515759,0.00139025,0.0305825,0.101051
"21069","Fleming County","Kentucky",15591,0.946764,0.0159708,0.00288628,0.00141107,0.0128279,0.0201398
"21071","Floyd County","Kentucky",34532,0.969188,0.00761612,0.00388046,0.00144793,0.00825321,0.00961427
"21073","Franklin County","Kentucky",52442,0.80426,0.0947904,0.0203844,0.00276496,0.0268106,0.0509897
"21075","Fulton County","Kentucky",6282,0.684655,0.24212,0.00971028,0.00350207,0.0308819,0.0291309
"21077","Gallatin County","Kentucky",8805,0.894492,0.0185122,0.00567859,0.00306644,0.0223737,0.0558773
"21079","Garrard County","Kentucky",18040,0.916796,0.0221729,0.00404656,0.00304878,0.0185144,0.0354213
"21081","Grant County","Kentucky",25722,0.932781,0.0114299,0.00645362,0.00229376,0.0127906,0.0342508
"21083","Graves County","Kentucky",36821,0.834687,0.0388365,0.00605633,0.00247142,0.0293311,0.0886179
"21085","Grayson County","Kentucky",27070,0.948873,0.0133358,0.00362024,0.00221648,0.0140746,0.0178796
"21087","Green County","Kentucky",11552,0.934037,0.0182652,0.00337604,0.00380886,0.0188712,0.0216413
"21089","Greenup County","Kentucky",35273,0.953959,0.00904374,0.00632212,0.00328863,0.0132963,0.0140901
"21091","Hancock County","Kentucky",9013,0.94863,0.0122046,0.00355043,0.00288472,0.0133141,0.0194164
"21093","Hardin County","Kentucky",112826,0.743561,0.116285,0.0270239,0.00354528,0.0401769,0.0694078
"21095","Harlan County","Kentucky",25052,0.948547,0.01924,0.00530896,0.00227527,0.0121348,0.012494
"21097","Harrison County","Kentucky",19525,0.930141,0.0196159,0.00384123,0.00297055,0.0171063,0.0263252
"21099","Hart County","Kentucky",19923,0.913818,0.0385986,0.00511971,0.00255986,0.0169151,0.0229885
"21101","Henderson County","Kentucky",44175,0.845297,0.0848896,0.00633843,0.00219581,0.0247878,0.0364912
"21103","Henry County","Kentucky",16198,0.893999,0.0269786,0.00518583,0.00351895,0.0238918,0.0464255
"21105","Hickman County","Kentucky",4393,0.854769,0.0837696,0.00614614,0.00227635,0.0239017,0.0291373
"21107","Hopkins County","Kentucky",45218,0.862555,0.0656597,0.00915565,0.00214516,0.027865,0.0326198
"21109","Jackson County","Kentucky",13358,0.967061,0.00598892,0.00232071,0.00179668,0.00868393,0.0141488
"21111","Jefferson County","Kentucky",793881,0.604444,0.226238,0.039419,0.000944726,0.0276729,0.101281
"21113","Jessamine County","Kentucky",56495,0.849349,0.0494911,0.018037,0.0025666,0.0223737,0.0581821
"21115","Johnson County","Kentucky",22098,0.964024,0.0053851,0.0084623,0.00167436,0.00968413,0.0107702
"21117","Kenton County","Kentucky",174862,0.85281,0.0516236,0.0171621,0.000932164,0.0230353,0.0544372
"21119","Knott County","Kentucky",13438,0.965099,0.00989731,0.00230689,0.00156273,0.00915315,0.0119809
"21121","Knox County","Kentucky",29657,0.950568,0.0132178,0.00549617,0.00269751,0.0133527,0.0146677
"21123","Larue County","Kentucky",15128,0.908646,0.0277631,0.00482549,0.00390005,0.0196986,0.0351666
"21125","Laurel County","Kentucky",63353,0.949773,0.00923397,0.00748189,0.00303064,0.0127381,0.0177419
"21127","Lawrence County","Kentucky",15798,0.963286,0.00588682,0.00354475,0.00126598,0.0142423,0.0117736
"21129","Lee County","Kentucky",7313,0.934774,0.0343224,0.0028716,0.00437577,0.00929851,0.014358
"21131","Leslie County","Kentucky",9729,0.965978,0.00626991,0.00380306,0.00154178,0.0126426,0.00976462
"21133","Letcher County","Kentucky",20139,0.969115,0.00794478,0.00337653,0.00183723,0.00953374,0.00819306
"21135","Lewis County","Kentucky",12875,0.96699,0.0064466,0.000932039,0.00365049,0.0120388,0.00994175
"21137","Lincoln County","Kentucky",24910,0.929787,0.0232035,0.00345243,0.00272983,0.0170213,0.0238057
"21139","Livingston County","Kentucky",8815,0.935791,0.00964265,0.00442428,0.00442428,0.0186047,0.0271129
"21141","Logan County","Kentucky",28467,0.873538,0.0582429,0.00477746,0.00252924,0.0217093,0.0392033
"21143","Lyon County","Kentucky",9078,0.878828,0.0749064,0.00517735,0.00341485,0.0129985,0.024675
"21151","Madison County","Kentucky",99582,0.877659,0.044737,0.0123014,0.0024402,0.0244723,0.0383905
"21153","Magoffin County","Kentucky",11118,0.974276,0.00404749,0.00224861,0.00350783,0.00908437,0.00683576
"21155","Marion County","Kentucky",19851,0.861418,0.0664954,0.0109314,0.00136013,0.0207546,0.0390409
"21157","Marshall County","Kentucky",31734,0.953993,0.00617634,0.00425411,0.00223735,0.011754,0.0215857
"21159","Martin County","Kentucky",10696,0.875,0.0748878,0.00289828,0.00411369,0.0118736,0.0312266
"21161","Mason County","Kentucky",16956,0.869132,0.0591531,0.0144492,0.00342062,0.0273649,0.0264803
"21145","McCracken County","Kentucky",67550,0.812865,0.110481,0.011399,0.00290155,0.0252406,0.0371132
"21147","McCreary County","Kentucky",16824,0.892653,0.0561103,0.00558726,0.00659772,0.0143248,0.0247266
"21149","McLean County","Kentucky",9126,0.940828,0.0118343,0.00394477,0.00273943,0.0147929,0.0258602
"21163","Meade County","Kentucky",30442,0.878819,0.0369884,0.00946061,0.00479601,0.0229617,0.0469746
"21165","Menifee County","Kentucky",6341,0.954581,0.0102507,0.00362719,0.00268097,0.0134048,0.015455
"21167","Mercer County","Kentucky",23515,0.89849,0.0346587,0.00739953,0.00208378,0.0189666,0.038401
"21169","Metcalfe County","Kentucky",10558,0.926407,0.016954,0.00274673,0.00236787,0.0125971,0.0389278
"21171","Monroe County","Kentucky",11163,0.908806,0.0208725,0.00304578,0.00143331,0.0145122,0.0513303
"21173","Montgomery County","Kentucky",28771,0.918077,0.0234264,0.00500504,0.00222446,0.0142852,0.0369817
"21175","Morgan County","Kentucky",14300,0.884196,0.0465035,0.00965035,0.00272727,0.0128671,0.0440559
"21177","Muhlenberg County","Kentucky",30512,0.919933,0.036248,0.00370346,0.0023925,0.0152071,0.0225157
"21179","Nelson County","Kentucky",48706,0.884142,0.0528477,0.00724757,0.00162198,0.020285,0.0338562
"21181","Nicholas County","Kentucky",7816,0.950358,0.00882805,0.00319857,0.00127943,0.00972364,0.0266121
"21183","Ohio County","Kentucky",23933,0.914595,0.0105294,0.00342623,0.00204738,0.0107383,0.0586638
"21185","Oldham County","Kentucky",70525,0.865239,0.0393761,0.0202907,0.00253811,0.0184048,0.054151
"21187","Owen County","Kentucky",11435,0.942895,0.0131176,0.00244862,0.00236117,0.0102317,0.0289462
"21189","Owsley County","Kentucky",3928,0.952902,0.0106925,0.00101833,0.00381874,0.0119654,0.0196029
"21191","Pendleton County","Kentucky",14844,0.951428,0.0107114,0.00316626,0.00289679,0.0146861,0.0171113
"21193","Perry County","Kentucky",26739,0.950036,0.0163806,0.00886346,0.00198212,0.0123041,0.0104342
"21195","Pike County","Kentucky",55430,0.961844,0.00820855,0.00656684,0.00153347,0.00891214,0.0129352
"21197","Powell County","Kentucky",12928,0.949954,0.0129177,0.00363552,0.00193379,0.014078,0.0174814
"21199","Pulaski County","Kentucky",66842,0.92789,0.0119386,0.00973939,0.00302205,0.0139284,0.0334819
"21201","Robertson County","Kentucky",2382,0.930311,0.0180521,0.00125945,0.000839631,0.0218304,0.0277078
"21203","Rockcastle County","Kentucky",16226,0.960372,0.00530014,0.00191051,0.00412918,0.0131271,0.0151609
"21205","Rowan County","Kentucky",24675,0.930294,0.0194934,0.0077001,0.00206687,0.0137386,0.0267072
"21207","Russell County","Kentucky",18458,0.917543,0.00996858,0.00503847,0.0026005,0.0129483,0.0519016
"21209","Scott County","Kentucky",61700,0.835981,0.0596921,0.0141653,0.00251216,0.0232901,0.0643598
"21211","Shelby County","Kentucky",50124,0.783457,0.0664352,0.00961615,0.00281302,0.0232224,0.114456
"21213","Simpson County","Kentucky",20350,0.835921,0.0874693,0.00953317,0.0031941,0.0233415,0.0405405
"21215","Spencer County","Kentucky",20823,0.927676,0.0185852,0.00710753,0.00235317,0.0146953,0.0295827
"21217","Taylor County","Kentucky",26809,0.876571,0.0527808,0.0111903,0.00175314,0.0231639,0.0345406
"21219","Todd County","Kentucky",12757,0.842518,0.071255,0.00321392,0.00313553,0.0206945,0.0591832
"21221","Trigg County","Kentucky",14559,0.866818,0.0695103,0.00480802,0.00309087,0.0250704,0.0307027
"21223","Trimble County","Kentucky",8591,0.929228,0.00756606,0.00663485,0.00395763,0.0178093,0.0348039
"21225","Union County","Kentucky",13178,0.870314,0.080513,0.00614661,0.00197299,0.0207922,0.020261
"21227","Warren County","Kentucky",147936,0.724381,0.102544,0.0734169,0.0016426,0.024274,0.0737413
"21229","Washington County","Kentucky",12269,0.867797,0.0499633,0.0091287,0.00211916,0.0221697,0.0488222
"21231","Wayne County","Kentucky",19629,0.915686,0.0177289,0.00351521,0.00234347,0.0138061,0.0469204
"21233","Webster County","Kentucky",12854,0.851019,0.0374203,0.00684612,0.00287848,0.0174265,0.0844095
"21235","Whitley County","Kentucky",37233,0.943303,0.0103403,0.00606988,0.00252464,0.0140467,0.0237155
"21237","Wolfe County","Kentucky",6364,0.943275,0.00471402,0.00219987,0.00455688,0.0102137,0.0350409
"21239","Woodford County","Kentucky",27728,0.83926,0.0450087,0.00789815,0.00187536,0.0171307,0.0888272
"22001","Acadia Parish","Louisiana",56604,0.76431,0.175253,0.00367465,0.00358632,0.0166773,0.0364992
"22003","Allen Parish","Louisiana",22501,0.657793,0.206791,0.0064886,0.0203102,0.0216435,0.0869739
"22005","Ascension Parish","Louisiana",133534,0.630094,0.249936,0.0149775,0.00310782,0.0137418,0.0881423
"22007","Assumption Parish","Louisiana",20050,0.647132,0.282244,0.00528678,0.00773067,0.0123192,0.0452868
"22009","Avoyelles Parish","Louisiana",38373,0.629114,0.289214,0.00596774,0.0113882,0.0213431,0.0429729
"22011","Beauregard Parish","Louisiana",36695,0.806649,0.109034,0.00703093,0.00994686,0.0252895,0.0420493
"22013","Bienville Parish","Louisiana",12412,0.538833,0.40203,0.00475346,0.0046729,0.0192556,0.0304544
"22015","Bossier Parish","Louisiana",131102,0.617954,0.244985,0.0188479,0.00484356,0.0242636,0.0891062
"22017","Caddo Parish","Louisiana",224893,0.420867,0.500647,0.0169058,0.00415753,0.0163456,0.0410773
"22019","Calcasieu Parish","Louisiana",206861,0.654111,0.246296,0.0180894,0.00477615,0.0196557,0.0570721
"22021","Caldwell Parish","Louisiana",9393,0.780794,0.164697,0.0039391,0.00415203,0.016821,0.0295965
"22023","Cameron Parish","Louisiana",4678,0.877298,0.0418982,0.00555793,0.0096195,0.022018,0.0436084
"22025","Catahoula Parish","Louisiana",8280,0.635507,0.278019,0.00120773,0.00676329,0.0154589,0.0630435
"22027","Claiborne Parish","Louisiana",13537,0.446258,0.489252,0.00620522,0.0059836,0.0165472,0.0357539
"22029","Concordia Parish","Louisiana",17797,0.544699,0.392313,0.00915885,0.00410181,0.0139349,0.0357925
"22031","De Soto Parish","Louisiana",27274,0.597419,0.333871,0.00601305,0.0109995,0.0177092,0.0339884
"22033","East Baton Rouge Parish","Louisiana",453022,0.41617,0.456958,0.0373094,0.001969,0.0145666,0.0730274
"22035","East Carroll Parish","Louisiana",6892,0.271909,0.683256,0.00464306,0.00377249,0.0111724,0.0252467
"22037","East Feliciana Parish","Louisiana",19112,0.549864,0.40765,0.00313939,0.00413353,0.0138133,0.0214002
"22039","Evangeline Parish","Louisiana",31745,0.649173,0.262845,0.00718223,0.00450465,0.015656,0.0606395
"22041","Franklin Parish","Louisiana",19107,0.650181,0.312817,0.00570472,0.00293086,0.0110954,0.0172712
"22043","Grant Parish","Louisiana",22109,0.740151,0.156497,0.0068298,0.0113528,0.0175494,0.0676195
"22045","Iberia Parish","Louisiana",67540,0.57061,0.320358,0.0259402,0.00479716,0.0201214,0.0581729
"22047","Iberville Parish","Louisiana",29766,0.462978,0.45814,0.00497212,0.00309077,0.0126655,0.0581536
"22049","Jackson Parish","Louisiana",14797,0.675948,0.258025,0.00446036,0.00364939,0.0178415,0.0400757
"22053","Jefferson Davis Parish","Louisiana",31436,0.773699,0.161057,0.0062667,0.0074437,0.0232218,0.0283115
"22051","Jefferson Parish","Louisiana",427253,0.470304,0.261529,0.0461343,0.00370975,0.015485,0.202838
"22055","Lafayette Parish","Louisiana",254241,0.6171,0.269516,0.0217313,0.00319382,0.0166928,0.0717666
"22057","Lafourche Parish","Louisiana",95342,0.742223,0.139372,0.00903065,0.0273542,0.0206205,0.0614
"22059","LaSalle Parish","Louisiana",14702,0.755543,0.123453,0.00428513,0.0119712,0.011223,0.0935247
"22061","Lincoln Parish","Louisiana",48243,0.533943,0.394917,0.0144477,0.00315072,0.0154634,0.0380781
"22063","Livingston Parish","Louisiana",152886,0.792466,0.108826,0.00803867,0.00389179,0.0135133,0.0732637
"22065","Madison Parish","Louisiana",9093,0.328824,0.622677,0.00340922,0.00241944,0.0137468,0.0289233
"22067","Morehouse Parish","Louisiana",23787,0.47404,0.48228,0.00681044,0.00248035,0.0154286,0.0189599
"22069","Natchitoches Parish","Louisiana",35982,0.515563,0.404508,0.00780946,0.0102551,0.0224279,0.0394364
"22071","Orleans Parish","Louisiana",362701,0.30845,0.555595,0.0323021,0.0022167,0.0153791,0.0860571
"22073","Ouachita Parish","Louisiana",157874,0.554607,0.379543,0.0113192,0.0028187,0.012681,0.0390311
"22075","Plaquemines Parish","Louisiana",22289,0.5972,0.210463,0.0471084,0.0149401,0.0261115,0.104177
"22077","Pointe Coupee Parish","Louisiana",19845,0.604182,0.336911,0.00418241,0.00201562,0.0130008,0.0397077
"22079","Rapides Parish","Louisiana",125899,0.595589,0.316452,0.0146069,0.00787933,0.019468,0.0460051
"22081","Red River Parish","Louisiana",7238,0.553053,0.390439,0.00373031,0.00746062,0.0145068,0.0308096
"22083","Richland Parish","Louisiana",19643,0.603268,0.351474,0.00397088,0.00341088,0.0125235,0.0253525
"22085","Sabine Parish","Louisiana",21746,0.672767,0.161363,0.00432263,0.0858549,0.0389037,0.0367884
"22087","St. Bernard Parish","Louisiana",44783,0.548422,0.256928,0.0224192,0.00616305,0.0226872,0.14338
"22089","St. Charles Parish","Louisiana",50400,0.636825,0.245258,0.0120833,0.00349206,0.0147024,0.0876389
"22091","St. Helena Parish","Louisiana",10857,0.454822,0.487888,0.00359215,0.00405268,0.0141844,0.035461
"22093","St. James Parish","Louisiana",19110,0.496494,0.466876,0.00324437,0.00287807,0.00920984,0.0212977
"22095","St. John the Baptist Parish","Louisiana",39694,0.287902,0.581524,0.012294,0.00307351,0.0125712,0.102635
"22097","St. Landry Parish","Louisiana",80869,0.526271,0.41446,0.00537907,0.00342529,0.0146904,0.0357739
"22099","St. Martin Parish","Louisiana",51218,0.636339,0.290952,0.00976219,0.00456871,0.0162833,0.0420946
"22101","St. Mary Parish","Louisiana",46799,0.536635,0.301908,0.0136755,0.0185474,0.0213466,0.107887
"22103","St. Tammany Parish","Louisiana",277615,0.72678,0.146343,0.0161375,0.00455667,0.0187598,0.0874232
"22105","Tangipahoa Parish","Louisiana",139823,0.60706,0.303913,0.00799582,0.00364747,0.0150691,0.0623145
"22107","Tensas Parish","Louisiana",3844,0.414672,0.537461,0.0028616,0.00130073,0.0171696,0.0265349
"22109","Terrebonne Parish","Louisiana",103864,0.639066,0.181141,0.0124201,0.0570843,0.0298949,0.0803936
"22111","Union Parish","Louisiana",20617,0.688752,0.230247,0.00363777,0.00455934,0.00945821,0.0633458
"22113","Vermilion Parish","Louisiana",57641,0.761593,0.144689,0.0208706,0.00378203,0.0163425,0.0527229
"22115","Vernon Parish","Louisiana",45819,0.702438,0.129379,0.0212794,0.0134879,0.0331085,0.100308
"22117","Washington Parish","Louisiana",45090,0.637591,0.300887,0.00365935,0.00419162,0.0169882,0.0366822
"22119","Webster Parish","Louisiana",35184,0.60752,0.336687,0.006196,0.00505912,0.016769,0.0277683
"22121","West Baton Rouge Parish","Louisiana",28425,0.514688,0.414635,0.00615655,0.00235708,0.01365,0.0485136
"22123","West Carroll Parish","Louisiana",9254,0.790469,0.14491,0.00356603,0.00713205,0.0144802,0.0394424
"22125","West Feliciana Parish","Louisiana",15155,0.508611,0.428637,0.00857803,0.00244144,0.0116793,0.0400528
"22127","Winn Parish","Louisiana",13405,0.597762,0.280269,0.00544573,0.0076091,0.0188736,0.090041
"23001","Androscoggin County","Maine",115272,0.871417,0.0655406,0.0110261,0.00403394,0.0242036,0.0237785
"23003","Aroostook County","Maine",66776,0.928957,0.0104079,0.006095,0.0178357,0.0169672,0.0197376
"23005","Cumberland County","Maine",313809,0.87625,0.0456456,0.025353,0.00239636,0.0202066,0.0301489
"23007","Franklin County","Maine",30902,0.943046,0.00796065,0.00673096,0.00482169,0.0179276,0.0195133
"23009","Hancock County","Maine",56946,0.930355,0.0152425,0.0145577,0.00472377,0.0155059,0.0196151
"23011","Kennebec County","Maine",128461,0.928912,0.00914674,0.0122527,0.0049587,0.0204576,0.024272
"23013","Knox County","Maine",40981,0.942437,0.00900417,0.00707645,0.00453869,0.0170323,0.0199117
"23015","Lincoln County","Maine",36491,0.948508,0.00846784,0.00893371,0.00402839,0.0138938,0.0161684
"23017","Oxford County","Maine",60039,0.944386,0.00707873,0.0069788,0.00468029,0.0186545,0.0182215
"23019","Penobscot County","Maine",156840,0.919893,0.0122226,0.0135743,0.0122099,0.0177888,0.0243114
"23021","Piscataquis County","Maine",17432,0.936324,0.00631023,0.0125631,0.00625287,0.0189881,0.0195617
"23023","Sagadahoc County","Maine",37582,0.936007,0.0121601,0.0101112,0.0037784,0.0163908,0.0215529
"23025","Somerset County","Maine",51338,0.947972,0.00654486,0.00594102,0.00560988,0.0164206,0.0175114
"23027","Waldo County","Maine",40617,0.948716,0.00563803,0.00709063,0.00536721,0.0148952,0.0182928
"23029","Washington County","Maine",31383,0.883185,0.00790237,0.00614983,0.0487844,0.0238027,0.0301756
"23031","York County","Maine",220143,0.922264,0.0172206,0.0166028,0.00243932,0.0177521,0.0237209
"24001","Allegany County","Maryland",67097,0.859994,0.0774848,0.0131004,0.0019524,0.0254408,0.0220278
"24003","Anne Arundel County","Maryland",602350,0.61202,0.193537,0.0479206,0.00234083,0.0314568,0.112725
"24510","Baltimore city","Maryland",568271,0.264787,0.591918,0.0299206,0.00266774,0.0229521,0.0877539
"24005","Baltimore County","Maryland",852425,0.504724,0.314336,0.0673291,0.00253512,0.0271097,0.0839663
"24009","Calvert County","Maryland",94913,0.742585,0.141045,0.022547,0.00355062,0.0346739,0.0555983
"24011","Caroline County","Maryland",34248,0.724509,0.131161,0.0121467,0.00364985,0.0255489,0.102984
"24013","Carroll County","Maryland",177108,0.844846,0.0452718,0.0292646,0.00199878,0.0217607,0.056858
"24015","Cecil County","Maryland",106305,0.809623,0.0852265,0.0164527,0.00284088,0.0260571,0.0597996
"24017","Charles County","Maryland",174478,0.302113,0.533162,0.0364974,0.00517544,0.0359702,0.0870826
"24019","Dorchester County","Maryland",33138,0.610749,0.282334,0.0119802,0.00371175,0.0249261,0.0662985
"24021","Frederick County","Maryland",299317,0.640271,0.118356,0.0714193,0.00208141,0.0305596,0.137313
"24023","Garrett County","Maryland",28393,0.953827,0.0116578,0.00514211,0.00221886,0.0115521,0.0156024
"24025","Harford County","Maryland",265514,0.715205,0.157973,0.0340698,0.00211665,0.0283149,0.0623206
"24027","Howard County","Maryland",339668,0.455492,0.20941,0.206964,0.00174288,0.0355965,0.0907945
"24029","Kent County","Maryland",19557,0.767654,0.134223,0.0145217,0.00214757,0.0202485,0.0612057
"24031","Montgomery County","Maryland",1082273,0.396219,0.194209,0.160866,0.00156338,0.0301089,0.217034
"24033","Prince George's County","Maryland",966629,0.107068,0.587834,0.0423348,0.00223457,0.0211943,0.239335
"24035","Queen Anne's County","Maryland",53688,0.837804,0.0593242,0.0137461,0.00258903,0.0205446,0.0659924
"24039","Somerset County","Maryland",25241,0.50517,0.403946,0.0109742,0.00348639,0.0267422,0.0496811
"24037","St. Mary's County","Maryland",116469,0.707381,0.15599,0.0311327,0.00347732,0.036001,0.0660176
"24041","Talbot County","Maryland",38244,0.736848,0.119365,0.0165255,0.00217028,0.0190618,0.10603
"24043","Washington County","Maryland",157228,0.71603,0.135434,0.0229412,0.0019335,0.0319536,0.0917076
"24045","Wicomico County","Maryland",106329,0.581535,0.276613,0.0325123,0.00246405,0.0326063,0.0742695
"24047","Worcester County","Maryland",54337,0.798259,0.120415,0.0167105,0.00279736,0.0197839,0.042034
"25001","Barnstable County","Massachusetts",232570,0.87946,0.0387969,0.0172636,0.0058477,0.0189276,0.0397042
"25003","Berkshire County","Massachusetts",128726,0.85414,0.0356028,0.0211768,0.00186443,0.0238413,0.0633749
"25005","Bristol County","Massachusetts",588593,0.766178,0.0724439,0.0279106,0.00240574,0.0217825,0.109279
"25007","Dukes County","Massachusetts",21061,0.85409,0.0601111,0.0135796,0.0109207,0.0246902,0.0366079
"25009","Essex County","Massachusetts",823938,0.647618,0.0385223,0.0410771,0.00122218,0.014989,0.256571
"25011","Franklin County","Massachusetts",70871,0.882716,0.0149568,0.0213628,0.00331588,0.019726,0.0579221
"25013","Hampden County","Massachusetts",464151,0.588296,0.0826671,0.0283442,0.00151244,0.019248,0.279933
"25015","Hampshire County","Massachusetts",165399,0.805851,0.0313968,0.0610524,0.00168683,0.0229445,0.0770682
"25017","Middlesex County","Massachusetts",1668956,0.667492,0.0565252,0.152105,0.00126906,0.0244776,0.0981308
"25019","Nantucket County","Massachusetts",14670,0.680573,0.0949557,0.0197001,0.00143149,0.0197001,0.18364
"25021","Norfolk County","Massachusetts",740754,0.689599,0.0836189,0.1402,0.00129193,0.0221747,0.0631154
"25023","Plymouth County","Massachusetts",542090,0.78208,0.123821,0.0192016,0.00228006,0.0197274,0.0528897
"25025","Suffolk County","Massachusetts",793144,0.442173,0.189484,0.10254,0.001721,0.0228433,0.241239
"25027","Worcester County","Massachusetts",881248,0.71486,0.0580937,0.0600762,0.00166922,0.0206968,0.144604
"26001","Alcona County","Michigan",10624,0.940418,0.00837726,0.00527108,0.00818901,0.0166604,0.0210843
"26003","Alger County","Michigan",8695,0.822772,0.0755607,0.00540541,0.0449684,0.0324324,0.0188614
"26005","Allegan County","Michigan",122429,0.869696,0.0136977,0.00987511,0.00514584,0.018182,0.0834034
"26007","Alpena County","Michigan",28903,0.945992,0.00750787,0.00574335,0.00723108,0.0153617,0.0181642
"26009","Antrim County","Michigan",24536,0.935564,0.00668406,0.0050538,0.0120231,0.0165879,0.0240871
"26011","Arenac County","Michigan",15087,0.932061,0.0070922,0.00397693,0.0123285,0.0200172,0.0245244
"26013","Baraga County","Michigan",8169,0.731056,0.0680622,0.00514139,0.129636,0.0473742,0.0187293
"26015","Barry County","Michigan",64025,0.923624,0.00888715,0.00632565,0.00496681,0.0178993,0.0382975
"26017","Bay County","Michigan",102651,0.885885,0.0186457,0.00710173,0.00544564,0.0214513,0.0614704
"26019","Benzie County","Michigan",18520,0.92878,0.00890929,0.00583153,0.012311,0.0167387,0.0274298
"26021","Berrien County","Michigan",152703,0.741164,0.135682,0.0240467,0.00535026,0.0265155,0.0672416
"26023","Branch County","Michigan",46187,0.865763,0.0255483,0.00768615,0.00387555,0.017191,0.0799359
"26025","Calhoun County","Michigan",133785,0.753739,0.108854,0.029951,0.00555369,0.0385469,0.0633554
"26027","Cass County","Michigan",51550,0.853404,0.0466149,0.00971872,0.00985451,0.030902,0.0495053
"26029","Charlevoix County","Michigan",26105,0.930243,0.0067037,0.0072783,0.0144034,0.018349,0.0230224
"26031","Cheboygan County","Michigan",25964,0.906178,0.0110923,0.00573872,0.0304267,0.0271915,0.019373
"26033","Chippewa County","Michigan",36253,0.689212,0.0612915,0.00736491,0.162635,0.0553609,0.0241359
"26035","Clare County","Michigan",31405,0.939627,0.00815157,0.00375736,0.00786499,0.0160802,0.0245184
"26037","Clinton County","Michigan",80050,0.879026,0.0197377,0.0206621,0.00433479,0.0217739,0.054466
"26039","Crawford County","Michigan",13599,0.929921,0.00838297,0.0099272,0.00786823,0.0175748,0.0263255
"26041","Delta County","Michigan",36687,0.917464,0.00477008,0.0059149,0.0273121,0.0288931,0.0156459
"26043","Dickinson County","Michigan",25995,0.933872,0.00592422,0.0111945,0.00977111,0.0166955,0.0225428
"26045","Eaton County","Michigan",109494,0.802765,0.072214,0.0271887,0.00412808,0.0272161,0.0664877
"26047","Emmet County","Michigan",33949,0.906978,0.00795311,0.00810039,0.0333736,0.0212377,0.0223571
"26049","Genesee County","Michigan",402279,0.709204,0.197972,0.012981,0.00460874,0.0298723,0.0453616
"26051","Gladwin County","Michigan",25995,0.946874,0.00565493,0.0045778,0.00577034,0.0124639,0.0246586
"26053","Gogebic County","Michigan",14217,0.909686,0.00829992,0.00471267,0.0319336,0.0219456,0.0234227
"26055","Grand Traverse County","Michigan",96625,0.916233,0.00827943,0.0109185,0.0102458,0.0190013,0.0353221
"26057","Gratiot County","Michigan",41372,0.835517,0.063352,0.00529344,0.00514841,0.0132698,0.0774195
"26059","Hillsdale County","Michigan",45590,0.937333,0.00726036,0.00519851,0.0050011,0.015771,0.0294363
"26061","Houghton County","Michigan",38041,0.916143,0.0115665,0.0319655,0.00678216,0.0143792,0.0191635
"26063","Huron County","Michigan",30780,0.939084,0.00679012,0.00789474,0.00471085,0.00961663,0.0319038
"26065","Ingham County","Michigan",290427,0.670478,0.118822,0.0770865,0.00407676,0.0410809,0.088456
"26067","Ionia County","Michigan",66250,0.862657,0.0551849,0.00496604,0.00472453,0.0167547,0.0557132
"26069","Iosco County","Michigan",25361,0.922085,0.00859588,0.0110011,0.00709751,0.0199519,0.0312685
"26071","Iron County","Michigan",11709,0.927748,0.00640533,0.00572209,0.0138355,0.018789,0.0275002
"26073","Isabella County","Michigan",65072,0.835874,0.0279537,0.0187485,0.0320568,0.0306122,0.0547547
"26075","Jackson County","Michigan",160233,0.834759,0.0771502,0.0102538,0.00351987,0.0309612,0.0433556
"26077","Kalamazoo County","Michigan",264780,0.751469,0.114174,0.0332616,0.00365209,0.0361885,0.0612546
"26079","Kalkaska County","Michigan",18618,0.930175,0.00902353,0.0075196,0.00907724,0.0199807,0.0242239
"26081","Kent County","Michigan",673002,0.709702,0.102988,0.0374739,0.00312035,0.0275527,0.119163
"26083","Keweenaw County","Michigan",2161,0.956964,0.00323924,0.00231374,0.00277649,0.016659,0.0180472
"26085","Lake County","Michigan",13005,0.776086,0.0930411,0.00299885,0.00930411,0.0313725,0.0871972
"26087","Lapeer County","Michigan",89168,0.906962,0.0142203,0.00703167,0.00403732,0.0153306,0.0524179
"26089","Leelanau County","Michigan",22871,0.900354,0.00625246,0.0080014,0.0241354,0.016134,0.0451226
"26091","Lenawee County","Michigan",97746,0.854449,0.0235918,0.00504368,0.00382624,0.0201952,0.0928938
"26093","Livingston County","Michigan",196976,0.933312,0.00718362,0.0110521,0.00343697,0.0141946,0.030821
"26095","Luce County","Michigan",6328,0.751106,0.134008,0.0028445,0.0553097,0.034134,0.022598
"26097","Mackinac County","Michigan",11144,0.707735,0.0589555,0.00906317,0.149587,0.0480976,0.0265614
"26099","Macomb County","Michigan",886175,0.738,0.140475,0.0579333,0.00267329,0.0272429,0.0336762
"26101","Manistee County","Michigan",25519,0.882754,0.0337004,0.00536855,0.0205337,0.0200635,0.0375798
"26103","Marquette County","Michigan",67979,0.913532,0.0155342,0.00856147,0.0197414,0.020727,0.0219038
"26105","Mason County","Michigan",29093,0.900732,0.008765,0.0102774,0.0090056,0.0196955,0.0515244
"26107","Mecosta County","Michigan",41947,0.901447,0.0244594,0.00932129,0.00686581,0.0250316,0.0328748
"26109","Menominee County","Michigan",23050,0.912798,0.009718,0.00577007,0.0280694,0.0160521,0.0275922
"26111","Midland County","Michigan",84022,0.903561,0.0136512,0.0240889,0.00464164,0.017662,0.0363952
"26113","Missaukee County","Michigan",15239,0.928801,0.00603714,0.00524969,0.00629963,0.016799,0.0368134
"26115","Monroe County","Michigan",156045,0.892377,0.0301836,0.00718383,0.00313371,0.0196161,0.0475055
"26117","Montcalm County","Michigan",69314,0.877673,0.0449837,0.00509277,0.00568428,0.0166777,0.0498889
"26119","Montmorency County","Michigan",9828,0.942816,0.00549451,0.00498575,0.00854701,0.017908,0.0202483
"26121","Muskegon County","Michigan",177428,0.756256,0.131676,0.00674076,0.00690421,0.0317143,0.0667087
"26123","Newaygo County","Michigan",51504,0.890746,0.0117078,0.00528114,0.00700916,0.0193383,0.0659172
"26125","Oakland County","Michigan",1296888,0.687592,0.134804,0.0991258,0.00240113,0.0228501,0.0532266
"26127","Oceana County","Michigan",27014,0.805952,0.00980973,0.00303546,0.00869919,0.0147701,0.157733
"26129","Ogemaw County","Michigan",20985,0.932333,0.00705266,0.0108173,0.00900643,0.0161067,0.0246843
"26131","Ontonagon County","Michigan",5824,0.926683,0.00738324,0.00875687,0.0183723,0.0180288,0.0207761
"26133","Osceola County","Michigan",23484,0.931826,0.0101346,0.00545052,0.00757963,0.0208227,0.0241867
"26135","Oscoda County","Michigan",8596,0.937529,0.00884132,0.00465333,0.0102373,0.017101,0.021638
"26137","Otsego County","Michigan",26083,0.930491,0.00751447,0.00954645,0.008818,0.0210865,0.0225434
"26139","Ottawa County","Michigan",306235,0.823779,0.0183552,0.0299672,0.00275605,0.018734,0.106408
"26141","Presque Isle County","Michigan",13230,0.94641,0.00634921,0.00589569,0.00914588,0.0134543,0.0187453
"26143","Roscommon County","Michigan",23932,0.941208,0.00626776,0.00718703,0.00793916,0.0158783,0.0215193
"26145","Saginaw County","Michigan",187714,0.68305,0.181761,0.0133554,0.00352664,0.0239407,0.094367
"26151","Sanilac County","Michigan",40293,0.928474,0.00630382,0.00439282,0.00461619,0.0125084,0.0437049
"26153","Schoolcraft County","Michigan",8178,0.840181,0.00599169,0.00513573,0.0917095,0.037662,0.0193201
"26155","Shiawassee County","Michigan",67982,0.932144,0.0073696,0.00603101,0.004207,0.01571,0.0345386
"26147","St. Clair County","Michigan",160308,0.902082,0.0246588,0.00651246,0.00418569,0.0233862,0.0391746
"26149","St. Joseph County","Michigan",61171,0.838862,0.0233607,0.00817381,0.00393978,0.0253388,0.100325
"26157","Tuscola County","Michigan",52757,0.923783,0.0125102,0.00348769,0.00614137,0.0128703,0.0412078
"26159","Van Buren County","Michigan",76129,0.79515,0.033036,0.00798644,0.00701441,0.026061,0.130752
"26161","Washtenaw County","Michigan",373875,0.675819,0.117483,0.108191,0.00264527,0.0351321,0.0607289
"26163","Wayne County","Michigan",1771063,0.48653,0.3693,0.04126,0.00329294,0.0279956,0.0716208
"26165","Wexford County","Michigan",34460,0.927597,0.00795125,0.00725479,0.00650029,0.0198491,0.0308474
"27001","Aitkin County","Minnesota",16335,0.93517,0.00563208,0.00422406,0.0219161,0.0166514,0.0164065
"27003","Anoka County","Minnesota",376840,0.734864,0.0995356,0.0677502,0.00562573,0.0294502,0.0627747
"27005","Becker County","Minnesota",35444,0.860823,0.00679946,0.00742016,0.0683049,0.0337152,0.0229376
"27007","Beltrami County","Minnesota",46762,0.714533,0.00810487,0.00908858,0.206685,0.0349643,0.0266242
"27009","Benton County","Minnesota",41881,0.861584,0.0571142,0.0137294,0.00477544,0.0232325,0.0395645
"27011","Big Stone County","Minnesota",5067,0.933689,0.00789422,0.00651273,0.0071048,0.0136175,0.0311822
"27013","Blue Earth County","Minnesota",70700,0.837595,0.0569165,0.0283593,0.00339463,0.0224894,0.0512447
"27015","Brown County","Minnesota",25710,0.91583,0.0075846,0.00746791,0.00213925,0.0092182,0.0577596
"27017","Carlton County","Minnesota",36745,0.870894,0.0195673,0.00737515,0.0529052,0.0273779,0.0218805
"27019","Carver County","Minnesota",112628,0.8596,0.0241503,0.04102,0.00229961,0.0191871,0.0537433
"27021","Cass County","Minnesota",31442,0.837924,0.00451625,0.00518415,0.104892,0.026366,0.0211182
"27023","Chippewa County","Minnesota",12299,0.801691,0.0100821,0.0360192,0.0117896,0.0202455,0.120172
"27025","Chisago County","Minnesota",59105,0.905389,0.015887,0.0252601,0.00725827,0.0158362,0.0303697
"27027","Clay County","Minnesota",66848,0.831094,0.0592688,0.015064,0.0160813,0.0259993,0.0524922
"27029","Clearwater County","Minnesota",8630,0.843337,0.00695249,0.00498262,0.0928158,0.0407879,0.011124
"27031","Cook County","Minnesota",5571,0.826064,0.0170526,0.0111291,0.0755699,0.0317717,0.0384132
"27033","Cottonwood County","Minnesota",11338,0.786558,0.0142882,0.049656,0.00414535,0.0167578,0.128594
"27035","Crow Wing County","Minnesota",68642,0.939804,0.00862446,0.00622068,0.00900323,0.0186912,0.0176568
"27037","Dakota County","Minnesota",453156,0.722241,0.0955587,0.0584192,0.00351314,0.0289459,0.0913218
"27039","Dodge County","Minnesota",21242,0.900339,0.0101215,0.00889747,0.00334243,0.0199605,0.0573392
"27041","Douglas County","Minnesota",39933,0.945333,0.00688653,0.00736233,0.00398167,0.0111937,0.0252423
"27043","Faribault County","Minnesota",13886,0.882976,0.00965001,0.004825,0.00360075,0.0152672,0.0836814
"27045","Fillmore County","Minnesota",21502,0.951446,0.00665054,0.00753418,0.00162776,0.0109757,0.0217654
"27047","Freeborn County","Minnesota",30314,0.813288,0.0147787,0.0405753,0.00372765,0.0157683,0.111863
"27049","Goodhue County","Minnesota",47982,0.903547,0.0147139,0.00885749,0.0106498,0.0175482,0.0446834
"27051","Grant County","Minnesota",6109,0.931904,0.0091668,0.00474709,0.00556556,0.0183336,0.0302832
"27053","Hennepin County","Minnesota",1273334,0.655363,0.147674,0.0782701,0.00637146,0.0319571,0.0803646
"27055","Houston County","Minnesota",18352,0.948071,0.00746513,0.0102441,0.00343287,0.0146578,0.016129
"27057","Hubbard County","Minnesota",22050,0.917324,0.00453515,0.00539683,0.0237642,0.0202721,0.0287075
"27059","Isanti County","Minnesota",43687,0.907341,0.0116511,0.0220661,0.00705015,0.0220432,0.0298487
"27061","Itasca County","Minnesota",45442,0.914506,0.00565556,0.00415915,0.0338233,0.025263,0.0165926
"27063","Jackson County","Minnesota",9861,0.891999,0.0113579,0.0189636,0.00436061,0.0170368,0.0562823
"27065","Kanabec County","Minnesota",16608,0.933225,0.00692437,0.00963391,0.00897158,0.0215559,0.0196893
"27067","Kandiyohi County","Minnesota",44674,0.746945,0.0599902,0.0163406,0.00342481,0.0102968,0.163003
"27069","Kittson County","Minnesota",3992,0.925601,0.0102705,0.00701403,0.00300601,0.0225451,0.0315631
"27071","Koochiching County","Minnesota",11594,0.9197,0.00819389,0.00698637,0.0265655,0.0213904,0.0171641
"27073","Lac qui Parle County","Minnesota",6636,0.922544,0.00557565,0.0108499,0.00241109,0.0168776,0.041742
"27075","Lake County","Minnesota",10698,0.945597,0.00579548,0.00542157,0.00869321,0.0179473,0.0165451
"27077","Lake of the Woods County","Minnesota",3797,0.914143,0.00895444,0.0168554,0.0129049,0.0271267,0.0200158
"27079","Le Sueur County","Minnesota",29458,0.891133,0.00974268,0.00835087,0.0040736,0.0130355,0.0736642
"27081","Lincoln County","Minnesota",5564,0.939073,0.00359454,0.00826743,0.00485262,0.0132998,0.030913
"27083","Lyon County","Minnesota",25577,0.805841,0.0302616,0.0530555,0.00566916,0.0152481,0.0899245
"27087","Mahnomen County","Minnesota",5296,0.451662,0.00490937,0.00113293,0.402757,0.0940332,0.045506
"27089","Marshall County","Minnesota",8771,0.918139,0.00649869,0.00456048,0.00581462,0.0141375,0.0508494
"27091","Martin County","Minnesota",19561,0.886151,0.0076172,0.0102244,0.00495885,0.0111446,0.0799039
"27085","McLeod County","Minnesota",36780,0.885345,0.00875476,0.00848287,0.00396955,0.0115824,0.0818651
"27093","Meeker County","Minnesota",23491,0.925163,0.00591716,0.00613001,0.0029373,0.0101741,0.0496786
"27095","Mille Lacs County","Minnesota",27577,0.88523,0.00786888,0.00844907,0.0484824,0.0232077,0.0267614
"27097","Morrison County","Minnesota",34520,0.951043,0.00672074,0.00501159,0.00373696,0.012022,0.0214658
"27099","Mower County","Minnesota",40900,0.711198,0.0405134,0.0781174,0.00246944,0.019511,0.148191
"27101","Murray County","Minnesota",8044,0.901169,0.00546992,0.0212581,0.00298359,0.0116857,0.0574341
"27103","Nicollet County","Minnesota",34493,0.858319,0.0475749,0.0170179,0.0047256,0.0163511,0.0560114
"27105","Nobles County","Minnesota",21969,0.511903,0.0404206,0.0623606,0.00368701,0.0114252,0.370203
"27107","Norman County","Minnesota",6284,0.86585,0.00763845,0.00636537,0.0218014,0.0340547,0.0642903
"27109","Olmsted County","Minnesota",166424,0.753731,0.0831431,0.0705728,0.00308249,0.0259878,0.0634824
"27111","Otter Tail County","Minnesota",60884,0.913639,0.0151436,0.00606071,0.0063235,0.0148479,0.0439853
"27113","Pennington County","Minnesota",13652,0.882728,0.0116466,0.0128919,0.0184588,0.0216818,0.052593
"27115","Pine County","Minnesota",30319,0.878591,0.0232527,0.0119397,0.0299152,0.0245391,0.0317623
"27117","Pipestone County","Minnesota",9100,0.848022,0.0127473,0.0110989,0.0163736,0.0198901,0.0918681
"27119","Polk County","Minnesota",30413,0.849439,0.0274882,0.00930523,0.0165719,0.0238385,0.0733568
"27121","Pope County","Minnesota",11495,0.944933,0.00600261,0.00748151,0.0046107,0.0137451,0.0232275
"27123","Ramsey County","Minnesota",542015,0.576384,0.135998,0.161304,0.00545557,0.0340396,0.0868186
"27125","Red Lake County","Minnesota",3882,0.90881,0.00901597,0.00412159,0.0175167,0.0200927,0.0404431
"27127","Redwood County","Minnesota",15254,0.848171,0.0099646,0.029566,0.0441196,0.0215681,0.0466107
"27129","Renville County","Minnesota",14453,0.844669,0.00899467,0.00857953,0.0116931,0.0152909,0.110773
"27131","Rice County","Minnesota",69025,0.767751,0.0783194,0.0233104,0.00482434,0.0177907,0.108004
"27133","Rock County","Minnesota",9525,0.909081,0.0111286,0.00986877,0.00766404,0.016273,0.0459843
"27135","Roseau County","Minnesota",15265,0.897674,0.00989191,0.0249591,0.0207009,0.0211595,0.0256142
"27139","Scott County","Minnesota",157206,0.753934,0.0764602,0.0696538,0.00713713,0.0240385,0.068776
"27141","Sherburne County","Minnesota",103059,0.862487,0.0537847,0.0190376,0.0054823,0.0217351,0.0374737
"27143","Sibley County","Minnesota",15194,0.862643,0.00967487,0.00908253,0.0038173,0.0151376,0.0996446
"27137","St. Louis County","Minnesota",200794,0.902726,0.0154636,0.0124506,0.0218234,0.0265496,0.0209867
"27145","Stearns County","Minnesota",163997,0.790161,0.109862,0.0242139,0.00300005,0.0196467,0.0531168
"27147","Steele County","Minnesota",37434,0.842363,0.0377464,0.00972378,0.00315221,0.014372,0.0926431
"27149","Stevens County","Minnesota",9819,0.797128,0.0150728,0.0176189,0.0120175,0.0233221,0.134841
"27151","Swift County","Minnesota",9666,0.862404,0.0118974,0.022036,0.00589696,0.0213118,0.0764535
"27153","Todd County","Minnesota",25955,0.859757,0.00666538,0.00612599,0.00446927,0.0139472,0.109035
"27155","Traverse County","Minnesota",3134,0.842055,0.00893427,0.00765795,0.0491385,0.0223357,0.0698787
"27157","Wabasha County","Minnesota",21574,0.934226,0.00639659,0.00699917,0.00241031,0.0127005,0.0372671
"27159","Wadena County","Minnesota",14437,0.92824,0.00983584,0.00561058,0.00755005,0.0207799,0.0279837
"27161","Waseca County","Minnesota",18684,0.867266,0.020927,0.00968743,0.00583387,0.0157889,0.0804967
"27163","Washington County","Minnesota",283960,0.76371,0.0623679,0.0873468,0.00380335,0.0262678,0.0565044
"27165","Watonwan County","Minnesota",11204,0.644591,0.00731881,0.0128526,0.00294538,0.00749732,0.324795
"27167","Wilkin County","Minnesota",6268,0.896777,0.00909381,0.005903,0.015635,0.0247288,0.0478622
"27169","Winona County","Minnesota",49973,0.890581,0.0227323,0.0282152,0.00340184,0.0149881,0.0400816
"27171","Wright County","Minnesota",154593,0.882737,0.0332551,0.0217216,0.00348657,0.019768,0.0390315
"27173","Yellow Medicine County","Minnesota",9373,0.871226,0.00949536,0.00672143,0.0342473,0.0179238,0.0603862
"28001","Adams County","Mississippi",28674,0.368487,0.572923,0.00554509,0.00728883,0.0112297,0.0345261
"28003","Alcorn County","Mississippi",34228,0.813165,0.122969,0.006632,0.00306766,0.0143158,0.0398504
"28005","Amite County","Mississippi",12451,0.588627,0.380371,0.00321259,0.00345354,0.00979841,0.014537
"28007","Attala County","Mississippi",17222,0.516084,0.442864,0.00435489,0.00307746,0.0107421,0.0228777
"28009","Benton County","Mississippi",7566,0.606133,0.342057,0.00277557,0.00515464,0.0151996,0.0286809
"28011","Bolivar County","Mississippi",28395,0.316887,0.635464,0.0094735,0.00147913,0.00869871,0.0279979
"28013","Calhoun County","Mississippi",12754,0.63337,0.275443,0.00180336,0.00305786,0.0164654,0.0698604
"28015","Carroll County","Mississippi",9378,0.630198,0.3328,0.00341224,0.00170612,0.0116229,0.0202602
"28017","Chickasaw County","Mississippi",16774,0.496125,0.438536,0.00441159,0.00280196,0.0157386,0.042387
"28019","Choctaw County","Mississippi",8091,0.673712,0.284637,0.00482017,0.00160672,0.0139661,0.0212582
"28021","Claiborne County","Mississippi",8122,0.116966,0.846097,0.00763359,0.00246245,0.0105885,0.0162522
"28023","Clarke County","Mississippi",15155,0.62514,0.346156,0.0021775,0.00468492,0.00936984,0.0124711
"28025","Clay County","Mississippi",18213,0.371383,0.599791,0.00450228,0.00247076,0.00878493,0.0130676
"28027","Coahoma County","Mississippi",20105,0.181696,0.752848,0.00636658,0.00174086,0.00696344,0.0503855
"28029","Copiah County","Mississippi",27536,0.433178,0.492083,0.00432162,0.00254213,0.0113306,0.0565442
"28031","Covington County","Mississippi",18015,0.595004,0.355704,0.00549542,0.00183181,0.014932,0.027033
"28033","DeSoto County","Mississippi",195871,0.542219,0.358425,0.0194056,0.00181752,0.0169652,0.0611678
"28035","Forrest County","Mississippi",78435,0.559036,0.363282,0.0124689,0.00252438,0.0163065,0.0463824
"28037","Franklin County","Mississippi",7516,0.624933,0.340474,0.00159659,0.00319319,0.0145024,0.0153007
"28039","George County","Mississippi",25880,0.863331,0.0751546,0.00753478,0.00440495,0.0156105,0.0339645
"28041","Greene County","Mississippi",13675,0.708373,0.258062,0.00226691,0.00372943,0.0101645,0.017404
"28043","Grenada County","Mississippi",20931,0.526492,0.438249,0.00487315,0.00281879,0.0121351,0.0154317
"28045","Hancock County","Mississippi",46492,0.838166,0.0821647,0.0104964,0.00608707,0.0204982,0.042588
"28047","Harrison County","Mississippi",213730,0.608815,0.25689,0.03059,0.00319562,0.0267487,0.0737613
"28049","Hinds County","Mississippi",211975,0.226357,0.730544,0.00933129,0.000627432,0.00926524,0.0238755
"28051","Holmes County","Mississippi",15560,0.154627,0.821015,0.00302057,0.00147815,0.00848329,0.0113753
"28053","Humphreys County","Mississippi",7121,0.198568,0.770397,0.00716192,0.000983008,0.0089875,0.0139025
"28055","Issaquena County","Mississippi",1295,0.281853,0.622394,0.00617761,0.0030888,0.0015444,0.0849421
"28057","Itawamba County","Mississippi",24198,0.881932,0.078147,0.00590958,0.00293413,0.0123151,0.0187619
"28059","Jackson County","Mississippi",147002,0.661685,0.207433,0.0236731,0.00397954,0.0210337,0.0821962
"28061","Jasper County","Mississippi",15799,0.447307,0.519273,0.00215203,0.003861,0.0103804,0.0170264
"28063","Jefferson County","Mississippi",6900,0.134493,0.837246,0.00304348,0.00304348,0.0107246,0.0114493
"28065","Jefferson Davis County","Mississippi",11059,0.381499,0.588299,0.00388824,0.00298399,0.0101275,0.0132019
"28067","Jones County","Mississippi",65837,0.628613,0.285827,0.0044352,0.00507314,0.0106931,0.0653584
"28069","Kemper County","Mississippi",8562,0.329246,0.604532,0.00303667,0.0404111,0.0117963,0.0109787
"28071","Lafayette County","Mississippi",59843,0.691677,0.230252,0.0267032,0.00227261,0.0115803,0.0375148
"28073","Lamar County","Mississippi",66734,0.702475,0.228654,0.0162736,0.0024725,0.0129769,0.0371475
"28075","Lauderdale County","Mississippi",70588,0.503825,0.445302,0.00925086,0.00279084,0.0114042,0.0274268
"28077","Lawrence County","Mississippi",11672,0.638023,0.319825,0.00462646,0.0023989,0.0120802,0.0230466
"28079","Leake County","Mississippi",21462,0.460395,0.383795,0.00577765,0.0597335,0.012161,0.0781381
"28081","Lee County","Mississippi",83012,0.621946,0.312738,0.0112996,0.00227678,0.0149617,0.0367778
"28083","Leflore County","Mississippi",26157,0.206216,0.743281,0.00730206,0.00141454,0.00607868,0.0357075
"28085","Lincoln County","Mississippi",34956,0.668841,0.295572,0.00801007,0.00260327,0.0106992,0.0142751
"28087","Lowndes County","Mississippi",57210,0.494284,0.454886,0.0100157,0.00256948,0.0137913,0.0244538
"28089","Madison County","Mississippi",114247,0.535559,0.377918,0.0344167,0.0014705,0.00985584,0.0407801
"28091","Marion County","Mississippi",24008,0.646368,0.310938,0.00537321,0.0022909,0.0140786,0.0209513
"28093","Marshall County","Mississippi",34374,0.481381,0.4385,0.00445104,0.00331646,0.0138186,0.0585326
"28095","Monroe County","Mississippi",33483,0.662963,0.30299,0.0037631,0.00274766,0.0106024,0.016934
"28097","Montgomery County","Mississippi",9411,0.518861,0.443736,0.00733185,0.00329402,0.0102008,0.0165763
"28099","Neshoba County","Mississippi",28973,0.570497,0.216339,0.00666137,0.163324,0.0219515,0.0212267
"28101","Newton County","Mississippi",21063,0.595452,0.312159,0.00602953,0.0521768,0.0136733,0.0205099
"28103","Noxubee County","Mississippi",9825,0.259644,0.707481,0.003257,0.00254453,0.00712468,0.0199491
"28105","Oktibbeha County","Mississippi",51965,0.54529,0.376157,0.0393534,0.00225152,0.0121813,0.0247667
"28107","Panola County","Mississippi",32764,0.466121,0.494048,0.00235014,0.00293005,0.0123001,0.02225
"28109","Pearl River County","Mississippi",59030,0.804811,0.117923,0.00513298,0.0058106,0.019092,0.0472302
"28111","Perry County","Mississippi",11406,0.7724,0.184727,0.00192881,0.00473435,0.0143784,0.0218306
"28113","Pike County","Mississippi",38980,0.4108,0.551103,0.00651616,0.00387378,0.00956901,0.0181375
"28115","Pontotoc County","Mississippi",32014,0.741988,0.157931,0.00415443,0.00196789,0.0160555,0.0779034
"28117","Prentiss County","Mississippi",25489,0.799482,0.156852,0.0119267,0.00196163,0.0137314,0.0160461
"28119","Quitman County","Mississippi",5542,0.238903,0.730242,0.00342837,0.00306748,0.0178636,0.00649585
"28121","Rankin County","Mississippi",160573,0.703593,0.230014,0.0168584,0.00147596,0.0125301,0.035529
"28123","Scott County","Mississippi",27666,0.459481,0.35278,0.00581942,0.00408444,0.0126148,0.165221
"28125","Sharkey County","Mississippi",3234,0.22851,0.722635,0.0105133,0.000927644,0.0105133,0.0269017
"28127","Simpson County","Mississippi",25597,0.611126,0.348556,0.00625073,0.00218776,0.0136735,0.0182053
"28129","Smith County","Mississippi",14051,0.727564,0.239983,0.00234859,0.00249093,0.00918084,0.0184329
"28131","Stone County","Mississippi",19569,0.759824,0.183709,0.00516122,0.00480352,0.0167101,0.029792
"28133","Sunflower County","Mississippi",23029,0.225021,0.726475,0.00529767,0.00273568,0.00729515,0.0331756
"28135","Tallahatchie County","Mississippi",10921,0.37579,0.575863,0.00695907,0.00173977,0.0119037,0.0277447
"28137","Tate County","Mississippi",28551,0.644076,0.301566,0.0030822,0.00245175,0.0129242,0.0359007
"28139","Tippah County","Mississippi",21423,0.757924,0.162536,0.00378098,0.00270737,0.0150306,0.0580218
"28141","Tishomingo County","Mississippi",18553,0.916456,0.0300221,0.00285668,0.00264108,0.0114267,0.0365979
"28143","Tunica County","Mississippi",9157,0.176914,0.776237,0.00829966,0.00229333,0.0102654,0.025991
"28145","Union County","Mississippi",28363,0.764306,0.156119,0.00969573,0.00193915,0.0175581,0.0503825
"28147","Walthall County","Mississippi",13839,0.529229,0.417516,0.00939374,0.0057085,0.0158248,0.0223282
"28149","Warren County","Mississippi",42105,0.459423,0.495262,0.00900131,0.00273127,0.0104738,0.0231089
"28151","Washington County","Mississippi",41181,0.235691,0.731551,0.00706637,0.00145698,0.00709065,0.0171438
"28153","Wayne County","Mississippi",19749,0.561953,0.400932,0.00319003,0.0022786,0.0120006,0.0196466
"28155","Webster County","Mississippi",10039,0.778663,0.177109,0.00229106,0.00418368,0.0162367,0.0215161
"28157","Wilkinson County","Mississippi",7820,0.288491,0.683248,0.00102302,0.00242967,0.0102302,0.014578
"28159","Winston County","Mississippi",17418,0.491962,0.459812,0.0038466,0.0113676,0.0141233,0.0188885
"28161","Yalobusha County","Mississippi",12458,0.575775,0.382806,0.00296998,0.00296998,0.0162948,0.0191845
"28163","Yazoo County","Mississippi",23024,0.367052,0.584694,0.00577658,0.00230195,0.0109017,0.0292738
"29001","Adair County","Missouri",25660,0.864809,0.0481294,0.0284879,0.00389712,0.0220577,0.0326189
"29003","Andrew County","Missouri",18091,0.93096,0.012603,0.00757283,0.00359295,0.016417,0.0288541
"29005","Atchison County","Missouri",5139,0.946682,0.00661607,0.00486476,0.00291886,0.0120646,0.0268535
"29007","Audrain County","Missouri",24304,0.875206,0.0555876,0.00711817,0.00539006,0.022342,0.0343565
"29009","Barry County","Missouri",35618,0.826717,0.00662586,0.0298725,0.0104161,0.0197653,0.106603
"29011","Barton County","Missouri",11717,0.91235,0.00768115,0.00708372,0.013314,0.0241529,0.0354186
"29013","Bates County","Missouri",16394,0.921984,0.0153105,0.00457484,0.00780773,0.0207393,0.029584
"29015","Benton County","Missouri",20614,0.935675,0.00776172,0.00557873,0.00795576,0.0191132,0.0239158
"29017","Bollinger County","Missouri",10610,0.94656,0.00697455,0.00301602,0.00744581,0.0174364,0.0185674
"29019","Boone County","Missouri",192154,0.756794,0.099795,0.059369,0.00309647,0.0339207,0.0470248
"29021","Buchanan County","Missouri",83574,0.798143,0.0576734,0.0218848,0.00470242,0.0301051,0.0874913
"29023","Butler County","Missouri",41814,0.8677,0.0591907,0.0101162,0.00602669,0.0301813,0.0267853
"29025","Caldwell County","Missouri",9000,0.925444,0.0104444,0.00744444,0.00666667,0.0246667,0.0253333
"29027","Callaway County","Missouri",45126,0.883083,0.0495723,0.00906351,0.00525196,0.0255507,0.0274786
"29029","Camden County","Missouri",44135,0.925093,0.00962955,0.00697859,0.00609494,0.0149541,0.0372493
"29031","Cape Girardeau County","Missouri",83658,0.83766,0.0811996,0.0213488,0.00254608,0.0253652,0.0318798
"29033","Carroll County","Missouri",8414,0.93083,0.0213929,0.00320894,0.00344664,0.014975,0.0261469
"29035","Carter County","Missouri",5359,0.923307,0.00765068,0.00167942,0.0132487,0.0248181,0.0292965
"29037","Cass County","Missouri",113873,0.842386,0.057125,0.0103449,0.00512852,0.0269774,0.0580383
"29039","Cedar County","Missouri",15023,0.928576,0.00885309,0.00605738,0.00905279,0.0215004,0.0259602
"29041","Chariton County","Missouri",7397,0.931729,0.0297418,0.00216304,0.00459646,0.0155468,0.0162228
"29043","Christian County","Missouri",96045,0.907627,0.0113593,0.00991202,0.00598678,0.0230517,0.0420636
"29045","Clark County","Missouri",6623,0.961347,0.0054356,0.00437868,0.00181187,0.0154009,0.0116262
"29047","Clay County","Missouri",263370,0.766192,0.0817975,0.0315412,0.00439686,0.0301097,0.0859627
"29049","Clinton County","Missouri",21721,0.924221,0.0141798,0.00589291,0.00630726,0.0199807,0.0294185
"29051","Cole County","Missouri",77625,0.80344,0.114834,0.0168502,0.00329791,0.0234718,0.0381063
"29053","Cooper County","Missouri",17122,0.88325,0.0547249,0.00846864,0.00543161,0.024413,0.0237122
"29055","Crawford County","Missouri",22808,0.941819,0.0072343,0.0045598,0.00591898,0.0145125,0.0259558
"29057","Dade County","Missouri",7622,0.921674,0.00629756,0.00564156,0.00997114,0.0321438,0.0242718
"29059","Dallas County","Missouri",17877,0.93198,0.00688035,0.00570566,0.00822286,0.0220954,0.0251161
"29061","Daviess County","Missouri",8541,0.951294,0.00608828,0.00386372,0.00480037,0.0149865,0.0189673
"29063","DeKalb County","Missouri",9884,0.908236,0.0357143,0.00677863,0.0057669,0.0183124,0.0251922
"29065","Dent County","Missouri",14721,0.928673,0.00747232,0.00889885,0.0112085,0.0196997,0.0240473
"29067","Douglas County","Missouri",12290,0.922864,0.00829943,0.00471928,0.0098454,0.0271766,0.0270952
"29069","Dunklin County","Missouri",27002,0.774276,0.107436,0.00862899,0.00351826,0.023739,0.0824013
"29071","Franklin County","Missouri",107256,0.938064,0.0101626,0.00677818,0.00331916,0.0161763,0.0254997
"29073","Gasconade County","Missouri",14655,0.95087,0.00771068,0.00525418,0.00436711,0.0142613,0.0175367
"29075","Gentry County","Missouri",6298,0.942045,0.0098444,0.00587488,0.00269927,0.0146078,0.0249285
"29077","Greene County","Missouri",307942,0.847585,0.0355132,0.0255145,0.00573485,0.0311292,0.0545233
"29079","Grundy County","Missouri",9766,0.917981,0.011366,0.0161786,0.00430063,0.0192505,0.0309236
"29081","Harrison County","Missouri",8186,0.936355,0.00513071,0.00598583,0.00354263,0.0166137,0.0323723
"29083","Henry County","Missouri",22575,0.922791,0.0121816,0.00589147,0.00717608,0.0201107,0.0318494
"29085","Hickory County","Missouri",8766,0.933151,0.00821355,0.00422085,0.0101529,0.0220169,0.022245
"29087","Holt County","Missouri",4241,0.938222,0.00660222,0.00330111,0.0134402,0.0150908,0.0233436
"29089","Howard County","Missouri",10150,0.890345,0.0496552,0.00433498,0.00650246,0.0244335,0.0247291
"29091","Howell County","Missouri",40762,0.930156,0.00708994,0.00809578,0.00760512,0.0181051,0.0289485
"29093","Iron County","Missouri",9420,0.926221,0.0159236,0.0044586,0.00870488,0.0192144,0.0254777
"29095","Jackson County","Missouri",727362,0.59759,0.222398,0.0230875,0.0036488,0.0326,0.120676
"29097","Jasper County","Missouri",126479,0.807288,0.0213474,0.0183588,0.0155046,0.0326932,0.104808
"29099","Jefferson County","Missouri",231888,0.926145,0.0142051,0.0103283,0.00258746,0.0185822,0.0281515
"29101","Johnson County","Missouri",55880,0.839925,0.048282,0.0234431,0.00526127,0.0295991,0.0534896
"29103","Knox County","Missouri",3740,0.951337,0.00855615,0.00614973,0.0040107,0.0187166,0.0112299
"29105","Laclede County","Missouri",36738,0.91845,0.0106157,0.00819315,0.00704992,0.0228102,0.0328815
"29107","Lafayette County","Missouri",33511,0.905255,0.0203515,0.00680374,0.00528185,0.0241413,0.0381666
"29109","Lawrence County","Missouri",39151,0.868892,0.00610457,0.00720288,0.00886312,0.0204337,0.0885035
"29111","Lewis County","Missouri",9852,0.913926,0.0356273,0.00801868,0.00507511,0.0173569,0.0199959
"29113","Lincoln County","Missouri",65888,0.9212,0.0199278,0.00564594,0.00315687,0.0191234,0.0309465
"29115","Linn County","Missouri",11910,0.932997,0.0115869,0.00428212,0.00235097,0.0152813,0.0335013
"29117","Livingston County","Missouri",14658,0.914313,0.0307,0.00934643,0.0046391,0.0168509,0.0241506
"29121","Macon County","Missouri",15177,0.926138,0.0231271,0.00830204,0.00270146,0.0195691,0.0201621
"29123","Madison County","Missouri",12852,0.929972,0.0114379,0.00715842,0.00474634,0.0156396,0.0310458
"29125","Maries County","Missouri",8506,0.930402,0.00893487,0.00482013,0.00775923,0.022925,0.0251587
"29127","Marion County","Missouri",28425,0.89358,0.043905,0.00897098,0.00302551,0.0277924,0.0227265
"29119","McDonald County","Missouri",24054,0.734639,0.0112247,0.0657687,0.0243203,0.035836,0.128212
"29129","Mercer County","Missouri",3452,0.911066,0.00521437,0.00955968,0.00637312,0.0173812,0.0504056
"29131","Miller County","Missouri",25668,0.935367,0.00935016,0.00732429,0.00603865,0.0174926,0.0244273
"29133","Mississippi County","Missouri",11750,0.717702,0.228255,0.0027234,0.00374468,0.0228936,0.0246809
"29135","Moniteau County","Missouri",15294,0.889041,0.0245194,0.00431542,0.00405388,0.0171309,0.0609389
"29137","Monroe County","Missouri",8890,0.914623,0.0300337,0.00461192,0.00427447,0.0264342,0.0200225
"29139","Montgomery County","Missouri",11511,0.929719,0.0142472,0.00694987,0.00364868,0.0199809,0.0254539
"29141","Morgan County","Missouri",22399,0.928568,0.00915219,0.00504487,0.00718782,0.0215635,0.0284834
"29143","New Madrid County","Missouri",15212,0.780634,0.169274,0.00447016,0.00302393,0.0214962,0.0211018
"29145","Newton County","Missouri",61519,0.825062,0.0107772,0.0327866,0.0235212,0.0333555,0.0744973
"29147","Nodaway County","Missouri",20503,0.916646,0.0235575,0.0206311,0.00312149,0.0111203,0.0249232
"29149","Oregon County","Missouri",8699,0.927463,0.00574779,0.00724221,0.0141396,0.0256351,0.0197724
"29151","Osage County","Missouri",13478,0.967132,0.00563882,0.00230004,0.00422911,0.00838403,0.0123164
"29153","Ozark County","Missouri",9090,0.933553,0.00462046,0.00341034,0.0110011,0.0206821,0.0267327
"29155","Pemiscot County","Missouri",14407,0.669189,0.252377,0.00430346,0.00444229,0.0335254,0.036163
"29157","Perry County","Missouri",19100,0.935654,0.0073822,0.0145026,0.00366492,0.011623,0.0271728
"29159","Pettis County","Missouri",43791,0.818593,0.0312393,0.0130849,0.00335685,0.0278596,0.105867
"29161","Phelps County","Missouri",45672,0.867359,0.0271063,0.0404624,0.00707217,0.0243913,0.0336092
"29163","Pike County","Missouri",17961,0.886365,0.060687,0.00450977,0.00206002,0.0206559,0.0257224
"29165","Platte County","Missouri",113207,0.771613,0.0872296,0.034936,0.00376302,0.0265266,0.0759317
"29167","Polk County","Missouri",33070,0.918688,0.00895071,0.0103417,0.00719686,0.021016,0.0338071
"29169","Pulaski County","Missouri",53964,0.698095,0.10116,0.0362834,0.00776444,0.0421207,0.114576
"29171","Putnam County","Missouri",4539,0.938092,0.00264375,0.00638907,0.00198282,0.0196078,0.0312844
"29173","Ralls County","Missouri",10499,0.947043,0.01543,0.00476236,0.00276217,0.0168587,0.0131441
"29175","Randolph County","Missouri",24077,0.88271,0.0495494,0.00722681,0.00519168,0.0270383,0.0282843
"29177","Ray County","Missouri",23199,0.926204,0.0125005,0.00500022,0.00607785,0.0193112,0.0309065
"29179","Reynolds County","Missouri",5927,0.922727,0.015016,0.00286823,0.0148473,0.0263202,0.0182217
"29181","Ripley County","Missouri",10715,0.931218,0.0109193,0.00410639,0.0106393,0.0235184,0.0195987
"29195","Saline County","Missouri",23325,0.744909,0.0554341,0.0340407,0.00394427,0.0275241,0.134148
"29197","Schuyler County","Missouri",4069,0.956255,0.00589826,0.00614402,0.00245761,0.0127796,0.016466
"29199","Scotland County","Missouri",4698,0.962963,0.00170285,0.00297999,0.00468284,0.0168157,0.0108557
"29201","Scott County","Missouri",37957,0.818005,0.124746,0.00611218,0.00382011,0.0197592,0.0275575
"29203","Shannon County","Missouri",7275,0.919313,0.00769759,0.00329897,0.012921,0.027079,0.0296907
"29205","Shelby County","Missouri",5926,0.93672,0.016031,0.00303746,0.00269997,0.0183935,0.0231185
"29183","St. Charles County","Missouri",423726,0.828977,0.0635505,0.038532,0.00145849,0.0223824,0.0450999
"29185","St. Clair County","Missouri",9848,0.937957,0.0077173,0.00406174,0.00781885,0.0177701,0.0246751
"29187","St. Francois County","Missouri",67503,0.914315,0.0407686,0.00485904,0.00371835,0.0149771,0.021362
"29510","St. Louis city","Missouri",279695,0.455435,0.419854,0.0402975,0.00183772,0.0259926,0.0565831
"29189","St. Louis County","Missouri",992929,0.62889,0.250284,0.0542969,0.00150565,0.0241256,0.0408982
"29186","Ste. Genevieve County","Missouri",18546,0.940904,0.0181171,0.00905856,0.00318128,0.0123477,0.0163917
"29207","Stoddard County","Missouri",28438,0.938357,0.0138547,0.00425487,0.00393839,0.014558,0.0250369
"29209","Stone County","Missouri",32630,0.928134,0.0068342,0.00619062,0.00806007,0.0180509,0.0327306
"29211","Sullivan County","Missouri",5750,0.760522,0.028,0.00469565,0.00730435,0.0118261,0.187652
"29213","Taney County","Missouri",56744,0.861078,0.0162132,0.0121599,0.00851191,0.0243021,0.0777351
"29215","Texas County","Missouri",25715,0.899864,0.0394711,0.00462765,0.00882753,0.0205717,0.0266381
"29217","Vernon County","Missouri",19787,0.92015,0.0111184,0.00934957,0.00646889,0.0220347,0.0308789
"29219","Warren County","Missouri",38478,0.905998,0.0234939,0.00501585,0.00337855,0.0195696,0.0425438
"29221","Washington County","Missouri",23583,0.934826,0.0273078,0.00407073,0.00470678,0.0152652,0.0138235
"29223","Wayne County","Missouri",10820,0.939002,0.0109982,0.00425139,0.00674677,0.0232902,0.0157116
"29225","Webster County","Missouri",42041,0.928974,0.0117742,0.00430532,0.00744511,0.0208368,0.0266644
"29227","Worth County","Missouri",1872,0.952457,0.0112179,0.00320513,0.0042735,0.0101496,0.0186966
"29229","Wright County","Missouri",19505,0.930633,0.00845937,0.00584466,0.00738272,0.0186106,0.0290695
"30001","Beaverhead County","Montana",10006,0.888867,0.00389766,0.0113932,0.01659,0.0203878,0.0588647
"30003","Big Horn County","Montana",12796,0.268443,0.00531416,0.00781494,0.637856,0.028759,0.0518131
"30005","Blaine County","Montana",6903,0.442706,0.00550485,0.00289729,0.488628,0.031001,0.0292626
"30007","Broadwater County","Montana",8302,0.918935,0.00529993,0.0061431,0.0126476,0.0151771,0.0417972
"30009","Carbon County","Montana",11498,0.920421,0.00826231,0.0076535,0.0126109,0.0176552,0.0333971
"30011","Carter County","Montana",1399,0.941387,0.00285919,0.00214439,0.0100071,0.0300214,0.0135811
"30013","Cascade County","Montana",84523,0.836021,0.0142565,0.012186,0.0431598,0.0372088,0.0571679
"30015","Chouteau County","Montana",5880,0.768197,0.00221088,0.00527211,0.169388,0.022619,0.0323129
"30017","Custer County","Montana",11964,0.899365,0.00827482,0.0068539,0.0255767,0.022902,0.0370277
"30019","Daniels County","Montana",1625,0.901538,0.00307692,0.00369231,0.032,0.0246154,0.0350769
"30021","Dawson County","Montana",8731,0.908372,0.00526858,0.0069866,0.0201581,0.0193563,0.039858
"30023","Deer Lodge County","Montana",9811,0.90266,0.00530017,0.00519825,0.0252777,0.0236469,0.0379166
"30025","Fallon County","Montana",2946,0.931432,0.00543109,0.00916497,0.0139172,0.0173116,0.0227427
"30027","Fergus County","Montana",11862,0.925392,0.00354072,0.00792446,0.0154274,0.0199798,0.0277356
"30029","Flathead County","Montana",114527,0.910868,0.00336165,0.0108097,0.0109581,0.0233133,0.0406891
"30031","Gallatin County","Montana",126984,0.890695,0.00573301,0.0168131,0.00811126,0.0209239,0.0577238
"30033","Garfield County","Montana",1181,0.96359,0.0042337,0.00254022,0.00762066,0.0110076,0.0110076
"30035","Glacier County","Montana",13503,0.296305,0.00325854,0.003851,0.633267,0.0315485,0.0317707
"30037","Golden Valley County","Montana",863,0.887601,0.0115875,0.00926999,0.023175,0.0254925,0.0428737
"30039","Granite County","Montana",3602,0.924764,0.00583009,0.00666297,0.00971682,0.0230428,0.0299833
"30041","Hill County","Montana",16065,0.680237,0.00578898,0.00740741,0.23629,0.0306256,0.0396514
"30043","Jefferson County","Montana",13304,0.908373,0.00571257,0.00721587,0.0166867,0.0280367,0.0339747
"30045","Judith Basin County","Montana",2111,0.935576,0.000947418,0.00568451,0.0104216,0.00852676,0.0388441
"30047","Lake County","Montana",33403,0.664521,0.00443074,0.00898123,0.21031,0.066012,0.0457444
"30049","Lewis and Clark County","Montana",75129,0.901276,0.00476514,0.00931731,0.0175298,0.0242383,0.0428729
"30051","Liberty County","Montana",1934,0.933816,0.00672182,0.00465357,0.0139607,0.0289555,0.0118925
"30053","Lincoln County","Montana",22184,0.918455,0.00437252,0.00554454,0.0129823,0.024973,0.0336729
"30057","Madison County","Montana",9753,0.914385,0.0101507,0.00604942,0.00758741,0.0207116,0.0411156
"30055","McCone County","Montana",1717,0.942924,0.00582411,0.00291206,0.00873617,0.0209668,0.0186372
"30059","Meagher County","Montana",2065,0.93414,0.00677966,0.00823245,0.0106538,0.0174334,0.0227603
"30061","Mineral County","Montana",5195,0.889124,0.00558229,0.00943215,0.0234841,0.0306064,0.0417709
"30063","Missoula County","Montana",122546,0.871901,0.0050022,0.0180259,0.0227098,0.03087,0.0514909
"30065","Musselshell County","Montana",5452,0.889765,0.0106383,0.013573,0.0168745,0.023661,0.0454879
"30067","Park County","Montana",18074,0.917782,0.00542215,0.00580945,0.0114529,0.0184796,0.0410534
"30069","Petroleum County","Montana",525,0.940952,0.00190476,0,0.0209524,0.0152381,0.0209524
"30071","Phillips County","Montana",4214,0.816089,0.00213574,0.00403417,0.0994305,0.0415282,0.0367822
"30073","Pondera County","Montana",6078,0.79434,0.00575847,0.005923,0.140178,0.0230339,0.0307667
"30075","Powder River County","Montana",1734,0.917532,0.0017301,0.0011534,0.0236448,0.027105,0.0288351
"30077","Powell County","Montana",7120,0.872051,0.0117978,0.00533708,0.0566011,0.0192416,0.0349719
"30079","Prairie County","Montana",1112,0.893885,0.00359712,0.00629496,0.0116906,0.0431655,0.0413669
"30081","Ravalli County","Montana",48187,0.912653,0.00404673,0.00892357,0.00996119,0.0209393,0.0434765
"30083","Richland County","Montana",11028,0.884113,0.00580341,0.00453391,0.0223975,0.0252086,0.0579434
"30085","Roosevelt County","Montana",10197,0.323232,0.00480533,0.00813965,0.595371,0.0361871,0.0322644
"30087","Rosebud County","Montana",8194,0.54845,0.00427142,0.0152551,0.356969,0.030022,0.045033
"30089","Sanders County","Montana",13895,0.892911,0.00316661,0.00640518,0.0324577,0.0276358,0.0374235
"30091","Sheridan County","Montana",3448,0.895882,0.00348028,0.00899072,0.0234919,0.0263921,0.0417633
"30093","Silver Bow County","Montana",36134,0.897825,0.00572868,0.0089943,0.0177395,0.0226103,0.0471025
"30095","Stillwater County","Montana",9450,0.918942,0.00253968,0.00656085,0.0131217,0.0210582,0.0377778
"30097","Sweet Grass County","Montana",3757,0.920681,0.00372638,0.00825126,0.0117115,0.0223583,0.0332712
"30099","Teton County","Montana",6444,0.916977,0.00356921,0.0111732,0.0204842,0.02545,0.0223464
"30101","Toole County","Montana",5153,0.834659,0.0174656,0.0120318,0.0562779,0.0302736,0.0492917
"30103","Treasure County","Montana",739,0.883627,0,0.0108254,0.0284168,0.0284168,0.0487145
"30105","Valley County","Montana",7434,0.844095,0.00578423,0.00928168,0.0858219,0.027576,0.0274415
"30107","Wheatland County","Montana",2058,0.90379,0.00340136,0.00631681,0.0140914,0.0291545,0.0432459
"30109","Wibaux County","Montana",911,0.878156,0.00439078,0.0120746,0.0175631,0.0285401,0.0592755
"30111","Yellowstone County","Montana",171583,0.843038,0.00600875,0.00830502,0.0422827,0.0298981,0.0704674
"31001","Adams County","Nebraska",31196,0.823247,0.0116041,0.0131107,0.0053212,0.0131107,0.133607
"31003","Antelope County","Nebraska",6358,0.933941,0.00361749,0.00424662,0.00377477,0.0106952,0.0437244
"31005","Arthur County","Nebraska",423,0.971631,0,0.00236407,0.00945626,0.00945626,0.0070922
"31007","Banner County","Nebraska",665,0.858647,0.0210526,0.00451128,0.00601504,0.00601504,0.103759
"31009","Blaine County","Nebraska",454,0.92511,0.00881057,0,0.00440529,0.0264317,0.0352423
"31011","Boone County","Nebraska",5354,0.930146,0.00504296,0.0039223,0.00261487,0.00840493,0.0498693
"31013","Box Butte County","Nebraska",10703,0.777726,0.0262543,0.00663365,0.030085,0.0235448,0.135756
"31015","Boyd County","Nebraska",1700,0.928824,0.00117647,0.0152941,0.02,0.00647059,0.0282353
"31017","Brown County","Nebraska",2877,0.878693,0.0045186,0.00382343,0.0152937,0.0205075,0.0771637
"31019","Buffalo County","Nebraska",51156,0.842071,0.0103214,0.0166354,0.00432012,0.0146415,0.11201
"31021","Burt County","Nebraska",6727,0.909469,0.00847332,0.00594619,0.0209603,0.0179872,0.0371637
"31023","Butler County","Nebraska",8439,0.904847,0.00900581,0.00367342,0.00639886,0.0116128,0.0644626
"31025","Cass County","Nebraska",27492,0.917103,0.00883893,0.00785683,0.00454678,0.0176415,0.0440128
"31027","Cedar County","Nebraska",8262,0.945171,0.00447833,0.00314694,0.00532559,0.0131929,0.0286855
"31029","Chase County","Nebraska",3764,0.802869,0.00690755,0.0236451,0.00132837,0.00717322,0.158077
"31031","Cherry County","Nebraska",5558,0.834293,0.00503778,0.00647715,0.0629723,0.0419216,0.0492983
"31033","Cheyenne County","Nebraska",9602,0.862424,0.00781087,0.0137471,0.00749844,0.014372,0.0941471
"31035","Clay County","Nebraska",6103,0.864657,0.00950352,0.00245781,0.00475176,0.012289,0.106341
"31037","Colfax County","Nebraska",10826,0.434048,0.0624423,0.00886754,0.00498799,0.0068354,0.482819
"31039","Cuming County","Nebraska",8952,0.849866,0.00446828,0.00580876,0.00402145,0.0081546,0.127681
"31041","Custer County","Nebraska",10487,0.925145,0.00858205,0.00381425,0.00629351,0.0126824,0.0434824
"31043","Dakota County","Nebraska",21335,0.405062,0.0872744,0.0382939,0.0241387,0.0187017,0.426529
"31045","Dawes County","Nebraska",8003,0.854679,0.0173685,0.0139948,0.0341122,0.0223666,0.0574784
"31047","Dawson County","Nebraska",24554,0.510915,0.0649589,0.0153946,0.00354321,0.00895984,0.396229
"31049","Deuel County","Nebraska",1892,0.881607,0.00264271,0.00475687,0.0089852,0.0116279,0.0903805
"31051","Dixon County","Nebraska",5526,0.797865,0.00651466,0.0028954,0.00579081,0.0117626,0.175172
"31053","Dodge County","Nebraska",37884,0.765152,0.0100834,0.00694224,0.00498891,0.0137789,0.199055
"31055","Douglas County","Nebraska",601158,0.654301,0.11128,0.0493814,0.00441814,0.0275518,0.153068
"31057","Dundy County","Nebraska",1581,0.87919,0.00822264,0.00253004,0.0113852,0.0227704,0.0759013
"31059","Fillmore County","Nebraska",5512,0.928882,0.00580552,0.00634978,0.00598694,0.0117925,0.0411829
"31061","Franklin County","Nebraska",2817,0.932197,0.00532481,0.00141995,0.00390486,0.0152645,0.0418885
"31063","Frontier County","Nebraska",2536,0.931782,0.00630915,0.00394322,0.00591483,0.0153785,0.0366719
"31065","Furnas County","Nebraska",4468,0.920994,0.00626679,0.00380483,0.00671441,0.0114145,0.0508057
"31067","Gage County","Nebraska",21687,0.924517,0.00737769,0.0065477,0.00613271,0.0151704,0.0402545
"31069","Garden County","Nebraska",1804,0.905765,0.00443459,0.000554324,0.00997783,0.0155211,0.0637472
"31071","Garfield County","Nebraska",1707,0.969537,0.00292912,0.00117165,0.000585823,0.00937317,0.016403
"31073","Gosper County","Nebraska",1808,0.891593,0.011615,0.00331858,0.00663717,0.0149336,0.0719027
"31075","Grant County","Nebraska",573,0.958115,0.0017452,0.0017452,0.0017452,0.0157068,0.0209424
"31077","Greeley County","Nebraska",2197,0.949477,0.00682749,0.00227583,0.00182066,0.00682749,0.032772
"31079","Hall County","Nebraska",62869,0.593361,0.0323212,0.0127567,0.00423102,0.010498,0.346832
"31081","Hamilton County","Nebraska",9564,0.921999,0.00418235,0.00334588,0.00313676,0.0156838,0.051652
"31083","Harlan County","Nebraska",3018,0.935056,0.00563287,0.00563287,0.00596421,0.0135852,0.0341286
"31085","Hayes County","Nebraska",846,0.84279,0.0130024,0.00591017,0.00472813,0.0177305,0.115839
"31087","Hitchcock County","Nebraska",2460,0.918699,0.00487805,0.00325203,0.00934959,0.0142276,0.0495935
"31089","Holt County","Nebraska",10120,0.912055,0.00583004,0.00711462,0.00375494,0.00938735,0.0618577
"31091","Hooker County","Nebraska",698,0.938395,0,0.00286533,0.00573066,0.0100287,0.0429799
"31093","Howard County","Nebraska",6572,0.935484,0.00669507,0.00654291,0.0034997,0.0108034,0.036975
"31095","Jefferson County","Nebraska",7136,0.896861,0.00616592,0.00462444,0.00700673,0.0141536,0.0711883
"31097","Johnson County","Nebraska",5219,0.767005,0.0720445,0.0124545,0.0132209,0.0139874,0.121288
"31099","Kearney County","Nebraska",6749,0.906505,0.00429693,0.00355608,0.0029634,0.0084457,0.0742332
"31101","Keith County","Nebraska",8148,0.870398,0.00895925,0.00871379,0.00368189,0.018164,0.0900835
"31103","Keya Paha County","Nebraska",819,0.958486,0,0.003663,0.00732601,0.003663,0.026862
"31105","Kimball County","Nebraska",3305,0.822088,0.0187595,0.014826,0.0142209,0.0305598,0.0995461
"31107","Knox County","Nebraska",8306,0.843246,0.00529738,0.0046954,0.0911389,0.0231158,0.0325066
"31109","Lancaster County","Nebraska",332857,0.776784,0.0441571,0.0520914,0.00547983,0.0312026,0.090285
"31111","Lincoln County","Nebraska",33319,0.858429,0.0117951,0.00807347,0.00585252,0.018608,0.0972418
"31113","Logan County","Nebraska",694,0.900576,0.00288184,0.00576369,0.0129683,0.0230548,0.054755
"31115","Loup County","Nebraska",582,0.929553,0.0206186,0.00343643,0.00171821,0.00515464,0.0395189
"31119","Madison County","Nebraska",35579,0.768656,0.0141094,0.016358,0.0114112,0.0175103,0.171955
"31117","McPherson County","Nebraska",376,0.970745,0.00531915,0.00265957,0,0.0106383,0.0106383
"31121","Merrick County","Nebraska",7837,0.901876,0.00472119,0.011484,0.00625239,0.0136532,0.0620135
"31123","Morrill County","Nebraska",4485,0.804905,0.00602007,0.0120401,0.0100334,0.0162765,0.150725
"31125","Nance County","Nebraska",3262,0.939301,0.0101165,0.0030656,0.00521153,0.0122624,0.0300429
"31127","Nemaha County","Nebraska",7046,0.923077,0.0151859,0.00610275,0.00482543,0.015044,0.035765
"31129","Nuckolls County","Nebraska",4094,0.927455,0.00439668,0.0166097,0.00268686,0.0114802,0.0373718
"31131","Otoe County","Nebraska",16591,0.857332,0.0107287,0.0077753,0.00482189,0.0148876,0.104454
"31133","Pawnee County","Nebraska",2521,0.941293,0.00912336,0.00317334,0.00357001,0.0206267,0.0222134
"31135","Perkins County","Nebraska",2779,0.9086,0.00755668,0.00251889,0.00287873,0.0104354,0.0680101
"31137","Phelps County","Nebraska",9042,0.896041,0.00652511,0.00398142,0.00475559,0.0127184,0.0759788
"31139","Pierce County","Nebraska",7334,0.941642,0.0053177,0.00395419,0.00422689,0.0122716,0.0325879
"31141","Platte County","Nebraska",35499,0.702752,0.0109862,0.0080284,0.00363391,0.00704245,0.267557
"31143","Polk County","Nebraska",5269,0.897514,0.00550389,0.00417537,0.0053141,0.0151831,0.0723097
"31145","Red Willow County","Nebraska",10409,0.901143,0.0121049,0.00384283,0.00509175,0.0126813,0.0651359
"31147","Richardson County","Nebraska",7666,0.902557,0.00495695,0.00495695,0.0326115,0.0270023,0.0279155
"31149","Rock County","Nebraska",1241,0.960516,0.0016116,0.00483481,0.00725222,0.00564061,0.020145
"31151","Saline County","Nebraska",14740,0.633853,0.012483,0.0263229,0.00393487,0.0128901,0.310516
"31153","Sarpy County","Nebraska",204828,0.764393,0.0454821,0.0311578,0.00381296,0.0299178,0.125237
"31155","Saunders County","Nebraska",23406,0.938947,0.00610954,0.00508417,0.00363155,0.0151671,0.0310604
"31157","Scotts Bluff County","Nebraska",35734,0.709268,0.00744389,0.00982258,0.0136005,0.0117255,0.248139
"31159","Seward County","Nebraska",17769,0.933705,0.00821656,0.00489617,0.00388317,0.0148573,0.034442
"31161","Sheridan County","Nebraska",4927,0.803735,0.00750964,0.0125837,0.0832149,0.0353156,0.0576416
"31163","Sherman County","Nebraska",2949,0.937267,0.00746016,0.00746016,0.00508647,0.0115293,0.031197
"31165","Sioux County","Nebraska",1099,0.901729,0.00545951,0.00272975,0.00909918,0.0145587,0.066424
"31167","Stanton County","Nebraska",5756,0.890549,0.00938151,0.00295344,0.00677554,0.0151147,0.0752259
"31169","Thayer County","Nebraska",4870,0.935524,0.00780287,0.00246407,0.00349076,0.0156057,0.0351129
"31171","Thomas County","Nebraska",634,0.905363,0.0189274,0.00315457,0.011041,0.0126183,0.0488959
"31173","Thurston County","Nebraska",6637,0.366581,0.00557481,0.0116016,0.527045,0.02697,0.0622269
"31175","Valley County","Nebraska",4032,0.93626,0.00496032,0.00545635,0.00396825,0.0104167,0.0389385
"31177","Washington County","Nebraska",21254,0.931448,0.00865719,0.00503435,0.00371695,0.0134563,0.037687
"31179","Wayne County","Nebraska",9870,0.85076,0.0177305,0.00790274,0.004154,0.0136778,0.105775
"31181","Webster County","Nebraska",3326,0.891461,0.00811786,0.0078172,0.00571257,0.0192423,0.0676488
"31183","Wheeler County","Nebraska",808,0.918317,0.00371287,0.00371287,0.00618812,0.00990099,0.0581683
"31185","York County","Nebraska",14375,0.883896,0.0193391,0.00702609,0.00841739,0.015513,0.0658087
"32510","Carson City","Nevada",58148,0.630047,0.022288,0.0307491,0.0182809,0.0249364,0.273698
"32001","Churchill County","Nevada",26033,0.707179,0.0214343,0.0314985,0.0405639,0.0381823,0.161142
"32003","Clark County","Nevada",2398871,0.375161,0.125956,0.123638,0.00445334,0.0431878,0.327603
"32005","Douglas County","Nevada",49564,0.792168,0.00748527,0.0226172,0.0147284,0.0251997,0.137802
"32007","Elko County","Nevada",54363,0.641631,0.0106322,0.0163714,0.0440557,0.0208414,0.266468
"32009","Esmeralda County","Nevada",720,0.588889,0.0458333,0.0166667,0.0722222,0.0611111,0.215278
"32011","Eureka County","Nevada",1877,0.77837,0.0175812,0.0149174,0.0356953,0.0255727,0.127864
"32013","Humboldt County","Nevada",17116,0.631982,0.0108086,0.0156579,0.0339448,0.0237789,0.283828
"32015","Lander County","Nevada",5785,0.675713,0.00864304,0.0159032,0.0375108,0.0281763,0.234054
"32017","Lincoln County","Nevada",4345,0.842117,0.029229,0.0124281,0.0204833,0.0250863,0.0706559
"32019","Lyon County","Nevada",63718,0.699818,0.0126495,0.0223799,0.0196648,0.033099,0.212389
"32021","Mineral County","Nevada",4475,0.603352,0.0373184,0.0286034,0.145251,0.04,0.145475
"32023","Nye County","Nevada",55990,0.69716,0.0390248,0.0286301,0.0119486,0.0354528,0.187784
"32027","Pershing County","Nevada",6536,0.635404,0.0410037,0.0208078,0.0305998,0.0238678,0.248317
"32029","Storey County","Nevada",4112,0.802286,0.0172665,0.0252918,0.0179961,0.0296693,0.10749
"32031","Washoe County","Nevada",507280,0.584241,0.0262301,0.0738842,0.0122753,0.0333149,0.270054
"32033","White Pine County","Nevada",8534,0.711507,0.0349191,0.0142958,0.0391376,0.0297633,0.170377
"33001","Belknap County","New Hampshire",65257,0.939485,0.00735553,0.0117535,0.00263573,0.0137457,0.0250241
"33003","Carroll County","New Hampshire",52580,0.948802,0.00661849,0.00880563,0.00342335,0.0126664,0.0196843
"33005","Cheshire County","New Hampshire",78078,0.927111,0.00909347,0.0155101,0.00289454,0.0172136,0.028177
"33007","Coos County","New Hampshire",31094,0.938638,0.00916576,0.00726828,0.00402007,0.014826,0.0260822
"33009","Grafton County","New Hampshire",93045,0.89231,0.0136493,0.0415283,0.00325649,0.0184857,0.0307701
"33011","Hillsborough County","New Hampshire",430462,0.808524,0.029322,0.0491216,0.00171908,0.0198368,0.0914761
"33013","Merrimack County","New Hampshire",157869,0.909609,0.0194402,0.0234055,0.00229304,0.0157472,0.0295055
"33015","Rockingham County","New Hampshire",322433,0.909535,0.00924223,0.0255309,0.00155071,0.014434,0.0397075
"33017","Strafford County","New Hampshire",134202,0.894085,0.0130624,0.0369294,0.00211621,0.0199028,0.0339041
"33019","Sullivan County","New Hampshire",44012,0.93245,0.011815,0.0118377,0.00329456,0.0182905,0.0223121
"34001","Atlantic County","New Jersey",279114,0.538332,0.143407,0.0817551,0.00168032,0.0213282,0.213497
"34003","Bergen County","New Jersey",978641,0.506587,0.0569054,0.17952,0.00106168,0.0164943,0.239431
"34005","Burlington County","New Jersey",475515,0.623556,0.178617,0.064795,0.00167187,0.0271474,0.104213
"34007","Camden County","New Jersey",533988,0.521347,0.188381,0.0644846,0.00183712,0.0214649,0.202486
"34009","Cape May County","New Jersey",93875,0.845039,0.0377523,0.0101198,0.00177896,0.0172144,0.0880959
"34011","Cumberland County","New Jersey",155678,0.406833,0.178702,0.0154742,0.00567196,0.0224695,0.370849
"34013","Essex County","New Jersey",881527,0.285173,0.367393,0.067543,0.0020283,0.0166654,0.261197
"34015","Gloucester County","New Jersey",311783,0.735762,0.114067,0.0351527,0.00147859,0.021454,0.0920865
"34017","Hudson County","New Jersey",736185,0.280014,0.109193,0.184028,0.00171288,0.017156,0.407896
"34019","Hunterdon County","New Jersey",131708,0.798881,0.027356,0.0563292,0.000941477,0.0150181,0.101474
"34021","Mercer County","New Jersey",392138,0.414352,0.18517,0.133522,0.00154792,0.0193325,0.246077
"34023","Middlesex County","New Jersey",890119,0.363359,0.103854,0.266797,0.00186604,0.0161001,0.248024
"34025","Monmouth County","New Jersey",647520,0.729673,0.0628737,0.0586963,0.000983753,0.0148474,0.132926
"34027","Morris County","New Jersey",523053,0.657027,0.0363577,0.119617,0.000955926,0.0168033,0.169239
"34029","Ocean County","New Jersey",666434,0.8189,0.0336913,0.0208618,0.00071725,0.0121152,0.113714
"34031","Passaic County","New Jersey",526597,0.372714,0.0928775,0.0598883,0.00146792,0.0129112,0.460141
"34033","Salem County","New Jersey",65874,0.696618,0.139661,0.0112032,0.00330935,0.0242736,0.124935
"34035","Somerset County","New Jersey",357467,0.481384,0.0978216,0.215108,0.00130082,0.0179989,0.186386
"34037","Sussex County","New Jersey",147444,0.793827,0.0294756,0.0243889,0.001526,0.0146089,0.136174
"34039","Union County","New Jersey",594160,0.353159,0.201723,0.0632304,0.00116972,0.0140046,0.366713
"34041","Warren County","New Jersey",112031,0.734466,0.0686774,0.0323214,0.00127643,0.0161295,0.147129
"35001","Bernalillo County","New Mexico",671747,0.376914,0.029127,0.0312915,0.0468346,0.0206372,0.495195
"35003","Catron County","New Mexico",3795,0.73913,0.00790514,0.00474308,0.0358366,0.0284585,0.183926
"35005","Chaves County","New Mexico",63697,0.355825,0.016971,0.0131089,0.00913701,0.00978068,0.595177
"35006","Cibola County","New Mexico",26686,0.194184,0.0134527,0.00775688,0.43742,0.0156262,0.33156
"35007","Colfax County","New Mexico",12307,0.468433,0.00828797,0.00755668,0.0173072,0.0143008,0.484115
"35009","Curry County","New Mexico",47156,0.426648,0.0572992,0.0171982,0.00623463,0.0237934,0.468827
"35011","De Baca County","New Mexico",1657,0.549789,0.006035,0.002414,0.013277,0.0199155,0.40857
"35013","Doña Ana County","New Mexico",229366,0.262829,0.0194536,0.0137727,0.00782156,0.0109214,0.685202
"35015","Eddy County","New Mexico",61436,0.423774,0.0146494,0.00934306,0.010336,0.0114428,0.530454
"35017","Grant County","New Mexico",27541,0.474856,0.00969464,0.0100577,0.00929523,0.0163756,0.479721
"35019","Guadalupe County","New Mexico",4385,0.169213,0.0216648,0.0127708,0.0157355,0.0111745,0.769441
"35021","Harding County","New Mexico",635,0.565354,0.0173228,0,0.0015748,0.0220472,0.393701
"35023","Hidalgo County","New Mexico",3966,0.390318,0.0103379,0.01412,0.00907716,0.0113464,0.564801
"35025","Lea County","New Mexico",75151,0.29285,0.0332664,0.0077311,0.00771779,0.00851619,0.649918
"35027","Lincoln County","New Mexico",20025,0.604444,0.00779026,0.00754057,0.0277653,0.0130337,0.339426
"35028","Los Alamos County","New Mexico",19675,0.69601,0.0139771,0.0753748,0.0096061,0.0201271,0.184905
"35029","Luna County","New Mexico",25878,0.268645,0.0131772,0.0136023,0.00877193,0.0115156,0.684288
"35031","McKinley County","New Mexico",68945,0.0797592,0.00546813,0.0145478,0.755573,0.0202625,0.124389
"35033","Mora County","New Mexico",4096,0.194336,0.00415039,0.00512695,0.00708008,0.00537109,0.783936
"35035","Otero County","New Mexico",69711,0.451564,0.0379424,0.0196095,0.0572506,0.023497,0.410136
"35037","Quay County","New Mexico",8403,0.48685,0.0164227,0.0117815,0.0123765,0.0158277,0.456742
"35039","Rio Arriba County","New Mexico",39955,0.146164,0.00723314,0.00770867,0.159554,0.00906019,0.670279
"35041","Roosevelt County","New Mexico",18713,0.47817,0.0224443,0.0143216,0.0109015,0.0191311,0.455031
"35045","San Juan County","New Mexico",120817,0.358253,0.00572767,0.00959302,0.402021,0.0225465,0.201859
"35047","San Miguel County","New Mexico",26428,0.197858,0.0162706,0.0113516,0.013357,0.0094975,0.751665
"35043","Sandoval County","New Mexico",157757,0.40731,0.0250068,0.0188011,0.117586,0.0207851,0.410511
"35049","Santa Fe County","New Mexico",157765,0.452369,0.0103635,0.0173993,0.0266155,0.0140842,0.479168
"35051","Sierra County","New Mexico",11389,0.634208,0.0110633,0.00772675,0.0175608,0.0180876,0.311353
"35053","Socorro County","New Mexico",15967,0.328928,0.0107722,0.0191019,0.118181,0.0200413,0.502975
"35055","Taos County","New Mexico",34482,0.409257,0.00565512,0.00951221,0.0568413,0.0133693,0.505365
"35057","Torrance County","New Mexico",15986,0.491618,0.0131365,0.00669336,0.0210184,0.019392,0.448142
"35059","Union County","New Mexico",3926,0.522669,0.02216,0.00713194,0.0183393,0.0137545,0.415945
"35061","Valencia County","New Mexico",80813,0.30458,0.0144407,0.00829075,0.0451536,0.0128568,0.614678
"36001","Albany County","New York",319964,0.679355,0.130368,0.0823999,0.00152205,0.0296408,0.0767149
"36003","Allegany County","New York",47299,0.930717,0.0150743,0.0138058,0.00257934,0.0149263,0.0228969
"36005","Bronx County","New York",1384724,0.088744,0.296227,0.0466866,0.00303382,0.0110636,0.554245
"36007","Broome County","New York",196397,0.792532,0.0613044,0.0578369,0.00201632,0.0277245,0.0585854
"36009","Cattaraugus County","New York",75475,0.89113,0.0150116,0.00915535,0.0350712,0.0236767,0.0259556
"36011","Cayuga County","New York",74567,0.885995,0.0384889,0.0074832,0.00383548,0.0243539,0.0398434
"36013","Chautauqua County","New York",124105,0.843866,0.0206277,0.0064945,0.00519721,0.0220378,0.101777
"36015","Chemung County","New York",81115,0.842619,0.0595821,0.0162978,0.00255193,0.0379091,0.0410405
"36017","Chenango County","New York",45776,0.936211,0.0099834,0.0063352,0.00312391,0.0157069,0.0286395
"36019","Clinton County","New York",77871,0.895468,0.0311284,0.0141645,0.00385253,0.0177858,0.0376006
"36021","Columbia County","New York",60299,0.84212,0.0429029,0.0242293,0.00177449,0.0204979,0.0684754
"36023","Cortland County","New York",45945,0.90691,0.0220916,0.0119926,0.00291653,0.0191969,0.0368919
"36025","Delaware County","New York",44191,0.896812,0.0197099,0.0129664,0.00253445,0.0155914,0.0523862
"36027","Dutchess County","New York",299963,0.664752,0.10783,0.0375746,0.00160686,0.0226528,0.165584
"36029","Erie County","New York",950602,0.723583,0.12804,0.0557089,0.00556805,0.0210509,0.0660497
"36031","Essex County","New York",36744,0.926736,0.0167102,0.00865447,0.00361964,0.0140159,0.0302634
"36033","Franklin County","New York",47086,0.835854,0.0388863,0.00654122,0.0724844,0.0132948,0.0329397
"36035","Fulton County","New York",52073,0.90329,0.0178595,0.0085649,0.00268853,0.0188965,0.0487009
"36037","Genesee County","New York",57604,0.885286,0.0272551,0.00685716,0.00980835,0.0203284,0.0504652
"36039","Greene County","New York",46903,0.842014,0.047353,0.0143701,0.0028996,0.0214912,0.0718717
"36041","Hamilton County","New York",5082,0.93782,0.0131838,0.00787092,0.00236128,0.0151515,0.0236128
"36043","Herkimer County","New York",59585,0.926341,0.0156583,0.00790467,0.00293698,0.0158429,0.0313166
"36045","Jefferson County","New York",113140,0.805736,0.0576012,0.0206558,0.00423369,0.0296712,0.0821018
"36047","Kings County","New York",2617631,0.372676,0.280687,0.131987,0.0018914,0.0221494,0.190609
"36049","Lewis County","New York",26570,0.952164,0.00737674,0.00575837,0.00214528,0.0117426,0.0208129
"36051","Livingston County","New York",61561,0.899254,0.0186482,0.0133689,0.00274524,0.0166014,0.0493819
"36053","Madison County","New York",67072,0.917447,0.0203214,0.0104216,0.00571028,0.0176229,0.0284769
"36055","Monroe County","New York",752202,0.682906,0.145933,0.0407364,0.00210848,0.0248244,0.103492
"36057","Montgomery County","New York",49648,0.781441,0.0281985,0.0109169,0.002699,0.0170601,0.159684
"36059","Nassau County","New York",1392438,0.534813,0.116956,0.139114,0.00157494,0.0158916,0.19165
"36061","New York County","New York",1660664,0.462611,0.130162,0.137095,0.00160478,0.0236845,0.244842
"36063","Niagara County","New York",209570,0.828935,0.0734552,0.0163382,0.00970559,0.0281099,0.0434556
"36065","Oneida County","New York",228347,0.786947,0.0636882,0.0477125,0.00221155,0.0221286,0.0773122
"36067","Onondaga County","New York",469812,0.740907,0.114774,0.0423063,0.00730505,0.0314871,0.063221
"36069","Ontario County","New York",113012,0.878455,0.0268467,0.0151931,0.00227409,0.0172814,0.0599494
"36071","Orange County","New York",411767,0.575597,0.115422,0.032822,0.0022367,0.0211163,0.252806
"36073","Orleans County","New York",39686,0.85481,0.0501436,0.00670262,0.00556871,0.0223756,0.0603991
"36075","Oswego County","New York",118305,0.922987,0.0119606,0.00813152,0.00412493,0.0169984,0.0357973
"36077","Otsego County","New York",60524,0.889052,0.0260393,0.019926,0.00216443,0.0153328,0.0474853
"36079","Putnam County","New York",98409,0.704692,0.0356878,0.0241441,0.0014328,0.0147954,0.219248
"36081","Queens County","New York",2316841,0.235039,0.176709,0.278086,0.00366231,0.0218099,0.284693
"36083","Rensselaer County","New York",160749,0.797019,0.0779041,0.0334434,0.00227684,0.0236767,0.06568
"36085","Richmond County","New York",498212,0.544543,0.0891729,0.151548,0.00147528,0.0169326,0.196328
"36087","Rockland County","New York",348144,0.603164,0.103009,0.0608627,0.00119778,0.0137558,0.21801
"36091","Saratoga County","New York",240360,0.882347,0.0212431,0.0338201,0.00156016,0.0187594,0.0422699
"36093","Schenectady County","New York",162261,0.681618,0.124035,0.0657151,0.00528161,0.0362687,0.0870819
"36095","Schoharie County","New York",30151,0.913867,0.0155882,0.00925342,0.00218898,0.0164174,0.0426852
"36097","Schuyler County","New York",17121,0.93692,0.010747,0.00730098,0.00350447,0.0175807,0.0239472
"36099","Seneca County","New York",32650,0.884717,0.033415,0.00946401,0.00456355,0.0185605,0.0492802
"36089","St. Lawrence County","New York",106198,0.915884,0.0199062,0.0130982,0.0101132,0.0150474,0.0259515
"36101","Steuben County","New York",92015,0.925262,0.0153997,0.0173015,0.00213009,0.0175406,0.0223659
"36103","Suffolk County","New York",1535909,0.615057,0.0799273,0.0493844,0.00198384,0.0151578,0.23849
"36105","Sullivan County","New York",80450,0.660497,0.0888502,0.0214792,0.003555,0.0222747,0.203344
"36107","Tioga County","New York",47574,0.934649,0.0118132,0.00992139,0.00229117,0.0148611,0.026464
"36109","Tompkins County","New York",105602,0.745592,0.0414007,0.110926,0.00285032,0.0325278,0.0667033
"36111","Ulster County","New York",182977,0.757265,0.0618438,0.0242708,0.00212049,0.0255114,0.128989
"36113","Warren County","New York",65288,0.923432,0.0145203,0.0109821,0.00203713,0.0164808,0.0325481
"36115","Washington County","New York",59839,0.927539,0.0202376,0.0071191,0.00264042,0.0128512,0.0296128
"36117","Wayne County","New York",90757,0.881387,0.0283725,0.00798836,0.00254526,0.0226759,0.0570314
"36119","Westchester County","New York",1006447,0.497593,0.134055,0.0688978,0.00129863,0.0175171,0.280639
"36121","Wyoming County","New York",39588,0.896155,0.0432707,0.0055825,0.00305648,0.0102304,0.0417046
"36123","Yates County","New York",24387,0.940993,0.0116045,0.00779104,0.00237832,0.0107844,0.0264485
"37001","Alamance County","North Carolina",183040,0.572126,0.21622,0.0231589,0.00381337,0.0227437,0.161937
"37003","Alexander County","North Carolina",36693,0.850244,0.0552421,0.0127,0.00327038,0.0183959,0.0601477
"37005","Alleghany County","North Carolina",11379,0.840056,0.0240794,0.00597592,0.00342737,0.0139731,0.112488
"37007","Anson County","North Carolina",22432,0.438258,0.466878,0.017163,0.00740014,0.018857,0.0514444
"37009","Ashe County","North Carolina",27266,0.905743,0.00880217,0.00575809,0.00374092,0.0118096,0.0641458
"37011","Avery County","North Carolina",17811,0.867217,0.0399192,0.00752344,0.00488462,0.011622,0.0688339
"37013","Beaufort County","North Carolina",44576,0.66731,0.226624,0.00576543,0.00397075,0.0154792,0.0808507
"37015","Bertie County","North Carolina",16939,0.348604,0.592302,0.0078517,0.00661196,0.0137552,0.0308755
"37017","Bladen County","North Carolina",29777,0.537193,0.313262,0.00406354,0.0258925,0.0193102,0.100279
"37019","Brunswick County","North Carolina",167112,0.821252,0.0866664,0.00937694,0.00585835,0.017976,0.0588707
"37021","Buncombe County","North Carolina",279210,0.810999,0.0566885,0.0169299,0.00322696,0.0209305,0.0912252
"37023","Burke County","North Carolina",88545,0.789531,0.0602857,0.0387487,0.00318482,0.018996,0.0892541
"37025","Cabarrus County","North Carolina",244925,0.553186,0.210121,0.0771461,0.00280494,0.0225702,0.134172
"37027","Caldwell County","North Carolina",80739,0.847261,0.0497158,0.00869468,0.00260097,0.0186155,0.0731121
"37029","Camden County","North Carolina",11184,0.802486,0.0972818,0.0185086,0.00429185,0.0304006,0.0470315
"37031","Carteret County","North Carolina",70259,0.860815,0.0473249,0.0118134,0.00475384,0.0215346,0.0537582
"37033","Caswell County","North Carolina",22363,0.613424,0.299155,0.00742298,0.00514242,0.0186916,0.0561642
"37035","Catawba County","North Carolina",167054,0.720671,0.0833443,0.0493314,0.00268177,0.0209812,0.12299
"37037","Chatham County","North Carolina",83874,0.703233,0.105897,0.0300093,0.00336219,0.0178601,0.139638
"37039","Cherokee County","North Carolina",30373,0.897277,0.0166266,0.00678234,0.0136964,0.0240345,0.041583
"37041","Chowan County","North Carolina",13891,0.615003,0.310417,0.00863869,0.00446332,0.0177093,0.0437693
"37043","Clay County","North Carolina",12042,0.90857,0.0137851,0.00589603,0.00514865,0.0199302,0.04667
"37045","Cleveland County","North Carolina",102194,0.705991,0.203613,0.0119381,0.0030628,0.0205394,0.0548564
"37047","Columbus County","North Carolina",50054,0.589563,0.292884,0.00565389,0.0321852,0.0205978,0.0591162
"37049","Craven County","North Carolina",104167,0.660286,0.192441,0.0307391,0.00482878,0.0289631,0.0827421
"37051","Cumberland County","North Carolina",338430,0.391153,0.383775,0.0305735,0.0147771,0.0442218,0.135499
"37053","Currituck County","North Carolina",32278,0.839519,0.0585538,0.0133837,0.00601029,0.024258,0.058275
"37055","Dare County","North Carolina",38183,0.864416,0.0239112,0.0100568,0.00343085,0.0179137,0.0802713
"37057","Davidson County","North Carolina",177809,0.754023,0.105461,0.0198865,0.00420676,0.0191948,0.0972279
"37059","Davie County","North Carolina",45383,0.816716,0.0638124,0.00936474,0.00306282,0.0202058,0.0868387
"37061","Duplin County","North Carolina",50539,0.496112,0.235897,0.00591622,0.00421457,0.0130196,0.244841
"37063","Durham County","North Carolina",343628,0.422675,0.319377,0.0640897,0.00268313,0.0244974,0.166677
"37065","Edgecombe County","North Carolina",49124,0.34759,0.560154,0.00437668,0.00390848,0.0147586,0.0692126
"37067","Forsyth County","North Carolina",398143,0.534042,0.253072,0.0291955,0.00296627,0.0209699,0.159754
"37069","Franklin County","North Carolina",79771,0.601647,0.239022,0.0104549,0.00491407,0.0207218,0.12324
"37071","Gaston County","North Carolina",242010,0.650663,0.191761,0.0201479,0.00361969,0.0232057,0.110603
"37073","Gates County","North Carolina",10299,0.64181,0.2943,0.00640839,0.00689387,0.0273813,0.0232061
"37075","Graham County","North Carolina",8179,0.847292,0.0162612,0.00819171,0.0699352,0.0255532,0.0327668
"37077","Granville County","North Carolina",61544,0.55713,0.291483,0.00817301,0.00425712,0.0200019,0.118956
"37079","Greene County","North Carolina",20671,0.451986,0.360602,0.00517633,0.00619225,0.0149001,0.161144
"37081","Guilford County","North Carolina",558816,0.456979,0.349442,0.0601611,0.00389574,0.0247148,0.104807
"37083","Halifax County","North Carolina",46992,0.378703,0.523302,0.00823544,0.0360487,0.0171944,0.0365169
"37085","Harnett County","North Carolina",146096,0.579277,0.204564,0.0154693,0.00824116,0.0320611,0.160388
"37087","Haywood County","North Carolina",63048,0.903566,0.0135452,0.00740705,0.00586854,0.015401,0.0542127
"37089","Henderson County","North Carolina",120771,0.797518,0.0304378,0.0147138,0.00339485,0.0189863,0.13495
"37091","Hertford County","North Carolina",19169,0.325369,0.570244,0.00923366,0.0104857,0.0181021,0.0665658
"37093","Hoke County","North Carolina",55382,0.35907,0.345112,0.0199704,0.0711422,0.0426853,0.16202
"37095","Hyde County","North Carolina",4583,0.607244,0.280384,0.00741872,0.00501855,0.0146192,0.0853153
"37097","Iredell County","North Carolina",206361,0.723887,0.121888,0.0291528,0.00272823,0.0213073,0.101037
"37099","Jackson County","North Carolina",45281,0.786135,0.0239836,0.0109317,0.0725912,0.021488,0.08487
"37101","Johnston County","North Carolina",249794,0.603465,0.180665,0.0130427,0.00405534,0.0216058,0.177166
"37103","Jones County","North Carolina",9462,0.633904,0.268442,0.00655253,0.00718664,0.0273726,0.056542
"37105","Lee County","North Carolina",68537,0.555496,0.172082,0.0153348,0.00545691,0.0227614,0.228869
"37107","Lenoir County","North Carolina",55332,0.473758,0.401468,0.00744596,0.00343382,0.0170064,0.0968879
"37109","Lincoln County","North Carolina",97611,0.820348,0.0607821,0.0110438,0.00321685,0.0168629,0.0877463
"37113","Macon County","North Carolina",38717,0.849523,0.0144898,0.0097115,0.00586306,0.0144639,0.105948
"37115","Madison County","North Carolina",22352,0.921618,0.015077,0.00688976,0.0047423,0.0134664,0.0382069
"37117","Martin County","North Carolina",21523,0.522929,0.402453,0.00706221,0.00394926,0.015286,0.0483204
"37111","McDowell County","North Carolina",45269,0.852195,0.0390996,0.0106033,0.00463894,0.0160816,0.0773819
"37119","Mecklenburg County","North Carolina",1206285,0.431169,0.302593,0.0706276,0.00285919,0.0228735,0.169877
"37121","Mitchell County","North Carolina",15030,0.902994,0.00825017,0.00625416,0.00399202,0.0151031,0.0634065
"37123","Montgomery County","North Carolina",26364,0.63105,0.162077,0.0188894,0.00553785,0.0156653,0.16678
"37125","Moore County","North Carolina",108417,0.767407,0.102244,0.0183827,0.00861489,0.0208454,0.0825055
"37127","Nash County","North Carolina",97990,0.461659,0.412226,0.0118481,0.00702112,0.01841,0.0888356
"37129","New Hanover County","North Carolina",243333,0.76136,0.114666,0.0162822,0.0039411,0.0210987,0.0826522
"37131","Northampton County","North Carolina",16580,0.398492,0.547467,0.00410133,0.00548854,0.0177925,0.0266586
"37133","Onslow County","North Carolina",212954,0.649502,0.135903,0.0230284,0.00580877,0.0405205,0.145238
"37135","Orange County","North Carolina",152877,0.666294,0.112299,0.0856571,0.0030482,0.0245949,0.108107
"37137","Pamlico County","North Carolina",12550,0.736892,0.17243,0.00868526,0.00780876,0.0205578,0.0536255
"37139","Pasquotank County","North Carolina",41418,0.546188,0.342508,0.01608,0.00408035,0.0269448,0.0641991
"37141","Pender County","North Carolina",70077,0.75701,0.114203,0.00901865,0.004809,0.021034,0.0939253
"37143","Perquimans County","North Carolina",13460,0.733061,0.201486,0.00572065,0.00430906,0.0195394,0.0358841
"37145","Person County","North Carolina",40143,0.639788,0.25449,0.00383629,0.00617791,0.0222455,0.0734624
"37147","Pitt County","North Carolina",180783,0.517023,0.351499,0.0231272,0.00310317,0.0224302,0.0828175
"37149","Polk County","North Carolina",20320,0.867175,0.0406004,0.00915354,0.00462598,0.0175689,0.060876
"37151","Randolph County","North Carolina",148389,0.740695,0.0696278,0.016578,0.00526319,0.0188289,0.149007
"37153","Richmond County","North Carolina",41990,0.540033,0.313122,0.0112884,0.0267683,0.0263634,0.0824244
"37155","Robeson County","North Carolina",118624,0.227913,0.227509,0.00790734,0.388665,0.0300867,0.117919
"37157","Rockingham County","North Carolina",93517,0.701851,0.185528,0.00745319,0.00372125,0.0236641,0.0777826
"37159","Rowan County","North Carolina",153384,0.673278,0.163453,0.0114484,0.00301857,0.0192132,0.12959
"37161","Rutherford County","North Carolina",65587,0.813988,0.0914053,0.00708982,0.0029884,0.022535,0.061994
"37163","Sampson County","North Carolina",60404,0.484604,0.235167,0.00625786,0.0184094,0.019502,0.236061
"37165","Scotland County","North Carolina",33898,0.404891,0.377987,0.0105611,0.126586,0.0308573,0.0491179
"37167","Stanly County","North Carolina",67326,0.77049,0.120444,0.0219826,0.00393607,0.016888,0.0662597
"37169","Stokes County","North Carolina",45857,0.891641,0.0417166,0.00475391,0.00366356,0.0148723,0.0433522
"37171","Surry County","North Carolina",71547,0.807791,0.0357667,0.00715614,0.0032566,0.013851,0.132179
"37173","Swain County","North Carolina",13945,0.584797,0.0223019,0.00717103,0.27171,0.0486913,0.0653281
"37175","Transylvania County","North Carolina",34103,0.876932,0.0311996,0.00826907,0.00439844,0.0220802,0.0571211
"37177","Tyrrell County","North Carolina",3517,0.528007,0.298834,0.0193347,0.002559,0.0295707,0.121695
"37179","Union County","North Carolina",263386,0.65576,0.120154,0.0586478,0.00289689,0.0199061,0.142635
"37181","Vance County","North Carolina",42337,0.368307,0.498311,0.0100621,0.00281078,0.0178095,0.1027
"37183","Wake County","North Carolina",1232444,0.561393,0.190852,0.101866,0.00281068,0.0244985,0.11858
"37185","Warren County","North Carolina",19081,0.39238,0.474137,0.00849012,0.0514124,0.0227975,0.0507835
"37187","Washington County","North Carolina",10654,0.452037,0.475127,0.0053501,0.00328515,0.0205557,0.0436456
"37189","Watauga County","North Carolina",54997,0.886739,0.0184919,0.0132735,0.00300016,0.0158554,0.0626398
"37191","Wayne County","North Carolina",120338,0.501587,0.306088,0.01362,0.00373947,0.0259851,0.14898
"37193","Wilkes County","North Carolina",66186,0.85222,0.043544,0.00735805,0.00244765,0.0158039,0.0786269
"37195","Wilson County","North Carolina",79958,0.446472,0.385177,0.0123565,0.00365192,0.0182221,0.13412
"37197","Yadkin County","North Carolina",37995,0.814239,0.0316621,0.00447427,0.00257929,0.014423,0.132623
"37199","Yancey County","North Carolina",18993,0.90923,0.00863476,0.00431738,0.00394882,0.0124783,0.061391
"38001","Adams County","North Dakota",2141,0.886969,0.0205511,0.0350304,0.0126109,0.0191499,0.0256889
"38003","Barnes County","North Dakota",10798,0.908039,0.0186146,0.0225968,0.0138915,0.0148176,0.0220411
"38005","Benson County","North Dakota",5756,0.431723,0.00608061,0.0145935,0.498263,0.0227589,0.026581
"38007","Billings County","North Dakota",1063,0.904045,0.0131703,0.0310442,0.00752587,0.00940734,0.0348071
"38009","Bottineau County","North Dakota",6391,0.892192,0.00704115,0.0109529,0.0369269,0.0247223,0.0281646
"38011","Bowman County","North Dakota",2886,0.900208,0.003465,0.000693001,0.0155925,0.016632,0.0634096
"38013","Burke County","North Dakota",2154,0.8974,0.0088208,0.0171773,0.0204271,0.0185701,0.0376045
"38015","Burleigh County","North Dakota",103107,0.855461,0.0237229,0.0225397,0.0426935,0.0202702,0.0353128
"38017","Cass County","North Dakota",200945,0.808246,0.077892,0.0379158,0.0138346,0.0234044,0.0387071
"38019","Cavalier County","North Dakota",3567,0.924306,0.00700869,0.00672834,0.0159798,0.0215868,0.0243902
"38021","Dickey County","North Dakota",4930,0.907911,0.00689655,0.0158215,0.00993915,0.0160243,0.0434077
"38023","Divide County","North Dakota",2124,0.882298,0.0216573,0.019774,0.00988701,0.0258945,0.0404896
"38025","Dunn County","North Dakota",4031,0.784669,0.0143885,0.0146366,0.083354,0.0530886,0.0498636
"38027","Eddy County","North Dakota",2309,0.867475,0.0034647,0.00259853,0.0658294,0.0190559,0.0415764
"38029","Emmons County","North Dakota",3209,0.937987,0.00560922,0.00934871,0.0118417,0.0168277,0.0183858
"38031","Foster County","North Dakota",3323,0.918447,0.00962985,0.0210653,0.0168522,0.0129401,0.0210653
"38033","Golden Valley County","North Dakota",1795,0.91532,0.00779944,0.00278552,0.00891365,0.0206128,0.0445682
"38035","Grand Forks County","North Dakota",73771,0.816201,0.0417779,0.0324924,0.0249285,0.0269483,0.0576514
"38037","Grant County","North Dakota",2247,0.916778,0.00311526,0.0249221,0.0178015,0.023587,0.0137962
"38039","Griggs County","North Dakota",2227,0.968119,0.00628648,0.00179614,0.00538841,0.00493938,0.013471
"38041","Hettinger County","North Dakota",2419,0.90616,0.00868127,0.00454733,0.0338983,0.0206697,0.0260438
"38043","Kidder County","North Dakota",2371,0.941375,0.00379587,0.0080135,0.0101223,0.0109658,0.0257275
"38045","LaMoure County","North Dakota",4051,0.947174,0.00493705,0.00271538,0.00863984,0.00913355,0.0274006
"38047","Logan County","North Dakota",1880,0.920213,0.00265957,0.00478723,0.00851064,0.031383,0.0324468
"38049","McHenry County","North Dakota",5135,0.936319,0.00759494,0.00350536,0.0097371,0.0204479,0.0223953
"38051","McIntosh County","North Dakota",2461,0.919139,0.00934579,0.0101585,0.00812678,0.00893946,0.0442909
"38053","McKenzie County","North Dakota",14782,0.730889,0.0178596,0.0125152,0.0674469,0.0315925,0.139697
"38055","McLean County","North Dakota",9845,0.879736,0.00639919,0.00650076,0.0636872,0.0207212,0.0229558
"38057","Mercer County","North Dakota",8348,0.911715,0.00586967,0.0101821,0.0218016,0.0189267,0.0315046
"38059","Morton County","North Dakota",34194,0.862754,0.0164064,0.0080131,0.04144,0.0243318,0.047055
"38061","Mountrail County","North Dakota",9474,0.562698,0.0148828,0.0189994,0.274858,0.0307156,0.0978467
"38063","Nelson County","North Dakota",3007,0.908214,0.00764882,0.0139674,0.0209511,0.0169604,0.0322581
"38065","Oliver County","North Dakota",1882,0.926674,0.00478215,0.00371945,0.0286929,0.0148778,0.021254
"38067","Pembina County","North Dakota",6588,0.886005,0.00895568,0.00698239,0.0226169,0.0256527,0.0497875
"38069","Pierce County","North Dakota",3853,0.889437,0.0075266,0.0145341,0.0461978,0.0179081,0.0243966
"38071","Ramsey County","North Dakota",11510,0.800087,0.00947003,0.0117289,0.116334,0.0331885,0.029192
"38073","Ransom County","North Dakota",5590,0.917174,0.0118068,0.0144902,0.009839,0.0182469,0.0284436
"38075","Renville County","North Dakota",2376,0.879209,0.00505051,0.003367,0.00883838,0.0715488,0.0319865
"38077","Richland County","North Dakota",16658,0.896326,0.011466,0.00678353,0.0259335,0.0199304,0.0395606
"38079","Rolette County","North Dakota",11692,0.182432,0.00513171,0.00376326,0.758382,0.0342114,0.0160794
"38081","Sargent County","North Dakota",3710,0.898113,0.0264151,0.0113208,0.0134771,0.0202156,0.0304582
"38083","Sheridan County","North Dakota",1268,0.925079,0.000788644,0.0157729,0.0181388,0.022082,0.0181388
"38085","Sioux County","North Dakota",3713,0.130353,0.0078104,0.00269324,0.781848,0.0457851,0.0315109
"38087","Slope County","North Dakota",660,0.956061,0.0106061,0,0.0212121,0.00606061,0.00606061
"38089","Stark County","North Dakota",33767,0.838778,0.0245802,0.0212634,0.0149554,0.0201676,0.0802559
"38091","Steele County","North Dakota",1767,0.937182,0.00509338,0.00169779,0.0147142,0.0152801,0.0260328
"38093","Stutsman County","North Dakota",21546,0.897846,0.0220923,0.0094217,0.0181008,0.0158266,0.0367122
"38095","Towner County","North Dakota",2051,0.877621,0.00487567,0.00682594,0.0492443,0.0234032,0.0380302
"38097","Traill County","North Dakota",7989,0.898485,0.0121417,0.00650895,0.0166479,0.0202779,0.0459382
"38099","Walsh County","North Dakota",10214,0.805267,0.00734286,0.011357,0.0186998,0.0153711,0.141962
"38101","Ward County","North Dakota",68427,0.8042,0.045143,0.0189837,0.0247563,0.0299005,0.0770164
"38103","Wells County","North Dakota",3803,0.953984,0.00289245,0.00631081,0.00762556,0.0128846,0.0163029
"38105","Williams County","North Dakota",40763,0.744131,0.0514437,0.0163383,0.0371415,0.0354979,0.115448
"39001","Adams County","Ohio",27671,0.954284,0.00686639,0.00552925,0.00578223,0.0172383,0.0102996
"39003","Allen County","Ohio",100866,0.793935,0.119158,0.0109056,0.00232982,0.0331232,0.0405488
"39005","Ashland County","Ohio",52420,0.946337,0.0104349,0.00745899,0.0025372,0.0136971,0.0195345
"39007","Ashtabula County","Ohio",96906,0.876922,0.0370668,0.00490166,0.00234248,0.0253235,0.0534435
"39009","Athens County","Ohio",63218,0.88652,0.029074,0.0328546,0.00249929,0.0248347,0.0242178
"39011","Auglaize County","Ohio",45922,0.948761,0.00683768,0.0071861,0.00226471,0.0141544,0.0207961
"39013","Belmont County","Ohio",64692,0.911906,0.0460181,0.00575032,0.00202498,0.0186576,0.0156434
"39015","Brown County","Ohio",44292,0.9548,0.00982119,0.00356724,0.00232548,0.0141561,0.0153301
"39017","Butler County","Ohio",399542,0.739657,0.0999845,0.0561193,0.00154677,0.0270259,0.0756666
"39019","Carroll County","Ohio",26460,0.954913,0.00770975,0.00355253,0.00347695,0.0159486,0.0143991
"39021","Champaign County","Ohio",38907,0.924872,0.0211787,0.00588583,0.00382965,0.0246742,0.0195595
"39023","Clark County","Ohio",134985,0.812838,0.0960255,0.00803793,0.00263733,0.0336556,0.0468052
"39025","Clermont County","Ohio",214123,0.913363,0.0221788,0.0168034,0.00155518,0.0177235,0.0283762
"39027","Clinton County","Ohio",42019,0.916086,0.0202051,0.00990028,0.00295105,0.0225374,0.0283205
"39029","Columbiana County","Ohio",99823,0.931539,0.0241628,0.00367651,0.00181321,0.0182323,0.0205764
"39031","Coshocton County","Ohio",37003,0.948707,0.0113504,0.00545902,0.00305381,0.0171878,0.0142421
"39033","Crawford County","Ohio",41626,0.939773,0.0117234,0.0124201,0.00223418,0.0132609,0.0205881
"39035","Cuyahoga County","Ohio",1240594,0.569201,0.292237,0.0381156,0.00144125,0.0239821,0.0750229
"39037","Darke County","Ohio",51462,0.947962,0.00818079,0.0072092,0.00205977,0.0145739,0.0200148
"39039","Defiance County","Ohio",38644,0.840829,0.0181399,0.00548597,0.00160439,0.0129645,0.120976
"39041","Delaware County","Ohio",237966,0.785276,0.0492591,0.10467,0.00143718,0.021814,0.0375432
"39043","Erie County","Ohio",73841,0.818394,0.0868488,0.00813911,0.00232933,0.0344795,0.0498097
"39045","Fairfield County","Ohio",167762,0.794334,0.109983,0.0387811,0.00192535,0.0256137,0.029363
"39047","Fayette County","Ohio",28782,0.911959,0.0235564,0.0121604,0.00239733,0.0237996,0.0261274
"39049","Franklin County","Ohio",1356303,0.573454,0.246639,0.0624064,0.00166851,0.033438,0.0823938
"39051","Fulton County","Ohio",42028,0.872823,0.00773294,0.00535357,0.00228419,0.0140145,0.0977919
"39053","Gallia County","Ohio",28886,0.934813,0.0207367,0.00875857,0.00418888,0.019525,0.0119781
"39055","Geauga County","Ohio",95362,0.945576,0.0136532,0.00723559,0.000933286,0.0108534,0.0217487
"39057","Greene County","Ohio",172347,0.823641,0.0721393,0.0348251,0.00252398,0.032011,0.0348599
"39059","Guernsey County","Ohio",38219,0.938251,0.016327,0.0046312,0.00353227,0.0219263,0.0153327
"39061","Hamilton County","Ohio",837359,0.624279,0.26127,0.0319827,0.00143785,0.0270493,0.0539804
"39063","Hancock County","Ohio",75016,0.865629,0.0223686,0.0233284,0.00225285,0.0191959,0.0672257
"39065","Hardin County","Ohio",30402,0.92938,0.011315,0.0109532,0.00246694,0.0202618,0.0256233
"39067","Harrison County","Ohio",14042,0.941176,0.0195841,0.00341832,0.00163794,0.0215069,0.0126763
"39069","Henry County","Ohio",27536,0.882408,0.00882481,0.00512057,0.00345003,0.0121659,0.0880302
"39071","Highland County","Ohio",43785,0.943017,0.0143428,0.00511591,0.00319744,0.0195729,0.0147539
"39073","Hocking County","Ohio",27429,0.956141,0.00896861,0.00499471,0.00390098,0.0153123,0.0106821
"39075","Holmes County","Ohio",44668,0.973784,0.00400734,0.00322378,0.00094027,0.00732068,0.0107236
"39077","Huron County","Ohio",58168,0.884662,0.0121029,0.00546692,0.00263031,0.0169681,0.0781701
"39079","Jackson County","Ohio",32723,0.95083,0.0078538,0.0078538,0.0040033,0.0179079,0.0115515
"39081","Jefferson County","Ohio",63900,0.88892,0.0532238,0.00669797,0.00205008,0.0274491,0.0216588
"39083","Knox County","Ohio",63848,0.942066,0.0105093,0.0086612,0.00249029,0.0148791,0.0213946
"39085","Lake County","Ohio",232360,0.849053,0.0569418,0.016496,0.00126097,0.0188716,0.0573765
"39087","Lawrence County","Ohio",55829,0.940103,0.0212972,0.00512279,0.00243601,0.0189328,0.0121084
"39089","Licking County","Ohio",184898,0.848468,0.0486539,0.0488161,0.00249867,0.0247001,0.0268635
"39091","Logan County","Ohio",46085,0.916155,0.0203754,0.0109363,0.00312466,0.0234784,0.0259303
"39093","Lorain County","Ohio",322030,0.758659,0.0780983,0.0169518,0.00204018,0.0285439,0.115707
"39095","Lucas County","Ohio",426291,0.664893,0.199441,0.0190644,0.00217692,0.0328297,0.0815945
"39097","Madison County","Ohio",45531,0.861523,0.0633854,0.0172849,0.00325053,0.019613,0.0349432
"39099","Mahoning County","Ohio",225786,0.743762,0.144597,0.0112407,0.00164315,0.023633,0.0751242
"39101","Marion County","Ohio",64976,0.867074,0.0655781,0.006033,0.00233933,0.0235779,0.0353977
"39103","Medina County","Ohio",184625,0.922681,0.0164929,0.0149817,0.00146784,0.0151875,0.0291889
"39105","Meigs County","Ohio",21491,0.956726,0.00977153,0.00297799,0.0035829,0.0132148,0.0137267
"39107","Mercer County","Ohio",42648,0.939083,0.00532264,0.0158741,0.00243857,0.0126618,0.0246201
"39109","Miami County","Ohio",111950,0.899634,0.0297901,0.0231532,0.00177758,0.0232604,0.022385
"39111","Monroe County","Ohio",13051,0.962532,0.0104207,0.00229867,0.00145583,0.0163206,0.00697265
"39113","Montgomery County","Ohio",537443,0.676284,0.21694,0.0277276,0.00209697,0.0310377,0.0459137
"39115","Morgan County","Ohio",13532,0.910582,0.0282294,0.00184747,0.00362105,0.0427136,0.0130062
"39117","Morrow County","Ohio",35927,0.944833,0.00896262,0.00514933,0.00178139,0.0172572,0.0220169
"39119","Muskingum County","Ohio",86582,0.906158,0.0380333,0.00578642,0.0022984,0.0334365,0.014287
"39121","Noble County","Ohio",14269,0.933843,0.0328685,0.00336394,0.00308361,0.0133156,0.0135258
"39123","Ottawa County","Ohio",39692,0.913358,0.0107578,0.00486244,0.00219188,0.0144865,0.0543434
"39125","Paulding County","Ohio",18755,0.906425,0.00906425,0.0033591,0.00357238,0.013703,0.0638763
"39127","Perry County","Ohio",35682,0.95799,0.00798722,0.00361527,0.00339107,0.016619,0.0103974
"39129","Pickaway County","Ohio",62158,0.908025,0.0399788,0.00669262,0.00239712,0.0195148,0.023392
"39131","Pike County","Ohio",27065,0.942546,0.0131166,0.00487715,0.00672455,0.0217994,0.0109366
"39133","Portage County","Ohio",163839,0.868438,0.0534549,0.0285585,0.00186769,0.0237001,0.0239809
"39135","Preble County","Ohio",40801,0.953016,0.00892135,0.00764687,0.00299012,0.0151222,0.0123036
"39137","Putnam County","Ohio",34206,0.911624,0.00549611,0.00251418,0.00163714,0.00847804,0.0702508
"39139","Richland County","Ohio",124853,0.844001,0.0946073,0.00937903,0.00181013,0.0257022,0.0245008
"39141","Ross County","Ohio",76046,0.891224,0.0566236,0.00594377,0.00330063,0.0278121,0.0150961
"39143","Sandusky County","Ohio",58866,0.818129,0.0321068,0.00708389,0.00254816,0.0244793,0.115652
"39145","Scioto County","Ohio",71798,0.922561,0.0287473,0.00490264,0.00491657,0.0211427,0.0177303
"39147","Seneca County","Ohio",54730,0.876649,0.0236433,0.0107071,0.0022474,0.0252512,0.0615019
"39149","Shelby County","Ohio",47952,0.916229,0.0246705,0.0135761,0.00235652,0.0238363,0.0193318
"39151","Stark County","Ohio",374091,0.842613,0.0797426,0.0110454,0.00224277,0.0315966,0.0327594
"39153","Summit County","Ohio",538370,0.739034,0.151688,0.0490128,0.00155655,0.0285064,0.0302023
"39155","Trumbull County","Ohio",200300,0.854398,0.0874089,0.00661508,0.00207688,0.0242137,0.0252871
"39157","Tuscarawas County","Ohio",92048,0.919738,0.00849557,0.00466061,0.00161872,0.0143621,0.0511255
"39159","Union County","Ohio",71721,0.833926,0.029545,0.0740508,0.00163132,0.0181119,0.042735
"39161","Van Wert County","Ohio",28887,0.920172,0.0114238,0.00443106,0.00173088,0.0146086,0.0476339
"39163","Vinton County","Ohio",12545,0.954643,0.00629733,0.00342766,0.00422479,0.0204065,0.0110004
"39165","Warren County","Ohio",256059,0.815699,0.0380811,0.0843595,0.00140202,0.0220066,0.0384521
"39167","Washington County","Ohio",58332,0.940976,0.0135432,0.00879449,0.0025372,0.0205376,0.0136117
"39169","Wayne County","Ohio",116632,0.926693,0.0167878,0.0118921,0.00158619,0.0166678,0.0263736
"39171","Williams County","Ohio",36554,0.908875,0.0137331,0.00675713,0.00248947,0.0118455,0.0563003
"39173","Wood County","Ohio",133077,0.858488,0.0287277,0.0224832,0.00210405,0.0191844,0.0690127
"39175","Wyandot County","Ohio",21394,0.941011,0.00551557,0.00738525,0.00200991,0.0117323,0.0323455
"40001","Adair County","Oklahoma",19821,0.393421,0.00933354,0.0128651,0.400283,0.10055,0.0835478
"40003","Alfalfa County","Oklahoma",5712,0.795168,0.0567227,0.00945378,0.0393908,0.0295868,0.0696779
"40005","Atoka County","Oklahoma",14600,0.666986,0.0532192,0.0134932,0.144384,0.0739041,0.0480137
"40007","Beaver County","Oklahoma",5025,0.62607,0.0143284,0.00238806,0.0151244,0.0278607,0.314229
"40009","Beckham County","Oklahoma",22248,0.736426,0.0501169,0.0139338,0.0276429,0.0258001,0.146081
"40011","Blaine County","Oklahoma",8573,0.68984,0.0330106,0.00373265,0.0775691,0.0514406,0.144407
"40013","Bryan County","Oklahoma",50305,0.668999,0.0202167,0.00824968,0.138117,0.0756982,0.0887188
"40015","Caddo County","Oklahoma",26337,0.534951,0.0385389,0.00634089,0.188138,0.0538026,0.178228
"40017","Canadian County","Oklahoma",181760,0.69227,0.0523107,0.0357064,0.0404489,0.04852,0.130744
"40019","Carter County","Oklahoma",49135,0.66706,0.0603236,0.0147146,0.0916048,0.0715172,0.0947797
"40021","Cherokee County","Oklahoma",48729,0.455355,0.0147551,0.0115947,0.336678,0.0950769,0.0865398
"40023","Choctaw County","Oklahoma",14174,0.570693,0.097573,0.00839565,0.183717,0.0816283,0.0579935
"40025","Cimarron County","Oklahoma",2133,0.678387,0.00750117,0.00468823,0.0107829,0.0304735,0.268167
"40027","Cleveland County","Oklahoma",303952,0.669241,0.0581243,0.0519753,0.0455039,0.0577854,0.117371
"40029","Coal County","Oklahoma",5414,0.624861,0.0134836,0.00350942,0.212228,0.0966014,0.0493166
"40031","Comanche County","Oklahoma",121396,0.542827,0.153283,0.0312366,0.0549359,0.064096,0.153621
"40033","Cotton County","Oklahoma",5503,0.741232,0.0221697,0.00636017,0.0886789,0.0563329,0.0852262
"40035","Craig County","Oklahoma",14506,0.605818,0.0297118,0.0178547,0.20688,0.0938922,0.0458431
"40037","Creek County","Oklahoma",73971,0.732936,0.0215219,0.00944965,0.102135,0.0734747,0.0604832
"40039","Custer County","Oklahoma",28266,0.655876,0.0251185,0.0152126,0.0621595,0.0350952,0.206538
"40041","Delaware County","Oklahoma",41771,0.6245,0.00596107,0.0212348,0.227,0.072299,0.0490053
"40043","Dewey County","Oklahoma",4268,0.805061,0.00679475,0.0145267,0.0672446,0.0440487,0.0623243
"40045","Ellis County","Oklahoma",3601,0.821438,0.00610941,0.00610941,0.0341572,0.0244377,0.107748
"40047","Garfield County","Oklahoma",62007,0.691196,0.0277711,0.0592836,0.0228845,0.0394955,0.159369
"40049","Garvin County","Oklahoma",26149,0.712838,0.0217217,0.00715133,0.0879192,0.0572106,0.113159
"40051","Grady County","Oklahoma",58353,0.785684,0.022758,0.00606653,0.0562782,0.0504002,0.0788134
"40053","Grant County","Oklahoma",4123,0.853505,0.0177056,0.00654863,0.0354111,0.0363813,0.0504487
"40055","Greer County","Oklahoma",5433,0.713234,0.0800663,0.00644211,0.0277931,0.0371802,0.135284
"40057","Harmon County","Oklahoma",2315,0.509287,0.0665227,0.0155508,0.0267819,0.0436285,0.338229
"40059","Harper County","Oklahoma",3209,0.680897,0.00311624,0.00342786,0.0211904,0.0211904,0.270178
"40061","Haskell County","Oklahoma",11811,0.668699,0.00914402,0.0160867,0.173821,0.0731521,0.0590975
"40063","Hughes County","Oklahoma",13371,0.606537,0.0653653,0.00575873,0.186897,0.0703014,0.065141
"40065","Jackson County","Oklahoma",24541,0.606984,0.0592478,0.0185811,0.0175217,0.0370401,0.260625
"40067","Jefferson County","Oklahoma",5374,0.753443,0.01377,0.00800149,0.0643841,0.0463342,0.114068
"40069","Johnston County","Oklahoma",10293,0.664626,0.0300204,0.00689789,0.14641,0.0895754,0.0624696
"40071","Kay County","Oklahoma",43437,0.70951,0.0201211,0.0133296,0.100721,0.0611921,0.0951263
"40073","Kingfisher County","Oklahoma",15820,0.712705,0.0150442,0.00480405,0.0336283,0.0369153,0.196903
"40075","Kiowa County","Oklahoma",8257,0.710549,0.0396028,0.0064188,0.0637035,0.0491704,0.130556
"40077","Latimer County","Oklahoma",9509,0.612472,0.0148281,0.00799243,0.23483,0.0862341,0.0436429
"40079","Le Flore County","Oklahoma",49854,0.685983,0.0204798,0.010972,0.138886,0.059253,0.0844265
"40081","Lincoln County","Oklahoma",34972,0.798553,0.019244,0.00626215,0.0682832,0.0613062,0.0463514
"40083","Logan County","Oklahoma",53860,0.748997,0.0686966,0.00837356,0.032733,0.0452098,0.0959896
"40085","Love County","Oklahoma",10423,0.666699,0.023026,0.00901852,0.0621702,0.0430778,0.196009
"40093","Major County","Oklahoma",7569,0.808033,0.0088519,0.00951249,0.0223279,0.0290659,0.122209
"40095","Marshall County","Oklahoma",16147,0.632811,0.01796,0.00501641,0.0904193,0.0597015,0.194092
"40097","Mayes County","Oklahoma",40144,0.626794,0.00832005,0.00784675,0.215972,0.0999651,0.041102
"40087","McClain County","Oklahoma",48434,0.752302,0.0157534,0.00838254,0.0632613,0.0546517,0.105649
"40089","McCurtain County","Oklahoma",30805,0.582795,0.0780068,0.0280149,0.159844,0.0751501,0.0761889
"40091","McIntosh County","Oklahoma",19710,0.658397,0.0281076,0.00781329,0.186454,0.080416,0.0388128
"40099","Murray County","Oklahoma",13754,0.683874,0.0182492,0.00625273,0.141632,0.0715428,0.0784499
"40101","Muskogee County","Oklahoma",66752,0.533977,0.100656,0.0112806,0.185942,0.0884917,0.079653
"40103","Noble County","Oklahoma",10896,0.782305,0.0157856,0.0078928,0.08471,0.0546072,0.054699
"40105","Nowata County","Oklahoma",9561,0.643552,0.0248928,0.00773978,0.180316,0.108043,0.0354565
"40107","Okfuskee County","Oklahoma",11364,0.595301,0.0670539,0.0125836,0.20301,0.0745336,0.0475185
"40109","Oklahoma County","Oklahoma",816490,0.519219,0.149654,0.0384389,0.030407,0.0521182,0.210163
"40111","Okmulgee County","Oklahoma",37084,0.609131,0.0735088,0.00722684,0.159961,0.0944343,0.0557383
"40113","Osage County","Oklahoma",46495,0.625315,0.106011,0.00703301,0.138789,0.0717927,0.0510593
"40115","Ottawa County","Oklahoma",30404,0.617616,0.0130575,0.0174977,0.202276,0.0830154,0.0665373
"40117","Pawnee County","Oklahoma",16111,0.741171,0.0099311,0.00707591,0.124015,0.0721246,0.0456831
"40119","Payne County","Oklahoma",84199,0.732396,0.0415207,0.0492999,0.049478,0.0591218,0.0681837
"40121","Pittsburg County","Oklahoma",43395,0.673073,0.0289204,0.00675193,0.15541,0.0742943,0.0615509
"40123","Pontotoc County","Oklahoma",38310,0.619081,0.0202297,0.00900548,0.197285,0.0834769,0.0709214
"40125","Pottawatomie County","Oklahoma",74446,0.696988,0.0315262,0.00952368,0.123741,0.0695538,0.0686672
"40127","Pushmataha County","Oklahoma",10800,0.6875,0.0137963,0.0062037,0.174352,0.0684259,0.0497222
"40129","Roger Mills County","Oklahoma",3304,0.806295,0.00635593,0.0133172,0.062954,0.0281477,0.0829298
"40131","Rogers County","Oklahoma",101371,0.689536,0.0136528,0.022393,0.125825,0.0805753,0.0680175
"40133","Seminole County","Oklahoma",23351,0.625027,0.0369149,0.00757998,0.180206,0.0867629,0.0635091
"40135","Sequoyah County","Oklahoma",40555,0.608507,0.019677,0.00969054,0.219208,0.0885711,0.0543459
"40137","Stephens County","Oklahoma",44075,0.773023,0.0213953,0.00859898,0.0546795,0.0477595,0.0945434
"40139","Texas County","Oklahoma",20577,0.372357,0.0406279,0.0271177,0.00573456,0.0128299,0.541333
"40141","Tillman County","Oklahoma",6736,0.584026,0.0541865,0.00638361,0.0402316,0.0377078,0.277464
"40143","Tulsa County","Oklahoma",693514,0.566663,0.101854,0.0452046,0.0586751,0.0600089,0.167594
"40145","Wagoner County","Oklahoma",91257,0.671773,0.0396572,0.0221572,0.094601,0.0742628,0.0975487
"40147","Washington County","Oklahoma",54060,0.704791,0.0241213,0.0177765,0.106863,0.07266,0.0737884
"40149","Washita County","Oklahoma",10839,0.815389,0.0115324,0.00572008,0.0304456,0.0347818,0.102131
"40151","Woods County","Oklahoma",8582,0.815777,0.0313447,0.0137497,0.0283151,0.0326264,0.0781869
"40153","Woodward County","Oklahoma",19991,0.765745,0.0206593,0.00770347,0.026662,0.0228603,0.15637
"41001","Baker County","Oregon",16750,0.885075,0.00722388,0.00943284,0.0135522,0.0257313,0.0589851
"41003","Benton County","Oregon",98899,0.772081,0.0135593,0.074025,0.00573312,0.0365727,0.0980293
"41005","Clackamas County","Oregon",425857,0.772961,0.0142607,0.0632842,0.00629319,0.0363221,0.106879
"41007","Clatsop County","Oregon",41043,0.82511,0.00757742,0.0202714,0.00994079,0.028994,0.108106
"41009","Columbia County","Oregon",54063,0.851914,0.0078427,0.0163883,0.0126519,0.0367534,0.0744502
"41011","Coos County","Oregon",64326,0.834344,0.00547213,0.0166651,0.0229767,0.0414762,0.079066
"41013","Crook County","Oregon",27336,0.865964,0.00380451,0.008048,0.012767,0.0253878,0.0840284
"41015","Curry County","Oregon",22774,0.842364,0.00623518,0.012646,0.0201546,0.0371037,0.0814964
"41017","Deschutes County","Oregon",211535,0.844432,0.005375,0.016281,0.00704375,0.027967,0.0989009
"41019","Douglas County","Oregon",112255,0.855686,0.00493519,0.0136475,0.0180749,0.0359093,0.0717474
"41021","Gilliam County","Oregon",1971,0.867073,0.00659564,0.014206,0.0167428,0.0314561,0.0639269
"41023","Grant County","Oregon",7093,0.896941,0.00338362,0.0115607,0.0152263,0.0294657,0.0434231
"41025","Harney County","Oregon",7402,0.851392,0.0094569,0.00499865,0.0382329,0.0362064,0.0597136
"41027","Hood River County","Oregon",23764,0.629818,0.00521798,0.0172109,0.00816361,0.0257532,0.313836
"41029","Jackson County","Oregon",221331,0.774035,0.00860702,0.0197532,0.00904528,0.0329552,0.155604
"41031","Jefferson County","Oregon",25536,0.600446,0.00822368,0.00869361,0.129934,0.0299577,0.222744
"41033","Josephine County","Oregon",88276,0.836671,0.00630976,0.013741,0.0127554,0.0350378,0.0954846
"41035","Klamath County","Oregon",70438,0.753783,0.00716943,0.0141117,0.0353502,0.0400352,0.14955
"41037","Lake County","Oregon",8194,0.807908,0.00793263,0.0108616,0.0192824,0.0356358,0.118379
"41039","Lane County","Oregon",382396,0.787317,0.0121392,0.0358817,0.0104159,0.0431908,0.111055
"41041","Lincoln County","Oregon",51212,0.801785,0.00827931,0.0159533,0.0283723,0.0356752,0.109935
"41043","Linn County","Oregon",132474,0.816689,0.00751091,0.0158522,0.012259,0.033901,0.113788
"41045","Malheur County","Oregon",32315,0.593378,0.0129352,0.013028,0.0087266,0.0200217,0.351911
"41047","Marion County","Oregon",352867,0.605914,0.0132259,0.038105,0.00963252,0.029181,0.303942
"41049","Morrow County","Oregon",12360,0.520631,0.00647249,0.0118123,0.010356,0.0182039,0.432524
"41051","Multnomah County","Oregon",795897,0.655625,0.0592175,0.0902692,0.00710268,0.0442557,0.14353
"41053","Polk County","Oregon",90549,0.744967,0.00992833,0.0276535,0.0157705,0.0364996,0.165181
"41055","Sherman County","Oregon",2002,0.87013,0.0034965,0.010989,0.01998,0.0254745,0.0699301
"41057","Tillamook County","Oregon",27264,0.819872,0.00564847,0.0132776,0.0111869,0.0285358,0.121479
"41059","Umatilla County","Oregon",80491,0.617274,0.00981476,0.0104111,0.0284877,0.0226982,0.311314
"41061","Union County","Oregon",26058,0.868985,0.00748331,0.0269015,0.0107836,0.0272085,0.0586384
"41063","Wallowa County","Oregon",7522,0.909333,0.00478596,0.00691306,0.00717894,0.0247275,0.047062
"41065","Wasco County","Oregon",26507,0.703701,0.00607387,0.0183348,0.023541,0.0255781,0.222771
"41067","Washington County","Oregon",611272,0.59495,0.0268375,0.139524,0.00434504,0.0413269,0.193017
"41069","Wheeler County","Oregon",1456,0.855082,0.00206044,0.0123626,0.0233516,0.0370879,0.0700549
"41071","Yamhill County","Oregon",110886,0.737199,0.00983893,0.0233303,0.0118951,0.030581,0.187156
"42001","Adams County","Pennsylvania",107914,0.87086,0.0182923,0.01112,0.00204793,0.0151695,0.0825101
"42003","Allegheny County","Pennsylvania",1231814,0.759926,0.131093,0.0495594,0.00116657,0.0254827,0.032772
"42005","Armstrong County","Pennsylvania",63679,0.962531,0.0116365,0.00351764,0.00116208,0.0103331,0.0108199
"42007","Beaver County","Pennsylvania",165540,0.874924,0.0647517,0.00731545,0.00134107,0.0256313,0.026036
"42009","Bedford County","Pennsylvania",47643,0.958357,0.00654871,0.00539429,0.00146926,0.0106626,0.0175682
"42011","Berks County","Pennsylvania",439117,0.657606,0.0454412,0.0155539,0.00110677,0.0147842,0.265508
"42013","Blair County","Pennsylvania",120269,0.932169,0.0233726,0.00802368,0.00133035,0.0168289,0.0182757
"42015","Bradford County","Pennsylvania",59699,0.947369,0.0103687,0.00725305,0.0024121,0.0128645,0.0197323
"42017","Bucks County","Pennsylvania",650131,0.804735,0.0430744,0.0620998,0.00114746,0.0183671,0.0705765
"42019","Butler County","Pennsylvania",199341,0.932292,0.0135547,0.0188872,0.000993273,0.012752,0.0215209
"42021","Cambria County","Pennsylvania",130108,0.90554,0.0437252,0.00631783,0.00137578,0.0183924,0.0246488
"42023","Cameron County","Pennsylvania",4348,0.945262,0.0075897,0.00597976,0.00321987,0.0163293,0.0216191
"42025","Carbon County","Pennsylvania",65743,0.875956,0.0221621,0.00638851,0.00231203,0.0127466,0.0804344
"42027","Centre County","Pennsylvania",159805,0.831075,0.0390226,0.0737399,0.00103877,0.0162198,0.0389037
"42029","Chester County","Pennsylvania",560745,0.754858,0.0580264,0.0786293,0.00110567,0.0193724,0.0880079
"42031","Clarion County","Pennsylvania",36855,0.949803,0.0141093,0.00919821,0.00160087,0.0123185,0.0129697
"42033","Clearfield County","Pennsylvania",78132,0.925587,0.0229867,0.00678339,0.00129268,0.00963754,0.0337122
"42035","Clinton County","Pennsylvania",37865,0.942797,0.0152648,0.00863594,0.00176944,0.0116995,0.0198336
"42037","Columbia County","Pennsylvania",66012,0.906381,0.0195873,0.0118009,0.0012422,0.0118615,0.0491274
"42039","Crawford County","Pennsylvania",82089,0.940333,0.0179439,0.00649295,0.00210747,0.0154466,0.0176759
"42041","Cumberland County","Pennsylvania",275516,0.792342,0.0514453,0.0749829,0.00134293,0.023632,0.0562544
"42043","Dauphin County","Pennsylvania",293029,0.599459,0.166646,0.0751666,0.00159711,0.0298912,0.12724
"42045","Delaware County","Pennsylvania",584882,0.618662,0.23105,0.0710605,0.00140028,0.0227003,0.0551274
"42047","Elk County","Pennsylvania",30124,0.966107,0.0068716,0.00398353,0.00199177,0.00985925,0.0111871
"42049","Erie County","Pennsylvania",267750,0.822028,0.0745621,0.0258973,0.00151634,0.0252101,0.0507862
"42051","Fayette County","Pennsylvania",123941,0.905044,0.0488781,0.00585763,0.00168629,0.0218249,0.0167096
"42053","Forest County","Pennsylvania",6601,0.684442,0.246932,0.0039388,0.00272686,0.00833207,0.0536282
"42055","Franklin County","Pennsylvania",159285,0.844769,0.0376432,0.0137678,0.00169507,0.0197445,0.0823806
"42057","Fulton County","Pennsylvania",14452,0.951149,0.0142541,0.00235262,0.00359812,0.0140465,0.0146001
"42059","Greene County","Pennsylvania",33960,0.92712,0.0361896,0.00415194,0.00200236,0.0129564,0.0175795
"42061","Huntingdon County","Pennsylvania",43359,0.899214,0.0562052,0.00770313,0.00117623,0.0134689,0.022233
"42063","Indiana County","Pennsylvania",82953,0.928514,0.0257616,0.0104035,0.00142249,0.0137066,0.0201922
"42065","Jefferson County","Pennsylvania",43367,0.967003,0.00445039,0.0046118,0.00166025,0.0115987,0.0106763
"42067","Juniata County","Pennsylvania",23395,0.929643,0.00816414,0.00500107,0.00162428,0.00906177,0.0465057
"42069","Lackawanna County","Pennsylvania",216859,0.791666,0.0409759,0.0358297,0.0011851,0.0181224,0.11222
"42071","Lancaster County","Pennsylvania",563293,0.792027,0.0395425,0.0291536,0.001264,0.0173427,0.120671
"42073","Lawrence County","Pennsylvania",84233,0.900846,0.042145,0.0051405,0.00144836,0.025287,0.0251327
"42075","Lebanon County","Pennsylvania",145319,0.778185,0.0213599,0.0231078,0.00127994,0.0132605,0.162807
"42077","Lehigh County","Pennsylvania",385655,0.576274,0.0628956,0.0422528,0.00128094,0.0175364,0.29976
"42079","Luzerne County","Pennsylvania",331379,0.720384,0.0481624,0.0131964,0.00125536,0.0145755,0.202427
"42081","Lycoming County","Pennsylvania",113236,0.887977,0.0493924,0.0089989,0.00194285,0.0252128,0.0264757
"42083","McKean County","Pennsylvania",39478,0.926516,0.0256599,0.00805512,0.00316632,0.0134505,0.0231521
"42085","Mercer County","Pennsylvania",108140,0.893471,0.0567413,0.00758276,0.00165526,0.0215184,0.0190309
"42087","Mifflin County","Pennsylvania",45935,0.946773,0.00907805,0.00605203,0.00182867,0.0117775,0.0244911
"42089","Monroe County","Pennsylvania",166523,0.613759,0.144671,0.0265909,0.00247413,0.022045,0.19046
"42091","Montgomery County","Pennsylvania",879190,0.716317,0.0982291,0.0905265,0.00108509,0.0225037,0.0713384
"42093","Montour County","Pennsylvania",18115,0.889318,0.0212531,0.0389732,0.00171129,0.0135247,0.0352194
"42095","Northampton County","Pennsylvania",322989,0.716699,0.0628164,0.0350724,0.00108982,0.0182297,0.166092
"42097","Northumberland County","Pennsylvania",90027,0.893165,0.0283582,0.00464305,0.00168838,0.0126851,0.0594599
"42099","Perry County","Pennsylvania",46816,0.93609,0.0109364,0.0060663,0.00228554,0.0133288,0.0312927
"42101","Philadelphia County","Pennsylvania",1573916,0.3375,0.387228,0.0851653,0.00202234,0.02396,0.164124
"42103","Pike County","Pennsylvania",62376,0.772124,0.0600712,0.0151821,0.00267731,0.0176029,0.132343
"42105","Potter County","Pennsylvania",15993,0.955418,0.00562746,0.00575252,0.00350153,0.0116301,0.0180704
"42107","Schuylkill County","Pennsylvania",144523,0.846156,0.0332335,0.00633117,0.00151533,0.0136587,0.0991053
"42109","Snyder County","Pennsylvania",39627,0.937618,0.0127438,0.00991748,0.00151412,0.0104727,0.0277336
"42111","Somerset County","Pennsylvania",72134,0.939335,0.0291679,0.00496299,0.00151108,0.00781878,0.0172041
"42113","Sullivan County","Pennsylvania",5927,0.926776,0.0197402,0.00556774,0.00641134,0.0116416,0.0298633
"42115","Susquehanna County","Pennsylvania",38100,0.945643,0.00790026,0.00559055,0.00154856,0.0123622,0.0269554
"42117","Tioga County","Pennsylvania",40698,0.954126,0.00776451,0.0057251,0.00240798,0.0118679,0.018109
"42119","Union County","Pennsylvania",42159,0.859484,0.0501435,0.0202566,0.00275149,0.01371,0.053654
"42121","Venango County","Pennsylvania",49476,0.951148,0.0116622,0.0054774,0.00242542,0.0139259,0.015361
"42123","Warren County","Pennsylvania",37373,0.958606,0.00666256,0.00583309,0.00270249,0.0112648,0.0149306
"42125","Washington County","Pennsylvania",210434,0.906051,0.033065,0.0157959,0.00127356,0.0210945,0.0227197
"42127","Wayne County","Pennsylvania",51419,0.889827,0.0300278,0.00912114,0.00248935,0.0122134,0.0563216
"42129","Westmoreland County","Pennsylvania",350935,0.922182,0.0291934,0.0118256,0.00107997,0.0178438,0.0178751
"42131","Wyoming County","Pennsylvania",25771,0.94067,0.00977843,0.00508323,0.00221179,0.0132707,0.0289861
"42133","York County","Pennsylvania",471240,0.787323,0.0647059,0.0189097,0.00161701,0.0214074,0.106037
"44001","Bristol County","Rhode Island",50145,0.89301,0.0138,0.0291754,0.00197427,0.0177086,0.0443314
"44003","Kent County","Rhode Island",172450,0.836712,0.0271963,0.0349145,0.00319513,0.0207075,0.0772746
"44005","Newport County","Rhode Island",83468,0.841724,0.0362654,0.0217209,0.00401351,0.0255667,0.0707097
"44007","Providence County","Rhode Island",675912,0.563408,0.0923863,0.0452026,0.00387181,0.0255521,0.269579
"44009","Washington County","Rhode Island",130333,0.893089,0.0143786,0.026486,0.00665219,0.0186292,0.0407648
"45001","Abbeville County","South Carolina",24607,0.698582,0.250091,0.00414516,0.00377941,0.0172309,0.0261714
"45003","Aiken County","South Carolina",179245,0.637691,0.244961,0.0128204,0.00412285,0.0229462,0.0774582
"45005","Allendale County","South Carolina",7551,0.235333,0.704807,0.0101973,0.00370812,0.0143027,0.0316514
"45007","Anderson County","South Carolina",217183,0.753834,0.153751,0.013141,0.00226998,0.0206232,0.056381
"45009","Bamberg County","South Carolina",12870,0.372883,0.575447,0.00963481,0.00505051,0.0149184,0.0220668
"45011","Barnwell County","South Carolina",20495,0.513198,0.421761,0.0083435,0.00648939,0.0188827,0.0313247
"45013","Beaufort County","South Carolina",201775,0.685759,0.152229,0.0157254,0.00240367,0.0174105,0.126473
"45015","Berkeley County","South Carolina",264276,0.607573,0.235969,0.0278497,0.00431746,0.0274826,0.0968079
"45017","Calhoun County","South Carolina",14249,0.553723,0.378693,0.00582497,0.00484245,0.0148081,0.0421082
"45019","Charleston County","South Carolina",431001,0.663544,0.221791,0.020522,0.00219025,0.0171856,0.0747678
"45021","Cherokee County","South Carolina",57770,0.710801,0.194565,0.00808378,0.00335814,0.0213433,0.0618487
"45023","Chester County","South Carolina",32323,0.582681,0.344461,0.00550691,0.00603286,0.0231724,0.0381462
"45025","Chesterfield County","South Carolina",44488,0.578695,0.316737,0.00636127,0.00611401,0.021916,0.0701762
"45027","Clarendon County","South Carolina",31030,0.504834,0.433709,0.00750886,0.00341605,0.0134064,0.0371254
"45029","Colleton County","South Carolina",39259,0.565679,0.34224,0.00667363,0.00858402,0.0199445,0.0568787
"45031","Darlington County","South Carolina",62425,0.530396,0.414145,0.00706448,0.00389267,0.0170605,0.0274409
"45033","Dillon County","South Carolina",27577,0.442108,0.45926,0.00576567,0.0263263,0.0273416,0.0391993
"45035","Dorchester County","South Carolina",174663,0.613038,0.250917,0.0252028,0.00534172,0.0273613,0.078139
"45037","Edgefield County","South Carolina",29455,0.56768,0.316381,0.00774062,0.00380241,0.0159565,0.08844
"45039","Fairfield County","South Carolina",20369,0.403604,0.538416,0.00741323,0.00402573,0.0177721,0.0287692
"45041","Florence County","South Carolina",138049,0.489044,0.435425,0.0193844,0.00344805,0.0163927,0.0363059
"45043","Georgetown County","South Carolina",66035,0.666813,0.27384,0.00852578,0.00219581,0.00997956,0.0386462
"45045","Greenville County","South Carolina",570745,0.65575,0.168651,0.0292039,0.00195709,0.0206414,0.123796
"45047","Greenwood County","South Carolina",70041,0.586128,0.306949,0.0123927,0.00224154,0.0163761,0.0759127
"45049","Hampton County","South Carolina",18172,0.414429,0.510896,0.0101255,0.0029716,0.0159586,0.0456196
"45051","Horry County","South Carolina",413391,0.766158,0.114613,0.0160429,0.00384382,0.0206971,0.0786447
"45053","Jasper County","South Carolina",35618,0.491072,0.303246,0.00713123,0.0039306,0.0125779,0.182043
"45055","Kershaw County","South Carolina",71698,0.645206,0.253759,0.00966554,0.00389132,0.0210466,0.0664314
"45057","Lancaster County","South Carolina",111652,0.660758,0.191434,0.0441371,0.00260631,0.0179218,0.0831423
"45059","Laurens County","South Carolina",70545,0.663123,0.234645,0.00664824,0.00306188,0.0172514,0.0752711
"45061","Lee County","South Carolina",15958,0.332748,0.618436,0.0058278,0.00407319,0.0133475,0.0255671
"45063","Lexington County","South Carolina",313774,0.700415,0.161674,0.0279309,0.00347702,0.0212,0.0853034
"45067","Marion County","South Carolina",28368,0.392625,0.548188,0.00542865,0.00687394,0.016568,0.0303158
"45069","Marlboro County","South Carolina",25498,0.389952,0.503255,0.00451016,0.045533,0.0264727,0.0302769
"45065","McCormick County","South Carolina",9983,0.600721,0.353902,0.00881499,0.00240409,0.012922,0.0212361
"45071","Newberry County","South Carolina",39203,0.60049,0.274928,0.00729536,0.00300997,0.0156621,0.0986149
"45073","Oconee County","South Carolina",82475,0.828784,0.0697666,0.00830555,0.00283722,0.0187936,0.0715126
"45075","Orangeburg County","South Carolina",83129,0.335238,0.601655,0.0105138,0.00553357,0.0163721,0.0306872
"45077","Pickens County","South Carolina",138207,0.831268,0.0683685,0.021258,0.00210554,0.0186025,0.0583979
"45079","Richland County","South Carolina",430651,0.391944,0.48122,0.0333449,0.00236851,0.0238453,0.0672772
"45081","Saluda County","South Carolina",19452,0.58395,0.210929,0.00442114,0.0041641,0.0138289,0.182706
"45083","Spartanburg County","South Carolina",369256,0.653349,0.194017,0.0275635,0.00208798,0.0212535,0.101729
"45085","Sumter County","South Carolina",104776,0.438125,0.472847,0.0157383,0.00346453,0.0218562,0.047969
"45087","Union County","South Carolina",26678,0.646863,0.294025,0.00723443,0.00303621,0.0249644,0.0238774
"45089","Williamsburg County","South Carolina",29865,0.329449,0.617311,0.0098443,0.00388415,0.0111167,0.0283944
"45091","York County","South Carolina",303001,0.662255,0.187607,0.0407523,0.00603958,0.0226204,0.0807258
"46003","Aurora County","South Dakota",2752,0.855378,0.0101744,0.0090843,0.0250727,0.0148983,0.0853924
"46005","Beadle County","South Dakota",19459,0.67763,0.0114086,0.124107,0.0107919,0.0170615,0.159001
"46007","Bennett County","South Dakota",3289,0.316206,0.00638492,0.0124658,0.572514,0.055336,0.0370933
"46009","Bon Homme County","South Dakota",7071,0.862537,0.014708,0.00353557,0.0782068,0.0152737,0.0257389
"46011","Brookings County","South Dakota",36359,0.871201,0.0172722,0.0339118,0.0108914,0.0164471,0.0502764
"46013","Brown County","South Dakota",37495,0.848193,0.0148553,0.0323243,0.0326444,0.0200293,0.0519536
"46015","Brule County","South Dakota",5261,0.815244,0.00532218,0.00760312,0.106634,0.038966,0.0262308
"46017","Buffalo County","South Dakota",1825,0.151233,0.00657534,0.00328767,0.777534,0.0339726,0.0273973
"46019","Butte County","South Dakota",10891,0.896245,0.00670278,0.00624369,0.020292,0.0276375,0.0428794
"46021","Campbell County","South Dakota",1342,0.910581,0.00372578,0.00298063,0.0156483,0.0171386,0.0499255
"46023","Charles Mix County","South Dakota",9343,0.638339,0.00588676,0.00428128,0.28417,0.0324307,0.0348924
"46025","Clark County","South Dakota",3974,0.898842,0.0173629,0.00251636,0.00553598,0.00855561,0.0671867
"46027","Clay County","South Dakota",15245,0.862184,0.0185635,0.0276812,0.0350279,0.0219088,0.0346343
"46029","Codington County","South Dakota",29278,0.90194,0.0076508,0.00860715,0.0238746,0.0183414,0.039586
"46031","Corson County","South Dakota",3747,0.30451,0.00800641,0.006672,0.6245,0.0370963,0.0192154
"46033","Custer County","South Dakota",9330,0.895713,0.00932476,0.0120043,0.0263666,0.0214362,0.0351554
"46035","Davison County","South Dakota",19907,0.874667,0.00974532,0.00954438,0.029688,0.0200934,0.0562616
"46037","Day County","South Dakota",5408,0.837463,0.00443787,0.00906065,0.089682,0.029216,0.0301405
"46039","Deuel County","South Dakota",4335,0.939562,0.0083045,0.00253749,0.00692042,0.0131488,0.0295271
"46041","Dewey County","South Dakota",5322,0.234686,0.00732807,0.00563698,0.66366,0.0569335,0.031755
"46043","Douglas County","South Dakota",2849,0.909793,0.00631801,0.001755,0.02457,0.018603,0.038961
"46045","Edmunds County","South Dakota",4027,0.949839,0.00322821,0.00446983,0.0104296,0.0104296,0.0216042
"46047","Fall River County","South Dakota",7359,0.846718,0.0114146,0.0192961,0.0527246,0.0323414,0.0375051
"46049","Faulk County","South Dakota",2136,0.952247,0.00421348,0.00421348,0.00608614,0.00608614,0.0271536
"46051","Grant County","South Dakota",7618,0.879102,0.00761355,0.00459438,0.0110265,0.0105014,0.087162
"46053","Gregory County","South Dakota",4110,0.86618,0.00413625,0.00559611,0.0703163,0.0311436,0.0226277
"46055","Haakon County","South Dakota",1834,0.916576,0.00218103,0.00381679,0.0272628,0.0359869,0.0141767
"46057","Hamlin County","South Dakota",6596,0.904336,0.00454821,0.00303214,0.00697392,0.0124318,0.068678
"46059","Hand County","South Dakota",3097,0.941556,0.00548918,0.00968679,0.00613497,0.011947,0.0251857
"46061","Hanson County","South Dakota",3477,0.940466,0.00546448,0.00460167,0.00834052,0.0224331,0.0186943
"46063","Harding County","South Dakota",1325,0.909434,0.0120755,0.00603774,0.0286792,0.0188679,0.0249057
"46065","Hughes County","South Dakota",17526,0.797615,0.00810225,0.0077599,0.11714,0.0309255,0.0384571
"46067","Hutchinson County","South Dakota",7416,0.927994,0.0118662,0.00418015,0.0114617,0.0133495,0.0311489
"46069","Hyde County","South Dakota",1215,0.828807,0.00658436,0.00493827,0.111111,0.0329218,0.0156379
"46071","Jackson County","South Dakota",2737,0.369383,0.0131531,0.00328827,0.518451,0.0650347,0.0306905
"46073","Jerauld County","South Dakota",1689,0.898757,0.00414446,0.00947306,0.0118413,0.0183541,0.0574304
"46075","Jones County","South Dakota",874,0.871854,0.00572082,0.00343249,0.0697941,0.0343249,0.0148741
"46077","Kingsbury County","South Dakota",5261,0.92663,0.00703288,0.00874358,0.00969397,0.0155864,0.0323132
"46079","Lake County","South Dakota",11006,0.891968,0.0114483,0.010358,0.0134472,0.0172633,0.0555152
"46081","Lawrence County","South Dakota",28809,0.895102,0.0082266,0.0153424,0.0188136,0.0193689,0.0431462
"46083","Lincoln County","South Dakota",75244,0.891579,0.0250385,0.019882,0.00732284,0.0191909,0.0369863
"46085","Lyman County","South Dakota",3721,0.565439,0.00671862,0.00725611,0.374362,0.0314432,0.014781
"46091","Marshall County","South Dakota",4395,0.835495,0.00819113,0.00273038,0.0648464,0.01843,0.0703072
"46087","McCook County","South Dakota",5771,0.926702,0.00675793,0.00381216,0.0109167,0.0149021,0.0369087
"46089","McPherson County","South Dakota",2307,0.933247,0.00693541,0.00520156,0.00953619,0.0134374,0.0316428
"46093","Meade County","South Dakota",30918,0.857138,0.0174332,0.0122906,0.0288829,0.0299825,0.0542726
"46095","Mellette County","South Dakota",1834,0.380589,0.00926936,0.00327154,0.522901,0.0687023,0.0152672
"46097","Miner County","South Dakota",2303,0.928789,0.0104212,0.00781589,0.00390795,0.0204082,0.0286583
"46099","Minnehaha County","South Dakota",208639,0.788601,0.0672981,0.0215108,0.0235239,0.0271042,0.0719616
"46101","Moody County","South Dakota",6529,0.750191,0.0114872,0.0176137,0.117782,0.0343085,0.0686169
"46102","Oglala Lakota County","South Dakota",13360,0.0763473,0.00643713,0.00247006,0.858608,0.0175898,0.0385479
"46103","Pennington County","South Dakota",115979,0.788651,0.0134593,0.0146147,0.0856534,0.0362652,0.0613559
"46105","Perkins County","South Dakota",2832,0.925141,0.00741525,0.00670904,0.0208333,0.0169492,0.022952
"46107","Potter County","South Dakota",2402,0.910075,0.00832639,0.010408,0.0253955,0.0179017,0.0278934
"46109","Roberts County","South Dakota",10283,0.557036,0.0067101,0.00651561,0.358845,0.0405524,0.0303413
"46111","Sanborn County","South Dakota",2392,0.923077,0.00459866,0.00459866,0.00877926,0.0129599,0.0459866
"46115","Spink County","South Dakota",6108,0.931565,0.00867714,0.00261952,0.00949574,0.0139162,0.0337263
"46117","Stanley County","South Dakota",3015,0.88524,0.00829187,0.00563847,0.0553897,0.0301824,0.015257
"46119","Sully County","South Dakota",1468,0.895777,0.0252044,0.0013624,0.0320163,0.0143052,0.0313351
"46121","Todd County","South Dakota",9172,0.0782817,0.00828609,0.047536,0.813563,0.0247492,0.027584
"46123","Tripp County","South Dakota",5717,0.77978,0.00542242,0.00542242,0.161448,0.0318349,0.0160924
"46125","Turner County","South Dakota",9087,0.921866,0.0081435,0.00649279,0.00869374,0.0121052,0.0426984
"46127","Union County","South Dakota",17402,0.887599,0.0146535,0.0168371,0.0084473,0.0175842,0.0548787
"46129","Walworth County","South Dakota",5270,0.772296,0.00398482,0.0191651,0.139658,0.0377609,0.0271347
"46135","Yankton County","South Dakota",23509,0.865456,0.0165894,0.00782679,0.0262878,0.0179506,0.0658897
"46137","Ziebach County","South Dakota",2418,0.2622,0.0070306,0.00372208,0.660463,0.0450786,0.0215054
"47001","Anderson County","Tennessee",81449,0.870373,0.0396567,0.0168081,0.0036219,0.023573,0.0459674
"47003","Bedford County","Tennessee",54228,0.720458,0.0753301,0.0110275,0.00341152,0.020506,0.169267
"47005","Benton County","Tennessee",16173,0.911581,0.0244234,0.00711062,0.00717245,0.0184258,0.0312867
"47007","Bledsoe County","Tennessee",15591,0.872234,0.0618947,0.00423321,0.00686293,0.0163556,0.0384196
"47009","Blount County","Tennessee",142211,0.888623,0.0289288,0.0104,0.00310806,0.01746,0.0514798
"47011","Bradley County","Tennessee",113782,0.821044,0.0500343,0.0147036,0.00328699,0.0205744,0.090357
"47013","Campbell County","Tennessee",40238,0.952657,0.00621303,0.00559173,0.00318107,0.0128983,0.0194592
"47015","Cannon County","Tennessee",15142,0.915665,0.0203408,0.00495311,0.00369832,0.0196143,0.0357284
"47017","Carroll County","Tennessee",29107,0.834919,0.0978115,0.0046037,0.00480984,0.0227437,0.0351118
"47019","Carter County","Tennessee",57434,0.925253,0.0207543,0.00656406,0.00283804,0.0161577,0.0284326
"47021","Cheatham County","Tennessee",42604,0.886748,0.0325087,0.00706506,0.00380246,0.0186133,0.0512628
"47023","Chester County","Tennessee",17876,0.839617,0.0889461,0.00699262,0.00559409,0.0206981,0.0381517
"47025","Claiborne County","Tennessee",33070,0.938706,0.0130632,0.0102207,0.00338676,0.0151497,0.0194738
"47027","Clay County","Tennessee",7857,0.931144,0.0161639,0.00318188,0.00381825,0.0145094,0.0311824
"47029","Cocke County","Tennessee",37596,0.915018,0.0208001,0.00619747,0.00492074,0.0178742,0.0351899
"47031","Coffee County","Tennessee",61285,0.848022,0.0389981,0.0142776,0.0040793,0.0237252,0.0708983
"47033","Crockett County","Tennessee",13973,0.714592,0.140271,0.0045087,0.00264796,0.0211837,0.116797
"47035","Cumberland County","Tennessee",65618,0.928754,0.00809229,0.00780274,0.0034899,0.0126337,0.039227
"47037","Davidson County","Tennessee",729505,0.539075,0.251561,0.0394761,0.00196572,0.0237764,0.144146
"47039","Decatur County","Tennessee",11800,0.90178,0.0283051,0.0108475,0.00389831,0.015339,0.0398305
"47041","DeKalb County","Tennessee",21747,0.865821,0.0175197,0.0131053,0.00409252,0.0173817,0.0820803
"47043","Dickson County","Tennessee",57641,0.875436,0.0383581,0.00680071,0.00381673,0.02179,0.0537985
"47045","Dyer County","Tennessee",36403,0.771969,0.153476,0.00689504,0.0027745,0.0225806,0.0423042
"47047","Fayette County","Tennessee",44476,0.657568,0.275609,0.0095782,0.0036649,0.0117142,0.0418653
"47049","Fentress County","Tennessee",20129,0.946893,0.00635898,0.00611059,0.00402404,0.0125689,0.0240449
"47051","Franklin County","Tennessee",45137,0.874914,0.0477214,0.0107672,0.00405432,0.0218668,0.0406762
"47053","Gibson County","Tennessee",51422,0.75633,0.175372,0.006048,0.00250865,0.0214305,0.0383105
"47055","Giles County","Tennessee",30971,0.839818,0.0946369,0.00571502,0.00461722,0.0234736,0.0317394
"47057","Grainger County","Tennessee",25073,0.930563,0.010609,0.00382882,0.0033901,0.0126032,0.0390061
"47059","Greene County","Tennessee",73398,0.911864,0.0232023,0.00566773,0.00303823,0.015232,0.0409957
"47061","Grundy County","Tennessee",14148,0.93356,0.0134295,0.00699746,0.006432,0.0163981,0.0231835
"47063","Hamblen County","Tennessee",67715,0.770051,0.0341136,0.0152551,0.00286495,0.0201137,0.157602
"47065","Hamilton County","Tennessee",386256,0.690845,0.174586,0.0245122,0.00238184,0.0199971,0.0876776
"47067","Hancock County","Tennessee",7038,0.952401,0.00767263,0.00355215,0.00454675,0.0177607,0.0140665
"47069","Hardeman County","Tennessee",25434,0.534363,0.411929,0.00821735,0.00263427,0.0181647,0.0246914
"47071","Hardin County","Tennessee",27617,0.911793,0.0341094,0.00644531,0.00456241,0.016584,0.0265054
"47073","Hawkins County","Tennessee",59371,0.935372,0.0151084,0.00690573,0.00303178,0.0146368,0.0249448
"47075","Haywood County","Tennessee",17097,0.431596,0.495759,0.00309996,0.00304147,0.0158507,0.0506522
"47077","Henderson County","Tennessee",28183,0.855409,0.0780258,0.00493205,0.00333534,0.0255118,0.0327857
"47079","Henry County","Tennessee",32883,0.864702,0.0687893,0.00720737,0.00440957,0.0221999,0.0326917
"47081","Hickman County","Tennessee",25859,0.885456,0.0442786,0.00460188,0.00641943,0.0191423,0.0401021
"47083","Houston County","Tennessee",8538,0.89494,0.0329117,0.00737878,0.00339658,0.0236589,0.0377138
"47085","Humphreys County","Tennessee",19554,0.903498,0.030224,0.00813133,0.00603457,0.0197402,0.0323719
"47087","Jackson County","Tennessee",12376,0.927844,0.00969619,0.00274725,0.00719134,0.0181803,0.0343407
"47089","Jefferson County","Tennessee",59217,0.904605,0.0193694,0.00864617,0.00327609,0.0152321,0.0488711
"47091","Johnson County","Tennessee",18506,0.915109,0.0257754,0.0039987,0.00372852,0.0142656,0.0371231
"47093","Knox County","Tennessee",506748,0.793625,0.0842292,0.0281205,0.00232463,0.0238481,0.0678523
"47095","Lake County","Tennessee",6422,0.66241,0.270476,0.00436001,0.00622859,0.0233572,0.0331672
"47097","Lauderdale County","Tennessee",24630,0.589728,0.350102,0.00556232,0.00710516,0.0164028,0.0311003
"47099","Lawrence County","Tennessee",46467,0.922289,0.0189382,0.0053156,0.00436869,0.018271,0.0308176
"47101","Lewis County","Tennessee",13418,0.909525,0.0214637,0.00991206,0.00454613,0.0174393,0.0371143
"47103","Lincoln County","Tennessee",36751,0.847215,0.0684335,0.0080542,0.00565971,0.0239177,0.0467198
"47105","Loudon County","Tennessee",62129,0.848976,0.0138744,0.00985047,0.00315473,0.0127799,0.111365
"47111","Macon County","Tennessee",27189,0.884917,0.0133142,0.00886388,0.00367796,0.0148957,0.0743315
"47113","Madison County","Tennessee",100409,0.53062,0.378372,0.0125786,0.0019321,0.0194007,0.0570965
"47115","Marion County","Tennessee",29826,0.900188,0.0396634,0.0078455,0.00455978,0.0188091,0.0289345
"47117","Marshall County","Tennessee",37847,0.833989,0.0584194,0.0072661,0.0034613,0.0219832,0.0748804
"47119","Maury County","Tennessee",113411,0.764926,0.106709,0.0157657,0.00306849,0.023384,0.0861468
"47107","McMinn County","Tennessee",56754,0.877436,0.0368432,0.00771752,0.00396448,0.0238221,0.0502167
"47109","McNairy County","Tennessee",26103,0.887254,0.0580776,0.00482703,0.00379267,0.020534,0.0255143
"47121","Meigs County","Tennessee",13937,0.923872,0.0233192,0.00423334,0.0072469,0.0149243,0.0264045
"47123","Monroe County","Tennessee",49154,0.898991,0.0194491,0.00581845,0.00535053,0.018025,0.052366
"47125","Montgomery County","Tennessee",246025,0.586221,0.216767,0.0270542,0.00423941,0.0436947,0.122024
"47127","Moore County","Tennessee",6773,0.914366,0.0245091,0.0152074,0.00398642,0.0184556,0.0234756
"47129","Morgan County","Tennessee",21954,0.915551,0.0386718,0.00332513,0.00464608,0.0154414,0.0223649
"47131","Obion County","Tennessee",30261,0.805624,0.104127,0.00465946,0.00241235,0.022339,0.0608374
"47133","Overton County","Tennessee",23551,0.940894,0.00951127,0.00394888,0.00382149,0.0138848,0.0279394
"47135","Perry County","Tennessee",8987,0.905641,0.0273729,0.0121286,0.00611995,0.0226995,0.0260376
"47137","Pickett County","Tennessee",5108,0.953602,0.00469851,0.00371966,0.00371966,0.0117463,0.0225137
"47139","Polk County","Tennessee",18338,0.94067,0.0103065,0.00452612,0.00572582,0.0132512,0.0255208
"47141","Putnam County","Tennessee",84894,0.850743,0.0223809,0.0149127,0.0031451,0.0190473,0.0897708
"47143","Rhea County","Tennessee",34759,0.881959,0.0201099,0.00681838,0.00454559,0.0193619,0.0672056
"47145","Roane County","Tennessee",56742,0.912552,0.027581,0.00803638,0.00359522,0.0192626,0.0289732
"47147","Robertson County","Tennessee",78459,0.783874,0.0764348,0.00915128,0.00347952,0.0194242,0.107636
"47149","Rutherford County","Tennessee",376996,0.630805,0.163853,0.0418599,0.00240056,0.0278252,0.133256
"47151","Scott County","Tennessee",22517,0.961984,0.00395257,0.0040858,0.00439668,0.0115468,0.0140338
"47153","Sequatchie County","Tennessee",17620,0.901873,0.0109535,0.00573212,0.00431328,0.0170261,0.0601022
"47155","Sevier County","Tennessee",100184,0.841402,0.0145732,0.0142638,0.00407251,0.0159007,0.109788
"47157","Shelby County","Tennessee",910530,0.324676,0.529642,0.0325118,0.00147826,0.0163257,0.0953664
"47159","Smith County","Tennessee",20783,0.907665,0.0253573,0.0071212,0.00500409,0.0189578,0.0358947
"47161","Stewart County","Tennessee",14365,0.907205,0.0187261,0.0105117,0.0076575,0.0222764,0.0336234
"47163","Sullivan County","Tennessee",162703,0.915742,0.0241606,0.00982772,0.00294401,0.0172584,0.0300671
"47165","Sumner County","Tennessee",211721,0.793587,0.085112,0.0185055,0.00264499,0.0209001,0.0792505
"47167","Tipton County","Tennessee",62187,0.74604,0.184444,0.0091659,0.00422918,0.0223198,0.0338013
"47169","Trousdale County","Tennessee",12159,0.818488,0.104285,0.00460564,0.00328974,0.0211366,0.0481948
"47171","Unicoi County","Tennessee",17872,0.901578,0.00593107,0.00470009,0.00374888,0.0121419,0.0719002
"47173","Union County","Tennessee",21064,0.945974,0.00731105,0.00242119,0.00341815,0.0141474,0.0267281
"47175","Van Buren County","Tennessee",6686,0.938229,0.00987137,0.00388872,0.00463655,0.0155549,0.0278193
"47177","Warren County","Tennessee",43619,0.828538,0.0350535,0.0112107,0.00337009,0.0189826,0.102845
"47179","Washington County","Tennessee",139642,0.863938,0.0419716,0.0177167,0.00280002,0.021505,0.0520689
"47181","Wayne County","Tennessee",15974,0.885752,0.0624765,0.00319269,0.00450732,0.0135846,0.030487
"47183","Weakley County","Tennessee",33162,0.842048,0.0828659,0.0186659,0.00376937,0.0192087,0.0334419
"47185","White County","Tennessee",29108,0.917377,0.0175897,0.00625258,0.00391645,0.0174522,0.0374124
"47187","Williamson County","Tennessee",269136,0.816297,0.039638,0.0611252,0.00160514,0.0183067,0.0630276
"47189","Wilson County","Tennessee",169948,0.78913,0.07873,0.0327865,0.00313625,0.0214301,0.0747876
"48001","Anderson County","Texas",59512,0.557417,0.211873,0.00873773,0.0045537,0.0175763,0.199842
"48003","Andrews County","Texas",18923,0.373461,0.0147968,0.00539027,0.0080854,0.00908947,0.589177
"48005","Angelina County","Texas",88094,0.579654,0.147797,0.0118056,0.00343951,0.0144732,0.242832
"48007","Aransas County","Texas",25595,0.666185,0.0160188,0.0160188,0.00789217,0.0171127,0.276773
"48009","Archer County","Texas",9155,0.848061,0.0124522,0.00611688,0.0108138,0.0188968,0.103659
"48011","Armstrong County","Texas",1809,0.844113,0.0165837,0.00718629,0.0149254,0.013267,0.103925
"48013","Atascosa County","Texas",52783,0.299074,0.0122388,0.00700983,0.00437641,0.00805183,0.66925
"48015","Austin County","Texas",32546,0.596571,0.0846801,0.00872611,0.00384072,0.0151785,0.291004
"48017","Bailey County","Texas",7031,0.28673,0.0159295,0.00881809,0.00369791,0.0150761,0.669748
"48019","Bandera County","Texas",22830,0.731143,0.0135786,0.00744634,0.00814717,0.0149803,0.224704
"48021","Bastrop County","Texas",114931,0.439707,0.0608974,0.0106847,0.00375008,0.0157573,0.469203
"48023","Baylor County","Texas",3533,0.781772,0.0302859,0.00962355,0.00424568,0.0266063,0.147467
"48025","Bee County","Texas",31226,0.280247,0.0871709,0.00771793,0.00291424,0.00749376,0.614456
"48027","Bell County","Texas",399578,0.42153,0.223518,0.0385507,0.00434458,0.0389261,0.273131
"48029","Bexar County","Texas",2127737,0.259805,0.0813963,0.03739,0.002372,0.018193,0.600844
"48031","Blanco County","Texas",13358,0.763812,0.0115287,0.0105555,0.00703698,0.0168438,0.190223
"48033","Borden County","Texas",557,0.820467,0.010772,0.00179533,0.010772,0.0143627,0.141831
"48035","Bosque County","Texas",19013,0.755693,0.0201967,0.00652185,0.00552254,0.0142008,0.197865
"48037","Bowie County","Texas",91992,0.608923,0.254555,0.014773,0.00759849,0.023502,0.0906492
"48039","Brazoria County","Texas",413224,0.402813,0.17401,0.0823161,0.00329603,0.0176853,0.31988
"48041","Brazos County","Texas",249624,0.532958,0.106164,0.0613963,0.00286431,0.0175544,0.279064
"48043","Brewster County","Texas",9508,0.492007,0.0269247,0.0270299,0.00946571,0.0173538,0.427219
"48045","Briscoe County","Texas",1494,0.631861,0.0368139,0.00200803,0.00669344,0.0327979,0.289826
"48047","Brooks County","Texas",6740,0.0836795,0.0293769,0.00979228,0.00237389,0.00727003,0.867507
"48049","Brown County","Texas",38631,0.700085,0.0402526,0.00709275,0.00541016,0.0160234,0.231136
"48051","Burleson County","Texas",20179,0.627088,0.0992616,0.00867238,0.00450964,0.0160563,0.244413
"48053","Burnet County","Texas",55722,0.707297,0.0180539,0.0134417,0.00520441,0.0139622,0.242041
"48055","Caldwell County","Texas",52430,0.343582,0.0523364,0.00802975,0.00265115,0.0109098,0.582491
"48057","Calhoun County","Texas",19942,0.414652,0.0228663,0.0528533,0.00346003,0.00987865,0.496289
"48059","Callahan County","Texas",14615,0.822648,0.0172426,0.00930551,0.00670544,0.0201163,0.123982
"48061","Cameron County","Texas",431874,0.0882734,0.00703909,0.00906746,0.0010906,0.00246368,0.892066
"48063","Camp County","Texas",13164,0.522106,0.144789,0.0161805,0.00554543,0.0218019,0.289578
"48065","Carson County","Texas",5822,0.818104,0.0166609,0.0063552,0.0128822,0.0266232,0.119375
"48067","Cass County","Texas",28622,0.747502,0.159947,0.00810565,0.00607924,0.0177835,0.0605828
"48069","Castro County","Texas",7380,0.295257,0.0189702,0.0159892,0.00460705,0.00569106,0.659485
"48071","Chambers County","Texas",56179,0.592481,0.0876662,0.0156286,0.00395165,0.012923,0.287349
"48073","Cherokee County","Texas",53223,0.596904,0.129831,0.00700825,0.00383293,0.0182252,0.244199
"48075","Childress County","Texas",6679,0.55113,0.098368,0.0103309,0.00808504,0.0179668,0.314119
"48077","Clay County","Texas",10730,0.859739,0.0128611,0.00987884,0.0125815,0.0245107,0.0804287
"48079","Cochran County","Texas",2583,0.32017,0.0360046,0.00619435,0.00619435,0.0120015,0.619435
"48081","Coke County","Texas",3396,0.740872,0.00883392,0.00147232,0.00883392,0.0191402,0.220848
"48083","Coleman County","Texas",7990,0.758323,0.0319149,0.0113892,0.00713392,0.0152691,0.17597
"48085","Collin County","Texas",1254658,0.479209,0.116291,0.212758,0.00353084,0.0258341,0.162378
"48087","Collingsworth County","Texas",2611,0.586365,0.0543853,0.00229797,0.0176178,0.0225967,0.316737
"48089","Colorado County","Texas",21475,0.547753,0.112549,0.00637951,0.00298021,0.0154133,0.314924
"48091","Comal County","Texas",201628,0.634798,0.0313349,0.0173587,0.0035015,0.0181324,0.294875
"48093","Comanche County","Texas",14359,0.662929,0.00940177,0.00675535,0.00612856,0.0117,0.303085
"48095","Concho County","Texas",3326,0.516536,0.120265,0.0162357,0.00721587,0.00871918,0.331028
"48097","Cooke County","Texas",44258,0.716277,0.0305933,0.0100773,0.00899272,0.0169687,0.217091
"48099","Coryell County","Texas",86370,0.545062,0.165046,0.0314693,0.00658794,0.0361931,0.215642
"48101","Cottle County","Texas",1263,0.593824,0.0989707,0.00316706,0.00158353,0.0245447,0.27791
"48103","Crane County","Texas",4594,0.234872,0.0333043,0.00761863,0.00936003,0.0100131,0.704832
"48105","Crockett County","Texas",2799,0.313326,0.013219,0.0150054,0.00714541,0.00785995,0.643444
"48107","Crosby County","Texas",5030,0.373161,0.0341948,0.00298211,0.00616302,0.0121272,0.571372
"48109","Culberson County","Texas",2254,0.244454,0.0217391,0.0230701,0.0146406,0.0137533,0.682343
"48111","Dallam County","Texas",7526,0.371778,0.0180707,0.00969971,0.00744087,0.0112942,0.581717
"48113","Dallas County","Texas",2656028,0.256656,0.225069,0.0771487,0.00262422,0.0156222,0.42288
"48115","Dawson County","Texas",11758,0.344021,0.0623405,0.00875999,0.00340194,0.0107161,0.57076
"48117","Deaf Smith County","Texas",18495,0.195729,0.0119492,0.00562314,0.00400108,0.00675858,0.775939
"48119","Delta County","Texas",5647,0.780237,0.0573756,0.008323,0.0180627,0.0348858,0.101116
"48121","Denton County","Texas",1045120,0.512262,0.118742,0.132782,0.00385889,0.0241226,0.208233
"48123","DeWitt County","Texas",20252,0.534021,0.0820166,0.00582659,0.00301205,0.0091349,0.365989
"48125","Dickens County","Texas",1725,0.657391,0.0243478,0.0121739,0.013913,0.0162319,0.275942
"48127","Dimmit County","Texas",8181,0.0952206,0.0154015,0.00831194,0.00232245,0.00305586,0.875688
"48129","Donley County","Texas",3193,0.770749,0.0544942,0.0125274,0.0109615,0.0184779,0.13279
"48131","Duval County","Texas",9585,0.144601,0.0226395,0.00573813,0.00333855,0.00459051,0.819092
"48133","Eastland County","Texas",18290,0.765172,0.0213778,0.0095134,0.00672499,0.0160197,0.181192
"48135","Ector County","Texas",170022,0.265766,0.0449589,0.0150686,0.00378186,0.0105751,0.65985
"48137","Edwards County","Texas",1383,0.446132,0.0180766,0.00506146,0.010846,0.0115691,0.508315
"48141","El Paso County","Texas",875784,0.109533,0.0357326,0.0145059,0.00299617,0.00918149,0.828051
"48139","Ellis County","Texas",232387,0.49847,0.177105,0.0119413,0.00374806,0.0172557,0.291479
"48143","Erath County","Texas",44496,0.720537,0.018923,0.0125854,0.00573085,0.0142934,0.227931
"48145","Falls County","Texas",17752,0.496113,0.217046,0.00642181,0.00501352,0.0152096,0.260196
"48147","Fannin County","Texas",38650,0.75379,0.065511,0.00822768,0.00988357,0.0200517,0.142536
"48149","Fayette County","Texas",25488,0.691188,0.0562618,0.00592436,0.00451193,0.0113387,0.230775
"48151","Fisher County","Texas",3665,0.653479,0.0379263,0.00327422,0.00627558,0.0163711,0.282674
"48153","Floyd County","Texas",5042,0.35601,0.0341134,0.00436335,0.00476002,0.00773503,0.593019
"48155","Foard County","Texas",1053,0.693257,0.0655271,0.00664767,0.00854701,0.017094,0.208927
"48157","Fort Bend County","Texas",958434,0.278975,0.218036,0.230135,0.00192502,0.0208747,0.250055
"48159","Franklin County","Texas",10912,0.754857,0.047379,0.0116386,0.00595674,0.0222691,0.1579
"48161","Freestone County","Texas",20645,0.645968,0.142117,0.0067813,0.00547348,0.017147,0.182514
"48163","Frio County","Texas",19520,0.141445,0.0405225,0.0237193,0.00281762,0.00584016,0.785656
"48165","Gaines County","Texas",22892,0.554561,0.0161192,0.00576621,0.0034073,0.00952298,0.410624
"48167","Galveston County","Texas",367407,0.538675,0.127453,0.0384043,0.00341311,0.0180835,0.273971
"48169","Garza County","Texas",4645,0.36211,0.0555436,0.0073197,0.00688913,0.0185145,0.549623
"48171","Gillespie County","Texas",28159,0.730637,0.00710252,0.00752868,0.00461664,0.00877162,0.241344
"48173","Glasscock County","Texas",1153,0.625325,0.0260191,0.00520382,0.00607112,0.00607112,0.33131
"48175","Goliad County","Texas",7221,0.612104,0.0378064,0.00540091,0.00637031,0.0128791,0.32544
"48177","Gonzales County","Texas",20040,0.400549,0.0613772,0.00718563,0.00389222,0.0100798,0.516916
"48179","Gray County","Texas",20888,0.589621,0.0466296,0.00641517,0.00823439,0.0189104,0.33019
"48181","Grayson County","Texas",150532,0.709902,0.059117,0.0180493,0.0125555,0.0270906,0.173285
"48183","Gregg County","Texas",126679,0.54792,0.201257,0.0155748,0.0039233,0.0212506,0.210074
"48185","Grimes County","Texas",33448,0.584489,0.130172,0.00615881,0.00454437,0.0136331,0.261002
"48187","Guadalupe County","Texas",195166,0.466941,0.0816484,0.0234672,0.00323315,0.0220479,0.402662
"48189","Hale County","Texas",31953,0.311019,0.0475073,0.00503865,0.00363033,0.0101712,0.622633
"48191","Hall County","Texas",2828,0.51768,0.0792079,0.00282885,0.00777935,0.0144979,0.378006
"48193","Hamilton County","Texas",8644,0.805877,0.0118001,0.00775104,0.00624711,0.0122628,0.156062
"48195","Hansford County","Texas",5006,0.456852,0.00958849,0.00439473,0.00259688,0.014183,0.512385
"48197","Hardeman County","Texas",3417,0.643547,0.0632133,0.00965759,0.00819432,0.022827,0.252561
"48199","Hardin County","Texas",58670,0.836322,0.0583944,0.00916993,0.00451679,0.0164138,0.0751832
"48201","Harris County","Texas",5009302,0.259784,0.194616,0.0779959,0.00178408,0.0155127,0.450307
"48203","Harrison County","Texas",71370,0.611405,0.204932,0.00847695,0.00522629,0.0164215,0.153538
"48205","Hartley County","Texas",4996,0.596878,0.0610488,0.00820657,0.005004,0.0108086,0.318054
"48207","Haskell County","Texas",5435,0.647286,0.0441582,0.00975161,0.00717571,0.0202392,0.271389
"48209","Hays County","Texas",292029,0.506323,0.0425848,0.0266309,0.00295519,0.0189502,0.402556
"48211","Hemphill County","Texas",3134,0.619655,0.00797703,0.0114869,0.00893427,0.0140396,0.337907
"48213","Henderson County","Texas",87467,0.744498,0.0605714,0.0101524,0.00626522,0.0190129,0.1595
"48215","Hidalgo County","Texas",914820,0.0599298,0.00676964,0.0108633,0.000651494,0.00226165,0.919524
"48217","Hill County","Texas",38771,0.671713,0.0543705,0.00809884,0.00443631,0.0184416,0.242939
"48219","Hockley County","Texas",21505,0.434736,0.0325041,0.00516159,0.0058126,0.0107882,0.510997
"48221","Hood County","Texas",69126,0.810245,0.0133669,0.00989497,0.00619159,0.0145821,0.145719
"48223","Hopkins County","Texas",38784,0.701552,0.0682498,0.00997834,0.00618812,0.0179971,0.196034
"48225","Houston County","Texas",22197,0.593954,0.227148,0.0081092,0.00482047,0.0151822,0.150786
"48227","Howard County","Texas",30833,0.427302,0.0469627,0.0108001,0.00681088,0.0133947,0.49473
"48229","Hudspeth County","Texas",3608,0.178769,0.0712306,0.0288248,0.0058204,0.0180155,0.697339
"48231","Hunt County","Texas",118729,0.633443,0.088024,0.0184875,0.00691491,0.0205257,0.232605
"48233","Hutchinson County","Texas",19721,0.680189,0.0257593,0.00628771,0.0142995,0.0182039,0.255261
"48235","Irion County","Texas",1526,0.695937,0.017038,0.00524246,0.0078637,0.0176933,0.256225
"48237","Jack County","Texas",9398,0.740264,0.0420302,0.011811,0.0056395,0.0110662,0.189189
"48239","Jackson County","Texas",15284,0.565493,0.0596048,0.0105339,0.00425281,0.0133473,0.346768
"48241","Jasper County","Texas",32907,0.741484,0.152825,0.00747561,0.0064424,0.0174735,0.0743003
"48243","Jeff Davis County","Texas",1778,0.635546,0.00674916,0.0258718,0.011811,0.023622,0.2964
"48245","Jefferson County","Texas",253948,0.358314,0.331635,0.0403705,0.00293367,0.0141722,0.252575
"48247","Jim Hogg County","Texas",4583,0.0807331,0.0128737,0.00632773,0.00327297,0.00567314,0.891119
"48249","Jim Wells County","Texas",38886,0.179216,0.00838348,0.00483464,0.00390886,0.0052461,0.798411
"48251","Johnson County","Texas",210547,0.624507,0.0660375,0.0193971,0.00477803,0.0191786,0.266102
"48253","Jones County","Texas",20850,0.561535,0.124844,0.00556355,0.00446043,0.0116547,0.291942
"48255","Karnes County","Texas",15137,0.341679,0.1022,0.00528506,0.00270859,0.00554932,0.542578
"48257","Kaufman County","Texas",197829,0.438252,0.22568,0.0239045,0.00373049,0.0196028,0.28883
"48259","Kendall County","Texas",51828,0.686019,0.0157251,0.0192946,0.00395539,0.0160917,0.258914
"48261","Kenedy County","Texas",330,0.218182,0.0242424,0.00909091,0.00909091,0.030303,0.709091
"48263","Kent County","Texas",703,0.776671,0.0113798,0.00284495,0.0128023,0.027027,0.169275
"48265","Kerr County","Texas",53900,0.675436,0.015974,0.0138033,0.00556586,0.0134879,0.275733
"48267","Kimble County","Texas",4401,0.727335,0.0104522,0.00931606,0.00704385,0.00886162,0.236992
"48269","King County","Texas",215,0.781395,0.0232558,0.00465116,0.00465116,0.0325581,0.153488
"48271","Kinney County","Texas",3191,0.394861,0.0216233,0.00438734,0.0125353,0.0191163,0.547477
"48273","Kleberg County","Texas",30442,0.203666,0.0362657,0.0253269,0.00229945,0.0166218,0.71582
"48275","Knox County","Texas",3255,0.567127,0.053149,0.0101382,0.00737327,0.0294931,0.332719
"48283","La Salle County","Texas",6679,0.174727,0.017817,0.00748615,0.00808504,0.00793532,0.78395
"48277","Lamar County","Texas",51249,0.70977,0.132159,0.00874163,0.0136198,0.0328982,0.102812
"48279","Lamb County","Texas",12687,0.349807,0.0353906,0.00425633,0.00465043,0.0110349,0.594861
"48281","Lampasas County","Texas",23539,0.69404,0.0398488,0.0174604,0.00777433,0.0266791,0.214198
"48285","Lavaca County","Texas",20605,0.716574,0.0537248,0.00825042,0.00247513,0.0107256,0.20825
"48287","Lee County","Texas",18451,0.610807,0.0903474,0.0067205,0.00390223,0.0150669,0.273156
"48289","Leon County","Texas",16698,0.732363,0.0612648,0.009043,0.00544975,0.0150317,0.176848
"48291","Liberty County","Texas",115042,0.455529,0.0798665,0.00757115,0.00382469,0.0120739,0.441135
"48293","Limestone County","Texas",22569,0.562453,0.159289,0.0112101,0.00434224,0.0190527,0.243653
"48295","Lipscomb County","Texas",2880,0.542014,0.0118056,0.00868056,0.0121528,0.0267361,0.398611
"48297","Live Oak County","Texas",11967,0.468789,0.0662656,0.022562,0.00835631,0.00843988,0.425587
"48299","Llano County","Texas",23163,0.812114,0.0120019,0.00725295,0.00617364,0.0134698,0.148988
"48301","Loving County","Texas",48,0.791667,0.104167,0,0,0,0.104167
"48303","Lubbock County","Texas",327394,0.510187,0.0732665,0.0267934,0.0041754,0.0141053,0.371473
"48305","Lynn County","Texas",5952,0.546707,0.0238575,0.0062164,0.00655242,0.0105847,0.406082
"48313","Madison County","Texas",13877,0.522735,0.177632,0.0113857,0.00396339,0.0167183,0.267565
"48315","Marion County","Texas",9704,0.706513,0.189819,0.0119538,0.00875927,0.028751,0.0542045
"48317","Martin County","Texas",5179,0.478278,0.0252945,0.0061788,0.00502027,0.0108129,0.474416
"48319","Mason County","Texas",3987,0.742162,0.00551793,0.00250815,0.00451467,0.00978179,0.235515
"48321","Matagorda County","Texas",36391,0.41862,0.0992004,0.0190706,0.00379215,0.013932,0.445385
"48323","Maverick County","Texas",58829,0.0285403,0.0064424,0.00487855,0.0118649,0.0021418,0.946132
"48307","McCulloch County","Texas",7448,0.648631,0.0256445,0.00698174,0.00590763,0.0115467,0.301289
"48309","McLennan County","Texas",270358,0.54058,0.138764,0.0209685,0.00319946,0.0197442,0.276744
"48311","McMullen County","Texas",565,0.550442,0.0265487,0.0123894,0,0.019469,0.39115
"48325","Medina County","Texas",55619,0.413132,0.0364444,0.00845035,0.00408134,0.0119563,0.525935
"48327","Menard County","Texas",1911,0.612768,0.021978,0.00418629,0.00680272,0.0130822,0.341183
"48329","Midland County","Texas",183587,0.406505,0.0669928,0.0243536,0.00450468,0.0135195,0.484125
"48331","Milam County","Texas",26159,0.619634,0.0824191,0.0096334,0.00477847,0.0156734,0.267862
"48333","Mills County","Texas",4563,0.773833,0.0144642,0.00635547,0.00504054,0.0173132,0.182994
"48335","Mitchell County","Texas",8968,0.468109,0.111842,0.00691347,0.00702498,0.0143845,0.391726
"48337","Montague County","Texas",21890,0.829694,0.0104157,0.00507081,0.0085884,0.0184559,0.127775
"48339","Montgomery County","Texas",749613,0.569706,0.0757084,0.0396511,0.00332438,0.0181961,0.293414
"48341","Moore County","Texas",21872,0.264402,0.0523043,0.0370337,0.00562363,0.00891551,0.631721
"48343","Morris County","Texas",12184,0.610965,0.215611,0.00952068,0.00935653,0.030696,0.123851
"48345","Motley County","Texas",1015,0.775369,0.0285714,0,0.00985222,0.0187192,0.167488
"48347","Nacogdoches County","Texas",65728,0.575417,0.167143,0.0130842,0.00378834,0.0178767,0.22269
"48349","Navarro County","Texas",56533,0.506943,0.113191,0.0225355,0.00387384,0.0162206,0.337237
"48351","Newton County","Texas",11908,0.749832,0.170054,0.0066342,0.0095734,0.0227578,0.0411488
"48353","Nolan County","Texas",14182,0.544775,0.0441405,0.00853194,0.0047243,0.014737,0.383091
"48355","Nueces County","Texas",353125,0.290475,0.0370634,0.0253678,0.00274407,0.0106336,0.633716
"48357","Ochiltree County","Texas",9717,0.379129,0.00617475,0.00545436,0.00586601,0.00936503,0.59401
"48359","Oldham County","Texas",1823,0.688426,0.0329128,0.0257817,0.00877674,0.0191991,0.224904
"48361","Orange County","Texas",86115,0.76903,0.0884283,0.012762,0.0047843,0.0171747,0.107821
"48363","Palo Pinto County","Texas",30231,0.731931,0.0237835,0.0107836,0.00608647,0.0137276,0.213688
"48365","Panola County","Texas",23022,0.710798,0.150161,0.00673269,0.00395274,0.0169403,0.111415
"48367","Parker County","Texas",179707,0.786119,0.0193259,0.0111292,0.00640487,0.0182352,0.158786
"48369","Parmer County","Texas",9669,0.292791,0.012204,0.00775675,0.00289585,0.00651567,0.677836
"48371","Pecos County","Texas",14712,0.214723,0.040783,0.0179445,0.00516585,0.00693312,0.714451
"48373","Polk County","Texas",54258,0.707527,0.0889085,0.0105054,0.0155553,0.01644,0.161064
"48375","Potter County","Texas",114649,0.4188,0.107607,0.0462804,0.00491064,0.018404,0.403998
"48377","Presidio County","Texas",5686,0.131024,0.0186423,0.0117833,0.00545199,0.00685895,0.82624
"48379","Rains County","Texas",13306,0.819104,0.0251015,0.0135277,0.0110476,0.020968,0.110251
"48381","Randall County","Texas",150547,0.652075,0.0401868,0.0218736,0.00495526,0.0178947,0.263014
"48383","Reagan County","Texas",3139,0.244664,0.0299458,0.0143358,0.0035043,0.0127429,0.694807
"48385","Real County","Texas",2772,0.658009,0.018759,0.00829726,0.0104618,0.0198413,0.284632
"48387","Red River County","Texas",11696,0.72341,0.152103,0.00512996,0.0124829,0.0223153,0.0845588
"48389","Reeves County","Texas",11956,0.107896,0.0183172,0.0148043,0.00225828,0.0050184,0.851706
"48391","Refugio County","Texas",6739,0.400059,0.0618786,0.00771628,0.00638077,0.0118712,0.512094
"48393","Roberts County","Texas",837,0.835125,0.00238949,0.00238949,0.0155317,0.0191159,0.125448
"48395","Robertson County","Texas",17659,0.563226,0.179399,0.00860751,0.00390736,0.0158559,0.229005
"48397","Rockwall County","Texas",137044,0.606688,0.105762,0.0427308,0.00458247,0.0217594,0.218477
"48399","Runnels County","Texas",9751,0.596862,0.0196903,0.00881961,0.00656343,0.0102554,0.357809
"48401","Rusk County","Texas",53391,0.612463,0.159971,0.00619955,0.00486973,0.0184113,0.198086
"48403","Sabine County","Texas",10058,0.846888,0.0669119,0.0059654,0.00954464,0.0254524,0.0452376
"48405","San Augustine County","Texas",7767,0.677482,0.205742,0.00437749,0.00527874,0.0168662,0.0902536
"48407","San Jacinto County","Texas",29326,0.680795,0.0827252,0.00743368,0.00651299,0.0176976,0.204835
"48409","San Patricio County","Texas",71467,0.378902,0.0165811,0.0152798,0.00327424,0.00982272,0.57614
"48411","San Saba County","Texas",5508,0.620007,0.0299564,0.00780683,0.00780683,0.015069,0.319354
"48413","Schleicher County","Texas",2302,0.42311,0.0173762,0.00390964,0.00434405,0.0152042,0.536056
"48415","Scurry County","Texas",16211,0.487694,0.0373203,0.00949972,0.00524335,0.0128925,0.447351
"48417","Shackelford County","Texas",3169,0.820448,0.0148312,0.00599558,0.00473335,0.0179867,0.136005
"48419","Shelby County","Texas",24192,0.597222,0.163318,0.015625,0.00396825,0.0162037,0.203662
"48421","Sherman County","Texas",2771,0.478167,0.0147961,0.00469145,0.00433057,0.0108264,0.487189
"48423","Smith County","Texas",249091,0.573871,0.170544,0.0185474,0.00368139,0.0173872,0.215969
"48425","Somervell County","Texas",10098,0.771638,0.013468,0.00891266,0.00802139,0.0152505,0.182709
"48427","Starr County","Texas",66587,0.0249598,0.00253803,0.00195233,0.000420503,0.000946131,0.969183
"48429","Stephens County","Texas",9475,0.677045,0.03219,0.0105541,0.00833773,0.0126649,0.259208
"48431","Sterling County","Texas",1387,0.585436,0.0144196,0.00648882,0.00865177,0.0173035,0.3677
"48433","Stonewall County","Texas",1235,0.719838,0.0323887,0.0161943,0.00404858,0.0194332,0.208097
"48435","Sutton County","Texas",3269,0.337718,0.00734169,0.00367085,0.00122362,0.00428266,0.645763
"48437","Swisher County","Texas",6877,0.416751,0.0801221,0.00610731,0.00799767,0.0171586,0.471863
"48439","Tarrant County","Texas",2230708,0.409466,0.185362,0.0685482,0.00348948,0.0226986,0.310435
"48441","Taylor County","Texas",148813,0.605498,0.0844214,0.0242183,0.00410582,0.0233582,0.258398
"48443","Terrell County","Texas",718,0.422006,0.0194986,0.00835655,0.0181058,0.0194986,0.512535
"48445","Terry County","Texas",11602,0.368643,0.0343906,0.00396483,0.00293053,0.00939493,0.580676
"48447","Throckmorton County","Texas",1532,0.832898,0.0124021,0.0110966,0.00848564,0.00979112,0.125326
"48449","Titus County","Texas",31547,0.41725,0.091958,0.0135671,0.00399404,0.0121406,0.46109
"48451","Tom Green County","Texas",120103,0.511902,0.0349783,0.0158447,0.00375511,0.0167689,0.416751
"48453","Travis County","Texas",1363767,0.467365,0.0861775,0.0927219,0.00232078,0.0229768,0.328438
"48455","Trinity County","Texas",14489,0.760715,0.0866174,0.00628063,0.00621161,0.0180827,0.122093
"48457","Tyler County","Texas",20560,0.766926,0.110652,0.00705253,0.00729572,0.0173638,0.0907101
"48459","Upshur County","Texas",44050,0.769308,0.0814756,0.00812713,0.00687855,0.0232236,0.110988
"48461","Upton County","Texas",3128,0.388747,0.0271739,0.00639386,0.012468,0.0143862,0.550831
"48463","Uvalde County","Texas",25138,0.2536,0.00986554,0.00966664,0.00334155,0.00779696,0.715729
"48465","Val Verde County","Texas",47999,0.150628,0.0160628,0.00800017,0.00202088,0.00706265,0.816225
"48467","Van Zandt County","Texas",65304,0.794484,0.0304269,0.00692147,0.00604863,0.0152671,0.146852
"48469","Victoria County","Texas",91949,0.423691,0.0563573,0.0132682,0.00269715,0.0129093,0.491077
"48471","Walker County","Texas",83722,0.531617,0.21962,0.011371,0.00330857,0.0136523,0.220432
"48473","Waller County","Texas",65109,0.374065,0.236726,0.0272466,0.00299498,0.014253,0.344714
"48475","Ward County","Texas",11038,0.352872,0.0405871,0.00915021,0.00616054,0.0139518,0.577278
"48477","Washington County","Texas",37810,0.621899,0.155012,0.0161597,0.00267125,0.0126686,0.19159
"48479","Webb County","Texas",272823,0.0394028,0.00525616,0.00545042,0.000454507,0.00192799,0.947508
"48481","Wharton County","Texas",42035,0.429356,0.124158,0.00708933,0.00190318,0.00704175,0.430451
"48483","Wheeler County","Texas",4824,0.677239,0.0273632,0.00766998,0.00746269,0.0186567,0.261609
"48485","Wichita County","Texas",129984,0.623254,0.106652,0.022949,0.00850874,0.0256032,0.213034
"48487","Wilbarger County","Texas",12455,0.545002,0.0769972,0.0337214,0.00947411,0.0238458,0.310959
"48489","Willacy County","Texas",20027,0.0909772,0.0213711,0.0065911,0.00144805,0.00354521,0.876067
"48491","Williamson County","Texas",727480,0.5164,0.0746316,0.12806,0.00311349,0.0257547,0.25204
"48493","Wilson County","Texas",55415,0.546675,0.0195254,0.00958224,0.003952,0.0116214,0.408644
"48495","Winkler County","Texas",7381,0.304295,0.0233031,0.0163934,0.0071806,0.0101612,0.638667
"48497","Wise County","Texas",81275,0.72299,0.0214334,0.00798524,0.00719779,0.0179883,0.222405
"48499","Wood County","Texas",48742,0.80723,0.0401297,0.00783718,0.00660621,0.015182,0.123015
"48501","Yoakum County","Texas",7581,0.304313,0.0120037,0.00540826,0.00461681,0.0110803,0.662577
"48503","Young County","Texas",18236,0.744023,0.0154639,0.00658039,0.00619653,0.0150801,0.212656
"48505","Zapata County","Texas",13819,0.0463854,0.00644041,0.00709169,0.00166438,0.000723641,0.937694
"48507","Zavala County","Texas",9209,0.0577696,0.00879574,0.00249756,0.00195461,0.00293191,0.926051
"49001","Beaver County","Utah",7424,0.806573,0.00969828,0.0105065,0.00862069,0.0152209,0.14938
"49003","Box Elder County","Utah",64120,0.85432,0.00500624,0.00974735,0.00583281,0.0163444,0.108749
"49005","Cache County","Utah",145487,0.812361,0.0103996,0.0313499,0.00477019,0.0202217,0.120897
"49007","Carbon County","Utah",20613,0.824674,0.00514239,0.0081502,0.0106244,0.016834,0.134575
"49009","Daggett County","Utah",956,0.893305,0.00104603,0.0041841,0.0104603,0.0282427,0.0627615
"49011","Davis County","Utah",378470,0.797271,0.0128835,0.0336196,0.00437815,0.0263112,0.125537
"49013","Duchesne County","Utah",20803,0.84632,0.00360525,0.00860453,0.0330241,0.024756,0.0836899
"49015","Emery County","Utah",10161,0.885051,0.00334613,0.00718433,0.00915264,0.0162386,0.0790277
"49017","Garfield County","Utah",5290,0.863705,0.00661626,0.0136106,0.0187146,0.0164461,0.0809074
"49019","Grand County","Utah",9788,0.760932,0.00715161,0.0342256,0.0389252,0.0192072,0.139559
"49021","Iron County","Utah",65936,0.828682,0.00800777,0.0156364,0.0157577,0.0195644,0.112351
"49023","Juab County","Utah",13297,0.902835,0.00368504,0.00691885,0.00857336,0.0169211,0.0610664
"49025","Kane County","Utah",8525,0.890909,0.00879765,0.0117302,0.0144282,0.0181818,0.0559531
"49027","Millard County","Utah",13572,0.812776,0.00338933,0.0165782,0.0112732,0.0158414,0.140141
"49029","Morgan County","Utah",13093,0.943252,0.00374246,0.00763767,0.00320782,0.0106927,0.0314672
"49031","Piute County","Utah",1534,0.887875,0.00130378,0.00521512,0.00325945,0.0156454,0.0867014
"49033","Rich County","Utah",2752,0.924055,0.00726744,0.00181686,0.00581395,0.0116279,0.0494186
"49035","Salt Lake County","Utah",1216274,0.65891,0.0206993,0.0688743,0.00638919,0.0260015,0.219126
"49037","San Juan County","Utah",14601,0.467023,0.0047257,0.00691733,0.436956,0.0205465,0.0638312
"49039","Sanpete County","Utah",30732,0.836978,0.0115515,0.0131459,0.00859039,0.0166276,0.113107
"49041","Sevier County","Utah",22520,0.907016,0.00506217,0.00661634,0.0118561,0.0131439,0.0563055
"49043","Summit County","Utah",43109,0.826347,0.00888446,0.0241945,0.00287643,0.0152636,0.122434
"49045","Tooele County","Utah",84488,0.773364,0.0102736,0.0204408,0.0075277,0.0226778,0.165716
"49047","Uintah County","Utah",38307,0.807346,0.00477719,0.01146,0.0594408,0.0209622,0.0960138
"49049","Utah County","Utah",747234,0.770429,0.0085502,0.0313958,0.00432796,0.027571,0.157726
"49051","Wasatch County","Utah",37858,0.805378,0.00488668,0.019309,0.00248296,0.0143695,0.153574
"49053","Washington County","Utah",207943,0.81291,0.00699711,0.0200824,0.00959398,0.0220493,0.128367
"49055","Wayne County","Utah",2608,0.902224,0.00575153,0.0145706,0.00498466,0.0214724,0.0509969
"49057","Weber County","Utah",276118,0.737044,0.0138817,0.0202305,0.00571857,0.0234646,0.199661
"50001","Addison County","Vermont",38047,0.907062,0.0151129,0.0211318,0.00254948,0.0196862,0.0344574
"50003","Bennington County","Vermont",37039,0.923027,0.0135533,0.0161721,0.00242987,0.0157942,0.0290235
"50005","Caledonia County","Vermont",30535,0.934796,0.00851482,0.0120845,0.00448665,0.0176191,0.0224988
"50007","Chittenden County","Vermont",170851,0.858303,0.0302193,0.055247,0.00172665,0.0254725,0.0290311
"50009","Essex County","Vermont",6037,0.940699,0.00629452,0.00811661,0.00596323,0.0207056,0.018221
"50011","Franklin County","Vermont",51066,0.927506,0.00842048,0.00975209,0.00844006,0.0242823,0.0215995
"50013","Grand Isle County","Vermont",7528,0.91525,0.00797024,0.00770457,0.0128852,0.0314825,0.0247078
"50015","Lamoille County","Vermont",26248,0.929137,0.0144392,0.0101341,0.00316215,0.0167632,0.0263639
"50017","Orange County","Vermont",30050,0.946556,0.00821963,0.00595674,0.00396007,0.0152745,0.0200333
"50019","Orleans County","Vermont",27726,0.937135,0.00991849,0.00587896,0.00620356,0.0193681,0.0214961
"50021","Rutland County","Vermont",60198,0.941227,0.00872122,0.00790724,0.0019602,0.0158643,0.0243197
"50023","Washington County","Vermont",59844,0.926459,0.00979213,0.0113295,0.00245639,0.021155,0.0288082
"50025","Windham County","Vermont",45627,0.912552,0.0167006,0.0154295,0.0026081,0.0199224,0.0327876
"50027","Windsor County","Vermont",57697,0.932683,0.0102605,0.0132069,0.00213183,0.0175399,0.024178
"51001","Accomack County","Virginia",33411,0.590135,0.262608,0.0103259,0.00323247,0.0165215,0.117177
"51003","Albemarle County","Virginia",117313,0.73835,0.0916437,0.0620988,0.0018668,0.0269109,0.0791302
"51510","Alexandria city","Virginia",159102,0.493903,0.217244,0.0668125,0.00175359,0.0347513,0.185535
"51005","Alleghany County","Virginia",14632,0.907121,0.04538,0.00560416,0.00328048,0.0209131,0.0177009
"51007","Amelia County","Virginia",13716,0.738554,0.187518,0.00510353,0.00364538,0.0216535,0.0435258
"51009","Amherst County","Virginia",31650,0.743128,0.182844,0.00625592,0.00827804,0.0277725,0.031722
"51011","Appomattox County","Virginia",16957,0.770183,0.172554,0.00430501,0.00383323,0.0218789,0.0272454
"51013","Arlington County","Virginia",239807,0.583181,0.100343,0.118132,0.00180979,0.0333518,0.163181
"51015","Augusta County","Virginia",78622,0.879894,0.049083,0.00774592,0.00218768,0.0162931,0.0447966
"51017","Bath County","Virginia",4071,0.91378,0.0331614,0.00515844,0.00417588,0.0176861,0.0260378
"51019","Bedford County","Virginia",82182,0.862366,0.069991,0.0153683,0.00333406,0.0185077,0.0304325
"51021","Bland County","Virginia",6186,0.926285,0.0407371,0.0061429,0.00177821,0.0113159,0.0137407
"51023","Botetourt County","Virginia",34129,0.911307,0.0317618,0.0105482,0.00266635,0.0167306,0.0269858
"51520","Bristol city","Virginia",16316,0.86357,0.065825,0.0115224,0.00398382,0.0258642,0.0292351
"51025","Brunswick County","Virginia",15750,0.419556,0.51854,0.0113016,0.0031746,0.0154286,0.032
"51027","Buchanan County","Virginia",18632,0.927061,0.0454058,0.00515243,0.00155646,0.00788965,0.0129347
"51029","Buckingham County","Virginia",17115,0.624949,0.315221,0.00455741,0.00438212,0.0228455,0.0280456
"51530","Buena Vista city","Virginia",6581,0.856101,0.0516639,0.0130679,0.0101808,0.0293269,0.0396596
"51031","Campbell County","Virginia",55342,0.773933,0.150988,0.0116006,0.00298146,0.022894,0.0376025
"51033","Caroline County","Virginia",33477,0.602742,0.254055,0.0122472,0.00591451,0.0354871,0.089554
"51035","Carroll County","Virginia",29242,0.925826,0.00991724,0.00280419,0.00218863,0.0130292,0.0462349
"51036","Charles City County","Virginia",6564,0.459781,0.414991,0.00837904,0.0603291,0.0338208,0.0226996
"51037","Charlotte County","Virginia",11258,0.689376,0.257683,0.00266477,0.00435246,0.0158998,0.0300231
"51540","Charlottesville city","Virginia",44767,0.654076,0.159336,0.0778699,0.00187638,0.0357406,0.0711015
"51550","Chesapeake city","Virginia",254997,0.539587,0.295423,0.042875,0.00329416,0.0365887,0.0822323
"51041","Chesterfield County","Virginia",389793,0.558614,0.2455,0.0407575,0.00225504,0.0266116,0.126262
"51043","Clarke County","Virginia",15598,0.821195,0.0407745,0.0172458,0.00384665,0.0235287,0.0934094
"51570","Colonial Heights city","Virginia",18674,0.627503,0.202581,0.035022,0.00428403,0.0335761,0.0970333
"51580","Covington city","Virginia",5663,0.78386,0.124139,0.0125375,0.00388487,0.0349638,0.0406145
"51045","Craig County","Virginia",4829,0.956513,0.00621247,0.0057983,0.00331332,0.0124249,0.0157382
"51047","Culpeper County","Virginia",56125,0.651243,0.125042,0.0184766,0.00315367,0.0309844,0.1711
"51049","Cumberland County","Virginia",10062,0.650865,0.280362,0.0061618,0.00486981,0.0247466,0.0329954
"51590","Danville city","Virginia",41993,0.383111,0.517348,0.0138118,0.00254804,0.0190746,0.0641059
"51051","Dickenson County","Virginia",13411,0.971143,0.00693461,0.0023861,0.00178958,0.00909701,0.00864962
"51053","Dinwiddie County","Virginia",28576,0.618981,0.298292,0.00972844,0.00381439,0.0201568,0.0490272
"51595","Emporia city","Virginia",5402,0.24676,0.635505,0.0122177,0.0022214,0.0257312,0.0775639
"51057","Essex County","Virginia",10683,0.542076,0.356735,0.0107648,0.00599083,0.033792,0.0506412
"51600","Fairfax city","Virginia",26340,0.493584,0.0640471,0.20429,0.00284738,0.0352316,0.2
"51059","Fairfax County","Virginia",1160925,0.46956,0.10267,0.209334,0.00124987,0.0373616,0.179825
"51610","Falls Church city","Virginia",15034,0.696288,0.048224,0.101969,0.00359186,0.041772,0.108155
"51061","Fauquier County","Virginia",75865,0.740486,0.0696105,0.021011,0.00280762,0.0282871,0.137797
"51063","Floyd County","Virginia",15658,0.923681,0.0197343,0.00613105,0.00210755,0.0182654,0.0300805
"51065","Fluvanna County","Virginia",28746,0.764245,0.143985,0.0105754,0.002783,0.0284909,0.04992
"51620","Franklin city","Virginia",8373,0.374537,0.544369,0.00967395,0.00406067,0.0299773,0.0373821
"51067","Franklin County","Virginia",55637,0.855492,0.0780236,0.00632673,0.00292971,0.0164998,0.0407283
"51069","Frederick County","Virginia",98109,0.763233,0.0478549,0.0246461,0.00221183,0.0230356,0.139019
"51630","Fredericksburg city","Virginia",29992,0.553047,0.229595,0.0359429,0.00373433,0.047646,0.130035
"51640","Galax city","Virginia",6739,0.725479,0.0584656,0.00905179,0.00163229,0.0255231,0.179849
"51071","Giles County","Virginia",16533,0.940725,0.0172383,0.00598802,0.00199601,0.014214,0.0198391
"51073","Gloucester County","Virginia",40154,0.835857,0.0766549,0.0105843,0.0042088,0.0259003,0.0467948
"51075","Goochland County","Virginia",28223,0.787691,0.130992,0.0204089,0.00279914,0.01722,0.0408886
"51077","Grayson County","Virginia",15265,0.871602,0.0613822,0.00275139,0.00327547,0.0148706,0.0461186
"51079","Greene County","Virginia",21744,0.789781,0.0732616,0.022397,0.00280537,0.0279157,0.0838392
"51081","Greensville County","Virginia",11150,0.352466,0.591928,0.00834081,0.00286996,0.0138117,0.030583
"51083","Halifax County","Virginia",33448,0.595701,0.346628,0.00825161,0.00391653,0.0165929,0.0289105
"51650","Hampton city","Virginia",137596,0.349538,0.505247,0.0275662,0.00362656,0.0397686,0.0742536
"51085","Hanover County","Virginia",115309,0.8105,0.090574,0.030015,0.00352097,0.0215681,0.0438214
"51660","Harrisonburg city","Virginia",51164,0.602279,0.0814244,0.0427254,0.0021304,0.0253303,0.246111
"51087","Henrico County","Virginia",338696,0.496227,0.297497,0.102679,0.00239743,0.0275084,0.0736915
"51089","Henry County","Virginia",49385,0.674132,0.222294,0.00512301,0.00188316,0.0207958,0.075772
"51091","Highland County","Virginia",2348,0.956559,0.0127768,0.0072402,0.00170358,0.00553663,0.016184
"51670","Hopewell city","Virginia",22970,0.395385,0.447976,0.0163256,0.00474532,0.036047,0.0995211
"51093","Isle of Wight County","Virginia",40942,0.683968,0.225539,0.0123834,0.00434761,0.0258414,0.0479214
"51095","James City County","Virginia",82797,0.721077,0.138918,0.0322113,0.0033093,0.0286605,0.075824
"51097","King and Queen County","Virginia",6747,0.663999,0.240551,0.00666963,0.0154143,0.0373499,0.036016
"51099","King George County","Virginia",28816,0.702943,0.16005,0.0214464,0.0058995,0.03446,0.0752013
"51101","King William County","Virginia",19232,0.763155,0.145851,0.0127912,0.0128952,0.0279742,0.0373336
"51103","Lancaster County","Virginia",11062,0.684325,0.260712,0.00994395,0.00307359,0.0187127,0.0232327
"51105","Lee County","Virginia",21780,0.913223,0.0416896,0.00316804,0.00408632,0.0114784,0.0263545
"51678","Lexington city","Virginia",7802,0.802358,0.0822866,0.0346065,0.00269162,0.0249936,0.0530633
"51107","Loudoun County","Virginia",443380,0.503532,0.0773287,0.235913,0.00149308,0.0375863,0.144147
"51109","Louisa County","Virginia",42109,0.775891,0.138854,0.00888171,0.00379966,0.0261939,0.0463796
"51111","Lunenburg County","Virginia",12060,0.582421,0.313101,0.00547264,0.00431177,0.0246269,0.0700663
"51680","Lynchburg city","Virginia",80301,0.617913,0.270171,0.0295389,0.00303857,0.0258403,0.0534987
"51113","Madison County","Virginia",14252,0.83469,0.0823042,0.00940219,0.00231546,0.0248386,0.0464496
"51683","Manassas city","Virginia",43616,0.320158,0.124312,0.0682318,0.00210932,0.0285446,0.456644
"51685","Manassas Park city","Virginia",16611,0.247186,0.125278,0.115526,0.00288965,0.0281139,0.481007
"51690","Martinsville city","Virginia",13834,0.413113,0.451352,0.00925257,0.00209628,0.0297094,0.0944774
"51115","Mathews County","Virginia",8602,0.850267,0.0800977,0.0103464,0.00325506,0.027668,0.0283655
"51117","Mecklenburg County","Virginia",30824,0.604432,0.321308,0.0135284,0.00337399,0.0206008,0.0367571
"51119","Middlesex County","Virginia",10949,0.768107,0.148141,0.00557129,0.00575395,0.033793,0.0386337
"51121","Montgomery County","Virginia",98998,0.810592,0.0413443,0.0707994,0.00180812,0.0272228,0.0482333
"51125","Nelson County","Virginia",14766,0.806041,0.104971,0.0124611,0.00446973,0.0228904,0.049167
"51127","New Kent County","Virginia",27218,0.751745,0.150378,0.0138511,0.0091851,0.0298332,0.045007
"51700","Newport News city","Virginia",183056,0.393956,0.413808,0.0346397,0.00354536,0.0405177,0.113534
"51710","Norfolk city","Virginia",231105,0.414998,0.397348,0.0418727,0.00368231,0.0353649,0.106735
"51131","Northampton County","Virginia",12004,0.569227,0.293902,0.0108297,0.00358214,0.0221593,0.1003
"51133","Northumberland County","Virginia",12397,0.700815,0.23183,0.00717916,0.00233928,0.0176656,0.040171
"51720","Norton city","Virginia",3478,0.855377,0.0623922,0.0218516,0.00316274,0.03364,0.0235768
"51135","Nottoway County","Virginia",15632,0.545548,0.37097,0.0095957,0.00326254,0.0195752,0.0510491
"51137","Orange County","Virginia",38986,0.746653,0.124352,0.0139794,0.00415534,0.0316011,0.0792592
"51139","Page County","Virginia",23686,0.919193,0.0239804,0.00645951,0.0024487,0.0176898,0.0302288
"51141","Patrick County","Virginia",17308,0.887509,0.051768,0.00427548,0.00387104,0.0142131,0.0383638
"51730","Petersburg city","Virginia",34058,0.143079,0.740002,0.0114511,0.00434553,0.0242527,0.0768689
"51143","Pittsylvania County","Virginia",59410,0.733951,0.210167,0.00572294,0.00264265,0.0139539,0.0335634
"51735","Poquoson city","Virginia",12854,0.875214,0.0236502,0.0245838,0.00497899,0.0261397,0.0454333
"51740","Portsmouth city","Virginia",96482,0.352656,0.5341,0.0163554,0.003752,0.0326797,0.0604569
"51145","Powhatan County","Virginia",32392,0.859224,0.0823043,0.00737837,0.00336503,0.0160842,0.0316436
"51147","Prince Edward County","Virginia",22276,0.603789,0.310828,0.01239,0.00332196,0.0205602,0.0491112
"51149","Prince George County","Virginia",43589,0.516919,0.312808,0.0222763,0.00644658,0.0325541,0.108995
"51153","Prince William County","Virginia",497003,0.373722,0.201361,0.112382,0.00166397,0.0431024,0.267769
"51155","Pulaski County","Virginia",33579,0.897644,0.0488698,0.00786206,0.00262069,0.0191787,0.0238244
"51750","Radford city","Virginia",17273,0.808314,0.0903144,0.0246049,0.00260522,0.0284259,0.0457361
"51157","Rappahannock County","Virginia",7479,0.864955,0.0399786,0.0147078,0.00334269,0.0203236,0.0566921
"51760","Richmond city","Virginia",233655,0.431226,0.403227,0.0254435,0.00235818,0.0232394,0.114506
"51159","Richmond County","Virginia",9215,0.596853,0.283017,0.00661964,0.00282149,0.0270212,0.0836679
"51770","Roanoke city","Virginia",97912,0.556326,0.277555,0.032662,0.00244097,0.032948,0.0980677
"51161","Roanoke County","Virginia",97334,0.820885,0.0707666,0.0402634,0.00193149,0.0196745,0.0464791
"51163","Rockbridge County","Virginia",22368,0.907546,0.03353,0.0100143,0.00625894,0.0180615,0.0245887
"51165","Rockingham County","Virginia",87674,0.835915,0.0284805,0.0152383,0.00144855,0.0162192,0.102699
"51167","Russell County","Virginia",25420,0.965067,0.0105822,0.00287175,0.00298977,0.0101101,0.00837923
"51775","Salem city","Virginia",25908,0.808322,0.0832947,0.0262853,0.00266327,0.0265169,0.052918
"51169","Scott County","Virginia",21388,0.955676,0.0108004,0.00224425,0.0027118,0.0104732,0.0180943
"51171","Shenandoah County","Virginia",45441,0.836293,0.0332519,0.0110913,0.00257477,0.0183975,0.0983913
"51173","Smyth County","Virginia",29137,0.9351,0.0215877,0.00463328,0.00178467,0.0137969,0.0230978
"51175","Southampton County","Virginia",17941,0.62137,0.320383,0.00696728,0.00412463,0.0177248,0.0294298
"51177","Spotsylvania County","Virginia",152021,0.594642,0.18454,0.0331533,0.00255228,0.0374554,0.147657
"51179","Stafford County","Virginia",168919,0.513654,0.212705,0.0456787,0.00326192,0.0471528,0.177547
"51790","Staunton city","Virginia",26361,0.784568,0.111415,0.0169948,0.00379348,0.0311445,0.0520845
"51800","Suffolk city","Virginia",103105,0.458242,0.427089,0.0233063,0.00316183,0.0291838,0.0590175
"51181","Surry County","Virginia",6579,0.564067,0.365101,0.00714394,0.00425597,0.0227998,0.0366317
"51183","Sussex County","Virginia",10753,0.413838,0.519669,0.00585883,0.00446387,0.0167395,0.0394309
"51185","Tazewell County","Virginia",38875,0.925016,0.0349325,0.00766559,0.00228939,0.0146367,0.0154598
"51810","Virginia Beach city","Virginia",454808,0.591118,0.191633,0.0793654,0.00272862,0.0408854,0.0942705
"51187","Warren County","Virginia",42461,0.815336,0.0504463,0.01479,0.0035562,0.0289442,0.0869268
"51191","Washington County","Virginia",54098,0.943473,0.0155089,0.0066361,0.00197789,0.0114607,0.0209435
"51820","Waynesboro city","Virginia",23498,0.712699,0.122053,0.0185973,0.003745,0.0358328,0.107073
"51193","Westmoreland County","Virginia",19235,0.641799,0.239979,0.0103457,0.00540681,0.031661,0.0708084
"51830","Williamsburg city","Virginia",16030,0.669869,0.147723,0.0568933,0.00336868,0.0311291,0.0910168
"51840","Winchester city","Virginia",27800,0.609964,0.101151,0.0258273,0.0023741,0.0303597,0.230324
"51195","Wise County","Virginia",34973,0.903154,0.0593601,0.00546136,0.00182998,0.0134103,0.0167844
"51197","Wythe County","Virginia",28100,0.930107,0.0268683,0.00644128,0.00209964,0.0163345,0.0181495
"51199","York County","Virginia",71410,0.670466,0.138874,0.0678897,0.00343089,0.0367736,0.0825655
"53001","Adams County","Washington",21039,0.309615,0.00874566,0.00936356,0.00513332,0.0101716,0.65697
"53003","Asotin County","Washington",22523,0.881277,0.0115882,0.0154509,0.0152289,0.0273942,0.049061
"53005","Benton County","Washington",218190,0.642335,0.0150924,0.0351162,0.00686099,0.0268573,0.273738
"53007","Chelan County","Washington",81228,0.652607,0.00558921,0.0130866,0.00659871,0.0179125,0.304205
"53009","Clallam County","Washington",77958,0.810898,0.0095436,0.0211909,0.0442161,0.0410477,0.0731035
"53011","Clark County","Washington",527269,0.725876,0.0245947,0.0715176,0.00685798,0.0423712,0.128782
"53013","Columbia County","Washington",4025,0.826584,0.00944099,0.035528,0.0149068,0.0290683,0.084472
"53015","Cowlitz County","Washington",113982,0.805355,0.0102297,0.0227141,0.0142391,0.0364794,0.110982
"53017","Douglas County","Washington",45795,0.576941,0.00574299,0.0147833,0.00770827,0.0203297,0.374495
"53019","Ferry County","Washington",7543,0.727695,0.00861726,0.0157762,0.148349,0.0550179,0.0445446
"53021","Franklin County","Washington",101238,0.370651,0.0188862,0.0241016,0.0046524,0.0182935,0.563415
"53023","Garfield County","Washington",2404,0.865641,0.00207987,0.0366057,0.00956739,0.0245424,0.0615641
"53025","Grant County","Washington",104717,0.496233,0.0110011,0.0136368,0.00856594,0.0195097,0.451054
"53027","Grays Harbor County","Washington",77893,0.768773,0.0136854,0.0191416,0.0394772,0.0389637,0.119959
"53029","Island County","Washington",86478,0.763882,0.0291751,0.0603159,0.00748167,0.0462314,0.0929138
"53031","Jefferson County","Washington",33944,0.872025,0.0109003,0.0236272,0.0156729,0.0300495,0.0477257
"53033","King County","Washington",2340211,0.521885,0.0702368,0.239678,0.0053649,0.0489443,0.113892
"53035","Kitsap County","Washington",281420,0.73122,0.0287329,0.0669249,0.0128207,0.0593241,0.100977
"53037","Kittitas County","Washington",48172,0.816283,0.0104625,0.0236029,0.00979822,0.0312422,0.108611
"53039","Klickitat County","Washington",24124,0.79709,0.00534737,0.0111093,0.0194412,0.0252446,0.141768
"53041","Lewis County","Washington",87049,0.804478,0.00941998,0.0148652,0.0134522,0.0354972,0.122287
"53043","Lincoln County","Washington",11862,0.891165,0.00767156,0.0107908,0.0190524,0.025881,0.0454392
"53045","Mason County","Washington",69632,0.756822,0.0137006,0.0212402,0.0272576,0.0404555,0.140524
"53047","Okanogan County","Washington",44942,0.624093,0.0157314,0.011259,0.0908504,0.0278804,0.230186
"53049","Pacific County","Washington",24245,0.811631,0.00870283,0.0221901,0.0202928,0.032584,0.104599
"53051","Pend Oreille County","Washington",14332,0.870779,0.00760536,0.012978,0.0333519,0.0308401,0.044446
"53053","Pierce County","Washington",941170,0.610186,0.0769117,0.0968135,0.0109406,0.07005,0.135098
"53055","San Juan County","Washington",18668,0.862117,0.00830298,0.017838,0.00782087,0.0236769,0.0802443
"53057","Skagit County","Washington",132736,0.717221,0.00890489,0.0281009,0.0157983,0.0272948,0.202681
"53059","Skamania County","Washington",12660,0.851343,0.0102686,0.0172196,0.0152449,0.0372038,0.0687204
"53061","Snohomish County","Washington",864113,0.609772,0.0415524,0.166493,0.00946983,0.0460738,0.126639
"53063","Spokane County","Washington",555947,0.81363,0.0212988,0.0342299,0.0136128,0.0420885,0.0751403
"53065","Stevens County","Washington",49015,0.858105,0.00597776,0.00981332,0.0479241,0.0319902,0.0461899
"53067","Thurston County","Washington",302912,0.701738,0.0383115,0.0779137,0.0128387,0.0562738,0.112924
"53069","Wahkiakum County","Washington",4800,0.863542,0.00604167,0.020625,0.015625,0.0391667,0.055
"53071","Walla Walla County","Washington",62068,0.679368,0.0178675,0.0223626,0.00683122,0.0247954,0.248776
"53073","Whatcom County","Washington",234954,0.759864,0.011381,0.0556364,0.0226512,0.0388502,0.111618
"53075","Whitman County","Washington",48399,0.75733,0.0235542,0.0880183,0.00799603,0.0417157,0.081386
"53077","Yakima County","Washington",258523,0.386917,0.0088348,0.0133992,0.0326315,0.0181918,0.540025
"54001","Barbour County","West Virginia",15369,0.941115,0.0120372,0.00331837,0.00767779,0.0212115,0.0146399
"54003","Berkeley County","West Virginia",136287,0.794199,0.083038,0.0146089,0.00155554,0.0354252,0.0711733
"54005","Boone County","West Virginia",20496,0.970141,0.0082943,0.00200039,0.00165886,0.010002,0.00790398
"54007","Braxton County","West Virginia",12051,0.960584,0.00846403,0.00356817,0.00531076,0.0141897,0.00788316
"54009","Brooke County","West Virginia",21285,0.940193,0.0174301,0.00770496,0.00197322,0.0175711,0.015128
"54011","Cabell County","West Virginia",91489,0.889845,0.048443,0.0137066,0.00171605,0.0272273,0.0190624
"54013","Calhoun County","West Virginia",5873,0.963562,0.00510812,0.00323514,0.00459731,0.0120892,0.0114081
"54015","Clay County","West Virginia",7689,0.964885,0.00572246,0.00195084,0.00390168,0.0144362,0.00910391
"54017","Doddridge County","West Virginia",7615,0.931845,0.0323047,0.00551543,0.00459619,0.0161523,0.00958634
"54019","Fayette County","West Virginia",38600,0.921166,0.0389896,0.00316062,0.00256477,0.0195337,0.0145855
"54021","Gilmer County","West Virginia",7116,0.788364,0.136172,0.00885329,0.00477797,0.0179876,0.0438449
"54023","Grant County","West Virginia",10971,0.954516,0.016498,0.00364598,0.00182299,0.0113937,0.0121229
"54025","Greenbrier County","West Virginia",31851,0.923739,0.024646,0.00800603,0.00383033,0.0190575,0.0207215
"54027","Hampshire County","West Virginia",23793,0.946371,0.0120624,0.00420292,0.00256378,0.0143319,0.0204682
"54029","Hancock County","West Virginia",28054,0.924824,0.0269837,0.00577458,0.00231696,0.0199971,0.0201041
"54031","Hardy County","West Virginia",14335,0.889501,0.0334845,0.00892919,0.0022323,0.0149983,0.0508546
"54033","Harrison County","West Virginia",64472,0.928543,0.019078,0.00829818,0.0017527,0.0178682,0.0244602
"54035","Jackson County","West Virginia",27718,0.959846,0.00714337,0.0054838,0.00277798,0.0120499,0.0126993
"54037","Jefferson County","West Virginia",61264,0.796716,0.062451,0.021644,0.00261165,0.030442,0.0861354
"54039","Kanawha County","West Virginia",173906,0.868573,0.0724299,0.012248,0.00104654,0.0281704,0.0175325
"54041","Lewis County","West Virginia",16477,0.95691,0.00837531,0.00473387,0.00169934,0.012745,0.0155368
"54043","Lincoln County","West Virginia",19377,0.967745,0.00521237,0.00356092,0.0013934,0.0131083,0.00897972
"54045","Logan County","West Virginia",30560,0.959686,0.0176374,0.00281414,0.00121073,0.00998037,0.00867147
"54049","Marion County","West Virginia",55649,0.920412,0.0317167,0.00722385,0.00258765,0.0201261,0.0179338
"54051","Marshall County","West Virginia",29354,0.954827,0.0110377,0.00620018,0.00296382,0.0127751,0.012196
"54053","Mason County","West Virginia",24770,0.957852,0.011304,0.00468308,0.0022608,0.0147759,0.00912394
"54047","McDowell County","West Virginia",17147,0.860267,0.093894,0.00221613,0.002741,0.0137633,0.0271184
"54055","Mercer County","West Virginia",57524,0.894235,0.0611397,0.0056672,0.0019644,0.0225645,0.0144288
"54057","Mineral County","West Virginia",26778,0.931399,0.0268131,0.00552693,0.00212861,0.0199791,0.0141534
"54059","Mingo County","West Virginia",21712,0.953113,0.0186533,0.00313191,0.00133567,0.0131264,0.0106393
"54061","Monongalia County","West Virginia",108697,0.86535,0.0367535,0.0391547,0.00133398,0.0242049,0.0332024
"54063","Monroe County","West Virginia",12462,0.947199,0.0143637,0.00216659,0.00329,0.0210239,0.0119563
"54065","Morgan County","West Virginia",17780,0.935264,0.0130484,0.00646794,0.00365579,0.0210911,0.0204724
"54067","Nicholas County","West Virginia",24017,0.961569,0.00707832,0.00549611,0.00383062,0.0123246,0.00970146
"54069","Ohio County","West Virginia",41090,0.907958,0.0369433,0.00786079,0.00180092,0.0261621,0.0192748
"54071","Pendleton County","West Virginia",5944,0.937416,0.0233849,0.00538358,0.0031965,0.0178331,0.012786
"54073","Pleasants County","West Virginia",7358,0.947948,0.0187551,0.00353357,0.00258222,0.0138625,0.0133188
"54075","Pocahontas County","West Virginia",7653,0.941069,0.0177708,0.00300536,0.00261335,0.0171175,0.0184241
"54077","Preston County","West Virginia",34055,0.945794,0.0184114,0.00414036,0.00240787,0.00974894,0.0194979
"54079","Putnam County","West Virginia",57067,0.941893,0.0145268,0.0104614,0.00224298,0.0149123,0.0159637
"54081","Raleigh County","West Virginia",72379,0.870308,0.0786554,0.0074331,0.00234875,0.021719,0.0195361
"54083","Randolph County","West Virginia",27190,0.94623,0.0214417,0.00467083,0.00305259,0.0123207,0.0122839
"54085","Ritchie County","West Virginia",8170,0.960588,0.00575275,0.00477356,0.00208078,0.0151775,0.0116279
"54087","Roane County","West Virginia",13540,0.96034,0.00457903,0.00369276,0.00273264,0.015805,0.0128508
"54089","Summers County","West Virginia",11544,0.907398,0.0455648,0.00337838,0.00398475,0.0181913,0.021483
"54091","Taylor County","West Virginia",16438,0.953583,0.0127144,0.00529261,0.00371091,0.0138095,0.0108894
"54093","Tucker County","West Virginia",6573,0.965313,0.00547695,0.00349916,0.00197779,0.013236,0.0104975
"54095","Tyler County","West Virginia",7843,0.961367,0.00522759,0.00803264,0.00318756,0.0113477,0.0108377
"54097","Upshur County","West Virginia",23650,0.951501,0.0106977,0.00566596,0.00334038,0.0127273,0.0160677
"54099","Wayne County","West Virginia",37589,0.962542,0.00728937,0.00364468,0.00337865,0.0130623,0.0100827
"54101","Webster County","West Virginia",7947,0.969926,0.00402668,0.0018875,0.0011325,0.0142192,0.00880836
"54103","Wetzel County","West Virginia",13766,0.956995,0.00610199,0.00421328,0.00188871,0.0132936,0.0175069
"54105","Wirt County","West Virginia",4924,0.962226,0.00731113,0.00385865,0.00345248,0.0192933,0.00385865
"54107","Wood County","West Virginia",82757,0.941516,0.0132678,0.00741931,0.00199379,0.0198171,0.0159866
"54109","Wyoming County","West Virginia",19964,0.965889,0.00806452,0.00210379,0.0015528,0.0122721,0.0101182
"55001","Adams County","Wisconsin",21352,0.894764,0.0292244,0.0067441,0.00941364,0.0136287,0.0462252
"55003","Ashland County","Wisconsin",16196,0.81977,0.00691529,0.0100642,0.0984811,0.0327859,0.0319832
"55005","Barron County","Wisconsin",46810,0.914655,0.0162145,0.00779748,0.0102115,0.0137577,0.0373638
"55007","Bayfield County","Wisconsin",16838,0.849507,0.00641406,0.00534505,0.0875995,0.0273192,0.0238152
"55009","Brown County","Wisconsin",273909,0.775487,0.0303568,0.0393561,0.0239678,0.023004,0.107828
"55011","Buffalo County","Wisconsin",13464,0.943182,0.00571895,0.00430778,0.0040107,0.0110665,0.0317142
"55013","Burnett County","Wisconsin",17187,0.906441,0.00802932,0.00552743,0.0374702,0.0219352,0.020597
"55015","Calumet County","Wisconsin",53602,0.878269,0.0112309,0.0310623,0.00492519,0.0150927,0.0594194
"55017","Chippewa County","Wisconsin",67323,0.928004,0.0163688,0.0152845,0.00518396,0.0145121,0.0206467
"55019","Clark County","Wisconsin",34801,0.90529,0.00502859,0.00554582,0.00537341,0.00879285,0.0699693
"55021","Columbia County","Wisconsin",58113,0.90737,0.0151257,0.0101526,0.00567859,0.0155043,0.0461687
"55023","Crawford County","Wisconsin",16008,0.93447,0.0218641,0.00818341,0.00362319,0.0109945,0.0208646
"55025","Dane County","Wisconsin",588347,0.757213,0.0577346,0.0733632,0.00273988,0.0267138,0.0822355
"55027","Dodge County","Wisconsin",88635,0.875072,0.0292097,0.0079991,0.00508828,0.0110002,0.0716308
"55029","Door County","Wisconsin",30512,0.920458,0.00858679,0.0064237,0.00632538,0.013339,0.0448676
"55031","Douglas County","Wisconsin",44276,0.908167,0.0124673,0.0111347,0.0170295,0.030739,0.0204626
"55033","Dunn County","Wisconsin",46135,0.911434,0.00856183,0.0344424,0.00466024,0.0144359,0.0264658
"55035","Eau Claire County","Wisconsin",108830,0.881715,0.0118717,0.0475972,0.00453919,0.0199485,0.0343288
"55037","Florence County","Wisconsin",4673,0.943719,0.00577787,0.00406591,0.0115557,0.0171196,0.0177616
"55039","Fond du Lac County","Wisconsin",104269,0.861234,0.0233339,0.0226146,0.0045843,0.0160354,0.0721979
"55041","Forest County","Wisconsin",9506,0.800547,0.00915211,0.00483905,0.133495,0.0282979,0.0236693
"55043","Grant County","Wisconsin",52330,0.936079,0.014829,0.0102427,0.00215937,0.00913434,0.0275559
"55045","Green County","Wisconsin",37183,0.925584,0.00750343,0.00688487,0.00250114,0.0129091,0.0446172
"55047","Green Lake County","Wisconsin",19370,0.909861,0.0072793,0.00867321,0.00464636,0.0107383,0.0588023
"55049","Iowa County","Wisconsin",23963,0.937612,0.00980679,0.00876351,0.00237867,0.0157743,0.0256646
"55051","Iron County","Wisconsin",6235,0.94162,0.00417001,0.00417001,0.014595,0.0176423,0.0178027
"55053","Jackson County","Wisconsin",21027,0.856518,0.0241594,0.00675322,0.0537404,0.017216,0.0416132
"55055","Jefferson County","Wisconsin",86245,0.873941,0.010934,0.0102731,0.00313062,0.0140994,0.0876225
"55057","Juneau County","Wisconsin",26590,0.908725,0.0271155,0.00676946,0.0122602,0.0127868,0.032343
"55059","Kenosha County","Wisconsin",168754,0.721156,0.0707183,0.0215521,0.0029866,0.0253031,0.158284
"55061","Kewaunee County","Wisconsin",20751,0.924919,0.00568647,0.00684304,0.007084,0.012915,0.0425522
"55063","La Crosse County","Wisconsin",121060,0.877854,0.0172394,0.0506939,0.00365934,0.0215513,0.0290021
"55065","Lafayette County","Wisconsin",17306,0.893101,0.00606726,0.00566278,0.00306252,0.00912978,0.082977
"55067","Langlade County","Wisconsin",19535,0.923573,0.0115178,0.00614282,0.0141285,0.0163809,0.028257
"55069","Lincoln County","Wisconsin",28461,0.936826,0.00646499,0.00751906,0.00572714,0.0163381,0.0271248
"55071","Manitowoc County","Wisconsin",81513,0.873382,0.0129427,0.0321053,0.00566781,0.0150896,0.0608124
"55073","Marathon County","Wisconsin",139091,0.863607,0.00992875,0.0659065,0.00469477,0.0166006,0.0392621
"55075","Marinette County","Wisconsin",42343,0.932811,0.00774626,0.00588055,0.0072267,0.0129419,0.0333939
"55077","Marquette County","Wisconsin",15743,0.926189,0.00628851,0.00927396,0.007813,0.0100362,0.0403989
"55078","Menominee County","Wisconsin",4286,0.150257,0.010266,0.0167989,0.741951,0.0303313,0.0503966
"55079","Milwaukee County","Wisconsin",924740,0.478785,0.257113,0.0564202,0.00525661,0.0266194,0.175805
"55081","Monroe County","Wisconsin",46370,0.884882,0.0147725,0.0104162,0.0104593,0.0172741,0.0621954
"55083","Oconto County","Wisconsin",40037,0.936284,0.00477059,0.00621925,0.0149112,0.0143367,0.0234783
"55085","Oneida County","Wisconsin",38175,0.942423,0.00610347,0.00838245,0.0115259,0.0132286,0.0183366
"55087","Outagamie County","Wisconsin",195390,0.849158,0.0195506,0.0401965,0.0154563,0.0190133,0.0566252
"55089","Ozaukee County","Wisconsin",93956,0.893695,0.0196475,0.0288326,0.00237345,0.0151241,0.0403274
"55091","Pepin County","Wisconsin",7555,0.947849,0.00423561,0.00701522,0.0031767,0.00820649,0.0295169
"55093","Pierce County","Wisconsin",43380,0.922407,0.00892116,0.0143845,0.00470263,0.018142,0.0314431
"55095","Polk County","Wisconsin",45831,0.941415,0.00460387,0.00763675,0.0100587,0.0129607,0.0233248
"55097","Portage County","Wisconsin",72040,0.891199,0.0104525,0.033523,0.00369239,0.0147279,0.0464048
"55099","Price County","Wisconsin",14087,0.936395,0.00610492,0.0173919,0.00688578,0.0140555,0.0191666
"55101","Racine County","Wisconsin",198651,0.686208,0.109317,0.0154744,0.00338785,0.0259601,0.159652
"55103","Richland County","Wisconsin",17123,0.925831,0.00934416,0.0119138,0.00397127,0.0136658,0.0352742
"55105","Rock County","Wisconsin",165461,0.801554,0.0485613,0.0142148,0.00270759,0.0260545,0.106907
"55107","Rusk County","Wisconsin",14168,0.940782,0.009952,0.00585827,0.00656409,0.0141869,0.0226567
"55111","Sauk County","Wisconsin",66486,0.880576,0.0126794,0.00694883,0.0106489,0.0128147,0.0763319
"55113","Sawyer County","Wisconsin",18835,0.782798,0.00467215,0.00488452,0.153172,0.0280329,0.0264401
"55115","Shawano County","Wisconsin",41299,0.849851,0.00607763,0.00743359,0.0792029,0.0218891,0.0355457
"55117","Sheboygan County","Wisconsin",118331,0.806137,0.0242371,0.0649872,0.00360852,0.0186511,0.0823791
"55109","St. Croix County","Wisconsin",97954,0.924046,0.00796292,0.0134655,0.00346081,0.018233,0.0328317
"55119","Taylor County","Wisconsin",20167,0.940745,0.00520653,0.00679328,0.00366936,0.0100659,0.0335201
"55121","Trempealeau County","Wisconsin",30801,0.8427,0.0058115,0.00707769,0.00266225,0.0106165,0.131132
"55123","Vernon County","Wisconsin",31351,0.956174,0.00443367,0.00574144,0.00287072,0.0107493,0.0200313
"55125","Vilas County","Wisconsin",23948,0.861408,0.00417571,0.00542843,0.0903207,0.0148238,0.0238433
"55127","Walworth County","Wisconsin",106029,0.837488,0.0106103,0.0110159,0.00246159,0.0121759,0.126248
"55129","Washburn County","Wisconsin",16982,0.934872,0.00394535,0.00724296,0.0146626,0.0161936,0.0230833
"55131","Washington County","Wisconsin",138727,0.905584,0.0180931,0.0194771,0.0029194,0.0138618,0.0400643
"55133","Waukesha County","Wisconsin",417029,0.854197,0.0202744,0.0451863,0.00221088,0.0169173,0.061214
"55135","Waupaca County","Wisconsin",51171,0.927439,0.00590178,0.00596041,0.00697661,0.011999,0.0417229
"55137","Waushara County","Wisconsin",25079,0.882412,0.0216915,0.00725707,0.00594123,0.0119622,0.0707365
"55139","Winnebago County","Wisconsin",173307,0.853197,0.0308066,0.0365075,0.00621441,0.0196414,0.0536331
"55141","Wood County","Wisconsin",73943,0.90586,0.00985895,0.0208404,0.0068972,0.0142407,0.0423029
"56001","Albany County","Wyoming",39288,0.800906,0.0130574,0.0495062,0.00735594,0.0223987,0.106776
"56003","Big Horn County","Wyoming",12084,0.860063,0.00827541,0.00777888,0.0115028,0.0142337,0.0981463
"56005","Campbell County","Wyoming",47946,0.85321,0.00640304,0.00677846,0.0119301,0.0189171,0.102761
"56007","Carbon County","Wyoming",14250,0.759789,0.0121404,0.00996491,0.0110877,0.0186667,0.188351
"56009","Converse County","Wyoming",13766,0.876144,0.00537556,0.00704635,0.00878977,0.0169984,0.0856458
"56011","Crook County","Wyoming",7775,0.940707,0.00874598,0.00385852,0.00900322,0.0138907,0.0237942
"56013","Fremont County","Wyoming",39721,0.69895,0.00657083,0.00594144,0.185393,0.0285743,0.0745701
"56015","Goshen County","Wyoming",12635,0.853106,0.0117926,0.00767709,0.0101306,0.0133755,0.103918
"56017","Hot Springs County","Wyoming",4625,0.887351,0.00821622,0.00691892,0.020973,0.0222703,0.0542703
"56019","Johnson County","Wyoming",8803,0.910485,0.00738385,0.00851982,0.0129501,0.0168125,0.0438487
"56021","Laramie County","Wyoming",101783,0.770286,0.0192665,0.0146685,0.00609139,0.0270183,0.16267
"56023","Lincoln County","Wyoming",21000,0.906524,0.00661905,0.00547619,0.00652381,0.014619,0.0602381
"56025","Natrona County","Wyoming",80410,0.851399,0.00997388,0.00851884,0.0100361,0.0209924,0.0990797
"56027","Niobrara County","Wyoming",2301,0.905693,0.00738809,0.00478053,0.0143416,0.0204259,0.0473707
"56029","Park County","Wyoming",31082,0.901776,0.00640242,0.00907278,0.00653111,0.0134805,0.0627373
"56031","Platte County","Wyoming",8512,0.867129,0.00575658,0.00869361,0.00763628,0.0140977,0.096687
"56033","Sheridan County","Wyoming",32978,0.905604,0.00791437,0.00870277,0.010977,0.0153436,0.0514585
"56035","Sublette County","Wyoming",8965,0.87942,0.00847741,0.00948132,0.0087005,0.0181818,0.075739
"56037","Sweetwater County","Wyoming",41273,0.779783,0.0100792,0.00894047,0.00814092,0.0181475,0.174909
"56039","Teton County","Wyoming",23272,0.785235,0.00773462,0.0220437,0.00433998,0.0147387,0.165908
"56041","Uinta County","Wyoming",20621,0.86281,0.00441298,0.00698317,0.00630425,0.0158576,0.103632
"56043","Washakie County","Wyoming",7662,0.815061,0.00469851,0.00939702,0.00770034,0.0199687,0.143174
"56045","Weston County","Wyoming",6866,0.881445,0.0077192,0.0139819,0.0166036,0.0221381,0.0581124
