client,registrant,client_state,amount,n_issues,n_lobbyists
"NATIONAL WOMEN'S SHELTER NETWORK, INC.","NATIONAL WOMEN'S SHELTER NETWORK, INC.",FL,0,4,1
HILLENBRAND INC.,ICE MILLER LLP,IN,0,1,2
"TONIO BURGOS & ASSOCIATES, INC. ON BEHALF OF JFK MILLENIUM PARTNERS",RED OAK STREET LLC,NY,9000,2,1
ISTATION,THE MONDELLO GROUP LLC,TX,15000,1,1
"NGO ""FREE AND FAITHFUL""",SIC GROUP USA LLC,,0,2,1
CEMVITA,CEMVITA,TX,15000,5,1
RANDSTAD NORTH AMERICA,RANDSTAD NORTH AMERICA,GA,38000,3,1
"MOLNLYCKE HEALTH CARE US, LLC","MOLNLYCKE HEALTH CARE US, LLC",GA,30000,1,1
"HDG, LP",GORDON THOMAS HONEYWELL GOVERNMENTAL AFFAIRS,WA,12000,7,1
NATIONAL ORGANIZATION FOR WOMEN,THE NIA VIZYON PROJECT,DC,0,1,1
"MYRIAD GENETICS, INC.",BLUEBIRD STRATEGIES,DC,30000,3,1
GLOBAL DOWN SYNDROME FOUNDATION,BLUEBIRD STRATEGIES,CO,0,1,1
MYOTONIC,BLUEBIRD STRATEGIES,CA,0,2,1
THERMO FISHER SCIENTIFIC INC,BLUEBIRD STRATEGIES,MA,30000,1,1
AMERICAN PODIATRIC MEDICAL ASSOCIATION,AMERICAN PODIATRIC MEDICAL ASSOCIATION,MD,50000,4,1
EMP SHIELD,HARTWELL CAPITOL CONSULTING,KS,20000,4,1
JACKSON COUNTY KANSAS,HARTWELL CAPITOL CONSULTING,KS,15000,2,1
"RONAWK, INC.","RIVERSIDE STRATEGIC SOLUTIONS, LLC",KS,30000,2,2
VALLEY HOPE ASSOCIATION,"RIVERSIDE STRATEGIC SOLUTIONS, LLC",KS,30000,1,2
NATIVE AMERICAN CONTRACTORS ASSOCIATION,NATIVE AMERICAN CONTRACTORS ASSOCIATION,DC,30000,6,2
NATIONAL COURT REPORTERS ASSOCIATION,MILLER & WENHOLD CAPITOL STRATEGIES,VA,9000,1,1
ASSOCIATION OF TELESERVICES INTERNATIONAL,MILLER & WENHOLD CAPITOL STRATEGIES,,0,1,1
AKIN GUMP STRAUSS HAUER & FELD (OBO GILA RIVER INDIAN COMMUNITY),"RELATION STRATEGY, LLC",DC,20000,1,1
BANNER HEALTH,THE D MAJOR GROUP,AZ,20000,3,2
GPA MIDSTREAM ASSOCIATION,GPA MIDSTREAM ASSOCIATION,OK,50000,6,2
FUEL CELL AND HYDROGEN ENERGY ASSOCIATION,FUEL CELL AND HYDROGEN ENERGY ASSOCIATION,DC,30000,4,2
AMERICAN REGISTRY FOR INTERNET NUMBERS,MR. STEPHEN M. RYAN,VA,0,3,1
PAPER EXCELLENCE HOLDINGS CORPORATION,MR. STEPHEN M. RYAN,CA,30000,2,1
AMERICAN LEGION,THE AMERICAN LEGION,IN,0,4,6
INVEST IN EDUCATION COALITION,2020 STRATEGIES LLC,NY,18000,1,1
AMERICAN FEDERATION FOR CHILDREN,2020 STRATEGIES LLC,DC,0,1,1
SOCIETY FOR CARDIOVASCULAR ANGIOGRAPHY AND INTERVENTIONS,SOCIETY FOR CARDIOVASCULAR ANGIOGRAPHY AND INTERVENTIONS,DC,36000,3,2
"THE FERGUSON GROUP, LLC FOR CITY OF OCEANSIDE CA",EARL STOCKDALE,DC,0,1,1
"FERGUSON GROUP LLC ON BEHALF OF WARD&SMITH (FOR TISPC, NC)",EARL STOCKDALE,DC,0,2,1
DRONEUP,DRONEUP,VA,30000,1,1
CONSEJO COORDINADOR EMPRESARIAL,"IQOM STRATEGIC ADVISORS, LLC",,140000,1,3
XIGNUX SA DE CV,"IQOM STRATEGIC ADVISORS, LLC",,9000,1,2
CONSEJO NACIONAL AGROPECUARIO,"IQOM STRATEGIC ADVISORS, LLC",,6000,1,3
INDUSTRIA MAQUILADORA Y MANUFACTURERA DE EXPORTACION (INDEX),"IQOM STRATEGIC ADVISORS, LLC",,15000,1,1
MID COAST HEALTH SYSTEM,MABRY PUBLIC AFFAIRS LLC,TX,15000,2,1
SABINE-NECHES NAVIGATION DISTRICT,MABRY PUBLIC AFFAIRS LLC,TX,70000,2,1
GOLDEN PASS LNG TERMINAL LLC - FKA - GOLDEN PASS PRODUCTS LLC,MABRY PUBLIC AFFAIRS LLC,TX,30000,2,1
TRUCONNECT,HARWOOD INTERNATIONAL LTD,CA,0,1,1
OUTDOOR VENTURE CORPORATION,MR. BRIAN DEARING,KY,0,1,1
XFS GLOBAL LLC,MR. BRIAN DEARING,VA,0,1,1
RV FRESH FOODS,"IQOM STRATEGIC ADVISORS, LLC",,0,2,1
"IRRIGATION AND ELECTRICAL DISTRICTS ASSOCIATION OF ARIZONA, INC","IRRIGATION AND ELECTRICAL DISTRICTS ASSOCIATION OF ARIZONA, INC.",AZ,0,2,1
"TRANS-GLOBAL SOLUTIONS, INC.",MABRY PUBLIC AFFAIRS LLC,TX,25000,1,1
VERIZON,"DCI GROUP, L.L.C.",DC,20000,1,1
GREENPOWER BX LLC,MR. MARK KOPEC,TX,0,1,1
3PL OPERATING INC.,MR. MARK KOPEC,NV,0,1,1
KOREA INTERNATIONAL TRADE ASSOCIATION,KOREA INTERNATIONAL TRADE ASSOCIATION,DC,62285,3,2
CONNECTIONS HEALTH SOLUTIONS,MCDERMOTT+ LLC,AZ,20000,1,3
THE PARTNERSHIP TO ADVANCE VIRTUAL CARE (PAVC),MCDERMOTT+ LLC,DC,30000,3,4
THE PERMANENTE FEDERATION,MCDERMOTT+ LLC,CA,0,2,3
ANDREESSEN HOROWITZ,MCDERMOTT+ LLC,CA,0,2,1
VERILY LIFE SCIENCES LLC,MCDERMOTT+ LLC,CA,0,3,2
CONSUMER TECHNOLOGY ASSOCIATION,MCDERMOTT+ LLC,VA,0,1,2
"COHERUS BIOSCIENCES, INC.",COHERUS BIOSCIENCES,CA,30000,2,3
MAIMONIDES MEDICAL CENTER,MCDERMOTT+ LLC,NY,40000,2,4
HELP AT HOME,MCDERMOTT+ LLC,IL,30000,2,4
"BROWNSTEIN HYATT FARBER SCHRECK, LLP OBO ATHENE HOLDING",RICHARD BURNESS,DC,0,1,1
PATIENTS FOR AFFORDABLE DRUGS NOW,MCDERMOTT+ LLC,DC,60000,3,4
NATIONAL COUNCIL ON AGING,MCDERMOTT+ LLC,CA,30000,2,7
"BROWNSTEIN HYATT FARBER SCHRECK, LLP OBO TEACHERS INSURANCE AND ANNUITY ASSOC",RICHARD BURNESS,CO,0,1,1
"BROWNSTEIN HYATT FARBER SCHRECK, LLP OBO APOLLO MANAGEMENT HOLDING",RICHARD BURNESS,CO,0,1,1
"BROWNSTEIN HYATT FARBER SCHRECK, LLP OBO JOHNSON & JOHNSON",RICHARD BURNESS,CO,0,1,1
"ARTIS, LLC",SKYLINE CAPITOL LLC,VA,20000,1,1
INTERGALACTIC,SKYLINE CAPITOL LLC,UT,30000,2,1
KENAI DEFENSE COMPANY LLC,SKYLINE CAPITOL LLC,UT,20000,2,1
"VIRTUALITICS, INC.",SKYLINE CAPITOL LLC,CA,15000,1,1
NEXA CAPITAL PARTNERS LLC,EAGLE POINT STRATEGIES LLC,VA,10000,2,1
EASTERN SHAWNEE TRIBE OF OKLAHOMA,DANCING RABBIT TRIBAL CONSULTING,OK,15000,1,1
PARK CITY UTAH,"BARKER LEAVITT, PLLC (SKA MR. JAMES C. BARKER)",MS,30000,3,2
UTAH TRANSIT AUTHORITY (UTA),"BARKER LEAVITT, PLLC (SKA MR. JAMES C. BARKER)",MS,40000,1,2
WASATCH FRONT REGIONAL COUNCIL,"BARKER LEAVITT, PLLC (SKA MR. JAMES C. BARKER)",UT,20000,2,2
SOUTH COAST WATER DISTRICT,"BARKER LEAVITT, PLLC (SKA MR. JAMES C. BARKER)",CA,20000,2,2
SONIC HEALTHCARE USA,"BARKER LEAVITT, PLLC (SKA MR. JAMES C. BARKER)",TX,40000,3,2
BEACH CITIES HEALTH DISTRICT,"BARKER LEAVITT, PLLC (SKA MR. JAMES C. BARKER)",CA,20000,3,2
"MILLCREEK, UTAH","BARKER LEAVITT, PLLC (SKA MR. JAMES C. BARKER)",UT,20000,2,2
COVINGTON WATER DISTRICT,"BARKER LEAVITT, PLLC (SKA MR. JAMES C. BARKER)",WA,30000,3,1
COVINGTON WATER DISTRICT,"BARKER LEAVITT, PLLC (SKA MR. JAMES C. BARKER)",WA,30000,3,1
"SOUTH JORDAN, UTAH","BARKER LEAVITT, PLLC (SKA MR. JAMES C. BARKER)",UT,20000,2,1
"HOLLADAY, UTAH","BARKER LEAVITT, PLLC (SKA MR. JAMES C. BARKER)",UT,20000,3,1
UTAH VALLEY UNIVERSITY,"BARKER LEAVITT, PLLC (SKA MR. JAMES C. BARKER)",UT,30000,1,1
SPREAD THE WORD NEVADA,"BARKER LEAVITT, PLLC (SKA MR. JAMES C. BARKER)",NV,10000,2,1
NATIONAL CANNABIS INDUSTRY ASSOCIATION,NATIONAL CANNABIS INDUSTRY ASSOCIATION,DC,25000,3,1
SIXTEENTHIRTY FUND,BLUE MOUNTAIN STRATEGIES,DC,40000,2,1
ATOLLETC LLC,ATOLLETC LLC,IL,0,7,3
SMART APPROACHES TO MARIJUANA,BLUE MOUNTAIN STRATEGIES,VA,15000,5,1
STARKEY HEARING TECHNOLOGIES,BLUE MOUNTAIN STRATEGIES,MN,20000,1,1
STATE OF RHODE ISLAND,"MAYFORTH GROUP, LLC.",RI,45000,4,2
CENTRIO ENERGY,"LIEBMAN & ASSOCIATES, INC.",TX,60000,1,1
HORMEL FOODS CORPORATION,HORMEL FOODS CORPORATION,MN,130000,7,1
INTERCOMP COMPANY,"BROMELKAMP GOVERNMENT RELATIONS, LLC",MN,10000,2,1
"ENFOS, INC.","BROMELKAMP GOVERNMENT RELATIONS, LLC",IL,10000,2,1
CVS HEALTH,KEEFE STRATEGIES LLC FKA KEEFE SINGISER PARTNERS,DC,30000,2,1
PLANNED PARENTHOOD FEDERATION OF AMERICA,KEEFE STRATEGIES LLC FKA KEEFE SINGISER PARTNERS,NY,10000,1,1
HOPEWELL FUND,KEEFE STRATEGIES LLC FKA KEEFE SINGISER PARTNERS,DC,10000,1,1
AGILE THERAPEUTICS,KEEFE STRATEGIES LLC FKA KEEFE SINGISER PARTNERS,NJ,45000,1,1
AMERICANS FOR CONTRACEPTION,KEEFE STRATEGIES LLC FKA KEEFE SINGISER PARTNERS,DC,60000,1,1
NATIONAL PARTNERSHIP FOR WOMEN & FAMILIES,KEEFE STRATEGIES LLC FKA KEEFE SINGISER PARTNERS,DC,45000,2,2
COMMUNITY CATALYST,KEEFE STRATEGIES LLC FKA KEEFE SINGISER PARTNERS,MA,10000,2,1
THE COUNCIL OF STATE GOVERNMENTS,BRIMLEY GROUP INC.,KY,5000,2,1
JUST DETENTION INTERNATIONAL,BRIMLEY GROUP INC.,CA,5000,2,1
CORRECTIONAL LEADERS ASSOC. (F.K.A. ASSOC. OF STATE CORRECTIONAL ADMINISTRATORS),BRIMLEY GROUP INC.,ID,5000,1,1
ALLIANCE FOR CELL THERAPY NOW,"MARCHIBRODA GROUP, LLC",DC,0,1,1
O'GRADY PEYTON INTERNATIONAL (USA),MORRISON PUBLIC AFFAIRS GROUP,GA,40000,1,2
SEAMUS LITERARY & EDITORIAL SERVICES,MORRISON PUBLIC AFFAIRS GROUP,NY,10000,1,1
AMERICAN HOSPITAL ASSOCIATION,MORRISON PUBLIC AFFAIRS GROUP,DC,20000,1,2
LAW OFFICE OF CURTIS MORRISON,MORRISON PUBLIC AFFAIRS GROUP,CA,0,1,2
AMERICAN PROFICIENCY INSTITUTE,"AUBURN HEALTH STRATEGIES, LLC",MI,0,1,1
NATIONAL REVERSE MORTGAGE LENDERS ASSOCIATION,OLSON ADVOCACY GROUP LLC,DC,10000,1,1
"MURRAY, MONTGOMERY, & O'DONNELL ON BEHALF OF THE CITY OF PHOENIX",OLSON ADVOCACY GROUP LLC,DC,10000,1,1
COMMUNITY HOME LENDERS ASSOCIATION,OLSON ADVOCACY GROUP LLC,VA,35000,1,1
MANUFACTURED HOUSING INSTITUTE,OLSON ADVOCACY GROUP LLC,VA,15000,1,1
NATIONAL COMMUNITY RENAISSANCE,OLSON ADVOCACY GROUP LLC,CA,20000,1,1
"UMH PROPERTIES, INC.",OLSON ADVOCACY GROUP LLC,NJ,20000,1,1
SAMERA S.A.,OCAL LOBBYING GROUP,,0,1,1
OMC THERMOCHEMISTRY FKA OMC HYDROGEN,STROGEN LLC,CA,0,4,1
OCEAN THERMAL ENERGY CORPORATION,STROGEN LLC,PA,10000,2,1
CALIFORNIA FORESTRY ASSOCIATION,CALIFORNIA FORESTRY ASSOCIATION,CA,0,1,1
INTERDIGITAL COMMUNICATIONS,"STUART CHEMTOB, ESQ",PA,15000,3,1
CITY OF THOMASVILLE,"LAW OFFICES OF GEORGE HARRIS, LLC",AL,0,7,1
THE HEALTH CARE AUTHORITY CORPORATION OF THE CITY OF THOMASVILLE,"LAW OFFICES OF GEORGE HARRIS, LLC",AL,20000,3,1
TOWN OF GROVE HILL,"LAW OFFICES OF GEORGE HARRIS, LLC",AL,0,3,1
BLACK BELT ENERGY GAS DISTRICT,"LAW OFFICES OF GEORGE HARRIS, LLC",AL,20000,3,1
IRWIN COUNTY COMMISSION,"LAW OFFICES OF GEORGE HARRIS, LLC",GA,5000,3,1
FEDERAL EXPRESS CORPORATION,PENN AVENUE PARTNERS,DC,50000,2,4
"FERRERO USA, INC.",PENN AVENUE PARTNERS,NJ,50000,1,4
"FLEET PORTFOLIO, LLC",PENN AVENUE PARTNERS,IL,20000,1,1
FRESENIUS MEDICAL CARE NORTH AMERICA,PENN AVENUE PARTNERS,DC,50000,1,3
"FUELCELL ENERGY, INC.",PENN AVENUE PARTNERS,CT,50000,1,4
"HAAS, INCORPORATED",PENN AVENUE PARTNERS,NY,40000,1,1
"LIFEWAY FOODS, INC.",PENN AVENUE PARTNERS,IL,10000,2,2
NATIONAL CABLE AND TELECOMMUNICATIONS ASSOCIATION,PENN AVENUE PARTNERS,DC,60000,2,4
"NEXTERA ENERGY, INC.",PENN AVENUE PARTNERS,FL,30000,2,1
"PALANTIR TECHNOLOGIES, INC.",PENN AVENUE PARTNERS,CA,30000,2,4
"SIDEPRIZE LLC, D/B/A PRIZEPICKS",PENN AVENUE PARTNERS,GA,50000,1,2
TSMC ARIZONA,PENN AVENUE PARTNERS,AZ,50000,2,4
UNITED STATES TELECOMMUNICATIONS TRAINING INSTITUTE,PENN AVENUE PARTNERS,DC,10000,1,2
"UNITEDHEALTH GROUP, INC.",PENN AVENUE PARTNERS,DC,90000,3,3
"USA EB5 IMMIGRATION, LLC",PENN AVENUE PARTNERS,MD,60000,1,2
USA MANAGED CARE ORGANIZATION,PENN AVENUE PARTNERS,AZ,50000,1,3
WESTERN UNION,PENN AVENUE PARTNERS,CO,20000,1,2
"ACTION NOW INITIATIVE, LLC",PENN AVENUE PARTNERS,TX,50000,3,3
"ALKERMES, INC.",PENN AVENUE PARTNERS,MA,50000,1,4
"AMERICAN AIRLINES, INC.",PENN AVENUE PARTNERS,DC,200000,2,5
A. O. SMITH CORPORATION,PENN AVENUE PARTNERS,WI,20000,1,1
"ATI, INC.",PENN AVENUE PARTNERS,VA,50000,1,3
BLACKROCK FUNDS SERVICES GROUP LLC,PENN AVENUE PARTNERS,NY,60000,1,3
"BRIGHTHOUSE FINANCIAL, INC.",PENN AVENUE PARTNERS,NC,30000,5,4
CARNIVAL CORPORATION,PENN AVENUE PARTNERS,FL,110000,3,4
"CITY OF MCALLEN, TEXAS",PENN AVENUE PARTNERS,TX,30000,1,2
CITY OF WESTON FLORIDA,PENN AVENUE PARTNERS,FL,20000,2,4
"COSTAR GROUP, INC.",PENN AVENUE PARTNERS,DC,60000,1,2
"ENBRIDGE ENERGY COMPANY, INC.",PENN AVENUE PARTNERS,TX,50000,1,5
"ENERGYRE, LLC",PENN AVENUE PARTNERS,NY,10000,1,2
RAI SERVICES COMPANY,HR STRATEGIES LLC,DC,50000,3,2
ASTROPHYSICS INC.,"AEROSPACE INTELLIGENCE, LLC",CA,0,1,1
NOVO DR INC,"AEROSPACE INTELLIGENCE, LLC",MI,0,1,1
GENASYS (FORMERLY LRAD CORPORATION),"ATS COMMUNICATIONS, INC. (DBA SILBEY STRATEGIES)",CA,30000,1,1
SAN ANTONIO WATER SYSTEM,"ATS COMMUNICATIONS, INC. (DBA SILBEY STRATEGIES)",TX,20000,1,1
THOR SOLUTIONS,"ATS COMMUNICATIONS, INC. (DBA SILBEY STRATEGIES)",VA,0,1,1
MANN CENTER FOR THE PERFORMING ARTS ON BEHALF OF CAVAROCCHI RUSCIO DENNIS ASSOC,"MISSION GOVERNMENT RELATIONS (FORMERLY KNOWN AS MUROFF LAW FIRM, LLC)",PA,0,1,1
SALVATION ARMY OF EASTERN PENNSYLVANIA AND DELAWARE,"MISSION GOVERNMENT RELATIONS (FORMERLY KNOWN AS MUROFF LAW FIRM, LLC)",PA,10000,1,1
PANTHEON DATA (FKA THE KENIFIC GROUP),"ATS COMMUNICATIONS, INC. (DBA SILBEY STRATEGIES)",VA,70000,1,1
"SELF-HELP MOVEMENT, INC","MISSION GOVERNMENT RELATIONS (FORMERLY KNOWN AS MUROFF LAW FIRM, LLC)",PA,10000,1,1
PARKER MEGGITT (FORMERLY MEGGITT USA),"ATS COMMUNICATIONS, INC. (DBA SILBEY STRATEGIES)",DC,30000,2,1
TRELLISWARE TECHNOLOGIES,"ATS COMMUNICATIONS, INC. (DBA SILBEY STRATEGIES)",CA,20000,1,1
INGLIS,"MISSION GOVERNMENT RELATIONS (FORMERLY KNOWN AS MUROFF LAW FIRM, LLC)",PA,10000,1,1
"PACIFIC DEFENSE, LLC","ATS COMMUNICATIONS, INC. (DBA SILBEY STRATEGIES)",CA,15000,1,1
CAMBIUM BIOMATERIALS,"ATS COMMUNICATIONS, INC. (DBA SILBEY STRATEGIES)",CA,30000,1,1
"KARMAN-SD (FKA SYSTIMA TECHNOLOGIES, INC.)","ATS COMMUNICATIONS, INC. (DBA SILBEY STRATEGIES)",WA,25000,1,1
ALAKAI DEFENSE SYSTEMS,"ATS COMMUNICATIONS, INC. (DBA SILBEY STRATEGIES)",FL,20000,1,1
ASTRANIS SPACE TECHNOLOGIES CORP,"ATS COMMUNICATIONS, INC. (DBA SILBEY STRATEGIES)",CA,30000,1,1
AIM INTELLIGENT MACHINES,"ATS COMMUNICATIONS, INC. (DBA SILBEY STRATEGIES)",WA,30000,1,1
AUTONOMOUS DEFENSE TECHNOLOGIES CORP,"ATS COMMUNICATIONS, INC. (DBA SILBEY STRATEGIES)",VA,30000,1,1
FORTERRA (FKA RR.AI),"ATS COMMUNICATIONS, INC. (DBA SILBEY STRATEGIES)",MD,30000,1,1
CASTELION,"ATS COMMUNICATIONS, INC. (DBA SILBEY STRATEGIES)",CA,30000,1,1
PANTHEON DATA (FKA THE KENIFIC GROUP),"ATS COMMUNICATIONS, INC. (DBA SILBEY STRATEGIES)",VA,70000,1,1
"STAPLETON ASSOCIATES (ON BEHALF OF INQUISIT, LLC)","ATS COMMUNICATIONS, INC. (DBA SILBEY STRATEGIES)",VA,0,1,1
CLOROX CORPORATION,MR. PHILIP KLEIN,CA,12500,1,1
YMCA OF THE USA,YMCA OF THE USA,DC,110000,3,3
LOCKHEED MARTIN CORPORATION,PENN AVENUE PARTNERS,MD,50000,3,4
TUBA CITY REGIONAL HEALTH CARE CORPORATION,"THE TOMHAVE GROUP, INC.",AZ,22000,1,1
POWER SOLUTIONS INTERNATIONAL (PSI),THE LANDE GROUP,IL,30000,3,1
BATTLE CREEK UNLIMITED,"BLACKWELL STRATEGIC GROUP, LLC",MI,10000,3,1
RESEARCH!AMERICA,KEEFE STRATEGIES LLC FKA KEEFE SINGISER PARTNERS,VA,20000,1,1
THE CITY OF CRYSTAL CITY,LONE STAR CONSULTING,TX,10000,1,1
WOOLPERT CORPORATION,"WAYPOINT CONSULTING, LLC",OH,60000,1,1
"LA SALLE COUNTY, TEXAS",LONE STAR CONSULTING,TX,10000,1,1
"CITY OF PALACIOS, TEXAS",LONE STAR CONSULTING,TX,12000,1,1
TRIMBLE INC.,"WAYPOINT CONSULTING, LLC",CA,30000,1,1
UPPER JASPER COUNTY WATER AUTHORITY,LONE STAR CONSULTING,TX,0,1,1
CTS CEMENT MANUFACTURING CORPORATION,"WAYPOINT CONSULTING, LLC",CA,0,1,1
"CITY OF PHARR, TEXAS",LONE STAR CONSULTING,TX,15000,1,1
DELTA CAPITAL RESEARCH LLC,"WAYPOINT CONSULTING, LLC",MS,20000,1,1
CITY OF GRAND PRAIRIE,LONE STAR CONSULTING,TX,20000,1,1
RELIANCE AEROSPACE PRODUCTS & HOLDINGS,"WAYPOINT CONSULTING, LLC",TX,0,1,1
MEXIA ECONOMIC DEVELOPMENT CORPORATION,LONE STAR CONSULTING,TX,12000,1,1
TEXAS RESEARCH INTERNATIONAL - ENVIRONMENTAL GROUP,"WAYPOINT CONSULTING, LLC",TX,0,1,1
"DYNATEST US, INC","WAYPOINT CONSULTING, LLC",FL,20000,1,1
"CITY OF WILMER, TEXAS",LONE STAR CONSULTING,TX,10000,1,1
NASSAU SUFFOLK HOSPITAL COUNCIL,NASSAU SUFFOLK HOSPITAL COUNCIL,NY,10000,1,1
"SCHLEICHER COUNTY, TEXAS",LONE STAR CONSULTING,TX,0,1,1
"SHORELIGHT, LLC (FKA SHORELIGHT EDUCATION, LLC)","SHORELIGHT, LLC (FKA SHORELIGHT EDUCATION, LLC)",MA,48700,2,1
SACRAMENTO AREA FLOOD CONTROL AGENCY (SAFCA),MICHAEL STRACHN,CA,30000,2,1
WEST SACRAMENTO AREA FLOOD CONTROL AGENCY (WSAFCA),MICHAEL STRACHN,CA,20000,1,1
CREA,MG HOUSING STRATEGIES LLC,IN,60000,1,2
INLAND GROUP,MG HOUSING STRATEGIES LLC,WA,30000,1,2
THE PACIFIC COMPANIES,MG HOUSING STRATEGIES LLC,ID,30000,1,2
WENDOVER HOUSING PARTNERS,MG HOUSING STRATEGIES LLC,FL,30000,1,2
THE NRP GROUP,MG HOUSING STRATEGIES LLC,OH,30000,1,2
HNI CORPORATION,HNI CORPORATION,IA,25093,6,1
CHURCHILL STATESIDE,MG HOUSING STRATEGIES LLC,GA,20000,1,2
VITUS,MG HOUSING STRATEGIES LLC,WA,30000,1,2
COHNREZNICK LLP,MG HOUSING STRATEGIES LLC,NY,50000,1,2
LIHC INVESTMENT CORP,MG HOUSING STRATEGIES LLC,ME,10000,1,2
INSTITUTE FOR RESPONSIBLE HOUSING PRESERVATION,MG HOUSING STRATEGIES LLC,DC,30000,1,2
THE WINN COMPANIES,MG HOUSING STRATEGIES LLC,MA,20000,1,2
LINCOLN AVENUE CAPITAL,MG HOUSING STRATEGIES LLC,CA,20000,1,2
THE WISHCAMPER COMPANIES,MG HOUSING STRATEGIES LLC,ME,10000,1,2
HOUSING ADVISORY GROUP,MG HOUSING STRATEGIES LLC,OR,20000,1,2
CALIFORNIA COUNCIL FOR AFFORDABLE HOUSING,MG HOUSING STRATEGIES LLC,CA,30000,1,2
TULSA COMMUNITY COLLEGE,TULSA COMMUNITY COLLEGE,OK,0,1,1
TECHMET USA INC.,TECHMET USA INC.,DE,0,1,1
ROWEN FOUNDATION,"OHIO RIVER SOUTH, INC.",GA,32000,1,1
REINVENTING GEOSPATIAL INC.,"WAYPOINT CONSULTING, LLC",VA,10000,1,1
EARTH SCIENCE SYSTEMS (ESS),"WAYPOINT CONSULTING, LLC",CO,0,1,1
CALIFORNIA CLING PEACH GROWERS,"OLSSON, FRANK, WEEDA, TERMAN & MATZ, PC",CA,0,3,1
NEW DAWN LABS LLC,"WAYPOINT CONSULTING, LLC",OH,0,1,1
"LANTHEUS HOLDINGS, INC.","LANTHEUS HOLDINGS, INC.",MA,155000,1,1
CITY OF LITTLE ROCK,PETER DAMON GROUP LLC,AR,30000,1,1
CITY OF FORT SMITH,PETER DAMON GROUP LLC,AR,18675,1,1
STATE FEDERAL STRATEGIES ON BEHALF OF HEAT AND FROST INSULATORS (LMCT),PETER DAMON GROUP LLC,NJ,30000,2,2
NORFOLK SOUTHERN CORPORATION,"THOMAS ADVISORS, INC",DC,12000,1,2
BESI,PETER DAMON GROUP LLC,IL,60000,1,2
GLOBAL IMPACT SOCIAL WELFARE FUND,PETER DAMON GROUP LLC,VA,30000,1,2
"KASICH COMPANY, LLC ON BEHALF OF SCHOTTENSTEIN STORES CORPORATION",SKLADANY CONSULTING LLC,OH,20000,2,1
TRANSPORTATION INTERMEDIARIES ASSOCIATION,TRANSPORTATION INTERMEDIARIES ASSOCIATION,VA,120000,1,4
BOSSIER PARISH POLICE JURY,GOVERNMENT SOLUTIONS LLC,LA,20000,2,1
FEDERATION OF ELECTRIC POWER COS OF JAPAN,GEORGE H. DENISON,,0,1,1
"OTSUKA AMERICA PHARMACEUTICAL, INC.",GOVERNMENT SOLUTIONS LLC,MD,30000,3,1
PROENGLISH,PROENGLISH,DC,11986,1,1
PROENGLISH,PROENGLISH,DC,11986,1,1
"DRIVERDO LLC, DBA DRAIVER",PETER DAMON GROUP LLC,KS,15000,1,2
NATIONAL COMMODITY SUPPLEMENTAL FOOD PROGRAM ASSOCIATION,"OLSSON, FRANK, WEEDA, TERMAN & MATZ, PC",MO,0,2,1
"AMERICAN MALTING BARLEY ASSOCIATION, INC.","AMERICAN MALTING BARLEY ASSOCIATION, INC.",WI,0,1,2
"RIVIAN AUTOMOTIVE, LLC","RIVIAN AUTOMOTIVE, LLC",CA,40000,6,1
HATEZ CAPITAL,HATEZ CAPITAL,GA,0,1,1
AMERICAN COLLEGE OF CLINICAL PHARMACY,AMERICAN COLLEGE OF CLINICAL PHARMACY,DC,144981,5,2
MID-WEST ELECTRIC CONSUMER ASSOCIATION,MR. BARRY STRUMPF CONSULTING,CO,0,2,1
COALITION OF AIRLINE PILOTS ASSOCIATIONS,COALITION OF AIRLINE PILOTS ASSOCIATIONS,DC,0,1,3
LYNK GLOBAL INC (FKA UBIQUITILINK),CARPENTER STRATEGIC CONSULTING LLC,VA,20000,1,1
NASEO,MR. BARRY STRUMPF CONSULTING,VA,0,1,1
MOSAIK SOLUTIONS LLC (NOW DBA OOKLA),CARPENTER STRATEGIC CONSULTING LLC,WA,10000,1,1
PDV WIRELESS (NOW DBA ANTERIX),CARPENTER STRATEGIC CONSULTING LLC,VA,50000,2,1
"AMAC ACTION, INC.","AMAC ACTION, INC.",FL,130000,4,6
FRESENIUS MEDICAL CARE,"THE ONEILL GROUP, LLC",MA,30000,1,1
TRIWEST HEALTHCARE ALLIANCE CORP,"THE ONEILL GROUP, LLC",AZ,0,1,1
FEDERAL HOME LOAN BANK OF NEW YORK,THE ROYER LAW FIRM (FORMERLY ROYER & BROOKS),NY,60000,2,1
RENT-A-CENTER,THE ROYER LAW FIRM (FORMERLY ROYER & BROOKS),TX,50000,1,1
TRADE EXCHANGE OF AMERICA,THE ROYER LAW FIRM (FORMERLY ROYER & BROOKS),MI,0,1,1
"MONUMENT STRATEGIES, LLC",THE ROYER LAW FIRM (FORMERLY ROYER & BROOKS),DC,20000,2,1
CHURCHILL DOWNS INCORPORATED,CHURCHILL DOWNS INCORPORATED,KY,30000,1,1
"PYXUS INTERNATIONAL, INC.",THE ROYER LAW FIRM (FORMERLY ROYER & BROOKS),NC,15000,1,1
"STAPLETON ASSOCIATES (ON BEHALF OF INQUISIT, LLC)","ATS COMMUNICATIONS, INC. (DBA SILBEY STRATEGIES)",VA,10000,1,1
PANTHEON DATA (FKA THE KENIFIC GROUP),"ATS COMMUNICATIONS, INC. (DBA SILBEY STRATEGIES)",VA,70000,1,1
PARKER MEGGITT (FORMERLY MEGGITT USA),"ATS COMMUNICATIONS, INC. (DBA SILBEY STRATEGIES)",DC,30000,2,1
TRELLISWARE TECHNOLOGIES,"ATS COMMUNICATIONS, INC. (DBA SILBEY STRATEGIES)",CA,20000,1,1
"PACIFIC DEFENSE, LLC","ATS COMMUNICATIONS, INC. (DBA SILBEY STRATEGIES)",CA,15000,1,1
CAMBIUM BIOMATERIALS,"ATS COMMUNICATIONS, INC. (DBA SILBEY STRATEGIES)",CA,30000,1,1
"KARMAN-SD (FKA SYSTIMA TECHNOLOGIES, INC.)","ATS COMMUNICATIONS, INC. (DBA SILBEY STRATEGIES)",WA,25000,1,1
ALAKAI DEFENSE SYSTEMS,"ATS COMMUNICATIONS, INC. (DBA SILBEY STRATEGIES)",FL,20000,1,1
ASTRANIS SPACE TECHNOLOGIES CORP,"ATS COMMUNICATIONS, INC. (DBA SILBEY STRATEGIES)",CA,30000,1,1
"SLEEP, INC.","SLEEP, INC.",VA,0,3,1
COUNCIL OF INSTITUTIONAL INVESTORS,COUNCIL OF INSTITUTIONAL INVESTORS,DC,0,1,1
COMMERCIAL SPACEFLIGHT FEDERATION,COMMERCIAL SPACEFLIGHT FEDERATION,DC,40000,2,1
AIM INTELLIGENT MACHINES,"ATS COMMUNICATIONS, INC. (DBA SILBEY STRATEGIES)",WA,30000,1,1
AUTONOMOUS DEFENSE TECHNOLOGIES CORP,"ATS COMMUNICATIONS, INC. (DBA SILBEY STRATEGIES)",VA,30000,1,1
FORTERRA (FKA RR.AI),"ATS COMMUNICATIONS, INC. (DBA SILBEY STRATEGIES)",MD,30000,1,1
CASTELION,"ATS COMMUNICATIONS, INC. (DBA SILBEY STRATEGIES)",CA,30000,1,1
RESOLUTION COPPER COMPANY,POLICY DEVELOPMENT GROUP,AZ,0,1,3
TOYOTA MOTOR SALES INC,POLICY DEVELOPMENT GROUP,CA,0,1,3
HONORHEALTH FORMERLY KNOWN AS SCOTTSDALE HEALTHCARE,POLICY DEVELOPMENT GROUP,AZ,0,1,3
ADVANCED AIR,POLICY DEVELOPMENT GROUP,CA,0,1,3
CLEAN FREIGHT COALITION,MULLEN CONSULTING LLC,DC,62500,1,1
AMERICAN MEDICAL RESPONSE,POLICY DEVELOPMENT GROUP,AZ,0,1,3
"OLD DOMINION FREIGHT LINE, INC.","BC CONSULTING, LLC",NC,45000,1,1
WERNER ENTERPRISES,"BC CONSULTING, LLC",NE,45000,1,1
COMMUNITY MEDICAL SERVICES,POLICY DEVELOPMENT GROUP,AZ,0,1,2
"NATIONAL TANK TRUCK CARRIER, INC.","BC CONSULTING, LLC",VA,30000,1,1
STARR-CAMARGO BRIDGE COMPANY,"BC CONSULTING, LLC",TX,15000,1,1
BORDER TRADE ALLIANCE,"BC CONSULTING, LLC",WA,60000,2,1
FRESH PRODUCE ASSOCIATION OF THE AMERICAS,"BC CONSULTING, LLC",AZ,45000,1,1
"STRAUNS CUSTOMHOUSE BROKERS, LLC","BC CONSULTING, LLC",TX,7500,2,1
STEVENS TRUCKING,"BC CONSULTING, LLC",OK,30000,1,1
NATIONAL MOTOR FREIGHT TRAFFIC ASSOCIATION,"BC CONSULTING, LLC",VA,22500,1,1
"DCI GROUP, L.L.C. ON BEHALF OF SCM CONSULTING LIMITED","GLASSMAN ENTERPRISES, LLC",DC,50000,1,1
MIDCONTINENT INDEPENDENT TRANSMISSION SYSTEM OPERATOR (MISO) FKA MIDWEST INDEPEN,THE HARRIS FIRM,DC,50000,1,1
YOUNG PEOPLE'S ALLIANCE,YOUNG PEOPLE'S ALLIANCE,NC,0,1,1
HOLISTIC INDUSTRIES INC.,THE HARRIS FIRM,DC,50000,3,1
"INSPIRE BRANDS, INC.","INSPIRE BRANDS, INC.",GA,120000,3,3
INDEPENDENT BAKERS ASSOCIATION,"ROBERT N. PYLE & ASSOCIATES, INC.",DC,0,14,1
EDMUND OPTICS INC,MARSHALL BRACHMAN,NJ,15000,5,1
"EXELA PHARMA SCIENCES, LLC","OLD NORTH STRATEGIES, LLC",NC,108000,3,1
ZIONS BANCORP,MARSHALL BRACHMAN,UT,52500,2,1
NORTH CAROLINA FRATERNAL ORDER OF POLICE,"OLD NORTH STRATEGIES, LLC",NC,10500,1,1
ENCOURA (FORMERLY NAT'L RESEARCH CTR FOR COLLEGE AND UNIVERSITY ADMISSIONS),MARSHALL BRACHMAN,MO,54000,3,1
PETER DAMON GROUP ON BEHALF OF HEAT AND FROST INSULATORS LABOR MANAGEMENT,"OLD NORTH STRATEGIES, LLC",DC,22500,1,1
REFORM ACTION FUND,THE TOLMAN GROUP,DC,30000,1,1
"HEALTHPEAK PROPERTIES, INC. FKA PHYSICIANS REALTY TRUST",MARSHALL BRACHMAN,WI,27000,2,1
BESI,"OLD NORTH STRATEGIES, LLC",IL,10500,2,1
OKLAHOMA HEART HOSPITAL,MARSHALL BRACHMAN,OK,15000,2,1
"ACADEMIC PROGRAMS INTERNATIONAL, LLC",MARSHALL BRACHMAN,TX,15000,3,1
"PETER DAMON GROUP ON BEHALF OF DRIVERDO, LLC DBA DRAIVER","OLD NORTH STRATEGIES, LLC",DC,7500,1,1
COMCAST CORPORATION,LUMPKIN PUBLIC AFFAIRS LLC,PA,13500,1,1
INDUSTRY COUNCIL FOR TANGIBLE ASSETS,WASHINGTON MATTERS LLC,GA,0,1,1
VIRGINIA COMMONWEALTH UNIVERSITY,VIRGINIA COMMONWEALTH UNIVERSITY,VA,40000,2,1
GOVERNMENTAL STRATEGIES INC (ON BEHALF OF THE DECOMMISSIONING PLANT COALITION),CCMSC CORPORATION,VA,5000,1,1
GRANT THORNTON ADVISORS LLC FKA GRANT THORNTON LLP,MARSHALL BRACHMAN,VA,37500,5,1
GOVERNMENTAL STRATEGIES INC (ON BEHALF OF WASTE CONTROL SPECIALISTS,CCMSC CORPORATION,VA,5000,1,1
GOVERNMENTAL STRATEGIES INC (ON BEHALF OF ORANOUSA LLC),CCMSC CORPORATION,VA,0,1,1
PET INDUSTRY JOINT ADVISORY COUNCIL,PET INDUSTRY JOINT ADVISORY COUNCIL,VA,0,1,4
NATIONAL ASSOCIATION OF HOUSING COOPERATIVES,NATIONAL ASSOCIATION OF HOUSING COOPERATIVES,DC,0,3,1
NATIONAL ASSOCIATION OF HOUSING COOPERATIVES,NATIONAL ASSOCIATION OF HOUSING COOPERATIVES,DC,0,3,1
KELLEY DRYE & WARREN,"CAPITOL CONNECTIONS, LLC",DC,12000,4,1
NATURAL FIBER ALLIANCE,"CAPITOL CONNECTIONS, LLC",DC,10000,2,1
UNITED STATES ASSOCIATION OF REPTILE KEEPERS,"CAPITOL CONNECTIONS, LLC",IN,15000,2,1
FUR COMMISSION USA (FKA CHALLIS HOBBS),"CAPITOL CONNECTIONS, LLC",ID,10000,1,1
CSL AMERICAS,"CAPITOL CONNECTIONS, LLC",MA,20000,1,1
"MARITIME TACTICAL SYSTEMS, INC. (MARTAC)","MARITIME TACTICAL SYSTEMS, INC. (MARTAC)",FL,0,1,1
MIRABELLA SG SPA,"BROADWATER INTERNATIONAL, INC.",,40000,1,1
EQUASPACE,"CHRISTOPHERSON ADVOCATES, LLC",MN,10000,1,3
ALASKA VILLAGE ELECTRIC COOPERATIVE,MARKLEY AND COMPANY,AK,0,1,1
PEOPLE SERVING PEOPLE INC,"CHRISTOPHERSON ADVOCATES, LLC",MN,10000,1,3
ALASKA ELECTRIC LIGHT & POWER CO,MARKLEY AND COMPANY,AK,0,1,1
180 DEGREES,"CHRISTOPHERSON ADVOCATES, LLC",MN,10000,1,3
COORSTEK INC,"COORSTEK, INC.",CO,25000,5,1
INSIDE PASSAGE ELECTRIC COOPERATIVE,MARKLEY AND COMPANY,AK,12500,1,1
"CITY OF HOONAH, ALASKA",MARKLEY AND COMPANY,AK,0,1,1
NATIONAL READY MIXED CONCRETE ASSOCIATION,"REPUBLIC CONSULTING, LLC",MD,40000,1,2
DAVITA INC.,TOM BRADLEY HEALTH POLICY LLC,DC,30000,1,1
"NORDIC AMMUNITION COMPANY (D/B/A NAMMO, INC.)","REPUBLIC CONSULTING, LLC",VA,40000,1,3
NUSHAGAK COOPERATIVE,MARKLEY AND COMPANY,AK,0,1,1
IQVIA,"REPUBLIC CONSULTING, LLC",NJ,60000,3,1
WW INTERNATIONAL (FORMERLY KNOWN AS WEIGHT WATCHERS),"REPUBLIC CONSULTING, LLC",NY,20000,2,1
WORLD COFFEE RESEARCH,JENNIFER CUPP,OR,0,3,1
NAKNEK ELECTRIC ASSOCIATION,MARKLEY AND COMPANY,AK,0,1,1
REPUBLIC MISSION SYSTEMS,"REPUBLIC CONSULTING, LLC",VA,0,1,2
UNIVERSITY OF KANSAS,UNIVERSITY OF KANSAS,DC,60000,5,1
AEVEX AEROSPACE,"REPUBLIC CONSULTING, LLC",CA,60000,1,2
MCKEE FOODS,"ROBERT N. PYLE & ASSOCIATES, INC.",TN,0,4,1
GRAVITY DIAGNOSTICS,"REPUBLIC CONSULTING, LLC",KY,20000,1,3
COPPER VALLEY ELECTRIC ASSOCIATION,MARKLEY AND COMPANY,AK,22500,1,1
WELCH'S,"ROBERT N. PYLE & ASSOCIATES, INC.",MA,0,3,1
KAGWERKS,"REPUBLIC CONSULTING, LLC",WA,30000,1,2
ERAMET MARIETTA INC,"ROBERT N. PYLE & ASSOCIATES, INC.",OH,0,4,1
ALASKA POWER ASSOCIATION,MARKLEY AND COMPANY,AK,0,1,1
ALARE TECHNOLOGIES,"REPUBLIC CONSULTING, LLC",CA,50000,1,2
A2G INTERNATIONAL LLC,"REPUBLIC CONSULTING, LLC",FL,20000,1,2
"G3 TECHNOLOGIES, INC.","REPUBLIC CONSULTING, LLC",MD,30000,1,2
M FINANCIAL,M FINANCIAL,OR,45000,3,1
AT SYSTEMS LLC,"REPUBLIC CONSULTING, LLC",TX,20000,1,2
NATIONAL SAFETY COUNCIL,NATIONAL SAFETY COUNCIL,IL,20000,5,1
AMERICAN COMMITTEE FOR THE WEIZMANN INSTITUTE OF SCIENCE,NXG GLOBAL LAW & COMPLIANCE PLLC,NY,0,1,1
INTERNATIONAL ASSOCIATION OF REFRIGERATED WAREHOUSES,INTERNATIONAL ASSOCIATION OF REFRIGERATED WAREHOUSES,VA,20000,5,2
AGRICULTURAL & APPLIED ECONOMICS ASSOCIATION,"THE RANDEL GROUP, LLC",WI,20000,2,1
ALLIANCE FOR A STRONGER FDA,"OLSSON, FRANK, WEEDA, TERMAN & MATZ, PC",MD,50000,1,3
GRAVITICS,TECHNOLOGY STRATEGIES LLC,CO,30000,2,1
LOCKHEED MARTIN AERONAUTIC SECTOR,MARSHALL BRACHMAN,TX,34310,4,1
THREE RIVERS PLANNING & DEVELOPMENT DISTRICT,BUTLER SNOW LLP,MS,0,2,1
MADISON COUNTY BOARD OF SUPERVISORS,BUTLER SNOW LLP,MS,45000,2,1
"HELIX, INC.","HELIX, INC.",CA,80000,4,1
NATIONAL ASSOCIATION OF INSURANCE AND FINANCIAL ADVISORS,DANEA KEHOE,DC,10000,2,1
RIGHT AT HOME,DANEA KEHOE,NE,0,2,1
TAXBIT,TAXBIT,VA,170000,1,1
PHARMACEUTICAL INDUSTRY LABOR MANAGEMENT ASSOCIATION,E3 STRATEGIC CONSULTING GROUP,VA,30000,1,1
ATRIUM,"CASSIDY & ASSOCIATES, INC.",NC,40000,2,2
LOUISIANA SHERIFFS' ASSOCIATION,"DOUCET CONSULTING SOLUTIONS, LLC",LA,10000,5,1
FRIEDKIN GROUP,"DOUCET CONSULTING SOLUTIONS, LLC",TX,20000,1,1
CROWDPULSE LLC,"CASSIDY & ASSOCIATES, INC.",FL,50000,2,3
FORBES TATE PARTNERS ON BEHALF OF COALITION FOR APP FAIRNESS,"PREVAIL COMMUNICATIONS, LLC",DC,0,2,1
THE BORDERPLEX ALLIANCE,"DOUCET CONSULTING SOLUTIONS, LLC",TX,20000,1,1
NORTH CAROLINA STATE PORTS AUTHORITY,"CASSIDY & ASSOCIATES, INC.",NC,50000,3,2
DISPOSERX,FROST BROWN TODD LLC,NC,20000,1,2
U.S. HEMP ROUNDTABLE,FROST BROWN TODD LLC,KY,80000,1,2
PRYSMIAN GROUP,FROST BROWN TODD LLC,KY,50000,1,2
AMERICAN AIRLINES,"CASSIDY & ASSOCIATES, INC.",DC,50000,2,1
LAW ENFORCEMENT AGAINST DRUGS (L.E.A.D.),FROST BROWN TODD LLC,NJ,30000,2,2
FORT WORTH ZOO,"CAPITOL CONNECTIONS, LLC",TX,0,2,1
CORRECTIONAL VENDORS ASSOCIATION,THE LEONARD GROUP,DC,70000,1,2
AMERICAN CLEAN POWER ASSOCIATION,"CASSIDY & ASSOCIATES, INC.",DC,60000,2,4
AT GOVERNMENT STRATEGIES ON BEHALF OF THE ST LOUIS ECONOMIC DEVELOPMENT PARTNERS,"CASSIDY & ASSOCIATES, INC.",MO,30000,2,1
ATLAS AIR WORLDWIDE,"CASSIDY & ASSOCIATES, INC.",DC,50000,4,1
"AMERICAN RHEINMETALL MUNITIONS, INC.","CASSIDY & ASSOCIATES, INC.",VA,40000,1,4
BRIAN GLACKIN AND ASSOCIATES ON BEHALF OF MCCORD HEALTH,"CASSIDY & ASSOCIATES, INC.",WA,10000,4,1
NATIONAL ASSOCIATION OF POSTAL SUPERVISORS,NATIONAL ASSOCIATION OF POSTAL SUPERVISORS,VA,26250,7,1
CITY OF FLAGSTAFF,"NEXXUS CONSULTING, LLC",AZ,20000,1,2
GRAND RIVER BANDS OF OTTAWA INDIANS,"NEXXUS CONSULTING, LLC",MI,20000,1,2
CITY OF MARICOPA,"NEXXUS CONSULTING, LLC",AZ,20000,1,2
NORTHERN ARIZONA INTERGOVERNMENTAL PUBLIC TRANSPORTATION AUTHORITY,"NEXXUS CONSULTING, LLC",AZ,20000,1,2
CITY OF WINSLOW,"NEXXUS CONSULTING, LLC",AZ,20000,1,2
COCONINO COUNTY,"NEXXUS CONSULTING, LLC",AZ,30000,2,2
CITY OF TOLLESON,"NEXXUS CONSULTING, LLC",AZ,20000,1,2
PIMA COUNTY,"NEXXUS CONSULTING, LLC",AZ,30000,1,2
SALT RIVER PROJECT,"NEXXUS CONSULTING, LLC",DC,20000,2,2
TOWN OF SUPERIOR (ARIZONA),"NEXXUS CONSULTING, LLC",AZ,20000,2,2
"CITY OF DOUGLAS, ARIZONA","NEXXUS CONSULTING, LLC",AZ,20000,1,2
"CITY OF GLOBE, ARIZONA","NEXXUS CONSULTING, LLC",AZ,20000,1,2
"MOUNTAIN CAPITAL PARTNERS, LLC","NEXXUS CONSULTING, LLC",CO,20000,1,2
CITY OF BUCKEYE (ARIZONA),"NEXXUS CONSULTING, LLC",AZ,40000,2,2
SANTA CRUZ COUNTY,"NEXXUS CONSULTING, LLC",AZ,30000,1,2
CHILDREN'S MUSEUM TUCSON,"NEXXUS CONSULTING, LLC",AZ,20000,1,2
KB HOME,"NEXXUS CONSULTING, LLC",CA,15000,1,2
ARIZONA DEPARTMENT OF TRANSPORTATION,"NEXXUS CONSULTING, LLC",AZ,30000,1,2
TOWN OF SAHUARITA,"NEXXUS CONSULTING, LLC",AZ,10000,1,2
TRI-CITY REGIONAL SANITARY DISTRICT,"NEXXUS CONSULTING, LLC",AZ,10000,1,2
"HYDRONALIX, INC.","NEXXUS CONSULTING, LLC",AZ,20000,1,2
KAMAN AEROSPACE CORPORATION,GRIFFIN GLOBAL OUTREACH LLC,CT,20000,2,1
CITY OF GOODYEAR (ARIZONA),"NEXXUS CONSULTING, LLC",AZ,10000,1,2
COUNCIL FOR AFFORDABLE HEALTH COVERAGE,HORIZON GOVERNMENT AFFAIRS,,20000,1,2
"ENGINEERING AND SOFTWARE SYSTEM SOLUTIONS, INC. DBA ES3",GRIFFIN GLOBAL OUTREACH LLC,CA,20000,2,1
"MAZTECH INDUSTRIES, LLC",GRIFFIN GLOBAL OUTREACH LLC,CA,10000,2,1
LUMIBIRD PHOTONICS USA (FORMERLY QUANTEL USA),GRIFFIN GLOBAL OUTREACH LLC,MT,10000,2,1
"DIRECT CHASSISLINK, INC.","DIRECT CHASSISLINK, INC.",NC,162305,1,1
DIRECT SELLING ASSOCIATION,DIRECT SELLING ASSOCIATION,DC,0,3,2
NATIONAL ROOFING CONTRACTORS ASSOCIATION,NATIONAL ROOFING CONTRACTORS ASSOCIATION,DC,200000,12,3
OCCIDENTAL PETROLEUM CORPORATION,GTB PARTNERS,DC,20000,3,3
"ADVANCING MENTAL HEALTH FOR MILITARY FAMILIES, LLC","CASSIDY & ASSOCIATES, INC.",DE,50000,4,2
AIRBUS AMERICAS INC,"CASSIDY & ASSOCIATES, INC.",VA,60000,5,5
ALTRIA CLIENT SERVICES LLC,SLAIMAN CONSULTING LLC,DC,40000,1,1
DRAFTKINGS,SLAIMAN CONSULTING LLC,MA,30000,1,1
CRYSTALLEX,SLAIMAN CONSULTING LLC,,30000,1,1
INTERNATIONAL CODE COUNCIL,SLAIMAN CONSULTING LLC,DC,40000,1,1
BAE SYSTEMS INC.,"CASSIDY & ASSOCIATES, INC.",VA,80000,2,4
ENANTA PHARMACEUTICALS,SLAIMAN CONSULTING LLC,MA,0,1,1
CORPUS CHRISTI REGIONAL TRANSPORTATION AUTHORITY,"CASSIDY & ASSOCIATES, INC.",TX,30000,1,2
AMERICAN COMMERCIAL BARGE LINE LLC,"AMERICAN COMMERCIAL BARGE LINES, LLC",IN,0,3,1
UNIVERSITY OF NORTH TEXAS SYSTEM,"CONGRESSIONAL SOLUTIONS, INC (CSI)",TX,40000,1,1
COMMAND STRATEGIES ON BEHALF OF NORTHERN ARIZONA UNIVERSITY,"CONGRESSIONAL SOLUTIONS, INC (CSI)",VA,36000,1,1
CROWLEY MARITIME,"CASSIDY & ASSOCIATES, INC.",FL,50000,3,5
CALPINE CORPORATION,"CASSIDY & ASSOCIATES, INC.",TX,90000,1,2
SOLARCORE (FKA OROS),"CONGRESSIONAL SOLUTIONS, INC (CSI)",OR,15000,1,1
CTC GLOBAL,"CASSIDY & ASSOCIATES, INC.",CA,50000,2,3
HILCORP ENERGY COMPANY,"UNITED BY INTEREST, LLC.",TX,60000,2,8
NORTHEASTERN UNIVERSITY,"CONGRESSIONAL SOLUTIONS, INC (CSI)",MA,30000,1,1
COMMONSPIRIT HEALTH,"CASSIDY & ASSOCIATES, INC.",CA,60000,1,4
"CRH AMERICAS, INC","CASSIDY & ASSOCIATES, INC.",GA,20000,1,1
DISH NETWORK,"CASSIDY & ASSOCIATES, INC.",DC,60000,1,4
PREVENT BLINDNESS,HEALTH AND MEDICINE COUNSEL,IL,7500,2,2
AMERICAN CHIROPRACTIC ASSOCIATION,AMERICAN CHIROPRACTIC ASSOCIATION,VA,92100,3,1
DUN & BRADSTREET,"CASSIDY & ASSOCIATES, INC.",NJ,50000,3,3
CITY OF SHORELINE,"JOHNSTON GROUP, LLC",WA,20000,2,1
RARE ELEMENT RESOURCES,"MCMURRAY STRATEGY GROUP, LLC",CO,10500,1,1
EOG RESOURCES,"CASSIDY & ASSOCIATES, INC.",TX,60000,2,4
CITY OF MOUNTLAKE TERRACE,"JOHNSTON GROUP, LLC",WA,10000,2,1
CITY OF LAKEWOOD,"JOHNSTON GROUP, LLC",WA,20000,3,1
ASTRIA HEALTH (FORMERLY KNOWN AS SUNNYSIDE COMMUNITY HOSPITAL),"JOHNSTON GROUP, LLC",WA,10000,3,1
CHARTER COMMUNICATIONS INC,WILMER CUTLER PICKERING HALE AND DORR LLP,DC,40000,1,1
CITY OF LAKE FOREST PARK,"JOHNSTON GROUP, LLC",WA,10000,2,1
ISLAND HOSPITAL,"JOHNSTON GROUP, LLC",WA,10000,3,1
INTERNATIONAL ANTICOUNTERFEITING COALITION INC,"THE INTERNATIONAL ANTICOUNTERFEITING COALITION, INC.",DC,10000,2,1
CITY OF BREMERTON,"JOHNSTON GROUP, LLC",WA,0,3,1
SAMARITAN HEALTHCARE,"JOHNSTON GROUP, LLC",WA,10000,3,1
THE LIVINGSTON GROUP ON BEHALF OF RARE ELEMENT RESOURCES,MR. RON MCMURRAY,DC,6000,1,1
CITY OF MOUNT VERNON,"JOHNSTON GROUP, LLC",WA,10000,2,1
JEFFERSON HEALTHCARE,"JOHNSTON GROUP, LLC",WA,10000,2,1
CITY OF WOODINVILLE,"JOHNSTON GROUP, LLC",WA,10000,2,1
TRI STATE MEMORIAL HOSPITAL,"JOHNSTON GROUP, LLC",WA,10000,2,1
CURRY HEALTH NETWORK,"JOHNSTON GROUP, LLC",OR,10000,2,1
"CARFAX, INC.","CARFAX, INC.",VA,0,1,1
"CITY OF BURIEN, WA","JOHNSTON GROUP, LLC",WA,15000,3,1
SKYLINE HEALTH,"JOHNSTON GROUP, LLC",WA,10000,2,1
OLYMPIC MEDICAL CENTER,"JOHNSTON GROUP, LLC",WA,10000,3,1
GARFIELD COUNTY HOSPITAL DISTRICT,"JOHNSTON GROUP, LLC",WA,10000,2,1
ALLIANCE FOR PHYSICAL THERAPY QUALITY AND INNOVATION,ALLIANCE FOR PHYSICAL THERAPY QUALITY AND INNOVATION,DC,80000,1,1
FCA INTERNATIONAL,"OSCAR POLICY GROUP, LLC",IL,25000,1,1
FINISHING TRADES INSTITUTE OF THE MID ATLANTIC REGION,"OSCAR POLICY GROUP, LLC",PA,9000,1,1
STEAMFITTERS LOCAL 420,"OSCAR POLICY GROUP, LLC",PA,12000,2,1
EXPEDIA INC.,"CASSIDY & ASSOCIATES, INC.",DC,40000,2,3
NATIONAL ELECTRICAL CONTRACTORS ASSOCIATION - PENN-DEL-JERSEY CHAPTER,"OSCAR POLICY GROUP, LLC",PA,0,1,1
AMERICAN SUBCONTRACTOR ASSOCIATION,"OSCAR POLICY GROUP, LLC",VA,30000,1,1
AMERICAN COUNCIL OF INDEPENDENT LABORATORIES,"OSCAR POLICY GROUP, LLC",DC,20000,4,1
CARPENTERS' COMPANY OF THE CITY AND COUNTY OF PHILADELPHIA,"OSCAR POLICY GROUP, LLC",PA,0,2,1
UNIVERSITY OF ILLINOIS,"TUSK STRATEGIES, LLC",IL,7500,1,1
"AGRI-MARK, INC","OSCAR POLICY GROUP, LLC",MA,10000,1,1
"UPSTATE NIAGARA COOPERATIVE, INC.","OSCAR POLICY GROUP, LLC",NY,10000,1,1
BIG BROTHERS BIG SISTERS INDEPENDENCE REGION,"OSCAR POLICY GROUP, LLC",PA,0,1,1
BIG BROTHERS BIG SISTERS MIDDLE TENNESSEE,"OSCAR POLICY GROUP, LLC",TN,0,1,1
GOGIG INC.,FORZA 151 STRATEGIES,FL,0,1,1
AMERICA OUTDOORS ASSOCIATION,FORZA 151 STRATEGIES,TN,0,1,1
BIG BROTHERS BIG SISTERS NEW YORK CITY,"OSCAR POLICY GROUP, LLC",NY,0,1,1
"MONROE ENERGY, LLC","OSCAR POLICY GROUP, LLC",PA,10000,1,1
CITY OF ENID,MR. MICHAEL COOPER,OK,30000,1,1
LABOR & ENERGY ALLIANCE,"OSCAR POLICY GROUP, LLC",PA,9000,1,1
MONTE SANO RESEARCH,"AGM CONSULTING SERVICES, INC.",AL,22500,1,1
TRIDEUM CORPORATION,"AGM CONSULTING SERVICES, INC.",AL,22500,1,1
IERUS TECHNOLOGIES,"AGM CONSULTING SERVICES, INC.",AL,22500,1,1
I3 CORPORATION,"AGM CONSULTING SERVICES, INC.",AL,22500,1,1
"1ST-EDGE, LLC","AGM CONSULTING SERVICES, INC.",AL,12750,1,1
HILL TECHNICAL SOLUTIONS,"AGM CONSULTING SERVICES, INC.",AL,22500,1,1
HOUSING PARTNERSHIP NETWORK INC,"THE HOUSING PARTNERSHIP NETWORK, INC.",MA,0,2,2
EXPERIMENTAL AIRCRAFT ASSOCIATION INC,"EXPERIMENTAL AIRCRAFT ASSOCIATION, INC.",WI,60000,1,1
GREATER COLUMBIA CHAMBER OF COMMERCE,"CASSIDY & ASSOCIATES, INC.",SC,30000,3,2
GHOST ROBOTICS CORPORATION,"CASSIDY & ASSOCIATES, INC.",PA,50000,2,2
GHOSTWORKS MARINE,"CASSIDY & ASSOCIATES, INC.",MI,40000,3,3
MESSER,"CASSIDY & ASSOCIATES, INC.",NJ,40000,1,1
MEDICAL PROPERTIES TRUST,"CASSIDY & ASSOCIATES, INC.",AL,60000,4,2
SOUTH DAKOTA ELLSWORTH DEVELOPMENT AUTHORITY,"DEFENSE CONSULTING GROUP, LLC",SD,32000,3,1
NORTHERN ARIZONA UNIVERSITY FOUNDATION,"CASSIDY & ASSOCIATES, INC.",AZ,50000,1,1
"PANHANDLE PLAINS HIGHER EDUCATION AUTHORITY, INC.",COLUMBIA STRATEGIC COUNSEL,TX,10000,2,1
SULLIVAN STRATEGIES OBO ODOT,COLUMBIA STRATEGIC COUNSEL,DC,10000,2,1
SOCIAL CURRENT,SOCIAL CURRENT,DC,0,1,1
"NIMITZ GROUP, LLC","CASSIDY & ASSOCIATES, INC.",TN,30000,1,3
"NORTH AMERICAN RESCUE, LLC","NORTH AMERICAN RESCUE, LLC",SC,10000,2,1
ALLIANCE FOR COMMUNITY MEDIA,MR. MIKE WASSENAAR,MN,10000,1,1
NATIONAL ASPHALT PAVEMENT ASSOCIATION,"CASSIDY & ASSOCIATES, INC.",MD,20000,1,1
AMERICAN LUNG ASSOCIATION,HEALTH AND MEDICINE COUNSEL,DC,10000,2,2
ASSOCIATION OF MINORITY HEALTH PROFESSIONS SCHOOLS,HEALTH AND MEDICINE COUNSEL,TX,10000,2,3
DIGESTIVE DISEASE NATIONAL COALITION,HEALTH AND MEDICINE COUNSEL,TX,10000,2,3
DYSTONIA MEDICAL RESEARCH FOUNDATION,HEALTH AND MEDICINE COUNSEL,TX,10000,2,2
ST GEORGE'S UNIVERSITY SCHOOL OF MEDICINE,HEALTH AND MEDICINE COUNSEL,TX,10000,2,3
AMERICAN THORACIC SOCIETY,HEALTH AND MEDICINE COUNSEL,DC,10000,2,3
MOREHOUSE SCHOOL OF MEDICINE,HEALTH AND MEDICINE COUNSEL,GA,10000,2,3
NATIONAL AHEC ORGANIZATION,HEALTH AND MEDICINE COUNSEL,PA,8500,2,3
PULMONARY HYPERTENSION ASSOCIATION,HEALTH AND MEDICINE COUNSEL,MD,10000,2,2
ACCESSIA HEALTH (FORMERLY PATIENT SERVICES INCORPORATED),HEALTH AND MEDICINE COUNSEL,VA,5000,2,3
AMERICAN BAR ASSOCIATION,CHRIS KATOPIS,DC,34875,1,1
ORASURE TECHNOLOGIES INC,HEALTH AND MEDICINE COUNSEL,PA,10000,2,3
NATIONAL COUNCIL FOR DIVERSITY IN HEALTH PROFESSIONS,HEALTH AND MEDICINE COUNSEL,CA,0,2,3
COALITION FOR CLINICAL & TRANSLATIONAL SCIENCE (FORMERLY JOINT ADVOCACY COALIT.),HEALTH AND MEDICINE COUNSEL,NC,0,2,3
NATIONAL SCLERODERMA FOUNDATION,HEALTH AND MEDICINE COUNSEL,TX,10000,2,2
"PARTS LIFE, INC.","CASSIDY & ASSOCIATES, INC.",NJ,30000,3,3
INTERSTITIAL CYSTITIS ASSOCIATION,HEALTH AND MEDICINE COUNSEL,MD,10000,2,2
U.S. HEREDITARY ANGIOEDEMA ASSOCIATION,HEALTH AND MEDICINE COUNSEL,HI,10000,2,2
SLEEP RESEARCH SOCIETY,HEALTH AND MEDICINE COUNSEL,IL,10000,2,3
TUSKEGEE UNIVERSITY COLLEGE OF VETERINARY MEDICINE,HEALTH AND MEDICINE COUNSEL,AL,10000,2,3
NATIONAL ALOPECIA AREATA FOUNDATION,HEALTH AND MEDICINE COUNSEL,CA,10000,2,2
PACIFIC GAS & ELECTRIC,"CASSIDY & ASSOCIATES, INC.",DC,40000,2,2
GBS/CIDP FOUNDATION INTERNATIONAL,HEALTH AND MEDICINE COUNSEL,PA,10000,2,2
AMERICAN ASSOCIATION OF NEUROMUSCULAR & ELECTRODIAGNOSTIC MEDICINE,HEALTH AND MEDICINE COUNSEL,MN,10000,2,3
"NUTRITION & MED. FOODS COALITION (FORMERLY ENTERA HEALTH, INC.)",HEALTH AND MEDICINE COUNSEL,NC,10000,2,3
"METAVIVOR RESEARCH AND SUPPORT, INC.",HEALTH AND MEDICINE COUNSEL,MD,0,2,2
THE NATIONAL PANCREAS FOUNDATION,HEALTH AND MEDICINE COUNSEL,MD,0,2,2
"RESTLESS LEGS SYNDROME FOUNDATION, INC",HEALTH AND MEDICINE COUNSEL,TX,8500,2,2
LYMPHATIC EDUCATION & RESEARCH NETWORK,HEALTH AND MEDICINE COUNSEL,NY,6000,2,2
PROJECT SLEEP,HEALTH AND MEDICINE COUNSEL,CA,0,2,2
EPILEPSY FOUNDATION,HEALTH AND MEDICINE COUNSEL,MD,0,2,2
NATIONAL ECZEMA ASSOCIATION,HEALTH AND MEDICINE COUNSEL,CA,0,2,2
THE PRIMARY CARE COLLABORATIVE,PLATFORM GOVERNMENT STRATEGIES,DC,30000,2,1
HOPE CHARITIES,HEALTH AND MEDICINE COUNSEL,DC,0,2,2
CHRONIC DISEASE DAY/CHRONIC DISEASE ALLIANCE,HEALTH AND MEDICINE COUNSEL,DC,0,2,2
WAIHA WARRIORS,HEALTH AND MEDICINE COUNSEL,DC,0,2,2
CHOOSE HEALTHY LIFE,HEALTH AND MEDICINE COUNSEL,DC,0,2,3
PLATELET DISORDER SUPPORT ASSOCIATION,HEALTH AND MEDICINE COUNSEL,OH,0,2,2
THE LIVINGSTON GROUP ON BEHALF OF INNOVATIVE VACCINE TECHNOLOGIES,"MAGILL ASSOCIATES, LLC",DC,20000,2,1
UNIVERSITY OF ST AUGUSTINE FOR HEALTH SCIENCES,HEALTH AND MEDICINE COUNSEL,FL,0,1,3
"PF CARRUS CAREERS, LLC",HEALTH AND MEDICINE COUNSEL,PA,0,2,2
TUFT'S FOOD IS MEDICINE INSTITUTE,HEALTH AND MEDICINE COUNSEL,MA,0,2,2
JAPAN AUTOMOBILE STANDARDS INTERNATIONALIZATION CENTER,JAPAN AUTOMOBILE STANDARDS INTERNATIONALIZATION CENTER,DC,0,1,1
GLOBAL TECHNICAL SYSTEMS,"MAGILL ASSOCIATES, LLC",VA,30000,1,1
JEWISH WOMEN INTERNATIONAL,JEWISH WOMEN INTERNATIONAL,DC,10000,4,1
"CADENCE DESIGN SYSTEMS, INC","MAGILL ASSOCIATES, LLC",CA,20000,1,1
H LEE MOFFITT CANCER CENTER & RESEARCH INSTITUTE,H. LEE MOFFITT CANCER CENTER & RESEARCH INSTITUTE,FL,120000,2,2
ARTICHOKE JOE'S CASINO,"GALLANT GOVERNMENT & LAW GROUP, LLC",CA,10000,1,1
PRIDE INDUSTRIES,"CASSIDY & ASSOCIATES, INC.",CA,10000,3,1
"ESSENTIUM, INC.",LIVE OAK STRATEGIES,TX,50000,1,2
NEWSMAX,LIVE OAK STRATEGIES,FL,30000,1,1
JST STRATEGIC TECHNOLOGIES,LIVE OAK STRATEGIES,TX,90000,1,1
"PEGASYSTEMS, INC.","CASSIDY & ASSOCIATES, INC.",MA,40000,1,3
UNITED STATES PARK POLICE FRATERNAL ORDER OF POLICE LABOR COMMITTEE,"GALLANT GOVERNMENT & LAW GROUP, LLC",DC,20000,1,1
"R2C, INC.",LIVE OAK STRATEGIES,AL,30000,1,2
PRAESES,"CASSIDY & ASSOCIATES, INC.",LA,40000,1,2
CHICAGO COMMONS ASSOCIATION,"KAZMI ADVISORS, LLC",IL,0,1,1
SOCIETY OF ACTUARIES,"CASSIDY & ASSOCIATES, INC.",IL,20000,4,3
TELEKOM SRBIJA,INTERLINK CAPITAL STRATEGIES,,0,1,2
KLEIN LAW GROUP PLLC,"GALLANT GOVERNMENT & LAW GROUP, LLC",DC,0,2,1
"8X8, INC.","GALLANT GOVERNMENT & LAW GROUP, LLC",CA,20000,1,1
LEIDOS,"PARK GOVERNMENT RELATIONS, LLC",DC,30000,1,1
CITY OF ATLANTIS,GENESIS PARTNERS PALM BEACH LLC,FL,0,2,1
ALTRIA CLIENT SERVICES LLC,RICHARD F. HOHLT,NY,49500,1,1
DAVITA,"PARK GOVERNMENT RELATIONS, LLC",CO,50000,1,1
PINNACLE WEST CAPITAL CORPORATION,RICHARD F. HOHLT,DC,0,4,1
NATIONAL COUNCIL OF NONPROFITS (FORMERLY KNOWN AS THE NATIONAL COUNCIL OF NONPRO,NATIONAL COUNCIL OF NONPROFITS (FORMERLY KNOWN AS THE NATIONAL COUNCIL OF NONPRO,DC,30000,4,4
"MEDICOM TECHNOLOGIES, INC","PARK GOVERNMENT RELATIONS, LLC",NC,60000,1,1
BURFORD CAPITAL LLC,BURFORD CAPITAL LLC,NY,110000,1,1
AMERICAN HORSE COUNCIL,WAYPOINT STRATEGIES LLC,DC,8000,3,1
STM,"WEINREICH STRATEGIC GROUP, INC.",,20000,3,1
MOLSON COORS BEVERAGE COMPANY,BLOOM STRATEGIC COUNSEL,CO,20000,1,1
BRADLEY UNIVERSITY,"CASSIDY & ASSOCIATES, INC.",IL,50000,1,1
"COOK INLET SPILL PREVENTION AND RESPONSE, INC.","COOK INLET SPILL PREVENTION AND RESPONSE, INC.",AK,10000,2,1
COMMONWEALTH FUSION SYSTEMS,"THE DESNER GROUP, LLC",MA,10000,2,1
SWITCH,"CASSIDY & ASSOCIATES, INC.",NV,50000,3,2
"AMICUS THERAPEUTICS, INC.",HORIZON GOVERNMENT AFFAIRS,NJ,10000,1,1
NATIONAL ASSOCIATION OF UNIVERSITY FOREST RESOURCE PROGRAMS,DENTONS US LLP,VA,20000,1,1
"DAVITA, INC.",HORIZON GOVERNMENT AFFAIRS,CO,20000,1,3
INTERWELL HEALTH,HORIZON GOVERNMENT AFFAIRS,MA,20000,1,3
STRIVE HEALTH,HORIZON GOVERNMENT AFFAIRS,CO,20000,1,3
"SUPERNAL, LLC","CASSIDY & ASSOCIATES, INC.",DC,40000,2,2
US RENAL CARE,HORIZON GOVERNMENT AFFAIRS,TX,20000,1,3
TEXAS STATE DEVELOPMENT FOUNDATION,"CASSIDY & ASSOCIATES, INC.",TX,40000,2,3
UNIVERSITY OF NEBRASKA,"CASSIDY & ASSOCIATES, INC.",NE,60000,6,4
EAST BAY REGIONAL PARK DISTRICT,"E2 STRATEGIES, LLC",CA,20000,3,1
UNIVERSITY OF SOUTHERN MISSISSIPPI,"CASSIDY & ASSOCIATES, INC.",MS,50000,4,2
EAGLE CREST ENERGY COMPANY,"E2 STRATEGIES, LLC",CA,10000,1,1
NATIONAL AUDUBON SOCIETY,"E2 STRATEGIES, LLC",DC,20000,2,1
DEFENSE METALS,"E2 STRATEGIES, LLC",BC,10000,1,1
"UNIVERSITY OF PITTSBURGH, SCHOOL OF HEALTH AND REHABILITATION SCIENCES","CASSIDY & ASSOCIATES, INC.",PA,50000,2,2
"WILSON CITY, LLC","CASSIDY & ASSOCIATES, INC.",AR,30000,1,2
SEQIRUS USA INC,"CASSIDY & ASSOCIATES, INC.",NJ,60000,3,3
WORLD RESOURCES INSTITUTE,"CASSIDY & ASSOCIATES, INC.",DC,40000,4,2
RANCHO SANTIAGO COMMUNITY COLLEGE DISTRICT,"CASSIDY & ASSOCIATES, INC.",CA,40000,2,2
PACCAR INC,PACCAR INC,DC,180000,7,1
OCEANEERING INTERNATIONAL INC,VAN BUSKIRK AND ASSOCIATES LLC,TX,40000,4,1
HOPE FOR JUSTICE,ASCEND CONSULTING,TN,10500,2,1
STREET GRACE,ASCEND CONSULTING,GA,10500,1,2
THISTLE FARMS,ASCEND CONSULTING,TN,12000,2,2
CHRISTIAN CAMP AND CONFERENCE ASSOCIATION,ASCEND CONSULTING,CO,7500,2,2
3STRANDS GLOBAL FOUNDATION,ASCEND CONSULTING,CA,0,2,1
CINCINNATI CHILDREN'S HOSPITAL MEDICAL CENTER,CINCINNATI CHILDREN'S HOSPITAL MEDICAL CENTER,OH,34865,4,1
FLORIDA SUGAR CANE LEAGUE,FLORIDA SUGAR CANE LEAGUE,DC,310000,1,2
MARK OSMOND ISAACS,COVINGTON & BURLING LLP,,0,2,2
"MUSEUM OF SCIENCE, BOSTON","MUSEUM OF SCIENCE, BOSTON",MA,0,3,2
RIO GRANDE VALLEY SUGAR GROWERS,FLORIDA SUGAR CANE LEAGUE,DC,30000,1,2
SUGAR CANE GROWERS COOPERATIVE OF FLORIDA,FLORIDA SUGAR CANE LEAGUE,FL,30000,1,2
BNSF RAILWAY CO,"CASSIDY & ASSOCIATES, INC.",DC,20000,2,1
TURO,"CASSIDY & ASSOCIATES, INC.",CA,80000,3,6
BJC HEALTHCARE,"CASSIDY & ASSOCIATES, INC.",MO,50000,2,2
LOCKHEED MARTIN CORPORATION,"ETHERTON AND ASSOCIATES, INC.",MD,30000,3,1
NATIONAL ASSOCIATION OF SMALL TRUCKING COMPANIES,JAMES EDWARDS,TN,19000,4,1
MANTECH INTERNATIONAL INC,"ETHERTON AND ASSOCIATES, INC.",VA,20000,3,1
RELIABLE ROBOTICS CORPORATION,"CASSIDY & ASSOCIATES, INC.",CA,40000,2,1
RTX CORPORATION AND AFFILIATES (FKARAYTHEON TECHNOLOGIES CORPORATION),"ETHERTON AND ASSOCIATES, INC.",MA,20000,3,1
MGIC,CAPSTONE NATIONAL PARTNERS,WI,65000,1,2
NATIONAL ASSOCIATION OF STATE AND LOCAL EQUITY FUNDS,ROBERT ROZEN,OH,20000,1,1
HOSPICE COMPASSUS,HOSPICE COMPASSUS,TN,65000,2,1
QUAD GRAPHICS,CAPSTONE NATIONAL PARTNERS,WI,30000,2,2
ENTERPRISE COMMUNITY PARTNERS,ROBERT ROZEN,MD,7500,1,1
"NATIONAL EQUITY FUND, INC.",ROBERT ROZEN,IL,20000,1,1
INTERNATIONAL ASSOCIATION OF MEDICAL EQUIPMENT REMARKETERS AND SERVICERS,CAPSTONE NATIONAL PARTNERS,NJ,0,1,1
CUNA MUTUAL GROUP,CAPSTONE NATIONAL PARTNERS,DC,0,2,1
CRESCENT PEAK RENEWABLES,"CASSIDY & ASSOCIATES, INC.",CA,60000,1,2
CONSERVATIVES FOR PROPERTY RIGHTS,JAMES EDWARDS,SC,19000,8,1
"ENDECE, LLC",CAPSTONE NATIONAL PARTNERS,WI,0,1,1
OVS MEDIA,CAPSTONE NATIONAL PARTNERS,DC,0,1,1
"MV TRANSPORTATION, INC.","MV TRANSPORTATION, INC.",TX,40000,2,1
THE COMMITTEE FOR JUSTICE,JAMES EDWARDS,DC,22500,1,1
MILWAUKEE PUBLIC MUSEUM,CAPSTONE NATIONAL PARTNERS,WI,15000,1,1
LINQ THINGZ,CAPSTONE NATIONAL PARTNERS,WI,0,1,1
AIR CONDITIONING CONTRACTORS OF AMERICA,CAPSTONE NATIONAL PARTNERS,VA,15000,2,2
ATTERX BIOTHERAPEUTICS,CAPSTONE NATIONAL PARTNERS,WI,15000,1,2
MILWAUKEE COUNTY,CAPSTONE NATIONAL PARTNERS,WI,15000,1,2
"MMS PRODUCTS, INC","MMS PRODUCTS, INC",FL,40000,2,1
SCIENCE APPLICATION INTERNATIONAL CORPORATION,"ETHERTON AND ASSOCIATES, INC.",VA,20000,3,1
PROTON THERAPY CONSORTIUM FKA NATIONAL ASSOCIATION FOR PROTON THERAPY,PROTON THERAPY CONSORTIUM FKA NATIONAL ASSOCIATION FOR PROTON THERAPY,FL,0,4,1
"UMASS MEMORIAL HEALTH CARE, INC","CASSIDY & ASSOCIATES, INC.",MA,30000,2,2
COMMITTEE ON PIPE AND TUBE IMPORTS,SCHAGRIN ASSOCIATES,DC,0,4,2
"BELLWETHER DISTRICT HOLDINGS, LLC","CASSIDY & ASSOCIATES, INC.",IL,60000,2,3
LABORATORY CORPORATION OF AMERICA,"PARKER, POE, ADAMS & BERNSTEIN LLP",NC,12000,1,1
RESEARCH TRIANGLE FOUNDATION,"PARKER, POE, ADAMS & BERNSTEIN LLP",NC,15000,1,1
GUSTO,GUSTO,CA,10000,3,1
B&H FOTO & ELECTRONICS CORP,STONINGTON GLOBAL,NY,75000,1,1
TL MANAGEMENT,STONINGTON GLOBAL,NY,90000,1,1
BOSTON COLLEGE,"CASSIDY & ASSOCIATES, INC.",MA,50000,1,2
PYLE USA SOUND AROUND INC,STONINGTON GLOBAL,NY,60000,1,1
MAXSIP TEL LLC,STONINGTON GLOBAL,NY,575000,2,1
CAMPION ADVOCACY FUND,"CASSIDY & ASSOCIATES, INC.",WA,20000,3,4
AMERICAN BIRD CONSERVANCY,AMERICAN BIRD CONSERVANCY,DC,25417,5,5
ART INTO ACRES,"CASSIDY & ASSOCIATES, INC.",CA,0,1,2
BON SECOURS MERCY HEALTH (FKA MERCY HEALTH),"HEALTH POLICY SOURCE, INC.",OH,20000,1,4
OUR CHILDREN'S TRUST,OUR CHILDREN'S TRUST,OR,0,7,1
BILLINGS CLINIC,"HEALTH POLICY SOURCE, INC.",MT,30000,1,4
MISSOURI HOSPITAL ASSOCIATION,"HEALTH POLICY SOURCE, INC.",MO,20000,1,4
EDISON INTERNATIONAL,STUNTZ STRATEGIES LLC,CA,10000,4,1
VULCAN MATERIALS COMPANY,STUNTZ STRATEGIES LLC,AL,20000,1,1
WISCONSIN HOSPITAL ASSOCIATION,"HEALTH POLICY SOURCE, INC.",WI,20000,1,4
"CLIFTON LARSON ALLEN, LLP","HEALTH POLICY SOURCE, INC.",MN,20000,1,4
UP CODES,"INSIGHT PUBLIC AFFAIRS, INC.",CA,10000,1,1
"CEDAR VALLEY MEDICAL SPECIALISTS, P.C.","HEALTH POLICY SOURCE, INC.",IA,20000,1,4
NATIONAL RAILROAD CONSTRUCTION AND MAINTENANCE ASSOCIATION,"TGA ASSOCIATION MANAGEMENT SOLUTIONS, LLC",DC,30000,3,3
RAILWAY ENGINEERING MAINTENANCE SUPPLIERS ASSOCIATION,"TGA ASSOCIATION MANAGEMENT SOLUTIONS, LLC",DC,0,3,2
MS. CAROLYN CHESTER AND FAMILY,"POBLETE TAMARGO, LLP",NE,0,2,2
"HON. JOHN L. LOEB, JR.","POBLETE TAMARGO, LLP",NY,0,1,2
CHUGACH ALASKA CORPORATION,CHUGACH ALASKA CORPORATION,AK,92500,5,1
BRANDON FAMILY,"POBLETE TAMARGO, LLP",FL,0,1,2
SCHECHTER ROSOFF HERTZBERG FAMILIES,"POBLETE TAMARGO, LLP",NY,0,1,2
THE SCOTT FAMILY,"POBLETE TAMARGO, LLP",IN,0,1,2
MRS. GEORGENE OSTREICHER,"POBLETE TAMARGO, LLP",FL,0,1,2
MS. MARGERY ELLEN LEEDER AND FAMILY,"POBLETE TAMARGO, LLP",FL,0,1,2
MS. ELIZABETH SIMPSON AND FAMILY,"POBLETE TAMARGO, LLP",FL,0,1,2
MS. DORI KAPLAN,"POBLETE TAMARGO, LLP",CA,0,1,2
PAGANINI,"POBLETE TAMARGO, LLP",CA,0,1,2
"CONFEDERATED TRIBES OF COOS, LOWER UMPQUA AND SIUSLAW INDIANS",EICHSTAEDT LAW OFFICE,OR,0,3,1
PINGREE,"POBLETE TAMARGO, LLP",VA,0,1,2
PIEDRA FAMILY,"POBLETE TAMARGO, LLP",FL,0,1,2
THE COLEMAN FAMILY,"POBLETE TAMARGO, LLP",MI,0,1,2
THE RACITI FAMILY,"POBLETE TAMARGO, LLP",NY,0,1,2
THE RITTER FAMILY,"POBLETE TAMARGO, LLP",TX,0,1,2
THE CONDON (VEEDER) FAMILY,"POBLETE TAMARGO, LLP",CA,0,1,2
THE WASSALL FAMILY,"POBLETE TAMARGO, LLP",FL,0,1,2
THE BUTTENHEIM FAMILY,"POBLETE TAMARGO, LLP",MI,0,1,2
CONFERENCE OF PROVINCIALS OF NORTH AMERICA,NATIONAL ADVOCACY CENTER OF THE SISTERS OF THE GOOD SHEPHERD,MO,20000,9,1
AMERICAN ASSOCIATION OF INTERNATIONAL HEALTHCARE RECRUITMENT,DENTONS US LLP,FL,40000,1,1
JACKSON HEALTH CARE,DENTONS US LLP,GA,20000,3,1
BRIGHTMARK,DENTONS US LLP,CA,60000,1,4
MOLECULAR TESTING LABS,ASCENDANT STRATEGIC PARTNERS,WA,30000,1,2
CAMECO CORPORATION,DENTONS US LLP,,80000,1,3
ACCESS TO ADVANCED HEALTH INSTITUTE,ASCENDANT STRATEGIC PARTNERS,WA,37500,1,2
CONCERNED WOMEN FOR AMERICA LEGISLATIVE ACTION COMMITTEE,CONCERNED WOMEN FOR AMERICA LEGISLATIVE ACTION COMMITTEE,DC,11000,5,2
"ACCESSLEX INSTITUTE (FKA ACCESS GROUP, INC.)","ACCESSLEX INSTITUTE (FKA ACCESS GROUP, INC.)",PA,0,1,2
COMPASSION AND CHOICES,COMPASSION AND CHOICES,CO,360000,1,1
CDR MAGUIRE INC.,"A10 ASSOCIATES, LLC",MA,60000,2,1
"QUANTUM COMPUTING, INC.","A10 ASSOCIATES, LLC",VA,110000,1,3
J. DERENZO COMPANIES,"A10 ASSOCIATES, LLC",MA,30000,1,1
DREW COMPANY,"A10 ASSOCIATES, LLC",MA,60000,2,1
ASCENSUS,"A10 ASSOCIATES, LLC",PA,30000,1,3
GREYSCAN AUSTRALIA PTY LTD.,"A10 ASSOCIATES, LLC",,60000,1,1
KAREN BACARDI,"A10 ASSOCIATES, LLC",FL,30000,1,1
ONECHIROPRACTIC,"A10 ASSOCIATES, LLC",OH,30000,2,2
BLINK CHARGING CO.,"A10 ASSOCIATES, LLC",FL,60000,1,2
MUFON,"A10 ASSOCIATES, LLC",OH,30000,1,2
SALISBURY BEACH PARTNERSHIP,"A10 ASSOCIATES, LLC",MA,20000,1,1
"D-FEND SOLUTIONS, INC.","D-FEND SOLUTIONS, INC.",VA,10000,1,1
"CARBON RIVERS, INC.","A10 ASSOCIATES, LLC",TN,50000,1,2
CLEANLIGHT,"A10 ASSOCIATES, LLC",FL,30000,1,2
"FLAMINGO AIR, INC.","A10 ASSOCIATES, LLC",OH,20000,1,2
DREAM CENTER INDIANAPOLIS,"A10 ASSOCIATES, LLC",IN,20000,1,2
"SOLARTECH ENERGY SYSTEMS, INC.","A10 ASSOCIATES, LLC",CA,60000,1,2
VEHYA,"A10 ASSOCIATES, LLC",MI,30000,1,2
MONETTE FARM,"A10 ASSOCIATES, LLC",SK,60000,1,2
WATERKEEPER ALLIANCE,"A10 ASSOCIATES, LLC",NY,30000,1,2
MGM TRANSFORMER COMPANY,"A10 ASSOCIATES, LLC",CA,20000,1,2
ALLIED POWER AND CONTROL,"A10 ASSOCIATES, LLC",MD,10000,1,2
NEW CITY DEVELOPMENT PARTNERS,"A10 ASSOCIATES, LLC",IN,30000,2,1
"INTELLECTUAL TECHNOLOGY, INC.","A10 ASSOCIATES, LLC",IN,30000,1,1
RMS ENERGY CO. LLC,"A10 ASSOCIATES, LLC",MN,20000,1,2
AESTHETIC MEDICAL PROVIDERS OF NEW HAMPSHIRE,"A10 ASSOCIATES, LLC",NH,10000,1,1
"DELAWARE NORTH COMPANIES, INC.","DELAWARE NORTH COMPANIES, INC.",NY,0,2,1
"WNDR GLOBAL, INC.","A10 ASSOCIATES, LLC",IL,20000,1,1
ORIGIN PROPERTY GROUP,"A10 ASSOCIATES, LLC",MA,80000,2,2
HAYNES GROUP INC.,"A10 ASSOCIATES, LLC",MA,20000,2,1
AMERICAN FEDERATION OF SCHOOL ADMINISTRATORS,BERNSTEIN STRATEGY GROUP,DC,10000,3,1
NATIONAL COUNCIL FOR LANGUAGES AND INTERNATIONAL STUDIES,BERNSTEIN STRATEGY GROUP,WA,10000,2,1
LEARNING FORWARD,BERNSTEIN STRATEGY GROUP,TX,20000,1,1
AMERICAN BUS ASSOCIATION,AMERICAN BUS ASSOCIATION,DC,45000,9,1
WK KELLOGG CO,WK KELLOGG CO.,MI,80000,1,1
"DESALES MEDIA GROUP, INC.","DESALES MEDIA GROUP, INC.",NY,0,1,1
HERMEUS CORP.,HERMEUS CORP.,GA,150000,1,1
THE LEONA TATE FOUNDATION FOR CHANGE,DENTONS US LLP,LA,0,1,2
REPSOL S.A.,DENTONS US LLP,,80000,3,2
PHARMACEUTICAL INDUSTRY LABOR MANAGEMENT ASSOCIATION,DAVE KOLBE CONSULTING,VA,30000,1,1
COALITION FOR RESPONSIBLE WASTE INCINERATION,COALITION FOR RESPONSIBLE WASTE INCINERATION,VA,0,1,1
UNIVERSITY OF MIAMI,DENTONS US LLP,FL,50000,1,2
VOICES FOR NATIONAL SERVICE,DENTONS US LLP,DC,30000,1,1
UPPER WESTSIDE COMMUNITY IMPROVEMENT DISTRICT,DENTONS US LLP,GA,15000,1,1
ANIMAL WELLNESS ACTION,DENTONS US LLP,DC,30000,1,3
"COBB COUNTY, GEORGIA",DENTONS US LLP,GA,30000,1,5
"ASTRANIS SPACE TECHNOLOGIES, INC.",DENTONS US LLP,CA,80000,1,2
DEKALB COUNTY BOARD OF COMMISSIONERS,DENTONS US LLP,GA,20000,2,1
WORLD DOG ALLIANCE,DENTONS US LLP,,135000,3,2
INSPIRED SEEDLINGS,DENTONS US LLP,NJ,30000,1,2
METROPOLITAN PIER AND EXPOSITION AUTHORITY,DENTONS US LLP,IL,40000,1,3
OCEANA,THE MCSWANE GROUP,DC,10000,1,1
ALLSUP,THE MCSWANE GROUP,IL,40000,2,1
PINSLY RAILROAD COMPANY,DENTONS US LLP,FL,60000,1,2
NEW YORK INSTITUTE FOR SPECIAL EDUCATION,THE MCSWANE GROUP,NY,20000,1,1
CLEAN AIR TASK FORCE,THE MCSWANE GROUP,MA,40000,2,1
STAR HARBOR SPACE ACADEMY,THE MCSWANE GROUP,CO,10000,1,1
BUCKHEAD BUSINESS IMPROVEMENT DISTRICT,DENTONS US LLP,GA,10000,1,1
MANITOBA HYDRO CORPORATION,DENTONS US LLP,,0,1,1
GRIDWISE ALLIANCE,DENTONS US LLP,DC,10000,1,2
"RIO TINTO SERVICES, INC.",TORRES CONSULTING AND LAW GROUP,DC,30000,1,1
BAUSCH HEALTH COMPANIES,BAUSCH HEALTH COMPANIES,NJ,160000,1,1
THE BOSTON BEER COMPANY,THE NARDELLI GROUP,MA,40000,3,1
THE AUTO CARE ASSOCIATION,THE NARDELLI GROUP,MD,40000,2,1
HIGHLAND DAIRY & FARM,RUTTENKERN POLICY GROUP,NM,0,1,2
RAJEN DAIRY,RUTTENKERN POLICY GROUP,NM,10000,1,2
DO-RENE DAIRY,RUTTENKERN POLICY GROUP,NM,20000,1,2
IDAHO POWER,THE MICHAEL LEWAN COMPANY,DC,20000,1,1
SPACE FRONTIER FOUNDATION,MR. AARON OESTERLE,MD,9000,1,1
CURE ALZHEIMER'S FUND,"FRANCIS EDWARD & CRONIN, INC.",MA,20000,2,1
AUDUBON NATURE INSTITUTE,"BERNI CONSULTING, LLC",LA,0,1,1
VIRGINIA PEANUT GROWERS ASSN,"TRIANGLE ASSOCIATES, INC.",VA,0,1,1
PEANUT GROWERS COOPERATIVE MARKETING ASSN,"TRIANGLE ASSOCIATES, INC.",VA,0,1,1
NATIONAL ASSN OF FARMERS MARKET NUTRITION PROGRAMS,"TRIANGLE ASSOCIATES, INC.",VA,0,1,1
NORTH CAROLINA PEANUT GROWERS ASSN,"TRIANGLE ASSOCIATES, INC.",NC,0,1,1
FIS GLOBAL,"TRIANGLE ASSOCIATES, INC.",FL,15000,1,1
NATIONAL SUSTAINABLE AGRICULTURE COALITION,NATIONAL SUSTAINABLE AGRICULTURE COALITION,DC,0,1,1
"CITY OF EVERETT, WA",HOLLAND & KNIGHT LLP,WA,30000,5,3
CITY OF FREMONT CA,HOLLAND & KNIGHT LLP,CA,30000,2,1
"CITY OF SACRAMENTO, CA",HOLLAND & KNIGHT LLP,CA,20000,3,3
"CITY OF SAN JOSE, CA",HOLLAND & KNIGHT LLP,CA,40000,6,3
"CITY OF SANTA ANA, CA",HOLLAND & KNIGHT LLP,CA,20000,2,2
"CITY OF SEATTLE, WA",HOLLAND & KNIGHT LLP,WA,60000,7,3
LOS ANGELES COMMUNITY COLLEGE DISTRICT,HOLLAND & KNIGHT LLP,CA,40000,2,2
PALLET PBC,HOLLAND & KNIGHT LLP,WA,40000,2,4
ACCENTURE FEDERAL SERVICES LLC,ACCENTURE FEDERAL SERVICES LLC,VA,220000,9,2
TREA SENIOR CITIZENS LEAGUE,TREA SENIOR CITIZENS LEAGUE,VA,0,2,1
PUGET SOUND REGIONAL COUNCIL,HOLLAND & KNIGHT LLP,WA,30000,1,2
RESULTS FOR AMERICA,HOLLAND & KNIGHT LLP,DC,50000,3,2
SOUTHERN CALIFORNIA ASSOCIATION OF GOVERNMENTS,HOLLAND & KNIGHT LLP,CA,30000,2,2
UNIVERSITY OF PITTSBURGH,HOLLAND & KNIGHT LLP,PA,50000,3,2
UNIVERSITY OF SOUTHERN CALIFORNIA,HOLLAND & KNIGHT LLP,CA,40000,3,4
WAKEFERN FOOD CORP.,WAKEFERN FOOD CORP.,NJ,0,5,1
"ACP TECHNOLOGIES, LLC",HOLLAND & KNIGHT LLP,MI,60000,1,2
"TOPSOE, INC.","TOPSOE, INC.",TX,60000,2,1
"FEMWELL GROUP HEALTH, INC.","HEALTH POLICY SOURCE, INC.",FL,20000,1,4
CARBICE CORPORATION,HOLLAND & KNIGHT LLP,GA,50000,1,3
VANCOUVER CLINIC,"HEALTH POLICY SOURCE, INC.",WA,10000,1,4
GLOBAL TECHNICAL SYSTEMS,GLOBAL TECHNICAL SYSTEMS,VA,30000,1,1
AMERICAN ASSOCIATION OF NATUROPATHIC PHYSICIANS,"HEALTH POLICY SOURCE, INC.",DC,10000,1,4
"STRATUM MED, INC.","HEALTH POLICY SOURCE, INC.",IL,0,1,4
"OMADA HEALTH, INC.","HEALTH POLICY SOURCE, INC.",CA,20000,1,3
COVAR LLC,HOLLAND & KNIGHT LLP,VA,40000,1,3
CAMPAIGN FOR TOBACCO FREE KIDS,"REINECKE STRATEGIC SOLUTIONS, INC.",DC,10000,3,1
VOR - A VOICE OF REASON,"HEALTH POLICY SOURCE, INC.",IL,10000,1,4
HYPORI LLC,HOLLAND & KNIGHT LLP,VA,10000,1,3
INTELLIGENT WAVES LLC,HOLLAND & KNIGHT LLP,VA,50000,1,3
BONE HEALTH AND OSTEOPOROSIS FOUNDATION (FKA) NATIONAL OSTEOPOROSIS FOUNDATION,"REINECKE STRATEGIC SOLUTIONS, INC.",VA,10000,4,1
NATIONAL COUNCIL ON SEVERE AUTISM,"HEALTH POLICY SOURCE, INC.",CA,10000,1,4
HOSPICE AND PALLIATIVE NURSES ASSOCIATION,"HEALTH POLICY SOURCE, INC.",PA,20000,1,4
UNITED NATURAL PRODUCTS ALLIANCE,"REINECKE STRATEGIC SOLUTIONS, INC.",UT,10000,1,1
"STRIDE, INC.",HOLLAND & KNIGHT LLP,VA,80000,2,2
"SYSTEMS PLANNING & ANALYSIS, INC.",HOLLAND & KNIGHT LLP,VA,50000,2,3
"TAKAYA TECHNOLOGY, INC.",HOLLAND & KNIGHT LLP,NS,0,2,1
PHARMAVITE LLC,"REINECKE STRATEGIC SOLUTIONS, INC.",CA,40000,4,1
ENOVIS,"HEALTH POLICY SOURCE, INC.",DC,20000,1,4
"TRANSDIGM GROUP, INC.",HOLLAND & KNIGHT LLP,DC,90000,1,3
"PREMIER HEALTHCARE SOLUTIONS, INC.","HEALTH POLICY SOURCE, INC.",NC,30000,1,4
ASSOCIATION OF HOME APPLIANCE MANUFACTURERS (AHAM),"MINTZ LEVIN COHN FERRIS GLOVSKY AND POPEO, P.C.",DC,0,2,1
INTERNATIONAL ASSOCIATION OF PLUMBING AND MECHANICAL OFFICIALS,HOLLAND & KNIGHT LLP,DC,20000,1,1
"OSCEOLA COUNTY, FL",HOLLAND & KNIGHT LLP,FL,30000,1,4
TOHOPEKALIGA WATER AUTHORITY,HOLLAND & KNIGHT LLP,FL,20000,1,2
CITY OF WEST PALM BEACH,HOLLAND & KNIGHT LLP,DC,30000,1,2
CITY OF WEST SACRAMENTO,HOLLAND & KNIGHT LLP,,30000,2,4
SACRAMENTO COUNTY,HOLLAND & KNIGHT LLP,CA,30000,1,2
POLK COUNTY,HOLLAND & KNIGHT LLP,FL,30000,1,3
COUNTY OF PLACER,HOLLAND & KNIGHT LLP,MO,40000,1,2
MCCLELLAN BUSINESS PARK LLC,HOLLAND & KNIGHT LLP,CA,10000,1,2
"DIGITALCM, LLC",MCGUIREWOODS CONSULTING (A SUBSIDIARY OF MCGUIREWOODS LLP),FL,10000,2,4
"MERIT MEDICAL SYSTEMS, INC.","MERIT MEDICAL SYSTEMS, INC.",UT,10000,3,1
AMERICAN CANCER SOCIETY CANCER ACTION NETWORK,HOLLAND & KNIGHT LLP,DC,50000,2,5
ATLANTA PUBLIC SCHOOLS,HOLLAND & KNIGHT LLP,GA,20000,2,2
IMMERSICOM,MCGUIREWOODS CONSULTING (A SUBSIDIARY OF MCGUIREWOODS LLP),CA,20000,1,4
"MIT45, INC.",MCGUIREWOODS CONSULTING (A SUBSIDIARY OF MCGUIREWOODS LLP),UT,40000,2,2
BLACK WOMEN'S HEALTH IMPERATIVE,HOLLAND & KNIGHT LLP,GA,20000,1,2
CHARLES R. DREW UNIVERSITY OF MEDICINE AND SCIENCE,HOLLAND & KNIGHT LLP,CA,10000,1,2
PARAMOUNT TAX & ACCOUNTING,MCGUIREWOODS CONSULTING (A SUBSIDIARY OF MCGUIREWOODS LLP),UT,60000,1,4
"CITY OF CINCINNATI, OH",HOLLAND & KNIGHT LLP,,50000,4,3
PARTNERS IN PERFORMANCE,MCGUIREWOODS CONSULTING (A SUBSIDIARY OF MCGUIREWOODS LLP),GA,30000,2,3
CLARK ATLANTA UNIVERSITY,HOLLAND & KNIGHT LLP,GA,30000,1,2
"SINCLAIR BROADCAST GROUP, INC.",MCGUIREWOODS CONSULTING (A SUBSIDIARY OF MCGUIREWOODS LLP),MD,20000,1,1
FORT VALLEY STATE UNIVERSITY,HOLLAND & KNIGHT LLP,GA,30000,2,2
MOREHOUSE COLLEGE,HOLLAND & KNIGHT LLP,GA,20000,3,2
MISSOURI HEMP TRADE ASSOCIATION,GREAT STATE STRATEGIES,MO,0,1,1
SHAMAN BOTANICALS,GREAT STATE STRATEGIES,MO,0,1,1
"NOVO NORDISK, INC.",HOLLAND & KNIGHT LLP,NJ,50000,2,2
SUBURBAN MOBILITY AUTHORITY FOR REGIONAL TRANSPORTATION (SMART),HOLLAND & KNIGHT LLP,MI,40000,2,3
SOUTHWEST OHIO REGIONAL TRANSIT AUTHORITY,HOLLAND & KNIGHT LLP,OH,20000,1,3
SPELMAN COLLEGE,HOLLAND & KNIGHT LLP,GA,20000,3,2
TUSKEGEE UNIVERSITY,HOLLAND & KNIGHT LLP,AL,30000,2,2
COIN CENTER,"RWC, INC",DC,100000,1,1
UNIVERSITY OF THE DISTRICT OF COLUMBIA FOUNDATION,HOLLAND & KNIGHT LLP,DC,30000,2,2
WILEY COLLEGE,HOLLAND & KNIGHT LLP,TX,20000,1,3
"CITY OF GREENSBORO, NC",HOLLAND & KNIGHT LLP,NC,40000,2,3
"CITY OF SAVANNAH, GA",HOLLAND & KNIGHT LLP,GA,20000,1,3
ASSOCIATION OF METROPOLITAN WATER AGENCIES,ASSOCIATION OF METROPOLITAN WATER AGENCIES,DC,80000,5,2
"THE PURPOSE BUILT COMMUNITIES FOUNDATION, INC.",HOLLAND & KNIGHT LLP,GA,30000,1,5
NATIONAL ASSOCIATION OF TRIBAL HISTORIC PRESERVATION OFFICERS,4TH ST COMMUNICATIONS,DC,30000,2,1
KOREA INTERNATIONAL TRADE ASSOCIATION,THOMAS CAPITOL PARTNERS INC.,DC,30000,1,1
NATIONAL ASSOCIATION OF EMS PHYSICIANS,HOLLAND & KNIGHT LLP,KS,50000,1,4
LURIE CHILDREN'S HOSPITAL OF CHICAGO,HOLLAND & KNIGHT LLP,,60000,2,2
FRONT LINE HOSPITAL ALLIANCE,HOLLAND & KNIGHT LLP,CO,80000,2,6
DENVER HEALTH AND HOSPITAL AUTHORITY,HOLLAND & KNIGHT LLP,CO,40000,2,4
"OKLAHOMA ARTHRITIS CENTER, P.C.","CSS PARTNERS, LLC",OK,10000,2,2
THE CATHOLIC CHURCH EXTENSION SOCIETY OF THE UNITED STATES OF AMERICA,HOLLAND & KNIGHT LLP,IL,60000,2,3
"THE CITY OF EDMOND, OKLAHOMA","CSS PARTNERS, LLC",OK,10000,3,2
MIAMI CLUB RUM,"GOVERNMENT RELATIONS GROUP, LLC",FL,0,1,1
CAMBRIDGE MOBILE TELEMATICS,"CSS PARTNERS, LLC",MA,30000,1,2
HEROES TO EDUCATION,"GOVERNMENT RELATIONS GROUP, LLC",NV,0,2,1
HEXTRONICS,"GOVERNMENT RELATIONS GROUP, LLC",FL,0,2,1
SAFETY BIOMETRICS LLC,"GOVERNMENT RELATIONS GROUP, LLC",DE,0,2,1
GUIDEHOUSE LLP,HOLLAND & KNIGHT LLP,DC,90000,2,3
"ISLAND SALES & DEVELOPMENT GROUP, LLC","GOVERNMENT RELATIONS GROUP, LLC",FL,0,2,1
"UNIVERSAL BALLISTIC SYSTEMS AMMUNITION, LLC","GOVERNMENT RELATIONS GROUP, LLC",FL,0,2,1
DANE CORP,"GOVERNMENT RELATIONS GROUP, LLC",FL,0,2,1
"US REAL ESTATE ENTERPRISES, LLC","GOVERNMENT RELATIONS GROUP, LLC",FL,0,1,1
TENANT EVALUATION LLC,"GOVERNMENT RELATIONS GROUP, LLC",FL,0,1,1
PREVENT-PLUS LLC,"GOVERNMENT RELATIONS GROUP, LLC",NY,0,3,1
"VPS DEVELOPMENT PARTNERS, LLC","GOVERNMENT RELATIONS GROUP, LLC",FL,0,2,1
PTC INC.,"COASPIRE, LLC",MA,20000,1,1
CURATED INVESTMENTS,"GOVERNMENT RELATIONS GROUP, LLC",FL,9000,4,1
U.S. NAVAL SEA CADET CORPS,"COASPIRE, LLC",VA,20000,1,1
BOEING COMPANY,"ETHERTON AND ASSOCIATES, INC.",VA,30000,2,1
ATHENA BITCOIN,"GOVERNMENT RELATIONS GROUP, LLC",FL,15000,2,1
"COASPIRE, LLC","COASPIRE, LLC",VA,0,1,1
UCARE,DENTONS US LLP,MN,20000,1,2
TOWN CENTER CID,DENTONS US LLP,GA,10000,1,1
GLOBAL LASER ENRICHMENT LLC,DENTONS US LLP,NC,80000,1,3
AVANT HEALTHCARE PROFESSIONALS,DENTONS US LLP,FL,15000,1,1
WAXMAN STRATEGIES ON BEHALF OF THE CHRISTOPHER AND DANA REEVE FOUNDATION,MR. JOHN SAWYER,DC,5000,3,1
CHANGE & IMPACT INC.,DENTONS US LLP,CA,0,1,2
"MIAMI CHILDRENS HEALTH SYSTEM, INC.",DENTONS US LLP,FL,40000,1,2
PHRMA,HORIZON GOVERNMENT AFFAIRS,DC,50000,1,1
CHILDREN'S HOSPITAL ASSOCIATION F/K/A NAT'L ASSOCIATION OF CHILDREN'S HOSPITALS,RED+BLUE STRATEGIES,VA,100000,2,2
GE HEALTHCARE,RED+BLUE STRATEGIES,DC,60000,1,2
PHARMACEUTICAL CARE MANAGEMENT ASSOCIATION (PCMA),RED+BLUE STRATEGIES,DC,70000,3,2
COMMUNITY CATALYST,RED+BLUE STRATEGIES,MA,20000,1,2
BUCKEYE PARTNERS,FJD STRATEGIES LLC,TX,16000,1,1
CAMBIA HEALTH SOLUTIONS (FORMERLY KNOWN AS THE REGENCE GROUP),RED+BLUE STRATEGIES,OR,80000,2,2
VICTIMS OF TERRORISM - EAST AFRICA,FJD STRATEGIES LLC,IL,0,1,1
DAVITA INC.,RED+BLUE STRATEGIES,DC,70000,2,2
"AIR-CONDITIONING, HEATING, AND REFRIGERATION INSTITUTE (AHRI)",GLENCOE STRATEGIES LLC,VA,15000,1,1
"CORVIAS MILITARY LIVING, LLC",HOLLAND & KNIGHT LLP,RI,70000,1,2
U.S. GLOBAL LEADERSHIP CAMPAIGN,HOLLAND & KNIGHT LLP,DC,30000,2,3
QWAKE TECHNOLOGIES INC.,HOLLAND & KNIGHT LLP,CA,30000,1,2
QUANTUM INDUSTRY COALITION,HOLLAND & KNIGHT LLP,DC,50000,1,1
LANTERIS SPACE SYTEMS F/K/A MAXAR SPACE LLC,HOLLAND & KNIGHT LLP,CA,50000,2,2
INTERLUNE CORPORATION,HOLLAND & KNIGHT LLP,WA,20000,1,1
INDUSTRIAL TECHNOLOGY INSTITUTE D/B/A MICHIGAN MANUFACTURING TECHNOLOGY CENTER,HOLLAND & KNIGHT LLP,MI,0,1,3
COMMERCIAL SPACE FEDERATION,HOLLAND & KNIGHT LLP,DC,0,2,1
BLUE ORIGIN LLC,HOLLAND & KNIGHT LLP,WA,60000,2,3
ASTRANIS SPACE TECHNOLOGIES CORP.,HOLLAND & KNIGHT LLP,CA,40000,2,5
AMERICAN SMALL MANUFACTURERS COALITION,HOLLAND & KNIGHT LLP,DC,50000,2,2
RAYUS RADIOLOGY,HOLLAND & KNIGHT LLP,MN,20000,1,2
COOPERATIVE OF AMERICAN PHYSICIANS - MUTUAL PROTECTION TRUST (CAP-MPT),HOLLAND & KNIGHT LLP,CA,20000,1,1
CHICAGO BOTANIC GARDEN,HOLLAND & KNIGHT LLP,IL,20000,2,1
BLUE CROSS AND BLUE SHIELD OF MINNESOTA,HOLLAND & KNIGHT LLP,,20000,2,1
"VIASAT, INC.",HOLLAND & KNIGHT LLP,DC,70000,2,3
FORENSICS CONSORTIUM,MS. ELIZABETH LAVACH,CA,18750,2,1
"VERISIGN, INC.",HOLLAND & KNIGHT LLP,VA,70000,2,5
LASERSHOT,MS. ELIZABETH LAVACH,TX,9000,1,1
"DETROIT DEFENSE (FKA) RICARDO, INC.",MS. ELIZABETH LAVACH,MI,21000,1,1
"ROAM ROBOTICS, INC.",MS. ELIZABETH LAVACH,CA,12000,2,1
RMA ARMAMENT,MS. ELIZABETH LAVACH,IA,6000,1,1
"SAMSUNG SDI AMERICA, INC.",HOLLAND & KNIGHT LLP,MI,10000,1,1
ASTRONETX,MS. ELIZABETH LAVACH,MA,18000,2,1
PILOT TRAVEL CENTERS LLC,HOLLAND & KNIGHT LLP,TN,60000,3,2
"ENTEGRIS, INC.",HOLLAND & KNIGHT LLP,MA,60000,4,7
COORSTEK,HOLLAND & KNIGHT LLP,CO,10000,3,4
TRANSOCEAN OFFSHORE DEEPWATER DRILLING INC.,HOLLAND & KNIGHT LLP,TX,40000,1,1
"HEXION, INC.",HOLLAND & KNIGHT LLP,OH,50000,3,1
"FREEPORT-MCMORAN, INC.",HOLLAND & KNIGHT LLP,AZ,30000,1,1
AMERICAN FACTORING ASSOCIATION,HOLLAND & KNIGHT LLP,CA,30000,2,1
CHAMBER OF SHIPPING OF AMERICA,CHAMBER OF SHIPPING OF AMERICA,DC,0,1,1
"STELLAR ENERGY AMERICAS, INC.",HOLLAND & KNIGHT LLP,FL,50000,1,3
CUBERG,HOLLAND & KNIGHT LLP,CA,50000,2,2
"ELECTRONIC RECYCLERS INTERNATIONAL, INC.",HOLLAND & KNIGHT LLP,CA,60000,1,1
"KORE POWER, INC.",HOLLAND & KNIGHT LLP,ID,60000,2,3
NANOGRAF CORPORATION,HOLLAND & KNIGHT LLP,IL,30000,2,2
NET POWER LLC,HOLLAND & KNIGHT LLP,NC,60000,1,1
"RETRIEV TECHNOLOGIES, INC.",HOLLAND & KNIGHT LLP,IN,30000,2,3
"UNITED STATES STRATEGIC METALS, LLC",HOLLAND & KNIGHT LLP,MO,50000,2,2
SILA NANOTECHNOLOGIES INC.,HOLLAND & KNIGHT LLP,CA,60000,4,3
UAW RETIREE MEDICAL BENEFITS TRUST,ALAN REUTHER,MI,18000,1,1
"MANDAN, HIDATSA & ARIKARA NATION",HOLLAND & KNIGHT LLP,ND,0,1,2
SHAKOPEE MDEWAKANTON DAKOTA (SIOUX) COMMUNITY,HOLLAND & KNIGHT LLP,MN,300000,1,6
CENTRAL COUNCIL OF TLINGIT AND HAIDA INDIAN TRIBES,HOLLAND & KNIGHT LLP,AK,0,1,1
CHOCTAW NATION OF OKLAHOMA,HOLLAND & KNIGHT LLP,OK,70000,1,5
MILLE LACS BAND OF OJIBWE INDIANS,HOLLAND & KNIGHT LLP,MN,60000,2,6
INUPIAT COMMUNITY OF THE ARCTIC SLOPE,HOLLAND & KNIGHT LLP,AK,30000,1,2
US INVENTOR INC.,MR. PAUL MORINVILLE,FL,30000,1,1
RED LAKE BAND OF CHIPPEWA INDIANS,HOLLAND & KNIGHT LLP,MN,0,1,2
OSAGE NATION,HOLLAND & KNIGHT LLP,OK,0,1,1
NORTHERN PONCA HOUSING AUTHORITY,HOLLAND & KNIGHT LLP,NE,0,2,1
UL LLC D/B/A UL SOLUTIONS,HOLLAND & KNIGHT LLP,IL,70000,1,3
INTEL CORPORATION,HOLLAND & KNIGHT LLP,DC,80000,4,5
TRICON RESIDENTIAL INC.,HOLLAND & KNIGHT LLP,ON,80000,2,5
"CONVATEC, INC. F/K/A TRIAD LIFE SCIENCES, INC.",HOLLAND & KNIGHT LLP,TN,70000,1,2
SOLIS MAMMOGRAPHY,HOLLAND & KNIGHT LLP,TX,20000,1,1
SKINCURE ONCOLOGY,HOLLAND & KNIGHT LLP,IL,30000,1,1
"JSW STEEL, USA",THE VOGEL GROUP,TX,15000,2,3
AMERICAN CATALOG MAILERS ASSOCIATION,THE VOGEL GROUP,RI,45000,3,5
ASSOCIATION OF ORGAN PROCUREMENT ORGANIZATIONS,HOLLAND & KNIGHT LLP,VA,60000,1,3
ZEBRA TECHNOLOGIES CORPORATION,"HEARTLAND SOLUTIONS GROUP, INC.",IL,35000,10,1
CASE WESTERN RESERVE UNIVERSITY,HOLLAND & KNIGHT LLP,OH,80000,1,4
"CERTIFIED FINANCIAL PLANNER BOARD OF STANDARDS, INC.",HOLLAND & KNIGHT LLP,DC,60000,2,2
MANAGEMENT & TRAINING CORPORATION,HOLLAND & KNIGHT LLP,UT,80000,3,1
"SUMMIT SCHOOL SERVICES LLC (FKA NATIONAL EXPRESS, LLC)","HEARTLAND SOLUTIONS GROUP, INC.",IL,5000,2,1
NATIONAL ASSOCIATION OF PERSONAL FINANCIAL ADVISORS,HOLLAND & KNIGHT LLP,IL,20000,1,2
"PARAGON SOLUTIONS (US), INC.",HOLLAND & KNIGHT LLP,VA,60000,2,1
"RIOT PLATFORMS, INC. (F/K/A RIOT BLOCKCHAIN, INC.)",HOLLAND & KNIGHT LLP,CO,80000,3,4
SUBCOM LLC,HOLLAND & KNIGHT LLP,NJ,0,2,2
U.S. IMMIGRATION FUND LLC,HOLLAND & KNIGHT LLP,FL,10000,1,1
CIGAR RIGHTS OF AMERICA,HOLLAND & KNIGHT LLP,VA,40000,1,2
CONSERVATION INTERNATIONAL,HOLLAND & KNIGHT LLP,VA,50000,2,3
ARTHUR J. GALLAGHER & CO.,THE VOGEL GROUP,IL,37500,1,3
MACQUARIE ASSET MANAGEMENT,HOLLAND & KNIGHT LLP,NY,30000,1,2
CORECIVIC,THE VOGEL GROUP,TN,90000,2,2
"DELOS LIVING, LLC",THE VOGEL GROUP,NY,66000,5,5
"NET-NEGATIVE CO2 BASELOAD POWER, INC.","NET-NEGATIVE CO2 BASELOAD POWER, INC.",WA,30000,1,2
"JRD LAW PLLC (ON BEHALF OF HAPPIEST BABY, INC)",THE VOGEL GROUP,DC,22500,3,3
"COHERUS BIOSCIENCES, INC",INLET STRATEGIES,CA,45000,2,1
VETERANS GUARDIAN VA CLAIM CONSULTING,THE VOGEL GROUP,NC,9200,1,2
SECURING AMERICA'S MEDICINES AND SUPPLY SAMS,INLET STRATEGIES,DC,37500,2,1
THE DOCTORS COMPANY,THE VOGEL GROUP,CA,27500,1,1
VITAS HEALTHCARE CORPORATION,INLET STRATEGIES,FL,37500,1,1
"CENCORA, INC.",INLET STRATEGIES,PA,30000,2,1
"INTERNATIONAL ASSOCIATION OF SHEET METAL, AIR, RAIL, AND TRANSPORTATION WORKERS",THE VOGEL GROUP,DC,15000,2,2
SELLER FINANCE COALITION (SFC),THE VOGEL GROUP,TX,7500,2,4
BROWN-FORMAN CORPORATION,BECKER LAW FIRM PLLC,KY,0,3,1
CAPITAL RX INC.,"MASON STREET CONSULTING, LLC",NY,50000,1,1
"EMD SERONO, INC.","MASON STREET CONSULTING, LLC",DC,20000,1,1
BLUE CROSS BLUE SHIELD OF MASSACHUSETTS,RED+BLUE STRATEGIES,MA,60000,2,2
GLOBAL MEDICAL RESPONSE,"MASON STREET CONSULTING, LLC",MO,30000,1,1
INNOVACCER INC.,"MASON STREET CONSULTING, LLC",CA,30000,1,1
CAREFIRST BLUECROSS BLUESHIELD,RED+BLUE STRATEGIES,DC,60000,1,2
PERIMETER MEDICAL IMAGING,"MASON STREET CONSULTING, LLC",TX,60000,1,1
VILLAGEMD,"MASON STREET CONSULTING, LLC",IL,50000,1,1
BOSTON MEDICAL CENTER,RED+BLUE STRATEGIES,MA,60000,2,2
THE GUARDIAN LIFE INSURANCE COMPANY OF AMERICA,RED+BLUE STRATEGIES,DC,60000,2,2
QUEST DIAGNOSTICS INCORPORATED,RED+BLUE STRATEGIES,DC,80000,2,2
SUNSWEET GROWERS INC,HALEY & ASSOCIATES,CA,20000,3,1
CALIFORNIA STRAWBERRY COMMISSION,HALEY & ASSOCIATES,CA,20000,3,1
SYMBION POWER,QUINELLA GLOBAL LLC,NY,0,1,1
GERALD METALS LLC,QUINELLA GLOBAL LLC,CT,0,1,1
U.S. DIPLOMATIC STUDIES FOUNDATION,QUINELLA GLOBAL LLC,DC,6000,1,1
DEMAND PROGRESS ACTION,KATHERINE OH,MD,0,1,1
THE OCEAN CONSERVANCY,NO FLUKE FISHING LLC,DC,0,2,1
COUNCIL OF INFRASTRUCTURE FINANCING AUTHORITIES (CIFA),"FINN STRATEGIES, LLC",DC,20000,1,1
SAN ANTONIO WATER SYSTEMS,"MR. BALTAZAR SERNA, JR.",TX,21000,1,1
"BEXAR COUNTY, TEXAS","MR. BALTAZAR SERNA, JR.",TX,15000,3,1
CITY OF SAN ANTONIO,"MR. BALTAZAR SERNA, JR.",TX,11250,7,1
SILENCER CENTRAL,POTOMAC CONSULTING LLC,SD,20000,2,1
MANNED SPACE FLIGHT FOUNDATION INC,PAULEY MANAGEMENT INC.,TX,10000,2,1
VICTORY CASINO CRUISES,PAULEY MANAGEMENT INC.,FL,10000,2,1
"CITY OF COCOA, FLORIDA",PAULEY MANAGEMENT INC.,FL,10000,2,1
UNITED STATES LAW ENFORCEMENT - POLICE HALL OF FAME,PAULEY MANAGEMENT INC.,FL,10000,1,1
PHARMACEUTICAL RESEARCH AND MANUFACTURERS OF AMERICA,"YC CONSULTING, LLC",DC,30000,2,1
WILLIAMS & LAKE,"MWR STRATEGIES, INC.",NV,30000,1,1
MAUI ECONOMIC OPPORTUNITY,SR PARTNERS LLC,HI,15000,3,2
KAMEHAMEHA SCHOOLS,SR PARTNERS LLC,HI,12000,4,2
"COUNTY OF HAWAII, DEPARTMENT OF WATER SUPPLY",SR PARTNERS LLC,HI,17750,1,1
HAWAII ALLIANCE OF NONPROFIT ORGANIZATIONS,SR PARTNERS LLC,HI,0,1,1
HAWAII COMMUNITY FOUND. FRESH WATER INITIATIVE - CITY & COUNTY OF HONOLULU,SR PARTNERS LLC,HI,0,1,1
AMERICAN BANKERS ASSOCIATION,"MORRISON & FOERSTER, LLP",DC,50000,1,1
NATIONAL ASSOCIATION OF CHAIN DRUG STORES,NATIONAL ASSOCIATION OF CHAIN DRUG STORES,VA,1800000,2,10
AMERICAN OPTOMETRIC ASSOCIATION,HILLNORTH LLC,VA,30000,1,1
ANTENNA RESEARCH ASSOCIATES,DONOVAN STRATEGIES LLC,MD,15000,1,1
TERADYNE INC.,DONOVAN STRATEGIES LLC,MA,22500,1,1
SCHOOL NUTRITION ASSOCIATION,SCHOOL NUTRITION ASSOCIATION,VA,8775,1,1
KYNDRYL INC,HILLNORTH LLC,NY,30000,1,1
U.S. OCTG MANUFACTURERS ASSCOCIATION,SCHAGRIN ASSOCIATES,DC,0,2,1
UNITED MITOCHONDRIAL DISEASE FOUNDATION,HOLLAND & KNIGHT LLP,PA,20000,2,3
ASSOCIATION OF CRITICAL CARE TRANSPORT,HOLLAND & KNIGHT LLP,DC,30000,2,4
"ASPEN AEROGELS, INC.",HOLLAND & KNIGHT LLP,MA,30000,1,3
BMC,GRANT CONSULTING GROUP,TX,10000,2,2
"COWBOY SPACE CORPORATION F/K/A AETHERFLUX, INC.",HOLLAND & KNIGHT LLP,CA,20000,1,1
WALTONEN ENGINEERING,GRANT CONSULTING GROUP,MI,10000,1,2
ALLIANCE OF LICENSED MEDICARE INSURANCE AGENCIES (ALMIA),"MASON STREET CONSULTING, LLC",TX,30000,1,1
KINGSBERRY FUEL CELL POWER CORPORATION,GRANT CONSULTING GROUP,MI,10000,1,2
TRANS ASTRONAUTICA CORPORATION,HOLLAND & KNIGHT LLP,CA,20000,1,2
PHI HEALTH LLC,PHI HEALTH LLC,AZ,140000,2,1
"ORB AEROSPACE, INC.",GRANT CONSULTING GROUP,MI,0,1,2
"MOTOROLA SOLUTIONS, INC.",GRANT CONSULTING GROUP,IL,0,1,1
NATIONAL WASTE & RECYCLING ASSOCIATION,NATIONAL WASTE & RECYCLING ASSOCIATION,VA,10000,6,1
DALLAS/FORT WORTH INTERNATIONAL AIRPORT,ATLAS ADVOCACY,TX,28000,2,2
"NST GLOBAL, LLC","ALPHA STRATEGIES, LLC",FL,60000,2,1
"FIREARMS REGULATORY ACCOUNTABILITY COALITION, INC. - FRAC","ALPHA STRATEGIES, LLC",DC,10000,5,1
TIGERSWAN,"ALPHA STRATEGIES, LLC",NC,20000,3,1
"RWE OFFSHORE WIND HOLDINGS, LLC","RWE OFFSHORE WIND HOLDINGS, LLC",MA,50000,1,1
"FRANKLIN ARMORY, INC.","ALPHA STRATEGIES, LLC",NV,30000,1,1
"LWRC INTERNATIONAL, LLC","ALPHA STRATEGIES, LLC",MD,30000,1,1
NIRON MAGNETICS,HOLLAND & KNIGHT LLP,MN,60000,3,4
TRUCK RENTING AND LEASING ASSOCIATION,TRUCK RENTING AND LEASING ASSOCIATION,VA,0,4,3
EASTEREALS NEW JERSEY,EASTERSEALS NEW JERSEY,NJ,20000,3,1
GENERAL DYNAMICS CORPORATION,"C. BAKER CONSULTING, INC.",VA,30000,1,1
"ENERGIZER HOLDINGS, INC.",HOLLAND & KNIGHT LLP,MO,60000,5,3
UNIVERSITIES SPACE RESEARCH ASSOCIATION,UNIVERSITIES SPACE RESEARCH ASSOCIATION,MD,0,2,1
"BALCONY TECHNOLOGY GROUP, INC.",HOLLAND & KNIGHT LLP,NJ,30000,4,5
"AVA LABS, INC.",HOLLAND & KNIGHT LLP,NY,50000,3,1
NATIONAL ASSOCIATION OF WOMEN BUSINESS OWNERS,COMMUNICATIONS PREFERRED LLC,DC,0,1,1
AMERICAN LAND TITLE ASSOCIATION,HOLLAND & KNIGHT LLP,DC,80000,2,6
POWER & COMMUNICATION CONTRACTORS ASSOCIATION,"GOVERNMENT AFFAIRS SOLUTIONS, LLC",MD,15000,2,2
HEALTHCARE INSTITUTE OF NEW JERSEY,HEALTHCARE INSTITUTE OF NEW JERSEY,NJ,47171,1,1
THE CITY & COUNTY OF DENVER ON BEHALF OF DENVER INTERNATIONAL AIRPORT,HOLLAND & KNIGHT LLP,CO,40000,2,5
CMFG LIFE INSURANCE COMPANY,CMFG LIFE INSURANCE COMPANY,WI,120000,5,2
COLORADO SCHOOL OF MINES,HOLLAND & KNIGHT LLP,CO,50000,5,5
HACKENSACK MERIDIAN HEALTH,HACKENSACK MERIDIAN HEALTH,NJ,180000,4,1
DOVETAIL SOLUTIONS INC. ON BEHALF OF AD HOC LENDER GROUP,HOLLAND & KNIGHT LLP,CO,80000,2,1
THE US CANNABIS ROUNDTABLE,HOLLAND & KNIGHT LLP,DC,50000,2,2
STRYTEN ENERGY,HOLLAND & KNIGHT LLP,GA,50000,1,5
GOODLEAP,MISSION STRATEGIES LLC (ENERGY),TX,30000,2,2
PAPER RECYCLING COALITION,MISSION STRATEGIES LLC (ENERGY),VA,40000,3,1
EDISON INTERNATIONAL,MISSION STRATEGIES LLC (ENERGY),CA,37500,3,3
"STEM, INC.",MISSION STRATEGIES LLC (ENERGY),CA,30000,3,3
EQUINOR US OPERATIONS LLC,MISSION STRATEGIES LLC (ENERGY),TX,37500,2,3
OKLAHOMA DEPARTMENT OF WILDLIFE CONSERVATION,"THE PRESTON GROUP, LLC",OK,10000,3,1
DOMINION RESOURCES INC,MCGUIREWOODS CONSULTING (A SUBSIDIARY OF MCGUIREWOODS LLP),VA,100000,1,1
"SKINCURE ONCOLOGY, LLC",DENTONS US LLP,IL,60000,1,4
THE VIRGINIA FOUNDATION FOR COMMUNITY COLLEGE EDUCATION,MCGUIREWOODS CONSULTING (A SUBSIDIARY OF MCGUIREWOODS LLP),VA,20000,1,1
JPMORGAN CHASE HOLDINGS LLC,DENTONS US LLP,NY,60000,1,5
PHRMA,DENTONS US LLP,DC,50000,1,2
COLONIAL WILLIAMSBURG FOUNDATION,MCGUIREWOODS CONSULTING (A SUBSIDIARY OF MCGUIREWOODS LLP),VA,20000,2,1
SYSCO,DENTONS US LLP,TX,50000,1,3
ALLISON TRANSMISSION INCORPORATED,"C. BAKER CONSULTING, INC.",VA,40000,1,1
NATIONAL GUARD ASSOCIATION OF THE U.S.,"OMEGA STRATEGIES, LLC.",DC,30000,1,1
RTX CORPORATION AND AFFILIATES (FKA RAYTHEON TECHNOLOGIES CORP. AND AFFILIATES),"C. BAKER CONSULTING, INC.",AZ,50000,1,1
"AM GENERAL, LLC","OMEGA STRATEGIES, LLC.",VA,30000,1,1
ENDOSEC LIMITED LIABILITY COMPANY,"C. BAKER CONSULTING, INC.",DC,15000,1,1
CHILD AND FAMILY SERVICE,DENTONS US LLP,HI,20000,1,2
WASHINGTON COMMANDERS,DENTONS US LLP,VA,60000,1,4
"SAAB, INCORPORATED FKA SAAB TRAINING AND SIMULATION","C. BAKER CONSULTING, INC.",FL,20000,1,1
NETCENTRICS CORPORATION,"OMEGA STRATEGIES, LLC.",VA,10000,1,1
XAVIER UNIVERSITY SCHOOL OF MEDICINE,DENTONS US LLP,NY,40000,1,3
MACK DEFENSE LLC,"C. BAKER CONSULTING, INC.",PA,30000,1,1
"AM GENERAL, LLC","C. BAKER CONSULTING, INC.",IN,10000,1,1
"HARDWIRE, LLC","C. BAKER CONSULTING, INC.",MD,20000,1,1
ASSOCIATION OF ART MUSEUM DIRECTORS,ASSOCIATION OF ART MUSEUM DIRECTORS,DC,20000,4,2
COALITION FOR GSP,PARK ROAD TRADE LLC,DC,100000,1,1
"NORTHERN VIRGINIA COMMUNITY COLLEGE EDUCATIONAL FOUNDATION, INC.",MCGUIREWOODS CONSULTING (A SUBSIDIARY OF MCGUIREWOODS LLP),VA,40000,1,1
ADVOCATE AURORA HEALTHCARE,MCDERMOTT+ LLC,DC,30000,2,2
MS INTERNATIONAL,PARK ROAD TRADE LLC,CA,15000,1,1
AMERICAN MEDICAL REHABILITATION PROVIDER ASSOCIATION,MCDERMOTT+ LLC,DC,75000,2,5
PERDUE FOODS LLC,MCGUIREWOODS CONSULTING (A SUBSIDIARY OF MCGUIREWOODS LLP),MD,30000,1,1
BAXTER INTERNATIONAL,MCDERMOTT+ LLC,DC,30000,2,1
ENVISION HEALTHCARE,MCDERMOTT+ LLC,TN,30000,2,2
EPIC SYSTEMS,MCDERMOTT+ LLC,WI,20000,1,1
"RENRE NORTH AMERICA HOLDINGS, INC.","RENRE NORTH AMERICA HOLDINGS, INC",DC,40000,2,1
MDVIP,MCDERMOTT+ LLC,FL,30000,2,1
FEDERATION OF STATE MEDICAL BOARDS,FEDERATION OF STATE MEDICAL BOARDS,DC,90000,2,2
ST REGIS MOHAWK TRIBE,HOLLAND & KNIGHT LLP,NY,50000,4,4
RETLIF TESTING LABS,"THE GRIFFIN GROUP GLOBAL, LLC",NY,0,4,1
"BA SECURITIES, LLC","ADVANCED POLICY CONSULTING, LLC",PA,20000,1,1
"ASPEN CONSULTING SERVICE, LLC ON BEHALF OF KERECIS, INC.",MCGUIREWOODS CONSULTING (A SUBSIDIARY OF MCGUIREWOODS LLP),GA,50000,1,2
INVESTMENT COMPANY INSTITUTE (ICI),"ADVANCED POLICY CONSULTING, LLC",DC,20000,3,1
"INSIGHTEC, LTD.",MCGUIREWOODS CONSULTING (A SUBSIDIARY OF MCGUIREWOODS LLP),TX,30000,1,2
OREGON DEPARTMENT OF CONSUMER AND BUSINESS SERVICES,MCGUIREWOODS CONSULTING (A SUBSIDIARY OF MCGUIREWOODS LLP),OR,30000,1,1
MANUFACTURED HOUSING INSTITUTE (MHI),"ADVANCED POLICY CONSULTING, LLC",VA,20000,2,1
UNITED NETWORK FOR ORGAN SHARING (UNOS),MCGUIREWOODS CONSULTING (A SUBSIDIARY OF MCGUIREWOODS LLP),VA,70000,1,4
PHARMACEUTICAL RESEARCH AND MANUFACTURERS OF AMERICA (PHRMA),"ADVANCED POLICY CONSULTING, LLC",DC,40000,1,1
GOODCELL,"ADVANCED POLICY CONSULTING, LLC",MA,0,2,1
KINGSBERRY FUEL CELL POWER CORPORATION,"ADVANCED POLICY CONSULTING, LLC",MI,20000,1,1
ATA ACTION,"ADVANCED POLICY CONSULTING, LLC",VA,20000,2,1
DECLASSIFY UAP LLC,DECLASSIFY UAP LLC,MD,0,4,1
NATIONAL ASSOCIATION OF DEVELOPMENT COMPANIES,NATIONAL ASSOCIATION OF DEVELOPMENT COMPANIES,DC,56009,1,1
SAP AMERICA INC,"ETHERTON AND ASSOCIATES, INC.",,40000,2,1
AMERICAN SUGARBEET GROWERS ASSOCIATION,AMERICAN SUGARBEET GROWERS ASSOCIATION,DC,130000,5,2
ODYS AVIATION,DUNE RIDGE ADVISORS,CA,25000,1,1
INTERNEWS,ANTHONY GARRETT & ASSOCIATES,DC,0,1,1
"SHIPT, INC.","SHIPT, INC.",AL,0,1,1
ARKANSAS RESEARCH ALLIANCE,IMPACT MANAGEMENT GROUP,AR,0,2,1
AMERICAN ASSOCIATION OF PORT AUTHORITIES,AMERICAN ASSOCIATION OF PORT AUTHORITIES,DC,322750,7,4
MARQUETTE UNIVERSITY,MARQUETTE UNIVERSITY,WI,20000,4,1
HARDWOOD FEDERATION,HARDWOOD FEDERATION,DC,37000,6,2
SABINE NECHES,KENT CAPERTON CONSULTING,TX,15000,1,1
"BALTIMORE URBAN REVITALIZATION, LLC",MCGUIREWOODS CONSULTING (A SUBSIDIARY OF MCGUIREWOODS LLP),NY,40000,3,3
TEXAS A&M UNIVERSITY SYSTEM,KENT CAPERTON CONSULTING,DC,22500,3,1
DEVRY UNIVERSITY,MCGUIREWOODS CONSULTING (A SUBSIDIARY OF MCGUIREWOODS LLP),IL,40000,1,1
HILLSIDE ATLANTA,MCGUIREWOODS CONSULTING (A SUBSIDIARY OF MCGUIREWOODS LLP),GA,20000,2,2
ORGANIC FARMERS ASSOCIATION,LILLIAN HAWKINS,IA,0,1,1
MARYMOUNT UNIVERSITY,MCGUIREWOODS CONSULTING (A SUBSIDIARY OF MCGUIREWOODS LLP),VA,20000,1,3
CARPI & CLAY INC ON BEHALF OF MARIN COUNTY TRANSIT DISTRICT,O'HARE INFRASTRUCTURE STRATEGIES LLC,DC,10000,1,1
THE LEAVEN GROUP LLC,MCGUIREWOODS CONSULTING (A SUBSIDIARY OF MCGUIREWOODS LLP),GA,10000,2,2
"CITY OF WESTMINSTER, COLORADO",SQUIRE PATTON BOGGS,CO,30000,1,1
COMMERCE CITY,SQUIRE PATTON BOGGS,CO,20000,1,1
EXXON MOBIL CORPORATION,PENN AVENUE PARTNERS,TX,30000,3,3
"CHARTER COMMUNICATIONS, INC.",PENN AVENUE PARTNERS,CT,50000,1,1
"POLARIS INDUSTRIES, INC.","ADVANCED POLICY CONSULTING, LLC",MN,30000,5,1
UNIVERSITY OF RHODE ISLAND,UNIVERSITY OF RHODE ISLAND,RI,60000,2,1
DENVER WATER,SQUIRE PATTON BOGGS,CO,20000,1,1
AMERICANS UNITED FOR SEPARATION OF CHURCH AND STATE,AMERICANS UNITED FOR SEPARATION OF CHURCH AND STATE,DC,121598,2,1
IOWA STUDENT LOAN LIQUIDITY CORPORATION,POLICYWORKS,IA,16500,1,1
HEALTH-E COMMERCE INCLUDING SUBSIDIARIES,"ADVANCED POLICY CONSULTING, LLC",NY,40000,2,1
"CENTRAL ARKANSAS RADIATION THERAPY INSTITUTE, INC.",IMPACT MANAGEMENT GROUP,AR,0,2,1
OMAHA PUBLIC POWER DISTRICT (OPPD),"ADVANCED POLICY CONSULTING, LLC",NE,20000,6,1
GREEN PLAINS,GREEN PLAINS INC.,NE,50000,8,1
GULF ENERGY ALLIANCE,HOLLAND & KNIGHT LLP,TX,80000,1,2
POWER & COMMUNICATIONS CONTRACTORS ASSOC. (PCCA),MR. JAIME STEVE,VA,30000,3,2
AMERICAN CEMENT ASSOCIATION (FORMERLY KNOWN AS PORTLAND CEMENT ASSOCIATION),"ADVANCED POLICY CONSULTING, LLC",IL,20000,4,1
CALIFORNIA MANUFACTURING TECHNOLOGY CONSULTING,HOLLAND & KNIGHT LLP,CA,10000,1,1
AMERICAN PIPELINE CONTRACTORS ASSOCIATION,MR. JAIME STEVE,MD,30000,1,2
CONVENIENCE DISTRIBUTION ASSOCIATION,"THOMAS A. BRIANT, P.A.",VA,0,2,1
NATIONAL UTILITY CONTRACTORS ASSOCIATION,MR. JAIME STEVE,VA,30000,1,2
HERMEUS CORPORATION,HOLLAND & KNIGHT LLP,GA,50000,1,3
STATE TECHNICAL COLLEGE OF MISSOURI,MR. JAIME STEVE,MO,20000,1,2
WASDA - WATER AND SEWER DISTRIBUTORS ASSOC.,MR. JAIME STEVE,IL,0,1,2
"PACIFIC DEFENSE STRATEGIES, INC.",HOLLAND & KNIGHT LLP,CA,50000,1,2
"SUMMIT RIDGE ENERGY, LLC","ADVANCED POLICY CONSULTING, LLC",VA,30000,2,1
AMERICAN MOSQUITO CONTROL ASSOCIATION,"THE NORMANDY GROUP, LLC",CA,10000,1,3
WATERAID AMERICA,HOLLAND & KNIGHT LLP,NY,20000,1,2
"WHITE CANE, INC. DBA TELEIDOSCOPE",HOLLAND & KNIGHT LLP,CA,50000,1,5
"YELP, INC.",DENTONS US LLP,CA,40000,1,2
DANAHER CORPORATION,DENTONS US LLP,DC,60000,1,2
"HEALTH SUPPLY US, LLC","THE LIVINGSTON GROUP, LLC",NC,60000,1,3
PHARMACEUTICAL INDUSTRY LABOR MANAGEMENT ASSOCIATION (PILMA,DENTONS US LLP,VA,50000,1,3
INNOVATIVE VACCINE TECHNOLOGIES,"THE LIVINGSTON GROUP, LLC",UT,30000,2,3
CRYSTALLEX,FOCUS DC LLC,,30000,1,1
GOOGLE CLIENT SERVICES LLC,FOCUS DC LLC,DC,30000,2,1
"PPC BROADBAND, INC.",FOCUS DC LLC,NY,30000,1,1
"REVOLUTION CORPORATE SERVICES, INC.",FOCUS DC LLC,DC,30000,3,1
STARKEY HEARING TECHNOLOGIES,FOCUS DC LLC,MN,20000,2,1
ORACLE CORPORATION,"THE LIVINGSTON GROUP, LLC",DC,80000,1,3
RONALD MCDONALD HOUSE OF CHARLESTON,MCGUIREWOODS CONSULTING (A SUBSIDIARY OF MCGUIREWOODS LLP),SC,20000,2,2
AFRICAN COALITION FOR TRADE,"RYBERG AND SMITH, L.L.C.",DC,5000,1,1
FULTON COUNTY,MCGUIREWOODS CONSULTING (A SUBSIDIARY OF MCGUIREWOODS LLP),GA,30000,2,2
MAURITIUS SUGAR SYNDICATE AND MAURITIUS CHAMBER OF AGRICULTURE,"RYBERG AND SMITH, L.L.C.",,0,2,1
CTIA-THE WIRELESS ASSOCIATION,"MINTZ LEVIN COHN FERRIS GLOVSKY AND POPEO, P.C.",DC,60000,1,1
FUTURE OF LIFE INSTITUTE,DENTONS US LLP,CA,90000,1,3
"MAURITIUS-U.S. BUSINESS ASSOCIATION, INC.","RYBERG AND SMITH, L.L.C.",DC,0,1,1
INTERNATIONAL SUGAR TRADE COALITION,"RYBERG AND SMITH, L.L.C.",DC,0,2,1
CBI SUGAR GROUP,"RYBERG AND SMITH, L.L.C.",,0,2,1
CHESTER COUNTY WASTEWATER RECOVERY,MCGUIREWOODS CONSULTING (A SUBSIDIARY OF MCGUIREWOODS LLP),SC,20000,3,2
FLORIDA CRYSTALS CORP.,"RYBERG AND SMITH, L.L.C.",DC,0,1,1
WEBMYERS CONSTRUCTION,MCGUIREWOODS CONSULTING (A SUBSIDIARY OF MCGUIREWOODS LLP),GA,20000,1,4
"THE GEORGIA AQUARIUM, INC.",DENTONS US LLP,GA,10000,1,1
"DUPAGE COUNTY, IL",MCGUIREWOODS CONSULTING (A SUBSIDIARY OF MCGUIREWOODS LLP),IL,0,3,3
VILLAGE OF FRANKLIN PARK,MCGUIREWOODS CONSULTING (A SUBSIDIARY OF MCGUIREWOODS LLP),IL,10000,4,1
"COUNTY OF LAKE, ILLINOIS",MCGUIREWOODS CONSULTING (A SUBSIDIARY OF MCGUIREWOODS LLP),IL,10000,3,2
"WRITERS GUILD OF AMERICA, WEST","FORSCEY, PLLC",CA,30000,4,2
NORTHERN MORAINE WASTEWATER RECLAMATION DISTRICT,MCGUIREWOODS CONSULTING (A SUBSIDIARY OF MCGUIREWOODS LLP),IL,10000,1,1
VILLAGE OF EVERGREEN PARK,MCGUIREWOODS CONSULTING (A SUBSIDIARY OF MCGUIREWOODS LLP),IL,10000,3,1
NORTHEAST OHIO REGIONAL SEWER DISTRICT,NORTHEAST OHIO REGIONAL SEWER DISTRICT,OH,0,3,1
BAYCARE HEALTH SYSTEM,RED+BLUE STRATEGIES,FL,60000,2,2
"STELLA-JONES CORPORATION (FORMERLY KNOWN AS MCFARLAND CASCADE HOLDINGS, INC.)","STELLA-JONES CORPORATION (FORMERLY KNOWN AS MCFARLAND CASCADE HOLDINGS, INC.)",WA,0,3,1
"ATHENAHEALTH, INC.","ATHENAHEALTH, INC.",MA,60000,1,2
TIKTOK INC.,DENTONS US LLP,CA,120000,1,2
"EKLUTNA, INC.","ALASKA NATIVE CHAMBER, LLC",AK,10000,2,1
NATIONAL PARTNERSHIP FOR HOSPICE INNOVATION,HEALTHSPERIEN,DC,15000,2,2
CINCINNATI BELL INC (DBA ALTAFIBER) AND ITS SUBSIDIARIES,CINCINNATI BELL INC (DBA ALTAFIBER) AND ITS SUBSIDIARIES,OH,10000,1,1
NORTH CENTRAL MONTANA REGIONAL WATER SYSTEM PROJECT,YELLOWSTONE STRATEGIES,MT,18750,1,1
LOWER YELLOWSTONE IRRIGATION PROJECT,YELLOWSTONE STRATEGIES,MT,10500,1,1
EUROPEAN BANKING FEDERATION - EBF,EUROPEAN BANKING FEDERATION - EBF,,8000,2,2
AMAZON.COM SERVICES LLC,HOLLAND & KNIGHT LLP,DC,20000,1,1
AGNC INVESTMENT CORP.,HOLLAND & KNIGHT LLP,MD,30000,1,1
COUNCIL FOR AFFORDABLE AND RURAL HOUSING,HOLLAND & KNIGHT LLP,VA,40000,3,1
DELAWARE NORTH,HOLLAND & KNIGHT LLP,NY,30000,2,1
NIAGARA FRONTIER TRANSPORTATION AUTHORITY,HOLLAND & KNIGHT LLP,NY,30000,1,3
KOCHO ANGJUSHEV,RESEARCH SERVICE BUREAU,,0,1,4
NATIONAL TRUCK EQUIPMENT ASSOCIATION,NATIONAL TRUCK EQUIPMENT ASSOCIATION,DC,40000,2,1
THE INDEPENDENCE FUND,TWO BRANCH STRATEGIES,NC,40000,1,1
T-MOBILE USA INC,"THE MAJORITY GROUP, LLC",DC,30000,1,1
SHORELIGHT EDUCATION,"THE MAJORITY GROUP, LLC",MA,90000,3,4
"EXPANSION FUNDING PARTNERS, LLC","THE MAJORITY GROUP, LLC",IL,260000,1,2
CONNECTED COMMERCE COUNCIL,"THE MAJORITY GROUP, LLC",SC,150000,1,3
CBC NATIONAL BANK MORTGAGE,"THE MAJORITY GROUP, LLC",UT,120000,2,4
"SOLVAY AMERICA, INC.","THE MAJORITY GROUP, LLC",TX,50000,2,3
NATIONAL ORGANIZATION FOR THE REFORM OF MARIJUANA LAWS,NATIONAL ORGANIZATION FOR THE REFORM OF MARIJUANA LAWS,DC,10000,1,1
"HOUSE CANARY, INC.","THE MAJORITY GROUP, LLC",CA,50000,1,4
CLICK N' CLOSE (FORMERLY MID AMERICA MORTGAGE),"THE MAJORITY GROUP, LLC",TX,20000,1,3
NATIONSTAR MORTGAGE,"THE MAJORITY GROUP, LLC",TX,30000,1,2
"THE AMHERST GROUP, LLC","THE MAJORITY GROUP, LLC",TX,55000,1,3
UNITED FIDELITY FUNDING CORPORATION,"THE MAJORITY GROUP, LLC",MO,10000,1,1
"SUPERIOR OPTICAL LAB, INC.","THE MAJORITY GROUP, LLC",MS,30000,1,2
DEVELOPERS ALLIANCE,"THE MAJORITY GROUP, LLC",DC,60000,1,1
"PENNYMAC LOAN SERVICES, LLC","THE MAJORITY GROUP, LLC",CA,90000,1,2
"SHARX, LLC","THE MAJORITY GROUP, LLC",MO,65000,1,1
OWENS CORNING,OWENS CORNING,DC,150000,4,2
INSTITUTE FOR RESPONSIVE GOVERNMENT,"MANATT, PHELPS, AND PHILLIPS",IL,20000,1,1
GAS TECHNOLOGY INSTITUTE,GAS TECHNOLOGY INSTITUTE,DC,60000,2,1
XYLEM INC.,XYLEM INC.,NY,140000,7,1
NATIONAL COMMUNITY ACTION AGENCY,DAVID A. BRADLEY,DC,61500,2,1
ADVOCATES FOR HIGHWAY AND AUTO SAFETY,ADVOCATES FOR HIGHWAY AND AUTO SAFETY,DC,68987,3,2
AMERICAS STYRENICS,THE VOGEL GROUP,TX,48000,3,2
"ARRL, THE NATIONAL TRADE ASSOCIATION FOR AMATEUR RADIO",THE VOGEL GROUP,CT,30000,2,3
PLASTICS INDUSTRY ASSOCIATION,THE VOGEL GROUP,DC,57000,1,3
PIKE,THE VOGEL GROUP,NC,22500,1,2
LAS VEGAS SANDS CORPORATION,THE VOGEL GROUP,NV,37500,1,1
MASON CONTRACTORS ASSOCIATION OF AMERICA,THE VOGEL GROUP,IL,18500,1,2
NATIONAL REAL ESTATE INVESTORS ASSOCIATION,THE VOGEL GROUP,OH,0,2,4
REFRACTION ASSET MANAGEMENT LTD.,THE VOGEL GROUP,,60200,2,4
ENVIRONMENTAL LAW AND POLICY CENTER,"ALEXANDER, BOROVICKA & O'SHEA GOVERNMENT SOLUTIONS (FKA ALEXANDER & BOROVICKA GO",IL,20000,1,2
UNITED BROTHERHOOD OF CARPENTERS,THE VOGEL GROUP,DC,15000,2,1
"MCLANE COMPANY, INC.","ALEXANDER, BOROVICKA & O'SHEA GOVERNMENT SOLUTIONS (FKA ALEXANDER & BOROVICKA GO",TX,30000,1,1
CLEMSON UNIVERSITY,CDB PROJX LLC,SC,0,1,1
NATIONAL FRAGILE X FOUNDATION,WATKINS & EAGER PLLC,VA,15000,3,1
THORN RUN PARTNERS ON BEHALF OF CLEMSON UNIVERSITY,CDB PROJX LLC,DC,12000,2,1
AARP,WATKINS & EAGER PLLC,CA,37500,2,1
TZEDEK ASSOCIATION,THE VOGEL GROUP,NY,7600,1,3
"NATCHEZ, INC.",WATKINS & EAGER PLLC,MS,15000,1,2
AMERICAN HELLENIC INSTITUTE,"WASHINGTON & MADISON, LLC",DC,6000,1,1
MAX SCHACHTER,THE VOGEL GROUP,FL,0,1,3
CITY OF CLINTON,WATKINS & EAGER PLLC,MS,30000,1,2
ABBOTT,MCDERMOTT+ LLC,CA,40000,2,1
FORREST-LAMAR ALLIANCE,WATKINS & EAGER PLLC,MS,22500,1,2
GLOBAL HERITAGE ALLIANCE,"WASHINGTON & MADISON, LLC",DC,6000,2,1
ALLIANCE FOR RURAL HOSPITAL ACCESS,MCDERMOTT+ LLC,DC,70000,2,3
CITY OF PETAL,WATKINS & EAGER PLLC,MS,15000,2,2
ANCIENT COIN COLLECTORS GUILD,"WASHINGTON & MADISON, LLC",MO,0,1,1
CITY OF LOUISVILLE,WATKINS & EAGER PLLC,MS,15000,1,2
SCHOOL-BASED HEALTH ALLIANCE,THE VOGEL GROUP,DC,22500,3,2
BIG HEALTH INC.,MCDERMOTT+ LLC,CA,0,1,2
KASASA,KASASA,TX,0,1,1
INNOVA PREP SCHOOL,WATKINS & EAGER PLLC,MS,15000,1,2
POINT OF CARE TESTING ASSOCIATION,MCDERMOTT+ LLC,DC,30000,1,2
HARMONY BIOSCIENCES,WATKINS & EAGER PLLC,DC,30000,1,1
"SVANTE, INC.",THE VOGEL GROUP,,30000,5,3
FARM CREDIT MID-AMERICA,FARM CREDIT MID-AMERICA,KY,20000,2,1
TRINITY HEALTH,MCDERMOTT+ LLC,MI,30000,2,3
AMERICAN ACADEMY OF OPHTHALMOLOGY,MCDERMOTT+ LLC,DC,70000,3,4
MERCY HOUSE ADULT AND TEEN CHALLENGE,WATKINS & EAGER PLLC,MS,0,1,2
GENWORTH FINANCIAL INC.,THE VOGEL GROUP,VA,36000,4,4
"CASTLE BIOSCIENCES, INC.",MCDERMOTT+ LLC,TX,40000,1,3
URGENT CARE ASSOCIATION,MCDERMOTT+ LLC,IL,60000,1,4
"SELF-INSURANCE INSTITUTE OF AMERICA, INC.",CC LAW & POLICY,SC,0,1,1
SECURITY INDUSTRY ASSOCIATION,SECURITY INDUSTRY ASSOCIATION,MD,24000,6,1
ALLEGHENY COUNTY AIRPORT AUTHORITY,SUMMIT STRATEGIES GOVERNMENT AFFAIRS LLC,PA,40000,3,1
ZELIS,MCDERMOTT+ LLC,MA,90000,1,2
BUCHANAN INGERSOLL & ROONEY PC ON BEHALF OF THE CITY OF PITTSBURGH,SUMMIT STRATEGIES GOVERNMENT AFFAIRS LLC,PA,10000,5,1
THE ERISA INDUSTRY COMMITTEE,CC LAW & POLICY,DC,0,1,1
COALITION TO PROTECT AND PROMOTE ASSOCIATION HEALTH PLANS (INFORMAL COALITION),CC LAW & POLICY,FL,0,1,1
BUCHANAN INGERSOLL & ROONEY PC ON BEHALF OF PITTSBURGH REGIONAL TRANSIT,SUMMIT STRATEGIES GOVERNMENT AFFAIRS LLC,PA,10000,2,1
INSTITUTIONAL SHAREHOLDER SERVICES,THE VOGEL GROUP,MD,60000,2,7
BUCHANANINGERSOLL&ROONEYPCONBEHALFOF URBANREDEVELOPMENT AUTHORITY OF PITTSBURGH,SUMMIT STRATEGIES GOVERNMENT AFFAIRS LLC,PA,10000,5,1
COLGATE - PALMOLIVE,"TAFT STETTINIUS & HOLLISTER LLP DBA TAFT ADVISORS LLC FKA (TAFT, STETTINIUS & HOLLISTER, LLP)",NY,20000,1,1
THE BOROUGH OF SEWICKLEY,SUMMIT STRATEGIES GOVERNMENT AFFAIRS LLC,PA,10000,1,2
FIDELITY AND GUARANTY LIFE,"TAFT STETTINIUS & HOLLISTER LLP DBA TAFT ADVISORS LLC FKA (TAFT, STETTINIUS & HOLLISTER, LLP)",IA,40000,1,1
JTEKT NORTH AMERICA,"TAFT STETTINIUS & HOLLISTER LLP DBA TAFT ADVISORS LLC FKA (TAFT, STETTINIUS & HOLLISTER, LLP)",SC,10000,1,1
QUAKER VALLEY SCHOOL DISTRICT,SUMMIT STRATEGIES GOVERNMENT AFFAIRS LLC,PA,20000,1,2
TOMORROW.IO,"TAFT STETTINIUS & HOLLISTER LLP DBA TAFT ADVISORS LLC FKA (TAFT, STETTINIUS & HOLLISTER, LLP)",MA,0,1,1
21ST CENTURY SCHOOL FUND,THE VOGEL GROUP,DC,0,2,2
"MID-AMERICAN GUNITE, INC.","TAFT STETTINIUS & HOLLISTER LLP DBA TAFT ADVISORS LLC FKA (TAFT, STETTINIUS & HOLLISTER, LLP)",MI,0,1,1
ELECTRIC POWER SUPPLY ASSOCIATION,ELECTRIC POWER SUPPLY ASSOCIATION,DC,40000,1,2
EXHIBITIONS & CONFERENCES ALLIANCE,EXHIBITIONS & CONFERENCES ALLIANCE,GA,70000,6,1
NONVIOLENT PEACEFORCE,THE VOGEL GROUP,MN,0,2,1
WUXI BIOLOGICS USA LLC,FGS GLOBAL (US) LLC (FKA FGH HOLDINGS LLC),,40000,2,3
AMERICAN SOCIETY OF RADIOLOGIC TECHNOLOGISTS,AMERICAN SOCIETY OF RADIOLOGIC TECHNOLOGISTS,NM,0,2,1
HEALTHCARE SUPPLY CHAIN ASSOCIATION,THE VOGEL GROUP,DC,30400,4,2
AMERICAN FINANCIAL SERVICES ASSOCIATION,AMERICAN FINANCIAL SERVICES ASSOCIATION,DC,280000,9,3
"TIRE PROS FRANCORP, LLC",MCGUIREWOODS CONSULTING (A SUBSIDIARY OF MCGUIREWOODS LLP),NC,50000,3,3
RENEWABLE BIOFUELS,THE VOGEL GROUP,TX,30000,5,5
THEODORE ROOSEVELT PRESIDENTIAL LIBRARY FOUNDATION,MCGUIREWOODS CONSULTING (A SUBSIDIARY OF MCGUIREWOODS LLP),ND,20000,2,2
"EMPIRICAL SYSTEMS AEROSPACE, INC.",THE VOGEL GROUP,CA,30000,2,5
NEXANS HIGH VOLTAGE USA,MCGUIREWOODS CONSULTING (A SUBSIDIARY OF MCGUIREWOODS LLP),SC,40000,2,2
NEIGHBORS BANK,MCGUIREWOODS CONSULTING (A SUBSIDIARY OF MCGUIREWOODS LLP),MO,50000,1,3
NATIONAL ASSOCIATION OF LOCUM TENENS ORGANIZATIONS (NALTO),MCGUIREWOODS CONSULTING (A SUBSIDIARY OF MCGUIREWOODS LLP),FL,30000,1,2
LITHOS CARBON,MCGUIREWOODS CONSULTING (A SUBSIDIARY OF MCGUIREWOODS LLP),WA,10000,3,3
NATIONAL COUNCIL ON SCHOOL FACILITIES,THE VOGEL GROUP,DC,0,2,1
COMMERCE BANK,COMMERCE BANK,MO,0,1,1
PACIFY HEALTH,THE VOGEL GROUP,DC,0,1,3
"FENIX INTERNATIONAL, LTD.",THE VOGEL GROUP,,120000,1,3
INTERNATIONAL UNION OF PAINTERS AND ALLIED TRADES,THE VOGEL GROUP,MD,15000,2,3
JEA,THE VOGEL GROUP,FL,48000,2,3
NATIONAL CLUB ASSOCIATION,NATIONAL CLUB ASSOCIATION,DC,20000,4,1
HEARING INDUSTRIES ASSOCIATION,THE VOGEL GROUP,DC,37600,4,4
OAKLAND UNIVERSITY,THE BURNHAM GROUP LLC,MI,10000,5,1
AUTOMATION ALLEY,THE BURNHAM GROUP LLC,MI,20000,3,1
DOMTAR CORPORATION FKA PAPER EXCELLENCE HOLDINGS CORPORATION FKA DOMTAR,ORION ADVOCATES,SC,50000,9,1
"BIOMASS ENERGY SYSTEMS, INC. (BESI)",MCGUIREWOODS CONSULTING (A SUBSIDIARY OF MCGUIREWOODS LLP),IL,20000,2,2
TRELLIX (FORMERLY MUSARUBA US LLC),THE VOGEL GROUP,VA,15000,1,4
PELLET FUELS INSTITUTE FKA PFI,ORION ADVOCATES,VA,15000,2,1
INFINITY FLIGHT GROUP,THE VOGEL GROUP,NJ,12000,1,2
CHICKASAW NATION,"RED MAPLE CONSULTING, LLC",OK,80000,6,1
HARDWOOD FEDERATION,ORION ADVOCATES,DC,30000,4,1
INDIAN GAMING ASSOCIATION (FKA NATIONAL INDIAN GAMING ASSOCIATION),"RED MAPLE CONSULTING, LLC",DC,20000,4,1
"HEARTH, PATIO AND BARBECUE ASSOCIATION",ORION ADVOCATES,VA,15000,2,1
NATIONAL ALLIANCE FOR PUBLIC CHARTER SCHOOLS,"RED MAPLE CONSULTING, LLC",DC,30000,1,1
HAMPTON UNIVERSITY,MCGUIREWOODS CONSULTING (A SUBSIDIARY OF MCGUIREWOODS LLP),VA,20000,3,3
FOREST RESOURCES ASSOCIATION,ORION ADVOCATES,DC,20000,3,1
TECHNOLOGY NETWORK AKA TECHNET,TECHNOLOGY NETWORK AKA TECHNET,DC,770000,17,5
LIFESHARE TRANSPLANT DONOR SERVICES OF OKLAHOMA,"RED MAPLE CONSULTING, LLC",OK,30000,2,1
WOOD INDUSTRY ASSOCIATION (FKA WOOD MACHINERY MANUFACTURERS OF AMERICA,ORION ADVOCATES,MD,10000,3,1
AMERICAN BUILDING MATERIALS ALLIANCE,ORION ADVOCATES,NY,20000,4,1
ARKANSAS CHILDREN'S HOSPITAL,RAY C CULVER III,AR,0,1,1
NORTH STAR SCIENTIFIC CORPORATION,"RED MAPLE CONSULTING, LLC",HI,30000,2,1
"BIOMASS ENERGY SYSTEMS, INC (BESI)","RED MAPLE CONSULTING, LLC",IL,20000,2,1
CHICKASAW INKANA FOUNDATION (ON BEHALF OF THE CHICKASAW NATION),"RED MAPLE CONSULTING, LLC",MS,0,1,1
MARINERS' MUSEUM,"RED MAPLE CONSULTING, LLC",VA,20000,1,1
UNITED LAUNCH ALLIANCE,"RED MAPLE CONSULTING, LLC",CO,40000,1,1
FREEDOM FROM RELIGION FOUNDATION,FREEDOM FROM RELIGION FOUNDATION,DC,50000,3,1
340B HEALTH,RAY ANDERSON,DC,0,1,1
"C.H. ROBINSON WORLDWIDE, INC.","C.H. ROBINSON WORLDWIDE, INC.",MN,130000,1,1
AGILITI,"HALL, RENDER, KILLIAN, HEATH & LYMAN, P.C.",MN,30000,1,3
FRIENDS OF PUERTO RICO,MIRSONIA GROUP,DC,0,1,2
ALLIANCE FOR QUALITY MEDICAL DEVICE SERVICING,"HALL, RENDER, KILLIAN, HEATH & LYMAN, P.C.",IN,0,1,3
"COMMUNITY HEALTH NETWORK, INC. INDIANAPOLIS","HALL, RENDER, KILLIAN, HEATH & LYMAN, P.C.",IN,42000,1,3
CROTHALL HEALTHCARE,"HALL, RENDER, KILLIAN, HEATH & LYMAN, P.C.",NC,0,1,3
DECATUR COUNTY MEMORIAL HOSPITAL,"HALL, RENDER, KILLIAN, HEATH & LYMAN, P.C.",IN,0,1,3
"NETHOPE, INC.",ARK STRATEGY,VA,20000,1,1
BETTER WORLD CAMPAIGN,MWMURRAY CONSULTING LLC,DC,9000,2,1
EISENHOWER HEALTH,"HALL, RENDER, KILLIAN, HEATH & LYMAN, P.C.",CA,20000,1,3
PASCUA YAQUI TRIBE OF ARIZONA,"COPPER HILL STRATEGIES, LLC",AZ,10000,2,1
GOSHEN HEALTH,"HALL, RENDER, KILLIAN, HEATH & LYMAN, P.C.",IN,0,1,3
GUTHRIE CLINIC,"HALL, RENDER, KILLIAN, HEATH & LYMAN, P.C.",PA,14461,1,3
HALL RENDER 340B COLLABORATIVE,"HALL, RENDER, KILLIAN, HEATH & LYMAN, P.C.",IN,29700,2,3
HANCOCK REGIONAL HOSPITAL,"HALL, RENDER, KILLIAN, HEATH & LYMAN, P.C.",IN,0,1,3
HELEN KELLER INTERNATIONAL,MWMURRAY CONSULTING LLC,DC,6000,2,1
HENDRICKS REGIONAL HEALTH,"HALL, RENDER, KILLIAN, HEATH & LYMAN, P.C.",IN,0,1,3
"EVOLUTION SPACE, INC.",ARK STRATEGY,IL,15000,1,1
HENRY COUNTY HOSPITAL,"HALL, RENDER, KILLIAN, HEATH & LYMAN, P.C.",IN,0,1,3
"INDIANA COUNCIL OF COMMUNITY MENTAL HEALTH CENTERS, INC.","HALL, RENDER, KILLIAN, HEATH & LYMAN, P.C.",IN,24000,2,3
INDIANA HOSPITAL ASSOCIATION,"HALL, RENDER, KILLIAN, HEATH & LYMAN, P.C.",IN,30000,1,3
AIDS HEALTHCARE FOUNDATION,"PARRY, ROMANI, DECONCINI & SYMMS",CA,60000,2,2
JOHNSON MEMORIAL HOSPITAL,"HALL, RENDER, KILLIAN, HEATH & LYMAN, P.C.",IN,0,1,3
RELX INC.,THE VOGEL GROUP,DC,50000,1,3
LEE HEALTH SYSTEM,"HALL, RENDER, KILLIAN, HEATH & LYMAN, P.C.",FL,11250,1,3
KIWANIS INTERNATIONAL,MWMURRAY CONSULTING LLC,IN,10000,2,2
ALABAMA-COUSHATTA TRIBE OF TEXAS,"PARRY, ROMANI, DECONCINI & SYMMS",TX,0,1,2
LIBERTY PARTNERS GROUP,"HALL, RENDER, KILLIAN, HEATH & LYMAN, P.C.",DC,5000,1,3
UNICEF USA,MWMURRAY CONSULTING LLC,NY,20000,2,1
GENERAL NUTRITION CENTER,"PARRY, ROMANI, DECONCINI & SYMMS",PA,0,1,2
LOGANSPORT MEMORIAL HOSPITAL,"HALL, RENDER, KILLIAN, HEATH & LYMAN, P.C.",IN,0,1,3
PELLET FUELS INSTITUTE FKA PFI,ORION ADVOCATES,VA,15000,2,1
GIRLS ON THE RUN INTERNATIONAL (GOTR),"ACTIVE POLICY SOLUTIONS, LLC",NC,0,2,2
MAJOR HEALTH PARTNERS,"HALL, RENDER, KILLIAN, HEATH & LYMAN, P.C.",IN,0,1,3
MARGARET MARY HEALTH,"HALL, RENDER, KILLIAN, HEATH & LYMAN, P.C.",IN,0,1,3
EPSILON CARBON PRIVATE LIMITED,THE VOGEL GROUP,,25000,3,2
DOLLAR GENERAL,THE VOGEL GROUP,TN,52500,2,4
AMERICAN COUNCILS FOR INTERNATIONAL EDUCATION,MWMURRAY CONSULTING LLC,DC,30000,2,2
"SERVPRO INDUSTRIES, LLC",THE VOGEL GROUP,TN,0,1,3
MARION GENERAL HOSPITAL,"HALL, RENDER, KILLIAN, HEATH & LYMAN, P.C.",IN,0,1,3
"NETWORTH SERVICES, INC","PARRY, ROMANI, DECONCINI & SYMMS",AZ,0,3,2
MERCY HEALTH SYSTEM,"HALL, RENDER, KILLIAN, HEATH & LYMAN, P.C.",MO,30000,1,3
"DOC WAYNE YOUTH SERVICES, INC.","ACTIVE POLICY SOLUTIONS, LLC",MA,0,2,2
NATIONAL ORGANIZATION OF STATE OFFICES OF RURAL HEALTH,"HALL, RENDER, KILLIAN, HEATH & LYMAN, P.C.",MI,16000,1,3
NINESTAR CONNECT,"HALL, RENDER, KILLIAN, HEATH & LYMAN, P.C.",IN,15000,2,3
"GAVI, THE VACCINE ALLIANCE",MWMURRAY CONSULTING LLC,DC,20000,2,1
RIVERVIEW HEALTH,"HALL, RENDER, KILLIAN, HEATH & LYMAN, P.C.",IN,0,1,3
RUSH MEMORIAL HOSPITAL,"HALL, RENDER, KILLIAN, HEATH & LYMAN, P.C.",IN,0,1,3
SODEXO CLINICAL TECHNOLOGY MANAGEMENT,"HALL, RENDER, KILLIAN, HEATH & LYMAN, P.C.",TN,0,1,2
SUBURBAN HEALTH ORGANIZATION,"HALL, RENDER, KILLIAN, HEATH & LYMAN, P.C.",IN,39000,1,3
STI/SPFA,THE VOGEL GROUP,IL,15300,2,2
"TELIX PHARMACEUTICALS, INC.","HALL, RENDER, KILLIAN, HEATH & LYMAN, P.C.",IN,39000,1,3
THEDACARE HEALTH SYSTEM,"HALL, RENDER, KILLIAN, HEATH & LYMAN, P.C.",WI,0,2,3
"SUMMIT NEXT GEN (FKA APEX RENEWABLES, LLC)",THE VOGEL GROUP,DE,60000,8,4
WITHAM HOSPITAL,"HALL, RENDER, KILLIAN, HEATH & LYMAN, P.C.",IN,0,1,3
ASPIRE FOOD GROUP,DENTONS US LLP,TX,30000,1,2
ALLERGY STANDARDS LIMITED,THE VOGEL GROUP,,0,3,2
FLIGHT SCHOOL INTERNATIONAL (FKA FLIGHT SCHOOL ASSOCIATION OF NORTH AMERICA),THE VOGEL GROUP,PA,18000,1,3
CATFISH FARMERS OF AMERICA,ROSE GROUP ADVISORS,MS,30000,2,1
THE METALS COMPANY,THE VOGEL GROUP,BC,62000,1,6
NATIONAL REVERSE MORTGAGE LENDERS ASSOCIATION,"FENNEL CONSULTING, LLC",DC,10000,1,1
SANTA CLARA COUNTY HOUSING AUTHORITY,"FENNEL CONSULTING, LLC",CA,30000,1,1
SYMBION POWER SERVICES,KRL INTERNATIONAL LLC,DC,0,1,1
AMERICAN COLLEGE OF SURGEONS,AMERICAN COLLEGE OF SURGEONS,DC,220000,4,8
MM-LAW LLC (ON BEHALF OF CERTAIN AMERICAN VETERANS & GOLD STAR FAMILIES),MCGUIREWOODS CONSULTING (A SUBSIDIARY OF MCGUIREWOODS LLP),IL,0,2,2
MCR OIL TOOLS,THE VOGEL GROUP,TX,30000,2,1
TEXANS AGAINST HIGH-SPEED RAIL,THE VOGEL GROUP,TX,6000,1,1
"NATIONAL HOUSING COMPLIANCE, INC.","FENNEL CONSULTING, LLC",GA,10000,1,1
"SANDBOXX, INC.",THE VOGEL GROUP,VA,15000,1,3
GERALD METALS LLC,KRL INTERNATIONAL LLC,CT,20000,2,1
KATHAIROS SOLUTIONS,THE VOGEL GROUP,DE,30000,3,3
"CHIPPS, CAFFREY AND DUBILIER, P. S. C.",GABBERT CONSULTING CO LLC,KY,9000,2,1
AMERICAN TRADE ASSOCIATION FOR CANNABIS AND HEMP (ATACH),THE VOGEL GROUP,DC,45000,3,3
AFRICA FINANCE CORPORATION,KRL INTERNATIONAL LLC,,78142.84,2,1
GV SPRING HILL,THE VOGEL GROUP,MA,40000,1,3
AMERICAN COLLEGE OF SURGEONS PROFESSIONAL ASSOCIATION,AMERICAN COLLEGE OF SURGEONS PROFESSIONAL ASSOCIATION,DC,10000,4,8
VETERAN MENTAL HEALTH LEADERSHIP COALITION,THE VOGEL GROUP,NY,15000,2,3
INNOVATIX,"DUMBARTON GROUP, LLC",NY,0,1,2
NAVANCIO LLC,THE VOGEL GROUP,NV,22600,1,1
MINT INNOVATION,THE VOGEL GROUP,,45000,1,5
ASSOCIATION ON HIGHER EDUCATION AND DISABILITY (AHEAD),"ACTIVE POLICY SOLUTIONS, LLC",SC,30000,1,2
ASSOCIATION OF STATE DAM SAFETY OFFICIALS,AMERICAN SOCIETY OF CIVIL ENGINEERS,KY,0,3,2
"CITY OF AGOURA HILLS, CA",DOWNS GOVERNMENT AFFAIRS,CA,0,1,1
"ACHIEVING THE DREAM, INC.",DOWNS GOVERNMENT AFFAIRS,MD,0,1,1
AMERICAN COLLEGE HEALTH ASSOCIATION,"ACTIVE POLICY SOLUTIONS, LLC",MD,5000,1,3
DELGADO COMMUNITY COLLEGE,DOWNS GOVERNMENT AFFAIRS,LA,0,1,1
FLETCHER TECHNICAL COMMUNITY COLLEGE,DOWNS GOVERNMENT AFFAIRS,LA,0,1,1
FLORIDA KEYS COMMUNITY COLLEGE,DOWNS GOVERNMENT AFFAIRS,FL,0,1,1
MIRACOSTA COLLEGE,DOWNS GOVERNMENT AFFAIRS,CA,0,1,1
NORTHEAST WISCONSIN TECHNICAL COLLEGE,DOWNS GOVERNMENT AFFAIRS,WI,10000,1,1
SAN JACINTO COLLEGE,DOWNS GOVERNMENT AFFAIRS,TX,20000,1,1
SOUTH CENTRAL LOUISIANA TECHNICAL COLLEGE,DOWNS GOVERNMENT AFFAIRS,LA,0,1,1
TIDEWATER COMMUNITY COLLEGE EDUCATION FOUNDATION,DOWNS GOVERNMENT AFFAIRS,VA,0,1,1
JOHN TYLER COMMUNITY COLLEGE FOUNDATION,DOWNS GOVERNMENT AFFAIRS,VA,0,2,1
THE DIBBLE INSTITUTE,"ACTIVE POLICY SOLUTIONS, LLC",CA,10000,3,3
HOUSATONIC COMMUNITY COLLEGE,DOWNS GOVERNMENT AFFAIRS,CT,0,2,1
"CHARTER COMMUNICATIONS OPERATING, LLC",SALINAS STRATEGIES LLC,MO,40000,2,1
"GASTON COLLEGE FOUNDATION, INC.",DOWNS GOVERNMENT AFFAIRS,NC,0,2,1
NORTHCENTRAL TECHNICAL COLLEGE,DOWNS GOVERNMENT AFFAIRS,WI,0,1,1
SAN JUAN COLLEGE,DOWNS GOVERNMENT AFFAIRS,NM,10000,2,1
VERMONT TECHNICAL COLLEGE,DOWNS GOVERNMENT AFFAIRS,VT,0,2,1
ESOP ASSOCIATION,THE ESOP ASSOCIATION,DC,180000,5,2
HINDS COMMUNITY COLLEGE,DOWNS GOVERNMENT AFFAIRS,MS,10000,1,1
COLLIN COLLEGE,DOWNS GOVERNMENT AFFAIRS,TX,0,1,1
COLLEGE OF SOUTHERN NEVADA,DOWNS GOVERNMENT AFFAIRS,NV,0,1,1
ST. CHARLES COMMUNITY COLLEGE,DOWNS GOVERNMENT AFFAIRS,MO,0,1,1
NATIONAL INSURANCE CRIME BUREAU,NATIONAL INSURANCE CRIME BUREAU,IL,20000,2,1
PORTLAND COMMUNITY COLLEGE,DOWNS GOVERNMENT AFFAIRS,OR,0,1,1
LAKE AREA TECHNICAL INSTITUTE,DOWNS GOVERNMENT AFFAIRS,SD,0,1,1
DELAWARE TECHNICAL COMMUNITY COLLEGE,DOWNS GOVERNMENT AFFAIRS,DE,0,1,1
AMERICAN COLLEGE OF CLINICAL PHARMACY,"CAPITOL ADVOCACY & GOVERNMENT AFFAIRS, LLC",KS,50000,1,1
CARTERET COMMUNITY COLLEGE,DOWNS GOVERNMENT AFFAIRS,NC,0,1,1
HAWAII COMMUNITY COLLEGE,DOWNS GOVERNMENT AFFAIRS,HI,0,4,1
UNIVERSITY OF HAWAI'I COMMUNITY COLLEGES,DOWNS GOVERNMENT AFFAIRS,HI,0,1,1
ANNE ARUNDEL COMMUNITY COLLEGE,DOWNS GOVERNMENT AFFAIRS,MD,0,3,1
MISSISSIPPI GULF COAST COMMUNITY COLLEGE,DOWNS GOVERNMENT AFFAIRS,MS,0,2,1
TALLAHASSEE COMMUNITY COLLEGE,DOWNS GOVERNMENT AFFAIRS,FL,0,1,1
TEACHING MATTERS,"ACTIVE POLICY SOLUTIONS, LLC",NY,0,1,2
EMSI,DOWNS GOVERNMENT AFFAIRS,ID,0,1,1
LONG BEACH COMMUNITY COLLEGE DISTRICT,DOWNS GOVERNMENT AFFAIRS,CA,0,1,1
SHASTA-TEHAMA-TRINITY JOINT COMMUNITY COLLEGE DISTRICT,DOWNS GOVERNMENT AFFAIRS,CA,0,1,1
WOMEN'S BASKETBALL COACHES ASSOCIATION,"ACTIVE POLICY SOLUTIONS, LLC",GA,0,1,2
TARRANT COUNTY COLLEGE,DOWNS GOVERNMENT AFFAIRS,DC,10000,1,1
NORTHEASTERN TECHNICAL COLLEGE,DOWNS GOVERNMENT AFFAIRS,SC,0,1,1
"DAKOTA COUNTY, MN",DOWNS GOVERNMENT AFFAIRS,MN,15000,1,1
"WASHINGTON COUNTY, MN",DOWNS GOVERNMENT AFFAIRS,MN,20000,1,1
MINNESOTA STATE COLLEGE SOUTHEAST,DOWNS GOVERNMENT AFFAIRS,MN,0,2,1
WEST CHESTER UNIVERSITY,DOWNS GOVERNMENT AFFAIRS,PA,0,1,1
AMERICAN INTERNATIONAL COLLEGE,DOWNS GOVERNMENT AFFAIRS,MA,0,1,1
BRISTOL COMMUNITY COLLEGE,DOWNS GOVERNMENT AFFAIRS,MA,0,1,1
GENESEE COMMUNITY COLLEGE,DOWNS GOVERNMENT AFFAIRS,NY,0,1,1
LEWIS-CLARK STATE COLLEGE,DOWNS GOVERNMENT AFFAIRS,ID,0,1,1
RUST COLLEGE,DOWNS GOVERNMENT AFFAIRS,MS,12000,1,1
UNIVERSITY OF SAN DIEGO,DOWNS GOVERNMENT AFFAIRS,CA,12000,1,1
NATIONAL ALLIANCE TO END SEXUAL VIOLENCE,ELLEN FERN,DC,10000,3,1
SOUTHERN WESLEYAN UNIVERSITY,DOWNS GOVERNMENT AFFAIRS,SC,0,1,1
SANTA ROSA JUNIOR COLLEGE,DOWNS GOVERNMENT AFFAIRS,CA,0,1,1
