"rank","name","people","pct_female","pct_white","pct_black","pct_aian","pct_asian","pct_twoplus","pct_hispanic","also_a_last_name"
1,"MICHAEL",3476715,0.209594,79.0205,7.88609,0.532399,1.91008,2.86423,7.78669,TRUE
2,"JOHN",3125114,0.208088,82.8638,6.26406,0.491502,2.16987,2.22222,5.98852,TRUE
3,"JAMES",2996420,0.130856,82.0218,9.65062,0.57839,1.47967,2.82424,3.44524,TRUE
4,"DAVID",2813019,0.0907922,76.4263,5.55912,0.494238,2.34328,2.4082,12.7689,TRUE
5,"ROBERT",2759332,0.0991179,82.6849,7.16514,0.536108,0.982629,2.35564,6.27554,TRUE
6,"WILLIAM",2240112,0.0985664,83.3093,6.8743,0.533857,1.40091,2.75544,5.12622,TRUE
7,"MARY",1768337,99.8394,81.1432,9.30643,0.602317,1.5177,1.83234,5.59797,TRUE
8,"MARIA",1652964,99.7647,14.2129,1.31757,0.143318,2.51403,0.510779,81.3014,TRUE
9,"DANIEL",1607193,0.346443,67.1328,4.16919,0.49098,2.76725,2.55613,22.8837,TRUE
10,"JOSEPH",1600664,0.1192,76.8447,7.0835,0.612121,2.34297,2.72868,10.388,TRUE
11,"RICHARD",1575998,0.0887057,82.2575,5.20724,0.553364,1.87488,2.14366,7.9634,TRUE
12,"THOMAS",1506604,0.0984995,86.9929,4.65384,0.480617,1.65498,2.34123,3.87647,TRUE
13,"CHRISTOPHER",1499874,0.147613,71.5253,9.72128,0.55158,2.06971,3.71818,12.4139,TRUE
14,"JENNIFER",1331080,99.9266,77.3845,3.57822,0.470295,3.37553,3.05354,12.138,TRUE
15,"MATTHEW",1315148,0.0937535,81.0794,3.04118,0.470898,2.2088,3.3064,9.89334,TRUE
16,"JOSE",1211107,0.248781,2.32391,0.457763,0.112129,1.00305,0.0936333,96.0095,TRUE
17,"CHARLES",1207975,0.158116,79.4899,12.7305,0.625924,1.18612,2.89716,3.07043,TRUE
18,"ELIZABETH",1206652,99.9078,73.8273,4.05527,0.43111,2.33174,2.64965,16.705,TRUE
19,"PATRICIA",1189827,99.9197,77.6382,8.63058,0.464101,0.913494,1.79917,10.5545,TRUE
20,"LINDA",1164879,99.9269,82.459,7.9822,0.512843,2.07936,1.99652,4.97004,TRUE
21,"MARK",1135543,0.0998643,84.977,5.0375,0.432833,1.85409,2.28595,5.41265,TRUE
22,"ANDREW",1075510,0.142351,75.9797,4.71934,0.44974,4.08959,3.30392,11.4577,TRUE
23,"ANTHONY",1075182,0.155974,54.1302,17.3307,0.695789,2.62421,3.40882,21.8103,TRUE
24,"KEVIN",1015224,0.17602,67.9954,10.667,0.51102,5.18821,2.45995,13.1784,TRUE
25,"BRIAN",1011015,0.111669,80.1413,6.06796,0.488321,2.82884,2.46801,8.00552,TRUE
26,"SUSAN",979773,99.9424,91.493,1.40094,0.327627,2.43965,1.69621,2.64255,TRUE
27,"STEVEN",972806,0.0861424,80.9417,5.18603,0.553862,2.51828,2.45003,8.35007,TRUE
28,"JESSICA",957450,99.9008,67.3214,5.36592,0.570683,2.94282,3.55851,20.2406,TRUE
29,"BARBARA",943005,99.9239,84.3983,9.43113,0.429372,0.506996,1.61919,3.61504,TRUE
30,"JOSHUA",939718,0.156217,68.353,9.11199,0.707233,2.91438,4.6166,14.2968,TRUE
31,"PAUL",907227,0.122241,82.3245,5.48694,0.500206,2.97974,2.18214,6.52648,TRUE
32,"JASON",898646,0.11495,75.5819,6.2178,0.693376,4.20677,3.64905,9.65108,TRUE
33,"KAREN",882585,99.7938,81.5938,6.05925,0.454347,2.20409,1.81897,7.8695,TRUE
34,"RYAN",874270,2.35934,79.976,4.43479,0.55818,4.16016,3.7103,7.1606,TRUE
35,"SARAH",874127,99.8937,80.9531,4.34971,0.503703,3.29597,3.60176,7.29574,TRUE
36,"LISA",864251,99.9275,81.044,6.83609,0.604917,2.49939,2.78623,6.22932,TRUE
37,"JACOB",805737,0.145458,74.9287,2.88928,0.680371,2.074,4.19951,15.2282,TRUE
38,"TIMOTHY",802955,0.0905416,84.175,7.7226,0.567404,1.77856,2.8303,2.92619,TRUE
39,"SANDRA",780837,99.9097,68.9536,8.5676,0.506508,1.12251,1.83547,19.0143,TRUE
40,"NANCY",772570,99.9166,81.1454,2.28937,0.338869,2.68765,1.31134,12.2274,TRUE
41,"ERIC",767093,0.152132,66.6883,11.9871,0.527185,4.03458,2.77385,13.989,TRUE
42,"MICHELLE",757102,99.8312,68.3831,9.00486,0.64945,4.79526,3.443,13.7243,TRUE
43,"KENNETH",755676,0.108909,77.4818,13.3191,0.677936,2.10474,2.68369,3.73282,TRUE
44,"EMILY",755529,99.8769,75.6077,1.51139,0.39972,3.97854,3.14707,15.3556,TRUE
45,"ASHLEY",752328,98.5089,66.0559,10.5728,0.618081,2.0943,3.79954,16.8594,TRUE
46,"JEFFREY",735424,0.0818571,86.9235,4.50407,0.385628,2.27107,2.20553,3.71024,TRUE
47,"JONATHAN",717216,0.136083,59.739,7.88075,0.514629,4.29843,3.43913,24.128,TRUE
48,"DONALD",715630,0.107319,86.3984,8.39456,0.603943,0.690301,2.18688,1.72589,TRUE
49,"NICHOLAS",711310,0.131449,77.4827,4.74238,0.451702,1.96989,3.8983,11.4551,TRUE
50,"AMANDA",698992,99.9116,79.7433,3.01849,0.633198,1.76783,3.51649,11.3207,TRUE
51,"KIMBERLY",696172,99.7871,72.706,10.1146,0.595686,1.87324,3.12753,11.5829,TRUE
52,"RONALD",689835,0.0866864,80.2799,11.3256,0.676104,1.59922,2.14138,3.97776,TRUE
53,"LAURA",679854,99.9123,74.2924,2.73029,0.397291,1.20747,2.10942,19.2631,TRUE
54,"MELISSA",675225,99.9113,73.8828,4.1755,0.653412,1.81258,3.06683,16.4089,TRUE
55,"JUSTIN",668566,0.237075,70.99,9.00076,0.802464,4.46628,4.17296,10.5675,TRUE
56,"STEPHEN",665593,0.10577,86.5143,4.95979,0.388375,1.85624,2.4195,3.86182,TRUE
57,"STEPHANIE",657761,99.9074,66.2037,8.9046,0.58912,2.70843,3.01143,18.5827,TRUE
58,"GARY",656596,0.126106,87.4611,6.07192,0.688551,1.40421,2.08378,2.29045,TRUE
59,"SCOTT",655955,0.104428,93.1908,1.23789,0.374416,1.08925,2.19649,1.91111,TRUE
60,"JUAN",655686,0.643133,1.51643,1.14537,0.145649,0.743954,0.116062,96.3325,TRUE
61,"REBECCA",645355,99.9306,82.7029,2.75166,0.572088,1.9865,2.94613,9.04076,TRUE
62,"BRANDON",642617,0.284149,62.0233,14.1892,0.877817,3.29994,4.58064,15.0292,TRUE
63,"DONNA",635056,99.9113,87.8833,6.00451,0.594593,1.05125,2.26012,2.20626,TRUE
64,"GEORGE",631917,0.241168,73.0064,11.154,0.623183,2.65161,2.29286,10.2719,TRUE
65,"AMY",625124,99.9192,84.1409,1.409,0.428075,4.42552,2.37601,7.22049,TRUE
66,"DEBORAH",622212,99.9389,83.4642,9.71003,0.456115,0.764209,2.32027,3.28521,TRUE
67,"EDWARD",616125,0.117022,73.1957,10.3662,0.56547,2.80398,2.29239,10.7762,TRUE
68,"CAROL",614461,99.5585,88.7619,5.07372,0.526478,1.27705,1.56641,2.79448,TRUE
69,"BENJAMIN",606324,0.122707,73.8514,4.66038,0.463284,3.56542,3.88637,13.5731,TRUE
70,"ANGELA",600156,99.8607,63.652,14.0837,0.657329,3.41428,3.25865,14.9341,TRUE
71,"CYNTHIA",597777,99.9241,69.4824,11.3817,0.542845,2.16151,2.28296,14.1486,FALSE
72,"SHARON",583753,99.8057,79.3087,13.1835,0.634686,2.23159,2.16873,2.47279,TRUE
73,"SAMUEL",566084,0.175769,62.4593,11.1907,0.597438,3.15943,3.46309,19.13,TRUE
74,"ALEXANDER",556753,0.443281,59.4375,4.87308,0.405386,4.02315,5.05377,26.2071,TRUE
75,"PATRICK",551886,0.141334,81.224,8.0966,0.594688,2.65526,2.7522,4.67723,TRUE
76,"MARGARET",549715,99.8989,86.0344,6.41714,0.417125,1.35761,1.7238,4.04992,TRUE
77,"KATHLEEN",547317,99.9492,92.7157,1.65973,0.310241,1.27275,1.63507,2.40647,TRUE
78,"NICOLE",544074,99.8579,70.044,9.74077,0.558931,2.46566,3.92447,13.2662,TRUE
79,"TYLER",541533,2.67153,80.5914,6.65998,0.77613,2.08685,4.8359,5.04974,TRUE
80,"BRENDA",521401,99.8774,64.8844,14.1099,0.716915,0.960489,2.24664,17.0817,TRUE
81,"SAMANTHA",517507,99.8725,68.9678,3.97541,0.669556,2.66934,4.31859,19.3994,TRUE
82,"ANNA",512952,99.8719,74.7984,3.5054,0.529094,4.97201,2.80923,13.3859,TRUE
83,"LARRY",512453,0.135036,76.9737,15.572,0.815489,1.06312,2.25308,3.32265,TRUE
84,"GREGORY",503955,0.105169,77.5164,14.6952,0.459366,0.822693,2.47899,4.02734,TRUE
85,"KELLY",499226,87.6404,85.6119,3.30512,0.537031,2.81416,2.62366,5.10811,TRUE
86,"EMMA",498216,99.8422,71.7315,4.28509,0.499181,3.19038,4.09622,16.1976,TRUE
87,"ADAM",496298,0.157969,80.8611,2.93936,0.516424,1.99497,3.4574,10.2307,TRUE
88,"PAMELA",495984,99.9413,80.5044,11.2721,0.561913,1.13854,2.341,4.18199,FALSE
89,"AARON",494243,0.539417,62.9636,11.6791,0.852819,3.92054,4.19672,16.3873,TRUE
90,"RACHEL",493720,99.8841,78.1356,4.66621,0.568338,3.57044,3.76124,9.29819,TRUE
91,"LUIS",489967,0.298591,2.55956,0.453092,0.0979658,0.55718,0.107966,96.2242,TRUE
92,"CHRISTINE",482604,99.8844,80.5735,5.79896,0.466221,5.04264,2.43595,5.68271,TRUE
93,"NATHAN",481630,0.130185,72.2015,5.43342,0.67583,4.32178,4.23271,13.1348,TRUE
94,"HEATHER",473466,99.9314,90.1898,1.67995,0.656647,0.790131,3.47015,3.21332,TRUE
95,"CARLOS",473059,0.245219,4.35443,4.53707,0.207796,0.812161,0.365282,89.7233,TRUE
96,"KATHERINE",470579,99.9141,79.2094,3.03775,0.413958,3.13295,2.87752,11.3284,TRUE
97,"JULIE",467486,99.9099,85.9016,1.49887,0.453703,4.1167,2.22595,5.80317,TRUE
98,"DEBRA",465855,99.9356,84.753,8.75573,0.604909,0.467742,2.32969,3.08894,TRUE
99,"PETER",464400,0.105298,80.9184,3.74311,0.384367,6.50345,1.97244,6.47825,TRUE
100,"VICTORIA",452655,99.8515,55.2916,8.82747,0.631607,3.68095,3.47549,28.0929,TRUE
101,"JORDAN",452333,27.1032,60.9726,16.3974,0.863523,2.30428,7.10561,12.3566,TRUE
102,"OLIVIA",449371,99.8705,64.2812,6.34376,0.486235,3.6698,6.35889,18.8601,TRUE
103,"LAUREN",449369,99.2647,81.0105,5.5569,0.344706,2.31725,3.70787,7.06279,TRUE
104,"DENNIS",448313,0.306037,82.7395,7.20613,0.619433,2.71797,2.01333,4.70363,TRUE
105,"KYLE",436136,1.69506,82.9805,4.61278,0.805024,3.26274,4.14137,4.19754,TRUE
106,"ZACHARY",435260,0.146349,83.8935,3.2422,0.550016,1.57538,4.59679,6.14208,TRUE
107,"ANDREA",429406,98.7667,55.2896,10.5872,0.578241,1.66952,2.51301,29.3624,TRUE
108,"JANET",429157,99.9101,82.838,5.50638,0.409873,2.24557,1.62901,7.3712,TRUE
109,"CHRISTINA",423586,99.8834,67.1295,6.53822,0.649927,4.6994,3.96921,17.0138,TRUE
110,"DIANE",422756,99.9177,85.1475,7.14786,0.367824,1.65556,1.51861,4.16268,TRUE
111,"CHRISTIAN",415785,4.20792,41.9659,12.2421,0.555095,3.05951,4.3775,37.7998,TRUE
112,"JACK",415672,0.253802,87.0641,1.92628,0.54057,2.43485,3.32594,4.70828,TRUE
113,"CATHERINE",410554,99.916,80.4715,6.21063,0.363411,3.91983,2.56629,6.46833,TRUE
114,"MEGAN",409938,99.889,87.2856,1.96347,0.438847,2.16594,3.28025,4.86586,TRUE
115,"FRANK",407086,0.153285,71.9194,8.08183,0.71803,2.28379,1.79446,15.2024,TRUE
116,"ETHAN",403011,0.177415,65.7513,4.92294,0.73596,6.86607,5.83235,15.8914,TRUE
117,"HANNAH",402716,99.8758,80.9861,3.09225,0.503581,4.56078,4.63925,6.21803,TRUE
118,"TERESA",402459,99.9001,65.6661,6.51892,0.617206,2.23153,2.40571,22.5606,TRUE
119,"TAYLOR",389227,75.4632,77.0219,10.536,0.79902,1.38531,4.94364,5.31412,TRUE
120,"SARA",384262,99.8751,74.1161,2.54566,0.431737,2.78638,2.96048,17.1596,TRUE
121,"CAROLYN",384058,99.9138,77.919,15.6784,0.503049,1.35422,2.09812,2.44729,FALSE
122,"DOUGLAS",383163,0.0936936,88.1807,4.72593,0.518056,0.98235,2.09702,3.4959,TRUE
123,"BETTY",382958,99.8684,77.339,14.2862,0.77267,1.88611,1.90621,3.80982,TRUE
124,"SEAN",377131,0.552069,76.5151,8.52144,0.461378,3.54041,4.8047,6.15701,TRUE
125,"TERRY",376943,20.5287,80.3612,12.8494,0.878913,1.33999,2.67892,1.89153,TRUE
126,"JUDITH",376697,99.927,87.2802,3.08365,0.283517,0.970541,1.25167,7.1304,FALSE
127,"ALEX",373478,6.1312,52.9423,5.97652,0.612084,6.19126,3.02267,31.2551,TRUE
128,"JEREMY",372710,0.209007,75.0677,8.1224,0.913042,2.3474,3.85259,9.69682,TRUE
129,"NOAH",372418,0.642552,62.2819,7.72976,0.652761,3.1086,6.68469,19.5423,TRUE
130,"CHERYL",372339,99.931,83.0284,10.7942,0.792557,1.44438,2.46523,1.47527,FALSE
131,"DIANA",369699,99.8848,51.5387,4.31135,0.440899,3.3887,1.99487,38.3255,TRUE
132,"JERRY",369614,1.90227,76.9941,11.3334,0.917985,2.63545,2.54319,5.57582,TRUE
133,"MARTHA",368247,99.8585,50.697,6.36339,0.455129,0.520031,1.07129,40.8932,TRUE
134,"CHRIS",366265,5.61869,75.9892,7.19889,0.703043,3.42621,2.8504,9.83223,TRUE
135,"RAYMOND",364286,0.148235,68.0394,10.9403,0.987411,4.23074,2.54827,13.2539,TRUE
136,"AUSTIN",362147,1.18016,80.6554,4.13092,0.767368,2.77125,4.47719,7.19791,TRUE
137,"MADISON",360348,98.6841,75.6077,7.73058,0.678788,1.65312,5.20025,9.12951,TRUE
138,"SHIRLEY",360152,99.5669,72.7187,18.1262,0.709423,2.99873,1.99499,3.45188,TRUE
139,"ALEXIS",358353,82.7688,50.2069,11.6472,0.592712,1.72037,5.2052,30.6276,TRUE
140,"JANE",356610,99.3758,77.8627,8.41788,0.407448,5.38544,1.50501,6.42158,TRUE
141,"HENRY",354671,0.22641,61.3256,12.9946,0.630725,5.94664,3.11866,15.9838,TRUE
142,"JULIA",349784,99.7355,69.0023,5.10486,0.546909,3.66083,3.16395,18.5211,TRUE
143,"ANGEL",348579,24.2384,12.417,7.30509,0.626257,2.00242,1.42608,76.2232,TRUE
144,"GABRIEL",347543,1.80554,37.2115,6.09162,0.751562,2.24922,4.42104,49.2751,TRUE
145,"DYLAN",343918,3.65319,71.5839,3.81922,0.688536,3.31591,4.96194,15.6305,TRUE
146,"ABIGAIL",342494,99.7784,70.7735,3.42371,0.383072,3.05932,4.05409,18.3063,TRUE
147,"LOGAN",341578,7.18349,79.1567,3.65919,0.710526,1.70561,5.56125,9.20668,TRUE
148,"VICTOR",337306,0.201003,22.6815,8.26757,0.418315,3.79596,1.24546,63.5912,TRUE
149,"GLORIA",331530,99.8519,37.5384,18.0901,0.631617,3.25793,1.42612,39.0559,TRUE
150,"JESUS",331350,1.08827,1.29923,0.261959,0.13943,0.960616,0.0657915,97.273,TRUE
151,"JACQUELINE",331317,99.9019,55.6002,18.3914,0.50254,2.43815,2.68806,20.3796,TRUE
152,"DANIELLE",329069,99.5287,71.7102,12.5521,0.706539,1.45258,4.29879,9.27982,TRUE
153,"KEITH",328988,0.199399,75.3687,17.2733,0.637105,1.52589,2.77639,2.41863,TRUE
154,"SOPHIA",327895,99.864,50.2685,4.67955,0.50199,6.53654,5.86194,32.1515,TRUE
155,"DENISE",327829,99.752,69.7659,14.0177,0.616785,1.34887,2.32743,11.9233,TRUE
156,"BRYAN",327372,0.185721,63.3307,6.73149,0.613675,3.32496,2.63187,23.3673,TRUE
157,"JOYCE",324171,99.8087,76.0398,15.8561,0.484004,3.60242,1.84378,2.17385,TRUE
158,"NATALIE",324016,99.8728,62.4377,5.23246,0.484544,2.94492,3.83376,25.0667,TRUE
159,"AMBER",322914,99.804,75.7124,8.14025,1.0461,1.7181,4.92329,8.45984,TRUE
160,"GRACE",322612,99.7939,69.0086,6.79888,0.463715,9.95096,3.8179,9.95995,TRUE
161,"ANA",321858,99.7918,8.41769,0.818373,0.105326,1.5019,0.430625,88.7261,TRUE
162,"KATHRYN",316033,99.9285,91.5319,1.69381,0.338256,1.15336,2.42285,2.85983,FALSE
163,"JAMIE",312012,76.6818,79.8803,5.75715,0.925605,2.4858,3.61685,7.33433,TRUE
164,"ISABELLA",309076,99.857,46.815,2.52009,0.474641,2.88149,5.41744,41.8913,TRUE
165,"JOAN",306622,96.8049,87.4663,5.7142,0.298739,1.7334,1.15908,3.62825,TRUE
166,"DOROTHY",304934,99.8741,74.4459,19.7089,0.566024,1.27044,1.81547,2.19326,TRUE
167,"KAYLA",303202,99.8285,64.5299,13.5487,0.734164,2.94061,5.37035,12.8762,TRUE
168,"BRITTANY",302727,99.886,71.7561,14.7116,0.695676,0.715826,4.21634,7.90448,FALSE
169,"JANICE",302295,99.9249,79.8654,12.3859,0.619593,2.72118,1.78369,2.62426,TRUE
170,"ERIN",301437,97.4343,87.0215,4.0987,0.424964,1.8581,3.01788,3.57886,TRUE
171,"SHANNON",300974,87.0235,82.9999,8.07412,0.923336,1.19213,3.71594,3.09462,TRUE
172,"LORI",299426,99.9255,90.6885,2.62068,0.56074,1.01127,2.21958,2.89921,TRUE
173,"MIGUEL",295998,0.222972,2.2713,1.28109,0.14696,0.919263,0.212164,95.1692,TRUE
174,"ROGER",294718,0.115022,82.2956,5.7136,0.763781,2.08878,2.16546,6.97277,TRUE
175,"JESSE",293712,3.38532,63.4135,7.29116,1.04388,1.98153,3.66958,22.6004,TRUE
176,"EVELYN",293624,99.8488,53.4234,9.98828,0.587486,4.97337,2.98647,28.041,TRUE
177,"TIFFANY",293276,99.8766,58.133,21.9271,0.753556,6.22417,4.23628,8.72591,TRUE
178,"ANN",293054,99.872,87.3034,4.55684,0.339869,3.65632,1.51986,2.62375,TRUE
179,"LESLIE",290496,81.8109,65.5902,8.1891,0.688478,1.9088,2.33394,21.2894,TRUE
180,"ANTONIO",289179,0.387305,12.5479,18.963,0.378312,2.60012,1.6042,63.9064,TRUE
181,"KATHY",288049,99.9219,84.2138,5.50948,0.654055,3.42476,2.11075,4.08715,FALSE
182,"VIRGINIA",286260,99.8945,72.8547,6.03577,0.666178,2.67344,1.83609,15.9338,TRUE
183,"RUTH",285964,99.8521,71.0915,9.16549,0.487824,2.31987,1.67678,15.2586,TRUE
184,"ALAN",284873,0.172007,70.8295,3.39239,0.454589,5.1616,2.01002,18.1519,TRUE
185,"ROBIN",284365,86.6143,81.8459,9.70197,0.758532,1.71786,3.05699,2.91878,TRUE
186,"JORGE",282866,0.193731,2.41245,0.367312,0.0738866,0.469127,0.0897952,96.5874,TRUE
187,"JUDY",281131,99.8755,84.6296,4.77358,0.649164,4.14967,2.03286,3.76515,TRUE
188,"ALLISON",280748,99.4956,78.3169,3.13092,0.426361,2.70349,2.95069,12.4717,TRUE
189,"CAMERON",280516,9.82268,68.0963,16.1299,0.726875,1.43414,6.98712,6.62565,TRUE
190,"HELEN",280360,99.8841,72.4279,10.881,0.622414,7.16115,1.7877,7.11977,TRUE
191,"SHAWN",279686,9.53573,75.4796,13.1712,1.05082,2.26611,4.14608,3.88614,TRUE
192,"THERESA",278865,99.9175,76.6866,10.0346,0.725082,2.74183,2.59445,7.21747,FALSE
193,"TAMMY",277310,99.8554,84.174,6.9031,0.922433,2.208,3.31759,2.47485,FALSE
194,"JOE",275871,1.39302,60.9024,11.8077,0.974006,2.89846,2.02522,21.3922,TRUE
195,"ALYSSA",274551,99.8853,64.9479,4.7106,0.721542,3.36914,5.27006,20.9808,FALSE
196,"CRYSTAL",274097,99.8486,57.0513,16.2114,1.11056,2.48598,4.07192,19.0688,TRUE
197,"MARTIN",271880,0.265561,50.2917,4.49389,0.524128,1.81808,1.45652,41.4157,TRUE
198,"JEAN",270224,84.4492,76.6708,13.2631,0.323435,3.41791,1.3981,4.92665,TRUE
199,"MASON",269853,1.15915,73.3066,6.46908,0.767825,2.80264,5.87431,10.7796,TRUE
200,"TRACY",268037,83.6508,77.8863,12.5464,0.70065,2.82013,2.93915,3.10741,TRUE
201,"BRUCE",267816,0.129193,85.872,7.40471,0.560459,1.57944,2.13804,2.44534,TRUE
202,"LUKE",267177,0.14522,82.8911,1.69925,0.5225,2.61737,4.45285,7.81692,TRUE
203,"MONICA",264970,99.866,38.3206,13.2215,0.629128,3.86497,2.33876,41.6251,TRUE
204,"MARIE",264229,99.7839,62.4224,23.3805,0.773193,2.78092,2.09099,8.55205,TRUE
205,"CALEB",264111,0.225287,69.8263,9.59104,0.768238,2.5565,5.75251,11.5054,TRUE
206,"STEVE",262426,0.150513,78.4297,5.93081,0.635989,4.14631,1.93959,8.91756,TRUE
207,"GERALD",258431,0.231396,81.3184,11.3226,0.831557,1.37367,1.98893,3.16487,TRUE
208,"WENDY",257745,99.7622,72.7486,4.43035,0.419795,3.80298,2.17579,16.4224,FALSE
209,"AVA",257512,99.8563,65.9185,8.91958,0.556867,2.63599,7.3616,14.6075,TRUE
210,"PAULA",256422,99.814,74.1925,7.21935,0.637621,1.18438,2.17922,14.5869,TRUE
211,"JOEL",256020,0.613631,53.8224,6.19873,0.471448,3.33919,2.04086,34.1274,TRUE
212,"CHARLOTTE",254532,99.8967,80.8358,6.67067,0.606996,2.02921,4.31891,5.5384,TRUE
213,"ROSA",254284,99.7554,8.20618,5.68538,0.176181,1.19001,0.446351,84.2959,TRUE
214,"EVAN",254262,1.63891,75.2641,4.31838,0.517576,4.19725,4.97597,10.7267,TRUE
215,"TINA",253386,99.8883,74.4512,8.94485,1.04149,6.16885,3.69515,5.69842,TRUE
216,"ELIJAH",252755,0.445498,42.4688,23.5358,0.940436,2.47987,9.56183,21.0132,TRUE
217,"DAWN",252267,99.7328,86.3748,6.43762,0.764666,0.870506,3.28343,2.26902,TRUE
218,"RANDY",250617,1.48911,78.5825,7.49151,0.966814,2.50222,2.47908,7.97791,TRUE
219,"BEVERLY",249644,99.589,78.8683,14.9761,0.680169,1.20091,2.00806,2.26643,TRUE
220,"LUCAS",249248,0.223474,69.7554,1.61847,0.521569,3.98318,4.75189,19.3695,TRUE
221,"MARILYN",248664,99.8793,78.6644,8.86779,0.662742,2.41249,1.40833,7.98427,FALSE
222,"CODY",248584,1.64851,87.1818,1.8887,1.29976,1.36654,4.16881,4.09439,TRUE
223,"TRAVIS",248555,0.288063,78.5512,11.6035,1.08909,1.31963,3.84221,3.59438,TRUE
224,"KIM",246388,88.1794,72.9252,10.7343,0.57998,10.1592,2.96889,2.63243,TRUE
225,"COURTNEY",246240,93.2081,76.4356,14.9574,0.619721,1.01161,3.86858,3.10713,TRUE
226,"FRANCISCO",246224,0.338299,2.53184,0.480051,0.181542,1.72648,0.184791,94.8953,TRUE
227,"WALTER",244848,0.173986,67.5256,16.0357,0.638764,1.25629,2.28427,12.2594,TRUE
228,"CRAIG",244482,0.108388,86.1127,8.28977,0.553824,1.03566,2.21448,1.79359,TRUE
229,"CARL",243436,0.274412,76.9015,15.8288,0.767347,1.29644,2.67421,2.53167,TRUE
230,"ALICIA",242748,99.8509,41.9699,12.7185,0.708966,2.75553,3.16089,38.6862,TRUE
231,"ISAAC",242216,0.194454,44.7101,9.80654,0.732404,3.35857,4.80728,36.5851,TRUE
232,"ADRIAN",241088,5.51032,18.7786,12.9314,0.74703,2.84336,2.85373,61.8459,TRUE
233,"MANUEL",240817,0.217594,6.55435,1.688,0.339677,2.46328,0.340508,88.6142,TRUE
234,"LAWRENCE",240674,0.175331,74.2423,15.3228,0.833908,3.05018,2.29979,4.25098,TRUE
235,"CINDY",240220,99.8822,70.9716,2.72916,0.570311,7.42902,2.16843,16.1315,FALSE
236,"JACKSON",239894,0.40268,82.1825,3.31063,0.557329,1.76786,5.61081,6.57082,TRUE
237,"VANESSA",239189,99.875,28.8136,14.111,0.774283,3.42951,3.2167,49.6549,FALSE
238,"TODD",238705,0.0946744,91.6797,3.51815,0.473388,0.730609,2.16208,1.43608,TRUE
239,"CARMEN",237751,96.2033,17.5974,6.15644,0.38023,1.91461,1.19579,72.7555,TRUE
240,"BRADLEY",237483,0.38361,89.2666,2.90926,0.634151,0.975228,2.85452,3.36024,TRUE
241,"VINCENT",237080,0.161549,61.3,12.4059,0.693859,7.54345,3.18964,14.8671,TRUE
242,"MORGAN",235729,85.4181,81.0829,8.7363,0.647354,1.002,4.47972,4.05169,TRUE
243,"VERONICA",234662,99.8751,26.3238,13.4581,0.639217,2.16865,1.9347,55.4755,TRUE
244,"HUNTER",230190,4.93673,86.3265,1.68035,1.01699,1.0348,4.91985,5.0215,TRUE
245,"ALEXANDRA",229432,99.5842,64.7054,2.76073,0.30423,1.83758,4.05218,26.3398,TRUE
246,"MIKE",228049,0.261789,79.3294,5.24536,0.760363,3.42163,2.12674,9.11646,TRUE
247,"VALERIE",226028,99.8531,58.4826,14.3938,0.796362,2.32493,2.51827,21.4841,TRUE
248,"MELANIE",225741,99.8777,63.2893,5.85671,0.656948,3.30999,2.91529,23.9717,FALSE
249,"ALICE",225226,99.7758,70.1376,11.8374,0.830277,6.30744,2.48728,8.40001,TRUE
250,"PHILIP",223031,0.0887745,83.7215,4.62133,0.374836,4.28012,2.42926,4.57291,TRUE
251,"IAN",222813,0.291278,69.1059,5.37626,0.540363,4.20128,5.17609,15.6001,TRUE
252,"ANNE",221694,99.9211,89.6389,3.16472,0.193961,3.28155,1.55169,2.16921,TRUE
253,"BRIANNA",221276,99.8549,51.1027,14.674,0.619136,1.46469,5.24549,26.894,FALSE
254,"MIA",219775,99.712,36.5037,8.29348,0.524172,4.31532,6.06074,44.3026,TRUE
255,"BONNIE",219142,99.6025,90.7946,3.09434,0.558998,1.34662,2.10412,2.10138,TRUE
256,"JASMINE",218318,99.7069,19.5069,35.3535,0.77181,6.26471,7.6897,30.4134,TRUE
257,"LIAM",218134,0.320908,67.4228,3.05684,0.510695,2.96148,6.62987,19.4183,TRUE
258,"PHILLIP",216750,0.125031,72.0069,13.0238,1.03483,2.94072,3.30242,7.69135,TRUE
259,"ERICA",215653,99.7644,52.8697,18.3137,0.598647,2.40479,3.43747,22.3758,TRUE
260,"KATIE",215040,99.8679,83.8188,3.48121,0.537574,3.47563,2.65997,6.02679,FALSE
261,"MARIO",213071,0.648601,12.241,7.63689,0.324305,2.07255,0.729334,76.9959,TRUE
262,"WAYNE",213033,0.134252,80.3894,12.0146,0.834612,2.51182,2.53764,1.71194,TRUE
263,"OSCAR",212941,0.208034,9.59186,4.33453,0.260166,1.92776,0.727432,83.1582,TRUE
264,"DANA",210585,81.8842,80.3139,9.02201,0.742693,1.71475,3.08521,5.12145,TRUE
265,"CHAD",209144,0.103756,89.0147,3.83468,0.774586,1.14897,3.03953,2.18749,TRUE
266,"CONNIE",209008,98.9479,81.4964,5.75911,0.746861,3.78789,2.24728,5.96245,TRUE
267,"JEFF",208614,0.1184,88.3411,3.37465,0.576184,2.70116,2.16908,2.83778,TRUE
268,"CONNOR",208365,0.731377,86.897,1.17294,0.423776,1.79733,4.86214,4.84678,TRUE
269,"APRIL",206083,99.8074,68.108,13.6857,1.01949,2.50336,3.85718,10.8262,TRUE
270,"ARTHUR",205841,0.211325,67.2315,16.6055,0.681594,3.09219,2.57432,9.81486,TRUE
271,"RUSSELL",202727,0.193849,85.9959,6.00413,0.822288,1.7383,2.89749,2.54184,TRUE
272,"SHEILA",202161,99.9194,71.958,16.5888,0.797879,2.47328,2.73891,5.44319,FALSE
273,"FRANCES",201696,99.1398,75.4185,9.23717,0.675274,2.34858,1.95591,10.3646,TRUE
274,"DEREK",201269,0.122231,71.161,9.6617,0.802409,3.86796,4.1298,10.3772,TRUE
275,"LEAH",200966,99.8711,71.2533,7.37189,0.709075,3.39411,4.35795,12.9136,TRUE
276,"CHLOE",200405,99.8433,67.6994,7.65849,0.618747,6.94544,6.72438,10.3535,FALSE
277,"MICHELE",199114,98.5672,83.981,6.42898,0.415842,1.3314,2.68439,5.15835,TRUE
278,"KRISTEN",199108,99.3622,85.7816,3.86273,0.50676,1.79651,3.05663,4.99578,TRUE
279,"CAROLINE",199039,99.8819,81.1725,3.96907,0.4994,3.94998,2.87682,7.53219,TRUE
280,"AUDREY",198827,99.5946,71.1825,10.2622,0.665403,4.42797,4.34951,9.11244,TRUE
281,"NORMA",197661,99.7936,42.8501,5.62529,0.522106,2.5392,1.04269,47.4206,FALSE
282,"DANNY",197113,0.796493,67.1295,7.50027,0.878684,6.50185,2.62489,15.3648,TRUE
283,"ROSE",196310,99.7662,64.0966,14.8816,1.19097,3.96363,2.66619,13.2011,TRUE
284,"JAYDEN",195735,9.89261,30.9827,21.6987,0.867499,6.32948,8.57026,31.5513,FALSE
285,"JILL",194542,99.8597,93.7448,1.61919,0.275005,1.23829,1.59811,1.52461,TRUE
286,"JULIAN",193598,1.67053,24.1635,9.74287,0.657548,2.58732,4.48713,58.3617,TRUE
287,"AIDEN",193515,1.06756,55.7786,9.14864,0.804072,5.26678,6.82428,22.1776,TRUE
288,"LYNN",193290,85.054,88.4707,4.02349,0.422681,3.71411,1.69641,1.67262,TRUE
289,"ALBERT",192226,0.197681,55.956,15.8922,0.963449,6.08919,2.05175,19.0474,TRUE
290,"TONY",191116,1.19457,50.6813,20.8078,1.00306,10.4282,2.7915,14.2882,TRUE
291,"RILEY",191102,56.3942,80.2791,4.68755,0.736256,1.81264,5.55306,6.93138,TRUE
292,"NATHANIEL",189976,0.185286,55.9534,18.9892,0.872742,3.22883,5.76968,15.1861,TRUE
293,"RICARDO",189953,0.186356,4.00099,6.02939,0.193206,2.39901,0.536975,86.8404,TRUE
294,"CLAUDIA",189170,99.8303,30.9658,4.56309,0.260612,0.977428,1.04773,62.1853,FALSE
295,"SUZANNE",188917,99.9492,91.6995,1.39109,0.320246,1.42761,1.98076,3.18076,TRUE
296,"DALE",188896,8.42382,89.9421,4.656,0.782971,0.991551,2.25256,1.37483,TRUE
297,"SHERRY",187601,99.8257,82.6579,9.39654,0.914174,2.19082,3.04902,1.79157,TRUE
298,"HAROLD",186444,0.132475,76.8799,14.437,0.979383,1.25668,2.24357,4.20341,TRUE
299,"ELLA",185531,99.8475,75.5798,8.50101,0.649487,3.11754,5.2498,6.90235,TRUE
300,"RITA",184211,99.892,71.4094,8.41861,0.811569,3.62356,1.77948,13.9574,TRUE
301,"MARCUS",184052,0.214611,34.8396,41.2199,1.10512,2.43464,6.48349,13.9173,TRUE
302,"PEGGY",183683,99.9211,86.8676,6.83569,0.648944,1.37846,2.11996,2.14936,FALSE
303,"LOUIS",183372,0.852398,64.6467,12.347,0.716576,2.22989,2.13937,17.9204,TRUE
304,"JOHNNY",183111,0.67448,46.5608,22.3061,1.29211,6.09357,2.80431,20.943,TRUE
305,"HOLLY",182744,99.7324,90.7132,1.44574,0.582235,1.56777,3.09887,2.59215,TRUE
306,"LILLIAN",182252,99.8793,71.6552,8.04381,0.752255,3.10888,4.63315,11.8067,TRUE
307,"JOANNE",181754,99.8867,84.4642,5.3919,0.369731,4.51819,1.42665,3.82935,FALSE
308,"JARED",180305,0.207425,76.354,5.44244,0.811958,2.08369,3.9949,11.3131,TRUE
309,"ALEJANDRO",180046,0.464868,2.17333,0.387679,0.16107,0.903103,0.130522,96.2443,TRUE
310,"BROOKE",178446,99.2238,85.7688,3.99729,0.580007,0.789034,3.9009,4.96397,TRUE
311,"AMELIA",176479,99.8674,63.5775,4.38352,0.611404,4.25716,5.42841,21.742,TRUE
312,"OWEN",176420,0.277181,84.0936,2.49291,0.465934,2.31096,4.72962,5.90693,TRUE
313,"ELAINE",176184,99.8984,77.0422,9.2585,0.565318,5.55215,1.68744,5.89441,FALSE
314,"ROY",176161,0.22195,71.2206,12.6782,1.0252,3.83456,2.78268,8.45874,TRUE
315,"ISAIAH",175786,0.270781,24.7744,29.5228,1.12865,2.12986,10.4092,32.035,TRUE
316,"AVERY",175335,72.607,73.0493,8.17692,0.749993,2.19294,6.58625,9.24459,TRUE
317,"PEDRO",175195,0.194071,3.94931,0.933817,0.163247,1.21122,0.208339,93.5341,TRUE
318,"DORIS",174010,99.704,67.3846,18.3754,0.576978,2.03379,1.5637,10.0655,TRUE
319,"BLAKE",173524,6.56912,84.0604,4.52502,0.719209,0.927826,4.53021,5.23732,TRUE
320,"BILLY",173436,1.16126,77.1524,11.8805,1.47374,2.2677,3.15217,4.07355,TRUE
321,"RHONDA",173382,99.8979,79.1657,14.52,1.00126,0.346633,3.14681,1.81968,FALSE
322,"ELLEN",173110,99.8463,88.3554,4.04829,0.404367,3.74097,1.60707,1.84391,TRUE
323,"JIMMY",173058,0.435697,58.8959,14.0282,1.34753,8.23077,2.7823,14.7153,TRUE
324,"ROBERTO",172375,0.240751,5.71022,1.05062,0.127629,2.53227,0.230312,90.3489,TRUE
325,"RODNEY",172298,0.153223,65.2178,26.175,0.857236,1.56879,2.78007,3.40108,TRUE
326,"DUSTIN",171393,0.358835,88.2031,1.49306,1.20192,1.56833,3.79946,3.73411,TRUE
327,"WANDA",171034,99.8778,67.6216,20.0177,0.95595,0.679397,2.46968,8.25567,TRUE
328,"SYDNEY",169165,96.7186,74.5314,9.58,0.520202,2.82978,6.04735,6.4913,TRUE
329,"GAVIN",168736,0.246526,77.8263,4.25458,0.615162,2.49917,5.77115,9.03364,TRUE
330,"HECTOR",168415,0.200103,1.85019,0.634742,0.119348,0.629991,0.104504,96.6612,TRUE
331,"SHANE",167534,1.70647,83.2917,4.58952,1.19618,1.93334,4.60384,4.38538,TRUE
332,"ALLEN",166926,0.53737,71.6437,12.7829,0.998047,5.41018,2.97138,6.19376,TRUE
333,"PHYLLIS",165944,99.8771,81.278,14.0059,0.682158,0.770742,1.69274,1.57041,FALSE
334,"CASEY",165304,42.686,85.4922,3.51958,0.84632,1.84085,3.81116,4.48991,TRUE
335,"GAIL",165125,97.8889,85.3444,9.77078,0.474792,1.38198,1.66601,1.362,TRUE
336,"LEE",164574,22.1877,73.7,13.6808,0.817262,4.97527,2.86011,3.9666,TRUE
337,"RENEE",164464,98.9627,72.9953,13.4364,0.750316,2.02294,3.16057,7.6345,TRUE
338,"ANITA",164323,99.8947,61.5428,14.04,0.931093,7.37511,2.45127,13.6597,TRUE
339,"JAY",164091,2.33703,74.5519,6.44459,0.797728,8.81218,2.82465,6.56892,TRUE
340,"CLAIRE",163949,99.6035,84.7989,2.11834,0.232389,5.40351,3.53708,3.90975,TRUE
341,"BOBBY",163858,2.83169,67.3199,21.5241,1.2761,2.13294,3.2577,4.48925,TRUE
342,"KRISTIN",163323,99.4636,89.3303,2.6965,0.414516,1.47989,2.68854,3.39021,TRUE
343,"TROY",162599,0.755232,74.1179,14.7455,0.896684,1.6101,4.05107,4.57875,TRUE
344,"RALPH",162517,0.118144,76.9286,9.85681,0.646702,1.3697,1.89334,9.30487,TRUE
345,"STACY",162112,90.3639,78.8881,9.25718,0.745781,1.94125,2.84926,6.31847,TRUE
346,"EVA",161326,99.7954,49.907,7.91565,0.706024,4.65889,3.19911,33.6133,TRUE
347,"JON",161312,0.647197,85.3055,3.27874,0.67075,2.55716,2.8386,5.34926,TRUE
348,"EDWIN",160741,0.18851,36.6795,6.70333,0.447926,5.13061,1.29214,49.7465,TRUE
349,"CARTER",160404,3.89759,76.033,9.8333,0.634648,1.44011,6.41193,5.64699,TRUE
350,"CURTIS",159668,0.251148,65.2034,26.852,1.06033,1.29832,3.45529,2.13067,TRUE
351,"JAVIER",158816,0.222278,1.72779,1.34306,0.134117,0.256901,0.153007,96.3851,TRUE
352,"TARA",158364,99.594,79.8546,8.76651,0.818999,2.80682,4.10889,3.64414,TRUE
353,"JAIME",158228,28.4911,27.564,1.58189,0.311576,2.86865,1.24504,66.4288,TRUE
354,"CARRIE",157743,99.8162,83.7844,8.77757,0.786089,1.37312,2.79759,2.48125,TRUE
355,"JEREMIAH",157205,0.29516,39.7595,31.2776,1.17617,2.48974,6.64355,18.6534,TRUE
356,"CHASE",157106,2.16226,78.7513,8.87999,0.744084,1.35068,5.17931,5.09465,TRUE
357,"COREY",156602,4.77781,66.5662,24.0291,0.75925,1.00893,4.15001,3.48655,TRUE
358,"WILLIE",156150,14.4746,13.3775,79.8956,0.571246,0.82741,2.3804,2.94781,TRUE
359,"SEBASTIAN",156137,0.313172,26.439,3.08703,0.334962,1.99504,3.33489,64.8091,TRUE
360,"LILY",155676,99.8311,69.1006,1.8667,0.576839,9.8326,5.92191,12.7014,TRUE
361,"RANDALL",155627,0.378467,88.1685,4.69456,0.858463,1.24143,2.61908,2.41796,TRUE
362,"WESLEY",155432,1.10465,78.4028,8.58896,0.938674,3.07273,4.40836,4.5885,TRUE
363,"MOLLY",153459,99.8501,90.9429,0.907734,0.413791,2.04941,2.45342,3.23279,TRUE
364,"SYLVIA",152890,99.8535,46.6427,15.606,0.70312,3.29714,1.89744,31.8536,TRUE
365,"EDUARDO",152641,0.195236,3.66546,0.452696,0.0956493,3.1846,0.184092,92.4175,TRUE
366,"JEFFERY",152241,0.185245,79.3781,12.7692,0.8434,1.08841,2.96372,2.95715,TRUE
367,"WYATT",152061,0.47087,87.0539,1.21991,1.04103,0.708268,4.83161,5.1453,TRUE
368,"SOFIA",151653,99.8378,26.3694,1.5153,0.182654,3.50339,2.74047,65.6888,TRUE
369,"FERNANDO",151647,0.350139,4.75578,1.27665,0.279597,1.97696,0.207719,91.5033,TRUE
370,"LANDON",151004,0.635749,78.3118,5.75813,0.84766,1.72976,5.56343,7.7892,TRUE
371,"SAVANNAH",149935,99.8746,70.6366,6.98503,0.90039,1.21052,6.36409,13.9034,TRUE
372,"JOANN",149039,99.8175,77.8736,10.3738,0.637417,2.65367,1.76464,6.6969,TRUE
373,"RAFAEL",148937,0.277289,5.49628,1.47378,0.136971,1.835,0.419641,90.6383,TRUE
374,"KAITLYN",148535,99.893,79.9933,3.40189,0.553405,3.31235,4.31885,8.42024,FALSE
375,"LINDSEY",147979,97.2957,86.6623,2.68079,0.602788,1.5367,3.09976,5.41766,TRUE
376,"HAILEY",147735,99.8301,74.0745,3.2626,0.885369,2.71635,4.7768,14.2844,TRUE
377,"ERIKA",147440,99.8447,40.3507,8.00326,0.341156,2.21785,2.79436,46.2927,FALSE
378,"GINA",147070,99.8613,72.1112,5.34167,0.613313,5.17033,2.85034,13.9131,TRUE
379,"OLIVER",146487,0.44712,65.158,5.79915,0.445773,4.08773,6.04422,18.4651,TRUE
380,"CATHY",146470,99.914,83.0962,6.94067,0.486789,3.41776,2.18611,3.87247,TRUE
381,"RICKY",146353,0.668917,65.26,16.7807,1.15816,4.017,2.94767,9.83649,TRUE
382,"DARLENE",145951,99.8849,73.1554,14.5727,1.20383,1.58478,2.23637,7.24695,FALSE
383,"GLENN",145763,0.491218,81.5159,9.30689,0.648313,3.57155,2.41213,2.54523,TRUE
384,"TREVOR",145682,0.249839,81.796,7.09902,0.937659,1.38864,4.72467,4.05404,TRUE
385,"DOMINIC",145019,0.835017,54.5508,8.81953,0.837132,2.91686,6.22194,26.6537,TRUE
386,"DEVIN",144817,10.5954,60.4528,18.0773,0.986763,2.65231,7.25329,10.5775,TRUE
387,"CARLA",144783,99.8329,59.1651,14.3235,0.823301,1.01877,2.50444,22.1649,TRUE
388,"HALEY",144725,99.6131,84.1921,2.36172,0.643289,1.54638,4.33996,6.91657,TRUE
389,"DEBBIE",144403,99.8657,80.4796,7.31217,0.805385,2.40161,2.47848,6.52272,FALSE
390,"LAURIE",144352,99.4943,91.6052,2.00967,0.461372,1.04328,1.98127,2.89916,TRUE
391,"SETH",144312,0.182244,82.6716,3.80703,0.874494,1.29442,4.51106,6.84143,TRUE
392,"TIM",143976,0.342404,86.6214,4.05693,0.680669,3.5374,2.37331,2.73032,TRUE
393,"MADELINE",143901,99.8624,76.5895,2.50797,0.40514,2.3537,4.11463,14.0291,TRUE
394,"IRENE",143807,99.7719,51.4238,7.92312,0.87687,8.27707,1.27671,30.2225,TRUE
395,"CHELSEA",143412,99.8096,72.2429,9.21959,0.838842,2.86029,4.61049,10.2279,FALSE
396,"EUGENE",143351,0.463199,68.6671,18.3382,1.01569,4.94032,2.35506,4.68361,TRUE
397,"BRETT",142068,1.88978,91.7026,1.87234,0.591266,0.572965,2.7698,2.49106,TRUE
398,"CASSANDRA",141757,99.8885,57.152,18.3702,0.836643,1.63025,4.32077,17.6901,TRUE
399,"STACEY",141478,93.0499,78.5189,11.3806,0.646037,1.68436,2.82517,4.94494,TRUE
400,"THEODORE",141169,0.165043,76.5954,10.0695,0.644617,2.77611,4.55766,5.3567,TRUE
401,"JENNA",140774,99.8835,85.4256,1.55853,0.480913,3.01263,3.69386,5.82849,TRUE
402,"RUBY",140133,99.5226,50.5998,16.8526,0.80709,4.40153,3.32755,24.0115,TRUE
403,"LYDIA",139562,99.8667,59.1744,7.83953,0.659922,5.5753,3.53033,23.2205,TRUE
404,"SALLY",139328,99.8299,84.3291,3.1006,0.600023,3.85924,1.58475,6.52633,TRUE
405,"REGINA",139154,99.8627,58.2139,22.9961,0.904753,3.23598,2.82062,11.8286,TRUE
406,"FREDERICK",138933,0.116608,73.0122,18.0439,0.595251,2.31982,2.39828,3.63053,TRUE
407,"KELSEY",138740,97.2309,84.2944,4.7917,0.678968,1.42641,3.7682,5.04036,TRUE
408,"HARRY",138541,0.217981,76.7116,11.1815,0.882049,4.28826,2.20007,4.7365,TRUE
409,"FRANCIS",138483,12.4411,74.1456,7.5901,0.896861,6.14155,2.04502,9.18091,TRUE
410,"ERIK",137635,0.213615,63.2891,3.91833,0.376358,1.53086,2.74567,28.1396,TRUE
411,"HEIDI",137524,99.9069,85.3037,0.920567,0.40502,2.2636,2.49338,8.61377,FALSE
412,"COLLEEN",137520,99.9251,92.6563,2.05861,0.5621,1.1831,1.92045,1.6194,FALSE
413,"IVAN",137222,0.389891,25.2387,5.60114,0.541458,4.14584,1.29571,63.1772,TRUE
414,"LEVI",136748,0.705683,75.8673,5.78071,1.01135,1.54664,5.35876,10.4353,TRUE
415,"SHELBY",136599,92.9955,85.3081,4.31775,1.04759,0.751104,4.09813,4.47734,TRUE
416,"BARRY",136550,0.255565,85.0209,10.0959,0.464299,1.11315,2.06078,1.24497,TRUE
417,"BETH",136268,99.9163,95.0465,1.06555,0.315555,0.685414,1.59759,1.28937,TRUE
418,"STANLEY",135821,0.189959,70.9058,18.531,0.845966,4.79675,2.26548,2.65496,TRUE
419,"YOLANDA",135786,99.8542,6.27458,25.6521,0.583271,2.86259,1.11867,63.5088,FALSE
420,"MARVIN",135347,0.347266,49.4196,25.6592,1.0861,2.86892,2.09757,18.8685,TRUE
421,"HOWARD",134911,0.18976,77.8988,14.0811,0.741971,3.37556,2.18737,1.7152,TRUE
422,"COLE",134580,0.53797,87.5004,1.52251,0.688067,0.870114,4.88334,4.53559,TRUE
423,"MAX",133912,0.740027,72.5237,2.60992,0.495101,4.18334,4.17364,16.0142,TRUE
424,"PAIGE",133485,99.3924,84.4777,5.41259,0.567854,1.29378,4.21096,4.03716,TRUE
425,"SERGIO",133230,0.192163,4.52676,1.00203,0.133604,0.630489,0.218419,93.4887,TRUE
426,"JAKE",132608,0.273735,80.6724,2.09339,0.662856,3.0707,3.74336,9.75733,TRUE
427,"DEAN",132117,1.1278,85.1056,3.30011,0.688783,3.15024,3.22593,4.52932,TRUE
428,"EDGAR",132087,0.207431,15.4459,3.71649,0.243779,2.54226,0.561751,77.4898,TRUE
429,"LOIS",131658,99.299,87.1736,8.43245,0.578772,0.96462,1.47048,1.38009,TRUE
430,"RAUL",131542,0.190046,2.50946,0.474373,0.158885,1.60861,0.128476,95.1202,TRUE
431,"GREG",131532,0.113288,85.1367,5.95368,0.628744,1.44147,2.11507,4.72433,TRUE
432,"ESTHER",131095,99.8093,45.1047,13.2667,0.635417,8.7715,1.73004,30.4916,TRUE
433,"LUCY",130373,99.8336,66.4578,6.10172,0.785439,5.6392,3.0873,17.9286,TRUE
434,"DIEGO",129967,0.21468,3.85021,0.691714,0.166965,0.461656,0.289304,94.5402,TRUE
435,"ISABEL",129716,98.4304,25.8627,1.36992,0.31993,3.04666,2.35977,67.0411,TRUE
436,"VIVIAN",129222,99.2176,49.993,15.0276,0.721239,12.0351,3.28969,18.9333,TRUE
437,"FRED",129137,0.267922,74.4357,13.5182,0.88743,2.17908,2.04124,6.93837,TRUE
438,"ADDISON",128861,92.2765,83.0624,3.2927,0.590559,1.16948,5.09852,6.78638,TRUE
439,"TAMARA",128722,99.8998,69.083,18.9028,0.907382,0.692189,3.66449,6.75021,TRUE
440,"JACKIE",128294,71.376,71.8903,12.2609,1.04759,3.62527,2.80995,8.36594,TRUE
441,"GUADALUPE",128245,78.1442,0.962221,0.0935709,0.109946,0.308784,0.0538033,98.4717,TRUE
442,"DAN",127519,2.87007,82.2717,3.31872,0.585795,7.74159,1.88835,4.19388,TRUE
443,"ANNETTE",126916,99.9133,63.4672,18.4532,0.788711,1.58136,2.21406,13.4955,TRUE
444,"OMAR",126838,0.283034,15.3534,11.4745,0.13876,3.54862,1.8433,67.6414,TRUE
445,"ADRIANA",126686,99.7395,17.3066,3.16689,0.292061,0.799615,1.71605,76.7188,FALSE
446,"RUBEN",126201,0.229792,5.28918,2.53801,0.419965,2.0404,0.387477,89.325,TRUE
447,"ZOE",125886,99.5194,59.0352,8.9724,0.470267,4.03619,7.83328,19.6527,TRUE
448,"JOSH",125623,0.175127,81.1698,4.23171,0.826282,2.6285,3.37757,7.76609,TRUE
449,"MAUREEN",125599,99.9212,90.8797,4.07248,0.234078,1.61466,1.1887,2.01037,FALSE
450,"MARC",125340,0.13882,74.6394,8.97958,0.328706,2.87219,2.62885,10.5513,TRUE
451,"SABRINA",125164,99.8818,49.2801,17.227,0.741427,5.488,5.1101,22.1533,FALSE
452,"MACKENZIE",125022,95.1051,82.6159,4.87994,0.585497,0.991026,5.06711,5.86057,TRUE
453,"VICKI",124995,99.9176,90.0652,3.93936,0.591224,1.31125,2.26729,1.82567,TRUE
454,"LEONARD",124971,0.183231,68.8144,18.8868,1.2851,1.97646,2.42696,6.61033,TRUE
455,"JULIO",124932,0.391407,2.63663,0.856466,0.124868,0.645151,0.123267,95.6136,TRUE
456,"CALVIN",124762,0.209193,50.1884,33.4397,1.17183,6.82339,4.305,4.07175,TRUE
457,"KRISTINA",124530,99.9036,77.9097,4.097,0.558098,3.18156,4.02875,10.2248,FALSE
458,"MITCHELL",124131,0.704101,83.4336,6.2716,0.867632,1.72721,3.29168,4.40825,TRUE
459,"JOSEPHINE",123983,99.8427,60.639,12.0904,0.913835,8.73668,3.21738,14.4028,FALSE
460,"COLIN",123028,0.264987,84.6994,3.78613,0.449491,2.83919,4.49329,3.73248,TRUE
461,"ELI",122713,1.69012,66.4738,5.48027,1.02679,2.25323,5.36129,19.4046,TRUE
462,"LINDSAY",122644,97.641,88.0875,2.06125,0.382408,1.33476,2.96468,5.16943,TRUE
463,"SAM",121442,8.14209,69.6299,8.56952,0.854729,10.2411,2.92403,7.78067,TRUE
464,"TERRI",121164,99.391,83.1171,10.0054,0.901258,0.938398,2.92166,2.11614,TRUE
465,"CESAR",121100,0.216339,2.07267,0.444261,0.0891825,2.51693,0.102395,94.7746,TRUE
466,"PARKER",120172,15.1156,85.5632,2.80764,0.561695,1.28316,5.3465,4.43781,TRUE
467,"ELEANOR",120073,99.8676,81.3397,5.39005,0.547167,3.63862,3.6761,5.40838,FALSE
468,"EILEEN",119997,99.925,82.9871,2.31922,0.379176,4.02093,1.17336,9.12023,FALSE
469,"AUBREY",119939,87.5067,69.8739,11.084,0.744545,1.42239,5.50863,11.3666,TRUE
470,"FAITH",119725,99.7043,61.247,17.3815,1.01148,3.69012,5.53017,11.1397,TRUE
471,"XAVIER",119282,0.593517,17.9306,29.1603,0.953203,1.67754,7.72791,42.5504,TRUE
472,"DESTINY",119195,99.6015,35.0703,29.2521,1.10743,1.09317,6.0078,27.4693,FALSE
473,"BRENT",119139,0.159476,88.4706,4.34115,0.82089,1.301,2.77743,2.28892,TRUE
474,"NORA",119138,99.76,64.0711,3.73097,0.627004,3.80315,3.55134,24.2165,TRUE
475,"MELINDA",118803,99.9226,77.3154,6.08739,0.856039,3.08326,2.96878,9.68915,FALSE
476,"GABRIELLE",118800,99.0858,57.08,18.7643,0.700337,2.84933,6.65488,13.9512,TRUE
477,"HAYDEN",118662,22.2254,81.8704,3.34817,0.921104,1.83125,5.52072,6.5084,TRUE
478,"TOM",118359,0.34643,83.6388,3.35505,0.784055,6.69911,1.7937,3.72933,TRUE
479,"LEO",118352,0.620163,60.0826,6.53559,0.928586,6.82625,4.1385,21.4884,TRUE
480,"YVONNE",118152,99.7859,45.9611,26.4955,0.979247,4.21068,2.81333,19.5401,FALSE
481,"KATELYN",117585,99.8988,82.2426,2.53434,0.524727,3.25467,3.86274,7.5809,FALSE
482,"JOY",117512,98.5381,70.3077,14.5415,0.578664,7.72006,3.28817,3.56389,TRUE
483,"ANGELICA",117160,99.8643,11.7805,4.69443,0.393479,3.67788,1.69426,77.7595,TRUE
484,"COLTON",117147,0.159637,89.0829,0.874969,0.950942,0.59754,4.41155,4.08205,TRUE
485,"GARRETT",116551,0.274558,86.7826,2.84511,0.906041,1.27069,4.03943,4.15612,TRUE
486,"ALEXA",115939,99.7292,49.2181,2.67468,0.275145,1.81647,3.6709,42.3447,TRUE
487,"ANNIE",115895,99.7852,40.8698,36.8428,0.916347,13.4648,2.23564,5.67065,FALSE
488,"KAYLEE",115418,99.8605,70.1884,4.75662,0.953924,3.03765,5.13611,15.9273,FALSE
488,"NICK",115418,0.932312,79.3169,3.37902,0.692266,3.63981,2.62784,10.3441,TRUE
490,"ANDRES",115086,0.473579,2.82832,0.615192,0.203326,1.02966,0.197244,95.1263,TRUE
491,"ELENA",114537,99.8577,42.987,1.55234,0.44789,5.02283,2.47868,47.5113,TRUE
492,"ERNEST",114301,0.209961,57.4684,24.124,1.20996,2.00873,2.54678,12.6421,TRUE
493,"RAMON",114141,0.314518,4.02309,4.25614,0.286488,3.6744,0.476603,87.2833,TRUE
494,"SONIA",113731,99.8479,17.2468,8.80587,0.30071,7.1801,1.61785,64.8486,TRUE
495,"PEYTON",113473,60.7681,77.4519,8.18873,0.939431,1.45409,6.09132,5.87453,TRUE
496,"CORY",113341,5.17117,80.4334,10.1058,0.860236,1.07199,3.83004,3.69857,TRUE
497,"MARCIA",113323,99.8518,77.5915,12.3064,0.382094,0.85949,1.69515,7.16536,TRUE
498,"NAOMI",113168,99.818,46.0899,17.5748,0.913686,5.90803,7.31832,22.1953,TRUE
499,"KARLA",113141,99.8365,33.5307,3.99943,0.409224,0.715921,1.17994,60.1648,TRUE
500,"GABRIELA",112857,99.759,11.0893,0.918862,0.105443,0.590127,0.647722,86.6486,FALSE
501,"ROSEMARY",112644,99.9095,72.6483,7.60538,0.573488,1.6965,1.68584,15.7905,TRUE
502,"DEANNA",112507,99.9031,77.1392,8.72923,1.11193,1.45946,3.53311,8.02706,TRUE
503,"JENNY",111783,99.6475,50.8315,2.30536,0.554646,20.6981,2.14791,23.4624,TRUE
504,"MARISSA",111563,99.8826,57.2322,5.20423,0.815683,4.38586,4.87258,27.4894,FALSE
505,"MELVIN",111414,0.429901,44.3768,35.0234,1.22067,2.94667,2.18375,14.2487,TRUE
506,"BAILEY",111403,84.2518,82.154,4.86522,0.870713,1.22349,4.89215,5.99445,TRUE
507,"ALISON",111217,99.599,79.8943,2.53558,0.353363,2.88445,2.69473,11.6376,TRUE
508,"AUTUMN",110880,99.7511,72.298,11.1634,1.4412,1.10931,6.59542,7.39268,FALSE
509,"DERRICK",110566,0.203495,31.5395,54.6425,1.15225,2.71602,4.21106,5.73865,TRUE
510,"MATT",110474,0.171977,89.5179,1.47003,0.549451,1.92987,2.33268,4.20008,TRUE
511,"CARSON",110436,6.27513,84.333,4.47227,0.651056,1.47959,4.43605,4.62802,TRUE
512,"ANDRE",110187,1.45125,20.4407,54.2977,0.597167,2.68634,5.86276,16.1153,TRUE
513,"DON",109811,1.13096,78.7152,9.59649,0.84691,5.19165,2.51068,3.13903,TRUE
514,"GABRIELLA",109553,99.8357,47.4629,5.44942,0.501127,1.73797,5.21391,39.6347,TRUE
515,"EDDIE",109395,3.38117,35.0985,34.1652,0.92326,3.70766,2.38036,23.725,TRUE
516,"TRISTAN",109394,5.32623,61.6515,11.8718,1.27612,3.5523,7.91634,13.732,TRUE
517,"CECILIA",109385,99.8245,31.0966,4.70906,0.468071,7.22677,1.97833,54.5212,TRUE
518,"NORMAN",109382,0.407745,77.1754,11.9489,1.01296,3.50789,2.18683,4.16796,TRUE
519,"CLARA",109249,99.8517,59.0147,10.8678,0.713965,3.20644,2.90437,23.2927,TRUE
520,"GRANT",109202,0.208791,87.079,3.02192,0.482592,1.97341,4.09791,3.34518,TRUE
521,"BRAYDEN",109058,0.879316,76.982,5.90787,0.855508,1.78254,6.51213,7.95998,TRUE
522,"AIDAN",108852,2.34466,70.3166,3.40003,0.508029,3.72708,6.90846,15.1398,FALSE
523,"BRYCE",107823,2.77208,76.0246,10.4365,0.690947,1.67682,5.83178,5.33931,TRUE
524,"MIRIAM",107721,99.8013,41.5091,5.05658,0.190306,2.24469,1.42869,49.5707,FALSE
525,"RAY",107588,1.81424,61.4808,14.5314,1.13674,4.78585,2.68431,15.3809,TRUE
526,"BEN",107540,0.364519,76.9184,5.79877,0.795053,6.42459,2.91984,7.14339,TRUE
527,"LORRAINE",107539,99.8754,74.5897,10.6501,0.959652,2.18804,1.83003,9.7825,TRUE
528,"MARCO",106983,0.236497,14.9846,3.22855,0.208444,1.60306,0.895469,79.0799,TRUE
529,"MARLENE",106957,99.8728,64.5717,7.82277,1.03032,1.99332,1.38093,23.2009,FALSE
530,"SPENCER",106320,3.69911,81.8943,6.10892,0.583145,2.38525,4.66516,4.36324,TRUE
531,"TANYA",105773,99.8969,57.4759,19.5645,1.18934,3.62663,4.26479,13.8788,FALSE
532,"RONNIE",105398,5.1195,63.7156,23.4682,1.19357,2.10061,3.07501,6.44699,TRUE
533,"CHARLIE",104899,20.5384,61.2484,17.9916,1.02003,4.75791,3.65304,11.329,TRUE
534,"JOANNA",104733,99.8577,59.6937,4.93827,0.507958,6.94433,2.74603,25.1697,FALSE
535,"DOLORES",104668,98.905,59.448,5.20503,0.399358,2.50029,1.01941,31.4279,TRUE
536,"JEANNE",104567,99.9101,90.87,3.12623,0.321325,2.13356,1.61141,1.93751,TRUE
537,"JESSIE",104530,56.2132,53.5904,21.0322,1.21114,4.77662,3.17038,16.2193,TRUE
538,"ROBERTA",104464,99.7109,81.1811,7.5337,1.39761,0.937165,2.14907,6.80139,TRUE
539,"MARYANN",104050,99.9077,84.3575,2.57953,0.370014,4.88131,1.33686,6.47477,FALSE
540,"KYLIE",103256,99.6067,74.8605,5.40404,0.888084,3.08457,5.80499,9.95777,FALSE
541,"DARRELL",103234,0.413615,65.3903,27.0696,1.6574,0.895054,3.03098,1.95672,TRUE
542,"MAYA",102998,99.6476,41.5367,14.7488,0.463116,8.20016,11.2158,23.8354,TRUE
543,"DAKOTA",102679,29.3084,78.3958,5.74119,2.51853,0.437285,7.09687,5.81034,TRUE
544,"CAITLIN",102633,99.9201,86.7479,1.60864,0.393636,2.16792,4.12635,4.95552,FALSE
545,"ARMANDO",102572,0.184263,3.43271,0.597629,0.229107,1.94205,0.19011,93.6084,TRUE
546,"ALMA",102368,99.2674,20.6119,7.85304,0.275477,2.98042,0.782471,67.4967,TRUE
547,"TOMMY",101698,0.978416,62.4476,16.8224,1.5015,8.50558,3.14559,7.57734,TRUE
548,"OLGA",101652,99.8141,31.9098,1.83863,0.158384,0.675835,0.380711,65.0366,FALSE
549,"TONYA",100566,99.8518,66.8586,24.8404,1.17535,0.430563,3.88899,2.80612,FALSE
550,"MIRANDA",99789,99.7976,64.917,4.95746,1.14842,1.91103,4.06858,22.9975,TRUE
551,"SUE",99614,99.3485,86.8131,2.36513,0.49491,6.59144,1.77284,1.96258,TRUE
552,"NICOLAS",99606,0.292157,36.047,3.45461,0.30721,2.16553,2.69863,55.327,TRUE
553,"JIM",99342,0.417736,83.5789,3.85235,0.959312,4.6053,2.0978,4.90628,TRUE
554,"BRAD",99075,0.102949,91.3439,2.92607,0.66919,0.915468,2.09841,2.04693,TRUE
555,"JUANITA",98829,99.8513,36.637,23.0691,1.28606,2.1006,2.24833,34.6589,FALSE
556,"JEANETTE",98711,99.9098,64.6048,14.0106,0.755742,2.47288,2.17098,15.985,TRUE
557,"ANGELINA",98689,99.8247,34.4881,4.47973,0.787322,7.79418,3.69139,48.7592,TRUE
558,"JOCELYN",98534,99.2114,34.038,8.19413,0.488156,9.03343,3.48611,44.7602,TRUE
559,"RICK",98271,0.161788,82.7823,3.23391,0.845621,2.51244,2.5216,8.10412,TRUE
560,"MICAH",97929,11.563,58.7854,18.7227,0.91597,3.47497,8.85233,9.24854,TRUE
561,"MARJORIE",97793,99.8834,80.8105,9.23174,0.581841,2.41224,1.67292,5.29077,FALSE
562,"CHARLENE",97322,99.8829,68.6268,18.2939,1.41695,3.82134,3.21716,4.62383,FALSE
563,"NINA",96873,99.8452,62.4994,10.6211,0.686466,8.44714,4.84345,12.9025,TRUE
564,"ALBERTO",96607,0.233933,3.77095,0.705953,0.0973014,2.37767,0.159409,92.8887,TRUE
565,"BROOKLYN",96523,98.6252,68.3267,13.1368,0.860935,0.863007,7.55675,9.25583,TRUE
566,"LOUISE",96364,98.7589,76.1571,15.0565,1.0533,1.76414,1.77245,4.19659,TRUE
567,"ARIANA",95572,99.8054,26.4534,10.117,0.614197,3.10447,5.63031,54.0807,TRUE
568,"JOSIAH",95179,0.462306,33.0577,28.0188,1.18408,2.60667,7.81895,27.3138,TRUE
569,"NOLAN",94523,0.414727,78.3852,4.89828,0.760661,3.37167,5.24423,7.34001,TRUE
570,"MARGARITA",93536,99.7306,6.69689,0.553797,0.166781,1.9554,0.184956,90.4422,TRUE
571,"KARA",93454,99.801,85.7299,3.52045,0.682689,2.41723,4.02337,3.62638,TRUE
572,"STELLA",93369,99.8608,65.5014,7.76061,0.802193,6.28367,4.32049,15.3316,TRUE
573,"EDITH",92917,99.7202,53.0086,11.4931,0.623137,2.02546,1.6391,31.2107,FALSE
574,"JEROME",92856,0.192753,51.8469,37.6605,1.01555,3.38266,2.90881,3.18558,TRUE
575,"JUNE",92673,98.0609,79.0942,7.99262,0.688442,6.28338,2.7419,3.19942,TRUE
576,"EARL",92565,0.260352,67.8345,24.8798,1.1311,1.6248,2.75698,1.77281,TRUE
577,"BRANDY",92457,98.3288,74.8023,10.7866,1.14215,0.736559,4.61944,7.91287,TRUE
578,"GERALDINE",92416,99.8301,67.458,18.9166,1.0258,3.09146,1.5322,7.97589,FALSE
579,"HARPER",92380,94.4011,83.7584,3.08725,0.549903,1.37909,5.9515,5.27387,TRUE
580,"ALFRED",92297,0.170098,56.5208,22.29,1.21239,3.40856,2.21351,14.3547,TRUE
581,"CHRISTY",91663,99.0738,81.6938,5.54422,0.799668,3.61433,3.12122,5.22675,TRUE
582,"ANDY",91634,1.64788,40.1914,3.94722,0.595849,21.0402,1.4678,32.7575,TRUE
583,"LORETTA",91196,99.9013,72.2652,16.8374,1.44962,1.26979,2.52533,5.65266,TRUE
584,"BLANCA",91172,99.7861,1.05734,0.167815,0.0625192,0.239108,0.0493573,98.4239,TRUE
585,"CLAYTON",91109,0.250261,84.3846,6.15856,1.18649,1.56406,3.8635,2.84275,TRUE
586,"LUZ",90898,98.8449,0.779995,0.192523,0.0506062,2.36199,0.0715087,96.5434,TRUE
587,"MARIAH",90629,99.7727,40.1097,23.178,1.64296,1.08575,8.5999,25.3837,FALSE
588,"DAISY",90390,99.7832,22.6275,9.4037,0.688129,6.30822,1.8387,59.1338,TRUE
589,"KATRINA",90141,99.9013,60.0603,21.4309,0.893045,4.8291,4.70929,8.07735,FALSE
590,"ENRIQUE",90045,0.208789,1.84908,0.884002,0.149925,1.8091,0.182131,95.1258,TRUE
591,"ALFREDO",89730,0.186112,2.96891,0.69542,0.138192,4.02652,0.183885,91.9871,TRUE
592,"CONSTANCE",89616,99.8471,79.5661,14.9069,0.503258,0.970809,2.15698,1.89587,TRUE
593,"MEGHAN",89558,99.8917,90.0098,1.8167,0.253467,1.31423,2.7859,3.81987,FALSE
594,"BETHANY",89510,99.8972,84.2453,3.03988,0.583175,1.77075,3.78952,6.57133,TRUE
595,"NATASHA",89479,99.8469,42.5809,28.8202,1.36904,4.89053,6.5155,15.8238,FALSE
596,"GLENDA",89350,99.8713,67.2322,13.9418,0.927812,1.79295,2.32569,13.7795,FALSE
597,"JUANA",88953,99.5312,1.0691,0.817286,0.141648,0.548604,0.0809416,97.3424,FALSE
598,"WHITNEY",88895,96.1785,74.8411,15.1021,0.913437,1.08668,4.65718,3.39952,TRUE
599,"COOPER",88783,2.19091,89.0553,0.958517,0.628499,0.848135,4.5921,3.91742,TRUE
600,"NATALIA",88099,99.8093,31.1593,3.72081,0.429063,1.39729,2.32806,60.9655,TRUE
601,"ELIAS",88030,0.4362,29.8875,5.29024,0.889469,1.76644,3.97705,58.1893,TRUE
602,"EMMANUEL",87987,0.389826,6.92148,33.422,0.303454,5.47354,1.73548,52.1441,TRUE
603,"PRISCILLA",87905,99.8919,39.3834,14.9036,1.16944,5.47409,2.11592,36.9535,FALSE
604,"DARREN",87892,0.278751,66.5863,17.9345,1.42675,5.62964,3.76371,4.65913,TRUE
605,"PRESTON",87764,0.605052,71.8267,12.1394,1.20665,3.17328,5.7233,5.93068,TRUE
606,"MAKAYLA",87615,99.8254,53.5045,23.3499,0.895965,1.413,8.05798,12.7786,FALSE
607,"WARREN",87422,0.272236,72.8958,16.7258,1.06838,3.62609,3.27835,2.40557,TRUE
608,"ARIEL",87269,70.5111,35.1442,16.5935,0.719614,4.91354,4.38529,38.2438,TRUE
609,"TANNER",86958,2.40803,89.8146,1.14078,0.926884,0.744037,3.86738,3.50629,TRUE
610,"KATE",86821,99.7662,82.8636,2.0525,0.289101,4.7834,2.78965,7.22176,TRUE
611,"MELODY",86671,99.8419,62.4338,9.72644,0.910339,5.86009,4.6913,16.378,TRUE
612,"LANCE",86544,0.190663,76.003,10.5461,1.48595,3.59701,4.06036,4.30764,TRUE
613,"MARSHA",86241,99.8632,81.372,12.646,0.742106,1.01924,2.28893,1.9318,TRUE
614,"SOPHIE",86140,99.8619,72.0118,2.54586,0.607151,7.27072,5.71511,11.8493,TRUE
615,"GRAYSON",86129,4.34268,79.0036,3.79547,0.702435,1.51052,6.81652,8.17146,TRUE
616,"SIERRA",85587,99.7546,63.5073,13.4366,1.33198,1.19761,7.87035,12.6561,TRUE
617,"BRENDAN",85399,0.332529,84.5396,3.36655,0.398131,2.40635,4.16398,5.12535,FALSE
618,"ARLENE",85378,99.8477,66.8416,9.25648,1.16892,6.44077,1.30713,14.9851,FALSE
619,"GERARDO",85108,0.18094,2.21953,0.171547,0.0763735,1.81887,0.0669737,95.6467,TRUE
620,"LAYLA",84915,99.8622,52.1628,14.3379,0.992757,1.93134,8.57328,22.002,FALSE
621,"BRADY",84828,2.06165,89.5754,1.45707,0.568209,1.33682,3.43401,3.62852,TRUE
622,"BRANDI",84733,99.7793,75.6695,13.0657,1.0952,0.527539,4.43865,5.2034,TRUE
623,"MICHEAL",84520,1.37482,62.3048,21.1962,1.37482,1.40795,3.45599,10.2603,FALSE
624,"KENDRA",84515,99.7717,63.8112,20.1302,0.997456,0.907531,4.46785,9.68585,TRUE
625,"IRMA",84432,99.8212,11.0539,5.07746,0.248721,1.1607,0.341103,82.1182,FALSE
626,"ARTURO",84409,0.183632,1.86473,0.537857,0.148088,2.4405,0.150458,94.8584,TRUE
627,"VICKIE",84328,99.8755,82.0321,11.0865,0.739968,1.21075,2.6219,2.30884,FALSE
628,"ALEXANDRIA",84201,99.7245,59.0824,13.4191,0.849159,1.92278,6.74101,17.9855,TRUE
629,"ABRAHAM",84019,0.236837,26.3905,8.65995,0.411812,5.49876,1.85434,57.1847,TRUE
630,"JADE",83703,94.2168,43.8813,17.3614,1.18275,5.42752,8.73565,23.4113,TRUE
631,"KERRY",83554,54.1086,83.8033,9.4394,0.588841,1.51399,2.57558,2.0789,TRUE
632,"RENE",83545,22.0803,23.6555,4.55922,0.374648,2.52798,1.258,67.6246,TRUE
633,"TRACEY",83396,92.4495,72.9999,19.6196,0.619934,1.44611,2.85625,2.45815,TRUE
634,"MAXWELL",83276,0.647175,77.0006,5.73875,0.267784,3.11855,6.96119,6.91316,TRUE
635,"LETICIA",83209,99.8462,4.28319,2.83142,0.270403,3.79767,0.493937,88.3234,FALSE
636,"MILDRED",83145,99.8184,63.1451,20.7276,0.727644,2.31283,1.65975,11.427,FALSE
637,"JADEN",83111,15.1449,36.9686,25.5165,1.07687,5.74773,8.80269,21.8876,FALSE
638,"KENDALL",83080,67.8081,68.9071,19.1875,0.805248,1.1832,5.20703,4.70992,TRUE
639,"CLARENCE",82718,0.348175,52.17,40.0699,1.17749,1.86537,3.00418,1.71305,TRUE
640,"LEONARDO",82532,0.242336,12.6824,1.69147,0.159938,3.53075,1.22134,80.7141,TRUE
641,"BERNARD",82517,0.173296,64.84,25.8795,0.689555,3.32053,1.94869,3.32174,TRUE
642,"ASHTON",82424,20.9184,66.4576,16.1106,1.11254,1.93876,6.39377,7.98675,TRUE
643,"MADELYN",82370,99.8397,78.2093,1.93396,0.353284,2.31274,4.20177,12.989,FALSE
644,"GLADYS",81884,99.8229,33.258,19.4006,0.578868,2.27395,1.16751,43.321,TRUE
645,"JAN",81847,68.2694,85.2591,3.38314,0.355541,3.67882,1.8669,5.45652,TRUE
646,"PENNY",81502,99.7423,88.8322,3.97904,0.745994,1.50548,2.97171,1.9656,TRUE
647,"CRISTINA",81412,99.79,20.8655,1.15708,0.164595,5.9463,1.0453,70.8213,TRUE
648,"BRIDGET",81357,99.8808,80.2193,10.0385,0.484285,0.921863,2.55417,5.78192,TRUE
649,"ZOEY",81211,99.6725,63.4101,9.35957,0.943222,3.50445,7.382,15.4006,FALSE
650,"NEIL",81116,0.245322,80.2912,3.63677,0.553528,9.61216,2.72696,3.1794,TRUE
651,"TONI",81028,97.8044,69.7154,17.2681,1.11073,1.22797,3.52718,7.15061,TRUE
652,"LEON",81000,0.402484,48.2173,31.8543,1.41358,5.21481,3.65926,9.64074,TRUE
653,"CAROLE",80907,99.9098,91.6694,4.24685,0.395516,0.912158,1.44116,1.33487,TRUE
654,"SANTIAGO",80841,0.363677,2.77953,0.380995,0.248636,0.895585,0.157099,95.5382,TRUE
655,"IRIS",80802,99.5198,33.9026,9.97748,0.587857,6.46395,2.7982,46.2699,TRUE
656,"SILVIA",80783,99.8081,9.42525,1.18837,0.131216,1.06706,0.336705,87.8514,TRUE
657,"PABLO",80700,0.214377,2.53903,0.515489,0.148699,1.19331,0.159851,95.4436,TRUE
658,"ARIANNA",80588,99.8573,32.7543,14.3657,0.847521,2.35147,7.47506,42.206,FALSE
659,"FELIX",80554,1.30596,17.3039,7.35407,0.525114,5.43983,1.78514,67.5919,TRUE
660,"HAZEL",80464,99.2817,64.4089,14.3505,0.881139,4.29012,4.31,11.7593,TRUE
661,"SALVADOR",80158,0.180909,2.24557,0.202101,0.164675,1.78897,0.139724,95.459,TRUE
662,"DREW",80028,8.62666,85.7637,4.51342,0.567301,1.20208,3.71495,4.23852,TRUE
663,"BRIANA",79989,99.7937,37.3276,20.7191,0.58008,1.26517,4.51437,35.5936,TRUE
664,"DIANNE",79704,99.9197,80.6973,11.6431,0.365101,1.8644,1.77783,3.65226,FALSE
665,"ROMAN",79667,1.13344,45.4542,7.18616,0.702926,2.41254,5.79788,38.4463,TRUE
666,"MARION",79606,70.5237,75.2041,17.8529,0.6193,1.37552,2.24229,2.70583,TRUE
667,"DANIELA",78958,99.6618,17.9716,1.25383,0.115251,0.624383,0.57119,79.4638,FALSE
668,"CLIFFORD",78911,0.245859,74.2482,16.9723,1.2343,2.33047,3.09843,2.11631,TRUE
669,"DEVON",78789,23.1606,57.8761,25.1152,0.889718,1.3644,7.27132,7.48328,TRUE
670,"JILLIAN",78772,99.7677,82.7096,3.70563,0.451937,2.45773,3.90748,6.76763,FALSE
671,"KARINA",78584,99.8269,15.666,1.69755,0.171791,3.02988,1.75736,77.6774,FALSE
672,"DAMIAN",78539,0.422736,28.7106,8.85929,0.78687,1.20577,3.36266,57.0748,TRUE
673,"ALEJANDRA",78499,99.4586,1.66754,0.314654,0.103186,0.51593,0.126116,97.2726,FALSE
674,"GORDON",78484,0.194937,85.6875,5.50685,0.967076,3.91035,2.52153,1.40666,TRUE
675,"ERICK",78395,0.368646,16.4003,7.1229,0.322725,1.6672,1.14803,73.3389,TRUE
676,"NELSON",78251,0.41147,26.1351,8.40117,0.898391,6.78202,1.23832,56.545,TRUE
677,"FELICIA",78101,99.8784,35.5668,41.8471,1.1818,2.18051,3.82582,15.398,TRUE
678,"JOHNATHAN",78085,0.204892,55.382,16.3514,1.02709,2.52673,4.67952,20.0333,FALSE
679,"FRANKLIN",78049,0.324147,57.8111,14.3756,1.13903,3.43118,3.0263,20.2168,TRUE
680,"BILL",77812,0.38549,84.1631,4.40806,1.06025,4.58284,2.31455,3.47119,TRUE
681,"MILES",77428,0.499826,68.7671,10.6938,0.676758,2.83231,9.09748,7.93253,TRUE
682,"SKYLAR",77382,80.153,63.9709,18.5379,0.992479,2.11806,6.8388,7.54181,TRUE
683,"KENNEDY",77119,91.2572,58.966,25.589,0.645755,1.58716,6.26175,6.9503,TRUE
684,"KAY",77013,96.9577,84.7571,6.19116,0.472647,4.97319,1.89449,1.7114,TRUE
685,"KRISTINE",76923,99.9285,83.8137,1.2961,0.3536,7.21891,2.444,4.8737,FALSE
686,"GEORGIA",76253,99.8007,76.4114,14.3155,0.889145,0.780297,3.33495,4.26868,TRUE
687,"JAXON",76203,0.465879,72.1087,5.98795,0.880543,1.35165,7.96032,11.7108,FALSE
688,"HOPE",75728,99.4572,70.6251,11.8041,0.904553,2.65556,4.66274,9.34793,TRUE
689,"SANDY",75707,91.3418,60.68,6.74574,0.656478,10.8352,2.21116,18.8714,TRUE
690,"SHELLY",75248,98.7813,83.6341,6.03205,1.16548,2.58877,3.14294,3.43664,TRUE
691,"SADIE",75240,99.8219,77.2063,6.68129,1.0739,1.20149,4.6159,9.22116,TRUE
692,"RACHAEL",75091,99.8708,81.0044,4.9207,0.701815,2.06816,4.32675,6.9782,TRUE
693,"KURT",74867,0.0694565,90.618,3.08948,0.399375,1.69901,2.09972,2.09438,TRUE
694,"GWENDOLYN",74577,99.8619,45.2499,46.8657,0.753584,1.15451,3.26106,2.71531,FALSE
695,"LILIANA",74437,99.8737,21.3738,0.874565,0.223007,0.908151,2.44905,74.1714,FALSE
696,"ISABELLE",74127,99.8691,64.8805,3.82856,0.717687,4.9712,6.31349,19.2885,TRUE
697,"RON",74027,0.33096,79.6736,8.68872,1.06448,3.5433,2.57609,4.45378,TRUE
698,"GUSTAVO",73693,0.19677,4.52146,0.354172,0.0990596,0.261897,0.169623,94.5938,TRUE
699,"CANDACE",73538,99.9102,72.1858,16.8036,1.12595,1.58693,3.80076,4.49699,FALSE
700,"KARL",73523,0.293806,80.7448,10.5654,0.465161,2.54342,2.60191,3.07931,TRUE
701,"ALVIN",72972,0.283709,42.223,34.3584,1.45809,12.1485,2.24607,7.56592,TRUE
702,"GLEN",72859,0.61215,83.0796,8.09234,0.856449,2.6764,2.57895,2.71621,TRUE
703,"MARINA",72814,99.8022,45.7014,1.81146,0.329607,4.78754,2.23309,45.1369,TRUE
704,"COLLIN",72621,0.688572,83.2707,5.52044,0.608639,2.22938,4.56893,3.80193,TRUE
705,"MAGGIE",72615,99.781,72.5883,9.05323,0.870344,6.65427,2.71845,8.1154,TRUE
706,"JODY",72571,67.38,89.8348,2.6071,0.876383,1.19607,2.75041,2.73525,TRUE
707,"CAMILA",72541,99.7298,7.3903,0.955322,0.144746,0.796791,0.661695,90.0511,FALSE
708,"VIOLET",72515,99.8566,69.2174,5.7395,1.02048,2.58429,5.78501,15.6533,TRUE
709,"ABBY",72429,99.4823,83.1449,1.6637,0.549504,2.89939,2.70886,9.03367,TRUE
710,"BIANCA",72258,99.827,22.2231,16.3497,0.427634,2.87027,3.47505,54.6542,TRUE
711,"ISRAEL",72112,1.54753,10.4365,9.26059,0.342523,0.985966,1.72093,77.2534,TRUE
712,"DUANE",71876,0.52042,81.7505,11.3445,1.37042,1.0852,2.51962,1.92971,TRUE
713,"PAYTON",71783,70.0722,79.1845,7.32764,1.12004,0.890183,5.82171,5.65594,TRUE
714,"MATHEW",71770,0.217388,68.42,3.36492,0.851331,5.45214,3.2855,18.6262,TRUE
715,"JODI",71742,98.9672,92.3113,1.63084,0.610521,1.21128,2.34591,1.89011,FALSE
716,"LUCIA",71626,99.7278,26.7947,1.68933,0.208025,3.58529,1.47153,66.2511,TRUE
717,"HERBERT",71493,0.162263,65.9323,22.4973,1.00429,2.28834,2.16804,6.10969,TRUE
718,"MAURICE",71282,1.01138,29.6975,59.9773,0.674785,1.00306,3.8032,4.84414,TRUE
719,"MONIQUE",71265,99.7867,25.2073,43.2148,0.900863,2.18059,4.66428,23.8322,TRUE
720,"MARCOS",71182,0.368091,5.9678,1.20115,0.28378,0.824647,0.296423,91.4262,TRUE
721,"ANGIE",70854,99.6867,51.4071,6.09987,0.725435,5.0597,1.94626,34.7616,TRUE
722,"SHERRI",70739,99.9392,85.1581,8.58225,0.884943,0.723787,3.0139,1.637,FALSE
723,"SUMMER",70690,99.7001,72.4317,9.06918,1.52355,2.88584,6.11543,7.97425,TRUE
724,"ELLIE",70665,99.2966,76.6348,1.3005,0.510861,6.18977,4.49303,10.871,TRUE
725,"PAULINE",70437,99.8396,65.9852,16.9045,1.34872,6.14592,2.01883,7.59686,TRUE
726,"MISTY",70426,99.8949,85.0169,2.90802,1.78059,0.738364,4.70707,4.84906,FALSE
727,"TRINITY",70210,97.0205,46.3965,28.5928,1.23914,2.36149,8.64549,12.7646,TRUE
728,"DESIREE",69938,99.8656,41.4753,18.7666,1.17104,2.74386,5.67932,30.1639,FALSE
729,"SHERYL",69909,99.8541,82.1897,10.0574,0.689468,2.92523,2.41028,1.72796,FALSE
730,"ALLAN",69666,0.212427,68.9016,6.33882,0.489478,7.94505,2.1804,14.1446,TRUE
731,"RAQUEL",69606,99.5058,13.1742,7.58412,0.643623,3.6606,1.5832,73.3543,TRUE
732,"KRISTI",69584,99.7413,89.6499,2.39423,0.67688,1.63831,2.91015,2.73051,FALSE
733,"KEN",69580,0.731511,74.3418,6.453,0.626617,12.3455,3.07703,3.15608,TRUE
734,"BRITTNEY",69442,99.82,64.2536,19.8612,0.738746,1.17508,4.38783,9.58354,FALSE
735,"ALI",69300,19.2981,63.176,11.0519,0.300144,13.0115,6.27706,6.18326,TRUE
735,"CAROLINA",69300,99.8081,11.9582,0.950938,0.181818,3.12843,0.665224,83.1154,TRUE
737,"AALIYAH",69237,99.8151,13.7499,39.5208,1.27389,1.99604,12.281,31.1784,FALSE
738,"MEREDITH",69220,97.7852,90.1907,2.47761,0.342387,1.03005,2.50072,3.45854,TRUE
739,"EDNA",68960,99.8477,53.8269,20.1595,0.75261,5.99188,1.82425,17.4449,FALSE
740,"REGINALD",68887,0.242454,14.3917,77.9363,0.558886,1.9336,3.29235,1.88715,TRUE
741,"DALTON",68878,0.558959,87.925,2.72801,1.1847,0.6301,4.16969,3.36247,TRUE
742,"GILBERT",68856,0.225088,34.4356,9.30493,1.54525,4.52248,1.40438,48.7873,TRUE
743,"CRISTIAN",68804,2.19312,7.751,1.35893,0.109005,0.479623,0.495611,89.8058,TRUE
744,"SIMON",68778,0.635359,55.4581,7.45442,0.503068,11.5197,3.72648,21.3382,TRUE
745,"KALEB",68288,0.374866,60.6842,17.2329,1.2169,1.59179,6.84015,12.4341,FALSE
746,"BECKY",68254,99.8945,87.2213,1.69221,0.820465,2.69142,2.26653,5.30811,TRUE
747,"ERNESTO",68249,0.164119,2.49674,0.650559,0.181688,6.23013,0.222714,90.2182,TRUE
748,"BREANNA",68071,99.8898,63.4676,14.6994,0.94754,1.21491,5.94379,13.7268,FALSE
749,"DAVE",67933,0.273815,80.3071,8.08296,0.680082,3.96714,2.10502,4.85773,TRUE
750,"LEROY",67713,0.152126,48.803,39.2022,1.61564,0.92006,2.41017,7.04887,TRUE
751,"HARRISON",67130,0.52583,78.3614,6.02413,0.92954,3.84627,5.33592,5.50276,TRUE
752,"BRODY",67103,0.454593,87.7099,0.752574,0.824106,0.596099,4.27403,5.84326,TRUE
753,"AURORA",66929,99.8013,39.385,1.96178,0.890496,5.87936,5.2847,46.5986,TRUE
754,"KRISTA",66763,99.9146,87.1576,2.81144,0.680017,1.13836,3.2518,4.96083,TRUE
755,"BELLA",66736,99.7288,49.3901,7.8863,0.669803,6.08217,5.22656,30.745,TRUE
756,"KELLI",66654,99.757,86.988,5.66808,0.687131,1.08321,3.09059,2.48297,FALSE
757,"LORENZO",66591,0.279334,12.8861,21.7252,0.998633,2.93283,2.39672,59.0605,TRUE
758,"QUINN",66540,52.5415,81.2985,4.04118,0.461377,2.07995,6.51338,5.60565,TRUE
759,"GIOVANNI",66483,1.10409,25.3899,6.42119,0.237655,1.35373,3.31664,63.2808,TRUE
760,"REBEKAH",66473,99.9052,80.9983,3.09599,0.570156,2.25054,4.79744,8.28758,FALSE
761,"LINCOLN",66385,1.99747,76.5489,4.44679,0.644724,2.36349,7.22151,8.77457,TRUE
762,"JULIANA",65987,99.7908,43.3479,5.16617,0.395532,4.67213,3.4522,42.966,TRUE
763,"PENELOPE",65813,99.9027,63.878,2.81403,0.575874,2.39162,6.08694,24.2536,FALSE
764,"MAYRA",65661,99.8066,1.26102,0.344192,0.057873,0.479737,0.0746257,97.7825,FALSE
765,"AYDEN",65631,3.26842,46.7355,18.8143,0.84259,3.11438,6.78643,23.7068,FALSE
766,"DARRYL",65346,0.867715,40.359,50.7422,0.982463,2.14397,3.43709,2.33526,FALSE
767,"HUDSON",65103,1.99687,85.5537,1.46537,0.44852,1.67427,5.28547,5.57271,TRUE
768,"JACE",64937,1.36735,66.583,11.8761,1.28586,1.90646,6.97291,11.3756,TRUE
769,"SCARLETT",64821,99.8457,65.1995,1.44706,0.669536,2.11506,5.68643,24.8824,TRUE
770,"LYNDA",64731,99.9428,84.5545,6.51156,0.498988,1.78276,2.32655,4.32559,FALSE
771,"GENE",64464,3.96594,80.1983,8.27904,0.975738,4.13254,2.50527,3.90916,TRUE
772,"BERTHA",64458,99.789,21.3891,19.4902,0.867231,0.575569,0.957212,56.7207,TRUE
773,"SHAUN",64428,4.15101,71.8088,14.0141,0.934376,3.2191,5.28652,4.73707,FALSE
774,"SHELLEY",64255,98.8794,87.5278,4.9786,0.729904,1.866,2.73286,2.16481,TRUE
775,"GIANNA",64222,99.8163,55.7037,5.70677,0.277164,2.05537,6.23151,30.0255,TRUE
776,"ABEL",63703,0.444235,19.2534,4.98093,0.541576,1.86804,1.75502,71.601,TRUE
777,"VALERIA",63599,99.7862,9.95613,4.41674,0.169814,0.3412,0.364786,84.7513,TRUE
778,"JONAH",63553,1.23365,66.7396,6.26249,0.893742,4.25629,7.49925,14.3487,TRUE
779,"KRISTY",63540,99.8851,82.1435,3.97387,0.90022,3.78187,3.02801,6.17249,TRUE
780,"LEWIS",63423,0.499827,70.2821,18.446,1.0091,1.44585,3.00837,5.80862,TRUE
781,"LLOYD",63242,0.32579,71.9427,19.1582,1.2302,2.42244,2.73552,2.51099,TRUE
782,"MATEO",63140,0.300904,7.19354,1.39214,0.38961,1.28445,1.43807,88.3022,TRUE
783,"MERCEDES",62843,98.9276,17.5708,10.0807,0.604682,3.13639,2.5508,66.0567,TRUE
784,"GENESIS",62797,96.4918,5.36491,10.9942,0.313709,1.29943,1.80582,80.222,FALSE
785,"KRYSTAL",62784,99.8901,52.2808,17.6813,1.06078,2.8606,4.12048,21.996,TRUE
786,"RAMONA",62768,99.7674,41.4542,10.7634,1.62185,1.64893,2.68608,41.8255,TRUE
787,"DOMINIQUE",62490,71.0603,19.84,54.2903,0.790526,2.03393,6.68267,16.3626,TRUE
788,"BELINDA",62427,99.8847,50.1145,20.0042,0.84739,3.69071,2.77124,22.572,TRUE
789,"CARLY",62426,99.6044,86.0539,2.04722,0.509403,1.36962,3.41364,6.60622,TRUE
790,"CAMILLE",62247,98.5493,55.9031,21.6492,0.599226,4.7424,5.50709,11.599,TRUE
791,"FLORENCE",62186,99.651,68.6039,19.141,0.878011,5.82768,2.0101,3.53938,TRUE
792,"PATSY",62117,98.3468,83.544,8.30208,0.928892,0.803323,2.1701,4.25165,TRUE
793,"LORENA",61912,99.8482,11.6876,1.73149,0.599238,1.69273,0.61539,83.6736,TRUE
794,"GUILLERMO",61840,0.211823,1.44405,0.24903,0.10511,1.30175,0.111578,96.7885,TRUE
795,"NOEL",61697,20.6846,35.7991,9.80923,0.447348,9.0442,2.59008,42.31,TRUE
796,"DORA",61603,99.7176,26.377,9.08722,0.688278,1.94958,1.09735,60.8006,TRUE
797,"MARIAN",61582,95.8397,74.072,11.9402,0.660907,3.63743,1.72778,7.96174,TRUE
798,"ASHER",61309,1.69475,73.8847,4.63064,0.722569,3.56881,7.82593,9.3673,TRUE
799,"ELISE",61120,99.6499,72.9025,6.92899,0.39267,4.19339,5.39921,10.1832,TRUE
800,"JACQUELYN",60912,99.913,68.8994,16.3301,0.485947,1.64664,3.12418,9.51372,FALSE
801,"DELORES",60886,99.7783,61.0337,30.5374,1.23838,0.264429,1.88713,5.03893,TRUE
802,"JOSUE",60568,0.394643,2.16451,2.49967,0.104015,0.35002,0.151895,94.7299,TRUE
803,"NEVAEH",60294,99.4743,34.7696,27.6246,1.70664,0.802733,12.0062,23.0902,FALSE
804,"CANDICE",59918,99.9299,65.4044,18.8274,1.12487,2.95237,4.41103,7.27995,FALSE
805,"CHEYENNE",59826,96.7542,68.263,8.85067,3.23271,1.21686,9.27523,9.16157,FALSE
806,"CADEN",59391,1.47844,76.9679,6.55992,0.793049,2.62498,6.29388,6.76028,TRUE
807,"ROSS",59347,0.970661,88.1527,3.27396,0.645357,1.87036,2.55447,3.50313,TRUE
808,"HUGO",59064,0.159155,9.2967,0.750034,0.104971,1.21732,0.855005,87.776,TRUE
809,"CORA",58912,99.798,72.8103,12.8989,0.765549,2.18631,5.24002,6.09893,TRUE
810,"LUCILLE",58883,99.8472,73.1909,15.1062,1.03086,1.68979,2.47949,6.50273,FALSE
811,"REAGAN",58854,88.7214,82.0556,5.6054,0.475754,1.60737,5.0175,5.23839,TRUE
812,"BRYSON",58586,0.542755,62.3852,20.1533,1.1385,1.97829,7.48131,6.86341,TRUE
813,"FELIPE",58518,0.316158,6.06651,0.721146,0.170888,2.07116,0.317851,90.6524,TRUE
814,"KADEN",58483,1.94415,67.3615,12.4002,1.21403,3.21119,7.94761,7.86553,TRUE
815,"BEATRICE",58358,99.8423,48.002,24.9889,0.767675,2.52236,2.28075,21.4384,TRUE
816,"EVERETT",58343,0.965033,77.9665,9.38759,0.954699,1.32835,5.04602,5.31683,TRUE
817,"ROBYN",58118,98.4376,80.8837,9.42737,0.834509,1.69999,3.74239,3.41202,TRUE
818,"JO",57896,94.7343,82.8848,7.44438,0.816982,1.89478,2.49413,4.4649,TRUE
819,"BYRON",57838,0.162534,46.9674,28.4986,1.31747,2.38079,3.17784,17.6579,TRUE
820,"DILLON",57536,1.28087,79.6771,4.84219,1.11061,2.37764,4.80569,7.1868,TRUE
821,"MARSHALL",57530,1.21156,77.198,12.9393,0.962976,1.28802,3.87102,3.74066,TRUE
822,"JADA",57492,99.4173,22.3179,54.4963,0.817505,1.65414,10.1423,10.5719,TRUE
823,"JOEY",57452,10.9562,64.6139,6.23651,1.29151,7.18165,3.22182,17.4546,TRUE
824,"MARIANNE",57190,99.9301,89.0208,1.46529,0.272775,3.35373,1.52474,4.36265,FALSE
825,"ORLANDO",57038,0.282283,4.72317,15.1934,0.838038,3.27326,1.02388,74.9483,TRUE
826,"MCKENZIE",56891,96.8447,74.5654,12.3324,0.898209,0.841961,5.37871,5.98337,TRUE
827,"SONYA",56884,99.8699,51.2728,27.7037,1.28331,3.26102,4.29471,12.1844,FALSE
828,"VERNON",56774,0.50546,65.3627,26.498,1.97273,1.50069,2.84813,1.81773,TRUE
829,"ADRIENNE",56600,99.3869,61.8534,22.712,0.738516,2.70318,4.15724,7.83569,FALSE
830,"GRACIE",56335,99.7924,74.0676,6.84654,1.15204,1.23014,3.98864,12.715,TRUE
831,"SAWYER",56258,19.0643,89.5179,0.494152,0.527925,0.515482,4.57535,4.36916,TRUE
832,"MARIANA",56195,99.7028,16.8734,2.05178,0.250912,0.944924,1.03034,78.8487,TRUE
833,"SKYLER",56086,39.7072,73.5816,6.98035,1.43351,2.99718,6.64872,8.35859,TRUE
834,"NADIA",56038,99.8448,37.6905,18.1252,0.371177,7.56808,6.18866,30.0564,FALSE
835,"VERA",55793,99.767,66.7037,19.8071,0.940978,2.75303,3.03264,6.7625,TRUE
836,"DWAYNE",55731,0.227889,43.5269,47.5911,1.08557,1.1071,3.51689,3.17238,FALSE
837,"BILLIE",55681,85.411,83.9874,8.49123,1.39545,0.457966,3.51107,2.15693,TRUE
838,"CASSIDY",55591,94.8177,79.0937,6.16647,0.676368,2.29354,5.22926,6.54063,TRUE
839,"ANGELO",55365,0.923049,45.1043,11.6933,0.780276,5.40233,2.80141,34.2184,TRUE
840,"KIRK",55258,0.161054,81.818,10.6374,0.660538,1.6052,2.68377,2.5951,TRUE
841,"NICHOLE",55225,99.7718,74.6292,9.32911,0.820281,1.16614,4.47804,9.57718,FALSE
842,"KARI",55013,98.751,89.7061,2.61938,0.661662,1.39603,2.92113,2.69573,TRUE
843,"CLINTON",54830,0.17325,74.9973,16.5931,1.30403,1.33321,3.65858,2.11381,TRUE
844,"HILDA",54734,99.821,24.0271,6.27581,0.392809,1.78134,0.62484,66.8981,FALSE
845,"BOBBIE",54719,89.2629,68.6014,23.6097,1.1093,0.615874,3.18354,2.88017,TRUE
846,"LILLY",54549,99.7837,71.5632,3.78925,1.15492,4.29522,5.25216,13.9453,TRUE
847,"LYNNE",54520,99.6057,92.4083,2.81365,0.187087,1.88921,1.50954,1.19222,TRUE
848,"ALANA",54144,99.8393,51.9042,17.2891,0.897606,3.37249,8.63069,17.906,TRUE
849,"GUY",54140,0.258575,81.1803,8.93794,0.932767,1.95235,2.75767,4.23901,TRUE
850,"KENT",54011,0.25735,85.1864,5.30448,0.492492,4.80273,2.26621,1.94775,TRUE
851,"MARTA",53965,99.7276,25.5851,1.55286,0.10933,0.465116,0.465116,71.8225,TRUE
852,"SIDNEY",53876,38.1761,66.2596,19.4743,0.890935,2.79345,4.24679,6.33492,TRUE
853,"THELMA",53798,99.816,50.671,28.5401,0.88665,4.85148,2.02424,13.0265,FALSE
854,"DALLAS",53587,19.3684,69.5878,15.6792,1.44438,0.854685,5.35764,7.07634,TRUE
855,"YVETTE",53502,99.8486,22.4216,30.3615,0.826137,2.31206,2.42795,41.6508,FALSE
856,"ARIA",53370,98.3714,47.9745,11.1954,0.674536,6.97021,10.6183,22.567,TRUE
857,"GAGE",53254,0.503305,85.5861,1.17738,1.17925,0.368047,5.209,6.48026,TRUE
858,"KAI",53210,13.6625,34.4804,16.0571,0.740462,15.8974,19.4512,13.3734,TRUE
859,"RYLEE",53189,92.0348,79.8549,5.44285,0.988926,1.17882,5.57634,6.95821,TRUE
860,"EZRA",52905,4.91627,53.1746,9.69474,0.748511,3.26812,8.11076,25.0033,TRUE
861,"FATIMA",52706,99.7173,21.138,13.1636,0.136607,14.6833,2.51015,48.3683,TRUE
862,"EASTON",52583,1.45085,85.0332,1.955,0.948976,0.718864,4.74298,6.60099,TRUE
863,"JONATHON",52578,0.133141,73.9016,5.06295,0.77599,1.32945,3.97314,14.9568,FALSE
864,"ROXANNE",52499,99.92,66.2832,8.89922,1.1505,3.28197,3.32768,17.0575,FALSE
865,"JORDYN",52489,92.434,55.3125,24.7842,0.783021,1.21359,8.23411,9.6725,FALSE
866,"SHERI",52464,99.9142,88.169,4.87001,0.688091,1.33425,2.92391,2.01471,FALSE
867,"ELISA",52350,99.467,30.7698,4.15282,0.389685,6.19102,1.98472,56.5119,FALSE
868,"MALLORY",52302,98.6388,87.0808,3.16814,0.625215,0.760965,3.38419,4.98069,TRUE
869,"STUART",52142,0.485232,91.0072,2.591,0.502474,1.47865,2.24004,2.18058,TRUE
870,"MILTON",51885,0.204278,40.9907,27.9406,0.74588,2.1432,1.80206,26.3776,TRUE
871,"SAUL",51859,0.233293,8.06417,1.64099,0.152336,0.395303,0.366378,89.3808,TRUE
872,"MARIBEL",51830,99.8186,1.36215,0.206444,0.0848929,3.08123,0.148563,95.1167,FALSE
873,"MOHAMMAD",51752,0.171957,34.2692,1.53231,0.0811563,56.9273,6.51762,0.672438,TRUE
874,"ROLAND",51668,0.253547,60.1184,16.9021,1.19416,5.46567,3.02121,13.2984,TRUE
875,"KENNY",51663,1.99551,47.9395,15.0862,1.05685,16.4005,2.68084,16.836,TRUE
876,"GAYLE",51629,95.7036,88.8803,5.99469,0.476476,1.67929,1.71415,1.25511,TRUE
877,"TERRENCE",51591,0.401241,46.919,44.2054,0.754007,2.32793,3.64792,2.14572,TRUE
878,"KAYDEN",51572,13.2874,47.9117,25.3258,1.19251,3.58334,8.91957,13.0672,TRUE
879,"KAITLIN",51539,99.8991,85.3431,2.38654,0.512233,2.29535,3.96399,5.49875,FALSE
880,"LONNIE",51395,6.51607,68.0397,24.014,1.28028,0.601226,3.48672,2.57807,FALSE
881,"ISMAEL",51337,0.340858,2.64721,2.54592,0.171416,1.44925,0.321406,92.8648,TRUE
882,"CONNER",51304,1.53423,86.7086,1.70357,0.785514,1.25526,4.69749,4.84952,TRUE
883,"LENA",51226,99.8302,62.4253,15.0217,1.70421,7.49229,4.7593,8.5972,TRUE
884,"GENEVIEVE",51139,99.8807,70.9478,5.11351,1.0403,3.85811,4.93166,14.1086,FALSE
885,"CELESTE",51118,99.7417,44.9392,10.5657,0.796197,2.79745,3.60147,37.3,TRUE
886,"TERRANCE",51101,0.675147,35.0698,56.04,1.27786,1.2172,4.07428,2.32089,TRUE
887,"BOB",51099,1.21522,82.7316,5.50696,0.923697,3.99812,2.13311,4.70655,TRUE
888,"ROSEMARIE",51047,99.9216,72.1551,6.54887,0.397673,7.33638,1.67884,11.8832,FALSE
889,"MYA",51023,99.4532,37.0735,24.4419,1.16026,3.17112,11.2831,22.8701,TRUE
890,"DARYL",50924,6.84576,66.3086,24.0633,1.11539,2.92397,2.9868,2.60192,FALSE
891,"RODOLFO",50873,0.153332,2.25463,0.233916,0.098284,7.79785,0.198534,89.4168,TRUE
892,"ESMERALDA",50743,99.7478,2.50084,0.419762,0.19313,1.04842,0.147804,95.69,TRUE
893,"WADE",50706,0.305696,85.3232,6.90056,1.14977,1.25232,3.3566,2.01751,TRUE
894,"TYRONE",50648,0.27645,8.07337,81.6794,1.37024,1.29916,4.22722,3.35058,TRUE
895,"KIRSTEN",50530,99.5488,83.3267,5.81833,0.560063,2.15318,3.84128,4.30042,TRUE
896,"DOUG",50323,0.137136,92.7528,1.80633,0.610059,1.31948,1.90966,1.60165,TRUE
897,"TABITHA",50191,99.8665,73.7483,11.6495,0.99221,1.18746,5.12642,7.29613,FALSE
898,"ELSA",50139,99.7726,20.2856,3.32276,0.191468,5.83578,1.2226,69.1418,FALSE
899,"IVY",50096,97.5685,56.9307,12.9072,0.686682,12.2605,5.60324,11.6117,TRUE
900,"DAMON",50022,0.271875,54.3161,29.3691,1.19547,1.87717,5.79945,7.44273,TRUE
901,"BEATRIZ",49941,99.8198,4.97387,0.548647,0.0820969,2.23263,0.256302,91.9064,TRUE
902,"VICKY",49817,99.1931,70.4639,6.39942,0.865167,9.41044,2.2402,10.6209,FALSE
903,"DONOVAN",49792,0.475951,43.1455,26.6609,1.80953,2.71329,9.37299,16.2978,TRUE
904,"YESENIA",49769,99.795,1.39042,0.436014,0.164761,0.144668,0.0884084,97.7757,FALSE
905,"JOHANNA",49746,99.807,51.2845,4.01238,0.611104,3.3671,2.74997,37.9749,FALSE
906,"CELIA",49708,99.821,33.6224,4.36751,0.422467,4.00539,1.62952,55.9528,TRUE
907,"ALISHA",49572,99.7781,56.7135,20.3038,1.1095,7.77253,5.37602,8.72468,FALSE
908,"COLBY",49557,7.26293,85.0132,4.8873,1.05737,0.992796,4.31422,3.73509,TRUE
909,"MARISOL",49541,99.7316,1.79649,0.37141,0.157445,0.70043,0.167538,96.8067,FALSE
910,"VALENTINA",49540,99.7436,31.8107,1.8046,0.403714,1.71377,1.28987,62.9774,TRUE
911,"ALEC",49531,0.851871,74.2464,2.72355,0.62789,2.81036,4.55069,15.0411,TRUE
912,"DAMIEN",49455,0.432769,42.6145,20.0768,1.33455,2.09483,7.03266,26.8466,TRUE
913,"ALFONSO",49409,0.21857,5.40792,6.03939,0.279301,2.38013,0.404785,85.4885,TRUE
914,"WILMA",49397,99.5384,74.4742,12.5919,1.05472,3.67229,2.02441,6.18256,FALSE
915,"AIMEE",49379,99.9231,75.4795,2.09603,0.477936,4.94542,3.44883,13.5523,FALSE
916,"DWIGHT",49316,0.170316,59.3195,33.2529,0.961149,1.44375,2.86317,2.15954,TRUE
917,"TED",49172,0.191173,82.307,5.0964,0.813471,5.23469,2.04791,4.50053,FALSE
918,"JANELLE",48981,99.804,57.5938,15.6061,1.02285,4.43437,4.16896,17.174,TRUE
919,"REESE",48827,69.4772,83.6525,3.49806,0.636943,1.44797,5.17746,5.58707,TRUE
920,"HARVEY",48795,0.553324,73.8211,15.0138,1.22758,2.95727,2.50231,4.47792,TRUE
921,"MARISA",48702,99.883,54.0779,4.07991,0.67759,3.852,4.05322,33.2594,FALSE
922,"MIKAYLA",48658,99.815,59.5914,14.3635,0.924822,3.02109,8.44671,13.6524,FALSE
923,"LANA",48603,99.8293,77.7545,4.52853,0.886777,5.70952,5.333,5.78771,TRUE
924,"FLOYD",48521,0.327612,68.7496,23.5424,1.5416,0.764617,2.97809,2.42369,TRUE
925,"MICHAELA",48490,99.7051,71.7055,10.1835,0.845535,2.28088,6.2054,8.77913,FALSE
926,"ANTONIA",48458,96.993,22.1326,9.78167,0.548929,2.04301,1.50852,63.9853,TRUE
927,"CARA",48441,99.808,85.8405,3.46401,0.633761,2.50408,4.05235,3.5053,TRUE
928,"CAITLYN",48236,99.886,80.1124,3.81872,0.632308,3.41654,4.97968,7.04038,FALSE
929,"BERNICE",48076,98.983,51.4789,33.1309,1.37491,2.41701,1.76387,9.83443,TRUE
930,"MOHAMMED",48042,0.185255,36.2932,10.1661,0.218559,47.9372,4.50439,0.88048,TRUE
931,"SERENITY",47959,99.8228,37.0963,30.0194,1.26983,1.62222,9.27042,20.7219,FALSE
932,"TRENT",47903,0.231713,81.1327,8.44206,1.04795,1.16068,4.44857,3.76803,TRUE
933,"ANNABELLE",47695,99.8553,71.366,2.09037,0.647867,6.60866,5.41357,13.8736,FALSE
934,"CLYDE",47655,0.789004,70.8278,20.2602,1.16042,2.30616,2.99654,2.44885,TRUE
935,"LESTER",47583,0.481386,61.9381,21.1189,1.23784,3.20493,2.29914,10.2011,TRUE
936,"EMILIA",47577,99.7478,44.7548,1.78237,0.269038,3.86321,3.5143,45.8163,FALSE
937,"DIANNA",47529,99.8969,72.5073,8.44747,0.980454,1.77786,3.00659,13.2803,TRUE
937,"MILA",47529,99.5456,47.0365,4.17219,0.635402,7.38076,8.65787,32.1172,TRUE
939,"JOHNNIE",47518,33.3116,42.6281,47.5904,1.14062,0.658698,3.17353,4.8087,TRUE
940,"ARNOLD",47510,0.204155,58.735,14.1886,1.67965,7.52894,1.88802,15.9798,TRUE
941,"TESSA",47462,99.9052,81.7201,3.0024,0.811175,2.14487,5.17467,7.14677,FALSE
942,"TY",47425,3.86083,73.5161,7.31892,1.55825,5.78598,6.36373,5.45704,TRUE
943,"JIMMIE",47103,15.5202,61.8581,29.3251,1.54343,0.58595,3.4329,3.25457,TRUE
944,"CAMDEN",47086,6.53809,79.4058,6.02515,0.601028,1.27851,7.16349,5.52606,TRUE
945,"TATIANA",47075,99.8725,33.6357,15.2777,0.412108,1.59958,4.22942,44.8455,FALSE
946,"HAYLEY",47064,99.8853,83.6202,1.8273,0.560938,2.0079,4.33027,7.65341,TRUE
947,"PIPER",46880,99.4027,86.7726,1.37585,0.699659,0.821246,5.74019,4.59044,TRUE
948,"PERRY",46766,4.9289,71.9861,18.4771,1.25091,2.70496,3.04067,2.54031,TRUE
949,"SUSANA",46460,99.8558,5.55532,0.766251,0.109772,5.12053,0.273353,88.1748,TRUE
950,"LOURDES",46440,99.6684,2.20284,1.17786,0.105512,12.3385,0.43497,83.7403,TRUE
951,"JOSIE",46381,98.8164,66.3569,6.72474,0.974537,3.67392,3.50575,18.7641,TRUE
952,"TRENTON",46322,0.21588,74.3275,13.3803,1.32119,0.755581,6.46561,3.74984,TRUE
953,"EMILIO",46299,0.276488,6.37595,0.995702,0.559407,1.9806,0.473012,89.6153,TRUE
954,"MOHAMED",46249,0.227007,46.3232,41.2549,0.22487,7.44449,3.84657,0.905966,TRUE
955,"ANTOINETTE",46135,99.8786,51.3125,34.8065,0.854015,1.643,2.63358,8.75041,TRUE
956,"BRAXTON",46072,1.49989,76.2806,9.8498,1.10479,0.612085,6.67434,5.47838,TRUE
957,"LACEY",46055,98.5779,86.2968,3.77809,1.18337,0.607969,4.29052,3.84323,TRUE
958,"TRACI",46046,99.6677,83.7597,9.08874,0.688442,1.12279,3.05998,2.28033,FALSE
959,"ALLYSON",45708,99.7747,75.361,4.02337,0.446311,2.99947,3.31671,13.8532,TRUE
960,"ELLIOT",45702,11.1977,73.4782,4.73502,0.623605,3.70881,5.67371,11.7807,TRUE
961,"JOSEFINA",45585,99.7719,1.47198,0.243501,0.0855545,9.0578,0.252276,88.8889,FALSE
962,"KRISTOPHER",45567,0.25242,70.6388,11.5061,0.741765,1.65251,4.94656,10.5142,FALSE
963,"HANNA",45249,98.1391,73.2281,5.02774,0.525978,8.49743,4.24761,8.47312,TRUE
964,"ELISABETH",45235,99.8784,80.0265,3.14137,0.311706,1.81939,3.28728,11.4137,FALSE
965,"GEOFFREY",45230,0.110546,83.4535,6.44705,0.347115,3.09529,3.36502,3.29206,TRUE
966,"KELLEY",45170,91.1211,87.3168,5.07859,0.487049,1.33496,3.04406,2.73854,TRUE
967,"WESTON",45046,0.324142,87.697,1.58949,0.863562,0.808063,4.54202,4.49984,TRUE
968,"RYDER",44972,2.66646,80.2855,1.84115,1.20297,1.95455,6.29503,8.4208,TRUE
969,"GRAHAM",44933,0.601015,90.9176,1.4466,0.251486,0.736652,3.92807,2.7196,TRUE
970,"ANASTASIA",44878,99.8284,66.6295,8.83952,0.583805,1.94973,6.06979,15.9276,TRUE
971,"WILL",44842,0.829561,72.6328,13.3602,0.720307,3.11761,3.11092,7.05812,TRUE
972,"GRETCHEN",44632,99.9462,90.4687,2.91719,0.233017,1.2435,1.91343,3.22414,TRUE
973,"KELLIE",44587,99.5514,85.7313,5.69897,0.634714,1.58342,3.22964,3.12199,TRUE
974,"JAXSON",44554,0.289523,73.6993,5.8603,0.698029,0.834942,7.24963,11.6578,FALSE
974,"PAM",44554,99.7486,87.5679,5.38672,0.783319,2.17713,2.12102,1.96391,TRUE
976,"BERNADETTE",44259,99.8802,59.0569,17.2507,1.17264,8.17687,2.32269,12.0202,FALSE
977,"INGRID",44145,99.8006,40.9152,10.4043,0.160834,2.40118,1.77144,44.347,FALSE
978,"ZANE",44099,1.17474,76.0675,4.95249,1.31976,2.09982,7.12488,8.43557,TRUE
979,"ROGELIO",44078,0.201942,1.35215,0.3335,0.099823,6.73579,0.156541,91.3222,TRUE
980,"HARLEY",43970,50.8347,80.2456,3.12713,1.85354,1.07801,5.12622,8.56948,TRUE
981,"ELLIOTT",43865,11.4976,72.1783,10.1356,0.697595,2.36179,5.76086,8.86584,TRUE
982,"KIARA",43752,99.5817,16.173,37.8863,0.877674,3.22957,7.99278,33.8407,FALSE
983,"RODRIGO",43700,0.196774,7.52174,0.629291,0.130435,4.58581,0.327231,86.8055,TRUE
984,"BRADEN",43699,0.732299,84.947,2.70258,0.956544,1.2403,5.20836,4.94519,TRUE
985,"ELSIE",43610,99.7317,65.4254,11.3644,1.64641,4.73057,2.4742,14.3591,FALSE
986,"CALLIE",43600,99.4817,82.3853,6.54817,0.78211,1.3578,4.37385,4.55275,TRUE
987,"TOMAS",43589,0.3533,14.4257,1.4132,0.309711,2.20698,0.736424,80.908,TRUE
988,"DOMINICK",43551,0.551078,62.5382,9.28567,0.700328,1.30192,4.97578,21.1981,TRUE
989,"NIKKI",43482,98.2294,68.4674,12.803,1.25339,6.60043,4.29603,6.57973,FALSE
990,"EMERSON",43463,51.239,71.9854,4.30481,1.21483,2.81389,5.6899,13.9912,TRUE
991,"KELVIN",43448,0.253176,14.026,50.8792,0.563892,8.37783,2.32232,23.8308,TRUE
992,"JACLYN",43404,99.9055,81.868,1.63579,0.513778,2.90526,3.27389,9.80324,FALSE
993,"SELENA",43316,99.813,26.5537,11.8293,1.20971,5.92622,3.77228,50.7087,FALSE
994,"SON",43269,3.64645,39.5364,12.4662,0.892094,24.6805,2.25103,20.1738,TRUE
995,"PATTY",43232,99.741,82.1521,3.65007,0.876665,3.18977,2.16044,7.97095,TRUE
996,"MAXINE",43205,99.6297,60.537,26.652,1.27069,2.46036,2.91633,6.16364,FALSE
997,"LILA",43199,99.5208,74.886,3.80796,0.821778,4.39594,5.1066,10.9817,TRUE
998,"CHANCE",43134,2.57777,66.9959,16.3954,1.67617,1.70631,7.01767,6.20856,TRUE
999,"JANA",43055,99.8096,86.3245,4.04367,0.84543,2.12519,3.39566,3.26559,TRUE
1000,"ELIANA",43049,99.842,38.7976,6.24637,0.406514,3.4333,5.30326,45.8129,FALSE
1001,"FABIAN",43046,0.824699,6.03773,7.57562,0.715514,0.838638,0.708544,84.124,TRUE
1002,"ZACH",43041,0.162594,87.175,2.20487,0.618015,1.72626,3.34797,4.92786,TRUE
1003,"AXEL",43003,0.595363,28.2399,1.43943,0.479036,0.846453,2.37425,66.6209,TRUE
1004,"KYLEE",42839,99.1807,76.5984,6.49642,1.30955,1.49863,6.52209,7.57487,FALSE
1005,"HERMAN",42826,0.33159,46.1098,32.0436,1.55513,3.79442,2.22295,14.274,TRUE
1006,"EDEN",42786,84.6605,57.6076,12.5578,0.584303,6.14921,6.75688,16.3441,TRUE
1007,"JUDE",42720,6.41929,70.1545,7.94944,0.580524,3.12734,6.27809,11.9101,TRUE
1008,"ADA",42684,99.2267,46.3405,11.133,0.620842,4.74651,2.70359,34.4555,TRUE
1009,"BENTLEY",42502,6.15457,81.1985,4.0704,0.985836,1.01172,5.46563,7.26789,TRUE
1010,"MYRA",42501,99.76,54.1328,15.522,1.18585,10.108,2.68229,16.369,TRUE
1011,"TANIA",42283,99.8013,21.7061,10.8176,0.300357,3.96377,1.73592,61.4762,FALSE
1012,"ASHLYN",42213,99.7086,79.7598,4.7663,0.78175,1.95437,5.00557,7.73222,FALSE
1013,"MARGIE",42199,99.8317,68.6485,14.6188,1.06638,2.87448,2.11853,10.6732,TRUE
1014,"CHRISTIE",42091,99.2135,79.4493,7.52655,0.755506,3.69438,3.27386,5.30042,TRUE
1015,"ROSALIE",42086,99.8669,70.6886,4.07024,0.7651,4.75455,2.77765,16.9439,FALSE
1016,"JULIANNA",41990,99.8738,56.361,3.34603,0.588235,3.15789,4.66063,31.8862,FALSE
1017,"JASMIN",41927,97.1013,13.5283,14.7566,0.457939,7.38665,3.59196,60.2786,TRUE
1018,"ETHEL",41867,99.7038,54.2336,37.1892,0.912413,2.57243,1.89887,3.19345,FALSE
1019,"GERARD",41775,0.136439,75.3226,12.2226,0.327947,3.42071,1.67804,7.02813,TRUE
1020,"ALINA",41651,99.8896,40.0927,3.17639,0.324122,10.8329,4.21599,41.358,TRUE
1021,"ELIZA",41545,99.3115,64.0534,6.7469,0.736551,5.50728,4.18342,18.7724,TRUE
1022,"LOLA",41484,99.7517,63.3449,13.7354,1.03654,1.57892,5.09112,15.2131,TRUE
1023,"BENNETT",41300,3.40177,85.7893,2.29298,0.498789,2.02906,4.65375,4.73608,TRUE
1024,"RUDY",41247,2.85811,22.1737,4.54336,0.964919,4.15545,1.1322,67.0303,TRUE
1025,"MOISES",41184,0.25981,2.35528,0.580322,0.135975,1.26991,0.128691,95.5298,TRUE
1026,"MALACHI",41144,0.634357,31.9196,40.1517,1.1958,1.22254,12.5437,12.9667,TRUE
1027,"TUCKER",41057,1.10083,92.3497,0.769662,0.772097,0.245999,3.49758,2.365,TRUE
1028,"GILBERTO",40956,0.173353,2.85184,0.41508,0.0634828,0.615294,0.0683661,95.9859,TRUE
1029,"MALCOLM",40935,0.244272,47.8588,39.1914,0.916086,1.43154,6.18542,4.41676,TRUE
1030,"SILAS",40865,0.472241,71.0094,7.12101,1.37771,1.7619,7.2972,11.4328,TRUE
1031,"DARIUS",40838,0.448145,11.744,70.9682,1.10681,1.82428,7.93624,6.42049,TRUE
1032,"EZEKIEL",40791,0.242742,35.5838,15.067,1.02719,3.53019,8.34498,36.4468,TRUE
1033,"PAT",40778,59.5467,83.984,5.44902,0.743048,3.48227,1.74359,4.59807,TRUE
1034,"DOREEN",40561,99.8718,76.5366,11.8044,1.01575,3.54035,1.99453,5.10836,FALSE
1035,"MAURICIO",40523,0.217155,3.74602,0.693433,0.167806,0.584853,0.209757,94.5981,TRUE
1036,"ESTEBAN",40476,0.284091,2.18401,0.306354,0.12353,0.758474,0.135883,96.4917,TRUE
1037,"GRIFFIN",40387,1.72589,88.8083,1.35687,0.282269,1.0028,4.74162,3.80816,TRUE
1038,"ADRIANNA",40357,99.8291,41.9952,13.4747,1.15222,1.32567,6.34834,35.7038,FALSE
1039,"GISELLE",40340,99.8042,9.91076,5.9296,0.18592,2.61031,2.01537,79.348,FALSE
1040,"PAOLA",40332,99.5884,6.53575,0.644649,0.0322325,0.550431,0.185957,92.051,TRUE
1041,"LAUREL",40187,98.2232,90.0017,2.78946,0.515092,1.09488,2.94125,2.65758,TRUE
1042,"ROCHELLE",40170,99.5294,56.0966,27.5156,1.47374,4.92407,3.67438,6.31566,TRUE
1043,"FRANKIE",40167,39.9133,49.9515,20.4247,1.59833,2.46969,3.16429,22.3915,TRUE
1044,"LONDON",40129,81.0098,32.0516,48.0675,0.458521,1.20362,8.37549,9.84326,TRUE
1045,"IDA",40114,99.6311,53.0164,27.3396,1.29381,2.89674,2.07907,13.3744,TRUE
1046,"SANTOS",40110,14.4994,1.48591,0.511094,0.216904,0.900025,0.112191,96.7739,TRUE
1047,"ROWAN",40085,36.8542,81.5592,1.94587,0.459025,1.28477,7.51154,7.23962,TRUE
1048,"CASSIE",40082,99.4861,81.1686,6.05758,1.13517,2.38262,3.93194,5.32409,TRUE
1049,"DANTE",40068,0.933436,30.4432,26.5474,0.9409,4.78437,8.42068,28.8634,TRUE
1050,"JULIUS",40005,0.387432,27.5266,40.4774,1.51481,6.68416,5.73178,18.0652,TRUE
1051,"JANIE",39934,99.662,60.1593,15.2652,0.823859,2.34637,2.52166,18.8837,FALSE
1052,"WILSON",39892,1.01767,32.3674,11.8695,1.13055,13.4839,1.47649,39.6721,TRUE
1053,"ROLANDO",39803,0.193443,2.03502,2.25611,0.211039,11.3409,0.311534,83.8454,TRUE
1054,"DINA",39719,99.5669,62.5922,5.81082,0.407865,4.83899,2.03933,24.3108,TRUE
1055,"SHAWNA",39656,99.8991,80.172,7.53732,2.02744,1.05154,5.55023,3.66149,FALSE
1056,"MINDY",39640,99.894,83.5166,1.20081,0.716448,6.68012,2.66145,5.22452,FALSE
1057,"ALEXIA",39581,99.6084,38.0258,12.9153,0.760466,1.64725,5.10599,41.5452,FALSE
1058,"JENNIE",39580,99.8585,68.7418,7.30167,1.07883,8.21374,2.27388,12.3901,FALSE
1059,"DONNIE",39547,7.03307,71.6413,20.0647,1.20616,1.18593,3.2139,2.68794,FALSE
1060,"LANE",39318,10.9189,90.3352,1.08602,1.62775,0.84694,3.34961,2.75446,TRUE
1061,"MARITZA",39309,99.7736,1.53654,0.969244,0.0661426,0.228955,0.101758,97.0974,FALSE
1062,"PAULETTE",39208,99.9056,59.9648,29.8562,0.856968,1.18598,2.18833,5.94777,TRUE
1063,"TREY",39171,0.503026,66.8581,15.7004,1.24327,1.16668,8.69776,6.33377,TRUE
1064,"KASEY",39153,74.2848,80.2901,5.87184,1.07016,2.18374,4.05844,6.52568,TRUE
1065,"DECLAN",39024,0.64326,85.0092,1.11726,0.307503,1.04551,6.50625,6.01425,FALSE
1066,"EMANUEL",38935,0.403133,18.1482,21.7876,0.421215,1.11725,1.75934,56.7664,TRUE
1067,"LOREN",38869,31.3756,79.1633,6.69171,1.8781,1.90898,3.26481,7.09306,TRUE
1068,"GRACIELA",38846,99.7864,1.53684,0.223961,0.0798023,0.401586,0.0823766,97.6754,FALSE
1069,"MYLES",38836,0.703065,54.2898,25.0129,0.834277,2.58008,8.68267,8.60027,TRUE
1070,"EMMETT",38813,0.543562,79.007,6.65756,0.837348,1.13622,5.52392,6.83792,TRUE
1071,"TYSON",38795,0.667732,64.4336,15.4479,1.94613,3.80977,8.43408,5.9286,TRUE
1072,"RAMIRO",38758,0.180627,1.7519,0.291553,0.129006,0.428299,0.100624,97.2986,TRUE
1073,"JAZMIN",38719,99.6487,7.96508,9.21511,0.374493,1.13123,3.11733,78.1968,TRUE
1074,"MANDY",38681,99.3511,79.0672,2.6292,1.01859,7.28265,3.44614,6.55619,TRUE
1075,"TERI",38648,99.4411,86.4857,4.98344,0.827986,1.70772,3.11788,2.87725,TRUE
1076,"AMIR",38487,1.3097,29.8023,46.7846,0.249435,7.39211,6.84907,8.92249,TRUE
1077,"JOAQUIN",38465,0.371757,4.03484,2.189,0.532952,2.69076,0.928116,89.6243,TRUE
1078,"JANIS",38446,98.8318,87.208,5.78994,0.554024,1.89357,1.83374,2.7207,TRUE
1079,"ALAINA",38353,99.8957,70.8237,8.0072,0.756134,2.32316,6.33849,11.7514,FALSE
1080,"LEIGH",38260,90.8098,90.9017,2.61892,0.533194,1.29901,2.72347,1.92368,TRUE
1081,"BROCK",38254,0.345098,88.6286,2.81016,0.80253,0.441784,3.88979,3.42709,TRUE
1082,"TRICIA",38245,99.932,81.4721,6.68323,0.651065,3.79919,2.86835,4.52608,FALSE
1083,"NADINE",38199,99.8743,60.2372,21.6681,1.27228,3.13883,3.02102,10.6626,FALSE
1084,"SERENA",38167,99.869,46.9725,11.2453,1.32051,11.7588,7.21828,21.4845,TRUE
1085,"BEAU",38091,1.8063,86.5086,1.28639,1.23126,0.908351,4.79378,5.27159,TRUE
1086,"ELMER",38056,0.722714,48.652,6.86882,1.1194,5.34476,1.42684,36.5882,TRUE
1087,"GINGER",37963,99.805,86.1154,3.16624,0.887706,1.77278,4.03287,4.02497,TRUE
1088,"JEANNETTE",37912,99.9156,60.1155,11.685,0.60403,2.38711,2.26577,22.9426,TRUE
1089,"ARACELI",37910,99.7785,1.14218,0.150356,0.0712213,2.6642,0.134529,95.8375,FALSE
1090,"AGNES",37898,99.7757,61.6761,18.1487,1.32989,12.5548,1.59111,4.69946,TRUE
1091,"AHMED",37870,0.335207,54.3174,26.9844,0.0792184,11.6953,4.84816,2.07552,TRUE
1092,"JAMESON",37849,2.51519,77.8752,4.03445,0.747708,1.75434,6.62633,8.96193,TRUE
1093,"LEILA",37757,99.8543,49.2836,10.9013,0.619753,6.37498,9.08176,23.7386,FALSE
1094,"DELIA",37734,99.796,20.6101,4.35151,0.61748,6.23841,1.35157,66.831,TRUE
1095,"CHANDLER",37714,21.4941,76.465,11.8868,1.15607,1.1269,5.18375,4.18147,TRUE
1096,"BRYANT",37659,0.507129,40.949,30.3513,0.836453,5.0798,3.61135,19.172,TRUE
1097,"MALIK",37658,0.708994,7.93722,74.7995,0.435498,3.13612,8.22667,5.46497,TRUE
1098,"ALONDRA",37547,99.6351,1.94689,1.30237,0.117186,0.170453,0.229046,96.2341,FALSE
1099,"FAYE",37526,99.7069,74.9933,14.9789,0.871396,4.29036,2.5982,2.26776,TRUE
1100,"BETSY",37507,99.9253,76.0418,2.85013,0.583891,2.42621,1.36241,16.7355,TRUE
1101,"CECIL",37488,3.63593,68.662,21.3108,1.49381,1.76056,3.15301,3.61983,TRUE
1102,"LATOYA",37469,99.8532,1.49457,92.287,0.771304,0.208172,3.15461,2.08439,FALSE
1102,"LUNA",37469,99.3914,30.8495,3.05853,0.54445,5.02015,5.7701,54.7573,TRUE
1104,"LYNETTE",37425,99.8798,63.6366,19.1503,1.21576,3.28925,2.82432,9.88377,TRUE
1105,"TRISHA",37410,99.8583,76.0599,4.27159,1.04518,9.40658,3.68618,5.53061,FALSE
1106,"NEAL",37395,0.486735,83.2491,5.54085,0.537505,5.8564,2.71961,2.09654,TRUE
1107,"DELANEY",37387,97.8894,83.9623,2.58914,0.548319,0.869286,4.79578,7.23514,TRUE
1108,"RAVEN",37280,92.8154,37.9131,40.1905,1.99303,1.37339,8.17865,10.3514,TRUE
1109,"ALLIE",37267,97.9503,83.0359,3.83181,0.775485,1.8676,3.61982,6.86935,TRUE
1110,"HUGH",37245,0.214829,82.7279,9.89663,0.526245,2.11304,2.72251,2.01369,TRUE
1111,"MONA",37170,99.7982,67.3581,12.8787,1.09497,8.82163,3.66425,6.18241,TRUE
1112,"ASHLEE",37139,99.4427,71.8678,10.7946,0.832009,1.48362,4.72818,10.2938,FALSE
1113,"PAISLEY",37127,99.7576,81.5175,5.38961,1.2336,0.627576,5.01522,6.2165,TRUE
1114,"MCKENNA",37061,99.3847,85.5859,2.43922,0.625995,0.733925,5.50984,5.1051,TRUE
1115,"LILLIE",36987,99.7891,45.954,43.9154,1.19501,0.759726,3.58504,4.5908,TRUE
1116,"FRANCISCA",36982,99.6593,2.23081,3.40706,0.154129,3.28268,0.297442,90.6279,FALSE
1117,"ROSARIO",36969,85.7355,7.71457,0.484189,0.159593,10.0517,0.278612,81.3114,TRUE
1118,"MEAGAN",36926,99.9133,82.2077,4.88545,0.584954,1.35948,4.08926,6.87321,FALSE
1119,"MADELEINE",36784,99.8532,75.6035,2.88984,0.198456,4.50196,6.06786,10.7384,FALSE
1120,"PATTI",36540,99.9316,92.838,1.52983,0.632184,1.17679,2.03886,1.78435,TRUE
1121,"GREYSON",36523,1.83451,74.052,4.83257,0.772116,1.80708,7.90461,10.6317,TRUE
1122,"DAWSON",36419,2.3835,86.6114,2.72385,1.02419,1.30426,4.57728,3.75903,TRUE
1123,"KYLA",36388,99.6949,57.0545,22.9499,1.24492,2.93503,8.48631,7.32934,FALSE
1124,"MARLA",36368,99.8268,74.6343,6.91542,1.03938,1.29509,2.38671,13.7291,FALSE
1125,"REX",36165,0.293093,84.1836,3.26282,0.912484,5.28411,3.21858,3.13839,TRUE
1126,"KEEGAN",36159,8.9225,84.2501,3.32974,0.694156,1.00113,6.2557,4.46915,TRUE
1127,"SASHA",36123,94.4778,43.3187,18.664,1.14608,4.42931,7.6987,24.7432,FALSE
1128,"ESPERANZA",36013,99.6779,1.43559,0.527587,0.319329,3.4432,0.263794,94.0105,TRUE
1129,"MAKENZIE",35984,99.2523,74.2469,13.1975,0.728101,0.50578,5.57748,5.74422,FALSE
1130,"CHESTER",35871,0.365228,73.0841,17.6717,1.31583,3.51537,2.49226,1.92077,TRUE
1131,"SHARI",35860,99.8717,84.155,8.54992,0.532627,1.86001,2.69939,2.20301,FALSE
1132,"LAILA",35859,99.8522,33.8716,31.4788,0.797568,5.98455,9.34772,18.5198,FALSE
1133,"ROCIO",35798,99.433,0.935806,0.139673,0.0586625,0.150846,0.0279345,98.6871,TRUE
1134,"CATALINA",35718,99.7256,6.84249,0.893107,0.296769,4.07918,1.06949,86.819,TRUE
1135,"AUBREE",35656,99.6382,67.2005,12.5869,0.947947,0.645053,6.1869,12.4327,FALSE
1136,"VAN",35599,32.2482,33.8661,9.01149,0.370797,52.8442,2.14613,1.76129,TRUE
1137,"ADELINE",35563,99.8397,72.0637,4.60591,0.745156,3.63861,4.71276,14.2339,FALSE
1138,"KIRA",35457,99.6983,65.6993,9.15757,0.877119,4.47302,10.1334,9.65959,TRUE
1139,"LUCA",35408,3.76698,67.7643,1.09297,0.183574,1.76796,6.42793,22.7632,TRUE
1140,"FREDDIE",35356,9.45877,33.7538,44.6459,1.10307,1.95723,2.40695,16.133,TRUE
1141,"TORI",35290,97.2294,69.3653,17.1267,1.14763,1.59535,5.17994,5.58515,TRUE
1142,"LORA",35098,99.7692,84.0276,6.43057,0.917431,1.38469,3.11984,4.11989,TRUE
1143,"IGNACIO",35091,0.253619,1.71839,0.270725,0.247927,1.28808,0.148186,96.3267,TRUE
1144,"STEFANIE",34981,99.9285,76.3414,4.48529,0.480261,2.35271,3.11598,13.2243,FALSE
1145,"DARLA",34950,99.9285,86.5236,3.43348,1.23891,0.589413,3.1216,5.09299,FALSE
1146,"HUMBERTO",34793,0.215542,2.42865,0.336275,0.0574828,0.20119,0.0689794,96.9074,FALSE
1147,"CORINNE",34761,99.9223,83.5793,4.23751,0.373982,2.3417,3.58735,5.88015,FALSE
1148,"ALISSA",34758,99.9051,71.4742,5.61597,0.796939,2.75332,4.48242,14.8772,TRUE
1149,"KAIDEN",34673,3.9383,49.2487,26.0693,1.28342,2.51204,9.28676,11.5998,TRUE
1150,"KARIN",34534,99.0734,85.5331,2.72485,0.280883,2.4932,2.05884,6.90913,TRUE
1151,"LESLEY",34458,92.3782,66.8582,7.64699,0.68199,2.40293,2.55964,19.8503,TRUE
1152,"RICKEY",34434,0.827502,61.085,31.0652,0.908985,0.789917,3.26422,2.88668,TRUE
1153,"ADAN",34344,0.666705,5.27312,2.01782,0.209644,0.969602,0.512462,91.0174,TRUE
1154,"JAYLA",34333,99.6592,14.7118,55.8005,0.815542,1.29904,9.85349,17.5196,FALSE
1155,"NOELLE",34331,99.4641,68.6988,9.76377,0.41362,4.47409,6.749,9.90067,TRUE
1156,"ALVARO",34182,0.222352,3.2678,0.368615,0.102393,0.415423,0.149201,95.6966,TRUE
1157,"MARLON",34099,0.944365,10.3141,40.6317,0.730227,6.96795,2.56899,38.7871,FALSE
1158,"MAGDALENA",34067,99.7212,27.5457,0.719171,0.187865,4.53518,0.848328,66.1637,TRUE
1159,"TOBY",34016,17.1524,81.2588,4.5508,1.18768,3.59537,3.81879,5.58855,TRUE
1160,"STACIE",34011,99.5444,82.3204,7.8651,0.737997,1.63182,3.06371,4.38094,FALSE
1161,"SONJA",33997,99.8353,68.5619,19.9106,0.911845,1.18834,3.93564,5.49166,FALSE
1162,"CORBIN",33963,1.83135,82.7607,3.97491,1.00403,0.621264,5.78865,5.85048,TRUE
1163,"REYNA",33951,99.626,5.38423,1.62293,0.34756,1.82616,1.21057,89.6086,TRUE
1164,"LIDIA",33867,99.7904,17.9083,1.69191,0.126967,0.71456,0.315942,79.2423,FALSE
1165,"MADDOX",33732,3.74729,70.986,3.32918,0.794498,2.54358,9.12487,13.2219,TRUE
1166,"KRIS",33730,40.7952,79.1877,4.70501,0.806404,5.85829,2.99733,6.4453,TRUE
1167,"CRUZ",33728,23.1793,15.0439,1.72853,0.646347,0.658207,2.0013,79.9217,TRUE
1168,"WILLOW",33717,99.042,78.3818,4.33906,1.07957,1.1033,8.43195,6.66429,TRUE
1169,"AIDA",33711,99.6796,18.0594,3.31049,0.068227,7.78381,0.996707,69.7814,TRUE
1170,"ALIYAH",33707,99.7538,23.4343,28.899,0.979025,3.25452,11.3745,32.0586,FALSE
1171,"DELILAH",33701,99.8427,41.9483,7.20453,1.4777,1.813,4.72686,42.8296,FALSE
1172,"MUHAMMAD",33692,0.186955,7.67541,7.58637,0.145435,81.0192,2.71875,0.854802,TRUE
1173,"DAPHNE",33598,99.8363,52.9764,22.7752,0.651825,5.38425,4.33061,13.8818,FALSE
1174,"EMERY",33502,71.2883,70.8555,7.7279,1.39992,1.779,6.11307,12.1246,TRUE
1175,"CLIFTON",33442,0.266085,55.1941,37.3243,1.00173,1.09443,3.57036,1.81508,TRUE
1176,"KRISTIE",33437,99.9372,83.8592,5.12307,0.789545,2.62284,2.97275,4.63259,TRUE
1177,"GARRY",33432,0.305033,78.5983,14.3037,0.687964,1.72888,2.76681,1.91433,TRUE
1178,"CLAUDE",33427,2.12091,66.3027,27.0859,0.780806,0.783798,2.76124,2.28558,TRUE
1179,"SALVATORE",33417,0.0957596,94.2694,0.284286,0.0478798,0.203489,1.01146,4.1835,TRUE
1180,"JUSTINE",33399,95.9584,62.921,8.7308,1.25153,7.71281,4.41331,14.9705,TRUE
1181,"KERRI",33372,99.2838,90.1804,3.86851,0.623277,0.958888,2.57102,1.79791,FALSE
1182,"TASHA",33336,99.754,50.057,35.6521,1.45788,1.74586,5.46556,5.62155,FALSE
1183,"SHELIA",33327,99.847,54.7724,40.0006,0.933177,0.303058,2.57149,1.41927,FALSE
1184,"JALEN",33291,4.80324,10.4833,65.381,1.26761,2.33396,10.988,9.54612,FALSE
1185,"JAYLEN",33250,13.2499,10.0842,63.2782,0.72782,1.94286,9.77143,14.1955,FALSE
1186,"NOE",33231,1.50152,2.63609,0.686106,0.0993049,1.01411,0.35509,95.2093,TRUE
1187,"ALISA",33214,99.8103,64.3704,14.4367,0.668393,5.6151,4.32649,10.5829,TRUE
1188,"CLARISSA",33185,99.8704,33.5543,13.0933,1.44342,5.10773,3.45939,43.3419,FALSE
1189,"KIMBERLEY",33057,99.64,77.9956,9.91621,0.653417,1.47019,3.87512,6.08948,TRUE
1190,"JULIET",32998,99.806,50.9213,11.7734,0.472756,9.49451,4.27299,23.065,FALSE
1191,"KHLOE",32997,99.806,44.2677,23.7112,1.01827,2.93663,7.39764,20.6685,FALSE
1192,"FRANCESCA",32942,99.8239,64.1734,6.56305,0.376419,3.53955,3.99186,21.3557,FALSE
1193,"KYRA",32872,99.7719,56.574,20.5007,1.28985,4.03079,9.01375,8.5909,FALSE
1194,"VICENTE",32871,0.34381,2.07478,0.477625,0.209911,5.46074,0.313346,91.4636,TRUE
1195,"CHRISTA",32797,99.8658,81.9923,7.39397,0.606763,1.38122,3.30518,5.32061,TRUE
1196,"ROSIE",32765,99.7894,25.2587,34.0211,1.24523,4.96261,2.07844,32.434,TRUE
1197,"FREDRICK",32683,0.256991,53.6089,36.8816,1.17186,1.1841,2.81492,4.33865,TRUE
1198,"LUKAS",32662,0.269377,75.5863,1.44204,0.529668,2.15847,5.46507,14.8184,TRUE
1199,"ANNMARIE",32595,99.9172,79.2852,9.43396,0.346679,1.91134,2.13836,6.88449,FALSE
1200,"MARCELLA",32508,99.5908,61.6156,12.9199,1.75957,1.26123,2.97773,19.466,TRUE
1201,"LUISA",32464,99.6026,11.4065,0.964145,0.107812,4.57122,0.64379,82.3066,TRUE
1202,"CLARK",32401,1.29638,82.8555,6.09858,0.617265,2.77769,3.64186,4.00914,TRUE
1203,"AUGUST",32399,12.3885,72.9776,9.71018,0.697552,2.20377,6.71626,7.69468,TRUE
1204,"RORY",32385,23.3792,81.6551,6.151,0.719469,1.57172,4.64413,5.25861,FALSE
1205,"TAMI",32381,99.7375,88.1783,3.23955,0.772058,1.94559,3.26117,2.60338,TRUE
1206,"CAYDEN",32294,5.01501,63.2378,16.4272,0.919675,2.65994,7.75376,9.00167,FALSE
1207,"HADLEY",32204,95.8043,91.2868,0.580673,0.636567,0.447149,3.86287,3.18594,TRUE
1208,"ATHENA",32202,99.8665,49.6584,5.84125,1.16142,7.61133,8.7479,26.9797,FALSE
1209,"FIONA",32180,99.8415,73.0889,3.83157,0.279677,10.5873,6.16221,6.05034,FALSE
1210,"RODERICK",32172,0.189588,27.6047,60.4283,1.05682,4.71528,2.80368,3.39115,TRUE
1211,"EFRAIN",32019,0.246752,1.44289,0.274837,0.0780786,0.206128,0.0593398,97.9387,FALSE
1212,"BRIELLE",31983,99.8125,53.6723,23.3624,0.594066,1.62899,7.79164,12.9506,FALSE
1213,"JANINE",31974,99.8843,76.8656,8.09095,0.478514,4.04078,3.02433,7.49984,FALSE
1214,"CIARA",31895,99.7743,45.1544,26.791,1.14438,1.49867,7.64697,17.7645,FALSE
1215,"REID",31670,2.75612,89.0085,1.4809,0.426271,2.14083,3.76066,3.18282,TRUE
1216,"EUNICE",31657,99.346,35.9257,27.024,0.897116,13.5041,1.4815,21.1675,TRUE
1217,"KAMERON",31630,11.9088,42.2163,39.4404,0.973759,1.44483,8.96933,6.95542,FALSE
1218,"HELENA",31617,99.8608,60.2556,12.0473,1.21454,7.16387,4.11804,15.2007,TRUE
1219,"DRAKE",31588,0.525583,76.8583,5.07155,1.08586,1.76649,6.47081,8.74699,TRUE
1220,"ELVIRA",31499,99.8222,17.3148,3.1747,0.64764,7.54945,0.434934,70.8784,TRUE
1221,"JASPER",31498,2.91111,62.1182,12.0357,1.56835,9.07042,6.85758,8.34974,TRUE
1222,"GWEN",31347,99.3588,78.3967,11.462,0.9666,3.18053,2.66692,3.32727,TRUE
1223,"BRITNEY",31345,99.7001,52.2922,18.8387,0.721008,4.31967,3.82517,20.0032,FALSE
1224,"PATRICE",31294,95.8021,47.5363,45.7532,0.440979,0.961846,2.66185,2.64587,TRUE
1225,"BRENNAN",31226,6.2486,81.9541,4.60514,0.723756,1.57881,5.61071,5.52745,TRUE
1226,"CECELIA",31180,99.8781,65.0513,14.2559,2.03015,1.77999,3.48942,13.3932,FALSE
1227,"MARICELA",31157,99.7721,0.879417,0.112334,0.109125,0.0962865,0.028886,98.774,FALSE
1228,"RYLAN",31155,15.1691,75.3041,5.86423,1.21971,2.83101,6.86246,7.91847,FALSE
1229,"CLINT",31154,0.115555,84.9554,5.15183,1.3032,1.80394,3.66887,3.11677,TRUE
1230,"JERMAINE",31134,1.56717,1.85649,87.8364,0.629537,1.03745,4.64123,3.99884,FALSE
1231,"JAIDEN",31120,23.1669,29.8811,31.7866,0.919023,3.32262,10.3278,23.7629,FALSE
1232,"CLAY",31019,0.757722,87.4722,4.41665,0.986492,0.934911,3.38502,2.80473,TRUE
1233,"RACHELLE",30886,99.8996,66.7616,13.7052,1.1073,5.30337,4.15399,8.96846,FALSE
1234,"TIA",30872,99.5108,41.9636,39.3593,1.74592,4.57696,7.69629,4.65794,TRUE
1235,"ZION",30871,17.178,10.5471,65.2263,0.511807,3.16802,8.32173,12.2251,TRUE
1236,"DESMOND",30857,0.767885,26.2469,52.9248,0.959264,2.98798,8.49078,8.39032,TRUE
1237,"QUENTIN",30687,0.491889,47.2089,35.3244,1.49901,1.60328,7.66122,6.70316,TRUE
1238,"EBONY",30676,99.2892,2.43513,86.2564,0.286869,0.237971,4.3063,6.47738,FALSE
1239,"DANIELLA",30589,99.745,31.6061,7.64654,0.274609,2.04322,2.43879,55.9907,FALSE
1240,"GREGG",30570,0.340169,90.7,3.41838,0.379457,1.48512,1.63886,2.37815,TRUE
1241,"LEA",30566,99.1135,66.1617,6.83112,0.687038,7.52797,4.83544,13.9567,TRUE
1241,"PEARL",30566,98.4948,55.2902,22.1455,1.54747,7.81587,3.36976,9.83118,TRUE
1243,"KYLER",30514,6.08821,74.7591,7.62601,1.66153,2.58898,7.14426,6.2201,TRUE
1244,"HARRIET",30352,99.8485,78.69,15.3235,0.879678,2.14154,1.70005,1.26516,TRUE
1245,"LEONA",30300,99.6963,72.7327,12.8944,2.18482,3.46865,4.30693,4.41254,TRUE
1246,"CEDRIC",30298,0.234362,11.0172,77.1998,0.930755,2.79226,4.13559,3.92435,FALSE
1247,"PARIS",30273,80.6177,22.0494,57.0641,0.73663,2.31229,6.64288,11.1948,TRUE
1248,"SIMONE",30189,96.3332,40.0278,40.5048,0.675743,3.02759,8.59585,7.16817,TRUE
1249,"ROB",30144,0.607086,85.0717,4.50836,0.610403,1.9241,2.46152,5.42396,TRUE
1250,"CHERI",30109,99.9169,86.5489,6.01149,0.777176,0.999701,3.33123,2.33153,TRUE
1251,"DEBORA",30020,99.9101,72.9181,9.34377,0.53964,1.09594,2.38508,13.7175,TRUE
1252,"ED",30006,0.576551,77.4178,6.36873,0.809838,4.36579,1.91962,9.11818,TRUE
1253,"SUSIE",29904,99.7993,52.1335,20.0475,2.16025,8.64767,2.22044,14.7907,TRUE
1254,"JAZMINE",29811,99.6746,15.8398,27.7146,0.754755,2.05964,7.0578,46.5734,FALSE
1255,"DANE",29788,1.72223,82.5164,5.57943,0.71841,2.17202,4.60252,4.41117,TRUE
1256,"JAMAL",29771,0.910374,13.4527,73.4574,0.544154,3.13056,5.6162,3.799,TRUE
1257,"LILIAN",29753,99.5463,35.4788,5.94562,0.315935,10.0763,2.84341,45.34,FALSE
1258,"NOEMI",29747,99.7848,4.16176,0.574848,0.0705954,3.76172,0.437019,90.994,FALSE
1259,"RONDA",29745,99.5361,83.0055,10.5026,1.0859,0.342915,3.3451,1.71794,TRUE
1260,"LELAND",29686,1.1217,78.788,6.39695,2.25696,2.09863,4.61834,5.84114,TRUE
1261,"DULCE",29664,99.528,2.36313,0.488808,0.111246,1.84061,0.138215,95.058,TRUE
1262,"LEILANI",29590,99.8378,14.8902,11.808,1.04765,11.0814,13.3187,47.854,FALSE
1263,"FRANCINE",29532,99.8544,63.4837,20.1917,1.72017,3.38954,2.28566,8.9293,FALSE
1264,"LYLA",29521,99.9051,74.6181,2.09004,0.796043,2.42878,6.41238,13.6547,FALSE
1265,"MACY",29512,98.7326,83.6812,3.08349,1.01992,2.49729,4.45243,5.26565,TRUE
1266,"JAYSON",29471,0.335958,51.6711,12.7685,0.858471,7.96715,5.62926,21.1055,TRUE
1267,"MYRNA",29450,99.8981,46.3599,6.03735,0.831919,14.3633,1.42275,30.9847,FALSE
1268,"JEANNIE",29430,99.9117,74.6143,4.76385,1.14849,9.0248,3.19062,7.2579,FALSE
1269,"KATHARINE",29369,99.8979,89.7988,1.12704,0.217917,2.05659,2.84654,3.95315,FALSE
1270,"AGUSTIN",29340,0.289687,1.78596,0.255624,0.102249,1.51329,0.119291,96.2236,TRUE
1271,"REYNALDO",29282,0.184401,1.71436,1.30456,0.160508,17.2119,0.457619,79.151,TRUE
1272,"WALLACE",29215,0.910367,70.4125,20.3115,1.44789,3.02584,2.68013,2.1222,TRUE
1273,"LILIA",29184,99.8766,17.0984,0.986842,0.150768,10.2042,1.73725,69.8225,FALSE
1274,"BROOKS",29168,4.42265,89.701,2.57131,0.462836,0.486835,3.60326,3.17471,TRUE
1275,"SAGE",29083,64.6177,66.269,8.5342,2.22467,2.67854,9.23907,11.0546,TRUE
1276,"KERI",29034,99.0768,88.2586,3.87132,0.709513,1.4018,3.1687,2.59007,TRUE
1277,"MAVERICK",29029,1.0576,75.1214,3.09001,0.943884,2.28048,7.28237,11.2818,TRUE
1278,"AMAYA",29001,99.6725,15.1305,30.2231,0.993069,3.72401,13.0961,36.8332,TRUE
1279,"CHARITY",28978,99.8137,66.4159,19.9876,1.30789,3.00573,5.24881,4.03409,TRUE
1280,"LUCINDA",28940,99.8963,70.7498,9.53697,2.08362,1.26469,2.74361,13.6213,FALSE
1281,"LEONEL",28887,0.297681,3.06366,1.17008,0.0900059,0.533112,0.152318,94.9908,TRUE
1282,"JUSTICE",28885,46.7306,35.2224,38.2898,1.71023,1.57521,10.8672,12.3351,TRUE
1283,"LINA",28813,99.7467,36.3482,4.18908,0.253358,20.2027,2.6724,36.3343,TRUE
1284,"RANDOLPH",28787,0.177176,64.4527,22.1385,1.16372,2.99788,2.7304,6.51683,TRUE
1285,"LYLE",28749,1.49923,88.3439,2.70966,2.38617,1.91659,2.76879,1.87485,TRUE
1286,"LARA",28720,99.6623,81.0376,2.04387,0.323816,3.97632,3.9415,8.67688,TRUE
1287,"AMARI",28684,44.8515,4.22187,71.4091,0.644959,0.725143,11.4663,11.5326,TRUE
1288,"PETE",28617,0.398281,61.2818,4.40647,1.40126,3.34766,1.81011,27.7527,TRUE
1289,"CAMRYN",28531,88.371,67.6002,16.5399,0.564298,1.44054,6.64891,7.2062,FALSE
1290,"ASHLEIGH",28519,99.6318,76.84,9.86009,0.760896,0.922192,5.45601,6.16081,FALSE
1291,"MATTIE",28507,99.4772,44.9679,49.023,0.87347,0.312204,2.76073,2.06265,TRUE
1292,"MARTINA",28490,99.5613,31.4812,10.7652,1.2285,2.52369,1.60407,52.3973,FALSE
1293,"PHOEBE",28474,99.856,69.2,5.70345,0.712931,11.1365,6.17757,7.06961,FALSE
1294,"KEIRA",28421,99.8382,65.6416,7.23057,0.862039,4.22575,10.5908,11.4493,FALSE
1295,"TAMMIE",28416,99.8416,74.817,17.0045,1.0663,1.28801,3.56841,2.25577,FALSE
1296,"KAYLEIGH",28394,99.8873,78.911,6.4415,0.880468,0.989646,6.05057,6.72677,FALSE
1297,"RIVER",28390,33.2946,76.0549,2.34942,1.95844,1.44065,8.00986,10.1867,TRUE
1298,"MARTY",28374,12.6907,83.1078,5.56143,1.74808,1.30401,2.77367,5.50504,TRUE
1299,"TRINA",28336,99.8165,56.5711,26.1328,1.5528,4.6972,3.78317,7.26285,FALSE
1300,"JAYCE",28326,5.27412,50.9602,21.6056,1.20384,2.33355,8.54339,15.3534,FALSE
1301,"THERESE",28316,99.9011,83.6418,6.25795,0.229552,3.91651,2.19664,3.75759,FALSE
1302,"WENDELL",28295,0.979075,60.1272,30.8888,1.16628,2.7602,2.92278,2.13465,TRUE
1303,"SHERRIE",28259,99.9469,79.8577,12.4491,0.912983,1.39425,3.35822,2.02767,FALSE
1304,"MOSES",28160,0.433162,19.9716,33.8956,1.29972,6.58736,3.4446,34.8011,TRUE
1305,"JOLENE",28118,99.904,80.372,2.1801,2.49306,3.01586,3.55644,8.38253,FALSE
1306,"ASIA",28069,99.1843,11.2117,64.8616,0.634152,4.76326,9.46952,9.05982,TRUE
1307,"LEANNE",28032,99.893,84.1574,2.27954,0.90254,4.86587,3.11787,4.6768,FALSE
1308,"TRACIE",28006,99.3894,76.2729,14.9111,0.871242,1.81747,3.29572,2.83154,FALSE
1309,"MALE",27916,0.745226,49.9463,16.8255,1.31108,6.57329,1.92363,23.4203,TRUE
1310,"BONITA",27864,99.939,74.2535,18.4037,0.925926,0.97617,2.4153,3.02541,TRUE
1311,"BRENNA",27841,99.7773,86.096,2.20538,0.65012,1.04163,4.47541,5.53141,TRUE
1312,"LEXI",27815,99.5217,73.7048,2.78627,0.952723,2.27575,4.96135,15.3191,FALSE
1313,"REED",27778,3.47435,89.5745,1.76399,0.453596,1.15919,4.00317,3.04558,TRUE
1314,"HILLARY",27769,97.6848,75.1017,6.39562,0.698621,3.4823,2.66124,11.6605,TRUE
1315,"DENIS",27745,6.26419,65.6623,5.22977,0.216255,2.06163,1.23986,25.5902,TRUE
1316,"CARLTON",27705,0.552347,43.5373,49.3052,0.99621,1.24165,3.20159,1.7181,TRUE
1317,"FREDDY",27704,0.732773,16.5536,7.29498,0.458418,1.76148,0.768842,73.1627,FALSE
1318,"MARLEY",27701,86.6046,58.5791,13.4291,1.09382,1.52702,10.2235,15.1475,TRUE
1319,"GRADY",27690,1.16296,83.2033,10.0831,0.657277,0.541712,3.24666,2.26797,TRUE
1320,"DARIN",27683,1.58977,80.833,8.51064,1.17039,2.91515,3.1644,3.40642,TRUE
1321,"PERLA",27665,99.7216,2.5122,0.408458,0.0903669,4.51834,0.155431,92.3152,TRUE
1322,"BROOKLYNN",27659,99.8192,68.0213,14.1871,0.921942,0.542319,7.88532,8.4421,FALSE
1323,"SAVANNA",27636,99.8263,70.5203,6.08265,1.17238,1.66088,6.07903,14.4847,FALSE
1324,"GENEVA",27610,99.8153,55.469,30.2716,1.64795,1.01775,3.7088,7.88482,TRUE
1325,"CADE",27587,0.692355,86.3233,1.62758,0.895349,0.989597,5.00961,5.1546,TRUE
1326,"MAKENNA",27549,99.7532,82.885,3.18705,0.70057,0.867545,6.74435,5.61545,FALSE
1327,"DIAMOND",27528,94.2435,8.08268,72.2828,0.795554,1.58384,5.31459,11.9406,TRUE
1328,"XANDER",27437,0.360761,62.0549,4.11488,1.33032,2.71531,9.14459,20.64,TRUE
1329,"JENIFER",27429,99.8214,63.3855,3.52182,0.528638,3.48536,2.81819,26.2605,TRUE
1329,"MARGUERITE",27429,99.9271,81.7821,10.8717,0.32812,0.911444,2.14372,3.96296,FALSE
1331,"JAKOB",27371,0.197289,77.4689,1.7208,0.738007,1.24219,5.48391,13.3462,TRUE
1332,"JULIANNE",27294,99.7765,81.5344,1.60108,0.46164,4.85455,3.00066,8.54767,FALSE
1333,"KINSLEY",27214,99.0481,78.8528,8.67936,0.856177,0.775336,5.65518,5.18116,TRUE
1334,"NICKOLAS",27183,0.191275,72.836,5.13188,0.801972,1.3869,4.23794,15.6053,TRUE
1335,"LIZBETH",27152,99.7974,6.13214,0.357248,0.0810253,0.482469,0.151002,92.7961,FALSE
1336,"ROBBIE",27045,42.1631,72.9747,16.9236,1.3533,1.37918,3.23165,4.13755,TRUE
1337,"ANDERSON",26990,4.33446,44.3498,13.3309,1.0189,5.73546,3.79029,31.7747,TRUE
1338,"VIVIANA",26956,99.8627,8.92937,1.09067,0.174358,1.23164,1.05728,87.5167,FALSE
1339,"JANETTE",26924,99.8663,56.2769,8.95112,0.501411,4.05958,2.23964,27.9713,TRUE
1340,"CHELSEY",26904,99.6507,77.1224,7.70146,1.13738,1.61686,4.44172,7.98023,FALSE
1341,"RIGOBERTO",26880,0.182271,0.993304,0.189732,0.063244,0.186012,0.0409226,98.5268,FALSE
1342,"FLORA",26841,99.8137,39.9575,17.6484,1.29652,9.89531,2.13852,29.0637,TRUE
1343,"TERENCE",26747,0.299155,55.9726,32.7513,0.624369,5.27536,3.30878,2.06752,FALSE
1344,"DEXTER",26700,0.408362,40.4719,42.2772,1.01498,6.19101,4.4382,5.60674,TRUE
1345,"AHMAD",26699,0.262231,48.4625,26.0946,0.134837,16.1991,7.4235,1.68546,TRUE
1346,"DAVIS",26622,3.59704,74.2506,7.89573,0.912779,5.60063,4.12065,7.21959,TRUE
1347,"SAMMY",26614,8.47324,53.0698,16.5965,1.3151,6.41767,2.81055,19.7903,TRUE
1348,"JUNIOR",26602,1.01135,20.1075,23.0321,0.939779,4.37561,1.72168,49.8233,TRUE
1349,"PHIL",26591,0.556537,78.9026,6.70904,0.917604,5.26118,2.05333,6.15622,TRUE
1350,"FORREST",26454,1.60266,84.6639,5.77984,1.19075,0.948817,4.25267,3.16398,TRUE
1351,"TERRELL",26444,4.41277,19.4108,72.1222,1.06262,0.276055,4.81395,2.31432,TRUE
1352,"DIXIE",26365,98.9303,90.7529,1.63854,0.936848,0.565143,2.86364,3.24294,TRUE
1353,"ELOISE",26356,99.7914,68.8989,16.1254,0.584307,1.84398,4.69722,7.8502,FALSE
1354,"SHAYLA",26266,99.7944,44.2511,30.1607,1.43532,3.30846,7.73624,13.1082,FALSE
1355,"NELLIE",26254,99.7562,59.629,17.0488,2.27013,3.50423,2.41868,15.1291,FALSE
1356,"RYKER",26251,1.28742,85.4367,0.529504,1.00949,0.708544,5.81692,6.4988,TRUE
1357,"MARYELLEN",26249,99.9314,93.3407,0.822888,0.163816,0.426683,0.940988,4.30493,FALSE
1358,"RANDI",26226,96.7974,84.2485,5.37634,1.2888,0.903683,3.59567,4.58705,TRUE
1359,"SHANA",26206,99.71,67.0152,20.4419,1.06846,2.61391,4.60582,4.25475,FALSE
1360,"BENNY",26165,1.5708,50.086,13.1588,1.49436,10.1701,2.29314,22.7976,TRUE
1361,"FINLEY",26154,59.0718,88.8162,0.990288,0.367057,0.764701,4.92085,4.14086,TRUE
1362,"BLAIR",26151,57.8046,81.0256,10.1182,0.619479,1.22366,3.72835,3.28477,TRUE
1363,"LORNA",26131,99.9043,59.152,18.1547,1.0256,13.1912,2.98496,5.49156,FALSE
1364,"PAULINA",26124,99.7092,20.3989,3.29582,0.317716,4.82315,0.934007,70.2304,TRUE
1365,"KASSANDRA",26107,99.8238,36.2278,3.80741,0.520933,1.739,2.9992,54.7056,FALSE
1366,"TALIA",26072,99.7775,53.4213,16.907,1.1123,2.4394,8.00092,18.1191,TRUE
1367,"CONSUELO",26067,99.4975,2.18284,2.35163,0.22634,3.89765,0.341428,91.0001,TRUE
1368,"DEMETRIUS",26048,4.5924,5.45147,82.0984,0.568182,0.476044,5.30175,6.10412,TRUE
1369,"TEAGAN",26042,82.7356,82.1212,2.90684,0.75263,1.12511,7.21527,5.87896,FALSE
1370,"MARYLOU",26003,99.8731,76.8988,0.792216,0.588394,3.16887,1.03834,17.5134,FALSE
1371,"SOLOMON",26001,0.276955,34.6179,41.3715,0.899965,6.89973,6.75359,9.45733,TRUE
1372,"JONI",25973,96.8175,86.8209,3.20333,1.2359,2.518,2.73746,3.48439,FALSE
1373,"DENA",25913,99.7452,83.6916,6.43692,1.0651,1.29665,3.25319,4.25655,TRUE
1374,"ELLIS",25905,16.7021,63.3546,21.9456,0.675545,2.36634,5.38892,6.26906,TRUE
1375,"IRA",25847,12.8438,65.3461,21.5305,1.5437,5.54803,3.04871,2.98294,TRUE
1376,"MARIAM",25814,99.6359,52.5219,18.6333,0.255675,13.3067,4.50918,10.7732,TRUE
1377,"CLARE",25767,96.7474,88.4426,1.95599,0.197928,3.52389,2.49156,3.38805,TRUE
1378,"ALAYNA",25766,99.8719,65.4778,8.16968,0.89653,2.8099,7.03252,15.6136,FALSE
1379,"ALYSON",25719,99.8405,77.3242,2.70228,0.443252,2.71784,3.16886,13.6436,FALSE
1380,"ALIVIA",25626,99.8595,68.93,10.2123,0.721923,1.77554,7.78116,10.5791,FALSE
1381,"SHELDON",25586,1.50455,58.4187,28.3671,2.79841,3.93184,3.8654,2.61862,TRUE
1382,"SHAUNA",25549,99.8904,79.2947,10.5797,1.15464,1.41297,4.59901,2.95902,FALSE
1383,"BRET",25547,0.955065,92.6919,1.12342,0.696755,0.516695,2.7009,2.27033,TRUE
1383,"SIENNA",25547,99.8591,57.6663,4.84988,0.97076,3.1628,9.29268,24.0576,FALSE
1385,"MARYJANE",25540,99.8551,73.8606,1.51527,0.708692,9.47925,1.84025,12.5959,FALSE
1386,"JODIE",25497,93.6968,86.5867,3.57689,0.835392,2.60423,2.91015,3.48668,TRUE
1387,"CARISSA",25320,99.8894,71.2085,5.97551,0.766193,3.87836,5.26856,12.9028,FALSE
1388,"KINGSTON",25249,0.764417,24.3614,42.6076,1.06935,4.91505,15.5967,11.45,TRUE
1389,"AILEEN",25237,99.8692,31.7193,2.95994,0.368507,18.1202,1.66819,45.1638,FALSE
1390,"KATELYNN",25137,99.8647,77.5192,3.75144,1.03035,2.45057,4.78577,10.4627,FALSE
1391,"BLAINE",25084,4.19424,86.5851,3.50821,1.56275,1.38335,3.77531,3.1853,TRUE
1392,"SUSANNE",25062,99.9322,91.7724,1.30077,0.291278,1.36462,1.79555,3.47538,FALSE
1393,"MAE",25047,99.4212,52.0941,30.8181,1.37342,9.55404,3.44552,2.7149,TRUE
1394,"CHERIE",25033,99.9121,79.3433,9.55938,0.890824,2.70842,4.25438,3.24372,TRUE
1395,"HAYLEE",24990,99.844,78.6114,2.78912,0.948379,1.54062,4.86595,11.2445,FALSE
1396,"JULIETTE",24970,99.8919,53.8086,9.11093,0.388466,2.83941,4.47337,29.3793,TRUE
1397,"MORRIS",24899,0.783133,57.2955,33.7443,0.947829,2.16073,2.52219,3.32945,TRUE
1398,"SHANNA",24893,99.8232,76.4874,11.7543,1.35379,1.92424,4.5796,3.90069,FALSE
1399,"GERMAN",24884,0.426028,3.29931,0.807748,0.0884102,1.1855,0.0642983,94.5547,TRUE
1400,"CATHLEEN",24813,99.8993,88.4375,2.62362,0.431226,2.33345,2.20046,3.97372,FALSE
1401,"ISLA",24784,99.8467,74.4028,1.47272,0.29858,2.20707,8.64267,12.9761,TRUE
1402,"MARA",24761,99.5194,70.603,3.14608,0.391745,2.53625,4.10323,19.2197,TRUE
1403,"TATUM",24717,79.4095,76.6719,6.37213,1.77611,1.38366,7.03564,6.76053,TRUE
1404,"PRESLEY",24714,86.8088,79.9345,2.12026,1.36765,1.22198,5.43417,9.9215,TRUE
1405,"ADOLFO",24712,0.186182,2.37536,0.295403,0.133538,1.48106,0.0971188,95.6175,TRUE
1406,"BRYNN",24679,98.691,88.4963,1.84367,0.336318,0.794197,4.51801,4.01151,FALSE
1407,"FINN",24644,1.78144,88.1716,0.267814,0.194774,1.03879,5.44149,4.88557,TRUE
1408,"WINSTON",24638,0.653542,40.6648,35.3397,0.718402,11.4863,4.765,7.02573,TRUE
1409,"PHOENIX",24524,39.1397,53.1194,11.7069,1.55358,3.33959,11.7354,18.5451,TRUE
1410,"EMILIANO",24492,0.461432,2.756,0.338886,0.228646,1.58011,0.216397,94.88,TRUE
1411,"ALONZO",24447,0.278039,8.66364,48.0672,1.10852,0.638115,3.14967,38.3728,TRUE
1412,"RANDAL",24438,0.589174,88.1087,4.01833,0.826582,1.42401,2.57386,3.04853,TRUE
1413,"CANDY",24302,99.3952,66.369,6.23817,0.864126,3.99144,3.04913,19.4881,TRUE
1414,"HILARY",24294,95.2373,82.2343,4.08743,0.555693,2.29686,2.49856,8.32716,TRUE
1415,"HEATH",24266,0.741931,90.0437,1.98632,1.10855,0.387373,3.79543,2.67865,TRUE
1416,"STEPHAN",24265,1.04304,67.109,17.4078,0.997321,2.11004,4.04286,8.33299,TRUE
1417,"VIOLA",24140,99.7887,54.5236,26.3422,1.33389,2.27838,2.8459,12.6761,TRUE
1418,"VIRGIL",24102,0.933571,72.9234,15.9447,3.06199,1.80483,2.9873,3.27774,TRUE
1419,"EVE",24083,99.4684,74.3387,6.58556,0.585475,3.51285,4.81668,10.1607,TRUE
1420,"XIMENA",24081,99.6802,1.63614,0.311449,0.0913583,0.0996636,0.112122,97.7493,FALSE
1421,"MAN",23983,12.5401,40.4078,11.0662,0.921486,26.9566,0.950673,19.6973,TRUE
1422,"ZACKARY",23961,0.162764,82.434,3.19269,0.759568,0.993281,4.85372,7.76679,TRUE
1423,"JONAS",23952,0.392452,58.9554,11.9698,1.07715,4.59252,4.91399,18.4911,TRUE
1424,"MALIA",23945,99.762,30.2735,23.4872,1.09835,8.6114,18.0622,18.4673,TRUE
1425,"TARYN",23868,97.5865,74.1662,10.4952,1.01391,2.35462,6.51081,5.45919,FALSE
1426,"YASMIN",23813,99.6347,16.323,14.8742,0.184773,10.6874,3.58208,54.3485,TRUE
1427,"FLOR",23800,98.3023,1.10504,0.252101,0.0672269,1.98319,0.0336134,96.5588,TRUE
1428,"STERLING",23785,9.75999,61.2193,23.7881,1.59765,1.37482,6.34013,5.68005,TRUE
1429,"NORAH",23769,99.5794,78.148,3.4078,0.315537,3.90845,6.60103,7.61917,TRUE
1430,"OFELIA",23766,99.777,2.08281,0.256669,0.143062,8.94555,0.151477,88.4204,FALSE
1431,"TIANA",23701,99.8143,20.5856,42.5425,1.63706,5.54829,11.4847,18.2018,FALSE
1432,"ANGELIQUE",23667,99.8817,32.5263,21.1349,0.853509,2.81827,5.67457,36.9924,FALSE
1433,"CONOR",23663,0.49869,89.3209,0.612771,0.25356,1.11567,4.11613,4.58099,TRUE
1434,"MAURA",23594,99.733,68.9201,1.25879,0.131389,1.48343,1.55548,26.6508,TRUE
1435,"REBECA",23568,99.8557,13.5989,1.28988,0.19518,0.86558,0.602512,83.4479,FALSE
1436,"DARRIN",23566,0.458326,71.1915,19.944,1.24756,1.36213,3.39048,2.8643,TRUE
1437,"HARMONY",23556,99.5585,39.3106,35.5026,1.54101,2.16505,9.39888,12.0818,TRUE
1438,"JAYNE",23553,99.7582,90.808,2.30968,0.454295,2.18656,1.75349,2.48801,TRUE
1439,"FABIOLA",23547,99.7325,2.98977,4.86686,0.0806897,0.335499,0.161379,91.5658,FALSE
1440,"EDMUND",23544,0.110389,72.8721,8.80904,0.688073,8.91098,2.29358,6.42627,TRUE
1441,"LARISSA",23535,99.8683,59.112,8.31952,1.38517,2.50266,4.66964,24.011,FALSE
1442,"RYLEIGH",23527,98.7503,75.6663,11.0384,0.884091,0.535555,6.04412,5.8316,FALSE
1443,"EVANGELINE",23508,99.8596,45.7376,8.02705,1.44206,20.0315,6.14259,18.6192,FALSE
1444,"KALI",23482,97.036,62.912,17.7114,0.962439,2.46998,7.33754,8.60659,TRUE
1445,"MABEL",23474,99.7315,50.4814,12.1581,1.12465,6.61583,2.33024,27.2898,TRUE
1446,"HOLDEN",23455,1.10026,86.2076,1.21083,0.814325,1.18098,5.31656,5.26967,TRUE
1447,"AISHA",23437,99.7483,10.5261,51.3632,0.366941,19.9556,6.01186,11.7763,FALSE
1448,"STEFAN",23395,0.526001,73.9346,10.4766,0.384698,2.45352,4.01368,8.73691,TRUE
1449,"MYRON",23389,0.816972,59.5836,30.5229,2.98003,2.45842,2.35581,2.09928,TRUE
1450,"VLADIMIR",23371,0.158329,72.0594,4.86072,0.0812973,1.53609,0.992683,20.4698,TRUE
1451,"CONRAD",23268,0.223473,69.3184,10.2458,1.02286,4.7705,4.05278,10.5897,TRUE
1452,"IRINA",23264,99.9011,90.9431,0.490028,0.0300894,1.95151,1.07462,5.51066,FALSE
1453,"JULISSA",23245,99.8365,2.77479,2.81781,0.283932,0.460314,0.606582,93.0566,FALSE
1454,"ESTELA",23235,99.7719,2.02281,0.374435,0.0731655,4.43727,0.228104,92.8642,TRUE
1455,"DOMINGO",23221,0.430775,1.62784,0.930192,0.318677,5.77925,0.292838,91.0512,TRUE
1456,"KENDRICK",23199,1.22461,16.2507,62.1147,1.90094,3.7674,6.75029,9.21591,TRUE
1457,"ELAINA",23181,99.8533,67.5338,5.97472,1.14318,2.71343,6.14728,16.4876,FALSE
1458,"ZACK",23163,0.228843,80.7926,4.59353,0.885032,2.66805,3.94163,7.11911,TRUE
1459,"VELMA",23131,99.7406,51.9519,33.4097,1.55203,1.11539,1.96273,10.0082,FALSE
1460,"KATY",23121,99.8313,72.9337,1.91601,0.778513,5.15981,2.794,16.418,FALSE
1461,"WAYLON",23106,0.562624,87.064,1.65758,2.52748,0.631871,4.35385,3.76526,FALSE
1462,"ARIELLE",23087,99.7444,43.401,27.0802,0.532767,4.23182,6.84368,17.9105,FALSE
1463,"LIZ",23083,99.6015,49.3177,3.99861,0.489538,3.97695,1.6419,40.5753,TRUE
1464,"MAXIMUS",23037,0.208351,53.4792,3.94149,0.785693,3.94149,7.81352,30.0386,FALSE
1465,"KAILEY",22967,99.7779,70.0875,5.68207,0.870815,2.60809,5.01154,15.74,TRUE
1465,"PETRA",22967,99.6037,32.9342,3.53551,0.343972,1.16689,1.56747,60.452,TRUE
1467,"KENYA",22942,93.3662,5.37878,64.9638,0.357423,0.392294,3.95345,24.9542,FALSE
1468,"ERICKA",22937,99.7689,31.1244,29.302,0.658325,1.36461,3.21751,34.3332,FALSE
1469,"GEORGINA",22900,99.8689,25.8079,7.16157,0.707424,2.48908,1.51528,62.3188,FALSE
1470,"CARY",22897,21.0526,82.9672,6.65153,0.685679,3.00039,3.02223,3.67297,TRUE
1471,"GAEL",22880,3.79371,5.78234,1.38549,0.083042,0.249126,0.305944,92.1941,FALSE
1472,"MARCELA",22861,99.5976,8.22361,0.673636,0.17497,2.29649,0.358689,88.2726,FALSE
1473,"REINA",22835,99.7285,8.16729,3.08299,0.398511,5.38647,2.30786,80.6569,TRUE
1474,"QUINTON",22791,0.438616,43.4119,41.9859,1.26366,1.21978,7.34062,4.7782,TRUE
1474,"THANH",22791,37.9949,0.605502,0.136019,0.0131631,98.0914,0.802949,0.351016,TRUE
1476,"ROMEO",22788,0.35097,9.93067,10.5889,0.667018,26.0927,3.36581,49.3549,TRUE
1477,"STACI",22755,99.7539,85.4494,6.55241,0.720721,1.02835,3.0323,3.21688,FALSE
1478,"LAURENCE",22753,5.12043,79.2203,9.65147,0.505428,4.21483,2.70294,3.70501,TRUE
1479,"BRADFORD",22739,0.219925,85.7689,7.99947,0.598091,1.17419,2.77057,1.68873,TRUE
1480,"DARCY",22715,90.0326,86.4187,3.09927,0.884878,1.43077,2.91437,5.25204,TRUE
1481,"WALKER",22714,2.33756,87.2193,3.95791,0.840891,0.453465,3.90508,3.62332,TRUE
1482,"LATASHA",22709,99.8503,8.89956,83.6408,0.98199,0.215773,3.90594,2.35589,FALSE
1483,"MARYANNE",22682,99.9162,86.2666,2.15589,0.401199,5.56829,1.58716,4.02081,FALSE
1484,"ROSALINDA",22659,99.8499,3.77334,0.842932,0.255969,11.1479,0.450152,83.5297,FALSE
1485,"KRISTIAN",22651,25.0684,48.4791,18.785,0.697541,3.71728,5.03289,23.2882,TRUE
1486,"LIA",22645,98.9843,46.6858,6.64606,0.370943,8.88496,5.71429,31.6979,TRUE
1487,"WILLARD",22623,0.389122,83.1676,10.6485,1.68855,0.760288,2.54608,1.18906,TRUE
1488,"QUINCY",22586,15.3717,27.5923,53.0771,1.06703,2.33773,10.0283,5.89746,TRUE
1489,"PIERRE",22582,0.846069,30.8254,54.5877,0.464972,2.28501,3.56036,8.2765,TRUE
1490,"BRANTLEY",22528,3.16065,90.8336,1.36719,0.7413,0.128729,3.78196,3.14719,TRUE
1491,"MANUELA",22512,99.2805,14.2369,2.04335,0.164357,1.56805,0.528607,81.4588,FALSE
1492,"BRENDEN",22499,0.515533,74.1366,7.32033,0.782257,1.86675,6.40917,9.48487,TRUE
1493,"GALE",22467,74.3968,81.8845,11.8351,0.703254,1.49553,2.22994,1.8516,TRUE
1494,"CIERRA",22466,99.8709,44.712,35.6672,1.08609,0.747797,7.93199,9.85489,TRUE
1495,"KING",22345,2.91366,6.80242,62.8284,0.680242,9.31305,6.80689,13.569,TRUE
1496,"BRANDEN",22295,0.951355,62.2023,14.9899,0.825297,3.18906,5.52142,13.272,TRUE
1497,"DORIAN",22290,19.0562,28.8874,39.6456,0.812023,1.1799,6.22252,23.2526,TRUE
1497,"EUGENIA",22290,99.7533,47.1467,14.9619,0.749215,4.5581,1.65545,30.9287,FALSE
1499,"GONZALO",22277,0.246847,1.49033,0.166091,0.112223,1.03694,0.071823,97.1226,TRUE
1500,"GRETA",22243,99.8786,81.3649,9.60302,0.350672,1.38021,2.32882,4.97235,FALSE
1501,"MILAGROS",22186,99.4681,0.946543,0.292978,0.0405661,15.3475,0.22086,83.1515,FALSE
1502,"YOUNG",22159,53.8434,6.23223,3.13642,0.126359,87.0933,0.816824,2.59488,TRUE
1503,"KEISHA",22145,99.8148,17.1235,69.4468,1.0657,1.36825,4.7189,6.27681,FALSE
1504,"LEANN",22092,99.7646,83.4646,3.15499,1.5526,3.53974,2.83813,5.44994,FALSE
1505,"CAREY",22070,50.9469,80.8428,11.3321,0.734028,1.69461,3.10829,2.28817,TRUE
1506,"IZABELLA",22061,99.864,50.6323,2.19392,0.852183,1.33267,5.98341,39.0055,FALSE
1507,"MAY",22047,97.5958,33.3968,9.49789,0.666757,49.331,2.57631,4.53123,TRUE
1508,"ZACHERY",22045,0.158788,80.8709,6.03311,1.2157,1.03425,4.86732,5.97868,TRUE
1509,"GRISELDA",22011,99.8274,1.24938,0.51338,0.0817773,0.381627,0.0772341,97.6966,FALSE
1510,"KAMRYN",22000,85.4636,57.2773,25.5818,0.836364,1.36364,7.80455,7.13636,FALSE
1511,"NIA",21916,99.5164,11.0467,61.9912,0.588611,4.55831,7.41924,14.3959,FALSE
1512,"ANNEMARIE",21911,99.9133,84.008,5.77336,0.196248,2.45539,2.61512,4.95185,FALSE
1513,"KIANA",21871,99.6936,21.1101,30.5382,1.54543,7.63111,15.0839,24.0913,FALSE
1514,"HALLIE",21845,98.5257,85.8091,3.70794,0.732433,1.33669,4.08789,4.32593,TRUE
1515,"CAMILLA",21840,99.7985,46.6712,10.6273,0.508242,3.35623,4.13004,34.707,FALSE
1516,"MOLLIE",21836,99.8626,87.3878,5.04671,0.705257,1.04873,2.6699,3.1416,FALSE
1517,"TRUDY",21827,99.8992,84.4825,8.42993,1.15453,1.61268,2.36404,1.95629,FALSE
1518,"ALBA",21797,99.3758,7.73501,0.472542,0.0688168,0.339496,0.316557,91.0676,TRUE
1519,"YADIRA",21780,99.7337,0.849403,0.486685,0.0367309,0.0918274,0.0459137,98.4894,FALSE
1520,"LANDEN",21746,0.947431,75.3472,8.66366,1.08066,1.38876,5.87234,7.64738,TRUE
1521,"ADELA",21730,99.7239,10.8376,0.901979,0.170272,4.39485,0.740911,82.9544,FALSE
1522,"DARWIN",21718,0.773481,40.9292,9.96409,1.42278,5.66811,1.91086,40.105,TRUE
1523,"COLETTE",21697,99.9401,76.5267,10.4254,0.797345,2.45656,4.70111,5.09287,TRUE
1524,"FERNANDA",21647,99.2563,18.8294,1.63071,0.21712,1.00707,0.563588,77.7521,FALSE
1525,"VERNA",21645,99.4549,68.2097,22.2684,2.36082,2.68884,2.3331,2.13906,TRUE
1526,"NATE",21616,1.42527,74.6947,9.83531,0.985381,2.92376,3.62694,7.93394,TRUE
1527,"MONIKA",21581,99.912,70.5528,5.97748,0.282656,11.6306,2.23808,9.31838,FALSE
1528,"RHETT",21554,1.06733,90.1225,0.737682,0.76088,0.510346,3.82296,4.04565,TRUE
1529,"ZANDER",21543,0.55687,72.1812,3.49069,1.2301,1.96816,8.0026,13.1272,TRUE
1530,"JUDAH",21536,2.61826,63.6423,12.6579,0.496842,2.07095,8.62741,12.5046,TRUE
1531,"AMALIA",21515,99.7723,18.8613,1.65931,0.190565,4.52243,1.64072,73.1257,FALSE
1532,"IBRAHIM",21504,0.265104,41.0249,33.1892,0.0790551,16.4807,4.36663,4.85956,TRUE
1533,"BRIDGETTE",21503,99.8419,56.5875,28.1217,0.776636,1.04172,3.82737,9.64517,TRUE
1534,"WILFREDO",21456,0.167785,1.25839,0.568606,0.0559284,11.1391,0.172446,86.8056,FALSE
1535,"ELISHA",21424,56.5648,48.3663,26.671,1.10624,4.96173,6.17999,12.7147,TRUE
1536,"OTIS",21416,0.747175,37.1124,55.2157,0.947889,0.593015,3.79156,2.33937,TRUE
1537,"FIDEL",21412,0.401494,1.48982,2.00355,0.284887,2.61536,0.261536,93.3449,TRUE
1538,"ELVIA",21401,99.5841,2.0186,1.07004,0.116817,0.182234,0.126162,96.4861,FALSE
1539,"ISSAC",21364,0.379125,27.6821,15.1704,1.08594,3.5059,3.2859,49.2698,TRUE
1540,"MILO",21338,2.00628,68.3522,4.29281,0.745149,2.81188,8.39348,15.4044,TRUE
1541,"MICKEY",21287,18.4376,77.4275,7.84047,1.47038,3.16625,3.56086,6.5345,TRUE
1541,"NOVA",21287,92.3398,50.8291,17.9405,1.45159,3.20383,10.5557,16.0192,TRUE
1543,"SONDRA",21227,99.9152,81.467,11.0001,0.617139,0.508786,3.08098,3.32595,FALSE
1544,"ROCKY",21187,1.71852,68.8299,4.46028,1.83603,6.0556,3.95054,14.8676,TRUE
1545,"JARROD",21184,0.113282,77.1431,11.9147,1.20846,0.901624,4.22017,4.61197,FALSE
1546,"JEANINE",21163,99.9291,77.9615,10.6412,0.666257,1.57823,2.41932,6.73345,FALSE
1547,"NESTOR",21162,0.236306,3.09517,0.949816,0.0992345,10.9441,0.217371,84.6943,TRUE
1548,"IMANI",21087,95.4032,2.44226,79.7553,0.412576,0.749277,7.09916,9.54142,TRUE
1549,"HONG",21084,70.6479,0.720926,0.137545,0,98.4491,0.512237,0.180231,TRUE
1550,"LAMAR",21067,4.09132,23.8192,66.7252,0.716761,0.431955,4.30056,4.00627,TRUE
1551,"MARI",21053,97.5719,48.5584,6.47414,0.474992,10.3786,4.60742,29.5065,TRUE
1552,"ARI",21034,25.6773,59.0473,12.765,0.385091,4.24551,7.25492,16.3022,TRUE
1553,"DEANDRE",21028,1.35084,2.15427,83.9833,0.71809,0.404223,7.17615,5.56401,FALSE
1554,"ANTOINE",21025,0.82283,13.2461,76.4709,0.713436,1.26992,4.22354,4.0761,TRUE
1555,"GERTRUDE",20979,99.8236,69.0786,24.7962,0.919968,1.49197,1.4872,2.22604,FALSE
1556,"ABDUL",20963,0.252766,12.2454,23.9136,0.200353,54.7679,6.63073,2.24205,TRUE
1557,"MARGO",20947,99.3508,75.9202,11.5482,0.711319,0.959565,2.9694,7.89134,TRUE
1558,"ROXANA",20924,99.8518,14.2468,0.998853,0.215064,0.974957,0.731218,82.8331,FALSE
1559,"MINNIE",20918,99.6415,38.6748,49.2925,1.86442,3.1982,2.46678,4.5033,TRUE
1560,"BESSIE",20913,99.7752,43.9535,45.1442,2.48649,2.3526,2.28566,3.77755,TRUE
1561,"ASHLYNN",20888,99.8229,76.891,6.48219,1.23037,1.23037,6.01781,8.14822,FALSE
1562,"BARRETT",20844,4.08751,87.181,3.28632,0.618883,0.590098,4.39455,3.92919,TRUE
1563,"IMELDA",20824,99.8991,4.43239,1.3398,0.148867,22.2532,0.364964,71.4608,FALSE
1564,"OSVALDO",20809,0.172944,2.44606,0.552645,0.0288337,0.134557,0.062473,96.7754,FALSE
1565,"STEWART",20784,1.13554,83.2948,7.57794,1.19323,1.8139,2.704,3.41609,TRUE
1566,"EVERLY",20770,99.5763,75.1757,1.13625,0.577756,2.46028,6.06163,14.5883,TRUE
1566,"HEAVEN",20770,98.2426,29.3934,42.8503,1.37699,1.36254,7.04381,17.973,TRUE
1568,"PAXTON",20757,7.79421,79.7225,3.45907,0.775642,2.76533,7.15421,6.12324,TRUE
1569,"ZACHARIAH",20722,0.342697,65.4136,11.5336,1.51047,2.4515,7.33037,11.7604,TRUE
1570,"TRISTEN",20664,17.4165,62.65,14.7261,1.94541,2.018,7.54452,11.116,FALSE
1571,"MAI",20650,96.5375,5.54479,2.11622,0.0387409,88.6102,2.26634,1.42373,TRUE
1572,"ALTON",20584,0.505296,56.7188,34.658,1.34085,2.07928,3.2501,1.95297,TRUE
1573,"SHEENA",20571,99.8785,48.0628,29.1867,1.85212,9.77104,5.54178,5.58553,TRUE
1574,"TOBIAS",20557,0.457243,58.1067,14.0439,1.01669,2.44199,7.05356,17.3372,TRUE
1575,"RAPHAEL",20519,1.13071,32.6624,23.9144,0.672547,7.93898,3.76237,31.0493,TRUE
1576,"DELLA",20489,99.7413,69.2957,17.6631,1.63502,1.44956,3.45551,6.50105,TRUE
1577,"EMILIE",20482,99.8291,77.3508,3.02217,0.371058,4.52104,3.60316,11.1317,FALSE
1578,"CADENCE",20406,93.2608,72.1454,7.77222,1.29374,2.23954,8.20837,8.34068,FALSE
1579,"MARIELA",20403,99.7451,2.20066,0.548939,0.0784198,0.47542,0.254864,96.4417,FALSE
1580,"AUDRA",20401,99.5638,80.5549,7.84765,0.784275,0.857801,4.17136,5.78403,FALSE
1581,"ALESSANDRA",20390,99.7941,38.4404,1.76557,0.181462,3.20255,3.19274,53.2173,TRUE
1582,"EMILEE",20367,99.9018,82.3489,1.65464,0.672657,1.66937,4.15378,9.50066,FALSE
1583,"SKYE",20360,88.5887,54.6857,18.2809,1.89096,3.89489,8.94401,12.3035,TRUE
1584,"PHUONG",20358,81.266,0.54524,0.11789,0,98.3594,0.766284,0.211219,TRUE
1585,"DEE",20342,77.8111,69.8604,15.5049,1.04218,5.56484,2.92007,5.10766,TRUE
1586,"DARNELL",20322,7.80058,7.26306,82.7576,1.34829,0.787324,4.5468,3.29692,TRUE
1587,"MARCELO",20318,0.339617,17.0243,1.79151,0.201792,4.52308,0.944975,75.5143,TRUE
1588,"REECE",20296,19.6551,81.1096,3.92196,0.817895,1.75404,6.65156,5.74497,TRUE
1589,"ALANNA",20265,99.8816,57.3847,14.1623,0.981989,2.72884,7.88552,16.8566,FALSE
1590,"RENA",20230,99.0506,62.3925,17.6075,2.55561,5.78843,3.75185,7.9041,TRUE
1591,"ALBERTA",20223,99.2582,45.7054,33.1504,2.54661,1.23622,2.02245,15.339,TRUE
1592,"AYLA",20198,99.8416,66.8631,5.41638,0.965442,3.89643,8.95633,13.9024,TRUE
1593,"ROYCE",20161,8.02778,60.0317,17.2263,1.49794,4.76167,5.60488,10.8774,TRUE
1594,"DEANA",20142,99.9007,79.853,6.99037,1.22133,1.11707,3.60937,7.20882,FALSE
1595,"HATTIE",20085,99.8008,46.4127,47.4035,0.955937,0.497884,2.90266,1.82723,TRUE
1596,"MARYBETH",20065,99.9402,94.8916,0.438575,0.174433,1.30077,1.18116,2.01346,FALSE
1597,"SYED",20062,0.882177,2.16329,0.643007,0.16449,93.9189,2.47732,0.633038,TRUE
1598,"ROCCO",20061,0.204428,83.2311,0.947111,0.219331,0.927172,3.48936,11.1859,TRUE
1599,"ANH",20058,72.7032,1.59537,0.274205,0.0149566,96.8591,0.712932,0.543424,FALSE
1600,"ADEN",20023,3.76161,51.0063,17.1103,0.893972,5.05918,6.2628,19.6674,TRUE
1601,"LEANNA",20019,99.9151,66.7066,8.5219,1.2588,3.9962,4.77047,14.746,TRUE
1602,"JAQUELINE",20009,99.7901,18.0519,4.57794,0.274876,1.06452,0.949573,75.0812,FALSE
1603,"LIONEL",20008,0.269811,23.8904,38.1847,1.82927,3.28868,2.79388,30.013,TRUE
1604,"MARCY",19969,99.2087,83.5545,4.2566,0.771195,1.39717,2.39872,7.62181,TRUE
1605,"BERNARDO",19951,0.190438,7.20265,1.43351,0.11027,5.89444,0.340835,85.0183,TRUE
1606,"ADELE",19906,99.5025,77.6751,7.21391,0.562644,2.91369,3.28042,8.35427,TRUE
1607,"NATHALIE",19886,99.7737,28.6936,11.5961,0.160917,4.12853,2.07684,53.3441,FALSE
1608,"MINA",19870,85.3476,53.6487,4.50428,0.603926,23.392,8.23855,9.61248,TRUE
1609,"LAVERNE",19868,82.8702,53.1256,39.9889,1.97302,1.37407,1.98812,1.55023,TRUE
1610,"URIEL",19853,1.39511,4.12028,3.33955,0.146074,0.669924,0.468443,91.2557,TRUE
1611,"ANIYAH",19845,99.8186,4.43941,69.4684,0.826405,0.579491,10.6374,14.0489,FALSE
1612,"BENNIE",19834,15.4944,45.4674,44.8422,1.2655,0.680649,2.96461,4.77967,TRUE
1613,"OCTAVIO",19759,0.344077,2.51025,0.582013,0.136647,0.576952,0.156891,96.0372,TRUE
1614,"AL",19742,4.21372,56.4229,20.4083,1.05866,6.68625,2.31993,13.104,TRUE
1615,"JOHNATHON",19731,0.136868,69.6417,8.72232,1.14034,1.34813,4.59683,14.5507,FALSE
1616,"BOBBI",19723,99.0261,84.5713,5.67358,1.41459,0.598286,3.93956,3.80267,FALSE
1617,"KEATON",19692,6.02905,83.0947,4.34694,1.25432,1.11213,6.11416,4.0778,TRUE
1618,"LUTHER",19666,0.396462,59.3257,32.4519,1.3475,1.22038,3.51876,2.13567,TRUE
1619,"MIRNA",19633,99.8065,6.86599,0.64687,0.0967758,0.473692,0.198645,91.718,FALSE
1620,"GREGORIO",19625,0.280155,2.44076,0.550318,0.122293,6.09427,0.356688,90.4357,TRUE
1621,"VILMA",19614,99.7654,7.43347,2.74294,0.0713776,9.28418,0.38238,80.0857,TRUE
1622,"JEWEL",19580,92.4008,46.8284,35.1788,1.36874,4.62206,4.90807,7.09397,TRUE
1623,"KODY",19577,3.39156,80.5282,4.93947,1.4609,3.25893,5.00077,4.81177,TRUE
1624,"LACY",19552,88.9224,82.9378,7.31894,1.66735,0.485884,4.02516,3.56485,TRUE
1625,"MICHEL",19538,22.2888,53.4753,14.7559,0.465759,2.00635,2.41069,26.8861,TRUE
1626,"SOCORRO",19531,93.6594,0.81921,0.256003,0.107521,4.48518,0.158722,94.1734,TRUE
1627,"GILLIAN",19500,99.0054,78.8769,7.12308,0.271795,3.06667,4.45128,6.21026,TRUE
1628,"JAMI",19455,96.0995,87.0522,3.89617,0.894372,0.930352,3.76253,3.46441,TRUE
1629,"BENITO",19433,0.262494,3.90573,1.4357,0.313899,3.41172,0.380796,90.5522,TRUE
1630,"NELLY",19418,99.0626,13.3845,4.82027,0.231744,4.88722,0.509836,76.1664,TRUE
1631,"CHANDRA",19395,86.8444,38.4532,29.9201,0.788863,23.8773,4.51663,2.44393,TRUE
1632,"CASH",19367,0.939646,77.8902,4.19786,1.2134,0.75386,5.99473,9.94991,TRUE
1632,"JASE",19367,0.789474,78.453,5.42159,1.12046,1.14628,5.14793,8.71069,FALSE
1634,"ANTON",19355,0.325666,66.2981,19.1423,0.552829,4.33996,4.10747,5.55929,TRUE
1635,"ADALYN",19328,99.9017,76.697,1.49007,0.662252,1.95571,5.11693,14.078,FALSE
1636,"CHRISTI",19323,99.6534,85.7217,4.63696,0.807328,1.36625,3.26036,4.20742,TRUE
1637,"TEDDY",19309,5.5101,70.651,11.3937,1.52778,6.04899,3.44399,6.93459,TRUE
1638,"NAYELI",19293,99.7564,2.43093,1.59643,0.445758,0.33691,0.870782,94.3192,FALSE
1639,"JEFFERSON",19256,0.363316,44.2823,9.2231,0.971126,8.78687,2.64853,34.0881,TRUE
1640,"CHASITY",19230,99.8908,57.3115,27.6911,1.72647,0.98804,4.47218,7.81071,FALSE
1641,"ISAIAS",19227,0.6969,2.40287,1.15983,0.187237,0.76455,0.317262,95.1683,TRUE
1642,"MARYAM",19210,99.823,53.4565,10.9578,0.161374,24.2113,8.2405,2.97241,FALSE
1643,"TIARA",19164,99.7183,13.781,66.9328,1.20017,2.54644,7.0862,8.45335,FALSE
1644,"LEEANN",19151,99.8904,82.5283,3.51418,1.1331,3.28965,3.74915,5.7856,FALSE
1645,"TATE",19140,6.35874,87.2466,2.11599,0.950888,1.43156,4.6395,3.61546,TRUE
1646,"HELENE",19120,99.8954,84.3881,6.99268,0.387029,3.34728,1.84623,3.0387,FALSE
1647,"DALIA",19088,99.7222,23.3917,3.24288,0.167645,1.4145,1.16827,70.615,TRUE
1648,"MADDISON",19063,99.271,72.9581,8.22011,0.938992,0.923254,5.40314,11.5564,TRUE
1649,"MARISELA",19048,99.8267,1.03423,0.220496,0.162747,0.110248,0.0577488,98.4145,FALSE
1650,"OLIVE",19047,98.8556,68.772,12.1331,0.582769,3.76437,6.23195,8.51578,TRUE
1651,"JARRETT",19028,0.725552,72.861,14.9779,1.1667,1.78684,4.60374,4.60374,TRUE
1652,"GEMMA",19014,99.8265,61.6125,2.74535,0.420743,12.8011,5.94299,16.4773,TRUE
1653,"LORIE",19008,99.553,83.7753,5.34512,0.704966,1.95181,2.6673,5.55556,TRUE
1654,"DARREL",18964,0.559013,74.4885,16.0251,1.72432,2.03016,2.96878,2.76313,FALSE
1655,"HERIBERTO",18950,0.131898,0.955145,0.14248,0.0263852,0.200528,0.0316623,98.6438,FALSE
1656,"KIERA",18936,99.72,56.8599,23.4896,1.01394,1.96451,9.04098,7.63097,FALSE
1657,"ALDO",18935,0.206,13.7787,0.850277,0.163718,0.60206,0.311592,84.2936,TRUE
1658,"MELISA",18912,99.8519,54.6743,5.56789,0.507614,2.83418,2.74429,33.6717,FALSE
1659,"FEMALE",18872,99.4594,53.1581,17.5392,1.58966,6.67656,1.63205,19.4044,FALSE
1660,"JERI",18865,98.145,87.1932,4.69653,1.10787,1.18208,3.2229,2.5974,TRUE
1661,"JEANNINE",18849,99.9257,86.3706,5.75097,0.339541,0.864767,2.02663,4.64746,FALSE
1662,"BO",18831,15.0109,57.7558,2.34188,0.929319,31.9261,3.18624,3.86066,TRUE
1663,"RYLIE",18814,94.35,80.0787,4.01297,0.861061,1.73275,5.75104,7.56352,FALSE
1664,"TAMIKA",18803,99.7766,2.95166,88.9326,0.723289,0.478647,3.78663,3.12716,FALSE
1665,"RUDOLPH",18795,0.202181,44.6874,31.402,0.968343,2.06438,2.31445,18.5634,TRUE
1666,"MARYJO",18792,99.9362,94.3699,0.835462,0.37782,0.744998,1.12282,2.54896,FALSE
1667,"REMINGTON",18773,26.3517,82.2085,2.79124,1.10265,0.793693,6.83961,6.26432,TRUE
1668,"LAURYN",18764,99.8028,48.8382,34.5022,0.692816,2.20102,5.71307,8.05265,FALSE
1669,"EZEQUIEL",18755,0.277304,2.58065,0.634497,0.229272,0.255932,0.261264,96.0384,FALSE
1670,"KAYLIE",18676,99.8287,67.7875,4.11758,0.80317,4.38531,5.03855,17.8679,FALSE
1670,"TATYANA",18676,99.8822,60.65,24.1593,0.444421,1.0816,3.64104,10.0236,FALSE
1672,"REGAN",18675,82.0143,83.7376,5.15663,0.562249,2.19009,4.03213,4.32129,TRUE
1673,"TOMMIE",18628,37.5678,44.9592,46.6341,1.05218,0.488512,3.39274,3.47327,TRUE
1674,"SUSANNA",18585,99.9354,65.8596,2.09309,0.532688,9.40005,2.85714,19.2575,FALSE
1675,"MINERVA",18560,99.9138,6.70797,3.1681,0.28556,5.57112,0.549569,83.7177,TRUE
1676,"KENZIE",18535,97.7291,78.6026,5.53547,0.95495,1.93148,5.79444,7.18101,TRUE
1677,"TONIA",18532,99.7193,60.7814,28.8042,1.32204,0.884956,3.91215,4.29527,FALSE
1678,"HASSAN",18511,0.329498,42.2506,35.8057,0.0972395,14.0565,4.70531,3.08465,TRUE
1679,"ELVIS",18502,1.83184,20.0086,16.4307,1.02692,5.12377,1.51335,55.8967,TRUE
1680,"TITUS",18489,0.30267,54.9408,23.587,1.2548,5.10574,7.7181,7.39359,TRUE
1681,"LOWELL",18467,0.860949,88.3414,5.66957,0.731034,1.79239,2.19852,1.26713,TRUE
1682,"EMELY",18463,99.6967,6.9707,0.931593,0.205817,2.00942,0.330391,89.5521,FALSE
1683,"JAIRO",18461,0.260022,1.8688,0.46043,0.092086,0.455013,0.113753,97.0099,FALSE
1684,"AMIE",18456,99.7074,79.4267,6.06849,0.503901,4.25878,3.22388,6.51821,TRUE
1685,"PATRICA",18432,99.5767,78.1521,10.4926,0.69987,0.634766,1.71441,8.30621,FALSE
1686,"ELIA",18428,93.044,21.9611,3.87997,0.65661,1.87758,1.94812,69.6766,TRUE
1687,"BRIANNE",18370,99.8095,79.9075,5.70495,0.724007,1.89439,4.49646,7.27273,FALSE
1688,"NIKOLAS",18363,0.31039,61.9724,4.03529,0.52279,2.28721,5.90317,25.2791,TRUE
1689,"CARINA",18343,99.8582,29.1555,3.03113,0.256229,8.47735,3.22739,55.8524,FALSE
1690,"ELVA",18329,98.7017,23.4492,3.75361,0.485569,1.44034,0.72017,70.1511,FALSE
1691,"LIZA",18277,99.8522,47.3765,5.47683,0.56355,15.4675,2.5606,28.555,TRUE
1692,"HUNG",18266,5.09969,0.695281,0.224461,0.0273733,98.0291,0.755502,0.268258,TRUE
1693,"RAEGAN",18263,98.7132,78.0978,10.0312,0.684444,0.64064,5.65077,4.89514,FALSE
1694,"BRUNO",18245,0.334338,49.2957,4.39572,0.235681,1.66621,1.68265,42.724,TRUE
1695,"JAMISON",18238,9.83499,75.1179,10.0998,1.13499,1.25562,6.90865,5.48306,TRUE
1696,"CARMELA",18229,99.7311,56.5527,4.5093,0.307203,6.0124,1.45373,31.1646,FALSE
1697,"ROSALIND",18212,99.8627,41.1212,44.9319,0.625961,3.62948,3.1957,6.49572,FALSE
1698,"SHEA",18205,60.8402,82.4993,4.97116,0.642681,1.40071,5.10849,5.37764,TRUE
1699,"COLT",18204,0.301966,88.1729,0.302131,1.42826,0.444957,4.71325,4.93848,TRUE
1700,"KILEY",18182,94.923,82.6092,4.13046,0.852491,1.12199,5.18095,6.10494,TRUE
1701,"ELYSE",18174,99.6698,74.8872,6.11863,0.379663,3.24089,4.83108,10.5425,FALSE
1702,"ANNIKA",18173,99.8845,73.0864,2.83387,0.429208,8.4521,7.12596,8.07242,FALSE
1703,"FEDERICO",18172,0.247634,6.42747,0.412723,0.14858,5.87167,0.286155,86.8534,TRUE
1704,"JESS",18147,29.8887,75.0262,2.54036,1.40519,3.90147,3.25674,13.8701,TRUE
1705,"DARIAN",18142,29.7475,38.0939,28.4092,1.68118,2.43082,8.64293,20.7419,TRUE
1706,"SARAI",18132,99.6526,7.34613,16.049,0.303331,1.03684,2.92301,72.3417,TRUE
1707,"ADALYNN",18111,99.8675,75.3465,1.76136,0.723317,1.02148,5.43868,15.7087,FALSE
1708,"BOY",18099,0.740577,49.185,16.0561,1.4918,4.48644,2.39792,26.3827,TRUE
1709,"JERALD",18095,0.513954,76.955,13.7054,1.22133,2.4703,2.43714,3.21083,TRUE
1710,"ABBEY",18093,99.1713,87.9788,1.60283,0.447687,1.9234,2.73586,5.31145,TRUE
1711,"AMINA",18082,99.7124,21.4025,44.0438,0.270988,17.7912,7.46046,9.03108,TRUE
1712,"BAYLEE",18053,96.9712,83.5041,3.43433,1.21309,0.781034,4.90777,6.15964,FALSE
1713,"INDIA",18041,99.7007,19.816,66.0052,0.764924,0.726124,6.82889,5.85888,TRUE
1714,"MICAELA",18040,99.8061,26.9401,4.66741,0.36031,2.07871,2.69401,63.2594,FALSE
1715,"CYRUS",17986,0.628057,54.9372,13.1324,1.65128,8.87357,9.57967,11.8259,TRUE
1716,"MADALYN",17978,99.8609,82.1615,2.2305,0.600734,0.96785,4.29414,9.74524,FALSE
1717,"DAMARIS",17964,97.8523,6.23469,5.31062,0.0946337,0.345135,0.690269,87.3246,FALSE
1718,"MINH",17888,21.9278,0.922406,0.178891,0.0223614,97.5962,0.995081,0.285107,TRUE
1719,"VINCE",17877,0.380292,61.47,9.0843,1.11316,10.6841,2.6962,14.9522,TRUE
1720,"ARYA",17876,87.4616,40.5292,5.20251,0.760797,25.951,9.78407,17.7724,TRUE
1721,"HUBERT",17834,0.18504,63.25,23.9206,1.33453,4.79982,2.31019,4.38488,TRUE
1722,"KARTER",17796,13.2509,42.3297,42.0151,0.837267,0.932794,8.24343,5.64172,TRUE
1722,"LIANA",17796,99.837,47.5332,5.73163,0.539447,8.10856,6.43965,31.6476,TRUE
1724,"SHERMAN",17707,0.740197,46.5183,42.5143,1.32716,4.67612,3.14565,1.81849,TRUE
1725,"EDDY",17685,4.55702,24.8063,10.9245,0.542833,6.36132,1.4419,55.9231,TRUE
1726,"URSULA",17671,99.8755,61.5755,17.8202,0.990323,2.06553,2.10514,15.4434,FALSE
1727,"BRENDON",17651,0.447491,69.5201,9.94844,1.09909,4.26605,6.05065,9.11563,FALSE
1728,"CORNELIUS",17599,0.915033,25.8992,67.0606,0.943235,1.03415,3.21041,1.85238,TRUE
1729,"MELINA",17598,99.8352,34.0891,4.21071,0.608024,3.70497,4.12547,53.2617,TRUE
1730,"MIKAELA",17594,99.8068,53.8309,7.5594,0.710469,5.89974,7.36615,24.6334,FALSE
1731,"ESTELLA",17560,99.7778,24.3622,18.4453,0.677677,3.3713,2.46583,50.6777,TRUE
1732,"ISIDRO",17553,0.301874,1.52111,0.193699,0.170911,2.38706,0.0854555,95.6418,TRUE
1733,"HANS",17529,0.302218,77.6256,4.86052,0.233898,5.24274,2.68698,9.35022,TRUE
1734,"CLAUDETTE",17471,99.8626,46.3511,42.8939,0.887184,1.91746,2.65011,5.30021,FALSE
1735,"BECKETT",17465,4.41429,89.2757,0.240481,0.320641,0.566848,5.10736,4.48898,TRUE
1736,"ISIAH",17464,0.544007,16.0788,45.7799,2.29043,1.52886,8.65781,25.6642,FALSE
1737,"CELINA",17444,99.8567,22.2655,5.91034,0.693648,7.91676,2.68287,60.5308,FALSE
1737,"DUNCAN",17444,0.596159,83.3295,5.59505,0.441413,1.84591,5.15363,3.63449,TRUE
1739,"CHUCK",17417,0.401929,82.8443,5.32239,1.01051,5.43722,2.46885,2.91669,TRUE
1740,"MARCEL",17405,5.89689,37.2134,34.4039,0.66073,2.76932,6.19937,18.7532,TRUE
1741,"IRVIN",17402,0.30437,35.5821,18.1071,1.63774,2.35605,1.26997,41.047,TRUE
1742,"CAIDEN",17388,2.7773,60.8638,18.5933,0.678629,1.68507,8.15505,10.0242,FALSE
1743,"WILLIS",17369,1.39921,66.8663,24.6013,1.30693,2.14175,2.66567,2.4181,TRUE
1744,"LUPE",17366,80.73,2.41852,0.333986,0.742831,1.31291,0.21306,94.9787,TRUE
1745,"DANNA",17342,98.6445,39.9839,5.15511,0.5997,2.15661,1.86253,50.2422,TRUE
1746,"KARISSA",17324,99.8846,68.2695,6.38421,0.854306,3.56153,5.77234,15.1582,FALSE
1747,"ANYA",17286,99.6817,50.2025,14.6535,0.503297,16.1576,8.75275,9.73042,TRUE
1748,"JAX",17262,1.57499,70.2236,2.74012,1.06013,2.30564,7.2703,16.4002,TRUE
1749,"THUY",17254,93.9895,0.521618,0.0927321,0,98.2729,0.886751,0.226035,TRUE
1750,"MATTEO",17243,0.214667,37.9516,1.41507,0.220379,1.89642,3.81024,54.7063,TRUE
1751,"MARQUIS",17233,2.01334,4.17223,82.5161,0.487437,0.499043,5.87245,6.45274,TRUE
1752,"VANCE",17229,0.638533,73.4285,13.2219,1.30594,2.65831,4.55627,4.82907,TRUE
1753,"MILAN",17225,34.8038,36.0232,23.9768,0.272859,12.6386,5.25399,21.8345,TRUE
1754,"KELSIE",17217,98.5828,81.5241,6.68525,0.818958,1.67277,4.0309,5.26805,FALSE
1755,"KATLYN",17214,99.7735,84.3383,3.69467,0.772627,1.28965,3.77019,6.13454,FALSE
1756,"ANGELIA",17189,99.8662,57.6008,27.0231,0.965734,1.91401,4.38653,8.10984,FALSE
1757,"KHALIL",17176,1.04215,15.5566,66.8433,0.4483,3.12063,8.07522,5.95599,TRUE
1757,"WEI",17176,41.8448,1.19353,0.203773,0,98.0845,0.302748,0.215417,TRUE
1759,"GUNNER",17164,0.33211,87.0776,0.565136,1.66628,0.419483,4.63179,5.63971,TRUE
1760,"GIRL",17158,99.4229,48.3739,16.2606,1.41625,4.93064,2.45949,26.559,TRUE
1761,"JOSELUIS",17154,0.332303,0.961875,0.0932727,0.0874432,0.617932,0.064125,98.1754,FALSE
1762,"TERESITA",17139,99.9125,1.54618,0.99189,0.192543,55.1899,0.787677,41.2918,FALSE
1763,"KADE",17136,1.8027,81.5885,4.0733,1.3422,1.02708,6.13329,5.83567,TRUE
1764,"DEWAYNE",17085,0.362743,45.6131,46.6725,2.07785,0.316067,3.65233,1.66813,FALSE
1765,"MILLIE",17073,99.6194,68.0841,8.7448,1.0543,4.57447,3.44989,14.0924,TRUE
1766,"REUBEN",17064,0.22273,50.8673,18.7881,1.75223,5.85443,3.44585,19.2921,TRUE
1767,"LAZARO",17048,0.310778,2.14101,0.692163,0.0938527,0.838808,0.117316,96.1168,TRUE
1768,"POLLY",17041,99.6714,83.7275,6.49023,1.09149,4.16642,2.20644,2.31794,TRUE
1769,"KAYLIN",17018,97.267,59.8719,15.8832,0.758021,4.33071,5.69985,13.4563,FALSE
1770,"ITZEL",17017,99.2186,1.20468,0.146912,0.0411353,0.123406,0.0587648,98.4251,FALSE
1771,"ARCHIE",16979,2.19043,56.2754,31.3682,1.79634,3.75169,2.75635,4.05206,TRUE
1772,"JOSELYN",16974,99.3223,13.827,4.64239,0.353482,2.51561,1.55532,77.1062,FALSE
1773,"DELORIS",16931,99.7696,53.1806,41.8581,0.856417,0.11222,2.20897,1.78371,FALSE
1774,"LOU",16916,64.7407,75.0355,10.1147,0.922204,6.05344,2.25822,5.61598,TRUE
1775,"CALI",16912,97.943,58.7689,16.6036,1.01703,1.74432,7.03051,14.8356,TRUE
1776,"CONCEPCION",16900,89.1355,0.804734,0.284024,0.0946746,9.02367,0.12426,89.6686,TRUE
1777,"LYRIC",16887,81.6895,29.0342,48.2797,1.0363,0.894179,10.8427,9.91295,FALSE
1778,"YAN",16856,71.3574,8.1158,0.800902,0.0237304,85.7973,0.450878,4.81134,TRUE
1778,"ZAYDEN",16856,1.01411,40.401,21.476,1.59587,2.36118,11.9542,22.2117,FALSE
1780,"AINSLEY",16854,95.8435,84.5259,3.83292,0.421265,1.19853,4.91278,5.10858,TRUE
1781,"ASPEN",16838,90.5084,76.5649,5.63606,1.56194,1.08089,7.02578,8.13042,TRUE
1782,"HAVEN",16827,81.0647,70.3393,8.72407,1.26582,2.10376,7.82671,9.7403,TRUE
1783,"AMOS",16826,0.374287,55.0339,30.1082,2.092,3.25686,2.81707,6.69202,TRUE
1784,"ARON",16764,2.4994,56.0785,9.38917,0.745645,3.71033,2.78573,27.2906,TRUE
1785,"DELBERT",16747,0.220948,81.4235,9.04043,3.48122,0.919568,2.85424,2.28101,TRUE
1786,"DERICK",16744,0.310652,43.0721,27.6278,1.08696,4.38963,3.82824,19.9952,TRUE
1787,"SVETLANA",16724,99.8744,95.8981,0.334848,0.0119589,1.51878,1.26764,0.968668,FALSE
1788,"CARROLL",16713,22.3771,85.4245,10.1657,0.58637,0.418836,2.27966,1.12487,TRUE
1789,"MACI",16675,99.7482,84.4858,4.21589,0.977511,0.497751,4.4078,5.41529,FALSE
1790,"KASSIDY",16648,98.2699,66.4464,16.3743,0.97309,2.20447,6.04277,7.95891,FALSE
1791,"MARIANNA",16630,99.8798,60.6073,4.8166,0.463019,1.31088,2.68791,30.1143,FALSE
1792,"CORTNEY",16607,87.5971,75.1731,16.7881,0.710544,0.451617,3.92606,2.95056,TRUE
1792,"GIA",16607,95.8931,42.8675,13.2715,0.572048,12.9885,6.16005,24.1404,TRUE
1794,"EARNEST",16569,0.80251,36.3933,56.9195,0.748386,0.730279,2.85473,2.35379,TRUE
1795,"SUZETTE",16526,99.879,56.3476,18.2682,0.956069,4.69563,3.02554,16.707,FALSE
1796,"AMIRA",16501,99.4545,35.6645,34.4828,0.721168,5.01182,9.48427,14.6355,TRUE
1797,"NYLA",16491,99.8242,17.8582,57.1342,0.757989,2.94706,8.68959,12.6129,FALSE
1798,"NATHANAEL",16479,0.260986,63.4262,9.56976,0.430851,3.44074,5.51004,17.6224,FALSE
1799,"MACK",16478,1.3233,60.0862,30.3253,0.782862,1.51111,3.5866,3.70797,TRUE
1800,"STEVIE",16473,57.0856,63.1336,20.0571,1.77867,0.886299,4.5529,9.59145,TRUE
1801,"RAELYNN",16460,99.8359,71.5674,8.226,1.50668,0.978129,7.21142,10.5103,FALSE
1802,"MA",16452,92.6201,6.35789,1.97544,0.0547046,17.2988,0.577437,73.7357,TRUE
1803,"ERVIN",16447,0.309899,49.5592,29.0083,1.72676,2.24965,1.75108,15.705,TRUE
1804,"MADILYN",16440,99.8297,80.6448,2.16545,0.717762,1.44161,5.05474,9.97567,FALSE
1805,"ERNESTINE",16432,99.7078,26.3936,58.8303,1.87439,0.797225,2.09956,10.0049,FALSE
1806,"ADELAIDE",16429,99.7992,81.344,4.44945,0.30434,1.6617,5.41116,6.82939,FALSE
1807,"JEN",16427,96.5492,77.3726,3.02551,0.474828,8.86954,2.39849,7.85901,TRUE
1808,"LATONYA",16400,99.8598,3,92.8659,0.554878,0.0670732,2.5061,1.0061,FALSE
1809,"ABBIE",16373,99.0101,83.1796,4.18372,0.708483,2.71789,2.91944,6.29084,FALSE
1809,"LILLIANA",16373,99.9083,43.2786,2.91333,0.79399,1.08105,6.10762,45.8254,FALSE
1811,"ARABELLA",16363,99.8594,55.7049,3.26957,0.843366,3.59347,8.2931,28.2955,FALSE
1812,"SELINA",16347,99.8532,28.2009,13.9414,1.05218,15.5931,3.81721,37.3952,TRUE
1813,"MACIE",16341,99.5531,84.7194,3.42084,0.795545,1.11988,4.46117,5.48314,TRUE
1814,"INEZ",16316,97.1693,36.0137,30.8715,1.34837,1.26256,1.96739,28.5364,TRUE
1815,"TANISHA",16310,99.8529,6.50521,73.0717,1.42857,6.52361,5.04598,7.42489,FALSE
1816,"PRINCE",16309,1.66247,4.34729,71.7763,0.472132,8.47998,5.11987,9.8044,TRUE
1817,"RICH",16274,0.515812,82.6963,3.84663,0.565319,4.80521,2.15067,5.93585,TRUE
1818,"NOREEN",16208,99.9013,80.195,4.83095,0.752715,9.15597,1.67201,3.39339,TRUE
1819,"JAYDA",16161,99.5237,29.2618,37.2873,1.0086,1.9182,13.1923,17.3318,FALSE
1820,"CORINA",16145,99.8761,31.1118,3.11552,1.0096,2.51471,2.31031,59.9381,TRUE
1821,"SUNNY",16124,66.253,43.5934,4.52741,1.51947,38.1295,4.21732,8.0129,TRUE
1822,"EVANGELINA",16117,99.8325,6.05572,0.694918,0.25439,3.2202,0.862443,88.9123,FALSE
1823,"LUCIANO",16067,0.485407,28.7982,1.81117,0.460571,1.70536,1.85473,65.37,TRUE
1824,"MONTE",16046,3.41539,76.6546,14.0907,1.67643,0.735386,3.4775,3.36532,TRUE
1825,"LADONNA",15996,99.925,65.4789,26.7879,2.03801,0.168792,3.95099,1.57539,FALSE
1826,"CURT",15989,0.106303,90.0932,4.22791,0.594158,1.06323,2.21402,1.80749,TRUE
1827,"KELLEN",15969,8.47373,75.9409,7.85271,0.857912,2.10408,7.21398,6.03043,TRUE
1828,"JAYME",15959,79.3546,79.6228,4.64941,1.19682,2.05527,4.22332,8.2524,TRUE
1829,"THEO",15945,5.83365,63.1295,11.5961,0.620884,5.53151,8.3349,10.7871,TRUE
1830,"ELLE",15937,99.4667,74.8384,5.41507,0.376482,4.53034,6.35628,8.4834,TRUE
1831,"KYLEIGH",15936,99.8368,74.7866,10.5108,1.22364,0.621235,6.91516,5.94252,FALSE
1832,"ROSALYN",15907,99.8805,42.8553,34.9154,0.798391,5.76476,2.93581,12.7302,FALSE
1833,"GERRY",15880,24.9638,71.0453,13.9295,0.824937,6.07053,2.17254,5.95718,TRUE
1833,"JOHAN",15880,2.73878,17.3111,4.23804,0.18262,5.61713,2.75189,69.8992,TRUE
1835,"ESTER",15876,98.7019,26.9022,12.5472,0.730663,12.8433,1.24087,45.7357,TRUE
1836,"PRECIOUS",15855,97.9323,5.02681,73.2892,1.52633,5.19079,4.44655,10.5203,TRUE
1837,"CARLO",15850,1.29403,41.8233,8.05678,0.29653,13.3186,1.72871,34.776,TRUE
1838,"KINLEY",15846,97.5191,87.4038,2.6442,0.896125,0.662628,4.88451,3.50877,TRUE
1839,"MELBA",15842,99.7666,59.0582,12.4353,0.67542,4.12827,1.78008,21.9227,FALSE
1840,"LONDYN",15819,97.7948,25.1849,58.0315,0.455149,0.455149,8.48347,7.38985,FALSE
1841,"SYLVESTER",15809,0.486972,16.9018,70.327,1.2398,1.65728,2.58713,7.28699,TRUE
1842,"DEIRDRE",15807,99.8798,74.1191,19.0865,0.518758,0.537736,2.98602,2.75195,FALSE
1843,"XIOMARA",15803,99.6646,1.66424,2.32234,0.126558,0.215149,0.525217,95.1465,FALSE
1844,"ANGELINE",15801,99.8292,45.7882,12.5941,1.63281,11.822,2.6454,25.5174,TRUE
1845,"TERRIE",15789,98.3214,78.3774,13.4017,0.931028,1.2667,3.4201,2.60308,FALSE
1846,"VALENTIN",15763,1.06599,17.8139,0.907188,0.152255,1.45911,0.323542,79.344,TRUE
1847,"MERLE",15759,36.5933,82.3974,7.57662,1.80849,3.92157,2.23999,2.05597,TRUE
1848,"RENATA",15738,99.7205,55.2739,10.5159,0.324056,1.4932,1.51226,30.8807,FALSE
1849,"ADELYN",15716,99.8346,74.4846,1.04352,0.362688,3.44871,5.14126,15.5192,FALSE
1850,"ROSEANN",15705,99.9172,84.7182,2.36867,0.61127,2.93537,1.22254,8.1439,FALSE
1851,"HORACE",15666,0.223457,43.387,49.8213,0.848972,1.45538,2.64267,1.84476,TRUE
1852,"HOLLIE",15634,97.4669,87.4952,3.96572,0.754765,1.07458,3.55635,3.15338,TRUE
1853,"DEVAN",15608,29.2625,63.948,13.4482,1.00589,5.13839,8.30343,8.15607,TRUE
1854,"GIDEON",15595,0.442393,68.5284,11.1831,0.69253,3.8538,7.43187,8.31036,TRUE
1855,"MARGOT",15543,99.8327,79.0517,2.13601,0.160844,1.21598,4.05327,13.3822,TRUE
1856,"SAMARA",15525,99.723,32.161,21.6747,0.824477,4.60548,8.25121,32.4831,TRUE
1857,"ALENA",15509,99.826,60.2811,8.11142,0.896254,6.60262,5.59675,18.5118,TRUE
1858,"THADDEUS",15505,0.24494,61.1932,27.2815,0.715898,1.54144,4.60497,4.66301,FALSE
1859,"JETT",15492,3.23476,73.6057,2.98864,1.40718,3.03382,8.43016,10.5345,TRUE
1860,"MARLIN",15481,20.2479,62.3539,14.0689,1.56967,1.02707,2.24146,18.7391,TRUE
1861,"MURIEL",15470,98.5592,74.0983,17.0653,0.917906,2.18487,1.88106,3.85262,TRUE
1862,"YONG",15443,42.8988,0.757625,0.15541,0.00647543,98.0897,0.744674,0.246066,TRUE
1863,"LAMONT",15432,0.427572,9.45438,82.2123,0.622084,0.343442,4.77579,2.59202,TRUE
1864,"SONNY",15428,5.71503,44.2961,7.81047,2.64454,20.223,4.45294,20.573,TRUE
1865,"CHARMAINE",15414,99.6042,32.1396,47.3855,1.42079,10.3802,4.48943,4.18451,FALSE
1866,"DANICA",15396,99.8571,62.9059,6.4887,1.20811,8.35931,6.76799,14.2699,FALSE
1867,"CARLEY",15394,98.4537,87.0924,3.1116,0.75354,0.682084,3.52085,4.83955,TRUE
1868,"STAN",15393,0.422462,81.667,7.43845,0.961476,4.89183,2.28026,2.761,TRUE
1869,"ESTRELLA",15379,99.7139,2.55543,0.63073,0.38364,12.6211,0.390142,83.4189,TRUE
1869,"GIOVANNA",15379,99.3499,50.8941,4.3761,0.227583,0.962351,2.82203,40.7179,FALSE
1871,"LESLY",15377,93.319,6.95194,6.21057,0.18209,0.884438,0.370683,85.4003,TRUE
1872,"MIREYA",15363,99.8178,2.35631,1.01543,0.182256,0.449131,0.520732,95.4761,FALSE
1873,"AMARA",15325,96.4507,34.46,24.7243,1.16803,6.323,14.571,18.7537,TRUE
1874,"KIERAN",15311,9.88501,73.8227,4.96375,0.698844,2.42309,11.5146,6.57697,TRUE
1875,"ELISSA",15308,99.8302,68.2846,5.06924,0.744709,3.08336,3.42958,19.3886,FALSE
1876,"BABY",15302,53.234,46.5887,16.7102,1.10443,8.73742,4.97974,21.8795,TRUE
1877,"ANAHI",15294,99.5752,1.33386,0.398849,0.104616,0.346541,0.111155,97.705,FALSE
1878,"INES",15283,93.5345,14.7811,2.68926,0.16358,1.76013,0.680495,79.9254,TRUE
1879,"TABATHA",15274,99.8887,74.2111,12.2037,0.91659,0.307712,4.69425,7.66662,FALSE
1880,"LENORA",15271,99.8494,54.9866,32.2769,2.79615,1.36861,3.56886,5.00295,FALSE
1881,"JANNA",15228,99.8292,82.1644,4.53113,0.768322,3.41476,3.88101,5.24035,FALSE
1882,"KOBE",15213,2.11031,31.2496,31.5059,2.26122,7.22408,13.8106,13.9486,TRUE
1883,"HANA",15212,99.2374,49.9014,11.0505,0.197213,20.635,12.6413,5.57455,TRUE
1883,"ORION",15212,3.14883,56.7447,8.49329,1.72232,3.81935,11.6487,17.5717,TRUE
1885,"BRYANNA",15181,99.7695,42.3161,17.1728,0.895857,1.30426,5.64521,32.6658,FALSE
1886,"ANIKA",15179,99.8419,32.4066,15.5083,0.566572,36.6559,7.04921,7.81343,FALSE
1887,"ANABEL",15171,99.6769,10.5992,0.830532,0.125239,2.55751,0.843715,85.0438,FALSE
1888,"ERMA",15165,99.6504,52.1398,31.3287,1.09463,1.91889,1.76063,11.7573,FALSE
1889,"YING",15164,85.3818,1.04194,0.30335,0.0263783,98.0612,0.323134,0.243999,TRUE
1890,"KARSON",15152,11.2973,70.0238,16.4863,0.93717,1.70275,6.3556,4.49446,TRUE
1891,"CHANEL",15135,98.85,17.5818,48.5828,0.865543,4.77701,7.54542,20.6475,TRUE
1892,"ADELINA",15131,99.7753,23.6072,1.7712,0.25114,6.76095,1.94964,65.6599,FALSE
1893,"STEPHANY",15118,99.6825,32.6697,6.5088,0.396878,2.24236,1.73965,56.4427,TRUE
1894,"FREDA",15116,99.8082,70.6933,20.7859,1.46203,1.92511,2.51389,2.61974,TRUE
1895,"NIKITA",15063,73.8634,38.8502,27.1062,0.776738,24.756,4.54757,3.96335,FALSE
1896,"NICO",15031,6.63428,49.5709,7.18515,0.731821,4.48407,7.97019,30.0579,TRUE
1897,"ARACELY",15011,99.7736,1.31237,0.173206,0.0866032,0.206515,0.0799414,98.1414,FALSE
1898,"ROSALBA",15005,99.78,3.43219,0.106631,0.0799733,0.0733089,0.05998,96.2479,FALSE
1899,"RODGER",14956,0.0936455,84.2672,7.02059,1.0698,1.2169,2.71463,3.71089,TRUE
1900,"RAYMUNDO",14950,0.240787,1.39799,0.247492,0.153846,4.18729,0.113712,93.8997,TRUE
1901,"TIMMY",14928,1.22564,68.8438,12.701,1.67471,10.1152,3.08816,3.57717,FALSE
1902,"BORIS",14926,0.482444,71.6401,6.78681,0.127295,1.87592,1.17245,18.3974,TRUE
1903,"DION",14898,7.58959,27.252,51.9533,2.59095,2.86616,6.23574,9.10189,TRUE
1904,"BROOK",14890,79.3553,81.7193,7.3002,1.07455,0.906649,3.97582,5.02351,TRUE
1905,"JANAE",14883,99.7245,31.0287,49.4322,0.772694,1.21615,6.70564,10.8446,FALSE
1906,"LOUIE",14881,2.37855,46.7442,4.81822,1.63967,9.11229,2.57375,35.1119,TRUE
1907,"VAUGHN",14854,4.79973,66.44,20.9439,1.10408,1.70998,5.21072,4.59136,TRUE
1908,"REF",14848,46.5373,52.7613,17.6051,0.963093,6.76185,2.17538,19.7333,TRUE
1909,"WILLA",14813,99.6421,73.4625,16.7758,0.688584,2.14676,4.49605,2.4303,FALSE
1910,"TESS",14809,99.6017,82.3148,3.22101,0.43217,4.75387,4.0786,5.19954,TRUE
1911,"MATIAS",14805,0.722534,8.19993,1.64134,0.276933,0.9051,0.668693,88.308,TRUE
1912,"VIVIENNE",14796,99.9392,65.8354,6.60314,0.297378,6.22466,8.31982,12.7197,FALSE
1913,"WILBERT",14758,0.345341,24.5087,53.0695,1.82952,2.66296,1.98536,15.9439,TRUE
1914,"MARIANO",14756,0.758962,6.47194,0.989428,0.325291,6.88533,0.65736,84.6706,TRUE
1915,"NICOLETTE",14751,99.8983,68.6869,8.80618,1.044,2.38628,5.15219,13.9245,TRUE
1916,"ABRAM",14744,0.203528,57.5488,6.12453,0.779978,1.70917,4.21188,29.6256,TRUE
1917,"JOELLE",14735,96.7952,67.5874,13.4985,0.658297,4.62844,5.24601,8.3814,FALSE
1918,"OTTO",14726,0.258187,67.1737,5.46652,0.529675,1.65014,3.4361,21.7439,TRUE
1919,"IRVING",14719,0.414487,34.8325,14.2537,0.692982,2.14009,1.17535,46.9054,TRUE
1920,"KIMBERLEE",14707,99.8232,81.9066,5.81356,0.768342,1.79506,4.29727,5.41919,FALSE
1921,"SAMIR",14676,1.10445,40.4402,17.7569,0.122649,24.8024,4.97411,11.9038,TRUE
1922,"DARIO",14675,0.306707,17.1857,4.59966,0.279387,1.91482,1.0494,74.971,TRUE
1923,"KENIA",14674,99.4823,2.50784,3.65272,0.0477034,0.177184,0.252147,93.3624,TRUE
1924,"LAN",14673,88.5512,2.39896,0.531589,0.0340762,95.3043,1.10407,0.627002,TRUE
1925,"KEENAN",14672,2.47343,47.9485,33.3492,2.14013,2.91712,8.64231,5.00273,TRUE
1926,"LI",14655,76.426,2.74309,0.593654,0.0204708,94.6844,0.83248,1.1259,TRUE
1927,"EFREN",14648,0.389371,1.33124,0.648553,0.143364,11.3736,0.279902,86.2234,FALSE
1928,"SCARLET",14629,99.7198,57.3792,2.43352,0.847631,2.38567,5.03794,31.9161,TRUE
1929,"ILIANA",14611,99.829,8.93163,1.45781,0.266922,0.759702,1.34146,87.2425,FALSE
1930,"LATISHA",14575,99.8559,17.3585,70.0309,1.94168,0.576329,4.61063,5.48199,FALSE
1931,"PIERCE",14543,2.21534,76.0022,7.16496,0.660111,2.16599,7.11683,6.88991,TRUE
1932,"HOMER",14531,0.371389,70.8416,13.9977,1.23873,2.90414,2.25036,8.76746,TRUE
1933,"MALINDA",14516,99.7865,73.4775,14.8457,1.04712,2.33535,3.41692,4.87738,FALSE
1934,"CRISTAL",14499,99.5655,14.2631,5.11759,0.331057,1.00007,1.04835,78.2399,TRUE
1935,"JAYLIN",14488,46.9727,17.8976,48.3918,0.773054,1.62203,7.57178,23.7438,FALSE
1936,"MAIA",14487,99.6619,49.1337,11.852,0.372748,5.85352,10.6302,22.1578,TRUE
1937,"JACKLYN",14485,99.7792,65.2261,6.37901,0.925095,4.50811,3.41042,19.5513,TRUE
1938,"ARMANI",14472,42.9982,5.57629,54.5744,0.497512,1.21614,7.25539,30.8803,TRUE
1939,"LAYNE",14465,28.214,88.6346,1.22364,1.0439,1.25821,3.81611,4.02351,TRUE
1940,"COHEN",14447,1.68154,85.5679,2.62338,0.622967,0.885997,5.08064,5.21908,TRUE
1941,"ROHAN",14443,0.75443,9.09783,16.077,0.332341,63.8372,7.91387,2.74181,TRUE
1942,"HOA",14415,66.5419,0.443982,0.110995,0,98.7374,0.49948,0.208117,TRUE
1943,"JUANCARLOS",14401,0.131944,1.24991,0.270815,0.0833275,1.28463,0.104159,97.0072,FALSE
1944,"LUCIANA",14389,99.6943,38.7727,5.89339,0.382236,2.55056,2.52971,49.8714,TRUE
1945,"LORRIE",14388,99.3055,85.5296,5.03197,1.00083,0.952182,3.30831,4.17709,FALSE
1946,"LEONOR",14382,98.6171,3.64344,0.458907,0.146016,4.7768,0.194688,90.7801,TRUE
1947,"NANETTE",14368,99.9443,75.1462,8.03174,0.74471,5.08073,2.53341,8.46325,FALSE
1948,"VALARIE",14351,99.8189,51.6201,28.0956,1.14975,1.38666,3.15657,14.5913,FALSE
1949,"KURTIS",14315,0.153653,82.4031,7.34893,0.908138,2.50786,3.8072,3.0248,TRUE
1950,"MYRTLE",14314,99.7347,64.161,29.6144,1.36929,1.20162,2.35434,1.29943,TRUE
1951,"LUANN",14309,99.8323,94.2973,0.838633,0.642952,1.0413,1.57943,1.60039,FALSE
1952,"PRINCESS",14306,99.6783,7.05298,65.2244,0.775898,9.67426,4.29191,12.9806,FALSE
1953,"ELISEO",14305,0.412357,1.89444,0.384481,0.230689,3.49528,0.195736,93.7994,TRUE
1954,"JIN",14298,47.9449,2.20311,0.447615,0.0349699,94.7405,1.54567,1.02812,TRUE
1955,"DUNG",14285,44.4095,0.560028,0.168008,0.0140007,98.3829,0.623031,0.252013,TRUE
1956,"KALEIGH",14271,99.8599,80.3588,7.78502,0.63065,0.875902,4.98213,5.36753,FALSE
1957,"ALEXUS",14267,98.1979,35.2842,36.616,0.876148,1.66819,8.26383,17.2917,FALSE
1958,"BRAYAN",14239,0.491608,3.64492,1.07451,0.168551,0.533745,0.217712,94.3606,FALSE
1959,"ENZO",14207,0.3449,43.4856,2.76624,0.380094,5.56064,6.23636,41.5711,FALSE
1960,"ELVIN",14194,1.21144,27.0819,13.9284,0.528392,5.37551,1.23996,51.8459,TRUE
1961,"MIRA",14192,99.4856,57.8565,4.15023,0.42982,20.42,9.58286,7.5606,TRUE
1962,"IGOR",14187,0.133992,93.0923,1.25467,0.0140974,0.754212,0.683725,4.20103,FALSE
1963,"EMORY",14171,41.3097,68.1744,17.6346,0.74095,1.45367,5.94877,6.04756,TRUE
1964,"SHAYNA",14160,99.9152,70.2684,11.363,1.15819,3.78531,6.29237,7.13277,FALSE
1965,"KARYN",14141,99.8303,83.6079,7.22721,0.367725,2.12149,2.53872,4.13691,FALSE
1966,"ASA",14130,11.0505,65.6051,15.7113,1.44374,2.56192,8.09625,6.58174,TRUE
1967,"EDGARDO",14116,0.127605,1.28223,0.37546,0.0637574,20.452,0.240861,77.5857,FALSE
1968,"AURELIA",14112,99.6527,30.8177,6.83107,1.31094,5.10204,3.55017,52.388,TRUE
1969,"ULISES",14109,0.354233,1.3254,0.248069,0.0637891,0.106315,0.0637891,98.1926,FALSE
1970,"SHARRON",14103,98.2409,70.212,23.5482,0.907608,0.794157,2.87173,1.66631,TRUE
1971,"BENITA",14083,99.7586,27.6504,28.6232,0.859192,5.16935,1.91721,35.7807,FALSE
1972,"AMERICA",14063,99.2458,5.60336,2.1617,0.213326,0.490649,0.739529,90.7914,TRUE
1973,"CLAUDIO",14062,1.08085,20.2389,2.05518,0.199118,1.8774,0.554686,75.0747,TRUE
1974,"CHARLEY",14043,54.6834,73.7948,8.84426,1.80873,2.884,5.09863,7.56961,TRUE
1975,"MAXIMILIANO",14027,0.220971,3.60733,0.256648,0.0712911,0.356455,0.142582,95.5657,TRUE
1976,"NIGEL",14012,0.992574,30.0742,52.0126,0.856409,4.4676,6.27319,6.31601,FALSE
1977,"LEXIE",14010,98.4941,71.2277,3.53319,1.05639,2.28408,4.27552,17.6231,FALSE
1978,"GUILLERMINA",13990,99.6927,0.657613,0.128663,0.0214439,0.31451,0.0428878,98.8349,FALSE
1979,"ESTELLE",13988,99.7425,66.65,17.7581,0.850729,3.35287,4.02488,7.36345,TRUE
1980,"LILAH",13983,99.8999,72.9386,2.41722,0.572123,1.56619,6.80112,15.7048,FALSE
1981,"MARCIE",13965,99.6206,83.0218,6.12245,0.930899,1.24597,2.69961,5.97923,FALSE
1982,"MAEVE",13961,99.8065,90.7743,0.630327,0.121768,0.938328,4.03266,3.50261,FALSE
1983,"BART",13949,0.164815,91.046,1.84959,0.745573,1.40512,2.1722,2.78156,TRUE
1984,"ADRIEL",13938,6.50412,7.67685,7.72708,0.423303,3.83125,1.88693,78.4546,FALSE
1985,"ROSANNA",13915,99.8994,48.2716,4.57779,1.14265,8.64535,1.94754,35.415,FALSE
1986,"SHAY",13896,67.0242,68.0771,16.1341,1.44646,3.39666,5.4692,5.4764,TRUE
1987,"JOURNEY",13880,91.0001,36.585,40.1441,1.81556,1.5634,9.67579,10.2161,TRUE
1988,"ADDIE",13877,98.4649,65.5041,24.5226,0.843122,1.33314,3.45896,4.33811,TRUE
1989,"ADDYSON",13875,99.5387,82.6595,3.74775,0.706306,0.663063,4.85766,7.36577,FALSE
1990,"MISAEL",13845,0.801791,1.52402,0.657277,0.130011,0.548935,0.115565,97.0242,FALSE
1991,"MATILDA",13833,99.7543,58.2086,13.9666,2.29885,2.6097,3.81696,19.0993,FALSE
1992,"BRAYLON",13829,1.32321,37.5081,42.2373,1.14253,0.607419,12.105,6.3996,FALSE
1993,"GUNNAR",13797,0.325969,87.7655,0.768283,0.695803,0.398637,5.08806,5.28376,FALSE
1994,"BRICE",13767,3.15453,76.1313,12.5881,1.0024,1.35106,4.84492,4.08223,TRUE
1995,"FAY",13766,95.1143,71.6257,15.8289,0.64652,7.16257,2.25919,2.47712,TRUE
1996,"REBA",13764,99.8111,82.0837,10.6074,1.20604,1.40221,3.02238,1.67829,TRUE
1997,"BRIGITTE",13755,99.9273,71.2904,9.46565,0.341694,2.21011,2.63904,14.0531,FALSE
1998,"ASTRID",13748,99.4401,33.0957,3.17137,0.181845,2.34216,2.8586,58.3503,FALSE
1999,"NATALY",13725,99.7815,10.1931,0.867031,0.138434,1.02732,0.553734,87.2204,FALSE
2000,"TUAN",13721,1.91705,1.07864,0.626776,0.0291524,93.0836,1.08593,4.09591,TRUE
